ISO-10303-21;
HEADER;
/* Generated by software containing ST-Developer
 * from STEP Tools, Inc. (www.steptools.com) 
 */

FILE_DESCRIPTION(
/* description */ ('model of CP_Elec_8x10.5'),
/* implementation_level */ '2;1');

FILE_NAME(
/* name */ 'CP_Polymer_8x11.7 v4.step',
/* time_stamp */ '2025-10-19T12:05:39+02:00',
/* author */ (''),
/* organization */ (''),
/* preprocessor_version */ 'ST-DEVELOPER v20.1',
/* originating_system */ 'Autodesk Translation Framework v14.17.0.0',
/* authorisation */ '');

FILE_SCHEMA (('AUTOMOTIVE_DESIGN { 1 0 10303 214 3 1 1 }'));
ENDSEC;

DATA;
#10=MECHANICAL_DESIGN_GEOMETRIC_PRESENTATION_REPRESENTATION('',(#1008,#1009,
#1010,#1011,#1012,#1013,#1014,#1015,#1016,#1017,#1018,#1019,#1020,#1021,
#1022,#1023,#1024,#1025,#1026,#1027,#1028,#1029,#1030,#1031,#1032,#1033,
#1034,#1035,#1036,#1037,#1038,#1039,#1040,#1041,#1042,#1043,#1044,#1045,
#1046,#1047,#1048,#1049,#1050,#1051,#1052,#1053,#1054,#1055,#1056,#1057,
#1058,#1059,#1060,#1061,#1062,#1063,#1064,#1065,#1066,#1067,#1068),#2068);
#11=SHAPE_REPRESENTATION_RELATIONSHIP('SRR','None',#2075,#12);
#12=ADVANCED_BREP_SHAPE_REPRESENTATION('',(#13,#14,#15,#16,#17),#2067);
#13=MANIFOLD_SOLID_BREP('Body1',#1133);
#14=MANIFOLD_SOLID_BREP('Body2',#1134);
#15=MANIFOLD_SOLID_BREP('Body3',#1135);
#16=MANIFOLD_SOLID_BREP('Body4',#1136);
#17=MANIFOLD_SOLID_BREP('Body5',#1137);
#18=FACE_BOUND('',#370,.T.);
#19=(
BOUNDED_CURVE()
B_SPLINE_CURVE(13,(#1793,#1794,#1795,#1796,#1797,#1798,#1799,#1800,#1801,
#1802,#1803,#1804,#1805,#1806),.UNSPECIFIED.,.T.,.F.)
B_SPLINE_CURVE_WITH_KNOTS((14,14),(4.970488814277E-16,25.132741228718),
 .UNSPECIFIED.)
CURVE()
GEOMETRIC_REPRESENTATION_ITEM()
RATIONAL_B_SPLINE_CURVE((1.,1.,1.000000000001,0.999999999997,1.000000000006,
0.999999999991,1.000000000009,0.999999999992,1.000000000006,0.999999999996,
1.000000000002,0.999999999999,1.,1.))
REPRESENTATION_ITEM('')
);
#20=(
BOUNDED_CURVE()
B_SPLINE_CURVE(13,(#1850,#1851,#1852,#1853,#1854,#1855,#1856,#1857,#1858,
#1859,#1860,#1861,#1862,#1863),.UNSPECIFIED.,.T.,.F.)
B_SPLINE_CURVE_WITH_KNOTS((14,14),(4.970488814277E-16,25.132741228718),
 .UNSPECIFIED.)
CURVE()
GEOMETRIC_REPRESENTATION_ITEM()
RATIONAL_B_SPLINE_CURVE((1.,1.,1.000000000001,0.999999999997,1.000000000006,
0.999999999991,1.000000000009,0.999999999992,1.000000000006,0.999999999996,
1.000000000002,0.999999999999,1.,1.))
REPRESENTATION_ITEM('')
);
#21=(
BOUNDED_SURFACE()
B_SPLINE_SURFACE(2,13,((#1749,#1750,#1751,#1752,#1753,#1754,#1755,#1756,
#1757,#1758,#1759,#1760,#1761,#1762),(#1763,#1764,#1765,#1766,#1767,#1768,
#1769,#1770,#1771,#1772,#1773,#1774,#1775,#1776),(#1777,#1778,#1779,#1780,
#1781,#1782,#1783,#1784,#1785,#1786,#1787,#1788,#1789,#1790)),
 .UNSPECIFIED.,.F.,.T.,.F.)
B_SPLINE_SURFACE_WITH_KNOTS((3,3),(14,14),(0.,25.132741228718),(4.970488814277E-16,
25.132741228718),.UNSPECIFIED.)
GEOMETRIC_REPRESENTATION_ITEM()
RATIONAL_B_SPLINE_SURFACE(((1.,1.,1.,1.,1.,1.,1.,1.,1.,1.,1.,1.,1.,1.),
(0.738548945876,0.738548945876,0.738548945877,0.738548945873,0.738548945882,
0.738548945867,0.738548945886,0.738548945867,0.738548945883,0.738548945872,
0.738548945878,0.738548945875,0.738548945876,0.738548945876),(1.,1.,1.,
1.,1.,1.,1.,1.,1.,1.,1.,1.,1.,1.)))
REPRESENTATION_ITEM('')
SURFACE()
);
#22=(
BOUNDED_SURFACE()
B_SPLINE_SURFACE(2,13,((#1870,#1871,#1872,#1873,#1874,#1875,#1876,#1877,
#1878,#1879,#1880,#1881,#1882,#1883),(#1884,#1885,#1886,#1887,#1888,#1889,
#1890,#1891,#1892,#1893,#1894,#1895,#1896,#1897),(#1898,#1899,#1900,#1901,
#1902,#1903,#1904,#1905,#1906,#1907,#1908,#1909,#1910,#1911)),
 .UNSPECIFIED.,.F.,.T.,.F.)
B_SPLINE_SURFACE_WITH_KNOTS((3,3),(14,14),(0.,25.132741228718),(4.970488814277E-16,
25.132741228718),.UNSPECIFIED.)
GEOMETRIC_REPRESENTATION_ITEM()
RATIONAL_B_SPLINE_SURFACE(((1.,1.,1.,1.,1.,1.,1.,1.,1.,1.,1.,1.,1.,1.),
(0.738548945876,0.738548945876,0.738548945877,0.738548945874,0.73854894588,
0.73854894587,0.738548945882,0.738548945871,0.738548945879,0.738548945874,
0.738548945877,0.738548945876,0.738548945876,0.738548945876),(1.,1.,1.,
1.,1.,1.,1.,1.,1.,1.,1.,1.,1.,1.)))
REPRESENTATION_ITEM('')
SURFACE()
);
#23=CYLINDRICAL_SURFACE('',#1160,4.);
#24=CYLINDRICAL_SURFACE('',#1170,0.325);
#25=CYLINDRICAL_SURFACE('',#1174,0.325);
#26=CYLINDRICAL_SURFACE('',#1186,4.2);
#27=CYLINDRICAL_SURFACE('',#1189,4.2);
#28=CYLINDRICAL_SURFACE('',#1191,4.2);
#29=CYLINDRICAL_SURFACE('',#1194,4.2);
#30=CYLINDRICAL_SURFACE('',#1207,4.);
#31=CYLINDRICAL_SURFACE('',#1220,5.);
#32=CYLINDRICAL_SURFACE('',#1221,5.);
#33=CYLINDRICAL_SURFACE('',#1222,5.);
#34=CYLINDRICAL_SURFACE('',#1223,5.);
#35=CYLINDRICAL_SURFACE('',#1224,5.);
#36=CYLINDRICAL_SURFACE('',#1235,0.4);
#37=CYLINDRICAL_SURFACE('',#1241,5.);
#38=CYLINDRICAL_SURFACE('',#1242,5.);
#39=CYLINDRICAL_SURFACE('',#1251,0.4);
#40=CYLINDRICAL_SURFACE('',#1252,5.);
#41=LINE('',#1661,#140);
#42=LINE('',#1665,#141);
#43=LINE('',#1672,#142);
#44=LINE('',#1674,#143);
#45=LINE('',#1677,#144);
#46=LINE('',#1681,#145);
#47=LINE('',#1683,#146);
#48=LINE('',#1686,#147);
#49=LINE('',#1689,#148);
#50=LINE('',#1691,#149);
#51=LINE('',#1692,#150);
#52=LINE('',#1695,#151);
#53=LINE('',#1697,#152);
#54=LINE('',#1698,#153);
#55=LINE('',#1701,#154);
#56=LINE('',#1703,#155);
#57=LINE('',#1704,#156);
#58=LINE('',#1707,#157);
#59=LINE('',#1711,#158);
#60=LINE('',#1712,#159);
#61=LINE('',#1715,#160);
#62=LINE('',#1717,#161);
#63=LINE('',#1718,#162);
#64=LINE('',#1721,#163);
#65=LINE('',#1725,#164);
#66=LINE('',#1726,#165);
#67=LINE('',#1728,#166);
#68=LINE('',#1734,#167);
#69=LINE('',#1737,#168);
#70=LINE('',#1743,#169);
#71=LINE('',#1746,#170);
#72=LINE('',#1748,#171);
#73=LINE('',#1812,#172);
#74=LINE('',#1815,#173);
#75=LINE('',#1818,#174);
#76=LINE('',#1821,#175);
#77=LINE('',#1827,#176);
#78=LINE('',#1830,#177);
#79=LINE('',#1833,#178);
#80=LINE('',#1836,#179);
#81=LINE('',#1839,#180);
#82=LINE('',#1840,#181);
#83=LINE('',#1842,#182);
#84=LINE('',#1844,#183);
#85=LINE('',#1845,#184);
#86=LINE('',#1846,#185);
#87=LINE('',#1865,#186);
#88=LINE('',#1866,#187);
#89=LINE('',#1867,#188);
#90=LINE('',#1922,#189);
#91=LINE('',#1925,#190);
#92=LINE('',#1927,#191);
#93=LINE('',#1929,#192);
#94=LINE('',#1930,#193);
#95=LINE('',#1931,#194);
#96=LINE('',#1936,#195);
#97=LINE('',#1941,#196);
#98=LINE('',#1945,#197);
#99=LINE('',#1947,#198);
#100=LINE('',#1948,#199);
#101=LINE('',#1949,#200);
#102=LINE('',#1953,#201);
#103=LINE('',#1954,#202);
#104=LINE('',#1964,#203);
#105=LINE('',#1968,#204);
#106=LINE('',#1972,#205);
#107=LINE('',#1974,#206);
#108=LINE('',#1975,#207);
#109=LINE('',#1978,#208);
#110=LINE('',#1979,#209);
#111=LINE('',#1982,#210);
#112=LINE('',#1983,#211);
#113=LINE('',#1985,#212);
#114=LINE('',#1992,#213);
#115=LINE('',#1995,#214);
#116=LINE('',#2000,#215);
#117=LINE('',#2001,#216);
#118=LINE('',#2004,#217);
#119=LINE('',#2005,#218);
#120=LINE('',#2009,#219);
#121=LINE('',#2011,#220);
#122=LINE('',#2016,#221);
#123=LINE('',#2020,#222);
#124=LINE('',#2024,#223);
#125=LINE('',#2026,#224);
#126=LINE('',#2027,#225);
#127=LINE('',#2030,#226);
#128=LINE('',#2035,#227);
#129=LINE('',#2037,#228);
#130=LINE('',#2042,#229);
#131=LINE('',#2046,#230);
#132=LINE('',#2050,#231);
#133=LINE('',#2052,#232);
#134=LINE('',#2053,#233);
#135=LINE('',#2056,#234);
#136=LINE('',#2057,#235);
#137=LINE('',#2060,#236);
#138=LINE('',#2061,#237);
#139=LINE('',#2063,#238);
#140=VECTOR('',#1278,1.);
#141=VECTOR('',#1283,4.);
#142=VECTOR('',#1290,1.);
#143=VECTOR('',#1291,1.);
#144=VECTOR('',#1294,1.);
#145=VECTOR('',#1297,1.);
#146=VECTOR('',#1298,1.);
#147=VECTOR('',#1301,1.);
#148=VECTOR('',#1304,1.);
#149=VECTOR('',#1305,1.);
#150=VECTOR('',#1306,1.);
#151=VECTOR('',#1309,1.);
#152=VECTOR('',#1310,1.);
#153=VECTOR('',#1311,1.);
#154=VECTOR('',#1314,1.);
#155=VECTOR('',#1315,1.);
#156=VECTOR('',#1316,1.);
#157=VECTOR('',#1319,1.);
#158=VECTOR('',#1324,1.);
#159=VECTOR('',#1325,1.);
#160=VECTOR('',#1328,1.);
#161=VECTOR('',#1329,1.);
#162=VECTOR('',#1330,1.);
#163=VECTOR('',#1333,1.);
#164=VECTOR('',#1338,1.);
#165=VECTOR('',#1339,1.);
#166=VECTOR('',#1342,1.);
#167=VECTOR('',#1347,1.);
#168=VECTOR('',#1350,1.);
#169=VECTOR('',#1355,1.);
#170=VECTOR('',#1358,1.);
#171=VECTOR('',#1361,1.);
#172=VECTOR('',#1368,1.);
#173=VECTOR('',#1371,1.);
#174=VECTOR('',#1374,1.);
#175=VECTOR('',#1377,1.);
#176=VECTOR('',#1382,1.);
#177=VECTOR('',#1385,1.);
#178=VECTOR('',#1388,1.);
#179=VECTOR('',#1391,1.);
#180=VECTOR('',#1394,10.);
#181=VECTOR('',#1395,1.);
#182=VECTOR('',#1396,1.);
#183=VECTOR('',#1397,10.);
#184=VECTOR('',#1398,1.);
#185=VECTOR('',#1399,1.);
#186=VECTOR('',#1406,1.);
#187=VECTOR('',#1407,1.);
#188=VECTOR('',#1408,1.);
#189=VECTOR('',#1425,4.);
#190=VECTOR('',#1428,10.);
#191=VECTOR('',#1429,1.);
#192=VECTOR('',#1430,10.);
#193=VECTOR('',#1431,1.);
#194=VECTOR('',#1432,1.);
#195=VECTOR('',#1437,1.);
#196=VECTOR('',#1442,1.);
#197=VECTOR('',#1447,10.);
#198=VECTOR('',#1448,10.);
#199=VECTOR('',#1449,1.);
#200=VECTOR('',#1450,1.);
#201=VECTOR('',#1457,10.);
#202=VECTOR('',#1458,10.);
#203=VECTOR('',#1473,10.);
#204=VECTOR('',#1476,10.);
#205=VECTOR('',#1481,1.);
#206=VECTOR('',#1482,1.);
#207=VECTOR('',#1483,1.);
#208=VECTOR('',#1486,1.);
#209=VECTOR('',#1487,1.00000000000064);
#210=VECTOR('',#1490,1.);
#211=VECTOR('',#1491,1.);
#212=VECTOR('',#1494,1.00000000000064);
#213=VECTOR('',#1501,1.);
#214=VECTOR('',#1504,1.);
#215=VECTOR('',#1509,1.);
#216=VECTOR('',#1510,1.);
#217=VECTOR('',#1513,10.);
#218=VECTOR('',#1514,1.);
#219=VECTOR('',#1519,1.);
#220=VECTOR('',#1522,10.);
#221=VECTOR('',#1527,10.);
#222=VECTOR('',#1530,10.);
#223=VECTOR('',#1535,1.);
#224=VECTOR('',#1536,1.);
#225=VECTOR('',#1537,1.);
#226=VECTOR('',#1540,1.);
#227=VECTOR('',#1547,1.);
#228=VECTOR('',#1550,1.);
#229=VECTOR('',#1555,10.);
#230=VECTOR('',#1558,10.);
#231=VECTOR('',#1563,1.);
#232=VECTOR('',#1564,1.00000000000064);
#233=VECTOR('',#1565,1.);
#234=VECTOR('',#1568,1.);
#235=VECTOR('',#1569,1.);
#236=VECTOR('',#1572,1.);
#237=VECTOR('',#1573,1.);
#238=VECTOR('',#1576,1.00000000000064);
#239=PLANE('',#1158);
#240=PLANE('',#1159);
#241=PLANE('',#1163);
#242=PLANE('',#1165);
#243=PLANE('',#1167);
#244=PLANE('',#1168);
#245=PLANE('',#1169);
#246=PLANE('',#1172);
#247=PLANE('',#1173);
#248=PLANE('',#1176);
#249=PLANE('',#1177);
#250=PLANE('',#1178);
#251=PLANE('',#1181);
#252=PLANE('',#1184);
#253=PLANE('',#1196);
#254=PLANE('',#1199);
#255=PLANE('',#1208);
#256=PLANE('',#1209);
#257=PLANE('',#1214);
#258=PLANE('',#1215);
#259=PLANE('',#1217);
#260=PLANE('',#1218);
#261=PLANE('',#1227);
#262=PLANE('',#1228);
#263=PLANE('',#1229);
#264=PLANE('',#1230);
#265=PLANE('',#1231);
#266=PLANE('',#1232);
#267=PLANE('',#1237);
#268=PLANE('',#1238);
#269=PLANE('',#1240);
#270=PLANE('',#1245);
#271=PLANE('',#1246);
#272=PLANE('',#1248);
#273=PLANE('',#1250);
#274=PLANE('',#1255);
#275=PLANE('',#1256);
#276=PLANE('',#1257);
#277=PLANE('',#1258);
#278=PLANE('',#1259);
#279=FACE_OUTER_BOUND('',#343,.T.);
#280=FACE_OUTER_BOUND('',#344,.T.);
#281=FACE_OUTER_BOUND('',#345,.T.);
#282=FACE_OUTER_BOUND('',#346,.T.);
#283=FACE_OUTER_BOUND('',#347,.T.);
#284=FACE_OUTER_BOUND('',#348,.T.);
#285=FACE_OUTER_BOUND('',#349,.T.);
#286=FACE_OUTER_BOUND('',#350,.T.);
#287=FACE_OUTER_BOUND('',#351,.T.);
#288=FACE_OUTER_BOUND('',#352,.T.);
#289=FACE_OUTER_BOUND('',#353,.T.);
#290=FACE_OUTER_BOUND('',#354,.T.);
#291=FACE_OUTER_BOUND('',#355,.T.);
#292=FACE_OUTER_BOUND('',#356,.T.);
#293=FACE_OUTER_BOUND('',#357,.T.);
#294=FACE_OUTER_BOUND('',#358,.T.);
#295=FACE_OUTER_BOUND('',#359,.T.);
#296=FACE_OUTER_BOUND('',#360,.T.);
#297=FACE_OUTER_BOUND('',#361,.T.);
#298=FACE_OUTER_BOUND('',#362,.T.);
#299=FACE_OUTER_BOUND('',#363,.T.);
#300=FACE_OUTER_BOUND('',#364,.T.);
#301=FACE_OUTER_BOUND('',#365,.T.);
#302=FACE_OUTER_BOUND('',#366,.T.);
#303=FACE_OUTER_BOUND('',#367,.T.);
#304=FACE_OUTER_BOUND('',#368,.T.);
#305=FACE_OUTER_BOUND('',#369,.T.);
#306=FACE_OUTER_BOUND('',#371,.T.);
#307=FACE_OUTER_BOUND('',#372,.T.);
#308=FACE_OUTER_BOUND('',#373,.T.);
#309=FACE_OUTER_BOUND('',#374,.T.);
#310=FACE_OUTER_BOUND('',#375,.T.);
#311=FACE_OUTER_BOUND('',#376,.T.);
#312=FACE_OUTER_BOUND('',#377,.T.);
#313=FACE_OUTER_BOUND('',#378,.T.);
#314=FACE_OUTER_BOUND('',#379,.T.);
#315=FACE_OUTER_BOUND('',#380,.T.);
#316=FACE_OUTER_BOUND('',#381,.T.);
#317=FACE_OUTER_BOUND('',#382,.T.);
#318=FACE_OUTER_BOUND('',#383,.T.);
#319=FACE_OUTER_BOUND('',#384,.T.);
#320=FACE_OUTER_BOUND('',#385,.T.);
#321=FACE_OUTER_BOUND('',#386,.T.);
#322=FACE_OUTER_BOUND('',#387,.T.);
#323=FACE_OUTER_BOUND('',#388,.T.);
#324=FACE_OUTER_BOUND('',#389,.T.);
#325=FACE_OUTER_BOUND('',#390,.T.);
#326=FACE_OUTER_BOUND('',#391,.T.);
#327=FACE_OUTER_BOUND('',#392,.T.);
#328=FACE_OUTER_BOUND('',#393,.T.);
#329=FACE_OUTER_BOUND('',#394,.T.);
#330=FACE_OUTER_BOUND('',#395,.T.);
#331=FACE_OUTER_BOUND('',#396,.T.);
#332=FACE_OUTER_BOUND('',#397,.T.);
#333=FACE_OUTER_BOUND('',#398,.T.);
#334=FACE_OUTER_BOUND('',#399,.T.);
#335=FACE_OUTER_BOUND('',#400,.T.);
#336=FACE_OUTER_BOUND('',#401,.T.);
#337=FACE_OUTER_BOUND('',#402,.T.);
#338=FACE_OUTER_BOUND('',#403,.T.);
#339=FACE_OUTER_BOUND('',#404,.T.);
#340=FACE_OUTER_BOUND('',#405,.T.);
#341=FACE_OUTER_BOUND('',#406,.T.);
#342=FACE_OUTER_BOUND('',#407,.T.);
#343=EDGE_LOOP('',(#704,#705,#706,#707));
#344=EDGE_LOOP('',(#708,#709,#710,#711,#712));
#345=EDGE_LOOP('',(#713,#714));
#346=EDGE_LOOP('',(#715,#716));
#347=EDGE_LOOP('',(#717,#718,#719,#720,#721,#722,#723));
#348=EDGE_LOOP('',(#724,#725,#726,#727));
#349=EDGE_LOOP('',(#728,#729,#730,#731));
#350=EDGE_LOOP('',(#732,#733,#734,#735));
#351=EDGE_LOOP('',(#736,#737,#738,#739));
#352=EDGE_LOOP('',(#740,#741,#742,#743,#744));
#353=EDGE_LOOP('',(#745,#746,#747,#748));
#354=EDGE_LOOP('',(#749,#750,#751,#752,#753));
#355=EDGE_LOOP('',(#754,#755,#756,#757,#758));
#356=EDGE_LOOP('',(#759,#760,#761,#762));
#357=EDGE_LOOP('',(#763,#764,#765,#766,#767));
#358=EDGE_LOOP('',(#768,#769,#770,#771));
#359=EDGE_LOOP('',(#772,#773,#774,#775));
#360=EDGE_LOOP('',(#776,#777,#778,#779));
#361=EDGE_LOOP('',(#780,#781,#782,#783));
#362=EDGE_LOOP('',(#784,#785,#786,#787,#788));
#363=EDGE_LOOP('',(#789,#790,#791,#792));
#364=EDGE_LOOP('',(#793,#794,#795,#796));
#365=EDGE_LOOP('',(#797,#798,#799,#800));
#366=EDGE_LOOP('',(#801,#802,#803,#804));
#367=EDGE_LOOP('',(#805,#806,#807,#808,#809,#810,#811,#812,#813,#814));
#368=EDGE_LOOP('',(#815,#816,#817,#818));
#369=EDGE_LOOP('',(#819,#820,#821,#822,#823,#824,#825,#826));
#370=EDGE_LOOP('',(#827));
#371=EDGE_LOOP('',(#828,#829,#830,#831,#832));
#372=EDGE_LOOP('',(#833,#834,#835,#836));
#373=EDGE_LOOP('',(#837,#838,#839,#840,#841));
#374=EDGE_LOOP('',(#842,#843,#844,#845,#846,#847,#848,#849,#850,#851));
#375=EDGE_LOOP('',(#852,#853,#854,#855,#856,#857,#858,#859,#860,#861,#862,
#863,#864,#865,#866,#867));
#376=EDGE_LOOP('',(#868,#869,#870,#871,#872,#873,#874,#875));
#377=EDGE_LOOP('',(#876,#877,#878,#879));
#378=EDGE_LOOP('',(#880,#881,#882,#883,#884,#885,#886,#887));
#379=EDGE_LOOP('',(#888,#889,#890,#891));
#380=EDGE_LOOP('',(#892,#893,#894,#895));
#381=EDGE_LOOP('',(#896,#897,#898,#899));
#382=EDGE_LOOP('',(#900,#901,#902,#903));
#383=EDGE_LOOP('',(#904,#905,#906,#907));
#384=EDGE_LOOP('',(#908,#909,#910,#911));
#385=EDGE_LOOP('',(#912,#913,#914,#915));
#386=EDGE_LOOP('',(#916,#917,#918,#919));
#387=EDGE_LOOP('',(#920,#921,#922,#923));
#388=EDGE_LOOP('',(#924,#925,#926,#927));
#389=EDGE_LOOP('',(#928,#929,#930,#931));
#390=EDGE_LOOP('',(#932,#933,#934,#935));
#391=EDGE_LOOP('',(#936,#937,#938,#939));
#392=EDGE_LOOP('',(#940,#941,#942,#943));
#393=EDGE_LOOP('',(#944,#945,#946,#947));
#394=EDGE_LOOP('',(#948,#949,#950,#951));
#395=EDGE_LOOP('',(#952,#953,#954,#955));
#396=EDGE_LOOP('',(#956,#957,#958,#959));
#397=EDGE_LOOP('',(#960,#961,#962,#963));
#398=EDGE_LOOP('',(#964,#965,#966,#967));
#399=EDGE_LOOP('',(#968,#969,#970,#971));
#400=EDGE_LOOP('',(#972,#973,#974,#975));
#401=EDGE_LOOP('',(#976,#977,#978,#979));
#402=EDGE_LOOP('',(#980,#981,#982,#983));
#403=EDGE_LOOP('',(#984,#985,#986,#987));
#404=EDGE_LOOP('',(#988,#989,#990,#991));
#405=EDGE_LOOP('',(#992,#993,#994,#995));
#406=EDGE_LOOP('',(#996,#997,#998,#999));
#407=EDGE_LOOP('',(#1000,#1001,#1002,#1003));
#408=B_SPLINE_CURVE_WITH_KNOTS('',3,(#1585,#1586,#1587,#1588,#1589,#1590,
#1591,#1592,#1593,#1594,#1595,#1596,#1597,#1598,#1599,#1600,#1601,#1602,
#1603,#1604,#1605,#1606,#1607,#1608,#1609,#1610,#1611,#1612,#1613,#1614,
#1615,#1616,#1617,#1618),.UNSPECIFIED.,.F.,.F.,(4,3,3,3,3,3,3,3,3,3,3,4),
(0.,0.095349750236773,0.190720883978742,0.286211702610114,0.297890205936,
0.395310627129796,0.495748618957398,0.596186610785,0.69722552193762,0.798255742064485,
0.899321050434189,1.),.UNSPECIFIED.);
#409=B_SPLINE_CURVE_WITH_KNOTS('',3,(#1621,#1622,#1623,#1624,#1625,#1626,
#1627,#1628,#1629,#1630,#1631,#1632,#1633,#1634,#1635,#1636,#1637,#1638,
#1639,#1640,#1641,#1642,#1643,#1644,#1645,#1646,#1647,#1648,#1649,#1650,
#1651,#1652,#1653,#1654),.UNSPECIFIED.,.F.,.F.,(4,3,3,3,3,3,3,3,3,3,3,4),
(0.,0.0953497502514628,0.190720884007668,0.286211702653225,0.297890205938,
0.395310627191367,0.495748618988684,0.596186610786,0.697225521963343,0.798255742115958,
0.89932105051137,1.),.UNSPECIFIED.);
#410=CIRCLE('',#1152,3.466666666667);
#411=CIRCLE('',#1153,4.);
#412=CIRCLE('',#1155,3.466666666667);
#413=CIRCLE('',#1156,4.);
#414=CIRCLE('',#1157,4.);
#415=CIRCLE('',#1161,4.);
#416=CIRCLE('',#1162,4.);
#417=CIRCLE('',#1164,0.325);
#418=CIRCLE('',#1166,0.325);
#419=CIRCLE('',#1171,0.325);
#420=CIRCLE('',#1175,0.325);
#421=CIRCLE('',#1179,5.);
#422=CIRCLE('',#1180,4.2);
#423=CIRCLE('',#1182,5.);
#424=CIRCLE('',#1183,4.2);
#425=CIRCLE('',#1185,0.039999999999184);
#426=CIRCLE('',#1187,4.2);
#427=CIRCLE('',#1188,4.2);
#428=CIRCLE('',#1190,4.2);
#429=CIRCLE('',#1192,4.2);
#430=CIRCLE('',#1193,4.2);
#431=CIRCLE('',#1195,4.2);
#432=CIRCLE('',#1198,0.4);
#433=CIRCLE('',#1200,3.466666666667);
#434=CIRCLE('',#1201,0.0399999999944149);
#435=CIRCLE('',#1202,4.);
#436=CIRCLE('',#1203,4.);
#437=CIRCLE('',#1205,0.533333333333);
#438=CIRCLE('',#1206,4.);
#439=CIRCLE('',#1210,5.);
#440=CIRCLE('',#1211,5.);
#441=CIRCLE('',#1212,5.);
#442=CIRCLE('',#1213,5.);
#443=CIRCLE('',#1216,5.);
#444=CIRCLE('',#1219,5.);
#445=CIRCLE('',#1225,5.);
#446=CIRCLE('',#1226,5.);
#447=CIRCLE('',#1233,5.);
#448=CIRCLE('',#1234,0.4);
#449=CIRCLE('',#1236,0.4);
#450=CIRCLE('',#1239,5.);
#451=CIRCLE('',#1243,5.);
#452=CIRCLE('',#1244,5.);
#453=CIRCLE('',#1247,0.4);
#454=CIRCLE('',#1249,0.4);
#455=CIRCLE('',#1253,5.);
#456=CIRCLE('',#1254,5.);
#457=VERTEX_POINT('',#1581);
#458=VERTEX_POINT('',#1582);
#459=VERTEX_POINT('',#1584);
#460=VERTEX_POINT('',#1619);
#461=VERTEX_POINT('',#1657);
#462=VERTEX_POINT('',#1664);
#463=VERTEX_POINT('',#1666);
#464=VERTEX_POINT('',#1670);
#465=VERTEX_POINT('',#1671);
#466=VERTEX_POINT('',#1673);
#467=VERTEX_POINT('',#1675);
#468=VERTEX_POINT('',#1679);
#469=VERTEX_POINT('',#1680);
#470=VERTEX_POINT('',#1682);
#471=VERTEX_POINT('',#1684);
#472=VERTEX_POINT('',#1688);
#473=VERTEX_POINT('',#1690);
#474=VERTEX_POINT('',#1694);
#475=VERTEX_POINT('',#1696);
#476=VERTEX_POINT('',#1700);
#477=VERTEX_POINT('',#1702);
#478=VERTEX_POINT('',#1706);
#479=VERTEX_POINT('',#1710);
#480=VERTEX_POINT('',#1714);
#481=VERTEX_POINT('',#1716);
#482=VERTEX_POINT('',#1720);
#483=VERTEX_POINT('',#1724);
#484=VERTEX_POINT('',#1730);
#485=VERTEX_POINT('',#1731);
#486=VERTEX_POINT('',#1733);
#487=VERTEX_POINT('',#1735);
#488=VERTEX_POINT('',#1739);
#489=VERTEX_POINT('',#1740);
#490=VERTEX_POINT('',#1742);
#491=VERTEX_POINT('',#1744);
#492=VERTEX_POINT('',#1791);
#493=VERTEX_POINT('',#1808);
#494=VERTEX_POINT('',#1809);
#495=VERTEX_POINT('',#1811);
#496=VERTEX_POINT('',#1813);
#497=VERTEX_POINT('',#1817);
#498=VERTEX_POINT('',#1819);
#499=VERTEX_POINT('',#1823);
#500=VERTEX_POINT('',#1824);
#501=VERTEX_POINT('',#1826);
#502=VERTEX_POINT('',#1828);
#503=VERTEX_POINT('',#1832);
#504=VERTEX_POINT('',#1834);
#505=VERTEX_POINT('',#1838);
#506=VERTEX_POINT('',#1841);
#507=VERTEX_POINT('',#1843);
#508=VERTEX_POINT('',#1848);
#509=VERTEX_POINT('',#1868);
#510=VERTEX_POINT('',#1912);
#511=VERTEX_POINT('',#1914);
#512=VERTEX_POINT('',#1918);
#513=VERTEX_POINT('',#1924);
#514=VERTEX_POINT('',#1926);
#515=VERTEX_POINT('',#1928);
#516=VERTEX_POINT('',#1933);
#517=VERTEX_POINT('',#1935);
#518=VERTEX_POINT('',#1938);
#519=VERTEX_POINT('',#1940);
#520=VERTEX_POINT('',#1944);
#521=VERTEX_POINT('',#1946);
#522=VERTEX_POINT('',#1962);
#523=VERTEX_POINT('',#1963);
#524=VERTEX_POINT('',#1965);
#525=VERTEX_POINT('',#1967);
#526=VERTEX_POINT('',#1971);
#527=VERTEX_POINT('',#1973);
#528=VERTEX_POINT('',#1977);
#529=VERTEX_POINT('',#1981);
#530=VERTEX_POINT('',#1988);
#531=VERTEX_POINT('',#1989);
#532=VERTEX_POINT('',#1991);
#533=VERTEX_POINT('',#1993);
#534=VERTEX_POINT('',#1997);
#535=VERTEX_POINT('',#1998);
#536=VERTEX_POINT('',#2003);
#537=VERTEX_POINT('',#2007);
#538=VERTEX_POINT('',#2014);
#539=VERTEX_POINT('',#2015);
#540=VERTEX_POINT('',#2017);
#541=VERTEX_POINT('',#2019);
#542=VERTEX_POINT('',#2023);
#543=VERTEX_POINT('',#2025);
#544=VERTEX_POINT('',#2029);
#545=VERTEX_POINT('',#2033);
#546=VERTEX_POINT('',#2040);
#547=VERTEX_POINT('',#2041);
#548=VERTEX_POINT('',#2043);
#549=VERTEX_POINT('',#2045);
#550=VERTEX_POINT('',#2049);
#551=VERTEX_POINT('',#2051);
#552=VERTEX_POINT('',#2055);
#553=VERTEX_POINT('',#2059);
#554=EDGE_CURVE('',#457,#458,#410,.T.);
#555=EDGE_CURVE('',#459,#458,#408,.T.);
#556=EDGE_CURVE('',#460,#459,#411,.T.);
#557=EDGE_CURVE('',#460,#457,#409,.T.);
#558=EDGE_CURVE('',#458,#457,#412,.T.);
#559=EDGE_CURVE('',#461,#460,#413,.T.);
#560=EDGE_CURVE('',#459,#461,#414,.T.);
#561=EDGE_CURVE('',#458,#457,#41,.T.);
#562=EDGE_CURVE('',#461,#462,#42,.T.);
#563=EDGE_CURVE('',#463,#462,#415,.T.);
#564=EDGE_CURVE('',#462,#463,#416,.T.);
#565=EDGE_CURVE('',#464,#465,#43,.T.);
#566=EDGE_CURVE('',#466,#464,#44,.T.);
#567=EDGE_CURVE('',#467,#466,#417,.T.);
#568=EDGE_CURVE('',#465,#467,#45,.T.);
#569=EDGE_CURVE('',#468,#469,#46,.T.);
#570=EDGE_CURVE('',#470,#468,#47,.T.);
#571=EDGE_CURVE('',#471,#470,#418,.T.);
#572=EDGE_CURVE('',#469,#471,#48,.T.);
#573=EDGE_CURVE('',#464,#472,#49,.T.);
#574=EDGE_CURVE('',#465,#473,#50,.T.);
#575=EDGE_CURVE('',#472,#473,#51,.T.);
#576=EDGE_CURVE('',#468,#474,#52,.T.);
#577=EDGE_CURVE('',#469,#475,#53,.T.);
#578=EDGE_CURVE('',#474,#475,#54,.T.);
#579=EDGE_CURVE('',#466,#476,#55,.T.);
#580=EDGE_CURVE('',#477,#472,#56,.T.);
#581=EDGE_CURVE('',#476,#477,#57,.T.);
#582=EDGE_CURVE('',#467,#478,#58,.T.);
#583=EDGE_CURVE('',#478,#476,#419,.T.);
#584=EDGE_CURVE('',#479,#478,#59,.T.);
#585=EDGE_CURVE('',#473,#479,#60,.T.);
#586=EDGE_CURVE('',#470,#480,#61,.T.);
#587=EDGE_CURVE('',#481,#474,#62,.T.);
#588=EDGE_CURVE('',#480,#481,#63,.T.);
#589=EDGE_CURVE('',#471,#482,#64,.T.);
#590=EDGE_CURVE('',#482,#480,#420,.T.);
#591=EDGE_CURVE('',#483,#482,#65,.T.);
#592=EDGE_CURVE('',#475,#483,#66,.T.);
#593=EDGE_CURVE('',#477,#479,#67,.T.);
#594=EDGE_CURVE('',#484,#485,#421,.T.);
#595=EDGE_CURVE('',#484,#486,#68,.T.);
#596=EDGE_CURVE('',#487,#486,#422,.T.);
#597=EDGE_CURVE('',#487,#485,#69,.T.);
#598=EDGE_CURVE('',#488,#489,#423,.T.);
#599=EDGE_CURVE('',#488,#490,#70,.T.);
#600=EDGE_CURVE('',#490,#491,#424,.T.);
#601=EDGE_CURVE('',#491,#489,#71,.T.);
#602=EDGE_CURVE('',#481,#483,#72,.T.);
#603=EDGE_CURVE('',#492,#463,#425,.T.);
#604=EDGE_CURVE('',#492,#492,#19,.T.);
#605=EDGE_CURVE('',#493,#494,#426,.T.);
#606=EDGE_CURVE('',#495,#493,#73,.T.);
#607=EDGE_CURVE('',#495,#496,#427,.T.);
#608=EDGE_CURVE('',#496,#494,#74,.T.);
#609=EDGE_CURVE('',#486,#497,#75,.T.);
#610=EDGE_CURVE('',#498,#497,#428,.T.);
#611=EDGE_CURVE('',#487,#498,#76,.T.);
#612=EDGE_CURVE('',#499,#500,#429,.T.);
#613=EDGE_CURVE('',#501,#499,#77,.T.);
#614=EDGE_CURVE('',#502,#501,#430,.T.);
#615=EDGE_CURVE('',#502,#500,#78,.T.);
#616=EDGE_CURVE('',#490,#503,#79,.T.);
#617=EDGE_CURVE('',#504,#503,#431,.T.);
#618=EDGE_CURVE('',#491,#504,#80,.T.);
#619=EDGE_CURVE('',#505,#488,#81,.T.);
#620=EDGE_CURVE('',#505,#481,#82,.T.);
#621=EDGE_CURVE('',#483,#506,#83,.T.);
#622=EDGE_CURVE('',#507,#506,#84,.T.);
#623=EDGE_CURVE('',#501,#507,#85,.T.);
#624=EDGE_CURVE('',#503,#499,#86,.T.);
#625=EDGE_CURVE('',#492,#508,#432,.T.);
#626=EDGE_CURVE('',#508,#508,#20,.T.);
#627=EDGE_CURVE('',#500,#493,#87,.T.);
#628=EDGE_CURVE('',#494,#498,#88,.T.);
#629=EDGE_CURVE('',#497,#504,#89,.T.);
#630=EDGE_CURVE('',#509,#509,#433,.T.);
#631=EDGE_CURVE('',#510,#508,#434,.T.);
#632=EDGE_CURVE('',#511,#510,#435,.T.);
#633=EDGE_CURVE('',#510,#511,#436,.T.);
#634=EDGE_CURVE('',#509,#512,#437,.T.);
#635=EDGE_CURVE('',#512,#512,#438,.T.);
#636=EDGE_CURVE('',#511,#512,#90,.T.);
#637=EDGE_CURVE('',#485,#513,#91,.T.);
#638=EDGE_CURVE('',#514,#496,#92,.T.);
#639=EDGE_CURVE('',#515,#514,#93,.T.);
#640=EDGE_CURVE('',#515,#477,#94,.T.);
#641=EDGE_CURVE('',#479,#513,#95,.T.);
#642=EDGE_CURVE('',#516,#505,#439,.T.);
#643=EDGE_CURVE('',#517,#516,#96,.T.);
#644=EDGE_CURVE('',#513,#517,#440,.T.);
#645=EDGE_CURVE('',#518,#515,#441,.T.);
#646=EDGE_CURVE('',#519,#518,#97,.T.);
#647=EDGE_CURVE('',#506,#519,#442,.T.);
#648=EDGE_CURVE('',#519,#520,#98,.T.);
#649=EDGE_CURVE('',#521,#518,#99,.T.);
#650=EDGE_CURVE('',#495,#521,#100,.T.);
#651=EDGE_CURVE('',#502,#520,#101,.T.);
#652=EDGE_CURVE('',#514,#521,#443,.T.);
#653=EDGE_CURVE('',#489,#516,#102,.T.);
#654=EDGE_CURVE('',#517,#484,#103,.T.);
#655=EDGE_CURVE('',#520,#507,#444,.T.);
#656=EDGE_CURVE('',#522,#523,#104,.T.);
#657=EDGE_CURVE('',#524,#522,#445,.T.);
#658=EDGE_CURVE('',#525,#524,#105,.T.);
#659=EDGE_CURVE('',#523,#525,#446,.T.);
#660=EDGE_CURVE('',#524,#526,#106,.T.);
#661=EDGE_CURVE('',#526,#527,#107,.T.);
#662=EDGE_CURVE('',#525,#527,#108,.T.);
#663=EDGE_CURVE('',#528,#522,#109,.T.);
#664=EDGE_CURVE('',#526,#528,#110,.T.);
#665=EDGE_CURVE('',#523,#529,#111,.T.);
#666=EDGE_CURVE('',#528,#529,#112,.T.);
#667=EDGE_CURVE('',#527,#529,#113,.T.);
#668=EDGE_CURVE('',#530,#531,#447,.T.);
#669=EDGE_CURVE('',#531,#532,#114,.T.);
#670=EDGE_CURVE('',#533,#532,#448,.T.);
#671=EDGE_CURVE('',#533,#530,#115,.T.);
#672=EDGE_CURVE('',#534,#535,#449,.T.);
#673=EDGE_CURVE('',#534,#533,#116,.T.);
#674=EDGE_CURVE('',#535,#532,#117,.T.);
#675=EDGE_CURVE('',#536,#530,#118,.T.);
#676=EDGE_CURVE('',#534,#536,#119,.T.);
#677=EDGE_CURVE('',#537,#536,#450,.T.);
#678=EDGE_CURVE('',#537,#535,#120,.T.);
#679=EDGE_CURVE('',#531,#537,#121,.T.);
#680=EDGE_CURVE('',#538,#539,#122,.T.);
#681=EDGE_CURVE('',#540,#538,#451,.T.);
#682=EDGE_CURVE('',#541,#540,#123,.T.);
#683=EDGE_CURVE('',#539,#541,#452,.T.);
#684=EDGE_CURVE('',#542,#540,#124,.T.);
#685=EDGE_CURVE('',#543,#542,#125,.T.);
#686=EDGE_CURVE('',#543,#541,#126,.T.);
#687=EDGE_CURVE('',#538,#544,#127,.T.);
#688=EDGE_CURVE('',#542,#544,#453,.T.);
#689=EDGE_CURVE('',#543,#545,#454,.T.);
#690=EDGE_CURVE('',#539,#545,#128,.T.);
#691=EDGE_CURVE('',#545,#544,#129,.T.);
#692=EDGE_CURVE('',#546,#547,#130,.T.);
#693=EDGE_CURVE('',#548,#546,#455,.T.);
#694=EDGE_CURVE('',#549,#548,#131,.T.);
#695=EDGE_CURVE('',#547,#549,#456,.T.);
#696=EDGE_CURVE('',#546,#550,#132,.T.);
#697=EDGE_CURVE('',#550,#551,#133,.T.);
#698=EDGE_CURVE('',#551,#548,#134,.T.);
#699=EDGE_CURVE('',#552,#551,#135,.T.);
#700=EDGE_CURVE('',#552,#549,#136,.T.);
#701=EDGE_CURVE('',#547,#553,#137,.T.);
#702=EDGE_CURVE('',#553,#550,#138,.T.);
#703=EDGE_CURVE('',#553,#552,#139,.T.);
#704=ORIENTED_EDGE('',*,*,#554,.T.);
#705=ORIENTED_EDGE('',*,*,#555,.F.);
#706=ORIENTED_EDGE('',*,*,#556,.F.);
#707=ORIENTED_EDGE('',*,*,#557,.T.);
#708=ORIENTED_EDGE('',*,*,#555,.T.);
#709=ORIENTED_EDGE('',*,*,#558,.T.);
#710=ORIENTED_EDGE('',*,*,#557,.F.);
#711=ORIENTED_EDGE('',*,*,#559,.F.);
#712=ORIENTED_EDGE('',*,*,#560,.F.);
#713=ORIENTED_EDGE('',*,*,#554,.F.);
#714=ORIENTED_EDGE('',*,*,#561,.F.);
#715=ORIENTED_EDGE('',*,*,#558,.F.);
#716=ORIENTED_EDGE('',*,*,#561,.T.);
#717=ORIENTED_EDGE('',*,*,#556,.T.);
#718=ORIENTED_EDGE('',*,*,#560,.T.);
#719=ORIENTED_EDGE('',*,*,#562,.T.);
#720=ORIENTED_EDGE('',*,*,#563,.F.);
#721=ORIENTED_EDGE('',*,*,#564,.F.);
#722=ORIENTED_EDGE('',*,*,#562,.F.);
#723=ORIENTED_EDGE('',*,*,#559,.T.);
#724=ORIENTED_EDGE('',*,*,#565,.F.);
#725=ORIENTED_EDGE('',*,*,#566,.F.);
#726=ORIENTED_EDGE('',*,*,#567,.F.);
#727=ORIENTED_EDGE('',*,*,#568,.F.);
#728=ORIENTED_EDGE('',*,*,#569,.F.);
#729=ORIENTED_EDGE('',*,*,#570,.F.);
#730=ORIENTED_EDGE('',*,*,#571,.F.);
#731=ORIENTED_EDGE('',*,*,#572,.F.);
#732=ORIENTED_EDGE('',*,*,#573,.F.);
#733=ORIENTED_EDGE('',*,*,#565,.T.);
#734=ORIENTED_EDGE('',*,*,#574,.T.);
#735=ORIENTED_EDGE('',*,*,#575,.F.);
#736=ORIENTED_EDGE('',*,*,#576,.F.);
#737=ORIENTED_EDGE('',*,*,#569,.T.);
#738=ORIENTED_EDGE('',*,*,#577,.T.);
#739=ORIENTED_EDGE('',*,*,#578,.F.);
#740=ORIENTED_EDGE('',*,*,#579,.F.);
#741=ORIENTED_EDGE('',*,*,#566,.T.);
#742=ORIENTED_EDGE('',*,*,#573,.T.);
#743=ORIENTED_EDGE('',*,*,#580,.F.);
#744=ORIENTED_EDGE('',*,*,#581,.F.);
#745=ORIENTED_EDGE('',*,*,#582,.F.);
#746=ORIENTED_EDGE('',*,*,#567,.T.);
#747=ORIENTED_EDGE('',*,*,#579,.T.);
#748=ORIENTED_EDGE('',*,*,#583,.F.);
#749=ORIENTED_EDGE('',*,*,#574,.F.);
#750=ORIENTED_EDGE('',*,*,#568,.T.);
#751=ORIENTED_EDGE('',*,*,#582,.T.);
#752=ORIENTED_EDGE('',*,*,#584,.F.);
#753=ORIENTED_EDGE('',*,*,#585,.F.);
#754=ORIENTED_EDGE('',*,*,#586,.F.);
#755=ORIENTED_EDGE('',*,*,#570,.T.);
#756=ORIENTED_EDGE('',*,*,#576,.T.);
#757=ORIENTED_EDGE('',*,*,#587,.F.);
#758=ORIENTED_EDGE('',*,*,#588,.F.);
#759=ORIENTED_EDGE('',*,*,#589,.F.);
#760=ORIENTED_EDGE('',*,*,#571,.T.);
#761=ORIENTED_EDGE('',*,*,#586,.T.);
#762=ORIENTED_EDGE('',*,*,#590,.F.);
#763=ORIENTED_EDGE('',*,*,#577,.F.);
#764=ORIENTED_EDGE('',*,*,#572,.T.);
#765=ORIENTED_EDGE('',*,*,#589,.T.);
#766=ORIENTED_EDGE('',*,*,#591,.F.);
#767=ORIENTED_EDGE('',*,*,#592,.F.);
#768=ORIENTED_EDGE('',*,*,#580,.T.);
#769=ORIENTED_EDGE('',*,*,#575,.T.);
#770=ORIENTED_EDGE('',*,*,#585,.T.);
#771=ORIENTED_EDGE('',*,*,#593,.F.);
#772=ORIENTED_EDGE('',*,*,#594,.F.);
#773=ORIENTED_EDGE('',*,*,#595,.T.);
#774=ORIENTED_EDGE('',*,*,#596,.F.);
#775=ORIENTED_EDGE('',*,*,#597,.T.);
#776=ORIENTED_EDGE('',*,*,#598,.F.);
#777=ORIENTED_EDGE('',*,*,#599,.T.);
#778=ORIENTED_EDGE('',*,*,#600,.T.);
#779=ORIENTED_EDGE('',*,*,#601,.T.);
#780=ORIENTED_EDGE('',*,*,#587,.T.);
#781=ORIENTED_EDGE('',*,*,#578,.T.);
#782=ORIENTED_EDGE('',*,*,#592,.T.);
#783=ORIENTED_EDGE('',*,*,#602,.F.);
#784=ORIENTED_EDGE('',*,*,#603,.T.);
#785=ORIENTED_EDGE('',*,*,#563,.T.);
#786=ORIENTED_EDGE('',*,*,#564,.T.);
#787=ORIENTED_EDGE('',*,*,#603,.F.);
#788=ORIENTED_EDGE('',*,*,#604,.F.);
#789=ORIENTED_EDGE('',*,*,#605,.F.);
#790=ORIENTED_EDGE('',*,*,#606,.F.);
#791=ORIENTED_EDGE('',*,*,#607,.T.);
#792=ORIENTED_EDGE('',*,*,#608,.T.);
#793=ORIENTED_EDGE('',*,*,#609,.T.);
#794=ORIENTED_EDGE('',*,*,#610,.F.);
#795=ORIENTED_EDGE('',*,*,#611,.F.);
#796=ORIENTED_EDGE('',*,*,#596,.T.);
#797=ORIENTED_EDGE('',*,*,#612,.F.);
#798=ORIENTED_EDGE('',*,*,#613,.F.);
#799=ORIENTED_EDGE('',*,*,#614,.F.);
#800=ORIENTED_EDGE('',*,*,#615,.T.);
#801=ORIENTED_EDGE('',*,*,#600,.F.);
#802=ORIENTED_EDGE('',*,*,#616,.T.);
#803=ORIENTED_EDGE('',*,*,#617,.F.);
#804=ORIENTED_EDGE('',*,*,#618,.F.);
#805=ORIENTED_EDGE('',*,*,#619,.F.);
#806=ORIENTED_EDGE('',*,*,#620,.T.);
#807=ORIENTED_EDGE('',*,*,#602,.T.);
#808=ORIENTED_EDGE('',*,*,#621,.T.);
#809=ORIENTED_EDGE('',*,*,#622,.F.);
#810=ORIENTED_EDGE('',*,*,#623,.F.);
#811=ORIENTED_EDGE('',*,*,#613,.T.);
#812=ORIENTED_EDGE('',*,*,#624,.F.);
#813=ORIENTED_EDGE('',*,*,#616,.F.);
#814=ORIENTED_EDGE('',*,*,#599,.F.);
#815=ORIENTED_EDGE('',*,*,#604,.T.);
#816=ORIENTED_EDGE('',*,*,#625,.T.);
#817=ORIENTED_EDGE('',*,*,#626,.F.);
#818=ORIENTED_EDGE('',*,*,#625,.F.);
#819=ORIENTED_EDGE('',*,*,#624,.T.);
#820=ORIENTED_EDGE('',*,*,#612,.T.);
#821=ORIENTED_EDGE('',*,*,#627,.T.);
#822=ORIENTED_EDGE('',*,*,#605,.T.);
#823=ORIENTED_EDGE('',*,*,#628,.T.);
#824=ORIENTED_EDGE('',*,*,#610,.T.);
#825=ORIENTED_EDGE('',*,*,#629,.T.);
#826=ORIENTED_EDGE('',*,*,#617,.T.);
#827=ORIENTED_EDGE('',*,*,#630,.T.);
#828=ORIENTED_EDGE('',*,*,#631,.T.);
#829=ORIENTED_EDGE('',*,*,#626,.T.);
#830=ORIENTED_EDGE('',*,*,#631,.F.);
#831=ORIENTED_EDGE('',*,*,#632,.F.);
#832=ORIENTED_EDGE('',*,*,#633,.F.);
#833=ORIENTED_EDGE('',*,*,#630,.F.);
#834=ORIENTED_EDGE('',*,*,#634,.T.);
#835=ORIENTED_EDGE('',*,*,#635,.T.);
#836=ORIENTED_EDGE('',*,*,#634,.F.);
#837=ORIENTED_EDGE('',*,*,#633,.T.);
#838=ORIENTED_EDGE('',*,*,#636,.T.);
#839=ORIENTED_EDGE('',*,*,#635,.F.);
#840=ORIENTED_EDGE('',*,*,#636,.F.);
#841=ORIENTED_EDGE('',*,*,#632,.T.);
#842=ORIENTED_EDGE('',*,*,#637,.F.);
#843=ORIENTED_EDGE('',*,*,#597,.F.);
#844=ORIENTED_EDGE('',*,*,#611,.T.);
#845=ORIENTED_EDGE('',*,*,#628,.F.);
#846=ORIENTED_EDGE('',*,*,#608,.F.);
#847=ORIENTED_EDGE('',*,*,#638,.F.);
#848=ORIENTED_EDGE('',*,*,#639,.F.);
#849=ORIENTED_EDGE('',*,*,#640,.T.);
#850=ORIENTED_EDGE('',*,*,#593,.T.);
#851=ORIENTED_EDGE('',*,*,#641,.T.);
#852=ORIENTED_EDGE('',*,*,#642,.F.);
#853=ORIENTED_EDGE('',*,*,#643,.F.);
#854=ORIENTED_EDGE('',*,*,#644,.F.);
#855=ORIENTED_EDGE('',*,*,#641,.F.);
#856=ORIENTED_EDGE('',*,*,#584,.T.);
#857=ORIENTED_EDGE('',*,*,#583,.T.);
#858=ORIENTED_EDGE('',*,*,#581,.T.);
#859=ORIENTED_EDGE('',*,*,#640,.F.);
#860=ORIENTED_EDGE('',*,*,#645,.F.);
#861=ORIENTED_EDGE('',*,*,#646,.F.);
#862=ORIENTED_EDGE('',*,*,#647,.F.);
#863=ORIENTED_EDGE('',*,*,#621,.F.);
#864=ORIENTED_EDGE('',*,*,#591,.T.);
#865=ORIENTED_EDGE('',*,*,#590,.T.);
#866=ORIENTED_EDGE('',*,*,#588,.T.);
#867=ORIENTED_EDGE('',*,*,#620,.F.);
#868=ORIENTED_EDGE('',*,*,#648,.F.);
#869=ORIENTED_EDGE('',*,*,#646,.T.);
#870=ORIENTED_EDGE('',*,*,#649,.F.);
#871=ORIENTED_EDGE('',*,*,#650,.F.);
#872=ORIENTED_EDGE('',*,*,#606,.T.);
#873=ORIENTED_EDGE('',*,*,#627,.F.);
#874=ORIENTED_EDGE('',*,*,#615,.F.);
#875=ORIENTED_EDGE('',*,*,#651,.T.);
#876=ORIENTED_EDGE('',*,*,#652,.F.);
#877=ORIENTED_EDGE('',*,*,#638,.T.);
#878=ORIENTED_EDGE('',*,*,#607,.F.);
#879=ORIENTED_EDGE('',*,*,#650,.T.);
#880=ORIENTED_EDGE('',*,*,#653,.F.);
#881=ORIENTED_EDGE('',*,*,#601,.F.);
#882=ORIENTED_EDGE('',*,*,#618,.T.);
#883=ORIENTED_EDGE('',*,*,#629,.F.);
#884=ORIENTED_EDGE('',*,*,#609,.F.);
#885=ORIENTED_EDGE('',*,*,#595,.F.);
#886=ORIENTED_EDGE('',*,*,#654,.F.);
#887=ORIENTED_EDGE('',*,*,#643,.T.);
#888=ORIENTED_EDGE('',*,*,#655,.F.);
#889=ORIENTED_EDGE('',*,*,#651,.F.);
#890=ORIENTED_EDGE('',*,*,#614,.T.);
#891=ORIENTED_EDGE('',*,*,#623,.T.);
#892=ORIENTED_EDGE('',*,*,#653,.T.);
#893=ORIENTED_EDGE('',*,*,#642,.T.);
#894=ORIENTED_EDGE('',*,*,#619,.T.);
#895=ORIENTED_EDGE('',*,*,#598,.T.);
#896=ORIENTED_EDGE('',*,*,#648,.T.);
#897=ORIENTED_EDGE('',*,*,#655,.T.);
#898=ORIENTED_EDGE('',*,*,#622,.T.);
#899=ORIENTED_EDGE('',*,*,#647,.T.);
#900=ORIENTED_EDGE('',*,*,#637,.T.);
#901=ORIENTED_EDGE('',*,*,#644,.T.);
#902=ORIENTED_EDGE('',*,*,#654,.T.);
#903=ORIENTED_EDGE('',*,*,#594,.T.);
#904=ORIENTED_EDGE('',*,*,#639,.T.);
#905=ORIENTED_EDGE('',*,*,#652,.T.);
#906=ORIENTED_EDGE('',*,*,#649,.T.);
#907=ORIENTED_EDGE('',*,*,#645,.T.);
#908=ORIENTED_EDGE('',*,*,#656,.F.);
#909=ORIENTED_EDGE('',*,*,#657,.F.);
#910=ORIENTED_EDGE('',*,*,#658,.F.);
#911=ORIENTED_EDGE('',*,*,#659,.F.);
#912=ORIENTED_EDGE('',*,*,#658,.T.);
#913=ORIENTED_EDGE('',*,*,#660,.T.);
#914=ORIENTED_EDGE('',*,*,#661,.T.);
#915=ORIENTED_EDGE('',*,*,#662,.F.);
#916=ORIENTED_EDGE('',*,*,#657,.T.);
#917=ORIENTED_EDGE('',*,*,#663,.F.);
#918=ORIENTED_EDGE('',*,*,#664,.F.);
#919=ORIENTED_EDGE('',*,*,#660,.F.);
#920=ORIENTED_EDGE('',*,*,#656,.T.);
#921=ORIENTED_EDGE('',*,*,#665,.T.);
#922=ORIENTED_EDGE('',*,*,#666,.F.);
#923=ORIENTED_EDGE('',*,*,#663,.T.);
#924=ORIENTED_EDGE('',*,*,#664,.T.);
#925=ORIENTED_EDGE('',*,*,#666,.T.);
#926=ORIENTED_EDGE('',*,*,#667,.F.);
#927=ORIENTED_EDGE('',*,*,#661,.F.);
#928=ORIENTED_EDGE('',*,*,#659,.T.);
#929=ORIENTED_EDGE('',*,*,#662,.T.);
#930=ORIENTED_EDGE('',*,*,#667,.T.);
#931=ORIENTED_EDGE('',*,*,#665,.F.);
#932=ORIENTED_EDGE('',*,*,#668,.T.);
#933=ORIENTED_EDGE('',*,*,#669,.T.);
#934=ORIENTED_EDGE('',*,*,#670,.F.);
#935=ORIENTED_EDGE('',*,*,#671,.T.);
#936=ORIENTED_EDGE('',*,*,#672,.F.);
#937=ORIENTED_EDGE('',*,*,#673,.T.);
#938=ORIENTED_EDGE('',*,*,#670,.T.);
#939=ORIENTED_EDGE('',*,*,#674,.F.);
#940=ORIENTED_EDGE('',*,*,#675,.T.);
#941=ORIENTED_EDGE('',*,*,#671,.F.);
#942=ORIENTED_EDGE('',*,*,#673,.F.);
#943=ORIENTED_EDGE('',*,*,#676,.T.);
#944=ORIENTED_EDGE('',*,*,#677,.T.);
#945=ORIENTED_EDGE('',*,*,#676,.F.);
#946=ORIENTED_EDGE('',*,*,#672,.T.);
#947=ORIENTED_EDGE('',*,*,#678,.F.);
#948=ORIENTED_EDGE('',*,*,#679,.T.);
#949=ORIENTED_EDGE('',*,*,#678,.T.);
#950=ORIENTED_EDGE('',*,*,#674,.T.);
#951=ORIENTED_EDGE('',*,*,#669,.F.);
#952=ORIENTED_EDGE('',*,*,#675,.F.);
#953=ORIENTED_EDGE('',*,*,#677,.F.);
#954=ORIENTED_EDGE('',*,*,#679,.F.);
#955=ORIENTED_EDGE('',*,*,#668,.F.);
#956=ORIENTED_EDGE('',*,*,#680,.F.);
#957=ORIENTED_EDGE('',*,*,#681,.F.);
#958=ORIENTED_EDGE('',*,*,#682,.F.);
#959=ORIENTED_EDGE('',*,*,#683,.F.);
#960=ORIENTED_EDGE('',*,*,#682,.T.);
#961=ORIENTED_EDGE('',*,*,#684,.F.);
#962=ORIENTED_EDGE('',*,*,#685,.F.);
#963=ORIENTED_EDGE('',*,*,#686,.T.);
#964=ORIENTED_EDGE('',*,*,#681,.T.);
#965=ORIENTED_EDGE('',*,*,#687,.T.);
#966=ORIENTED_EDGE('',*,*,#688,.F.);
#967=ORIENTED_EDGE('',*,*,#684,.T.);
#968=ORIENTED_EDGE('',*,*,#683,.T.);
#969=ORIENTED_EDGE('',*,*,#686,.F.);
#970=ORIENTED_EDGE('',*,*,#689,.T.);
#971=ORIENTED_EDGE('',*,*,#690,.F.);
#972=ORIENTED_EDGE('',*,*,#680,.T.);
#973=ORIENTED_EDGE('',*,*,#690,.T.);
#974=ORIENTED_EDGE('',*,*,#691,.T.);
#975=ORIENTED_EDGE('',*,*,#687,.F.);
#976=ORIENTED_EDGE('',*,*,#689,.F.);
#977=ORIENTED_EDGE('',*,*,#685,.T.);
#978=ORIENTED_EDGE('',*,*,#688,.T.);
#979=ORIENTED_EDGE('',*,*,#691,.F.);
#980=ORIENTED_EDGE('',*,*,#692,.F.);
#981=ORIENTED_EDGE('',*,*,#693,.F.);
#982=ORIENTED_EDGE('',*,*,#694,.F.);
#983=ORIENTED_EDGE('',*,*,#695,.F.);
#984=ORIENTED_EDGE('',*,*,#693,.T.);
#985=ORIENTED_EDGE('',*,*,#696,.T.);
#986=ORIENTED_EDGE('',*,*,#697,.T.);
#987=ORIENTED_EDGE('',*,*,#698,.T.);
#988=ORIENTED_EDGE('',*,*,#694,.T.);
#989=ORIENTED_EDGE('',*,*,#698,.F.);
#990=ORIENTED_EDGE('',*,*,#699,.F.);
#991=ORIENTED_EDGE('',*,*,#700,.T.);
#992=ORIENTED_EDGE('',*,*,#692,.T.);
#993=ORIENTED_EDGE('',*,*,#701,.T.);
#994=ORIENTED_EDGE('',*,*,#702,.T.);
#995=ORIENTED_EDGE('',*,*,#696,.F.);
#996=ORIENTED_EDGE('',*,*,#695,.T.);
#997=ORIENTED_EDGE('',*,*,#700,.F.);
#998=ORIENTED_EDGE('',*,*,#703,.F.);
#999=ORIENTED_EDGE('',*,*,#701,.F.);
#1000=ORIENTED_EDGE('',*,*,#703,.T.);
#1001=ORIENTED_EDGE('',*,*,#699,.T.);
#1002=ORIENTED_EDGE('',*,*,#697,.F.);
#1003=ORIENTED_EDGE('',*,*,#702,.F.);
#1004=TOROIDAL_SURFACE('',#1151,3.466666666667,0.533333333333);
#1005=TOROIDAL_SURFACE('',#1154,3.466666666667,0.533333333333);
#1006=TOROIDAL_SURFACE('',#1197,4.,0.4);
#1007=TOROIDAL_SURFACE('',#1204,3.466666666667,0.533333333333);
#1008=STYLED_ITEM('',(#2085),#1069);
#1009=STYLED_ITEM('',(#2086),#1070);
#1010=STYLED_ITEM('',(#2085),#1071);
#1011=STYLED_ITEM('',(#2086),#1072);
#1012=STYLED_ITEM('',(#2085),#1073);
#1013=STYLED_ITEM('',(#2085),#1074);
#1014=STYLED_ITEM('',(#2085),#1075);
#1015=STYLED_ITEM('',(#2085),#1076);
#1016=STYLED_ITEM('',(#2085),#1077);
#1017=STYLED_ITEM('',(#2085),#1078);
#1018=STYLED_ITEM('',(#2085),#1079);
#1019=STYLED_ITEM('',(#2085),#1080);
#1020=STYLED_ITEM('',(#2085),#1081);
#1021=STYLED_ITEM('',(#2085),#1082);
#1022=STYLED_ITEM('',(#2085),#1083);
#1023=STYLED_ITEM('',(#2085),#1084);
#1024=STYLED_ITEM('',(#2086),#1085);
#1025=STYLED_ITEM('',(#2086),#1086);
#1026=STYLED_ITEM('',(#2085),#1087);
#1027=STYLED_ITEM('',(#2085),#1088);
#1028=STYLED_ITEM('',(#2086),#1089);
#1029=STYLED_ITEM('',(#2086),#1090);
#1030=STYLED_ITEM('',(#2086),#1091);
#1031=STYLED_ITEM('',(#2086),#1092);
#1032=STYLED_ITEM('',(#2086),#1093);
#1033=STYLED_ITEM('',(#2085),#1094);
#1034=STYLED_ITEM('',(#2086),#1095);
#1035=STYLED_ITEM('',(#2085),#1096);
#1036=STYLED_ITEM('',(#2085),#1097);
#1037=STYLED_ITEM('',(#2085),#1098);
#1038=STYLED_ITEM('',(#2086),#1099);
#1039=STYLED_ITEM('',(#2086),#1100);
#1040=STYLED_ITEM('',(#2086),#1101);
#1041=STYLED_ITEM('',(#2086),#1102);
#1042=STYLED_ITEM('',(#2086),#1103);
#1043=STYLED_ITEM('',(#2086),#1104);
#1044=STYLED_ITEM('',(#2084),#13);
#1045=STYLED_ITEM('',(#2086),#1110);
#1046=STYLED_ITEM('',(#2086),#1111);
#1047=STYLED_ITEM('',(#2086),#1112);
#1048=STYLED_ITEM('',(#2086),#1113);
#1049=STYLED_ITEM('',(#2086),#1114);
#1050=STYLED_ITEM('',(#2084),#14);
#1051=STYLED_ITEM('',(#2086),#1115);
#1052=STYLED_ITEM('',(#2086),#1116);
#1053=STYLED_ITEM('',(#2086),#1117);
#1054=STYLED_ITEM('',(#2086),#1118);
#1055=STYLED_ITEM('',(#2086),#1119);
#1056=STYLED_ITEM('',(#2084),#15);
#1057=STYLED_ITEM('',(#2086),#1122);
#1058=STYLED_ITEM('',(#2086),#1123);
#1059=STYLED_ITEM('',(#2086),#1124);
#1060=STYLED_ITEM('',(#2086),#1125);
#1061=STYLED_ITEM('',(#2086),#1126);
#1062=STYLED_ITEM('',(#2084),#16);
#1063=STYLED_ITEM('',(#2086),#1128);
#1064=STYLED_ITEM('',(#2086),#1129);
#1065=STYLED_ITEM('',(#2086),#1130);
#1066=STYLED_ITEM('',(#2086),#1131);
#1067=STYLED_ITEM('',(#2086),#1132);
#1068=STYLED_ITEM('',(#2084),#17);
#1069=ADVANCED_FACE('',(#279),#1004,.T.);
#1070=ADVANCED_FACE('',(#280),#1005,.T.);
#1071=ADVANCED_FACE('',(#281),#239,.F.);
#1072=ADVANCED_FACE('',(#282),#240,.T.);
#1073=ADVANCED_FACE('',(#283),#23,.T.);
#1074=ADVANCED_FACE('',(#284),#241,.F.);
#1075=ADVANCED_FACE('',(#285),#242,.F.);
#1076=ADVANCED_FACE('',(#286),#243,.F.);
#1077=ADVANCED_FACE('',(#287),#244,.F.);
#1078=ADVANCED_FACE('',(#288),#245,.F.);
#1079=ADVANCED_FACE('',(#289),#24,.T.);
#1080=ADVANCED_FACE('',(#290),#246,.F.);
#1081=ADVANCED_FACE('',(#291),#247,.F.);
#1082=ADVANCED_FACE('',(#292),#25,.T.);
#1083=ADVANCED_FACE('',(#293),#248,.F.);
#1084=ADVANCED_FACE('',(#294),#249,.T.);
#1085=ADVANCED_FACE('',(#295),#250,.T.);
#1086=ADVANCED_FACE('',(#296),#251,.T.);
#1087=ADVANCED_FACE('',(#297),#252,.T.);
#1088=ADVANCED_FACE('',(#298),#21,.T.);
#1089=ADVANCED_FACE('',(#299),#26,.F.);
#1090=ADVANCED_FACE('',(#300),#27,.F.);
#1091=ADVANCED_FACE('',(#301),#28,.F.);
#1092=ADVANCED_FACE('',(#302),#29,.F.);
#1093=ADVANCED_FACE('',(#303),#253,.F.);
#1094=ADVANCED_FACE('',(#304),#1006,.F.);
#1095=ADVANCED_FACE('',(#305,#18),#254,.T.);
#1096=ADVANCED_FACE('',(#306),#22,.T.);
#1097=ADVANCED_FACE('',(#307),#1007,.T.);
#1098=ADVANCED_FACE('',(#308),#30,.T.);
#1099=ADVANCED_FACE('',(#309),#255,.F.);
#1100=ADVANCED_FACE('',(#310),#256,.F.);
#1101=ADVANCED_FACE('',(#311),#257,.F.);
#1102=ADVANCED_FACE('',(#312),#258,.T.);
#1103=ADVANCED_FACE('',(#313),#259,.F.);
#1104=ADVANCED_FACE('',(#314),#260,.T.);
#1105=ADVANCED_FACE('',(#315),#31,.T.);
#1106=ADVANCED_FACE('',(#316),#32,.T.);
#1107=ADVANCED_FACE('',(#317),#33,.T.);
#1108=ADVANCED_FACE('',(#318),#34,.T.);
#1109=ADVANCED_FACE('',(#319),#35,.F.);
#1110=ADVANCED_FACE('',(#320),#261,.F.);
#1111=ADVANCED_FACE('',(#321),#262,.F.);
#1112=ADVANCED_FACE('',(#322),#263,.F.);
#1113=ADVANCED_FACE('',(#323),#264,.F.);
#1114=ADVANCED_FACE('',(#324),#265,.T.);
#1115=ADVANCED_FACE('',(#325),#266,.T.);
#1116=ADVANCED_FACE('',(#326),#36,.T.);
#1117=ADVANCED_FACE('',(#327),#267,.F.);
#1118=ADVANCED_FACE('',(#328),#268,.F.);
#1119=ADVANCED_FACE('',(#329),#269,.F.);
#1120=ADVANCED_FACE('',(#330),#37,.F.);
#1121=ADVANCED_FACE('',(#331),#38,.F.);
#1122=ADVANCED_FACE('',(#332),#270,.F.);
#1123=ADVANCED_FACE('',(#333),#271,.T.);
#1124=ADVANCED_FACE('',(#334),#272,.F.);
#1125=ADVANCED_FACE('',(#335),#273,.F.);
#1126=ADVANCED_FACE('',(#336),#39,.T.);
#1127=ADVANCED_FACE('',(#337),#40,.F.);
#1128=ADVANCED_FACE('',(#338),#274,.T.);
#1129=ADVANCED_FACE('',(#339),#275,.F.);
#1130=ADVANCED_FACE('',(#340),#276,.F.);
#1131=ADVANCED_FACE('',(#341),#277,.F.);
#1132=ADVANCED_FACE('',(#342),#278,.F.);
#1133=CLOSED_SHELL('',(#1069,#1070,#1071,#1072,#1073,#1074,#1075,#1076,
#1077,#1078,#1079,#1080,#1081,#1082,#1083,#1084,#1085,#1086,#1087,#1088,
#1089,#1090,#1091,#1092,#1093,#1094,#1095,#1096,#1097,#1098,#1099,#1100,
#1101,#1102,#1103,#1104,#1105,#1106,#1107,#1108));
#1134=CLOSED_SHELL('',(#1109,#1110,#1111,#1112,#1113,#1114));
#1135=CLOSED_SHELL('',(#1115,#1116,#1117,#1118,#1119,#1120));
#1136=CLOSED_SHELL('',(#1121,#1122,#1123,#1124,#1125,#1126));
#1137=CLOSED_SHELL('',(#1127,#1128,#1129,#1130,#1131,#1132));
#1138=DERIVED_UNIT_ELEMENT(#1140,1.);
#1139=DERIVED_UNIT_ELEMENT(#2070,-3.);
#1140=(
MASS_UNIT()
NAMED_UNIT(*)
SI_UNIT(.KILO.,.GRAM.)
);
#1141=DERIVED_UNIT((#1138,#1139));
#1142=MEASURE_REPRESENTATION_ITEM('density measure',
POSITIVE_RATIO_MEASURE(7850.),#1141);
#1143=PROPERTY_DEFINITION_REPRESENTATION(#1148,#1145);
#1144=PROPERTY_DEFINITION_REPRESENTATION(#1149,#1146);
#1145=REPRESENTATION('material name',(#1147),#2067);
#1146=REPRESENTATION('density',(#1142),#2067);
#1147=DESCRIPTIVE_REPRESENTATION_ITEM('Steel','Steel');
#1148=PROPERTY_DEFINITION('material property','material name',#2077);
#1149=PROPERTY_DEFINITION('material property','density of part',#2077);
#1150=AXIS2_PLACEMENT_3D('',#1579,#1260,#1261);
#1151=AXIS2_PLACEMENT_3D('',#1580,#1262,#1263);
#1152=AXIS2_PLACEMENT_3D('',#1583,#1264,#1265);
#1153=AXIS2_PLACEMENT_3D('',#1620,#1266,#1267);
#1154=AXIS2_PLACEMENT_3D('',#1655,#1268,#1269);
#1155=AXIS2_PLACEMENT_3D('',#1656,#1270,#1271);
#1156=AXIS2_PLACEMENT_3D('',#1658,#1272,#1273);
#1157=AXIS2_PLACEMENT_3D('',#1659,#1274,#1275);
#1158=AXIS2_PLACEMENT_3D('',#1660,#1276,#1277);
#1159=AXIS2_PLACEMENT_3D('',#1662,#1279,#1280);
#1160=AXIS2_PLACEMENT_3D('',#1663,#1281,#1282);
#1161=AXIS2_PLACEMENT_3D('',#1667,#1284,#1285);
#1162=AXIS2_PLACEMENT_3D('',#1668,#1286,#1287);
#1163=AXIS2_PLACEMENT_3D('',#1669,#1288,#1289);
#1164=AXIS2_PLACEMENT_3D('',#1676,#1292,#1293);
#1165=AXIS2_PLACEMENT_3D('',#1678,#1295,#1296);
#1166=AXIS2_PLACEMENT_3D('',#1685,#1299,#1300);
#1167=AXIS2_PLACEMENT_3D('',#1687,#1302,#1303);
#1168=AXIS2_PLACEMENT_3D('',#1693,#1307,#1308);
#1169=AXIS2_PLACEMENT_3D('',#1699,#1312,#1313);
#1170=AXIS2_PLACEMENT_3D('',#1705,#1317,#1318);
#1171=AXIS2_PLACEMENT_3D('',#1708,#1320,#1321);
#1172=AXIS2_PLACEMENT_3D('',#1709,#1322,#1323);
#1173=AXIS2_PLACEMENT_3D('',#1713,#1326,#1327);
#1174=AXIS2_PLACEMENT_3D('',#1719,#1331,#1332);
#1175=AXIS2_PLACEMENT_3D('',#1722,#1334,#1335);
#1176=AXIS2_PLACEMENT_3D('',#1723,#1336,#1337);
#1177=AXIS2_PLACEMENT_3D('',#1727,#1340,#1341);
#1178=AXIS2_PLACEMENT_3D('',#1729,#1343,#1344);
#1179=AXIS2_PLACEMENT_3D('',#1732,#1345,#1346);
#1180=AXIS2_PLACEMENT_3D('',#1736,#1348,#1349);
#1181=AXIS2_PLACEMENT_3D('',#1738,#1351,#1352);
#1182=AXIS2_PLACEMENT_3D('',#1741,#1353,#1354);
#1183=AXIS2_PLACEMENT_3D('',#1745,#1356,#1357);
#1184=AXIS2_PLACEMENT_3D('',#1747,#1359,#1360);
#1185=AXIS2_PLACEMENT_3D('',#1792,#1362,#1363);
#1186=AXIS2_PLACEMENT_3D('',#1807,#1364,#1365);
#1187=AXIS2_PLACEMENT_3D('',#1810,#1366,#1367);
#1188=AXIS2_PLACEMENT_3D('',#1814,#1369,#1370);
#1189=AXIS2_PLACEMENT_3D('',#1816,#1372,#1373);
#1190=AXIS2_PLACEMENT_3D('',#1820,#1375,#1376);
#1191=AXIS2_PLACEMENT_3D('',#1822,#1378,#1379);
#1192=AXIS2_PLACEMENT_3D('',#1825,#1380,#1381);
#1193=AXIS2_PLACEMENT_3D('',#1829,#1383,#1384);
#1194=AXIS2_PLACEMENT_3D('',#1831,#1386,#1387);
#1195=AXIS2_PLACEMENT_3D('',#1835,#1389,#1390);
#1196=AXIS2_PLACEMENT_3D('',#1837,#1392,#1393);
#1197=AXIS2_PLACEMENT_3D('',#1847,#1400,#1401);
#1198=AXIS2_PLACEMENT_3D('',#1849,#1402,#1403);
#1199=AXIS2_PLACEMENT_3D('',#1864,#1404,#1405);
#1200=AXIS2_PLACEMENT_3D('',#1869,#1409,#1410);
#1201=AXIS2_PLACEMENT_3D('',#1913,#1411,#1412);
#1202=AXIS2_PLACEMENT_3D('',#1915,#1413,#1414);
#1203=AXIS2_PLACEMENT_3D('',#1916,#1415,#1416);
#1204=AXIS2_PLACEMENT_3D('',#1917,#1417,#1418);
#1205=AXIS2_PLACEMENT_3D('',#1919,#1419,#1420);
#1206=AXIS2_PLACEMENT_3D('',#1920,#1421,#1422);
#1207=AXIS2_PLACEMENT_3D('',#1921,#1423,#1424);
#1208=AXIS2_PLACEMENT_3D('',#1923,#1426,#1427);
#1209=AXIS2_PLACEMENT_3D('',#1932,#1433,#1434);
#1210=AXIS2_PLACEMENT_3D('',#1934,#1435,#1436);
#1211=AXIS2_PLACEMENT_3D('',#1937,#1438,#1439);
#1212=AXIS2_PLACEMENT_3D('',#1939,#1440,#1441);
#1213=AXIS2_PLACEMENT_3D('',#1942,#1443,#1444);
#1214=AXIS2_PLACEMENT_3D('',#1943,#1445,#1446);
#1215=AXIS2_PLACEMENT_3D('',#1950,#1451,#1452);
#1216=AXIS2_PLACEMENT_3D('',#1951,#1453,#1454);
#1217=AXIS2_PLACEMENT_3D('',#1952,#1455,#1456);
#1218=AXIS2_PLACEMENT_3D('',#1955,#1459,#1460);
#1219=AXIS2_PLACEMENT_3D('',#1956,#1461,#1462);
#1220=AXIS2_PLACEMENT_3D('',#1957,#1463,#1464);
#1221=AXIS2_PLACEMENT_3D('',#1958,#1465,#1466);
#1222=AXIS2_PLACEMENT_3D('',#1959,#1467,#1468);
#1223=AXIS2_PLACEMENT_3D('',#1960,#1469,#1470);
#1224=AXIS2_PLACEMENT_3D('',#1961,#1471,#1472);
#1225=AXIS2_PLACEMENT_3D('',#1966,#1474,#1475);
#1226=AXIS2_PLACEMENT_3D('',#1969,#1477,#1478);
#1227=AXIS2_PLACEMENT_3D('',#1970,#1479,#1480);
#1228=AXIS2_PLACEMENT_3D('',#1976,#1484,#1485);
#1229=AXIS2_PLACEMENT_3D('',#1980,#1488,#1489);
#1230=AXIS2_PLACEMENT_3D('',#1984,#1492,#1493);
#1231=AXIS2_PLACEMENT_3D('',#1986,#1495,#1496);
#1232=AXIS2_PLACEMENT_3D('',#1987,#1497,#1498);
#1233=AXIS2_PLACEMENT_3D('',#1990,#1499,#1500);
#1234=AXIS2_PLACEMENT_3D('',#1994,#1502,#1503);
#1235=AXIS2_PLACEMENT_3D('',#1996,#1505,#1506);
#1236=AXIS2_PLACEMENT_3D('',#1999,#1507,#1508);
#1237=AXIS2_PLACEMENT_3D('',#2002,#1511,#1512);
#1238=AXIS2_PLACEMENT_3D('',#2006,#1515,#1516);
#1239=AXIS2_PLACEMENT_3D('',#2008,#1517,#1518);
#1240=AXIS2_PLACEMENT_3D('',#2010,#1520,#1521);
#1241=AXIS2_PLACEMENT_3D('',#2012,#1523,#1524);
#1242=AXIS2_PLACEMENT_3D('',#2013,#1525,#1526);
#1243=AXIS2_PLACEMENT_3D('',#2018,#1528,#1529);
#1244=AXIS2_PLACEMENT_3D('',#2021,#1531,#1532);
#1245=AXIS2_PLACEMENT_3D('',#2022,#1533,#1534);
#1246=AXIS2_PLACEMENT_3D('',#2028,#1538,#1539);
#1247=AXIS2_PLACEMENT_3D('',#2031,#1541,#1542);
#1248=AXIS2_PLACEMENT_3D('',#2032,#1543,#1544);
#1249=AXIS2_PLACEMENT_3D('',#2034,#1545,#1546);
#1250=AXIS2_PLACEMENT_3D('',#2036,#1548,#1549);
#1251=AXIS2_PLACEMENT_3D('',#2038,#1551,#1552);
#1252=AXIS2_PLACEMENT_3D('',#2039,#1553,#1554);
#1253=AXIS2_PLACEMENT_3D('',#2044,#1556,#1557);
#1254=AXIS2_PLACEMENT_3D('',#2047,#1559,#1560);
#1255=AXIS2_PLACEMENT_3D('',#2048,#1561,#1562);
#1256=AXIS2_PLACEMENT_3D('',#2054,#1566,#1567);
#1257=AXIS2_PLACEMENT_3D('',#2058,#1570,#1571);
#1258=AXIS2_PLACEMENT_3D('',#2062,#1574,#1575);
#1259=AXIS2_PLACEMENT_3D('',#2064,#1577,#1578);
#1260=DIRECTION('axis',(0.,0.,1.));
#1261=DIRECTION('refdir',(1.,0.,0.));
#1262=DIRECTION('center_axis',(0.,0.,1.));
#1263=DIRECTION('ref_axis',(-1.,1.224646799147E-16,0.));
#1264=DIRECTION('center_axis',(0.,0.,-1.));
#1265=DIRECTION('ref_axis',(-1.,1.224646799147E-16,0.));
#1266=DIRECTION('center_axis',(0.,0.,-1.));
#1267=DIRECTION('ref_axis',(-1.,1.224646799147E-16,0.));
#1268=DIRECTION('center_axis',(0.,0.,1.));
#1269=DIRECTION('ref_axis',(1.,3.53261774119284E-29,0.));
#1270=DIRECTION('center_axis',(0.,0.,-1.));
#1271=DIRECTION('ref_axis',(-1.,1.224646799147E-16,0.));
#1272=DIRECTION('center_axis',(0.,0.,-1.));
#1273=DIRECTION('ref_axis',(-1.,1.224646799147E-16,0.));
#1274=DIRECTION('center_axis',(0.,0.,-1.));
#1275=DIRECTION('ref_axis',(-1.,1.224646799147E-16,0.));
#1276=DIRECTION('center_axis',(0.,0.,-1.));
#1277=DIRECTION('ref_axis',(-1.,1.224646799147E-16,0.));
#1278=DIRECTION('',(-1.224646799147E-16,-1.,0.));
#1279=DIRECTION('center_axis',(0.,0.,1.));
#1280=DIRECTION('ref_axis',(-1.,1.224646799147E-16,0.));
#1281=DIRECTION('center_axis',(0.,0.,1.));
#1282=DIRECTION('ref_axis',(-1.,1.224646799147E-16,0.));
#1283=DIRECTION('',(0.,0.,-1.));
#1284=DIRECTION('center_axis',(0.,0.,-1.));
#1285=DIRECTION('ref_axis',(-0.809016994374948,-0.587785252292473,0.));
#1286=DIRECTION('center_axis',(0.,0.,-1.));
#1287=DIRECTION('ref_axis',(-0.809016994374948,-0.587785252292473,0.));
#1288=DIRECTION('center_axis',(0.,0.,1.));
#1289=DIRECTION('ref_axis',(1.,-2.449293598295E-16,0.));
#1290=DIRECTION('',(2.449293598295E-16,1.,0.));
#1291=DIRECTION('',(1.,-2.115391936753E-16,0.));
#1292=DIRECTION('center_axis',(0.,0.,1.));
#1293=DIRECTION('ref_axis',(-1.121498978171E-15,1.,0.));
#1294=DIRECTION('',(-1.,2.449293598295E-16,0.));
#1295=DIRECTION('center_axis',(0.,0.,1.));
#1296=DIRECTION('ref_axis',(-1.,1.224646799147E-16,0.));
#1297=DIRECTION('',(-1.224646799147E-16,-1.,0.));
#1298=DIRECTION('',(-1.,8.90745137606E-17,0.));
#1299=DIRECTION('center_axis',(0.,0.,1.));
#1300=DIRECTION('ref_axis',(1.243963658085E-15,-1.,0.));
#1301=DIRECTION('',(1.,-1.224646799147E-16,0.));
#1302=DIRECTION('center_axis',(-1.,2.449293598295E-16,0.));
#1303=DIRECTION('ref_axis',(2.449293598295E-16,1.,0.));
#1304=DIRECTION('',(0.,0.,1.));
#1305=DIRECTION('',(0.,0.,1.));
#1306=DIRECTION('',(2.449293598295E-16,1.,0.));
#1307=DIRECTION('center_axis',(1.,-1.224646799147E-16,0.));
#1308=DIRECTION('ref_axis',(-1.224646799147E-16,-1.,0.));
#1309=DIRECTION('',(0.,0.,1.));
#1310=DIRECTION('',(0.,0.,1.));
#1311=DIRECTION('',(-1.224646799147E-16,-1.,0.));
#1312=DIRECTION('center_axis',(2.115391936753E-16,1.,0.));
#1313=DIRECTION('ref_axis',(1.,-2.115391936753E-16,0.));
#1314=DIRECTION('',(0.,0.,1.));
#1315=DIRECTION('',(1.,-2.115391936753E-16,0.));
#1316=DIRECTION('',(1.,-2.115391936753E-16,0.));
#1317=DIRECTION('center_axis',(0.,0.,-1.));
#1318=DIRECTION('ref_axis',(-1.121498978171E-15,1.,0.));
#1319=DIRECTION('',(0.,0.,1.));
#1320=DIRECTION('center_axis',(0.,0.,1.));
#1321=DIRECTION('ref_axis',(-1.121498978171E-15,1.,0.));
#1322=DIRECTION('center_axis',(-2.449293598295E-16,-1.,0.));
#1323=DIRECTION('ref_axis',(-1.,2.449293598295E-16,0.));
#1324=DIRECTION('',(-1.,2.449293598295E-16,0.));
#1325=DIRECTION('',(-1.,2.449293598295E-16,0.));
#1326=DIRECTION('center_axis',(-8.90745137606E-17,-1.,0.));
#1327=DIRECTION('ref_axis',(-1.,8.90745137606E-17,0.));
#1328=DIRECTION('',(0.,0.,1.));
#1329=DIRECTION('',(-1.,8.90745137606E-17,0.));
#1330=DIRECTION('',(-1.,8.90745137606E-17,0.));
#1331=DIRECTION('center_axis',(0.,0.,-1.));
#1332=DIRECTION('ref_axis',(1.243963658085E-15,-1.,0.));
#1333=DIRECTION('',(0.,0.,1.));
#1334=DIRECTION('center_axis',(0.,0.,1.));
#1335=DIRECTION('ref_axis',(1.243963658085E-15,-1.,0.));
#1336=DIRECTION('center_axis',(1.224646799147E-16,1.,0.));
#1337=DIRECTION('ref_axis',(1.,-1.224646799147E-16,0.));
#1338=DIRECTION('',(1.,-1.224646799147E-16,0.));
#1339=DIRECTION('',(1.,-1.224646799147E-16,0.));
#1340=DIRECTION('center_axis',(0.,0.,1.));
#1341=DIRECTION('ref_axis',(1.,-2.449293598295E-16,0.));
#1342=DIRECTION('',(1.224646799147E-16,1.,0.));
#1343=DIRECTION('center_axis',(-6.300542223781E-34,7.715938867246E-50,1.));
#1344=DIRECTION('ref_axis',(-1.,1.224646799147E-16,-6.300542223781E-34));
#1345=DIRECTION('center_axis',(6.300542223781E-34,-7.715938867246E-50,-1.));
#1346=DIRECTION('ref_axis',(1.,0.,0.));
#1347=DIRECTION('',(-1.,1.224646799147E-16,0.));
#1348=DIRECTION('center_axis',(0.,0.,1.));
#1349=DIRECTION('ref_axis',(-1.,1.224646799147E-16,0.));
#1350=DIRECTION('',(1.224646799147E-16,1.,0.));
#1351=DIRECTION('center_axis',(0.,0.,1.));
#1352=DIRECTION('ref_axis',(-1.,1.224646799147E-16,0.));
#1353=DIRECTION('center_axis',(0.,0.,-1.));
#1354=DIRECTION('ref_axis',(1.,0.,0.));
#1355=DIRECTION('',(-1.224646799147E-16,-1.,0.));
#1356=DIRECTION('center_axis',(0.,0.,-1.));
#1357=DIRECTION('ref_axis',(-1.,1.224646799147E-16,0.));
#1358=DIRECTION('',(-1.,1.224646799147E-16,0.));
#1359=DIRECTION('center_axis',(0.,0.,1.));
#1360=DIRECTION('ref_axis',(-1.,1.224646799147E-16,0.));
#1361=DIRECTION('',(-1.224646799147E-16,-1.,0.));
#1362=DIRECTION('center_axis',(2.61399903027862E-10,1.,1.01387535797349E-10));
#1363=DIRECTION('ref_axis',(-1.,2.6139990302777E-10,9.02056207526341E-13));
#1364=DIRECTION('center_axis',(0.,0.,-1.));
#1365=DIRECTION('ref_axis',(-1.,1.224646799147E-16,0.));
#1366=DIRECTION('center_axis',(0.,0.,1.));
#1367=DIRECTION('ref_axis',(-1.,1.224646799147E-16,0.));
#1368=DIRECTION('',(0.,0.,-1.));
#1369=DIRECTION('center_axis',(0.,0.,1.));
#1370=DIRECTION('ref_axis',(-1.,1.224646799147E-16,0.));
#1371=DIRECTION('',(0.,0.,-1.));
#1372=DIRECTION('center_axis',(0.,0.,-1.));
#1373=DIRECTION('ref_axis',(-1.,1.224646799147E-16,0.));
#1374=DIRECTION('',(0.,0.,-1.));
#1375=DIRECTION('center_axis',(0.,0.,1.));
#1376=DIRECTION('ref_axis',(-1.,1.224646799147E-16,0.));
#1377=DIRECTION('',(0.,0.,-1.));
#1378=DIRECTION('center_axis',(0.,0.,-1.));
#1379=DIRECTION('ref_axis',(-1.,1.224646799147E-16,0.));
#1380=DIRECTION('center_axis',(0.,0.,1.));
#1381=DIRECTION('ref_axis',(-1.,1.224646799147E-16,0.));
#1382=DIRECTION('',(0.,0.,-1.));
#1383=DIRECTION('center_axis',(0.,0.,-1.));
#1384=DIRECTION('ref_axis',(-1.,1.224646799147E-16,0.));
#1385=DIRECTION('',(0.,0.,-1.));
#1386=DIRECTION('center_axis',(0.,0.,-1.));
#1387=DIRECTION('ref_axis',(-1.,1.224646799147E-16,0.));
#1388=DIRECTION('',(0.,0.,-1.));
#1389=DIRECTION('center_axis',(0.,0.,1.));
#1390=DIRECTION('ref_axis',(-1.,1.224646799147E-16,0.));
#1391=DIRECTION('',(0.,0.,-1.));
#1392=DIRECTION('center_axis',(1.,-1.224646799147E-16,0.));
#1393=DIRECTION('ref_axis',(-1.224646799147E-16,-1.,0.));
#1394=DIRECTION('',(0.,0.,1.));
#1395=DIRECTION('',(-1.224646799147E-16,-1.,0.));
#1396=DIRECTION('',(-1.224646799147E-16,-1.,0.));
#1397=DIRECTION('',(0.,0.,-1.));
#1398=DIRECTION('',(-1.224646799147E-16,-1.,0.));
#1399=DIRECTION('',(-1.224646799147E-16,-1.,1.245168191405E-33));
#1400=DIRECTION('center_axis',(0.,0.,1.));
#1401=DIRECTION('ref_axis',(1.,0.,0.));
#1402=DIRECTION('center_axis',(-1.22464679914735E-16,1.,0.));
#1403=DIRECTION('ref_axis',(-1.,-1.22464679914735E-16,0.));
#1404=DIRECTION('center_axis',(1.863333581871E-33,1.245168191405E-33,1.));
#1405=DIRECTION('ref_axis',(-1.,1.224646799147E-16,1.863333581871E-33));
#1406=DIRECTION('',(1.,-1.224646799147E-16,-1.863333581871E-33));
#1407=DIRECTION('',(1.224646799147E-16,1.,-1.245168191405E-33));
#1408=DIRECTION('',(-1.,1.224646799147E-16,1.863333581871E-33));
#1409=DIRECTION('center_axis',(0.,0.,-1.));
#1410=DIRECTION('ref_axis',(-1.,1.224646799147E-16,0.));
#1411=DIRECTION('center_axis',(-2.5101660400888E-10,1.,3.85000414355141E-10));
#1412=DIRECTION('ref_axis',(-0.0909090908691687,-4.0622589415791E-10,0.995859195467583));
#1413=DIRECTION('center_axis',(0.,0.,-1.));
#1414=DIRECTION('ref_axis',(-0.809016994374948,-0.587785252292473,0.));
#1415=DIRECTION('center_axis',(0.,0.,-1.));
#1416=DIRECTION('ref_axis',(-0.809016994374948,-0.587785252292473,0.));
#1417=DIRECTION('center_axis',(0.,0.,-1.));
#1418=DIRECTION('ref_axis',(-1.,1.224646799147E-16,0.));
#1419=DIRECTION('center_axis',(-2.44929359829435E-16,-1.,0.));
#1420=DIRECTION('ref_axis',(1.,-2.44929359829435E-16,0.));
#1421=DIRECTION('center_axis',(0.,0.,-1.));
#1422=DIRECTION('ref_axis',(-1.,1.224646799147E-16,0.));
#1423=DIRECTION('center_axis',(0.,0.,1.));
#1424=DIRECTION('ref_axis',(-1.,1.224646799147E-16,0.));
#1425=DIRECTION('',(0.,0.,-1.));
#1426=DIRECTION('center_axis',(-1.,1.224646799147E-16,0.));
#1427=DIRECTION('ref_axis',(1.224646799147E-16,1.,0.));
#1428=DIRECTION('',(0.,0.,-1.));
#1429=DIRECTION('',(1.224646799147E-16,1.,0.));
#1430=DIRECTION('',(0.,0.,1.));
#1431=DIRECTION('',(1.224646799147E-16,1.,0.));
#1432=DIRECTION('',(1.224646799147E-16,1.,0.));
#1433=DIRECTION('center_axis',(-6.300542223781E-34,7.715938867246E-50,1.));
#1434=DIRECTION('ref_axis',(-1.,1.224646799147E-16,-6.300542223781E-34));
#1435=DIRECTION('center_axis',(-6.300542223781E-34,7.715938867246E-50,1.));
#1436=DIRECTION('ref_axis',(1.,0.,0.));
#1437=DIRECTION('',(-1.,1.224646799147E-16,0.));
#1438=DIRECTION('center_axis',(-6.300542223781E-34,7.715938867246E-50,1.));
#1439=DIRECTION('ref_axis',(1.,0.,0.));
#1440=DIRECTION('center_axis',(-6.300542223781E-34,7.715938867246E-50,1.));
#1441=DIRECTION('ref_axis',(1.,0.,0.));
#1442=DIRECTION('',(1.,-1.224646799147E-16,0.));
#1443=DIRECTION('center_axis',(-6.300542223781E-34,7.715938867246E-50,1.));
#1444=DIRECTION('ref_axis',(1.,0.,0.));
#1445=DIRECTION('center_axis',(1.224646799147E-16,1.,0.));
#1446=DIRECTION('ref_axis',(1.,-1.224646799147E-16,0.));
#1447=DIRECTION('',(0.,0.,1.));
#1448=DIRECTION('',(0.,0.,-1.));
#1449=DIRECTION('',(1.,-1.224646799147E-16,0.));
#1450=DIRECTION('',(-1.,1.224646799147E-16,0.));
#1451=DIRECTION('center_axis',(-6.300542223781E-34,7.715938867246E-50,1.));
#1452=DIRECTION('ref_axis',(-1.,1.224646799147E-16,-6.300542223781E-34));
#1453=DIRECTION('center_axis',(6.300542223781E-34,-7.715938867246E-50,-1.));
#1454=DIRECTION('ref_axis',(1.,0.,0.));
#1455=DIRECTION('center_axis',(-1.224646799147E-16,-1.,0.));
#1456=DIRECTION('ref_axis',(-1.,1.224646799147E-16,0.));
#1457=DIRECTION('',(0.,0.,-1.));
#1458=DIRECTION('',(0.,0.,1.));
#1459=DIRECTION('center_axis',(0.,0.,1.));
#1460=DIRECTION('ref_axis',(-1.,1.224646799147E-16,0.));
#1461=DIRECTION('center_axis',(0.,0.,-1.));
#1462=DIRECTION('ref_axis',(1.,0.,0.));
#1463=DIRECTION('center_axis',(0.,0.,1.));
#1464=DIRECTION('ref_axis',(1.,0.,0.));
#1465=DIRECTION('center_axis',(0.,0.,1.));
#1466=DIRECTION('ref_axis',(1.,0.,0.));
#1467=DIRECTION('center_axis',(0.,0.,1.));
#1468=DIRECTION('ref_axis',(1.,0.,0.));
#1469=DIRECTION('center_axis',(0.,0.,1.));
#1470=DIRECTION('ref_axis',(1.,0.,0.));
#1471=DIRECTION('center_axis',(0.,0.,1.));
#1472=DIRECTION('ref_axis',(1.,0.,0.));
#1473=DIRECTION('',(0.,0.,1.));
#1474=DIRECTION('center_axis',(-6.300542223781E-34,7.715938867246E-50,1.));
#1475=DIRECTION('ref_axis',(1.,0.,0.));
#1476=DIRECTION('',(0.,0.,-1.));
#1477=DIRECTION('center_axis',(0.,0.,-1.));
#1478=DIRECTION('ref_axis',(1.,0.,0.));
#1479=DIRECTION('center_axis',(1.,-1.224646799147E-16,0.));
#1480=DIRECTION('ref_axis',(-1.224646799147E-16,-1.,0.));
#1481=DIRECTION('',(-1.224646799147E-16,-1.,0.));
#1482=DIRECTION('',(0.,0.,1.));
#1483=DIRECTION('',(-1.224646799147E-16,-1.,0.));
#1484=DIRECTION('center_axis',(-6.300542223781E-34,7.715938867246E-50,1.));
#1485=DIRECTION('ref_axis',(-1.,1.224646799147E-16,-6.300542223781E-34));
#1486=DIRECTION('',(1.,-1.224646799147E-16,0.));
#1487=DIRECTION('',(0.707106781186548,-0.707106781186548,0.));
#1488=DIRECTION('center_axis',(1.224646799147E-16,1.,0.));
#1489=DIRECTION('ref_axis',(1.,-1.224646799147E-16,0.));
#1490=DIRECTION('',(-1.,1.224646799147E-16,0.));
#1491=DIRECTION('',(0.,0.,1.));
#1492=DIRECTION('center_axis',(0.707106781186548,0.707106781186548,0.));
#1493=DIRECTION('ref_axis',(0.707106781186548,-0.707106781186548,0.));
#1494=DIRECTION('',(0.707106781186548,-0.707106781186548,0.));
#1495=DIRECTION('center_axis',(0.,0.,1.));
#1496=DIRECTION('ref_axis',(-1.,1.224646799147E-16,0.));
#1497=DIRECTION('center_axis',(-6.300542223781E-34,7.715938867246E-50,1.));
#1498=DIRECTION('ref_axis',(-1.,1.224646799147E-16,-6.300542223781E-34));
#1499=DIRECTION('center_axis',(6.300542223781E-34,-7.715938867246E-50,-1.));
#1500=DIRECTION('ref_axis',(1.,0.,0.));
#1501=DIRECTION('',(1.,-1.224646799147E-16,0.));
#1502=DIRECTION('center_axis',(0.,0.,-1.));
#1503=DIRECTION('ref_axis',(1.224646799147E-16,1.,0.));
#1504=DIRECTION('',(1.224646799147E-16,1.,0.));
#1505=DIRECTION('center_axis',(0.,0.,1.));
#1506=DIRECTION('ref_axis',(1.,-1.224646799147E-16,0.));
#1507=DIRECTION('center_axis',(0.,0.,-1.));
#1508=DIRECTION('ref_axis',(1.224646799147E-16,1.,0.));
#1509=DIRECTION('',(0.,0.,1.));
#1510=DIRECTION('',(0.,0.,1.));
#1511=DIRECTION('center_axis',(-1.,1.224646799147E-16,0.));
#1512=DIRECTION('ref_axis',(1.224646799147E-16,1.,0.));
#1513=DIRECTION('',(0.,0.,1.));
#1514=DIRECTION('',(1.224646799147E-16,1.,0.));
#1515=DIRECTION('center_axis',(-6.300542223781E-34,7.715938867246E-50,1.));
#1516=DIRECTION('ref_axis',(-1.,1.224646799147E-16,-6.300542223781E-34));
#1517=DIRECTION('center_axis',(-6.300542223781E-34,7.715938867246E-50,1.));
#1518=DIRECTION('ref_axis',(1.,0.,0.));
#1519=DIRECTION('',(1.,-1.224646799147E-16,0.));
#1520=DIRECTION('center_axis',(1.224646799147E-16,1.,0.));
#1521=DIRECTION('ref_axis',(1.,-1.224646799147E-16,0.));
#1522=DIRECTION('',(0.,0.,-1.));
#1523=DIRECTION('center_axis',(0.,0.,1.));
#1524=DIRECTION('ref_axis',(1.,0.,0.));
#1525=DIRECTION('center_axis',(0.,0.,1.));
#1526=DIRECTION('ref_axis',(1.,0.,0.));
#1527=DIRECTION('',(0.,0.,-1.));
#1528=DIRECTION('center_axis',(6.300542223781E-34,-7.715938867246E-50,-1.));
#1529=DIRECTION('ref_axis',(1.,0.,0.));
#1530=DIRECTION('',(0.,0.,1.));
#1531=DIRECTION('center_axis',(-6.300542223781E-34,7.715938867246E-50,1.));
#1532=DIRECTION('ref_axis',(1.,0.,0.));
#1533=DIRECTION('center_axis',(-1.224646799147E-16,-1.,0.));
#1534=DIRECTION('ref_axis',(-1.,1.224646799147E-16,0.));
#1535=DIRECTION('',(-1.,1.224646799147E-16,0.));
#1536=DIRECTION('',(0.,0.,1.));
#1537=DIRECTION('',(-1.,1.224646799147E-16,0.));
#1538=DIRECTION('center_axis',(-6.300542223781E-34,7.715938867246E-50,1.));
#1539=DIRECTION('ref_axis',(-1.,1.224646799147E-16,-6.300542223781E-34));
#1540=DIRECTION('',(1.224646799147E-16,1.,0.));
#1541=DIRECTION('center_axis',(0.,0.,-1.));
#1542=DIRECTION('ref_axis',(1.224646799147E-16,1.,0.));
#1543=DIRECTION('center_axis',(-6.300542223781E-34,7.715938867246E-50,1.));
#1544=DIRECTION('ref_axis',(-1.,1.224646799147E-16,-6.300542223781E-34));
#1545=DIRECTION('center_axis',(0.,0.,-1.));
#1546=DIRECTION('ref_axis',(1.224646799147E-16,1.,0.));
#1547=DIRECTION('',(1.224646799147E-16,1.,0.));
#1548=DIRECTION('center_axis',(-1.,1.224646799147E-16,0.));
#1549=DIRECTION('ref_axis',(1.224646799147E-16,1.,0.));
#1550=DIRECTION('',(0.,0.,1.));
#1551=DIRECTION('center_axis',(0.,0.,1.));
#1552=DIRECTION('ref_axis',(1.224646799147E-16,1.,0.));
#1553=DIRECTION('center_axis',(0.,0.,1.));
#1554=DIRECTION('ref_axis',(1.,0.,0.));
#1555=DIRECTION('',(0.,0.,-1.));
#1556=DIRECTION('center_axis',(0.,0.,-1.));
#1557=DIRECTION('ref_axis',(1.,0.,0.));
#1558=DIRECTION('',(0.,0.,1.));
#1559=DIRECTION('center_axis',(-6.300542223781E-34,7.715938867246E-50,1.));
#1560=DIRECTION('ref_axis',(1.,0.,0.));
#1561=DIRECTION('center_axis',(0.,0.,1.));
#1562=DIRECTION('ref_axis',(-1.,1.224646799147E-16,0.));
#1563=DIRECTION('',(-1.,1.224646799147E-16,0.));
#1564=DIRECTION('',(-0.707106781186548,-0.707106781186548,0.));
#1565=DIRECTION('',(-1.224646799147E-16,-1.,0.));
#1566=DIRECTION('center_axis',(1.,-1.224646799147E-16,0.));
#1567=DIRECTION('ref_axis',(-1.224646799147E-16,-1.,0.));
#1568=DIRECTION('',(0.,0.,1.));
#1569=DIRECTION('',(-1.224646799147E-16,-1.,0.));
#1570=DIRECTION('center_axis',(-1.224646799147E-16,-1.,0.));
#1571=DIRECTION('ref_axis',(-1.,1.224646799147E-16,0.));
#1572=DIRECTION('',(-1.,1.224646799147E-16,0.));
#1573=DIRECTION('',(0.,0.,1.));
#1574=DIRECTION('center_axis',(-6.300542223781E-34,7.715938867246E-50,1.));
#1575=DIRECTION('ref_axis',(-1.,1.224646799147E-16,-6.300542223781E-34));
#1576=DIRECTION('',(-0.707106781186548,-0.707106781186548,0.));
#1577=DIRECTION('center_axis',(0.707106781186548,-0.707106781186548,0.));
#1578=DIRECTION('ref_axis',(-0.707106781186548,-0.707106781186548,0.));
#1579=CARTESIAN_POINT('',(0.,0.,0.));
#1580=CARTESIAN_POINT('Origin',(0.,0.,11.166666666667));
#1581=CARTESIAN_POINT('',(1.2,-3.25234957804,11.7));
#1582=CARTESIAN_POINT('',(1.2,3.25234957804,11.7));
#1583=CARTESIAN_POINT('Origin',(0.,0.,11.7));
#1584=CARTESIAN_POINT('',(1.2,3.815756805668,11.166666666667));
#1585=CARTESIAN_POINT('Ctrl Pts',(1.19999999999994,3.8157568056678,11.166666666667));
#1586=CARTESIAN_POINT('Ctrl Pts',(1.20000000080714,3.81575680541395,11.1935727792278));
#1587=CARTESIAN_POINT('Ctrl Pts',(1.20000330814468,3.8136169400572,11.2204782063742));
#1588=CARTESIAN_POINT('Ctrl Pts',(1.20000516715222,3.80936551971057,11.2470660667155));
#1589=CARTESIAN_POINT('Ctrl Pts',(1.20000702657666,3.80511314592391,11.2736598897536));
#1590=CARTESIAN_POINT('Ctrl Pts',(1.2000074086316,3.79874839099334,11.2999353903151));
#1591=CARTESIAN_POINT('Ctrl Pts',(1.20000591588299,3.79035068701233,11.3255848321904));
#1592=CARTESIAN_POINT('Ctrl Pts',(1.20000442126107,3.78194244443087,11.3512664625329));
#1593=CARTESIAN_POINT('Ctrl Pts',(1.20000100748634,3.77149637795895,11.3763198779408));
#1594=CARTESIAN_POINT('Ctrl Pts',(1.2000001619581,3.75914081032708,11.4004545765173));
#1595=CARTESIAN_POINT('Ctrl Pts',(1.2000000585502,3.75762972748424,11.4034062441398));
#1596=CARTESIAN_POINT('Ctrl Pts',(1.20000000000006,3.75609014059308,11.4063441991302));
#1597=CARTESIAN_POINT('Ctrl Pts',(1.20000000000006,3.75452233117041,11.4092679353836));
#1598=CARTESIAN_POINT('Ctrl Pts',(1.2000000000001,3.74144388695152,11.43365732924));
#1599=CARTESIAN_POINT('Ctrl Pts',(1.20000528781639,3.72639777774752,11.4570543431471));
#1600=CARTESIAN_POINT('Ctrl Pts',(1.20000820192986,3.70957455117538,11.4791879944412));
#1601=CARTESIAN_POINT('Ctrl Pts',(1.20001120630719,3.69223022980763,11.5020072294696));
#1602=CARTESIAN_POINT('Ctrl Pts',(1.20001154156927,3.67299726331132,11.5234829754094));
#1603=CARTESIAN_POINT('Ctrl Pts',(1.20000876457867,3.65212657974613,11.5433571847884));
#1604=CARTESIAN_POINT('Ctrl Pts',(1.20000598758806,3.63125589618094,11.5632313941674));
#1605=CARTESIAN_POINT('Ctrl Pts',(1.19999999999996,3.60874807075854,11.5815036870744));
#1606=CARTESIAN_POINT('Ctrl Pts',(1.19999999999994,3.5848887676705,11.5979618843072));
#1607=CARTESIAN_POINT('Ctrl Pts',(1.19999999999993,3.56088671465242,11.6145185507407));
#1608=CARTESIAN_POINT('Ctrl Pts',(1.20001985814981,3.53551468193175,11.6292385436527));
#1609=CARTESIAN_POINT('Ctrl Pts',(1.20003610816756,3.5090925527891,11.641962333829));
#1610=CARTESIAN_POINT('Ctrl Pts',(1.20005235678753,3.48267269638874,11.6546850295479));
#1611=CARTESIAN_POINT('Ctrl Pts',(1.20006486441157,3.45520341319713,11.6654117651828));
#1612=CARTESIAN_POINT('Ctrl Pts',(1.20006512258116,3.42701902734375,11.6740308521384));
#1613=CARTESIAN_POINT('Ctrl Pts',(1.20006538084042,3.39882485292835,11.6826529325411));
#1614=CARTESIAN_POINT('Ctrl Pts',(1.20005330566147,3.36991556505286,11.6891658512622));
#1615=CARTESIAN_POINT('Ctrl Pts',(1.20003692024255,3.34063304899163,11.6935067622933));
#1616=CARTESIAN_POINT('Ctrl Pts',(1.20002059746284,3.31146247597064,11.6978310786173));
#1617=CARTESIAN_POINT('Ctrl Pts',(1.2,3.28192199132265,11.7));
#1618=CARTESIAN_POINT('Ctrl Pts',(1.2,3.25234957804,11.7));
#1619=CARTESIAN_POINT('',(1.2,-3.815756805668,11.166666666667));
#1620=CARTESIAN_POINT('Origin',(0.,0.,11.166666666667));
#1621=CARTESIAN_POINT('Ctrl Pts',(1.19999999999994,-3.8157568056678,11.166666666667));
#1622=CARTESIAN_POINT('Ctrl Pts',(1.20000000080714,-3.81575680541395,11.1935727792318));
#1623=CARTESIAN_POINT('Ctrl Pts',(1.20000330814467,-3.81361694005658,11.2204782063821));
#1624=CARTESIAN_POINT('Ctrl Pts',(1.20000516715218,-3.80936551970869,11.2470660667273));
#1625=CARTESIAN_POINT('Ctrl Pts',(1.20000702657661,-3.80511314592079,11.2736598897692));
#1626=CARTESIAN_POINT('Ctrl Pts',(1.20000740863154,-3.79874839098837,11.2999353903344));
#1627=CARTESIAN_POINT('Ctrl Pts',(1.20000591588291,-3.7903506870049,11.3255848322132));
#1628=CARTESIAN_POINT('Ctrl Pts',(1.20000442126098,-3.78194244442098,11.3512664625592));
#1629=CARTESIAN_POINT('Ctrl Pts',(1.20000100748625,-3.77149637794597,11.3763198779704));
#1630=CARTESIAN_POINT('Ctrl Pts',(1.20000016195802,-3.75914081031039,11.40045457655));
#1631=CARTESIAN_POINT('Ctrl Pts',(1.20000005855013,-3.75762972747265,11.403406244162));
#1632=CARTESIAN_POINT('Ctrl Pts',(1.19999999999999,-3.75609014058677,11.406344199142));
#1633=CARTESIAN_POINT('Ctrl Pts',(1.19999999999999,-3.75452233116959,11.4092679353852));
#1634=CARTESIAN_POINT('Ctrl Pts',(1.20000000000004,-3.74144388694244,11.4336573292568));
#1635=CARTESIAN_POINT('Ctrl Pts',(1.20000528781633,-3.72639777772788,11.4570543431775));
#1636=CARTESIAN_POINT('Ctrl Pts',(1.20000820192982,-3.70957455114325,11.4791879944835));
#1637=CARTESIAN_POINT('Ctrl Pts',(1.20001120630716,-3.69223022977845,11.5020072295033));
#1638=CARTESIAN_POINT('Ctrl Pts',(1.20001154156927,-3.67299726328646,11.523482975435));
#1639=CARTESIAN_POINT('Ctrl Pts',(1.20000876457871,-3.65212657972661,11.543357184807));
#1640=CARTESIAN_POINT('Ctrl Pts',(1.20000598758815,-3.63125589616676,11.5632313941789));
#1641=CARTESIAN_POINT('Ctrl Pts',(1.2000000000001,-3.60874807075072,11.5815036870799));
#1642=CARTESIAN_POINT('Ctrl Pts',(1.20000000000009,-3.58488876766954,11.5979618843079));
#1643=CARTESIAN_POINT('Ctrl Pts',(1.20000000000009,-3.56088671464525,11.6145185507455));
#1644=CARTESIAN_POINT('Ctrl Pts',(1.20001985814995,-3.53551468191786,11.6292385436607));
#1645=CARTESIAN_POINT('Ctrl Pts',(1.20003610816768,-3.50909255276819,11.6419623338391));
#1646=CARTESIAN_POINT('Ctrl Pts',(1.20005235678764,-3.48267269636052,11.6546850295602));
#1647=CARTESIAN_POINT('Ctrl Pts',(1.20006486441164,-3.45520341316129,11.6654117651961));
#1648=CARTESIAN_POINT('Ctrl Pts',(1.2000651225812,-3.42701902730012,11.6740308521517));
#1649=CARTESIAN_POINT('Ctrl Pts',(1.20006538084043,-3.39882485287696,11.6826529325544));
#1650=CARTESIAN_POINT('Ctrl Pts',(1.20005330566145,-3.36991556499355,11.6891658512743));
#1651=CARTESIAN_POINT('Ctrl Pts',(1.20003692024252,-3.34063304892443,11.6935067623033));
#1652=CARTESIAN_POINT('Ctrl Pts',(1.20002059746281,-3.31146247592535,11.6978310786206));
#1653=CARTESIAN_POINT('Ctrl Pts',(1.2,-3.28192199130006,11.7));
#1654=CARTESIAN_POINT('Ctrl Pts',(1.2,-3.25234957804,11.7));
#1655=CARTESIAN_POINT('Origin',(0.,0.,11.166666666667));
#1656=CARTESIAN_POINT('Origin',(0.,0.,11.7));
#1657=CARTESIAN_POINT('',(4.,1.41317035599358E-28,11.166666666667));
#1658=CARTESIAN_POINT('Origin',(0.,0.,11.166666666667));
#1659=CARTESIAN_POINT('Origin',(0.,0.,11.166666666667));
#1660=CARTESIAN_POINT('Origin',(0.,0.,11.7));
#1661=CARTESIAN_POINT('',(1.2,4.,11.7));
#1662=CARTESIAN_POINT('Origin',(4.,4.,11.7));
#1663=CARTESIAN_POINT('Origin',(0.,0.,4.4));
#1664=CARTESIAN_POINT('',(4.,7.96639400082509E-16,3.238178046004));
#1665=CARTESIAN_POINT('',(4.,1.41317035599358E-28,4.4));
#1666=CARTESIAN_POINT('',(-4.,4.898587196589E-16,3.238178046004));
#1667=CARTESIAN_POINT('Origin',(0.,-1.25780205629868E-15,3.238178046004));
#1668=CARTESIAN_POINT('Origin',(0.,-1.25780205629868E-15,3.238178046004));
#1669=CARTESIAN_POINT('Origin',(3.000096934556,-7.482284140497E-16,0.));
#1670=CARTESIAN_POINT('',(4.75,-0.325,0.));
#1671=CARTESIAN_POINT('',(4.75,0.325,0.));
#1672=CARTESIAN_POINT('',(4.75,-0.325,0.));
#1673=CARTESIAN_POINT('',(1.425,-0.325,0.));
#1674=CARTESIAN_POINT('',(1.425,-0.325,0.));
#1675=CARTESIAN_POINT('',(1.425,0.325,0.));
#1676=CARTESIAN_POINT('Origin',(1.425,-4.045354889883E-16,0.));
#1677=CARTESIAN_POINT('',(4.75,0.325,0.));
#1678=CARTESIAN_POINT('Origin',(-3.000096934556,3.808225032462E-16,0.));
#1679=CARTESIAN_POINT('',(-4.75,0.325,0.));
#1680=CARTESIAN_POINT('',(-4.75,-0.325,0.));
#1681=CARTESIAN_POINT('',(-4.75,0.325,0.));
#1682=CARTESIAN_POINT('',(-1.425,0.325,0.));
#1683=CARTESIAN_POINT('',(-1.425,0.325,0.));
#1684=CARTESIAN_POINT('',(-1.425,-0.325,0.));
#1685=CARTESIAN_POINT('Origin',(-1.425,2.300233201098E-16,0.));
#1686=CARTESIAN_POINT('',(-4.75,-0.325,0.));
#1687=CARTESIAN_POINT('Origin',(4.75,-0.325,0.));
#1688=CARTESIAN_POINT('',(4.75,-0.325,0.15));
#1689=CARTESIAN_POINT('',(4.75,-0.325,0.));
#1690=CARTESIAN_POINT('',(4.75,0.325,0.15));
#1691=CARTESIAN_POINT('',(4.75,0.325,0.));
#1692=CARTESIAN_POINT('',(4.75,-0.325,0.15));
#1693=CARTESIAN_POINT('Origin',(-4.75,0.325,0.));
#1694=CARTESIAN_POINT('',(-4.75,0.325,0.15));
#1695=CARTESIAN_POINT('',(-4.75,0.325,0.));
#1696=CARTESIAN_POINT('',(-4.75,-0.325,0.15));
#1697=CARTESIAN_POINT('',(-4.75,-0.325,0.));
#1698=CARTESIAN_POINT('',(-4.75,0.325,0.15));
#1699=CARTESIAN_POINT('Origin',(1.425,-0.325,0.));
#1700=CARTESIAN_POINT('',(1.425,-0.325,0.15));
#1701=CARTESIAN_POINT('',(1.425,-0.325,0.));
#1702=CARTESIAN_POINT('',(4.15,-0.325,0.15));
#1703=CARTESIAN_POINT('',(1.425,-0.325,0.15));
#1704=CARTESIAN_POINT('',(1.425,-0.325,0.15));
#1705=CARTESIAN_POINT('Origin',(1.425,-4.045354889883E-16,0.));
#1706=CARTESIAN_POINT('',(1.425,0.325,0.15));
#1707=CARTESIAN_POINT('',(1.425,0.325,0.));
#1708=CARTESIAN_POINT('Origin',(1.425,-4.045354889883E-16,0.15));
#1709=CARTESIAN_POINT('Origin',(4.75,0.325,0.));
#1710=CARTESIAN_POINT('',(4.15,0.325,0.15));
#1711=CARTESIAN_POINT('',(4.75,0.325,0.15));
#1712=CARTESIAN_POINT('',(4.75,0.325,0.15));
#1713=CARTESIAN_POINT('Origin',(-1.425,0.325,0.));
#1714=CARTESIAN_POINT('',(-1.425,0.325,0.15));
#1715=CARTESIAN_POINT('',(-1.425,0.325,0.));
#1716=CARTESIAN_POINT('',(-4.15,0.325,0.15));
#1717=CARTESIAN_POINT('',(-1.425,0.325,0.15));
#1718=CARTESIAN_POINT('',(-1.425,0.325,0.15));
#1719=CARTESIAN_POINT('Origin',(-1.425,2.300233201098E-16,0.));
#1720=CARTESIAN_POINT('',(-1.425,-0.325,0.15));
#1721=CARTESIAN_POINT('',(-1.425,-0.325,0.));
#1722=CARTESIAN_POINT('Origin',(-1.425,2.300233201098E-16,0.15));
#1723=CARTESIAN_POINT('Origin',(-4.75,-0.325,0.));
#1724=CARTESIAN_POINT('',(-4.15,-0.325,0.15));
#1725=CARTESIAN_POINT('',(-4.75,-0.325,0.15));
#1726=CARTESIAN_POINT('',(-4.75,-0.325,0.15));
#1727=CARTESIAN_POINT('Origin',(3.000096934556,-7.482284140497E-16,0.15));
#1728=CARTESIAN_POINT('',(4.15,-4.15,0.15));
#1729=CARTESIAN_POINT('Origin',(0.164736188078,9.074939905459E-17,1.15));
#1730=CARTESIAN_POINT('',(2.78881695347687,4.15,1.15));
#1731=CARTESIAN_POINT('',(4.15,2.78881695347687,1.15));
#1732=CARTESIAN_POINT('Origin',(0.,0.,1.15));
#1733=CARTESIAN_POINT('',(0.646142399166,4.15,1.15));
#1734=CARTESIAN_POINT('',(4.15,4.15,1.15));
#1735=CARTESIAN_POINT('',(4.15,0.646142399166,1.15));
#1736=CARTESIAN_POINT('Origin',(0.,0.,1.15));
#1737=CARTESIAN_POINT('',(4.15,-4.15,1.15));
#1738=CARTESIAN_POINT('Origin',(5.082284216462E-16,4.15,0.85));
#1739=CARTESIAN_POINT('',(-4.15,2.78881695347687,0.85));
#1740=CARTESIAN_POINT('',(-2.78881695347687,4.15,0.85));
#1741=CARTESIAN_POINT('Origin',(0.,0.,0.85));
#1742=CARTESIAN_POINT('',(-4.15,0.646142399166,0.85));
#1743=CARTESIAN_POINT('',(-4.15,4.15,0.85));
#1744=CARTESIAN_POINT('',(-0.646142399166,4.15,0.85));
#1745=CARTESIAN_POINT('Origin',(0.,0.,0.85));
#1746=CARTESIAN_POINT('',(5.082284216462E-16,4.15,0.85));
#1747=CARTESIAN_POINT('Origin',(-3.000096934556,3.808225032462E-16,0.15));
#1748=CARTESIAN_POINT('',(-4.15,3.15,0.15));
#1749=CARTESIAN_POINT('Ctrl Pts',(-3.963636363636,4.854054585711E-16,3.198343678186));
#1750=CARTESIAN_POINT('Ctrl Pts',(-3.963636363638,1.888000315015,3.198343678186));
#1751=CARTESIAN_POINT('Ctrl Pts',(-2.987855509243,3.819539340071,3.198343678186));
#1752=CARTESIAN_POINT('Ctrl Pts',(-0.979835144063,5.200671926927,3.198343678186));
#1753=CARTESIAN_POINT('Ctrl Pts',(1.783455757203,5.412787571013,3.198343678186));
#1754=CARTESIAN_POINT('Ctrl Pts',(4.170610192196,3.940718857636,3.198343678186));
#1755=CARTESIAN_POINT('Ctrl Pts',(5.921337211382,1.791827409565,3.198343678186));
#1756=CARTESIAN_POINT('Ctrl Pts',(5.921337211463,-1.791827409596,3.198343678186));
#1757=CARTESIAN_POINT('Ctrl Pts',(4.170610192156,-3.940718857582,3.198343678186));
#1758=CARTESIAN_POINT('Ctrl Pts',(1.783455757206,-5.412787571061,3.198343678186));
#1759=CARTESIAN_POINT('Ctrl Pts',(-0.979835144051,-5.200671926904,3.198343678186));
#1760=CARTESIAN_POINT('Ctrl Pts',(-2.987855509251,-3.819539340077,3.198343678186));
#1761=CARTESIAN_POINT('Ctrl Pts',(-3.963636363636,-1.888000315014,3.198343678186));
#1762=CARTESIAN_POINT('Ctrl Pts',(-3.963636363636,-4.854054585711E-16,3.198343678186));
#1763=CARTESIAN_POINT('Ctrl Pts',(-4.,1.639980384232E-15,3.201663208837));
#1764=CARTESIAN_POINT('Ctrl Pts',(-4.000000000002,1.905321418822,3.201663208837));
#1765=CARTESIAN_POINT('Ctrl Pts',(-3.015267027676,3.854580985393,3.201663208837));
#1766=CARTESIAN_POINT('Ctrl Pts',(-0.988824457308,5.248384513415,3.201663208837));
#1767=CARTESIAN_POINT('Ctrl Pts',(1.799817736614,5.462446172577,3.201663208837));
#1768=CARTESIAN_POINT('Ctrl Pts',(4.208872671052,3.976872241654,3.201663208837));
#1769=CARTESIAN_POINT('Ctrl Pts',(5.975661405941,1.808266193144,3.201663208837));
#1770=CARTESIAN_POINT('Ctrl Pts',(5.975661406102,-1.808266193189,3.201663208837));
#1771=CARTESIAN_POINT('Ctrl Pts',(4.20887267096,-3.976872241576,3.201663208837));
#1772=CARTESIAN_POINT('Ctrl Pts',(1.79981773664,-5.462446172645,3.201663208837));
#1773=CARTESIAN_POINT('Ctrl Pts',(-0.988824457302,-5.248384513383,3.201663208837));
#1774=CARTESIAN_POINT('Ctrl Pts',(-3.015267027684,-3.854580985401,3.201663208837));
#1775=CARTESIAN_POINT('Ctrl Pts',(-4.,-1.905321418822,3.201663208837));
#1776=CARTESIAN_POINT('Ctrl Pts',(-4.,1.297726566148E-14,3.201663208837));
#1777=CARTESIAN_POINT('Ctrl Pts',(-4.,4.898587196589E-16,3.238178046004));
#1778=CARTESIAN_POINT('Ctrl Pts',(-4.000000000001,1.905321418822,3.238178046004));
#1779=CARTESIAN_POINT('Ctrl Pts',(-3.015267027679,3.854580985394,3.238178046004));
#1780=CARTESIAN_POINT('Ctrl Pts',(-0.988824457305,5.248384513409,3.238178046004));
#1781=CARTESIAN_POINT('Ctrl Pts',(1.799817736615,5.462446172588,3.238178046004));
#1782=CARTESIAN_POINT('Ctrl Pts',(4.208872671042,3.976872241642,3.238178046004));
#1783=CARTESIAN_POINT('Ctrl Pts',(5.97566140596,1.80826619315,3.238178046004));
#1784=CARTESIAN_POINT('Ctrl Pts',(5.975661406084,-1.808266193181,3.238178046004));
#1785=CARTESIAN_POINT('Ctrl Pts',(4.208872670967,-3.976872241588,3.238178046004));
#1786=CARTESIAN_POINT('Ctrl Pts',(1.79981773664,-5.462446172636,3.238178046004));
#1787=CARTESIAN_POINT('Ctrl Pts',(-0.988824457304,-5.248384513387,3.238178046004));
#1788=CARTESIAN_POINT('Ctrl Pts',(-3.015267027683,-3.8545809854,3.238178046004));
#1789=CARTESIAN_POINT('Ctrl Pts',(-4.,-1.905321418822,3.238178046004));
#1790=CARTESIAN_POINT('Ctrl Pts',(-4.,-4.898587196589E-16,3.238178046004));
#1791=CARTESIAN_POINT('',(-3.963636363636,4.854054585711E-16,3.198343678186));
#1792=CARTESIAN_POINT('Origin',(-3.96000000000082,-1.04555062621779E-11,
3.23817804600396));
#1793=CARTESIAN_POINT('Ctrl Pts',(-3.963636363636,4.854054585711E-16,3.198343678186));
#1794=CARTESIAN_POINT('Ctrl Pts',(-3.963636363638,1.888000315015,3.198343678186));
#1795=CARTESIAN_POINT('Ctrl Pts',(-2.987855509243,3.819539340071,3.198343678186));
#1796=CARTESIAN_POINT('Ctrl Pts',(-0.979835144063,5.200671926927,3.198343678186));
#1797=CARTESIAN_POINT('Ctrl Pts',(1.783455757203,5.412787571013,3.198343678186));
#1798=CARTESIAN_POINT('Ctrl Pts',(4.170610192196,3.940718857636,3.198343678186));
#1799=CARTESIAN_POINT('Ctrl Pts',(5.921337211382,1.791827409565,3.198343678186));
#1800=CARTESIAN_POINT('Ctrl Pts',(5.921337211463,-1.791827409596,3.198343678186));
#1801=CARTESIAN_POINT('Ctrl Pts',(4.170610192156,-3.940718857582,3.198343678186));
#1802=CARTESIAN_POINT('Ctrl Pts',(1.783455757206,-5.412787571061,3.198343678186));
#1803=CARTESIAN_POINT('Ctrl Pts',(-0.979835144051,-5.200671926904,3.198343678186));
#1804=CARTESIAN_POINT('Ctrl Pts',(-2.987855509251,-3.819539340077,3.198343678186));
#1805=CARTESIAN_POINT('Ctrl Pts',(-3.963636363636,-1.888000315014,3.198343678186));
#1806=CARTESIAN_POINT('Ctrl Pts',(-3.963636363636,-4.854054585711E-16,3.198343678186));
#1807=CARTESIAN_POINT('Origin',(0.,0.,0.65));
#1808=CARTESIAN_POINT('',(0.646142399166,-4.15,0.65));
#1809=CARTESIAN_POINT('',(4.15,-0.646142399166,0.65));
#1810=CARTESIAN_POINT('Origin',(0.,0.,0.65));
#1811=CARTESIAN_POINT('',(0.646142399166,-4.15,1.15));
#1812=CARTESIAN_POINT('',(0.646142399166,-4.15,0.65));
#1813=CARTESIAN_POINT('',(4.15,-0.646142399166,1.15));
#1814=CARTESIAN_POINT('Origin',(0.,0.,1.15));
#1815=CARTESIAN_POINT('',(4.15,-0.646142399166,0.65));
#1816=CARTESIAN_POINT('Origin',(0.,0.,0.65));
#1817=CARTESIAN_POINT('',(0.646142399166,4.15,0.65));
#1818=CARTESIAN_POINT('',(0.646142399166,4.15,0.65));
#1819=CARTESIAN_POINT('',(4.15,0.646142399166,0.65));
#1820=CARTESIAN_POINT('Origin',(0.,0.,0.65));
#1821=CARTESIAN_POINT('',(4.15,0.646142399166,0.65));
#1822=CARTESIAN_POINT('Origin',(0.,0.,0.65));
#1823=CARTESIAN_POINT('',(-4.15,-0.646142399166,0.65));
#1824=CARTESIAN_POINT('',(-0.646142399166,-4.15,0.65));
#1825=CARTESIAN_POINT('Origin',(0.,0.,0.65));
#1826=CARTESIAN_POINT('',(-4.15,-0.646142399166,0.85));
#1827=CARTESIAN_POINT('',(-4.15,-0.646142399166,0.65));
#1828=CARTESIAN_POINT('',(-0.646142399166,-4.15,0.85));
#1829=CARTESIAN_POINT('Origin',(0.,0.,0.85));
#1830=CARTESIAN_POINT('',(-0.646142399166,-4.15,0.65));
#1831=CARTESIAN_POINT('Origin',(0.,0.,0.65));
#1832=CARTESIAN_POINT('',(-4.15,0.646142399166,0.65));
#1833=CARTESIAN_POINT('',(-4.15,0.646142399166,0.65));
#1834=CARTESIAN_POINT('',(-0.646142399166,4.15,0.65));
#1835=CARTESIAN_POINT('Origin',(0.,0.,0.65));
#1836=CARTESIAN_POINT('',(-0.646142399166,4.15,0.65));
#1837=CARTESIAN_POINT('Origin',(-4.15,3.15,0.15));
#1838=CARTESIAN_POINT('',(-4.15,2.78881695347687,0.15));
#1839=CARTESIAN_POINT('',(-4.15,2.78881695347687,9.5));
#1840=CARTESIAN_POINT('',(-4.15,3.15,0.15));
#1841=CARTESIAN_POINT('',(-4.15,-2.78881695347687,0.15));
#1842=CARTESIAN_POINT('',(-4.15,3.15,0.15));
#1843=CARTESIAN_POINT('',(-4.15,-2.78881695347687,0.85));
#1844=CARTESIAN_POINT('',(-4.15,-2.78881695347687,9.5));
#1845=CARTESIAN_POINT('',(-4.15,4.15,0.85));
#1846=CARTESIAN_POINT('',(-4.15,1.575,0.65));
#1847=CARTESIAN_POINT('Origin',(-8.32667268468867E-16,-4.77048955893622E-16,
2.8));
#1848=CARTESIAN_POINT('',(-3.963636363636,4.854054585711E-16,2.401656321814));
#1849=CARTESIAN_POINT('Origin',(-4.,-9.66907675552563E-16,2.8));
#1850=CARTESIAN_POINT('Ctrl Pts',(-3.963636363636,4.854054585711E-16,2.401656321814));
#1851=CARTESIAN_POINT('Ctrl Pts',(-3.963636363638,1.888000315015,2.401656321814));
#1852=CARTESIAN_POINT('Ctrl Pts',(-2.987855509242,3.819539340071,2.401656321814));
#1853=CARTESIAN_POINT('Ctrl Pts',(-0.979835144066,5.200671926926,2.401656321814));
#1854=CARTESIAN_POINT('Ctrl Pts',(1.783455757208,5.412787571015,2.401656321814));
#1855=CARTESIAN_POINT('Ctrl Pts',(4.170610192188,3.940718857634,2.401656321814));
#1856=CARTESIAN_POINT('Ctrl Pts',(5.921337211393,1.791827409567,2.401656321814));
#1857=CARTESIAN_POINT('Ctrl Pts',(5.92133721145,-1.791827409597,2.401656321814));
#1858=CARTESIAN_POINT('Ctrl Pts',(4.170610192167,-3.940718857581,2.401656321814));
#1859=CARTESIAN_POINT('Ctrl Pts',(1.783455757199,-5.412787571062,2.401656321814));
#1860=CARTESIAN_POINT('Ctrl Pts',(-0.979835144047,-5.200671926904,2.401656321814));
#1861=CARTESIAN_POINT('Ctrl Pts',(-2.987855509253,-3.819539340077,2.401656321814));
#1862=CARTESIAN_POINT('Ctrl Pts',(-3.963636363636,-1.888000315014,2.401656321814));
#1863=CARTESIAN_POINT('Ctrl Pts',(-3.963636363636,-4.854054585711E-16,2.401656321814));
#1864=CARTESIAN_POINT('Origin',(3.25580983938E-16,-1.541304320573E-16,0.65));
#1865=CARTESIAN_POINT('',(-1.575,-4.15,0.65));
#1866=CARTESIAN_POINT('',(4.15,-2.075,0.65));
#1867=CARTESIAN_POINT('',(2.075,4.15,0.65));
#1868=CARTESIAN_POINT('',(3.466666666667,-8.49088447408791E-16,0.65));
#1869=CARTESIAN_POINT('Origin',(0.,0.,0.65));
#1870=CARTESIAN_POINT('Ctrl Pts',(-4.,4.898587196589E-16,2.361821953996));
#1871=CARTESIAN_POINT('Ctrl Pts',(-4.000000000002,1.905321418822,2.361821953996));
#1872=CARTESIAN_POINT('Ctrl Pts',(-3.015267027677,3.854580985394,2.361821953996));
#1873=CARTESIAN_POINT('Ctrl Pts',(-0.988824457309,5.248384513409,2.361821953996));
#1874=CARTESIAN_POINT('Ctrl Pts',(1.799817736622,5.462446172588,2.361821953996));
#1875=CARTESIAN_POINT('Ctrl Pts',(4.208872671031,3.976872241642,2.361821953996));
#1876=CARTESIAN_POINT('Ctrl Pts',(5.975661405973,1.80826619315,2.361821953996));
#1877=CARTESIAN_POINT('Ctrl Pts',(5.975661406071,-1.80826619318,2.361821953996));
#1878=CARTESIAN_POINT('Ctrl Pts',(4.208872670977,-3.976872241589,2.361821953996));
#1879=CARTESIAN_POINT('Ctrl Pts',(1.799817736634,-5.462446172635,2.361821953996));
#1880=CARTESIAN_POINT('Ctrl Pts',(-0.988824457301,-5.248384513387,2.361821953996));
#1881=CARTESIAN_POINT('Ctrl Pts',(-3.015267027684,-3.8545809854,2.361821953996));
#1882=CARTESIAN_POINT('Ctrl Pts',(-4.,-1.905321418822,2.361821953996));
#1883=CARTESIAN_POINT('Ctrl Pts',(-4.,-4.898587196589E-16,2.361821953996));
#1884=CARTESIAN_POINT('Ctrl Pts',(-4.,-8.554193359611E-16,2.398336791163));
#1885=CARTESIAN_POINT('Ctrl Pts',(-4.000000000002,1.905321418822,2.398336791163));
#1886=CARTESIAN_POINT('Ctrl Pts',(-3.015267027677,3.854580985394,2.398336791163));
#1887=CARTESIAN_POINT('Ctrl Pts',(-0.988824457309,5.248384513409,2.398336791163));
#1888=CARTESIAN_POINT('Ctrl Pts',(1.799817736624,5.46244617259,2.398336791163));
#1889=CARTESIAN_POINT('Ctrl Pts',(4.208872671026,3.976872241639,2.398336791163));
#1890=CARTESIAN_POINT('Ctrl Pts',(5.975661405984,1.80826619315,2.398336791163));
#1891=CARTESIAN_POINT('Ctrl Pts',(5.975661406059,-1.808266193174,2.398336791163));
#1892=CARTESIAN_POINT('Ctrl Pts',(4.208872670986,-3.976872241597,2.398336791163));
#1893=CARTESIAN_POINT('Ctrl Pts',(1.799817736631,-5.462446172628,2.398336791163));
#1894=CARTESIAN_POINT('Ctrl Pts',(-0.988824457301,-5.248384513391,2.398336791163));
#1895=CARTESIAN_POINT('Ctrl Pts',(-3.015267027684,-3.854580985398,2.398336791163));
#1896=CARTESIAN_POINT('Ctrl Pts',(-4.,-1.905321418822,2.398336791163));
#1897=CARTESIAN_POINT('Ctrl Pts',(-4.,1.529225414017E-14,2.398336791163));
#1898=CARTESIAN_POINT('Ctrl Pts',(-3.963636363636,4.854054585711E-16,2.401656321814));
#1899=CARTESIAN_POINT('Ctrl Pts',(-3.963636363638,1.888000315015,2.401656321814));
#1900=CARTESIAN_POINT('Ctrl Pts',(-2.987855509242,3.819539340071,2.401656321814));
#1901=CARTESIAN_POINT('Ctrl Pts',(-0.979835144066,5.200671926926,2.401656321814));
#1902=CARTESIAN_POINT('Ctrl Pts',(1.783455757208,5.412787571015,2.401656321814));
#1903=CARTESIAN_POINT('Ctrl Pts',(4.170610192188,3.940718857634,2.401656321814));
#1904=CARTESIAN_POINT('Ctrl Pts',(5.921337211393,1.791827409567,2.401656321814));
#1905=CARTESIAN_POINT('Ctrl Pts',(5.92133721145,-1.791827409597,2.401656321814));
#1906=CARTESIAN_POINT('Ctrl Pts',(4.170610192167,-3.940718857581,2.401656321814));
#1907=CARTESIAN_POINT('Ctrl Pts',(1.783455757199,-5.412787571062,2.401656321814));
#1908=CARTESIAN_POINT('Ctrl Pts',(-0.979835144047,-5.200671926904,2.401656321814));
#1909=CARTESIAN_POINT('Ctrl Pts',(-2.987855509253,-3.819539340077,2.401656321814));
#1910=CARTESIAN_POINT('Ctrl Pts',(-3.963636363636,-1.888000315014,2.401656321814));
#1911=CARTESIAN_POINT('Ctrl Pts',(-3.963636363636,-4.854054585711E-16,2.401656321814));
#1912=CARTESIAN_POINT('',(-4.,4.898587196589E-16,2.361821953996));
#1913=CARTESIAN_POINT('Origin',(-3.96000000000559,1.00411540158023E-11,
2.36182195400086));
#1914=CARTESIAN_POINT('',(4.,-2.75607427871799E-15,2.361821953996));
#1915=CARTESIAN_POINT('Origin',(0.,-1.25780205629868E-15,2.361821953996));
#1916=CARTESIAN_POINT('Origin',(0.,-1.25780205629868E-15,2.361821953996));
#1917=CARTESIAN_POINT('Origin',(0.,0.,1.183333333333));
#1918=CARTESIAN_POINT('',(4.,-9.79717439317741E-16,1.183333333333));
#1919=CARTESIAN_POINT('Origin',(3.466666666667,-8.49088447408791E-16,1.183333333333));
#1920=CARTESIAN_POINT('Origin',(0.,0.,1.183333333333));
#1921=CARTESIAN_POINT('Origin',(0.,0.,0.65));
#1922=CARTESIAN_POINT('',(4.,1.41317035599358E-28,0.65));
#1923=CARTESIAN_POINT('Origin',(4.15,-4.15,0.15));
#1924=CARTESIAN_POINT('',(4.15,2.78881695347687,0.15));
#1925=CARTESIAN_POINT('',(4.15,2.78881695347687,9.5));
#1926=CARTESIAN_POINT('',(4.15,-2.78881695347687,1.15));
#1927=CARTESIAN_POINT('',(4.15,-4.15,1.15));
#1928=CARTESIAN_POINT('',(4.15,-2.78881695347687,0.15));
#1929=CARTESIAN_POINT('',(4.15,-2.78881695347687,9.5));
#1930=CARTESIAN_POINT('',(4.15,-4.15,0.15));
#1931=CARTESIAN_POINT('',(4.15,-4.15,0.15));
#1932=CARTESIAN_POINT('Origin',(0.164736188078,9.074939905459E-17,0.15));
#1933=CARTESIAN_POINT('',(-2.78881695347687,4.15,0.15));
#1934=CARTESIAN_POINT('Origin',(0.,0.,0.15));
#1935=CARTESIAN_POINT('',(2.78881695347687,4.15,0.15));
#1936=CARTESIAN_POINT('',(4.15,4.15,0.15));
#1937=CARTESIAN_POINT('Origin',(0.,0.,0.15));
#1938=CARTESIAN_POINT('',(2.78881695347687,-4.15,0.15));
#1939=CARTESIAN_POINT('Origin',(0.,0.,0.15));
#1940=CARTESIAN_POINT('',(-2.78881695347687,-4.15,0.15));
#1941=CARTESIAN_POINT('',(-3.15,-4.15,0.15));
#1942=CARTESIAN_POINT('Origin',(0.,0.,0.15));
#1943=CARTESIAN_POINT('Origin',(-3.15,-4.15,0.15));
#1944=CARTESIAN_POINT('',(-2.78881695347687,-4.15,0.85));
#1945=CARTESIAN_POINT('',(-2.78881695347687,-4.15,9.5));
#1946=CARTESIAN_POINT('',(2.78881695347687,-4.15,1.15));
#1947=CARTESIAN_POINT('',(2.78881695347687,-4.15,9.5));
#1948=CARTESIAN_POINT('',(-3.15,-4.15,1.15));
#1949=CARTESIAN_POINT('',(-5.082284216462E-16,-4.15,0.85));
#1950=CARTESIAN_POINT('Origin',(0.164736188078,9.074939905459E-17,1.15));
#1951=CARTESIAN_POINT('Origin',(0.,0.,1.15));
#1952=CARTESIAN_POINT('Origin',(4.15,4.15,0.15));
#1953=CARTESIAN_POINT('',(-2.78881695347687,4.15,9.5));
#1954=CARTESIAN_POINT('',(2.78881695347687,4.15,9.5));
#1955=CARTESIAN_POINT('Origin',(5.082284216462E-16,4.15,0.85));
#1956=CARTESIAN_POINT('Origin',(0.,0.,0.85));
#1957=CARTESIAN_POINT('Origin',(0.,0.,9.5));
#1958=CARTESIAN_POINT('Origin',(0.,0.,9.5));
#1959=CARTESIAN_POINT('Origin',(0.,0.,9.5));
#1960=CARTESIAN_POINT('Origin',(0.,0.,9.5));
#1961=CARTESIAN_POINT('Origin',(0.,0.,9.5));
#1962=CARTESIAN_POINT('',(-2.78881695347687,-4.15,0.15));
#1963=CARTESIAN_POINT('',(-2.78881695347687,-4.15,0.85));
#1964=CARTESIAN_POINT('',(-2.78881695347687,-4.15,9.5));
#1965=CARTESIAN_POINT('',(-4.15,-2.78881695347687,0.15));
#1966=CARTESIAN_POINT('Origin',(0.,0.,0.15));
#1967=CARTESIAN_POINT('',(-4.15,-2.78881695347687,0.85));
#1968=CARTESIAN_POINT('',(-4.15,-2.78881695347687,9.5));
#1969=CARTESIAN_POINT('Origin',(0.,0.,0.85));
#1970=CARTESIAN_POINT('Origin',(-4.15,3.15,0.15));
#1971=CARTESIAN_POINT('',(-4.15,-3.15,0.15));
#1972=CARTESIAN_POINT('',(-4.15,3.15,0.15));
#1973=CARTESIAN_POINT('',(-4.15,-3.15,0.85));
#1974=CARTESIAN_POINT('',(-4.15,-3.15,0.15));
#1975=CARTESIAN_POINT('',(-4.15,4.15,0.85));
#1976=CARTESIAN_POINT('Origin',(0.164736188078,9.074939905459E-17,0.15));
#1977=CARTESIAN_POINT('',(-3.15,-4.15,0.15));
#1978=CARTESIAN_POINT('',(-3.15,-4.15,0.15));
#1979=CARTESIAN_POINT('',(-4.15,-3.15,0.15));
#1980=CARTESIAN_POINT('Origin',(-3.15,-4.15,0.15));
#1981=CARTESIAN_POINT('',(-3.15,-4.15,0.85));
#1982=CARTESIAN_POINT('',(-5.082284216462E-16,-4.15,0.85));
#1983=CARTESIAN_POINT('',(-3.15,-4.15,0.15));
#1984=CARTESIAN_POINT('Origin',(-4.15,-3.15,0.15));
#1985=CARTESIAN_POINT('',(-4.9375,-2.3625,0.85));
#1986=CARTESIAN_POINT('Origin',(5.082284216462E-16,4.15,0.85));
#1987=CARTESIAN_POINT('Origin',(0.164736188078,9.074939905459E-17,1.15));
#1988=CARTESIAN_POINT('',(4.15,-2.78881695347687,1.15));
#1989=CARTESIAN_POINT('',(2.78881695347687,-4.15,1.15));
#1990=CARTESIAN_POINT('Origin',(0.,0.,1.15));
#1991=CARTESIAN_POINT('',(3.75,-4.15,1.15));
#1992=CARTESIAN_POINT('',(-3.15,-4.15,1.15));
#1993=CARTESIAN_POINT('',(4.15,-3.75,1.15));
#1994=CARTESIAN_POINT('Origin',(3.75,-3.75,1.15));
#1995=CARTESIAN_POINT('',(4.15,-4.15,1.15));
#1996=CARTESIAN_POINT('Origin',(3.75,-3.75,0.15));
#1997=CARTESIAN_POINT('',(4.15,-3.75,0.15));
#1998=CARTESIAN_POINT('',(3.75,-4.15,0.15));
#1999=CARTESIAN_POINT('Origin',(3.75,-3.75,0.15));
#2000=CARTESIAN_POINT('',(4.15,-3.75,0.15));
#2001=CARTESIAN_POINT('',(3.75,-4.15,0.15));
#2002=CARTESIAN_POINT('Origin',(4.15,-4.15,0.15));
#2003=CARTESIAN_POINT('',(4.15,-2.78881695347687,0.15));
#2004=CARTESIAN_POINT('',(4.15,-2.78881695347687,9.5));
#2005=CARTESIAN_POINT('',(4.15,-4.15,0.15));
#2006=CARTESIAN_POINT('Origin',(0.164736188078,9.074939905459E-17,0.15));
#2007=CARTESIAN_POINT('',(2.78881695347687,-4.15,0.15));
#2008=CARTESIAN_POINT('Origin',(0.,0.,0.15));
#2009=CARTESIAN_POINT('',(-3.15,-4.15,0.15));
#2010=CARTESIAN_POINT('Origin',(-3.15,-4.15,0.15));
#2011=CARTESIAN_POINT('',(2.78881695347687,-4.15,9.5));
#2012=CARTESIAN_POINT('Origin',(0.,0.,9.5));
#2013=CARTESIAN_POINT('Origin',(0.,0.,9.5));
#2014=CARTESIAN_POINT('',(4.15,2.78881695347687,1.15));
#2015=CARTESIAN_POINT('',(4.15,2.78881695347687,0.15));
#2016=CARTESIAN_POINT('',(4.15,2.78881695347687,9.5));
#2017=CARTESIAN_POINT('',(2.78881695347687,4.15,1.15));
#2018=CARTESIAN_POINT('Origin',(0.,0.,1.15));
#2019=CARTESIAN_POINT('',(2.78881695347687,4.15,0.15));
#2020=CARTESIAN_POINT('',(2.78881695347687,4.15,9.5));
#2021=CARTESIAN_POINT('Origin',(0.,0.,0.15));
#2022=CARTESIAN_POINT('Origin',(4.15,4.15,0.15));
#2023=CARTESIAN_POINT('',(3.75,4.15,1.15));
#2024=CARTESIAN_POINT('',(4.15,4.15,1.15));
#2025=CARTESIAN_POINT('',(3.75,4.15,0.15));
#2026=CARTESIAN_POINT('',(3.75,4.15,0.15));
#2027=CARTESIAN_POINT('',(4.15,4.15,0.15));
#2028=CARTESIAN_POINT('Origin',(0.164736188078,9.074939905459E-17,1.15));
#2029=CARTESIAN_POINT('',(4.15,3.75,1.15));
#2030=CARTESIAN_POINT('',(4.15,-4.15,1.15));
#2031=CARTESIAN_POINT('Origin',(3.75,3.75,1.15));
#2032=CARTESIAN_POINT('Origin',(0.164736188078,9.074939905459E-17,0.15));
#2033=CARTESIAN_POINT('',(4.15,3.75,0.15));
#2034=CARTESIAN_POINT('Origin',(3.75,3.75,0.15));
#2035=CARTESIAN_POINT('',(4.15,-4.15,0.15));
#2036=CARTESIAN_POINT('Origin',(4.15,-4.15,0.15));
#2037=CARTESIAN_POINT('',(4.15,3.75,0.15));
#2038=CARTESIAN_POINT('Origin',(3.75,3.75,0.15));
#2039=CARTESIAN_POINT('Origin',(0.,0.,9.5));
#2040=CARTESIAN_POINT('',(-2.78881695347687,4.15,0.85));
#2041=CARTESIAN_POINT('',(-2.78881695347687,4.15,0.15));
#2042=CARTESIAN_POINT('',(-2.78881695347687,4.15,9.5));
#2043=CARTESIAN_POINT('',(-4.15,2.78881695347687,0.85));
#2044=CARTESIAN_POINT('Origin',(0.,0.,0.85));
#2045=CARTESIAN_POINT('',(-4.15,2.78881695347687,0.15));
#2046=CARTESIAN_POINT('',(-4.15,2.78881695347687,9.5));
#2047=CARTESIAN_POINT('Origin',(0.,0.,0.15));
#2048=CARTESIAN_POINT('Origin',(5.082284216462E-16,4.15,0.85));
#2049=CARTESIAN_POINT('',(-3.15,4.15,0.85));
#2050=CARTESIAN_POINT('',(5.082284216462E-16,4.15,0.85));
#2051=CARTESIAN_POINT('',(-4.15,3.15,0.85));
#2052=CARTESIAN_POINT('',(-2.3625,4.9375,0.85));
#2053=CARTESIAN_POINT('',(-4.15,4.15,0.85));
#2054=CARTESIAN_POINT('Origin',(-4.15,3.15,0.15));
#2055=CARTESIAN_POINT('',(-4.15,3.15,0.15));
#2056=CARTESIAN_POINT('',(-4.15,3.15,0.15));
#2057=CARTESIAN_POINT('',(-4.15,3.15,0.15));
#2058=CARTESIAN_POINT('Origin',(4.15,4.15,0.15));
#2059=CARTESIAN_POINT('',(-3.15,4.15,0.15));
#2060=CARTESIAN_POINT('',(4.15,4.15,0.15));
#2061=CARTESIAN_POINT('',(-3.15,4.15,0.15));
#2062=CARTESIAN_POINT('Origin',(0.164736188078,9.074939905459E-17,0.15));
#2063=CARTESIAN_POINT('',(-3.15,4.15,0.15));
#2064=CARTESIAN_POINT('Origin',(-3.15,4.15,0.15));
#2065=UNCERTAINTY_MEASURE_WITH_UNIT(LENGTH_MEASURE(0.01),#2069,
'DISTANCE_ACCURACY_VALUE',
'Maximum model space distance between geometric entities at asserted c
onnectivities');
#2066=UNCERTAINTY_MEASURE_WITH_UNIT(LENGTH_MEASURE(0.01),#2069,
'DISTANCE_ACCURACY_VALUE',
'Maximum model space distance between geometric entities at asserted c
onnectivities');
#2067=(
GEOMETRIC_REPRESENTATION_CONTEXT(3)
GLOBAL_UNCERTAINTY_ASSIGNED_CONTEXT((#2065))
GLOBAL_UNIT_ASSIGNED_CONTEXT((#2069,#2071,#2072))
REPRESENTATION_CONTEXT('','3D')
);
#2068=(
GEOMETRIC_REPRESENTATION_CONTEXT(3)
GLOBAL_UNCERTAINTY_ASSIGNED_CONTEXT((#2066))
GLOBAL_UNIT_ASSIGNED_CONTEXT((#2069,#2071,#2072))
REPRESENTATION_CONTEXT('','3D')
);
#2069=(
LENGTH_UNIT()
NAMED_UNIT(*)
SI_UNIT(.MILLI.,.METRE.)
);
#2070=(
LENGTH_UNIT()
NAMED_UNIT(*)
SI_UNIT($,.METRE.)
);
#2071=(
NAMED_UNIT(*)
PLANE_ANGLE_UNIT()
SI_UNIT($,.RADIAN.)
);
#2072=(
NAMED_UNIT(*)
SI_UNIT($,.STERADIAN.)
SOLID_ANGLE_UNIT()
);
#2073=SHAPE_DEFINITION_REPRESENTATION(#2074,#2075);
#2074=PRODUCT_DEFINITION_SHAPE('',$,#2077);
#2075=SHAPE_REPRESENTATION('',(#1150),#2067);
#2076=PRODUCT_DEFINITION_CONTEXT('part definition',#2081,'design');
#2077=PRODUCT_DEFINITION('CP_Elec_8x105','CP_Polymer_8x11.7 v4',#2078,#2076);
#2078=PRODUCT_DEFINITION_FORMATION('',$,#2083);
#2079=PRODUCT_RELATED_PRODUCT_CATEGORY('CP_Polymer_8x11.7 v4',
'CP_Polymer_8x11.7 v4',(#2083));
#2080=APPLICATION_PROTOCOL_DEFINITION('international standard',
'automotive_design',2009,#2081);
#2081=APPLICATION_CONTEXT(
'Core Data for Automotive Mechanical Design Process');
#2082=PRODUCT_CONTEXT('part definition',#2081,'mechanical');
#2083=PRODUCT('CP_Elec_8x105','CP_Polymer_8x11.7 v4',
'model of CP_Elec_8x10.5',(#2082));
#2084=PRESENTATION_STYLE_ASSIGNMENT((#2087));
#2085=PRESENTATION_STYLE_ASSIGNMENT((#2088));
#2086=PRESENTATION_STYLE_ASSIGNMENT((#2089));
#2087=SURFACE_STYLE_USAGE(.BOTH.,#2090);
#2088=SURFACE_STYLE_USAGE(.BOTH.,#2091);
#2089=SURFACE_STYLE_USAGE(.BOTH.,#2092);
#2090=SURFACE_SIDE_STYLE('',(#2093));
#2091=SURFACE_SIDE_STYLE('',(#2094));
#2092=SURFACE_SIDE_STYLE('',(#2095));
#2093=SURFACE_STYLE_FILL_AREA(#2096);
#2094=SURFACE_STYLE_FILL_AREA(#2097);
#2095=SURFACE_STYLE_FILL_AREA(#2098);
#2096=FILL_AREA_STYLE('Steel - Satin',(#2099));
#2097=FILL_AREA_STYLE('Opaque(210,209,199)',(#2100));
#2098=FILL_AREA_STYLE('Opaque(38,37,37)',(#2101));
#2099=FILL_AREA_STYLE_COLOUR('Steel - Satin',#2102);
#2100=FILL_AREA_STYLE_COLOUR('Opaque(210,209,199)',#2103);
#2101=FILL_AREA_STYLE_COLOUR('Opaque(38,37,37)',#2104);
#2102=COLOUR_RGB('Steel - Satin',0.627450980392157,0.627450980392157,0.627450980392157);
#2103=COLOUR_RGB('Opaque(210,209,199)',0.823529411764706,0.819607843137255,
0.780392156862745);
#2104=COLOUR_RGB('Opaque(38,37,37)',0.149019607843137,0.145098039215686,
0.145098039215686);
ENDSEC;
END-ISO-10303-21;
