ISO-10303-21;
HEADER;
/* Generated by software containing ST-Developer
 * from STEP Tools, Inc. (www.steptools.com) 
 */
/* OPTION: strings as raw bytes, not using required /X/ escapes */

FILE_DESCRIPTION(
/* description */ ('Unknown'),
/* implementation_level */ '2;1');

FILE_NAME(
/* name */ 'DFN2020D-6',
/* time_stamp */ '2023-05-05T10:59:33+08:00',
/* author */ ('Unknown'),
/* organization */ ('Unknown'),
/* preprocessor_version */ 'ST-DEVELOPER v18.102',
/* originating_system */ 'Solid Edge',
/* authorisation */ 'Unknown');

FILE_SCHEMA (('AUTOMOTIVE_DESIGN {1 0 10303 214 3 1 1}'));
ENDSEC;

DATA;
#10=PROPERTY_DEFINITION_REPRESENTATION(#14,#12);
#11=PROPERTY_DEFINITION_REPRESENTATION(#15,#13);
#12=REPRESENTATION('',(#16),#8138);
#13=REPRESENTATION('',(#17),#8138);
#14=PROPERTY_DEFINITION('pmi validation property','',#8147);
#15=PROPERTY_DEFINITION('pmi validation property','',#8147);
#16=VALUE_REPRESENTATION_ITEM('number of annotations',COUNT_MEASURE(0.));
#17=VALUE_REPRESENTATION_ITEM('number of views',COUNT_MEASURE(0.));
#18=CONTEXT_DEPENDENT_SHAPE_REPRESENTATION(#22,#8149);
#19=CONTEXT_DEPENDENT_SHAPE_REPRESENTATION(#23,#8151);
#20=NEXT_ASSEMBLY_USAGE_OCCURRENCE('Compound','Compound','Compound',#8152,
#8153,'');
#21=NEXT_ASSEMBLY_USAGE_OCCURRENCE('LDF','LDF','LDF',#8152,#8154,'');
#22=(
REPRESENTATION_RELATIONSHIP(' ',' ',#5302,#5303)
REPRESENTATION_RELATIONSHIP_WITH_TRANSFORMATION(#24)
SHAPE_REPRESENTATION_RELATIONSHIP()
);
#23=(
REPRESENTATION_RELATIONSHIP(' ',' ',#5304,#5303)
REPRESENTATION_RELATIONSHIP_WITH_TRANSFORMATION(#25)
SHAPE_REPRESENTATION_RELATIONSHIP()
);
#24=ITEM_DEFINED_TRANSFORMATION(' ',' ',#5305,#5445);
#25=ITEM_DEFINED_TRANSFORMATION(' ',' ',#5305,#5630);
#26=SHAPE_REPRESENTATION_RELATIONSHIP('','',#5302,#28);
#27=SHAPE_REPRESENTATION_RELATIONSHIP('','',#5304,#29);
#28=ADVANCED_BREP_SHAPE_REPRESENTATION('',(#5291),#8139);
#29=ADVANCED_BREP_SHAPE_REPRESENTATION('',(#5292,#5293,#5294,#5295,#5296,
#5297,#5298),#8140);
#30=CYLINDRICAL_SURFACE('',#5310,0.0499999999999667);
#31=CYLINDRICAL_SURFACE('',#5317,0.0499999999998835);
#32=CYLINDRICAL_SURFACE('',#5326,0.0499999999998835);
#33=CYLINDRICAL_SURFACE('',#5333,0.0499999999999112);
#34=CYLINDRICAL_SURFACE('',#5361,0.0750000000004913);
#35=CYLINDRICAL_SURFACE('',#5363,0.0749999999998252);
#36=CYLINDRICAL_SURFACE('',#5365,0.0749999999998807);
#37=CYLINDRICAL_SURFACE('',#5367,0.0750000000000473);
#38=CYLINDRICAL_SURFACE('',#5368,0.0750000000000473);
#39=CYLINDRICAL_SURFACE('',#5370,0.074999999999853);
#40=CYLINDRICAL_SURFACE('',#5372,0.0749999999998252);
#41=CYLINDRICAL_SURFACE('',#5374,0.0750000000004913);
#42=CYLINDRICAL_SURFACE('',#5379,0.0499999999994394);
#43=CYLINDRICAL_SURFACE('',#5386,0.0499999999994949);
#44=CYLINDRICAL_SURFACE('',#5395,0.0499999999998835);
#45=CYLINDRICAL_SURFACE('',#5402,0.0499999999994949);
#46=CYLINDRICAL_SURFACE('',#5411,0.0499999999995226);
#47=CYLINDRICAL_SURFACE('',#5418,0.0499999999994394);
#48=CYLINDRICAL_SURFACE('',#5427,0.0499999999995226);
#49=CYLINDRICAL_SURFACE('',#5434,0.0499999999998835);
#50=CYLINDRICAL_SURFACE('',#5457,0.0499999999998835);
#51=CYLINDRICAL_SURFACE('',#5460,0.0499999999995226);
#52=CYLINDRICAL_SURFACE('',#5466,0.0799999999999218);
#53=CYLINDRICAL_SURFACE('',#5481,0.0499999999994394);
#54=CYLINDRICAL_SURFACE('',#5484,0.0499999999995226);
#55=CYLINDRICAL_SURFACE('',#5490,0.079999999999918);
#56=CYLINDRICAL_SURFACE('',#5504,0.0499999999998835);
#57=CYLINDRICAL_SURFACE('',#5510,0.0499999999994949);
#58=CYLINDRICAL_SURFACE('',#5516,0.079999999999919);
#59=CYLINDRICAL_SURFACE('',#5528,0.0499999999994394);
#60=CYLINDRICAL_SURFACE('',#5534,0.0499999999994949);
#61=CYLINDRICAL_SURFACE('',#5540,0.0799999999999024);
#62=CYLINDRICAL_SURFACE('',#5549,0.0750000000004913);
#63=CYLINDRICAL_SURFACE('',#5553,0.0749999999998252);
#64=CYLINDRICAL_SURFACE('',#5557,0.074999999999853);
#65=CYLINDRICAL_SURFACE('',#5561,0.0750000000000473);
#66=CYLINDRICAL_SURFACE('',#5565,0.0750000000000473);
#67=CYLINDRICAL_SURFACE('',#5569,0.0749999999998807);
#68=CYLINDRICAL_SURFACE('',#5573,0.0749999999998252);
#69=CYLINDRICAL_SURFACE('',#5577,0.0750000000004913);
#70=CYLINDRICAL_SURFACE('',#5592,0.0499999999998835);
#71=CYLINDRICAL_SURFACE('',#5598,0.0499999999999112);
#72=CYLINDRICAL_SURFACE('',#5604,0.0799999999999135);
#73=CYLINDRICAL_SURFACE('',#5617,0.0499999999998835);
#74=CYLINDRICAL_SURFACE('',#5620,0.0499999999999667);
#75=CYLINDRICAL_SURFACE('',#5626,0.0799999999999135);
#76=CIRCLE('',#5308,0.0499999999998835);
#77=CIRCLE('',#5309,0.0499999999999667);
#78=CIRCLE('',#5311,0.0499999999999667);
#79=CIRCLE('',#5316,0.0499999999998835);
#80=CIRCLE('',#5324,0.0499999999999112);
#81=CIRCLE('',#5325,0.0499999999998835);
#82=CIRCLE('',#5327,0.0499999999998835);
#83=CIRCLE('',#5332,0.0499999999999112);
#84=CIRCLE('',#5341,0.0750000000004913);
#85=CIRCLE('',#5342,0.0749999999998252);
#86=CIRCLE('',#5343,0.0749999999998807);
#87=CIRCLE('',#5344,0.0750000000000473);
#88=CIRCLE('',#5345,0.0750000000000473);
#89=CIRCLE('',#5346,0.074999999999853);
#90=CIRCLE('',#5347,0.0749999999998252);
#91=CIRCLE('',#5348,0.0750000000004913);
#92=CIRCLE('',#5353,0.0750000000004913);
#93=CIRCLE('',#5354,0.0749999999998252);
#94=CIRCLE('',#5355,0.074999999999853);
#95=CIRCLE('',#5356,0.0750000000000473);
#96=CIRCLE('',#5357,0.0750000000000473);
#97=CIRCLE('',#5358,0.0749999999998807);
#98=CIRCLE('',#5359,0.0749999999998252);
#99=CIRCLE('',#5360,0.0750000000004913);
#100=CIRCLE('',#5377,0.0499999999994949);
#101=CIRCLE('',#5378,0.0499999999994394);
#102=CIRCLE('',#5380,0.0499999999994394);
#103=CIRCLE('',#5385,0.0499999999994949);
#104=CIRCLE('',#5393,0.0499999999998835);
#105=CIRCLE('',#5394,0.0499999999994949);
#106=CIRCLE('',#5396,0.0499999999998835);
#107=CIRCLE('',#5401,0.0499999999994949);
#108=CIRCLE('',#5409,0.0499999999994394);
#109=CIRCLE('',#5410,0.0499999999995226);
#110=CIRCLE('',#5412,0.0499999999995226);
#111=CIRCLE('',#5417,0.0499999999994394);
#112=CIRCLE('',#5425,0.0499999999998835);
#113=CIRCLE('',#5426,0.0499999999995226);
#114=CIRCLE('',#5428,0.0499999999995226);
#115=CIRCLE('',#5433,0.0499999999998835);
#116=CIRCLE('',#5451,0.0799999999999218);
#117=CIRCLE('',#5453,0.0499999999995226);
#118=CIRCLE('',#5454,0.0499999999998835);
#119=CIRCLE('',#5458,0.0499999999998835);
#120=CIRCLE('',#5461,0.0499999999995226);
#121=CIRCLE('',#5467,0.0799999999999218);
#122=CIRCLE('',#5472,0.079999999999918);
#123=CIRCLE('',#5477,0.0499999999995226);
#124=CIRCLE('',#5478,0.0499999999994394);
#125=CIRCLE('',#5482,0.0499999999994394);
#126=CIRCLE('',#5485,0.0499999999995226);
#127=CIRCLE('',#5491,0.079999999999918);
#128=CIRCLE('',#5499,0.079999999999919);
#129=CIRCLE('',#5501,0.0499999999994949);
#130=CIRCLE('',#5502,0.0499999999998835);
#131=CIRCLE('',#5505,0.0499999999998835);
#132=CIRCLE('',#5511,0.0499999999994949);
#133=CIRCLE('',#5514,0.079999999999919);
#134=CIRCLE('',#5523,0.0799999999999024);
#135=CIRCLE('',#5525,0.0499999999994394);
#136=CIRCLE('',#5526,0.0499999999994949);
#137=CIRCLE('',#5529,0.0499999999994394);
#138=CIRCLE('',#5535,0.0499999999994949);
#139=CIRCLE('',#5538,0.0799999999999024);
#140=CIRCLE('',#5550,0.0750000000004913);
#141=CIRCLE('',#5551,0.0750000000004913);
#142=CIRCLE('',#5554,0.0749999999998252);
#143=CIRCLE('',#5555,0.0749999999998252);
#144=CIRCLE('',#5558,0.074999999999853);
#145=CIRCLE('',#5559,0.074999999999853);
#146=CIRCLE('',#5562,0.0750000000000473);
#147=CIRCLE('',#5563,0.0750000000000473);
#148=CIRCLE('',#5566,0.0750000000000473);
#149=CIRCLE('',#5567,0.0750000000000473);
#150=CIRCLE('',#5570,0.0749999999998807);
#151=CIRCLE('',#5571,0.0749999999998807);
#152=CIRCLE('',#5574,0.0749999999998252);
#153=CIRCLE('',#5575,0.0749999999998252);
#154=CIRCLE('',#5578,0.0750000000004913);
#155=CIRCLE('',#5579,0.0750000000004913);
#156=CIRCLE('',#5587,0.0799999999999135);
#157=CIRCLE('',#5589,0.0499999999998835);
#158=CIRCLE('',#5590,0.0499999999999112);
#159=CIRCLE('',#5593,0.0499999999998835);
#160=CIRCLE('',#5599,0.0499999999999112);
#161=CIRCLE('',#5602,0.0799999999999135);
#162=CIRCLE('',#5611,0.0799999999999135);
#163=CIRCLE('',#5613,0.0499999999999667);
#164=CIRCLE('',#5614,0.0499999999998835);
#165=CIRCLE('',#5618,0.0499999999998835);
#166=CIRCLE('',#5621,0.0499999999999667);
#167=CIRCLE('',#5627,0.0799999999999135);
#168=ORIENTED_EDGE('',*,*,#1452,.F.);
#169=ORIENTED_EDGE('',*,*,#1453,.F.);
#170=ORIENTED_EDGE('',*,*,#1454,.T.);
#171=ORIENTED_EDGE('',*,*,#1455,.F.);
#172=ORIENTED_EDGE('',*,*,#1456,.F.);
#173=ORIENTED_EDGE('',*,*,#1457,.T.);
#174=ORIENTED_EDGE('',*,*,#1458,.T.);
#175=ORIENTED_EDGE('',*,*,#1459,.T.);
#176=ORIENTED_EDGE('',*,*,#1460,.T.);
#177=ORIENTED_EDGE('',*,*,#1461,.T.);
#178=ORIENTED_EDGE('',*,*,#1462,.T.);
#179=ORIENTED_EDGE('',*,*,#1463,.T.);
#180=ORIENTED_EDGE('',*,*,#1464,.T.);
#181=ORIENTED_EDGE('',*,*,#1452,.T.);
#182=ORIENTED_EDGE('',*,*,#1465,.T.);
#183=ORIENTED_EDGE('',*,*,#1466,.T.);
#184=ORIENTED_EDGE('',*,*,#1467,.T.);
#185=ORIENTED_EDGE('',*,*,#1468,.T.);
#186=ORIENTED_EDGE('',*,*,#1465,.F.);
#187=ORIENTED_EDGE('',*,*,#1459,.F.);
#188=ORIENTED_EDGE('',*,*,#1469,.T.);
#189=ORIENTED_EDGE('',*,*,#1470,.T.);
#190=ORIENTED_EDGE('',*,*,#1471,.F.);
#191=ORIENTED_EDGE('',*,*,#1472,.F.);
#192=ORIENTED_EDGE('',*,*,#1473,.F.);
#193=ORIENTED_EDGE('',*,*,#1469,.F.);
#194=ORIENTED_EDGE('',*,*,#1458,.F.);
#195=ORIENTED_EDGE('',*,*,#1471,.T.);
#196=ORIENTED_EDGE('',*,*,#1457,.F.);
#197=ORIENTED_EDGE('',*,*,#1474,.T.);
#198=ORIENTED_EDGE('',*,*,#1475,.T.);
#199=ORIENTED_EDGE('',*,*,#1468,.F.);
#200=ORIENTED_EDGE('',*,*,#1476,.F.);
#201=ORIENTED_EDGE('',*,*,#1477,.T.);
#202=ORIENTED_EDGE('',*,*,#1461,.F.);
#203=ORIENTED_EDGE('',*,*,#1478,.F.);
#204=ORIENTED_EDGE('',*,*,#1479,.T.);
#205=ORIENTED_EDGE('',*,*,#1455,.T.);
#206=ORIENTED_EDGE('',*,*,#1480,.T.);
#207=ORIENTED_EDGE('',*,*,#1480,.F.);
#208=ORIENTED_EDGE('',*,*,#1454,.F.);
#209=ORIENTED_EDGE('',*,*,#1481,.F.);
#210=ORIENTED_EDGE('',*,*,#1482,.F.);
#211=ORIENTED_EDGE('',*,*,#1483,.F.);
#212=ORIENTED_EDGE('',*,*,#1464,.F.);
#213=ORIENTED_EDGE('',*,*,#1484,.F.);
#214=ORIENTED_EDGE('',*,*,#1481,.T.);
#215=ORIENTED_EDGE('',*,*,#1453,.T.);
#216=ORIENTED_EDGE('',*,*,#1467,.F.);
#217=ORIENTED_EDGE('',*,*,#1485,.F.);
#218=ORIENTED_EDGE('',*,*,#1472,.T.);
#219=ORIENTED_EDGE('',*,*,#1476,.T.);
#220=ORIENTED_EDGE('',*,*,#1466,.F.);
#221=ORIENTED_EDGE('',*,*,#1470,.F.);
#222=ORIENTED_EDGE('',*,*,#1473,.T.);
#223=ORIENTED_EDGE('',*,*,#1485,.T.);
#224=ORIENTED_EDGE('',*,*,#1463,.F.);
#225=ORIENTED_EDGE('',*,*,#1486,.F.);
#226=ORIENTED_EDGE('',*,*,#1482,.T.);
#227=ORIENTED_EDGE('',*,*,#1484,.T.);
#228=ORIENTED_EDGE('',*,*,#1462,.F.);
#229=ORIENTED_EDGE('',*,*,#1477,.F.);
#230=ORIENTED_EDGE('',*,*,#1483,.T.);
#231=ORIENTED_EDGE('',*,*,#1486,.T.);
#232=ORIENTED_EDGE('',*,*,#1487,.T.);
#233=ORIENTED_EDGE('',*,*,#1488,.F.);
#234=ORIENTED_EDGE('',*,*,#1489,.T.);
#235=ORIENTED_EDGE('',*,*,#1490,.F.);
#236=ORIENTED_EDGE('',*,*,#1491,.T.);
#237=ORIENTED_EDGE('',*,*,#1492,.T.);
#238=ORIENTED_EDGE('',*,*,#1493,.T.);
#239=ORIENTED_EDGE('',*,*,#1494,.T.);
#240=ORIENTED_EDGE('',*,*,#1495,.F.);
#241=ORIENTED_EDGE('',*,*,#1496,.F.);
#242=ORIENTED_EDGE('',*,*,#1497,.T.);
#243=ORIENTED_EDGE('',*,*,#1498,.T.);
#244=ORIENTED_EDGE('',*,*,#1499,.T.);
#245=ORIENTED_EDGE('',*,*,#1487,.F.);
#246=ORIENTED_EDGE('',*,*,#1500,.T.);
#247=ORIENTED_EDGE('',*,*,#1501,.T.);
#248=ORIENTED_EDGE('',*,*,#1502,.T.);
#249=ORIENTED_EDGE('',*,*,#1503,.F.);
#250=ORIENTED_EDGE('',*,*,#1500,.F.);
#251=ORIENTED_EDGE('',*,*,#1494,.F.);
#252=ORIENTED_EDGE('',*,*,#1504,.T.);
#253=ORIENTED_EDGE('',*,*,#1505,.T.);
#254=ORIENTED_EDGE('',*,*,#1506,.F.);
#255=ORIENTED_EDGE('',*,*,#1507,.F.);
#256=ORIENTED_EDGE('',*,*,#1504,.F.);
#257=ORIENTED_EDGE('',*,*,#1493,.F.);
#258=ORIENTED_EDGE('',*,*,#1508,.F.);
#259=ORIENTED_EDGE('',*,*,#1508,.T.);
#260=ORIENTED_EDGE('',*,*,#1492,.F.);
#261=ORIENTED_EDGE('',*,*,#1509,.F.);
#262=ORIENTED_EDGE('',*,*,#1510,.T.);
#263=ORIENTED_EDGE('',*,*,#1503,.T.);
#264=ORIENTED_EDGE('',*,*,#1511,.F.);
#265=ORIENTED_EDGE('',*,*,#1512,.T.);
#266=ORIENTED_EDGE('',*,*,#1496,.T.);
#267=ORIENTED_EDGE('',*,*,#1513,.F.);
#268=ORIENTED_EDGE('',*,*,#1514,.F.);
#269=ORIENTED_EDGE('',*,*,#1490,.T.);
#270=ORIENTED_EDGE('',*,*,#1515,.T.);
#271=ORIENTED_EDGE('',*,*,#1489,.F.);
#272=ORIENTED_EDGE('',*,*,#1516,.F.);
#273=ORIENTED_EDGE('',*,*,#1517,.F.);
#274=ORIENTED_EDGE('',*,*,#1518,.F.);
#275=ORIENTED_EDGE('',*,*,#1515,.F.);
#276=ORIENTED_EDGE('',*,*,#1499,.F.);
#277=ORIENTED_EDGE('',*,*,#1519,.F.);
#278=ORIENTED_EDGE('',*,*,#1516,.T.);
#279=ORIENTED_EDGE('',*,*,#1488,.T.);
#280=ORIENTED_EDGE('',*,*,#1502,.F.);
#281=ORIENTED_EDGE('',*,*,#1520,.F.);
#282=ORIENTED_EDGE('',*,*,#1506,.T.);
#283=ORIENTED_EDGE('',*,*,#1511,.T.);
#284=ORIENTED_EDGE('',*,*,#1501,.F.);
#285=ORIENTED_EDGE('',*,*,#1505,.F.);
#286=ORIENTED_EDGE('',*,*,#1507,.T.);
#287=ORIENTED_EDGE('',*,*,#1520,.T.);
#288=ORIENTED_EDGE('',*,*,#1498,.F.);
#289=ORIENTED_EDGE('',*,*,#1521,.F.);
#290=ORIENTED_EDGE('',*,*,#1517,.T.);
#291=ORIENTED_EDGE('',*,*,#1519,.T.);
#292=ORIENTED_EDGE('',*,*,#1497,.F.);
#293=ORIENTED_EDGE('',*,*,#1512,.F.);
#294=ORIENTED_EDGE('',*,*,#1518,.T.);
#295=ORIENTED_EDGE('',*,*,#1521,.T.);
#296=ORIENTED_EDGE('',*,*,#1522,.F.);
#297=ORIENTED_EDGE('',*,*,#1523,.T.);
#298=ORIENTED_EDGE('',*,*,#1524,.T.);
#299=ORIENTED_EDGE('',*,*,#1525,.T.);
#300=ORIENTED_EDGE('',*,*,#1526,.F.);
#301=ORIENTED_EDGE('',*,*,#1527,.T.);
#302=ORIENTED_EDGE('',*,*,#1522,.T.);
#303=ORIENTED_EDGE('',*,*,#1528,.T.);
#304=ORIENTED_EDGE('',*,*,#1529,.F.);
#305=ORIENTED_EDGE('',*,*,#1528,.F.);
#306=ORIENTED_EDGE('',*,*,#1525,.F.);
#307=ORIENTED_EDGE('',*,*,#1530,.F.);
#308=ORIENTED_EDGE('',*,*,#1531,.F.);
#309=ORIENTED_EDGE('',*,*,#1532,.F.);
#310=ORIENTED_EDGE('',*,*,#1533,.F.);
#311=ORIENTED_EDGE('',*,*,#1534,.F.);
#312=ORIENTED_EDGE('',*,*,#1535,.F.);
#313=ORIENTED_EDGE('',*,*,#1536,.F.);
#314=ORIENTED_EDGE('',*,*,#1537,.F.);
#315=ORIENTED_EDGE('',*,*,#1538,.F.);
#316=ORIENTED_EDGE('',*,*,#1539,.F.);
#317=ORIENTED_EDGE('',*,*,#1540,.F.);
#318=ORIENTED_EDGE('',*,*,#1541,.F.);
#319=ORIENTED_EDGE('',*,*,#1542,.F.);
#320=ORIENTED_EDGE('',*,*,#1543,.F.);
#321=ORIENTED_EDGE('',*,*,#1544,.F.);
#322=ORIENTED_EDGE('',*,*,#1545,.F.);
#323=ORIENTED_EDGE('',*,*,#1546,.F.);
#324=ORIENTED_EDGE('',*,*,#1547,.F.);
#325=ORIENTED_EDGE('',*,*,#1524,.F.);
#326=ORIENTED_EDGE('',*,*,#1548,.T.);
#327=ORIENTED_EDGE('',*,*,#1549,.T.);
#328=ORIENTED_EDGE('',*,*,#1530,.T.);
#329=ORIENTED_EDGE('',*,*,#1549,.F.);
#330=ORIENTED_EDGE('',*,*,#1550,.T.);
#331=ORIENTED_EDGE('',*,*,#1551,.T.);
#332=ORIENTED_EDGE('',*,*,#1531,.T.);
#333=ORIENTED_EDGE('',*,*,#1551,.F.);
#334=ORIENTED_EDGE('',*,*,#1552,.T.);
#335=ORIENTED_EDGE('',*,*,#1526,.T.);
#336=ORIENTED_EDGE('',*,*,#1529,.T.);
#337=ORIENTED_EDGE('',*,*,#1553,.F.);
#338=ORIENTED_EDGE('',*,*,#1554,.T.);
#339=ORIENTED_EDGE('',*,*,#1555,.T.);
#340=ORIENTED_EDGE('',*,*,#1556,.T.);
#341=ORIENTED_EDGE('',*,*,#1557,.T.);
#342=ORIENTED_EDGE('',*,*,#1558,.T.);
#343=ORIENTED_EDGE('',*,*,#1559,.T.);
#344=ORIENTED_EDGE('',*,*,#1560,.T.);
#345=ORIENTED_EDGE('',*,*,#1561,.F.);
#346=ORIENTED_EDGE('',*,*,#1562,.T.);
#347=ORIENTED_EDGE('',*,*,#1563,.T.);
#348=ORIENTED_EDGE('',*,*,#1564,.T.);
#349=ORIENTED_EDGE('',*,*,#1565,.T.);
#350=ORIENTED_EDGE('',*,*,#1566,.T.);
#351=ORIENTED_EDGE('',*,*,#1567,.T.);
#352=ORIENTED_EDGE('',*,*,#1568,.T.);
#353=ORIENTED_EDGE('',*,*,#1568,.F.);
#354=ORIENTED_EDGE('',*,*,#1569,.F.);
#355=ORIENTED_EDGE('',*,*,#1533,.T.);
#356=ORIENTED_EDGE('',*,*,#1570,.T.);
#357=ORIENTED_EDGE('',*,*,#1567,.F.);
#358=ORIENTED_EDGE('',*,*,#1571,.F.);
#359=ORIENTED_EDGE('',*,*,#1534,.T.);
#360=ORIENTED_EDGE('',*,*,#1569,.T.);
#361=ORIENTED_EDGE('',*,*,#1566,.F.);
#362=ORIENTED_EDGE('',*,*,#1572,.F.);
#363=ORIENTED_EDGE('',*,*,#1535,.T.);
#364=ORIENTED_EDGE('',*,*,#1571,.T.);
#365=ORIENTED_EDGE('',*,*,#1565,.F.);
#366=ORIENTED_EDGE('',*,*,#1573,.F.);
#367=ORIENTED_EDGE('',*,*,#1536,.T.);
#368=ORIENTED_EDGE('',*,*,#1572,.T.);
#369=ORIENTED_EDGE('',*,*,#1564,.F.);
#370=ORIENTED_EDGE('',*,*,#1574,.F.);
#371=ORIENTED_EDGE('',*,*,#1537,.T.);
#372=ORIENTED_EDGE('',*,*,#1573,.T.);
#373=ORIENTED_EDGE('',*,*,#1563,.F.);
#374=ORIENTED_EDGE('',*,*,#1575,.F.);
#375=ORIENTED_EDGE('',*,*,#1538,.T.);
#376=ORIENTED_EDGE('',*,*,#1574,.T.);
#377=ORIENTED_EDGE('',*,*,#1562,.F.);
#378=ORIENTED_EDGE('',*,*,#1576,.T.);
#379=ORIENTED_EDGE('',*,*,#1539,.T.);
#380=ORIENTED_EDGE('',*,*,#1575,.T.);
#381=ORIENTED_EDGE('',*,*,#1560,.F.);
#382=ORIENTED_EDGE('',*,*,#1577,.F.);
#383=ORIENTED_EDGE('',*,*,#1541,.T.);
#384=ORIENTED_EDGE('',*,*,#1578,.T.);
#385=ORIENTED_EDGE('',*,*,#1559,.F.);
#386=ORIENTED_EDGE('',*,*,#1579,.F.);
#387=ORIENTED_EDGE('',*,*,#1542,.T.);
#388=ORIENTED_EDGE('',*,*,#1577,.T.);
#389=ORIENTED_EDGE('',*,*,#1558,.F.);
#390=ORIENTED_EDGE('',*,*,#1580,.F.);
#391=ORIENTED_EDGE('',*,*,#1543,.T.);
#392=ORIENTED_EDGE('',*,*,#1579,.T.);
#393=ORIENTED_EDGE('',*,*,#1557,.F.);
#394=ORIENTED_EDGE('',*,*,#1581,.F.);
#395=ORIENTED_EDGE('',*,*,#1544,.T.);
#396=ORIENTED_EDGE('',*,*,#1580,.T.);
#397=ORIENTED_EDGE('',*,*,#1556,.F.);
#398=ORIENTED_EDGE('',*,*,#1582,.F.);
#399=ORIENTED_EDGE('',*,*,#1545,.T.);
#400=ORIENTED_EDGE('',*,*,#1581,.T.);
#401=ORIENTED_EDGE('',*,*,#1555,.F.);
#402=ORIENTED_EDGE('',*,*,#1583,.F.);
#403=ORIENTED_EDGE('',*,*,#1546,.T.);
#404=ORIENTED_EDGE('',*,*,#1582,.T.);
#405=ORIENTED_EDGE('',*,*,#1554,.F.);
#406=ORIENTED_EDGE('',*,*,#1584,.T.);
#407=ORIENTED_EDGE('',*,*,#1547,.T.);
#408=ORIENTED_EDGE('',*,*,#1583,.T.);
#409=ORIENTED_EDGE('',*,*,#1585,.T.);
#410=ORIENTED_EDGE('',*,*,#1586,.F.);
#411=ORIENTED_EDGE('',*,*,#1587,.T.);
#412=ORIENTED_EDGE('',*,*,#1588,.F.);
#413=ORIENTED_EDGE('',*,*,#1589,.T.);
#414=ORIENTED_EDGE('',*,*,#1590,.T.);
#415=ORIENTED_EDGE('',*,*,#1591,.T.);
#416=ORIENTED_EDGE('',*,*,#1592,.T.);
#417=ORIENTED_EDGE('',*,*,#1593,.F.);
#418=ORIENTED_EDGE('',*,*,#1594,.F.);
#419=ORIENTED_EDGE('',*,*,#1595,.T.);
#420=ORIENTED_EDGE('',*,*,#1596,.T.);
#421=ORIENTED_EDGE('',*,*,#1597,.T.);
#422=ORIENTED_EDGE('',*,*,#1585,.F.);
#423=ORIENTED_EDGE('',*,*,#1598,.T.);
#424=ORIENTED_EDGE('',*,*,#1599,.T.);
#425=ORIENTED_EDGE('',*,*,#1600,.T.);
#426=ORIENTED_EDGE('',*,*,#1601,.F.);
#427=ORIENTED_EDGE('',*,*,#1598,.F.);
#428=ORIENTED_EDGE('',*,*,#1592,.F.);
#429=ORIENTED_EDGE('',*,*,#1602,.T.);
#430=ORIENTED_EDGE('',*,*,#1603,.T.);
#431=ORIENTED_EDGE('',*,*,#1604,.F.);
#432=ORIENTED_EDGE('',*,*,#1605,.F.);
#433=ORIENTED_EDGE('',*,*,#1602,.F.);
#434=ORIENTED_EDGE('',*,*,#1591,.F.);
#435=ORIENTED_EDGE('',*,*,#1606,.F.);
#436=ORIENTED_EDGE('',*,*,#1606,.T.);
#437=ORIENTED_EDGE('',*,*,#1590,.F.);
#438=ORIENTED_EDGE('',*,*,#1607,.F.);
#439=ORIENTED_EDGE('',*,*,#1608,.T.);
#440=ORIENTED_EDGE('',*,*,#1601,.T.);
#441=ORIENTED_EDGE('',*,*,#1609,.F.);
#442=ORIENTED_EDGE('',*,*,#1610,.T.);
#443=ORIENTED_EDGE('',*,*,#1594,.T.);
#444=ORIENTED_EDGE('',*,*,#1611,.F.);
#445=ORIENTED_EDGE('',*,*,#1612,.F.);
#446=ORIENTED_EDGE('',*,*,#1588,.T.);
#447=ORIENTED_EDGE('',*,*,#1613,.T.);
#448=ORIENTED_EDGE('',*,*,#1587,.F.);
#449=ORIENTED_EDGE('',*,*,#1614,.F.);
#450=ORIENTED_EDGE('',*,*,#1615,.F.);
#451=ORIENTED_EDGE('',*,*,#1616,.F.);
#452=ORIENTED_EDGE('',*,*,#1613,.F.);
#453=ORIENTED_EDGE('',*,*,#1597,.F.);
#454=ORIENTED_EDGE('',*,*,#1617,.F.);
#455=ORIENTED_EDGE('',*,*,#1614,.T.);
#456=ORIENTED_EDGE('',*,*,#1586,.T.);
#457=ORIENTED_EDGE('',*,*,#1600,.F.);
#458=ORIENTED_EDGE('',*,*,#1618,.F.);
#459=ORIENTED_EDGE('',*,*,#1604,.T.);
#460=ORIENTED_EDGE('',*,*,#1609,.T.);
#461=ORIENTED_EDGE('',*,*,#1599,.F.);
#462=ORIENTED_EDGE('',*,*,#1603,.F.);
#463=ORIENTED_EDGE('',*,*,#1605,.T.);
#464=ORIENTED_EDGE('',*,*,#1618,.T.);
#465=ORIENTED_EDGE('',*,*,#1596,.F.);
#466=ORIENTED_EDGE('',*,*,#1619,.F.);
#467=ORIENTED_EDGE('',*,*,#1615,.T.);
#468=ORIENTED_EDGE('',*,*,#1617,.T.);
#469=ORIENTED_EDGE('',*,*,#1595,.F.);
#470=ORIENTED_EDGE('',*,*,#1610,.F.);
#471=ORIENTED_EDGE('',*,*,#1616,.T.);
#472=ORIENTED_EDGE('',*,*,#1619,.T.);
#473=ORIENTED_EDGE('',*,*,#1620,.T.);
#474=ORIENTED_EDGE('',*,*,#1621,.F.);
#475=ORIENTED_EDGE('',*,*,#1622,.T.);
#476=ORIENTED_EDGE('',*,*,#1623,.F.);
#477=ORIENTED_EDGE('',*,*,#1624,.T.);
#478=ORIENTED_EDGE('',*,*,#1625,.T.);
#479=ORIENTED_EDGE('',*,*,#1626,.T.);
#480=ORIENTED_EDGE('',*,*,#1627,.T.);
#481=ORIENTED_EDGE('',*,*,#1620,.F.);
#482=ORIENTED_EDGE('',*,*,#1628,.T.);
#483=ORIENTED_EDGE('',*,*,#1629,.T.);
#484=ORIENTED_EDGE('',*,*,#1630,.T.);
#485=ORIENTED_EDGE('',*,*,#1631,.F.);
#486=ORIENTED_EDGE('',*,*,#1632,.F.);
#487=ORIENTED_EDGE('',*,*,#1633,.F.);
#488=ORIENTED_EDGE('',*,*,#1634,.T.);
#489=ORIENTED_EDGE('',*,*,#1635,.T.);
#490=ORIENTED_EDGE('',*,*,#1636,.T.);
#491=ORIENTED_EDGE('',*,*,#1628,.F.);
#492=ORIENTED_EDGE('',*,*,#1627,.F.);
#493=ORIENTED_EDGE('',*,*,#1637,.T.);
#494=ORIENTED_EDGE('',*,*,#1638,.T.);
#495=ORIENTED_EDGE('',*,*,#1639,.F.);
#496=ORIENTED_EDGE('',*,*,#1640,.F.);
#497=ORIENTED_EDGE('',*,*,#1637,.F.);
#498=ORIENTED_EDGE('',*,*,#1626,.F.);
#499=ORIENTED_EDGE('',*,*,#1641,.F.);
#500=ORIENTED_EDGE('',*,*,#1641,.T.);
#501=ORIENTED_EDGE('',*,*,#1625,.F.);
#502=ORIENTED_EDGE('',*,*,#1642,.F.);
#503=ORIENTED_EDGE('',*,*,#1643,.T.);
#504=ORIENTED_EDGE('',*,*,#1631,.T.);
#505=ORIENTED_EDGE('',*,*,#1644,.F.);
#506=ORIENTED_EDGE('',*,*,#1645,.T.);
#507=ORIENTED_EDGE('',*,*,#1633,.T.);
#508=ORIENTED_EDGE('',*,*,#1646,.F.);
#509=ORIENTED_EDGE('',*,*,#1647,.F.);
#510=ORIENTED_EDGE('',*,*,#1623,.T.);
#511=ORIENTED_EDGE('',*,*,#1648,.T.);
#512=ORIENTED_EDGE('',*,*,#1622,.F.);
#513=ORIENTED_EDGE('',*,*,#1649,.F.);
#514=ORIENTED_EDGE('',*,*,#1650,.F.);
#515=ORIENTED_EDGE('',*,*,#1651,.F.);
#516=ORIENTED_EDGE('',*,*,#1648,.F.);
#517=ORIENTED_EDGE('',*,*,#1636,.F.);
#518=ORIENTED_EDGE('',*,*,#1652,.F.);
#519=ORIENTED_EDGE('',*,*,#1649,.T.);
#520=ORIENTED_EDGE('',*,*,#1621,.T.);
#521=ORIENTED_EDGE('',*,*,#1635,.F.);
#522=ORIENTED_EDGE('',*,*,#1653,.F.);
#523=ORIENTED_EDGE('',*,*,#1650,.T.);
#524=ORIENTED_EDGE('',*,*,#1652,.T.);
#525=ORIENTED_EDGE('',*,*,#1634,.F.);
#526=ORIENTED_EDGE('',*,*,#1645,.F.);
#527=ORIENTED_EDGE('',*,*,#1651,.T.);
#528=ORIENTED_EDGE('',*,*,#1653,.T.);
#529=ORIENTED_EDGE('',*,*,#1630,.F.);
#530=ORIENTED_EDGE('',*,*,#1654,.F.);
#531=ORIENTED_EDGE('',*,*,#1639,.T.);
#532=ORIENTED_EDGE('',*,*,#1644,.T.);
#533=ORIENTED_EDGE('',*,*,#1629,.F.);
#534=ORIENTED_EDGE('',*,*,#1638,.F.);
#535=ORIENTED_EDGE('',*,*,#1640,.T.);
#536=ORIENTED_EDGE('',*,*,#1654,.T.);
#537=ORIENTED_EDGE('',*,*,#1655,.F.);
#538=ORIENTED_EDGE('',*,*,#1656,.F.);
#539=ORIENTED_EDGE('',*,*,#1657,.T.);
#540=ORIENTED_EDGE('',*,*,#1658,.F.);
#541=ORIENTED_EDGE('',*,*,#1659,.F.);
#542=ORIENTED_EDGE('',*,*,#1660,.T.);
#543=ORIENTED_EDGE('',*,*,#1661,.T.);
#544=ORIENTED_EDGE('',*,*,#1662,.T.);
#545=ORIENTED_EDGE('',*,*,#1663,.T.);
#546=ORIENTED_EDGE('',*,*,#1664,.T.);
#547=ORIENTED_EDGE('',*,*,#1665,.T.);
#548=ORIENTED_EDGE('',*,*,#1666,.T.);
#549=ORIENTED_EDGE('',*,*,#1667,.T.);
#550=ORIENTED_EDGE('',*,*,#1655,.T.);
#551=ORIENTED_EDGE('',*,*,#1668,.T.);
#552=ORIENTED_EDGE('',*,*,#1669,.T.);
#553=ORIENTED_EDGE('',*,*,#1670,.T.);
#554=ORIENTED_EDGE('',*,*,#1671,.T.);
#555=ORIENTED_EDGE('',*,*,#1668,.F.);
#556=ORIENTED_EDGE('',*,*,#1662,.F.);
#557=ORIENTED_EDGE('',*,*,#1672,.T.);
#558=ORIENTED_EDGE('',*,*,#1673,.T.);
#559=ORIENTED_EDGE('',*,*,#1674,.F.);
#560=ORIENTED_EDGE('',*,*,#1675,.F.);
#561=ORIENTED_EDGE('',*,*,#1676,.F.);
#562=ORIENTED_EDGE('',*,*,#1672,.F.);
#563=ORIENTED_EDGE('',*,*,#1661,.F.);
#564=ORIENTED_EDGE('',*,*,#1674,.T.);
#565=ORIENTED_EDGE('',*,*,#1660,.F.);
#566=ORIENTED_EDGE('',*,*,#1677,.T.);
#567=ORIENTED_EDGE('',*,*,#1678,.T.);
#568=ORIENTED_EDGE('',*,*,#1671,.F.);
#569=ORIENTED_EDGE('',*,*,#1679,.F.);
#570=ORIENTED_EDGE('',*,*,#1680,.T.);
#571=ORIENTED_EDGE('',*,*,#1664,.F.);
#572=ORIENTED_EDGE('',*,*,#1681,.F.);
#573=ORIENTED_EDGE('',*,*,#1682,.T.);
#574=ORIENTED_EDGE('',*,*,#1658,.T.);
#575=ORIENTED_EDGE('',*,*,#1683,.T.);
#576=ORIENTED_EDGE('',*,*,#1683,.F.);
#577=ORIENTED_EDGE('',*,*,#1657,.F.);
#578=ORIENTED_EDGE('',*,*,#1684,.F.);
#579=ORIENTED_EDGE('',*,*,#1685,.F.);
#580=ORIENTED_EDGE('',*,*,#1686,.F.);
#581=ORIENTED_EDGE('',*,*,#1667,.F.);
#582=ORIENTED_EDGE('',*,*,#1687,.F.);
#583=ORIENTED_EDGE('',*,*,#1684,.T.);
#584=ORIENTED_EDGE('',*,*,#1656,.T.);
#585=ORIENTED_EDGE('',*,*,#1670,.F.);
#586=ORIENTED_EDGE('',*,*,#1688,.F.);
#587=ORIENTED_EDGE('',*,*,#1675,.T.);
#588=ORIENTED_EDGE('',*,*,#1679,.T.);
#589=ORIENTED_EDGE('',*,*,#1669,.F.);
#590=ORIENTED_EDGE('',*,*,#1673,.F.);
#591=ORIENTED_EDGE('',*,*,#1676,.T.);
#592=ORIENTED_EDGE('',*,*,#1688,.T.);
#593=ORIENTED_EDGE('',*,*,#1666,.F.);
#594=ORIENTED_EDGE('',*,*,#1689,.F.);
#595=ORIENTED_EDGE('',*,*,#1685,.T.);
#596=ORIENTED_EDGE('',*,*,#1687,.T.);
#597=ORIENTED_EDGE('',*,*,#1665,.F.);
#598=ORIENTED_EDGE('',*,*,#1680,.F.);
#599=ORIENTED_EDGE('',*,*,#1686,.T.);
#600=ORIENTED_EDGE('',*,*,#1689,.T.);
#601=ORIENTED_EDGE('',*,*,#1690,.F.);
#602=ORIENTED_EDGE('',*,*,#1691,.F.);
#603=ORIENTED_EDGE('',*,*,#1692,.T.);
#604=ORIENTED_EDGE('',*,*,#1693,.F.);
#605=ORIENTED_EDGE('',*,*,#1694,.F.);
#606=ORIENTED_EDGE('',*,*,#1695,.T.);
#607=ORIENTED_EDGE('',*,*,#1696,.T.);
#608=ORIENTED_EDGE('',*,*,#1697,.T.);
#609=ORIENTED_EDGE('',*,*,#1698,.T.);
#610=ORIENTED_EDGE('',*,*,#1699,.T.);
#611=ORIENTED_EDGE('',*,*,#1700,.T.);
#612=ORIENTED_EDGE('',*,*,#1701,.T.);
#613=ORIENTED_EDGE('',*,*,#1702,.T.);
#614=ORIENTED_EDGE('',*,*,#1690,.T.);
#615=ORIENTED_EDGE('',*,*,#1703,.T.);
#616=ORIENTED_EDGE('',*,*,#1704,.T.);
#617=ORIENTED_EDGE('',*,*,#1705,.T.);
#618=ORIENTED_EDGE('',*,*,#1706,.T.);
#619=ORIENTED_EDGE('',*,*,#1703,.F.);
#620=ORIENTED_EDGE('',*,*,#1697,.F.);
#621=ORIENTED_EDGE('',*,*,#1707,.T.);
#622=ORIENTED_EDGE('',*,*,#1708,.T.);
#623=ORIENTED_EDGE('',*,*,#1709,.F.);
#624=ORIENTED_EDGE('',*,*,#1710,.F.);
#625=ORIENTED_EDGE('',*,*,#1711,.F.);
#626=ORIENTED_EDGE('',*,*,#1707,.F.);
#627=ORIENTED_EDGE('',*,*,#1696,.F.);
#628=ORIENTED_EDGE('',*,*,#1709,.T.);
#629=ORIENTED_EDGE('',*,*,#1695,.F.);
#630=ORIENTED_EDGE('',*,*,#1712,.T.);
#631=ORIENTED_EDGE('',*,*,#1713,.T.);
#632=ORIENTED_EDGE('',*,*,#1706,.F.);
#633=ORIENTED_EDGE('',*,*,#1714,.F.);
#634=ORIENTED_EDGE('',*,*,#1715,.T.);
#635=ORIENTED_EDGE('',*,*,#1699,.F.);
#636=ORIENTED_EDGE('',*,*,#1716,.F.);
#637=ORIENTED_EDGE('',*,*,#1717,.T.);
#638=ORIENTED_EDGE('',*,*,#1693,.T.);
#639=ORIENTED_EDGE('',*,*,#1718,.T.);
#640=ORIENTED_EDGE('',*,*,#1718,.F.);
#641=ORIENTED_EDGE('',*,*,#1692,.F.);
#642=ORIENTED_EDGE('',*,*,#1719,.F.);
#643=ORIENTED_EDGE('',*,*,#1720,.F.);
#644=ORIENTED_EDGE('',*,*,#1721,.F.);
#645=ORIENTED_EDGE('',*,*,#1702,.F.);
#646=ORIENTED_EDGE('',*,*,#1722,.F.);
#647=ORIENTED_EDGE('',*,*,#1719,.T.);
#648=ORIENTED_EDGE('',*,*,#1691,.T.);
#649=ORIENTED_EDGE('',*,*,#1705,.F.);
#650=ORIENTED_EDGE('',*,*,#1723,.F.);
#651=ORIENTED_EDGE('',*,*,#1710,.T.);
#652=ORIENTED_EDGE('',*,*,#1714,.T.);
#653=ORIENTED_EDGE('',*,*,#1704,.F.);
#654=ORIENTED_EDGE('',*,*,#1708,.F.);
#655=ORIENTED_EDGE('',*,*,#1711,.T.);
#656=ORIENTED_EDGE('',*,*,#1723,.T.);
#657=ORIENTED_EDGE('',*,*,#1701,.F.);
#658=ORIENTED_EDGE('',*,*,#1724,.F.);
#659=ORIENTED_EDGE('',*,*,#1720,.T.);
#660=ORIENTED_EDGE('',*,*,#1722,.T.);
#661=ORIENTED_EDGE('',*,*,#1700,.F.);
#662=ORIENTED_EDGE('',*,*,#1715,.F.);
#663=ORIENTED_EDGE('',*,*,#1721,.T.);
#664=ORIENTED_EDGE('',*,*,#1724,.T.);
#665=ORIENTED_EDGE('',*,*,#1725,.F.);
#666=ORIENTED_EDGE('',*,*,#1726,.F.);
#667=ORIENTED_EDGE('',*,*,#1727,.F.);
#668=ORIENTED_EDGE('',*,*,#1728,.F.);
#669=ORIENTED_EDGE('',*,*,#1570,.F.);
#670=ORIENTED_EDGE('',*,*,#1532,.T.);
#671=ORIENTED_EDGE('',*,*,#1584,.F.);
#672=ORIENTED_EDGE('',*,*,#1553,.T.);
#673=ORIENTED_EDGE('',*,*,#1727,.T.);
#674=ORIENTED_EDGE('',*,*,#1729,.F.);
#675=ORIENTED_EDGE('',*,*,#1730,.F.);
#676=ORIENTED_EDGE('',*,*,#1731,.T.);
#677=ORIENTED_EDGE('',*,*,#1578,.F.);
#678=ORIENTED_EDGE('',*,*,#1540,.T.);
#679=ORIENTED_EDGE('',*,*,#1576,.F.);
#680=ORIENTED_EDGE('',*,*,#1561,.T.);
#681=ORIENTED_EDGE('',*,*,#1725,.T.);
#682=ORIENTED_EDGE('',*,*,#1732,.F.);
#683=ORIENTED_EDGE('',*,*,#1733,.F.);
#684=ORIENTED_EDGE('',*,*,#1734,.T.);
#685=ORIENTED_EDGE('',*,*,#1527,.F.);
#686=ORIENTED_EDGE('',*,*,#1552,.F.);
#687=ORIENTED_EDGE('',*,*,#1550,.F.);
#688=ORIENTED_EDGE('',*,*,#1548,.F.);
#689=ORIENTED_EDGE('',*,*,#1523,.F.);
#690=ORIENTED_EDGE('',*,*,#1479,.F.);
#691=ORIENTED_EDGE('',*,*,#1735,.T.);
#692=ORIENTED_EDGE('',*,*,#1712,.F.);
#693=ORIENTED_EDGE('',*,*,#1694,.T.);
#694=ORIENTED_EDGE('',*,*,#1717,.F.);
#695=ORIENTED_EDGE('',*,*,#1736,.T.);
#696=ORIENTED_EDGE('',*,*,#1677,.F.);
#697=ORIENTED_EDGE('',*,*,#1659,.T.);
#698=ORIENTED_EDGE('',*,*,#1682,.F.);
#699=ORIENTED_EDGE('',*,*,#1737,.T.);
#700=ORIENTED_EDGE('',*,*,#1730,.T.);
#701=ORIENTED_EDGE('',*,*,#1738,.T.);
#702=ORIENTED_EDGE('',*,*,#1607,.T.);
#703=ORIENTED_EDGE('',*,*,#1589,.F.);
#704=ORIENTED_EDGE('',*,*,#1612,.T.);
#705=ORIENTED_EDGE('',*,*,#1739,.T.);
#706=ORIENTED_EDGE('',*,*,#1642,.T.);
#707=ORIENTED_EDGE('',*,*,#1624,.F.);
#708=ORIENTED_EDGE('',*,*,#1647,.T.);
#709=ORIENTED_EDGE('',*,*,#1740,.T.);
#710=ORIENTED_EDGE('',*,*,#1509,.T.);
#711=ORIENTED_EDGE('',*,*,#1491,.F.);
#712=ORIENTED_EDGE('',*,*,#1514,.T.);
#713=ORIENTED_EDGE('',*,*,#1741,.T.);
#714=ORIENTED_EDGE('',*,*,#1733,.T.);
#715=ORIENTED_EDGE('',*,*,#1742,.T.);
#716=ORIENTED_EDGE('',*,*,#1474,.F.);
#717=ORIENTED_EDGE('',*,*,#1456,.T.);
#718=ORIENTED_EDGE('',*,*,#1510,.F.);
#719=ORIENTED_EDGE('',*,*,#1740,.F.);
#720=ORIENTED_EDGE('',*,*,#1646,.T.);
#721=ORIENTED_EDGE('',*,*,#1632,.T.);
#722=ORIENTED_EDGE('',*,*,#1643,.F.);
#723=ORIENTED_EDGE('',*,*,#1739,.F.);
#724=ORIENTED_EDGE('',*,*,#1611,.T.);
#725=ORIENTED_EDGE('',*,*,#1593,.T.);
#726=ORIENTED_EDGE('',*,*,#1608,.F.);
#727=ORIENTED_EDGE('',*,*,#1738,.F.);
#728=ORIENTED_EDGE('',*,*,#1729,.T.);
#729=ORIENTED_EDGE('',*,*,#1726,.T.);
#730=ORIENTED_EDGE('',*,*,#1734,.F.);
#731=ORIENTED_EDGE('',*,*,#1741,.F.);
#732=ORIENTED_EDGE('',*,*,#1513,.T.);
#733=ORIENTED_EDGE('',*,*,#1495,.T.);
#734=ORIENTED_EDGE('',*,*,#1475,.F.);
#735=ORIENTED_EDGE('',*,*,#1742,.F.);
#736=ORIENTED_EDGE('',*,*,#1732,.T.);
#737=ORIENTED_EDGE('',*,*,#1728,.T.);
#738=ORIENTED_EDGE('',*,*,#1731,.F.);
#739=ORIENTED_EDGE('',*,*,#1737,.F.);
#740=ORIENTED_EDGE('',*,*,#1681,.T.);
#741=ORIENTED_EDGE('',*,*,#1663,.F.);
#742=ORIENTED_EDGE('',*,*,#1678,.F.);
#743=ORIENTED_EDGE('',*,*,#1736,.F.);
#744=ORIENTED_EDGE('',*,*,#1716,.T.);
#745=ORIENTED_EDGE('',*,*,#1698,.F.);
#746=ORIENTED_EDGE('',*,*,#1713,.F.);
#747=ORIENTED_EDGE('',*,*,#1735,.F.);
#748=ORIENTED_EDGE('',*,*,#1478,.T.);
#749=ORIENTED_EDGE('',*,*,#1460,.F.);
#750=ORIENTED_EDGE('',*,*,#1743,.F.);
#751=ORIENTED_EDGE('',*,*,#1744,.T.);
#752=ORIENTED_EDGE('',*,*,#1745,.T.);
#753=ORIENTED_EDGE('',*,*,#1746,.F.);
#754=ORIENTED_EDGE('',*,*,#1747,.F.);
#755=ORIENTED_EDGE('',*,*,#1748,.T.);
#756=ORIENTED_EDGE('',*,*,#1749,.F.);
#757=ORIENTED_EDGE('',*,*,#1750,.F.);
#758=ORIENTED_EDGE('',*,*,#1751,.F.);
#759=ORIENTED_EDGE('',*,*,#1752,.F.);
#760=ORIENTED_EDGE('',*,*,#1753,.T.);
#761=ORIENTED_EDGE('',*,*,#1754,.T.);
#762=ORIENTED_EDGE('',*,*,#1755,.T.);
#763=ORIENTED_EDGE('',*,*,#1756,.T.);
#764=ORIENTED_EDGE('',*,*,#1757,.F.);
#765=ORIENTED_EDGE('',*,*,#1746,.T.);
#766=ORIENTED_EDGE('',*,*,#1758,.T.);
#767=ORIENTED_EDGE('',*,*,#1753,.F.);
#768=ORIENTED_EDGE('',*,*,#1759,.F.);
#769=ORIENTED_EDGE('',*,*,#1760,.F.);
#770=ORIENTED_EDGE('',*,*,#1761,.T.);
#771=ORIENTED_EDGE('',*,*,#1762,.F.);
#772=ORIENTED_EDGE('',*,*,#1763,.F.);
#773=ORIENTED_EDGE('',*,*,#1748,.F.);
#774=ORIENTED_EDGE('',*,*,#1764,.F.);
#775=ORIENTED_EDGE('',*,*,#1751,.T.);
#776=ORIENTED_EDGE('',*,*,#1765,.F.);
#777=ORIENTED_EDGE('',*,*,#1766,.T.);
#778=ORIENTED_EDGE('',*,*,#1767,.T.);
#779=ORIENTED_EDGE('',*,*,#1768,.T.);
#780=ORIENTED_EDGE('',*,*,#1759,.T.);
#781=ORIENTED_EDGE('',*,*,#1752,.T.);
#782=ORIENTED_EDGE('',*,*,#1764,.T.);
#783=ORIENTED_EDGE('',*,*,#1747,.T.);
#784=ORIENTED_EDGE('',*,*,#1757,.T.);
#785=ORIENTED_EDGE('',*,*,#1769,.T.);
#786=ORIENTED_EDGE('',*,*,#1758,.F.);
#787=ORIENTED_EDGE('',*,*,#1745,.F.);
#788=ORIENTED_EDGE('',*,*,#1770,.F.);
#789=ORIENTED_EDGE('',*,*,#1771,.F.);
#790=ORIENTED_EDGE('',*,*,#1772,.F.);
#791=ORIENTED_EDGE('',*,*,#1761,.F.);
#792=ORIENTED_EDGE('',*,*,#1773,.F.);
#793=ORIENTED_EDGE('',*,*,#1774,.F.);
#794=ORIENTED_EDGE('',*,*,#1775,.F.);
#795=ORIENTED_EDGE('',*,*,#1754,.F.);
#796=ORIENTED_EDGE('',*,*,#1775,.T.);
#797=ORIENTED_EDGE('',*,*,#1776,.F.);
#798=ORIENTED_EDGE('',*,*,#1777,.F.);
#799=ORIENTED_EDGE('',*,*,#1749,.T.);
#800=ORIENTED_EDGE('',*,*,#1774,.T.);
#801=ORIENTED_EDGE('',*,*,#1778,.F.);
#802=ORIENTED_EDGE('',*,*,#1779,.F.);
#803=ORIENTED_EDGE('',*,*,#1776,.T.);
#804=ORIENTED_EDGE('',*,*,#1773,.T.);
#805=ORIENTED_EDGE('',*,*,#1766,.F.);
#806=ORIENTED_EDGE('',*,*,#1780,.F.);
#807=ORIENTED_EDGE('',*,*,#1778,.T.);
#808=ORIENTED_EDGE('',*,*,#1750,.T.);
#809=ORIENTED_EDGE('',*,*,#1777,.T.);
#810=ORIENTED_EDGE('',*,*,#1779,.T.);
#811=ORIENTED_EDGE('',*,*,#1780,.T.);
#812=ORIENTED_EDGE('',*,*,#1765,.T.);
#813=ORIENTED_EDGE('',*,*,#1772,.T.);
#814=ORIENTED_EDGE('',*,*,#1781,.F.);
#815=ORIENTED_EDGE('',*,*,#1782,.F.);
#816=ORIENTED_EDGE('',*,*,#1762,.T.);
#817=ORIENTED_EDGE('',*,*,#1771,.T.);
#818=ORIENTED_EDGE('',*,*,#1783,.F.);
#819=ORIENTED_EDGE('',*,*,#1784,.F.);
#820=ORIENTED_EDGE('',*,*,#1781,.T.);
#821=ORIENTED_EDGE('',*,*,#1770,.T.);
#822=ORIENTED_EDGE('',*,*,#1744,.F.);
#823=ORIENTED_EDGE('',*,*,#1785,.F.);
#824=ORIENTED_EDGE('',*,*,#1783,.T.);
#825=ORIENTED_EDGE('',*,*,#1743,.T.);
#826=ORIENTED_EDGE('',*,*,#1763,.T.);
#827=ORIENTED_EDGE('',*,*,#1782,.T.);
#828=ORIENTED_EDGE('',*,*,#1784,.T.);
#829=ORIENTED_EDGE('',*,*,#1785,.T.);
#830=ORIENTED_EDGE('',*,*,#1769,.F.);
#831=ORIENTED_EDGE('',*,*,#1756,.F.);
#832=ORIENTED_EDGE('',*,*,#1786,.T.);
#833=ORIENTED_EDGE('',*,*,#1787,.T.);
#834=ORIENTED_EDGE('',*,*,#1767,.F.);
#835=ORIENTED_EDGE('',*,*,#1787,.F.);
#836=ORIENTED_EDGE('',*,*,#1788,.T.);
#837=ORIENTED_EDGE('',*,*,#1789,.T.);
#838=ORIENTED_EDGE('',*,*,#1768,.F.);
#839=ORIENTED_EDGE('',*,*,#1789,.F.);
#840=ORIENTED_EDGE('',*,*,#1790,.T.);
#841=ORIENTED_EDGE('',*,*,#1760,.T.);
#842=ORIENTED_EDGE('',*,*,#1755,.F.);
#843=ORIENTED_EDGE('',*,*,#1790,.F.);
#844=ORIENTED_EDGE('',*,*,#1788,.F.);
#845=ORIENTED_EDGE('',*,*,#1786,.F.);
#846=ORIENTED_EDGE('',*,*,#1791,.F.);
#847=ORIENTED_EDGE('',*,*,#1792,.F.);
#848=ORIENTED_EDGE('',*,*,#1793,.T.);
#849=ORIENTED_EDGE('',*,*,#1794,.F.);
#850=ORIENTED_EDGE('',*,*,#1795,.T.);
#851=ORIENTED_EDGE('',*,*,#1796,.T.);
#852=ORIENTED_EDGE('',*,*,#1797,.F.);
#853=ORIENTED_EDGE('',*,*,#1798,.F.);
#854=ORIENTED_EDGE('',*,*,#1799,.T.);
#855=ORIENTED_EDGE('',*,*,#1800,.T.);
#856=ORIENTED_EDGE('',*,*,#1798,.T.);
#857=ORIENTED_EDGE('',*,*,#1801,.T.);
#858=ORIENTED_EDGE('',*,*,#1802,.T.);
#859=ORIENTED_EDGE('',*,*,#1803,.T.);
#860=ORIENTED_EDGE('',*,*,#1794,.T.);
#861=ORIENTED_EDGE('',*,*,#1804,.T.);
#862=ORIENTED_EDGE('',*,*,#1805,.F.);
#863=ORIENTED_EDGE('',*,*,#1806,.T.);
#864=ORIENTED_EDGE('',*,*,#1807,.T.);
#865=ORIENTED_EDGE('',*,*,#1795,.F.);
#866=ORIENTED_EDGE('',*,*,#1803,.F.);
#867=ORIENTED_EDGE('',*,*,#1808,.T.);
#868=ORIENTED_EDGE('',*,*,#1809,.F.);
#869=ORIENTED_EDGE('',*,*,#1810,.F.);
#870=ORIENTED_EDGE('',*,*,#1811,.F.);
#871=ORIENTED_EDGE('',*,*,#1801,.F.);
#872=ORIENTED_EDGE('',*,*,#1797,.T.);
#873=ORIENTED_EDGE('',*,*,#1812,.T.);
#874=ORIENTED_EDGE('',*,*,#1813,.T.);
#875=ORIENTED_EDGE('',*,*,#1814,.F.);
#876=ORIENTED_EDGE('',*,*,#1815,.F.);
#877=ORIENTED_EDGE('',*,*,#1808,.F.);
#878=ORIENTED_EDGE('',*,*,#1802,.F.);
#879=ORIENTED_EDGE('',*,*,#1811,.T.);
#880=ORIENTED_EDGE('',*,*,#1816,.F.);
#881=ORIENTED_EDGE('',*,*,#1817,.T.);
#882=ORIENTED_EDGE('',*,*,#1796,.F.);
#883=ORIENTED_EDGE('',*,*,#1807,.F.);
#884=ORIENTED_EDGE('',*,*,#1818,.F.);
#885=ORIENTED_EDGE('',*,*,#1819,.F.);
#886=ORIENTED_EDGE('',*,*,#1820,.F.);
#887=ORIENTED_EDGE('',*,*,#1813,.F.);
#888=ORIENTED_EDGE('',*,*,#1821,.F.);
#889=ORIENTED_EDGE('',*,*,#1822,.F.);
#890=ORIENTED_EDGE('',*,*,#1823,.F.);
#891=ORIENTED_EDGE('',*,*,#1812,.F.);
#892=ORIENTED_EDGE('',*,*,#1823,.T.);
#893=ORIENTED_EDGE('',*,*,#1824,.F.);
#894=ORIENTED_EDGE('',*,*,#1825,.F.);
#895=ORIENTED_EDGE('',*,*,#1809,.T.);
#896=ORIENTED_EDGE('',*,*,#1822,.T.);
#897=ORIENTED_EDGE('',*,*,#1826,.F.);
#898=ORIENTED_EDGE('',*,*,#1827,.F.);
#899=ORIENTED_EDGE('',*,*,#1824,.T.);
#900=ORIENTED_EDGE('',*,*,#1821,.T.);
#901=ORIENTED_EDGE('',*,*,#1817,.F.);
#902=ORIENTED_EDGE('',*,*,#1828,.F.);
#903=ORIENTED_EDGE('',*,*,#1826,.T.);
#904=ORIENTED_EDGE('',*,*,#1810,.T.);
#905=ORIENTED_EDGE('',*,*,#1825,.T.);
#906=ORIENTED_EDGE('',*,*,#1827,.T.);
#907=ORIENTED_EDGE('',*,*,#1828,.T.);
#908=ORIENTED_EDGE('',*,*,#1816,.T.);
#909=ORIENTED_EDGE('',*,*,#1820,.T.);
#910=ORIENTED_EDGE('',*,*,#1829,.F.);
#911=ORIENTED_EDGE('',*,*,#1830,.F.);
#912=ORIENTED_EDGE('',*,*,#1814,.T.);
#913=ORIENTED_EDGE('',*,*,#1819,.T.);
#914=ORIENTED_EDGE('',*,*,#1831,.F.);
#915=ORIENTED_EDGE('',*,*,#1832,.F.);
#916=ORIENTED_EDGE('',*,*,#1829,.T.);
#917=ORIENTED_EDGE('',*,*,#1818,.T.);
#918=ORIENTED_EDGE('',*,*,#1806,.F.);
#919=ORIENTED_EDGE('',*,*,#1833,.F.);
#920=ORIENTED_EDGE('',*,*,#1831,.T.);
#921=ORIENTED_EDGE('',*,*,#1805,.T.);
#922=ORIENTED_EDGE('',*,*,#1815,.T.);
#923=ORIENTED_EDGE('',*,*,#1830,.T.);
#924=ORIENTED_EDGE('',*,*,#1832,.T.);
#925=ORIENTED_EDGE('',*,*,#1833,.T.);
#926=ORIENTED_EDGE('',*,*,#1800,.F.);
#927=ORIENTED_EDGE('',*,*,#1834,.F.);
#928=ORIENTED_EDGE('',*,*,#1835,.T.);
#929=ORIENTED_EDGE('',*,*,#1791,.T.);
#930=ORIENTED_EDGE('',*,*,#1799,.F.);
#931=ORIENTED_EDGE('',*,*,#1836,.F.);
#932=ORIENTED_EDGE('',*,*,#1837,.T.);
#933=ORIENTED_EDGE('',*,*,#1834,.T.);
#934=ORIENTED_EDGE('',*,*,#1804,.F.);
#935=ORIENTED_EDGE('',*,*,#1793,.F.);
#936=ORIENTED_EDGE('',*,*,#1838,.T.);
#937=ORIENTED_EDGE('',*,*,#1836,.T.);
#938=ORIENTED_EDGE('',*,*,#1792,.T.);
#939=ORIENTED_EDGE('',*,*,#1835,.F.);
#940=ORIENTED_EDGE('',*,*,#1837,.F.);
#941=ORIENTED_EDGE('',*,*,#1838,.F.);
#942=ORIENTED_EDGE('',*,*,#1839,.F.);
#943=ORIENTED_EDGE('',*,*,#1840,.T.);
#944=ORIENTED_EDGE('',*,*,#1841,.T.);
#945=ORIENTED_EDGE('',*,*,#1842,.T.);
#946=ORIENTED_EDGE('',*,*,#1843,.T.);
#947=ORIENTED_EDGE('',*,*,#1844,.F.);
#948=ORIENTED_EDGE('',*,*,#1845,.F.);
#949=ORIENTED_EDGE('',*,*,#1846,.T.);
#950=ORIENTED_EDGE('',*,*,#1847,.F.);
#951=ORIENTED_EDGE('',*,*,#1848,.T.);
#952=ORIENTED_EDGE('',*,*,#1849,.F.);
#953=ORIENTED_EDGE('',*,*,#1843,.F.);
#954=ORIENTED_EDGE('',*,*,#1850,.T.);
#955=ORIENTED_EDGE('',*,*,#1851,.T.);
#956=ORIENTED_EDGE('',*,*,#1852,.F.);
#957=ORIENTED_EDGE('',*,*,#1853,.F.);
#958=ORIENTED_EDGE('',*,*,#1854,.F.);
#959=ORIENTED_EDGE('',*,*,#1851,.F.);
#960=ORIENTED_EDGE('',*,*,#1855,.T.);
#961=ORIENTED_EDGE('',*,*,#1856,.T.);
#962=ORIENTED_EDGE('',*,*,#1857,.F.);
#963=ORIENTED_EDGE('',*,*,#1858,.T.);
#964=ORIENTED_EDGE('',*,*,#1859,.F.);
#965=ORIENTED_EDGE('',*,*,#1860,.F.);
#966=ORIENTED_EDGE('',*,*,#1856,.F.);
#967=ORIENTED_EDGE('',*,*,#1861,.T.);
#968=ORIENTED_EDGE('',*,*,#1845,.T.);
#969=ORIENTED_EDGE('',*,*,#1862,.F.);
#970=ORIENTED_EDGE('',*,*,#1863,.F.);
#971=ORIENTED_EDGE('',*,*,#1864,.F.);
#972=ORIENTED_EDGE('',*,*,#1846,.F.);
#973=ORIENTED_EDGE('',*,*,#1861,.F.);
#974=ORIENTED_EDGE('',*,*,#1855,.F.);
#975=ORIENTED_EDGE('',*,*,#1850,.F.);
#976=ORIENTED_EDGE('',*,*,#1842,.F.);
#977=ORIENTED_EDGE('',*,*,#1865,.F.);
#978=ORIENTED_EDGE('',*,*,#1852,.T.);
#979=ORIENTED_EDGE('',*,*,#1866,.F.);
#980=ORIENTED_EDGE('',*,*,#1867,.F.);
#981=ORIENTED_EDGE('',*,*,#1868,.F.);
#982=ORIENTED_EDGE('',*,*,#1862,.T.);
#983=ORIENTED_EDGE('',*,*,#1844,.T.);
#984=ORIENTED_EDGE('',*,*,#1849,.T.);
#985=ORIENTED_EDGE('',*,*,#1869,.F.);
#986=ORIENTED_EDGE('',*,*,#1870,.F.);
#987=ORIENTED_EDGE('',*,*,#1871,.F.);
#988=ORIENTED_EDGE('',*,*,#1869,.T.);
#989=ORIENTED_EDGE('',*,*,#1848,.F.);
#990=ORIENTED_EDGE('',*,*,#1872,.F.);
#991=ORIENTED_EDGE('',*,*,#1873,.T.);
#992=ORIENTED_EDGE('',*,*,#1871,.T.);
#993=ORIENTED_EDGE('',*,*,#1874,.F.);
#994=ORIENTED_EDGE('',*,*,#1875,.F.);
#995=ORIENTED_EDGE('',*,*,#1853,.T.);
#996=ORIENTED_EDGE('',*,*,#1870,.T.);
#997=ORIENTED_EDGE('',*,*,#1873,.F.);
#998=ORIENTED_EDGE('',*,*,#1876,.F.);
#999=ORIENTED_EDGE('',*,*,#1874,.T.);
#1000=ORIENTED_EDGE('',*,*,#1872,.T.);
#1001=ORIENTED_EDGE('',*,*,#1847,.T.);
#1002=ORIENTED_EDGE('',*,*,#1854,.T.);
#1003=ORIENTED_EDGE('',*,*,#1875,.T.);
#1004=ORIENTED_EDGE('',*,*,#1876,.T.);
#1005=ORIENTED_EDGE('',*,*,#1868,.T.);
#1006=ORIENTED_EDGE('',*,*,#1877,.F.);
#1007=ORIENTED_EDGE('',*,*,#1878,.F.);
#1008=ORIENTED_EDGE('',*,*,#1859,.T.);
#1009=ORIENTED_EDGE('',*,*,#1867,.T.);
#1010=ORIENTED_EDGE('',*,*,#1879,.F.);
#1011=ORIENTED_EDGE('',*,*,#1880,.F.);
#1012=ORIENTED_EDGE('',*,*,#1877,.T.);
#1013=ORIENTED_EDGE('',*,*,#1866,.T.);
#1014=ORIENTED_EDGE('',*,*,#1858,.F.);
#1015=ORIENTED_EDGE('',*,*,#1881,.F.);
#1016=ORIENTED_EDGE('',*,*,#1879,.T.);
#1017=ORIENTED_EDGE('',*,*,#1857,.T.);
#1018=ORIENTED_EDGE('',*,*,#1860,.T.);
#1019=ORIENTED_EDGE('',*,*,#1878,.T.);
#1020=ORIENTED_EDGE('',*,*,#1880,.T.);
#1021=ORIENTED_EDGE('',*,*,#1881,.T.);
#1022=ORIENTED_EDGE('',*,*,#1882,.T.);
#1023=ORIENTED_EDGE('',*,*,#1883,.T.);
#1024=ORIENTED_EDGE('',*,*,#1884,.T.);
#1025=ORIENTED_EDGE('',*,*,#1840,.F.);
#1026=ORIENTED_EDGE('',*,*,#1864,.T.);
#1027=ORIENTED_EDGE('',*,*,#1885,.F.);
#1028=ORIENTED_EDGE('',*,*,#1882,.F.);
#1029=ORIENTED_EDGE('',*,*,#1839,.T.);
#1030=ORIENTED_EDGE('',*,*,#1863,.T.);
#1031=ORIENTED_EDGE('',*,*,#1886,.F.);
#1032=ORIENTED_EDGE('',*,*,#1883,.F.);
#1033=ORIENTED_EDGE('',*,*,#1885,.T.);
#1034=ORIENTED_EDGE('',*,*,#1865,.T.);
#1035=ORIENTED_EDGE('',*,*,#1841,.F.);
#1036=ORIENTED_EDGE('',*,*,#1884,.F.);
#1037=ORIENTED_EDGE('',*,*,#1886,.T.);
#1038=ORIENTED_EDGE('',*,*,#1887,.F.);
#1039=ORIENTED_EDGE('',*,*,#1888,.T.);
#1040=ORIENTED_EDGE('',*,*,#1889,.F.);
#1041=ORIENTED_EDGE('',*,*,#1890,.F.);
#1042=ORIENTED_EDGE('',*,*,#1891,.T.);
#1043=ORIENTED_EDGE('',*,*,#1892,.T.);
#1044=ORIENTED_EDGE('',*,*,#1893,.F.);
#1045=ORIENTED_EDGE('',*,*,#1894,.F.);
#1046=ORIENTED_EDGE('',*,*,#1895,.F.);
#1047=ORIENTED_EDGE('',*,*,#1892,.F.);
#1048=ORIENTED_EDGE('',*,*,#1896,.T.);
#1049=ORIENTED_EDGE('',*,*,#1897,.T.);
#1050=ORIENTED_EDGE('',*,*,#1898,.F.);
#1051=ORIENTED_EDGE('',*,*,#1899,.T.);
#1052=ORIENTED_EDGE('',*,*,#1900,.F.);
#1053=ORIENTED_EDGE('',*,*,#1901,.F.);
#1054=ORIENTED_EDGE('',*,*,#1897,.F.);
#1055=ORIENTED_EDGE('',*,*,#1902,.T.);
#1056=ORIENTED_EDGE('',*,*,#1903,.T.);
#1057=ORIENTED_EDGE('',*,*,#1904,.F.);
#1058=ORIENTED_EDGE('',*,*,#1905,.F.);
#1059=ORIENTED_EDGE('',*,*,#1906,.T.);
#1060=ORIENTED_EDGE('',*,*,#1907,.T.);
#1061=ORIENTED_EDGE('',*,*,#1908,.T.);
#1062=ORIENTED_EDGE('',*,*,#1890,.T.);
#1063=ORIENTED_EDGE('',*,*,#1909,.F.);
#1064=ORIENTED_EDGE('',*,*,#1903,.F.);
#1065=ORIENTED_EDGE('',*,*,#1910,.T.);
#1066=ORIENTED_EDGE('',*,*,#1911,.F.);
#1067=ORIENTED_EDGE('',*,*,#1912,.F.);
#1068=ORIENTED_EDGE('',*,*,#1910,.F.);
#1069=ORIENTED_EDGE('',*,*,#1902,.F.);
#1070=ORIENTED_EDGE('',*,*,#1896,.F.);
#1071=ORIENTED_EDGE('',*,*,#1891,.F.);
#1072=ORIENTED_EDGE('',*,*,#1908,.F.);
#1073=ORIENTED_EDGE('',*,*,#1913,.F.);
#1074=ORIENTED_EDGE('',*,*,#1909,.T.);
#1075=ORIENTED_EDGE('',*,*,#1889,.T.);
#1076=ORIENTED_EDGE('',*,*,#1914,.F.);
#1077=ORIENTED_EDGE('',*,*,#1915,.F.);
#1078=ORIENTED_EDGE('',*,*,#1916,.F.);
#1079=ORIENTED_EDGE('',*,*,#1893,.T.);
#1080=ORIENTED_EDGE('',*,*,#1917,.F.);
#1081=ORIENTED_EDGE('',*,*,#1918,.F.);
#1082=ORIENTED_EDGE('',*,*,#1919,.F.);
#1083=ORIENTED_EDGE('',*,*,#1904,.T.);
#1084=ORIENTED_EDGE('',*,*,#1914,.T.);
#1085=ORIENTED_EDGE('',*,*,#1888,.F.);
#1086=ORIENTED_EDGE('',*,*,#1920,.F.);
#1087=ORIENTED_EDGE('',*,*,#1921,.T.);
#1088=ORIENTED_EDGE('',*,*,#1916,.T.);
#1089=ORIENTED_EDGE('',*,*,#1922,.F.);
#1090=ORIENTED_EDGE('',*,*,#1923,.F.);
#1091=ORIENTED_EDGE('',*,*,#1894,.T.);
#1092=ORIENTED_EDGE('',*,*,#1915,.T.);
#1093=ORIENTED_EDGE('',*,*,#1921,.F.);
#1094=ORIENTED_EDGE('',*,*,#1924,.F.);
#1095=ORIENTED_EDGE('',*,*,#1922,.T.);
#1096=ORIENTED_EDGE('',*,*,#1920,.T.);
#1097=ORIENTED_EDGE('',*,*,#1887,.T.);
#1098=ORIENTED_EDGE('',*,*,#1895,.T.);
#1099=ORIENTED_EDGE('',*,*,#1923,.T.);
#1100=ORIENTED_EDGE('',*,*,#1924,.T.);
#1101=ORIENTED_EDGE('',*,*,#1919,.T.);
#1102=ORIENTED_EDGE('',*,*,#1925,.F.);
#1103=ORIENTED_EDGE('',*,*,#1926,.F.);
#1104=ORIENTED_EDGE('',*,*,#1900,.T.);
#1105=ORIENTED_EDGE('',*,*,#1918,.T.);
#1106=ORIENTED_EDGE('',*,*,#1927,.F.);
#1107=ORIENTED_EDGE('',*,*,#1928,.F.);
#1108=ORIENTED_EDGE('',*,*,#1925,.T.);
#1109=ORIENTED_EDGE('',*,*,#1917,.T.);
#1110=ORIENTED_EDGE('',*,*,#1899,.F.);
#1111=ORIENTED_EDGE('',*,*,#1929,.F.);
#1112=ORIENTED_EDGE('',*,*,#1927,.T.);
#1113=ORIENTED_EDGE('',*,*,#1898,.T.);
#1114=ORIENTED_EDGE('',*,*,#1901,.T.);
#1115=ORIENTED_EDGE('',*,*,#1926,.T.);
#1116=ORIENTED_EDGE('',*,*,#1928,.T.);
#1117=ORIENTED_EDGE('',*,*,#1929,.T.);
#1118=ORIENTED_EDGE('',*,*,#1930,.T.);
#1119=ORIENTED_EDGE('',*,*,#1931,.T.);
#1120=ORIENTED_EDGE('',*,*,#1932,.T.);
#1121=ORIENTED_EDGE('',*,*,#1906,.F.);
#1122=ORIENTED_EDGE('',*,*,#1912,.T.);
#1123=ORIENTED_EDGE('',*,*,#1933,.F.);
#1124=ORIENTED_EDGE('',*,*,#1930,.F.);
#1125=ORIENTED_EDGE('',*,*,#1905,.T.);
#1126=ORIENTED_EDGE('',*,*,#1911,.T.);
#1127=ORIENTED_EDGE('',*,*,#1934,.F.);
#1128=ORIENTED_EDGE('',*,*,#1931,.F.);
#1129=ORIENTED_EDGE('',*,*,#1933,.T.);
#1130=ORIENTED_EDGE('',*,*,#1913,.T.);
#1131=ORIENTED_EDGE('',*,*,#1907,.F.);
#1132=ORIENTED_EDGE('',*,*,#1932,.F.);
#1133=ORIENTED_EDGE('',*,*,#1934,.T.);
#1134=ORIENTED_EDGE('',*,*,#1935,.T.);
#1135=ORIENTED_EDGE('',*,*,#1936,.F.);
#1136=ORIENTED_EDGE('',*,*,#1937,.F.);
#1137=ORIENTED_EDGE('',*,*,#1938,.T.);
#1138=ORIENTED_EDGE('',*,*,#1939,.T.);
#1139=ORIENTED_EDGE('',*,*,#1940,.F.);
#1140=ORIENTED_EDGE('',*,*,#1935,.F.);
#1141=ORIENTED_EDGE('',*,*,#1941,.T.);
#1142=ORIENTED_EDGE('',*,*,#1942,.T.);
#1143=ORIENTED_EDGE('',*,*,#1943,.F.);
#1144=ORIENTED_EDGE('',*,*,#1939,.F.);
#1145=ORIENTED_EDGE('',*,*,#1944,.T.);
#1146=ORIENTED_EDGE('',*,*,#1945,.T.);
#1147=ORIENTED_EDGE('',*,*,#1946,.F.);
#1148=ORIENTED_EDGE('',*,*,#1942,.F.);
#1149=ORIENTED_EDGE('',*,*,#1947,.T.);
#1150=ORIENTED_EDGE('',*,*,#1937,.T.);
#1151=ORIENTED_EDGE('',*,*,#1948,.F.);
#1152=ORIENTED_EDGE('',*,*,#1945,.F.);
#1153=ORIENTED_EDGE('',*,*,#1949,.T.);
#1154=ORIENTED_EDGE('',*,*,#1938,.F.);
#1155=ORIENTED_EDGE('',*,*,#1949,.F.);
#1156=ORIENTED_EDGE('',*,*,#1947,.F.);
#1157=ORIENTED_EDGE('',*,*,#1944,.F.);
#1158=ORIENTED_EDGE('',*,*,#1941,.F.);
#1159=ORIENTED_EDGE('',*,*,#1950,.T.);
#1160=ORIENTED_EDGE('',*,*,#1951,.F.);
#1161=ORIENTED_EDGE('',*,*,#1952,.F.);
#1162=ORIENTED_EDGE('',*,*,#1953,.T.);
#1163=ORIENTED_EDGE('',*,*,#1954,.T.);
#1164=ORIENTED_EDGE('',*,*,#1955,.F.);
#1165=ORIENTED_EDGE('',*,*,#1956,.F.);
#1166=ORIENTED_EDGE('',*,*,#1951,.T.);
#1167=ORIENTED_EDGE('',*,*,#1957,.T.);
#1168=ORIENTED_EDGE('',*,*,#1958,.F.);
#1169=ORIENTED_EDGE('',*,*,#1959,.F.);
#1170=ORIENTED_EDGE('',*,*,#1955,.T.);
#1171=ORIENTED_EDGE('',*,*,#1960,.T.);
#1172=ORIENTED_EDGE('',*,*,#1961,.F.);
#1173=ORIENTED_EDGE('',*,*,#1962,.F.);
#1174=ORIENTED_EDGE('',*,*,#1958,.T.);
#1175=ORIENTED_EDGE('',*,*,#1963,.T.);
#1176=ORIENTED_EDGE('',*,*,#1964,.F.);
#1177=ORIENTED_EDGE('',*,*,#1965,.F.);
#1178=ORIENTED_EDGE('',*,*,#1961,.T.);
#1179=ORIENTED_EDGE('',*,*,#1966,.T.);
#1180=ORIENTED_EDGE('',*,*,#1967,.F.);
#1181=ORIENTED_EDGE('',*,*,#1968,.F.);
#1182=ORIENTED_EDGE('',*,*,#1964,.T.);
#1183=ORIENTED_EDGE('',*,*,#1969,.T.);
#1184=ORIENTED_EDGE('',*,*,#1970,.F.);
#1185=ORIENTED_EDGE('',*,*,#1971,.F.);
#1186=ORIENTED_EDGE('',*,*,#1967,.T.);
#1187=ORIENTED_EDGE('',*,*,#1972,.T.);
#1188=ORIENTED_EDGE('',*,*,#1973,.F.);
#1189=ORIENTED_EDGE('',*,*,#1974,.F.);
#1190=ORIENTED_EDGE('',*,*,#1970,.T.);
#1191=ORIENTED_EDGE('',*,*,#1975,.T.);
#1192=ORIENTED_EDGE('',*,*,#1976,.F.);
#1193=ORIENTED_EDGE('',*,*,#1977,.F.);
#1194=ORIENTED_EDGE('',*,*,#1973,.T.);
#1195=ORIENTED_EDGE('',*,*,#1978,.T.);
#1196=ORIENTED_EDGE('',*,*,#1979,.F.);
#1197=ORIENTED_EDGE('',*,*,#1980,.F.);
#1198=ORIENTED_EDGE('',*,*,#1976,.T.);
#1199=ORIENTED_EDGE('',*,*,#1981,.T.);
#1200=ORIENTED_EDGE('',*,*,#1982,.F.);
#1201=ORIENTED_EDGE('',*,*,#1983,.F.);
#1202=ORIENTED_EDGE('',*,*,#1979,.T.);
#1203=ORIENTED_EDGE('',*,*,#1984,.T.);
#1204=ORIENTED_EDGE('',*,*,#1985,.F.);
#1205=ORIENTED_EDGE('',*,*,#1986,.F.);
#1206=ORIENTED_EDGE('',*,*,#1982,.T.);
#1207=ORIENTED_EDGE('',*,*,#1987,.T.);
#1208=ORIENTED_EDGE('',*,*,#1988,.F.);
#1209=ORIENTED_EDGE('',*,*,#1989,.F.);
#1210=ORIENTED_EDGE('',*,*,#1985,.T.);
#1211=ORIENTED_EDGE('',*,*,#1990,.T.);
#1212=ORIENTED_EDGE('',*,*,#1991,.F.);
#1213=ORIENTED_EDGE('',*,*,#1992,.F.);
#1214=ORIENTED_EDGE('',*,*,#1988,.T.);
#1215=ORIENTED_EDGE('',*,*,#1993,.T.);
#1216=ORIENTED_EDGE('',*,*,#1994,.F.);
#1217=ORIENTED_EDGE('',*,*,#1995,.F.);
#1218=ORIENTED_EDGE('',*,*,#1991,.T.);
#1219=ORIENTED_EDGE('',*,*,#1996,.T.);
#1220=ORIENTED_EDGE('',*,*,#1953,.F.);
#1221=ORIENTED_EDGE('',*,*,#1997,.F.);
#1222=ORIENTED_EDGE('',*,*,#1994,.T.);
#1223=ORIENTED_EDGE('',*,*,#1940,.T.);
#1224=ORIENTED_EDGE('',*,*,#1943,.T.);
#1225=ORIENTED_EDGE('',*,*,#1946,.T.);
#1226=ORIENTED_EDGE('',*,*,#1948,.T.);
#1227=ORIENTED_EDGE('',*,*,#1936,.T.);
#1228=ORIENTED_EDGE('',*,*,#1952,.T.);
#1229=ORIENTED_EDGE('',*,*,#1956,.T.);
#1230=ORIENTED_EDGE('',*,*,#1959,.T.);
#1231=ORIENTED_EDGE('',*,*,#1962,.T.);
#1232=ORIENTED_EDGE('',*,*,#1965,.T.);
#1233=ORIENTED_EDGE('',*,*,#1968,.T.);
#1234=ORIENTED_EDGE('',*,*,#1971,.T.);
#1235=ORIENTED_EDGE('',*,*,#1974,.T.);
#1236=ORIENTED_EDGE('',*,*,#1977,.T.);
#1237=ORIENTED_EDGE('',*,*,#1980,.T.);
#1238=ORIENTED_EDGE('',*,*,#1983,.T.);
#1239=ORIENTED_EDGE('',*,*,#1986,.T.);
#1240=ORIENTED_EDGE('',*,*,#1989,.T.);
#1241=ORIENTED_EDGE('',*,*,#1992,.T.);
#1242=ORIENTED_EDGE('',*,*,#1995,.T.);
#1243=ORIENTED_EDGE('',*,*,#1997,.T.);
#1244=ORIENTED_EDGE('',*,*,#1950,.F.);
#1245=ORIENTED_EDGE('',*,*,#1996,.F.);
#1246=ORIENTED_EDGE('',*,*,#1993,.F.);
#1247=ORIENTED_EDGE('',*,*,#1990,.F.);
#1248=ORIENTED_EDGE('',*,*,#1987,.F.);
#1249=ORIENTED_EDGE('',*,*,#1984,.F.);
#1250=ORIENTED_EDGE('',*,*,#1981,.F.);
#1251=ORIENTED_EDGE('',*,*,#1978,.F.);
#1252=ORIENTED_EDGE('',*,*,#1975,.F.);
#1253=ORIENTED_EDGE('',*,*,#1972,.F.);
#1254=ORIENTED_EDGE('',*,*,#1969,.F.);
#1255=ORIENTED_EDGE('',*,*,#1966,.F.);
#1256=ORIENTED_EDGE('',*,*,#1963,.F.);
#1257=ORIENTED_EDGE('',*,*,#1960,.F.);
#1258=ORIENTED_EDGE('',*,*,#1957,.F.);
#1259=ORIENTED_EDGE('',*,*,#1954,.F.);
#1260=ORIENTED_EDGE('',*,*,#1998,.F.);
#1261=ORIENTED_EDGE('',*,*,#1999,.T.);
#1262=ORIENTED_EDGE('',*,*,#2000,.F.);
#1263=ORIENTED_EDGE('',*,*,#2001,.F.);
#1264=ORIENTED_EDGE('',*,*,#2002,.T.);
#1265=ORIENTED_EDGE('',*,*,#2003,.T.);
#1266=ORIENTED_EDGE('',*,*,#2004,.F.);
#1267=ORIENTED_EDGE('',*,*,#2005,.F.);
#1268=ORIENTED_EDGE('',*,*,#2006,.F.);
#1269=ORIENTED_EDGE('',*,*,#2003,.F.);
#1270=ORIENTED_EDGE('',*,*,#2007,.T.);
#1271=ORIENTED_EDGE('',*,*,#2008,.T.);
#1272=ORIENTED_EDGE('',*,*,#2009,.F.);
#1273=ORIENTED_EDGE('',*,*,#2010,.T.);
#1274=ORIENTED_EDGE('',*,*,#2011,.F.);
#1275=ORIENTED_EDGE('',*,*,#2012,.F.);
#1276=ORIENTED_EDGE('',*,*,#2008,.F.);
#1277=ORIENTED_EDGE('',*,*,#2013,.T.);
#1278=ORIENTED_EDGE('',*,*,#2014,.T.);
#1279=ORIENTED_EDGE('',*,*,#2015,.F.);
#1280=ORIENTED_EDGE('',*,*,#2016,.F.);
#1281=ORIENTED_EDGE('',*,*,#2017,.T.);
#1282=ORIENTED_EDGE('',*,*,#2018,.T.);
#1283=ORIENTED_EDGE('',*,*,#2019,.T.);
#1284=ORIENTED_EDGE('',*,*,#2001,.T.);
#1285=ORIENTED_EDGE('',*,*,#2020,.F.);
#1286=ORIENTED_EDGE('',*,*,#2014,.F.);
#1287=ORIENTED_EDGE('',*,*,#2021,.T.);
#1288=ORIENTED_EDGE('',*,*,#2022,.F.);
#1289=ORIENTED_EDGE('',*,*,#2023,.F.);
#1290=ORIENTED_EDGE('',*,*,#2021,.F.);
#1291=ORIENTED_EDGE('',*,*,#2013,.F.);
#1292=ORIENTED_EDGE('',*,*,#2007,.F.);
#1293=ORIENTED_EDGE('',*,*,#2002,.F.);
#1294=ORIENTED_EDGE('',*,*,#2019,.F.);
#1295=ORIENTED_EDGE('',*,*,#2024,.F.);
#1296=ORIENTED_EDGE('',*,*,#2020,.T.);
#1297=ORIENTED_EDGE('',*,*,#2000,.T.);
#1298=ORIENTED_EDGE('',*,*,#2025,.F.);
#1299=ORIENTED_EDGE('',*,*,#2026,.F.);
#1300=ORIENTED_EDGE('',*,*,#2027,.F.);
#1301=ORIENTED_EDGE('',*,*,#2004,.T.);
#1302=ORIENTED_EDGE('',*,*,#2028,.F.);
#1303=ORIENTED_EDGE('',*,*,#2029,.F.);
#1304=ORIENTED_EDGE('',*,*,#2030,.F.);
#1305=ORIENTED_EDGE('',*,*,#2015,.T.);
#1306=ORIENTED_EDGE('',*,*,#2025,.T.);
#1307=ORIENTED_EDGE('',*,*,#1999,.F.);
#1308=ORIENTED_EDGE('',*,*,#2031,.F.);
#1309=ORIENTED_EDGE('',*,*,#2032,.T.);
#1310=ORIENTED_EDGE('',*,*,#2027,.T.);
#1311=ORIENTED_EDGE('',*,*,#2033,.F.);
#1312=ORIENTED_EDGE('',*,*,#2034,.F.);
#1313=ORIENTED_EDGE('',*,*,#2005,.T.);
#1314=ORIENTED_EDGE('',*,*,#2026,.T.);
#1315=ORIENTED_EDGE('',*,*,#2032,.F.);
#1316=ORIENTED_EDGE('',*,*,#2035,.F.);
#1317=ORIENTED_EDGE('',*,*,#2033,.T.);
#1318=ORIENTED_EDGE('',*,*,#2031,.T.);
#1319=ORIENTED_EDGE('',*,*,#1998,.T.);
#1320=ORIENTED_EDGE('',*,*,#2006,.T.);
#1321=ORIENTED_EDGE('',*,*,#2034,.T.);
#1322=ORIENTED_EDGE('',*,*,#2035,.T.);
#1323=ORIENTED_EDGE('',*,*,#2030,.T.);
#1324=ORIENTED_EDGE('',*,*,#2036,.F.);
#1325=ORIENTED_EDGE('',*,*,#2037,.F.);
#1326=ORIENTED_EDGE('',*,*,#2011,.T.);
#1327=ORIENTED_EDGE('',*,*,#2029,.T.);
#1328=ORIENTED_EDGE('',*,*,#2038,.F.);
#1329=ORIENTED_EDGE('',*,*,#2039,.F.);
#1330=ORIENTED_EDGE('',*,*,#2036,.T.);
#1331=ORIENTED_EDGE('',*,*,#2028,.T.);
#1332=ORIENTED_EDGE('',*,*,#2010,.F.);
#1333=ORIENTED_EDGE('',*,*,#2040,.F.);
#1334=ORIENTED_EDGE('',*,*,#2038,.T.);
#1335=ORIENTED_EDGE('',*,*,#2009,.T.);
#1336=ORIENTED_EDGE('',*,*,#2012,.T.);
#1337=ORIENTED_EDGE('',*,*,#2037,.T.);
#1338=ORIENTED_EDGE('',*,*,#2039,.T.);
#1339=ORIENTED_EDGE('',*,*,#2040,.T.);
#1340=ORIENTED_EDGE('',*,*,#2041,.T.);
#1341=ORIENTED_EDGE('',*,*,#2042,.T.);
#1342=ORIENTED_EDGE('',*,*,#2043,.T.);
#1343=ORIENTED_EDGE('',*,*,#2017,.F.);
#1344=ORIENTED_EDGE('',*,*,#2023,.T.);
#1345=ORIENTED_EDGE('',*,*,#2044,.F.);
#1346=ORIENTED_EDGE('',*,*,#2041,.F.);
#1347=ORIENTED_EDGE('',*,*,#2016,.T.);
#1348=ORIENTED_EDGE('',*,*,#2022,.T.);
#1349=ORIENTED_EDGE('',*,*,#2045,.F.);
#1350=ORIENTED_EDGE('',*,*,#2042,.F.);
#1351=ORIENTED_EDGE('',*,*,#2044,.T.);
#1352=ORIENTED_EDGE('',*,*,#2024,.T.);
#1353=ORIENTED_EDGE('',*,*,#2018,.F.);
#1354=ORIENTED_EDGE('',*,*,#2043,.F.);
#1355=ORIENTED_EDGE('',*,*,#2045,.T.);
#1356=ORIENTED_EDGE('',*,*,#2046,.F.);
#1357=ORIENTED_EDGE('',*,*,#2047,.T.);
#1358=ORIENTED_EDGE('',*,*,#2048,.T.);
#1359=ORIENTED_EDGE('',*,*,#2049,.F.);
#1360=ORIENTED_EDGE('',*,*,#2050,.F.);
#1361=ORIENTED_EDGE('',*,*,#2051,.T.);
#1362=ORIENTED_EDGE('',*,*,#2052,.F.);
#1363=ORIENTED_EDGE('',*,*,#2053,.F.);
#1364=ORIENTED_EDGE('',*,*,#2054,.F.);
#1365=ORIENTED_EDGE('',*,*,#2055,.F.);
#1366=ORIENTED_EDGE('',*,*,#2056,.T.);
#1367=ORIENTED_EDGE('',*,*,#2057,.T.);
#1368=ORIENTED_EDGE('',*,*,#2058,.T.);
#1369=ORIENTED_EDGE('',*,*,#2059,.T.);
#1370=ORIENTED_EDGE('',*,*,#2060,.F.);
#1371=ORIENTED_EDGE('',*,*,#2049,.T.);
#1372=ORIENTED_EDGE('',*,*,#2061,.T.);
#1373=ORIENTED_EDGE('',*,*,#2056,.F.);
#1374=ORIENTED_EDGE('',*,*,#2062,.F.);
#1375=ORIENTED_EDGE('',*,*,#2063,.F.);
#1376=ORIENTED_EDGE('',*,*,#2064,.T.);
#1377=ORIENTED_EDGE('',*,*,#2065,.F.);
#1378=ORIENTED_EDGE('',*,*,#2066,.F.);
#1379=ORIENTED_EDGE('',*,*,#2051,.F.);
#1380=ORIENTED_EDGE('',*,*,#2067,.F.);
#1381=ORIENTED_EDGE('',*,*,#2054,.T.);
#1382=ORIENTED_EDGE('',*,*,#2068,.F.);
#1383=ORIENTED_EDGE('',*,*,#2069,.T.);
#1384=ORIENTED_EDGE('',*,*,#2070,.T.);
#1385=ORIENTED_EDGE('',*,*,#2071,.T.);
#1386=ORIENTED_EDGE('',*,*,#2062,.T.);
#1387=ORIENTED_EDGE('',*,*,#2055,.T.);
#1388=ORIENTED_EDGE('',*,*,#2067,.T.);
#1389=ORIENTED_EDGE('',*,*,#2050,.T.);
#1390=ORIENTED_EDGE('',*,*,#2060,.T.);
#1391=ORIENTED_EDGE('',*,*,#2072,.T.);
#1392=ORIENTED_EDGE('',*,*,#2061,.F.);
#1393=ORIENTED_EDGE('',*,*,#2048,.F.);
#1394=ORIENTED_EDGE('',*,*,#2073,.F.);
#1395=ORIENTED_EDGE('',*,*,#2074,.F.);
#1396=ORIENTED_EDGE('',*,*,#2075,.F.);
#1397=ORIENTED_EDGE('',*,*,#2064,.F.);
#1398=ORIENTED_EDGE('',*,*,#2076,.F.);
#1399=ORIENTED_EDGE('',*,*,#2077,.F.);
#1400=ORIENTED_EDGE('',*,*,#2078,.F.);
#1401=ORIENTED_EDGE('',*,*,#2057,.F.);
#1402=ORIENTED_EDGE('',*,*,#2078,.T.);
#1403=ORIENTED_EDGE('',*,*,#2079,.F.);
#1404=ORIENTED_EDGE('',*,*,#2080,.F.);
#1405=ORIENTED_EDGE('',*,*,#2052,.T.);
#1406=ORIENTED_EDGE('',*,*,#2077,.T.);
#1407=ORIENTED_EDGE('',*,*,#2081,.F.);
#1408=ORIENTED_EDGE('',*,*,#2082,.F.);
#1409=ORIENTED_EDGE('',*,*,#2079,.T.);
#1410=ORIENTED_EDGE('',*,*,#2076,.T.);
#1411=ORIENTED_EDGE('',*,*,#2069,.F.);
#1412=ORIENTED_EDGE('',*,*,#2083,.F.);
#1413=ORIENTED_EDGE('',*,*,#2081,.T.);
#1414=ORIENTED_EDGE('',*,*,#2053,.T.);
#1415=ORIENTED_EDGE('',*,*,#2080,.T.);
#1416=ORIENTED_EDGE('',*,*,#2082,.T.);
#1417=ORIENTED_EDGE('',*,*,#2083,.T.);
#1418=ORIENTED_EDGE('',*,*,#2068,.T.);
#1419=ORIENTED_EDGE('',*,*,#2075,.T.);
#1420=ORIENTED_EDGE('',*,*,#2084,.F.);
#1421=ORIENTED_EDGE('',*,*,#2085,.F.);
#1422=ORIENTED_EDGE('',*,*,#2065,.T.);
#1423=ORIENTED_EDGE('',*,*,#2074,.T.);
#1424=ORIENTED_EDGE('',*,*,#2086,.F.);
#1425=ORIENTED_EDGE('',*,*,#2087,.F.);
#1426=ORIENTED_EDGE('',*,*,#2084,.T.);
#1427=ORIENTED_EDGE('',*,*,#2073,.T.);
#1428=ORIENTED_EDGE('',*,*,#2047,.F.);
#1429=ORIENTED_EDGE('',*,*,#2088,.F.);
#1430=ORIENTED_EDGE('',*,*,#2086,.T.);
#1431=ORIENTED_EDGE('',*,*,#2046,.T.);
#1432=ORIENTED_EDGE('',*,*,#2066,.T.);
#1433=ORIENTED_EDGE('',*,*,#2085,.T.);
#1434=ORIENTED_EDGE('',*,*,#2087,.T.);
#1435=ORIENTED_EDGE('',*,*,#2088,.T.);
#1436=ORIENTED_EDGE('',*,*,#2072,.F.);
#1437=ORIENTED_EDGE('',*,*,#2059,.F.);
#1438=ORIENTED_EDGE('',*,*,#2089,.T.);
#1439=ORIENTED_EDGE('',*,*,#2090,.T.);
#1440=ORIENTED_EDGE('',*,*,#2070,.F.);
#1441=ORIENTED_EDGE('',*,*,#2090,.F.);
#1442=ORIENTED_EDGE('',*,*,#2091,.T.);
#1443=ORIENTED_EDGE('',*,*,#2092,.T.);
#1444=ORIENTED_EDGE('',*,*,#2071,.F.);
#1445=ORIENTED_EDGE('',*,*,#2092,.F.);
#1446=ORIENTED_EDGE('',*,*,#2093,.T.);
#1447=ORIENTED_EDGE('',*,*,#2063,.T.);
#1448=ORIENTED_EDGE('',*,*,#2058,.F.);
#1449=ORIENTED_EDGE('',*,*,#2093,.F.);
#1450=ORIENTED_EDGE('',*,*,#2091,.F.);
#1451=ORIENTED_EDGE('',*,*,#2089,.F.);
#1452=EDGE_CURVE('',#2094,#2095,#2522,.T.);
#1453=EDGE_CURVE('',#2096,#2094,#2523,.T.);
#1454=EDGE_CURVE('',#2096,#2097,#2524,.T.);
#1455=EDGE_CURVE('',#2098,#2097,#2525,.T.);
#1456=EDGE_CURVE('',#2099,#2098,#2526,.T.);
#1457=EDGE_CURVE('',#2099,#2100,#2527,.T.);
#1458=EDGE_CURVE('',#2100,#2101,#2528,.T.);
#1459=EDGE_CURVE('',#2101,#2095,#2529,.T.);
#1460=EDGE_CURVE('',#2102,#2103,#2530,.T.);
#1461=EDGE_CURVE('',#2103,#2104,#2531,.T.);
#1462=EDGE_CURVE('',#2104,#2105,#2532,.T.);
#1463=EDGE_CURVE('',#2105,#2106,#2533,.T.);
#1464=EDGE_CURVE('',#2106,#2094,#76,.T.);
#1465=EDGE_CURVE('',#2095,#2107,#77,.T.);
#1466=EDGE_CURVE('',#2107,#2108,#2534,.T.);
#1467=EDGE_CURVE('',#2108,#2109,#2535,.T.);
#1468=EDGE_CURVE('',#2109,#2102,#2536,.T.);
#1469=EDGE_CURVE('',#2101,#2110,#78,.T.);
#1470=EDGE_CURVE('',#2110,#2107,#2537,.T.);
#1471=EDGE_CURVE('',#2111,#2100,#2538,.T.);
#1472=EDGE_CURVE('',#2112,#2111,#2539,.T.);
#1473=EDGE_CURVE('',#2110,#2112,#2540,.T.);
#1474=EDGE_CURVE('',#2099,#2113,#2541,.T.);
#1475=EDGE_CURVE('',#2113,#2102,#2542,.T.);
#1476=EDGE_CURVE('',#2111,#2109,#2543,.T.);
#1477=EDGE_CURVE('',#2114,#2104,#2544,.T.);
#1478=EDGE_CURVE('',#2115,#2103,#2545,.T.);
#1479=EDGE_CURVE('',#2115,#2098,#2546,.T.);
#1480=EDGE_CURVE('',#2097,#2114,#2547,.T.);
#1481=EDGE_CURVE('',#2116,#2096,#79,.T.);
#1482=EDGE_CURVE('',#2117,#2116,#2548,.T.);
#1483=EDGE_CURVE('',#2114,#2117,#2549,.T.);
#1484=EDGE_CURVE('',#2116,#2106,#2550,.T.);
#1485=EDGE_CURVE('',#2112,#2108,#2551,.T.);
#1486=EDGE_CURVE('',#2117,#2105,#2552,.T.);
#1487=EDGE_CURVE('',#2118,#2119,#2553,.T.);
#1488=EDGE_CURVE('',#2120,#2119,#2554,.T.);
#1489=EDGE_CURVE('',#2120,#2121,#2555,.T.);
#1490=EDGE_CURVE('',#2122,#2121,#2556,.T.);
#1491=EDGE_CURVE('',#2122,#2123,#2557,.T.);
#1492=EDGE_CURVE('',#2123,#2124,#2558,.T.);
#1493=EDGE_CURVE('',#2124,#2125,#2559,.T.);
#1494=EDGE_CURVE('',#2125,#2118,#2560,.T.);
#1495=EDGE_CURVE('',#2126,#2127,#2561,.T.);
#1496=EDGE_CURVE('',#2128,#2126,#2562,.T.);
#1497=EDGE_CURVE('',#2128,#2129,#2563,.T.);
#1498=EDGE_CURVE('',#2129,#2130,#2564,.T.);
#1499=EDGE_CURVE('',#2130,#2119,#80,.T.);
#1500=EDGE_CURVE('',#2118,#2131,#81,.T.);
#1501=EDGE_CURVE('',#2131,#2132,#2565,.T.);
#1502=EDGE_CURVE('',#2132,#2133,#2566,.T.);
#1503=EDGE_CURVE('',#2127,#2133,#2567,.T.);
#1504=EDGE_CURVE('',#2125,#2134,#82,.T.);
#1505=EDGE_CURVE('',#2134,#2131,#2568,.T.);
#1506=EDGE_CURVE('',#2135,#2136,#2569,.T.);
#1507=EDGE_CURVE('',#2134,#2135,#2570,.T.);
#1508=EDGE_CURVE('',#2136,#2124,#2571,.T.);
#1509=EDGE_CURVE('',#2137,#2123,#2572,.T.);
#1510=EDGE_CURVE('',#2137,#2127,#2573,.T.);
#1511=EDGE_CURVE('',#2136,#2133,#2574,.T.);
#1512=EDGE_CURVE('',#2138,#2128,#2575,.T.);
#1513=EDGE_CURVE('',#2139,#2126,#2576,.T.);
#1514=EDGE_CURVE('',#2122,#2139,#2577,.T.);
#1515=EDGE_CURVE('',#2121,#2138,#2578,.T.);
#1516=EDGE_CURVE('',#2140,#2120,#83,.T.);
#1517=EDGE_CURVE('',#2141,#2140,#2579,.T.);
#1518=EDGE_CURVE('',#2138,#2141,#2580,.T.);
#1519=EDGE_CURVE('',#2140,#2130,#2581,.T.);
#1520=EDGE_CURVE('',#2135,#2132,#2582,.T.);
#1521=EDGE_CURVE('',#2141,#2129,#2583,.T.);
#1522=EDGE_CURVE('',#2142,#2143,#2584,.T.);
#1523=EDGE_CURVE('',#2142,#2144,#2585,.T.);
#1524=EDGE_CURVE('',#2144,#2145,#2586,.T.);
#1525=EDGE_CURVE('',#2145,#2143,#2587,.T.);
#1526=EDGE_CURVE('',#2146,#2147,#2588,.T.);
#1527=EDGE_CURVE('',#2146,#2142,#2589,.T.);
#1528=EDGE_CURVE('',#2143,#2147,#2590,.T.);
#1529=EDGE_CURVE('',#2147,#2148,#2591,.T.);
#1530=EDGE_CURVE('',#2149,#2145,#2592,.T.);
#1531=EDGE_CURVE('',#2148,#2149,#2593,.T.);
#1532=EDGE_CURVE('',#2150,#2151,#2594,.T.);
#1533=EDGE_CURVE('',#2152,#2150,#84,.T.);
#1534=EDGE_CURVE('',#2153,#2152,#2595,.T.);
#1535=EDGE_CURVE('',#2154,#2153,#85,.T.);
#1536=EDGE_CURVE('',#2155,#2154,#2596,.T.);
#1537=EDGE_CURVE('',#2156,#2155,#86,.T.);
#1538=EDGE_CURVE('',#2157,#2156,#2597,.T.);
#1539=EDGE_CURVE('',#2158,#2157,#87,.T.);
#1540=EDGE_CURVE('',#2159,#2158,#2598,.T.);
#1541=EDGE_CURVE('',#2160,#2159,#88,.T.);
#1542=EDGE_CURVE('',#2161,#2160,#2599,.T.);
#1543=EDGE_CURVE('',#2162,#2161,#89,.T.);
#1544=EDGE_CURVE('',#2163,#2162,#2600,.T.);
#1545=EDGE_CURVE('',#2164,#2163,#90,.T.);
#1546=EDGE_CURVE('',#2165,#2164,#2601,.T.);
#1547=EDGE_CURVE('',#2151,#2165,#91,.T.);
#1548=EDGE_CURVE('',#2144,#2166,#2602,.T.);
#1549=EDGE_CURVE('',#2166,#2149,#2603,.T.);
#1550=EDGE_CURVE('',#2166,#2167,#2604,.T.);
#1551=EDGE_CURVE('',#2167,#2148,#2605,.T.);
#1552=EDGE_CURVE('',#2167,#2146,#2606,.T.);
#1553=EDGE_CURVE('',#2168,#2169,#2607,.T.);
#1554=EDGE_CURVE('',#2168,#2170,#92,.T.);
#1555=EDGE_CURVE('',#2170,#2171,#2608,.T.);
#1556=EDGE_CURVE('',#2171,#2172,#93,.T.);
#1557=EDGE_CURVE('',#2172,#2173,#2609,.T.);
#1558=EDGE_CURVE('',#2173,#2174,#94,.T.);
#1559=EDGE_CURVE('',#2174,#2175,#2610,.T.);
#1560=EDGE_CURVE('',#2175,#2176,#95,.T.);
#1561=EDGE_CURVE('',#2177,#2176,#2611,.T.);
#1562=EDGE_CURVE('',#2177,#2178,#96,.T.);
#1563=EDGE_CURVE('',#2178,#2179,#2612,.T.);
#1564=EDGE_CURVE('',#2179,#2180,#97,.T.);
#1565=EDGE_CURVE('',#2180,#2181,#2613,.T.);
#1566=EDGE_CURVE('',#2181,#2182,#98,.T.);
#1567=EDGE_CURVE('',#2182,#2183,#2614,.T.);
#1568=EDGE_CURVE('',#2183,#2169,#99,.T.);
#1569=EDGE_CURVE('',#2152,#2183,#2615,.T.);
#1570=EDGE_CURVE('',#2150,#2169,#2616,.T.);
#1571=EDGE_CURVE('',#2153,#2182,#2617,.T.);
#1572=EDGE_CURVE('',#2154,#2181,#2618,.T.);
#1573=EDGE_CURVE('',#2155,#2180,#2619,.T.);
#1574=EDGE_CURVE('',#2156,#2179,#2620,.T.);
#1575=EDGE_CURVE('',#2157,#2178,#2621,.T.);
#1576=EDGE_CURVE('',#2177,#2158,#2622,.F.);
#1577=EDGE_CURVE('',#2160,#2175,#2623,.T.);
#1578=EDGE_CURVE('',#2159,#2176,#2624,.T.);
#1579=EDGE_CURVE('',#2161,#2174,#2625,.T.);
#1580=EDGE_CURVE('',#2162,#2173,#2626,.T.);
#1581=EDGE_CURVE('',#2163,#2172,#2627,.T.);
#1582=EDGE_CURVE('',#2164,#2171,#2628,.T.);
#1583=EDGE_CURVE('',#2165,#2170,#2629,.T.);
#1584=EDGE_CURVE('',#2168,#2151,#2630,.F.);
#1585=EDGE_CURVE('',#2184,#2185,#2631,.T.);
#1586=EDGE_CURVE('',#2186,#2185,#2632,.T.);
#1587=EDGE_CURVE('',#2186,#2187,#2633,.T.);
#1588=EDGE_CURVE('',#2188,#2187,#2634,.T.);
#1589=EDGE_CURVE('',#2188,#2189,#2635,.T.);
#1590=EDGE_CURVE('',#2189,#2190,#2636,.T.);
#1591=EDGE_CURVE('',#2190,#2191,#2637,.T.);
#1592=EDGE_CURVE('',#2191,#2184,#2638,.T.);
#1593=EDGE_CURVE('',#2192,#2193,#2639,.T.);
#1594=EDGE_CURVE('',#2194,#2192,#2640,.T.);
#1595=EDGE_CURVE('',#2194,#2195,#2641,.T.);
#1596=EDGE_CURVE('',#2195,#2196,#2642,.T.);
#1597=EDGE_CURVE('',#2196,#2185,#100,.T.);
#1598=EDGE_CURVE('',#2184,#2197,#101,.T.);
#1599=EDGE_CURVE('',#2197,#2198,#2643,.T.);
#1600=EDGE_CURVE('',#2198,#2199,#2644,.T.);
#1601=EDGE_CURVE('',#2193,#2199,#2645,.T.);
#1602=EDGE_CURVE('',#2191,#2200,#102,.T.);
#1603=EDGE_CURVE('',#2200,#2197,#2646,.T.);
#1604=EDGE_CURVE('',#2201,#2202,#2647,.T.);
#1605=EDGE_CURVE('',#2200,#2201,#2648,.T.);
#1606=EDGE_CURVE('',#2202,#2190,#2649,.T.);
#1607=EDGE_CURVE('',#2203,#2189,#2650,.T.);
#1608=EDGE_CURVE('',#2203,#2193,#2651,.T.);
#1609=EDGE_CURVE('',#2202,#2199,#2652,.T.);
#1610=EDGE_CURVE('',#2204,#2194,#2653,.T.);
#1611=EDGE_CURVE('',#2205,#2192,#2654,.T.);
#1612=EDGE_CURVE('',#2188,#2205,#2655,.T.);
#1613=EDGE_CURVE('',#2187,#2204,#2656,.T.);
#1614=EDGE_CURVE('',#2206,#2186,#103,.T.);
#1615=EDGE_CURVE('',#2207,#2206,#2657,.T.);
#1616=EDGE_CURVE('',#2204,#2207,#2658,.T.);
#1617=EDGE_CURVE('',#2206,#2196,#2659,.T.);
#1618=EDGE_CURVE('',#2201,#2198,#2660,.T.);
#1619=EDGE_CURVE('',#2207,#2195,#2661,.T.);
#1620=EDGE_CURVE('',#2208,#2209,#2662,.T.);
#1621=EDGE_CURVE('',#2210,#2209,#2663,.T.);
#1622=EDGE_CURVE('',#2210,#2211,#2664,.T.);
#1623=EDGE_CURVE('',#2212,#2211,#2665,.T.);
#1624=EDGE_CURVE('',#2212,#2213,#2666,.T.);
#1625=EDGE_CURVE('',#2213,#2214,#2667,.T.);
#1626=EDGE_CURVE('',#2214,#2215,#2668,.T.);
#1627=EDGE_CURVE('',#2215,#2208,#2669,.T.);
#1628=EDGE_CURVE('',#2208,#2216,#104,.T.);
#1629=EDGE_CURVE('',#2216,#2217,#2670,.T.);
#1630=EDGE_CURVE('',#2217,#2218,#2671,.T.);
#1631=EDGE_CURVE('',#2219,#2218,#2672,.T.);
#1632=EDGE_CURVE('',#2220,#2219,#2673,.T.);
#1633=EDGE_CURVE('',#2221,#2220,#2674,.T.);
#1634=EDGE_CURVE('',#2221,#2222,#2675,.T.);
#1635=EDGE_CURVE('',#2222,#2223,#2676,.T.);
#1636=EDGE_CURVE('',#2223,#2209,#105,.T.);
#1637=EDGE_CURVE('',#2215,#2224,#106,.T.);
#1638=EDGE_CURVE('',#2224,#2216,#2677,.T.);
#1639=EDGE_CURVE('',#2225,#2226,#2678,.T.);
#1640=EDGE_CURVE('',#2224,#2225,#2679,.T.);
#1641=EDGE_CURVE('',#2226,#2214,#2680,.T.);
#1642=EDGE_CURVE('',#2227,#2213,#2681,.T.);
#1643=EDGE_CURVE('',#2227,#2219,#2682,.T.);
#1644=EDGE_CURVE('',#2226,#2218,#2683,.T.);
#1645=EDGE_CURVE('',#2228,#2221,#2684,.T.);
#1646=EDGE_CURVE('',#2229,#2220,#2685,.T.);
#1647=EDGE_CURVE('',#2212,#2229,#2686,.T.);
#1648=EDGE_CURVE('',#2211,#2228,#2687,.T.);
#1649=EDGE_CURVE('',#2230,#2210,#107,.T.);
#1650=EDGE_CURVE('',#2231,#2230,#2688,.T.);
#1651=EDGE_CURVE('',#2228,#2231,#2689,.T.);
#1652=EDGE_CURVE('',#2230,#2223,#2690,.T.);
#1653=EDGE_CURVE('',#2231,#2222,#2691,.T.);
#1654=EDGE_CURVE('',#2225,#2217,#2692,.T.);
#1655=EDGE_CURVE('',#2232,#2233,#2693,.T.);
#1656=EDGE_CURVE('',#2234,#2232,#2694,.T.);
#1657=EDGE_CURVE('',#2234,#2235,#2695,.T.);
#1658=EDGE_CURVE('',#2236,#2235,#2696,.T.);
#1659=EDGE_CURVE('',#2237,#2236,#2697,.T.);
#1660=EDGE_CURVE('',#2237,#2238,#2698,.T.);
#1661=EDGE_CURVE('',#2238,#2239,#2699,.T.);
#1662=EDGE_CURVE('',#2239,#2233,#2700,.T.);
#1663=EDGE_CURVE('',#2240,#2241,#2701,.T.);
#1664=EDGE_CURVE('',#2241,#2242,#2702,.T.);
#1665=EDGE_CURVE('',#2242,#2243,#2703,.T.);
#1666=EDGE_CURVE('',#2243,#2244,#2704,.T.);
#1667=EDGE_CURVE('',#2244,#2232,#108,.T.);
#1668=EDGE_CURVE('',#2233,#2245,#109,.T.);
#1669=EDGE_CURVE('',#2245,#2246,#2705,.T.);
#1670=EDGE_CURVE('',#2246,#2247,#2706,.T.);
#1671=EDGE_CURVE('',#2247,#2240,#2707,.T.);
#1672=EDGE_CURVE('',#2239,#2248,#110,.T.);
#1673=EDGE_CURVE('',#2248,#2245,#2708,.T.);
#1674=EDGE_CURVE('',#2249,#2238,#2709,.T.);
#1675=EDGE_CURVE('',#2250,#2249,#2710,.T.);
#1676=EDGE_CURVE('',#2248,#2250,#2711,.T.);
#1677=EDGE_CURVE('',#2237,#2251,#2712,.T.);
#1678=EDGE_CURVE('',#2251,#2240,#2713,.T.);
#1679=EDGE_CURVE('',#2249,#2247,#2714,.T.);
#1680=EDGE_CURVE('',#2252,#2242,#2715,.T.);
#1681=EDGE_CURVE('',#2253,#2241,#2716,.T.);
#1682=EDGE_CURVE('',#2253,#2236,#2717,.T.);
#1683=EDGE_CURVE('',#2235,#2252,#2718,.T.);
#1684=EDGE_CURVE('',#2254,#2234,#111,.T.);
#1685=EDGE_CURVE('',#2255,#2254,#2719,.T.);
#1686=EDGE_CURVE('',#2252,#2255,#2720,.T.);
#1687=EDGE_CURVE('',#2254,#2244,#2721,.T.);
#1688=EDGE_CURVE('',#2250,#2246,#2722,.T.);
#1689=EDGE_CURVE('',#2255,#2243,#2723,.T.);
#1690=EDGE_CURVE('',#2256,#2257,#2724,.T.);
#1691=EDGE_CURVE('',#2258,#2256,#2725,.T.);
#1692=EDGE_CURVE('',#2258,#2259,#2726,.T.);
#1693=EDGE_CURVE('',#2260,#2259,#2727,.T.);
#1694=EDGE_CURVE('',#2261,#2260,#2728,.T.);
#1695=EDGE_CURVE('',#2261,#2262,#2729,.T.);
#1696=EDGE_CURVE('',#2262,#2263,#2730,.T.);
#1697=EDGE_CURVE('',#2263,#2257,#2731,.T.);
#1698=EDGE_CURVE('',#2264,#2265,#2732,.T.);
#1699=EDGE_CURVE('',#2265,#2266,#2733,.T.);
#1700=EDGE_CURVE('',#2266,#2267,#2734,.T.);
#1701=EDGE_CURVE('',#2267,#2268,#2735,.T.);
#1702=EDGE_CURVE('',#2268,#2256,#112,.T.);
#1703=EDGE_CURVE('',#2257,#2269,#113,.T.);
#1704=EDGE_CURVE('',#2269,#2270,#2736,.T.);
#1705=EDGE_CURVE('',#2270,#2271,#2737,.T.);
#1706=EDGE_CURVE('',#2271,#2264,#2738,.T.);
#1707=EDGE_CURVE('',#2263,#2272,#114,.T.);
#1708=EDGE_CURVE('',#2272,#2269,#2739,.T.);
#1709=EDGE_CURVE('',#2273,#2262,#2740,.T.);
#1710=EDGE_CURVE('',#2274,#2273,#2741,.T.);
#1711=EDGE_CURVE('',#2272,#2274,#2742,.T.);
#1712=EDGE_CURVE('',#2261,#2275,#2743,.T.);
#1713=EDGE_CURVE('',#2275,#2264,#2744,.T.);
#1714=EDGE_CURVE('',#2273,#2271,#2745,.T.);
#1715=EDGE_CURVE('',#2276,#2266,#2746,.T.);
#1716=EDGE_CURVE('',#2277,#2265,#2747,.T.);
#1717=EDGE_CURVE('',#2277,#2260,#2748,.T.);
#1718=EDGE_CURVE('',#2259,#2276,#2749,.T.);
#1719=EDGE_CURVE('',#2278,#2258,#115,.T.);
#1720=EDGE_CURVE('',#2279,#2278,#2750,.T.);
#1721=EDGE_CURVE('',#2276,#2279,#2751,.T.);
#1722=EDGE_CURVE('',#2278,#2268,#2752,.T.);
#1723=EDGE_CURVE('',#2274,#2270,#2753,.T.);
#1724=EDGE_CURVE('',#2279,#2267,#2754,.T.);
#1725=EDGE_CURVE('',#2280,#2281,#2755,.T.);
#1726=EDGE_CURVE('',#2282,#2280,#2756,.T.);
#1727=EDGE_CURVE('',#2283,#2282,#2757,.T.);
#1728=EDGE_CURVE('',#2281,#2283,#2758,.T.);
#1729=EDGE_CURVE('',#2284,#2282,#2759,.T.);
#1730=EDGE_CURVE('',#2285,#2284,#2760,.T.);
#1731=EDGE_CURVE('',#2285,#2283,#2761,.T.);
#1732=EDGE_CURVE('',#2286,#2281,#2762,.T.);
#1733=EDGE_CURVE('',#2287,#2286,#2763,.T.);
#1734=EDGE_CURVE('',#2287,#2280,#2764,.T.);
#1735=EDGE_CURVE('',#2115,#2275,#2765,.T.);
#1736=EDGE_CURVE('',#2277,#2251,#2766,.T.);
#1737=EDGE_CURVE('',#2253,#2285,#2767,.T.);
#1738=EDGE_CURVE('',#2284,#2203,#2768,.T.);
#1739=EDGE_CURVE('',#2205,#2227,#2769,.T.);
#1740=EDGE_CURVE('',#2229,#2137,#2770,.T.);
#1741=EDGE_CURVE('',#2139,#2287,#2771,.T.);
#1742=EDGE_CURVE('',#2286,#2113,#2772,.T.);
#1743=EDGE_CURVE('',#2288,#2289,#2773,.T.);
#1744=EDGE_CURVE('',#2288,#2290,#2774,.T.);
#1745=EDGE_CURVE('',#2290,#2291,#2775,.T.);
#1746=EDGE_CURVE('',#2292,#2291,#2776,.T.);
#1747=EDGE_CURVE('',#2293,#2292,#2777,.T.);
#1748=EDGE_CURVE('',#2293,#2289,#2778,.T.);
#1749=EDGE_CURVE('',#2294,#2295,#2779,.T.);
#1750=EDGE_CURVE('',#2296,#2294,#2780,.T.);
#1751=EDGE_CURVE('',#2297,#2296,#2781,.T.);
#1752=EDGE_CURVE('',#2298,#2297,#2782,.T.);
#1753=EDGE_CURVE('',#2298,#2299,#2783,.T.);
#1754=EDGE_CURVE('',#2299,#2295,#2784,.T.);
#1755=EDGE_CURVE('',#2300,#2301,#2785,.T.);
#1756=EDGE_CURVE('',#2301,#2302,#2786,.T.);
#1757=EDGE_CURVE('',#2292,#2302,#2787,.T.);
#1758=EDGE_CURVE('',#2291,#2299,#2788,.T.);
#1759=EDGE_CURVE('',#2303,#2298,#2789,.T.);
#1760=EDGE_CURVE('',#2300,#2303,#2790,.T.);
#1761=EDGE_CURVE('',#2304,#2305,#2791,.T.);
#1762=EDGE_CURVE('',#2306,#2305,#2792,.T.);
#1763=EDGE_CURVE('',#2289,#2306,#2793,.T.);
#1764=EDGE_CURVE('',#2297,#2293,#2794,.T.);
#1765=EDGE_CURVE('',#2307,#2296,#2795,.T.);
#1766=EDGE_CURVE('',#2307,#2304,#2796,.T.);
#1767=EDGE_CURVE('',#2308,#2309,#116,.T.);
#1768=EDGE_CURVE('',#2309,#2303,#2797,.T.);
#1769=EDGE_CURVE('',#2302,#2308,#2798,.T.);
#1770=EDGE_CURVE('',#2310,#2290,#2799,.T.);
#1771=EDGE_CURVE('',#2311,#2310,#2800,.T.);
#1772=EDGE_CURVE('',#2305,#2311,#117,.T.);
#1773=EDGE_CURVE('',#2312,#2304,#118,.T.);
#1774=EDGE_CURVE('',#2313,#2312,#2801,.T.);
#1775=EDGE_CURVE('',#2295,#2313,#2802,.T.);
#1776=EDGE_CURVE('',#2314,#2313,#2803,.T.);
#1777=EDGE_CURVE('',#2294,#2314,#2804,.T.);
#1778=EDGE_CURVE('',#2315,#2312,#2805,.T.);
#1779=EDGE_CURVE('',#2314,#2315,#2806,.T.);
#1780=EDGE_CURVE('',#2315,#2307,#119,.T.);
#1781=EDGE_CURVE('',#2316,#2311,#2807,.T.);
#1782=EDGE_CURVE('',#2306,#2316,#120,.T.);
#1783=EDGE_CURVE('',#2317,#2310,#2808,.T.);
#1784=EDGE_CURVE('',#2316,#2317,#2809,.T.);
#1785=EDGE_CURVE('',#2317,#2288,#2810,.T.);
#1786=EDGE_CURVE('',#2301,#2318,#2811,.T.);
#1787=EDGE_CURVE('',#2318,#2308,#2812,.T.);
#1788=EDGE_CURVE('',#2318,#2319,#121,.T.);
#1789=EDGE_CURVE('',#2319,#2309,#2813,.T.);
#1790=EDGE_CURVE('',#2319,#2300,#2814,.T.);
#1791=EDGE_CURVE('',#2320,#2321,#2815,.T.);
#1792=EDGE_CURVE('',#2322,#2320,#2816,.T.);
#1793=EDGE_CURVE('',#2322,#2323,#2817,.T.);
#1794=EDGE_CURVE('',#2324,#2323,#2818,.T.);
#1795=EDGE_CURVE('',#2324,#2325,#2819,.T.);
#1796=EDGE_CURVE('',#2325,#2326,#2820,.T.);
#1797=EDGE_CURVE('',#2327,#2326,#2821,.T.);
#1798=EDGE_CURVE('',#2321,#2327,#2822,.T.);
#1799=EDGE_CURVE('',#2328,#2329,#122,.T.);
#1800=EDGE_CURVE('',#2329,#2321,#2823,.T.);
#1801=EDGE_CURVE('',#2327,#2330,#2824,.T.);
#1802=EDGE_CURVE('',#2330,#2331,#2825,.T.);
#1803=EDGE_CURVE('',#2331,#2324,#2826,.T.);
#1804=EDGE_CURVE('',#2323,#2328,#2827,.T.);
#1805=EDGE_CURVE('',#2332,#2333,#2828,.T.);
#1806=EDGE_CURVE('',#2332,#2334,#2829,.T.);
#1807=EDGE_CURVE('',#2334,#2325,#2830,.T.);
#1808=EDGE_CURVE('',#2331,#2333,#2831,.T.);
#1809=EDGE_CURVE('',#2335,#2336,#2832,.T.);
#1810=EDGE_CURVE('',#2337,#2335,#2833,.T.);
#1811=EDGE_CURVE('',#2330,#2337,#2834,.T.);
#1812=EDGE_CURVE('',#2326,#2336,#2835,.T.);
#1813=EDGE_CURVE('',#2338,#2339,#2836,.T.);
#1814=EDGE_CURVE('',#2340,#2339,#2837,.T.);
#1815=EDGE_CURVE('',#2333,#2340,#2838,.T.);
#1816=EDGE_CURVE('',#2341,#2337,#2839,.T.);
#1817=EDGE_CURVE('',#2341,#2338,#2840,.T.);
#1818=EDGE_CURVE('',#2342,#2334,#2841,.T.);
#1819=EDGE_CURVE('',#2343,#2342,#2842,.T.);
#1820=EDGE_CURVE('',#2339,#2343,#123,.T.);
#1821=EDGE_CURVE('',#2344,#2338,#124,.T.);
#1822=EDGE_CURVE('',#2345,#2344,#2843,.T.);
#1823=EDGE_CURVE('',#2336,#2345,#2844,.T.);
#1824=EDGE_CURVE('',#2346,#2345,#2845,.T.);
#1825=EDGE_CURVE('',#2335,#2346,#2846,.T.);
#1826=EDGE_CURVE('',#2347,#2344,#2847,.T.);
#1827=EDGE_CURVE('',#2346,#2347,#2848,.T.);
#1828=EDGE_CURVE('',#2347,#2341,#125,.T.);
#1829=EDGE_CURVE('',#2348,#2343,#2849,.T.);
#1830=EDGE_CURVE('',#2340,#2348,#126,.T.);
#1831=EDGE_CURVE('',#2349,#2342,#2850,.T.);
#1832=EDGE_CURVE('',#2348,#2349,#2851,.T.);
#1833=EDGE_CURVE('',#2349,#2332,#2852,.T.);
#1834=EDGE_CURVE('',#2350,#2329,#2853,.T.);
#1835=EDGE_CURVE('',#2350,#2320,#2854,.T.);
#1836=EDGE_CURVE('',#2351,#2328,#2855,.T.);
#1837=EDGE_CURVE('',#2351,#2350,#127,.T.);
#1838=EDGE_CURVE('',#2322,#2351,#2856,.T.);
#1839=EDGE_CURVE('',#2352,#2353,#2857,.T.);
#1840=EDGE_CURVE('',#2352,#2354,#2858,.T.);
#1841=EDGE_CURVE('',#2354,#2355,#2859,.T.);
#1842=EDGE_CURVE('',#2355,#2356,#2860,.T.);
#1843=EDGE_CURVE('',#2356,#2357,#2861,.T.);
#1844=EDGE_CURVE('',#2358,#2357,#2862,.T.);
#1845=EDGE_CURVE('',#2359,#2358,#2863,.T.);
#1846=EDGE_CURVE('',#2359,#2353,#2864,.T.);
#1847=EDGE_CURVE('',#2360,#2361,#2865,.T.);
#1848=EDGE_CURVE('',#2360,#2362,#2866,.T.);
#1849=EDGE_CURVE('',#2357,#2362,#2867,.T.);
#1850=EDGE_CURVE('',#2356,#2363,#2868,.T.);
#1851=EDGE_CURVE('',#2363,#2361,#2869,.T.);
#1852=EDGE_CURVE('',#2364,#2365,#2870,.T.);
#1853=EDGE_CURVE('',#2366,#2364,#2871,.T.);
#1854=EDGE_CURVE('',#2361,#2366,#2872,.T.);
#1855=EDGE_CURVE('',#2363,#2367,#2873,.T.);
#1856=EDGE_CURVE('',#2367,#2368,#2874,.T.);
#1857=EDGE_CURVE('',#2369,#2368,#2875,.T.);
#1858=EDGE_CURVE('',#2369,#2365,#2876,.T.);
#1859=EDGE_CURVE('',#2370,#2371,#2877,.T.);
#1860=EDGE_CURVE('',#2368,#2370,#2878,.T.);
#1861=EDGE_CURVE('',#2367,#2359,#2879,.T.);
#1862=EDGE_CURVE('',#2371,#2358,#2880,.T.);
#1863=EDGE_CURVE('',#2372,#2373,#128,.T.);
#1864=EDGE_CURVE('',#2353,#2372,#2881,.T.);
#1865=EDGE_CURVE('',#2373,#2355,#2882,.T.);
#1866=EDGE_CURVE('',#2374,#2365,#129,.T.);
#1867=EDGE_CURVE('',#2375,#2374,#2883,.T.);
#1868=EDGE_CURVE('',#2371,#2375,#2884,.T.);
#1869=EDGE_CURVE('',#2376,#2362,#2885,.T.);
#1870=EDGE_CURVE('',#2377,#2376,#2886,.T.);
#1871=EDGE_CURVE('',#2364,#2377,#130,.T.);
#1872=EDGE_CURVE('',#2378,#2360,#2887,.T.);
#1873=EDGE_CURVE('',#2378,#2376,#2888,.T.);
#1874=EDGE_CURVE('',#2379,#2377,#2889,.T.);
#1875=EDGE_CURVE('',#2366,#2379,#131,.T.);
#1876=EDGE_CURVE('',#2379,#2378,#2890,.T.);
#1877=EDGE_CURVE('',#2380,#2375,#2891,.T.);
#1878=EDGE_CURVE('',#2370,#2380,#2892,.T.);
#1879=EDGE_CURVE('',#2381,#2374,#2893,.T.);
#1880=EDGE_CURVE('',#2380,#2381,#2894,.T.);
#1881=EDGE_CURVE('',#2381,#2369,#132,.T.);
#1882=EDGE_CURVE('',#2352,#2382,#2895,.T.);
#1883=EDGE_CURVE('',#2382,#2383,#133,.T.);
#1884=EDGE_CURVE('',#2383,#2354,#2896,.T.);
#1885=EDGE_CURVE('',#2382,#2372,#2897,.T.);
#1886=EDGE_CURVE('',#2383,#2373,#2898,.T.);
#1887=EDGE_CURVE('',#2384,#2385,#2899,.T.);
#1888=EDGE_CURVE('',#2384,#2386,#2900,.T.);
#1889=EDGE_CURVE('',#2387,#2386,#2901,.T.);
#1890=EDGE_CURVE('',#2388,#2387,#2902,.T.);
#1891=EDGE_CURVE('',#2388,#2389,#2903,.T.);
#1892=EDGE_CURVE('',#2389,#2385,#2904,.T.);
#1893=EDGE_CURVE('',#2390,#2391,#2905,.T.);
#1894=EDGE_CURVE('',#2392,#2390,#2906,.T.);
#1895=EDGE_CURVE('',#2385,#2392,#2907,.T.);
#1896=EDGE_CURVE('',#2389,#2393,#2908,.T.);
#1897=EDGE_CURVE('',#2393,#2394,#2909,.T.);
#1898=EDGE_CURVE('',#2395,#2394,#2910,.T.);
#1899=EDGE_CURVE('',#2395,#2391,#2911,.T.);
#1900=EDGE_CURVE('',#2396,#2397,#2912,.T.);
#1901=EDGE_CURVE('',#2394,#2396,#2913,.T.);
#1902=EDGE_CURVE('',#2393,#2398,#2914,.T.);
#1903=EDGE_CURVE('',#2398,#2399,#2915,.T.);
#1904=EDGE_CURVE('',#2397,#2399,#2916,.T.);
#1905=EDGE_CURVE('',#2400,#2401,#2917,.T.);
#1906=EDGE_CURVE('',#2400,#2402,#2918,.T.);
#1907=EDGE_CURVE('',#2402,#2403,#2919,.T.);
#1908=EDGE_CURVE('',#2403,#2388,#2920,.T.);
#1909=EDGE_CURVE('',#2399,#2387,#2921,.T.);
#1910=EDGE_CURVE('',#2398,#2401,#2922,.T.);
#1911=EDGE_CURVE('',#2404,#2405,#134,.T.);
#1912=EDGE_CURVE('',#2401,#2404,#2923,.T.);
#1913=EDGE_CURVE('',#2405,#2403,#2924,.T.);
#1914=EDGE_CURVE('',#2406,#2386,#2925,.T.);
#1915=EDGE_CURVE('',#2407,#2406,#2926,.T.);
#1916=EDGE_CURVE('',#2390,#2407,#135,.T.);
#1917=EDGE_CURVE('',#2408,#2391,#136,.T.);
#1918=EDGE_CURVE('',#2409,#2408,#2927,.T.);
#1919=EDGE_CURVE('',#2397,#2409,#2928,.T.);
#1920=EDGE_CURVE('',#2410,#2384,#2929,.T.);
#1921=EDGE_CURVE('',#2410,#2406,#2930,.T.);
#1922=EDGE_CURVE('',#2411,#2407,#2931,.T.);
#1923=EDGE_CURVE('',#2392,#2411,#137,.T.);
#1924=EDGE_CURVE('',#2411,#2410,#2932,.T.);
#1925=EDGE_CURVE('',#2412,#2409,#2933,.T.);
#1926=EDGE_CURVE('',#2396,#2412,#2934,.T.);
#1927=EDGE_CURVE('',#2413,#2408,#2935,.T.);
#1928=EDGE_CURVE('',#2412,#2413,#2936,.T.);
#1929=EDGE_CURVE('',#2413,#2395,#138,.T.);
#1930=EDGE_CURVE('',#2400,#2414,#2937,.T.);
#1931=EDGE_CURVE('',#2414,#2415,#139,.T.);
#1932=EDGE_CURVE('',#2415,#2402,#2938,.T.);
#1933=EDGE_CURVE('',#2414,#2404,#2939,.T.);
#1934=EDGE_CURVE('',#2415,#2405,#2940,.T.);
#1935=EDGE_CURVE('',#2416,#2417,#2941,.T.);
#1936=EDGE_CURVE('',#2418,#2417,#2942,.T.);
#1937=EDGE_CURVE('',#2419,#2418,#2943,.T.);
#1938=EDGE_CURVE('',#2419,#2416,#2944,.T.);
#1939=EDGE_CURVE('',#2420,#2421,#2945,.T.);
#1940=EDGE_CURVE('',#2417,#2421,#2946,.T.);
#1941=EDGE_CURVE('',#2416,#2420,#2947,.T.);
#1942=EDGE_CURVE('',#2422,#2423,#2948,.T.);
#1943=EDGE_CURVE('',#2421,#2423,#2949,.T.);
#1944=EDGE_CURVE('',#2420,#2422,#2950,.T.);
#1945=EDGE_CURVE('',#2424,#2425,#2951,.T.);
#1946=EDGE_CURVE('',#2423,#2425,#2952,.T.);
#1947=EDGE_CURVE('',#2422,#2424,#2953,.T.);
#1948=EDGE_CURVE('',#2425,#2418,#2954,.T.);
#1949=EDGE_CURVE('',#2424,#2419,#2955,.T.);
#1950=EDGE_CURVE('',#2426,#2427,#2956,.T.);
#1951=EDGE_CURVE('',#2428,#2427,#2957,.T.);
#1952=EDGE_CURVE('',#2429,#2428,#2958,.T.);
#1953=EDGE_CURVE('',#2429,#2426,#2959,.T.);
#1954=EDGE_CURVE('',#2427,#2430,#140,.T.);
#1955=EDGE_CURVE('',#2431,#2430,#2960,.T.);
#1956=EDGE_CURVE('',#2428,#2431,#141,.T.);
#1957=EDGE_CURVE('',#2430,#2432,#2961,.T.);
#1958=EDGE_CURVE('',#2433,#2432,#2962,.T.);
#1959=EDGE_CURVE('',#2431,#2433,#2963,.T.);
#1960=EDGE_CURVE('',#2432,#2434,#142,.T.);
#1961=EDGE_CURVE('',#2435,#2434,#2964,.T.);
#1962=EDGE_CURVE('',#2433,#2435,#143,.T.);
#1963=EDGE_CURVE('',#2434,#2436,#2965,.T.);
#1964=EDGE_CURVE('',#2437,#2436,#2966,.T.);
#1965=EDGE_CURVE('',#2435,#2437,#2967,.T.);
#1966=EDGE_CURVE('',#2436,#2438,#144,.T.);
#1967=EDGE_CURVE('',#2439,#2438,#2968,.T.);
#1968=EDGE_CURVE('',#2437,#2439,#145,.T.);
#1969=EDGE_CURVE('',#2438,#2440,#2969,.T.);
#1970=EDGE_CURVE('',#2441,#2440,#2970,.T.);
#1971=EDGE_CURVE('',#2439,#2441,#2971,.T.);
#1972=EDGE_CURVE('',#2440,#2442,#146,.T.);
#1973=EDGE_CURVE('',#2443,#2442,#2972,.T.);
#1974=EDGE_CURVE('',#2441,#2443,#147,.T.);
#1975=EDGE_CURVE('',#2442,#2444,#2973,.T.);
#1976=EDGE_CURVE('',#2445,#2444,#2974,.T.);
#1977=EDGE_CURVE('',#2443,#2445,#2975,.T.);
#1978=EDGE_CURVE('',#2444,#2446,#148,.T.);
#1979=EDGE_CURVE('',#2447,#2446,#2976,.T.);
#1980=EDGE_CURVE('',#2445,#2447,#149,.T.);
#1981=EDGE_CURVE('',#2446,#2448,#2977,.T.);
#1982=EDGE_CURVE('',#2449,#2448,#2978,.T.);
#1983=EDGE_CURVE('',#2447,#2449,#2979,.T.);
#1984=EDGE_CURVE('',#2448,#2450,#150,.T.);
#1985=EDGE_CURVE('',#2451,#2450,#2980,.T.);
#1986=EDGE_CURVE('',#2449,#2451,#151,.T.);
#1987=EDGE_CURVE('',#2450,#2452,#2981,.T.);
#1988=EDGE_CURVE('',#2453,#2452,#2982,.T.);
#1989=EDGE_CURVE('',#2451,#2453,#2983,.T.);
#1990=EDGE_CURVE('',#2452,#2454,#152,.T.);
#1991=EDGE_CURVE('',#2455,#2454,#2984,.T.);
#1992=EDGE_CURVE('',#2453,#2455,#153,.T.);
#1993=EDGE_CURVE('',#2454,#2456,#2985,.T.);
#1994=EDGE_CURVE('',#2457,#2456,#2986,.T.);
#1995=EDGE_CURVE('',#2455,#2457,#2987,.T.);
#1996=EDGE_CURVE('',#2456,#2426,#154,.T.);
#1997=EDGE_CURVE('',#2457,#2429,#155,.T.);
#1998=EDGE_CURVE('',#2458,#2459,#2988,.T.);
#1999=EDGE_CURVE('',#2458,#2460,#2989,.T.);
#2000=EDGE_CURVE('',#2461,#2460,#2990,.T.);
#2001=EDGE_CURVE('',#2462,#2461,#2991,.T.);
#2002=EDGE_CURVE('',#2462,#2463,#2992,.T.);
#2003=EDGE_CURVE('',#2463,#2459,#2993,.T.);
#2004=EDGE_CURVE('',#2464,#2465,#2994,.T.);
#2005=EDGE_CURVE('',#2466,#2464,#2995,.T.);
#2006=EDGE_CURVE('',#2459,#2466,#2996,.T.);
#2007=EDGE_CURVE('',#2463,#2467,#2997,.T.);
#2008=EDGE_CURVE('',#2467,#2468,#2998,.T.);
#2009=EDGE_CURVE('',#2469,#2468,#2999,.T.);
#2010=EDGE_CURVE('',#2469,#2465,#3000,.T.);
#2011=EDGE_CURVE('',#2470,#2471,#3001,.T.);
#2012=EDGE_CURVE('',#2468,#2470,#3002,.T.);
#2013=EDGE_CURVE('',#2467,#2472,#3003,.T.);
#2014=EDGE_CURVE('',#2472,#2473,#3004,.T.);
#2015=EDGE_CURVE('',#2471,#2473,#3005,.T.);
#2016=EDGE_CURVE('',#2474,#2475,#3006,.T.);
#2017=EDGE_CURVE('',#2474,#2476,#3007,.T.);
#2018=EDGE_CURVE('',#2476,#2477,#3008,.T.);
#2019=EDGE_CURVE('',#2477,#2462,#3009,.T.);
#2020=EDGE_CURVE('',#2473,#2461,#3010,.T.);
#2021=EDGE_CURVE('',#2472,#2475,#3011,.T.);
#2022=EDGE_CURVE('',#2478,#2479,#156,.T.);
#2023=EDGE_CURVE('',#2475,#2478,#3012,.T.);
#2024=EDGE_CURVE('',#2479,#2477,#3013,.T.);
#2025=EDGE_CURVE('',#2480,#2460,#3014,.T.);
#2026=EDGE_CURVE('',#2481,#2480,#3015,.T.);
#2027=EDGE_CURVE('',#2464,#2481,#157,.T.);
#2028=EDGE_CURVE('',#2482,#2465,#158,.T.);
#2029=EDGE_CURVE('',#2483,#2482,#3016,.T.);
#2030=EDGE_CURVE('',#2471,#2483,#3017,.T.);
#2031=EDGE_CURVE('',#2484,#2458,#3018,.T.);
#2032=EDGE_CURVE('',#2484,#2480,#3019,.T.);
#2033=EDGE_CURVE('',#2485,#2481,#3020,.T.);
#2034=EDGE_CURVE('',#2466,#2485,#159,.T.);
#2035=EDGE_CURVE('',#2485,#2484,#3021,.T.);
#2036=EDGE_CURVE('',#2486,#2483,#3022,.T.);
#2037=EDGE_CURVE('',#2470,#2486,#3023,.T.);
#2038=EDGE_CURVE('',#2487,#2482,#3024,.T.);
#2039=EDGE_CURVE('',#2486,#2487,#3025,.T.);
#2040=EDGE_CURVE('',#2487,#2469,#160,.T.);
#2041=EDGE_CURVE('',#2474,#2488,#3026,.T.);
#2042=EDGE_CURVE('',#2488,#2489,#161,.T.);
#2043=EDGE_CURVE('',#2489,#2476,#3027,.T.);
#2044=EDGE_CURVE('',#2488,#2478,#3028,.T.);
#2045=EDGE_CURVE('',#2489,#2479,#3029,.T.);
#2046=EDGE_CURVE('',#2490,#2491,#3030,.T.);
#2047=EDGE_CURVE('',#2490,#2492,#3031,.T.);
#2048=EDGE_CURVE('',#2492,#2493,#3032,.T.);
#2049=EDGE_CURVE('',#2494,#2493,#3033,.T.);
#2050=EDGE_CURVE('',#2495,#2494,#3034,.T.);
#2051=EDGE_CURVE('',#2495,#2491,#3035,.T.);
#2052=EDGE_CURVE('',#2496,#2497,#3036,.T.);
#2053=EDGE_CURVE('',#2498,#2496,#3037,.T.);
#2054=EDGE_CURVE('',#2499,#2498,#3038,.T.);
#2055=EDGE_CURVE('',#2500,#2499,#3039,.T.);
#2056=EDGE_CURVE('',#2500,#2501,#3040,.T.);
#2057=EDGE_CURVE('',#2501,#2497,#3041,.T.);
#2058=EDGE_CURVE('',#2502,#2503,#3042,.T.);
#2059=EDGE_CURVE('',#2503,#2504,#3043,.T.);
#2060=EDGE_CURVE('',#2494,#2504,#3044,.T.);
#2061=EDGE_CURVE('',#2493,#2501,#3045,.T.);
#2062=EDGE_CURVE('',#2505,#2500,#3046,.T.);
#2063=EDGE_CURVE('',#2502,#2505,#3047,.T.);
#2064=EDGE_CURVE('',#2506,#2507,#3048,.T.);
#2065=EDGE_CURVE('',#2508,#2507,#3049,.T.);
#2066=EDGE_CURVE('',#2491,#2508,#3050,.T.);
#2067=EDGE_CURVE('',#2499,#2495,#3051,.T.);
#2068=EDGE_CURVE('',#2509,#2498,#3052,.T.);
#2069=EDGE_CURVE('',#2509,#2506,#3053,.T.);
#2070=EDGE_CURVE('',#2510,#2511,#162,.T.);
#2071=EDGE_CURVE('',#2511,#2505,#3054,.T.);
#2072=EDGE_CURVE('',#2504,#2510,#3055,.T.);
#2073=EDGE_CURVE('',#2512,#2492,#3056,.T.);
#2074=EDGE_CURVE('',#2513,#2512,#3057,.T.);
#2075=EDGE_CURVE('',#2507,#2513,#163,.T.);
#2076=EDGE_CURVE('',#2514,#2506,#164,.T.);
#2077=EDGE_CURVE('',#2515,#2514,#3058,.T.);
#2078=EDGE_CURVE('',#2497,#2515,#3059,.T.);
#2079=EDGE_CURVE('',#2516,#2515,#3060,.T.);
#2080=EDGE_CURVE('',#2496,#2516,#3061,.T.);
#2081=EDGE_CURVE('',#2517,#2514,#3062,.T.);
#2082=EDGE_CURVE('',#2516,#2517,#3063,.T.);
#2083=EDGE_CURVE('',#2517,#2509,#165,.T.);
#2084=EDGE_CURVE('',#2518,#2513,#3064,.T.);
#2085=EDGE_CURVE('',#2508,#2518,#166,.T.);
#2086=EDGE_CURVE('',#2519,#2512,#3065,.T.);
#2087=EDGE_CURVE('',#2518,#2519,#3066,.T.);
#2088=EDGE_CURVE('',#2519,#2490,#3067,.T.);
#2089=EDGE_CURVE('',#2503,#2520,#3068,.T.);
#2090=EDGE_CURVE('',#2520,#2510,#3069,.T.);
#2091=EDGE_CURVE('',#2520,#2521,#167,.T.);
#2092=EDGE_CURVE('',#2521,#2511,#3070,.T.);
#2093=EDGE_CURVE('',#2521,#2502,#3071,.T.);
#2094=VERTEX_POINT('',#6836);
#2095=VERTEX_POINT('',#6837);
#2096=VERTEX_POINT('',#6839);
#2097=VERTEX_POINT('',#6841);
#2098=VERTEX_POINT('',#6843);
#2099=VERTEX_POINT('',#6845);
#2100=VERTEX_POINT('',#6847);
#2101=VERTEX_POINT('',#6849);
#2102=VERTEX_POINT('',#6853);
#2103=VERTEX_POINT('',#6854);
#2104=VERTEX_POINT('',#6856);
#2105=VERTEX_POINT('',#6858);
#2106=VERTEX_POINT('',#6860);
#2107=VERTEX_POINT('',#6863);
#2108=VERTEX_POINT('',#6865);
#2109=VERTEX_POINT('',#6867);
#2110=VERTEX_POINT('',#6871);
#2111=VERTEX_POINT('',#6875);
#2112=VERTEX_POINT('',#6877);
#2113=VERTEX_POINT('',#6881);
#2114=VERTEX_POINT('',#6886);
#2115=VERTEX_POINT('',#6888);
#2116=VERTEX_POINT('',#6893);
#2117=VERTEX_POINT('',#6895);
#2118=VERTEX_POINT('',#6907);
#2119=VERTEX_POINT('',#6908);
#2120=VERTEX_POINT('',#6910);
#2121=VERTEX_POINT('',#6912);
#2122=VERTEX_POINT('',#6914);
#2123=VERTEX_POINT('',#6916);
#2124=VERTEX_POINT('',#6918);
#2125=VERTEX_POINT('',#6920);
#2126=VERTEX_POINT('',#6924);
#2127=VERTEX_POINT('',#6925);
#2128=VERTEX_POINT('',#6927);
#2129=VERTEX_POINT('',#6929);
#2130=VERTEX_POINT('',#6931);
#2131=VERTEX_POINT('',#6934);
#2132=VERTEX_POINT('',#6936);
#2133=VERTEX_POINT('',#6938);
#2134=VERTEX_POINT('',#6942);
#2135=VERTEX_POINT('',#6946);
#2136=VERTEX_POINT('',#6947);
#2137=VERTEX_POINT('',#6952);
#2138=VERTEX_POINT('',#6957);
#2139=VERTEX_POINT('',#6959);
#2140=VERTEX_POINT('',#6964);
#2141=VERTEX_POINT('',#6966);
#2142=VERTEX_POINT('',#6978);
#2143=VERTEX_POINT('',#6979);
#2144=VERTEX_POINT('',#6981);
#2145=VERTEX_POINT('',#6983);
#2146=VERTEX_POINT('',#6987);
#2147=VERTEX_POINT('',#6988);
#2148=VERTEX_POINT('',#6993);
#2149=VERTEX_POINT('',#6995);
#2150=VERTEX_POINT('',#6998);
#2151=VERTEX_POINT('',#6999);
#2152=VERTEX_POINT('',#7001);
#2153=VERTEX_POINT('',#7003);
#2154=VERTEX_POINT('',#7005);
#2155=VERTEX_POINT('',#7007);
#2156=VERTEX_POINT('',#7009);
#2157=VERTEX_POINT('',#7011);
#2158=VERTEX_POINT('',#7013);
#2159=VERTEX_POINT('',#7015);
#2160=VERTEX_POINT('',#7017);
#2161=VERTEX_POINT('',#7019);
#2162=VERTEX_POINT('',#7021);
#2163=VERTEX_POINT('',#7023);
#2164=VERTEX_POINT('',#7025);
#2165=VERTEX_POINT('',#7027);
#2166=VERTEX_POINT('',#7031);
#2167=VERTEX_POINT('',#7035);
#2168=VERTEX_POINT('',#7041);
#2169=VERTEX_POINT('',#7042);
#2170=VERTEX_POINT('',#7044);
#2171=VERTEX_POINT('',#7046);
#2172=VERTEX_POINT('',#7048);
#2173=VERTEX_POINT('',#7050);
#2174=VERTEX_POINT('',#7052);
#2175=VERTEX_POINT('',#7054);
#2176=VERTEX_POINT('',#7056);
#2177=VERTEX_POINT('',#7058);
#2178=VERTEX_POINT('',#7060);
#2179=VERTEX_POINT('',#7062);
#2180=VERTEX_POINT('',#7064);
#2181=VERTEX_POINT('',#7066);
#2182=VERTEX_POINT('',#7068);
#2183=VERTEX_POINT('',#7070);
#2184=VERTEX_POINT('',#7104);
#2185=VERTEX_POINT('',#7105);
#2186=VERTEX_POINT('',#7107);
#2187=VERTEX_POINT('',#7109);
#2188=VERTEX_POINT('',#7111);
#2189=VERTEX_POINT('',#7113);
#2190=VERTEX_POINT('',#7115);
#2191=VERTEX_POINT('',#7117);
#2192=VERTEX_POINT('',#7121);
#2193=VERTEX_POINT('',#7122);
#2194=VERTEX_POINT('',#7124);
#2195=VERTEX_POINT('',#7126);
#2196=VERTEX_POINT('',#7128);
#2197=VERTEX_POINT('',#7131);
#2198=VERTEX_POINT('',#7133);
#2199=VERTEX_POINT('',#7135);
#2200=VERTEX_POINT('',#7139);
#2201=VERTEX_POINT('',#7143);
#2202=VERTEX_POINT('',#7144);
#2203=VERTEX_POINT('',#7149);
#2204=VERTEX_POINT('',#7154);
#2205=VERTEX_POINT('',#7156);
#2206=VERTEX_POINT('',#7161);
#2207=VERTEX_POINT('',#7163);
#2208=VERTEX_POINT('',#7175);
#2209=VERTEX_POINT('',#7176);
#2210=VERTEX_POINT('',#7178);
#2211=VERTEX_POINT('',#7180);
#2212=VERTEX_POINT('',#7182);
#2213=VERTEX_POINT('',#7184);
#2214=VERTEX_POINT('',#7186);
#2215=VERTEX_POINT('',#7188);
#2216=VERTEX_POINT('',#7192);
#2217=VERTEX_POINT('',#7194);
#2218=VERTEX_POINT('',#7196);
#2219=VERTEX_POINT('',#7198);
#2220=VERTEX_POINT('',#7200);
#2221=VERTEX_POINT('',#7202);
#2222=VERTEX_POINT('',#7204);
#2223=VERTEX_POINT('',#7206);
#2224=VERTEX_POINT('',#7210);
#2225=VERTEX_POINT('',#7214);
#2226=VERTEX_POINT('',#7215);
#2227=VERTEX_POINT('',#7220);
#2228=VERTEX_POINT('',#7225);
#2229=VERTEX_POINT('',#7227);
#2230=VERTEX_POINT('',#7232);
#2231=VERTEX_POINT('',#7234);
#2232=VERTEX_POINT('',#7246);
#2233=VERTEX_POINT('',#7247);
#2234=VERTEX_POINT('',#7249);
#2235=VERTEX_POINT('',#7251);
#2236=VERTEX_POINT('',#7253);
#2237=VERTEX_POINT('',#7255);
#2238=VERTEX_POINT('',#7257);
#2239=VERTEX_POINT('',#7259);
#2240=VERTEX_POINT('',#7263);
#2241=VERTEX_POINT('',#7264);
#2242=VERTEX_POINT('',#7266);
#2243=VERTEX_POINT('',#7268);
#2244=VERTEX_POINT('',#7270);
#2245=VERTEX_POINT('',#7273);
#2246=VERTEX_POINT('',#7275);
#2247=VERTEX_POINT('',#7277);
#2248=VERTEX_POINT('',#7281);
#2249=VERTEX_POINT('',#7285);
#2250=VERTEX_POINT('',#7287);
#2251=VERTEX_POINT('',#7291);
#2252=VERTEX_POINT('',#7296);
#2253=VERTEX_POINT('',#7298);
#2254=VERTEX_POINT('',#7303);
#2255=VERTEX_POINT('',#7305);
#2256=VERTEX_POINT('',#7317);
#2257=VERTEX_POINT('',#7318);
#2258=VERTEX_POINT('',#7320);
#2259=VERTEX_POINT('',#7322);
#2260=VERTEX_POINT('',#7324);
#2261=VERTEX_POINT('',#7326);
#2262=VERTEX_POINT('',#7328);
#2263=VERTEX_POINT('',#7330);
#2264=VERTEX_POINT('',#7334);
#2265=VERTEX_POINT('',#7335);
#2266=VERTEX_POINT('',#7337);
#2267=VERTEX_POINT('',#7339);
#2268=VERTEX_POINT('',#7341);
#2269=VERTEX_POINT('',#7344);
#2270=VERTEX_POINT('',#7346);
#2271=VERTEX_POINT('',#7348);
#2272=VERTEX_POINT('',#7352);
#2273=VERTEX_POINT('',#7356);
#2274=VERTEX_POINT('',#7358);
#2275=VERTEX_POINT('',#7362);
#2276=VERTEX_POINT('',#7367);
#2277=VERTEX_POINT('',#7369);
#2278=VERTEX_POINT('',#7374);
#2279=VERTEX_POINT('',#7376);
#2280=VERTEX_POINT('',#7388);
#2281=VERTEX_POINT('',#7389);
#2282=VERTEX_POINT('',#7391);
#2283=VERTEX_POINT('',#7393);
#2284=VERTEX_POINT('',#7397);
#2285=VERTEX_POINT('',#7399);
#2286=VERTEX_POINT('',#7403);
#2287=VERTEX_POINT('',#7405);
#2288=VERTEX_POINT('',#7421);
#2289=VERTEX_POINT('',#7422);
#2290=VERTEX_POINT('',#7424);
#2291=VERTEX_POINT('',#7426);
#2292=VERTEX_POINT('',#7428);
#2293=VERTEX_POINT('',#7430);
#2294=VERTEX_POINT('',#7434);
#2295=VERTEX_POINT('',#7435);
#2296=VERTEX_POINT('',#7437);
#2297=VERTEX_POINT('',#7439);
#2298=VERTEX_POINT('',#7441);
#2299=VERTEX_POINT('',#7443);
#2300=VERTEX_POINT('',#7447);
#2301=VERTEX_POINT('',#7448);
#2302=VERTEX_POINT('',#7450);
#2303=VERTEX_POINT('',#7454);
#2304=VERTEX_POINT('',#7458);
#2305=VERTEX_POINT('',#7459);
#2306=VERTEX_POINT('',#7461);
#2307=VERTEX_POINT('',#7465);
#2308=VERTEX_POINT('',#7469);
#2309=VERTEX_POINT('',#7470);
#2310=VERTEX_POINT('',#7475);
#2311=VERTEX_POINT('',#7477);
#2312=VERTEX_POINT('',#7480);
#2313=VERTEX_POINT('',#7482);
#2314=VERTEX_POINT('',#7486);
#2315=VERTEX_POINT('',#7490);
#2316=VERTEX_POINT('',#7497);
#2317=VERTEX_POINT('',#7501);
#2318=VERTEX_POINT('',#7508);
#2319=VERTEX_POINT('',#7512);
#2320=VERTEX_POINT('',#7519);
#2321=VERTEX_POINT('',#7520);
#2322=VERTEX_POINT('',#7522);
#2323=VERTEX_POINT('',#7524);
#2324=VERTEX_POINT('',#7526);
#2325=VERTEX_POINT('',#7528);
#2326=VERTEX_POINT('',#7530);
#2327=VERTEX_POINT('',#7532);
#2328=VERTEX_POINT('',#7536);
#2329=VERTEX_POINT('',#7537);
#2330=VERTEX_POINT('',#7540);
#2331=VERTEX_POINT('',#7542);
#2332=VERTEX_POINT('',#7547);
#2333=VERTEX_POINT('',#7548);
#2334=VERTEX_POINT('',#7550);
#2335=VERTEX_POINT('',#7555);
#2336=VERTEX_POINT('',#7556);
#2337=VERTEX_POINT('',#7558);
#2338=VERTEX_POINT('',#7563);
#2339=VERTEX_POINT('',#7564);
#2340=VERTEX_POINT('',#7566);
#2341=VERTEX_POINT('',#7569);
#2342=VERTEX_POINT('',#7573);
#2343=VERTEX_POINT('',#7575);
#2344=VERTEX_POINT('',#7578);
#2345=VERTEX_POINT('',#7580);
#2346=VERTEX_POINT('',#7584);
#2347=VERTEX_POINT('',#7588);
#2348=VERTEX_POINT('',#7595);
#2349=VERTEX_POINT('',#7599);
#2350=VERTEX_POINT('',#7606);
#2351=VERTEX_POINT('',#7610);
#2352=VERTEX_POINT('',#7617);
#2353=VERTEX_POINT('',#7618);
#2354=VERTEX_POINT('',#7620);
#2355=VERTEX_POINT('',#7622);
#2356=VERTEX_POINT('',#7624);
#2357=VERTEX_POINT('',#7626);
#2358=VERTEX_POINT('',#7628);
#2359=VERTEX_POINT('',#7630);
#2360=VERTEX_POINT('',#7634);
#2361=VERTEX_POINT('',#7635);
#2362=VERTEX_POINT('',#7637);
#2363=VERTEX_POINT('',#7640);
#2364=VERTEX_POINT('',#7644);
#2365=VERTEX_POINT('',#7645);
#2366=VERTEX_POINT('',#7647);
#2367=VERTEX_POINT('',#7650);
#2368=VERTEX_POINT('',#7652);
#2369=VERTEX_POINT('',#7654);
#2370=VERTEX_POINT('',#7658);
#2371=VERTEX_POINT('',#7659);
#2372=VERTEX_POINT('',#7665);
#2373=VERTEX_POINT('',#7666);
#2374=VERTEX_POINT('',#7671);
#2375=VERTEX_POINT('',#7673);
#2376=VERTEX_POINT('',#7676);
#2377=VERTEX_POINT('',#7678);
#2378=VERTEX_POINT('',#7682);
#2379=VERTEX_POINT('',#7686);
#2380=VERTEX_POINT('',#7693);
#2381=VERTEX_POINT('',#7697);
#2382=VERTEX_POINT('',#7704);
#2383=VERTEX_POINT('',#7706);
#2384=VERTEX_POINT('',#7715);
#2385=VERTEX_POINT('',#7716);
#2386=VERTEX_POINT('',#7718);
#2387=VERTEX_POINT('',#7720);
#2388=VERTEX_POINT('',#7722);
#2389=VERTEX_POINT('',#7724);
#2390=VERTEX_POINT('',#7728);
#2391=VERTEX_POINT('',#7729);
#2392=VERTEX_POINT('',#7731);
#2393=VERTEX_POINT('',#7734);
#2394=VERTEX_POINT('',#7736);
#2395=VERTEX_POINT('',#7738);
#2396=VERTEX_POINT('',#7742);
#2397=VERTEX_POINT('',#7743);
#2398=VERTEX_POINT('',#7746);
#2399=VERTEX_POINT('',#7748);
#2400=VERTEX_POINT('',#7752);
#2401=VERTEX_POINT('',#7753);
#2402=VERTEX_POINT('',#7755);
#2403=VERTEX_POINT('',#7757);
#2404=VERTEX_POINT('',#7763);
#2405=VERTEX_POINT('',#7764);
#2406=VERTEX_POINT('',#7769);
#2407=VERTEX_POINT('',#7771);
#2408=VERTEX_POINT('',#7774);
#2409=VERTEX_POINT('',#7776);
#2410=VERTEX_POINT('',#7780);
#2411=VERTEX_POINT('',#7784);
#2412=VERTEX_POINT('',#7791);
#2413=VERTEX_POINT('',#7795);
#2414=VERTEX_POINT('',#7802);
#2415=VERTEX_POINT('',#7804);
#2416=VERTEX_POINT('',#7813);
#2417=VERTEX_POINT('',#7814);
#2418=VERTEX_POINT('',#7816);
#2419=VERTEX_POINT('',#7818);
#2420=VERTEX_POINT('',#7822);
#2421=VERTEX_POINT('',#7823);
#2422=VERTEX_POINT('',#7828);
#2423=VERTEX_POINT('',#7829);
#2424=VERTEX_POINT('',#7834);
#2425=VERTEX_POINT('',#7835);
#2426=VERTEX_POINT('',#7844);
#2427=VERTEX_POINT('',#7845);
#2428=VERTEX_POINT('',#7847);
#2429=VERTEX_POINT('',#7849);
#2430=VERTEX_POINT('',#7853);
#2431=VERTEX_POINT('',#7855);
#2432=VERTEX_POINT('',#7859);
#2433=VERTEX_POINT('',#7861);
#2434=VERTEX_POINT('',#7865);
#2435=VERTEX_POINT('',#7867);
#2436=VERTEX_POINT('',#7871);
#2437=VERTEX_POINT('',#7873);
#2438=VERTEX_POINT('',#7877);
#2439=VERTEX_POINT('',#7879);
#2440=VERTEX_POINT('',#7883);
#2441=VERTEX_POINT('',#7885);
#2442=VERTEX_POINT('',#7889);
#2443=VERTEX_POINT('',#7891);
#2444=VERTEX_POINT('',#7895);
#2445=VERTEX_POINT('',#7897);
#2446=VERTEX_POINT('',#7901);
#2447=VERTEX_POINT('',#7903);
#2448=VERTEX_POINT('',#7907);
#2449=VERTEX_POINT('',#7909);
#2450=VERTEX_POINT('',#7913);
#2451=VERTEX_POINT('',#7915);
#2452=VERTEX_POINT('',#7919);
#2453=VERTEX_POINT('',#7921);
#2454=VERTEX_POINT('',#7925);
#2455=VERTEX_POINT('',#7927);
#2456=VERTEX_POINT('',#7931);
#2457=VERTEX_POINT('',#7933);
#2458=VERTEX_POINT('',#7942);
#2459=VERTEX_POINT('',#7943);
#2460=VERTEX_POINT('',#7945);
#2461=VERTEX_POINT('',#7947);
#2462=VERTEX_POINT('',#7949);
#2463=VERTEX_POINT('',#7951);
#2464=VERTEX_POINT('',#7955);
#2465=VERTEX_POINT('',#7956);
#2466=VERTEX_POINT('',#7958);
#2467=VERTEX_POINT('',#7961);
#2468=VERTEX_POINT('',#7963);
#2469=VERTEX_POINT('',#7965);
#2470=VERTEX_POINT('',#7969);
#2471=VERTEX_POINT('',#7970);
#2472=VERTEX_POINT('',#7973);
#2473=VERTEX_POINT('',#7975);
#2474=VERTEX_POINT('',#7979);
#2475=VERTEX_POINT('',#7980);
#2476=VERTEX_POINT('',#7982);
#2477=VERTEX_POINT('',#7984);
#2478=VERTEX_POINT('',#7990);
#2479=VERTEX_POINT('',#7991);
#2480=VERTEX_POINT('',#7996);
#2481=VERTEX_POINT('',#7998);
#2482=VERTEX_POINT('',#8001);
#2483=VERTEX_POINT('',#8003);
#2484=VERTEX_POINT('',#8007);
#2485=VERTEX_POINT('',#8011);
#2486=VERTEX_POINT('',#8018);
#2487=VERTEX_POINT('',#8022);
#2488=VERTEX_POINT('',#8029);
#2489=VERTEX_POINT('',#8031);
#2490=VERTEX_POINT('',#8040);
#2491=VERTEX_POINT('',#8041);
#2492=VERTEX_POINT('',#8043);
#2493=VERTEX_POINT('',#8045);
#2494=VERTEX_POINT('',#8047);
#2495=VERTEX_POINT('',#8049);
#2496=VERTEX_POINT('',#8053);
#2497=VERTEX_POINT('',#8054);
#2498=VERTEX_POINT('',#8056);
#2499=VERTEX_POINT('',#8058);
#2500=VERTEX_POINT('',#8060);
#2501=VERTEX_POINT('',#8062);
#2502=VERTEX_POINT('',#8066);
#2503=VERTEX_POINT('',#8067);
#2504=VERTEX_POINT('',#8069);
#2505=VERTEX_POINT('',#8073);
#2506=VERTEX_POINT('',#8077);
#2507=VERTEX_POINT('',#8078);
#2508=VERTEX_POINT('',#8080);
#2509=VERTEX_POINT('',#8084);
#2510=VERTEX_POINT('',#8088);
#2511=VERTEX_POINT('',#8089);
#2512=VERTEX_POINT('',#8094);
#2513=VERTEX_POINT('',#8096);
#2514=VERTEX_POINT('',#8099);
#2515=VERTEX_POINT('',#8101);
#2516=VERTEX_POINT('',#8105);
#2517=VERTEX_POINT('',#8109);
#2518=VERTEX_POINT('',#8116);
#2519=VERTEX_POINT('',#8120);
#2520=VERTEX_POINT('',#8127);
#2521=VERTEX_POINT('',#8131);
#2522=LINE('',#6835,#3072);
#2523=LINE('',#6838,#3073);
#2524=LINE('',#6840,#3074);
#2525=LINE('',#6842,#3075);
#2526=LINE('',#6844,#3076);
#2527=LINE('',#6846,#3077);
#2528=LINE('',#6848,#3078);
#2529=LINE('',#6850,#3079);
#2530=LINE('',#6852,#3080);
#2531=LINE('',#6855,#3081);
#2532=LINE('',#6857,#3082);
#2533=LINE('',#6859,#3083);
#2534=LINE('',#6864,#3084);
#2535=LINE('',#6866,#3085);
#2536=LINE('',#6868,#3086);
#2537=LINE('',#6872,#3087);
#2538=LINE('',#6874,#3088);
#2539=LINE('',#6876,#3089);
#2540=LINE('',#6878,#3090);
#2541=LINE('',#6880,#3091);
#2542=LINE('',#6882,#3092);
#2543=LINE('',#6883,#3093);
#2544=LINE('',#6885,#3094);
#2545=LINE('',#6887,#3095);
#2546=LINE('',#6889,#3096);
#2547=LINE('',#6890,#3097);
#2548=LINE('',#6894,#3098);
#2549=LINE('',#6896,#3099);
#2550=LINE('',#6898,#3100);
#2551=LINE('',#6900,#3101);
#2552=LINE('',#6903,#3102);
#2553=LINE('',#6906,#3103);
#2554=LINE('',#6909,#3104);
#2555=LINE('',#6911,#3105);
#2556=LINE('',#6913,#3106);
#2557=LINE('',#6915,#3107);
#2558=LINE('',#6917,#3108);
#2559=LINE('',#6919,#3109);
#2560=LINE('',#6921,#3110);
#2561=LINE('',#6923,#3111);
#2562=LINE('',#6926,#3112);
#2563=LINE('',#6928,#3113);
#2564=LINE('',#6930,#3114);
#2565=LINE('',#6935,#3115);
#2566=LINE('',#6937,#3116);
#2567=LINE('',#6939,#3117);
#2568=LINE('',#6943,#3118);
#2569=LINE('',#6945,#3119);
#2570=LINE('',#6948,#3120);
#2571=LINE('',#6949,#3121);
#2572=LINE('',#6951,#3122);
#2573=LINE('',#6953,#3123);
#2574=LINE('',#6954,#3124);
#2575=LINE('',#6956,#3125);
#2576=LINE('',#6958,#3126);
#2577=LINE('',#6960,#3127);
#2578=LINE('',#6961,#3128);
#2579=LINE('',#6965,#3129);
#2580=LINE('',#6967,#3130);
#2581=LINE('',#6969,#3131);
#2582=LINE('',#6971,#3132);
#2583=LINE('',#6974,#3133);
#2584=LINE('',#6977,#3134);
#2585=LINE('',#6980,#3135);
#2586=LINE('',#6982,#3136);
#2587=LINE('',#6984,#3137);
#2588=LINE('',#6986,#3138);
#2589=LINE('',#6989,#3139);
#2590=LINE('',#6990,#3140);
#2591=LINE('',#6992,#3141);
#2592=LINE('',#6994,#3142);
#2593=LINE('',#6996,#3143);
#2594=LINE('',#6997,#3144);
#2595=LINE('',#7002,#3145);
#2596=LINE('',#7006,#3146);
#2597=LINE('',#7010,#3147);
#2598=LINE('',#7014,#3148);
#2599=LINE('',#7018,#3149);
#2600=LINE('',#7022,#3150);
#2601=LINE('',#7026,#3151);
#2602=LINE('',#7030,#3152);
#2603=LINE('',#7032,#3153);
#2604=LINE('',#7034,#3154);
#2605=LINE('',#7036,#3155);
#2606=LINE('',#7038,#3156);
#2607=LINE('',#7040,#3157);
#2608=LINE('',#7045,#3158);
#2609=LINE('',#7049,#3159);
#2610=LINE('',#7053,#3160);
#2611=LINE('',#7057,#3161);
#2612=LINE('',#7061,#3162);
#2613=LINE('',#7065,#3163);
#2614=LINE('',#7069,#3164);
#2615=LINE('',#7073,#3165);
#2616=LINE('',#7074,#3166);
#2617=LINE('',#7076,#3167);
#2618=LINE('',#7078,#3168);
#2619=LINE('',#7080,#3169);
#2620=LINE('',#7082,#3170);
#2621=LINE('',#7084,#3171);
#2622=LINE('',#7086,#3172);
#2623=LINE('',#7088,#3173);
#2624=LINE('',#7089,#3174);
#2625=LINE('',#7091,#3175);
#2626=LINE('',#7093,#3176);
#2627=LINE('',#7095,#3177);
#2628=LINE('',#7097,#3178);
#2629=LINE('',#7099,#3179);
#2630=LINE('',#7101,#3180);
#2631=LINE('',#7103,#3181);
#2632=LINE('',#7106,#3182);
#2633=LINE('',#7108,#3183);
#2634=LINE('',#7110,#3184);
#2635=LINE('',#7112,#3185);
#2636=LINE('',#7114,#3186);
#2637=LINE('',#7116,#3187);
#2638=LINE('',#7118,#3188);
#2639=LINE('',#7120,#3189);
#2640=LINE('',#7123,#3190);
#2641=LINE('',#7125,#3191);
#2642=LINE('',#7127,#3192);
#2643=LINE('',#7132,#3193);
#2644=LINE('',#7134,#3194);
#2645=LINE('',#7136,#3195);
#2646=LINE('',#7140,#3196);
#2647=LINE('',#7142,#3197);
#2648=LINE('',#7145,#3198);
#2649=LINE('',#7146,#3199);
#2650=LINE('',#7148,#3200);
#2651=LINE('',#7150,#3201);
#2652=LINE('',#7151,#3202);
#2653=LINE('',#7153,#3203);
#2654=LINE('',#7155,#3204);
#2655=LINE('',#7157,#3205);
#2656=LINE('',#7158,#3206);
#2657=LINE('',#7162,#3207);
#2658=LINE('',#7164,#3208);
#2659=LINE('',#7166,#3209);
#2660=LINE('',#7168,#3210);
#2661=LINE('',#7171,#3211);
#2662=LINE('',#7174,#3212);
#2663=LINE('',#7177,#3213);
#2664=LINE('',#7179,#3214);
#2665=LINE('',#7181,#3215);
#2666=LINE('',#7183,#3216);
#2667=LINE('',#7185,#3217);
#2668=LINE('',#7187,#3218);
#2669=LINE('',#7189,#3219);
#2670=LINE('',#7193,#3220);
#2671=LINE('',#7195,#3221);
#2672=LINE('',#7197,#3222);
#2673=LINE('',#7199,#3223);
#2674=LINE('',#7201,#3224);
#2675=LINE('',#7203,#3225);
#2676=LINE('',#7205,#3226);
#2677=LINE('',#7211,#3227);
#2678=LINE('',#7213,#3228);
#2679=LINE('',#7216,#3229);
#2680=LINE('',#7217,#3230);
#2681=LINE('',#7219,#3231);
#2682=LINE('',#7221,#3232);
#2683=LINE('',#7222,#3233);
#2684=LINE('',#7224,#3234);
#2685=LINE('',#7226,#3235);
#2686=LINE('',#7228,#3236);
#2687=LINE('',#7229,#3237);
#2688=LINE('',#7233,#3238);
#2689=LINE('',#7235,#3239);
#2690=LINE('',#7237,#3240);
#2691=LINE('',#7239,#3241);
#2692=LINE('',#7242,#3242);
#2693=LINE('',#7245,#3243);
#2694=LINE('',#7248,#3244);
#2695=LINE('',#7250,#3245);
#2696=LINE('',#7252,#3246);
#2697=LINE('',#7254,#3247);
#2698=LINE('',#7256,#3248);
#2699=LINE('',#7258,#3249);
#2700=LINE('',#7260,#3250);
#2701=LINE('',#7262,#3251);
#2702=LINE('',#7265,#3252);
#2703=LINE('',#7267,#3253);
#2704=LINE('',#7269,#3254);
#2705=LINE('',#7274,#3255);
#2706=LINE('',#7276,#3256);
#2707=LINE('',#7278,#3257);
#2708=LINE('',#7282,#3258);
#2709=LINE('',#7284,#3259);
#2710=LINE('',#7286,#3260);
#2711=LINE('',#7288,#3261);
#2712=LINE('',#7290,#3262);
#2713=LINE('',#7292,#3263);
#2714=LINE('',#7293,#3264);
#2715=LINE('',#7295,#3265);
#2716=LINE('',#7297,#3266);
#2717=LINE('',#7299,#3267);
#2718=LINE('',#7300,#3268);
#2719=LINE('',#7304,#3269);
#2720=LINE('',#7306,#3270);
#2721=LINE('',#7308,#3271);
#2722=LINE('',#7310,#3272);
#2723=LINE('',#7313,#3273);
#2724=LINE('',#7316,#3274);
#2725=LINE('',#7319,#3275);
#2726=LINE('',#7321,#3276);
#2727=LINE('',#7323,#3277);
#2728=LINE('',#7325,#3278);
#2729=LINE('',#7327,#3279);
#2730=LINE('',#7329,#3280);
#2731=LINE('',#7331,#3281);
#2732=LINE('',#7333,#3282);
#2733=LINE('',#7336,#3283);
#2734=LINE('',#7338,#3284);
#2735=LINE('',#7340,#3285);
#2736=LINE('',#7345,#3286);
#2737=LINE('',#7347,#3287);
#2738=LINE('',#7349,#3288);
#2739=LINE('',#7353,#3289);
#2740=LINE('',#7355,#3290);
#2741=LINE('',#7357,#3291);
#2742=LINE('',#7359,#3292);
#2743=LINE('',#7361,#3293);
#2744=LINE('',#7363,#3294);
#2745=LINE('',#7364,#3295);
#2746=LINE('',#7366,#3296);
#2747=LINE('',#7368,#3297);
#2748=LINE('',#7370,#3298);
#2749=LINE('',#7371,#3299);
#2750=LINE('',#7375,#3300);
#2751=LINE('',#7377,#3301);
#2752=LINE('',#7379,#3302);
#2753=LINE('',#7381,#3303);
#2754=LINE('',#7384,#3304);
#2755=LINE('',#7387,#3305);
#2756=LINE('',#7390,#3306);
#2757=LINE('',#7392,#3307);
#2758=LINE('',#7394,#3308);
#2759=LINE('',#7396,#3309);
#2760=LINE('',#7398,#3310);
#2761=LINE('',#7400,#3311);
#2762=LINE('',#7402,#3312);
#2763=LINE('',#7404,#3313);
#2764=LINE('',#7406,#3314);
#2765=LINE('',#7408,#3315);
#2766=LINE('',#7409,#3316);
#2767=LINE('',#7410,#3317);
#2768=LINE('',#7411,#3318);
#2769=LINE('',#7412,#3319);
#2770=LINE('',#7413,#3320);
#2771=LINE('',#7414,#3321);
#2772=LINE('',#7415,#3322);
#2773=LINE('',#7420,#3323);
#2774=LINE('',#7423,#3324);
#2775=LINE('',#7425,#3325);
#2776=LINE('',#7427,#3326);
#2777=LINE('',#7429,#3327);
#2778=LINE('',#7431,#3328);
#2779=LINE('',#7433,#3329);
#2780=LINE('',#7436,#3330);
#2781=LINE('',#7438,#3331);
#2782=LINE('',#7440,#3332);
#2783=LINE('',#7442,#3333);
#2784=LINE('',#7444,#3334);
#2785=LINE('',#7446,#3335);
#2786=LINE('',#7449,#3336);
#2787=LINE('',#7451,#3337);
#2788=LINE('',#7452,#3338);
#2789=LINE('',#7453,#3339);
#2790=LINE('',#7455,#3340);
#2791=LINE('',#7457,#3341);
#2792=LINE('',#7460,#3342);
#2793=LINE('',#7462,#3343);
#2794=LINE('',#7463,#3344);
#2795=LINE('',#7464,#3345);
#2796=LINE('',#7466,#3346);
#2797=LINE('',#7471,#3347);
#2798=LINE('',#7472,#3348);
#2799=LINE('',#7474,#3349);
#2800=LINE('',#7476,#3350);
#2801=LINE('',#7481,#3351);
#2802=LINE('',#7483,#3352);
#2803=LINE('',#7485,#3353);
#2804=LINE('',#7487,#3354);
#2805=LINE('',#7489,#3355);
#2806=LINE('',#7491,#3356);
#2807=LINE('',#7496,#3357);
#2808=LINE('',#7500,#3358);
#2809=LINE('',#7502,#3359);
#2810=LINE('',#7504,#3360);
#2811=LINE('',#7507,#3361);
#2812=LINE('',#7509,#3362);
#2813=LINE('',#7513,#3363);
#2814=LINE('',#7515,#3364);
#2815=LINE('',#7518,#3365);
#2816=LINE('',#7521,#3366);
#2817=LINE('',#7523,#3367);
#2818=LINE('',#7525,#3368);
#2819=LINE('',#7527,#3369);
#2820=LINE('',#7529,#3370);
#2821=LINE('',#7531,#3371);
#2822=LINE('',#7533,#3372);
#2823=LINE('',#7538,#3373);
#2824=LINE('',#7539,#3374);
#2825=LINE('',#7541,#3375);
#2826=LINE('',#7543,#3376);
#2827=LINE('',#7544,#3377);
#2828=LINE('',#7546,#3378);
#2829=LINE('',#7549,#3379);
#2830=LINE('',#7551,#3380);
#2831=LINE('',#7552,#3381);
#2832=LINE('',#7554,#3382);
#2833=LINE('',#7557,#3383);
#2834=LINE('',#7559,#3384);
#2835=LINE('',#7560,#3385);
#2836=LINE('',#7562,#3386);
#2837=LINE('',#7565,#3387);
#2838=LINE('',#7567,#3388);
#2839=LINE('',#7568,#3389);
#2840=LINE('',#7570,#3390);
#2841=LINE('',#7572,#3391);
#2842=LINE('',#7574,#3392);
#2843=LINE('',#7579,#3393);
#2844=LINE('',#7581,#3394);
#2845=LINE('',#7583,#3395);
#2846=LINE('',#7585,#3396);
#2847=LINE('',#7587,#3397);
#2848=LINE('',#7589,#3398);
#2849=LINE('',#7594,#3399);
#2850=LINE('',#7598,#3400);
#2851=LINE('',#7600,#3401);
#2852=LINE('',#7602,#3402);
#2853=LINE('',#7605,#3403);
#2854=LINE('',#7607,#3404);
#2855=LINE('',#7609,#3405);
#2856=LINE('',#7613,#3406);
#2857=LINE('',#7616,#3407);
#2858=LINE('',#7619,#3408);
#2859=LINE('',#7621,#3409);
#2860=LINE('',#7623,#3410);
#2861=LINE('',#7625,#3411);
#2862=LINE('',#7627,#3412);
#2863=LINE('',#7629,#3413);
#2864=LINE('',#7631,#3414);
#2865=LINE('',#7633,#3415);
#2866=LINE('',#7636,#3416);
#2867=LINE('',#7638,#3417);
#2868=LINE('',#7639,#3418);
#2869=LINE('',#7641,#3419);
#2870=LINE('',#7643,#3420);
#2871=LINE('',#7646,#3421);
#2872=LINE('',#7648,#3422);
#2873=LINE('',#7649,#3423);
#2874=LINE('',#7651,#3424);
#2875=LINE('',#7653,#3425);
#2876=LINE('',#7655,#3426);
#2877=LINE('',#7657,#3427);
#2878=LINE('',#7660,#3428);
#2879=LINE('',#7661,#3429);
#2880=LINE('',#7662,#3430);
#2881=LINE('',#7667,#3431);
#2882=LINE('',#7668,#3432);
#2883=LINE('',#7672,#3433);
#2884=LINE('',#7674,#3434);
#2885=LINE('',#7675,#3435);
#2886=LINE('',#7677,#3436);
#2887=LINE('',#7681,#3437);
#2888=LINE('',#7683,#3438);
#2889=LINE('',#7685,#3439);
#2890=LINE('',#7689,#3440);
#2891=LINE('',#7692,#3441);
#2892=LINE('',#7694,#3442);
#2893=LINE('',#7696,#3443);
#2894=LINE('',#7698,#3444);
#2895=LINE('',#7703,#3445);
#2896=LINE('',#7707,#3446);
#2897=LINE('',#7709,#3447);
#2898=LINE('',#7711,#3448);
#2899=LINE('',#7714,#3449);
#2900=LINE('',#7717,#3450);
#2901=LINE('',#7719,#3451);
#2902=LINE('',#7721,#3452);
#2903=LINE('',#7723,#3453);
#2904=LINE('',#7725,#3454);
#2905=LINE('',#7727,#3455);
#2906=LINE('',#7730,#3456);
#2907=LINE('',#7732,#3457);
#2908=LINE('',#7733,#3458);
#2909=LINE('',#7735,#3459);
#2910=LINE('',#7737,#3460);
#2911=LINE('',#7739,#3461);
#2912=LINE('',#7741,#3462);
#2913=LINE('',#7744,#3463);
#2914=LINE('',#7745,#3464);
#2915=LINE('',#7747,#3465);
#2916=LINE('',#7749,#3466);
#2917=LINE('',#7751,#3467);
#2918=LINE('',#7754,#3468);
#2919=LINE('',#7756,#3469);
#2920=LINE('',#7758,#3470);
#2921=LINE('',#7759,#3471);
#2922=LINE('',#7760,#3472);
#2923=LINE('',#7765,#3473);
#2924=LINE('',#7766,#3474);
#2925=LINE('',#7768,#3475);
#2926=LINE('',#7770,#3476);
#2927=LINE('',#7775,#3477);
#2928=LINE('',#7777,#3478);
#2929=LINE('',#7779,#3479);
#2930=LINE('',#7781,#3480);
#2931=LINE('',#7783,#3481);
#2932=LINE('',#7787,#3482);
#2933=LINE('',#7790,#3483);
#2934=LINE('',#7792,#3484);
#2935=LINE('',#7794,#3485);
#2936=LINE('',#7796,#3486);
#2937=LINE('',#7801,#3487);
#2938=LINE('',#7805,#3488);
#2939=LINE('',#7807,#3489);
#2940=LINE('',#7809,#3490);
#2941=LINE('',#7812,#3491);
#2942=LINE('',#7815,#3492);
#2943=LINE('',#7817,#3493);
#2944=LINE('',#7819,#3494);
#2945=LINE('',#7821,#3495);
#2946=LINE('',#7824,#3496);
#2947=LINE('',#7825,#3497);
#2948=LINE('',#7827,#3498);
#2949=LINE('',#7830,#3499);
#2950=LINE('',#7831,#3500);
#2951=LINE('',#7833,#3501);
#2952=LINE('',#7836,#3502);
#2953=LINE('',#7837,#3503);
#2954=LINE('',#7839,#3504);
#2955=LINE('',#7840,#3505);
#2956=LINE('',#7843,#3506);
#2957=LINE('',#7846,#3507);
#2958=LINE('',#7848,#3508);
#2959=LINE('',#7850,#3509);
#2960=LINE('',#7854,#3510);
#2961=LINE('',#7858,#3511);
#2962=LINE('',#7860,#3512);
#2963=LINE('',#7862,#3513);
#2964=LINE('',#7866,#3514);
#2965=LINE('',#7870,#3515);
#2966=LINE('',#7872,#3516);
#2967=LINE('',#7874,#3517);
#2968=LINE('',#7878,#3518);
#2969=LINE('',#7882,#3519);
#2970=LINE('',#7884,#3520);
#2971=LINE('',#7886,#3521);
#2972=LINE('',#7890,#3522);
#2973=LINE('',#7894,#3523);
#2974=LINE('',#7896,#3524);
#2975=LINE('',#7898,#3525);
#2976=LINE('',#7902,#3526);
#2977=LINE('',#7906,#3527);
#2978=LINE('',#7908,#3528);
#2979=LINE('',#7910,#3529);
#2980=LINE('',#7914,#3530);
#2981=LINE('',#7918,#3531);
#2982=LINE('',#7920,#3532);
#2983=LINE('',#7922,#3533);
#2984=LINE('',#7926,#3534);
#2985=LINE('',#7930,#3535);
#2986=LINE('',#7932,#3536);
#2987=LINE('',#7934,#3537);
#2988=LINE('',#7941,#3538);
#2989=LINE('',#7944,#3539);
#2990=LINE('',#7946,#3540);
#2991=LINE('',#7948,#3541);
#2992=LINE('',#7950,#3542);
#2993=LINE('',#7952,#3543);
#2994=LINE('',#7954,#3544);
#2995=LINE('',#7957,#3545);
#2996=LINE('',#7959,#3546);
#2997=LINE('',#7960,#3547);
#2998=LINE('',#7962,#3548);
#2999=LINE('',#7964,#3549);
#3000=LINE('',#7966,#3550);
#3001=LINE('',#7968,#3551);
#3002=LINE('',#7971,#3552);
#3003=LINE('',#7972,#3553);
#3004=LINE('',#7974,#3554);
#3005=LINE('',#7976,#3555);
#3006=LINE('',#7978,#3556);
#3007=LINE('',#7981,#3557);
#3008=LINE('',#7983,#3558);
#3009=LINE('',#7985,#3559);
#3010=LINE('',#7986,#3560);
#3011=LINE('',#7987,#3561);
#3012=LINE('',#7992,#3562);
#3013=LINE('',#7993,#3563);
#3014=LINE('',#7995,#3564);
#3015=LINE('',#7997,#3565);
#3016=LINE('',#8002,#3566);
#3017=LINE('',#8004,#3567);
#3018=LINE('',#8006,#3568);
#3019=LINE('',#8008,#3569);
#3020=LINE('',#8010,#3570);
#3021=LINE('',#8014,#3571);
#3022=LINE('',#8017,#3572);
#3023=LINE('',#8019,#3573);
#3024=LINE('',#8021,#3574);
#3025=LINE('',#8023,#3575);
#3026=LINE('',#8028,#3576);
#3027=LINE('',#8032,#3577);
#3028=LINE('',#8034,#3578);
#3029=LINE('',#8036,#3579);
#3030=LINE('',#8039,#3580);
#3031=LINE('',#8042,#3581);
#3032=LINE('',#8044,#3582);
#3033=LINE('',#8046,#3583);
#3034=LINE('',#8048,#3584);
#3035=LINE('',#8050,#3585);
#3036=LINE('',#8052,#3586);
#3037=LINE('',#8055,#3587);
#3038=LINE('',#8057,#3588);
#3039=LINE('',#8059,#3589);
#3040=LINE('',#8061,#3590);
#3041=LINE('',#8063,#3591);
#3042=LINE('',#8065,#3592);
#3043=LINE('',#8068,#3593);
#3044=LINE('',#8070,#3594);
#3045=LINE('',#8071,#3595);
#3046=LINE('',#8072,#3596);
#3047=LINE('',#8074,#3597);
#3048=LINE('',#8076,#3598);
#3049=LINE('',#8079,#3599);
#3050=LINE('',#8081,#3600);
#3051=LINE('',#8082,#3601);
#3052=LINE('',#8083,#3602);
#3053=LINE('',#8085,#3603);
#3054=LINE('',#8090,#3604);
#3055=LINE('',#8091,#3605);
#3056=LINE('',#8093,#3606);
#3057=LINE('',#8095,#3607);
#3058=LINE('',#8100,#3608);
#3059=LINE('',#8102,#3609);
#3060=LINE('',#8104,#3610);
#3061=LINE('',#8106,#3611);
#3062=LINE('',#8108,#3612);
#3063=LINE('',#8110,#3613);
#3064=LINE('',#8115,#3614);
#3065=LINE('',#8119,#3615);
#3066=LINE('',#8121,#3616);
#3067=LINE('',#8123,#3617);
#3068=LINE('',#8126,#3618);
#3069=LINE('',#8128,#3619);
#3070=LINE('',#8132,#3620);
#3071=LINE('',#8134,#3621);
#3072=VECTOR('',#5635,1000.);
#3073=VECTOR('',#5636,1000.);
#3074=VECTOR('',#5637,1000.);
#3075=VECTOR('',#5638,1000.);
#3076=VECTOR('',#5639,1000.);
#3077=VECTOR('',#5640,1000.);
#3078=VECTOR('',#5641,1000.);
#3079=VECTOR('',#5642,1000.);
#3080=VECTOR('',#5645,1000.);
#3081=VECTOR('',#5646,1000.);
#3082=VECTOR('',#5647,1000.);
#3083=VECTOR('',#5648,1000.);
#3084=VECTOR('',#5653,1000.);
#3085=VECTOR('',#5654,1000.);
#3086=VECTOR('',#5655,1000.);
#3087=VECTOR('',#5660,1000.);
#3088=VECTOR('',#5663,1000.);
#3089=VECTOR('',#5664,1000.);
#3090=VECTOR('',#5665,1000.);
#3091=VECTOR('',#5668,1000.);
#3092=VECTOR('',#5669,1000.);
#3093=VECTOR('',#5670,1000.);
#3094=VECTOR('',#5673,1000.);
#3095=VECTOR('',#5674,1000.);
#3096=VECTOR('',#5675,1000.);
#3097=VECTOR('',#5676,1000.);
#3098=VECTOR('',#5681,1000.);
#3099=VECTOR('',#5682,1000.);
#3100=VECTOR('',#5685,1000.);
#3101=VECTOR('',#5688,1000.);
#3102=VECTOR('',#5693,1000.);
#3103=VECTOR('',#5698,1000.);
#3104=VECTOR('',#5699,1000.);
#3105=VECTOR('',#5700,1000.);
#3106=VECTOR('',#5701,1000.);
#3107=VECTOR('',#5702,1000.);
#3108=VECTOR('',#5703,1000.);
#3109=VECTOR('',#5704,1000.);
#3110=VECTOR('',#5705,1000.);
#3111=VECTOR('',#5708,1000.);
#3112=VECTOR('',#5709,1000.);
#3113=VECTOR('',#5710,1000.);
#3114=VECTOR('',#5711,1000.);
#3115=VECTOR('',#5716,1000.);
#3116=VECTOR('',#5717,1000.);
#3117=VECTOR('',#5718,1000.);
#3118=VECTOR('',#5723,1000.);
#3119=VECTOR('',#5726,1000.);
#3120=VECTOR('',#5727,1000.);
#3121=VECTOR('',#5728,1000.);
#3122=VECTOR('',#5731,1000.);
#3123=VECTOR('',#5732,1000.);
#3124=VECTOR('',#5733,1000.);
#3125=VECTOR('',#5736,1000.);
#3126=VECTOR('',#5737,1000.);
#3127=VECTOR('',#5738,1000.);
#3128=VECTOR('',#5739,1000.);
#3129=VECTOR('',#5744,1000.);
#3130=VECTOR('',#5745,1000.);
#3131=VECTOR('',#5748,1000.);
#3132=VECTOR('',#5751,1000.);
#3133=VECTOR('',#5756,1000.);
#3134=VECTOR('',#5761,1000.);
#3135=VECTOR('',#5762,1000.);
#3136=VECTOR('',#5763,1000.);
#3137=VECTOR('',#5764,1000.);
#3138=VECTOR('',#5767,1000.);
#3139=VECTOR('',#5768,1000.);
#3140=VECTOR('',#5769,1000.);
#3141=VECTOR('',#5772,1000.);
#3142=VECTOR('',#5773,1000.);
#3143=VECTOR('',#5774,1000.);
#3144=VECTOR('',#5775,1000.);
#3145=VECTOR('',#5778,1000.);
#3146=VECTOR('',#5781,1000.);
#3147=VECTOR('',#5784,1000.);
#3148=VECTOR('',#5787,1000.);
#3149=VECTOR('',#5790,1000.);
#3150=VECTOR('',#5793,1000.);
#3151=VECTOR('',#5796,1000.);
#3152=VECTOR('',#5801,1000.);
#3153=VECTOR('',#5802,1000.);
#3154=VECTOR('',#5805,1000.);
#3155=VECTOR('',#5806,1000.);
#3156=VECTOR('',#5809,1000.);
#3157=VECTOR('',#5812,1000.);
#3158=VECTOR('',#5815,1000.);
#3159=VECTOR('',#5818,1000.);
#3160=VECTOR('',#5821,1000.);
#3161=VECTOR('',#5824,1000.);
#3162=VECTOR('',#5827,1000.);
#3163=VECTOR('',#5830,1000.);
#3164=VECTOR('',#5833,1000.);
#3165=VECTOR('',#5838,1000.);
#3166=VECTOR('',#5839,1000.);
#3167=VECTOR('',#5842,1000.);
#3168=VECTOR('',#5845,1000.);
#3169=VECTOR('',#5848,1000.);
#3170=VECTOR('',#5851,1000.);
#3171=VECTOR('',#5854,1000.);
#3172=VECTOR('',#5857,1000.);
#3173=VECTOR('',#5860,1000.);
#3174=VECTOR('',#5861,1000.);
#3175=VECTOR('',#5864,1000.);
#3176=VECTOR('',#5867,1000.);
#3177=VECTOR('',#5870,1000.);
#3178=VECTOR('',#5873,1000.);
#3179=VECTOR('',#5876,1000.);
#3180=VECTOR('',#5879,1000.);
#3181=VECTOR('',#5882,1000.);
#3182=VECTOR('',#5883,1000.);
#3183=VECTOR('',#5884,1000.);
#3184=VECTOR('',#5885,1000.);
#3185=VECTOR('',#5886,1000.);
#3186=VECTOR('',#5887,1000.);
#3187=VECTOR('',#5888,1000.);
#3188=VECTOR('',#5889,1000.);
#3189=VECTOR('',#5892,1000.);
#3190=VECTOR('',#5893,1000.);
#3191=VECTOR('',#5894,1000.);
#3192=VECTOR('',#5895,1000.);
#3193=VECTOR('',#5900,1000.);
#3194=VECTOR('',#5901,1000.);
#3195=VECTOR('',#5902,1000.);
#3196=VECTOR('',#5907,1000.);
#3197=VECTOR('',#5910,1000.);
#3198=VECTOR('',#5911,1000.);
#3199=VECTOR('',#5912,1000.);
#3200=VECTOR('',#5915,1000.);
#3201=VECTOR('',#5916,1000.);
#3202=VECTOR('',#5917,1000.);
#3203=VECTOR('',#5920,1000.);
#3204=VECTOR('',#5921,1000.);
#3205=VECTOR('',#5922,1000.);
#3206=VECTOR('',#5923,1000.);
#3207=VECTOR('',#5928,1000.);
#3208=VECTOR('',#5929,1000.);
#3209=VECTOR('',#5932,1000.);
#3210=VECTOR('',#5935,1000.);
#3211=VECTOR('',#5940,1000.);
#3212=VECTOR('',#5945,1000.);
#3213=VECTOR('',#5946,1000.);
#3214=VECTOR('',#5947,1000.);
#3215=VECTOR('',#5948,1000.);
#3216=VECTOR('',#5949,1000.);
#3217=VECTOR('',#5950,1000.);
#3218=VECTOR('',#5951,1000.);
#3219=VECTOR('',#5952,1000.);
#3220=VECTOR('',#5957,1000.);
#3221=VECTOR('',#5958,1000.);
#3222=VECTOR('',#5959,1000.);
#3223=VECTOR('',#5960,1000.);
#3224=VECTOR('',#5961,1000.);
#3225=VECTOR('',#5962,1000.);
#3226=VECTOR('',#5963,1000.);
#3227=VECTOR('',#5970,1000.);
#3228=VECTOR('',#5973,1000.);
#3229=VECTOR('',#5974,1000.);
#3230=VECTOR('',#5975,1000.);
#3231=VECTOR('',#5978,1000.);
#3232=VECTOR('',#5979,1000.);
#3233=VECTOR('',#5980,1000.);
#3234=VECTOR('',#5983,1000.);
#3235=VECTOR('',#5984,1000.);
#3236=VECTOR('',#5985,1000.);
#3237=VECTOR('',#5986,1000.);
#3238=VECTOR('',#5991,1000.);
#3239=VECTOR('',#5992,1000.);
#3240=VECTOR('',#5995,1000.);
#3241=VECTOR('',#5998,1000.);
#3242=VECTOR('',#6003,1000.);
#3243=VECTOR('',#6008,1000.);
#3244=VECTOR('',#6009,1000.);
#3245=VECTOR('',#6010,1000.);
#3246=VECTOR('',#6011,1000.);
#3247=VECTOR('',#6012,1000.);
#3248=VECTOR('',#6013,1000.);
#3249=VECTOR('',#6014,1000.);
#3250=VECTOR('',#6015,1000.);
#3251=VECTOR('',#6018,1000.);
#3252=VECTOR('',#6019,1000.);
#3253=VECTOR('',#6020,1000.);
#3254=VECTOR('',#6021,1000.);
#3255=VECTOR('',#6026,1000.);
#3256=VECTOR('',#6027,1000.);
#3257=VECTOR('',#6028,1000.);
#3258=VECTOR('',#6033,1000.);
#3259=VECTOR('',#6036,1000.);
#3260=VECTOR('',#6037,1000.);
#3261=VECTOR('',#6038,1000.);
#3262=VECTOR('',#6041,1000.);
#3263=VECTOR('',#6042,1000.);
#3264=VECTOR('',#6043,1000.);
#3265=VECTOR('',#6046,1000.);
#3266=VECTOR('',#6047,1000.);
#3267=VECTOR('',#6048,1000.);
#3268=VECTOR('',#6049,1000.);
#3269=VECTOR('',#6054,1000.);
#3270=VECTOR('',#6055,1000.);
#3271=VECTOR('',#6058,1000.);
#3272=VECTOR('',#6061,1000.);
#3273=VECTOR('',#6066,1000.);
#3274=VECTOR('',#6071,1000.);
#3275=VECTOR('',#6072,1000.);
#3276=VECTOR('',#6073,1000.);
#3277=VECTOR('',#6074,1000.);
#3278=VECTOR('',#6075,1000.);
#3279=VECTOR('',#6076,1000.);
#3280=VECTOR('',#6077,1000.);
#3281=VECTOR('',#6078,1000.);
#3282=VECTOR('',#6081,1000.);
#3283=VECTOR('',#6082,1000.);
#3284=VECTOR('',#6083,1000.);
#3285=VECTOR('',#6084,1000.);
#3286=VECTOR('',#6089,1000.);
#3287=VECTOR('',#6090,1000.);
#3288=VECTOR('',#6091,1000.);
#3289=VECTOR('',#6096,1000.);
#3290=VECTOR('',#6099,1000.);
#3291=VECTOR('',#6100,1000.);
#3292=VECTOR('',#6101,1000.);
#3293=VECTOR('',#6104,1000.);
#3294=VECTOR('',#6105,1000.);
#3295=VECTOR('',#6106,1000.);
#3296=VECTOR('',#6109,1000.);
#3297=VECTOR('',#6110,1000.);
#3298=VECTOR('',#6111,1000.);
#3299=VECTOR('',#6112,1000.);
#3300=VECTOR('',#6117,1000.);
#3301=VECTOR('',#6118,1000.);
#3302=VECTOR('',#6121,1000.);
#3303=VECTOR('',#6124,1000.);
#3304=VECTOR('',#6129,1000.);
#3305=VECTOR('',#6134,1000.);
#3306=VECTOR('',#6135,1000.);
#3307=VECTOR('',#6136,1000.);
#3308=VECTOR('',#6137,1000.);
#3309=VECTOR('',#6140,1000.);
#3310=VECTOR('',#6141,1000.);
#3311=VECTOR('',#6142,1000.);
#3312=VECTOR('',#6145,1000.);
#3313=VECTOR('',#6146,1000.);
#3314=VECTOR('',#6147,1000.);
#3315=VECTOR('',#6150,1000.);
#3316=VECTOR('',#6151,1000.);
#3317=VECTOR('',#6152,1000.);
#3318=VECTOR('',#6153,1000.);
#3319=VECTOR('',#6154,1000.);
#3320=VECTOR('',#6155,1000.);
#3321=VECTOR('',#6156,1000.);
#3322=VECTOR('',#6157,1000.);
#3323=VECTOR('',#6166,1000.);
#3324=VECTOR('',#6167,1000.);
#3325=VECTOR('',#6168,1000.);
#3326=VECTOR('',#6169,1000.);
#3327=VECTOR('',#6170,1000.);
#3328=VECTOR('',#6171,1000.);
#3329=VECTOR('',#6174,1000.);
#3330=VECTOR('',#6175,1000.);
#3331=VECTOR('',#6176,1000.);
#3332=VECTOR('',#6177,1000.);
#3333=VECTOR('',#6178,1000.);
#3334=VECTOR('',#6179,1000.);
#3335=VECTOR('',#6182,1000.);
#3336=VECTOR('',#6183,1000.);
#3337=VECTOR('',#6184,1000.);
#3338=VECTOR('',#6185,1000.);
#3339=VECTOR('',#6186,1000.);
#3340=VECTOR('',#6187,1000.);
#3341=VECTOR('',#6190,1000.);
#3342=VECTOR('',#6191,1000.);
#3343=VECTOR('',#6192,1000.);
#3344=VECTOR('',#6193,1000.);
#3345=VECTOR('',#6194,1000.);
#3346=VECTOR('',#6195,1000.);
#3347=VECTOR('',#6200,1000.);
#3348=VECTOR('',#6201,1000.);
#3349=VECTOR('',#6204,1000.);
#3350=VECTOR('',#6205,1000.);
#3351=VECTOR('',#6210,1000.);
#3352=VECTOR('',#6211,1000.);
#3353=VECTOR('',#6214,1000.);
#3354=VECTOR('',#6215,1000.);
#3355=VECTOR('',#6218,1000.);
#3356=VECTOR('',#6219,1000.);
#3357=VECTOR('',#6228,1000.);
#3358=VECTOR('',#6233,1000.);
#3359=VECTOR('',#6234,1000.);
#3360=VECTOR('',#6237,1000.);
#3361=VECTOR('',#6242,1000.);
#3362=VECTOR('',#6243,1000.);
#3363=VECTOR('',#6248,1000.);
#3364=VECTOR('',#6251,1000.);
#3365=VECTOR('',#6256,1000.);
#3366=VECTOR('',#6257,1000.);
#3367=VECTOR('',#6258,1000.);
#3368=VECTOR('',#6259,1000.);
#3369=VECTOR('',#6260,1000.);
#3370=VECTOR('',#6261,1000.);
#3371=VECTOR('',#6262,1000.);
#3372=VECTOR('',#6263,1000.);
#3373=VECTOR('',#6268,1000.);
#3374=VECTOR('',#6269,1000.);
#3375=VECTOR('',#6270,1000.);
#3376=VECTOR('',#6271,1000.);
#3377=VECTOR('',#6272,1000.);
#3378=VECTOR('',#6275,1000.);
#3379=VECTOR('',#6276,1000.);
#3380=VECTOR('',#6277,1000.);
#3381=VECTOR('',#6278,1000.);
#3382=VECTOR('',#6281,1000.);
#3383=VECTOR('',#6282,1000.);
#3384=VECTOR('',#6283,1000.);
#3385=VECTOR('',#6284,1000.);
#3386=VECTOR('',#6287,1000.);
#3387=VECTOR('',#6288,1000.);
#3388=VECTOR('',#6289,1000.);
#3389=VECTOR('',#6290,1000.);
#3390=VECTOR('',#6291,1000.);
#3391=VECTOR('',#6294,1000.);
#3392=VECTOR('',#6295,1000.);
#3393=VECTOR('',#6300,1000.);
#3394=VECTOR('',#6301,1000.);
#3395=VECTOR('',#6304,1000.);
#3396=VECTOR('',#6305,1000.);
#3397=VECTOR('',#6308,1000.);
#3398=VECTOR('',#6309,1000.);
#3399=VECTOR('',#6318,1000.);
#3400=VECTOR('',#6323,1000.);
#3401=VECTOR('',#6324,1000.);
#3402=VECTOR('',#6327,1000.);
#3403=VECTOR('',#6332,1000.);
#3404=VECTOR('',#6333,1000.);
#3405=VECTOR('',#6336,1000.);
#3406=VECTOR('',#6341,1000.);
#3407=VECTOR('',#6346,1000.);
#3408=VECTOR('',#6347,1000.);
#3409=VECTOR('',#6348,1000.);
#3410=VECTOR('',#6349,1000.);
#3411=VECTOR('',#6350,1000.);
#3412=VECTOR('',#6351,1000.);
#3413=VECTOR('',#6352,1000.);
#3414=VECTOR('',#6353,1000.);
#3415=VECTOR('',#6356,1000.);
#3416=VECTOR('',#6357,1000.);
#3417=VECTOR('',#6358,1000.);
#3418=VECTOR('',#6359,1000.);
#3419=VECTOR('',#6360,1000.);
#3420=VECTOR('',#6363,1000.);
#3421=VECTOR('',#6364,1000.);
#3422=VECTOR('',#6365,1000.);
#3423=VECTOR('',#6366,1000.);
#3424=VECTOR('',#6367,1000.);
#3425=VECTOR('',#6368,1000.);
#3426=VECTOR('',#6369,1000.);
#3427=VECTOR('',#6372,1000.);
#3428=VECTOR('',#6373,1000.);
#3429=VECTOR('',#6374,1000.);
#3430=VECTOR('',#6375,1000.);
#3431=VECTOR('',#6380,1000.);
#3432=VECTOR('',#6381,1000.);
#3433=VECTOR('',#6386,1000.);
#3434=VECTOR('',#6387,1000.);
#3435=VECTOR('',#6388,1000.);
#3436=VECTOR('',#6389,1000.);
#3437=VECTOR('',#6394,1000.);
#3438=VECTOR('',#6395,1000.);
#3439=VECTOR('',#6398,1000.);
#3440=VECTOR('',#6403,1000.);
#3441=VECTOR('',#6408,1000.);
#3442=VECTOR('',#6409,1000.);
#3443=VECTOR('',#6412,1000.);
#3444=VECTOR('',#6413,1000.);
#3445=VECTOR('',#6422,1000.);
#3446=VECTOR('',#6425,1000.);
#3447=VECTOR('',#6428,1000.);
#3448=VECTOR('',#6431,1000.);
#3449=VECTOR('',#6436,1000.);
#3450=VECTOR('',#6437,1000.);
#3451=VECTOR('',#6438,1000.);
#3452=VECTOR('',#6439,1000.);
#3453=VECTOR('',#6440,1000.);
#3454=VECTOR('',#6441,1000.);
#3455=VECTOR('',#6444,1000.);
#3456=VECTOR('',#6445,1000.);
#3457=VECTOR('',#6446,1000.);
#3458=VECTOR('',#6447,1000.);
#3459=VECTOR('',#6448,1000.);
#3460=VECTOR('',#6449,1000.);
#3461=VECTOR('',#6450,1000.);
#3462=VECTOR('',#6453,1000.);
#3463=VECTOR('',#6454,1000.);
#3464=VECTOR('',#6455,1000.);
#3465=VECTOR('',#6456,1000.);
#3466=VECTOR('',#6457,1000.);
#3467=VECTOR('',#6460,1000.);
#3468=VECTOR('',#6461,1000.);
#3469=VECTOR('',#6462,1000.);
#3470=VECTOR('',#6463,1000.);
#3471=VECTOR('',#6464,1000.);
#3472=VECTOR('',#6465,1000.);
#3473=VECTOR('',#6470,1000.);
#3474=VECTOR('',#6471,1000.);
#3475=VECTOR('',#6474,1000.);
#3476=VECTOR('',#6475,1000.);
#3477=VECTOR('',#6480,1000.);
#3478=VECTOR('',#6481,1000.);
#3479=VECTOR('',#6484,1000.);
#3480=VECTOR('',#6485,1000.);
#3481=VECTOR('',#6488,1000.);
#3482=VECTOR('',#6493,1000.);
#3483=VECTOR('',#6498,1000.);
#3484=VECTOR('',#6499,1000.);
#3485=VECTOR('',#6502,1000.);
#3486=VECTOR('',#6503,1000.);
#3487=VECTOR('',#6512,1000.);
#3488=VECTOR('',#6515,1000.);
#3489=VECTOR('',#6518,1000.);
#3490=VECTOR('',#6521,1000.);
#3491=VECTOR('',#6526,1000.);
#3492=VECTOR('',#6527,1000.);
#3493=VECTOR('',#6528,1000.);
#3494=VECTOR('',#6529,1000.);
#3495=VECTOR('',#6532,1000.);
#3496=VECTOR('',#6533,1000.);
#3497=VECTOR('',#6534,1000.);
#3498=VECTOR('',#6537,1000.);
#3499=VECTOR('',#6538,1000.);
#3500=VECTOR('',#6539,1000.);
#3501=VECTOR('',#6542,1000.);
#3502=VECTOR('',#6543,1000.);
#3503=VECTOR('',#6544,1000.);
#3504=VECTOR('',#6547,1000.);
#3505=VECTOR('',#6548,1000.);
#3506=VECTOR('',#6553,1000.);
#3507=VECTOR('',#6554,1000.);
#3508=VECTOR('',#6555,1000.);
#3509=VECTOR('',#6556,1000.);
#3510=VECTOR('',#6561,1000.);
#3511=VECTOR('',#6566,1000.);
#3512=VECTOR('',#6567,1000.);
#3513=VECTOR('',#6568,1000.);
#3514=VECTOR('',#6573,1000.);
#3515=VECTOR('',#6578,1000.);
#3516=VECTOR('',#6579,1000.);
#3517=VECTOR('',#6580,1000.);
#3518=VECTOR('',#6585,1000.);
#3519=VECTOR('',#6590,1000.);
#3520=VECTOR('',#6591,1000.);
#3521=VECTOR('',#6592,1000.);
#3522=VECTOR('',#6597,1000.);
#3523=VECTOR('',#6602,1000.);
#3524=VECTOR('',#6603,1000.);
#3525=VECTOR('',#6604,1000.);
#3526=VECTOR('',#6609,1000.);
#3527=VECTOR('',#6614,1000.);
#3528=VECTOR('',#6615,1000.);
#3529=VECTOR('',#6616,1000.);
#3530=VECTOR('',#6621,1000.);
#3531=VECTOR('',#6626,1000.);
#3532=VECTOR('',#6627,1000.);
#3533=VECTOR('',#6628,1000.);
#3534=VECTOR('',#6633,1000.);
#3535=VECTOR('',#6638,1000.);
#3536=VECTOR('',#6639,1000.);
#3537=VECTOR('',#6640,1000.);
#3538=VECTOR('',#6653,1000.);
#3539=VECTOR('',#6654,1000.);
#3540=VECTOR('',#6655,1000.);
#3541=VECTOR('',#6656,1000.);
#3542=VECTOR('',#6657,1000.);
#3543=VECTOR('',#6658,1000.);
#3544=VECTOR('',#6661,1000.);
#3545=VECTOR('',#6662,1000.);
#3546=VECTOR('',#6663,1000.);
#3547=VECTOR('',#6664,1000.);
#3548=VECTOR('',#6665,1000.);
#3549=VECTOR('',#6666,1000.);
#3550=VECTOR('',#6667,1000.);
#3551=VECTOR('',#6670,1000.);
#3552=VECTOR('',#6671,1000.);
#3553=VECTOR('',#6672,1000.);
#3554=VECTOR('',#6673,1000.);
#3555=VECTOR('',#6674,1000.);
#3556=VECTOR('',#6677,1000.);
#3557=VECTOR('',#6678,1000.);
#3558=VECTOR('',#6679,1000.);
#3559=VECTOR('',#6680,1000.);
#3560=VECTOR('',#6681,1000.);
#3561=VECTOR('',#6682,1000.);
#3562=VECTOR('',#6687,1000.);
#3563=VECTOR('',#6688,1000.);
#3564=VECTOR('',#6691,1000.);
#3565=VECTOR('',#6692,1000.);
#3566=VECTOR('',#6697,1000.);
#3567=VECTOR('',#6698,1000.);
#3568=VECTOR('',#6701,1000.);
#3569=VECTOR('',#6702,1000.);
#3570=VECTOR('',#6705,1000.);
#3571=VECTOR('',#6710,1000.);
#3572=VECTOR('',#6715,1000.);
#3573=VECTOR('',#6716,1000.);
#3574=VECTOR('',#6719,1000.);
#3575=VECTOR('',#6720,1000.);
#3576=VECTOR('',#6729,1000.);
#3577=VECTOR('',#6732,1000.);
#3578=VECTOR('',#6735,1000.);
#3579=VECTOR('',#6738,1000.);
#3580=VECTOR('',#6743,1000.);
#3581=VECTOR('',#6744,1000.);
#3582=VECTOR('',#6745,1000.);
#3583=VECTOR('',#6746,1000.);
#3584=VECTOR('',#6747,1000.);
#3585=VECTOR('',#6748,1000.);
#3586=VECTOR('',#6751,1000.);
#3587=VECTOR('',#6752,1000.);
#3588=VECTOR('',#6753,1000.);
#3589=VECTOR('',#6754,1000.);
#3590=VECTOR('',#6755,1000.);
#3591=VECTOR('',#6756,1000.);
#3592=VECTOR('',#6759,1000.);
#3593=VECTOR('',#6760,1000.);
#3594=VECTOR('',#6761,1000.);
#3595=VECTOR('',#6762,1000.);
#3596=VECTOR('',#6763,1000.);
#3597=VECTOR('',#6764,1000.);
#3598=VECTOR('',#6767,1000.);
#3599=VECTOR('',#6768,1000.);
#3600=VECTOR('',#6769,1000.);
#3601=VECTOR('',#6770,1000.);
#3602=VECTOR('',#6771,1000.);
#3603=VECTOR('',#6772,1000.);
#3604=VECTOR('',#6777,1000.);
#3605=VECTOR('',#6778,1000.);
#3606=VECTOR('',#6781,1000.);
#3607=VECTOR('',#6782,1000.);
#3608=VECTOR('',#6787,1000.);
#3609=VECTOR('',#6788,1000.);
#3610=VECTOR('',#6791,1000.);
#3611=VECTOR('',#6792,1000.);
#3612=VECTOR('',#6795,1000.);
#3613=VECTOR('',#6796,1000.);
#3614=VECTOR('',#6805,1000.);
#3615=VECTOR('',#6810,1000.);
#3616=VECTOR('',#6811,1000.);
#3617=VECTOR('',#6814,1000.);
#3618=VECTOR('',#6819,1000.);
#3619=VECTOR('',#6820,1000.);
#3620=VECTOR('',#6825,1000.);
#3621=VECTOR('',#6828,1000.);
#3622=EDGE_LOOP('',(#168,#169,#170,#171,#172,#173,#174,#175));
#3623=EDGE_LOOP('',(#176,#177,#178,#179,#180,#181,#182,#183,#184,#185));
#3624=EDGE_LOOP('',(#186,#187,#188,#189));
#3625=EDGE_LOOP('',(#190,#191,#192,#193,#194));
#3626=EDGE_LOOP('',(#195,#196,#197,#198,#199,#200));
#3627=EDGE_LOOP('',(#201,#202,#203,#204,#205,#206));
#3628=EDGE_LOOP('',(#207,#208,#209,#210,#211));
#3629=EDGE_LOOP('',(#212,#213,#214,#215));
#3630=EDGE_LOOP('',(#216,#217,#218,#219));
#3631=EDGE_LOOP('',(#220,#221,#222,#223));
#3632=EDGE_LOOP('',(#224,#225,#226,#227));
#3633=EDGE_LOOP('',(#228,#229,#230,#231));
#3634=EDGE_LOOP('',(#232,#233,#234,#235,#236,#237,#238,#239));
#3635=EDGE_LOOP('',(#240,#241,#242,#243,#244,#245,#246,#247,#248,#249));
#3636=EDGE_LOOP('',(#250,#251,#252,#253));
#3637=EDGE_LOOP('',(#254,#255,#256,#257,#258));
#3638=EDGE_LOOP('',(#259,#260,#261,#262,#263,#264));
#3639=EDGE_LOOP('',(#265,#266,#267,#268,#269,#270));
#3640=EDGE_LOOP('',(#271,#272,#273,#274,#275));
#3641=EDGE_LOOP('',(#276,#277,#278,#279));
#3642=EDGE_LOOP('',(#280,#281,#282,#283));
#3643=EDGE_LOOP('',(#284,#285,#286,#287));
#3644=EDGE_LOOP('',(#288,#289,#290,#291));
#3645=EDGE_LOOP('',(#292,#293,#294,#295));
#3646=EDGE_LOOP('',(#296,#297,#298,#299));
#3647=EDGE_LOOP('',(#300,#301,#302,#303));
#3648=EDGE_LOOP('',(#304,#305,#306,#307,#308));
#3649=EDGE_LOOP('',(#309,#310,#311,#312,#313,#314,#315,#316,#317,#318,#319,
#320,#321,#322,#323,#324));
#3650=EDGE_LOOP('',(#325,#326,#327,#328));
#3651=EDGE_LOOP('',(#329,#330,#331,#332));
#3652=EDGE_LOOP('',(#333,#334,#335,#336));
#3653=EDGE_LOOP('',(#337,#338,#339,#340,#341,#342,#343,#344,#345,#346,#347,
#348,#349,#350,#351,#352));
#3654=EDGE_LOOP('',(#353,#354,#355,#356));
#3655=EDGE_LOOP('',(#357,#358,#359,#360));
#3656=EDGE_LOOP('',(#361,#362,#363,#364));
#3657=EDGE_LOOP('',(#365,#366,#367,#368));
#3658=EDGE_LOOP('',(#369,#370,#371,#372));
#3659=EDGE_LOOP('',(#373,#374,#375,#376));
#3660=EDGE_LOOP('',(#377,#378,#379,#380));
#3661=EDGE_LOOP('',(#381,#382,#383,#384));
#3662=EDGE_LOOP('',(#385,#386,#387,#388));
#3663=EDGE_LOOP('',(#389,#390,#391,#392));
#3664=EDGE_LOOP('',(#393,#394,#395,#396));
#3665=EDGE_LOOP('',(#397,#398,#399,#400));
#3666=EDGE_LOOP('',(#401,#402,#403,#404));
#3667=EDGE_LOOP('',(#405,#406,#407,#408));
#3668=EDGE_LOOP('',(#409,#410,#411,#412,#413,#414,#415,#416));
#3669=EDGE_LOOP('',(#417,#418,#419,#420,#421,#422,#423,#424,#425,#426));
#3670=EDGE_LOOP('',(#427,#428,#429,#430));
#3671=EDGE_LOOP('',(#431,#432,#433,#434,#435));
#3672=EDGE_LOOP('',(#436,#437,#438,#439,#440,#441));
#3673=EDGE_LOOP('',(#442,#443,#444,#445,#446,#447));
#3674=EDGE_LOOP('',(#448,#449,#450,#451,#452));
#3675=EDGE_LOOP('',(#453,#454,#455,#456));
#3676=EDGE_LOOP('',(#457,#458,#459,#460));
#3677=EDGE_LOOP('',(#461,#462,#463,#464));
#3678=EDGE_LOOP('',(#465,#466,#467,#468));
#3679=EDGE_LOOP('',(#469,#470,#471,#472));
#3680=EDGE_LOOP('',(#473,#474,#475,#476,#477,#478,#479,#480));
#3681=EDGE_LOOP('',(#481,#482,#483,#484,#485,#486,#487,#488,#489,#490));
#3682=EDGE_LOOP('',(#491,#492,#493,#494));
#3683=EDGE_LOOP('',(#495,#496,#497,#498,#499));
#3684=EDGE_LOOP('',(#500,#501,#502,#503,#504,#505));
#3685=EDGE_LOOP('',(#506,#507,#508,#509,#510,#511));
#3686=EDGE_LOOP('',(#512,#513,#514,#515,#516));
#3687=EDGE_LOOP('',(#517,#518,#519,#520));
#3688=EDGE_LOOP('',(#521,#522,#523,#524));
#3689=EDGE_LOOP('',(#525,#526,#527,#528));
#3690=EDGE_LOOP('',(#529,#530,#531,#532));
#3691=EDGE_LOOP('',(#533,#534,#535,#536));
#3692=EDGE_LOOP('',(#537,#538,#539,#540,#541,#542,#543,#544));
#3693=EDGE_LOOP('',(#545,#546,#547,#548,#549,#550,#551,#552,#553,#554));
#3694=EDGE_LOOP('',(#555,#556,#557,#558));
#3695=EDGE_LOOP('',(#559,#560,#561,#562,#563));
#3696=EDGE_LOOP('',(#564,#565,#566,#567,#568,#569));
#3697=EDGE_LOOP('',(#570,#571,#572,#573,#574,#575));
#3698=EDGE_LOOP('',(#576,#577,#578,#579,#580));
#3699=EDGE_LOOP('',(#581,#582,#583,#584));
#3700=EDGE_LOOP('',(#585,#586,#587,#588));
#3701=EDGE_LOOP('',(#589,#590,#591,#592));
#3702=EDGE_LOOP('',(#593,#594,#595,#596));
#3703=EDGE_LOOP('',(#597,#598,#599,#600));
#3704=EDGE_LOOP('',(#601,#602,#603,#604,#605,#606,#607,#608));
#3705=EDGE_LOOP('',(#609,#610,#611,#612,#613,#614,#615,#616,#617,#618));
#3706=EDGE_LOOP('',(#619,#620,#621,#622));
#3707=EDGE_LOOP('',(#623,#624,#625,#626,#627));
#3708=EDGE_LOOP('',(#628,#629,#630,#631,#632,#633));
#3709=EDGE_LOOP('',(#634,#635,#636,#637,#638,#639));
#3710=EDGE_LOOP('',(#640,#641,#642,#643,#644));
#3711=EDGE_LOOP('',(#645,#646,#647,#648));
#3712=EDGE_LOOP('',(#649,#650,#651,#652));
#3713=EDGE_LOOP('',(#653,#654,#655,#656));
#3714=EDGE_LOOP('',(#657,#658,#659,#660));
#3715=EDGE_LOOP('',(#661,#662,#663,#664));
#3716=EDGE_LOOP('',(#665,#666,#667,#668));
#3717=EDGE_LOOP('',(#669,#670,#671,#672));
#3718=EDGE_LOOP('',(#673,#674,#675,#676));
#3719=EDGE_LOOP('',(#677,#678,#679,#680));
#3720=EDGE_LOOP('',(#681,#682,#683,#684));
#3721=EDGE_LOOP('',(#685,#686,#687,#688,#689));
#3722=EDGE_LOOP('',(#690,#691,#692,#693,#694,#695,#696,#697,#698,#699,#700,
#701,#702,#703,#704,#705,#706,#707,#708,#709,#710,#711,#712,#713,#714,#715,
#716,#717));
#3723=EDGE_LOOP('',(#718,#719,#720,#721,#722,#723,#724,#725,#726,#727,#728,
#729,#730,#731,#732,#733));
#3724=EDGE_LOOP('',(#734,#735,#736,#737,#738,#739,#740,#741,#742,#743,#744,
#745,#746,#747,#748,#749));
#3725=EDGE_LOOP('',(#750,#751,#752,#753,#754,#755));
#3726=EDGE_LOOP('',(#756,#757,#758,#759,#760,#761));
#3727=EDGE_LOOP('',(#762,#763,#764,#765,#766,#767,#768,#769));
#3728=EDGE_LOOP('',(#770,#771,#772,#773,#774,#775,#776,#777));
#3729=EDGE_LOOP('',(#778,#779,#780,#781,#782,#783,#784,#785));
#3730=EDGE_LOOP('',(#786,#787,#788,#789,#790,#791,#792,#793,#794,#795));
#3731=EDGE_LOOP('',(#796,#797,#798,#799));
#3732=EDGE_LOOP('',(#800,#801,#802,#803));
#3733=EDGE_LOOP('',(#804,#805,#806,#807));
#3734=EDGE_LOOP('',(#808,#809,#810,#811,#812));
#3735=EDGE_LOOP('',(#813,#814,#815,#816));
#3736=EDGE_LOOP('',(#817,#818,#819,#820));
#3737=EDGE_LOOP('',(#821,#822,#823,#824));
#3738=EDGE_LOOP('',(#825,#826,#827,#828,#829));
#3739=EDGE_LOOP('',(#830,#831,#832,#833));
#3740=EDGE_LOOP('',(#834,#835,#836,#837));
#3741=EDGE_LOOP('',(#838,#839,#840,#841));
#3742=EDGE_LOOP('',(#842,#843,#844,#845));
#3743=EDGE_LOOP('',(#846,#847,#848,#849,#850,#851,#852,#853));
#3744=EDGE_LOOP('',(#854,#855,#856,#857,#858,#859,#860,#861));
#3745=EDGE_LOOP('',(#862,#863,#864,#865,#866,#867));
#3746=EDGE_LOOP('',(#868,#869,#870,#871,#872,#873));
#3747=EDGE_LOOP('',(#874,#875,#876,#877,#878,#879,#880,#881));
#3748=EDGE_LOOP('',(#882,#883,#884,#885,#886,#887,#888,#889,#890,#891));
#3749=EDGE_LOOP('',(#892,#893,#894,#895));
#3750=EDGE_LOOP('',(#896,#897,#898,#899));
#3751=EDGE_LOOP('',(#900,#901,#902,#903));
#3752=EDGE_LOOP('',(#904,#905,#906,#907,#908));
#3753=EDGE_LOOP('',(#909,#910,#911,#912));
#3754=EDGE_LOOP('',(#913,#914,#915,#916));
#3755=EDGE_LOOP('',(#917,#918,#919,#920));
#3756=EDGE_LOOP('',(#921,#922,#923,#924,#925));
#3757=EDGE_LOOP('',(#926,#927,#928,#929));
#3758=EDGE_LOOP('',(#930,#931,#932,#933));
#3759=EDGE_LOOP('',(#934,#935,#936,#937));
#3760=EDGE_LOOP('',(#938,#939,#940,#941));
#3761=EDGE_LOOP('',(#942,#943,#944,#945,#946,#947,#948,#949));
#3762=EDGE_LOOP('',(#950,#951,#952,#953,#954,#955));
#3763=EDGE_LOOP('',(#956,#957,#958,#959,#960,#961,#962,#963));
#3764=EDGE_LOOP('',(#964,#965,#966,#967,#968,#969));
#3765=EDGE_LOOP('',(#970,#971,#972,#973,#974,#975,#976,#977));
#3766=EDGE_LOOP('',(#978,#979,#980,#981,#982,#983,#984,#985,#986,#987));
#3767=EDGE_LOOP('',(#988,#989,#990,#991));
#3768=EDGE_LOOP('',(#992,#993,#994,#995));
#3769=EDGE_LOOP('',(#996,#997,#998,#999));
#3770=EDGE_LOOP('',(#1000,#1001,#1002,#1003,#1004));
#3771=EDGE_LOOP('',(#1005,#1006,#1007,#1008));
#3772=EDGE_LOOP('',(#1009,#1010,#1011,#1012));
#3773=EDGE_LOOP('',(#1013,#1014,#1015,#1016));
#3774=EDGE_LOOP('',(#1017,#1018,#1019,#1020,#1021));
#3775=EDGE_LOOP('',(#1022,#1023,#1024,#1025));
#3776=EDGE_LOOP('',(#1026,#1027,#1028,#1029));
#3777=EDGE_LOOP('',(#1030,#1031,#1032,#1033));
#3778=EDGE_LOOP('',(#1034,#1035,#1036,#1037));
#3779=EDGE_LOOP('',(#1038,#1039,#1040,#1041,#1042,#1043));
#3780=EDGE_LOOP('',(#1044,#1045,#1046,#1047,#1048,#1049,#1050,#1051));
#3781=EDGE_LOOP('',(#1052,#1053,#1054,#1055,#1056,#1057));
#3782=EDGE_LOOP('',(#1058,#1059,#1060,#1061,#1062,#1063,#1064,#1065));
#3783=EDGE_LOOP('',(#1066,#1067,#1068,#1069,#1070,#1071,#1072,#1073));
#3784=EDGE_LOOP('',(#1074,#1075,#1076,#1077,#1078,#1079,#1080,#1081,#1082,
#1083));
#3785=EDGE_LOOP('',(#1084,#1085,#1086,#1087));
#3786=EDGE_LOOP('',(#1088,#1089,#1090,#1091));
#3787=EDGE_LOOP('',(#1092,#1093,#1094,#1095));
#3788=EDGE_LOOP('',(#1096,#1097,#1098,#1099,#1100));
#3789=EDGE_LOOP('',(#1101,#1102,#1103,#1104));
#3790=EDGE_LOOP('',(#1105,#1106,#1107,#1108));
#3791=EDGE_LOOP('',(#1109,#1110,#1111,#1112));
#3792=EDGE_LOOP('',(#1113,#1114,#1115,#1116,#1117));
#3793=EDGE_LOOP('',(#1118,#1119,#1120,#1121));
#3794=EDGE_LOOP('',(#1122,#1123,#1124,#1125));
#3795=EDGE_LOOP('',(#1126,#1127,#1128,#1129));
#3796=EDGE_LOOP('',(#1130,#1131,#1132,#1133));
#3797=EDGE_LOOP('',(#1134,#1135,#1136,#1137));
#3798=EDGE_LOOP('',(#1138,#1139,#1140,#1141));
#3799=EDGE_LOOP('',(#1142,#1143,#1144,#1145));
#3800=EDGE_LOOP('',(#1146,#1147,#1148,#1149));
#3801=EDGE_LOOP('',(#1150,#1151,#1152,#1153));
#3802=EDGE_LOOP('',(#1154,#1155,#1156,#1157,#1158));
#3803=EDGE_LOOP('',(#1159,#1160,#1161,#1162));
#3804=EDGE_LOOP('',(#1163,#1164,#1165,#1166));
#3805=EDGE_LOOP('',(#1167,#1168,#1169,#1170));
#3806=EDGE_LOOP('',(#1171,#1172,#1173,#1174));
#3807=EDGE_LOOP('',(#1175,#1176,#1177,#1178));
#3808=EDGE_LOOP('',(#1179,#1180,#1181,#1182));
#3809=EDGE_LOOP('',(#1183,#1184,#1185,#1186));
#3810=EDGE_LOOP('',(#1187,#1188,#1189,#1190));
#3811=EDGE_LOOP('',(#1191,#1192,#1193,#1194));
#3812=EDGE_LOOP('',(#1195,#1196,#1197,#1198));
#3813=EDGE_LOOP('',(#1199,#1200,#1201,#1202));
#3814=EDGE_LOOP('',(#1203,#1204,#1205,#1206));
#3815=EDGE_LOOP('',(#1207,#1208,#1209,#1210));
#3816=EDGE_LOOP('',(#1211,#1212,#1213,#1214));
#3817=EDGE_LOOP('',(#1215,#1216,#1217,#1218));
#3818=EDGE_LOOP('',(#1219,#1220,#1221,#1222));
#3819=EDGE_LOOP('',(#1223,#1224,#1225,#1226,#1227));
#3820=EDGE_LOOP('',(#1228,#1229,#1230,#1231,#1232,#1233,#1234,#1235,#1236,
#1237,#1238,#1239,#1240,#1241,#1242,#1243));
#3821=EDGE_LOOP('',(#1244,#1245,#1246,#1247,#1248,#1249,#1250,#1251,#1252,
#1253,#1254,#1255,#1256,#1257,#1258,#1259));
#3822=EDGE_LOOP('',(#1260,#1261,#1262,#1263,#1264,#1265));
#3823=EDGE_LOOP('',(#1266,#1267,#1268,#1269,#1270,#1271,#1272,#1273));
#3824=EDGE_LOOP('',(#1274,#1275,#1276,#1277,#1278,#1279));
#3825=EDGE_LOOP('',(#1280,#1281,#1282,#1283,#1284,#1285,#1286,#1287));
#3826=EDGE_LOOP('',(#1288,#1289,#1290,#1291,#1292,#1293,#1294,#1295));
#3827=EDGE_LOOP('',(#1296,#1297,#1298,#1299,#1300,#1301,#1302,#1303,#1304,
#1305));
#3828=EDGE_LOOP('',(#1306,#1307,#1308,#1309));
#3829=EDGE_LOOP('',(#1310,#1311,#1312,#1313));
#3830=EDGE_LOOP('',(#1314,#1315,#1316,#1317));
#3831=EDGE_LOOP('',(#1318,#1319,#1320,#1321,#1322));
#3832=EDGE_LOOP('',(#1323,#1324,#1325,#1326));
#3833=EDGE_LOOP('',(#1327,#1328,#1329,#1330));
#3834=EDGE_LOOP('',(#1331,#1332,#1333,#1334));
#3835=EDGE_LOOP('',(#1335,#1336,#1337,#1338,#1339));
#3836=EDGE_LOOP('',(#1340,#1341,#1342,#1343));
#3837=EDGE_LOOP('',(#1344,#1345,#1346,#1347));
#3838=EDGE_LOOP('',(#1348,#1349,#1350,#1351));
#3839=EDGE_LOOP('',(#1352,#1353,#1354,#1355));
#3840=EDGE_LOOP('',(#1356,#1357,#1358,#1359,#1360,#1361));
#3841=EDGE_LOOP('',(#1362,#1363,#1364,#1365,#1366,#1367));
#3842=EDGE_LOOP('',(#1368,#1369,#1370,#1371,#1372,#1373,#1374,#1375));
#3843=EDGE_LOOP('',(#1376,#1377,#1378,#1379,#1380,#1381,#1382,#1383));
#3844=EDGE_LOOP('',(#1384,#1385,#1386,#1387,#1388,#1389,#1390,#1391));
#3845=EDGE_LOOP('',(#1392,#1393,#1394,#1395,#1396,#1397,#1398,#1399,#1400,
#1401));
#3846=EDGE_LOOP('',(#1402,#1403,#1404,#1405));
#3847=EDGE_LOOP('',(#1406,#1407,#1408,#1409));
#3848=EDGE_LOOP('',(#1410,#1411,#1412,#1413));
#3849=EDGE_LOOP('',(#1414,#1415,#1416,#1417,#1418));
#3850=EDGE_LOOP('',(#1419,#1420,#1421,#1422));
#3851=EDGE_LOOP('',(#1423,#1424,#1425,#1426));
#3852=EDGE_LOOP('',(#1427,#1428,#1429,#1430));
#3853=EDGE_LOOP('',(#1431,#1432,#1433,#1434,#1435));
#3854=EDGE_LOOP('',(#1436,#1437,#1438,#1439));
#3855=EDGE_LOOP('',(#1440,#1441,#1442,#1443));
#3856=EDGE_LOOP('',(#1444,#1445,#1446,#1447));
#3857=EDGE_LOOP('',(#1448,#1449,#1450,#1451));
#3858=FACE_BOUND('',#3622,.T.);
#3859=FACE_BOUND('',#3623,.T.);
#3860=FACE_BOUND('',#3624,.T.);
#3861=FACE_BOUND('',#3625,.T.);
#3862=FACE_BOUND('',#3626,.T.);
#3863=FACE_BOUND('',#3627,.T.);
#3864=FACE_BOUND('',#3628,.T.);
#3865=FACE_BOUND('',#3629,.T.);
#3866=FACE_BOUND('',#3630,.T.);
#3867=FACE_BOUND('',#3631,.T.);
#3868=FACE_BOUND('',#3632,.T.);
#3869=FACE_BOUND('',#3633,.T.);
#3870=FACE_BOUND('',#3634,.T.);
#3871=FACE_BOUND('',#3635,.T.);
#3872=FACE_BOUND('',#3636,.T.);
#3873=FACE_BOUND('',#3637,.T.);
#3874=FACE_BOUND('',#3638,.T.);
#3875=FACE_BOUND('',#3639,.T.);
#3876=FACE_BOUND('',#3640,.T.);
#3877=FACE_BOUND('',#3641,.T.);
#3878=FACE_BOUND('',#3642,.T.);
#3879=FACE_BOUND('',#3643,.T.);
#3880=FACE_BOUND('',#3644,.T.);
#3881=FACE_BOUND('',#3645,.T.);
#3882=FACE_BOUND('',#3646,.T.);
#3883=FACE_BOUND('',#3647,.T.);
#3884=FACE_BOUND('',#3648,.T.);
#3885=FACE_BOUND('',#3649,.T.);
#3886=FACE_BOUND('',#3650,.T.);
#3887=FACE_BOUND('',#3651,.T.);
#3888=FACE_BOUND('',#3652,.T.);
#3889=FACE_BOUND('',#3653,.T.);
#3890=FACE_BOUND('',#3654,.T.);
#3891=FACE_BOUND('',#3655,.T.);
#3892=FACE_BOUND('',#3656,.T.);
#3893=FACE_BOUND('',#3657,.T.);
#3894=FACE_BOUND('',#3658,.T.);
#3895=FACE_BOUND('',#3659,.T.);
#3896=FACE_BOUND('',#3660,.T.);
#3897=FACE_BOUND('',#3661,.T.);
#3898=FACE_BOUND('',#3662,.T.);
#3899=FACE_BOUND('',#3663,.T.);
#3900=FACE_BOUND('',#3664,.T.);
#3901=FACE_BOUND('',#3665,.T.);
#3902=FACE_BOUND('',#3666,.T.);
#3903=FACE_BOUND('',#3667,.T.);
#3904=FACE_BOUND('',#3668,.T.);
#3905=FACE_BOUND('',#3669,.T.);
#3906=FACE_BOUND('',#3670,.T.);
#3907=FACE_BOUND('',#3671,.T.);
#3908=FACE_BOUND('',#3672,.T.);
#3909=FACE_BOUND('',#3673,.T.);
#3910=FACE_BOUND('',#3674,.T.);
#3911=FACE_BOUND('',#3675,.T.);
#3912=FACE_BOUND('',#3676,.T.);
#3913=FACE_BOUND('',#3677,.T.);
#3914=FACE_BOUND('',#3678,.T.);
#3915=FACE_BOUND('',#3679,.T.);
#3916=FACE_BOUND('',#3680,.T.);
#3917=FACE_BOUND('',#3681,.T.);
#3918=FACE_BOUND('',#3682,.T.);
#3919=FACE_BOUND('',#3683,.T.);
#3920=FACE_BOUND('',#3684,.T.);
#3921=FACE_BOUND('',#3685,.T.);
#3922=FACE_BOUND('',#3686,.T.);
#3923=FACE_BOUND('',#3687,.T.);
#3924=FACE_BOUND('',#3688,.T.);
#3925=FACE_BOUND('',#3689,.T.);
#3926=FACE_BOUND('',#3690,.T.);
#3927=FACE_BOUND('',#3691,.T.);
#3928=FACE_BOUND('',#3692,.T.);
#3929=FACE_BOUND('',#3693,.T.);
#3930=FACE_BOUND('',#3694,.T.);
#3931=FACE_BOUND('',#3695,.T.);
#3932=FACE_BOUND('',#3696,.T.);
#3933=FACE_BOUND('',#3697,.T.);
#3934=FACE_BOUND('',#3698,.T.);
#3935=FACE_BOUND('',#3699,.T.);
#3936=FACE_BOUND('',#3700,.T.);
#3937=FACE_BOUND('',#3701,.T.);
#3938=FACE_BOUND('',#3702,.T.);
#3939=FACE_BOUND('',#3703,.T.);
#3940=FACE_BOUND('',#3704,.T.);
#3941=FACE_BOUND('',#3705,.T.);
#3942=FACE_BOUND('',#3706,.T.);
#3943=FACE_BOUND('',#3707,.T.);
#3944=FACE_BOUND('',#3708,.T.);
#3945=FACE_BOUND('',#3709,.T.);
#3946=FACE_BOUND('',#3710,.T.);
#3947=FACE_BOUND('',#3711,.T.);
#3948=FACE_BOUND('',#3712,.T.);
#3949=FACE_BOUND('',#3713,.T.);
#3950=FACE_BOUND('',#3714,.T.);
#3951=FACE_BOUND('',#3715,.T.);
#3952=FACE_BOUND('',#3716,.T.);
#3953=FACE_BOUND('',#3717,.T.);
#3954=FACE_BOUND('',#3718,.T.);
#3955=FACE_BOUND('',#3719,.T.);
#3956=FACE_BOUND('',#3720,.T.);
#3957=FACE_BOUND('',#3721,.T.);
#3958=FACE_BOUND('',#3722,.T.);
#3959=FACE_BOUND('',#3723,.T.);
#3960=FACE_BOUND('',#3724,.T.);
#3961=FACE_BOUND('',#3725,.T.);
#3962=FACE_BOUND('',#3726,.T.);
#3963=FACE_BOUND('',#3727,.T.);
#3964=FACE_BOUND('',#3728,.T.);
#3965=FACE_BOUND('',#3729,.T.);
#3966=FACE_BOUND('',#3730,.T.);
#3967=FACE_BOUND('',#3731,.T.);
#3968=FACE_BOUND('',#3732,.T.);
#3969=FACE_BOUND('',#3733,.T.);
#3970=FACE_BOUND('',#3734,.T.);
#3971=FACE_BOUND('',#3735,.T.);
#3972=FACE_BOUND('',#3736,.T.);
#3973=FACE_BOUND('',#3737,.T.);
#3974=FACE_BOUND('',#3738,.T.);
#3975=FACE_BOUND('',#3739,.T.);
#3976=FACE_BOUND('',#3740,.T.);
#3977=FACE_BOUND('',#3741,.T.);
#3978=FACE_BOUND('',#3742,.T.);
#3979=FACE_BOUND('',#3743,.T.);
#3980=FACE_BOUND('',#3744,.T.);
#3981=FACE_BOUND('',#3745,.T.);
#3982=FACE_BOUND('',#3746,.T.);
#3983=FACE_BOUND('',#3747,.T.);
#3984=FACE_BOUND('',#3748,.T.);
#3985=FACE_BOUND('',#3749,.T.);
#3986=FACE_BOUND('',#3750,.T.);
#3987=FACE_BOUND('',#3751,.T.);
#3988=FACE_BOUND('',#3752,.T.);
#3989=FACE_BOUND('',#3753,.T.);
#3990=FACE_BOUND('',#3754,.T.);
#3991=FACE_BOUND('',#3755,.T.);
#3992=FACE_BOUND('',#3756,.T.);
#3993=FACE_BOUND('',#3757,.T.);
#3994=FACE_BOUND('',#3758,.T.);
#3995=FACE_BOUND('',#3759,.T.);
#3996=FACE_BOUND('',#3760,.T.);
#3997=FACE_BOUND('',#3761,.T.);
#3998=FACE_BOUND('',#3762,.T.);
#3999=FACE_BOUND('',#3763,.T.);
#4000=FACE_BOUND('',#3764,.T.);
#4001=FACE_BOUND('',#3765,.T.);
#4002=FACE_BOUND('',#3766,.T.);
#4003=FACE_BOUND('',#3767,.T.);
#4004=FACE_BOUND('',#3768,.T.);
#4005=FACE_BOUND('',#3769,.T.);
#4006=FACE_BOUND('',#3770,.T.);
#4007=FACE_BOUND('',#3771,.T.);
#4008=FACE_BOUND('',#3772,.T.);
#4009=FACE_BOUND('',#3773,.T.);
#4010=FACE_BOUND('',#3774,.T.);
#4011=FACE_BOUND('',#3775,.T.);
#4012=FACE_BOUND('',#3776,.T.);
#4013=FACE_BOUND('',#3777,.T.);
#4014=FACE_BOUND('',#3778,.T.);
#4015=FACE_BOUND('',#3779,.T.);
#4016=FACE_BOUND('',#3780,.T.);
#4017=FACE_BOUND('',#3781,.T.);
#4018=FACE_BOUND('',#3782,.T.);
#4019=FACE_BOUND('',#3783,.T.);
#4020=FACE_BOUND('',#3784,.T.);
#4021=FACE_BOUND('',#3785,.T.);
#4022=FACE_BOUND('',#3786,.T.);
#4023=FACE_BOUND('',#3787,.T.);
#4024=FACE_BOUND('',#3788,.T.);
#4025=FACE_BOUND('',#3789,.T.);
#4026=FACE_BOUND('',#3790,.T.);
#4027=FACE_BOUND('',#3791,.T.);
#4028=FACE_BOUND('',#3792,.T.);
#4029=FACE_BOUND('',#3793,.T.);
#4030=FACE_BOUND('',#3794,.T.);
#4031=FACE_BOUND('',#3795,.T.);
#4032=FACE_BOUND('',#3796,.T.);
#4033=FACE_BOUND('',#3797,.T.);
#4034=FACE_BOUND('',#3798,.T.);
#4035=FACE_BOUND('',#3799,.T.);
#4036=FACE_BOUND('',#3800,.T.);
#4037=FACE_BOUND('',#3801,.T.);
#4038=FACE_BOUND('',#3802,.T.);
#4039=FACE_BOUND('',#3803,.T.);
#4040=FACE_BOUND('',#3804,.T.);
#4041=FACE_BOUND('',#3805,.T.);
#4042=FACE_BOUND('',#3806,.T.);
#4043=FACE_BOUND('',#3807,.T.);
#4044=FACE_BOUND('',#3808,.T.);
#4045=FACE_BOUND('',#3809,.T.);
#4046=FACE_BOUND('',#3810,.T.);
#4047=FACE_BOUND('',#3811,.T.);
#4048=FACE_BOUND('',#3812,.T.);
#4049=FACE_BOUND('',#3813,.T.);
#4050=FACE_BOUND('',#3814,.T.);
#4051=FACE_BOUND('',#3815,.T.);
#4052=FACE_BOUND('',#3816,.T.);
#4053=FACE_BOUND('',#3817,.T.);
#4054=FACE_BOUND('',#3818,.T.);
#4055=FACE_BOUND('',#3819,.T.);
#4056=FACE_BOUND('',#3820,.T.);
#4057=FACE_BOUND('',#3821,.T.);
#4058=FACE_BOUND('',#3822,.T.);
#4059=FACE_BOUND('',#3823,.T.);
#4060=FACE_BOUND('',#3824,.T.);
#4061=FACE_BOUND('',#3825,.T.);
#4062=FACE_BOUND('',#3826,.T.);
#4063=FACE_BOUND('',#3827,.T.);
#4064=FACE_BOUND('',#3828,.T.);
#4065=FACE_BOUND('',#3829,.T.);
#4066=FACE_BOUND('',#3830,.T.);
#4067=FACE_BOUND('',#3831,.T.);
#4068=FACE_BOUND('',#3832,.T.);
#4069=FACE_BOUND('',#3833,.T.);
#4070=FACE_BOUND('',#3834,.T.);
#4071=FACE_BOUND('',#3835,.T.);
#4072=FACE_BOUND('',#3836,.T.);
#4073=FACE_BOUND('',#3837,.T.);
#4074=FACE_BOUND('',#3838,.T.);
#4075=FACE_BOUND('',#3839,.T.);
#4076=FACE_BOUND('',#3840,.T.);
#4077=FACE_BOUND('',#3841,.T.);
#4078=FACE_BOUND('',#3842,.T.);
#4079=FACE_BOUND('',#3843,.T.);
#4080=FACE_BOUND('',#3844,.T.);
#4081=FACE_BOUND('',#3845,.T.);
#4082=FACE_BOUND('',#3846,.T.);
#4083=FACE_BOUND('',#3847,.T.);
#4084=FACE_BOUND('',#3848,.T.);
#4085=FACE_BOUND('',#3849,.T.);
#4086=FACE_BOUND('',#3850,.T.);
#4087=FACE_BOUND('',#3851,.T.);
#4088=FACE_BOUND('',#3852,.T.);
#4089=FACE_BOUND('',#3853,.T.);
#4090=FACE_BOUND('',#3854,.T.);
#4091=FACE_BOUND('',#3855,.T.);
#4092=FACE_BOUND('',#3856,.T.);
#4093=FACE_BOUND('',#3857,.T.);
#4094=PLANE('',#5306);
#4095=PLANE('',#5307);
#4096=PLANE('',#5312);
#4097=PLANE('',#5313);
#4098=PLANE('',#5314);
#4099=PLANE('',#5315);
#4100=PLANE('',#5318);
#4101=PLANE('',#5319);
#4102=PLANE('',#5320);
#4103=PLANE('',#5321);
#4104=PLANE('',#5322);
#4105=PLANE('',#5323);
#4106=PLANE('',#5328);
#4107=PLANE('',#5329);
#4108=PLANE('',#5330);
#4109=PLANE('',#5331);
#4110=PLANE('',#5334);
#4111=PLANE('',#5335);
#4112=PLANE('',#5336);
#4113=PLANE('',#5337);
#4114=PLANE('',#5338);
#4115=PLANE('',#5339);
#4116=PLANE('',#5340);
#4117=PLANE('',#5349);
#4118=PLANE('',#5350);
#4119=PLANE('',#5351);
#4120=PLANE('',#5352);
#4121=PLANE('',#5362);
#4122=PLANE('',#5364);
#4123=PLANE('',#5366);
#4124=PLANE('',#5369);
#4125=PLANE('',#5371);
#4126=PLANE('',#5373);
#4127=PLANE('',#5375);
#4128=PLANE('',#5376);
#4129=PLANE('',#5381);
#4130=PLANE('',#5382);
#4131=PLANE('',#5383);
#4132=PLANE('',#5384);
#4133=PLANE('',#5387);
#4134=PLANE('',#5388);
#4135=PLANE('',#5389);
#4136=PLANE('',#5390);
#4137=PLANE('',#5391);
#4138=PLANE('',#5392);
#4139=PLANE('',#5397);
#4140=PLANE('',#5398);
#4141=PLANE('',#5399);
#4142=PLANE('',#5400);
#4143=PLANE('',#5403);
#4144=PLANE('',#5404);
#4145=PLANE('',#5405);
#4146=PLANE('',#5406);
#4147=PLANE('',#5407);
#4148=PLANE('',#5408);
#4149=PLANE('',#5413);
#4150=PLANE('',#5414);
#4151=PLANE('',#5415);
#4152=PLANE('',#5416);
#4153=PLANE('',#5419);
#4154=PLANE('',#5420);
#4155=PLANE('',#5421);
#4156=PLANE('',#5422);
#4157=PLANE('',#5423);
#4158=PLANE('',#5424);
#4159=PLANE('',#5429);
#4160=PLANE('',#5430);
#4161=PLANE('',#5431);
#4162=PLANE('',#5432);
#4163=PLANE('',#5435);
#4164=PLANE('',#5436);
#4165=PLANE('',#5437);
#4166=PLANE('',#5438);
#4167=PLANE('',#5439);
#4168=PLANE('',#5440);
#4169=PLANE('',#5441);
#4170=PLANE('',#5442);
#4171=PLANE('',#5443);
#4172=PLANE('',#5444);
#4173=PLANE('',#5446);
#4174=PLANE('',#5447);
#4175=PLANE('',#5448);
#4176=PLANE('',#5449);
#4177=PLANE('',#5450);
#4178=PLANE('',#5452);
#4179=PLANE('',#5455);
#4180=PLANE('',#5456);
#4181=PLANE('',#5459);
#4182=PLANE('',#5462);
#4183=PLANE('',#5463);
#4184=PLANE('',#5464);
#4185=PLANE('',#5465);
#4186=PLANE('',#5468);
#4187=PLANE('',#5469);
#4188=PLANE('',#5470);
#4189=PLANE('',#5471);
#4190=PLANE('',#5473);
#4191=PLANE('',#5474);
#4192=PLANE('',#5475);
#4193=PLANE('',#5476);
#4194=PLANE('',#5479);
#4195=PLANE('',#5480);
#4196=PLANE('',#5483);
#4197=PLANE('',#5486);
#4198=PLANE('',#5487);
#4199=PLANE('',#5488);
#4200=PLANE('',#5489);
#4201=PLANE('',#5492);
#4202=PLANE('',#5493);
#4203=PLANE('',#5494);
#4204=PLANE('',#5495);
#4205=PLANE('',#5496);
#4206=PLANE('',#5497);
#4207=PLANE('',#5498);
#4208=PLANE('',#5500);
#4209=PLANE('',#5503);
#4210=PLANE('',#5506);
#4211=PLANE('',#5507);
#4212=PLANE('',#5508);
#4213=PLANE('',#5509);
#4214=PLANE('',#5512);
#4215=PLANE('',#5513);
#4216=PLANE('',#5515);
#4217=PLANE('',#5517);
#4218=PLANE('',#5518);
#4219=PLANE('',#5519);
#4220=PLANE('',#5520);
#4221=PLANE('',#5521);
#4222=PLANE('',#5522);
#4223=PLANE('',#5524);
#4224=PLANE('',#5527);
#4225=PLANE('',#5530);
#4226=PLANE('',#5531);
#4227=PLANE('',#5532);
#4228=PLANE('',#5533);
#4229=PLANE('',#5536);
#4230=PLANE('',#5537);
#4231=PLANE('',#5539);
#4232=PLANE('',#5541);
#4233=PLANE('',#5542);
#4234=PLANE('',#5543);
#4235=PLANE('',#5544);
#4236=PLANE('',#5545);
#4237=PLANE('',#5546);
#4238=PLANE('',#5547);
#4239=PLANE('',#5548);
#4240=PLANE('',#5552);
#4241=PLANE('',#5556);
#4242=PLANE('',#5560);
#4243=PLANE('',#5564);
#4244=PLANE('',#5568);
#4245=PLANE('',#5572);
#4246=PLANE('',#5576);
#4247=PLANE('',#5580);
#4248=PLANE('',#5581);
#4249=PLANE('',#5582);
#4250=PLANE('',#5583);
#4251=PLANE('',#5584);
#4252=PLANE('',#5585);
#4253=PLANE('',#5586);
#4254=PLANE('',#5588);
#4255=PLANE('',#5591);
#4256=PLANE('',#5594);
#4257=PLANE('',#5595);
#4258=PLANE('',#5596);
#4259=PLANE('',#5597);
#4260=PLANE('',#5600);
#4261=PLANE('',#5601);
#4262=PLANE('',#5603);
#4263=PLANE('',#5605);
#4264=PLANE('',#5606);
#4265=PLANE('',#5607);
#4266=PLANE('',#5608);
#4267=PLANE('',#5609);
#4268=PLANE('',#5610);
#4269=PLANE('',#5612);
#4270=PLANE('',#5615);
#4271=PLANE('',#5616);
#4272=PLANE('',#5619);
#4273=PLANE('',#5622);
#4274=PLANE('',#5623);
#4275=PLANE('',#5624);
#4276=PLANE('',#5625);
#4277=PLANE('',#5628);
#4278=PLANE('',#5629);
#4279=ADVANCED_FACE('',(#3858),#4094,.T.);
#4280=ADVANCED_FACE('',(#3859),#4095,.T.);
#4281=ADVANCED_FACE('',(#3860),#30,.F.);
#4282=ADVANCED_FACE('',(#3861),#4096,.F.);
#4283=ADVANCED_FACE('',(#3862),#4097,.T.);
#4284=ADVANCED_FACE('',(#3863),#4098,.T.);
#4285=ADVANCED_FACE('',(#3864),#4099,.F.);
#4286=ADVANCED_FACE('',(#3865),#31,.F.);
#4287=ADVANCED_FACE('',(#3866),#4100,.T.);
#4288=ADVANCED_FACE('',(#3867),#4101,.T.);
#4289=ADVANCED_FACE('',(#3868),#4102,.T.);
#4290=ADVANCED_FACE('',(#3869),#4103,.T.);
#4291=ADVANCED_FACE('',(#3870),#4104,.F.);
#4292=ADVANCED_FACE('',(#3871),#4105,.F.);
#4293=ADVANCED_FACE('',(#3872),#32,.F.);
#4294=ADVANCED_FACE('',(#3873),#4106,.F.);
#4295=ADVANCED_FACE('',(#3874),#4107,.F.);
#4296=ADVANCED_FACE('',(#3875),#4108,.F.);
#4297=ADVANCED_FACE('',(#3876),#4109,.F.);
#4298=ADVANCED_FACE('',(#3877),#33,.F.);
#4299=ADVANCED_FACE('',(#3878),#4110,.T.);
#4300=ADVANCED_FACE('',(#3879),#4111,.T.);
#4301=ADVANCED_FACE('',(#3880),#4112,.T.);
#4302=ADVANCED_FACE('',(#3881),#4113,.T.);
#4303=ADVANCED_FACE('',(#3882),#4114,.F.);
#4304=ADVANCED_FACE('',(#3883),#4115,.F.);
#4305=ADVANCED_FACE('',(#3884,#3885),#4116,.T.);
#4306=ADVANCED_FACE('',(#3886),#4117,.F.);
#4307=ADVANCED_FACE('',(#3887),#4118,.F.);
#4308=ADVANCED_FACE('',(#3888),#4119,.F.);
#4309=ADVANCED_FACE('',(#3889),#4120,.F.);
#4310=ADVANCED_FACE('',(#3890),#34,.T.);
#4311=ADVANCED_FACE('',(#3891),#4121,.T.);
#4312=ADVANCED_FACE('',(#3892),#35,.F.);
#4313=ADVANCED_FACE('',(#3893),#4122,.T.);
#4314=ADVANCED_FACE('',(#3894),#36,.F.);
#4315=ADVANCED_FACE('',(#3895),#4123,.T.);
#4316=ADVANCED_FACE('',(#3896),#37,.T.);
#4317=ADVANCED_FACE('',(#3897),#38,.T.);
#4318=ADVANCED_FACE('',(#3898),#4124,.T.);
#4319=ADVANCED_FACE('',(#3899),#39,.F.);
#4320=ADVANCED_FACE('',(#3900),#4125,.T.);
#4321=ADVANCED_FACE('',(#3901),#40,.F.);
#4322=ADVANCED_FACE('',(#3902),#4126,.T.);
#4323=ADVANCED_FACE('',(#3903),#41,.T.);
#4324=ADVANCED_FACE('',(#3904),#4127,.F.);
#4325=ADVANCED_FACE('',(#3905),#4128,.F.);
#4326=ADVANCED_FACE('',(#3906),#42,.F.);
#4327=ADVANCED_FACE('',(#3907),#4129,.F.);
#4328=ADVANCED_FACE('',(#3908),#4130,.F.);
#4329=ADVANCED_FACE('',(#3909),#4131,.F.);
#4330=ADVANCED_FACE('',(#3910),#4132,.F.);
#4331=ADVANCED_FACE('',(#3911),#43,.F.);
#4332=ADVANCED_FACE('',(#3912),#4133,.T.);
#4333=ADVANCED_FACE('',(#3913),#4134,.T.);
#4334=ADVANCED_FACE('',(#3914),#4135,.T.);
#4335=ADVANCED_FACE('',(#3915),#4136,.T.);
#4336=ADVANCED_FACE('',(#3916),#4137,.F.);
#4337=ADVANCED_FACE('',(#3917),#4138,.F.);
#4338=ADVANCED_FACE('',(#3918),#44,.F.);
#4339=ADVANCED_FACE('',(#3919),#4139,.F.);
#4340=ADVANCED_FACE('',(#3920),#4140,.F.);
#4341=ADVANCED_FACE('',(#3921),#4141,.F.);
#4342=ADVANCED_FACE('',(#3922),#4142,.F.);
#4343=ADVANCED_FACE('',(#3923),#45,.F.);
#4344=ADVANCED_FACE('',(#3924),#4143,.T.);
#4345=ADVANCED_FACE('',(#3925),#4144,.T.);
#4346=ADVANCED_FACE('',(#3926),#4145,.T.);
#4347=ADVANCED_FACE('',(#3927),#4146,.T.);
#4348=ADVANCED_FACE('',(#3928),#4147,.T.);
#4349=ADVANCED_FACE('',(#3929),#4148,.T.);
#4350=ADVANCED_FACE('',(#3930),#46,.F.);
#4351=ADVANCED_FACE('',(#3931),#4149,.F.);
#4352=ADVANCED_FACE('',(#3932),#4150,.T.);
#4353=ADVANCED_FACE('',(#3933),#4151,.T.);
#4354=ADVANCED_FACE('',(#3934),#4152,.F.);
#4355=ADVANCED_FACE('',(#3935),#47,.F.);
#4356=ADVANCED_FACE('',(#3936),#4153,.T.);
#4357=ADVANCED_FACE('',(#3937),#4154,.T.);
#4358=ADVANCED_FACE('',(#3938),#4155,.T.);
#4359=ADVANCED_FACE('',(#3939),#4156,.T.);
#4360=ADVANCED_FACE('',(#3940),#4157,.T.);
#4361=ADVANCED_FACE('',(#3941),#4158,.T.);
#4362=ADVANCED_FACE('',(#3942),#48,.F.);
#4363=ADVANCED_FACE('',(#3943),#4159,.F.);
#4364=ADVANCED_FACE('',(#3944),#4160,.T.);
#4365=ADVANCED_FACE('',(#3945),#4161,.T.);
#4366=ADVANCED_FACE('',(#3946),#4162,.F.);
#4367=ADVANCED_FACE('',(#3947),#49,.F.);
#4368=ADVANCED_FACE('',(#3948),#4163,.T.);
#4369=ADVANCED_FACE('',(#3949),#4164,.T.);
#4370=ADVANCED_FACE('',(#3950),#4165,.T.);
#4371=ADVANCED_FACE('',(#3951),#4166,.T.);
#4372=ADVANCED_FACE('',(#3952),#4167,.F.);
#4373=ADVANCED_FACE('',(#3953,#3954),#4168,.F.);
#4374=ADVANCED_FACE('',(#3955,#3956),#4169,.F.);
#4375=ADVANCED_FACE('',(#3957,#3958),#4170,.T.);
#4376=ADVANCED_FACE('',(#3959),#4171,.F.);
#4377=ADVANCED_FACE('',(#3960),#4172,.F.);
#4378=ADVANCED_FACE('',(#3961),#4173,.F.);
#4379=ADVANCED_FACE('',(#3962),#4174,.F.);
#4380=ADVANCED_FACE('',(#3963),#4175,.F.);
#4381=ADVANCED_FACE('',(#3964),#4176,.F.);
#4382=ADVANCED_FACE('',(#3965),#4177,.T.);
#4383=ADVANCED_FACE('',(#3966),#4178,.F.);
#4384=ADVANCED_FACE('',(#3967),#4179,.F.);
#4385=ADVANCED_FACE('',(#3968),#4180,.F.);
#4386=ADVANCED_FACE('',(#3969),#50,.T.);
#4387=ADVANCED_FACE('',(#3970),#4181,.T.);
#4388=ADVANCED_FACE('',(#3971),#51,.T.);
#4389=ADVANCED_FACE('',(#3972),#4182,.F.);
#4390=ADVANCED_FACE('',(#3973),#4183,.F.);
#4391=ADVANCED_FACE('',(#3974),#4184,.T.);
#4392=ADVANCED_FACE('',(#3975),#4185,.T.);
#4393=ADVANCED_FACE('',(#3976),#52,.F.);
#4394=ADVANCED_FACE('',(#3977),#4186,.T.);
#4395=ADVANCED_FACE('',(#3978),#4187,.F.);
#4396=ADVANCED_FACE('',(#3979),#4188,.F.);
#4397=ADVANCED_FACE('',(#3980),#4189,.T.);
#4398=ADVANCED_FACE('',(#3981),#4190,.F.);
#4399=ADVANCED_FACE('',(#3982),#4191,.F.);
#4400=ADVANCED_FACE('',(#3983),#4192,.F.);
#4401=ADVANCED_FACE('',(#3984),#4193,.F.);
#4402=ADVANCED_FACE('',(#3985),#4194,.F.);
#4403=ADVANCED_FACE('',(#3986),#4195,.F.);
#4404=ADVANCED_FACE('',(#3987),#53,.T.);
#4405=ADVANCED_FACE('',(#3988),#4196,.T.);
#4406=ADVANCED_FACE('',(#3989),#54,.T.);
#4407=ADVANCED_FACE('',(#3990),#4197,.F.);
#4408=ADVANCED_FACE('',(#3991),#4198,.F.);
#4409=ADVANCED_FACE('',(#3992),#4199,.T.);
#4410=ADVANCED_FACE('',(#3993),#4200,.T.);
#4411=ADVANCED_FACE('',(#3994),#55,.F.);
#4412=ADVANCED_FACE('',(#3995),#4201,.T.);
#4413=ADVANCED_FACE('',(#3996),#4202,.T.);
#4414=ADVANCED_FACE('',(#3997),#4203,.T.);
#4415=ADVANCED_FACE('',(#3998),#4204,.T.);
#4416=ADVANCED_FACE('',(#3999),#4205,.T.);
#4417=ADVANCED_FACE('',(#4000),#4206,.T.);
#4418=ADVANCED_FACE('',(#4001),#4207,.F.);
#4419=ADVANCED_FACE('',(#4002),#4208,.T.);
#4420=ADVANCED_FACE('',(#4003),#4209,.F.);
#4421=ADVANCED_FACE('',(#4004),#56,.T.);
#4422=ADVANCED_FACE('',(#4005),#4210,.F.);
#4423=ADVANCED_FACE('',(#4006),#4211,.T.);
#4424=ADVANCED_FACE('',(#4007),#4212,.F.);
#4425=ADVANCED_FACE('',(#4008),#4213,.F.);
#4426=ADVANCED_FACE('',(#4009),#57,.T.);
#4427=ADVANCED_FACE('',(#4010),#4214,.T.);
#4428=ADVANCED_FACE('',(#4011),#4215,.T.);
#4429=ADVANCED_FACE('',(#4012),#4216,.F.);
#4430=ADVANCED_FACE('',(#4013),#58,.F.);
#4431=ADVANCED_FACE('',(#4014),#4217,.F.);
#4432=ADVANCED_FACE('',(#4015),#4218,.T.);
#4433=ADVANCED_FACE('',(#4016),#4219,.T.);
#4434=ADVANCED_FACE('',(#4017),#4220,.T.);
#4435=ADVANCED_FACE('',(#4018),#4221,.T.);
#4436=ADVANCED_FACE('',(#4019),#4222,.F.);
#4437=ADVANCED_FACE('',(#4020),#4223,.T.);
#4438=ADVANCED_FACE('',(#4021),#4224,.F.);
#4439=ADVANCED_FACE('',(#4022),#59,.T.);
#4440=ADVANCED_FACE('',(#4023),#4225,.F.);
#4441=ADVANCED_FACE('',(#4024),#4226,.T.);
#4442=ADVANCED_FACE('',(#4025),#4227,.F.);
#4443=ADVANCED_FACE('',(#4026),#4228,.F.);
#4444=ADVANCED_FACE('',(#4027),#60,.T.);
#4445=ADVANCED_FACE('',(#4028),#4229,.T.);
#4446=ADVANCED_FACE('',(#4029),#4230,.T.);
#4447=ADVANCED_FACE('',(#4030),#4231,.F.);
#4448=ADVANCED_FACE('',(#4031),#61,.F.);
#4449=ADVANCED_FACE('',(#4032),#4232,.F.);
#4450=ADVANCED_FACE('',(#4033),#4233,.T.);
#4451=ADVANCED_FACE('',(#4034),#4234,.T.);
#4452=ADVANCED_FACE('',(#4035),#4235,.T.);
#4453=ADVANCED_FACE('',(#4036),#4236,.T.);
#4454=ADVANCED_FACE('',(#4037),#4237,.T.);
#4455=ADVANCED_FACE('',(#4038),#4238,.F.);
#4456=ADVANCED_FACE('',(#4039),#4239,.F.);
#4457=ADVANCED_FACE('',(#4040),#62,.F.);
#4458=ADVANCED_FACE('',(#4041),#4240,.F.);
#4459=ADVANCED_FACE('',(#4042),#63,.T.);
#4460=ADVANCED_FACE('',(#4043),#4241,.F.);
#4461=ADVANCED_FACE('',(#4044),#64,.T.);
#4462=ADVANCED_FACE('',(#4045),#4242,.F.);
#4463=ADVANCED_FACE('',(#4046),#65,.F.);
#4464=ADVANCED_FACE('',(#4047),#4243,.F.);
#4465=ADVANCED_FACE('',(#4048),#66,.F.);
#4466=ADVANCED_FACE('',(#4049),#4244,.F.);
#4467=ADVANCED_FACE('',(#4050),#67,.T.);
#4468=ADVANCED_FACE('',(#4051),#4245,.F.);
#4469=ADVANCED_FACE('',(#4052),#68,.T.);
#4470=ADVANCED_FACE('',(#4053),#4246,.F.);
#4471=ADVANCED_FACE('',(#4054),#69,.F.);
#4472=ADVANCED_FACE('',(#4055,#4056),#4247,.F.);
#4473=ADVANCED_FACE('',(#4057),#4248,.T.);
#4474=ADVANCED_FACE('',(#4058),#4249,.T.);
#4475=ADVANCED_FACE('',(#4059),#4250,.T.);
#4476=ADVANCED_FACE('',(#4060),#4251,.T.);
#4477=ADVANCED_FACE('',(#4061),#4252,.T.);
#4478=ADVANCED_FACE('',(#4062),#4253,.F.);
#4479=ADVANCED_FACE('',(#4063),#4254,.T.);
#4480=ADVANCED_FACE('',(#4064),#4255,.F.);
#4481=ADVANCED_FACE('',(#4065),#70,.T.);
#4482=ADVANCED_FACE('',(#4066),#4256,.F.);
#4483=ADVANCED_FACE('',(#4067),#4257,.T.);
#4484=ADVANCED_FACE('',(#4068),#4258,.F.);
#4485=ADVANCED_FACE('',(#4069),#4259,.F.);
#4486=ADVANCED_FACE('',(#4070),#71,.T.);
#4487=ADVANCED_FACE('',(#4071),#4260,.T.);
#4488=ADVANCED_FACE('',(#4072),#4261,.T.);
#4489=ADVANCED_FACE('',(#4073),#4262,.F.);
#4490=ADVANCED_FACE('',(#4074),#72,.F.);
#4491=ADVANCED_FACE('',(#4075),#4263,.F.);
#4492=ADVANCED_FACE('',(#4076),#4264,.F.);
#4493=ADVANCED_FACE('',(#4077),#4265,.F.);
#4494=ADVANCED_FACE('',(#4078),#4266,.F.);
#4495=ADVANCED_FACE('',(#4079),#4267,.F.);
#4496=ADVANCED_FACE('',(#4080),#4268,.T.);
#4497=ADVANCED_FACE('',(#4081),#4269,.F.);
#4498=ADVANCED_FACE('',(#4082),#4270,.F.);
#4499=ADVANCED_FACE('',(#4083),#4271,.F.);
#4500=ADVANCED_FACE('',(#4084),#73,.T.);
#4501=ADVANCED_FACE('',(#4085),#4272,.T.);
#4502=ADVANCED_FACE('',(#4086),#74,.T.);
#4503=ADVANCED_FACE('',(#4087),#4273,.F.);
#4504=ADVANCED_FACE('',(#4088),#4274,.F.);
#4505=ADVANCED_FACE('',(#4089),#4275,.T.);
#4506=ADVANCED_FACE('',(#4090),#4276,.T.);
#4507=ADVANCED_FACE('',(#4091),#75,.F.);
#4508=ADVANCED_FACE('',(#4092),#4277,.T.);
#4509=ADVANCED_FACE('',(#4093),#4278,.F.);
#4510=CLOSED_SHELL('',(#4279,#4280,#4281,#4282,#4283,#4284,#4285,#4286,
#4287,#4288,#4289,#4290,#4291,#4292,#4293,#4294,#4295,#4296,#4297,#4298,
#4299,#4300,#4301,#4302,#4303,#4304,#4305,#4306,#4307,#4308,#4309,#4310,
#4311,#4312,#4313,#4314,#4315,#4316,#4317,#4318,#4319,#4320,#4321,#4322,
#4323,#4324,#4325,#4326,#4327,#4328,#4329,#4330,#4331,#4332,#4333,#4334,
#4335,#4336,#4337,#4338,#4339,#4340,#4341,#4342,#4343,#4344,#4345,#4346,
#4347,#4348,#4349,#4350,#4351,#4352,#4353,#4354,#4355,#4356,#4357,#4358,
#4359,#4360,#4361,#4362,#4363,#4364,#4365,#4366,#4367,#4368,#4369,#4370,
#4371,#4372,#4373,#4374,#4375,#4376,#4377));
#4511=CLOSED_SHELL('',(#4378,#4379,#4380,#4381,#4382,#4383,#4384,#4385,
#4386,#4387,#4388,#4389,#4390,#4391,#4392,#4393,#4394,#4395));
#4512=CLOSED_SHELL('',(#4396,#4397,#4398,#4399,#4400,#4401,#4402,#4403,
#4404,#4405,#4406,#4407,#4408,#4409,#4410,#4411,#4412,#4413));
#4513=CLOSED_SHELL('',(#4414,#4415,#4416,#4417,#4418,#4419,#4420,#4421,
#4422,#4423,#4424,#4425,#4426,#4427,#4428,#4429,#4430,#4431));
#4514=CLOSED_SHELL('',(#4432,#4433,#4434,#4435,#4436,#4437,#4438,#4439,
#4440,#4441,#4442,#4443,#4444,#4445,#4446,#4447,#4448,#4449));
#4515=CLOSED_SHELL('',(#4450,#4451,#4452,#4453,#4454,#4455,#4456,#4457,
#4458,#4459,#4460,#4461,#4462,#4463,#4464,#4465,#4466,#4467,#4468,#4469,
#4470,#4471,#4472,#4473));
#4516=CLOSED_SHELL('',(#4474,#4475,#4476,#4477,#4478,#4479,#4480,#4481,
#4482,#4483,#4484,#4485,#4486,#4487,#4488,#4489,#4490,#4491));
#4517=CLOSED_SHELL('',(#4492,#4493,#4494,#4495,#4496,#4497,#4498,#4499,
#4500,#4501,#4502,#4503,#4504,#4505,#4506,#4507,#4508,#4509));
#4518=STYLED_ITEM('',(#4628),#5291);
#4519=STYLED_ITEM('',(#4629),#4378);
#4520=STYLED_ITEM('',(#4630),#4379);
#4521=STYLED_ITEM('',(#4631),#4380);
#4522=STYLED_ITEM('',(#4632),#4381);
#4523=STYLED_ITEM('',(#4633),#4382);
#4524=STYLED_ITEM('',(#4634),#4383);
#4525=STYLED_ITEM('',(#4635),#4384);
#4526=STYLED_ITEM('',(#4636),#4385);
#4527=STYLED_ITEM('',(#4637),#4386);
#4528=STYLED_ITEM('',(#4638),#4387);
#4529=STYLED_ITEM('',(#4639),#4388);
#4530=STYLED_ITEM('',(#4640),#4389);
#4531=STYLED_ITEM('',(#4641),#4390);
#4532=STYLED_ITEM('',(#4642),#4391);
#4533=STYLED_ITEM('',(#4643),#4392);
#4534=STYLED_ITEM('',(#4644),#4393);
#4535=STYLED_ITEM('',(#4645),#4394);
#4536=STYLED_ITEM('',(#4646),#4395);
#4537=STYLED_ITEM('',(#4647),#4396);
#4538=STYLED_ITEM('',(#4648),#4397);
#4539=STYLED_ITEM('',(#4649),#4398);
#4540=STYLED_ITEM('',(#4650),#4399);
#4541=STYLED_ITEM('',(#4651),#4400);
#4542=STYLED_ITEM('',(#4652),#4401);
#4543=STYLED_ITEM('',(#4653),#4402);
#4544=STYLED_ITEM('',(#4654),#4403);
#4545=STYLED_ITEM('',(#4655),#4404);
#4546=STYLED_ITEM('',(#4656),#4405);
#4547=STYLED_ITEM('',(#4657),#4406);
#4548=STYLED_ITEM('',(#4658),#4407);
#4549=STYLED_ITEM('',(#4659),#4408);
#4550=STYLED_ITEM('',(#4660),#4409);
#4551=STYLED_ITEM('',(#4661),#4410);
#4552=STYLED_ITEM('',(#4662),#4411);
#4553=STYLED_ITEM('',(#4663),#4412);
#4554=STYLED_ITEM('',(#4664),#4413);
#4555=STYLED_ITEM('',(#4665),#4414);
#4556=STYLED_ITEM('',(#4666),#4415);
#4557=STYLED_ITEM('',(#4667),#4416);
#4558=STYLED_ITEM('',(#4668),#4417);
#4559=STYLED_ITEM('',(#4669),#4418);
#4560=STYLED_ITEM('',(#4670),#4419);
#4561=STYLED_ITEM('',(#4671),#4420);
#4562=STYLED_ITEM('',(#4672),#4421);
#4563=STYLED_ITEM('',(#4673),#4422);
#4564=STYLED_ITEM('',(#4674),#4423);
#4565=STYLED_ITEM('',(#4675),#4424);
#4566=STYLED_ITEM('',(#4676),#4425);
#4567=STYLED_ITEM('',(#4677),#4426);
#4568=STYLED_ITEM('',(#4678),#4427);
#4569=STYLED_ITEM('',(#4679),#4428);
#4570=STYLED_ITEM('',(#4680),#4429);
#4571=STYLED_ITEM('',(#4681),#4430);
#4572=STYLED_ITEM('',(#4682),#4431);
#4573=STYLED_ITEM('',(#4683),#4432);
#4574=STYLED_ITEM('',(#4684),#4433);
#4575=STYLED_ITEM('',(#4685),#4434);
#4576=STYLED_ITEM('',(#4686),#4435);
#4577=STYLED_ITEM('',(#4687),#4436);
#4578=STYLED_ITEM('',(#4688),#4437);
#4579=STYLED_ITEM('',(#4689),#4438);
#4580=STYLED_ITEM('',(#4690),#4439);
#4581=STYLED_ITEM('',(#4691),#4440);
#4582=STYLED_ITEM('',(#4692),#4441);
#4583=STYLED_ITEM('',(#4693),#4442);
#4584=STYLED_ITEM('',(#4694),#4443);
#4585=STYLED_ITEM('',(#4695),#4444);
#4586=STYLED_ITEM('',(#4696),#4445);
#4587=STYLED_ITEM('',(#4697),#4446);
#4588=STYLED_ITEM('',(#4698),#4447);
#4589=STYLED_ITEM('',(#4699),#4448);
#4590=STYLED_ITEM('',(#4700),#4449);
#4591=STYLED_ITEM('',(#4701),#5296);
#4592=STYLED_ITEM('',(#4702),#4474);
#4593=STYLED_ITEM('',(#4703),#4475);
#4594=STYLED_ITEM('',(#4704),#4476);
#4595=STYLED_ITEM('',(#4705),#4477);
#4596=STYLED_ITEM('',(#4706),#4478);
#4597=STYLED_ITEM('',(#4707),#4479);
#4598=STYLED_ITEM('',(#4708),#4480);
#4599=STYLED_ITEM('',(#4709),#4481);
#4600=STYLED_ITEM('',(#4710),#4482);
#4601=STYLED_ITEM('',(#4711),#4483);
#4602=STYLED_ITEM('',(#4712),#4484);
#4603=STYLED_ITEM('',(#4713),#4485);
#4604=STYLED_ITEM('',(#4714),#4486);
#4605=STYLED_ITEM('',(#4715),#4487);
#4606=STYLED_ITEM('',(#4716),#4488);
#4607=STYLED_ITEM('',(#4717),#4489);
#4608=STYLED_ITEM('',(#4718),#4490);
#4609=STYLED_ITEM('',(#4719),#4491);
#4610=STYLED_ITEM('',(#4720),#4492);
#4611=STYLED_ITEM('',(#4721),#4493);
#4612=STYLED_ITEM('',(#4722),#4494);
#4613=STYLED_ITEM('',(#4723),#4495);
#4614=STYLED_ITEM('',(#4724),#4496);
#4615=STYLED_ITEM('',(#4725),#4497);
#4616=STYLED_ITEM('',(#4726),#4498);
#4617=STYLED_ITEM('',(#4727),#4499);
#4618=STYLED_ITEM('',(#4728),#4500);
#4619=STYLED_ITEM('',(#4729),#4501);
#4620=STYLED_ITEM('',(#4730),#4502);
#4621=STYLED_ITEM('',(#4731),#4503);
#4622=STYLED_ITEM('',(#4732),#4504);
#4623=STYLED_ITEM('',(#4733),#4505);
#4624=STYLED_ITEM('',(#4734),#4506);
#4625=STYLED_ITEM('',(#4735),#4507);
#4626=STYLED_ITEM('',(#4736),#4508);
#4627=STYLED_ITEM('',(#4737),#4509);
#4628=PRESENTATION_STYLE_ASSIGNMENT((#4738));
#4629=PRESENTATION_STYLE_ASSIGNMENT((#4739));
#4630=PRESENTATION_STYLE_ASSIGNMENT((#4740));
#4631=PRESENTATION_STYLE_ASSIGNMENT((#4741));
#4632=PRESENTATION_STYLE_ASSIGNMENT((#4742));
#4633=PRESENTATION_STYLE_ASSIGNMENT((#4743));
#4634=PRESENTATION_STYLE_ASSIGNMENT((#4744));
#4635=PRESENTATION_STYLE_ASSIGNMENT((#4745));
#4636=PRESENTATION_STYLE_ASSIGNMENT((#4746));
#4637=PRESENTATION_STYLE_ASSIGNMENT((#4747));
#4638=PRESENTATION_STYLE_ASSIGNMENT((#4748));
#4639=PRESENTATION_STYLE_ASSIGNMENT((#4749));
#4640=PRESENTATION_STYLE_ASSIGNMENT((#4750));
#4641=PRESENTATION_STYLE_ASSIGNMENT((#4751));
#4642=PRESENTATION_STYLE_ASSIGNMENT((#4752));
#4643=PRESENTATION_STYLE_ASSIGNMENT((#4753));
#4644=PRESENTATION_STYLE_ASSIGNMENT((#4754));
#4645=PRESENTATION_STYLE_ASSIGNMENT((#4755));
#4646=PRESENTATION_STYLE_ASSIGNMENT((#4756));
#4647=PRESENTATION_STYLE_ASSIGNMENT((#4757));
#4648=PRESENTATION_STYLE_ASSIGNMENT((#4758));
#4649=PRESENTATION_STYLE_ASSIGNMENT((#4759));
#4650=PRESENTATION_STYLE_ASSIGNMENT((#4760));
#4651=PRESENTATION_STYLE_ASSIGNMENT((#4761));
#4652=PRESENTATION_STYLE_ASSIGNMENT((#4762));
#4653=PRESENTATION_STYLE_ASSIGNMENT((#4763));
#4654=PRESENTATION_STYLE_ASSIGNMENT((#4764));
#4655=PRESENTATION_STYLE_ASSIGNMENT((#4765));
#4656=PRESENTATION_STYLE_ASSIGNMENT((#4766));
#4657=PRESENTATION_STYLE_ASSIGNMENT((#4767));
#4658=PRESENTATION_STYLE_ASSIGNMENT((#4768));
#4659=PRESENTATION_STYLE_ASSIGNMENT((#4769));
#4660=PRESENTATION_STYLE_ASSIGNMENT((#4770));
#4661=PRESENTATION_STYLE_ASSIGNMENT((#4771));
#4662=PRESENTATION_STYLE_ASSIGNMENT((#4772));
#4663=PRESENTATION_STYLE_ASSIGNMENT((#4773));
#4664=PRESENTATION_STYLE_ASSIGNMENT((#4774));
#4665=PRESENTATION_STYLE_ASSIGNMENT((#4775));
#4666=PRESENTATION_STYLE_ASSIGNMENT((#4776));
#4667=PRESENTATION_STYLE_ASSIGNMENT((#4777));
#4668=PRESENTATION_STYLE_ASSIGNMENT((#4778));
#4669=PRESENTATION_STYLE_ASSIGNMENT((#4779));
#4670=PRESENTATION_STYLE_ASSIGNMENT((#4780));
#4671=PRESENTATION_STYLE_ASSIGNMENT((#4781));
#4672=PRESENTATION_STYLE_ASSIGNMENT((#4782));
#4673=PRESENTATION_STYLE_ASSIGNMENT((#4783));
#4674=PRESENTATION_STYLE_ASSIGNMENT((#4784));
#4675=PRESENTATION_STYLE_ASSIGNMENT((#4785));
#4676=PRESENTATION_STYLE_ASSIGNMENT((#4786));
#4677=PRESENTATION_STYLE_ASSIGNMENT((#4787));
#4678=PRESENTATION_STYLE_ASSIGNMENT((#4788));
#4679=PRESENTATION_STYLE_ASSIGNMENT((#4789));
#4680=PRESENTATION_STYLE_ASSIGNMENT((#4790));
#4681=PRESENTATION_STYLE_ASSIGNMENT((#4791));
#4682=PRESENTATION_STYLE_ASSIGNMENT((#4792));
#4683=PRESENTATION_STYLE_ASSIGNMENT((#4793));
#4684=PRESENTATION_STYLE_ASSIGNMENT((#4794));
#4685=PRESENTATION_STYLE_ASSIGNMENT((#4795));
#4686=PRESENTATION_STYLE_ASSIGNMENT((#4796));
#4687=PRESENTATION_STYLE_ASSIGNMENT((#4797));
#4688=PRESENTATION_STYLE_ASSIGNMENT((#4798));
#4689=PRESENTATION_STYLE_ASSIGNMENT((#4799));
#4690=PRESENTATION_STYLE_ASSIGNMENT((#4800));
#4691=PRESENTATION_STYLE_ASSIGNMENT((#4801));
#4692=PRESENTATION_STYLE_ASSIGNMENT((#4802));
#4693=PRESENTATION_STYLE_ASSIGNMENT((#4803));
#4694=PRESENTATION_STYLE_ASSIGNMENT((#4804));
#4695=PRESENTATION_STYLE_ASSIGNMENT((#4805));
#4696=PRESENTATION_STYLE_ASSIGNMENT((#4806));
#4697=PRESENTATION_STYLE_ASSIGNMENT((#4807));
#4698=PRESENTATION_STYLE_ASSIGNMENT((#4808));
#4699=PRESENTATION_STYLE_ASSIGNMENT((#4809));
#4700=PRESENTATION_STYLE_ASSIGNMENT((#4810));
#4701=PRESENTATION_STYLE_ASSIGNMENT((#4811));
#4702=PRESENTATION_STYLE_ASSIGNMENT((#4812));
#4703=PRESENTATION_STYLE_ASSIGNMENT((#4813));
#4704=PRESENTATION_STYLE_ASSIGNMENT((#4814));
#4705=PRESENTATION_STYLE_ASSIGNMENT((#4815));
#4706=PRESENTATION_STYLE_ASSIGNMENT((#4816));
#4707=PRESENTATION_STYLE_ASSIGNMENT((#4817));
#4708=PRESENTATION_STYLE_ASSIGNMENT((#4818));
#4709=PRESENTATION_STYLE_ASSIGNMENT((#4819));
#4710=PRESENTATION_STYLE_ASSIGNMENT((#4820));
#4711=PRESENTATION_STYLE_ASSIGNMENT((#4821));
#4712=PRESENTATION_STYLE_ASSIGNMENT((#4822));
#4713=PRESENTATION_STYLE_ASSIGNMENT((#4823));
#4714=PRESENTATION_STYLE_ASSIGNMENT((#4824));
#4715=PRESENTATION_STYLE_ASSIGNMENT((#4825));
#4716=PRESENTATION_STYLE_ASSIGNMENT((#4826));
#4717=PRESENTATION_STYLE_ASSIGNMENT((#4827));
#4718=PRESENTATION_STYLE_ASSIGNMENT((#4828));
#4719=PRESENTATION_STYLE_ASSIGNMENT((#4829));
#4720=PRESENTATION_STYLE_ASSIGNMENT((#4830));
#4721=PRESENTATION_STYLE_ASSIGNMENT((#4831));
#4722=PRESENTATION_STYLE_ASSIGNMENT((#4832));
#4723=PRESENTATION_STYLE_ASSIGNMENT((#4833));
#4724=PRESENTATION_STYLE_ASSIGNMENT((#4834));
#4725=PRESENTATION_STYLE_ASSIGNMENT((#4835));
#4726=PRESENTATION_STYLE_ASSIGNMENT((#4836));
#4727=PRESENTATION_STYLE_ASSIGNMENT((#4837));
#4728=PRESENTATION_STYLE_ASSIGNMENT((#4838));
#4729=PRESENTATION_STYLE_ASSIGNMENT((#4839));
#4730=PRESENTATION_STYLE_ASSIGNMENT((#4840));
#4731=PRESENTATION_STYLE_ASSIGNMENT((#4841));
#4732=PRESENTATION_STYLE_ASSIGNMENT((#4842));
#4733=PRESENTATION_STYLE_ASSIGNMENT((#4843));
#4734=PRESENTATION_STYLE_ASSIGNMENT((#4844));
#4735=PRESENTATION_STYLE_ASSIGNMENT((#4845));
#4736=PRESENTATION_STYLE_ASSIGNMENT((#4846));
#4737=PRESENTATION_STYLE_ASSIGNMENT((#4847));
#4738=SURFACE_STYLE_USAGE(.BOTH.,#4848);
#4739=SURFACE_STYLE_USAGE(.BOTH.,#4849);
#4740=SURFACE_STYLE_USAGE(.BOTH.,#4850);
#4741=SURFACE_STYLE_USAGE(.BOTH.,#4851);
#4742=SURFACE_STYLE_USAGE(.BOTH.,#4852);
#4743=SURFACE_STYLE_USAGE(.BOTH.,#4853);
#4744=SURFACE_STYLE_USAGE(.BOTH.,#4854);
#4745=SURFACE_STYLE_USAGE(.BOTH.,#4855);
#4746=SURFACE_STYLE_USAGE(.BOTH.,#4856);
#4747=SURFACE_STYLE_USAGE(.BOTH.,#4857);
#4748=SURFACE_STYLE_USAGE(.BOTH.,#4858);
#4749=SURFACE_STYLE_USAGE(.BOTH.,#4859);
#4750=SURFACE_STYLE_USAGE(.BOTH.,#4860);
#4751=SURFACE_STYLE_USAGE(.BOTH.,#4861);
#4752=SURFACE_STYLE_USAGE(.BOTH.,#4862);
#4753=SURFACE_STYLE_USAGE(.BOTH.,#4863);
#4754=SURFACE_STYLE_USAGE(.BOTH.,#4864);
#4755=SURFACE_STYLE_USAGE(.BOTH.,#4865);
#4756=SURFACE_STYLE_USAGE(.BOTH.,#4866);
#4757=SURFACE_STYLE_USAGE(.BOTH.,#4867);
#4758=SURFACE_STYLE_USAGE(.BOTH.,#4868);
#4759=SURFACE_STYLE_USAGE(.BOTH.,#4869);
#4760=SURFACE_STYLE_USAGE(.BOTH.,#4870);
#4761=SURFACE_STYLE_USAGE(.BOTH.,#4871);
#4762=SURFACE_STYLE_USAGE(.BOTH.,#4872);
#4763=SURFACE_STYLE_USAGE(.BOTH.,#4873);
#4764=SURFACE_STYLE_USAGE(.BOTH.,#4874);
#4765=SURFACE_STYLE_USAGE(.BOTH.,#4875);
#4766=SURFACE_STYLE_USAGE(.BOTH.,#4876);
#4767=SURFACE_STYLE_USAGE(.BOTH.,#4877);
#4768=SURFACE_STYLE_USAGE(.BOTH.,#4878);
#4769=SURFACE_STYLE_USAGE(.BOTH.,#4879);
#4770=SURFACE_STYLE_USAGE(.BOTH.,#4880);
#4771=SURFACE_STYLE_USAGE(.BOTH.,#4881);
#4772=SURFACE_STYLE_USAGE(.BOTH.,#4882);
#4773=SURFACE_STYLE_USAGE(.BOTH.,#4883);
#4774=SURFACE_STYLE_USAGE(.BOTH.,#4884);
#4775=SURFACE_STYLE_USAGE(.BOTH.,#4885);
#4776=SURFACE_STYLE_USAGE(.BOTH.,#4886);
#4777=SURFACE_STYLE_USAGE(.BOTH.,#4887);
#4778=SURFACE_STYLE_USAGE(.BOTH.,#4888);
#4779=SURFACE_STYLE_USAGE(.BOTH.,#4889);
#4780=SURFACE_STYLE_USAGE(.BOTH.,#4890);
#4781=SURFACE_STYLE_USAGE(.BOTH.,#4891);
#4782=SURFACE_STYLE_USAGE(.BOTH.,#4892);
#4783=SURFACE_STYLE_USAGE(.BOTH.,#4893);
#4784=SURFACE_STYLE_USAGE(.BOTH.,#4894);
#4785=SURFACE_STYLE_USAGE(.BOTH.,#4895);
#4786=SURFACE_STYLE_USAGE(.BOTH.,#4896);
#4787=SURFACE_STYLE_USAGE(.BOTH.,#4897);
#4788=SURFACE_STYLE_USAGE(.BOTH.,#4898);
#4789=SURFACE_STYLE_USAGE(.BOTH.,#4899);
#4790=SURFACE_STYLE_USAGE(.BOTH.,#4900);
#4791=SURFACE_STYLE_USAGE(.BOTH.,#4901);
#4792=SURFACE_STYLE_USAGE(.BOTH.,#4902);
#4793=SURFACE_STYLE_USAGE(.BOTH.,#4903);
#4794=SURFACE_STYLE_USAGE(.BOTH.,#4904);
#4795=SURFACE_STYLE_USAGE(.BOTH.,#4905);
#4796=SURFACE_STYLE_USAGE(.BOTH.,#4906);
#4797=SURFACE_STYLE_USAGE(.BOTH.,#4907);
#4798=SURFACE_STYLE_USAGE(.BOTH.,#4908);
#4799=SURFACE_STYLE_USAGE(.BOTH.,#4909);
#4800=SURFACE_STYLE_USAGE(.BOTH.,#4910);
#4801=SURFACE_STYLE_USAGE(.BOTH.,#4911);
#4802=SURFACE_STYLE_USAGE(.BOTH.,#4912);
#4803=SURFACE_STYLE_USAGE(.BOTH.,#4913);
#4804=SURFACE_STYLE_USAGE(.BOTH.,#4914);
#4805=SURFACE_STYLE_USAGE(.BOTH.,#4915);
#4806=SURFACE_STYLE_USAGE(.BOTH.,#4916);
#4807=SURFACE_STYLE_USAGE(.BOTH.,#4917);
#4808=SURFACE_STYLE_USAGE(.BOTH.,#4918);
#4809=SURFACE_STYLE_USAGE(.BOTH.,#4919);
#4810=SURFACE_STYLE_USAGE(.BOTH.,#4920);
#4811=SURFACE_STYLE_USAGE(.BOTH.,#4921);
#4812=SURFACE_STYLE_USAGE(.BOTH.,#4922);
#4813=SURFACE_STYLE_USAGE(.BOTH.,#4923);
#4814=SURFACE_STYLE_USAGE(.BOTH.,#4924);
#4815=SURFACE_STYLE_USAGE(.BOTH.,#4925);
#4816=SURFACE_STYLE_USAGE(.BOTH.,#4926);
#4817=SURFACE_STYLE_USAGE(.BOTH.,#4927);
#4818=SURFACE_STYLE_USAGE(.BOTH.,#4928);
#4819=SURFACE_STYLE_USAGE(.BOTH.,#4929);
#4820=SURFACE_STYLE_USAGE(.BOTH.,#4930);
#4821=SURFACE_STYLE_USAGE(.BOTH.,#4931);
#4822=SURFACE_STYLE_USAGE(.BOTH.,#4932);
#4823=SURFACE_STYLE_USAGE(.BOTH.,#4933);
#4824=SURFACE_STYLE_USAGE(.BOTH.,#4934);
#4825=SURFACE_STYLE_USAGE(.BOTH.,#4935);
#4826=SURFACE_STYLE_USAGE(.BOTH.,#4936);
#4827=SURFACE_STYLE_USAGE(.BOTH.,#4937);
#4828=SURFACE_STYLE_USAGE(.BOTH.,#4938);
#4829=SURFACE_STYLE_USAGE(.BOTH.,#4939);
#4830=SURFACE_STYLE_USAGE(.BOTH.,#4940);
#4831=SURFACE_STYLE_USAGE(.BOTH.,#4941);
#4832=SURFACE_STYLE_USAGE(.BOTH.,#4942);
#4833=SURFACE_STYLE_USAGE(.BOTH.,#4943);
#4834=SURFACE_STYLE_USAGE(.BOTH.,#4944);
#4835=SURFACE_STYLE_USAGE(.BOTH.,#4945);
#4836=SURFACE_STYLE_USAGE(.BOTH.,#4946);
#4837=SURFACE_STYLE_USAGE(.BOTH.,#4947);
#4838=SURFACE_STYLE_USAGE(.BOTH.,#4948);
#4839=SURFACE_STYLE_USAGE(.BOTH.,#4949);
#4840=SURFACE_STYLE_USAGE(.BOTH.,#4950);
#4841=SURFACE_STYLE_USAGE(.BOTH.,#4951);
#4842=SURFACE_STYLE_USAGE(.BOTH.,#4952);
#4843=SURFACE_STYLE_USAGE(.BOTH.,#4953);
#4844=SURFACE_STYLE_USAGE(.BOTH.,#4954);
#4845=SURFACE_STYLE_USAGE(.BOTH.,#4955);
#4846=SURFACE_STYLE_USAGE(.BOTH.,#4956);
#4847=SURFACE_STYLE_USAGE(.BOTH.,#4957);
#4848=SURFACE_SIDE_STYLE('',(#4958));
#4849=SURFACE_SIDE_STYLE('',(#4959));
#4850=SURFACE_SIDE_STYLE('',(#4960));
#4851=SURFACE_SIDE_STYLE('',(#4961));
#4852=SURFACE_SIDE_STYLE('',(#4962));
#4853=SURFACE_SIDE_STYLE('',(#4963));
#4854=SURFACE_SIDE_STYLE('',(#4964));
#4855=SURFACE_SIDE_STYLE('',(#4965));
#4856=SURFACE_SIDE_STYLE('',(#4966));
#4857=SURFACE_SIDE_STYLE('',(#4967));
#4858=SURFACE_SIDE_STYLE('',(#4968));
#4859=SURFACE_SIDE_STYLE('',(#4969));
#4860=SURFACE_SIDE_STYLE('',(#4970));
#4861=SURFACE_SIDE_STYLE('',(#4971));
#4862=SURFACE_SIDE_STYLE('',(#4972));
#4863=SURFACE_SIDE_STYLE('',(#4973));
#4864=SURFACE_SIDE_STYLE('',(#4974));
#4865=SURFACE_SIDE_STYLE('',(#4975));
#4866=SURFACE_SIDE_STYLE('',(#4976));
#4867=SURFACE_SIDE_STYLE('',(#4977));
#4868=SURFACE_SIDE_STYLE('',(#4978));
#4869=SURFACE_SIDE_STYLE('',(#4979));
#4870=SURFACE_SIDE_STYLE('',(#4980));
#4871=SURFACE_SIDE_STYLE('',(#4981));
#4872=SURFACE_SIDE_STYLE('',(#4982));
#4873=SURFACE_SIDE_STYLE('',(#4983));
#4874=SURFACE_SIDE_STYLE('',(#4984));
#4875=SURFACE_SIDE_STYLE('',(#4985));
#4876=SURFACE_SIDE_STYLE('',(#4986));
#4877=SURFACE_SIDE_STYLE('',(#4987));
#4878=SURFACE_SIDE_STYLE('',(#4988));
#4879=SURFACE_SIDE_STYLE('',(#4989));
#4880=SURFACE_SIDE_STYLE('',(#4990));
#4881=SURFACE_SIDE_STYLE('',(#4991));
#4882=SURFACE_SIDE_STYLE('',(#4992));
#4883=SURFACE_SIDE_STYLE('',(#4993));
#4884=SURFACE_SIDE_STYLE('',(#4994));
#4885=SURFACE_SIDE_STYLE('',(#4995));
#4886=SURFACE_SIDE_STYLE('',(#4996));
#4887=SURFACE_SIDE_STYLE('',(#4997));
#4888=SURFACE_SIDE_STYLE('',(#4998));
#4889=SURFACE_SIDE_STYLE('',(#4999));
#4890=SURFACE_SIDE_STYLE('',(#5000));
#4891=SURFACE_SIDE_STYLE('',(#5001));
#4892=SURFACE_SIDE_STYLE('',(#5002));
#4893=SURFACE_SIDE_STYLE('',(#5003));
#4894=SURFACE_SIDE_STYLE('',(#5004));
#4895=SURFACE_SIDE_STYLE('',(#5005));
#4896=SURFACE_SIDE_STYLE('',(#5006));
#4897=SURFACE_SIDE_STYLE('',(#5007));
#4898=SURFACE_SIDE_STYLE('',(#5008));
#4899=SURFACE_SIDE_STYLE('',(#5009));
#4900=SURFACE_SIDE_STYLE('',(#5010));
#4901=SURFACE_SIDE_STYLE('',(#5011));
#4902=SURFACE_SIDE_STYLE('',(#5012));
#4903=SURFACE_SIDE_STYLE('',(#5013));
#4904=SURFACE_SIDE_STYLE('',(#5014));
#4905=SURFACE_SIDE_STYLE('',(#5015));
#4906=SURFACE_SIDE_STYLE('',(#5016));
#4907=SURFACE_SIDE_STYLE('',(#5017));
#4908=SURFACE_SIDE_STYLE('',(#5018));
#4909=SURFACE_SIDE_STYLE('',(#5019));
#4910=SURFACE_SIDE_STYLE('',(#5020));
#4911=SURFACE_SIDE_STYLE('',(#5021));
#4912=SURFACE_SIDE_STYLE('',(#5022));
#4913=SURFACE_SIDE_STYLE('',(#5023));
#4914=SURFACE_SIDE_STYLE('',(#5024));
#4915=SURFACE_SIDE_STYLE('',(#5025));
#4916=SURFACE_SIDE_STYLE('',(#5026));
#4917=SURFACE_SIDE_STYLE('',(#5027));
#4918=SURFACE_SIDE_STYLE('',(#5028));
#4919=SURFACE_SIDE_STYLE('',(#5029));
#4920=SURFACE_SIDE_STYLE('',(#5030));
#4921=SURFACE_SIDE_STYLE('',(#5031));
#4922=SURFACE_SIDE_STYLE('',(#5032));
#4923=SURFACE_SIDE_STYLE('',(#5033));
#4924=SURFACE_SIDE_STYLE('',(#5034));
#4925=SURFACE_SIDE_STYLE('',(#5035));
#4926=SURFACE_SIDE_STYLE('',(#5036));
#4927=SURFACE_SIDE_STYLE('',(#5037));
#4928=SURFACE_SIDE_STYLE('',(#5038));
#4929=SURFACE_SIDE_STYLE('',(#5039));
#4930=SURFACE_SIDE_STYLE('',(#5040));
#4931=SURFACE_SIDE_STYLE('',(#5041));
#4932=SURFACE_SIDE_STYLE('',(#5042));
#4933=SURFACE_SIDE_STYLE('',(#5043));
#4934=SURFACE_SIDE_STYLE('',(#5044));
#4935=SURFACE_SIDE_STYLE('',(#5045));
#4936=SURFACE_SIDE_STYLE('',(#5046));
#4937=SURFACE_SIDE_STYLE('',(#5047));
#4938=SURFACE_SIDE_STYLE('',(#5048));
#4939=SURFACE_SIDE_STYLE('',(#5049));
#4940=SURFACE_SIDE_STYLE('',(#5050));
#4941=SURFACE_SIDE_STYLE('',(#5051));
#4942=SURFACE_SIDE_STYLE('',(#5052));
#4943=SURFACE_SIDE_STYLE('',(#5053));
#4944=SURFACE_SIDE_STYLE('',(#5054));
#4945=SURFACE_SIDE_STYLE('',(#5055));
#4946=SURFACE_SIDE_STYLE('',(#5056));
#4947=SURFACE_SIDE_STYLE('',(#5057));
#4948=SURFACE_SIDE_STYLE('',(#5058));
#4949=SURFACE_SIDE_STYLE('',(#5059));
#4950=SURFACE_SIDE_STYLE('',(#5060));
#4951=SURFACE_SIDE_STYLE('',(#5061));
#4952=SURFACE_SIDE_STYLE('',(#5062));
#4953=SURFACE_SIDE_STYLE('',(#5063));
#4954=SURFACE_SIDE_STYLE('',(#5064));
#4955=SURFACE_SIDE_STYLE('',(#5065));
#4956=SURFACE_SIDE_STYLE('',(#5066));
#4957=SURFACE_SIDE_STYLE('',(#5067));
#4958=SURFACE_STYLE_FILL_AREA(#5068);
#4959=SURFACE_STYLE_FILL_AREA(#5069);
#4960=SURFACE_STYLE_FILL_AREA(#5070);
#4961=SURFACE_STYLE_FILL_AREA(#5071);
#4962=SURFACE_STYLE_FILL_AREA(#5072);
#4963=SURFACE_STYLE_FILL_AREA(#5073);
#4964=SURFACE_STYLE_FILL_AREA(#5074);
#4965=SURFACE_STYLE_FILL_AREA(#5075);
#4966=SURFACE_STYLE_FILL_AREA(#5076);
#4967=SURFACE_STYLE_FILL_AREA(#5077);
#4968=SURFACE_STYLE_FILL_AREA(#5078);
#4969=SURFACE_STYLE_FILL_AREA(#5079);
#4970=SURFACE_STYLE_FILL_AREA(#5080);
#4971=SURFACE_STYLE_FILL_AREA(#5081);
#4972=SURFACE_STYLE_FILL_AREA(#5082);
#4973=SURFACE_STYLE_FILL_AREA(#5083);
#4974=SURFACE_STYLE_FILL_AREA(#5084);
#4975=SURFACE_STYLE_FILL_AREA(#5085);
#4976=SURFACE_STYLE_FILL_AREA(#5086);
#4977=SURFACE_STYLE_FILL_AREA(#5087);
#4978=SURFACE_STYLE_FILL_AREA(#5088);
#4979=SURFACE_STYLE_FILL_AREA(#5089);
#4980=SURFACE_STYLE_FILL_AREA(#5090);
#4981=SURFACE_STYLE_FILL_AREA(#5091);
#4982=SURFACE_STYLE_FILL_AREA(#5092);
#4983=SURFACE_STYLE_FILL_AREA(#5093);
#4984=SURFACE_STYLE_FILL_AREA(#5094);
#4985=SURFACE_STYLE_FILL_AREA(#5095);
#4986=SURFACE_STYLE_FILL_AREA(#5096);
#4987=SURFACE_STYLE_FILL_AREA(#5097);
#4988=SURFACE_STYLE_FILL_AREA(#5098);
#4989=SURFACE_STYLE_FILL_AREA(#5099);
#4990=SURFACE_STYLE_FILL_AREA(#5100);
#4991=SURFACE_STYLE_FILL_AREA(#5101);
#4992=SURFACE_STYLE_FILL_AREA(#5102);
#4993=SURFACE_STYLE_FILL_AREA(#5103);
#4994=SURFACE_STYLE_FILL_AREA(#5104);
#4995=SURFACE_STYLE_FILL_AREA(#5105);
#4996=SURFACE_STYLE_FILL_AREA(#5106);
#4997=SURFACE_STYLE_FILL_AREA(#5107);
#4998=SURFACE_STYLE_FILL_AREA(#5108);
#4999=SURFACE_STYLE_FILL_AREA(#5109);
#5000=SURFACE_STYLE_FILL_AREA(#5110);
#5001=SURFACE_STYLE_FILL_AREA(#5111);
#5002=SURFACE_STYLE_FILL_AREA(#5112);
#5003=SURFACE_STYLE_FILL_AREA(#5113);
#5004=SURFACE_STYLE_FILL_AREA(#5114);
#5005=SURFACE_STYLE_FILL_AREA(#5115);
#5006=SURFACE_STYLE_FILL_AREA(#5116);
#5007=SURFACE_STYLE_FILL_AREA(#5117);
#5008=SURFACE_STYLE_FILL_AREA(#5118);
#5009=SURFACE_STYLE_FILL_AREA(#5119);
#5010=SURFACE_STYLE_FILL_AREA(#5120);
#5011=SURFACE_STYLE_FILL_AREA(#5121);
#5012=SURFACE_STYLE_FILL_AREA(#5122);
#5013=SURFACE_STYLE_FILL_AREA(#5123);
#5014=SURFACE_STYLE_FILL_AREA(#5124);
#5015=SURFACE_STYLE_FILL_AREA(#5125);
#5016=SURFACE_STYLE_FILL_AREA(#5126);
#5017=SURFACE_STYLE_FILL_AREA(#5127);
#5018=SURFACE_STYLE_FILL_AREA(#5128);
#5019=SURFACE_STYLE_FILL_AREA(#5129);
#5020=SURFACE_STYLE_FILL_AREA(#5130);
#5021=SURFACE_STYLE_FILL_AREA(#5131);
#5022=SURFACE_STYLE_FILL_AREA(#5132);
#5023=SURFACE_STYLE_FILL_AREA(#5133);
#5024=SURFACE_STYLE_FILL_AREA(#5134);
#5025=SURFACE_STYLE_FILL_AREA(#5135);
#5026=SURFACE_STYLE_FILL_AREA(#5136);
#5027=SURFACE_STYLE_FILL_AREA(#5137);
#5028=SURFACE_STYLE_FILL_AREA(#5138);
#5029=SURFACE_STYLE_FILL_AREA(#5139);
#5030=SURFACE_STYLE_FILL_AREA(#5140);
#5031=SURFACE_STYLE_FILL_AREA(#5141);
#5032=SURFACE_STYLE_FILL_AREA(#5142);
#5033=SURFACE_STYLE_FILL_AREA(#5143);
#5034=SURFACE_STYLE_FILL_AREA(#5144);
#5035=SURFACE_STYLE_FILL_AREA(#5145);
#5036=SURFACE_STYLE_FILL_AREA(#5146);
#5037=SURFACE_STYLE_FILL_AREA(#5147);
#5038=SURFACE_STYLE_FILL_AREA(#5148);
#5039=SURFACE_STYLE_FILL_AREA(#5149);
#5040=SURFACE_STYLE_FILL_AREA(#5150);
#5041=SURFACE_STYLE_FILL_AREA(#5151);
#5042=SURFACE_STYLE_FILL_AREA(#5152);
#5043=SURFACE_STYLE_FILL_AREA(#5153);
#5044=SURFACE_STYLE_FILL_AREA(#5154);
#5045=SURFACE_STYLE_FILL_AREA(#5155);
#5046=SURFACE_STYLE_FILL_AREA(#5156);
#5047=SURFACE_STYLE_FILL_AREA(#5157);
#5048=SURFACE_STYLE_FILL_AREA(#5158);
#5049=SURFACE_STYLE_FILL_AREA(#5159);
#5050=SURFACE_STYLE_FILL_AREA(#5160);
#5051=SURFACE_STYLE_FILL_AREA(#5161);
#5052=SURFACE_STYLE_FILL_AREA(#5162);
#5053=SURFACE_STYLE_FILL_AREA(#5163);
#5054=SURFACE_STYLE_FILL_AREA(#5164);
#5055=SURFACE_STYLE_FILL_AREA(#5165);
#5056=SURFACE_STYLE_FILL_AREA(#5166);
#5057=SURFACE_STYLE_FILL_AREA(#5167);
#5058=SURFACE_STYLE_FILL_AREA(#5168);
#5059=SURFACE_STYLE_FILL_AREA(#5169);
#5060=SURFACE_STYLE_FILL_AREA(#5170);
#5061=SURFACE_STYLE_FILL_AREA(#5171);
#5062=SURFACE_STYLE_FILL_AREA(#5172);
#5063=SURFACE_STYLE_FILL_AREA(#5173);
#5064=SURFACE_STYLE_FILL_AREA(#5174);
#5065=SURFACE_STYLE_FILL_AREA(#5175);
#5066=SURFACE_STYLE_FILL_AREA(#5176);
#5067=SURFACE_STYLE_FILL_AREA(#5177);
#5068=FILL_AREA_STYLE('',(#5178));
#5069=FILL_AREA_STYLE('',(#5179));
#5070=FILL_AREA_STYLE('',(#5180));
#5071=FILL_AREA_STYLE('',(#5181));
#5072=FILL_AREA_STYLE('',(#5182));
#5073=FILL_AREA_STYLE('',(#5183));
#5074=FILL_AREA_STYLE('',(#5184));
#5075=FILL_AREA_STYLE('',(#5185));
#5076=FILL_AREA_STYLE('',(#5186));
#5077=FILL_AREA_STYLE('',(#5187));
#5078=FILL_AREA_STYLE('',(#5188));
#5079=FILL_AREA_STYLE('',(#5189));
#5080=FILL_AREA_STYLE('',(#5190));
#5081=FILL_AREA_STYLE('',(#5191));
#5082=FILL_AREA_STYLE('',(#5192));
#5083=FILL_AREA_STYLE('',(#5193));
#5084=FILL_AREA_STYLE('',(#5194));
#5085=FILL_AREA_STYLE('',(#5195));
#5086=FILL_AREA_STYLE('',(#5196));
#5087=FILL_AREA_STYLE('',(#5197));
#5088=FILL_AREA_STYLE('',(#5198));
#5089=FILL_AREA_STYLE('',(#5199));
#5090=FILL_AREA_STYLE('',(#5200));
#5091=FILL_AREA_STYLE('',(#5201));
#5092=FILL_AREA_STYLE('',(#5202));
#5093=FILL_AREA_STYLE('',(#5203));
#5094=FILL_AREA_STYLE('',(#5204));
#5095=FILL_AREA_STYLE('',(#5205));
#5096=FILL_AREA_STYLE('',(#5206));
#5097=FILL_AREA_STYLE('',(#5207));
#5098=FILL_AREA_STYLE('',(#5208));
#5099=FILL_AREA_STYLE('',(#5209));
#5100=FILL_AREA_STYLE('',(#5210));
#5101=FILL_AREA_STYLE('',(#5211));
#5102=FILL_AREA_STYLE('',(#5212));
#5103=FILL_AREA_STYLE('',(#5213));
#5104=FILL_AREA_STYLE('',(#5214));
#5105=FILL_AREA_STYLE('',(#5215));
#5106=FILL_AREA_STYLE('',(#5216));
#5107=FILL_AREA_STYLE('',(#5217));
#5108=FILL_AREA_STYLE('',(#5218));
#5109=FILL_AREA_STYLE('',(#5219));
#5110=FILL_AREA_STYLE('',(#5220));
#5111=FILL_AREA_STYLE('',(#5221));
#5112=FILL_AREA_STYLE('',(#5222));
#5113=FILL_AREA_STYLE('',(#5223));
#5114=FILL_AREA_STYLE('',(#5224));
#5115=FILL_AREA_STYLE('',(#5225));
#5116=FILL_AREA_STYLE('',(#5226));
#5117=FILL_AREA_STYLE('',(#5227));
#5118=FILL_AREA_STYLE('',(#5228));
#5119=FILL_AREA_STYLE('',(#5229));
#5120=FILL_AREA_STYLE('',(#5230));
#5121=FILL_AREA_STYLE('',(#5231));
#5122=FILL_AREA_STYLE('',(#5232));
#5123=FILL_AREA_STYLE('',(#5233));
#5124=FILL_AREA_STYLE('',(#5234));
#5125=FILL_AREA_STYLE('',(#5235));
#5126=FILL_AREA_STYLE('',(#5236));
#5127=FILL_AREA_STYLE('',(#5237));
#5128=FILL_AREA_STYLE('',(#5238));
#5129=FILL_AREA_STYLE('',(#5239));
#5130=FILL_AREA_STYLE('',(#5240));
#5131=FILL_AREA_STYLE('',(#5241));
#5132=FILL_AREA_STYLE('',(#5242));
#5133=FILL_AREA_STYLE('',(#5243));
#5134=FILL_AREA_STYLE('',(#5244));
#5135=FILL_AREA_STYLE('',(#5245));
#5136=FILL_AREA_STYLE('',(#5246));
#5137=FILL_AREA_STYLE('',(#5247));
#5138=FILL_AREA_STYLE('',(#5248));
#5139=FILL_AREA_STYLE('',(#5249));
#5140=FILL_AREA_STYLE('',(#5250));
#5141=FILL_AREA_STYLE('',(#5251));
#5142=FILL_AREA_STYLE('',(#5252));
#5143=FILL_AREA_STYLE('',(#5253));
#5144=FILL_AREA_STYLE('',(#5254));
#5145=FILL_AREA_STYLE('',(#5255));
#5146=FILL_AREA_STYLE('',(#5256));
#5147=FILL_AREA_STYLE('',(#5257));
#5148=FILL_AREA_STYLE('',(#5258));
#5149=FILL_AREA_STYLE('',(#5259));
#5150=FILL_AREA_STYLE('',(#5260));
#5151=FILL_AREA_STYLE('',(#5261));
#5152=FILL_AREA_STYLE('',(#5262));
#5153=FILL_AREA_STYLE('',(#5263));
#5154=FILL_AREA_STYLE('',(#5264));
#5155=FILL_AREA_STYLE('',(#5265));
#5156=FILL_AREA_STYLE('',(#5266));
#5157=FILL_AREA_STYLE('',(#5267));
#5158=FILL_AREA_STYLE('',(#5268));
#5159=FILL_AREA_STYLE('',(#5269));
#5160=FILL_AREA_STYLE('',(#5270));
#5161=FILL_AREA_STYLE('',(#5271));
#5162=FILL_AREA_STYLE('',(#5272));
#5163=FILL_AREA_STYLE('',(#5273));
#5164=FILL_AREA_STYLE('',(#5274));
#5165=FILL_AREA_STYLE('',(#5275));
#5166=FILL_AREA_STYLE('',(#5276));
#5167=FILL_AREA_STYLE('',(#5277));
#5168=FILL_AREA_STYLE('',(#5278));
#5169=FILL_AREA_STYLE('',(#5279));
#5170=FILL_AREA_STYLE('',(#5280));
#5171=FILL_AREA_STYLE('',(#5281));
#5172=FILL_AREA_STYLE('',(#5282));
#5173=FILL_AREA_STYLE('',(#5283));
#5174=FILL_AREA_STYLE('',(#5284));
#5175=FILL_AREA_STYLE('',(#5285));
#5176=FILL_AREA_STYLE('',(#5286));
#5177=FILL_AREA_STYLE('',(#5287));
#5178=FILL_AREA_STYLE_COLOUR('',#5288);
#5179=FILL_AREA_STYLE_COLOUR('',#5289);
#5180=FILL_AREA_STYLE_COLOUR('',#5289);
#5181=FILL_AREA_STYLE_COLOUR('',#5290);
#5182=FILL_AREA_STYLE_COLOUR('',#5289);
#5183=FILL_AREA_STYLE_COLOUR('',#5289);
#5184=FILL_AREA_STYLE_COLOUR('',#5289);
#5185=FILL_AREA_STYLE_COLOUR('',#5289);
#5186=FILL_AREA_STYLE_COLOUR('',#5289);
#5187=FILL_AREA_STYLE_COLOUR('',#5289);
#5188=FILL_AREA_STYLE_COLOUR('',#5289);
#5189=FILL_AREA_STYLE_COLOUR('',#5289);
#5190=FILL_AREA_STYLE_COLOUR('',#5289);
#5191=FILL_AREA_STYLE_COLOUR('',#5289);
#5192=FILL_AREA_STYLE_COLOUR('',#5289);
#5193=FILL_AREA_STYLE_COLOUR('',#5289);
#5194=FILL_AREA_STYLE_COLOUR('',#5289);
#5195=FILL_AREA_STYLE_COLOUR('',#5289);
#5196=FILL_AREA_STYLE_COLOUR('',#5289);
#5197=FILL_AREA_STYLE_COLOUR('',#5290);
#5198=FILL_AREA_STYLE_COLOUR('',#5289);
#5199=FILL_AREA_STYLE_COLOUR('',#5289);
#5200=FILL_AREA_STYLE_COLOUR('',#5289);
#5201=FILL_AREA_STYLE_COLOUR('',#5289);
#5202=FILL_AREA_STYLE_COLOUR('',#5289);
#5203=FILL_AREA_STYLE_COLOUR('',#5289);
#5204=FILL_AREA_STYLE_COLOUR('',#5289);
#5205=FILL_AREA_STYLE_COLOUR('',#5289);
#5206=FILL_AREA_STYLE_COLOUR('',#5289);
#5207=FILL_AREA_STYLE_COLOUR('',#5289);
#5208=FILL_AREA_STYLE_COLOUR('',#5289);
#5209=FILL_AREA_STYLE_COLOUR('',#5289);
#5210=FILL_AREA_STYLE_COLOUR('',#5289);
#5211=FILL_AREA_STYLE_COLOUR('',#5289);
#5212=FILL_AREA_STYLE_COLOUR('',#5289);
#5213=FILL_AREA_STYLE_COLOUR('',#5289);
#5214=FILL_AREA_STYLE_COLOUR('',#5289);
#5215=FILL_AREA_STYLE_COLOUR('',#5290);
#5216=FILL_AREA_STYLE_COLOUR('',#5289);
#5217=FILL_AREA_STYLE_COLOUR('',#5289);
#5218=FILL_AREA_STYLE_COLOUR('',#5289);
#5219=FILL_AREA_STYLE_COLOUR('',#5289);
#5220=FILL_AREA_STYLE_COLOUR('',#5289);
#5221=FILL_AREA_STYLE_COLOUR('',#5289);
#5222=FILL_AREA_STYLE_COLOUR('',#5289);
#5223=FILL_AREA_STYLE_COLOUR('',#5289);
#5224=FILL_AREA_STYLE_COLOUR('',#5289);
#5225=FILL_AREA_STYLE_COLOUR('',#5289);
#5226=FILL_AREA_STYLE_COLOUR('',#5289);
#5227=FILL_AREA_STYLE_COLOUR('',#5289);
#5228=FILL_AREA_STYLE_COLOUR('',#5289);
#5229=FILL_AREA_STYLE_COLOUR('',#5289);
#5230=FILL_AREA_STYLE_COLOUR('',#5289);
#5231=FILL_AREA_STYLE_COLOUR('',#5289);
#5232=FILL_AREA_STYLE_COLOUR('',#5289);
#5233=FILL_AREA_STYLE_COLOUR('',#5289);
#5234=FILL_AREA_STYLE_COLOUR('',#5289);
#5235=FILL_AREA_STYLE_COLOUR('',#5289);
#5236=FILL_AREA_STYLE_COLOUR('',#5290);
#5237=FILL_AREA_STYLE_COLOUR('',#5289);
#5238=FILL_AREA_STYLE_COLOUR('',#5289);
#5239=FILL_AREA_STYLE_COLOUR('',#5289);
#5240=FILL_AREA_STYLE_COLOUR('',#5289);
#5241=FILL_AREA_STYLE_COLOUR('',#5289);
#5242=FILL_AREA_STYLE_COLOUR('',#5289);
#5243=FILL_AREA_STYLE_COLOUR('',#5289);
#5244=FILL_AREA_STYLE_COLOUR('',#5289);
#5245=FILL_AREA_STYLE_COLOUR('',#5289);
#5246=FILL_AREA_STYLE_COLOUR('',#5289);
#5247=FILL_AREA_STYLE_COLOUR('',#5289);
#5248=FILL_AREA_STYLE_COLOUR('',#5289);
#5249=FILL_AREA_STYLE_COLOUR('',#5289);
#5250=FILL_AREA_STYLE_COLOUR('',#5289);
#5251=FILL_AREA_STYLE_COLOUR('',#5289);
#5252=FILL_AREA_STYLE_COLOUR('',#5289);
#5253=FILL_AREA_STYLE_COLOUR('',#5289);
#5254=FILL_AREA_STYLE_COLOUR('',#5289);
#5255=FILL_AREA_STYLE_COLOUR('',#5290);
#5256=FILL_AREA_STYLE_COLOUR('',#5289);
#5257=FILL_AREA_STYLE_COLOUR('',#5289);
#5258=FILL_AREA_STYLE_COLOUR('',#5289);
#5259=FILL_AREA_STYLE_COLOUR('',#5289);
#5260=FILL_AREA_STYLE_COLOUR('',#5289);
#5261=FILL_AREA_STYLE_COLOUR('',#5289);
#5262=FILL_AREA_STYLE_COLOUR('',#5289);
#5263=FILL_AREA_STYLE_COLOUR('',#5289);
#5264=FILL_AREA_STYLE_COLOUR('',#5289);
#5265=FILL_AREA_STYLE_COLOUR('',#5289);
#5266=FILL_AREA_STYLE_COLOUR('',#5289);
#5267=FILL_AREA_STYLE_COLOUR('',#5289);
#5268=FILL_AREA_STYLE_COLOUR('',#5289);
#5269=FILL_AREA_STYLE_COLOUR('',#5289);
#5270=FILL_AREA_STYLE_COLOUR('',#5289);
#5271=FILL_AREA_STYLE_COLOUR('',#5289);
#5272=FILL_AREA_STYLE_COLOUR('',#5290);
#5273=FILL_AREA_STYLE_COLOUR('',#5289);
#5274=FILL_AREA_STYLE_COLOUR('',#5289);
#5275=FILL_AREA_STYLE_COLOUR('',#5289);
#5276=FILL_AREA_STYLE_COLOUR('',#5289);
#5277=FILL_AREA_STYLE_COLOUR('',#5289);
#5278=FILL_AREA_STYLE_COLOUR('',#5289);
#5279=FILL_AREA_STYLE_COLOUR('',#5289);
#5280=FILL_AREA_STYLE_COLOUR('',#5289);
#5281=FILL_AREA_STYLE_COLOUR('',#5289);
#5282=FILL_AREA_STYLE_COLOUR('',#5289);
#5283=FILL_AREA_STYLE_COLOUR('',#5289);
#5284=FILL_AREA_STYLE_COLOUR('',#5289);
#5285=FILL_AREA_STYLE_COLOUR('',#5289);
#5286=FILL_AREA_STYLE_COLOUR('',#5289);
#5287=FILL_AREA_STYLE_COLOUR('',#5289);
#5288=COLOUR_RGB('',0.200000002980232,0.200000002980232,0.200000002980232);
#5289=COLOUR_RGB('',0.699999988079071,0.699999988079071,0.699999988079071);
#5290=COLOUR_RGB('',0.550000011920929,0.311243504285812,0.21841649711132);
#5291=MANIFOLD_SOLID_BREP('',#4510);
#5292=MANIFOLD_SOLID_BREP('',#4511);
#5293=MANIFOLD_SOLID_BREP('',#4512);
#5294=MANIFOLD_SOLID_BREP('',#4513);
#5295=MANIFOLD_SOLID_BREP('',#4514);
#5296=MANIFOLD_SOLID_BREP('',#4515);
#5297=MANIFOLD_SOLID_BREP('',#4516);
#5298=MANIFOLD_SOLID_BREP('',#4517);
#5299=SHAPE_DEFINITION_REPRESENTATION(#8148,#5302);
#5300=SHAPE_DEFINITION_REPRESENTATION(#8147,#5303);
#5301=SHAPE_DEFINITION_REPRESENTATION(#8150,#5304);
#5302=SHAPE_REPRESENTATION('Compound',(#5305),#8139);
#5303=SHAPE_REPRESENTATION('DFN2020D-6',(#5305,#5445,#5630),#8138);
#5304=SHAPE_REPRESENTATION('LDF',(#5305),#8140);
#5305=AXIS2_PLACEMENT_3D('',#6833,#5631,#5632);
#5306=AXIS2_PLACEMENT_3D('',#6834,#5633,#5634);
#5307=AXIS2_PLACEMENT_3D('',#6851,#5643,#5644);
#5308=AXIS2_PLACEMENT_3D('',#6861,#5649,#5650);
#5309=AXIS2_PLACEMENT_3D('',#6862,#5651,#5652);
#5310=AXIS2_PLACEMENT_3D('',#6869,#5656,#5657);
#5311=AXIS2_PLACEMENT_3D('',#6870,#5658,#5659);
#5312=AXIS2_PLACEMENT_3D('',#6873,#5661,#5662);
#5313=AXIS2_PLACEMENT_3D('',#6879,#5666,#5667);
#5314=AXIS2_PLACEMENT_3D('',#6884,#5671,#5672);
#5315=AXIS2_PLACEMENT_3D('',#6891,#5677,#5678);
#5316=AXIS2_PLACEMENT_3D('',#6892,#5679,#5680);
#5317=AXIS2_PLACEMENT_3D('',#6897,#5683,#5684);
#5318=AXIS2_PLACEMENT_3D('',#6899,#5686,#5687);
#5319=AXIS2_PLACEMENT_3D('',#6901,#5689,#5690);
#5320=AXIS2_PLACEMENT_3D('',#6902,#5691,#5692);
#5321=AXIS2_PLACEMENT_3D('',#6904,#5694,#5695);
#5322=AXIS2_PLACEMENT_3D('',#6905,#5696,#5697);
#5323=AXIS2_PLACEMENT_3D('',#6922,#5706,#5707);
#5324=AXIS2_PLACEMENT_3D('',#6932,#5712,#5713);
#5325=AXIS2_PLACEMENT_3D('',#6933,#5714,#5715);
#5326=AXIS2_PLACEMENT_3D('',#6940,#5719,#5720);
#5327=AXIS2_PLACEMENT_3D('',#6941,#5721,#5722);
#5328=AXIS2_PLACEMENT_3D('',#6944,#5724,#5725);
#5329=AXIS2_PLACEMENT_3D('',#6950,#5729,#5730);
#5330=AXIS2_PLACEMENT_3D('',#6955,#5734,#5735);
#5331=AXIS2_PLACEMENT_3D('',#6962,#5740,#5741);
#5332=AXIS2_PLACEMENT_3D('',#6963,#5742,#5743);
#5333=AXIS2_PLACEMENT_3D('',#6968,#5746,#5747);
#5334=AXIS2_PLACEMENT_3D('',#6970,#5749,#5750);
#5335=AXIS2_PLACEMENT_3D('',#6972,#5752,#5753);
#5336=AXIS2_PLACEMENT_3D('',#6973,#5754,#5755);
#5337=AXIS2_PLACEMENT_3D('',#6975,#5757,#5758);
#5338=AXIS2_PLACEMENT_3D('',#6976,#5759,#5760);
#5339=AXIS2_PLACEMENT_3D('',#6985,#5765,#5766);
#5340=AXIS2_PLACEMENT_3D('',#6991,#5770,#5771);
#5341=AXIS2_PLACEMENT_3D('',#7000,#5776,#5777);
#5342=AXIS2_PLACEMENT_3D('',#7004,#5779,#5780);
#5343=AXIS2_PLACEMENT_3D('',#7008,#5782,#5783);
#5344=AXIS2_PLACEMENT_3D('',#7012,#5785,#5786);
#5345=AXIS2_PLACEMENT_3D('',#7016,#5788,#5789);
#5346=AXIS2_PLACEMENT_3D('',#7020,#5791,#5792);
#5347=AXIS2_PLACEMENT_3D('',#7024,#5794,#5795);
#5348=AXIS2_PLACEMENT_3D('',#7028,#5797,#5798);
#5349=AXIS2_PLACEMENT_3D('',#7029,#5799,#5800);
#5350=AXIS2_PLACEMENT_3D('',#7033,#5803,#5804);
#5351=AXIS2_PLACEMENT_3D('',#7037,#5807,#5808);
#5352=AXIS2_PLACEMENT_3D('',#7039,#5810,#5811);
#5353=AXIS2_PLACEMENT_3D('',#7043,#5813,#5814);
#5354=AXIS2_PLACEMENT_3D('',#7047,#5816,#5817);
#5355=AXIS2_PLACEMENT_3D('',#7051,#5819,#5820);
#5356=AXIS2_PLACEMENT_3D('',#7055,#5822,#5823);
#5357=AXIS2_PLACEMENT_3D('',#7059,#5825,#5826);
#5358=AXIS2_PLACEMENT_3D('',#7063,#5828,#5829);
#5359=AXIS2_PLACEMENT_3D('',#7067,#5831,#5832);
#5360=AXIS2_PLACEMENT_3D('',#7071,#5834,#5835);
#5361=AXIS2_PLACEMENT_3D('',#7072,#5836,#5837);
#5362=AXIS2_PLACEMENT_3D('',#7075,#5840,#5841);
#5363=AXIS2_PLACEMENT_3D('',#7077,#5843,#5844);
#5364=AXIS2_PLACEMENT_3D('',#7079,#5846,#5847);
#5365=AXIS2_PLACEMENT_3D('',#7081,#5849,#5850);
#5366=AXIS2_PLACEMENT_3D('',#7083,#5852,#5853);
#5367=AXIS2_PLACEMENT_3D('',#7085,#5855,#5856);
#5368=AXIS2_PLACEMENT_3D('',#7087,#5858,#5859);
#5369=AXIS2_PLACEMENT_3D('',#7090,#5862,#5863);
#5370=AXIS2_PLACEMENT_3D('',#7092,#5865,#5866);
#5371=AXIS2_PLACEMENT_3D('',#7094,#5868,#5869);
#5372=AXIS2_PLACEMENT_3D('',#7096,#5871,#5872);
#5373=AXIS2_PLACEMENT_3D('',#7098,#5874,#5875);
#5374=AXIS2_PLACEMENT_3D('',#7100,#5877,#5878);
#5375=AXIS2_PLACEMENT_3D('',#7102,#5880,#5881);
#5376=AXIS2_PLACEMENT_3D('',#7119,#5890,#5891);
#5377=AXIS2_PLACEMENT_3D('',#7129,#5896,#5897);
#5378=AXIS2_PLACEMENT_3D('',#7130,#5898,#5899);
#5379=AXIS2_PLACEMENT_3D('',#7137,#5903,#5904);
#5380=AXIS2_PLACEMENT_3D('',#7138,#5905,#5906);
#5381=AXIS2_PLACEMENT_3D('',#7141,#5908,#5909);
#5382=AXIS2_PLACEMENT_3D('',#7147,#5913,#5914);
#5383=AXIS2_PLACEMENT_3D('',#7152,#5918,#5919);
#5384=AXIS2_PLACEMENT_3D('',#7159,#5924,#5925);
#5385=AXIS2_PLACEMENT_3D('',#7160,#5926,#5927);
#5386=AXIS2_PLACEMENT_3D('',#7165,#5930,#5931);
#5387=AXIS2_PLACEMENT_3D('',#7167,#5933,#5934);
#5388=AXIS2_PLACEMENT_3D('',#7169,#5936,#5937);
#5389=AXIS2_PLACEMENT_3D('',#7170,#5938,#5939);
#5390=AXIS2_PLACEMENT_3D('',#7172,#5941,#5942);
#5391=AXIS2_PLACEMENT_3D('',#7173,#5943,#5944);
#5392=AXIS2_PLACEMENT_3D('',#7190,#5953,#5954);
#5393=AXIS2_PLACEMENT_3D('',#7191,#5955,#5956);
#5394=AXIS2_PLACEMENT_3D('',#7207,#5964,#5965);
#5395=AXIS2_PLACEMENT_3D('',#7208,#5966,#5967);
#5396=AXIS2_PLACEMENT_3D('',#7209,#5968,#5969);
#5397=AXIS2_PLACEMENT_3D('',#7212,#5971,#5972);
#5398=AXIS2_PLACEMENT_3D('',#7218,#5976,#5977);
#5399=AXIS2_PLACEMENT_3D('',#7223,#5981,#5982);
#5400=AXIS2_PLACEMENT_3D('',#7230,#5987,#5988);
#5401=AXIS2_PLACEMENT_3D('',#7231,#5989,#5990);
#5402=AXIS2_PLACEMENT_3D('',#7236,#5993,#5994);
#5403=AXIS2_PLACEMENT_3D('',#7238,#5996,#5997);
#5404=AXIS2_PLACEMENT_3D('',#7240,#5999,#6000);
#5405=AXIS2_PLACEMENT_3D('',#7241,#6001,#6002);
#5406=AXIS2_PLACEMENT_3D('',#7243,#6004,#6005);
#5407=AXIS2_PLACEMENT_3D('',#7244,#6006,#6007);
#5408=AXIS2_PLACEMENT_3D('',#7261,#6016,#6017);
#5409=AXIS2_PLACEMENT_3D('',#7271,#6022,#6023);
#5410=AXIS2_PLACEMENT_3D('',#7272,#6024,#6025);
#5411=AXIS2_PLACEMENT_3D('',#7279,#6029,#6030);
#5412=AXIS2_PLACEMENT_3D('',#7280,#6031,#6032);
#5413=AXIS2_PLACEMENT_3D('',#7283,#6034,#6035);
#5414=AXIS2_PLACEMENT_3D('',#7289,#6039,#6040);
#5415=AXIS2_PLACEMENT_3D('',#7294,#6044,#6045);
#5416=AXIS2_PLACEMENT_3D('',#7301,#6050,#6051);
#5417=AXIS2_PLACEMENT_3D('',#7302,#6052,#6053);
#5418=AXIS2_PLACEMENT_3D('',#7307,#6056,#6057);
#5419=AXIS2_PLACEMENT_3D('',#7309,#6059,#6060);
#5420=AXIS2_PLACEMENT_3D('',#7311,#6062,#6063);
#5421=AXIS2_PLACEMENT_3D('',#7312,#6064,#6065);
#5422=AXIS2_PLACEMENT_3D('',#7314,#6067,#6068);
#5423=AXIS2_PLACEMENT_3D('',#7315,#6069,#6070);
#5424=AXIS2_PLACEMENT_3D('',#7332,#6079,#6080);
#5425=AXIS2_PLACEMENT_3D('',#7342,#6085,#6086);
#5426=AXIS2_PLACEMENT_3D('',#7343,#6087,#6088);
#5427=AXIS2_PLACEMENT_3D('',#7350,#6092,#6093);
#5428=AXIS2_PLACEMENT_3D('',#7351,#6094,#6095);
#5429=AXIS2_PLACEMENT_3D('',#7354,#6097,#6098);
#5430=AXIS2_PLACEMENT_3D('',#7360,#6102,#6103);
#5431=AXIS2_PLACEMENT_3D('',#7365,#6107,#6108);
#5432=AXIS2_PLACEMENT_3D('',#7372,#6113,#6114);
#5433=AXIS2_PLACEMENT_3D('',#7373,#6115,#6116);
#5434=AXIS2_PLACEMENT_3D('',#7378,#6119,#6120);
#5435=AXIS2_PLACEMENT_3D('',#7380,#6122,#6123);
#5436=AXIS2_PLACEMENT_3D('',#7382,#6125,#6126);
#5437=AXIS2_PLACEMENT_3D('',#7383,#6127,#6128);
#5438=AXIS2_PLACEMENT_3D('',#7385,#6130,#6131);
#5439=AXIS2_PLACEMENT_3D('',#7386,#6132,#6133);
#5440=AXIS2_PLACEMENT_3D('',#7395,#6138,#6139);
#5441=AXIS2_PLACEMENT_3D('',#7401,#6143,#6144);
#5442=AXIS2_PLACEMENT_3D('',#7407,#6148,#6149);
#5443=AXIS2_PLACEMENT_3D('',#7416,#6158,#6159);
#5444=AXIS2_PLACEMENT_3D('',#7417,#6160,#6161);
#5445=AXIS2_PLACEMENT_3D('',#7418,#6162,#6163);
#5446=AXIS2_PLACEMENT_3D('',#7419,#6164,#6165);
#5447=AXIS2_PLACEMENT_3D('',#7432,#6172,#6173);
#5448=AXIS2_PLACEMENT_3D('',#7445,#6180,#6181);
#5449=AXIS2_PLACEMENT_3D('',#7456,#6188,#6189);
#5450=AXIS2_PLACEMENT_3D('',#7467,#6196,#6197);
#5451=AXIS2_PLACEMENT_3D('',#7468,#6198,#6199);
#5452=AXIS2_PLACEMENT_3D('',#7473,#6202,#6203);
#5453=AXIS2_PLACEMENT_3D('',#7478,#6206,#6207);
#5454=AXIS2_PLACEMENT_3D('',#7479,#6208,#6209);
#5455=AXIS2_PLACEMENT_3D('',#7484,#6212,#6213);
#5456=AXIS2_PLACEMENT_3D('',#7488,#6216,#6217);
#5457=AXIS2_PLACEMENT_3D('',#7492,#6220,#6221);
#5458=AXIS2_PLACEMENT_3D('',#7493,#6222,#6223);
#5459=AXIS2_PLACEMENT_3D('',#7494,#6224,#6225);
#5460=AXIS2_PLACEMENT_3D('',#7495,#6226,#6227);
#5461=AXIS2_PLACEMENT_3D('',#7498,#6229,#6230);
#5462=AXIS2_PLACEMENT_3D('',#7499,#6231,#6232);
#5463=AXIS2_PLACEMENT_3D('',#7503,#6235,#6236);
#5464=AXIS2_PLACEMENT_3D('',#7505,#6238,#6239);
#5465=AXIS2_PLACEMENT_3D('',#7506,#6240,#6241);
#5466=AXIS2_PLACEMENT_3D('',#7510,#6244,#6245);
#5467=AXIS2_PLACEMENT_3D('',#7511,#6246,#6247);
#5468=AXIS2_PLACEMENT_3D('',#7514,#6249,#6250);
#5469=AXIS2_PLACEMENT_3D('',#7516,#6252,#6253);
#5470=AXIS2_PLACEMENT_3D('',#7517,#6254,#6255);
#5471=AXIS2_PLACEMENT_3D('',#7534,#6264,#6265);
#5472=AXIS2_PLACEMENT_3D('',#7535,#6266,#6267);
#5473=AXIS2_PLACEMENT_3D('',#7545,#6273,#6274);
#5474=AXIS2_PLACEMENT_3D('',#7553,#6279,#6280);
#5475=AXIS2_PLACEMENT_3D('',#7561,#6285,#6286);
#5476=AXIS2_PLACEMENT_3D('',#7571,#6292,#6293);
#5477=AXIS2_PLACEMENT_3D('',#7576,#6296,#6297);
#5478=AXIS2_PLACEMENT_3D('',#7577,#6298,#6299);
#5479=AXIS2_PLACEMENT_3D('',#7582,#6302,#6303);
#5480=AXIS2_PLACEMENT_3D('',#7586,#6306,#6307);
#5481=AXIS2_PLACEMENT_3D('',#7590,#6310,#6311);
#5482=AXIS2_PLACEMENT_3D('',#7591,#6312,#6313);
#5483=AXIS2_PLACEMENT_3D('',#7592,#6314,#6315);
#5484=AXIS2_PLACEMENT_3D('',#7593,#6316,#6317);
#5485=AXIS2_PLACEMENT_3D('',#7596,#6319,#6320);
#5486=AXIS2_PLACEMENT_3D('',#7597,#6321,#6322);
#5487=AXIS2_PLACEMENT_3D('',#7601,#6325,#6326);
#5488=AXIS2_PLACEMENT_3D('',#7603,#6328,#6329);
#5489=AXIS2_PLACEMENT_3D('',#7604,#6330,#6331);
#5490=AXIS2_PLACEMENT_3D('',#7608,#6334,#6335);
#5491=AXIS2_PLACEMENT_3D('',#7611,#6337,#6338);
#5492=AXIS2_PLACEMENT_3D('',#7612,#6339,#6340);
#5493=AXIS2_PLACEMENT_3D('',#7614,#6342,#6343);
#5494=AXIS2_PLACEMENT_3D('',#7615,#6344,#6345);
#5495=AXIS2_PLACEMENT_3D('',#7632,#6354,#6355);
#5496=AXIS2_PLACEMENT_3D('',#7642,#6361,#6362);
#5497=AXIS2_PLACEMENT_3D('',#7656,#6370,#6371);
#5498=AXIS2_PLACEMENT_3D('',#7663,#6376,#6377);
#5499=AXIS2_PLACEMENT_3D('',#7664,#6378,#6379);
#5500=AXIS2_PLACEMENT_3D('',#7669,#6382,#6383);
#5501=AXIS2_PLACEMENT_3D('',#7670,#6384,#6385);
#5502=AXIS2_PLACEMENT_3D('',#7679,#6390,#6391);
#5503=AXIS2_PLACEMENT_3D('',#7680,#6392,#6393);
#5504=AXIS2_PLACEMENT_3D('',#7684,#6396,#6397);
#5505=AXIS2_PLACEMENT_3D('',#7687,#6399,#6400);
#5506=AXIS2_PLACEMENT_3D('',#7688,#6401,#6402);
#5507=AXIS2_PLACEMENT_3D('',#7690,#6404,#6405);
#5508=AXIS2_PLACEMENT_3D('',#7691,#6406,#6407);
#5509=AXIS2_PLACEMENT_3D('',#7695,#6410,#6411);
#5510=AXIS2_PLACEMENT_3D('',#7699,#6414,#6415);
#5511=AXIS2_PLACEMENT_3D('',#7700,#6416,#6417);
#5512=AXIS2_PLACEMENT_3D('',#7701,#6418,#6419);
#5513=AXIS2_PLACEMENT_3D('',#7702,#6420,#6421);
#5514=AXIS2_PLACEMENT_3D('',#7705,#6423,#6424);
#5515=AXIS2_PLACEMENT_3D('',#7708,#6426,#6427);
#5516=AXIS2_PLACEMENT_3D('',#7710,#6429,#6430);
#5517=AXIS2_PLACEMENT_3D('',#7712,#6432,#6433);
#5518=AXIS2_PLACEMENT_3D('',#7713,#6434,#6435);
#5519=AXIS2_PLACEMENT_3D('',#7726,#6442,#6443);
#5520=AXIS2_PLACEMENT_3D('',#7740,#6451,#6452);
#5521=AXIS2_PLACEMENT_3D('',#7750,#6458,#6459);
#5522=AXIS2_PLACEMENT_3D('',#7761,#6466,#6467);
#5523=AXIS2_PLACEMENT_3D('',#7762,#6468,#6469);
#5524=AXIS2_PLACEMENT_3D('',#7767,#6472,#6473);
#5525=AXIS2_PLACEMENT_3D('',#7772,#6476,#6477);
#5526=AXIS2_PLACEMENT_3D('',#7773,#6478,#6479);
#5527=AXIS2_PLACEMENT_3D('',#7778,#6482,#6483);
#5528=AXIS2_PLACEMENT_3D('',#7782,#6486,#6487);
#5529=AXIS2_PLACEMENT_3D('',#7785,#6489,#6490);
#5530=AXIS2_PLACEMENT_3D('',#7786,#6491,#6492);
#5531=AXIS2_PLACEMENT_3D('',#7788,#6494,#6495);
#5532=AXIS2_PLACEMENT_3D('',#7789,#6496,#6497);
#5533=AXIS2_PLACEMENT_3D('',#7793,#6500,#6501);
#5534=AXIS2_PLACEMENT_3D('',#7797,#6504,#6505);
#5535=AXIS2_PLACEMENT_3D('',#7798,#6506,#6507);
#5536=AXIS2_PLACEMENT_3D('',#7799,#6508,#6509);
#5537=AXIS2_PLACEMENT_3D('',#7800,#6510,#6511);
#5538=AXIS2_PLACEMENT_3D('',#7803,#6513,#6514);
#5539=AXIS2_PLACEMENT_3D('',#7806,#6516,#6517);
#5540=AXIS2_PLACEMENT_3D('',#7808,#6519,#6520);
#5541=AXIS2_PLACEMENT_3D('',#7810,#6522,#6523);
#5542=AXIS2_PLACEMENT_3D('',#7811,#6524,#6525);
#5543=AXIS2_PLACEMENT_3D('',#7820,#6530,#6531);
#5544=AXIS2_PLACEMENT_3D('',#7826,#6535,#6536);
#5545=AXIS2_PLACEMENT_3D('',#7832,#6540,#6541);
#5546=AXIS2_PLACEMENT_3D('',#7838,#6545,#6546);
#5547=AXIS2_PLACEMENT_3D('',#7841,#6549,#6550);
#5548=AXIS2_PLACEMENT_3D('',#7842,#6551,#6552);
#5549=AXIS2_PLACEMENT_3D('',#7851,#6557,#6558);
#5550=AXIS2_PLACEMENT_3D('',#7852,#6559,#6560);
#5551=AXIS2_PLACEMENT_3D('',#7856,#6562,#6563);
#5552=AXIS2_PLACEMENT_3D('',#7857,#6564,#6565);
#5553=AXIS2_PLACEMENT_3D('',#7863,#6569,#6570);
#5554=AXIS2_PLACEMENT_3D('',#7864,#6571,#6572);
#5555=AXIS2_PLACEMENT_3D('',#7868,#6574,#6575);
#5556=AXIS2_PLACEMENT_3D('',#7869,#6576,#6577);
#5557=AXIS2_PLACEMENT_3D('',#7875,#6581,#6582);
#5558=AXIS2_PLACEMENT_3D('',#7876,#6583,#6584);
#5559=AXIS2_PLACEMENT_3D('',#7880,#6586,#6587);
#5560=AXIS2_PLACEMENT_3D('',#7881,#6588,#6589);
#5561=AXIS2_PLACEMENT_3D('',#7887,#6593,#6594);
#5562=AXIS2_PLACEMENT_3D('',#7888,#6595,#6596);
#5563=AXIS2_PLACEMENT_3D('',#7892,#6598,#6599);
#5564=AXIS2_PLACEMENT_3D('',#7893,#6600,#6601);
#5565=AXIS2_PLACEMENT_3D('',#7899,#6605,#6606);
#5566=AXIS2_PLACEMENT_3D('',#7900,#6607,#6608);
#5567=AXIS2_PLACEMENT_3D('',#7904,#6610,#6611);
#5568=AXIS2_PLACEMENT_3D('',#7905,#6612,#6613);
#5569=AXIS2_PLACEMENT_3D('',#7911,#6617,#6618);
#5570=AXIS2_PLACEMENT_3D('',#7912,#6619,#6620);
#5571=AXIS2_PLACEMENT_3D('',#7916,#6622,#6623);
#5572=AXIS2_PLACEMENT_3D('',#7917,#6624,#6625);
#5573=AXIS2_PLACEMENT_3D('',#7923,#6629,#6630);
#5574=AXIS2_PLACEMENT_3D('',#7924,#6631,#6632);
#5575=AXIS2_PLACEMENT_3D('',#7928,#6634,#6635);
#5576=AXIS2_PLACEMENT_3D('',#7929,#6636,#6637);
#5577=AXIS2_PLACEMENT_3D('',#7935,#6641,#6642);
#5578=AXIS2_PLACEMENT_3D('',#7936,#6643,#6644);
#5579=AXIS2_PLACEMENT_3D('',#7937,#6645,#6646);
#5580=AXIS2_PLACEMENT_3D('',#7938,#6647,#6648);
#5581=AXIS2_PLACEMENT_3D('',#7939,#6649,#6650);
#5582=AXIS2_PLACEMENT_3D('',#7940,#6651,#6652);
#5583=AXIS2_PLACEMENT_3D('',#7953,#6659,#6660);
#5584=AXIS2_PLACEMENT_3D('',#7967,#6668,#6669);
#5585=AXIS2_PLACEMENT_3D('',#7977,#6675,#6676);
#5586=AXIS2_PLACEMENT_3D('',#7988,#6683,#6684);
#5587=AXIS2_PLACEMENT_3D('',#7989,#6685,#6686);
#5588=AXIS2_PLACEMENT_3D('',#7994,#6689,#6690);
#5589=AXIS2_PLACEMENT_3D('',#7999,#6693,#6694);
#5590=AXIS2_PLACEMENT_3D('',#8000,#6695,#6696);
#5591=AXIS2_PLACEMENT_3D('',#8005,#6699,#6700);
#5592=AXIS2_PLACEMENT_3D('',#8009,#6703,#6704);
#5593=AXIS2_PLACEMENT_3D('',#8012,#6706,#6707);
#5594=AXIS2_PLACEMENT_3D('',#8013,#6708,#6709);
#5595=AXIS2_PLACEMENT_3D('',#8015,#6711,#6712);
#5596=AXIS2_PLACEMENT_3D('',#8016,#6713,#6714);
#5597=AXIS2_PLACEMENT_3D('',#8020,#6717,#6718);
#5598=AXIS2_PLACEMENT_3D('',#8024,#6721,#6722);
#5599=AXIS2_PLACEMENT_3D('',#8025,#6723,#6724);
#5600=AXIS2_PLACEMENT_3D('',#8026,#6725,#6726);
#5601=AXIS2_PLACEMENT_3D('',#8027,#6727,#6728);
#5602=AXIS2_PLACEMENT_3D('',#8030,#6730,#6731);
#5603=AXIS2_PLACEMENT_3D('',#8033,#6733,#6734);
#5604=AXIS2_PLACEMENT_3D('',#8035,#6736,#6737);
#5605=AXIS2_PLACEMENT_3D('',#8037,#6739,#6740);
#5606=AXIS2_PLACEMENT_3D('',#8038,#6741,#6742);
#5607=AXIS2_PLACEMENT_3D('',#8051,#6749,#6750);
#5608=AXIS2_PLACEMENT_3D('',#8064,#6757,#6758);
#5609=AXIS2_PLACEMENT_3D('',#8075,#6765,#6766);
#5610=AXIS2_PLACEMENT_3D('',#8086,#6773,#6774);
#5611=AXIS2_PLACEMENT_3D('',#8087,#6775,#6776);
#5612=AXIS2_PLACEMENT_3D('',#8092,#6779,#6780);
#5613=AXIS2_PLACEMENT_3D('',#8097,#6783,#6784);
#5614=AXIS2_PLACEMENT_3D('',#8098,#6785,#6786);
#5615=AXIS2_PLACEMENT_3D('',#8103,#6789,#6790);
#5616=AXIS2_PLACEMENT_3D('',#8107,#6793,#6794);
#5617=AXIS2_PLACEMENT_3D('',#8111,#6797,#6798);
#5618=AXIS2_PLACEMENT_3D('',#8112,#6799,#6800);
#5619=AXIS2_PLACEMENT_3D('',#8113,#6801,#6802);
#5620=AXIS2_PLACEMENT_3D('',#8114,#6803,#6804);
#5621=AXIS2_PLACEMENT_3D('',#8117,#6806,#6807);
#5622=AXIS2_PLACEMENT_3D('',#8118,#6808,#6809);
#5623=AXIS2_PLACEMENT_3D('',#8122,#6812,#6813);
#5624=AXIS2_PLACEMENT_3D('',#8124,#6815,#6816);
#5625=AXIS2_PLACEMENT_3D('',#8125,#6817,#6818);
#5626=AXIS2_PLACEMENT_3D('',#8129,#6821,#6822);
#5627=AXIS2_PLACEMENT_3D('',#8130,#6823,#6824);
#5628=AXIS2_PLACEMENT_3D('',#8133,#6826,#6827);
#5629=AXIS2_PLACEMENT_3D('',#8135,#6829,#6830);
#5630=AXIS2_PLACEMENT_3D('',#8136,#6831,#6832);
#5631=DIRECTION('',(0.,0.,1.));
#5632=DIRECTION('',(1.,0.,0.));
#5633=DIRECTION('',(0.,0.,1.));
#5634=DIRECTION('',(1.,0.,0.));
#5635=DIRECTION('',(-1.,0.,0.));
#5636=DIRECTION('',(0.,-1.,0.));
#5637=DIRECTION('',(-1.,0.,7.40148683082424E-13));
#5638=DIRECTION('',(0.,-1.,0.));
#5639=DIRECTION('',(1.,0.,0.));
#5640=DIRECTION('',(0.,-1.,0.));
#5641=DIRECTION('',(-1.,0.,0.));
#5642=DIRECTION('',(0.,-1.,0.));
#5643=DIRECTION('',(0.,1.,0.));
#5644=DIRECTION('',(0.,0.,1.));
#5645=DIRECTION('',(1.,0.,0.));
#5646=DIRECTION('',(0.,0.,-1.));
#5647=DIRECTION('',(1.,0.,0.));
#5648=DIRECTION('',(0.,0.,-1.));
#5649=DIRECTION('',(0.,1.,0.));
#5650=DIRECTION('',(1.,0.,0.));
#5651=DIRECTION('',(0.,1.,0.));
#5652=DIRECTION('',(1.,0.,0.));
#5653=DIRECTION('',(5.5511151231305E-13,0.,1.));
#5654=DIRECTION('',(1.,0.,0.));
#5655=DIRECTION('',(0.,0.,1.));
#5656=DIRECTION('',(0.,-1.,0.));
#5657=DIRECTION('',(0.,0.,-1.));
#5658=DIRECTION('',(0.,1.,0.));
#5659=DIRECTION('',(1.,0.,0.));
#5660=DIRECTION('',(0.,-1.,0.));
#5661=DIRECTION('',(0.,1.,0.));
#5662=DIRECTION('',(0.,0.,1.));
#5663=DIRECTION('',(0.,0.,-1.));
#5664=DIRECTION('',(1.,0.,0.));
#5665=DIRECTION('',(5.5511151231305E-13,0.,1.));
#5666=DIRECTION('',(1.,0.,0.));
#5667=DIRECTION('',(0.,0.,-1.));
#5668=DIRECTION('',(0.,0.,1.));
#5669=DIRECTION('',(0.,-1.,0.));
#5670=DIRECTION('',(0.,-1.,0.));
#5671=DIRECTION('',(-1.,0.,0.));
#5672=DIRECTION('',(0.,0.,1.));
#5673=DIRECTION('',(0.,-1.,0.));
#5674=DIRECTION('',(0.,-1.,0.));
#5675=DIRECTION('',(0.,0.,-1.));
#5676=DIRECTION('',(0.,0.,1.));
#5677=DIRECTION('',(0.,1.,0.));
#5678=DIRECTION('',(0.,0.,1.));
#5679=DIRECTION('',(0.,1.,0.));
#5680=DIRECTION('',(1.,0.,0.));
#5681=DIRECTION('',(0.,0.,-1.));
#5682=DIRECTION('',(1.,0.,0.));
#5683=DIRECTION('',(0.,-1.,0.));
#5684=DIRECTION('',(0.,0.,-1.));
#5685=DIRECTION('',(0.,-1.,0.));
#5686=DIRECTION('',(0.,0.,-1.));
#5687=DIRECTION('',(-1.,0.,0.));
#5688=DIRECTION('',(0.,-1.,0.));
#5689=DIRECTION('',(1.,0.,-5.5511151231305E-13));
#5690=DIRECTION('',(-5.5511151231305E-13,0.,-1.));
#5691=DIRECTION('',(-1.,0.,0.));
#5692=DIRECTION('',(0.,0.,1.));
#5693=DIRECTION('',(0.,-1.,0.));
#5694=DIRECTION('',(0.,0.,-1.));
#5695=DIRECTION('',(-1.,0.,0.));
#5696=DIRECTION('',(0.,0.,1.));
#5697=DIRECTION('',(1.,0.,0.));
#5698=DIRECTION('',(-1.,0.,0.));
#5699=DIRECTION('',(0.,-1.,0.));
#5700=DIRECTION('',(1.,0.,0.));
#5701=DIRECTION('',(0.,-1.,0.));
#5702=DIRECTION('',(1.,0.,0.));
#5703=DIRECTION('',(0.,-1.,0.));
#5704=DIRECTION('',(1.,0.,-3.70074341541212E-13));
#5705=DIRECTION('',(0.,-1.,0.));
#5706=DIRECTION('',(0.,-1.,0.));
#5707=DIRECTION('',(0.,0.,-1.));
#5708=DIRECTION('',(1.,0.,0.));
#5709=DIRECTION('',(0.,0.,-1.));
#5710=DIRECTION('',(-1.,0.,0.));
#5711=DIRECTION('',(-1.85037170770948E-13,0.,1.));
#5712=DIRECTION('',(0.,1.,0.));
#5713=DIRECTION('',(1.,0.,0.));
#5714=DIRECTION('',(0.,1.,0.));
#5715=DIRECTION('',(-1.,0.,0.));
#5716=DIRECTION('',(0.,0.,-1.));
#5717=DIRECTION('',(-1.,0.,0.));
#5718=DIRECTION('',(0.,0.,1.));
#5719=DIRECTION('',(0.,-1.,0.));
#5720=DIRECTION('',(0.,0.,-1.));
#5721=DIRECTION('',(0.,1.,0.));
#5722=DIRECTION('',(-1.,0.,0.));
#5723=DIRECTION('',(0.,-1.,0.));
#5724=DIRECTION('',(0.,1.,0.));
#5725=DIRECTION('',(0.,0.,1.));
#5726=DIRECTION('',(-1.,0.,0.));
#5727=DIRECTION('',(0.,0.,-1.));
#5728=DIRECTION('',(0.,0.,1.));
#5729=DIRECTION('',(1.,0.,0.));
#5730=DIRECTION('',(0.,0.,-1.));
#5731=DIRECTION('',(0.,0.,1.));
#5732=DIRECTION('',(0.,-1.,0.));
#5733=DIRECTION('',(0.,-1.,0.));
#5734=DIRECTION('',(-1.,0.,0.));
#5735=DIRECTION('',(0.,0.,1.));
#5736=DIRECTION('',(0.,-1.,0.));
#5737=DIRECTION('',(0.,-1.,0.));
#5738=DIRECTION('',(0.,0.,-1.));
#5739=DIRECTION('',(-4.71844785466071E-12,0.,-1.));
#5740=DIRECTION('',(0.,1.,0.));
#5741=DIRECTION('',(0.,0.,1.));
#5742=DIRECTION('',(0.,1.,0.));
#5743=DIRECTION('',(1.,0.,0.));
#5744=DIRECTION('',(-1.85037170770948E-13,0.,1.));
#5745=DIRECTION('',(-1.,0.,0.));
#5746=DIRECTION('',(0.,-1.,0.));
#5747=DIRECTION('',(0.,0.,-1.));
#5748=DIRECTION('',(0.,-1.,0.));
#5749=DIRECTION('',(0.,0.,1.));
#5750=DIRECTION('',(1.,0.,0.));
#5751=DIRECTION('',(0.,-1.,0.));
#5752=DIRECTION('',(-1.,0.,0.));
#5753=DIRECTION('',(0.,0.,1.));
#5754=DIRECTION('',(1.,0.,1.85037170770948E-13));
#5755=DIRECTION('',(1.85037170770948E-13,0.,-1.));
#5756=DIRECTION('',(0.,-1.,0.));
#5757=DIRECTION('',(0.,0.,1.));
#5758=DIRECTION('',(1.,0.,0.));
#5759=DIRECTION('',(-1.,0.,0.));
#5760=DIRECTION('',(0.,0.,1.));
#5761=DIRECTION('',(0.,-1.,0.));
#5762=DIRECTION('',(0.,0.,1.));
#5763=DIRECTION('',(0.,-1.,0.));
#5764=DIRECTION('',(0.,0.,-1.));
#5765=DIRECTION('',(-0.514495755428962,0.,-0.857492925711683));
#5766=DIRECTION('',(-0.857492925711683,0.,0.514495755428962));
#5767=DIRECTION('',(0.,-1.,0.));
#5768=DIRECTION('',(-0.857492925711683,0.,0.514495755428962));
#5769=DIRECTION('',(0.857492925711683,0.,-0.514495755428962));
#5770=DIRECTION('',(0.,-1.,0.));
#5771=DIRECTION('',(0.,0.,-1.));
#5772=DIRECTION('',(1.,0.,4.51750905202364E-17));
#5773=DIRECTION('',(-1.,0.,0.));
#5774=DIRECTION('',(0.,0.,1.));
#5775=DIRECTION('',(0.,0.,-1.));
#5776=DIRECTION('',(0.,-1.,0.));
#5777=DIRECTION('',(1.,0.,0.));
#5778=DIRECTION('',(0.,0.,-1.));
#5779=DIRECTION('',(0.,1.,0.));
#5780=DIRECTION('',(-1.,0.,0.));
#5781=DIRECTION('',(1.,0.,0.));
#5782=DIRECTION('',(0.,1.,0.));
#5783=DIRECTION('',(1.,0.,0.));
#5784=DIRECTION('',(-4.03717463499653E-13,0.,1.));
#5785=DIRECTION('',(0.,-1.,0.));
#5786=DIRECTION('',(-1.,0.,0.));
#5787=DIRECTION('',(-1.48029736617033E-12,0.,1.));
#5788=DIRECTION('',(0.,-1.,0.));
#5789=DIRECTION('',(1.,0.,0.));
#5790=DIRECTION('',(0.,0.,1.));
#5791=DIRECTION('',(0.,1.,0.));
#5792=DIRECTION('',(1.,0.,0.));
#5793=DIRECTION('',(-1.,0.,0.));
#5794=DIRECTION('',(0.,1.,0.));
#5795=DIRECTION('',(1.,0.,0.));
#5796=DIRECTION('',(0.,0.,-1.));
#5797=DIRECTION('',(0.,-1.,0.));
#5798=DIRECTION('',(1.,0.,0.));
#5799=DIRECTION('',(0.,0.,1.));
#5800=DIRECTION('',(1.,0.,0.));
#5801=DIRECTION('',(1.,0.,0.));
#5802=DIRECTION('',(0.,-1.,0.));
#5803=DIRECTION('',(1.,0.,0.));
#5804=DIRECTION('',(0.,0.,-1.));
#5805=DIRECTION('',(0.,0.,-1.));
#5806=DIRECTION('',(0.,-1.,0.));
#5807=DIRECTION('',(0.,0.,-1.));
#5808=DIRECTION('',(-1.,0.,0.));
#5809=DIRECTION('',(-1.,0.,0.));
#5810=DIRECTION('',(0.,-1.,0.));
#5811=DIRECTION('',(0.,0.,-1.));
#5812=DIRECTION('',(0.,0.,1.));
#5813=DIRECTION('',(0.,-1.,0.));
#5814=DIRECTION('',(1.,0.,0.));
#5815=DIRECTION('',(0.,0.,-1.));
#5816=DIRECTION('',(0.,1.,0.));
#5817=DIRECTION('',(1.,0.,0.));
#5818=DIRECTION('',(-1.,0.,0.));
#5819=DIRECTION('',(0.,1.,0.));
#5820=DIRECTION('',(1.,0.,0.));
#5821=DIRECTION('',(0.,0.,1.));
#5822=DIRECTION('',(0.,-1.,0.));
#5823=DIRECTION('',(1.,0.,0.));
#5824=DIRECTION('',(0.,0.,-1.));
#5825=DIRECTION('',(0.,-1.,0.));
#5826=DIRECTION('',(-1.,0.,0.));
#5827=DIRECTION('',(-4.03717463499653E-13,0.,1.));
#5828=DIRECTION('',(0.,1.,0.));
#5829=DIRECTION('',(1.,0.,0.));
#5830=DIRECTION('',(1.,0.,0.));
#5831=DIRECTION('',(0.,1.,0.));
#5832=DIRECTION('',(-1.,0.,0.));
#5833=DIRECTION('',(0.,0.,-1.));
#5834=DIRECTION('',(0.,-1.,0.));
#5835=DIRECTION('',(1.,0.,0.));
#5836=DIRECTION('',(0.,-1.,0.));
#5837=DIRECTION('',(0.,0.,-1.));
#5838=DIRECTION('',(0.,-1.,0.));
#5839=DIRECTION('',(0.,-1.,0.));
#5840=DIRECTION('',(-1.,0.,0.));
#5841=DIRECTION('',(0.,0.,1.));
#5842=DIRECTION('',(0.,-1.,0.));
#5843=DIRECTION('',(0.,-1.,0.));
#5844=DIRECTION('',(0.,0.,-1.));
#5845=DIRECTION('',(0.,-1.,0.));
#5846=DIRECTION('',(0.,0.,-1.));
#5847=DIRECTION('',(-1.,0.,0.));
#5848=DIRECTION('',(0.,-1.,0.));
#5849=DIRECTION('',(0.,-1.,0.));
#5850=DIRECTION('',(0.,0.,-1.));
#5851=DIRECTION('',(0.,-1.,0.));
#5852=DIRECTION('',(1.,0.,4.03717463499653E-13));
#5853=DIRECTION('',(4.03717463499653E-13,0.,-1.));
#5854=DIRECTION('',(0.,-1.,0.));
#5855=DIRECTION('',(0.,-1.,0.));
#5856=DIRECTION('',(0.,0.,-1.));
#5857=DIRECTION('',(0.,-1.,0.));
#5858=DIRECTION('',(0.,-1.,0.));
#5859=DIRECTION('',(0.,0.,-1.));
#5860=DIRECTION('',(0.,-1.,0.));
#5861=DIRECTION('',(0.,-1.,0.));
#5862=DIRECTION('',(1.,0.,0.));
#5863=DIRECTION('',(0.,0.,-1.));
#5864=DIRECTION('',(0.,-1.,0.));
#5865=DIRECTION('',(0.,-1.,0.));
#5866=DIRECTION('',(0.,0.,-1.));
#5867=DIRECTION('',(0.,-1.,0.));
#5868=DIRECTION('',(0.,0.,1.));
#5869=DIRECTION('',(1.,0.,0.));
#5870=DIRECTION('',(0.,-1.,0.));
#5871=DIRECTION('',(0.,-1.,0.));
#5872=DIRECTION('',(0.,0.,-1.));
#5873=DIRECTION('',(0.,-1.,0.));
#5874=DIRECTION('',(-1.,0.,0.));
#5875=DIRECTION('',(0.,0.,1.));
#5876=DIRECTION('',(0.,-1.,0.));
#5877=DIRECTION('',(0.,-1.,0.));
#5878=DIRECTION('',(0.,0.,-1.));
#5879=DIRECTION('',(0.,-1.,0.));
#5880=DIRECTION('',(7.69783542468781E-14,0.,1.));
#5881=DIRECTION('',(1.,0.,-7.69783542468781E-14));
#5882=DIRECTION('',(-1.,0.,7.69783542468781E-14));
#5883=DIRECTION('',(0.,-1.,0.));
#5884=DIRECTION('',(1.,0.,-6.21609245545082E-14));
#5885=DIRECTION('',(0.,-1.,0.));
#5886=DIRECTION('',(1.,0.,-7.69783542468781E-14));
#5887=DIRECTION('',(0.,-1.,0.));
#5888=DIRECTION('',(1.,0.,-4.32235266099841E-13));
#5889=DIRECTION('',(0.,-1.,0.));
#5890=DIRECTION('',(0.,-1.,0.));
#5891=DIRECTION('',(0.,0.,-1.));
#5892=DIRECTION('',(1.,0.,0.));
#5893=DIRECTION('',(0.,0.,-1.));
#5894=DIRECTION('',(-1.,0.,0.));
#5895=DIRECTION('',(0.,0.,1.));
#5896=DIRECTION('',(0.,1.,0.));
#5897=DIRECTION('',(1.,0.,0.));
#5898=DIRECTION('',(0.,1.,0.));
#5899=DIRECTION('',(-1.,0.,0.));
#5900=DIRECTION('',(3.70074341540801E-13,0.,-1.));
#5901=DIRECTION('',(-1.,0.,0.));
#5902=DIRECTION('',(0.,0.,1.));
#5903=DIRECTION('',(0.,-1.,0.));
#5904=DIRECTION('',(0.,0.,-1.));
#5905=DIRECTION('',(0.,1.,0.));
#5906=DIRECTION('',(-1.,0.,0.));
#5907=DIRECTION('',(0.,-1.,0.));
#5908=DIRECTION('',(0.,1.,0.));
#5909=DIRECTION('',(0.,0.,1.));
#5910=DIRECTION('',(-1.,0.,0.));
#5911=DIRECTION('',(3.70074341540801E-13,0.,-1.));
#5912=DIRECTION('',(4.16333634234759E-12,0.,1.));
#5913=DIRECTION('',(1.,0.,0.));
#5914=DIRECTION('',(0.,0.,-1.));
#5915=DIRECTION('',(5.55111512310482E-13,0.,1.));
#5916=DIRECTION('',(0.,-1.,0.));
#5917=DIRECTION('',(0.,-1.,0.));
#5918=DIRECTION('',(-1.,0.,0.));
#5919=DIRECTION('',(0.,0.,1.));
#5920=DIRECTION('',(0.,-1.,0.));
#5921=DIRECTION('',(0.,-1.,0.));
#5922=DIRECTION('',(-4.44089209850368E-12,0.,-1.));
#5923=DIRECTION('',(-4.4408920985043E-12,0.,-1.));
#5924=DIRECTION('',(0.,1.,0.));
#5925=DIRECTION('',(0.,0.,1.));
#5926=DIRECTION('',(0.,1.,0.));
#5927=DIRECTION('',(1.,0.,0.));
#5928=DIRECTION('',(0.,0.,1.));
#5929=DIRECTION('',(-1.,0.,0.));
#5930=DIRECTION('',(0.,-1.,0.));
#5931=DIRECTION('',(0.,0.,-1.));
#5932=DIRECTION('',(0.,-1.,0.));
#5933=DIRECTION('',(0.,0.,1.));
#5934=DIRECTION('',(1.,0.,0.));
#5935=DIRECTION('',(0.,-1.,0.));
#5936=DIRECTION('',(-1.,0.,-3.70074341540801E-13));
#5937=DIRECTION('',(-3.70074341540801E-13,0.,1.));
#5938=DIRECTION('',(1.,0.,0.));
#5939=DIRECTION('',(0.,0.,-1.));
#5940=DIRECTION('',(0.,-1.,0.));
#5941=DIRECTION('',(0.,0.,1.));
#5942=DIRECTION('',(1.,0.,0.));
#5943=DIRECTION('',(-1.39934360396229E-12,0.,1.));
#5944=DIRECTION('',(1.,0.,1.39934360396229E-12));
#5945=DIRECTION('',(-1.,0.,-1.39934360396229E-12));
#5946=DIRECTION('',(0.,-1.,0.));
#5947=DIRECTION('',(1.,0.,-6.93889390362295E-14));
#5948=DIRECTION('',(0.,-1.,0.));
#5949=DIRECTION('',(1.,0.,1.39934360396229E-12));
#5950=DIRECTION('',(0.,-1.,0.));
#5951=DIRECTION('',(1.,0.,-6.24500451346173E-13));
#5952=DIRECTION('',(0.,-1.,0.));
#5953=DIRECTION('',(0.,-1.,0.));
#5954=DIRECTION('',(0.,0.,-1.));
#5955=DIRECTION('',(0.,1.,0.));
#5956=DIRECTION('',(-1.,0.,0.));
#5957=DIRECTION('',(0.,0.,-1.));
#5958=DIRECTION('',(-1.,0.,0.));
#5959=DIRECTION('',(0.,0.,1.));
#5960=DIRECTION('',(1.,0.,0.));
#5961=DIRECTION('',(-4.44089209848386E-12,0.,-1.));
#5962=DIRECTION('',(-1.,0.,0.));
#5963=DIRECTION('',(0.,0.,1.));
#5964=DIRECTION('',(0.,1.,0.));
#5965=DIRECTION('',(1.,0.,0.));
#5966=DIRECTION('',(0.,-1.,0.));
#5967=DIRECTION('',(0.,0.,-1.));
#5968=DIRECTION('',(0.,1.,0.));
#5969=DIRECTION('',(-1.,0.,0.));
#5970=DIRECTION('',(0.,-1.,0.));
#5971=DIRECTION('',(0.,1.,0.));
#5972=DIRECTION('',(0.,0.,1.));
#5973=DIRECTION('',(-1.,0.,0.));
#5974=DIRECTION('',(0.,0.,-1.));
#5975=DIRECTION('',(0.,0.,1.));
#5976=DIRECTION('',(1.,0.,0.));
#5977=DIRECTION('',(0.,0.,-1.));
#5978=DIRECTION('',(0.,0.,1.));
#5979=DIRECTION('',(0.,-1.,0.));
#5980=DIRECTION('',(0.,-1.,0.));
#5981=DIRECTION('',(-1.,0.,4.44089209848386E-12));
#5982=DIRECTION('',(4.44089209848386E-12,0.,1.));
#5983=DIRECTION('',(0.,-1.,0.));
#5984=DIRECTION('',(0.,-1.,0.));
#5985=DIRECTION('',(-6.93889390391196E-12,0.,-1.));
#5986=DIRECTION('',(-9.15933995316507E-12,0.,-1.));
#5987=DIRECTION('',(0.,1.,0.));
#5988=DIRECTION('',(0.,0.,1.));
#5989=DIRECTION('',(0.,1.,0.));
#5990=DIRECTION('',(1.,0.,0.));
#5991=DIRECTION('',(0.,0.,1.));
#5992=DIRECTION('',(-1.,0.,0.));
#5993=DIRECTION('',(0.,-1.,0.));
#5994=DIRECTION('',(0.,0.,-1.));
#5995=DIRECTION('',(0.,-1.,0.));
#5996=DIRECTION('',(1.,0.,0.));
#5997=DIRECTION('',(0.,0.,-1.));
#5998=DIRECTION('',(0.,-1.,0.));
#5999=DIRECTION('',(0.,0.,1.));
#6000=DIRECTION('',(1.,0.,0.));
#6001=DIRECTION('',(0.,0.,1.));
#6002=DIRECTION('',(1.,0.,0.));
#6003=DIRECTION('',(0.,-1.,0.));
#6004=DIRECTION('',(-1.,0.,0.));
#6005=DIRECTION('',(0.,0.,1.));
#6006=DIRECTION('',(-7.69783542466502E-14,0.,1.));
#6007=DIRECTION('',(1.,0.,7.69783542466502E-14));
#6008=DIRECTION('',(-1.,0.,-7.69783542466502E-14));
#6009=DIRECTION('',(0.,-1.,0.));
#6010=DIRECTION('',(-1.,0.,-6.21609245554744E-14));
#6011=DIRECTION('',(0.,-1.,0.));
#6012=DIRECTION('',(1.,0.,7.69783542466502E-14));
#6013=DIRECTION('',(0.,-1.,0.));
#6014=DIRECTION('',(-1.,0.,-6.21609245552443E-14));
#6015=DIRECTION('',(0.,-1.,0.));
#6016=DIRECTION('',(0.,1.,0.));
#6017=DIRECTION('',(0.,0.,1.));
#6018=DIRECTION('',(1.,0.,0.));
#6019=DIRECTION('',(0.,0.,-1.));
#6020=DIRECTION('',(1.,0.,0.));
#6021=DIRECTION('',(-3.70074341540801E-13,0.,-1.));
#6022=DIRECTION('',(0.,1.,0.));
#6023=DIRECTION('',(1.,0.,0.));
#6024=DIRECTION('',(0.,1.,0.));
#6025=DIRECTION('',(1.,0.,0.));
#6026=DIRECTION('',(1.85037170770469E-13,0.,1.));
#6027=DIRECTION('',(1.,0.,0.));
#6028=DIRECTION('',(0.,0.,1.));
#6029=DIRECTION('',(0.,-1.,0.));
#6030=DIRECTION('',(0.,0.,-1.));
#6031=DIRECTION('',(0.,1.,0.));
#6032=DIRECTION('',(1.,0.,0.));
#6033=DIRECTION('',(0.,-1.,0.));
#6034=DIRECTION('',(0.,1.,0.));
#6035=DIRECTION('',(0.,0.,1.));
#6036=DIRECTION('',(0.,0.,-1.));
#6037=DIRECTION('',(1.,0.,0.));
#6038=DIRECTION('',(1.85037170770469E-13,0.,1.));
#6039=DIRECTION('',(1.,0.,0.));
#6040=DIRECTION('',(0.,0.,-1.));
#6041=DIRECTION('',(0.,0.,1.));
#6042=DIRECTION('',(0.,-1.,0.));
#6043=DIRECTION('',(0.,-1.,0.));
#6044=DIRECTION('',(-1.,0.,0.));
#6045=DIRECTION('',(0.,0.,1.));
#6046=DIRECTION('',(0.,-1.,0.));
#6047=DIRECTION('',(0.,-1.,0.));
#6048=DIRECTION('',(5.55111512313102E-13,0.,-1.));
#6049=DIRECTION('',(0.,0.,1.));
#6050=DIRECTION('',(0.,1.,0.));
#6051=DIRECTION('',(0.,0.,1.));
#6052=DIRECTION('',(0.,1.,0.));
#6053=DIRECTION('',(1.,0.,0.));
#6054=DIRECTION('',(-3.70074341540801E-13,0.,-1.));
#6055=DIRECTION('',(1.,0.,0.));
#6056=DIRECTION('',(0.,-1.,0.));
#6057=DIRECTION('',(0.,0.,-1.));
#6058=DIRECTION('',(0.,-1.,0.));
#6059=DIRECTION('',(0.,0.,-1.));
#6060=DIRECTION('',(-1.,0.,0.));
#6061=DIRECTION('',(0.,-1.,0.));
#6062=DIRECTION('',(1.,0.,-1.85037170770469E-13));
#6063=DIRECTION('',(-1.85037170770469E-13,0.,-1.));
#6064=DIRECTION('',(-1.,0.,3.70074341540801E-13));
#6065=DIRECTION('',(3.70074341540801E-13,0.,1.));
#6066=DIRECTION('',(0.,-1.,0.));
#6067=DIRECTION('',(0.,0.,-1.));
#6068=DIRECTION('',(-1.,0.,0.));
#6069=DIRECTION('',(-6.9388939039234E-14,0.,1.));
#6070=DIRECTION('',(1.,0.,6.9388939039234E-14));
#6071=DIRECTION('',(-1.,0.,-6.9388939039234E-14));
#6072=DIRECTION('',(0.,-1.,0.));
#6073=DIRECTION('',(-1.,0.,-1.17961196365388E-12));
#6074=DIRECTION('',(0.,-1.,0.));
#6075=DIRECTION('',(1.,0.,6.9388939039234E-14));
#6076=DIRECTION('',(0.,-1.,0.));
#6077=DIRECTION('',(-1.,0.,-6.93889390375392E-14));
#6078=DIRECTION('',(0.,-1.,0.));
#6079=DIRECTION('',(0.,1.,0.));
#6080=DIRECTION('',(0.,0.,1.));
#6081=DIRECTION('',(1.,0.,0.));
#6082=DIRECTION('',(0.,0.,-1.));
#6083=DIRECTION('',(1.,0.,0.));
#6084=DIRECTION('',(0.,0.,-1.));
#6085=DIRECTION('',(0.,1.,0.));
#6086=DIRECTION('',(1.,0.,0.));
#6087=DIRECTION('',(0.,1.,0.));
#6088=DIRECTION('',(1.,0.,0.));
#6089=DIRECTION('',(1.85037170770469E-13,0.,1.));
#6090=DIRECTION('',(1.,0.,0.));
#6091=DIRECTION('',(0.,0.,1.));
#6092=DIRECTION('',(0.,-1.,0.));
#6093=DIRECTION('',(0.,0.,-1.));
#6094=DIRECTION('',(0.,1.,0.));
#6095=DIRECTION('',(1.,0.,0.));
#6096=DIRECTION('',(0.,-1.,0.));
#6097=DIRECTION('',(0.,1.,0.));
#6098=DIRECTION('',(0.,0.,1.));
#6099=DIRECTION('',(4.44089209850427E-12,0.,-1.));
#6100=DIRECTION('',(1.,0.,0.));
#6101=DIRECTION('',(1.85037170770469E-13,0.,1.));
#6102=DIRECTION('',(1.,0.,0.));
#6103=DIRECTION('',(0.,0.,-1.));
#6104=DIRECTION('',(-4.44089209850427E-12,0.,1.));
#6105=DIRECTION('',(0.,-1.,0.));
#6106=DIRECTION('',(0.,-1.,0.));
#6107=DIRECTION('',(-1.,0.,0.));
#6108=DIRECTION('',(0.,0.,1.));
#6109=DIRECTION('',(0.,-1.,0.));
#6110=DIRECTION('',(0.,-1.,0.));
#6111=DIRECTION('',(0.,0.,-1.));
#6112=DIRECTION('',(0.,0.,1.));
#6113=DIRECTION('',(0.,1.,0.));
#6114=DIRECTION('',(0.,0.,1.));
#6115=DIRECTION('',(0.,1.,0.));
#6116=DIRECTION('',(1.,0.,0.));
#6117=DIRECTION('',(0.,0.,-1.));
#6118=DIRECTION('',(1.,0.,0.));
#6119=DIRECTION('',(0.,-1.,0.));
#6120=DIRECTION('',(0.,0.,-1.));
#6121=DIRECTION('',(0.,-1.,0.));
#6122=DIRECTION('',(0.,0.,-1.));
#6123=DIRECTION('',(-1.,0.,0.));
#6124=DIRECTION('',(0.,-1.,0.));
#6125=DIRECTION('',(1.,0.,-1.85037170770469E-13));
#6126=DIRECTION('',(-1.85037170770469E-13,0.,-1.));
#6127=DIRECTION('',(-1.,0.,0.));
#6128=DIRECTION('',(0.,0.,1.));
#6129=DIRECTION('',(0.,-1.,0.));
#6130=DIRECTION('',(0.,0.,-1.));
#6131=DIRECTION('',(-1.,0.,0.));
#6132=DIRECTION('',(0.,1.,0.));
#6133=DIRECTION('',(0.,0.,1.));
#6134=DIRECTION('',(0.,0.,1.));
#6135=DIRECTION('',(-1.,0.,0.));
#6136=DIRECTION('',(0.,0.,-1.));
#6137=DIRECTION('',(1.,0.,0.));
#6138=DIRECTION('',(-1.,0.,0.));
#6139=DIRECTION('',(0.,0.,1.));
#6140=DIRECTION('',(0.,-1.,0.));
#6141=DIRECTION('',(0.,0.,-1.));
#6142=DIRECTION('',(0.,-1.,0.));
#6143=DIRECTION('',(1.,0.,0.));
#6144=DIRECTION('',(0.,0.,-1.));
#6145=DIRECTION('',(0.,-1.,0.));
#6146=DIRECTION('',(0.,0.,1.));
#6147=DIRECTION('',(0.,-1.,0.));
#6148=DIRECTION('',(0.,1.,0.));
#6149=DIRECTION('',(0.,0.,1.));
#6150=DIRECTION('',(1.,0.,0.));
#6151=DIRECTION('',(1.,0.,0.));
#6152=DIRECTION('',(1.,0.,0.));
#6153=DIRECTION('',(-1.,0.,0.));
#6154=DIRECTION('',(-1.,0.,0.));
#6155=DIRECTION('',(-1.,0.,0.));
#6156=DIRECTION('',(-1.,0.,0.));
#6157=DIRECTION('',(1.,0.,0.));
#6158=DIRECTION('',(0.,0.,1.));
#6159=DIRECTION('',(1.,0.,0.));
#6160=DIRECTION('',(0.,0.,-1.));
#6161=DIRECTION('',(-1.,0.,0.));
#6162=DIRECTION('',(0.,0.,1.));
#6163=DIRECTION('',(1.,0.,0.));
#6164=DIRECTION('',(1.,0.,0.));
#6165=DIRECTION('',(0.,0.,-1.));
#6166=DIRECTION('',(4.44089209850427E-12,0.,-1.));
#6167=DIRECTION('',(0.,-1.,0.));
#6168=DIRECTION('',(0.,0.,1.));
#6169=DIRECTION('',(0.,-1.,0.));
#6170=DIRECTION('',(-4.44089209850427E-12,0.,1.));
#6171=DIRECTION('',(0.,-1.,0.));
#6172=DIRECTION('',(-1.,0.,0.));
#6173=DIRECTION('',(0.,0.,1.));
#6174=DIRECTION('',(0.,-1.,0.));
#6175=DIRECTION('',(0.,0.,1.));
#6176=DIRECTION('',(0.,-1.,0.));
#6177=DIRECTION('',(0.,0.,-1.));
#6178=DIRECTION('',(0.,-1.,0.));
#6179=DIRECTION('',(0.,0.,-1.));
#6180=DIRECTION('',(0.,0.,-1.));
#6181=DIRECTION('',(-1.,0.,0.));
#6182=DIRECTION('',(-1.,0.,-9.48676901016059E-16));
#6183=DIRECTION('',(0.,1.,0.));
#6184=DIRECTION('',(1.,0.,0.));
#6185=DIRECTION('',(1.,0.,0.));
#6186=DIRECTION('',(1.,0.,0.));
#6187=DIRECTION('',(0.,1.,0.));
#6188=DIRECTION('',(-6.9388939039234E-14,0.,1.));
#6189=DIRECTION('',(1.,0.,6.9388939039234E-14));
#6190=DIRECTION('',(-1.,0.,-6.9388939039234E-14));
#6191=DIRECTION('',(0.,-1.,0.));
#6192=DIRECTION('',(-1.,0.,-6.93889390375392E-14));
#6193=DIRECTION('',(-1.,0.,-6.9388939039234E-14));
#6194=DIRECTION('',(-1.,0.,-1.17961196365388E-12));
#6195=DIRECTION('',(0.,-1.,0.));
#6196=DIRECTION('',(0.,1.,0.));
#6197=DIRECTION('',(0.,0.,1.));
#6198=DIRECTION('',(0.,-1.,0.));
#6199=DIRECTION('',(-1.,0.,-6.9388939039234E-14));
#6200=DIRECTION('',(-4.51750906229916E-17,0.,1.));
#6201=DIRECTION('',(-6.91856511316745E-14,0.,-1.));
#6202=DIRECTION('',(0.,1.,0.));
#6203=DIRECTION('',(0.,0.,1.));
#6204=DIRECTION('',(1.,0.,0.));
#6205=DIRECTION('',(1.85037170770469E-13,0.,1.));
#6206=DIRECTION('',(0.,1.,0.));
#6207=DIRECTION('',(1.,0.,0.));
#6208=DIRECTION('',(0.,1.,0.));
#6209=DIRECTION('',(1.,0.,0.));
#6210=DIRECTION('',(0.,0.,-1.));
#6211=DIRECTION('',(1.,0.,0.));
#6212=DIRECTION('',(0.,0.,-1.));
#6213=DIRECTION('',(-1.,0.,0.));
#6214=DIRECTION('',(0.,-1.,0.));
#6215=DIRECTION('',(1.,0.,0.));
#6216=DIRECTION('',(-1.,0.,0.));
#6217=DIRECTION('',(0.,0.,1.));
#6218=DIRECTION('',(0.,-1.,0.));
#6219=DIRECTION('',(0.,0.,-1.));
#6220=DIRECTION('',(0.,-1.,0.));
#6221=DIRECTION('',(0.,0.,-1.));
#6222=DIRECTION('',(0.,1.,0.));
#6223=DIRECTION('',(1.,0.,0.));
#6224=DIRECTION('',(0.,1.,0.));
#6225=DIRECTION('',(0.,0.,1.));
#6226=DIRECTION('',(0.,-1.,0.));
#6227=DIRECTION('',(0.,0.,-1.));
#6228=DIRECTION('',(0.,-1.,0.));
#6229=DIRECTION('',(0.,1.,0.));
#6230=DIRECTION('',(1.,0.,0.));
#6231=DIRECTION('',(1.,0.,-1.85037170770469E-13));
#6232=DIRECTION('',(-1.85037170770469E-13,0.,-1.));
#6233=DIRECTION('',(0.,-1.,0.));
#6234=DIRECTION('',(1.85037170770469E-13,0.,1.));
#6235=DIRECTION('',(0.,0.,-1.));
#6236=DIRECTION('',(-1.,0.,0.));
#6237=DIRECTION('',(1.,0.,0.));
#6238=DIRECTION('',(0.,1.,0.));
#6239=DIRECTION('',(0.,0.,1.));
#6240=DIRECTION('',(1.,0.,-6.91856511316745E-14));
#6241=DIRECTION('',(-6.91856511316745E-14,0.,-1.));
#6242=DIRECTION('',(-6.91856511316745E-14,0.,-1.));
#6243=DIRECTION('',(0.,1.,0.));
#6244=DIRECTION('',(0.,1.,0.));
#6245=DIRECTION('',(0.,0.,1.));
#6246=DIRECTION('',(0.,-1.,0.));
#6247=DIRECTION('',(-1.,0.,-6.9388939039234E-14));
#6248=DIRECTION('',(0.,1.,0.));
#6249=DIRECTION('',(-1.,0.,-4.51750906229916E-17));
#6250=DIRECTION('',(-4.51750906229916E-17,0.,1.));
#6251=DIRECTION('',(-4.51750906229916E-17,0.,1.));
#6252=DIRECTION('',(0.,-1.,0.));
#6253=DIRECTION('',(0.,0.,-1.));
#6254=DIRECTION('',(0.,0.,-1.));
#6255=DIRECTION('',(-1.,0.,0.));
#6256=DIRECTION('',(0.,1.,0.));
#6257=DIRECTION('',(1.,0.,0.));
#6258=DIRECTION('',(0.,1.,0.));
#6259=DIRECTION('',(1.,0.,0.));
#6260=DIRECTION('',(0.,-1.,0.));
#6261=DIRECTION('',(1.,0.,0.));
#6262=DIRECTION('',(0.,-1.,0.));
#6263=DIRECTION('',(1.,0.,0.));
#6264=DIRECTION('',(0.,1.,0.));
#6265=DIRECTION('',(0.,0.,1.));
#6266=DIRECTION('',(0.,-1.,0.));
#6267=DIRECTION('',(-7.69783542466502E-14,0.,1.));
#6268=DIRECTION('',(-7.5848976983644E-14,0.,1.));
#6269=DIRECTION('',(5.55111512313102E-13,0.,-1.));
#6270=DIRECTION('',(-1.,0.,-7.69783542466502E-14));
#6271=DIRECTION('',(0.,0.,1.));
#6272=DIRECTION('',(-4.51750903667191E-17,0.,-1.));
#6273=DIRECTION('',(1.,0.,0.));
#6274=DIRECTION('',(0.,0.,-1.));
#6275=DIRECTION('',(0.,0.,-1.));
#6276=DIRECTION('',(0.,-1.,0.));
#6277=DIRECTION('',(0.,0.,1.));
#6278=DIRECTION('',(0.,-1.,0.));
#6279=DIRECTION('',(-1.,0.,0.));
#6280=DIRECTION('',(0.,0.,1.));
#6281=DIRECTION('',(0.,-1.,0.));
#6282=DIRECTION('',(0.,0.,1.));
#6283=DIRECTION('',(0.,-1.,0.));
#6284=DIRECTION('',(0.,0.,-1.));
#6285=DIRECTION('',(-7.69783542466502E-14,0.,1.));
#6286=DIRECTION('',(1.,0.,7.69783542466502E-14));
#6287=DIRECTION('',(-1.,0.,-7.69783542466502E-14));
#6288=DIRECTION('',(0.,-1.,0.));
#6289=DIRECTION('',(-1.,0.,-6.21609245552443E-14));
#6290=DIRECTION('',(-1.,0.,-6.21609245554744E-14));
#6291=DIRECTION('',(0.,-1.,0.));
#6292=DIRECTION('',(0.,1.,0.));
#6293=DIRECTION('',(0.,0.,1.));
#6294=DIRECTION('',(1.,0.,0.));
#6295=DIRECTION('',(1.85037170770469E-13,0.,1.));
#6296=DIRECTION('',(0.,1.,0.));
#6297=DIRECTION('',(1.,0.,0.));
#6298=DIRECTION('',(0.,1.,0.));
#6299=DIRECTION('',(1.,0.,0.));
#6300=DIRECTION('',(-3.70074341540801E-13,0.,-1.));
#6301=DIRECTION('',(1.,0.,0.));
#6302=DIRECTION('',(0.,0.,-1.));
#6303=DIRECTION('',(-1.,0.,0.));
#6304=DIRECTION('',(0.,-1.,0.));
#6305=DIRECTION('',(1.,0.,0.));
#6306=DIRECTION('',(-1.,0.,3.70074341540801E-13));
#6307=DIRECTION('',(3.70074341540801E-13,0.,1.));
#6308=DIRECTION('',(0.,-1.,0.));
#6309=DIRECTION('',(-3.70074341540801E-13,0.,-1.));
#6310=DIRECTION('',(0.,-1.,0.));
#6311=DIRECTION('',(0.,0.,-1.));
#6312=DIRECTION('',(0.,1.,0.));
#6313=DIRECTION('',(1.,0.,0.));
#6314=DIRECTION('',(0.,1.,0.));
#6315=DIRECTION('',(0.,0.,1.));
#6316=DIRECTION('',(0.,-1.,0.));
#6317=DIRECTION('',(0.,0.,-1.));
#6318=DIRECTION('',(0.,-1.,0.));
#6319=DIRECTION('',(0.,1.,0.));
#6320=DIRECTION('',(1.,0.,0.));
#6321=DIRECTION('',(1.,0.,-1.85037170770469E-13));
#6322=DIRECTION('',(-1.85037170770469E-13,0.,-1.));
#6323=DIRECTION('',(0.,-1.,0.));
#6324=DIRECTION('',(1.85037170770469E-13,0.,1.));
#6325=DIRECTION('',(0.,0.,-1.));
#6326=DIRECTION('',(-1.,0.,0.));
#6327=DIRECTION('',(1.,0.,0.));
#6328=DIRECTION('',(0.,1.,0.));
#6329=DIRECTION('',(0.,0.,1.));
#6330=DIRECTION('',(-1.,0.,-7.5848976983644E-14));
#6331=DIRECTION('',(-7.5848976983644E-14,0.,1.));
#6332=DIRECTION('',(0.,1.,0.));
#6333=DIRECTION('',(-7.5848976983644E-14,0.,1.));
#6334=DIRECTION('',(0.,1.,0.));
#6335=DIRECTION('',(0.,0.,1.));
#6336=DIRECTION('',(0.,1.,0.));
#6337=DIRECTION('',(0.,-1.,0.));
#6338=DIRECTION('',(-7.69783542466502E-14,0.,1.));
#6339=DIRECTION('',(1.,0.,-4.51750903667191E-17));
#6340=DIRECTION('',(-4.51750903667191E-17,0.,-1.));
#6341=DIRECTION('',(-4.51750903667191E-17,0.,-1.));
#6342=DIRECTION('',(0.,1.,0.));
#6343=DIRECTION('',(0.,0.,1.));
#6344=DIRECTION('',(0.,0.,-1.));
#6345=DIRECTION('',(-1.,0.,0.));
#6346=DIRECTION('',(0.,1.,0.));
#6347=DIRECTION('',(1.,0.,0.));
#6348=DIRECTION('',(0.,1.,0.));
#6349=DIRECTION('',(1.,0.,0.));
#6350=DIRECTION('',(0.,-1.,0.));
#6351=DIRECTION('',(1.,0.,0.));
#6352=DIRECTION('',(0.,-1.,0.));
#6353=DIRECTION('',(1.,0.,0.));
#6354=DIRECTION('',(1.,0.,0.));
#6355=DIRECTION('',(0.,0.,-1.));
#6356=DIRECTION('',(0.,0.,1.));
#6357=DIRECTION('',(0.,-1.,0.));
#6358=DIRECTION('',(0.,0.,1.));
#6359=DIRECTION('',(0.,0.,1.));
#6360=DIRECTION('',(0.,-1.,0.));
#6361=DIRECTION('',(-1.39934360396229E-12,0.,1.));
#6362=DIRECTION('',(1.,0.,1.39934360396229E-12));
#6363=DIRECTION('',(-1.,0.,-1.39934360396229E-12));
#6364=DIRECTION('',(0.,-1.,0.));
#6365=DIRECTION('',(1.,0.,-6.24500451346173E-13));
#6366=DIRECTION('',(-1.,0.,-1.39934360396229E-12));
#6367=DIRECTION('',(0.,-1.,0.));
#6368=DIRECTION('',(1.,0.,-6.93889390362295E-14));
#6369=DIRECTION('',(0.,-1.,0.));
#6370=DIRECTION('',(-1.,0.,4.44089209848386E-12));
#6371=DIRECTION('',(4.44089209848386E-12,0.,1.));
#6372=DIRECTION('',(0.,-1.,0.));
#6373=DIRECTION('',(-9.15933995316507E-12,0.,-1.));
#6374=DIRECTION('',(-6.93889390391196E-12,0.,-1.));
#6375=DIRECTION('',(-4.44089209848386E-12,0.,-1.));
#6376=DIRECTION('',(0.,-1.,0.));
#6377=DIRECTION('',(0.,0.,-1.));
#6378=DIRECTION('',(0.,1.,0.));
#6379=DIRECTION('',(-1.,0.,-9.25185853853714E-14));
#6380=DIRECTION('',(-9.25185853853714E-14,0.,1.));
#6381=DIRECTION('',(2.2587545466914E-17,0.,-1.));
#6382=DIRECTION('',(0.,-1.,0.));
#6383=DIRECTION('',(0.,0.,-1.));
#6384=DIRECTION('',(0.,1.,0.));
#6385=DIRECTION('',(1.,0.,0.));
#6386=DIRECTION('',(0.,0.,1.));
#6387=DIRECTION('',(-1.,0.,0.));
#6388=DIRECTION('',(-1.,0.,0.));
#6389=DIRECTION('',(0.,0.,-1.));
#6390=DIRECTION('',(0.,1.,0.));
#6391=DIRECTION('',(-1.,0.,0.));
#6392=DIRECTION('',(0.,0.,1.));
#6393=DIRECTION('',(1.,0.,0.));
#6394=DIRECTION('',(-1.,0.,0.));
#6395=DIRECTION('',(0.,-1.,0.));
#6396=DIRECTION('',(0.,-1.,0.));
#6397=DIRECTION('',(0.,0.,-1.));
#6398=DIRECTION('',(0.,-1.,0.));
#6399=DIRECTION('',(0.,1.,0.));
#6400=DIRECTION('',(-1.,0.,0.));
#6401=DIRECTION('',(-1.,0.,0.));
#6402=DIRECTION('',(0.,0.,1.));
#6403=DIRECTION('',(0.,0.,-1.));
#6404=DIRECTION('',(0.,1.,0.));
#6405=DIRECTION('',(0.,0.,1.));
#6406=DIRECTION('',(0.,0.,1.));
#6407=DIRECTION('',(1.,0.,0.));
#6408=DIRECTION('',(0.,-1.,0.));
#6409=DIRECTION('',(-1.,0.,0.));
#6410=DIRECTION('',(1.,0.,0.));
#6411=DIRECTION('',(0.,0.,-1.));
#6412=DIRECTION('',(0.,-1.,0.));
#6413=DIRECTION('',(0.,0.,1.));
#6414=DIRECTION('',(0.,-1.,0.));
#6415=DIRECTION('',(0.,0.,-1.));
#6416=DIRECTION('',(0.,1.,0.));
#6417=DIRECTION('',(1.,0.,0.));
#6418=DIRECTION('',(0.,1.,0.));
#6419=DIRECTION('',(0.,0.,1.));
#6420=DIRECTION('',(0.,1.,0.));
#6421=DIRECTION('',(0.,0.,1.));
#6422=DIRECTION('',(-9.25185853853714E-14,0.,1.));
#6423=DIRECTION('',(0.,1.,0.));
#6424=DIRECTION('',(-1.,0.,-9.25185853853714E-14));
#6425=DIRECTION('',(2.2587545466914E-17,0.,-1.));
#6426=DIRECTION('',(-1.,0.,-9.25185853853714E-14));
#6427=DIRECTION('',(-9.25185853853715E-14,0.,1.));
#6428=DIRECTION('',(0.,1.,0.));
#6429=DIRECTION('',(0.,1.,0.));
#6430=DIRECTION('',(0.,0.,1.));
#6431=DIRECTION('',(0.,1.,0.));
#6432=DIRECTION('',(1.,0.,2.2587545466914E-17));
#6433=DIRECTION('',(2.2587545466914E-17,0.,-1.));
#6434=DIRECTION('',(1.,0.,0.));
#6435=DIRECTION('',(0.,0.,-1.));
#6436=DIRECTION('',(4.16333634234759E-12,0.,1.));
#6437=DIRECTION('',(0.,-1.,0.));
#6438=DIRECTION('',(0.,0.,1.));
#6439=DIRECTION('',(0.,-1.,0.));
#6440=DIRECTION('',(5.55111512310482E-13,0.,1.));
#6441=DIRECTION('',(0.,-1.,0.));
#6442=DIRECTION('',(7.69783542468781E-14,0.,1.));
#6443=DIRECTION('',(1.,0.,-7.69783542468781E-14));
#6444=DIRECTION('',(-1.,0.,7.69783542468781E-14));
#6445=DIRECTION('',(0.,-1.,0.));
#6446=DIRECTION('',(1.,0.,-4.32235266099841E-13));
#6447=DIRECTION('',(-1.,0.,7.69783542468781E-14));
#6448=DIRECTION('',(0.,-1.,0.));
#6449=DIRECTION('',(1.,0.,-6.21609245545082E-14));
#6450=DIRECTION('',(0.,-1.,0.));
#6451=DIRECTION('',(-1.,0.,0.));
#6452=DIRECTION('',(0.,0.,1.));
#6453=DIRECTION('',(0.,-1.,0.));
#6454=DIRECTION('',(-4.4408920985043E-12,0.,-1.));
#6455=DIRECTION('',(-4.44089209850368E-12,0.,-1.));
#6456=DIRECTION('',(0.,-1.,0.));
#6457=DIRECTION('',(0.,0.,-1.));
#6458=DIRECTION('',(3.96508223081903E-13,0.,-1.));
#6459=DIRECTION('',(-1.,0.,-3.96508223081903E-13));
#6460=DIRECTION('',(0.,1.,0.));
#6461=DIRECTION('',(1.,0.,3.96508223081903E-13));
#6462=DIRECTION('',(0.,1.,0.));
#6463=DIRECTION('',(1.,0.,0.));
#6464=DIRECTION('',(1.,0.,3.96508223081903E-13));
#6465=DIRECTION('',(1.,0.,0.));
#6466=DIRECTION('',(0.,-1.,0.));
#6467=DIRECTION('',(0.,0.,-1.));
#6468=DIRECTION('',(0.,1.,0.));
#6469=DIRECTION('',(-1.,0.,-9.25185853856624E-14));
#6470=DIRECTION('',(9.21345971152714E-14,0.,1.));
#6471=DIRECTION('',(9.21797722067617E-14,0.,-1.));
#6472=DIRECTION('',(0.,-1.,0.));
#6473=DIRECTION('',(0.,0.,-1.));
#6474=DIRECTION('',(-1.,0.,0.));
#6475=DIRECTION('',(3.70074341540801E-13,0.,-1.));
#6476=DIRECTION('',(0.,1.,0.));
#6477=DIRECTION('',(-1.,0.,0.));
#6478=DIRECTION('',(0.,1.,0.));
#6479=DIRECTION('',(1.,0.,0.));
#6480=DIRECTION('',(0.,0.,1.));
#6481=DIRECTION('',(-1.,0.,0.));
#6482=DIRECTION('',(0.,0.,1.));
#6483=DIRECTION('',(1.,0.,0.));
#6484=DIRECTION('',(-1.,0.,0.));
#6485=DIRECTION('',(0.,-1.,0.));
#6486=DIRECTION('',(0.,-1.,0.));
#6487=DIRECTION('',(0.,0.,-1.));
#6488=DIRECTION('',(0.,-1.,0.));
#6489=DIRECTION('',(0.,1.,0.));
#6490=DIRECTION('',(-1.,0.,0.));
#6491=DIRECTION('',(-1.,0.,-3.70074341540801E-13));
#6492=DIRECTION('',(-3.70074341540801E-13,0.,1.));
#6493=DIRECTION('',(3.70074341540801E-13,0.,-1.));
#6494=DIRECTION('',(0.,1.,0.));
#6495=DIRECTION('',(0.,0.,1.));
#6496=DIRECTION('',(0.,0.,1.));
#6497=DIRECTION('',(1.,0.,0.));
#6498=DIRECTION('',(0.,-1.,0.));
#6499=DIRECTION('',(-1.,0.,0.));
#6500=DIRECTION('',(1.,0.,0.));
#6501=DIRECTION('',(0.,0.,-1.));
#6502=DIRECTION('',(0.,-1.,0.));
#6503=DIRECTION('',(0.,0.,1.));
#6504=DIRECTION('',(0.,-1.,0.));
#6505=DIRECTION('',(0.,0.,-1.));
#6506=DIRECTION('',(0.,1.,0.));
#6507=DIRECTION('',(1.,0.,0.));
#6508=DIRECTION('',(0.,1.,0.));
#6509=DIRECTION('',(0.,0.,1.));
#6510=DIRECTION('',(0.,1.,0.));
#6511=DIRECTION('',(0.,0.,1.));
#6512=DIRECTION('',(9.21345971152714E-14,0.,1.));
#6513=DIRECTION('',(0.,1.,0.));
#6514=DIRECTION('',(-1.,0.,-9.25185853856624E-14));
#6515=DIRECTION('',(9.21797722067617E-14,0.,-1.));
#6516=DIRECTION('',(-1.,0.,9.21345971152714E-14));
#6517=DIRECTION('',(9.21345971152714E-14,0.,1.));
#6518=DIRECTION('',(0.,1.,0.));
#6519=DIRECTION('',(0.,1.,0.));
#6520=DIRECTION('',(0.,0.,1.));
#6521=DIRECTION('',(0.,1.,0.));
#6522=DIRECTION('',(1.,0.,9.21797722067617E-14));
#6523=DIRECTION('',(9.21797722067617E-14,0.,-1.));
#6524=DIRECTION('',(-0.514495755428962,0.,-0.857492925711683));
#6525=DIRECTION('',(-0.857492925711683,0.,0.514495755428962));
#6526=DIRECTION('',(0.,-1.,0.));
#6527=DIRECTION('',(0.857492925711683,0.,-0.514495755428962));
#6528=DIRECTION('',(0.,-1.,0.));
#6529=DIRECTION('',(0.857492925711683,0.,-0.514495755428962));
#6530=DIRECTION('',(0.,0.,-1.));
#6531=DIRECTION('',(-1.,0.,0.));
#6532=DIRECTION('',(0.,-1.,0.));
#6533=DIRECTION('',(1.,0.,4.51750905202364E-17));
#6534=DIRECTION('',(1.,0.,0.));
#6535=DIRECTION('',(1.,0.,0.));
#6536=DIRECTION('',(0.,0.,-1.));
#6537=DIRECTION('',(0.,-1.,0.));
#6538=DIRECTION('',(0.,0.,1.));
#6539=DIRECTION('',(0.,0.,1.));
#6540=DIRECTION('',(0.,0.,1.));
#6541=DIRECTION('',(1.,0.,0.));
#6542=DIRECTION('',(0.,-1.,0.));
#6543=DIRECTION('',(-1.,0.,0.));
#6544=DIRECTION('',(-1.,0.,0.));
#6545=DIRECTION('',(-1.,0.,0.));
#6546=DIRECTION('',(0.,0.,1.));
#6547=DIRECTION('',(0.,0.,-1.));
#6548=DIRECTION('',(0.,0.,-1.));
#6549=DIRECTION('',(0.,-1.,0.));
#6550=DIRECTION('',(0.,0.,-1.));
#6551=DIRECTION('',(-1.,0.,0.));
#6552=DIRECTION('',(0.,0.,1.));
#6553=DIRECTION('',(0.,0.,-1.));
#6554=DIRECTION('',(0.,-1.,0.));
#6555=DIRECTION('',(0.,0.,-1.));
#6556=DIRECTION('',(0.,-1.,0.));
#6557=DIRECTION('',(0.,-1.,0.));
#6558=DIRECTION('',(0.,0.,-1.));
#6559=DIRECTION('',(0.,-1.,0.));
#6560=DIRECTION('',(1.,0.,0.));
#6561=DIRECTION('',(0.,-1.,0.));
#6562=DIRECTION('',(0.,-1.,0.));
#6563=DIRECTION('',(1.,0.,0.));
#6564=DIRECTION('',(-1.,0.,0.));
#6565=DIRECTION('',(0.,0.,1.));
#6566=DIRECTION('',(0.,0.,-1.));
#6567=DIRECTION('',(0.,-1.,0.));
#6568=DIRECTION('',(0.,0.,-1.));
#6569=DIRECTION('',(0.,-1.,0.));
#6570=DIRECTION('',(0.,0.,-1.));
#6571=DIRECTION('',(0.,1.,0.));
#6572=DIRECTION('',(1.,0.,0.));
#6573=DIRECTION('',(0.,-1.,0.));
#6574=DIRECTION('',(0.,1.,0.));
#6575=DIRECTION('',(1.,0.,0.));
#6576=DIRECTION('',(0.,0.,1.));
#6577=DIRECTION('',(1.,0.,0.));
#6578=DIRECTION('',(-1.,0.,0.));
#6579=DIRECTION('',(0.,-1.,0.));
#6580=DIRECTION('',(-1.,0.,0.));
#6581=DIRECTION('',(0.,-1.,0.));
#6582=DIRECTION('',(0.,0.,-1.));
#6583=DIRECTION('',(0.,1.,0.));
#6584=DIRECTION('',(1.,0.,0.));
#6585=DIRECTION('',(0.,-1.,0.));
#6586=DIRECTION('',(0.,1.,0.));
#6587=DIRECTION('',(1.,0.,0.));
#6588=DIRECTION('',(1.,0.,0.));
#6589=DIRECTION('',(0.,0.,-1.));
#6590=DIRECTION('',(0.,0.,1.));
#6591=DIRECTION('',(0.,-1.,0.));
#6592=DIRECTION('',(0.,0.,1.));
#6593=DIRECTION('',(0.,-1.,0.));
#6594=DIRECTION('',(0.,0.,-1.));
#6595=DIRECTION('',(0.,-1.,0.));
#6596=DIRECTION('',(1.,0.,0.));
#6597=DIRECTION('',(0.,-1.,0.));
#6598=DIRECTION('',(0.,-1.,0.));
#6599=DIRECTION('',(1.,0.,0.));
#6600=DIRECTION('',(1.,0.,1.48029736617033E-12));
#6601=DIRECTION('',(1.48029736617033E-12,0.,-1.));
#6602=DIRECTION('',(-1.48029736617033E-12,0.,1.));
#6603=DIRECTION('',(0.,-1.,0.));
#6604=DIRECTION('',(-1.48029736617033E-12,0.,1.));
#6605=DIRECTION('',(0.,-1.,0.));
#6606=DIRECTION('',(0.,0.,-1.));
#6607=DIRECTION('',(0.,-1.,0.));
#6608=DIRECTION('',(-1.,0.,0.));
#6609=DIRECTION('',(0.,-1.,0.));
#6610=DIRECTION('',(0.,-1.,0.));
#6611=DIRECTION('',(-1.,0.,0.));
#6612=DIRECTION('',(1.,0.,4.03717463499653E-13));
#6613=DIRECTION('',(4.03717463499653E-13,0.,-1.));
#6614=DIRECTION('',(-4.03717463499653E-13,0.,1.));
#6615=DIRECTION('',(0.,-1.,0.));
#6616=DIRECTION('',(-4.03717463499653E-13,0.,1.));
#6617=DIRECTION('',(0.,-1.,0.));
#6618=DIRECTION('',(0.,0.,-1.));
#6619=DIRECTION('',(0.,1.,0.));
#6620=DIRECTION('',(1.,0.,0.));
#6621=DIRECTION('',(0.,-1.,0.));
#6622=DIRECTION('',(0.,1.,0.));
#6623=DIRECTION('',(1.,0.,0.));
#6624=DIRECTION('',(0.,0.,-1.));
#6625=DIRECTION('',(-1.,0.,0.));
#6626=DIRECTION('',(1.,0.,0.));
#6627=DIRECTION('',(0.,-1.,0.));
#6628=DIRECTION('',(1.,0.,0.));
#6629=DIRECTION('',(0.,-1.,0.));
#6630=DIRECTION('',(0.,0.,-1.));
#6631=DIRECTION('',(0.,1.,0.));
#6632=DIRECTION('',(-1.,0.,0.));
#6633=DIRECTION('',(0.,-1.,0.));
#6634=DIRECTION('',(0.,1.,0.));
#6635=DIRECTION('',(-1.,0.,0.));
#6636=DIRECTION('',(-1.,0.,0.));
#6637=DIRECTION('',(0.,0.,1.));
#6638=DIRECTION('',(0.,0.,-1.));
#6639=DIRECTION('',(0.,-1.,0.));
#6640=DIRECTION('',(0.,0.,-1.));
#6641=DIRECTION('',(0.,-1.,0.));
#6642=DIRECTION('',(0.,0.,-1.));
#6643=DIRECTION('',(0.,-1.,0.));
#6644=DIRECTION('',(1.,0.,0.));
#6645=DIRECTION('',(0.,-1.,0.));
#6646=DIRECTION('',(1.,0.,0.));
#6647=DIRECTION('',(0.,-1.,0.));
#6648=DIRECTION('',(0.,0.,-1.));
#6649=DIRECTION('',(0.,-1.,0.));
#6650=DIRECTION('',(0.,0.,-1.));
#6651=DIRECTION('',(1.,0.,0.));
#6652=DIRECTION('',(0.,0.,-1.));
#6653=DIRECTION('',(0.,0.,1.));
#6654=DIRECTION('',(0.,-1.,0.));
#6655=DIRECTION('',(0.,0.,1.));
#6656=DIRECTION('',(0.,-1.,0.));
#6657=DIRECTION('',(0.,0.,1.));
#6658=DIRECTION('',(0.,-1.,0.));
#6659=DIRECTION('',(0.,0.,1.));
#6660=DIRECTION('',(1.,0.,0.));
#6661=DIRECTION('',(-1.,0.,0.));
#6662=DIRECTION('',(0.,-1.,0.));
#6663=DIRECTION('',(1.,0.,-3.70074341541212E-13));
#6664=DIRECTION('',(-1.,0.,0.));
#6665=DIRECTION('',(0.,-1.,0.));
#6666=DIRECTION('',(1.,0.,0.));
#6667=DIRECTION('',(0.,-1.,0.));
#6668=DIRECTION('',(-1.,0.,0.));
#6669=DIRECTION('',(0.,0.,1.));
#6670=DIRECTION('',(0.,-1.,0.));
#6671=DIRECTION('',(-4.71844785466071E-12,0.,-1.));
#6672=DIRECTION('',(0.,0.,-1.));
#6673=DIRECTION('',(0.,-1.,0.));
#6674=DIRECTION('',(0.,0.,-1.));
#6675=DIRECTION('',(0.,0.,-1.));
#6676=DIRECTION('',(-1.,0.,0.));
#6677=DIRECTION('',(0.,1.,0.));
#6678=DIRECTION('',(1.,0.,0.));
#6679=DIRECTION('',(0.,1.,0.));
#6680=DIRECTION('',(1.,0.,0.));
#6681=DIRECTION('',(1.,0.,0.));
#6682=DIRECTION('',(1.,0.,0.));
#6683=DIRECTION('',(0.,-1.,0.));
#6684=DIRECTION('',(0.,0.,-1.));
#6685=DIRECTION('',(0.,1.,0.));
#6686=DIRECTION('',(6.9388939039234E-14,0.,-1.));
#6687=DIRECTION('',(1.80700361724159E-16,0.,1.));
#6688=DIRECTION('',(-1.80700361717621E-16,0.,-1.));
#6689=DIRECTION('',(0.,-1.,0.));
#6690=DIRECTION('',(0.,0.,-1.));
#6691=DIRECTION('',(-1.,0.,0.));
#6692=DIRECTION('',(0.,0.,-1.));
#6693=DIRECTION('',(0.,1.,0.));
#6694=DIRECTION('',(-1.,0.,0.));
#6695=DIRECTION('',(0.,1.,0.));
#6696=DIRECTION('',(1.,0.,0.));
#6697=DIRECTION('',(-1.85037170770948E-13,0.,1.));
#6698=DIRECTION('',(-1.,0.,0.));
#6699=DIRECTION('',(0.,0.,1.));
#6700=DIRECTION('',(1.,0.,0.));
#6701=DIRECTION('',(-1.,0.,0.));
#6702=DIRECTION('',(0.,-1.,0.));
#6703=DIRECTION('',(0.,-1.,0.));
#6704=DIRECTION('',(0.,0.,-1.));
#6705=DIRECTION('',(0.,-1.,0.));
#6706=DIRECTION('',(0.,1.,0.));
#6707=DIRECTION('',(-1.,0.,0.));
#6708=DIRECTION('',(-1.,0.,0.));
#6709=DIRECTION('',(0.,0.,1.));
#6710=DIRECTION('',(0.,0.,-1.));
#6711=DIRECTION('',(0.,1.,0.));
#6712=DIRECTION('',(0.,0.,1.));
#6713=DIRECTION('',(0.,0.,1.));
#6714=DIRECTION('',(1.,0.,0.));
#6715=DIRECTION('',(0.,-1.,0.));
#6716=DIRECTION('',(-1.,0.,0.));
#6717=DIRECTION('',(1.,0.,1.85037170770948E-13));
#6718=DIRECTION('',(1.85037170770948E-13,0.,-1.));
#6719=DIRECTION('',(0.,-1.,0.));
#6720=DIRECTION('',(-1.85037170770948E-13,0.,1.));
#6721=DIRECTION('',(0.,-1.,0.));
#6722=DIRECTION('',(0.,0.,-1.));
#6723=DIRECTION('',(0.,1.,0.));
#6724=DIRECTION('',(1.,0.,0.));
#6725=DIRECTION('',(0.,1.,0.));
#6726=DIRECTION('',(0.,0.,1.));
#6727=DIRECTION('',(0.,1.,0.));
#6728=DIRECTION('',(0.,0.,1.));
#6729=DIRECTION('',(1.80700361724159E-16,0.,1.));
#6730=DIRECTION('',(0.,1.,0.));
#6731=DIRECTION('',(6.9388939039234E-14,0.,-1.));
#6732=DIRECTION('',(-1.80700361717621E-16,0.,-1.));
#6733=DIRECTION('',(-1.,0.,1.80700361724159E-16));
#6734=DIRECTION('',(1.80700361724159E-16,0.,1.));
#6735=DIRECTION('',(0.,1.,0.));
#6736=DIRECTION('',(0.,1.,0.));
#6737=DIRECTION('',(0.,0.,1.));
#6738=DIRECTION('',(0.,1.,0.));
#6739=DIRECTION('',(1.,0.,-1.80700361717621E-16));
#6740=DIRECTION('',(-1.80700361717621E-16,0.,-1.));
#6741=DIRECTION('',(1.,0.,0.));
#6742=DIRECTION('',(0.,0.,-1.));
#6743=DIRECTION('',(0.,0.,-1.));
#6744=DIRECTION('',(0.,-1.,0.));
#6745=DIRECTION('',(0.,0.,1.));
#6746=DIRECTION('',(0.,-1.,0.));
#6747=DIRECTION('',(0.,0.,1.));
#6748=DIRECTION('',(0.,-1.,0.));
#6749=DIRECTION('',(-1.,0.,0.));
#6750=DIRECTION('',(0.,0.,1.));
#6751=DIRECTION('',(0.,-1.,0.));
#6752=DIRECTION('',(0.,0.,1.));
#6753=DIRECTION('',(0.,-1.,0.));
#6754=DIRECTION('',(0.,0.,-1.));
#6755=DIRECTION('',(0.,-1.,0.));
#6756=DIRECTION('',(0.,0.,-1.));
#6757=DIRECTION('',(0.,0.,-1.));
#6758=DIRECTION('',(-1.,0.,0.));
#6759=DIRECTION('',(-1.,0.,6.7762635693746E-17));
#6760=DIRECTION('',(0.,1.,0.));
#6761=DIRECTION('',(1.,0.,0.));
#6762=DIRECTION('',(1.,0.,0.));
#6763=DIRECTION('',(1.,0.,0.));
#6764=DIRECTION('',(0.,1.,0.));
#6765=DIRECTION('',(0.,0.,1.));
#6766=DIRECTION('',(1.,0.,0.));
#6767=DIRECTION('',(-1.,0.,0.));
#6768=DIRECTION('',(0.,-1.,0.));
#6769=DIRECTION('',(-1.,0.,0.));
#6770=DIRECTION('',(-1.,0.,0.));
#6771=DIRECTION('',(-1.,0.,7.40148683082424E-13));
#6772=DIRECTION('',(0.,-1.,0.));
#6773=DIRECTION('',(0.,1.,0.));
#6774=DIRECTION('',(0.,0.,1.));
#6775=DIRECTION('',(0.,-1.,0.));
#6776=DIRECTION('',(-1.,0.,-6.9388939039234E-14));
#6777=DIRECTION('',(1.80700361978412E-16,0.,1.));
#6778=DIRECTION('',(-1.80700361975143E-16,0.,-1.));
#6779=DIRECTION('',(0.,1.,0.));
#6780=DIRECTION('',(0.,0.,1.));
#6781=DIRECTION('',(1.,0.,0.));
#6782=DIRECTION('',(5.5511151231305E-13,0.,1.));
#6783=DIRECTION('',(0.,1.,0.));
#6784=DIRECTION('',(1.,0.,0.));
#6785=DIRECTION('',(0.,1.,0.));
#6786=DIRECTION('',(1.,0.,0.));
#6787=DIRECTION('',(0.,0.,-1.));
#6788=DIRECTION('',(1.,0.,0.));
#6789=DIRECTION('',(0.,0.,-1.));
#6790=DIRECTION('',(-1.,0.,0.));
#6791=DIRECTION('',(0.,-1.,0.));
#6792=DIRECTION('',(1.,0.,0.));
#6793=DIRECTION('',(-1.,0.,0.));
#6794=DIRECTION('',(0.,0.,1.));
#6795=DIRECTION('',(0.,-1.,0.));
#6796=DIRECTION('',(0.,0.,-1.));
#6797=DIRECTION('',(0.,-1.,0.));
#6798=DIRECTION('',(0.,0.,-1.));
#6799=DIRECTION('',(0.,1.,0.));
#6800=DIRECTION('',(1.,0.,0.));
#6801=DIRECTION('',(0.,1.,0.));
#6802=DIRECTION('',(0.,0.,1.));
#6803=DIRECTION('',(0.,-1.,0.));
#6804=DIRECTION('',(0.,0.,-1.));
#6805=DIRECTION('',(0.,-1.,0.));
#6806=DIRECTION('',(0.,1.,0.));
#6807=DIRECTION('',(1.,0.,0.));
#6808=DIRECTION('',(1.,0.,-5.5511151231305E-13));
#6809=DIRECTION('',(-5.5511151231305E-13,0.,-1.));
#6810=DIRECTION('',(0.,-1.,0.));
#6811=DIRECTION('',(5.5511151231305E-13,0.,1.));
#6812=DIRECTION('',(0.,0.,-1.));
#6813=DIRECTION('',(-1.,0.,0.));
#6814=DIRECTION('',(1.,0.,0.));
#6815=DIRECTION('',(0.,1.,0.));
#6816=DIRECTION('',(0.,0.,1.));
#6817=DIRECTION('',(1.,0.,-1.80700361975143E-16));
#6818=DIRECTION('',(-1.80700361975143E-16,0.,-1.));
#6819=DIRECTION('',(-1.80700361975143E-16,0.,-1.));
#6820=DIRECTION('',(0.,1.,0.));
#6821=DIRECTION('',(0.,1.,0.));
#6822=DIRECTION('',(0.,0.,1.));
#6823=DIRECTION('',(0.,-1.,0.));
#6824=DIRECTION('',(-1.,0.,-6.9388939039234E-14));
#6825=DIRECTION('',(0.,1.,0.));
#6826=DIRECTION('',(-1.,0.,1.80700361978412E-16));
#6827=DIRECTION('',(1.80700361978412E-16,0.,1.));
#6828=DIRECTION('',(1.80700361978412E-16,0.,1.));
#6829=DIRECTION('',(0.,-1.,0.));
#6830=DIRECTION('',(0.,0.,-1.));
#6831=DIRECTION('',(-9.71445146547011E-17,6.66133814775094E-16,1.));
#6832=DIRECTION('',(1.,-6.66133814775094E-16,9.71445146547015E-17));
#6833=CARTESIAN_POINT('',(0.,0.,0.));
#6834=CARTESIAN_POINT('',(-0.499999999999779,0.75,0.700000000000335));
#6835=CARTESIAN_POINT('',(-0.499999999999779,0.598,0.700000000000335));
#6836=CARTESIAN_POINT('',(-0.424999999999676,0.598,0.70000000000028));
#6837=CARTESIAN_POINT('',(-0.874999999999793,0.598,0.700000000000308));
#6838=CARTESIAN_POINT('',(-0.424999999999676,0.666,0.70000000000028));
#6839=CARTESIAN_POINT('',(-0.424999999999676,0.666,0.70000000000028));
#6840=CARTESIAN_POINT('',(-0.424999999999676,0.666,0.70000000000028));
#6841=CARTESIAN_POINT('',(-0.499999999999779,0.666,0.700000000000335));
#6842=CARTESIAN_POINT('',(-0.499999999999779,0.75,0.700000000000335));
#6843=CARTESIAN_POINT('',(-0.499999999999779,0.75,0.700000000000335));
#6844=CARTESIAN_POINT('',(0.,0.75,0.700000000000335));
#6845=CARTESIAN_POINT('',(-0.799999999999968,0.75,0.700000000000335));
#6846=CARTESIAN_POINT('',(-0.799999999999968,0.75,0.700000000000335));
#6847=CARTESIAN_POINT('',(-0.799999999999968,0.666,0.700000000000308));
#6848=CARTESIAN_POINT('',(-0.799999999999968,0.666,0.700000000000308));
#6849=CARTESIAN_POINT('',(-0.874999999999793,0.666,0.700000000000308));
#6850=CARTESIAN_POINT('',(-0.874999999999793,0.666,0.700000000000308));
#6851=CARTESIAN_POINT('',(1.10805462028019E-13,0.598,-1.70355266351785E-13));
#6852=CARTESIAN_POINT('',(-1.,0.598,1.00000000000022));
#6853=CARTESIAN_POINT('',(-0.799999999999968,0.598,1.00000000000022));
#6854=CARTESIAN_POINT('',(-0.499999999999779,0.598,1.00000000000022));
#6855=CARTESIAN_POINT('',(-0.499999999999779,0.598,0.700000000000335));
#6856=CARTESIAN_POINT('',(-0.499999999999779,0.598,0.900000000000147));
#6857=CARTESIAN_POINT('',(-0.499999999999779,0.598,0.900000000000147));
#6858=CARTESIAN_POINT('',(-0.374999999999792,0.598,0.900000000000147));
#6859=CARTESIAN_POINT('',(-0.374999999999792,0.598,0.900000000000147));
#6860=CARTESIAN_POINT('',(-0.374999999999792,0.598,0.750000000000052));
#6861=CARTESIAN_POINT('',(-0.424999999999676,0.598,0.750000000000163));
#6862=CARTESIAN_POINT('',(-0.87500000000007,0.598,0.750000000000274));
#6863=CARTESIAN_POINT('',(-0.925000000000037,0.598,0.750000000000274));
#6864=CARTESIAN_POINT('',(-0.925000000000037,0.598,0.750000000000274));
#6865=CARTESIAN_POINT('',(-0.924999999999954,0.598,0.900000000000147));
#6866=CARTESIAN_POINT('',(-0.924999999999954,0.598,0.900000000000147));
#6867=CARTESIAN_POINT('',(-0.799999999999968,0.598,0.900000000000147));
#6868=CARTESIAN_POINT('',(-0.799999999999968,0.598,0.900000000000147));
#6869=CARTESIAN_POINT('',(-0.87500000000007,0.666,0.750000000000274));
#6870=CARTESIAN_POINT('',(-0.87500000000007,0.666,0.750000000000274));
#6871=CARTESIAN_POINT('',(-0.925000000000037,0.666,0.750000000000274));
#6872=CARTESIAN_POINT('',(-0.925000000000037,0.666,0.750000000000274));
#6873=CARTESIAN_POINT('',(-0.87500000000007,0.666,0.750000000000274));
#6874=CARTESIAN_POINT('',(-0.799999999999968,0.666,0.700000000000308));
#6875=CARTESIAN_POINT('',(-0.799999999999968,0.666,0.900000000000147));
#6876=CARTESIAN_POINT('',(-0.924999999999954,0.666,0.900000000000147));
#6877=CARTESIAN_POINT('',(-0.924999999999954,0.666,0.900000000000147));
#6878=CARTESIAN_POINT('',(-0.925000000000037,0.666,0.750000000000274));
#6879=CARTESIAN_POINT('',(-0.799999999999968,0.75,0.900000000000147));
#6880=CARTESIAN_POINT('',(-0.799999999999968,0.75,0.900000000000147));
#6881=CARTESIAN_POINT('',(-0.799999999999968,0.75,1.00000000000022));
#6882=CARTESIAN_POINT('',(-0.799999999999968,0.75,1.00000000000005));
#6883=CARTESIAN_POINT('',(-0.799999999999968,0.666,0.900000000000147));
#6884=CARTESIAN_POINT('',(-0.499999999999779,0.75,0.700000000000335));
#6885=CARTESIAN_POINT('',(-0.499999999999779,0.666,0.900000000000147));
#6886=CARTESIAN_POINT('',(-0.499999999999779,0.666,0.900000000000147));
#6887=CARTESIAN_POINT('',(-0.499999999999779,0.75,1.00000000000005));
#6888=CARTESIAN_POINT('',(-0.499999999999779,0.75,1.00000000000022));
#6889=CARTESIAN_POINT('',(-0.499999999999779,0.75,1.00000000000005));
#6890=CARTESIAN_POINT('',(-0.499999999999779,0.666,0.900000000000147));
#6891=CARTESIAN_POINT('',(-0.424999999999676,0.666,0.750000000000163));
#6892=CARTESIAN_POINT('',(-0.424999999999676,0.666,0.750000000000163));
#6893=CARTESIAN_POINT('',(-0.374999999999792,0.666,0.750000000000052));
#6894=CARTESIAN_POINT('',(-0.374999999999792,0.666,0.900000000000147));
#6895=CARTESIAN_POINT('',(-0.374999999999792,0.666,0.900000000000147));
#6896=CARTESIAN_POINT('',(-0.499999999999779,0.666,0.900000000000147));
#6897=CARTESIAN_POINT('',(-0.424999999999676,0.666,0.750000000000163));
#6898=CARTESIAN_POINT('',(-0.374999999999792,0.666,0.750000000000052));
#6899=CARTESIAN_POINT('',(-0.924999999999954,0.666,0.900000000000147));
#6900=CARTESIAN_POINT('',(-0.924999999999954,0.666,0.900000000000147));
#6901=CARTESIAN_POINT('',(-0.925000000000037,0.666,0.750000000000274));
#6902=CARTESIAN_POINT('',(-0.374999999999792,0.666,0.900000000000147));
#6903=CARTESIAN_POINT('',(-0.374999999999792,0.666,0.900000000000147));
#6904=CARTESIAN_POINT('',(-0.499999999999779,0.666,0.900000000000147));
#6905=CARTESIAN_POINT('',(-0.499999999999779,0.75,-0.700000000000204));
#6906=CARTESIAN_POINT('',(-0.499999999999779,0.598,-0.700000000000204));
#6907=CARTESIAN_POINT('',(-0.424999999999676,0.598,-0.700000000000232));
#6908=CARTESIAN_POINT('',(-0.874999999999793,0.598,-0.700000000000204));
#6909=CARTESIAN_POINT('',(-0.874999999999793,0.666,-0.700000000000204));
#6910=CARTESIAN_POINT('',(-0.874999999999793,0.666,-0.700000000000204));
#6911=CARTESIAN_POINT('',(-0.799999999999024,0.666,-0.700000000000204));
#6912=CARTESIAN_POINT('',(-0.799999999999968,0.666,-0.700000000000204));
#6913=CARTESIAN_POINT('',(-0.799999999999968,0.75,-0.700000000000204));
#6914=CARTESIAN_POINT('',(-0.799999999999968,0.75,-0.700000000000204));
#6915=CARTESIAN_POINT('',(0.,0.75,-0.700000000000204));
#6916=CARTESIAN_POINT('',(-0.499999999999779,0.75,-0.700000000000204));
#6917=CARTESIAN_POINT('',(-0.499999999999779,0.75,-0.700000000000204));
#6918=CARTESIAN_POINT('',(-0.499999999999779,0.666,-0.700000000000204));
#6919=CARTESIAN_POINT('',(-0.424999999999676,0.666,-0.700000000000232));
#6920=CARTESIAN_POINT('',(-0.424999999999676,0.666,-0.700000000000232));
#6921=CARTESIAN_POINT('',(-0.424999999999676,0.666,-0.700000000000232));
#6922=CARTESIAN_POINT('',(1.10805462028019E-13,0.598,-1.70355266351785E-13));
#6923=CARTESIAN_POINT('',(1.,0.598,-1.00000000000022));
#6924=CARTESIAN_POINT('',(-0.799999999999968,0.598,-1.00000000000022));
#6925=CARTESIAN_POINT('',(-0.499999999999779,0.598,-1.00000000000022));
#6926=CARTESIAN_POINT('',(-0.799999999999968,0.598,-0.900000000000043));
#6927=CARTESIAN_POINT('',(-0.799999999999968,0.598,-0.900000000000043));
#6928=CARTESIAN_POINT('',(-0.924999999999954,0.598,-0.900000000000043));
#6929=CARTESIAN_POINT('',(-0.924999999999954,0.598,-0.900000000000043));
#6930=CARTESIAN_POINT('',(-0.924999999999982,0.598,-0.750000000000115));
#6931=CARTESIAN_POINT('',(-0.924999999999982,0.598,-0.750000000000115));
#6932=CARTESIAN_POINT('',(-0.87500000000007,0.598,-0.750000000000115));
#6933=CARTESIAN_POINT('',(-0.424999999999676,0.598,-0.750000000000115));
#6934=CARTESIAN_POINT('',(-0.374999999999792,0.598,-0.750000000000115));
#6935=CARTESIAN_POINT('',(-0.374999999999792,0.598,-0.900000000000043));
#6936=CARTESIAN_POINT('',(-0.374999999999792,0.598,-0.900000000000043));
#6937=CARTESIAN_POINT('',(-0.499999999999779,0.598,-0.900000000000043));
#6938=CARTESIAN_POINT('',(-0.499999999999779,0.598,-0.900000000000043));
#6939=CARTESIAN_POINT('',(-0.499999999999779,0.598,-0.700000000000204));
#6940=CARTESIAN_POINT('',(-0.424999999999676,0.666,-0.750000000000115));
#6941=CARTESIAN_POINT('',(-0.424999999999676,0.666,-0.750000000000115));
#6942=CARTESIAN_POINT('',(-0.374999999999792,0.666,-0.750000000000115));
#6943=CARTESIAN_POINT('',(-0.374999999999792,0.666,-0.750000000000115));
#6944=CARTESIAN_POINT('',(-0.424999999999676,0.666,-0.750000000000115));
#6945=CARTESIAN_POINT('',(-0.499999999999779,0.666,-0.900000000000043));
#6946=CARTESIAN_POINT('',(-0.374999999999792,0.666,-0.900000000000043));
#6947=CARTESIAN_POINT('',(-0.499999999999779,0.666,-0.900000000000043));
#6948=CARTESIAN_POINT('',(-0.374999999999792,0.666,-0.900000000000043));
#6949=CARTESIAN_POINT('',(-0.499999999999779,0.666,-0.900000000000043));
#6950=CARTESIAN_POINT('',(-0.499999999999779,0.75,-0.700000000000204));
#6951=CARTESIAN_POINT('',(-0.499999999999779,0.75,-1.00000000000039));
#6952=CARTESIAN_POINT('',(-0.499999999999779,0.75,-1.00000000000022));
#6953=CARTESIAN_POINT('',(-0.499999999999779,0.75,-1.00000000000039));
#6954=CARTESIAN_POINT('',(-0.499999999999779,0.666,-0.900000000000043));
#6955=CARTESIAN_POINT('',(-0.799999999999968,0.75,-0.900000000000043));
#6956=CARTESIAN_POINT('',(-0.799999999999968,0.666,-0.900000000000043));
#6957=CARTESIAN_POINT('',(-0.799999999999968,0.666,-0.900000000000043));
#6958=CARTESIAN_POINT('',(-0.799999999999968,0.75,-1.00000000000039));
#6959=CARTESIAN_POINT('',(-0.799999999999968,0.75,-1.00000000000022));
#6960=CARTESIAN_POINT('',(-0.799999999999968,0.75,-0.900000000000043));
#6961=CARTESIAN_POINT('',(-0.799999999999024,0.666,-0.700000000000204));
#6962=CARTESIAN_POINT('',(-0.87500000000007,0.666,-0.750000000000115));
#6963=CARTESIAN_POINT('',(-0.87500000000007,0.666,-0.750000000000115));
#6964=CARTESIAN_POINT('',(-0.924999999999982,0.666,-0.750000000000115));
#6965=CARTESIAN_POINT('',(-0.924999999999982,0.666,-0.750000000000115));
#6966=CARTESIAN_POINT('',(-0.924999999999954,0.666,-0.900000000000043));
#6967=CARTESIAN_POINT('',(-0.924999999999954,0.666,-0.900000000000043));
#6968=CARTESIAN_POINT('',(-0.87500000000007,0.666,-0.750000000000115));
#6969=CARTESIAN_POINT('',(-0.924999999999982,0.666,-0.750000000000115));
#6970=CARTESIAN_POINT('',(-0.499999999999779,0.666,-0.900000000000043));
#6971=CARTESIAN_POINT('',(-0.374999999999792,0.666,-0.900000000000043));
#6972=CARTESIAN_POINT('',(-0.374999999999792,0.666,-0.900000000000043));
#6973=CARTESIAN_POINT('',(-0.924999999999982,0.666,-0.750000000000115));
#6974=CARTESIAN_POINT('',(-0.924999999999954,0.666,-0.900000000000043));
#6975=CARTESIAN_POINT('',(-0.924999999999954,0.666,-0.900000000000043));
#6976=CARTESIAN_POINT('',(-0.69999999999959,0.75,0.299999999999769));
#6977=CARTESIAN_POINT('',(-0.69999999999959,0.75,-0.180000000000239));
#6978=CARTESIAN_POINT('',(-0.69999999999959,0.75,-0.180000000000239));
#6979=CARTESIAN_POINT('',(-0.69999999999959,0.666,-0.180000000000239));
#6980=CARTESIAN_POINT('',(-0.69999999999959,0.75,0.));
#6981=CARTESIAN_POINT('',(-0.69999999999959,0.75,0.299999999999769));
#6982=CARTESIAN_POINT('',(-0.69999999999959,0.75,0.299999999999769));
#6983=CARTESIAN_POINT('',(-0.69999999999959,0.666,0.299999999999769));
#6984=CARTESIAN_POINT('',(-0.69999999999959,0.666,0.299999999999769));
#6985=CARTESIAN_POINT('',(-0.69999999999959,0.75,-0.180000000000239));
#6986=CARTESIAN_POINT('',(-0.499999999999779,0.75,-0.300000000000581));
#6987=CARTESIAN_POINT('',(-0.499999999999779,0.75,-0.300000000000581));
#6988=CARTESIAN_POINT('',(-0.499999999999779,0.666,-0.300000000000581));
#6989=CARTESIAN_POINT('',(-0.264705882354114,0.75,-0.441176470588516));
#6990=CARTESIAN_POINT('',(-0.69999999999959,0.666,-0.180000000000239));
#6991=CARTESIAN_POINT('',(1.,0.666,-0.150000000000265));
#6992=CARTESIAN_POINT('',(-0.499999999999779,0.666,-0.300000000000581));
#6993=CARTESIAN_POINT('',(0.700000000000034,0.666,-0.300000000000581));
#6994=CARTESIAN_POINT('',(0.700000000000034,0.666,0.299999999999769));
#6995=CARTESIAN_POINT('',(0.700000000000034,0.666,0.299999999999769));
#6996=CARTESIAN_POINT('',(0.700000000000034,0.666,-0.300000000000581));
#6997=CARTESIAN_POINT('',(1.,0.666,-0.0749999999997735));
#6998=CARTESIAN_POINT('',(1.,0.666,0.0749999999998769));
#6999=CARTESIAN_POINT('',(1.,0.666,-0.0749999999997735));
#7000=CARTESIAN_POINT('',(1.,0.666,0.150000000000368));
#7001=CARTESIAN_POINT('',(0.924999999999509,0.666,0.150000000000368));
#7002=CARTESIAN_POINT('',(0.924999999999509,0.666,0.425000000000227));
#7003=CARTESIAN_POINT('',(0.924999999999509,0.666,0.425000000000227));
#7004=CARTESIAN_POINT('',(0.849999999999684,0.666,0.425000000000255));
#7005=CARTESIAN_POINT('',(0.849999999999684,0.666,0.50000000000008));
#7006=CARTESIAN_POINT('',(-0.850000000000129,0.666,0.50000000000008));
#7007=CARTESIAN_POINT('',(-0.850000000000129,0.666,0.50000000000008));
#7008=CARTESIAN_POINT('',(-0.850000000000184,0.666,0.425000000000199));
#7009=CARTESIAN_POINT('',(-0.925000000000065,0.666,0.425000000000199));
#7010=CARTESIAN_POINT('',(-0.924999999999954,0.666,0.149999999999924));
#7011=CARTESIAN_POINT('',(-0.924999999999954,0.666,0.149999999999924));
#7012=CARTESIAN_POINT('',(-1.,0.666,0.149999999999924));
#7013=CARTESIAN_POINT('',(-1.,0.666,0.0749999999998769));
#7014=CARTESIAN_POINT('',(-0.999999999999779,0.666,-0.0749999999997735));
#7015=CARTESIAN_POINT('',(-1.,0.666,-0.0749999999997735));
#7016=CARTESIAN_POINT('',(-1.,0.666,-0.149999999999821));
#7017=CARTESIAN_POINT('',(-0.924999999999954,0.666,-0.149999999999821));
#7018=CARTESIAN_POINT('',(-0.924999999999954,0.666,-0.425000000000124));
#7019=CARTESIAN_POINT('',(-0.924999999999954,0.666,-0.425000000000124));
#7020=CARTESIAN_POINT('',(-0.850000000000101,0.666,-0.425000000000096));
#7021=CARTESIAN_POINT('',(-0.850000000000129,0.666,-0.499999999999949));
#7022=CARTESIAN_POINT('',(0.849999999999684,0.666,-0.499999999999949));
#7023=CARTESIAN_POINT('',(0.849999999999684,0.666,-0.499999999999949));
#7024=CARTESIAN_POINT('',(0.849999999999684,0.666,-0.425000000000124));
#7025=CARTESIAN_POINT('',(0.924999999999509,0.666,-0.425000000000096));
#7026=CARTESIAN_POINT('',(0.924999999999509,0.666,-0.150000000000043));
#7027=CARTESIAN_POINT('',(0.924999999999509,0.666,-0.150000000000043));
#7028=CARTESIAN_POINT('',(1.,0.666,-0.150000000000265));
#7029=CARTESIAN_POINT('',(0.700000000000034,0.75,0.299999999999769));
#7030=CARTESIAN_POINT('',(0.,0.75,0.299999999999769));
#7031=CARTESIAN_POINT('',(0.700000000000034,0.75,0.299999999999769));
#7032=CARTESIAN_POINT('',(0.700000000000034,0.75,0.299999999999769));
#7033=CARTESIAN_POINT('',(0.700000000000034,0.75,-0.300000000000581));
#7034=CARTESIAN_POINT('',(0.700000000000034,0.75,0.));
#7035=CARTESIAN_POINT('',(0.700000000000034,0.75,-0.300000000000581));
#7036=CARTESIAN_POINT('',(0.700000000000034,0.75,-0.300000000000581));
#7037=CARTESIAN_POINT('',(-0.499999999999779,0.75,-0.300000000000581));
#7038=CARTESIAN_POINT('',(0.,0.75,-0.300000000000581));
#7039=CARTESIAN_POINT('',(1.10805462028019E-13,0.598,-1.70355266351785E-13));
#7040=CARTESIAN_POINT('',(1.,0.598,1.00000000000022));
#7041=CARTESIAN_POINT('',(1.,0.598,-0.0749999999997736));
#7042=CARTESIAN_POINT('',(1.,0.598,0.0749999999998769));
#7043=CARTESIAN_POINT('',(1.,0.598,-0.150000000000265));
#7044=CARTESIAN_POINT('',(0.924999999999509,0.598,-0.150000000000043));
#7045=CARTESIAN_POINT('',(0.924999999999509,0.598,-0.150000000000043));
#7046=CARTESIAN_POINT('',(0.924999999999509,0.598,-0.425000000000096));
#7047=CARTESIAN_POINT('',(0.849999999999684,0.598,-0.425000000000124));
#7048=CARTESIAN_POINT('',(0.849999999999684,0.598,-0.499999999999949));
#7049=CARTESIAN_POINT('',(2.21827764490534E-13,0.598,-0.499999999999949));
#7050=CARTESIAN_POINT('',(-0.850000000000129,0.598,-0.499999999999949));
#7051=CARTESIAN_POINT('',(-0.850000000000101,0.598,-0.425000000000096));
#7052=CARTESIAN_POINT('',(-0.924999999999954,0.598,-0.425000000000124));
#7053=CARTESIAN_POINT('',(-0.924999999999954,0.598,-0.425000000000124));
#7054=CARTESIAN_POINT('',(-0.924999999999954,0.598,-0.149999999999821));
#7055=CARTESIAN_POINT('',(-1.,0.598,-0.149999999999821));
#7056=CARTESIAN_POINT('',(-1.,0.598,-0.0749999999997735));
#7057=CARTESIAN_POINT('',(-1.,0.598,-1.00000000000022));
#7058=CARTESIAN_POINT('',(-1.,0.598,0.0749999999998769));
#7059=CARTESIAN_POINT('',(-1.,0.598,0.149999999999924));
#7060=CARTESIAN_POINT('',(-0.924999999999954,0.598,0.149999999999924));
#7061=CARTESIAN_POINT('',(-0.924999999999954,0.598,0.149999999999924));
#7062=CARTESIAN_POINT('',(-0.925000000000065,0.598,0.425000000000199));
#7063=CARTESIAN_POINT('',(-0.850000000000184,0.598,0.425000000000199));
#7064=CARTESIAN_POINT('',(-0.850000000000129,0.598,0.50000000000008));
#7065=CARTESIAN_POINT('',(2.21827764490534E-13,0.598,0.50000000000008));
#7066=CARTESIAN_POINT('',(0.849999999999684,0.598,0.50000000000008));
#7067=CARTESIAN_POINT('',(0.849999999999684,0.598,0.425000000000255));
#7068=CARTESIAN_POINT('',(0.924999999999509,0.598,0.425000000000227));
#7069=CARTESIAN_POINT('',(0.924999999999509,0.598,0.425000000000227));
#7070=CARTESIAN_POINT('',(0.924999999999509,0.598,0.150000000000368));
#7071=CARTESIAN_POINT('',(1.,0.598,0.150000000000368));
#7072=CARTESIAN_POINT('',(1.,0.666,0.150000000000368));
#7073=CARTESIAN_POINT('',(0.924999999999509,0.666,0.150000000000368));
#7074=CARTESIAN_POINT('',(1.,0.666,0.0749999999998769));
#7075=CARTESIAN_POINT('',(0.924999999999509,0.666,0.425000000000227));
#7076=CARTESIAN_POINT('',(0.924999999999509,0.666,0.425000000000227));
#7077=CARTESIAN_POINT('',(0.849999999999684,0.666,0.425000000000255));
#7078=CARTESIAN_POINT('',(0.849999999999684,0.666,0.50000000000008));
#7079=CARTESIAN_POINT('',(2.21827764490534E-13,0.666,0.50000000000008));
#7080=CARTESIAN_POINT('',(-0.850000000000129,0.666,0.50000000000008));
#7081=CARTESIAN_POINT('',(-0.850000000000184,0.666,0.425000000000199));
#7082=CARTESIAN_POINT('',(-0.925000000000065,0.666,0.425000000000199));
#7083=CARTESIAN_POINT('',(-0.924999999999954,0.666,0.149999999999924));
#7084=CARTESIAN_POINT('',(-0.924999999999954,0.666,0.149999999999924));
#7085=CARTESIAN_POINT('',(-1.,0.666,0.149999999999924));
#7086=CARTESIAN_POINT('',(-1.,0.666,0.0749999999998769));
#7087=CARTESIAN_POINT('',(-1.,0.666,-0.149999999999821));
#7088=CARTESIAN_POINT('',(-0.924999999999954,0.666,-0.149999999999821));
#7089=CARTESIAN_POINT('',(-1.,0.666,-0.0749999999997735));
#7090=CARTESIAN_POINT('',(-0.924999999999954,0.666,-0.425000000000124));
#7091=CARTESIAN_POINT('',(-0.924999999999954,0.666,-0.425000000000124));
#7092=CARTESIAN_POINT('',(-0.850000000000101,0.666,-0.425000000000096));
#7093=CARTESIAN_POINT('',(-0.850000000000129,0.666,-0.499999999999949));
#7094=CARTESIAN_POINT('',(2.21827764490534E-13,0.666,-0.499999999999949));
#7095=CARTESIAN_POINT('',(0.849999999999684,0.666,-0.499999999999949));
#7096=CARTESIAN_POINT('',(0.849999999999684,0.666,-0.425000000000124));
#7097=CARTESIAN_POINT('',(0.924999999999509,0.666,-0.425000000000096));
#7098=CARTESIAN_POINT('',(0.924999999999509,0.666,-0.150000000000043));
#7099=CARTESIAN_POINT('',(0.924999999999509,0.666,-0.150000000000043));
#7100=CARTESIAN_POINT('',(1.,0.666,-0.150000000000265));
#7101=CARTESIAN_POINT('',(1.,0.666,-0.0749999999997735));
#7102=CARTESIAN_POINT('',(0.799999999999523,0.75,-0.700000000000204));
#7103=CARTESIAN_POINT('',(0.799999999999523,0.598,-0.700000000000204));
#7104=CARTESIAN_POINT('',(0.874999999999959,0.598,-0.700000000000232));
#7105=CARTESIAN_POINT('',(0.424999999999509,0.598,-0.700000000000204));
#7106=CARTESIAN_POINT('',(0.424999999999509,0.666,-0.700000000000204));
#7107=CARTESIAN_POINT('',(0.424999999999509,0.666,-0.700000000000204));
#7108=CARTESIAN_POINT('',(0.50000000000111,0.666,-0.700000000000209));
#7109=CARTESIAN_POINT('',(0.50000000000111,0.666,-0.700000000000181));
#7110=CARTESIAN_POINT('',(0.50000000000111,0.75,-0.700000000000181));
#7111=CARTESIAN_POINT('',(0.50000000000111,0.75,-0.700000000000181));
#7112=CARTESIAN_POINT('',(-5.38848479728257E-14,0.75,-0.700000000000143));
#7113=CARTESIAN_POINT('',(0.799999999999523,0.75,-0.700000000000204));
#7114=CARTESIAN_POINT('',(0.799999999999523,0.75,-0.700000000000204));
#7115=CARTESIAN_POINT('',(0.800000000000356,0.666,-0.7000000000002));
#7116=CARTESIAN_POINT('',(0.874999999999959,0.666,-0.700000000000232));
#7117=CARTESIAN_POINT('',(0.874999999999959,0.666,-0.700000000000232));
#7118=CARTESIAN_POINT('',(0.874999999999959,0.666,-0.700000000000232));
#7119=CARTESIAN_POINT('',(1.10805462028019E-13,0.598,-1.70355266351785E-13));
#7120=CARTESIAN_POINT('',(1.,0.598,-1.00000000000022));
#7121=CARTESIAN_POINT('',(0.500000000000222,0.598,-1.00000000000022));
#7122=CARTESIAN_POINT('',(0.799999999999468,0.598,-1.00000000000022));
#7123=CARTESIAN_POINT('',(0.500000000000222,0.598,-0.900000000000043));
#7124=CARTESIAN_POINT('',(0.500000000000222,0.598,-0.900000000000043));
#7125=CARTESIAN_POINT('',(0.375000000000236,0.598,-0.900000000000043));
#7126=CARTESIAN_POINT('',(0.375000000000236,0.598,-0.900000000000043));
#7127=CARTESIAN_POINT('',(0.375000000000236,0.598,-0.749999999999699));
#7128=CARTESIAN_POINT('',(0.375000000000236,0.598,-0.749999999999699));
#7129=CARTESIAN_POINT('',(0.424999999999731,0.598,-0.749999999999699));
#7130=CARTESIAN_POINT('',(0.874999999999959,0.598,-0.749999999999671));
#7131=CARTESIAN_POINT('',(0.924999999999398,0.598,-0.749999999999671));
#7132=CARTESIAN_POINT('',(0.924999999999454,0.598,-0.900000000000043));
#7133=CARTESIAN_POINT('',(0.924999999999454,0.598,-0.900000000000043));
#7134=CARTESIAN_POINT('',(0.799999999999523,0.598,-0.900000000000043));
#7135=CARTESIAN_POINT('',(0.799999999999523,0.598,-0.900000000000043));
#7136=CARTESIAN_POINT('',(0.799999999999523,0.598,-0.700000000000204));
#7137=CARTESIAN_POINT('',(0.874999999999959,0.666,-0.749999999999671));
#7138=CARTESIAN_POINT('',(0.874999999999959,0.666,-0.749999999999671));
#7139=CARTESIAN_POINT('',(0.924999999999398,0.666,-0.749999999999671));
#7140=CARTESIAN_POINT('',(0.924999999999398,0.666,-0.749999999999671));
#7141=CARTESIAN_POINT('',(0.874999999999959,0.666,-0.749999999999671));
#7142=CARTESIAN_POINT('',(0.799999999999523,0.666,-0.900000000000043));
#7143=CARTESIAN_POINT('',(0.924999999999454,0.666,-0.900000000000043));
#7144=CARTESIAN_POINT('',(0.799999999999523,0.666,-0.900000000000043));
#7145=CARTESIAN_POINT('',(0.924999999999454,0.666,-0.900000000000043));
#7146=CARTESIAN_POINT('',(0.799999999999523,0.666,-0.900000000000043));
#7147=CARTESIAN_POINT('',(0.799999999999523,0.75,-0.700000000000204));
#7148=CARTESIAN_POINT('',(0.799999999999468,0.75,-1.00000000000039));
#7149=CARTESIAN_POINT('',(0.799999999999495,0.75,-1.00000000000022));
#7150=CARTESIAN_POINT('',(0.799999999999468,0.75,-1.00000000000039));
#7151=CARTESIAN_POINT('',(0.799999999999523,0.666,-0.900000000000043));
#7152=CARTESIAN_POINT('',(0.500000000000222,0.75,-0.900000000000043));
#7153=CARTESIAN_POINT('',(0.500000000000222,0.666,-0.900000000000043));
#7154=CARTESIAN_POINT('',(0.500000000000222,0.666,-0.900000000000043));
#7155=CARTESIAN_POINT('',(0.500000000000222,0.75,-1.00000000000042));
#7156=CARTESIAN_POINT('',(0.500000000000666,0.75,-1.00000000000022));
#7157=CARTESIAN_POINT('',(0.500000000000222,0.75,-0.900000000000043));
#7158=CARTESIAN_POINT('',(0.50000000000111,0.666,-0.700000000000209));
#7159=CARTESIAN_POINT('',(0.424999999999731,0.666,-0.749999999999699));
#7160=CARTESIAN_POINT('',(0.424999999999731,0.666,-0.749999999999699));
#7161=CARTESIAN_POINT('',(0.375000000000236,0.666,-0.749999999999699));
#7162=CARTESIAN_POINT('',(0.375000000000236,0.666,-0.749999999999699));
#7163=CARTESIAN_POINT('',(0.375000000000236,0.666,-0.900000000000043));
#7164=CARTESIAN_POINT('',(0.375000000000236,0.666,-0.900000000000043));
#7165=CARTESIAN_POINT('',(0.424999999999731,0.666,-0.749999999999699));
#7166=CARTESIAN_POINT('',(0.375000000000236,0.666,-0.749999999999699));
#7167=CARTESIAN_POINT('',(0.799999999999523,0.666,-0.900000000000043));
#7168=CARTESIAN_POINT('',(0.924999999999454,0.666,-0.900000000000043));
#7169=CARTESIAN_POINT('',(0.924999999999454,0.666,-0.900000000000043));
#7170=CARTESIAN_POINT('',(0.375000000000236,0.666,-0.749999999999699));
#7171=CARTESIAN_POINT('',(0.375000000000236,0.666,-0.900000000000043));
#7172=CARTESIAN_POINT('',(0.375000000000236,0.666,-0.900000000000043));
#7173=CARTESIAN_POINT('',(0.149999999999872,0.75,-0.69999999999976));
#7174=CARTESIAN_POINT('',(0.149999999999872,0.598,-0.69999999999976));
#7175=CARTESIAN_POINT('',(0.200000000000311,0.598,-0.700000000000232));
#7176=CARTESIAN_POINT('',(-0.200000000000533,0.598,-0.700000000000204));
#7177=CARTESIAN_POINT('',(-0.200000000000533,0.666,-0.700000000000204));
#7178=CARTESIAN_POINT('',(-0.200000000000533,0.666,-0.700000000000204));
#7179=CARTESIAN_POINT('',(-0.149999999998485,0.666,-0.700000000000208));
#7180=CARTESIAN_POINT('',(-0.149999999998485,0.666,-0.70000000000018));
#7181=CARTESIAN_POINT('',(-0.149999999998485,0.75,-0.70000000000018));
#7182=CARTESIAN_POINT('',(-0.149999999998485,0.75,-0.70000000000018));
#7183=CARTESIAN_POINT('',(9.79540522773559E-13,0.75,-0.69999999999997));
#7184=CARTESIAN_POINT('',(0.149999999999872,0.75,-0.69999999999976));
#7185=CARTESIAN_POINT('',(0.149999999999872,0.75,-0.69999999999976));
#7186=CARTESIAN_POINT('',(0.149999999999872,0.666,-0.700000000000201));
#7187=CARTESIAN_POINT('',(0.200000000000311,0.666,-0.700000000000232));
#7188=CARTESIAN_POINT('',(0.200000000000311,0.666,-0.700000000000232));
#7189=CARTESIAN_POINT('',(0.200000000000311,0.666,-0.700000000000232));
#7190=CARTESIAN_POINT('',(1.10805462028019E-13,0.598,-1.70355266351785E-13));
#7191=CARTESIAN_POINT('',(0.200000000000311,0.598,-0.750000000000115));
#7192=CARTESIAN_POINT('',(0.250000000000194,0.598,-0.750000000000115));
#7193=CARTESIAN_POINT('',(0.250000000000194,0.598,-0.900000000000043));
#7194=CARTESIAN_POINT('',(0.250000000000194,0.598,-0.900000000000043));
#7195=CARTESIAN_POINT('',(0.149999999999872,0.598,-0.900000000000043));
#7196=CARTESIAN_POINT('',(0.149999999999872,0.598,-0.900000000000043));
#7197=CARTESIAN_POINT('',(0.149999999999872,0.598,-0.69999999999976));
#7198=CARTESIAN_POINT('',(0.149999999999872,0.598,-1.00000000000022));
#7199=CARTESIAN_POINT('',(1.,0.598,-1.00000000000022));
#7200=CARTESIAN_POINT('',(-0.150000000000095,0.598,-1.00000000000022));
#7201=CARTESIAN_POINT('',(-0.149999999999873,0.598,-0.900000000000043));
#7202=CARTESIAN_POINT('',(-0.149999999999873,0.598,-0.900000000000043));
#7203=CARTESIAN_POINT('',(-0.249999999999751,0.598,-0.900000000000043));
#7204=CARTESIAN_POINT('',(-0.249999999999751,0.598,-0.900000000000043));
#7205=CARTESIAN_POINT('',(-0.249999999999751,0.598,-0.749999999999699));
#7206=CARTESIAN_POINT('',(-0.249999999999751,0.598,-0.749999999999699));
#7207=CARTESIAN_POINT('',(-0.200000000000256,0.598,-0.749999999999699));
#7208=CARTESIAN_POINT('',(0.200000000000311,0.666,-0.750000000000115));
#7209=CARTESIAN_POINT('',(0.200000000000311,0.666,-0.750000000000115));
#7210=CARTESIAN_POINT('',(0.250000000000194,0.666,-0.750000000000115));
#7211=CARTESIAN_POINT('',(0.250000000000194,0.666,-0.750000000000115));
#7212=CARTESIAN_POINT('',(0.200000000000311,0.666,-0.750000000000115));
#7213=CARTESIAN_POINT('',(0.149999999999872,0.666,-0.900000000000043));
#7214=CARTESIAN_POINT('',(0.250000000000194,0.666,-0.900000000000043));
#7215=CARTESIAN_POINT('',(0.149999999999872,0.666,-0.900000000000043));
#7216=CARTESIAN_POINT('',(0.250000000000194,0.666,-0.900000000000043));
#7217=CARTESIAN_POINT('',(0.149999999999872,0.666,-0.900000000000043));
#7218=CARTESIAN_POINT('',(0.149999999999872,0.75,-0.69999999999976));
#7219=CARTESIAN_POINT('',(0.149999999999872,0.75,-1.00000000000039));
#7220=CARTESIAN_POINT('',(0.149999999999872,0.75,-1.00000000000022));
#7221=CARTESIAN_POINT('',(0.149999999999872,0.75,-1.00000000000039));
#7222=CARTESIAN_POINT('',(0.149999999999872,0.666,-0.900000000000043));
#7223=CARTESIAN_POINT('',(-0.149999999999873,0.75,-0.900000000000043));
#7224=CARTESIAN_POINT('',(-0.150000000000317,0.666,-0.900000000000043));
#7225=CARTESIAN_POINT('',(-0.150000000000317,0.666,-0.900000000000043));
#7226=CARTESIAN_POINT('',(-0.150000000000317,0.75,-1.00000000000042));
#7227=CARTESIAN_POINT('',(-0.149999999999401,0.75,-1.00000000000022));
#7228=CARTESIAN_POINT('',(-0.149999999999873,0.75,-0.900000000000043));
#7229=CARTESIAN_POINT('',(-0.149999999998485,0.666,-0.700000000000208));
#7230=CARTESIAN_POINT('',(-0.200000000000256,0.666,-0.749999999999699));
#7231=CARTESIAN_POINT('',(-0.200000000000256,0.666,-0.749999999999699));
#7232=CARTESIAN_POINT('',(-0.249999999999751,0.666,-0.749999999999699));
#7233=CARTESIAN_POINT('',(-0.249999999999751,0.666,-0.749999999999699));
#7234=CARTESIAN_POINT('',(-0.249999999999751,0.666,-0.900000000000043));
#7235=CARTESIAN_POINT('',(-0.249999999999751,0.666,-0.900000000000043));
#7236=CARTESIAN_POINT('',(-0.200000000000256,0.666,-0.749999999999699));
#7237=CARTESIAN_POINT('',(-0.249999999999751,0.666,-0.749999999999699));
#7238=CARTESIAN_POINT('',(-0.249999999999751,0.666,-0.749999999999699));
#7239=CARTESIAN_POINT('',(-0.249999999999751,0.666,-0.900000000000043));
#7240=CARTESIAN_POINT('',(-0.249999999999751,0.666,-0.900000000000043));
#7241=CARTESIAN_POINT('',(0.149999999999872,0.666,-0.900000000000043));
#7242=CARTESIAN_POINT('',(0.250000000000194,0.666,-0.900000000000043));
#7243=CARTESIAN_POINT('',(0.250000000000194,0.666,-0.900000000000043));
#7244=CARTESIAN_POINT('',(0.799999999999523,0.75,0.700000000000335));
#7245=CARTESIAN_POINT('',(0.799999999999523,0.598,0.700000000000335));
#7246=CARTESIAN_POINT('',(0.874999999999959,0.598,0.700000000000335));
#7247=CARTESIAN_POINT('',(0.424999999999509,0.598,0.700000000000308));
#7248=CARTESIAN_POINT('',(0.874999999999959,0.666,0.700000000000335));
#7249=CARTESIAN_POINT('',(0.874999999999959,0.666,0.700000000000335));
#7250=CARTESIAN_POINT('',(0.874999999999959,0.666,0.700000000000335));
#7251=CARTESIAN_POINT('',(0.799999999999523,0.666,0.700000000000335));
#7252=CARTESIAN_POINT('',(0.799999999999523,0.75,0.700000000000335));
#7253=CARTESIAN_POINT('',(0.799999999999523,0.75,0.700000000000335));
#7254=CARTESIAN_POINT('',(-5.38848479726762E-14,0.75,0.700000000000274));
#7255=CARTESIAN_POINT('',(0.500000000000222,0.75,0.700000000000312));
#7256=CARTESIAN_POINT('',(0.500000000000222,0.75,0.700000000000312));
#7257=CARTESIAN_POINT('',(0.500000000000222,0.666,0.700000000000312));
#7258=CARTESIAN_POINT('',(0.500000000000222,0.666,0.700000000000312));
#7259=CARTESIAN_POINT('',(0.424999999999509,0.666,0.700000000000308));
#7260=CARTESIAN_POINT('',(0.424999999999509,0.666,0.700000000000308));
#7261=CARTESIAN_POINT('',(1.10805462028019E-13,0.598,-1.70355266351785E-13));
#7262=CARTESIAN_POINT('',(-1.,0.598,1.00000000000022));
#7263=CARTESIAN_POINT('',(0.500000000000222,0.598,1.00000000000022));
#7264=CARTESIAN_POINT('',(0.799999999999468,0.598,1.00000000000022));
#7265=CARTESIAN_POINT('',(0.799999999999523,0.598,0.700000000000335));
#7266=CARTESIAN_POINT('',(0.799999999999523,0.598,0.900000000000147));
#7267=CARTESIAN_POINT('',(0.799999999999523,0.598,0.900000000000147));
#7268=CARTESIAN_POINT('',(0.924999999999454,0.598,0.900000000000147));
#7269=CARTESIAN_POINT('',(0.924999999999454,0.598,0.900000000000147));
#7270=CARTESIAN_POINT('',(0.924999999999398,0.598,0.749999999999775));
#7271=CARTESIAN_POINT('',(0.874999999999959,0.598,0.749999999999775));
#7272=CARTESIAN_POINT('',(0.424999999999731,0.598,0.74999999999983));
#7273=CARTESIAN_POINT('',(0.375000000000208,0.598,0.74999999999983));
#7274=CARTESIAN_POINT('',(0.375000000000208,0.598,0.74999999999983));
#7275=CARTESIAN_POINT('',(0.375000000000236,0.598,0.900000000000147));
#7276=CARTESIAN_POINT('',(0.375000000000236,0.598,0.900000000000147));
#7277=CARTESIAN_POINT('',(0.500000000000222,0.598,0.900000000000147));
#7278=CARTESIAN_POINT('',(0.500000000000222,0.598,0.900000000000147));
#7279=CARTESIAN_POINT('',(0.424999999999731,0.666,0.74999999999983));
#7280=CARTESIAN_POINT('',(0.424999999999731,0.666,0.74999999999983));
#7281=CARTESIAN_POINT('',(0.375000000000208,0.666,0.74999999999983));
#7282=CARTESIAN_POINT('',(0.375000000000208,0.666,0.74999999999983));
#7283=CARTESIAN_POINT('',(0.424999999999731,0.666,0.74999999999983));
#7284=CARTESIAN_POINT('',(0.500000000000222,0.666,0.700000000000312));
#7285=CARTESIAN_POINT('',(0.500000000000222,0.666,0.900000000000147));
#7286=CARTESIAN_POINT('',(0.375000000000236,0.666,0.900000000000147));
#7287=CARTESIAN_POINT('',(0.375000000000236,0.666,0.900000000000147));
#7288=CARTESIAN_POINT('',(0.375000000000208,0.666,0.74999999999983));
#7289=CARTESIAN_POINT('',(0.500000000000222,0.75,0.900000000000147));
#7290=CARTESIAN_POINT('',(0.500000000000222,0.75,0.900000000000147));
#7291=CARTESIAN_POINT('',(0.500000000000222,0.75,1.00000000000022));
#7292=CARTESIAN_POINT('',(0.500000000000222,0.75,1.00000000000005));
#7293=CARTESIAN_POINT('',(0.500000000000222,0.666,0.900000000000147));
#7294=CARTESIAN_POINT('',(0.799999999999523,0.75,0.700000000000335));
#7295=CARTESIAN_POINT('',(0.799999999999523,0.666,0.900000000000147));
#7296=CARTESIAN_POINT('',(0.799999999999523,0.666,0.900000000000147));
#7297=CARTESIAN_POINT('',(0.799999999999468,0.75,1.00000000000005));
#7298=CARTESIAN_POINT('',(0.799999999999495,0.75,1.00000000000022));
#7299=CARTESIAN_POINT('',(0.799999999999468,0.75,1.00000000000005));
#7300=CARTESIAN_POINT('',(0.799999999999523,0.666,0.900000000000147));
#7301=CARTESIAN_POINT('',(0.874999999999959,0.666,0.749999999999775));
#7302=CARTESIAN_POINT('',(0.874999999999959,0.666,0.749999999999775));
#7303=CARTESIAN_POINT('',(0.924999999999398,0.666,0.749999999999775));
#7304=CARTESIAN_POINT('',(0.924999999999454,0.666,0.900000000000147));
#7305=CARTESIAN_POINT('',(0.924999999999454,0.666,0.900000000000147));
#7306=CARTESIAN_POINT('',(0.799999999999523,0.666,0.900000000000147));
#7307=CARTESIAN_POINT('',(0.874999999999959,0.666,0.749999999999775));
#7308=CARTESIAN_POINT('',(0.924999999999398,0.666,0.749999999999775));
#7309=CARTESIAN_POINT('',(0.375000000000236,0.666,0.900000000000147));
#7310=CARTESIAN_POINT('',(0.375000000000236,0.666,0.900000000000147));
#7311=CARTESIAN_POINT('',(0.375000000000208,0.666,0.74999999999983));
#7312=CARTESIAN_POINT('',(0.924999999999454,0.666,0.900000000000147));
#7313=CARTESIAN_POINT('',(0.924999999999454,0.666,0.900000000000147));
#7314=CARTESIAN_POINT('',(0.799999999999523,0.666,0.900000000000147));
#7315=CARTESIAN_POINT('',(0.149999999999872,0.75,0.700000000000332));
#7316=CARTESIAN_POINT('',(0.149999999999872,0.598,0.700000000000332));
#7317=CARTESIAN_POINT('',(0.200000000000311,0.598,0.700000000000391));
#7318=CARTESIAN_POINT('',(-0.200000000000533,0.598,0.700000000000308));
#7319=CARTESIAN_POINT('',(0.200000000000311,0.666,0.700000000000391));
#7320=CARTESIAN_POINT('',(0.200000000000311,0.666,0.700000000000391));
#7321=CARTESIAN_POINT('',(0.200000000000311,0.666,0.700000000000391));
#7322=CARTESIAN_POINT('',(0.149999999999872,0.666,0.700000000000332));
#7323=CARTESIAN_POINT('',(0.149999999999872,0.75,0.700000000000332));
#7324=CARTESIAN_POINT('',(0.149999999999872,0.75,0.700000000000332));
#7325=CARTESIAN_POINT('',(-4.85722573274861E-14,0.75,0.700000000000322));
#7326=CARTESIAN_POINT('',(-0.149999999999429,0.75,0.700000000000311));
#7327=CARTESIAN_POINT('',(-0.149999999999429,0.75,0.700000000000311));
#7328=CARTESIAN_POINT('',(-0.149999999999429,0.666,0.700000000000311));
#7329=CARTESIAN_POINT('',(-0.149999999999429,0.666,0.700000000000311));
#7330=CARTESIAN_POINT('',(-0.200000000000533,0.666,0.700000000000308));
#7331=CARTESIAN_POINT('',(-0.200000000000533,0.666,0.700000000000308));
#7332=CARTESIAN_POINT('',(1.10805462028019E-13,0.598,-1.70355266351785E-13));
#7333=CARTESIAN_POINT('',(-1.,0.598,1.00000000000022));
#7334=CARTESIAN_POINT('',(-0.150000000000317,0.598,1.00000000000022));
#7335=CARTESIAN_POINT('',(0.149999999999872,0.598,1.00000000000022));
#7336=CARTESIAN_POINT('',(0.149999999999872,0.598,0.700000000000332));
#7337=CARTESIAN_POINT('',(0.149999999999872,0.598,0.900000000000147));
#7338=CARTESIAN_POINT('',(0.149999999999872,0.598,0.900000000000147));
#7339=CARTESIAN_POINT('',(0.250000000000194,0.598,0.900000000000147));
#7340=CARTESIAN_POINT('',(0.250000000000194,0.598,0.900000000000147));
#7341=CARTESIAN_POINT('',(0.250000000000194,0.598,0.750000000000052));
#7342=CARTESIAN_POINT('',(0.200000000000311,0.598,0.750000000000274));
#7343=CARTESIAN_POINT('',(-0.200000000000256,0.598,0.74999999999983));
#7344=CARTESIAN_POINT('',(-0.249999999999778,0.598,0.74999999999983));
#7345=CARTESIAN_POINT('',(-0.249999999999778,0.598,0.74999999999983));
#7346=CARTESIAN_POINT('',(-0.249999999999751,0.598,0.900000000000147));
#7347=CARTESIAN_POINT('',(-0.249999999999751,0.598,0.900000000000147));
#7348=CARTESIAN_POINT('',(-0.150000000000317,0.598,0.900000000000147));
#7349=CARTESIAN_POINT('',(-0.150000000000317,0.598,0.900000000000147));
#7350=CARTESIAN_POINT('',(-0.200000000000256,0.666,0.74999999999983));
#7351=CARTESIAN_POINT('',(-0.200000000000256,0.666,0.74999999999983));
#7352=CARTESIAN_POINT('',(-0.249999999999778,0.666,0.74999999999983));
#7353=CARTESIAN_POINT('',(-0.249999999999778,0.666,0.74999999999983));
#7354=CARTESIAN_POINT('',(-0.200000000000256,0.666,0.74999999999983));
#7355=CARTESIAN_POINT('',(-0.149999999999429,0.666,0.700000000000311));
#7356=CARTESIAN_POINT('',(-0.150000000000317,0.666,0.900000000000147));
#7357=CARTESIAN_POINT('',(-0.249999999999751,0.666,0.900000000000147));
#7358=CARTESIAN_POINT('',(-0.249999999999751,0.666,0.900000000000147));
#7359=CARTESIAN_POINT('',(-0.249999999999778,0.666,0.74999999999983));
#7360=CARTESIAN_POINT('',(-0.150000000000317,0.75,0.900000000000147));
#7361=CARTESIAN_POINT('',(-0.150000000000317,0.75,0.900000000000147));
#7362=CARTESIAN_POINT('',(-0.149999999999873,0.75,1.00000000000022));
#7363=CARTESIAN_POINT('',(-0.150000000000317,0.75,1.00000000000005));
#7364=CARTESIAN_POINT('',(-0.150000000000317,0.666,0.900000000000147));
#7365=CARTESIAN_POINT('',(0.149999999999872,0.75,0.700000000000332));
#7366=CARTESIAN_POINT('',(0.149999999999872,0.666,0.900000000000147));
#7367=CARTESIAN_POINT('',(0.149999999999872,0.666,0.900000000000147));
#7368=CARTESIAN_POINT('',(0.149999999999872,0.75,1.00000000000005));
#7369=CARTESIAN_POINT('',(0.149999999999872,0.75,1.00000000000022));
#7370=CARTESIAN_POINT('',(0.149999999999872,0.75,1.00000000000005));
#7371=CARTESIAN_POINT('',(0.149999999999872,0.666,0.900000000000147));
#7372=CARTESIAN_POINT('',(0.200000000000311,0.666,0.750000000000274));
#7373=CARTESIAN_POINT('',(0.200000000000311,0.666,0.750000000000274));
#7374=CARTESIAN_POINT('',(0.250000000000194,0.666,0.750000000000052));
#7375=CARTESIAN_POINT('',(0.250000000000194,0.666,0.900000000000147));
#7376=CARTESIAN_POINT('',(0.250000000000194,0.666,0.900000000000147));
#7377=CARTESIAN_POINT('',(0.149999999999872,0.666,0.900000000000147));
#7378=CARTESIAN_POINT('',(0.200000000000311,0.666,0.750000000000274));
#7379=CARTESIAN_POINT('',(0.250000000000194,0.666,0.750000000000052));
#7380=CARTESIAN_POINT('',(-0.249999999999751,0.666,0.900000000000147));
#7381=CARTESIAN_POINT('',(-0.249999999999751,0.666,0.900000000000147));
#7382=CARTESIAN_POINT('',(-0.249999999999778,0.666,0.74999999999983));
#7383=CARTESIAN_POINT('',(0.250000000000194,0.666,0.900000000000147));
#7384=CARTESIAN_POINT('',(0.250000000000194,0.666,0.900000000000147));
#7385=CARTESIAN_POINT('',(0.149999999999872,0.666,0.900000000000147));
#7386=CARTESIAN_POINT('',(0.,0.,0.));
#7387=CARTESIAN_POINT('',(-1.,0.,-1.00000000000022));
#7388=CARTESIAN_POINT('',(-1.,0.,-1.00000000000022));
#7389=CARTESIAN_POINT('',(-1.,0.,1.00000000000022));
#7390=CARTESIAN_POINT('',(1.,0.,-1.00000000000022));
#7391=CARTESIAN_POINT('',(1.,0.,-1.00000000000022));
#7392=CARTESIAN_POINT('',(1.,0.,1.00000000000022));
#7393=CARTESIAN_POINT('',(1.,0.,1.00000000000022));
#7394=CARTESIAN_POINT('',(-1.,0.,1.00000000000022));
#7395=CARTESIAN_POINT('',(1.,0.75,1.00000000000022));
#7396=CARTESIAN_POINT('',(1.,0.75,-1.00000000000022));
#7397=CARTESIAN_POINT('',(1.,0.75,-1.00000000000022));
#7398=CARTESIAN_POINT('',(1.,0.75,1.00000000000022));
#7399=CARTESIAN_POINT('',(1.,0.75,1.00000000000022));
#7400=CARTESIAN_POINT('',(1.,0.75,1.00000000000022));
#7401=CARTESIAN_POINT('',(-1.,0.75,-1.00000000000022));
#7402=CARTESIAN_POINT('',(-1.,0.75,1.00000000000022));
#7403=CARTESIAN_POINT('',(-1.,0.75,1.00000000000022));
#7404=CARTESIAN_POINT('',(-1.,0.75,-1.00000000000022));
#7405=CARTESIAN_POINT('',(-1.,0.75,-1.00000000000022));
#7406=CARTESIAN_POINT('',(-1.,0.75,-1.00000000000022));
#7407=CARTESIAN_POINT('',(0.,0.75,0.));
#7408=CARTESIAN_POINT('',(-1.,0.75,1.00000000000022));
#7409=CARTESIAN_POINT('',(-1.,0.75,1.00000000000022));
#7410=CARTESIAN_POINT('',(-1.,0.75,1.00000000000022));
#7411=CARTESIAN_POINT('',(1.,0.75,-1.00000000000022));
#7412=CARTESIAN_POINT('',(1.,0.75,-1.00000000000022));
#7413=CARTESIAN_POINT('',(1.,0.75,-1.00000000000022));
#7414=CARTESIAN_POINT('',(1.,0.75,-1.00000000000022));
#7415=CARTESIAN_POINT('',(-1.,0.75,1.00000000000022));
#7416=CARTESIAN_POINT('',(1.,0.75,-1.00000000000022));
#7417=CARTESIAN_POINT('',(-1.,0.75,1.00000000000022));
#7418=CARTESIAN_POINT('',(0.,0.,0.));
#7419=CARTESIAN_POINT('',(-0.150000000000428,0.152,0.900000000000317));
#7420=CARTESIAN_POINT('',(-0.149999999999539,0.068,0.700000000000481));
#7421=CARTESIAN_POINT('',(-0.150000000000428,0.068,0.900000000000317));
#7422=CARTESIAN_POINT('',(-0.149999999999539,0.068,0.700000000000481));
#7423=CARTESIAN_POINT('',(-0.150000000000428,0.068,0.900000000000317));
#7424=CARTESIAN_POINT('',(-0.150000000000428,0.,0.900000000000317));
#7425=CARTESIAN_POINT('',(-0.150000000000428,0.,0.900000000000317));
#7426=CARTESIAN_POINT('',(-0.150000000000428,0.,1.00000000000022));
#7427=CARTESIAN_POINT('',(-0.150000000000428,0.152,1.00000000000022));
#7428=CARTESIAN_POINT('',(-0.150000000000428,0.152,1.00000000000022));
#7429=CARTESIAN_POINT('',(-0.150000000000428,0.152,0.900000000000317));
#7430=CARTESIAN_POINT('',(-0.149999999999539,0.152,0.700000000000481));
#7431=CARTESIAN_POINT('',(-0.149999999999539,0.152,0.700000000000481));
#7432=CARTESIAN_POINT('',(0.149999999999761,0.152,0.700000000000502));
#7433=CARTESIAN_POINT('',(0.149999999999761,0.068,0.900000000000317));
#7434=CARTESIAN_POINT('',(0.149999999999761,0.068,0.900000000000317));
#7435=CARTESIAN_POINT('',(0.149999999999761,0.,0.900000000000317));
#7436=CARTESIAN_POINT('',(0.149999999999761,0.068,0.900000000000317));
#7437=CARTESIAN_POINT('',(0.149999999999761,0.068,0.700000000000502));
#7438=CARTESIAN_POINT('',(0.149999999999761,0.152,0.700000000000502));
#7439=CARTESIAN_POINT('',(0.149999999999761,0.152,0.700000000000502));
#7440=CARTESIAN_POINT('',(0.149999999999761,0.152,1.00000000000022));
#7441=CARTESIAN_POINT('',(0.149999999999761,0.152,1.00000000000022));
#7442=CARTESIAN_POINT('',(0.149999999999761,0.152,1.00000000000022));
#7443=CARTESIAN_POINT('',(0.149999999999761,0.,1.00000000000022));
#7444=CARTESIAN_POINT('',(0.149999999999761,0.,0.700000000000502));
#7445=CARTESIAN_POINT('',(0.0800000000000245,0.152,1.00000000000022));
#7446=CARTESIAN_POINT('',(-0.0799999999998108,0.068,1.00000000000022));
#7447=CARTESIAN_POINT('',(0.0800000000000245,0.068,1.00000000000022));
#7448=CARTESIAN_POINT('',(-0.0799999999998108,0.068,1.00000000000022));
#7449=CARTESIAN_POINT('',(-0.0799999999998108,0.068,1.00000000000022));
#7450=CARTESIAN_POINT('',(-0.0799999999998108,0.152,1.00000000000022));
#7451=CARTESIAN_POINT('',(-0.0799999999998025,0.152,1.00000000000022));
#7452=CARTESIAN_POINT('',(0.0800000000000245,0.,1.00000000000022));
#7453=CARTESIAN_POINT('',(-0.0799999999998025,0.152,1.00000000000022));
#7454=CARTESIAN_POINT('',(0.0800000000000245,0.152,1.00000000000022));
#7455=CARTESIAN_POINT('',(0.0800000000000245,0.068,1.00000000000022));
#7456=CARTESIAN_POINT('',(0.149999999999761,0.152,0.700000000000502));
#7457=CARTESIAN_POINT('',(0.149999999999761,0.,0.700000000000502));
#7458=CARTESIAN_POINT('',(0.2000000000002,0.,0.700000000000561));
#7459=CARTESIAN_POINT('',(-0.200000000000644,0.,0.700000000000478));
#7460=CARTESIAN_POINT('',(-0.200000000000644,0.068,0.700000000000478));
#7461=CARTESIAN_POINT('',(-0.200000000000644,0.068,0.700000000000478));
#7462=CARTESIAN_POINT('',(-0.149999999999539,0.068,0.700000000000481));
#7463=CARTESIAN_POINT('',(0.149999999999761,0.152,0.700000000000502));
#7464=CARTESIAN_POINT('',(0.2000000000002,0.068,0.700000000000561));
#7465=CARTESIAN_POINT('',(0.2000000000002,0.068,0.700000000000561));
#7466=CARTESIAN_POINT('',(0.2000000000002,0.068,0.700000000000561));
#7467=CARTESIAN_POINT('',(0.,0.152,0.));
#7468=CARTESIAN_POINT('',(1.02720024326705E-13,0.152,0.880000000000319));
#7469=CARTESIAN_POINT('',(-0.0799999999998191,0.152,0.880000000000314));
#7470=CARTESIAN_POINT('',(0.0800000000000245,0.152,0.880000000000325));
#7471=CARTESIAN_POINT('',(0.0800000000000245,0.152,1.00000000000022));
#7472=CARTESIAN_POINT('',(-0.0799999999998108,0.152,1.00000000000022));
#7473=CARTESIAN_POINT('',(0.,0.,0.));
#7474=CARTESIAN_POINT('',(-0.249999999999861,0.,0.900000000000317));
#7475=CARTESIAN_POINT('',(-0.249999999999861,0.,0.900000000000317));
#7476=CARTESIAN_POINT('',(-0.249999999999889,0.,0.750000000000001));
#7477=CARTESIAN_POINT('',(-0.249999999999889,0.,0.750000000000001));
#7478=CARTESIAN_POINT('',(-0.200000000000367,0.,0.750000000000001));
#7479=CARTESIAN_POINT('',(0.2000000000002,0.,0.750000000000445));
#7480=CARTESIAN_POINT('',(0.250000000000083,0.,0.750000000000223));
#7481=CARTESIAN_POINT('',(0.250000000000083,0.,0.900000000000317));
#7482=CARTESIAN_POINT('',(0.250000000000083,0.,0.900000000000317));
#7483=CARTESIAN_POINT('',(0.149999999999761,0.,0.900000000000317));
#7484=CARTESIAN_POINT('',(0.149999999999761,0.068,0.900000000000317));
#7485=CARTESIAN_POINT('',(0.250000000000083,0.068,0.900000000000317));
#7486=CARTESIAN_POINT('',(0.250000000000083,0.068,0.900000000000317));
#7487=CARTESIAN_POINT('',(0.149999999999761,0.068,0.900000000000317));
#7488=CARTESIAN_POINT('',(0.250000000000083,0.068,0.900000000000317));
#7489=CARTESIAN_POINT('',(0.250000000000083,0.068,0.750000000000223));
#7490=CARTESIAN_POINT('',(0.250000000000083,0.068,0.750000000000223));
#7491=CARTESIAN_POINT('',(0.250000000000083,0.068,0.900000000000317));
#7492=CARTESIAN_POINT('',(0.2000000000002,0.068,0.750000000000445));
#7493=CARTESIAN_POINT('',(0.2000000000002,0.068,0.750000000000445));
#7494=CARTESIAN_POINT('',(0.2000000000002,0.068,0.750000000000445));
#7495=CARTESIAN_POINT('',(-0.200000000000367,0.068,0.750000000000001));
#7496=CARTESIAN_POINT('',(-0.249999999999889,0.068,0.750000000000001));
#7497=CARTESIAN_POINT('',(-0.249999999999889,0.068,0.750000000000001));
#7498=CARTESIAN_POINT('',(-0.200000000000367,0.068,0.750000000000001));
#7499=CARTESIAN_POINT('',(-0.249999999999889,0.068,0.750000000000001));
#7500=CARTESIAN_POINT('',(-0.249999999999861,0.068,0.900000000000317));
#7501=CARTESIAN_POINT('',(-0.249999999999861,0.068,0.900000000000317));
#7502=CARTESIAN_POINT('',(-0.249999999999889,0.068,0.750000000000001));
#7503=CARTESIAN_POINT('',(-0.249999999999861,0.068,0.900000000000317));
#7504=CARTESIAN_POINT('',(-0.249999999999861,0.068,0.900000000000317));
#7505=CARTESIAN_POINT('',(-0.200000000000367,0.068,0.750000000000001));
#7506=CARTESIAN_POINT('',(-0.0799999999998108,0.068,1.00000000000022));
#7507=CARTESIAN_POINT('',(-0.0799999999998108,0.068,1.00000000000022));
#7508=CARTESIAN_POINT('',(-0.0799999999998191,0.068,0.880000000000314));
#7509=CARTESIAN_POINT('',(-0.0799999999998191,0.068,0.880000000000314));
#7510=CARTESIAN_POINT('',(1.02720024326705E-13,0.068,0.880000000000319));
#7511=CARTESIAN_POINT('',(1.02720024326705E-13,0.068,0.880000000000319));
#7512=CARTESIAN_POINT('',(0.0800000000000245,0.068,0.880000000000325));
#7513=CARTESIAN_POINT('',(0.0800000000000245,0.068,0.880000000000325));
#7514=CARTESIAN_POINT('',(0.0800000000000245,0.068,1.00000000000022));
#7515=CARTESIAN_POINT('',(0.0800000000000245,0.068,1.00000000000022));
#7516=CARTESIAN_POINT('',(1.02720024326705E-13,0.068,0.880000000000319));
#7517=CARTESIAN_POINT('',(0.729999999999675,0.152,1.00000000000022));
#7518=CARTESIAN_POINT('',(0.729999999999675,0.068,1.00000000000022));
#7519=CARTESIAN_POINT('',(0.729999999999684,0.068,1.00000000000022));
#7520=CARTESIAN_POINT('',(0.729999999999675,0.152,1.00000000000022));
#7521=CARTESIAN_POINT('',(0.729999999999675,0.068,1.00000000000022));
#7522=CARTESIAN_POINT('',(0.569999999999848,0.068,1.00000000000022));
#7523=CARTESIAN_POINT('',(0.569999999999848,0.068,1.00000000000022));
#7524=CARTESIAN_POINT('',(0.569999999999848,0.152,1.00000000000022));
#7525=CARTESIAN_POINT('',(0.569999999999848,0.152,1.00000000000022));
#7526=CARTESIAN_POINT('',(0.500000000000111,0.152,1.00000000000022));
#7527=CARTESIAN_POINT('',(0.500000000000111,0.152,1.00000000000022));
#7528=CARTESIAN_POINT('',(0.500000000000111,0.,1.00000000000022));
#7529=CARTESIAN_POINT('',(0.729999999999675,0.,1.00000000000022));
#7530=CARTESIAN_POINT('',(0.799999999999357,0.,1.00000000000022));
#7531=CARTESIAN_POINT('',(0.799999999999357,0.152,1.00000000000022));
#7532=CARTESIAN_POINT('',(0.799999999999357,0.152,1.00000000000022));
#7533=CARTESIAN_POINT('',(0.569999999999848,0.152,1.00000000000022));
#7534=CARTESIAN_POINT('',(0.,0.152,0.));
#7535=CARTESIAN_POINT('',(0.649999999999766,0.152,0.880000000000267));
#7536=CARTESIAN_POINT('',(0.569999999999848,0.152,0.880000000000263));
#7537=CARTESIAN_POINT('',(0.729999999999684,0.152,0.88000000000027));
#7538=CARTESIAN_POINT('',(0.729999999999675,0.152,1.00000000000022));
#7539=CARTESIAN_POINT('',(0.799999999999357,0.152,1.00000000000022));
#7540=CARTESIAN_POINT('',(0.799999999999412,0.152,0.700000000000506));
#7541=CARTESIAN_POINT('',(0.799999999999412,0.152,0.700000000000506));
#7542=CARTESIAN_POINT('',(0.500000000000111,0.152,0.700000000000483));
#7543=CARTESIAN_POINT('',(0.500000000000111,0.152,0.900000000000317));
#7544=CARTESIAN_POINT('',(0.569999999999848,0.152,1.00000000000022));
#7545=CARTESIAN_POINT('',(0.500000000000111,0.152,0.900000000000317));
#7546=CARTESIAN_POINT('',(0.500000000000111,0.068,0.700000000000483));
#7547=CARTESIAN_POINT('',(0.500000000000111,0.068,0.900000000000317));
#7548=CARTESIAN_POINT('',(0.500000000000111,0.068,0.700000000000483));
#7549=CARTESIAN_POINT('',(0.500000000000111,0.068,0.900000000000317));
#7550=CARTESIAN_POINT('',(0.500000000000111,0.,0.900000000000317));
#7551=CARTESIAN_POINT('',(0.500000000000111,0.,0.900000000000317));
#7552=CARTESIAN_POINT('',(0.500000000000111,0.152,0.700000000000483));
#7553=CARTESIAN_POINT('',(0.799999999999412,0.152,0.700000000000506));
#7554=CARTESIAN_POINT('',(0.799999999999412,0.068,0.900000000000317));
#7555=CARTESIAN_POINT('',(0.799999999999412,0.068,0.900000000000317));
#7556=CARTESIAN_POINT('',(0.799999999999412,0.,0.900000000000317));
#7557=CARTESIAN_POINT('',(0.799999999999412,0.068,0.900000000000317));
#7558=CARTESIAN_POINT('',(0.799999999999412,0.068,0.700000000000506));
#7559=CARTESIAN_POINT('',(0.799999999999412,0.152,0.700000000000506));
#7560=CARTESIAN_POINT('',(0.799999999999412,0.,0.700000000000506));
#7561=CARTESIAN_POINT('',(0.799999999999412,0.152,0.700000000000506));
#7562=CARTESIAN_POINT('',(0.799999999999412,0.,0.700000000000506));
#7563=CARTESIAN_POINT('',(0.874999999999848,0.,0.700000000000506));
#7564=CARTESIAN_POINT('',(0.424999999999398,0.,0.700000000000478));
#7565=CARTESIAN_POINT('',(0.424999999999398,0.068,0.700000000000478));
#7566=CARTESIAN_POINT('',(0.424999999999398,0.068,0.700000000000478));
#7567=CARTESIAN_POINT('',(0.500000000000111,0.068,0.700000000000483));
#7568=CARTESIAN_POINT('',(0.874999999999848,0.068,0.700000000000506));
#7569=CARTESIAN_POINT('',(0.874999999999848,0.068,0.700000000000506));
#7570=CARTESIAN_POINT('',(0.874999999999848,0.068,0.700000000000506));
#7571=CARTESIAN_POINT('',(0.,0.,0.));
#7572=CARTESIAN_POINT('',(0.375000000000125,0.,0.900000000000317));
#7573=CARTESIAN_POINT('',(0.375000000000125,0.,0.900000000000317));
#7574=CARTESIAN_POINT('',(0.375000000000097,0.,0.750000000000001));
#7575=CARTESIAN_POINT('',(0.375000000000097,0.,0.750000000000001));
#7576=CARTESIAN_POINT('',(0.42499999999962,0.,0.750000000000001));
#7577=CARTESIAN_POINT('',(0.874999999999848,0.,0.749999999999945));
#7578=CARTESIAN_POINT('',(0.924999999999288,0.,0.749999999999945));
#7579=CARTESIAN_POINT('',(0.924999999999343,0.,0.900000000000317));
#7580=CARTESIAN_POINT('',(0.924999999999343,0.,0.900000000000317));
#7581=CARTESIAN_POINT('',(0.799999999999412,0.,0.900000000000317));
#7582=CARTESIAN_POINT('',(0.799999999999412,0.068,0.900000000000317));
#7583=CARTESIAN_POINT('',(0.924999999999343,0.068,0.900000000000317));
#7584=CARTESIAN_POINT('',(0.924999999999343,0.068,0.900000000000317));
#7585=CARTESIAN_POINT('',(0.799999999999412,0.068,0.900000000000317));
#7586=CARTESIAN_POINT('',(0.924999999999343,0.068,0.900000000000317));
#7587=CARTESIAN_POINT('',(0.924999999999288,0.068,0.749999999999945));
#7588=CARTESIAN_POINT('',(0.924999999999288,0.068,0.749999999999945));
#7589=CARTESIAN_POINT('',(0.924999999999343,0.068,0.900000000000317));
#7590=CARTESIAN_POINT('',(0.874999999999848,0.068,0.749999999999945));
#7591=CARTESIAN_POINT('',(0.874999999999848,0.068,0.749999999999945));
#7592=CARTESIAN_POINT('',(0.874999999999848,0.068,0.749999999999945));
#7593=CARTESIAN_POINT('',(0.42499999999962,0.068,0.750000000000001));
#7594=CARTESIAN_POINT('',(0.375000000000097,0.068,0.750000000000001));
#7595=CARTESIAN_POINT('',(0.375000000000097,0.068,0.750000000000001));
#7596=CARTESIAN_POINT('',(0.42499999999962,0.068,0.750000000000001));
#7597=CARTESIAN_POINT('',(0.375000000000097,0.068,0.750000000000001));
#7598=CARTESIAN_POINT('',(0.375000000000125,0.068,0.900000000000317));
#7599=CARTESIAN_POINT('',(0.375000000000125,0.068,0.900000000000317));
#7600=CARTESIAN_POINT('',(0.375000000000097,0.068,0.750000000000001));
#7601=CARTESIAN_POINT('',(0.375000000000125,0.068,0.900000000000317));
#7602=CARTESIAN_POINT('',(0.375000000000125,0.068,0.900000000000317));
#7603=CARTESIAN_POINT('',(0.42499999999962,0.068,0.750000000000001));
#7604=CARTESIAN_POINT('',(0.729999999999675,0.068,1.00000000000022));
#7605=CARTESIAN_POINT('',(0.729999999999684,0.068,0.88000000000027));
#7606=CARTESIAN_POINT('',(0.729999999999684,0.068,0.88000000000027));
#7607=CARTESIAN_POINT('',(0.729999999999675,0.068,1.00000000000022));
#7608=CARTESIAN_POINT('',(0.649999999999766,0.068,0.880000000000267));
#7609=CARTESIAN_POINT('',(0.569999999999848,0.068,0.880000000000263));
#7610=CARTESIAN_POINT('',(0.569999999999848,0.068,0.880000000000263));
#7611=CARTESIAN_POINT('',(0.649999999999766,0.068,0.880000000000267));
#7612=CARTESIAN_POINT('',(0.569999999999848,0.068,1.00000000000022));
#7613=CARTESIAN_POINT('',(0.569999999999848,0.068,1.00000000000022));
#7614=CARTESIAN_POINT('',(0.649999999999762,0.068,1.00000000000022));
#7615=CARTESIAN_POINT('',(0.0800000000000245,0.152,-1.00000000000022));
#7616=CARTESIAN_POINT('',(-0.0799999999998024,0.068,-1.00000000000022));
#7617=CARTESIAN_POINT('',(-0.0799999999998135,0.068,-1.00000000000022));
#7618=CARTESIAN_POINT('',(-0.0799999999998024,0.152,-1.00000000000022));
#7619=CARTESIAN_POINT('',(0.0800000000000245,0.068,-1.00000000000022));
#7620=CARTESIAN_POINT('',(0.0800000000000245,0.068,-1.00000000000022));
#7621=CARTESIAN_POINT('',(0.0800000000000245,0.068,-1.00000000000022));
#7622=CARTESIAN_POINT('',(0.0800000000000245,0.152,-1.00000000000022));
#7623=CARTESIAN_POINT('',(-0.0799999999998025,0.152,-1.00000000000022));
#7624=CARTESIAN_POINT('',(0.149999999999761,0.152,-1.00000000000022));
#7625=CARTESIAN_POINT('',(0.149999999999761,0.152,-1.00000000000022));
#7626=CARTESIAN_POINT('',(0.149999999999761,0.,-1.00000000000022));
#7627=CARTESIAN_POINT('',(0.0800000000000245,0.,-1.00000000000022));
#7628=CARTESIAN_POINT('',(-0.150000000000428,0.,-1.00000000000025));
#7629=CARTESIAN_POINT('',(-0.150000000000428,0.152,-1.00000000000025));
#7630=CARTESIAN_POINT('',(-0.150000000000428,0.152,-1.00000000000025));
#7631=CARTESIAN_POINT('',(-0.0799999999998025,0.152,-1.00000000000022));
#7632=CARTESIAN_POINT('',(0.149999999999761,0.152,-0.69999999999959));
#7633=CARTESIAN_POINT('',(0.149999999999761,0.068,-0.899999999999873));
#7634=CARTESIAN_POINT('',(0.149999999999761,0.068,-0.899999999999873));
#7635=CARTESIAN_POINT('',(0.149999999999761,0.068,-0.70000000000003));
#7636=CARTESIAN_POINT('',(0.149999999999761,0.068,-0.899999999999873));
#7637=CARTESIAN_POINT('',(0.149999999999761,0.,-0.899999999999873));
#7638=CARTESIAN_POINT('',(0.149999999999761,0.,-0.69999999999959));
#7639=CARTESIAN_POINT('',(0.149999999999761,0.152,-1.00000000000022));
#7640=CARTESIAN_POINT('',(0.149999999999761,0.152,-0.69999999999959));
#7641=CARTESIAN_POINT('',(0.149999999999761,0.152,-0.69999999999959));
#7642=CARTESIAN_POINT('',(0.149999999999761,0.152,-0.69999999999959));
#7643=CARTESIAN_POINT('',(0.149999999999761,0.,-0.69999999999959));
#7644=CARTESIAN_POINT('',(0.2000000000002,0.,-0.700000000000062));
#7645=CARTESIAN_POINT('',(-0.200000000000644,0.,-0.700000000000034));
#7646=CARTESIAN_POINT('',(0.2000000000002,0.068,-0.700000000000062));
#7647=CARTESIAN_POINT('',(0.2000000000002,0.068,-0.700000000000062));
#7648=CARTESIAN_POINT('',(0.2000000000002,0.068,-0.700000000000062));
#7649=CARTESIAN_POINT('',(0.149999999999761,0.152,-0.69999999999959));
#7650=CARTESIAN_POINT('',(-0.149999999998596,0.152,-0.70000000000001));
#7651=CARTESIAN_POINT('',(-0.149999999998596,0.152,-0.70000000000001));
#7652=CARTESIAN_POINT('',(-0.149999999998596,0.068,-0.70000000000001));
#7653=CARTESIAN_POINT('',(-0.149999999998596,0.068,-0.700000000000037));
#7654=CARTESIAN_POINT('',(-0.200000000000644,0.068,-0.700000000000034));
#7655=CARTESIAN_POINT('',(-0.200000000000644,0.068,-0.700000000000034));
#7656=CARTESIAN_POINT('',(-0.149999999999983,0.152,-0.899999999999873));
#7657=CARTESIAN_POINT('',(-0.150000000000428,0.068,-0.899999999999873));
#7658=CARTESIAN_POINT('',(-0.150000000000428,0.068,-0.899999999999873));
#7659=CARTESIAN_POINT('',(-0.149999999999983,0.,-0.899999999999873));
#7660=CARTESIAN_POINT('',(-0.149999999998596,0.068,-0.700000000000037));
#7661=CARTESIAN_POINT('',(-0.149999999999983,0.152,-0.899999999999873));
#7662=CARTESIAN_POINT('',(-0.149999999999983,0.,-0.899999999999873));
#7663=CARTESIAN_POINT('',(0.,0.152,0.));
#7664=CARTESIAN_POINT('',(1.05476608350248E-13,0.152,-0.879999999999888));
#7665=CARTESIAN_POINT('',(-0.0799999999998135,0.152,-0.879999999999896));
#7666=CARTESIAN_POINT('',(0.0800000000000245,0.152,-0.879999999999881));
#7667=CARTESIAN_POINT('',(-0.0799999999998024,0.152,-1.00000000000022));
#7668=CARTESIAN_POINT('',(0.0800000000000245,0.152,-1.00000000000022));
#7669=CARTESIAN_POINT('',(0.,0.,0.));
#7670=CARTESIAN_POINT('',(-0.200000000000367,0.,-0.749999999999529));
#7671=CARTESIAN_POINT('',(-0.249999999999861,0.,-0.749999999999529));
#7672=CARTESIAN_POINT('',(-0.249999999999861,0.,-0.749999999999529));
#7673=CARTESIAN_POINT('',(-0.249999999999861,0.,-0.899999999999873));
#7674=CARTESIAN_POINT('',(-0.249999999999861,0.,-0.899999999999873));
#7675=CARTESIAN_POINT('',(0.149999999999761,0.,-0.899999999999873));
#7676=CARTESIAN_POINT('',(0.250000000000083,0.,-0.899999999999873));
#7677=CARTESIAN_POINT('',(0.250000000000083,0.,-0.899999999999873));
#7678=CARTESIAN_POINT('',(0.250000000000083,0.,-0.749999999999945));
#7679=CARTESIAN_POINT('',(0.2000000000002,0.,-0.749999999999945));
#7680=CARTESIAN_POINT('',(0.149999999999761,0.068,-0.899999999999873));
#7681=CARTESIAN_POINT('',(0.149999999999761,0.068,-0.899999999999873));
#7682=CARTESIAN_POINT('',(0.250000000000083,0.068,-0.899999999999873));
#7683=CARTESIAN_POINT('',(0.250000000000083,0.068,-0.899999999999873));
#7684=CARTESIAN_POINT('',(0.2000000000002,0.068,-0.749999999999945));
#7685=CARTESIAN_POINT('',(0.250000000000083,0.068,-0.749999999999945));
#7686=CARTESIAN_POINT('',(0.250000000000083,0.068,-0.749999999999945));
#7687=CARTESIAN_POINT('',(0.2000000000002,0.068,-0.749999999999945));
#7688=CARTESIAN_POINT('',(0.250000000000083,0.068,-0.899999999999873));
#7689=CARTESIAN_POINT('',(0.250000000000083,0.068,-0.899999999999873));
#7690=CARTESIAN_POINT('',(0.2000000000002,0.068,-0.749999999999945));
#7691=CARTESIAN_POINT('',(-0.249999999999861,0.068,-0.899999999999873));
#7692=CARTESIAN_POINT('',(-0.249999999999861,0.068,-0.899999999999873));
#7693=CARTESIAN_POINT('',(-0.249999999999861,0.068,-0.899999999999873));
#7694=CARTESIAN_POINT('',(-0.249999999999861,0.068,-0.899999999999873));
#7695=CARTESIAN_POINT('',(-0.249999999999861,0.068,-0.749999999999529));
#7696=CARTESIAN_POINT('',(-0.249999999999861,0.068,-0.749999999999529));
#7697=CARTESIAN_POINT('',(-0.249999999999861,0.068,-0.749999999999529));
#7698=CARTESIAN_POINT('',(-0.249999999999861,0.068,-0.749999999999529));
#7699=CARTESIAN_POINT('',(-0.200000000000367,0.068,-0.749999999999529));
#7700=CARTESIAN_POINT('',(-0.200000000000367,0.068,-0.749999999999529));
#7701=CARTESIAN_POINT('',(-0.200000000000367,0.068,-0.749999999999529));
#7702=CARTESIAN_POINT('',(1.11035854989672E-13,0.068,-1.00000000000022));
#7703=CARTESIAN_POINT('',(-0.0799999999998024,0.068,-1.00000000000022));
#7704=CARTESIAN_POINT('',(-0.0799999999998135,0.068,-0.879999999999896));
#7705=CARTESIAN_POINT('',(1.05476608350248E-13,0.068,-0.879999999999888));
#7706=CARTESIAN_POINT('',(0.0800000000000245,0.068,-0.879999999999881));
#7707=CARTESIAN_POINT('',(0.0800000000000245,0.068,-1.00000000000022));
#7708=CARTESIAN_POINT('',(-0.0799999999998024,0.068,-1.00000000000022));
#7709=CARTESIAN_POINT('',(-0.0799999999998135,0.068,-0.879999999999896));
#7710=CARTESIAN_POINT('',(1.05476608350248E-13,0.068,-0.879999999999888));
#7711=CARTESIAN_POINT('',(0.0800000000000245,0.068,-0.879999999999881));
#7712=CARTESIAN_POINT('',(0.0800000000000245,0.068,-1.00000000000022));
#7713=CARTESIAN_POINT('',(0.799999999999412,0.152,-0.700000000000034));
#7714=CARTESIAN_POINT('',(0.799999999999412,0.068,-0.899999999999873));
#7715=CARTESIAN_POINT('',(0.799999999999412,0.068,-0.899999999999873));
#7716=CARTESIAN_POINT('',(0.800000000000245,0.068,-0.700000000000029));
#7717=CARTESIAN_POINT('',(0.799999999999412,0.068,-0.899999999999873));
#7718=CARTESIAN_POINT('',(0.799999999999412,0.,-0.899999999999873));
#7719=CARTESIAN_POINT('',(0.799999999999412,0.,-0.700000000000034));
#7720=CARTESIAN_POINT('',(0.799999999999357,0.,-1.00000000000022));
#7721=CARTESIAN_POINT('',(0.799999999999357,0.152,-1.00000000000022));
#7722=CARTESIAN_POINT('',(0.799999999999357,0.152,-1.00000000000022));
#7723=CARTESIAN_POINT('',(0.799999999999357,0.152,-1.00000000000022));
#7724=CARTESIAN_POINT('',(0.799999999999412,0.152,-0.700000000000034));
#7725=CARTESIAN_POINT('',(0.799999999999412,0.152,-0.700000000000034));
#7726=CARTESIAN_POINT('',(0.799999999999412,0.152,-0.700000000000034));
#7727=CARTESIAN_POINT('',(0.799999999999412,0.,-0.700000000000034));
#7728=CARTESIAN_POINT('',(0.874999999999848,0.,-0.700000000000062));
#7729=CARTESIAN_POINT('',(0.424999999999398,0.,-0.700000000000034));
#7730=CARTESIAN_POINT('',(0.874999999999848,0.068,-0.700000000000062));
#7731=CARTESIAN_POINT('',(0.874999999999848,0.068,-0.700000000000062));
#7732=CARTESIAN_POINT('',(0.874999999999848,0.068,-0.700000000000062));
#7733=CARTESIAN_POINT('',(0.799999999999412,0.152,-0.700000000000034));
#7734=CARTESIAN_POINT('',(0.500000000001,0.152,-0.700000000000011));
#7735=CARTESIAN_POINT('',(0.500000000001,0.152,-0.700000000000011));
#7736=CARTESIAN_POINT('',(0.500000000001,0.068,-0.700000000000011));
#7737=CARTESIAN_POINT('',(0.500000000001,0.068,-0.700000000000039));
#7738=CARTESIAN_POINT('',(0.424999999999398,0.068,-0.700000000000034));
#7739=CARTESIAN_POINT('',(0.424999999999398,0.068,-0.700000000000034));
#7740=CARTESIAN_POINT('',(0.500000000000111,0.152,-0.899999999999873));
#7741=CARTESIAN_POINT('',(0.500000000000111,0.068,-0.899999999999873));
#7742=CARTESIAN_POINT('',(0.500000000000111,0.068,-0.899999999999873));
#7743=CARTESIAN_POINT('',(0.500000000000111,0.,-0.899999999999873));
#7744=CARTESIAN_POINT('',(0.500000000001,0.068,-0.700000000000039));
#7745=CARTESIAN_POINT('',(0.500000000000111,0.152,-0.899999999999873));
#7746=CARTESIAN_POINT('',(0.500000000000111,0.152,-1.00000000000025));
#7747=CARTESIAN_POINT('',(0.500000000000111,0.152,-1.00000000000025));
#7748=CARTESIAN_POINT('',(0.500000000000111,0.,-1.00000000000025));
#7749=CARTESIAN_POINT('',(0.500000000000111,0.,-0.899999999999873));
#7750=CARTESIAN_POINT('',(0.500000000000111,0.152,-1.00000000000025));
#7751=CARTESIAN_POINT('',(0.569999999999848,0.068,-1.00000000000022));
#7752=CARTESIAN_POINT('',(0.569999999999602,0.068,-1.00000000000022));
#7753=CARTESIAN_POINT('',(0.569999999999848,0.152,-1.00000000000022));
#7754=CARTESIAN_POINT('',(0.500000000000111,0.068,-1.00000000000025));
#7755=CARTESIAN_POINT('',(0.729999999999675,0.068,-1.00000000000022));
#7756=CARTESIAN_POINT('',(0.729999999999675,0.068,-1.00000000000022));
#7757=CARTESIAN_POINT('',(0.729999999999675,0.152,-1.00000000000022));
#7758=CARTESIAN_POINT('',(0.729999999999675,0.152,-1.00000000000022));
#7759=CARTESIAN_POINT('',(0.500000000000111,0.,-1.00000000000025));
#7760=CARTESIAN_POINT('',(0.729999999999675,0.152,-1.00000000000022));
#7761=CARTESIAN_POINT('',(0.,0.152,0.));
#7762=CARTESIAN_POINT('',(0.649999999999762,0.152,-0.879999999999888));
#7763=CARTESIAN_POINT('',(0.56999999999986,0.152,-0.879999999999896));
#7764=CARTESIAN_POINT('',(0.729999999999664,0.152,-0.879999999999881));
#7765=CARTESIAN_POINT('',(0.569999999999848,0.152,-1.00000000000022));
#7766=CARTESIAN_POINT('',(0.729999999999675,0.152,-1.00000000000022));
#7767=CARTESIAN_POINT('',(0.,0.,0.));
#7768=CARTESIAN_POINT('',(0.799999999999412,0.,-0.899999999999873));
#7769=CARTESIAN_POINT('',(0.924999999999343,0.,-0.899999999999873));
#7770=CARTESIAN_POINT('',(0.924999999999343,0.,-0.899999999999873));
#7771=CARTESIAN_POINT('',(0.924999999999288,0.,-0.749999999999501));
#7772=CARTESIAN_POINT('',(0.874999999999848,0.,-0.749999999999501));
#7773=CARTESIAN_POINT('',(0.42499999999962,0.,-0.749999999999529));
#7774=CARTESIAN_POINT('',(0.375000000000125,0.,-0.749999999999529));
#7775=CARTESIAN_POINT('',(0.375000000000125,0.,-0.749999999999529));
#7776=CARTESIAN_POINT('',(0.375000000000125,0.,-0.899999999999873));
#7777=CARTESIAN_POINT('',(0.375000000000125,0.,-0.899999999999873));
#7778=CARTESIAN_POINT('',(0.799999999999412,0.068,-0.899999999999873));
#7779=CARTESIAN_POINT('',(0.799999999999412,0.068,-0.899999999999873));
#7780=CARTESIAN_POINT('',(0.924999999999343,0.068,-0.899999999999873));
#7781=CARTESIAN_POINT('',(0.924999999999343,0.068,-0.899999999999873));
#7782=CARTESIAN_POINT('',(0.874999999999848,0.068,-0.749999999999501));
#7783=CARTESIAN_POINT('',(0.924999999999288,0.068,-0.749999999999501));
#7784=CARTESIAN_POINT('',(0.924999999999288,0.068,-0.749999999999501));
#7785=CARTESIAN_POINT('',(0.874999999999848,0.068,-0.749999999999501));
#7786=CARTESIAN_POINT('',(0.924999999999343,0.068,-0.899999999999873));
#7787=CARTESIAN_POINT('',(0.924999999999343,0.068,-0.899999999999873));
#7788=CARTESIAN_POINT('',(0.874999999999848,0.068,-0.749999999999501));
#7789=CARTESIAN_POINT('',(0.375000000000125,0.068,-0.899999999999873));
#7790=CARTESIAN_POINT('',(0.375000000000125,0.068,-0.899999999999873));
#7791=CARTESIAN_POINT('',(0.375000000000125,0.068,-0.899999999999873));
#7792=CARTESIAN_POINT('',(0.375000000000125,0.068,-0.899999999999873));
#7793=CARTESIAN_POINT('',(0.375000000000125,0.068,-0.749999999999529));
#7794=CARTESIAN_POINT('',(0.375000000000125,0.068,-0.749999999999529));
#7795=CARTESIAN_POINT('',(0.375000000000125,0.068,-0.749999999999529));
#7796=CARTESIAN_POINT('',(0.375000000000125,0.068,-0.749999999999529));
#7797=CARTESIAN_POINT('',(0.42499999999962,0.068,-0.749999999999529));
#7798=CARTESIAN_POINT('',(0.42499999999962,0.068,-0.749999999999529));
#7799=CARTESIAN_POINT('',(0.42499999999962,0.068,-0.749999999999529));
#7800=CARTESIAN_POINT('',(0.649999999999762,0.068,-1.00000000000022));
#7801=CARTESIAN_POINT('',(0.569999999999848,0.068,-1.00000000000022));
#7802=CARTESIAN_POINT('',(0.56999999999986,0.068,-0.879999999999896));
#7803=CARTESIAN_POINT('',(0.649999999999762,0.068,-0.879999999999888));
#7804=CARTESIAN_POINT('',(0.729999999999664,0.068,-0.879999999999881));
#7805=CARTESIAN_POINT('',(0.729999999999675,0.068,-1.00000000000022));
#7806=CARTESIAN_POINT('',(0.569999999999848,0.068,-1.00000000000022));
#7807=CARTESIAN_POINT('',(0.56999999999986,0.068,-0.879999999999896));
#7808=CARTESIAN_POINT('',(0.649999999999762,0.068,-0.879999999999888));
#7809=CARTESIAN_POINT('',(0.729999999999664,0.068,-0.879999999999881));
#7810=CARTESIAN_POINT('',(0.729999999999675,0.068,-1.00000000000022));
#7811=CARTESIAN_POINT('',(-0.699999999999701,0.152,-0.180000000000069));
#7812=CARTESIAN_POINT('',(-0.499999999999889,0.152,-0.300000000000411));
#7813=CARTESIAN_POINT('',(-0.499999999999889,0.152,-0.300000000000411));
#7814=CARTESIAN_POINT('',(-0.499999999999889,0.068,-0.300000000000411));
#7815=CARTESIAN_POINT('',(-0.699999999999701,0.068,-0.180000000000069));
#7816=CARTESIAN_POINT('',(-0.699999999999701,0.068,-0.180000000000069));
#7817=CARTESIAN_POINT('',(-0.699999999999701,0.152,-0.180000000000069));
#7818=CARTESIAN_POINT('',(-0.699999999999701,0.152,-0.180000000000069));
#7819=CARTESIAN_POINT('',(-0.699999999999701,0.152,-0.180000000000069));
#7820=CARTESIAN_POINT('',(-0.499999999999889,0.152,-0.300000000000411));
#7821=CARTESIAN_POINT('',(0.699999999999923,0.152,-0.300000000000411));
#7822=CARTESIAN_POINT('',(0.699999999999923,0.152,-0.300000000000411));
#7823=CARTESIAN_POINT('',(0.699999999999923,0.068,-0.300000000000411));
#7824=CARTESIAN_POINT('',(-0.499999999999889,0.068,-0.300000000000411));
#7825=CARTESIAN_POINT('',(-0.499999999999889,0.152,-0.300000000000411));
#7826=CARTESIAN_POINT('',(0.699999999999923,0.152,-0.300000000000411));
#7827=CARTESIAN_POINT('',(0.699999999999923,0.152,0.299999999999939));
#7828=CARTESIAN_POINT('',(0.699999999999923,0.152,0.299999999999939));
#7829=CARTESIAN_POINT('',(0.699999999999923,0.068,0.299999999999939));
#7830=CARTESIAN_POINT('',(0.699999999999923,0.068,-0.300000000000411));
#7831=CARTESIAN_POINT('',(0.699999999999923,0.152,-0.300000000000411));
#7832=CARTESIAN_POINT('',(0.699999999999923,0.152,0.299999999999939));
#7833=CARTESIAN_POINT('',(-0.699999999999701,0.152,0.299999999999939));
#7834=CARTESIAN_POINT('',(-0.699999999999701,0.152,0.299999999999939));
#7835=CARTESIAN_POINT('',(-0.699999999999701,0.068,0.299999999999939));
#7836=CARTESIAN_POINT('',(0.699999999999923,0.068,0.299999999999939));
#7837=CARTESIAN_POINT('',(0.699999999999923,0.152,0.299999999999939));
#7838=CARTESIAN_POINT('',(-0.699999999999701,0.152,0.299999999999939));
#7839=CARTESIAN_POINT('',(-0.699999999999701,0.068,0.299999999999939));
#7840=CARTESIAN_POINT('',(-0.699999999999701,0.152,0.299999999999939));
#7841=CARTESIAN_POINT('',(0.,0.152,0.));
#7842=CARTESIAN_POINT('',(0.99999999999989,0.068,-0.0749999999996032));
#7843=CARTESIAN_POINT('',(0.99999999999989,0.,-0.0749999999996032));
#7844=CARTESIAN_POINT('',(0.99999999999989,0.,0.0750000000000473));
#7845=CARTESIAN_POINT('',(0.99999999999989,0.,-0.0749999999996032));
#7846=CARTESIAN_POINT('',(0.99999999999989,0.068,-0.0749999999996032));
#7847=CARTESIAN_POINT('',(0.99999999999989,0.068,-0.0749999999996032));
#7848=CARTESIAN_POINT('',(0.99999999999989,0.068,-0.0749999999996032));
#7849=CARTESIAN_POINT('',(0.99999999999989,0.068,0.0750000000000473));
#7850=CARTESIAN_POINT('',(0.99999999999989,0.068,0.0750000000000473));
#7851=CARTESIAN_POINT('',(0.99999999999989,0.068,-0.150000000000095));
#7852=CARTESIAN_POINT('',(0.99999999999989,0.,-0.150000000000095));
#7853=CARTESIAN_POINT('',(0.924999999999399,0.,-0.149999999999872));
#7854=CARTESIAN_POINT('',(0.924999999999399,0.068,-0.149999999999872));
#7855=CARTESIAN_POINT('',(0.924999999999399,0.068,-0.149999999999872));
#7856=CARTESIAN_POINT('',(0.99999999999989,0.068,-0.150000000000095));
#7857=CARTESIAN_POINT('',(0.924999999999399,0.068,-0.149999999999872));
#7858=CARTESIAN_POINT('',(0.924999999999399,0.,-0.149999999999872));
#7859=CARTESIAN_POINT('',(0.924999999999399,0.,-0.424999999999925));
#7860=CARTESIAN_POINT('',(0.924999999999399,0.068,-0.424999999999925));
#7861=CARTESIAN_POINT('',(0.924999999999399,0.068,-0.424999999999925));
#7862=CARTESIAN_POINT('',(0.924999999999399,0.068,-0.149999999999872));
#7863=CARTESIAN_POINT('',(0.849999999999573,0.068,-0.424999999999953));
#7864=CARTESIAN_POINT('',(0.849999999999573,0.,-0.424999999999953));
#7865=CARTESIAN_POINT('',(0.849999999999573,0.,-0.499999999999778));
#7866=CARTESIAN_POINT('',(0.849999999999573,0.068,-0.499999999999778));
#7867=CARTESIAN_POINT('',(0.849999999999573,0.068,-0.499999999999778));
#7868=CARTESIAN_POINT('',(0.849999999999573,0.068,-0.424999999999953));
#7869=CARTESIAN_POINT('',(1.11022302462516E-13,0.068,-0.499999999999778));
#7870=CARTESIAN_POINT('',(1.11022302462516E-13,0.,-0.499999999999778));
#7871=CARTESIAN_POINT('',(-0.850000000000239,0.,-0.499999999999778));
#7872=CARTESIAN_POINT('',(-0.850000000000239,0.068,-0.499999999999778));
#7873=CARTESIAN_POINT('',(-0.850000000000239,0.068,-0.499999999999778));
#7874=CARTESIAN_POINT('',(0.849999999999573,0.068,-0.499999999999778));
#7875=CARTESIAN_POINT('',(-0.850000000000212,0.068,-0.424999999999925));
#7876=CARTESIAN_POINT('',(-0.850000000000212,0.,-0.424999999999925));
#7877=CARTESIAN_POINT('',(-0.925000000000065,0.,-0.424999999999953));
#7878=CARTESIAN_POINT('',(-0.925000000000065,0.068,-0.424999999999953));
#7879=CARTESIAN_POINT('',(-0.925000000000065,0.068,-0.424999999999953));
#7880=CARTESIAN_POINT('',(-0.850000000000212,0.068,-0.424999999999925));
#7881=CARTESIAN_POINT('',(-0.925000000000065,0.068,-0.424999999999953));
#7882=CARTESIAN_POINT('',(-0.925000000000065,0.,-0.424999999999953));
#7883=CARTESIAN_POINT('',(-0.925000000000065,0.,-0.14999999999965));
#7884=CARTESIAN_POINT('',(-0.925000000000065,0.068,-0.14999999999965));
#7885=CARTESIAN_POINT('',(-0.925000000000065,0.068,-0.14999999999965));
#7886=CARTESIAN_POINT('',(-0.925000000000065,0.068,-0.424999999999953));
#7887=CARTESIAN_POINT('',(-1.00000000000011,0.068,-0.14999999999965));
#7888=CARTESIAN_POINT('',(-1.00000000000011,0.,-0.14999999999965));
#7889=CARTESIAN_POINT('',(-0.99999999999989,0.,-0.0749999999996032));
#7890=CARTESIAN_POINT('',(-0.99999999999989,0.068,-0.0749999999996032));
#7891=CARTESIAN_POINT('',(-0.99999999999989,0.068,-0.0749999999996032));
#7892=CARTESIAN_POINT('',(-1.00000000000011,0.068,-0.14999999999965));
#7893=CARTESIAN_POINT('',(-0.99999999999989,0.068,-0.0749999999996032));
#7894=CARTESIAN_POINT('',(-0.99999999999989,0.,-0.0749999999996032));
#7895=CARTESIAN_POINT('',(-1.00000000000011,0.,0.0750000000000473));
#7896=CARTESIAN_POINT('',(-1.00000000000011,0.068,0.0750000000000473));
#7897=CARTESIAN_POINT('',(-1.00000000000011,0.068,0.0750000000000473));
#7898=CARTESIAN_POINT('',(-0.99999999999989,0.068,-0.0749999999996032));
#7899=CARTESIAN_POINT('',(-1.00000000000011,0.068,0.150000000000095));
#7900=CARTESIAN_POINT('',(-1.00000000000011,0.,0.150000000000095));
#7901=CARTESIAN_POINT('',(-0.925000000000065,0.,0.150000000000095));
#7902=CARTESIAN_POINT('',(-0.925000000000065,0.068,0.150000000000095));
#7903=CARTESIAN_POINT('',(-0.925000000000065,0.068,0.150000000000095));
#7904=CARTESIAN_POINT('',(-1.00000000000011,0.068,0.150000000000095));
#7905=CARTESIAN_POINT('',(-0.925000000000065,0.068,0.150000000000094));
#7906=CARTESIAN_POINT('',(-0.925000000000065,0.,0.150000000000094));
#7907=CARTESIAN_POINT('',(-0.925000000000176,0.,0.42500000000037));
#7908=CARTESIAN_POINT('',(-0.925000000000176,0.068,0.42500000000037));
#7909=CARTESIAN_POINT('',(-0.925000000000176,0.068,0.42500000000037));
#7910=CARTESIAN_POINT('',(-0.925000000000065,0.068,0.150000000000094));
#7911=CARTESIAN_POINT('',(-0.850000000000295,0.068,0.42500000000037));
#7912=CARTESIAN_POINT('',(-0.850000000000295,0.,0.42500000000037));
#7913=CARTESIAN_POINT('',(-0.850000000000239,0.,0.50000000000025));
#7914=CARTESIAN_POINT('',(-0.850000000000239,0.068,0.50000000000025));
#7915=CARTESIAN_POINT('',(-0.850000000000239,0.068,0.50000000000025));
#7916=CARTESIAN_POINT('',(-0.850000000000295,0.068,0.42500000000037));
#7917=CARTESIAN_POINT('',(1.11022302462516E-13,0.068,0.50000000000025));
#7918=CARTESIAN_POINT('',(1.11022302462516E-13,0.,0.50000000000025));
#7919=CARTESIAN_POINT('',(0.849999999999573,0.,0.50000000000025));
#7920=CARTESIAN_POINT('',(0.849999999999573,0.068,0.50000000000025));
#7921=CARTESIAN_POINT('',(0.849999999999573,0.068,0.50000000000025));
#7922=CARTESIAN_POINT('',(-0.850000000000239,0.068,0.50000000000025));
#7923=CARTESIAN_POINT('',(0.849999999999573,0.068,0.425000000000425));
#7924=CARTESIAN_POINT('',(0.849999999999573,0.,0.425000000000425));
#7925=CARTESIAN_POINT('',(0.924999999999399,0.,0.425000000000397));
#7926=CARTESIAN_POINT('',(0.924999999999399,0.068,0.425000000000397));
#7927=CARTESIAN_POINT('',(0.924999999999399,0.068,0.425000000000397));
#7928=CARTESIAN_POINT('',(0.849999999999573,0.068,0.425000000000425));
#7929=CARTESIAN_POINT('',(0.924999999999399,0.068,0.425000000000397));
#7930=CARTESIAN_POINT('',(0.924999999999399,0.,0.425000000000397));
#7931=CARTESIAN_POINT('',(0.924999999999399,0.,0.150000000000539));
#7932=CARTESIAN_POINT('',(0.924999999999399,0.068,0.150000000000539));
#7933=CARTESIAN_POINT('',(0.924999999999399,0.068,0.150000000000539));
#7934=CARTESIAN_POINT('',(0.924999999999399,0.068,0.425000000000397));
#7935=CARTESIAN_POINT('',(0.99999999999989,0.068,0.150000000000539));
#7936=CARTESIAN_POINT('',(0.99999999999989,0.,0.150000000000539));
#7937=CARTESIAN_POINT('',(0.99999999999989,0.068,0.150000000000539));
#7938=CARTESIAN_POINT('',(0.99999999999989,0.068,-0.150000000000095));
#7939=CARTESIAN_POINT('',(0.,0.,0.));
#7940=CARTESIAN_POINT('',(-0.499999999999889,0.152,-0.700000000000034));
#7941=CARTESIAN_POINT('',(-0.499999999999889,0.068,-0.899999999999873));
#7942=CARTESIAN_POINT('',(-0.499999999999889,0.068,-0.899999999999873));
#7943=CARTESIAN_POINT('',(-0.499999999999889,0.068,-0.700000000000034));
#7944=CARTESIAN_POINT('',(-0.499999999999889,0.068,-0.899999999999873));
#7945=CARTESIAN_POINT('',(-0.499999999999889,0.,-0.899999999999873));
#7946=CARTESIAN_POINT('',(-0.499999999999889,0.,-0.700000000000034));
#7947=CARTESIAN_POINT('',(-0.499999999999889,0.,-1.00000000000022));
#7948=CARTESIAN_POINT('',(-0.499999999999889,0.152,-1.00000000000022));
#7949=CARTESIAN_POINT('',(-0.499999999999889,0.152,-1.00000000000022));
#7950=CARTESIAN_POINT('',(-0.499999999999889,0.152,-1.00000000000022));
#7951=CARTESIAN_POINT('',(-0.499999999999889,0.152,-0.700000000000034));
#7952=CARTESIAN_POINT('',(-0.499999999999889,0.152,-0.700000000000034));
#7953=CARTESIAN_POINT('',(-0.499999999999889,0.152,-0.700000000000034));
#7954=CARTESIAN_POINT('',(-0.499999999999889,0.,-0.700000000000034));
#7955=CARTESIAN_POINT('',(-0.424999999999787,0.,-0.700000000000062));
#7956=CARTESIAN_POINT('',(-0.874999999999904,0.,-0.700000000000034));
#7957=CARTESIAN_POINT('',(-0.424999999999787,0.068,-0.700000000000062));
#7958=CARTESIAN_POINT('',(-0.424999999999787,0.068,-0.700000000000062));
#7959=CARTESIAN_POINT('',(-0.424999999999787,0.068,-0.700000000000062));
#7960=CARTESIAN_POINT('',(-0.499999999999889,0.152,-0.700000000000034));
#7961=CARTESIAN_POINT('',(-0.800000000000078,0.152,-0.700000000000034));
#7962=CARTESIAN_POINT('',(-0.800000000000078,0.152,-0.700000000000034));
#7963=CARTESIAN_POINT('',(-0.800000000000078,0.068,-0.700000000000034));
#7964=CARTESIAN_POINT('',(-0.799999999999135,0.068,-0.700000000000034));
#7965=CARTESIAN_POINT('',(-0.874999999999904,0.068,-0.700000000000034));
#7966=CARTESIAN_POINT('',(-0.874999999999904,0.068,-0.700000000000034));
#7967=CARTESIAN_POINT('',(-0.800000000000078,0.152,-0.899999999999873));
#7968=CARTESIAN_POINT('',(-0.800000000000078,0.068,-0.899999999999873));
#7969=CARTESIAN_POINT('',(-0.800000000000078,0.068,-0.899999999999873));
#7970=CARTESIAN_POINT('',(-0.800000000000078,0.,-0.899999999999873));
#7971=CARTESIAN_POINT('',(-0.799999999999135,0.068,-0.700000000000034));
#7972=CARTESIAN_POINT('',(-0.800000000000078,0.152,-0.899999999999873));
#7973=CARTESIAN_POINT('',(-0.800000000000078,0.152,-1.00000000000022));
#7974=CARTESIAN_POINT('',(-0.800000000000078,0.152,-1.00000000000022));
#7975=CARTESIAN_POINT('',(-0.800000000000078,0.,-1.00000000000022));
#7976=CARTESIAN_POINT('',(-0.800000000000078,0.,-0.899999999999873));
#7977=CARTESIAN_POINT('',(-0.800000000000078,0.152,-1.00000000000022));
#7978=CARTESIAN_POINT('',(-0.730000000000341,0.068,-1.00000000000022));
#7979=CARTESIAN_POINT('',(-0.730000000000342,0.068,-1.00000000000022));
#7980=CARTESIAN_POINT('',(-0.730000000000341,0.152,-1.00000000000022));
#7981=CARTESIAN_POINT('',(-0.800000000000078,0.068,-1.00000000000022));
#7982=CARTESIAN_POINT('',(-0.570000000000515,0.068,-1.00000000000022));
#7983=CARTESIAN_POINT('',(-0.570000000000515,0.068,-1.00000000000022));
#7984=CARTESIAN_POINT('',(-0.570000000000515,0.152,-1.00000000000022));
#7985=CARTESIAN_POINT('',(-0.570000000000515,0.152,-1.00000000000022));
#7986=CARTESIAN_POINT('',(-0.800000000000078,0.,-1.00000000000022));
#7987=CARTESIAN_POINT('',(-0.570000000000515,0.152,-1.00000000000022));
#7988=CARTESIAN_POINT('',(0.,0.152,0.));
#7989=CARTESIAN_POINT('',(-0.650000000000428,0.152,-0.879999999999881));
#7990=CARTESIAN_POINT('',(-0.730000000000341,0.152,-0.879999999999887));
#7991=CARTESIAN_POINT('',(-0.570000000000515,0.152,-0.879999999999875));
#7992=CARTESIAN_POINT('',(-0.730000000000341,0.152,-1.00000000000022));
#7993=CARTESIAN_POINT('',(-0.570000000000515,0.152,-1.00000000000022));
#7994=CARTESIAN_POINT('',(0.,0.,0.));
#7995=CARTESIAN_POINT('',(-0.499999999999889,0.,-0.899999999999873));
#7996=CARTESIAN_POINT('',(-0.374999999999903,0.,-0.899999999999873));
#7997=CARTESIAN_POINT('',(-0.374999999999903,0.,-0.899999999999873));
#7998=CARTESIAN_POINT('',(-0.374999999999903,0.,-0.749999999999945));
#7999=CARTESIAN_POINT('',(-0.424999999999787,0.,-0.749999999999945));
#8000=CARTESIAN_POINT('',(-0.875000000000181,0.,-0.749999999999945));
#8001=CARTESIAN_POINT('',(-0.925000000000092,0.,-0.749999999999945));
#8002=CARTESIAN_POINT('',(-0.925000000000092,0.,-0.749999999999945));
#8003=CARTESIAN_POINT('',(-0.925000000000065,0.,-0.899999999999873));
#8004=CARTESIAN_POINT('',(-0.925000000000065,0.,-0.899999999999873));
#8005=CARTESIAN_POINT('',(-0.499999999999889,0.068,-0.899999999999873));
#8006=CARTESIAN_POINT('',(-0.499999999999889,0.068,-0.899999999999873));
#8007=CARTESIAN_POINT('',(-0.374999999999903,0.068,-0.899999999999873));
#8008=CARTESIAN_POINT('',(-0.374999999999903,0.068,-0.899999999999873));
#8009=CARTESIAN_POINT('',(-0.424999999999787,0.068,-0.749999999999945));
#8010=CARTESIAN_POINT('',(-0.374999999999903,0.068,-0.749999999999945));
#8011=CARTESIAN_POINT('',(-0.374999999999903,0.068,-0.749999999999945));
#8012=CARTESIAN_POINT('',(-0.424999999999787,0.068,-0.749999999999945));
#8013=CARTESIAN_POINT('',(-0.374999999999903,0.068,-0.899999999999873));
#8014=CARTESIAN_POINT('',(-0.374999999999903,0.068,-0.899999999999873));
#8015=CARTESIAN_POINT('',(-0.424999999999787,0.068,-0.749999999999945));
#8016=CARTESIAN_POINT('',(-0.925000000000065,0.068,-0.899999999999873));
#8017=CARTESIAN_POINT('',(-0.925000000000065,0.068,-0.899999999999873));
#8018=CARTESIAN_POINT('',(-0.925000000000065,0.068,-0.899999999999873));
#8019=CARTESIAN_POINT('',(-0.925000000000065,0.068,-0.899999999999873));
#8020=CARTESIAN_POINT('',(-0.925000000000092,0.068,-0.749999999999945));
#8021=CARTESIAN_POINT('',(-0.925000000000092,0.068,-0.749999999999945));
#8022=CARTESIAN_POINT('',(-0.925000000000092,0.068,-0.749999999999945));
#8023=CARTESIAN_POINT('',(-0.925000000000092,0.068,-0.749999999999945));
#8024=CARTESIAN_POINT('',(-0.875000000000181,0.068,-0.749999999999945));
#8025=CARTESIAN_POINT('',(-0.875000000000181,0.068,-0.749999999999945));
#8026=CARTESIAN_POINT('',(-0.875000000000181,0.068,-0.749999999999945));
#8027=CARTESIAN_POINT('',(-0.650000000000428,0.068,-1.00000000000022));
#8028=CARTESIAN_POINT('',(-0.730000000000341,0.068,-1.00000000000022));
#8029=CARTESIAN_POINT('',(-0.730000000000341,0.068,-0.879999999999887));
#8030=CARTESIAN_POINT('',(-0.650000000000428,0.068,-0.879999999999881));
#8031=CARTESIAN_POINT('',(-0.570000000000515,0.068,-0.879999999999875));
#8032=CARTESIAN_POINT('',(-0.570000000000515,0.068,-1.00000000000022));
#8033=CARTESIAN_POINT('',(-0.730000000000341,0.068,-1.00000000000022));
#8034=CARTESIAN_POINT('',(-0.730000000000341,0.068,-0.879999999999887));
#8035=CARTESIAN_POINT('',(-0.650000000000428,0.068,-0.879999999999881));
#8036=CARTESIAN_POINT('',(-0.570000000000515,0.068,-0.879999999999875));
#8037=CARTESIAN_POINT('',(-0.570000000000515,0.068,-1.00000000000022));
#8038=CARTESIAN_POINT('',(-0.800000000000078,0.152,0.900000000000317));
#8039=CARTESIAN_POINT('',(-0.800000000000078,0.068,0.700000000000478));
#8040=CARTESIAN_POINT('',(-0.800000000000078,0.068,0.900000000000317));
#8041=CARTESIAN_POINT('',(-0.800000000000078,0.068,0.700000000000478));
#8042=CARTESIAN_POINT('',(-0.800000000000078,0.068,0.900000000000317));
#8043=CARTESIAN_POINT('',(-0.800000000000078,0.,0.900000000000317));
#8044=CARTESIAN_POINT('',(-0.800000000000078,0.,0.900000000000317));
#8045=CARTESIAN_POINT('',(-0.800000000000078,0.,1.00000000000022));
#8046=CARTESIAN_POINT('',(-0.800000000000078,0.152,1.00000000000022));
#8047=CARTESIAN_POINT('',(-0.800000000000078,0.152,1.00000000000022));
#8048=CARTESIAN_POINT('',(-0.800000000000078,0.152,0.900000000000317));
#8049=CARTESIAN_POINT('',(-0.800000000000078,0.152,0.700000000000506));
#8050=CARTESIAN_POINT('',(-0.800000000000078,0.152,0.700000000000506));
#8051=CARTESIAN_POINT('',(-0.499999999999889,0.152,0.700000000000506));
#8052=CARTESIAN_POINT('',(-0.499999999999889,0.068,0.900000000000317));
#8053=CARTESIAN_POINT('',(-0.499999999999889,0.068,0.900000000000317));
#8054=CARTESIAN_POINT('',(-0.499999999999889,0.,0.900000000000317));
#8055=CARTESIAN_POINT('',(-0.499999999999889,0.068,0.900000000000317));
#8056=CARTESIAN_POINT('',(-0.499999999999889,0.068,0.700000000000506));
#8057=CARTESIAN_POINT('',(-0.499999999999889,0.152,0.700000000000506));
#8058=CARTESIAN_POINT('',(-0.499999999999889,0.152,0.700000000000506));
#8059=CARTESIAN_POINT('',(-0.499999999999889,0.152,1.00000000000022));
#8060=CARTESIAN_POINT('',(-0.499999999999889,0.152,1.00000000000022));
#8061=CARTESIAN_POINT('',(-0.499999999999889,0.152,1.00000000000022));
#8062=CARTESIAN_POINT('',(-0.499999999999889,0.,1.00000000000022));
#8063=CARTESIAN_POINT('',(-0.499999999999889,0.,0.700000000000506));
#8064=CARTESIAN_POINT('',(-0.570000000000515,0.152,1.00000000000022));
#8065=CARTESIAN_POINT('',(-0.730000000000341,0.068,1.00000000000022));
#8066=CARTESIAN_POINT('',(-0.570000000000515,0.068,1.00000000000022));
#8067=CARTESIAN_POINT('',(-0.730000000000341,0.068,1.00000000000022));
#8068=CARTESIAN_POINT('',(-0.730000000000341,0.068,1.00000000000022));
#8069=CARTESIAN_POINT('',(-0.730000000000341,0.152,1.00000000000022));
#8070=CARTESIAN_POINT('',(-0.730000000000341,0.152,1.00000000000022));
#8071=CARTESIAN_POINT('',(-0.570000000000515,0.,1.00000000000022));
#8072=CARTESIAN_POINT('',(-0.730000000000341,0.152,1.00000000000022));
#8073=CARTESIAN_POINT('',(-0.570000000000515,0.152,1.00000000000022));
#8074=CARTESIAN_POINT('',(-0.570000000000515,0.068,1.00000000000022));
#8075=CARTESIAN_POINT('',(-0.499999999999889,0.152,0.700000000000506));
#8076=CARTESIAN_POINT('',(-0.499999999999889,0.,0.700000000000506));
#8077=CARTESIAN_POINT('',(-0.424999999999787,0.,0.70000000000045));
#8078=CARTESIAN_POINT('',(-0.874999999999904,0.,0.700000000000478));
#8079=CARTESIAN_POINT('',(-0.874999999999904,0.068,0.700000000000478));
#8080=CARTESIAN_POINT('',(-0.874999999999904,0.068,0.700000000000478));
#8081=CARTESIAN_POINT('',(-0.800000000000078,0.068,0.700000000000478));
#8082=CARTESIAN_POINT('',(-0.499999999999889,0.152,0.700000000000506));
#8083=CARTESIAN_POINT('',(-0.424999999999787,0.068,0.70000000000045));
#8084=CARTESIAN_POINT('',(-0.424999999999787,0.068,0.70000000000045));
#8085=CARTESIAN_POINT('',(-0.424999999999787,0.068,0.70000000000045));
#8086=CARTESIAN_POINT('',(0.,0.152,0.));
#8087=CARTESIAN_POINT('',(-0.650000000000428,0.152,0.880000000000325));
#8088=CARTESIAN_POINT('',(-0.730000000000341,0.152,0.880000000000319));
#8089=CARTESIAN_POINT('',(-0.570000000000515,0.152,0.880000000000331));
#8090=CARTESIAN_POINT('',(-0.570000000000515,0.152,1.00000000000022));
#8091=CARTESIAN_POINT('',(-0.730000000000341,0.152,1.00000000000022));
#8092=CARTESIAN_POINT('',(0.,0.,0.));
#8093=CARTESIAN_POINT('',(-0.925000000000065,0.,0.900000000000317));
#8094=CARTESIAN_POINT('',(-0.925000000000065,0.,0.900000000000317));
#8095=CARTESIAN_POINT('',(-0.925000000000148,0.,0.750000000000445));
#8096=CARTESIAN_POINT('',(-0.925000000000148,0.,0.750000000000445));
#8097=CARTESIAN_POINT('',(-0.875000000000181,0.,0.750000000000445));
#8098=CARTESIAN_POINT('',(-0.424999999999787,0.,0.750000000000334));
#8099=CARTESIAN_POINT('',(-0.374999999999903,0.,0.750000000000223));
#8100=CARTESIAN_POINT('',(-0.374999999999903,0.,0.900000000000317));
#8101=CARTESIAN_POINT('',(-0.374999999999903,0.,0.900000000000317));
#8102=CARTESIAN_POINT('',(-0.499999999999889,0.,0.900000000000317));
#8103=CARTESIAN_POINT('',(-0.499999999999889,0.068,0.900000000000317));
#8104=CARTESIAN_POINT('',(-0.374999999999903,0.068,0.900000000000317));
#8105=CARTESIAN_POINT('',(-0.374999999999903,0.068,0.900000000000317));
#8106=CARTESIAN_POINT('',(-0.499999999999889,0.068,0.900000000000317));
#8107=CARTESIAN_POINT('',(-0.374999999999903,0.068,0.900000000000317));
#8108=CARTESIAN_POINT('',(-0.374999999999903,0.068,0.750000000000223));
#8109=CARTESIAN_POINT('',(-0.374999999999903,0.068,0.750000000000223));
#8110=CARTESIAN_POINT('',(-0.374999999999903,0.068,0.900000000000317));
#8111=CARTESIAN_POINT('',(-0.424999999999787,0.068,0.750000000000334));
#8112=CARTESIAN_POINT('',(-0.424999999999787,0.068,0.750000000000334));
#8113=CARTESIAN_POINT('',(-0.424999999999787,0.068,0.750000000000334));
#8114=CARTESIAN_POINT('',(-0.875000000000181,0.068,0.750000000000445));
#8115=CARTESIAN_POINT('',(-0.925000000000148,0.068,0.750000000000445));
#8116=CARTESIAN_POINT('',(-0.925000000000148,0.068,0.750000000000445));
#8117=CARTESIAN_POINT('',(-0.875000000000181,0.068,0.750000000000445));
#8118=CARTESIAN_POINT('',(-0.925000000000148,0.068,0.750000000000445));
#8119=CARTESIAN_POINT('',(-0.925000000000065,0.068,0.900000000000317));
#8120=CARTESIAN_POINT('',(-0.925000000000065,0.068,0.900000000000317));
#8121=CARTESIAN_POINT('',(-0.925000000000148,0.068,0.750000000000445));
#8122=CARTESIAN_POINT('',(-0.925000000000065,0.068,0.900000000000317));
#8123=CARTESIAN_POINT('',(-0.925000000000065,0.068,0.900000000000317));
#8124=CARTESIAN_POINT('',(-0.875000000000181,0.068,0.750000000000445));
#8125=CARTESIAN_POINT('',(-0.730000000000341,0.068,1.00000000000022));
#8126=CARTESIAN_POINT('',(-0.730000000000341,0.068,1.00000000000022));
#8127=CARTESIAN_POINT('',(-0.730000000000341,0.068,0.880000000000319));
#8128=CARTESIAN_POINT('',(-0.730000000000341,0.068,0.880000000000319));
#8129=CARTESIAN_POINT('',(-0.650000000000428,0.068,0.880000000000325));
#8130=CARTESIAN_POINT('',(-0.650000000000428,0.068,0.880000000000325));
#8131=CARTESIAN_POINT('',(-0.570000000000515,0.068,0.880000000000331));
#8132=CARTESIAN_POINT('',(-0.570000000000515,0.068,0.880000000000331));
#8133=CARTESIAN_POINT('',(-0.570000000000515,0.068,1.00000000000022));
#8134=CARTESIAN_POINT('',(-0.570000000000515,0.068,1.00000000000022));
#8135=CARTESIAN_POINT('',(-0.650000000000428,0.068,0.880000000000325));
#8136=CARTESIAN_POINT('',(1.10805462028019E-13,0.598,-1.70355266351785E-13));
#8137=MECHANICAL_DESIGN_GEOMETRIC_PRESENTATION_REPRESENTATION('',(#4518,
#4519,#4520,#4521,#4522,#4523,#4524,#4525,#4526,#4527,#4528,#4529,#4530,
#4531,#4532,#4533,#4534,#4535,#4536,#4537,#4538,#4539,#4540,#4541,#4542,
#4543,#4544,#4545,#4546,#4547,#4548,#4549,#4550,#4551,#4552,#4553,#4554,
#4555,#4556,#4557,#4558,#4559,#4560,#4561,#4562,#4563,#4564,#4565,#4566,
#4567,#4568,#4569,#4570,#4571,#4572,#4573,#4574,#4575,#4576,#4577,#4578,
#4579,#4580,#4581,#4582,#4583,#4584,#4585,#4586,#4587,#4588,#4589,#4590,
#4591,#4592,#4593,#4594,#4595,#4596,#4597,#4598,#4599,#4600,#4601,#4602,
#4603,#4604,#4605,#4606,#4607,#4608,#4609,#4610,#4611,#4612,#4613,#4614,
#4615,#4616,#4617,#4618,#4619,#4620,#4621,#4622,#4623,#4624,#4625,#4626,
#4627),#8138);
#8138=(
GEOMETRIC_REPRESENTATION_CONTEXT(3)
GLOBAL_UNCERTAINTY_ASSIGNED_CONTEXT((#8141))
GLOBAL_UNIT_ASSIGNED_CONTEXT((#8146,#8145,#8144))
REPRESENTATION_CONTEXT('DFN2020D-6','TOP_LEVEL_ASSEMBLY_PART')
);
#8139=(
GEOMETRIC_REPRESENTATION_CONTEXT(3)
GLOBAL_UNCERTAINTY_ASSIGNED_CONTEXT((#8142))
GLOBAL_UNIT_ASSIGNED_CONTEXT((#8146,#8145,#8144))
REPRESENTATION_CONTEXT('Compound','COMPONENT_PART')
);
#8140=(
GEOMETRIC_REPRESENTATION_CONTEXT(3)
GLOBAL_UNCERTAINTY_ASSIGNED_CONTEXT((#8143))
GLOBAL_UNIT_ASSIGNED_CONTEXT((#8146,#8145,#8144))
REPRESENTATION_CONTEXT('LDF','COMPONENT_PART')
);
#8141=UNCERTAINTY_MEASURE_WITH_UNIT(LENGTH_MEASURE(0.005),#8146,
'DISTANCE_ACCURACY_VALUE','Maximum Tolerance applied to model');
#8142=UNCERTAINTY_MEASURE_WITH_UNIT(LENGTH_MEASURE(0.005),#8146,
'DISTANCE_ACCURACY_VALUE','Maximum Tolerance applied to model');
#8143=UNCERTAINTY_MEASURE_WITH_UNIT(LENGTH_MEASURE(0.005),#8146,
'DISTANCE_ACCURACY_VALUE','Maximum Tolerance applied to model');
#8144=(
NAMED_UNIT(*)
SI_UNIT($,.STERADIAN.)
SOLID_ANGLE_UNIT()
);
#8145=(
NAMED_UNIT(*)
PLANE_ANGLE_UNIT()
SI_UNIT($,.RADIAN.)
);
#8146=(
LENGTH_UNIT()
NAMED_UNIT(*)
SI_UNIT(.MILLI.,.METRE.)
);
#8147=PRODUCT_DEFINITION_SHAPE('','',#8152);
#8148=PRODUCT_DEFINITION_SHAPE('','',#8153);
#8149=PRODUCT_DEFINITION_SHAPE(' ','NAUO PRDDFN',#20);
#8150=PRODUCT_DEFINITION_SHAPE('','',#8154);
#8151=PRODUCT_DEFINITION_SHAPE(' ','NAUO PRDDFN',#21);
#8152=PRODUCT_DEFINITION('','',#8158,#8155);
#8153=PRODUCT_DEFINITION('','',#8159,#8156);
#8154=PRODUCT_DEFINITION('','',#8160,#8157);
#8155=PRODUCT_DEFINITION_CONTEXT('',#8174,'design');
#8156=PRODUCT_DEFINITION_CONTEXT('',#8174,'design');
#8157=PRODUCT_DEFINITION_CONTEXT('',#8174,'design');
#8158=PRODUCT_DEFINITION_FORMATION_WITH_SPECIFIED_SOURCE('','',#8164,
 .NOT_KNOWN.);
#8159=PRODUCT_DEFINITION_FORMATION_WITH_SPECIFIED_SOURCE('','',#8165,
 .NOT_KNOWN.);
#8160=PRODUCT_DEFINITION_FORMATION_WITH_SPECIFIED_SOURCE('','',#8166,
 .NOT_KNOWN.);
#8161=PRODUCT_RELATED_PRODUCT_CATEGORY('','',(#8164));
#8162=PRODUCT_RELATED_PRODUCT_CATEGORY('','',(#8165));
#8163=PRODUCT_RELATED_PRODUCT_CATEGORY('','',(#8166));
#8164=PRODUCT('DFN2020D-6','DFN2020D-6','DFN2020D-6',(#8170));
#8165=PRODUCT('Compound','Compound','Compound',(#8171));
#8166=PRODUCT('LDF','LDF','LDF',(#8172));
#8167=PRODUCT_CATEGORY('','');
#8168=PRODUCT_CATEGORY('','');
#8169=PRODUCT_CATEGORY('','');
#8170=PRODUCT_CONTEXT('',#8174,'mechanical');
#8171=PRODUCT_CONTEXT('',#8174,'mechanical');
#8172=PRODUCT_CONTEXT('',#8174,'mechanical');
#8173=APPLICATION_PROTOCOL_DEFINITION('international standard',
'automotive_design',2010,#8174);
#8174=APPLICATION_CONTEXT(
'core data for automotive mechanical design processes');
ENDSEC;
END-ISO-10303-21;
