status,symbol,manufacturer,mpn,series,capacitance,rated_voltage,footprint,model,datasheet,dimensions_mm,drill_mm,pad_diameter_mm,lead_geometry_source,source_rows
generated,100uF_450V_107LBA450M2BE,Cornell Dubilier Knowles,107LBA450M2BE,LBA,100uF,450V,CP_Radial_D22.0mm_L37.0mm_P10.0mm_SnapIn,CP_Radial_D22.0mm_L37.0mm_P10.0mm_SnapIn.wrl,${PL_SYMBOL_DIR}/PL Capacitor Electrolytic/Datasheets/LBA.pdf,D22.0xL37.0;P10.0,2.0,4.0,kicad-standard-2pin-snapin,1
generated,180uF_450V_187LMB450M2CF,Cornell Dubilier Knowles,187LMB450M2CF,LMB,180uF,450V,CP_Radial_D25.0mm_L42.0mm_P10.0mm_SnapIn,CP_Radial_D25.0mm_L42.0mm_P10.0mm_SnapIn.wrl,${PL_SYMBOL_DIR}/PL Capacitor Electrolytic/Datasheets/LMB.pdf,D25.0xL42.0;P10.0,2.0,4.0,kicad-standard-2pin-snapin,1
generated,220uF_450V_227LMB450M2DE,Cornell Dubilier Knowles,227LMB450M2DE,LMB,220uF,450V,CP_Radial_D30.0mm_L37.0mm_P10.0mm_SnapIn,CP_Radial_D30.0mm_L37.0mm_P10.0mm_SnapIn.wrl,${PL_SYMBOL_DIR}/PL Capacitor Electrolytic/Datasheets/LMB.pdf,D30.0xL37.0;P10.0,2.0,4.0,kicad-standard-2pin-snapin,1
generated,220uF_450V_227LMX450M2CG,Cornell Dubilier Knowles,227LMX450M2CG,LMX,220uF,450V,CP_Radial_D25.0mm_L47.0mm_P10.0mm_SnapIn,CP_Radial_D25.0mm_L47.0mm_P10.0mm_SnapIn.wrl,https://www.cde.com/resources/catalogs/LMX.pdf,D25.0xL47.0;P10.0,2.0,4.0,kicad-standard-2pin-snapin,1
generated,330uF_450V_337LMB450M2EF,Cornell Dubilier Knowles,337LMB450M2EF,LMB,330uF,450V,CP_Radial_D35.0mm_L42.0mm_P10.0mm_SnapIn,CP_Radial_D35.0mm_L42.0mm_P10.0mm_SnapIn.wrl,${PL_SYMBOL_DIR}/PL Capacitor Electrolytic/Datasheets/LMB.pdf,D35.0xL42.0;P10.0,2.0,4.0,kicad-standard-2pin-snapin,1
generated,220uF_450V_380LQ221M450K022,Cornell Dubilier Knowles,380LQ221M450K022,380LQ,220uF,450V,CP_Radial_D30.0mm_L32.0mm_P10.0mm_SnapIn,CP_Radial_D30.0mm_L32.0mm_P10.0mm_SnapIn.wrl,${PL_SYMBOL_DIR}/PL Capacitor Electrolytic/Datasheets/380LQ.pdf,D30.0xL32.0;P10.0,2.0,4.0,kicad-standard-2pin-snapin,1
generated,330uF_450V_380LQ331M450A022,Cornell Dubilier Knowles,380LQ331M450A022,380LQ,330uF,450V,CP_Radial_D35.0mm_L32.0mm_P10.0mm_SnapIn,CP_Radial_D35.0mm_L32.0mm_P10.0mm_SnapIn.wrl,${PL_SYMBOL_DIR}/PL Capacitor Electrolytic/Datasheets/380LQ.pdf,D35.0xL32.0;P10.0,2.0,4.0,kicad-standard-2pin-snapin,1
generated,330uF_450V_380LQ331M450K042,Cornell Dubilier Knowles,380LQ331M450K042,380LQ,330uF,450V,CP_Radial_D30.0mm_L42.0mm_P10.0mm_SnapIn,CP_Radial_D30.0mm_L42.0mm_P10.0mm_SnapIn.wrl,${PL_SYMBOL_DIR}/PL Capacitor Electrolytic/Datasheets/380LQ.pdf,D30.0xL42.0;P10.0,2.0,4.0,kicad-standard-2pin-snapin,1
generated,390uF_450V_380LQ391M450A032,Cornell Dubilier Knowles,380LQ391M450A032,380LQ,390uF,450V,CP_Radial_D35.0mm_L37.0mm_P10.0mm_SnapIn,CP_Radial_D35.0mm_L37.0mm_P10.0mm_SnapIn.wrl,${PL_SYMBOL_DIR}/PL Capacitor Electrolytic/Datasheets/380LQ.pdf,D35.0xL37.0;P10.0,2.0,4.0,kicad-standard-2pin-snapin,1
generated,390uF_450V_380LQ391M450K042,Cornell Dubilier Knowles,380LQ391M450K042,380LQ,390uF,450V,CP_Radial_D30.0mm_L42.0mm_P10.0mm_SnapIn,CP_Radial_D30.0mm_L42.0mm_P10.0mm_SnapIn.wrl,${PL_SYMBOL_DIR}/PL Capacitor Electrolytic/Datasheets/380LQ.pdf,D30.0xL42.0;P10.0,2.0,4.0,kicad-standard-2pin-snapin,1
generated,470uF_450V_380LQ471M450K452,Cornell Dubilier Knowles,380LQ471M450K452,380LQ,470uF,450V,CP_Radial_D30.0mm_L47.0mm_P10.0mm_SnapIn,CP_Radial_D30.0mm_L47.0mm_P10.0mm_SnapIn.wrl,${PL_SYMBOL_DIR}/PL Capacitor Electrolytic/Datasheets/380LQ.pdf,D30.0xL47.0;P10.0,2.0,4.0,kicad-standard-2pin-snapin,1
generated,560uF_450V_380LQ561M450A452,Cornell Dubilier Knowles,380LQ561M450A452,380LQ,560uF,450V,CP_Radial_D35.0mm_L47.0mm_P10.0mm_SnapIn,CP_Radial_D35.0mm_L47.0mm_P10.0mm_SnapIn.wrl,${PL_SYMBOL_DIR}/PL Capacitor Electrolytic/Datasheets/380LQ.pdf,D35.0xL47.0;P10.0,2.0,4.0,kicad-standard-2pin-snapin,1
generated,560uF_450V_380LQ561M450K052,Cornell Dubilier Knowles,380LQ561M450K052,380LQ,560uF,450V,CP_Radial_D30.0mm_L52.0mm_P10.0mm_SnapIn,CP_Radial_D30.0mm_L52.0mm_P10.0mm_SnapIn.wrl,${PL_SYMBOL_DIR}/PL Capacitor Electrolytic/Datasheets/380LQ.pdf,D30.0xL52.0;P10.0,2.0,4.0,kicad-standard-2pin-snapin,1
generated,680uF_450V_380LQ681M450A052,Cornell Dubilier Knowles,380LQ681M450A052,380LQ,680uF,450V,CP_Radial_D35.0mm_L52.0mm_P10.0mm_SnapIn,CP_Radial_D35.0mm_L52.0mm_P10.0mm_SnapIn.wrl,${PL_SYMBOL_DIR}/PL Capacitor Electrolytic/Datasheets/380LQ.pdf,D35.0xL52.0;P10.0,2.0,4.0,kicad-standard-2pin-snapin,1
generated,470uF_450V_380LX471M450A052,Cornell Dubilier Knowles,380LX471M450A052,380LX,470uF,450V,CP_Radial_D35.0mm_L52.0mm_P10.0mm_SnapIn,CP_Radial_D35.0mm_L52.0mm_P10.0mm_SnapIn.wrl,${PL_SYMBOL_DIR}/PL Capacitor Electrolytic/Datasheets/381-383.pdf,D35.0xL52.0;P10.0,2.0,4.0,kicad-standard-2pin-snapin,1
generated,470uF_450V_380LX471M450A452,Cornell Dubilier Knowles,380LX471M450A452,380LX,470uF,450V,CP_Radial_D35.0mm_L47.0mm_P10.0mm_SnapIn,CP_Radial_D35.0mm_L47.0mm_P10.0mm_SnapIn.wrl,${PL_SYMBOL_DIR}/PL Capacitor Electrolytic/Datasheets/381-383.pdf,D35.0xL47.0;P10.0,2.0,4.0,kicad-standard-2pin-snapin,1
generated,100uF_450V_381LQ101M450H022,Cornell Dubilier Knowles,381LQ101M450H022,381LQ,100uF,450V,CP_Radial_D22.0mm_L32.0mm_P10.0mm_SnapIn,CP_Radial_D22.0mm_L32.0mm_P10.0mm_SnapIn.wrl,${PL_SYMBOL_DIR}/PL Capacitor Electrolytic/Datasheets/381LQ.pdf,D22.0xL32.0;P10.0,2.0,4.0,kicad-standard-2pin-snapin,1
generated,220uF_450V_381LQ221M450K022,Cornell Dubilier Knowles,381LQ221M450K022,381LQ,220uF,450V,CP_Radial_D30.0mm_L32.0mm_P10.0mm_SnapIn,CP_Radial_D30.0mm_L32.0mm_P10.0mm_SnapIn.wrl,${PL_SYMBOL_DIR}/PL Capacitor Electrolytic/Datasheets/381LQ.pdf,D30.0xL32.0;P10.0,2.0,4.0,kicad-standard-2pin-snapin,1
generated,270uF_450V_381LQ271M450K032,Cornell Dubilier Knowles,381LQ271M450K032,381LQ,270uF,450V,CP_Radial_D30.0mm_L37.0mm_P10.0mm_SnapIn,CP_Radial_D30.0mm_L37.0mm_P10.0mm_SnapIn.wrl,${PL_SYMBOL_DIR}/PL Capacitor Electrolytic/Datasheets/381LQ.pdf,D30.0xL37.0;P10.0,2.0,4.0,kicad-standard-2pin-snapin,1
generated,330uF_450V_381LQ331M450A032,Cornell Dubilier Knowles,381LQ331M450A032,381LQ,330uF,450V,CP_Radial_D35.0mm_L37.0mm_P10.0mm_SnapIn,CP_Radial_D35.0mm_L37.0mm_P10.0mm_SnapIn.wrl,${PL_SYMBOL_DIR}/PL Capacitor Electrolytic/Datasheets/381LQ.pdf,D35.0xL37.0;P10.0,2.0,4.0,kicad-standard-2pin-snapin,1
generated,330uF_450V_381LQ331M450K042,Cornell Dubilier Knowles,381LQ331M450K042,381LQ,330uF,450V,CP_Radial_D30.0mm_L42.0mm_P10.0mm_SnapIn,CP_Radial_D30.0mm_L42.0mm_P10.0mm_SnapIn.wrl,${PL_SYMBOL_DIR}/PL Capacitor Electrolytic/Datasheets/381LQ.pdf,D30.0xL42.0;P10.0,2.0,4.0,kicad-standard-2pin-snapin,1
generated,470uF_450V_381LQ471M450A452,Cornell Dubilier Knowles,381LQ471M450A452,381LQ,470uF,450V,CP_Radial_D35.0mm_L47.0mm_P10.0mm_SnapIn,CP_Radial_D35.0mm_L47.0mm_P10.0mm_SnapIn.wrl,${PL_SYMBOL_DIR}/PL Capacitor Electrolytic/Datasheets/381LQ.pdf,D35.0xL47.0;P10.0,2.0,4.0,kicad-standard-2pin-snapin,1
generated,100uF_450V_381LR101M450J022,Cornell Dubilier Knowles,381LR101M450J022,381LR,100uF,450V,CP_Radial_D25.0mm_L32.0mm_P10.0mm_SnapIn,CP_Radial_D25.0mm_L32.0mm_P10.0mm_SnapIn.wrl,${PL_SYMBOL_DIR}/PL Capacitor Electrolytic/Datasheets/381LR.pdf,D25.0xL32.0;P10.0,2.0,4.0,kicad-standard-2pin-snapin,1
generated,220uF_450V_381LR221M450K032,Cornell Dubilier Knowles,381LR221M450K032,381LR,220uF,450V,CP_Radial_D30.0mm_L37.0mm_P10.0mm_SnapIn,CP_Radial_D30.0mm_L37.0mm_P10.0mm_SnapIn.wrl,${PL_SYMBOL_DIR}/PL Capacitor Electrolytic/Datasheets/381LR.pdf,D30.0xL37.0;P10.0,2.0,4.0,kicad-standard-2pin-snapin,1
generated,270uF_450V_381LR271M450A032,Cornell Dubilier Knowles,381LR271M450A032,381LR,270uF,450V,CP_Radial_D35.0mm_L37.0mm_P10.0mm_SnapIn,CP_Radial_D35.0mm_L37.0mm_P10.0mm_SnapIn.wrl,${PL_SYMBOL_DIR}/PL Capacitor Electrolytic/Datasheets/381LR.pdf,D35.0xL37.0;P10.0,2.0,4.0,kicad-standard-2pin-snapin,1
generated,270uF_450V_381LR271M450K042,Cornell Dubilier Knowles,381LR271M450K042,381LR,270uF,450V,CP_Radial_D30.0mm_L42.0mm_P10.0mm_SnapIn,CP_Radial_D30.0mm_L42.0mm_P10.0mm_SnapIn.wrl,${PL_SYMBOL_DIR}/PL Capacitor Electrolytic/Datasheets/381LR.pdf,D30.0xL42.0;P10.0,2.0,4.0,kicad-standard-2pin-snapin,1
generated,390uF_450V_381LR391M450A042,Cornell Dubilier Knowles,381LR391M450A042,381LR,390uF,450V,CP_Radial_D35.0mm_L42.0mm_P10.0mm_SnapIn,CP_Radial_D35.0mm_L42.0mm_P10.0mm_SnapIn.wrl,${PL_SYMBOL_DIR}/PL Capacitor Electrolytic/Datasheets/381LR.pdf,D35.0xL42.0;P10.0,2.0,4.0,kicad-standard-2pin-snapin,1
generated,470uF_450V_381LR471M450A052,Cornell Dubilier Knowles,381LR471M450A052,381LR,470uF,450V,CP_Radial_D35.0mm_L52.0mm_P10.0mm_SnapIn,CP_Radial_D35.0mm_L52.0mm_P10.0mm_SnapIn.wrl,${PL_SYMBOL_DIR}/PL Capacitor Electrolytic/Datasheets/381LR.pdf,D35.0xL52.0;P10.0,2.0,4.0,kicad-standard-2pin-snapin,1
generated,100uF_450V_381LX101M450H022,Cornell Dubilier Knowles,381LX101M450H022,381LX,100uF,450V,CP_Radial_D22.0mm_L32.0mm_P10.0mm_SnapIn,CP_Radial_D22.0mm_L32.0mm_P10.0mm_SnapIn.wrl,${PL_SYMBOL_DIR}/PL Capacitor Electrolytic/Datasheets/381-383.pdf,D22.0xL32.0;P10.0,2.0,4.0,kicad-standard-2pin-snapin,1
generated,180uF_450V_381LX181M450K032,Cornell Dubilier Knowles,381LX181M450K032,381LX,180uF,450V,CP_Radial_D30.0mm_L37.0mm_P10.0mm_SnapIn,CP_Radial_D30.0mm_L37.0mm_P10.0mm_SnapIn.wrl,${PL_SYMBOL_DIR}/PL Capacitor Electrolytic/Datasheets/381-383.pdf,D30.0xL37.0;P10.0,2.0,4.0,kicad-standard-2pin-snapin,1
generated,270uF_450V_381LX271M450A032,Cornell Dubilier Knowles,381LX271M450A032,381LX,270uF,450V,CP_Radial_D35.0mm_L37.0mm_P10.0mm_SnapIn,CP_Radial_D35.0mm_L37.0mm_P10.0mm_SnapIn.wrl,${PL_SYMBOL_DIR}/PL Capacitor Electrolytic/Datasheets/381-383.pdf,D35.0xL37.0;P10.0,2.0,4.0,kicad-standard-2pin-snapin,1
generated,270uF_450V_381LX271M450K452,Cornell Dubilier Knowles,381LX271M450K452,381LX,270uF,450V,CP_Radial_D30.0mm_L47.0mm_P10.0mm_SnapIn,CP_Radial_D30.0mm_L47.0mm_P10.0mm_SnapIn.wrl,${PL_SYMBOL_DIR}/PL Capacitor Electrolytic/Datasheets/381-383.pdf,D30.0xL47.0;P10.0,2.0,4.0,kicad-standard-2pin-snapin,1
generated,270uF_450V_381LX271M450K452A,Cornell Dubilier Knowles,381LX271M450K452A,381LX,270uF,450V,CP_Radial_D30.0mm_L47.0mm_P10.0mm_SnapIn,CP_Radial_D30.0mm_L47.0mm_P10.0mm_SnapIn.wrl,${PL_SYMBOL_DIR}/PL Capacitor Electrolytic/Datasheets/381-383.pdf,D30.0xL47.0;P10.0,2.0,4.0,kicad-standard-2pin-snapin,1
generated,330uF_450V_381LX331M450A042,Cornell Dubilier Knowles,381LX331M450A042,381LX,330uF,450V,CP_Radial_D35.0mm_L42.0mm_P10.0mm_SnapIn,CP_Radial_D35.0mm_L42.0mm_P10.0mm_SnapIn.wrl,${PL_SYMBOL_DIR}/PL Capacitor Electrolytic/Datasheets/381-383.pdf,D35.0xL42.0;P10.0,2.0,4.0,kicad-standard-2pin-snapin,1
generated,330uF_450V_381LX331M450K052,Cornell Dubilier Knowles,381LX331M450K052,381LX,330uF,450V,CP_Radial_D30.0mm_L52.0mm_P10.0mm_SnapIn,CP_Radial_D30.0mm_L52.0mm_P10.0mm_SnapIn.wrl,${PL_SYMBOL_DIR}/PL Capacitor Electrolytic/Datasheets/381-383.pdf,D30.0xL52.0;P10.0,2.0,4.0,kicad-standard-2pin-snapin,1
generated,390uF_450V_381LX391M450A452,Cornell Dubilier Knowles,381LX391M450A452,381LX,390uF,450V,CP_Radial_D35.0mm_L47.0mm_P10.0mm_SnapIn,CP_Radial_D35.0mm_L47.0mm_P10.0mm_SnapIn.wrl,${PL_SYMBOL_DIR}/PL Capacitor Electrolytic/Datasheets/381-383.pdf,D35.0xL47.0;P10.0,2.0,4.0,kicad-standard-2pin-snapin,1
generated,470uF_450V_381LX471M450A052,Cornell Dubilier Knowles,381LX471M450A052,381LX,470uF,450V,CP_Radial_D35.0mm_L52.0mm_P10.0mm_SnapIn,CP_Radial_D35.0mm_L52.0mm_P10.0mm_SnapIn.wrl,${PL_SYMBOL_DIR}/PL Capacitor Electrolytic/Datasheets/381-383.pdf,D35.0xL52.0;P10.0,2.0,4.0,kicad-standard-2pin-snapin,1
generated,190uF_450V_450BHW190MSPA18X50,Rubycon,450BHW190MSPA18X50,BHW,190uF,450V,CP_Radial_D18.0mm_L52.0mm_P7.5mm,CP_Radial_D18.0mm_L52.0mm_P7.5mm.wrl,https://www.rubycon.co.jp/wp-content/uploads/catalog-aluminum/BHW.pdf,D18.0xL52.0;P7.5,1.0,1.8,kicad-standard-fallback,1
generated,100uF_450V_450BXW100MEFR16X40,Rubycon,450BXW100MEFR16X40,BXW,100uF,450V,CP_Radial_D16.0mm_L42.0mm_P7.5mm,CP_Radial_D16.0mm_L42.0mm_P7.5mm.wrl,${PL_SYMBOL_DIR}/PL Capacitor Electrolytic/Datasheets/BXW.pdf,D16.0xL42.0;P7.5,1.0,1.8,supplied-manufacturer-table,1
generated,100uF_450V_450BXW100MEFR18X30,Rubycon,450BXW100MEFR18X30,BXW,100uF,450V,CP_Radial_D18.0mm_L32.0mm_P7.5mm,CP_Radial_D18.0mm_L32.0mm_P7.5mm.wrl,${PL_SYMBOL_DIR}/PL Capacitor Electrolytic/Datasheets/BXW.pdf,D18.0xL32.0;P7.5,1.0,1.8,supplied-manufacturer-table,1
generated,100uF_450V_450BXW100MEFR18X35,Rubycon,450BXW100MEFR18X35,BXW,100uF,450V,CP_Radial_D18.0mm_L37.0mm_P7.5mm,CP_Radial_D18.0mm_L37.0mm_P7.5mm.wrl,${PL_SYMBOL_DIR}/PL Capacitor Electrolytic/Datasheets/BXW.pdf,D18.0xL37.0;P7.5,1.0,1.8,supplied-manufacturer-table,1
generated,120uF_450V_450BXW120MEFR18X35,Rubycon,450BXW120MEFR18X35,BXW,120uF,450V,CP_Radial_D18.0mm_L37.0mm_P7.5mm,CP_Radial_D18.0mm_L37.0mm_P7.5mm.wrl,${PL_SYMBOL_DIR}/PL Capacitor Electrolytic/Datasheets/BXW.pdf,D18.0xL37.0;P7.5,1.0,1.8,supplied-manufacturer-table,1
generated,150uF_450V_450BXW150MEFR18X45,Rubycon,450BXW150MEFR18X45,BXW,150uF,450V,CP_Radial_D18.0mm_L47.0mm_P7.5mm,CP_Radial_D18.0mm_L47.0mm_P7.5mm.wrl,${PL_SYMBOL_DIR}/PL Capacitor Electrolytic/Datasheets/BXW.pdf,D18.0xL47.0;P7.5,1.0,1.8,supplied-manufacturer-table,1
generated,150uF_450V_450BXW150MEFR18X50,Rubycon,450BXW150MEFR18X50,BXW,150uF,450V,CP_Radial_D18.0mm_L52.0mm_P7.5mm,CP_Radial_D18.0mm_L52.0mm_P7.5mm.wrl,${PL_SYMBOL_DIR}/PL Capacitor Electrolytic/Datasheets/BXW.pdf,D18.0xL52.0;P7.5,1.0,1.8,supplied-manufacturer-table,1
generated,180uF_450V_450BXW180MEFR18X50,Rubycon,450BXW180MEFR18X50,BXW,180uF,450V,CP_Radial_D18.0mm_L52.0mm_P7.5mm,CP_Radial_D18.0mm_L52.0mm_P7.5mm.wrl,${PL_SYMBOL_DIR}/PL Capacitor Electrolytic/Datasheets/BXW.pdf,D18.0xL52.0;P7.5,1.0,1.8,supplied-manufacturer-table,1
generated,100uF_450V_450CXW100MEFR16X35,Rubycon,450CXW100MEFR16X35,CXW,100uF,450V,CP_Radial_D16.0mm_L37.0mm_P7.5mm,CP_Radial_D16.0mm_L37.0mm_P7.5mm.wrl,${PL_SYMBOL_DIR}/PL Capacitor Electrolytic/Datasheets/CXW.pdf,D16.0xL37.0;P7.5,1.0,1.8,supplied-manufacturer-table,1
generated,220uF_450V_450CXW220MEFR18X50,Rubycon,450CXW220MEFR18X50,CXW,220uF,450V,CP_Radial_D18.0mm_L52.0mm_P7.5mm,CP_Radial_D18.0mm_L52.0mm_P7.5mm.wrl,${PL_SYMBOL_DIR}/PL Capacitor Electrolytic/Datasheets/CXW.pdf,D18.0xL52.0;P7.5,1.0,1.8,supplied-manufacturer-table,1
generated,470uF_450V_450GXK470MEFCSN25X60,Rubycon,450GXK470MEFCSN25X60,GXK,470uF,450V,CP_Radial_D25.0mm_L62.0mm_P10.0mm_SnapIn,CP_Radial_D25.0mm_L62.0mm_P10.0mm_SnapIn.wrl,https://www.rubycon.co.jp/wp-content/uploads/catalog-aluminum/GXK.pdf,D25.0xL62.0;P10.0,2.0,4.0,kicad-standard-2pin-snapin,1
generated,100uF_450V_450HXG100MEFCSN20X35,Rubycon,450HXG100MEFCSN20X35,HXG,100uF,450V,CP_Radial_D20.0mm_L37.0mm_P10.0mm_SnapIn,CP_Radial_D20.0mm_L37.0mm_P10.0mm_SnapIn.wrl,${PL_SYMBOL_DIR}/PL Capacitor Electrolytic/Datasheets/HXG.pdf,D20.0xL37.0;P10.0,2.0,4.0,kicad-standard-2pin-snapin,1
generated,180uF_450V_450HXG180MEFCSN22X45,Rubycon,450HXG180MEFCSN22X45,HXG,180uF,450V,CP_Radial_D22.0mm_L47.0mm_P10.0mm_SnapIn,CP_Radial_D22.0mm_L47.0mm_P10.0mm_SnapIn.wrl,${PL_SYMBOL_DIR}/PL Capacitor Electrolytic/Datasheets/HXG.pdf,D22.0xL47.0;P10.0,2.0,4.0,kicad-standard-2pin-snapin,1
generated,220uF_450V_450HXG220MEFCSN25X40,Rubycon,450HXG220MEFCSN25X40,HXG,220uF,450V,CP_Radial_D25.0mm_L42.0mm_P10.0mm_SnapIn,CP_Radial_D25.0mm_L42.0mm_P10.0mm_SnapIn.wrl,${PL_SYMBOL_DIR}/PL Capacitor Electrolytic/Datasheets/HXG.pdf,D25.0xL42.0;P10.0,2.0,4.0,kicad-standard-2pin-snapin,1
generated,100uF_450V_450HXW100MEFR12.5X50,Rubycon,450HXW100MEFR12.5X50,HXW,100uF,450V,CP_Radial_D12.5mm_L52.0mm_P5.0mm,CP_Radial_D12.5mm_L52.0mm_P5.0mm.wrl,${PL_SYMBOL_DIR}/PL Capacitor Electrolytic/Datasheets/HXW.pdf,D12.5xL52.0;P5.0,1.0,1.8,supplied-manufacturer-table,1
generated,100uF_450V_450HXW100MEFR14.5X40,Rubycon,450HXW100MEFR14.5X40,HXW,100uF,450V,CP_Radial_D14.5mm_L42.0mm_P7.5mm,CP_Radial_D14.5mm_L42.0mm_P7.5mm.wrl,${PL_SYMBOL_DIR}/PL Capacitor Electrolytic/Datasheets/HXW.pdf,D14.5xL42.0;P7.5,1.0,1.8,supplied-manufacturer-table,1
generated,100uF_450V_450HXW100MEFR18X25,Rubycon,450HXW100MEFR18X25,HXW,100uF,450V,CP_Radial_D18.0mm_L27.0mm_P7.5mm,CP_Radial_D18.0mm_L27.0mm_P7.5mm.wrl,${PL_SYMBOL_DIR}/PL Capacitor Electrolytic/Datasheets/HXW.pdf,D18.0xL27.0;P7.5,1.0,1.8,supplied-manufacturer-table,1
generated,120uF_450V_450HXW120MEFR14.5X45,Rubycon,450HXW120MEFR14.5X45,HXW,120uF,450V,CP_Radial_D14.5mm_L47.0mm_P7.5mm,CP_Radial_D14.5mm_L47.0mm_P7.5mm.wrl,${PL_SYMBOL_DIR}/PL Capacitor Electrolytic/Datasheets/HXW.pdf,D14.5xL47.0;P7.5,1.0,1.8,supplied-manufacturer-table,1
generated,120uF_450V_450HXW120MEFR14.5X50,Rubycon,450HXW120MEFR14.5X50,HXW,120uF,450V,CP_Radial_D14.5mm_L52.0mm_P7.5mm,CP_Radial_D14.5mm_L52.0mm_P7.5mm.wrl,${PL_SYMBOL_DIR}/PL Capacitor Electrolytic/Datasheets/HXW.pdf,D14.5xL52.0;P7.5,1.0,1.8,supplied-manufacturer-table,1
generated,150uF_450V_450HXW150MEFR16X40,Rubycon,450HXW150MEFR16X40,HXW,150uF,450V,CP_Radial_D16.0mm_L42.0mm_P7.5mm,CP_Radial_D16.0mm_L42.0mm_P7.5mm.wrl,${PL_SYMBOL_DIR}/PL Capacitor Electrolytic/Datasheets/HXW.pdf,D16.0xL42.0;P7.5,1.0,1.8,supplied-manufacturer-table,1
generated,220uF_450V_450HXW220MEFR18X45,Rubycon,450HXW220MEFR18X45,HXW,220uF,450V,CP_Radial_D18.0mm_L47.0mm_P7.5mm,CP_Radial_D18.0mm_L47.0mm_P7.5mm.wrl,${PL_SYMBOL_DIR}/PL Capacitor Electrolytic/Datasheets/HXW.pdf,D18.0xL47.0;P7.5,1.0,1.8,supplied-manufacturer-table,1
generated,100uF_450V_450LXW100MEFR16X35,Rubycon,450LXW100MEFR16X35,LXW,100uF,450V,CP_Radial_D16.0mm_L37.0mm_P7.5mm,CP_Radial_D16.0mm_L37.0mm_P7.5mm.wrl,${PL_SYMBOL_DIR}/PL Capacitor Electrolytic/Datasheets/LXW.pdf,D16.0xL37.0;P7.5,1.0,1.8,supplied-manufacturer-table,1
generated,120uF_450V_450LXW120MEFR14.5X45,Rubycon,450LXW120MEFR14.5X45,LXW,120uF,450V,CP_Radial_D14.5mm_L47.0mm_P7.5mm,CP_Radial_D14.5mm_L47.0mm_P7.5mm.wrl,${PL_SYMBOL_DIR}/PL Capacitor Electrolytic/Datasheets/LXW.pdf,D14.5xL47.0;P7.5,1.0,1.8,supplied-manufacturer-table,1
generated,120uF_450V_450LXW120MEFR18X30,Rubycon,450LXW120MEFR18X30,LXW,120uF,450V,CP_Radial_D18.0mm_L32.0mm_P7.5mm,CP_Radial_D18.0mm_L32.0mm_P7.5mm.wrl,${PL_SYMBOL_DIR}/PL Capacitor Electrolytic/Datasheets/LXW.pdf,D18.0xL32.0;P7.5,1.0,1.8,supplied-manufacturer-table,1
generated,150uF_450V_450LXW150MEFR16X45,Rubycon,450LXW150MEFR16X45,LXW,150uF,450V,CP_Radial_D16.0mm_L47.0mm_P7.5mm,CP_Radial_D16.0mm_L47.0mm_P7.5mm.wrl,${PL_SYMBOL_DIR}/PL Capacitor Electrolytic/Datasheets/LXW.pdf,D16.0xL47.0;P7.5,1.0,1.8,supplied-manufacturer-table,1
generated,150uF_450V_450LXW150MEFR18X35,Rubycon,450LXW150MEFR18X35,LXW,150uF,450V,CP_Radial_D18.0mm_L37.0mm_P7.5mm,CP_Radial_D18.0mm_L37.0mm_P7.5mm.wrl,${PL_SYMBOL_DIR}/PL Capacitor Electrolytic/Datasheets/LXW.pdf,D18.0xL37.0;P7.5,1.0,1.8,supplied-manufacturer-table,1
generated,220uF_450V_450LXW220MEFR18X50,Rubycon,450LXW220MEFR18X50,LXW,220uF,450V,CP_Radial_D18.0mm_L52.0mm_P7.5mm,CP_Radial_D18.0mm_L52.0mm_P7.5mm.wrl,${PL_SYMBOL_DIR}/PL Capacitor Electrolytic/Datasheets/LXW.pdf,D18.0xL52.0;P7.5,1.0,1.8,supplied-manufacturer-table,1
generated,270uF_450V_450MXG270MEFCSN25X45,Rubycon,450MXG270MEFCSN25X45,MXG,270uF,450V,CP_Radial_D25.0mm_L47.0mm_P10.0mm_SnapIn,CP_Radial_D25.0mm_L47.0mm_P10.0mm_SnapIn.wrl,${PL_SYMBOL_DIR}/PL Capacitor Electrolytic/Datasheets/MXG.pdf,D25.0xL47.0;P10.0,2.0,4.0,kicad-standard-2pin-snapin,1
generated,470uF_450V_450MXG470MEFCSN30X50,Rubycon,450MXG470MEFCSN30X50,MXG,470uF,450V,CP_Radial_D30.0mm_L52.0mm_P10.0mm_SnapIn,CP_Radial_D30.0mm_L52.0mm_P10.0mm_SnapIn.wrl,${PL_SYMBOL_DIR}/PL Capacitor Electrolytic/Datasheets/MXG.pdf,D30.0xL52.0;P10.0,2.0,4.0,kicad-standard-2pin-snapin,1
generated,120uF_450V_450MXH120MEFCSN22X30,Rubycon,450MXH120MEFCSN22X30,MXH,120uF,450V,CP_Radial_D22.0mm_L32.0mm_P10.0mm_SnapIn,CP_Radial_D22.0mm_L32.0mm_P10.0mm_SnapIn.wrl,https://www.rubycon.co.jp/wp-content/uploads/catalog-aluminum/MXH.pdf,D22.0xL32.0;P10.0,2.0,4.0,kicad-standard-2pin-snapin,1
generated,470uF_450V_450MXH470MEFCSN30X45,Rubycon,450MXH470MEFCSN30X45,MXH,470uF,450V,CP_Radial_D30.0mm_L47.0mm_P10.0mm_SnapIn,CP_Radial_D30.0mm_L47.0mm_P10.0mm_SnapIn.wrl,https://www.rubycon.co.jp/wp-content/uploads/catalog-aluminum/MXH.pdf,D30.0xL47.0;P10.0,2.0,4.0,kicad-standard-2pin-snapin,1
generated,150uF_450V_450MXK150MEFCSN22X30,Rubycon,450MXK150MEFCSN22X30,MXK,150uF,450V,CP_Radial_D22.0mm_L32.0mm_P10.0mm_SnapIn,CP_Radial_D22.0mm_L32.0mm_P10.0mm_SnapIn.wrl,${PL_SYMBOL_DIR}/PL Capacitor Electrolytic/Datasheets/MXK.pdf,D22.0xL32.0;P10.0,2.0,4.0,kicad-standard-2pin-snapin,1
generated,220uF_450V_450MXK220MEFCSN25X30,Rubycon,450MXK220MEFCSN25X30,MXK,220uF,450V,CP_Radial_D25.0mm_L32.0mm_P10.0mm_SnapIn,CP_Radial_D25.0mm_L32.0mm_P10.0mm_SnapIn.wrl,${PL_SYMBOL_DIR}/PL Capacitor Electrolytic/Datasheets/MXK.pdf,D25.0xL32.0;P10.0,2.0,4.0,kicad-standard-2pin-snapin,1
generated,330uF_450V_450MXK330MEFCSN35X25,Rubycon,450MXK330MEFCSN35X25,MXK,330uF,450V,CP_Radial_D35.0mm_L27.0mm_P10.0mm_SnapIn,CP_Radial_D35.0mm_L27.0mm_P10.0mm_SnapIn.wrl,${PL_SYMBOL_DIR}/PL Capacitor Electrolytic/Datasheets/MXK.pdf,D35.0xL27.0;P10.0,2.0,4.0,kicad-standard-2pin-snapin,1
generated,390uF_450V_450MXK390MEFCSN25X50,Rubycon,450MXK390MEFCSN25X50,MXK,390uF,450V,CP_Radial_D25.0mm_L52.0mm_P10.0mm_SnapIn,CP_Radial_D25.0mm_L52.0mm_P10.0mm_SnapIn.wrl,${PL_SYMBOL_DIR}/PL Capacitor Electrolytic/Datasheets/MXK.pdf,D25.0xL52.0;P10.0,2.0,4.0,kicad-standard-2pin-snapin,1
generated,470uF_450V_450MXK470MEFCSN25X55,Rubycon,450MXK470MEFCSN25X55,MXK,470uF,450V,CP_Radial_D25.0mm_L57.0mm_P10.0mm_SnapIn,CP_Radial_D25.0mm_L57.0mm_P10.0mm_SnapIn.wrl,${PL_SYMBOL_DIR}/PL Capacitor Electrolytic/Datasheets/MXK.pdf,D25.0xL57.0;P10.0,2.0,4.0,kicad-standard-2pin-snapin,1
generated,820uF_450V_450MXK820MEFCSN30X60,Rubycon,450MXK820MEFCSN30X60,MXK,820uF,450V,CP_Radial_D30.0mm_L62.0mm_P10.0mm_SnapIn,CP_Radial_D30.0mm_L62.0mm_P10.0mm_SnapIn.wrl,${PL_SYMBOL_DIR}/PL Capacitor Electrolytic/Datasheets/MXK.pdf,D30.0xL62.0;P10.0,2.0,4.0,kicad-standard-2pin-snapin,1
generated,820uF_450V_450MXK820MEFCSN35X50,Rubycon,450MXK820MEFCSN35X50,MXK,820uF,450V,CP_Radial_D35.0mm_L52.0mm_P10.0mm_SnapIn,CP_Radial_D35.0mm_L52.0mm_P10.0mm_SnapIn.wrl,${PL_SYMBOL_DIR}/PL Capacitor Electrolytic/Datasheets/MXK.pdf,D35.0xL52.0;P10.0,2.0,4.0,kicad-standard-2pin-snapin,1
generated,100uF_450V_450PK100MEFC18X40,Rubycon,450PK100MEFC18X40,PK,100uF,450V,CP_Radial_D18.0mm_L42.0mm_P7.5mm,CP_Radial_D18.0mm_L42.0mm_P7.5mm.wrl,https://www.rubycon.co.jp/wp-content/uploads/catalog-aluminum/PK.pdf,D18.0xL42.0;P7.5,1.0,1.8,kicad-standard-fallback,1
generated,180uF_450V_450QXW180MEFR18X45,Rubycon,450QXW180MEFR18X45,QXW,180uF,450V,CP_Radial_D18.0mm_L47.0mm_P7.5mm,CP_Radial_D18.0mm_L47.0mm_P7.5mm.wrl,${PL_SYMBOL_DIR}/PL Capacitor Electrolytic/Datasheets/QXW.pdf,D18.0xL47.0;P7.5,1.0,1.8,supplied-manufacturer-table,1
generated,150uF_450V_450VXH150MEFCSN22X35,Rubycon,450VXH150MEFCSN22X35,VXH,150uF,450V,CP_Radial_D22.0mm_L37.0mm_P10.0mm_SnapIn,CP_Radial_D22.0mm_L37.0mm_P10.0mm_SnapIn.wrl,${PL_SYMBOL_DIR}/PL Capacitor Electrolytic/Datasheets/VXH.pdf,D22.0xL37.0;P10.0,2.0,4.0,kicad-standard-2pin-snapin,1
generated,150uF_450V_450VXH150MEFCSN25X30,Rubycon,450VXH150MEFCSN25X30,VXH,150uF,450V,CP_Radial_D25.0mm_L32.0mm_P10.0mm_SnapIn,CP_Radial_D25.0mm_L32.0mm_P10.0mm_SnapIn.wrl,${PL_SYMBOL_DIR}/PL Capacitor Electrolytic/Datasheets/VXH.pdf,D25.0xL32.0;P10.0,2.0,4.0,kicad-standard-2pin-snapin,1
generated,180uF_450V_450VXH180MEFCSN25X30,Rubycon,450VXH180MEFCSN25X30,VXH,180uF,450V,CP_Radial_D25.0mm_L32.0mm_P10.0mm_SnapIn,CP_Radial_D25.0mm_L32.0mm_P10.0mm_SnapIn.wrl,${PL_SYMBOL_DIR}/PL Capacitor Electrolytic/Datasheets/VXH.pdf,D25.0xL32.0;P10.0,2.0,4.0,kicad-standard-2pin-snapin,1
generated,270uF_450V_450VXH270MEFCSN30X30,Rubycon,450VXH270MEFCSN30X30,VXH,270uF,450V,CP_Radial_D30.0mm_L32.0mm_P10.0mm_SnapIn,CP_Radial_D30.0mm_L32.0mm_P10.0mm_SnapIn.wrl,${PL_SYMBOL_DIR}/PL Capacitor Electrolytic/Datasheets/VXH.pdf,D30.0xL32.0;P10.0,2.0,4.0,kicad-standard-2pin-snapin,1
generated,330uF_450V_450VXH330MEFCSN30X40,Rubycon,450VXH330MEFCSN30X40,VXH,330uF,450V,CP_Radial_D30.0mm_L42.0mm_P10.0mm_SnapIn,CP_Radial_D30.0mm_L42.0mm_P10.0mm_SnapIn.wrl,${PL_SYMBOL_DIR}/PL Capacitor Electrolytic/Datasheets/VXH.pdf,D30.0xL42.0;P10.0,2.0,4.0,kicad-standard-2pin-snapin,1
generated,470uF_450V_477LBA450M2EH,Cornell Dubilier Knowles,477LBA450M2EH,LBA,470uF,450V,CP_Radial_D35.0mm_L51.5mm_P10.0mm_SnapIn,CP_Radial_D35.0mm_L51.5mm_P10.0mm_SnapIn.wrl,${PL_SYMBOL_DIR}/PL Capacitor Electrolytic/Datasheets/LBA.pdf,D35.0xL51.5;P10.0,2.0,4.0,kicad-standard-2pin-snapin,1
generated,100uF_500V_500HXW100MEFR18X45,Rubycon,500HXW100MEFR18X45,HXW,100uF,500V,CP_Radial_D18.0mm_L47.0mm_P7.5mm,CP_Radial_D18.0mm_L47.0mm_P7.5mm.wrl,${PL_SYMBOL_DIR}/PL Capacitor Electrolytic/Datasheets/HXW.pdf,D18.0xL47.0;P7.5,1.0,1.8,supplied-manufacturer-table,1
generated,100uF_500V_500LXW100MEFR18X45,Rubycon,500LXW100MEFR18X45,LXW,100uF,500V,CP_Radial_D18.0mm_L47.0mm_P7.5mm,CP_Radial_D18.0mm_L47.0mm_P7.5mm.wrl,${PL_SYMBOL_DIR}/PL Capacitor Electrolytic/Datasheets/LXW.pdf,D18.0xL47.0;P7.5,1.0,1.8,supplied-manufacturer-table,1
generated,270uF_500V_500VXK270MEFCSN35X30,Rubycon,500VXK270MEFCSN35X30,VXK,270uF,500V,CP_Radial_D35.0mm_L32.0mm_P10.0mm_SnapIn,CP_Radial_D35.0mm_L32.0mm_P10.0mm_SnapIn.wrl,https://www.rubycon.co.jp/wp-content/uploads/catalog-aluminum/VXK.pdf,D35.0xL32.0;P10.0,2.0,4.0,kicad-standard-2pin-snapin,1
generated,150uF_500V_500VXT150MEFCSN25X25,Rubycon,500VXT150MEFCSN25X25,VXT,150uF,500V,CP_Radial_D25.0mm_L27.0mm_P10.0mm_SnapIn,CP_Radial_D25.0mm_L27.0mm_P10.0mm_SnapIn.wrl,https://www.rubycon.co.jp/wp-content/uploads/catalog-aluminum/VXT.pdf,D25.0xL27.0;P10.0,2.0,4.0,kicad-standard-2pin-snapin,1
generated,560uF_500V_ALA7DA561EE500,KEMET,ALA7DA561EE500,ALA7D,560uF,500V,CP_Radial_D40.0mm_L47.0mm_P10.0mm_SnapIn,CP_Radial_D40.0mm_L47.0mm_P10.0mm_SnapIn.wrl,https://yageogroup.com/content/datasheet/asset/file/KEM_A4079_ALA7D,D40.0xL47.0;P10.0,2.0,4.0,kicad-standard-2pin-snapin,1
generated,220uF_500V_ALA8AA221CD500,KEMET,ALA8AA221CD500,ALA8A,220uF,500V,CP_Radial_D30.0mm_L42.0mm_P10.0mm_SnapIn,CP_Radial_D30.0mm_L42.0mm_P10.0mm_SnapIn.wrl,https://yageogroup.com/content/datasheet/asset/file/KEM_A4093_ALA8A,D30.0xL42.0;P10.0,2.0,4.0,kicad-standard-2pin-snapin,1
generated,270uF_450V_ALA8AA271CC450,KEMET,ALA8AA271CC450,ALA8A,270uF,450V,CP_Radial_D30.0mm_L37.0mm_P10.0mm_SnapIn,CP_Radial_D30.0mm_L37.0mm_P10.0mm_SnapIn.wrl,https://yageogroup.com/content/datasheet/asset/file/KEM_A4093_ALA8A,D30.0xL37.0;P10.0,2.0,4.0,kicad-standard-2pin-snapin,1
generated,270uF_500V_ALA8AA271CE500,KEMET,ALA8AA271CE500,ALA8A,270uF,500V,CP_Radial_D30.0mm_L47.0mm_P10.0mm_SnapIn,CP_Radial_D30.0mm_L47.0mm_P10.0mm_SnapIn.wrl,https://yageogroup.com/content/datasheet/asset/file/KEM_A4093_ALA8A,D30.0xL47.0;P10.0,2.0,4.0,kicad-standard-2pin-snapin,1
generated,270uF_500V_ALA8AA271DC500,KEMET,ALA8AA271DC500,ALA8A,270uF,500V,CP_Radial_D35.0mm_L37.0mm_P10.0mm_SnapIn,CP_Radial_D35.0mm_L37.0mm_P10.0mm_SnapIn.wrl,https://yageogroup.com/content/datasheet/asset/file/KEM_A4093_ALA8A,D35.0xL37.0;P10.0,2.0,4.0,kicad-standard-2pin-snapin,1
generated,330uF_450V_ALA8AA331CD450,KEMET,ALA8AA331CD450,ALA8A,330uF,450V,CP_Radial_D30.0mm_L42.0mm_P10.0mm_SnapIn,CP_Radial_D30.0mm_L42.0mm_P10.0mm_SnapIn.wrl,https://yageogroup.com/content/datasheet/asset/file/KEM_A4093_ALA8A,D30.0xL42.0;P10.0,2.0,4.0,kicad-standard-2pin-snapin,1
generated,330uF_500V_ALA8AA331CF500,KEMET,ALA8AA331CF500,ALA8A,330uF,500V,CP_Radial_D30.0mm_L52.0mm_P10.0mm_SnapIn,CP_Radial_D30.0mm_L52.0mm_P10.0mm_SnapIn.wrl,https://yageogroup.com/content/datasheet/asset/file/KEM_A4093_ALA8A,D30.0xL52.0;P10.0,2.0,4.0,kicad-standard-2pin-snapin,1
generated,330uF_450V_ALA8AA331DC450,KEMET,ALA8AA331DC450,ALA8A,330uF,450V,CP_Radial_D35.0mm_L37.0mm_P10.0mm_SnapIn,CP_Radial_D35.0mm_L37.0mm_P10.0mm_SnapIn.wrl,https://yageogroup.com/content/datasheet/asset/file/KEM_A4093_ALA8A,D35.0xL37.0;P10.0,2.0,4.0,kicad-standard-2pin-snapin,1
generated,390uF_500V_ALA8AA391DE500,KEMET,ALA8AA391DE500,ALA8A,390uF,500V,CP_Radial_D35.0mm_L47.0mm_P10.0mm_SnapIn,CP_Radial_D35.0mm_L47.0mm_P10.0mm_SnapIn.wrl,https://yageogroup.com/content/datasheet/asset/file/KEM_A4093_ALA8A,D35.0xL47.0;P10.0,2.0,4.0,kicad-standard-2pin-snapin,1
generated,560uF_500V_ALA8DA561EF500,KEMET,ALA8DA561EF500,ALA8D,560uF,500V,CP_Radial_D40.0mm_L52.0mm_P10.0mm_SnapIn,CP_Radial_D40.0mm_L52.0mm_P10.0mm_SnapIn.wrl,https://yageogroup.com/content/datasheet/asset/file/KEM_A4080_ALA8D,D40.0xL52.0;P10.0,2.0,4.0,kicad-standard-2pin-snapin,1
generated,470uF_500V_ALA8DD471EE500,KEMET,ALA8DD471EE500,ALA8D,470uF,500V,CP_Radial_D40.0mm_L47.0mm_P10.0mm_SnapIn,CP_Radial_D40.0mm_L47.0mm_P10.0mm_SnapIn.wrl,https://yageogroup.com/content/datasheet/asset/file/KEM_A4080_ALA8D,D40.0xL47.0;P10.0,2.0,4.0,kicad-standard-2pin-snapin,1
generated,1000uF_450V_ALC10A102EL450,KEMET,ALC10A102EL450,ALC10,1000uF,450V,CP_Radial_D40.0mm_L82.0mm_P10.0mm_SnapIn,CP_Radial_D40.0mm_L82.0mm_P10.0mm_SnapIn.wrl,${PL_SYMBOL_DIR}/PL Capacitor Electrolytic/Datasheets/KEM_A4020_ALC10.pdf,D40.0xL82.0;P10.0,2.0,4.0,kicad-standard-2pin-snapin,1
generated,470uF_450V_ALC10A471DF450,KEMET,ALC10A471DF450,ALC10,470uF,450V,CP_Radial_D35.0mm_L52.0mm_P10.0mm_SnapIn,CP_Radial_D35.0mm_L52.0mm_P10.0mm_SnapIn.wrl,${PL_SYMBOL_DIR}/PL Capacitor Electrolytic/Datasheets/KEM_A4020_ALC10.pdf,D35.0xL52.0;P10.0,2.0,4.0,kicad-standard-2pin-snapin,1
generated,470uF_500V_ALC10A471EH500,KEMET,ALC10A471EH500,ALC10,470uF,500V,CP_Radial_D40.0mm_L62.0mm_P10.0mm_SnapIn,CP_Radial_D40.0mm_L62.0mm_P10.0mm_SnapIn.wrl,${PL_SYMBOL_DIR}/PL Capacitor Electrolytic/Datasheets/KEM_A4020_ALC10.pdf,D40.0xL62.0;P10.0,2.0,4.0,kicad-standard-2pin-snapin,1
generated,560uF_500V_ALC10A561DL500,KEMET,ALC10A561DL500,ALC10,560uF,500V,CP_Radial_D35.0mm_L82.0mm_P10.0mm_SnapIn,CP_Radial_D35.0mm_L82.0mm_P10.0mm_SnapIn.wrl,${PL_SYMBOL_DIR}/PL Capacitor Electrolytic/Datasheets/KEM_A4020_ALC10.pdf,D35.0xL82.0;P10.0,2.0,4.0,kicad-standard-2pin-snapin,1
generated,820uF_450V_ALC10A821DJ450,KEMET,ALC10A821DJ450,ALC10,820uF,450V,CP_Radial_D35.0mm_L70.0mm_P10.0mm_SnapIn,CP_Radial_D35.0mm_L70.0mm_P10.0mm_SnapIn.wrl,${PL_SYMBOL_DIR}/PL Capacitor Electrolytic/Datasheets/KEM_A4020_ALC10.pdf,D35.0xL70.0;P10.0,2.0,4.0,kicad-standard-2pin-snapin,1
generated,330uF_450V_ALC40A331DF450,KEMET,ALC40A331DF450,ALC40,330uF,450V,CP_Radial_D35.0mm_L52.0mm_P10.0mm_SnapIn,CP_Radial_D35.0mm_L52.0mm_P10.0mm_SnapIn.wrl,https://yageogroup.com/content/datasheet/asset/file/KEM_A4026_ALC40,D35.0xL52.0;P10.0,2.0,4.0,kicad-standard-2pin-snapin,1
generated,220uF_450V_ALC40C221DF450,KEMET,ALC40C221DF450,ALC40,220uF,450V,CP_Radial_D35.0mm_L52.0mm_P10.0mm_SnapIn,CP_Radial_D35.0mm_L52.0mm_P10.0mm_SnapIn.wrl,https://yageogroup.com/content/datasheet/asset/file/KEM_A4026_ALC40,D35.0xL52.0;P10.0,2.0,4.0,kicad-standard-2pin-snapin,1
generated,1000uF_450V_ALC70A102EH450,KEMET,ALC70A102EH450,ALC70,1000uF,450V,CP_Radial_D40.0mm_L62.0mm_P10.0mm_SnapIn,CP_Radial_D40.0mm_L62.0mm_P10.0mm_SnapIn.wrl,${PL_SYMBOL_DIR}/PL Capacitor Electrolytic/Datasheets/KEM_A4081_ALC70.pdf,D40.0xL62.0;P10.0,2.0,4.0,kicad-standard-2pin-snapin,1
generated,1000uF_500V_ALC70A102EL500,KEMET,ALC70A102EL500,ALC70,1000uF,500V,CP_Radial_D40.0mm_L82.0mm_P10.0mm_SnapIn,CP_Radial_D40.0mm_L82.0mm_P10.0mm_SnapIn.wrl,${PL_SYMBOL_DIR}/PL Capacitor Electrolytic/Datasheets/KEM_A4081_ALC70.pdf,D40.0xL82.0;P10.0,2.0,4.0,kicad-standard-2pin-snapin,1
generated,120uF_450V_ALC70A121BB450,KEMET,ALC70A121BB450,ALC70,120uF,450V,CP_Radial_D25.0mm_L32.0mm_P10.0mm_SnapIn,CP_Radial_D25.0mm_L32.0mm_P10.0mm_SnapIn.wrl,${PL_SYMBOL_DIR}/PL Capacitor Electrolytic/Datasheets/KEM_A4081_ALC70.pdf,D25.0xL32.0;P10.0,2.0,4.0,kicad-standard-2pin-snapin,1
generated,180uF_450V_ALC70A181BD450,KEMET,ALC70A181BD450,ALC70,180uF,450V,CP_Radial_D25.0mm_L42.0mm_P10.0mm_SnapIn,CP_Radial_D25.0mm_L42.0mm_P10.0mm_SnapIn.wrl,${PL_SYMBOL_DIR}/PL Capacitor Electrolytic/Datasheets/KEM_A4081_ALC70.pdf,D25.0xL42.0;P10.0,2.0,4.0,kicad-standard-2pin-snapin,1
generated,470uF_450V_ALC70A471DF450,KEMET,ALC70A471DF450,ALC70,470uF,450V,CP_Radial_D35.0mm_L52.0mm_P10.0mm_SnapIn,CP_Radial_D35.0mm_L52.0mm_P10.0mm_SnapIn.wrl,${PL_SYMBOL_DIR}/PL Capacitor Electrolytic/Datasheets/KEM_A4081_ALC70.pdf,D35.0xL52.0;P10.0,2.0,4.0,kicad-standard-2pin-snapin,1
generated,560uF_500V_ALC70A561EF500,KEMET,ALC70A561EF500,ALC70,560uF,500V,CP_Radial_D40.0mm_L52.0mm_P10.0mm_SnapIn,CP_Radial_D40.0mm_L52.0mm_P10.0mm_SnapIn.wrl,${PL_SYMBOL_DIR}/PL Capacitor Electrolytic/Datasheets/KEM_A4081_ALC70.pdf,D40.0xL52.0;P10.0,2.0,4.0,kicad-standard-2pin-snapin,1
generated,440uF_450V_ALO8AA441DC450,KEMET,ALO8AA441DC450,ALO8A,440uF,450V,CP_Radial_D35.0mm_L35.0mm_P10.0mm_SnapIn,CP_Radial_D35.0mm_L35.0mm_P10.0mm_SnapIn.wrl,https://yageogroup.com/content/datasheet/asset/file/KEM_A4130_ALO8A,D35.0xL35.0;P10.0,2.0,4.0,kicad-standard-2pin-snapin,1
generated,220uF_450V_B43501A5227M,TDK,B43501A5227M,B43501,220uF,450V,CP_Radial_D30.0mm_L40.0mm_P10.0mm_SnapIn,CP_Radial_D30.0mm_L40.0mm_P10.0mm_SnapIn.wrl,${PL_SYMBOL_DIR}/PL Capacitor Electrolytic/Datasheets/B43501_Rev_Oct_2005.pdf,D30.0xL40.0;P10.0,2.0,4.0,kicad-standard-2pin-snapin,1
generated,330uF_450V_B43508A5337M000,TDK,B43508A5337M000,B43508,330uF,450V,CP_Radial_D25.0mm_L57.0mm_P10.0mm_SnapIn,CP_Radial_D25.0mm_L57.0mm_P10.0mm_SnapIn.wrl,//mm.digikey.com/Volume0/opasdata/d220001/medias/docus/39/B43508_Nov2012.pdf,D25.0xL57.0;P10.0,2.0,4.0,kicad-standard-2pin-snapin,1
generated,330uF_450V_B43508B5337M000,TDK,B43508B5337M000,B43508,330uF,450V,CP_Radial_D30.0mm_L42.0mm_P10.0mm_SnapIn,CP_Radial_D30.0mm_L42.0mm_P10.0mm_SnapIn.wrl,//mm.digikey.com/Volume0/opasdata/d220001/medias/docus/39/B43508_Nov2012.pdf,D30.0xL42.0;P10.0,2.0,4.0,kicad-standard-2pin-snapin,1
generated,100uF_450V_B43509A5107M000,TDK,B43509A5107M000,B43509,100uF,450V,CP_Radial_D22.0mm_L37.0mm_P10.0mm_SnapIn,CP_Radial_D22.0mm_L37.0mm_P10.0mm_SnapIn.wrl,https://www.tdk-electronics.tdk.com/inf/20/30/db/aec/B43509.pdf?ref_disty=digikey,D22.0xL37.0;P10.0,2.0,4.0,kicad-standard-2pin-snapin,1
generated,100uF_450V_B43509B5107M000,TDK,B43509B5107M000,B43509,100uF,450V,CP_Radial_D25.0mm_L32.0mm_P10.0mm_SnapIn,CP_Radial_D25.0mm_L32.0mm_P10.0mm_SnapIn.wrl,https://www.tdk-electronics.tdk.com/inf/20/30/db/aec/B43509.pdf?ref_disty=digikey,D25.0xL32.0;P10.0,2.0,4.0,kicad-standard-2pin-snapin,1
generated,150uF_450V_B43509B5157M000,TDK,B43509B5157M000,B43509,150uF,450V,CP_Radial_D25.0mm_L42.0mm_P10.0mm_SnapIn,CP_Radial_D25.0mm_L42.0mm_P10.0mm_SnapIn.wrl,https://www.tdk-electronics.tdk.com/inf/20/30/db/aec/B43509.pdf?ref_disty=digikey,D25.0xL42.0;P10.0,2.0,4.0,kicad-standard-2pin-snapin,1
generated,100uF_450V_B43544A5107M000,TDK,B43544A5107M000,B43544,100uF,450V,CP_Radial_D25.0mm_L27.0mm_P10.0mm_SnapIn,CP_Radial_D25.0mm_L27.0mm_P10.0mm_SnapIn.wrl,${PL_SYMBOL_DIR}/PL Capacitor Electrolytic/Datasheets/B43544.pdf,D25.0xL27.0;P10.0,2.0,4.0,kicad-standard-2pin-snapin,1
generated,470uF_500V_B43544A6477M000,TDK,B43544A6477M000,B43544,470uF,500V,CP_Radial_D35.0mm_L57.0mm_P10.0mm_SnapIn,CP_Radial_D35.0mm_L57.0mm_P10.0mm_SnapIn.wrl,${PL_SYMBOL_DIR}/PL Capacitor Electrolytic/Datasheets/B43544.pdf,D35.0xL57.0;P10.0,2.0,4.0,kicad-standard-2pin-snapin,1
generated,470uF_450V_B43544E5477M000,TDK,B43544E5477M000,B43544,470uF,450V,CP_Radial_D35.0mm_L47.0mm_P10.0mm_SnapIn,CP_Radial_D35.0mm_L47.0mm_P10.0mm_SnapIn.wrl,${PL_SYMBOL_DIR}/PL Capacitor Electrolytic/Datasheets/B43544.pdf,D35.0xL47.0;P10.0,2.0,4.0,kicad-standard-2pin-snapin,1
generated,100uF_450V_B43545A5107M000,TDK,B43545A5107M000,B43545,100uF,450V,CP_Radial_D25.0mm_L32.0mm_P10.0mm_SnapIn,CP_Radial_D25.0mm_L32.0mm_P10.0mm_SnapIn.wrl,https://www.tdk-electronics.tdk.com/inf/20/30/db/aec/B43545.pdf,D25.0xL32.0;P10.0,2.0,4.0,kicad-standard-2pin-snapin,1
generated,100uF_450V_B43547A5107M000,TDK,B43547A5107M000,B43547,100uF,450V,CP_Radial_D25.0mm_L32.0mm_P10.0mm_SnapIn,CP_Radial_D25.0mm_L32.0mm_P10.0mm_SnapIn.wrl,${PL_SYMBOL_DIR}/PL Capacitor Electrolytic/Datasheets/B43547.pdf,D25.0xL32.0;P10.0,2.0,4.0,kicad-standard-2pin-snapin,1
generated,470uF_450V_B43547A5477M000,TDK,B43547A5477M000,B43547,470uF,450V,CP_Radial_D35.0mm_L52.0mm_P10.0mm_SnapIn,CP_Radial_D35.0mm_L52.0mm_P10.0mm_SnapIn.wrl,${PL_SYMBOL_DIR}/PL Capacitor Electrolytic/Datasheets/B43547.pdf,D35.0xL52.0;P10.0,2.0,4.0,kicad-standard-2pin-snapin,1
generated,470uF_450V_B43547A5477M060,TDK,B43547A5477M060,B43547,470uF,450V,CP_Radial_D35.0mm_L52.0mm_P10.0mm_SnapIn,CP_Radial_D35.0mm_L52.0mm_P10.0mm_SnapIn.wrl,${PL_SYMBOL_DIR}/PL Capacitor Electrolytic/Datasheets/B43547.pdf,D35.0xL52.0;P10.0,2.0,4.0,kicad-standard-2pin-snapin,1
generated,470uF_450V_B43547A5477M087,TDK,B43547A5477M087,B43547,470uF,450V,CP_Radial_D35.0mm_L52.2mm_P10.0mm_SnapIn,CP_Radial_D35.0mm_L52.2mm_P10.0mm_SnapIn.wrl,${PL_SYMBOL_DIR}/PL Capacitor Electrolytic/Datasheets/B43547.pdf,D35.0xL52.2;P10.0,2.0,4.0,kicad-standard-2pin-snapin,1
generated,120uF_450V_B43548A5127M060,TDK,B43548A5127M060,B43548,120uF,450V,CP_Radial_D25.0mm_L32.0mm_P10.0mm_SnapIn,CP_Radial_D25.0mm_L32.0mm_P10.0mm_SnapIn.wrl,${PL_SYMBOL_DIR}/PL Capacitor Electrolytic/Datasheets/B43548.pdf,D25.0xL32.0;P10.0,2.0,4.0,kicad-standard-2pin-snapin,1
generated,390uF_450V_B43548A5397M067,TDK,B43548A5397M067,B43548,390uF,450V,CP_Radial_D30.0mm_L52.0mm_P10.0mm_SnapIn,CP_Radial_D30.0mm_L52.0mm_P10.0mm_SnapIn.wrl,${PL_SYMBOL_DIR}/PL Capacitor Electrolytic/Datasheets/B43548.pdf,D30.0xL52.0;P10.0,2.0,4.0,kicad-standard-2pin-snapin,1
generated,560uF_450V_B43548A5567M060,TDK,B43548A5567M060,B43548,560uF,450V,CP_Radial_D35.0mm_L52.0mm_P10.0mm_SnapIn,CP_Radial_D35.0mm_L52.0mm_P10.0mm_SnapIn.wrl,${PL_SYMBOL_DIR}/PL Capacitor Electrolytic/Datasheets/B43548.pdf,D35.0xL52.0;P10.0,2.0,4.0,kicad-standard-2pin-snapin,1
generated,100uF_500V_B43548A6107M060,TDK,B43548A6107M060,B43548,100uF,500V,CP_Radial_D25.0mm_L37.0mm_P10.0mm_SnapIn,CP_Radial_D25.0mm_L37.0mm_P10.0mm_SnapIn.wrl,${PL_SYMBOL_DIR}/PL Capacitor Electrolytic/Datasheets/B43548.pdf,D25.0xL37.0;P10.0,2.0,4.0,kicad-standard-2pin-snapin,1
generated,330uF_450V_B43548B5337M080,TDK,B43548B5337M080,B43548,330uF,450V,CP_Radial_D35.0mm_L37.2mm_P10.0mm_SnapIn,CP_Radial_D35.0mm_L37.2mm_P10.0mm_SnapIn.wrl,${PL_SYMBOL_DIR}/PL Capacitor Electrolytic/Datasheets/B43548.pdf,D35.0xL37.2;P10.0,2.0,4.0,kicad-standard-2pin-snapin,1
generated,150uF_500V_B43548B6157M060,TDK,B43548B6157M060,B43548,150uF,500V,CP_Radial_D30.0mm_L37.0mm_P10.0mm_SnapIn,CP_Radial_D30.0mm_L37.0mm_P10.0mm_SnapIn.wrl,${PL_SYMBOL_DIR}/PL Capacitor Electrolytic/Datasheets/B43548.pdf,D30.0xL37.0;P10.0,2.0,4.0,kicad-standard-2pin-snapin,1
generated,100uF_450V_B43630A5107M000,TDK,B43630A5107M000,B43630,100uF,450V,CP_Radial_D22.0mm_L27.0mm_P10.0mm_SnapIn,CP_Radial_D22.0mm_L27.0mm_P10.0mm_SnapIn.wrl,${PL_SYMBOL_DIR}/PL Capacitor Electrolytic/Datasheets/B43630.pdf,D22.0xL27.0;P10.0,2.0,4.0,kicad-standard-2pin-snapin,1
generated,1000uF_450V_B43630A5108M000,TDK,B43630A5108M000,B43630,1000uF,450V,CP_Radial_D35.0mm_L57.0mm_P10.0mm_SnapIn,CP_Radial_D35.0mm_L57.0mm_P10.0mm_SnapIn.wrl,${PL_SYMBOL_DIR}/PL Capacitor Electrolytic/Datasheets/B43630.pdf,D35.0xL57.0;P10.0,2.0,4.0,kicad-standard-2pin-snapin,1
generated,220uF_450V_B43630A5227M000,TDK,B43630A5227M000,B43630,220uF,450V,CP_Radial_D22.0mm_L42.0mm_P10.0mm_SnapIn,CP_Radial_D22.0mm_L42.0mm_P10.0mm_SnapIn.wrl,${PL_SYMBOL_DIR}/PL Capacitor Electrolytic/Datasheets/B43630.pdf,D22.0xL42.0;P10.0,2.0,4.0,kicad-standard-2pin-snapin,1
generated,560uF_450V_B43630A5567M000,TDK,B43630A5567M000,B43630,560uF,450V,CP_Radial_D30.0mm_L52.0mm_P10.0mm_SnapIn,CP_Radial_D30.0mm_L52.0mm_P10.0mm_SnapIn.wrl,${PL_SYMBOL_DIR}/PL Capacitor Electrolytic/Datasheets/B43630.pdf,D30.0xL52.0;P10.0,2.0,4.0,kicad-standard-2pin-snapin,1
generated,390uF_450V_B43630C5397M000,TDK,B43630C5397M000,B43630,390uF,450V,CP_Radial_D35.0mm_L32.0mm_P10.0mm_SnapIn,CP_Radial_D35.0mm_L32.0mm_P10.0mm_SnapIn.wrl,${PL_SYMBOL_DIR}/PL Capacitor Electrolytic/Datasheets/B43630.pdf,D35.0xL32.0;P10.0,2.0,4.0,kicad-standard-2pin-snapin,1
generated,150uF_450V_B43634B5157M000,TDK,B43634B5157M000,B43634,150uF,450V,CP_Radial_D25.0mm_L32.0mm_P10.0mm_SnapIn,CP_Radial_D25.0mm_L32.0mm_P10.0mm_SnapIn.wrl,https://www.tdk-electronics.tdk.com/inf/20/30/db/aec/B43634.pdf,D25.0xL32.0;P10.0,2.0,4.0,kicad-standard-2pin-snapin,1
generated,120uF_450V_B43640A5127M000,TDK,B43640A5127M000,B43640,120uF,450V,CP_Radial_D22.0mm_L32.0mm_P10.0mm_SnapIn,CP_Radial_D22.0mm_L32.0mm_P10.0mm_SnapIn.wrl,https://www.tdk-electronics.tdk.com/inf/20/30/db/aec/B43640.pdf,D22.0xL32.0;P10.0,2.0,4.0,kicad-standard-2pin-snapin,1
generated,150uF_450V_B43640B5157M060,TDK,B43640B5157M060,B43640,150uF,450V,CP_Radial_D25.0mm_L32.0mm_P10.0mm_SnapIn,CP_Radial_D25.0mm_L32.0mm_P10.0mm_SnapIn.wrl,https://product.tdk.com/system/files/dam/doc/product/capacitor/aluminum-electrolytic/snap-in/data_sheet/20/30/db/aec/b43640.pdf,D25.0xL32.0;P10.0,2.0,4.0,kicad-standard-2pin-snapin,1
generated,270uF_450V_B43640E5277M000,TDK,B43640E5277M000,B43640,270uF,450V,CP_Radial_D22.0mm_L52.0mm_P10.0mm_SnapIn,CP_Radial_D22.0mm_L52.0mm_P10.0mm_SnapIn.wrl,https://www.tdk-electronics.tdk.com/inf/20/30/db/aec/B43640.pdf,D22.0xL52.0;P10.0,2.0,4.0,kicad-standard-2pin-snapin,1
generated,270uF_450V_B43642A5277M000,TDK,B43642A5277M000,B43642,270uF,450V,CP_Radial_D25.0mm_L47.0mm_P10.0mm_SnapIn,CP_Radial_D25.0mm_L47.0mm_P10.0mm_SnapIn.wrl,https://www.tdk-electronics.tdk.com/inf/20/30/db/aec/B43642.pdf?ref_disty=digikey,D25.0xL47.0;P10.0,2.0,4.0,kicad-standard-2pin-snapin,1
generated,100uF_450V_B43643A5107M050,TDK,B43643A5107M050,B43643,100uF,450V,CP_Radial_D22.0mm_L27.0mm_P10.0mm_SnapIn,CP_Radial_D22.0mm_L27.0mm_P10.0mm_SnapIn.wrl,https://www.tdk-electronics.tdk.com/inf/20/30/db/aec/B43643.pdf,D22.0xL27.0;P10.0,2.0,4.0,kicad-standard-2pin-snapin,1
generated,220uF_450V_B43643A5227M050,TDK,B43643A5227M050,B43643,220uF,450V,CP_Radial_D22.0mm_L47.0mm_P10.0mm_SnapIn,CP_Radial_D22.0mm_L47.0mm_P10.0mm_SnapIn.wrl,https://www.tdk-electronics.tdk.com/inf/20/30/db/aec/B43643.pdf,D22.0xL47.0;P10.0,2.0,4.0,kicad-standard-2pin-snapin,1
generated,330uF_450V_B43643A5337M050,TDK,B43643A5337M050,B43643,330uF,450V,CP_Radial_D25.0mm_L47.0mm_P10.0mm_SnapIn,CP_Radial_D25.0mm_L47.0mm_P10.0mm_SnapIn.wrl,https://www.tdk-electronics.tdk.com/inf/20/30/db/aec/B43643.pdf,D25.0xL47.0;P10.0,2.0,4.0,kicad-standard-2pin-snapin,1
generated,390uF_450V_B43643A5397M050,TDK,B43643A5397M050,B43643,390uF,450V,CP_Radial_D25.0mm_L57.0mm_P10.0mm_SnapIn,CP_Radial_D25.0mm_L57.0mm_P10.0mm_SnapIn.wrl,https://www.tdk-electronics.tdk.com/inf/20/30/db/aec/B43643.pdf?ref_disty=digikey,D25.0xL57.0;P10.0,2.0,4.0,kicad-standard-2pin-snapin,1
generated,220uF_450V_B43643B5227M050,TDK,B43643B5227M050,B43643,220uF,450V,CP_Radial_D25.0mm_L37.0mm_P10.0mm_SnapIn,CP_Radial_D25.0mm_L37.0mm_P10.0mm_SnapIn.wrl,https://www.tdk-electronics.tdk.com/inf/20/30/db/aec/B43643.pdf?ref_disty=digikey,D25.0xL37.0;P10.0,2.0,4.0,kicad-standard-2pin-snapin,1
generated,100uF_450V_B43644A5107M000,TDK,B43644A5107M000,B43644,100uF,450V,CP_Radial_D22.0mm_L32.0mm_P10.0mm_SnapIn,CP_Radial_D22.0mm_L32.0mm_P10.0mm_SnapIn.wrl,${PL_SYMBOL_DIR}/PL Capacitor Electrolytic/Datasheets/B43644.pdf,D22.0xL32.0;P10.0,2.0,4.0,kicad-standard-2pin-snapin,1
generated,680uF_450V_B43644A5687M000,TDK,B43644A5687M000,B43644,680uF,450V,CP_Radial_D35.0mm_L57.0mm_P10.0mm_SnapIn,CP_Radial_D35.0mm_L57.0mm_P10.0mm_SnapIn.wrl,${PL_SYMBOL_DIR}/PL Capacitor Electrolytic/Datasheets/B43644.pdf,D35.0xL57.0;P10.0,2.0,4.0,kicad-standard-2pin-snapin,1
generated,330uF_450V_B43644E5337M000,TDK,B43644E5337M000,B43644,330uF,450V,CP_Radial_D25.0mm_L57.0mm_P10.0mm_SnapIn,CP_Radial_D25.0mm_L57.0mm_P10.0mm_SnapIn.wrl,${PL_SYMBOL_DIR}/PL Capacitor Electrolytic/Datasheets/B43644.pdf,D25.0xL57.0;P10.0,2.0,4.0,kicad-standard-2pin-snapin,1
generated,220uF_450V_B43644F5227M000,TDK,B43644F5227M000,B43644,220uF,450V,CP_Radial_D25.0mm_L42.0mm_P10.0mm_SnapIn,CP_Radial_D25.0mm_L42.0mm_P10.0mm_SnapIn.wrl,${PL_SYMBOL_DIR}/PL Capacitor Electrolytic/Datasheets/B43644.pdf,D25.0xL42.0;P10.0,2.0,4.0,kicad-standard-2pin-snapin,1
generated,100uF_500V_B43644J6107M000,TDK,B43644J6107M000,B43644,100uF,500V,CP_Radial_D22.0mm_L42.0mm_P10.0mm_SnapIn,CP_Radial_D22.0mm_L42.0mm_P10.0mm_SnapIn.wrl,${PL_SYMBOL_DIR}/PL Capacitor Electrolytic/Datasheets/B43644.pdf,D22.0xL42.0;P10.0,2.0,4.0,kicad-standard-2pin-snapin,1
generated,120uF_450V_B43647A5127M057,TDK,B43647A5127M057,B43647,120uF,450V,CP_Radial_D22.0mm_L27.0mm_P10.0mm_SnapIn,CP_Radial_D22.0mm_L27.0mm_P10.0mm_SnapIn.wrl,${PL_SYMBOL_DIR}/PL Capacitor Electrolytic/Datasheets/B43647.pdf,D22.0xL27.0;P10.0,2.0,4.0,kicad-standard-2pin-snapin,1
generated,220uF_450V_B43647A5227M057,TDK,B43647A5227M057,B43647,220uF,450V,CP_Radial_D22.0mm_L42.0mm_P10.0mm_SnapIn,CP_Radial_D22.0mm_L42.0mm_P10.0mm_SnapIn.wrl,${PL_SYMBOL_DIR}/PL Capacitor Electrolytic/Datasheets/B43647.pdf,D22.0xL42.0;P10.0,2.0,4.0,kicad-standard-2pin-snapin,1
generated,820uF_450V_B43647A5827M057,TDK,B43647A5827M057,B43647,820uF,450V,CP_Radial_D35.0mm_L47.0mm_P10.0mm_SnapIn,CP_Radial_D35.0mm_L47.0mm_P10.0mm_SnapIn.wrl,${PL_SYMBOL_DIR}/PL Capacitor Electrolytic/Datasheets/B43647.pdf,D35.0xL47.0;P10.0,2.0,4.0,kicad-standard-2pin-snapin,1
generated,110uF_475V_B43655A0117M157,TDK,B43655A0117M157,B43655,110uF,475V,CP_Radial_D22.0mm_L32.0mm_P10.0mm_SnapIn,CP_Radial_D22.0mm_L32.0mm_P10.0mm_SnapIn.wrl,https://product.tdk.cn/system/files/dam/doc/product/capacitor/aluminum-electrolytic/snap-in/data_sheet/20/30/db/aec/b43655.pdf,D22.0xL32.0;P10.0,2.0,4.0,kicad-standard-2pin-snapin,1
generated,280uF_475V_B43655A0287M157,TDK,B43655A0287M157,B43655,280uF,475V,CP_Radial_D25.0mm_L47.0mm_P10.0mm_SnapIn,CP_Radial_D25.0mm_L47.0mm_P10.0mm_SnapIn.wrl,https://product.tdk.cn/system/files/dam/doc/product/capacitor/aluminum-electrolytic/snap-in/data_sheet/20/30/db/aec/b43655.pdf,D25.0xL47.0;P10.0,2.0,4.0,kicad-standard-2pin-snapin,1
generated,190uF_500V_B43655A6197M157,TDK,B43655A6197M157,B43655,190uF,500V,CP_Radial_D22.0mm_L52.0mm_P10.0mm_SnapIn,CP_Radial_D22.0mm_L52.0mm_P10.0mm_SnapIn.wrl,https://product.tdk.cn/system/files/dam/doc/product/capacitor/aluminum-electrolytic/snap-in/data_sheet/20/30/db/aec/b43655.pdf,D22.0xL52.0;P10.0,2.0,4.0,kicad-standard-2pin-snapin,1
generated,120uF_450V_B43656A5127M057,TDK,B43656A5127M057,B43656,120uF,450V,CP_Radial_D22.0mm_L32.0mm_P10.0mm_SnapIn,CP_Radial_D22.0mm_L32.0mm_P10.0mm_SnapIn.wrl,https://product.tdk.com/system/files/dam/doc/product/capacitor/aluminum-electrolytic/snap-in/data_sheet/20/30/db/aec/b43656.pdf,D22.0xL32.0;P10.0,2.0,4.0,kicad-standard-2pin-snapin,1
generated,270uF_450V_B43656A5277M057,TDK,B43656A5277M057,B43656,270uF,450V,CP_Radial_D22.0mm_L52.0mm_P10.0mm_SnapIn,CP_Radial_D22.0mm_L52.0mm_P10.0mm_SnapIn.wrl,https://product.tdk.com/system/files/dam/doc/product/capacitor/aluminum-electrolytic/snap-in/data_sheet/20/30/db/aec/b43656.pdf,D22.0xL52.0;P10.0,2.0,4.0,kicad-standard-2pin-snapin,1
generated,390uF_450V_B43656A5397M057,TDK,B43656A5397M057,B43656,390uF,450V,CP_Radial_D25.0mm_L57.0mm_P10.0mm_SnapIn,CP_Radial_D25.0mm_L57.0mm_P10.0mm_SnapIn.wrl,https://product.tdk.com/system/files/dam/doc/product/capacitor/aluminum-electrolytic/snap-in/data_sheet/20/30/db/aec/b43656.pdf,D25.0xL57.0;P10.0,2.0,4.0,kicad-standard-2pin-snapin,1
generated,1mF_450V_B43657A5108M057,TDK,B43657A5108M057,B43657,1mF,450V,CP_Radial_D35.0mm_L57.0mm_P10.0mm_SnapIn,CP_Radial_D35.0mm_L57.0mm_P10.0mm_SnapIn.wrl,https://product.tdk.com/system/files/dam/doc/product/capacitor/aluminum-electrolytic/snap-in/data_sheet/20/30/db/aec/b43657.pdf,D35.0xL57.0;P10.0,2.0,4.0,kicad-standard-2pin-snapin,1
generated,360uF_450V_B43657A5367M057,TDK,B43657A5367M057,B43657,360uF,450V,CP_Radial_D25.0mm_L42.0mm_P10.0mm_SnapIn,CP_Radial_D25.0mm_L42.0mm_P10.0mm_SnapIn.wrl,https://product.tdk.com/system/files/dam/doc/product/capacitor/aluminum-electrolytic/snap-in/data_sheet/20/30/db/aec/b43657.pdf,D25.0xL42.0;P10.0,2.0,4.0,kicad-standard-2pin-snapin,1
generated,210uF_450V_B43659A5217M057,TDK,B43659A5217M057,B43659,210uF,450V,CP_Radial_D25.4mm_L27.5mm_P10.0mm_SnapIn,CP_Radial_D25.4mm_L27.5mm_P10.0mm_SnapIn.wrl,https://product.tdk.com/system/files/dam/doc/product/capacitor/aluminum-electrolytic/snap-in/data_sheet/20/30/db/aec/b43659.pdf,D25.4xL27.5;P10.0,2.0,4.0,kicad-standard-2pin-snapin,1
generated,390uF_500V_E91F501VSN391MA65U,Chemi-Con,E91F501VSN391MA65U,U91F,390uF,500V,CP_Radial_D35.0mm_L67.5mm_P10.0mm_SnapIn,CP_Radial_D35.0mm_L67.5mm_P10.0mm_SnapIn.wrl,//media.digikey.com/pdf/Data%20Sheets/United%20Chemi-Con%20PDFs/E91_E92_Series.pdf,D35.0xL67.5;P10.0,2.0,4.0,kicad-standard-2pin-snapin,1
generated,220uF_450V_EGXA451VSN221MR30L,Chemi-Con,EGXA451VSN221MR30L,GXA,220uF,450V,CP_Radial_D30.0mm_L32.5mm_P10.0mm_SnapIn,CP_Radial_D30.0mm_L32.5mm_P10.0mm_SnapIn.wrl,https://www.chemi-con.co.jp/products/relatedfiles/capacitor/catalog/GXAN-e.PDF,D30.0xL32.5;P10.0,2.0,4.0,kicad-standard-2pin-snapin,1
generated,270uF_450V_EGXA451VSN271MR35L,Chemi-Con,EGXA451VSN271MR35L,GXA,270uF,450V,CP_Radial_D30.0mm_L37.5mm_P10.0mm_SnapIn,CP_Radial_D30.0mm_L37.5mm_P10.0mm_SnapIn.wrl,https://www.chemi-con.co.jp/products/relatedfiles/capacitor/catalog/GXAN-e.PDF,D30.0xL37.5;P10.0,2.0,4.0,kicad-standard-2pin-snapin,1
generated,270uF_450V_EGXA451VSN271MR40L,Chemi-Con,EGXA451VSN271MR40L,GXA,270uF,450V,CP_Radial_D30.0mm_L42.5mm_P10.0mm_SnapIn,CP_Radial_D30.0mm_L42.5mm_P10.0mm_SnapIn.wrl,https://www.chemi-con.co.jp/products/relatedfiles/capacitor/catalog/GXAN-e.PDF,D30.0xL42.5;P10.0,2.0,4.0,kicad-standard-2pin-snapin,1
generated,390uF_450V_EGXA451VSN391MR50L,Chemi-Con,EGXA451VSN391MR50L,GXA,390uF,450V,CP_Radial_D30.0mm_L52.5mm_P10.0mm_SnapIn,CP_Radial_D30.0mm_L52.5mm_P10.0mm_SnapIn.wrl,https://www.chemi-con.co.jp/products/relatedfiles/capacitor/catalog/GXAN-e.PDF,D30.0xL52.5;P10.0,2.0,4.0,kicad-standard-2pin-snapin,1
generated,470uF_450V_EGXA451VSN471MR55L,Chemi-Con,EGXA451VSN471MR55L,GXA,470uF,450V,CP_Radial_D30.0mm_L57.5mm_P10.0mm_SnapIn,CP_Radial_D30.0mm_L57.5mm_P10.0mm_SnapIn.wrl,https://www.chemi-con.co.jp/products/relatedfiles/capacitor/catalog/GXAN-e.PDF,D30.0xL57.5;P10.0,2.0,4.0,kicad-standard-2pin-snapin,1
generated,560uF_450V_EGXA451VSN561MA50L,Chemi-Con,EGXA451VSN561MA50L,GXA,560uF,450V,CP_Radial_D35.0mm_L52.5mm_P10.0mm_SnapIn,CP_Radial_D35.0mm_L52.5mm_P10.0mm_SnapIn.wrl,https://www.chemi-con.co.jp/products/relatedfiles/capacitor/catalog/GXAN-e.PDF,D35.0xL52.5;P10.0,2.0,4.0,kicad-standard-2pin-snapin,1
generated,560uF_450V_EGXA451VSN561MA55L,Chemi-Con,EGXA451VSN561MA55L,GXA,560uF,450V,CP_Radial_D35.0mm_L57.5mm_P10.0mm_SnapIn,CP_Radial_D35.0mm_L57.5mm_P10.0mm_SnapIn.wrl,https://www.chemi-con.co.jp/products/relatedfiles/capacitor/catalog/GXAN-e.PDF,D35.0xL57.5;P10.0,2.0,4.0,kicad-standard-2pin-snapin,1
generated,100uF_450V_EGXM451ELL101ML35S,Chemi-Con,EGXM451ELL101ML35S,GXM,100uF,450V,CP_Radial_D16.0mm_L37.0mm_P7.5mm,CP_Radial_D16.0mm_L37.0mm_P7.5mm.wrl,https://www.chemi-con.co.jp/products/relatedfiles/capacitor/catalog/GXMLL-e.PDF,D16.0xL37.0;P7.5,1.0,1.8,kicad-standard-fallback,1
generated,1mF_450V_EKHE451VSN102MR60Z,Chemi-Con,EKHE451VSN102MR60Z,KHE,1mF,450V,CP_Radial_D30.0mm_L62.5mm_P10.0mm_SnapIn,CP_Radial_D30.0mm_L62.5mm_P10.0mm_SnapIn.wrl,https://www.chemi-con.co.jp/products/relatedfiles/capacitor/catalog/KHEN-e.PDF,D30.0xL62.5;P10.0,2.0,4.0,kicad-standard-2pin-snapin,1
generated,1.29mF_450V_EKHE451VSN132MA60Z,Chemi-Con,EKHE451VSN132MA60Z,KHE,1.29mF,450V,CP_Radial_D35.0mm_L62.5mm_P10.0mm_SnapIn,CP_Radial_D35.0mm_L62.5mm_P10.0mm_SnapIn.wrl,https://www.chemi-con.co.jp/products/relatedfiles/capacitor/catalog/KHEN-e.PDF,D35.0xL62.5;P10.0,2.0,4.0,kicad-standard-2pin-snapin,1
generated,1.04mF_450V_EKHE451VSN1A2MA50Z,Chemi-Con,EKHE451VSN1A2MA50Z,KHE,1.04mF,450V,CP_Radial_D35.0mm_L52.5mm_P10.0mm_SnapIn,CP_Radial_D35.0mm_L52.5mm_P10.0mm_SnapIn.wrl,https://www.chemi-con.co.jp/products/relatedfiles/capacitor/catalog/KHEN-e.PDF,D35.0xL52.5;P10.0,2.0,4.0,kicad-standard-2pin-snapin,1
generated,210uF_450V_EKHE451VSN211MQ25Z,Chemi-Con,EKHE451VSN211MQ25Z,KHE,210uF,450V,CP_Radial_D25.4mm_L27.5mm_P10.0mm_SnapIn,CP_Radial_D25.4mm_L27.5mm_P10.0mm_SnapIn.wrl,https://www.chemi-con.co.jp/products/relatedfiles/capacitor/catalog/KHEN-e.PDF,D25.4xL27.5;P10.0,2.0,4.0,kicad-standard-2pin-snapin,1
generated,460uF_450V_EKHE451VSN461MQ45Z,Chemi-Con,EKHE451VSN461MQ45Z,KHE,460uF,450V,CP_Radial_D25.4mm_L47.5mm_P10.0mm_SnapIn,CP_Radial_D25.4mm_L47.5mm_P10.0mm_SnapIn.wrl,https://www.chemi-con.co.jp/products/relatedfiles/capacitor/catalog/KHEN-e.PDF,D25.4xL47.5;P10.0,2.0,4.0,kicad-standard-2pin-snapin,1
generated,910uF_450V_EKHE451VSN911MA45Z,Chemi-Con,EKHE451VSN911MA45Z,KHE,910uF,450V,CP_Radial_D35.0mm_L47.5mm_P10.0mm_SnapIn,CP_Radial_D35.0mm_L47.5mm_P10.0mm_SnapIn.wrl,https://www.chemi-con.co.jp/products/relatedfiles/capacitor/catalog/KHEN-e.PDF,D35.0xL47.5;P10.0,2.0,4.0,kicad-standard-2pin-snapin,1
generated,100uF_450V_EKHF451ELL101MK45S,Chemi-Con,EKHF451ELL101MK45S,KHF,100uF,450V,CP_Radial_D12.5mm_L45.0mm_P5.0mm,CP_Radial_D12.5mm_L45.0mm_P5.0mm.wrl,https://www.chemi-con.co.jp/products/relatedfiles/capacitor/catalog/KHFLL-e.PDF,D12.5xL45.0;P5.0,1.0,1.8,kicad-standard-fallback,1
generated,100uF_450V_EKHF451ELL101MK50S,Chemi-Con,EKHF451ELL101MK50S,KHF,100uF,450V,CP_Radial_D12.5mm_L52.0mm_P5.0mm,CP_Radial_D12.5mm_L52.0mm_P5.0mm.wrl,https://www.chemi-con.co.jp/products/relatedfiles/capacitor/catalog/KHFLL-e.PDF,D12.5xL52.0;P5.0,1.0,1.8,kicad-standard-fallback,1
generated,100uF_450V_EKHF451ELL101MLN3S,Chemi-Con,EKHF451ELL101MLN3S,KHF,100uF,450V,CP_Radial_D18.0mm_L33.5mm_P7.5mm,CP_Radial_D18.0mm_L33.5mm_P7.5mm.wrl,https://www.chemi-con.co.jp/products/relatedfiles/capacitor/catalog/KHFLL-e.PDF,D18.0xL33.5;P7.5,1.0,1.8,kicad-standard-fallback,1
generated,100uF_450V_EKHF451ELL101MM25S,Chemi-Con,EKHF451ELL101MM25S,KHF,100uF,450V,CP_Radial_D18.0mm_L25.0mm_P7.5mm,CP_Radial_D18.0mm_L25.0mm_P7.5mm.wrl,https://www.chemi-con.co.jp/products/relatedfiles/capacitor/catalog/KHFLL-e.PDF,D18.0xL25.0;P7.5,1.0,1.8,kicad-standard-fallback,1
generated,100uF_450V_EKHF451ELL101MU35S,Chemi-Con,EKHF451ELL101MU35S,KHF,100uF,450V,CP_Radial_D14.5mm_L35.0mm_P7.5mm,CP_Radial_D14.5mm_L35.0mm_P7.5mm.wrl,https://www.chemi-con.co.jp/products/relatedfiles/capacitor/catalog/KHFLL-e.PDF,D14.5xL35.0;P7.5,1.0,1.8,kicad-standard-fallback,1
generated,120uF_450V_EKHF451ELL121ML35S,Chemi-Con,EKHF451ELL121ML35S,KHF,120uF,450V,CP_Radial_D16.0mm_L37.0mm_P7.5mm,CP_Radial_D16.0mm_L37.0mm_P7.5mm.wrl,https://www.chemi-con.co.jp/products/relatedfiles/capacitor/catalog/KHFLL-e.PDF,D16.0xL37.0;P7.5,1.0,1.8,kicad-standard-fallback,1
generated,120uF_450V_EKHF451ELL121MU40S,Chemi-Con,EKHF451ELL121MU40S,KHF,120uF,450V,CP_Radial_D14.5mm_L40.0mm_P7.5mm,CP_Radial_D14.5mm_L40.0mm_P7.5mm.wrl,https://www.chemi-con.co.jp/products/relatedfiles/capacitor/catalog/KHFLL-e.PDF,D14.5xL40.0;P7.5,1.0,1.8,kicad-standard-fallback,1
generated,120uF_450V_EKHF451ELL121MU45S,Chemi-Con,EKHF451ELL121MU45S,KHF,120uF,450V,CP_Radial_D14.5mm_L47.0mm_P7.5mm,CP_Radial_D14.5mm_L47.0mm_P7.5mm.wrl,https://www.chemi-con.co.jp/products/relatedfiles/capacitor/catalog/KHFLL-e.PDF,D14.5xL47.0;P7.5,1.0,1.8,kicad-standard-fallback,1
generated,150uF_450V_EKHF451ELL151MMN3S,Chemi-Con,EKHF451ELL151MMN3S,KHF,150uF,450V,CP_Radial_D18.0mm_L33.5mm_P7.5mm,CP_Radial_D18.0mm_L33.5mm_P7.5mm.wrl,https://www.chemi-con.co.jp/products/relatedfiles/capacitor/catalog/KHFLL-e.PDF,D18.0xL33.5;P7.5,1.0,1.8,kicad-standard-fallback,1
generated,410uF_450V_EKHJ451VSN411MA41M,Chemi-Con,EKHJ451VSN411MA41M,KHJ,410uF,450V,CP_Radial_D35.0mm_L43.5mm_P10.0mm_SnapIn,CP_Radial_D35.0mm_L43.5mm_P10.0mm_SnapIn.wrl,//mm.digikey.com/Volume0/opasdata/d220001/medias/docus/4806/KHJ_Series_DS.pdf,D35.0xL43.5;P10.0,2.0,4.0,kicad-standard-2pin-snapin,1
generated,410uF_450V_EKHJ451VSN411MR54M,Chemi-Con,EKHJ451VSN411MR54M,KHJ,410uF,450V,CP_Radial_D30.0mm_L56.5mm_P10.0mm_SnapIn,CP_Radial_D30.0mm_L56.5mm_P10.0mm_SnapIn.wrl,//mm.digikey.com/Volume0/opasdata/d220001/medias/docus/4806/KHJ_Series_DS.pdf,D30.0xL56.5;P10.0,2.0,4.0,kicad-standard-2pin-snapin,1
generated,460uF_450V_EKHJ451VSN461MA46M,Chemi-Con,EKHJ451VSN461MA46M,KHJ,460uF,450V,CP_Radial_D35.0mm_L48.5mm_P10.0mm_SnapIn,CP_Radial_D35.0mm_L48.5mm_P10.0mm_SnapIn.wrl,//mm.digikey.com/Volume0/opasdata/d220001/medias/docus/4806/KHJ_Series_DS.pdf,D35.0xL48.5;P10.0,2.0,4.0,kicad-standard-2pin-snapin,1
generated,460uF_450V_EKHJ451VSN461MR59M,Chemi-Con,EKHJ451VSN461MR59M,KHJ,460uF,450V,CP_Radial_D30.0mm_L61.5mm_P10.0mm_SnapIn,CP_Radial_D30.0mm_L61.5mm_P10.0mm_SnapIn.wrl,//mm.digikey.com/Volume0/opasdata/d220001/medias/docus/4806/KHJ_Series_DS.pdf,D30.0xL61.5;P10.0,2.0,4.0,kicad-standard-2pin-snapin,1
generated,590uF_450V_EKHJ451VSN591MA54M,Chemi-Con,EKHJ451VSN591MA54M,KHJ,590uF,450V,CP_Radial_D35.0mm_L56.5mm_P10.0mm_SnapIn,CP_Radial_D35.0mm_L56.5mm_P10.0mm_SnapIn.wrl,//mm.digikey.com/Volume0/opasdata/d220001/medias/docus/4806/KHJ_Series_DS.pdf,D35.0xL56.5;P10.0,2.0,4.0,kicad-standard-2pin-snapin,1
generated,180uF_450V_EKHS451VSN181MP40S,Chemi-Con,EKHS451VSN181MP40S,KHS,180uF,450V,CP_Radial_D22.0mm_L42.5mm_P10.0mm_SnapIn,CP_Radial_D22.0mm_L42.5mm_P10.0mm_SnapIn.wrl,https://www.chemi-con.co.jp/products/relatedfiles/capacitor/catalog/KHSN-e.PDF,D22.0xL42.5;P10.0,2.0,4.0,kicad-standard-2pin-snapin,1
generated,220uF_450V_EKHS451VSN221MP45S,Chemi-Con,EKHS451VSN221MP45S,KHS,220uF,450V,CP_Radial_D22.0mm_L47.5mm_P10.0mm_SnapIn,CP_Radial_D22.0mm_L47.5mm_P10.0mm_SnapIn.wrl,https://www.chemi-con.co.jp/products/relatedfiles/capacitor/catalog/KHSN-e.PDF,D22.0xL47.5;P10.0,2.0,4.0,kicad-standard-2pin-snapin,1
generated,270uF_450V_EKHS451VSN271MA25S,Chemi-Con,EKHS451VSN271MA25S,KHS,270uF,450V,CP_Radial_D35.0mm_L27.5mm_P10.0mm_SnapIn,CP_Radial_D35.0mm_L27.5mm_P10.0mm_SnapIn.wrl,https://www.chemi-con.co.jp/products/relatedfiles/capacitor/catalog/KHSN-e.PDF,D35.0xL27.5;P10.0,2.0,4.0,kicad-standard-2pin-snapin,1
generated,270uF_450V_EKHS451VSN271MP50S,Chemi-Con,EKHS451VSN271MP50S,KHS,270uF,450V,CP_Radial_D22.0mm_L52.5mm_P10.0mm_SnapIn,CP_Radial_D22.0mm_L52.5mm_P10.0mm_SnapIn.wrl,https://www.chemi-con.co.jp/products/relatedfiles/capacitor/catalog/KHSN-e.PDF,D22.0xL52.5;P10.0,2.0,4.0,kicad-standard-2pin-snapin,1
generated,270uF_450V_EKHS451VSN271MQ35S,Chemi-Con,EKHS451VSN271MQ35S,KHS,270uF,450V,CP_Radial_D25.4mm_L37.5mm_P10.0mm_SnapIn,CP_Radial_D25.4mm_L37.5mm_P10.0mm_SnapIn.wrl,https://www.chemi-con.co.jp/products/relatedfiles/capacitor/catalog/KHSN-e.PDF,D25.4xL37.5;P10.0,2.0,4.0,kicad-standard-2pin-snapin,1
generated,330uF_450V_EKHS451VSN331MR30S,Chemi-Con,EKHS451VSN331MR30S,KHS,330uF,450V,CP_Radial_D30.0mm_L32.5mm_P10.0mm_SnapIn,CP_Radial_D30.0mm_L32.5mm_P10.0mm_SnapIn.wrl,https://www.chemi-con.co.jp/products/relatedfiles/capacitor/catalog/KHSN-e.PDF,D30.0xL32.5;P10.0,2.0,4.0,kicad-standard-2pin-snapin,1
generated,470uF_450V_EKHS451VSN471MR40S,Chemi-Con,EKHS451VSN471MR40S,KHS,470uF,450V,CP_Radial_D30.0mm_L42.5mm_P10.0mm_SnapIn,CP_Radial_D30.0mm_L42.5mm_P10.0mm_SnapIn.wrl,https://www.chemi-con.co.jp/products/relatedfiles/capacitor/catalog/KHSN-e.PDF,D30.0xL42.5;P10.0,2.0,4.0,kicad-standard-2pin-snapin,1
generated,820uF_450V_EKHS451VSN821MR60S,Chemi-Con,EKHS451VSN821MR60S,KHS,820uF,450V,CP_Radial_D30.0mm_L62.5mm_P10.0mm_SnapIn,CP_Radial_D30.0mm_L62.5mm_P10.0mm_SnapIn.wrl,https://www.chemi-con.co.jp/products/relatedfiles/capacitor/catalog/KHSN-e.PDF,D30.0xL62.5;P10.0,2.0,4.0,kicad-standard-2pin-snapin,1
generated,100uF_450V_EKMM451VSN101MQ30S,Chemi-Con,EKMM451VSN101MQ30S,KMM,100uF,450V,CP_Radial_D25.4mm_L32.0mm_P10.0mm_SnapIn,CP_Radial_D25.4mm_L32.0mm_P10.0mm_SnapIn.wrl,https://www.chemi-con.co.jp/products/relatedfiles/capacitor/catalog/KMMN-e.PDF,D25.4xL32.0;P10.0,2.0,4.0,kicad-standard-2pin-snapin,1
generated,120uF_450V_EKMM451VSN121MP40S,Chemi-Con,EKMM451VSN121MP40S,KMM,120uF,450V,CP_Radial_D22.0mm_L42.0mm_P10.0mm_SnapIn,CP_Radial_D22.0mm_L42.0mm_P10.0mm_SnapIn.wrl,https://www.chemi-con.co.jp/products/relatedfiles/capacitor/catalog/KMMN-e.PDF,D22.0xL42.0;P10.0,2.0,4.0,kicad-standard-2pin-snapin,1
generated,150uF_450V_EKMM451VSN151MA25S,Chemi-Con,EKMM451VSN151MA25S,KMM,150uF,450V,CP_Radial_D35.0mm_L27.0mm_P10.0mm_SnapIn,CP_Radial_D35.0mm_L27.0mm_P10.0mm_SnapIn.wrl,https://www.chemi-con.co.jp/products/relatedfiles/capacitor/catalog/KMMN-e.PDF,D35.0xL27.0;P10.0,2.0,4.0,kicad-standard-2pin-snapin,1
generated,150uF_450V_EKMM451VSN151MQ35S,Chemi-Con,EKMM451VSN151MQ35S,KMM,150uF,450V,CP_Radial_D25.4mm_L37.0mm_P10.0mm_SnapIn,CP_Radial_D25.4mm_L37.0mm_P10.0mm_SnapIn.wrl,https://www.chemi-con.co.jp/products/relatedfiles/capacitor/catalog/KMMN-e.PDF,D25.4xL37.0;P10.0,2.0,4.0,kicad-standard-2pin-snapin,1
generated,180uF_450V_EKMM451VSN181MP50S,Chemi-Con,EKMM451VSN181MP50S,KMM,180uF,450V,CP_Radial_D22.0mm_L52.0mm_P10.0mm_SnapIn,CP_Radial_D22.0mm_L52.0mm_P10.0mm_SnapIn.wrl,https://www.chemi-con.co.jp/products/relatedfiles/capacitor/catalog/KMMN-e.PDF,D22.0xL52.0;P10.0,2.0,4.0,kicad-standard-2pin-snapin,1
generated,180uF_450V_EKMM451VSN181MR30S,Chemi-Con,EKMM451VSN181MR30S,KMM,180uF,450V,CP_Radial_D30.0mm_L32.0mm_P10.0mm_SnapIn,CP_Radial_D30.0mm_L32.0mm_P10.0mm_SnapIn.wrl,https://www.chemi-con.co.jp/products/relatedfiles/capacitor/catalog/KMMN-e.PDF,D30.0xL32.0;P10.0,2.0,4.0,kicad-standard-2pin-snapin,1
generated,220uF_450V_EKMM451VSN221MA30S,Chemi-Con,EKMM451VSN221MA30S,KMM,220uF,450V,CP_Radial_D35.0mm_L32.0mm_P10.0mm_SnapIn,CP_Radial_D35.0mm_L32.0mm_P10.0mm_SnapIn.wrl,https://www.chemi-con.co.jp/products/relatedfiles/capacitor/catalog/KMMN-e.PDF,D35.0xL32.0;P10.0,2.0,4.0,kicad-standard-2pin-snapin,1
generated,270uF_450V_EKMM451VSN271MA35S,Chemi-Con,EKMM451VSN271MA35S,KMM,270uF,450V,CP_Radial_D35.0mm_L37.0mm_P10.0mm_SnapIn,CP_Radial_D35.0mm_L37.0mm_P10.0mm_SnapIn.wrl,https://www.chemi-con.co.jp/products/relatedfiles/capacitor/catalog/KMMN-e.PDF,D35.0xL37.0;P10.0,2.0,4.0,kicad-standard-2pin-snapin,1
generated,270uF_450V_EKMM451VSN271MQ60S,Chemi-Con,EKMM451VSN271MQ60S,KMM,270uF,450V,CP_Radial_D25.4mm_L62.0mm_P10.0mm_SnapIn,CP_Radial_D25.4mm_L62.0mm_P10.0mm_SnapIn.wrl,https://www.chemi-con.co.jp/products/relatedfiles/capacitor/catalog/KMMN-e.PDF,D25.4xL62.0;P10.0,2.0,4.0,kicad-standard-2pin-snapin,1
generated,330uF_450V_EKMM451VSN331MA40S,Chemi-Con,EKMM451VSN331MA40S,KMM,330uF,450V,CP_Radial_D35.0mm_L42.0mm_P10.0mm_SnapIn,CP_Radial_D35.0mm_L42.0mm_P10.0mm_SnapIn.wrl,https://www.chemi-con.co.jp/products/relatedfiles/capacitor/catalog/KMMN-e.PDF,D35.0xL42.0;P10.0,2.0,4.0,kicad-standard-2pin-snapin,1
generated,390uF_450V_EKMM451VSN391MR60S,Chemi-Con,EKMM451VSN391MR60S,KMM,390uF,450V,CP_Radial_D30.0mm_L62.0mm_P10.0mm_SnapIn,CP_Radial_D30.0mm_L62.0mm_P10.0mm_SnapIn.wrl,https://www.chemi-con.co.jp/products/relatedfiles/capacitor/catalog/KMMN-e.PDF,D30.0xL62.0;P10.0,2.0,4.0,kicad-standard-2pin-snapin,1
generated,100uF_450V_EKMQ451ELL101MM40S,Chemi-Con,EKMQ451ELL101MM40S,KMQ,100uF,450V,CP_Radial_D18.0mm_L41.5mm_P7.5mm,CP_Radial_D18.0mm_L41.5mm_P7.5mm.wrl,${PL_SYMBOL_DIR}/PL Capacitor Electrolytic/Datasheets/KMQN-e.PDF,D18.0xL41.5;P7.5,1.0,1.8,supplied-manufacturer-table,1
generated,100uF_450V_EKMQ451VSN101MQ25S,Chemi-Con,EKMQ451VSN101MQ25S,KMQ,100uF,450V,CP_Radial_D25.4mm_L27.0mm_P10.0mm_SnapIn,CP_Radial_D25.4mm_L27.0mm_P10.0mm_SnapIn.wrl,${PL_SYMBOL_DIR}/PL Capacitor Electrolytic/Datasheets/KMQN-e.PDF,D25.4xL27.0;P10.0,2.0,4.0,kicad-standard-2pin-snapin,1
generated,120uF_450V_EKMQ451VSN121MQ30S,Chemi-Con,EKMQ451VSN121MQ30S,KMQ,120uF,450V,CP_Radial_D25.4mm_L32.0mm_P10.0mm_SnapIn,CP_Radial_D25.4mm_L32.0mm_P10.0mm_SnapIn.wrl,${PL_SYMBOL_DIR}/PL Capacitor Electrolytic/Datasheets/KMQN-e.PDF,D25.4xL32.0;P10.0,2.0,4.0,kicad-standard-2pin-snapin,1
generated,270uF_450V_EKMQ451VSN271MA30S,Chemi-Con,EKMQ451VSN271MA30S,KMQ,270uF,450V,CP_Radial_D35.0mm_L32.0mm_P10.0mm_SnapIn,CP_Radial_D35.0mm_L32.0mm_P10.0mm_SnapIn.wrl,${PL_SYMBOL_DIR}/PL Capacitor Electrolytic/Datasheets/KMQN-e.PDF,D35.0xL32.0;P10.0,2.0,4.0,kicad-standard-2pin-snapin,1
generated,390uF_450V_EKMQ451VSN391MA40S,Chemi-Con,EKMQ451VSN391MA40S,KMQ,390uF,450V,CP_Radial_D35.0mm_L42.0mm_P10.0mm_SnapIn,CP_Radial_D35.0mm_L42.0mm_P10.0mm_SnapIn.wrl,${PL_SYMBOL_DIR}/PL Capacitor Electrolytic/Datasheets/KMQN-e.PDF,D35.0xL42.0;P10.0,2.0,4.0,kicad-standard-2pin-snapin,1
generated,470uF_450V_EKMQ451VSN471MA45S,Chemi-Con,EKMQ451VSN471MA45S,KMQ,470uF,450V,CP_Radial_D35.0mm_L47.0mm_P10.0mm_SnapIn,CP_Radial_D35.0mm_L47.0mm_P10.0mm_SnapIn.wrl,${PL_SYMBOL_DIR}/PL Capacitor Electrolytic/Datasheets/KMQN-e.PDF,D35.0xL47.0;P10.0,2.0,4.0,kicad-standard-2pin-snapin,1
generated,560uF_450V_EKMQ451VSN561MA50S,Chemi-Con,EKMQ451VSN561MA50S,KMQ,560uF,450V,CP_Radial_D35.0mm_L52.0mm_P10.0mm_SnapIn,CP_Radial_D35.0mm_L52.0mm_P10.0mm_SnapIn.wrl,${PL_SYMBOL_DIR}/PL Capacitor Electrolytic/Datasheets/KMQN-e.PDF,D35.0xL52.0;P10.0,2.0,4.0,kicad-standard-2pin-snapin,1
generated,180uF_450V_EKMR451VSN181MP40S,Chemi-Con,EKMR451VSN181MP40S,KMR,180uF,450V,CP_Radial_D22.0mm_L42.5mm_P10.0mm_SnapIn,CP_Radial_D22.0mm_L42.5mm_P10.0mm_SnapIn.wrl,${PL_SYMBOL_DIR}/PL Capacitor Electrolytic/Datasheets/KMRN-e.PDF,D22.0xL42.5;P10.0,2.0,4.0,kicad-standard-2pin-snapin,1
generated,270uF_450V_EKMR451VSN271MQ45S,Chemi-Con,EKMR451VSN271MQ45S,KMR,270uF,450V,CP_Radial_D25.4mm_L47.5mm_P10.0mm_SnapIn,CP_Radial_D25.4mm_L47.5mm_P10.0mm_SnapIn.wrl,${PL_SYMBOL_DIR}/PL Capacitor Electrolytic/Datasheets/KMRN-e.PDF,D25.4xL47.5;P10.0,2.0,4.0,kicad-standard-2pin-snapin,1
generated,270uF_450V_EKMR451VSN271MR30S,Chemi-Con,EKMR451VSN271MR30S,KMR,270uF,450V,CP_Radial_D30.0mm_L32.5mm_P10.0mm_SnapIn,CP_Radial_D30.0mm_L32.5mm_P10.0mm_SnapIn.wrl,${PL_SYMBOL_DIR}/PL Capacitor Electrolytic/Datasheets/KMRN-e.PDF,D30.0xL32.5;P10.0,2.0,4.0,kicad-standard-2pin-snapin,1
generated,330uF_450V_EKMR451VSN331MQ50S,Chemi-Con,EKMR451VSN331MQ50S,KMR,330uF,450V,CP_Radial_D25.4mm_L52.5mm_P10.0mm_SnapIn,CP_Radial_D25.4mm_L52.5mm_P10.0mm_SnapIn.wrl,${PL_SYMBOL_DIR}/PL Capacitor Electrolytic/Datasheets/KMRN-e.PDF,D25.4xL52.5;P10.0,2.0,4.0,kicad-standard-2pin-snapin,1
generated,470uF_450V_EKMR451VSN471MR45S,Chemi-Con,EKMR451VSN471MR45S,KMR,470uF,450V,CP_Radial_D30.0mm_L47.0mm_P10.0mm_SnapIn,CP_Radial_D30.0mm_L47.0mm_P10.0mm_SnapIn.wrl,${PL_SYMBOL_DIR}/PL Capacitor Electrolytic/Datasheets/KMRN-e.PDF,D30.0xL47.0;P10.0,2.0,4.0,kicad-standard-2pin-snapin,1
generated,560uF_450V_EKMR451VSN561MA45S,Chemi-Con,EKMR451VSN561MA45S,KMR,560uF,450V,CP_Radial_D35.0mm_L47.5mm_P10.0mm_SnapIn,CP_Radial_D35.0mm_L47.5mm_P10.0mm_SnapIn.wrl,${PL_SYMBOL_DIR}/PL Capacitor Electrolytic/Datasheets/KMRN-e.PDF,D35.0xL47.5;P10.0,2.0,4.0,kicad-standard-2pin-snapin,1
generated,120uF_450V_EKMS451VSN121MP30S,Chemi-Con,EKMS451VSN121MP30S,KMS,120uF,450V,CP_Radial_D22.0mm_L32.5mm_P10.0mm_SnapIn,CP_Radial_D22.0mm_L32.5mm_P10.0mm_SnapIn.wrl,${PL_SYMBOL_DIR}/PL Capacitor Electrolytic/Datasheets/KMSN-e.PDF,D22.0xL32.5;P10.0,2.0,4.0,kicad-standard-2pin-snapin,1
generated,120uF_450V_EKMS451VSN121MP35S,Chemi-Con,EKMS451VSN121MP35S,KMS,120uF,450V,CP_Radial_D22.0mm_L37.5mm_P10.0mm_SnapIn,CP_Radial_D22.0mm_L37.5mm_P10.0mm_SnapIn.wrl,${PL_SYMBOL_DIR}/PL Capacitor Electrolytic/Datasheets/KMSN-e.PDF,D22.0xL37.5;P10.0,2.0,4.0,kicad-standard-2pin-snapin,1
generated,120uF_450V_EKMS451VSN121MQ25S,Chemi-Con,EKMS451VSN121MQ25S,KMS,120uF,450V,CP_Radial_D25.4mm_L27.5mm_P10.0mm_SnapIn,CP_Radial_D25.4mm_L27.5mm_P10.0mm_SnapIn.wrl,${PL_SYMBOL_DIR}/PL Capacitor Electrolytic/Datasheets/KMSN-e.PDF,D25.4xL27.5;P10.0,2.0,4.0,kicad-standard-2pin-snapin,1
generated,150uF_450V_EKMS451VSN151MP40S,Chemi-Con,EKMS451VSN151MP40S,KMS,150uF,450V,CP_Radial_D22.0mm_L42.5mm_P10.0mm_SnapIn,CP_Radial_D22.0mm_L42.5mm_P10.0mm_SnapIn.wrl,${PL_SYMBOL_DIR}/PL Capacitor Electrolytic/Datasheets/KMSN-e.PDF,D22.0xL42.5;P10.0,2.0,4.0,kicad-standard-2pin-snapin,1
generated,180uF_450V_EKMS451VSN181MQ35S,Chemi-Con,EKMS451VSN181MQ35S,KMS,180uF,450V,CP_Radial_D25.4mm_L37.5mm_P10.0mm_SnapIn,CP_Radial_D25.4mm_L37.5mm_P10.0mm_SnapIn.wrl,${PL_SYMBOL_DIR}/PL Capacitor Electrolytic/Datasheets/KMSN-e.PDF,D25.4xL37.5;P10.0,2.0,4.0,kicad-standard-2pin-snapin,1
generated,270uF_450V_EKMS451VSN271MA30S,Chemi-Con,EKMS451VSN271MA30S,KMS,270uF,450V,CP_Radial_D35.0mm_L32.5mm_P10.0mm_SnapIn,CP_Radial_D35.0mm_L32.5mm_P10.0mm_SnapIn.wrl,${PL_SYMBOL_DIR}/PL Capacitor Electrolytic/Datasheets/KMSN-e.PDF,D35.0xL32.5;P10.0,2.0,4.0,kicad-standard-2pin-snapin,1
generated,270uF_450V_EKMS451VSN271MQ45S,Chemi-Con,EKMS451VSN271MQ45S,KMS,270uF,450V,CP_Radial_D25.4mm_L47.5mm_P10.0mm_SnapIn,CP_Radial_D25.4mm_L47.5mm_P10.0mm_SnapIn.wrl,${PL_SYMBOL_DIR}/PL Capacitor Electrolytic/Datasheets/KMSN-e.PDF,D25.4xL47.5;P10.0,2.0,4.0,kicad-standard-2pin-snapin,1
generated,390uF_450V_EKMS451VSN391MR50S,Chemi-Con,EKMS451VSN391MR50S,KMS,390uF,450V,CP_Radial_D30.0mm_L52.5mm_P10.0mm_SnapIn,CP_Radial_D30.0mm_L52.5mm_P10.0mm_SnapIn.wrl,${PL_SYMBOL_DIR}/PL Capacitor Electrolytic/Datasheets/KMSN-e.PDF,D30.0xL52.5;P10.0,2.0,4.0,kicad-standard-2pin-snapin,1
generated,470uF_450V_EKMS451VSN471MA45S,Chemi-Con,EKMS451VSN471MA45S,KMS,470uF,450V,CP_Radial_D35.0mm_L47.5mm_P10.0mm_SnapIn,CP_Radial_D35.0mm_L47.5mm_P10.0mm_SnapIn.wrl,${PL_SYMBOL_DIR}/PL Capacitor Electrolytic/Datasheets/KMSN-e.PDF,D35.0xL47.5;P10.0,2.0,4.0,kicad-standard-2pin-snapin,1
generated,560uF_450V_EKMS451VSN561MA50S,Chemi-Con,EKMS451VSN561MA50S,KMS,560uF,450V,CP_Radial_D35.0mm_L52.5mm_P10.0mm_SnapIn,CP_Radial_D35.0mm_L52.5mm_P10.0mm_SnapIn.wrl,${PL_SYMBOL_DIR}/PL Capacitor Electrolytic/Datasheets/KMSN-e.PDF,D35.0xL52.5;P10.0,2.0,4.0,kicad-standard-2pin-snapin,1
generated,120uF_500V_EKMS501VSN121MP50S,Chemi-Con,EKMS501VSN121MP50S,KMS,120uF,500V,CP_Radial_D22.0mm_L52.5mm_P10.0mm_SnapIn,CP_Radial_D22.0mm_L52.5mm_P10.0mm_SnapIn.wrl,${PL_SYMBOL_DIR}/PL Capacitor Electrolytic/Datasheets/KMSN-e.PDF,D22.0xL52.5;P10.0,2.0,4.0,kicad-standard-2pin-snapin,1
generated,120uF_500V_EKMS501VSN121MR30S,Chemi-Con,EKMS501VSN121MR30S,KMS,120uF,500V,CP_Radial_D30.0mm_L32.5mm_P10.0mm_SnapIn,CP_Radial_D30.0mm_L32.5mm_P10.0mm_SnapIn.wrl,${PL_SYMBOL_DIR}/PL Capacitor Electrolytic/Datasheets/KMSN-e.PDF,D30.0xL32.5;P10.0,2.0,4.0,kicad-standard-2pin-snapin,1
generated,180uF_500V_EKMS501VSN181MA30S,Chemi-Con,EKMS501VSN181MA30S,KMS,180uF,500V,CP_Radial_D35.0mm_L32.5mm_P10.0mm_SnapIn,CP_Radial_D35.0mm_L32.5mm_P10.0mm_SnapIn.wrl,${PL_SYMBOL_DIR}/PL Capacitor Electrolytic/Datasheets/KMSN-e.PDF,D35.0xL32.5;P10.0,2.0,4.0,kicad-standard-2pin-snapin,1
generated,120uF_450V_EKMT451VSN121MP35S,Chemi-Con,EKMT451VSN121MP35S,KMT,120uF,450V,CP_Radial_D22.0mm_L37.5mm_P10.0mm_SnapIn,CP_Radial_D22.0mm_L37.5mm_P10.0mm_SnapIn.wrl,https://www.chemi-con.co.jp/products/relatedfiles/capacitor/catalog/KMTN-e.PDF,D22.0xL37.5;P10.0,2.0,4.0,kicad-standard-2pin-snapin,1
generated,150uF_450V_EKMT451VSN151MP40S,Chemi-Con,EKMT451VSN151MP40S,KMT,150uF,450V,CP_Radial_D22.0mm_L42.5mm_P10.0mm_SnapIn,CP_Radial_D22.0mm_L42.5mm_P10.0mm_SnapIn.wrl,https://www.chemi-con.co.jp/products/relatedfiles/capacitor/catalog/KMTN-e.PDF,D22.0xL42.5;P10.0,2.0,4.0,kicad-standard-2pin-snapin,1
generated,150uF_450V_EKMT451VSN151MQ35S,Chemi-Con,EKMT451VSN151MQ35S,KMT,150uF,450V,CP_Radial_D25.4mm_L37.5mm_P10.0mm_SnapIn,CP_Radial_D25.4mm_L37.5mm_P10.0mm_SnapIn.wrl,https://www.chemi-con.co.jp/products/relatedfiles/capacitor/catalog/KMTN-e.PDF,D25.4xL37.5;P10.0,2.0,4.0,kicad-standard-2pin-snapin,1
generated,180uF_450V_EKMT451VSN181MP45S,Chemi-Con,EKMT451VSN181MP45S,KMT,180uF,450V,CP_Radial_D22.0mm_L47.5mm_P10.0mm_SnapIn,CP_Radial_D22.0mm_L47.5mm_P10.0mm_SnapIn.wrl,https://www.chemi-con.co.jp/products/relatedfiles/capacitor/catalog/KMTN-e.PDF,D22.0xL47.5;P10.0,2.0,4.0,kicad-standard-2pin-snapin,1
generated,180uF_450V_EKMT451VSN181MQ40S,Chemi-Con,EKMT451VSN181MQ40S,KMT,180uF,450V,CP_Radial_D25.4mm_L42.5mm_P10.0mm_SnapIn,CP_Radial_D25.4mm_L42.5mm_P10.0mm_SnapIn.wrl,https://www.chemi-con.co.jp/products/relatedfiles/capacitor/catalog/KMTN-e.PDF,D25.4xL42.5;P10.0,2.0,4.0,kicad-standard-2pin-snapin,1
generated,180uF_450V_EKMT451VSN181MR30S,Chemi-Con,EKMT451VSN181MR30S,KMT,180uF,450V,CP_Radial_D30.0mm_L32.5mm_P10.0mm_SnapIn,CP_Radial_D30.0mm_L32.5mm_P10.0mm_SnapIn.wrl,https://www.chemi-con.co.jp/products/relatedfiles/capacitor/catalog/KMTN-e.PDF,D30.0xL32.5;P10.0,2.0,4.0,kicad-standard-2pin-snapin,1
generated,220uF_450V_EKMT451VSN221MR35S,Chemi-Con,EKMT451VSN221MR35S,KMT,220uF,450V,CP_Radial_D30.0mm_L37.5mm_P10.0mm_SnapIn,CP_Radial_D30.0mm_L37.5mm_P10.0mm_SnapIn.wrl,https://www.chemi-con.co.jp/products/relatedfiles/capacitor/catalog/KMTN-e.PDF,D30.0xL37.5;P10.0,2.0,4.0,kicad-standard-2pin-snapin,1
generated,270uF_450V_EKMT451VSN271MA30S,Chemi-Con,EKMT451VSN271MA30S,KMT,270uF,450V,CP_Radial_D35.0mm_L32.5mm_P10.0mm_SnapIn,CP_Radial_D35.0mm_L32.5mm_P10.0mm_SnapIn.wrl,https://www.chemi-con.co.jp/products/relatedfiles/capacitor/catalog/KMTN-e.PDF,D35.0xL32.5;P10.0,2.0,4.0,kicad-standard-2pin-snapin,1
generated,270uF_450V_EKMT451VSN271MQ50S,Chemi-Con,EKMT451VSN271MQ50S,KMT,270uF,450V,CP_Radial_D25.4mm_L52.5mm_P10.0mm_SnapIn,CP_Radial_D25.4mm_L52.5mm_P10.0mm_SnapIn.wrl,https://www.chemi-con.co.jp/products/relatedfiles/capacitor/catalog/KMTN-e.PDF,D25.4xL52.5;P10.0,2.0,4.0,kicad-standard-2pin-snapin,1
generated,270uF_450V_EKMT451VSN271MR40S,Chemi-Con,EKMT451VSN271MR40S,KMT,270uF,450V,CP_Radial_D30.0mm_L42.5mm_P10.0mm_SnapIn,CP_Radial_D30.0mm_L42.5mm_P10.0mm_SnapIn.wrl,https://www.chemi-con.co.jp/products/relatedfiles/capacitor/catalog/KMTN-e.PDF,D30.0xL42.5;P10.0,2.0,4.0,kicad-standard-2pin-snapin,1
generated,330uF_450V_EKMT451VSN331MA35S,Chemi-Con,EKMT451VSN331MA35S,KMT,330uF,450V,CP_Radial_D35.0mm_L37.5mm_P10.0mm_SnapIn,CP_Radial_D35.0mm_L37.5mm_P10.0mm_SnapIn.wrl,https://www.chemi-con.co.jp/products/relatedfiles/capacitor/catalog/KMTN-e.PDF,D35.0xL37.5;P10.0,2.0,4.0,kicad-standard-2pin-snapin,1
generated,560uF_450V_EKMT451VSN561MA50S,Chemi-Con,EKMT451VSN561MA50S,KMT,560uF,450V,CP_Radial_D35.0mm_L52.5mm_P10.0mm_SnapIn,CP_Radial_D35.0mm_L52.5mm_P10.0mm_SnapIn.wrl,https://www.chemi-con.co.jp/products/relatedfiles/capacitor/catalog/KMTN-e.PDF,D35.0xL52.5;P10.0,2.0,4.0,kicad-standard-2pin-snapin,1
generated,150uF_450V_EKMW451VSN151MQ25S,Chemi-Con,EKMW451VSN151MQ25S,KMW,150uF,450V,CP_Radial_D25.4mm_L27.5mm_P10.0mm_SnapIn,CP_Radial_D25.4mm_L27.5mm_P10.0mm_SnapIn.wrl,https://www.chemi-con.co.jp/products/relatedfiles/capacitor/catalog/KMWN-e.PDF,D25.4xL27.5;P10.0,2.0,4.0,kicad-standard-2pin-snapin,1
generated,180uF_450V_EKMW451VSN181MP35S,Chemi-Con,EKMW451VSN181MP35S,KMW,180uF,450V,CP_Radial_D22.0mm_L37.5mm_P10.0mm_SnapIn,CP_Radial_D22.0mm_L37.5mm_P10.0mm_SnapIn.wrl,https://www.chemi-con.co.jp/products/relatedfiles/capacitor/catalog/KMWN-e.PDF,D22.0xL37.5;P10.0,2.0,4.0,kicad-standard-2pin-snapin,1
generated,180uF_450V_EKMW451VSN181MQ30S,Chemi-Con,EKMW451VSN181MQ30S,KMW,180uF,450V,CP_Radial_D25.4mm_L32.5mm_P10.0mm_SnapIn,CP_Radial_D25.4mm_L32.5mm_P10.0mm_SnapIn.wrl,https://www.chemi-con.co.jp/products/relatedfiles/capacitor/catalog/KMWN-e.PDF,D25.4xL32.5;P10.0,2.0,4.0,kicad-standard-2pin-snapin,1
generated,220uF_450V_EKMW451VSN221MQ35S,Chemi-Con,EKMW451VSN221MQ35S,KMW,220uF,450V,CP_Radial_D25.4mm_L37.5mm_P10.0mm_SnapIn,CP_Radial_D25.4mm_L37.5mm_P10.0mm_SnapIn.wrl,https://www.chemi-con.co.jp/products/relatedfiles/capacitor/catalog/KMWN-e.PDF,D25.4xL37.5;P10.0,2.0,4.0,kicad-standard-2pin-snapin,1
generated,330uF_450V_EKMW451VSN331MQ45S,Chemi-Con,EKMW451VSN331MQ45S,KMW,330uF,450V,CP_Radial_D25.4mm_L47.5mm_P10.0mm_SnapIn,CP_Radial_D25.4mm_L47.5mm_P10.0mm_SnapIn.wrl,https://www.chemi-con.co.jp/products/relatedfiles/capacitor/catalog/KMWN-e.PDF,D25.4xL47.5;P10.0,2.0,4.0,kicad-standard-2pin-snapin,1
generated,330uF_450V_EKMW451VSN331MR35S,Chemi-Con,EKMW451VSN331MR35S,KMW,330uF,450V,CP_Radial_D30.0mm_L37.5mm_P10.0mm_SnapIn,CP_Radial_D30.0mm_L37.5mm_P10.0mm_SnapIn.wrl,https://www.chemi-con.co.jp/products/relatedfiles/capacitor/catalog/KMWN-e.PDF,D30.0xL37.5;P10.0,2.0,4.0,kicad-standard-2pin-snapin,1
generated,680uF_450V_EKMW451VSN681MA45S,Chemi-Con,EKMW451VSN681MA45S,KMW,680uF,450V,CP_Radial_D35.0mm_L47.5mm_P10.0mm_SnapIn,CP_Radial_D35.0mm_L47.5mm_P10.0mm_SnapIn.wrl,https://www.chemi-con.co.jp/products/relatedfiles/capacitor/catalog/KMWN-e.PDF,D35.0xL47.5;P10.0,2.0,4.0,kicad-standard-2pin-snapin,1
generated,220uF_450V_EKMZ451VSN221MQ30S,Chemi-Con,EKMZ451VSN221MQ30S,KMZ,220uF,450V,CP_Radial_D25.4mm_L32.5mm_P10.0mm_SnapIn,CP_Radial_D25.4mm_L32.5mm_P10.0mm_SnapIn.wrl,${PL_SYMBOL_DIR}/PL Capacitor Electrolytic/Datasheets/KMZN-e.PDF,D25.4xL32.5;P10.0,2.0,4.0,kicad-standard-2pin-snapin,1
generated,270uF_450V_EKMZ451VSN271MR25S,Chemi-Con,EKMZ451VSN271MR25S,KMZ,270uF,450V,CP_Radial_D30.0mm_L27.5mm_P10.0mm_SnapIn,CP_Radial_D30.0mm_L27.5mm_P10.0mm_SnapIn.wrl,${PL_SYMBOL_DIR}/PL Capacitor Electrolytic/Datasheets/KMZN-e.PDF,D30.0xL27.5;P10.0,2.0,4.0,kicad-standard-2pin-snapin,1
generated,330uF_450V_EKMZ451VSN331MP50S,Chemi-Con,EKMZ451VSN331MP50S,KMZ,330uF,450V,CP_Radial_D22.0mm_L52.5mm_P10.0mm_SnapIn,CP_Radial_D22.0mm_L52.5mm_P10.0mm_SnapIn.wrl,${PL_SYMBOL_DIR}/PL Capacitor Electrolytic/Datasheets/KMZN-e.PDF,D22.0xL52.5;P10.0,2.0,4.0,kicad-standard-2pin-snapin,1
generated,390uF_450V_EKMZ451VSN391MR35S,Chemi-Con,EKMZ451VSN391MR35S,KMZ,390uF,450V,CP_Radial_D30.0mm_L37.5mm_P10.0mm_SnapIn,CP_Radial_D30.0mm_L37.5mm_P10.0mm_SnapIn.wrl,${PL_SYMBOL_DIR}/PL Capacitor Electrolytic/Datasheets/KMZN-e.PDF,D30.0xL37.5;P10.0,2.0,4.0,kicad-standard-2pin-snapin,1
generated,470uF_450V_EKMZ451VSN471MR40S,Chemi-Con,EKMZ451VSN471MR40S,KMZ,470uF,450V,CP_Radial_D30.0mm_L42.5mm_P10.0mm_SnapIn,CP_Radial_D30.0mm_L42.5mm_P10.0mm_SnapIn.wrl,${PL_SYMBOL_DIR}/PL Capacitor Electrolytic/Datasheets/KMZN-e.PDF,D30.0xL42.5;P10.0,2.0,4.0,kicad-standard-2pin-snapin,1
generated,120uF_450V_EKRB451VSN121MA35M,Chemi-Con,EKRB451VSN121MA35M,KRB,120uF,450V,CP_Radial_D35.0mm_L37.5mm_P10.0mm_SnapIn,CP_Radial_D35.0mm_L37.5mm_P10.0mm_SnapIn.wrl,//mm.digikey.com/Volume0/opasdata/d220001/medias/docus/6022/KRB%20Series.pdf,D35.0xL37.5;P10.0,2.0,4.0,kicad-standard-2pin-snapin,1
generated,130uF_450V_EKRB451VSN131MR46M,Chemi-Con,EKRB451VSN131MR46M,KRB,130uF,450V,CP_Radial_D30.0mm_L48.5mm_P10.0mm_SnapIn,CP_Radial_D30.0mm_L48.5mm_P10.0mm_SnapIn.wrl,//mm.digikey.com/Volume0/opasdata/d220001/medias/docus/6022/KRB%20Series.pdf,D30.0xL48.5;P10.0,2.0,4.0,kicad-standard-2pin-snapin,1
generated,150uF_450V_EKRB451VSN151MR51M,Chemi-Con,EKRB451VSN151MR51M,KRB,150uF,450V,CP_Radial_D30.0mm_L53.5mm_P10.0mm_SnapIn,CP_Radial_D30.0mm_L53.5mm_P10.0mm_SnapIn.wrl,//mm.digikey.com/Volume0/opasdata/d220001/medias/docus/6022/KRB%20Series.pdf,D30.0xL53.5;P10.0,2.0,4.0,kicad-standard-2pin-snapin,1
generated,160uF_450V_EKRB451VSN161MA41M,Chemi-Con,EKRB451VSN161MA41M,KRB,160uF,450V,CP_Radial_D35.0mm_L43.5mm_P10.0mm_SnapIn,CP_Radial_D35.0mm_L43.5mm_P10.0mm_SnapIn.wrl,//mm.digikey.com/Volume0/opasdata/d220001/medias/docus/6022/KRB%20Series.pdf,D35.0xL43.5;P10.0,2.0,4.0,kicad-standard-2pin-snapin,1
generated,160uF_450V_EKRB451VSN161MR54M,Chemi-Con,EKRB451VSN161MR54M,KRB,160uF,450V,CP_Radial_D30.0mm_L56.5mm_P10.0mm_SnapIn,CP_Radial_D30.0mm_L56.5mm_P10.0mm_SnapIn.wrl,//mm.digikey.com/Volume0/opasdata/d220001/medias/docus/6022/KRB%20Series.pdf,D30.0xL56.5;P10.0,2.0,4.0,kicad-standard-2pin-snapin,1
generated,180uF_450V_EKRB451VSN181MA46M,Chemi-Con,EKRB451VSN181MA46M,KRB,180uF,450V,CP_Radial_D35.0mm_L48.5mm_P10.0mm_SnapIn,CP_Radial_D35.0mm_L48.5mm_P10.0mm_SnapIn.wrl,//mm.digikey.com/Volume0/opasdata/d220001/medias/docus/6022/KRB%20Series.pdf,D35.0xL48.5;P10.0,2.0,4.0,kicad-standard-2pin-snapin,1
generated,180uF_450V_EKRB451VSN181MR59M,Chemi-Con,EKRB451VSN181MR59M,KRB,180uF,450V,CP_Radial_D30.0mm_L61.5mm_P10.0mm_SnapIn,CP_Radial_D30.0mm_L61.5mm_P10.0mm_SnapIn.wrl,//mm.digikey.com/Volume0/opasdata/d220001/medias/docus/6022/KRB%20Series.pdf,D30.0xL61.5;P10.0,2.0,4.0,kicad-standard-2pin-snapin,1
generated,210uF_450V_EKRB451VSN211MA51M,Chemi-Con,EKRB451VSN211MA51M,KRB,210uF,450V,CP_Radial_D35.0mm_L53.5mm_P10.0mm_SnapIn,CP_Radial_D35.0mm_L53.5mm_P10.0mm_SnapIn.wrl,//mm.digikey.com/Volume0/opasdata/d220001/medias/docus/6022/KRB%20Series.pdf,D35.0xL53.5;P10.0,2.0,4.0,kicad-standard-2pin-snapin,1
generated,220uF_450V_EKRB451VSN221MA54M,Chemi-Con,EKRB451VSN221MA54M,KRB,220uF,450V,CP_Radial_D35.0mm_L56.5mm_P10.0mm_SnapIn,CP_Radial_D35.0mm_L56.5mm_P10.0mm_SnapIn.wrl,//mm.digikey.com/Volume0/opasdata/d220001/medias/docus/6022/KRB%20Series.pdf,D35.0xL56.5;P10.0,2.0,4.0,kicad-standard-2pin-snapin,1
generated,250uF_450V_EKRB451VSN251MA59M,Chemi-Con,EKRB451VSN251MA59M,KRB,250uF,450V,CP_Radial_D35.0mm_L61.5mm_P10.0mm_SnapIn,CP_Radial_D35.0mm_L61.5mm_P10.0mm_SnapIn.wrl,//mm.digikey.com/Volume0/opasdata/d220001/medias/docus/6022/KRB%20Series.pdf,D35.0xL61.5;P10.0,2.0,4.0,kicad-standard-2pin-snapin,1
generated,160uF_450V_EKVA451VSN161MQ25S,Chemi-Con,EKVA451VSN161MQ25S,KVA,160uF,450V,CP_Radial_D25.4mm_L27.5mm_P10.0mm_SnapIn,CP_Radial_D25.4mm_L27.5mm_P10.0mm_SnapIn.wrl,https://www.chemi-con.co.jp/products/relatedfiles/capacitor/catalog/KVAN-e.PDF,D25.4xL27.5;P10.0,2.0,4.0,kicad-standard-2pin-snapin,1
generated,210uF_450V_EKVA451VSN211MQ30S,Chemi-Con,EKVA451VSN211MQ30S,KVA,210uF,450V,CP_Radial_D25.4mm_L32.5mm_P10.0mm_SnapIn,CP_Radial_D25.4mm_L32.5mm_P10.0mm_SnapIn.wrl,https://www.chemi-con.co.jp/products/relatedfiles/capacitor/catalog/KVAN-e.PDF,D25.4xL32.5;P10.0,2.0,4.0,kicad-standard-2pin-snapin,1
generated,230uF_450V_EKVA451VSN231MR25S,Chemi-Con,EKVA451VSN231MR25S,KVA,230uF,450V,CP_Radial_D30.0mm_L27.5mm_P10.0mm_SnapIn,CP_Radial_D30.0mm_L27.5mm_P10.0mm_SnapIn.wrl,https://www.chemi-con.co.jp/products/relatedfiles/capacitor/catalog/KVAN-e.PDF,D30.0xL27.5;P10.0,2.0,4.0,kicad-standard-2pin-snapin,1
generated,250uF_450V_EKVA451VSN251MQ35S,Chemi-Con,EKVA451VSN251MQ35S,KVA,250uF,450V,CP_Radial_D25.4mm_L37.5mm_P10.0mm_SnapIn,CP_Radial_D25.4mm_L37.5mm_P10.0mm_SnapIn.wrl,https://www.chemi-con.co.jp/products/relatedfiles/capacitor/catalog/KVAN-e.PDF,D25.4xL37.5;P10.0,2.0,4.0,kicad-standard-2pin-snapin,1
generated,290uF_450V_EKVA451VSN291MA25S,Chemi-Con,EKVA451VSN291MA25S,KVA,290uF,450V,CP_Radial_D35.0mm_L27.5mm_P10.0mm_SnapIn,CP_Radial_D35.0mm_L27.5mm_P10.0mm_SnapIn.wrl,https://www.chemi-con.co.jp/products/relatedfiles/capacitor/catalog/KVAN-e.PDF,D35.0xL27.5;P10.0,2.0,4.0,kicad-standard-2pin-snapin,1
generated,300uF_450V_EKVA451VSN301MQ40S,Chemi-Con,EKVA451VSN301MQ40S,KVA,300uF,450V,CP_Radial_D25.4mm_L42.5mm_P10.0mm_SnapIn,CP_Radial_D25.4mm_L42.5mm_P10.0mm_SnapIn.wrl,https://www.chemi-con.co.jp/products/relatedfiles/capacitor/catalog/KVAN-e.PDF,D25.4xL42.5;P10.0,2.0,4.0,kicad-standard-2pin-snapin,1
generated,300uF_450V_EKVA451VSN301MR30S,Chemi-Con,EKVA451VSN301MR30S,KVA,300uF,450V,CP_Radial_D30.0mm_L32.5mm_P10.0mm_SnapIn,CP_Radial_D30.0mm_L32.5mm_P10.0mm_SnapIn.wrl,https://www.chemi-con.co.jp/products/relatedfiles/capacitor/catalog/KVAN-e.PDF,D30.0xL32.5;P10.0,2.0,4.0,kicad-standard-2pin-snapin,1
generated,350uF_450V_EKVA451VSN351MQ45S,Chemi-Con,EKVA451VSN351MQ45S,KVA,350uF,450V,CP_Radial_D25.4mm_L47.5mm_P10.0mm_SnapIn,CP_Radial_D25.4mm_L47.5mm_P10.0mm_SnapIn.wrl,https://www.chemi-con.co.jp/products/relatedfiles/capacitor/catalog/KVAN-e.PDF,D25.4xL47.5;P10.0,2.0,4.0,kicad-standard-2pin-snapin,1
generated,370uF_450V_EKVA451VSN371MR35S,Chemi-Con,EKVA451VSN371MR35S,KVA,370uF,450V,CP_Radial_D30.0mm_L37.5mm_P10.0mm_SnapIn,CP_Radial_D30.0mm_L37.5mm_P10.0mm_SnapIn.wrl,https://www.chemi-con.co.jp/products/relatedfiles/capacitor/catalog/KVAN-e.PDF,D30.0xL37.5;P10.0,2.0,4.0,kicad-standard-2pin-snapin,1
generated,480uF_450V_EKVA451VSN481MA35S,Chemi-Con,EKVA451VSN481MA35S,KVA,480uF,450V,CP_Radial_D35.0mm_L37.5mm_P10.0mm_SnapIn,CP_Radial_D35.0mm_L37.5mm_P10.0mm_SnapIn.wrl,https://www.chemi-con.co.jp/products/relatedfiles/capacitor/catalog/KVAN-e.PDF,D35.0xL37.5;P10.0,2.0,4.0,kicad-standard-2pin-snapin,1
generated,490uF_450V_EKVA451VSN491MQ60S,Chemi-Con,EKVA451VSN491MQ60S,KVA,490uF,450V,CP_Radial_D25.4mm_L62.5mm_P10.0mm_SnapIn,CP_Radial_D25.4mm_L62.5mm_P10.0mm_SnapIn.wrl,https://www.chemi-con.co.jp/products/relatedfiles/capacitor/catalog/KVAN-e.PDF,D25.4xL62.5;P10.0,2.0,4.0,kicad-standard-2pin-snapin,1
generated,510uF_450V_EKVA451VSN511MR45S,Chemi-Con,EKVA451VSN511MR45S,KVA,510uF,450V,CP_Radial_D30.0mm_L47.5mm_P10.0mm_SnapIn,CP_Radial_D30.0mm_L47.5mm_P10.0mm_SnapIn.wrl,https://www.chemi-con.co.jp/products/relatedfiles/capacitor/catalog/KVAN-e.PDF,D30.0xL47.5;P10.0,2.0,4.0,kicad-standard-2pin-snapin,1
generated,580uF_450V_EKVA451VSN581MA40S,Chemi-Con,EKVA451VSN581MA40S,KVA,580uF,450V,CP_Radial_D35.0mm_L42.5mm_P10.0mm_SnapIn,CP_Radial_D35.0mm_L42.5mm_P10.0mm_SnapIn.wrl,https://www.chemi-con.co.jp/products/relatedfiles/capacitor/catalog/KVAN-e.PDF,D35.0xL42.5;P10.0,2.0,4.0,kicad-standard-2pin-snapin,1
generated,580uF_450V_EKVA451VSN581MR50S,Chemi-Con,EKVA451VSN581MR50S,KVA,580uF,450V,CP_Radial_D30.0mm_L52.5mm_P10.0mm_SnapIn,CP_Radial_D30.0mm_L52.5mm_P10.0mm_SnapIn.wrl,https://www.chemi-con.co.jp/products/relatedfiles/capacitor/catalog/KVAN-e.PDF,D30.0xL52.5;P10.0,2.0,4.0,kicad-standard-2pin-snapin,1
generated,730uF_450V_EKVA451VSN731MR60S,Chemi-Con,EKVA451VSN731MR60S,KVA,730uF,450V,CP_Radial_D30.0mm_L62.5mm_P10.0mm_SnapIn,CP_Radial_D30.0mm_L62.5mm_P10.0mm_SnapIn.wrl,https://www.chemi-con.co.jp/products/relatedfiles/capacitor/catalog/KVAN-e.PDF,D30.0xL62.5;P10.0,2.0,4.0,kicad-standard-2pin-snapin,1
generated,880uF_450V_EKVA451VSN881MA55S,Chemi-Con,EKVA451VSN881MA55S,KVA,880uF,450V,CP_Radial_D35.0mm_L57.5mm_P10.0mm_SnapIn,CP_Radial_D35.0mm_L57.5mm_P10.0mm_SnapIn.wrl,https://www.chemi-con.co.jp/products/relatedfiles/capacitor/catalog/KVAN-e.PDF,D35.0xL57.5;P10.0,2.0,4.0,kicad-standard-2pin-snapin,1
generated,970uF_450V_EKVA451VSN971MA60S,Chemi-Con,EKVA451VSN971MA60S,KVA,970uF,450V,CP_Radial_D35.0mm_L62.5mm_P10.0mm_SnapIn,CP_Radial_D35.0mm_L62.5mm_P10.0mm_SnapIn.wrl,https://www.chemi-con.co.jp/products/relatedfiles/capacitor/catalog/KVAN-e.PDF,D35.0xL62.5;P10.0,2.0,4.0,kicad-standard-2pin-snapin,1
generated,150uF_450V_EKVB451VSN151MQ25S,Chemi-Con,EKVB451VSN151MQ25S,KVB,150uF,450V,CP_Radial_D25.4mm_L27.5mm_P10.0mm_SnapIn,CP_Radial_D25.4mm_L27.5mm_P10.0mm_SnapIn.wrl,https://www.chemi-con.co.jp/products/relatedfiles/capacitor/catalog/KVBN-e.PDF,D25.4xL27.5;P10.0,2.0,4.0,kicad-standard-2pin-snapin,1
generated,220uF_450V_EKVB451VSN221MR25S,Chemi-Con,EKVB451VSN221MR25S,KVB,220uF,450V,CP_Radial_D30.0mm_L27.5mm_P10.0mm_SnapIn,CP_Radial_D30.0mm_L27.5mm_P10.0mm_SnapIn.wrl,https://www.chemi-con.co.jp/products/relatedfiles/capacitor/catalog/KVBN-e.PDF,D30.0xL27.5;P10.0,2.0,4.0,kicad-standard-2pin-snapin,1
generated,240uF_450V_EKVB451VSN241MQ35S,Chemi-Con,EKVB451VSN241MQ35S,KVB,240uF,450V,CP_Radial_D25.4mm_L37.5mm_P10.0mm_SnapIn,CP_Radial_D25.4mm_L37.5mm_P10.0mm_SnapIn.wrl,https://www.chemi-con.co.jp/products/relatedfiles/capacitor/catalog/KVBN-e.PDF,D25.4xL37.5;P10.0,2.0,4.0,kicad-standard-2pin-snapin,1
generated,270uF_450V_EKVB451VSN271MA25S,Chemi-Con,EKVB451VSN271MA25S,KVB,270uF,450V,CP_Radial_D35.0mm_L27.5mm_P10.0mm_SnapIn,CP_Radial_D35.0mm_L27.5mm_P10.0mm_SnapIn.wrl,https://www.chemi-con.co.jp/products/relatedfiles/capacitor/catalog/KVBN-e.PDF,D35.0xL27.5;P10.0,2.0,4.0,kicad-standard-2pin-snapin,1
generated,290uF_450V_EKVB451VSN291MQ40S,Chemi-Con,EKVB451VSN291MQ40S,KVB,290uF,450V,CP_Radial_D25.4mm_L42.5mm_P10.0mm_SnapIn,CP_Radial_D25.4mm_L42.5mm_P10.0mm_SnapIn.wrl,https://www.chemi-con.co.jp/products/relatedfiles/capacitor/catalog/KVBN-e.PDF,D25.4xL42.5;P10.0,2.0,4.0,kicad-standard-2pin-snapin,1
generated,290uF_450V_EKVB451VSN291MR30S,Chemi-Con,EKVB451VSN291MR30S,KVB,290uF,450V,CP_Radial_D30.0mm_L32.5mm_P10.0mm_SnapIn,CP_Radial_D30.0mm_L32.5mm_P10.0mm_SnapIn.wrl,https://www.chemi-con.co.jp/products/relatedfiles/capacitor/catalog/KVBN-e.PDF,D30.0xL32.5;P10.0,2.0,4.0,kicad-standard-2pin-snapin,1
generated,330uF_450V_EKVB451VSN331MQ45S,Chemi-Con,EKVB451VSN331MQ45S,KVB,330uF,450V,CP_Radial_D25.4mm_L47.5mm_P10.0mm_SnapIn,CP_Radial_D25.4mm_L47.5mm_P10.0mm_SnapIn.wrl,https://www.chemi-con.co.jp/products/relatedfiles/capacitor/catalog/KVBN-e.PDF,D25.4xL47.5;P10.0,2.0,4.0,kicad-standard-2pin-snapin,1
generated,350uF_450V_EKVB451VSN351MR35S,Chemi-Con,EKVB451VSN351MR35S,KVB,350uF,450V,CP_Radial_D30.0mm_L37.5mm_P10.0mm_SnapIn,CP_Radial_D30.0mm_L37.5mm_P10.0mm_SnapIn.wrl,https://www.chemi-con.co.jp/products/relatedfiles/capacitor/catalog/KVBN-e.PDF,D30.0xL37.5;P10.0,2.0,4.0,kicad-standard-2pin-snapin,1
generated,370uF_450V_EKVB451VSN371MA30S,Chemi-Con,EKVB451VSN371MA30S,KVB,370uF,450V,CP_Radial_D35.0mm_L32.5mm_P10.0mm_SnapIn,CP_Radial_D35.0mm_L32.5mm_P10.0mm_SnapIn.wrl,https://www.chemi-con.co.jp/products/relatedfiles/capacitor/catalog/KVBN-e.PDF,D35.0xL32.5;P10.0,2.0,4.0,kicad-standard-2pin-snapin,1
generated,380uF_450V_EKVB451VSN381MQ50S,Chemi-Con,EKVB451VSN381MQ50S,KVB,380uF,450V,CP_Radial_D25.4mm_L52.5mm_P10.0mm_SnapIn,CP_Radial_D25.4mm_L52.5mm_P10.0mm_SnapIn.wrl,https://www.chemi-con.co.jp/products/relatedfiles/capacitor/catalog/KVBN-e.PDF,D25.4xL52.5;P10.0,2.0,4.0,kicad-standard-2pin-snapin,1
generated,420uF_450V_EKVB451VSN421MQ55S,Chemi-Con,EKVB451VSN421MQ55S,KVB,420uF,450V,CP_Radial_D25.4mm_L57.5mm_P10.0mm_SnapIn,CP_Radial_D25.4mm_L57.5mm_P10.0mm_SnapIn.wrl,https://www.chemi-con.co.jp/products/relatedfiles/capacitor/catalog/KVBN-e.PDF,D25.4xL57.5;P10.0,2.0,4.0,kicad-standard-2pin-snapin,1
generated,420uF_450V_EKVB451VSN421MR40S,Chemi-Con,EKVB451VSN421MR40S,KVB,420uF,450V,CP_Radial_D30.0mm_L42.5mm_P10.0mm_SnapIn,CP_Radial_D30.0mm_L42.5mm_P10.0mm_SnapIn.wrl,https://www.chemi-con.co.jp/products/relatedfiles/capacitor/catalog/KVBN-e.PDF,D30.0xL42.5;P10.0,2.0,4.0,kicad-standard-2pin-snapin,1
generated,470uF_450V_EKVB451VSN471MQ60S,Chemi-Con,EKVB451VSN471MQ60S,KVB,470uF,450V,CP_Radial_D25.4mm_L62.5mm_P10.0mm_SnapIn,CP_Radial_D25.4mm_L62.5mm_P10.0mm_SnapIn.wrl,https://www.chemi-con.co.jp/products/relatedfiles/capacitor/catalog/KVBN-e.PDF,D25.4xL62.5;P10.0,2.0,4.0,kicad-standard-2pin-snapin,1
generated,490uF_450V_EKVB451VSN491MR45S,Chemi-Con,EKVB451VSN491MR45S,KVB,490uF,450V,CP_Radial_D30.0mm_L47.5mm_P10.0mm_SnapIn,CP_Radial_D30.0mm_L47.5mm_P10.0mm_SnapIn.wrl,https://www.chemi-con.co.jp/products/relatedfiles/capacitor/catalog/KVBN-e.PDF,D30.0xL47.5;P10.0,2.0,4.0,kicad-standard-2pin-snapin,1
generated,550uF_450V_EKVB451VSN551MA40S,Chemi-Con,EKVB451VSN551MA40S,KVB,550uF,450V,CP_Radial_D35.0mm_L42.5mm_P10.0mm_SnapIn,CP_Radial_D35.0mm_L42.5mm_P10.0mm_SnapIn.wrl,https://www.chemi-con.co.jp/products/relatedfiles/capacitor/catalog/KVBN-e.PDF,D35.0xL42.5;P10.0,2.0,4.0,kicad-standard-2pin-snapin,1
generated,560uF_450V_EKVB451VSN561MR50S,Chemi-Con,EKVB451VSN561MR50S,KVB,560uF,450V,CP_Radial_D30.0mm_L52.5mm_P10.0mm_SnapIn,CP_Radial_D30.0mm_L52.5mm_P10.0mm_SnapIn.wrl,https://www.chemi-con.co.jp/products/relatedfiles/capacitor/catalog/KVBN-e.PDF,D30.0xL52.5;P10.0,2.0,4.0,kicad-standard-2pin-snapin,1
generated,620uF_450V_EKVB451VSN621MR55S,Chemi-Con,EKVB451VSN621MR55S,KVB,620uF,450V,CP_Radial_D30.0mm_L57.5mm_P10.0mm_SnapIn,CP_Radial_D30.0mm_L57.5mm_P10.0mm_SnapIn.wrl,https://www.chemi-con.co.jp/products/relatedfiles/capacitor/catalog/KVBN-e.PDF,D30.0xL57.5;P10.0,2.0,4.0,kicad-standard-2pin-snapin,1
generated,690uF_450V_EKVB451VSN691MR60S,Chemi-Con,EKVB451VSN691MR60S,KVB,690uF,450V,CP_Radial_D30.0mm_L62.5mm_P10.0mm_SnapIn,CP_Radial_D30.0mm_L62.5mm_P10.0mm_SnapIn.wrl,https://www.chemi-con.co.jp/products/relatedfiles/capacitor/catalog/KVBN-e.PDF,D30.0xL62.5;P10.0,2.0,4.0,kicad-standard-2pin-snapin,1
generated,830uF_450V_EKVB451VSN831MA55S,Chemi-Con,EKVB451VSN831MA55S,KVB,830uF,450V,CP_Radial_D35.0mm_L57.5mm_P10.0mm_SnapIn,CP_Radial_D35.0mm_L57.5mm_P10.0mm_SnapIn.wrl,https://www.chemi-con.co.jp/products/relatedfiles/capacitor/catalog/KVBN-e.PDF,D35.0xL57.5;P10.0,2.0,4.0,kicad-standard-2pin-snapin,1
generated,920uF_450V_EKVB451VSN921MA60S,Chemi-Con,EKVB451VSN921MA60S,KVB,920uF,450V,CP_Radial_D35.0mm_L62.5mm_P10.0mm_SnapIn,CP_Radial_D35.0mm_L62.5mm_P10.0mm_SnapIn.wrl,https://www.chemi-con.co.jp/products/relatedfiles/capacitor/catalog/KVBN-e.PDF,D35.0xL62.5;P10.0,2.0,4.0,kicad-standard-2pin-snapin,1
generated,120uF_450V_EKWA451ELL121MMN3S,Chemi-Con,EKWA451ELL121MMN3S,KWA,120uF,450V,CP_Radial_D18.0mm_L33.5mm_P7.5mm,CP_Radial_D18.0mm_L33.5mm_P7.5mm.wrl,https://www.chemi-con.co.jp/products/relatedfiles/capacitor/catalog/KWALL-e.PDF,D18.0xL33.5;P7.5,1.0,1.8,kicad-standard-fallback,1
generated,100uF_450V_EKWB451ELL101MK50S,Chemi-Con,EKWB451ELL101MK50S,KWB,100uF,450V,CP_Radial_D12.5mm_L52.0mm_P5.0mm,CP_Radial_D12.5mm_L52.0mm_P5.0mm.wrl,https://www.chemi-con.co.jp/products/relatedfiles/capacitor/catalog/KWBLL-e.PDF,D12.5xL52.0;P5.0,1.0,1.8,kicad-standard-fallback,1
generated,100uF_450V_EKWB451ELL101MLN3S,Chemi-Con,EKWB451ELL101MLN3S,KWB,100uF,450V,CP_Radial_D16.0mm_L33.5mm_P7.5mm,CP_Radial_D16.0mm_L33.5mm_P7.5mm.wrl,https://www.chemi-con.co.jp/products/relatedfiles/capacitor/catalog/KWBLL-e.PDF,D16.0xL33.5;P7.5,1.0,1.8,kicad-standard-fallback,1
generated,100uF_450V_EKWB451ELL101MM25S,Chemi-Con,EKWB451ELL101MM25S,KWB,100uF,450V,CP_Radial_D18.0mm_L25.0mm_P7.5mm,CP_Radial_D18.0mm_L25.0mm_P7.5mm.wrl,https://www.chemi-con.co.jp/products/relatedfiles/capacitor/catalog/KWBLL-e.PDF,D18.0xL25.0;P7.5,1.0,1.8,kicad-standard-fallback,1
generated,120uF_450V_EKWB451ELL121MMN3S,Chemi-Con,EKWB451ELL121MMN3S,KWB,120uF,450V,CP_Radial_D18.0mm_L33.5mm_P7.5mm,CP_Radial_D18.0mm_L33.5mm_P7.5mm.wrl,https://www.chemi-con.co.jp/products/relatedfiles/capacitor/catalog/KWBLL-e.PDF,D18.0xL33.5;P7.5,1.0,1.8,kicad-standard-fallback,1
generated,120uF_450V_EKXJ451ELL121MM40S,Chemi-Con,EKXJ451ELL121MM40S,KXJ,120uF,450V,CP_Radial_D18.0mm_L41.5mm_P7.5mm,CP_Radial_D18.0mm_L41.5mm_P7.5mm.wrl,https://www.chemi-con.co.jp/products/relatedfiles/capacitor/catalog/KXJLL-e.PDF,D18.0xL41.5;P7.5,1.0,1.8,kicad-standard-fallback,1
generated,100uF_450V_EKXL451ELL101ML35S,Chemi-Con,EKXL451ELL101ML35S,KXL,100uF,450V,CP_Radial_D16.0mm_L37.0mm_P7.5mm,CP_Radial_D16.0mm_L37.0mm_P7.5mm.wrl,https://www.chemi-con.co.jp/products/relatedfiles/capacitor/catalog/KXLLL-e.PDF,D16.0xL37.0;P7.5,1.0,1.8,kicad-standard-fallback,1
generated,100uF_450V_EKXL451ELL101MU45S,Chemi-Con,EKXL451ELL101MU45S,KXL,100uF,450V,CP_Radial_D14.5mm_L45.0mm_P7.5mm,CP_Radial_D14.5mm_L45.0mm_P7.5mm.wrl,https://www.chemi-con.co.jp/products/relatedfiles/capacitor/catalog/KXLLL-e.PDF,D14.5xL45.0;P7.5,1.0,1.8,kicad-standard-fallback,1
generated,120uF_450V_EKXL451ELL121MM35S,Chemi-Con,EKXL451ELL121MM35S,KXL,120uF,450V,CP_Radial_D18.0mm_L37.0mm_P7.5mm,CP_Radial_D18.0mm_L37.0mm_P7.5mm.wrl,https://www.chemi-con.co.jp/products/relatedfiles/capacitor/catalog/KXLLL-e.PDF,D18.0xL37.0;P7.5,1.0,1.8,kicad-standard-fallback,1
generated,120uF_450V_EKXN451ELL121ML40S,Chemi-Con,EKXN451ELL121ML40S,KXN,120uF,450V,CP_Radial_D16.0mm_L40.0mm_P7.5mm,CP_Radial_D16.0mm_L40.0mm_P7.5mm.wrl,https://www.chemi-con.co.jp/products/relatedfiles/capacitor/catalog/KXNLL-e.PDF,D16.0xL40.0;P7.5,1.0,1.8,kicad-standard-fallback,1
generated,100uF_450V_EKXQ451ELL101MLP1S,Chemi-Con,EKXQ451ELL101MLP1S,KXQ,100uF,450V,CP_Radial_D16.0mm_L37.5mm_P7.5mm,CP_Radial_D16.0mm_L37.5mm_P7.5mm.wrl,https://www.chemi-con.co.jp/products/relatedfiles/capacitor/catalog/KXQLL-e.PDF,D16.0xL37.5;P7.5,1.0,1.8,kicad-standard-fallback,1
generated,100uF_450V_ELG107M450AR2AA,KEMET,ELG107M450AR2AA,ELG,100uF,450V,CP_Radial_D25.0mm_L32.0mm_P10.0mm_SnapIn,CP_Radial_D25.0mm_L32.0mm_P10.0mm_SnapIn.wrl,https://yageogroup.com/content/datasheet/asset/file/KEM_A4021_ELG,D25.0xL32.0;P10.0,2.0,4.0,kicad-standard-2pin-snapin,1
generated,270uF_450V_ELG277M450AS5AA,KEMET,ELG277M450AS5AA,ELG,270uF,450V,CP_Radial_D30.0mm_L47.0mm_P10.0mm_SnapIn,CP_Radial_D30.0mm_L47.0mm_P10.0mm_SnapIn.wrl,https://yageogroup.com/content/datasheet/asset/file/KEM_A4021_ELG,D30.0xL47.0;P10.0,2.0,4.0,kicad-standard-2pin-snapin,1
generated,270uF_450V_ELG277M450AT3AA,KEMET,ELG277M450AT3AA,ELG,270uF,450V,CP_Radial_D35.0mm_L37.0mm_P10.0mm_SnapIn,CP_Radial_D35.0mm_L37.0mm_P10.0mm_SnapIn.wrl,https://yageogroup.com/content/datasheet/asset/file/KEM_A4021_ELG,D35.0xL37.0;P10.0,2.0,4.0,kicad-standard-2pin-snapin,1
generated,100uF_450V_ELH107M450AQ2AV,KEMET,ELH107M450AQ2AV,ELH,100uF,450V,CP_Radial_D22.0mm_L32.0mm_P10.0mm_SnapIn,CP_Radial_D22.0mm_L32.0mm_P10.0mm_SnapIn.wrl,${PL_SYMBOL_DIR}/PL Capacitor Electrolytic/Datasheets/KEM_A4018_ELH.pdf,D22.0xL32.0;P10.0,2.0,4.0,kicad-standard-2pin-snapin,1
generated,100uF_450V_ELH107M450AR2AA,KEMET,ELH107M450AR2AA,ELH,100uF,450V,CP_Radial_D25.0mm_L32.0mm_P10.0mm_SnapIn,CP_Radial_D25.0mm_L32.0mm_P10.0mm_SnapIn.wrl,${PL_SYMBOL_DIR}/PL Capacitor Electrolytic/Datasheets/KEM_A4018_ELH.pdf,D25.0xL32.0;P10.0,2.0,4.0,kicad-standard-2pin-snapin,1
generated,470uF_450V_ELH477M450AT6AA,KEMET,ELH477M450AT6AA,ELH,470uF,450V,CP_Radial_D35.0mm_L52.0mm_P10.0mm_SnapIn,CP_Radial_D35.0mm_L52.0mm_P10.0mm_SnapIn.wrl,${PL_SYMBOL_DIR}/PL Capacitor Electrolytic/Datasheets/KEM_A4018_ELH.pdf,D35.0xL52.0;P10.0,2.0,4.0,kicad-standard-2pin-snapin,1
generated,100uF_450V_ELHS451VSN101MP25S,Chemi-Con,ELHS451VSN101MP25S,LHS,100uF,450V,CP_Radial_D22.0mm_L27.5mm_P10.0mm_SnapIn,CP_Radial_D22.0mm_L27.5mm_P10.0mm_SnapIn.wrl,${PL_SYMBOL_DIR}/PL Capacitor Electrolytic/Datasheets/LHSN-e.PDF,D22.0xL27.5;P10.0,2.0,4.0,kicad-standard-2pin-snapin,1
generated,150uF_450V_ELHS451VSN151MP35S,Chemi-Con,ELHS451VSN151MP35S,LHS,150uF,450V,CP_Radial_D22.0mm_L37.5mm_P10.0mm_SnapIn,CP_Radial_D22.0mm_L37.5mm_P10.0mm_SnapIn.wrl,${PL_SYMBOL_DIR}/PL Capacitor Electrolytic/Datasheets/LHSN-e.PDF,D22.0xL37.5;P10.0,2.0,4.0,kicad-standard-2pin-snapin,1
generated,150uF_450V_ELHS451VSN151MQ25S,Chemi-Con,ELHS451VSN151MQ25S,LHS,150uF,450V,CP_Radial_D25.4mm_L27.5mm_P10.0mm_SnapIn,CP_Radial_D25.4mm_L27.5mm_P10.0mm_SnapIn.wrl,${PL_SYMBOL_DIR}/PL Capacitor Electrolytic/Datasheets/LHSN-e.PDF,D25.4xL27.5;P10.0,2.0,4.0,kicad-standard-2pin-snapin,1
generated,270uF_450V_ELHS451VSN271MA25S,Chemi-Con,ELHS451VSN271MA25S,LHS,270uF,450V,CP_Radial_D35.0mm_L27.5mm_P10.0mm_SnapIn,CP_Radial_D35.0mm_L27.5mm_P10.0mm_SnapIn.wrl,${PL_SYMBOL_DIR}/PL Capacitor Electrolytic/Datasheets/LHSN-e.PDF,D35.0xL27.5;P10.0,2.0,4.0,kicad-standard-2pin-snapin,1
generated,820uF_450V_ELHS451VSN821MA60S,Chemi-Con,ELHS451VSN821MA60S,LHS,820uF,450V,CP_Radial_D35.0mm_L62.5mm_P10.0mm_SnapIn,CP_Radial_D35.0mm_L62.5mm_P10.0mm_SnapIn.wrl,${PL_SYMBOL_DIR}/PL Capacitor Electrolytic/Datasheets/LHSN-e.PDF,D35.0xL62.5;P10.0,2.0,4.0,kicad-standard-2pin-snapin,1
generated,150uF_500V_ELHS501VSN151MA25S,Chemi-Con,ELHS501VSN151MA25S,LHS,150uF,500V,CP_Radial_D35.0mm_L27.5mm_P10.0mm_SnapIn,CP_Radial_D35.0mm_L27.5mm_P10.0mm_SnapIn.wrl,${PL_SYMBOL_DIR}/PL Capacitor Electrolytic/Datasheets/LHSN-e.PDF,D35.0xL27.5;P10.0,2.0,4.0,kicad-standard-2pin-snapin,1
generated,220uF_500V_ELHS501VSN221MA30S,Chemi-Con,ELHS501VSN221MA30S,LHS,220uF,500V,CP_Radial_D35.0mm_L32.5mm_P10.0mm_SnapIn,CP_Radial_D35.0mm_L32.5mm_P10.0mm_SnapIn.wrl,${PL_SYMBOL_DIR}/PL Capacitor Electrolytic/Datasheets/LHSN-e.PDF,D35.0xL32.5;P10.0,2.0,4.0,kicad-standard-2pin-snapin,1
generated,270uF_500V_ELHS501VSN271MA35S,Chemi-Con,ELHS501VSN271MA35S,LHS,270uF,500V,CP_Radial_D35.0mm_L37.5mm_P10.0mm_SnapIn,CP_Radial_D35.0mm_L37.5mm_P10.0mm_SnapIn.wrl,${PL_SYMBOL_DIR}/PL Capacitor Electrolytic/Datasheets/LHSN-e.PDF,D35.0xL37.5;P10.0,2.0,4.0,kicad-standard-2pin-snapin,1
generated,110uF_450V_ELRB451VSN111MR41M,Chemi-Con,ELRB451VSN111MR41M,LRB,110uF,450V,CP_Radial_D30.0mm_L43.5mm_P10.0mm_SnapIn,CP_Radial_D30.0mm_L43.5mm_P10.0mm_SnapIn.wrl,//mm.digikey.com/Volume0/opasdata/d220001/medias/docus/6022/LRB%20Series.pdf,D30.0xL43.5;P10.0,2.0,4.0,kicad-standard-2pin-snapin,1
generated,120uF_450V_ELRB451VSN121MA35M,Chemi-Con,ELRB451VSN121MA35M,LRB,120uF,450V,CP_Radial_D35.0mm_L37.5mm_P10.0mm_SnapIn,CP_Radial_D35.0mm_L37.5mm_P10.0mm_SnapIn.wrl,//mm.digikey.com/Volume0/opasdata/d220001/medias/docus/6022/LRB%20Series.pdf,D35.0xL37.5;P10.0,2.0,4.0,kicad-standard-2pin-snapin,1
generated,120uF_450V_ELRB451VSN121MR46M,Chemi-Con,ELRB451VSN121MR46M,LRB,120uF,450V,CP_Radial_D30.0mm_L48.5mm_P10.0mm_SnapIn,CP_Radial_D30.0mm_L48.5mm_P10.0mm_SnapIn.wrl,//mm.digikey.com/Volume0/opasdata/d220001/medias/docus/6022/LRB%20Series.pdf,D30.0xL48.5;P10.0,2.0,4.0,kicad-standard-2pin-snapin,1
generated,140uF_450V_ELRB451VSN141MR51M,Chemi-Con,ELRB451VSN141MR51M,LRB,140uF,450V,CP_Radial_D30.0mm_L53.5mm_P10.0mm_SnapIn,CP_Radial_D30.0mm_L53.5mm_P10.0mm_SnapIn.wrl,//mm.digikey.com/Volume0/opasdata/d220001/medias/docus/6022/LRB%20Series.pdf,D30.0xL53.5;P10.0,2.0,4.0,kicad-standard-2pin-snapin,1
generated,150uF_450V_ELRB451VSN151MA41M,Chemi-Con,ELRB451VSN151MA41M,LRB,150uF,450V,CP_Radial_D35.0mm_L43.5mm_P10.0mm_SnapIn,CP_Radial_D35.0mm_L43.5mm_P10.0mm_SnapIn.wrl,//mm.digikey.com/Volume0/opasdata/d220001/medias/docus/6022/LRB%20Series.pdf,D35.0xL43.5;P10.0,2.0,4.0,kicad-standard-2pin-snapin,1
generated,150uF_450V_ELRB451VSN151MR54M,Chemi-Con,ELRB451VSN151MR54M,LRB,150uF,450V,CP_Radial_D30.0mm_L56.5mm_P10.0mm_SnapIn,CP_Radial_D30.0mm_L56.5mm_P10.0mm_SnapIn.wrl,//mm.digikey.com/Volume0/opasdata/d220001/medias/docus/6022/LRB%20Series.pdf,D30.0xL56.5;P10.0,2.0,4.0,kicad-standard-2pin-snapin,1
generated,170uF_450V_ELRB451VSN171MR59M,Chemi-Con,ELRB451VSN171MR59M,LRB,170uF,450V,CP_Radial_D30.0mm_L61.5mm_P10.0mm_SnapIn,CP_Radial_D30.0mm_L61.5mm_P10.0mm_SnapIn.wrl,//mm.digikey.com/Volume0/opasdata/d220001/medias/docus/6022/LRB%20Series.pdf,D30.0xL61.5;P10.0,2.0,4.0,kicad-standard-2pin-snapin,1
generated,240uF_450V_ELRB451VSN241MA59M,Chemi-Con,ELRB451VSN241MA59M,LRB,240uF,450V,CP_Radial_D35.0mm_L61.5mm_P10.0mm_SnapIn,CP_Radial_D35.0mm_L61.5mm_P10.0mm_SnapIn.wrl,//mm.digikey.com/Volume0/opasdata/d220001/medias/docus/6022/LRB%20Series.pdf,D35.0xL61.5;P10.0,2.0,4.0,kicad-standard-2pin-snapin,1
generated,190uF_450V_ELVA451VSN191MQ30S,Chemi-Con,ELVA451VSN191MQ30S,LVA,190uF,450V,CP_Radial_D25.4mm_L32.5mm_P10.0mm_SnapIn,CP_Radial_D25.4mm_L32.5mm_P10.0mm_SnapIn.wrl,https://www.chemi-con.co.jp/products/relatedfiles/capacitor/catalog/LVAN-e.PDF,D25.4xL32.5;P10.0,2.0,4.0,kicad-standard-2pin-snapin,1
generated,210uF_450V_ELVA451VSN211MR25S,Chemi-Con,ELVA451VSN211MR25S,LVA,210uF,450V,CP_Radial_D30.0mm_L27.5mm_P10.0mm_SnapIn,CP_Radial_D30.0mm_L27.5mm_P10.0mm_SnapIn.wrl,https://www.chemi-con.co.jp/products/relatedfiles/capacitor/catalog/LVAN-e.PDF,D30.0xL27.5;P10.0,2.0,4.0,kicad-standard-2pin-snapin,1
generated,230uF_450V_ELVA451VSN231MQ35S,Chemi-Con,ELVA451VSN231MQ35S,LVA,230uF,450V,CP_Radial_D25.4mm_L37.5mm_P10.0mm_SnapIn,CP_Radial_D25.4mm_L37.5mm_P10.0mm_SnapIn.wrl,https://www.chemi-con.co.jp/products/relatedfiles/capacitor/catalog/LVAN-e.PDF,D25.4xL37.5;P10.0,2.0,4.0,kicad-standard-2pin-snapin,1
generated,280uF_450V_ELVA451VSN281MQ40S,Chemi-Con,ELVA451VSN281MQ40S,LVA,280uF,450V,CP_Radial_D25.4mm_L42.5mm_P10.0mm_SnapIn,CP_Radial_D25.4mm_L42.5mm_P10.0mm_SnapIn.wrl,https://www.chemi-con.co.jp/products/relatedfiles/capacitor/catalog/LVAN-e.PDF,D25.4xL42.5;P10.0,2.0,4.0,kicad-standard-2pin-snapin,1
generated,350uF_450V_ELVA451VSN351MA30S,Chemi-Con,ELVA451VSN351MA30S,LVA,350uF,450V,CP_Radial_D35.0mm_L32.5mm_P10.0mm_SnapIn,CP_Radial_D35.0mm_L32.5mm_P10.0mm_SnapIn.wrl,https://www.chemi-con.co.jp/products/relatedfiles/capacitor/catalog/LVAN-e.PDF,D35.0xL32.5;P10.0,2.0,4.0,kicad-standard-2pin-snapin,1
generated,360uF_450V_ELVA451VSN361MQ50S,Chemi-Con,ELVA451VSN361MQ50S,LVA,360uF,450V,CP_Radial_D25.4mm_L52.5mm_P10.0mm_SnapIn,CP_Radial_D25.4mm_L52.5mm_P10.0mm_SnapIn.wrl,https://www.chemi-con.co.jp/products/relatedfiles/capacitor/catalog/LVAN-e.PDF,D25.4xL52.5;P10.0,2.0,4.0,kicad-standard-2pin-snapin,1
generated,410uF_450V_ELVA451VSN411MR40S,Chemi-Con,ELVA451VSN411MR40S,LVA,410uF,450V,CP_Radial_D30.0mm_L42.5mm_P10.0mm_SnapIn,CP_Radial_D30.0mm_L42.5mm_P10.0mm_SnapIn.wrl,https://www.chemi-con.co.jp/products/relatedfiles/capacitor/catalog/LVAN-e.PDF,D30.0xL42.5;P10.0,2.0,4.0,kicad-standard-2pin-snapin,1
generated,440uF_450V_ELVA451VSN441MA35S,Chemi-Con,ELVA451VSN441MA35S,LVA,440uF,450V,CP_Radial_D35.0mm_L37.5mm_P10.0mm_SnapIn,CP_Radial_D35.0mm_L37.5mm_P10.0mm_SnapIn.wrl,https://www.chemi-con.co.jp/products/relatedfiles/capacitor/catalog/LVAN-e.PDF,D35.0xL37.5;P10.0,2.0,4.0,kicad-standard-2pin-snapin,1
generated,530uF_450V_ELVA451VSN531MA40S,Chemi-Con,ELVA451VSN531MA40S,LVA,530uF,450V,CP_Radial_D35.0mm_L42.5mm_P10.0mm_SnapIn,CP_Radial_D35.0mm_L42.5mm_P10.0mm_SnapIn.wrl,https://www.chemi-con.co.jp/products/relatedfiles/capacitor/catalog/LVAN-e.PDF,D35.0xL42.5;P10.0,2.0,4.0,kicad-standard-2pin-snapin,1
generated,600uF_450V_ELVA451VSN601MR55S,Chemi-Con,ELVA451VSN601MR55S,LVA,600uF,450V,CP_Radial_D30.0mm_L57.5mm_P10.0mm_SnapIn,CP_Radial_D30.0mm_L57.5mm_P10.0mm_SnapIn.wrl,https://www.chemi-con.co.jp/products/relatedfiles/capacitor/catalog/LVAN-e.PDF,D30.0xL57.5;P10.0,2.0,4.0,kicad-standard-2pin-snapin,1
generated,620uF_450V_ELVA451VSN621MA45S,Chemi-Con,ELVA451VSN621MA45S,LVA,620uF,450V,CP_Radial_D35.0mm_L47.5mm_P10.0mm_SnapIn,CP_Radial_D35.0mm_L47.5mm_P10.0mm_SnapIn.wrl,https://www.chemi-con.co.jp/products/relatedfiles/capacitor/catalog/LVAN-e.PDF,D35.0xL47.5;P10.0,2.0,4.0,kicad-standard-2pin-snapin,1
generated,660uF_450V_ELVA451VSN661MR60S,Chemi-Con,ELVA451VSN661MR60S,LVA,660uF,450V,CP_Radial_D30.0mm_L62.5mm_P10.0mm_SnapIn,CP_Radial_D30.0mm_L62.5mm_P10.0mm_SnapIn.wrl,https://www.chemi-con.co.jp/products/relatedfiles/capacitor/catalog/LVAN-e.PDF,D30.0xL62.5;P10.0,2.0,4.0,kicad-standard-2pin-snapin,1
generated,710uF_450V_ELVA451VSN711MA50S,Chemi-Con,ELVA451VSN711MA50S,LVA,710uF,450V,CP_Radial_D35.0mm_L52.5mm_P10.0mm_SnapIn,CP_Radial_D35.0mm_L52.5mm_P10.0mm_SnapIn.wrl,https://www.chemi-con.co.jp/products/relatedfiles/capacitor/catalog/LVAN-e.PDF,D35.0xL52.5;P10.0,2.0,4.0,kicad-standard-2pin-snapin,1
generated,890uF_450V_ELVA451VSN891MA60S,Chemi-Con,ELVA451VSN891MA60S,LVA,890uF,450V,CP_Radial_D35.0mm_L62.5mm_P10.0mm_SnapIn,CP_Radial_D35.0mm_L62.5mm_P10.0mm_SnapIn.wrl,https://www.chemi-con.co.jp/products/relatedfiles/capacitor/catalog/LVAN-e.PDF,D35.0xL62.5;P10.0,2.0,4.0,kicad-standard-2pin-snapin,1
generated,120uF_450V_ELXS451VSN121MP30S,Chemi-Con,ELXS451VSN121MP30S,LXS,120uF,450V,CP_Radial_D22.0mm_L32.0mm_P10.0mm_SnapIn,CP_Radial_D22.0mm_L32.0mm_P10.0mm_SnapIn.wrl,${PL_SYMBOL_DIR}/PL Capacitor Electrolytic/Datasheets/LXSN-e.PDF,D22.0xL32.0;P10.0,2.0,4.0,kicad-standard-2pin-snapin,1
generated,120uF_450V_ELXS451VSN121MP35S,Chemi-Con,ELXS451VSN121MP35S,LXS,120uF,450V,CP_Radial_D22.0mm_L37.5mm_P10.0mm_SnapIn,CP_Radial_D22.0mm_L37.5mm_P10.0mm_SnapIn.wrl,${PL_SYMBOL_DIR}/PL Capacitor Electrolytic/Datasheets/LXSN-e.PDF,D22.0xL37.5;P10.0,2.0,4.0,kicad-standard-2pin-snapin,1
generated,270uF_450V_ELXS451VSN271MQ50S,Chemi-Con,ELXS451VSN271MQ50S,LXS,270uF,450V,CP_Radial_D25.4mm_L52.5mm_P10.0mm_SnapIn,CP_Radial_D25.4mm_L52.5mm_P10.0mm_SnapIn.wrl,${PL_SYMBOL_DIR}/PL Capacitor Electrolytic/Datasheets/LXSN-e.PDF,D25.4xL52.5;P10.0,2.0,4.0,kicad-standard-2pin-snapin,1
generated,330uF_450V_ELXS451VSN331MR40S,Chemi-Con,ELXS451VSN331MR40S,LXS,330uF,450V,CP_Radial_D30.0mm_L42.0mm_P10.0mm_SnapIn,CP_Radial_D30.0mm_L42.0mm_P10.0mm_SnapIn.wrl,${PL_SYMBOL_DIR}/PL Capacitor Electrolytic/Datasheets/LXSN-e.PDF,D30.0xL42.0;P10.0,2.0,4.0,kicad-standard-2pin-snapin,1
generated,470uF_450V_ELXS451VSN471MA40S,Chemi-Con,ELXS451VSN471MA40S,LXS,470uF,450V,CP_Radial_D35.0mm_L42.0mm_P10.0mm_SnapIn,CP_Radial_D35.0mm_L42.0mm_P10.0mm_SnapIn.wrl,${PL_SYMBOL_DIR}/PL Capacitor Electrolytic/Datasheets/LXSN-e.PDF,D35.0xL42.0;P10.0,2.0,4.0,kicad-standard-2pin-snapin,1
generated,470uF_450V_ELXS451VSN471MA45S,Chemi-Con,ELXS451VSN471MA45S,LXS,470uF,450V,CP_Radial_D35.0mm_L47.0mm_P10.0mm_SnapIn,CP_Radial_D35.0mm_L47.0mm_P10.0mm_SnapIn.wrl,${PL_SYMBOL_DIR}/PL Capacitor Electrolytic/Datasheets/LXSN-e.PDF,D35.0xL47.0;P10.0,2.0,4.0,kicad-standard-2pin-snapin,1
generated,100uF_16V_ES5107M016AE1EA,KEMET,ES5107M016AE1EA,ES5,100uF,16V,CP_Radial_D6.0mm_L5.0mm_P2.5mm,CP_Radial_D6.0mm_L5.0mm_P2.5mm.wrl,//mm.digikey.com/Volume0/opasdata/d220001/medias/docus/1118/ES5107M016AE1EA.pdf,D6.0xL5.0;P2.5,0.7,1.5,kicad-standard-fallback,1
generated,22uF_50V_ES5226M050AE1EA,KEMET,ES5226M050AE1EA,ES5,22uF,50V,CP_Radial_D6.3mm_L5.0mm_P2.5mm,CP_Radial_D6.3mm_L5.0mm_P2.5mm.wrl,//mm.digikey.com/Volume0/opasdata/d220001/medias/docus/1847/ES5226M050AE1EA.pdf,D6.3xL5.0;P2.5,0.7,1.5,kicad-standard-fallback,1
generated,1uF_50V_ESC105M050AC3AA,KEMET,ESC105M050AC3AA,ESC,1uF,50V,CP_Radial_D5.0mm_L12.5mm_P2.0mm,CP_Radial_D5.0mm_L12.5mm_P2.0mm.wrl,${PL_SYMBOL_DIR}/PL Capacitor Electrolytic/Datasheets/KEM_A4006_ESC.pdf,D5.0xL12.5;P2.0,0.7,1.5,supplied-manufacturer-table,1
generated,10uF_35V_ESC106M035AC3AA,KEMET,ESC106M035AC3AA,ESC,10uF,35V,CP_Radial_D5.0mm_L12.5mm_P2.0mm,CP_Radial_D5.0mm_L12.5mm_P2.0mm.wrl,${PL_SYMBOL_DIR}/PL Capacitor Electrolytic/Datasheets/KEM_A4006_ESC.pdf,D5.0xL12.5;P2.0,0.7,1.5,supplied-manufacturer-table,1
generated,100uF_16V_ESC107M016AC3AA,KEMET,ESC107M016AC3AA,ESC,100uF,16V,CP_Radial_D5.0mm_L12.5mm_P2.0mm,CP_Radial_D5.0mm_L12.5mm_P2.0mm.wrl,${PL_SYMBOL_DIR}/PL Capacitor Electrolytic/Datasheets/KEM_A4006_ESC.pdf,D5.0xL12.5;P2.0,0.7,1.5,supplied-manufacturer-table,1
generated,100uF_35V_ESC107M035AE3AA,KEMET,ESC107M035AE3AA,ESC,100uF,35V,CP_Radial_D6.3mm_L12.5mm_P2.5mm,CP_Radial_D6.3mm_L12.5mm_P2.5mm.wrl,${PL_SYMBOL_DIR}/PL Capacitor Electrolytic/Datasheets/KEM_A4006_ESC.pdf,D6.3xL12.5;P2.5,0.7,1.5,supplied-manufacturer-table,1
generated,100uF_35V_ESC107M035AG3AA,KEMET,ESC107M035AG3AA,ESC,100uF,35V,CP_Radial_D8.0mm_L12.5mm_P3.5mm,CP_Radial_D8.0mm_L12.5mm_P3.5mm.wrl,${PL_SYMBOL_DIR}/PL Capacitor Electrolytic/Datasheets/KEM_A4006_ESC.pdf,D8.0xL12.5;P3.5,0.8,1.6,supplied-manufacturer-table,1
generated,100uF_35V_ESC107M035AG3EA,KEMET,ESC107M035AG3EA,ESC,100uF,35V,CP_Radial_D8.0mm_L12.5mm_P3.5mm,CP_Radial_D8.0mm_L12.5mm_P3.5mm.wrl,${PL_SYMBOL_DIR}/PL Capacitor Electrolytic/Datasheets/KEM_A4006_ESC.pdf,D8.0xL12.5;P3.5,0.8,1.6,supplied-manufacturer-table,1
generated,1000uF_16V_ESC108M016AH4AA,KEMET,ESC108M016AH4AA,ESC,1000uF,16V,CP_Radial_D10.0mm_L21.0mm_P5.0mm,CP_Radial_D10.0mm_L21.0mm_P5.0mm.wrl,${PL_SYMBOL_DIR}/PL Capacitor Electrolytic/Datasheets/KEM_A4006_ESC.pdf,D10.0xL21.0;P5.0,0.8,1.6,supplied-manufacturer-table,1
generated,1000uF_35V_ESC108M035AL4AA,KEMET,ESC108M035AL4AA,ESC,1000uF,35V,CP_Radial_D13.0mm_L27.0mm_P5.0mm,CP_Radial_D13.0mm_L27.0mm_P5.0mm.wrl,${PL_SYMBOL_DIR}/PL Capacitor Electrolytic/Datasheets/KEM_A4006_ESC.pdf,D13.0xL27.0;P5.0,1.0,1.8,supplied-manufacturer-table,1
generated,120uF_50V_ESC127M050AG6AA,KEMET,ESC127M050AG6AA,ESC,120uF,50V,CP_Radial_D8.0mm_L22.0mm_P3.5mm,CP_Radial_D8.0mm_L22.0mm_P3.5mm.wrl,${PL_SYMBOL_DIR}/PL Capacitor Electrolytic/Datasheets/KEM_A4006_ESC.pdf,D8.0xL22.0;P3.5,0.8,1.6,supplied-manufacturer-table,1
generated,22uF_35V_ESC226M035AC3AA,KEMET,ESC226M035AC3AA,ESC,22uF,35V,CP_Radial_D5.0mm_L12.5mm_P2.0mm,CP_Radial_D5.0mm_L12.5mm_P2.0mm.wrl,${PL_SYMBOL_DIR}/PL Capacitor Electrolytic/Datasheets/KEM_A4006_ESC.pdf,D5.0xL12.5;P2.0,0.7,1.5,supplied-manufacturer-table,1
generated,220uF_10V_ESC227M010AE3AA,KEMET,ESC227M010AE3AA,ESC,220uF,10V,CP_Radial_D6.3mm_L12.5mm_P2.5mm,CP_Radial_D6.3mm_L12.5mm_P2.5mm.wrl,${PL_SYMBOL_DIR}/PL Capacitor Electrolytic/Datasheets/KEM_A4006_ESC.pdf,D6.3xL12.5;P2.5,0.7,1.5,supplied-manufacturer-table,1
generated,220uF_35V_ESC227M035AH1AA,KEMET,ESC227M035AH1AA,ESC,220uF,35V,CP_Radial_D10.0mm_L13.5mm_P5.0mm,CP_Radial_D10.0mm_L13.5mm_P5.0mm.wrl,${PL_SYMBOL_DIR}/PL Capacitor Electrolytic/Datasheets/KEM_A4006_ESC.pdf,D10.0xL13.5;P5.0,0.8,1.6,supplied-manufacturer-table,1
generated,220uF_35V_ESC227M035AH1EA,KEMET,ESC227M035AH1EA,ESC,220uF,35V,CP_Radial_D10.0mm_L13.5mm_P5.0mm,CP_Radial_D10.0mm_L13.5mm_P5.0mm.wrl,${PL_SYMBOL_DIR}/PL Capacitor Electrolytic/Datasheets/KEM_A4006_ESC.pdf,D10.0xL13.5;P5.0,0.8,1.6,supplied-manufacturer-table,1
generated,220uF_50V_ESC227M050AH2EA,KEMET,ESC227M050AH2EA,ESC,220uF,50V,CP_Radial_D10.0mm_L17.0mm_P5.0mm,CP_Radial_D10.0mm_L17.0mm_P5.0mm.wrl,${PL_SYMBOL_DIR}/PL Capacitor Electrolytic/Datasheets/KEM_A4006_ESC.pdf,D10.0xL17.0;P5.0,0.8,1.6,supplied-manufacturer-table,1
generated,2200uF_10V_ESC228M010AL3AA,KEMET,ESC228M010AL3AA,ESC,2200uF,10V,CP_Radial_D13.0mm_L22.0mm_P5.0mm,CP_Radial_D13.0mm_L22.0mm_P5.0mm.wrl,${PL_SYMBOL_DIR}/PL Capacitor Electrolytic/Datasheets/KEM_A4006_ESC.pdf,D13.0xL22.0;P5.0,1.0,1.8,supplied-manufacturer-table,1
generated,330uF_25V_ESC337M025AG6AA,KEMET,ESC337M025AG6AA,ESC,330uF,25V,CP_Radial_D8.0mm_L22.0mm_P3.5mm,CP_Radial_D8.0mm_L22.0mm_P3.5mm.wrl,${PL_SYMBOL_DIR}/PL Capacitor Electrolytic/Datasheets/KEM_A4006_ESC.pdf,D8.0xL22.0;P3.5,0.8,1.6,supplied-manufacturer-table,1
generated,4.7uF_35V_ESC475M035AC3AA,KEMET,ESC475M035AC3AA,ESC,4.7uF,35V,CP_Radial_D5.0mm_L12.5mm_P2.0mm,CP_Radial_D5.0mm_L12.5mm_P2.0mm.wrl,${PL_SYMBOL_DIR}/PL Capacitor Electrolytic/Datasheets/KEM_A4006_ESC.pdf,D5.0xL12.5;P2.0,0.7,1.5,supplied-manufacturer-table,1
generated,4.7uF_63V_ESC475M063AC3AA,KEMET,ESC475M063AC3AA,ESC,4.7uF,63V,CP_Radial_D5.0mm_L12.5mm_P2.0mm,CP_Radial_D5.0mm_L12.5mm_P2.0mm.wrl,${PL_SYMBOL_DIR}/PL Capacitor Electrolytic/Datasheets/KEM_A4006_ESC.pdf,D5.0xL12.5;P2.0,0.7,1.5,supplied-manufacturer-table,1
generated,470uF_16V_ESC477M016AH1AA,KEMET,ESC477M016AH1AA,ESC,470uF,16V,CP_Radial_D10.0mm_L13.5mm_P5.0mm,CP_Radial_D10.0mm_L13.5mm_P5.0mm.wrl,${PL_SYMBOL_DIR}/PL Capacitor Electrolytic/Datasheets/KEM_A4006_ESC.pdf,D10.0xL13.5;P5.0,0.8,1.6,supplied-manufacturer-table,1
generated,470uF_25V_ESC477M025AH2EA,KEMET,ESC477M025AH2EA,ESC,470uF,25V,CP_Radial_D10.0mm_L17.0mm_P5.0mm,CP_Radial_D10.0mm_L17.0mm_P5.0mm.wrl,${PL_SYMBOL_DIR}/PL Capacitor Electrolytic/Datasheets/KEM_A4006_ESC.pdf,D10.0xL17.0;P5.0,0.8,1.6,supplied-manufacturer-table,1
generated,470uF_35V_ESC477M035AH4AA,KEMET,ESC477M035AH4AA,ESC,470uF,35V,CP_Radial_D10.0mm_L21.0mm_P5.0mm,CP_Radial_D10.0mm_L21.0mm_P5.0mm.wrl,${PL_SYMBOL_DIR}/PL Capacitor Electrolytic/Datasheets/KEM_A4006_ESC.pdf,D10.0xL21.0;P5.0,0.8,1.6,supplied-manufacturer-table,1
generated,470uF_35V_ESC477M035AH4EA,KEMET,ESC477M035AH4EA,ESC,470uF,35V,CP_Radial_D10.0mm_L22.0mm_P5.0mm,CP_Radial_D10.0mm_L22.0mm_P5.0mm.wrl,${PL_SYMBOL_DIR}/PL Capacitor Electrolytic/Datasheets/KEM_A4006_ESC.pdf,D10.0xL22.0;P5.0,0.8,1.6,supplied-manufacturer-table,1
generated,68uF_35V_ESC686M035AE3AA,KEMET,ESC686M035AE3AA,ESC,68uF,35V,CP_Radial_D6.0mm_L12.5mm_P2.5mm,CP_Radial_D6.0mm_L12.5mm_P2.5mm.wrl,${PL_SYMBOL_DIR}/PL Capacitor Electrolytic/Datasheets/KEM_A4006_ESC.pdf,D6.0xL12.5;P2.5,0.7,1.5,supplied-manufacturer-table,1
generated,680uF_10V_ESC687M010AH1AA,KEMET,ESC687M010AH1AA,ESC,680uF,10V,CP_Radial_D10.0mm_L13.5mm_P5.0mm,CP_Radial_D10.0mm_L13.5mm_P5.0mm.wrl,${PL_SYMBOL_DIR}/PL Capacitor Electrolytic/Datasheets/KEM_A4006_ESC.pdf,D10.0xL13.5;P5.0,0.8,1.6,supplied-manufacturer-table,1
generated,1uF_100V_ESE105M100AC3EA,KEMET,ESE105M100AC3EA,ESE,1uF,100V,CP_Radial_D5.0mm_L12.5mm_P2.0mm,CP_Radial_D5.0mm_L12.5mm_P2.0mm.wrl,${PL_SYMBOL_DIR}/PL Capacitor Electrolytic/Datasheets/KEM_A4055_ESE.pdf,D5.0xL12.5;P2.0,0.7,1.5,supplied-manufacturer-table,1
generated,1uF_450V_ESE105M450AG3AA,KEMET,ESE105M450AG3AA,ESE,1uF,450V,CP_Radial_D8.0mm_L12.5mm_P3.5mm,CP_Radial_D8.0mm_L12.5mm_P3.5mm.wrl,${PL_SYMBOL_DIR}/PL Capacitor Electrolytic/Datasheets/KEM_A4055_ESE.pdf,D8.0xL12.5;P3.5,0.8,1.6,supplied-manufacturer-table,1
generated,10uF_400V_ESE106M400AH4AA,KEMET,ESE106M400AH4AA,ESE,10uF,400V,CP_Radial_D10.0mm_L22.0mm_P5.0mm,CP_Radial_D10.0mm_L22.0mm_P5.0mm.wrl,${PL_SYMBOL_DIR}/PL Capacitor Electrolytic/Datasheets/KEM_A4055_ESE.pdf,D10.0xL22.0;P5.0,0.8,1.6,supplied-manufacturer-table,1
generated,1mF_10V_ESE108M010AG4KA,KEMET,ESE108M010AG4KA,ESE,1mF,10V,CP_Radial_D8.0mm_L17.0mm_P3.5mm,CP_Radial_D8.0mm_L17.0mm_P3.5mm.wrl,${PL_SYMBOL_DIR}/PL Capacitor Electrolytic/Datasheets/KEM_A4055_ESE.pdf,D8.0xL17.0;P3.5,0.8,1.6,supplied-manufacturer-table,1
generated,1mF_35V_ESE108M035AL3AA,KEMET,ESE108M035AL3AA,ESE,1mF,35V,CP_Radial_D13.0mm_L22.0mm_P5.0mm,CP_Radial_D13.0mm_L22.0mm_P5.0mm.wrl,${PL_SYMBOL_DIR}/PL Capacitor Electrolytic/Datasheets/KEM_A4055_ESE.pdf,D13.0xL22.0;P5.0,1.0,1.8,supplied-manufacturer-table,1
generated,15uF_250V_ESE156M250AH2AA,KEMET,ESE156M250AH2AA,ESE,15uF,250V,CP_Radial_D10.0mm_L17.0mm_P5.0mm,CP_Radial_D10.0mm_L17.0mm_P5.0mm.wrl,${PL_SYMBOL_DIR}/PL Capacitor Electrolytic/Datasheets/KEM_A4055_ESE.pdf,D10.0xL17.0;P5.0,0.8,1.6,supplied-manufacturer-table,1
generated,2.2uF_100V_ESE225M100AC3AA,KEMET,ESE225M100AC3AA,ESE,2.2uF,100V,CP_Radial_D5.0mm_L12.5mm_P2.0mm,CP_Radial_D5.0mm_L12.5mm_P2.0mm.wrl,${PL_SYMBOL_DIR}/PL Capacitor Electrolytic/Datasheets/KEM_A4055_ESE.pdf,D5.0xL12.5;P2.0,0.7,1.5,supplied-manufacturer-table,1
generated,22uF_16V_ESE226M016AC3FA,KEMET,ESE226M016AC3FA,ESE,22uF,16V,CP_Radial_D5.0mm_L12.5mm_P2.0mm,CP_Radial_D5.0mm_L12.5mm_P2.0mm.wrl,${PL_SYMBOL_DIR}/PL Capacitor Electrolytic/Datasheets/KEM_A4055_ESE.pdf,D5.0xL12.5;P2.0,0.7,1.5,supplied-manufacturer-table,1
generated,22uF_160V_ESE226M160AH2AA,KEMET,ESE226M160AH2AA,ESE,22uF,160V,CP_Radial_D10.0mm_L17.0mm_P5.0mm,CP_Radial_D10.0mm_L17.0mm_P5.0mm.wrl,${PL_SYMBOL_DIR}/PL Capacitor Electrolytic/Datasheets/KEM_A4055_ESE.pdf,D10.0xL17.0;P5.0,0.8,1.6,supplied-manufacturer-table,1
generated,220uF_25V_ESE227M025AG3AA,KEMET,ESE227M025AG3AA,ESE,220uF,25V,CP_Radial_D8.0mm_L12.5mm_P3.5mm,CP_Radial_D8.0mm_L12.5mm_P3.5mm.wrl,${PL_SYMBOL_DIR}/PL Capacitor Electrolytic/Datasheets/KEM_A4055_ESE.pdf,D8.0xL12.5;P3.5,0.8,1.6,supplied-manufacturer-table,1
generated,220uF_35V_ESE227M035AG3AA,KEMET,ESE227M035AG3AA,ESE,220uF,35V,CP_Radial_D8.0mm_L12.5mm_P3.5mm,CP_Radial_D8.0mm_L12.5mm_P3.5mm.wrl,${PL_SYMBOL_DIR}/PL Capacitor Electrolytic/Datasheets/KEM_A4055_ESE.pdf,D8.0xL12.5;P3.5,0.8,1.6,supplied-manufacturer-table,1
generated,220uF_50V_ESE227M050AH2EA,KEMET,ESE227M050AH2EA,ESE,220uF,50V,CP_Radial_D10.0mm_L17.0mm_P5.0mm,CP_Radial_D10.0mm_L17.0mm_P5.0mm.wrl,${PL_SYMBOL_DIR}/PL Capacitor Electrolytic/Datasheets/KEM_A4055_ESE.pdf,D10.0xL17.0;P5.0,0.8,1.6,supplied-manufacturer-table,1
generated,220uF_50V_ESE227M050AH9EA,KEMET,ESE227M050AH9EA,ESE,220uF,50V,CP_Radial_D10.0mm_L14.0mm_P5.0mm,CP_Radial_D10.0mm_L14.0mm_P5.0mm.wrl,${PL_SYMBOL_DIR}/PL Capacitor Electrolytic/Datasheets/KEM_A4055_ESE.pdf,D10.0xL14.0;P5.0,0.8,1.6,supplied-manufacturer-table,1
generated,2200uF_35V_ESE228M035AM7AA,KEMET,ESE228M035AM7AA,ESE,2200uF,35V,CP_Radial_D16.0mm_L27.0mm_P7.5mm,CP_Radial_D16.0mm_L27.0mm_P7.5mm.wrl,${PL_SYMBOL_DIR}/PL Capacitor Electrolytic/Datasheets/KEM_A4055_ESE.pdf,D16.0xL27.0;P7.5,1.0,1.8,supplied-manufacturer-table,1
generated,2200uF_50V_ESE228M050AN2AA,KEMET,ESE228M050AN2AA,ESE,2200uF,50V,CP_Radial_D18.0mm_L38.0mm_P7.5mm,CP_Radial_D18.0mm_L38.0mm_P7.5mm.wrl,${PL_SYMBOL_DIR}/PL Capacitor Electrolytic/Datasheets/KEM_A4055_ESE.pdf,D18.0xL38.0;P7.5,1.0,1.8,supplied-manufacturer-table,1
generated,33uF_400V_ESE336M400AM7AA,KEMET,ESE336M400AM7AA,ESE,33uF,400V,CP_Radial_D16.0mm_L27.0mm_P7.5mm,CP_Radial_D16.0mm_L27.0mm_P7.5mm.wrl,${PL_SYMBOL_DIR}/PL Capacitor Electrolytic/Datasheets/KEM_A4055_ESE.pdf,D16.0xL27.0;P7.5,1.0,1.8,supplied-manufacturer-table,1
generated,4.7uF_400V_ESE475M400AH1AA,KEMET,ESE475M400AH1AA,ESE,4.7uF,400V,CP_Radial_D10.0mm_L24.0mm_P5.0mm,CP_Radial_D10.0mm_L24.0mm_P5.0mm.wrl,${PL_SYMBOL_DIR}/PL Capacitor Electrolytic/Datasheets/KEM_A4055_ESE.pdf,D10.0xL24.0;P5.0,0.8,1.6,supplied-manufacturer-table,1
generated,4.7uF_400V_ESE475M400AH9AA,KEMET,ESE475M400AH9AA,ESE,4.7uF,400V,CP_Radial_D10.0mm_L14.0mm_P5.0mm,CP_Radial_D10.0mm_L14.0mm_P5.0mm.wrl,${PL_SYMBOL_DIR}/PL Capacitor Electrolytic/Datasheets/KEM_A4055_ESE.pdf,D10.0xL14.0;P5.0,0.8,1.6,supplied-manufacturer-table,1
generated,4.7uF_400V_ESE475M400AH9EA,KEMET,ESE475M400AH9EA,ESE,4.7uF,400V,CP_Radial_D10.0mm_L14.0mm_P5.0mm,CP_Radial_D10.0mm_L14.0mm_P5.0mm.wrl,${PL_SYMBOL_DIR}/PL Capacitor Electrolytic/Datasheets/KEM_A4055_ESE.pdf,D10.0xL14.0;P5.0,0.8,1.6,supplied-manufacturer-table,1
generated,47uF_50V_ESE476M050AE3DA,KEMET,ESE476M050AE3DA,ESE,47uF,50V,CP_Radial_D6.3mm_L12.5mm_P5.0mm,CP_Radial_D6.3mm_L12.5mm_P5.0mm.wrl,${PL_SYMBOL_DIR}/PL Capacitor Electrolytic/Datasheets/KEM_A4055_ESE.pdf,D6.3xL12.5;P5.0,0.7,1.5,supplied-manufacturer-table,1
generated,47uF_63V_ESE476M063AG3AA,KEMET,ESE476M063AG3AA,ESE,47uF,63V,CP_Radial_D8.0mm_L12.5mm_P3.5mm,CP_Radial_D8.0mm_L12.5mm_P3.5mm.wrl,${PL_SYMBOL_DIR}/PL Capacitor Electrolytic/Datasheets/KEM_A4055_ESE.pdf,D8.0xL12.5;P3.5,0.8,1.6,supplied-manufacturer-table,1
generated,470uF_16V_ESE477M016AG3AA,KEMET,ESE477M016AG3AA,ESE,470uF,16V,CP_Radial_D8.0mm_L12.5mm_P3.5mm,CP_Radial_D8.0mm_L12.5mm_P3.5mm.wrl,${PL_SYMBOL_DIR}/PL Capacitor Electrolytic/Datasheets/KEM_A4055_ESE.pdf,D8.0xL12.5;P3.5,0.8,1.6,supplied-manufacturer-table,1
generated,470uF_25V_ESE477M025AG6AA,KEMET,ESE477M025AG6AA,ESE,470uF,25V,CP_Radial_D8.0mm_L22.0mm_P3.5mm,CP_Radial_D8.0mm_L22.0mm_P3.5mm.wrl,${PL_SYMBOL_DIR}/PL Capacitor Electrolytic/Datasheets/KEM_A4055_ESE.pdf,D8.0xL22.0;P3.5,0.8,1.6,supplied-manufacturer-table,1
generated,10uF_400V_ESG106M400AH4AA,KEMET,ESG106M400AH4AA,ESG,10uF,400V,CP_Radial_D10.0mm_L21.0mm_P5.0mm,CP_Radial_D10.0mm_L21.0mm_P5.0mm.wrl,${PL_SYMBOL_DIR}/PL Capacitor Electrolytic/Datasheets/KEM_A4008_ESG.pdf,D10.0xL21.0;P5.0,0.8,1.6,supplied-manufacturer-table,1
generated,10uF_450V_ESG106M450AL3AA,KEMET,ESG106M450AL3AA,ESG,10uF,450V,CP_Radial_D13.0mm_L22.0mm_P5.0mm,CP_Radial_D13.0mm_L22.0mm_P5.0mm.wrl,${PL_SYMBOL_DIR}/PL Capacitor Electrolytic/Datasheets/KEM_A4008_ESG.pdf,D13.0xL22.0;P5.0,1.0,1.8,supplied-manufacturer-table,1
generated,150uF_500V_ESG157M500AQ5AA,KEMET,ESG157M500AQ5AA,ESG,150uF,500V,CP_Radial_D22.0mm_L47.0mm_P10.0mm,CP_Radial_D22.0mm_L47.0mm_P10.0mm.wrl,${PL_SYMBOL_DIR}/PL Capacitor Electrolytic/Datasheets/KEM_A4008_ESG.pdf,D22.0xL47.0;P10.0,1.2,2.0,supplied-manufacturer-table,2
generated,22uF_250V_ESG226M250AL3AA,KEMET,ESG226M250AL3AA,ESG,22uF,250V,CP_Radial_D13.0mm_L22.0mm_P5.0mm,CP_Radial_D13.0mm_L22.0mm_P5.0mm.wrl,${PL_SYMBOL_DIR}/PL Capacitor Electrolytic/Datasheets/KEM_A4008_ESG.pdf,D13.0xL22.0;P5.0,1.0,1.8,supplied-manufacturer-table,1
generated,22uF_400V_ESG226M400AL4AA,KEMET,ESG226M400AL4AA,ESG,22uF,400V,CP_Radial_D13.0mm_L27.0mm_P5.0mm,CP_Radial_D13.0mm_L27.0mm_P5.0mm.wrl,${PL_SYMBOL_DIR}/PL Capacitor Electrolytic/Datasheets/KEM_A4008_ESG.pdf,D13.0xL27.0;P5.0,1.0,1.8,supplied-manufacturer-table,1
generated,22uF_400V_ESG226M400AM5AA,KEMET,ESG226M400AM5AA,ESG,22uF,400V,CP_Radial_D16.0mm_L22.0mm_P7.5mm,CP_Radial_D16.0mm_L22.0mm_P7.5mm.wrl,${PL_SYMBOL_DIR}/PL Capacitor Electrolytic/Datasheets/KEM_A4008_ESG.pdf,D16.0xL22.0;P7.5,1.0,1.8,supplied-manufacturer-table,1
generated,33uF_250V_ESG336M250AL3AA,KEMET,ESG336M250AL3AA,ESG,33uF,250V,CP_Radial_D13.0mm_L22.0mm_P5.0mm,CP_Radial_D13.0mm_L22.0mm_P5.0mm.wrl,${PL_SYMBOL_DIR}/PL Capacitor Electrolytic/Datasheets/KEM_A4008_ESG.pdf,D13.0xL22.0;P5.0,1.0,1.8,supplied-manufacturer-table,1
generated,33uF_450V_ESG336M450AM2AA,KEMET,ESG336M450AM2AA,ESG,33uF,450V,CP_Radial_D16.0mm_L34.0mm_P7.5mm,CP_Radial_D16.0mm_L34.0mm_P7.5mm.wrl,${PL_SYMBOL_DIR}/PL Capacitor Electrolytic/Datasheets/KEM_A4008_ESG.pdf,D16.0xL34.0;P7.5,1.0,1.8,supplied-manufacturer-table,1
generated,4.7uF_400V_ESG475M400AH2AA,KEMET,ESG475M400AH2AA,ESG,4.7uF,400V,CP_Radial_D10.0mm_L17.0mm_P5.0mm,CP_Radial_D10.0mm_L17.0mm_P5.0mm.wrl,${PL_SYMBOL_DIR}/PL Capacitor Electrolytic/Datasheets/KEM_A4008_ESG.pdf,D10.0xL17.0;P5.0,0.8,1.6,supplied-manufacturer-table,1
generated,47uF_250V_ESG476M250AM5AA,KEMET,ESG476M250AM5AA,ESG,47uF,250V,CP_Radial_D16.0mm_L22.0mm_P7.5mm,CP_Radial_D16.0mm_L22.0mm_P7.5mm.wrl,${PL_SYMBOL_DIR}/PL Capacitor Electrolytic/Datasheets/KEM_A4008_ESG.pdf,D16.0xL22.0;P7.5,1.0,1.8,supplied-manufacturer-table,1
generated,1uF_100V_ESH105M100AC3AA,KEMET,ESH105M100AC3AA,ESH,1uF,100V,CP_Radial_D5.0mm_L12.5mm_P2.0mm,CP_Radial_D5.0mm_L12.5mm_P2.0mm.wrl,${PL_SYMBOL_DIR}/PL Capacitor Electrolytic/Datasheets/KEM_A4005_ESH.pdf,D5.0xL12.5;P2.0,0.7,1.5,supplied-manufacturer-table,1
generated,10uF_35V_ESH106M035AC3AA,KEMET,ESH106M035AC3AA,ESH,10uF,35V,CP_Radial_D5.0mm_L12.5mm_P2.0mm,CP_Radial_D5.0mm_L12.5mm_P2.0mm.wrl,${PL_SYMBOL_DIR}/PL Capacitor Electrolytic/Datasheets/KEM_A4005_ESH.pdf,D5.0xL12.5;P2.0,0.7,1.5,supplied-manufacturer-table,1
generated,10uF_50V_ESH106M050AC3AA,KEMET,ESH106M050AC3AA,ESH,10uF,50V,CP_Radial_D5.0mm_L12.5mm_P2.0mm,CP_Radial_D5.0mm_L12.5mm_P2.0mm.wrl,${PL_SYMBOL_DIR}/PL Capacitor Electrolytic/Datasheets/KEM_A4005_ESH.pdf,D5.0xL12.5;P2.0,0.7,1.5,supplied-manufacturer-table,1
generated,10uF_63V_ESH106M063AC3AA,KEMET,ESH106M063AC3AA,ESH,10uF,63V,CP_Radial_D5.0mm_L12.5mm_P2.0mm,CP_Radial_D5.0mm_L12.5mm_P2.0mm.wrl,${PL_SYMBOL_DIR}/PL Capacitor Electrolytic/Datasheets/KEM_A4005_ESH.pdf,D5.0xL12.5;P2.0,0.7,1.5,supplied-manufacturer-table,1
generated,10uF_100V_ESH106M100AE3AA,KEMET,ESH106M100AE3AA,ESH,10uF,100V,CP_Radial_D6.3mm_L12.5mm_P2.5mm,CP_Radial_D6.3mm_L12.5mm_P2.5mm.wrl,${PL_SYMBOL_DIR}/PL Capacitor Electrolytic/Datasheets/KEM_A4005_ESH.pdf,D6.3xL12.5;P2.5,0.7,1.5,supplied-manufacturer-table,1
generated,10uF_350V_ESH106M350AH2AA,KEMET,ESH106M350AH2AA,ESH,10uF,350V,CP_Radial_D10.0mm_L17.0mm_P5.0mm,CP_Radial_D10.0mm_L17.0mm_P5.0mm.wrl,${PL_SYMBOL_DIR}/PL Capacitor Electrolytic/Datasheets/KEM_A4005_ESH.pdf,D10.0xL17.0;P5.0,0.8,1.6,supplied-manufacturer-table,1
generated,10uF_400V_ESH106M400AH2AA,KEMET,ESH106M400AH2AA,ESH,10uF,400V,CP_Radial_D10.0mm_L17.0mm_P5.0mm,CP_Radial_D10.0mm_L17.0mm_P5.0mm.wrl,${PL_SYMBOL_DIR}/PL Capacitor Electrolytic/Datasheets/KEM_A4005_ESH.pdf,D10.0xL17.0;P5.0,0.8,1.6,supplied-manufacturer-table,1
generated,100uF_10V_ESH107M010AC3AA,KEMET,ESH107M010AC3AA,ESH,100uF,10V,CP_Radial_D5.0mm_L12.5mm_P2.0mm,CP_Radial_D5.0mm_L12.5mm_P2.0mm.wrl,${PL_SYMBOL_DIR}/PL Capacitor Electrolytic/Datasheets/KEM_A4005_ESH.pdf,D5.0xL12.5;P2.0,0.7,1.5,supplied-manufacturer-table,1
generated,100uF_16V_ESH107M016AE3AA,KEMET,ESH107M016AE3AA,ESH,100uF,16V,CP_Radial_D6.3mm_L12.5mm_P2.5mm,CP_Radial_D6.3mm_L12.5mm_P2.5mm.wrl,${PL_SYMBOL_DIR}/PL Capacitor Electrolytic/Datasheets/KEM_A4005_ESH.pdf,D6.3xL12.5;P2.5,0.7,1.5,supplied-manufacturer-table,1
generated,100uF_25V_ESH107M025AE3AA,KEMET,ESH107M025AE3AA,ESH,100uF,25V,CP_Radial_D6.3mm_L12.5mm_P2.5mm,CP_Radial_D6.3mm_L12.5mm_P2.5mm.wrl,${PL_SYMBOL_DIR}/PL Capacitor Electrolytic/Datasheets/KEM_A4005_ESH.pdf,D6.3xL12.5;P2.5,0.7,1.5,supplied-manufacturer-table,1
generated,100uF_25V_ESH107M025AE3DA,KEMET,ESH107M025AE3DA,ESH,100uF,25V,CP_Radial_D6.3mm_L12.5mm_P2.5mm,CP_Radial_D6.3mm_L12.5mm_P2.5mm.wrl,${PL_SYMBOL_DIR}/PL Capacitor Electrolytic/Datasheets/KEM_A4005_ESH.pdf,D6.3xL12.5;P2.5,0.7,1.5,supplied-manufacturer-table,1
generated,100uF_25V_ESH107M025AE3EA,KEMET,ESH107M025AE3EA,ESH,100uF,25V,CP_Radial_D6.3mm_L12.5mm_P2.5mm,CP_Radial_D6.3mm_L12.5mm_P2.5mm.wrl,${PL_SYMBOL_DIR}/PL Capacitor Electrolytic/Datasheets/KEM_A4005_ESH.pdf,D6.3xL12.5;P2.5,0.7,1.5,supplied-manufacturer-table,1
generated,100uF_35V_ESH107M035AE3AA,KEMET,ESH107M035AE3AA,ESH,100uF,35V,CP_Radial_D6.3mm_L12.5mm_P2.5mm,CP_Radial_D6.3mm_L12.5mm_P2.5mm.wrl,${PL_SYMBOL_DIR}/PL Capacitor Electrolytic/Datasheets/KEM_A4005_ESH.pdf,D6.3xL12.5;P2.5,0.7,1.5,supplied-manufacturer-table,1
generated,100uF_35V_ESH107M035AG3AA,KEMET,ESH107M035AG3AA,ESH,100uF,35V,CP_Radial_D8.0mm_L12.5mm_P3.5mm,CP_Radial_D8.0mm_L12.5mm_P3.5mm.wrl,${PL_SYMBOL_DIR}/PL Capacitor Electrolytic/Datasheets/KEM_A4005_ESH.pdf,D8.0xL12.5;P3.5,0.8,1.6,supplied-manufacturer-table,1
generated,100uF_50V_ESH107M050AG3AA,KEMET,ESH107M050AG3AA,ESH,100uF,50V,CP_Radial_D8.0mm_L12.5mm_P3.5mm,CP_Radial_D8.0mm_L12.5mm_P3.5mm.wrl,${PL_SYMBOL_DIR}/PL Capacitor Electrolytic/Datasheets/KEM_A4005_ESH.pdf,D8.0xL12.5;P3.5,0.8,1.6,supplied-manufacturer-table,1
generated,100uF_50V_ESH107M050AG3KA,KEMET,ESH107M050AG3KA,ESH,100uF,50V,CP_Radial_D8.0mm_L12.5mm_P3.5mm,CP_Radial_D8.0mm_L12.5mm_P3.5mm.wrl,${PL_SYMBOL_DIR}/PL Capacitor Electrolytic/Datasheets/KEM_A4005_ESH.pdf,D8.0xL12.5;P3.5,0.8,1.6,supplied-manufacturer-table,1
generated,100uF_63V_ESH107M063AH1AA,KEMET,ESH107M063AH1AA,ESH,100uF,63V,CP_Radial_D10.0mm_L13.5mm_P5.0mm,CP_Radial_D10.0mm_L13.5mm_P5.0mm.wrl,${PL_SYMBOL_DIR}/PL Capacitor Electrolytic/Datasheets/KEM_A4005_ESH.pdf,D10.0xL13.5;P5.0,0.8,1.6,supplied-manufacturer-table,1
generated,100uF_100V_ESH107M100AH4AA,KEMET,ESH107M100AH4AA,ESH,100uF,100V,CP_Radial_D10.0mm_L22.0mm_P5.0mm,CP_Radial_D10.0mm_L22.0mm_P5.0mm.wrl,${PL_SYMBOL_DIR}/PL Capacitor Electrolytic/Datasheets/KEM_A4005_ESH.pdf,D10.0xL22.0;P5.0,0.8,1.6,supplied-manufacturer-table,1
generated,100uF_100V_ESH107M100AL3AA,KEMET,ESH107M100AL3AA,ESH,100uF,100V,CP_Radial_D13.0mm_L22.0mm_P5.0mm,CP_Radial_D13.0mm_L22.0mm_P5.0mm.wrl,${PL_SYMBOL_DIR}/PL Capacitor Electrolytic/Datasheets/KEM_A4005_ESH.pdf,D13.0xL22.0;P5.0,1.0,1.8,supplied-manufacturer-table,1
generated,100uF_160V_ESH107M160AL4AA,KEMET,ESH107M160AL4AA,ESH,100uF,160V,CP_Radial_D13.0mm_L27.0mm_P5.0mm,CP_Radial_D13.0mm_L27.0mm_P5.0mm.wrl,${PL_SYMBOL_DIR}/PL Capacitor Electrolytic/Datasheets/KEM_A4005_ESH.pdf,D13.0xL27.0;P5.0,1.0,1.8,supplied-manufacturer-table,1
generated,100uF_200V_ESH107M200AM7AA,KEMET,ESH107M200AM7AA,ESH,100uF,200V,CP_Radial_D16.0mm_L27.0mm_P7.5mm,CP_Radial_D16.0mm_L27.0mm_P7.5mm.wrl,${PL_SYMBOL_DIR}/PL Capacitor Electrolytic/Datasheets/KEM_A4005_ESH.pdf,D16.0xL27.0;P7.5,1.0,1.8,supplied-manufacturer-table,1
generated,100uF_450V_ESH107M450AN2AA,KEMET,ESH107M450AN2AA,ESH,100uF,450V,CP_Radial_D18.0mm_L38.0mm_P7.5mm,CP_Radial_D18.0mm_L38.0mm_P7.5mm.wrl,${PL_SYMBOL_DIR}/PL Capacitor Electrolytic/Datasheets/KEM_A4005_ESH.pdf,D18.0xL38.0;P7.5,1.0,1.8,supplied-manufacturer-table,2
generated,100uF_6.3V_ESH107M6R3AC3AA,KEMET,ESH107M6R3AC3AA,ESH,100uF,6.3V,CP_Radial_D5.0mm_L12.5mm_P2.0mm,CP_Radial_D5.0mm_L12.5mm_P2.0mm.wrl,${PL_SYMBOL_DIR}/PL Capacitor Electrolytic/Datasheets/KEM_A4005_ESH.pdf,D5.0xL12.5;P2.0,0.7,1.5,supplied-manufacturer-table,1
generated,1000uF_10V_ESH108M010AH1AA,KEMET,ESH108M010AH1AA,ESH,1000uF,10V,CP_Radial_D10.0mm_L13.5mm_P5.0mm,CP_Radial_D10.0mm_L13.5mm_P5.0mm.wrl,${PL_SYMBOL_DIR}/PL Capacitor Electrolytic/Datasheets/KEM_A4005_ESH.pdf,D10.0xL13.5;P5.0,0.8,1.6,supplied-manufacturer-table,1
generated,1000uF_16V_ESH108M016AH2AA,KEMET,ESH108M016AH2AA,ESH,1000uF,16V,CP_Radial_D10.0mm_L17.0mm_P5.0mm,CP_Radial_D10.0mm_L17.0mm_P5.0mm.wrl,${PL_SYMBOL_DIR}/PL Capacitor Electrolytic/Datasheets/KEM_A4005_ESH.pdf,D10.0xL17.0;P5.0,0.8,1.6,supplied-manufacturer-table,1
generated,1000uF_16V_ESH108M016AH4AA,KEMET,ESH108M016AH4AA,ESH,1000uF,16V,CP_Radial_D10.0mm_L21.0mm_P5.0mm,CP_Radial_D10.0mm_L21.0mm_P5.0mm.wrl,${PL_SYMBOL_DIR}/PL Capacitor Electrolytic/Datasheets/KEM_A4005_ESH.pdf,D10.0xL21.0;P5.0,0.8,1.6,supplied-manufacturer-table,1
generated,1000uF_25V_ESH108M025AH4AA,KEMET,ESH108M025AH4AA,ESH,1000uF,25V,CP_Radial_D10.0mm_L22.0mm_P5.0mm,CP_Radial_D10.0mm_L22.0mm_P5.0mm.wrl,${PL_SYMBOL_DIR}/PL Capacitor Electrolytic/Datasheets/KEM_A4005_ESH.pdf,D10.0xL22.0;P5.0,0.8,1.6,supplied-manufacturer-table,1
generated,1000uF_35V_ESH108M035AL3AA,KEMET,ESH108M035AL3AA,ESH,1000uF,35V,CP_Radial_D13.0mm_L22.0mm_P5.0mm,CP_Radial_D13.0mm_L22.0mm_P5.0mm.wrl,${PL_SYMBOL_DIR}/PL Capacitor Electrolytic/Datasheets/KEM_A4005_ESH.pdf,D13.0xL22.0;P5.0,1.0,1.8,supplied-manufacturer-table,1
generated,1000uF_50V_ESH108M050AL4AA,KEMET,ESH108M050AL4AA,ESH,1000uF,50V,CP_Radial_D13.0mm_L27.0mm_P5.0mm,CP_Radial_D13.0mm_L27.0mm_P5.0mm.wrl,${PL_SYMBOL_DIR}/PL Capacitor Electrolytic/Datasheets/KEM_A4005_ESH.pdf,D13.0xL27.0;P5.0,1.0,1.8,supplied-manufacturer-table,1
generated,1000uF_50V_ESH108M050AM7AA,KEMET,ESH108M050AM7AA,ESH,1000uF,50V,CP_Radial_D16.0mm_L27.0mm_P7.5mm,CP_Radial_D16.0mm_L27.0mm_P7.5mm.wrl,${PL_SYMBOL_DIR}/PL Capacitor Electrolytic/Datasheets/KEM_A4005_ESH.pdf,D16.0xL27.0;P7.5,1.0,1.8,supplied-manufacturer-table,1
generated,1000uF_63V_ESH108M063AM2AA,KEMET,ESH108M063AM2AA,ESH,1000uF,63V,CP_Radial_D16.0mm_L34.0mm_P7.5mm,CP_Radial_D16.0mm_L34.0mm_P7.5mm.wrl,${PL_SYMBOL_DIR}/PL Capacitor Electrolytic/Datasheets/KEM_A4005_ESH.pdf,D16.0xL34.0;P7.5,1.0,1.8,supplied-manufacturer-table,1
generated,1000uF_6.3V_ESH108M6R3AH1AA,KEMET,ESH108M6R3AH1AA,ESH,1000uF,6.3V,CP_Radial_D10.0mm_L13.5mm_P5.0mm,CP_Radial_D10.0mm_L13.5mm_P5.0mm.wrl,${PL_SYMBOL_DIR}/PL Capacitor Electrolytic/Datasheets/KEM_A4005_ESH.pdf,D10.0xL13.5;P5.0,0.8,1.6,supplied-manufacturer-table,1
generated,150uF_450V_ESH157M450AN7AA,KEMET,ESH157M450AN7AA,ESH,150uF,450V,CP_Radial_D18.0mm_L47.0mm_P7.5mm,CP_Radial_D18.0mm_L47.0mm_P7.5mm.wrl,${PL_SYMBOL_DIR}/PL Capacitor Electrolytic/Datasheets/KEM_A4005_ESH.pdf,D18.0xL47.0;P7.5,1.0,1.8,supplied-manufacturer-table,2
generated,1500uF_35V_ESH158M035AM7AA,KEMET,ESH158M035AM7AA,ESH,1500uF,35V,CP_Radial_D16.0mm_L27.0mm_P7.5mm,CP_Radial_D16.0mm_L27.0mm_P7.5mm.wrl,${PL_SYMBOL_DIR}/PL Capacitor Electrolytic/Datasheets/KEM_A4005_ESH.pdf,D16.0xL27.0;P7.5,1.0,1.8,supplied-manufacturer-table,1
generated,2.2uF_50V_ESH225M050AC3AA,KEMET,ESH225M050AC3AA,ESH,2.2uF,50V,CP_Radial_D5.0mm_L12.5mm_P2.0mm,CP_Radial_D5.0mm_L12.5mm_P2.0mm.wrl,${PL_SYMBOL_DIR}/PL Capacitor Electrolytic/Datasheets/KEM_A4005_ESH.pdf,D5.0xL12.5;P2.0,0.7,1.5,supplied-manufacturer-table,1
generated,2.2uF_400V_ESH225M400AG3AA,KEMET,ESH225M400AG3AA,ESH,2.2uF,400V,CP_Radial_D8.0mm_L12.5mm_P3.5mm,CP_Radial_D8.0mm_L12.5mm_P3.5mm.wrl,${PL_SYMBOL_DIR}/PL Capacitor Electrolytic/Datasheets/KEM_A4005_ESH.pdf,D8.0xL12.5;P3.5,0.8,1.6,supplied-manufacturer-table,1
generated,2.2uF_450V_ESH225M450AH1AA,KEMET,ESH225M450AH1AA,ESH,2.2uF,450V,CP_Radial_D10.0mm_L13.5mm_P5.0mm,CP_Radial_D10.0mm_L13.5mm_P5.0mm.wrl,${PL_SYMBOL_DIR}/PL Capacitor Electrolytic/Datasheets/KEM_A4005_ESH.pdf,D10.0xL13.5;P5.0,0.8,1.6,supplied-manufacturer-table,1
generated,22uF_16V_ESH226M016AC3AA,KEMET,ESH226M016AC3AA,ESH,22uF,16V,CP_Radial_D5.0mm_L12.5mm_P2.0mm,CP_Radial_D5.0mm_L12.5mm_P2.0mm.wrl,${PL_SYMBOL_DIR}/PL Capacitor Electrolytic/Datasheets/KEM_A4005_ESH.pdf,D5.0xL12.5;P2.0,0.7,1.5,supplied-manufacturer-table,1
generated,22uF_16V_ESH226M016AC3DA,KEMET,ESH226M016AC3DA,ESH,22uF,16V,CP_Radial_D5.0mm_L12.5mm_P2.0mm,CP_Radial_D5.0mm_L12.5mm_P2.0mm.wrl,${PL_SYMBOL_DIR}/PL Capacitor Electrolytic/Datasheets/KEM_A4005_ESH.pdf,D5.0xL12.5;P2.0,0.7,1.5,supplied-manufacturer-table,1
generated,22uF_25V_ESH226M025AC3AA,KEMET,ESH226M025AC3AA,ESH,22uF,25V,CP_Radial_D5.0mm_L12.5mm_P2.0mm,CP_Radial_D5.0mm_L12.5mm_P2.0mm.wrl,${PL_SYMBOL_DIR}/PL Capacitor Electrolytic/Datasheets/KEM_A4005_ESH.pdf,D5.0xL12.5;P2.0,0.7,1.5,supplied-manufacturer-table,1
generated,22uF_35V_ESH226M035AC3AA,KEMET,ESH226M035AC3AA,ESH,22uF,35V,CP_Radial_D5.0mm_L12.5mm_P2.0mm,CP_Radial_D5.0mm_L12.5mm_P2.0mm.wrl,${PL_SYMBOL_DIR}/PL Capacitor Electrolytic/Datasheets/KEM_A4005_ESH.pdf,D5.0xL12.5;P2.0,0.7,1.5,supplied-manufacturer-table,1
generated,22uF_50V_ESH226M050AC3AA,KEMET,ESH226M050AC3AA,ESH,22uF,50V,CP_Radial_D5.0mm_L12.5mm_P2.0mm,CP_Radial_D5.0mm_L12.5mm_P2.0mm.wrl,${PL_SYMBOL_DIR}/PL Capacitor Electrolytic/Datasheets/KEM_A4005_ESH.pdf,D5.0xL12.5;P2.0,0.7,1.5,supplied-manufacturer-table,1
generated,22uF_400V_ESH226M400AL4AA,KEMET,ESH226M400AL4AA,ESH,22uF,400V,CP_Radial_D13.0mm_L27.0mm_P5.0mm,CP_Radial_D13.0mm_L27.0mm_P5.0mm.wrl,${PL_SYMBOL_DIR}/PL Capacitor Electrolytic/Datasheets/KEM_A4005_ESH.pdf,D13.0xL27.0;P5.0,1.0,1.8,supplied-manufacturer-table,1
generated,22uF_500V_ESH226M500AL4AA,KEMET,ESH226M500AL4AA,ESH,22uF,500V,CP_Radial_D13.0mm_L27.0mm_P5.0mm,CP_Radial_D13.0mm_L27.0mm_P5.0mm.wrl,${PL_SYMBOL_DIR}/PL Capacitor Electrolytic/Datasheets/KEM_A4005_ESH.pdf,D13.0xL27.0;P5.0,1.0,1.8,supplied-manufacturer-table,1
generated,220uF_10V_ESH227M010AE3AA,KEMET,ESH227M010AE3AA,ESH,220uF,10V,CP_Radial_D6.3mm_L12.5mm_P2.5mm,CP_Radial_D6.3mm_L12.5mm_P2.5mm.wrl,${PL_SYMBOL_DIR}/PL Capacitor Electrolytic/Datasheets/KEM_A4005_ESH.pdf,D6.3xL12.5;P2.5,0.7,1.5,supplied-manufacturer-table,1
generated,220uF_16V_ESH227M016AE3AA,KEMET,ESH227M016AE3AA,ESH,220uF,16V,CP_Radial_D6.3mm_L12.5mm_P2.5mm,CP_Radial_D6.3mm_L12.5mm_P2.5mm.wrl,${PL_SYMBOL_DIR}/PL Capacitor Electrolytic/Datasheets/KEM_A4005_ESH.pdf,D6.3xL12.5;P2.5,0.7,1.5,supplied-manufacturer-table,1
generated,220uF_16V_ESH227M016AG3AA,KEMET,ESH227M016AG3AA,ESH,220uF,16V,CP_Radial_D8.0mm_L12.5mm_P3.5mm,CP_Radial_D8.0mm_L12.5mm_P3.5mm.wrl,${PL_SYMBOL_DIR}/PL Capacitor Electrolytic/Datasheets/KEM_A4005_ESH.pdf,D8.0xL12.5;P3.5,0.8,1.6,supplied-manufacturer-table,1
generated,220uF_25V_ESH227M025AG3AA,KEMET,ESH227M025AG3AA,ESH,220uF,25V,CP_Radial_D8.0mm_L12.5mm_P3.5mm,CP_Radial_D8.0mm_L12.5mm_P3.5mm.wrl,${PL_SYMBOL_DIR}/PL Capacitor Electrolytic/Datasheets/KEM_A4005_ESH.pdf,D8.0xL12.5;P3.5,0.8,1.6,supplied-manufacturer-table,1
generated,220uF_35V_ESH227M035AH1AA,KEMET,ESH227M035AH1AA,ESH,220uF,35V,CP_Radial_D10.0mm_L13.5mm_P5.0mm,CP_Radial_D10.0mm_L13.5mm_P5.0mm.wrl,${PL_SYMBOL_DIR}/PL Capacitor Electrolytic/Datasheets/KEM_A4005_ESH.pdf,D10.0xL13.5;P5.0,0.8,1.6,supplied-manufacturer-table,1
generated,220uF_35V_ESH227M035AH9AA,KEMET,ESH227M035AH9AA,ESH,220uF,35V,CP_Radial_D10.0mm_L14.0mm_P5.0mm,CP_Radial_D10.0mm_L14.0mm_P5.0mm.wrl,${PL_SYMBOL_DIR}/PL Capacitor Electrolytic/Datasheets/KEM_A4005_ESH.pdf,D10.0xL14.0;P5.0,0.8,1.6,supplied-manufacturer-table,1
generated,220uF_50V_ESH227M050AH1AA,KEMET,ESH227M050AH1AA,ESH,220uF,50V,CP_Radial_D10.0mm_L13.5mm_P5.0mm,CP_Radial_D10.0mm_L13.5mm_P5.0mm.wrl,${PL_SYMBOL_DIR}/PL Capacitor Electrolytic/Datasheets/KEM_A4005_ESH.pdf,D10.0xL13.5;P5.0,0.8,1.6,supplied-manufacturer-table,1
generated,220uF_50V_ESH227M050AH2AA,KEMET,ESH227M050AH2AA,ESH,220uF,50V,CP_Radial_D10.0mm_L17.0mm_P5.0mm,CP_Radial_D10.0mm_L17.0mm_P5.0mm.wrl,${PL_SYMBOL_DIR}/PL Capacitor Electrolytic/Datasheets/KEM_A4005_ESH.pdf,D10.0xL17.0;P5.0,0.8,1.6,supplied-manufacturer-table,1
generated,220uF_63V_ESH227M063AH4AA,KEMET,ESH227M063AH4AA,ESH,220uF,63V,CP_Radial_D10.0mm_L22.0mm_P5.0mm,CP_Radial_D10.0mm_L22.0mm_P5.0mm.wrl,${PL_SYMBOL_DIR}/PL Capacitor Electrolytic/Datasheets/KEM_A4005_ESH.pdf,D10.0xL22.0;P5.0,0.8,1.6,supplied-manufacturer-table,1
generated,2200uF_50V_ESH228M050AN2AA,KEMET,ESH228M050AN2AA,ESH,2200uF,50V,CP_Radial_D18.0mm_L38.0mm_P7.5mm,CP_Radial_D18.0mm_L38.0mm_P7.5mm.wrl,${PL_SYMBOL_DIR}/PL Capacitor Electrolytic/Datasheets/KEM_A4005_ESH.pdf,D18.0xL38.0;P7.5,1.0,1.8,supplied-manufacturer-table,1
generated,3.3uF_50V_ESH335M050AC3AA,KEMET,ESH335M050AC3AA,ESH,3.3uF,50V,CP_Radial_D5.0mm_L12.5mm_P2.0mm,CP_Radial_D5.0mm_L12.5mm_P2.0mm.wrl,${PL_SYMBOL_DIR}/PL Capacitor Electrolytic/Datasheets/KEM_A4005_ESH.pdf,D5.0xL12.5;P2.0,0.7,1.5,supplied-manufacturer-table,1
generated,33uF_25V_ESH336M025AC3AA,KEMET,ESH336M025AC3AA,ESH,33uF,25V,CP_Radial_D5.0mm_L12.5mm_P2.0mm,CP_Radial_D5.0mm_L12.5mm_P2.0mm.wrl,${PL_SYMBOL_DIR}/PL Capacitor Electrolytic/Datasheets/KEM_A4005_ESH.pdf,D5.0xL12.5;P2.0,0.7,1.5,supplied-manufacturer-table,1
generated,33uF_35V_ESH336M035AC3AA,KEMET,ESH336M035AC3AA,ESH,33uF,35V,CP_Radial_D5.0mm_L12.5mm_P2.0mm,CP_Radial_D5.0mm_L12.5mm_P2.0mm.wrl,${PL_SYMBOL_DIR}/PL Capacitor Electrolytic/Datasheets/KEM_A4005_ESH.pdf,D5.0xL12.5;P2.0,0.7,1.5,supplied-manufacturer-table,1
generated,33uF_50V_ESH336M050AC3AA,KEMET,ESH336M050AC3AA,ESH,33uF,50V,CP_Radial_D5.0mm_L12.5mm_P2.0mm,CP_Radial_D5.0mm_L12.5mm_P2.0mm.wrl,${PL_SYMBOL_DIR}/PL Capacitor Electrolytic/Datasheets/KEM_A4005_ESH.pdf,D5.0xL12.5;P2.0,0.7,1.5,supplied-manufacturer-table,1
generated,33uF_50V_ESH336M050AE3AA,KEMET,ESH336M050AE3AA,ESH,33uF,50V,CP_Radial_D6.3mm_L12.5mm_P2.5mm,CP_Radial_D6.3mm_L12.5mm_P2.5mm.wrl,${PL_SYMBOL_DIR}/PL Capacitor Electrolytic/Datasheets/KEM_A4005_ESH.pdf,D6.3xL12.5;P2.5,0.7,1.5,supplied-manufacturer-table,1
generated,33uF_63V_ESH336M063AG3AA,KEMET,ESH336M063AG3AA,ESH,33uF,63V,CP_Radial_D8.0mm_L12.5mm_P3.5mm,CP_Radial_D8.0mm_L12.5mm_P3.5mm.wrl,${PL_SYMBOL_DIR}/PL Capacitor Electrolytic/Datasheets/KEM_A4005_ESH.pdf,D8.0xL12.5;P3.5,0.8,1.6,supplied-manufacturer-table,1
generated,33uF_400V_ESH336M400AM7AA,KEMET,ESH336M400AM7AA,ESH,33uF,400V,CP_Radial_D16.0mm_L27.0mm_P7.5mm,CP_Radial_D16.0mm_L27.0mm_P7.5mm.wrl,${PL_SYMBOL_DIR}/PL Capacitor Electrolytic/Datasheets/KEM_A4005_ESH.pdf,D16.0xL27.0;P7.5,1.0,1.8,supplied-manufacturer-table,1
generated,330uF_16V_ESH337M016AG3AA,KEMET,ESH337M016AG3AA,ESH,330uF,16V,CP_Radial_D8.0mm_L12.5mm_P3.5mm,CP_Radial_D8.0mm_L12.5mm_P3.5mm.wrl,${PL_SYMBOL_DIR}/PL Capacitor Electrolytic/Datasheets/KEM_A4005_ESH.pdf,D8.0xL12.5;P3.5,0.8,1.6,supplied-manufacturer-table,1
generated,330uF_25V_ESH337M025AG3AA,KEMET,ESH337M025AG3AA,ESH,330uF,25V,CP_Radial_D8.0mm_L12.5mm_P3.5mm,CP_Radial_D8.0mm_L12.5mm_P3.5mm.wrl,${PL_SYMBOL_DIR}/PL Capacitor Electrolytic/Datasheets/KEM_A4005_ESH.pdf,D8.0xL12.5;P3.5,0.8,1.6,supplied-manufacturer-table,1
generated,330uF_50V_ESH337M050AH4AA,KEMET,ESH337M050AH4AA,ESH,330uF,50V,CP_Radial_D10.0mm_L21.0mm_P5.0mm,CP_Radial_D10.0mm_L21.0mm_P5.0mm.wrl,${PL_SYMBOL_DIR}/PL Capacitor Electrolytic/Datasheets/KEM_A4005_ESH.pdf,D10.0xL21.0;P5.0,0.8,1.6,supplied-manufacturer-table,1
generated,3300uF_10V_ESH338M010AL3AA,KEMET,ESH338M010AL3AA,ESH,3300uF,10V,CP_Radial_D13.0mm_L22.0mm_P5.0mm,CP_Radial_D13.0mm_L22.0mm_P5.0mm.wrl,${PL_SYMBOL_DIR}/PL Capacitor Electrolytic/Datasheets/KEM_A4005_ESH.pdf,D13.0xL22.0;P5.0,1.0,1.8,supplied-manufacturer-table,1
generated,3.3mF_25V_ESH338M025AM2AA,KEMET,ESH338M025AM2AA,ESH,3.3mF,25V,CP_Radial_D16.0mm_L34.0mm_P7.5mm,CP_Radial_D16.0mm_L34.0mm_P7.5mm.wrl,${PL_SYMBOL_DIR}/PL Capacitor Electrolytic/Datasheets/KEM_A4005_ESH.pdf,D16.0xL34.0;P7.5,1.0,1.8,supplied-manufacturer-table,1
generated,4.7uF_50V_ESH475M050AC3AA,KEMET,ESH475M050AC3AA,ESH,4.7uF,50V,CP_Radial_D5.0mm_L12.5mm_P2.0mm,CP_Radial_D5.0mm_L12.5mm_P2.0mm.wrl,${PL_SYMBOL_DIR}/PL Capacitor Electrolytic/Datasheets/KEM_A4005_ESH.pdf,D5.0xL12.5;P2.0,0.7,1.5,supplied-manufacturer-table,1
generated,4.7uF_350V_ESH475M350AH2AA,KEMET,ESH475M350AH2AA,ESH,4.7uF,350V,CP_Radial_D10.0mm_L17.0mm_P5.0mm,CP_Radial_D10.0mm_L17.0mm_P5.0mm.wrl,${PL_SYMBOL_DIR}/PL Capacitor Electrolytic/Datasheets/KEM_A4005_ESH.pdf,D10.0xL17.0;P5.0,0.8,1.6,supplied-manufacturer-table,1
generated,4.7uF_400V_ESH475M400AH2AA,KEMET,ESH475M400AH2AA,ESH,4.7uF,400V,CP_Radial_D10.0mm_L17.0mm_P5.0mm,CP_Radial_D10.0mm_L17.0mm_P5.0mm.wrl,${PL_SYMBOL_DIR}/PL Capacitor Electrolytic/Datasheets/KEM_A4005_ESH.pdf,D10.0xL17.0;P5.0,0.8,1.6,supplied-manufacturer-table,1
generated,4.7uF_450V_ESH475M450AH2AA,KEMET,ESH475M450AH2AA,ESH,4.7uF,450V,CP_Radial_D10.0mm_L17.0mm_P5.0mm,CP_Radial_D10.0mm_L17.0mm_P5.0mm.wrl,${PL_SYMBOL_DIR}/PL Capacitor Electrolytic/Datasheets/KEM_A4005_ESH.pdf,D10.0xL17.0;P5.0,0.8,1.6,supplied-manufacturer-table,1
generated,47uF_10V_ESH476M010AC3AA,KEMET,ESH476M010AC3AA,ESH,47uF,10V,CP_Radial_D5.0mm_L12.5mm_P2.0mm,CP_Radial_D5.0mm_L12.5mm_P2.0mm.wrl,${PL_SYMBOL_DIR}/PL Capacitor Electrolytic/Datasheets/KEM_A4005_ESH.pdf,D5.0xL12.5;P2.0,0.7,1.5,supplied-manufacturer-table,1
generated,47uF_16V_ESH476M016AC3AA,KEMET,ESH476M016AC3AA,ESH,47uF,16V,CP_Radial_D5.0mm_L12.5mm_P2.0mm,CP_Radial_D5.0mm_L12.5mm_P2.0mm.wrl,${PL_SYMBOL_DIR}/PL Capacitor Electrolytic/Datasheets/KEM_A4005_ESH.pdf,D5.0xL12.5;P2.0,0.7,1.5,supplied-manufacturer-table,1
generated,47uF_25V_ESH476M025AC3AA,KEMET,ESH476M025AC3AA,ESH,47uF,25V,CP_Radial_D5.0mm_L12.5mm_P2.0mm,CP_Radial_D5.0mm_L12.5mm_P2.0mm.wrl,${PL_SYMBOL_DIR}/PL Capacitor Electrolytic/Datasheets/KEM_A4005_ESH.pdf,D5.0xL12.5;P2.0,0.7,1.5,supplied-manufacturer-table,1
generated,47uF_35V_ESH476M035AE3AA,KEMET,ESH476M035AE3AA,ESH,47uF,35V,CP_Radial_D6.3mm_L12.5mm_P2.5mm,CP_Radial_D6.3mm_L12.5mm_P2.5mm.wrl,${PL_SYMBOL_DIR}/PL Capacitor Electrolytic/Datasheets/KEM_A4005_ESH.pdf,D6.3xL12.5;P2.5,0.7,1.5,supplied-manufacturer-table,1
generated,47uF_50V_ESH476M050AE3AA,KEMET,ESH476M050AE3AA,ESH,47uF,50V,CP_Radial_D6.3mm_L12.5mm_P2.5mm,CP_Radial_D6.3mm_L12.5mm_P2.5mm.wrl,${PL_SYMBOL_DIR}/PL Capacitor Electrolytic/Datasheets/KEM_A4005_ESH.pdf,D6.3xL12.5;P2.5,0.7,1.5,supplied-manufacturer-table,1
generated,47uF_63V_ESH476M063AE3AA,KEMET,ESH476M063AE3AA,ESH,47uF,63V,CP_Radial_D6.3mm_L12.5mm_P2.5mm,CP_Radial_D6.3mm_L12.5mm_P2.5mm.wrl,${PL_SYMBOL_DIR}/PL Capacitor Electrolytic/Datasheets/KEM_A4005_ESH.pdf,D6.3xL12.5;P2.5,0.7,1.5,supplied-manufacturer-table,1
generated,47uF_63V_ESH476M063AG3AA,KEMET,ESH476M063AG3AA,ESH,47uF,63V,CP_Radial_D8.0mm_L12.5mm_P3.5mm,CP_Radial_D8.0mm_L12.5mm_P3.5mm.wrl,${PL_SYMBOL_DIR}/PL Capacitor Electrolytic/Datasheets/KEM_A4005_ESH.pdf,D8.0xL12.5;P3.5,0.8,1.6,supplied-manufacturer-table,1
generated,47uF_100V_ESH476M100AH2AA,KEMET,ESH476M100AH2AA,ESH,47uF,100V,CP_Radial_D10.0mm_L17.0mm_P5.0mm,CP_Radial_D10.0mm_L17.0mm_P5.0mm.wrl,${PL_SYMBOL_DIR}/PL Capacitor Electrolytic/Datasheets/KEM_A4005_ESH.pdf,D10.0xL17.0;P5.0,0.8,1.6,supplied-manufacturer-table,1
generated,47uF_100V_ESH476M100AH9AA,KEMET,ESH476M100AH9AA,ESH,47uF,100V,CP_Radial_D10.0mm_L14.0mm_P5.0mm,CP_Radial_D10.0mm_L14.0mm_P5.0mm.wrl,${PL_SYMBOL_DIR}/PL Capacitor Electrolytic/Datasheets/KEM_A4005_ESH.pdf,D10.0xL14.0;P5.0,0.8,1.6,supplied-manufacturer-table,1
generated,47uF_450V_ESH476M450AM7AA,KEMET,ESH476M450AM7AA,ESH,47uF,450V,CP_Radial_D16.0mm_L27.0mm_P7.5mm,CP_Radial_D16.0mm_L27.0mm_P7.5mm.wrl,${PL_SYMBOL_DIR}/PL Capacitor Electrolytic/Datasheets/KEM_A4005_ESH.pdf,D16.0xL27.0;P7.5,1.0,1.8,supplied-manufacturer-table,1
generated,470uF_10V_ESH477M010AE3AA,KEMET,ESH477M010AE3AA,ESH,470uF,10V,CP_Radial_D6.3mm_L12.5mm_P2.5mm,CP_Radial_D6.3mm_L12.5mm_P2.5mm.wrl,${PL_SYMBOL_DIR}/PL Capacitor Electrolytic/Datasheets/KEM_A4005_ESH.pdf,D6.3xL12.5;P2.5,0.7,1.5,supplied-manufacturer-table,1
generated,470uF_25V_ESH477M025AG4AA,KEMET,ESH477M025AG4AA,ESH,470uF,25V,CP_Radial_D8.0mm_L17.0mm_P3.5mm,CP_Radial_D8.0mm_L17.0mm_P3.5mm.wrl,${PL_SYMBOL_DIR}/PL Capacitor Electrolytic/Datasheets/KEM_A4005_ESH.pdf,D8.0xL17.0;P3.5,0.8,1.6,supplied-manufacturer-table,1
generated,470uF_25V_ESH477M025AH1AA,KEMET,ESH477M025AH1AA,ESH,470uF,25V,CP_Radial_D10.0mm_L13.5mm_P5.0mm,CP_Radial_D10.0mm_L13.5mm_P5.0mm.wrl,${PL_SYMBOL_DIR}/PL Capacitor Electrolytic/Datasheets/KEM_A4005_ESH.pdf,D10.0xL13.5;P5.0,0.8,1.6,supplied-manufacturer-table,1
generated,470uF_25V_ESH477M025AH2AA,KEMET,ESH477M025AH2AA,ESH,470uF,25V,CP_Radial_D10.0mm_L17.0mm_P5.0mm,CP_Radial_D10.0mm_L17.0mm_P5.0mm.wrl,${PL_SYMBOL_DIR}/PL Capacitor Electrolytic/Datasheets/KEM_A4005_ESH.pdf,D10.0xL17.0;P5.0,0.8,1.6,supplied-manufacturer-table,1
generated,470uF_35V_ESH477M035AH2AA,KEMET,ESH477M035AH2AA,ESH,470uF,35V,CP_Radial_D10.0mm_L17.0mm_P5.0mm,CP_Radial_D10.0mm_L17.0mm_P5.0mm.wrl,${PL_SYMBOL_DIR}/PL Capacitor Electrolytic/Datasheets/KEM_A4005_ESH.pdf,D10.0xL17.0;P5.0,0.8,1.6,supplied-manufacturer-table,1
generated,470uF_35V_ESH477M035AH3AA,KEMET,ESH477M035AH3AA,ESH,470uF,35V,CP_Radial_D10.0mm_L19.0mm_P5.0mm,CP_Radial_D10.0mm_L19.0mm_P5.0mm.wrl,${PL_SYMBOL_DIR}/PL Capacitor Electrolytic/Datasheets/KEM_A4005_ESH.pdf,D10.0xL19.0;P5.0,0.8,1.6,supplied-manufacturer-table,1
generated,470uF_35V_ESH477M035AL3AA,KEMET,ESH477M035AL3AA,ESH,470uF,35V,CP_Radial_D13.0mm_L22.0mm_P5.0mm,CP_Radial_D13.0mm_L22.0mm_P5.0mm.wrl,${PL_SYMBOL_DIR}/PL Capacitor Electrolytic/Datasheets/KEM_A4005_ESH.pdf,D13.0xL22.0;P5.0,1.0,1.8,supplied-manufacturer-table,1
generated,470uF_50V_ESH477M050AH4AA,KEMET,ESH477M050AH4AA,ESH,470uF,50V,CP_Radial_D10.0mm_L22.0mm_P5.0mm,CP_Radial_D10.0mm_L22.0mm_P5.0mm.wrl,${PL_SYMBOL_DIR}/PL Capacitor Electrolytic/Datasheets/KEM_A4005_ESH.pdf,D10.0xL22.0;P5.0,0.8,1.6,supplied-manufacturer-table,1
generated,470uF_50V_ESH477M050AL3AA,KEMET,ESH477M050AL3AA,ESH,470uF,50V,CP_Radial_D13.0mm_L22.0mm_P5.0mm,CP_Radial_D13.0mm_L22.0mm_P5.0mm.wrl,${PL_SYMBOL_DIR}/PL Capacitor Electrolytic/Datasheets/KEM_A4005_ESH.pdf,D13.0xL22.0;P5.0,1.0,1.8,supplied-manufacturer-table,1
generated,470uF_100V_ESH477M100AM2AA,KEMET,ESH477M100AM2AA,ESH,470uF,100V,CP_Radial_D16.0mm_L34.0mm_P7.5mm,CP_Radial_D16.0mm_L34.0mm_P7.5mm.wrl,${PL_SYMBOL_DIR}/PL Capacitor Electrolytic/Datasheets/KEM_A4005_ESH.pdf,D16.0xL34.0;P7.5,1.0,1.8,supplied-manufacturer-table,1
generated,4700uF_16V_ESH478M016AM7AA,KEMET,ESH478M016AM7AA,ESH,4700uF,16V,CP_Radial_D16.0mm_L27.0mm_P7.5mm,CP_Radial_D16.0mm_L27.0mm_P7.5mm.wrl,${PL_SYMBOL_DIR}/PL Capacitor Electrolytic/Datasheets/KEM_A4005_ESH.pdf,D16.0xL27.0;P7.5,1.0,1.8,supplied-manufacturer-table,1
generated,4700uF_35V_ESH478M035AN2AA,KEMET,ESH478M035AN2AA,ESH,4700uF,35V,CP_Radial_D18.0mm_L38.0mm_P7.5mm,CP_Radial_D18.0mm_L38.0mm_P7.5mm.wrl,${PL_SYMBOL_DIR}/PL Capacitor Electrolytic/Datasheets/KEM_A4005_ESH.pdf,D18.0xL38.0;P7.5,1.0,1.8,supplied-manufacturer-table,1
generated,6.8uF_63V_ESH685M063AC3AA,KEMET,ESH685M063AC3AA,ESH,6.8uF,63V,CP_Radial_D5.0mm_L12.5mm_P2.0mm,CP_Radial_D5.0mm_L12.5mm_P2.0mm.wrl,${PL_SYMBOL_DIR}/PL Capacitor Electrolytic/Datasheets/KEM_A4005_ESH.pdf,D5.0xL12.5;P2.0,0.7,1.5,supplied-manufacturer-table,1
generated,1uF_50V_ESK105M050AC3AA,KEMET,ESK105M050AC3AA,ESK,1uF,50V,CP_Radial_D5.0mm_L12.5mm_P2.0mm,CP_Radial_D5.0mm_L12.5mm_P2.0mm.wrl,${PL_SYMBOL_DIR}/PL Capacitor Electrolytic/Datasheets/KEM_A4004_ESK.pdf,D5.0xL12.5;P2.0,0.7,1.5,supplied-manufacturer-table,1
generated,1uF_100V_ESK105M100AC3AA,KEMET,ESK105M100AC3AA,ESK,1uF,100V,CP_Radial_D5.0mm_L12.5mm_P2.0mm,CP_Radial_D5.0mm_L12.5mm_P2.0mm.wrl,${PL_SYMBOL_DIR}/PL Capacitor Electrolytic/Datasheets/KEM_A4004_ESK.pdf,D5.0xL12.5;P2.0,0.7,1.5,supplied-manufacturer-table,1
generated,1uF_100V_ESK105M100AC3FA,KEMET,ESK105M100AC3FA,ESK,1uF,100V,CP_Radial_D5.0mm_L12.5mm_P2.0mm,CP_Radial_D5.0mm_L12.5mm_P2.0mm.wrl,${PL_SYMBOL_DIR}/PL Capacitor Electrolytic/Datasheets/KEM_A4004_ESK.pdf,D5.0xL12.5;P2.0,0.7,1.5,supplied-manufacturer-table,1
generated,1uF_250V_ESK105M250AE3AA,KEMET,ESK105M250AE3AA,ESK,1uF,250V,CP_Radial_D6.3mm_L12.5mm_P2.5mm,CP_Radial_D6.3mm_L12.5mm_P2.5mm.wrl,${PL_SYMBOL_DIR}/PL Capacitor Electrolytic/Datasheets/KEM_A4004_ESK.pdf,D6.3xL12.5;P2.5,0.7,1.5,supplied-manufacturer-table,1
generated,1uF_350V_ESK105M350AE3AA,KEMET,ESK105M350AE3AA,ESK,1uF,350V,CP_Radial_D6.3mm_L12.5mm_P2.5mm,CP_Radial_D6.3mm_L12.5mm_P2.5mm.wrl,${PL_SYMBOL_DIR}/PL Capacitor Electrolytic/Datasheets/KEM_A4004_ESK.pdf,D6.3xL12.5;P2.5,0.7,1.5,supplied-manufacturer-table,1
generated,10uF_10V_ESK106M010AC3AA,KEMET,ESK106M010AC3AA,ESK,10uF,10V,CP_Radial_D5.0mm_L12.5mm_P2.0mm,CP_Radial_D5.0mm_L12.5mm_P2.0mm.wrl,${PL_SYMBOL_DIR}/PL Capacitor Electrolytic/Datasheets/KEM_A4004_ESK.pdf,D5.0xL12.5;P2.0,0.7,1.5,supplied-manufacturer-table,1
generated,10uF_16V_ESK106M016AC3AA,KEMET,ESK106M016AC3AA,ESK,10uF,16V,CP_Radial_D5.0mm_L12.5mm_P2.0mm,CP_Radial_D5.0mm_L12.5mm_P2.0mm.wrl,${PL_SYMBOL_DIR}/PL Capacitor Electrolytic/Datasheets/KEM_A4004_ESK.pdf,D5.0xL12.5;P2.0,0.7,1.5,supplied-manufacturer-table,1
generated,10uF_16V_ESK106M016AC3KA,KEMET,ESK106M016AC3KA,ESK,10uF,16V,CP_Radial_D5.0mm_L12.5mm_P2.0mm,CP_Radial_D5.0mm_L12.5mm_P2.0mm.wrl,${PL_SYMBOL_DIR}/PL Capacitor Electrolytic/Datasheets/KEM_A4004_ESK.pdf,D5.0xL12.5;P2.0,0.7,1.5,supplied-manufacturer-table,1
generated,10uF_25V_ESK106M025AC3AA,KEMET,ESK106M025AC3AA,ESK,10uF,25V,CP_Radial_D5.0mm_L12.5mm_P2.0mm,CP_Radial_D5.0mm_L12.5mm_P2.0mm.wrl,${PL_SYMBOL_DIR}/PL Capacitor Electrolytic/Datasheets/KEM_A4004_ESK.pdf,D5.0xL12.5;P2.0,0.7,1.5,supplied-manufacturer-table,1
generated,10uF_35V_ESK106M035AC3AA,KEMET,ESK106M035AC3AA,ESK,10uF,35V,CP_Radial_D5.0mm_L12.5mm_P2.0mm,CP_Radial_D5.0mm_L12.5mm_P2.0mm.wrl,${PL_SYMBOL_DIR}/PL Capacitor Electrolytic/Datasheets/KEM_A4004_ESK.pdf,D5.0xL12.5;P2.0,0.7,1.5,supplied-manufacturer-table,1
generated,10uF_50V_ESK106M050AC3AA,KEMET,ESK106M050AC3AA,ESK,10uF,50V,CP_Radial_D5.0mm_L12.5mm_P2.0mm,CP_Radial_D5.0mm_L12.5mm_P2.0mm.wrl,${PL_SYMBOL_DIR}/PL Capacitor Electrolytic/Datasheets/KEM_A4004_ESK.pdf,D5.0xL12.5;P2.0,0.7,1.5,supplied-manufacturer-table,1
generated,10uF_50V_ESK106M050AC3DA,KEMET,ESK106M050AC3DA,ESK,10uF,50V,CP_Radial_D5.0mm_L12.5mm_P2.0mm,CP_Radial_D5.0mm_L12.5mm_P2.0mm.wrl,${PL_SYMBOL_DIR}/PL Capacitor Electrolytic/Datasheets/KEM_A4004_ESK.pdf,D5.0xL12.5;P2.0,0.7,1.5,supplied-manufacturer-table,1
generated,10uF_50V_ESK106M050AC3FA,KEMET,ESK106M050AC3FA,ESK,10uF,50V,CP_Radial_D5.0mm_L12.5mm_P2.0mm,CP_Radial_D5.0mm_L12.5mm_P2.0mm.wrl,${PL_SYMBOL_DIR}/PL Capacitor Electrolytic/Datasheets/KEM_A4004_ESK.pdf,D5.0xL12.5;P2.0,0.7,1.5,supplied-manufacturer-table,1
generated,10uF_63V_ESK106M063AC3AA,KEMET,ESK106M063AC3AA,ESK,10uF,63V,CP_Radial_D5.0mm_L12.5mm_P2.0mm,CP_Radial_D5.0mm_L12.5mm_P2.0mm.wrl,${PL_SYMBOL_DIR}/PL Capacitor Electrolytic/Datasheets/KEM_A4004_ESK.pdf,D5.0xL12.5;P2.0,0.7,1.5,supplied-manufacturer-table,1
generated,10uF_63V_ESK106M063AC3FA,KEMET,ESK106M063AC3FA,ESK,10uF,63V,CP_Radial_D5.0mm_L12.5mm_P2.5mm,CP_Radial_D5.0mm_L12.5mm_P2.5mm.wrl,${PL_SYMBOL_DIR}/PL Capacitor Electrolytic/Datasheets/KEM_A4004_ESK.pdf,D5.0xL12.5;P2.5,0.7,1.5,supplied-manufacturer-table,1
generated,10uF_350V_ESK106M350AH2AA,KEMET,ESK106M350AH2AA,ESK,10uF,350V,CP_Radial_D10.0mm_L17.0mm_P5.0mm,CP_Radial_D10.0mm_L17.0mm_P5.0mm.wrl,${PL_SYMBOL_DIR}/PL Capacitor Electrolytic/Datasheets/KEM_A4004_ESK.pdf,D10.0xL17.0;P5.0,0.8,1.6,supplied-manufacturer-table,1
generated,10uF_350V_ESK106M350AH2EA,KEMET,ESK106M350AH2EA,ESK,10uF,350V,CP_Radial_D10.0mm_L17.0mm_P5.0mm,CP_Radial_D10.0mm_L17.0mm_P5.0mm.wrl,${PL_SYMBOL_DIR}/PL Capacitor Electrolytic/Datasheets/KEM_A4004_ESK.pdf,D10.0xL17.0;P5.0,0.8,1.6,supplied-manufacturer-table,1
generated,10uF_400V_ESK106M400AH2EA,KEMET,ESK106M400AH2EA,ESK,10uF,400V,CP_Radial_D10.0mm_L17.0mm_P5.0mm,CP_Radial_D10.0mm_L17.0mm_P5.0mm.wrl,${PL_SYMBOL_DIR}/PL Capacitor Electrolytic/Datasheets/KEM_A4004_ESK.pdf,D10.0xL17.0;P5.0,0.8,1.6,supplied-manufacturer-table,1
generated,100uF_10V_ESK107M010AC3AA,KEMET,ESK107M010AC3AA,ESK,100uF,10V,CP_Radial_D5.0mm_L12.5mm_P2.0mm,CP_Radial_D5.0mm_L12.5mm_P2.0mm.wrl,${PL_SYMBOL_DIR}/PL Capacitor Electrolytic/Datasheets/KEM_A4004_ESK.pdf,D5.0xL12.5;P2.0,0.7,1.5,supplied-manufacturer-table,1
generated,100uF_16V_ESK107M016AC3AA,KEMET,ESK107M016AC3AA,ESK,100uF,16V,CP_Radial_D5.0mm_L12.5mm_P2.0mm,CP_Radial_D5.0mm_L12.5mm_P2.0mm.wrl,${PL_SYMBOL_DIR}/PL Capacitor Electrolytic/Datasheets/KEM_A4004_ESK.pdf,D5.0xL12.5;P2.0,0.7,1.5,supplied-manufacturer-table,1
generated,100uF_16V_ESK107M016AE3AA,KEMET,ESK107M016AE3AA,ESK,100uF,16V,CP_Radial_D6.3mm_L12.5mm_P2.5mm,CP_Radial_D6.3mm_L12.5mm_P2.5mm.wrl,${PL_SYMBOL_DIR}/PL Capacitor Electrolytic/Datasheets/KEM_A4004_ESK.pdf,D6.3xL12.5;P2.5,0.7,1.5,supplied-manufacturer-table,1
generated,100uF_16V_ESK107M016AE3KA,KEMET,ESK107M016AE3KA,ESK,100uF,16V,CP_Radial_D6.3mm_L12.5mm_P2.5mm,CP_Radial_D6.3mm_L12.5mm_P2.5mm.wrl,${PL_SYMBOL_DIR}/PL Capacitor Electrolytic/Datasheets/KEM_A4004_ESK.pdf,D6.3xL12.5;P2.5,0.7,1.5,supplied-manufacturer-table,1
generated,100uF_25V_ESK107M025AC3AA,KEMET,ESK107M025AC3AA,ESK,100uF,25V,CP_Radial_D5.0mm_L12.5mm_P2.0mm,CP_Radial_D5.0mm_L12.5mm_P2.0mm.wrl,${PL_SYMBOL_DIR}/PL Capacitor Electrolytic/Datasheets/KEM_A4004_ESK.pdf,D5.0xL12.5;P2.0,0.7,1.5,supplied-manufacturer-table,1
generated,100uF_25V_ESK107M025AE3AA,KEMET,ESK107M025AE3AA,ESK,100uF,25V,CP_Radial_D6.0mm_L12.5mm_P2.5mm,CP_Radial_D6.0mm_L12.5mm_P2.5mm.wrl,${PL_SYMBOL_DIR}/PL Capacitor Electrolytic/Datasheets/KEM_A4004_ESK.pdf,D6.0xL12.5;P2.5,0.7,1.5,supplied-manufacturer-table,1
generated,100uF_25V_ESK107M025AE3EA,KEMET,ESK107M025AE3EA,ESK,100uF,25V,CP_Radial_D6.3mm_L12.5mm_P2.5mm,CP_Radial_D6.3mm_L12.5mm_P2.5mm.wrl,${PL_SYMBOL_DIR}/PL Capacitor Electrolytic/Datasheets/KEM_A4004_ESK.pdf,D6.3xL12.5;P2.5,0.7,1.5,supplied-manufacturer-table,1
generated,100uF_25V_ESK107M025AE3KA,KEMET,ESK107M025AE3KA,ESK,100uF,25V,CP_Radial_D6.3mm_L12.5mm_P2.5mm,CP_Radial_D6.3mm_L12.5mm_P2.5mm.wrl,${PL_SYMBOL_DIR}/PL Capacitor Electrolytic/Datasheets/KEM_A4004_ESK.pdf,D6.3xL12.5;P2.5,0.7,1.5,supplied-manufacturer-table,1
generated,100uF_35V_ESK107M035AE3AA,KEMET,ESK107M035AE3AA,ESK,100uF,35V,CP_Radial_D6.3mm_L12.5mm_P2.5mm,CP_Radial_D6.3mm_L12.5mm_P2.5mm.wrl,${PL_SYMBOL_DIR}/PL Capacitor Electrolytic/Datasheets/KEM_A4004_ESK.pdf,D6.3xL12.5;P2.5,0.7,1.5,supplied-manufacturer-table,1
generated,100uF_50V_ESK107M050AG3AA,KEMET,ESK107M050AG3AA,ESK,100uF,50V,CP_Radial_D8.0mm_L12.5mm_P3.5mm,CP_Radial_D8.0mm_L12.5mm_P3.5mm.wrl,${PL_SYMBOL_DIR}/PL Capacitor Electrolytic/Datasheets/KEM_A4004_ESK.pdf,D8.0xL12.5;P3.5,0.8,1.6,supplied-manufacturer-table,1
generated,100uF_50V_ESK107M050AH1AA,KEMET,ESK107M050AH1AA,ESK,100uF,50V,CP_Radial_D10.0mm_L13.5mm_P5.0mm,CP_Radial_D10.0mm_L13.5mm_P5.0mm.wrl,${PL_SYMBOL_DIR}/PL Capacitor Electrolytic/Datasheets/KEM_A4004_ESK.pdf,D10.0xL13.5;P5.0,0.8,1.6,supplied-manufacturer-table,1
generated,100uF_63V_ESK107M063AG3AA,KEMET,ESK107M063AG3AA,ESK,100uF,63V,CP_Radial_D8.0mm_L12.5mm_P3.5mm,CP_Radial_D8.0mm_L12.5mm_P3.5mm.wrl,${PL_SYMBOL_DIR}/PL Capacitor Electrolytic/Datasheets/KEM_A4004_ESK.pdf,D8.0xL12.5;P3.5,0.8,1.6,supplied-manufacturer-table,1
generated,100uF_63V_ESK107M063AH1EA,KEMET,ESK107M063AH1EA,ESK,100uF,63V,CP_Radial_D10.0mm_L13.5mm_P5.0mm,CP_Radial_D10.0mm_L13.5mm_P5.0mm.wrl,${PL_SYMBOL_DIR}/PL Capacitor Electrolytic/Datasheets/KEM_A4004_ESK.pdf,D10.0xL13.5;P5.0,0.8,1.6,supplied-manufacturer-table,1
generated,100uF_100V_ESK107M100AH4AA,KEMET,ESK107M100AH4AA,ESK,100uF,100V,CP_Radial_D10.0mm_L22.0mm_P5.0mm,CP_Radial_D10.0mm_L22.0mm_P5.0mm.wrl,${PL_SYMBOL_DIR}/PL Capacitor Electrolytic/Datasheets/KEM_A4004_ESK.pdf,D10.0xL22.0;P5.0,0.8,1.6,supplied-manufacturer-table,1
generated,100uF_160V_ESK107M160AL4AA,KEMET,ESK107M160AL4AA,ESK,100uF,160V,CP_Radial_D13.0mm_L27.0mm_P5.0mm,CP_Radial_D13.0mm_L27.0mm_P5.0mm.wrl,${PL_SYMBOL_DIR}/PL Capacitor Electrolytic/Datasheets/KEM_A4004_ESK.pdf,D13.0xL27.0;P5.0,1.0,1.8,supplied-manufacturer-table,1
generated,100uF_6.3V_ESK107M6R3AC3AA,KEMET,ESK107M6R3AC3AA,ESK,100uF,6.3V,CP_Radial_D5.0mm_L12.5mm_P2.0mm,CP_Radial_D5.0mm_L12.5mm_P2.0mm.wrl,${PL_SYMBOL_DIR}/PL Capacitor Electrolytic/Datasheets/KEM_A4004_ESK.pdf,D5.0xL12.5;P2.0,0.7,1.5,supplied-manufacturer-table,1
generated,1000uF_10V_ESK108M010AH2AA,KEMET,ESK108M010AH2AA,ESK,1000uF,10V,CP_Radial_D10.0mm_L17.0mm_P5.0mm,CP_Radial_D10.0mm_L17.0mm_P5.0mm.wrl,${PL_SYMBOL_DIR}/PL Capacitor Electrolytic/Datasheets/KEM_A4004_ESK.pdf,D10.0xL17.0;P5.0,0.8,1.6,supplied-manufacturer-table,1
generated,1000uF_16V_ESK108M016AH2AA,KEMET,ESK108M016AH2AA,ESK,1000uF,16V,CP_Radial_D10.0mm_L17.0mm_P5.0mm,CP_Radial_D10.0mm_L17.0mm_P5.0mm.wrl,${PL_SYMBOL_DIR}/PL Capacitor Electrolytic/Datasheets/KEM_A4004_ESK.pdf,D10.0xL17.0;P5.0,0.8,1.6,supplied-manufacturer-table,1
generated,1000uF_25V_ESK108M025AH4AA,KEMET,ESK108M025AH4AA,ESK,1000uF,25V,CP_Radial_D10.0mm_L21.0mm_P5.0mm,CP_Radial_D10.0mm_L21.0mm_P5.0mm.wrl,${PL_SYMBOL_DIR}/PL Capacitor Electrolytic/Datasheets/KEM_A4004_ESK.pdf,D10.0xL21.0;P5.0,0.8,1.6,supplied-manufacturer-table,1
generated,1000uF_25V_ESK108M025AH4EA,KEMET,ESK108M025AH4EA,ESK,1000uF,25V,CP_Radial_D10.0mm_L21.0mm_P5.0mm,CP_Radial_D10.0mm_L21.0mm_P5.0mm.wrl,${PL_SYMBOL_DIR}/PL Capacitor Electrolytic/Datasheets/KEM_A4004_ESK.pdf,D10.0xL21.0;P5.0,0.8,1.6,supplied-manufacturer-table,1
generated,1mF_50V_ESK108M050AL4AA,KEMET,ESK108M050AL4AA,ESK,1mF,50V,CP_Radial_D13.0mm_L27.0mm_P5.0mm,CP_Radial_D13.0mm_L27.0mm_P5.0mm.wrl,${PL_SYMBOL_DIR}/PL Capacitor Electrolytic/Datasheets/KEM_A4004_ESK.pdf,D13.0xL27.0;P5.0,1.0,1.8,supplied-manufacturer-table,1
generated,1000uF_63V_ESK108M063AM7AA,KEMET,ESK108M063AM7AA,ESK,1000uF,63V,CP_Radial_D16.0mm_L27.0mm_P7.5mm,CP_Radial_D16.0mm_L27.0mm_P7.5mm.wrl,${PL_SYMBOL_DIR}/PL Capacitor Electrolytic/Datasheets/KEM_A4004_ESK.pdf,D16.0xL27.0;P7.5,1.0,1.8,supplied-manufacturer-table,1
generated,1000uF_6.3V_ESK108M6R3AG3AA,KEMET,ESK108M6R3AG3AA,ESK,1000uF,6.3V,CP_Radial_D8.0mm_L12.5mm_P3.5mm,CP_Radial_D8.0mm_L12.5mm_P3.5mm.wrl,${PL_SYMBOL_DIR}/PL Capacitor Electrolytic/Datasheets/KEM_A4004_ESK.pdf,D8.0xL12.5;P3.5,0.8,1.6,supplied-manufacturer-table,1
generated,2.2uF_50V_ESK225M050AC3AA,KEMET,ESK225M050AC3AA,ESK,2.2uF,50V,CP_Radial_D5.0mm_L12.5mm_P2.0mm,CP_Radial_D5.0mm_L12.5mm_P2.0mm.wrl,${PL_SYMBOL_DIR}/PL Capacitor Electrolytic/Datasheets/KEM_A4004_ESK.pdf,D5.0xL12.5;P2.0,0.7,1.5,supplied-manufacturer-table,1
generated,2.2uF_50V_ESK225M050AC3KA,KEMET,ESK225M050AC3KA,ESK,2.2uF,50V,CP_Radial_D5.0mm_L12.5mm_P2.0mm,CP_Radial_D5.0mm_L12.5mm_P2.0mm.wrl,${PL_SYMBOL_DIR}/PL Capacitor Electrolytic/Datasheets/KEM_A4004_ESK.pdf,D5.0xL12.5;P2.0,0.7,1.5,supplied-manufacturer-table,1
generated,2.2uF_100V_ESK225M100AC3AA,KEMET,ESK225M100AC3AA,ESK,2.2uF,100V,CP_Radial_D5.0mm_L12.5mm_P2.0mm,CP_Radial_D5.0mm_L12.5mm_P2.0mm.wrl,${PL_SYMBOL_DIR}/PL Capacitor Electrolytic/Datasheets/KEM_A4004_ESK.pdf,D5.0xL12.5;P2.0,0.7,1.5,supplied-manufacturer-table,1
generated,2.2uF_100V_ESK225M100AC3FA,KEMET,ESK225M100AC3FA,ESK,2.2uF,100V,CP_Radial_D5.0mm_L12.5mm_P2.0mm,CP_Radial_D5.0mm_L12.5mm_P2.0mm.wrl,${PL_SYMBOL_DIR}/PL Capacitor Electrolytic/Datasheets/KEM_A4004_ESK.pdf,D5.0xL12.5;P2.0,0.7,1.5,supplied-manufacturer-table,1
generated,22uF_16V_ESK226M016AC3AA,KEMET,ESK226M016AC3AA,ESK,22uF,16V,CP_Radial_D5.0mm_L12.5mm_P2.0mm,CP_Radial_D5.0mm_L12.5mm_P2.0mm.wrl,${PL_SYMBOL_DIR}/PL Capacitor Electrolytic/Datasheets/KEM_A4004_ESK.pdf,D5.0xL12.5;P2.0,0.7,1.5,supplied-manufacturer-table,1
generated,22uF_25V_ESK226M025AC3AA,KEMET,ESK226M025AC3AA,ESK,22uF,25V,CP_Radial_D5.0mm_L12.5mm_P2.0mm,CP_Radial_D5.0mm_L12.5mm_P2.0mm.wrl,${PL_SYMBOL_DIR}/PL Capacitor Electrolytic/Datasheets/KEM_A4004_ESK.pdf,D5.0xL12.5;P2.0,0.7,1.5,supplied-manufacturer-table,1
generated,22uF_50V_ESK226M050AC3AA,KEMET,ESK226M050AC3AA,ESK,22uF,50V,CP_Radial_D5.0mm_L12.5mm_P2.0mm,CP_Radial_D5.0mm_L12.5mm_P2.0mm.wrl,${PL_SYMBOL_DIR}/PL Capacitor Electrolytic/Datasheets/KEM_A4004_ESK.pdf,D5.0xL12.5;P2.0,0.7,1.5,supplied-manufacturer-table,1
generated,22uF_50V_ESK226M050AC3EA,KEMET,ESK226M050AC3EA,ESK,22uF,50V,CP_Radial_D5.0mm_L12.5mm_P2.0mm,CP_Radial_D5.0mm_L12.5mm_P2.0mm.wrl,${PL_SYMBOL_DIR}/PL Capacitor Electrolytic/Datasheets/KEM_A4004_ESK.pdf,D5.0xL12.5;P2.0,0.7,1.5,supplied-manufacturer-table,1
generated,22uF_50V_ESK226M050AC3FA,KEMET,ESK226M050AC3FA,ESK,22uF,50V,CP_Radial_D5.0mm_L12.5mm_P2.0mm,CP_Radial_D5.0mm_L12.5mm_P2.0mm.wrl,${PL_SYMBOL_DIR}/PL Capacitor Electrolytic/Datasheets/KEM_A4004_ESK.pdf,D5.0xL12.5;P2.0,0.7,1.5,supplied-manufacturer-table,1
generated,22uF_63V_ESK226M063AE3AA,KEMET,ESK226M063AE3AA,ESK,22uF,63V,CP_Radial_D6.3mm_L12.5mm_P2.5mm,CP_Radial_D6.3mm_L12.5mm_P2.5mm.wrl,${PL_SYMBOL_DIR}/PL Capacitor Electrolytic/Datasheets/KEM_A4004_ESK.pdf,D6.3xL12.5;P2.5,0.7,1.5,supplied-manufacturer-table,1
generated,22uF_63V_ESK226M063AE3KA,KEMET,ESK226M063AE3KA,ESK,22uF,63V,CP_Radial_D6.3mm_L12.5mm_P2.5mm,CP_Radial_D6.3mm_L12.5mm_P2.5mm.wrl,${PL_SYMBOL_DIR}/PL Capacitor Electrolytic/Datasheets/KEM_A4004_ESK.pdf,D6.3xL12.5;P2.5,0.7,1.5,supplied-manufacturer-table,1
generated,22uF_100V_ESK226M100AE3AA,KEMET,ESK226M100AE3AA,ESK,22uF,100V,CP_Radial_D6.3mm_L12.5mm_P2.5mm,CP_Radial_D6.3mm_L12.5mm_P2.5mm.wrl,${PL_SYMBOL_DIR}/PL Capacitor Electrolytic/Datasheets/KEM_A4004_ESK.pdf,D6.3xL12.5;P2.5,0.7,1.5,supplied-manufacturer-table,1
generated,22uF_250V_ESK226M250AH4AA,KEMET,ESK226M250AH4AA,ESK,22uF,250V,CP_Radial_D10.0mm_L22.0mm_P5.0mm,CP_Radial_D10.0mm_L22.0mm_P5.0mm.wrl,${PL_SYMBOL_DIR}/PL Capacitor Electrolytic/Datasheets/KEM_A4004_ESK.pdf,D10.0xL22.0;P5.0,0.8,1.6,supplied-manufacturer-table,1
generated,22uF_400V_ESK226M400AL4AA,KEMET,ESK226M400AL4AA,ESK,22uF,400V,CP_Radial_D13.0mm_L27.0mm_P5.0mm,CP_Radial_D13.0mm_L27.0mm_P5.0mm.wrl,${PL_SYMBOL_DIR}/PL Capacitor Electrolytic/Datasheets/KEM_A4004_ESK.pdf,D13.0xL27.0;P5.0,1.0,1.8,supplied-manufacturer-table,1
generated,22uF_6.3V_ESK226M6R3AC3AA,KEMET,ESK226M6R3AC3AA,ESK,22uF,6.3V,CP_Radial_D5.0mm_L12.5mm_P2.0mm,CP_Radial_D5.0mm_L12.5mm_P2.0mm.wrl,${PL_SYMBOL_DIR}/PL Capacitor Electrolytic/Datasheets/KEM_A4004_ESK.pdf,D5.0xL12.5;P2.0,0.7,1.5,supplied-manufacturer-table,1
generated,220uF_10V_ESK227M010AC3AA,KEMET,ESK227M010AC3AA,ESK,220uF,10V,CP_Radial_D5.0mm_L12.5mm_P2.0mm,CP_Radial_D5.0mm_L12.5mm_P2.0mm.wrl,${PL_SYMBOL_DIR}/PL Capacitor Electrolytic/Datasheets/KEM_A4004_ESK.pdf,D5.0xL12.5;P2.0,0.7,1.5,supplied-manufacturer-table,1
generated,220uF_16V_ESK227M016AE3AA,KEMET,ESK227M016AE3AA,ESK,220uF,16V,CP_Radial_D6.3mm_L12.5mm_P2.5mm,CP_Radial_D6.3mm_L12.5mm_P2.5mm.wrl,${PL_SYMBOL_DIR}/PL Capacitor Electrolytic/Datasheets/KEM_A4004_ESK.pdf,D6.3xL12.5;P2.5,0.7,1.5,supplied-manufacturer-table,1
generated,220uF_16V_ESK227M016AE3EA,KEMET,ESK227M016AE3EA,ESK,220uF,16V,CP_Radial_D6.3mm_L12.5mm_P2.5mm,CP_Radial_D6.3mm_L12.5mm_P2.5mm.wrl,${PL_SYMBOL_DIR}/PL Capacitor Electrolytic/Datasheets/KEM_A4004_ESK.pdf,D6.3xL12.5;P2.5,0.7,1.5,supplied-manufacturer-table,1
generated,220uF_16V_ESK227M016AG3DA,KEMET,ESK227M016AG3DA,ESK,220uF,16V,CP_Radial_D8.0mm_L12.5mm_P3.5mm,CP_Radial_D8.0mm_L12.5mm_P3.5mm.wrl,${PL_SYMBOL_DIR}/PL Capacitor Electrolytic/Datasheets/KEM_A4004_ESK.pdf,D8.0xL12.5;P3.5,0.8,1.6,supplied-manufacturer-table,1
generated,220uF_25V_ESK227M025AG3AA,KEMET,ESK227M025AG3AA,ESK,220uF,25V,CP_Radial_D8.0mm_L12.5mm_P3.5mm,CP_Radial_D8.0mm_L12.5mm_P3.5mm.wrl,${PL_SYMBOL_DIR}/PL Capacitor Electrolytic/Datasheets/KEM_A4004_ESK.pdf,D8.0xL12.5;P3.5,0.8,1.6,supplied-manufacturer-table,1
generated,220uF_25V_ESK227M025AG3EA,KEMET,ESK227M025AG3EA,ESK,220uF,25V,CP_Radial_D8.0mm_L12.5mm_P3.5mm,CP_Radial_D8.0mm_L12.5mm_P3.5mm.wrl,${PL_SYMBOL_DIR}/PL Capacitor Electrolytic/Datasheets/KEM_A4004_ESK.pdf,D8.0xL12.5;P3.5,0.8,1.6,supplied-manufacturer-table,1
generated,220uF_35V_ESK227M035AG3AA,KEMET,ESK227M035AG3AA,ESK,220uF,35V,CP_Radial_D8.0mm_L12.5mm_P3.5mm,CP_Radial_D8.0mm_L12.5mm_P3.5mm.wrl,${PL_SYMBOL_DIR}/PL Capacitor Electrolytic/Datasheets/KEM_A4004_ESK.pdf,D8.0xL12.5;P3.5,0.8,1.6,supplied-manufacturer-table,1
generated,220uF_35V_ESK227M035AG3EA,KEMET,ESK227M035AG3EA,ESK,220uF,35V,CP_Radial_D8.0mm_L12.5mm_P3.5mm,CP_Radial_D8.0mm_L12.5mm_P3.5mm.wrl,${PL_SYMBOL_DIR}/PL Capacitor Electrolytic/Datasheets/KEM_A4004_ESK.pdf,D8.0xL12.5;P3.5,0.8,1.6,supplied-manufacturer-table,1
generated,220uF_35V_ESK227M035AH1AA,KEMET,ESK227M035AH1AA,ESK,220uF,35V,CP_Radial_D10.0mm_L13.5mm_P5.0mm,CP_Radial_D10.0mm_L13.5mm_P5.0mm.wrl,${PL_SYMBOL_DIR}/PL Capacitor Electrolytic/Datasheets/KEM_A4004_ESK.pdf,D10.0xL13.5;P5.0,0.8,1.6,supplied-manufacturer-table,1
generated,220uF_50V_ESK227M050AH1AA,KEMET,ESK227M050AH1AA,ESK,220uF,50V,CP_Radial_D10.0mm_L13.5mm_P5.0mm,CP_Radial_D10.0mm_L13.5mm_P5.0mm.wrl,${PL_SYMBOL_DIR}/PL Capacitor Electrolytic/Datasheets/KEM_A4004_ESK.pdf,D10.0xL13.5;P5.0,0.8,1.6,supplied-manufacturer-table,1
generated,220uF_50V_ESK227M050AH1EA,KEMET,ESK227M050AH1EA,ESK,220uF,50V,CP_Radial_D10.0mm_L13.5mm_P5.0mm,CP_Radial_D10.0mm_L13.5mm_P5.0mm.wrl,${PL_SYMBOL_DIR}/PL Capacitor Electrolytic/Datasheets/KEM_A4004_ESK.pdf,D10.0xL13.5;P5.0,0.8,1.6,supplied-manufacturer-table,1
generated,220uF_50V_ESK227M050AH9KA,KEMET,ESK227M050AH9KA,ESK,220uF,50V,CP_Radial_D10.0mm_L14.0mm_P5.0mm,CP_Radial_D10.0mm_L14.0mm_P5.0mm.wrl,${PL_SYMBOL_DIR}/PL Capacitor Electrolytic/Datasheets/KEM_A4004_ESK.pdf,D10.0xL14.0;P5.0,0.8,1.6,supplied-manufacturer-table,1
generated,220uF_63V_ESK227M063AH4AA,KEMET,ESK227M063AH4AA,ESK,220uF,63V,CP_Radial_D10.0mm_L22.0mm_P5.0mm,CP_Radial_D10.0mm_L22.0mm_P5.0mm.wrl,${PL_SYMBOL_DIR}/PL Capacitor Electrolytic/Datasheets/KEM_A4004_ESK.pdf,D10.0xL22.0;P5.0,0.8,1.6,supplied-manufacturer-table,1
generated,220uF_350V_ESK227M350AQ4AA,KEMET,ESK227M350AQ4AA,ESK,220uF,350V,CP_Radial_D22.0mm_L42.0mm_P10.0mm,CP_Radial_D22.0mm_L42.0mm_P10.0mm.wrl,${PL_SYMBOL_DIR}/PL Capacitor Electrolytic/Datasheets/KEM_A4004_ESK.pdf,D22.0xL42.0;P10.0,1.2,2.0,supplied-manufacturer-table,1
generated,220uF_6.3V_ESK227M6R3AC3AA,KEMET,ESK227M6R3AC3AA,ESK,220uF,6.3V,CP_Radial_D5.0mm_L12.5mm_P2.0mm,CP_Radial_D5.0mm_L12.5mm_P2.0mm.wrl,${PL_SYMBOL_DIR}/PL Capacitor Electrolytic/Datasheets/KEM_A4004_ESK.pdf,D5.0xL12.5;P2.0,0.7,1.5,supplied-manufacturer-table,1
generated,2200uF_16V_ESK228M016AL3AA,KEMET,ESK228M016AL3AA,ESK,2200uF,16V,CP_Radial_D13.0mm_L22.0mm_P5.0mm,CP_Radial_D13.0mm_L22.0mm_P5.0mm.wrl,${PL_SYMBOL_DIR}/PL Capacitor Electrolytic/Datasheets/KEM_A4004_ESK.pdf,D13.0xL22.0;P5.0,1.0,1.8,supplied-manufacturer-table,1
generated,2200uF_16V_ESK228M016AL4AA,KEMET,ESK228M016AL4AA,ESK,2200uF,16V,CP_Radial_D13.0mm_L27.0mm_P5.0mm,CP_Radial_D13.0mm_L27.0mm_P5.0mm.wrl,${PL_SYMBOL_DIR}/PL Capacitor Electrolytic/Datasheets/KEM_A4004_ESK.pdf,D13.0xL27.0;P5.0,1.0,1.8,supplied-manufacturer-table,1
generated,2200uF_25V_ESK228M025AL4AA,KEMET,ESK228M025AL4AA,ESK,2200uF,25V,CP_Radial_D13.0mm_L27.0mm_P5.0mm,CP_Radial_D13.0mm_L27.0mm_P5.0mm.wrl,${PL_SYMBOL_DIR}/PL Capacitor Electrolytic/Datasheets/KEM_A4004_ESK.pdf,D13.0xL27.0;P5.0,1.0,1.8,supplied-manufacturer-table,1
generated,2200uF_25V_ESK228M025AL4EA,KEMET,ESK228M025AL4EA,ESK,2200uF,25V,CP_Radial_D13.0mm_L27.0mm_P5.0mm,CP_Radial_D13.0mm_L27.0mm_P5.0mm.wrl,${PL_SYMBOL_DIR}/PL Capacitor Electrolytic/Datasheets/KEM_A4004_ESK.pdf,D13.0xL27.0;P5.0,1.0,1.8,supplied-manufacturer-table,1
generated,2200uF_35V_ESK228M035AM7AA,KEMET,ESK228M035AM7AA,ESK,2200uF,35V,CP_Radial_D16.0mm_L27.0mm_P7.5mm,CP_Radial_D16.0mm_L27.0mm_P7.5mm.wrl,${PL_SYMBOL_DIR}/PL Capacitor Electrolytic/Datasheets/KEM_A4004_ESK.pdf,D16.0xL27.0;P7.5,1.0,1.8,supplied-manufacturer-table,1
generated,3.3uF_50V_ESK335M050AC3AA,KEMET,ESK335M050AC3AA,ESK,3.3uF,50V,CP_Radial_D5.0mm_L12.5mm_P2.0mm,CP_Radial_D5.0mm_L12.5mm_P2.0mm.wrl,${PL_SYMBOL_DIR}/PL Capacitor Electrolytic/Datasheets/KEM_A4004_ESK.pdf,D5.0xL12.5;P2.0,0.7,1.5,supplied-manufacturer-table,1
generated,3.3uF_100V_ESK335M100AC3AA,KEMET,ESK335M100AC3AA,ESK,3.3uF,100V,CP_Radial_D5.0mm_L12.5mm_P2.0mm,CP_Radial_D5.0mm_L12.5mm_P2.0mm.wrl,${PL_SYMBOL_DIR}/PL Capacitor Electrolytic/Datasheets/KEM_A4004_ESK.pdf,D5.0xL12.5;P2.0,0.7,1.5,supplied-manufacturer-table,1
generated,33uF_35V_ESK336M035AC3AA,KEMET,ESK336M035AC3AA,ESK,33uF,35V,CP_Radial_D5.0mm_L12.5mm_P2.0mm,CP_Radial_D5.0mm_L12.5mm_P2.0mm.wrl,${PL_SYMBOL_DIR}/PL Capacitor Electrolytic/Datasheets/KEM_A4004_ESK.pdf,D5.0xL12.5;P2.0,0.7,1.5,supplied-manufacturer-table,1
generated,330uF_16V_ESK337M016AE3AA,KEMET,ESK337M016AE3AA,ESK,330uF,16V,CP_Radial_D6.3mm_L12.5mm_P2.5mm,CP_Radial_D6.3mm_L12.5mm_P2.5mm.wrl,${PL_SYMBOL_DIR}/PL Capacitor Electrolytic/Datasheets/KEM_A4004_ESK.pdf,D6.3xL12.5;P2.5,0.7,1.5,supplied-manufacturer-table,1
generated,330uF_25V_ESK337M025AH1AA,KEMET,ESK337M025AH1AA,ESK,330uF,25V,CP_Radial_D10.0mm_L13.5mm_P5.0mm,CP_Radial_D10.0mm_L13.5mm_P5.0mm.wrl,${PL_SYMBOL_DIR}/PL Capacitor Electrolytic/Datasheets/KEM_A4004_ESK.pdf,D10.0xL13.5;P5.0,0.8,1.6,supplied-manufacturer-table,1
generated,330uF_50V_ESK337M050AH4AA,KEMET,ESK337M050AH4AA,ESK,330uF,50V,CP_Radial_D10.0mm_L21.0mm_P5.0mm,CP_Radial_D10.0mm_L21.0mm_P5.0mm.wrl,${PL_SYMBOL_DIR}/PL Capacitor Electrolytic/Datasheets/KEM_A4004_ESK.pdf,D10.0xL21.0;P5.0,0.8,1.6,supplied-manufacturer-table,1
generated,330uF_6.3V_ESK337M6R3AE3AA,KEMET,ESK337M6R3AE3AA,ESK,330uF,6.3V,CP_Radial_D6.3mm_L12.5mm_P2.5mm,CP_Radial_D6.3mm_L12.5mm_P2.5mm.wrl,${PL_SYMBOL_DIR}/PL Capacitor Electrolytic/Datasheets/KEM_A4004_ESK.pdf,D6.3xL12.5;P2.5,0.7,1.5,supplied-manufacturer-table,1
generated,3300uF_10V_ESK338M010AL3AA,KEMET,ESK338M010AL3AA,ESK,3300uF,10V,CP_Radial_D13.0mm_L22.0mm_P5.0mm,CP_Radial_D13.0mm_L22.0mm_P5.0mm.wrl,${PL_SYMBOL_DIR}/PL Capacitor Electrolytic/Datasheets/KEM_A4004_ESK.pdf,D13.0xL22.0;P5.0,1.0,1.8,supplied-manufacturer-table,1
generated,3.3mF_63V_ESK338M063AQ4AA,KEMET,ESK338M063AQ4AA,ESK,3.3mF,63V,CP_Radial_D22.0mm_L42.0mm_P10.0mm,CP_Radial_D22.0mm_L42.0mm_P10.0mm.wrl,${PL_SYMBOL_DIR}/PL Capacitor Electrolytic/Datasheets/KEM_A4004_ESK.pdf,D22.0xL42.0;P10.0,1.2,2.0,supplied-manufacturer-table,1
generated,4.7uF_16V_ESK475M016AC3AA,KEMET,ESK475M016AC3AA,ESK,4.7uF,16V,CP_Radial_D5.0mm_L12.5mm_P2.0mm,CP_Radial_D5.0mm_L12.5mm_P2.0mm.wrl,${PL_SYMBOL_DIR}/PL Capacitor Electrolytic/Datasheets/KEM_A4004_ESK.pdf,D5.0xL12.5;P2.0,0.7,1.5,supplied-manufacturer-table,1
generated,4.7uF_35V_ESK475M035AC3AA,KEMET,ESK475M035AC3AA,ESK,4.7uF,35V,CP_Radial_D5.0mm_L12.5mm_P2.0mm,CP_Radial_D5.0mm_L12.5mm_P2.0mm.wrl,${PL_SYMBOL_DIR}/PL Capacitor Electrolytic/Datasheets/KEM_A4004_ESK.pdf,D5.0xL12.5;P2.0,0.7,1.5,supplied-manufacturer-table,1
generated,4.7uF_50V_ESK475M050AC3AA,KEMET,ESK475M050AC3AA,ESK,4.7uF,50V,CP_Radial_D5.0mm_L12.5mm_P2.0mm,CP_Radial_D5.0mm_L12.5mm_P2.0mm.wrl,${PL_SYMBOL_DIR}/PL Capacitor Electrolytic/Datasheets/KEM_A4004_ESK.pdf,D5.0xL12.5;P2.0,0.7,1.5,supplied-manufacturer-table,1
generated,4.7uF_100V_ESK475M100AC3AA,KEMET,ESK475M100AC3AA,ESK,4.7uF,100V,CP_Radial_D5.0mm_L12.5mm_P2.0mm,CP_Radial_D5.0mm_L12.5mm_P2.0mm.wrl,${PL_SYMBOL_DIR}/PL Capacitor Electrolytic/Datasheets/KEM_A4004_ESK.pdf,D5.0xL12.5;P2.0,0.7,1.5,supplied-manufacturer-table,1
generated,4.7uF_100V_ESK475M100AC3FA,KEMET,ESK475M100AC3FA,ESK,4.7uF,100V,CP_Radial_D5.0mm_L12.5mm_P2.0mm,CP_Radial_D5.0mm_L12.5mm_P2.0mm.wrl,${PL_SYMBOL_DIR}/PL Capacitor Electrolytic/Datasheets/KEM_A4004_ESK.pdf,D5.0xL12.5;P2.0,0.7,1.5,supplied-manufacturer-table,1
generated,47uF_16V_ESK476M016AC3AA,KEMET,ESK476M016AC3AA,ESK,47uF,16V,CP_Radial_D5.0mm_L12.5mm_P2.0mm,CP_Radial_D5.0mm_L12.5mm_P2.0mm.wrl,${PL_SYMBOL_DIR}/PL Capacitor Electrolytic/Datasheets/KEM_A4004_ESK.pdf,D5.0xL12.5;P2.0,0.7,1.5,supplied-manufacturer-table,1
generated,47uF_16V_ESK476M016AC3KA,KEMET,ESK476M016AC3KA,ESK,47uF,16V,CP_Radial_D5.0mm_L12.5mm_P2.0mm,CP_Radial_D5.0mm_L12.5mm_P2.0mm.wrl,${PL_SYMBOL_DIR}/PL Capacitor Electrolytic/Datasheets/KEM_A4004_ESK.pdf,D5.0xL12.5;P2.0,0.7,1.5,supplied-manufacturer-table,1
generated,47uF_25V_ESK476M025AC3AA,KEMET,ESK476M025AC3AA,ESK,47uF,25V,CP_Radial_D5.0mm_L12.5mm_P2.0mm,CP_Radial_D5.0mm_L12.5mm_P2.0mm.wrl,${PL_SYMBOL_DIR}/PL Capacitor Electrolytic/Datasheets/KEM_A4004_ESK.pdf,D5.0xL12.5;P2.0,0.7,1.5,supplied-manufacturer-table,1
generated,47uF_25V_ESK476M025AC3FA,KEMET,ESK476M025AC3FA,ESK,47uF,25V,CP_Radial_D5.0mm_L12.5mm_P2.0mm,CP_Radial_D5.0mm_L12.5mm_P2.0mm.wrl,${PL_SYMBOL_DIR}/PL Capacitor Electrolytic/Datasheets/KEM_A4004_ESK.pdf,D5.0xL12.5;P2.0,0.7,1.5,supplied-manufacturer-table,1
generated,47uF_35V_ESK476M035AC3AA,KEMET,ESK476M035AC3AA,ESK,47uF,35V,CP_Radial_D5.0mm_L12.5mm_P2.0mm,CP_Radial_D5.0mm_L12.5mm_P2.0mm.wrl,${PL_SYMBOL_DIR}/PL Capacitor Electrolytic/Datasheets/KEM_A4004_ESK.pdf,D5.0xL12.5;P2.0,0.7,1.5,supplied-manufacturer-table,1
generated,47uF_35V_ESK476M035AC3EA,KEMET,ESK476M035AC3EA,ESK,47uF,35V,CP_Radial_D5.0mm_L12.5mm_P2.0mm,CP_Radial_D5.0mm_L12.5mm_P2.0mm.wrl,${PL_SYMBOL_DIR}/PL Capacitor Electrolytic/Datasheets/KEM_A4004_ESK.pdf,D5.0xL12.5;P2.0,0.7,1.5,supplied-manufacturer-table,1
generated,47uF_35V_ESK476M035AC3FA,KEMET,ESK476M035AC3FA,ESK,47uF,35V,CP_Radial_D5.0mm_L12.5mm_P2.0mm,CP_Radial_D5.0mm_L12.5mm_P2.0mm.wrl,${PL_SYMBOL_DIR}/PL Capacitor Electrolytic/Datasheets/KEM_A4004_ESK.pdf,D5.0xL12.5;P2.0,0.7,1.5,supplied-manufacturer-table,1
generated,47uF_50V_ESK476M050AE3EA,KEMET,ESK476M050AE3EA,ESK,47uF,50V,CP_Radial_D6.3mm_L12.5mm_P2.5mm,CP_Radial_D6.3mm_L12.5mm_P2.5mm.wrl,${PL_SYMBOL_DIR}/PL Capacitor Electrolytic/Datasheets/KEM_A4004_ESK.pdf,D6.3xL12.5;P2.5,0.7,1.5,supplied-manufacturer-table,1
generated,47uF_63V_ESK476M063AE3AA,KEMET,ESK476M063AE3AA,ESK,47uF,63V,CP_Radial_D6.3mm_L12.5mm_P2.5mm,CP_Radial_D6.3mm_L12.5mm_P2.5mm.wrl,${PL_SYMBOL_DIR}/PL Capacitor Electrolytic/Datasheets/KEM_A4004_ESK.pdf,D6.3xL12.5;P2.5,0.7,1.5,supplied-manufacturer-table,1
generated,47uF_6.3V_ESK476M6R3AC3AA,KEMET,ESK476M6R3AC3AA,ESK,47uF,6.3V,CP_Radial_D5.0mm_L12.5mm_P2.0mm,CP_Radial_D5.0mm_L12.5mm_P2.0mm.wrl,${PL_SYMBOL_DIR}/PL Capacitor Electrolytic/Datasheets/KEM_A4004_ESK.pdf,D5.0xL12.5;P2.0,0.7,1.5,supplied-manufacturer-table,1
generated,470uF_16V_ESK477M016AG3AA,KEMET,ESK477M016AG3AA,ESK,470uF,16V,CP_Radial_D8.0mm_L12.5mm_P3.5mm,CP_Radial_D8.0mm_L12.5mm_P3.5mm.wrl,${PL_SYMBOL_DIR}/PL Capacitor Electrolytic/Datasheets/KEM_A4004_ESK.pdf,D8.0xL12.5;P3.5,0.8,1.6,supplied-manufacturer-table,1
generated,470uF_16V_ESK477M016AH1EA,KEMET,ESK477M016AH1EA,ESK,470uF,16V,CP_Radial_D10.0mm_L13.5mm_P5.0mm,CP_Radial_D10.0mm_L13.5mm_P5.0mm.wrl,${PL_SYMBOL_DIR}/PL Capacitor Electrolytic/Datasheets/KEM_A4004_ESK.pdf,D10.0xL13.5;P5.0,0.8,1.6,supplied-manufacturer-table,1
generated,470uF_25V_ESK477M025AG7AA,KEMET,ESK477M025AG7AA,ESK,470uF,25V,CP_Radial_D8.0mm_L16.0mm_P3.5mm,CP_Radial_D8.0mm_L16.0mm_P3.5mm.wrl,${PL_SYMBOL_DIR}/PL Capacitor Electrolytic/Datasheets/KEM_A4004_ESK.pdf,D8.0xL16.0;P3.5,0.8,1.6,supplied-manufacturer-table,1
generated,470uF_25V_ESK477M025AH1AA,KEMET,ESK477M025AH1AA,ESK,470uF,25V,CP_Radial_D10.0mm_L13.5mm_P5.0mm,CP_Radial_D10.0mm_L13.5mm_P5.0mm.wrl,${PL_SYMBOL_DIR}/PL Capacitor Electrolytic/Datasheets/KEM_A4004_ESK.pdf,D10.0xL13.5;P5.0,0.8,1.6,supplied-manufacturer-table,1
generated,470uF_25V_ESK477M025AH1EA,KEMET,ESK477M025AH1EA,ESK,470uF,25V,CP_Radial_D10.0mm_L13.5mm_P5.0mm,CP_Radial_D10.0mm_L13.5mm_P5.0mm.wrl,${PL_SYMBOL_DIR}/PL Capacitor Electrolytic/Datasheets/KEM_A4004_ESK.pdf,D10.0xL13.5;P5.0,0.8,1.6,supplied-manufacturer-table,1
generated,470uF_35V_ESK477M035AH2AA,KEMET,ESK477M035AH2AA,ESK,470uF,35V,CP_Radial_D10.0mm_L17.0mm_P5.0mm,CP_Radial_D10.0mm_L17.0mm_P5.0mm.wrl,${PL_SYMBOL_DIR}/PL Capacitor Electrolytic/Datasheets/KEM_A4004_ESK.pdf,D10.0xL17.0;P5.0,0.8,1.6,supplied-manufacturer-table,1
generated,470uF_35V_ESK477M035AH2EA,KEMET,ESK477M035AH2EA,ESK,470uF,35V,CP_Radial_D10.0mm_L17.0mm_P5.0mm,CP_Radial_D10.0mm_L17.0mm_P5.0mm.wrl,${PL_SYMBOL_DIR}/PL Capacitor Electrolytic/Datasheets/KEM_A4004_ESK.pdf,D10.0xL17.0;P5.0,0.8,1.6,supplied-manufacturer-table,1
generated,470uF_50V_ESK477M050AH4EA,KEMET,ESK477M050AH4EA,ESK,470uF,50V,CP_Radial_D10.0mm_L22.0mm_P5.0mm,CP_Radial_D10.0mm_L22.0mm_P5.0mm.wrl,${PL_SYMBOL_DIR}/PL Capacitor Electrolytic/Datasheets/KEM_A4004_ESK.pdf,D10.0xL22.0;P5.0,0.8,1.6,supplied-manufacturer-table,1
generated,470uF_50V_ESK477M050AH4KA,KEMET,ESK477M050AH4KA,ESK,470uF,50V,CP_Radial_D10.0mm_L22.0mm_P5.0mm,CP_Radial_D10.0mm_L22.0mm_P5.0mm.wrl,${PL_SYMBOL_DIR}/PL Capacitor Electrolytic/Datasheets/KEM_A4004_ESK.pdf,D10.0xL22.0;P5.0,0.8,1.6,supplied-manufacturer-table,1
generated,470uF_63V_ESK477M063AL4AA,KEMET,ESK477M063AL4AA,ESK,470uF,63V,CP_Radial_D13.0mm_L27.0mm_P5.0mm,CP_Radial_D13.0mm_L27.0mm_P5.0mm.wrl,${PL_SYMBOL_DIR}/PL Capacitor Electrolytic/Datasheets/KEM_A4004_ESK.pdf,D13.0xL27.0;P5.0,1.0,1.8,supplied-manufacturer-table,1
generated,470uF_63V_ESK477M063AL4EA,KEMET,ESK477M063AL4EA,ESK,470uF,63V,CP_Radial_D13.0mm_L27.0mm_P5.0mm,CP_Radial_D13.0mm_L27.0mm_P5.0mm.wrl,${PL_SYMBOL_DIR}/PL Capacitor Electrolytic/Datasheets/KEM_A4004_ESK.pdf,D13.0xL27.0;P5.0,1.0,1.8,supplied-manufacturer-table,1
generated,470uF_6.3V_ESK477M6R3AE3AA,KEMET,ESK477M6R3AE3AA,ESK,470uF,6.3V,CP_Radial_D6.3mm_L12.5mm_P2.5mm,CP_Radial_D6.3mm_L12.5mm_P2.5mm.wrl,${PL_SYMBOL_DIR}/PL Capacitor Electrolytic/Datasheets/KEM_A4004_ESK.pdf,D6.3xL12.5;P2.5,0.7,1.5,supplied-manufacturer-table,1
generated,4700uF_10V_ESK478M010AL4AA,KEMET,ESK478M010AL4AA,ESK,4700uF,10V,CP_Radial_D13.0mm_L27.0mm_P5.0mm,CP_Radial_D13.0mm_L27.0mm_P5.0mm.wrl,${PL_SYMBOL_DIR}/PL Capacitor Electrolytic/Datasheets/KEM_A4004_ESK.pdf,D13.0xL27.0;P5.0,1.0,1.8,supplied-manufacturer-table,1
generated,4700uF_25V_ESK478M025AM2AA,KEMET,ESK478M025AM2AA,ESK,4700uF,25V,CP_Radial_D16.0mm_L34.0mm_P7.5mm,CP_Radial_D16.0mm_L34.0mm_P7.5mm.wrl,${PL_SYMBOL_DIR}/PL Capacitor Electrolytic/Datasheets/KEM_A4004_ESK.pdf,D16.0xL34.0;P7.5,1.0,1.8,supplied-manufacturer-table,1
generated,4700uF_25V_ESK478M025AN2AA,KEMET,ESK478M025AN2AA,ESK,4700uF,25V,CP_Radial_D18.0mm_L38.0mm_P7.5mm,CP_Radial_D18.0mm_L38.0mm_P7.5mm.wrl,${PL_SYMBOL_DIR}/PL Capacitor Electrolytic/Datasheets/KEM_A4004_ESK.pdf,D18.0xL38.0;P7.5,1.0,1.8,supplied-manufacturer-table,1
generated,4700uF_35V_ESK478M035AN2AA,KEMET,ESK478M035AN2AA,ESK,4700uF,35V,CP_Radial_D18.0mm_L38.0mm_P7.5mm,CP_Radial_D18.0mm_L38.0mm_P7.5mm.wrl,${PL_SYMBOL_DIR}/PL Capacitor Electrolytic/Datasheets/KEM_A4004_ESK.pdf,D18.0xL38.0;P7.5,1.0,1.8,supplied-manufacturer-table,1
generated,4.7mF_50V_ESK478M050AQ3AA,KEMET,ESK478M050AQ3AA,ESK,4.7mF,50V,CP_Radial_D22.0mm_L37.0mm_P10.0mm,CP_Radial_D22.0mm_L37.0mm_P10.0mm.wrl,${PL_SYMBOL_DIR}/PL Capacitor Electrolytic/Datasheets/KEM_A4004_ESK.pdf,D22.0xL37.0;P10.0,1.2,2.0,supplied-manufacturer-table,1
generated,4700uF_6.3V_ESK478M6R3AL3AA,KEMET,ESK478M6R3AL3AA,ESK,4700uF,6.3V,CP_Radial_D13.0mm_L22.0mm_P5.0mm,CP_Radial_D13.0mm_L22.0mm_P5.0mm.wrl,${PL_SYMBOL_DIR}/PL Capacitor Electrolytic/Datasheets/KEM_A4004_ESK.pdf,D13.0xL22.0;P5.0,1.0,1.8,supplied-manufacturer-table,1
generated,6.8mF_35V_ESK688M035AQ4AA,KEMET,ESK688M035AQ4AA,ESK,6.8mF,35V,CP_Radial_D22.0mm_L42.0mm_P10.0mm,CP_Radial_D22.0mm_L42.0mm_P10.0mm.wrl,${PL_SYMBOL_DIR}/PL Capacitor Electrolytic/Datasheets/KEM_A4004_ESK.pdf,D22.0xL42.0;P10.0,1.2,2.0,supplied-manufacturer-table,1
generated,1uF_100V_ESL105M100AC3AA,KEMET,ESL105M100AC3AA,ESL,1uF,100V,CP_Radial_D5.0mm_L12.5mm_P2.0mm,CP_Radial_D5.0mm_L12.5mm_P2.0mm.wrl,${PL_SYMBOL_DIR}/PL Capacitor Electrolytic/Datasheets/KEM_A4074_ESL.pdf,D5.0xL12.5;P2.0,0.7,1.5,supplied-manufacturer-table,1
generated,10uF_50V_ESL106M050AC3AA,KEMET,ESL106M050AC3AA,ESL,10uF,50V,CP_Radial_D5.0mm_L12.5mm_P2.0mm,CP_Radial_D5.0mm_L12.5mm_P2.0mm.wrl,${PL_SYMBOL_DIR}/PL Capacitor Electrolytic/Datasheets/KEM_A4074_ESL.pdf,D5.0xL12.5;P2.0,0.7,1.5,supplied-manufacturer-table,1
generated,10uF_200V_ESL106M200AG9AA,KEMET,ESL106M200AG9AA,ESL,10uF,200V,CP_Radial_D8.0mm_L14.0mm_P3.5mm,CP_Radial_D8.0mm_L14.0mm_P3.5mm.wrl,${PL_SYMBOL_DIR}/PL Capacitor Electrolytic/Datasheets/KEM_A4074_ESL.pdf,D8.0xL14.0;P3.5,0.8,1.6,supplied-manufacturer-table,1
generated,100uF_16V_ESL107M016AC3AA,KEMET,ESL107M016AC3AA,ESL,100uF,16V,CP_Radial_D5.0mm_L12.5mm_P2.0mm,CP_Radial_D5.0mm_L12.5mm_P2.0mm.wrl,${PL_SYMBOL_DIR}/PL Capacitor Electrolytic/Datasheets/KEM_A4074_ESL.pdf,D5.0xL12.5;P2.0,0.7,1.5,supplied-manufacturer-table,1
generated,100uF_35V_ESL107M035AE3AA,KEMET,ESL107M035AE3AA,ESL,100uF,35V,CP_Radial_D6.3mm_L12.5mm_P2.5mm,CP_Radial_D6.3mm_L12.5mm_P2.5mm.wrl,${PL_SYMBOL_DIR}/PL Capacitor Electrolytic/Datasheets/KEM_A4074_ESL.pdf,D6.3xL12.5;P2.5,0.7,1.5,supplied-manufacturer-table,1
generated,100uF_50V_ESL107M050AGMAA,KEMET,ESL107M050AGMAA,ESL,100uF,50V,CP_Radial_D8.0mm_L13.5mm_P3.5mm,CP_Radial_D8.0mm_L13.5mm_P3.5mm.wrl,${PL_SYMBOL_DIR}/PL Capacitor Electrolytic/Datasheets/KEM_A4074_ESL.pdf,D8.0xL13.5;P3.5,0.8,1.6,supplied-manufacturer-table,1
generated,100uF_63V_ESL107M063AG8AA,KEMET,ESL107M063AG8AA,ESL,100uF,63V,CP_Radial_D8.0mm_L18.0mm_P3.5mm,CP_Radial_D8.0mm_L18.0mm_P3.5mm.wrl,${PL_SYMBOL_DIR}/PL Capacitor Electrolytic/Datasheets/KEM_A4074_ESL.pdf,D8.0xL18.0;P3.5,0.8,1.6,supplied-manufacturer-table,1
generated,100uF_250V_ESL107M250AKBAA,KEMET,ESL107M250AKBAA,ESL,100uF,250V,CP_Radial_D12.5mm_L52.0mm_P5.0mm,CP_Radial_D12.5mm_L52.0mm_P5.0mm.wrl,${PL_SYMBOL_DIR}/PL Capacitor Electrolytic/Datasheets/KEM_A4074_ESL.pdf,D12.5xL52.0;P5.0,1.0,1.8,supplied-manufacturer-table,1
generated,1000uF_35V_ESL108M035AK5AA,KEMET,ESL108M035AK5AA,ESL,1000uF,35V,CP_Radial_D12.5mm_L22.0mm_P5.0mm,CP_Radial_D12.5mm_L22.0mm_P5.0mm.wrl,${PL_SYMBOL_DIR}/PL Capacitor Electrolytic/Datasheets/KEM_A4074_ESL.pdf,D12.5xL22.0;P5.0,1.0,1.8,supplied-manufacturer-table,1
generated,1000uF_63V_ESL108M063AM9AA,KEMET,ESL108M063AM9AA,ESL,1000uF,63V,CP_Radial_D16.0mm_L32.0mm_P7.5mm,CP_Radial_D16.0mm_L32.0mm_P7.5mm.wrl,${PL_SYMBOL_DIR}/PL Capacitor Electrolytic/Datasheets/KEM_A4074_ESL.pdf,D16.0xL32.0;P7.5,1.0,1.8,supplied-manufacturer-table,1
generated,180uF_63V_ESL187M063AH8EA,KEMET,ESL187M063AH8EA,ESL,180uF,63V,CP_Radial_D10.0mm_L16.0mm_P5.0mm,CP_Radial_D10.0mm_L16.0mm_P5.0mm.wrl,${PL_SYMBOL_DIR}/PL Capacitor Electrolytic/Datasheets/KEM_A4074_ESL.pdf,D10.0xL16.0;P5.0,0.8,1.6,supplied-manufacturer-table,1
generated,2.2uF_250V_ESL225M250AE3AA,KEMET,ESL225M250AE3AA,ESL,2.2uF,250V,CP_Radial_D6.3mm_L12.5mm_P2.5mm,CP_Radial_D6.3mm_L12.5mm_P2.5mm.wrl,${PL_SYMBOL_DIR}/PL Capacitor Electrolytic/Datasheets/KEM_A4074_ESL.pdf,D6.3xL12.5;P2.5,0.7,1.5,supplied-manufacturer-table,1
generated,220uF_35V_ESL227M035AG8AA,KEMET,ESL227M035AG8AA,ESL,220uF,35V,CP_Radial_D8.0mm_L18.0mm_P3.5mm,CP_Radial_D8.0mm_L18.0mm_P3.5mm.wrl,${PL_SYMBOL_DIR}/PL Capacitor Electrolytic/Datasheets/KEM_A4074_ESL.pdf,D8.0xL18.0;P3.5,0.8,1.6,supplied-manufacturer-table,1
generated,47uF_100V_ESL476M100AH9AA,KEMET,ESL476M100AH9AA,ESL,47uF,100V,CP_Radial_D10.0mm_L14.0mm_P5.0mm,CP_Radial_D10.0mm_L14.0mm_P5.0mm.wrl,${PL_SYMBOL_DIR}/PL Capacitor Electrolytic/Datasheets/KEM_A4074_ESL.pdf,D10.0xL14.0;P5.0,0.8,1.6,supplied-manufacturer-table,1
generated,470uF_25V_ESL477M025AH9AA,KEMET,ESL477M025AH9AA,ESL,470uF,25V,CP_Radial_D10.0mm_L14.0mm_P5.0mm,CP_Radial_D10.0mm_L14.0mm_P5.0mm.wrl,${PL_SYMBOL_DIR}/PL Capacitor Electrolytic/Datasheets/KEM_A4074_ESL.pdf,D10.0xL14.0;P5.0,0.8,1.6,supplied-manufacturer-table,1
generated,680uF_63V_ESL687M063AK3AA,KEMET,ESL687M063AK3AA,ESL,680uF,63V,CP_Radial_D12.5mm_L37.0mm_P5.0mm,CP_Radial_D12.5mm_L37.0mm_P5.0mm.wrl,${PL_SYMBOL_DIR}/PL Capacitor Electrolytic/Datasheets/KEM_A4074_ESL.pdf,D12.5xL37.0;P5.0,1.0,1.8,supplied-manufacturer-table,1
generated,8.2uF_400V_ESL825M400AH8AA,KEMET,ESL825M400AH8AA,ESL,8.2uF,400V,CP_Radial_D10.0mm_L18.0mm_P5.0mm,CP_Radial_D10.0mm_L18.0mm_P5.0mm.wrl,${PL_SYMBOL_DIR}/PL Capacitor Electrolytic/Datasheets/KEM_A4074_ESL.pdf,D10.0xL18.0;P5.0,0.8,1.6,supplied-manufacturer-table,1
generated,180uF_450V_ESMQ451VSN181MP40S,Chemi-Con,ESMQ451VSN181MP40S,SMQ,180uF,450V,CP_Radial_D22.0mm_L40.0mm_P10.0mm_SnapIn,CP_Radial_D22.0mm_L40.0mm_P10.0mm_SnapIn.wrl,${PL_SYMBOL_DIR}/PL Capacitor Electrolytic/Datasheets/SMQN-e.PDF,D22.0xL40.0;P10.0,2.0,4.0,kicad-standard-2pin-snapin,1
generated,220uF_450V_ESMQ451VSN221MQ40S,Chemi-Con,ESMQ451VSN221MQ40S,SMQ,220uF,450V,CP_Radial_D25.4mm_L42.0mm_P10.0mm_SnapIn,CP_Radial_D25.4mm_L42.0mm_P10.0mm_SnapIn.wrl,${PL_SYMBOL_DIR}/PL Capacitor Electrolytic/Datasheets/SMQN-e.PDF,D25.4xL42.0;P10.0,2.0,4.0,kicad-standard-2pin-snapin,1
generated,270uF_450V_ESMQ451VSN271MP50S,Chemi-Con,ESMQ451VSN271MP50S,SMQ,270uF,450V,CP_Radial_D22.0mm_L50.0mm_P10.0mm_SnapIn,CP_Radial_D22.0mm_L50.0mm_P10.0mm_SnapIn.wrl,${PL_SYMBOL_DIR}/PL Capacitor Electrolytic/Datasheets/SMQN-e.PDF,D22.0xL50.0;P10.0,2.0,4.0,kicad-standard-2pin-snapin,1
generated,470uF_450V_ESMQ451VSN471MA40S,Chemi-Con,ESMQ451VSN471MA40S,SMQ,470uF,450V,CP_Radial_D35.0mm_L40.0mm_P10.0mm_SnapIn,CP_Radial_D35.0mm_L40.0mm_P10.0mm_SnapIn.wrl,${PL_SYMBOL_DIR}/PL Capacitor Electrolytic/Datasheets/SMQN-e.PDF,D35.0xL40.0;P10.0,2.0,4.0,kicad-standard-2pin-snapin,1
generated,560uF_450V_ESMQ451VSN561MA45S,Chemi-Con,ESMQ451VSN561MA45S,SMQ,560uF,450V,CP_Radial_D35.0mm_L45.0mm_P10.0mm_SnapIn,CP_Radial_D35.0mm_L45.0mm_P10.0mm_SnapIn.wrl,${PL_SYMBOL_DIR}/PL Capacitor Electrolytic/Datasheets/SMQN-e.PDF,D35.0xL45.0;P10.0,2.0,4.0,kicad-standard-2pin-snapin,1
generated,560uF_450V_ESMQ451VSN561MR50S,Chemi-Con,ESMQ451VSN561MR50S,SMQ,560uF,450V,CP_Radial_D30.0mm_L50.0mm_P10.0mm_SnapIn,CP_Radial_D30.0mm_L50.0mm_P10.0mm_SnapIn.wrl,${PL_SYMBOL_DIR}/PL Capacitor Electrolytic/Datasheets/SMQN-e.PDF,D30.0xL50.0;P10.0,2.0,4.0,kicad-standard-2pin-snapin,1
generated,220uF_450V_ESMR451VSN221MQ30S,Chemi-Con,ESMR451VSN221MQ30S,SMR,220uF,450V,CP_Radial_D25.4mm_L32.5mm_P10.0mm_SnapIn,CP_Radial_D25.4mm_L32.5mm_P10.0mm_SnapIn.wrl,https://www.chemi-con.co.jp/products/relatedfiles/capacitor/catalog/SMRN-e.PDF,D25.4xL32.5;P10.0,2.0,4.0,kicad-standard-2pin-snapin,1
generated,330uF_450V_ESMR451VSN331MA25S,Chemi-Con,ESMR451VSN331MA25S,SMR,330uF,450V,CP_Radial_D35.0mm_L27.5mm_P10.0mm_SnapIn,CP_Radial_D35.0mm_L27.5mm_P10.0mm_SnapIn.wrl,https://www.chemi-con.co.jp/products/relatedfiles/capacitor/catalog/SMRN-e.PDF,D35.0xL27.5;P10.0,2.0,4.0,kicad-standard-2pin-snapin,1
generated,390uF_450V_ESMR451VSN391MA30S,Chemi-Con,ESMR451VSN391MA30S,SMR,390uF,450V,CP_Radial_D35.0mm_L32.5mm_P10.0mm_SnapIn,CP_Radial_D35.0mm_L32.5mm_P10.0mm_SnapIn.wrl,https://www.chemi-con.co.jp/products/relatedfiles/capacitor/catalog/SMRN-e.PDF,D35.0xL32.5;P10.0,2.0,4.0,kicad-standard-2pin-snapin,1
generated,390uF_450V_ESMR451VSN391MR35S,Chemi-Con,ESMR451VSN391MR35S,SMR,390uF,450V,CP_Radial_D30.0mm_L37.5mm_P10.0mm_SnapIn,CP_Radial_D30.0mm_L37.5mm_P10.0mm_SnapIn.wrl,https://www.chemi-con.co.jp/products/relatedfiles/capacitor/catalog/SMRN-e.PDF,D30.0xL37.5;P10.0,2.0,4.0,kicad-standard-2pin-snapin,1
generated,1uF_50V_ESS105M050AB2AA,KEMET,ESS105M050AB2AA,ESS,1uF,50V,CP_Radial_D4.0mm_L8.5mm_P1.5mm,CP_Radial_D4.0mm_L8.5mm_P1.5mm.wrl,${PL_SYMBOL_DIR}/PL Capacitor Electrolytic/Datasheets/KEM_A4057_ESS.pdf,D4.0xL8.5;P1.5,0.7,1.3,supplied-manufacturer-table,1
generated,1uF_50V_ESS105M050AB2EA,KEMET,ESS105M050AB2EA,ESS,1uF,50V,CP_Radial_D4.0mm_L8.5mm_P1.5mm,CP_Radial_D4.0mm_L8.5mm_P1.5mm.wrl,${PL_SYMBOL_DIR}/PL Capacitor Electrolytic/Datasheets/KEM_A4057_ESS.pdf,D4.0xL8.5;P1.5,0.7,1.3,supplied-manufacturer-table,1
generated,10uF_25V_ESS106M025AB2AA,KEMET,ESS106M025AB2AA,ESS,10uF,25V,CP_Radial_D4.0mm_L8.5mm_P1.5mm,CP_Radial_D4.0mm_L8.5mm_P1.5mm.wrl,${PL_SYMBOL_DIR}/PL Capacitor Electrolytic/Datasheets/KEM_A4057_ESS.pdf,D4.0xL8.5;P1.5,0.7,1.3,supplied-manufacturer-table,1
generated,10uF_35V_ESS106M035AC2AA,KEMET,ESS106M035AC2AA,ESS,10uF,35V,CP_Radial_D5.0mm_L8.5mm_P2.0mm,CP_Radial_D5.0mm_L8.5mm_P2.0mm.wrl,${PL_SYMBOL_DIR}/PL Capacitor Electrolytic/Datasheets/KEM_A4057_ESS.pdf,D5.0xL8.5;P2.0,0.7,1.5,supplied-manufacturer-table,1
generated,10uF_35V_ESS106M035AC2EA,KEMET,ESS106M035AC2EA,ESS,10uF,35V,CP_Radial_D5.0mm_L8.5mm_P2.0mm,CP_Radial_D5.0mm_L8.5mm_P2.0mm.wrl,${PL_SYMBOL_DIR}/PL Capacitor Electrolytic/Datasheets/KEM_A4057_ESS.pdf,D5.0xL8.5;P2.0,0.7,1.5,supplied-manufacturer-table,1
generated,10uF_50V_ESS106M050AE2AA,KEMET,ESS106M050AE2AA,ESS,10uF,50V,CP_Radial_D6.3mm_L8.5mm_P2.5mm,CP_Radial_D6.3mm_L8.5mm_P2.5mm.wrl,${PL_SYMBOL_DIR}/PL Capacitor Electrolytic/Datasheets/KEM_A4057_ESS.pdf,D6.3xL8.5;P2.5,0.7,1.5,supplied-manufacturer-table,1
generated,10uF_63V_ESS106M063AE2EA,KEMET,ESS106M063AE2EA,ESS,10uF,63V,CP_Radial_D6.3mm_L8.5mm_P2.5mm,CP_Radial_D6.3mm_L8.5mm_P2.5mm.wrl,${PL_SYMBOL_DIR}/PL Capacitor Electrolytic/Datasheets/KEM_A4057_ESS.pdf,D6.3xL8.5;P2.5,0.7,1.5,supplied-manufacturer-table,1
generated,100uF_16V_ESS107M016AC2KA,KEMET,ESS107M016AC2KA,ESS,100uF,16V,CP_Radial_D5.0mm_L8.5mm_P2.0mm,CP_Radial_D5.0mm_L8.5mm_P2.0mm.wrl,${PL_SYMBOL_DIR}/PL Capacitor Electrolytic/Datasheets/KEM_A4057_ESS.pdf,D5.0xL8.5;P2.0,0.7,1.5,supplied-manufacturer-table,1
generated,100uF_16V_ESS107M016AE2EA,KEMET,ESS107M016AE2EA,ESS,100uF,16V,CP_Radial_D6.3mm_L8.5mm_P2.5mm,CP_Radial_D6.3mm_L8.5mm_P2.5mm.wrl,${PL_SYMBOL_DIR}/PL Capacitor Electrolytic/Datasheets/KEM_A4057_ESS.pdf,D6.3xL8.5;P2.5,0.7,1.5,supplied-manufacturer-table,1
generated,100uF_25V_ESS107M025AE2AA,KEMET,ESS107M025AE2AA,ESS,100uF,25V,CP_Radial_D6.3mm_L8.5mm_P2.5mm,CP_Radial_D6.3mm_L8.5mm_P2.5mm.wrl,${PL_SYMBOL_DIR}/PL Capacitor Electrolytic/Datasheets/KEM_A4057_ESS.pdf,D6.3xL8.5;P2.5,0.7,1.5,supplied-manufacturer-table,1
generated,22uF_16V_ESS226M016AC2AA,KEMET,ESS226M016AC2AA,ESS,22uF,16V,CP_Radial_D5.0mm_L8.5mm_P2.0mm,CP_Radial_D5.0mm_L8.5mm_P2.0mm.wrl,${PL_SYMBOL_DIR}/PL Capacitor Electrolytic/Datasheets/KEM_A4057_ESS.pdf,D5.0xL8.5;P2.0,0.7,1.5,supplied-manufacturer-table,1
generated,22uF_35V_ESS226M035AE2EA,KEMET,ESS226M035AE2EA,ESS,22uF,35V,CP_Radial_D6.3mm_L8.5mm_P2.5mm,CP_Radial_D6.3mm_L8.5mm_P2.5mm.wrl,${PL_SYMBOL_DIR}/PL Capacitor Electrolytic/Datasheets/KEM_A4057_ESS.pdf,D6.3xL8.5;P2.5,0.7,1.5,supplied-manufacturer-table,1
generated,47uF_16V_ESS476M016AC2AA,KEMET,ESS476M016AC2AA,ESS,47uF,16V,CP_Radial_D5.0mm_L8.5mm_P2.0mm,CP_Radial_D5.0mm_L8.5mm_P2.0mm.wrl,${PL_SYMBOL_DIR}/PL Capacitor Electrolytic/Datasheets/KEM_A4057_ESS.pdf,D5.0xL8.5;P2.0,0.7,1.5,supplied-manufacturer-table,1
generated,47uF_16V_ESS476M016AE2EA,KEMET,ESS476M016AE2EA,ESS,47uF,16V,CP_Radial_D6.3mm_L8.5mm_P2.5mm,CP_Radial_D6.3mm_L8.5mm_P2.5mm.wrl,${PL_SYMBOL_DIR}/PL Capacitor Electrolytic/Datasheets/KEM_A4057_ESS.pdf,D6.3xL8.5;P2.5,0.7,1.5,supplied-manufacturer-table,1
generated,47uF_25V_ESS476M025AE2EA,KEMET,ESS476M025AE2EA,ESS,47uF,25V,CP_Radial_D6.3mm_L8.5mm_P2.5mm,CP_Radial_D6.3mm_L8.5mm_P2.5mm.wrl,${PL_SYMBOL_DIR}/PL Capacitor Electrolytic/Datasheets/KEM_A4057_ESS.pdf,D6.3xL8.5;P2.5,0.7,1.5,supplied-manufacturer-table,1
generated,1000uF_25V_EST108M025AL3EA,KEMET,EST108M025AL3EA,EST,1000uF,25V,CP_Radial_D13.0mm_L22.0mm_P5.0mm,CP_Radial_D13.0mm_L22.0mm_P5.0mm.wrl,https://yageogroup.com/content/datasheet/asset/file/KEM_A4010_EST,D13.0xL22.0;P5.0,1.0,1.8,kicad-standard-fallback,1
generated,1000uF_35V_EST108M035AL4AA,KEMET,EST108M035AL4AA,EST,1000uF,35V,CP_Radial_D13.0mm_L27.0mm_P5.0mm,CP_Radial_D13.0mm_L27.0mm_P5.0mm.wrl,https://yageogroup.com/content/datasheet/asset/file/KEM_A4010_EST,D13.0xL27.0;P5.0,1.0,1.8,kicad-standard-fallback,1
generated,1000uF_63V_EST108M063AM3AA,KEMET,EST108M063AM3AA,EST,1000uF,63V,CP_Radial_D16.0mm_L38.0mm_P7.5mm,CP_Radial_D16.0mm_L38.0mm_P7.5mm.wrl,https://yageogroup.com/content/datasheet/asset/file/KEM_A4010_EST,D16.0xL38.0;P7.5,1.0,1.8,kicad-standard-fallback,1
generated,1500uF_16V_EST158M016AH5AA,KEMET,EST158M016AH5AA,EST,1500uF,16V,CP_Radial_D10.0mm_L27.0mm_P5.0mm,CP_Radial_D10.0mm_L27.0mm_P5.0mm.wrl,https://yageogroup.com/content/datasheet/asset/file/KEM_A4010_EST,D10.0xL27.0;P5.0,0.8,1.6,kicad-standard-fallback,1
generated,22uF_50V_EST226M050AC3JA,KEMET,EST226M050AC3JA,EST,22uF,50V,CP_Radial_D5.0mm_L12.5mm_P2.0mm,CP_Radial_D5.0mm_L12.5mm_P2.0mm.wrl,https://yageogroup.com/content/datasheet/asset/file/KEM_A4010_EST,D5.0xL12.5;P2.0,0.7,1.5,kicad-standard-fallback,1
generated,220uF_25V_EST227M025AG3AA,KEMET,EST227M025AG3AA,EST,220uF,25V,CP_Radial_D8.0mm_L12.5mm_P3.5mm,CP_Radial_D8.0mm_L12.5mm_P3.5mm.wrl,https://yageogroup.com/content/datasheet/asset/file/KEM_A4010_EST,D8.0xL12.5;P3.5,0.8,1.6,kicad-standard-fallback,1
generated,220uF_35V_EST227M035AG4AA,KEMET,EST227M035AG4AA,EST,220uF,35V,CP_Radial_D8.0mm_L17.0mm_P3.5mm,CP_Radial_D8.0mm_L17.0mm_P3.5mm.wrl,https://yageogroup.com/content/datasheet/asset/file/KEM_A4010_EST,D8.0xL17.0;P3.5,0.8,1.6,kicad-standard-fallback,1
generated,2200uF_50V_EST228M050AN2AA,KEMET,EST228M050AN2AA,EST,2200uF,50V,CP_Radial_D18.0mm_L38.0mm_P7.5mm,CP_Radial_D18.0mm_L38.0mm_P7.5mm.wrl,https://yageogroup.com/content/datasheet/asset/file/KEM_A4010_EST,D18.0xL38.0;P7.5,1.0,1.8,kicad-standard-fallback,1
generated,47uF_25V_EST476M025AC3AA,KEMET,EST476M025AC3AA,EST,47uF,25V,CP_Radial_D5.0mm_L12.5mm_P2.0mm,CP_Radial_D5.0mm_L12.5mm_P2.0mm.wrl,https://yageogroup.com/content/datasheet/asset/file/KEM_A4010_EST,D5.0xL12.5;P2.0,0.7,1.5,kicad-standard-fallback,1
generated,470uF_16V_EST477M016AG4EA,KEMET,EST477M016AG4EA,EST,470uF,16V,CP_Radial_D8.0mm_L17.0mm_P3.5mm,CP_Radial_D8.0mm_L17.0mm_P3.5mm.wrl,https://yageogroup.com/content/datasheet/asset/file/KEM_A4010_EST,D8.0xL17.0;P3.5,0.8,1.6,kicad-standard-fallback,1
generated,470uF_50V_EST477M050AL3AA,KEMET,EST477M050AL3AA,EST,470uF,50V,CP_Radial_D13.0mm_L22.0mm_P5.0mm,CP_Radial_D13.0mm_L22.0mm_P5.0mm.wrl,https://yageogroup.com/content/datasheet/asset/file/KEM_A4010_EST,D13.0xL22.0;P5.0,1.0,1.8,kicad-standard-fallback,1
generated,470uF_100V_EST477M100AN5AA,KEMET,EST477M100AN5AA,EST,470uF,100V,CP_Radial_D18.0mm_L27.0mm_P7.5mm,CP_Radial_D18.0mm_L27.0mm_P7.5mm.wrl,https://yageogroup.com/content/datasheet/asset/file/KEM_A4010_EST,D18.0xL27.0;P7.5,1.0,1.8,kicad-standard-fallback,1
generated,680uF_35V_EST687M035AH6AA,KEMET,EST687M035AH6AA,EST,680uF,35V,CP_Radial_D10.0mm_L32.0mm_P5.0mm,CP_Radial_D10.0mm_L32.0mm_P5.0mm.wrl,https://yageogroup.com/content/datasheet/asset/file/KEM_A4010_EST,D10.0xL32.0;P5.0,0.8,1.6,kicad-standard-fallback,1
generated,10uF_350V_ESU106M350AH4AA,KEMET,ESU106M350AH4AA,ESU,10uF,350V,CP_Radial_D10.0mm_L22.0mm_P5.0mm,CP_Radial_D10.0mm_L22.0mm_P5.0mm.wrl,https://yageogroup.com/content/datasheet/asset/file/KEM_A4064_ESU,D10.0xL22.0;P5.0,0.8,1.6,kicad-standard-fallback,1
generated,10uF_400V_ESU106M400AH4AA,KEMET,ESU106M400AH4AA,ESU,10uF,400V,CP_Radial_D10.0mm_L22.0mm_P5.0mm,CP_Radial_D10.0mm_L22.0mm_P5.0mm.wrl,https://yageogroup.com/content/datasheet/asset/file/KEM_A4064_ESU,D10.0xL22.0;P5.0,0.8,1.6,kicad-standard-fallback,1
generated,100uF_200V_ESU107M200AM7AA,KEMET,ESU107M200AM7AA,ESU,100uF,200V,CP_Radial_D16.0mm_L27.0mm_P7.5mm,CP_Radial_D16.0mm_L27.0mm_P7.5mm.wrl,https://yageogroup.com/content/datasheet/asset/file/KEM_A4064_ESU,D16.0xL27.0;P7.5,1.0,1.8,kicad-standard-fallback,1
generated,47uF_450V_ESU476M450AM3AA,KEMET,ESU476M450AM3AA,ESU,47uF,450V,CP_Radial_D16.0mm_L38.0mm_P7.5mm,CP_Radial_D16.0mm_L38.0mm_P7.5mm.wrl,https://yageogroup.com/content/datasheet/asset/file/KEM_A4064_ESU,D16.0xL38.0;P7.5,1.0,1.8,kicad-standard-fallback,1
generated,6.8uF_400V_ESU685M400AH8KA,KEMET,ESU685M400AH8KA,ESU,6.8uF,400V,CP_Radial_D10.0mm_L16.0mm_P5.0mm,CP_Radial_D10.0mm_L16.0mm_P5.0mm.wrl,https://yageogroup.com/content/datasheet/asset/file/KEM_A4064_ESU,D10.0xL16.0;P5.0,0.8,1.6,kicad-standard-fallback,1
generated,10uF_16V_ESW106M016AC3FA,KEMET,ESW106M016AC3FA,ESW,10uF,16V,CP_Radial_D5.0mm_L12.5mm_P2.0mm,CP_Radial_D5.0mm_L12.5mm_P2.0mm.wrl,${PL_SYMBOL_DIR}/PL Capacitor Electrolytic/Datasheets/KEM_A4009_ESW.pdf,D5.0xL12.5;P2.0,0.7,1.5,supplied-manufacturer-table,1
generated,10uF_25V_ESW106M025AC3AA,KEMET,ESW106M025AC3AA,ESW,10uF,25V,CP_Radial_D5.0mm_L12.5mm_P2.0mm,CP_Radial_D5.0mm_L12.5mm_P2.0mm.wrl,${PL_SYMBOL_DIR}/PL Capacitor Electrolytic/Datasheets/KEM_A4009_ESW.pdf,D5.0xL12.5;P2.0,0.7,1.5,supplied-manufacturer-table,1
generated,100uF_10V_ESW107M010AC3AA,KEMET,ESW107M010AC3AA,ESW,100uF,10V,CP_Radial_D5.0mm_L12.5mm_P2.0mm,CP_Radial_D5.0mm_L12.5mm_P2.0mm.wrl,${PL_SYMBOL_DIR}/PL Capacitor Electrolytic/Datasheets/KEM_A4009_ESW.pdf,D5.0xL12.5;P2.0,0.7,1.5,supplied-manufacturer-table,1
generated,100uF_16V_ESW107M016AE3EA,KEMET,ESW107M016AE3EA,ESW,100uF,16V,CP_Radial_D6.3mm_L12.5mm_P2.5mm,CP_Radial_D6.3mm_L12.5mm_P2.5mm.wrl,${PL_SYMBOL_DIR}/PL Capacitor Electrolytic/Datasheets/KEM_A4009_ESW.pdf,D6.3xL12.5;P2.5,0.7,1.5,supplied-manufacturer-table,1
generated,100uF_50V_ESW107M050AG3AA,KEMET,ESW107M050AG3AA,ESW,100uF,50V,CP_Radial_D8.0mm_L12.5mm_P3.5mm,CP_Radial_D8.0mm_L12.5mm_P3.5mm.wrl,${PL_SYMBOL_DIR}/PL Capacitor Electrolytic/Datasheets/KEM_A4009_ESW.pdf,D8.0xL12.5;P3.5,0.8,1.6,supplied-manufacturer-table,1
generated,1000uF_35V_ESW108M035AL4AR,KEMET,ESW108M035AL4AR,ESW,1000uF,35V,CP_Radial_D13.0mm_L27.0mm_P5.0mm,CP_Radial_D13.0mm_L27.0mm_P5.0mm.wrl,${PL_SYMBOL_DIR}/PL Capacitor Electrolytic/Datasheets/KEM_A4009_ESW.pdf,D13.0xL27.0;P5.0,1.0,1.8,supplied-manufacturer-table,1
generated,1000uF_50V_ESW108M050AM7AA,KEMET,ESW108M050AM7AA,ESW,1000uF,50V,CP_Radial_D16.0mm_L27.0mm_P7.5mm,CP_Radial_D16.0mm_L27.0mm_P7.5mm.wrl,${PL_SYMBOL_DIR}/PL Capacitor Electrolytic/Datasheets/KEM_A4009_ESW.pdf,D16.0xL27.0;P7.5,1.0,1.8,supplied-manufacturer-table,1
generated,1000uF_63V_ESW108M063AM3AA,KEMET,ESW108M063AM3AA,ESW,1000uF,63V,CP_Radial_D16.0mm_L38.0mm_P7.5mm,CP_Radial_D16.0mm_L38.0mm_P7.5mm.wrl,${PL_SYMBOL_DIR}/PL Capacitor Electrolytic/Datasheets/KEM_A4009_ESW.pdf,D16.0xL38.0;P7.5,1.0,1.8,supplied-manufacturer-table,1
generated,1000uF_6.3V_ESW108M6R3AH1AA,KEMET,ESW108M6R3AH1AA,ESW,1000uF,6.3V,CP_Radial_D10.0mm_L13.5mm_P5.0mm,CP_Radial_D10.0mm_L13.5mm_P5.0mm.wrl,${PL_SYMBOL_DIR}/PL Capacitor Electrolytic/Datasheets/KEM_A4009_ESW.pdf,D10.0xL13.5;P5.0,0.8,1.6,supplied-manufacturer-table,1
generated,1200uF_16V_ESW128M016AH5AA,KEMET,ESW128M016AH5AA,ESW,1200uF,16V,CP_Radial_D10.0mm_L27.0mm_P5.0mm,CP_Radial_D10.0mm_L27.0mm_P5.0mm.wrl,${PL_SYMBOL_DIR}/PL Capacitor Electrolytic/Datasheets/KEM_A4009_ESW.pdf,D10.0xL27.0;P5.0,0.8,1.6,supplied-manufacturer-table,1
generated,1500uF_35V_ESW158M035AL6AA,KEMET,ESW158M035AL6AA,ESW,1500uF,35V,CP_Radial_D13.0mm_L38.0mm_P5.0mm,CP_Radial_D13.0mm_L38.0mm_P5.0mm.wrl,${PL_SYMBOL_DIR}/PL Capacitor Electrolytic/Datasheets/KEM_A4009_ESW.pdf,D13.0xL38.0;P5.0,1.0,1.8,supplied-manufacturer-table,1
generated,22uF_10V_ESW226M010AC3AA,KEMET,ESW226M010AC3AA,ESW,22uF,10V,CP_Radial_D5.0mm_L12.5mm_P2.0mm,CP_Radial_D5.0mm_L12.5mm_P2.0mm.wrl,${PL_SYMBOL_DIR}/PL Capacitor Electrolytic/Datasheets/KEM_A4009_ESW.pdf,D5.0xL12.5;P2.0,0.7,1.5,supplied-manufacturer-table,1
generated,22uF_25V_ESW226M025AC3AA,KEMET,ESW226M025AC3AA,ESW,22uF,25V,CP_Radial_D5.0mm_L12.5mm_P2.0mm,CP_Radial_D5.0mm_L12.5mm_P2.0mm.wrl,${PL_SYMBOL_DIR}/PL Capacitor Electrolytic/Datasheets/KEM_A4009_ESW.pdf,D5.0xL12.5;P2.0,0.7,1.5,supplied-manufacturer-table,1
generated,22uF_100V_ESW226M100AG3AA,KEMET,ESW226M100AG3AA,ESW,22uF,100V,CP_Radial_D8.0mm_L12.5mm_P3.5mm,CP_Radial_D8.0mm_L12.5mm_P3.5mm.wrl,${PL_SYMBOL_DIR}/PL Capacitor Electrolytic/Datasheets/KEM_A4009_ESW.pdf,D8.0xL12.5;P3.5,0.8,1.6,supplied-manufacturer-table,1
generated,220uF_25V_ESW227M025AG3AA,KEMET,ESW227M025AG3AA,ESW,220uF,25V,CP_Radial_D8.0mm_L12.5mm_P3.5mm,CP_Radial_D8.0mm_L12.5mm_P3.5mm.wrl,${PL_SYMBOL_DIR}/PL Capacitor Electrolytic/Datasheets/KEM_A4009_ESW.pdf,D8.0xL12.5;P3.5,0.8,1.6,supplied-manufacturer-table,1
generated,220uF_35V_ESW227M035AG4AA,KEMET,ESW227M035AG4AA,ESW,220uF,35V,CP_Radial_D8.0mm_L17.0mm_P3.5mm,CP_Radial_D8.0mm_L17.0mm_P3.5mm.wrl,${PL_SYMBOL_DIR}/PL Capacitor Electrolytic/Datasheets/KEM_A4009_ESW.pdf,D8.0xL17.0;P3.5,0.8,1.6,supplied-manufacturer-table,1
generated,220uF_50V_ESW227M050AH2AA,KEMET,ESW227M050AH2AA,ESW,220uF,50V,CP_Radial_D10.0mm_L17.0mm_P5.0mm,CP_Radial_D10.0mm_L17.0mm_P5.0mm.wrl,${PL_SYMBOL_DIR}/PL Capacitor Electrolytic/Datasheets/KEM_A4009_ESW.pdf,D10.0xL17.0;P5.0,0.8,1.6,supplied-manufacturer-table,1
generated,220uF_63V_ESW227M063AH4AA,KEMET,ESW227M063AH4AA,ESW,220uF,63V,CP_Radial_D10.0mm_L21.0mm_P5.0mm,CP_Radial_D10.0mm_L21.0mm_P5.0mm.wrl,${PL_SYMBOL_DIR}/PL Capacitor Electrolytic/Datasheets/KEM_A4009_ESW.pdf,D10.0xL21.0;P5.0,0.8,1.6,supplied-manufacturer-table,1
generated,330uF_16V_ESW337M016AG3AA,KEMET,ESW337M016AG3AA,ESW,330uF,16V,CP_Radial_D8.0mm_L12.5mm_P3.5mm,CP_Radial_D8.0mm_L12.5mm_P3.5mm.wrl,${PL_SYMBOL_DIR}/PL Capacitor Electrolytic/Datasheets/KEM_A4009_ESW.pdf,D8.0xL12.5;P3.5,0.8,1.6,supplied-manufacturer-table,1
generated,330uF_35V_ESW337M035AG6AA,KEMET,ESW337M035AG6AA,ESW,330uF,35V,CP_Radial_D8.0mm_L22.0mm_P3.5mm,CP_Radial_D8.0mm_L22.0mm_P3.5mm.wrl,${PL_SYMBOL_DIR}/PL Capacitor Electrolytic/Datasheets/KEM_A4009_ESW.pdf,D8.0xL22.0;P3.5,0.8,1.6,supplied-manufacturer-table,1
generated,330uF_35V_ESW337M035AH2AA,KEMET,ESW337M035AH2AA,ESW,330uF,35V,CP_Radial_D10.0mm_L17.0mm_P5.0mm,CP_Radial_D10.0mm_L17.0mm_P5.0mm.wrl,${PL_SYMBOL_DIR}/PL Capacitor Electrolytic/Datasheets/KEM_A4009_ESW.pdf,D10.0xL17.0;P5.0,0.8,1.6,supplied-manufacturer-table,1
generated,330uF_50V_ESW337M050AH4EA,KEMET,ESW337M050AH4EA,ESW,330uF,50V,CP_Radial_D10.0mm_L21.0mm_P5.0mm,CP_Radial_D10.0mm_L21.0mm_P5.0mm.wrl,${PL_SYMBOL_DIR}/PL Capacitor Electrolytic/Datasheets/KEM_A4009_ESW.pdf,D10.0xL21.0;P5.0,0.8,1.6,supplied-manufacturer-table,1
generated,390uF_35V_ESW397M035AH4AA,KEMET,ESW397M035AH4AA,ESW,390uF,35V,CP_Radial_D10.0mm_L21.0mm_P5.0mm,CP_Radial_D10.0mm_L21.0mm_P5.0mm.wrl,${PL_SYMBOL_DIR}/PL Capacitor Electrolytic/Datasheets/KEM_A4009_ESW.pdf,D10.0xL21.0;P5.0,0.8,1.6,supplied-manufacturer-table,1
generated,4.7uF_25V_ESW475M025AC3AA,KEMET,ESW475M025AC3AA,ESW,4.7uF,25V,CP_Radial_D5.0mm_L12.5mm_P2.0mm,CP_Radial_D5.0mm_L12.5mm_P2.0mm.wrl,${PL_SYMBOL_DIR}/PL Capacitor Electrolytic/Datasheets/KEM_A4009_ESW.pdf,D5.0xL12.5;P2.0,0.7,1.5,supplied-manufacturer-table,1
generated,47uF_16V_ESW476M016AC3AA,KEMET,ESW476M016AC3AA,ESW,47uF,16V,CP_Radial_D5.0mm_L12.5mm_P2.0mm,CP_Radial_D5.0mm_L12.5mm_P2.0mm.wrl,${PL_SYMBOL_DIR}/PL Capacitor Electrolytic/Datasheets/KEM_A4009_ESW.pdf,D5.0xL12.5;P2.0,0.7,1.5,supplied-manufacturer-table,1
generated,47uF_35V_ESW476M035AE3AA,KEMET,ESW476M035AE3AA,ESW,47uF,35V,CP_Radial_D6.3mm_L12.5mm_P2.5mm,CP_Radial_D6.3mm_L12.5mm_P2.5mm.wrl,${PL_SYMBOL_DIR}/PL Capacitor Electrolytic/Datasheets/KEM_A4009_ESW.pdf,D6.3xL12.5;P2.5,0.7,1.5,supplied-manufacturer-table,1
generated,470uF_16V_ESW477M016AG4AA,KEMET,ESW477M016AG4AA,ESW,470uF,16V,CP_Radial_D8.0mm_L17.0mm_P3.5mm,CP_Radial_D8.0mm_L17.0mm_P3.5mm.wrl,${PL_SYMBOL_DIR}/PL Capacitor Electrolytic/Datasheets/KEM_A4009_ESW.pdf,D8.0xL17.0;P3.5,0.8,1.6,supplied-manufacturer-table,1
generated,470uF_25V_ESW477M025AH2AA,KEMET,ESW477M025AH2AA,ESW,470uF,25V,CP_Radial_D10.0mm_L17.0mm_P5.0mm,CP_Radial_D10.0mm_L17.0mm_P5.0mm.wrl,${PL_SYMBOL_DIR}/PL Capacitor Electrolytic/Datasheets/KEM_A4009_ESW.pdf,D10.0xL17.0;P5.0,0.8,1.6,supplied-manufacturer-table,1
generated,470uF_50V_ESW477M050AL3AA,KEMET,ESW477M050AL3AA,ESW,470uF,50V,CP_Radial_D13.0mm_L22.0mm_P5.0mm,CP_Radial_D13.0mm_L22.0mm_P5.0mm.wrl,${PL_SYMBOL_DIR}/PL Capacitor Electrolytic/Datasheets/KEM_A4009_ESW.pdf,D13.0xL22.0;P5.0,1.0,1.8,supplied-manufacturer-table,1
generated,680uF_35V_ESW687M035AL3AA,KEMET,ESW687M035AL3AA,ESW,680uF,35V,CP_Radial_D13.0mm_L22.0mm_P5.0mm,CP_Radial_D13.0mm_L22.0mm_P5.0mm.wrl,${PL_SYMBOL_DIR}/PL Capacitor Electrolytic/Datasheets/KEM_A4009_ESW.pdf,D13.0xL22.0;P5.0,1.0,1.8,supplied-manufacturer-table,1
generated,10uF_400V_ESX106M400AH4AA,KEMET,ESX106M400AH4AA,ESX,10uF,400V,CP_Radial_D10.0mm_L22.0mm_P5.0mm,CP_Radial_D10.0mm_L22.0mm_P5.0mm.wrl,${PL_SYMBOL_DIR}/PL Capacitor Electrolytic/Datasheets/KEM_A4008_ESG.pdf,D10.0xL22.0;P5.0,0.8,1.6,kicad-standard-fallback,1
generated,100uF_50V_ESX107M050AH2AA,KEMET,ESX107M050AH2AA,ESX,100uF,50V,CP_Radial_D10.0mm_L17.0mm_P5.0mm,CP_Radial_D10.0mm_L17.0mm_P5.0mm.wrl,https://yageogroup.com/content/datasheet/asset/file/KEM_A4073_ESX,D10.0xL17.0;P5.0,0.8,1.6,kicad-standard-fallback,1
generated,1000uF_35V_ESX108M035AK2AA,KEMET,ESX108M035AK2AA,ESX,1000uF,35V,CP_Radial_D12.0mm_L32.0mm_P5.0mm,CP_Radial_D12.0mm_L32.0mm_P5.0mm.wrl,//mm.digikey.com/Volume0/opasdata/d220001/medias/docus/518/Aluminum_Capacitors.pdf,D12.0xL32.0;P5.0,1.0,1.8,kicad-standard-fallback,1
generated,2200uF_25V_ESX228M025AK4AA,KEMET,ESX228M025AK4AA,ESX,2200uF,25V,CP_Radial_D12.0mm_L40.0mm_P5.0mm,CP_Radial_D12.0mm_L40.0mm_P5.0mm.wrl,https://content.kemet.com/datasheets/KEM_A4073_ESX.pdf,D12.0xL40.0;P5.0,1.0,1.8,kicad-standard-fallback,1
generated,4.7uF_400V_ESX475M400AH2EA,KEMET,ESX475M400AH2EA,ESX,4.7uF,400V,CP_Radial_D10.0mm_L17.0mm_P5.0mm,CP_Radial_D10.0mm_L17.0mm_P5.0mm.wrl,${PL_SYMBOL_DIR}/PL Capacitor Electrolytic/Datasheets/KEM_A4005_ESH.pdf,D10.0xL17.0;P5.0,0.8,1.6,kicad-standard-fallback,1
generated,470uF_25V_ESX477M025AH2EA,KEMET,ESX477M025AH2EA,ESX,470uF,25V,CP_Radial_D10.0mm_L17.0mm_P5.0mm,CP_Radial_D10.0mm_L17.0mm_P5.0mm.wrl,https://yageogroup.com/content/datasheet/asset/file/KEM_A4073_ESX,D10.0xL17.0;P5.0,0.8,1.6,kicad-standard-fallback,1
generated,10uF_35V_ESY106M035AB2AA,KEMET,ESY106M035AB2AA,ESY,10uF,35V,CP_Radial_D4.0mm_L8.5mm_P1.5mm,CP_Radial_D4.0mm_L8.5mm_P1.5mm.wrl,${PL_SYMBOL_DIR}/PL Capacitor Electrolytic/Datasheets/KEM_A4007_ESY.pdf,D4.0xL8.5;P1.5,0.7,1.3,supplied-manufacturer-table,1
generated,10uF_100V_ESY106M100AE3AA,KEMET,ESY106M100AE3AA,ESY,10uF,100V,CP_Radial_D6.3mm_L12.5mm_P2.5mm,CP_Radial_D6.3mm_L12.5mm_P2.5mm.wrl,${PL_SYMBOL_DIR}/PL Capacitor Electrolytic/Datasheets/KEM_A4007_ESY.pdf,D6.3xL12.5;P2.5,0.7,1.5,supplied-manufacturer-table,1
generated,100uF_25V_ESY107M025AE3AA,KEMET,ESY107M025AE3AA,ESY,100uF,25V,CP_Radial_D6.3mm_L12.5mm_P2.5mm,CP_Radial_D6.3mm_L12.5mm_P2.5mm.wrl,${PL_SYMBOL_DIR}/PL Capacitor Electrolytic/Datasheets/KEM_A4007_ESY.pdf,D6.3xL12.5;P2.5,0.7,1.5,supplied-manufacturer-table,1
generated,100uF_35V_ESY107M035AG3AA,KEMET,ESY107M035AG3AA,ESY,100uF,35V,CP_Radial_D8.0mm_L12.5mm_P3.5mm,CP_Radial_D8.0mm_L12.5mm_P3.5mm.wrl,${PL_SYMBOL_DIR}/PL Capacitor Electrolytic/Datasheets/KEM_A4007_ESY.pdf,D8.0xL12.5;P3.5,0.8,1.6,supplied-manufacturer-table,1
generated,100uF_50V_ESY107M050AG3AA,KEMET,ESY107M050AG3AA,ESY,100uF,50V,CP_Radial_D8.0mm_L12.5mm_P3.5mm,CP_Radial_D8.0mm_L12.5mm_P3.5mm.wrl,${PL_SYMBOL_DIR}/PL Capacitor Electrolytic/Datasheets/KEM_A4007_ESY.pdf,D8.0xL12.5;P3.5,0.8,1.6,supplied-manufacturer-table,1
generated,1000uF_10V_ESY108M010AG6AA,KEMET,ESY108M010AG6AA,ESY,1000uF,10V,CP_Radial_D8.0mm_L22.0mm_P3.5mm,CP_Radial_D8.0mm_L22.0mm_P3.5mm.wrl,${PL_SYMBOL_DIR}/PL Capacitor Electrolytic/Datasheets/KEM_A4007_ESY.pdf,D8.0xL22.0;P3.5,0.8,1.6,supplied-manufacturer-table,1
generated,1000uF_10V_ESY108M010AH2EA,KEMET,ESY108M010AH2EA,ESY,1000uF,10V,CP_Radial_D10.0mm_L17.0mm_P5.0mm,CP_Radial_D10.0mm_L17.0mm_P5.0mm.wrl,${PL_SYMBOL_DIR}/PL Capacitor Electrolytic/Datasheets/KEM_A4007_ESY.pdf,D10.0xL17.0;P5.0,0.8,1.6,supplied-manufacturer-table,1
generated,1000uF_16V_ESY108M016AH4AA,KEMET,ESY108M016AH4AA,ESY,1000uF,16V,CP_Radial_D10.0mm_L22.0mm_P5.0mm,CP_Radial_D10.0mm_L22.0mm_P5.0mm.wrl,${PL_SYMBOL_DIR}/PL Capacitor Electrolytic/Datasheets/KEM_A4007_ESY.pdf,D10.0xL22.0;P5.0,0.8,1.6,supplied-manufacturer-table,1
generated,1000uF_35V_ESY108M035AL4AA,KEMET,ESY108M035AL4AA,ESY,1000uF,35V,CP_Radial_D13.0mm_L27.0mm_P5.0mm,CP_Radial_D13.0mm_L27.0mm_P5.0mm.wrl,${PL_SYMBOL_DIR}/PL Capacitor Electrolytic/Datasheets/KEM_A4007_ESY.pdf,D13.0xL27.0;P5.0,1.0,1.8,supplied-manufacturer-table,1
generated,1000uF_50V_ESY108M050AM2AA,KEMET,ESY108M050AM2AA,ESY,1000uF,50V,CP_Radial_D16.0mm_L34.0mm_P7.5mm,CP_Radial_D16.0mm_L34.0mm_P7.5mm.wrl,${PL_SYMBOL_DIR}/PL Capacitor Electrolytic/Datasheets/KEM_A4007_ESY.pdf,D16.0xL34.0;P7.5,1.0,1.8,supplied-manufacturer-table,1
generated,1000uF_63V_ESY108M063AM3AA,KEMET,ESY108M063AM3AA,ESY,1000uF,63V,CP_Radial_D16.0mm_L38.0mm_P7.5mm,CP_Radial_D16.0mm_L38.0mm_P7.5mm.wrl,${PL_SYMBOL_DIR}/PL Capacitor Electrolytic/Datasheets/KEM_A4007_ESY.pdf,D16.0xL38.0;P7.5,1.0,1.8,supplied-manufacturer-table,1
generated,1200uF_6.3V_ESY128M6R3AH8AA,KEMET,ESY128M6R3AH8AA,ESY,1200uF,6.3V,CP_Radial_D10.0mm_L18.0mm_P5.0mm,CP_Radial_D10.0mm_L18.0mm_P5.0mm.wrl,${PL_SYMBOL_DIR}/PL Capacitor Electrolytic/Datasheets/KEM_A4007_ESY.pdf,D10.0xL18.0;P5.0,0.8,1.6,supplied-manufacturer-table,1
generated,15uF_35V_ESY156M035AC2AA,KEMET,ESY156M035AC2AA,ESY,15uF,35V,CP_Radial_D5.0mm_L8.5mm_P2.0mm,CP_Radial_D5.0mm_L8.5mm_P2.0mm.wrl,${PL_SYMBOL_DIR}/PL Capacitor Electrolytic/Datasheets/KEM_A4007_ESY.pdf,D5.0xL8.5;P2.0,0.7,1.5,supplied-manufacturer-table,1
generated,1500uF_10V_ESY158M010AH5AA,KEMET,ESY158M010AH5AA,ESY,1500uF,10V,CP_Radial_D10.0mm_L27.0mm_P5.0mm,CP_Radial_D10.0mm_L27.0mm_P5.0mm.wrl,${PL_SYMBOL_DIR}/PL Capacitor Electrolytic/Datasheets/KEM_A4007_ESY.pdf,D10.0xL27.0;P5.0,0.8,1.6,supplied-manufacturer-table,1
generated,22uF_50V_ESY226M050AE2KA,KEMET,ESY226M050AE2KA,ESY,22uF,50V,CP_Radial_D6.3mm_L8.5mm_P2.5mm,CP_Radial_D6.3mm_L8.5mm_P2.5mm.wrl,${PL_SYMBOL_DIR}/PL Capacitor Electrolytic/Datasheets/KEM_A4007_ESY.pdf,D6.3xL8.5;P2.5,0.7,1.5,supplied-manufacturer-table,1
generated,22uF_63V_ESY226M063AE3AA,KEMET,ESY226M063AE3AA,ESY,22uF,63V,CP_Radial_D6.3mm_L12.5mm_P2.5mm,CP_Radial_D6.3mm_L12.5mm_P2.5mm.wrl,${PL_SYMBOL_DIR}/PL Capacitor Electrolytic/Datasheets/KEM_A4007_ESY.pdf,D6.3xL12.5;P2.5,0.7,1.5,supplied-manufacturer-table,1
generated,220uF_25V_ESY227M025AG3AA,KEMET,ESY227M025AG3AA,ESY,220uF,25V,CP_Radial_D8.0mm_L12.5mm_P3.5mm,CP_Radial_D8.0mm_L12.5mm_P3.5mm.wrl,${PL_SYMBOL_DIR}/PL Capacitor Electrolytic/Datasheets/KEM_A4007_ESY.pdf,D8.0xL12.5;P3.5,0.8,1.6,supplied-manufacturer-table,1
generated,220uF_35V_ESY227M035AH1AA,KEMET,ESY227M035AH1AA,ESY,220uF,35V,CP_Radial_D10.0mm_L13.5mm_P5.0mm,CP_Radial_D10.0mm_L13.5mm_P5.0mm.wrl,${PL_SYMBOL_DIR}/PL Capacitor Electrolytic/Datasheets/KEM_A4007_ESY.pdf,D10.0xL13.5;P5.0,0.8,1.6,supplied-manufacturer-table,1
generated,2200uF_16V_ESY228M016AL4AA,KEMET,ESY228M016AL4AA,ESY,2200uF,16V,CP_Radial_D13.0mm_L27.0mm_P5.0mm,CP_Radial_D13.0mm_L27.0mm_P5.0mm.wrl,${PL_SYMBOL_DIR}/PL Capacitor Electrolytic/Datasheets/KEM_A4007_ESY.pdf,D13.0xL27.0;P5.0,1.0,1.8,supplied-manufacturer-table,1
generated,27uF_25V_ESY276M025AC2AA,KEMET,ESY276M025AC2AA,ESY,27uF,25V,CP_Radial_D5.0mm_L8.5mm_P2.0mm,CP_Radial_D5.0mm_L8.5mm_P2.0mm.wrl,${PL_SYMBOL_DIR}/PL Capacitor Electrolytic/Datasheets/KEM_A4007_ESY.pdf,D5.0xL8.5;P2.0,0.7,1.5,supplied-manufacturer-table,1
generated,270uF_50V_ESY277M050AH4AA,KEMET,ESY277M050AH4AA,ESY,270uF,50V,CP_Radial_D10.0mm_L22.0mm_P5.0mm,CP_Radial_D10.0mm_L22.0mm_P5.0mm.wrl,${PL_SYMBOL_DIR}/PL Capacitor Electrolytic/Datasheets/KEM_A4007_ESY.pdf,D10.0xL22.0;P5.0,0.8,1.6,supplied-manufacturer-table,1
generated,330uF_10V_ESY337M010AG3AA,KEMET,ESY337M010AG3AA,ESY,330uF,10V,CP_Radial_D8.0mm_L12.5mm_P3.5mm,CP_Radial_D8.0mm_L12.5mm_P3.5mm.wrl,${PL_SYMBOL_DIR}/PL Capacitor Electrolytic/Datasheets/KEM_A4007_ESY.pdf,D8.0xL12.5;P3.5,0.8,1.6,supplied-manufacturer-table,1
generated,330uF_25V_ESY337M025AG8AA,KEMET,ESY337M025AG8AA,ESY,330uF,25V,CP_Radial_D8.0mm_L18.0mm_P3.5mm,CP_Radial_D8.0mm_L18.0mm_P3.5mm.wrl,${PL_SYMBOL_DIR}/PL Capacitor Electrolytic/Datasheets/KEM_A4007_ESY.pdf,D8.0xL18.0;P3.5,0.8,1.6,supplied-manufacturer-table,1
generated,330uF_35V_ESY337M035AH2AA,KEMET,ESY337M035AH2AA,ESY,330uF,35V,CP_Radial_D10.0mm_L17.0mm_P5.0mm,CP_Radial_D10.0mm_L17.0mm_P5.0mm.wrl,${PL_SYMBOL_DIR}/PL Capacitor Electrolytic/Datasheets/KEM_A4007_ESY.pdf,D10.0xL17.0;P5.0,0.8,1.6,supplied-manufacturer-table,1
generated,3300uF_10V_ESY338M010AL4AA,KEMET,ESY338M010AL4AA,ESY,3300uF,10V,CP_Radial_D13.0mm_L27.0mm_P5.0mm,CP_Radial_D13.0mm_L27.0mm_P5.0mm.wrl,${PL_SYMBOL_DIR}/PL Capacitor Electrolytic/Datasheets/KEM_A4007_ESY.pdf,D13.0xL27.0;P5.0,1.0,1.8,supplied-manufacturer-table,1
generated,390uF_100V_ESY397M100AN5AA,KEMET,ESY397M100AN5AA,ESY,390uF,100V,CP_Radial_D18.0mm_L27.0mm_P7.5mm,CP_Radial_D18.0mm_L27.0mm_P7.5mm.wrl,${PL_SYMBOL_DIR}/PL Capacitor Electrolytic/Datasheets/KEM_A4007_ESY.pdf,D18.0xL27.0;P7.5,1.0,1.8,supplied-manufacturer-table,1
generated,47uF_16V_ESY476M016AC3AA,KEMET,ESY476M016AC3AA,ESY,47uF,16V,CP_Radial_D5.0mm_L12.5mm_P2.0mm,CP_Radial_D5.0mm_L12.5mm_P2.0mm.wrl,${PL_SYMBOL_DIR}/PL Capacitor Electrolytic/Datasheets/KEM_A4007_ESY.pdf,D5.0xL12.5;P2.0,0.7,1.5,supplied-manufacturer-table,1
generated,47uF_25V_ESY476M025AC3EA,KEMET,ESY476M025AC3EA,ESY,47uF,25V,CP_Radial_D5.0mm_L12.5mm_P2.0mm,CP_Radial_D5.0mm_L12.5mm_P2.0mm.wrl,${PL_SYMBOL_DIR}/PL Capacitor Electrolytic/Datasheets/KEM_A4007_ESY.pdf,D5.0xL12.5;P2.0,0.7,1.5,supplied-manufacturer-table,1
generated,47uF_35V_ESY476M035AE3AA,KEMET,ESY476M035AE3AA,ESY,47uF,35V,CP_Radial_D6.3mm_L12.5mm_P2.5mm,CP_Radial_D6.3mm_L12.5mm_P2.5mm.wrl,${PL_SYMBOL_DIR}/PL Capacitor Electrolytic/Datasheets/KEM_A4007_ESY.pdf,D6.3xL12.5;P2.5,0.7,1.5,supplied-manufacturer-table,1
generated,47uF_50V_ESY476M050AE3AA,KEMET,ESY476M050AE3AA,ESY,47uF,50V,CP_Radial_D6.3mm_L12.5mm_P2.5mm,CP_Radial_D6.3mm_L12.5mm_P2.5mm.wrl,${PL_SYMBOL_DIR}/PL Capacitor Electrolytic/Datasheets/KEM_A4007_ESY.pdf,D6.3xL12.5;P2.5,0.7,1.5,supplied-manufacturer-table,1
generated,470uF_16V_ESY477M016AG8AA,KEMET,ESY477M016AG8AA,ESY,470uF,16V,CP_Radial_D8.0mm_L18.0mm_P3.5mm,CP_Radial_D8.0mm_L18.0mm_P3.5mm.wrl,${PL_SYMBOL_DIR}/PL Capacitor Electrolytic/Datasheets/KEM_A4007_ESY.pdf,D8.0xL18.0;P3.5,0.8,1.6,supplied-manufacturer-table,1
generated,470uF_25V_ESY477M025AG6AA,KEMET,ESY477M025AG6AA,ESY,470uF,25V,CP_Radial_D8.0mm_L22.0mm_P3.5mm,CP_Radial_D8.0mm_L22.0mm_P3.5mm.wrl,${PL_SYMBOL_DIR}/PL Capacitor Electrolytic/Datasheets/KEM_A4007_ESY.pdf,D8.0xL22.0;P3.5,0.8,1.6,supplied-manufacturer-table,1
generated,470uF_25V_ESY477M025AH2AA,KEMET,ESY477M025AH2AA,ESY,470uF,25V,CP_Radial_D10.0mm_L17.0mm_P5.0mm,CP_Radial_D10.0mm_L17.0mm_P5.0mm.wrl,${PL_SYMBOL_DIR}/PL Capacitor Electrolytic/Datasheets/KEM_A4007_ESY.pdf,D10.0xL17.0;P5.0,0.8,1.6,supplied-manufacturer-table,1
generated,470uF_35V_ESY477M035AH4AA,KEMET,ESY477M035AH4AA,ESY,470uF,35V,CP_Radial_D10.0mm_L22.0mm_P5.0mm,CP_Radial_D10.0mm_L22.0mm_P5.0mm.wrl,${PL_SYMBOL_DIR}/PL Capacitor Electrolytic/Datasheets/KEM_A4007_ESY.pdf,D10.0xL22.0;P5.0,0.8,1.6,supplied-manufacturer-table,1
generated,470uF_50V_ESY477M050AL3AA,KEMET,ESY477M050AL3AA,ESY,470uF,50V,CP_Radial_D13.0mm_L22.0mm_P5.0mm,CP_Radial_D13.0mm_L22.0mm_P5.0mm.wrl,${PL_SYMBOL_DIR}/PL Capacitor Electrolytic/Datasheets/KEM_A4007_ESY.pdf,D13.0xL22.0;P5.0,1.0,1.8,supplied-manufacturer-table,1
generated,680uF_16V_ESY687M016AG6AA,KEMET,ESY687M016AG6AA,ESY,680uF,16V,CP_Radial_D8.0mm_L22.0mm_P3.5mm,CP_Radial_D8.0mm_L22.0mm_P3.5mm.wrl,${PL_SYMBOL_DIR}/PL Capacitor Electrolytic/Datasheets/KEM_A4007_ESY.pdf,D8.0xL22.0;P3.5,0.8,1.6,supplied-manufacturer-table,1
generated,680uF_25V_ESY687M025AH4AA,KEMET,ESY687M025AH4AA,ESY,680uF,25V,CP_Radial_D10.0mm_L22.0mm_P5.0mm,CP_Radial_D10.0mm_L22.0mm_P5.0mm.wrl,${PL_SYMBOL_DIR}/PL Capacitor Electrolytic/Datasheets/KEM_A4007_ESY.pdf,D10.0xL22.0;P5.0,0.8,1.6,supplied-manufacturer-table,1
generated,680uF_35V_ESY687M035AL3AA,KEMET,ESY687M035AL3AA,ESY,680uF,35V,CP_Radial_D13.0mm_L22.0mm_P5.0mm,CP_Radial_D13.0mm_L22.0mm_P5.0mm.wrl,${PL_SYMBOL_DIR}/PL Capacitor Electrolytic/Datasheets/KEM_A4007_ESY.pdf,D13.0xL22.0;P5.0,1.0,1.8,supplied-manufacturer-table,1
generated,820uF_6.3V_ESY827M6R3AG8AA,KEMET,ESY827M6R3AG8AA,ESY,820uF,6.3V,CP_Radial_D8.0mm_L18.0mm_P3.5mm,CP_Radial_D8.0mm_L18.0mm_P3.5mm.wrl,${PL_SYMBOL_DIR}/PL Capacitor Electrolytic/Datasheets/KEM_A4007_ESY.pdf,D8.0xL18.0;P3.5,0.8,1.6,supplied-manufacturer-table,1
generated,100uF_200V_ESZ107M200AM7AA,KEMET,ESZ107M200AM7AA,ESZ,100uF,200V,CP_Radial_D16.0mm_L27.0mm_P7.5mm,CP_Radial_D16.0mm_L27.0mm_P7.5mm.wrl,https://yageogroup.com/content/datasheet/asset/file/KEM_A4062_ESZ,D16.0xL27.0;P7.5,1.0,1.8,kicad-standard-fallback,1
generated,33uF_200V_ESZ336M200AH4EA,KEMET,ESZ336M200AH4EA,ESZ,33uF,200V,CP_Radial_D10.0mm_L22.0mm_P5.0mm,CP_Radial_D10.0mm_L22.0mm_P5.0mm.wrl,https://yageogroup.com/content/datasheet/asset/file/KEM_A4062_ESZ,D10.0xL22.0;P5.0,0.8,1.6,kicad-standard-fallback,1
generated,47uF_400V_ESZ476M400AM2AA,KEMET,ESZ476M400AM2AA,ESZ,47uF,400V,CP_Radial_D16.0mm_L34.0mm_P7.5mm,CP_Radial_D16.0mm_L34.0mm_P7.5mm.wrl,https://yageogroup.com/content/datasheet/asset/file/KEM_A4062_ESZ,D16.0xL34.0;P7.5,1.0,1.8,kicad-standard-fallback,1
generated,220uF_450V_ETXH451VSN221MR40S,Chemi-Con,ETXH451VSN221MR40S,TXH,220uF,450V,CP_Radial_D30.0mm_L42.0mm_P10.0mm_SnapIn,CP_Radial_D30.0mm_L42.0mm_P10.0mm_SnapIn.wrl,https://www.chemi-con.co.jp/products/relatedfiles/capacitor/catalog/TXHN-e.PDF,D30.0xL42.0;P10.0,2.0,4.0,kicad-standard-2pin-snapin,1
generated,100uF_450V_LAR2W101MELA25,Nichicon,LAR2W101MELA25,LAR,100uF,450V,CP_Radial_D25.0mm_L25.0mm_P10.0mm_SnapIn,CP_Radial_D25.0mm_L25.0mm_P10.0mm_SnapIn.wrl,https://www.nichicon.co.jp/english/series_items/catalog_pdf/e-lar.pdf,D25.0xL25.0;P10.0,2.0,4.0,kicad-standard-2pin-snapin,1
generated,220uF_450V_LAR2W221MELC25,Nichicon,LAR2W221MELC25,LAR,220uF,450V,CP_Radial_D35.0mm_L25.0mm_P10.0mm_SnapIn,CP_Radial_D35.0mm_L25.0mm_P10.0mm_SnapIn.wrl,https://www.nichicon.co.jp/english/series_items/catalog_pdf/e-lar.pdf,D35.0xL25.0;P10.0,2.0,4.0,kicad-standard-2pin-snapin,1
generated,150uF_500V_LGC2H151MELZ40,Nichicon,LGC2H151MELZ40,LGC,150uF,500V,CP_Radial_D22.0mm_L42.5mm_P10.0mm_SnapIn,CP_Radial_D22.0mm_L42.5mm_P10.0mm_SnapIn.wrl,https://www.nichicon.co.jp/english/series_items/catalog_pdf/e-lgc.pdf,D22.0xL42.5;P10.0,2.0,4.0,kicad-standard-2pin-snapin,1
generated,180uF_500V_LGC2H181MELA35,Nichicon,LGC2H181MELA35,LGC,180uF,500V,CP_Radial_D25.0mm_L37.5mm_P10.0mm_SnapIn,CP_Radial_D25.0mm_L37.5mm_P10.0mm_SnapIn.wrl,https://www.nichicon.co.jp/english/series_items/catalog_pdf/e-lgc.pdf,D25.0xL37.5;P10.0,2.0,4.0,kicad-standard-2pin-snapin,1
generated,180uF_500V_LGC2H221MELZ50,Nichicon,LGC2H221MELZ50,LGC,180uF,500V,CP_Radial_D22.0mm_L52.5mm_P10.0mm_SnapIn,CP_Radial_D22.0mm_L52.5mm_P10.0mm_SnapIn.wrl,https://www.nichicon.co.jp/english/series_items/catalog_pdf/e-lgc.pdf,D22.0xL52.5;P10.0,2.0,4.0,kicad-standard-2pin-snapin,1
generated,220uF_500V_LGC2H271MELZ60,Nichicon,LGC2H271MELZ60,LGC,220uF,500V,CP_Radial_D22.0mm_L62.5mm_P10.0mm_SnapIn,CP_Radial_D22.0mm_L62.5mm_P10.0mm_SnapIn.wrl,https://www.nichicon.co.jp/english/series_items/catalog_pdf/e-lgc.pdf,D22.0xL62.5;P10.0,2.0,4.0,kicad-standard-2pin-snapin,1
generated,270uF_450V_LGG2W271MELC25,Nichicon,LGG2W271MELC25,LGG,270uF,450V,CP_Radial_D35.0mm_L27.0mm_P10.0mm_SnapIn,CP_Radial_D35.0mm_L27.0mm_P10.0mm_SnapIn.wrl,${PL_SYMBOL_DIR}/PL Capacitor Electrolytic/Datasheets/e-lgg.pdf,D35.0xL27.0;P10.0,2.0,4.0,kicad-standard-2pin-snapin,1
generated,270uF_450V_LGG2W271MELZ50,Nichicon,LGG2W271MELZ50,LGG,270uF,450V,CP_Radial_D22.0mm_L52.0mm_P10.0mm_SnapIn,CP_Radial_D22.0mm_L52.0mm_P10.0mm_SnapIn.wrl,${PL_SYMBOL_DIR}/PL Capacitor Electrolytic/Datasheets/e-lgg.pdf,D22.0xL52.0;P10.0,2.0,4.0,kicad-standard-2pin-snapin,1
generated,330uF_450V_LGG2W331MELC30,Nichicon,LGG2W331MELC30,LGG,330uF,450V,CP_Radial_D35.0mm_L32.0mm_P10.0mm_SnapIn,CP_Radial_D35.0mm_L32.0mm_P10.0mm_SnapIn.wrl,${PL_SYMBOL_DIR}/PL Capacitor Electrolytic/Datasheets/e-lgg.pdf,D35.0xL32.0;P10.0,2.0,4.0,kicad-standard-2pin-snapin,1
generated,470uF_450V_LGG2W471MELB45,Nichicon,LGG2W471MELB45,LGG,470uF,450V,CP_Radial_D30.0mm_L47.0mm_P10.0mm_SnapIn,CP_Radial_D30.0mm_L47.0mm_P10.0mm_SnapIn.wrl,${PL_SYMBOL_DIR}/PL Capacitor Electrolytic/Datasheets/e-lgg.pdf,D30.0xL47.0;P10.0,2.0,4.0,kicad-standard-2pin-snapin,1
generated,220uF_450V_LGL2W221MELZ40,Nichicon,LGL2W221MELZ40,LGL,220uF,450V,CP_Radial_D22.0mm_L42.0mm_P10.0mm_SnapIn,CP_Radial_D22.0mm_L42.0mm_P10.0mm_SnapIn.wrl,${PL_SYMBOL_DIR}/PL Capacitor Electrolytic/Datasheets/e-lgl.pdf,D22.0xL42.0;P10.0,2.0,4.0,kicad-standard-2pin-snapin,1
generated,270uF_450V_LGL2W271MELZ45,Nichicon,LGL2W271MELZ45,LGL,270uF,450V,CP_Radial_D22.0mm_L47.0mm_P10.0mm_SnapIn,CP_Radial_D22.0mm_L47.0mm_P10.0mm_SnapIn.wrl,${PL_SYMBOL_DIR}/PL Capacitor Electrolytic/Datasheets/e-lgl.pdf,D22.0xL47.0;P10.0,2.0,4.0,kicad-standard-2pin-snapin,1
generated,330uF_450V_LGL2W331MELC25,Nichicon,LGL2W331MELC25,LGL,330uF,450V,CP_Radial_D35.0mm_L27.0mm_P10.0mm_SnapIn,CP_Radial_D35.0mm_L27.0mm_P10.0mm_SnapIn.wrl,${PL_SYMBOL_DIR}/PL Capacitor Electrolytic/Datasheets/e-lgl.pdf,D35.0xL27.0;P10.0,2.0,4.0,kicad-standard-2pin-snapin,1
generated,680uF_450V_LGL2W681MELC45,Nichicon,LGL2W681MELC45,LGL,680uF,450V,CP_Radial_D35.0mm_L47.0mm_P10.0mm_SnapIn,CP_Radial_D35.0mm_L47.0mm_P10.0mm_SnapIn.wrl,${PL_SYMBOL_DIR}/PL Capacitor Electrolytic/Datasheets/e-lgl.pdf,D35.0xL47.0;P10.0,2.0,4.0,kicad-standard-2pin-snapin,1
generated,220uF_450V_LGM2W221MELZ35,Nichicon,LGM2W221MELZ35,LGM,220uF,450V,CP_Radial_D22.0mm_L37.0mm_P10.0mm_SnapIn,CP_Radial_D22.0mm_L37.0mm_P10.0mm_SnapIn.wrl,//mm.digikey.com/Volume0/opasdata/d220001/medias/docus/1013/LGM_Series_450V.pdf,D22.0xL37.0;P10.0,2.0,4.0,kicad-standard-2pin-snapin,1
generated,100uF_450V_LGN2W101MELA25,Nichicon,LGN2W101MELA25,LGN,100uF,450V,CP_Radial_D25.0mm_L27.0mm_P10.0mm_SnapIn,CP_Radial_D25.0mm_L27.0mm_P10.0mm_SnapIn.wrl,${PL_SYMBOL_DIR}/PL Capacitor Electrolytic/Datasheets/e-lgn.pdf,D25.0xL27.0;P10.0,2.0,4.0,kicad-standard-2pin-snapin,1
generated,100uF_450V_LGN2W101MELZ30,Nichicon,LGN2W101MELZ30,LGN,100uF,450V,CP_Radial_D22.0mm_L32.0mm_P10.0mm_SnapIn,CP_Radial_D22.0mm_L32.0mm_P10.0mm_SnapIn.wrl,${PL_SYMBOL_DIR}/PL Capacitor Electrolytic/Datasheets/e-lgn.pdf,D22.0xL32.0;P10.0,2.0,4.0,kicad-standard-2pin-snapin,1
generated,150uF_450V_LGN2W151MELB25,Nichicon,LGN2W151MELB25,LGN,150uF,450V,CP_Radial_D30.0mm_L27.0mm_P10.0mm_SnapIn,CP_Radial_D30.0mm_L27.0mm_P10.0mm_SnapIn.wrl,${PL_SYMBOL_DIR}/PL Capacitor Electrolytic/Datasheets/e-lgn.pdf,D30.0xL27.0;P10.0,2.0,4.0,kicad-standard-2pin-snapin,1
generated,150uF_450V_LGN2W151MELZ40,Nichicon,LGN2W151MELZ40,LGN,150uF,450V,CP_Radial_D22.0mm_L42.0mm_P10.0mm_SnapIn,CP_Radial_D22.0mm_L42.0mm_P10.0mm_SnapIn.wrl,${PL_SYMBOL_DIR}/PL Capacitor Electrolytic/Datasheets/e-lgn.pdf,D22.0xL42.0;P10.0,2.0,4.0,kicad-standard-2pin-snapin,1
generated,220uF_450V_LGN2W221MELA40,Nichicon,LGN2W221MELA40,LGN,220uF,450V,CP_Radial_D25.0mm_L42.0mm_P10.0mm_SnapIn,CP_Radial_D25.0mm_L42.0mm_P10.0mm_SnapIn.wrl,${PL_SYMBOL_DIR}/PL Capacitor Electrolytic/Datasheets/e-lgn.pdf,D25.0xL42.0;P10.0,2.0,4.0,kicad-standard-2pin-snapin,1
generated,220uF_450V_LGN2W221MELB30,Nichicon,LGN2W221MELB30,LGN,220uF,450V,CP_Radial_D30.0mm_L32.0mm_P10.0mm_SnapIn,CP_Radial_D30.0mm_L32.0mm_P10.0mm_SnapIn.wrl,${PL_SYMBOL_DIR}/PL Capacitor Electrolytic/Datasheets/e-lgn.pdf,D30.0xL32.0;P10.0,2.0,4.0,kicad-standard-2pin-snapin,1
generated,270uF_450V_LGN2W271MELA50,Nichicon,LGN2W271MELA50,LGN,270uF,450V,CP_Radial_D25.0mm_L52.0mm_P10.0mm_SnapIn,CP_Radial_D25.0mm_L52.0mm_P10.0mm_SnapIn.wrl,${PL_SYMBOL_DIR}/PL Capacitor Electrolytic/Datasheets/e-lgn.pdf,D25.0xL52.0;P10.0,2.0,4.0,kicad-standard-2pin-snapin,1
generated,100uF_450V_LGU2W101MELA,Nichicon,LGU2W101MELA,LGU,100uF,450V,CP_Radial_D25.0mm_L30.0mm_P10.0mm_SnapIn,CP_Radial_D25.0mm_L30.0mm_P10.0mm_SnapIn.wrl,${PL_SYMBOL_DIR}/PL Capacitor Electrolytic/Datasheets/e-lgu.pdf,D25.0xL30.0;P10.0,2.0,4.0,kicad-standard-2pin-snapin,1
generated,220uF_450V_LGU2W221MELB,Nichicon,LGU2W221MELB,LGU,220uF,450V,CP_Radial_D30.0mm_L35.0mm_P10.0mm_SnapIn,CP_Radial_D30.0mm_L35.0mm_P10.0mm_SnapIn.wrl,${PL_SYMBOL_DIR}/PL Capacitor Electrolytic/Datasheets/e-lgu.pdf,D30.0xL35.0;P10.0,2.0,4.0,kicad-standard-2pin-snapin,1
generated,270uF_450V_LGU2W271MELC,Nichicon,LGU2W271MELC,LGU,270uF,450V,CP_Radial_D35.0mm_L35.0mm_P10.0mm_SnapIn,CP_Radial_D35.0mm_L35.0mm_P10.0mm_SnapIn.wrl,${PL_SYMBOL_DIR}/PL Capacitor Electrolytic/Datasheets/e-lgu.pdf,D35.0xL35.0;P10.0,2.0,4.0,kicad-standard-2pin-snapin,1
generated,330uF_450V_LGU2W331MELB,Nichicon,LGU2W331MELB,LGU,330uF,450V,CP_Radial_D30.0mm_L50.0mm_P10.0mm_SnapIn,CP_Radial_D30.0mm_L50.0mm_P10.0mm_SnapIn.wrl,${PL_SYMBOL_DIR}/PL Capacitor Electrolytic/Datasheets/e-lgu.pdf,D30.0xL50.0;P10.0,2.0,4.0,kicad-standard-2pin-snapin,1
generated,330uF_450V_LGU2W331MELC,Nichicon,LGU2W331MELC,LGU,330uF,450V,CP_Radial_D35.0mm_L40.0mm_P10.0mm_SnapIn,CP_Radial_D35.0mm_L40.0mm_P10.0mm_SnapIn.wrl,${PL_SYMBOL_DIR}/PL Capacitor Electrolytic/Datasheets/e-lgu.pdf,D35.0xL40.0;P10.0,2.0,4.0,kicad-standard-2pin-snapin,1
generated,390uF_450V_LGU2W391MELC,Nichicon,LGU2W391MELC,LGU,390uF,450V,CP_Radial_D35.0mm_L40.0mm_P10.0mm_SnapIn,CP_Radial_D35.0mm_L40.0mm_P10.0mm_SnapIn.wrl,${PL_SYMBOL_DIR}/PL Capacitor Electrolytic/Datasheets/e-lgu.pdf,D35.0xL40.0;P10.0,2.0,4.0,kicad-standard-2pin-snapin,1
generated,470uF_450V_LGU2W471MELC,Nichicon,LGU2W471MELC,LGU,470uF,450V,CP_Radial_D35.0mm_L50.0mm_P10.0mm_SnapIn,CP_Radial_D35.0mm_L50.0mm_P10.0mm_SnapIn.wrl,${PL_SYMBOL_DIR}/PL Capacitor Electrolytic/Datasheets/e-lgu.pdf,D35.0xL50.0;P10.0,2.0,4.0,kicad-standard-2pin-snapin,1
generated,100uF_450V_LGW2W101MELA25,Nichicon,LGW2W101MELA25,LGW,100uF,450V,CP_Radial_D25.0mm_L25.0mm_P10.0mm_SnapIn,CP_Radial_D25.0mm_L25.0mm_P10.0mm_SnapIn.wrl,${PL_SYMBOL_DIR}/PL Capacitor Electrolytic/Datasheets/e-lgw.pdf,D25.0xL25.0;P10.0,2.0,4.0,kicad-standard-2pin-snapin,1
generated,120uF_450V_LGW2W121MELZ35,Nichicon,LGW2W121MELZ35,LGW,120uF,450V,CP_Radial_D22.0mm_L35.0mm_P10.0mm_SnapIn,CP_Radial_D22.0mm_L35.0mm_P10.0mm_SnapIn.wrl,${PL_SYMBOL_DIR}/PL Capacitor Electrolytic/Datasheets/e-lgw.pdf,D22.0xL35.0;P10.0,2.0,4.0,kicad-standard-2pin-snapin,1
generated,220uF_450V_LGW2W221MELA45,Nichicon,LGW2W221MELA45,LGW,220uF,450V,CP_Radial_D25.0mm_L45.0mm_P10.0mm_SnapIn,CP_Radial_D25.0mm_L45.0mm_P10.0mm_SnapIn.wrl,${PL_SYMBOL_DIR}/PL Capacitor Electrolytic/Datasheets/e-lgw.pdf,D25.0xL45.0;P10.0,2.0,4.0,kicad-standard-2pin-snapin,1
generated,220uF_450V_LGW2W221MELB35,Nichicon,LGW2W221MELB35,LGW,220uF,450V,CP_Radial_D30.0mm_L35.0mm_P10.0mm_SnapIn,CP_Radial_D30.0mm_L35.0mm_P10.0mm_SnapIn.wrl,${PL_SYMBOL_DIR}/PL Capacitor Electrolytic/Datasheets/e-lgw.pdf,D30.0xL35.0;P10.0,2.0,4.0,kicad-standard-2pin-snapin,1
generated,270uF_450V_LGW2W271MELB40,Nichicon,LGW2W271MELB40,LGW,270uF,450V,CP_Radial_D30.0mm_L40.0mm_P10.0mm_SnapIn,CP_Radial_D30.0mm_L40.0mm_P10.0mm_SnapIn.wrl,${PL_SYMBOL_DIR}/PL Capacitor Electrolytic/Datasheets/e-lgw.pdf,D30.0xL40.0;P10.0,2.0,4.0,kicad-standard-2pin-snapin,1
generated,270uF_450V_LGW2W271MELC30,Nichicon,LGW2W271MELC30,LGW,270uF,450V,CP_Radial_D35.0mm_L30.0mm_P10.0mm_SnapIn,CP_Radial_D35.0mm_L30.0mm_P10.0mm_SnapIn.wrl,${PL_SYMBOL_DIR}/PL Capacitor Electrolytic/Datasheets/e-lgw.pdf,D35.0xL30.0;P10.0,2.0,4.0,kicad-standard-2pin-snapin,1
generated,390uF_450V_LGW2W391MELC40,Nichicon,LGW2W391MELC40,LGW,390uF,450V,CP_Radial_D35.0mm_L40.0mm_P10.0mm_SnapIn,CP_Radial_D35.0mm_L40.0mm_P10.0mm_SnapIn.wrl,${PL_SYMBOL_DIR}/PL Capacitor Electrolytic/Datasheets/e-lgw.pdf,D35.0xL40.0;P10.0,2.0,4.0,kicad-standard-2pin-snapin,1
generated,470uF_450V_LGW2W471MELC45,Nichicon,LGW2W471MELC45,LGW,470uF,450V,CP_Radial_D35.0mm_L45.0mm_P10.0mm_SnapIn,CP_Radial_D35.0mm_L45.0mm_P10.0mm_SnapIn.wrl,${PL_SYMBOL_DIR}/PL Capacitor Electrolytic/Datasheets/e-lgw.pdf,D35.0xL45.0;P10.0,2.0,4.0,kicad-standard-2pin-snapin,1
generated,220uF_450V_LGX2W221MELC25,Nichicon,LGX2W221MELC25,LGX,220uF,450V,CP_Radial_D35.0mm_L27.0mm_P10.0mm_SnapIn,CP_Radial_D35.0mm_L27.0mm_P10.0mm_SnapIn.wrl,${PL_SYMBOL_DIR}/PL Capacitor Electrolytic/Datasheets/e-lgx.pdf,D35.0xL27.0;P10.0,2.0,4.0,kicad-standard-2pin-snapin,1
generated,470uF_450V_LGX2W471MELC45,Nichicon,LGX2W471MELC45,LGX,470uF,450V,CP_Radial_D35.0mm_L47.0mm_P10.0mm_SnapIn,CP_Radial_D35.0mm_L47.0mm_P10.0mm_SnapIn.wrl,${PL_SYMBOL_DIR}/PL Capacitor Electrolytic/Datasheets/e-lgx.pdf,D35.0xL47.0;P10.0,2.0,4.0,kicad-standard-2pin-snapin,1
generated,180uF_450V_LGZ2W181MELB45,Nichicon,LGZ2W181MELB45,LGZ,180uF,450V,CP_Radial_D30.0mm_L47.0mm_P10.0mm_SnapIn,CP_Radial_D30.0mm_L47.0mm_P10.0mm_SnapIn.wrl,https://www.nichicon.co.jp/english/series_items/catalog_pdf/e-lgz.pdf,D30.0xL47.0;P10.0,2.0,4.0,kicad-standard-2pin-snapin,1
generated,270uF_450V_LHT2W271MELC30,Nichicon,LHT2W271MELC30,LHT,270uF,450V,CP_Radial_D35.0mm_L32.5mm_P10.0mm_SnapIn,CP_Radial_D35.0mm_L32.5mm_P10.0mm_SnapIn.wrl,https://www.nichicon.co.jp/english/series_items/catalog_pdf/e-lht.pdf,D35.0xL32.5;P10.0,2.0,4.0,kicad-standard-2pin-snapin,1
generated,100uF_450V_LKX2W101MESY40,Nichicon,LKX2W101MESY40,LKX,100uF,450V,CP_Radial_D20.0mm_L42.0mm_P10.0mm_SnapIn,CP_Radial_D20.0mm_L42.0mm_P10.0mm_SnapIn.wrl,https://www.nichicon.co.jp/english/series_items/catalog_pdf/e-lkx.pdf,D20.0xL42.0;P10.0,2.0,4.0,kicad-standard-2pin-snapin,1
generated,220uF_450V_LLG2W221MELZ40,Nichicon,LLG2W221MELZ40,LLG,220uF,450V,CP_Radial_D22.0mm_L42.0mm_P10.0mm_SnapIn,CP_Radial_D22.0mm_L42.0mm_P10.0mm_SnapIn.wrl,${PL_SYMBOL_DIR}/PL Capacitor Electrolytic/Datasheets/e-llg.pdf,D22.0xL42.0;P10.0,2.0,4.0,kicad-standard-2pin-snapin,1
generated,470uF_450V_LLG2W471MELB40,Nichicon,LLG2W471MELB40,LLG,470uF,450V,CP_Radial_D30.0mm_L42.0mm_P10.0mm_SnapIn,CP_Radial_D30.0mm_L42.0mm_P10.0mm_SnapIn.wrl,${PL_SYMBOL_DIR}/PL Capacitor Electrolytic/Datasheets/e-llg.pdf,D30.0xL42.0;P10.0,2.0,4.0,kicad-standard-2pin-snapin,1
generated,470uF_450V_LLG2W471MELC35,Nichicon,LLG2W471MELC35,LLG,470uF,450V,CP_Radial_D35.0mm_L37.0mm_P10.0mm_SnapIn,CP_Radial_D35.0mm_L37.0mm_P10.0mm_SnapIn.wrl,${PL_SYMBOL_DIR}/PL Capacitor Electrolytic/Datasheets/e-llg.pdf,D35.0xL37.0;P10.0,2.0,4.0,kicad-standard-2pin-snapin,1
generated,680uF_450V_LLG2W681MELC45,Nichicon,LLG2W681MELC45,LLG,680uF,450V,CP_Radial_D35.0mm_L47.0mm_P10.0mm_SnapIn,CP_Radial_D35.0mm_L47.0mm_P10.0mm_SnapIn.wrl,${PL_SYMBOL_DIR}/PL Capacitor Electrolytic/Datasheets/e-llg.pdf,D35.0xL47.0;P10.0,2.0,4.0,kicad-standard-2pin-snapin,1
generated,100uF_450V_LLS2W101MELA,Nichicon,LLS2W101MELA,LLS,100uF,450V,CP_Radial_D25.0mm_L25.0mm_P10.0mm_SnapIn,CP_Radial_D25.0mm_L25.0mm_P10.0mm_SnapIn.wrl,${PL_SYMBOL_DIR}/PL Capacitor Electrolytic/Datasheets/e-lls.pdf,D25.0xL25.0;P10.0,2.0,4.0,kicad-standard-2pin-snapin,1
generated,120uF_450V_LLS2W121MELA,Nichicon,LLS2W121MELA,LLS,120uF,450V,CP_Radial_D25.0mm_L30.0mm_P10.0mm_SnapIn,CP_Radial_D25.0mm_L30.0mm_P10.0mm_SnapIn.wrl,${PL_SYMBOL_DIR}/PL Capacitor Electrolytic/Datasheets/e-lls.pdf,D25.0xL30.0;P10.0,2.0,4.0,kicad-standard-2pin-snapin,1
generated,150uF_450V_LLS2W151MELZ,Nichicon,LLS2W151MELZ,LLS,150uF,450V,CP_Radial_D22.0mm_L40.0mm_P10.0mm_SnapIn,CP_Radial_D22.0mm_L40.0mm_P10.0mm_SnapIn.wrl,${PL_SYMBOL_DIR}/PL Capacitor Electrolytic/Datasheets/e-lls.pdf,D22.0xL40.0;P10.0,2.0,4.0,kicad-standard-2pin-snapin,1
generated,390uF_450V_LLS2W391MELC,Nichicon,LLS2W391MELC,LLS,390uF,450V,CP_Radial_D35.0mm_L40.0mm_P10.0mm_SnapIn,CP_Radial_D35.0mm_L40.0mm_P10.0mm_SnapIn.wrl,${PL_SYMBOL_DIR}/PL Capacitor Electrolytic/Datasheets/e-lls.pdf,D35.0xL40.0;P10.0,2.0,4.0,kicad-standard-2pin-snapin,1
generated,470uF_450V_LLS2W471MELC,Nichicon,LLS2W471MELC,LLS,470uF,450V,CP_Radial_D35.0mm_L45.0mm_P10.0mm_SnapIn,CP_Radial_D35.0mm_L45.0mm_P10.0mm_SnapIn.wrl,${PL_SYMBOL_DIR}/PL Capacitor Electrolytic/Datasheets/e-lls.pdf,D35.0xL45.0;P10.0,2.0,4.0,kicad-standard-2pin-snapin,1
generated,330uF_450V_LP331M450H7P3,Cornell Dubilier Knowles,LP331M450H7P3,SLP0712TE (750W),330uF,450V,CP_Radial_D35.0mm_L40.0mm_P10.0mm_SnapIn,CP_Radial_D35.0mm_L40.0mm_P10.0mm_SnapIn.wrl,${PL_SYMBOL_DIR}/PL Capacitor Electrolytic/Datasheets/LP.pdf,D35.0xL40.0;P10.0,2.0,4.0,kicad-standard-2pin-snapin,1
generated,470uF_450V_LP471M450E9P3,Cornell Dubilier Knowles,LP471M450E9P3,SLP0712TE (750W),470uF,450V,CP_Radial_D30.0mm_L50.0mm_P10.0mm_SnapIn,CP_Radial_D30.0mm_L50.0mm_P10.0mm_SnapIn.wrl,${PL_SYMBOL_DIR}/PL Capacitor Electrolytic/Datasheets/LP.pdf,D30.0xL50.0;P10.0,2.0,4.0,kicad-standard-2pin-snapin,1
generated,470uF_450V_LP471M450H9P3,Cornell Dubilier Knowles,LP471M450H9P3,SLP0712TE (750W),470uF,450V,CP_Radial_D35.0mm_L50.0mm_P10.0mm_SnapIn,CP_Radial_D35.0mm_L50.0mm_P10.0mm_SnapIn.wrl,${PL_SYMBOL_DIR}/PL Capacitor Electrolytic/Datasheets/LP.pdf,D35.0xL50.0;P10.0,2.0,4.0,kicad-standard-2pin-snapin,1
generated,220uF_450V_LPX221M450H3P3,Cornell Dubilier Knowles,LPX221M450H3P3,LPX,220uF,450V,CP_Radial_D35.0mm_L30.0mm_P10.0mm_SnapIn,CP_Radial_D35.0mm_L30.0mm_P10.0mm_SnapIn.wrl,https://www.cde.com/resources/catalogs/LPX.pdf,D35.0xL30.0;P10.0,2.0,4.0,kicad-standard-2pin-snapin,1
generated,100uF_450V_MAL205737101E3,Vishay Beyschlag/Draloric/BC Components,MAL205737101E3,057 PSM-SI,100uF,450V,CP_Radial_D25.0mm_L37.0mm_P10.0mm_SnapIn,CP_Radial_D25.0mm_L37.0mm_P10.0mm_SnapIn.wrl,${PL_SYMBOL_DIR}/PL Capacitor Electrolytic/Datasheets/056057psmsi.pdf,D25.0xL37.0;P10.0,2.0,4.0,kicad-standard-2pin-snapin,1
generated,470uF_450V_MAL209427471E3,Vishay Beyschlag/Draloric/BC Components,MAL209427471E3,094 PME-SI,470uF,450V,CP_Radial_D35.0mm_L47.0mm_P10.0mm_SnapIn,CP_Radial_D35.0mm_L47.0mm_P10.0mm_SnapIn.wrl,https://www.vishay.com/docs/28382/094pmesi.pdf,D35.0xL47.0;P10.0,2.0,4.0,kicad-standard-2pin-snapin,1
generated,470uF_500V_MAL215759471E3,Vishay Beyschlag/Draloric/BC Components,MAL215759471E3,157 PUM-SI,470uF,500V,CP_Radial_D35.0mm_L52.0mm_P10.0mm_SnapIn,CP_Radial_D35.0mm_L52.0mm_P10.0mm_SnapIn.wrl,${PL_SYMBOL_DIR}/PL Capacitor Electrolytic/Datasheets/157pumsi.pdf,D35.0xL52.0;P10.0,2.0,4.0,kicad-standard-2pin-snapin,1
generated,100uF_500V_MAL215919101E3,Vishay Beyschlag/Draloric/BC Components,MAL215919101E3,159 PUL-SI,100uF,500V,CP_Radial_D22.0mm_L40.0mm_P10.0mm_SnapIn,CP_Radial_D22.0mm_L40.0mm_P10.0mm_SnapIn.wrl,${PL_SYMBOL_DIR}/PL Capacitor Electrolytic/Datasheets/159pulsi.pdf,D22.0xL40.0;P10.0,2.0,4.0,kicad-standard-2pin-snapin,1
generated,150uF_500V_MAL215919151E3,Vishay Beyschlag/Draloric/BC Components,MAL215919151E3,159 PUL-SI,150uF,500V,CP_Radial_D25.0mm_L45.0mm_P10.0mm_SnapIn,CP_Radial_D25.0mm_L45.0mm_P10.0mm_SnapIn.wrl,${PL_SYMBOL_DIR}/PL Capacitor Electrolytic/Datasheets/159pulsi.pdf,D25.0xL45.0;P10.0,2.0,4.0,kicad-standard-2pin-snapin,1
generated,220uF_500V_MAL215919221E3,Vishay Beyschlag/Draloric/BC Components,MAL215919221E3,159 PUL-SI,220uF,500V,CP_Radial_D35.0mm_L35.0mm_P10.0mm_SnapIn,CP_Radial_D35.0mm_L35.0mm_P10.0mm_SnapIn.wrl,${PL_SYMBOL_DIR}/PL Capacitor Electrolytic/Datasheets/159pulsi.pdf,D35.0xL35.0;P10.0,2.0,4.0,kicad-standard-2pin-snapin,1
generated,220uF_500V_MAL215929221E3,Vishay Beyschlag/Draloric/BC Components,MAL215929221E3,159 PUL-SI,220uF,500V,CP_Radial_D30.0mm_L45.0mm_P10.0mm_SnapIn,CP_Radial_D30.0mm_L45.0mm_P10.0mm_SnapIn.wrl,${PL_SYMBOL_DIR}/PL Capacitor Electrolytic/Datasheets/159pulsi.pdf,D30.0xL45.0;P10.0,2.0,4.0,kicad-standard-2pin-snapin,1
generated,100uF_450V_MAL215937101E3,Vishay Beyschlag/Draloric/BC Components,MAL215937101E3,159 PUL-SI,100uF,450V,CP_Radial_D22.0mm_L42.0mm_P10.0mm_SnapIn,CP_Radial_D22.0mm_L42.0mm_P10.0mm_SnapIn.wrl,${PL_SYMBOL_DIR}/PL Capacitor Electrolytic/Datasheets/159pulsi.pdf,D22.0xL42.0;P10.0,2.0,4.0,kicad-standard-2pin-snapin,1
generated,220uF_450V_MAL215947221E3,Vishay Beyschlag/Draloric/BC Components,MAL215947221E3,159 PUL-SI,220uF,450V,CP_Radial_D30.0mm_L42.0mm_P10.0mm_SnapIn,CP_Radial_D30.0mm_L42.0mm_P10.0mm_SnapIn.wrl,${PL_SYMBOL_DIR}/PL Capacitor Electrolytic/Datasheets/159pulsi.pdf,D30.0xL42.0;P10.0,2.0,4.0,kicad-standard-2pin-snapin,1
generated,330uF_450V_MAL215947331E3,Vishay Beyschlag/Draloric/BC Components,MAL215947331E3,159 PUL-SI,330uF,450V,CP_Radial_D30.0mm_L52.0mm_P10.0mm_SnapIn,CP_Radial_D30.0mm_L52.0mm_P10.0mm_SnapIn.wrl,${PL_SYMBOL_DIR}/PL Capacitor Electrolytic/Datasheets/159pulsi.pdf,D30.0xL52.0;P10.0,2.0,4.0,kicad-standard-2pin-snapin,1
generated,220uF_450V_MAL215957221E3,Vishay Beyschlag/Draloric/BC Components,MAL215957221E3,159 PUL-SI,220uF,450V,CP_Radial_D35.0mm_L32.0mm_P10.0mm_SnapIn,CP_Radial_D35.0mm_L32.0mm_P10.0mm_SnapIn.wrl,${PL_SYMBOL_DIR}/PL Capacitor Electrolytic/Datasheets/159pulsi.pdf,D35.0xL32.0;P10.0,2.0,4.0,kicad-standard-2pin-snapin,1
generated,470uF_450V_MAL219357471E3,Vishay Beyschlag/Draloric/BC Components,MAL219357471E3,193 PUR-SI,470uF,450V,CP_Radial_D35.0mm_L52.0mm_P10.0mm_SnapIn,CP_Radial_D35.0mm_L52.0mm_P10.0mm_SnapIn.wrl,https://www.vishay.com/docs/28458/193pursi.pdf,D35.0xL52.0;P10.0,2.0,4.0,kicad-standard-2pin-snapin,1
generated,220uF_450V_MAL219367221E3,Vishay Beyschlag/Draloric/BC Components,MAL219367221E3,193 PUR-SI,220uF,450V,CP_Radial_D30.0mm_L37.0mm_P10.0mm_SnapIn,CP_Radial_D30.0mm_L37.0mm_P10.0mm_SnapIn.wrl,https://www.vishay.com/docs/28458/193pursi.pdf,D30.0xL37.0;P10.0,2.0,4.0,kicad-standard-2pin-snapin,1
generated,470uF_500V_MAL219390104E3,Vishay Beyschlag/Draloric/BC Components,MAL219390104E3,193 PUR-SI,470uF,500V,CP_Radial_D35.0mm_L52.0mm_P10.0mm_SnapIn,CP_Radial_D35.0mm_L52.0mm_P10.0mm_SnapIn.wrl,https://www.vishay.com/docs/28407/193pursisolar.pdf,D35.0xL52.0;P10.0,2.0,4.0,kicad-standard-2pin-snapin,1
generated,560uF_500V_MAL219390105E3,Vishay Beyschlag/Draloric/BC Components,MAL219390105E3,193 PUR-SI,560uF,500V,CP_Radial_D35.0mm_L62.0mm_P10.0mm_SnapIn,CP_Radial_D35.0mm_L62.0mm_P10.0mm_SnapIn.wrl,https://www.vishay.com/docs/28407/193pursisolar.pdf,D35.0xL62.0;P10.0,2.0,4.0,kicad-standard-2pin-snapin,1
generated,150uF_450V_MAL219847151E3,Vishay Beyschlag/Draloric/BC Components,MAL219847151E3,198 PHR-SI,150uF,450V,CP_Radial_D25.0mm_L42.0mm_P10.0mm_SnapIn,CP_Radial_D25.0mm_L42.0mm_P10.0mm_SnapIn.wrl,https://www.vishay.com/docs/28339/198phr.pdf,D25.0xL42.0;P10.0,2.0,4.0,kicad-standard-2pin-snapin,1
generated,470uF_450V_MAL225727471E3,Vishay Beyschlag/Draloric/BC Components,MAL225727471E3,257 PRM-SI,470uF,450V,CP_Radial_D35.0mm_L42.0mm_P10.0mm_SnapIn,CP_Radial_D35.0mm_L42.0mm_P10.0mm_SnapIn.wrl,${PL_SYMBOL_DIR}/PL Capacitor Electrolytic/Datasheets/257prm-si.pdf,D35.0xL42.0;P10.0,2.0,4.0,kicad-standard-2pin-snapin,1
generated,680uF_450V_MAL225727681E3,Vishay Beyschlag/Draloric/BC Components,MAL225727681E3,257 PRM-SI,680uF,450V,CP_Radial_D35.0mm_L57.0mm_P10.0mm_SnapIn,CP_Radial_D35.0mm_L57.0mm_P10.0mm_SnapIn.wrl,${PL_SYMBOL_DIR}/PL Capacitor Electrolytic/Datasheets/257prm-si.pdf,D35.0xL57.0;P10.0,2.0,4.0,kicad-standard-2pin-snapin,1
generated,470uF_500V_MAL225729471E3,Vishay Beyschlag/Draloric/BC Components,MAL225729471E3,257 PRM-SI,470uF,500V,CP_Radial_D35.0mm_L47.0mm_P10.0mm_SnapIn,CP_Radial_D35.0mm_L47.0mm_P10.0mm_SnapIn.wrl,${PL_SYMBOL_DIR}/PL Capacitor Electrolytic/Datasheets/257prm-si.pdf,D35.0xL47.0;P10.0,2.0,4.0,kicad-standard-2pin-snapin,1
generated,100uF_450V_MAL225757101E3,Vishay Beyschlag/Draloric/BC Components,MAL225757101E3,257 PRM-SI,100uF,450V,CP_Radial_D22.0mm_L32.0mm_P10.0mm_SnapIn,CP_Radial_D22.0mm_L32.0mm_P10.0mm_SnapIn.wrl,${PL_SYMBOL_DIR}/PL Capacitor Electrolytic/Datasheets/257prm-si.pdf,D22.0xL32.0;P10.0,2.0,4.0,kicad-standard-2pin-snapin,1
generated,150uF_450V_MAL225757151E3,Vishay Beyschlag/Draloric/BC Components,MAL225757151E3,257 PRM-SI,150uF,450V,CP_Radial_D22.0mm_L42.0mm_P10.0mm_SnapIn,CP_Radial_D22.0mm_L42.0mm_P10.0mm_SnapIn.wrl,${PL_SYMBOL_DIR}/PL Capacitor Electrolytic/Datasheets/257prm-si.pdf,D22.0xL42.0;P10.0,2.0,4.0,kicad-standard-2pin-snapin,1
generated,100uF_450V_MAL225957101E3,Vishay Beyschlag/Draloric/BC Components,MAL225957101E3,259 PHM-SI,100uF,450V,CP_Radial_D22.0mm_L32.0mm_P10.0mm_SnapIn,CP_Radial_D22.0mm_L32.0mm_P10.0mm_SnapIn.wrl,${PL_SYMBOL_DIR}/PL Capacitor Electrolytic/Datasheets/259phmsi.pdf,D22.0xL32.0;P10.0,2.0,4.0,kicad-standard-2pin-snapin,1
generated,220uF_450V_MAL225957221E3,Vishay Beyschlag/Draloric/BC Components,MAL225957221E3,259 PHM-SI,220uF,450V,CP_Radial_D25.0mm_L52.0mm_P10.0mm_SnapIn,CP_Radial_D25.0mm_L52.0mm_P10.0mm_SnapIn.wrl,${PL_SYMBOL_DIR}/PL Capacitor Electrolytic/Datasheets/259phmsi.pdf,D25.0xL52.0;P10.0,2.0,4.0,kicad-standard-2pin-snapin,1
generated,330uF_450V_MAL225957331E3,Vishay Beyschlag/Draloric/BC Components,MAL225957331E3,259 PHM-SI,330uF,450V,CP_Radial_D30.0mm_L47.0mm_P10.0mm_SnapIn,CP_Radial_D30.0mm_L47.0mm_P10.0mm_SnapIn.wrl,${PL_SYMBOL_DIR}/PL Capacitor Electrolytic/Datasheets/259phmsi.pdf,D30.0xL47.0;P10.0,2.0,4.0,kicad-standard-2pin-snapin,1
generated,100uF_450V_MAL226917101E3,Vishay Beyschlag/Draloric/BC Components,MAL226917101E3,269 PLT-SI,100uF,450V,CP_Radial_D22.0mm_L32.0mm_P10.0mm_SnapIn,CP_Radial_D22.0mm_L32.0mm_P10.0mm_SnapIn.wrl,https://www.vishay.com/docs/28581/269plt-si.pdf,D22.0xL32.0;P10.0,2.0,4.0,kicad-standard-2pin-snapin,1
generated,330uF_450V_MAL226917331E3,Vishay Beyschlag/Draloric/BC Components,MAL226917331E3,269 PLT-SI,330uF,450V,CP_Radial_D30.0mm_L42.0mm_P10.0mm_SnapIn,CP_Radial_D30.0mm_L42.0mm_P10.0mm_SnapIn.wrl,https://www.vishay.com/docs/28581/269plt-si.pdf,D30.0xL42.0;P10.0,2.0,4.0,kicad-standard-2pin-snapin,1
generated,470uF_450V_MAL226917471E3,Vishay Beyschlag/Draloric/BC Components,MAL226917471E3,269 PLT-SI,470uF,450V,CP_Radial_D35.0mm_L47.0mm_P10.0mm_SnapIn,CP_Radial_D35.0mm_L47.0mm_P10.0mm_SnapIn.wrl,https://www.vishay.com/docs/28581/269plt-si.pdf,D35.0xL47.0;P10.0,2.0,4.0,kicad-standard-2pin-snapin,1
generated,470uF_500V_MAL226919471E3,Vishay Beyschlag/Draloric/BC Components,MAL226919471E3,269 PLT-SI,470uF,500V,CP_Radial_D35.0mm_L47.0mm_P10.0mm_SnapIn,CP_Radial_D35.0mm_L47.0mm_P10.0mm_SnapIn.wrl,https://www.vishay.com/docs/28581/269plt-si.pdf,D35.0xL47.0;P10.0,2.0,4.0,kicad-standard-2pin-snapin,1
generated,220uF_450V_MAL226937221E3,Vishay Beyschlag/Draloric/BC Components,MAL226937221E3,269 PLT-SI,220uF,450V,CP_Radial_D30.0mm_L32.0mm_P10.0mm_SnapIn,CP_Radial_D30.0mm_L32.0mm_P10.0mm_SnapIn.wrl,https://www.vishay.com/docs/28581/269plt-si.pdf,D30.0xL32.0;P10.0,2.0,4.0,kicad-standard-2pin-snapin,1
generated,150uF_500V_MAL226939151E3,Vishay Beyschlag/Draloric/BC Components,MAL226939151E3,269 PLT-SI,150uF,500V,CP_Radial_D25.0mm_L37.0mm_P10.0mm_SnapIn,CP_Radial_D25.0mm_L37.0mm_P10.0mm_SnapIn.wrl,https://www.vishay.com/docs/28581/269plt-si.pdf,D25.0xL37.0;P10.0,2.0,4.0,kicad-standard-2pin-snapin,1
generated,470uF_450V_PEH532YDG3470M2,KEMET,PEH532YDG3470M2,PEH532,470uF,450V,CP_Radial_D35.0mm_L52.0mm_P10.0mm_SnapIn,CP_Radial_D35.0mm_L52.0mm_P10.0mm_SnapIn.wrl,https://yageogroup.com/content/datasheet/asset/file/KEM_A4023_PEH532,D35.0xL52.0;P10.0,2.0,4.0,kicad-standard-2pin-snapin,1
generated,220uF_450V_PEH534YDC3220M2,KEMET,PEH534YDC3220M2,PEH534,220uF,450V,CP_Radial_D35.0mm_L30.0mm_P10.0mm_SnapIn,CP_Radial_D35.0mm_L30.0mm_P10.0mm_SnapIn.wrl,${PL_SYMBOL_DIR}/PL Capacitor Electrolytic/Datasheets/KEM_A4024_PEH534.pdf,D35.0xL30.0;P10.0,2.0,4.0,kicad-standard-2pin-snapin,1
generated,470uF_450V_PEH534YDG3470M2,KEMET,PEH534YDG3470M2,PEH534,470uF,450V,CP_Radial_D35.0mm_L50.0mm_P10.0mm_SnapIn,CP_Radial_D35.0mm_L50.0mm_P10.0mm_SnapIn.wrl,${PL_SYMBOL_DIR}/PL Capacitor Electrolytic/Datasheets/KEM_A4024_PEH534.pdf,D35.0xL50.0;P10.0,2.0,4.0,kicad-standard-2pin-snapin,1
generated,180uF_450V_SLPX181M450E1P3,Cornell Dubilier Knowles,SLPX181M450E1P3,SLPX,180uF,450V,CP_Radial_D30.0mm_L25.0mm_P10.0mm_SnapIn,CP_Radial_D30.0mm_L25.0mm_P10.0mm_SnapIn.wrl,${PL_SYMBOL_DIR}/PL Capacitor Electrolytic/Datasheets/SLPX.pdf,D30.0xL25.0;P10.0,2.0,4.0,kicad-standard-2pin-snapin,1
generated,220uF_450V_SLPX221M450C7P3,Cornell Dubilier Knowles,SLPX221M450C7P3,SLPX,220uF,450V,CP_Radial_D25.0mm_L40.0mm_P10.0mm_SnapIn,CP_Radial_D25.0mm_L40.0mm_P10.0mm_SnapIn.wrl,${PL_SYMBOL_DIR}/PL Capacitor Electrolytic/Datasheets/SLPX.pdf,D25.0xL40.0;P10.0,2.0,4.0,kicad-standard-2pin-snapin,1
generated,220uF_450V_SLPX221M450H3P3,Cornell Dubilier Knowles,SLPX221M450H3P3,SLPX,220uF,450V,CP_Radial_D35.0mm_L30.0mm_P10.0mm_SnapIn,CP_Radial_D35.0mm_L30.0mm_P10.0mm_SnapIn.wrl,${PL_SYMBOL_DIR}/PL Capacitor Electrolytic/Datasheets/SLPX.pdf,D35.0xL30.0;P10.0,2.0,4.0,kicad-standard-2pin-snapin,1
generated,270uF_450V_SLPX271M450E3P3,Cornell Dubilier Knowles,SLPX271M450E3P3,SLPX,270uF,450V,CP_Radial_D30.0mm_L30.0mm_P10.0mm_SnapIn,CP_Radial_D30.0mm_L30.0mm_P10.0mm_SnapIn.wrl,${PL_SYMBOL_DIR}/PL Capacitor Electrolytic/Datasheets/SLPX.pdf,D30.0xL30.0;P10.0,2.0,4.0,kicad-standard-2pin-snapin,1
generated,100uF_450V_SNAH25111M450BK,KYOCERA AVX,SNAH25111M450BK,SNA,100uF,450V,CP_Radial_D25.0mm_L27.0mm_P10.0mm_SnapIn,CP_Radial_D25.0mm_L27.0mm_P10.0mm_SnapIn.wrl,https://datasheets.kyocera-avx.com/SNA-Series.pdf,D25.0xL27.0;P10.0,2.0,4.0,kicad-standard-2pin-snapin,1
generated,140uF_450V_UBR2W141MND,Nichicon,UBR2W141MND,UBR,140uF,450V,CP_Radial_D18.0mm_L42.0mm_P7.5mm,CP_Radial_D18.0mm_L42.0mm_P7.5mm.wrl,https://www.nichicon.co.jp/english/series_items/catalog_pdf/e-ubr.pdf,D18.0xL42.0;P7.5,1.0,1.8,kicad-standard-fallback,1
generated,180uF_450V_UBR2W181MND,Nichicon,UBR2W181MND,UBR,180uF,450V,CP_Radial_D18.0mm_L52.0mm_P7.5mm,CP_Radial_D18.0mm_L52.0mm_P7.5mm.wrl,https://www.nichicon.co.jp/english/series_items/catalog_pdf/e-ubr.pdf,D18.0xL52.0;P7.5,1.0,1.8,kicad-standard-fallback,1
generated,120uF_450V_UCP2W121MHD,Nichicon,UCP2W121MHD,UCP,120uF,450V,CP_Radial_D16.0mm_L42.0mm_P7.5mm,CP_Radial_D16.0mm_L42.0mm_P7.5mm.wrl,${PL_SYMBOL_DIR}/PL Capacitor Electrolytic/Datasheets/e-ucp.pdf,D16.0xL42.0;P7.5,1.0,1.8,supplied-manufacturer-table,1
generated,180uF_450V_UCP2W181MHD,Nichicon,UCP2W181MHD,UCP,180uF,450V,CP_Radial_D18.0mm_L48.0mm_P7.5mm,CP_Radial_D18.0mm_L48.0mm_P7.5mm.wrl,${PL_SYMBOL_DIR}/PL Capacitor Electrolytic/Datasheets/e-ucp.pdf,D18.0xL48.0;P7.5,1.0,1.8,supplied-manufacturer-table,1
generated,100uF_450V_UCY2W101MHD,Nichicon,UCY2W101MHD,UCY,100uF,450V,CP_Radial_D18.0mm_L37.0mm_P7.5mm,CP_Radial_D18.0mm_L37.0mm_P7.5mm.wrl,${PL_SYMBOL_DIR}/PL Capacitor Electrolytic/Datasheets/e-ucy.pdf,D18.0xL37.0;P7.5,1.0,1.8,supplied-manufacturer-table,1
generated,120uF_450V_UTF2W121MND,Nichicon,UTF2W121MND,UTF,120uF,450V,CP_Radial_D18.0mm_L38.0mm_P7.5mm,CP_Radial_D18.0mm_L38.0mm_P7.5mm.wrl,https://www.nichicon.co.jp/english/series_items/catalog_pdf/e-utf.pdf,D18.0xL38.0;P7.5,1.0,1.8,kicad-standard-fallback,1
generated,100uF_450V_UTH2W101MND6,Nichicon,UTH2W101MND6,UTH,100uF,450V,CP_Radial_D18.0mm_L28.0mm_P7.5mm,CP_Radial_D18.0mm_L28.0mm_P7.5mm.wrl,https://www.nichicon.co.jp/english/series_items/catalog_pdf/e-uth.pdf,D18.0xL28.0;P7.5,1.0,1.8,kicad-standard-fallback,1
generated,120uF_450V_UTH2W121MND,Nichicon,UTH2W121MND,UTH,120uF,450V,CP_Radial_D16.0mm_L38.0mm_P7.5mm,CP_Radial_D16.0mm_L38.0mm_P7.5mm.wrl,https://www.nichicon.co.jp/english/series_items/catalog_pdf/e-uth.pdf,D16.0xL38.0;P7.5,1.0,1.8,kicad-standard-fallback,1
generated,130uF_450V_UTH2W131MND,Nichicon,UTH2W131MND,UTH,130uF,450V,CP_Radial_D16.0mm_L42.0mm_P7.5mm,CP_Radial_D16.0mm_L42.0mm_P7.5mm.wrl,https://www.nichicon.co.jp/english/series_items/catalog_pdf/e-uth.pdf,D16.0xL42.0;P7.5,1.0,1.8,kicad-standard-fallback,1
generated,140uF_450V_UTH2W141MND,Nichicon,UTH2W141MND,UTH,140uF,450V,CP_Radial_D18.0mm_L38.0mm_P7.5mm,CP_Radial_D18.0mm_L38.0mm_P7.5mm.wrl,https://www.nichicon.co.jp/english/series_items/catalog_pdf/e-uth.pdf,D18.0xL38.0;P7.5,1.0,1.8,kicad-standard-fallback,1
rejected_or_unsupported,,Rubycon,500MXK120MEFCSN22X30,MXK,120uF,500V,,,${PL_SYMBOL_DIR}/PL Capacitor Electrolytic/Datasheets/MXK.pdf,D22.0xL32.0;P10.0,2.0,4.0,kicad-standard-2pin-snapin,1
rejected_or_unsupported,,KEMET,ALA7DA301CC450,ALA7D,300uF,450V,,,https://yageogroup.com/content/datasheet/asset/file/KEM_A4079_ALA7D,,,,,1
rejected_or_unsupported,,KEMET,ALA7DA331CE500,ALA7D,330uF,500V,,,https://yageogroup.com/content/datasheet/asset/file/KEM_A4079_ALA7D,,,,,1
rejected_or_unsupported,,KEMET,ALA7DA331DC500,ALA7D,330uF,500V,,,https://yageogroup.com/content/datasheet/asset/file/KEM_A4079_ALA7D,,,,,1
rejected_or_unsupported,,KEMET,ALA7DA391CF500,ALA7D,390uF,500V,,,https://yageogroup.com/content/datasheet/asset/file/KEM_A4079_ALA7D,,,,,1
rejected_or_unsupported,,KEMET,ALA7DA391DC450,ALA7D,390uF,450V,,,https://yageogroup.com/content/datasheet/asset/file/KEM_A4079_ALA7D,,,,,1
rejected_or_unsupported,,KEMET,ALA7DA561DE450,ALA7D,560uF,450V,,,https://yageogroup.com/content/datasheet/asset/file/KEM_A4079_ALA7D,,,,,1
rejected_or_unsupported,,KEMET,ALA8DA241CD500,ALA8D,240uF,500V,,,https://yageogroup.com/content/datasheet/asset/file/KEM_A4080_ALA8D,,,,,1
rejected_or_unsupported,,KEMET,ALA8DA361DE500,ALA8D,360uF,500V,,,https://yageogroup.com/content/datasheet/asset/file/KEM_A4080_ALA8D,,,,,1
rejected_or_unsupported,,KEMET,ALA8DF301DD500,ALA8D,300uF,500V,,,https://yageogroup.com/content/datasheet/asset/file/KEM_A4080_ALA8D,,,,,1
rejected_or_unsupported,,KEMET,ALA8DF431CF450,ALA8D,430uF,450V,,,https://yageogroup.com/content/datasheet/asset/file/KEM_A4080_ALA8D,,,,,1
rejected_or_unsupported,,TDK,B43640B5567M000,B43640,560uF,450V,,,https://www.tdk-electronics.tdk.com/inf/20/30/db/aec/B43640.pdf,,,,,1
rejected_or_unsupported,,Chemi-Con,E91D451VSN681MA65U,U91D,680uF,450V,,,,D35.0xL67.5;P10.0,2.0,4.0,kicad-standard-2pin-snapin,1
rejected_or_unsupported,,Chemi-Con,E91D501VSN471MA65U,U91D,470uF,500V,,,,D35.0xL67.5;P10.0,2.0,4.0,kicad-standard-2pin-snapin,1
rejected_or_unsupported,,Chemi-Con,E93E501VSN471MA65U,U93E,470uF,500V,,,,D35.0xL67.5;P10.0,2.0,4.0,kicad-standard-2pin-snapin,1
rejected_or_unsupported,,Chemi-Con,EKXN451ELL181MM45S,KXN,180uF,450V,,,,D18.0xL47.0;P7.5,1.0,1.8,kicad-standard-fallback,1
rejected_or_unsupported,,Vishay Beyschlag/Draloric/BC Components,MAL215757471E3,157 PUM-SI,470uF,450V,,,${PL_SYMBOL_DIR}/PL Capacitor Electrolytic/Datasheets/157pumsi.pdf,D35.0xL52.0;P10.0,2.0,4.0,kicad-standard-2pin-snapin,1
rejected_or_unsupported,,Cornell Dubilier Knowles,SLP101M450A3P3,SLP0712TE (750W),100uF,450V,,,${PL_SYMBOL_DIR}/PL Capacitor Electrolytic/Datasheets/SLP.pdf,D22.0xL30.0;P10.0,2.0,4.0,kicad-standard-2pin-snapin,1
rejected_or_unsupported,,Cornell Dubilier Knowles,SLP221M450E3P3,SLP0712TE (750W),220uF,450V,,,${PL_SYMBOL_DIR}/PL Capacitor Electrolytic/Datasheets/SLP.pdf,D30.0xL30.0;P10.0,2.0,4.0,kicad-standard-2pin-snapin,1
rejected_or_unsupported,,Cornell Dubilier Knowles,SLP331M450H5P3,SLP0712TE (750W),330uF,450V,,,${PL_SYMBOL_DIR}/PL Capacitor Electrolytic/Datasheets/SLP.pdf,D35.0xL35.0;P10.0,2.0,4.0,kicad-standard-2pin-snapin,1
rejected_or_unsupported,,Nichicon,UPZ2W101MHD,UPZ,100uF,450V,,,${PL_SYMBOL_DIR}/PL Capacitor Electrolytic/Datasheets/e-upz.pdf,D18.0xL37.5;P7.5,1.0,1.8,supplied-manufacturer-table,1
