ISO-10303-21;
HEADER;
FILE_DESCRIPTION (( 'STEP AP214' ),
    '1' );
FILE_NAME ('NTT2023N065M3S.STEP',
    '2026-10-08T04:33:02',
    ( '' ),
    ( '' ),
    'SwSTEP 2.0',
    'SolidWorks 2021',
    '' );
FILE_SCHEMA (( 'AUTOMOTIVE_DESIGN' ));
ENDSEC;

DATA;
#1 = FACE_OUTER_BOUND ( 'NONE', #2183, .T. ) ;
#2 = CARTESIAN_POINT ( 'NONE',  ( 6.150000000000001243, 3.229999999999999982, -6.199999999999999289 ) ) ;
#3 = VERTEX_POINT ( 'NONE', #5360 ) ;
#4 = CARTESIAN_POINT ( 'NONE',  ( -4.294608113321960907, 1.649999999999999245, -5.680000000000001492 ) ) ;
#5 = VECTOR ( 'NONE', #3920, 1000.000000000000000 ) ;
#6 = ADVANCED_FACE ( 'NONE', ( #2476 ), #7428, .T. ) ;
#7 = ADVANCED_FACE ( 'NONE', ( #1939 ), #467, .T. ) ;
#8 = CARTESIAN_POINT ( 'NONE',  ( 6.238607719548550534, 3.229999999999999982, 0.9999999999999995559 ) ) ;
#9 = SHAPE_REPRESENTATION ( 'NTT2023N065M3S', ( #6727 ), #5561 ) ;
#10 = CARTESIAN_POINT ( 'NONE',  ( -4.344608113321960730, 1.650000000000000133, 5.680000000000001492 ) ) ;
#11 = ORIENTED_EDGE ( 'NONE', *, *, #274, .T. ) ;
#12 = ORIENTED_EDGE ( 'NONE', *, *, #2881, .T. ) ;
#13 = DIRECTION ( 'NONE',  ( -0.000000000000000000, -0.000000000000000000, -1.000000000000000000 ) ) ;
#14 = ORIENTED_EDGE ( 'NONE', *, *, #7582, .T. ) ;
#15 = LINE ( 'NONE', #3346, #1612 ) ;
#16 = ADVANCED_FACE ( 'NONE', ( #8842 ), #416, .T. ) ;
#17 = COLOUR_RGB ( '',0.7921568627450980005, 0.8196078431372548767, 0.9333333333333333481 ) ;
#19 = CARTESIAN_POINT ( 'NONE',  ( -2.049999999999997602, 3.229999999999999982, -5.799999999999998934 ) ) ;
#18 = LINE ( 'NONE', #1449, #7384 ) ;
#20 = VECTOR ( 'NONE', #5440, 1000.000000000000000 ) ;
#21 = PLANE ( 'NONE',  #8802 ) ;
#22 = ADVANCED_FACE ( 'NONE', ( #1794 ), #1101, .T. ) ;
#23 = ORIENTED_EDGE ( 'NONE', *, *, #6098, .F. ) ;
#24 = VECTOR ( 'NONE', #8178, 1000.000000000000000 ) ;
#25 = ORIENTED_EDGE ( 'NONE', *, *, #4222, .T. ) ;
#26 = VERTEX_POINT ( 'NONE', #2758 ) ;
#27 = PLANE ( 'NONE',  #6220 ) ;
#28 = VECTOR ( 'NONE', #4502, 1000.000000000000000 ) ;
#29 = AXIS2_PLACEMENT_3D ( 'NONE', #4844, #2908, #5694 ) ;
#30 = CARTESIAN_POINT ( 'NONE',  ( 3.774478171836572304, 3.097809730695487474E-17, 6.965121763127935850 ) ) ;
#31 = CARTESIAN_POINT ( 'NONE',  ( 6.238607719548550534, 3.229999999999999982, -1.500000000000000000 ) ) ;
#32 = EDGE_CURVE ( 'NONE', #8932, #2769, #3518, .T. ) ;
#33 = VERTEX_POINT ( 'NONE', #3336 ) ;
#34 = FILL_AREA_STYLE_COLOUR ( '', #3804 ) ;
#35 = VECTOR ( 'NONE', #989, 1000.000000000000000 ) ;
#36 = VERTEX_POINT ( 'NONE', #4860 ) ;
#37 = AXIS2_PLACEMENT_3D ( 'NONE', #3426, #2754, #8933 ) ;
#38 = CARTESIAN_POINT ( 'NONE',  ( -5.729759561962193715, 1.149999999999999689, 2.840000000000000302 ) ) ;
#39 = CARTESIAN_POINT ( 'NONE',  ( -5.729759561962193715, 1.149999999999999689, 0.3749999999999994449 ) ) ;
#40 =( NAMED_UNIT ( * ) SI_UNIT ( $, .STERADIAN. ) SOLID_ANGLE_UNIT ( ) );
#41 = DIRECTION ( 'NONE',  ( -1.000000000000000000, 0.000000000000000000, 0.000000000000000000 ) ) ;
#42 = PLANE ( 'NONE',  #4913 ) ;
#43 = CARTESIAN_POINT ( 'NONE',  ( -6.162772263854414234, 0.8999999999999971356, -4.185000000000000497 ) ) ;
#44 = AXIS2_PLACEMENT_3D ( 'NONE', #8506, #7691, #47 ) ;
#45 = CIRCLE ( 'NONE', #5005, 1.250000000000000000 ) ;
#46 = ORIENTED_EDGE ( 'NONE', *, *, #8138, .F. ) ;
#47 = DIRECTION ( 'NONE',  ( -0.06975647374412444202, 0.9975640502598243087, 0.000000000000000000 ) ) ;
#48 = ORIENTED_EDGE ( 'NONE', *, *, #8402, .T. ) ;
#49 = ORIENTED_EDGE ( 'NONE', *, *, #3813, .T. ) ;
#50 = LINE ( 'NONE', #9030, #1403 ) ;
#51 = PRESENTATION_LAYER_ASSIGNMENT (  '', '', ( #7940 ) ) ;
#52 = CARTESIAN_POINT ( 'NONE',  ( -0.04484046576840968606, 0.6412485357495464333, -3.510000000000000231 ) ) ;
#53 = ORIENTED_EDGE ( 'NONE', *, *, #5332, .F. ) ;
#54 = DIRECTION ( 'NONE',  ( 0.9975640502598243087, 0.06975647374412444202, -0.000000000000000000 ) ) ;
#55 = DIRECTION ( 'NONE',  ( 0.000000000000000000, 1.000000000000000000, 0.000000000000000000 ) ) ;
#56 = CARTESIAN_POINT ( 'NONE',  ( 5.700000000000001066, 3.729999999999999982, 5.749999999999999112 ) ) ;
#57 = EDGE_CURVE ( 'NONE', #7651, #1024, #4210, .T. ) ;
#58 = VERTEX_POINT ( 'NONE', #6924 ) ;
#59 = CARTESIAN_POINT ( 'NONE',  ( -4.750000000000004441, 1.649999999999999911, -4.919582860152539538 ) ) ;
#60 = ORIENTED_EDGE ( 'NONE', *, *, #2934, .F. ) ;
#61 = DIRECTION ( 'NONE',  ( -0.000000000000000000, -0.000000000000000000, -1.000000000000000000 ) ) ;
#63 = DIRECTION ( 'NONE',  ( -3.614007241618348278E-16, 0.000000000000000000, -1.000000000000000000 ) ) ;
#62 = CARTESIAN_POINT ( 'NONE',  ( -6.595784965746635642, 1.149999999999994138, 4.184999999999999609 ) ) ;
#64 = CARTESIAN_POINT ( 'NONE',  ( 8.990000000000001990, 3.729999999999999982, -1.500000000000000000 ) ) ;
#65 = ORIENTED_EDGE ( 'NONE', *, *, #5999, .F. ) ;
#66 = EDGE_CURVE ( 'NONE', #1911, #1401, #701, .T. ) ;
#67 = EDGE_CURVE ( 'NONE', #1476, #5984, #50, .T. ) ;
#68 = EDGE_LOOP ( 'NONE', ( #4920, #1820, #8597, #2902 ) ) ;
#69 = ORIENTED_EDGE ( 'NONE', *, *, #6007, .F. ) ;
#70 = VECTOR ( 'NONE', #1923, 1000.000000000000000 ) ;
#71 = PRESENTATION_STYLE_ASSIGNMENT (( #677 ) ) ;
#72 = VECTOR ( 'NONE', #8350, 1000.000000000000227 ) ;
#73 = DIRECTION ( 'NONE',  ( 0.000000000000000000, 0.000000000000000000, 1.000000000000000000 ) ) ;
#74 = DIRECTION ( 'NONE',  ( 0.000000000000000000, -1.000000000000000000, 0.000000000000000000 ) ) ;
#75 = CARTESIAN_POINT ( 'NONE',  ( -4.688607719548555153, 1.149999999999999911, -0.9699999999999999734 ) ) ;
#76 = EDGE_CURVE ( 'NONE', #5506, #5101, #8940, .T. ) ;
#77 = ORIENTED_EDGE ( 'NONE', *, *, #5318, .F. ) ;
#78 = DIRECTION ( 'NONE',  ( 0.1218693434051425356, -0.9925461516413225382, 0.000000000000000000 ) ) ;
#79 = STYLED_ITEM ( 'NONE', ( #6764 ), #1249 ) ;
#80 = DIRECTION ( 'NONE',  ( 1.000000000000000000, -0.000000000000000000, -0.000000000000000000 ) ) ;
#81 = ORIENTED_EDGE ( 'NONE', *, *, #2048, .F. ) ;
#82 = VECTOR ( 'NONE', #3087, 1000.000000000000000 ) ;
#83 = DIRECTION ( 'NONE',  ( 0.000000000000000000, 1.000000000000000000, 0.000000000000000000 ) ) ;
#84 = SHAPE_REPRESENTATION_RELATIONSHIP ( 'NONE' , 'NONE' ,  #9, #2033 ) ;
#85 = EDGE_CURVE ( 'NONE', #6016, #8198, #8387, .T. ) ;
#86 = DIRECTION ( 'NONE',  ( -2.891205793294679312E-16, 0.000000000000000000, -1.000000000000000000 ) ) ;
#87 = DIRECTION ( 'NONE',  ( -1.000000000000000000, 0.000000000000000000, -3.614007241618347785E-16 ) ) ;
#88 = AXIS2_PLACEMENT_3D ( 'NONE', #746, #4260, #5591 ) ;
#89 = ORIENTED_EDGE ( 'NONE', *, *, #7113, .T. ) ;
#90 = DIRECTION ( 'NONE',  ( -3.614007241618348278E-16, 0.000000000000000000, -1.000000000000000000 ) ) ;
#91 = ORIENTED_EDGE ( 'NONE', *, *, #4779, .F. ) ;
#92 = VECTOR ( 'NONE', #239, 999.9999999999998863 ) ;
#93 = ORIENTED_EDGE ( 'NONE', *, *, #3239, .T. ) ;
#94 = DIRECTION ( 'NONE',  ( 0.000000000000000000, 1.000000000000000000, 0.000000000000000000 ) ) ;
#95 = DIRECTION ( 'NONE',  ( 0.9975640502598243087, 0.06975647374412492774, 0.000000000000000000 ) ) ;
#96 = ORIENTED_EDGE ( 'NONE', *, *, #6863, .F. ) ;
#97 = LINE ( 'NONE', #8778, #6433 ) ;
#98 = EDGE_CURVE ( 'NONE', #1561, #4929, #656, .T. ) ;
#99 = DIRECTION ( 'NONE',  ( -0.000000000000000000, -0.000000000000000000, -1.000000000000000000 ) ) ;
#100 = DIRECTION ( 'NONE',  ( -0.000000000000000000, -0.000000000000000000, -1.000000000000000000 ) ) ;
#101 = EDGE_LOOP ( 'NONE', ( #4979, #8023, #4834, #2488 ) ) ;
#102 = DIRECTION ( 'NONE',  ( 0.000000000000000000, -1.000000000000000000, 0.000000000000000000 ) ) ;
#103 = EDGE_LOOP ( 'NONE', ( #3511, #5037, #6050, #4741 ) ) ;
#104 = FACE_OUTER_BOUND ( 'NONE', #7556, .T. ) ;
#106 = CARTESIAN_POINT ( 'NONE',  ( 5.050000000000002487, 3.229999999999999982, -5.800000000000000711 ) ) ;
#105 = PLANE ( 'NONE',  #674 ) ;
#107 = CIRCLE ( 'NONE', #6251, 0.5000000000000004441 ) ;
#108 = PLANE ( 'NONE',  #5437 ) ;
#109 = ORIENTED_EDGE ( 'NONE', *, *, #247, .T. ) ;
#110 = ORIENTED_EDGE ( 'NONE', *, *, #7723, .T. ) ;
#111 = ORIENTED_EDGE ( 'NONE', *, *, #172, .T. ) ;
#112 = DIRECTION ( 'NONE',  ( 0.9975640502598243087, 0.06975647374412444202, -0.000000000000000000 ) ) ;
#113 = EDGE_CURVE ( 'NONE', #2587, #1609, #8530, .T. ) ;
#114 = EDGE_CURVE ( 'NONE', #2663, #8932, #4943, .T. ) ;
#115 = CARTESIAN_POINT ( 'NONE',  ( -0.07971870264047217769, 1.140030560879458754, -3.510000000000000231 ) ) ;
#116 = CARTESIAN_POINT ( 'NONE',  ( -5.729759561962193715, 1.149999999999999689, 2.915000000000000036 ) ) ;
#117 = FACE_OUTER_BOUND ( 'NONE', #3881, .T. ) ;
#118 = ORIENTED_EDGE ( 'NONE', *, *, #7158, .T. ) ;
#119 = DIRECTION ( 'NONE',  ( 1.000000000000000000, 0.000000000000000000, 0.000000000000000000 ) ) ;
#120 = VERTEX_POINT ( 'NONE', #8986 ) ;
#121 = CARTESIAN_POINT ( 'NONE',  ( -1.298188117465176816, -2.248527777231911884, 1.570000000000000284 ) ) ;
#122 = ORIENTED_EDGE ( 'NONE', *, *, #446, .F. ) ;
#123 = ADVANCED_FACE ( 'NONE', ( #1 ), #8339, .T. ) ;
#124 = DIRECTION ( 'NONE',  ( -0.000000000000000000, -0.000000000000000000, 1.000000000000000000 ) ) ;
#125 = LINE ( 'NONE', #733, #8864 ) ;
#126 = CARTESIAN_POINT ( 'NONE',  ( -5.729759561962193715, 1.149999999999999689, 2.165000000000000036 ) ) ;
#127 = VERTEX_POINT ( 'NONE', #1390 ) ;
#128 = DIRECTION ( 'NONE',  ( 0.000000000000000000, -0.9925461516413227603, -0.1218693434051408425 ) ) ;
#129 = ADVANCED_FACE ( 'NONE', ( #4815 ), #7009, .T. ) ;
#130 = ORIENTED_EDGE ( 'NONE', *, *, #570, .F. ) ;
#131 = ORIENTED_EDGE ( 'NONE', *, *, #5269, .T. ) ;
#132 = CARTESIAN_POINT ( 'NONE',  ( -3.994608113321959753, 3.794707603699265519E-16, -6.603405868283640068 ) ) ;
#133 = PLANE ( 'NONE',  #5275 ) ;
#134 = EDGE_LOOP ( 'NONE', ( #6447, #3662, #6459, #1563, #8372, #3782 ) ) ;
#135 = FACE_OUTER_BOUND ( 'NONE', #836, .T. ) ;
#136 = VECTOR ( 'NONE', #3389, 1000.000000000000000 ) ;
#137 = DIRECTION ( 'NONE',  ( -1.000000000000000000, -0.000000000000000000, 0.000000000000000000 ) ) ;
#138 = EDGE_CURVE ( 'NONE', #4316, #376, #2844, .T. ) ;
#139 = LINE ( 'NONE', #7100, #1267 ) ;
#140 = EDGE_CURVE ( 'NONE', #2312, #5073, #4032, .T. ) ;
#141 = AXIS2_PLACEMENT_3D ( 'NONE', #6198, #6798, #4000 ) ;
#142 = ORIENTED_EDGE ( 'NONE', *, *, #3531, .T. ) ;
#143 = CARTESIAN_POINT ( 'NONE',  ( -6.309978747059014736, 0.6450308918860931939, -2.915000000000000036 ) ) ;
#144 = ORIENTED_EDGE ( 'NONE', *, *, #403, .F. ) ;
#145 = DIRECTION ( 'NONE',  ( -0.8660254037844407060, 0.4999999999999966138, 0.000000000000000000 ) ) ;
#146 = VECTOR ( 'NONE', #3928, 1000.000000000000000 ) ;
#147 = VECTOR ( 'NONE', #7918, 1000.000000000000000 ) ;
#149 = DIRECTION ( 'NONE',  ( 1.000000000000000000, 0.000000000000000000, 0.000000000000000000 ) ) ;
#148 = DIRECTION ( 'NONE',  ( -0.9975640502598243087, -0.06975647374412492774, 0.000000000000000000 ) ) ;
#150 = ORIENTED_EDGE ( 'NONE', *, *, #5090, .T. ) ;
#151 = ORIENTED_EDGE ( 'NONE', *, *, #5166, .F. ) ;
#152 = ORIENTED_EDGE ( 'NONE', *, *, #67, .F. ) ;
#153 = AXIS2_PLACEMENT_3D ( 'NONE', #3522, #55, #2170 ) ;
#154 = CARTESIAN_POINT ( 'NONE',  ( -7.176004150843455776, 1.145030891886088309, -3.510000000000000231 ) ) ;
#155 = LINE ( 'NONE', #4325, #2891 ) ;
#156 = CARTESIAN_POINT ( 'NONE',  ( -5.729759561962193715, 1.149999999999999689, 1.570000000000000284 ) ) ;
#157 = ORIENTED_EDGE ( 'NONE', *, *, #4037, .T. ) ;
#158 = DIRECTION ( 'NONE',  ( -0.4999999999999965583, -0.8660254037844405950, 0.000000000000000000 ) ) ;
#159 = VECTOR ( 'NONE', #609, 1000.000000000000114 ) ;
#160 = ORIENTED_EDGE ( 'NONE', *, *, #3255, .F. ) ;
#161 = PLANE ( 'NONE',  #489 ) ;
#162 = EDGE_CURVE ( 'NONE', #7735, #2914, #2563, .T. ) ;
#163 = EDGE_CURVE ( 'NONE', #7589, #8076, #1344, .T. ) ;
#164 = SHAPE_DEFINITION_REPRESENTATION ( #8210, #9 ) ;
#165 = VECTOR ( 'NONE', #435, 1000.000000000000000 ) ;
#166 = CARTESIAN_POINT ( 'NONE',  ( -7.141125913971392514, 0.6462488667561758771, -0.9699999999999999734 ) ) ;
#167 = LINE ( 'NONE', #6402, #3018 ) ;
#168 = DIRECTION ( 'NONE',  ( 1.000000000000000000, 0.000000000000000000, -2.891205793294679312E-16 ) ) ;
#169 = ORIENTED_EDGE ( 'NONE', *, *, #3802, .F. ) ;
#170 = CARTESIAN_POINT ( 'NONE',  ( -2.049999999999997602, 3.229999999999999982, -5.799999999999998934 ) ) ;
#171 = VECTOR ( 'NONE', #5186, 1000.000000000000000 ) ;
#172 = EDGE_CURVE ( 'NONE', #6841, #1941, #5631, .T. ) ;
#173 = EDGE_LOOP ( 'NONE', ( #3854, #7245, #4265, #6135, #516, #7992, #8119 ) ) ;
#174 = VERTEX_POINT ( 'NONE', #4123 ) ;
#175 = EDGE_CURVE ( 'NONE', #3762, #8428, #8430, .T. ) ;
#176 = LINE ( 'NONE', #2966, #3238 ) ;
#177 = FACE_OUTER_BOUND ( 'NONE', #3069, .T. ) ;
#178 = ORIENTED_EDGE ( 'NONE', *, *, #2585, .F. ) ;
#179 = DIRECTION ( 'NONE',  ( 0.000000000000000000, 1.000000000000000000, 0.000000000000000000 ) ) ;
#180 = EDGE_CURVE ( 'NONE', #8424, #7802, #262, .T. ) ;
#181 = VECTOR ( 'NONE', #6584, 1000.000000000000114 ) ;
#182 = CARTESIAN_POINT ( 'NONE',  ( 6.988607719548549646, 3.229999999999999982, 0.000000000000000000 ) ) ;
#183 = AXIS2_PLACEMENT_3D ( 'NONE', #8985, #1983, #5660 ) ;
#184 = FACE_OUTER_BOUND ( 'NONE', #7073, .T. ) ;
#185 = ORIENTED_EDGE ( 'NONE', *, *, #5620, .F. ) ;
#186 = EDGE_CURVE ( 'NONE', #6738, #2985, #176, .T. ) ;
#187 = PRESENTATION_LAYER_ASSIGNMENT (  '', '', ( #1957 ) ) ;
#188 = VERTEX_POINT ( 'NONE', #1524 ) ;
#189 = FACE_OUTER_BOUND ( 'NONE', #722, .T. ) ;
#190 = ORIENTED_EDGE ( 'NONE', *, *, #2776, .T. ) ;
#191 = LINE ( 'NONE', #4998, #5690 ) ;
#192 = EDGE_CURVE ( 'NONE', #8617, #3046, #909, .T. ) ;
#193 = VECTOR ( 'NONE', #1557, 999.9999999999998863 ) ;
#195 = FACE_OUTER_BOUND ( 'NONE', #2706, .T. ) ;
#194 = DIRECTION ( 'NONE',  ( 0.000000000000000000, -0.000000000000000000, 1.000000000000000000 ) ) ;
#196 = ORIENTED_EDGE ( 'NONE', *, *, #7261, .F. ) ;
#197 = ORIENTED_EDGE ( 'NONE', *, *, #5377, .T. ) ;
#198 = VERTEX_POINT ( 'NONE', #8512 ) ;
#199 = DIRECTION ( 'NONE',  ( -0.000000000000000000, 0.000000000000000000, 1.000000000000000000 ) ) ;
#200 = ADVANCED_FACE ( 'NONE', ( #4298 ), #5115, .T. ) ;
#201 = CARTESIAN_POINT ( 'NONE',  ( 7.050000000000004263, 3.229999999999999982, 3.899999999999999911 ) ) ;
#202 = FACE_OUTER_BOUND ( 'NONE', #1034, .T. ) ;
#203 = DIRECTION ( 'NONE',  ( 1.000000000000000000, 2.082697505432185440E-16, 0.000000000000000000 ) ) ;
#204 = ORIENTED_EDGE ( 'NONE', *, *, #843, .T. ) ;
#205 = DIRECTION ( 'NONE',  ( 0.000000000000000000, 0.06975647374412533019, -0.9975640502598241977 ) ) ;
#206 = AXIS2_PLACEMENT_3D ( 'NONE', #5989, #4584, #1102 ) ;
#207 = ORIENTED_EDGE ( 'NONE', *, *, #6893, .T. ) ;
#208 = DIRECTION ( 'NONE',  ( 0.000000000000000000, -1.000000000000000000, 0.000000000000000000 ) ) ;
#209 = VECTOR ( 'NONE', #4902, 1000.000000000000114 ) ;
#210 = DIRECTION ( 'NONE',  ( 0.000000000000000000, 0.000000000000000000, -1.000000000000000000 ) ) ;
#211 = PLANE ( 'NONE',  #3576 ) ;
#212 = CARTESIAN_POINT ( 'NONE',  ( -4.750000000000004441, 1.649999999999999911, -4.919582860152539538 ) ) ;
#213 = PLANE ( 'NONE',  #6236 ) ;
#214 = B_SPLINE_CURVE_WITH_KNOTS ( 'NONE', 3,
 ( #6591, #4398, #6504, #6417 ),
 .UNSPECIFIED., .F., .F.,
 ( 4, 4 ),
 ( 2.038153463316103417E-07, 0.002458784672689498171 ),
 .UNSPECIFIED. ) ;
#215 = ORIENTED_EDGE ( 'NONE', *, *, #3786, .T. ) ;
#216 = CARTESIAN_POINT ( 'NONE',  ( -5.729759561962193715, 1.149999999999999689, -1.645000000000000240 ) ) ;
#217 = VERTEX_POINT ( 'NONE', #6450 ) ;
#218 = VECTOR ( 'NONE', #2090, 1000.000000000000000 ) ;
#219 = CARTESIAN_POINT ( 'NONE',  ( -4.440221117080910496, 0.6404165072712850737, 0.000000000000000000 ) ) ;
#220 = CARTESIAN_POINT ( 'NONE',  ( 2.650000000000002132, 3.729999999999999982, 6.200000000000000178 ) ) ;
#221 = CARTESIAN_POINT ( 'NONE',  ( -9.170281297359524686, -0.6412485357495423255, -1.569999999999999840 ) ) ;
#222 = PRESENTATION_LAYER_ASSIGNMENT (  '', '', ( #79 ) ) ;
#223 = AXIS2_PLACEMENT_3D ( 'NONE', #5503, #1302, #6140 ) ;
#224 = FACE_OUTER_BOUND ( 'NONE', #4349, .T. ) ;
#225 = EDGE_CURVE ( 'NONE', #1903, #721, #7916, .T. ) ;
#226 = DIRECTION ( 'NONE',  ( 0.1218693434051402180, 0.9925461516413228713, 0.000000000000000000 ) ) ;
#227 = EDGE_CURVE ( 'NONE', #8296, #269, #4251, .T. ) ;
#228 = EDGE_CURVE ( 'NONE', #340, #4487, #5711, .T. ) ;
#229 = VECTOR ( 'NONE', #1713, 1000.000000000000000 ) ;
#230 = ORIENTED_EDGE ( 'NONE', *, *, #7885, .F. ) ;
#231 = AXIS2_PLACEMENT_3D ( 'NONE', #6962, #5705, #5023 ) ;
#232 = VERTEX_POINT ( 'NONE', #4985 ) ;
#233 = CARTESIAN_POINT ( 'NONE',  ( -6.309978747059014736, 0.6450308918860931939, -0.3750000000000003331 ) ) ;
#234 = ORIENTED_EDGE ( 'NONE', *, *, #5318, .T. ) ;
#235 = CARTESIAN_POINT ( 'NONE',  ( 0.000000000000000000, 0.000000000000000000, -2.839999999999999858 ) ) ;
#236 = ADVANCED_FACE ( 'NONE', ( #1652 ), #4432, .F. ) ;
#237 = PLANE ( 'NONE',  #7488 ) ;
#239 = DIRECTION ( 'NONE',  ( -5.582250892826532776E-16, -0.06975647374412526081, 0.9975640502598243087 ) ) ;
#238 = CARTESIAN_POINT ( 'NONE',  ( -2.049999999999997602, 3.229999999999999982, 6.200000000000000178 ) ) ;
#240 = EDGE_CURVE ( 'NONE', #1838, #4751, #3689, .T. ) ;
#241 = ORIENTED_EDGE ( 'NONE', *, *, #5396, .T. ) ;
#242 = ORIENTED_EDGE ( 'NONE', *, *, #3940, .F. ) ;
#243 = PLANE ( 'NONE',  #7034 ) ;
#244 = AXIS2_PLACEMENT_3D ( 'NONE', #8583, #3715, #2401 ) ;
#245 = AXIS2_PLACEMENT_3D ( 'NONE', #984, #3410, #6812 ) ;
#246 = CARTESIAN_POINT ( 'NONE',  ( -3.994608113321961529, 3.729999999999999982, 5.180000000000005045 ) ) ;
#247 = EDGE_CURVE ( 'NONE', #6187, #8261, #5671, .T. ) ;
#248 = DIRECTION ( 'NONE',  ( -1.000000000000000000, -0.000000000000000000, -0.000000000000000000 ) ) ;
#249 = LINE ( 'NONE', #1765, #1043 ) ;
#250 = VERTEX_POINT ( 'NONE', #8600 ) ;
#251 = LINE ( 'NONE', #7208, #1634 ) ;
#252 = EDGE_CURVE ( 'NONE', #1298, #2302, #1607, .T. ) ;
#253 = ORIENTED_EDGE ( 'NONE', *, *, #8138, .T. ) ;
#254 = LINE ( 'NONE', #7210, #7198 ) ;
#255 = CARTESIAN_POINT ( 'NONE',  ( -2.049999999999997602, 3.229999999999999982, -5.799999999999998934 ) ) ;
#256 = DIRECTION ( 'NONE',  ( 1.000000000000000000, 0.000000000000000000, 0.000000000000000000 ) ) ;
#257 = CARTESIAN_POINT ( 'NONE',  ( 8.990000000000001990, 3.729999999999999982, -2.000000000000000000 ) ) ;
#258 = CARTESIAN_POINT ( 'NONE',  ( -7.106247677099330140, 0.1474668416262637505, 1.570000000000000284 ) ) ;
#259 = ORIENTED_EDGE ( 'NONE', *, *, #4196, .F. ) ;
#260 = LINE ( 'NONE', #5969, #2823 ) ;
#261 = ORIENTED_EDGE ( 'NONE', *, *, #962, .F. ) ;
#262 = LINE ( 'NONE', #7137, #7785 ) ;
#263 = DIRECTION ( 'NONE',  ( 0.000000000000000000, 1.000000000000000000, -0.000000000000000000 ) ) ;
#264 = CARTESIAN_POINT ( 'NONE',  ( 0.3500000000000021982, 3.229999999999999982, 6.199999999999999289 ) ) ;
#265 = PLANE ( 'NONE',  #1059 ) ;
#266 = CARTESIAN_POINT ( 'NONE',  ( 2.650000000000002132, 3.729999999999999982, 6.200000000000000178 ) ) ;
#267 = ORIENTED_EDGE ( 'NONE', *, *, #7031, .T. ) ;
#268 = LINE ( 'NONE', #5981, #8373 ) ;
#269 = VERTEX_POINT ( 'NONE', #5028 ) ;
#270 = DIRECTION ( 'NONE',  ( -0.000000000000000000, -0.000000000000000000, -1.000000000000000000 ) ) ;
#271 = VERTEX_POINT ( 'NONE', #3047 ) ;
#272 = LINE ( 'NONE', #8017, #1754 ) ;
#273 = ADVANCED_FACE ( 'NONE', ( #4342 ), #783, .T. ) ;
#274 = EDGE_CURVE ( 'NONE', #4026, #271, #7737, .T. ) ;
#275 = LINE ( 'NONE', #5849, #3076 ) ;
#276 = B_SPLINE_CURVE_WITH_KNOTS ( 'NONE', 3,
 ( #3191, #6225, #6128, #1336 ),
 .UNSPECIFIED., .F., .F.,
 ( 4, 4 ),
 ( 2.280947844715107527E-07, 0.002458793032759001157 ),
 .UNSPECIFIED. ) ;
#278 = CARTESIAN_POINT ( 'NONE',  ( -2.049999999999997602, 3.729999999999999982, 5.799999999999998934 ) ) ;
#277 = PLANE ( 'NONE',  #4170 ) ;
#279 = VECTOR ( 'NONE', #6546, 1000.000000000000000 ) ;
#280 = EDGE_CURVE ( 'NONE', #3012, #1770, #3534, .T. ) ;
#281 = ORIENTED_EDGE ( 'NONE', *, *, #7176, .T. ) ;
#282 = EDGE_LOOP ( 'NONE', ( #5414, #5170, #3907, #700, #6166, #8980 ) ) ;
#283 = DIRECTION ( 'NONE',  ( -0.000000000000000000, -0.000000000000000000, -1.000000000000000000 ) ) ;
#284 = ORIENTED_EDGE ( 'NONE', *, *, #2436, .T. ) ;
#285 = DIRECTION ( 'NONE',  ( 0.9975640502598243087, 0.06975647374412492774, 0.000000000000000000 ) ) ;
#286 = VECTOR ( 'NONE', #5930, 1000.000000000000000 ) ;
#287 = LINE ( 'NONE', #2400, #8501 ) ;
#288 = EDGE_CURVE ( 'NONE', #7085, #8063, #7498, .T. ) ;
#289 = CARTESIAN_POINT ( 'NONE',  ( -2.399999999999997691, 3.229999999999999982, -5.750000000000000000 ) ) ;
#290 = CARTESIAN_POINT ( 'NONE',  ( -4.479866786035785253, -0.5500584762268876382, -0.2999999999999999334 ) ) ;
#291 = VERTEX_POINT ( 'NONE', #5752 ) ;
#292 = LINE ( 'NONE', #4506, #4118 ) ;
#293 = CIRCLE ( 'NONE', #5418, 0.4999999999999995559 ) ;
#294 = VERTEX_POINT ( 'NONE', #132 ) ;
#295 = DIRECTION ( 'NONE',  ( -0.000000000000000000, -0.000000000000000000, -1.000000000000000000 ) ) ;
#296 = VECTOR ( 'NONE', #847, 1000.000000000000000 ) ;
#297 = EDGE_CURVE ( 'NONE', #7802, #2819, #2205, .T. ) ;
#298 = CARTESIAN_POINT ( 'NONE',  ( 8.350000000000001421, 3.229999999999999982, -3.899999999999999467 ) ) ;
#299 = LINE ( 'NONE', #4560, #6372 ) ;
#300 = LINE ( 'NONE', #1827, #6252 ) ;
#301 = DIRECTION ( 'NONE',  ( 1.000000000000000000, 0.000000000000000000, 0.000000000000000000 ) ) ;
#302 = AXIS2_PLACEMENT_3D ( 'NONE', #5161, #263, #2928 ) ;
#303 = ORIENTED_EDGE ( 'NONE', *, *, #8265, .T. ) ;
#304 = LINE ( 'NONE', #5200, #3820 ) ;
#305 = ORIENTED_EDGE ( 'NONE', *, *, #707, .F. ) ;
#306 = AXIS2_PLACEMENT_3D ( 'NONE', #1802, #2392, #1711 ) ;
#307 = DIRECTION ( 'NONE',  ( 0.000000000000000000, 0.000000000000000000, 1.000000000000000000 ) ) ;
#308 = DIRECTION ( 'NONE',  ( -0.000000000000000000, -0.000000000000000000, -1.000000000000000000 ) ) ;
#309 = CARTESIAN_POINT ( 'NONE',  ( 5.700000000000001066, 3.729999999999999982, 5.749999999999999112 ) ) ;
#310 = VECTOR ( 'NONE', #5530, 1000.000000000000000 ) ;
#311 = AXIS2_PLACEMENT_3D ( 'NONE', #2731, #6385, #8485 ) ;
#312 = DIRECTION ( 'NONE',  ( -0.000000000000000000, -0.000000000000000000, -1.000000000000000000 ) ) ;
#313 = VERTEX_POINT ( 'NONE', #4386 ) ;
#314 = DIRECTION ( 'NONE',  ( 0.000000000000000000, 0.000000000000000000, -1.000000000000000000 ) ) ;
#315 = DIRECTION ( 'NONE',  ( 1.000000000000000000, 0.000000000000000000, 0.000000000000000000 ) ) ;
#316 = LINE ( 'NONE', #2430, #6028 ) ;
#317 = ORIENTED_EDGE ( 'NONE', *, *, #3043, .T. ) ;
#318 = CARTESIAN_POINT ( 'NONE',  ( -7.176004150843455776, 1.145030891886088309, 4.110000000000000320 ) ) ;
#319 = ORIENTED_EDGE ( 'NONE', *, *, #2116, .F. ) ;
#320 = PLANE ( 'NONE',  #1465 ) ;
#321 = AXIS2_PLACEMENT_3D ( 'NONE', #5834, #8774, #2511 ) ;
#322 = UNCERTAINTY_MEASURE_WITH_UNIT (LENGTH_MEASURE( 1.000000000000000082E-05 ), #3068, 'distance_accuracy_value', 'NONE');
#323 = AXIS2_PLACEMENT_3D ( 'NONE', #8696, #1843, #5987 ) ;
#324 = CARTESIAN_POINT ( 'NONE',  ( 6.988607719548553199, 3.729999999999999982, -7.000000000000000888 ) ) ;
#326 = CYLINDRICAL_SURFACE ( 'NONE', #6660, 1.250000000000000222 ) ;
#325 = LINE ( 'NONE', #3992, #6075 ) ;
#327 = VECTOR ( 'NONE', #5474, 1000.000000000000000 ) ;
#328 = EDGE_CURVE ( 'NONE', #2204, #7855, #6029, .T. ) ;
#329 = VERTEX_POINT ( 'NONE', #3139 ) ;
#330 = ORIENTED_EDGE ( 'NONE', *, *, #8149, .F. ) ;
#331 = CARTESIAN_POINT ( 'NONE',  ( 5.050000000000002487, 3.729999999999999982, -5.800000000000000711 ) ) ;
#332 = ORIENTED_EDGE ( 'NONE', *, *, #2035, .T. ) ;
#333 = DIRECTION ( 'NONE',  ( -0.8660254037844407060, 0.4999999999999966138, 0.000000000000000000 ) ) ;
#334 = VECTOR ( 'NONE', #6173, 1000.000000000000000 ) ;
#335 = LINE ( 'NONE', #3074, #7489 ) ;
#336 = DIRECTION ( 'NONE',  ( -5.582250892826532776E-16, -0.06975647374412526081, -0.9975640502598243087 ) ) ;
#337 = ADVANCED_FACE ( 'NONE', ( #7958 ), #8829, .T. ) ;
#338 = CARTESIAN_POINT ( 'NONE',  ( 0.3500000000000021982, 3.229999999999999982, -5.799999999999999822 ) ) ;
#339 = EDGE_CURVE ( 'NONE', #7494, #1292, #3095, .T. ) ;
#340 = VERTEX_POINT ( 'NONE', #5204 ) ;
#341 = DIRECTION ( 'NONE',  ( 0.000000000000000000, -0.06975647374412619062, -0.9975640502598241977 ) ) ;
#342 = EDGE_LOOP ( 'NONE', ( #7698, #640, #4405, #3055 ) ) ;
#343 = VERTEX_POINT ( 'NONE', #4667 ) ;
#344 = CARTESIAN_POINT ( 'NONE',  ( 7.050000000000004263, 3.229999999999999982, -7.000000000000000888 ) ) ;
#345 = CARTESIAN_POINT ( 'NONE',  ( -6.309978747059014736, 0.6450308918860931939, -3.435000000000000497 ) ) ;
#346 = EDGE_CURVE ( 'NONE', #8177, #2558, #4569, .T. ) ;
#347 = DIRECTION ( 'NONE',  ( 0.000000000000000000, 1.000000000000000000, 0.000000000000000000 ) ) ;
#348 = LINE ( 'NONE', #4611, #7418 ) ;
#349 = DIRECTION ( 'NONE',  ( 1.000000000000000000, 0.000000000000000000, 0.000000000000000000 ) ) ;
#350 = ORIENTED_EDGE ( 'NONE', *, *, #5891, .F. ) ;
#351 = CARTESIAN_POINT ( 'NONE',  ( 6.150000000000001243, 3.729999999999999982, 3.899999999999999467 ) ) ;
#352 = VERTEX_POINT ( 'NONE', #1833 ) ;
#353 = ADVANCED_FACE ( 'NONE', ( #5928 ), #8048, .T. ) ;
#354 = CARTESIAN_POINT ( 'NONE',  ( -6.742991448951236144, 0.8950308918860907514, -2.165000000000000036 ) ) ;
#355 = CARTESIAN_POINT ( 'NONE',  ( 2.650000000000002132, 3.229999999999999982, -6.200000000000000178 ) ) ;
#356 = LINE ( 'NONE', #3733, #7307 ) ;
#357 = CARTESIAN_POINT ( 'NONE',  ( -6.595784965746635642, 1.149999999999994360, -2.239999999999999769 ) ) ;
#358 = CARTESIAN_POINT ( 'NONE',  ( -6.309978747059014736, 0.6450308918860931939, 2.165000000000000036 ) ) ;
#359 = VECTOR ( 'NONE', #1028, 1000.000000000000000 ) ;
#360 = VERTEX_POINT ( 'NONE', #8146 ) ;
#361 = DIRECTION ( 'NONE',  ( -1.000000000000000000, -0.000000000000000000, 3.771137991253928573E-16 ) ) ;
#362 = ORIENTED_EDGE ( 'NONE', *, *, #1914, .T. ) ;
#363 = CARTESIAN_POINT ( 'NONE',  ( -2.049999999999997602, 3.229999999999999982, 6.200000000000000178 ) ) ;
#364 = DIRECTION ( 'NONE',  ( 0.000000000000000000, -0.000000000000000000, 1.000000000000000000 ) ) ;
#365 = EDGE_CURVE ( 'NONE', #7936, #7899, #2561, .T. ) ;
#366 = VECTOR ( 'NONE', #3810, 1000.000000000000000 ) ;
#367 = DIRECTION ( 'NONE',  ( 0.000000000000000000, -0.9975640502598243087, 0.06975647374412527468 ) ) ;
#368 = CARTESIAN_POINT ( 'NONE',  ( 9.250000000000001776, 0.4987820251299121543, 6.999999999999999112 ) ) ;
#369 = ORIENTED_EDGE ( 'NONE', *, *, #9021, .F. ) ;
#370 = DIRECTION ( 'NONE',  ( -0.3746065934158985811, -0.9271838545667927534, 0.000000000000000000 ) ) ;
#371 = AXIS2_PLACEMENT_3D ( 'NONE', #7831, #4216, #7790 ) ;
#372 = DIRECTION ( 'NONE',  ( -0.000000000000000000, -0.000000000000000000, -1.000000000000000000 ) ) ;
#374 = LINE ( 'NONE', #3160, #7246 ) ;
#373 = CARTESIAN_POINT ( 'NONE',  ( -5.729759561962193715, 1.149999999999999689, -3.435000000000000497 ) ) ;
#375 = AXIS2_PLACEMENT_3D ( 'NONE', #4978, #778, #1518 ) ;
#376 = VERTEX_POINT ( 'NONE', #6679 ) ;
#377 = EDGE_LOOP ( 'NONE', ( #5840, #3996, #7279, #2788 ) ) ;
#378 = VECTOR ( 'NONE', #2591, 1000.000000000000000 ) ;
#379 = SURFACE_STYLE_FILL_AREA ( #7386 ) ;
#380 = ORIENTED_EDGE ( 'NONE', *, *, #7072, .T. ) ;
#381 = DIRECTION ( 'NONE',  ( -0.4999999999999974465, -0.8660254037844400399, -0.000000000000000000 ) ) ;
#382 = VECTOR ( 'NONE', #2159, 1000.000000000000000 ) ;
#383 = DIRECTION ( 'NONE',  ( 1.000000000000000000, 0.000000000000000000, -2.891205793294679312E-16 ) ) ;
#384 = PLANE ( 'NONE',  #2300 ) ;
#385 = CARTESIAN_POINT ( 'NONE',  ( 6.950544505668657891, 2.419999999999999929, 3.899999999999999911 ) ) ;
#386 = ORIENTED_EDGE ( 'NONE', *, *, #2532, .F. ) ;
#387 = CARTESIAN_POINT ( 'NONE',  ( 9.250000000000001776, 0.9827060022347552382, 5.004778335423011981 ) ) ;
#388 = ORIENTED_EDGE ( 'NONE', *, *, #2440, .F. ) ;
#389 = ORIENTED_EDGE ( 'NONE', *, *, #8731, .F. ) ;
#390 = LINE ( 'NONE', #5914, #3254 ) ;
#391 = VECTOR ( 'NONE', #336, 999.9999999999998863 ) ;
#392 = VECTOR ( 'NONE', #7996, 1000.000000000000000 ) ;
#393 = EDGE_CURVE ( 'NONE', #549, #2801, #2514, .T. ) ;
#394 = EDGE_CURVE ( 'NONE', #4678, #8741, #1087, .T. ) ;
#395 = DIRECTION ( 'NONE',  ( 1.000000000000000000, -0.000000000000000000, -5.595882180570346166E-16 ) ) ;
#396 = LINE ( 'NONE', #7709, #5480 ) ;
#397 = LINE ( 'NONE', #5876, #392 ) ;
#398 = CARTESIAN_POINT ( 'NONE',  ( 6.988607719548549646, 3.729999999999999982, 0.000000000000000000 ) ) ;
#399 = AXIS2_PLACEMENT_3D ( 'NONE', #7622, #2730, #900 ) ;
#400 = ORIENTED_EDGE ( 'NONE', *, *, #5250, .F. ) ;
#401 = CARTESIAN_POINT ( 'NONE',  ( -6.309978747059014736, 0.6450308918860931939, -0.8950000000000003508 ) ) ;
#402 = ORIENTED_EDGE ( 'NONE', *, *, #4323, .T. ) ;
#403 = EDGE_CURVE ( 'NONE', #1455, #7569, #1782, .T. ) ;
#404 = PLANE ( 'NONE',  #7959 ) ;
#405 = CARTESIAN_POINT ( 'NONE',  ( -6.742991448951236144, 0.8950308918860907514, 1.570000000000000284 ) ) ;
#406 = PLANE ( 'NONE',  #2209 ) ;
#407 = DIRECTION ( 'NONE',  ( -0.000000000000000000, -0.000000000000000000, 1.000000000000000000 ) ) ;
#408 = FACE_OUTER_BOUND ( 'NONE', #2983, .T. ) ;
#409 = ADVANCED_FACE ( 'NONE', ( #6724 ), #404, .F. ) ;
#410 = EDGE_LOOP ( 'NONE', ( #768, #1151, #8403, #1052 ) ) ;
#411 = LINE ( 'NONE', #5581, #2374 ) ;
#412 = ORIENTED_EDGE ( 'NONE', *, *, #4691, .F. ) ;
#413 = VERTEX_POINT ( 'NONE', #5973 ) ;
#414 = CARTESIAN_POINT ( 'NONE',  ( 2.650000000000002132, 3.229999999999999982, 5.799999999999999822 ) ) ;
#415 = DIRECTION ( 'NONE',  ( -0.1200270517162203010, 0.9775418899053661681, -0.1732205540245064512 ) ) ;
#416 = PLANE ( 'NONE',  #7482 ) ;
#417 = LINE ( 'NONE', #6739, #5325 ) ;
#418 = ORIENTED_EDGE ( 'NONE', *, *, #7773, .T. ) ;
#419 = DIRECTION ( 'NONE',  ( 1.000000000000000000, 0.000000000000000000, 0.000000000000000000 ) ) ;
#420 = EDGE_CURVE ( 'NONE', #980, #6859, #8097, .T. ) ;
#421 = CARTESIAN_POINT ( 'NONE',  ( 5.050000000000002487, 3.229999999999999982, -5.800000000000000711 ) ) ;
#423 = DIRECTION ( 'NONE',  ( -0.000000000000000000, -0.000000000000000000, -1.000000000000000000 ) ) ;
#422 = CARTESIAN_POINT ( 'NONE',  ( 8.349999999999999645, 0.9827060022347550161, 5.004778335423011981 ) ) ;
#424 = ADVANCED_FACE ( 'NONE', ( #7268 ), #3771, .F. ) ;
#425 = ORIENTED_EDGE ( 'NONE', *, *, #4058, .T. ) ;
#426 = ORIENTED_EDGE ( 'NONE', *, *, #7725, .F. ) ;
#427 = SURFACE_STYLE_USAGE ( .BOTH. , #482 ) ;
#428 = ORIENTED_EDGE ( 'NONE', *, *, #6908, .F. ) ;
#429 = DIRECTION ( 'NONE',  ( 1.000000000000000000, 0.000000000000000000, -0.000000000000000000 ) ) ;
#430 = VECTOR ( 'NONE', #6463, 1000.000000000000000 ) ;
#431 = CARTESIAN_POINT ( 'NONE',  ( -5.444803331486046893, 3.143558669118012183, -0.9699999999999999734 ) ) ;
#432 = DIRECTION ( 'NONE',  ( -0.000000000000000000, -0.000000000000000000, -1.000000000000000000 ) ) ;
#433 = DIRECTION ( 'NONE',  ( -0.000000000000000000, -0.000000000000000000, -1.000000000000000000 ) ) ;
#434 = ORIENTED_EDGE ( 'NONE', *, *, #4901, .T. ) ;
#435 = DIRECTION ( 'NONE',  ( -0.000000000000000000, -0.000000000000000000, -1.000000000000000000 ) ) ;
#436 = ORIENTED_EDGE ( 'NONE', *, *, #3149, .T. ) ;
#437 = ORIENTED_EDGE ( 'NONE', *, *, #1389, .F. ) ;
#438 = DIRECTION ( 'NONE',  ( -0.000000000000000000, -0.000000000000000000, -1.000000000000000000 ) ) ;
#439 = AXIS2_PLACEMENT_3D ( 'NONE', #2435, #1104, #419 ) ;
#440 = DIRECTION ( 'NONE',  ( 0.000000000000000000, -1.000000000000000000, 0.000000000000000000 ) ) ;
#441 = VECTOR ( 'NONE', #4389, 1000.000000000000000 ) ;
#442 = FACE_OUTER_BOUND ( 'NONE', #3797, .T. ) ;
#443 = CARTESIAN_POINT ( 'NONE',  ( -6.742991448951236144, 0.8950308918860907514, -2.915000000000000036 ) ) ;
#444 = ORIENTED_EDGE ( 'NONE', *, *, #2377, .T. ) ;
#445 = CARTESIAN_POINT ( 'NONE',  ( -4.688607719548555153, 1.149999999999999911, -1.569999999999999840 ) ) ;
#446 = EDGE_CURVE ( 'NONE', #2767, #4218, #2420, .T. ) ;
#447 = EDGE_CURVE ( 'NONE', #4125, #6795, #3280, .T. ) ;
#448 = ORIENTED_EDGE ( 'NONE', *, *, #4725, .T. ) ;
#449 = DIRECTION ( 'NONE',  ( -0.1218693434051425356, 0.9925461516413225382, 0.000000000000000000 ) ) ;
#450 = LINE ( 'NONE', #8098, #614 ) ;
#451 = DIRECTION ( 'NONE',  ( -0.000000000000000000, 0.000000000000000000, 1.000000000000000000 ) ) ;
#452 = AXIS2_PLACEMENT_3D ( 'NONE', #5734, #2986, #8663 ) ;
#453 = VECTOR ( 'NONE', #7487, 1000.000000000000000 ) ;
#454 = CIRCLE ( 'NONE', #5843, 1.250000000000000222 ) ;
#455 = DIRECTION ( 'NONE',  ( -0.000000000000000000, -0.000000000000000000, -1.000000000000000000 ) ) ;
#456 = DIRECTION ( 'NONE',  ( -1.000000000000000000, -0.000000000000000000, -0.000000000000000000 ) ) ;
#457 = EDGE_CURVE ( 'NONE', #3696, #1766, #8880, .T. ) ;
#458 = ORIENTED_EDGE ( 'NONE', *, *, #4536, .T. ) ;
#459 = CARTESIAN_POINT ( 'NONE',  ( -6.742991448951236144, 0.8950308918860907514, 2.165000000000000036 ) ) ;
#460 = EDGE_CURVE ( 'NONE', #1605, #5720, #7313, .T. ) ;
#461 = VECTOR ( 'NONE', #1123, 1000.000000000000000 ) ;
#462 = EDGE_LOOP ( 'NONE', ( #8262, #4120, #7503, #3821 ) ) ;
#463 = ORIENTED_EDGE ( 'NONE', *, *, #8239, .F. ) ;
#464 = DIRECTION ( 'NONE',  ( 4.877132677759548296E-17, 0.9961946980917461003, -0.08715574274765125473 ) ) ;
#465 = DIRECTION ( 'NONE',  ( -1.000000000000000000, -0.000000000000000000, 3.614007241618347785E-16 ) ) ;
#466 = VECTOR ( 'NONE', #7461, 1000.000000000000000 ) ;
#467 = PLANE ( 'NONE',  #2223 ) ;
#468 = DIRECTION ( 'NONE',  ( -0.4999999999999974465, -0.8660254037844400399, -0.000000000000000000 ) ) ;
#469 = ORIENTED_EDGE ( 'NONE', *, *, #818, .T. ) ;
#470 = CARTESIAN_POINT ( 'NONE',  ( 8.350000000000001421, 3.229999999999999982, 3.899999999999999467 ) ) ;
#471 = EDGE_CURVE ( 'NONE', #8261, #3997, #5245, .T. ) ;
#472 = VECTOR ( 'NONE', #6659, 1000.000000000000000 ) ;
#473 = LINE ( 'NONE', #7607, #7316 ) ;
#475 = DIRECTION ( 'NONE',  ( -0.06975647374412489998, 0.9975640502598243087, 0.000000000000000000 ) ) ;
#474 = CARTESIAN_POINT ( 'NONE',  ( -4.344608113321960730, 0.000000000000000000, 0.000000000000000000 ) ) ;
#476 = EDGE_CURVE ( 'NONE', #6462, #8271, #5439, .T. ) ;
#477 = EDGE_CURVE ( 'NONE', #3079, #8131, #8137, .T. ) ;
#478 = VECTOR ( 'NONE', #5075, 1000.000000000000000 ) ;
#479 = VECTOR ( 'NONE', #842, 999.9999999999998863 ) ;
#480 = ORIENTED_EDGE ( 'NONE', *, *, #3408, .F. ) ;
#481 = EDGE_LOOP ( 'NONE', ( #7135, #4220, #6471, #3834 ) ) ;
#482 = SURFACE_SIDE_STYLE ('',( #6650 ) ) ;
#483 = ORIENTED_EDGE ( 'NONE', *, *, #1611, .F. ) ;
#484 = LINE ( 'NONE', #3263, #4394 ) ;
#485 = EDGE_CURVE ( 'NONE', #603, #329, #641, .T. ) ;
#486 = EDGE_CURVE ( 'NONE', #6751, #7348, #1283, .T. ) ;
#487 = CARTESIAN_POINT ( 'NONE',  ( 0.000000000000000000, 0.000000000000000000, 0.000000000000000000 ) ) ;
#488 = AXIS2_PLACEMENT_3D ( 'NONE', #7004, #2287, #3685 ) ;
#489 = AXIS2_PLACEMENT_3D ( 'NONE', #4729, #6183, #7519 ) ;
#490 = CARTESIAN_POINT ( 'NONE',  ( -4.750100000000005096, 0.000000000000000000, 6.603405868283640956 ) ) ;
#491 = CARTESIAN_POINT ( 'NONE',  ( 0.000000000000000000, 1.649999999999999911, 2.240000000000000657 ) ) ;
#492 = EDGE_LOOP ( 'NONE', ( #8852, #8190, #53, #4212 ) ) ;
#493 = CARTESIAN_POINT ( 'NONE',  ( 3.774478171836572304, 1.026283873608581976, -5.502875684468884643 ) ) ;
#494 = VECTOR ( 'NONE', #6714, 1000.000000000000000 ) ;
#495 = ORIENTED_EDGE ( 'NONE', *, *, #8867, .T. ) ;
#496 = CARTESIAN_POINT ( 'NONE',  ( -2.849999999999997424, 3.229999999999999982, 6.199999999999999289 ) ) ;
#497 = EDGE_CURVE ( 'NONE', #1409, #6212, #2113, .T. ) ;
#498 =( NAMED_UNIT ( * ) SI_UNIT ( $, .STERADIAN. ) SOLID_ANGLE_UNIT ( ) );
#499 = FACE_OUTER_BOUND ( 'NONE', #8534, .T. ) ;
#500 = DIRECTION ( 'NONE',  ( 0.000000000000000000, 0.1218693434051409952, 0.9925461516413228713 ) ) ;
#501 = EDGE_LOOP ( 'NONE', ( #7693, #2313, #369, #46 ) ) ;
#502 = CARTESIAN_POINT ( 'NONE',  ( -6.742991448951236144, 0.8950308918860907514, -2.165000000000000036 ) ) ;
#503 = ORIENTED_EDGE ( 'NONE', *, *, #7702, .F. ) ;
#504 = CARTESIAN_POINT ( 'NONE',  ( -4.479866786035785253, -0.5500584762268876382, -4.110000000000000320 ) ) ;
#505 = DIRECTION ( 'NONE',  ( -0.6973037730191616879, 0.1659364223625809376, -0.6973037730191546935 ) ) ;
#506 = LINE ( 'NONE', #596, #5 ) ;
#507 = PRESENTATION_STYLE_ASSIGNMENT (( #8929 ) ) ;
#508 = CARTESIAN_POINT ( 'NONE',  ( -6.162772263854414234, 0.8999999999999971356, 4.110000000000000320 ) ) ;
#509 = ORIENTED_EDGE ( 'NONE', *, *, #3490, .T. ) ;
#510 = CARTESIAN_POINT ( 'NONE',  ( -3.994608113321961529, 3.729999999999998206, -6.938607719548552488 ) ) ;
#511 = ORIENTED_EDGE ( 'NONE', *, *, #5826, .F. ) ;
#512 = VECTOR ( 'NONE', #1735, 1000.000000000000114 ) ;
#513 = ORIENTED_EDGE ( 'NONE', *, *, #6601, .F. ) ;
#514 = DIRECTION ( 'NONE',  ( -0.000000000000000000, -0.000000000000000000, -1.000000000000000000 ) ) ;
#515 = CARTESIAN_POINT ( 'NONE',  ( -5.729759561962193715, 0.6500000000000000222, 2.840000000000000302 ) ) ;
#516 = ORIENTED_EDGE ( 'NONE', *, *, #5620, .T. ) ;
#517 = CARTESIAN_POINT ( 'NONE',  ( -6.742991448951236144, 0.8950308918860907514, 4.184999999999999609 ) ) ;
#518 = EDGE_LOOP ( 'NONE', ( #7412, #7326, #6227, #2049 ) ) ;
#519 = LINE ( 'NONE', #1393, #3941 ) ;
#520 = EDGE_CURVE ( 'NONE', #3093, #7437, #5481, .T. ) ;
#521 = ADVANCED_FACE ( 'NONE', ( #7548 ), #3368, .T. ) ;
#522 = CARTESIAN_POINT ( 'NONE',  ( -5.729759561962193715, 1.649999999999999911, -2.239999999999999769 ) ) ;
#524 = CARTESIAN_POINT ( 'NONE',  ( 6.238607719548550534, 3.229999999999999982, -0.9999999999999995559 ) ) ;
#523 = CARTESIAN_POINT ( 'NONE',  ( 8.990000000000001990, 3.229999999999999982, -1.500000000000000000 ) ) ;
#525 = AXIS2_PLACEMENT_3D ( 'NONE', #3357, #7401, #1126 ) ;
#526 = ORIENTED_EDGE ( 'NONE', *, *, #5048, .F. ) ;
#527 = VECTOR ( 'NONE', #5810, 1000.000000000000000 ) ;
#528 = VERTEX_POINT ( 'NONE', #8924 ) ;
#529 = DIRECTION ( 'NONE',  ( 0.06975647374412444202, -0.9975640502598243087, 0.000000000000000000 ) ) ;
#530 = VERTEX_POINT ( 'NONE', #1235 ) ;
#531 = CYLINDRICAL_SURFACE ( 'NONE', #4520, 0.4999999999999995559 ) ;
#532 = EDGE_CURVE ( 'NONE', #823, #6592, #5392, .T. ) ;
#533 = CARTESIAN_POINT ( 'NONE',  ( -1.298188117465176816, -2.248527777231911884, 3.510000000000000231 ) ) ;
#534 = CIRCLE ( 'NONE', #6375, 0.4499999999999999001 ) ;
#535 = CARTESIAN_POINT ( 'NONE',  ( -6.309978747059014736, 0.6450308918860931939, -4.110000000000000320 ) ) ;
#536 = PRODUCT ( 'NTT2023N065M3S', 'NTT2023N065M3S', '', ( #2878 ) ) ;
#537 = DIRECTION ( 'NONE',  ( 0.000000000000000000, -1.000000000000000000, 0.000000000000000000 ) ) ;
#538 = ADVANCED_FACE ( 'NONE', ( #6860 ), #4019, .F. ) ;
#539 = VECTOR ( 'NONE', #7710, 1000.000000000000000 ) ;
#540 = ORIENTED_EDGE ( 'NONE', *, *, #4037, .F. ) ;
#541 = CARTESIAN_POINT ( 'NONE',  ( -5.729759561962193715, 1.149999999999999689, 3.510000000000000231 ) ) ;
#542 = EDGE_LOOP ( 'NONE', ( #4062, #60, #2688, #6418, #8219, #7537, #434, #5580 ) ) ;
#543 = CARTESIAN_POINT ( 'NONE',  ( 6.988607719548549646, 3.729999999999999982, -1.499999999999999778 ) ) ;
#544 = EDGE_CURVE ( 'NONE', #1976, #7008, #1396, .T. ) ;
#545 = DIRECTION ( 'NONE',  ( -0.000000000000000000, -0.000000000000000000, -1.000000000000000000 ) ) ;
#546 = DIRECTION ( 'NONE',  ( 0.4999999999999947264, 0.8660254037844418162, -0.000000000000000000 ) ) ;
#547 = DIRECTION ( 'NONE',  ( -0.000000000000000000, 1.000000000000000000, -0.000000000000000000 ) ) ;
#548 = ADVANCED_FACE ( 'NONE', ( #9059 ), #8241, .T. ) ;
#549 = VERTEX_POINT ( 'NONE', #1971 ) ;
#550 = CARTESIAN_POINT ( 'NONE',  ( -4.750100000000005096, 0.000000000000000000, 6.603405868283640956 ) ) ;
#551 = ORIENTED_EDGE ( 'NONE', *, *, #1117, .F. ) ;
#552 = DIRECTION ( 'NONE',  ( -0.1218693434051425356, 0.9925461516413225382, 0.000000000000000000 ) ) ;
#553 = CARTESIAN_POINT ( 'NONE',  ( 6.653405868283647884, 0.000000000000000000, -7.000000000000000888 ) ) ;
#554 = CARTESIAN_POINT ( 'NONE',  ( 3.774478171836572304, 0.9827060022347552382, 5.004778335423011981 ) ) ;
#555 = VECTOR ( 'NONE', #6715, 1000.000000000000000 ) ;
#556 = LINE ( 'NONE', #3329, #5054 ) ;
#557 = ORIENTED_EDGE ( 'NONE', *, *, #3214, .T. ) ;
#558 = CARTESIAN_POINT ( 'NONE',  ( -5.729759561962193715, 0.6500000000000000222, -2.915000000000000036 ) ) ;
#559 = ORIENTED_EDGE ( 'NONE', *, *, #6789, .F. ) ;
#560 = VERTEX_POINT ( 'NONE', #4760 ) ;
#561 = ORIENTED_EDGE ( 'NONE', *, *, #8645, .T. ) ;
#562 = DIRECTION ( 'NONE',  ( -1.000000000000000000, 0.000000000000000000, 0.000000000000000000 ) ) ;
#563 = DIRECTION ( 'NONE',  ( -1.000000000000000000, 0.000000000000000000, -3.771137991253928573E-16 ) ) ;
#564 = DIRECTION ( 'NONE',  ( -0.000000000000000000, -0.000000000000000000, -1.000000000000000000 ) ) ;
#565 = ORIENTED_EDGE ( 'NONE', *, *, #1949, .T. ) ;
#566 = CARTESIAN_POINT ( 'NONE',  ( -4.479866786035785253, -0.5500584762268876382, -0.9699999999999999734 ) ) ;
#567 = CARTESIAN_POINT ( 'NONE',  ( -4.750000000000005329, 1.649999999999999911, 0.9700000000000004174 ) ) ;
#568 = LINE ( 'NONE', #3301, #2145 ) ;
#569 = EDGE_CURVE ( 'NONE', #3602, #8826, #4065, .T. ) ;
#570 = EDGE_CURVE ( 'NONE', #2153, #5178, #8837, .T. ) ;
#571 = VERTEX_POINT ( 'NONE', #3417 ) ;
#572 = VERTEX_POINT ( 'NONE', #6217 ) ;
#573 = FACE_OUTER_BOUND ( 'NONE', #1889, .T. ) ;
#574 = ORIENTED_EDGE ( 'NONE', *, *, #1892, .F. ) ;
#575 = CARTESIAN_POINT ( 'NONE',  ( -4.688607719548555153, 1.149999999999999911, 1.570000000000000284 ) ) ;
#577 = FACE_OUTER_BOUND ( 'NONE', #7027, .T. ) ;
#576 = CARTESIAN_POINT ( 'NONE',  ( 0.3500000000000021982, 3.229999999999999982, -6.199999999999999289 ) ) ;
#578 = DIRECTION ( 'NONE',  ( -0.000000000000000000, -0.000000000000000000, -1.000000000000000000 ) ) ;
#579 = CARTESIAN_POINT ( 'NONE',  ( -7.141125913971392514, 0.6462488667561758771, -3.510000000000000231 ) ) ;
#580 = EDGE_CURVE ( 'NONE', #4751, #7569, #6429, .T. ) ;
#581 = ORIENTED_EDGE ( 'NONE', *, *, #2311, .F. ) ;
#582 = ORIENTED_EDGE ( 'NONE', *, *, #2156, .F. ) ;
#583 = LINE ( 'NONE', #6065, #678 ) ;
#584 = EDGE_CURVE ( 'NONE', #3539, #4770, #2608, .T. ) ;
#585 = CARTESIAN_POINT ( 'NONE',  ( -4.066723497937345222, 3.229999999999999538, 7.000000000000000888 ) ) ;
#586 = CARTESIAN_POINT ( 'NONE',  ( -2.043235304052833268, -5.396032770203766456E-17, 6.603405868283640956 ) ) ;
#587 = CARTESIAN_POINT ( 'NONE',  ( -2.049999999999997602, 3.729999999999999982, -5.799999999999998934 ) ) ;
#588 = VERTEX_POINT ( 'NONE', #4717 ) ;
#589 = CIRCLE ( 'NONE', #8187, 0.4999999999999995559 ) ;
#590 = DIRECTION ( 'NONE',  ( 0.000000000000000000, 1.000000000000000000, 0.000000000000000000 ) ) ;
#591 = ORIENTED_EDGE ( 'NONE', *, *, #4379, .T. ) ;
#592 = EDGE_CURVE ( 'NONE', #7869, #7017, #5253, .T. ) ;
#593 = CARTESIAN_POINT ( 'NONE',  ( -5.729759561962193715, 0.000000000000000000, 0.9700000000000004174 ) ) ;
#594 = DIRECTION ( 'NONE',  ( 1.000000000000000000, 0.000000000000000000, 0.000000000000000000 ) ) ;
#595 = VECTOR ( 'NONE', #8790, 1000.000000000000000 ) ;
#596 = CARTESIAN_POINT ( 'NONE',  ( -2.049999999999997602, 3.229999999999999982, 6.200000000000000178 ) ) ;
#597 = ADVANCED_FACE ( 'NONE', ( #2154 ), #3550, .T. ) ;
#598 = VECTOR ( 'NONE', #2466, 1000.000000000000000 ) ;
#599 = LINE ( 'NONE', #2700, #8244 ) ;
#600 = LINE ( 'NONE', #4673, #1705 ) ;
#601 = VERTEX_POINT ( 'NONE', #4239 ) ;
#602 = DIRECTION ( 'NONE',  ( 0.7071067811865499042, -0.000000000000000000, -0.7071067811865451302 ) ) ;
#603 = VERTEX_POINT ( 'NONE', #7041 ) ;
#604 = ORIENTED_EDGE ( 'NONE', *, *, #7750, .T. ) ;
#605 = VERTEX_POINT ( 'NONE', #774 ) ;
#606 = CARTESIAN_POINT ( 'NONE',  ( 5.700000000000001066, 3.229999999999999982, -6.199999999999999289 ) ) ;
#607 = VECTOR ( 'NONE', #8665, 1000.000000000000114 ) ;
#608 = DIRECTION ( 'NONE',  ( -1.000000000000000000, 0.000000000000000000, -3.614007241618348278E-16 ) ) ;
#609 = DIRECTION ( 'NONE',  ( -0.000000000000000000, 0.9975640502598241977, -0.06975647374412620449 ) ) ;
#610 = EDGE_LOOP ( 'NONE', ( #2923, #8295, #4179, #3888 ) ) ;
#611 = CARTESIAN_POINT ( 'NONE',  ( -5.729759561962193715, 1.149999999999999689, 0.8950000000000000178 ) ) ;
#612 = LINE ( 'NONE', #3437, #3652 ) ;
#613 = DIRECTION ( 'NONE',  ( -0.000000000000000000, -0.000000000000000000, -1.000000000000000000 ) ) ;
#614 = VECTOR ( 'NONE', #6030, 1000.000000000000000 ) ;
#615 = ORIENTED_EDGE ( 'NONE', *, *, #4796, .T. ) ;
#616 = ORIENTED_EDGE ( 'NONE', *, *, #192, .F. ) ;
#617 = CARTESIAN_POINT ( 'NONE',  ( 3.774478171836572304, 3.097809730695487474E-17, -6.965121763127935850 ) ) ;
#618 = VERTEX_POINT ( 'NONE', #38 ) ;
#619 = LINE ( 'NONE', #8172, #2918 ) ;
#620 =( GEOMETRIC_REPRESENTATION_CONTEXT ( 3 ) GLOBAL_UNCERTAINTY_ASSIGNED_CONTEXT ( ( #8533 ) ) GLOBAL_UNIT_ASSIGNED_CONTEXT ( ( #2235, #854, #5017 ) ) REPRESENTATION_CONTEXT ( 'NONE', 'WORKASPACE' ) );
#622 = CARTESIAN_POINT ( 'NONE',  ( 3.774478171836572304, 0.07229769472258353036, 5.931216559770632557 ) ) ;
#621 = DIRECTION ( 'NONE',  ( 1.000000000000000000, 0.000000000000000000, -0.000000000000000000 ) ) ;
#623 = LINE ( 'NONE', #7392, #3608 ) ;
#625 = AXIS2_PLACEMENT_3D ( 'NONE', #2497, #433, #7443 ) ;
#624 = CARTESIAN_POINT ( 'NONE',  ( 5.700000000000001066, 3.229999999999999982, -6.199999999999999289 ) ) ;
#626 = ORIENTED_EDGE ( 'NONE', *, *, #8306, .T. ) ;
#627 = ORIENTED_EDGE ( 'NONE', *, *, #1642, .F. ) ;
#628 = ADVANCED_FACE ( 'NONE', ( #2833 ), #5618, .F. ) ;
#629 = EDGE_CURVE ( 'NONE', #7123, #814, #2523, .T. ) ;
#630 = VECTOR ( 'NONE', #5435, 1000.000000000000000 ) ;
#631 = CIRCLE ( 'NONE', #6915, 1.000000000000000000 ) ;
#632 = EDGE_CURVE ( 'NONE', #2992, #3171, #5307, .T. ) ;
#633 = EDGE_CURVE ( 'NONE', #1050, #4730, #2386, .T. ) ;
#634 = LINE ( 'NONE', #3361, #4336 ) ;
#635 = DIRECTION ( 'NONE',  ( 1.000000000000000000, 0.000000000000000000, 0.000000000000000000 ) ) ;
#636 = VECTOR ( 'NONE', #2009, 1000.000000000000114 ) ;
#637 = ORIENTED_EDGE ( 'NONE', *, *, #3416, .F. ) ;
#638 = DIRECTION ( 'NONE',  ( 1.000000000000000000, 0.000000000000000000, 0.000000000000000000 ) ) ;
#639 = ORIENTED_EDGE ( 'NONE', *, *, #2083, .T. ) ;
#640 = ORIENTED_EDGE ( 'NONE', *, *, #4676, .T. ) ;
#641 = LINE ( 'NONE', #4848, #3273 ) ;
#642 = LINE ( 'NONE', #3418, #1938 ) ;
#643 = DIRECTION ( 'NONE',  ( 0.000000000000000000, 0.000000000000000000, -1.000000000000000000 ) ) ;
#644 = EDGE_CURVE ( 'NONE', #2521, #6343, #3780, .T. ) ;
#645 = AXIS2_PLACEMENT_3D ( 'NONE', #901, #5920, #3765 ) ;
#646 = VECTOR ( 'NONE', #5538, 1000.000000000000000 ) ;
#647 = CARTESIAN_POINT ( 'NONE',  ( -3.994608113321961529, 3.729999999999999538, 6.938607719548552488 ) ) ;
#648 = DIRECTION ( 'NONE',  ( 0.000000000000000000, 0.000000000000000000, 1.000000000000000000 ) ) ;
#649 = ORIENTED_EDGE ( 'NONE', *, *, #3632, .F. ) ;
#650 = DIRECTION ( 'NONE',  ( 1.000000000000000000, 0.000000000000000000, 0.000000000000000000 ) ) ;
#651 = EDGE_CURVE ( 'NONE', #2108, #7123, #3831, .T. ) ;
#652 = ORIENTED_EDGE ( 'NONE', *, *, #1529, .T. ) ;
#653 = ORIENTED_EDGE ( 'NONE', *, *, #8979, .F. ) ;
#654 = ORIENTED_EDGE ( 'NONE', *, *, #8347, .F. ) ;
#655 = CARTESIAN_POINT ( 'NONE',  ( -5.729759561962193715, 0.6500000000000000222, 2.840000000000000302 ) ) ;
#656 = LINE ( 'NONE', #2124, #209 ) ;
#657 = LINE ( 'NONE', #2125, #3072 ) ;
#658 = ORIENTED_EDGE ( 'NONE', *, *, #8022, .T. ) ;
#659 = FACE_OUTER_BOUND ( 'NONE', #1062, .T. ) ;
#660 = CARTESIAN_POINT ( 'NONE',  ( -4.344608113321960730, 1.650000000000000133, 5.680000000000001492 ) ) ;
#661 = DIRECTION ( 'NONE',  ( 0.000000000000000000, 0.000000000000000000, -1.000000000000000000 ) ) ;
#662 = VECTOR ( 'NONE', #3106, 1000.000000000000000 ) ;
#663 = EDGE_CURVE ( 'NONE', #6312, #3445, #2924, .T. ) ;
#664 = ORIENTED_EDGE ( 'NONE', *, *, #2257, .T. ) ;
#665 = ORIENTED_EDGE ( 'NONE', *, *, #7274, .F. ) ;
#666 = DIRECTION ( 'NONE',  ( -1.398970545142586295E-16, -0.000000000000000000, 1.000000000000000000 ) ) ;
#667 = ORIENTED_EDGE ( 'NONE', *, *, #520, .F. ) ;
#668 = LINE ( 'NONE', #3446, #8475 ) ;
#669 = VECTOR ( 'NONE', #5452, 1000.000000000000000 ) ;
#671 = DIRECTION ( 'NONE',  ( 0.06975647374412444202, -0.9975640502598243087, 0.000000000000000000 ) ) ;
#670 = LINE ( 'NONE', #6845, #7683 ) ;
#672 = DIRECTION ( 'NONE',  ( 0.000000000000000000, -1.000000000000000000, -0.000000000000000000 ) ) ;
#673 = DIRECTION ( 'NONE',  ( 0.000000000000000000, 0.000000000000000000, 1.000000000000000000 ) ) ;
#674 = AXIS2_PLACEMENT_3D ( 'NONE', #4223, #880, #194 ) ;
#675 = ORIENTED_EDGE ( 'NONE', *, *, #2217, .F. ) ;
#676 = VERTEX_POINT ( 'NONE', #414 ) ;
#677 = SURFACE_STYLE_USAGE ( .BOTH. , #6943 ) ;
#678 = VECTOR ( 'NONE', #6017, 1000.000000000000000 ) ;
#679 = VECTOR ( 'NONE', #8978, 1000.000000000000000 ) ;
#680 = DIRECTION ( 'NONE',  ( -0.000000000000000000, -0.000000000000000000, -1.000000000000000000 ) ) ;
#681 = VECTOR ( 'NONE', #1161, 1000.000000000000227 ) ;
#682 = DIRECTION ( 'NONE',  ( -0.000000000000000000, 0.000000000000000000, 1.000000000000000000 ) ) ;
#683 = CARTESIAN_POINT ( 'NONE',  ( 5.050000000000002487, 3.229999999999999982, 5.800000000000000711 ) ) ;
#684 = ORIENTED_EDGE ( 'NONE', *, *, #4767, .T. ) ;
#685 = CARTESIAN_POINT ( 'NONE',  ( 2.650000000000002132, 3.229999999999999982, -5.799999999999999822 ) ) ;
#686 = AXIS2_PLACEMENT_3D ( 'NONE', #4470, #7263, #301 ) ;
#688 = VERTEX_POINT ( 'NONE', #8106 ) ;
#687 = ADVANCED_FACE ( 'NONE', ( #3291 ), #6736, .F. ) ;
#689 = ADVANCED_FACE ( 'NONE', ( #5938 ), #4580, .F. ) ;
#690 = CARTESIAN_POINT ( 'NONE',  ( -4.294608113321960907, 1.649999999999999911, -5.374974746830583072 ) ) ;
#691 = DIRECTION ( 'NONE',  ( 1.000000000000000000, 0.000000000000000000, 0.000000000000000000 ) ) ;
#692 = DIRECTION ( 'NONE',  ( 1.000000000000000000, 0.000000000000000000, 0.000000000000000000 ) ) ;
#693 = CYLINDRICAL_SURFACE ( 'NONE', #7798, 0.4999999999999995559 ) ;
#694 = CARTESIAN_POINT ( 'NONE',  ( -6.309978747059014736, 0.6450308918860931939, -2.239999999999999769 ) ) ;
#695 = LINE ( 'NONE', #1559, #2008 ) ;
#696 = ORIENTED_EDGE ( 'NONE', *, *, #2098, .T. ) ;
#697 = DIRECTION ( 'NONE',  ( -0.000000000000000000, -0.000000000000000000, -1.000000000000000000 ) ) ;
#698 = EDGE_CURVE ( 'NONE', #2415, #2302, #1744, .T. ) ;
#699 = VERTEX_POINT ( 'NONE', #1842 ) ;
#700 = ORIENTED_EDGE ( 'NONE', *, *, #1443, .F. ) ;
#701 = LINE ( 'NONE', #6325, #3833 ) ;
#702 = CARTESIAN_POINT ( 'NONE',  ( -5.729759561962193715, 1.149999999999999689, -2.915000000000000036 ) ) ;
#703 = VERTEX_POINT ( 'NONE', #8839 ) ;
#704 = CARTESIAN_POINT ( 'NONE',  ( 0.3500000000000021982, 3.229999999999999982, 5.799999999999999822 ) ) ;
#705 = AXIS2_PLACEMENT_3D ( 'NONE', #8907, #432, #4051 ) ;
#706 = VECTOR ( 'NONE', #7308, 1000.000000000000000 ) ;
#707 = EDGE_CURVE ( 'NONE', #3770, #3666, #1153, .T. ) ;
#708 = DIRECTION ( 'NONE',  ( -0.1209742911513471270, -0.9852565360152948370, -0.1209742911513481678 ) ) ;
#709 = DIRECTION ( 'NONE',  ( -0.000000000000000000, -0.000000000000000000, -1.000000000000000000 ) ) ;
#710 = VECTOR ( 'NONE', #5744, 1000.000000000000000 ) ;
#711 = VERTEX_POINT ( 'NONE', #2572 ) ;
#712 = DIRECTION ( 'NONE',  ( 5.595882180570346166E-16, -0.000000000000000000, 1.000000000000000000 ) ) ;
#713 = ORIENTED_EDGE ( 'NONE', *, *, #4618, .T. ) ;
#714 = EDGE_CURVE ( 'NONE', #8096, #3886, #6783, .T. ) ;
#715 = CARTESIAN_POINT ( 'NONE',  ( 8.349999999999999645, 0.4987820251299121543, -6.999999999999999112 ) ) ;
#716 = EDGE_CURVE ( 'NONE', #3759, #376, #8158, .T. ) ;
#718 = CARTESIAN_POINT ( 'NONE',  ( 8.350000000000001421, 2.729999999999999982, -4.349999999999999645 ) ) ;
#717 = CARTESIAN_POINT ( 'NONE',  ( -5.729759561962193715, 1.149999999999999689, 0.3749999999999994449 ) ) ;
#719 = DIRECTION ( 'NONE',  ( -0.000000000000000000, -0.000000000000000000, -1.000000000000000000 ) ) ;
#720 = VERTEX_POINT ( 'NONE', #3247 ) ;
#721 = VERTEX_POINT ( 'NONE', #8058 ) ;
#722 = EDGE_LOOP ( 'NONE', ( #3926, #7545, #5894, #2097 ) ) ;
#723 = CARTESIAN_POINT ( 'NONE',  ( -4.315113740146799159, 1.507827654014452401, 7.211456175300948956 ) ) ;
#724 = PLANE ( 'NONE',  #6600 ) ;
#725 = VERTEX_POINT ( 'NONE', #6638 ) ;
#726 = CARTESIAN_POINT ( 'NONE',  ( 0.000000000000000000, 1.649999999999999911, -0.2999999999999999334 ) ) ;
#727 = PRODUCT_DEFINITION_CONTEXT ( 'detailed design', #5900, 'design' ) ;
#728 = ORIENTED_EDGE ( 'NONE', *, *, #1319, .F. ) ;
#729 = CARTESIAN_POINT ( 'NONE',  ( -5.729759561962193715, 0.6500000000000000222, 2.915000000000000036 ) ) ;
#730 = CARTESIAN_POINT ( 'NONE',  ( -5.729759561962193715, 1.149999999999999689, -0.8950000000000003508 ) ) ;
#731 = CARTESIAN_POINT ( 'NONE',  ( -2.849999999999998312, 3.229999999999999982, 1.481822626968297304E-15 ) ) ;
#732 = ADVANCED_FACE ( 'NONE', ( #5986 ), #1890, .T. ) ;
#733 = CARTESIAN_POINT ( 'NONE',  ( 6.659209935801435165, 0.04727033655621484809, -6.609209935801428237 ) ) ;
#734 = CARTESIAN_POINT ( 'NONE',  ( -5.729759561962193715, 0.000000000000000000, 2.240000000000000657 ) ) ;
#735 = VERTEX_POINT ( 'NONE', #2429 ) ;
#736 = PLANE ( 'NONE',  #7197 ) ;
#737 = EDGE_LOOP ( 'NONE', ( #7370, #3207, #8505, #3509 ) ) ;
#738 = VERTEX_POINT ( 'NONE', #1199 ) ;
#739 = DIRECTION ( 'NONE',  ( -1.398970545142586295E-16, -0.000000000000000000, 1.000000000000000000 ) ) ;
#740 = CARTESIAN_POINT ( 'NONE',  ( -5.729759561962193715, 1.649999999999999911, 1.644999999999999796 ) ) ;
#741 = EDGE_LOOP ( 'NONE', ( #2498, #2490, #8755, #5773, #8203, #3540 ) ) ;
#742 = PLANE ( 'NONE',  #1331 ) ;
#743 = AXIS2_PLACEMENT_3D ( 'NONE', #1569, #54, #3478 ) ;
#744 = PLANE ( 'NONE',  #5968 ) ;
#745 = EDGE_CURVE ( 'NONE', #1455, #1766, #1098, .T. ) ;
#746 = CARTESIAN_POINT ( 'NONE',  ( 5.700000000000001066, 3.229999999999999982, 5.749999999999999112 ) ) ;
#747 = ADVANCED_FACE ( 'NONE', ( #8742 ), #6691, .T. ) ;
#748 = ORIENTED_EDGE ( 'NONE', *, *, #4784, .T. ) ;
#749 = CARTESIAN_POINT ( 'NONE',  ( -4.344608113321960730, 1.649999999999999245, -6.680000000000001492 ) ) ;
#750 = ORIENTED_EDGE ( 'NONE', *, *, #4396, .F. ) ;
#751 = CARTESIAN_POINT ( 'NONE',  ( -3.200321239445594212, 2.009999999999998455, -6.680000000000001492 ) ) ;
#752 =( GEOMETRIC_REPRESENTATION_CONTEXT ( 3 ) GLOBAL_UNCERTAINTY_ASSIGNED_CONTEXT ( ( #322 ) ) GLOBAL_UNIT_ASSIGNED_CONTEXT ( ( #3068, #1627, #3667 ) ) REPRESENTATION_CONTEXT ( 'NONE', 'WORKASPACE' ) );
#753 = EDGE_CURVE ( 'NONE', #294, #6307, #1049, .T. ) ;
#755 = CARTESIAN_POINT ( 'NONE',  ( -9.215121763127934074, -1.084202172485504434E-16, -2.239999999999999769 ) ) ;
#754 = CARTESIAN_POINT ( 'NONE',  ( -4.440221117080910496, 0.6404165072712850737, 0.000000000000000000 ) ) ;
#756 = VECTOR ( 'NONE', #7917, 1000.000000000000000 ) ;
#757 = FACE_OUTER_BOUND ( 'NONE', #1534, .T. ) ;
#758 = ORIENTED_EDGE ( 'NONE', *, *, #3319, .F. ) ;
#759 = CIRCLE ( 'NONE', #7043, 1.000000000000000000 ) ;
#760 = EDGE_CURVE ( 'NONE', #4246, #8349, #316, .T. ) ;
#761 = ADVANCED_FACE ( 'NONE', ( #5359 ), #5308, .F. ) ;
#762 = EDGE_LOOP ( 'NONE', ( #3026, #425, #5713, #7486, #4743, #5902 ) ) ;
#763 = ORIENTED_EDGE ( 'NONE', *, *, #6599, .T. ) ;
#764 = AXIS2_PLACEMENT_3D ( 'NONE', #4547, #3310, #5419 ) ;
#765 = VECTOR ( 'NONE', #7025, 1000.000000000000114 ) ;
#766 = PLANE ( 'NONE',  #9034 ) ;
#767 = DIRECTION ( 'NONE',  ( -1.000000000000000000, -0.000000000000000000, 7.885106708985496922E-16 ) ) ;
#768 = ORIENTED_EDGE ( 'NONE', *, *, #580, .F. ) ;
#769 = DIRECTION ( 'NONE',  ( 0.9975640502598243087, 0.06975647374412489998, 0.000000000000000000 ) ) ;
#770 = EDGE_CURVE ( 'NONE', #1673, #3759, #8743, .T. ) ;
#771 = VECTOR ( 'NONE', #2927, 1000.000000000000000 ) ;
#772 = ORIENTED_EDGE ( 'NONE', *, *, #3118, .F. ) ;
#773 = AXIS2_PLACEMENT_3D ( 'NONE', #4206, #824, #2961 ) ;
#774 = CARTESIAN_POINT ( 'NONE',  ( -4.344608113321960730, 1.649999999999999245, -5.680000000000001492 ) ) ;
#775 = DIRECTION ( 'NONE',  ( -1.000000000000000000, -0.000000000000000000, -0.000000000000000000 ) ) ;
#776 = DIRECTION ( 'NONE',  ( -0.000000000000000000, -0.000000000000000000, -1.000000000000000000 ) ) ;
#777 = DIRECTION ( 'NONE',  ( 1.000000000000000000, 0.000000000000000000, 0.000000000000000000 ) ) ;
#778 = DIRECTION ( 'NONE',  ( 0.000000000000000000, -1.000000000000000000, 0.000000000000000000 ) ) ;
#779 = EDGE_LOOP ( 'NONE', ( #8868, #4740, #4880, #6254, #4043, #3469 ) ) ;
#780 = PLANE ( 'NONE',  #7059 ) ;
#781 = ORIENTED_EDGE ( 'NONE', *, *, #1471, .T. ) ;
#782 = ORIENTED_EDGE ( 'NONE', *, *, #629, .T. ) ;
#783 = PLANE ( 'NONE',  #4410 ) ;
#784 = VECTOR ( 'NONE', #3188, 1000.000000000000000 ) ;
#785 = DIRECTION ( 'NONE',  ( -0.000000000000000000, -0.000000000000000000, -1.000000000000000000 ) ) ;
#786 = ORIENTED_EDGE ( 'NONE', *, *, #3701, .F. ) ;
#787 = DIRECTION ( 'NONE',  ( -0.9975640502598243087, -0.06975647374412492774, 0.000000000000000000 ) ) ;
#788 = FACE_OUTER_BOUND ( 'NONE', #6090, .T. ) ;
#789 = CARTESIAN_POINT ( 'NONE',  ( -7.176004150843455776, 1.145030891886088309, -1.569999999999999840 ) ) ;
#790 = ORIENTED_EDGE ( 'NONE', *, *, #6793, .F. ) ;
#791 = LINE ( 'NONE', #8438, #6206 ) ;
#792 = VERTEX_POINT ( 'NONE', #3832 ) ;
#793 = DIRECTION ( 'NONE',  ( 1.000000000000000000, 0.000000000000000000, -0.000000000000000000 ) ) ;
#794 = EDGE_CURVE ( 'NONE', #6751, #7855, #5259, .T. ) ;
#795 = ADVANCED_FACE ( 'NONE', ( #2618 ), #6639, .T. ) ;
#796 = ADVANCED_FACE ( 'NONE', ( #2524 ), #7375, .T. ) ;
#798 = DIRECTION ( 'NONE',  ( -0.6917159834480256508, -0.2075042083550635574, -0.6917159834480256508 ) ) ;
#797 = PLANE ( 'NONE',  #5907 ) ;
#799 = CARTESIAN_POINT ( 'NONE',  ( 5.700000000000001066, 3.729999999999999982, 6.199999999999999289 ) ) ;
#800 = VERTEX_POINT ( 'NONE', #8892 ) ;
#801 = EDGE_CURVE ( 'NONE', #5597, #1809, #6089, .T. ) ;
#802 = ORIENTED_EDGE ( 'NONE', *, *, #6449, .T. ) ;
#803 = EDGE_LOOP ( 'NONE', ( #8320, #8608, #400, #1473 ) ) ;
#804 = CARTESIAN_POINT ( 'NONE',  ( -6.742991448951236144, 0.8950308918860907514, 2.840000000000000302 ) ) ;
#805 = CARTESIAN_POINT ( 'NONE',  ( -6.742991448951236144, 0.8950308918860907514, 0.8950000000000000178 ) ) ;
#806 = EDGE_CURVE ( 'NONE', #7509, #7509, #45, .T. ) ;
#807 = DIRECTION ( 'NONE',  ( 0.000000000000000000, -0.06975647374412526081, 0.9975640502598241977 ) ) ;
#808 = CARTESIAN_POINT ( 'NONE',  ( 2.650000000000002132, 3.229999999999999982, 6.200000000000000178 ) ) ;
#809 = EDGE_LOOP ( 'NONE', ( #5226, #7956, #9050, #6072 ) ) ;
#810 = LINE ( 'NONE', #4194, #5575 ) ;
#811 = MECHANICAL_DESIGN_GEOMETRIC_PRESENTATION_REPRESENTATION (  '', ( #8414 ), #7097 ) ;
#812 = ORIENTED_EDGE ( 'NONE', *, *, #4268, .F. ) ;
#813 = CARTESIAN_POINT ( 'NONE',  ( 9.250000000000001776, 1.026283873608581754, 5.502875684468884643 ) ) ;
#814 = VERTEX_POINT ( 'NONE', #1099 ) ;
#815 = VECTOR ( 'NONE', #3572, 1000.000000000000000 ) ;
#816 =( NAMED_UNIT ( * ) SI_UNIT ( $, .STERADIAN. ) SOLID_ANGLE_UNIT ( ) );
#817 = EDGE_CURVE ( 'NONE', #2862, #4869, #1891, .T. ) ;
#818 = EDGE_CURVE ( 'NONE', #6995, #3107, #6784, .T. ) ;
#819 = CARTESIAN_POINT ( 'NONE',  ( 6.988607719548549646, 3.229999999999999982, -1.499999999999999778 ) ) ;
#820 = CARTESIAN_POINT ( 'NONE',  ( -6.742991448951236144, 0.8950308918860907514, 1.644999999999999796 ) ) ;
#821 = FACE_OUTER_BOUND ( 'NONE', #2909, .T. ) ;
#822 = CIRCLE ( 'NONE', #2000, 1.000000000000000000 ) ;
#823 = VERTEX_POINT ( 'NONE', #8013 ) ;
#824 = DIRECTION ( 'NONE',  ( 0.000000000000000000, 0.000000000000000000, 1.000000000000000000 ) ) ;
#825 = EDGE_LOOP ( 'NONE', ( #2442, #7522, #5533, #5802 ) ) ;
#826 = EDGE_LOOP ( 'NONE', ( #1275, #8086, #6824, #7207, #4682, #3338 ) ) ;
#827 = DIRECTION ( 'NONE',  ( 1.000000000000000000, 0.000000000000000000, 0.000000000000000000 ) ) ;
#828 = CARTESIAN_POINT ( 'NONE',  ( 6.653405868283647884, 0.000000000000000000, -7.000000000000000888 ) ) ;
#829 = VERTEX_POINT ( 'NONE', #4529 ) ;
#830 = CARTESIAN_POINT ( 'NONE',  ( 6.988607719548549646, 3.229999999999999982, 1.499999999999999778 ) ) ;
#831 = VECTOR ( 'NONE', #5342, 1000.000000000000000 ) ;
#832 = DIRECTION ( 'NONE',  ( -1.000000000000000000, -0.000000000000000000, 7.885106708985496922E-16 ) ) ;
#833 = CARTESIAN_POINT ( 'NONE',  ( -3.994608113321959753, 2.168404344971008868E-16, 6.603405868283640956 ) ) ;
#834 = ORIENTED_EDGE ( 'NONE', *, *, #3965, .T. ) ;
#835 = FACE_OUTER_BOUND ( 'NONE', #1497, .T. ) ;
#836 = EDGE_LOOP ( 'NONE', ( #5776, #8351, #4399, #6613 ) ) ;
#837 = PLANE ( 'NONE',  #4232 ) ;
#839 = CARTESIAN_POINT ( 'NONE',  ( 6.988607719548549646, 3.729999999999999982, 1.499999999999999778 ) ) ;
#838 = FACE_OUTER_BOUND ( 'NONE', #7558, .T. ) ;
#840 = AXIS2_PLACEMENT_3D ( 'NONE', #7033, #682, #5013 ) ;
#841 = EDGE_CURVE ( 'NONE', #4627, #8606, #4581, .T. ) ;
#842 = DIRECTION ( 'NONE',  ( -0.8660254037844418162, 0.4999999999999947264, 0.000000000000000000 ) ) ;
#843 = EDGE_CURVE ( 'NONE', #7017, #6768, #998, .T. ) ;
#844 = EDGE_LOOP ( 'NONE', ( #91, #5722, #665, #3932 ) ) ;
#845 = ORIENTED_EDGE ( 'NONE', *, *, #8574, .F. ) ;
#846 = ORIENTED_EDGE ( 'NONE', *, *, #3435, .T. ) ;
#847 = DIRECTION ( 'NONE',  ( 1.000000000000000000, 0.000000000000000000, 0.000000000000000000 ) ) ;
#848 = CARTESIAN_POINT ( 'NONE',  ( -2.049999999999997602, 3.229999999999999982, 5.799999999999998934 ) ) ;
#849 = EDGE_CURVE ( 'NONE', #1673, #3425, #8107, .T. ) ;
#850 = CARTESIAN_POINT ( 'NONE',  ( -6.742991448951236144, 0.8950308918860907514, -4.110000000000000320 ) ) ;
#851 = ADVANCED_FACE ( 'NONE', ( #3152 ), #3983, .T. ) ;
#852 = DIRECTION ( 'NONE',  ( 0.9975640502598243087, 0.06975647374412492774, 0.000000000000000000 ) ) ;
#853 = ORIENTED_EDGE ( 'NONE', *, *, #4147, .F. ) ;
#854 =( NAMED_UNIT ( * ) PLANE_ANGLE_UNIT ( ) SI_UNIT ( $, .RADIAN. ) );
#855 = ORIENTED_EDGE ( 'NONE', *, *, #346, .T. ) ;
#856 = DIRECTION ( 'NONE',  ( 0.000000000000000000, 0.000000000000000000, 1.000000000000000000 ) ) ;
#857 = ADVANCED_FACE ( 'NONE', ( #5213 ), #8840, .F. ) ;
#858 = CARTESIAN_POINT ( 'NONE',  ( 7.050000000000004263, 3.229999999999999982, -3.899999999999999467 ) ) ;
#859 = CARTESIAN_POINT ( 'NONE',  ( -2.199999999999998845, 0.05000000000000000278, 8.673617379884035472E-16 ) ) ;
#860 = DIRECTION ( 'NONE',  ( 1.000000000000000000, 0.000000000000000000, 0.000000000000000000 ) ) ;
#861 = EDGE_CURVE ( 'NONE', #7810, #6885, #8498, .T. ) ;
#862 = EDGE_LOOP ( 'NONE', ( #9005, #4283, #230, #436, #118, #4958, #1339, #1303 ) ) ;
#863 = DIRECTION ( 'NONE',  ( 0.000000000000000000, 0.000000000000000000, 1.000000000000000000 ) ) ;
#864 = ORIENTED_EDGE ( 'NONE', *, *, #2776, .F. ) ;
#865 = ORIENTED_EDGE ( 'NONE', *, *, #1864, .F. ) ;
#866 = ADVANCED_FACE ( 'NONE', ( #8297 ), #7815, .F. ) ;
#867 = DIRECTION ( 'NONE',  ( -0.000000000000000000, -0.000000000000000000, -1.000000000000000000 ) ) ;
#868 = CARTESIAN_POINT ( 'NONE',  ( 0.3500000000000021982, 3.229999999999999982, -6.199999999999999289 ) ) ;
#869 = ORIENTED_EDGE ( 'NONE', *, *, #2585, .T. ) ;
#870 = FACE_OUTER_BOUND ( 'NONE', #5833, .T. ) ;
#871 = AXIS2_PLACEMENT_3D ( 'NONE', #7099, #99, #2932 ) ;
#872 = LINE ( 'NONE', #5717, #3201 ) ;
#873 = DIRECTION ( 'NONE',  ( -1.000000000000000000, 0.000000000000000000, -1.084202172485504631E-15 ) ) ;
#874 = ORIENTED_EDGE ( 'NONE', *, *, #2697, .T. ) ;
#875 = ORIENTED_EDGE ( 'NONE', *, *, #3749, .T. ) ;
#876 = DIRECTION ( 'NONE',  ( -0.000000000000000000, -1.000000000000000000, -0.000000000000000000 ) ) ;
#877 = EDGE_LOOP ( 'NONE', ( #958, #2502, #1244, #2775 ) ) ;
#878 = CARTESIAN_POINT ( 'NONE',  ( -6.742991448951236144, 0.8950308918860907514, -1.645000000000000240 ) ) ;
#879 = AXIS2_PLACEMENT_3D ( 'NONE', #4519, #1737, #7315 ) ;
#881 = PLANE ( 'NONE',  #9035 ) ;
#880 = DIRECTION ( 'NONE',  ( 0.000000000000000000, 1.000000000000000000, 0.000000000000000000 ) ) ;
#882 = ORIENTED_EDGE ( 'NONE', *, *, #3793, .F. ) ;
#883 = ORIENTED_EDGE ( 'NONE', *, *, #6958, .T. ) ;
#884 = ORIENTED_EDGE ( 'NONE', *, *, #7894, .F. ) ;
#885 = DIRECTION ( 'NONE',  ( 0.000000000000000000, 0.000000000000000000, -1.000000000000000000 ) ) ;
#886 = VECTOR ( 'NONE', #5225, 1000.000000000000000 ) ;
#887 = VECTOR ( 'NONE', #6606, 1000.000000000000000 ) ;
#888 = DIRECTION ( 'NONE',  ( -1.000000000000000000, 0.000000000000000000, -3.614007241618347785E-16 ) ) ;
#889 = CARTESIAN_POINT ( 'NONE',  ( -6.309978747059014736, 0.6450308918860931939, -2.165000000000000036 ) ) ;
#891 = DIRECTION ( 'NONE',  ( 0.000000000000000000, 0.000000000000000000, 1.000000000000000000 ) ) ;
#890 = VECTOR ( 'NONE', #4553, 1000.000000000000000 ) ;
#892 = ORIENTED_EDGE ( 'NONE', *, *, #2673, .F. ) ;
#893 = DIRECTION ( 'NONE',  ( -0.000000000000000000, 1.000000000000000000, 0.000000000000000000 ) ) ;
#894 = AXIS2_PLACEMENT_3D ( 'NONE', #6630, #1188, #3970 ) ;
#895 = ORIENTED_EDGE ( 'NONE', *, *, #8923, .T. ) ;
#896 = CYLINDRICAL_SURFACE ( 'NONE', #5636, 1.250000000000000000 ) ;
#897 = ADVANCED_FACE ( 'NONE', ( #2190 ), #2708, .T. ) ;
#898 = EDGE_CURVE ( 'NONE', #1609, #7613, #1340, .T. ) ;
#899 = ADVANCED_FACE ( 'NONE', ( #5495 ), #2028, .F. ) ;
#900 = DIRECTION ( 'NONE',  ( -1.000000000000000000, 0.000000000000000000, 7.885106708985496922E-16 ) ) ;
#901 = CARTESIAN_POINT ( 'NONE',  ( -5.011790629593825486, 2.893558669118013515, 0.2999999999999999334 ) ) ;
#902 = PLANE ( 'NONE',  #7832 ) ;
#903 = FACE_OUTER_BOUND ( 'NONE', #1280, .T. ) ;
#904 = ORIENTED_EDGE ( 'NONE', *, *, #1143, .F. ) ;
#905 = DIRECTION ( 'NONE',  ( 0.000000000000000000, 0.9961946980917461003, 0.08715574274765124085 ) ) ;
#906 = AXIS2_PLACEMENT_3D ( 'NONE', #3879, #5841, #3244 ) ;
#907 = ORIENTED_EDGE ( 'NONE', *, *, #4665, .F. ) ;
#908 = EDGE_CURVE ( 'NONE', #8198, #8834, #8964, .T. ) ;
#909 = LINE ( 'NONE', #1474, #478 ) ;
#910 = CARTESIAN_POINT ( 'NONE',  ( 6.150000000000001243, 3.229999999999999982, -3.899999999999999467 ) ) ;
#911 = LINE ( 'NONE', #7226, #8620 ) ;
#912 = VECTOR ( 'NONE', #3510, 1000.000000000000000 ) ;
#913 = LINE ( 'NONE', #3694, #4572 ) ;
#914 = AXIS2_PLACEMENT_3D ( 'NONE', #655, #8252, #562 ) ;
#915 = LINE ( 'NONE', #3695, #4036 ) ;
#916 = ADVANCED_FACE ( 'NONE', ( #2237 ), #7601, .T. ) ;
#917 = ORIENTED_EDGE ( 'NONE', *, *, #8971, .F. ) ;
#918 = AXIS2_PLACEMENT_3D ( 'NONE', #8768, #6162, #8276 ) ;
#919 = ORIENTED_EDGE ( 'NONE', *, *, #633, .F. ) ;
#920 = LINE ( 'NONE', #1618, #7533 ) ;
#921 = VERTEX_POINT ( 'NONE', #4122 ) ;
#922 = CARTESIAN_POINT ( 'NONE',  ( 9.250000000000001776, 3.229999999999999982, 2.259999999999998010 ) ) ;
#923 = ADVANCED_FACE ( 'NONE', ( #4031 ), #4075, .T. ) ;
#925 = CARTESIAN_POINT ( 'NONE',  ( 6.238607719548550534, 3.229999999999999982, 1.500000000000000000 ) ) ;
#924 = LINE ( 'NONE', #7149, #527 ) ;
#926 = EDGE_CURVE ( 'NONE', #2616, #588, #631, .T. ) ;
#927 = ORIENTED_EDGE ( 'NONE', *, *, #4794, .F. ) ;
#928 = ORIENTED_EDGE ( 'NONE', *, *, #6970, .F. ) ;
#929 = PRESENTATION_STYLE_ASSIGNMENT (( #4498 ) ) ;
#930 = DIRECTION ( 'NONE',  ( 0.000000000000000000, 1.000000000000000000, 0.000000000000000000 ) ) ;
#931 = PLANE ( 'NONE',  #1438 ) ;
#932 = DIRECTION ( 'NONE',  ( 1.000000000000000000, -0.000000000000000000, -0.000000000000000000 ) ) ;
#933 = VECTOR ( 'NONE', #552, 1000.000000000000114 ) ;
#934 = ORIENTED_EDGE ( 'NONE', *, *, #8782, .T. ) ;
#935 = DIRECTION ( 'NONE',  ( 0.000000000000000000, 0.000000000000000000, 1.000000000000000000 ) ) ;
#936 = ORIENTED_EDGE ( 'NONE', *, *, #3118, .T. ) ;
#937 = LINE ( 'NONE', #3720, #1514 ) ;
#938 = DIRECTION ( 'NONE',  ( -0.000000000000000000, -0.000000000000000000, -1.000000000000000000 ) ) ;
#939 = DIRECTION ( 'NONE',  ( 1.000000000000000000, 0.000000000000000000, 0.000000000000000000 ) ) ;
#940 = CARTESIAN_POINT ( 'NONE',  ( -6.162772263854414234, 0.8999999999999971356, -0.9699999999999999734 ) ) ;
#941 = LINE ( 'NONE', #398, #1560 ) ;
#942 = ORIENTED_EDGE ( 'NONE', *, *, #5557, .F. ) ;
#943 = DIRECTION ( 'NONE',  ( -0.9975640502598243087, -0.06975647374412492774, 0.000000000000000000 ) ) ;
#944 = EDGE_CURVE ( 'NONE', #2613, #4098, #4971, .T. ) ;
#945 = EDGE_CURVE ( 'NONE', #4188, #721, #8937, .T. ) ;
#946 = EDGE_LOOP ( 'NONE', ( #4984, #4997, #1122, #7858, #7361, #458 ) ) ;
#947 = VECTOR ( 'NONE', #1006, 1000.000000000000000 ) ;
#948 = DIRECTION ( 'NONE',  ( -0.000000000000000000, -0.000000000000000000, -1.000000000000000000 ) ) ;
#949 = FACE_OUTER_BOUND ( 'NONE', #8056, .T. ) ;
#950 = LINE ( 'NONE', #6579, #5412 ) ;
#951 = VECTOR ( 'NONE', #6777, 1000.000000000000000 ) ;
#952 = SURFACE_STYLE_USAGE ( .BOTH. , #7229 ) ;
#953 = DIRECTION ( 'NONE',  ( -1.000000000000000000, 0.000000000000000000, 0.000000000000000000 ) ) ;
#954 = EDGE_CURVE ( 'NONE', #1163, #2595, #1554, .T. ) ;
#955 = AXIS2_PLACEMENT_3D ( 'NONE', #5046, #5770, #7842 ) ;
#956 = ORIENTED_EDGE ( 'NONE', *, *, #1487, .T. ) ;
#957 = VECTOR ( 'NONE', #2612, 1000.000000000000000 ) ;
#958 = ORIENTED_EDGE ( 'NONE', *, *, #4475, .T. ) ;
#959 = CARTESIAN_POINT ( 'NONE',  ( -4.547405474510220813, 5.291447441365441011E-16, -4.627202638811739099 ) ) ;
#960 = VERTEX_POINT ( 'NONE', #5451 ) ;
#961 = DIRECTION ( 'NONE',  ( 1.000000000000000000, 0.000000000000000000, 0.000000000000000000 ) ) ;
#962 = EDGE_CURVE ( 'NONE', #6345, #814, #4330, .T. ) ;
#963 = UNCERTAINTY_MEASURE_WITH_UNIT (LENGTH_MEASURE( 1.000000000000000082E-05 ), #3051, 'distance_accuracy_value', 'NONE');
#964 = FACE_OUTER_BOUND ( 'NONE', #8637, .T. ) ;
#966 = CARTESIAN_POINT ( 'NONE',  ( 8.990000000000001990, 3.229999999999999982, 1.500000000000000000 ) ) ;
#965 = CARTESIAN_POINT ( 'NONE',  ( 6.238607719548550534, 3.229999999999999982, -1.500000000000000000 ) ) ;
#967 = EDGE_CURVE ( 'NONE', #738, #2321, #6231, .T. ) ;
#968 = ORIENTED_EDGE ( 'NONE', *, *, #4590, .F. ) ;
#969 = ORIENTED_EDGE ( 'NONE', *, *, #4365, .T. ) ;
#970 = ORIENTED_EDGE ( 'NONE', *, *, #2324, .F. ) ;
#971 = LINE ( 'NONE', #7292, #3790 ) ;
#972 = EDGE_CURVE ( 'NONE', #3591, #792, #5598, .T. ) ;
#973 = VECTOR ( 'NONE', #1764, 1000.000000000000000 ) ;
#974 = CARTESIAN_POINT ( 'NONE',  ( -1.851230148501655570, 1.615813994975101586, -6.801802880157416631 ) ) ;
#975 = CARTESIAN_POINT ( 'NONE',  ( -4.440221117080910496, 0.6404165072712850737, 0.000000000000000000 ) ) ;
#976 = DIRECTION ( 'NONE',  ( -0.9925461516413226493, -0.1218693434051425495, 0.000000000000000000 ) ) ;
#977 = ORIENTED_EDGE ( 'NONE', *, *, #2752, .T. ) ;
#978 = FACE_OUTER_BOUND ( 'NONE', #3916, .T. ) ;
#979 = VECTOR ( 'NONE', #1598, 1000.000000000000000 ) ;
#980 = VERTEX_POINT ( 'NONE', #4773 ) ;
#981 = DIRECTION ( 'NONE',  ( 1.000000000000000000, 0.000000000000000000, 0.000000000000000000 ) ) ;
#982 = CARTESIAN_POINT ( 'NONE',  ( -6.742991448951236144, 0.8950308918860907514, -2.239999999999999769 ) ) ;
#983 = DIRECTION ( 'NONE',  ( 0.000000000000000000, 0.9975640502598241977, 0.06975647374412620449 ) ) ;
#984 = CARTESIAN_POINT ( 'NONE',  ( 0.000000000000000000, 1.649999999999999911, 1.570000000000000284 ) ) ;
#985 = LINE ( 'NONE', #5966, #3450 ) ;
#986 = ORIENTED_EDGE ( 'NONE', *, *, #1217, .F. ) ;
#987 = CARTESIAN_POINT ( 'NONE',  ( -2.049999999999997602, 3.729999999999999982, 6.200000000000000178 ) ) ;
#988 = VERTEX_POINT ( 'NONE', #3335 ) ;
#989 = DIRECTION ( 'NONE',  ( 0.9975640502598243087, 0.06975647374412489998, 0.000000000000000000 ) ) ;
#990 = LINE ( 'NONE', #1525, #1491 ) ;
#991 = CARTESIAN_POINT ( 'NONE',  ( -0.07971870264047217769, 1.140030560879458754, 0.2999999999999999334 ) ) ;
#992 = ADVANCED_FACE ( 'NONE', ( #7559 ), #161, .F. ) ;
#993 = DIRECTION ( 'NONE',  ( 0.000000000000000000, 0.000000000000000000, -1.000000000000000000 ) ) ;
#994 = FACE_OUTER_BOUND ( 'NONE', #1436, .T. ) ;
#995 = ORIENTED_EDGE ( 'NONE', *, *, #85, .T. ) ;
#996 = CARTESIAN_POINT ( 'NONE',  ( -4.494608113321962861, 3.729999999999999982, -4.680000000000001492 ) ) ;
#997 = DIRECTION ( 'NONE',  ( 0.000000000000000000, 0.000000000000000000, 1.000000000000000000 ) ) ;
#998 = LINE ( 'NONE', #7472, #6772 ) ;
#999 = EDGE_LOOP ( 'NONE', ( #9041, #3981, #5030, #7935 ) ) ;
#1000 = DIRECTION ( 'NONE',  ( 1.000000000000000000, 0.000000000000000000, 0.000000000000000000 ) ) ;
#1001 = ORIENTED_EDGE ( 'NONE', *, *, #3435, .F. ) ;
#1002 = FACE_OUTER_BOUND ( 'NONE', #8738, .T. ) ;
#1003 = EDGE_CURVE ( 'NONE', #618, #3750, #7947, .T. ) ;
#1004 = EDGE_CURVE ( 'NONE', #800, #8074, #2239, .T. ) ;
#1005 = CARTESIAN_POINT ( 'NONE',  ( -6.742991448951236144, 0.8950308918860907514, 0.3749999999999994449 ) ) ;
#1007 = LINE ( 'NONE', #7977, #229 ) ;
#1006 = DIRECTION ( 'NONE',  ( -1.000000000000000000, -0.000000000000000000, -0.000000000000000000 ) ) ;
#1008 = VECTOR ( 'NONE', #61, 1000.000000000000000 ) ;
#1009 = ORIENTED_EDGE ( 'NONE', *, *, #7355, .F. ) ;
#1010 = ORIENTED_EDGE ( 'NONE', *, *, #3940, .T. ) ;
#1011 = DIRECTION ( 'NONE',  ( 1.000000000000000000, 0.000000000000000000, 0.000000000000000000 ) ) ;
#1012 = EDGE_LOOP ( 'NONE', ( #4442, #3245, #4822, #5060 ) ) ;
#1013 = VECTOR ( 'NONE', #514, 1000.000000000000000 ) ;
#1014 = LINE ( 'NONE', #1760, #6440 ) ;
#1015 = EDGE_CURVE ( 'NONE', #5709, #3580, #6665, .T. ) ;
#1016 = AXIS2_PLACEMENT_3D ( 'NONE', #309, #1285, #643 ) ;
#1017 = CARTESIAN_POINT ( 'NONE',  ( -6.742991448951236144, 0.8950308918860907514, 2.840000000000000302 ) ) ;
#1018 = CARTESIAN_POINT ( 'NONE',  ( -5.729759561962193715, 1.149999999999999689, 2.240000000000000657 ) ) ;
#1019 = CARTESIAN_POINT ( 'NONE',  ( -7.106247677099330140, 0.1474668416262637505, -1.569999999999999840 ) ) ;
#1020 = EDGE_CURVE ( 'NONE', #6168, #4218, #4418, .T. ) ;
#1021 = ORIENTED_EDGE ( 'NONE', *, *, #7723, .F. ) ;
#1022 = CARTESIAN_POINT ( 'NONE',  ( 3.774478171836572304, 0.4987820251299121543, -6.999999999999999112 ) ) ;
#1023 = AXIS2_PLACEMENT_3D ( 'NONE', #4990, #5675, #7787 ) ;
#1024 = VERTEX_POINT ( 'NONE', #5871 ) ;
#1025 = ORIENTED_EDGE ( 'NONE', *, *, #2253, .F. ) ;
#1026 = DIRECTION ( 'NONE',  ( -0.000000000000000000, -0.000000000000000000, -1.000000000000000000 ) ) ;
#1027 = DIRECTION ( 'NONE',  ( -0.000000000000000000, -0.000000000000000000, -1.000000000000000000 ) ) ;
#1028 = DIRECTION ( 'NONE',  ( -0.000000000000000000, -0.000000000000000000, -1.000000000000000000 ) ) ;
#1029 = DIRECTION ( 'NONE',  ( 1.000000000000000000, 0.000000000000000000, -0.000000000000000000 ) ) ;
#1030 = CARTESIAN_POINT ( 'NONE',  ( -5.729759561962193715, 0.6500000000000000222, 0.2999999999999999334 ) ) ;
#1031 = ADVANCED_FACE ( 'NONE', ( #4464 ), #7258, .F. ) ;
#1032 = VECTOR ( 'NONE', #3006, 1000.000000000000000 ) ;
#1033 = CLOSED_SHELL ( 'NONE', ( #1031, #2642, #8858, #3622, #6752, #2173, #4591, #3098, #7789, #795, #5460, #2210, #273, #2836, #5202, #7021, #6099, #2972, #7272, #6409, #4744, #5827, #3639, #5438, #1584, #2942, #4922, #1138, #3265, #6854, #4659, #2723, #3853, #7459, #4981, #7611, #5780, #4851, #689, #2826, #6654, #3587, #5917, #5708, #628, #6248, #7630, #1451, #1145, #7395, #8309, #7532, #2193, #8578, #7626, #1806, #7015, #7238, #2696, #7505, #7884, #1710, #4207, #538, #6843, #7949 ) ) ;
#1034 = EDGE_LOOP ( 'NONE', ( #1790, #1097, #122, #5687 ) ) ;
#1035 = DIRECTION ( 'NONE',  ( 1.000000000000000000, -0.000000000000000000, -0.000000000000000000 ) ) ;
#1036 = EDGE_LOOP ( 'NONE', ( #8281, #4593, #1259, #3588 ) ) ;
#1037 = VECTOR ( 'NONE', #769, 1000.000000000000000 ) ;
#1038 = CARTESIAN_POINT ( 'NONE',  ( -0.04484046576840968606, 0.6412485357495464333, -2.839999999999999858 ) ) ;
#1039 = CARTESIAN_POINT ( 'NONE',  ( -6.309978747059014736, 0.6450308918860931939, 4.184999999999999609 ) ) ;
#1040 = DIRECTION ( 'NONE',  ( -0.000000000000000000, -0.000000000000000000, -1.000000000000000000 ) ) ;
#1041 = AXIS2_PLACEMENT_3D ( 'NONE', #7293, #4457, #888 ) ;
#1042 = PLANE ( 'NONE',  #7792 ) ;
#1043 = VECTOR ( 'NONE', #4550, 1000.000000000000000 ) ;
#1044 = DIRECTION ( 'NONE',  ( 0.000000000000000000, 0.000000000000000000, -1.000000000000000000 ) ) ;
#1045 = ORIENTED_EDGE ( 'NONE', *, *, #972, .F. ) ;
#1046 = CARTESIAN_POINT ( 'NONE',  ( 0.3500000000000021982, 3.229999999999999982, -6.199999999999999289 ) ) ;
#1047 = ORIENTED_EDGE ( 'NONE', *, *, #7526, .T. ) ;
#1048 = DIRECTION ( 'NONE',  ( 0.000000000000000000, -0.000000000000000000, 1.000000000000000000 ) ) ;
#1049 = LINE ( 'NONE', #3292, #4524 ) ;
#1050 = VERTEX_POINT ( 'NONE', #2996 ) ;
#1051 = CARTESIAN_POINT ( 'NONE',  ( 9.250000000000001776, 1.026283873608581976, -5.502875684468884643 ) ) ;
#1052 = ORIENTED_EDGE ( 'NONE', *, *, #7114, .T. ) ;
#1053 = PLANE ( 'NONE',  #8767 ) ;
#1054 = AXIS2_PLACEMENT_3D ( 'NONE', #8981, #5534, #6966 ) ;
#1055 = AXIS2_PLACEMENT_3D ( 'NONE', #1727, #5102, #3083 ) ;
#1056 = CARTESIAN_POINT ( 'NONE',  ( -2.849999999999997424, 3.229999999999999982, -5.750000000000000000 ) ) ;
#1058 = FACE_OUTER_BOUND ( 'NONE', #4823, .T. ) ;
#1057 = DIRECTION ( 'NONE',  ( -0.000000000000000000, -0.000000000000000000, -1.000000000000000000 ) ) ;
#1059 = AXIS2_PLACEMENT_3D ( 'NONE', #5249, #1656, #3875 ) ;
#1060 = EDGE_CURVE ( 'NONE', #4383, #7713, #254, .T. ) ;
#1061 = EDGE_CURVE ( 'NONE', #2521, #3602, #937, .T. ) ;
#1062 = EDGE_LOOP ( 'NONE', ( #7518, #2341, #3174, #2882 ) ) ;
#1063 = ORIENTED_EDGE ( 'NONE', *, *, #8189, .T. ) ;
#1064 = LINE ( 'NONE', #3944, #5423 ) ;
#1065 = ORIENTED_EDGE ( 'NONE', *, *, #6599, .F. ) ;
#1066 = CARTESIAN_POINT ( 'NONE',  ( -6.742991448951236144, 0.8950308918860907514, -1.569999999999999840 ) ) ;
#1067 = VECTOR ( 'NONE', #2029, 1000.000000000000000 ) ;
#1068 = LINE ( 'NONE', #8906, #7107 ) ;
#1069 = DIRECTION ( 'NONE',  ( -0.000000000000000000, 0.000000000000000000, 1.000000000000000000 ) ) ;
#1070 = LINE ( 'NONE', #3852, #472 ) ;
#1071 = ADVANCED_FACE ( 'NONE', ( #3038 ), #7166, .F. ) ;
#1072 = ORIENTED_EDGE ( 'NONE', *, *, #6863, .T. ) ;
#1073 = DIRECTION ( 'NONE',  ( -0.000000000000000000, -0.000000000000000000, -1.000000000000000000 ) ) ;
#1074 = ORIENTED_EDGE ( 'NONE', *, *, #8509, .T. ) ;
#1075 = ORIENTED_EDGE ( 'NONE', *, *, #2557, .F. ) ;
#1076 = CARTESIAN_POINT ( 'NONE',  ( 6.150000000000001243, 3.229999999999999982, 3.899999999999999467 ) ) ;
#1077 = EDGE_CURVE ( 'NONE', #3112, #1981, #390, .T. ) ;
#1078 = LINE ( 'NONE', #4373, #4202 ) ;
#1079 = CARTESIAN_POINT ( 'NONE',  ( -7.176004150843455776, 1.145030891886088309, -0.9699999999999999734 ) ) ;
#1080 = DIRECTION ( 'NONE',  ( 0.4999999999999968359, 0.8660254037844404840, 0.000000000000000000 ) ) ;
#1081 = VECTOR ( 'NONE', #3699, 1000.000000000000227 ) ;
#1082 = DIRECTION ( 'NONE',  ( -0.8660254037844418162, 0.4999999999999947264, 0.000000000000000000 ) ) ;
#1083 = ORIENTED_EDGE ( 'NONE', *, *, #7080, .T. ) ;
#1084 = CARTESIAN_POINT ( 'NONE',  ( 0.02737215663941867591, 2.419999999999999929, -6.900544505668654516 ) ) ;
#1085 = ORIENTED_EDGE ( 'NONE', *, *, #2881, .F. ) ;
#1086 = EDGE_CURVE ( 'NONE', #6212, #3644, #6526, .T. ) ;
#1087 = LINE ( 'NONE', #3234, #35 ) ;
#1088 = DIRECTION ( 'NONE',  ( -2.082697505432185440E-16, 1.000000000000000000, 0.000000000000000000 ) ) ;
#1089 = CARTESIAN_POINT ( 'NONE',  ( -2.049999999999997602, 3.729999999999999982, -5.799999999999998934 ) ) ;
#1090 = ADVANCED_FACE ( 'NONE', ( #8037 ), #8628, .T. ) ;
#1091 = CARTESIAN_POINT ( 'NONE',  ( -2.049999999999997602, 3.229999999999999982, 6.200000000000000178 ) ) ;
#1092 = DIRECTION ( 'NONE',  ( 0.1218693434051442426, -0.9925461516413223162, 0.000000000000000000 ) ) ;
#1093 = AXIS2_PLACEMENT_3D ( 'NONE', #4954, #1580, #2178 ) ;
#1094 = ORIENTED_EDGE ( 'NONE', *, *, #5098, .T. ) ;
#1095 = FACE_OUTER_BOUND ( 'NONE', #3500, .T. ) ;
#1096 = ORIENTED_EDGE ( 'NONE', *, *, #2201, .T. ) ;
#1097 = ORIENTED_EDGE ( 'NONE', *, *, #4840, .T. ) ;
#1098 = LINE ( 'NONE', #7277, #7304 ) ;
#1099 = CARTESIAN_POINT ( 'NONE',  ( 9.250000000000001776, 2.817155742747651459, 5.346194698091745856 ) ) ;
#1100 = VECTOR ( 'NONE', #2779, 1000.000000000000000 ) ;
#1101 = PLANE ( 'NONE',  #6311 ) ;
#1102 = DIRECTION ( 'NONE',  ( 0.000000000000000000, 0.000000000000000000, 1.000000000000000000 ) ) ;
#1103 = ORIENTED_EDGE ( 'NONE', *, *, #532, .F. ) ;
#1104 = DIRECTION ( 'NONE',  ( -0.000000000000000000, 0.000000000000000000, 1.000000000000000000 ) ) ;
#1105 = VECTOR ( 'NONE', #7014, 999.9999999999998863 ) ;
#1106 = CARTESIAN_POINT ( 'NONE',  ( -4.750000000000005329, 1.649999999999999911, -2.839999999999999858 ) ) ;
#1107 = VECTOR ( 'NONE', #8573, 1000.000000000000000 ) ;
#1109 = LINE ( 'NONE', #1210, #4620 ) ;
#1108 = CARTESIAN_POINT ( 'NONE',  ( -6.309978747059014736, 0.6450308918860931939, 4.184999999999999609 ) ) ;
#1110 = AXIS2_PLACEMENT_3D ( 'NONE', #7689, #2920, #1427 ) ;
#1111 = EDGE_LOOP ( 'NONE', ( #8708, #582, #6920, #5568, #1337, #3262 ) ) ;
#1112 = ORIENTED_EDGE ( 'NONE', *, *, #632, .F. ) ;
#1113 = AXIS2_PLACEMENT_3D ( 'NONE', #2179, #798, #7576 ) ;
#1114 = ORIENTED_EDGE ( 'NONE', *, *, #3686, .F. ) ;
#1115 = DIRECTION ( 'NONE',  ( -0.000000000000000000, -0.000000000000000000, -1.000000000000000000 ) ) ;
#1116 = VECTOR ( 'NONE', #4060, 1000.000000000000000 ) ;
#1117 = EDGE_CURVE ( 'NONE', #6532, #2778, #4456, .T. ) ;
#1118 = EDGE_CURVE ( 'NONE', #6807, #2143, #3763, .T. ) ;
#1119 = FACE_BOUND ( 'NONE', #8555, .T. ) ;
#1120 = FACE_OUTER_BOUND ( 'NONE', #2540, .T. ) ;
#1121 = CARTESIAN_POINT ( 'NONE',  ( -5.729759561962193715, 1.649999999999999911, 2.840000000000000302 ) ) ;
#1122 = ORIENTED_EDGE ( 'NONE', *, *, #2106, .T. ) ;
#1123 = DIRECTION ( 'NONE',  ( 1.000000000000000000, 0.000000000000000000, 0.000000000000000000 ) ) ;
#1124 = VERTEX_POINT ( 'NONE', #6618 ) ;
#1125 = VERTEX_POINT ( 'NONE', #2454 ) ;
#1126 = DIRECTION ( 'NONE',  ( -0.06975647374412444202, 0.9975640502598243087, 0.000000000000000000 ) ) ;
#1127 = AXIS2_PLACEMENT_3D ( 'NONE', #6151, #4792, #5420 ) ;
#1128 = AXIS2_PLACEMENT_3D ( 'NONE', #5411, #2484, #8214 ) ;
#1129 = EDGE_CURVE ( 'NONE', #7530, #3830, #6653, .T. ) ;
#1130 = EDGE_CURVE ( 'NONE', #4360, #9049, #3175, .T. ) ;
#1131 = CARTESIAN_POINT ( 'NONE',  ( -9.215121763127934074, -1.084202172485504434E-16, 3.510000000000000231 ) ) ;
#1132 = DIRECTION ( 'NONE',  ( -0.000000000000000000, 0.000000000000000000, 1.000000000000000000 ) ) ;
#1133 = CARTESIAN_POINT ( 'NONE',  ( -6.162772263854414234, 0.8999999999999971356, 4.184999999999999609 ) ) ;
#1134 = DIRECTION ( 'NONE',  ( 0.000000000000000000, 0.000000000000000000, 1.000000000000000000 ) ) ;
#1135 = CIRCLE ( 'NONE', #6538, 1.000000000000000000 ) ;
#1136 = ORIENTED_EDGE ( 'NONE', *, *, #4356, .T. ) ;
#1137 = DIRECTION ( 'NONE',  ( -0.000000000000000000, -0.000000000000000000, 1.000000000000000000 ) ) ;
#1138 = ADVANCED_FACE ( 'NONE', ( #7859, #1596 ), #896, .F. ) ;
#1139 = ORIENTED_EDGE ( 'NONE', *, *, #4901, .F. ) ;
#1140 = DIRECTION ( 'NONE',  ( -1.000000000000000000, 0.000000000000000000, -3.614007241618348278E-16 ) ) ;
#1141 = CARTESIAN_POINT ( 'NONE',  ( 6.988607719548549646, 3.729999999999998206, -6.938607719548552488 ) ) ;
#1142 = DIRECTION ( 'NONE',  ( 0.000000000000000000, -0.9961946980917459893, 0.08715574274765214291 ) ) ;
#1143 = EDGE_CURVE ( 'NONE', #4807, #4807, #2994, .T. ) ;
#1144 = FILL_AREA_STYLE ('',( #6082 ) ) ;
#1145 = ADVANCED_FACE ( 'NONE', ( #5383 ), #8273, .F. ) ;
#1146 = CARTESIAN_POINT ( 'NONE',  ( -9.249999999999996447, 0.4987820251299122654, -4.110000000000000320 ) ) ;
#1147 = VERTEX_POINT ( 'NONE', #543 ) ;
#1148 = CARTESIAN_POINT ( 'NONE',  ( -2.849999999999999201, 3.229999999999999982, 5.750000000000000000 ) ) ;
#1149 = EDGE_CURVE ( 'NONE', #5587, #530, #8960, .T. ) ;
#1150 = ADVANCED_FACE ( 'NONE', ( #1963 ), #8230, .F. ) ;
#1151 = ORIENTED_EDGE ( 'NONE', *, *, #8200, .F. ) ;
#1152 = ORIENTED_EDGE ( 'NONE', *, *, #6045, .F. ) ;
#1153 = LINE ( 'NONE', #8695, #4964 ) ;
#1154 = CARTESIAN_POINT ( 'NONE',  ( 2.650000000000002132, 3.229999999999999982, -5.799999999999999822 ) ) ;
#1155 = ORIENTED_EDGE ( 'NONE', *, *, #8585, .T. ) ;
#1156 = DIRECTION ( 'NONE',  ( -0.1218693434051425356, 0.9925461516413225382, 0.000000000000000000 ) ) ;
#1157 = EDGE_LOOP ( 'NONE', ( #5306, #5926, #8877, #6563 ) ) ;
#1158 = FACE_OUTER_BOUND ( 'NONE', #2953, .T. ) ;
#1159 = DIRECTION ( 'NONE',  ( 1.000000000000000000, 0.000000000000000000, 2.891205793294679312E-16 ) ) ;
#1161 = DIRECTION ( 'NONE',  ( 0.1417109785282572310, 0.9825294511292501642, 0.1206394472310701738 ) ) ;
#1160 = CARTESIAN_POINT ( 'NONE',  ( -4.494608113321961085, 3.729999999999999982, 4.679999999999999716 ) ) ;
#1162 = EDGE_CURVE ( 'NONE', #4055, #5322, #2598, .T. ) ;
#1163 = VERTEX_POINT ( 'NONE', #3908 ) ;
#1164 = VERTEX_POINT ( 'NONE', #1228 ) ;
#1165 = FILL_AREA_STYLE ('',( #4694 ) ) ;
#1166 = VERTEX_POINT ( 'NONE', #6852 ) ;
#1167 = LINE ( 'NONE', #3116, #2073 ) ;
#1168 = AXIS2_PLACEMENT_3D ( 'NONE', #8170, #5415, #7529 ) ;
#1169 = VECTOR ( 'NONE', #7708, 1000.000000000000000 ) ;
#1170 = CYLINDRICAL_SURFACE ( 'NONE', #2289, 0.4499999999999999001 ) ;
#1171 = PLANE ( 'NONE',  #3900 ) ;
#1172 = LINE ( 'NONE', #1121, #3812 ) ;
#1173 = EDGE_LOOP ( 'NONE', ( #1009, #2871, #8201, #3279 ) ) ;
#1174 = LINE ( 'NONE', #3952, #6316 ) ;
#1175 = ORIENTED_EDGE ( 'NONE', *, *, #6161, .F. ) ;
#1176 = ORIENTED_EDGE ( 'NONE', *, *, #2007, .T. ) ;
#1177 = PLANE ( 'NONE',  #1844 ) ;
#1178 = MECHANICAL_DESIGN_GEOMETRIC_PRESENTATION_REPRESENTATION (  '', ( #5108 ), #8928 ) ;
#1179 = LINE ( 'NONE', #1964, #6694 ) ;
#1180 = DIRECTION ( 'NONE',  ( 0.000000000000000000, 0.06975647374412534407, 0.9975640502598241977 ) ) ;
#1181 = LINE ( 'NONE', #3363, #831 ) ;
#1182 = ORIENTED_EDGE ( 'NONE', *, *, #849, .F. ) ;
#1183 = CARTESIAN_POINT ( 'NONE',  ( -4.344608113321960730, 2.010000000000000231, 5.680000000000001492 ) ) ;
#1184 = ORIENTED_EDGE ( 'NONE', *, *, #6778, .F. ) ;
#1185 = EDGE_CURVE ( 'NONE', #5617, #6307, #2717, .T. ) ;
#1186 = EDGE_CURVE ( 'NONE', #2261, #2985, #2503, .T. ) ;
#1187 = DIRECTION ( 'NONE',  ( 0.000000000000000000, 0.000000000000000000, 1.000000000000000000 ) ) ;
#1188 = DIRECTION ( 'NONE',  ( 0.9975640502598243087, 0.06975647374412444202, -0.000000000000000000 ) ) ;
#1189 = VECTOR ( 'NONE', #7117, 1000.000000000000000 ) ;
#1190 = VECTOR ( 'NONE', #4211, 1000.000000000000000 ) ;
#1191 = CARTESIAN_POINT ( 'NONE',  ( -4.688607719548555153, 1.149999999999999911, -0.2999999999999999334 ) ) ;
#1192 = LINE ( 'NONE', #8245, #8870 ) ;
#1193 = ORIENTED_EDGE ( 'NONE', *, *, #6655, .T. ) ;
#1194 = CARTESIAN_POINT ( 'NONE',  ( 9.250000000000001776, 3.729999999999999982, -2.259999999999998010 ) ) ;
#1195 = AXIS2_PLACEMENT_3D ( 'NONE', #7398, #4654, #3905 ) ;
#1196 = EDGE_CURVE ( 'NONE', #7145, #2463, #1688, .T. ) ;
#1197 = ORIENTED_EDGE ( 'NONE', *, *, #644, .F. ) ;
#1198 = ORIENTED_EDGE ( 'NONE', *, *, #3579, .T. ) ;
#1199 = CARTESIAN_POINT ( 'NONE',  ( -6.309978747059014736, 0.6450308918860931939, 1.570000000000000284 ) ) ;
#1200 = DIRECTION ( 'NONE',  ( -0.000000000000000000, -0.000000000000000000, -1.000000000000000000 ) ) ;
#1201 = AXIS2_PLACEMENT_3D ( 'NONE', #487, #6150, #7490 ) ;
#1202 = ORIENTED_EDGE ( 'NONE', *, *, #698, .F. ) ;
#1203 = DIRECTION ( 'NONE',  ( -0.000000000000000000, 1.000000000000000000, -0.000000000000000000 ) ) ;
#1204 = ORIENTED_EDGE ( 'NONE', *, *, #6963, .F. ) ;
#1205 = CARTESIAN_POINT ( 'NONE',  ( 6.150000000000001243, 3.729999999999999982, -3.899999999999999467 ) ) ;
#1206 = AXIS2_PLACEMENT_3D ( 'NONE', #3170, #8909, #8226 ) ;
#1207 = ADVANCED_FACE ( 'NONE', ( #4657 ), #1177, .T. ) ;
#1208 = DIRECTION ( 'NONE',  ( 1.000000000000000000, 0.000000000000000000, 0.000000000000000000 ) ) ;
#1210 = CARTESIAN_POINT ( 'NONE',  ( 6.238607719548550534, 3.729999999999999982, -0.9999999999999995559 ) ) ;
#1209 = FACE_OUTER_BOUND ( 'NONE', #2936, .T. ) ;
#1211 = VECTOR ( 'NONE', #867, 1000.000000000000000 ) ;
#1212 = ORIENTED_EDGE ( 'NONE', *, *, #2926, .F. ) ;
#1213 = CIRCLE ( 'NONE', #3537, 1.000000000000000000 ) ;
#1214 = ORIENTED_EDGE ( 'NONE', *, *, #8596, .F. ) ;
#1215 = PRESENTATION_STYLE_ASSIGNMENT (( #427 ) ) ;
#1216 = ORIENTED_EDGE ( 'NONE', *, *, #3520, .F. ) ;
#1217 = EDGE_CURVE ( 'NONE', #4855, #340, #7539, .T. ) ;
#1218 = CARTESIAN_POINT ( 'NONE',  ( 5.700000000000001066, 3.229999999999999982, 6.199999999999999289 ) ) ;
#1219 = EDGE_CURVE ( 'NONE', #3580, #291, #4022, .T. ) ;
#1220 = LINE ( 'NONE', #4003, #4710 ) ;
#1221 = AXIS2_PLACEMENT_3D ( 'NONE', #344, #7353, #4370 ) ;
#1222 = LINE ( 'NONE', #2496, #6396 ) ;
#1223 = DIRECTION ( 'NONE',  ( -1.000000000000000000, 0.000000000000000000, -1.084202172485504631E-15 ) ) ;
#1224 = ORIENTED_EDGE ( 'NONE', *, *, #7839, .T. ) ;
#1225 = DIRECTION ( 'NONE',  ( 1.000000000000000000, -0.000000000000000000, -0.000000000000000000 ) ) ;
#1226 = MECHANICAL_DESIGN_GEOMETRIC_PRESENTATION_REPRESENTATION (  '', ( #7940 ), #5735 ) ;
#1227 = EDGE_LOOP ( 'NONE', ( #7636 ) ) ;
#1228 = CARTESIAN_POINT ( 'NONE',  ( 6.238607719548550534, 3.729999999999999982, -0.9999999999999995559 ) ) ;
#1229 = CARTESIAN_POINT ( 'NONE',  ( -5.729759561962193715, 0.6500000000000000222, -0.3750000000000003331 ) ) ;
#1230 = DIRECTION ( 'NONE',  ( -0.06975647374412492774, 0.9975640502598243087, 0.000000000000000000 ) ) ;
#1231 = LINE ( 'NONE', #7544, #1116 ) ;
#1232 = ORIENTED_EDGE ( 'NONE', *, *, #4716, .T. ) ;
#1233 = DIRECTION ( 'NONE',  ( -0.1417109785282572310, -0.9825294511292500532, -0.1206394472310702570 ) ) ;
#1234 = VERTEX_POINT ( 'NONE', #1912 ) ;
#1235 = CARTESIAN_POINT ( 'NONE',  ( -5.729759561962193715, 1.649999999999999911, 1.570000000000000284 ) ) ;
#1236 = LINE ( 'NONE', #5482, #2666 ) ;
#1237 = CARTESIAN_POINT ( 'NONE',  ( 6.150000000000001243, 3.729999999999999982, 6.199999999999999289 ) ) ;
#1238 = SURFACE_SIDE_STYLE ('',( #2020 ) ) ;
#1239 = EDGE_CURVE ( 'NONE', #127, #4585, #583, .T. ) ;
#1240 = DIRECTION ( 'NONE',  ( -1.000000000000000000, 0.000000000000000000, 0.000000000000000000 ) ) ;
#1241 = EDGE_CURVE ( 'NONE', #5125, #6663, #8821, .T. ) ;
#1242 = EDGE_LOOP ( 'NONE', ( #4655, #2864, #5731, #7455 ) ) ;
#1243 = LINE ( 'NONE', #8384, #4722 ) ;
#1244 = ORIENTED_EDGE ( 'NONE', *, *, #2987, .F. ) ;
#1245 = EDGE_LOOP ( 'NONE', ( #4505, #6627, #8394, #4344, #4144, #6525 ) ) ;
#1246 = EDGE_LOOP ( 'NONE', ( #3828, #4552, #6452, #3954 ) ) ;
#1247 = DIRECTION ( 'NONE',  ( 1.000000000000000000, 0.000000000000000000, -0.000000000000000000 ) ) ;
#1248 = AXIS2_PLACEMENT_3D ( 'NONE', #2526, #3985, #3337 ) ;
#1249 = MANIFOLD_SOLID_BREP ( 'LPattern1[6]', #8947 ) ;
#1250 = CARTESIAN_POINT ( 'NONE',  ( 3.774478171836572304, 1.026283873608581754, 5.502875684468884643 ) ) ;
#1251 = CARTESIAN_POINT ( 'NONE',  ( -6.742991448951236144, 0.8950308918860907514, 4.184999999999999609 ) ) ;
#1252 = ORIENTED_EDGE ( 'NONE', *, *, #7725, .T. ) ;
#1253 = CARTESIAN_POINT ( 'NONE',  ( -5.729759561962193715, 0.6500000000000000222, -0.8950000000000003508 ) ) ;
#1254 =( REPRESENTATION_RELATIONSHIP ('NONE','NONE', #3148, #9 ) REPRESENTATION_RELATIONSHIP_WITH_TRANSFORMATION ( #1513 )SHAPE_REPRESENTATION_RELATIONSHIP( ) );
#1255 = ADVANCED_FACE ( 'NONE', ( #1499 ), #5425, .T. ) ;
#1256 = LINE ( 'NONE', #1348, #4974 ) ;
#1257 = CARTESIAN_POINT ( 'NONE',  ( -2.395102131247015462E-16, 1.150000000000001021, 0.9700000000000004174 ) ) ;
#1258 = EDGE_CURVE ( 'NONE', #5651, #1526, #1366, .T. ) ;
#1259 = ORIENTED_EDGE ( 'NONE', *, *, #7336, .F. ) ;
#1260 = VECTOR ( 'NONE', #7214, 1000.000000000000000 ) ;
#1261 = ORIENTED_EDGE ( 'NONE', *, *, #7480, .T. ) ;
#1262 = PLANE ( 'NONE',  #4250 ) ;
#1263 = ORIENTED_EDGE ( 'NONE', *, *, #8117, .F. ) ;
#1264 = CARTESIAN_POINT ( 'NONE',  ( -6.742991448951236144, 0.8950308918860907514, 4.110000000000000320 ) ) ;
#1265 = MANIFOLD_SOLID_BREP ( 'LPattern1[2]', #2352 ) ;
#1266 = DIRECTION ( 'NONE',  ( -2.082697505432185440E-16, 1.000000000000000000, 0.000000000000000000 ) ) ;
#1267 = VECTOR ( 'NONE', #4908, 1000.000000000000000 ) ;
#1268 = EDGE_CURVE ( 'NONE', #4016, #5007, #4882, .T. ) ;
#1269 = PLANE ( 'NONE',  #2309 ) ;
#1270 = DIRECTION ( 'NONE',  ( 1.000000000000000000, -0.000000000000000000, 0.000000000000000000 ) ) ;
#1271 = ADVANCED_FACE ( 'NONE', ( #4921 ), #4230, .F. ) ;
#1272 = VECTOR ( 'NONE', #2345, 1000.000000000000000 ) ;
#1273 = VERTEX_POINT ( 'NONE', #4837 ) ;
#1274 = EDGE_CURVE ( 'NONE', #8336, #5507, #2184, .T. ) ;
#1275 = ORIENTED_EDGE ( 'NONE', *, *, #7586, .T. ) ;
#1276 = SURFACE_STYLE_FILL_AREA ( #5335 ) ;
#1277 = CIRCLE ( 'NONE', #231, 0.5000000000000004441 ) ;
#1278 = PLANE ( 'NONE',  #3871 ) ;
#1279 = DIRECTION ( 'NONE',  ( 0.4999999999999968359, 0.8660254037844404840, 0.000000000000000000 ) ) ;
#1280 = EDGE_LOOP ( 'NONE', ( #1660, #5867, #3210, #7177 ) ) ;
#1281 = CARTESIAN_POINT ( 'NONE',  ( 6.238607719548550534, 3.229999999999999982, 1.500000000000000000 ) ) ;
#1282 = ORIENTED_EDGE ( 'NONE', *, *, #2493, .T. ) ;
#1283 = LINE ( 'NONE', #593, #2850 ) ;
#1284 = CARTESIAN_POINT ( 'NONE',  ( 6.988607719548549646, 3.229999999999999982, -1.499999999999999778 ) ) ;
#1285 = DIRECTION ( 'NONE',  ( -0.000000000000000000, 1.000000000000000000, -0.000000000000000000 ) ) ;
#1286 = B_SPLINE_CURVE_WITH_KNOTS ( 'NONE', 3,
 ( #7161, #4460, #6611, #8716 ),
 .UNSPECIFIED., .F., .F.,
 ( 4, 4 ),
 ( 2.280947844715904003E-07, 0.002458793032759001157 ),
 .UNSPECIFIED. ) ;
#1287 = CARTESIAN_POINT ( 'NONE',  ( -4.598202704440658373, 1.650000000000000799, -5.071380155711890048 ) ) ;
#1288 = AXIS2_PLACEMENT_3D ( 'NONE', #5693, #2232, #6260 ) ;
#1289 = DIRECTION ( 'NONE',  ( -0.000000000000000000, -0.000000000000000000, 1.000000000000000000 ) ) ;
#1290 = VERTEX_POINT ( 'NONE', #804 ) ;
#1291 = FACE_OUTER_BOUND ( 'NONE', #8246, .T. ) ;
#1292 = VERTEX_POINT ( 'NONE', #3494 ) ;
#1293 = ORIENTED_EDGE ( 'NONE', *, *, #4665, .T. ) ;
#1294 = ORIENTED_EDGE ( 'NONE', *, *, #8194, .F. ) ;
#1295 = DIRECTION ( 'NONE',  ( -0.8660254037844418162, 0.4999999999999947264, 0.000000000000000000 ) ) ;
#1296 = DIRECTION ( 'NONE',  ( 0.000000000000000000, -1.000000000000000000, 0.000000000000000000 ) ) ;
#1297 = DIRECTION ( 'NONE',  ( 0.000000000000000000, 1.000000000000000000, 0.000000000000000000 ) ) ;
#1298 = VERTEX_POINT ( 'NONE', #8363 ) ;
#1299 = DIRECTION ( 'NONE',  ( 0.000000000000000000, 0.000000000000000000, -1.000000000000000000 ) ) ;
#1300 = EDGE_CURVE ( 'NONE', #6768, #3770, #1456, .T. ) ;
#1301 = DIRECTION ( 'NONE',  ( 1.000000000000000000, 0.000000000000000000, 0.000000000000000000 ) ) ;
#1302 = DIRECTION ( 'NONE',  ( -0.9838699100999074298, -0.1788854381999831489, 0.000000000000000000 ) ) ;
#1303 = ORIENTED_EDGE ( 'NONE', *, *, #3607, .T. ) ;
#1304 = ORIENTED_EDGE ( 'NONE', *, *, #138, .F. ) ;
#1305 = DIRECTION ( 'NONE',  ( 1.000000000000000000, 0.000000000000000000, 0.000000000000000000 ) ) ;
#1306 = ORIENTED_EDGE ( 'NONE', *, *, #7328, .T. ) ;
#1307 = CARTESIAN_POINT ( 'NONE',  ( -4.066723497937345222, 3.229999999999997762, -7.000000000000000888 ) ) ;
#1308 = EDGE_CURVE ( 'NONE', #3057, #6967, #3582, .T. ) ;
#1309 = ADVANCED_FACE ( 'NONE', ( #5560 ), #27, .F. ) ;
#1311 = CARTESIAN_POINT ( 'NONE',  ( -9.170281297359524686, -0.6412485357495423255, -0.2999999999999999334 ) ) ;
#1310 = FACE_OUTER_BOUND ( 'NONE', #844, .T. ) ;
#1312 = DIRECTION ( 'NONE',  ( -0.000000000000000000, -0.000000000000000000, -1.000000000000000000 ) ) ;
#1313 = CARTESIAN_POINT ( 'NONE',  ( 5.700000000000001066, 3.229999999999999982, -5.749999999999999112 ) ) ;
#1314 = ORIENTED_EDGE ( 'NONE', *, *, #247, .F. ) ;
#1315 = EDGE_CURVE ( 'NONE', #3666, #4899, #7902, .T. ) ;
#1316 = ORIENTED_EDGE ( 'NONE', *, *, #2978, .T. ) ;
#1317 = AXIS2_PLACEMENT_3D ( 'NONE', #5458, #8258, #1989 ) ;
#1318 = PLANE ( 'NONE',  #7857 ) ;
#1319 = EDGE_CURVE ( 'NONE', #6851, #2415, #2904, .T. ) ;
#1320 = DIRECTION ( 'NONE',  ( -0.000000000000000000, -0.000000000000000000, -1.000000000000000000 ) ) ;
#1321 = CARTESIAN_POINT ( 'NONE',  ( 0.3500000000000021982, 3.729999999999999982, -5.799999999999999822 ) ) ;
#1322 = VERTEX_POINT ( 'NONE', #8489 ) ;
#1323 = VECTOR ( 'NONE', #5944, 1000.000000000000114 ) ;
#1324 = LINE ( 'NONE', #7504, #630 ) ;
#1325 = VERTEX_POINT ( 'NONE', #5010 ) ;
#1326 = ORIENTED_EDGE ( 'NONE', *, *, #1885, .F. ) ;
#1327 = CARTESIAN_POINT ( 'NONE',  ( -4.294608113321960907, 1.650000000000000133, -6.328991844792476229 ) ) ;
#1328 = PLANE ( 'NONE',  #2807 ) ;
#1329 = AXIS2_PLACEMENT_3D ( 'NONE', #4930, #7726, #1462 ) ;
#1330 = VERTEX_POINT ( 'NONE', #8148 ) ;
#1331 = AXIS2_PLACEMENT_3D ( 'NONE', #3516, #3563, #6371 ) ;
#1332 = EDGE_CURVE ( 'NONE', #5138, #2693, #7806, .T. ) ;
#1333 = CARTESIAN_POINT ( 'NONE',  ( -0.04484046576840968606, 0.6412485357495464333, 1.570000000000000284 ) ) ;
#1334 = PLANE ( 'NONE',  #4471 ) ;
#1335 = ORIENTED_EDGE ( 'NONE', *, *, #2267, .F. ) ;
#1336 = CARTESIAN_POINT ( 'NONE',  ( -1.727372156639428891, 2.419999999999999929, 6.900544505668653628 ) ) ;
#1337 = ORIENTED_EDGE ( 'NONE', *, *, #2106, .F. ) ;
#1338 = EDGE_LOOP ( 'NONE', ( #574, #3654, #8390, #4350 ) ) ;
#1339 = ORIENTED_EDGE ( 'NONE', *, *, #1332, .T. ) ;
#1340 = LINE ( 'NONE', #6435, #4872 ) ;
#1341 = STYLED_ITEM ( 'NONE', ( #1215 ), #1505 ) ;
#1342 = VECTOR ( 'NONE', #285, 1000.000000000000000 ) ;
#1343 = MANIFOLD_SOLID_BREP ( 'Boss-Extrude5[1]', #3073 ) ;
#1344 = LINE ( 'NONE', #6830, #5761 ) ;
#1345 = CARTESIAN_POINT ( 'NONE',  ( -7.106247677099330140, 0.1474668416262637505, 3.510000000000000231 ) ) ;
#1346 = ORIENTED_EDGE ( 'NONE', *, *, #3923, .F. ) ;
#1347 = DIRECTION ( 'NONE',  ( 0.000000000000000000, 1.000000000000000000, 0.000000000000000000 ) ) ;
#1348 = CARTESIAN_POINT ( 'NONE',  ( 5.050000000000002487, 3.229999999999999982, 6.200000000000000178 ) ) ;
#1349 = AXIS2_PLACEMENT_3D ( 'NONE', #4328, #4969, #119 ) ;
#1350 = LINE ( 'NONE', #4081, #6964 ) ;
#1351 = VECTOR ( 'NONE', #3643, 1000.000000000000000 ) ;
#1352 = EDGE_LOOP ( 'NONE', ( #7804, #7590, #5698, #7248 ) ) ;
#1353 = ORIENTED_EDGE ( 'NONE', *, *, #4261, .F. ) ;
#1354 = CARTESIAN_POINT ( 'NONE',  ( 8.350000000000001421, 3.229999999999999982, -3.899999999999999467 ) ) ;
#1355 = ORIENTED_EDGE ( 'NONE', *, *, #2263, .F. ) ;
#1356 = DIRECTION ( 'NONE',  ( -1.000000000000000000, 0.000000000000000000, 0.000000000000000000 ) ) ;
#1358 = DIRECTION ( 'NONE',  ( 1.000000000000000000, -0.000000000000000000, -0.000000000000000000 ) ) ;
#1357 = DIRECTION ( 'NONE',  ( 1.000000000000000000, 0.000000000000000000, 0.000000000000000000 ) ) ;
#1359 = CARTESIAN_POINT ( 'NONE',  ( 4.570000000000002061, 0.000000000000000000, 4.500000000000000000 ) ) ;
#1360 = EDGE_CURVE ( 'NONE', #6300, #921, #6474, .T. ) ;
#1362 = VECTOR ( 'NONE', #4281, 1000.000000000000000 ) ;
#1361 = CARTESIAN_POINT ( 'NONE',  ( 2.650000000000002132, 3.229999999999999982, 5.799999999999999822 ) ) ;
#1363 = EDGE_CURVE ( 'NONE', #6797, #5027, #2397, .T. ) ;
#1364 = ORIENTED_EDGE ( 'NONE', *, *, #2346, .F. ) ;
#1365 = EDGE_LOOP ( 'NONE', ( #4555, #7580, #4380, #3208 ) ) ;
#1366 = LINE ( 'NONE', #7030, #4763 ) ;
#1367 = VECTOR ( 'NONE', #697, 1000.000000000000000 ) ;
#1368 = VECTOR ( 'NONE', #5020, 1000.000000000000000 ) ;
#1369 = CARTESIAN_POINT ( 'NONE',  ( -5.011790629593825486, 2.893558669118013515, 1.570000000000000284 ) ) ;
#1370 = ADVANCED_FACE ( 'NONE', ( #8618 ), #2349, .T. ) ;
#1371 = DIRECTION ( 'NONE',  ( -0.1417109785282572310, -0.9825294511292501642, 0.1206394472310701738 ) ) ;
#1372 = CARTESIAN_POINT ( 'NONE',  ( 0.3500000000000021982, 3.229999999999999982, -5.799999999999999822 ) ) ;
#1373 = VECTOR ( 'NONE', #3272, 1000.000000000000114 ) ;
#1374 = ORIENTED_EDGE ( 'NONE', *, *, #1536, .F. ) ;
#1375 = LINE ( 'NONE', #685, #7627 ) ;
#1376 = EDGE_LOOP ( 'NONE', ( #4859, #3700, #5629, #1808 ) ) ;
#1377 = ADVANCED_FACE ( 'NONE', ( #5137 ), #7247, .F. ) ;
#1378 = DIRECTION ( 'NONE',  ( -0.000000000000000000, 0.000000000000000000, 1.000000000000000000 ) ) ;
#1379 = CARTESIAN_POINT ( 'NONE',  ( 8.349999999999997868, 0.5710797198524953933, 5.966094796642694043 ) ) ;
#1380 =( GEOMETRIC_REPRESENTATION_CONTEXT ( 3 ) GLOBAL_UNCERTAINTY_ASSIGNED_CONTEXT ( ( #2831 ) ) GLOBAL_UNIT_ASSIGNED_CONTEXT ( ( #4242, #7129, #3553 ) ) REPRESENTATION_CONTEXT ( 'NONE', 'WORKASPACE' ) );
#1381 = CYLINDRICAL_SURFACE ( 'NONE', #6931, 0.5000000000000004441 ) ;
#1382 = LINE ( 'NONE', #694, #5348 ) ;
#1383 = CARTESIAN_POINT ( 'NONE',  ( -9.170281297359524686, -0.6412485357495423255, -0.9699999999999999734 ) ) ;
#1384 = EDGE_CURVE ( 'NONE', #5679, #3428, #2314, .T. ) ;
#1385 = ORIENTED_EDGE ( 'NONE', *, *, #4746, .T. ) ;
#1386 = CYLINDRICAL_SURFACE ( 'NONE', #5294, 0.4499999999999999001 ) ;
#1387 = ORIENTED_EDGE ( 'NONE', *, *, #8361, .T. ) ;
#1388 = ORIENTED_EDGE ( 'NONE', *, *, #4095, .F. ) ;
#1389 = EDGE_CURVE ( 'NONE', #3378, #8177, #3711, .T. ) ;
#1390 = CARTESIAN_POINT ( 'NONE',  ( 6.238607719548550534, 3.229999999999999982, -1.500000000000000000 ) ) ;
#1391 = CARTESIAN_POINT ( 'NONE',  ( 6.988607719548549646, 3.229999999999999982, 1.499999999999999778 ) ) ;
#1392 = ORIENTED_EDGE ( 'NONE', *, *, #2440, .T. ) ;
#1393 = CARTESIAN_POINT ( 'NONE',  ( 0.3500000000000021982, 3.229999999999999982, -5.799999999999999822 ) ) ;
#1394 = DIRECTION ( 'NONE',  ( 0.000000000000000000, 0.000000000000000000, 1.000000000000000000 ) ) ;
#1395 = LINE ( 'NONE', #4820, #3298 ) ;
#1396 = CIRCLE ( 'NONE', #2553, 1.000000000000000000 ) ;
#1397 = CIRCLE ( 'NONE', #6497, 0.4499999999999999001 ) ;
#1398 = EDGE_LOOP ( 'NONE', ( #3977, #4787, #3613, #2133 ) ) ;
#1399 = ORIENTED_EDGE ( 'NONE', *, *, #3579, .F. ) ;
#1400 = DIRECTION ( 'NONE',  ( 1.000000000000000000, 0.000000000000000000, 0.000000000000000000 ) ) ;
#1401 = VERTEX_POINT ( 'NONE', #5857 ) ;
#1402 = CARTESIAN_POINT ( 'NONE',  ( -5.729759561962193715, 1.149999999999999689, 1.644999999999999796 ) ) ;
#1403 = VECTOR ( 'NONE', #5496, 1000.000000000000000 ) ;
#1405 = CARTESIAN_POINT ( 'NONE',  ( 6.150000000000001243, 3.729999999999999982, -6.199999999999999289 ) ) ;
#1404 = CARTESIAN_POINT ( 'NONE',  ( -7.176004150843455776, 1.145030891886088309, -3.510000000000000231 ) ) ;
#1406 = CARTESIAN_POINT ( 'NONE',  ( 6.150000000000001243, 3.229999999999999982, -5.749999999999999112 ) ) ;
#1407 = AXIS2_PLACEMENT_3D ( 'NONE', #5221, #5365, #4448 ) ;
#1408 = ORIENTED_EDGE ( 'NONE', *, *, #2777, .T. ) ;
#1409 = VERTEX_POINT ( 'NONE', #4453 ) ;
#1410 = ADVANCED_FACE ( 'NONE', ( #5179 ), #243, .F. ) ;
#1411 = EDGE_CURVE ( 'NONE', #4028, #4125, #1672, .T. ) ;
#1412 = AXIS2_PLACEMENT_3D ( 'NONE', #6222, #6126, #4854 ) ;
#1413 = CARTESIAN_POINT ( 'NONE',  ( -5.729759561962193715, 1.149999999999999689, 0.3749999999999994449 ) ) ;
#1414 = AXIS2_PLACEMENT_3D ( 'NONE', #8421, #8462, #6442 ) ;
#1415 = LINE ( 'NONE', #6658, #391 ) ;
#1416 = LINE ( 'NONE', #8493, #6464 ) ;
#1417 = ORIENTED_EDGE ( 'NONE', *, *, #6612, .T. ) ;
#1418 = CARTESIAN_POINT ( 'NONE',  ( -6.742991448951236144, 0.8950308918860907514, -0.8950000000000003508 ) ) ;
#1419 = CIRCLE ( 'NONE', #6519, 0.8999999999999998002 ) ;
#1420 = ORIENTED_EDGE ( 'NONE', *, *, #6722, .F. ) ;
#1421 = EDGE_CURVE ( 'NONE', #1273, #2026, #3796, .T. ) ;
#1422 = DIRECTION ( 'NONE',  ( 1.000000000000000000, 0.000000000000000000, 0.000000000000000000 ) ) ;
#1423 = CARTESIAN_POINT ( 'NONE',  ( 6.238607719548550534, 3.729999999999999982, -1.500000000000000000 ) ) ;
#1424 = ADVANCED_FACE ( 'NONE', ( #7983 ), #3621, .T. ) ;
#1425 = FACE_OUTER_BOUND ( 'NONE', #8229, .T. ) ;
#1426 = CARTESIAN_POINT ( 'NONE',  ( 0.000000000000000000, 0.000000000000000000, 3.510000000000000231 ) ) ;
#1427 = DIRECTION ( 'NONE',  ( -0.4999999999999965583, -0.8660254037844405950, 0.000000000000000000 ) ) ;
#1428 = EDGE_CURVE ( 'NONE', #36, #2538, #7290, .T. ) ;
#1429 = ORIENTED_EDGE ( 'NONE', *, *, #3078, .T. ) ;
#1430 = DIRECTION ( 'NONE',  ( -1.000000000000000000, 0.000000000000000000, 3.614007241618348278E-16 ) ) ;
#1431 = ORIENTED_EDGE ( 'NONE', *, *, #817, .T. ) ;
#1432 = ORIENTED_EDGE ( 'NONE', *, *, #5853, .F. ) ;
#1433 = EDGE_CURVE ( 'NONE', #7655, #4383, #2072, .T. ) ;
#1434 = CARTESIAN_POINT ( 'NONE',  ( -7.141125913971392514, 0.6462488667561758771, 2.840000000000000302 ) ) ;
#1435 = DIRECTION ( 'NONE',  ( -0.000000000000000000, -0.000000000000000000, -1.000000000000000000 ) ) ;
#1436 = EDGE_LOOP ( 'NONE', ( #242, #2733, #8968, #3194 ) ) ;
#1437 = CARTESIAN_POINT ( 'NONE',  ( -0.07971870264047217769, 1.140030560879458754, -2.239999999999999769 ) ) ;
#1438 = AXIS2_PLACEMENT_3D ( 'NONE', #3850, #5096, #5057 ) ;
#1439 = EDGE_CURVE ( 'NONE', #6553, #1717, #1064, .T. ) ;
#1440 = DIRECTION ( 'NONE',  ( -1.000000000000000000, 0.000000000000000000, 0.000000000000000000 ) ) ;
#1441 = PLANE ( 'NONE',  #2719 ) ;
#1442 = ADVANCED_FACE ( 'NONE', ( #573 ), #1262, .T. ) ;
#1443 = EDGE_CURVE ( 'NONE', #8255, #8424, #2588, .T. ) ;
#1444 = AXIS2_PLACEMENT_3D ( 'NONE', #7305, #7213, #5194 ) ;
#1445 = ORIENTED_EDGE ( 'NONE', *, *, #2552, .F. ) ;
#1446 = LINE ( 'NONE', #749, #2132 ) ;
#1447 = EDGE_LOOP ( 'NONE', ( #6041, #7910, #6224, #8511, #1346, #7376 ) ) ;
#1448 = FACE_OUTER_BOUND ( 'NONE', #8033, .T. ) ;
#1450 = DIRECTION ( 'NONE',  ( 1.000000000000000000, 0.000000000000000000, 0.000000000000000000 ) ) ;
#1449 = CARTESIAN_POINT ( 'NONE',  ( 9.250000000000001776, 3.229999999999999982, -2.259999999999998010 ) ) ;
#1451 = ADVANCED_FACE ( 'NONE', ( #6703 ), #5464, .F. ) ;
#1452 = DIRECTION ( 'NONE',  ( 1.000000000000000000, -0.000000000000000000, 2.891205793294679312E-16 ) ) ;
#1453 = ORIENTED_EDGE ( 'NONE', *, *, #2419, .T. ) ;
#1454 = ORIENTED_EDGE ( 'NONE', *, *, #1086, .T. ) ;
#1455 = VERTEX_POINT ( 'NONE', #5371 ) ;
#1456 = LINE ( 'NONE', #6301, #5047 ) ;
#1457 = DIRECTION ( 'NONE',  ( -0.000000000000000000, -0.000000000000000000, 1.000000000000000000 ) ) ;
#1458 = FACE_OUTER_BOUND ( 'NONE', #6603, .T. ) ;
#1459 = DIRECTION ( 'NONE',  ( 0.000000000000000000, 0.000000000000000000, -1.000000000000000000 ) ) ;
#1460 = ORIENTED_EDGE ( 'NONE', *, *, #4357, .F. ) ;
#1461 = EDGE_LOOP ( 'NONE', ( #7690, #6969, #7965, #5509 ) ) ;
#1462 = DIRECTION ( 'NONE',  ( 0.000000000000000000, 0.000000000000000000, -1.000000000000000000 ) ) ;
#1463 = CARTESIAN_POINT ( 'NONE',  ( 5.838607719548550179, 3.229999999999999982, -0.9999999999999995559 ) ) ;
#1464 =( LENGTH_UNIT ( ) NAMED_UNIT ( * ) SI_UNIT ( .MILLI., .METRE. ) );
#1465 = AXIS2_PLACEMENT_3D ( 'NONE', #3108, #5895, #6643 ) ;
#1466 = CARTESIAN_POINT ( 'NONE',  ( -5.729759561962193715, 0.6500000000000000222, 0.2999999999999999334 ) ) ;
#1467 = CARTESIAN_POINT ( 'NONE',  ( 5.838607719548550179, 3.229999999999999982, -0.9999999999999995559 ) ) ;
#1468 = ORIENTED_EDGE ( 'NONE', *, *, #5982, .T. ) ;
#1469 = CARTESIAN_POINT ( 'NONE',  ( -5.729759561962193715, 1.149999999999999689, -0.9699999999999999734 ) ) ;
#1470 = EDGE_CURVE ( 'NONE', #4926, #5178, #3306, .T. ) ;
#1471 = EDGE_CURVE ( 'NONE', #8605, #4132, #4045, .T. ) ;
#1472 = ORIENTED_EDGE ( 'NONE', *, *, #3472, .F. ) ;
#1473 = ORIENTED_EDGE ( 'NONE', *, *, #8189, .F. ) ;
#1474 = CARTESIAN_POINT ( 'NONE',  ( 5.838607719548550179, 3.729999999999999982, -0.9999999999999995559 ) ) ;
#1475 = PLANE ( 'NONE',  #3517 ) ;
#1476 = VERTEX_POINT ( 'NONE', #6102 ) ;
#1477 = DIRECTION ( 'NONE',  ( 0.9975640502598243087, 0.06975647374412492774, 0.000000000000000000 ) ) ;
#1478 = AXIS2_PLACEMENT_3D ( 'NONE', #5363, #7523, #5407 ) ;
#1479 = LINE ( 'NONE', #2211, #6580 ) ;
#1480 = DIRECTION ( 'NONE',  ( -0.000000000000000000, -0.000000000000000000, -1.000000000000000000 ) ) ;
#1481 = EDGE_CURVE ( 'NONE', #8896, #1409, #3844, .T. ) ;
#1482 = VECTOR ( 'NONE', #8211, 1000.000000000000000 ) ;
#1483 = ORIENTED_EDGE ( 'NONE', *, *, #5396, .F. ) ;
#1484 = CARTESIAN_POINT ( 'NONE',  ( 7.050000000000004263, 3.229999999999999982, 3.899999999999999023 ) ) ;
#1485 = ORIENTED_EDGE ( 'NONE', *, *, #8181, .T. ) ;
#1486 = CARTESIAN_POINT ( 'NONE',  ( -6.742991448951236144, 0.8950308918860907514, 3.510000000000000231 ) ) ;
#1487 = EDGE_CURVE ( 'NONE', #413, #188, #3344, .T. ) ;
#1488 = PRESENTATION_LAYER_ASSIGNMENT (  '', '', ( #1628 ) ) ;
#1490 = DIRECTION ( 'NONE',  ( -0.8660254037844418162, 0.4999999999999947264, 0.000000000000000000 ) ) ;
#1489 = DIRECTION ( 'NONE',  ( -0.1427535950368092610, -0.9897582589218776317, 0.000000000000000000 ) ) ;
#1491 = VECTOR ( 'NONE', #7094, 1000.000000000000114 ) ;
#1492 = CLOSED_SHELL ( 'NONE', ( #8376, #4083, #3697, #4956, #8872, #4889 ) ) ;
#1493 = LINE ( 'NONE', #7071, #765 ) ;
#1494 = EDGE_CURVE ( 'NONE', #5720, #720, #4842, .T. ) ;
#1495 = ORIENTED_EDGE ( 'NONE', *, *, #2408, .T. ) ;
#1496 = AXIS2_PLACEMENT_3D ( 'NONE', #2559, #5344, #8878 ) ;
#1497 = EDGE_LOOP ( 'NONE', ( #3611, #3305, #207, #2432, #853, #7954 ) ) ;
#1498 = ORIENTED_EDGE ( 'NONE', *, *, #5098, .F. ) ;
#1499 = FACE_OUTER_BOUND ( 'NONE', #501, .T. ) ;
#1500 = EDGE_CURVE ( 'NONE', #3845, #8337, #4644, .T. ) ;
#1501 = CIRCLE ( 'NONE', #3383, 0.5000000000000004441 ) ;
#1502 = VECTOR ( 'NONE', #8444, 1000.000000000000000 ) ;
#1503 = SURFACE_SIDE_STYLE ('',( #5656 ) ) ;
#1504 = CARTESIAN_POINT ( 'NONE',  ( -0.8500000000000053069, 2.419999999999999929, -6.699999999999999289 ) ) ;
#1505 = MANIFOLD_SOLID_BREP ( 'Boss-Extrude5[2]', #1492 ) ;
#1506 = CARTESIAN_POINT ( 'NONE',  ( -6.309978747059014736, 0.6450308918860931939, 4.110000000000000320 ) ) ;
#1507 = ORIENTED_EDGE ( 'NONE', *, *, #8093, .F. ) ;
#1508 = FACE_OUTER_BOUND ( 'NONE', #1565, .T. ) ;
#1509 = VERTEX_POINT ( 'NONE', #6052 ) ;
#1510 = CARTESIAN_POINT ( 'NONE',  ( 0.3500000000000021982, 3.229999999999999982, -5.799999999999999822 ) ) ;
#1511 = ORIENTED_EDGE ( 'NONE', *, *, #7329, .F. ) ;
#1512 = VECTOR ( 'NONE', #8729, 1000.000000000000000 ) ;
#1513 = ITEM_DEFINED_TRANSFORMATION ( 'NONE', 'NONE', #6302,  #6727 ) ;
#1514 = VECTOR ( 'NONE', #7302, 1000.000000000000000 ) ;
#1515 = DIRECTION ( 'NONE',  ( -0.4999999999999974465, -0.8660254037844400399, -0.000000000000000000 ) ) ;
#1516 = VECTOR ( 'NONE', #3143, 1000.000000000000000 ) ;
#1517 = DIRECTION ( 'NONE',  ( 0.1209742911513471270, 0.9852565360152948370, -0.1209742911513482372 ) ) ;
#1518 = DIRECTION ( 'NONE',  ( 0.000000000000000000, 0.000000000000000000, -1.000000000000000000 ) ) ;
#1519 = ORIENTED_EDGE ( 'NONE', *, *, #1799, .T. ) ;
#1520 = PLANE ( 'NONE',  #5594 ) ;
#1521 = EDGE_LOOP ( 'NONE', ( #919, #8279, #2629, #6278 ) ) ;
#1522 = ORIENTED_EDGE ( 'NONE', *, *, #7909, .F. ) ;
#1523 = MANIFOLD_SOLID_BREP ( 'LPattern1[4]', #6158 ) ;
#1524 = CARTESIAN_POINT ( 'NONE',  ( -4.294608113321960907, 1.649999999999999245, -6.680000000000001492 ) ) ;
#1525 = CARTESIAN_POINT ( 'NONE',  ( -6.742991448951236144, 0.8950308918860907514, 0.8950000000000000178 ) ) ;
#1526 = VERTEX_POINT ( 'NONE', #4133 ) ;
#1527 = CARTESIAN_POINT ( 'NONE',  ( -5.729759561962193715, 1.149999999999999689, -2.165000000000000036 ) ) ;
#1528 = EDGE_CURVE ( 'NONE', #8349, #5320, #8903, .T. ) ;
#1529 = EDGE_CURVE ( 'NONE', #2174, #5038, #791, .T. ) ;
#1530 = PLANE ( 'NONE',  #2935 ) ;
#1531 = DIRECTION ( 'NONE',  ( 1.000000000000000000, 0.000000000000000000, 0.000000000000000000 ) ) ;
#1532 = ORIENTED_EDGE ( 'NONE', *, *, #2762, .T. ) ;
#1533 = CARTESIAN_POINT ( 'NONE',  ( 2.650000000000002132, 3.229999999999999982, 6.200000000000000178 ) ) ;
#1534 = EDGE_LOOP ( 'NONE', ( #4415, #6397, #8045, #2338, #2142, #2031 ) ) ;
#1535 = DIRECTION ( 'NONE',  ( -1.000000000000000000, 0.000000000000000000, -3.614007241618348278E-16 ) ) ;
#1536 = EDGE_CURVE ( 'NONE', #7735, #6785, #3569, .T. ) ;
#1538 = LINE ( 'NONE', #5088, #2997 ) ;
#1537 = PLANE ( 'NONE',  #6810 ) ;
#1539 = CARTESIAN_POINT ( 'NONE',  ( -2.049999999999997602, 3.229999999999999982, -6.200000000000000178 ) ) ;
#1540 = EDGE_CURVE ( 'NONE', #3602, #988, #7706, .T. ) ;
#1541 = ORIENTED_EDGE ( 'NONE', *, *, #8910, .T. ) ;
#1542 = VERTEX_POINT ( 'NONE', #8997 ) ;
#1543 = ORIENTED_EDGE ( 'NONE', *, *, #1991, .T. ) ;
#1544 = DIRECTION ( 'NONE',  ( -0.000000000000000000, -0.000000000000000000, -1.000000000000000000 ) ) ;
#1545 = EDGE_CURVE ( 'NONE', #1903, #1124, #5549, .T. ) ;
#1546 = CARTESIAN_POINT ( 'NONE',  ( -3.200321239445594212, 2.009999999999998455, -5.680000000000001492 ) ) ;
#1547 = VECTOR ( 'NONE', #983, 1000.000000000000114 ) ;
#1548 = DIRECTION ( 'NONE',  ( -0.000000000000000000, -0.000000000000000000, -1.000000000000000000 ) ) ;
#1549 = LINE ( 'NONE', #4149, #4267 ) ;
#1550 = EDGE_CURVE ( 'NONE', #7944, #6748, #2086, .T. ) ;
#1551 = ORIENTED_EDGE ( 'NONE', *, *, #801, .F. ) ;
#1552 = VECTOR ( 'NONE', #4606, 1000.000000000000000 ) ;
#1553 = ORIENTED_EDGE ( 'NONE', *, *, #3309, .F. ) ;
#1554 = LINE ( 'NONE', #4814, #8382 ) ;
#1555 = DIRECTION ( 'NONE',  ( 1.000000000000000000, 0.000000000000000000, 0.000000000000000000 ) ) ;
#1556 = AXIS2_PLACEMENT_3D ( 'NONE', #7543, #1320, #8324 ) ;
#1557 = DIRECTION ( 'NONE',  ( -0.1209742911513514707, 0.9852565360152943930, 0.1209742911513480429 ) ) ;
#1558 = CARTESIAN_POINT ( 'NONE',  ( 5.838607719548550179, 3.229999999999999982, -0.9999999999999995559 ) ) ;
#1559 = CARTESIAN_POINT ( 'NONE',  ( -2.395102131247015462E-16, 1.150000000000001021, -2.839999999999999858 ) ) ;
#1560 = VECTOR ( 'NONE', #3726, 1000.000000000000000 ) ;
#1561 = VERTEX_POINT ( 'NONE', #7663 ) ;
#1562 = CARTESIAN_POINT ( 'NONE',  ( -4.750100000000005096, 3.229999999999998206, -7.000000000000000888 ) ) ;
#1563 = ORIENTED_EDGE ( 'NONE', *, *, #6742, .F. ) ;
#1564 = VECTOR ( 'NONE', #3399, 1000.000000000000000 ) ;
#1565 = EDGE_LOOP ( 'NONE', ( #1951, #1214, #6505, #5518 ) ) ;
#1566 = DIRECTION ( 'NONE',  ( 0.000000000000000000, 0.06975647374412533019, 0.9975640502598241977 ) ) ;
#1567 = CARTESIAN_POINT ( 'NONE',  ( -0.07971870264047217769, 1.140030560879458754, -4.110000000000000320 ) ) ;
#1568 = EDGE_LOOP ( 'NONE', ( #4142, #5536, #2123, #3856, #8412, #2784 ) ) ;
#1569 = CARTESIAN_POINT ( 'NONE',  ( -9.170281297359524686, -0.6412485357495423255, 1.570000000000000284 ) ) ;
#1570 = VECTOR ( 'NONE', #2056, 1000.000000000000000 ) ;
#1571 = DIRECTION ( 'NONE',  ( 0.000000000000000000, -0.000000000000000000, -1.000000000000000000 ) ) ;
#1572 = CARTESIAN_POINT ( 'NONE',  ( 7.050000000000004263, 3.229999999999999982, -7.000000000000000888 ) ) ;
#1573 = VERTEX_POINT ( 'NONE', #2134 ) ;
#1574 = ORIENTED_EDGE ( 'NONE', *, *, #1606, .F. ) ;
#1575 = AXIS2_PLACEMENT_3D ( 'NONE', #4965, #2950, #8492 ) ;
#1576 = DIRECTION ( 'NONE',  ( 1.000000000000000000, 0.000000000000000000, 0.000000000000000000 ) ) ;
#1577 = VERTEX_POINT ( 'NONE', #6377 ) ;
#1578 = CARTESIAN_POINT ( 'NONE',  ( -6.742991448951236144, 0.8950308918860907514, -0.8950000000000003508 ) ) ;
#1579 = VECTOR ( 'NONE', #4689, 1000.000000000000000 ) ;
#1581 = CARTESIAN_POINT ( 'NONE',  ( -6.162772263854414234, 0.8999999999999971356, 1.644999999999999796 ) ) ;
#1580 = DIRECTION ( 'NONE',  ( 0.4999999999999947264, 0.8660254037844418162, -0.000000000000000000 ) ) ;
#1582 = ORIENTED_EDGE ( 'NONE', *, *, #4879, .T. ) ;
#1583 = EDGE_CURVE ( 'NONE', #3818, #188, #1446, .T. ) ;
#1584 = ADVANCED_FACE ( 'NONE', ( #4178 ), #8477, .T. ) ;
#1585 = ORIENTED_EDGE ( 'NONE', *, *, #3595, .F. ) ;
#1586 = UNCERTAINTY_MEASURE_WITH_UNIT (LENGTH_MEASURE( 1.000000000000000082E-05 ), #8458, 'distance_accuracy_value', 'NONE');
#1587 = ORIENTED_EDGE ( 'NONE', *, *, #6655, .F. ) ;
#1588 = FILL_AREA_STYLE_COLOUR ( '', #8630 ) ;
#1589 = PLANE ( 'NONE',  #8223 ) ;
#1590 = PLANE ( 'NONE',  #244 ) ;
#1591 = LINE ( 'NONE', #3121, #171 ) ;
#1592 = EDGE_CURVE ( 'NONE', #3425, #2312, #3444, .T. ) ;
#1593 = VERTEX_POINT ( 'NONE', #2215 ) ;
#1594 = DIRECTION ( 'NONE',  ( 0.8660254037844417052, -0.4999999999999946154, 0.000000000000000000 ) ) ;
#1595 = ORIENTED_EDGE ( 'NONE', *, *, #7122, .T. ) ;
#1596 = FACE_OUTER_BOUND ( 'NONE', #9058, .T. ) ;
#1597 = EDGE_CURVE ( 'NONE', #1742, #7424, #6196, .T. ) ;
#1598 = DIRECTION ( 'NONE',  ( -0.000000000000000000, -0.000000000000000000, -1.000000000000000000 ) ) ;
#1599 = LINE ( 'NONE', #6485, #7822 ) ;
#1600 = DIRECTION ( 'NONE',  ( -0.000000000000000000, -0.000000000000000000, -1.000000000000000000 ) ) ;
#1601 = PLANE ( 'NONE',  #7552 ) ;
#1602 = ORIENTED_EDGE ( 'NONE', *, *, #6338, .F. ) ;
#1603 = LINE ( 'NONE', #7733, #4131 ) ;
#1604 = ORIENTED_EDGE ( 'NONE', *, *, #6548, .F. ) ;
#1605 = VERTEX_POINT ( 'NONE', #7571 ) ;
#1606 = EDGE_CURVE ( 'NONE', #4629, #7625, #2809, .T. ) ;
#1607 = LINE ( 'NONE', #2291, #5589 ) ;
#1608 = PLANE ( 'NONE',  #4704 ) ;
#1609 = VERTEX_POINT ( 'NONE', #5508 ) ;
#1610 = LINE ( 'NONE', #5975, #2640 ) ;
#1611 = EDGE_CURVE ( 'NONE', #8385, #6625, #4447, .T. ) ;
#1612 = VECTOR ( 'NONE', #8264, 1000.000000000000000 ) ;
#1613 = PLANE ( 'NONE',  #2829 ) ;
#1614 = PLANE ( 'NONE',  #4778 ) ;
#1615 = ORIENTED_EDGE ( 'NONE', *, *, #7274, .T. ) ;
#1616 = AXIS2_PLACEMENT_3D ( 'NONE', #5031, #7827, #2802 ) ;
#1617 = ORIENTED_EDGE ( 'NONE', *, *, #8520, .F. ) ;
#1618 = CARTESIAN_POINT ( 'NONE',  ( -4.750000000000005329, 1.649999999999999911, -2.239999999999999769 ) ) ;
#1619 = EDGE_LOOP ( 'NONE', ( #8775, #6617, #3719, #2012 ) ) ;
#1620 = CARTESIAN_POINT ( 'NONE',  ( -6.742991448951236144, 0.8950308918860907514, 4.184999999999999609 ) ) ;
#1621 = CIRCLE ( 'NONE', #6141, 0.4999999999999995559 ) ;
#1623 = FACE_OUTER_BOUND ( 'NONE', #2753, .T. ) ;
#1622 = PLANE ( 'NONE',  #1093 ) ;
#1624 = ORIENTED_EDGE ( 'NONE', *, *, #5427, .T. ) ;
#1625 = EDGE_LOOP ( 'NONE', ( #2023, #5630 ) ) ;
#1626 = ORIENTED_EDGE ( 'NONE', *, *, #7450, .T. ) ;
#1627 =( NAMED_UNIT ( * ) PLANE_ANGLE_UNIT ( ) SI_UNIT ( $, .RADIAN. ) );
#1628 = STYLED_ITEM ( 'NONE', ( #929 ), #1343 ) ;
#1629 = VECTOR ( 'NONE', #5632, 1000.000000000000000 ) ;
#1630 = ADVANCED_FACE ( 'NONE', ( #3483 ), #6884, .F. ) ;
#1631 = EDGE_CURVE ( 'NONE', #530, #6751, #6934, .T. ) ;
#1632 = DIRECTION ( 'NONE',  ( -0.000000000000000000, -0.000000000000000000, 1.000000000000000000 ) ) ;
#1633 = DIRECTION ( 'NONE',  ( 0.000000000000000000, 1.000000000000000000, 0.000000000000000000 ) ) ;
#1635 = LINE ( 'NONE', #4414, #8227 ) ;
#1634 = VECTOR ( 'NONE', #5911, 1000.000000000000000 ) ;
#1636 = ORIENTED_EDGE ( 'NONE', *, *, #7642, .T. ) ;
#1637 = CARTESIAN_POINT ( 'NONE',  ( -7.141125913971392514, 0.6462488667561758771, -2.239999999999999769 ) ) ;
#1638 = AXIS2_PLACEMENT_3D ( 'NONE', #1284, #4020, #4111 ) ;
#1639 = ORIENTED_EDGE ( 'NONE', *, *, #393, .T. ) ;
#1640 = DIRECTION ( 'NONE',  ( 0.000000000000000000, 0.000000000000000000, -1.000000000000000000 ) ) ;
#1641 = VECTOR ( 'NONE', #4271, 1000.000000000000000 ) ;
#1642 = EDGE_CURVE ( 'NONE', #792, #2225, #5596, .T. ) ;
#1643 = DIRECTION ( 'NONE',  ( 0.000000000000000000, 0.000000000000000000, 1.000000000000000000 ) ) ;
#1644 = CARTESIAN_POINT ( 'NONE',  ( -7.176004150843455776, 1.145030891886088309, 3.510000000000000231 ) ) ;
#1645 = DIRECTION ( 'NONE',  ( 1.000000000000000000, 0.000000000000000000, 0.000000000000000000 ) ) ;
#1646 = CARTESIAN_POINT ( 'NONE',  ( 3.774478171836572304, 2.729999999999999982, 4.349999999999999645 ) ) ;
#1647 = VECTOR ( 'NONE', #6535, 1000.000000000000000 ) ;
#1648 = VERTEX_POINT ( 'NONE', #143 ) ;
#1649 = DIRECTION ( 'NONE',  ( 1.000000000000000000, 0.000000000000000000, 0.000000000000000000 ) ) ;
#1650 = ADVANCED_FACE ( 'NONE', ( #5721 ), #5039, .F. ) ;
#1651 = ORIENTED_EDGE ( 'NONE', *, *, #967, .F. ) ;
#1652 = FACE_OUTER_BOUND ( 'NONE', #2852, .T. ) ;
#1653 = DIRECTION ( 'NONE',  ( 0.000000000000000000, 1.000000000000000000, 0.000000000000000000 ) ) ;
#1654 = CARTESIAN_POINT ( 'NONE',  ( 9.250000000000001776, 3.229999999999999982, 6.999999999999999112 ) ) ;
#1655 = VECTOR ( 'NONE', #4117, 1000.000000000000000 ) ;
#1656 = DIRECTION ( 'NONE',  ( 0.000000000000000000, 0.000000000000000000, 1.000000000000000000 ) ) ;
#1657 = VECTOR ( 'NONE', #4632, 1000.000000000000114 ) ;
#1658 = PRODUCT_RELATED_PRODUCT_CATEGORY ( 'part', '', ( #5993 ) ) ;
#1659 = FACE_BOUND ( 'NONE', #8272, .T. ) ;
#1660 = ORIENTED_EDGE ( 'NONE', *, *, #4521, .F. ) ;
#1661 = ADVANCED_FACE ( 'NONE', ( #835 ), #3741, .T. ) ;
#1662 = VECTOR ( 'NONE', #5611, 1000.000000000000000 ) ;
#1663 = ORIENTED_EDGE ( 'NONE', *, *, #5866, .F. ) ;
#1664 = DIRECTION ( 'NONE',  ( -0.8660254037844418162, 0.4999999999999947264, 0.000000000000000000 ) ) ;
#1665 = ORIENTED_EDGE ( 'NONE', *, *, #1979, .F. ) ;
#1666 = DIRECTION ( 'NONE',  ( -1.000000000000000000, 0.000000000000000000, 0.000000000000000000 ) ) ;
#1667 = LINE ( 'NONE', #5130, #8641 ) ;
#1669 = LINE ( 'NONE', #5176, #92 ) ;
#1668 = CARTESIAN_POINT ( 'NONE',  ( -9.249999999999996447, 0.4987820251299122654, -0.9699999999999999734 ) ) ;
#1670 = ORIENTED_EDGE ( 'NONE', *, *, #945, .T. ) ;
#1671 = EDGE_LOOP ( 'NONE', ( #6289, #8036, #1083, #6127 ) ) ;
#1672 = LINE ( 'NONE', #3752, #886 ) ;
#1673 = VERTEX_POINT ( 'NONE', #959 ) ;
#1674 = CARTESIAN_POINT ( 'NONE',  ( -5.444803331486046893, 3.143558669118012183, -2.239999999999999769 ) ) ;
#1675 = CARTESIAN_POINT ( 'NONE',  ( -1.727372156639429335, 2.419999999999999929, -6.900544505668654516 ) ) ;
#1676 = DIRECTION ( 'NONE',  ( -1.000000000000000000, -0.000000000000000000, 1.084202172485504631E-15 ) ) ;
#1677 = DIRECTION ( 'NONE',  ( 1.000000000000000000, 0.000000000000000000, -0.000000000000000000 ) ) ;
#1678 = EDGE_LOOP ( 'NONE', ( #2647, #6640, #2658, #1454 ) ) ;
#1679 = DIRECTION ( 'NONE',  ( -0.000000000000000000, -0.9961946980917459893, 0.08715574274765217067 ) ) ;
#1680 = AXIS2_PLACEMENT_3D ( 'NONE', #5893, #4305, #5804 ) ;
#1681 = VERTEX_POINT ( 'NONE', #7104 ) ;
#1682 = CARTESIAN_POINT ( 'NONE',  ( -5.729759561962193715, 1.149999999999999689, 2.840000000000000302 ) ) ;
#1683 = EDGE_CURVE ( 'NONE', #8144, #5506, #7146, .T. ) ;
#1684 = LINE ( 'NONE', #298, #8589 ) ;
#1685 = DIRECTION ( 'NONE',  ( -0.000000000000000000, -0.000000000000000000, -1.000000000000000000 ) ) ;
#1686 = LINE ( 'NONE', #3131, #8581 ) ;
#1687 = CARTESIAN_POINT ( 'NONE',  ( -9.170281297359524686, -0.6412485357495423255, 2.240000000000000657 ) ) ;
#1688 = CIRCLE ( 'NONE', #4613, 1.000000000000000000 ) ;
#1689 = VERTEX_POINT ( 'NONE', #5764 ) ;
#1690 = CARTESIAN_POINT ( 'NONE',  ( -7.106247677099330140, 0.1474668416262637505, -2.239999999999999769 ) ) ;
#1691 = ORIENTED_EDGE ( 'NONE', *, *, #1185, .F. ) ;
#1692 = AXIS2_PLACEMENT_3D ( 'NONE', #754, #2980, #1489 ) ;
#1693 = EDGE_CURVE ( 'NONE', #3845, #7494, #3655, .T. ) ;
#1694 = DIRECTION ( 'NONE',  ( -1.000000000000000000, 0.000000000000000000, -3.614007241618348278E-16 ) ) ;
#1695 = LINE ( 'NONE', #4478, #1351 ) ;
#1696 = DIRECTION ( 'NONE',  ( -0.8660254037844418162, 0.4999999999999947264, 0.000000000000000000 ) ) ;
#1697 = AXIS2_PLACEMENT_3D ( 'NONE', #2297, #2212, #6499 ) ;
#1698 = CARTESIAN_POINT ( 'NONE',  ( -2.849999999999997424, 3.229999999999999982, -6.199999999999999289 ) ) ;
#1699 = CARTESIAN_POINT ( 'NONE',  ( 2.650000000000002132, 3.729999999999999982, 5.799999999999999822 ) ) ;
#1700 = VECTOR ( 'NONE', #8442, 999.9999999999998863 ) ;
#1701 = ORIENTED_EDGE ( 'NONE', *, *, #8468, .F. ) ;
#1702 = DIRECTION ( 'NONE',  ( 0.000000000000000000, -0.08715574274765215679, 0.9961946980917461003 ) ) ;
#1703 = EDGE_CURVE ( 'NONE', #6472, #1758, #6057, .T. ) ;
#1704 = DIRECTION ( 'NONE',  ( -0.1218693434051402319, -0.9925461516413228713, 0.000000000000000000 ) ) ;
#1705 = VECTOR ( 'NONE', #3974, 1000.000000000000000 ) ;
#1706 = ORIENTED_EDGE ( 'NONE', *, *, #6337, .T. ) ;
#1707 = DIRECTION ( 'NONE',  ( 0.000000000000000000, 1.000000000000000000, 0.000000000000000000 ) ) ;
#1708 = ORIENTED_EDGE ( 'NONE', *, *, #1130, .F. ) ;
#1709 = PLANE ( 'NONE',  #2780 ) ;
#1710 = ADVANCED_FACE ( 'NONE', ( #4489 ), #8607, .F. ) ;
#1711 = DIRECTION ( 'NONE',  ( 1.000000000000000000, 0.000000000000000000, 0.000000000000000000 ) ) ;
#1713 = DIRECTION ( 'NONE',  ( -0.000000000000000000, -0.000000000000000000, 1.000000000000000000 ) ) ;
#1712 = LINE ( 'NONE', #4494, #947 ) ;
#1714 = ORIENTED_EDGE ( 'NONE', *, *, #228, .T. ) ;
#1715 = ORIENTED_EDGE ( 'NONE', *, *, #7924, .T. ) ;
#1716 = CARTESIAN_POINT ( 'NONE',  ( -5.444803331486046893, 3.143558669118012183, 0.2999999999999999334 ) ) ;
#1717 = VERTEX_POINT ( 'NONE', #2340 ) ;
#1718 = CARTESIAN_POINT ( 'NONE',  ( -1.727372156639428891, 2.419999999999999929, 6.900544505668653628 ) ) ;
#1719 = ADVANCED_FACE ( 'NONE', ( #8699 ), #2975, .T. ) ;
#1720 = AXIS2_PLACEMENT_3D ( 'NONE', #9010, #546, #2055 ) ;
#1721 = LINE ( 'NONE', #7941, #5133 ) ;
#1722 = CARTESIAN_POINT ( 'NONE',  ( 6.150000000000001243, 3.229999999999999982, -3.899999999999999467 ) ) ;
#1723 = CARTESIAN_POINT ( 'NONE',  ( -4.479866786035785253, -0.5500584762268876382, -0.9699999999999999734 ) ) ;
#1724 = ORIENTED_EDGE ( 'NONE', *, *, #532, .T. ) ;
#1725 = FACE_OUTER_BOUND ( 'NONE', #8765, .T. ) ;
#1726 = ORIENTED_EDGE ( 'NONE', *, *, #8429, .F. ) ;
#1727 = CARTESIAN_POINT ( 'NONE',  ( -7.176004150843455776, 1.145030891886088309, -1.569999999999999840 ) ) ;
#1728 = CARTESIAN_POINT ( 'NONE',  ( -4.750100000000005096, 3.729999999999999982, 6.938607719548552488 ) ) ;
#1729 = DIRECTION ( 'NONE',  ( -0.000000000000000000, 0.000000000000000000, 1.000000000000000000 ) ) ;
#1730 = DIRECTION ( 'NONE',  ( 1.000000000000000000, 0.000000000000000000, 0.000000000000000000 ) ) ;
#1731 = FACE_OUTER_BOUND ( 'NONE', #2830, .T. ) ;
#1732 = ORIENTED_EDGE ( 'NONE', *, *, #2673, .T. ) ;
#1733 = CARTESIAN_POINT ( 'NONE',  ( 0.02737215663942008451, 2.419999999999999929, 6.900544505668653628 ) ) ;
#1734 = ORIENTED_EDGE ( 'NONE', *, *, #8066, .T. ) ;
#1735 = DIRECTION ( 'NONE',  ( 0.8660254037844417052, -0.4999999999999946154, 0.000000000000000000 ) ) ;
#1736 = CARTESIAN_POINT ( 'NONE',  ( 2.650000000000002132, 3.729999999999999982, -6.200000000000000178 ) ) ;
#1737 = DIRECTION ( 'NONE',  ( 0.000000000000000000, -1.000000000000000000, 0.000000000000000000 ) ) ;
#1738 = CARTESIAN_POINT ( 'NONE',  ( 5.050000000000002487, 3.229999999999999982, -5.800000000000000711 ) ) ;
#1739 = EDGE_CURVE ( 'NONE', #6024, #8988, #5169, .T. ) ;
#1740 = FACE_OUTER_BOUND ( 'NONE', #3404, .T. ) ;
#1741 = EDGE_CURVE ( 'NONE', #5334, #5232, #7280, .T. ) ;
#1742 = VERTEX_POINT ( 'NONE', #7878 ) ;
#1743 = LINE ( 'NONE', #1046, #5445 ) ;
#1744 = LINE ( 'NONE', #6039, #8926 ) ;
#1745 = DIRECTION ( 'NONE',  ( -0.6917159834480256508, -0.2075042083550635574, 0.6917159834480256508 ) ) ;
#1746 = ORIENTED_EDGE ( 'NONE', *, *, #8690, .F. ) ;
#1747 = DIRECTION ( 'NONE',  ( 1.000000000000000000, 0.000000000000000000, 0.000000000000000000 ) ) ;
#1748 = ORIENTED_EDGE ( 'NONE', *, *, #297, .T. ) ;
#1749 = DIRECTION ( 'NONE',  ( 0.9975640502598243087, 0.06975647374412444202, -0.000000000000000000 ) ) ;
#1750 = EDGE_CURVE ( 'NONE', #4034, #5399, #3612, .T. ) ;
#1751 = DIRECTION ( 'NONE',  ( -1.000000000000000000, -2.082697505432185440E-16, 0.000000000000000000 ) ) ;
#1753 = LINE ( 'NONE', #5366, #1579 ) ;
#1752 = CARTESIAN_POINT ( 'NONE',  ( 6.845113092326002402, 4.898669954653559699, 6.795113092326006132 ) ) ;
#1754 = VECTOR ( 'NONE', #2342, 1000.000000000000000 ) ;
#1755 = EDGE_CURVE ( 'NONE', #7085, #792, #214, .T. ) ;
#1756 = ORIENTED_EDGE ( 'NONE', *, *, #8668, .F. ) ;
#1757 = ORIENTED_EDGE ( 'NONE', *, *, #4828, .F. ) ;
#1758 = VERTEX_POINT ( 'NONE', #7835 ) ;
#1759 = VECTOR ( 'NONE', #2062, 1000.000000000000000 ) ;
#1760 = CARTESIAN_POINT ( 'NONE',  ( -0.07971870264047217769, 1.140030560879458754, 1.570000000000000284 ) ) ;
#1761 = VECTOR ( 'NONE', #6188, 1000.000000000000000 ) ;
#1762 = CARTESIAN_POINT ( 'NONE',  ( -3.200321239445594212, 2.010000000000000231, 5.680000000000001492 ) ) ;
#1763 = ADVANCED_FACE ( 'NONE', ( #189 ), #8567, .T. ) ;
#1764 = DIRECTION ( 'NONE',  ( -0.000000000000000000, -0.000000000000000000, -1.000000000000000000 ) ) ;
#1765 = CARTESIAN_POINT ( 'NONE',  ( 8.350000000000001421, 3.229999999999999982, 3.899999999999999467 ) ) ;
#1766 = VERTEX_POINT ( 'NONE', #233 ) ;
#1767 = DIRECTION ( 'NONE',  ( -1.000000000000000000, 0.000000000000000000, -7.885106708985496922E-16 ) ) ;
#1768 = AXIS2_PLACEMENT_3D ( 'NONE', #8113, #7975, #1751 ) ;
#1769 = EDGE_CURVE ( 'NONE', #5292, #7721, #920, .T. ) ;
#1770 = VERTEX_POINT ( 'NONE', #5084 ) ;
#1771 = ORIENTED_EDGE ( 'NONE', *, *, #7057, .T. ) ;
#1772 = DIRECTION ( 'NONE',  ( -0.000000000000000000, 0.000000000000000000, 1.000000000000000000 ) ) ;
#1773 = FACE_OUTER_BOUND ( 'NONE', #8576, .T. ) ;
#1774 = DIRECTION ( 'NONE',  ( 0.000000000000000000, 0.000000000000000000, -1.000000000000000000 ) ) ;
#1775 = CARTESIAN_POINT ( 'NONE',  ( -6.309978747059014736, 0.6450308918860931939, 0.3749999999999994449 ) ) ;
#1776 = CARTESIAN_POINT ( 'NONE',  ( -0.04484046576840968606, 0.6412485357495464333, 0.2999999999999999334 ) ) ;
#1777 = VECTOR ( 'NONE', #4683, 1000.000000000000000 ) ;
#1778 = VERTEX_POINT ( 'NONE', #4351 ) ;
#1779 = CARTESIAN_POINT ( 'NONE',  ( -7.176004150843455776, 1.145030891886088309, -2.239999999999999769 ) ) ;
#1780 = ORIENTED_EDGE ( 'NONE', *, *, #7031, .F. ) ;
#1781 = VECTOR ( 'NONE', #5569, 1000.000000000000000 ) ;
#1782 = LINE ( 'NONE', #5347, #5622 ) ;
#1783 = CARTESIAN_POINT ( 'NONE',  ( -7.141125913971392514, 0.6462488667561758771, 4.110000000000000320 ) ) ;
#1784 = CARTESIAN_POINT ( 'NONE',  ( 5.050000000000002487, 3.729999999999999982, -6.200000000000000178 ) ) ;
#1785 = PLANE ( 'NONE',  #4279 ) ;
#1786 = VECTOR ( 'NONE', #4793, 1000.000000000000000 ) ;
#1787 = FACE_OUTER_BOUND ( 'NONE', #4319, .T. ) ;
#1788 = ORIENTED_EDGE ( 'NONE', *, *, #4942, .T. ) ;
#1789 = DIRECTION ( 'NONE',  ( 0.9925461516413220942, -0.1218693434051474900, 0.000000000000000000 ) ) ;
#1790 = ORIENTED_EDGE ( 'NONE', *, *, #1258, .F. ) ;
#1791 = ORIENTED_EDGE ( 'NONE', *, *, #8239, .T. ) ;
#1792 = DIRECTION ( 'NONE',  ( 0.000000000000000000, 0.000000000000000000, -1.000000000000000000 ) ) ;
#1793 = DIRECTION ( 'NONE',  ( -0.000000000000000000, -0.000000000000000000, -1.000000000000000000 ) ) ;
#1794 = FACE_OUTER_BOUND ( 'NONE', #2348, .T. ) ;
#1795 = CARTESIAN_POINT ( 'NONE',  ( -3.994608113321961529, 0.000000000000000000, -5.180000000000005045 ) ) ;
#1796 = EDGE_LOOP ( 'NONE', ( #2061, #7599, #2702, #2293 ) ) ;
#1797 = FACE_OUTER_BOUND ( 'NONE', #1568, .T. ) ;
#1798 = EDGE_CURVE ( 'NONE', #2026, #5292, #4441, .T. ) ;
#1799 = EDGE_CURVE ( 'NONE', #2261, #2769, #8895, .T. ) ;
#1800 = VECTOR ( 'NONE', #7457, 1000.000000000000000 ) ;
#1801 = AXIS2_PLACEMENT_3D ( 'NONE', #8543, #7767, #6829 ) ;
#1802 = CARTESIAN_POINT ( 'NONE',  ( 0.000000000000000000, 0.000000000000000000, 0.2999999999999999334 ) ) ;
#1804 = CARTESIAN_POINT ( 'NONE',  ( -5.729759561962193715, 1.149999999999999689, -2.239999999999999769 ) ) ;
#1803 = CARTESIAN_POINT ( 'NONE',  ( -9.249999999999996447, 0.4987820251299122654, 0.2999999999999999334 ) ) ;
#1805 = VECTOR ( 'NONE', #455, 1000.000000000000000 ) ;
#1806 = ADVANCED_FACE ( 'NONE', ( #7474 ), #8062, .F. ) ;
#1807 = VERTEX_POINT ( 'NONE', #517 ) ;
#1808 = ORIENTED_EDGE ( 'NONE', *, *, #4623, .T. ) ;
#1809 = VERTEX_POINT ( 'NONE', #6042 ) ;
#1810 = CARTESIAN_POINT ( 'NONE',  ( -9.170281297359524686, -0.6412485357495423255, 4.110000000000000320 ) ) ;
#1811 = ADVANCED_FACE ( 'NONE', ( #7430 ), #4732, .F. ) ;
#1812 = VECTOR ( 'NONE', #3130, 1000.000000000000000 ) ;
#1813 = DIRECTION ( 'NONE',  ( 0.000000000000000000, 0.000000000000000000, 1.000000000000000000 ) ) ;
#1814 = EDGE_CURVE ( 'NONE', #7826, #4316, #417, .T. ) ;
#1815 = DIRECTION ( 'NONE',  ( -1.000000000000000000, 0.000000000000000000, 3.614007241618347785E-16 ) ) ;
#1816 = LINE ( 'NONE', #6107, #7778 ) ;
#1817 = VERTEX_POINT ( 'NONE', #8162 ) ;
#1818 = DIRECTION ( 'NONE',  ( 1.000000000000000000, 0.000000000000000000, -0.000000000000000000 ) ) ;
#1819 = EDGE_CURVE ( 'NONE', #1401, #4253, #1397, .T. ) ;
#1820 = ORIENTED_EDGE ( 'NONE', *, *, #843, .F. ) ;
#1821 = ORIENTED_EDGE ( 'NONE', *, *, #3043, .F. ) ;
#1822 = FILL_AREA_STYLE_COLOUR ( '', #6959 ) ;
#1823 = EDGE_CURVE ( 'NONE', #4926, #1807, #3887, .T. ) ;
#1824 = EDGE_CURVE ( 'NONE', #340, #8179, #3931, .T. ) ;
#1825 = LINE ( 'NONE', #2643, #327 ) ;
#1826 = DIRECTION ( 'NONE',  ( -0.000000000000000000, 1.000000000000000000, 0.000000000000000000 ) ) ;
#1827 = CARTESIAN_POINT ( 'NONE',  ( 6.238607719548550534, 3.729999999999999982, 0.9999999999999995559 ) ) ;
#1828 = VECTOR ( 'NONE', #1664, 999.9999999999998863 ) ;
#1829 = CARTESIAN_POINT ( 'NONE',  ( -0.8500000000000053069, 2.419999999999999929, -6.699999999999999289 ) ) ;
#1830 = ORIENTED_EDGE ( 'NONE', *, *, #7294, .F. ) ;
#1831 = DIRECTION ( 'NONE',  ( -0.06975647374412492774, 0.9975640502598243087, 0.000000000000000000 ) ) ;
#1832 = ORIENTED_EDGE ( 'NONE', *, *, #2110, .F. ) ;
#1833 = CARTESIAN_POINT ( 'NONE',  ( 6.238607719548550534, 3.729999999999999982, 1.500000000000000000 ) ) ;
#1834 = CARTESIAN_POINT ( 'NONE',  ( -4.294608113321960907, 1.650000000000000133, 5.680000000000001492 ) ) ;
#1835 = CARTESIAN_POINT ( 'NONE',  ( 0.000000000000000000, 0.000000000000000000, 0.000000000000000000 ) ) ;
#1836 = LINE ( 'NONE', #5121, #3138 ) ;
#1837 = VECTOR ( 'NONE', #7620, 1000.000000000000000 ) ;
#1838 = VERTEX_POINT ( 'NONE', #4033 ) ;
#1839 = CARTESIAN_POINT ( 'NONE',  ( 8.350000000000001421, 2.773577871373825499, -4.848097349045872306 ) ) ;
#1840 = EDGE_LOOP ( 'NONE', ( #3484, #1460, #8094, #7780 ) ) ;
#1841 = ORIENTED_EDGE ( 'NONE', *, *, #186, .F. ) ;
#1842 = CARTESIAN_POINT ( 'NONE',  ( 9.250000000000001776, 3.729999999999999982, 2.259999999999998010 ) ) ;
#1843 = DIRECTION ( 'NONE',  ( 0.000000000000000000, -1.000000000000000000, 0.000000000000000000 ) ) ;
#1844 = AXIS2_PLACEMENT_3D ( 'NONE', #8766, #4009, #3224 ) ;
#1845 = ORIENTED_EDGE ( 'NONE', *, *, #3623, .F. ) ;
#1846 = CARTESIAN_POINT ( 'NONE',  ( 5.050000000000002487, 3.229999999999999982, 5.800000000000000711 ) ) ;
#1847 = ORIENTED_EDGE ( 'NONE', *, *, #6465, .T. ) ;
#1848 = DIRECTION ( 'NONE',  ( -0.000000000000000000, -0.000000000000000000, -1.000000000000000000 ) ) ;
#1849 = AXIS2_PLACEMENT_3D ( 'NONE', #5886, #5839, #8101 ) ;
#1850 = DIRECTION ( 'NONE',  ( -0.000000000000000000, -0.000000000000000000, -1.000000000000000000 ) ) ;
#1851 = CIRCLE ( 'NONE', #3722, 0.5000000000000004441 ) ;
#1853 = CARTESIAN_POINT ( 'NONE',  ( 5.838607719548550179, 3.729999999999999982, -0.9999999999999995559 ) ) ;
#1852 = CARTESIAN_POINT ( 'NONE',  ( -4.294608113321960907, 1.649999999999999911, -5.374974746830583072 ) ) ;
#1854 = CIRCLE ( 'NONE', #7700, 0.4499999999999999001 ) ;
#1855 = ORIENTED_EDGE ( 'NONE', *, *, #5949, .T. ) ;
#1856 = VERTEX_POINT ( 'NONE', #6831 ) ;
#1857 = CARTESIAN_POINT ( 'NONE',  ( -9.215121763127934074, -1.084202172485504434E-16, 4.110000000000000320 ) ) ;
#1858 = ORIENTED_EDGE ( 'NONE', *, *, #1086, .F. ) ;
#1859 = CARTESIAN_POINT ( 'NONE',  ( 2.650000000000002132, 3.229999999999999982, 6.200000000000000178 ) ) ;
#1860 = PLANE ( 'NONE',  #2003 ) ;
#1861 = LINE ( 'NONE', #490, #3748 ) ;
#1862 = EDGE_CURVE ( 'NONE', #3997, #7855, #3250, .T. ) ;
#1863 = PLANE ( 'NONE',  #7185 ) ;
#1864 = EDGE_CURVE ( 'NONE', #2894, #560, #8207, .T. ) ;
#1865 = ORIENTED_EDGE ( 'NONE', *, *, #6297, .F. ) ;
#1866 = LINE ( 'NONE', #2637, #5129 ) ;
#1867 = EDGE_LOOP ( 'NONE', ( #6515, #6086, #1879, #2636 ) ) ;
#1868 = VERTEX_POINT ( 'NONE', #368 ) ;
#1869 = DIRECTION ( 'NONE',  ( 1.000000000000000000, 0.000000000000000000, 0.000000000000000000 ) ) ;
#1870 = VECTOR ( 'NONE', #6610, 1000.000000000000000 ) ;
#1871 = VECTOR ( 'NONE', #1600, 1000.000000000000000 ) ;
#1872 = FILL_AREA_STYLE ('',( #2505 ) ) ;
#1873 = EDGE_CURVE ( 'NONE', #174, #6345, #7962, .T. ) ;
#1874 = CARTESIAN_POINT ( 'NONE',  ( 0.000000000000000000, 1.649999999999999911, 2.840000000000000302 ) ) ;
#1875 = PLANE ( 'NONE',  #7843 ) ;
#1876 = AXIS2_PLACEMENT_3D ( 'NONE', #7259, #3814, #3129 ) ;
#1877 = ORIENTED_EDGE ( 'NONE', *, *, #2858, .F. ) ;
#1878 = DIRECTION ( 'NONE',  ( 5.582250892826532776E-16, 0.06975647374412534407, 0.9975640502598243087 ) ) ;
#1879 = ORIENTED_EDGE ( 'NONE', *, *, #7228, .F. ) ;
#1880 = ADVANCED_FACE ( 'NONE', ( #6091 ), #1940, .T. ) ;
#1881 = DIRECTION ( 'NONE',  ( -0.000000000000000000, -0.000000000000000000, -1.000000000000000000 ) ) ;
#1882 = CARTESIAN_POINT ( 'NONE',  ( -6.162772263854414234, 0.8999999999999971356, -2.239999999999999769 ) ) ;
#1883 = PLANE ( 'NONE',  #4838 ) ;
#1884 = CARTESIAN_POINT ( 'NONE',  ( 0.000000000000000000, 1.649999999999999911, 3.510000000000000231 ) ) ;
#1885 = EDGE_CURVE ( 'NONE', #6389, #360, #6134, .T. ) ;
#1886 = ORIENTED_EDGE ( 'NONE', *, *, #6834, .T. ) ;
#1887 = DIRECTION ( 'NONE',  ( -0.4999999999999965583, -0.8660254037844405950, 0.000000000000000000 ) ) ;
#1888 = EDGE_LOOP ( 'NONE', ( #7805, #8568, #7301, #1072 ) ) ;
#1889 = EDGE_LOOP ( 'NONE', ( #2885, #6194, #7458, #7707 ) ) ;
#1890 = PLANE ( 'NONE',  #2203 ) ;
#1891 = LINE ( 'NONE', #1154, #3822 ) ;
#1892 = EDGE_CURVE ( 'NONE', #294, #3079, #2575, .T. ) ;
#1893 = EDGE_LOOP ( 'NONE', ( #3293, #3222, #8698, #2794 ) ) ;
#1894 = CARTESIAN_POINT ( 'NONE',  ( -1.298188117465176816, -2.248527777231911884, 2.240000000000000657 ) ) ;
#1895 = ORIENTED_EDGE ( 'NONE', *, *, #1186, .F. ) ;
#1896 = DIRECTION ( 'NONE',  ( -1.000000000000000000, 0.000000000000000000, 3.771137991253929066E-16 ) ) ;
#1897 = APPLICATION_CONTEXT ( 'automotive_design' ) ;
#1898 = FACE_OUTER_BOUND ( 'NONE', #2259, .T. ) ;
#1900 = LINE ( 'NONE', #3939, #681 ) ;
#1899 = CARTESIAN_POINT ( 'NONE',  ( 0.000000000000000000, 0.000000000000000000, -2.239999999999999769 ) ) ;
#1901 = VERTEX_POINT ( 'NONE', #8110 ) ;
#1902 = ORIENTED_EDGE ( 'NONE', *, *, #3408, .T. ) ;
#1903 = VERTEX_POINT ( 'NONE', #8745 ) ;
#1904 = LINE ( 'NONE', #1402, #8613 ) ;
#1905 = VECTOR ( 'NONE', #1942, 1000.000000000000000 ) ;
#1906 = DIRECTION ( 'NONE',  ( 1.000000000000000000, 0.000000000000000000, 0.000000000000000000 ) ) ;
#1907 = CARTESIAN_POINT ( 'NONE',  ( -5.444803331486046893, 3.143558669118012183, 4.110000000000000320 ) ) ;
#1908 = LINE ( 'NONE', #5957, #6907 ) ;
#1909 = VERTEX_POINT ( 'NONE', #1051 ) ;
#1910 = DIRECTION ( 'NONE',  ( 0.000000000000000000, -1.000000000000000000, 0.000000000000000000 ) ) ;
#1911 = VERTEX_POINT ( 'NONE', #4634 ) ;
#1912 = CARTESIAN_POINT ( 'NONE',  ( -2.399999999999998135, 3.729999999999999982, -6.200000000000000178 ) ) ;
#1913 = VECTOR ( 'NONE', #4254, 1000.000000000000000 ) ;
#1914 = EDGE_CURVE ( 'NONE', #1163, #127, #6695, .T. ) ;
#1915 = EDGE_CURVE ( 'NONE', #2417, #6995, #3155, .T. ) ;
#1916 = FACE_OUTER_BOUND ( 'NONE', #3333, .T. ) ;
#1917 = DIRECTION ( 'NONE',  ( 0.4999999999999968359, 0.8660254037844404840, 0.000000000000000000 ) ) ;
#1918 = FACE_OUTER_BOUND ( 'NONE', #5168, .T. ) ;
#1919 = EDGE_LOOP ( 'NONE', ( #5164, #934, #2350, #6543, #2182, #2277 ) ) ;
#1920 = CARTESIAN_POINT ( 'NONE',  ( -4.554456817773921529, -0.1516176842002615044, 6.584789557503996527 ) ) ;
#1921 = ORIENTED_EDGE ( 'NONE', *, *, #8449, .F. ) ;
#1922 = EDGE_CURVE ( 'NONE', #8744, #8131, #2477, .T. ) ;
#1923 = DIRECTION ( 'NONE',  ( -1.000000000000000000, -0.000000000000000000, -1.668003342285392635E-15 ) ) ;
#1924 = DIRECTION ( 'NONE',  ( -0.000000000000000000, -0.000000000000000000, -1.000000000000000000 ) ) ;
#1925 = DIRECTION ( 'NONE',  ( 1.000000000000000000, 0.000000000000000000, 0.000000000000000000 ) ) ;
#1926 = VECTOR ( 'NONE', #6517, 1000.000000000000000 ) ;
#1927 = AXIS2_PLACEMENT_3D ( 'NONE', #8601, #2967, #5837 ) ;
#1928 = DIRECTION ( 'NONE',  ( 0.000000000000000000, -0.000000000000000000, 1.000000000000000000 ) ) ;
#1929 = CARTESIAN_POINT ( 'NONE',  ( -5.729759561962193715, 1.649999999999999911, 1.644999999999999796 ) ) ;
#1930 = ADVANCED_FACE ( 'NONE', ( #4775 ), #2030, .T. ) ;
#1931 = ORIENTED_EDGE ( 'NONE', *, *, #6732, .F. ) ;
#1932 = CARTESIAN_POINT ( 'NONE',  ( 6.988607719548549646, 3.729999999999999982, 1.499999999999999778 ) ) ;
#1933 = AXIS2_PLACEMENT_3D ( 'NONE', #8132, #7445, #8866 ) ;
#1934 = ORIENTED_EDGE ( 'NONE', *, *, #1979, .T. ) ;
#1935 = ORIENTED_EDGE ( 'NONE', *, *, #6979, .T. ) ;
#1936 = EDGE_LOOP ( 'NONE', ( #3515, #253, #8404, #7152 ) ) ;
#1937 = DIRECTION ( 'NONE',  ( -0.000000000000000000, 0.000000000000000000, 1.000000000000000000 ) ) ;
#1938 = VECTOR ( 'NONE', #2790, 1000.000000000000227 ) ;
#1939 = FACE_OUTER_BOUND ( 'NONE', #8157, .T. ) ;
#1940 = PLANE ( 'NONE',  #1248 ) ;
#1941 = VERTEX_POINT ( 'NONE', #1391 ) ;
#1942 = DIRECTION ( 'NONE',  ( 0.1421431414171530350, 0.9855257804922611387, -0.09238107670504151769 ) ) ;
#1943 = EDGE_CURVE ( 'NONE', #4556, #1981, #3385, .T. ) ;
#1944 = VECTOR ( 'NONE', #2685, 1000.000000000000000 ) ;
#1945 = EDGE_CURVE ( 'NONE', #8456, #1164, #4816, .T. ) ;
#1946 = DIRECTION ( 'NONE',  ( -0.000000000000000000, -0.000000000000000000, -1.000000000000000000 ) ) ;
#1948 = CARTESIAN_POINT ( 'NONE',  ( 2.650000000000002132, 3.229999999999999982, -6.200000000000000178 ) ) ;
#1947 = DIRECTION ( 'NONE',  ( 0.000000000000000000, 0.000000000000000000, 1.000000000000000000 ) ) ;
#1949 = EDGE_CURVE ( 'NONE', #3710, #5462, #657, .T. ) ;
#1950 = VECTOR ( 'NONE', #1881, 1000.000000000000000 ) ;
#1951 = ORIENTED_EDGE ( 'NONE', *, *, #2201, .F. ) ;
#1952 = AXIS2_PLACEMENT_3D ( 'NONE', #8055, #1789, #6687 ) ;
#1953 = ORIENTED_EDGE ( 'NONE', *, *, #4672, .F. ) ;
#1954 =( NAMED_UNIT ( * ) SI_UNIT ( $, .STERADIAN. ) SOLID_ANGLE_UNIT ( ) );
#1955 = ORIENTED_EDGE ( 'NONE', *, *, #4331, .F. ) ;
#1956 = DIRECTION ( 'NONE',  ( 0.000000000000000000, -1.000000000000000000, 0.000000000000000000 ) ) ;
#1957 = STYLED_ITEM ( 'NONE', ( #8450 ), #4290 ) ;
#1958 = DIRECTION ( 'NONE',  ( 0.000000000000000000, 0.06975647374412534407, -0.9975640502598241977 ) ) ;
#1959 = FACE_OUTER_BOUND ( 'NONE', #7200, .T. ) ;
#1960 = CARTESIAN_POINT ( 'NONE',  ( -5.729759561962193715, 0.000000000000000000, -2.839999999999999858 ) ) ;
#1961 = EDGE_LOOP ( 'NONE', ( #2434, #1587, #2938, #8746 ) ) ;
#1962 = ORIENTED_EDGE ( 'NONE', *, *, #5228, .T. ) ;
#1963 = FACE_OUTER_BOUND ( 'NONE', #462, .T. ) ;
#1964 = CARTESIAN_POINT ( 'NONE',  ( -5.729759561962193715, 0.000000000000000000, -3.510000000000000231 ) ) ;
#1965 = CARTESIAN_POINT ( 'NONE',  ( -2.849999999999997424, 3.229999999999999982, -6.199999999999999289 ) ) ;
#1966 = DIRECTION ( 'NONE',  ( 0.000000000000000000, 0.000000000000000000, 1.000000000000000000 ) ) ;
#1967 = ORIENTED_EDGE ( 'NONE', *, *, #5785, .T. ) ;
#1968 = DIRECTION ( 'NONE',  ( 0.000000000000000000, 0.1218693434051409258, -0.9925461516413228713 ) ) ;
#1969 = EDGE_CURVE ( 'NONE', #8826, #4383, #4077, .T. ) ;
#1970 = ORIENTED_EDGE ( 'NONE', *, *, #8347, .T. ) ;
#1971 = CARTESIAN_POINT ( 'NONE',  ( -6.595784965746635642, 1.149999999999994138, 0.3749999999999994449 ) ) ;
#1972 = LINE ( 'NONE', #1423, #8946 ) ;
#1973 = CARTESIAN_POINT ( 'NONE',  ( -2.199999999999998845, 0.05000000000000000278, 1.250000000000000888 ) ) ;
#1974 = CARTESIAN_POINT ( 'NONE',  ( -4.294608113321960907, 1.649999999999999911, -5.374974746830583072 ) ) ;
#1975 = FACE_OUTER_BOUND ( 'NONE', #6408, .T. ) ;
#1976 = VERTEX_POINT ( 'NONE', #1345 ) ;
#1977 = DIRECTION ( 'NONE',  ( -1.398970545142586295E-16, 0.000000000000000000, 1.000000000000000000 ) ) ;
#1978 = EDGE_CURVE ( 'NONE', #4855, #313, #4124, .T. ) ;
#1979 = EDGE_CURVE ( 'NONE', #7625, #8238, #6277, .T. ) ;
#1980 = ORIENTED_EDGE ( 'NONE', *, *, #6669, .T. ) ;
#1981 = VERTEX_POINT ( 'NONE', #6186 ) ;
#1982 = ORIENTED_EDGE ( 'NONE', *, *, #5562, .T. ) ;
#1983 = DIRECTION ( 'NONE',  ( 0.000000000000000000, -1.000000000000000000, 0.000000000000000000 ) ) ;
#1984 = CARTESIAN_POINT ( 'NONE',  ( 6.988607719548549646, 3.229999999999999982, 1.499999999999999778 ) ) ;
#1985 = CARTESIAN_POINT ( 'NONE',  ( -5.729759561962193715, 1.149999999999999689, 0.2999999999999999334 ) ) ;
#1986 = ORIENTED_EDGE ( 'NONE', *, *, #967, .T. ) ;
#1987 = DIRECTION ( 'NONE',  ( 1.000000000000000000, 0.000000000000000000, 0.000000000000000000 ) ) ;
#1988 = AXIS2_PLACEMENT_3D ( 'NONE', #8572, #8482, #5087 ) ;
#1989 = DIRECTION ( 'NONE',  ( 1.000000000000000000, 0.000000000000000000, 0.000000000000000000 ) ) ;
#1990 = DIRECTION ( 'NONE',  ( 1.000000000000000000, 2.082697505432185440E-16, 0.000000000000000000 ) ) ;
#1991 = EDGE_CURVE ( 'NONE', #58, #7650, #4903, .T. ) ;
#1992 = ORIENTED_EDGE ( 'NONE', *, *, #3367, .F. ) ;
#1993 = AXIS2_PLACEMENT_3D ( 'NONE', #5829, #347, #8545 ) ;
#1994 = ORIENTED_EDGE ( 'NONE', *, *, #6294, .F. ) ;
#1995 = ORIENTED_EDGE ( 'NONE', *, *, #7845, .T. ) ;
#1996 = CARTESIAN_POINT ( 'NONE',  ( -5.729759561962193715, 0.6500000000000000222, -4.185000000000000497 ) ) ;
#1997 = EDGE_CURVE ( 'NONE', #7569, #3696, #4944, .T. ) ;
#1999 = CARTESIAN_POINT ( 'NONE',  ( -6.742991448951236144, 0.8950308918860907514, -2.165000000000000036 ) ) ;
#1998 = DIRECTION ( 'NONE',  ( -1.000000000000000000, -0.000000000000000000, -0.000000000000000000 ) ) ;
#2000 = AXIS2_PLACEMENT_3D ( 'NONE', #789, #6374, #2893 ) ;
#2001 = PLANE ( 'NONE',  #4488 ) ;
#2002 = CARTESIAN_POINT ( 'NONE',  ( -4.750100000000005096, 2.419999999999999929, 6.900544505668653628 ) ) ;
#2003 = AXIS2_PLACEMENT_3D ( 'NONE', #2495, #5276, #7441 ) ;
#2004 = ORIENTED_EDGE ( 'NONE', *, *, #972, .T. ) ;
#2005 = ORIENTED_EDGE ( 'NONE', *, *, #4108, .T. ) ;
#2006 = CARTESIAN_POINT ( 'NONE',  ( -5.729759561962193715, 1.649999999999999911, 1.644999999999999796 ) ) ;
#2007 = EDGE_CURVE ( 'NONE', #1573, #4967, #4546, .T. ) ;
#2008 = VECTOR ( 'NONE', #4895, 1000.000000000000000 ) ;
#2009 = DIRECTION ( 'NONE',  ( -0.7071067811865474617, -0.000000000000000000, 0.7071067811865474617 ) ) ;
#2010 = DIRECTION ( 'NONE',  ( -0.000000000000000000, -0.000000000000000000, 1.000000000000000000 ) ) ;
#2011 = DIRECTION ( 'NONE',  ( -0.000000000000000000, -0.000000000000000000, -1.000000000000000000 ) ) ;
#2012 = ORIENTED_EDGE ( 'NONE', *, *, #1943, .T. ) ;
#2013 = LINE ( 'NONE', #502, #5729 ) ;
#2014 = ORIENTED_EDGE ( 'NONE', *, *, #6192, .T. ) ;
#2015 = AXIS2_PLACEMENT_3D ( 'NONE', #2907, #1548, #3498 ) ;
#2016 = ORIENTED_EDGE ( 'NONE', *, *, #2276, .T. ) ;
#2017 = DIRECTION ( 'NONE',  ( 0.000000000000000000, 0.000000000000000000, 1.000000000000000000 ) ) ;
#2018 = CARTESIAN_POINT ( 'NONE',  ( -9.170281297359524686, -0.6412485357495423255, 0.2999999999999999334 ) ) ;
#2019 = CARTESIAN_POINT ( 'NONE',  ( 4.570000000000002061, 0.000000000000000000, 5.750000000000000000 ) ) ;
#2020 = SURFACE_STYLE_FILL_AREA ( #4023 ) ;
#2021 = VECTOR ( 'NONE', #4799, 1000.000000000000000 ) ;
#2022 = CARTESIAN_POINT ( 'NONE',  ( -5.729759561962193715, 1.649999999999999911, -4.110000000000000320 ) ) ;
#2023 = ORIENTED_EDGE ( 'NONE', *, *, #288, .F. ) ;
#2024 = FACE_OUTER_BOUND ( 'NONE', #762, .T. ) ;
#2025 = ORIENTED_EDGE ( 'NONE', *, *, #1274, .T. ) ;
#2026 = VERTEX_POINT ( 'NONE', #5586 ) ;
#2027 = ORIENTED_EDGE ( 'NONE', *, *, #5774, .F. ) ;
#2028 = PLANE ( 'NONE',  #4568 ) ;
#2029 = DIRECTION ( 'NONE',  ( 0.000000000000000000, 0.000000000000000000, -1.000000000000000000 ) ) ;
#2030 = PLANE ( 'NONE',  #7038 ) ;
#2031 = ORIENTED_EDGE ( 'NONE', *, *, #8667, .F. ) ;
#2032 = LINE ( 'NONE', #6044, #1905 ) ;
#2033 = ADVANCED_BREP_SHAPE_REPRESENTATION ( '', ( #7367, #4509, #1343, #1505, #4231, #4290, #1265, #4395, #1523, #4439, #1249, #6727 ), #5561 ) ;
#2034 = EDGE_CURVE ( 'NONE', #1330, #1330, #2943, .T. ) ;
#2035 = EDGE_CURVE ( 'NONE', #1770, #5587, #6926, .T. ) ;
#2036 = LINE ( 'NONE', #6835, #1482 ) ;
#2037 = CARTESIAN_POINT ( 'NONE',  ( 6.238607719548550534, 3.729999999999999982, 1.500000000000000000 ) ) ;
#2038 = ORIENTED_EDGE ( 'NONE', *, *, #8640, .T. ) ;
#2039 = EDGE_LOOP ( 'NONE', ( #151, #7470, #1615, #2821 ) ) ;
#2040 = DIRECTION ( 'NONE',  ( 0.000000000000000000, 0.000000000000000000, 1.000000000000000000 ) ) ;
#2041 = ORIENTED_EDGE ( 'NONE', *, *, #7355, .T. ) ;
#2042 = DIRECTION ( 'NONE',  ( -0.8660254037844418162, 0.4999999999999947264, 0.000000000000000000 ) ) ;
#2043 = ADVANCED_FACE ( 'NONE', ( #7697 ), #7738, .F. ) ;
#2045 = DIRECTION ( 'NONE',  ( -1.398970545142586295E-16, -0.000000000000000000, 1.000000000000000000 ) ) ;
#2044 = CARTESIAN_POINT ( 'NONE',  ( -6.742991448951236144, 0.8950308918860907514, 2.915000000000000036 ) ) ;
#2046 = CARTESIAN_POINT ( 'NONE',  ( 6.150000000000001243, 3.229999999999999982, 5.749999999999999112 ) ) ;
#2047 = DIRECTION ( 'NONE',  ( -1.000000000000000000, 0.000000000000000000, 0.000000000000000000 ) ) ;
#2048 = EDGE_CURVE ( 'NONE', #291, #6738, #7010, .T. ) ;
#2049 = ORIENTED_EDGE ( 'NONE', *, *, #252, .F. ) ;
#2050 = EDGE_LOOP ( 'NONE', ( #7538, #5111, #1001, #2192 ) ) ;
#2051 = DIRECTION ( 'NONE',  ( -0.000000000000000000, 0.000000000000000000, 1.000000000000000000 ) ) ;
#2052 = VECTOR ( 'NONE', #6753, 1000.000000000000000 ) ;
#2053 = EDGE_CURVE ( 'NONE', #6751, #7199, #2845, .T. ) ;
#2054 = CARTESIAN_POINT ( 'NONE',  ( -2.399999999999999911, 3.729999999999999982, 6.200000000000000178 ) ) ;
#2055 = DIRECTION ( 'NONE',  ( -0.8660254037844418162, 0.4999999999999947264, 0.000000000000000000 ) ) ;
#2056 = DIRECTION ( 'NONE',  ( 0.000000000000000000, 1.000000000000000000, 0.000000000000000000 ) ) ;
#2057 = EDGE_CURVE ( 'NONE', #1681, #7833, #3561, .T. ) ;
#2058 = ORIENTED_EDGE ( 'NONE', *, *, #4084, .F. ) ;
#2059 = AXIS2_PLACEMENT_3D ( 'NONE', #751, #4400, #4266 ) ;
#2060 = FACE_OUTER_BOUND ( 'NONE', #809, .T. ) ;
#2061 = ORIENTED_EDGE ( 'NONE', *, *, #8291, .F. ) ;
#2062 = DIRECTION ( 'NONE',  ( -0.000000000000000000, -0.000000000000000000, -1.000000000000000000 ) ) ;
#2063 = LINE ( 'NONE', #8242, #3799 ) ;
#2064 = VECTOR ( 'NONE', #8391, 1000.000000000000000 ) ;
#2065 = LINE ( 'NONE', #4934, #8527 ) ;
#2066 = CYLINDRICAL_SURFACE ( 'NONE', #1412, 0.4999999999999995559 ) ;
#2067 = EDGE_LOOP ( 'NONE', ( #2453, #1388, #7971, #8464 ) ) ;
#2068 = CARTESIAN_POINT ( 'NONE',  ( 6.150000000000001243, 3.229999999999999982, -6.199999999999999289 ) ) ;
#2069 = ORIENTED_EDGE ( 'NONE', *, *, #6159, .T. ) ;
#2070 = ORIENTED_EDGE ( 'NONE', *, *, #5726, .F. ) ;
#2071 = VERTEX_POINT ( 'NONE', #9031 ) ;
#2072 = CIRCLE ( 'NONE', #6284, 0.4499999999999999001 ) ;
#2073 = VECTOR ( 'NONE', #3946, 1000.000000000000000 ) ;
#2074 = CARTESIAN_POINT ( 'NONE',  ( -4.750000000000004441, 1.649999999999999911, 4.919582860152539538 ) ) ;
#2075 = DIRECTION ( 'NONE',  ( 0.000000000000000000, 0.000000000000000000, -1.000000000000000000 ) ) ;
#2076 = ORIENTED_EDGE ( 'NONE', *, *, #2867, .T. ) ;
#2077 = CARTESIAN_POINT ( 'NONE',  ( 2.650000000000002132, 3.229999999999999982, -6.200000000000000178 ) ) ;
#2078 = CARTESIAN_POINT ( 'NONE',  ( -4.294608113321960019, 1.650000000000000355, 6.806000393773422807 ) ) ;
#2079 = AXIS2_PLACEMENT_3D ( 'NONE', #7764, #7037, #78 ) ;
#2080 = DIRECTION ( 'NONE',  ( -0.000000000000000000, 0.000000000000000000, 1.000000000000000000 ) ) ;
#2081 = AXIS2_PLACEMENT_3D ( 'NONE', #2668, #3432, #8987 ) ;
#2082 = ADVANCED_FACE ( 'NONE', ( #5454 ), #1475, .T. ) ;
#2083 = EDGE_CURVE ( 'NONE', #3156, #3477, #4861, .T. ) ;
#2084 = ORIENTED_EDGE ( 'NONE', *, *, #7294, .T. ) ;
#2085 = EDGE_LOOP ( 'NONE', ( #4575, #2427, #5092, #3137 ) ) ;
#2086 = LINE ( 'NONE', #3394, #2979 ) ;
#2087 = EDGE_LOOP ( 'NONE', ( #1708, #4887, #8911, #495 ) ) ;
#2088 = PLANE ( 'NONE',  #8038 ) ;
#2089 = VECTOR ( 'NONE', #8032, 1000.000000000000114 ) ;
#2091 = LINE ( 'NONE', #1311, #5056 ) ;
#2090 = DIRECTION ( 'NONE',  ( 0.000000000000000000, 0.000000000000000000, 1.000000000000000000 ) ) ;
#2092 = VECTOR ( 'NONE', #3642, 1000.000000000000114 ) ;
#2094 = LINE ( 'NONE', #4957, #8797 ) ;
#2093 = VECTOR ( 'NONE', #3925, 1000.000000000000000 ) ;
#2095 = ADVANCED_FACE ( 'NONE', ( #177 ), #1608, .F. ) ;
#2096 = EDGE_CURVE ( 'NONE', #198, #6553, #6536, .T. ) ;
#2097 = ORIENTED_EDGE ( 'NONE', *, *, #2007, .F. ) ;
#2098 = EDGE_CURVE ( 'NONE', #6181, #3156, #3732, .T. ) ;
#2099 = ORIENTED_EDGE ( 'NONE', *, *, #192, .T. ) ;
#2100 = EDGE_CURVE ( 'NONE', #7648, #1689, #1695, .T. ) ;
#2101 = AXIS2_PLACEMENT_3D ( 'NONE', #8011, #3147, #7320 ) ;
#2102 = VECTOR ( 'NONE', #8791, 1000.000000000000000 ) ;
#2103 = SURFACE_STYLE_USAGE ( .BOTH. , #1503 ) ;
#2104 = FACE_OUTER_BOUND ( 'NONE', #4684, .T. ) ;
#2105 = CARTESIAN_POINT ( 'NONE',  ( 8.990000000000001990, 3.729999999999999982, 1.500000000000000000 ) ) ;
#2106 = EDGE_CURVE ( 'NONE', #9049, #2801, #3957, .T. ) ;
#2107 = VECTOR ( 'NONE', #2825, 1000.000000000000000 ) ;
#2108 = VERTEX_POINT ( 'NONE', #5116 ) ;
#2109 = PRESENTATION_STYLE_ASSIGNMENT (( #8495 ) ) ;
#2110 = EDGE_CURVE ( 'NONE', #6080, #6080, #454, .T. ) ;
#2111 = UNCERTAINTY_MEASURE_WITH_UNIT (LENGTH_MEASURE( 1.000000000000000082E-05 ), #4669, 'distance_accuracy_value', 'NONE');
#2112 = ORIENTED_EDGE ( 'NONE', *, *, #4521, .T. ) ;
#2113 = LINE ( 'NONE', #7684, #6494 ) ;
#2114 = CARTESIAN_POINT ( 'NONE',  ( -2.395102131247015462E-16, 1.150000000000001021, 4.110000000000000320 ) ) ;
#2115 = EDGE_CURVE ( 'NONE', #5901, #26, #5797, .T. ) ;
#2116 = EDGE_CURVE ( 'NONE', #7670, #5506, #5076, .T. ) ;
#2117 = LINE ( 'NONE', #7729, #2249 ) ;
#2118 = DIRECTION ( 'NONE',  ( 0.000000000000000000, 1.000000000000000000, 0.000000000000000000 ) ) ;
#2119 = DIRECTION ( 'NONE',  ( 0.000000000000000000, 0.000000000000000000, -1.000000000000000000 ) ) ;
#2120 = VERTEX_POINT ( 'NONE', #7225 ) ;
#2121 = PLANE ( 'NONE',  #44 ) ;
#2122 = ORIENTED_EDGE ( 'NONE', *, *, #5277, .T. ) ;
#2123 = ORIENTED_EDGE ( 'NONE', *, *, #460, .F. ) ;
#2124 = CARTESIAN_POINT ( 'NONE',  ( -6.742991448951236144, 0.8950308918860907514, -4.185000000000000497 ) ) ;
#2125 = CARTESIAN_POINT ( 'NONE',  ( -9.249999999999996447, 0.4987820251299122654, -3.510000000000000231 ) ) ;
#2126 = ORIENTED_EDGE ( 'NONE', *, *, #3737, .T. ) ;
#2127 = PLANE ( 'NONE',  #6881 ) ;
#2128 = EDGE_CURVE ( 'NONE', #4021, #4021, #2509, .T. ) ;
#2129 = PLANE ( 'NONE',  #153 ) ;
#2130 = CARTESIAN_POINT ( 'NONE',  ( -5.444803331486046893, 3.143558669118012183, 1.570000000000000284 ) ) ;
#2131 = VECTOR ( 'NONE', #8733, 1000.000000000000000 ) ;
#2132 = VECTOR ( 'NONE', #1400, 1000.000000000000000 ) ;
#2133 = ORIENTED_EDGE ( 'NONE', *, *, #2982, .T. ) ;
#2134 = CARTESIAN_POINT ( 'NONE',  ( 8.349999999999999645, 0.9827060022347552382, 5.004778335423011981 ) ) ;
#2135 = ORIENTED_EDGE ( 'NONE', *, *, #6619, .F. ) ;
#2136 = CYLINDRICAL_SURFACE ( 'NONE', #4376, 1.000000000000000000 ) ;
#2138 = CARTESIAN_POINT ( 'NONE',  ( -6.309978747059014736, 0.6450308918860931939, 3.434999999999999609 ) ) ;
#2137 = DIRECTION ( 'NONE',  ( -0.000000000000000000, -0.000000000000000000, -1.000000000000000000 ) ) ;
#2139 = DIRECTION ( 'NONE',  ( -0.000000000000000000, -1.000000000000000000, -0.000000000000000000 ) ) ;
#2140 = VECTOR ( 'NONE', #5554, 1000.000000000000000 ) ;
#2141 = ORIENTED_EDGE ( 'NONE', *, *, #5563, .F. ) ;
#2142 = ORIENTED_EDGE ( 'NONE', *, *, #1915, .F. ) ;
#2143 = VERTEX_POINT ( 'NONE', #4343 ) ;
#2144 = CARTESIAN_POINT ( 'NONE',  ( -5.729759561962193715, 0.6500000000000000222, -1.645000000000000240 ) ) ;
#2145 = VECTOR ( 'NONE', #6283, 1000.000000000000000 ) ;
#2146 = ADVANCED_FACE ( 'NONE', ( #949 ), #5029, .F. ) ;
#2147 = EDGE_CURVE ( 'NONE', #980, #735, #8554, .T. ) ;
#2148 = AXIS2_PLACEMENT_3D ( 'NONE', #8705, #3205, #3840 ) ;
#2149 = CARTESIAN_POINT ( 'NONE',  ( 7.050000000000004263, 3.229999999999999982, -3.899999999999999467 ) ) ;
#2150 = LINE ( 'NONE', #4235, #8508 ) ;
#2151 = ORIENTED_EDGE ( 'NONE', *, *, #7212, .T. ) ;
#2152 = VECTOR ( 'NONE', #547, 1000.000000000000000 ) ;
#2153 = VERTEX_POINT ( 'NONE', #7138 ) ;
#2154 = FACE_OUTER_BOUND ( 'NONE', #8681, .T. ) ;
#2155 = CARTESIAN_POINT ( 'NONE',  ( -4.294608113321960907, 1.650000000000000133, 6.680000000000001492 ) ) ;
#2156 = EDGE_CURVE ( 'NONE', #1766, #4516, #2379, .T. ) ;
#2157 = DIRECTION ( 'NONE',  ( -1.398970545142586295E-16, -0.000000000000000000, 1.000000000000000000 ) ) ;
#2158 = LINE ( 'NONE', #1558, #1871 ) ;
#2159 = DIRECTION ( 'NONE',  ( -0.000000000000000000, -0.000000000000000000, -1.000000000000000000 ) ) ;
#2160 = EDGE_LOOP ( 'NONE', ( #3193, #6733, #6103, #6545 ) ) ;
#2161 = CARTESIAN_POINT ( 'NONE',  ( 9.250000000000001776, 1.026283873608581754, -5.502875684468884643 ) ) ;
#2162 = EDGE_CURVE ( 'NONE', #5792, #4246, #990, .T. ) ;
#2163 = ORIENTED_EDGE ( 'NONE', *, *, #7657, .F. ) ;
#2164 = EDGE_LOOP ( 'NONE', ( #3794, #7969, #7836, #4186 ) ) ;
#2165 = DIRECTION ( 'NONE',  ( -0.000000000000000000, 0.000000000000000000, 1.000000000000000000 ) ) ;
#2166 = DIRECTION ( 'NONE',  ( -1.000000000000000000, -0.000000000000000000, 7.885106708985496922E-16 ) ) ;
#2167 = ORIENTED_EDGE ( 'NONE', *, *, #7803, .T. ) ;
#2168 = CARTESIAN_POINT ( 'NONE',  ( -0.07971870264047217769, 1.140030560879458754, 4.110000000000000320 ) ) ;
#2169 = AXIS2_PLACEMENT_3D ( 'NONE', #7584, #2738, #6766 ) ;
#2170 = DIRECTION ( 'NONE',  ( 0.000000000000000000, -0.000000000000000000, 1.000000000000000000 ) ) ;
#2171 = EDGE_CURVE ( 'NONE', #5462, #3808, #6369, .T. ) ;
#2172 = LINE ( 'NONE', #7743, #4176 ) ;
#2173 = ADVANCED_FACE ( 'NONE', ( #4986 ), #133, .F. ) ;
#2174 = VERTEX_POINT ( 'NONE', #5672 ) ;
#2175 = DIRECTION ( 'NONE',  ( -0.1218693434051402319, -0.9925461516413228713, 0.000000000000000000 ) ) ;
#2176 = VERTEX_POINT ( 'NONE', #8470 ) ;
#2177 = PLANE ( 'NONE',  #4090 ) ;
#2179 = CARTESIAN_POINT ( 'NONE',  ( -4.389783934713362257, -1.316867994985279289, -4.389783934713362257 ) ) ;
#2178 = DIRECTION ( 'NONE',  ( -0.8660254037844418162, 0.4999999999999947264, 0.000000000000000000 ) ) ;
#2180 = CARTESIAN_POINT ( 'NONE',  ( -5.729759561962193715, 1.149999999999999689, 4.110000000000000320 ) ) ;
#2181 = ORIENTED_EDGE ( 'NONE', *, *, #2147, .T. ) ;
#2182 = ORIENTED_EDGE ( 'NONE', *, *, #801, .T. ) ;
#2183 = EDGE_LOOP ( 'NONE', ( #402, #2705, #750, #1224 ) ) ;
#2184 = LINE ( 'NONE', #6256, #4313 ) ;
#2185 = CARTESIAN_POINT ( 'NONE',  ( -6.162772263854414234, 0.8999999999999971356, 3.434999999999999609 ) ) ;
#2186 = DIRECTION ( 'NONE',  ( 0.000000000000000000, -0.000000000000000000, -1.000000000000000000 ) ) ;
#2187 = LINE ( 'NONE', #1506, #5505 ) ;
#2188 = ORIENTED_EDGE ( 'NONE', *, *, #4421, .T. ) ;
#2189 = CARTESIAN_POINT ( 'NONE',  ( -0.04484046576840968606, 0.6412485357495464333, 0.9700000000000004174 ) ) ;
#2190 = FACE_OUTER_BOUND ( 'NONE', #1919, .T. ) ;
#2192 = ORIENTED_EDGE ( 'NONE', *, *, #1268, .T. ) ;
#2191 = ADVANCED_FACE ( 'NONE', ( #7782 ), #6451, .F. ) ;
#2193 = ADVANCED_FACE ( 'NONE', ( #4718 ), #2562, .F. ) ;
#2194 = LINE ( 'NONE', #1463, #4994 ) ;
#2195 = PRESENTATION_STYLE_ASSIGNMENT (( #2611 ) ) ;
#2196 = VECTOR ( 'NONE', #4863, 1000.000000000000000 ) ;
#2197 = CYLINDRICAL_SURFACE ( 'NONE', #4181, 1.000000000000000000 ) ;
#2198 = CARTESIAN_POINT ( 'NONE',  ( 0.000000000000000000, 0.000000000000000000, -3.510000000000000231 ) ) ;
#2199 = ORIENTED_EDGE ( 'NONE', *, *, #753, .F. ) ;
#2200 = DIRECTION ( 'NONE',  ( 7.885106708985496922E-16, 0.000000000000000000, 1.000000000000000000 ) ) ;
#2201 = EDGE_CURVE ( 'NONE', #829, #3171, #450, .T. ) ;
#2202 = ORIENTED_EDGE ( 'NONE', *, *, #113, .T. ) ;
#2203 = AXIS2_PLACEMENT_3D ( 'NONE', #7471, #7374, #1792 ) ;
#2204 = VERTEX_POINT ( 'NONE', #6578 ) ;
#2205 = LINE ( 'NONE', #6410, #2092 ) ;
#2206 = DIRECTION ( 'NONE',  ( 0.000000000000000000, 0.000000000000000000, -1.000000000000000000 ) ) ;
#2207 = ORIENTED_EDGE ( 'NONE', *, *, #5668, .T. ) ;
#2208 = PLANE ( 'NONE',  #7890 ) ;
#2209 = AXIS2_PLACEMENT_3D ( 'NONE', #6496, #8602, #1696 ) ;
#2210 = ADVANCED_FACE ( 'NONE', ( #7508 ), #8830, .T. ) ;
#2211 = CARTESIAN_POINT ( 'NONE',  ( 6.454323028127440409, -1.621399618097347783, 6.404323028127432593 ) ) ;
#2212 = DIRECTION ( 'NONE',  ( -0.000000000000000000, 1.000000000000000000, -0.000000000000000000 ) ) ;
#2213 = VECTOR ( 'NONE', #2804, 1000.000000000000000 ) ;
#2214 = VERTEX_POINT ( 'NONE', #8049 ) ;
#2215 = CARTESIAN_POINT ( 'NONE',  ( 9.250000000000001776, 3.729999999999999982, 1.499999999999999556 ) ) ;
#2216 = VERTEX_POINT ( 'NONE', #1141 ) ;
#2217 = EDGE_CURVE ( 'NONE', #4360, #313, #5974, .T. ) ;
#2218 = CARTESIAN_POINT ( 'NONE',  ( -2.049999999999997602, 3.229999999999999982, -5.799999999999998934 ) ) ;
#2219 = EDGE_CURVE ( 'NONE', #960, #2176, #6725, .T. ) ;
#2221 = CARTESIAN_POINT ( 'NONE',  ( -2.399999999999998135, 3.229999999999999982, -6.200000000000000178 ) ) ;
#2220 = LINE ( 'NONE', #8528, #8853 ) ;
#2222 = AXIS2_PLACEMENT_3D ( 'NONE', #3772, #3235, #4668 ) ;
#2223 = AXIS2_PLACEMENT_3D ( 'NONE', #3249, #5404, #3197 ) ;
#2224 = CARTESIAN_POINT ( 'NONE',  ( -5.729759561962193715, 1.149999999999999689, 2.915000000000000036 ) ) ;
#2225 = VERTEX_POINT ( 'NONE', #5883 ) ;
#2226 = VECTOR ( 'NONE', #2648, 1000.000000000000000 ) ;
#2227 = ORIENTED_EDGE ( 'NONE', *, *, #3965, .F. ) ;
#2228 = ORIENTED_EDGE ( 'NONE', *, *, #3297, .T. ) ;
#2229 = DIRECTION ( 'NONE',  ( -0.06975647374412444202, 0.9975640502598243087, 0.000000000000000000 ) ) ;
#2230 = VECTOR ( 'NONE', #1632, 1000.000000000000000 ) ;
#2231 = CIRCLE ( 'NONE', #8957, 0.4999999999999995559 ) ;
#2232 = DIRECTION ( 'NONE',  ( -0.000000000000000000, -0.000000000000000000, -1.000000000000000000 ) ) ;
#2233 = CARTESIAN_POINT ( 'NONE',  ( -6.742991448951236144, 0.8950308918860907514, -3.510000000000000231 ) ) ;
#2234 = ORIENTED_EDGE ( 'NONE', *, *, #4332, .F. ) ;
#2235 =( LENGTH_UNIT ( ) NAMED_UNIT ( * ) SI_UNIT ( .MILLI., .METRE. ) );
#2236 = ORIENTED_EDGE ( 'NONE', *, *, #4884, .F. ) ;
#2237 = FACE_OUTER_BOUND ( 'NONE', #5234, .T. ) ;
#2238 = VECTOR ( 'NONE', #3915, 1000.000000000000000 ) ;
#2239 = CIRCLE ( 'NONE', #1055, 0.5000000000000004441 ) ;
#2240 = CARTESIAN_POINT ( 'NONE',  ( -5.729759561962193715, 1.149999999999999689, 4.184999999999999609 ) ) ;
#2241 = VECTOR ( 'NONE', #680, 1000.000000000000000 ) ;
#2242 = CARTESIAN_POINT ( 'NONE',  ( 3.774478171836572304, 2.773577871373825499, -4.848097349045872306 ) ) ;
#2243 = LINE ( 'NONE', #7775, #3874 ) ;
#2244 = VERTEX_POINT ( 'NONE', #1736 ) ;
#2245 = DIRECTION ( 'NONE',  ( -0.000000000000000000, -0.000000000000000000, 1.000000000000000000 ) ) ;
#2246 = ORIENTED_EDGE ( 'NONE', *, *, #1117, .T. ) ;
#2247 = EDGE_LOOP ( 'NONE', ( #5074, #389, #855, #3391 ) ) ;
#2248 = DIRECTION ( 'NONE',  ( 1.000000000000000000, 2.082697505432185440E-16, 0.000000000000000000 ) ) ;
#2249 = VECTOR ( 'NONE', #1515, 1000.000000000000114 ) ;
#2250 = DIRECTION ( 'NONE',  ( -0.000000000000000000, -0.000000000000000000, 1.000000000000000000 ) ) ;
#2251 = EDGE_LOOP ( 'NONE', ( #2188, #3154, #3549, #4858, #4542, #5077 ) ) ;
#2252 = PLANE ( 'NONE',  #1616 ) ;
#2253 = EDGE_CURVE ( 'NONE', #5880, #4028, #8686, .T. ) ;
#2254 = CARTESIAN_POINT ( 'NONE',  ( -4.750000000000004441, 1.649999999999999911, 4.919582860152539538 ) ) ;
#2255 = EDGE_CURVE ( 'NONE', #8251, #5792, #2515, .T. ) ;
#2256 = LINE ( 'NONE', #1572, #8275 ) ;
#2257 = EDGE_CURVE ( 'NONE', #8133, #7255, #8005, .T. ) ;
#2258 = EDGE_LOOP ( 'NONE', ( #7116, #7999, #2487, #6661 ) ) ;
#2259 = EDGE_LOOP ( 'NONE', ( #6053, #5492, #7847, #8856, #6678 ) ) ;
#2260 = DIRECTION ( 'NONE',  ( -1.000000000000000000, 0.000000000000000000, 0.000000000000000000 ) ) ;
#2261 = VERTEX_POINT ( 'NONE', #3186 ) ;
#2262 = FACE_OUTER_BOUND ( 'NONE', #4757, .T. ) ;
#2263 = EDGE_CURVE ( 'NONE', #8456, #5138, #8192, .T. ) ;
#2265 = CARTESIAN_POINT ( 'NONE',  ( 8.990000000000001990, 3.729999999999999982, 1.500000000000000000 ) ) ;
#2264 = CARTESIAN_POINT ( 'NONE',  ( 0.000000000000000000, 3.229999999999999982, 0.000000000000000000 ) ) ;
#2266 = EDGE_LOOP ( 'NONE', ( #480, #4238, #2842, #2151 ) ) ;
#2267 = EDGE_CURVE ( 'NONE', #3945, #572, #7314, .T. ) ;
#2268 = ORIENTED_EDGE ( 'NONE', *, *, #5654, .F. ) ;
#2269 = DIRECTION ( 'NONE',  ( -0.4999999999999965583, -0.8660254037844405950, 0.000000000000000000 ) ) ;
#2270 = CARTESIAN_POINT ( 'NONE',  ( 5.700000000000001066, 3.729999999999999982, -6.199999999999999289 ) ) ;
#2271 = CIRCLE ( 'NONE', #5637, 0.4499999999999999001 ) ;
#2272 = CYLINDRICAL_SURFACE ( 'NONE', #6987, 0.4499999999999999001 ) ;
#2273 = CARTESIAN_POINT ( 'NONE',  ( -2.043235304052834156, 0.000000000000000000, -6.603405868283640956 ) ) ;
#2274 = ORIENTED_EDGE ( 'NONE', *, *, #1997, .F. ) ;
#2275 = LINE ( 'NONE', #1418, #8067 ) ;
#2276 = EDGE_CURVE ( 'NONE', #3, #4656, #3096, .T. ) ;
#2277 = ORIENTED_EDGE ( 'NONE', *, *, #3802, .T. ) ;
#2278 = CARTESIAN_POINT ( 'NONE',  ( -7.176004150843455776, 1.145030891886088309, -4.110000000000000320 ) ) ;
#2279 = VECTOR ( 'NONE', #7273, 1000.000000000000000 ) ;
#2280 = VECTOR ( 'NONE', #3302, 1000.000000000000000 ) ;
#2281 = LINE ( 'NONE', #345, #979 ) ;
#2282 = LINE ( 'NONE', #7905, #359 ) ;
#2283 = DIRECTION ( 'NONE',  ( 0.000000000000000000, 1.000000000000000000, 0.000000000000000000 ) ) ;
#2284 = CARTESIAN_POINT ( 'NONE',  ( 6.988607719548549646, 3.729999999999999982, 1.499999999999999778 ) ) ;
#2285 = CONICAL_SURFACE ( 'NONE', #375, 0.8999999999999998002, 0.1221730476396033355 ) ;
#2286 = ORIENTED_EDGE ( 'NONE', *, *, #8240, .T. ) ;
#2287 = DIRECTION ( 'NONE',  ( -0.000000000000000000, -0.000000000000000000, -1.000000000000000000 ) ) ;
#2288 = VERTEX_POINT ( 'NONE', #7415 ) ;
#2289 = AXIS2_PLACEMENT_3D ( 'NONE', #8079, #6706, #1813 ) ;
#2290 = ORIENTED_EDGE ( 'NONE', *, *, #1528, .F. ) ;
#2291 = CARTESIAN_POINT ( 'NONE',  ( -4.221443133100769352, 2.157277196200265479, 5.680000000000001492 ) ) ;
#2292 = CARTESIAN_POINT ( 'NONE',  ( -9.215121763127934074, -1.084202172485504434E-16, -3.510000000000000231 ) ) ;
#2293 = ORIENTED_EDGE ( 'NONE', *, *, #4501, .T. ) ;
#2294 = CARTESIAN_POINT ( 'NONE',  ( -6.742991448951236144, 0.8950308918860907514, -2.915000000000000036 ) ) ;
#2295 = AXIS2_PLACEMENT_3D ( 'NONE', #6813, #500, #8234 ) ;
#2296 = PLANE ( 'NONE',  #8758 ) ;
#2297 = CARTESIAN_POINT ( 'NONE',  ( 5.700000000000001066, 3.729999999999999982, -5.749999999999999112 ) ) ;
#2298 = ORIENTED_EDGE ( 'NONE', *, *, #2162, .F. ) ;
#2299 = ORIENTED_EDGE ( 'NONE', *, *, #6391, .T. ) ;
#2300 = AXIS2_PLACEMENT_3D ( 'NONE', #975, #7853, #7205 ) ;
#2301 = DIRECTION ( 'NONE',  ( 0.000000000000000000, 0.000000000000000000, 1.000000000000000000 ) ) ;
#2302 = VERTEX_POINT ( 'NONE', #1834 ) ;
#2303 = CARTESIAN_POINT ( 'NONE',  ( -6.742991448951236144, 0.8950308918860907514, -0.8950000000000003508 ) ) ;
#2304 = VECTOR ( 'NONE', #6646, 1000.000000000000000 ) ;
#2305 = ADVANCED_FACE ( 'NONE', ( #6079 ), #3824, .F. ) ;
#2306 = EDGE_CURVE ( 'NONE', #4869, #8728, #4621, .T. ) ;
#2308 = FACE_OUTER_BOUND ( 'NONE', #1157, .T. ) ;
#2307 = LINE ( 'NONE', #5001, #8270 ) ;
#2309 = AXIS2_PLACEMENT_3D ( 'NONE', #6758, #8955, #8268 ) ;
#2310 = ORIENTED_EDGE ( 'NONE', *, *, #5269, .F. ) ;
#2311 = EDGE_CURVE ( 'NONE', #33, #6734, #8881, .T. ) ;
#2312 = VERTEX_POINT ( 'NONE', #5393 ) ;
#2313 = ORIENTED_EDGE ( 'NONE', *, *, #3979, .F. ) ;
#2314 = LINE ( 'NONE', #8710, #3071 ) ;
#2315 = CARTESIAN_POINT ( 'NONE',  ( 7.050000000000004263, 3.229999999999999982, -7.000000000000000888 ) ) ;
#2316 = ADVANCED_FACE ( 'NONE', ( #8734 ), #4570, .F. ) ;
#2317 = CARTESIAN_POINT ( 'NONE',  ( -5.729759561962193715, 0.6500000000000000222, -3.435000000000000497 ) ) ;
#2318 = CARTESIAN_POINT ( 'NONE',  ( 9.250000000000001776, 1.026283873608581976, 5.502875684468884643 ) ) ;
#2319 = ORIENTED_EDGE ( 'NONE', *, *, #2978, .F. ) ;
#2320 = CARTESIAN_POINT ( 'NONE',  ( 0.3500000000000021982, 3.229999999999999982, 5.799999999999999822 ) ) ;
#2321 = VERTEX_POINT ( 'NONE', #405 ) ;
#2322 = DIRECTION ( 'NONE',  ( -0.000000000000000000, -0.000000000000000000, -1.000000000000000000 ) ) ;
#2323 = EDGE_CURVE ( 'NONE', #3171, #6016, #5298, .T. ) ;
#2324 = EDGE_CURVE ( 'NONE', #528, #5125, #2063, .T. ) ;
#2325 = CYLINDRICAL_SURFACE ( 'NONE', #5374, 1.000000000000000000 ) ;
#2326 = PLANE ( 'NONE',  #7237 ) ;
#2327 = DIRECTION ( 'NONE',  ( 0.000000000000000000, 0.000000000000000000, 1.000000000000000000 ) ) ;
#2328 = DIRECTION ( 'NONE',  ( 0.000000000000000000, 0.08715574274765126861, -0.9961946980917462113 ) ) ;
#2329 = ORIENTED_EDGE ( 'NONE', *, *, #8990, .T. ) ;
#2330 = FACE_OUTER_BOUND ( 'NONE', #1888, .T. ) ;
#2331 = ORIENTED_EDGE ( 'NONE', *, *, #3065, .T. ) ;
#2332 = DIRECTION ( 'NONE',  ( -1.000000000000000000, -0.000000000000000000, 3.614007241618347785E-16 ) ) ;
#2333 = CARTESIAN_POINT ( 'NONE',  ( -5.729759561962193715, 0.6500000000000000222, -0.3750000000000003331 ) ) ;
#2334 = LINE ( 'NONE', #7961, #3501 ) ;
#2335 = MECHANICAL_DESIGN_GEOMETRIC_PRESENTATION_REPRESENTATION (  '', ( #1628 ), #752 ) ;
#2336 = CARTESIAN_POINT ( 'NONE',  ( -5.729759561962193715, 1.649999999999999911, -0.8950000000000003508 ) ) ;
#2337 = DIRECTION ( 'NONE',  ( -0.06975647374412492774, 0.9975640502598243087, 0.000000000000000000 ) ) ;
#2338 = ORIENTED_EDGE ( 'NONE', *, *, #818, .F. ) ;
#2339 = ORIENTED_EDGE ( 'NONE', *, *, #403, .T. ) ;
#2340 = CARTESIAN_POINT ( 'NONE',  ( 5.050000000000002487, 3.729999999999999982, 5.800000000000000711 ) ) ;
#2341 = ORIENTED_EDGE ( 'NONE', *, *, #1769, .F. ) ;
#2342 = DIRECTION ( 'NONE',  ( -3.903490084041790365E-17, 0.9975640502598241977, 0.06975647374412619062 ) ) ;
#2343 = PLANE ( 'NONE',  #3523 ) ;
#2345 = DIRECTION ( 'NONE',  ( 0.06975647374412444202, -0.9975640502598243087, 0.000000000000000000 ) ) ;
#2344 = FACE_OUTER_BOUND ( 'NONE', #5380, .T. ) ;
#2346 = EDGE_CURVE ( 'NONE', #2722, #1292, #4154, .T. ) ;
#2347 = ORIENTED_EDGE ( 'NONE', *, *, #7803, .F. ) ;
#2348 = EDGE_LOOP ( 'NONE', ( #1757, #6004, #109, #6933 ) ) ;
#2349 = PLANE ( 'NONE',  #5995 ) ;
#2350 = ORIENTED_EDGE ( 'NONE', *, *, #4147, .T. ) ;
#2351 = VECTOR ( 'NONE', #7054, 1000.000000000000000 ) ;
#2352 = CLOSED_SHELL ( 'NONE', ( #7797, #3094, #992, #2461, #6980, #2750, #5444, #4933, #7026, #3033, #5678, #6384, #6558, #6344, #6271, #16, #7354, #899, #6976, #409, #3495, #4422 ) ) ;
#2353 = CARTESIAN_POINT ( 'NONE',  ( -7.106247677099330140, 0.1474668416262637505, 0.2999999999999999334 ) ) ;
#2354 = EDGE_CURVE ( 'NONE', #1164, #2174, #1972, .T. ) ;
#2355 = LINE ( 'NONE', #8031, #973 ) ;
#2356 = EDGE_CURVE ( 'NONE', #8826, #5099, #3326, .T. ) ;
#2358 = PLANE ( 'NONE',  #7631 ) ;
#2357 = VECTOR ( 'NONE', #3158, 1000.000000000000000 ) ;
#2359 = ORIENTED_EDGE ( 'NONE', *, *, #4590, .T. ) ;
#2360 = DIRECTION ( 'NONE',  ( 1.000000000000000000, 0.000000000000000000, -0.000000000000000000 ) ) ;
#2361 = CIRCLE ( 'NONE', #3962, 0.4999999999999995559 ) ;
#2362 = VERTEX_POINT ( 'NONE', #1379 ) ;
#2363 = CARTESIAN_POINT ( 'NONE',  ( 5.838607719548550179, 3.229999999999999982, -0.9999999999999995559 ) ) ;
#2364 = EDGE_CURVE ( 'NONE', #3762, #5257, #4761, .T. ) ;
#2365 = VECTOR ( 'NONE', #3451, 1000.000000000000114 ) ;
#2366 = CYLINDRICAL_SURFACE ( 'NONE', #1444, 1.000000000000000888 ) ;
#2367 = ADVANCED_FACE ( 'NONE', ( #7550 ), #2834, .T. ) ;
#2368 = CARTESIAN_POINT ( 'NONE',  ( -5.729759561962193715, 1.649999999999999911, 2.915000000000000036 ) ) ;
#2369 = CARTESIAN_POINT ( 'NONE',  ( 6.238607719548550534, 3.229999999999999982, -1.500000000000000000 ) ) ;
#2370 = FACE_OUTER_BOUND ( 'NONE', #7297, .T. ) ;
#2371 = VECTOR ( 'NONE', #449, 1000.000000000000114 ) ;
#2372 = EDGE_LOOP ( 'NONE', ( #8753, #4008, #6903, #781 ) ) ;
#2373 = PLANE ( 'NONE',  #7786 ) ;
#2374 = VECTOR ( 'NONE', #6085, 1000.000000000000000 ) ;
#2375 = ORIENTED_EDGE ( 'NONE', *, *, #2147, .F. ) ;
#2376 = EDGE_CURVE ( 'NONE', #4795, #2846, #5573, .T. ) ;
#2377 = EDGE_CURVE ( 'NONE', #2470, #4900, #3369, .T. ) ;
#2378 = DIRECTION ( 'NONE',  ( -0.9897582589218777427, 0.1427535950368092887, 0.000000000000000000 ) ) ;
#2379 = LINE ( 'NONE', #7960, #5426 ) ;
#2380 = FACE_OUTER_BOUND ( 'NONE', #8322, .T. ) ;
#2381 = FACE_OUTER_BOUND ( 'NONE', #4604, .T. ) ;
#2382 = CARTESIAN_POINT ( 'NONE',  ( -5.729759561962193715, 1.649999999999999911, 2.915000000000000036 ) ) ;
#2383 = EDGE_LOOP ( 'NONE', ( #7766, #6446, #7714, #3173 ) ) ;
#2384 = LINE ( 'NONE', #3617, #181 ) ;
#2385 = CIRCLE ( 'NONE', #5869, 0.4999999999999995559 ) ;
#2386 = LINE ( 'NONE', #5889, #2491 ) ;
#2387 = EDGE_CURVE ( 'NONE', #2663, #1290, #1501, .T. ) ;
#2388 = ORIENTED_EDGE ( 'NONE', *, *, #4174, .T. ) ;
#2389 = DIRECTION ( 'NONE',  ( 0.000000000000000000, 0.000000000000000000, 1.000000000000000000 ) ) ;
#2390 = EDGE_LOOP ( 'NONE', ( #6782, #7040, #8805, #5016 ) ) ;
#2391 = CARTESIAN_POINT ( 'NONE',  ( -5.729759561962193715, 1.649999999999999911, -3.510000000000000231 ) ) ;
#2392 = DIRECTION ( 'NONE',  ( -0.000000000000000000, 0.000000000000000000, 1.000000000000000000 ) ) ;
#2394 = DIRECTION ( 'NONE',  ( -1.000000000000000000, 0.000000000000000000, 1.668003342285392635E-15 ) ) ;
#2393 = DIRECTION ( 'NONE',  ( 1.000000000000000000, 2.082697505432185440E-16, 0.000000000000000000 ) ) ;
#2395 = ORIENTED_EDGE ( 'NONE', *, *, #3521, .T. ) ;
#2396 = ORIENTED_EDGE ( 'NONE', *, *, #6548, .T. ) ;
#2397 = LINE ( 'NONE', #4409, #4702 ) ;
#2398 = ORIENTED_EDGE ( 'NONE', *, *, #7894, .T. ) ;
#2399 = LINE ( 'NONE', #4595, #8205 ) ;
#2400 = CARTESIAN_POINT ( 'NONE',  ( -2.395102131247015462E-16, 1.150000000000001021, -0.9699999999999999734 ) ) ;
#2401 = DIRECTION ( 'NONE',  ( 1.000000000000000000, 0.000000000000000000, 0.000000000000000000 ) ) ;
#2402 = CARTESIAN_POINT ( 'NONE',  ( -4.479866786035785253, -0.5500584762268876382, -1.569999999999999840 ) ) ;
#2403 = ORIENTED_EDGE ( 'NONE', *, *, #1061, .T. ) ;
#2404 = DIRECTION ( 'NONE',  ( -0.000000000000000000, -0.000000000000000000, -1.000000000000000000 ) ) ;
#2405 = AXIS2_PLACEMENT_3D ( 'NONE', #7018, #4824, #7615 ) ;
#2406 = ORIENTED_EDGE ( 'NONE', *, *, #3028, .F. ) ;
#2407 = DIRECTION ( 'NONE',  ( 1.000000000000000000, 0.000000000000000000, 0.000000000000000000 ) ) ;
#2408 = EDGE_CURVE ( 'NONE', #5984, #271, #6956, .T. ) ;
#2409 = ADVANCED_FACE ( 'NONE', ( #8973 ), #5619, .F. ) ;
#2410 = DIRECTION ( 'NONE',  ( 0.000000000000000000, 0.000000000000000000, 1.000000000000000000 ) ) ;
#2411 = CARTESIAN_POINT ( 'NONE',  ( 6.150000000000001243, 3.229999999999999982, -3.899999999999999467 ) ) ;
#2412 = DIRECTION ( 'NONE',  ( -0.9975640502598243087, -0.06975647374412489998, 0.000000000000000000 ) ) ;
#2413 = CYLINDRICAL_SURFACE ( 'NONE', #2729, 0.4999999999999995559 ) ;
#2414 =( GEOMETRIC_REPRESENTATION_CONTEXT ( 3 ) GLOBAL_UNCERTAINTY_ASSIGNED_CONTEXT ( ( #6258 ) ) GLOBAL_UNIT_ASSIGNED_CONTEXT ( ( #4099, #8869, #3405 ) ) REPRESENTATION_CONTEXT ( 'NONE', 'WORKASPACE' ) );
#2415 = VERTEX_POINT ( 'NONE', #2155 ) ;
#2416 = LINE ( 'NONE', #1690, #2675 ) ;
#2417 = VERTEX_POINT ( 'NONE', #730 ) ;
#2418 = AXIS2_PLACEMENT_3D ( 'NONE', #2727, #1998, #5964 ) ;
#2419 = EDGE_CURVE ( 'NONE', #6534, #4663, #2746, .T. ) ;
#2420 = LINE ( 'NONE', #504, #6358 ) ;
#2421 = DIRECTION ( 'NONE',  ( 0.7071067811865440200, 0.000000000000000000, -0.7071067811865511255 ) ) ;
#2422 = CARTESIAN_POINT ( 'NONE',  ( 8.349999999999999645, 1.026283873608581976, -5.502875684468884643 ) ) ;
#2423 = CIRCLE ( 'NONE', #371, 0.4499999999999999001 ) ;
#2424 = CYLINDRICAL_SURFACE ( 'NONE', #3442, 1.250000000000000222 ) ;
#2425 = EDGE_CURVE ( 'NONE', #7074, #2225, #2699, .T. ) ;
#2426 = AXIS2_PLACEMENT_3D ( 'NONE', #5955, #1266, #4050 ) ;
#2427 = ORIENTED_EDGE ( 'NONE', *, *, #4001, .F. ) ;
#2428 = FACE_OUTER_BOUND ( 'NONE', #1352, .T. ) ;
#2429 = CARTESIAN_POINT ( 'NONE',  ( -9.215121763127934074, -1.084202172485504434E-16, -4.110000000000000320 ) ) ;
#2430 = CARTESIAN_POINT ( 'NONE',  ( -6.742991448951236144, 0.8950308918860907514, 0.8950000000000000178 ) ) ;
#2431 = AXIS2_PLACEMENT_3D ( 'NONE', #4024, #2566, #3241 ) ;
#2432 = ORIENTED_EDGE ( 'NONE', *, *, #4421, .F. ) ;
#2433 = CARTESIAN_POINT ( 'NONE',  ( -4.688607719548555153, 1.149999999999999911, -2.239999999999999769 ) ) ;
#2434 = ORIENTED_EDGE ( 'NONE', *, *, #1592, .T. ) ;
#2435 = CARTESIAN_POINT ( 'NONE',  ( -7.176004150843455776, 1.145030891886088309, 0.9700000000000004174 ) ) ;
#2436 = EDGE_CURVE ( 'NONE', #3366, #8111, #1236, .T. ) ;
#2437 = CARTESIAN_POINT ( 'NONE',  ( -5.729759561962193715, 1.649999999999999911, -3.435000000000000497 ) ) ;
#2439 = CARTESIAN_POINT ( 'NONE',  ( -5.729759561962193715, 1.149999999999999689, -1.569999999999999840 ) ) ;
#2438 = CARTESIAN_POINT ( 'NONE',  ( 0.3500000000000021982, 3.729999999999999982, 6.199999999999999289 ) ) ;
#2440 = EDGE_CURVE ( 'NONE', #5051, #4016, #6266, .T. ) ;
#2441 = ORIENTED_EDGE ( 'NONE', *, *, #8429, .T. ) ;
#2442 = ORIENTED_EDGE ( 'NONE', *, *, #5593, .F. ) ;
#2443 = CARTESIAN_POINT ( 'NONE',  ( 0.3500000000000021982, 3.229999999999999982, 5.799999999999999822 ) ) ;
#2444 = ORIENTED_EDGE ( 'NONE', *, *, #8173, .T. ) ;
#2445 = CARTESIAN_POINT ( 'NONE',  ( 6.950544505668657891, 2.419999999999999929, -3.899999999999999911 ) ) ;
#2446 = VECTOR ( 'NONE', #4004, 1000.000000000000114 ) ;
#2447 = PLANE ( 'NONE',  #3525 ) ;
#2448 = LINE ( 'NONE', #4503, #8443 ) ;
#2449 = LINE ( 'NONE', #6522, #7050 ) ;
#2450 = ORIENTED_EDGE ( 'NONE', *, *, #1360, .T. ) ;
#2451 = CARTESIAN_POINT ( 'NONE',  ( 5.050000000000002487, 3.229999999999999982, -6.200000000000000178 ) ) ;
#2452 = ORIENTED_EDGE ( 'NONE', *, *, #7261, .T. ) ;
#2453 = ORIENTED_EDGE ( 'NONE', *, *, #5203, .F. ) ;
#2454 = CARTESIAN_POINT ( 'NONE',  ( -4.242685036398884613, 2.009999999999998455, -5.680000000000001492 ) ) ;
#2455 = LINE ( 'NONE', #3723, #2604 ) ;
#2456 = LINE ( 'NONE', #7951, #5739 ) ;
#2457 = LINE ( 'NONE', #3178, #706 ) ;
#2458 = CARTESIAN_POINT ( 'NONE',  ( -2.849999999999998312, 3.229999999999999982, 1.481822626968297304E-15 ) ) ;
#2459 = ORIENTED_EDGE ( 'NONE', *, *, #6055, .T. ) ;
#2460 = CARTESIAN_POINT ( 'NONE',  ( 8.349999999999999645, 5.552768749087643836E-17, 6.965121763127935850 ) ) ;
#2461 = ADVANCED_FACE ( 'NONE', ( #7592 ), #1328, .F. ) ;
#2462 = EDGE_CURVE ( 'NONE', #6711, #6894, #642, .T. ) ;
#2463 = VERTEX_POINT ( 'NONE', #8330 ) ;
#2464 = CARTESIAN_POINT ( 'NONE',  ( -7.141125913971392514, 0.6462488667561758771, 1.570000000000000284 ) ) ;
#2465 = DIRECTION ( 'NONE',  ( -0.000000000000000000, -0.000000000000000000, 1.000000000000000000 ) ) ;
#2466 = DIRECTION ( 'NONE',  ( -1.000000000000000000, 0.000000000000000000, 0.000000000000000000 ) ) ;
#2467 = CARTESIAN_POINT ( 'NONE',  ( -5.729759561962193715, 1.649999999999999911, -0.2999999999999999334 ) ) ;
#2468 = DIRECTION ( 'NONE',  ( -0.06975647374412492774, 0.9975640502598243087, 0.000000000000000000 ) ) ;
#2469 = EDGE_CURVE ( 'NONE', #703, #6995, #4849, .T. ) ;
#2470 = VERTEX_POINT ( 'NONE', #2877 ) ;
#2471 = CARTESIAN_POINT ( 'NONE',  ( -7.141125913971392514, 0.6462488667561758771, 3.510000000000000231 ) ) ;
#2472 = EDGE_CURVE ( 'NONE', #8728, #2244, #6355, .T. ) ;
#2473 = ORIENTED_EDGE ( 'NONE', *, *, #4649, .F. ) ;
#2474 = DIRECTION ( 'NONE',  ( 0.000000000000000000, 0.000000000000000000, -1.000000000000000000 ) ) ;
#2475 = CARTESIAN_POINT ( 'NONE',  ( -4.547405474510220813, -3.673940397442858836E-18, -7.000000000000000888 ) ) ;
#2476 = FACE_OUTER_BOUND ( 'NONE', #1521, .T. ) ;
#2477 = LINE ( 'NONE', #1795, #6310 ) ;
#2478 = ORIENTED_EDGE ( 'NONE', *, *, #3851, .T. ) ;
#2479 = DIRECTION ( 'NONE',  ( -1.000000000000000000, 0.000000000000000000, 0.000000000000000000 ) ) ;
#2480 = VECTOR ( 'NONE', #3609, 1000.000000000000227 ) ;
#2481 = EDGE_CURVE ( 'NONE', #7705, #8271, #2194, .T. ) ;
#2482 = LINE ( 'NONE', #8069, #4259 ) ;
#2484 = DIRECTION ( 'NONE',  ( -0.6973037730191616879, 0.1659364223625809376, 0.6973037730191546935 ) ) ;
#2483 = DIRECTION ( 'NONE',  ( -4.877132677759598832E-17, -0.9961946980917459893, 0.08715574274765214291 ) ) ;
#2485 = VECTOR ( 'NONE', #4307, 1000.000000000000227 ) ;
#2486 = EDGE_CURVE ( 'NONE', #9040, #4034, #2361, .T. ) ;
#2487 = ORIENTED_EDGE ( 'NONE', *, *, #6326, .F. ) ;
#2488 = ORIENTED_EDGE ( 'NONE', *, *, #163, .F. ) ;
#2489 = PRESENTATION_STYLE_ASSIGNMENT (( #5952 ) ) ;
#2490 = ORIENTED_EDGE ( 'NONE', *, *, #5428, .F. ) ;
#2491 = VECTOR ( 'NONE', #315, 1000.000000000000000 ) ;
#2492 = DIRECTION ( 'NONE',  ( 0.3746065934158985811, 0.9271838545667927534, 0.000000000000000000 ) ) ;
#2493 = EDGE_CURVE ( 'NONE', #5390, #6307, #4481, .T. ) ;
#2494 = VECTOR ( 'NONE', #3387, 1000.000000000000114 ) ;
#2495 = CARTESIAN_POINT ( 'NONE',  ( 6.150000000000001243, 3.229999999999999982, 3.899999999999999467 ) ) ;
#2496 = CARTESIAN_POINT ( 'NONE',  ( 6.988607719548549646, 3.729999999999999982, 0.000000000000000000 ) ) ;
#2497 = CARTESIAN_POINT ( 'NONE',  ( -5.729759561962193715, 0.6500000000000000222, 1.570000000000000284 ) ) ;
#2498 = ORIENTED_EDGE ( 'NONE', *, *, #2835, .F. ) ;
#2499 = PLANE ( 'NONE',  #8500 ) ;
#2500 = VECTOR ( 'NONE', #2579, 1000.000000000000000 ) ;
#2501 = ORIENTED_EDGE ( 'NONE', *, *, #2787, .F. ) ;
#2502 = ORIENTED_EDGE ( 'NONE', *, *, #2704, .T. ) ;
#2503 = LINE ( 'NONE', #8180, #8557 ) ;
#2504 = AXIS2_PLACEMENT_3D ( 'NONE', #6395, #2360, #5100 ) ;
#2505 = FILL_AREA_STYLE_COLOUR ( '', #5600 ) ;
#2506 = LINE ( 'NONE', #4182, #6648 ) ;
#2507 = DIRECTION ( 'NONE',  ( -1.000000000000000000, -0.000000000000000000, -0.000000000000000000 ) ) ;
#2508 = CYLINDRICAL_SURFACE ( 'NONE', #5500, 1.000000000000000000 ) ;
#2509 = CIRCLE ( 'NONE', #302, 1.250000000000000222 ) ;
#2510 = ORIENTED_EDGE ( 'NONE', *, *, #4010, .F. ) ;
#2511 = DIRECTION ( 'NONE',  ( -0.8660254037844418162, 0.4999999999999947264, 0.000000000000000000 ) ) ;
#2512 = ORIENTED_EDGE ( 'NONE', *, *, #8377, .T. ) ;
#2513 = VECTOR ( 'NONE', #5909, 1000.000000000000114 ) ;
#2514 = LINE ( 'NONE', #3918, #7929 ) ;
#2515 = LINE ( 'NONE', #5349, #6588 ) ;
#2516 = DIRECTION ( 'NONE',  ( 0.1417109785282572310, 0.9825294511292500532, -0.1206394472310703125 ) ) ;
#2517 = DIRECTION ( 'NONE',  ( 1.000000000000000000, 0.000000000000000000, -0.000000000000000000 ) ) ;
#2518 = DIRECTION ( 'NONE',  ( 0.1788854381999831489, -0.9838699100999074298, 0.000000000000000000 ) ) ;
#2519 = ORIENTED_EDGE ( 'NONE', *, *, #4551, .T. ) ;
#2520 = CARTESIAN_POINT ( 'NONE',  ( -6.742991448951236144, 0.8950308918860907514, 1.570000000000000284 ) ) ;
#2521 = VERTEX_POINT ( 'NONE', #201 ) ;
#2522 = ORIENTED_EDGE ( 'NONE', *, *, #5150, .T. ) ;
#2523 = LINE ( 'NONE', #7967, #595 ) ;
#2524 = FACE_OUTER_BOUND ( 'NONE', #5446, .T. ) ;
#2525 = ORIENTED_EDGE ( 'NONE', *, *, #7299, .F. ) ;
#2526 = CARTESIAN_POINT ( 'NONE',  ( 0.000000000000000000, 1.649999999999999911, -3.510000000000000231 ) ) ;
#2527 = ORIENTED_EDGE ( 'NONE', *, *, #4384, .F. ) ;
#2528 = CARTESIAN_POINT ( 'NONE',  ( -3.994608113321959753, 3.252606517456513302E-16, -0.000000000000000000 ) ) ;
#2529 = EDGE_CURVE ( 'NONE', #1290, #2769, #4362, .T. ) ;
#2530 = AXIS2_PLACEMENT_3D ( 'NONE', #3288, #3331, #1977 ) ;
#2531 = VECTOR ( 'NONE', #5743, 1000.000000000000000 ) ;
#2532 = EDGE_CURVE ( 'NONE', #3539, #3366, #335, .T. ) ;
#2533 = ADVANCED_FACE ( 'NONE', ( #7159 ), #7119, .T. ) ;
#2534 = LINE ( 'NONE', #8019, #6865 ) ;
#2536 = PLANE ( 'NONE',  #1414 ) ;
#2535 = LINE ( 'NONE', #3204, #2989 ) ;
#2537 = ORIENTED_EDGE ( 'NONE', *, *, #4475, .F. ) ;
#2538 = VERTEX_POINT ( 'NONE', #8669 ) ;
#2539 = DIRECTION ( 'NONE',  ( -0.000000000000000000, -0.000000000000000000, -1.000000000000000000 ) ) ;
#2540 = EDGE_LOOP ( 'NONE', ( #8996, #6565, #463, #1788 ) ) ;
#2541 = LINE ( 'NONE', #1810, #2645 ) ;
#2542 = EDGE_CURVE ( 'NONE', #5281, #7145, #5817, .T. ) ;
#2543 = DIRECTION ( 'NONE',  ( 0.000000000000000000, 1.000000000000000000, 0.000000000000000000 ) ) ;
#2544 = DIRECTION ( 'NONE',  ( -0.000000000000000000, -0.000000000000000000, 1.000000000000000000 ) ) ;
#2545 = CYLINDRICAL_SURFACE ( 'NONE', #4715, 0.4499999999999999001 ) ;
#2546 = EDGE_CURVE ( 'NONE', #313, #4487, #6428, .T. ) ;
#2547 = ORIENTED_EDGE ( 'NONE', *, *, #4658, .F. ) ;
#2548 = PLANE ( 'NONE',  #1933 ) ;
#2549 = ORIENTED_EDGE ( 'NONE', *, *, #7657, .T. ) ;
#2550 = ORIENTED_EDGE ( 'NONE', *, *, #7964, .T. ) ;
#2551 = DIRECTION ( 'NONE',  ( -0.1218693434051425356, 0.9925461516413225382, 0.000000000000000000 ) ) ;
#2552 = EDGE_CURVE ( 'NONE', #6995, #6177, #287, .T. ) ;
#2553 = AXIS2_PLACEMENT_3D ( 'NONE', #4805, #2650, #1422 ) ;
#2554 = LINE ( 'NONE', #116, #6837 ) ;
#2555 = AXIS2_PLACEMENT_3D ( 'NONE', #318, #270, #3056 ) ;
#2556 = LINE ( 'NONE', #3913, #3153 ) ;
#2557 = EDGE_CURVE ( 'NONE', #6387, #823, #7204, .T. ) ;
#2558 = VERTEX_POINT ( 'NONE', #848 ) ;
#2559 = CARTESIAN_POINT ( 'NONE',  ( -7.176004150843455776, 1.145030891886088309, 1.570000000000000284 ) ) ;
#2560 = ORIENTED_EDGE ( 'NONE', *, *, #4670, .T. ) ;
#2561 = LINE ( 'NONE', #2464, #2817 ) ;
#2562 = PLANE ( 'NONE',  #2222 ) ;
#2563 = CIRCLE ( 'NONE', #4582, 0.4499999999999999001 ) ;
#2564 = CARTESIAN_POINT ( 'NONE',  ( -5.729759561962193715, 1.649999999999999911, -0.3750000000000003331 ) ) ;
#2565 = CARTESIAN_POINT ( 'NONE',  ( -6.595784965746635642, 1.149999999999994360, -3.510000000000000231 ) ) ;
#2566 = DIRECTION ( 'NONE',  ( -0.9925461516413226493, -0.1218693434051425495, 0.000000000000000000 ) ) ;
#2567 = CIRCLE ( 'NONE', #2418, 1.000000000000000000 ) ;
#2568 = ORIENTED_EDGE ( 'NONE', *, *, #4840, .F. ) ;
#2569 = PLANE ( 'NONE',  #3392 ) ;
#2570 = ORIENTED_EDGE ( 'NONE', *, *, #339, .F. ) ;
#2571 = ORIENTED_EDGE ( 'NONE', *, *, #5351, .T. ) ;
#2572 = CARTESIAN_POINT ( 'NONE',  ( 9.250000000000001776, 0.9827060022347552382, 5.004778335423011981 ) ) ;
#2573 = CARTESIAN_POINT ( 'NONE',  ( -2.199999999999998845, 0.05000000000000000278, 8.673617379884035472E-16 ) ) ;
#2574 = ORIENTED_EDGE ( 'NONE', *, *, #6513, .F. ) ;
#2575 = LINE ( 'NONE', #4531, #6157 ) ;
#2576 = VERTEX_POINT ( 'NONE', #7851 ) ;
#2577 = DIRECTION ( 'NONE',  ( 1.000000000000000000, 0.000000000000000000, 0.000000000000000000 ) ) ;
#2578 = AXIS2_PLACEMENT_3D ( 'NONE', #8345, #2080, #6978 ) ;
#2579 = DIRECTION ( 'NONE',  ( 1.000000000000000000, 0.000000000000000000, 0.000000000000000000 ) ) ;
#2580 = VECTOR ( 'NONE', #777, 1000.000000000000000 ) ;
#2582 = DIRECTION ( 'NONE',  ( -0.000000000000000000, -0.000000000000000000, -1.000000000000000000 ) ) ;
#2581 = LINE ( 'NONE', #422, #6216 ) ;
#2583 = VECTOR ( 'NONE', #1082, 999.9999999999998863 ) ;
#2584 = ADVANCED_FACE ( 'NONE', ( #5906 ), #2447, .F. ) ;
#2585 = EDGE_CURVE ( 'NONE', #4629, #8283, #1721, .T. ) ;
#2586 = EDGE_LOOP ( 'NONE', ( #904 ) ) ;
#2587 = VERTEX_POINT ( 'NONE', #6559 ) ;
#2588 = LINE ( 'NONE', #3897, #6585 ) ;
#2589 = ORIENTED_EDGE ( 'NONE', *, *, #6215, .F. ) ;
#2590 = PLANE ( 'NONE',  #5266 ) ;
#2591 = DIRECTION ( 'NONE',  ( 1.000000000000000000, 2.082697505432185440E-16, 0.000000000000000000 ) ) ;
#2592 = FACE_OUTER_BOUND ( 'NONE', #7447, .T. ) ;
#2593 = LINE ( 'NONE', #5378, #3530 ) ;
#2594 = EDGE_CURVE ( 'NONE', #4497, #6367, #8714, .T. ) ;
#2595 = VERTEX_POINT ( 'NONE', #7891 ) ;
#2596 = CARTESIAN_POINT ( 'NONE',  ( 9.250000000000001776, 2.773577871373825499, 4.848097349045872306 ) ) ;
#2597 = ORIENTED_EDGE ( 'NONE', *, *, #5992, .F. ) ;
#2598 = LINE ( 'NONE', #7448, #6809 ) ;
#2599 = CIRCLE ( 'NONE', #7711, 1.000000000000000000 ) ;
#2600 = ADVANCED_FACE ( 'NONE', ( #5229 ), #3030, .T. ) ;
#2601 = SURFACE_STYLE_USAGE ( .BOTH. , #8822 ) ;
#2602 = PLANE ( 'NONE',  #1720 ) ;
#2603 = DIRECTION ( 'NONE',  ( 0.000000000000000000, -1.000000000000000000, 0.000000000000000000 ) ) ;
#2604 = VECTOR ( 'NONE', #8677, 1000.000000000000000 ) ;
#2605 = EDGE_LOOP ( 'NONE', ( #7547, #305, #1921, #1263, #6973, #928 ) ) ;
#2606 = DIRECTION ( 'NONE',  ( 1.000000000000000000, 0.000000000000000000, -0.000000000000000000 ) ) ;
#2607 = EDGE_LOOP ( 'NONE', ( #5786, #2863, #1841, #81, #6352, #2707 ) ) ;
#2608 = LINE ( 'NONE', #8191, #1759 ) ;
#2609 = DIRECTION ( 'NONE',  ( -0.000000000000000000, -0.000000000000000000, -1.000000000000000000 ) ) ;
#2610 = ADVANCED_FACE ( 'NONE', ( #6476 ), #1589, .F. ) ;
#2611 = SURFACE_STYLE_USAGE ( .BOTH. , #6728 ) ;
#2612 = DIRECTION ( 'NONE',  ( -0.000000000000000000, -0.000000000000000000, -1.000000000000000000 ) ) ;
#2613 = VERTEX_POINT ( 'NONE', #2270 ) ;
#2614 = CARTESIAN_POINT ( 'NONE',  ( -4.344608113321960730, 1.650000000000000133, 6.680000000000001492 ) ) ;
#2615 = ORIENTED_EDGE ( 'NONE', *, *, #1360, .F. ) ;
#2616 = VERTEX_POINT ( 'NONE', #2353 ) ;
#2617 = ORIENTED_EDGE ( 'NONE', *, *, #6179, .F. ) ;
#2618 = FACE_OUTER_BOUND ( 'NONE', #1671, .T. ) ;
#2619 = DIRECTION ( 'NONE',  ( 0.000000000000000000, -0.06975647374412526081, -0.9975640502598241977 ) ) ;
#2620 = CARTESIAN_POINT ( 'NONE',  ( -4.750000000000005329, 1.649999999999999911, 1.570000000000000284 ) ) ;
#2621 = ORIENTED_EDGE ( 'NONE', *, *, #8624, .F. ) ;
#2622 = LINE ( 'NONE', #8209, #3050 ) ;
#2623 = LINE ( 'NONE', #4736, #8029 ) ;
#2625 = FACE_OUTER_BOUND ( 'NONE', #2085, .T. ) ;
#2624 = CARTESIAN_POINT ( 'NONE',  ( -2.849999999999997424, 3.229999999999999982, -5.750000000000000000 ) ) ;
#2626 = ORIENTED_EDGE ( 'NONE', *, *, #4225, .F. ) ;
#2627 = VERTEX_POINT ( 'NONE', #5779 ) ;
#2628 = DIRECTION ( 'NONE',  ( 0.000000000000000000, 1.000000000000000000, 0.000000000000000000 ) ) ;
#2629 = ORIENTED_EDGE ( 'NONE', *, *, #1606, .T. ) ;
#2630 = DIRECTION ( 'NONE',  ( -0.000000000000000000, -0.000000000000000000, -1.000000000000000000 ) ) ;
#2631 = VECTOR ( 'NONE', #6788, 1000.000000000000114 ) ;
#2632 = EDGE_CURVE ( 'NONE', #4642, #1903, #8582, .T. ) ;
#2633 = PLANE ( 'NONE',  #764 ) ;
#2634 = CYLINDRICAL_SURFACE ( 'NONE', #5799, 0.5000000000000004441 ) ;
#2635 = CARTESIAN_POINT ( 'NONE',  ( -4.688607719548555153, 1.149999999999999911, -2.239999999999999769 ) ) ;
#2636 = ORIENTED_EDGE ( 'NONE', *, *, #9025, .T. ) ;
#2637 = CARTESIAN_POINT ( 'NONE',  ( -4.750100000000005096, 3.729999999999998206, -6.938607719548552488 ) ) ;
#2638 = ORIENTED_EDGE ( 'NONE', *, *, #6148, .T. ) ;
#2639 = CARTESIAN_POINT ( 'NONE',  ( 5.050000000000002487, 3.729999999999999982, 5.800000000000000711 ) ) ;
#2640 = VECTOR ( 'NONE', #2516, 1000.000000000000114 ) ;
#2641 = EDGE_CURVE ( 'NONE', #2417, #6472, #4412, .T. ) ;
#2642 = ADVANCED_FACE ( 'NONE', ( #5142, #1119, #6656, #3848 ), #4697, .T. ) ;
#2643 = CARTESIAN_POINT ( 'NONE',  ( -5.729759561962193715, 1.149999999999999689, -3.435000000000000497 ) ) ;
#2644 = DIRECTION ( 'NONE',  ( 1.000000000000000000, 0.000000000000000000, -0.000000000000000000 ) ) ;
#2645 = VECTOR ( 'NONE', #5859, 1000.000000000000000 ) ;
#2646 = DIRECTION ( 'NONE',  ( -1.000000000000000000, 0.000000000000000000, 0.000000000000000000 ) ) ;
#2647 = ORIENTED_EDGE ( 'NONE', *, *, #3811, .F. ) ;
#2648 = DIRECTION ( 'NONE',  ( 0.000000000000000000, 1.000000000000000000, 0.000000000000000000 ) ) ;
#2649 = EDGE_LOOP ( 'NONE', ( #2973, #8795, #1155, #4888 ) ) ;
#2650 = DIRECTION ( 'NONE',  ( -0.000000000000000000, 0.000000000000000000, 1.000000000000000000 ) ) ;
#2651 = CARTESIAN_POINT ( 'NONE',  ( -2.049999999999997602, 3.729999999999999982, -6.200000000000000178 ) ) ;
#2652 = SURFACE_STYLE_FILL_AREA ( #6123 ) ;
#2653 = AXIS2_PLACEMENT_3D ( 'NONE', #1716, #6604, #2269 ) ;
#2654 = EDGE_CURVE ( 'NONE', #735, #7530, #1220, .T. ) ;
#2655 = VECTOR ( 'NONE', #3919, 1000.000000000000000 ) ;
#2656 = DIRECTION ( 'NONE',  ( -1.000000000000000000, -2.082697505432185440E-16, 0.000000000000000000 ) ) ;
#2657 = DIRECTION ( 'NONE',  ( 0.06975647374412444202, -0.9975640502598243087, 0.000000000000000000 ) ) ;
#2658 = ORIENTED_EDGE ( 'NONE', *, *, #6619, .T. ) ;
#2659 = LINE ( 'NONE', #1194, #6469 ) ;
#2660 = AXIS2_PLACEMENT_3D ( 'NONE', #8454, #3548, #8370 ) ;
#2661 = ADVANCED_FACE ( 'NONE', ( #6801 ), #2633, .T. ) ;
#2662 = ORIENTED_EDGE ( 'NONE', *, *, #6071, .T. ) ;
#2663 = VERTEX_POINT ( 'NONE', #2683 ) ;
#2664 = ORIENTED_EDGE ( 'NONE', *, *, #753, .T. ) ;
#2665 = CARTESIAN_POINT ( 'NONE',  ( 6.988607719548549646, 3.229999999999999982, 1.499999999999999778 ) ) ;
#2666 = VECTOR ( 'NONE', #8925, 1000.000000000000114 ) ;
#2667 = DIRECTION ( 'NONE',  ( 0.000000000000000000, 0.000000000000000000, -1.000000000000000000 ) ) ;
#2668 = CARTESIAN_POINT ( 'NONE',  ( 8.349999999999999645, 1.069861744982407492, 6.000973033514757304 ) ) ;
#2669 = ORIENTED_EDGE ( 'NONE', *, *, #2654, .T. ) ;
#2670 = LINE ( 'NONE', #5456, #4237 ) ;
#2671 = DIRECTION ( 'NONE',  ( 0.000000000000000000, -1.000000000000000000, 0.000000000000000000 ) ) ;
#2672 = CARTESIAN_POINT ( 'NONE',  ( -6.309978747059014736, 0.6450308918860931939, 2.915000000000000036 ) ) ;
#2673 = EDGE_CURVE ( 'NONE', #7008, #8424, #3168, .T. ) ;
#2674 = ORIENTED_EDGE ( 'NONE', *, *, #4172, .T. ) ;
#2675 = VECTOR ( 'NONE', #7266, 1000.000000000000000 ) ;
#2676 = EDGE_LOOP ( 'NONE', ( #4945, #5844, #1970, #6412 ) ) ;
#2677 = FILL_AREA_STYLE_COLOUR ( '', #17 ) ;
#2678 = VERTEX_POINT ( 'NONE', #4650 ) ;
#2679 = AXIS2_PLACEMENT_3D ( 'NONE', #515, #6737, #5939 ) ;
#2680 = DIRECTION ( 'NONE',  ( 0.4999999999999968359, 0.8660254037844404840, 0.000000000000000000 ) ) ;
#2681 = VECTOR ( 'NONE', #7632, 1000.000000000000000 ) ;
#2683 = CARTESIAN_POINT ( 'NONE',  ( -7.141125913971392514, 0.6462488667561758771, 2.840000000000000302 ) ) ;
#2682 = DIRECTION ( 'NONE',  ( 0.9975640502598243087, 0.06975647374412492774, 0.000000000000000000 ) ) ;
#2684 = CARTESIAN_POINT ( 'NONE',  ( -9.249999999999996447, 0.4987820251299122654, 2.240000000000000657 ) ) ;
#2685 = DIRECTION ( 'NONE',  ( -0.000000000000000000, -0.000000000000000000, -1.000000000000000000 ) ) ;
#2686 = ORIENTED_EDGE ( 'NONE', *, *, #5758, .T. ) ;
#2687 = MECHANICAL_DESIGN_GEOMETRIC_PRESENTATION_REPRESENTATION (  '', ( #7068 ), #1380 ) ;
#2688 = ORIENTED_EDGE ( 'NONE', *, *, #1239, .F. ) ;
#2689 = DIRECTION ( 'NONE',  ( 1.000000000000000000, 0.000000000000000000, 0.000000000000000000 ) ) ;
#2690 = DIRECTION ( 'NONE',  ( -1.000000000000000000, 0.000000000000000000, 0.000000000000000000 ) ) ;
#2691 = CARTESIAN_POINT ( 'NONE',  ( 6.950544505668657891, 2.419999999999999929, 3.899999999999999911 ) ) ;
#2692 = CARTESIAN_POINT ( 'NONE',  ( -6.309978747059014736, 0.6450308918860931939, 0.9700000000000004174 ) ) ;
#2693 = VERTEX_POINT ( 'NONE', #8224 ) ;
#2694 = LINE ( 'NONE', #7588, #7344 ) ;
#2695 = ORIENTED_EDGE ( 'NONE', *, *, #2253, .T. ) ;
#2696 = ADVANCED_FACE ( 'NONE', ( #4747 ), #6105, .F. ) ;
#2697 = EDGE_CURVE ( 'NONE', #3113, #33, #7390, .T. ) ;
#2698 = CARTESIAN_POINT ( 'NONE',  ( 6.150000000000001243, 3.229999999999999982, -3.899999999999999467 ) ) ;
#2699 = LINE ( 'NONE', #553, #3081 ) ;
#2700 = CARTESIAN_POINT ( 'NONE',  ( 3.774478171836572304, 0.4987820251299121543, 6.999999999999999112 ) ) ;
#2701 = CARTESIAN_POINT ( 'NONE',  ( 3.774478171836572304, 3.097809730695487474E-17, 6.965121763127935850 ) ) ;
#2702 = ORIENTED_EDGE ( 'NONE', *, *, #4677, .T. ) ;
#2703 = PLANE ( 'NONE',  #2530 ) ;
#2704 = EDGE_CURVE ( 'NONE', #1868, #174, #1068, .T. ) ;
#2705 = ORIENTED_EDGE ( 'NONE', *, *, #2364, .F. ) ;
#2706 = EDGE_LOOP ( 'NONE', ( #2058, #3601, #1670, #4165 ) ) ;
#2707 = ORIENTED_EDGE ( 'NONE', *, *, #1015, .F. ) ;
#2708 = PLANE ( 'NONE',  #4420 ) ;
#2709 = DIRECTION ( 'NONE',  ( 0.000000000000000000, 0.9961946980917461003, -0.08715574274765125473 ) ) ;
#2710 = DIRECTION ( 'NONE',  ( 0.000000000000000000, 0.000000000000000000, 1.000000000000000000 ) ) ;
#2711 = ORIENTED_EDGE ( 'NONE', *, *, #8694, .T. ) ;
#2712 = LINE ( 'NONE', #3339, #1761 ) ;
#2713 = ADVANCED_FACE ( 'NONE', ( #7534 ), #8267, .F. ) ;
#2714 = AXIS2_PLACEMENT_3D ( 'NONE', #4354, #2940, #148 ) ;
#2715 = DIRECTION ( 'NONE',  ( -0.000000000000000000, -0.000000000000000000, -1.000000000000000000 ) ) ;
#2716 = DIRECTION ( 'NONE',  ( 0.000000000000000000, 0.000000000000000000, 1.000000000000000000 ) ) ;
#2717 = CIRCLE ( 'NONE', #4175, 1.197138637385028792 ) ;
#2718 = ORIENTED_EDGE ( 'NONE', *, *, #570, .T. ) ;
#2719 = AXIS2_PLACEMENT_3D ( 'NONE', #6415, #3524, #226 ) ;
#2720 = VERTEX_POINT ( 'NONE', #8759 ) ;
#2721 =( NAMED_UNIT ( * ) SI_UNIT ( $, .STERADIAN. ) SOLID_ANGLE_UNIT ( ) );
#2722 = VERTEX_POINT ( 'NONE', #6846 ) ;
#2723 = ADVANCED_FACE ( 'NONE', ( #577 ), #1860, .F. ) ;
#2724 = FACE_OUTER_BOUND ( 'NONE', #2247, .T. ) ;
#2725 = AXIS2_PLACEMENT_3D ( 'NONE', #6096, #7333, #6049 ) ;
#2726 = ADVANCED_FACE ( 'NONE', ( #3349 ), #1170, .T. ) ;
#2728 = LINE ( 'NONE', #5602, #6819 ) ;
#2727 = CARTESIAN_POINT ( 'NONE',  ( 9.250000000000001776, 2.729999999999999982, 4.349999999999999645 ) ) ;
#2729 = AXIS2_PLACEMENT_3D ( 'NONE', #1030, #7216, #3864 ) ;
#2730 = DIRECTION ( 'NONE',  ( 7.885106708985496922E-16, 0.000000000000000000, 1.000000000000000000 ) ) ;
#2731 = CARTESIAN_POINT ( 'NONE',  ( -7.176004150843455776, 1.145030891886088309, -3.510000000000000231 ) ) ;
#2732 = AXIS2_PLACEMENT_3D ( 'NONE', #431, #3215, #8809 ) ;
#2733 = ORIENTED_EDGE ( 'NONE', *, *, #714, .F. ) ;
#2734 = ORIENTED_EDGE ( 'NONE', *, *, #5313, .T. ) ;
#2735 = DIRECTION ( 'NONE',  ( 1.000000000000000000, 0.000000000000000000, 0.000000000000000000 ) ) ;
#2736 = VECTOR ( 'NONE', #3499, 1000.000000000000000 ) ;
#2737 = FACE_OUTER_BOUND ( 'NONE', #6262, .T. ) ;
#2738 = DIRECTION ( 'NONE',  ( 0.000000000000000000, 0.000000000000000000, 1.000000000000000000 ) ) ;
#2739 = LINE ( 'NONE', #5432, #4184 ) ;
#2740 = ORIENTED_EDGE ( 'NONE', *, *, #6268, .F. ) ;
#2741 = CARTESIAN_POINT ( 'NONE',  ( -2.849999999999997424, 3.229999999999999982, 6.199999999999999289 ) ) ;
#2742 = AXIS2_PLACEMENT_3D ( 'NONE', #3625, #74, #2186 ) ;
#2743 = VECTOR ( 'NONE', #3766, 1000.000000000000000 ) ;
#2744 = ORIENTED_EDGE ( 'NONE', *, *, #1823, .T. ) ;
#2745 = CARTESIAN_POINT ( 'NONE',  ( 5.700000000000001066, 3.229999999999999982, -5.749999999999999112 ) ) ;
#2746 = LINE ( 'NONE', #2114, #6756 ) ;
#2747 = SURFACE_SIDE_STYLE ('',( #2652 ) ) ;
#2748 = DIRECTION ( 'NONE',  ( -1.000000000000000000, 0.000000000000000000, 0.000000000000000000 ) ) ;
#2749 = CIRCLE ( 'NONE', #1876, 1.000000000000000000 ) ;
#2750 = ADVANCED_FACE ( 'NONE', ( #3901 ), #6009, .T. ) ;
#2751 = DIRECTION ( 'NONE',  ( 1.000000000000000000, 0.000000000000000000, -0.000000000000000000 ) ) ;
#2752 = EDGE_CURVE ( 'NONE', #4585, #1147, #3948, .T. ) ;
#2753 = EDGE_LOOP ( 'NONE', ( #2903 ) ) ;
#2754 = DIRECTION ( 'NONE',  ( 0.000000000000000000, 0.000000000000000000, 1.000000000000000000 ) ) ;
#2755 = VERTEX_POINT ( 'NONE', #5326 ) ;
#2756 = ORIENTED_EDGE ( 'NONE', *, *, #5916, .F. ) ;
#2757 = EDGE_LOOP ( 'NONE', ( #5661, #5050, #3473, #4941 ) ) ;
#2758 = CARTESIAN_POINT ( 'NONE',  ( 6.150000000000001243, 3.729999999999999982, -3.899999999999999467 ) ) ;
#2759 = CARTESIAN_POINT ( 'NONE',  ( 2.650000000000002132, 3.229999999999999982, -6.200000000000000178 ) ) ;
#2760 = ORIENTED_EDGE ( 'NONE', *, *, #651, .T. ) ;
#2761 = DIRECTION ( 'NONE',  ( -0.9925461516413226493, -0.1218693434051425495, 0.000000000000000000 ) ) ;
#2762 = EDGE_CURVE ( 'NONE', #1526, #2767, #6757, .T. ) ;
#2763 = CARTESIAN_POINT ( 'NONE',  ( 0.3500000000000021982, 3.229999999999999982, 6.199999999999999289 ) ) ;
#2764 = EDGE_CURVE ( 'NONE', #4911, #1455, #4324, .T. ) ;
#2765 = CARTESIAN_POINT ( 'NONE',  ( -9.215121763127934074, -1.084202172485504434E-16, 2.840000000000000302 ) ) ;
#2766 = EDGE_CURVE ( 'NONE', #8337, #1605, #4876, .T. ) ;
#2767 = VERTEX_POINT ( 'NONE', #4915 ) ;
#2768 = EDGE_LOOP ( 'NONE', ( #1047, #5643, #8717, #4759, #96, #6027 ) ) ;
#2769 = VERTEX_POINT ( 'NONE', #8399 ) ;
#2770 = DIRECTION ( 'NONE',  ( 0.000000000000000000, 1.000000000000000000, 0.000000000000000000 ) ) ;
#2771 = EDGE_CURVE ( 'NONE', #1509, #1234, #4224, .T. ) ;
#2773 = DIRECTION ( 'NONE',  ( -0.000000000000000000, -0.000000000000000000, -1.000000000000000000 ) ) ;
#2772 = LINE ( 'NONE', #4138, #2140 ) ;
#2774 = CARTESIAN_POINT ( 'NONE',  ( 6.988607719548549646, 3.729999999999999982, -1.499999999999999778 ) ) ;
#2775 = ORIENTED_EDGE ( 'NONE', *, *, #5562, .F. ) ;
#2776 = EDGE_CURVE ( 'NONE', #7650, #3046, #9046, .T. ) ;
#2777 = EDGE_CURVE ( 'NONE', #26, #6460, #7024, .T. ) ;
#2778 = VERTEX_POINT ( 'NONE', #6985 ) ;
#2779 = DIRECTION ( 'NONE',  ( -0.000000000000000000, -0.000000000000000000, -1.000000000000000000 ) ) ;
#2780 = AXIS2_PLACEMENT_3D ( 'NONE', #3889, #1749, #8747 ) ;
#2781 = DIRECTION ( 'NONE',  ( 0.9975640502598243087, 0.06975647374412492774, 0.000000000000000000 ) ) ;
#2782 = FACE_OUTER_BOUND ( 'NONE', #7600, .T. ) ;
#2783 = CARTESIAN_POINT ( 'NONE',  ( -3.200321239445594212, 2.010000000000000231, 6.680000000000001492 ) ) ;
#2784 = ORIENTED_EDGE ( 'NONE', *, *, #6297, .T. ) ;
#2785 = COLOUR_RGB ( '',0.7921568627450980005, 0.8196078431372548767, 0.9333333333333333481 ) ;
#2786 = SURFACE_SIDE_STYLE ('',( #6353 ) ) ;
#2787 = EDGE_CURVE ( 'NONE', #5334, #8550, #9001, .T. ) ;
#2788 = ORIENTED_EDGE ( 'NONE', *, *, #5141, .T. ) ;
#2789 = DIRECTION ( 'NONE',  ( 1.000000000000000000, 0.000000000000000000, 0.000000000000000000 ) ) ;
#2790 = DIRECTION ( 'NONE',  ( -4.877132677759598832E-17, -0.9961946980917459893, -0.08715574274765214291 ) ) ;
#2791 = PLANE ( 'NONE',  #5015 ) ;
#2792 = FACE_OUTER_BOUND ( 'NONE', #3778, .T. ) ;
#2793 = DIRECTION ( 'NONE',  ( 1.000000000000000000, 0.000000000000000000, 0.000000000000000000 ) ) ;
#2794 = ORIENTED_EDGE ( 'NONE', *, *, #7413, .T. ) ;
#2795 = DIRECTION ( 'NONE',  ( 0.000000000000000000, 0.000000000000000000, 1.000000000000000000 ) ) ;
#2796 = EDGE_LOOP ( 'NONE', ( #1182, #8542, #6130, #69 ) ) ;
#2797 = EDGE_LOOP ( 'NONE', ( #6154 ) ) ;
#2798 = VECTOR ( 'NONE', #5903, 1000.000000000000000 ) ;
#2799 = DIRECTION ( 'NONE',  ( 0.000000000000000000, 0.08715574274765126861, 0.9961946980917462113 ) ) ;
#2800 = CARTESIAN_POINT ( 'NONE',  ( -6.742991448951236144, 0.8950308918860907514, 0.3749999999999994449 ) ) ;
#2801 = VERTEX_POINT ( 'NONE', #4955 ) ;
#2802 = DIRECTION ( 'NONE',  ( 0.000000000000000000, 0.000000000000000000, -1.000000000000000000 ) ) ;
#2803 = VECTOR ( 'NONE', #308, 1000.000000000000000 ) ;
#2804 = DIRECTION ( 'NONE',  ( 0.000000000000000000, 1.000000000000000000, 0.000000000000000000 ) ) ;
#2805 = VECTOR ( 'NONE', #6662, 1000.000000000000000 ) ;
#2806 = DIRECTION ( 'NONE',  ( -0.000000000000000000, -0.000000000000000000, -1.000000000000000000 ) ) ;
#2807 = AXIS2_PLACEMENT_3D ( 'NONE', #9060, #8375, #6910 ) ;
#2808 = EDGE_LOOP ( 'NONE', ( #2756, #4327, #1902, #2016 ) ) ;
#2809 = LINE ( 'NONE', #617, #5623 ) ;
#2810 = ORIENTED_EDGE ( 'NONE', *, *, #1873, .F. ) ;
#2811 = FACE_OUTER_BOUND ( 'NONE', #5748, .T. ) ;
#2812 = EDGE_CURVE ( 'NONE', #7017, #5507, #2856, .T. ) ;
#2813 = VECTOR ( 'NONE', #3267, 1000.000000000000000 ) ;
#2814 = ADVANCED_FACE ( 'NONE', ( #6293 ), #5555, .F. ) ;
#2816 = DIRECTION ( 'NONE',  ( -0.000000000000000000, -0.000000000000000000, -1.000000000000000000 ) ) ;
#2815 = PLANE ( 'NONE',  #9004 ) ;
#2817 = VECTOR ( 'NONE', #5882, 1000.000000000000000 ) ;
#2818 = DIRECTION ( 'NONE',  ( 0.000000000000000000, 0.000000000000000000, -1.000000000000000000 ) ) ;
#2819 = VERTEX_POINT ( 'NONE', #2138 ) ;
#2820 = EDGE_CURVE ( 'NONE', #4967, #4408, #6341, .T. ) ;
#2821 = ORIENTED_EDGE ( 'NONE', *, *, #1583, .T. ) ;
#2822 = ORIENTED_EDGE ( 'NONE', *, *, #365, .F. ) ;
#2823 = VECTOR ( 'NONE', #5879, 1000.000000000000114 ) ;
#2824 = VECTOR ( 'NONE', #80, 1000.000000000000000 ) ;
#2825 = DIRECTION ( 'NONE',  ( -1.000000000000000000, -0.000000000000000000, -0.000000000000000000 ) ) ;
#2826 = ADVANCED_FACE ( 'NONE', ( #7667 ), #4270, .F. ) ;
#2827 = DIRECTION ( 'NONE',  ( -1.000000000000000000, -2.082697505432185440E-16, 0.000000000000000000 ) ) ;
#2828 = DIRECTION ( 'NONE',  ( 1.000000000000000000, 0.000000000000000000, 0.000000000000000000 ) ) ;
#2829 = AXIS2_PLACEMENT_3D ( 'NONE', #1698, #7183, #5120 ) ;
#2830 = EDGE_LOOP ( 'NONE', ( #6583, #5940, #2718, #7834, #5262, #4341 ) ) ;
#2831 = UNCERTAINTY_MEASURE_WITH_UNIT (LENGTH_MEASURE( 1.000000000000000082E-05 ), #4242, 'distance_accuracy_value', 'NONE');
#2832 = ORIENTED_EDGE ( 'NONE', *, *, #7299, .T. ) ;
#2833 = FACE_OUTER_BOUND ( 'NONE', #4297, .T. ) ;
#2834 = PLANE ( 'NONE',  #1638 ) ;
#2835 = EDGE_CURVE ( 'NONE', #6768, #8074, #5647, .T. ) ;
#2836 = ADVANCED_FACE ( 'NONE', ( #7070 ), #4139, .T. ) ;
#2837 = CARTESIAN_POINT ( 'NONE',  ( 2.650000000000002132, 3.729999999999999982, -6.200000000000000178 ) ) ;
#2838 = CARTESIAN_POINT ( 'NONE',  ( -9.170281297359524686, -0.6412485357495423255, -3.510000000000000231 ) ) ;
#2839 = LINE ( 'NONE', #5626, #382 ) ;
#2840 = ORIENTED_EDGE ( 'NONE', *, *, #8068, .F. ) ;
#2841 = LINE ( 'NONE', #216, #7646 ) ;
#2842 = ORIENTED_EDGE ( 'NONE', *, *, #7741, .F. ) ;
#2843 = ORIENTED_EDGE ( 'NONE', *, *, #7113, .F. ) ;
#2844 = LINE ( 'NONE', #2074, #5018 ) ;
#2845 = LINE ( 'NONE', #740, #8635 ) ;
#2846 = VERTEX_POINT ( 'NONE', #6200 ) ;
#2847 = DIRECTION ( 'NONE',  ( 1.000000000000000000, 0.000000000000000000, -2.891205793294679312E-16 ) ) ;
#2848 = LINE ( 'NONE', #8435, #7594 ) ;
#2849 = DIRECTION ( 'NONE',  ( -0.8660254037844407060, 0.4999999999999966138, 0.000000000000000000 ) ) ;
#2850 = VECTOR ( 'NONE', #5572, 1000.000000000000000 ) ;
#2851 = VECTOR ( 'NONE', #4219, 1000.000000000000227 ) ;
#2852 = EDGE_LOOP ( 'NONE', ( #5498, #1335, #7473, #3857 ) ) ;
#2853 = EDGE_LOOP ( 'NONE', ( #7112, #6991, #4006, #4727 ) ) ;
#2854 = DIRECTION ( 'NONE',  ( 0.4999999999999947264, 0.8660254037844418162, -0.000000000000000000 ) ) ;
#2856 = LINE ( 'NONE', #4790, #7403 ) ;
#2855 = CARTESIAN_POINT ( 'NONE',  ( 8.349999999999999645, 0.07229769472258330831, 5.931216559770632557 ) ) ;
#2857 = VECTOR ( 'NONE', #8914, 1000.000000000000000 ) ;
#2858 = EDGE_CURVE ( 'NONE', #3967, #6615, #3449, .T. ) ;
#2859 = CARTESIAN_POINT ( 'NONE',  ( -6.742991448951236144, 0.8950308918860907514, -3.435000000000000497 ) ) ;
#2860 = EDGE_CURVE ( 'NONE', #4825, #7746, #3573, .T. ) ;
#2861 = VECTOR ( 'NONE', #5997, 1000.000000000000000 ) ;
#2862 = VERTEX_POINT ( 'NONE', #106 ) ;
#2863 = ORIENTED_EDGE ( 'NONE', *, *, #5491, .F. ) ;
#2864 = ORIENTED_EDGE ( 'NONE', *, *, #1631, .F. ) ;
#2865 = CARTESIAN_POINT ( 'NONE',  ( 0.000000000000000000, 0.000000000000000000, 2.240000000000000657 ) ) ;
#2866 = AXIS2_PLACEMENT_3D ( 'NONE', #1899, #6930, #6095 ) ;
#2867 = EDGE_CURVE ( 'NONE', #1838, #5007, #2091, .T. ) ;
#2868 = AXIS2_PLACEMENT_3D ( 'NONE', #718, #5513, #8316 ) ;
#2869 = DIRECTION ( 'NONE',  ( 0.000000000000000000, -1.000000000000000000, 0.000000000000000000 ) ) ;
#2870 = CARTESIAN_POINT ( 'NONE',  ( -5.729759561962193715, 1.149999999999999689, 2.915000000000000036 ) ) ;
#2871 = ORIENTED_EDGE ( 'NONE', *, *, #4038, .T. ) ;
#2872 = DIRECTION ( 'NONE',  ( -0.000000000000000000, -0.000000000000000000, -1.000000000000000000 ) ) ;
#2873 = AXIS2_PLACEMENT_3D ( 'NONE', #2458, #5922, #3767 ) ;
#2874 = DIRECTION ( 'NONE',  ( 0.000000000000000000, 0.000000000000000000, 1.000000000000000000 ) ) ;
#2875 = ORIENTED_EDGE ( 'NONE', *, *, #8629, .T. ) ;
#2876 = EDGE_CURVE ( 'NONE', #2463, #2261, #2728, .T. ) ;
#2877 = CARTESIAN_POINT ( 'NONE',  ( 6.150000000000001243, 3.729999999999999982, 5.749999999999999112 ) ) ;
#2878 = PRODUCT_CONTEXT ( 'NONE', #4977, 'mechanical' ) ;
#2879 = CARTESIAN_POINT ( 'NONE',  ( -1.298188117465176816, -2.248527777231911884, 2.840000000000000302 ) ) ;
#2880 = FACE_OUTER_BOUND ( 'NONE', #377, .T. ) ;
#2881 = EDGE_CURVE ( 'NONE', #1742, #6711, #5193, .T. ) ;
#2882 = ORIENTED_EDGE ( 'NONE', *, *, #1885, .T. ) ;
#2883 = DIRECTION ( 'NONE',  ( -1.000000000000000000, 0.000000000000000000, 7.885106708985496922E-16 ) ) ;
#2884 = ORIENTED_EDGE ( 'NONE', *, *, #7624, .F. ) ;
#2885 = ORIENTED_EDGE ( 'NONE', *, *, #7861, .F. ) ;
#2886 = EDGE_CURVE ( 'NONE', #3046, #2595, #4831, .T. ) ;
#2887 = CARTESIAN_POINT ( 'NONE',  ( -0.8500000000000044187, 2.419999999999999929, 6.700000000000001066 ) ) ;
#2888 = DIRECTION ( 'NONE',  ( -0.9925461516413229823, 0.1218693434051398850, 0.000000000000000000 ) ) ;
#2889 = EDGE_LOOP ( 'NONE', ( #7581, #8922, #7095, #6245 ) ) ;
#2890 = LINE ( 'NONE', #7784, #5553 ) ;
#2891 = VECTOR ( 'NONE', #8538, 1000.000000000000000 ) ;
#2892 = DIRECTION ( 'NONE',  ( 1.000000000000000000, 0.000000000000000000, 0.000000000000000000 ) ) ;
#2893 = DIRECTION ( 'NONE',  ( 1.000000000000000000, 0.000000000000000000, 0.000000000000000000 ) ) ;
#2894 = VERTEX_POINT ( 'NONE', #8529 ) ;
#2895 = DIRECTION ( 'NONE',  ( 0.000000000000000000, -0.000000000000000000, -1.000000000000000000 ) ) ;
#2896 = ORIENTED_EDGE ( 'NONE', *, *, #926, .T. ) ;
#2897 = DIRECTION ( 'NONE',  ( -0.8660254037844418162, 0.4999999999999947264, 0.000000000000000000 ) ) ;
#2899 = CARTESIAN_POINT ( 'NONE',  ( 5.838607719548550179, 3.229999999999999982, -0.9999999999999995559 ) ) ;
#2898 = CARTESIAN_POINT ( 'NONE',  ( -6.309978747059014736, 0.6450308918860931939, -4.185000000000000497 ) ) ;
#2900 = CYLINDRICAL_SURFACE ( 'NONE', #4406, 0.4999999999999995559 ) ;
#2901 = EDGE_LOOP ( 'NONE', ( #6906, #3393, #8250, #2202, #3134, #1176, #7136, #5145, #1982, #1063, #2760, #7133 ) ) ;
#2902 = ORIENTED_EDGE ( 'NONE', *, *, #4001, .T. ) ;
#2903 = ORIENTED_EDGE ( 'NONE', *, *, #3975, .F. ) ;
#2904 = LINE ( 'NONE', #5689, #296 ) ;
#2905 = EDGE_CURVE ( 'NONE', #1024, #829, #5002, .T. ) ;
#2906 = DIRECTION ( 'NONE',  ( 1.000000000000000000, 0.000000000000000000, 0.000000000000000000 ) ) ;
#2907 = CARTESIAN_POINT ( 'NONE',  ( -7.176004150843455776, 1.145030891886088309, 4.110000000000000320 ) ) ;
#2908 = DIRECTION ( 'NONE',  ( -0.000000000000000000, 1.000000000000000000, -0.000000000000000000 ) ) ;
#2909 = EDGE_LOOP ( 'NONE', ( #1636, #4772, #2135, #2944, #8169, #4785 ) ) ;
#2910 = DIRECTION ( 'NONE',  ( 1.000000000000000000, 0.000000000000000000, 0.000000000000000000 ) ) ;
#2911 = ORIENTED_EDGE ( 'NONE', *, *, #6215, .T. ) ;
#2912 = DIRECTION ( 'NONE',  ( 0.4999999999999947264, 0.8660254037844418162, -0.000000000000000000 ) ) ;
#2913 = VECTOR ( 'NONE', #4819, 1000.000000000000000 ) ;
#2914 = VERTEX_POINT ( 'NONE', #2221 ) ;
#2915 = EDGE_CURVE ( 'NONE', #4967, #7147, #1669, .T. ) ;
#2916 = EDGE_CURVE ( 'NONE', #6064, #6405, #5851, .T. ) ;
#2917 = LINE ( 'NONE', #5703, #193 ) ;
#2918 = VECTOR ( 'NONE', #3397, 1000.000000000000000 ) ;
#2919 = DIRECTION ( 'NONE',  ( -1.000000000000000000, 0.000000000000000000, 0.000000000000000000 ) ) ;
#2920 = DIRECTION ( 'NONE',  ( -0.8660254037844407060, 0.4999999999999966138, 0.000000000000000000 ) ) ;
#2921 = ORIENTED_EDGE ( 'NONE', *, *, #8068, .T. ) ;
#2922 = LINE ( 'NONE', #2161, #6175 ) ;
#2923 = ORIENTED_EDGE ( 'NONE', *, *, #6386, .F. ) ;
#2924 = CIRCLE ( 'NONE', #8039, 1.000000000000000000 ) ;
#2925 = ORIENTED_EDGE ( 'NONE', *, *, #2057, .F. ) ;
#2926 = EDGE_CURVE ( 'NONE', #1593, #6131, #7932, .T. ) ;
#2927 = DIRECTION ( 'NONE',  ( -0.000000000000000000, -0.000000000000000000, 1.000000000000000000 ) ) ;
#2928 = DIRECTION ( 'NONE',  ( 0.000000000000000000, 0.000000000000000000, -1.000000000000000000 ) ) ;
#2929 = ORIENTED_EDGE ( 'NONE', *, *, #6789, .T. ) ;
#2930 = DIRECTION ( 'NONE',  ( -0.4999999999999974465, -0.8660254037844400399, -0.000000000000000000 ) ) ;
#2931 = AXIS2_PLACEMENT_3D ( 'NONE', #1437, #4213, #787 ) ;
#2932 = DIRECTION ( 'NONE',  ( -1.000000000000000000, 0.000000000000000000, 0.000000000000000000 ) ) ;
#2933 = FACE_OUTER_BOUND ( 'NONE', #134, .T. ) ;
#2934 = EDGE_CURVE ( 'NONE', #4585, #7810, #3023, .T. ) ;
#2935 = AXIS2_PLACEMENT_3D ( 'NONE', #4947, #8517, #1571 ) ;
#2936 = EDGE_LOOP ( 'NONE', ( #8035, #5821, #5401, #3618 ) ) ;
#2937 = DIRECTION ( 'NONE',  ( 0.000000000000000000, 0.000000000000000000, -1.000000000000000000 ) ) ;
#2938 = ORIENTED_EDGE ( 'NONE', *, *, #5105, .F. ) ;
#2939 = LINE ( 'NONE', #6419, #430 ) ;
#2941 = CARTESIAN_POINT ( 'NONE',  ( -4.750100000000005096, 3.229999999999999982, 7.000000000000000888 ) ) ;
#2940 = DIRECTION ( 'NONE',  ( -0.06975647374412492774, 0.9975640502598243087, 0.000000000000000000 ) ) ;
#2942 = ADVANCED_FACE ( 'NONE', ( #7150, #1623 ), #326, .F. ) ;
#2943 = CIRCLE ( 'NONE', #6747, 1.250000000000000000 ) ;
#2944 = ORIENTED_EDGE ( 'NONE', *, *, #4285, .F. ) ;
#2945 = VECTOR ( 'NONE', #4284, 1000.000000000000114 ) ;
#2946 = ORIENTED_EDGE ( 'NONE', *, *, #3623, .T. ) ;
#2947 = EDGE_LOOP ( 'NONE', ( #5762, #6693, #1453, #4804 ) ) ;
#2948 = VECTOR ( 'NONE', #2139, 1000.000000000000000 ) ;
#2949 = DIRECTION ( 'NONE',  ( -0.000000000000000000, -0.000000000000000000, -1.000000000000000000 ) ) ;
#2950 = DIRECTION ( 'NONE',  ( -0.000000000000000000, -0.000000000000000000, -1.000000000000000000 ) ) ;
#2951 = LINE ( 'NONE', #2870, #1362 ) ;
#2952 = ORIENTED_EDGE ( 'NONE', *, *, #6900, .T. ) ;
#2953 = EDGE_LOOP ( 'NONE', ( #6832, #8014, #5732, #4952, #5913, #6870 ) ) ;
#2954 = CARTESIAN_POINT ( 'NONE',  ( -4.750100000000005096, 3.229999999999999982, 7.000000000000000888 ) ) ;
#2955 = AXIS2_PLACEMENT_3D ( 'NONE', #8327, #6904, #8237 ) ;
#2956 = FACE_OUTER_BOUND ( 'NONE', #5526, .T. ) ;
#2957 = PRESENTATION_LAYER_ASSIGNMENT (  '', '', ( #6925 ) ) ;
#2958 = DIRECTION ( 'NONE',  ( 0.4999999999999947264, 0.8660254037844418162, -0.000000000000000000 ) ) ;
#2959 = DIRECTION ( 'NONE',  ( 1.000000000000000000, 0.000000000000000000, 0.000000000000000000 ) ) ;
#2960 = ORIENTED_EDGE ( 'NONE', *, *, #6732, .T. ) ;
#2961 = DIRECTION ( 'NONE',  ( 1.000000000000000000, 0.000000000000000000, -0.000000000000000000 ) ) ;
#2962 = EDGE_CURVE ( 'NONE', #1856, #6841, #7196, .T. ) ;
#2963 = EDGE_CURVE ( 'NONE', #5434, #6701, #4403, .T. ) ;
#2964 = ORIENTED_EDGE ( 'NONE', *, *, #1739, .F. ) ;
#2965 = ORIENTED_EDGE ( 'NONE', *, *, #861, .T. ) ;
#2966 = CARTESIAN_POINT ( 'NONE',  ( -6.742991448951236144, 0.8950308918860907514, 2.165000000000000036 ) ) ;
#2967 = DIRECTION ( 'NONE',  ( -0.9925461516413226493, -0.1218693434051425495, 0.000000000000000000 ) ) ;
#2968 = VERTEX_POINT ( 'NONE', #4449 ) ;
#2969 = CARTESIAN_POINT ( 'NONE',  ( -7.106247677099330140, 0.1474668416262637505, 2.240000000000000657 ) ) ;
#2970 = DIRECTION ( 'NONE',  ( 0.000000000000000000, 0.000000000000000000, 1.000000000000000000 ) ) ;
#2971 = DIRECTION ( 'NONE',  ( -0.000000000000000000, -0.000000000000000000, 1.000000000000000000 ) ) ;
#2972 = ADVANCED_FACE ( 'NONE', ( #195 ), #881, .F. ) ;
#2973 = ORIENTED_EDGE ( 'NONE', *, *, #5663, .F. ) ;
#2974 = ORIENTED_EDGE ( 'NONE', *, *, #4649, .T. ) ;
#2975 = PLANE ( 'NONE',  #8994 ) ;
#2976 = ORIENTED_EDGE ( 'NONE', *, *, #2764, .F. ) ;
#2977 = CARTESIAN_POINT ( 'NONE',  ( -9.215121763127934074, -1.084202172485504434E-16, -2.239999999999999769 ) ) ;
#2978 = EDGE_CURVE ( 'NONE', #352, #3768, #5811, .T. ) ;
#2979 = VECTOR ( 'NONE', #4870, 1000.000000000000000 ) ;
#2981 = FACE_OUTER_BOUND ( 'NONE', #7352, .T. ) ;
#2980 = DIRECTION ( 'NONE',  ( -0.9897582589218777427, 0.1427535950368092887, 0.000000000000000000 ) ) ;
#2982 = EDGE_CURVE ( 'NONE', #4594, #5224, #6421, .T. ) ;
#2983 = EDGE_LOOP ( 'NONE', ( #3412, #5659, #7776, #2843, #2347, #4227, #3162, #319, #2141, #8913, #2740, #7055, #7682, #3458, #8901, #4193, #2268, #3728, #6905, #1212, #4918, #1724, #936, #2952, #150, #4074, #7217, #2522, #3165, #5795, #7483, #5608, #4393, #2519, #5272, #7661, #7520, #1495, #157, #2911 ) ) ;
#2984 = ORIENTED_EDGE ( 'NONE', *, *, #5971, .T. ) ;
#2985 = VERTEX_POINT ( 'NONE', #3111 ) ;
#2986 = DIRECTION ( 'NONE',  ( 0.4999999999999947264, 0.8660254037844418162, -0.000000000000000000 ) ) ;
#2987 = EDGE_CURVE ( 'NONE', #2362, #174, #7242, .T. ) ;
#2988 = CARTESIAN_POINT ( 'NONE',  ( -2.395102131247015462E-16, 1.150000000000001021, -0.2999999999999999334 ) ) ;
#2989 = VECTOR ( 'NONE', #3746, 1000.000000000000000 ) ;
#2990 = LINE ( 'NONE', #889, #4640 ) ;
#2991 = CARTESIAN_POINT ( 'NONE',  ( -2.395102131247015462E-16, 1.150000000000001021, -0.9699999999999999734 ) ) ;
#2992 = VERTEX_POINT ( 'NONE', #8483 ) ;
#2993 = CARTESIAN_POINT ( 'NONE',  ( -6.162772263854414234, 0.8999999999999971356, -3.510000000000000231 ) ) ;
#2994 = CIRCLE ( 'NONE', #7968, 1.250000000000000222 ) ;
#2995 = ORIENTED_EDGE ( 'NONE', *, *, #651, .F. ) ;
#2996 = CARTESIAN_POINT ( 'NONE',  ( 8.349999999999999645, 0.07229769472258330831, -5.931216559770632557 ) ) ;
#2997 = VECTOR ( 'NONE', #3063, 1000.000000000000114 ) ;
#2998 = DIRECTION ( 'NONE',  ( 0.000000000000000000, 1.000000000000000000, 0.000000000000000000 ) ) ;
#2999 = CARTESIAN_POINT ( 'NONE',  ( 0.000000000000000000, 0.000000000000000000, 4.110000000000000320 ) ) ;
#3000 = DIRECTION ( 'NONE',  ( 0.9975640502598243087, 0.06975647374412489998, 0.000000000000000000 ) ) ;
#3001 = CARTESIAN_POINT ( 'NONE',  ( 6.150000000000001243, 3.229999999999999982, -3.899999999999999467 ) ) ;
#3002 = ORIENTED_EDGE ( 'NONE', *, *, #8683, .T. ) ;
#3003 = PLANE ( 'NONE',  #3253 ) ;
#3004 = ORIENTED_EDGE ( 'NONE', *, *, #4356, .F. ) ;
#3005 = CARTESIAN_POINT ( 'NONE',  ( -2.395102131247015462E-16, 1.150000000000001021, 1.570000000000000284 ) ) ;
#3006 = DIRECTION ( 'NONE',  ( 0.000000000000000000, 1.000000000000000000, 0.000000000000000000 ) ) ;
#3007 = LINE ( 'NONE', #1654, #3646 ) ;
#3008 = EDGE_CURVE ( 'NONE', #5178, #7802, #1538, .T. ) ;
#3009 = ADVANCED_FACE ( 'NONE', ( #2981 ), #8612, .F. ) ;
#3010 = LINE ( 'NONE', #8007, #6616 ) ;
#3011 = LINE ( 'NONE', #5801, #8560 ) ;
#3012 = VERTEX_POINT ( 'NONE', #1581 ) ;
#3013 = ORIENTED_EDGE ( 'NONE', *, *, #4551, .F. ) ;
#3014 = VECTOR ( 'NONE', #1917, 1000.000000000000114 ) ;
#3015 = DIRECTION ( 'NONE',  ( -0.000000000000000000, -0.000000000000000000, -1.000000000000000000 ) ) ;
#3016 = ORIENTED_EDGE ( 'NONE', *, *, #1500, .T. ) ;
#3017 = CARTESIAN_POINT ( 'NONE',  ( -2.049999999999997602, 3.229999999999999982, -5.799999999999998934 ) ) ;
#3018 = VECTOR ( 'NONE', #7774, 1000.000000000000000 ) ;
#3019 = ADVANCED_FACE ( 'NONE', ( #2308 ), #6511, .T. ) ;
#3020 = EDGE_CURVE ( 'NONE', #7746, #3093, #1007, .T. ) ;
#3021 = LINE ( 'NONE', #421, #5702 ) ;
#3023 = LINE ( 'NONE', #6597, #5918 ) ;
#3022 = CARTESIAN_POINT ( 'NONE',  ( -9.215121763127934074, -1.084202172485504434E-16, -0.2999999999999999334 ) ) ;
#3024 = VECTOR ( 'NONE', #7356, 1000.000000000000000 ) ;
#3025 = ADVANCED_FACE ( 'NONE', ( #4495 ), #3892, .F. ) ;
#3026 = ORIENTED_EDGE ( 'NONE', *, *, #5818, .T. ) ;
#3027 = ORIENTED_EDGE ( 'NONE', *, *, #2860, .T. ) ;
#3028 = EDGE_CURVE ( 'NONE', #8218, #6797, #1900, .T. ) ;
#3029 = EDGE_CURVE ( 'NONE', #7650, #1163, #4158, .T. ) ;
#3030 = CYLINDRICAL_SURFACE ( 'NONE', #6165, 1.000000000000000888 ) ;
#3031 = CARTESIAN_POINT ( 'NONE',  ( 6.988607719548549646, 3.729999999999999982, 1.499999999999999778 ) ) ;
#3032 = LINE ( 'NONE', #5231, #5134 ) ;
#3033 = ADVANCED_FACE ( 'NONE', ( #2625 ), #6746, .F. ) ;
#3034 = ADVANCED_FACE ( 'NONE', ( #1058 ), #8167, .T. ) ;
#3035 = ORIENTED_EDGE ( 'NONE', *, *, #4112, .F. ) ;
#3036 = CARTESIAN_POINT ( 'NONE',  ( 5.050000000000002487, 3.229999999999999982, 5.800000000000000711 ) ) ;
#3037 = EDGE_LOOP ( 'NONE', ( #3556, #6035, #2571, #2450 ) ) ;
#3038 = FACE_OUTER_BOUND ( 'NONE', #2087, .T. ) ;
#3039 = CARTESIAN_POINT ( 'NONE',  ( -7.106247677099330140, 0.1474668416262637505, 4.110000000000000320 ) ) ;
#3040 = LINE ( 'NONE', #5152, #1812 ) ;
#3041 = CARTESIAN_POINT ( 'NONE',  ( -0.04484046576840968606, 0.6412485357495464333, 0.2999999999999999334 ) ) ;
#3042 = DIRECTION ( 'NONE',  ( -0.000000000000000000, -0.000000000000000000, -1.000000000000000000 ) ) ;
#3043 = EDGE_CURVE ( 'NONE', #4656, #6851, #6961, .T. ) ;
#3044 = ORIENTED_EDGE ( 'NONE', *, *, #280, .T. ) ;
#3045 = CARTESIAN_POINT ( 'NONE',  ( 8.350000000000001421, 3.729999999999999982, 3.899999999999999467 ) ) ;
#3046 = VERTEX_POINT ( 'NONE', #1853 ) ;
#3047 = CARTESIAN_POINT ( 'NONE',  ( -2.049999999999997602, 3.729999999999999982, -6.200000000000000178 ) ) ;
#3048 = DIRECTION ( 'NONE',  ( 0.000000000000000000, 0.000000000000000000, 1.000000000000000000 ) ) ;
#3049 = CARTESIAN_POINT ( 'NONE',  ( -6.309978747059014736, 0.6450308918860931939, -3.435000000000000497 ) ) ;
#3050 = VECTOR ( 'NONE', #6741, 1000.000000000000000 ) ;
#3051 =( LENGTH_UNIT ( ) NAMED_UNIT ( * ) SI_UNIT ( .MILLI., .METRE. ) );
#3052 = PLANE ( 'NONE',  #1849 ) ;
#3053 = ORIENTED_EDGE ( 'NONE', *, *, #8526, .F. ) ;
#3054 = FACE_OUTER_BOUND ( 'NONE', #7231, .T. ) ;
#3055 = ORIENTED_EDGE ( 'NONE', *, *, #4563, .T. ) ;
#3056 = DIRECTION ( 'NONE',  ( -1.000000000000000000, 0.000000000000000000, 0.000000000000000000 ) ) ;
#3057 = VERTEX_POINT ( 'NONE', #1804 ) ;
#3058 = CARTESIAN_POINT ( 'NONE',  ( 6.950544505668657891, 2.419999999999999929, 3.899999999999999911 ) ) ;
#3059 = UNCERTAINTY_MEASURE_WITH_UNIT (LENGTH_MEASURE( 1.000000000000000082E-05 ), #5485, 'distance_accuracy_value', 'NONE');
#3060 = CARTESIAN_POINT ( 'NONE',  ( 6.238607719548550534, 3.229999999999999982, 0.9999999999999995559 ) ) ;
#3061 = AXIS2_PLACEMENT_3D ( 'NONE', #3212, #7341, #429 ) ;
#3063 = DIRECTION ( 'NONE',  ( -0.4999999999999974465, -0.8660254037844400399, -0.000000000000000000 ) ) ;
#3062 = LINE ( 'NONE', #3110, #2861 ) ;
#3064 = EDGE_CURVE ( 'NONE', #5019, #3570, #8850, .T. ) ;
#3065 = EDGE_CURVE ( 'NONE', #738, #6024, #1753, .T. ) ;
#3066 = VERTEX_POINT ( 'NONE', #6792 ) ;
#3067 = ORIENTED_EDGE ( 'NONE', *, *, #7328, .F. ) ;
#3068 =( LENGTH_UNIT ( ) NAMED_UNIT ( * ) SI_UNIT ( .MILLI., .METRE. ) );
#3069 = EDGE_LOOP ( 'NONE', ( #6919, #317, #5406, #7528 ) ) ;
#3070 = CARTESIAN_POINT ( 'NONE',  ( -4.479866786035785253, -0.5500584762268876382, 3.510000000000000231 ) ) ;
#3071 = VECTOR ( 'NONE', #7937, 1000.000000000000000 ) ;
#3072 = VECTOR ( 'NONE', #1435, 1000.000000000000000 ) ;
#3073 = CLOSED_SHELL ( 'NONE', ( #2095, #6120, #2610, #3703, #851, #5114 ) ) ;
#3074 = CARTESIAN_POINT ( 'NONE',  ( -6.742991448951236144, 0.8950308918860907514, 0.3749999999999994449 ) ) ;
#3075 = DIRECTION ( 'NONE',  ( 0.000000000000000000, 0.9975640502598241977, 0.06975647374412619062 ) ) ;
#3077 = CARTESIAN_POINT ( 'NONE',  ( -5.729759561962193715, 0.6500000000000000222, 4.184999999999999609 ) ) ;
#3076 = VECTOR ( 'NONE', #6644, 1000.000000000000000 ) ;
#3078 = EDGE_CURVE ( 'NONE', #8271, #1164, #1109, .T. ) ;
#3079 = VERTEX_POINT ( 'NONE', #4589 ) ;
#3080 = PLANE ( 'NONE',  #6754 ) ;
#3081 = VECTOR ( 'NONE', #3505, 1000.000000000000000 ) ;
#3082 = ORIENTED_EDGE ( 'NONE', *, *, #1703, .T. ) ;
#3083 = DIRECTION ( 'NONE',  ( 1.000000000000000000, 0.000000000000000000, 0.000000000000000000 ) ) ;
#3084 = AXIS2_PLACEMENT_3D ( 'NONE', #1723, #976, #6561 ) ;
#3085 = EDGE_CURVE ( 'NONE', #5880, #720, #1382, .T. ) ;
#3086 = CARTESIAN_POINT ( 'NONE',  ( -3.200321239445594212, 2.009999999999998455, -5.680000000000001492 ) ) ;
#3087 = DIRECTION ( 'NONE',  ( 0.000000000000000000, 1.000000000000000000, 0.000000000000000000 ) ) ;
#3088 = LINE ( 'NONE', #3816, #4339 ) ;
#3089 = LINE ( 'NONE', #4427, #2583 ) ;
#3090 = ORIENTED_EDGE ( 'NONE', *, *, #3595, .T. ) ;
#3091 = DIRECTION ( 'NONE',  ( -0.000000000000000000, -0.000000000000000000, -1.000000000000000000 ) ) ;
#3092 = CIRCLE ( 'NONE', #8231, 1.000000000000000000 ) ;
#3093 = VERTEX_POINT ( 'NONE', #8116 ) ;
#3094 = ADVANCED_FACE ( 'NONE', ( #6700 ), #7479, .T. ) ;
#3095 = LINE ( 'NONE', #5297, #1950 ) ;
#3096 = LINE ( 'NONE', #6680, #3661 ) ;
#3097 = CARTESIAN_POINT ( 'NONE',  ( 6.150000000000001243, 3.229999999999999982, 3.899999999999999467 ) ) ;
#3098 = ADVANCED_FACE ( 'NONE', ( #8900 ), #5899, .T. ) ;
#3099 = PRESENTATION_LAYER_ASSIGNMENT (  '', '', ( #3546 ) ) ;
#3100 = LINE ( 'NONE', #358, #3721 ) ;
#3101 = ORIENTED_EDGE ( 'NONE', *, *, #5934, .F. ) ;
#3102 = DIRECTION ( 'NONE',  ( 0.000000000000000000, 0.000000000000000000, -1.000000000000000000 ) ) ;
#3103 = CARTESIAN_POINT ( 'NONE',  ( 0.3500000000000021982, 3.229999999999999982, -5.799999999999999822 ) ) ;
#3104 = DIRECTION ( 'NONE',  ( 0.7071067811865474617, 0.000000000000000000, 0.7071067811865474617 ) ) ;
#3105 = ORIENTED_EDGE ( 'NONE', *, *, #2110, .T. ) ;
#3106 = DIRECTION ( 'NONE',  ( 1.000000000000000000, -0.000000000000000000, -0.000000000000000000 ) ) ;
#3107 = VERTEX_POINT ( 'NONE', #2439 ) ;
#3108 = CARTESIAN_POINT ( 'NONE',  ( 2.650000000000002132, 3.229999999999999982, 6.200000000000000178 ) ) ;
#3109 = DIRECTION ( 'NONE',  ( -0.000000000000000000, -0.000000000000000000, 1.000000000000000000 ) ) ;
#3111 = CARTESIAN_POINT ( 'NONE',  ( -6.309978747059014736, 0.6450308918860931939, 2.165000000000000036 ) ) ;
#3110 = CARTESIAN_POINT ( 'NONE',  ( -0.07971870264047217769, 1.140030560879458754, 2.840000000000000302 ) ) ;
#3112 = VERTEX_POINT ( 'NONE', #5222 ) ;
#3113 = VERTEX_POINT ( 'NONE', #8021 ) ;
#3114 = CARTESIAN_POINT ( 'NONE',  ( 0.000000000000000000, 0.000000000000000000, 1.570000000000000284 ) ) ;
#3115 = ORIENTED_EDGE ( 'NONE', *, *, #5090, .F. ) ;
#3116 = CARTESIAN_POINT ( 'NONE',  ( -9.170281297359524686, -0.6412485357495423255, 2.840000000000000302 ) ) ;
#3117 = EDGE_CURVE ( 'NONE', #6748, #6275, #4540, .T. ) ;
#3118 = EDGE_CURVE ( 'NONE', #6592, #3428, #374, .T. ) ;
#3119 = DIRECTION ( 'NONE',  ( -0.000000000000000000, -0.000000000000000000, -1.000000000000000000 ) ) ;
#3120 = PLANE ( 'NONE',  #3161 ) ;
#3121 = CARTESIAN_POINT ( 'NONE',  ( 8.990000000000001990, 3.229999999999999982, -1.500000000000000000 ) ) ;
#3122 = ORIENTED_EDGE ( 'NONE', *, *, #2425, .T. ) ;
#3123 = PLANE ( 'NONE',  #3225 ) ;
#3124 = ORIENTED_EDGE ( 'NONE', *, *, #5191, .T. ) ;
#3125 = EDGE_LOOP ( 'NONE', ( #8654, #6334, #3605, #5681, #1931, #1624 ) ) ;
#3126 = DIRECTION ( 'NONE',  ( -0.000000000000000000, 1.000000000000000000, 0.000000000000000000 ) ) ;
#3127 = EDGE_CURVE ( 'NONE', #7899, #8988, #1851, .T. ) ;
#3128 = AXIS2_PLACEMENT_3D ( 'NONE', #3839, #3891, #4638 ) ;
#3129 = DIRECTION ( 'NONE',  ( 0.000000000000000000, 0.000000000000000000, -1.000000000000000000 ) ) ;
#3130 = DIRECTION ( 'NONE',  ( 0.000000000000000000, 1.000000000000000000, 0.000000000000000000 ) ) ;
#3131 = CARTESIAN_POINT ( 'NONE',  ( -3.200321239445594212, 2.010000000000000231, 5.680000000000001492 ) ) ;
#3132 = DIRECTION ( 'NONE',  ( 0.000000000000000000, 0.000000000000000000, 1.000000000000000000 ) ) ;
#3133 = VECTOR ( 'NONE', #4961, 1000.000000000000000 ) ;
#3134 = ORIENTED_EDGE ( 'NONE', *, *, #5034, .T. ) ;
#3135 = LINE ( 'NONE', #5293, #8516 ) ;
#3136 = ADVANCED_FACE ( 'NONE', ( #7382 ), #2536, .F. ) ;
#3137 = ORIENTED_EDGE ( 'NONE', *, *, #1550, .T. ) ;
#3138 = VECTOR ( 'NONE', #7419, 1000.000000000000000 ) ;
#3139 = CARTESIAN_POINT ( 'NONE',  ( 9.250000000000001776, 3.729999999999999982, -2.259999999999998010 ) ) ;
#3140 = DIRECTION ( 'NONE',  ( -0.000000000000000000, -0.000000000000000000, -1.000000000000000000 ) ) ;
#3141 = CARTESIAN_POINT ( 'NONE',  ( -0.000000000000000000, 3.229999999999999982, -4.349999999999999645 ) ) ;
#3142 = AXIS2_PLACEMENT_3D ( 'NONE', #5251, #4626, #2518 ) ;
#3143 = DIRECTION ( 'NONE',  ( 0.000000000000000000, -1.000000000000000000, 0.000000000000000000 ) ) ;
#3144 = ADVANCED_FACE ( 'NONE', ( #4976 ), #5578, .T. ) ;
#3145 = LINE ( 'NONE', #3827, #3868 ) ;
#3146 = ORIENTED_EDGE ( 'NONE', *, *, #3787, .T. ) ;
#3147 = DIRECTION ( 'NONE',  ( 0.7071067811865451302, -0.000000000000000000, 0.7071067811865499042 ) ) ;
#3148 = SHAPE_REPRESENTATION ( 'NTT2023N065M3S', ( #7897, #6302 ), #6735 ) ;
#3149 = EDGE_CURVE ( 'NONE', #4940, #7705, #2158, .T. ) ;
#3150 = ORIENTED_EDGE ( 'NONE', *, *, #6490, .F. ) ;
#3151 = CARTESIAN_POINT ( 'NONE',  ( -9.249999999999996447, 0.4987820251299122654, 2.840000000000000302 ) ) ;
#3152 = FACE_OUTER_BOUND ( 'NONE', #7187, .T. ) ;
#3153 = VECTOR ( 'NONE', #2011, 1000.000000000000000 ) ;
#3154 = ORIENTED_EDGE ( 'NONE', *, *, #8740, .T. ) ;
#3155 = LINE ( 'NONE', #6786, #3371 ) ;
#3156 = VERTEX_POINT ( 'NONE', #5022 ) ;
#3157 = FACE_OUTER_BOUND ( 'NONE', #4514, .T. ) ;
#3158 = DIRECTION ( 'NONE',  ( -0.000000000000000000, -0.000000000000000000, -1.000000000000000000 ) ) ;
#3160 = CARTESIAN_POINT ( 'NONE',  ( 8.990000000000001990, 3.729999999999999982, -2.000000000000000000 ) ) ;
#3159 = LINE ( 'NONE', #1752, #7973 ) ;
#3161 = AXIS2_PLACEMENT_3D ( 'NONE', #6521, #5908, #3075 ) ;
#3162 = ORIENTED_EDGE ( 'NONE', *, *, #76, .F. ) ;
#3163 = ORIENTED_EDGE ( 'NONE', *, *, #1308, .F. ) ;
#3164 = SURFACE_SIDE_STYLE ('',( #379 ) ) ;
#3165 = ORIENTED_EDGE ( 'NONE', *, *, #8860, .T. ) ;
#3166 = CARTESIAN_POINT ( 'NONE',  ( -6.162772263854414234, 0.8999999999999971356, -2.165000000000000036 ) ) ;
#3167 = AXIS2_PLACEMENT_3D ( 'NONE', #1359, #6939, #8318 ) ;
#3168 = LINE ( 'NONE', #533, #5852 ) ;
#3169 = DIRECTION ( 'NONE',  ( 0.000000000000000000, 0.000000000000000000, 1.000000000000000000 ) ) ;
#3170 = CARTESIAN_POINT ( 'NONE',  ( -5.011790629593825486, 2.893558669118013515, -0.9699999999999999734 ) ) ;
#3171 = VERTEX_POINT ( 'NONE', #4377 ) ;
#3172 = CARTESIAN_POINT ( 'NONE',  ( -5.729759561962193715, 1.149999999999999689, 1.644999999999999796 ) ) ;
#3173 = ORIENTED_EDGE ( 'NONE', *, *, #8001, .T. ) ;
#3174 = ORIENTED_EDGE ( 'NONE', *, *, #5391, .F. ) ;
#3175 = LINE ( 'NONE', #5962, #5484 ) ;
#3176 = FACE_OUTER_BOUND ( 'NONE', #4728, .T. ) ;
#3177 = LINE ( 'NONE', #2044, #6066 ) ;
#3178 = CARTESIAN_POINT ( 'NONE',  ( 2.650000000000002132, 3.229999999999999982, 5.799999999999999822 ) ) ;
#3179 = DIRECTION ( 'NONE',  ( -0.000000000000000000, -0.000000000000000000, -1.000000000000000000 ) ) ;
#3180 = EDGE_LOOP ( 'NONE', ( #3375, #2560, #2537, #5136 ) ) ;
#3181 = DIRECTION ( 'NONE',  ( 0.9975640502598243087, 0.06975647374412489998, 0.000000000000000000 ) ) ;
#3182 = EDGE_LOOP ( 'NONE', ( #664, #4163, #7768, #3163, #1507, #1472 ) ) ;
#3183 = ADVANCED_FACE ( 'NONE', ( #4936 ), #7688, .F. ) ;
#3184 = EDGE_CURVE ( 'NONE', #2463, #1290, #8503, .T. ) ;
#3185 = CARTESIAN_POINT ( 'NONE',  ( -2.049999999999997602, 3.229999999999999982, 5.799999999999998934 ) ) ;
#3186 = CARTESIAN_POINT ( 'NONE',  ( -6.309978747059014736, 0.6450308918860931939, 2.240000000000000657 ) ) ;
#3187 = DIRECTION ( 'NONE',  ( -0.000000000000000000, -0.000000000000000000, 1.000000000000000000 ) ) ;
#3188 = DIRECTION ( 'NONE',  ( -0.000000000000000000, -0.000000000000000000, -1.000000000000000000 ) ) ;
#3189 = DIRECTION ( 'NONE',  ( -0.9975640502598243087, -0.06975647374412492774, 0.000000000000000000 ) ) ;
#3190 = ORIENTED_EDGE ( 'NONE', *, *, #4053, .T. ) ;
#3191 = CARTESIAN_POINT ( 'NONE',  ( -2.043235304052833268, -5.396032770203766456E-17, 6.603405868283640956 ) ) ;
#3192 = ADVANCED_FACE ( 'NONE', ( #2792 ), #4203, .T. ) ;
#3193 = ORIENTED_EDGE ( 'NONE', *, *, #8931, .F. ) ;
#3194 = ORIENTED_EDGE ( 'NONE', *, *, #114, .T. ) ;
#3195 = DIRECTION ( 'NONE',  ( 1.000000000000000000, 0.000000000000000000, -0.000000000000000000 ) ) ;
#3196 = CARTESIAN_POINT ( 'NONE',  ( -4.389783934713362257, -1.316867994985279289, 4.389783934713362257 ) ) ;
#3197 = DIRECTION ( 'NONE',  ( 0.000000000000000000, 0.000000000000000000, -1.000000000000000000 ) ) ;
#3198 = CARTESIAN_POINT ( 'NONE',  ( -2.399999999999999467, 3.729999999999999982, 5.750000000000000000 ) ) ;
#3199 = ORIENTED_EDGE ( 'NONE', *, *, #5999, .T. ) ;
#3200 = CARTESIAN_POINT ( 'NONE',  ( -5.729759561962193715, 0.6500000000000000222, -2.915000000000000036 ) ) ;
#3201 = VECTOR ( 'NONE', #137, 1000.000000000000000 ) ;
#3202 = ADVANCED_FACE ( 'NONE', ( #7817 ), #2197, .T. ) ;
#3203 = CARTESIAN_POINT ( 'NONE',  ( -2.399999999999997691, 3.229999999999999982, -5.750000000000000000 ) ) ;
#3205 = DIRECTION ( 'NONE',  ( -0.000000000000000000, 0.000000000000000000, 1.000000000000000000 ) ) ;
#3204 = CARTESIAN_POINT ( 'NONE',  ( 0.3500000000000021982, 3.729999999999999982, 6.199999999999999289 ) ) ;
#3206 = VECTOR ( 'NONE', #8397, 1000.000000000000000 ) ;
#3207 = ORIENTED_EDGE ( 'NONE', *, *, #6309, .F. ) ;
#3208 = ORIENTED_EDGE ( 'NONE', *, *, #3923, .T. ) ;
#3209 = CARTESIAN_POINT ( 'NONE',  ( -6.595784965746635642, 1.149999999999994360, 4.110000000000000320 ) ) ;
#3210 = ORIENTED_EDGE ( 'NONE', *, *, #2787, .T. ) ;
#3211 = EDGE_CURVE ( 'NONE', #3710, #980, #6318, .T. ) ;
#3212 = CARTESIAN_POINT ( 'NONE',  ( -5.729759561962193715, 0.6500000000000000222, -0.3750000000000003331 ) ) ;
#3213 = VECTOR ( 'NONE', #1040, 1000.000000000000000 ) ;
#3214 = EDGE_CURVE ( 'NONE', #8834, #8550, #167, .T. ) ;
#3215 = DIRECTION ( 'NONE',  ( -0.8660254037844407060, 0.4999999999999966138, 0.000000000000000000 ) ) ;
#3216 = LINE ( 'NONE', #7442, #4935 ) ;
#3217 = DIRECTION ( 'NONE',  ( 0.000000000000000000, 0.000000000000000000, 1.000000000000000000 ) ) ;
#3218 = ORIENTED_EDGE ( 'NONE', *, *, #4225, .T. ) ;
#3219 = FACE_OUTER_BOUND ( 'NONE', #7144, .T. ) ;
#3220 = MECHANICAL_DESIGN_GEOMETRIC_PRESENTATION_REPRESENTATION (  '', ( #1341 ), #6744 ) ;
#3221 = VECTOR ( 'NONE', #2492, 1000.000000000000227 ) ;
#3222 = ORIENTED_EDGE ( 'NONE', *, *, #4379, .F. ) ;
#3223 = ORIENTED_EDGE ( 'NONE', *, *, #2766, .F. ) ;
#3224 = DIRECTION ( 'NONE',  ( 0.000000000000000000, 0.000000000000000000, 1.000000000000000000 ) ) ;
#3225 = AXIS2_PLACEMENT_3D ( 'NONE', #3172, #8085, #5233 ) ;
#3226 = DIRECTION ( 'NONE',  ( -0.000000000000000000, 0.000000000000000000, 1.000000000000000000 ) ) ;
#3227 = FACE_OUTER_BOUND ( 'NONE', #8497, .T. ) ;
#3228 = DIRECTION ( 'NONE',  ( 0.8660254037844417052, -0.4999999999999946154, 0.000000000000000000 ) ) ;
#3229 = VECTOR ( 'NONE', #2609, 1000.000000000000000 ) ;
#3230 = ORIENTED_EDGE ( 'NONE', *, *, #1592, .F. ) ;
#3231 = CARTESIAN_POINT ( 'NONE',  ( 6.653405868283646996, -1.321371397716708529E-16, -6.603405868283640956 ) ) ;
#3232 = ORIENTED_EDGE ( 'NONE', *, *, #3020, .T. ) ;
#3233 = VECTOR ( 'NONE', #6342, 1000.000000000000114 ) ;
#3234 = CARTESIAN_POINT ( 'NONE',  ( -0.04484046576840968606, 0.6412485357495464333, 2.240000000000000657 ) ) ;
#3235 = DIRECTION ( 'NONE',  ( -3.771137991253929066E-16, 0.000000000000000000, 1.000000000000000000 ) ) ;
#3236 = CARTESIAN_POINT ( 'NONE',  ( 9.250000000000001776, 3.229999999999999538, -4.349999999999999645 ) ) ;
#3237 = PLANE ( 'NONE',  #8823 ) ;
#3238 = VECTOR ( 'NONE', #8553, 1000.000000000000114 ) ;
#3239 = EDGE_CURVE ( 'NONE', #3113, #1901, #7086, .T. ) ;
#3240 = CIRCLE ( 'NONE', #6020, 1.000000000000000000 ) ;
#3241 = DIRECTION ( 'NONE',  ( 0.1218693434051425356, -0.9925461516413225382, 0.000000000000000000 ) ) ;
#3242 = ADVANCED_FACE ( 'NONE', ( #7130 ), #5625, .F. ) ;
#3243 = EDGE_LOOP ( 'NONE', ( #2331, #5595, #3277, #7467, #1294, #380 ) ) ;
#3244 = DIRECTION ( 'NONE',  ( -1.000000000000000000, 0.000000000000000000, -0.000000000000000000 ) ) ;
#3245 = ORIENTED_EDGE ( 'NONE', *, *, #1487, .F. ) ;
#3246 = ORIENTED_EDGE ( 'NONE', *, *, #2462, .T. ) ;
#3247 = CARTESIAN_POINT ( 'NONE',  ( -6.309978747059014736, 0.6450308918860931939, -2.839999999999999858 ) ) ;
#3248 = DIRECTION ( 'NONE',  ( -0.000000000000000000, -0.000000000000000000, 1.000000000000000000 ) ) ;
#3249 = CARTESIAN_POINT ( 'NONE',  ( 5.050000000000002487, 3.229999999999999982, 5.800000000000000711 ) ) ;
#3250 = LINE ( 'NONE', #2620, #3275 ) ;
#3251 = EDGE_LOOP ( 'NONE', ( #7387, #5980, #5085, #875, #281, #1934, #1198, #7444, #5254, #5093, #3115, #8684 ) ) ;
#3252 = CARTESIAN_POINT ( 'NONE',  ( -9.215121763127934074, -1.084202172485504434E-16, 4.110000000000000320 ) ) ;
#3253 = AXIS2_PLACEMENT_3D ( 'NONE', #170, #90, #1430 ) ;
#3254 = VECTOR ( 'NONE', #8721, 1000.000000000000000 ) ;
#3255 = EDGE_CURVE ( 'NONE', #6711, #4034, #7001, .T. ) ;
#3256 = DIRECTION ( 'NONE',  ( -0.000000000000000000, -0.000000000000000000, -1.000000000000000000 ) ) ;
#3258 = DIRECTION ( 'NONE',  ( -0.9975640502598243087, -0.06975647374412489998, 0.000000000000000000 ) ) ;
#3257 = DIRECTION ( 'NONE',  ( -0.000000000000000000, -0.000000000000000000, -1.000000000000000000 ) ) ;
#3259 = EDGE_CURVE ( 'NONE', #7074, #7191, #125, .T. ) ;
#3260 = ORIENTED_EDGE ( 'NONE', *, *, #339, .T. ) ;
#3261 = EDGE_LOOP ( 'NONE', ( #3650, #3150, #8348, #8142 ) ) ;
#3262 = ORIENTED_EDGE ( 'NONE', *, *, #8867, .F. ) ;
#3263 = CARTESIAN_POINT ( 'NONE',  ( 2.650000000000002132, 3.229999999999999982, 6.200000000000000178 ) ) ;
#3264 = DIRECTION ( 'NONE',  ( -2.891205793294679312E-16, 0.000000000000000000, -1.000000000000000000 ) ) ;
#3265 = ADVANCED_FACE ( 'NONE', ( #4334 ), #42, .F. ) ;
#3266 = DIRECTION ( 'NONE',  ( 1.000000000000000000, -0.000000000000000000, -0.000000000000000000 ) ) ;
#3267 = DIRECTION ( 'NONE',  ( -0.000000000000000000, -0.000000000000000000, -1.000000000000000000 ) ) ;
#3268 = EDGE_LOOP ( 'NONE', ( #267, #2695, #8752, #6997, #3016, #2512 ) ) ;
#3269 = DIRECTION ( 'NONE',  ( -0.1218693434051425356, 0.9925461516413225382, 0.000000000000000000 ) ) ;
#3270 = EDGE_CURVE ( 'NONE', #6129, #3477, #3635, .T. ) ;
#3271 = ORIENTED_EDGE ( 'NONE', *, *, #1739, .T. ) ;
#3272 = DIRECTION ( 'NONE',  ( -0.4999999999999974465, -0.8660254037844400399, -0.000000000000000000 ) ) ;
#3273 = VECTOR ( 'NONE', #4199, 1000.000000000000000 ) ;
#3274 = CARTESIAN_POINT ( 'NONE',  ( 3.774478171836572304, 0.9827060022347552382, 5.004778335423011981 ) ) ;
#3275 = VECTOR ( 'NONE', #564, 1000.000000000000000 ) ;
#3276 = DIRECTION ( 'NONE',  ( -0.000000000000000000, -0.000000000000000000, 1.000000000000000000 ) ) ;
#3277 = ORIENTED_EDGE ( 'NONE', *, *, #1528, .T. ) ;
#3278 = LINE ( 'NONE', #2741, #4991 ) ;
#3279 = ORIENTED_EDGE ( 'NONE', *, *, #1824, .T. ) ;
#3280 = LINE ( 'NONE', #354, #7224 ) ;
#3281 = CARTESIAN_POINT ( 'NONE',  ( 6.238607719548550534, 3.229999999999999982, -1.500000000000000000 ) ) ;
#3282 = CARTESIAN_POINT ( 'NONE',  ( -5.729759561962193715, 0.000000000000000000, 4.110000000000000320 ) ) ;
#3283 = COLOUR_RGB ( '',0.7921568627450980005, 0.8196078431372548767, 0.9333333333333333481 ) ;
#3284 = CARTESIAN_POINT ( 'NONE',  ( -2.395102131247015462E-16, 1.150000000000001021, 2.840000000000000302 ) ) ;
#3285 = LINE ( 'NONE', #8886, #957 ) ;
#3286 = VECTOR ( 'NONE', #8090, 1000.000000000000000 ) ;
#3287 = ORIENTED_EDGE ( 'NONE', *, *, #3735, .T. ) ;
#3288 = CARTESIAN_POINT ( 'NONE',  ( -2.849999999999998312, 3.229999999999999982, 1.481822626968297304E-15 ) ) ;
#3289 = ORIENTED_EDGE ( 'NONE', *, *, #4198, .T. ) ;
#3290 = ORIENTED_EDGE ( 'NONE', *, *, #5059, .F. ) ;
#3291 = FACE_OUTER_BOUND ( 'NONE', #410, .T. ) ;
#3292 = CARTESIAN_POINT ( 'NONE',  ( -4.750100000000005096, 0.000000000000000000, -6.603405868283640956 ) ) ;
#3293 = ORIENTED_EDGE ( 'NONE', *, *, #1428, .T. ) ;
#3294 = DIRECTION ( 'NONE',  ( 0.000000000000000000, 0.000000000000000000, -1.000000000000000000 ) ) ;
#3295 = ORIENTED_EDGE ( 'NONE', *, *, #7413, .F. ) ;
#3296 = DIRECTION ( 'NONE',  ( -0.000000000000000000, -0.000000000000000000, 1.000000000000000000 ) ) ;
#3297 = EDGE_CURVE ( 'NONE', #7310, #699, #5664, .T. ) ;
#3298 = VECTOR ( 'NONE', #3480, 1000.000000000000227 ) ;
#3299 = CARTESIAN_POINT ( 'NONE',  ( -6.742991448951236144, 0.8950308918860907514, 3.434999999999999609 ) ) ;
#3300 = AXIS2_PLACEMENT_3D ( 'NONE', #9064, #3554, #3597 ) ;
#3302 = DIRECTION ( 'NONE',  ( 1.000000000000000000, -0.000000000000000000, -0.000000000000000000 ) ) ;
#3301 = CARTESIAN_POINT ( 'NONE',  ( -2.049999999999997602, 3.729999999999999982, -5.799999999999998934 ) ) ;
#3303 = AXIS2_PLACEMENT_3D ( 'NONE', #4721, #8197, #1240 ) ;
#3304 = ORIENTED_EDGE ( 'NONE', *, *, #7747, .T. ) ;
#3305 = ORIENTED_EDGE ( 'NONE', *, *, #1077, .T. ) ;
#3306 = LINE ( 'NONE', #3209, #7618 ) ;
#3307 = ORIENTED_EDGE ( 'NONE', *, *, #5826, .T. ) ;
#3308 = DIRECTION ( 'NONE',  ( 0.8660254037844417052, -0.4999999999999946154, 0.000000000000000000 ) ) ;
#3309 = EDGE_CURVE ( 'NONE', #2288, #2153, #5067, .T. ) ;
#3310 = DIRECTION ( 'NONE',  ( -0.000000000000000000, 0.000000000000000000, 1.000000000000000000 ) ) ;
#3311 = LINE ( 'NONE', #6106, #2446 ) ;
#3312 = CARTESIAN_POINT ( 'NONE',  ( 8.350000000000001421, 3.229999999999999982, -3.899999999999999467 ) ) ;
#3313 = ORIENTED_EDGE ( 'NONE', *, *, #4835, .T. ) ;
#3314 = CARTESIAN_POINT ( 'NONE',  ( -6.309978747059014736, 0.6450308918860931939, -2.915000000000000036 ) ) ;
#3315 = EDGE_CURVE ( 'NONE', #2627, #2678, #5239, .T. ) ;
#3316 = ORIENTED_EDGE ( 'NONE', *, *, #7892, .F. ) ;
#3317 = DIRECTION ( 'NONE',  ( 0.000000000000000000, -1.000000000000000000, 0.000000000000000000 ) ) ;
#3318 = DIRECTION ( 'NONE',  ( 0.000000000000000000, 0.000000000000000000, 1.000000000000000000 ) ) ;
#3319 = EDGE_CURVE ( 'NONE', #3945, #3562, #3088, .T. ) ;
#3320 = CARTESIAN_POINT ( 'NONE',  ( -5.729759561962193715, 1.649999999999999911, 2.165000000000000036 ) ) ;
#3321 = CARTESIAN_POINT ( 'NONE',  ( -9.249999999999996447, 0.4987820251299122654, 0.9700000000000004174 ) ) ;
#3322 = ORIENTED_EDGE ( 'NONE', *, *, #8803, .T. ) ;
#3323 = PLANE ( 'NONE',  #4566 ) ;
#3324 = ORIENTED_EDGE ( 'NONE', *, *, #2356, .F. ) ;
#3325 = CARTESIAN_POINT ( 'NONE',  ( 0.000000000000000000, 1.649999999999999911, 2.840000000000000302 ) ) ;
#3326 = LINE ( 'NONE', #7685, #4989 ) ;
#3327 = EDGE_CURVE ( 'NONE', #5617, #7074, #397, .T. ) ;
#3328 = CARTESIAN_POINT ( 'NONE',  ( 6.238607719548550534, 3.229999999999999982, -0.9999999999999995559 ) ) ;
#3329 = CARTESIAN_POINT ( 'NONE',  ( 6.150000000000001243, 3.729999999999999982, 6.199999999999999289 ) ) ;
#3330 = EDGE_LOOP ( 'NONE', ( #6875, #5858, #907, #7990, #4577, #4543 ) ) ;
#3331 = DIRECTION ( 'NONE',  ( -1.000000000000000000, 0.000000000000000000, -1.398970545142586295E-16 ) ) ;
#3332 = ORIENTED_EDGE ( 'NONE', *, *, #4396, .T. ) ;
#3333 = EDGE_LOOP ( 'NONE', ( #144, #2976, #5449, #3880, #5448, #6942 ) ) ;
#3334 = ORIENTED_EDGE ( 'NONE', *, *, #5701, .F. ) ;
#3335 = CARTESIAN_POINT ( 'NONE',  ( 6.950544505668657891, 2.419999999999999929, -3.899999999999999911 ) ) ;
#3336 = CARTESIAN_POINT ( 'NONE',  ( -7.141125913971392514, 0.6462488667561758771, 4.110000000000000320 ) ) ;
#3337 = DIRECTION ( 'NONE',  ( 0.000000000000000000, -0.000000000000000000, 1.000000000000000000 ) ) ;
#3338 = ORIENTED_EDGE ( 'NONE', *, *, #280, .F. ) ;
#3339 = CARTESIAN_POINT ( 'NONE',  ( 0.000000000000000000, 3.229999999999999982, 4.349999999999999645 ) ) ;
#3340 = FACE_OUTER_BOUND ( 'NONE', #2383, .T. ) ;
#3341 = CARTESIAN_POINT ( 'NONE',  ( -5.729759561962193715, 1.149999999999999689, -2.165000000000000036 ) ) ;
#3342 = EDGE_LOOP ( 'NONE', ( #2319, #196, #111, #8854 ) ) ;
#3343 = ORIENTED_EDGE ( 'NONE', *, *, #8145, .T. ) ;
#3344 = LINE ( 'NONE', #6840, #8779 ) ;
#3345 = ORIENTED_EDGE ( 'NONE', *, *, #4670, .F. ) ;
#3346 = CARTESIAN_POINT ( 'NONE',  ( 2.650000000000002132, 3.229999999999999982, 5.799999999999999822 ) ) ;
#3347 = CIRCLE ( 'NONE', #7456, 0.4999999999999995559 ) ;
#3349 = FACE_OUTER_BOUND ( 'NONE', #8341, .T. ) ;
#3348 = FACE_OUTER_BOUND ( 'NONE', #6264, .T. ) ;
#3350 = FACE_OUTER_BOUND ( 'NONE', #7075, .T. ) ;
#3351 = EDGE_CURVE ( 'NONE', #2894, #6064, #7359, .T. ) ;
#3352 = CARTESIAN_POINT ( 'NONE',  ( 6.150000000000001243, 3.729999999999999982, -5.749999999999999112 ) ) ;
#3353 = EDGE_CURVE ( 'NONE', #6534, #7589, #6571, .T. ) ;
#3354 = AXIS2_PLACEMENT_3D ( 'NONE', #5212, #8012, #364 ) ;
#3355 = ORIENTED_EDGE ( 'NONE', *, *, #5808, .F. ) ;
#3356 = EDGE_LOOP ( 'NONE', ( #2875, #4817, #1992, #942 ) ) ;
#3357 = CARTESIAN_POINT ( 'NONE',  ( -9.170281297359524686, -0.6412485357495423255, 2.840000000000000302 ) ) ;
#3358 = VECTOR ( 'NONE', #8006, 1000.000000000000227 ) ;
#3359 = CARTESIAN_POINT ( 'NONE',  ( 6.238607719548550534, 3.729999999999999982, -1.500000000000000000 ) ) ;
#3360 = ADVANCED_FACE ( 'NONE', ( #8091 ), #7952, .F. ) ;
#3361 = CARTESIAN_POINT ( 'NONE',  ( -6.742991448951236144, 0.8950308918860907514, 1.644999999999999796 ) ) ;
#3362 = VECTOR ( 'NONE', #381, 1000.000000000000114 ) ;
#3363 = CARTESIAN_POINT ( 'NONE',  ( 5.050000000000002487, 3.229999999999999982, 5.800000000000000711 ) ) ;
#3364 = ORIENTED_EDGE ( 'NONE', *, *, #2820, .T. ) ;
#3365 = FACE_OUTER_BOUND ( 'NONE', #6689, .T. ) ;
#3366 = VERTEX_POINT ( 'NONE', #1775 ) ;
#3367 = EDGE_CURVE ( 'NONE', #4642, #5901, #7262, .T. ) ;
#3368 = PLANE ( 'NONE',  #3705 ) ;
#3369 = LINE ( 'NONE', #4200, #6317 ) ;
#3370 = CARTESIAN_POINT ( 'NONE',  ( 4.570000000000002061, 0.000000000000000000, -5.749999999999998224 ) ) ;
#3371 = VECTOR ( 'NONE', #5942, 1000.000000000000000 ) ;
#3372 = PLANE ( 'NONE',  #3690 ) ;
#3373 = DIRECTION ( 'NONE',  ( 1.000000000000000000, 0.000000000000000000, 0.000000000000000000 ) ) ;
#3374 = EDGE_CURVE ( 'NONE', #6462, #2120, #300, .T. ) ;
#3375 = ORIENTED_EDGE ( 'NONE', *, *, #5592, .T. ) ;
#3376 = CARTESIAN_POINT ( 'NONE',  ( 6.238607719548550534, 3.229999999999999982, 1.500000000000000000 ) ) ;
#3377 = AXIS2_PLACEMENT_3D ( 'NONE', #1022, #341, #8763 ) ;
#3378 = VERTEX_POINT ( 'NONE', #3863 ) ;
#3379 = ORIENTED_EDGE ( 'NONE', *, *, #7574, .F. ) ;
#3380 = ORIENTED_EDGE ( 'NONE', *, *, #7283, .T. ) ;
#3381 = DIRECTION ( 'NONE',  ( 0.000000000000000000, -1.000000000000000000, 0.000000000000000000 ) ) ;
#3382 = EDGE_CURVE ( 'NONE', #1166, #921, #348, .T. ) ;
#3383 = AXIS2_PLACEMENT_3D ( 'NONE', #6820, #4806, #594 ) ;
#3384 = CARTESIAN_POINT ( 'NONE',  ( 0.3500000000000021982, 3.729999999999999982, 6.199999999999999289 ) ) ;
#3385 = LINE ( 'NONE', #702, #1190 ) ;
#3386 = ORIENTED_EDGE ( 'NONE', *, *, #2632, .T. ) ;
#3387 = DIRECTION ( 'NONE',  ( -0.1218693434051425356, 0.9925461516413225382, 0.000000000000000000 ) ) ;
#3388 = AXIS2_PLACEMENT_3D ( 'NONE', #7989, #7296, #3758 ) ;
#3389 = DIRECTION ( 'NONE',  ( 0.000000000000000000, 1.000000000000000000, 0.000000000000000000 ) ) ;
#3390 = PLANE ( 'NONE',  #223 ) ;
#3391 = ORIENTED_EDGE ( 'NONE', *, *, #8596, .T. ) ;
#3392 = AXIS2_PLACEMENT_3D ( 'NONE', #7422, #1702, #7276 ) ;
#3393 = ORIENTED_EDGE ( 'NONE', *, *, #6000, .F. ) ;
#3394 = CARTESIAN_POINT ( 'NONE',  ( -9.215121763127934074, -1.084202172485504434E-16, -0.9699999999999999734 ) ) ;
#3395 = EDGE_LOOP ( 'NONE', ( #7019, #3386, #8887, #7257, #4630, #7220 ) ) ;
#3396 = VECTOR ( 'NONE', #1026, 1000.000000000000000 ) ;
#3397 = DIRECTION ( 'NONE',  ( 0.06975647374412444202, -0.9975640502598243087, 0.000000000000000000 ) ) ;
#3399 = DIRECTION ( 'NONE',  ( -0.000000000000000000, -0.000000000000000000, -1.000000000000000000 ) ) ;
#3398 = DIRECTION ( 'NONE',  ( 0.4999999999999968359, 0.8660254037844404840, 0.000000000000000000 ) ) ;
#3400 = CARTESIAN_POINT ( 'NONE',  ( -6.742991448951236144, 0.8950308918860907514, -3.435000000000000497 ) ) ;
#3401 = FACE_OUTER_BOUND ( 'NONE', #4809, .T. ) ;
#3402 = ORIENTED_EDGE ( 'NONE', *, *, #5610, .T. ) ;
#3403 = VECTOR ( 'NONE', #4114, 1000.000000000000000 ) ;
#3404 = EDGE_LOOP ( 'NONE', ( #1532, #412, #8577, #7373 ) ) ;
#3405 =( NAMED_UNIT ( * ) SI_UNIT ( $, .STERADIAN. ) SOLID_ANGLE_UNIT ( ) );
#3406 = AXIS2_PLACEMENT_3D ( 'NONE', #7560, #6133, #2667 ) ;
#3407 = EDGE_CURVE ( 'NONE', #5138, #2174, #6672, .T. ) ;
#3408 = EDGE_CURVE ( 'NONE', #1298, #3, #1686, .T. ) ;
#3409 = CARTESIAN_POINT ( 'NONE',  ( -4.688607719548555153, 1.149999999999999911, 4.110000000000000320 ) ) ;
#3410 = DIRECTION ( 'NONE',  ( 0.000000000000000000, 1.000000000000000000, 0.000000000000000000 ) ) ;
#3411 = CARTESIAN_POINT ( 'NONE',  ( 5.700000000000001066, 3.229999999999999982, 5.749999999999999112 ) ) ;
#3412 = ORIENTED_EDGE ( 'NONE', *, *, #66, .T. ) ;
#3413 = LINE ( 'NONE', #1920, #8080 ) ;
#3414 = VERTEX_POINT ( 'NONE', #5790 ) ;
#3415 = ORIENTED_EDGE ( 'NONE', *, *, #163, .T. ) ;
#3416 = EDGE_CURVE ( 'NONE', #7446, #5892, #2457, .T. ) ;
#3417 = CARTESIAN_POINT ( 'NONE',  ( -5.729759561962193715, 1.149999999999999689, -0.3750000000000003331 ) ) ;
#3418 = CARTESIAN_POINT ( 'NONE',  ( 8.349999999999999645, 0.9827060022347550161, -5.004778335423011981 ) ) ;
#3419 = CARTESIAN_POINT ( 'NONE',  ( 4.570000000000002061, 0.05000000000000000278, -5.749999999999998224 ) ) ;
#3420 = EDGE_CURVE ( 'NONE', #1817, #3666, #8771, .T. ) ;
#3421 = VECTOR ( 'NONE', #876, 1000.000000000000000 ) ;
#3422 = CARTESIAN_POINT ( 'NONE',  ( 0.000000000000000000, 1.649999999999999911, -3.510000000000000231 ) ) ;
#3423 = DIRECTION ( 'NONE',  ( -0.9975640502598243087, -0.06975647374412492774, 0.000000000000000000 ) ) ;
#3424 = ADVANCED_FACE ( 'NONE', ( #5109 ), #902, .F. ) ;
#3425 = VERTEX_POINT ( 'NONE', #212 ) ;
#3426 = CARTESIAN_POINT ( 'NONE',  ( -5.729759561962193715, 0.6500000000000000222, 0.3749999999999994449 ) ) ;
#3427 = ORIENTED_EDGE ( 'NONE', *, *, #2115, .T. ) ;
#3428 = VERTEX_POINT ( 'NONE', #257 ) ;
#3429 = ORIENTED_EDGE ( 'NONE', *, *, #3416, .T. ) ;
#3430 = DIRECTION ( 'NONE',  ( 0.000000000000000000, 1.000000000000000000, 0.000000000000000000 ) ) ;
#3431 = DIRECTION ( 'NONE',  ( 1.000000000000000000, 2.082697505432185440E-16, 0.000000000000000000 ) ) ;
#3432 = DIRECTION ( 'NONE',  ( -1.000000000000000000, 0.000000000000000000, -5.595882180570346166E-16 ) ) ;
#3433 = ORIENTED_EDGE ( 'NONE', *, *, #2324, .T. ) ;
#3434 = LINE ( 'NONE', #611, #5696 ) ;
#3435 = EDGE_CURVE ( 'NONE', #4016, #2616, #3725, .T. ) ;
#3436 = CIRCLE ( 'NONE', #4608, 0.5000000000000004441 ) ;
#3437 = CARTESIAN_POINT ( 'NONE',  ( -2.049999999999997602, 3.729999999999999982, 5.799999999999998934 ) ) ;
#3438 = FACE_OUTER_BOUND ( 'NONE', #6087, .T. ) ;
#3439 = ADVANCED_FACE ( 'NONE', ( #8594 ), #7906, .T. ) ;
#3440 = AXIS2_PLACEMENT_3D ( 'NONE', #7993, #4557, #981 ) ;
#3441 = ORIENTED_EDGE ( 'NONE', *, *, #228, .F. ) ;
#3442 = AXIS2_PLACEMENT_3D ( 'NONE', #4523, #5978, #1044 ) ;
#3443 = EDGE_LOOP ( 'NONE', ( #8764, #7319, #5156, #763 ) ) ;
#3444 = LINE ( 'NONE', #59, #2851 ) ;
#3445 = VERTEX_POINT ( 'NONE', #6529 ) ;
#3446 = CARTESIAN_POINT ( 'NONE',  ( 2.650000000000002132, 3.229999999999999982, -5.799999999999999822 ) ) ;
#3447 = AXIS2_PLACEMENT_3D ( 'NONE', #5704, #86, #4292 ) ;
#3449 = LINE ( 'NONE', #6250, #6668 ) ;
#3448 = CARTESIAN_POINT ( 'NONE',  ( -6.309978747059014736, 0.6450308918860931939, -4.185000000000000497 ) ) ;
#3450 = VECTOR ( 'NONE', #6572, 1000.000000000000000 ) ;
#3451 = DIRECTION ( 'NONE',  ( 0.8660254037844417052, -0.4999999999999946154, 0.000000000000000000 ) ) ;
#3452 = VECTOR ( 'NONE', #1450, 1000.000000000000000 ) ;
#3453 = ORIENTED_EDGE ( 'NONE', *, *, #6349, .F. ) ;
#3454 = ORIENTED_EDGE ( 'NONE', *, *, #328, .F. ) ;
#3455 = CARTESIAN_POINT ( 'NONE',  ( -4.294608113321960907, 1.649999999999999911, 5.374974746830583072 ) ) ;
#3456 = FACE_OUTER_BOUND ( 'NONE', #6195, .T. ) ;
#3457 = LINE ( 'NONE', #8452, #1570 ) ;
#3458 = ORIENTED_EDGE ( 'NONE', *, *, #5970, .F. ) ;
#3459 = CARTESIAN_POINT ( 'NONE',  ( -5.011790629593825486, 2.893558669118013515, 2.840000000000000302 ) ) ;
#3460 = AXIS2_PLACEMENT_3D ( 'NONE', #2317, #3169, #5230 ) ;
#3461 = VECTOR ( 'NONE', #5196, 1000.000000000000000 ) ;
#3462 = EDGE_LOOP ( 'NONE', ( #4086, #6328, #7912, #6145 ) ) ;
#3463 = DIRECTION ( 'NONE',  ( 0.000000000000000000, 0.000000000000000000, 1.000000000000000000 ) ) ;
#3464 = DIRECTION ( 'NONE',  ( -0.000000000000000000, -0.000000000000000000, -1.000000000000000000 ) ) ;
#3465 = LINE ( 'NONE', #2837, #6191 ) ;
#3466 = VECTOR ( 'NONE', #672, 1000.000000000000000 ) ;
#3467 = DIRECTION ( 'NONE',  ( 0.06975647374412444202, -0.9975640502598243087, 0.000000000000000000 ) ) ;
#3468 = LINE ( 'NONE', #7131, #4783 ) ;
#3469 = ORIENTED_EDGE ( 'NONE', *, *, #8018, .T. ) ;
#3470 = PLANE ( 'NONE',  #7499 ) ;
#3471 = ADVANCED_FACE ( 'NONE', ( #8633 ), #5154, .T. ) ;
#3472 = EDGE_CURVE ( 'NONE', #8133, #5972, #5368, .T. ) ;
#3473 = ORIENTED_EDGE ( 'NONE', *, *, #3064, .F. ) ;
#3474 = ORIENTED_EDGE ( 'NONE', *, *, #1332, .F. ) ;
#3475 = DIRECTION ( 'NONE',  ( 0.000000000000000000, 0.000000000000000000, -1.000000000000000000 ) ) ;
#3476 = DIRECTION ( 'NONE',  ( -0.000000000000000000, -0.000000000000000000, -1.000000000000000000 ) ) ;
#3477 = VERTEX_POINT ( 'NONE', #5386 ) ;
#3478 = DIRECTION ( 'NONE',  ( -0.06975647374412444202, 0.9975640502598243087, 0.000000000000000000 ) ) ;
#3479 = FACE_OUTER_BOUND ( 'NONE', #8788, .T. ) ;
#3480 = DIRECTION ( 'NONE',  ( 0.1775942607538975315, -0.9767684341464365483, -0.1199320832904813283 ) ) ;
#3481 = ADVANCED_FACE ( 'NONE', ( #5341 ), #1278, .T. ) ;
#3482 = ORIENTED_EDGE ( 'NONE', *, *, #2594, .F. ) ;
#3483 = FACE_OUTER_BOUND ( 'NONE', #2164, .T. ) ;
#3484 = ORIENTED_EDGE ( 'NONE', *, *, #2469, .F. ) ;
#3485 = DIRECTION ( 'NONE',  ( -0.000000000000000000, -0.000000000000000000, -1.000000000000000000 ) ) ;
#3486 = ADVANCED_FACE ( 'NONE', ( #3227 ), #8184, .T. ) ;
#3488 = DIRECTION ( 'NONE',  ( -1.000000000000000000, -0.000000000000000000, 1.668003342285392635E-15 ) ) ;
#3487 = LINE ( 'NONE', #9045, #1837 ) ;
#3489 = DIRECTION ( 'NONE',  ( -1.000000000000000000, 0.000000000000000000, 0.000000000000000000 ) ) ;
#3490 = EDGE_CURVE ( 'NONE', #8249, #4030, #6115, .T. ) ;
#3491 = ORIENTED_EDGE ( 'NONE', *, *, #3259, .F. ) ;
#3492 = EDGE_LOOP ( 'NONE', ( #7275, #234, #9068, #6416, #169, #8328 ) ) ;
#3493 = EDGE_LOOP ( 'NONE', ( #8664, #2375, #6981, #565 ) ) ;
#3494 = CARTESIAN_POINT ( 'NONE',  ( -7.141125913971392514, 0.6462488667561758771, -2.839999999999999858 ) ) ;
#3495 = ADVANCED_FACE ( 'NONE', ( #499 ), #2602, .F. ) ;
#3496 = CIRCLE ( 'NONE', #141, 0.4999999999999995559 ) ;
#3497 = CARTESIAN_POINT ( 'NONE',  ( -5.729759561962193715, 0.6500000000000000222, 0.8950000000000000178 ) ) ;
#3498 = DIRECTION ( 'NONE',  ( -1.000000000000000000, 0.000000000000000000, 0.000000000000000000 ) ) ;
#3499 = DIRECTION ( 'NONE',  ( -0.000000000000000000, -0.000000000000000000, -1.000000000000000000 ) ) ;
#3500 = EDGE_LOOP ( 'NONE', ( #3230, #8102, #2398, #6761 ) ) ;
#3501 = VECTOR ( 'NONE', #5838, 1000.000000000000000 ) ;
#3502 = DIRECTION ( 'NONE',  ( -0.1218693434051425356, 0.9925461516413225382, 0.000000000000000000 ) ) ;
#3503 = ORIENTED_EDGE ( 'NONE', *, *, #1545, .F. ) ;
#3504 = DIRECTION ( 'NONE',  ( -0.000000000000000000, -0.000000000000000000, -1.000000000000000000 ) ) ;
#3505 = DIRECTION ( 'NONE',  ( -0.000000000000000000, -0.000000000000000000, 1.000000000000000000 ) ) ;
#3506 = DIRECTION ( 'NONE',  ( -0.000000000000000000, -0.000000000000000000, -1.000000000000000000 ) ) ;
#3507 = DIRECTION ( 'NONE',  ( 0.000000000000000000, -0.000000000000000000, 1.000000000000000000 ) ) ;
#3508 = DIRECTION ( 'NONE',  ( 0.000000000000000000, 1.000000000000000000, 0.000000000000000000 ) ) ;
#3509 = ORIENTED_EDGE ( 'NONE', *, *, #2493, .F. ) ;
#3510 = DIRECTION ( 'NONE',  ( -1.000000000000000000, 0.000000000000000000, -3.614007241618347785E-16 ) ) ;
#3511 = ORIENTED_EDGE ( 'NONE', *, *, #240, .F. ) ;
#3512 = ORIENTED_EDGE ( 'NONE', *, *, #3749, .F. ) ;
#3513 = DIRECTION ( 'NONE',  ( 0.000000000000000000, 0.000000000000000000, -1.000000000000000000 ) ) ;
#3514 = CARTESIAN_POINT ( 'NONE',  ( -2.199999999999998845, 0.000000000000000000, 8.673617379884035472E-16 ) ) ;
#3515 = ORIENTED_EDGE ( 'NONE', *, *, #7914, .F. ) ;
#3516 = CARTESIAN_POINT ( 'NONE',  ( -4.750000000000002665, 1.649999999999999911, -7.000000000000000888 ) ) ;
#3517 = AXIS2_PLACEMENT_3D ( 'NONE', #2759, #5539, #2075 ) ;
#3518 = CIRCLE ( 'NONE', #8636, 0.5000000000000004441 ) ;
#3519 = EDGE_CURVE ( 'NONE', #8988, #4246, #634, .T. ) ;
#3520 = EDGE_CURVE ( 'NONE', #1573, #711, #6163, .T. ) ;
#3521 = EDGE_CURVE ( 'NONE', #3414, #7613, #8885, .T. ) ;
#3522 = CARTESIAN_POINT ( 'NONE',  ( 0.000000000000000000, 1.649999999999999911, 0.2999999999999999334 ) ) ;
#3523 = AXIS2_PLACEMENT_3D ( 'NONE', #7331, #4445, #1159 ) ;
#3524 = DIRECTION ( 'NONE',  ( 0.9925461516413229823, -0.1218693434051402319, 0.000000000000000000 ) ) ;
#3525 = AXIS2_PLACEMENT_3D ( 'NONE', #5183, #3624, #7987 ) ;
#3526 = EDGE_LOOP ( 'NONE', ( #7981, #4507, #8220, #4713 ) ) ;
#3527 =( LENGTH_UNIT ( ) NAMED_UNIT ( * ) SI_UNIT ( .MILLI., .METRE. ) );
#3528 = ORIENTED_EDGE ( 'NONE', *, *, #32, .T. ) ;
#3529 = CARTESIAN_POINT ( 'NONE',  ( 8.349999999999999645, 2.817155742747651459, -5.346194698091745856 ) ) ;
#3530 = VECTOR ( 'NONE', #1223, 1000.000000000000000 ) ;
#3531 = EDGE_CURVE ( 'NONE', #6343, #988, #8966, .T. ) ;
#3533 = CARTESIAN_POINT ( 'NONE',  ( -2.849999999999997424, 3.729999999999999982, -6.199999999999999289 ) ) ;
#3532 = CARTESIAN_POINT ( 'NONE',  ( 5.050000000000002487, 3.229999999999999982, -5.800000000000000711 ) ) ;
#3534 = CIRCLE ( 'NONE', #5860, 0.4999999999999995559 ) ;
#3535 = LINE ( 'NONE', #4226, #1641 ) ;
#3536 = EDGE_CURVE ( 'NONE', #5587, #8251, #7118, .T. ) ;
#3537 = AXIS2_PLACEMENT_3D ( 'NONE', #558, #2795, #650 ) ;
#3538 = ORIENTED_EDGE ( 'NONE', *, *, #3407, .F. ) ;
#3539 = VERTEX_POINT ( 'NONE', #5475 ) ;
#3540 = ORIENTED_EDGE ( 'NONE', *, *, #1004, .T. ) ;
#3541 =( LENGTH_UNIT ( ) NAMED_UNIT ( * ) SI_UNIT ( .MILLI., .METRE. ) );
#3542 = PLANE ( 'NONE',  #8087 ) ;
#3543 = PLANE ( 'NONE',  #2742 ) ;
#3544 = FACE_OUTER_BOUND ( 'NONE', #8054, .T. ) ;
#3545 = EDGE_CURVE ( 'NONE', #8896, #6637, #3960, .T. ) ;
#3546 = STYLED_ITEM ( 'NONE', ( #7583 ), #4231 ) ;
#3547 = ORIENTED_EDGE ( 'NONE', *, *, #8531, .F. ) ;
#3548 = DIRECTION ( 'NONE',  ( 0.000000000000000000, 0.000000000000000000, 1.000000000000000000 ) ) ;
#3549 = ORIENTED_EDGE ( 'NONE', *, *, #447, .F. ) ;
#3550 = PLANE ( 'NONE',  #1329 ) ;
#3551 = DIRECTION ( 'NONE',  ( 0.000000000000000000, 0.000000000000000000, -1.000000000000000000 ) ) ;
#3552 = DIRECTION ( 'NONE',  ( 1.000000000000000000, 0.000000000000000000, 0.000000000000000000 ) ) ;
#3553 =( NAMED_UNIT ( * ) SI_UNIT ( $, .STERADIAN. ) SOLID_ANGLE_UNIT ( ) );
#3554 = DIRECTION ( 'NONE',  ( 1.000000000000000000, 0.000000000000000000, -0.000000000000000000 ) ) ;
#3555 = FACE_OUTER_BOUND ( 'NONE', #803, .T. ) ;
#3556 = ORIENTED_EDGE ( 'NONE', *, *, #3382, .F. ) ;
#3557 = CARTESIAN_POINT ( 'NONE',  ( -5.729759561962193715, 1.149999999999999689, 1.570000000000000284 ) ) ;
#3558 = ORIENTED_EDGE ( 'NONE', *, *, #3686, .T. ) ;
#3559 = ORIENTED_EDGE ( 'NONE', *, *, #5314, .F. ) ;
#3560 = CARTESIAN_POINT ( 'NONE',  ( -6.742991448951236144, 0.8950308918860907514, 4.184999999999999609 ) ) ;
#3561 = LINE ( 'NONE', #8431, #7182 ) ;
#3562 = VERTEX_POINT ( 'NONE', #1133 ) ;
#3563 = DIRECTION ( 'NONE',  ( 0.9925461516413228713, 0.1218693434051408703, 0.000000000000000000 ) ) ;
#3564 = CARTESIAN_POINT ( 'NONE',  ( -7.141125913971392514, 0.6462488667561758771, 0.9700000000000004174 ) ) ;
#3565 = DIRECTION ( 'NONE',  ( 0.000000000000000000, 0.000000000000000000, -1.000000000000000000 ) ) ;
#3566 = VECTOR ( 'NONE', #2175, 1000.000000000000227 ) ;
#3567 = ADVANCED_FACE ( 'NONE', ( #442 ), #6901, .T. ) ;
#3568 = ORIENTED_EDGE ( 'NONE', *, *, #7122, .F. ) ;
#3569 = LINE ( 'NONE', #8395, #8688 ) ;
#3570 = VERTEX_POINT ( 'NONE', #5431 ) ;
#3571 = PLANE ( 'NONE',  #2059 ) ;
#3573 = LINE ( 'NONE', #6382, #7549 ) ;
#3572 = DIRECTION ( 'NONE',  ( -0.000000000000000000, -0.000000000000000000, 1.000000000000000000 ) ) ;
#3574 = AXIS2_PLACEMENT_3D ( 'NONE', #2278, #1772, #3858 ) ;
#3575 = LINE ( 'NONE', #7712, #2365 ) ;
#3576 = AXIS2_PLACEMENT_3D ( 'NONE', #2999, #1729, #6528 ) ;
#3577 = ORIENTED_EDGE ( 'NONE', *, *, #1529, .F. ) ;
#3578 = EDGE_CURVE ( 'NONE', #5950, #6013, #7452, .T. ) ;
#3579 = EDGE_CURVE ( 'NONE', #8238, #6867, #4013, .T. ) ;
#3580 = VERTEX_POINT ( 'NONE', #3320 ) ;
#3581 = ORIENTED_EDGE ( 'NONE', *, *, #2171, .T. ) ;
#3582 = LINE ( 'NONE', #5653, #1100 ) ;
#3583 = VECTOR ( 'NONE', #7186, 1000.000000000000000 ) ;
#3584 = VECTOR ( 'NONE', #4355, 1000.000000000000000 ) ;
#3585 = DIRECTION ( 'NONE',  ( -2.082697505432185440E-16, 1.000000000000000000, 0.000000000000000000 ) ) ;
#3586 = PLANE ( 'NONE',  #7493 ) ;
#3587 = ADVANCED_FACE ( 'NONE', ( #4754 ), #4708, .F. ) ;
#3588 = ORIENTED_EDGE ( 'NONE', *, *, #4258, .T. ) ;
#3589 = PLANE ( 'NONE',  #2504 ) ;
#3590 = AXIS2_PLACEMENT_3D ( 'NONE', #2198, #6319, #2959 ) ;
#3591 = VERTEX_POINT ( 'NONE', #586 ) ;
#3592 = CARTESIAN_POINT ( 'NONE',  ( -6.742991448951236144, 0.8950308918860907514, -0.8950000000000003508 ) ) ;
#3593 = ORIENTED_EDGE ( 'NONE', *, *, #7514, .F. ) ;
#3594 = APPLICATION_PROTOCOL_DEFINITION ( 'draft international standard', 'automotive_design', 1998, #1897 ) ;
#3595 = EDGE_CURVE ( 'NONE', #2778, #618, #2554, .T. ) ;
#3596 = DIRECTION ( 'NONE',  ( -0.4999999999999974465, -0.8660254037844400399, -0.000000000000000000 ) ) ;
#3597 = DIRECTION ( 'NONE',  ( 0.000000000000000000, 0.000000000000000000, 1.000000000000000000 ) ) ;
#3598 = FACE_OUTER_BOUND ( 'NONE', #5910, .T. ) ;
#3599 = ORIENTED_EDGE ( 'NONE', *, *, #584, .T. ) ;
#3600 = DIRECTION ( 'NONE',  ( -1.000000000000000000, 0.000000000000000000, 0.000000000000000000 ) ) ;
#3601 = ORIENTED_EDGE ( 'NONE', *, *, #3648, .T. ) ;
#3602 = VERTEX_POINT ( 'NONE', #2149 ) ;
#3603 = DIRECTION ( 'NONE',  ( 0.000000000000000000, 0.000000000000000000, 1.000000000000000000 ) ) ;
#3604 = DIRECTION ( 'NONE',  ( -0.06975647374412489998, 0.9975640502598243087, 0.000000000000000000 ) ) ;
#3605 = ORIENTED_EDGE ( 'NONE', *, *, #5491, .T. ) ;
#3606 = CARTESIAN_POINT ( 'NONE',  ( 5.050000000000002487, 3.229999999999999982, -6.200000000000000178 ) ) ;
#3607 = EDGE_CURVE ( 'NONE', #2693, #1941, #4841, .T. ) ;
#3608 = VECTOR ( 'NONE', #1312, 1000.000000000000000 ) ;
#3609 = DIRECTION ( 'NONE',  ( 0.1210806308883181637, 0.9861226036721776333, -0.1135856124273316309 ) ) ;
#3610 = CYLINDRICAL_SURFACE ( 'NONE', #5346, 1.000000000000000000 ) ;
#3611 = ORIENTED_EDGE ( 'NONE', *, *, #7860, .T. ) ;
#3612 = LINE ( 'NONE', #3783, #1081 ) ;
#3613 = ORIENTED_EDGE ( 'NONE', *, *, #8798, .F. ) ;
#3614 = PLANE ( 'NONE',  #5976 ) ;
#3616 = CARTESIAN_POINT ( 'NONE',  ( 3.774478171836572304, 0.5710797198524953933, 5.966094796642694043 ) ) ;
#3615 = DIRECTION ( 'NONE',  ( 5.595882180570346166E-16, 0.000000000000000000, -1.000000000000000000 ) ) ;
#3617 = CARTESIAN_POINT ( 'NONE',  ( -6.309978747059014736, 0.6450308918860931939, 2.915000000000000036 ) ) ;
#3618 = ORIENTED_EDGE ( 'NONE', *, *, #7466, .T. ) ;
#3619 = ORIENTED_EDGE ( 'NONE', *, *, #8118, .F. ) ;
#3620 = ORIENTED_EDGE ( 'NONE', *, *, #5250, .T. ) ;
#3621 = PLANE ( 'NONE',  #2653 ) ;
#3622 = ADVANCED_FACE ( 'NONE', ( #4924 ), #3543, .F. ) ;
#3623 = EDGE_CURVE ( 'NONE', #8111, #4795, #8579, .T. ) ;
#3624 = DIRECTION ( 'NONE',  ( -0.000000000000000000, 0.000000000000000000, 1.000000000000000000 ) ) ;
#3625 = CARTESIAN_POINT ( 'NONE',  ( 0.000000000000000000, 3.729999999999999982, 0.000000000000000000 ) ) ;
#3626 = LINE ( 'NONE', #683, #5854 ) ;
#3627 = ORIENTED_EDGE ( 'NONE', *, *, #6793, .T. ) ;
#3628 = CARTESIAN_POINT ( 'NONE',  ( -6.162772263854414234, 0.8999999999999971356, 2.840000000000000302 ) ) ;
#3629 = VERTEX_POINT ( 'NONE', #6430 ) ;
#3630 = DIRECTION ( 'NONE',  ( 0.000000000000000000, 0.000000000000000000, -1.000000000000000000 ) ) ;
#3631 = CIRCLE ( 'NONE', #1023, 1.000000000000000000 ) ;
#3632 = EDGE_CURVE ( 'NONE', #8179, #2755, #155, .T. ) ;
#3633 = CARTESIAN_POINT ( 'NONE',  ( -6.742991448951236144, 0.8950308918860907514, -3.435000000000000497 ) ) ;
#3634 = VECTOR ( 'NONE', #1666, 1000.000000000000000 ) ;
#3635 = LINE ( 'NONE', #6362, #4466 ) ;
#3636 = DIRECTION ( 'NONE',  ( 1.000000000000000000, 0.000000000000000000, 0.000000000000000000 ) ) ;
#3637 = ORIENTED_EDGE ( 'NONE', *, *, #1162, .F. ) ;
#3638 = CYLINDRICAL_SURFACE ( 'NONE', #488, 1.000000000000000000 ) ;
#3639 = ADVANCED_FACE ( 'NONE', ( #7120 ), #6350, .T. ) ;
#3640 = ORIENTED_EDGE ( 'NONE', *, *, #707, .T. ) ;
#3641 = ORIENTED_EDGE ( 'NONE', *, *, #8574, .T. ) ;
#3642 = DIRECTION ( 'NONE',  ( 0.8660254037844417052, -0.4999999999999946154, 0.000000000000000000 ) ) ;
#3643 = DIRECTION ( 'NONE',  ( 0.000000000000000000, 1.000000000000000000, 0.000000000000000000 ) ) ;
#3644 = VERTEX_POINT ( 'NONE', #850 ) ;
#3645 = DIRECTION ( 'NONE',  ( -1.000000000000000000, -0.000000000000000000, -7.885106708985496922E-16 ) ) ;
#3646 = VECTOR ( 'NONE', #3187, 1000.000000000000000 ) ;
#3647 = DIRECTION ( 'NONE',  ( 0.000000000000000000, 1.000000000000000000, 0.000000000000000000 ) ) ;
#3648 = EDGE_CURVE ( 'NONE', #4497, #4188, #5657, .T. ) ;
#3649 = DIRECTION ( 'NONE',  ( -0.1218693434051425356, 0.9925461516413225382, 0.000000000000000000 ) ) ;
#3650 = ORIENTED_EDGE ( 'NONE', *, *, #57, .F. ) ;
#3651 = AXIS2_PLACEMENT_3D ( 'NONE', #2144, #7716, #2735 ) ;
#3652 = VECTOR ( 'NONE', #8848, 1000.000000000000000 ) ;
#3653 = ADVANCED_FACE ( 'NONE', ( #2782 ), #6993, .T. ) ;
#3654 = ORIENTED_EDGE ( 'NONE', *, *, #8526, .T. ) ;
#3655 = LINE ( 'NONE', #6461, #3847 ) ;
#3656 = EDGE_LOOP ( 'NONE', ( #4358, #4177, #654, #4461, #6242, #8949 ) ) ;
#3657 = LINE ( 'NONE', #878, #1323 ) ;
#3658 = AXIS2_PLACEMENT_3D ( 'NONE', #3459, #6996, #158 ) ;
#3660 = CARTESIAN_POINT ( 'NONE',  ( -9.170281297359524686, -0.6412485357495423255, 0.9700000000000004174 ) ) ;
#3659 = CARTESIAN_POINT ( 'NONE',  ( -7.106247677099330140, 0.1474668416262637505, -0.2999999999999999334 ) ) ;
#3661 = VECTOR ( 'NONE', #2465, 1000.000000000000000 ) ;
#3662 = ORIENTED_EDGE ( 'NONE', *, *, #2162, .T. ) ;
#3663 = VECTOR ( 'NONE', #5517, 1000.000000000000000 ) ;
#3664 = VERTEX_POINT ( 'NONE', #8451 ) ;
#3665 = UNCERTAINTY_MEASURE_WITH_UNIT (LENGTH_MEASURE( 1.000000000000000082E-05 ), #1464, 'distance_accuracy_value', 'NONE');
#3666 = VERTEX_POINT ( 'NONE', #7760 ) ;
#3667 =( NAMED_UNIT ( * ) SI_UNIT ( $, .STERADIAN. ) SOLID_ANGLE_UNIT ( ) );
#3668 = AXIS2_PLACEMENT_3D ( 'NONE', #4526, #4485, #314 ) ;
#3669 = DIRECTION ( 'NONE',  ( -1.000000000000000000, 0.000000000000000000, 0.000000000000000000 ) ) ;
#3670 = LINE ( 'NONE', #4459, #1870 ) ;
#3671 = DIRECTION ( 'NONE',  ( -0.000000000000000000, -0.000000000000000000, 1.000000000000000000 ) ) ;
#3672 = ORIENTED_EDGE ( 'NONE', *, *, #8022, .F. ) ;
#3673 = FACE_OUTER_BOUND ( 'NONE', #877, .T. ) ;
#3674 = VERTEX_POINT ( 'NONE', #4280 ) ;
#3675 = DIRECTION ( 'NONE',  ( -0.000000000000000000, -0.000000000000000000, -1.000000000000000000 ) ) ;
#3676 = EDGE_CURVE ( 'NONE', #7494, #4028, #107, .T. ) ;
#3677 = ADVANCED_FACE ( 'NONE', ( #6948 ), #4234, .T. ) ;
#3678 = AXIS2_PLACEMENT_3D ( 'NONE', #5628, #3600, #863 ) ;
#3679 = AXIS2_PLACEMENT_3D ( 'NONE', #3196, #1745, #3104 ) ;
#3680 = CARTESIAN_POINT ( 'NONE',  ( -7.106247677099330140, 0.1474668416262637505, -0.9699999999999999734 ) ) ;
#3681 = DIRECTION ( 'NONE',  ( -0.000000000000000000, -0.000000000000000000, -1.000000000000000000 ) ) ;
#3682 = DIRECTION ( 'NONE',  ( -0.000000000000000000, -0.000000000000000000, -1.000000000000000000 ) ) ;
#3683 = PLANE ( 'NONE',  #4624 ) ;
#3684 = ORIENTED_EDGE ( 'NONE', *, *, #3909, .F. ) ;
#3685 = DIRECTION ( 'NONE',  ( -1.000000000000000000, 0.000000000000000000, 0.000000000000000000 ) ) ;
#3686 = EDGE_CURVE ( 'NONE', #7936, #2321, #7849, .T. ) ;
#3687 = ORIENTED_EDGE ( 'NONE', *, *, #8194, .T. ) ;
#3688 = ADVANCED_FACE ( 'NONE', ( #1458 ), #766, .F. ) ;
#3689 = LINE ( 'NONE', #7179, #1647 ) ;
#3690 = AXIS2_PLACEMENT_3D ( 'NONE', #3284, #8977, #2656 ) ;
#3691 = CARTESIAN_POINT ( 'NONE',  ( 5.050000000000002487, 3.229999999999999982, 6.200000000000000178 ) ) ;
#3692 = LINE ( 'NONE', #8050, #3213 ) ;
#3693 = ADVANCED_FACE ( 'NONE', ( #3456 ), #6392, .T. ) ;
#3694 = CARTESIAN_POINT ( 'NONE',  ( 2.650000000000002132, 3.229999999999999982, 6.200000000000000178 ) ) ;
#3695 = CARTESIAN_POINT ( 'NONE',  ( -6.309978747059014736, 0.6450308918860931939, -2.165000000000000036 ) ) ;
#3696 = VERTEX_POINT ( 'NONE', #5565 ) ;
#3697 = ADVANCED_FACE ( 'NONE', ( #2104 ), #8410, .F. ) ;
#3698 = VERTEX_POINT ( 'NONE', #5612 ) ;
#3699 = DIRECTION ( 'NONE',  ( -0.000000000000000000, -0.9961946980917459893, -0.08715574274765217067 ) ) ;
#3700 = ORIENTED_EDGE ( 'NONE', *, *, #5557, .T. ) ;
#3701 = EDGE_CURVE ( 'NONE', #1050, #4629, #1415, .T. ) ;
#3702 = LINE ( 'NONE', #8479, #5248 ) ;
#3703 = ADVANCED_FACE ( 'NONE', ( #5863 ), #384, .F. ) ;
#3704 = ADVANCED_FACE ( 'NONE', ( #202 ), #1590, .F. ) ;
#3705 = AXIS2_PLACEMENT_3D ( 'NONE', #3325, #4110, #6121 ) ;
#3706 = VECTOR ( 'NONE', #468, 1000.000000000000114 ) ;
#3708 = DIRECTION ( 'NONE',  ( -0.000000000000000000, -0.000000000000000000, 1.000000000000000000 ) ) ;
#3707 = PLANE ( 'NONE',  #1692 ) ;
#3709 = ORIENTED_EDGE ( 'NONE', *, *, #6893, .F. ) ;
#3710 = VERTEX_POINT ( 'NONE', #5185 ) ;
#3711 = LINE ( 'NONE', #2443, #1926 ) ;
#3712 = ADVANCED_FACE ( 'NONE', ( #3757 ), #2272, .T. ) ;
#3713 = DIRECTION ( 'NONE',  ( 1.000000000000000000, 2.082697505432185440E-16, 0.000000000000000000 ) ) ;
#3714 = VECTOR ( 'NONE', #5727, 1000.000000000000000 ) ;
#3715 = DIRECTION ( 'NONE',  ( -0.000000000000000000, 0.000000000000000000, 1.000000000000000000 ) ) ;
#3716 = DIRECTION ( 'NONE',  ( -0.000000000000000000, -0.000000000000000000, 1.000000000000000000 ) ) ;
#3717 = EDGE_LOOP ( 'NONE', ( #160, #3246, #1967, #6062 ) ) ;
#3718 = PLANE ( 'NONE',  #5429 ) ;
#3719 = ORIENTED_EDGE ( 'NONE', *, *, #4949, .T. ) ;
#3720 = CARTESIAN_POINT ( 'NONE',  ( 7.050000000000004263, 3.229999999999999982, 3.899999999999999911 ) ) ;
#3721 = VECTOR ( 'NONE', #5301, 1000.000000000000114 ) ;
#3722 = AXIS2_PLACEMENT_3D ( 'NONE', #5948, #5268, #8071 ) ;
#3723 = CARTESIAN_POINT ( 'NONE',  ( -2.849999999999997424, 3.729999999999999982, -6.199999999999999289 ) ) ;
#3724 = CARTESIAN_POINT ( 'NONE',  ( -7.141125913971392514, 0.6462488667561758771, -0.2999999999999999334 ) ) ;
#3725 = LINE ( 'NONE', #3041, #8152 ) ;
#3726 = DIRECTION ( 'NONE',  ( -0.000000000000000000, -0.000000000000000000, 1.000000000000000000 ) ) ;
#3727 = VECTOR ( 'NONE', #2793, 1000.000000000000000 ) ;
#3728 = ORIENTED_EDGE ( 'NONE', *, *, #6850, .F. ) ;
#3729 = CARTESIAN_POINT ( 'NONE',  ( -0.04484046576840968606, 0.6412485357495464333, 3.510000000000000231 ) ) ;
#3730 = ORIENTED_EDGE ( 'NONE', *, *, #4285, .T. ) ;
#3731 = CARTESIAN_POINT ( 'NONE',  ( 2.650000000000002132, 3.729999999999999982, -5.799999999999999822 ) ) ;
#3732 = LINE ( 'NONE', #868, #1032 ) ;
#3733 = CARTESIAN_POINT ( 'NONE',  ( 2.650000000000002132, 3.729999999999999982, -6.200000000000000178 ) ) ;
#3734 = PRESENTATION_STYLE_ASSIGNMENT (( #952 ) ) ;
#3735 = EDGE_CURVE ( 'NONE', #7424, #6857, #8670, .T. ) ;
#3736 = PLANE ( 'NONE',  #8282 ) ;
#3737 = EDGE_CURVE ( 'NONE', #4026, #2914, #2448, .T. ) ;
#3738 = ORIENTED_EDGE ( 'NONE', *, *, #2934, .T. ) ;
#3739 = ORIENTED_EDGE ( 'NONE', *, *, #8676, .T. ) ;
#3740 = AXIS2_PLACEMENT_3D ( 'NONE', #6855, #8277, #6069 ) ;
#3741 = CYLINDRICAL_SURFACE ( 'NONE', #4893, 1.000000000000000000 ) ;
#3742 = ORIENTED_EDGE ( 'NONE', *, *, #1443, .T. ) ;
#3743 = CARTESIAN_POINT ( 'NONE',  ( -0.04484046576840968606, 0.6412485357495464333, 4.110000000000000320 ) ) ;
#3744 = EDGE_CURVE ( 'NONE', #7598, #601, #5069, .T. ) ;
#3745 = DIRECTION ( 'NONE',  ( -0.000000000000000000, -0.000000000000000000, -1.000000000000000000 ) ) ;
#3747 = DIRECTION ( 'NONE',  ( 1.668003342285392635E-15, 0.000000000000000000, 1.000000000000000000 ) ) ;
#3746 = DIRECTION ( 'NONE',  ( -1.000000000000000000, 0.000000000000000000, -3.771137991253928573E-16 ) ) ;
#3748 = VECTOR ( 'NONE', #3266, 1000.000000000000000 ) ;
#3749 = EDGE_CURVE ( 'NONE', #5399, #4730, #2599, .T. ) ;
#3750 = VERTEX_POINT ( 'NONE', #1018 ) ;
#3751 = VERTEX_POINT ( 'NONE', #4364 ) ;
#3752 = CARTESIAN_POINT ( 'NONE',  ( -6.742991448951236144, 0.8950308918860907514, -2.239999999999999769 ) ) ;
#3753 = ORIENTED_EDGE ( 'NONE', *, *, #2654, .F. ) ;
#3754 = LINE ( 'NONE', #2445, #3221 ) ;
#3755 = DIRECTION ( 'NONE',  ( 0.8660254037844417052, -0.4999999999999946154, 0.000000000000000000 ) ) ;
#3756 = ADVANCED_FACE ( 'NONE', ( #7942 ), #3120, .T. ) ;
#3757 = FACE_OUTER_BOUND ( 'NONE', #4970, .T. ) ;
#3758 = DIRECTION ( 'NONE',  ( 1.000000000000000000, 0.000000000000000000, 0.000000000000000000 ) ) ;
#3759 = VERTEX_POINT ( 'NONE', #3803 ) ;
#3760 = CARTESIAN_POINT ( 'NONE',  ( 0.3500000000000021982, 3.229999999999999982, -6.199999999999999289 ) ) ;
#3761 = ADVANCED_FACE ( 'NONE', ( #4548 ), #931, .T. ) ;
#3762 = VERTEX_POINT ( 'NONE', #7160 ) ;
#3763 = LINE ( 'NONE', #1076, #366 ) ;
#3764 = LINE ( 'NONE', #8631, #710 ) ;
#3765 = DIRECTION ( 'NONE',  ( -0.4999999999999965583, -0.8660254037844405950, 0.000000000000000000 ) ) ;
#3766 = DIRECTION ( 'NONE',  ( -1.000000000000000000, -0.000000000000000000, -0.000000000000000000 ) ) ;
#3767 = DIRECTION ( 'NONE',  ( -1.398970545142586295E-16, 0.000000000000000000, 1.000000000000000000 ) ) ;
#3768 = VERTEX_POINT ( 'NONE', #3031 ) ;
#3769 = CARTESIAN_POINT ( 'NONE',  ( -6.742991448951236144, 0.8950308918860907514, 0.2999999999999999334 ) ) ;
#3770 = VERTEX_POINT ( 'NONE', #8715 ) ;
#3771 = CYLINDRICAL_SURFACE ( 'NONE', #5173, 0.4999999999999995559 ) ;
#3772 = CARTESIAN_POINT ( 'NONE',  ( 0.3500000000000021982, 3.229999999999999982, 6.199999999999999289 ) ) ;
#3773 = PLANE ( 'NONE',  #879 ) ;
#3774 = CIRCLE ( 'NONE', #1478, 0.4499999999999999001 ) ;
#3775 = CARTESIAN_POINT ( 'NONE',  ( 9.250000000000001776, 0.07229769472258353036, 5.931216559770632557 ) ) ;
#3776 = PLANE ( 'NONE',  #4909 ) ;
#3777 = AXIS2_PLACEMENT_3D ( 'NONE', #5358, #4528, #3982 ) ;
#3778 = EDGE_LOOP ( 'NONE', ( #1886, #5089, #6871, #5924 ) ) ;
#3779 = LINE ( 'NONE', #7966, #4411 ) ;
#3780 = LINE ( 'NONE', #4631, #7608 ) ;
#3781 = DIRECTION ( 'NONE',  ( 1.000000000000000000, -0.000000000000000000, -0.000000000000000000 ) ) ;
#3782 = ORIENTED_EDGE ( 'NONE', *, *, #4172, .F. ) ;
#3783 = CARTESIAN_POINT ( 'NONE',  ( 9.250000000000001776, 0.9827060022347552382, -5.004778335423011981 ) ) ;
#3784 = ORIENTED_EDGE ( 'NONE', *, *, #175, .T. ) ;
#3785 = CARTESIAN_POINT ( 'NONE',  ( 6.150000000000001243, 3.229999999999999982, 3.899999999999999467 ) ) ;
#3786 = EDGE_CURVE ( 'NONE', #5597, #4028, #3670, .T. ) ;
#3787 = EDGE_CURVE ( 'NONE', #960, #2321, #2355, .T. ) ;
#3788 = UNCERTAINTY_MEASURE_WITH_UNIT (LENGTH_MEASURE( 1.000000000000000082E-05 ), #7676, 'distance_accuracy_value', 'NONE');
#3789 = CARTESIAN_POINT ( 'NONE',  ( -7.176004150843455776, 1.145030891886088309, -3.510000000000000231 ) ) ;
#3790 = VECTOR ( 'NONE', #1115, 1000.000000000000000 ) ;
#3792 = DIRECTION ( 'NONE',  ( 0.000000000000000000, -0.1218693434051408564, -0.9925461516413228713 ) ) ;
#3791 = LINE ( 'NONE', #373, #4465 ) ;
#3793 = EDGE_CURVE ( 'NONE', #6024, #8349, #7346, .T. ) ;
#3794 = ORIENTED_EDGE ( 'NONE', *, *, #1162, .T. ) ;
#3795 = ORIENTED_EDGE ( 'NONE', *, *, #1411, .T. ) ;
#3796 = LINE ( 'NONE', #6555, #8212 ) ;
#3797 = EDGE_LOOP ( 'NONE', ( #917, #2228, #7153, #4645, #261, #2810, #8292, #3345, #1726, #4904, #8386, #5803 ) ) ;
#3798 = CARTESIAN_POINT ( 'NONE',  ( 3.774478171836572304, 0.4987820251299121543, -6.999999999999999112 ) ) ;
#3799 = VECTOR ( 'NONE', #8419, 1000.000000000000000 ) ;
#3800 = CLOSED_SHELL ( 'NONE', ( #5000, #7540, #5552, #597, #9048, #337, #3861, #2082, #8586, #916, #7005, #1719, #4374, #6916, #732, #6500, #6688, #1090, #4444, #8847, #2367, #7901, #6213, #5091, #7167, #6776, #200, #8580, #5864, #8400, #5606, #6755, #5379, #6, #7427, #5324, #4372, #353, #123, #3481, #6124, #2533, #7, #3988, #8257, #8409, #1207, #3019, #3144, #3192, #4982, #7974, #3761, #3567, #7515, #5807, #129, #4101, #5873, #9038, #1763, #3677, #3756, #2726, #1255, #6438, #3712, #5327, #8571 ) ) ;
#3801 = DIRECTION ( 'NONE',  ( 1.000000000000000000, 2.082697505432185440E-16, 0.000000000000000000 ) ) ;
#3802 = EDGE_CURVE ( 'NONE', #1809, #8133, #2990, .T. ) ;
#3803 = CARTESIAN_POINT ( 'NONE',  ( -4.547405474510220813, 0.000000000000000000, 4.627202638811739099 ) ) ;
#3805 = CARTESIAN_POINT ( 'NONE',  ( -4.750000000000005329, 1.649999999999999911, -0.9699999999999999734 ) ) ;
#3804 = COLOUR_RGB ( '',0.2509803921568627416, 0.2509803921568627416, 0.2509803921568627416 ) ;
#3806 = ORIENTED_EDGE ( 'NONE', *, *, #4607, .T. ) ;
#3807 = CARTESIAN_POINT ( 'NONE',  ( 5.050000000000002487, 3.229999999999999982, -6.200000000000000178 ) ) ;
#3808 = VERTEX_POINT ( 'NONE', #4413 ) ;
#3809 = EDGE_LOOP ( 'NONE', ( #6424, #6826, #4417, #1432, #1010, #3528 ) ) ;
#3810 = DIRECTION ( 'NONE',  ( 0.000000000000000000, 1.000000000000000000, 0.000000000000000000 ) ) ;
#3811 = EDGE_CURVE ( 'NONE', #3808, #3644, #7998, .T. ) ;
#3812 = VECTOR ( 'NONE', #4699, 1000.000000000000000 ) ;
#3813 = EDGE_CURVE ( 'NONE', #7823, #572, #5514, .T. ) ;
#3814 = DIRECTION ( 'NONE',  ( -1.000000000000000000, 0.000000000000000000, -5.595882180570346166E-16 ) ) ;
#3815 = FACE_OUTER_BOUND ( 'NONE', #1625, .T. ) ;
#3816 = CARTESIAN_POINT ( 'NONE',  ( -6.309978747059014736, 0.6450308918860931939, 4.184999999999999609 ) ) ;
#3817 = CARTESIAN_POINT ( 'NONE',  ( 6.150000000000001243, 3.729999999999999982, 3.899999999999999467 ) ) ;
#3818 = VERTEX_POINT ( 'NONE', #8760 ) ;
#3819 = FACE_OUTER_BOUND ( 'NONE', #4248, .T. ) ;
#3820 = VECTOR ( 'NONE', #8000, 1000.000000000000000 ) ;
#3821 = ORIENTED_EDGE ( 'NONE', *, *, #714, .T. ) ;
#3822 = VECTOR ( 'NONE', #465, 1000.000000000000000 ) ;
#3823 = CARTESIAN_POINT ( 'NONE',  ( -5.729759561962193715, 1.149999999999999689, -0.8950000000000003508 ) ) ;
#3824 = PLANE ( 'NONE',  #894 ) ;
#3825 = DIRECTION ( 'NONE',  ( -0.000000000000000000, -0.000000000000000000, -1.000000000000000000 ) ) ;
#3826 = VECTOR ( 'NONE', #7874, 1000.000000000000000 ) ;
#3827 = CARTESIAN_POINT ( 'NONE',  ( -0.04484046576840968606, 0.6412485357495464333, -0.2999999999999999334 ) ) ;
#3828 = ORIENTED_EDGE ( 'NONE', *, *, #6850, .T. ) ;
#3829 = FACE_OUTER_BOUND ( 'NONE', #3717, .T. ) ;
#3830 = VERTEX_POINT ( 'NONE', #535 ) ;
#3831 = LINE ( 'NONE', #8651, #8480 ) ;
#3832 = CARTESIAN_POINT ( 'NONE',  ( 0.3432353040528240418, 0.000000000000000000, 6.603405868283640956 ) ) ;
#3833 = VECTOR ( 'NONE', #739, 1000.000000000000000 ) ;
#3834 = ORIENTED_EDGE ( 'NONE', *, *, #6357, .T. ) ;
#3835 = CARTESIAN_POINT ( 'NONE',  ( 6.238607719548550534, 3.229999999999999982, -1.500000000000000000 ) ) ;
#3836 = ORIENTED_EDGE ( 'NONE', *, *, #7624, .T. ) ;
#3837 = PLANE ( 'NONE',  #4962 ) ;
#3838 = DIRECTION ( 'NONE',  ( -1.000000000000000000, 0.000000000000000000, -3.614007241618347785E-16 ) ) ;
#3840 = DIRECTION ( 'NONE',  ( 1.000000000000000000, 0.000000000000000000, 0.000000000000000000 ) ) ;
#3839 = CARTESIAN_POINT ( 'NONE',  ( 8.990000000000001990, 3.229999999999999982, -1.500000000000000000 ) ) ;
#3841 = ADVANCED_FACE ( 'NONE', ( #5278 ), #4748, .F. ) ;
#3842 = EDGE_LOOP ( 'NONE', ( #1980, #8026, #6182, #4304, #8294, #968 ) ) ;
#3843 = ORIENTED_EDGE ( 'NONE', *, *, #1945, .T. ) ;
#3844 = LINE ( 'NONE', #6750, #5103 ) ;
#3845 = VERTEX_POINT ( 'NONE', #7577 ) ;
#3846 = FACE_OUTER_BOUND ( 'NONE', #2251, .T. ) ;
#3847 = VECTOR ( 'NONE', #6544, 1000.000000000000000 ) ;
#3848 = FACE_OUTER_BOUND ( 'NONE', #3930, .T. ) ;
#3849 = EDGE_CURVE ( 'NONE', #1770, #6187, #7491, .T. ) ;
#3850 = CARTESIAN_POINT ( 'NONE',  ( 8.350000000000001421, 3.229999999999999982, 3.899999999999999467 ) ) ;
#3851 = EDGE_CURVE ( 'NONE', #5038, #3768, #1222, .T. ) ;
#3852 = CARTESIAN_POINT ( 'NONE',  ( 8.350000000000001421, 3.729999999999999982, -3.899999999999999467 ) ) ;
#3853 = ADVANCED_FACE ( 'NONE', ( #2592 ), #6847, .F. ) ;
#3854 = ORIENTED_EDGE ( 'NONE', *, *, #5970, .T. ) ;
#3855 = LINE ( 'NONE', #4603, #2805 ) ;
#3856 = ORIENTED_EDGE ( 'NONE', *, *, #7564, .F. ) ;
#3857 = ORIENTED_EDGE ( 'NONE', *, *, #8416, .T. ) ;
#3858 = DIRECTION ( 'NONE',  ( 1.000000000000000000, 0.000000000000000000, 0.000000000000000000 ) ) ;
#3859 = VECTOR ( 'NONE', #3398, 1000.000000000000114 ) ;
#3860 = CARTESIAN_POINT ( 'NONE',  ( -4.750000000000005329, 1.649999999999999911, 1.570000000000000284 ) ) ;
#3861 = ADVANCED_FACE ( 'NONE', ( #5376 ), #2001, .T. ) ;
#3862 = LINE ( 'NONE', #7995, #1547 ) ;
#3863 = CARTESIAN_POINT ( 'NONE',  ( 0.3500000000000021982, 3.229999999999999982, 6.199999999999999289 ) ) ;
#3864 = DIRECTION ( 'NONE',  ( -1.000000000000000000, 0.000000000000000000, 0.000000000000000000 ) ) ;
#3865 = ORIENTED_EDGE ( 'NONE', *, *, #8993, .F. ) ;
#3866 = FACE_OUTER_BOUND ( 'NONE', #103, .T. ) ;
#3867 = ORIENTED_EDGE ( 'NONE', *, *, #745, .F. ) ;
#3868 = VECTOR ( 'NONE', #8604, 1000.000000000000000 ) ;
#3869 = EDGE_CURVE ( 'NONE', #5651, #5605, #8081, .T. ) ;
#3870 = CARTESIAN_POINT ( 'NONE',  ( -2.049999999999997602, 3.229999999999999982, 5.799999999999998934 ) ) ;
#3872 = DIRECTION ( 'NONE',  ( -1.000000000000000000, -2.082697505432185440E-16, 0.000000000000000000 ) ) ;
#3871 = AXIS2_PLACEMENT_3D ( 'NONE', #6208, #7407, #8917 ) ;
#3873 = LINE ( 'NONE', #5117, #7463 ) ;
#3874 = VECTOR ( 'NONE', #87, 1000.000000000000000 ) ;
#3875 = DIRECTION ( 'NONE',  ( 1.000000000000000000, 0.000000000000000000, -0.000000000000000000 ) ) ;
#3876 = CYLINDRICAL_SURFACE ( 'NONE', #7102, 0.5000000000000004441 ) ;
#3877 = AXIS2_PLACEMENT_3D ( 'NONE', #19, #63, #4092 ) ;
#3878 = ORIENTED_EDGE ( 'NONE', *, *, #2905, .T. ) ;
#3879 = CARTESIAN_POINT ( 'NONE',  ( 6.150000000000001243, 3.229999999999999982, -3.899999999999999467 ) ) ;
#3880 = ORIENTED_EDGE ( 'NONE', *, *, #2867, .F. ) ;
#3881 = EDGE_LOOP ( 'NONE', ( #5127, #6990, #6155, #7233 ) ) ;
#3882 = CARTESIAN_POINT ( 'NONE',  ( -4.547405474510220813, 0.000000000000000000, 4.627202638811739099 ) ) ;
#3883 = CARTESIAN_POINT ( 'NONE',  ( 0.000000000000000000, 0.000000000000000000, -4.110000000000000320 ) ) ;
#3884 = EDGE_CURVE ( 'NONE', #1807, #3945, #3311, .T. ) ;
#3885 = VECTOR ( 'NONE', #3228, 1000.000000000000114 ) ;
#3886 = VERTEX_POINT ( 'NONE', #2684 ) ;
#3887 = LINE ( 'NONE', #1251, #3706 ) ;
#3888 = ORIENTED_EDGE ( 'NONE', *, *, #5758, .F. ) ;
#3889 = CARTESIAN_POINT ( 'NONE',  ( -9.170281297359524686, -0.6412485357495423255, -2.239999999999999769 ) ) ;
#3890 = CARTESIAN_POINT ( 'NONE',  ( 2.650000000000002132, 3.229999999999999982, 5.799999999999999822 ) ) ;
#3892 = PLANE ( 'NONE',  #6228 ) ;
#3891 = DIRECTION ( 'NONE',  ( 1.668003342285392635E-15, 0.000000000000000000, -1.000000000000000000 ) ) ;
#3893 = AXIS2_PLACEMENT_3D ( 'NONE', #30, #9054, #807 ) ;
#3894 = AXIS2_PLACEMENT_3D ( 'NONE', #966, #3747, #2394 ) ;
#3895 = ORIENTED_EDGE ( 'NONE', *, *, #3020, .F. ) ;
#3896 = ORIENTED_EDGE ( 'NONE', *, *, #8306, .F. ) ;
#3897 = CARTESIAN_POINT ( 'NONE',  ( -6.742991448951236144, 0.8950308918860907514, 4.110000000000000320 ) ) ;
#3898 = ORIENTED_EDGE ( 'NONE', *, *, #4365, .F. ) ;
#3899 = LINE ( 'NONE', #3070, #607 ) ;
#3900 = AXIS2_PLACEMENT_3D ( 'NONE', #3400, #8813, #3902 ) ;
#3901 = FACE_OUTER_BOUND ( 'NONE', #3656, .T. ) ;
#3902 = DIRECTION ( 'NONE',  ( -0.8660254037844418162, 0.4999999999999947264, 0.000000000000000000 ) ) ;
#3903 = FACE_OUTER_BOUND ( 'NONE', #7400, .T. ) ;
#3904 = ORIENTED_EDGE ( 'NONE', *, *, #1540, .F. ) ;
#3905 = DIRECTION ( 'NONE',  ( 1.000000000000000000, 0.000000000000000000, 0.000000000000000000 ) ) ;
#3906 = ORIENTED_EDGE ( 'NONE', *, *, #6282, .F. ) ;
#3907 = ORIENTED_EDGE ( 'NONE', *, *, #180, .F. ) ;
#3908 = CARTESIAN_POINT ( 'NONE',  ( 6.238607719548550534, 3.229999999999999982, -0.9999999999999995559 ) ) ;
#3909 = EDGE_CURVE ( 'NONE', #6859, #7530, #623, .T. ) ;
#3910 = ADVANCED_FACE ( 'NONE', ( #1959 ), #2634, .F. ) ;
#3911 = CARTESIAN_POINT ( 'NONE',  ( 3.774478171836572304, 2.817155742747651459, -5.346194698091745856 ) ) ;
#3912 = DIRECTION ( 'NONE',  ( 0.000000000000000000, 0.000000000000000000, 1.000000000000000000 ) ) ;
#3913 = CARTESIAN_POINT ( 'NONE',  ( -9.215121763127934074, -1.084202172485504434E-16, 1.570000000000000284 ) ) ;
#3914 = ORIENTED_EDGE ( 'NONE', *, *, #1703, .F. ) ;
#3915 = DIRECTION ( 'NONE',  ( -0.000000000000000000, -0.000000000000000000, -1.000000000000000000 ) ) ;
#3916 = EDGE_LOOP ( 'NONE', ( #7844, #5260, #303, #4950 ) ) ;
#3917 = ADVANCED_FACE ( 'NONE', ( #3350 ), #1269, .T. ) ;
#3918 = CARTESIAN_POINT ( 'NONE',  ( -6.595784965746635642, 1.149999999999994360, 0.2999999999999999334 ) ) ;
#3919 = DIRECTION ( 'NONE',  ( -0.000000000000000000, -0.000000000000000000, -1.000000000000000000 ) ) ;
#3920 = DIRECTION ( 'NONE',  ( 0.000000000000000000, 1.000000000000000000, 0.000000000000000000 ) ) ;
#3921 = SURFACE_STYLE_FILL_AREA ( #1144 ) ;
#3922 = FACE_OUTER_BOUND ( 'NONE', #6647, .T. ) ;
#3923 = EDGE_CURVE ( 'NONE', #4627, #6534, #4651, .T. ) ;
#3924 = ORIENTED_EDGE ( 'NONE', *, *, #2356, .T. ) ;
#3925 = DIRECTION ( 'NONE',  ( -0.7071067811865439090, -0.000000000000000000, 0.7071067811865512365 ) ) ;
#3926 = ORIENTED_EDGE ( 'NONE', *, *, #3520, .T. ) ;
#3927 = EDGE_LOOP ( 'NONE', ( #6051, #3223, #5763, #6712 ) ) ;
#3928 = DIRECTION ( 'NONE',  ( 0.000000000000000000, 1.000000000000000000, 0.000000000000000000 ) ) ;
#3929 = CARTESIAN_POINT ( 'NONE',  ( 0.000000000000000000, 1.649999999999999911, 0.9700000000000004174 ) ) ;
#3930 = EDGE_LOOP ( 'NONE', ( #1045, #2227, #6394, #2711, #6272, #2626, #3053, #2664, #1691, #8123, #3122, #627 ) ) ;
#3931 = LINE ( 'NONE', #5261, #8841 ) ;
#3932 = ORIENTED_EDGE ( 'NONE', *, *, #8240, .F. ) ;
#3934 = VECTOR ( 'NONE', #3998, 1000.000000000000000 ) ;
#3933 = LINE ( 'NONE', #7379, #7606 ) ;
#3935 = VECTOR ( 'NONE', #1347, 1000.000000000000000 ) ;
#3936 = ADVANCED_FACE ( 'NONE', ( #1120 ), #1171, .F. ) ;
#3937 = DIRECTION ( 'NONE',  ( -0.9897582589218777427, 0.1427535950368092887, 0.000000000000000000 ) ) ;
#3939 = CARTESIAN_POINT ( 'NONE',  ( -4.315113740146799159, 1.507827654014452401, -7.211456175300948956 ) ) ;
#3938 = PLANE ( 'NONE',  #3128 ) ;
#3940 = EDGE_CURVE ( 'NONE', #3886, #8932, #3216, .T. ) ;
#3941 = VECTOR ( 'NONE', #3296, 1000.000000000000000 ) ;
#3942 = EDGE_LOOP ( 'NONE', ( #7289, #559, #2004, #4703 ) ) ;
#3943 = EDGE_LOOP ( 'NONE', ( #6376, #5742, #895, #7003, #7209, #4726, #3307, #1935, #6296, #5615, #3332, #3784, #8467, #6324, #7664, #1374, #5706, #7052, #4236, #3547, #4897, #1184, #8522, #5814, #4812, #8785, #6965, #5472 ) ) ;
#3944 = CARTESIAN_POINT ( 'NONE',  ( 5.050000000000002487, 3.729999999999999982, 5.800000000000000711 ) ) ;
#3945 = VERTEX_POINT ( 'NONE', #8128 ) ;
#3946 = DIRECTION ( 'NONE',  ( 0.06975647374412444202, -0.9975640502598243087, 0.000000000000000000 ) ) ;
#3947 = PRODUCT_DEFINITION_FORMATION_WITH_SPECIFIED_SOURCE ( 'ANY', '', #5993, .NOT_KNOWN. ) ;
#3948 = LINE ( 'NONE', #6058, #6239 ) ;
#3949 = DIRECTION ( 'NONE',  ( -0.000000000000000000, -0.000000000000000000, -1.000000000000000000 ) ) ;
#3950 = DIRECTION ( 'NONE',  ( -1.000000000000000000, 0.000000000000000000, 5.595882180570346166E-16 ) ) ;
#3951 = ORIENTED_EDGE ( 'NONE', *, *, #633, .T. ) ;
#3952 = CARTESIAN_POINT ( 'NONE',  ( -4.479866786035785253, -0.5500584762268876382, 2.840000000000000302 ) ) ;
#3953 = STYLED_ITEM ( 'NONE', ( #2489 ), #1523 ) ;
#3954 = ORIENTED_EDGE ( 'NONE', *, *, #520, .T. ) ;
#3955 = ORIENTED_EDGE ( 'NONE', *, *, #6018, .F. ) ;
#3956 = DIRECTION ( 'NONE',  ( 0.000000000000000000, 0.000000000000000000, -1.000000000000000000 ) ) ;
#3957 = CIRCLE ( 'NONE', #8060, 1.000000000000000000 ) ;
#3958 = VECTOR ( 'NONE', #1679, 1000.000000000000227 ) ;
#3959 = LINE ( 'NONE', #3911, #494 ) ;
#3960 = LINE ( 'NONE', #6022, #3014 ) ;
#3961 = LINE ( 'NONE', #6070, #6241 ) ;
#3962 = AXIS2_PLACEMENT_3D ( 'NONE', #7042, #775, #3551 ) ;
#3963 = ORIENTED_EDGE ( 'NONE', *, *, #5614, .F. ) ;
#3964 = DIRECTION ( 'NONE',  ( 0.000000000000000000, 0.000000000000000000, -1.000000000000000000 ) ) ;
#3965 = EDGE_CURVE ( 'NONE', #5330, #3591, #1861, .T. ) ;
#3966 = ADVANCED_FACE ( 'NONE', ( #8862 ), #8175, .T. ) ;
#3967 = VERTEX_POINT ( 'NONE', #5516 ) ;
#3968 = VECTOR ( 'NONE', #6940, 1000.000000000000000 ) ;
#3969 = DIRECTION ( 'NONE',  ( -0.000000000000000000, -0.000000000000000000, -1.000000000000000000 ) ) ;
#3970 = DIRECTION ( 'NONE',  ( -0.06975647374412444202, 0.9975640502598243087, 0.000000000000000000 ) ) ;
#3971 = LINE ( 'NONE', #3282, #7610 ) ;
#3972 = DIRECTION ( 'NONE',  ( 0.000000000000000000, 1.000000000000000000, 0.000000000000000000 ) ) ;
#3973 = AXIS2_PLACEMENT_3D ( 'NONE', #3870, #8776, #1694 ) ;
#3974 = DIRECTION ( 'NONE',  ( -0.000000000000000000, -0.000000000000000000, -1.000000000000000000 ) ) ;
#3975 = EDGE_CURVE ( 'NONE', #8882, #8882, #7125, .T. ) ;
#3976 = CIRCLE ( 'NONE', #37, 1.000000000000000000 ) ;
#3977 = ORIENTED_EDGE ( 'NONE', *, *, #5808, .T. ) ;
#3978 = DIRECTION ( 'NONE',  ( -0.000000000000000000, 0.000000000000000000, 1.000000000000000000 ) ) ;
#3979 = EDGE_CURVE ( 'NONE', #3698, #1778, #9002, .T. ) ;
#3980 = EDGE_LOOP ( 'NONE', ( #7165, #3999, #4205, #4440, #1585, #551 ) ) ;
#3981 = ORIENTED_EDGE ( 'NONE', *, *, #1814, .T. ) ;
#3982 = DIRECTION ( 'NONE',  ( -1.000000000000000000, 0.000000000000000000, 0.000000000000000000 ) ) ;
#3983 = PLANE ( 'NONE',  #323 ) ;
#3984 = ORIENTED_EDGE ( 'NONE', *, *, #3367, .T. ) ;
#3985 = DIRECTION ( 'NONE',  ( 0.000000000000000000, 1.000000000000000000, 0.000000000000000000 ) ) ;
#3986 = ORIENTED_EDGE ( 'NONE', *, *, #328, .T. ) ;
#3987 = PLANE ( 'NONE',  #7883 ) ;
#3988 = ADVANCED_FACE ( 'NONE', ( #4832 ), #6201, .T. ) ;
#3989 = VECTOR ( 'NONE', #1137, 1000.000000000000000 ) ;
#3990 = AXIS2_PLACEMENT_3D ( 'NONE', #7084, #3381, #3630 ) ;
#3991 = CARTESIAN_POINT ( 'NONE',  ( 9.250000000000001776, 3.229999999999999982, -6.999999999999999112 ) ) ;
#3993 = DIRECTION ( 'NONE',  ( 0.000000000000000000, -1.000000000000000000, 0.000000000000000000 ) ) ;
#3992 = CARTESIAN_POINT ( 'NONE',  ( -4.294608113321960907, 1.649999999999999245, -6.680000000000001492 ) ) ;
#3994 = EDGE_CURVE ( 'NONE', #7424, #4733, #1684, .T. ) ;
#3995 = VECTOR ( 'NONE', #5564, 1000.000000000000000 ) ;
#3996 = ORIENTED_EDGE ( 'NONE', *, *, #2481, .F. ) ;
#3997 = VERTEX_POINT ( 'NONE', #3860 ) ;
#3998 = DIRECTION ( 'NONE',  ( -0.000000000000000000, -0.000000000000000000, -1.000000000000000000 ) ) ;
#3999 = ORIENTED_EDGE ( 'NONE', *, *, #8263, .T. ) ;
#4000 = DIRECTION ( 'NONE',  ( 0.000000000000000000, 0.000000000000000000, -1.000000000000000000 ) ) ;
#4001 = EDGE_CURVE ( 'NONE', #7869, #6275, #4467, .T. ) ;
#4002 = EDGE_CURVE ( 'NONE', #7123, #7036, #2749, .T. ) ;
#4003 = CARTESIAN_POINT ( 'NONE',  ( -0.04484046576840968606, 0.6412485357495464333, -4.110000000000000320 ) ) ;
#4004 = DIRECTION ( 'NONE',  ( 0.8660254037844417052, -0.4999999999999946154, 0.000000000000000000 ) ) ;
#4005 = LINE ( 'NONE', #2859, #1502 ) ;
#4006 = ORIENTED_EDGE ( 'NONE', *, *, #5313, .F. ) ;
#4007 = LINE ( 'NONE', #6805, #165 ) ;
#4008 = ORIENTED_EDGE ( 'NONE', *, *, #4108, .F. ) ;
#4009 = DIRECTION ( 'NONE',  ( 1.000000000000000000, 0.000000000000000000, -0.000000000000000000 ) ) ;
#4010 = EDGE_CURVE ( 'NONE', #6894, #1050, #1135, .T. ) ;
#4011 = CARTESIAN_POINT ( 'NONE',  ( -5.729759561962193715, 0.6500000000000000222, -2.165000000000000036 ) ) ;
#4012 = VECTOR ( 'NONE', #4890, 1000.000000000000000 ) ;
#4013 = LINE ( 'NONE', #4102, #7417 ) ;
#4014 = AXIS2_PLACEMENT_3D ( 'NONE', #8843, #5216, #8794 ) ;
#4015 = CARTESIAN_POINT ( 'NONE',  ( -4.688607719548555153, 1.149999999999999911, 1.570000000000000284 ) ) ;
#4016 = VERTEX_POINT ( 'NONE', #6620 ) ;
#4017 = FACE_OUTER_BOUND ( 'NONE', #5583, .T. ) ;
#4018 = VERTEX_POINT ( 'NONE', #5919 ) ;
#4019 = CYLINDRICAL_SURFACE ( 'NONE', #6799, 0.4499999999999999001 ) ;
#4020 = DIRECTION ( 'NONE',  ( -2.891205793294679312E-16, 0.000000000000000000, 1.000000000000000000 ) ) ;
#4021 = VERTEX_POINT ( 'NONE', #3419 ) ;
#4022 = CIRCLE ( 'NONE', #8125, 1.000000000000000000 ) ;
#4023 = FILL_AREA_STYLE ('',( #6033 ) ) ;
#4024 = CARTESIAN_POINT ( 'NONE',  ( -4.479866786035785253, -0.5500584762268876382, 1.570000000000000284 ) ) ;
#4025 = CIRCLE ( 'NONE', #7541, 0.5000000000000004441 ) ;
#4026 = VERTEX_POINT ( 'NONE', #5237 ) ;
#4027 = DIRECTION ( 'NONE',  ( -0.000000000000000000, -0.000000000000000000, 1.000000000000000000 ) ) ;
#4028 = VERTEX_POINT ( 'NONE', #982 ) ;
#4029 = ORIENTED_EDGE ( 'NONE', *, *, #7674, .T. ) ;
#4030 = VERTEX_POINT ( 'NONE', #8723 ) ;
#4031 = FACE_OUTER_BOUND ( 'NONE', #4700, .T. ) ;
#4032 = LINE ( 'NONE', #7602, #6193 ) ;
#4033 = CARTESIAN_POINT ( 'NONE',  ( -9.249999999999996447, 0.4987820251299122654, -0.2999999999999999334 ) ) ;
#4034 = VERTEX_POINT ( 'NONE', #8544 ) ;
#4035 = DIRECTION ( 'NONE',  ( -0.000000000000000000, -0.000000000000000000, -1.000000000000000000 ) ) ;
#4036 = VECTOR ( 'NONE', #100, 1000.000000000000000 ) ;
#4037 = EDGE_CURVE ( 'NONE', #271, #4801, #2455, .T. ) ;
#4038 = EDGE_CURVE ( 'NONE', #8661, #4855, #7994, .T. ) ;
#4039 = CARTESIAN_POINT ( 'NONE',  ( 6.988607719548549646, 3.229999999999999982, 1.499999999999999778 ) ) ;
#4040 = VECTOR ( 'NONE', #1358, 1000.000000000000000 ) ;
#4041 = FACE_OUTER_BOUND ( 'NONE', #4592, .T. ) ;
#4042 = VECTOR ( 'NONE', #168, 1000.000000000000000 ) ;
#4043 = ORIENTED_EDGE ( 'NONE', *, *, #2436, .F. ) ;
#4044 = ORIENTED_EDGE ( 'NONE', *, *, #7957, .T. ) ;
#4045 = LINE ( 'NONE', #1857, #3934 ) ;
#4046 = EDGE_LOOP ( 'NONE', ( #675, #4541, #6109, #8950 ) ) ;
#4047 = CARTESIAN_POINT ( 'NONE',  ( -5.729759561962193715, 0.6500000000000000222, 4.110000000000000320 ) ) ;
#4048 = ADVANCED_FACE ( 'NONE', ( #4510 ), #2366, .T. ) ;
#4050 = DIRECTION ( 'NONE',  ( -1.000000000000000000, -2.082697505432185440E-16, 0.000000000000000000 ) ) ;
#4049 = CARTESIAN_POINT ( 'NONE',  ( 9.250000000000001776, 3.229999999999999982, 1.499999999999999556 ) ) ;
#4051 = DIRECTION ( 'NONE',  ( -1.000000000000000000, 0.000000000000000000, 0.000000000000000000 ) ) ;
#4052 = CARTESIAN_POINT ( 'NONE',  ( -9.215121763127934074, -1.084202172485504434E-16, 0.9700000000000004174 ) ) ;
#4053 = EDGE_CURVE ( 'NONE', #5892, #4813, #3764, .T. ) ;
#4054 = ORIENTED_EDGE ( 'NONE', *, *, #7750, .F. ) ;
#4055 = VERTEX_POINT ( 'NONE', #7862 ) ;
#4056 = SURFACE_STYLE_USAGE ( .BOTH. , #8135 ) ;
#4057 = AXIS2_PLACEMENT_3D ( 'NONE', #5819, #8622, #6890 ) ;
#4058 = EDGE_CURVE ( 'NONE', #3830, #4929, #2281, .T. ) ;
#4059 = DIRECTION ( 'NONE',  ( -0.000000000000000000, -0.000000000000000000, -1.000000000000000000 ) ) ;
#4060 = DIRECTION ( 'NONE',  ( 0.000000000000000000, -1.000000000000000000, 0.000000000000000000 ) ) ;
#4061 = EDGE_CURVE ( 'NONE', #8564, #7048, #5872, .T. ) ;
#4062 = ORIENTED_EDGE ( 'NONE', *, *, #8798, .T. ) ;
#4063 = CARTESIAN_POINT ( 'NONE',  ( -4.344608113321960730, 1.649999999999999245, -6.680000000000001492 ) ) ;
#4064 = ORIENTED_EDGE ( 'NONE', *, *, #113, .F. ) ;
#4065 = LINE ( 'NONE', #2698, #7671 ) ;
#4066 = DIRECTION ( 'NONE',  ( 0.000000000000000000, 1.000000000000000000, 0.000000000000000000 ) ) ;
#4067 = FACE_OUTER_BOUND ( 'NONE', #610, .T. ) ;
#4068 = FACE_OUTER_BOUND ( 'NONE', #6804, .T. ) ;
#4069 = DIRECTION ( 'NONE',  ( 0.3746065934158985811, 0.9271838545667927534, 0.000000000000000000 ) ) ;
#4070 = ORIENTED_EDGE ( 'NONE', *, *, #7704, .T. ) ;
#4071 = CARTESIAN_POINT ( 'NONE',  ( -6.742991448951236144, 0.8950308918860907514, -2.915000000000000036 ) ) ;
#4072 = ORIENTED_EDGE ( 'NONE', *, *, #5403, .F. ) ;
#4073 = ORIENTED_EDGE ( 'NONE', *, *, #5351, .F. ) ;
#4074 = ORIENTED_EDGE ( 'NONE', *, *, #8570, .T. ) ;
#4075 = CYLINDRICAL_SURFACE ( 'NONE', #914, 1.000000000000000000 ) ;
#4076 = CARTESIAN_POINT ( 'NONE',  ( -2.399999999999997691, 3.229999999999999982, -5.750000000000000000 ) ) ;
#4077 = LINE ( 'NONE', #2, #2351 ) ;
#4078 = EDGE_LOOP ( 'NONE', ( #3620, #6320, #6378, #2995 ) ) ;
#4079 = CARTESIAN_POINT ( 'NONE',  ( 0.000000000000000000, 1.649999999999999911, 4.110000000000000320 ) ) ;
#4080 = CARTESIAN_POINT ( 'NONE',  ( -7.106247677099330140, 0.1474668416262637505, -0.9699999999999999734 ) ) ;
#4081 = CARTESIAN_POINT ( 'NONE',  ( -7.106247677099330140, 0.1474668416262637505, 0.2999999999999999334 ) ) ;
#4082 = VECTOR ( 'NONE', #1301, 1000.000000000000000 ) ;
#4083 = ADVANCED_FACE ( 'NONE', ( #1773 ), #6484, .F. ) ;
#4084 = EDGE_CURVE ( 'NONE', #4497, #8674, #4559, .T. ) ;
#4085 = ORIENTED_EDGE ( 'NONE', *, *, #471, .F. ) ;
#4086 = ORIENTED_EDGE ( 'NONE', *, *, #4222, .F. ) ;
#4087 = CARTESIAN_POINT ( 'NONE',  ( 8.350000000000001421, 2.729999999999999982, -4.349999999999999645 ) ) ;
#4088 = ORIENTED_EDGE ( 'NONE', *, *, #6970, .T. ) ;
#4089 = LINE ( 'NONE', #8999, #4371 ) ;
#4090 = AXIS2_PLACEMENT_3D ( 'NONE', #8569, #6336, #1535 ) ;
#4092 = DIRECTION ( 'NONE',  ( -1.000000000000000000, 0.000000000000000000, 3.614007241618348278E-16 ) ) ;
#4091 = PLANE ( 'NONE',  #5043 ) ;
#4093 = DIRECTION ( 'NONE',  ( -0.000000000000000000, -0.000000000000000000, -1.000000000000000000 ) ) ;
#4094 = LINE ( 'NONE', #579, #2813 ) ;
#4095 = EDGE_CURVE ( 'NONE', #4496, #6013, #1078, .T. ) ;
#4096 = AXIS2_PLACEMENT_3D ( 'NONE', #7507, #1378, #2789 ) ;
#4097 = ORIENTED_EDGE ( 'NONE', *, *, #2276, .F. ) ;
#4098 = VERTEX_POINT ( 'NONE', #5788 ) ;
#4099 =( LENGTH_UNIT ( ) NAMED_UNIT ( * ) SI_UNIT ( .MILLI., .METRE. ) );
#4100 = AXIS2_PLACEMENT_3D ( 'NONE', #554, #7551, #1142 ) ;
#4101 = ADVANCED_FACE ( 'NONE', ( #8592 ), #2325, .T. ) ;
#4102 = CARTESIAN_POINT ( 'NONE',  ( 9.250000000000001776, 0.4987820251299121543, -6.999999999999999112 ) ) ;
#4103 = VECTOR ( 'NONE', #3647, 1000.000000000000000 ) ;
#4104 = DIRECTION ( 'NONE',  ( -0.000000000000000000, -0.000000000000000000, -1.000000000000000000 ) ) ;
#4105 = ORIENTED_EDGE ( 'NONE', *, *, #7128, .T. ) ;
#4106 = LINE ( 'NONE', #1183, #1800 ) ;
#4107 = EDGE_LOOP ( 'NONE', ( #1832 ) ) ;
#4108 = EDGE_CURVE ( 'NONE', #7823, #1976, #4423, .T. ) ;
#4109 = EDGE_LOOP ( 'NONE', ( #1175, #8548, #6882, #6492 ) ) ;
#4110 = DIRECTION ( 'NONE',  ( 0.000000000000000000, 1.000000000000000000, 0.000000000000000000 ) ) ;
#4111 = DIRECTION ( 'NONE',  ( 1.000000000000000000, 0.000000000000000000, 2.891205793294679312E-16 ) ) ;
#4112 = EDGE_CURVE ( 'NONE', #3967, #8942, #6527, .T. ) ;
#4113 = AXIS2_PLACEMENT_3D ( 'NONE', #5246, #505, #2421 ) ;
#4114 = DIRECTION ( 'NONE',  ( 0.9975640502598243087, 0.06975647374412489998, 0.000000000000000000 ) ) ;
#4115 = LINE ( 'NONE', #5486, #8127 ) ;
#4116 = VERTEX_POINT ( 'NONE', #8232 ) ;
#4117 = DIRECTION ( 'NONE',  ( -0.000000000000000000, -0.000000000000000000, -1.000000000000000000 ) ) ;
#4118 = VECTOR ( 'NONE', #893, 1000.000000000000000 ) ;
#4119 = VERTEX_POINT ( 'NONE', #5288 ) ;
#4120 = ORIENTED_EDGE ( 'NONE', *, *, #5668, .F. ) ;
#4121 = VERTEX_POINT ( 'NONE', #8139 ) ;
#4122 = CARTESIAN_POINT ( 'NONE',  ( -4.750000000000005329, 1.649999999999999911, -1.569999999999999840 ) ) ;
#4123 = CARTESIAN_POINT ( 'NONE',  ( 9.250000000000001776, 0.5710797198524953933, 5.966094796642694043 ) ) ;
#4124 = LINE ( 'NONE', #1985, #7908 ) ;
#4125 = VERTEX_POINT ( 'NONE', #5339 ) ;
#4126 = LINE ( 'NONE', #4734, #2631 ) ;
#4127 = VECTOR ( 'NONE', #3671, 1000.000000000000000 ) ;
#4128 = PLANE ( 'NONE',  #8051 ) ;
#4129 = PLANE ( 'NONE',  #7979 ) ;
#4130 = ORIENTED_EDGE ( 'NONE', *, *, #2632, .F. ) ;
#4131 = VECTOR ( 'NONE', #2245, 1000.000000000000000 ) ;
#4132 = VERTEX_POINT ( 'NONE', #1131 ) ;
#4133 = CARTESIAN_POINT ( 'NONE',  ( -5.729759561962193715, 1.149999999999999689, -4.110000000000000320 ) ) ;
#4134 = EDGE_LOOP ( 'NONE', ( #4836 ) ) ;
#4135 = VECTOR ( 'NONE', #5699, 999.9999999999998863 ) ;
#4136 = LINE ( 'NONE', #7531, #6137 ) ;
#4137 = CIRCLE ( 'NONE', #918, 0.4999999999999995559 ) ;
#4139 = PLANE ( 'NONE',  #1113 ) ;
#4138 = CARTESIAN_POINT ( 'NONE',  ( 0.000000000000000000, 1.649999999999999911, -4.110000000000000320 ) ) ;
#4140 = DIRECTION ( 'NONE',  ( -0.4999999999999965583, -0.8660254037844405950, 0.000000000000000000 ) ) ;
#4141 = CARTESIAN_POINT ( 'NONE',  ( 8.350000000000001421, 3.729999999999999982, -4.349999999999999645 ) ) ;
#4142 = ORIENTED_EDGE ( 'NONE', *, *, #6723, .F. ) ;
#4143 =( GEOMETRIC_REPRESENTATION_CONTEXT ( 3 ) GLOBAL_UNCERTAINTY_ASSIGNED_CONTEXT ( ( #3059 ) ) GLOBAL_UNIT_ASSIGNED_CONTEXT ( ( #5485, #8832, #8150 ) ) REPRESENTATION_CONTEXT ( 'NONE', 'WORKASPACE' ) );
#4144 = ORIENTED_EDGE ( 'NONE', *, *, #7579, .F. ) ;
#4145 = DIRECTION ( 'NONE',  ( 0.000000000000000000, 0.000000000000000000, 1.000000000000000000 ) ) ;
#4146 = EDGE_CURVE ( 'NONE', #2415, #8935, #6853, .T. ) ;
#4147 = EDGE_CURVE ( 'NONE', #1273, #4972, #6257, .T. ) ;
#4148 = DIRECTION ( 'NONE',  ( -0.000000000000000000, 0.000000000000000000, 1.000000000000000000 ) ) ;
#4149 = CARTESIAN_POINT ( 'NONE',  ( -0.07971870264047217769, 1.140030560879458754, 0.9700000000000004174 ) ) ;
#4150 = ORIENTED_EDGE ( 'NONE', *, *, #4765, .T. ) ;
#4151 = CARTESIAN_POINT ( 'NONE',  ( 8.990000000000001990, 3.229999999999999982, -2.000000000000000000 ) ) ;
#4152 = ORIENTED_EDGE ( 'NONE', *, *, #544, .T. ) ;
#4153 = CARTESIAN_POINT ( 'NONE',  ( 5.838607719548550179, 3.729999999999999982, -0.9999999999999995559 ) ) ;
#4154 = LINE ( 'NONE', #6314, #4404 ) ;
#4155 = EDGE_CURVE ( 'NONE', #250, #2627, #1179, .T. ) ;
#4156 = AXIS2_PLACEMENT_3D ( 'NONE', #1846, #5361, #6641 ) ;
#4157 = FACE_OUTER_BOUND ( 'NONE', #779, .T. ) ;
#4158 = LINE ( 'NONE', #524, #2280 ) ;
#4159 = PLANE ( 'NONE',  #2431 ) ;
#4160 = ORIENTED_EDGE ( 'NONE', *, *, #5676, .T. ) ;
#4161 = DIRECTION ( 'NONE',  ( 0.000000000000000000, 0.000000000000000000, 1.000000000000000000 ) ) ;
#4162 = ADVANCED_FACE ( 'NONE', ( #1916 ), #1318, .F. ) ;
#4163 = ORIENTED_EDGE ( 'NONE', *, *, #8520, .T. ) ;
#4164 = VECTOR ( 'NONE', #608, 1000.000000000000000 ) ;
#4165 = ORIENTED_EDGE ( 'NONE', *, *, #5044, .F. ) ;
#4166 = DIRECTION ( 'NONE',  ( 1.000000000000000000, 0.000000000000000000, 0.000000000000000000 ) ) ;
#4167 = DIRECTION ( 'NONE',  ( 1.000000000000000000, 0.000000000000000000, 0.000000000000000000 ) ) ;
#4168 = ORIENTED_EDGE ( 'NONE', *, *, #6339, .F. ) ;
#4169 = LINE ( 'NONE', #7056, #4690 ) ;
#4170 = AXIS2_PLACEMENT_3D ( 'NONE', #474, #6645, #8849 ) ;
#4171 = DIRECTION ( 'NONE',  ( -0.000000000000000000, 0.000000000000000000, 1.000000000000000000 ) ) ;
#4172 = EDGE_CURVE ( 'NONE', #8251, #960, #6811, .T. ) ;
#4173 = CARTESIAN_POINT ( 'NONE',  ( 5.700000000000001066, 3.229999999999999982, -5.749999999999999112 ) ) ;
#4174 = EDGE_CURVE ( 'NONE', #4516, #571, #2385, .T. ) ;
#4175 = AXIS2_PLACEMENT_3D ( 'NONE', #6713, #3317, #6896 ) ;
#4176 = VECTOR ( 'NONE', #1480, 1000.000000000000000 ) ;
#4177 = ORIENTED_EDGE ( 'NONE', *, *, #8117, .T. ) ;
#4178 = FACE_OUTER_BOUND ( 'NONE', #4134, .T. ) ;
#4179 = ORIENTED_EDGE ( 'NONE', *, *, #6562, .F. ) ;
#4180 = FACE_OUTER_BOUND ( 'NONE', #2258, .T. ) ;
#4181 = AXIS2_PLACEMENT_3D ( 'NONE', #1466, #8379, #2919 ) ;
#4183 = DIRECTION ( 'NONE',  ( 0.000000000000000000, 1.000000000000000000, 0.000000000000000000 ) ) ;
#4182 = CARTESIAN_POINT ( 'NONE',  ( -2.399999999999998135, 3.229999999999999982, -6.200000000000000178 ) ) ;
#4184 = VECTOR ( 'NONE', #1279, 1000.000000000000114 ) ;
#4185 = CARTESIAN_POINT ( 'NONE',  ( -4.479866786035785253, -0.5500584762268876382, -2.839999999999999858 ) ) ;
#4186 = ORIENTED_EDGE ( 'NONE', *, *, #5042, .T. ) ;
#4187 = VERTEX_POINT ( 'NONE', #3359 ) ;
#4188 = VERTEX_POINT ( 'NONE', #585 ) ;
#4189 = DIRECTION ( 'NONE',  ( 0.000000000000000000, 1.000000000000000000, 0.000000000000000000 ) ) ;
#4190 = CARTESIAN_POINT ( 'NONE',  ( 9.250000000000001776, 3.229999999999999982, -1.499999999999999556 ) ) ;
#4191 = CARTESIAN_POINT ( 'NONE',  ( 6.988607719548549646, 3.229999999999999982, 0.000000000000000000 ) ) ;
#4192 = DIRECTION ( 'NONE',  ( 0.000000000000000000, 1.000000000000000000, 0.000000000000000000 ) ) ;
#4193 = ORIENTED_EDGE ( 'NONE', *, *, #4214, .F. ) ;
#4194 = CARTESIAN_POINT ( 'NONE',  ( -4.479866786035785253, -0.5500584762268876382, 4.110000000000000320 ) ) ;
#4195 = AXIS2_PLACEMENT_3D ( 'NONE', #7215, #4512, #1645 ) ;
#4197 = ORIENTED_EDGE ( 'NONE', *, *, #2219, .F. ) ;
#4196 = EDGE_CURVE ( 'NONE', #4352, #2288, #4137, .T. ) ;
#4198 = EDGE_CURVE ( 'NONE', #8720, #7598, #1825, .T. ) ;
#4199 = DIRECTION ( 'NONE',  ( 0.000000000000000000, 1.000000000000000000, 0.000000000000000000 ) ) ;
#4200 = CARTESIAN_POINT ( 'NONE',  ( 6.150000000000001243, 3.229999999999999982, 5.749999999999999112 ) ) ;
#4201 = CARTESIAN_POINT ( 'NONE',  ( -6.162772263854414234, 0.8999999999999971356, -0.3750000000000003331 ) ) ;
#4202 = VECTOR ( 'NONE', #2998, 1000.000000000000000 ) ;
#4203 = PLANE ( 'NONE',  #3300 ) ;
#4204 = DIRECTION ( 'NONE',  ( 0.000000000000000000, 0.000000000000000000, 1.000000000000000000 ) ) ;
#4205 = ORIENTED_EDGE ( 'NONE', *, *, #6192, .F. ) ;
#4206 = CARTESIAN_POINT ( 'NONE',  ( -5.729759561962193715, 0.6500000000000000222, 3.434999999999999609 ) ) ;
#4207 = ADVANCED_FACE ( 'NONE', ( #3176 ), #4609, .F. ) ;
#4208 = ORIENTED_EDGE ( 'NONE', *, *, #3536, .T. ) ;
#4209 = ORIENTED_EDGE ( 'NONE', *, *, #6298, .T. ) ;
#4210 = LINE ( 'NONE', #8298, #1067 ) ;
#4211 = DIRECTION ( 'NONE',  ( 0.000000000000000000, 1.000000000000000000, 0.000000000000000000 ) ) ;
#4212 = ORIENTED_EDGE ( 'NONE', *, *, #1060, .F. ) ;
#4213 = DIRECTION ( 'NONE',  ( -0.06975647374412492774, 0.9975640502598243087, 0.000000000000000000 ) ) ;
#4214 = EDGE_CURVE ( 'NONE', #1577, #7036, #8183, .T. ) ;
#4215 = PLANE ( 'NONE',  #4843 ) ;
#4216 = DIRECTION ( 'NONE',  ( -0.000000000000000000, 1.000000000000000000, -0.000000000000000000 ) ) ;
#4217 = APPLICATION_CONTEXT ( 'automotive_design' ) ;
#4218 = VERTEX_POINT ( 'NONE', #4707 ) ;
#4219 = DIRECTION ( 'NONE',  ( 0.1210806308883181637, 0.9861226036721776333, 0.1135856124273316309 ) ) ;
#4220 = ORIENTED_EDGE ( 'NONE', *, *, #7747, .F. ) ;
#4221 = DIRECTION ( 'NONE',  ( 1.000000000000000000, 0.000000000000000000, 0.000000000000000000 ) ) ;
#4222 = EDGE_CURVE ( 'NONE', #8385, #4121, #3959, .T. ) ;
#4224 = LINE ( 'NONE', #3533, #7840 ) ;
#4223 = CARTESIAN_POINT ( 'NONE',  ( 4.570000000000002061, 0.05000000000000000278, 4.500000000000000000 ) ) ;
#4225 = EDGE_CURVE ( 'NONE', #8744, #1673, #7542, .T. ) ;
#4226 = CARTESIAN_POINT ( 'NONE',  ( -4.750000000000005329, 1.649999999999999911, 4.110000000000000320 ) ) ;
#4227 = ORIENTED_EDGE ( 'NONE', *, *, #4323, .F. ) ;
#4228 = ORIENTED_EDGE ( 'NONE', *, *, #2886, .F. ) ;
#4229 = ORIENTED_EDGE ( 'NONE', *, *, #476, .F. ) ;
#4230 = PLANE ( 'NONE',  #7828 ) ;
#4231 = MANIFOLD_SOLID_BREP ( 'Boss-Extrude7', #8217 ) ;
#4232 = AXIS2_PLACEMENT_3D ( 'NONE', #7106, #145, #5599 ) ;
#4233 = DIRECTION ( 'NONE',  ( -0.8660254037844407060, 0.4999999999999966138, 0.000000000000000000 ) ) ;
#4234 = PLANE ( 'NONE',  #3893 ) ;
#4235 = CARTESIAN_POINT ( 'NONE',  ( 5.050000000000002487, 3.729999999999999982, 6.200000000000000178 ) ) ;
#4236 = ORIENTED_EDGE ( 'NONE', *, *, #7773, .F. ) ;
#4237 = VECTOR ( 'NONE', #6928, 1000.000000000000114 ) ;
#4238 = ORIENTED_EDGE ( 'NONE', *, *, #252, .T. ) ;
#4239 = CARTESIAN_POINT ( 'NONE',  ( -6.595784965746635642, 1.149999999999994138, -3.435000000000000497 ) ) ;
#4240 = DIRECTION ( 'NONE',  ( 0.000000000000000000, 1.000000000000000000, 0.000000000000000000 ) ) ;
#4241 = CIRCLE ( 'NONE', #5242, 0.4499999999999999001 ) ;
#4242 =( LENGTH_UNIT ( ) NAMED_UNIT ( * ) SI_UNIT ( .MILLI., .METRE. ) );
#4243 = EDGE_CURVE ( 'NONE', #1125, #5650, #6068, .T. ) ;
#4244 = CARTESIAN_POINT ( 'NONE',  ( -9.249999999999996447, 0.4987820251299122654, 4.110000000000000320 ) ) ;
#4245 = CARTESIAN_POINT ( 'NONE',  ( -5.729759561962193715, 1.149999999999999689, 2.915000000000000036 ) ) ;
#4246 = VERTEX_POINT ( 'NONE', #805 ) ;
#4247 = FACE_OUTER_BOUND ( 'NONE', #4695, .T. ) ;
#4248 = EDGE_LOOP ( 'NONE', ( #772, #1994, #7300, #8891 ) ) ;
#4249 = ORIENTED_EDGE ( 'NONE', *, *, #4384, .T. ) ;
#4250 = AXIS2_PLACEMENT_3D ( 'NONE', #8754, #2628, #8122 ) ;
#4251 = LINE ( 'NONE', #3731, #6765 ) ;
#4252 = DIRECTION ( 'NONE',  ( 0.000000000000000000, 1.000000000000000000, 0.000000000000000000 ) ) ;
#4253 = VERTEX_POINT ( 'NONE', #2054 ) ;
#4254 = DIRECTION ( 'NONE',  ( 0.000000000000000000, 1.000000000000000000, 0.000000000000000000 ) ) ;
#4255 = VECTOR ( 'NONE', #4433, 1000.000000000000000 ) ;
#4256 = CLOSED_SHELL ( 'NONE', ( #5283, #7978, #1271, #2409, #923, #7184, #4600, #5567, #1150, #2191, #7904, #7287, #761, #4450, #1630, #521, #4363, #1410, #6628, #866, #4896, #548 ) ) ;
#4257 = DIRECTION ( 'NONE',  ( -0.000000000000000000, -0.000000000000000000, -1.000000000000000000 ) ) ;
#4258 = EDGE_CURVE ( 'NONE', #4663, #8076, #5691, .T. ) ;
#4259 = VECTOR ( 'NONE', #372, 1000.000000000000000 ) ;
#4260 = DIRECTION ( 'NONE',  ( 0.000000000000000000, -1.000000000000000000, 0.000000000000000000 ) ) ;
#4261 = EDGE_CURVE ( 'NONE', #5462, #735, #4963, .T. ) ;
#4262 = VECTOR ( 'NONE', #7727, 1000.000000000000000 ) ;
#4263 = ORIENTED_EDGE ( 'NONE', *, *, #225, .F. ) ;
#4264 = CARTESIAN_POINT ( 'NONE',  ( 4.570000000000002061, 0.05000000000000000278, -4.499999999999998224 ) ) ;
#4265 = ORIENTED_EDGE ( 'NONE', *, *, #8923, .F. ) ;
#4266 = DIRECTION ( 'NONE',  ( 1.000000000000000000, 0.000000000000000000, 0.000000000000000000 ) ) ;
#4267 = VECTOR ( 'NONE', #852, 1000.000000000000000 ) ;
#4268 = EDGE_CURVE ( 'NONE', #7199, #5792, #5300, .T. ) ;
#4270 = PLANE ( 'NONE',  #3877 ) ;
#4269 = PLANE ( 'NONE',  #1988 ) ;
#4271 = DIRECTION ( 'NONE',  ( -0.000000000000000000, -0.000000000000000000, -1.000000000000000000 ) ) ;
#4272 = VECTOR ( 'NONE', #3181, 1000.000000000000000 ) ;
#4273 = VECTOR ( 'NONE', #3248, 1000.000000000000000 ) ;
#4274 = EDGE_LOOP ( 'NONE', ( #6838, #5319, #7669, #5479, #7337, #5372, #927, #6514, #6696, #1955, #3027, #3232, #448, #6074, #3739, #4388 ) ) ;
#4275 = ADVANCED_FACE ( 'NONE', ( #6303 ), #3542, .F. ) ;
#4276 = ORIENTED_EDGE ( 'NONE', *, *, #8993, .T. ) ;
#4277 = ORIENTED_EDGE ( 'NONE', *, *, #954, .T. ) ;
#4278 = DIRECTION ( 'NONE',  ( 0.000000000000000000, -1.000000000000000000, 0.000000000000000000 ) ) ;
#4279 = AXIS2_PLACEMENT_3D ( 'NONE', #4573, #7368, #4719 ) ;
#4280 = CARTESIAN_POINT ( 'NONE',  ( 8.349999999999999645, 0.4987820251299121543, 6.999999999999999112 ) ) ;
#4281 = DIRECTION ( 'NONE',  ( -0.000000000000000000, -0.000000000000000000, -1.000000000000000000 ) ) ;
#4282 = MECHANICAL_DESIGN_GEOMETRIC_PRESENTATION_REPRESENTATION (  '', ( #6925 ), #4143 ) ;
#4283 = ORIENTED_EDGE ( 'NONE', *, *, #2962, .F. ) ;
#4284 = DIRECTION ( 'NONE',  ( -0.4999999999999974465, -0.8660254037844400399, -0.000000000000000000 ) ) ;
#4285 = EDGE_CURVE ( 'NONE', #3710, #1322, #6207, .T. ) ;
#4286 = ORIENTED_EDGE ( 'NONE', *, *, #3127, .T. ) ;
#4287 = DIRECTION ( 'NONE',  ( -0.000000000000000000, 0.000000000000000000, 1.000000000000000000 ) ) ;
#4288 = EDGE_LOOP ( 'NONE', ( #3984, #6828, #4472, #4750, #7876, #2038, #7925, #4438, #6927, #48, #6274, #6399, #426, #2112, #4530, #2527, #6366, #6101, #437, #4054, #8948, #637, #3955, #2925, #2597, #7350, #2840, #4130 ) ) ;
#4289 =( NAMED_UNIT ( * ) PLANE_ANGLE_UNIT ( ) SI_UNIT ( $, .RADIAN. ) );
#4290 = MANIFOLD_SOLID_BREP ( 'LPattern1[1]', #4705 ) ;
#4291 = CARTESIAN_POINT ( 'NONE',  ( -7.141125913971392514, 0.6462488667561758771, 0.2999999999999999334 ) ) ;
#4292 = DIRECTION ( 'NONE',  ( 1.000000000000000000, 0.000000000000000000, -2.891205793294679312E-16 ) ) ;
#4293 = DIRECTION ( 'NONE',  ( 0.000000000000000000, -1.000000000000000000, 0.000000000000000000 ) ) ;
#4294 = EDGE_LOOP ( 'NONE', ( #5548, #6388, #7267, #2207 ) ) ;
#4295 = CARTESIAN_POINT ( 'NONE',  ( -0.04484046576840968606, 0.6412485357495464333, 1.570000000000000284 ) ) ;
#4296 = ORIENTED_EDGE ( 'NONE', *, *, #6148, .F. ) ;
#4297 = EDGE_LOOP ( 'NONE', ( #1429, #5943, #5295, #8088 ) ) ;
#4298 = FACE_OUTER_BOUND ( 'NONE', #6204, .T. ) ;
#4299 = CARTESIAN_POINT ( 'NONE',  ( -0.04484046576840968606, 0.6412485357495464333, 2.840000000000000302 ) ) ;
#4300 = ORIENTED_EDGE ( 'NONE', *, *, #3374, .T. ) ;
#4301 = LINE ( 'NONE', #830, #4968 ) ;
#4302 = CARTESIAN_POINT ( 'NONE',  ( 0.3500000000000021982, 3.229999999999999982, -6.199999999999999289 ) ) ;
#4303 = CARTESIAN_POINT ( 'NONE',  ( -2.849999999999997424, 3.229999999999999982, 6.199999999999999289 ) ) ;
#4304 = ORIENTED_EDGE ( 'NONE', *, *, #2529, .F. ) ;
#4305 = DIRECTION ( 'NONE',  ( 0.000000000000000000, 1.000000000000000000, 0.000000000000000000 ) ) ;
#4306 = ORIENTED_EDGE ( 'NONE', *, *, #5377, .F. ) ;
#4307 = DIRECTION ( 'NONE',  ( -0.000000000000000000, -0.06975647374412527468, 0.9975640502598241977 ) ) ;
#4308 = ADVANCED_FACE ( 'NONE', ( #2737 ), #6947, .T. ) ;
#4309 = EDGE_CURVE ( 'NONE', #313, #571, #8323, .T. ) ;
#4310 = VECTOR ( 'NONE', #6699, 1000.000000000000000 ) ;
#4312 = DIRECTION ( 'NONE',  ( 0.000000000000000000, 0.000000000000000000, -1.000000000000000000 ) ) ;
#4311 = FACE_OUTER_BOUND ( 'NONE', #4107, .T. ) ;
#4313 = VECTOR ( 'NONE', #1544, 1000.000000000000000 ) ;
#4314 = CARTESIAN_POINT ( 'NONE',  ( -5.729759561962193715, 1.149999999999999689, -4.185000000000000497 ) ) ;
#4315 = AXIS2_PLACEMENT_3D ( 'NONE', #8648, #7318, #5933 ) ;
#4316 = VERTEX_POINT ( 'NONE', #3455 ) ;
#4317 = EDGE_CURVE ( 'NONE', #3057, #6389, #7032, .T. ) ;
#4318 = ORIENTED_EDGE ( 'NONE', *, *, #8908, .F. ) ;
#4319 = EDGE_LOOP ( 'NONE', ( #8439, #5333, #1293, #5686 ) ) ;
#4320 = CARTESIAN_POINT ( 'NONE',  ( 6.988607719548549646, 3.229999999999999982, -1.499999999999999778 ) ) ;
#4321 = VECTOR ( 'NONE', #3508, 1000.000000000000000 ) ;
#4322 = FILL_AREA_STYLE_COLOUR ( '', #4874 ) ;
#4323 = EDGE_CURVE ( 'NONE', #5101, #5257, #6259, .T. ) ;
#4324 = CIRCLE ( 'NONE', #7982, 1.000000000000000000 ) ;
#4325 = CARTESIAN_POINT ( 'NONE',  ( -4.750000000000005329, 1.649999999999999911, 0.2999999999999999334 ) ) ;
#4326 = DIRECTION ( 'NONE',  ( 0.000000000000000000, 0.000000000000000000, -1.000000000000000000 ) ) ;
#4327 = ORIENTED_EDGE ( 'NONE', *, *, #7222, .T. ) ;
#4328 = CARTESIAN_POINT ( 'NONE',  ( -7.176004150843455776, 1.145030891886088309, 4.110000000000000320 ) ) ;
#4329 = ORIENTED_EDGE ( 'NONE', *, *, #1428, .F. ) ;
#4330 = LINE ( 'NONE', #813, #7345 ) ;
#4331 = EDGE_CURVE ( 'NONE', #4825, #6387, #8365, .T. ) ;
#4332 = EDGE_CURVE ( 'NONE', #2216, #7115, #7718, .T. ) ;
#4333 = CARTESIAN_POINT ( 'NONE',  ( -5.729759561962193715, 1.649999999999999911, 2.240000000000000657 ) ) ;
#4334 = FACE_OUTER_BOUND ( 'NONE', #1227, .T. ) ;
#4335 = LINE ( 'NONE', #734, #6666 ) ;
#4336 = VECTOR ( 'NONE', #4059, 1000.000000000000000 ) ;
#4337 = ORIENTED_EDGE ( 'NONE', *, *, #7957, .F. ) ;
#4339 = VECTOR ( 'NONE', #1080, 1000.000000000000114 ) ;
#4338 = DIRECTION ( 'NONE',  ( -0.000000000000000000, -0.000000000000000000, -1.000000000000000000 ) ) ;
#4340 = ORIENTED_EDGE ( 'NONE', *, *, #6061, .T. ) ;
#4341 = ORIENTED_EDGE ( 'NONE', *, *, #5542, .T. ) ;
#4342 = FACE_OUTER_BOUND ( 'NONE', #6502, .T. ) ;
#4343 = CARTESIAN_POINT ( 'NONE',  ( 6.150000000000001243, 3.729999999999999982, 3.899999999999999467 ) ) ;
#4344 = ORIENTED_EDGE ( 'NONE', *, *, #7283, .F. ) ;
#4345 = PLANE ( 'NONE',  #743 ) ;
#4346 = AXIS2_PLACEMENT_3D ( 'NONE', #4011, #8965, #4660 ) ;
#4347 = LINE ( 'NONE', #6414, #4103 ) ;
#4348 = DIRECTION ( 'NONE',  ( 0.000000000000000000, 0.000000000000000000, -1.000000000000000000 ) ) ;
#4349 = EDGE_LOOP ( 'NONE', ( #89, #7596, #4072, #1771 ) ) ;
#4350 = ORIENTED_EDGE ( 'NONE', *, *, #477, .F. ) ;
#4351 = CARTESIAN_POINT ( 'NONE',  ( 6.150000000000001243, 3.229999999999999982, 5.749999999999999112 ) ) ;
#4352 = VERTEX_POINT ( 'NONE', #2185 ) ;
#4353 = CARTESIAN_POINT ( 'NONE',  ( 3.774478171836572304, 2.729999999999999982, -4.349999999999999645 ) ) ;
#4355 = DIRECTION ( 'NONE',  ( -1.000000000000000000, 0.000000000000000000, -3.614007241618348278E-16 ) ) ;
#4354 = CARTESIAN_POINT ( 'NONE',  ( -0.07971870264047217769, 1.140030560879458754, -0.9699999999999999734 ) ) ;
#4356 = EDGE_CURVE ( 'NONE', #1166, #3107, #7920, .T. ) ;
#4357 = EDGE_CURVE ( 'NONE', #6472, #703, #5800, .T. ) ;
#4358 = ORIENTED_EDGE ( 'NONE', *, *, #7006, .T. ) ;
#4359 = ORIENTED_EDGE ( 'NONE', *, *, #6946, .F. ) ;
#4360 = VERTEX_POINT ( 'NONE', #2467 ) ;
#4361 = CARTESIAN_POINT ( 'NONE',  ( 5.700000000000001066, 3.229999999999999982, -5.749999999999999112 ) ) ;
#4362 = LINE ( 'NONE', #1017, #8952 ) ;
#4363 = ADVANCED_FACE ( 'NONE', ( #8781 ), #265, .F. ) ;
#4364 = CARTESIAN_POINT ( 'NONE',  ( -6.595784965746635642, 1.149999999999994138, -2.915000000000000036 ) ) ;
#4365 = EDGE_CURVE ( 'NONE', #6367, #5073, #3010, .T. ) ;
#4366 = DIRECTION ( 'NONE',  ( 1.000000000000000000, 0.000000000000000000, 0.000000000000000000 ) ) ;
#4367 = ORIENTED_EDGE ( 'NONE', *, *, #6908, .T. ) ;
#4368 = CARTESIAN_POINT ( 'NONE',  ( -2.049999999999997602, 3.729999999999999982, 5.799999999999998934 ) ) ;
#4369 = EDGE_LOOP ( 'NONE', ( #7265, #2388, #6740, #5009, #5670, #1845 ) ) ;
#4370 = DIRECTION ( 'NONE',  ( 0.1218693434051442426, -0.9925461516413223162, 0.000000000000000000 ) ) ;
#4371 = VECTOR ( 'NONE', #2680, 1000.000000000000114 ) ;
#4372 = ADVANCED_FACE ( 'NONE', ( #224 ), #1042, .T. ) ;
#4373 = CARTESIAN_POINT ( 'NONE',  ( 0.3500000000000021982, 3.229999999999999982, -5.799999999999999822 ) ) ;
#4374 = ADVANCED_FACE ( 'NONE', ( #2381 ), #1613, .T. ) ;
#4375 = PLANE ( 'NONE',  #645 ) ;
#4376 = AXIS2_PLACEMENT_3D ( 'NONE', #4353, #4221, #7748 ) ;
#4377 = CARTESIAN_POINT ( 'NONE',  ( -2.049999999999997602, 3.729999999999999982, 6.200000000000000178 ) ) ;
#4378 = DIRECTION ( 'NONE',  ( 0.000000000000000000, 0.000000000000000000, 1.000000000000000000 ) ) ;
#4379 = EDGE_CURVE ( 'NONE', #6234, #2538, #6682, .T. ) ;
#4380 = ORIENTED_EDGE ( 'NONE', *, *, #841, .F. ) ;
#4381 = CARTESIAN_POINT ( 'NONE',  ( -6.309978747059014736, 0.6450308918860931939, 3.510000000000000231 ) ) ;
#4382 = EDGE_LOOP ( 'NONE', ( #7092, #5904, #6482, #8447 ) ) ;
#4383 = VERTEX_POINT ( 'NONE', #6581 ) ;
#4384 = EDGE_CURVE ( 'NONE', #2992, #8198, #4391, .T. ) ;
#4385 = EDGE_CURVE ( 'NONE', #676, #8144, #913, .T. ) ;
#4386 = CARTESIAN_POINT ( 'NONE',  ( -5.729759561962193715, 1.149999999999999689, -0.2999999999999999334 ) ) ;
#4387 = DIRECTION ( 'NONE',  ( -0.1218693434051398711, -0.9925461516413228713, 0.000000000000000000 ) ) ;
#4388 = ORIENTED_EDGE ( 'NONE', *, *, #6291, .T. ) ;
#4389 = DIRECTION ( 'NONE',  ( -1.000000000000000000, -0.000000000000000000, -7.885106708985496922E-16 ) ) ;
#4390 = VECTOR ( 'NONE', #5206, 1000.000000000000000 ) ;
#4391 = LINE ( 'NONE', #7271, #6475 ) ;
#4392 = LINE ( 'NONE', #8436, #3583 ) ;
#4393 = ORIENTED_EDGE ( 'NONE', *, *, #227, .T. ) ;
#4394 = VECTOR ( 'NONE', #4544, 1000.000000000000000 ) ;
#4395 = MANIFOLD_SOLID_BREP ( 'LPattern1[3]', #7039 ) ;
#4396 = EDGE_CURVE ( 'NONE', #6255, #3762, #6633, .T. ) ;
#4397 = ORIENTED_EDGE ( 'NONE', *, *, #6286, .T. ) ;
#4398 = CARTESIAN_POINT ( 'NONE',  ( 0.1512301485016459002, 1.615813994975101586, 6.801802880157415743 ) ) ;
#4399 = ORIENTED_EDGE ( 'NONE', *, *, #8782, .F. ) ;
#4400 = DIRECTION ( 'NONE',  ( -0.000000000000000000, 0.000000000000000000, 1.000000000000000000 ) ) ;
#4401 = CIRCLE ( 'NONE', #1195, 1.000000000000000000 ) ;
#4403 = LINE ( 'NONE', #5728, #7694 ) ;
#4402 = FACE_OUTER_BOUND ( 'NONE', #8313, .T. ) ;
#4404 = VECTOR ( 'NONE', #9018, 1000.000000000000000 ) ;
#4405 = ORIENTED_EDGE ( 'NONE', *, *, #66, .F. ) ;
#4406 = AXIS2_PLACEMENT_3D ( 'NONE', #5603, #719, #2047 ) ;
#4407 = ORIENTED_EDGE ( 'NONE', *, *, #4002, .F. ) ;
#4408 = VERTEX_POINT ( 'NONE', #3775 ) ;
#4409 = CARTESIAN_POINT ( 'NONE',  ( -3.994608113321961529, 3.729999999999999982, -0.000000000000000000 ) ) ;
#4410 = AXIS2_PLACEMENT_3D ( 'NONE', #219, #2378, #5836 ) ;
#4411 = VECTOR ( 'NONE', #5936, 1000.000000000000000 ) ;
#4412 = LINE ( 'NONE', #6520, #4554 ) ;
#4413 = CARTESIAN_POINT ( 'NONE',  ( -7.141125913971392514, 0.6462488667561758771, -4.110000000000000320 ) ) ;
#4414 = CARTESIAN_POINT ( 'NONE',  ( 5.050000000000002487, 3.229999999999999982, 5.800000000000000711 ) ) ;
#4415 = ORIENTED_EDGE ( 'NONE', *, *, #3420, .T. ) ;
#4416 = FACE_OUTER_BOUND ( 'NONE', #6354, .T. ) ;
#4417 = ORIENTED_EDGE ( 'NONE', *, *, #394, .F. ) ;
#4418 = LINE ( 'NONE', #6566, #5296 ) ;
#4419 = AXIS2_PLACEMENT_3D ( 'NONE', #6676, #1831, #943 ) ;
#4420 = AXIS2_PLACEMENT_3D ( 'NONE', #8455, #856, #1247 ) ;
#4421 = EDGE_CURVE ( 'NONE', #4972, #3751, #4522, .T. ) ;
#4422 = ADVANCED_FACE ( 'NONE', ( #8736 ), #1785, .T. ) ;
#4423 = LINE ( 'NONE', #3039, #9039 ) ;
#4424 = DIRECTION ( 'NONE',  ( -0.000000000000000000, 0.000000000000000000, 1.000000000000000000 ) ) ;
#4425 = VECTOR ( 'NONE', #1457, 1000.000000000000000 ) ;
#4426 = CARTESIAN_POINT ( 'NONE',  ( -0.04484046576840968606, 0.6412485357495464333, 4.110000000000000320 ) ) ;
#4427 = CARTESIAN_POINT ( 'NONE',  ( -1.298188117465176816, -2.248527777231911884, -4.110000000000000320 ) ) ;
#4428 = ORIENTED_EDGE ( 'NONE', *, *, #8361, .F. ) ;
#4429 = PLANE ( 'NONE',  #4419 ) ;
#4430 = VERTEX_POINT ( 'NONE', #7416 ) ;
#4431 = EDGE_CURVE ( 'NONE', #601, #217, #7510, .T. ) ;
#4432 = PLANE ( 'NONE',  #6019 ) ;
#4433 = DIRECTION ( 'NONE',  ( 0.000000000000000000, 1.000000000000000000, 0.000000000000000000 ) ) ;
#4434 = DIRECTION ( 'NONE',  ( -0.000000000000000000, -0.000000000000000000, -1.000000000000000000 ) ) ;
#4435 = DIRECTION ( 'NONE',  ( -1.000000000000000000, 0.000000000000000000, -1.084202172485504631E-15 ) ) ;
#4436 = CARTESIAN_POINT ( 'NONE',  ( 8.349999999999999645, 0.4987820251299119323, 7.000000000000001776 ) ) ;
#4437 = EDGE_CURVE ( 'NONE', #8131, #3425, #7132, .T. ) ;
#4438 = ORIENTED_EDGE ( 'NONE', *, *, #7892, .T. ) ;
#4439 = MANIFOLD_SOLID_BREP ( 'LPattern1[5]', #4256 ) ;
#4440 = ORIENTED_EDGE ( 'NONE', *, *, #1003, .F. ) ;
#4441 = LINE ( 'NONE', #7234, #6944 ) ;
#4442 = ORIENTED_EDGE ( 'NONE', *, *, #5166, .T. ) ;
#4443 = CARTESIAN_POINT ( 'NONE',  ( -7.106247677099330140, 0.1474668416262637505, 0.9700000000000004174 ) ) ;
#4444 = ADVANCED_FACE ( 'NONE', ( #8288 ), #8884, .T. ) ;
#4445 = DIRECTION ( 'NONE',  ( -2.891205793294679312E-16, 0.000000000000000000, 1.000000000000000000 ) ) ;
#4446 = VECTOR ( 'NONE', #6577, 1000.000000000000000 ) ;
#4447 = CIRCLE ( 'NONE', #5032, 1.000000000000000000 ) ;
#4449 = CARTESIAN_POINT ( 'NONE',  ( 9.250000000000001776, 3.729999999999999982, -4.349999999999999645 ) ) ;
#4448 = DIRECTION ( 'NONE',  ( 0.000000000000000000, 0.000000000000000000, -1.000000000000000000 ) ) ;
#4450 = ADVANCED_FACE ( 'NONE', ( #6125 ), #3372, .F. ) ;
#4451 = ORIENTED_EDGE ( 'NONE', *, *, #5934, .T. ) ;
#4452 = ORIENTED_EDGE ( 'NONE', *, *, #6280, .F. ) ;
#4453 = CARTESIAN_POINT ( 'NONE',  ( -6.309978747059014736, 0.6450308918860931939, -3.510000000000000231 ) ) ;
#4454 = VERTEX_POINT ( 'NONE', #5442 ) ;
#4455 = CARTESIAN_POINT ( 'NONE',  ( 5.700000000000001066, 3.229999999999999982, 6.199999999999999289 ) ) ;
#4456 = CIRCLE ( 'NONE', #3440, 0.4999999999999995559 ) ;
#4457 = DIRECTION ( 'NONE',  ( -3.614007241618347785E-16, 0.000000000000000000, 1.000000000000000000 ) ) ;
#4458 = VECTOR ( 'NONE', #7575, 1000.000000000000000 ) ;
#4459 = CARTESIAN_POINT ( 'NONE',  ( -6.742991448951236144, 0.8950308918860907514, -2.165000000000000036 ) ) ;
#4460 = CARTESIAN_POINT ( 'NONE',  ( 0.2516864728053280209, 0.8084022751635703274, -6.702665186672503772 ) ) ;
#4461 = ORIENTED_EDGE ( 'NONE', *, *, #8874, .F. ) ;
#4462 = LINE ( 'NONE', #387, #3958 ) ;
#4463 = ORIENTED_EDGE ( 'NONE', *, *, #1597, .T. ) ;
#4464 = FACE_OUTER_BOUND ( 'NONE', #1376, .T. ) ;
#4465 = VECTOR ( 'NONE', #6596, 1000.000000000000000 ) ;
#4466 = VECTOR ( 'NONE', #5746, 1000.000000000000000 ) ;
#4467 = LINE ( 'NONE', #3680, #4647 ) ;
#4468 = DIRECTION ( 'NONE',  ( -9.637352644315596722E-16, 0.000000000000000000, -1.000000000000000000 ) ) ;
#4469 = CARTESIAN_POINT ( 'NONE',  ( -9.249999999999996447, 0.4987820251299122654, 1.570000000000000284 ) ) ;
#4470 = CARTESIAN_POINT ( 'NONE',  ( 0.000000000000000000, 0.000000000000000000, 0.9700000000000004174 ) ) ;
#4471 = AXIS2_PLACEMENT_3D ( 'NONE', #9022, #8153, #2751 ) ;
#4472 = ORIENTED_EDGE ( 'NONE', *, *, #5264, .F. ) ;
#4473 = LINE ( 'NONE', #987, #7933 ) ;
#4474 = ADVANCED_FACE ( 'NONE', ( #4068 ), #3237, .F. ) ;
#4475 = EDGE_CURVE ( 'NONE', #3674, #1868, #599, .T. ) ;
#4476 = ORIENTED_EDGE ( 'NONE', *, *, #3255, .T. ) ;
#4477 = DIRECTION ( 'NONE',  ( -0.000000000000000000, -0.000000000000000000, -1.000000000000000000 ) ) ;
#4478 = CARTESIAN_POINT ( 'NONE',  ( 6.238607719548550534, 3.229999999999999982, 0.9999999999999995559 ) ) ;
#4479 = CARTESIAN_POINT ( 'NONE',  ( -4.221443133100769352, 2.157277196200263703, -5.680000000000001492 ) ) ;
#4480 = CARTESIAN_POINT ( 'NONE',  ( 0.3500000000000021982, 3.229999999999999982, 5.799999999999999822 ) ) ;
#4481 = B_SPLINE_CURVE_WITH_KNOTS ( 'NONE', 3,
 ( #1675, #974, #5095, #5861 ),
 .UNSPECIFIED., .F., .F.,
 ( 4, 4 ),
 ( 2.038153463316149209E-07, 0.002458784672689498171 ),
 .UNSPECIFIED. ) ;
#4482 = CARTESIAN_POINT ( 'NONE',  ( -5.729759561962193715, 1.649999999999999911, 4.184999999999999609 ) ) ;
#4483 = EDGE_CURVE ( 'NONE', #250, #6168, #7464, .T. ) ;
#4484 = ORIENTED_EDGE ( 'NONE', *, *, #7579, .T. ) ;
#4485 = DIRECTION ( 'NONE',  ( -1.000000000000000000, -0.000000000000000000, -0.000000000000000000 ) ) ;
#4486 = DIRECTION ( 'NONE',  ( -1.000000000000000000, 0.000000000000000000, 0.000000000000000000 ) ) ;
#4487 = VERTEX_POINT ( 'NONE', #1191 ) ;
#4488 = AXIS2_PLACEMENT_3D ( 'NONE', #6802, #8225, #1815 ) ;
#4489 = FACE_OUTER_BOUND ( 'NONE', #7324, .T. ) ;
#4490 = EDGE_LOOP ( 'NONE', ( #7372 ) ) ;
#4491 = LINE ( 'NONE', #3017, #7016 ) ;
#4492 = EDGE_CURVE ( 'NONE', #560, #5354, #7593, .T. ) ;
#4493 = CARTESIAN_POINT ( 'NONE',  ( 9.250000000000001776, 3.097809730695487474E-17, -6.965121763127935850 ) ) ;
#4495 = FACE_OUTER_BOUND ( 'NONE', #7736, .T. ) ;
#4494 = CARTESIAN_POINT ( 'NONE',  ( 6.150000000000001243, 3.729999999999999982, -3.899999999999999467 ) ) ;
#4496 = VERTEX_POINT ( 'NONE', #6912 ) ;
#4497 = VERTEX_POINT ( 'NONE', #647 ) ;
#4498 = SURFACE_STYLE_USAGE ( .BOTH. , #8025 ) ;
#4499 = ORIENTED_EDGE ( 'NONE', *, *, #1020, .T. ) ;
#4500 = CARTESIAN_POINT ( 'NONE',  ( -4.688607719548555153, 1.149999999999999911, 3.510000000000000231 ) ) ;
#4501 = EDGE_CURVE ( 'NONE', #2862, #8296, #6221, .T. ) ;
#4502 = DIRECTION ( 'NONE',  ( 0.9975640502598243087, 0.06975647374412489998, 0.000000000000000000 ) ) ;
#4503 = CARTESIAN_POINT ( 'NONE',  ( -2.849999999999997424, 3.229999999999999982, -6.199999999999999289 ) ) ;
#4504 = CARTESIAN_POINT ( 'NONE',  ( -2.395102131247015462E-16, 1.150000000000001021, -1.569999999999999840 ) ) ;
#4505 = ORIENTED_EDGE ( 'NONE', *, *, #8304, .F. ) ;
#4506 = CARTESIAN_POINT ( 'NONE',  ( 6.150000000000001243, 3.229999999999999982, -5.749999999999999112 ) ) ;
#4507 = ORIENTED_EDGE ( 'NONE', *, *, #7839, .F. ) ;
#4508 = CARTESIAN_POINT ( 'NONE',  ( -5.729759561962193715, 1.149999999999999689, 0.3749999999999994449 ) ) ;
#4509 = MANIFOLD_SOLID_BREP ( 'Boss-Extrude4', #3800 ) ;
#4510 = FACE_OUTER_BOUND ( 'NONE', #7201, .T. ) ;
#4511 = LINE ( 'NONE', #7306, #8702 ) ;
#4512 = DIRECTION ( 'NONE',  ( -0.000000000000000000, 0.000000000000000000, 1.000000000000000000 ) ) ;
#4513 = CARTESIAN_POINT ( 'NONE',  ( 2.650000000000002132, 3.229999999999999982, 5.799999999999999822 ) ) ;
#4514 = EDGE_LOOP ( 'NONE', ( #1152, #8627, #14, #8983 ) ) ;
#4515 = LINE ( 'NONE', #7311, #8963 ) ;
#4516 = VERTEX_POINT ( 'NONE', #4201 ) ;
#4517 = CARTESIAN_POINT ( 'NONE',  ( -4.479866786035785253, -0.5500584762268876382, 0.9700000000000004174 ) ) ;
#4518 = DIRECTION ( 'NONE',  ( 0.8660254037844417052, -0.4999999999999946154, 0.000000000000000000 ) ) ;
#4519 = CARTESIAN_POINT ( 'NONE',  ( -4.344608113321960730, 1.649999999999999245, -6.680000000000001492 ) ) ;
#4520 = AXIS2_PLACEMENT_3D ( 'NONE', #4047, #3485, #1356 ) ;
#4521 = EDGE_CURVE ( 'NONE', #5232, #8834, #8100, .T. ) ;
#4522 = LINE ( 'NONE', #357, #8235 ) ;
#4523 = CARTESIAN_POINT ( 'NONE',  ( 4.570000000000002061, 0.05000000000000000278, -4.499999999999998224 ) ) ;
#4524 = VECTOR ( 'NONE', #3781, 1000.000000000000000 ) ;
#4525 = ORIENTED_EDGE ( 'NONE', *, *, #6294, .T. ) ;
#4526 = CARTESIAN_POINT ( 'NONE',  ( 9.250000000000001776, 1.069861744982407492, -6.000973033514757304 ) ) ;
#4527 = AXIS2_PLACEMENT_3D ( 'NONE', #9061, #8499, #3552 ) ;
#4528 = DIRECTION ( 'NONE',  ( -0.000000000000000000, -0.000000000000000000, -1.000000000000000000 ) ) ;
#4529 = CARTESIAN_POINT ( 'NONE',  ( -2.049999999999997602, 3.729999999999999982, 5.799999999999998934 ) ) ;
#4530 = ORIENTED_EDGE ( 'NONE', *, *, #908, .F. ) ;
#4531 = CARTESIAN_POINT ( 'NONE',  ( -3.727971695836595156, -1.466500296169507722, -6.423342273354498033 ) ) ;
#4532 = EDGE_LOOP ( 'NONE', ( #6721, #6001, #7506, #3218 ) ) ;
#4533 = LINE ( 'NONE', #7282, #5408 ) ;
#4534 = UNCERTAINTY_MEASURE_WITH_UNIT (LENGTH_MEASURE( 1.000000000000000082E-05 ), #5963, 'distance_accuracy_value', 'NONE');
#4535 = EDGE_CURVE ( 'NONE', #6807, #4900, #8502, .T. ) ;
#4536 = EDGE_CURVE ( 'NONE', #2846, #8661, #2065, .T. ) ;
#4537 = CARTESIAN_POINT ( 'NONE',  ( -5.729759561962193715, 1.649999999999999911, 2.915000000000000036 ) ) ;
#4538 = VECTOR ( 'NONE', #4257, 1000.000000000000000 ) ;
#4540 = LINE ( 'NONE', #8751, #2304 ) ;
#4539 = CARTESIAN_POINT ( 'NONE',  ( 5.838607719548550179, 3.229999999999999982, 0.9999999999999995559 ) ) ;
#4541 = ORIENTED_EDGE ( 'NONE', *, *, #7329, .T. ) ;
#4542 = ORIENTED_EDGE ( 'NONE', *, *, #3786, .F. ) ;
#4543 = ORIENTED_EDGE ( 'NONE', *, *, #8459, .T. ) ;
#4544 = DIRECTION ( 'NONE',  ( 0.000000000000000000, 1.000000000000000000, 0.000000000000000000 ) ) ;
#4545 = ADVANCED_FACE ( 'NONE', ( #4853 ), #693, .F. ) ;
#4546 = CIRCLE ( 'NONE', #2081, 1.000000000000000000 ) ;
#4547 = CARTESIAN_POINT ( 'NONE',  ( 0.000000000000000000, 0.000000000000000000, -3.510000000000000231 ) ) ;
#4548 = FACE_OUTER_BOUND ( 'NONE', #2901, .T. ) ;
#4550 = DIRECTION ( 'NONE',  ( 5.595882180570346166E-16, 0.000000000000000000, -1.000000000000000000 ) ) ;
#4549 = AXIS2_PLACEMENT_3D ( 'NONE', #6762, #1910, #6063 ) ;
#4551 = EDGE_CURVE ( 'NONE', #269, #2244, #3465, .T. ) ;
#4552 = ORIENTED_EDGE ( 'NONE', *, *, #3297, .F. ) ;
#4553 = DIRECTION ( 'NONE',  ( -0.000000000000000000, -0.000000000000000000, 1.000000000000000000 ) ) ;
#4554 = VECTOR ( 'NONE', #930, 1000.000000000000000 ) ;
#4555 = ORIENTED_EDGE ( 'NONE', *, *, #9026, .F. ) ;
#4556 = VERTEX_POINT ( 'NONE', #6441 ) ;
#4557 = DIRECTION ( 'NONE',  ( -0.000000000000000000, -0.000000000000000000, -1.000000000000000000 ) ) ;
#4558 = CONICAL_SURFACE ( 'NONE', #5725, 0.8999999999999998002, 0.1221730476396033355 ) ;
#4559 = LINE ( 'NONE', #1728, #3024 ) ;
#4560 = CARTESIAN_POINT ( 'NONE',  ( -9.249999999999996447, 0.4987820251299122654, -2.239999999999999769 ) ) ;
#4561 = DIRECTION ( 'NONE',  ( 1.000000000000000000, 0.000000000000000000, 0.000000000000000000 ) ) ;
#4562 = DIRECTION ( 'NONE',  ( -1.000000000000000000, 0.000000000000000000, 0.000000000000000000 ) ) ;
#4563 = EDGE_CURVE ( 'NONE', #1911, #7735, #7643, .T. ) ;
#4564 = ORIENTED_EDGE ( 'NONE', *, *, #3545, .T. ) ;
#4565 = CARTESIAN_POINT ( 'NONE',  ( -6.742991448951236144, 0.8950308918860907514, -3.435000000000000497 ) ) ;
#4566 = AXIS2_PLACEMENT_3D ( 'NONE', #7546, #5478, #8143 ) ;
#4567 = ORIENTED_EDGE ( 'NONE', *, *, #3353, .T. ) ;
#4568 = AXIS2_PLACEMENT_3D ( 'NONE', #3592, #2912, #1295 ) ;
#4569 = LINE ( 'NONE', #3185, #7193 ) ;
#4570 = PLANE ( 'NONE',  #8364 ) ;
#4571 = CARTESIAN_POINT ( 'NONE',  ( -4.242685036398884613, 2.010000000000000231, 6.680000000000001492 ) ) ;
#4572 = VECTOR ( 'NONE', #407, 1000.000000000000000 ) ;
#4573 = CARTESIAN_POINT ( 'NONE',  ( -5.729759561962193715, 0.6500000000000000222, -0.8950000000000003508 ) ) ;
#4574 = LINE ( 'NONE', #7369, #8861 ) ;
#4575 = ORIENTED_EDGE ( 'NONE', *, *, #3117, .T. ) ;
#4576 = CARTESIAN_POINT ( 'NONE',  ( 7.277805748595120861, 3.229999999999999982, 3.899999999999999467 ) ) ;
#4577 = ORIENTED_EDGE ( 'NONE', *, *, #5614, .T. ) ;
#4578 = VECTOR ( 'NONE', #3596, 1000.000000000000114 ) ;
#4579 = ORIENTED_EDGE ( 'NONE', *, *, #6468, .F. ) ;
#4580 = PLANE ( 'NONE',  #7749 ) ;
#4581 = LINE ( 'NONE', #7322, #2102 ) ;
#4582 = AXIS2_PLACEMENT_3D ( 'NONE', #4076, #1296, #3513 ) ;
#4583 = ORIENTED_EDGE ( 'NONE', *, *, #6834, .F. ) ;
#4584 = DIRECTION ( 'NONE',  ( -1.000000000000000000, 0.000000000000000000, 0.000000000000000000 ) ) ;
#4585 = VERTEX_POINT ( 'NONE', #819 ) ;
#4586 = CYLINDRICAL_SURFACE ( 'NONE', #7303, 1.000000000000000000 ) ;
#4587 = DIRECTION ( 'NONE',  ( 0.000000000000000000, 1.000000000000000000, 0.000000000000000000 ) ) ;
#4589 = CARTESIAN_POINT ( 'NONE',  ( -4.294608113321960019, 1.650000000000003020, -6.806000393773422807 ) ) ;
#4588 = DIRECTION ( 'NONE',  ( -0.8660254037844418162, 0.4999999999999947264, 0.000000000000000000 ) ) ;
#4590 = EDGE_CURVE ( 'NONE', #1542, #3629, #5531, .T. ) ;
#4591 = ADVANCED_FACE ( 'NONE', ( #1425 ), #2791, .F. ) ;
#4592 = EDGE_LOOP ( 'NONE', ( #6921, #5271, #2734, #7662 ) ) ;
#4593 = ORIENTED_EDGE ( 'NONE', *, *, #6573, .F. ) ;
#4594 = VERTEX_POINT ( 'NONE', #6960 ) ;
#4595 = CARTESIAN_POINT ( 'NONE',  ( 6.150000000000001243, 3.729999999999999982, 3.899999999999999467 ) ) ;
#4596 = VECTOR ( 'NONE', #712, 1000.000000000000000 ) ;
#4597 = CARTESIAN_POINT ( 'NONE',  ( 6.988607719548549646, 3.229999999999999982, 1.499999999999999778 ) ) ;
#4598 = CARTESIAN_POINT ( 'NONE',  ( -5.729759561962193715, 1.649999999999999911, -3.435000000000000497 ) ) ;
#4599 = DIRECTION ( 'NONE',  ( 0.000000000000000000, 1.000000000000000000, 0.000000000000000000 ) ) ;
#4600 = ADVANCED_FACE ( 'NONE', ( #5577 ), #1381, .F. ) ;
#4601 = AXIS2_PLACEMENT_3D ( 'NONE', #6276, #6184, #3475 ) ;
#4602 = ORIENTED_EDGE ( 'NONE', *, *, #6357, .F. ) ;
#4603 = CARTESIAN_POINT ( 'NONE',  ( -4.344608113321960730, 1.650000000000000133, 6.680000000000001492 ) ) ;
#4604 = EDGE_LOOP ( 'NONE', ( #2126, #5519, #540, #8652 ) ) ;
#4605 = ORIENTED_EDGE ( 'NONE', *, *, #1583, .F. ) ;
#4606 = DIRECTION ( 'NONE',  ( -0.000000000000000000, -0.000000000000000000, -1.000000000000000000 ) ) ;
#4607 = EDGE_CURVE ( 'NONE', #1758, #8336, #2117, .T. ) ;
#4608 = AXIS2_PLACEMENT_3D ( 'NONE', #1644, #4424, #939 ) ;
#4609 = CYLINDRICAL_SURFACE ( 'NONE', #8819, 0.4499999999999999001 ) ;
#4610 = CARTESIAN_POINT ( 'NONE',  ( -4.344608113321960730, 2.009999999999998455, -6.680000000000001492 ) ) ;
#4611 = CARTESIAN_POINT ( 'NONE',  ( 0.000000000000000000, 1.649999999999999911, -1.569999999999999840 ) ) ;
#4612 = DIRECTION ( 'NONE',  ( 0.000000000000000000, 1.000000000000000000, -0.000000000000000000 ) ) ;
#4613 = AXIS2_PLACEMENT_3D ( 'NONE', #6112, #4752, #2689 ) ;
#4614 = EDGE_LOOP ( 'NONE', ( #5397, #8789, #3963, #1094 ) ) ;
#4615 = DIRECTION ( 'NONE',  ( -0.000000000000000000, -0.000000000000000000, 1.000000000000000000 ) ) ;
#4616 = VERTEX_POINT ( 'NONE', #4291 ) ;
#4617 = VECTOR ( 'NONE', #3373, 1000.000000000000000 ) ;
#4618 = EDGE_CURVE ( 'NONE', #601, #7063, #5021, .T. ) ;
#4619 = DIRECTION ( 'NONE',  ( -1.000000000000000000, 0.000000000000000000, 0.000000000000000000 ) ) ;
#4621 = LINE ( 'NONE', #355, #6008 ) ;
#4620 = VECTOR ( 'NONE', #5317, 1000.000000000000000 ) ;
#4622 = PRESENTATION_STYLE_ASSIGNMENT (( #8243 ) ) ;
#4623 = EDGE_CURVE ( 'NONE', #7191, #2216, #2917, .T. ) ;
#4624 = AXIS2_PLACEMENT_3D ( 'NONE', #1776, #7360, #6673 ) ;
#4625 = CARTESIAN_POINT ( 'NONE',  ( -0.04484046576840968606, 0.6412485357495464333, -2.239999999999999769 ) ) ;
#4626 = DIRECTION ( 'NONE',  ( -0.9838699100999074298, -0.1788854381999831489, 0.000000000000000000 ) ) ;
#4627 = VERTEX_POINT ( 'NONE', #2240 ) ;
#4628 = CARTESIAN_POINT ( 'NONE',  ( -5.011790629593825486, 2.893558669118013515, -2.239999999999999769 ) ) ;
#4629 = VERTEX_POINT ( 'NONE', #8331 ) ;
#4630 = ORIENTED_EDGE ( 'NONE', *, *, #2425, .F. ) ;
#4631 = CARTESIAN_POINT ( 'NONE',  ( 7.050000000000004263, 3.229999999999999982, 3.899999999999999911 ) ) ;
#4632 = DIRECTION ( 'NONE',  ( 0.8660254037844417052, -0.4999999999999946154, 0.000000000000000000 ) ) ;
#4633 = VERTEX_POINT ( 'NONE', #4333 ) ;
#4634 = CARTESIAN_POINT ( 'NONE',  ( -2.849999999999997424, 3.729999999999999982, -5.750000000000000000 ) ) ;
#4635 = ORIENTED_EDGE ( 'NONE', *, *, #6179, .T. ) ;
#4636 = DIRECTION ( 'NONE',  ( 1.000000000000000000, 0.000000000000000000, 0.000000000000000000 ) ) ;
#4637 = PLANE ( 'NONE',  #1768 ) ;
#4639 = CARTESIAN_POINT ( 'NONE',  ( -4.479866786035785253, -0.5500584762268876382, 0.2999999999999999334 ) ) ;
#4638 = DIRECTION ( 'NONE',  ( -1.000000000000000000, 0.000000000000000000, -1.668003342285392635E-15 ) ) ;
#4640 = VECTOR ( 'NONE', #7893, 1000.000000000000114 ) ;
#4641 = VECTOR ( 'NONE', #8679, 1000.000000000000000 ) ;
#4642 = VERTEX_POINT ( 'NONE', #858 ) ;
#4643 = ORIENTED_EDGE ( 'NONE', *, *, #2419, .F. ) ;
#4644 = LINE ( 'NONE', #7485, #7168 ) ;
#4645 = ORIENTED_EDGE ( 'NONE', *, *, #4767, .F. ) ;
#4646 = LINE ( 'NONE', #6005, #3362 ) ;
#4647 = VECTOR ( 'NONE', #1027, 1000.000000000000000 ) ;
#4648 = ADVANCED_FACE ( 'NONE', ( #4157 ), #4375, .F. ) ;
#4649 = EDGE_CURVE ( 'NONE', #2538, #4454, #2456, .T. ) ;
#4650 = CARTESIAN_POINT ( 'NONE',  ( -4.688607719548555153, 1.149999999999999911, -3.510000000000000231 ) ) ;
#4651 = LINE ( 'NONE', #6707, #7429 ) ;
#4652 = CYLINDRICAL_SURFACE ( 'NONE', #625, 0.4999999999999995559 ) ;
#4653 = ORIENTED_EDGE ( 'NONE', *, *, #7734, .T. ) ;
#4654 = DIRECTION ( 'NONE',  ( 0.000000000000000000, 0.000000000000000000, 1.000000000000000000 ) ) ;
#4655 = ORIENTED_EDGE ( 'NONE', *, *, #794, .F. ) ;
#4656 = VERTEX_POINT ( 'NONE', #5874 ) ;
#4657 = FACE_OUTER_BOUND ( 'NONE', #5835, .T. ) ;
#4658 = EDGE_CURVE ( 'NONE', #58, #8617, #3040, .T. ) ;
#4659 = ADVANCED_FACE ( 'NONE', ( #6621 ), #2326, .F. ) ;
#4660 = DIRECTION ( 'NONE',  ( 1.000000000000000000, 0.000000000000000000, 0.000000000000000000 ) ) ;
#4661 = DIRECTION ( 'NONE',  ( -0.9975640502598243087, -0.06975647374412492774, 0.000000000000000000 ) ) ;
#4662 = DIRECTION ( 'NONE',  ( -0.000000000000000000, 0.000000000000000000, 1.000000000000000000 ) ) ;
#4663 = VERTEX_POINT ( 'NONE', #7357 ) ;
#4664 = PLANE ( 'NONE',  #6448 ) ;
#4665 = EDGE_CURVE ( 'NONE', #4674, #5507, #4025, .T. ) ;
#4666 = ORIENTED_EDGE ( 'NONE', *, *, #186, .T. ) ;
#4667 = CARTESIAN_POINT ( 'NONE',  ( 5.050000000000002487, 3.229999999999999982, -6.200000000000000178 ) ) ;
#4668 = DIRECTION ( 'NONE',  ( -1.000000000000000000, 0.000000000000000000, -3.771137991253929066E-16 ) ) ;
#4669 =( LENGTH_UNIT ( ) NAMED_UNIT ( * ) SI_UNIT ( .MILLI., .METRE. ) );
#4670 = EDGE_CURVE ( 'NONE', #6690, #1868, #3862, .T. ) ;
#4671 = DIRECTION ( 'NONE',  ( 1.000000000000000000, 0.000000000000000000, 0.000000000000000000 ) ) ;
#4672 = EDGE_CURVE ( 'NONE', #3845, #2722, #299, .T. ) ;
#4673 = CARTESIAN_POINT ( 'NONE',  ( -9.215121763127934074, -1.084202172485504434E-16, 2.840000000000000302 ) ) ;
#4674 = VERTEX_POINT ( 'NONE', #166 ) ;
#4675 = DIRECTION ( 'NONE',  ( 0.7071067811865499042, 0.000000000000000000, 0.7071067811865451302 ) ) ;
#4676 = EDGE_CURVE ( 'NONE', #6785, #1401, #5066, .T. ) ;
#4677 = EDGE_CURVE ( 'NONE', #3664, #2862, #6569, .T. ) ;
#4678 = VERTEX_POINT ( 'NONE', #5195 ) ;
#4679 = EDGE_LOOP ( 'NONE', ( #1865, #2570, #6210, #3795 ) ) ;
#4680 = DIRECTION ( 'NONE',  ( 0.000000000000000000, 0.000000000000000000, 1.000000000000000000 ) ) ;
#4681 = CARTESIAN_POINT ( 'NONE',  ( -5.729759561962193715, 1.149999999999999689, -0.9699999999999999734 ) ) ;
#4682 = ORIENTED_EDGE ( 'NONE', *, *, #3849, .F. ) ;
#4683 = DIRECTION ( 'NONE',  ( -0.000000000000000000, -0.000000000000000000, -1.000000000000000000 ) ) ;
#4684 = EDGE_LOOP ( 'NONE', ( #5887, #5309, #1387, #5345 ) ) ;
#4685 = CARTESIAN_POINT ( 'NONE',  ( -5.729759561962193715, 1.649999999999999911, 4.184999999999999609 ) ) ;
#4686 = VECTOR ( 'NONE', #5263, 1000.000000000000000 ) ;
#4687 = CARTESIAN_POINT ( 'NONE',  ( -5.729759561962193715, 0.000000000000000000, 3.510000000000000231 ) ) ;
#4689 = DIRECTION ( 'NONE',  ( -0.000000000000000000, -0.000000000000000000, -1.000000000000000000 ) ) ;
#4688 = CARTESIAN_POINT ( 'NONE',  ( 3.774478171836572304, 1.026283873608581976, 5.502875684468884643 ) ) ;
#4690 = VECTOR ( 'NONE', #4905, 1000.000000000000000 ) ;
#4691 = EDGE_CURVE ( 'NONE', #2678, #2767, #1599, .T. ) ;
#4692 = ORIENTED_EDGE ( 'NONE', *, *, #1015, .T. ) ;
#4693 = ORIENTED_EDGE ( 'NONE', *, *, #7239, .F. ) ;
#4694 = FILL_AREA_STYLE_COLOUR ( '', #7454 ) ;
#4695 = EDGE_LOOP ( 'NONE', ( #7439, #1136, #4029, #4088 ) ) ;
#4696 = DIRECTION ( 'NONE',  ( 1.000000000000000000, 0.000000000000000000, -0.000000000000000000 ) ) ;
#4697 = PLANE ( 'NONE',  #1201 ) ;
#4698 = DIRECTION ( 'NONE',  ( -0.8660254037844407060, 0.4999999999999966138, 0.000000000000000000 ) ) ;
#4699 = DIRECTION ( 'NONE',  ( -0.000000000000000000, -0.000000000000000000, -1.000000000000000000 ) ) ;
#4700 = EDGE_LOOP ( 'NONE', ( #6092, #3836, #6704, #7363, #350, #4150 ) ) ;
#4701 = PLANE ( 'NONE',  #4549 ) ;
#4702 = VECTOR ( 'NONE', #199, 1000.000000000000000 ) ;
#4703 = ORIENTED_EDGE ( 'NONE', *, *, #1755, .F. ) ;
#4704 = AXIS2_PLACEMENT_3D ( 'NONE', #6495, #2206, #5712 ) ;
#4705 = CLOSED_SHELL ( 'NONE', ( #5219, #1930, #9044, #8460, #1661, #8078, #3841, #8851, #8484, #4474, #3693, #6677, #4545, #3688, #8722, #1442, #3424, #8962, #5252, #8846, #2814, #897 ) ) ;
#4706 = STYLED_ITEM ( 'NONE', ( #2109 ), #7367 ) ;
#4707 = CARTESIAN_POINT ( 'NONE',  ( -4.750000000000005329, 1.649999999999999911, -4.110000000000000320 ) ) ;
#4708 = PLANE ( 'NONE',  #6531 ) ;
#4709 = DIRECTION ( 'NONE',  ( 1.000000000000000000, 0.000000000000000000, 0.000000000000000000 ) ) ;
#4710 = VECTOR ( 'NONE', #7342, 1000.000000000000000 ) ;
#4711 = ORIENTED_EDGE ( 'NONE', *, *, #8009, .F. ) ;
#4712 = LINE ( 'NONE', #1281, #2226 ) ;
#4713 = ORIENTED_EDGE ( 'NONE', *, *, #1683, .T. ) ;
#4714 = ADVANCED_FACE ( 'NONE', ( #2956 ), #211, .T. ) ;
#4715 = AXIS2_PLACEMENT_3D ( 'NONE', #1313, #8082, #6759 ) ;
#4716 = EDGE_CURVE ( 'NONE', #1234, #5334, #2271, .T. ) ;
#4717 = CARTESIAN_POINT ( 'NONE',  ( -6.309978747059014736, 0.6450308918860931939, 0.2999999999999999334 ) ) ;
#4718 = FACE_OUTER_BOUND ( 'NONE', #5695, .T. ) ;
#4719 = DIRECTION ( 'NONE',  ( 1.000000000000000000, 0.000000000000000000, -0.000000000000000000 ) ) ;
#4720 = VECTOR ( 'NONE', #2248, 1000.000000000000000 ) ;
#4721 = CARTESIAN_POINT ( 'NONE',  ( -7.176004150843455776, 1.145030891886088309, -0.9699999999999999734 ) ) ;
#4722 = VECTOR ( 'NONE', #4675, 1000.000000000000114 ) ;
#4723 = EDGE_LOOP ( 'NONE', ( #1025, #4579, #1551, #215 ) ) ;
#4724 = CARTESIAN_POINT ( 'NONE',  ( -5.011790629593825486, 2.893558669118013515, -3.510000000000000231 ) ) ;
#4725 = EDGE_CURVE ( 'NONE', #3093, #7310, #4511, .T. ) ;
#4726 = ORIENTED_EDGE ( 'NONE', *, *, #7914, .T. ) ;
#4727 = ORIENTED_EDGE ( 'NONE', *, *, #1003, .T. ) ;
#4728 = EDGE_LOOP ( 'NONE', ( #5201, #748, #5607, #444 ) ) ;
#4729 = CARTESIAN_POINT ( 'NONE',  ( 0.000000000000000000, 0.000000000000000000, -1.569999999999999840 ) ) ;
#4730 = VERTEX_POINT ( 'NONE', #5745 ) ;
#4731 = MECHANICAL_DESIGN_GEOMETRIC_PRESENTATION_REPRESENTATION (  '', ( #3546 ), #5153 ) ;
#4732 = PLANE ( 'NONE',  #206 ) ;
#4733 = VERTEX_POINT ( 'NONE', #7260 ) ;
#4734 = CARTESIAN_POINT ( 'NONE',  ( -6.309978747059014736, 0.6450308918860931939, -0.8950000000000003508 ) ) ;
#4735 = EDGE_CURVE ( 'NONE', #1166, #6312, #2282, .T. ) ;
#4736 = CARTESIAN_POINT ( 'NONE',  ( 0.000000000000000000, 1.649999999999999911, -2.839999999999999858 ) ) ;
#4738 = CARTESIAN_POINT ( 'NONE',  ( -0.04484046576840968606, 0.6412485357495464333, -0.9699999999999999734 ) ) ;
#4737 = DIRECTION ( 'NONE',  ( 1.000000000000000000, 0.000000000000000000, 0.000000000000000000 ) ) ;
#4739 = VECTOR ( 'NONE', #5012, 1000.000000000000000 ) ;
#4740 = ORIENTED_EDGE ( 'NONE', *, *, #745, .T. ) ;
#4741 = ORIENTED_EDGE ( 'NONE', *, *, #8200, .T. ) ;
#4742 = DIRECTION ( 'NONE',  ( -1.000000000000000000, 0.000000000000000000, 0.000000000000000000 ) ) ;
#4743 = ORIENTED_EDGE ( 'NONE', *, *, #3545, .F. ) ;
#4744 = ADVANCED_FACE ( 'NONE', ( #3815 ), #8041, .F. ) ;
#4745 = CARTESIAN_POINT ( 'NONE',  ( -2.399999999999999911, 3.229999999999999982, 6.200000000000000178 ) ) ;
#4746 = EDGE_CURVE ( 'NONE', #6734, #8424, #3436, .T. ) ;
#4747 = FACE_OUTER_BOUND ( 'NONE', #3342, .T. ) ;
#4748 = CYLINDRICAL_SURFACE ( 'NONE', #705, 0.5000000000000004441 ) ;
#4749 = DIRECTION ( 'NONE',  ( 0.000000000000000000, -1.000000000000000000, 0.000000000000000000 ) ) ;
#4750 = ORIENTED_EDGE ( 'NONE', *, *, #6338, .T. ) ;
#4751 = VERTEX_POINT ( 'NONE', #3724 ) ;
#4752 = DIRECTION ( 'NONE',  ( -0.000000000000000000, 0.000000000000000000, 1.000000000000000000 ) ) ;
#4753 =( NAMED_UNIT ( * ) PLANE_ANGLE_UNIT ( ) SI_UNIT ( $, .RADIAN. ) );
#4754 = FACE_OUTER_BOUND ( 'NONE', #825, .T. ) ;
#4755 = VECTOR ( 'NONE', #5680, 1000.000000000000114 ) ;
#4756 = LINE ( 'NONE', #6902, #2152 ) ;
#4757 = EDGE_LOOP ( 'NONE', ( #4428, #956, #4605, #1468 ) ) ;
#4758 = FACE_OUTER_BOUND ( 'NONE', #3842, .T. ) ;
#4759 = ORIENTED_EDGE ( 'NONE', *, *, #6400, .F. ) ;
#4760 = CARTESIAN_POINT ( 'NONE',  ( -9.215121763127934074, -1.084202172485504434E-16, 1.570000000000000284 ) ) ;
#4761 = LINE ( 'NONE', #8286, #5576 ) ;
#4762 = DIRECTION ( 'NONE',  ( 0.000000000000000000, -1.000000000000000000, 0.000000000000000000 ) ) ;
#4763 = VECTOR ( 'NONE', #4278, 1000.000000000000000 ) ;
#4764 = DIRECTION ( 'NONE',  ( 1.000000000000000000, 0.000000000000000000, -0.000000000000000000 ) ) ;
#4765 = EDGE_CURVE ( 'NONE', #5559, #8249, #8632, .T. ) ;
#4766 = DIRECTION ( 'NONE',  ( 1.000000000000000000, 0.000000000000000000, 0.000000000000000000 ) ) ;
#4767 = EDGE_CURVE ( 'NONE', #814, #1577, #2567, .T. ) ;
#4768 = ORIENTED_EDGE ( 'NONE', *, *, #7582, .F. ) ;
#4769 = CARTESIAN_POINT ( 'NONE',  ( -2.399999999999998135, 3.229999999999999982, -6.200000000000000178 ) ) ;
#4770 = VERTEX_POINT ( 'NONE', #4914 ) ;
#4771 = ORIENTED_EDGE ( 'NONE', *, *, #3351, .F. ) ;
#4772 = ORIENTED_EDGE ( 'NONE', *, *, #497, .T. ) ;
#4773 = CARTESIAN_POINT ( 'NONE',  ( -9.215121763127934074, -1.084202172485504434E-16, -3.510000000000000231 ) ) ;
#4774 = DIRECTION ( 'NONE',  ( 1.000000000000000000, 0.000000000000000000, 0.000000000000000000 ) ) ;
#4775 = FACE_OUTER_BOUND ( 'NONE', #3268, .T. ) ;
#4776 = EDGE_LOOP ( 'NONE', ( #5571, #1112, #4249, #8369 ) ) ;
#4777 = CARTESIAN_POINT ( 'NONE',  ( 3.774478171836572304, 1.069861744982407492, -6.000973033514757304 ) ) ;
#4778 = AXIS2_PLACEMENT_3D ( 'NONE', #2130, #2849, #4948 ) ;
#4779 = EDGE_CURVE ( 'NONE', #5082, #5650, #5512, .T. ) ;
#4780 = LINE ( 'NONE', #7566, #4082 ) ;
#4781 = AXIS2_PLACEMENT_3D ( 'NONE', #4597, #3264, #383 ) ;
#4782 = LINE ( 'NONE', #7567, #6817 ) ;
#4783 = VECTOR ( 'NONE', #860, 1000.000000000000000 ) ;
#4784 = EDGE_CURVE ( 'NONE', #1681, #528, #396, .T. ) ;
#4785 = ORIENTED_EDGE ( 'NONE', *, *, #420, .T. ) ;
#4786 = ORIENTED_EDGE ( 'NONE', *, *, #1258, .T. ) ;
#4787 = ORIENTED_EDGE ( 'NONE', *, *, #861, .F. ) ;
#4788 = DIRECTION ( 'NONE',  ( -0.000000000000000000, -0.000000000000000000, -1.000000000000000000 ) ) ;
#4790 = CARTESIAN_POINT ( 'NONE',  ( -1.298188117465176816, -2.248527777231911884, -0.9699999999999999734 ) ) ;
#4789 = LINE ( 'NONE', #5467, #4458 ) ;
#4791 = EDGE_CURVE ( 'NONE', #4929, #5813, #8398, .T. ) ;
#4792 = DIRECTION ( 'NONE',  ( 1.000000000000000000, 0.000000000000000000, 0.000000000000000000 ) ) ;
#4793 = DIRECTION ( 'NONE',  ( 1.000000000000000000, 0.000000000000000000, 0.000000000000000000 ) ) ;
#4794 = EDGE_CURVE ( 'NONE', #5679, #603, #18, .T. ) ;
#4795 = VERTEX_POINT ( 'NONE', #717 ) ;
#4796 = EDGE_CURVE ( 'NONE', #3629, #1290, #3177, .T. ) ;
#4797 = ORIENTED_EDGE ( 'NONE', *, *, #5391, .T. ) ;
#4798 = VECTOR ( 'NONE', #5737, 1000.000000000000000 ) ;
#4799 = DIRECTION ( 'NONE',  ( 1.000000000000000000, 0.000000000000000000, 0.000000000000000000 ) ) ;
#4800 = DIRECTION ( 'NONE',  ( -1.000000000000000000, 0.000000000000000000, 0.000000000000000000 ) ) ;
#4801 = VERTEX_POINT ( 'NONE', #9000 ) ;
#4802 = FACE_OUTER_BOUND ( 'NONE', #101, .T. ) ;
#4803 = ORIENTED_EDGE ( 'NONE', *, *, #1693, .T. ) ;
#4804 = ORIENTED_EDGE ( 'NONE', *, *, #7336, .T. ) ;
#4805 = CARTESIAN_POINT ( 'NONE',  ( -7.176004150843455776, 1.145030891886088309, 3.510000000000000231 ) ) ;
#4806 = DIRECTION ( 'NONE',  ( -0.000000000000000000, 0.000000000000000000, 1.000000000000000000 ) ) ;
#4807 = VERTEX_POINT ( 'NONE', #3370 ) ;
#4808 = CARTESIAN_POINT ( 'NONE',  ( 9.250000000000001776, 3.729999999999999982, 6.999999999999999112 ) ) ;
#4809 = EDGE_LOOP ( 'NONE', ( #2884, #6952, #2014, #4692 ) ) ;
#4810 = LINE ( 'NONE', #4769, #6026 ) ;
#4811 = ORIENTED_EDGE ( 'NONE', *, *, #7449, .T. ) ;
#4812 = ORIENTED_EDGE ( 'NONE', *, *, #4677, .F. ) ;
#4813 = VERTEX_POINT ( 'NONE', #7406 ) ;
#4814 = CARTESIAN_POINT ( 'NONE',  ( 6.238607719548550534, 3.229999999999999982, -0.9999999999999995559 ) ) ;
#4815 = FACE_OUTER_BOUND ( 'NONE', #4078, .T. ) ;
#4816 = LINE ( 'NONE', #6874, #7765 ) ;
#4817 = ORIENTED_EDGE ( 'NONE', *, *, #2115, .F. ) ;
#4818 = LINE ( 'NONE', #7656, #3935 ) ;
#4819 = DIRECTION ( 'NONE',  ( -1.000000000000000000, 0.000000000000000000, -3.771137991253928573E-16 ) ) ;
#4820 = CARTESIAN_POINT ( 'NONE',  ( -3.727971695836595156, -1.466500296169507278, 6.423342273354498033 ) ) ;
#4821 = VECTOR ( 'NONE', #6455, 1000.000000000000000 ) ;
#4822 = ORIENTED_EDGE ( 'NONE', *, *, #6226, .F. ) ;
#4823 = EDGE_LOOP ( 'NONE', ( #1995, #3289, #7888, #713, #1791, #4564 ) ) ;
#4824 = DIRECTION ( 'NONE',  ( -0.9925461516413226493, -0.1218693434051425495, 0.000000000000000000 ) ) ;
#4825 = VERTEX_POINT ( 'NONE', #4049 ) ;
#4826 = CARTESIAN_POINT ( 'NONE',  ( -6.742991448951236144, 0.8950308918860907514, -3.435000000000000497 ) ) ;
#4827 = ADVANCED_FACE ( 'NONE', ( #8266 ), #8769, .T. ) ;
#4828 = EDGE_CURVE ( 'NONE', #530, #3997, #670, .T. ) ;
#4829 = VECTOR ( 'NONE', #5171, 1000.000000000000000 ) ;
#4831 = LINE ( 'NONE', #7621, #4040 ) ;
#4830 = DIRECTION ( 'NONE',  ( 1.000000000000000000, 0.000000000000000000, 0.000000000000000000 ) ) ;
#4832 = FACE_OUTER_BOUND ( 'NONE', #1936, .T. ) ;
#4833 = CARTESIAN_POINT ( 'NONE',  ( -5.729759561962193715, 0.000000000000000000, 1.570000000000000284 ) ) ;
#4834 = ORIENTED_EDGE ( 'NONE', *, *, #8028, .F. ) ;
#4835 = EDGE_CURVE ( 'NONE', #4030, #5322, #3487, .T. ) ;
#4836 = ORIENTED_EDGE ( 'NONE', *, *, #2128, .F. ) ;
#4837 = CARTESIAN_POINT ( 'NONE',  ( -5.729759561962193715, 1.649999999999999911, -2.165000000000000036 ) ) ;
#4838 = AXIS2_PLACEMENT_3D ( 'NONE', #8927, #451, #6726 ) ;
#4839 = CARTESIAN_POINT ( 'NONE',  ( -9.170281297359524686, -0.6412485357495423255, -4.110000000000000320 ) ) ;
#4840 = EDGE_CURVE ( 'NONE', #5651, #4218, #2772, .T. ) ;
#4841 = LINE ( 'NONE', #4191, #4798 ) ;
#4842 = CIRCLE ( 'NONE', #1168, 1.000000000000000000 ) ;
#4843 = AXIS2_PLACEMENT_3D ( 'NONE', #182, #8473, #2970 ) ;
#4844 = CARTESIAN_POINT ( 'NONE',  ( -2.399999999999997691, 3.729999999999999982, -5.750000000000000000 ) ) ;
#4845 = ORIENTED_EDGE ( 'NONE', *, *, #2915, .F. ) ;
#4846 = DIRECTION ( 'NONE',  ( 0.000000000000000000, 0.000000000000000000, -1.000000000000000000 ) ) ;
#4847 = ORIENTED_EDGE ( 'NONE', *, *, #2306, .T. ) ;
#4848 = CARTESIAN_POINT ( 'NONE',  ( 9.250000000000001776, 3.229999999999999982, -2.259999999999998010 ) ) ;
#4849 = LINE ( 'NONE', #5662, #4262 ) ;
#4850 = EDGE_CURVE ( 'NONE', #5223, #1234, #2506, .T. ) ;
#4851 = ADVANCED_FACE ( 'NONE', ( #3348 ), #2815, .F. ) ;
#4852 = VECTOR ( 'NONE', #2250, 1000.000000000000000 ) ;
#4853 = FACE_OUTER_BOUND ( 'NONE', #3182, .T. ) ;
#4854 = DIRECTION ( 'NONE',  ( 0.000000000000000000, 0.000000000000000000, -1.000000000000000000 ) ) ;
#4855 = VERTEX_POINT ( 'NONE', #8356 ) ;
#4856 = CARTESIAN_POINT ( 'NONE',  ( 7.277805748595120861, 3.229999999999999982, -3.899999999999999467 ) ) ;
#4857 = VECTOR ( 'NONE', #932, 1000.000000000000000 ) ;
#4858 = ORIENTED_EDGE ( 'NONE', *, *, #1411, .F. ) ;
#4859 = ORIENTED_EDGE ( 'NONE', *, *, #4332, .T. ) ;
#4860 = CARTESIAN_POINT ( 'NONE',  ( 5.050000000000002487, 3.729999999999999982, -6.200000000000000178 ) ) ;
#4861 = LINE ( 'NONE', #5753, #8216 ) ;
#4862 = ORIENTED_EDGE ( 'NONE', *, *, #5158, .T. ) ;
#4863 = DIRECTION ( 'NONE',  ( -1.000000000000000000, -0.000000000000000000, -0.000000000000000000 ) ) ;
#4864 = AXIS2_PLACEMENT_3D ( 'NONE', #5003, #3489, #6295 ) ;
#4865 = CARTESIAN_POINT ( 'NONE',  ( 5.050000000000002487, 3.229999999999999982, 6.200000000000000178 ) ) ;
#4866 = CARTESIAN_POINT ( 'NONE',  ( -6.595784965746635642, 1.149999999999994138, 3.434999999999999609 ) ) ;
#4867 = ORIENTED_EDGE ( 'NONE', *, *, #3420, .F. ) ;
#4868 = CIRCLE ( 'NONE', #6608, 1.000000000000000000 ) ;
#4869 = VERTEX_POINT ( 'NONE', #4875 ) ;
#4870 = DIRECTION ( 'NONE',  ( -0.000000000000000000, -0.000000000000000000, -1.000000000000000000 ) ) ;
#4871 = EDGE_LOOP ( 'NONE', ( #1715, #6779, #8815, #4160 ) ) ;
#4872 = VECTOR ( 'NONE', #6132, 1000.000000000000000 ) ;
#4873 = DIRECTION ( 'NONE',  ( -0.000000000000000000, -0.000000000000000000, -1.000000000000000000 ) ) ;
#4874 = COLOUR_RGB ( '',0.7921568627450980005, 0.8196078431372548767, 0.9333333333333333481 ) ;
#4876 = LINE ( 'NONE', #755, #539 ) ;
#4875 = CARTESIAN_POINT ( 'NONE',  ( 2.650000000000002132, 3.229999999999999982, -5.799999999999999822 ) ) ;
#4877 = ADVANCED_FACE ( 'NONE', ( #7666 ), #6292, .F. ) ;
#4878 = LINE ( 'NONE', #2774, #5287 ) ;
#4879 = EDGE_CURVE ( 'NONE', #3066, #4674, #6984, .T. ) ;
#4880 = ORIENTED_EDGE ( 'NONE', *, *, #2156, .T. ) ;
#4881 = ORIENTED_EDGE ( 'NONE', *, *, #1129, .F. ) ;
#4882 = LINE ( 'NONE', #7672, #3133 ) ;
#4883 = CARTESIAN_POINT ( 'NONE',  ( -5.729759561962193715, 0.6500000000000000222, 1.644999999999999796 ) ) ;
#4884 = EDGE_CURVE ( 'NONE', #6615, #1509, #4789, .T. ) ;
#4885 = CARTESIAN_POINT ( 'NONE',  ( -3.200321239445594212, 2.009999999999998455, -6.680000000000001492 ) ) ;
#4886 = DIRECTION ( 'NONE',  ( -0.000000000000000000, -0.000000000000000000, -1.000000000000000000 ) ) ;
#4887 = ORIENTED_EDGE ( 'NONE', *, *, #2217, .T. ) ;
#4888 = ORIENTED_EDGE ( 'NONE', *, *, #6573, .T. ) ;
#4889 = ADVANCED_FACE ( 'NONE', ( #1310 ), #4091, .F. ) ;
#4890 = DIRECTION ( 'NONE',  ( 0.000000000000000000, 1.000000000000000000, 0.000000000000000000 ) ) ;
#4891 = CARTESIAN_POINT ( 'NONE',  ( -2.849999999999997424, 3.729999999999999982, 6.199999999999999289 ) ) ;
#4892 = AXIS2_PLACEMENT_3D ( 'NONE', #6313, #7640, #6909 ) ;
#4893 = AXIS2_PLACEMENT_3D ( 'NONE', #4996, #7794, #2260 ) ;
#4894 = DIRECTION ( 'NONE',  ( -0.8660254037844418162, 0.4999999999999947264, 0.000000000000000000 ) ) ;
#4895 = DIRECTION ( 'NONE',  ( 1.000000000000000000, 2.082697505432185440E-16, 0.000000000000000000 ) ) ;
#4896 = ADVANCED_FACE ( 'NONE', ( #4402 ), #1622, .F. ) ;
#4897 = ORIENTED_EDGE ( 'NONE', *, *, #8683, .F. ) ;
#4898 = LINE ( 'NONE', #7134, #5862 ) ;
#4899 = VERTEX_POINT ( 'NONE', #7069 ) ;
#4900 = VERTEX_POINT ( 'NONE', #6340 ) ;
#4901 = EDGE_CURVE ( 'NONE', #58, #7648, #924, .T. ) ;
#4902 = DIRECTION ( 'NONE',  ( 0.8660254037844417052, -0.4999999999999946154, 0.000000000000000000 ) ) ;
#4903 = LINE ( 'NONE', #6972, #6897 ) ;
#4904 = ORIENTED_EDGE ( 'NONE', *, *, #5621, .F. ) ;
#4905 = DIRECTION ( 'NONE',  ( -1.000000000000000000, -0.000000000000000000, -1.668003342285392635E-15 ) ) ;
#4906 = VECTOR ( 'NONE', #5175, 1000.000000000000000 ) ;
#4907 = CARTESIAN_POINT ( 'NONE',  ( 6.238607719548550534, 3.729999999999999982, 0.9999999999999995559 ) ) ;
#4908 = DIRECTION ( 'NONE',  ( 1.000000000000000000, 0.000000000000000000, 0.000000000000000000 ) ) ;
#4909 = AXIS2_PLACEMENT_3D ( 'NONE', #6634, #2468, #3423 ) ;
#4910 = ORIENTED_EDGE ( 'NONE', *, *, #8130, .T. ) ;
#4911 = VERTEX_POINT ( 'NONE', #3659 ) ;
#4912 = CARTESIAN_POINT ( 'NONE',  ( 9.250000000000001776, 3.097809730695487474E-17, 6.965121763127935850 ) ) ;
#4913 = AXIS2_PLACEMENT_3D ( 'NONE', #859, #2118, #3507 ) ;
#4915 = CARTESIAN_POINT ( 'NONE',  ( -4.688607719548555153, 1.149999999999999911, -4.110000000000000320 ) ) ;
#4914 = CARTESIAN_POINT ( 'NONE',  ( -6.742991448951236144, 0.8950308918860907514, 0.2999999999999999334 ) ) ;
#4916 = AXIS2_PLACEMENT_3D ( 'NONE', #6866, #456, #648 ) ;
#4917 = LINE ( 'NONE', #996, #2093 ) ;
#4918 = ORIENTED_EDGE ( 'NONE', *, *, #6161, .T. ) ;
#4919 = ORIENTED_EDGE ( 'NONE', *, *, #5700, .T. ) ;
#4920 = ORIENTED_EDGE ( 'NONE', *, *, #5428, .T. ) ;
#4921 = FACE_OUTER_BOUND ( 'NONE', #5846, .T. ) ;
#4922 = ADVANCED_FACE ( 'NONE', ( #4311 ), #105, .F. ) ;
#4923 = CARTESIAN_POINT ( 'NONE',  ( -2.395102131247015462E-16, 1.150000000000001021, -2.239999999999999769 ) ) ;
#4924 = FACE_OUTER_BOUND ( 'NONE', #9056, .T. ) ;
#4925 = CARTESIAN_POINT ( 'NONE',  ( -4.750000000000005329, 1.649999999999999911, -3.510000000000000231 ) ) ;
#4926 = VERTEX_POINT ( 'NONE', #62 ) ;
#4927 = CARTESIAN_POINT ( 'NONE',  ( 0.000000000000000000, 1.649999999999999911, 0.2999999999999999334 ) ) ;
#4928 = AXIS2_PLACEMENT_3D ( 'NONE', #5524, #2644, #3912 ) ;
#4929 = VERTEX_POINT ( 'NONE', #2898 ) ;
#4930 = CARTESIAN_POINT ( 'NONE',  ( 6.150000000000001243, 3.229999999999999982, -6.199999999999999289 ) ) ;
#4931 = DIRECTION ( 'NONE',  ( 1.000000000000000000, 2.082697505432185440E-16, 0.000000000000000000 ) ) ;
#4932 = CARTESIAN_POINT ( 'NONE',  ( 0.02999999999999617556, 0.000000000000000000, 0.000000000000000000 ) ) ;
#4933 = ADVANCED_FACE ( 'NONE', ( #2344 ), #5646, .T. ) ;
#4934 = CARTESIAN_POINT ( 'NONE',  ( -5.729759561962193715, 1.649999999999999911, 0.3749999999999994449 ) ) ;
#4935 = VECTOR ( 'NONE', #6010, 1000.000000000000000 ) ;
#4936 = FACE_OUTER_BOUND ( 'NONE', #5436, .T. ) ;
#4937 = CARTESIAN_POINT ( 'NONE',  ( 5.050000000000002487, 3.229999999999999982, 5.800000000000000711 ) ) ;
#4938 = ORIENTED_EDGE ( 'NONE', *, *, #2472, .T. ) ;
#4939 = PLANE ( 'NONE',  #773 ) ;
#4940 = VERTEX_POINT ( 'NONE', #7023 ) ;
#4941 = ORIENTED_EDGE ( 'NONE', *, *, #7239, .T. ) ;
#4942 = EDGE_CURVE ( 'NONE', #7063, #6212, #7751, .T. ) ;
#4943 = LINE ( 'NONE', #1434, #646 ) ;
#4944 = LINE ( 'NONE', #2800, #5124 ) ;
#4945 = ORIENTED_EDGE ( 'NONE', *, *, #1300, .F. ) ;
#4946 = FACE_OUTER_BOUND ( 'NONE', #6574, .T. ) ;
#4947 = CARTESIAN_POINT ( 'NONE',  ( 0.000000000000000000, 3.729999999999999982, 0.000000000000000000 ) ) ;
#4948 = DIRECTION ( 'NONE',  ( -0.4999999999999965583, -0.8660254037844405950, 0.000000000000000000 ) ) ;
#4949 = EDGE_CURVE ( 'NONE', #6967, #4556, #2220, .T. ) ;
#4950 = ORIENTED_EDGE ( 'NONE', *, *, #8690, .T. ) ;
#4951 = DIRECTION ( 'NONE',  ( 1.000000000000000000, -0.000000000000000000, 2.891205793294679312E-16 ) ) ;
#4952 = ORIENTED_EDGE ( 'NONE', *, *, #2255, .F. ) ;
#4953 = PLANE ( 'NONE',  #6877 ) ;
#4955 = CARTESIAN_POINT ( 'NONE',  ( -6.595784965746635642, 1.149999999999994138, -0.3750000000000003331 ) ) ;
#4954 = CARTESIAN_POINT ( 'NONE',  ( -6.742991448951236144, 0.8950308918860907514, 2.915000000000000036 ) ) ;
#4956 = ADVANCED_FACE ( 'NONE', ( #8441 ), #3707, .F. ) ;
#4957 = CARTESIAN_POINT ( 'NONE',  ( -4.688607719548555153, 1.149999999999999911, -0.9699999999999999734 ) ) ;
#4958 = ORIENTED_EDGE ( 'NONE', *, *, #2263, .T. ) ;
#4959 = ORIENTED_EDGE ( 'NONE', *, *, #2354, .F. ) ;
#4960 = ORIENTED_EDGE ( 'NONE', *, *, #7006, .F. ) ;
#4961 = DIRECTION ( 'NONE',  ( -0.000000000000000000, -0.000000000000000000, -1.000000000000000000 ) ) ;
#4962 = AXIS2_PLACEMENT_3D ( 'NONE', #235, #6697, #961 ) ;
#4963 = LINE ( 'NONE', #4839, #2681 ) ;
#4964 = VECTOR ( 'NONE', #6586, 1000.000000000000114 ) ;
#4965 = CARTESIAN_POINT ( 'NONE',  ( -5.729759561962193715, 0.6500000000000000222, 0.3749999999999994449 ) ) ;
#4966 = DIRECTION ( 'NONE',  ( -0.000000000000000000, -0.000000000000000000, -1.000000000000000000 ) ) ;
#4967 = VERTEX_POINT ( 'NONE', #2855 ) ;
#4968 = VECTOR ( 'NONE', #2847, 1000.000000000000000 ) ;
#4969 = DIRECTION ( 'NONE',  ( -0.000000000000000000, 0.000000000000000000, 1.000000000000000000 ) ) ;
#4970 = EDGE_LOOP ( 'NONE', ( #8478, #5083, #2589, #8202 ) ) ;
#4971 = LINE ( 'NONE', #606, #1368 ) ;
#4972 = VERTEX_POINT ( 'NONE', #5769 ) ;
#4973 = CARTESIAN_POINT ( 'NONE',  ( 0.000000000000000000, 0.000000000000000000, 0.000000000000000000 ) ) ;
#4974 = VECTOR ( 'NONE', #6047, 1000.000000000000000 ) ;
#4975 = DIRECTION ( 'NONE',  ( -0.9925461516413224272, -0.1218693434051442565, 0.000000000000000000 ) ) ;
#4976 = FACE_OUTER_BOUND ( 'NONE', #1398, .T. ) ;
#4977 = APPLICATION_CONTEXT ( 'automotive_design' ) ;
#4978 = CARTESIAN_POINT ( 'NONE',  ( -0.8500000000000053069, 2.419999999999999929, -6.699999999999999289 ) ) ;
#4979 = ORIENTED_EDGE ( 'NONE', *, *, #7791, .F. ) ;
#4980 = CARTESIAN_POINT ( 'NONE',  ( -6.309978747059014736, 0.6450308918860931939, -0.9699999999999999734 ) ) ;
#4981 = ADVANCED_FACE ( 'NONE', ( #8611 ), #5683, .F. ) ;
#4982 = ADVANCED_FACE ( 'NONE', ( #838 ), #4269, .T. ) ;
#4983 = ORIENTED_EDGE ( 'NONE', *, *, #4258, .F. ) ;
#4984 = ORIENTED_EDGE ( 'NONE', *, *, #6722, .T. ) ;
#4985 = CARTESIAN_POINT ( 'NONE',  ( -7.106247677099330140, 0.1474668416262637505, -2.239999999999999769 ) ) ;
#4986 = FACE_OUTER_BOUND ( 'NONE', #3395, .T. ) ;
#4987 = ORIENTED_EDGE ( 'NONE', *, *, #1943, .F. ) ;
#4988 = CARTESIAN_POINT ( 'NONE',  ( 5.050000000000002487, 3.729999999999999982, -6.200000000000000178 ) ) ;
#4989 = VECTOR ( 'NONE', #6861, 1000.000000000000000 ) ;
#4990 = CARTESIAN_POINT ( 'NONE',  ( -7.176004150843455776, 1.145030891886088309, 2.240000000000000657 ) ) ;
#4991 = VECTOR ( 'NONE', #8827, 1000.000000000000000 ) ;
#4992 = CARTESIAN_POINT ( 'NONE',  ( -7.106247677099330140, 0.1474668416262637505, 1.570000000000000284 ) ) ;
#4993 = EDGE_CURVE ( 'NONE', #7036, #7065, #2307, .T. ) ;
#4994 = VECTOR ( 'NONE', #4240, 1000.000000000000000 ) ;
#4995 = ORIENTED_EDGE ( 'NONE', *, *, #4746, .F. ) ;
#4996 = CARTESIAN_POINT ( 'NONE',  ( -5.729759561962193715, 0.6500000000000000222, -2.239999999999999769 ) ) ;
#4997 = ORIENTED_EDGE ( 'NONE', *, *, #1130, .T. ) ;
#4998 = CARTESIAN_POINT ( 'NONE',  ( -5.729759561962193715, 1.149999999999999689, -4.185000000000000497 ) ) ;
#4999 = VECTOR ( 'NONE', #203, 1000.000000000000000 ) ;
#5000 = ADVANCED_FACE ( 'NONE', ( #6510, #7799 ), #797, .T. ) ;
#5002 = LINE ( 'NONE', #278, #3584 ) ;
#5001 = CARTESIAN_POINT ( 'NONE',  ( 8.350000000000001421, 3.729999999999999982, 3.899999999999999467 ) ) ;
#5003 = CARTESIAN_POINT ( 'NONE',  ( -5.729759561962193715, 1.149999999999999689, -3.435000000000000497 ) ) ;
#5004 = VECTOR ( 'NONE', #4027, 1000.000000000000000 ) ;
#5005 = AXIS2_PLACEMENT_3D ( 'NONE', #2573, #8159, #5402 ) ;
#5006 = EDGE_CURVE ( 'NONE', #2558, #2992, #7841, .T. ) ;
#5007 = VERTEX_POINT ( 'NONE', #3022 ) ;
#5008 = ORIENTED_EDGE ( 'NONE', *, *, #3065, .F. ) ;
#5009 = ORIENTED_EDGE ( 'NONE', *, *, #1978, .F. ) ;
#5010 = CARTESIAN_POINT ( 'NONE',  ( 2.650000000000002132, 3.729999999999999982, -6.200000000000000178 ) ) ;
#5011 = ADVANCED_FACE ( 'NONE', ( #6381 ), #1537, .F. ) ;
#5012 = DIRECTION ( 'NONE',  ( -0.000000000000000000, -0.000000000000000000, -1.000000000000000000 ) ) ;
#5013 = DIRECTION ( 'NONE',  ( 1.000000000000000000, 0.000000000000000000, 0.000000000000000000 ) ) ;
#5014 = CARTESIAN_POINT ( 'NONE',  ( 5.050000000000002487, 3.229999999999999982, -5.800000000000000711 ) ) ;
#5015 = AXIS2_PLACEMENT_3D ( 'NONE', #6361, #4975, #5624 ) ;
#5016 = ORIENTED_EDGE ( 'NONE', *, *, #3849, .T. ) ;
#5017 =( NAMED_UNIT ( * ) SI_UNIT ( $, .STERADIAN. ) SOLID_ANGLE_UNIT ( ) );
#5018 = VECTOR ( 'NONE', #8253, 1000.000000000000114 ) ;
#5019 = VERTEX_POINT ( 'NONE', #5947 ) ;
#5020 = DIRECTION ( 'NONE',  ( -0.000000000000000000, -1.000000000000000000, -0.000000000000000000 ) ) ;
#5021 = LINE ( 'NONE', #3633, #4578 ) ;
#5022 = CARTESIAN_POINT ( 'NONE',  ( 0.3500000000000021982, 3.729999999999999982, -6.199999999999999289 ) ) ;
#5023 = DIRECTION ( 'NONE',  ( 1.000000000000000000, 0.000000000000000000, 0.000000000000000000 ) ) ;
#5024 = ORIENTED_EDGE ( 'NONE', *, *, #908, .T. ) ;
#5025 = FACE_OUTER_BOUND ( 'NONE', #7587, .T. ) ;
#5026 = ORIENTED_EDGE ( 'NONE', *, *, #1118, .T. ) ;
#5027 = VERTEX_POINT ( 'NONE', #5267 ) ;
#5028 = CARTESIAN_POINT ( 'NONE',  ( 2.650000000000002132, 3.729999999999999982, -5.799999999999999822 ) ) ;
#5029 = PLANE ( 'NONE',  #1927 ) ;
#5030 = ORIENTED_EDGE ( 'NONE', *, *, #7080, .F. ) ;
#5031 = CARTESIAN_POINT ( 'NONE',  ( 6.238607719548550534, 3.229999999999999982, -1.500000000000000000 ) ) ;
#5032 = AXIS2_PLACEMENT_3D ( 'NONE', #4087, #8312, #2040 ) ;
#5033 = EDGE_CURVE ( 'NONE', #8096, #2663, #3062, .T. ) ;
#5034 = EDGE_CURVE ( 'NONE', #1609, #1573, #2581, .T. ) ;
#5035 = FACE_OUTER_BOUND ( 'NONE', #6142, .T. ) ;
#5036 = CARTESIAN_POINT ( 'NONE',  ( -2.849999999999997424, 3.729999999999999982, -5.750000000000000000 ) ) ;
#5037 = ORIENTED_EDGE ( 'NONE', *, *, #5543, .F. ) ;
#5038 = VERTEX_POINT ( 'NONE', #8070 ) ;
#5039 = CYLINDRICAL_SURFACE ( 'NONE', #2555, 0.5000000000000004441 ) ;
#5040 = ORIENTED_EDGE ( 'NONE', *, *, #3851, .F. ) ;
#5041 = LINE ( 'NONE', #2218, #1169 ) ;
#5042 = EDGE_CURVE ( 'NONE', #725, #4055, #7332, .T. ) ;
#5043 = AXIS2_PLACEMENT_3D ( 'NONE', #6888, #621, #6199 ) ;
#5044 = EDGE_CURVE ( 'NONE', #8674, #721, #3159, .T. ) ;
#5046 = CARTESIAN_POINT ( 'NONE',  ( -9.170281297359524686, -0.6412485357495423255, 0.2999999999999999334 ) ) ;
#5045 = DIRECTION ( 'NONE',  ( 0.000000000000000000, -0.000000000000000000, -1.000000000000000000 ) ) ;
#5047 = VECTOR ( 'NONE', #8407, 1000.000000000000000 ) ;
#5048 = EDGE_CURVE ( 'NONE', #7008, #2819, #8704, .T. ) ;
#5049 = AXIS2_PLACEMENT_3D ( 'NONE', #8307, #8992, #2716 ) ;
#5050 = ORIENTED_EDGE ( 'NONE', *, *, #6159, .F. ) ;
#5051 = VERTEX_POINT ( 'NONE', #1803 ) ;
#5052 = ORIENTED_EDGE ( 'NONE', *, *, #898, .T. ) ;
#5053 = VECTOR ( 'NONE', #6623, 1000.000000000000000 ) ;
#5054 = VECTOR ( 'NONE', #1289, 1000.000000000000000 ) ;
#5055 = CARTESIAN_POINT ( 'NONE',  ( -0.04484046576840968606, 0.6412485357495464333, 2.840000000000000302 ) ) ;
#5056 = VECTOR ( 'NONE', #671, 1000.000000000000000 ) ;
#5057 = DIRECTION ( 'NONE',  ( 5.595882180570346166E-16, 0.000000000000000000, -1.000000000000000000 ) ) ;
#5058 = FACE_OUTER_BOUND ( 'NONE', #6117, .T. ) ;
#5059 = EDGE_CURVE ( 'NONE', #8804, #7651, #2535, .T. ) ;
#5060 = ORIENTED_EDGE ( 'NONE', *, *, #8990, .F. ) ;
#5061 = LINE ( 'NONE', #3628, #1781 ) ;
#5062 = AXIS2_PLACEMENT_3D ( 'NONE', #8185, #2646, #1966 ) ;
#5063 = ORIENTED_EDGE ( 'NONE', *, *, #1741, .T. ) ;
#5064 = DIRECTION ( 'NONE',  ( 0.000000000000000000, 0.000000000000000000, 1.000000000000000000 ) ) ;
#5065 = DIRECTION ( 'NONE',  ( 0.000000000000000000, 1.000000000000000000, 0.000000000000000000 ) ) ;
#5066 = LINE ( 'NONE', #7863, #82 ) ;
#5067 = LINE ( 'NONE', #7864, #4641 ) ;
#5068 = CARTESIAN_POINT ( 'NONE',  ( -9.249999999999996447, 0.4987820251299122654, -1.569999999999999840 ) ) ;
#5069 = CIRCLE ( 'NONE', #3460, 1.000000000000000000 ) ;
#5070 = ORIENTED_EDGE ( 'NONE', *, *, #2542, .T. ) ;
#5072 = AXIS2_PLACEMENT_3D ( 'NONE', #4738, #475, #3258 ) ;
#5071 = CARTESIAN_POINT ( 'NONE',  ( -6.595784965746635642, 1.149999999999994360, -0.9699999999999999734 ) ) ;
#5073 = VERTEX_POINT ( 'NONE', #1160 ) ;
#5074 = ORIENTED_EDGE ( 'NONE', *, *, #2905, .F. ) ;
#5075 = DIRECTION ( 'NONE',  ( -0.000000000000000000, -0.000000000000000000, -1.000000000000000000 ) ) ;
#5076 = LINE ( 'NONE', #220, #4852 ) ;
#5077 = ORIENTED_EDGE ( 'NONE', *, *, #7211, .F. ) ;
#5078 = CARTESIAN_POINT ( 'NONE',  ( -2.849999999999999201, 3.229999999999999982, 5.750000000000000000 ) ) ;
#5079 = AXIS2_PLACEMENT_3D ( 'NONE', #1907, #4698, #4140 ) ;
#5080 = CARTESIAN_POINT ( 'NONE',  ( 6.150000000000001243, 3.229999999999999982, 3.899999999999999467 ) ) ;
#5081 = LINE ( 'NONE', #7143, #8706 ) ;
#5082 = VERTEX_POINT ( 'NONE', #8659 ) ;
#5083 = ORIENTED_EDGE ( 'NONE', *, *, #4563, .F. ) ;
#5084 = CARTESIAN_POINT ( 'NONE',  ( -5.729759561962193715, 1.149999999999999689, 1.644999999999999796 ) ) ;
#5085 = ORIENTED_EDGE ( 'NONE', *, *, #1750, .T. ) ;
#5086 = CARTESIAN_POINT ( 'NONE',  ( -0.04484046576840968606, 0.6412485357495464333, -2.239999999999999769 ) ) ;
#5088 = CARTESIAN_POINT ( 'NONE',  ( -6.742991448951236144, 0.8950308918860907514, 3.434999999999999609 ) ) ;
#5087 = DIRECTION ( 'NONE',  ( 1.000000000000000000, 0.000000000000000000, 0.000000000000000000 ) ) ;
#5089 = ORIENTED_EDGE ( 'NONE', *, *, #2982, .F. ) ;
#5090 = EDGE_CURVE ( 'NONE', #329, #2968, #6550, .T. ) ;
#5091 = ADVANCED_FACE ( 'NONE', ( #5316 ), #3938, .T. ) ;
#5092 = ORIENTED_EDGE ( 'NONE', *, *, #8459, .F. ) ;
#5093 = ORIENTED_EDGE ( 'NONE', *, *, #6720, .T. ) ;
#5094 = CARTESIAN_POINT ( 'NONE',  ( -6.742991448951236144, 0.8950308918860907514, 2.915000000000000036 ) ) ;
#5095 = CARTESIAN_POINT ( 'NONE',  ( -1.951687059434424443, 0.8083970950615266826, -6.702664550635948792 ) ) ;
#5096 = DIRECTION ( 'NONE',  ( -1.000000000000000000, 0.000000000000000000, -5.595882180570346166E-16 ) ) ;
#5097 = LINE ( 'NONE', #4504, #4999 ) ;
#5098 = EDGE_CURVE ( 'NONE', #3066, #5750, #5898, .T. ) ;
#5099 = VERTEX_POINT ( 'NONE', #8115 ) ;
#5100 = DIRECTION ( 'NONE',  ( 0.000000000000000000, 0.000000000000000000, 1.000000000000000000 ) ) ;
#5101 = VERTEX_POINT ( 'NONE', #2438 ) ;
#5102 = DIRECTION ( 'NONE',  ( -0.000000000000000000, 0.000000000000000000, 1.000000000000000000 ) ) ;
#5103 = VECTOR ( 'NONE', #2539, 1000.000000000000000 ) ;
#5104 = CIRCLE ( 'NONE', #8920, 0.4999999999999995559 ) ;
#5105 = EDGE_CURVE ( 'NONE', #8131, #5027, #7285, .T. ) ;
#5106 = CARTESIAN_POINT ( 'NONE',  ( 3.774478171836572304, 2.729999999999999982, 4.349999999999999645 ) ) ;
#5107 = DIRECTION ( 'NONE',  ( 0.7071067811865499042, 0.000000000000000000, 0.7071067811865451302 ) ) ;
#5108 = STYLED_ITEM ( 'NONE', ( #4622 ), #2033 ) ;
#5109 = FACE_OUTER_BOUND ( 'NONE', #8084, .T. ) ;
#5110 = LINE ( 'NONE', #1687, #7402 ) ;
#5111 = ORIENTED_EDGE ( 'NONE', *, *, #5277, .F. ) ;
#5112 = CARTESIAN_POINT ( 'NONE',  ( -5.729759561962193715, 1.149999999999999689, -3.435000000000000497 ) ) ;
#5113 = EDGE_LOOP ( 'NONE', ( #5180, #3304, #970, #5187 ) ) ;
#5114 = ADVANCED_FACE ( 'NONE', ( #6745 ), #277, .F. ) ;
#5115 = PLANE ( 'NONE',  #8371 ) ;
#5116 = CARTESIAN_POINT ( 'NONE',  ( 8.349999999999999645, 1.026283873608581976, 5.502875684468884643 ) ) ;
#5117 = CARTESIAN_POINT ( 'NONE',  ( 0.3500000000000021982, 3.729999999999999982, -6.199999999999999289 ) ) ;
#5118 = PRODUCT_DEFINITION_FORMATION_WITH_SPECIFIED_SOURCE ( 'ANY', '', #536, .NOT_KNOWN. ) ;
#5119 = EDGE_CURVE ( 'NONE', #2214, #6785, #5337, .T. ) ;
#5120 = DIRECTION ( 'NONE',  ( -1.000000000000000000, 0.000000000000000000, 1.084202172485504631E-15 ) ) ;
#5121 = CARTESIAN_POINT ( 'NONE',  ( -2.049999999999997602, 3.729999999999999982, -5.799999999999998934 ) ) ;
#5122 = ORIENTED_EDGE ( 'NONE', *, *, #5543, .T. ) ;
#5123 = PRESENTATION_LAYER_ASSIGNMENT (  '', '', ( #3953 ) ) ;
#5124 = VECTOR ( 'NONE', #785, 1000.000000000000000 ) ;
#5125 = VERTEX_POINT ( 'NONE', #7241 ) ;
#5126 = CARTESIAN_POINT ( 'NONE',  ( -4.750100000000005096, 0.000000000000000000, 6.603405868283640956 ) ) ;
#5127 = ORIENTED_EDGE ( 'NONE', *, *, #2116, .T. ) ;
#5128 = DIRECTION ( 'NONE',  ( -0.000000000000000000, -0.000000000000000000, -1.000000000000000000 ) ) ;
#5129 = VECTOR ( 'NONE', #1225, 1000.000000000000000 ) ;
#5130 = CARTESIAN_POINT ( 'NONE',  ( -5.729759561962193715, 1.649999999999999911, 4.184999999999999609 ) ) ;
#5132 = DIRECTION ( 'NONE',  ( -0.000000000000000000, -0.000000000000000000, -1.000000000000000000 ) ) ;
#5131 = DIRECTION ( 'NONE',  ( -1.000000000000000000, 0.000000000000000000, 0.000000000000000000 ) ) ;
#5133 = VECTOR ( 'NONE', #8537, 1000.000000000000000 ) ;
#5134 = VECTOR ( 'NONE', #3716, 1000.000000000000000 ) ;
#5135 = EDGE_LOOP ( 'NONE', ( #5357, #4451, #8186, #8154 ) ) ;
#5136 = ORIENTED_EDGE ( 'NONE', *, *, #8558, .F. ) ;
#5137 = FACE_OUTER_BOUND ( 'NONE', #5135, .T. ) ;
#5138 = VERTEX_POINT ( 'NONE', #965 ) ;
#5139 = AXIS2_PLACEMENT_3D ( 'NONE', #2887, #8469, #3603 ) ;
#5140 = EDGE_CURVE ( 'NONE', #3750, #4055, #8020, .T. ) ;
#5141 = EDGE_CURVE ( 'NONE', #4940, #6462, #7976, .T. ) ;
#5142 = FACE_BOUND ( 'NONE', #7927, .T. ) ;
#5143 = CARTESIAN_POINT ( 'NONE',  ( 9.250000000000001776, 1.069861744982407492, -6.000973033514757304 ) ) ;
#5144 = CARTESIAN_POINT ( 'NONE',  ( -5.729759561962193715, 0.6500000000000000222, -4.185000000000000497 ) ) ;
#5145 = ORIENTED_EDGE ( 'NONE', *, *, #8558, .T. ) ;
#5146 = CARTESIAN_POINT ( 'NONE',  ( 5.050000000000002487, 3.229999999999999982, 5.800000000000000711 ) ) ;
#5147 = ORIENTED_EDGE ( 'NONE', *, *, #7915, .T. ) ;
#5148 = DIRECTION ( 'NONE',  ( 0.000000000000000000, 1.000000000000000000, 0.000000000000000000 ) ) ;
#5149 = VECTOR ( 'NONE', #1793, 1000.000000000000000 ) ;
#5150 = EDGE_CURVE ( 'NONE', #4733, #5099, #1712, .T. ) ;
#5151 = CARTESIAN_POINT ( 'NONE',  ( -5.729759561962193715, 0.000000000000000000, 0.2999999999999999334 ) ) ;
#5152 = CARTESIAN_POINT ( 'NONE',  ( 5.838607719548550179, 3.229999999999999982, 0.9999999999999995559 ) ) ;
#5153 =( GEOMETRIC_REPRESENTATION_CONTEXT ( 3 ) GLOBAL_UNCERTAINTY_ASSIGNED_CONTEXT ( ( #4534 ) ) GLOBAL_UNIT_ASSIGNED_CONTEXT ( ( #5963, #4753, #498 ) ) REPRESENTATION_CONTEXT ( 'NONE', 'WORKASPACE' ) );
#5154 = PLANE ( 'NONE',  #245 ) ;
#5155 = PLANE ( 'NONE',  #686 ) ;
#5156 = ORIENTED_EDGE ( 'NONE', *, *, #3315, .T. ) ;
#5157 = DIRECTION ( 'NONE',  ( 0.000000000000000000, 0.000000000000000000, 1.000000000000000000 ) ) ;
#5158 = EDGE_CURVE ( 'NONE', #1526, #6649, #3791, .T. ) ;
#5159 = ORIENTED_EDGE ( 'NONE', *, *, #944, .T. ) ;
#5160 = CARTESIAN_POINT ( 'NONE',  ( -6.742991448951236144, 0.8950308918860907514, -0.3750000000000003331 ) ) ;
#5161 = CARTESIAN_POINT ( 'NONE',  ( 4.570000000000002061, 0.05000000000000000278, -4.499999999999998224 ) ) ;
#5162 = LINE ( 'NONE', #221, #286 ) ;
#5163 = DIRECTION ( 'NONE',  ( 5.582250892826532776E-16, 0.06975647374412534407, -0.9975640502598243087 ) ) ;
#5164 = ORIENTED_EDGE ( 'NONE', *, *, #3472, .T. ) ;
#5165 = CARTESIAN_POINT ( 'NONE',  ( -5.729759561962193715, 1.649999999999999911, 0.9700000000000004174 ) ) ;
#5166 = EDGE_CURVE ( 'NONE', #8838, #188, #325, .T. ) ;
#5167 = DIRECTION ( 'NONE',  ( -0.000000000000000000, -0.000000000000000000, -1.000000000000000000 ) ) ;
#5168 = EDGE_LOOP ( 'NONE', ( #8828, #1282, #2199, #6214, #7469, #9012, #3491, #6425, #5870 ) ) ;
#5169 = LINE ( 'NONE', #7926, #1828 ) ;
#5170 = ORIENTED_EDGE ( 'NONE', *, *, #3008, .T. ) ;
#5171 = DIRECTION ( 'NONE',  ( -0.000000000000000000, -0.000000000000000000, -1.000000000000000000 ) ) ;
#5172 = DIRECTION ( 'NONE',  ( -0.000000000000000000, -0.000000000000000000, 1.000000000000000000 ) ) ;
#5173 = AXIS2_PLACEMENT_3D ( 'NONE', #8685, #3969, #4619 ) ;
#5174 =( GEOMETRIC_REPRESENTATION_CONTEXT ( 3 ) GLOBAL_UNCERTAINTY_ASSIGNED_CONTEXT ( ( #5896 ) ) GLOBAL_UNIT_ASSIGNED_CONTEXT ( ( #3527, #5642, #2721 ) ) REPRESENTATION_CONTEXT ( 'NONE', 'WORKASPACE' ) );
#5176 = CARTESIAN_POINT ( 'NONE',  ( 8.349999999999999645, -1.471918706457036446E-16, 6.965121763127938515 ) ) ;
#5175 = DIRECTION ( 'NONE',  ( 0.000000000000000000, 1.000000000000000000, 0.000000000000000000 ) ) ;
#5177 = ORIENTED_EDGE ( 'NONE', *, *, #2364, .T. ) ;
#5178 = VERTEX_POINT ( 'NONE', #4866 ) ;
#5179 = FACE_OUTER_BOUND ( 'NONE', #6935, .T. ) ;
#5180 = ORIENTED_EDGE ( 'NONE', *, *, #2057, .T. ) ;
#5181 = CARTESIAN_POINT ( 'NONE',  ( 6.150000000000001243, 3.229999999999999982, 3.899999999999999467 ) ) ;
#5182 = MECHANICAL_DESIGN_GEOMETRIC_PRESENTATION_REPRESENTATION (  '', ( #79 ), #2414 ) ;
#5183 = CARTESIAN_POINT ( 'NONE',  ( 0.000000000000000000, 0.000000000000000000, 0.9700000000000004174 ) ) ;
#5184 = AXIS2_PLACEMENT_3D ( 'NONE', #3532, #5131, #7195 ) ;
#5185 = CARTESIAN_POINT ( 'NONE',  ( -9.249999999999996447, 0.4987820251299122654, -3.510000000000000231 ) ) ;
#5186 = DIRECTION ( 'NONE',  ( 0.000000000000000000, 1.000000000000000000, 0.000000000000000000 ) ) ;
#5187 = ORIENTED_EDGE ( 'NONE', *, *, #4784, .F. ) ;
#5188 = FACE_OUTER_BOUND ( 'NONE', #3261, .T. ) ;
#5189 = ORIENTED_EDGE ( 'NONE', *, *, #8149, .T. ) ;
#5190 = DIRECTION ( 'NONE',  ( 0.000000000000000000, 0.000000000000000000, -1.000000000000000000 ) ) ;
#5191 = EDGE_CURVE ( 'NONE', #3562, #4627, #5772, .T. ) ;
#5192 = AXIS2_PLACEMENT_3D ( 'NONE', #7478, #709, #5545 ) ;
#5193 = CIRCLE ( 'NONE', #2868, 0.4999999999999995559 ) ;
#5194 = DIRECTION ( 'NONE',  ( -1.000000000000000000, 0.000000000000000000, 0.000000000000000000 ) ) ;
#5195 = CARTESIAN_POINT ( 'NONE',  ( -9.215121763127934074, -1.084202172485504434E-16, 2.240000000000000657 ) ) ;
#5196 = DIRECTION ( 'NONE',  ( 0.000000000000000000, 1.000000000000000000, 0.000000000000000000 ) ) ;
#5197 = CARTESIAN_POINT ( 'NONE',  ( 3.774478171836572304, 1.026283873608581754, -5.502875684468884643 ) ) ;
#5198 = VECTOR ( 'NONE', #5353, 1000.000000000000000 ) ;
#5199 = ORIENTED_EDGE ( 'NONE', *, *, #460, .T. ) ;
#5200 = CARTESIAN_POINT ( 'NONE',  ( -6.162772263854414234, 0.8999999999999971356, 0.2999999999999999334 ) ) ;
#5201 = ORIENTED_EDGE ( 'NONE', *, *, #5992, .T. ) ;
#5202 = ADVANCED_FACE ( 'NONE', ( #6791 ), #3390, .T. ) ;
#5203 = EDGE_CURVE ( 'NONE', #6013, #5984, #568, .T. ) ;
#5204 = CARTESIAN_POINT ( 'NONE',  ( -4.688607719548555153, 1.149999999999999911, 0.2999999999999999334 ) ) ;
#5205 = CARTESIAN_POINT ( 'NONE',  ( -6.742991448951236144, 0.8950308918860907514, 1.644999999999999796 ) ) ;
#5206 = DIRECTION ( 'NONE',  ( -1.000000000000000000, 0.000000000000000000, -3.771137991253928573E-16 ) ) ;
#5207 =( NAMED_UNIT ( * ) SI_UNIT ( $, .STERADIAN. ) SOLID_ANGLE_UNIT ( ) );
#5208 = CARTESIAN_POINT ( 'NONE',  ( -7.176004150843455776, 1.145030891886088309, -0.9699999999999999734 ) ) ;
#5209 = ORIENTED_EDGE ( 'NONE', *, *, #7076, .F. ) ;
#5210 = PLANE ( 'NONE',  #2101 ) ;
#5211 = ADVANCED_FACE ( 'NONE', ( #1209 ), #6190, .F. ) ;
#5212 = CARTESIAN_POINT ( 'NONE',  ( 0.000000000000000000, 1.649999999999999911, 4.110000000000000320 ) ) ;
#5213 = FACE_OUTER_BOUND ( 'NONE', #5284, .T. ) ;
#5214 = ORIENTED_EDGE ( 'NONE', *, *, #7114, .F. ) ;
#5215 = VECTOR ( 'NONE', #248, 1000.000000000000000 ) ;
#5216 = DIRECTION ( 'NONE',  ( 1.000000000000000000, 0.000000000000000000, -0.000000000000000000 ) ) ;
#5217 = VERTEX_POINT ( 'NONE', #523 ) ;
#5218 = DIRECTION ( 'NONE',  ( -0.000000000000000000, -0.000000000000000000, -1.000000000000000000 ) ) ;
#5219 = ADVANCED_FACE ( 'NONE', ( #3438 ), #7659, .T. ) ;
#5220 = PLANE ( 'NONE',  #306 ) ;
#5222 = CARTESIAN_POINT ( 'NONE',  ( -5.729759561962193715, 1.649999999999999911, -2.839999999999999858 ) ) ;
#5221 = CARTESIAN_POINT ( 'NONE',  ( -2.399999999999999467, 3.229999999999999982, 5.750000000000000000 ) ) ;
#5223 = VERTEX_POINT ( 'NONE', #8899 ) ;
#5224 = VERTEX_POINT ( 'NONE', #2037 ) ;
#5225 = DIRECTION ( 'NONE',  ( -0.000000000000000000, -0.000000000000000000, -1.000000000000000000 ) ) ;
#5226 = ORIENTED_EDGE ( 'NONE', *, *, #5700, .F. ) ;
#5227 = CARTESIAN_POINT ( 'NONE',  ( 0.3500000000000021982, 3.229999999999999982, 5.799999999999999822 ) ) ;
#5228 = EDGE_CURVE ( 'NONE', #7826, #5330, #1395, .T. ) ;
#5229 = FACE_OUTER_BOUND ( 'NONE', #6556, .T. ) ;
#5230 = DIRECTION ( 'NONE',  ( 1.000000000000000000, 0.000000000000000000, 0.000000000000000000 ) ) ;
#5231 = CARTESIAN_POINT ( 'NONE',  ( 6.150000000000001243, 3.229999999999999982, 6.199999999999999289 ) ) ;
#5232 = VERTEX_POINT ( 'NONE', #2624 ) ;
#5233 = DIRECTION ( 'NONE',  ( 0.000000000000000000, 0.000000000000000000, 1.000000000000000000 ) ) ;
#5234 = EDGE_LOOP ( 'NONE', ( #5493, #503, #3002, #7090 ) ) ;
#5235 = ORIENTED_EDGE ( 'NONE', *, *, #8624, .T. ) ;
#5236 = CARTESIAN_POINT ( 'NONE',  ( -5.729759561962193715, 1.149999999999999689, 2.165000000000000036 ) ) ;
#5237 = CARTESIAN_POINT ( 'NONE',  ( -2.049999999999997602, 3.229999999999999982, -6.200000000000000178 ) ) ;
#5238 = CARTESIAN_POINT ( 'NONE',  ( -2.399999999999997691, 3.729999999999999982, -5.750000000000000000 ) ) ;
#5239 = LINE ( 'NONE', #5921, #6988 ) ;
#5240 = FACE_OUTER_BOUND ( 'NONE', #2050, .T. ) ;
#5241 = VERTEX_POINT ( 'NONE', #10 ) ;
#5242 = AXIS2_PLACEMENT_3D ( 'NONE', #3203, #5897, #8703 ) ;
#5243 = DIRECTION ( 'NONE',  ( -0.000000000000000000, 0.000000000000000000, 1.000000000000000000 ) ) ;
#5244 = ORIENTED_EDGE ( 'NONE', *, *, #1819, .F. ) ;
#5245 = LINE ( 'NONE', #8374, #933 ) ;
#5246 = CARTESIAN_POINT ( 'NONE',  ( -4.892584303680321156, 1.164281575510307531, -4.892584303680270530 ) ) ;
#5247 = LINE ( 'NONE', #3097, #8042 ) ;
#5248 = VECTOR ( 'NONE', #7066, 1000.000000000000000 ) ;
#5249 = CARTESIAN_POINT ( 'NONE',  ( -5.729759561962193715, 0.6500000000000000222, 2.165000000000000036 ) ) ;
#5250 = EDGE_CURVE ( 'NONE', #2108, #6345, #5410, .T. ) ;
#5251 = CARTESIAN_POINT ( 'NONE',  ( -3.866780653695657488, -0.7030510279446647859, 0.000000000000000000 ) ) ;
#5252 = ADVANCED_FACE ( 'NONE', ( #9037 ), #4129, .F. ) ;
#5253 = CIRCLE ( 'NONE', #4096, 1.000000000000000000 ) ;
#5254 = ORIENTED_EDGE ( 'NONE', *, *, #6946, .T. ) ;
#5255 = CARTESIAN_POINT ( 'NONE',  ( -9.215121763127934074, -1.084202172485504434E-16, -1.569999999999999840 ) ) ;
#5256 = ORIENTED_EDGE ( 'NONE', *, *, #6061, .F. ) ;
#5257 = VERTEX_POINT ( 'NONE', #7525 ) ;
#5258 = DIRECTION ( 'NONE',  ( -0.1200270517162203010, 0.9775418899053661681, 0.1732205540245064512 ) ) ;
#5259 = LINE ( 'NONE', #3929, #7934 ) ;
#5260 = ORIENTED_EDGE ( 'NONE', *, *, #486, .T. ) ;
#5261 = CARTESIAN_POINT ( 'NONE',  ( -4.479866786035785253, -0.5500584762268876382, 0.2999999999999999334 ) ) ;
#5262 = ORIENTED_EDGE ( 'NONE', *, *, #6337, .F. ) ;
#5263 = DIRECTION ( 'NONE',  ( -0.000000000000000000, 0.000000000000000000, 1.000000000000000000 ) ) ;
#5264 = EDGE_CURVE ( 'NONE', #4098, #6554, #534, .T. ) ;
#5265 = FACE_OUTER_BOUND ( 'NONE', #8476, .T. ) ;
#5266 = AXIS2_PLACEMENT_3D ( 'NONE', #1674, #333, #7249 ) ;
#5268 = DIRECTION ( 'NONE',  ( -0.000000000000000000, 0.000000000000000000, 1.000000000000000000 ) ) ;
#5267 = CARTESIAN_POINT ( 'NONE',  ( -3.994608113321961529, 3.729999999999999982, -5.180000000000006821 ) ) ;
#5269 = EDGE_CURVE ( 'NONE', #7348, #2204, #6240, .T. ) ;
#5270 = ORIENTED_EDGE ( 'NONE', *, *, #1471, .F. ) ;
#5271 = ORIENTED_EDGE ( 'NONE', *, *, #6098, .T. ) ;
#5272 = ORIENTED_EDGE ( 'NONE', *, *, #8961, .T. ) ;
#5273 = CARTESIAN_POINT ( 'NONE',  ( -4.750000000000005329, 1.649999999999999911, 0.2999999999999999334 ) ) ;
#5274 = VECTOR ( 'NONE', #1878, 999.9999999999998863 ) ;
#5275 = AXIS2_PLACEMENT_3D ( 'NONE', #828, #2888, #4387 ) ;
#5276 = DIRECTION ( 'NONE',  ( 0.000000000000000000, 0.000000000000000000, 1.000000000000000000 ) ) ;
#5277 = EDGE_CURVE ( 'NONE', #2616, #4911, #1350, .T. ) ;
#5278 = FACE_OUTER_BOUND ( 'NONE', #4679, .T. ) ;
#5280 = CARTESIAN_POINT ( 'NONE',  ( 8.990000000000001990, 3.229999999999999982, 1.500000000000000000 ) ) ;
#5279 = VECTOR ( 'NONE', #1073, 1000.000000000000000 ) ;
#5281 = VERTEX_POINT ( 'NONE', #2765 ) ;
#5282 = CARTESIAN_POINT ( 'NONE',  ( 6.238607719548550534, 3.229999999999999982, 1.500000000000000000 ) ) ;
#5283 = ADVANCED_FACE ( 'NONE', ( #4041 ), #6836, .T. ) ;
#5284 = EDGE_LOOP ( 'NONE', ( #3101, #4881, #3753, #1353, #3581, #6002 ) ) ;
#5285 = EDGE_LOOP ( 'NONE', ( #7923, #2290, #8338, #2298, #812, #1746 ) ) ;
#5286 = DIRECTION ( 'NONE',  ( 0.000000000000000000, 0.000000000000000000, 1.000000000000000000 ) ) ;
#5287 = VECTOR ( 'NONE', #1452, 1000.000000000000000 ) ;
#5288 = CARTESIAN_POINT ( 'NONE',  ( -6.162772263854414234, 0.8999999999999971356, 2.165000000000000036 ) ) ;
#5289 = CARTESIAN_POINT ( 'NONE',  ( -0.07971870264047217769, 1.140030560879458754, -0.9699999999999999734 ) ) ;
#5290 = CARTESIAN_POINT ( 'NONE',  ( -5.729759561962193715, 1.149999999999999689, 4.110000000000000320 ) ) ;
#5291 = LINE ( 'NONE', #258, #8136 ) ;
#5292 = VERTEX_POINT ( 'NONE', #8945 ) ;
#5293 = CARTESIAN_POINT ( 'NONE',  ( -2.049999999999997602, 3.229999999999999982, 5.799999999999998934 ) ) ;
#5294 = AXIS2_PLACEMENT_3D ( 'NONE', #6918, #6273, #4161 ) ;
#5295 = ORIENTED_EDGE ( 'NONE', *, *, #7158, .F. ) ;
#5296 = VECTOR ( 'NONE', #2322, 1000.000000000000000 ) ;
#5297 = CARTESIAN_POINT ( 'NONE',  ( -7.141125913971392514, 0.6462488667561758771, -2.239999999999999769 ) ) ;
#5298 = LINE ( 'NONE', #4891, #20 ) ;
#5299 = CARTESIAN_POINT ( 'NONE',  ( -7.141125913971392514, 0.6462488667561758771, 2.240000000000000657 ) ) ;
#5300 = CIRCLE ( 'NONE', #7203, 1.000000000000000000 ) ;
#5301 = DIRECTION ( 'NONE',  ( 0.4999999999999968359, 0.8660254037844404840, 0.000000000000000000 ) ) ;
#5302 = ORIENTED_EDGE ( 'NONE', *, *, #8468, .T. ) ;
#5303 = CARTESIAN_POINT ( 'NONE',  ( -1.298188117465176816, -2.248527777231911884, -2.839999999999999858 ) ) ;
#5304 = VERTEX_POINT ( 'NONE', #2672 ) ;
#5305 = PRESENTATION_LAYER_ASSIGNMENT (  '', '', ( #7068 ) ) ;
#5306 = ORIENTED_EDGE ( 'NONE', *, *, #2926, .T. ) ;
#5307 = LINE ( 'NONE', #363, #146 ) ;
#5308 = CYLINDRICAL_SURFACE ( 'NONE', #2679, 0.4999999999999995559 ) ;
#5309 = ORIENTED_EDGE ( 'NONE', *, *, #6226, .T. ) ;
#5310 = DIRECTION ( 'NONE',  ( -0.000000000000000000, -0.000000000000000000, -1.000000000000000000 ) ) ;
#5311 = ORIENTED_EDGE ( 'NONE', *, *, #5033, .F. ) ;
#5312 = DIRECTION ( 'NONE',  ( -1.000000000000000000, -0.000000000000000000, 3.614007241618348278E-16 ) ) ;
#5313 = EDGE_CURVE ( 'NONE', #618, #725, #5459, .T. ) ;
#5314 = EDGE_CURVE ( 'NONE', #6664, #6857, #4782, .T. ) ;
#5315 = LINE ( 'NONE', #324, #6887 ) ;
#5317 = DIRECTION ( 'NONE',  ( 1.000000000000000000, -0.000000000000000000, -0.000000000000000000 ) ) ;
#5316 = FACE_OUTER_BOUND ( 'NONE', #5669, .T. ) ;
#5318 = EDGE_CURVE ( 'NONE', #720, #1648, #915, .T. ) ;
#5319 = ORIENTED_EDGE ( 'NONE', *, *, #5314, .T. ) ;
#5320 = VERTEX_POINT ( 'NONE', #7875 ) ;
#5321 = DIRECTION ( 'NONE',  ( -0.1427535950368092610, -0.9897582589218776317, 0.000000000000000000 ) ) ;
#5322 = VERTEX_POINT ( 'NONE', #5677 ) ;
#5323 = DIRECTION ( 'NONE',  ( 0.9975640502598243087, 0.06975647374412492774, 0.000000000000000000 ) ) ;
#5324 = ADVANCED_FACE ( 'NONE', ( #5719 ), #7703, .T. ) ;
#5325 = VECTOR ( 'NONE', #5310, 1000.000000000000000 ) ;
#5326 = CARTESIAN_POINT ( 'NONE',  ( -4.750000000000005329, 1.649999999999999911, -0.2999999999999999334 ) ) ;
#5327 = ADVANCED_FACE ( 'NONE', ( #6333 ), #1441, .F. ) ;
#5328 = DIRECTION ( 'NONE',  ( -1.000000000000000000, 0.000000000000000000, 0.000000000000000000 ) ) ;
#5329 = DIRECTION ( 'NONE',  ( -1.000000000000000000, -0.000000000000000000, 3.771137991253928573E-16 ) ) ;
#5330 = VERTEX_POINT ( 'NONE', #833 ) ;
#5331 = LINE ( 'NONE', #6014, #24 ) ;
#5332 = EDGE_CURVE ( 'NONE', #7713, #2576, #5915, .T. ) ;
#5333 = ORIENTED_EDGE ( 'NONE', *, *, #8181, .F. ) ;
#5334 = VERTEX_POINT ( 'NONE', #5036 ) ;
#5335 = FILL_AREA_STYLE ('',( #1822 ) ) ;
#5336 = EDGE_CURVE ( 'NONE', #528, #2470, #7391, .T. ) ;
#5337 = CIRCLE ( 'NONE', #1407, 0.4499999999999999001 ) ;
#5338 = EDGE_CURVE ( 'NONE', #1778, #8228, #7829, .T. ) ;
#5339 = CARTESIAN_POINT ( 'NONE',  ( -6.742991448951236144, 0.8950308918860907514, -2.839999999999999858 ) ) ;
#5340 = ADVANCED_FACE ( 'NONE', ( #2933 ), #1614, .T. ) ;
#5341 = FACE_OUTER_BOUND ( 'NONE', #3526, .T. ) ;
#5342 = DIRECTION ( 'NONE',  ( 0.000000000000000000, 0.000000000000000000, -1.000000000000000000 ) ) ;
#5343 = ORIENTED_EDGE ( 'NONE', *, *, #569, .T. ) ;
#5344 = DIRECTION ( 'NONE',  ( -0.000000000000000000, -0.000000000000000000, -1.000000000000000000 ) ) ;
#5345 = ORIENTED_EDGE ( 'NONE', *, *, #4779, .T. ) ;
#5346 = AXIS2_PLACEMENT_3D ( 'NONE', #8519, #1531, #3565 ) ;
#5347 = CARTESIAN_POINT ( 'NONE',  ( -1.298188117465176816, -2.248527777231911884, -0.2999999999999999334 ) ) ;
#5349 = CARTESIAN_POINT ( 'NONE',  ( -6.595784965746635642, 1.149999999999994360, 1.570000000000000284 ) ) ;
#5348 = VECTOR ( 'NONE', #423, 1000.000000000000000 ) ;
#5350 = DIRECTION ( 'NONE',  ( -0.000000000000000000, -0.000000000000000000, 1.000000000000000000 ) ) ;
#5351 = EDGE_CURVE ( 'NONE', #703, #6300, #139, .T. ) ;
#5352 = VECTOR ( 'NONE', #5476, 1000.000000000000000 ) ;
#5353 = DIRECTION ( 'NONE',  ( -0.000000000000000000, -0.000000000000000000, 1.000000000000000000 ) ) ;
#5354 = VERTEX_POINT ( 'NONE', #4992 ) ;
#5355 = CARTESIAN_POINT ( 'NONE',  ( 5.050000000000002487, 3.729999999999999982, 5.800000000000000711 ) ) ;
#5356 = ORIENTED_EDGE ( 'NONE', *, *, #5044, .T. ) ;
#5357 = ORIENTED_EDGE ( 'NONE', *, *, #4058, .F. ) ;
#5358 = CARTESIAN_POINT ( 'NONE',  ( -7.176004150843455776, 1.145030891886088309, 0.2999999999999999334 ) ) ;
#5359 = FACE_OUTER_BOUND ( 'NONE', #3980, .T. ) ;
#5360 = CARTESIAN_POINT ( 'NONE',  ( -4.344608113321960730, 2.010000000000000231, 5.680000000000001492 ) ) ;
#5361 = DIRECTION ( 'NONE',  ( -1.000000000000000000, 0.000000000000000000, 0.000000000000000000 ) ) ;
#5362 = ORIENTED_EDGE ( 'NONE', *, *, #140, .T. ) ;
#5363 = CARTESIAN_POINT ( 'NONE',  ( -2.399999999999999467, 3.729999999999999982, 5.750000000000000000 ) ) ;
#5364 = DIRECTION ( 'NONE',  ( -0.000000000000000000, -0.000000000000000000, -1.000000000000000000 ) ) ;
#5366 = CARTESIAN_POINT ( 'NONE',  ( -6.309978747059014736, 0.6450308918860931939, 1.570000000000000284 ) ) ;
#5365 = DIRECTION ( 'NONE',  ( 0.000000000000000000, -1.000000000000000000, 0.000000000000000000 ) ) ;
#5367 = AXIS2_PLACEMENT_3D ( 'NONE', #8140, #1230, #4661 ) ;
#5368 = CIRCLE ( 'NONE', #1556, 0.4999999999999995559 ) ;
#5369 = ORIENTED_EDGE ( 'NONE', *, *, #3008, .F. ) ;
#5370 = ORIENTED_EDGE ( 'NONE', *, *, #6055, .F. ) ;
#5371 = CARTESIAN_POINT ( 'NONE',  ( -6.309978747059014736, 0.6450308918860931939, -0.2999999999999999334 ) ) ;
#5372 = ORIENTED_EDGE ( 'NONE', *, *, #7852, .F. ) ;
#5373 = CARTESIAN_POINT ( 'NONE',  ( 5.050000000000002487, 3.729999999999999982, -5.800000000000000711 ) ) ;
#5374 = AXIS2_PLACEMENT_3D ( 'NONE', #5106, #7903, #1643 ) ;
#5375 = CARTESIAN_POINT ( 'NONE',  ( -7.176004150843455776, 1.145030891886088309, -0.2999999999999999334 ) ) ;
#5376 = FACE_OUTER_BOUND ( 'NONE', #7604, .T. ) ;
#5377 = EDGE_CURVE ( 'NONE', #6460, #2613, #2423, .T. ) ;
#5378 = CARTESIAN_POINT ( 'NONE',  ( -2.849999999999997424, 3.729999999999999982, 6.199999999999999289 ) ) ;
#5379 = ADVANCED_FACE ( 'NONE', ( #184 ), #3610, .T. ) ;
#5380 = EDGE_LOOP ( 'NONE', ( #3619, #1498, #1582, #1485 ) ) ;
#5381 = LINE ( 'NONE', #4537, #2357 ) ;
#5382 = ORIENTED_EDGE ( 'NONE', *, *, #3239, .F. ) ;
#5383 = FACE_OUTER_BOUND ( 'NONE', #4776, .T. ) ;
#5384 = DIRECTION ( 'NONE',  ( 1.000000000000000000, 0.000000000000000000, 0.000000000000000000 ) ) ;
#5385 = EDGE_CURVE ( 'NONE', #7191, #4642, #2256, .T. ) ;
#5386 = CARTESIAN_POINT ( 'NONE',  ( 0.3500000000000021982, 3.729999999999999982, -5.799999999999999822 ) ) ;
#5387 = FACE_OUTER_BOUND ( 'NONE', #5983, .T. ) ;
#5388 = ORIENTED_EDGE ( 'NONE', *, *, #6437, .F. ) ;
#5389 = LINE ( 'NONE', #6769, #5274 ) ;
#5390 = VERTEX_POINT ( 'NONE', #7061 ) ;
#5391 = EDGE_CURVE ( 'NONE', #6389, #5292, #5081, .T. ) ;
#5392 = LINE ( 'NONE', #6955, #70 ) ;
#5393 = CARTESIAN_POINT ( 'NONE',  ( -4.494608113321961085, 3.729999999999999982, -4.680000000000001492 ) ) ;
#5394 = DIRECTION ( 'NONE',  ( -0.06975647374412489998, 0.9975640502598243087, 0.000000000000000000 ) ) ;
#5395 = FACE_OUTER_BOUND ( 'NONE', #68, .T. ) ;
#5396 = EDGE_CURVE ( 'NONE', #588, #4770, #5759, .T. ) ;
#5397 = ORIENTED_EDGE ( 'NONE', *, *, #8871, .T. ) ;
#5398 = FACE_BOUND ( 'NONE', #862, .T. ) ;
#5399 = VERTEX_POINT ( 'NONE', #8562 ) ;
#5400 = ORIENTED_EDGE ( 'NONE', *, *, #5150, .F. ) ;
#5401 = ORIENTED_EDGE ( 'NONE', *, *, #2376, .F. ) ;
#5402 = DIRECTION ( 'NONE',  ( 0.000000000000000000, 0.000000000000000000, 1.000000000000000000 ) ) ;
#5403 = EDGE_CURVE ( 'NONE', #8428, #4018, #4392, .T. ) ;
#5404 = DIRECTION ( 'NONE',  ( -1.000000000000000000, 0.000000000000000000, 0.000000000000000000 ) ) ;
#5405 = DIRECTION ( 'NONE',  ( 0.06975647374412444202, -0.9975640502598243087, 0.000000000000000000 ) ) ;
#5406 = ORIENTED_EDGE ( 'NONE', *, *, #1319, .T. ) ;
#5407 = DIRECTION ( 'NONE',  ( 0.000000000000000000, 0.000000000000000000, -1.000000000000000000 ) ) ;
#5408 = VECTOR ( 'NONE', #5128, 1000.000000000000000 ) ;
#5409 = CARTESIAN_POINT ( 'NONE',  ( 0.3500000000000021982, 3.229999999999999982, 6.199999999999999289 ) ) ;
#5411 = CARTESIAN_POINT ( 'NONE',  ( -4.892584303680321156, 1.164281575510307531, 4.892584303680270530 ) ) ;
#5410 = LINE ( 'NONE', #4688, #8423 ) ;
#5412 = VECTOR ( 'NONE', #6537, 1000.000000000000000 ) ;
#5413 = ORIENTED_EDGE ( 'NONE', *, *, #2916, .F. ) ;
#5414 = ORIENTED_EDGE ( 'NONE', *, *, #1470, .T. ) ;
#5415 = DIRECTION ( 'NONE',  ( -0.000000000000000000, 0.000000000000000000, 1.000000000000000000 ) ) ;
#5416 = EDGE_LOOP ( 'NONE', ( #4995, #581, #2832, #3742 ) ) ;
#5417 = CARTESIAN_POINT ( 'NONE',  ( 5.050000000000002487, 3.729999999999999982, -5.800000000000000711 ) ) ;
#5418 = AXIS2_PLACEMENT_3D ( 'NONE', #7388, #6557, #7985 ) ;
#5419 = DIRECTION ( 'NONE',  ( 1.000000000000000000, 0.000000000000000000, 0.000000000000000000 ) ) ;
#5420 = DIRECTION ( 'NONE',  ( 0.000000000000000000, 0.000000000000000000, -1.000000000000000000 ) ) ;
#5421 = CARTESIAN_POINT ( 'NONE',  ( -0.8500000000000044187, 2.419999999999999929, 6.700000000000001066 ) ) ;
#5422 = EDGE_LOOP ( 'NONE', ( #882, #3271, #5953, #7431 ) ) ;
#5423 = VECTOR ( 'NONE', #8806, 1000.000000000000000 ) ;
#5424 = ORIENTED_EDGE ( 'NONE', *, *, #1060, .T. ) ;
#5425 = CYLINDRICAL_SURFACE ( 'NONE', #8697, 0.4499999999999999001 ) ;
#5426 = VECTOR ( 'NONE', #7871, 1000.000000000000114 ) ;
#5427 = EDGE_CURVE ( 'NONE', #5304, #2463, #2172, .T. ) ;
#5428 = EDGE_CURVE ( 'NONE', #6275, #6768, #822, .T. ) ;
#5429 = AXIS2_PLACEMENT_3D ( 'NONE', #2320, #6524, #5822 ) ;
#5430 = CARTESIAN_POINT ( 'NONE',  ( 5.700000000000001066, 3.229999999999999982, 5.749999999999999112 ) ) ;
#5431 = CARTESIAN_POINT ( 'NONE',  ( 2.650000000000002132, 3.229999999999999982, -6.200000000000000178 ) ) ;
#5432 = CARTESIAN_POINT ( 'NONE',  ( -6.309978747059014736, 0.6450308918860931939, 3.434999999999999609 ) ) ;
#5433 = VECTOR ( 'NONE', #8030, 1000.000000000000000 ) ;
#5434 = VERTEX_POINT ( 'NONE', #8474 ) ;
#5435 = DIRECTION ( 'NONE',  ( 0.000000000000000000, 1.000000000000000000, 0.000000000000000000 ) ) ;
#5436 = EDGE_LOOP ( 'NONE', ( #892, #5961, #5209, #3896, #8998, #1385 ) ) ;
#5437 = AXIS2_PLACEMENT_3D ( 'NONE', #2224, #8358, #673 ) ;
#5438 = ADVANCED_FACE ( 'NONE', ( #8691, #7922 ), #2424, .F. ) ;
#5439 = LINE ( 'NONE', #4153, #6056 ) ;
#5440 = DIRECTION ( 'NONE',  ( -1.000000000000000000, 0.000000000000000000, -1.084202172485504631E-15 ) ) ;
#5441 = DIRECTION ( 'NONE',  ( 7.885106708985496922E-16, 0.000000000000000000, -1.000000000000000000 ) ) ;
#5442 = CARTESIAN_POINT ( 'NONE',  ( 2.650000000000002132, 3.729999999999999982, -5.799999999999999822 ) ) ;
#5443 = LINE ( 'NONE', #508, #679 ) ;
#5444 = ADVANCED_FACE ( 'NONE', ( #1787 ), #3876, .F. ) ;
#5445 = VECTOR ( 'NONE', #361, 1000.000000000000000 ) ;
#5446 = EDGE_LOOP ( 'NONE', ( #3641, #5967, #4484, #8672, #8532, #4653 ) ) ;
#5447 = CARTESIAN_POINT ( 'NONE',  ( 6.150000000000001243, 3.229999999999999982, 3.899999999999999467 ) ) ;
#5448 = ORIENTED_EDGE ( 'NONE', *, *, #240, .T. ) ;
#5449 = ORIENTED_EDGE ( 'NONE', *, *, #5490, .F. ) ;
#5450 = ORIENTED_EDGE ( 'NONE', *, *, #7232, .F. ) ;
#5451 = CARTESIAN_POINT ( 'NONE',  ( -6.742991448951236144, 0.8950308918860907514, 1.644999999999999796 ) ) ;
#5452 = DIRECTION ( 'NONE',  ( -0.000000000000000000, -1.000000000000000000, -0.000000000000000000 ) ) ;
#5453 = MECHANICAL_DESIGN_GEOMETRIC_PRESENTATION_REPRESENTATION (  '', ( #1957 ), #8666 ) ;
#5454 = FACE_OUTER_BOUND ( 'NONE', #7281, .T. ) ;
#5455 = ORIENTED_EDGE ( 'NONE', *, *, #3351, .T. ) ;
#5456 = CARTESIAN_POINT ( 'NONE',  ( -3.994608113321961529, 0.000000000000000000, 5.180000000000005045 ) ) ;
#5457 = PRODUCT_RELATED_PRODUCT_CATEGORY ( 'part', '', ( #536 ) ) ;
#5458 = CARTESIAN_POINT ( 'NONE',  ( 6.238607719548550534, 3.229999999999999982, 0.9999999999999995559 ) ) ;
#5459 = LINE ( 'NONE', #8259, #7243 ) ;
#5460 = ADVANCED_FACE ( 'NONE', ( #6582 ), #8783, .T. ) ;
#5461 = VECTOR ( 'NONE', #3972, 1000.000000000000000 ) ;
#5462 = VERTEX_POINT ( 'NONE', #1146 ) ;
#5463 = ORIENTED_EDGE ( 'NONE', *, *, #3382, .T. ) ;
#5464 = PLANE ( 'NONE',  #7761 ) ;
#5465 = ORIENTED_EDGE ( 'NONE', *, *, #3994, .F. ) ;
#5466 = CARTESIAN_POINT ( 'NONE',  ( 9.250000000000001776, 0.4987820251299121543, -6.999999999999999112 ) ) ;
#5468 = CARTESIAN_POINT ( 'NONE',  ( -0.07971870264047217769, 1.140030560879458754, 4.110000000000000320 ) ) ;
#5467 = CARTESIAN_POINT ( 'NONE',  ( -2.049999999999997602, 3.229999999999999982, -6.200000000000000178 ) ) ;
#5469 = CARTESIAN_POINT ( 'NONE',  ( -5.729759561962193715, 1.149999999999999689, 1.644999999999999796 ) ) ;
#5470 = CARTESIAN_POINT ( 'NONE',  ( -5.729759561962193715, 1.149999999999999689, -3.510000000000000231 ) ) ;
#5471 = EDGE_LOOP ( 'NONE', ( #4768, #4276, #25, #4359 ) ) ;
#5472 = ORIENTED_EDGE ( 'NONE', *, *, #1969, .F. ) ;
#5473 = CARTESIAN_POINT ( 'NONE',  ( -5.729759561962193715, 0.6500000000000000222, 2.165000000000000036 ) ) ;
#5474 = DIRECTION ( 'NONE',  ( 0.000000000000000000, 1.000000000000000000, 0.000000000000000000 ) ) ;
#5475 = CARTESIAN_POINT ( 'NONE',  ( -6.742991448951236144, 0.8950308918860907514, 0.3749999999999994449 ) ) ;
#5476 = DIRECTION ( 'NONE',  ( 0.000000000000000000, 1.000000000000000000, 0.000000000000000000 ) ) ;
#5477 = ORIENTED_EDGE ( 'NONE', *, *, #1755, .T. ) ;
#5478 = DIRECTION ( 'NONE',  ( -0.8660254037844407060, 0.4999999999999966138, 0.000000000000000000 ) ) ;
#5479 = ORIENTED_EDGE ( 'NONE', *, *, #1597, .F. ) ;
#5480 = VECTOR ( 'NONE', #1826, 1000.000000000000000 ) ;
#5481 = LINE ( 'NONE', #6998, #4012 ) ;
#5482 = CARTESIAN_POINT ( 'NONE',  ( -6.309978747059014736, 0.6450308918860931939, 0.3749999999999994449 ) ) ;
#5483 = PLANE ( 'NONE',  #7022 ) ;
#5484 = VECTOR ( 'NONE', #3675, 1000.000000000000000 ) ;
#5485 =( LENGTH_UNIT ( ) NAMED_UNIT ( * ) SI_UNIT ( .MILLI., .METRE. ) );
#5486 = CARTESIAN_POINT ( 'NONE',  ( -6.742991448951236144, 0.8950308918860907514, -0.3750000000000003331 ) ) ;
#5487 = VECTOR ( 'NONE', #7609, 1000.000000000000000 ) ;
#5488 = ORIENTED_EDGE ( 'NONE', *, *, #7635, .F. ) ;
#5489 = FACE_OUTER_BOUND ( 'NONE', #342, .T. ) ;
#5490 = EDGE_CURVE ( 'NONE', #5007, #4911, #3145, .T. ) ;
#5491 = EDGE_CURVE ( 'NONE', #2985, #4119, #3100, .T. ) ;
#5492 = ORIENTED_EDGE ( 'NONE', *, *, #2594, .T. ) ;
#5493 = ORIENTED_EDGE ( 'NONE', *, *, #3578, .F. ) ;
#5494 = EDGE_LOOP ( 'NONE', ( #626, #5270, #3672, #93 ) ) ;
#5495 = FACE_OUTER_BOUND ( 'NONE', #2676, .T. ) ;
#5496 = DIRECTION ( 'NONE',  ( 0.000000000000000000, 1.000000000000000000, 0.000000000000000000 ) ) ;
#5497 = DIRECTION ( 'NONE',  ( -0.06975647374412489998, 0.9975640502598243087, 0.000000000000000000 ) ) ;
#5498 = ORIENTED_EDGE ( 'NONE', *, *, #8215, .F. ) ;
#5499 = CYLINDRICAL_SURFACE ( 'NONE', #5825, 0.4999999999999995559 ) ;
#5500 = AXIS2_PLACEMENT_3D ( 'NONE', #8044, #3179, #4562 ) ;
#5501 = DIRECTION ( 'NONE',  ( -0.1427535950368092610, -0.9897582589218776317, 0.000000000000000000 ) ) ;
#5502 = VECTOR ( 'NONE', #4183, 1000.000000000000000 ) ;
#5503 = CARTESIAN_POINT ( 'NONE',  ( -3.866780653695657488, -0.7030510279446647859, 0.000000000000000000 ) ) ;
#5504 = ADVANCED_FACE ( 'NONE', ( #3922 ), #3736, .T. ) ;
#5505 = VECTOR ( 'NONE', #4966, 1000.000000000000000 ) ;
#5506 = VERTEX_POINT ( 'NONE', #266 ) ;
#5507 = VERTEX_POINT ( 'NONE', #6540 ) ;
#5508 = CARTESIAN_POINT ( 'NONE',  ( 8.350000000000001421, 2.773577871373825499, 4.848097349045872306 ) ) ;
#5509 = ORIENTED_EDGE ( 'NONE', *, *, #7702, .T. ) ;
#5510 = DIRECTION ( 'NONE',  ( -0.000000000000000000, -0.000000000000000000, 1.000000000000000000 ) ) ;
#5511 = ADVANCED_FACE ( 'NONE', ( #1740 ), #3052, .F. ) ;
#5513 = DIRECTION ( 'NONE',  ( -1.000000000000000000, 0.000000000000000000, 5.595882180570346166E-16 ) ) ;
#5512 = LINE ( 'NONE', #4610, #218 ) ;
#5514 = CIRCLE ( 'NONE', #4057, 1.000000000000000000 ) ;
#5515 = AXIS2_PLACEMENT_3D ( 'NONE', #4426, #5831, #2412 ) ;
#5516 = CARTESIAN_POINT ( 'NONE',  ( -2.049999999999997602, 3.229999999999999982, -5.799999999999998934 ) ) ;
#5517 = DIRECTION ( 'NONE',  ( 0.000000000000000000, -1.000000000000000000, 0.000000000000000000 ) ) ;
#5518 = ORIENTED_EDGE ( 'NONE', *, *, #632, .T. ) ;
#5519 = ORIENTED_EDGE ( 'NONE', *, *, #6923, .T. ) ;
#5520 = FILL_AREA_STYLE_COLOUR ( '', #3283 ) ;
#5521 = EDGE_CURVE ( 'NONE', #3477, #8942, #1836, .T. ) ;
#5522 = AXIS2_PLACEMENT_3D ( 'NONE', #3086, #210, #7950 ) ;
#5523 = DIRECTION ( 'NONE',  ( 1.000000000000000000, 0.000000000000000000, -0.000000000000000000 ) ) ;
#5524 = CARTESIAN_POINT ( 'NONE',  ( 9.250000000000001776, 2.729999999999999982, 4.349999999999999645 ) ) ;
#5525 = CARTESIAN_POINT ( 'NONE',  ( 8.350000000000001421, 3.229999999999999982, 3.899999999999999467 ) ) ;
#5526 = EDGE_LOOP ( 'NONE', ( #49, #7819, #2525, #9027, #658, #8820 ) ) ;
#5527 = PLANE ( 'NONE',  #2955 ) ;
#5528 = ORIENTED_EDGE ( 'NONE', *, *, #2469, .T. ) ;
#5529 = CARTESIAN_POINT ( 'NONE',  ( -7.176004150843455776, 1.145030891886088309, -0.2999999999999999334 ) ) ;
#5530 = DIRECTION ( 'NONE',  ( 0.06975647374412444202, -0.9975640502598243087, 0.000000000000000000 ) ) ;
#5531 = LINE ( 'NONE', #6401, #8975 ) ;
#5532 = FACE_OUTER_BOUND ( 'NONE', #6100, .T. ) ;
#5533 = ORIENTED_EDGE ( 'NONE', *, *, #2771, .T. ) ;
#5534 = DIRECTION ( 'NONE',  ( 0.000000000000000000, -1.000000000000000000, 0.000000000000000000 ) ) ;
#5535 = ORIENTED_EDGE ( 'NONE', *, *, #8860, .F. ) ;
#5536 = ORIENTED_EDGE ( 'NONE', *, *, #1494, .F. ) ;
#5537 = ORIENTED_EDGE ( 'NONE', *, *, #5818, .F. ) ;
#5538 = DIRECTION ( 'NONE',  ( -0.000000000000000000, -0.000000000000000000, -1.000000000000000000 ) ) ;
#5539 = DIRECTION ( 'NONE',  ( 1.000000000000000000, 0.000000000000000000, 0.000000000000000000 ) ) ;
#5540 = ORIENTED_EDGE ( 'NONE', *, *, #6490, .T. ) ;
#5541 = DIRECTION ( 'NONE',  ( 0.1218693434051425356, -0.9925461516413225382, 0.000000000000000000 ) ) ;
#5542 = EDGE_CURVE ( 'NONE', #8606, #5434, #6685, .T. ) ;
#5543 = EDGE_CURVE ( 'NONE', #5051, #1838, #4574, .T. ) ;
#5544 = FACE_OUTER_BOUND ( 'NONE', #7946, .T. ) ;
#5545 = DIRECTION ( 'NONE',  ( 1.000000000000000000, 0.000000000000000000, 0.000000000000000000 ) ) ;
#5546 = AXIS2_PLACEMENT_3D ( 'NONE', #922, #8440, #5644 ) ;
#5547 = ORIENTED_EDGE ( 'NONE', *, *, #5521, .T. ) ;
#5548 = ORIENTED_EDGE ( 'NONE', *, *, #394, .T. ) ;
#5549 = LINE ( 'NONE', #1484, #72 ) ;
#5550 = ORIENTED_EDGE ( 'NONE', *, *, #7420, .T. ) ;
#5551 = DIRECTION ( 'NONE',  ( -0.000000000000000000, -0.000000000000000000, -1.000000000000000000 ) ) ;
#5552 = ADVANCED_FACE ( 'NONE', ( #408, #1659 ), #6729, .F. ) ;
#5553 = VECTOR ( 'NONE', #1477, 1000.000000000000000 ) ;
#5555 = PLANE ( 'NONE',  #5645 ) ;
#5554 = DIRECTION ( 'NONE',  ( 1.000000000000000000, 0.000000000000000000, 0.000000000000000000 ) ) ;
#5556 = LINE ( 'NONE', #4185, #3233 ) ;
#5557 = EDGE_CURVE ( 'NONE', #7115, #4642, #3011, .T. ) ;
#5558 = EDGE_LOOP ( 'NONE', ( #131, #5256, #1314, #883 ) ) ;
#5559 = VERTEX_POINT ( 'NONE', #2382 ) ;
#5560 = FACE_OUTER_BOUND ( 'NONE', #5494, .T. ) ;
#5561 =( GEOMETRIC_REPRESENTATION_CONTEXT ( 3 ) GLOBAL_UNCERTAINTY_ASSIGNED_CONTEXT ( ( #2111 ) ) GLOBAL_UNIT_ASSIGNED_CONTEXT ( ( #4669, #8099, #7462 ) ) REPRESENTATION_CONTEXT ( 'NONE', 'WORKASPACE' ) );
#5562 = EDGE_CURVE ( 'NONE', #3674, #2362, #8737, .T. ) ;
#5563 = EDGE_CURVE ( 'NONE', #1717, #7670, #7963, .T. ) ;
#5564 = DIRECTION ( 'NONE',  ( 0.000000000000000000, 0.000000000000000000, -1.000000000000000000 ) ) ;
#5565 = CARTESIAN_POINT ( 'NONE',  ( -6.742991448951236144, 0.8950308918860907514, -0.3750000000000003331 ) ) ;
#5566 = DIRECTION ( 'NONE',  ( 1.000000000000000000, 0.000000000000000000, -0.000000000000000000 ) ) ;
#5567 = ADVANCED_FACE ( 'NONE', ( #994 ), #3776, .T. ) ;
#5568 = ORIENTED_EDGE ( 'NONE', *, *, #5610, .F. ) ;
#5569 = DIRECTION ( 'NONE',  ( -0.000000000000000000, -0.000000000000000000, -1.000000000000000000 ) ) ;
#5570 = AXIS2_PLACEMENT_3D ( 'NONE', #4299, #3604, #6411 ) ;
#5571 = ORIENTED_EDGE ( 'NONE', *, *, #2323, .F. ) ;
#5572 = DIRECTION ( 'NONE',  ( 0.000000000000000000, -1.000000000000000000, 0.000000000000000000 ) ) ;
#5573 = LINE ( 'NONE', #39, #7044 ) ;
#5574 = SHAPE_DEFINITION_REPRESENTATION ( #6076, #3148 ) ;
#5575 = VECTOR ( 'NONE', #3502, 1000.000000000000114 ) ;
#5576 = VECTOR ( 'NONE', #6218, 1000.000000000000000 ) ;
#5577 = FACE_OUTER_BOUND ( 'NONE', #2889, .T. ) ;
#5578 = PLANE ( 'NONE',  #3447 ) ;
#5579 = PLANE ( 'NONE',  #1110 ) ;
#5580 = ORIENTED_EDGE ( 'NONE', *, *, #6953, .T. ) ;
#5581 = CARTESIAN_POINT ( 'NONE',  ( 6.238607719548550534, 3.729999999999999982, 1.500000000000000000 ) ) ;
#5582 = CIRCLE ( 'NONE', #7335, 1.000000000000000000 ) ;
#5583 = EDGE_LOOP ( 'NONE', ( #2299, #5477, #6473, #1522, #8432, #7288, #1962, #834, #2929 ) ) ;
#5584 = ORIENTED_EDGE ( 'NONE', *, *, #6113, .T. ) ;
#5585 = DIRECTION ( 'NONE',  ( -0.000000000000000000, -0.000000000000000000, 1.000000000000000000 ) ) ;
#5586 = CARTESIAN_POINT ( 'NONE',  ( -5.729759561962193715, 1.649999999999999911, -2.239999999999999769 ) ) ;
#5587 = VERTEX_POINT ( 'NONE', #1929 ) ;
#5588 = FACE_OUTER_BOUND ( 'NONE', #6781, .T. ) ;
#5589 = VECTOR ( 'NONE', #6493, 1000.000000000000227 ) ;
#5590 = FACE_OUTER_BOUND ( 'NONE', #5754, .T. ) ;
#5591 = DIRECTION ( 'NONE',  ( 0.000000000000000000, 0.000000000000000000, -1.000000000000000000 ) ) ;
#5592 = EDGE_CURVE ( 'NONE', #7147, #6690, #6083, .T. ) ;
#5593 = EDGE_CURVE ( 'NONE', #6615, #5223, #7645, .T. ) ;
#5594 = AXIS2_PLACEMENT_3D ( 'NONE', #1562, #6489, #128 ) ;
#5595 = ORIENTED_EDGE ( 'NONE', *, *, #3793, .T. ) ;
#5596 = LINE ( 'NONE', #5126, #662 ) ;
#5597 = VERTEX_POINT ( 'NONE', #6174 ) ;
#5598 = CIRCLE ( 'NONE', #183, 1.197138637385028792 ) ;
#5599 = DIRECTION ( 'NONE',  ( -0.4999999999999965583, -0.8660254037844405950, 0.000000000000000000 ) ) ;
#5600 = COLOUR_RGB ( '',0.7921568627450980005, 0.8196078431372548767, 0.9333333333333333481 ) ;
#5602 = CARTESIAN_POINT ( 'NONE',  ( -6.309978747059014736, 0.6450308918860931939, 2.840000000000000302 ) ) ;
#5601 = DIRECTION ( 'NONE',  ( -1.000000000000000000, 0.000000000000000000, 0.000000000000000000 ) ) ;
#5603 = CARTESIAN_POINT ( 'NONE',  ( -5.729759561962193715, 0.6500000000000000222, -0.9699999999999999734 ) ) ;
#5604 = EDGE_CURVE ( 'NONE', #3562, #4352, #5443, .T. ) ;
#5605 = VERTEX_POINT ( 'NONE', #6913 ) ;
#5606 = ADVANCED_FACE ( 'NONE', ( #5532 ), #2066, .F. ) ;
#5607 = ORIENTED_EDGE ( 'NONE', *, *, #5336, .T. ) ;
#5608 = ORIENTED_EDGE ( 'NONE', *, *, #8291, .T. ) ;
#5609 = CARTESIAN_POINT ( 'NONE',  ( -9.170281297359524686, -0.6412485357495423255, 4.110000000000000320 ) ) ;
#5610 = EDGE_CURVE ( 'NONE', #2801, #3696, #4115, .T. ) ;
#5611 = DIRECTION ( 'NONE',  ( 1.000000000000000000, 2.082697505432185440E-16, 0.000000000000000000 ) ) ;
#5612 = CARTESIAN_POINT ( 'NONE',  ( 6.150000000000001243, 3.729999999999999982, 5.749999999999999112 ) ) ;
#5613 = CARTESIAN_POINT ( 'NONE',  ( -5.729759561962193715, 1.149999999999999689, 4.184999999999999609 ) ) ;
#5614 = EDGE_CURVE ( 'NONE', #3066, #7944, #7511, .T. ) ;
#5615 = ORIENTED_EDGE ( 'NONE', *, *, #8916, .T. ) ;
#5616 = CARTESIAN_POINT ( 'NONE',  ( -6.742991448951236144, 0.8950308918860907514, -4.185000000000000497 ) ) ;
#5617 = VERTEX_POINT ( 'NONE', #8333 ) ;
#5618 = PLANE ( 'NONE',  #6879 ) ;
#5619 = PLANE ( 'NONE',  #7334 ) ;
#5620 = EDGE_CURVE ( 'NONE', #6343, #6664, #1192, .T. ) ;
#5621 = EDGE_CURVE ( 'NONE', #711, #4408, #6081, .T. ) ;
#5622 = VECTOR ( 'NONE', #7364, 999.9999999999998863 ) ;
#5623 = VECTOR ( 'NONE', #1305, 1000.000000000000000 ) ;
#5624 = DIRECTION ( 'NONE',  ( 0.1218693434051442426, -0.9925461516413223162, 0.000000000000000000 ) ) ;
#5625 = PLANE ( 'NONE',  #9009 ) ;
#5626 = CARTESIAN_POINT ( 'NONE',  ( -6.309978747059014736, 0.6450308918860931939, -3.510000000000000231 ) ) ;
#5627 = ORIENTED_EDGE ( 'NONE', *, *, #6071, .F. ) ;
#5628 = CARTESIAN_POINT ( 'NONE',  ( -5.729759561962193715, 1.149999999999999689, -0.8950000000000003508 ) ) ;
#5629 = ORIENTED_EDGE ( 'NONE', *, *, #5385, .F. ) ;
#5630 = ORIENTED_EDGE ( 'NONE', *, *, #6391, .F. ) ;
#5631 = LINE ( 'NONE', #1984, #8114 ) ;
#5632 = DIRECTION ( 'NONE',  ( 0.000000000000000000, 1.000000000000000000, 0.000000000000000000 ) ) ;
#5633 = EDGE_LOOP ( 'NONE', ( #7399, #5370, #865, #5455 ) ) ;
#5634 = CARTESIAN_POINT ( 'NONE',  ( 2.650000000000002132, 3.729999999999999982, 6.200000000000000178 ) ) ;
#5635 = ADVANCED_FACE ( 'NONE', ( #1975 ), #4159, .F. ) ;
#5636 = AXIS2_PLACEMENT_3D ( 'NONE', #6483, #208, #5787 ) ;
#5637 = AXIS2_PLACEMENT_3D ( 'NONE', #5238, #5789, #4468 ) ;
#5638 = LINE ( 'NONE', #5757, #4538 ) ;
#5639 = CARTESIAN_POINT ( 'NONE',  ( -1.298188117465176816, -2.248527777231911884, 0.2999999999999999334 ) ) ;
#5640 = AXIS2_PLACEMENT_3D ( 'NONE', #4303, #6457, #873 ) ;
#5641 = ORIENTED_EDGE ( 'NONE', *, *, #4084, .T. ) ;
#5642 =( NAMED_UNIT ( * ) PLANE_ANGLE_UNIT ( ) SI_UNIT ( $, .RADIAN. ) );
#5643 = ORIENTED_EDGE ( 'NONE', *, *, #8304, .T. ) ;
#5644 = DIRECTION ( 'NONE',  ( 0.7071067811865499042, 0.000000000000000000, 0.7071067811865451302 ) ) ;
#5645 = AXIS2_PLACEMENT_3D ( 'NONE', #1999, #6938, #5684 ) ;
#5647 = LINE ( 'NONE', #8357, #1700 ) ;
#5646 = PLANE ( 'NONE',  #2714 ) ;
#5648 = VECTOR ( 'NONE', #4104, 1000.000000000000000 ) ;
#5649 = LINE ( 'NONE', #1361, #3968 ) ;
#5650 = VERTEX_POINT ( 'NONE', #6034 ) ;
#5651 = VERTEX_POINT ( 'NONE', #2022 ) ;
#5652 = ORIENTED_EDGE ( 'NONE', *, *, #1862, .F. ) ;
#5653 = CARTESIAN_POINT ( 'NONE',  ( -5.729759561962193715, 1.149999999999999689, -2.239999999999999769 ) ) ;
#5654 = EDGE_CURVE ( 'NONE', #699, #1577, #8833, .T. ) ;
#5655 = ADVANCED_FACE ( 'NONE', ( #7595 ), #1334, .F. ) ;
#5656 = SURFACE_STYLE_FILL_AREA ( #7759 ) ;
#5657 = LINE ( 'NONE', #723, #8727 ) ;
#5658 = PLANE ( 'NONE',  #3084 ) ;
#5659 = ORIENTED_EDGE ( 'NONE', *, *, #1819, .T. ) ;
#5660 = DIRECTION ( 'NONE',  ( 0.000000000000000000, 0.000000000000000000, -1.000000000000000000 ) ) ;
#5661 = ORIENTED_EDGE ( 'NONE', *, *, #8908, .T. ) ;
#5662 = CARTESIAN_POINT ( 'NONE',  ( -5.729759561962193715, 0.000000000000000000, -0.9699999999999999734 ) ) ;
#5663 = EDGE_CURVE ( 'NONE', #6701, #120, #8930, .T. ) ;
#5664 = LINE ( 'NONE', #8546, #8303 ) ;
#5665 = LINE ( 'NONE', #4245, #4321 ) ;
#5666 = ORIENTED_EDGE ( 'NONE', *, *, #8640, .F. ) ;
#5667 = CARTESIAN_POINT ( 'NONE',  ( -5.729759561962193715, 1.149999999999999689, -2.839999999999999858 ) ) ;
#5668 = EDGE_CURVE ( 'NONE', #5281, #4678, #600, .T. ) ;
#5669 = EDGE_LOOP ( 'NONE', ( #1103, #1075, #3322, #4525 ) ) ;
#5670 = ORIENTED_EDGE ( 'NONE', *, *, #7466, .F. ) ;
#5671 = LINE ( 'NONE', #3005, #4720 ) ;
#5672 = CARTESIAN_POINT ( 'NONE',  ( 6.238607719548550534, 3.729999999999999982, -1.500000000000000000 ) ) ;
#5673 = ORIENTED_EDGE ( 'NONE', *, *, #5034, .F. ) ;
#5674 = CARTESIAN_POINT ( 'NONE',  ( -5.729759561962193715, 1.149999999999999689, -2.165000000000000036 ) ) ;
#5675 = DIRECTION ( 'NONE',  ( -0.000000000000000000, 0.000000000000000000, 1.000000000000000000 ) ) ;
#5676 = EDGE_CURVE ( 'NONE', #7145, #8741, #3285, .T. ) ;
#5677 = CARTESIAN_POINT ( 'NONE',  ( -4.750000000000005329, 1.649999999999999911, 2.240000000000000657 ) ) ;
#5678 = ADVANCED_FACE ( 'NONE', ( #5395 ), #7553, .T. ) ;
#5679 = VERTEX_POINT ( 'NONE', #6823 ) ;
#5680 = DIRECTION ( 'NONE',  ( 0.4999999999999968359, 0.8660254037844404840, 0.000000000000000000 ) ) ;
#5681 = ORIENTED_EDGE ( 'NONE', *, *, #7343, .F. ) ;
#5682 = CARTESIAN_POINT ( 'NONE',  ( -5.729759561962193715, 0.6500000000000000222, 0.3749999999999994449 ) ) ;
#5684 = DIRECTION ( 'NONE',  ( -0.8660254037844418162, 0.4999999999999947264, 0.000000000000000000 ) ) ;
#5683 = PLANE ( 'NONE',  #5184 ) ;
#5685 = CARTESIAN_POINT ( 'NONE',  ( -6.162772263854414234, 0.8999999999999971356, 2.915000000000000036 ) ) ;
#5686 = ORIENTED_EDGE ( 'NONE', *, *, #8874, .T. ) ;
#5687 = ORIENTED_EDGE ( 'NONE', *, *, #2762, .F. ) ;
#5688 = ORIENTED_EDGE ( 'NONE', *, *, #3994, .T. ) ;
#5689 = CARTESIAN_POINT ( 'NONE',  ( -4.344608113321960730, 1.650000000000000133, 6.680000000000001492 ) ) ;
#5690 = VECTOR ( 'NONE', #6506, 1000.000000000000000 ) ;
#5691 = LINE ( 'NONE', #3409, #8388 ) ;
#5692 = AXIS2_PLACEMENT_3D ( 'NONE', #5529, #9016, #8329 ) ;
#5693 = CARTESIAN_POINT ( 'NONE',  ( -7.176004150843455776, 1.145030891886088309, -2.239999999999999769 ) ) ;
#5694 = DIRECTION ( 'NONE',  ( -9.637352644315596722E-16, 0.000000000000000000, -1.000000000000000000 ) ) ;
#5695 = EDGE_LOOP ( 'NONE', ( #3290, #7421, #604, #5540 ) ) ;
#5696 = VECTOR ( 'NONE', #8342, 1000.000000000000000 ) ;
#5697 = LINE ( 'NONE', #726, #5848 ) ;
#5698 = ORIENTED_EDGE ( 'NONE', *, *, #4794, .T. ) ;
#5699 = DIRECTION ( 'NONE',  ( -0.8660254037844418162, 0.4999999999999947264, 0.000000000000000000 ) ) ;
#5700 = EDGE_CURVE ( 'NONE', #2143, #2470, #556, .T. ) ;
#5701 = EDGE_CURVE ( 'NONE', #4633, #3750, #4335, .T. ) ;
#5702 = VECTOR ( 'NONE', #5172, 1000.000000000000000 ) ;
#5703 = CARTESIAN_POINT ( 'NONE',  ( 7.050000000000004263, 3.229999999999999982, -7.000000000000000888 ) ) ;
#5704 = CARTESIAN_POINT ( 'NONE',  ( 6.988607719548549646, 3.229999999999999982, 1.499999999999999778 ) ) ;
#5705 = DIRECTION ( 'NONE',  ( -0.000000000000000000, 0.000000000000000000, 1.000000000000000000 ) ) ;
#5706 = ORIENTED_EDGE ( 'NONE', *, *, #162, .T. ) ;
#5707 = CARTESIAN_POINT ( 'NONE',  ( 5.050000000000002487, 3.229999999999999982, 6.200000000000000178 ) ) ;
#5708 = ADVANCED_FACE ( 'NONE', ( #2880 ), #1601, .F. ) ;
#5709 = VERTEX_POINT ( 'NONE', #126 ) ;
#5710 = ORIENTED_EDGE ( 'NONE', *, *, #1494, .T. ) ;
#5711 = LINE ( 'NONE', #8642, #1211 ) ;
#5712 = DIRECTION ( 'NONE',  ( -1.000000000000000000, 0.000000000000000000, -0.000000000000000000 ) ) ;
#5713 = ORIENTED_EDGE ( 'NONE', *, *, #4791, .T. ) ;
#5714 = DIRECTION ( 'NONE',  ( 0.000000000000000000, 0.000000000000000000, -1.000000000000000000 ) ) ;
#5715 = VECTOR ( 'NONE', #4518, 1000.000000000000114 ) ;
#5716 = EDGE_CURVE ( 'NONE', #4616, #4770, #1277, .T. ) ;
#5717 = CARTESIAN_POINT ( 'NONE',  ( 6.150000000000001243, 3.229999999999999982, 3.899999999999999467 ) ) ;
#5718 = VECTOR ( 'NONE', #7945, 1000.000000000000000 ) ;
#5719 = FACE_OUTER_BOUND ( 'NONE', #1867, .T. ) ;
#5720 = VERTEX_POINT ( 'NONE', #7087 ) ;
#5721 = FACE_OUTER_BOUND ( 'NONE', #5416, .T. ) ;
#5722 = ORIENTED_EDGE ( 'NONE', *, *, #5982, .F. ) ;
#5723 = PRODUCT_DEFINITION ( 'UNKNOWN', '', #5118, #727 ) ;
#5724 = LINE ( 'NONE', #5086, #3206 ) ;
#5725 = AXIS2_PLACEMENT_3D ( 'NONE', #5421, #537, #3217 ) ;
#5726 = EDGE_CURVE ( 'NONE', #2778, #5559, #5665, .T. ) ;
#5728 = CARTESIAN_POINT ( 'NONE',  ( -5.729759561962193715, 1.649999999999999911, 4.110000000000000320 ) ) ;
#5727 = DIRECTION ( 'NONE',  ( -0.000000000000000000, -0.000000000000000000, -1.000000000000000000 ) ) ;
#5729 = VECTOR ( 'NONE', #6951, 1000.000000000000114 ) ;
#5730 = AXIS2_PLACEMENT_3D ( 'NONE', #1510, #7127, #2874 ) ;
#5731 = ORIENTED_EDGE ( 'NONE', *, *, #4828, .T. ) ;
#5732 = ORIENTED_EDGE ( 'NONE', *, *, #4268, .T. ) ;
#5733 = ORIENTED_EDGE ( 'NONE', *, *, #8009, .T. ) ;
#5734 = CARTESIAN_POINT ( 'NONE',  ( -6.742991448951236144, 0.8950308918860907514, -3.435000000000000497 ) ) ;
#5735 =( GEOMETRIC_REPRESENTATION_CONTEXT ( 3 ) GLOBAL_UNCERTAINTY_ASSIGNED_CONTEXT ( ( #963 ) ) GLOBAL_UNIT_ASSIGNED_CONTEXT ( ( #3051, #5885, #5207 ) ) REPRESENTATION_CONTEXT ( 'NONE', 'WORKASPACE' ) );
#5736 = DIRECTION ( 'NONE',  ( 1.000000000000000000, 0.000000000000000000, 0.000000000000000000 ) ) ;
#5737 = DIRECTION ( 'NONE',  ( -0.000000000000000000, -0.000000000000000000, 1.000000000000000000 ) ) ;
#5738 = CARTESIAN_POINT ( 'NONE',  ( -5.729759561962193715, 1.649999999999999911, -1.645000000000000240 ) ) ;
#5739 = VECTOR ( 'NONE', #7171, 1000.000000000000000 ) ;
#5740 = ORIENTED_EDGE ( 'NONE', *, *, #2219, .T. ) ;
#5741 = PLANE ( 'NONE',  #2660 ) ;
#5742 = ORIENTED_EDGE ( 'NONE', *, *, #1061, .F. ) ;
#5743 = DIRECTION ( 'NONE',  ( 0.000000000000000000, 1.000000000000000000, 0.000000000000000000 ) ) ;
#5744 = DIRECTION ( 'NONE',  ( -0.000000000000000000, -0.000000000000000000, 1.000000000000000000 ) ) ;
#5745 = CARTESIAN_POINT ( 'NONE',  ( 9.250000000000001776, 0.07229769472258353036, -5.931216559770632557 ) ) ;
#5746 = DIRECTION ( 'NONE',  ( 0.000000000000000000, 1.000000000000000000, 0.000000000000000000 ) ) ;
#5747 = DIRECTION ( 'NONE',  ( 0.000000000000000000, 0.000000000000000000, -1.000000000000000000 ) ) ;
#5748 = EDGE_LOOP ( 'NONE', ( #2638, #6651, #3199, #8121, #758, #7695 ) ) ;
#5749 = LINE ( 'NONE', #3557, #6331 ) ;
#5750 = VERTEX_POINT ( 'NONE', #5068 ) ;
#5751 = ORIENTED_EDGE ( 'NONE', *, *, #7514, .T. ) ;
#5752 = CARTESIAN_POINT ( 'NONE',  ( -6.595784965746635642, 1.149999999999994138, 2.165000000000000036 ) ) ;
#5753 = CARTESIAN_POINT ( 'NONE',  ( 0.3500000000000021982, 3.729999999999999982, -5.799999999999999822 ) ) ;
#5754 = EDGE_LOOP ( 'NONE', ( #1511, #1420, #2041, #6816 ) ) ;
#5755 = LINE ( 'NONE', #2294, #8346 ) ;
#5756 = AXIS2_PLACEMENT_3D ( 'NONE', #5845, #2389, #1000 ) ;
#5757 = CARTESIAN_POINT ( 'NONE',  ( -5.729759561962193715, 1.649999999999999911, -0.9699999999999999734 ) ) ;
#5758 = EDGE_CURVE ( 'NONE', #6967, #360, #695, .T. ) ;
#5759 = LINE ( 'NONE', #5639, #1105 ) ;
#5760 = ADVANCED_FACE ( 'NONE', ( #3598 ), #5579, .T. ) ;
#5761 = VECTOR ( 'NONE', #3431, 1000.000000000000000 ) ;
#5762 = ORIENTED_EDGE ( 'NONE', *, *, #8585, .F. ) ;
#5763 = ORIENTED_EDGE ( 'NONE', *, *, #1500, .F. ) ;
#5764 = CARTESIAN_POINT ( 'NONE',  ( 6.238607719548550534, 3.729999999999999982, 0.9999999999999995559 ) ) ;
#5765 = ORIENTED_EDGE ( 'NONE', *, *, #8083, .F. ) ;
#5766 = LINE ( 'NONE', #2303, #1008 ) ;
#5767 = AXIS2_PLACEMENT_3D ( 'NONE', #6249, #1132, #4830 ) ;
#5768 = EDGE_CURVE ( 'NONE', #5390, #7088, #7865, .T. ) ;
#5770 = DIRECTION ( 'NONE',  ( 0.9975640502598243087, 0.06975647374412444202, -0.000000000000000000 ) ) ;
#5769 = CARTESIAN_POINT ( 'NONE',  ( -6.595784965746635642, 1.149999999999994138, -2.165000000000000036 ) ) ;
#5771 = VECTOR ( 'NONE', #3956, 1000.000000000000000 ) ;
#5772 = CIRCLE ( 'NONE', #5192, 0.4999999999999995559 ) ;
#5773 = ORIENTED_EDGE ( 'NONE', *, *, #8871, .F. ) ;
#5774 = EDGE_CURVE ( 'NONE', #6663, #2720, #2243, .T. ) ;
#5775 = EDGE_LOOP ( 'NONE', ( #782, #684, #9066, #4407 ) ) ;
#5776 = ORIENTED_EDGE ( 'NONE', *, *, #6113, .F. ) ;
#5777 = VECTOR ( 'NONE', #4894, 999.9999999999998863 ) ;
#5778 = VECTOR ( 'NONE', #4766, 1000.000000000000000 ) ;
#5779 = CARTESIAN_POINT ( 'NONE',  ( -5.729759561962193715, 1.149999999999999689, -3.510000000000000231 ) ) ;
#5780 = ADVANCED_FACE ( 'NONE', ( #8463 ), #8504, .F. ) ;
#5781 = CARTESIAN_POINT ( 'NONE',  ( -7.176004150843455776, 1.145030891886088309, -4.110000000000000320 ) ) ;
#5782 = DIRECTION ( 'NONE',  ( -2.082697505432185440E-16, 1.000000000000000000, 0.000000000000000000 ) ) ;
#5783 = ORIENTED_EDGE ( 'NONE', *, *, #7964, .F. ) ;
#5784 = CARTESIAN_POINT ( 'NONE',  ( 8.990000000000001990, 3.729999999999999982, 2.000000000000000000 ) ) ;
#5785 = EDGE_CURVE ( 'NONE', #6894, #5399, #3468, .T. ) ;
#5786 = ORIENTED_EDGE ( 'NONE', *, *, #8263, .F. ) ;
#5787 = DIRECTION ( 'NONE',  ( 0.000000000000000000, 0.000000000000000000, -1.000000000000000000 ) ) ;
#5788 = CARTESIAN_POINT ( 'NONE',  ( 5.700000000000001066, 3.229999999999999982, -6.199999999999999289 ) ) ;
#5789 = DIRECTION ( 'NONE',  ( -0.000000000000000000, 1.000000000000000000, -0.000000000000000000 ) ) ;
#5790 = CARTESIAN_POINT ( 'NONE',  ( 9.250000000000001776, 3.229999999999999538, 4.349999999999999645 ) ) ;
#5791 = LINE ( 'NONE', #8595, #6383 ) ;
#5792 = VERTEX_POINT ( 'NONE', #8380 ) ;
#5794 = VECTOR ( 'NONE', #3682, 1000.000000000000000 ) ;
#5793 = FACE_OUTER_BOUND ( 'NONE', #4614, .T. ) ;
#5795 = ORIENTED_EDGE ( 'NONE', *, *, #5332, .T. ) ;
#5796 = CARTESIAN_POINT ( 'NONE',  ( 7.050000000000004263, 3.229999999999999982, -7.000000000000000888 ) ) ;
#5797 = LINE ( 'NONE', #910, #4255 ) ;
#5798 = LINE ( 'NONE', #1784, #441 ) ;
#5799 = AXIS2_PLACEMENT_3D ( 'NONE', #7535, #6059, #5328 ) ;
#5800 = LINE ( 'NONE', #2336, #784 ) ;
#5801 = CARTESIAN_POINT ( 'NONE',  ( 7.050000000000004263, 3.229999999999999982, -3.899999999999999467 ) ) ;
#5802 = ORIENTED_EDGE ( 'NONE', *, *, #4850, .F. ) ;
#5803 = ORIENTED_EDGE ( 'NONE', *, *, #3521, .F. ) ;
#5804 = DIRECTION ( 'NONE',  ( 0.000000000000000000, 0.000000000000000000, 1.000000000000000000 ) ) ;
#5805 = EDGE_LOOP ( 'NONE', ( #884, #1304, #8889, #969 ) ) ;
#5806 = LINE ( 'NONE', #3743, #279 ) ;
#5807 = ADVANCED_FACE ( 'NONE', ( #3555 ), #6270, .F. ) ;
#5808 = EDGE_CURVE ( 'NONE', #5224, #6885, #6443, .T. ) ;
#5809 = LINE ( 'NONE', #660, #2500 ) ;
#5811 = LINE ( 'NONE', #839, #7850 ) ;
#5810 = DIRECTION ( 'NONE',  ( 1.000000000000000000, 0.000000000000000000, 0.000000000000000000 ) ) ;
#5812 = ADVANCED_FACE ( 'NONE', ( #821 ), #7002, .T. ) ;
#5813 = VERTEX_POINT ( 'NONE', #43 ) ;
#5814 = ORIENTED_EDGE ( 'NONE', *, *, #817, .F. ) ;
#5815 = SURFACE_STYLE_FILL_AREA ( #6426 ) ;
#5816 = ORIENTED_EDGE ( 'NONE', *, *, #5521, .F. ) ;
#5817 = LINE ( 'NONE', #5055, #28 ) ;
#5818 = EDGE_CURVE ( 'NONE', #1409, #3830, #2839, .T. ) ;
#5819 = CARTESIAN_POINT ( 'NONE',  ( -7.176004150843455776, 1.145030891886088309, 4.110000000000000320 ) ) ;
#5820 = CARTESIAN_POINT ( 'NONE',  ( -4.750100000000005096, 3.229999999999998206, -7.000000000000000888 ) ) ;
#5821 = ORIENTED_EDGE ( 'NONE', *, *, #4536, .F. ) ;
#5822 = DIRECTION ( 'NONE',  ( 0.000000000000000000, 0.000000000000000000, -1.000000000000000000 ) ) ;
#5823 = ORIENTED_EDGE ( 'NONE', *, *, #2641, .T. ) ;
#5824 = CARTESIAN_POINT ( 'NONE',  ( -6.742991448951236144, 0.8950308918860907514, -3.510000000000000231 ) ) ;
#5825 = AXIS2_PLACEMENT_3D ( 'NONE', #4777, #1987, #1299 ) ;
#5826 = EDGE_CURVE ( 'NONE', #198, #7475, #6363, .T. ) ;
#5827 = ADVANCED_FACE ( 'NONE', ( #7047 ), #2285, .F. ) ;
#5828 = DIRECTION ( 'NONE',  ( 0.000000000000000000, 1.000000000000000000, 0.000000000000000000 ) ) ;
#5829 = CARTESIAN_POINT ( 'NONE',  ( -0.8500000000000044187, 2.419999999999999929, 6.700000000000001066 ) ) ;
#5830 = CIRCLE ( 'NONE', #1016, 0.4499999999999999001 ) ;
#5831 = DIRECTION ( 'NONE',  ( -0.06975647374412489998, 0.9975640502598243087, 0.000000000000000000 ) ) ;
#5832 = CARTESIAN_POINT ( 'NONE',  ( -5.729759561962193715, 1.149999999999999689, -2.165000000000000036 ) ) ;
#5833 = EDGE_LOOP ( 'NONE', ( #6763, #5382, #874, #6541 ) ) ;
#5834 = CARTESIAN_POINT ( 'NONE',  ( -6.742991448951236144, 0.8950308918860907514, 0.3749999999999994449 ) ) ;
#5835 = EDGE_LOOP ( 'NONE', ( #4811, #667, #3895, #8437 ) ) ;
#5836 = DIRECTION ( 'NONE',  ( -0.1427535950368092610, -0.9897582589218776317, -0.000000000000000000 ) ) ;
#5837 = DIRECTION ( 'NONE',  ( 0.1218693434051425356, -0.9925461516413225382, 0.000000000000000000 ) ) ;
#5838 = DIRECTION ( 'NONE',  ( 0.000000000000000000, 1.000000000000000000, 0.000000000000000000 ) ) ;
#5839 = DIRECTION ( 'NONE',  ( -2.082697505432185440E-16, 1.000000000000000000, 0.000000000000000000 ) ) ;
#5840 = ORIENTED_EDGE ( 'NONE', *, *, #476, .T. ) ;
#5841 = DIRECTION ( 'NONE',  ( 0.000000000000000000, 0.000000000000000000, -1.000000000000000000 ) ) ;
#5842 = VECTOR ( 'NONE', #7339, 1000.000000000000000 ) ;
#5843 = AXIS2_PLACEMENT_3D ( 'NONE', #8513, #1653, #3048 ) ;
#5844 = ORIENTED_EDGE ( 'NONE', *, *, #2835, .T. ) ;
#5845 = CARTESIAN_POINT ( 'NONE',  ( -5.729759561962193715, 0.6500000000000000222, -0.8950000000000003508 ) ) ;
#5846 = EDGE_LOOP ( 'NONE', ( #3334, #7436, #3637, #5935 ) ) ;
#5847 = DIRECTION ( 'NONE',  ( -0.9271838545667928644, 0.3746065934158986366, 0.000000000000000000 ) ) ;
#5848 = VECTOR ( 'NONE', #6263, 1000.000000000000000 ) ;
#5849 = CARTESIAN_POINT ( 'NONE',  ( 6.238607719548550534, 3.729999999999999982, -1.500000000000000000 ) ) ;
#5851 = LINE ( 'NONE', #3660, #1272 ) ;
#5850 = CARTESIAN_POINT ( 'NONE',  ( -2.395102131247015462E-16, 1.150000000000001021, 2.240000000000000657 ) ) ;
#5852 = VECTOR ( 'NONE', #8954, 999.9999999999998863 ) ;
#5853 = EDGE_CURVE ( 'NONE', #3886, #4678, #5110, .T. ) ;
#5854 = VECTOR ( 'NONE', #4192, 1000.000000000000000 ) ;
#5855 = ORIENTED_EDGE ( 'NONE', *, *, #7057, .F. ) ;
#5856 = ORIENTED_EDGE ( 'NONE', *, *, #8668, .T. ) ;
#5857 = CARTESIAN_POINT ( 'NONE',  ( -2.849999999999999201, 3.729999999999999982, 5.750000000000000000 ) ) ;
#5858 = ORIENTED_EDGE ( 'NONE', *, *, #2812, .T. ) ;
#5859 = DIRECTION ( 'NONE',  ( 0.06975647374412444202, -0.9975640502598243087, 0.000000000000000000 ) ) ;
#5860 = AXIS2_PLACEMENT_3D ( 'NONE', #7053, #6368, #827 ) ;
#5861 = CARTESIAN_POINT ( 'NONE',  ( -2.043235304052834156, 0.000000000000000000, -6.603405868283640956 ) ) ;
#5862 = VECTOR ( 'NONE', #7089, 1000.000000000000000 ) ;
#5863 = FACE_OUTER_BOUND ( 'NONE', #518, .T. ) ;
#5864 = ADVANCED_FACE ( 'NONE', ( #7907 ), #213, .T. ) ;
#5865 = LINE ( 'NONE', #290, #2513 ) ;
#5866 = EDGE_CURVE ( 'NONE', #4253, #2214, #985, .T. ) ;
#5867 = ORIENTED_EDGE ( 'NONE', *, *, #1741, .F. ) ;
#5868 = LINE ( 'NONE', #2993, #6594 ) ;
#5869 = AXIS2_PLACEMENT_3D ( 'NONE', #1229, #545, #5384 ) ;
#5870 = ORIENTED_EDGE ( 'NONE', *, *, #6309, .T. ) ;
#5871 = CARTESIAN_POINT ( 'NONE',  ( 0.3500000000000021982, 3.729999999999999982, 5.799999999999999822 ) ) ;
#5872 = LINE ( 'NONE', #6568, #8308 ) ;
#5873 = ADVANCED_FACE ( 'NONE', ( #6487 ), #6624, .F. ) ;
#5874 = CARTESIAN_POINT ( 'NONE',  ( -4.344608113321960730, 2.010000000000000231, 6.680000000000001492 ) ) ;
#5875 = COLOUR_RGB ( '',0.7921568627450980005, 0.8196078431372548767, 0.9333333333333333481 ) ;
#5876 = CARTESIAN_POINT ( 'NONE',  ( -4.750100000000005096, 0.000000000000000000, -6.603405868283640956 ) ) ;
#5877 = FACE_OUTER_BOUND ( 'NONE', #4369, .T. ) ;
#5878 = ORIENTED_EDGE ( 'NONE', *, *, #5427, .F. ) ;
#5879 = DIRECTION ( 'NONE',  ( -0.1776886049967255077, 0.9772873274819905420, 0.1154826359130504410 ) ) ;
#5880 = VERTEX_POINT ( 'NONE', #8680 ) ;
#5881 = ADVANCED_FACE ( 'NONE', ( #1731 ), #2508, .T. ) ;
#5882 = DIRECTION ( 'NONE',  ( -0.000000000000000000, -0.000000000000000000, -1.000000000000000000 ) ) ;
#5883 = CARTESIAN_POINT ( 'NONE',  ( 6.653405868283647884, 0.000000000000000000, 6.603405868283640956 ) ) ;
#5884 = DIRECTION ( 'NONE',  ( -1.000000000000000000, -0.000000000000000000, 0.000000000000000000 ) ) ;
#5885 =( NAMED_UNIT ( * ) PLANE_ANGLE_UNIT ( ) SI_UNIT ( $, .RADIAN. ) );
#5886 = CARTESIAN_POINT ( 'NONE',  ( -2.395102131247015462E-16, 1.150000000000001021, -3.510000000000000231 ) ) ;
#5887 = ORIENTED_EDGE ( 'NONE', *, *, #4243, .F. ) ;
#5888 = CARTESIAN_POINT ( 'NONE',  ( 9.250000000000001776, 3.097809730695487474E-17, 6.965121763127935850 ) ) ;
#5889 = CARTESIAN_POINT ( 'NONE',  ( 3.774478171836572304, 0.07229769472258353036, -5.931216559770632557 ) ) ;
#5890 = CARTESIAN_POINT ( 'NONE',  ( -4.547405474510220813, 0.000000000000000000, -4.627202638811739099 ) ) ;
#5891 = EDGE_CURVE ( 'NONE', #5559, #1542, #5923, .T. ) ;
#5892 = VERTEX_POINT ( 'NONE', #4513 ) ;
#5893 = CARTESIAN_POINT ( 'NONE',  ( -2.399999999999999467, 3.229999999999999982, 5.750000000000000000 ) ) ;
#5894 = ORIENTED_EDGE ( 'NONE', *, *, #2820, .F. ) ;
#5895 = DIRECTION ( 'NONE',  ( 1.000000000000000000, 0.000000000000000000, -0.000000000000000000 ) ) ;
#5896 = UNCERTAINTY_MEASURE_WITH_UNIT (LENGTH_MEASURE( 1.000000000000000082E-05 ), #3527, 'distance_accuracy_value', 'NONE');
#5897 = DIRECTION ( 'NONE',  ( 0.000000000000000000, -1.000000000000000000, 0.000000000000000000 ) ) ;
#5899 = PLANE ( 'NONE',  #1128 ) ;
#5898 = LINE ( 'NONE', #1668, #4310 ) ;
#5900 = APPLICATION_CONTEXT ( 'automotive_design' ) ;
#5901 = VERTEX_POINT ( 'NONE', #3001 ) ;
#5902 = ORIENTED_EDGE ( 'NONE', *, *, #1481, .T. ) ;
#5903 = DIRECTION ( 'NONE',  ( -0.000000000000000000, -0.000000000000000000, 1.000000000000000000 ) ) ;
#5904 = ORIENTED_EDGE ( 'NONE', *, *, #8289, .F. ) ;
#5905 = DIRECTION ( 'NONE',  ( -1.000000000000000000, -0.000000000000000000, 0.000000000000000000 ) ) ;
#5906 = FACE_OUTER_BOUND ( 'NONE', #7793, .T. ) ;
#5907 = AXIS2_PLACEMENT_3D ( 'NONE', #2264, #7881, #5045 ) ;
#5908 = DIRECTION ( 'NONE',  ( 0.000000000000000000, -0.06975647374412619062, 0.9975640502598241977 ) ) ;
#5909 = DIRECTION ( 'NONE',  ( -0.1218693434051425356, 0.9925461516413225382, 0.000000000000000000 ) ) ;
#5910 = EDGE_LOOP ( 'NONE', ( #8168, #3380, #2574, #1858, #8057, #7083 ) ) ;
#5911 = DIRECTION ( 'NONE',  ( 1.000000000000000000, 0.000000000000000000, 0.000000000000000000 ) ) ;
#5912 = ORIENTED_EDGE ( 'NONE', *, *, #7072, .F. ) ;
#5913 = ORIENTED_EDGE ( 'NONE', *, *, #3536, .F. ) ;
#5914 = CARTESIAN_POINT ( 'NONE',  ( -5.729759561962193715, 1.649999999999999911, -2.165000000000000036 ) ) ;
#5915 = CIRCLE ( 'NONE', #1697, 0.4499999999999999001 ) ;
#5916 = EDGE_CURVE ( 'NONE', #8935, #4656, #5791, .T. ) ;
#5917 = ADVANCED_FACE ( 'NONE', ( #903 ), #8726, .F. ) ;
#5918 = VECTOR ( 'NONE', #6467, 1000.000000000000000 ) ;
#5919 = CARTESIAN_POINT ( 'NONE',  ( -2.049999999999997602, 3.229999999999999982, 6.200000000000000178 ) ) ;
#5920 = DIRECTION ( 'NONE',  ( -0.8660254037844407060, 0.4999999999999966138, 0.000000000000000000 ) ) ;
#5921 = CARTESIAN_POINT ( 'NONE',  ( -2.395102131247015462E-16, 1.150000000000001021, -3.510000000000000231 ) ) ;
#5922 = DIRECTION ( 'NONE',  ( -1.000000000000000000, 0.000000000000000000, -1.398970545142586295E-16 ) ) ;
#5923 = CIRCLE ( 'NONE', #7110, 1.000000000000000000 ) ;
#5924 = ORIENTED_EDGE ( 'NONE', *, *, #2100, .T. ) ;
#5925 = CARTESIAN_POINT ( 'NONE',  ( 8.349999999999999645, 2.817155742747651459, 5.346194698091745856 ) ) ;
#5926 = ORIENTED_EDGE ( 'NONE', *, *, #6458, .F. ) ;
#5927 = ADVANCED_FACE ( 'NONE', ( #5240 ), #3683, .F. ) ;
#5928 = FACE_OUTER_BOUND ( 'NONE', #5937, .T. ) ;
#5929 = CARTESIAN_POINT ( 'NONE',  ( -1.298188117465176816, -2.248527777231911884, -2.239999999999999769 ) ) ;
#5930 = DIRECTION ( 'NONE',  ( 0.06975647374412444202, -0.9975640502598243087, 0.000000000000000000 ) ) ;
#5931 = DIRECTION ( 'NONE',  ( -0.000000000000000000, -0.000000000000000000, -1.000000000000000000 ) ) ;
#5932 = AXIS2_PLACEMENT_3D ( 'NONE', #1504, #2869, #7633 ) ;
#5933 = DIRECTION ( 'NONE',  ( 0.000000000000000000, -0.000000000000000000, -1.000000000000000000 ) ) ;
#5934 = EDGE_CURVE ( 'NONE', #3830, #3644, #3089, .T. ) ;
#5935 = ORIENTED_EDGE ( 'NONE', *, *, #5140, .F. ) ;
#5936 = DIRECTION ( 'NONE',  ( -0.000000000000000000, -0.000000000000000000, -1.000000000000000000 ) ) ;
#5937 = EDGE_LOOP ( 'NONE', ( #2167, #5855, #6950, #5177 ) ) ;
#5938 = FACE_OUTER_BOUND ( 'NONE', #8260, .T. ) ;
#5939 = DIRECTION ( 'NONE',  ( -1.000000000000000000, 0.000000000000000000, 0.000000000000000000 ) ) ;
#5940 = ORIENTED_EDGE ( 'NONE', *, *, #7635, .T. ) ;
#5941 = VECTOR ( 'NONE', #8875, 1000.000000000000000 ) ;
#5942 = DIRECTION ( 'NONE',  ( -0.000000000000000000, -0.000000000000000000, -1.000000000000000000 ) ) ;
#5943 = ORIENTED_EDGE ( 'NONE', *, *, #1945, .F. ) ;
#5944 = DIRECTION ( 'NONE',  ( 0.8660254037844417052, -0.4999999999999946154, 0.000000000000000000 ) ) ;
#5945 = ADVANCED_FACE ( 'NONE', ( #5877 ), #2413, .F. ) ;
#5946 = CARTESIAN_POINT ( 'NONE',  ( 0.3500000000000021982, 3.729999999999999982, 6.199999999999999289 ) ) ;
#5948 = CARTESIAN_POINT ( 'NONE',  ( -7.176004150843455776, 1.145030891886088309, 0.9700000000000004174 ) ) ;
#5947 = CARTESIAN_POINT ( 'NONE',  ( 2.650000000000002132, 3.229999999999999982, -5.799999999999999822 ) ) ;
#5949 = EDGE_CURVE ( 'NONE', #1147, #6885, #941, .T. ) ;
#5950 = VERTEX_POINT ( 'NONE', #6530 ) ;
#5951 = EDGE_LOOP ( 'NONE', ( #4228, #864, #8707, #4277 ) ) ;
#5952 = SURFACE_STYLE_USAGE ( .BOTH. , #3164 ) ;
#5953 = ORIENTED_EDGE ( 'NONE', *, *, #3519, .T. ) ;
#5954 = LINE ( 'NONE', #4455, #887 ) ;
#5955 = CARTESIAN_POINT ( 'NONE',  ( -2.395102131247015462E-16, 1.150000000000001021, 1.570000000000000284 ) ) ;
#5956 = DIRECTION ( 'NONE',  ( 1.000000000000000000, 0.000000000000000000, 0.000000000000000000 ) ) ;
#5957 = CARTESIAN_POINT ( 'NONE',  ( 0.3500000000000021982, 3.729999999999999982, -6.199999999999999289 ) ) ;
#5958 = ORIENTED_EDGE ( 'NONE', *, *, #4691, .T. ) ;
#5959 = FACE_OUTER_BOUND ( 'NONE', #8639, .T. ) ;
#5960 = EDGE_LOOP ( 'NONE', ( #2568, #845, #6119, #4499 ) ) ;
#5961 = ORIENTED_EDGE ( 'NONE', *, *, #544, .F. ) ;
#5962 = CARTESIAN_POINT ( 'NONE',  ( -5.729759561962193715, 1.649999999999999911, 0.3749999999999994449 ) ) ;
#5963 =( LENGTH_UNIT ( ) NAMED_UNIT ( * ) SI_UNIT ( .MILLI., .METRE. ) );
#5964 = DIRECTION ( 'NONE',  ( 0.000000000000000000, 0.000000000000000000, 1.000000000000000000 ) ) ;
#5965 = CARTESIAN_POINT ( 'NONE',  ( 6.150000000000001243, 3.229999999999999982, -3.899999999999999467 ) ) ;
#5966 = CARTESIAN_POINT ( 'NONE',  ( -2.399999999999999911, 3.229999999999999982, 6.200000000000000178 ) ) ;
#5967 = ORIENTED_EDGE ( 'NONE', *, *, #3869, .T. ) ;
#5968 = AXIS2_PLACEMENT_3D ( 'NONE', #7742, #4171, #2892 ) ;
#5969 = CARTESIAN_POINT ( 'NONE',  ( -3.994608113321961529, 0.000000000000000000, 5.180000000000005045 ) ) ;
#5970 = EDGE_CURVE ( 'NONE', #7065, #7048, #8772, .T. ) ;
#5971 = EDGE_CURVE ( 'NONE', #5354, #8488, #5291, .T. ) ;
#5972 = VERTEX_POINT ( 'NONE', #5832 ) ;
#5973 = CARTESIAN_POINT ( 'NONE',  ( -4.242685036398884613, 2.009999999999998455, -6.680000000000001492 ) ) ;
#5974 = LINE ( 'NONE', #6774, #466 ) ;
#5975 = CARTESIAN_POINT ( 'NONE',  ( -4.554456817773921529, -0.1516176842002619207, -6.584789557503996527 ) ) ;
#5976 = AXIS2_PLACEMENT_3D ( 'NONE', #5682, #7148, #793 ) ;
#5977 = DIRECTION ( 'NONE',  ( -0.7071067811865439090, -0.000000000000000000, -0.7071067811865512365 ) ) ;
#5978 = DIRECTION ( 'NONE',  ( 0.000000000000000000, -1.000000000000000000, 0.000000000000000000 ) ) ;
#5979 = ADVANCED_FACE ( 'NONE', ( #2370 ), #5155, .F. ) ;
#5980 = ORIENTED_EDGE ( 'NONE', *, *, #2486, .T. ) ;
#5981 = CARTESIAN_POINT ( 'NONE',  ( -6.595784965746635642, 1.149999999999994360, 2.840000000000000302 ) ) ;
#5982 = EDGE_CURVE ( 'NONE', #3818, #5082, #4756, .T. ) ;
#5983 = EDGE_LOOP ( 'NONE', ( #5488, #6932, #7715, #7051 ) ) ;
#5984 = VERTEX_POINT ( 'NONE', #587 ) ;
#5985 = VECTOR ( 'NONE', #5714, 1000.000000000000000 ) ;
#5986 = FACE_OUTER_BOUND ( 'NONE', #3251, .T. ) ;
#5987 = DIRECTION ( 'NONE',  ( 0.000000000000000000, -0.000000000000000000, -1.000000000000000000 ) ) ;
#5988 = ORIENTED_EDGE ( 'NONE', *, *, #2098, .F. ) ;
#5989 = CARTESIAN_POINT ( 'NONE',  ( -5.729759561962193715, 1.149999999999999689, 1.644999999999999796 ) ) ;
#5990 = EDGE_LOOP ( 'NONE', ( #3568, #513, #3190, #2444 ) ) ;
#5991 = CARTESIAN_POINT ( 'NONE',  ( -5.729759561962193715, 0.6500000000000000222, 1.570000000000000284 ) ) ;
#5992 = EDGE_CURVE ( 'NONE', #4900, #1681, #1854, .T. ) ;
#5993 = PRODUCT ( 'NTT2023N065M3S', 'NTT2023N065M3S', '', ( #6356 ) ) ;
#5994 = LINE ( 'NONE', #2437, #7758 ) ;
#5995 = AXIS2_PLACEMENT_3D ( 'NONE', #3114, #7202, #1011 ) ;
#5996 = CIRCLE ( 'NONE', #7151, 0.4999999999999995559 ) ;
#5998 = DIRECTION ( 'NONE',  ( -0.000000000000000000, -0.000000000000000000, -1.000000000000000000 ) ) ;
#5997 = DIRECTION ( 'NONE',  ( 0.9975640502598243087, 0.06975647374412492774, 0.000000000000000000 ) ) ;
#5999 = EDGE_CURVE ( 'NONE', #2819, #4352, #2739, .T. ) ;
#6000 = EDGE_CURVE ( 'NONE', #8662, #7065, #8967, .T. ) ;
#6001 = ORIENTED_EDGE ( 'NONE', *, *, #4437, .F. ) ;
#6002 = ORIENTED_EDGE ( 'NONE', *, *, #3811, .T. ) ;
#6003 = DIRECTION ( 'NONE',  ( -0.000000000000000000, -0.000000000000000000, -1.000000000000000000 ) ) ;
#6004 = ORIENTED_EDGE ( 'NONE', *, *, #6539, .T. ) ;
#6005 = CARTESIAN_POINT ( 'NONE',  ( -6.742991448951236144, 0.8950308918860907514, -1.645000000000000240 ) ) ;
#6006 = EDGE_CURVE ( 'NONE', #5390, #7088, #1419, .T. ) ;
#6007 = EDGE_CURVE ( 'NONE', #3425, #376, #9011, .T. ) ;
#6008 = VECTOR ( 'NONE', #3140, 1000.000000000000000 ) ;
#6009 = PLANE ( 'NONE',  #2732 ) ;
#6010 = DIRECTION ( 'NONE',  ( 0.9975640502598243087, 0.06975647374412492774, 0.000000000000000000 ) ) ;
#6012 = CARTESIAN_POINT ( 'NONE',  ( 9.250000000000001776, 3.229999999999999982, -1.499999999999999556 ) ) ;
#6011 = VECTOR ( 'NONE', #6803, 1000.000000000000000 ) ;
#6013 = VERTEX_POINT ( 'NONE', #1321 ) ;
#6014 = CARTESIAN_POINT ( 'NONE',  ( -9.170281297359524686, -0.6412485357495423255, -2.839999999999999858 ) ) ;
#6015 = ORIENTED_EDGE ( 'NONE', *, *, #1129, .T. ) ;
#6016 = VERTEX_POINT ( 'NONE', #7408 ) ;
#6017 = DIRECTION ( 'NONE',  ( 1.000000000000000000, -0.000000000000000000, 2.891205793294679312E-16 ) ) ;
#6018 = EDGE_CURVE ( 'NONE', #7833, #7446, #1181, .T. ) ;
#6019 = AXIS2_PLACEMENT_3D ( 'NONE', #3560, #7223, #7870 ) ;
#6020 = AXIS2_PLACEMENT_3D ( 'NONE', #7371, #7111, #3102 ) ;
#6021 = SURFACE_STYLE_FILL_AREA ( #1872 ) ;
#6022 = CARTESIAN_POINT ( 'NONE',  ( -6.309978747059014736, 0.6450308918860931939, -3.435000000000000497 ) ) ;
#6023 = PLANE ( 'NONE',  #8434 ) ;
#6024 = VERTEX_POINT ( 'NONE', #2692 ) ;
#6025 = CYLINDRICAL_SURFACE ( 'NONE', #1496, 1.000000000000000888 ) ;
#6026 = VECTOR ( 'NONE', #7555, 1000.000000000000000 ) ;
#6027 = ORIENTED_EDGE ( 'NONE', *, *, #7845, .F. ) ;
#6028 = VECTOR ( 'NONE', #6692, 1000.000000000000114 ) ;
#6029 = LINE ( 'NONE', #4517, #2371 ) ;
#6030 = DIRECTION ( 'NONE',  ( -0.000000000000000000, -0.000000000000000000, 1.000000000000000000 ) ) ;
#6031 = DIRECTION ( 'NONE',  ( -1.000000000000000000, 0.000000000000000000, -7.885106708985496922E-16 ) ) ;
#6032 = VECTOR ( 'NONE', #2690, 1000.000000000000000 ) ;
#6033 = FILL_AREA_STYLE_COLOUR ( '', #6185 ) ;
#6034 = CARTESIAN_POINT ( 'NONE',  ( -4.344608113321960730, 2.009999999999998455, -5.680000000000001492 ) ) ;
#6035 = ORIENTED_EDGE ( 'NONE', *, *, #7915, .F. ) ;
#6036 = DIRECTION ( 'NONE',  ( -0.8660254037844407060, 0.4999999999999966138, 0.000000000000000000 ) ) ;
#6037 = ORIENTED_EDGE ( 'NONE', *, *, #8353, .T. ) ;
#6038 = ORIENTED_EDGE ( 'NONE', *, *, #2100, .F. ) ;
#6039 = CARTESIAN_POINT ( 'NONE',  ( -4.294608113321960907, 1.650000000000000133, 6.680000000000001492 ) ) ;
#6040 = DIRECTION ( 'NONE',  ( 1.000000000000000000, 0.000000000000000000, 0.000000000000000000 ) ) ;
#6041 = ORIENTED_EDGE ( 'NONE', *, *, #5604, .T. ) ;
#6042 = CARTESIAN_POINT ( 'NONE',  ( -6.309978747059014736, 0.6450308918860931939, -2.165000000000000036 ) ) ;
#6043 = ORIENTED_EDGE ( 'NONE', *, *, #6518, .T. ) ;
#6044 = CARTESIAN_POINT ( 'NONE',  ( -4.294608113321960907, 1.649999999999999911, 5.374974746830583072 ) ) ;
#6045 = EDGE_CURVE ( 'NONE', #4116, #6867, #8876, .T. ) ;
#6046 = ADVANCED_FACE ( 'NONE', ( #8278 ), #6023, .F. ) ;
#6047 = DIRECTION ( 'NONE',  ( 0.000000000000000000, 1.000000000000000000, 0.000000000000000000 ) ) ;
#6049 = DIRECTION ( 'NONE',  ( 1.000000000000000000, 0.000000000000000000, -0.000000000000000000 ) ) ;
#6048 = CARTESIAN_POINT ( 'NONE',  ( -4.688607719548555153, 1.149999999999999911, 2.840000000000000302 ) ) ;
#6050 = ORIENTED_EDGE ( 'NONE', *, *, #8939, .T. ) ;
#6051 = ORIENTED_EDGE ( 'NONE', *, *, #7564, .T. ) ;
#6052 = CARTESIAN_POINT ( 'NONE',  ( -2.049999999999997602, 3.729999999999999982, -6.200000000000000178 ) ) ;
#6053 = ORIENTED_EDGE ( 'NONE', *, *, #3648, .F. ) ;
#6054 = PLANE ( 'NONE',  #3061 ) ;
#6055 = EDGE_CURVE ( 'NONE', #560, #6405, #2556, .T. ) ;
#6056 = VECTOR ( 'NONE', #3504, 1000.000000000000000 ) ;
#6057 = CIRCLE ( 'NONE', #5756, 1.000000000000000000 ) ;
#6058 = CARTESIAN_POINT ( 'NONE',  ( 6.988607719548549646, 3.229999999999999982, -1.499999999999999778 ) ) ;
#6059 = DIRECTION ( 'NONE',  ( -0.000000000000000000, -0.000000000000000000, -1.000000000000000000 ) ) ;
#6060 = DIRECTION ( 'NONE',  ( 0.000000000000000000, 1.000000000000000000, 0.000000000000000000 ) ) ;
#6061 = EDGE_CURVE ( 'NONE', #8261, #2204, #6716, .T. ) ;
#6062 = ORIENTED_EDGE ( 'NONE', *, *, #1750, .F. ) ;
#6063 = DIRECTION ( 'NONE',  ( 0.000000000000000000, -0.000000000000000000, -1.000000000000000000 ) ) ;
#6064 = VERTEX_POINT ( 'NONE', #3321 ) ;
#6065 = CARTESIAN_POINT ( 'NONE',  ( 6.988607719548549646, 3.229999999999999982, -1.499999999999999778 ) ) ;
#6066 = VECTOR ( 'NONE', #6937, 1000.000000000000000 ) ;
#6067 = ADVANCED_FACE ( 'NONE', ( #8918 ), #1875, .F. ) ;
#6068 = LINE ( 'NONE', #1546, #2107 ) ;
#6069 = DIRECTION ( 'NONE',  ( 0.000000000000000000, 0.000000000000000000, 1.000000000000000000 ) ) ;
#6070 = CARTESIAN_POINT ( 'NONE',  ( -5.729759561962193715, 0.000000000000000000, 2.840000000000000302 ) ) ;
#6071 = EDGE_CURVE ( 'NONE', #6795, #1648, #6209, .T. ) ;
#6072 = ORIENTED_EDGE ( 'NONE', *, *, #2377, .F. ) ;
#6073 = DIRECTION ( 'NONE',  ( 0.000000000000000000, 0.000000000000000000, 1.000000000000000000 ) ) ;
#6074 = ORIENTED_EDGE ( 'NONE', *, *, #8971, .T. ) ;
#6075 = VECTOR ( 'NONE', #6880, 1000.000000000000000 ) ;
#6076 = PRODUCT_DEFINITION_SHAPE ( 'NONE', 'NONE',  #8317 ) ;
#6077 = DIRECTION ( 'NONE',  ( -0.000000000000000000, -0.000000000000000000, -1.000000000000000000 ) ) ;
#6079 = FACE_OUTER_BOUND ( 'NONE', #3493, .T. ) ;
#6078 = VECTOR ( 'NONE', #3993, 1000.000000000000000 ) ;
#6080 = VERTEX_POINT ( 'NONE', #6219 ) ;
#6081 = CIRCLE ( 'NONE', #4916, 1.000000000000000000 ) ;
#6082 = FILL_AREA_STYLE_COLOUR ( '', #5875 ) ;
#6083 = LINE ( 'NONE', #2701, #4617 ) ;
#6084 = ORIENTED_EDGE ( 'NONE', *, *, #5716, .F. ) ;
#6085 = DIRECTION ( 'NONE',  ( -0.000000000000000000, -0.000000000000000000, 1.000000000000000000 ) ) ;
#6086 = ORIENTED_EDGE ( 'NONE', *, *, #5866, .T. ) ;
#6087 = EDGE_LOOP ( 'NONE', ( #7732, #5584, #7383, #4797 ) ) ;
#6088 = ORIENTED_EDGE ( 'NONE', *, *, #6286, .F. ) ;
#6089 = LINE ( 'NONE', #8059, #1657 ) ;
#6090 = EDGE_LOOP ( 'NONE', ( #5040, #3577, #4959, #6287, #4229, #4300, #3627, #1316 ) ) ;
#6091 = FACE_OUTER_BOUND ( 'NONE', #5960, .T. ) ;
#6092 = ORIENTED_EDGE ( 'NONE', *, *, #6491, .T. ) ;
#6093 = DIRECTION ( 'NONE',  ( 1.000000000000000000, 0.000000000000000000, 0.000000000000000000 ) ) ;
#6094 = LINE ( 'NONE', #522, #8490 ) ;
#6096 = CARTESIAN_POINT ( 'NONE',  ( -5.729759561962193715, 0.6500000000000000222, -3.435000000000000497 ) ) ;
#6095 = DIRECTION ( 'NONE',  ( 1.000000000000000000, 0.000000000000000000, 0.000000000000000000 ) ) ;
#6097 = VECTOR ( 'NONE', #3949, 1000.000000000000000 ) ;
#6098 = EDGE_CURVE ( 'NONE', #8249, #618, #3961, .T. ) ;
#6099 = ADVANCED_FACE ( 'NONE', ( #1918 ), #6767, .F. ) ;
#6100 = EDGE_LOOP ( 'NONE', ( #1541, #12, #4476, #8156 ) ) ;
#6101 = ORIENTED_EDGE ( 'NONE', *, *, #346, .F. ) ;
#6102 = CARTESIAN_POINT ( 'NONE',  ( -2.049999999999997602, 3.229999999999999982, -5.799999999999998934 ) ) ;
#6103 = ORIENTED_EDGE ( 'NONE', *, *, #8614, .T. ) ;
#6104 = CARTESIAN_POINT ( 'NONE',  ( -6.595784965746635642, 1.149999999999994138, 1.644999999999999796 ) ) ;
#6105 = PLANE ( 'NONE',  #4781 ) ;
#6106 = CARTESIAN_POINT ( 'NONE',  ( -6.742991448951236144, 0.8950308918860907514, 4.184999999999999609 ) ) ;
#6107 = CARTESIAN_POINT ( 'NONE',  ( 0.3500000000000021982, 3.229999999999999982, 6.199999999999999289 ) ) ;
#6108 = ADVANCED_FACE ( 'NONE', ( #5387 ), #6856, .F. ) ;
#6109 = ORIENTED_EDGE ( 'NONE', *, *, #6298, .F. ) ;
#6110 = DIRECTION ( 'NONE',  ( 0.4999999999999968359, 0.8660254037844404840, 0.000000000000000000 ) ) ;
#6111 = EDGE_LOOP ( 'NONE', ( #616, #2547, #1543, #190 ) ) ;
#6112 = CARTESIAN_POINT ( 'NONE',  ( -7.176004150843455776, 1.145030891886088309, 2.840000000000000302 ) ) ;
#6113 = EDGE_CURVE ( 'NONE', #2026, #3057, #1231, .T. ) ;
#6114 = CARTESIAN_POINT ( 'NONE',  ( 0.000000000000000000, 3.729999999999999982, 4.349999999999999645 ) ) ;
#6115 = LINE ( 'NONE', #1874, #2021 ) ;
#6116 = CARTESIAN_POINT ( 'NONE',  ( 3.774478171836572304, 0.5710797198524953933, -5.966094796642694043 ) ) ;
#6117 = EDGE_LOOP ( 'NONE', ( #7938, #1604, #1445, #469 ) ) ;
#6118 = DIRECTION ( 'NONE',  ( 0.000000000000000000, 0.9925461516413227603, 0.1218693434051409119 ) ) ;
#6119 = ORIENTED_EDGE ( 'NONE', *, *, #4483, .T. ) ;
#6120 = ADVANCED_FACE ( 'NONE', ( #7762 ), #6431, .F. ) ;
#6121 = DIRECTION ( 'NONE',  ( 0.000000000000000000, -0.000000000000000000, 1.000000000000000000 ) ) ;
#6122 = DIRECTION ( 'NONE',  ( -0.000000000000000000, 0.000000000000000000, 1.000000000000000000 ) ) ;
#6123 = FILL_AREA_STYLE ('',( #6821 ) ) ;
#6124 = ADVANCED_FACE ( 'NONE', ( #117 ), #7121, .T. ) ;
#6125 = FACE_OUTER_BOUND ( 'NONE', #2853, .T. ) ;
#6126 = DIRECTION ( 'NONE',  ( 1.000000000000000000, 0.000000000000000000, 0.000000000000000000 ) ) ;
#6127 = ORIENTED_EDGE ( 'NONE', *, *, #138, .T. ) ;
#6128 = CARTESIAN_POINT ( 'NONE',  ( -1.851232820545148039, 1.615796645913085028, 6.801800749960453807 ) ) ;
#6129 = VERTEX_POINT ( 'NONE', #1372 ) ;
#6130 = ORIENTED_EDGE ( 'NONE', *, *, #716, .T. ) ;
#6131 = VERTEX_POINT ( 'NONE', #2105 ) ;
#6132 = DIRECTION ( 'NONE',  ( 1.000000000000000000, 0.000000000000000000, 0.000000000000000000 ) ) ;
#6133 = DIRECTION ( 'NONE',  ( -1.000000000000000000, 0.000000000000000000, 0.000000000000000000 ) ) ;
#6134 = LINE ( 'NONE', #2433, #6359 ) ;
#6135 = ORIENTED_EDGE ( 'NONE', *, *, #644, .T. ) ;
#6136 = CARTESIAN_POINT ( 'NONE',  ( 0.3500000000000021982, 3.229999999999999982, -6.199999999999999289 ) ) ;
#6137 = VECTOR ( 'NONE', #1956, 1000.000000000000000 ) ;
#6138 = CARTESIAN_POINT ( 'NONE',  ( -2.049999999999997602, 3.229999999999999982, -6.200000000000000178 ) ) ;
#6139 = VECTOR ( 'NONE', #5258, 999.9999999999998863 ) ;
#6140 = DIRECTION ( 'NONE',  ( 0.1788854381999831489, -0.9838699100999074298, 0.000000000000000000 ) ) ;
#6141 = AXIS2_PLACEMENT_3D ( 'NONE', #1253, #4035, #2577 ) ;
#6142 = EDGE_LOOP ( 'NONE', ( #7846, #8466, #3738, #2965 ) ) ;
#6143 = ORIENTED_EDGE ( 'NONE', *, *, #6006, .F. ) ;
#6144 =( LENGTH_UNIT ( ) NAMED_UNIT ( * ) SI_UNIT ( .MILLI., .METRE. ) );
#6145 = ORIENTED_EDGE ( 'NONE', *, *, #6720, .F. ) ;
#6146 = DIRECTION ( 'NONE',  ( 1.000000000000000000, 0.000000000000000000, 0.000000000000000000 ) ) ;
#6147 = VECTOR ( 'NONE', #8077, 1000.000000000000000 ) ;
#6148 = EDGE_CURVE ( 'NONE', #572, #7008, #2187, .T. ) ;
#6150 = DIRECTION ( 'NONE',  ( 0.000000000000000000, -1.000000000000000000, 0.000000000000000000 ) ) ;
#6149 = DIRECTION ( 'NONE',  ( -3.771137991253929066E-16, 0.000000000000000000, -1.000000000000000000 ) ) ;
#6151 = CARTESIAN_POINT ( 'NONE',  ( 6.150000000000001243, 3.229999999999999982, -6.199999999999999289 ) ) ;
#6152 = PRODUCT_DEFINITION_SHAPE ( 'NONE', 'NONE',  #9069 ) ;
#6153 = CARTESIAN_POINT ( 'NONE',  ( 5.838607719548550179, 3.729999999999999982, 0.9999999999999995559 ) ) ;
#6154 = ORIENTED_EDGE ( 'NONE', *, *, #1143, .T. ) ;
#6155 = ORIENTED_EDGE ( 'NONE', *, *, #4385, .F. ) ;
#6156 = DIRECTION ( 'NONE',  ( -1.084202172485504631E-15, 0.000000000000000000, 1.000000000000000000 ) ) ;
#6157 = VECTOR ( 'NONE', #7325, 1000.000000000000227 ) ;
#6158 = CLOSED_SHELL ( 'NONE', ( #22, #1370, #2584, #5979, #8507, #5340, #3910, #5504, #8757, #6986, #7250, #4275, #6404, #2713, #5635, #3471, #5655, #3242, #7405, #1811, #3136, #4308 ) ) ;
#6159 = EDGE_CURVE ( 'NONE', #3570, #1325, #3457, .T. ) ;
#6160 = PRESENTATION_LAYER_ASSIGNMENT (  '', '', ( #4706 ) ) ;
#6161 = EDGE_CURVE ( 'NONE', #1593, #823, #7678, .T. ) ;
#6162 = DIRECTION ( 'NONE',  ( -0.000000000000000000, -0.000000000000000000, -1.000000000000000000 ) ) ;
#6163 = LINE ( 'NONE', #3274, #5941 ) ;
#6164 = CARTESIAN_POINT ( 'NONE',  ( -4.750000000000002665, 1.649999999999999911, -7.000000000000000888 ) ) ;
#6165 = AXIS2_PLACEMENT_3D ( 'NONE', #154, #2949, #3669 ) ;
#6166 = ORIENTED_EDGE ( 'NONE', *, *, #8416, .F. ) ;
#6167 = PLANE ( 'NONE',  #6914 ) ;
#6168 = VERTEX_POINT ( 'NONE', #4925 ) ;
#6169 = AXIS2_PLACEMENT_3D ( 'NONE', #2991, #5782, #8584 ) ;
#6170 = CARTESIAN_POINT ( 'NONE',  ( -4.294608113321960907, 1.650000000000000133, -5.851983295811529651 ) ) ;
#6171 = DIRECTION ( 'NONE',  ( -0.000000000000000000, -0.000000000000000000, -1.000000000000000000 ) ) ;
#6172 = EDGE_CURVE ( 'NONE', #7589, #2288, #9055, .T. ) ;
#6173 = DIRECTION ( 'NONE',  ( 1.000000000000000000, 0.000000000000000000, 0.000000000000000000 ) ) ;
#6174 = CARTESIAN_POINT ( 'NONE',  ( -6.742991448951236144, 0.8950308918860907514, -2.165000000000000036 ) ) ;
#6175 = VECTOR ( 'NONE', #905, 1000.000000000000227 ) ;
#6176 = AXIS2_PLACEMENT_3D ( 'NONE', #4508, #8675, #5064 ) ;
#6177 = VERTEX_POINT ( 'NONE', #75 ) ;
#6178 = DIRECTION ( 'NONE',  ( -0.8660254037844407060, 0.4999999999999966138, 0.000000000000000000 ) ) ;
#6179 = EDGE_CURVE ( 'NONE', #6064, #7899, #1549, .T. ) ;
#6180 = ORIENTED_EDGE ( 'NONE', *, *, #8676, .F. ) ;
#6181 = VERTEX_POINT ( 'NONE', #6393 ) ;
#6182 = ORIENTED_EDGE ( 'NONE', *, *, #8559, .F. ) ;
#6183 = DIRECTION ( 'NONE',  ( -0.000000000000000000, 0.000000000000000000, 1.000000000000000000 ) ) ;
#6184 = DIRECTION ( 'NONE',  ( 1.000000000000000000, -0.000000000000000000, 5.595882180570346166E-16 ) ) ;
#6185 = COLOUR_RGB ( '',0.7921568627450980005, 0.8196078431372548767, 0.9333333333333333481 ) ;
#6186 = CARTESIAN_POINT ( 'NONE',  ( -5.729759561962193715, 1.649999999999999911, -2.915000000000000036 ) ) ;
#6187 = VERTEX_POINT ( 'NONE', #156 ) ;
#6188 = DIRECTION ( 'NONE',  ( -1.000000000000000000, 0.000000000000000000, 0.000000000000000000 ) ) ;
#6189 = CARTESIAN_POINT ( 'NONE',  ( 8.990000000000001990, 3.229999999999999982, 1.500000000000000000 ) ) ;
#6190 = PLANE ( 'NONE',  #5049 ) ;
#6191 = VECTOR ( 'NONE', #3506, 1000.000000000000000 ) ;
#6192 = EDGE_CURVE ( 'NONE', #3750, #5709, #2951, .T. ) ;
#6193 = VECTOR ( 'NONE', #5585, 1000.000000000000000 ) ;
#6194 = ORIENTED_EDGE ( 'NONE', *, *, #7860, .F. ) ;
#6195 = EDGE_LOOP ( 'NONE', ( #5710, #6444, #1780, #4105 ) ) ;
#6196 = LINE ( 'NONE', #1354, #4596 ) ;
#6197 = ORIENTED_EDGE ( 'NONE', *, *, #5119, .F. ) ;
#6198 = CARTESIAN_POINT ( 'NONE',  ( 8.349999999999999645, 1.069861744982407492, 6.000973033514757304 ) ) ;
#6200 = CARTESIAN_POINT ( 'NONE',  ( -5.729759561962193715, 1.649999999999999911, 0.3749999999999994449 ) ) ;
#6199 = DIRECTION ( 'NONE',  ( -0.000000000000000000, 0.000000000000000000, -1.000000000000000000 ) ) ;
#6201 = PLANE ( 'NONE',  #399 ) ;
#6202 = CARTESIAN_POINT ( 'NONE',  ( -6.162772263854414234, 0.8999999999999971356, -3.435000000000000497 ) ) ;
#6203 = EDGE_LOOP ( 'NONE', ( #5547, #3035, #8326, #7866 ) ) ;
#6204 = EDGE_LOOP ( 'NONE', ( #4711, #6787, #6434, #1399 ) ) ;
#6205 = FILL_AREA_STYLE ('',( #5520 ) ) ;
#6206 = VECTOR ( 'NONE', #4951, 1000.000000000000000 ) ;
#6207 = LINE ( 'NONE', #115, #7351 ) ;
#6208 = CARTESIAN_POINT ( 'NONE',  ( 0.3500000000000021982, 3.229999999999999982, 6.199999999999999289 ) ) ;
#6209 = LINE ( 'NONE', #443, #3885 ) ;
#6210 = ORIENTED_EDGE ( 'NONE', *, *, #3676, .T. ) ;
#6211 = LINE ( 'NONE', #9013, #8787 ) ;
#6212 = VERTEX_POINT ( 'NONE', #2233 ) ;
#6214 = ORIENTED_EDGE ( 'NONE', *, *, #1892, .T. ) ;
#6213 = ADVANCED_FACE ( 'NONE', ( #8325 ), #3586, .T. ) ;
#6215 = EDGE_CURVE ( 'NONE', #4801, #1911, #7921, .T. ) ;
#6216 = VECTOR ( 'NONE', #2483, 1000.000000000000227 ) ;
#6217 = CARTESIAN_POINT ( 'NONE',  ( -6.309978747059014736, 0.6450308918860931939, 4.110000000000000320 ) ) ;
#6218 = DIRECTION ( 'NONE',  ( 0.000000000000000000, 1.000000000000000000, 0.000000000000000000 ) ) ;
#6219 = CARTESIAN_POINT ( 'NONE',  ( 4.570000000000002061, 0.05000000000000000278, 5.750000000000000000 ) ) ;
#6220 = AXIS2_PLACEMENT_3D ( 'NONE', #5609, #112, #2229 ) ;
#6221 = LINE ( 'NONE', #9020, #5461 ) ;
#6222 = CARTESIAN_POINT ( 'NONE',  ( 3.774478171836572304, 2.729999999999999982, -4.349999999999999645 ) ) ;
#6223 = VECTOR ( 'NONE', #5163, 999.9999999999998863 ) ;
#6224 = ORIENTED_EDGE ( 'NONE', *, *, #6172, .F. ) ;
#6225 = CARTESIAN_POINT ( 'NONE',  ( -1.951686472805337580, 0.8084022751635699944, 6.702665186672503772 ) ) ;
#6226 = EDGE_CURVE ( 'NONE', #1125, #413, #1416, .T. ) ;
#6227 = ORIENTED_EDGE ( 'NONE', *, *, #698, .T. ) ;
#6228 = AXIS2_PLACEMENT_3D ( 'NONE', #4639, #8801, #7435 ) ;
#6229 = ORIENTED_EDGE ( 'NONE', *, *, #2552, .T. ) ;
#6230 = EDGE_LOOP ( 'NONE', ( #3364, #2441, #8959, #4845 ) ) ;
#6231 = LINE ( 'NONE', #121, #4135 ) ;
#6232 = DIRECTION ( 'NONE',  ( -0.000000000000000000, 0.000000000000000000, 1.000000000000000000 ) ) ;
#6233 = CARTESIAN_POINT ( 'NONE',  ( -6.742991448951236144, 0.8950308918860907514, 2.165000000000000036 ) ) ;
#6234 = VERTEX_POINT ( 'NONE', #5014 ) ;
#6235 = CARTESIAN_POINT ( 'NONE',  ( -4.479866786035785253, -0.5500584762268876382, -2.239999999999999769 ) ) ;
#6236 = AXIS2_PLACEMENT_3D ( 'NONE', #5197, #2328, #8092 ) ;
#6237 = EDGE_CURVE ( 'NONE', #5320, #688, #2231, .T. ) ;
#6238 = CARTESIAN_POINT ( 'NONE',  ( -7.106247677099330140, 0.1474668416262637505, 4.110000000000000320 ) ) ;
#6239 = VECTOR ( 'NONE', #2543, 1000.000000000000000 ) ;
#6240 = LINE ( 'NONE', #1257, #5487 ) ;
#6241 = VECTOR ( 'NONE', #2603, 1000.000000000000000 ) ;
#6242 = ORIENTED_EDGE ( 'NONE', *, *, #1274, .F. ) ;
#6243 = ORIENTED_EDGE ( 'NONE', *, *, #3884, .T. ) ;
#6244 = CARTESIAN_POINT ( 'NONE',  ( 7.050000000000004263, 3.229999999999999982, -3.899999999999999911 ) ) ;
#6245 = ORIENTED_EDGE ( 'NONE', *, *, #2529, .T. ) ;
#6246 = EDGE_CURVE ( 'NONE', #7475, #1717, #3626, .T. ) ;
#6247 = CARTESIAN_POINT ( 'NONE',  ( -7.141125913971392514, 0.6462488667561758771, -0.9699999999999999734 ) ) ;
#6248 = ADVANCED_FACE ( 'NONE', ( #6994 ), #724, .F. ) ;
#6250 = CARTESIAN_POINT ( 'NONE',  ( -2.049999999999997602, 3.229999999999999982, -6.200000000000000178 ) ) ;
#6249 = CARTESIAN_POINT ( 'NONE',  ( 0.000000000000000000, 0.000000000000000000, 0.2999999999999999334 ) ) ;
#6251 = AXIS2_PLACEMENT_3D ( 'NONE', #8367, #4148, #7078 ) ;
#6252 = VECTOR ( 'NONE', #4561, 1000.000000000000000 ) ;
#6253 = FACE_OUTER_BOUND ( 'NONE', #7886, .T. ) ;
#6254 = ORIENTED_EDGE ( 'NONE', *, *, #7157, .F. ) ;
#6255 = VERTEX_POINT ( 'NONE', #8411 ) ;
#6256 = CARTESIAN_POINT ( 'NONE',  ( -6.742991448951236144, 0.8950308918860907514, -0.8950000000000003508 ) ) ;
#6257 = CIRCLE ( 'NONE', #4346, 1.000000000000000000 ) ;
#6258 = UNCERTAINTY_MEASURE_WITH_UNIT (LENGTH_MEASURE( 1.000000000000000082E-05 ), #4099, 'distance_accuracy_value', 'NONE');
#6259 = LINE ( 'NONE', #9053, #3995 ) ;
#6260 = DIRECTION ( 'NONE',  ( -1.000000000000000000, 0.000000000000000000, 0.000000000000000000 ) ) ;
#6261 = DIRECTION ( 'NONE',  ( 0.000000000000000000, -1.000000000000000000, 0.000000000000000000 ) ) ;
#6262 = EDGE_LOOP ( 'NONE', ( #3044, #332, #4208, #2674, #5740, #3687 ) ) ;
#6263 = DIRECTION ( 'NONE',  ( 1.000000000000000000, 0.000000000000000000, 0.000000000000000000 ) ) ;
#6264 = EDGE_LOOP ( 'NONE', ( #1847, #5988, #3316, #2069 ) ) ;
#6265 = CARTESIAN_POINT ( 'NONE',  ( -4.294608113321960019, 1.650000000000003020, -6.806000393773422807 ) ) ;
#6266 = LINE ( 'NONE', #2018, #310 ) ;
#6267 = APPLICATION_PROTOCOL_DEFINITION ( 'draft international standard', 'automotive_design', 1998, #4977 ) ;
#6268 = EDGE_CURVE ( 'NONE', #6605, #6553, #2150, .T. ) ;
#6269 = DIRECTION ( 'NONE',  ( -0.000000000000000000, -0.000000000000000000, -1.000000000000000000 ) ) ;
#6270 = CYLINDRICAL_SURFACE ( 'NONE', #6822, 0.4999999999999995559 ) ;
#6271 = ADVANCED_FACE ( 'NONE', ( #3544 ), #5658, .F. ) ;
#6272 = ORIENTED_EDGE ( 'NONE', *, *, #770, .F. ) ;
#6273 = DIRECTION ( 'NONE',  ( 0.000000000000000000, 1.000000000000000000, 0.000000000000000000 ) ) ;
#6274 = ORIENTED_EDGE ( 'NONE', *, *, #2858, .T. ) ;
#6275 = VERTEX_POINT ( 'NONE', #1019 ) ;
#6276 = CARTESIAN_POINT ( 'NONE',  ( 8.350000000000001421, 2.729999999999999982, 4.349999999999999645 ) ) ;
#6277 = LINE ( 'NONE', #7561, #159 ) ;
#6278 = ORIENTED_EDGE ( 'NONE', *, *, #7176, .F. ) ;
#6279 = LINE ( 'NONE', #4988, #6570 ) ;
#6280 = EDGE_CURVE ( 'NONE', #6181, #6129, #8539, .T. ) ;
#6281 = LINE ( 'NONE', #8, #2213 ) ;
#6282 = EDGE_CURVE ( 'NONE', #3107, #7126, #5097, .T. ) ;
#6283 = DIRECTION ( 'NONE',  ( -1.000000000000000000, -0.000000000000000000, 3.614007241618348278E-16 ) ) ;
#6284 = AXIS2_PLACEMENT_3D ( 'NONE', #4361, #7155, #885 ) ;
#6285 = VECTOR ( 'NONE', #5551, 1000.000000000000000 ) ;
#6286 = EDGE_CURVE ( 'NONE', #7126, #921, #7854, .T. ) ;
#6287 = ORIENTED_EDGE ( 'NONE', *, *, #3078, .F. ) ;
#6288 = CARTESIAN_POINT ( 'NONE',  ( -5.729759561962193715, 1.649999999999999911, 1.570000000000000284 ) ) ;
#6289 = ORIENTED_EDGE ( 'NONE', *, *, #716, .F. ) ;
#6290 = LINE ( 'NONE', #6247, #453 ) ;
#6291 = EDGE_CURVE ( 'NONE', #2587, #8662, #249, .T. ) ;
#6293 = FACE_OUTER_BOUND ( 'NONE', #4723, .T. ) ;
#6292 = CYLINDRICAL_SURFACE ( 'NONE', #8417, 0.5000000000000004441 ) ;
#6294 = EDGE_CURVE ( 'NONE', #5217, #6592, #1591, .T. ) ;
#6295 = DIRECTION ( 'NONE',  ( 0.000000000000000000, 0.000000000000000000, 1.000000000000000000 ) ) ;
#6296 = ORIENTED_EDGE ( 'NONE', *, *, #4385, .T. ) ;
#6297 = EDGE_CURVE ( 'NONE', #1292, #4125, #6456, .T. ) ;
#6298 = EDGE_CURVE ( 'NONE', #4487, #2755, #5865, .T. ) ;
#6299 = ORIENTED_EDGE ( 'NONE', *, *, #1241, .T. ) ;
#6300 = VERTEX_POINT ( 'NONE', #3805 ) ;
#6301 = CARTESIAN_POINT ( 'NONE',  ( -6.309978747059014736, 0.6450308918860931939, -0.8950000000000003508 ) ) ;
#6302 = AXIS2_PLACEMENT_3D ( 'NONE', #4932, #7728, #692 ) ;
#6303 = FACE_OUTER_BOUND ( 'NONE', #3243, .T. ) ;
#6304 = DIRECTION ( 'NONE',  ( -0.000000000000000000, -0.000000000000000000, -1.000000000000000000 ) ) ;
#6305 = MECHANICAL_DESIGN_GEOMETRIC_PRESENTATION_REPRESENTATION (  '', ( #3953 ), #5174 ) ;
#6306 = DIRECTION ( 'NONE',  ( 1.000000000000000000, 0.000000000000000000, 0.000000000000000000 ) ) ;
#6307 = VERTEX_POINT ( 'NONE', #2273 ) ;
#6308 = CARTESIAN_POINT ( 'NONE',  ( -5.729759561962193715, 1.149999999999999689, 0.9700000000000004174 ) ) ;
#6309 = EDGE_CURVE ( 'NONE', #5617, #7088, #1286, .T. ) ;
#6310 = VECTOR ( 'NONE', #7654, 1000.000000000000114 ) ;
#6311 = AXIS2_PLACEMENT_3D ( 'NONE', #8793, #6232, #4774 ) ;
#6312 = VERTEX_POINT ( 'NONE', #5738 ) ;
#6313 = CARTESIAN_POINT ( 'NONE',  ( -5.729759561962193715, 0.6500000000000000222, 3.434999999999999609 ) ) ;
#6314 = CARTESIAN_POINT ( 'NONE',  ( -0.07971870264047217769, 1.140030560879458754, -2.839999999999999858 ) ) ;
#6315 = CONTEXT_DEPENDENT_SHAPE_REPRESENTATION ( #1254, #6152 ) ;
#6316 = VECTOR ( 'NONE', #3269, 1000.000000000000114 ) ;
#6317 = VECTOR ( 'NONE', #7641, 1000.000000000000000 ) ;
#6318 = LINE ( 'NONE', #2838, #6516 ) ;
#6319 = DIRECTION ( 'NONE',  ( -0.000000000000000000, 0.000000000000000000, 1.000000000000000000 ) ) ;
#6320 = ORIENTED_EDGE ( 'NONE', *, *, #962, .T. ) ;
#6321 = DIRECTION ( 'NONE',  ( -0.000000000000000000, -0.000000000000000000, -1.000000000000000000 ) ) ;
#6322 = VECTOR ( 'NONE', #4749, 1000.000000000000000 ) ;
#6323 = VERTEX_POINT ( 'NONE', #8671 ) ;
#6324 = ORIENTED_EDGE ( 'NONE', *, *, #7228, .T. ) ;
#6325 = CARTESIAN_POINT ( 'NONE',  ( -2.849999999999998312, 3.729999999999999982, 1.481822626968297304E-15 ) ) ;
#6326 = EDGE_CURVE ( 'NONE', #8564, #1778, #3032, .T. ) ;
#6327 = DIRECTION ( 'NONE',  ( -0.000000000000000000, -0.000000000000000000, -1.000000000000000000 ) ) ;
#6328 = ORIENTED_EDGE ( 'NONE', *, *, #1611, .T. ) ;
#6329 = FACE_OUTER_BOUND ( 'NONE', #5633, .T. ) ;
#6330 = VECTOR ( 'NONE', #94, 1000.000000000000000 ) ;
#6331 = VECTOR ( 'NONE', #4338, 1000.000000000000000 ) ;
#6332 = DIRECTION ( 'NONE',  ( 1.000000000000000000, 0.000000000000000000, 0.000000000000000000 ) ) ;
#6333 = FACE_OUTER_BOUND ( 'NONE', #7312, .T. ) ;
#6334 = ORIENTED_EDGE ( 'NONE', *, *, #1186, .T. ) ;
#6335 = ORIENTED_EDGE ( 'NONE', *, *, #446, .T. ) ;
#6336 = DIRECTION ( 'NONE',  ( -3.614007241618348278E-16, 0.000000000000000000, 1.000000000000000000 ) ) ;
#6337 = EDGE_CURVE ( 'NONE', #8606, #4926, #5582, .T. ) ;
#6338 = EDGE_CURVE ( 'NONE', #4098, #343, #2449, .T. ) ;
#6339 = EDGE_CURVE ( 'NONE', #6625, #4733, #1070, .T. ) ;
#6341 = LINE ( 'NONE', #622, #3452 ) ;
#6340 = CARTESIAN_POINT ( 'NONE',  ( 6.150000000000001243, 3.229999999999999982, 5.749999999999999112 ) ) ;
#6342 = DIRECTION ( 'NONE',  ( -0.1218693434051425356, 0.9925461516413225382, 0.000000000000000000 ) ) ;
#6343 = VERTEX_POINT ( 'NONE', #385 ) ;
#6344 = ADVANCED_FACE ( 'NONE', ( #5058 ), #6478, .F. ) ;
#6345 = VERTEX_POINT ( 'NONE', #2318 ) ;
#6346 = ORIENTED_EDGE ( 'NONE', *, *, #8732, .F. ) ;
#6347 =( NAMED_UNIT ( * ) PLANE_ANGLE_UNIT ( ) SI_UNIT ( $, .RADIAN. ) );
#6348 = DIRECTION ( 'NONE',  ( 0.000000000000000000, 0.000000000000000000, 1.000000000000000000 ) ) ;
#6349 = EDGE_CURVE ( 'NONE', #8218, #7191, #7895, .T. ) ;
#6350 = PLANE ( 'NONE',  #5932 ) ;
#6351 = DIRECTION ( 'NONE',  ( 1.000000000000000000, 0.000000000000000000, 0.000000000000000000 ) ) ;
#6352 = ORIENTED_EDGE ( 'NONE', *, *, #1219, .F. ) ;
#6353 = SURFACE_STYLE_FILL_AREA ( #7124 ) ;
#6354 = EDGE_LOOP ( 'NONE', ( #790, #8844, #8405, #2452 ) ) ;
#6355 = LINE ( 'NONE', #8457, #7919 ) ;
#6356 = PRODUCT_CONTEXT ( 'NONE', #1897, 'mechanical' ) ;
#6357 = EDGE_CURVE ( 'NONE', #7446, #6663, #1635, .T. ) ;
#6358 = VECTOR ( 'NONE', #8004, 1000.000000000000114 ) ;
#6359 = VECTOR ( 'NONE', #8015, 1000.000000000000000 ) ;
#6360 = ADVANCED_FACE ( 'NONE', ( #8623 ), #2358, .F. ) ;
#6361 = CARTESIAN_POINT ( 'NONE',  ( 7.050000000000004263, 3.229999999999999982, -7.000000000000000888 ) ) ;
#6362 = CARTESIAN_POINT ( 'NONE',  ( 0.3500000000000021982, 3.229999999999999982, -5.799999999999999822 ) ) ;
#6363 = LINE ( 'NONE', #4937, #6975 ) ;
#6364 = EDGE_LOOP ( 'NONE', ( #9028, #6143 ) ) ;
#6365 = FACE_OUTER_BOUND ( 'NONE', #2067, .T. ) ;
#6366 = ORIENTED_EDGE ( 'NONE', *, *, #5006, .F. ) ;
#6367 = VERTEX_POINT ( 'NONE', #7254 ) ;
#6368 = DIRECTION ( 'NONE',  ( -0.000000000000000000, -0.000000000000000000, -1.000000000000000000 ) ) ;
#6369 = LINE ( 'NONE', #1567, #6454 ) ;
#6370 = ORIENTED_EDGE ( 'NONE', *, *, #8667, .T. ) ;
#6371 = DIRECTION ( 'NONE',  ( -0.1218693434051408564, 0.9925461516413227603, 0.000000000000000000 ) ) ;
#6372 = VECTOR ( 'NONE', #3681, 1000.000000000000000 ) ;
#6373 = CYLINDRICAL_SURFACE ( 'NONE', #871, 1.000000000000000888 ) ;
#6374 = DIRECTION ( 'NONE',  ( -0.000000000000000000, 0.000000000000000000, 1.000000000000000000 ) ) ;
#6375 = AXIS2_PLACEMENT_3D ( 'NONE', #4173, #8166, #661 ) ;
#6376 = ORIENTED_EDGE ( 'NONE', *, *, #569, .F. ) ;
#6377 = CARTESIAN_POINT ( 'NONE',  ( 9.250000000000001776, 3.729999999999999982, 4.349999999999999645 ) ) ;
#6378 = ORIENTED_EDGE ( 'NONE', *, *, #629, .F. ) ;
#6379 = CARTESIAN_POINT ( 'NONE',  ( -6.309978747059014736, 0.6450308918860931939, 0.8950000000000000178 ) ) ;
#6380 = VECTOR ( 'NONE', #2045, 1000.000000000000000 ) ;
#6382 = CARTESIAN_POINT ( 'NONE',  ( 8.990000000000001990, 3.229999999999999982, 1.500000000000000000 ) ) ;
#6381 = FACE_OUTER_BOUND ( 'NONE', #8047, .T. ) ;
#6383 = VECTOR ( 'NONE', #7309, 1000.000000000000000 ) ;
#6384 = ADVANCED_FACE ( 'NONE', ( #8176 ), #8129, .F. ) ;
#6385 = DIRECTION ( 'NONE',  ( -0.000000000000000000, 0.000000000000000000, 1.000000000000000000 ) ) ;
#6386 = EDGE_CURVE ( 'NONE', #3112, #6967, #7536, .T. ) ;
#6387 = VERTEX_POINT ( 'NONE', #6012 ) ;
#6388 = ORIENTED_EDGE ( 'NONE', *, *, #5676, .F. ) ;
#6389 = VERTEX_POINT ( 'NONE', #2635 ) ;
#6390 = DIRECTION ( 'NONE',  ( -0.000000000000000000, -0.000000000000000000, -1.000000000000000000 ) ) ;
#6391 = EDGE_CURVE ( 'NONE', #8063, #7085, #8269, .T. ) ;
#6392 = CYLINDRICAL_SURFACE ( 'NONE', #1288, 1.000000000000000888 ) ;
#6393 = CARTESIAN_POINT ( 'NONE',  ( 0.3500000000000021982, 3.229999999999999982, -6.199999999999999289 ) ) ;
#6394 = ORIENTED_EDGE ( 'NONE', *, *, #8812, .T. ) ;
#6395 = CARTESIAN_POINT ( 'NONE',  ( -2.049999999999997602, 3.229999999999999982, 6.200000000000000178 ) ) ;
#6396 = VECTOR ( 'NONE', #2544, 1000.000000000000000 ) ;
#6397 = ORIENTED_EDGE ( 'NONE', *, *, #1315, .T. ) ;
#6398 = DIRECTION ( 'NONE',  ( 0.000000000000000000, 0.9961946980917461003, -0.08715574274765124085 ) ) ;
#6399 = ORIENTED_EDGE ( 'NONE', *, *, #5593, .T. ) ;
#6400 = EDGE_CURVE ( 'NONE', #2627, #1526, #7394, .T. ) ;
#6401 = CARTESIAN_POINT ( 'NONE',  ( -6.742991448951236144, 0.8950308918860907514, 2.915000000000000036 ) ) ;
#6402 = CARTESIAN_POINT ( 'NONE',  ( -2.849999999999999201, 3.229999999999999982, 5.750000000000000000 ) ) ;
#6403 = DIRECTION ( 'NONE',  ( 1.000000000000000000, 0.000000000000000000, 0.000000000000000000 ) ) ;
#6404 = ADVANCED_FACE ( 'NONE', ( #6708 ), #4652, .F. ) ;
#6405 = VERTEX_POINT ( 'NONE', #4052 ) ;
#6406 = DIRECTION ( 'NONE',  ( -0.9975640502598243087, -0.06975647374412489998, 0.000000000000000000 ) ) ;
#6407 = ORIENTED_EDGE ( 'NONE', *, *, #4317, .F. ) ;
#6408 = EDGE_LOOP ( 'NONE', ( #3986, #5652, #4085, #4340 ) ) ;
#6409 = ADVANCED_FACE ( 'NONE', ( #8814 ), #4558, .F. ) ;
#6410 = CARTESIAN_POINT ( 'NONE',  ( -6.742991448951236144, 0.8950308918860907514, 3.434999999999999609 ) ) ;
#6411 = DIRECTION ( 'NONE',  ( -0.9975640502598243087, -0.06975647374412489998, 0.000000000000000000 ) ) ;
#6412 = ORIENTED_EDGE ( 'NONE', *, *, #8449, .T. ) ;
#6413 = CARTESIAN_POINT ( 'NONE',  ( -3.994608113321959753, 4.336808689942017736E-16, -5.180000000000002380 ) ) ;
#6414 = CARTESIAN_POINT ( 'NONE',  ( 6.988607719548549646, 3.229999999999999982, -1.499999999999999778 ) ) ;
#6415 = CARTESIAN_POINT ( 'NONE',  ( 7.050000000000004263, 3.229999999999999982, 3.899999999999999911 ) ) ;
#6416 = ORIENTED_EDGE ( 'NONE', *, *, #2257, .F. ) ;
#6417 = CARTESIAN_POINT ( 'NONE',  ( 0.3432353040528240418, 0.000000000000000000, 6.603405868283640956 ) ) ;
#6418 = ORIENTED_EDGE ( 'NONE', *, *, #1914, .F. ) ;
#6419 = CARTESIAN_POINT ( 'NONE',  ( -3.200321239445594212, 2.009999999999998455, -6.680000000000001492 ) ) ;
#6421 = LINE ( 'NONE', #7286, #1107 ) ;
#6420 = CARTESIAN_POINT ( 'NONE',  ( -6.742991448951236144, 0.8950308918860907514, 0.3749999999999994449 ) ) ;
#6422 = AXIS2_PLACEMENT_3D ( 'NONE', #9036, #3937, #5501 ) ;
#6423 = ORIENTED_EDGE ( 'NONE', *, *, #8629, .F. ) ;
#6424 = ORIENTED_EDGE ( 'NONE', *, *, #1799, .F. ) ;
#6425 = ORIENTED_EDGE ( 'NONE', *, *, #3327, .F. ) ;
#6426 = FILL_AREA_STYLE ('',( #1588 ) ) ;
#6427 = CIRCLE ( 'NONE', #439, 1.000000000000000000 ) ;
#6428 = LINE ( 'NONE', #2988, #8646 ) ;
#6429 = CIRCLE ( 'NONE', #5692, 0.5000000000000004441 ) ;
#6430 = CARTESIAN_POINT ( 'NONE',  ( -6.742991448951236144, 0.8950308918860907514, 2.915000000000000036 ) ) ;
#6431 = PLANE ( 'NONE',  #9019 ) ;
#6432 = ORIENTED_EDGE ( 'NONE', *, *, #3975, .T. ) ;
#6433 = VECTOR ( 'NONE', #3825, 1000.000000000000000 ) ;
#6434 = ORIENTED_EDGE ( 'NONE', *, *, #6045, .T. ) ;
#6435 = CARTESIAN_POINT ( 'NONE',  ( 3.774478171836572304, 2.773577871373825499, 4.848097349045872306 ) ) ;
#6436 = APPLICATION_PROTOCOL_DEFINITION ( 'draft international standard', 'automotive_design', 1998, #5900 ) ;
#6437 = EDGE_CURVE ( 'NONE', #4633, #5322, #6848, .T. ) ;
#6438 = ADVANCED_FACE ( 'NONE', ( #7578 ), #2545, .T. ) ;
#6439 = PRESENTATION_LAYER_ASSIGNMENT (  '', '', ( #1341 ) ) ;
#6440 = VECTOR ( 'NONE', #5323, 1000.000000000000000 ) ;
#6441 = CARTESIAN_POINT ( 'NONE',  ( -5.729759561962193715, 1.149999999999999689, -2.915000000000000036 ) ) ;
#6442 = DIRECTION ( 'NONE',  ( -0.8660254037844418162, 0.4999999999999947264, 0.000000000000000000 ) ) ;
#6443 = LINE ( 'NONE', #2284, #4042 ) ;
#6444 = ORIENTED_EDGE ( 'NONE', *, *, #3085, .F. ) ;
#6445 = DIRECTION ( 'NONE',  ( 0.000000000000000000, 1.000000000000000000, 0.000000000000000000 ) ) ;
#6446 = ORIENTED_EDGE ( 'NONE', *, *, #5141, .F. ) ;
#6447 = ORIENTED_EDGE ( 'NONE', *, *, #2255, .T. ) ;
#6448 = AXIS2_PLACEMENT_3D ( 'NONE', #7637, #2606, #6073 ) ;
#6449 = EDGE_CURVE ( 'NONE', #1322, #3808, #4094, .T. ) ;
#6450 = CARTESIAN_POINT ( 'NONE',  ( -6.595784965746635642, 1.149999999999994138, -4.185000000000000497 ) ) ;
#6451 = PLANE ( 'NONE',  #5570 ) ;
#6452 = ORIENTED_EDGE ( 'NONE', *, *, #4725, .F. ) ;
#6453 = LINE ( 'NONE', #5674, #2064 ) ;
#6454 = VECTOR ( 'NONE', #95, 1000.000000000000000 ) ;
#6455 = DIRECTION ( 'NONE',  ( -1.000000000000000000, -0.000000000000000000, 3.771137991253928573E-16 ) ) ;
#6456 = CIRCLE ( 'NONE', #3388, 0.5000000000000004441 ) ;
#6457 = DIRECTION ( 'NONE',  ( -1.084202172485504631E-15, 0.000000000000000000, 1.000000000000000000 ) ) ;
#6458 = EDGE_CURVE ( 'NONE', #7746, #6131, #7492, .T. ) ;
#6459 = ORIENTED_EDGE ( 'NONE', *, *, #3519, .F. ) ;
#6460 = VERTEX_POINT ( 'NONE', #3352 ) ;
#6461 = CARTESIAN_POINT ( 'NONE',  ( -0.07971870264047217769, 1.140030560879458754, -2.239999999999999769 ) ) ;
#6462 = VERTEX_POINT ( 'NONE', #6153 ) ;
#6463 = DIRECTION ( 'NONE',  ( -1.000000000000000000, -0.000000000000000000, -0.000000000000000000 ) ) ;
#6464 = VECTOR ( 'NONE', #7634, 1000.000000000000000 ) ;
#6465 = EDGE_CURVE ( 'NONE', #1325, #3156, #1908, .T. ) ;
#6467 = DIRECTION ( 'NONE',  ( -0.000000000000000000, -0.000000000000000000, 1.000000000000000000 ) ) ;
#6466 = CARTESIAN_POINT ( 'NONE',  ( -6.742991448951236144, 0.8950308918860907514, -3.435000000000000497 ) ) ;
#6468 = EDGE_CURVE ( 'NONE', #1809, #5880, #6892, .T. ) ;
#6469 = VECTOR ( 'NONE', #602, 1000.000000000000114 ) ;
#6470 = VECTOR ( 'NONE', #295, 1000.000000000000000 ) ;
#6471 = ORIENTED_EDGE ( 'NONE', *, *, #6018, .T. ) ;
#6472 = VERTEX_POINT ( 'NONE', #8761 ) ;
#6473 = ORIENTED_EDGE ( 'NONE', *, *, #1642, .T. ) ;
#6474 = LINE ( 'NONE', #7848, #5842 ) ;
#6475 = VECTOR ( 'NONE', #4435, 1000.000000000000000 ) ;
#6476 = FACE_OUTER_BOUND ( 'NONE', #2266, .T. ) ;
#6477 = DIRECTION ( 'NONE',  ( -0.000000000000000000, -0.000000000000000000, -1.000000000000000000 ) ) ;
#6478 = PLANE ( 'NONE',  #6169 ) ;
#6479 = VECTOR ( 'NONE', #2157, 1000.000000000000000 ) ;
#6480 = ORIENTED_EDGE ( 'NONE', *, *, #6963, .T. ) ;
#6481 = DIRECTION ( 'NONE',  ( 0.000000000000000000, 0.9975640502598243087, 0.06975647374412534407 ) ) ;
#6482 = ORIENTED_EDGE ( 'NONE', *, *, #6979, .F. ) ;
#6483 = CARTESIAN_POINT ( 'NONE',  ( -2.199999999999998845, 0.05000000000000000278, 8.673617379884035472E-16 ) ) ;
#6484 = PLANE ( 'NONE',  #5522 ) ;
#6485 = CARTESIAN_POINT ( 'NONE',  ( -4.688607719548555153, 1.149999999999999911, -3.510000000000000231 ) ) ;
#6486 = CARTESIAN_POINT ( 'NONE',  ( -5.729759561962193715, 0.6500000000000000222, -2.915000000000000036 ) ) ;
#6487 = FACE_OUTER_BOUND ( 'NONE', #7517, .T. ) ;
#6488 = ORIENTED_EDGE ( 'NONE', *, *, #7741, .T. ) ;
#6489 = DIRECTION ( 'NONE',  ( 0.000000000000000000, -0.1218693434051408564, 0.9925461516413228713 ) ) ;
#6490 = EDGE_CURVE ( 'NONE', #3378, #7651, #1816, .T. ) ;
#6491 = EDGE_CURVE ( 'NONE', #8249, #4633, #1172, .T. ) ;
#6492 = ORIENTED_EDGE ( 'NONE', *, *, #2557, .T. ) ;
#6493 = DIRECTION ( 'NONE',  ( -0.1427535950368092610, -0.9897582589218776317, 0.000000000000000000 ) ) ;
#6494 = VECTOR ( 'NONE', #6818, 999.9999999999998863 ) ;
#6495 = CARTESIAN_POINT ( 'NONE',  ( -3.200321239445594212, 2.010000000000000231, 6.680000000000001492 ) ) ;
#6496 = CARTESIAN_POINT ( 'NONE',  ( -6.742991448951236144, 0.8950308918860907514, -2.165000000000000036 ) ) ;
#6497 = AXIS2_PLACEMENT_3D ( 'NONE', #3198, #1203, #3294 ) ;
#6498 = SURFACE_STYLE_FILL_AREA ( #8052 ) ;
#6499 = DIRECTION ( 'NONE',  ( 0.000000000000000000, 0.000000000000000000, -1.000000000000000000 ) ) ;
#6500 = ADVANCED_FACE ( 'NONE', ( #3903 ), #1863, .T. ) ;
#6501 = AXIS2_PLACEMENT_3D ( 'NONE', #1250, #2799, #2709 ) ;
#6502 = EDGE_LOOP ( 'NONE', ( #653, #9042, #8334, #8762, #2406 ) ) ;
#6503 = ORIENTED_EDGE ( 'NONE', *, *, #1978, .T. ) ;
#6504 = CARTESIAN_POINT ( 'NONE',  ( 0.2516870594344148837, 0.8083970950615267936, 6.702664550635948792 ) ) ;
#6505 = ORIENTED_EDGE ( 'NONE', *, *, #5006, .T. ) ;
#6506 = DIRECTION ( 'NONE',  ( 0.000000000000000000, 1.000000000000000000, 0.000000000000000000 ) ) ;
#6507 = EDGE_CURVE ( 'NONE', #7628, #4253, #2593, .T. ) ;
#6508 = VECTOR ( 'NONE', #2393, 1000.000000000000000 ) ;
#6509 = FACE_OUTER_BOUND ( 'NONE', #7007, .T. ) ;
#6511 = PLANE ( 'NONE',  #3894 ) ;
#6510 = FACE_BOUND ( 'NONE', #542, .T. ) ;
#6512 = VECTOR ( 'NONE', #2657, 1000.000000000000000 ) ;
#6513 = EDGE_CURVE ( 'NONE', #3644, #1561, #4005, .T. ) ;
#6514 = ORIENTED_EDGE ( 'NONE', *, *, #8883, .F. ) ;
#6515 = ORIENTED_EDGE ( 'NONE', *, *, #6507, .T. ) ;
#6516 = VECTOR ( 'NONE', #3467, 1000.000000000000000 ) ;
#6517 = DIRECTION ( 'NONE',  ( 0.000000000000000000, 0.000000000000000000, -1.000000000000000000 ) ) ;
#6518 = EDGE_CURVE ( 'NONE', #4187, #1147, #4878, .T. ) ;
#6519 = AXIS2_PLACEMENT_3D ( 'NONE', #1829, #4612, #8825 ) ;
#6520 = CARTESIAN_POINT ( 'NONE',  ( -5.729759561962193715, 1.149999999999999689, -0.8950000000000003508 ) ) ;
#6521 = CARTESIAN_POINT ( 'NONE',  ( 3.774478171836572304, 0.4987820251299121543, 6.999999999999999112 ) ) ;
#6522 = CARTESIAN_POINT ( 'NONE',  ( 5.050000000000002487, 3.229999999999999982, -6.200000000000000178 ) ) ;
#6523 = ORIENTED_EDGE ( 'NONE', *, *, #3184, .T. ) ;
#6524 = DIRECTION ( 'NONE',  ( -1.000000000000000000, 0.000000000000000000, 0.000000000000000000 ) ) ;
#6525 = ORIENTED_EDGE ( 'NONE', *, *, #8353, .F. ) ;
#6526 = LINE ( 'NONE', #5824, #3396 ) ;
#6527 = LINE ( 'NONE', #255, #7717 ) ;
#6528 = DIRECTION ( 'NONE',  ( 1.000000000000000000, 0.000000000000000000, 0.000000000000000000 ) ) ;
#6529 = CARTESIAN_POINT ( 'NONE',  ( -6.595784965746635642, 1.149999999999994138, -1.645000000000000240 ) ) ;
#6530 = CARTESIAN_POINT ( 'NONE',  ( 0.3500000000000021982, 3.729999999999999982, -6.199999999999999289 ) ) ;
#6531 = AXIS2_PLACEMENT_3D ( 'NONE', #1965, #8824, #7501 ) ;
#6532 = VERTEX_POINT ( 'NONE', #5685 ) ;
#6533 = LINE ( 'NONE', #401, #6770 ) ;
#6534 = VERTEX_POINT ( 'NONE', #2180 ) ;
#6535 = DIRECTION ( 'NONE',  ( 0.9975640502598243087, 0.06975647374412492774, 0.000000000000000000 ) ) ;
#6536 = LINE ( 'NONE', #3691, #756 ) ;
#6537 = DIRECTION ( 'NONE',  ( -0.000000000000000000, -0.000000000000000000, -1.000000000000000000 ) ) ;
#6538 = AXIS2_PLACEMENT_3D ( 'NONE', #6670, #395, #2410 ) ;
#6539 = EDGE_CURVE ( 'NONE', #530, #6187, #9047, .T. ) ;
#6540 = CARTESIAN_POINT ( 'NONE',  ( -6.742991448951236144, 0.8950308918860907514, -0.9699999999999999734 ) ) ;
#6541 = ORIENTED_EDGE ( 'NONE', *, *, #2311, .T. ) ;
#6542 = CARTESIAN_POINT ( 'NONE',  ( -6.309978747059014736, 0.6450308918860931939, -1.569999999999999840 ) ) ;
#6543 = ORIENTED_EDGE ( 'NONE', *, *, #7211, .T. ) ;
#6544 = DIRECTION ( 'NONE',  ( 0.9975640502598243087, 0.06975647374412492774, 0.000000000000000000 ) ) ;
#6545 = ORIENTED_EDGE ( 'NONE', *, *, #8784, .T. ) ;
#6546 = DIRECTION ( 'NONE',  ( 0.9975640502598243087, 0.06975647374412489998, 0.000000000000000000 ) ) ;
#6547 = UNCERTAINTY_MEASURE_WITH_UNIT (LENGTH_MEASURE( 1.000000000000000082E-05 ), #6144, 'distance_accuracy_value', 'NONE');
#6548 = EDGE_CURVE ( 'NONE', #6177, #7126, #2094, .T. ) ;
#6549 = DIRECTION ( 'NONE',  ( -0.000000000000000000, 0.000000000000000000, 1.000000000000000000 ) ) ;
#6551 = DIRECTION ( 'NONE',  ( 0.000000000000000000, -1.000000000000000000, 0.000000000000000000 ) ) ;
#6550 = LINE ( 'NONE', #7381, #7091 ) ;
#6552 = EDGE_CURVE ( 'NONE', #2576, #7655, #7668, .T. ) ;
#6553 = VERTEX_POINT ( 'NONE', #7753 ) ;
#6554 = VERTEX_POINT ( 'NONE', #1406 ) ;
#6555 = CARTESIAN_POINT ( 'NONE',  ( -5.729759561962193715, 1.649999999999999911, -2.165000000000000036 ) ) ;
#6556 = EDGE_LOOP ( 'NONE', ( #6015, #5537, #7423, #7103 ) ) ;
#6557 = DIRECTION ( 'NONE',  ( -1.000000000000000000, 0.000000000000000000, 5.595882180570346166E-16 ) ) ;
#6558 = ADVANCED_FACE ( 'NONE', ( #757 ), #2900, .F. ) ;
#6559 = CARTESIAN_POINT ( 'NONE',  ( 8.350000000000001421, 3.229999999999999982, 4.349999999999999645 ) ) ;
#6560 = DIRECTION ( 'NONE',  ( 1.000000000000000000, 0.000000000000000000, 0.000000000000000000 ) ) ;
#6561 = DIRECTION ( 'NONE',  ( 0.1218693434051425356, -0.9925461516413225382, 0.000000000000000000 ) ) ;
#6562 = EDGE_CURVE ( 'NONE', #360, #7721, #5556, .T. ) ;
#6563 = ORIENTED_EDGE ( 'NONE', *, *, #7188, .T. ) ;
#6564 = PLANE ( 'NONE',  #8360 ) ;
#6565 = ORIENTED_EDGE ( 'NONE', *, *, #1481, .F. ) ;
#6566 = CARTESIAN_POINT ( 'NONE',  ( -4.750000000000005329, 1.649999999999999911, -3.510000000000000231 ) ) ;
#6567 = VECTOR ( 'NONE', #6093, 1000.000000000000000 ) ;
#6568 = CARTESIAN_POINT ( 'NONE',  ( 6.150000000000001243, 3.229999999999999982, 3.899999999999999467 ) ) ;
#6569 = LINE ( 'NONE', #8678, #1260 ) ;
#6570 = VECTOR ( 'NONE', #3645, 1000.000000000000000 ) ;
#6571 = LINE ( 'NONE', #5290, #6684 ) ;
#6572 = DIRECTION ( 'NONE',  ( -0.000000000000000000, -1.000000000000000000, -0.000000000000000000 ) ) ;
#6573 = EDGE_CURVE ( 'NONE', #8396, #120, #3535, .T. ) ;
#6574 = EDGE_LOOP ( 'NONE', ( #2163, #6749, #362, #6480 ) ) ;
#6575 = CARTESIAN_POINT ( 'NONE',  ( -7.106247677099330140, 0.1474668416262637505, 2.840000000000000302 ) ) ;
#6576 = EDGE_LOOP ( 'NONE', ( #204, #7887, #3640, #4867, #2621, #9006 ) ) ;
#6577 = DIRECTION ( 'NONE',  ( 0.9975640502598243087, 0.06975647374412489998, 0.000000000000000000 ) ) ;
#6578 = CARTESIAN_POINT ( 'NONE',  ( -4.688607719548555153, 1.149999999999999911, 0.9700000000000004174 ) ) ;
#6579 = CARTESIAN_POINT ( 'NONE',  ( 8.990000000000001990, 3.229999999999999982, -2.000000000000000000 ) ) ;
#6580 = VECTOR ( 'NONE', #708, 1000.000000000000000 ) ;
#6581 = CARTESIAN_POINT ( 'NONE',  ( 6.150000000000001243, 3.229999999999999982, -5.749999999999999112 ) ) ;
#6582 = FACE_OUTER_BOUND ( 'NONE', #999, .T. ) ;
#6583 = ORIENTED_EDGE ( 'NONE', *, *, #2963, .T. ) ;
#6584 = DIRECTION ( 'NONE',  ( 0.4999999999999968359, 0.8660254037844404840, 0.000000000000000000 ) ) ;
#6585 = VECTOR ( 'NONE', #8855, 1000.000000000000000 ) ;
#6586 = DIRECTION ( 'NONE',  ( 0.4999999999999968359, 0.8660254037844404840, 0.000000000000000000 ) ) ;
#6587 = DIRECTION ( 'NONE',  ( -0.000000000000000000, -0.000000000000000000, -1.000000000000000000 ) ) ;
#6588 = VECTOR ( 'NONE', #8147, 1000.000000000000000 ) ;
#6589 = AXIS2_PLACEMENT_3D ( 'NONE', #8893, #367, #2619 ) ;
#6590 = EDGE_LOOP ( 'NONE', ( #3105 ) ) ;
#6591 = CARTESIAN_POINT ( 'NONE',  ( 0.02737215663942008451, 2.419999999999999929, 6.900544505668653628 ) ) ;
#6592 = VERTEX_POINT ( 'NONE', #64 ) ;
#6593 = FACE_OUTER_BOUND ( 'NONE', #5990, .T. ) ;
#6594 = VECTOR ( 'NONE', #2404, 1000.000000000000000 ) ;
#6595 = DIRECTION ( 'NONE',  ( -0.4999999999999974465, -0.8660254037844400399, -0.000000000000000000 ) ) ;
#6597 = CARTESIAN_POINT ( 'NONE',  ( 6.988607719548549646, 3.229999999999999982, 0.000000000000000000 ) ) ;
#6596 = DIRECTION ( 'NONE',  ( -0.000000000000000000, -0.000000000000000000, -1.000000000000000000 ) ) ;
#6598 = VECTOR ( 'NONE', #6171, 1000.000000000000000 ) ;
#6599 = EDGE_CURVE ( 'NONE', #2678, #6168, #1493, .T. ) ;
#6600 = AXIS2_PLACEMENT_3D ( 'NONE', #31, #2828, #1459 ) ;
#6601 = EDGE_CURVE ( 'NONE', #5892, #2720, #5649, .T. ) ;
#6602 = VERTEX_POINT ( 'NONE', #7623 ) ;
#6603 = EDGE_LOOP ( 'NONE', ( #2686, #1326, #6407, #8958 ) ) ;
#6604 = DIRECTION ( 'NONE',  ( -0.8660254037844407060, 0.4999999999999966138, 0.000000000000000000 ) ) ;
#6605 = VERTEX_POINT ( 'NONE', #799 ) ;
#6606 = DIRECTION ( 'NONE',  ( -0.000000000000000000, 1.000000000000000000, 0.000000000000000000 ) ) ;
#6607 = DIRECTION ( 'NONE',  ( 0.000000000000000000, 1.000000000000000000, 0.000000000000000000 ) ) ;
#6608 = AXIS2_PLACEMENT_3D ( 'NONE', #8247, #3978, #6868 ) ;
#6609 = VECTOR ( 'NONE', #5148, 1000.000000000000000 ) ;
#6610 = DIRECTION ( 'NONE',  ( -0.000000000000000000, -0.000000000000000000, -1.000000000000000000 ) ) ;
#6611 = CARTESIAN_POINT ( 'NONE',  ( 0.1512328205451381746, 1.615796645913085028, -6.801800749960454695 ) ) ;
#6612 = EDGE_CURVE ( 'NONE', #3629, #5304, #3575, .T. ) ;
#6613 = ORIENTED_EDGE ( 'NONE', *, *, #8093, .T. ) ;
#6614 = PLANE ( 'NONE',  #3377 ) ;
#6615 = VERTEX_POINT ( 'NONE', #6989 ) ;
#6616 = VECTOR ( 'NONE', #5977, 1000.000000000000000 ) ;
#6617 = ORIENTED_EDGE ( 'NONE', *, *, #6386, .T. ) ;
#6618 = CARTESIAN_POINT ( 'NONE',  ( 6.988607719548553199, 3.729999999999999982, 3.899999999999999023 ) ) ;
#6619 = EDGE_CURVE ( 'NONE', #1322, #6212, #8647, .T. ) ;
#6620 = CARTESIAN_POINT ( 'NONE',  ( -9.215121763127934074, -1.084202172485504434E-16, 0.2999999999999999334 ) ) ;
#6621 = FACE_OUTER_BOUND ( 'NONE', #3356, .T. ) ;
#6622 = VECTOR ( 'NONE', #8420, 1000.000000000000000 ) ;
#6623 = DIRECTION ( 'NONE',  ( -0.000000000000000000, -0.000000000000000000, -1.000000000000000000 ) ) ;
#6624 = CYLINDRICAL_SURFACE ( 'NONE', #7986, 0.4999999999999995559 ) ;
#6625 = VERTEX_POINT ( 'NONE', #4141 ) ;
#6626 = LINE ( 'NONE', #3729, #4272 ) ;
#6627 = ORIENTED_EDGE ( 'NONE', *, *, #4791, .F. ) ;
#6628 = ADVANCED_FACE ( 'NONE', ( #3401 ), #108, .F. ) ;
#6629 = DIRECTION ( 'NONE',  ( -1.000000000000000000, 0.000000000000000000, 0.000000000000000000 ) ) ;
#6630 = CARTESIAN_POINT ( 'NONE',  ( -9.170281297359524686, -0.6412485357495423255, -3.510000000000000231 ) ) ;
#6631 = FACE_OUTER_BOUND ( 'NONE', #2039, .T. ) ;
#6632 = ADVANCED_FACE ( 'NONE', ( #6253 ), #8401, .F. ) ;
#6633 = LINE ( 'NONE', #4480, #7062 ) ;
#6634 = CARTESIAN_POINT ( 'NONE',  ( -0.07971870264047217769, 1.140030560879458754, 2.840000000000000302 ) ) ;
#6635 = ORIENTED_EDGE ( 'NONE', *, *, #3127, .F. ) ;
#6636 = CARTESIAN_POINT ( 'NONE',  ( -5.729759561962193715, 1.649999999999999911, 3.510000000000000231 ) ) ;
#6637 = VERTEX_POINT ( 'NONE', #6202 ) ;
#6638 = CARTESIAN_POINT ( 'NONE',  ( -4.688607719548555153, 1.149999999999999911, 2.840000000000000302 ) ) ;
#6639 = PLANE ( 'NONE',  #3679 ) ;
#6640 = ORIENTED_EDGE ( 'NONE', *, *, #6449, .F. ) ;
#6641 = DIRECTION ( 'NONE',  ( 0.000000000000000000, 0.000000000000000000, -1.000000000000000000 ) ) ;
#6642 = ORIENTED_EDGE ( 'NONE', *, *, #2128, .T. ) ;
#6643 = DIRECTION ( 'NONE',  ( 0.000000000000000000, 0.000000000000000000, 1.000000000000000000 ) ) ;
#6644 = DIRECTION ( 'NONE',  ( -0.000000000000000000, -0.000000000000000000, -1.000000000000000000 ) ) ;
#6646 = DIRECTION ( 'NONE',  ( 0.9975640502598243087, 0.06975647374412489998, 0.000000000000000000 ) ) ;
#6645 = DIRECTION ( 'NONE',  ( 1.000000000000000000, 0.000000000000000000, 0.000000000000000000 ) ) ;
#6647 = EDGE_LOOP ( 'NONE', ( #2617, #4771, #4910, #8730 ) ) ;
#6648 = VECTOR ( 'NONE', #6671, 1000.000000000000000 ) ;
#6649 = VERTEX_POINT ( 'NONE', #4314 ) ;
#6650 = SURFACE_STYLE_FILL_AREA ( #1165 ) ;
#6651 = ORIENTED_EDGE ( 'NONE', *, *, #5048, .T. ) ;
#6652 = CARTESIAN_POINT ( 'NONE',  ( -6.162772263854414234, 0.8999999999999971356, 0.3749999999999994449 ) ) ;
#6653 = CIRCLE ( 'NONE', #3574, 1.000000000000000000 ) ;
#6654 = ADVANCED_FACE ( 'NONE', ( #7801 ), #21, .F. ) ;
#6655 = EDGE_CURVE ( 'NONE', #5027, #2312, #4917, .T. ) ;
#6656 = FACE_BOUND ( 'NONE', #2797, .T. ) ;
#6657 = AXIS2_PLACEMENT_3D ( 'NONE', #56, #8393, #4348 ) ;
#6658 = CARTESIAN_POINT ( 'NONE',  ( 8.349999999999999645, -1.471918706457036446E-16, -6.965121763127938515 ) ) ;
#6659 = DIRECTION ( 'NONE',  ( 5.595882180570346166E-16, -0.000000000000000000, 1.000000000000000000 ) ) ;
#6660 = AXIS2_PLACEMENT_3D ( 'NONE', #8660, #6551, #4312 ) ;
#6661 = ORIENTED_EDGE ( 'NONE', *, *, #4061, .T. ) ;
#6662 = DIRECTION ( 'NONE',  ( 0.000000000000000000, 0.000000000000000000, -1.000000000000000000 ) ) ;
#6663 = VERTEX_POINT ( 'NONE', #5355 ) ;
#6664 = VERTEX_POINT ( 'NONE', #4576 ) ;
#6665 = LINE ( 'NONE', #5236, #6609 ) ;
#6666 = VECTOR ( 'NONE', #4293, 1000.000000000000000 ) ;
#6667 = EDGE_CURVE ( 'NONE', #6867, #1909, #7194, .T. ) ;
#6668 = VECTOR ( 'NONE', #2816, 1000.000000000000000 ) ;
#6669 = EDGE_CURVE ( 'NONE', #1542, #291, #268, .T. ) ;
#6670 = CARTESIAN_POINT ( 'NONE',  ( 8.349999999999999645, 1.069861744982407492, -6.000973033514757304 ) ) ;
#6671 = DIRECTION ( 'NONE',  ( 0.000000000000000000, 1.000000000000000000, 0.000000000000000000 ) ) ;
#6672 = LINE ( 'NONE', #2369, #3461 ) ;
#6673 = DIRECTION ( 'NONE',  ( -0.9975640502598243087, -0.06975647374412489998, 0.000000000000000000 ) ) ;
#6674 = VECTOR ( 'NONE', #4886, 1000.000000000000000 ) ;
#6675 = EDGE_LOOP ( 'NONE', ( #4367, #1986, #1114, #7756, #7029, #8865 ) ) ;
#6676 = CARTESIAN_POINT ( 'NONE',  ( -0.07971870264047217769, 1.140030560879458754, 0.2999999999999999334 ) ) ;
#6677 = ADVANCED_FACE ( 'NONE', ( #6731 ), #8835, .F. ) ;
#6678 = ORIENTED_EDGE ( 'NONE', *, *, #7221, .F. ) ;
#6679 = CARTESIAN_POINT ( 'NONE',  ( -4.750000000000004441, 1.649999999999999911, 4.919582860152539538 ) ) ;
#6680 = CARTESIAN_POINT ( 'NONE',  ( -4.344608113321960730, 2.010000000000000231, 6.680000000000001492 ) ) ;
#6681 = DIRECTION ( 'NONE',  ( -1.000000000000000000, -0.000000000000000000, 3.771137991253928573E-16 ) ) ;
#6682 = LINE ( 'NONE', #1738, #3826 ) ;
#6683 = VECTOR ( 'NONE', #2010, 1000.000000000000000 ) ;
#6684 = VECTOR ( 'NONE', #8043, 1000.000000000000000 ) ;
#6685 = LINE ( 'NONE', #4482, #9008 ) ;
#6686 = ORIENTED_EDGE ( 'NONE', *, *, #1949, .F. ) ;
#6687 = DIRECTION ( 'NONE',  ( 0.1218693434051474761, 0.9925461516413219831, 0.000000000000000000 ) ) ;
#6688 = ADVANCED_FACE ( 'NONE', ( #3054 ), #8739, .T. ) ;
#6689 = EDGE_LOOP ( 'NONE', ( #5302, #5008, #428, #2984 ) ) ;
#6690 = VERTEX_POINT ( 'NONE', #5888 ) ;
#6691 = PLANE ( 'NONE',  #3354 ) ;
#6692 = DIRECTION ( 'NONE',  ( 0.8660254037844417052, -0.4999999999999946154, 0.000000000000000000 ) ) ;
#6693 = ORIENTED_EDGE ( 'NONE', *, *, #9026, .T. ) ;
#6694 = VECTOR ( 'NONE', #440, 1000.000000000000000 ) ;
#6695 = LINE ( 'NONE', #3835, #1777 ) ;
#6696 = ORIENTED_EDGE ( 'NONE', *, *, #8803, .F. ) ;
#6697 = DIRECTION ( 'NONE',  ( -0.000000000000000000, 0.000000000000000000, 1.000000000000000000 ) ) ;
#6698 = DIRECTION ( 'NONE',  ( 1.000000000000000000, 0.000000000000000000, 0.000000000000000000 ) ) ;
#6700 = FACE_OUTER_BOUND ( 'NONE', #3330, .T. ) ;
#6699 = DIRECTION ( 'NONE',  ( -0.000000000000000000, -0.000000000000000000, -1.000000000000000000 ) ) ;
#6701 = VERTEX_POINT ( 'NONE', #6636 ) ;
#6702 = EDGE_LOOP ( 'NONE', ( #7562, #1204, #8010, #977 ) ) ;
#6703 = FACE_OUTER_BOUND ( 'NONE', #8426, .T. ) ;
#6704 = ORIENTED_EDGE ( 'NONE', *, *, #1219, .T. ) ;
#6705 = CARTESIAN_POINT ( 'NONE',  ( -6.309978747059014736, 0.6450308918860931939, 0.3749999999999994449 ) ) ;
#6706 = DIRECTION ( 'NONE',  ( 0.000000000000000000, 1.000000000000000000, 0.000000000000000000 ) ) ;
#6707 = CARTESIAN_POINT ( 'NONE',  ( -5.729759561962193715, 1.149999999999999689, 4.184999999999999609 ) ) ;
#6708 = FACE_OUTER_BOUND ( 'NONE', #826, .T. ) ;
#6709 = ORIENTED_EDGE ( 'NONE', *, *, #898, .F. ) ;
#6710 = CARTESIAN_POINT ( 'NONE',  ( -5.729759561962193715, 1.649999999999999911, -3.435000000000000497 ) ) ;
#6711 = VERTEX_POINT ( 'NONE', #1839 ) ;
#6712 = ORIENTED_EDGE ( 'NONE', *, *, #4672, .T. ) ;
#6713 = CARTESIAN_POINT ( 'NONE',  ( -0.8500000000000053069, 0.000000000000000000, -6.699999999999999289 ) ) ;
#6714 = DIRECTION ( 'NONE',  ( 1.000000000000000000, 0.000000000000000000, 0.000000000000000000 ) ) ;
#6715 = DIRECTION ( 'NONE',  ( -0.000000000000000000, -0.000000000000000000, -1.000000000000000000 ) ) ;
#6716 = LINE ( 'NONE', #4015, #5648 ) ;
#6717 = ORIENTED_EDGE ( 'NONE', *, *, #4735, .T. ) ;
#6718 = VECTOR ( 'NONE', #3308, 1000.000000000000114 ) ;
#6719 = FACE_OUTER_BOUND ( 'NONE', #7189, .T. ) ;
#6720 = EDGE_CURVE ( 'NONE', #4121, #2968, #3240, .T. ) ;
#6721 = ORIENTED_EDGE ( 'NONE', *, *, #849, .T. ) ;
#6722 = EDGE_CURVE ( 'NONE', #8661, #4360, #3779, .T. ) ;
#6723 = EDGE_CURVE ( 'NONE', #720, #4125, #8650, .T. ) ;
#6724 = FACE_OUTER_BOUND ( 'NONE', #1840, .T. ) ;
#6725 = LINE ( 'NONE', #5205, #5715 ) ;
#6726 = DIRECTION ( 'NONE',  ( 1.000000000000000000, 0.000000000000000000, 0.000000000000000000 ) ) ;
#6727 = AXIS2_PLACEMENT_3D ( 'NONE', #1835, #8193, #1925 ) ;
#6728 = SURFACE_SIDE_STYLE ('',( #3921 ) ) ;
#6729 = PLANE ( 'NONE',  #4315 ) ;
#6730 = ORIENTED_EDGE ( 'NONE', *, *, #1439, .T. ) ;
#6731 = FACE_OUTER_BOUND ( 'NONE', #3492, .T. ) ;
#6732 = EDGE_CURVE ( 'NONE', #5304, #6532, #2384, .T. ) ;
#6733 = ORIENTED_EDGE ( 'NONE', *, *, #6552, .T. ) ;
#6734 = VERTEX_POINT ( 'NONE', #2471 ) ;
#6735 =( GEOMETRIC_REPRESENTATION_CONTEXT ( 3 ) GLOBAL_UNCERTAINTY_ASSIGNED_CONTEXT ( ( #3665 ) ) GLOBAL_UNIT_ASSIGNED_CONTEXT ( ( #1464, #7816, #40 ) ) REPRESENTATION_CONTEXT ( 'NONE', 'WORKASPACE' ) );
#6736 = CYLINDRICAL_SURFACE ( 'NONE', #3777, 0.5000000000000004441 ) ;
#6737 = DIRECTION ( 'NONE',  ( -0.000000000000000000, -0.000000000000000000, -1.000000000000000000 ) ) ;
#6738 = VERTEX_POINT ( 'NONE', #459 ) ;
#6739 = CARTESIAN_POINT ( 'NONE',  ( -4.294608113321960907, 1.649999999999999911, 5.374974746830583072 ) ) ;
#6740 = ORIENTED_EDGE ( 'NONE', *, *, #4309, .F. ) ;
#6741 = DIRECTION ( 'NONE',  ( -1.000000000000000000, -0.000000000000000000, -7.885106708985496922E-16 ) ) ;
#6742 = EDGE_CURVE ( 'NONE', #2321, #8988, #8155, .T. ) ;
#6743 = CARTESIAN_POINT ( 'NONE',  ( -5.729759561962193715, 0.6500000000000000222, -3.435000000000000497 ) ) ;
#6744 =( GEOMETRIC_REPRESENTATION_CONTEXT ( 3 ) GLOBAL_UNCERTAINTY_ASSIGNED_CONTEXT ( ( #6547 ) ) GLOBAL_UNIT_ASSIGNED_CONTEXT ( ( #6144, #6796, #1954 ) ) REPRESENTATION_CONTEXT ( 'NONE', 'WORKASPACE' ) );
#6746 = PLANE ( 'NONE',  #5072 ) ;
#6745 = FACE_OUTER_BOUND ( 'NONE', #8487, .T. ) ;
#6747 = AXIS2_PLACEMENT_3D ( 'NONE', #3514, #1297, #2710 ) ;
#6748 = VERTEX_POINT ( 'NONE', #5255 ) ;
#6749 = ORIENTED_EDGE ( 'NONE', *, *, #954, .F. ) ;
#6750 = CARTESIAN_POINT ( 'NONE',  ( -6.309978747059014736, 0.6450308918860931939, -3.435000000000000497 ) ) ;
#6751 = VERTEX_POINT ( 'NONE', #5165 ) ;
#6752 = ADVANCED_FACE ( 'NONE', ( #1095 ), #8103, .F. ) ;
#6753 = DIRECTION ( 'NONE',  ( 1.000000000000000000, 0.000000000000000000, 0.000000000000000000 ) ) ;
#6754 = AXIS2_PLACEMENT_3D ( 'NONE', #2451, #8034, #1767 ) ;
#6755 = ADVANCED_FACE ( 'NONE', ( #3829 ), #2569, .T. ) ;
#6756 = VECTOR ( 'NONE', #4931, 1000.000000000000000 ) ;
#6757 = LINE ( 'NONE', #8859, #378 ) ;
#6758 = CARTESIAN_POINT ( 'NONE',  ( -5.729759561962193715, 0.6500000000000000222, 4.184999999999999609 ) ) ;
#6760 = VECTOR ( 'NONE', #1270, 1000.000000000000000 ) ;
#6759 = DIRECTION ( 'NONE',  ( 0.000000000000000000, 0.000000000000000000, 1.000000000000000000 ) ) ;
#6761 = ORIENTED_EDGE ( 'NONE', *, *, #140, .F. ) ;
#6762 = CARTESIAN_POINT ( 'NONE',  ( 0.000000000000000000, 3.229999999999999982, 0.000000000000000000 ) ) ;
#6763 = ORIENTED_EDGE ( 'NONE', *, *, #8748, .F. ) ;
#6764 = PRESENTATION_STYLE_ASSIGNMENT (( #4056 ) ) ;
#6765 = VECTOR ( 'NONE', #2332, 1000.000000000000000 ) ;
#6766 = DIRECTION ( 'NONE',  ( 1.000000000000000000, 0.000000000000000000, 0.000000000000000000 ) ) ;
#6767 = PLANE ( 'NONE',  #2295 ) ;
#6768 = VERTEX_POINT ( 'NONE', #6542 ) ;
#6769 = CARTESIAN_POINT ( 'NONE',  ( 8.349999999999999645, 0.4987820251299119323, -7.000000000000001776 ) ) ;
#6770 = VECTOR ( 'NONE', #3091, 1000.000000000000000 ) ;
#6771 = ORIENTED_EDGE ( 'NONE', *, *, #1540, .T. ) ;
#6772 = VECTOR ( 'NONE', #6587, 1000.000000000000000 ) ;
#6773 = CARTESIAN_POINT ( 'NONE',  ( -0.04484046576840968606, 0.6412485357495464333, -3.510000000000000231 ) ) ;
#6774 = CARTESIAN_POINT ( 'NONE',  ( -5.729759561962193715, 0.000000000000000000, -0.2999999999999999334 ) ) ;
#6775 = CARTESIAN_POINT ( 'NONE',  ( -4.750000000000004441, 1.649999999999999911, -4.919582860152539538 ) ) ;
#6776 = ADVANCED_FACE ( 'NONE', ( #2428 ), #5210, .T. ) ;
#6777 = DIRECTION ( 'NONE',  ( -1.000000000000000000, -0.000000000000000000, 1.084202172485504631E-15 ) ) ;
#6778 = EDGE_CURVE ( 'NONE', #8728, #7512, #1743, .T. ) ;
#6779 = ORIENTED_EDGE ( 'NONE', *, *, #2876, .F. ) ;
#6780 = LINE ( 'NONE', #2068, #1655 ) ;
#6781 = EDGE_LOOP ( 'NONE', ( #1364, #1953, #4803, #3260 ) ) ;
#6782 = ORIENTED_EDGE ( 'NONE', *, *, #6539, .F. ) ;
#6783 = LINE ( 'NONE', #3151, #1013 ) ;
#6784 = LINE ( 'NONE', #4681, #5149 ) ;
#6785 = VERTEX_POINT ( 'NONE', #1148 ) ;
#6786 = CARTESIAN_POINT ( 'NONE',  ( -5.729759561962193715, 1.149999999999999689, -0.8950000000000003508 ) ) ;
#6787 = ORIENTED_EDGE ( 'NONE', *, *, #7232, .T. ) ;
#6788 = DIRECTION ( 'NONE',  ( 0.4999999999999968359, 0.8660254037844404840, 0.000000000000000000 ) ) ;
#6789 = EDGE_CURVE ( 'NONE', #3591, #8063, #276, .T. ) ;
#6790 = LINE ( 'NONE', #4687, #7169 ) ;
#6792 = CARTESIAN_POINT ( 'NONE',  ( -9.249999999999996447, 0.4987820251299122654, -0.9699999999999999734 ) ) ;
#6791 = FACE_OUTER_BOUND ( 'NONE', #1338, .T. ) ;
#6793 = EDGE_CURVE ( 'NONE', #2120, #352, #411, .T. ) ;
#6794 = ORIENTED_EDGE ( 'NONE', *, *, #4658, .T. ) ;
#6795 = VERTEX_POINT ( 'NONE', #4071 ) ;
#6796 =( NAMED_UNIT ( * ) PLANE_ANGLE_UNIT ( ) SI_UNIT ( $, .RADIAN. ) );
#6797 = VERTEX_POINT ( 'NONE', #510 ) ;
#6798 = DIRECTION ( 'NONE',  ( 1.000000000000000000, -0.000000000000000000, 5.595882180570346166E-16 ) ) ;
#6799 = AXIS2_PLACEMENT_3D ( 'NONE', #2745, #8972, #3463 ) ;
#6800 = AXIS2_PLACEMENT_3D ( 'NONE', #8523, #1576, #2301 ) ;
#6801 = FACE_OUTER_BOUND ( 'NONE', #3443, .T. ) ;
#6802 = CARTESIAN_POINT ( 'NONE',  ( 2.650000000000002132, 3.229999999999999982, -5.799999999999999822 ) ) ;
#6803 = DIRECTION ( 'NONE',  ( -0.000000000000000000, -0.000000000000000000, -1.000000000000000000 ) ) ;
#6804 = EDGE_LOOP ( 'NONE', ( #5199, #7754, #6982, #6839 ) ) ;
#6805 = CARTESIAN_POINT ( 'NONE',  ( -6.162772263854414234, 0.8999999999999971356, 1.570000000000000284 ) ) ;
#6806 = EDGE_CURVE ( 'NONE', #2846, #549, #3976, .T. ) ;
#6807 = VERTEX_POINT ( 'NONE', #5447 ) ;
#6808 = CARTESIAN_POINT ( 'NONE',  ( -2.395102131247015462E-16, 1.150000000000001021, 0.2999999999999999334 ) ) ;
#6809 = VECTOR ( 'NONE', #2551, 1000.000000000000114 ) ;
#6810 = AXIS2_PLACEMENT_3D ( 'NONE', #6420, #7931, #4588 ) ;
#6811 = LINE ( 'NONE', #8089, #1373 ) ;
#6812 = DIRECTION ( 'NONE',  ( 0.000000000000000000, -0.000000000000000000, 1.000000000000000000 ) ) ;
#6813 = CARTESIAN_POINT ( 'NONE',  ( -4.750100000000005096, 0.000000000000000000, -6.603405868283640956 ) ) ;
#6814 = ORIENTED_EDGE ( 'NONE', *, *, #5971, .F. ) ;
#6815 = PLANE ( 'NONE',  #8222 ) ;
#6816 = ORIENTED_EDGE ( 'NONE', *, *, #3632, .T. ) ;
#6817 = VECTOR ( 'NONE', #613, 1000.000000000000000 ) ;
#6818 = DIRECTION ( 'NONE',  ( -0.8660254037844418162, 0.4999999999999947264, 0.000000000000000000 ) ) ;
#6820 = CARTESIAN_POINT ( 'NONE',  ( -7.176004150843455776, 1.145030891886088309, 2.840000000000000302 ) ) ;
#6819 = VECTOR ( 'NONE', #2773, 1000.000000000000000 ) ;
#6821 = FILL_AREA_STYLE_COLOUR ( '', #2785 ) ;
#6822 = AXIS2_PLACEMENT_3D ( 'NONE', #8547, #3636, #4204 ) ;
#6823 = CARTESIAN_POINT ( 'NONE',  ( 8.990000000000001990, 3.229999999999999982, -2.000000000000000000 ) ) ;
#6824 = ORIENTED_EDGE ( 'NONE', *, *, #8265, .F. ) ;
#6825 = PLANE ( 'NONE',  #1054 ) ;
#6826 = ORIENTED_EDGE ( 'NONE', *, *, #7924, .F. ) ;
#6827 = ORIENTED_EDGE ( 'NONE', *, *, #4716, .F. ) ;
#6828 = ORIENTED_EDGE ( 'NONE', *, *, #6844, .T. ) ;
#6829 = DIRECTION ( 'NONE',  ( 0.000000000000000000, 0.000000000000000000, 1.000000000000000000 ) ) ;
#6830 = CARTESIAN_POINT ( 'NONE',  ( -2.395102131247015462E-16, 1.150000000000001021, 3.510000000000000231 ) ) ;
#6831 = CARTESIAN_POINT ( 'NONE',  ( 6.238607719548550534, 3.229999999999999982, 0.9999999999999995559 ) ) ;
#6832 = ORIENTED_EDGE ( 'NONE', *, *, #1631, .T. ) ;
#6833 = LINE ( 'NONE', #566, #2494 ) ;
#6834 = EDGE_CURVE ( 'NONE', #1689, #5224, #8888, .T. ) ;
#6835 = CARTESIAN_POINT ( 'NONE',  ( 6.988607719548549646, 3.229999999999999982, 1.499999999999999778 ) ) ;
#6836 = PLANE ( 'NONE',  #2578 ) ;
#6837 = VECTOR ( 'NONE', #6304, 1000.000000000000000 ) ;
#6838 = ORIENTED_EDGE ( 'NONE', *, *, #7948, .T. ) ;
#6839 = ORIENTED_EDGE ( 'NONE', *, *, #2766, .T. ) ;
#6840 = CARTESIAN_POINT ( 'NONE',  ( -4.221443133100769352, 2.157277196200263703, -6.680000000000001492 ) ) ;
#6841 = VERTEX_POINT ( 'NONE', #3376 ) ;
#6842 = CARTESIAN_POINT ( 'NONE',  ( 6.150000000000001243, 3.229999999999999982, 6.199999999999999289 ) ) ;
#6843 = ADVANCED_FACE ( 'NONE', ( #9024 ), #1386, .F. ) ;
#6844 = EDGE_CURVE ( 'NONE', #5901, #6554, #6780, .T. ) ;
#6846 = CARTESIAN_POINT ( 'NONE',  ( -9.249999999999996447, 0.4987820251299122654, -2.839999999999999858 ) ) ;
#6845 = CARTESIAN_POINT ( 'NONE',  ( 0.000000000000000000, 1.649999999999999911, 1.570000000000000284 ) ) ;
#6847 = PLANE ( 'NONE',  #1127 ) ;
#6848 = LINE ( 'NONE', #491, #1786 ) ;
#6849 = ORIENTED_EDGE ( 'NONE', *, *, #3607, .F. ) ;
#6850 = EDGE_CURVE ( 'NONE', #7437, #699, #1243, .T. ) ;
#6851 = VERTEX_POINT ( 'NONE', #2614 ) ;
#6852 = CARTESIAN_POINT ( 'NONE',  ( -5.729759561962193715, 1.649999999999999911, -1.569999999999999840 ) ) ;
#6853 = LINE ( 'NONE', #8915, #8894 ) ;
#6854 = ADVANCED_FACE ( 'NONE', ( #5398, #8199 ), #6825, .F. ) ;
#6855 = CARTESIAN_POINT ( 'NONE',  ( 9.250000000000001776, 3.229999999999999982, 6.999999999999999112 ) ) ;
#6856 = PLANE ( 'NONE',  #5062 ) ;
#6857 = VERTEX_POINT ( 'NONE', #4856 ) ;
#6858 = CARTESIAN_POINT ( 'NONE',  ( 7.050000000000004263, 3.229999999999998206, -7.000000000000000888 ) ) ;
#6859 = VERTEX_POINT ( 'NONE', #8335 ) ;
#6860 = FACE_OUTER_BOUND ( 'NONE', #8649, .T. ) ;
#6861 = DIRECTION ( 'NONE',  ( 0.000000000000000000, 1.000000000000000000, 0.000000000000000000 ) ) ;
#6862 = FACE_OUTER_BOUND ( 'NONE', #8818, .T. ) ;
#6863 = EDGE_CURVE ( 'NONE', #8720, #2627, #7649, .T. ) ;
#6864 = DIRECTION ( 'NONE',  ( -0.9975640502598243087, -0.06975647374412489998, 0.000000000000000000 ) ) ;
#6865 = VECTOR ( 'NONE', #4587, 1000.000000000000000 ) ;
#6866 = CARTESIAN_POINT ( 'NONE',  ( 9.250000000000001776, 1.069861744982407492, 6.000973033514757304 ) ) ;
#6867 = VERTEX_POINT ( 'NONE', #7513 ) ;
#6868 = DIRECTION ( 'NONE',  ( 1.000000000000000000, 0.000000000000000000, 0.000000000000000000 ) ) ;
#6869 = ORIENTED_EDGE ( 'NONE', *, *, #2408, .F. ) ;
#6870 = ORIENTED_EDGE ( 'NONE', *, *, #1149, .T. ) ;
#6871 = ORIENTED_EDGE ( 'NONE', *, *, #6953, .F. ) ;
#6872 = CARTESIAN_POINT ( 'NONE',  ( -7.176004150843455776, 1.145030891886088309, 0.2999999999999999334 ) ) ;
#6873 = CARTESIAN_POINT ( 'NONE',  ( -2.049999999999997602, 3.229999999999999982, 5.799999999999998934 ) ) ;
#6874 = CARTESIAN_POINT ( 'NONE',  ( 6.238607719548550534, 3.229999999999999982, -0.9999999999999995559 ) ) ;
#6875 = ORIENTED_EDGE ( 'NONE', *, *, #592, .T. ) ;
#6876 = CARTESIAN_POINT ( 'NONE',  ( 2.650000000000002132, 3.229999999999999982, -5.799999999999999822 ) ) ;
#6877 = AXIS2_PLACEMENT_3D ( 'NONE', #1620, #2854, #2897 ) ;
#6878 = PLANE ( 'NONE',  #6422 ) ;
#6879 = AXIS2_PLACEMENT_3D ( 'NONE', #8418, #1048, #3195 ) ;
#6880 = DIRECTION ( 'NONE',  ( -0.000000000000000000, -0.000000000000000000, -1.000000000000000000 ) ) ;
#6881 = AXIS2_PLACEMENT_3D ( 'NONE', #2168, #6974, #8433 ) ;
#6882 = ORIENTED_EDGE ( 'NONE', *, *, #4331, .T. ) ;
#6883 = ORIENTED_EDGE ( 'NONE', *, *, #663, .T. ) ;
#6884 = PLANE ( 'NONE',  #2405 ) ;
#6885 = VERTEX_POINT ( 'NONE', #1932 ) ;
#6886 = LINE ( 'NONE', #5417, #9063 ) ;
#6887 = VECTOR ( 'NONE', #3109, 1000.000000000000000 ) ;
#6889 = CARTESIAN_POINT ( 'NONE',  ( -2.849999999999998312, 3.729999999999999982, 1.481822626968297304E-15 ) ) ;
#6888 = CARTESIAN_POINT ( 'NONE',  ( -4.344608113321960730, 0.000000000000000000, 0.000000000000000000 ) ) ;
#6890 = DIRECTION ( 'NONE',  ( 1.000000000000000000, 0.000000000000000000, 0.000000000000000000 ) ) ;
#6891 = ADVANCED_FACE ( 'NONE', ( #2024 ), #3470, .F. ) ;
#6892 = LINE ( 'NONE', #8956, #1944 ) ;
#6893 = EDGE_CURVE ( 'NONE', #1981, #3751, #1213, .T. ) ;
#6894 = VERTEX_POINT ( 'NONE', #7468 ) ;
#6895 = ORIENTED_EDGE ( 'NONE', *, *, #2886, .T. ) ;
#6896 = DIRECTION ( 'NONE',  ( 0.000000000000000000, 0.000000000000000000, -1.000000000000000000 ) ) ;
#6897 = VECTOR ( 'NONE', #3476, 1000.000000000000000 ) ;
#6898 = VECTOR ( 'NONE', #6110, 1000.000000000000114 ) ;
#6899 = CARTESIAN_POINT ( 'NONE',  ( -4.587304056660980400, 1.084202172485504434E-15, -4.587304056660980400 ) ) ;
#6900 = EDGE_CURVE ( 'NONE', #3428, #329, #2659, .T. ) ;
#6901 = PLANE ( 'NONE',  #3740 ) ;
#6902 = CARTESIAN_POINT ( 'NONE',  ( -4.344608113321960730, 2.009999999999998455, -6.680000000000001492 ) ) ;
#6903 = ORIENTED_EDGE ( 'NONE', *, *, #8536, .F. ) ;
#6904 = DIRECTION ( 'NONE',  ( -0.000000000000000000, 0.000000000000000000, 1.000000000000000000 ) ) ;
#6905 = ORIENTED_EDGE ( 'NONE', *, *, #7449, .F. ) ;
#6906 = ORIENTED_EDGE ( 'NONE', *, *, #4993, .T. ) ;
#6907 = VECTOR ( 'NONE', #5329, 1000.000000000000000 ) ;
#6908 = EDGE_CURVE ( 'NONE', #5354, #738, #4868, .T. ) ;
#6909 = DIRECTION ( 'NONE',  ( 1.000000000000000000, 0.000000000000000000, 0.000000000000000000 ) ) ;
#6910 = DIRECTION ( 'NONE',  ( 1.000000000000000000, 0.000000000000000000, 0.000000000000000000 ) ) ;
#6911 = LINE ( 'NONE', #1237, #7163 ) ;
#6912 = CARTESIAN_POINT ( 'NONE',  ( 0.3500000000000021982, 3.229999999999999982, -5.799999999999999822 ) ) ;
#6913 = CARTESIAN_POINT ( 'NONE',  ( -5.729759561962193715, 1.649999999999999911, -4.185000000000000497 ) ) ;
#6914 = AXIS2_PLACEMENT_3D ( 'NONE', #4151, #638, #4846 ) ;
#6915 = AXIS2_PLACEMENT_3D ( 'NONE', #6872, #4287, #6922 ) ;
#6916 = ADVANCED_FACE ( 'NONE', ( #5489 ), #2703, .T. ) ;
#6917 = ORIENTED_EDGE ( 'NONE', *, *, #1268, .F. ) ;
#6918 = CARTESIAN_POINT ( 'NONE',  ( -2.399999999999997691, 3.229999999999999982, -5.750000000000000000 ) ) ;
#6919 = ORIENTED_EDGE ( 'NONE', *, *, #5916, .T. ) ;
#6920 = ORIENTED_EDGE ( 'NONE', *, *, #457, .F. ) ;
#6921 = ORIENTED_EDGE ( 'NONE', *, *, #3490, .F. ) ;
#6922 = DIRECTION ( 'NONE',  ( 1.000000000000000000, 0.000000000000000000, 0.000000000000000000 ) ) ;
#6923 = EDGE_CURVE ( 'NONE', #2914, #4801, #4810, .T. ) ;
#6924 = CARTESIAN_POINT ( 'NONE',  ( 5.838607719548550179, 3.229999999999999982, 0.9999999999999995559 ) ) ;
#6925 = STYLED_ITEM ( 'NONE', ( #507 ), #4439 ) ;
#6926 = LINE ( 'NONE', #8389, #1629 ) ;
#6927 = ORIENTED_EDGE ( 'NONE', *, *, #6280, .T. ) ;
#6928 = DIRECTION ( 'NONE',  ( -0.7071067811865435759, 0.000000000000000000, -0.7071067811865513475 ) ) ;
#6929 = DIRECTION ( 'NONE',  ( 1.000000000000000000, 0.000000000000000000, 0.000000000000000000 ) ) ;
#6930 = DIRECTION ( 'NONE',  ( -0.000000000000000000, 0.000000000000000000, 1.000000000000000000 ) ) ;
#6931 = AXIS2_PLACEMENT_3D ( 'NONE', #7772, #8378, #2748 ) ;
#6932 = ORIENTED_EDGE ( 'NONE', *, *, #7791, .T. ) ;
#6933 = ORIENTED_EDGE ( 'NONE', *, *, #471, .T. ) ;
#6934 = LINE ( 'NONE', #6288, #7227 ) ;
#6935 = EDGE_LOOP ( 'NONE', ( #1895, #1519, #7338, #4666 ) ) ;
#6936 = CARTESIAN_POINT ( 'NONE',  ( -7.141125913971392514, 0.6462488667561758771, 0.2999999999999999334 ) ) ;
#6938 = DIRECTION ( 'NONE',  ( 0.4999999999999947264, 0.8660254037844418162, -0.000000000000000000 ) ) ;
#6937 = DIRECTION ( 'NONE',  ( -0.000000000000000000, -0.000000000000000000, -1.000000000000000000 ) ) ;
#6939 = DIRECTION ( 'NONE',  ( 0.000000000000000000, 1.000000000000000000, 0.000000000000000000 ) ) ;
#6940 = DIRECTION ( 'NONE',  ( 0.000000000000000000, 1.000000000000000000, 0.000000000000000000 ) ) ;
#6941 = ORIENTED_EDGE ( 'NONE', *, *, #7480, .F. ) ;
#6942 = ORIENTED_EDGE ( 'NONE', *, *, #580, .T. ) ;
#6943 = SURFACE_SIDE_STYLE ('',( #9051 ) ) ;
#6944 = VECTOR ( 'NONE', #1747, 1000.000000000000000 ) ;
#6945 = ADVANCED_FACE ( 'NONE', ( #1291 ), #4939, .F. ) ;
#6946 = EDGE_CURVE ( 'NONE', #1909, #4121, #2922, .T. ) ;
#6947 = PLANE ( 'NONE',  #8521 ) ;
#6948 = FACE_OUTER_BOUND ( 'NONE', #6230, .T. ) ;
#6949 = CARTESIAN_POINT ( 'NONE',  ( 9.250000000000001776, 3.229999999999999982, -1.499999999999999556 ) ) ;
#6950 = ORIENTED_EDGE ( 'NONE', *, *, #175, .F. ) ;
#6951 = DIRECTION ( 'NONE',  ( -0.4999999999999974465, -0.8660254037844400399, -0.000000000000000000 ) ) ;
#6952 = ORIENTED_EDGE ( 'NONE', *, *, #5701, .T. ) ;
#6953 = EDGE_CURVE ( 'NONE', #7648, #4594, #1603, .T. ) ;
#6954 = VECTOR ( 'NONE', #3257, 1000.000000000000000 ) ;
#6955 = CARTESIAN_POINT ( 'NONE',  ( 8.990000000000001990, 3.729999999999999982, -1.500000000000000000 ) ) ;
#6956 = LINE ( 'NONE', #2651, #6598 ) ;
#6957 = DIRECTION ( 'NONE',  ( 0.000000000000000000, 0.000000000000000000, 1.000000000000000000 ) ) ;
#6958 = EDGE_CURVE ( 'NONE', #6187, #7348, #5749, .T. ) ;
#6959 = COLOUR_RGB ( '',0.7921568627450980005, 0.8196078431372548767, 0.9333333333333333481 ) ;
#6960 = CARTESIAN_POINT ( 'NONE',  ( 6.238607719548550534, 3.229999999999999982, 1.500000000000000000 ) ) ;
#6961 = LINE ( 'NONE', #7644, #6078 ) ;
#6962 = CARTESIAN_POINT ( 'NONE',  ( -7.176004150843455776, 1.145030891886088309, 0.2999999999999999334 ) ) ;
#6963 = EDGE_CURVE ( 'NONE', #127, #4187, #4898, .T. ) ;
#6964 = VECTOR ( 'NONE', #2806, 1000.000000000000000 ) ;
#6965 = ORIENTED_EDGE ( 'NONE', *, *, #1433, .T. ) ;
#6966 = DIRECTION ( 'NONE',  ( 0.000000000000000000, -0.000000000000000000, -1.000000000000000000 ) ) ;
#6967 = VERTEX_POINT ( 'NONE', #5667 ) ;
#6968 = AXIS2_PLACEMENT_3D ( 'NONE', #1426, #7730, #7172 ) ;
#6969 = ORIENTED_EDGE ( 'NONE', *, *, #2472, .F. ) ;
#6970 = EDGE_CURVE ( 'NONE', #4899, #6312, #2841, .T. ) ;
#6971 = CARTESIAN_POINT ( 'NONE',  ( -2.399999999999999911, 3.229999999999999982, 6.200000000000000178 ) ) ;
#6972 = CARTESIAN_POINT ( 'NONE',  ( 5.838607719548550179, 3.229999999999999982, -0.9999999999999995559 ) ) ;
#6973 = ORIENTED_EDGE ( 'NONE', *, *, #663, .F. ) ;
#6974 = DIRECTION ( 'NONE',  ( -0.06975647374412492774, 0.9975640502598243087, 0.000000000000000000 ) ) ;
#6975 = VECTOR ( 'NONE', #7731, 1000.000000000000000 ) ;
#6976 = ADVANCED_FACE ( 'NONE', ( #4247 ), #7867, .F. ) ;
#6977 = LINE ( 'NONE', #4302, #4821 ) ;
#6978 = DIRECTION ( 'NONE',  ( 1.000000000000000000, 0.000000000000000000, 0.000000000000000000 ) ) ;
#6979 = EDGE_CURVE ( 'NONE', #7475, #676, #8549, .T. ) ;
#6980 = ADVANCED_FACE ( 'NONE', ( #8465 ), #3638, .T. ) ;
#6981 = ORIENTED_EDGE ( 'NONE', *, *, #3211, .F. ) ;
#6982 = ORIENTED_EDGE ( 'NONE', *, *, #8377, .F. ) ;
#6983 = CARTESIAN_POINT ( 'NONE',  ( 5.838607719548550179, 3.729999999999999982, -0.9999999999999995559 ) ) ;
#6985 = CARTESIAN_POINT ( 'NONE',  ( -5.729759561962193715, 1.149999999999999689, 2.915000000000000036 ) ) ;
#6984 = LINE ( 'NONE', #5289, #7098 ) ;
#6986 = ADVANCED_FACE ( 'NONE', ( #5025 ), #736, .F. ) ;
#6987 = AXIS2_PLACEMENT_3D ( 'NONE', #289, #1633, #7988 ) ;
#6988 = VECTOR ( 'NONE', #8725, 1000.000000000000000 ) ;
#6989 = CARTESIAN_POINT ( 'NONE',  ( -2.049999999999997602, 3.229999999999999982, -6.200000000000000178 ) ) ;
#6990 = ORIENTED_EDGE ( 'NONE', *, *, #1683, .F. ) ;
#6991 = ORIENTED_EDGE ( 'NONE', *, *, #5042, .F. ) ;
#6992 = CARTESIAN_POINT ( 'NONE',  ( 6.988607719548553199, 3.729999999999999982, -7.000000000000000888 ) ) ;
#6993 = CYLINDRICAL_SURFACE ( 'NONE', #2015, 1.000000000000000888 ) ;
#6994 = FACE_OUTER_BOUND ( 'NONE', #8310, .T. ) ;
#6995 = VERTEX_POINT ( 'NONE', #1469 ) ;
#6996 = DIRECTION ( 'NONE',  ( -0.8660254037844407060, 0.4999999999999966138, 0.000000000000000000 ) ) ;
#6997 = ORIENTED_EDGE ( 'NONE', *, *, #1693, .F. ) ;
#6998 = CARTESIAN_POINT ( 'NONE',  ( 8.990000000000001990, 3.229999999999999982, 2.000000000000000000 ) ) ;
#6999 = CARTESIAN_POINT ( 'NONE',  ( 0.000000000000000000, 0.000000000000000000, 2.240000000000000657 ) ) ;
#7000 = DIRECTION ( 'NONE',  ( -0.000000000000000000, -0.000000000000000000, -1.000000000000000000 ) ) ;
#7001 = LINE ( 'NONE', #2242, #2580 ) ;
#7002 = PLANE ( 'NONE',  #3590 ) ;
#7003 = ORIENTED_EDGE ( 'NONE', *, *, #6326, .T. ) ;
#7004 = CARTESIAN_POINT ( 'NONE',  ( -5.729759561962193715, 0.6500000000000000222, -0.9699999999999999734 ) ) ;
#7005 = ADVANCED_FACE ( 'NONE', ( #6365 ), #3003, .T. ) ;
#7006 = EDGE_CURVE ( 'NONE', #1758, #3445, #7049, .T. ) ;
#7007 = EDGE_LOOP ( 'NONE', ( #2027, #4602, #3429, #8692 ) ) ;
#7008 = VERTEX_POINT ( 'NONE', #4381 ) ;
#7009 = PLANE ( 'NONE',  #6501 ) ;
#7010 = LINE ( 'NONE', #6233, #8496 ) ;
#7011 = ORIENTED_EDGE ( 'NONE', *, *, #6491, .F. ) ;
#7012 = FACE_OUTER_BOUND ( 'NONE', #2796, .T. ) ;
#7013 = LINE ( 'NONE', #4907, #7619 ) ;
#7014 = DIRECTION ( 'NONE',  ( -0.8660254037844418162, 0.4999999999999947264, 0.000000000000000000 ) ) ;
#7015 = ADVANCED_FACE ( 'NONE', ( #8425 ), #780, .F. ) ;
#7016 = VECTOR ( 'NONE', #5312, 1000.000000000000000 ) ;
#7017 = VERTEX_POINT ( 'NONE', #4980 ) ;
#7018 = CARTESIAN_POINT ( 'NONE',  ( -4.479866786035785253, -0.5500584762268876382, 2.840000000000000302 ) ) ;
#7019 = ORIENTED_EDGE ( 'NONE', *, *, #5385, .T. ) ;
#7020 = PLANE ( 'NONE',  #5546 ) ;
#7021 = ADVANCED_FACE ( 'NONE', ( #7175 ), #1520, .F. ) ;
#7022 = AXIS2_PLACEMENT_3D ( 'NONE', #8831, #5441, #6031 ) ;
#7024 = LINE ( 'NONE', #1405, #1564 ) ;
#7023 = CARTESIAN_POINT ( 'NONE',  ( 5.838607719548550179, 3.229999999999999982, 0.9999999999999995559 ) ) ;
#7025 = DIRECTION ( 'NONE',  ( -0.1218693434051425356, 0.9925461516413225382, 0.000000000000000000 ) ) ;
#7026 = ADVANCED_FACE ( 'NONE', ( #5793 ), #2121, .F. ) ;
#7027 = EDGE_LOOP ( 'NONE', ( #2921, #5026, #8109, #3503 ) ) ;
#7028 = ORIENTED_EDGE ( 'NONE', *, *, #8645, .F. ) ;
#7029 = ORIENTED_EDGE ( 'NONE', *, *, #1864, .T. ) ;
#7030 = CARTESIAN_POINT ( 'NONE',  ( -5.729759561962193715, -0.000000000000000000, -4.110000000000000320 ) ) ;
#7031 = EDGE_CURVE ( 'NONE', #232, #5880, #3092, .T. ) ;
#7032 = LINE ( 'NONE', #4923, #1662 ) ;
#7033 = CARTESIAN_POINT ( 'NONE',  ( -7.176004150843455776, 1.145030891886088309, 1.570000000000000284 ) ) ;
#7034 = AXIS2_PLACEMENT_3D ( 'NONE', #5094, #8535, #7889 ) ;
#7035 = DIRECTION ( 'NONE',  ( 0.000000000000000000, -0.000000000000000000, -1.000000000000000000 ) ) ;
#7036 = VERTEX_POINT ( 'NONE', #7362 ) ;
#7037 = DIRECTION ( 'NONE',  ( -0.9925461516413226493, -0.1218693434051425495, 0.000000000000000000 ) ) ;
#7038 = AXIS2_PLACEMENT_3D ( 'NONE', #7603, #8941, #4167 ) ;
#7039 = CLOSED_SHELL ( 'NONE', ( #4827, #7675, #6067, #4162, #3202, #1424, #687, #7058, #3009, #5927, #4048, #4648, #5945, #2316, #3025, #8002, #8065, #5011, #1071, #5211, #7101, #8354 ) ) ;
#7040 = ORIENTED_EDGE ( 'NONE', *, *, #1149, .F. ) ;
#7041 = CARTESIAN_POINT ( 'NONE',  ( 9.250000000000001776, 3.229999999999999982, -2.259999999999998010 ) ) ;
#7042 = CARTESIAN_POINT ( 'NONE',  ( 9.250000000000001776, 2.729999999999999982, -4.349999999999999645 ) ) ;
#7043 = AXIS2_PLACEMENT_3D ( 'NONE', #3789, #6549, #6698 ) ;
#7044 = VECTOR ( 'NONE', #4066, 1000.000000000000000 ) ;
#7045 = CARTESIAN_POINT ( 'NONE',  ( -5.729759561962193715, 0.6500000000000000222, -2.239999999999999769 ) ) ;
#7046 = DIRECTION ( 'NONE',  ( -0.8660254037844418162, 0.4999999999999947264, 0.000000000000000000 ) ) ;
#7047 = FACE_OUTER_BOUND ( 'NONE', #737, .T. ) ;
#7048 = VERTEX_POINT ( 'NONE', #351 ) ;
#7049 = LINE ( 'NONE', #5071, #8381 ) ;
#7050 = VECTOR ( 'NONE', #7347, 1000.000000000000000 ) ;
#7051 = ORIENTED_EDGE ( 'NONE', *, *, #3309, .T. ) ;
#7052 = ORIENTED_EDGE ( 'NONE', *, *, #3737, .F. ) ;
#7053 = CARTESIAN_POINT ( 'NONE',  ( -5.729759561962193715, 0.6500000000000000222, 1.644999999999999796 ) ) ;
#7054 = DIRECTION ( 'NONE',  ( -0.000000000000000000, -0.000000000000000000, -1.000000000000000000 ) ) ;
#7055 = ORIENTED_EDGE ( 'NONE', *, *, #9021, .T. ) ;
#7056 = CARTESIAN_POINT ( 'NONE',  ( 8.990000000000001990, 3.229999999999999982, -1.500000000000000000 ) ) ;
#7057 = EDGE_CURVE ( 'NONE', #8428, #7291, #3135, .T. ) ;
#7058 = ADVANCED_FACE ( 'NONE', ( #3866 ), #4429, .T. ) ;
#7059 = AXIS2_PLACEMENT_3D ( 'NONE', #5707, #2200, #2883 ) ;
#7060 = LINE ( 'NONE', #3798, #2052 ) ;
#7061 = CARTESIAN_POINT ( 'NONE',  ( -1.727372156639429335, 2.419999999999999929, -6.900544505668654516 ) ) ;
#7062 = VECTOR ( 'NONE', #993, 1000.000000000000000 ) ;
#7063 = VERTEX_POINT ( 'NONE', #4565 ) ;
#7064 = CARTESIAN_POINT ( 'NONE',  ( -6.309978747059014736, 0.6450308918860931939, 0.8950000000000000178 ) ) ;
#7065 = VERTEX_POINT ( 'NONE', #3045 ) ;
#7066 = DIRECTION ( 'NONE',  ( -0.000000000000000000, -0.000000000000000000, -1.000000000000000000 ) ) ;
#7067 = EDGE_CURVE ( 'NONE', #2071, #7017, #6533, .T. ) ;
#7068 = STYLED_ITEM ( 'NONE', ( #2195 ), #4509 ) ;
#7070 = FACE_OUTER_BOUND ( 'NONE', #4532, .T. ) ;
#7069 = CARTESIAN_POINT ( 'NONE',  ( -5.729759561962193715, 1.149999999999999689, -1.645000000000000240 ) ) ;
#7071 = CARTESIAN_POINT ( 'NONE',  ( -4.479866786035785253, -0.5500584762268876382, -3.510000000000000231 ) ) ;
#7072 = EDGE_CURVE ( 'NONE', #2176, #738, #8046, .T. ) ;
#7073 = EDGE_LOOP ( 'NONE', ( #8575, #7795, #3951, #3512 ) ) ;
#7074 = VERTEX_POINT ( 'NONE', #3231 ) ;
#7075 = EDGE_LOOP ( 'NONE', ( #3124, #7616, #1706, #2744, #6243, #8936 ) ) ;
#7076 = EDGE_CURVE ( 'NONE', #4132, #1976, #6626, .T. ) ;
#7077 =( NAMED_UNIT ( * ) PLANE_ANGLE_UNIT ( ) SI_UNIT ( $, .RADIAN. ) );
#7078 = DIRECTION ( 'NONE',  ( 1.000000000000000000, 0.000000000000000000, 0.000000000000000000 ) ) ;
#7079 = CARTESIAN_POINT ( 'NONE',  ( 9.250000000000001776, 3.729999999999999982, -1.499999999999999556 ) ) ;
#7080 = EDGE_CURVE ( 'NONE', #6323, #4316, #260, .T. ) ;
#7081 = ORIENTED_EDGE ( 'NONE', *, *, #6742, .T. ) ;
#7082 = FACE_OUTER_BOUND ( 'NONE', #3125, .T. ) ;
#7083 = ORIENTED_EDGE ( 'NONE', *, *, #4618, .F. ) ;
#7084 = CARTESIAN_POINT ( 'NONE',  ( -2.399999999999999467, 3.229999999999999982, 5.750000000000000000 ) ) ;
#7085 = VERTEX_POINT ( 'NONE', #1733 ) ;
#7086 = LINE ( 'NONE', #4244, #8427 ) ;
#7087 = CARTESIAN_POINT ( 'NONE',  ( -7.106247677099330140, 0.1474668416262637505, -2.839999999999999858 ) ) ;
#7088 = VERTEX_POINT ( 'NONE', #1084 ) ;
#7089 = DIRECTION ( 'NONE',  ( 0.000000000000000000, 1.000000000000000000, 0.000000000000000000 ) ) ;
#7090 = ORIENTED_EDGE ( 'NONE', *, *, #4095, .T. ) ;
#7091 = VECTOR ( 'NONE', #1057, 1000.000000000000000 ) ;
#7092 = ORIENTED_EDGE ( 'NONE', *, *, #5563, .T. ) ;
#7093 = CARTESIAN_POINT ( 'NONE',  ( 3.774478171836572304, 0.4987820251299121543, -6.999999999999999112 ) ) ;
#7094 = DIRECTION ( 'NONE',  ( -0.4999999999999974465, -0.8660254037844400399, -0.000000000000000000 ) ) ;
#7095 = ORIENTED_EDGE ( 'NONE', *, *, #2387, .T. ) ;
#7096 = LINE ( 'NONE', #704, #8770 ) ;
#7097 =( GEOMETRIC_REPRESENTATION_CONTEXT ( 3 ) GLOBAL_UNCERTAINTY_ASSIGNED_CONTEXT ( ( #8657 ) ) GLOBAL_UNIT_ASSIGNED_CONTEXT ( ( #3541, #6347, #9007 ) ) REPRESENTATION_CONTEXT ( 'NONE', 'WORKASPACE' ) );
#7098 = VECTOR ( 'NONE', #2682, 1000.000000000000000 ) ;
#7099 = CARTESIAN_POINT ( 'NONE',  ( -7.176004150843455776, 1.145030891886088309, 2.840000000000000302 ) ) ;
#7100 = CARTESIAN_POINT ( 'NONE',  ( 0.000000000000000000, 1.649999999999999911, -0.9699999999999999734 ) ) ;
#7101 = ADVANCED_FACE ( 'NONE', ( #6719 ), #8682, .F. ) ;
#7102 = AXIS2_PLACEMENT_3D ( 'NONE', #5208, #7230, #953 ) ;
#7103 = ORIENTED_EDGE ( 'NONE', *, *, #3909, .T. ) ;
#7104 = CARTESIAN_POINT ( 'NONE',  ( 5.700000000000001066, 3.229999999999999982, 6.199999999999999289 ) ) ;
#7105 = ORIENTED_EDGE ( 'NONE', *, *, #2083, .F. ) ;
#7106 = CARTESIAN_POINT ( 'NONE',  ( -5.011790629593825486, 2.893558669118013515, 4.110000000000000320 ) ) ;
#7107 = VECTOR ( 'NONE', #1958, 1000.000000000000227 ) ;
#7109 = DIRECTION ( 'NONE',  ( 0.000000000000000000, 0.9925461516413227603, -0.1218693434051408425 ) ) ;
#7108 = DIRECTION ( 'NONE',  ( -0.000000000000000000, -0.000000000000000000, -1.000000000000000000 ) ) ;
#7110 = AXIS2_PLACEMENT_3D ( 'NONE', #7173, #3132, #349 ) ;
#7111 = DIRECTION ( 'NONE',  ( 1.000000000000000000, 0.000000000000000000, 0.000000000000000000 ) ) ;
#7112 = ORIENTED_EDGE ( 'NONE', *, *, #5140, .T. ) ;
#7113 = EDGE_CURVE ( 'NONE', #7291, #7628, #4473, .T. ) ;
#7114 = EDGE_CURVE ( 'NONE', #4770, #7569, #8638, .T. ) ;
#7115 = VERTEX_POINT ( 'NONE', #7411 ) ;
#7116 = ORIENTED_EDGE ( 'NONE', *, *, #9052, .T. ) ;
#7117 = DIRECTION ( 'NONE',  ( 1.000000000000000000, -0.000000000000000000, 2.891205793294679312E-16 ) ) ;
#7118 = CIRCLE ( 'NONE', #2169, 1.000000000000000000 ) ;
#7119 = PLANE ( 'NONE',  #1041 ) ;
#7120 = FACE_OUTER_BOUND ( 'NONE', #6364, .T. ) ;
#7121 = PLANE ( 'NONE',  #7409 ) ;
#7122 = EDGE_CURVE ( 'NONE', #2720, #8804, #8598, .T. ) ;
#7123 = VERTEX_POINT ( 'NONE', #5925 ) ;
#7124 = FILL_AREA_STYLE ('',( #34 ) ) ;
#7125 = CIRCLE ( 'NONE', #3167, 1.250000000000000222 ) ;
#7126 = VERTEX_POINT ( 'NONE', #445 ) ;
#7127 = DIRECTION ( 'NONE',  ( -1.000000000000000000, 0.000000000000000000, 0.000000000000000000 ) ) ;
#7128 = EDGE_CURVE ( 'NONE', #232, #5720, #2416, .T. ) ;
#7129 =( NAMED_UNIT ( * ) PLANE_ANGLE_UNIT ( ) SI_UNIT ( $, .RADIAN. ) );
#7130 = FACE_OUTER_BOUND ( 'NONE', #5422, .T. ) ;
#7131 = CARTESIAN_POINT ( 'NONE',  ( 3.774478171836572304, 0.9827060022347552382, -5.004778335423011981 ) ) ;
#7132 = B_SPLINE_CURVE_WITH_KNOTS ( 'NONE', 3,
 ( #1974, #8196, #1287, #6775 ),
 .UNSPECIFIED., .F., .F.,
 ( 4, 4 ),
 ( 0.000000000000000000, 1.000000000000000000 ),
 .UNSPECIFIED. ) ;
#7133 = ORIENTED_EDGE ( 'NONE', *, *, #4002, .T. ) ;
#7134 = CARTESIAN_POINT ( 'NONE',  ( 6.238607719548550534, 3.229999999999999982, -1.500000000000000000 ) ) ;
#7135 = ORIENTED_EDGE ( 'NONE', *, *, #1241, .F. ) ;
#7136 = ORIENTED_EDGE ( 'NONE', *, *, #2915, .T. ) ;
#7137 = CARTESIAN_POINT ( 'NONE',  ( -6.742991448951236144, 0.8950308918860907514, 4.184999999999999609 ) ) ;
#7138 = CARTESIAN_POINT ( 'NONE',  ( -5.729759561962193715, 1.649999999999999911, 3.434999999999999609 ) ) ;
#7139 = ORIENTED_EDGE ( 'NONE', *, *, #6723, .T. ) ;
#7140 = LINE ( 'NONE', #7699, #5985 ) ;
#7141 = ADVANCED_FACE ( 'NONE', ( #2330 ), #2373, .F. ) ;
#7142 = FACE_OUTER_BOUND ( 'NONE', #4871, .T. ) ;
#7143 = CARTESIAN_POINT ( 'NONE',  ( -4.479866786035785253, -0.5500584762268876382, -2.239999999999999769 ) ) ;
#7144 = EDGE_LOOP ( 'NONE', ( #2974, #4693, #5666, #591 ) ) ;
#7145 = VERTEX_POINT ( 'NONE', #6575 ) ;
#7146 = LINE ( 'NONE', #1533, #7673 ) ;
#7147 = VERTEX_POINT ( 'NONE', #2460 ) ;
#7148 = DIRECTION ( 'NONE',  ( 0.000000000000000000, 0.000000000000000000, 1.000000000000000000 ) ) ;
#7150 = FACE_OUTER_BOUND ( 'NONE', #6590, .T. ) ;
#7149 = CARTESIAN_POINT ( 'NONE',  ( 6.238607719548550534, 3.229999999999999982, 0.9999999999999995559 ) ) ;
#7151 = AXIS2_PLACEMENT_3D ( 'NONE', #6743, #1946, #1208 ) ;
#7152 = ORIENTED_EDGE ( 'NONE', *, *, #2096, .F. ) ;
#7153 = ORIENTED_EDGE ( 'NONE', *, *, #5654, .T. ) ;
#7154 = ORIENTED_EDGE ( 'NONE', *, *, #227, .F. ) ;
#7155 = DIRECTION ( 'NONE',  ( 0.000000000000000000, -1.000000000000000000, 0.000000000000000000 ) ) ;
#7156 = VECTOR ( 'NONE', #2042, 999.9999999999998863 ) ;
#7157 = EDGE_CURVE ( 'NONE', #8111, #4516, #304, .T. ) ;
#7158 = EDGE_CURVE ( 'NONE', #7705, #8456, #4515, .T. ) ;
#7159 = FACE_OUTER_BOUND ( 'NONE', #4382, .T. ) ;
#7160 = CARTESIAN_POINT ( 'NONE',  ( 0.3500000000000021982, 3.229999999999999982, 5.799999999999999822 ) ) ;
#7161 = CARTESIAN_POINT ( 'NONE',  ( 0.3432353040528238752, 1.760654415150489336E-16, -6.603405868283640956 ) ) ;
#7162 = ORIENTED_EDGE ( 'NONE', *, *, #2764, .T. ) ;
#7163 = VECTOR ( 'NONE', #5350, 1000.000000000000000 ) ;
#7164 = LINE ( 'NONE', #2189, #1037 ) ;
#7165 = ORIENTED_EDGE ( 'NONE', *, *, #7343, .T. ) ;
#7166 = PLANE ( 'NONE',  #6176 ) ;
#7167 = ADVANCED_FACE ( 'NONE', ( #3819 ), #6167, .T. ) ;
#7168 = VECTOR ( 'NONE', #529, 1000.000000000000000 ) ;
#7169 = VECTOR ( 'NONE', #2671, 1000.000000000000000 ) ;
#7170 = DIRECTION ( 'NONE',  ( 0.000000000000000000, -1.000000000000000000, 0.000000000000000000 ) ) ;
#7171 = DIRECTION ( 'NONE',  ( -1.000000000000000000, -0.000000000000000000, 3.614007241618347785E-16 ) ) ;
#7172 = DIRECTION ( 'NONE',  ( 1.000000000000000000, 0.000000000000000000, 0.000000000000000000 ) ) ;
#7173 = CARTESIAN_POINT ( 'NONE',  ( -5.729759561962193715, 0.6500000000000000222, 2.915000000000000036 ) ) ;
#7174 = ORIENTED_EDGE ( 'NONE', *, *, #7838, .F. ) ;
#7175 = FACE_OUTER_BOUND ( 'NONE', #7496, .T. ) ;
#7176 = EDGE_CURVE ( 'NONE', #4730, #7625, #2694, .T. ) ;
#7177 = ORIENTED_EDGE ( 'NONE', *, *, #3214, .F. ) ;
#7178 = MECHANICAL_DESIGN_GEOMETRIC_PRESENTATION_REPRESENTATION (  '', ( #4706 ), #620 ) ;
#7179 = CARTESIAN_POINT ( 'NONE',  ( -0.07971870264047217769, 1.140030560879458754, -0.2999999999999999334 ) ) ;
#7180 = DIRECTION ( 'NONE',  ( 1.000000000000000000, 0.000000000000000000, 0.000000000000000000 ) ) ;
#7181 = CARTESIAN_POINT ( 'NONE',  ( -6.742991448951236144, 0.8950308918860907514, 0.9700000000000004174 ) ) ;
#7182 = VECTOR ( 'NONE', #2166, 1000.000000000000000 ) ;
#7183 = DIRECTION ( 'NONE',  ( -1.084202172485504631E-15, 0.000000000000000000, -1.000000000000000000 ) ) ;
#7184 = ADVANCED_FACE ( 'NONE', ( #4758 ), #3323, .T. ) ;
#7185 = AXIS2_PLACEMENT_3D ( 'NONE', #3312, #3950, #8863 ) ;
#7186 = DIRECTION ( 'NONE',  ( -0.000000000000000000, -0.000000000000000000, 1.000000000000000000 ) ) ;
#7187 = EDGE_LOOP ( 'NONE', ( #1202, #728, #1261, #6488 ) ) ;
#7188 = EDGE_CURVE ( 'NONE', #4825, #1593, #1324, .T. ) ;
#7189 = EDGE_LOOP ( 'NONE', ( #1483, #7879, #386, #3599 ) ) ;
#7190 = DIRECTION ( 'NONE',  ( 1.000000000000000000, 0.000000000000000000, 0.000000000000000000 ) ) ;
#7191 = VERTEX_POINT ( 'NONE', #6858 ) ;
#7192 = FACE_OUTER_BOUND ( 'NONE', #1246, .T. ) ;
#7193 = VECTOR ( 'NONE', #1140, 1000.000000000000000 ) ;
#7194 = CIRCLE ( 'NONE', #3668, 0.4999999999999995559 ) ;
#7196 = LINE ( 'NONE', #925, #8285 ) ;
#7195 = DIRECTION ( 'NONE',  ( 0.000000000000000000, 0.000000000000000000, 1.000000000000000000 ) ) ;
#7197 = AXIS2_PLACEMENT_3D ( 'NONE', #4295, #7820, #6406 ) ;
#7198 = VECTOR ( 'NONE', #3126, 1000.000000000000000 ) ;
#7199 = VERTEX_POINT ( 'NONE', #8280 ) ;
#7200 = EDGE_LOOP ( 'NONE', ( #6635, #2822, #3558, #7081 ) ) ;
#7201 = EDGE_LOOP ( 'NONE', ( #7162, #8700, #8902, #2122 ) ) ;
#7202 = DIRECTION ( 'NONE',  ( -0.000000000000000000, 0.000000000000000000, 1.000000000000000000 ) ) ;
#7203 = AXIS2_PLACEMENT_3D ( 'NONE', #3497, #6348, #2906 ) ;
#7204 = LINE ( 'NONE', #7252, #7771 ) ;
#7205 = DIRECTION ( 'NONE',  ( -0.1427535950368092610, -0.9897582589218776317, 0.000000000000000000 ) ) ;
#7206 = DIRECTION ( 'NONE',  ( 0.000000000000000000, 1.000000000000000000, 0.000000000000000000 ) ) ;
#7207 = ORIENTED_EDGE ( 'NONE', *, *, #6958, .F. ) ;
#7208 = CARTESIAN_POINT ( 'NONE',  ( -4.344608113321960730, 1.649999999999999245, -5.680000000000001492 ) ) ;
#7209 = ORIENTED_EDGE ( 'NONE', *, *, #5338, .T. ) ;
#7210 = CARTESIAN_POINT ( 'NONE',  ( 6.150000000000001243, 3.229999999999999982, -5.749999999999999112 ) ) ;
#7211 = EDGE_CURVE ( 'NONE', #4972, #5597, #2013, .T. ) ;
#7212 = EDGE_CURVE ( 'NONE', #5241, #3, #4106, .T. ) ;
#7213 = DIRECTION ( 'NONE',  ( -0.000000000000000000, -0.000000000000000000, -1.000000000000000000 ) ) ;
#7214 = DIRECTION ( 'NONE',  ( -0.000000000000000000, -0.000000000000000000, 1.000000000000000000 ) ) ;
#7215 = CARTESIAN_POINT ( 'NONE',  ( 0.000000000000000000, 0.000000000000000000, 4.110000000000000320 ) ) ;
#7216 = DIRECTION ( 'NONE',  ( -0.000000000000000000, -0.000000000000000000, -1.000000000000000000 ) ) ;
#7217 = ORIENTED_EDGE ( 'NONE', *, *, #6339, .T. ) ;
#7218 = DIRECTION ( 'NONE',  ( 0.000000000000000000, 1.000000000000000000, 0.000000000000000000 ) ) ;
#7219 = ADVANCED_FACE ( 'NONE', ( #4802 ), #5527, .F. ) ;
#7220 = ORIENTED_EDGE ( 'NONE', *, *, #3259, .T. ) ;
#7221 = EDGE_CURVE ( 'NONE', #4188, #7826, #3413, .T. ) ;
#7222 = EDGE_CURVE ( 'NONE', #8935, #1298, #6211, .T. ) ;
#7223 = DIRECTION ( 'NONE',  ( 0.4999999999999947264, 0.8660254037844418162, -0.000000000000000000 ) ) ;
#7224 = VECTOR ( 'NONE', #6077, 1000.000000000000000 ) ;
#7225 = CARTESIAN_POINT ( 'NONE',  ( 6.238607719548550534, 3.729999999999999982, 0.9999999999999995559 ) ) ;
#7226 = CARTESIAN_POINT ( 'NONE',  ( 8.349999999999999645, 1.026283873608581532, -5.502875684468884643 ) ) ;
#7227 = VECTOR ( 'NONE', #13, 1000.000000000000000 ) ;
#7228 = EDGE_CURVE ( 'NONE', #4018, #2214, #3278, .T. ) ;
#7229 = SURFACE_SIDE_STYLE ('',( #6498 ) ) ;
#7230 = DIRECTION ( 'NONE',  ( -0.000000000000000000, -0.000000000000000000, -1.000000000000000000 ) ) ;
#7231 = EDGE_LOOP ( 'NONE', ( #5400, #5465, #3287, #330, #3904, #5343, #3924 ) ) ;
#7232 = EDGE_CURVE ( 'NONE', #8283, #4116, #5389, .T. ) ;
#7233 = ORIENTED_EDGE ( 'NONE', *, *, #8289, .T. ) ;
#7234 = CARTESIAN_POINT ( 'NONE',  ( 0.000000000000000000, 1.649999999999999911, -2.239999999999999769 ) ) ;
#7235 = ORIENTED_EDGE ( 'NONE', *, *, #7212, .F. ) ;
#7236 = CARTESIAN_POINT ( 'NONE',  ( -0.04484046576840968606, 0.6412485357495464333, -0.9699999999999999734 ) ) ;
#7237 = AXIS2_PLACEMENT_3D ( 'NONE', #2411, #1774, #8724 ) ;
#7238 = ADVANCED_FACE ( 'NONE', ( #2060 ), #4664, .F. ) ;
#7239 = EDGE_CURVE ( 'NONE', #5019, #4454, #1375, .T. ) ;
#7240 = DIRECTION ( 'NONE',  ( -3.614007241618347785E-16, 0.000000000000000000, 1.000000000000000000 ) ) ;
#7242 = LINE ( 'NONE', #3616, #8563 ) ;
#7241 = CARTESIAN_POINT ( 'NONE',  ( 5.050000000000002487, 3.729999999999999982, 6.200000000000000178 ) ) ;
#7243 = VECTOR ( 'NONE', #1990, 1000.000000000000000 ) ;
#7244 = ORIENTED_EDGE ( 'NONE', *, *, #8248, .T. ) ;
#7245 = ORIENTED_EDGE ( 'NONE', *, *, #4061, .F. ) ;
#7246 = VECTOR ( 'NONE', #5998, 1000.000000000000000 ) ;
#7247 = PLANE ( 'NONE',  #452 ) ;
#7248 = ORIENTED_EDGE ( 'NONE', *, *, #485, .T. ) ;
#7249 = DIRECTION ( 'NONE',  ( -0.4999999999999965583, -0.8660254037844405950, 0.000000000000000000 ) ) ;
#7250 = ADVANCED_FACE ( 'NONE', ( #3365 ), #6025, .T. ) ;
#7251 = VECTOR ( 'NONE', #4709, 1000.000000000000000 ) ;
#7252 = CARTESIAN_POINT ( 'NONE',  ( 9.250000000000001776, 3.229999999999999982, -1.499999999999999556 ) ) ;
#7253 = CARTESIAN_POINT ( 'NONE',  ( -6.309978747059014736, 0.6450308918860931939, 1.644999999999999796 ) ) ;
#7254 = CARTESIAN_POINT ( 'NONE',  ( -3.994608113321961529, 3.729999999999999982, 5.180000000000005045 ) ) ;
#7255 = VERTEX_POINT ( 'NONE', #8188 ) ;
#7256 = CARTESIAN_POINT ( 'NONE',  ( -5.729759561962193715, 1.149999999999999689, 0.3749999999999994449 ) ) ;
#7257 = ORIENTED_EDGE ( 'NONE', *, *, #7909, .T. ) ;
#7258 = PLANE ( 'NONE',  #1221 ) ;
#7259 = CARTESIAN_POINT ( 'NONE',  ( 8.350000000000001421, 2.729999999999999982, 4.349999999999999645 ) ) ;
#7260 = CARTESIAN_POINT ( 'NONE',  ( 8.350000000000001421, 3.729999999999999982, -3.899999999999999467 ) ) ;
#7261 = EDGE_CURVE ( 'NONE', #6841, #352, #4712, .T. ) ;
#7262 = LINE ( 'NONE', #5965, #2743 ) ;
#7263 = DIRECTION ( 'NONE',  ( -0.000000000000000000, 0.000000000000000000, 1.000000000000000000 ) ) ;
#7264 = VECTOR ( 'NONE', #6477, 1000.000000000000000 ) ;
#7265 = ORIENTED_EDGE ( 'NONE', *, *, #7157, .T. ) ;
#7266 = DIRECTION ( 'NONE',  ( -0.000000000000000000, -0.000000000000000000, -1.000000000000000000 ) ) ;
#7267 = ORIENTED_EDGE ( 'NONE', *, *, #2542, .F. ) ;
#7268 = FACE_OUTER_BOUND ( 'NONE', #2768, .T. ) ;
#7269 = DIRECTION ( 'NONE',  ( 0.000000000000000000, 0.000000000000000000, 1.000000000000000000 ) ) ;
#7270 = DIRECTION ( 'NONE',  ( 4.877132677759548296E-17, 0.9961946980917461003, 0.08715574274765125473 ) ) ;
#7271 = CARTESIAN_POINT ( 'NONE',  ( -2.849999999999997424, 3.229999999999999982, 6.199999999999999289 ) ) ;
#7272 = ADVANCED_FACE ( 'NONE', ( #4017 ), #6815, .F. ) ;
#7273 = DIRECTION ( 'NONE',  ( -1.000000000000000000, 0.000000000000000000, -3.614007241618347785E-16 ) ) ;
#7274 = EDGE_CURVE ( 'NONE', #605, #3818, #8921, .T. ) ;
#7275 = ORIENTED_EDGE ( 'NONE', *, *, #3085, .T. ) ;
#7276 = DIRECTION ( 'NONE',  ( 0.000000000000000000, -0.9961946980917459893, -0.08715574274765214291 ) ) ;
#7277 = CARTESIAN_POINT ( 'NONE',  ( -6.309978747059014736, 0.6450308918860931939, 0.3749999999999994449 ) ) ;
#7278 = DIRECTION ( 'NONE',  ( 1.000000000000000000, 0.000000000000000000, 0.000000000000000000 ) ) ;
#7279 = ORIENTED_EDGE ( 'NONE', *, *, #3149, .F. ) ;
#7280 = LINE ( 'NONE', #7970, #3421 ) ;
#7281 = EDGE_LOOP ( 'NONE', ( #3013, #8879, #4847, #4938 ) ) ;
#7282 = CARTESIAN_POINT ( 'NONE',  ( -6.742991448951236144, 0.8950308918860907514, 2.915000000000000036 ) ) ;
#7283 = EDGE_CURVE ( 'NONE', #217, #1561, #7722, .T. ) ;
#7284 = LINE ( 'NONE', #1005, #8938 ) ;
#7286 = CARTESIAN_POINT ( 'NONE',  ( 6.238607719548550534, 3.229999999999999982, 1.500000000000000000 ) ) ;
#7285 = LINE ( 'NONE', #1852, #8120 ) ;
#7287 = ADVANCED_FACE ( 'NONE', ( #7082 ), #7680, .F. ) ;
#7288 = ORIENTED_EDGE ( 'NONE', *, *, #7221, .T. ) ;
#7289 = ORIENTED_EDGE ( 'NONE', *, *, #288, .T. ) ;
#7290 = LINE ( 'NONE', #331, #2798 ) ;
#7291 = VERTEX_POINT ( 'NONE', #4368 ) ;
#7292 = CARTESIAN_POINT ( 'NONE',  ( -5.729759561962193715, 1.149999999999999689, -2.165000000000000036 ) ) ;
#7293 = CARTESIAN_POINT ( 'NONE',  ( 2.650000000000002132, 3.229999999999999982, 5.799999999999999822 ) ) ;
#7294 = EDGE_CURVE ( 'NONE', #6405, #8488, #7164, .T. ) ;
#7295 = DIRECTION ( 'NONE',  ( 0.000000000000000000, 0.000000000000000000, -1.000000000000000000 ) ) ;
#7296 = DIRECTION ( 'NONE',  ( -0.000000000000000000, 0.000000000000000000, 1.000000000000000000 ) ) ;
#7297 = EDGE_LOOP ( 'NONE', ( #2964, #1701, #1830, #5413, #4635, #4286 ) ) ;
#7298 = CARTESIAN_POINT ( 'NONE',  ( -7.106247677099330140, 0.1474668416262637505, -4.110000000000000320 ) ) ;
#7299 = EDGE_CURVE ( 'NONE', #33, #8255, #7913, .T. ) ;
#7300 = ORIENTED_EDGE ( 'NONE', *, *, #8883, .T. ) ;
#7301 = ORIENTED_EDGE ( 'NONE', *, *, #4198, .F. ) ;
#7302 = DIRECTION ( 'NONE',  ( -0.000000000000000000, -0.000000000000000000, -1.000000000000000000 ) ) ;
#7303 = AXIS2_PLACEMENT_3D ( 'NONE', #5991, #5218, #2479 ) ;
#7304 = VECTOR ( 'NONE', #5167, 1000.000000000000000 ) ;
#7305 = CARTESIAN_POINT ( 'NONE',  ( -7.176004150843455776, 1.145030891886088309, 0.2999999999999999334 ) ) ;
#7306 = CARTESIAN_POINT ( 'NONE',  ( 9.250000000000001776, 3.229999999999999982, 2.259999999999998010 ) ) ;
#7307 = VECTOR ( 'NONE', #4434, 1000.000000000000000 ) ;
#7308 = DIRECTION ( 'NONE',  ( -1.000000000000000000, 0.000000000000000000, -3.614007241618347785E-16 ) ) ;
#7309 = DIRECTION ( 'NONE',  ( -1.000000000000000000, -0.000000000000000000, -0.000000000000000000 ) ) ;
#7310 = VERTEX_POINT ( 'NONE', #7811 ) ;
#7311 = CARTESIAN_POINT ( 'NONE',  ( 6.238607719548550534, 3.229999999999999982, -0.9999999999999995559 ) ) ;
#7312 = EDGE_LOOP ( 'NONE', ( #6771, #8566, #1197, #2403 ) ) ;
#7313 = LINE ( 'NONE', #1038, #2131 ) ;
#7314 = LINE ( 'NONE', #1039, #2655 ) ;
#7315 = DIRECTION ( 'NONE',  ( 0.000000000000000000, -0.000000000000000000, -1.000000000000000000 ) ) ;
#7316 = VECTOR ( 'NONE', #5364, 1000.000000000000000 ) ;
#7317 = FILL_AREA_STYLE_COLOUR ( '', #7653 ) ;
#7318 = DIRECTION ( 'NONE',  ( 0.000000000000000000, -1.000000000000000000, 0.000000000000000000 ) ) ;
#7319 = ORIENTED_EDGE ( 'NONE', *, *, #4155, .T. ) ;
#7320 = DIRECTION ( 'NONE',  ( 0.7071067811865499042, 0.000000000000000000, -0.7071067811865451302 ) ) ;
#7321 = CARTESIAN_POINT ( 'NONE',  ( -5.729759561962193715, 0.6500000000000000222, -1.645000000000000240 ) ) ;
#7322 = CARTESIAN_POINT ( 'NONE',  ( -5.729759561962193715, 1.149999999999999689, 4.184999999999999609 ) ) ;
#7323 = VECTOR ( 'NONE', #8777, 999.9999999999998863 ) ;
#7324 = EDGE_LOOP ( 'NONE', ( #5024, #557, #561, #995 ) ) ;
#7325 = DIRECTION ( 'NONE',  ( -0.1775942607538975315, 0.9767684341464365483, -0.1199320832904813977 ) ) ;
#7326 = ORIENTED_EDGE ( 'NONE', *, *, #4146, .F. ) ;
#7327 = CARTESIAN_POINT ( 'NONE',  ( -0.000000000000000000, 3.729999999999999982, -4.349999999999999645 ) ) ;
#7328 = EDGE_CURVE ( 'NONE', #8336, #2071, #2275, .T. ) ;
#7329 = EDGE_CURVE ( 'NONE', #4360, #2755, #5697, .T. ) ;
#7330 = VECTOR ( 'NONE', #2910, 1000.000000000000000 ) ;
#7331 = CARTESIAN_POINT ( 'NONE',  ( 6.988607719548549646, 3.229999999999999982, -1.499999999999999778 ) ) ;
#7333 = DIRECTION ( 'NONE',  ( 0.000000000000000000, 0.000000000000000000, 1.000000000000000000 ) ) ;
#7332 = LINE ( 'NONE', #6048, #8551 ) ;
#7334 = AXIS2_PLACEMENT_3D ( 'NONE', #6999, #6122, #691 ) ;
#7335 = AXIS2_PLACEMENT_3D ( 'NONE', #3077, #891, #4366 ) ;
#7336 = EDGE_CURVE ( 'NONE', #4663, #8396, #810, .T. ) ;
#7337 = ORIENTED_EDGE ( 'NONE', *, *, #8910, .F. ) ;
#7338 = ORIENTED_EDGE ( 'NONE', *, *, #8559, .T. ) ;
#7339 = DIRECTION ( 'NONE',  ( -0.000000000000000000, -0.000000000000000000, -1.000000000000000000 ) ) ;
#7340 = EDGE_LOOP ( 'NONE', ( #3004, #5463, #6088, #3906 ) ) ;
#7341 = DIRECTION ( 'NONE',  ( 0.000000000000000000, 0.000000000000000000, 1.000000000000000000 ) ) ;
#7342 = DIRECTION ( 'NONE',  ( 0.9975640502598243087, 0.06975647374412489998, 0.000000000000000000 ) ) ;
#7343 = EDGE_CURVE ( 'NONE', #6532, #4119, #5061, .T. ) ;
#7344 = VECTOR ( 'NONE', #8969, 1000.000000000000227 ) ;
#7345 = VECTOR ( 'NONE', #6398, 1000.000000000000227 ) ;
#7346 = LINE ( 'NONE', #7253, #7264 ) ;
#7347 = DIRECTION ( 'NONE',  ( -1.000000000000000000, -0.000000000000000000, -7.885106708985496922E-16 ) ) ;
#7348 = VERTEX_POINT ( 'NONE', #6308 ) ;
#7349 = CARTESIAN_POINT ( 'NONE',  ( 8.350000000000001421, 3.229999999999999982, -3.899999999999999467 ) ) ;
#7350 = ORIENTED_EDGE ( 'NONE', *, *, #4535, .F. ) ;
#7351 = VECTOR ( 'NONE', #2781, 1000.000000000000000 ) ;
#7352 = EDGE_LOOP ( 'NONE', ( #2076, #6917, #388, #5122 ) ) ;
#7353 = DIRECTION ( 'NONE',  ( -0.9925461516413224272, -0.1218693434051442565, 0.000000000000000000 ) ) ;
#7354 = ADVANCED_FACE ( 'NONE', ( #9057 ), #5741, .F. ) ;
#7355 = EDGE_CURVE ( 'NONE', #8661, #8179, #8413, .T. ) ;
#7356 = DIRECTION ( 'NONE',  ( 1.000000000000000000, -0.000000000000000000, -0.000000000000000000 ) ) ;
#7357 = CARTESIAN_POINT ( 'NONE',  ( -4.688607719548555153, 1.149999999999999911, 4.110000000000000320 ) ) ;
#7358 = VECTOR ( 'NONE', #124, 1000.000000000000000 ) ;
#7359 = LINE ( 'NONE', #4469, #5053 ) ;
#7360 = DIRECTION ( 'NONE',  ( -0.06975647374412489998, 0.9975640502598243087, 0.000000000000000000 ) ) ;
#7361 = ORIENTED_EDGE ( 'NONE', *, *, #6806, .F. ) ;
#7362 = CARTESIAN_POINT ( 'NONE',  ( 8.350000000000001421, 3.729999999999999982, 4.349999999999999645 ) ) ;
#7363 = ORIENTED_EDGE ( 'NONE', *, *, #6669, .F. ) ;
#7364 = DIRECTION ( 'NONE',  ( -0.8660254037844418162, 0.4999999999999947264, 0.000000000000000000 ) ) ;
#7365 = CARTESIAN_POINT ( 'NONE',  ( -2.395102131247015462E-16, 1.150000000000001021, 0.2999999999999999334 ) ) ;
#7366 = LINE ( 'NONE', #991, #147 ) ;
#7367 = MANIFOLD_SOLID_BREP ( 'Combine1', #1033 ) ;
#7368 = DIRECTION ( 'NONE',  ( 0.000000000000000000, 0.000000000000000000, 1.000000000000000000 ) ) ;
#7369 = CARTESIAN_POINT ( 'NONE',  ( -9.249999999999996447, 0.4987820251299122654, 0.2999999999999999334 ) ) ;
#7370 = ORIENTED_EDGE ( 'NONE', *, *, #6006, .T. ) ;
#7371 = CARTESIAN_POINT ( 'NONE',  ( 9.250000000000001776, 2.729999999999999982, -4.349999999999999645 ) ) ;
#7372 = ORIENTED_EDGE ( 'NONE', *, *, #806, .T. ) ;
#7373 = ORIENTED_EDGE ( 'NONE', *, *, #6400, .T. ) ;
#7374 = DIRECTION ( 'NONE',  ( 1.000000000000000000, 0.000000000000000000, 0.000000000000000000 ) ) ;
#7375 = CYLINDRICAL_SURFACE ( 'NONE', #8811, 1.000000000000000000 ) ;
#7376 = ORIENTED_EDGE ( 'NONE', *, *, #5191, .F. ) ;
#7377 = CARTESIAN_POINT ( 'NONE',  ( -9.170281297359524686, -0.6412485357495423255, 1.570000000000000284 ) ) ;
#7378 = ORIENTED_EDGE ( 'NONE', *, *, #8740, .F. ) ;
#7379 = CARTESIAN_POINT ( 'NONE',  ( -2.049999999999997602, 3.729999999999999982, -6.200000000000000178 ) ) ;
#7380 = CARTESIAN_POINT ( 'NONE',  ( 6.150000000000001243, 3.729999999999999982, -5.749999999999999112 ) ) ;
#7382 = FACE_OUTER_BOUND ( 'NONE', #7516, .T. ) ;
#7381 = CARTESIAN_POINT ( 'NONE',  ( 9.250000000000001776, 3.729999999999999982, -6.999999999999999112 ) ) ;
#7383 = ORIENTED_EDGE ( 'NONE', *, *, #4317, .T. ) ;
#7384 = VECTOR ( 'NONE', #8315, 1000.000000000000114 ) ;
#7385 = ORIENTED_EDGE ( 'NONE', *, *, #2034, .F. ) ;
#7386 = FILL_AREA_STYLE ('',( #2677 ) ) ;
#7387 = ORIENTED_EDGE ( 'NONE', *, *, #7852, .T. ) ;
#7388 = CARTESIAN_POINT ( 'NONE',  ( 8.349999999999999645, 1.069861744982407492, -6.000973033514757304 ) ) ;
#7389 = AXIS2_PLACEMENT_3D ( 'NONE', #496, #6156, #7497 ) ;
#7390 = LINE ( 'NONE', #5468, #9017 ) ;
#7391 = CIRCLE ( 'NONE', #6657, 0.4499999999999999001 ) ;
#7392 = CARTESIAN_POINT ( 'NONE',  ( -7.106247677099330140, 0.1474668416262637505, -3.510000000000000231 ) ) ;
#7393 = ADVANCED_FACE ( 'NONE', ( #8541 ), #7856, .F. ) ;
#7394 = LINE ( 'NONE', #5470, #6011 ) ;
#7395 = ADVANCED_FACE ( 'NONE', ( #1508 ), #3589, .F. ) ;
#7396 = VECTOR ( 'NONE', #2582, 1000.000000000000000 ) ;
#7397 = ORIENTED_EDGE ( 'NONE', *, *, #5774, .T. ) ;
#7398 = CARTESIAN_POINT ( 'NONE',  ( -5.729759561962193715, 0.6500000000000000222, -4.185000000000000497 ) ) ;
#7399 = ORIENTED_EDGE ( 'NONE', *, *, #2916, .T. ) ;
#7400 = EDGE_LOOP ( 'NONE', ( #4168, #483, #3865, #5765, #5450, #178, #786, #2510, #8104, #1085, #4463, #5688 ) ) ;
#7401 = DIRECTION ( 'NONE',  ( 0.9975640502598243087, 0.06975647374412444202, -0.000000000000000000 ) ) ;
#7402 = VECTOR ( 'NONE', #8634, 1000.000000000000000 ) ;
#7403 = VECTOR ( 'NONE', #1490, 999.9999999999998863 ) ;
#7404 = CARTESIAN_POINT ( 'NONE',  ( 0.000000000000000000, 0.000000000000000000, -0.2999999999999999334 ) ) ;
#7405 = ADVANCED_FACE ( 'NONE', ( #978 ), #3123, .F. ) ;
#7406 = CARTESIAN_POINT ( 'NONE',  ( 2.650000000000002132, 3.229999999999999982, 6.200000000000000178 ) ) ;
#7407 = DIRECTION ( 'NONE',  ( -3.771137991253929066E-16, 0.000000000000000000, 1.000000000000000000 ) ) ;
#7408 = CARTESIAN_POINT ( 'NONE',  ( -2.399999999999999911, 3.729999999999999982, 6.200000000000000178 ) ) ;
#7409 = AXIS2_PLACEMENT_3D ( 'NONE', #808, #5566, #8368 ) ;
#7410 = ORIENTED_EDGE ( 'NONE', *, *, #1363, .T. ) ;
#7411 = CARTESIAN_POINT ( 'NONE',  ( 6.988607719548553199, 3.729999999999999982, -3.899999999999999467 ) ) ;
#7412 = ORIENTED_EDGE ( 'NONE', *, *, #7222, .F. ) ;
#7413 = EDGE_CURVE ( 'NONE', #343, #36, #7898, .T. ) ;
#7414 = CARTESIAN_POINT ( 'NONE',  ( 5.050000000000002487, 3.229999999999999982, -5.800000000000000711 ) ) ;
#7415 = CARTESIAN_POINT ( 'NONE',  ( -5.729759561962193715, 1.149999999999999689, 3.434999999999999609 ) ) ;
#7416 = CARTESIAN_POINT ( 'NONE',  ( 5.050000000000002487, 3.729999999999999982, -6.200000000000000178 ) ) ;
#7417 = VECTOR ( 'NONE', #1180, 1000.000000000000227 ) ;
#7418 = VECTOR ( 'NONE', #1730, 1000.000000000000000 ) ;
#7419 = DIRECTION ( 'NONE',  ( -1.000000000000000000, -0.000000000000000000, 3.614007241618348278E-16 ) ) ;
#7420 = EDGE_CURVE ( 'NONE', #605, #8838, #251, .T. ) ;
#7421 = ORIENTED_EDGE ( 'NONE', *, *, #8173, .F. ) ;
#7422 = CARTESIAN_POINT ( 'NONE',  ( 3.774478171836572304, 0.9827060022347552382, -5.004778335423011981 ) ) ;
#7423 = ORIENTED_EDGE ( 'NONE', *, *, #7642, .F. ) ;
#7424 = VERTEX_POINT ( 'NONE', #7349 ) ;
#7425 = DIRECTION ( 'NONE',  ( 1.000000000000000000, 0.000000000000000000, 0.000000000000000000 ) ) ;
#7426 = CARTESIAN_POINT ( 'NONE',  ( -5.729759561962193715, 0.6500000000000000222, -3.510000000000000231 ) ) ;
#7427 = ADVANCED_FACE ( 'NONE', ( #5959 ), #6614, .T. ) ;
#7428 = PLANE ( 'NONE',  #6589 ) ;
#7429 = VECTOR ( 'NONE', #4093, 1000.000000000000000 ) ;
#7430 = FACE_OUTER_BOUND ( 'NONE', #2390, .T. ) ;
#7431 = ORIENTED_EDGE ( 'NONE', *, *, #760, .T. ) ;
#7432 = DIRECTION ( 'NONE',  ( 0.9975640502598243087, 0.06975647374412489998, 0.000000000000000000 ) ) ;
#7433 = CARTESIAN_POINT ( 'NONE',  ( 5.838607719548550179, 3.229999999999999982, -0.9999999999999995559 ) ) ;
#7435 = DIRECTION ( 'NONE',  ( 0.1218693434051425356, -0.9925461516413225382, 0.000000000000000000 ) ) ;
#7434 = DIRECTION ( 'NONE',  ( 0.1421431414171530350, 0.9855257804922611387, 0.09238107670504151769 ) ) ;
#7436 = ORIENTED_EDGE ( 'NONE', *, *, #6437, .T. ) ;
#7437 = VERTEX_POINT ( 'NONE', #8718 ) ;
#7438 = CARTESIAN_POINT ( 'NONE',  ( 6.988607719548549646, 3.229999999999999982, 0.000000000000000000 ) ) ;
#7439 = ORIENTED_EDGE ( 'NONE', *, *, #4735, .F. ) ;
#7440 = LINE ( 'NONE', #8712, #1342 ) ;
#7441 = DIRECTION ( 'NONE',  ( -1.000000000000000000, 0.000000000000000000, 0.000000000000000000 ) ) ;
#7442 = CARTESIAN_POINT ( 'NONE',  ( -0.07971870264047217769, 1.140030560879458754, 2.240000000000000657 ) ) ;
#7443 = DIRECTION ( 'NONE',  ( -1.000000000000000000, 0.000000000000000000, 0.000000000000000000 ) ) ;
#7444 = ORIENTED_EDGE ( 'NONE', *, *, #6667, .T. ) ;
#7445 = DIRECTION ( 'NONE',  ( -3.614007241618347785E-16, 0.000000000000000000, -1.000000000000000000 ) ) ;
#7446 = VERTEX_POINT ( 'NONE', #5146 ) ;
#7447 = EDGE_LOOP ( 'NONE', ( #7872, #3427, #1408, #3593 ) ) ;
#7448 = CARTESIAN_POINT ( 'NONE',  ( -4.479866786035785253, -0.5500584762268876382, 2.240000000000000657 ) ) ;
#7449 = EDGE_CURVE ( 'NONE', #6131, #7437, #7991, .T. ) ;
#7450 = EDGE_CURVE ( 'NONE', #7613, #711, #4462, .T. ) ;
#7451 = DIRECTION ( 'NONE',  ( 0.1427535950368092610, 0.9897582589218776317, 0.000000000000000000 ) ) ;
#7452 = LINE ( 'NONE', #8233, #6683 ) ;
#7453 = CARTESIAN_POINT ( 'NONE',  ( -5.729759561962193715, 1.149999999999999689, 4.184999999999999609 ) ) ;
#7454 = COLOUR_RGB ( '',0.7921568627450980005, 0.8196078431372548767, 0.9333333333333333481 ) ;
#7455 = ORIENTED_EDGE ( 'NONE', *, *, #1862, .T. ) ;
#7456 = AXIS2_PLACEMENT_3D ( 'NONE', #3200, #1848, #4636 ) ;
#7457 = DIRECTION ( 'NONE',  ( -0.000000000000000000, 1.000000000000000000, -0.000000000000000000 ) ) ;
#7458 = ORIENTED_EDGE ( 'NONE', *, *, #1798, .T. ) ;
#7459 = ADVANCED_FACE ( 'NONE', ( #1725 ), #3080, .F. ) ;
#7460 = DIRECTION ( 'NONE',  ( -1.000000000000000000, 0.000000000000000000, 0.000000000000000000 ) ) ;
#7461 = DIRECTION ( 'NONE',  ( 0.000000000000000000, -1.000000000000000000, 0.000000000000000000 ) ) ;
#7462 =( NAMED_UNIT ( * ) SI_UNIT ( $, .STERADIAN. ) SOLID_ANGLE_UNIT ( ) );
#7463 = VECTOR ( 'NONE', #6681, 1000.000000000000000 ) ;
#7464 = LINE ( 'NONE', #3422, #334 ) ;
#7465 = DIRECTION ( 'NONE',  ( -0.4999999999999974465, -0.8660254037844400399, -0.000000000000000000 ) ) ;
#7466 = EDGE_CURVE ( 'NONE', #4795, #4855, #8673, .T. ) ;
#7467 = ORIENTED_EDGE ( 'NONE', *, *, #7586, .F. ) ;
#7468 = CARTESIAN_POINT ( 'NONE',  ( 8.349999999999999645, 0.9827060022347552382, -5.004778335423011981 ) ) ;
#7469 = ORIENTED_EDGE ( 'NONE', *, *, #8979, .T. ) ;
#7470 = ORIENTED_EDGE ( 'NONE', *, *, #7420, .F. ) ;
#7471 = CARTESIAN_POINT ( 'NONE',  ( 9.250000000000001776, 3.229999999999999982, -6.999999999999999112 ) ) ;
#7472 = CARTESIAN_POINT ( 'NONE',  ( -6.309978747059014736, 0.6450308918860931939, -0.9699999999999999734 ) ) ;
#7473 = ORIENTED_EDGE ( 'NONE', *, *, #3884, .F. ) ;
#7474 = FACE_OUTER_BOUND ( 'NONE', #481, .T. ) ;
#7475 = VERTEX_POINT ( 'NONE', #3036 ) ;
#7476 = LINE ( 'NONE', #6876, #7744 ) ;
#7477 = LINE ( 'NONE', #6138, #8355 ) ;
#7479 = PLANE ( 'NONE',  #2148 ) ;
#7478 = CARTESIAN_POINT ( 'NONE',  ( -5.729759561962193715, 0.6500000000000000222, 4.184999999999999609 ) ) ;
#7480 = EDGE_CURVE ( 'NONE', #6851, #5241, #3855, .T. ) ;
#7481 = AXIS2_PLACEMENT_3D ( 'NONE', #52, #5497, #8340 ) ;
#7482 = AXIS2_PLACEMENT_3D ( 'NONE', #8160, #8206, #8061 ) ;
#7483 = ORIENTED_EDGE ( 'NONE', *, *, #8931, .T. ) ;
#7484 = ORIENTED_EDGE ( 'NONE', *, *, #1997, .T. ) ;
#7485 = CARTESIAN_POINT ( 'NONE',  ( -9.170281297359524686, -0.6412485357495423255, -2.239999999999999769 ) ) ;
#7486 = ORIENTED_EDGE ( 'NONE', *, *, #7526, .F. ) ;
#7487 = DIRECTION ( 'NONE',  ( -0.000000000000000000, -0.000000000000000000, -1.000000000000000000 ) ) ;
#7488 = AXIS2_PLACEMENT_3D ( 'NONE', #3890, #7240, #3838 ) ;
#7489 = VECTOR ( 'NONE', #3755, 1000.000000000000114 ) ;
#7490 = DIRECTION ( 'NONE',  ( 0.000000000000000000, -0.000000000000000000, -1.000000000000000000 ) ) ;
#7491 = LINE ( 'NONE', #5469, #6097 ) ;
#7493 = AXIS2_PLACEMENT_3D ( 'NONE', #6949, #6306, #4326 ) ;
#7492 = LINE ( 'NONE', #5280, #8072 ) ;
#7494 = VERTEX_POINT ( 'NONE', #1637 ) ;
#7495 = LINE ( 'NONE', #3314, #6898 ) ;
#7496 = EDGE_LOOP ( 'NONE', ( #3453, #8016, #8171, #8934 ) ) ;
#7497 = DIRECTION ( 'NONE',  ( -1.000000000000000000, 0.000000000000000000, -1.084202172485504631E-15 ) ) ;
#7498 = CIRCLE ( 'NONE', #5139, 0.8999999999999998002 ) ;
#7499 = AXIS2_PLACEMENT_3D ( 'NONE', #4724, #6178, #9067 ) ;
#7500 = DIRECTION ( 'NONE',  ( 1.000000000000000000, 0.000000000000000000, 0.000000000000000000 ) ) ;
#7501 = DIRECTION ( 'NONE',  ( -1.000000000000000000, 0.000000000000000000, 1.084202172485504631E-15 ) ) ;
#7502 = CARTESIAN_POINT ( 'NONE',  ( 0.000000000000000000, 0.000000000000000000, -0.2999999999999999334 ) ) ;
#7503 = ORIENTED_EDGE ( 'NONE', *, *, #8145, .F. ) ;
#7504 = CARTESIAN_POINT ( 'NONE',  ( 9.250000000000001776, 3.229999999999999982, 1.499999999999999556 ) ) ;
#7505 = ADVANCED_FACE ( 'NONE', ( #4416 ), #2499, .F. ) ;
#7506 = ORIENTED_EDGE ( 'NONE', *, *, #1922, .F. ) ;
#7507 = CARTESIAN_POINT ( 'NONE',  ( -7.176004150843455776, 1.145030891886088309, -0.9699999999999999734 ) ) ;
#7508 = FACE_OUTER_BOUND ( 'NONE', #1961, .T. ) ;
#7509 = VERTEX_POINT ( 'NONE', #1973 ) ;
#7510 = LINE ( 'NONE', #2565, #1805 ) ;
#7511 = LINE ( 'NONE', #1383, #6512 ) ;
#7512 = VERTEX_POINT ( 'NONE', #3760 ) ;
#7513 = CARTESIAN_POINT ( 'NONE',  ( 9.250000000000001776, 0.5710797198524953933, -5.966094796642694043 ) ) ;
#7514 = EDGE_CURVE ( 'NONE', #6554, #6460, #292, .T. ) ;
#7515 = ADVANCED_FACE ( 'NONE', ( #3673 ), #6564, .T. ) ;
#7516 = EDGE_LOOP ( 'NONE', ( #1651, #5912, #4197, #3146 ) ) ;
#7517 = EDGE_LOOP ( 'NONE', ( #6180, #2395, #6709, #4064 ) ) ;
#7518 = ORIENTED_EDGE ( 'NONE', *, *, #6562, .T. ) ;
#7519 = DIRECTION ( 'NONE',  ( 1.000000000000000000, 0.000000000000000000, 0.000000000000000000 ) ) ;
#7520 = ORIENTED_EDGE ( 'NONE', *, *, #5203, .T. ) ;
#7521 = DIRECTION ( 'NONE',  ( -0.8660254037844418162, 0.4999999999999947264, 0.000000000000000000 ) ) ;
#7522 = ORIENTED_EDGE ( 'NONE', *, *, #4884, .T. ) ;
#7523 = DIRECTION ( 'NONE',  ( -0.000000000000000000, 1.000000000000000000, -0.000000000000000000 ) ) ;
#7524 = DIRECTION ( 'NONE',  ( 1.000000000000000000, 0.000000000000000000, 0.000000000000000000 ) ) ;
#7525 = CARTESIAN_POINT ( 'NONE',  ( 0.3500000000000021982, 3.729999999999999982, 5.799999999999999822 ) ) ;
#7526 = EDGE_CURVE ( 'NONE', #6637, #5813, #5868, .T. ) ;
#7527 = ORIENTED_EDGE ( 'NONE', *, *, #4243, .T. ) ;
#7528 = ORIENTED_EDGE ( 'NONE', *, *, #4146, .T. ) ;
#7529 = DIRECTION ( 'NONE',  ( 1.000000000000000000, 0.000000000000000000, 0.000000000000000000 ) ) ;
#7530 = VERTEX_POINT ( 'NONE', #7298 ) ;
#7531 = CARTESIAN_POINT ( 'NONE',  ( -4.344608113321960730, 2.009999999999998455, -5.680000000000001492 ) ) ;
#7532 = ADVANCED_FACE ( 'NONE', ( #5188 ), #3718, .F. ) ;
#7533 = VECTOR ( 'NONE', #3015, 1000.000000000000000 ) ;
#7534 = FACE_OUTER_BOUND ( 'NONE', #5558, .T. ) ;
#7535 = CARTESIAN_POINT ( 'NONE',  ( -7.176004150843455776, 1.145030891886088309, 1.570000000000000284 ) ) ;
#7536 = LINE ( 'NONE', #1960, #6322 ) ;
#7537 = ORIENTED_EDGE ( 'NONE', *, *, #1991, .F. ) ;
#7538 = ORIENTED_EDGE ( 'NONE', *, *, #5490, .T. ) ;
#7539 = LINE ( 'NONE', #6808, #2857 ) ;
#7540 = ADVANCED_FACE ( 'NONE', ( #8626 ), #4701, .T. ) ;
#7541 = AXIS2_PLACEMENT_3D ( 'NONE', #1079, #8593, #256 ) ;
#7542 = LINE ( 'NONE', #6899, #636 ) ;
#7543 = CARTESIAN_POINT ( 'NONE',  ( -5.729759561962193715, 0.6500000000000000222, -2.165000000000000036 ) ) ;
#7544 = CARTESIAN_POINT ( 'NONE',  ( -5.729759561962193715, 0.000000000000000000, -2.239999999999999769 ) ) ;
#7545 = ORIENTED_EDGE ( 'NONE', *, *, #5621, .T. ) ;
#7546 = CARTESIAN_POINT ( 'NONE',  ( -5.444803331486046893, 3.143558669118012183, 2.840000000000000302 ) ) ;
#7547 = ORIENTED_EDGE ( 'NONE', *, *, #1315, .F. ) ;
#7548 = FACE_OUTER_BOUND ( 'NONE', #8970, .T. ) ;
#7550 = FACE_OUTER_BOUND ( 'NONE', #6702, .T. ) ;
#7549 = VECTOR ( 'NONE', #3488, 1000.000000000000000 ) ;
#7551 = DIRECTION ( 'NONE',  ( 0.000000000000000000, -0.08715574274765215679, -0.9961946980917461003 ) ) ;
#7552 = AXIS2_PLACEMENT_3D ( 'NONE', #1467, #9065, #5747 ) ;
#7553 = CYLINDRICAL_SURFACE ( 'NONE', #3303, 1.000000000000000888 ) ;
#7554 = EDGE_LOOP ( 'NONE', ( #8984, #3441, #986, #6503 ) ) ;
#7555 = DIRECTION ( 'NONE',  ( 0.000000000000000000, 1.000000000000000000, 0.000000000000000000 ) ) ;
#7556 = EDGE_LOOP ( 'NONE', ( #526, #1732, #8486, #1748 ) ) ;
#7557 = ORIENTED_EDGE ( 'NONE', *, *, #5059, .T. ) ;
#7558 = EDGE_LOOP ( 'NONE', ( #4044, #6038, #1139, #6794 ) ) ;
#7559 = FACE_OUTER_BOUND ( 'NONE', #7340, .T. ) ;
#7560 = CARTESIAN_POINT ( 'NONE',  ( 0.3500000000000021982, 3.229999999999999982, 5.799999999999999822 ) ) ;
#7561 = CARTESIAN_POINT ( 'NONE',  ( 9.250000000000001776, 0.4987820251299121543, -6.999999999999999112 ) ) ;
#7562 = ORIENTED_EDGE ( 'NONE', *, *, #6518, .F. ) ;
#7563 = CARTESIAN_POINT ( 'NONE',  ( -5.729759561962193715, 1.149999999999999689, -3.435000000000000497 ) ) ;
#7564 = EDGE_CURVE ( 'NONE', #2722, #1605, #5331, .T. ) ;
#7565 = EDGE_CURVE ( 'NONE', #1648, #7255, #7495, .T. ) ;
#7566 = CARTESIAN_POINT ( 'NONE',  ( 6.238607719548550534, 3.229999999999999982, 0.9999999999999995559 ) ) ;
#7567 = CARTESIAN_POINT ( 'NONE',  ( 7.277805748595120861, 3.229999999999999982, 3.899999999999999911 ) ) ;
#7568 = AXIS2_PLACEMENT_3D ( 'NONE', #4885, #7719, #7677 ) ;
#7569 = VERTEX_POINT ( 'NONE', #8912 ) ;
#7570 = ORIENTED_EDGE ( 'NONE', *, *, #2812, .F. ) ;
#7571 = CARTESIAN_POINT ( 'NONE',  ( -9.215121763127934074, -1.084202172485504434E-16, -2.839999999999999858 ) ) ;
#7572 = ORIENTED_EDGE ( 'NONE', *, *, #944, .F. ) ;
#7573 = LINE ( 'NONE', #6936, #6285 ) ;
#7574 = EDGE_CURVE ( 'NONE', #6797, #2216, #1866, .T. ) ;
#7576 = DIRECTION ( 'NONE',  ( 0.7071067811865474617, 0.000000000000000000, -0.7071067811865474617 ) ) ;
#7575 = DIRECTION ( 'NONE',  ( 0.000000000000000000, 1.000000000000000000, 0.000000000000000000 ) ) ;
#7577 = CARTESIAN_POINT ( 'NONE',  ( -9.249999999999996447, 0.4987820251299122654, -2.239999999999999769 ) ) ;
#7578 = FACE_OUTER_BOUND ( 'NONE', #492, .T. ) ;
#7579 = EDGE_CURVE ( 'NONE', #5605, #217, #4401, .T. ) ;
#7580 = ORIENTED_EDGE ( 'NONE', *, *, #5542, .F. ) ;
#7581 = ORIENTED_EDGE ( 'NONE', *, *, #32, .F. ) ;
#7582 = EDGE_CURVE ( 'NONE', #8904, #1909, #8816, .T. ) ;
#7583 = PRESENTATION_STYLE_ASSIGNMENT (( #2601 ) ) ;
#7584 = CARTESIAN_POINT ( 'NONE',  ( -5.729759561962193715, 0.6500000000000000222, 1.644999999999999796 ) ) ;
#7585 = DIRECTION ( 'NONE',  ( 0.000000000000000000, 0.000000000000000000, -1.000000000000000000 ) ) ;
#7586 = EDGE_CURVE ( 'NONE', #3012, #5320, #4007, .T. ) ;
#7587 = EDGE_LOOP ( 'NONE', ( #2084, #6814, #8208, #2459 ) ) ;
#7588 = CARTESIAN_POINT ( 'NONE',  ( 9.250000000000001776, 3.097809730695487474E-17, -6.965121763127935850 ) ) ;
#7589 = VERTEX_POINT ( 'NONE', #541 ) ;
#7590 = ORIENTED_EDGE ( 'NONE', *, *, #1384, .F. ) ;
#7591 = DIRECTION ( 'NONE',  ( -1.000000000000000000, -0.000000000000000000, -0.000000000000000000 ) ) ;
#7592 = FACE_OUTER_BOUND ( 'NONE', #741, .T. ) ;
#7593 = LINE ( 'NONE', #1333, #3403 ) ;
#7594 = VECTOR ( 'NONE', #832, 1000.000000000000000 ) ;
#7595 = FACE_OUTER_BOUND ( 'NONE', #5285, .T. ) ;
#7596 = ORIENTED_EDGE ( 'NONE', *, *, #9025, .F. ) ;
#7597 = CARTESIAN_POINT ( 'NONE',  ( -5.729759561962193715, 1.149999999999999689, -3.435000000000000497 ) ) ;
#7598 = VERTEX_POINT ( 'NONE', #6710 ) ;
#7599 = ORIENTED_EDGE ( 'NONE', *, *, #8784, .F. ) ;
#7600 = EDGE_LOOP ( 'NONE', ( #4152, #4296, #9029, #2005 ) ) ;
#7601 = PLANE ( 'NONE',  #5730 ) ;
#7602 = CARTESIAN_POINT ( 'NONE',  ( -4.494608113321961085, 3.729999999999999982, -7.000000000000000888 ) ) ;
#7603 = CARTESIAN_POINT ( 'NONE',  ( 0.000000000000000000, 0.000000000000000000, -2.239999999999999769 ) ) ;
#7604 = EDGE_LOOP ( 'NONE', ( #7154, #7877, #1431, #7244 ) ) ;
#7605 = CARTESIAN_POINT ( 'NONE',  ( 5.838607719548550179, 3.729999999999999982, 0.9999999999999995559 ) ) ;
#7606 = VECTOR ( 'NONE', #8701, 1000.000000000000000 ) ;
#7607 = CARTESIAN_POINT ( 'NONE',  ( -6.309978747059014736, 0.6450308918860931939, 0.2999999999999999334 ) ) ;
#7608 = VECTOR ( 'NONE', #1704, 1000.000000000000227 ) ;
#7609 = DIRECTION ( 'NONE',  ( 1.000000000000000000, 2.082697505432185440E-16, 0.000000000000000000 ) ) ;
#7610 = VECTOR ( 'NONE', #4762, 1000.000000000000000 ) ;
#7611 = ADVANCED_FACE ( 'NONE', ( #3219 ), #2548, .F. ) ;
#7612 = EDGE_CURVE ( 'NONE', #725, #4030, #1174, .T. ) ;
#7613 = VERTEX_POINT ( 'NONE', #2596 ) ;
#7614 = EDGE_LOOP ( 'NONE', ( #5147, #6717, #6883, #4960, #3914, #8105 ) ) ;
#7615 = DIRECTION ( 'NONE',  ( 0.1218693434051425356, -0.9925461516413225382, 0.000000000000000000 ) ) ;
#7616 = ORIENTED_EDGE ( 'NONE', *, *, #841, .T. ) ;
#7617 = CARTESIAN_POINT ( 'NONE',  ( -1.298188117465176816, -2.248527777231911884, 4.110000000000000320 ) ) ;
#7618 = VECTOR ( 'NONE', #6003, 1000.000000000000000 ) ;
#7619 = VECTOR ( 'NONE', #6332, 1000.000000000000000 ) ;
#7621 = CARTESIAN_POINT ( 'NONE',  ( 6.238607719548550534, 3.729999999999999982, -0.9999999999999995559 ) ) ;
#7620 = DIRECTION ( 'NONE',  ( -0.000000000000000000, -0.000000000000000000, -1.000000000000000000 ) ) ;
#7622 = CARTESIAN_POINT ( 'NONE',  ( 5.050000000000002487, 3.229999999999999982, 6.200000000000000178 ) ) ;
#7623 = CARTESIAN_POINT ( 'NONE',  ( -6.742991448951236144, 0.8950308918860907514, -1.645000000000000240 ) ) ;
#7624 = EDGE_CURVE ( 'NONE', #4633, #3580, #5381, .T. ) ;
#7625 = VERTEX_POINT ( 'NONE', #4493 ) ;
#7626 = ADVANCED_FACE ( 'NONE', ( #6509 ), #237, .F. ) ;
#7627 = VECTOR ( 'NONE', #590, 1000.000000000000000 ) ;
#7628 = VERTEX_POINT ( 'NONE', #7930 ) ;
#7629 = VECTOR ( 'NONE', #1924, 1000.000000000000000 ) ;
#7630 = ADVANCED_FACE ( 'NONE', ( #964 ), #2343, .F. ) ;
#7631 = AXIS2_PLACEMENT_3D ( 'NONE', #5144, #7943, #1677 ) ;
#7632 = DIRECTION ( 'NONE',  ( 0.06975647374412444202, -0.9975640502598243087, 0.000000000000000000 ) ) ;
#7633 = DIRECTION ( 'NONE',  ( 0.000000000000000000, -0.000000000000000000, -1.000000000000000000 ) ) ;
#7634 = DIRECTION ( 'NONE',  ( 0.000000000000000000, 0.000000000000000000, -1.000000000000000000 ) ) ;
#7635 = EDGE_CURVE ( 'NONE', #6701, #2153, #1667, .T. ) ;
#7636 = ORIENTED_EDGE ( 'NONE', *, *, #806, .F. ) ;
#7637 = CARTESIAN_POINT ( 'NONE',  ( 6.150000000000001243, 3.229999999999999982, 6.199999999999999289 ) ) ;
#7638 = EDGE_LOOP ( 'NONE', ( #1252, #8163, #1232, #5063 ) ) ;
#7639 = AXIS2_PLACEMENT_3D ( 'NONE', #4628, #6036, #1887 ) ;
#7640 = DIRECTION ( 'NONE',  ( 0.000000000000000000, 0.000000000000000000, 1.000000000000000000 ) ) ;
#7641 = DIRECTION ( 'NONE',  ( 0.000000000000000000, -1.000000000000000000, -0.000000000000000000 ) ) ;
#7642 = EDGE_CURVE ( 'NONE', #6859, #1409, #759, .T. ) ;
#7643 = LINE ( 'NONE', #8461, #6622 ) ;
#7644 = CARTESIAN_POINT ( 'NONE',  ( -4.344608113321960730, 2.010000000000000231, 6.680000000000001492 ) ) ;
#7645 = LINE ( 'NONE', #8290, #951 ) ;
#7646 = VECTOR ( 'NONE', #6445, 1000.000000000000000 ) ;
#7647 = AXIS2_PLACEMENT_3D ( 'NONE', #3883, #1937, #7278 ) ;
#7648 = VERTEX_POINT ( 'NONE', #3060 ) ;
#7649 = LINE ( 'NONE', #7597, #1367 ) ;
#7650 = VERTEX_POINT ( 'NONE', #8749 ) ;
#7651 = VERTEX_POINT ( 'NONE', #5946 ) ;
#7652 = DIRECTION ( 'NONE',  ( 1.000000000000000000, 0.000000000000000000, -2.891205793294679312E-16 ) ) ;
#7653 = COLOUR_RGB ( '',0.7921568627450980005, 0.8196078431372548767, 0.9333333333333333481 ) ;
#7654 = DIRECTION ( 'NONE',  ( -0.1776886049967255077, 0.9772873274819905420, -0.1154826359130504410 ) ) ;
#7655 = VERTEX_POINT ( 'NONE', #8610 ) ;
#7656 = CARTESIAN_POINT ( 'NONE',  ( -2.049999999999997602, 3.229999999999999982, 5.799999999999998934 ) ) ;
#7657 = EDGE_CURVE ( 'NONE', #2595, #4187, #275, .T. ) ;
#7658 = LINE ( 'NONE', #3991, #8780 ) ;
#7659 = PLANE ( 'NONE',  #2866 ) ;
#7660 = AXIS2_PLACEMENT_3D ( 'NONE', #3328, #1928, #4764 ) ;
#7661 = ORIENTED_EDGE ( 'NONE', *, *, #3578, .T. ) ;
#7662 = ORIENTED_EDGE ( 'NONE', *, *, #7612, .T. ) ;
#7663 = CARTESIAN_POINT ( 'NONE',  ( -6.742991448951236144, 0.8950308918860907514, -4.185000000000000497 ) ) ;
#7664 = ORIENTED_EDGE ( 'NONE', *, *, #5119, .T. ) ;
#7665 = DIRECTION ( 'NONE',  ( 1.000000000000000000, 0.000000000000000000, 0.000000000000000000 ) ) ;
#7667 = FACE_OUTER_BOUND ( 'NONE', #6203, .T. ) ;
#7666 = FACE_OUTER_BOUND ( 'NONE', #1678, .T. ) ;
#7668 = LINE ( 'NONE', #624, #2948 ) ;
#7669 = ORIENTED_EDGE ( 'NONE', *, *, #3735, .F. ) ;
#7670 = VERTEX_POINT ( 'NONE', #8658 ) ;
#7671 = VECTOR ( 'NONE', #7591, 1000.000000000000000 ) ;
#7672 = CARTESIAN_POINT ( 'NONE',  ( -9.215121763127934074, -1.084202172485504434E-16, 0.2999999999999999334 ) ) ;
#7673 = VECTOR ( 'NONE', #1707, 1000.000000000000000 ) ;
#7674 = EDGE_CURVE ( 'NONE', #3107, #4899, #2482, .T. ) ;
#7675 = ADVANCED_FACE ( 'NONE', ( #8799 ), #5220, .T. ) ;
#7676 =( LENGTH_UNIT ( ) NAMED_UNIT ( * ) SI_UNIT ( .MILLI., .METRE. ) );
#7677 = DIRECTION ( 'NONE',  ( 0.000000000000000000, -0.000000000000000000, -1.000000000000000000 ) ) ;
#7678 = LINE ( 'NONE', #7079, #6674 ) ;
#7679 = ORIENTED_EDGE ( 'NONE', *, *, #3407, .T. ) ;
#7680 = PLANE ( 'NONE',  #3658 ) ;
#7681 = PRODUCT_DEFINITION_CONTEXT ( 'detailed design', #4217, 'design' ) ;
#7682 = ORIENTED_EDGE ( 'NONE', *, *, #9052, .F. ) ;
#7683 = VECTOR ( 'NONE', #1357, 1000.000000000000000 ) ;
#7684 = CARTESIAN_POINT ( 'NONE',  ( -1.298188117465176816, -2.248527777231911884, -3.510000000000000231 ) ) ;
#7685 = CARTESIAN_POINT ( 'NONE',  ( 6.150000000000001243, 3.229999999999999982, -3.899999999999999467 ) ) ;
#7686 = EDGE_CURVE ( 'NONE', #343, #6234, #3021, .T. ) ;
#7687 = CARTESIAN_POINT ( 'NONE',  ( 6.150000000000001243, 3.229999999999999982, 6.199999999999999289 ) ) ;
#7688 = PLANE ( 'NONE',  #6968 ) ;
#7689 = CARTESIAN_POINT ( 'NONE',  ( -5.444803331486046893, 3.143558669118012183, -3.510000000000000231 ) ) ;
#7690 = ORIENTED_EDGE ( 'NONE', *, *, #8961, .F. ) ;
#7691 = DIRECTION ( 'NONE',  ( 0.9975640502598243087, 0.06975647374412444202, -0.000000000000000000 ) ) ;
#7692 = ADVANCED_FACE ( 'NONE', ( #5265 ), #4637, .F. ) ;
#7693 = ORIENTED_EDGE ( 'NONE', *, *, #5338, .F. ) ;
#7694 = VECTOR ( 'NONE', #5132, 1000.000000000000000 ) ;
#7695 = ORIENTED_EDGE ( 'NONE', *, *, #2267, .T. ) ;
#7696 = CARTESIAN_POINT ( 'NONE',  ( -7.176004150843455776, 1.145030891886088309, 2.240000000000000657 ) ) ;
#7697 = FACE_OUTER_BOUND ( 'NONE', #8540, .T. ) ;
#7698 = ORIENTED_EDGE ( 'NONE', *, *, #1536, .T. ) ;
#7699 = CARTESIAN_POINT ( 'NONE',  ( -3.994608113321961529, 0.000000000000000000, 7.000000000000000888 ) ) ;
#7700 = AXIS2_PLACEMENT_3D ( 'NONE', #3411, #8141, #7585 ) ;
#7701 = CARTESIAN_POINT ( 'NONE',  ( -7.141125913971392514, 0.6462488667561758771, 1.570000000000000284 ) ) ;
#7702 = EDGE_CURVE ( 'NONE', #7512, #5950, #2534, .T. ) ;
#7703 = PLANE ( 'NONE',  #5640 ) ;
#7704 = EDGE_CURVE ( 'NONE', #549, #3539, #7284, .T. ) ;
#7705 = VERTEX_POINT ( 'NONE', #7433 ) ;
#7706 = LINE ( 'NONE', #6244, #3566 ) ;
#7707 = ORIENTED_EDGE ( 'NONE', *, *, #1769, .T. ) ;
#7708 = DIRECTION ( 'NONE',  ( -1.000000000000000000, -0.000000000000000000, 3.614007241618348278E-16 ) ) ;
#7710 = DIRECTION ( 'NONE',  ( -0.000000000000000000, -0.000000000000000000, -1.000000000000000000 ) ) ;
#7709 = CARTESIAN_POINT ( 'NONE',  ( 5.700000000000001066, 3.229999999999999982, 6.199999999999999289 ) ) ;
#7711 = AXIS2_PLACEMENT_3D ( 'NONE', #5143, #6560, #7295 ) ;
#7712 = CARTESIAN_POINT ( 'NONE',  ( -6.742991448951236144, 0.8950308918860907514, 2.915000000000000036 ) ) ;
#7713 = VERTEX_POINT ( 'NONE', #7380 ) ;
#7714 = ORIENTED_EDGE ( 'NONE', *, *, #7885, .T. ) ;
#7715 = ORIENTED_EDGE ( 'NONE', *, *, #6172, .T. ) ;
#7716 = DIRECTION ( 'NONE',  ( -0.000000000000000000, -0.000000000000000000, -1.000000000000000000 ) ) ;
#7717 = VECTOR ( 'NONE', #5828, 1000.000000000000000 ) ;
#7718 = LINE ( 'NONE', #6992, #4425 ) ;
#7719 = DIRECTION ( 'NONE',  ( 0.000000000000000000, -1.000000000000000000, 0.000000000000000000 ) ) ;
#7720 = CARTESIAN_POINT ( 'NONE',  ( -5.729759561962193715, 0.6500000000000000222, 0.8950000000000000178 ) ) ;
#7721 = VERTEX_POINT ( 'NONE', #1106 ) ;
#7722 = LINE ( 'NONE', #5616, #2945 ) ;
#7724 = ORIENTED_EDGE ( 'NONE', *, *, #1824, .F. ) ;
#7723 = EDGE_CURVE ( 'NONE', #1124, #8674, #5315, .T. ) ;
#7725 = EDGE_CURVE ( 'NONE', #5232, #5223, #4241, .T. ) ;
#7726 = DIRECTION ( 'NONE',  ( 1.000000000000000000, 0.000000000000000000, 0.000000000000000000 ) ) ;
#7727 = DIRECTION ( 'NONE',  ( 0.000000000000000000, -1.000000000000000000, 0.000000000000000000 ) ) ;
#7728 = DIRECTION ( 'NONE',  ( 0.000000000000000000, 0.000000000000000000, 1.000000000000000000 ) ) ;
#7729 = CARTESIAN_POINT ( 'NONE',  ( -6.742991448951236144, 0.8950308918860907514, -0.8950000000000003508 ) ) ;
#7730 = DIRECTION ( 'NONE',  ( -0.000000000000000000, 0.000000000000000000, 1.000000000000000000 ) ) ;
#7731 = DIRECTION ( 'NONE',  ( 0.000000000000000000, 0.000000000000000000, -1.000000000000000000 ) ) ;
#7732 = ORIENTED_EDGE ( 'NONE', *, *, #1798, .F. ) ;
#7733 = CARTESIAN_POINT ( 'NONE',  ( 6.238607719548550534, 3.229999999999999982, 1.500000000000000000 ) ) ;
#7734 = EDGE_CURVE ( 'NONE', #7598, #250, #5994, .T. ) ;
#7735 = VERTEX_POINT ( 'NONE', #1056 ) ;
#7736 = EDGE_LOOP ( 'NONE', ( #4209, #649, #7724, #1714 ) ) ;
#7737 = LINE ( 'NONE', #7781, #6330 ) ;
#7738 = PLANE ( 'NONE',  #7481 ) ;
#7739 = EDGE_LOOP ( 'NONE', ( #6370, #5823, #3082, #3806, #1306, #5235 ) ) ;
#7740 = DIRECTION ( 'NONE',  ( -1.000000000000000000, 0.000000000000000000, 0.000000000000000000 ) ) ;
#7741 = EDGE_CURVE ( 'NONE', #5241, #2302, #5809, .T. ) ;
#7742 = CARTESIAN_POINT ( 'NONE',  ( 0.000000000000000000, 0.000000000000000000, 2.840000000000000302 ) ) ;
#7743 = CARTESIAN_POINT ( 'NONE',  ( -6.309978747059014736, 0.6450308918860931939, 2.915000000000000036 ) ) ;
#7744 = VECTOR ( 'NONE', #8897, 1000.000000000000000 ) ;
#7745 = ORIENTED_EDGE ( 'NONE', *, *, #2771, .F. ) ;
#7746 = VERTEX_POINT ( 'NONE', #6189 ) ;
#7747 = EDGE_CURVE ( 'NONE', #7833, #5125, #1256, .T. ) ;
#7748 = DIRECTION ( 'NONE',  ( 0.000000000000000000, 0.000000000000000000, -1.000000000000000000 ) ) ;
#7749 = AXIS2_PLACEMENT_3D ( 'NONE', #3103, #4486, #997 ) ;
#7750 = EDGE_CURVE ( 'NONE', #4813, #3378, #8991, .T. ) ;
#7752 = DIRECTION ( 'NONE',  ( -1.000000000000000000, -0.000000000000000000, 1.084202172485504631E-15 ) ) ;
#7751 = LINE ( 'NONE', #6466, #3714 ) ;
#7753 = CARTESIAN_POINT ( 'NONE',  ( 5.050000000000002487, 3.729999999999999982, 6.200000000000000178 ) ) ;
#7754 = ORIENTED_EDGE ( 'NONE', *, *, #7128, .F. ) ;
#7755 = ORIENTED_EDGE ( 'NONE', *, *, #7067, .F. ) ;
#7756 = ORIENTED_EDGE ( 'NONE', *, *, #8130, .F. ) ;
#7757 = CARTESIAN_POINT ( 'NONE',  ( 5.700000000000001066, 3.229999999999999982, 5.749999999999999112 ) ) ;
#7758 = VECTOR ( 'NONE', #1850, 1000.000000000000000 ) ;
#7759 = FILL_AREA_STYLE ('',( #4322 ) ) ;
#7760 = CARTESIAN_POINT ( 'NONE',  ( -6.162772263854414234, 0.8999999999999971356, -1.645000000000000240 ) ) ;
#7761 = AXIS2_PLACEMENT_3D ( 'NONE', #7438, #4742, #8075 ) ;
#7762 = FACE_OUTER_BOUND ( 'NONE', #2808, .T. ) ;
#7763 = ORIENTED_EDGE ( 'NONE', *, *, #297, .F. ) ;
#7764 = CARTESIAN_POINT ( 'NONE',  ( -4.479866786035785253, -0.5500584762268876382, 4.110000000000000320 ) ) ;
#7765 = VECTOR ( 'NONE', #4252, 1000.000000000000000 ) ;
#7766 = ORIENTED_EDGE ( 'NONE', *, *, #3374, .F. ) ;
#7767 = DIRECTION ( 'NONE',  ( -1.000000000000000000, 0.000000000000000000, 0.000000000000000000 ) ) ;
#7768 = ORIENTED_EDGE ( 'NONE', *, *, #4949, .F. ) ;
#7769 = APPLICATION_PROTOCOL_DEFINITION ( 'draft international standard', 'automotive_design', 1998, #4217 ) ;
#7770 = VECTOR ( 'NONE', #2872, 1000.000000000000000 ) ;
#7771 = VECTOR ( 'NONE', #6607, 1000.000000000000000 ) ;
#7772 = CARTESIAN_POINT ( 'NONE',  ( -7.176004150843455776, 1.145030891886088309, 2.840000000000000302 ) ) ;
#7773 = EDGE_CURVE ( 'NONE', #1476, #4026, #7477, .T. ) ;
#7774 = DIRECTION ( 'NONE',  ( 0.000000000000000000, 1.000000000000000000, 0.000000000000000000 ) ) ;
#7775 = CARTESIAN_POINT ( 'NONE',  ( 2.650000000000002132, 3.729999999999999982, 5.799999999999999822 ) ) ;
#7776 = ORIENTED_EDGE ( 'NONE', *, *, #6507, .F. ) ;
#7777 = CARTESIAN_POINT ( 'NONE',  ( 2.650000000000002132, 3.229999999999999982, 5.799999999999999822 ) ) ;
#7778 = VECTOR ( 'NONE', #4599, 1000.000000000000000 ) ;
#7779 = ORIENTED_EDGE ( 'NONE', *, *, #3184, .F. ) ;
#7780 = ORIENTED_EDGE ( 'NONE', *, *, #1915, .T. ) ;
#7781 = CARTESIAN_POINT ( 'NONE',  ( -2.049999999999997602, 3.229999999999999982, -6.200000000000000178 ) ) ;
#7782 = FACE_OUTER_BOUND ( 'NONE', #4294, .T. ) ;
#7783 = ORIENTED_EDGE ( 'NONE', *, *, #6465, .F. ) ;
#7784 = CARTESIAN_POINT ( 'NONE',  ( -0.07971870264047217769, 1.140030560879458754, 3.510000000000000231 ) ) ;
#7785 = VECTOR ( 'NONE', #948, 1000.000000000000000 ) ;
#7786 = AXIS2_PLACEMENT_3D ( 'NONE', #5112, #7911, #5157 ) ;
#7787 = DIRECTION ( 'NONE',  ( 1.000000000000000000, 0.000000000000000000, 0.000000000000000000 ) ) ;
#7788 = VECTOR ( 'NONE', #415, 999.9999999999998863 ) ;
#7789 = ADVANCED_FACE ( 'NONE', ( #1898 ), #6878, .T. ) ;
#7790 = DIRECTION ( 'NONE',  ( 0.000000000000000000, 0.000000000000000000, -1.000000000000000000 ) ) ;
#7791 = EDGE_CURVE ( 'NONE', #6701, #7589, #6790, .T. ) ;
#7792 = AXIS2_PLACEMENT_3D ( 'NONE', #1091, #2517, #8603 ) ;
#7793 = EDGE_LOOP ( 'NONE', ( #8711, #8362, #3454, #2310 ) ) ;
#7794 = DIRECTION ( 'NONE',  ( -0.000000000000000000, -0.000000000000000000, -1.000000000000000000 ) ) ;
#7795 = ORIENTED_EDGE ( 'NONE', *, *, #4010, .T. ) ;
#7796 = CARTESIAN_POINT ( 'NONE',  ( -2.049999999999997602, 3.229999999999999982, 5.799999999999998934 ) ) ;
#7797 = ADVANCED_FACE ( 'NONE', ( #5544 ), #4128, .T. ) ;
#7798 = AXIS2_PLACEMENT_3D ( 'NONE', #7045, #776, #41 ) ;
#7800 = DIRECTION ( 'NONE',  ( -1.000000000000000000, -0.000000000000000000, 1.668003342285392635E-15 ) ) ;
#7799 = FACE_OUTER_BOUND ( 'NONE', #3943, .T. ) ;
#7801 = FACE_OUTER_BOUND ( 'NONE', #9023, .T. ) ;
#7802 = VERTEX_POINT ( 'NONE', #3299 ) ;
#7803 = EDGE_CURVE ( 'NONE', #5257, #7291, #612, .T. ) ;
#7804 = ORIENTED_EDGE ( 'NONE', *, *, #6900, .F. ) ;
#7805 = ORIENTED_EDGE ( 'NONE', *, *, #4155, .F. ) ;
#7806 = LINE ( 'NONE', #4320, #1189 ) ;
#7807 = DIRECTION ( 'NONE',  ( -0.4999999999999965583, -0.8660254037844405950, 0.000000000000000000 ) ) ;
#7808 = CARTESIAN_POINT ( 'NONE',  ( -2.395102131247015462E-16, 1.150000000000001021, -2.239999999999999769 ) ) ;
#7809 = DIRECTION ( 'NONE',  ( -0.000000000000000000, -0.000000000000000000, -1.000000000000000000 ) ) ;
#7810 = VERTEX_POINT ( 'NONE', #4039 ) ;
#7811 = CARTESIAN_POINT ( 'NONE',  ( 9.250000000000001776, 3.229999999999999982, 2.259999999999998010 ) ) ;
#7812 = AXIS2_PLACEMENT_3D ( 'NONE', #4264, #102, #2895 ) ;
#7813 = EDGE_CURVE ( 'NONE', #588, #1455, #473, .T. ) ;
#7814 = ORIENTED_EDGE ( 'NONE', *, *, #2376, .T. ) ;
#7815 = PLANE ( 'NONE',  #1801 ) ;
#7816 =( NAMED_UNIT ( * ) PLANE_ANGLE_UNIT ( ) SI_UNIT ( $, .RADIAN. ) );
#7817 = FACE_OUTER_BOUND ( 'NONE', #946, .T. ) ;
#7818 = CARTESIAN_POINT ( 'NONE',  ( -4.750100000000005096, 2.419999999999999929, -6.900544505668654516 ) ) ;
#7819 = ORIENTED_EDGE ( 'NONE', *, *, #8215, .T. ) ;
#7820 = DIRECTION ( 'NONE',  ( -0.06975647374412489998, 0.9975640502598243087, 0.000000000000000000 ) ) ;
#7821 = ORIENTED_EDGE ( 'NONE', *, *, #2777, .F. ) ;
#7822 = VECTOR ( 'NONE', #1685, 1000.000000000000000 ) ;
#7823 = VERTEX_POINT ( 'NONE', #6238 ) ;
#7824 = DIRECTION ( 'NONE',  ( 0.000000000000000000, 0.9975640502598243087, -0.06975647374412534407 ) ) ;
#7825 = DIRECTION ( 'NONE',  ( -0.000000000000000000, -0.000000000000000000, 1.000000000000000000 ) ) ;
#7826 = VERTEX_POINT ( 'NONE', #2078 ) ;
#7827 = DIRECTION ( 'NONE',  ( 1.000000000000000000, 0.000000000000000000, 0.000000000000000000 ) ) ;
#7828 = AXIS2_PLACEMENT_3D ( 'NONE', #2865, #2051, #8448 ) ;
#7829 = CIRCLE ( 'NONE', #88, 0.4499999999999999001 ) ;
#7830 = CARTESIAN_POINT ( 'NONE',  ( -9.215121763127934074, -1.084202172485504434E-16, -0.9699999999999999734 ) ) ;
#7831 = CARTESIAN_POINT ( 'NONE',  ( 5.700000000000001066, 3.729999999999999982, -5.749999999999999112 ) ) ;
#7832 = AXIS2_PLACEMENT_3D ( 'NONE', #6486, #2327, #1029 ) ;
#7833 = VERTEX_POINT ( 'NONE', #4865 ) ;
#7834 = ORIENTED_EDGE ( 'NONE', *, *, #1470, .F. ) ;
#7835 = CARTESIAN_POINT ( 'NONE',  ( -6.595784965746635642, 1.149999999999994138, -0.8950000000000003508 ) ) ;
#7836 = ORIENTED_EDGE ( 'NONE', *, *, #7612, .F. ) ;
#7837 = LINE ( 'NONE', #4912, #2485 ) ;
#7838 = EDGE_CURVE ( 'NONE', #1941, #3768, #2036, .T. ) ;
#7839 = EDGE_CURVE ( 'NONE', #6255, #5101, #8898, .T. ) ;
#7840 = VECTOR ( 'NONE', #7752, 1000.000000000000000 ) ;
#7842 = DIRECTION ( 'NONE',  ( -0.06975647374412444202, 0.9975640502598243087, 0.000000000000000000 ) ) ;
#7841 = LINE ( 'NONE', #238, #815 ) ;
#7843 = AXIS2_PLACEMENT_3D ( 'NONE', #7502, #4662, #635 ) ;
#7844 = ORIENTED_EDGE ( 'NONE', *, *, #2053, .F. ) ;
#7845 = EDGE_CURVE ( 'NONE', #6637, #8720, #5996, .T. ) ;
#7846 = ORIENTED_EDGE ( 'NONE', *, *, #5949, .F. ) ;
#7847 = ORIENTED_EDGE ( 'NONE', *, *, #8615, .F. ) ;
#7848 = CARTESIAN_POINT ( 'NONE',  ( -4.750000000000005329, 1.649999999999999911, -0.9699999999999999734 ) ) ;
#7849 = CIRCLE ( 'NONE', #840, 0.5000000000000004441 ) ;
#7850 = VECTOR ( 'NONE', #7882, 1000.000000000000000 ) ;
#7851 = CARTESIAN_POINT ( 'NONE',  ( 5.700000000000001066, 3.729999999999999982, -6.199999999999999289 ) ) ;
#7852 = EDGE_CURVE ( 'NONE', #603, #9040, #7658, .T. ) ;
#7853 = DIRECTION ( 'NONE',  ( -0.9897582589218777427, 0.1427535950368092887, 0.000000000000000000 ) ) ;
#7854 = LINE ( 'NONE', #2402, #2089 ) ;
#7855 = VERTEX_POINT ( 'NONE', #567 ) ;
#7856 = PLANE ( 'NONE',  #2079 ) ;
#7857 = AXIS2_PLACEMENT_3D ( 'NONE', #7404, #3226, #7500 ) ;
#7858 = ORIENTED_EDGE ( 'NONE', *, *, #393, .F. ) ;
#7859 = FACE_OUTER_BOUND ( 'NONE', #4490, .T. ) ;
#7860 = EDGE_CURVE ( 'NONE', #2026, #3112, #6094, .T. ) ;
#7861 = EDGE_CURVE ( 'NONE', #3112, #7721, #2623, .T. ) ;
#7862 = CARTESIAN_POINT ( 'NONE',  ( -4.688607719548555153, 1.149999999999999911, 2.240000000000000657 ) ) ;
#7863 = CARTESIAN_POINT ( 'NONE',  ( -2.849999999999999201, 3.229999999999999982, 5.750000000000000000 ) ) ;
#7864 = CARTESIAN_POINT ( 'NONE',  ( -5.729759561962193715, 1.149999999999999689, 3.434999999999999609 ) ) ;
#7865 = LINE ( 'NONE', #7818, #3727 ) ;
#7866 = ORIENTED_EDGE ( 'NONE', *, *, #3270, .T. ) ;
#7867 = PLANE ( 'NONE',  #3678 ) ;
#7868 = ORIENTED_EDGE ( 'NONE', *, *, #2171, .F. ) ;
#7869 = VERTEX_POINT ( 'NONE', #4080 ) ;
#7870 = DIRECTION ( 'NONE',  ( -0.8660254037844418162, 0.4999999999999947264, 0.000000000000000000 ) ) ;
#7871 = DIRECTION ( 'NONE',  ( 0.4999999999999968359, 0.8660254037844404840, 0.000000000000000000 ) ) ;
#7872 = ORIENTED_EDGE ( 'NONE', *, *, #6844, .F. ) ;
#7873 = PLANE ( 'NONE',  #2931 ) ;
#7874 = DIRECTION ( 'NONE',  ( 0.000000000000000000, 1.000000000000000000, 0.000000000000000000 ) ) ;
#7875 = CARTESIAN_POINT ( 'NONE',  ( -6.162772263854414234, 0.8999999999999971356, 0.8950000000000000178 ) ) ;
#7876 = ORIENTED_EDGE ( 'NONE', *, *, #7686, .T. ) ;
#7877 = ORIENTED_EDGE ( 'NONE', *, *, #4501, .F. ) ;
#7878 = CARTESIAN_POINT ( 'NONE',  ( 8.350000000000001421, 3.229999999999999982, -4.349999999999999645 ) ) ;
#7879 = ORIENTED_EDGE ( 'NONE', *, *, #8018, .F. ) ;
#7880 = FACE_OUTER_BOUND ( 'NONE', #3462, .T. ) ;
#7882 = DIRECTION ( 'NONE',  ( 1.000000000000000000, 0.000000000000000000, -2.891205793294679312E-16 ) ) ;
#7881 = DIRECTION ( 'NONE',  ( 0.000000000000000000, -1.000000000000000000, 0.000000000000000000 ) ) ;
#7883 = AXIS2_PLACEMENT_3D ( 'NONE', #6136, #8943, #1896 ) ;
#7884 = ADVANCED_FACE ( 'NONE', ( #3340 ), #8944, .F. ) ;
#7885 = EDGE_CURVE ( 'NONE', #4940, #1856, #4780, .T. ) ;
#7886 = EDGE_LOOP ( 'NONE', ( #8446, #4786, #4862, #6037 ) ) ;
#7887 = ORIENTED_EDGE ( 'NONE', *, *, #1300, .T. ) ;
#7888 = ORIENTED_EDGE ( 'NONE', *, *, #3744, .T. ) ;
#7889 = DIRECTION ( 'NONE',  ( -0.8660254037844418162, 0.4999999999999947264, 0.000000000000000000 ) ) ;
#7890 = AXIS2_PLACEMENT_3D ( 'NONE', #1527, #7740, #8515 ) ;
#7891 = CARTESIAN_POINT ( 'NONE',  ( 6.238607719548550534, 3.729999999999999982, -0.9999999999999995559 ) ) ;
#7892 = EDGE_CURVE ( 'NONE', #3570, #6181, #6977, .T. ) ;
#7893 = DIRECTION ( 'NONE',  ( 0.4999999999999968359, 0.8660254037844404840, 0.000000000000000000 ) ) ;
#7894 = EDGE_CURVE ( 'NONE', #376, #5073, #8392, .T. ) ;
#7895 = LINE ( 'NONE', #5820, #4857 ) ;
#7896 = ORIENTED_EDGE ( 'NONE', *, *, #4112, .T. ) ;
#7897 = AXIS2_PLACEMENT_3D ( 'NONE', #4973, #6957, #1555 ) ;
#7898 = LINE ( 'NONE', #3807, #5718 ) ;
#7899 = VERTEX_POINT ( 'NONE', #3564 ) ;
#7900 = DIRECTION ( 'NONE',  ( 0.000000000000000000, 1.000000000000000000, -0.000000000000000000 ) ) ;
#7901 = ADVANCED_FACE ( 'NONE', ( #5035 ), #4215, .T. ) ;
#7902 = CIRCLE ( 'NONE', #3651, 0.4999999999999995559 ) ;
#7903 = DIRECTION ( 'NONE',  ( 1.000000000000000000, 0.000000000000000000, 0.000000000000000000 ) ) ;
#7904 = ADVANCED_FACE ( 'NONE', ( #7142 ), #6373, .T. ) ;
#7905 = CARTESIAN_POINT ( 'NONE',  ( -5.729759561962193715, 1.649999999999999911, -0.8950000000000003508 ) ) ;
#7906 = PLANE ( 'NONE',  #4195 ) ;
#7907 = FACE_OUTER_BOUND ( 'NONE', #5471, .T. ) ;
#7908 = VECTOR ( 'NONE', #8254, 1000.000000000000000 ) ;
#7909 = EDGE_CURVE ( 'NONE', #721, #2225, #1479, .T. ) ;
#7910 = ORIENTED_EDGE ( 'NONE', *, *, #4196, .T. ) ;
#7911 = DIRECTION ( 'NONE',  ( -1.000000000000000000, 0.000000000000000000, 0.000000000000000000 ) ) ;
#7912 = ORIENTED_EDGE ( 'NONE', *, *, #8570, .F. ) ;
#7913 = CIRCLE ( 'NONE', #1349, 0.5000000000000004441 ) ;
#7914 = EDGE_CURVE ( 'NONE', #8228, #198, #2848, .T. ) ;
#7915 = EDGE_CURVE ( 'NONE', #703, #1166, #5638, .T. ) ;
#7916 = LINE ( 'NONE', #5796, #771 ) ;
#7917 = DIRECTION ( 'NONE',  ( 0.000000000000000000, 1.000000000000000000, 0.000000000000000000 ) ) ;
#7918 = DIRECTION ( 'NONE',  ( 0.9975640502598243087, 0.06975647374412492774, 0.000000000000000000 ) ) ;
#7919 = VECTOR ( 'NONE', #83, 1000.000000000000000 ) ;
#7920 = LINE ( 'NONE', #8689, #1516 ) ;
#7921 = CIRCLE ( 'NONE', #29, 0.4499999999999999001 ) ;
#7922 = FACE_OUTER_BOUND ( 'NONE', #2586, .T. ) ;
#7923 = ORIENTED_EDGE ( 'NONE', *, *, #6237, .F. ) ;
#7924 = EDGE_CURVE ( 'NONE', #8741, #2261, #3631, .T. ) ;
#7925 = ORIENTED_EDGE ( 'NONE', *, *, #3064, .T. ) ;
#7926 = CARTESIAN_POINT ( 'NONE',  ( -1.298188117465176816, -2.248527777231911884, 0.9700000000000004174 ) ) ;
#7927 = EDGE_LOOP ( 'NONE', ( #8719 ) ) ;
#7928 = LINE ( 'NONE', #7327, #3634 ) ;
#7929 = VECTOR ( 'NONE', #4477, 1000.000000000000000 ) ;
#7930 = CARTESIAN_POINT ( 'NONE',  ( -2.049999999999997602, 3.729999999999999982, 6.200000000000000178 ) ) ;
#7932 = LINE ( 'NONE', #2265, #8709 ) ;
#7931 = DIRECTION ( 'NONE',  ( 0.4999999999999947264, 0.8660254037844418162, -0.000000000000000000 ) ) ;
#7933 = VECTOR ( 'NONE', #4615, 1000.000000000000000 ) ;
#7934 = VECTOR ( 'NONE', #6040, 1000.000000000000000 ) ;
#7935 = ORIENTED_EDGE ( 'NONE', *, *, #8812, .F. ) ;
#7936 = VERTEX_POINT ( 'NONE', #7701 ) ;
#7937 = DIRECTION ( 'NONE',  ( 0.000000000000000000, 1.000000000000000000, 0.000000000000000000 ) ) ;
#7938 = ORIENTED_EDGE ( 'NONE', *, *, #6282, .T. ) ;
#7939 = LINE ( 'NONE', #6705, #8332 ) ;
#7940 = STYLED_ITEM ( 'NONE', ( #3734 ), #4395 ) ;
#7941 = CARTESIAN_POINT ( 'NONE',  ( 8.349999999999999645, 0.4987820251299123764, -6.999999999999999112 ) ) ;
#7942 = FACE_OUTER_BOUND ( 'NONE', #3180, .T. ) ;
#7943 = DIRECTION ( 'NONE',  ( 0.000000000000000000, 0.000000000000000000, 1.000000000000000000 ) ) ;
#7944 = VERTEX_POINT ( 'NONE', #7830 ) ;
#7945 = DIRECTION ( 'NONE',  ( 0.000000000000000000, 1.000000000000000000, 0.000000000000000000 ) ) ;
#7946 = EDGE_LOOP ( 'NONE', ( #4073, #5528, #6229, #5856 ) ) ;
#7947 = LINE ( 'NONE', #1682, #6470 ) ;
#7948 = EDGE_CURVE ( 'NONE', #8662, #6664, #872, .T. ) ;
#7949 = ADVANCED_FACE ( 'NONE', ( #788 ), #1530, .F. ) ;
#7950 = DIRECTION ( 'NONE',  ( -1.000000000000000000, 0.000000000000000000, -0.000000000000000000 ) ) ;
#7951 = CARTESIAN_POINT ( 'NONE',  ( 2.650000000000002132, 3.729999999999999982, -5.799999999999999822 ) ) ;
#7952 = PLANE ( 'NONE',  #5515 ) ;
#7953 = DIRECTION ( 'NONE',  ( 1.000000000000000000, 0.000000000000000000, 0.000000000000000000 ) ) ;
#7954 = ORIENTED_EDGE ( 'NONE', *, *, #1421, .T. ) ;
#7955 = CARTESIAN_POINT ( 'NONE',  ( 2.650000000000002132, 3.729999999999999982, 6.200000000000000178 ) ) ;
#7956 = ORIENTED_EDGE ( 'NONE', *, *, #1118, .F. ) ;
#7957 = EDGE_CURVE ( 'NONE', #8617, #1689, #7013, .T. ) ;
#7958 = FACE_OUTER_BOUND ( 'NONE', #1796, .T. ) ;
#7959 = AXIS2_PLACEMENT_3D ( 'NONE', #3823, #7460, #1187 ) ;
#7960 = CARTESIAN_POINT ( 'NONE',  ( -6.309978747059014736, 0.6450308918860931939, -0.3750000000000003331 ) ) ;
#7961 = CARTESIAN_POINT ( 'NONE',  ( -5.729759561962193715, 1.149999999999999689, -0.3750000000000003331 ) ) ;
#7962 = CIRCLE ( 'NONE', #4014, 0.4999999999999995559 ) ;
#7963 = LINE ( 'NONE', #1699, #2279 ) ;
#7964 = EDGE_CURVE ( 'NONE', #2693, #5038, #4347, .T. ) ;
#7965 = ORIENTED_EDGE ( 'NONE', *, *, #6778, .T. ) ;
#7966 = CARTESIAN_POINT ( 'NONE',  ( -5.729759561962193715, 1.649999999999999911, 0.2999999999999999334 ) ) ;
#7967 = CARTESIAN_POINT ( 'NONE',  ( 3.774478171836572304, 2.817155742747651459, 5.346194698091745856 ) ) ;
#7968 = AXIS2_PLACEMENT_3D ( 'NONE', #8591, #7900, #1640 ) ;
#7969 = ORIENTED_EDGE ( 'NONE', *, *, #4835, .F. ) ;
#7970 = CARTESIAN_POINT ( 'NONE',  ( -2.849999999999997424, 3.229999999999999982, -5.750000000000000000 ) ) ;
#7971 = ORIENTED_EDGE ( 'NONE', *, *, #8531, .T. ) ;
#7972 = FACE_OUTER_BOUND ( 'NONE', #3927, .T. ) ;
#7973 = VECTOR ( 'NONE', #8750, 999.9999999999998863 ) ;
#7974 = ADVANCED_FACE ( 'NONE', ( #8561 ), #2296, .T. ) ;
#7975 = DIRECTION ( 'NONE',  ( -2.082697505432185440E-16, 1.000000000000000000, 0.000000000000000000 ) ) ;
#7977 = CARTESIAN_POINT ( 'NONE',  ( 8.990000000000001990, 3.229999999999999982, 2.000000000000000000 ) ) ;
#7976 = LINE ( 'NONE', #4539, #4906 ) ;
#7978 = ADVANCED_FACE ( 'NONE', ( #3479 ), #744, .T. ) ;
#7979 = AXIS2_PLACEMENT_3D ( 'NONE', #3341, #8213, #1947 ) ;
#7980 = ORIENTED_EDGE ( 'NONE', *, *, #8732, .T. ) ;
#7981 = ORIENTED_EDGE ( 'NONE', *, *, #76, .T. ) ;
#7982 = AXIS2_PLACEMENT_3D ( 'NONE', #5375, #8174, #1906 ) ;
#7983 = FACE_OUTER_BOUND ( 'NONE', #8807, .T. ) ;
#7984 = ORIENTED_EDGE ( 'NONE', *, *, #57, .T. ) ;
#7985 = DIRECTION ( 'NONE',  ( 0.000000000000000000, 0.000000000000000000, 1.000000000000000000 ) ) ;
#7986 = AXIS2_PLACEMENT_3D ( 'NONE', #1646, #7953, #4378 ) ;
#7987 = DIRECTION ( 'NONE',  ( 1.000000000000000000, 0.000000000000000000, 0.000000000000000000 ) ) ;
#7988 = DIRECTION ( 'NONE',  ( 0.000000000000000000, 0.000000000000000000, 1.000000000000000000 ) ) ;
#7989 = CARTESIAN_POINT ( 'NONE',  ( -7.176004150843455776, 1.145030891886088309, -2.839999999999999858 ) ) ;
#7990 = ORIENTED_EDGE ( 'NONE', *, *, #4879, .F. ) ;
#7991 = LINE ( 'NONE', #5784, #890 ) ;
#7992 = ORIENTED_EDGE ( 'NONE', *, *, #7948, .F. ) ;
#7993 = CARTESIAN_POINT ( 'NONE',  ( -5.729759561962193715, 0.6500000000000000222, 2.915000000000000036 ) ) ;
#7994 = LINE ( 'NONE', #5151, #8161 ) ;
#7995 = CARTESIAN_POINT ( 'NONE',  ( 9.250000000000001776, 0.4987820251299121543, 6.999999999999999112 ) ) ;
#7996 = DIRECTION ( 'NONE',  ( 1.000000000000000000, -0.000000000000000000, -0.000000000000000000 ) ) ;
#7997 = DIRECTION ( 'NONE',  ( -1.000000000000000000, -0.000000000000000000, 0.000000000000000000 ) ) ;
#7998 = CIRCLE ( 'NONE', #8302, 0.5000000000000004441 ) ;
#7999 = ORIENTED_EDGE ( 'NONE', *, *, #3979, .T. ) ;
#8000 = DIRECTION ( 'NONE',  ( -0.000000000000000000, -0.000000000000000000, -1.000000000000000000 ) ) ;
#8001 = EDGE_CURVE ( 'NONE', #1856, #2120, #6281, .T. ) ;
#8002 = ADVANCED_FACE ( 'NONE', ( #5590 ), #2129, .T. ) ;
#8003 = ORIENTED_EDGE ( 'NONE', *, *, #2532, .T. ) ;
#8004 = DIRECTION ( 'NONE',  ( -0.1218693434051425356, 0.9925461516413225382, 0.000000000000000000 ) ) ;
#8005 = LINE ( 'NONE', #1882, #2803 ) ;
#8006 = DIRECTION ( 'NONE',  ( 0.1427535950368092610, 0.9897582589218776317, 0.000000000000000000 ) ) ;
#8007 = CARTESIAN_POINT ( 'NONE',  ( -4.494608113321961085, 3.729999999999999982, 4.679999999999999716 ) ) ;
#8008 = CARTESIAN_POINT ( 'NONE',  ( -0.07971870264047217769, 1.140030560879458754, 1.570000000000000284 ) ) ;
#8009 = EDGE_CURVE ( 'NONE', #8283, #8238, #7060, .T. ) ;
#8010 = ORIENTED_EDGE ( 'NONE', *, *, #1239, .T. ) ;
#8011 = CARTESIAN_POINT ( 'NONE',  ( 9.250000000000001776, 3.229999999999999982, -2.259999999999998010 ) ) ;
#8012 = DIRECTION ( 'NONE',  ( 0.000000000000000000, 1.000000000000000000, 0.000000000000000000 ) ) ;
#8013 = CARTESIAN_POINT ( 'NONE',  ( 9.250000000000001776, 3.729999999999999982, -1.499999999999999556 ) ) ;
#8014 = ORIENTED_EDGE ( 'NONE', *, *, #2053, .T. ) ;
#8015 = DIRECTION ( 'NONE',  ( -0.000000000000000000, -0.000000000000000000, -1.000000000000000000 ) ) ;
#8016 = ORIENTED_EDGE ( 'NONE', *, *, #3028, .T. ) ;
#8017 = CARTESIAN_POINT ( 'NONE',  ( 8.349999999999999645, 0.4987820251299123764, 6.999999999999999112 ) ) ;
#8018 = EDGE_CURVE ( 'NONE', #3366, #588, #7939, .T. ) ;
#8019 = CARTESIAN_POINT ( 'NONE',  ( 0.3500000000000021982, 3.229999999999999982, -6.199999999999999289 ) ) ;
#8021 = CARTESIAN_POINT ( 'NONE',  ( -9.249999999999996447, 0.4987820251299122654, 4.110000000000000320 ) ) ;
#8020 = LINE ( 'NONE', #5850, #6508 ) ;
#8022 = EDGE_CURVE ( 'NONE', #3113, #8605, #2541, .T. ) ;
#8023 = ORIENTED_EDGE ( 'NONE', *, *, #5663, .T. ) ;
#8024 = ORIENTED_EDGE ( 'NONE', *, *, #5726, .T. ) ;
#8025 = SURFACE_SIDE_STYLE ('',( #5815 ) ) ;
#8026 = ORIENTED_EDGE ( 'NONE', *, *, #2048, .T. ) ;
#8027 = CARTESIAN_POINT ( 'NONE',  ( -9.249999999999996447, 0.4987820251299122654, 2.840000000000000302 ) ) ;
#8028 = EDGE_CURVE ( 'NONE', #8076, #120, #3899, .T. ) ;
#8029 = VECTOR ( 'NONE', #7524, 1000.000000000000000 ) ;
#8030 = DIRECTION ( 'NONE',  ( -0.000000000000000000, -0.000000000000000000, -1.000000000000000000 ) ) ;
#8031 = CARTESIAN_POINT ( 'NONE',  ( -6.742991448951236144, 0.8950308918860907514, 1.644999999999999796 ) ) ;
#8032 = DIRECTION ( 'NONE',  ( -0.1218693434051425356, 0.9925461516413225382, 0.000000000000000000 ) ) ;
#8033 = EDGE_LOOP ( 'NONE', ( #2946, #7814, #8890, #4070, #8003, #284 ) ) ;
#8034 = DIRECTION ( 'NONE',  ( 7.885106708985496922E-16, 0.000000000000000000, -1.000000000000000000 ) ) ;
#8035 = ORIENTED_EDGE ( 'NONE', *, *, #4038, .F. ) ;
#8036 = ORIENTED_EDGE ( 'NONE', *, *, #8694, .F. ) ;
#8037 = FACE_OUTER_BOUND ( 'NONE', #6111, .T. ) ;
#8038 = AXIS2_PLACEMENT_3D ( 'NONE', #6842, #4696, #8905 ) ;
#8039 = AXIS2_PLACEMENT_3D ( 'NONE', #7321, #4680, #7425 ) ;
#8040 = DIRECTION ( 'NONE',  ( 0.000000000000000000, 1.000000000000000000, 0.000000000000000000 ) ) ;
#8041 = PLANE ( 'NONE',  #1993 ) ;
#8042 = VECTOR ( 'NONE', #5884, 1000.000000000000000 ) ;
#8043 = DIRECTION ( 'NONE',  ( -0.000000000000000000, -0.000000000000000000, -1.000000000000000000 ) ) ;
#8044 = CARTESIAN_POINT ( 'NONE',  ( -5.729759561962193715, 0.6500000000000000222, 4.110000000000000320 ) ) ;
#8045 = ORIENTED_EDGE ( 'NONE', *, *, #7674, .F. ) ;
#8046 = LINE ( 'NONE', #8095, #2238 ) ;
#8047 = EDGE_LOOP ( 'NONE', ( #3867, #2339, #7484, #8510 ) ) ;
#8048 = PLANE ( 'NONE',  #3973 ) ;
#8049 = CARTESIAN_POINT ( 'NONE',  ( -2.399999999999999911, 3.229999999999999982, 6.200000000000000178 ) ) ;
#8050 = CARTESIAN_POINT ( 'NONE',  ( -6.742991448951236144, 0.8950308918860907514, -0.9699999999999999734 ) ) ;
#8051 = AXIS2_PLACEMENT_3D ( 'NONE', #8344, #8305, #6929 ) ;
#8052 = FILL_AREA_STYLE ('',( #7317 ) ) ;
#8053 = DIRECTION ( 'NONE',  ( -0.000000000000000000, -0.000000000000000000, -1.000000000000000000 ) ) ;
#8054 = EDGE_LOOP ( 'NONE', ( #4397, #2615, #1756, #2396 ) ) ;
#8055 = CARTESIAN_POINT ( 'NONE',  ( -4.494608113321961085, 3.729999999999999982, -7.000000000000000888 ) ) ;
#8056 = EDGE_LOOP ( 'NONE', ( #6335, #8919, #1065, #5958 ) ) ;
#8057 = ORIENTED_EDGE ( 'NONE', *, *, #4942, .F. ) ;
#8058 = CARTESIAN_POINT ( 'NONE',  ( 7.050000000000004263, 3.229999999999999982, 7.000000000000000888 ) ) ;
#8059 = CARTESIAN_POINT ( 'NONE',  ( -6.742991448951236144, 0.8950308918860907514, -2.165000000000000036 ) ) ;
#8060 = AXIS2_PLACEMENT_3D ( 'NONE', #2333, #7269, #7180 ) ;
#8061 = DIRECTION ( 'NONE',  ( 0.000000000000000000, -0.000000000000000000, 1.000000000000000000 ) ) ;
#8062 = PLANE ( 'NONE',  #4156 ) ;
#8063 = VERTEX_POINT ( 'NONE', #1718 ) ;
#8064 = CARTESIAN_POINT ( 'NONE',  ( 6.238607719548550534, 3.229999999999999982, -0.9999999999999995559 ) ) ;
#8065 = ADVANCED_FACE ( 'NONE', ( #8756 ), #6054, .F. ) ;
#8066 = EDGE_CURVE ( 'NONE', #1124, #2143, #2399, .T. ) ;
#8067 = VECTOR ( 'NONE', #1594, 1000.000000000000114 ) ;
#8068 = EDGE_CURVE ( 'NONE', #1903, #6807, #8808, .T. ) ;
#8069 = CARTESIAN_POINT ( 'NONE',  ( -5.729759561962193715, 1.149999999999999689, -0.8950000000000003508 ) ) ;
#8071 = DIRECTION ( 'NONE',  ( 1.000000000000000000, 0.000000000000000000, 0.000000000000000000 ) ) ;
#8070 = CARTESIAN_POINT ( 'NONE',  ( 6.988607719548553199, 3.729999999999999982, -1.499999999999999556 ) ) ;
#8072 = VECTOR ( 'NONE', #6060, 1000.000000000000000 ) ;
#8073 = ORIENTED_EDGE ( 'NONE', *, *, #2354, .T. ) ;
#8074 = VERTEX_POINT ( 'NONE', #1066 ) ;
#8075 = DIRECTION ( 'NONE',  ( 0.000000000000000000, 0.000000000000000000, 1.000000000000000000 ) ) ;
#8076 = VERTEX_POINT ( 'NONE', #4500 ) ;
#8077 = DIRECTION ( 'NONE',  ( -1.000000000000000000, -0.000000000000000000, 0.000000000000000000 ) ) ;
#8078 = ADVANCED_FACE ( 'NONE', ( #3846 ), #2590, .T. ) ;
#8079 = CARTESIAN_POINT ( 'NONE',  ( -2.399999999999999467, 3.229999999999999982, 5.750000000000000000 ) ) ;
#8080 = VECTOR ( 'NONE', #1233, 1000.000000000000114 ) ;
#8081 = LINE ( 'NONE', #4598, #8151 ) ;
#8082 = DIRECTION ( 'NONE',  ( -0.000000000000000000, 1.000000000000000000, 0.000000000000000000 ) ) ;
#8083 = EDGE_CURVE ( 'NONE', #4116, #8904, #293, .T. ) ;
#8084 = EDGE_LOOP ( 'NONE', ( #1617, #8453, #5627, #7378, #3709, #4987 ) ) ;
#8085 = DIRECTION ( 'NONE',  ( -1.000000000000000000, 0.000000000000000000, 0.000000000000000000 ) ) ;
#8086 = ORIENTED_EDGE ( 'NONE', *, *, #6237, .T. ) ;
#8087 = AXIS2_PLACEMENT_3D ( 'NONE', #1369, #4233, #7807 ) ;
#8088 = ORIENTED_EDGE ( 'NONE', *, *, #2481, .T. ) ;
#8089 = CARTESIAN_POINT ( 'NONE',  ( -6.742991448951236144, 0.8950308918860907514, 1.644999999999999796 ) ) ;
#8090 = DIRECTION ( 'NONE',  ( -0.000000000000000000, -0.000000000000000000, -1.000000000000000000 ) ) ;
#8091 = FACE_OUTER_BOUND ( 'NONE', #2372, .T. ) ;
#8092 = DIRECTION ( 'NONE',  ( 0.000000000000000000, 0.9961946980917461003, 0.08715574274765125473 ) ) ;
#8093 = EDGE_CURVE ( 'NONE', #5972, #3057, #971, .T. ) ;
#8094 = ORIENTED_EDGE ( 'NONE', *, *, #2641, .F. ) ;
#8095 = CARTESIAN_POINT ( 'NONE',  ( -6.309978747059014736, 0.6450308918860931939, 1.644999999999999796 ) ) ;
#8096 = VERTEX_POINT ( 'NONE', #8027 ) ;
#8097 = LINE ( 'NONE', #6773, #4446 ) ;
#8098 = CARTESIAN_POINT ( 'NONE',  ( -2.049999999999997602, 3.729999999999999982, 6.200000000000000178 ) ) ;
#8099 =( NAMED_UNIT ( * ) PLANE_ANGLE_UNIT ( ) SI_UNIT ( $, .RADIAN. ) );
#8100 = LINE ( 'NONE', #731, #6479 ) ;
#8101 = DIRECTION ( 'NONE',  ( -1.000000000000000000, -2.082697505432185440E-16, 0.000000000000000000 ) ) ;
#8102 = ORIENTED_EDGE ( 'NONE', *, *, #6007, .T. ) ;
#8103 = PLANE ( 'NONE',  #1952 ) ;
#8104 = ORIENTED_EDGE ( 'NONE', *, *, #2462, .F. ) ;
#8105 = ORIENTED_EDGE ( 'NONE', *, *, #4357, .T. ) ;
#8106 = CARTESIAN_POINT ( 'NONE',  ( -5.729759561962193715, 1.149999999999999689, 0.8950000000000000178 ) ) ;
#8107 = LINE ( 'NONE', #5890, #7788 ) ;
#8108 = VECTOR ( 'NONE', #7521, 999.9999999999998863 ) ;
#8109 = ORIENTED_EDGE ( 'NONE', *, *, #8066, .F. ) ;
#8110 = CARTESIAN_POINT ( 'NONE',  ( -9.249999999999996447, 0.4987820251299122654, 3.510000000000000231 ) ) ;
#8111 = VERTEX_POINT ( 'NONE', #6652 ) ;
#8112 = LINE ( 'NONE', #7236, #8343 ) ;
#8113 = CARTESIAN_POINT ( 'NONE',  ( -2.395102131247015462E-16, 1.150000000000001021, 4.110000000000000320 ) ) ;
#8114 = VECTOR ( 'NONE', #7652, 1000.000000000000000 ) ;
#8116 = CARTESIAN_POINT ( 'NONE',  ( 8.990000000000001990, 3.229999999999999982, 2.000000000000000000 ) ) ;
#8115 = CARTESIAN_POINT ( 'NONE',  ( 6.150000000000001243, 3.729999999999999982, -3.899999999999999467 ) ) ;
#8117 = EDGE_CURVE ( 'NONE', #3445, #6602, #4646, .T. ) ;
#8118 = EDGE_CURVE ( 'NONE', #5750, #800, #7440, .T. ) ;
#8119 = ORIENTED_EDGE ( 'NONE', *, *, #6000, .T. ) ;
#8120 = VECTOR ( 'NONE', #7434, 1000.000000000000000 ) ;
#8121 = ORIENTED_EDGE ( 'NONE', *, *, #5604, .F. ) ;
#8122 = DIRECTION ( 'NONE',  ( 0.000000000000000000, -0.000000000000000000, 1.000000000000000000 ) ) ;
#8123 = ORIENTED_EDGE ( 'NONE', *, *, #3327, .T. ) ;
#8124 = CARTESIAN_POINT ( 'NONE',  ( -4.294608113321960907, 1.649999999999999911, -5.374974746830583072 ) ) ;
#8125 = AXIS2_PLACEMENT_3D ( 'NONE', #5473, #5286, #1869 ) ;
#8126 = DIRECTION ( 'NONE',  ( 0.9975640502598243087, 0.06975647374412492774, 0.000000000000000000 ) ) ;
#8127 = VECTOR ( 'NONE', #7465, 1000.000000000000114 ) ;
#8128 = CARTESIAN_POINT ( 'NONE',  ( -6.309978747059014736, 0.6450308918860931939, 4.184999999999999609 ) ) ;
#8129 = PLANE ( 'NONE',  #1206 ) ;
#8130 = EDGE_CURVE ( 'NONE', #2894, #7936, #1014, .T. ) ;
#8131 = VERTEX_POINT ( 'NONE', #8124 ) ;
#8132 = CARTESIAN_POINT ( 'NONE',  ( 2.650000000000002132, 3.229999999999999982, -5.799999999999999822 ) ) ;
#8133 = VERTEX_POINT ( 'NONE', #3166 ) ;
#8134 = ORIENTED_EDGE ( 'NONE', *, *, #7704, .F. ) ;
#8135 = SURFACE_SIDE_STYLE ('',( #1276 ) ) ;
#8136 = VECTOR ( 'NONE', #3042, 1000.000000000000000 ) ;
#8137 = B_SPLINE_CURVE_WITH_KNOTS ( 'NONE', 3,
 ( #6265, #1327, #6170, #690 ),
 .UNSPECIFIED., .F., .F.,
 ( 4, 4 ),
 ( 0.1193825178090031219, 1.000000000000000000 ),
 .UNSPECIFIED. ) ;
#8138 = EDGE_CURVE ( 'NONE', #8228, #6605, #5954, .T. ) ;
#8139 = CARTESIAN_POINT ( 'NONE',  ( 9.250000000000001776, 2.817155742747651459, -5.346194698091745856 ) ) ;
#8140 = CARTESIAN_POINT ( 'NONE',  ( -0.07971870264047217769, 1.140030560879458754, -3.510000000000000231 ) ) ;
#8141 = DIRECTION ( 'NONE',  ( 0.000000000000000000, -1.000000000000000000, 0.000000000000000000 ) ) ;
#8142 = ORIENTED_EDGE ( 'NONE', *, *, #8731, .T. ) ;
#8143 = DIRECTION ( 'NONE',  ( -0.4999999999999965583, -0.8660254037844405950, 0.000000000000000000 ) ) ;
#8144 = VERTEX_POINT ( 'NONE', #1859 ) ;
#8145 = EDGE_CURVE ( 'NONE', #8096, #5281, #1167, .T. ) ;
#8146 = CARTESIAN_POINT ( 'NONE',  ( -4.688607719548555153, 1.149999999999999911, -2.839999999999999858 ) ) ;
#8147 = DIRECTION ( 'NONE',  ( -0.000000000000000000, -0.000000000000000000, -1.000000000000000000 ) ) ;
#8148 = CARTESIAN_POINT ( 'NONE',  ( -2.199999999999998845, 0.000000000000000000, 1.250000000000000888 ) ) ;
#8149 = EDGE_CURVE ( 'NONE', #988, #6857, #3754, .T. ) ;
#8150 =( NAMED_UNIT ( * ) SI_UNIT ( $, .STERADIAN. ) SOLID_ANGLE_UNIT ( ) );
#8151 = VECTOR ( 'NONE', #578, 1000.000000000000000 ) ;
#8152 = VECTOR ( 'NONE', #3000, 1000.000000000000000 ) ;
#8153 = DIRECTION ( 'NONE',  ( 0.000000000000000000, 0.000000000000000000, 1.000000000000000000 ) ) ;
#8154 = ORIENTED_EDGE ( 'NONE', *, *, #98, .T. ) ;
#8155 = LINE ( 'NONE', #2520, #8810 ) ;
#8156 = ORIENTED_EDGE ( 'NONE', *, *, #2486, .F. ) ;
#8157 = EDGE_LOOP ( 'NONE', ( #6730, #8471, #511, #8445 ) ) ;
#8158 = LINE ( 'NONE', #3882, #6139 ) ;
#8159 = DIRECTION ( 'NONE',  ( 0.000000000000000000, 1.000000000000000000, 0.000000000000000000 ) ) ;
#8160 = CARTESIAN_POINT ( 'NONE',  ( 0.000000000000000000, 1.649999999999999911, -0.9699999999999999734 ) ) ;
#8161 = VECTOR ( 'NONE', #7170, 1000.000000000000000 ) ;
#8162 = CARTESIAN_POINT ( 'NONE',  ( -6.162772263854414234, 0.8999999999999971356, -0.8950000000000003508 ) ) ;
#8163 = ORIENTED_EDGE ( 'NONE', *, *, #4850, .T. ) ;
#8164 = LINE ( 'NONE', #4079, #6567 ) ;
#8165 = DIRECTION ( 'NONE',  ( -0.000000000000000000, -0.000000000000000000, -1.000000000000000000 ) ) ;
#8167 = PLANE ( 'NONE',  #2725 ) ;
#8166 = DIRECTION ( 'NONE',  ( 0.000000000000000000, -1.000000000000000000, 0.000000000000000000 ) ) ;
#8168 = ORIENTED_EDGE ( 'NONE', *, *, #4431, .T. ) ;
#8169 = ORIENTED_EDGE ( 'NONE', *, *, #3211, .T. ) ;
#8170 = CARTESIAN_POINT ( 'NONE',  ( -7.176004150843455776, 1.145030891886088309, -2.839999999999999858 ) ) ;
#8171 = ORIENTED_EDGE ( 'NONE', *, *, #7574, .T. ) ;
#8172 = CARTESIAN_POINT ( 'NONE',  ( -9.170281297359524686, -0.6412485357495423255, 3.510000000000000231 ) ) ;
#8173 = EDGE_CURVE ( 'NONE', #4813, #8804, #484, .T. ) ;
#8174 = DIRECTION ( 'NONE',  ( -0.000000000000000000, 0.000000000000000000, 1.000000000000000000 ) ) ;
#8175 = PLANE ( 'NONE',  #5079 ) ;
#8176 = FACE_OUTER_BOUND ( 'NONE', #6576, .T. ) ;
#8177 = VERTEX_POINT ( 'NONE', #5227 ) ;
#8178 = DIRECTION ( 'NONE',  ( 0.06975647374412444202, -0.9975640502598243087, 0.000000000000000000 ) ) ;
#8179 = VERTEX_POINT ( 'NONE', #5273 ) ;
#8180 = CARTESIAN_POINT ( 'NONE',  ( -6.309978747059014736, 0.6450308918860931939, 2.915000000000000036 ) ) ;
#8181 = EDGE_CURVE ( 'NONE', #4674, #800, #6290, .T. ) ;
#8182 = ADVANCED_FACE ( 'NONE', ( #8221 ), #531, .F. ) ;
#8183 = LINE ( 'NONE', #6114, #6032 ) ;
#8184 = PLANE ( 'NONE',  #5367 ) ;
#8185 = CARTESIAN_POINT ( 'NONE',  ( -5.729759561962193715, 1.149999999999999689, 4.184999999999999609 ) ) ;
#8186 = ORIENTED_EDGE ( 'NONE', *, *, #6513, .T. ) ;
#8187 = AXIS2_PLACEMENT_3D ( 'NONE', #8951, #4873, #7665 ) ;
#8188 = CARTESIAN_POINT ( 'NONE',  ( -6.162772263854414234, 0.8999999999999971356, -2.915000000000000036 ) ) ;
#8189 = EDGE_CURVE ( 'NONE', #2362, #2108, #3496, .T. ) ;
#8190 = ORIENTED_EDGE ( 'NONE', *, *, #6552, .F. ) ;
#8191 = CARTESIAN_POINT ( 'NONE',  ( -6.742991448951236144, 0.8950308918860907514, 0.3749999999999994449 ) ) ;
#8192 = LINE ( 'NONE', #3281, #7629 ) ;
#8193 = DIRECTION ( 'NONE',  ( 0.000000000000000000, 0.000000000000000000, 1.000000000000000000 ) ) ;
#8194 = EDGE_CURVE ( 'NONE', #2176, #3012, #4089, .T. ) ;
#8195 = AXIS2_PLACEMENT_3D ( 'NONE', #6235, #2761, #5541 ) ;
#8196 = CARTESIAN_POINT ( 'NONE',  ( -4.446405408881311416, 1.650000000000000799, -5.223177451271237892 ) ) ;
#8197 = DIRECTION ( 'NONE',  ( -0.000000000000000000, -0.000000000000000000, -1.000000000000000000 ) ) ;
#8198 = VERTEX_POINT ( 'NONE', #4745 ) ;
#8199 = FACE_OUTER_BOUND ( 'NONE', #4288, .T. ) ;
#8200 = EDGE_CURVE ( 'NONE', #4616, #4751, #7573, .T. ) ;
#8201 = ORIENTED_EDGE ( 'NONE', *, *, #1217, .T. ) ;
#8202 = ORIENTED_EDGE ( 'NONE', *, *, #6923, .F. ) ;
#8203 = ORIENTED_EDGE ( 'NONE', *, *, #8118, .T. ) ;
#8204 = DIRECTION ( 'NONE',  ( -1.000000000000000000, 0.000000000000000000, 0.000000000000000000 ) ) ;
#8205 = VECTOR ( 'NONE', #5905, 1000.000000000000000 ) ;
#8206 = DIRECTION ( 'NONE',  ( 0.000000000000000000, 1.000000000000000000, 0.000000000000000000 ) ) ;
#8207 = LINE ( 'NONE', #7377, #8408 ) ;
#8208 = ORIENTED_EDGE ( 'NONE', *, *, #4492, .F. ) ;
#8209 = CARTESIAN_POINT ( 'NONE',  ( 5.050000000000002487, 3.229999999999999982, -6.200000000000000178 ) ) ;
#8210 = PRODUCT_DEFINITION_SHAPE ( 'NONE', 'NONE',  #5723 ) ;
#8211 = DIRECTION ( 'NONE',  ( 0.000000000000000000, 1.000000000000000000, 0.000000000000000000 ) ) ;
#8212 = VECTOR ( 'NONE', #283, 1000.000000000000000 ) ;
#8214 = DIRECTION ( 'NONE',  ( 0.7071067811865440200, 0.000000000000000000, 0.7071067811865511255 ) ) ;
#8213 = DIRECTION ( 'NONE',  ( -1.000000000000000000, 0.000000000000000000, 0.000000000000000000 ) ) ;
#8215 = EDGE_CURVE ( 'NONE', #572, #8255, #8314, .T. ) ;
#8216 = VECTOR ( 'NONE', #7825, 1000.000000000000000 ) ;
#8217 = CLOSED_SHELL ( 'NONE', ( #2661, #5812, #3704, #857, #796, #5760, #4877, #3486, #2305, #2043, #2600, #6891, #424, #5511, #2146, #1880, #6360, #1377, #6632, #7141, #3936, #3034 ) ) ;
#8218 = VERTEX_POINT ( 'NONE', #1307 ) ;
#8219 = ORIENTED_EDGE ( 'NONE', *, *, #3029, .F. ) ;
#8220 = ORIENTED_EDGE ( 'NONE', *, *, #8916, .F. ) ;
#8221 = FACE_OUTER_BOUND ( 'NONE', #1447, .T. ) ;
#8222 = AXIS2_PLACEMENT_3D ( 'NONE', #550, #1968, #6118 ) ;
#8223 = AXIS2_PLACEMENT_3D ( 'NONE', #1762, #8621, #5736 ) ;
#8224 = CARTESIAN_POINT ( 'NONE',  ( 6.988607719548549646, 3.229999999999999982, -1.499999999999999778 ) ) ;
#8225 = DIRECTION ( 'NONE',  ( -3.614007241618347785E-16, 0.000000000000000000, -1.000000000000000000 ) ) ;
#8227 = VECTOR ( 'NONE', #7206, 1000.000000000000000 ) ;
#8226 = DIRECTION ( 'NONE',  ( -0.4999999999999965583, -0.8660254037844405950, 0.000000000000000000 ) ) ;
#8228 = VERTEX_POINT ( 'NONE', #1218 ) ;
#8229 = EDGE_LOOP ( 'NONE', ( #4263, #8514, #110, #5356 ) ) ;
#8230 = PLANE ( 'NONE',  #525 ) ;
#8231 = AXIS2_PLACEMENT_3D ( 'NONE', #1779, #5243, #1649 ) ;
#8232 = CARTESIAN_POINT ( 'NONE',  ( 8.349999999999997868, 0.5710797198524953933, -5.966094796642694043 ) ) ;
#8233 = CARTESIAN_POINT ( 'NONE',  ( 0.3500000000000021982, 3.729999999999999982, -5.799999999999999822 ) ) ;
#8234 = DIRECTION ( 'NONE',  ( 0.000000000000000000, -0.9925461516413227603, 0.1218693434051409813 ) ) ;
#8235 = VECTOR ( 'NONE', #5931, 1000.000000000000000 ) ;
#8236 = ORIENTED_EDGE ( 'NONE', *, *, #8509, .F. ) ;
#8237 = DIRECTION ( 'NONE',  ( 1.000000000000000000, 0.000000000000000000, 0.000000000000000000 ) ) ;
#8238 = VERTEX_POINT ( 'NONE', #5466 ) ;
#8239 = EDGE_CURVE ( 'NONE', #7063, #8896, #9043, .T. ) ;
#8240 = EDGE_CURVE ( 'NONE', #5650, #605, #4136, .T. ) ;
#8241 = PLANE ( 'NONE',  #8406 ) ;
#8242 = CARTESIAN_POINT ( 'NONE',  ( 5.050000000000002487, 3.729999999999999982, 6.200000000000000178 ) ) ;
#8243 = SURFACE_STYLE_USAGE ( .BOTH. , #2747 ) ;
#8244 = VECTOR ( 'NONE', #4671, 1000.000000000000000 ) ;
#8245 = CARTESIAN_POINT ( 'NONE',  ( 6.950544505668657891, 2.419999999999999929, 3.899999999999999911 ) ) ;
#8246 = EDGE_LOOP ( 'NONE', ( #259, #65, #7763, #5369, #130, #1553 ) ) ;
#8247 = CARTESIAN_POINT ( 'NONE',  ( -7.176004150843455776, 1.145030891886088309, 1.570000000000000284 ) ) ;
#8248 = EDGE_CURVE ( 'NONE', #4869, #269, #668, .T. ) ;
#8249 = VERTEX_POINT ( 'NONE', #8352 ) ;
#8250 = ORIENTED_EDGE ( 'NONE', *, *, #6291, .F. ) ;
#8251 = VERTEX_POINT ( 'NONE', #6104 ) ;
#8252 = DIRECTION ( 'NONE',  ( -0.000000000000000000, -0.000000000000000000, -1.000000000000000000 ) ) ;
#8253 = DIRECTION ( 'NONE',  ( -0.7071067811865474617, -0.000000000000000000, -0.7071067811865474617 ) ) ;
#8254 = DIRECTION ( 'NONE',  ( -0.000000000000000000, -0.000000000000000000, -1.000000000000000000 ) ) ;
#8255 = VERTEX_POINT ( 'NONE', #1264 ) ;
#8256 = PLANE ( 'NONE',  #8195 ) ;
#8257 = ADVANCED_FACE ( 'NONE', ( #4180 ), #2088, .T. ) ;
#8258 = DIRECTION ( 'NONE',  ( 0.000000000000000000, 0.000000000000000000, -1.000000000000000000 ) ) ;
#8259 = CARTESIAN_POINT ( 'NONE',  ( -2.395102131247015462E-16, 1.150000000000001021, 2.840000000000000302 ) ) ;
#8260 = EDGE_LOOP ( 'NONE', ( #639, #8836, #4452, #696 ) ) ;
#8261 = VERTEX_POINT ( 'NONE', #575 ) ;
#8262 = ORIENTED_EDGE ( 'NONE', *, *, #5853, .T. ) ;
#8263 = EDGE_CURVE ( 'NONE', #4119, #5709, #589, .T. ) ;
#8264 = DIRECTION ( 'NONE',  ( 0.000000000000000000, 1.000000000000000000, 0.000000000000000000 ) ) ;
#8265 = EDGE_CURVE ( 'NONE', #7348, #688, #1904, .T. ) ;
#8267 = PLANE ( 'NONE',  #2426 ) ;
#8266 = FACE_OUTER_BOUND ( 'NONE', #1173, .T. ) ;
#8268 = DIRECTION ( 'NONE',  ( 1.000000000000000000, 0.000000000000000000, -0.000000000000000000 ) ) ;
#8269 = LINE ( 'NONE', #2002, #6760 ) ;
#8270 = VECTOR ( 'NONE', #3615, 1000.000000000000000 ) ;
#8271 = VERTEX_POINT ( 'NONE', #6983 ) ;
#8272 = EDGE_LOOP ( 'NONE', ( #1855, #3355, #4583, #4337, #2099, #6895, #2549, #6043 ) ) ;
#8273 = PLANE ( 'NONE',  #7389 ) ;
#8274 = PRESENTATION_LAYER_ASSIGNMENT (  '', '', ( #8414 ) ) ;
#8275 = VECTOR ( 'NONE', #2971, 1000.000000000000000 ) ;
#8276 = DIRECTION ( 'NONE',  ( 1.000000000000000000, 0.000000000000000000, 0.000000000000000000 ) ) ;
#8277 = DIRECTION ( 'NONE',  ( 1.000000000000000000, 0.000000000000000000, -0.000000000000000000 ) ) ;
#8278 = FACE_OUTER_BOUND ( 'NONE', #1365, .T. ) ;
#8279 = ORIENTED_EDGE ( 'NONE', *, *, #3701, .T. ) ;
#8280 = CARTESIAN_POINT ( 'NONE',  ( -5.729759561962193715, 1.649999999999999911, 0.8950000000000000178 ) ) ;
#8281 = ORIENTED_EDGE ( 'NONE', *, *, #8028, .T. ) ;
#8282 = AXIS2_PLACEMENT_3D ( 'NONE', #8008, #2337, #3189 ) ;
#8283 = VERTEX_POINT ( 'NONE', #715 ) ;
#8284 = DIRECTION ( 'NONE',  ( 1.000000000000000000, 0.000000000000000000, -0.000000000000000000 ) ) ;
#8286 = CARTESIAN_POINT ( 'NONE',  ( 0.3500000000000021982, 3.229999999999999982, 5.799999999999999822 ) ) ;
#8285 = VECTOR ( 'NONE', #3708, 1000.000000000000000 ) ;
#8287 = FACE_OUTER_BOUND ( 'NONE', #2160, .T. ) ;
#8288 = FACE_OUTER_BOUND ( 'NONE', #5951, .T. ) ;
#8289 = EDGE_CURVE ( 'NONE', #676, #7670, #15, .T. ) ;
#8290 = CARTESIAN_POINT ( 'NONE',  ( -2.849999999999997424, 3.229999999999999982, -6.199999999999999289 ) ) ;
#8291 = EDGE_CURVE ( 'NONE', #4430, #8296, #6886, .T. ) ;
#8292 = ORIENTED_EDGE ( 'NONE', *, *, #2704, .F. ) ;
#8293 = CARTESIAN_POINT ( 'NONE',  ( 6.238607719548550534, 3.729999999999999982, 1.500000000000000000 ) ) ;
#8294 = ORIENTED_EDGE ( 'NONE', *, *, #4796, .F. ) ;
#8295 = ORIENTED_EDGE ( 'NONE', *, *, #7861, .T. ) ;
#8296 = VERTEX_POINT ( 'NONE', #5373 ) ;
#8297 = FACE_OUTER_BOUND ( 'NONE', #8524, .T. ) ;
#8298 = CARTESIAN_POINT ( 'NONE',  ( 0.3500000000000021982, 3.729999999999999982, 5.799999999999999822 ) ) ;
#8299 = DIRECTION ( 'NONE',  ( -0.4999999999999974465, -0.8660254037844400399, -0.000000000000000000 ) ) ;
#8300 = ORIENTED_EDGE ( 'NONE', *, *, #420, .F. ) ;
#8301 = FACE_OUTER_BOUND ( 'NONE', #1461, .T. ) ;
#8302 = AXIS2_PLACEMENT_3D ( 'NONE', #5781, #1069, #5956 ) ;
#8303 = VECTOR ( 'NONE', #2283, 1000.000000000000000 ) ;
#8304 = EDGE_CURVE ( 'NONE', #5813, #6649, #5104, .T. ) ;
#8305 = DIRECTION ( 'NONE',  ( -0.000000000000000000, 0.000000000000000000, 1.000000000000000000 ) ) ;
#8306 = EDGE_CURVE ( 'NONE', #1901, #4132, #619, .T. ) ;
#8307 = CARTESIAN_POINT ( 'NONE',  ( -5.729759561962193715, 1.149999999999999689, 0.3749999999999994449 ) ) ;
#8308 = VECTOR ( 'NONE', #8040, 1000.000000000000000 ) ;
#8309 = ADVANCED_FACE ( 'NONE', ( #2724 ), #2177, .F. ) ;
#8310 = EDGE_LOOP ( 'NONE', ( #8073, #3538, #1355, #3843 ) ) ;
#8311 = ORIENTED_EDGE ( 'NONE', *, *, #8939, .F. ) ;
#8312 = DIRECTION ( 'NONE',  ( 1.000000000000000000, -0.000000000000000000, -5.595882180570346166E-16 ) ) ;
#8313 = EDGE_LOOP ( 'NONE', ( #7779, #5878, #8995, #615 ) ) ;
#8314 = LINE ( 'NONE', #7617, #7156 ) ;
#8316 = DIRECTION ( 'NONE',  ( 0.000000000000000000, 0.000000000000000000, 1.000000000000000000 ) ) ;
#8315 = DIRECTION ( 'NONE',  ( 0.7071067811865499042, -0.000000000000000000, -0.7071067811865451302 ) ) ;
#8317 = PRODUCT_DEFINITION ( 'UNKNOWN', '', #3947, #7681 ) ;
#8318 = DIRECTION ( 'NONE',  ( 0.000000000000000000, 0.000000000000000000, 1.000000000000000000 ) ) ;
#8319 = DIRECTION ( 'NONE',  ( -0.000000000000000000, -0.000000000000000000, -1.000000000000000000 ) ) ;
#8320 = ORIENTED_EDGE ( 'NONE', *, *, #2987, .T. ) ;
#8321 = ADVANCED_FACE ( 'NONE', ( #104 ), #4953, .F. ) ;
#8322 = EDGE_LOOP ( 'NONE', ( #77, #7139, #8616, #2662 ) ) ;
#8323 = LINE ( 'NONE', #1413, #2241 ) ;
#8324 = DIRECTION ( 'NONE',  ( 1.000000000000000000, 0.000000000000000000, 0.000000000000000000 ) ) ;
#8325 = FACE_OUTER_BOUND ( 'NONE', #4109, .T. ) ;
#8326 = ORIENTED_EDGE ( 'NONE', *, *, #8402, .F. ) ;
#8327 = CARTESIAN_POINT ( 'NONE',  ( 0.000000000000000000, 0.000000000000000000, 3.510000000000000231 ) ) ;
#8328 = ORIENTED_EDGE ( 'NONE', *, *, #6468, .T. ) ;
#8329 = DIRECTION ( 'NONE',  ( 1.000000000000000000, 0.000000000000000000, 0.000000000000000000 ) ) ;
#8330 = CARTESIAN_POINT ( 'NONE',  ( -6.309978747059014736, 0.6450308918860931939, 2.840000000000000302 ) ) ;
#8331 = CARTESIAN_POINT ( 'NONE',  ( 8.349999999999999645, 5.552768749087643836E-17, -6.965121763127935850 ) ) ;
#8332 = VECTOR ( 'NONE', #8857, 1000.000000000000000 ) ;
#8333 = CARTESIAN_POINT ( 'NONE',  ( 0.3432353040528238752, 1.760654415150489336E-16, -6.603405868283640956 ) ) ;
#8334 = ORIENTED_EDGE ( 'NONE', *, *, #5105, .T. ) ;
#8335 = CARTESIAN_POINT ( 'NONE',  ( -7.106247677099330140, 0.1474668416262637505, -3.510000000000000231 ) ) ;
#8336 = VERTEX_POINT ( 'NONE', #1578 ) ;
#8337 = VERTEX_POINT ( 'NONE', #2977 ) ;
#8338 = ORIENTED_EDGE ( 'NONE', *, *, #760, .F. ) ;
#8339 = PLANE ( 'NONE',  #3406 ) ;
#8340 = DIRECTION ( 'NONE',  ( -0.9975640502598243087, -0.06975647374412489998, 0.000000000000000000 ) ) ;
#8341 = EDGE_LOOP ( 'NONE', ( #6197, #1663, #5244, #9015 ) ) ;
#8342 = DIRECTION ( 'NONE',  ( 0.000000000000000000, 1.000000000000000000, 0.000000000000000000 ) ) ;
#8343 = VECTOR ( 'NONE', #7432, 1000.000000000000000 ) ;
#8344 = CARTESIAN_POINT ( 'NONE',  ( 0.000000000000000000, 0.000000000000000000, -0.9699999999999999734 ) ) ;
#8345 = CARTESIAN_POINT ( 'NONE',  ( 0.000000000000000000, 0.000000000000000000, 2.840000000000000302 ) ) ;
#8346 = VECTOR ( 'NONE', #2930, 1000.000000000000114 ) ;
#8347 = EDGE_CURVE ( 'NONE', #8074, #6602, #5766, .T. ) ;
#8348 = ORIENTED_EDGE ( 'NONE', *, *, #1389, .T. ) ;
#8349 = VERTEX_POINT ( 'NONE', #6379 ) ;
#8350 = DIRECTION ( 'NONE',  ( -0.1218693434051442426, 0.9925461516413223162, 0.000000000000000000 ) ) ;
#8351 = ORIENTED_EDGE ( 'NONE', *, *, #1421, .F. ) ;
#8352 = CARTESIAN_POINT ( 'NONE',  ( -5.729759561962193715, 1.649999999999999911, 2.840000000000000302 ) ) ;
#8353 = EDGE_CURVE ( 'NONE', #6649, #5605, #191, .T. ) ;
#8354 = ADVANCED_FACE ( 'NONE', ( #1448 ), #3614, .T. ) ;
#8355 = VECTOR ( 'NONE', #2715, 1000.000000000000000 ) ;
#8357 = CARTESIAN_POINT ( 'NONE',  ( -1.298188117465176816, -2.248527777231911884, -1.569999999999999840 ) ) ;
#8356 = CARTESIAN_POINT ( 'NONE',  ( -5.729759561962193715, 1.149999999999999689, 0.2999999999999999334 ) ) ;
#8358 = DIRECTION ( 'NONE',  ( -1.000000000000000000, 0.000000000000000000, 0.000000000000000000 ) ) ;
#8359 = ORIENTED_EDGE ( 'NONE', *, *, #1969, .T. ) ;
#8360 = AXIS2_PLACEMENT_3D ( 'NONE', #8588, #6481, #205 ) ;
#8361 = EDGE_CURVE ( 'NONE', #413, #5082, #2939, .T. ) ;
#8362 = ORIENTED_EDGE ( 'NONE', *, *, #794, .T. ) ;
#8363 = CARTESIAN_POINT ( 'NONE',  ( -4.242685036398884613, 2.010000000000000231, 5.680000000000001492 ) ) ;
#8364 = AXIS2_PLACEMENT_3D ( 'NONE', #7365, #1088, #3872 ) ;
#8365 = LINE ( 'NONE', #4190, #4739 ) ;
#8366 = ADVANCED_FACE ( 'NONE', ( #2811 ), #837, .F. ) ;
#8367 = CARTESIAN_POINT ( 'NONE',  ( -7.176004150843455776, 1.145030891886088309, -2.239999999999999769 ) ) ;
#8368 = DIRECTION ( 'NONE',  ( 0.000000000000000000, 0.000000000000000000, 1.000000000000000000 ) ) ;
#8369 = ORIENTED_EDGE ( 'NONE', *, *, #85, .F. ) ;
#8370 = DIRECTION ( 'NONE',  ( 1.000000000000000000, 0.000000000000000000, -0.000000000000000000 ) ) ;
#8371 = AXIS2_PLACEMENT_3D ( 'NONE', #7093, #7824, #1566 ) ;
#8372 = ORIENTED_EDGE ( 'NONE', *, *, #3787, .F. ) ;
#8373 = VECTOR ( 'NONE', #8786, 1000.000000000000000 ) ;
#8374 = CARTESIAN_POINT ( 'NONE',  ( -4.479866786035785253, -0.5500584762268876382, 1.570000000000000284 ) ) ;
#8375 = DIRECTION ( 'NONE',  ( -0.000000000000000000, 0.000000000000000000, 1.000000000000000000 ) ) ;
#8376 = ADVANCED_FACE ( 'NONE', ( #2262 ), #3571, .F. ) ;
#8377 = EDGE_CURVE ( 'NONE', #8337, #232, #5724, .T. ) ;
#8378 = DIRECTION ( 'NONE',  ( -0.000000000000000000, -0.000000000000000000, -1.000000000000000000 ) ) ;
#8379 = DIRECTION ( 'NONE',  ( -0.000000000000000000, -0.000000000000000000, -1.000000000000000000 ) ) ;
#8380 = CARTESIAN_POINT ( 'NONE',  ( -6.595784965746635642, 1.149999999999994138, 0.8950000000000000178 ) ) ;
#8381 = VECTOR ( 'NONE', #6321, 1000.000000000000000 ) ;
#8382 = VECTOR ( 'NONE', #3430, 1000.000000000000000 ) ;
#8383 = ORIENTED_EDGE ( 'NONE', *, *, #584, .F. ) ;
#8384 = CARTESIAN_POINT ( 'NONE',  ( 9.250000000000001776, 3.729999999999999982, 2.259999999999998010 ) ) ;
#8385 = VERTEX_POINT ( 'NONE', #3529 ) ;
#8386 = ORIENTED_EDGE ( 'NONE', *, *, #7450, .F. ) ;
#8387 = LINE ( 'NONE', #6971, #669 ) ;
#8388 = VECTOR ( 'NONE', #6390, 1000.000000000000000 ) ;
#8389 = CARTESIAN_POINT ( 'NONE',  ( -5.729759561962193715, 1.149999999999999689, 1.644999999999999796 ) ) ;
#8390 = ORIENTED_EDGE ( 'NONE', *, *, #1922, .T. ) ;
#8391 = DIRECTION ( 'NONE',  ( 0.000000000000000000, 1.000000000000000000, 0.000000000000000000 ) ) ;
#8392 = LINE ( 'NONE', #2254, #2480 ) ;
#8393 = DIRECTION ( 'NONE',  ( -0.000000000000000000, 1.000000000000000000, -0.000000000000000000 ) ) ;
#8394 = ORIENTED_EDGE ( 'NONE', *, *, #98, .F. ) ;
#8395 = CARTESIAN_POINT ( 'NONE',  ( -2.849999999999998312, 3.229999999999999982, 1.481822626968297304E-15 ) ) ;
#8396 = VERTEX_POINT ( 'NONE', #8525 ) ;
#8397 = DIRECTION ( 'NONE',  ( 0.9975640502598243087, 0.06975647374412489998, 0.000000000000000000 ) ) ;
#8399 = CARTESIAN_POINT ( 'NONE',  ( -6.742991448951236144, 0.8950308918860907514, 2.240000000000000657 ) ) ;
#8398 = LINE ( 'NONE', #3448, #3859 ) ;
#8400 = ADVANCED_FACE ( 'NONE', ( #7880 ), #2136, .T. ) ;
#8401 = PLANE ( 'NONE',  #4864 ) ;
#8402 = EDGE_CURVE ( 'NONE', #6129, #3967, #5041, .T. ) ;
#8403 = ORIENTED_EDGE ( 'NONE', *, *, #5716, .T. ) ;
#8404 = ORIENTED_EDGE ( 'NONE', *, *, #6268, .T. ) ;
#8405 = ORIENTED_EDGE ( 'NONE', *, *, #2962, .T. ) ;
#8406 = AXIS2_PLACEMENT_3D ( 'NONE', #729, #2017, #8284 ) ;
#8407 = DIRECTION ( 'NONE',  ( -0.000000000000000000, -0.000000000000000000, -1.000000000000000000 ) ) ;
#8408 = VECTOR ( 'NONE', #5405, 1000.000000000000000 ) ;
#8409 = ADVANCED_FACE ( 'NONE', ( #7192 ), #7020, .T. ) ;
#8410 = PLANE ( 'NONE',  #7568 ) ;
#8411 = CARTESIAN_POINT ( 'NONE',  ( 0.3500000000000021982, 3.229999999999999982, 6.199999999999999289 ) ) ;
#8412 = ORIENTED_EDGE ( 'NONE', *, *, #2346, .T. ) ;
#8413 = LINE ( 'NONE', #4927, #7330 ) ;
#8414 = STYLED_ITEM ( 'NONE', ( #71 ), #1265 ) ;
#8415 = ORIENTED_EDGE ( 'NONE', *, *, #4765, .F. ) ;
#8416 = EDGE_CURVE ( 'NONE', #1807, #8255, #3702, .T. ) ;
#8417 = AXIS2_PLACEMENT_3D ( 'NONE', #1404, #2137, #5601 ) ;
#8418 = CARTESIAN_POINT ( 'NONE',  ( 6.238607719548550534, 3.229999999999999982, -0.9999999999999995559 ) ) ;
#8419 = DIRECTION ( 'NONE',  ( -1.000000000000000000, -0.000000000000000000, 7.885106708985496922E-16 ) ) ;
#8420 = DIRECTION ( 'NONE',  ( -0.000000000000000000, -1.000000000000000000, -0.000000000000000000 ) ) ;
#8421 = CARTESIAN_POINT ( 'NONE',  ( -6.742991448951236144, 0.8950308918860907514, 1.644999999999999796 ) ) ;
#8422 = CARTESIAN_POINT ( 'NONE',  ( 2.650000000000002132, 3.229999999999999982, -6.200000000000000178 ) ) ;
#8423 = VECTOR ( 'NONE', #4737, 1000.000000000000000 ) ;
#8424 = VERTEX_POINT ( 'NONE', #1486 ) ;
#8425 = FACE_OUTER_BOUND ( 'NONE', #5113, .T. ) ;
#8426 = EDGE_LOOP ( 'NONE', ( #2478, #7174, #6849, #2550 ) ) ;
#8427 = VECTOR ( 'NONE', #6269, 1000.000000000000000 ) ;
#8428 = VERTEX_POINT ( 'NONE', #7796 ) ;
#8429 = EDGE_CURVE ( 'NONE', #4408, #6690, #7837, .T. ) ;
#8430 = LINE ( 'NONE', #6873, #4164 ) ;
#8431 = CARTESIAN_POINT ( 'NONE',  ( 5.050000000000002487, 3.229999999999999982, 6.200000000000000178 ) ) ;
#8432 = ORIENTED_EDGE ( 'NONE', *, *, #945, .F. ) ;
#8433 = DIRECTION ( 'NONE',  ( -0.9975640502598243087, -0.06975647374412492774, 0.000000000000000000 ) ) ;
#8434 = AXIS2_PLACEMENT_3D ( 'NONE', #7453, #4800, #1134 ) ;
#8435 = CARTESIAN_POINT ( 'NONE',  ( 5.050000000000002487, 3.229999999999999982, 6.200000000000000178 ) ) ;
#8436 = CARTESIAN_POINT ( 'NONE',  ( -2.049999999999997602, 3.229999999999999982, 6.200000000000000178 ) ) ;
#8437 = ORIENTED_EDGE ( 'NONE', *, *, #6458, .T. ) ;
#8438 = CARTESIAN_POINT ( 'NONE',  ( 6.988607719548549646, 3.729999999999999982, -1.499999999999999778 ) ) ;
#8439 = ORIENTED_EDGE ( 'NONE', *, *, #1004, .F. ) ;
#8440 = DIRECTION ( 'NONE',  ( 0.7071067811865451302, 0.000000000000000000, -0.7071067811865499042 ) ) ;
#8442 = DIRECTION ( 'NONE',  ( -0.8660254037844418162, 0.4999999999999947264, 0.000000000000000000 ) ) ;
#8441 = FACE_OUTER_BOUND ( 'NONE', #1012, .T. ) ;
#8443 = VECTOR ( 'NONE', #1676, 1000.000000000000000 ) ;
#8444 = DIRECTION ( 'NONE',  ( -0.000000000000000000, -0.000000000000000000, -1.000000000000000000 ) ) ;
#8445 = ORIENTED_EDGE ( 'NONE', *, *, #2096, .T. ) ;
#8446 = ORIENTED_EDGE ( 'NONE', *, *, #3869, .F. ) ;
#8447 = ORIENTED_EDGE ( 'NONE', *, *, #6246, .T. ) ;
#8448 = DIRECTION ( 'NONE',  ( 1.000000000000000000, 0.000000000000000000, 0.000000000000000000 ) ) ;
#8449 = EDGE_CURVE ( 'NONE', #6602, #3770, #3657, .T. ) ;
#8450 = PRESENTATION_STYLE_ASSIGNMENT (( #2103 ) ) ;
#8451 = CARTESIAN_POINT ( 'NONE',  ( 5.050000000000002487, 3.229999999999999982, -6.200000000000000178 ) ) ;
#8452 = CARTESIAN_POINT ( 'NONE',  ( 2.650000000000002132, 3.229999999999999982, -6.200000000000000178 ) ) ;
#8453 = ORIENTED_EDGE ( 'NONE', *, *, #7565, .F. ) ;
#8454 = CARTESIAN_POINT ( 'NONE',  ( -5.729759561962193715, 0.6500000000000000222, -1.645000000000000240 ) ) ;
#8455 = CARTESIAN_POINT ( 'NONE',  ( -5.729759561962193715, 0.6500000000000000222, -2.165000000000000036 ) ) ;
#8456 = VERTEX_POINT ( 'NONE', #8064 ) ;
#8457 = CARTESIAN_POINT ( 'NONE',  ( 2.650000000000002132, 3.229999999999999982, -6.200000000000000178 ) ) ;
#8458 =( LENGTH_UNIT ( ) NAMED_UNIT ( * ) SI_UNIT ( .MILLI., .METRE. ) );
#8459 = EDGE_CURVE ( 'NONE', #7944, #7869, #8112, .T. ) ;
#8460 = ADVANCED_FACE ( 'NONE', ( #1797 ), #3837, .F. ) ;
#8461 = CARTESIAN_POINT ( 'NONE',  ( -2.849999999999997424, 3.229999999999999982, -5.750000000000000000 ) ) ;
#8462 = DIRECTION ( 'NONE',  ( 0.4999999999999947264, 0.8660254037844418162, -0.000000000000000000 ) ) ;
#8463 = FACE_OUTER_BOUND ( 'NONE', #2757, .T. ) ;
#8464 = ORIENTED_EDGE ( 'NONE', *, *, #67, .T. ) ;
#8465 = FACE_OUTER_BOUND ( 'NONE', #7614, .T. ) ;
#8466 = ORIENTED_EDGE ( 'NONE', *, *, #2752, .F. ) ;
#8467 = ORIENTED_EDGE ( 'NONE', *, *, #5403, .T. ) ;
#8468 = EDGE_CURVE ( 'NONE', #8488, #6024, #6427, .T. ) ;
#8469 = DIRECTION ( 'NONE',  ( 0.000000000000000000, 1.000000000000000000, 0.000000000000000000 ) ) ;
#8470 = CARTESIAN_POINT ( 'NONE',  ( -6.309978747059014736, 0.6450308918860931939, 1.644999999999999796 ) ) ;
#8471 = ORIENTED_EDGE ( 'NONE', *, *, #6246, .F. ) ;
#8472 = CARTESIAN_POINT ( 'NONE',  ( 6.150000000000001243, 3.229999999999999982, -3.899999999999999467 ) ) ;
#8473 = DIRECTION ( 'NONE',  ( -1.000000000000000000, 0.000000000000000000, 0.000000000000000000 ) ) ;
#8474 = CARTESIAN_POINT ( 'NONE',  ( -5.729759561962193715, 1.649999999999999911, 4.110000000000000320 ) ) ;
#8475 = VECTOR ( 'NONE', #2770, 1000.000000000000000 ) ;
#8476 = EDGE_LOOP ( 'NONE', ( #3415, #4983, #4643, #4567 ) ) ;
#8477 = PLANE ( 'NONE',  #7812 ) ;
#8478 = ORIENTED_EDGE ( 'NONE', *, *, #162, .F. ) ;
#8479 = CARTESIAN_POINT ( 'NONE',  ( -6.742991448951236144, 0.8950308918860907514, 4.184999999999999609 ) ) ;
#8480 = VECTOR ( 'NONE', #464, 1000.000000000000114 ) ;
#8481 = PRESENTATION_LAYER_ASSIGNMENT (  '', '', ( #5108 ) ) ;
#8483 = CARTESIAN_POINT ( 'NONE',  ( -2.049999999999997602, 3.229999999999999982, 6.200000000000000178 ) ) ;
#8482 = DIRECTION ( 'NONE',  ( 0.000000000000000000, 0.000000000000000000, -1.000000000000000000 ) ) ;
#8484 = ADVANCED_FACE ( 'NONE', ( #7972 ), #1709, .F. ) ;
#8485 = DIRECTION ( 'NONE',  ( 1.000000000000000000, 0.000000000000000000, 0.000000000000000000 ) ) ;
#8486 = ORIENTED_EDGE ( 'NONE', *, *, #180, .T. ) ;
#8487 = EDGE_LOOP ( 'NONE', ( #7235, #6941, #1821, #4097 ) ) ;
#8488 = VERTEX_POINT ( 'NONE', #4443 ) ;
#8489 = CARTESIAN_POINT ( 'NONE',  ( -7.141125913971392514, 0.6462488667561758771, -3.510000000000000231 ) ) ;
#8490 = VECTOR ( 'NONE', #8165, 1000.000000000000000 ) ;
#8491 =( NAMED_UNIT ( * ) SI_UNIT ( $, .STERADIAN. ) SOLID_ANGLE_UNIT ( ) );
#8492 = DIRECTION ( 'NONE',  ( 1.000000000000000000, 0.000000000000000000, 0.000000000000000000 ) ) ;
#8493 = CARTESIAN_POINT ( 'NONE',  ( -4.242685036398884613, 2.009999999999998455, -6.680000000000001492 ) ) ;
#8494 = EDGE_LOOP ( 'NONE', ( #6869, #152, #418, #11 ) ) ;
#8495 = SURFACE_STYLE_USAGE ( .BOTH. , #2786 ) ;
#8496 = VECTOR ( 'NONE', #8299, 1000.000000000000114 ) ;
#8497 = EDGE_LOOP ( 'NONE', ( #7868, #6686, #3730, #802 ) ) ;
#8498 = LINE ( 'NONE', #2665, #2531 ) ;
#8499 = DIRECTION ( 'NONE',  ( 0.000000000000000000, 0.000000000000000000, 1.000000000000000000 ) ) ;
#8500 = AXIS2_PLACEMENT_3D ( 'NONE', #5282, #1818, #935 ) ;
#8501 = VECTOR ( 'NONE', #3801, 1000.000000000000000 ) ;
#8502 = LINE ( 'NONE', #7687, #7358 ) ;
#8503 = LINE ( 'NONE', #2879, #5777 ) ;
#8504 = PLANE ( 'NONE',  #9014 ) ;
#8505 = ORIENTED_EDGE ( 'NONE', *, *, #1185, .T. ) ;
#8506 = CARTESIAN_POINT ( 'NONE',  ( -9.170281297359524686, -0.6412485357495423255, -0.9699999999999999734 ) ) ;
#8507 = ADVANCED_FACE ( 'NONE', ( #1158 ), #4586, .T. ) ;
#8508 = VECTOR ( 'NONE', #767, 1000.000000000000000 ) ;
#8509 = EDGE_CURVE ( 'NONE', #8942, #1509, #3933, .T. ) ;
#8510 = ORIENTED_EDGE ( 'NONE', *, *, #457, .T. ) ;
#8511 = ORIENTED_EDGE ( 'NONE', *, *, #3353, .F. ) ;
#8512 = CARTESIAN_POINT ( 'NONE',  ( 5.050000000000002487, 3.229999999999999982, 6.200000000000000178 ) ) ;
#8513 = CARTESIAN_POINT ( 'NONE',  ( 4.570000000000002061, 0.05000000000000000278, 4.500000000000000000 ) ) ;
#8514 = ORIENTED_EDGE ( 'NONE', *, *, #1545, .T. ) ;
#8515 = DIRECTION ( 'NONE',  ( 0.000000000000000000, 0.000000000000000000, 1.000000000000000000 ) ) ;
#8516 = VECTOR ( 'NONE', #7218, 1000.000000000000000 ) ;
#8517 = DIRECTION ( 'NONE',  ( 0.000000000000000000, -1.000000000000000000, 0.000000000000000000 ) ) ;
#8518 = AXIS2_PLACEMENT_3D ( 'NONE', #2363, #2407, #5190 ) ;
#8519 = CARTESIAN_POINT ( 'NONE',  ( 3.774478171836572304, 1.069861744982407492, -6.000973033514757304 ) ) ;
#8520 = EDGE_CURVE ( 'NONE', #7255, #4556, #3347, .T. ) ;
#8521 = AXIS2_PLACEMENT_3D ( 'NONE', #4883, #73, #5523 ) ;
#8522 = ORIENTED_EDGE ( 'NONE', *, *, #2306, .F. ) ;
#8523 = CARTESIAN_POINT ( 'NONE',  ( 3.774478171836572304, 1.069861744982407492, 6.000973033514757304 ) ) ;
#8524 = EDGE_LOOP ( 'NONE', ( #23, #8415, #2070, #3090 ) ) ;
#8525 = CARTESIAN_POINT ( 'NONE',  ( -4.750000000000005329, 1.649999999999999911, 4.110000000000000320 ) ) ;
#8526 = EDGE_CURVE ( 'NONE', #294, #8744, #8796, .T. ) ;
#8527 = VECTOR ( 'NONE', #7000, 1000.000000000000000 ) ;
#8529 = CARTESIAN_POINT ( 'NONE',  ( -9.249999999999996447, 0.4987820251299122654, 1.570000000000000284 ) ) ;
#8528 = CARTESIAN_POINT ( 'NONE',  ( -5.729759561962193715, 1.149999999999999689, -2.165000000000000036 ) ) ;
#8530 = CIRCLE ( 'NONE', #4601, 0.4999999999999995559 ) ;
#8531 = EDGE_CURVE ( 'NONE', #4496, #1476, #4491, .T. ) ;
#8532 = ORIENTED_EDGE ( 'NONE', *, *, #3744, .F. ) ;
#8533 = UNCERTAINTY_MEASURE_WITH_UNIT (LENGTH_MEASURE( 1.000000000000000082E-05 ), #2235, 'distance_accuracy_value', 'NONE');
#8534 = EDGE_LOOP ( 'NONE', ( #7570, #7755, #3067, #2025 ) ) ;
#8535 = DIRECTION ( 'NONE',  ( 0.4999999999999947264, 0.8660254037844418162, -0.000000000000000000 ) ) ;
#8536 = EDGE_CURVE ( 'NONE', #8605, #7823, #5806, .T. ) ;
#8537 = DIRECTION ( 'NONE',  ( -3.903490084041790365E-17, 0.9975640502598241977, -0.06975647374412619062 ) ) ;
#8538 = DIRECTION ( 'NONE',  ( -0.000000000000000000, -0.000000000000000000, -1.000000000000000000 ) ) ;
#8539 = LINE ( 'NONE', #338, #4127 ) ;
#8540 = EDGE_LOOP ( 'NONE', ( #2669, #3684, #8300, #2181 ) ) ;
#8541 = FACE_OUTER_BOUND ( 'NONE', #1036, .T. ) ;
#8542 = ORIENTED_EDGE ( 'NONE', *, *, #770, .T. ) ;
#8543 = CARTESIAN_POINT ( 'NONE',  ( -5.729759561962193715, 1.149999999999999689, 2.915000000000000036 ) ) ;
#8544 = CARTESIAN_POINT ( 'NONE',  ( 9.250000000000001776, 2.773577871373825499, -4.848097349045872306 ) ) ;
#8545 = DIRECTION ( 'NONE',  ( 0.000000000000000000, -0.000000000000000000, 1.000000000000000000 ) ) ;
#8546 = CARTESIAN_POINT ( 'NONE',  ( 9.250000000000001776, 3.229999999999999982, 2.259999999999998010 ) ) ;
#8547 = CARTESIAN_POINT ( 'NONE',  ( 3.774478171836572304, 1.069861744982407492, 6.000973033514757304 ) ) ;
#8548 = ORIENTED_EDGE ( 'NONE', *, *, #7188, .F. ) ;
#8549 = LINE ( 'NONE', #7777, #912 ) ;
#8550 = VERTEX_POINT ( 'NONE', #8609 ) ;
#8551 = VECTOR ( 'NONE', #8800, 1000.000000000000000 ) ;
#8552 = ORIENTED_EDGE ( 'NONE', *, *, #5891, .T. ) ;
#8553 = DIRECTION ( 'NONE',  ( 0.8660254037844417052, -0.4999999999999946154, 0.000000000000000000 ) ) ;
#8554 = LINE ( 'NONE', #2292, #8792 ) ;
#8555 = EDGE_LOOP ( 'NONE', ( #6432 ) ) ;
#8556 = LINE ( 'NONE', #3606, #1913 ) ;
#8557 = VECTOR ( 'NONE', #438, 1000.000000000000000 ) ;
#8558 = EDGE_CURVE ( 'NONE', #7147, #3674, #272, .T. ) ;
#8559 = EDGE_CURVE ( 'NONE', #2769, #6738, #4533, .T. ) ;
#8560 = VECTOR ( 'NONE', #1092, 1000.000000000000227 ) ;
#8561 = FACE_OUTER_BOUND ( 'NONE', #173, .T. ) ;
#8562 = CARTESIAN_POINT ( 'NONE',  ( 9.250000000000001776, 0.9827060022347552382, -5.004778335423011981 ) ) ;
#8563 = VECTOR ( 'NONE', #149, 1000.000000000000000 ) ;
#8564 = VERTEX_POINT ( 'NONE', #3785 ) ;
#8565 = VECTOR ( 'NONE', #7997, 1000.000000000000000 ) ;
#8566 = ORIENTED_EDGE ( 'NONE', *, *, #3531, .F. ) ;
#8567 = CYLINDRICAL_SURFACE ( 'NONE', #6800, 1.000000000000000000 ) ;
#8568 = ORIENTED_EDGE ( 'NONE', *, *, #7734, .F. ) ;
#8569 = CARTESIAN_POINT ( 'NONE',  ( -2.049999999999997602, 3.229999999999999982, 5.799999999999998934 ) ) ;
#8570 = EDGE_CURVE ( 'NONE', #2968, #6625, #7928, .T. ) ;
#8571 = ADVANCED_FACE ( 'NONE', ( #1002 ), #1053, .F. ) ;
#8573 = DIRECTION ( 'NONE',  ( 0.000000000000000000, 1.000000000000000000, 0.000000000000000000 ) ) ;
#8572 = CARTESIAN_POINT ( 'NONE',  ( 6.238607719548550534, 3.229999999999999982, 0.9999999999999995559 ) ) ;
#8574 = EDGE_CURVE ( 'NONE', #250, #5651, #8655, .T. ) ;
#8575 = ORIENTED_EDGE ( 'NONE', *, *, #5785, .F. ) ;
#8576 = EDGE_LOOP ( 'NONE', ( #7527, #2286, #5550, #2329 ) ) ;
#8577 = ORIENTED_EDGE ( 'NONE', *, *, #3315, .F. ) ;
#8578 = ADVANCED_FACE ( 'NONE', ( #6593 ), #320, .F. ) ;
#8579 = CIRCLE ( 'NONE', #1575, 0.4999999999999995559 ) ;
#8580 = ADVANCED_FACE ( 'NONE', ( #3157 ), #5499, .F. ) ;
#8581 = VECTOR ( 'NONE', #2507, 1000.000000000000000 ) ;
#8582 = LINE ( 'NONE', #2315, #2230 ) ;
#8583 = CARTESIAN_POINT ( 'NONE',  ( 0.000000000000000000, 0.000000000000000000, -4.110000000000000320 ) ) ;
#8584 = DIRECTION ( 'NONE',  ( -1.000000000000000000, -2.082697505432185440E-16, 0.000000000000000000 ) ) ;
#8585 = EDGE_CURVE ( 'NONE', #5434, #8396, #8164, .T. ) ;
#8586 = ADVANCED_FACE ( 'NONE', ( #8301 ), #3987, .T. ) ;
#8587 = ORIENTED_EDGE ( 'NONE', *, *, #2387, .F. ) ;
#8588 = CARTESIAN_POINT ( 'NONE',  ( 3.774478171836572304, 0.4987820251299121543, 6.999999999999999112 ) ) ;
#8589 = VECTOR ( 'NONE', #5065, 1000.000000000000000 ) ;
#8590 = EDGE_LOOP ( 'NONE', ( #2246, #8024, #8552, #2359, #1417, #2960 ) ) ;
#8591 = CARTESIAN_POINT ( 'NONE',  ( 4.570000000000002061, 0.000000000000000000, -4.499999999999998224 ) ) ;
#8592 = FACE_OUTER_BOUND ( 'NONE', #5775, .T. ) ;
#8593 = DIRECTION ( 'NONE',  ( -0.000000000000000000, 0.000000000000000000, 1.000000000000000000 ) ) ;
#8594 = FACE_OUTER_BOUND ( 'NONE', #2947, .T. ) ;
#8595 = CARTESIAN_POINT ( 'NONE',  ( -3.200321239445594212, 2.010000000000000231, 6.680000000000001492 ) ) ;
#8596 = EDGE_CURVE ( 'NONE', #2558, #829, #4818, .T. ) ;
#8597 = ORIENTED_EDGE ( 'NONE', *, *, #592, .F. ) ;
#8598 = LINE ( 'NONE', #7955, #3989 ) ;
#8599 = ORIENTED_EDGE ( 'NONE', *, *, #5336, .F. ) ;
#8600 = CARTESIAN_POINT ( 'NONE',  ( -5.729759561962193715, 1.649999999999999911, -3.510000000000000231 ) ) ;
#8601 = CARTESIAN_POINT ( 'NONE',  ( -4.479866786035785253, -0.5500584762268876382, -3.510000000000000231 ) ) ;
#8602 = DIRECTION ( 'NONE',  ( 0.4999999999999947264, 0.8660254037844418162, -0.000000000000000000 ) ) ;
#8603 = DIRECTION ( 'NONE',  ( 0.000000000000000000, 0.000000000000000000, 1.000000000000000000 ) ) ;
#8604 = DIRECTION ( 'NONE',  ( 0.9975640502598243087, 0.06975647374412489998, 0.000000000000000000 ) ) ;
#8605 = VERTEX_POINT ( 'NONE', #3252 ) ;
#8606 = VERTEX_POINT ( 'NONE', #4685 ) ;
#8607 = CYLINDRICAL_SURFACE ( 'NONE', #1680, 0.4499999999999999001 ) ;
#8608 = ORIENTED_EDGE ( 'NONE', *, *, #1873, .T. ) ;
#8609 = CARTESIAN_POINT ( 'NONE',  ( -2.849999999999999201, 3.729999999999999982, 5.750000000000000000 ) ) ;
#8610 = CARTESIAN_POINT ( 'NONE',  ( 5.700000000000001066, 3.229999999999999982, -6.199999999999999289 ) ) ;
#8612 = PLANE ( 'NONE',  #955 ) ;
#8611 = FACE_OUTER_BOUND ( 'NONE', #1893, .T. ) ;
#8613 = VECTOR ( 'NONE', #2630, 1000.000000000000000 ) ;
#8614 = EDGE_CURVE ( 'NONE', #7655, #3664, #2622, .T. ) ;
#8615 = EDGE_CURVE ( 'NONE', #4316, #6367, #2032, .T. ) ;
#8616 = ORIENTED_EDGE ( 'NONE', *, *, #447, .T. ) ;
#8617 = VERTEX_POINT ( 'NONE', #7605 ) ;
#8618 = FACE_OUTER_BOUND ( 'NONE', #6675, .T. ) ;
#8619 = ORIENTED_EDGE ( 'NONE', *, *, #5264, .T. ) ;
#8620 = VECTOR ( 'NONE', #7270, 1000.000000000000114 ) ;
#8621 = DIRECTION ( 'NONE',  ( -0.000000000000000000, 0.000000000000000000, 1.000000000000000000 ) ) ;
#8622 = DIRECTION ( 'NONE',  ( -0.000000000000000000, 0.000000000000000000, 1.000000000000000000 ) ) ;
#8623 = FACE_OUTER_BOUND ( 'NONE', #1245, .T. ) ;
#8624 = EDGE_CURVE ( 'NONE', #2071, #1817, #4126, .T. ) ;
#8625 = EDGE_LOOP ( 'NONE', ( #6642 ) ) ;
#8626 = FACE_OUTER_BOUND ( 'NONE', #4274, .T. ) ;
#8627 = ORIENTED_EDGE ( 'NONE', *, *, #8083, .T. ) ;
#8628 = PLANE ( 'NONE',  #8518 ) ;
#8629 = EDGE_CURVE ( 'NONE', #7115, #26, #8989, .T. ) ;
#8630 = COLOUR_RGB ( '',0.7921568627450980005, 0.8196078431372548767, 0.9333333333333333481 ) ;
#8631 = CARTESIAN_POINT ( 'NONE',  ( 2.650000000000002132, 3.229999999999999982, 6.200000000000000178 ) ) ;
#8632 = LINE ( 'NONE', #2368, #3286 ) ;
#8633 = FACE_OUTER_BOUND ( 'NONE', #1242, .T. ) ;
#8634 = DIRECTION ( 'NONE',  ( 0.06975647374412444202, -0.9975640502598243087, 0.000000000000000000 ) ) ;
#8635 = VECTOR ( 'NONE', #6327, 1000.000000000000000 ) ;
#8636 = AXIS2_PLACEMENT_3D ( 'NONE', #7696, #2165, #4166 ) ;
#8637 = EDGE_LOOP ( 'NONE', ( #652, #5783, #3474, #7679 ) ) ;
#8638 = LINE ( 'NONE', #3769, #1512 ) ;
#8639 = EDGE_LOOP ( 'NONE', ( #1574, #869, #5733, #1665 ) ) ;
#8640 = EDGE_CURVE ( 'NONE', #6234, #5019, #7476, .T. ) ;
#8641 = VECTOR ( 'NONE', #3745, 1000.000000000000000 ) ;
#8642 = CARTESIAN_POINT ( 'NONE',  ( -4.688607719548555153, 1.149999999999999911, 0.2999999999999999334 ) ) ;
#8643 = DIRECTION ( 'NONE',  ( -0.000000000000000000, -0.000000000000000000, -1.000000000000000000 ) ) ;
#8644 = LINE ( 'NONE', #264, #4390 ) ;
#8645 = EDGE_CURVE ( 'NONE', #8550, #6016, #3774, .T. ) ;
#8646 = VECTOR ( 'NONE', #3713, 1000.000000000000000 ) ;
#8647 = CIRCLE ( 'NONE', #311, 0.5000000000000004441 ) ;
#8648 = CARTESIAN_POINT ( 'NONE',  ( 0.000000000000000000, 3.729999999999999982, 0.000000000000000000 ) ) ;
#8649 = EDGE_LOOP ( 'NONE', ( #8619, #5751, #197, #5159 ) ) ;
#8650 = LINE ( 'NONE', #5303, #479 ) ;
#8651 = CARTESIAN_POINT ( 'NONE',  ( 8.349999999999999645, 1.026283873608581532, 5.502875684468884643 ) ) ;
#8652 = ORIENTED_EDGE ( 'NONE', *, *, #274, .F. ) ;
#8653 = CARTESIAN_POINT ( 'NONE',  ( -2.049999999999997602, 3.229999999999999982, -6.200000000000000178 ) ) ;
#8654 = ORIENTED_EDGE ( 'NONE', *, *, #2876, .T. ) ;
#8655 = LINE ( 'NONE', #2391, #4829 ) ;
#8656 = AXIS2_PLACEMENT_3D ( 'NONE', #7414, #6629, #307 ) ;
#8657 = UNCERTAINTY_MEASURE_WITH_UNIT (LENGTH_MEASURE( 1.000000000000000082E-05 ), #3541, 'distance_accuracy_value', 'NONE');
#8658 = CARTESIAN_POINT ( 'NONE',  ( 2.650000000000002132, 3.729999999999999982, 5.799999999999999822 ) ) ;
#8660 = CARTESIAN_POINT ( 'NONE',  ( 4.570000000000002061, 0.05000000000000000278, 4.500000000000000000 ) ) ;
#8659 = CARTESIAN_POINT ( 'NONE',  ( -4.344608113321960730, 2.009999999999998455, -6.680000000000001492 ) ) ;
#8661 = VERTEX_POINT ( 'NONE', #9033 ) ;
#8662 = VERTEX_POINT ( 'NONE', #470 ) ;
#8663 = DIRECTION ( 'NONE',  ( -0.8660254037844418162, 0.4999999999999947264, 0.000000000000000000 ) ) ;
#8664 = ORIENTED_EDGE ( 'NONE', *, *, #4261, .T. ) ;
#8665 = DIRECTION ( 'NONE',  ( -0.1218693434051425356, 0.9925461516413225382, 0.000000000000000000 ) ) ;
#8666 =( GEOMETRIC_REPRESENTATION_CONTEXT ( 3 ) GLOBAL_UNCERTAINTY_ASSIGNED_CONTEXT ( ( #3788 ) ) GLOBAL_UNIT_ASSIGNED_CONTEXT ( ( #7676, #7077, #8491 ) ) REPRESENTATION_CONTEXT ( 'NONE', 'WORKASPACE' ) );
#8667 = EDGE_CURVE ( 'NONE', #1817, #2417, #1621, .T. ) ;
#8668 = EDGE_CURVE ( 'NONE', #6177, #6300, #6833, .T. ) ;
#8669 = CARTESIAN_POINT ( 'NONE',  ( 5.050000000000002487, 3.729999999999999982, -5.800000000000000711 ) ) ;
#8670 = LINE ( 'NONE', #1722, #5215 ) ;
#8671 = CARTESIAN_POINT ( 'NONE',  ( -3.994608113321961529, 0.000000000000000000, 5.180000000000005045 ) ) ;
#8672 = ORIENTED_EDGE ( 'NONE', *, *, #4431, .F. ) ;
#8673 = LINE ( 'NONE', #7256, #5279 ) ;
#8674 = VERTEX_POINT ( 'NONE', #8845 ) ;
#8675 = DIRECTION ( 'NONE',  ( -1.000000000000000000, 0.000000000000000000, 0.000000000000000000 ) ) ;
#8676 = EDGE_CURVE ( 'NONE', #3414, #2587, #2712, .T. ) ;
#8677 = DIRECTION ( 'NONE',  ( -1.000000000000000000, -0.000000000000000000, 1.084202172485504631E-15 ) ) ;
#8678 = CARTESIAN_POINT ( 'NONE',  ( 5.050000000000002487, 3.229999999999999982, -5.800000000000000711 ) ) ;
#8679 = DIRECTION ( 'NONE',  ( 0.000000000000000000, 1.000000000000000000, 0.000000000000000000 ) ) ;
#8680 = CARTESIAN_POINT ( 'NONE',  ( -6.309978747059014736, 0.6450308918860931939, -2.239999999999999769 ) ) ;
#8681 = EDGE_LOOP ( 'NONE', ( #8359, #5424, #5535, #3324 ) ) ;
#8682 = PLANE ( 'NONE',  #321 ) ;
#8683 = EDGE_CURVE ( 'NONE', #7512, #4496, #519, .T. ) ;
#8684 = ORIENTED_EDGE ( 'NONE', *, *, #485, .F. ) ;
#8685 = CARTESIAN_POINT ( 'NONE',  ( -5.729759561962193715, 0.6500000000000000222, -3.510000000000000231 ) ) ;
#8686 = LINE ( 'NONE', #5929, #7323 ) ;
#8687 = LINE ( 'NONE', #4479, #3358 ) ;
#8688 = VECTOR ( 'NONE', #666, 1000.000000000000000 ) ;
#8689 = CARTESIAN_POINT ( 'NONE',  ( -5.729759561962193715, 0.000000000000000000, -1.569999999999999840 ) ) ;
#8690 = EDGE_CURVE ( 'NONE', #688, #7199, #3434, .T. ) ;
#8691 = FACE_OUTER_BOUND ( 'NONE', #8625, .T. ) ;
#8692 = ORIENTED_EDGE ( 'NONE', *, *, #6601, .T. ) ;
#8693 = DIRECTION ( 'NONE',  ( -0.000000000000000000, -0.000000000000000000, -1.000000000000000000 ) ) ;
#8694 = EDGE_CURVE ( 'NONE', #6323, #3759, #2670, .T. ) ;
#8695 = CARTESIAN_POINT ( 'NONE',  ( -6.309978747059014736, 0.6450308918860931939, -1.645000000000000240 ) ) ;
#8696 = CARTESIAN_POINT ( 'NONE',  ( -4.344608113321960730, 1.650000000000000133, 6.680000000000001492 ) ) ;
#8697 = AXIS2_PLACEMENT_3D ( 'NONE', #7757, #4189, #4145 ) ;
#8698 = ORIENTED_EDGE ( 'NONE', *, *, #7686, .F. ) ;
#8699 = FACE_OUTER_BOUND ( 'NONE', #8494, .T. ) ;
#8700 = ORIENTED_EDGE ( 'NONE', *, *, #7813, .F. ) ;
#8701 = DIRECTION ( 'NONE',  ( -0.000000000000000000, -0.000000000000000000, -1.000000000000000000 ) ) ;
#8702 = VECTOR ( 'NONE', #5107, 1000.000000000000114 ) ;
#8703 = DIRECTION ( 'NONE',  ( 0.000000000000000000, 0.000000000000000000, -1.000000000000000000 ) ) ;
#8705 = CARTESIAN_POINT ( 'NONE',  ( 0.000000000000000000, 0.000000000000000000, -0.9699999999999999734 ) ) ;
#8704 = LINE ( 'NONE', #1108, #6954 ) ;
#8706 = VECTOR ( 'NONE', #3649, 1000.000000000000114 ) ;
#8707 = ORIENTED_EDGE ( 'NONE', *, *, #3029, .T. ) ;
#8708 = ORIENTED_EDGE ( 'NONE', *, *, #4174, .F. ) ;
#8709 = VECTOR ( 'NONE', #7800, 1000.000000000000000 ) ;
#8710 = CARTESIAN_POINT ( 'NONE',  ( 8.990000000000001990, 3.229999999999999982, -2.000000000000000000 ) ) ;
#8711 = ORIENTED_EDGE ( 'NONE', *, *, #486, .F. ) ;
#8712 = CARTESIAN_POINT ( 'NONE',  ( -0.07971870264047217769, 1.140030560879458754, -1.569999999999999840 ) ) ;
#8713 = VECTOR ( 'NONE', #3276, 1000.000000000000000 ) ;
#8714 = LINE ( 'NONE', #246, #5433 ) ;
#8715 = CARTESIAN_POINT ( 'NONE',  ( -6.309978747059014736, 0.6450308918860931939, -1.645000000000000240 ) ) ;
#8716 = CARTESIAN_POINT ( 'NONE',  ( 0.02737215663941867591, 2.419999999999999929, -6.900544505668654516 ) ) ;
#8717 = ORIENTED_EDGE ( 'NONE', *, *, #5158, .F. ) ;
#8718 = CARTESIAN_POINT ( 'NONE',  ( 8.990000000000001990, 3.729999999999999982, 2.000000000000000000 ) ) ;
#8719 = ORIENTED_EDGE ( 'NONE', *, *, #2034, .T. ) ;
#8720 = VERTEX_POINT ( 'NONE', #7563 ) ;
#8721 = DIRECTION ( 'NONE',  ( -0.000000000000000000, -0.000000000000000000, -1.000000000000000000 ) ) ;
#8722 = ADVANCED_FACE ( 'NONE', ( #659 ), #8256, .F. ) ;
#8723 = CARTESIAN_POINT ( 'NONE',  ( -4.750000000000005329, 1.649999999999999911, 2.840000000000000302 ) ) ;
#8724 = DIRECTION ( 'NONE',  ( -1.000000000000000000, 0.000000000000000000, -0.000000000000000000 ) ) ;
#8725 = DIRECTION ( 'NONE',  ( 1.000000000000000000, 2.082697505432185440E-16, 0.000000000000000000 ) ) ;
#8726 = PLANE ( 'NONE',  #2873 ) ;
#8727 = VECTOR ( 'NONE', #1371, 1000.000000000000227 ) ;
#8728 = VERTEX_POINT ( 'NONE', #2077 ) ;
#8729 = DIRECTION ( 'NONE',  ( -0.000000000000000000, -0.000000000000000000, -1.000000000000000000 ) ) ;
#8730 = ORIENTED_EDGE ( 'NONE', *, *, #365, .T. ) ;
#8731 = EDGE_CURVE ( 'NONE', #8177, #1024, #7096, .T. ) ;
#8732 = EDGE_CURVE ( 'NONE', #2613, #36, #6279, .T. ) ;
#8733 = DIRECTION ( 'NONE',  ( 0.9975640502598243087, 0.06975647374412489998, 0.000000000000000000 ) ) ;
#8734 = FACE_OUTER_BOUND ( 'NONE', #7554, .T. ) ;
#8735 = LINE ( 'NONE', #3141, #598 ) ;
#8736 = FACE_OUTER_BOUND ( 'NONE', #7739, .T. ) ;
#8737 = LINE ( 'NONE', #4436, #6223 ) ;
#8738 = EDGE_LOOP ( 'NONE', ( #5189, #3559, #185, #142 ) ) ;
#8739 = PLANE ( 'NONE',  #906 ) ;
#8740 = EDGE_CURVE ( 'NONE', #3751, #6795, #5755, .T. ) ;
#8741 = VERTEX_POINT ( 'NONE', #2969 ) ;
#8742 = FACE_OUTER_BOUND ( 'NONE', #2649, .T. ) ;
#8743 = LINE ( 'NONE', #2475, #4273 ) ;
#8744 = VERTEX_POINT ( 'NONE', #6413 ) ;
#8745 = CARTESIAN_POINT ( 'NONE',  ( 7.050000000000004263, 3.229999999999999982, 3.899999999999999023 ) ) ;
#8746 = ORIENTED_EDGE ( 'NONE', *, *, #4437, .T. ) ;
#8747 = DIRECTION ( 'NONE',  ( -0.06975647374412444202, 0.9975640502598243087, 0.000000000000000000 ) ) ;
#8748 = EDGE_CURVE ( 'NONE', #1901, #6734, #2890, .T. ) ;
#8749 = CARTESIAN_POINT ( 'NONE',  ( 5.838607719548550179, 3.229999999999999982, -0.9999999999999995559 ) ) ;
#8751 = CARTESIAN_POINT ( 'NONE',  ( -0.04484046576840968606, 0.6412485357495464333, -1.569999999999999840 ) ) ;
#8750 = DIRECTION ( 'NONE',  ( 0.1209742911513514707, -0.9852565360152943930, 0.1209742911513480429 ) ) ;
#8752 = ORIENTED_EDGE ( 'NONE', *, *, #3676, .F. ) ;
#8753 = ORIENTED_EDGE ( 'NONE', *, *, #7076, .T. ) ;
#8754 = CARTESIAN_POINT ( 'NONE',  ( 0.000000000000000000, 1.649999999999999911, -2.239999999999999769 ) ) ;
#8755 = ORIENTED_EDGE ( 'NONE', *, *, #3117, .F. ) ;
#8756 = FACE_OUTER_BOUND ( 'NONE', #1111, .T. ) ;
#8757 = ADVANCED_FACE ( 'NONE', ( #6329 ), #4345, .F. ) ;
#8758 = AXIS2_PLACEMENT_3D ( 'NONE', #5080, #1394, #1440 ) ;
#8759 = CARTESIAN_POINT ( 'NONE',  ( 2.650000000000002132, 3.729999999999999982, 5.799999999999999822 ) ) ;
#8760 = CARTESIAN_POINT ( 'NONE',  ( -4.344608113321960730, 1.649999999999999245, -6.680000000000001492 ) ) ;
#8761 = CARTESIAN_POINT ( 'NONE',  ( -5.729759561962193715, 1.649999999999999911, -0.8950000000000003508 ) ) ;
#8762 = ORIENTED_EDGE ( 'NONE', *, *, #1363, .F. ) ;
#8763 = DIRECTION ( 'NONE',  ( 0.000000000000000000, 0.9975640502598241977, -0.06975647374412619062 ) ) ;
#8764 = ORIENTED_EDGE ( 'NONE', *, *, #4483, .F. ) ;
#8765 = EDGE_LOOP ( 'NONE', ( #7980, #3295, #1602, #7572 ) ) ;
#8766 = CARTESIAN_POINT ( 'NONE',  ( 8.990000000000001990, 3.229999999999999982, 2.000000000000000000 ) ) ;
#8767 = AXIS2_PLACEMENT_3D ( 'NONE', #3058, #5847, #370 ) ;
#8768 = CARTESIAN_POINT ( 'NONE',  ( -5.729759561962193715, 0.6500000000000000222, 3.434999999999999609 ) ) ;
#8769 = PLANE ( 'NONE',  #5767 ) ;
#8770 = VECTOR ( 'NONE', #179, 1000.000000000000000 ) ;
#8771 = LINE ( 'NONE', #940, #5794 ) ;
#8772 = LINE ( 'NONE', #3817, #8565 ) ;
#8773 = ORIENTED_EDGE ( 'NONE', *, *, #2323, .T. ) ;
#8774 = DIRECTION ( 'NONE',  ( 0.4999999999999947264, 0.8660254037844418162, -0.000000000000000000 ) ) ;
#8775 = ORIENTED_EDGE ( 'NONE', *, *, #1077, .F. ) ;
#8776 = DIRECTION ( 'NONE',  ( -3.614007241618348278E-16, 0.000000000000000000, 1.000000000000000000 ) ) ;
#8777 = DIRECTION ( 'NONE',  ( -0.8660254037844418162, 0.4999999999999947264, 0.000000000000000000 ) ) ;
#8778 = CARTESIAN_POINT ( 'NONE',  ( 6.150000000000001243, 3.729999999999999982, -6.199999999999999289 ) ) ;
#8779 = VECTOR ( 'NONE', #5321, 1000.000000000000227 ) ;
#8780 = VECTOR ( 'NONE', #3256, 1000.000000000000000 ) ;
#8781 = FACE_OUTER_BOUND ( 'NONE', #2607, .T. ) ;
#8782 = EDGE_CURVE ( 'NONE', #5972, #1273, #6453, .T. ) ;
#8783 = PLANE ( 'NONE',  #3142 ) ;
#8784 = EDGE_CURVE ( 'NONE', #3664, #4430, #8556, .T. ) ;
#8785 = ORIENTED_EDGE ( 'NONE', *, *, #8614, .F. ) ;
#8786 = DIRECTION ( 'NONE',  ( -0.000000000000000000, -0.000000000000000000, -1.000000000000000000 ) ) ;
#8787 = VECTOR ( 'NONE', #3964, 1000.000000000000000 ) ;
#8788 = EDGE_LOOP ( 'NONE', ( #9032, #6523, #8587, #5311, #3343, #5070 ) ) ;
#8789 = ORIENTED_EDGE ( 'NONE', *, *, #1550, .F. ) ;
#8790 = DIRECTION ( 'NONE',  ( 1.000000000000000000, 0.000000000000000000, 0.000000000000000000 ) ) ;
#8791 = DIRECTION ( 'NONE',  ( 0.000000000000000000, 1.000000000000000000, 0.000000000000000000 ) ) ;
#8792 = VECTOR ( 'NONE', #8643, 1000.000000000000000 ) ;
#8793 = CARTESIAN_POINT ( 'NONE',  ( 0.000000000000000000, 0.000000000000000000, 1.570000000000000284 ) ) ;
#8794 = DIRECTION ( 'NONE',  ( 0.000000000000000000, 0.000000000000000000, 1.000000000000000000 ) ) ;
#8795 = ORIENTED_EDGE ( 'NONE', *, *, #2963, .F. ) ;
#8796 = LINE ( 'NONE', #2528, #4686 ) ;
#8797 = VECTOR ( 'NONE', #8319, 1000.000000000000000 ) ;
#8798 = EDGE_CURVE ( 'NONE', #4594, #7810, #4301, .T. ) ;
#8799 = FACE_OUTER_BOUND ( 'NONE', #8982, .T. ) ;
#8801 = DIRECTION ( 'NONE',  ( -0.9925461516413226493, -0.1218693434051425495, 0.000000000000000000 ) ) ;
#8800 = DIRECTION ( 'NONE',  ( -0.000000000000000000, -0.000000000000000000, -1.000000000000000000 ) ) ;
#8802 = AXIS2_PLACEMENT_3D ( 'NONE', #1539, #9003, #2818 ) ;
#8803 = EDGE_CURVE ( 'NONE', #6387, #5217, #4169, .T. ) ;
#8804 = VERTEX_POINT ( 'NONE', #5634 ) ;
#8805 = ORIENTED_EDGE ( 'NONE', *, *, #2035, .F. ) ;
#8806 = DIRECTION ( 'NONE',  ( 0.000000000000000000, 0.000000000000000000, -1.000000000000000000 ) ) ;
#8807 = EDGE_LOOP ( 'NONE', ( #1639, #3402, #2274, #5214, #8383, #8134 ) ) ;
#8808 = LINE ( 'NONE', #5181, #6147 ) ;
#8809 = DIRECTION ( 'NONE',  ( -0.4999999999999965583, -0.8660254037844405950, 0.000000000000000000 ) ) ;
#8810 = VECTOR ( 'NONE', #8693, 1000.000000000000000 ) ;
#8811 = AXIS2_PLACEMENT_3D ( 'NONE', #7426, #1200, #8204 ) ;
#8812 = EDGE_CURVE ( 'NONE', #5330, #6323, #7140, .T. ) ;
#8813 = DIRECTION ( 'NONE',  ( 0.4999999999999947264, 0.8660254037844418162, -0.000000000000000000 ) ) ;
#8814 = FACE_OUTER_BOUND ( 'NONE', #3942, .T. ) ;
#8815 = ORIENTED_EDGE ( 'NONE', *, *, #1196, .F. ) ;
#8816 = LINE ( 'NONE', #493, #461 ) ;
#8817 = ADVANCED_FACE ( 'NONE', ( #870 ), #2127, .T. ) ;
#8818 = EDGE_LOOP ( 'NONE', ( #5052, #1626, #1216, #5673 ) ) ;
#8819 = AXIS2_PLACEMENT_3D ( 'NONE', #5430, #8873, #3318 ) ;
#8820 = ORIENTED_EDGE ( 'NONE', *, *, #8536, .T. ) ;
#8821 = LINE ( 'NONE', #2639, #5771 ) ;
#8822 = SURFACE_SIDE_STYLE ('',( #6021 ) ) ;
#8823 = AXIS2_PLACEMENT_3D ( 'NONE', #4625, #5394, #6864 ) ;
#8824 = DIRECTION ( 'NONE',  ( -1.084202172485504631E-15, 0.000000000000000000, -1.000000000000000000 ) ) ;
#8825 = DIRECTION ( 'NONE',  ( 0.000000000000000000, 0.000000000000000000, -1.000000000000000000 ) ) ;
#8826 = VERTEX_POINT ( 'NONE', #8472 ) ;
#8827 = DIRECTION ( 'NONE',  ( -1.000000000000000000, 0.000000000000000000, -1.084202172485504631E-15 ) ) ;
#8828 = ORIENTED_EDGE ( 'NONE', *, *, #5768, .F. ) ;
#8829 = PLANE ( 'NONE',  #8656 ) ;
#8830 = PLANE ( 'NONE',  #4113 ) ;
#8831 = CARTESIAN_POINT ( 'NONE',  ( 5.050000000000002487, 3.229999999999999982, -6.200000000000000178 ) ) ;
#8832 =( NAMED_UNIT ( * ) PLANE_ANGLE_UNIT ( ) SI_UNIT ( $, .RADIAN. ) );
#8833 = LINE ( 'NONE', #4808, #5198 ) ;
#8834 = VERTEX_POINT ( 'NONE', #5078 ) ;
#8835 = PLANE ( 'NONE',  #7639 ) ;
#8836 = ORIENTED_EDGE ( 'NONE', *, *, #3270, .F. ) ;
#8837 = CIRCLE ( 'NONE', #4892, 1.000000000000000000 ) ;
#8838 = VERTEX_POINT ( 'NONE', #4 ) ;
#8839 = CARTESIAN_POINT ( 'NONE',  ( -5.729759561962193715, 1.649999999999999911, -0.9699999999999999734 ) ) ;
#8840 = PLANE ( 'NONE',  #7647 ) ;
#8841 = VECTOR ( 'NONE', #1156, 1000.000000000000114 ) ;
#8842 = FACE_OUTER_BOUND ( 'NONE', #3037, .T. ) ;
#8843 = CARTESIAN_POINT ( 'NONE',  ( 9.250000000000001776, 1.069861744982407492, 6.000973033514757304 ) ) ;
#8844 = ORIENTED_EDGE ( 'NONE', *, *, #8001, .F. ) ;
#8845 = CARTESIAN_POINT ( 'NONE',  ( 6.988607719548550534, 3.729999999999999982, 6.938607719548552488 ) ) ;
#8846 = ADVANCED_FACE ( 'NONE', ( #135 ), #2208, .F. ) ;
#8847 = ADVANCED_FACE ( 'NONE', ( #4946 ), #2252, .T. ) ;
#8848 = DIRECTION ( 'NONE',  ( -1.000000000000000000, 0.000000000000000000, -3.614007241618348278E-16 ) ) ;
#8850 = LINE ( 'NONE', #1948, #7396 ) ;
#8849 = DIRECTION ( 'NONE',  ( 0.000000000000000000, 0.000000000000000000, -1.000000000000000000 ) ) ;
#8851 = ADVANCED_FACE ( 'NONE', ( #5588 ), #7873, .T. ) ;
#8852 = ORIENTED_EDGE ( 'NONE', *, *, #1433, .F. ) ;
#8853 = VECTOR ( 'NONE', #7108, 1000.000000000000000 ) ;
#8854 = ORIENTED_EDGE ( 'NONE', *, *, #7838, .T. ) ;
#8855 = DIRECTION ( 'NONE',  ( -0.000000000000000000, -0.000000000000000000, -1.000000000000000000 ) ) ;
#8856 = ORIENTED_EDGE ( 'NONE', *, *, #1814, .F. ) ;
#8857 = DIRECTION ( 'NONE',  ( -0.000000000000000000, -0.000000000000000000, -1.000000000000000000 ) ) ;
#8858 = ADVANCED_FACE ( 'NONE', ( #7012 ), #742, .F. ) ;
#8859 = CARTESIAN_POINT ( 'NONE',  ( -2.395102131247015462E-16, 1.150000000000001021, -4.110000000000000320 ) ) ;
#8860 = EDGE_CURVE ( 'NONE', #5099, #7713, #97, .T. ) ;
#8861 = VECTOR ( 'NONE', #312, 1000.000000000000000 ) ;
#8862 = FACE_OUTER_BOUND ( 'NONE', #282, .T. ) ;
#8863 = DIRECTION ( 'NONE',  ( 5.595882180570346166E-16, 0.000000000000000000, 1.000000000000000000 ) ) ;
#8864 = VECTOR ( 'NONE', #1517, 1000.000000000000000 ) ;
#8865 = ORIENTED_EDGE ( 'NONE', *, *, #4492, .T. ) ;
#8866 = DIRECTION ( 'NONE',  ( -1.000000000000000000, 0.000000000000000000, 3.614007241618347785E-16 ) ) ;
#8867 = EDGE_CURVE ( 'NONE', #571, #9049, #2334, .T. ) ;
#8868 = ORIENTED_EDGE ( 'NONE', *, *, #7813, .T. ) ;
#8869 =( NAMED_UNIT ( * ) PLANE_ANGLE_UNIT ( ) SI_UNIT ( $, .RADIAN. ) );
#8870 = VECTOR ( 'NONE', #4069, 1000.000000000000227 ) ;
#8871 = EDGE_CURVE ( 'NONE', #5750, #6748, #5162, .T. ) ;
#8872 = ADVANCED_FACE ( 'NONE', ( #6631 ), #3773, .T. ) ;
#8873 = DIRECTION ( 'NONE',  ( 0.000000000000000000, 1.000000000000000000, 0.000000000000000000 ) ) ;
#8874 = EDGE_CURVE ( 'NONE', #5507, #8074, #3692, .T. ) ;
#8875 = DIRECTION ( 'NONE',  ( 1.000000000000000000, 0.000000000000000000, 0.000000000000000000 ) ) ;
#8876 = LINE ( 'NONE', #6116, #7251 ) ;
#8877 = ORIENTED_EDGE ( 'NONE', *, *, #2860, .F. ) ;
#8878 = DIRECTION ( 'NONE',  ( -1.000000000000000000, 0.000000000000000000, 0.000000000000000000 ) ) ;
#8879 = ORIENTED_EDGE ( 'NONE', *, *, #8248, .F. ) ;
#8880 = LINE ( 'NONE', #5160, #512 ) ;
#8881 = LINE ( 'NONE', #1783, #3229 ) ;
#8882 = VERTEX_POINT ( 'NONE', #2019 ) ;
#8883 = EDGE_CURVE ( 'NONE', #5217, #5679, #950, .T. ) ;
#8884 = PLANE ( 'NONE',  #7660 ) ;
#8885 = CIRCLE ( 'NONE', #4928, 0.4999999999999995559 ) ;
#8886 = CARTESIAN_POINT ( 'NONE',  ( -7.106247677099330140, 0.1474668416262637505, 2.840000000000000302 ) ) ;
#8887 = ORIENTED_EDGE ( 'NONE', *, *, #225, .T. ) ;
#8888 = LINE ( 'NONE', #8293, #5004 ) ;
#8889 = ORIENTED_EDGE ( 'NONE', *, *, #8615, .T. ) ;
#8890 = ORIENTED_EDGE ( 'NONE', *, *, #6806, .T. ) ;
#8891 = ORIENTED_EDGE ( 'NONE', *, *, #1384, .T. ) ;
#8892 = CARTESIAN_POINT ( 'NONE',  ( -7.141125913971392514, 0.6462488667561758771, -1.569999999999999840 ) ) ;
#8893 = CARTESIAN_POINT ( 'NONE',  ( 3.774478171836572304, 3.097809730695487474E-17, -6.965121763127935850 ) ) ;
#8894 = VECTOR ( 'NONE', #7451, 1000.000000000000227 ) ;
#8895 = LINE ( 'NONE', #1894, #8108 ) ;
#8896 = VERTEX_POINT ( 'NONE', #3049 ) ;
#8897 = DIRECTION ( 'NONE',  ( -1.000000000000000000, -0.000000000000000000, 3.614007241618347785E-16 ) ) ;
#8898 = LINE ( 'NONE', #5409, #136 ) ;
#8900 = FACE_OUTER_BOUND ( 'NONE', #5805, .T. ) ;
#8899 = CARTESIAN_POINT ( 'NONE',  ( -2.399999999999998135, 3.229999999999999982, -6.200000000000000178 ) ) ;
#8901 = ORIENTED_EDGE ( 'NONE', *, *, #4993, .F. ) ;
#8902 = ORIENTED_EDGE ( 'NONE', *, *, #926, .F. ) ;
#8903 = LINE ( 'NONE', #7064, #4755 ) ;
#8904 = VERTEX_POINT ( 'NONE', #2422 ) ;
#8905 = DIRECTION ( 'NONE',  ( 0.000000000000000000, 0.000000000000000000, 1.000000000000000000 ) ) ;
#8906 = CARTESIAN_POINT ( 'NONE',  ( 9.250000000000001776, 0.4987820251299121543, 6.999999999999999112 ) ) ;
#8907 = CARTESIAN_POINT ( 'NONE',  ( -7.176004150843455776, 1.145030891886088309, -2.239999999999999769 ) ) ;
#8908 = EDGE_CURVE ( 'NONE', #4454, #1325, #356, .T. ) ;
#8909 = DIRECTION ( 'NONE',  ( -0.8660254037844407060, 0.4999999999999966138, 0.000000000000000000 ) ) ;
#8910 = EDGE_CURVE ( 'NONE', #9040, #1742, #8735, .T. ) ;
#8911 = ORIENTED_EDGE ( 'NONE', *, *, #4309, .T. ) ;
#8912 = CARTESIAN_POINT ( 'NONE',  ( -6.742991448951236144, 0.8950308918860907514, -0.2999999999999999334 ) ) ;
#8913 = ORIENTED_EDGE ( 'NONE', *, *, #1439, .F. ) ;
#8914 = DIRECTION ( 'NONE',  ( 1.000000000000000000, 2.082697505432185440E-16, 0.000000000000000000 ) ) ;
#8915 = CARTESIAN_POINT ( 'NONE',  ( -4.221443133100769352, 2.157277196200265479, 6.680000000000001492 ) ) ;
#8916 = EDGE_CURVE ( 'NONE', #8144, #6255, #8644, .T. ) ;
#8917 = DIRECTION ( 'NONE',  ( -1.000000000000000000, 0.000000000000000000, -3.771137991253929066E-16 ) ) ;
#8918 = FACE_OUTER_BOUND ( 'NONE', #4046, .T. ) ;
#8919 = ORIENTED_EDGE ( 'NONE', *, *, #1020, .F. ) ;
#8920 = AXIS2_PLACEMENT_3D ( 'NONE', #1996, #4788, #6146 ) ;
#8921 = LINE ( 'NONE', #4063, #7770 ) ;
#8922 = ORIENTED_EDGE ( 'NONE', *, *, #114, .F. ) ;
#8923 = EDGE_CURVE ( 'NONE', #2521, #8564, #5247, .T. ) ;
#8924 = CARTESIAN_POINT ( 'NONE',  ( 5.700000000000001066, 3.729999999999999982, 6.199999999999999289 ) ) ;
#8925 = DIRECTION ( 'NONE',  ( 0.4999999999999968359, 0.8660254037844404840, 0.000000000000000000 ) ) ;
#8926 = VECTOR ( 'NONE', #2474, 1000.000000000000000 ) ;
#8927 = CARTESIAN_POINT ( 'NONE',  ( 0.000000000000000000, 0.000000000000000000, -2.839999999999999858 ) ) ;
#8928 =( GEOMETRIC_REPRESENTATION_CONTEXT ( 3 ) GLOBAL_UNCERTAINTY_ASSIGNED_CONTEXT ( ( #1586 ) ) GLOBAL_UNIT_ASSIGNED_CONTEXT ( ( #8458, #4289, #816 ) ) REPRESENTATION_CONTEXT ( 'NONE', 'WORKASPACE' ) );
#8929 = SURFACE_STYLE_USAGE ( .BOTH. , #1238 ) ;
#8930 = LINE ( 'NONE', #1884, #5778 ) ;
#8931 = EDGE_CURVE ( 'NONE', #2576, #4430, #5798, .T. ) ;
#8932 = VERTEX_POINT ( 'NONE', #5299 ) ;
#8933 = DIRECTION ( 'NONE',  ( 1.000000000000000000, 0.000000000000000000, 0.000000000000000000 ) ) ;
#8934 = ORIENTED_EDGE ( 'NONE', *, *, #4623, .F. ) ;
#8935 = VERTEX_POINT ( 'NONE', #4571 ) ;
#8936 = ORIENTED_EDGE ( 'NONE', *, *, #3319, .T. ) ;
#8937 = LINE ( 'NONE', #2954, #2824 ) ;
#8938 = VECTOR ( 'NONE', #6595, 1000.000000000000114 ) ;
#8939 = EDGE_CURVE ( 'NONE', #5051, #4616, #7366, .T. ) ;
#8940 = LINE ( 'NONE', #3384, #8976 ) ;
#8941 = DIRECTION ( 'NONE',  ( -0.000000000000000000, 0.000000000000000000, 1.000000000000000000 ) ) ;
#8942 = VERTEX_POINT ( 'NONE', #1089 ) ;
#8943 = DIRECTION ( 'NONE',  ( -3.771137991253929066E-16, 0.000000000000000000, -1.000000000000000000 ) ) ;
#8944 = PLANE ( 'NONE',  #1317 ) ;
#8945 = CARTESIAN_POINT ( 'NONE',  ( -4.750000000000005329, 1.649999999999999911, -2.239999999999999769 ) ) ;
#8946 = VECTOR ( 'NONE', #3464, 1000.000000000000000 ) ;
#8947 = CLOSED_SHELL ( 'NONE', ( #3439, #4714, #7219, #3183, #5881, #3966, #1650, #8817, #1309, #3360, #3653, #8366, #8182, #7692, #7393, #747, #6945, #8321, #6108, #6046, #236, #3917 ) ) ;
#8948 = ORIENTED_EDGE ( 'NONE', *, *, #4053, .F. ) ;
#8949 = ORIENTED_EDGE ( 'NONE', *, *, #4607, .F. ) ;
#8950 = ORIENTED_EDGE ( 'NONE', *, *, #2546, .F. ) ;
#8951 = CARTESIAN_POINT ( 'NONE',  ( -5.729759561962193715, 0.6500000000000000222, 2.165000000000000036 ) ) ;
#8952 = VECTOR ( 'NONE', #3119, 1000.000000000000000 ) ;
#8954 = DIRECTION ( 'NONE',  ( -0.8660254037844418162, 0.4999999999999947264, 0.000000000000000000 ) ) ;
#8953 = DIRECTION ( 'NONE',  ( -1.000000000000000000, 0.000000000000000000, 3.771137991253929066E-16 ) ) ;
#8955 = DIRECTION ( 'NONE',  ( 0.000000000000000000, 0.000000000000000000, 1.000000000000000000 ) ) ;
#8957 = AXIS2_PLACEMENT_3D ( 'NONE', #7720, #7809, #6351 ) ;
#8956 = CARTESIAN_POINT ( 'NONE',  ( -6.309978747059014736, 0.6450308918860931939, -2.165000000000000036 ) ) ;
#8958 = ORIENTED_EDGE ( 'NONE', *, *, #1308, .T. ) ;
#8959 = ORIENTED_EDGE ( 'NONE', *, *, #5592, .F. ) ;
#8960 = LINE ( 'NONE', #2006, #1552 ) ;
#8961 = EDGE_CURVE ( 'NONE', #2244, #5950, #3873, .T. ) ;
#8962 = ADVANCED_FACE ( 'NONE', ( #2380 ), #406, .F. ) ;
#8963 = VECTOR ( 'NONE', #1035, 1000.000000000000000 ) ;
#8964 = CIRCLE ( 'NONE', #3990, 0.4499999999999999001 ) ;
#8965 = DIRECTION ( 'NONE',  ( 0.000000000000000000, 0.000000000000000000, 1.000000000000000000 ) ) ;
#8966 = LINE ( 'NONE', #2691, #555 ) ;
#8967 = LINE ( 'NONE', #5525, #5352 ) ;
#8968 = ORIENTED_EDGE ( 'NONE', *, *, #5033, .T. ) ;
#8969 = DIRECTION ( 'NONE',  ( -0.000000000000000000, -0.06975647374412527468, -0.9975640502598241977 ) ) ;
#8970 = EDGE_LOOP ( 'NONE', ( #5388, #7011, #509, #3313 ) ) ;
#8971 = EDGE_CURVE ( 'NONE', #7310, #3414, #3007, .T. ) ;
#8972 = DIRECTION ( 'NONE',  ( -0.000000000000000000, 1.000000000000000000, 0.000000000000000000 ) ) ;
#8973 = FACE_OUTER_BOUND ( 'NONE', #3809, .T. ) ;
#8974 = PLANE ( 'NONE',  #4100 ) ;
#8975 = VECTOR ( 'NONE', #9062, 1000.000000000000114 ) ;
#8976 = VECTOR ( 'NONE', #563, 1000.000000000000000 ) ;
#8977 = DIRECTION ( 'NONE',  ( -2.082697505432185440E-16, 1.000000000000000000, 0.000000000000000000 ) ) ;
#8978 = DIRECTION ( 'NONE',  ( -0.000000000000000000, -0.000000000000000000, -1.000000000000000000 ) ) ;
#8979 = EDGE_CURVE ( 'NONE', #3079, #8218, #1610, .T. ) ;
#8980 = ORIENTED_EDGE ( 'NONE', *, *, #1823, .F. ) ;
#8981 = CARTESIAN_POINT ( 'NONE',  ( 0.000000000000000000, 3.229999999999999982, 0.000000000000000000 ) ) ;
#8982 = EDGE_LOOP ( 'NONE', ( #2896, #241, #6084, #8311, #1392, #846 ) ) ;
#8983 = ORIENTED_EDGE ( 'NONE', *, *, #6667, .F. ) ;
#8984 = ORIENTED_EDGE ( 'NONE', *, *, #2546, .T. ) ;
#8985 = CARTESIAN_POINT ( 'NONE',  ( -0.8500000000000044187, 0.000000000000000000, 6.700000000000001066 ) ) ;
#8986 = CARTESIAN_POINT ( 'NONE',  ( -4.750000000000005329, 1.649999999999999911, 3.510000000000000231 ) ) ;
#8987 = DIRECTION ( 'NONE',  ( 0.000000000000000000, 0.000000000000000000, -1.000000000000000000 ) ) ;
#8988 = VERTEX_POINT ( 'NONE', #7181 ) ;
#8989 = LINE ( 'NONE', #1205, #2196 ) ;
#8990 = EDGE_CURVE ( 'NONE', #8838, #1125, #8687, .T. ) ;
#8991 = LINE ( 'NONE', #2763, #2913 ) ;
#8992 = DIRECTION ( 'NONE',  ( -1.000000000000000000, 0.000000000000000000, 0.000000000000000000 ) ) ;
#8993 = EDGE_CURVE ( 'NONE', #8904, #8385, #911, .T. ) ;
#8994 = AXIS2_PLACEMENT_3D ( 'NONE', #8653, #7190, #2937 ) ;
#8995 = ORIENTED_EDGE ( 'NONE', *, *, #6612, .F. ) ;
#8996 = ORIENTED_EDGE ( 'NONE', *, *, #497, .F. ) ;
#8997 = CARTESIAN_POINT ( 'NONE',  ( -6.595784965746635642, 1.149999999999994138, 2.915000000000000036 ) ) ;
#8998 = ORIENTED_EDGE ( 'NONE', *, *, #8748, .T. ) ;
#8999 = CARTESIAN_POINT ( 'NONE',  ( -6.309978747059014736, 0.6450308918860931939, 1.644999999999999796 ) ) ;
#9001 = LINE ( 'NONE', #6889, #6380 ) ;
#9000 = CARTESIAN_POINT ( 'NONE',  ( -2.399999999999998135, 3.729999999999999982, -6.200000000000000178 ) ) ;
#9002 = LINE ( 'NONE', #2046, #3466 ) ;
#9003 = DIRECTION ( 'NONE',  ( 1.000000000000000000, 0.000000000000000000, 0.000000000000000000 ) ) ;
#9004 = AXIS2_PLACEMENT_3D ( 'NONE', #576, #6149, #8953 ) ;
#9005 = ORIENTED_EDGE ( 'NONE', *, *, #172, .F. ) ;
#9006 = ORIENTED_EDGE ( 'NONE', *, *, #7067, .T. ) ;
#9007 =( NAMED_UNIT ( * ) SI_UNIT ( $, .STERADIAN. ) SOLID_ANGLE_UNIT ( ) );
#9008 = VECTOR ( 'NONE', #8053, 1000.000000000000000 ) ;
#9009 = AXIS2_PLACEMENT_3D ( 'NONE', #820, #2958, #7046 ) ;
#9010 = CARTESIAN_POINT ( 'NONE',  ( -6.742991448951236144, 0.8950308918860907514, -0.8950000000000003508 ) ) ;
#9011 = LINE ( 'NONE', #6164, #8713 ) ;
#9012 = ORIENTED_EDGE ( 'NONE', *, *, #6349, .T. ) ;
#9013 = CARTESIAN_POINT ( 'NONE',  ( -4.242685036398884613, 2.010000000000000231, 6.680000000000001492 ) ) ;
#9014 = AXIS2_PLACEMENT_3D ( 'NONE', #8422, #6403, #2119 ) ;
#9015 = ORIENTED_EDGE ( 'NONE', *, *, #4676, .F. ) ;
#9016 = DIRECTION ( 'NONE',  ( -0.000000000000000000, 0.000000000000000000, 1.000000000000000000 ) ) ;
#9018 = DIRECTION ( 'NONE',  ( 0.9975640502598243087, 0.06975647374412492774, 0.000000000000000000 ) ) ;
#9017 = VECTOR ( 'NONE', #8126, 1000.000000000000000 ) ;
#9019 = AXIS2_PLACEMENT_3D ( 'NONE', #2783, #6261, #7035 ) ;
#9020 = CARTESIAN_POINT ( 'NONE',  ( 5.050000000000002487, 3.229999999999999982, -5.800000000000000711 ) ) ;
#9021 = EDGE_CURVE ( 'NONE', #6605, #3698, #5830, .T. ) ;
#9022 = CARTESIAN_POINT ( 'NONE',  ( -5.729759561962193715, 0.6500000000000000222, 0.8950000000000000178 ) ) ;
#9023 = EDGE_LOOP ( 'NONE', ( #1074, #2236, #1877, #7896 ) ) ;
#9024 = FACE_OUTER_BOUND ( 'NONE', #7638, .T. ) ;
#9025 = EDGE_CURVE ( 'NONE', #4018, #7628, #506, .T. ) ;
#9026 = EDGE_CURVE ( 'NONE', #5434, #6534, #3971, .T. ) ;
#9027 = ORIENTED_EDGE ( 'NONE', *, *, #2697, .F. ) ;
#9028 = ORIENTED_EDGE ( 'NONE', *, *, #5768, .T. ) ;
#9029 = ORIENTED_EDGE ( 'NONE', *, *, #3813, .F. ) ;
#9030 = CARTESIAN_POINT ( 'NONE',  ( -2.049999999999997602, 3.229999999999999982, -5.799999999999998934 ) ) ;
#9031 = CARTESIAN_POINT ( 'NONE',  ( -6.309978747059014736, 0.6450308918860931939, -0.8950000000000003508 ) ) ;
#9032 = ORIENTED_EDGE ( 'NONE', *, *, #1196, .T. ) ;
#9033 = CARTESIAN_POINT ( 'NONE',  ( -5.729759561962193715, 1.649999999999999911, 0.2999999999999999334 ) ) ;
#9034 = AXIS2_PLACEMENT_3D ( 'NONE', #7808, #3585, #2827 ) ;
#9035 = AXIS2_PLACEMENT_3D ( 'NONE', #2941, #3792, #7109 ) ;
#9036 = CARTESIAN_POINT ( 'NONE',  ( -4.440221117080910496, 0.6404165072712850737, 0.000000000000000000 ) ) ;
#9037 = FACE_OUTER_BOUND ( 'NONE', #1619, .T. ) ;
#9038 = ADVANCED_FACE ( 'NONE', ( #6862 ), #8974, .T. ) ;
#9039 = VECTOR ( 'NONE', #938, 1000.000000000000000 ) ;
#9040 = VERTEX_POINT ( 'NONE', #3236 ) ;
#9041 = ORIENTED_EDGE ( 'NONE', *, *, #5228, .F. ) ;
#9042 = ORIENTED_EDGE ( 'NONE', *, *, #477, .T. ) ;
#9043 = LINE ( 'NONE', #4826, #6718 ) ;
#9044 = ADVANCED_FACE ( 'NONE', ( #4067 ), #1883, .F. ) ;
#9046 = LINE ( 'NONE', #2899, #5502 ) ;
#9045 = CARTESIAN_POINT ( 'NONE',  ( -4.750000000000005329, 1.649999999999999911, 2.840000000000000302 ) ) ;
#9047 = LINE ( 'NONE', #4833, #3663 ) ;
#9048 = ADVANCED_FACE ( 'NONE', ( #8287 ), #5483, .T. ) ;
#9049 = VERTEX_POINT ( 'NONE', #2564 ) ;
#9050 = ORIENTED_EDGE ( 'NONE', *, *, #4535, .T. ) ;
#9051 = SURFACE_STYLE_FILL_AREA ( #6205 ) ;
#9052 = EDGE_CURVE ( 'NONE', #7048, #3698, #6911, .T. ) ;
#9053 = CARTESIAN_POINT ( 'NONE',  ( 0.3500000000000021982, 3.729999999999999982, 5.799999999999999822 ) ) ;
#9054 = DIRECTION ( 'NONE',  ( 0.000000000000000000, -0.9975640502598243087, -0.06975647374412527468 ) ) ;
#9055 = LINE ( 'NONE', #5613, #2736 ) ;
#9056 = EDGE_LOOP ( 'NONE', ( #1021, #1734, #4919, #8599, #3433, #6299, #7397, #1595, #7557, #7984, #3878, #1096, #8773, #7028, #2501, #6827, #7745, #8236, #5816, #7105, #7783, #4318, #2473, #4329, #6346, #4306, #7821, #6423, #2234, #3379, #7410, #1193, #5362, #3898, #3482, #5641 ) ) ;
#9057 = FACE_OUTER_BOUND ( 'NONE', #2605, .T. ) ;
#9058 = EDGE_LOOP ( 'NONE', ( #7385 ) ) ;
#9059 = FACE_OUTER_BOUND ( 'NONE', #8590, .T. ) ;
#9060 = CARTESIAN_POINT ( 'NONE',  ( 0.000000000000000000, 0.000000000000000000, -1.569999999999999840 ) ) ;
#9061 = CARTESIAN_POINT ( 'NONE',  ( 0.000000000000000000, 0.000000000000000000, 0.000000000000000000 ) ) ;
#9062 = DIRECTION ( 'NONE',  ( -0.4999999999999974465, -0.8660254037844400399, -0.000000000000000000 ) ) ;
#9063 = VECTOR ( 'NONE', #5510, 1000.000000000000000 ) ;
#9064 = CARTESIAN_POINT ( 'NONE',  ( 6.238607719548550534, 3.229999999999999982, 1.500000000000000000 ) ) ;
#9065 = DIRECTION ( 'NONE',  ( 1.000000000000000000, 0.000000000000000000, 0.000000000000000000 ) ) ;
#9066 = ORIENTED_EDGE ( 'NONE', *, *, #4214, .T. ) ;
#9067 = DIRECTION ( 'NONE',  ( -0.4999999999999965583, -0.8660254037844405950, 0.000000000000000000 ) ) ;
#9068 = ORIENTED_EDGE ( 'NONE', *, *, #7565, .T. ) ;
#9069 = NEXT_ASSEMBLY_USAGE_OCCURRENCE ( 'NAUO1', ' ', ' ', #8317, #5723, $ ) ;
ENDSEC;
END-ISO-10303-21;
