status,reason,symbol,manufacturer,mpn,series,capacitance,rated_voltage,footprint,model,datasheet,source,dimensions_mm
generated,,330nF_63VDC_R82DC3330DQ60J,KEMET,R82DC3330DQ60J,R82,330nF,63VDC,C_Film_Box_L7.2mm_W3.5mm_H7.6mm_P5.0mm,C_Film_Box_L7.2mm_W3.5mm_H7.6mm_P5.0mm.wrl,${PL_SYMBOL_DIR}/PL Capacitor Film/Datasheets/KEM_F3101_R82.pdf,local PDF,L7.2 W3.5 H7.6 P5.0
generated,,100nF_305VAC_B32922C3104M189,TDK,B32922C3104M189,B3292*C/D - X2 Standard,100nF,305VAC,C_Film_Box_L18.0mm_W5.0mm_H10.5mm_P15.0mm,C_Film_Box_L18.0mm_W5.0mm_H10.5mm_P15.0mm.wrl,${PL_SYMBOL_DIR}/PL Capacitor Film/Datasheets/x2_b32921_928.pdf,local PDF,L18.0 W5.0 H10.5 P15.0
generated,,100nF_305VAC_B32921C3104M189,TDK,B32921C3104M189,B3292*C/D - X2 Standard,100nF,305VAC,C_Film_Box_L13.0mm_W6.0mm_H12.0mm_P10.0mm,C_Film_Box_L13.0mm_W6.0mm_H12.0mm_P10.0mm.wrl,${PL_SYMBOL_DIR}/PL Capacitor Film/Datasheets/x2_b32921_928.pdf,local PDF,L13.0 W6.0 H12.0 P10.0
generated,,100nF_305VAC_B32921C3104M000,TDK,B32921C3104M000,B3292*C/D - X2 Standard,100nF,305VAC,C_Film_Box_L13.0mm_W6.0mm_H12.0mm_P10.0mm,C_Film_Box_L13.0mm_W6.0mm_H12.0mm_P10.0mm.wrl,${PL_SYMBOL_DIR}/PL Capacitor Film/Datasheets/x2_b32921_928.pdf,local PDF,L13.0 W6.0 H12.0 P10.0
generated,,1nF_300VAC_B32021A3102M189,TDK,B32021A3102M189,B3202* - Y2 Standard,1nF,300VAC,C_Film_Box_L13.0mm_W4.0mm_H9.0mm_P10.0mm,C_Film_Box_L13.0mm_W4.0mm_H9.0mm_P10.0mm.wrl,${PL_SYMBOL_DIR}/PL Capacitor Film/Datasheets/Y2_B32021_026.pdf,local PDF,L13.0 W4.0 H9.0 P10.0
generated,,1uF_63VDC_B32529C0105K189,TDK,B32529C0105K189,B3252* - MKT General Purpose,1uF,63VDC,C_Film_Box_L7.3mm_W4.5mm_H9.5mm_P5.0mm,C_Film_Box_L7.3mm_W4.5mm_H9.5mm_P5.0mm.wrl,${PL_SYMBOL_DIR}/PL Capacitor Film/Datasheets/b32520_529.pdf,local PDF,L7.3 W4.5 H9.5 P5.0
generated,,1uF_63VDC_R82DC4100DQ60J,KEMET,R82DC4100DQ60J,R82,1uF,63VDC,C_Film_Box_L7.2mm_W5.0mm_H10.1mm_P5.0mm,C_Film_Box_L7.2mm_W5.0mm_H10.1mm_P5.0mm.wrl,${PL_SYMBOL_DIR}/PL Capacitor Film/Datasheets/KEM_F3101_R82.pdf,local PDF,L7.2 W5.0 H10.1 P5.0
generated,,2.2nF_300VAC_B32021A3222M189,TDK,B32021A3222M189,B3202* - Y2 Standard,2.2nF,300VAC,C_Film_Box_L13.0mm_W4.0mm_H9.0mm_P10.0mm,C_Film_Box_L13.0mm_W4.0mm_H9.0mm_P10.0mm.wrl,${PL_SYMBOL_DIR}/PL Capacitor Film/Datasheets/Y2_B32021_026.pdf,local PDF,L13.0 W4.0 H9.0 P10.0
generated,,1uF_63VDC_B32529C0105J000,TDK,B32529C0105J000,B3252* - MKT General Purpose,1uF,63VDC,C_Film_Box_L7.3mm_W4.5mm_H9.5mm_P5.0mm,C_Film_Box_L7.3mm_W4.5mm_H9.5mm_P5.0mm.wrl,${PL_SYMBOL_DIR}/PL Capacitor Film/Datasheets/b32520_529.pdf,local PDF,L7.3 W4.5 H9.5 P5.0
generated,,10nF_300VAC_B32021A3103M289,TDK,B32021A3103M289,B3202* - Y2 Standard,10nF,300VAC,C_Film_Box_L13.0mm_W6.0mm_H12.0mm_P10.0mm,C_Film_Box_L13.0mm_W6.0mm_H12.0mm_P10.0mm.wrl,${PL_SYMBOL_DIR}/PL Capacitor Film/Datasheets/Y2_B32021_026.pdf,local PDF,L13.0 W6.0 H12.0 P10.0
generated,,470nF_305VAC_B32922C3474M000,TDK,B32922C3474M000,B3292*C/D - X2 Standard,470nF,305VAC,C_Film_Box_L18.0mm_W9.0mm_H17.5mm_P15.0mm,C_Film_Box_L18.0mm_W9.0mm_H17.5mm_P15.0mm.wrl,${PL_SYMBOL_DIR}/PL Capacitor Film/Datasheets/x2_b32921_928.pdf,local PDF,L18.0 W9.0 H17.5 P15.0
generated,,680nF_305VAC_B32923C3684M000,TDK,B32923C3684M000,B3292*C/D - X2 Standard,680nF,305VAC,C_Film_Box_L26.5mm_W10.5mm_H16.5mm_P22.5mm,C_Film_Box_L26.5mm_W10.5mm_H16.5mm_P22.5mm.wrl,${PL_SYMBOL_DIR}/PL Capacitor Film/Datasheets/x2_b32921_928.pdf,local PDF,L26.5 W10.5 H16.5 P22.5
generated,,10nF_1250VDC_PHE850EB5100MB04R17,KEMET,PHE850EB5100MB04R17,PHE850,10nF,1250VDC,C_Film_Box_L18.0mm_W5.5mm_H10.5mm_P15.0mm,C_Film_Box_L18.0mm_W5.5mm_H10.5mm_P15.0mm.wrl,${PL_SYMBOL_DIR}/PL Capacitor Film/Datasheets/F3294_PHE850.pdf,local PDF,L18.0 W5.5 H10.5 P15.0
generated,,100nF_560VDC_R46KF310050P0K,KEMET,R46KF310050P0K,R46,100nF,560VDC,C_Film_Box_L13.0mm_W6.0mm_H12.1mm_P10.0mm,C_Film_Box_L13.0mm_W6.0mm_H12.1mm_P10.0mm.wrl,${PL_SYMBOL_DIR}/PL Capacitor Film/Datasheets/KEM_F3094_R46_X2_275_110C_MIN.pdf,local PDF,L13.0 W6.0 H12.1 P10.0
generated,,1uF_100VDC_R82EC4100DQ70J,KEMET,R82EC4100DQ70J,R82,1uF,100VDC,C_Film_Box_L7.2mm_W6.0mm_H11.1mm_P5.0mm,C_Film_Box_L7.2mm_W6.0mm_H11.1mm_P5.0mm.wrl,${PL_SYMBOL_DIR}/PL Capacitor Film/Datasheets/KEM_F3101_R82.pdf,local PDF,L7.2 W6.0 H11.1 P5.0
generated,,1nF_500VAC_B81123C1102M000,TDK,B81123C1102M000,B81123* - Y1,1nF,500VAC,C_Film_Box_L18.0mm_W5.0mm_H10.5mm_P15.0mm,C_Film_Box_L18.0mm_W5.0mm_H10.5mm_P15.0mm.wrl,${PL_SYMBOL_DIR}/PL Capacitor Film/Datasheets/Y1_B81123.pdf,local PDF,L18.0 W5.0 H10.5 P15.0
generated,,680nF_310VAC_890334025045,Würth Elektronik,890334025045,WCAP-FTXX,680nF,310VAC,C_Film_Box_L18.0mm_W10.0mm_H16.5mm_P15.0mm,C_Film_Box_L18.0mm_W10.0mm_H16.5mm_P15.0mm.wrl,https://www.we-online.com/components/products/datasheet/890334025045.pdf,datasheet URL,L18.0 W10.0 H16.5 P15.0
generated,,1uF_250VDC_B32522N3105K189,TDK,B32522N3105K189,B3252* - MKT General Purpose,1uF,250VDC,C_Film_Box_L18.0mm_W8.5mm_H14.5mm_P15.0mm,C_Film_Box_L18.0mm_W8.5mm_H14.5mm_P15.0mm.wrl,${PL_SYMBOL_DIR}/PL Capacitor Film/Datasheets/b32520_529.pdf,local PDF,L18.0 W8.5 H14.5 P15.0
generated,,10nF_300VAC_B32021A3103M000,TDK,B32021A3103M000,B3202* - Y2 Standard,10nF,300VAC,C_Film_Box_L13.0mm_W6.0mm_H12.0mm_P10.0mm,C_Film_Box_L13.0mm_W6.0mm_H12.0mm_P10.0mm.wrl,${PL_SYMBOL_DIR}/PL Capacitor Film/Datasheets/Y2_B32021_026.pdf,local PDF,L13.0 W6.0 H12.0 P10.0
generated,,470nF_630VDC_R463I347050N0M,KEMET,R463I347050N0M,R46,470nF,630VDC,C_Film_Box_L18.0mm_W10.0mm_H16.1mm_P15.0mm,C_Film_Box_L18.0mm_W10.0mm_H16.1mm_P15.0mm.wrl,${PL_SYMBOL_DIR}/PL Capacitor Film/Datasheets/KEM_F3095_R46_X2_310_110C.pdf,local PDF,L18.0 W10.0 H16.1 P15.0
generated,,470nF_305VAC_B32922C3474K189,TDK,B32922C3474K189,B3292*C/D - X2 Standard,470nF,305VAC,C_Film_Box_L18.0mm_W9.0mm_H17.5mm_P15.0mm,C_Film_Box_L18.0mm_W9.0mm_H17.5mm_P15.0mm.wrl,${PL_SYMBOL_DIR}/PL Capacitor Film/Datasheets/x2_b32921_928.pdf,local PDF,L18.0 W9.0 H17.5 P15.0
generated,,2.2nF_500VAC_B81123C1222M000,TDK,B81123C1222M000,B81123* - Y1,2.2nF,500VAC,C_Film_Box_L18.0mm_W7.0mm_H12.5mm_P15.0mm,C_Film_Box_L18.0mm_W7.0mm_H12.5mm_P15.0mm.wrl,${PL_SYMBOL_DIR}/PL Capacitor Film/Datasheets/Y1_B81123.pdf,local PDF,L18.0 W7.0 H12.5 P15.0
generated,,4.7nF_500VAC_B81123C1472M000,TDK,B81123C1472M000,B81123* - Y1,4.7nF,500VAC,C_Film_Box_L18.0mm_W9.0mm_H17.5mm_P15.0mm,C_Film_Box_L18.0mm_W9.0mm_H17.5mm_P15.0mm.wrl,${PL_SYMBOL_DIR}/PL Capacitor Film/Datasheets/Y1_B81123.pdf,local PDF,L18.0 W9.0 H17.5 P15.0
generated,,1uF_630VDC_BFC233920105,Vishay Beyschlag/Draloric/BC Components,BFC233920105,MKP339,1uF,630VDC,C_Film_Box_L26.0mm_W10.0mm_H19.5mm_P22.5mm,C_Film_Box_L26.0mm_W10.0mm_H19.5mm_P22.5mm.wrl,https://www.vishay.com/docs/28138/mkp339x2.pdf,datasheet URL,L26.0 W10.0 H19.5 P22.5
generated,,680nF_305VAC_B32922C3684K000,TDK,B32922C3684K000,B3292*C/D - X2 Standard,680nF,305VAC,C_Film_Box_L18.0mm_W11.0mm_H18.5mm_P15.0mm,C_Film_Box_L18.0mm_W11.0mm_H18.5mm_P15.0mm.wrl,${PL_SYMBOL_DIR}/PL Capacitor Film/Datasheets/x2_b32921_928.pdf,local PDF,L18.0 W11.0 H18.5 P15.0
generated,,2.2nF_1000VDC_PME271Y422MR30,KEMET,PME271Y422MR30,PME271Y,2.2nF,1000VDC,C_Film_Box_L13.5mm_W3.9mm_H7.5mm_P10.2mm,C_Film_Box_L13.5mm_W3.9mm_H7.5mm_P10.2mm.wrl,${PL_SYMBOL_DIR}/PL Capacitor Film/Datasheets/KEM_F3016_PME271Y_Y2_250.pdf,local PDF,L13.5 W3.9 H7.5 P10.2
generated,,1uF_560VDC_R46KN410050N1K,KEMET,R46KN410050N1K,R46,1uF,560VDC,C_Film_Box_L26.5mm_W11.0mm_H20.1mm_P22.5mm,C_Film_Box_L26.5mm_W11.0mm_H20.1mm_P22.5mm.wrl,${PL_SYMBOL_DIR}/PL Capacitor Film/Datasheets/KEM_F3093_R46_X2_275_110C.pdf,local PDF,L26.5 W11.0 H20.1 P22.5
generated,,150nF_330VAC_B32912B3154M000,TDK,B32912B3154M000,B3291*A/B3 - X1 Standard,150nF,330VAC,C_Film_Box_L18.0mm_W7.0mm_H12.5mm_P15.0mm,C_Film_Box_L18.0mm_W7.0mm_H12.5mm_P15.0mm.wrl,${PL_SYMBOL_DIR}/PL Capacitor Film/Datasheets/X1_B32911_916.pdf,local PDF,L18.0 W7.0 H12.5 P15.0
generated,,1uF_560VDC_R46KN410000N2M,KEMET,R46KN410000N2M,R46,1uF,560VDC,C_Film_Box_L26.5mm_W10.0mm_H18.6mm_P22.5mm,C_Film_Box_L26.5mm_W10.0mm_H18.6mm_P22.5mm.wrl,${PL_SYMBOL_DIR}/PL Capacitor Film/Datasheets/KEM_F3093_R46_X2_275_110C.pdf,local PDF,L26.5 W10.0 H18.6 P22.5
generated,,4.7nF_1000VDC_PME271Y447MR30,KEMET,PME271Y447MR30,PME271Y,4.7nF,1000VDC,C_Film_Box_L13.5mm_W5.1mm_H10.5mm_P10.2mm,C_Film_Box_L13.5mm_W5.1mm_H10.5mm_P10.2mm.wrl,${PL_SYMBOL_DIR}/PL Capacitor Film/Datasheets/KEM_F3016_PME271Y_Y2_250.pdf,local PDF,L13.5 W5.1 H10.5 P10.2
generated,,470nF_305VAC_B32932A3474M000,TDK,B32932A3474M000,B3293* - X2 Heavy Duty,470nF,305VAC,C_Film_Box_L18.0mm_W11.0mm_H18.5mm_P15.0mm,C_Film_Box_L18.0mm_W11.0mm_H18.5mm_P15.0mm.wrl,${PL_SYMBOL_DIR}/PL Capacitor Film/Datasheets/MKT_B32932_936.pdf,local PDF,L18.0 W11.0 H18.5 P15.0
generated,,330nF_305VAC_B32932A3334K189,TDK,B32932A3334K189,B3293* - X2 Heavy Duty,330nF,305VAC,C_Film_Box_L18.0mm_W9.0mm_H17.5mm_P15.0mm,C_Film_Box_L18.0mm_W9.0mm_H17.5mm_P15.0mm.wrl,${PL_SYMBOL_DIR}/PL Capacitor Film/Datasheets/MKT_B32932_936.pdf,local PDF,L18.0 W9.0 H17.5 P15.0
generated,,470nF_630VDC_BFC233820474,Vishay Beyschlag/Draloric/BC Components,BFC233820474,MKP338 2,470nF,630VDC,C_Film_Box_L26.0mm_W7.0mm_H16.5mm_P22.5mm,C_Film_Box_L26.0mm_W7.0mm_H16.5mm_P22.5mm.wrl,https://www.waldom.com/upload/parts/datasheets/mf-vis/vis-bfc233820474.pdf,datasheet URL,L26.0 W7.0 H16.5 P22.5
generated,,1uF_630VDC_R463N410000N2M,KEMET,R463N410000N2M,R46,1uF,630VDC,C_Film_Box_L26.5mm_W10.0mm_H18.6mm_P22.5mm,C_Film_Box_L26.5mm_W10.0mm_H18.6mm_P22.5mm.wrl,${PL_SYMBOL_DIR}/PL Capacitor Film/Datasheets/KEM_F3095_R46_X2_310_110C.pdf,local PDF,L26.5 W10.0 H18.6 P22.5
generated,,47nF_1250VDC_PHE850EB5470MB14R17,KEMET,PHE850EB5470MB14R17,PHE850,47nF,1250VDC,C_Film_Box_L18.0mm_W9.5mm_H17.5mm_P15.0mm,C_Film_Box_L18.0mm_W9.5mm_H17.5mm_P15.0mm.wrl,${PL_SYMBOL_DIR}/PL Capacitor Film/Datasheets/F3294_PHE850.pdf,local PDF,L18.0 W9.5 H17.5 P15.0
generated,,680nF_305VAC_B32922C3684K189,TDK,B32922C3684K189,B3292*C/D - X2 Standard,680nF,305VAC,C_Film_Box_L18.0mm_W11.0mm_H18.5mm_P15.0mm,C_Film_Box_L18.0mm_W11.0mm_H18.5mm_P15.0mm.wrl,${PL_SYMBOL_DIR}/PL Capacitor Film/Datasheets/x2_b32921_928.pdf,local PDF,L18.0 W11.0 H18.5 P15.0
generated,,1.5uF_305VAC_B32923C3155M000,TDK,B32923C3155M000,B3292*C/D - X2 Standard,1.5uF,305VAC,C_Film_Box_L26.5mm_W12.0mm_H22.0mm_P22.5mm,C_Film_Box_L26.5mm_W12.0mm_H22.0mm_P22.5mm.wrl,${PL_SYMBOL_DIR}/PL Capacitor Film/Datasheets/x2_b32921_928.pdf,local PDF,L26.5 W12.0 H22.0 P22.5
generated,,1.5uF_560VDC_R46KN415040P1M,KEMET,R46KN415040P1M,R46,1.5uF,560VDC,C_Film_Box_L26.5mm_W10.0mm_H18.6mm_P22.5mm,C_Film_Box_L26.5mm_W10.0mm_H18.6mm_P22.5mm.wrl,${PL_SYMBOL_DIR}/PL Capacitor Film/Datasheets/KEM_F3094_R46_X2_275_110C_MIN.pdf,local PDF,L26.5 W10.0 H18.6 P22.5
generated,,470nF_760VDC_PHE840MB6470MB16R17,KEMET,PHE840MB6470MB16R17,PHE840M,470nF,760VDC,C_Film_Box_L18.0mm_W11.0mm_H19.0mm_P15.0mm,C_Film_Box_L18.0mm_W11.0mm_H19.0mm_P15.0mm.wrl,https://content.kemet.com/datasheets/F3294_PHE840M.pdf,datasheet URL,L18.0 W11.0 H19.0 P15.0
generated,,1.5uF_305VAC_B32923C3155M189,TDK,B32923C3155M189,B3292*C/D - X2 Standard,1.5uF,305VAC,C_Film_Box_L26.5mm_W12.0mm_H22.0mm_P22.5mm,C_Film_Box_L26.5mm_W12.0mm_H22.0mm_P22.5mm.wrl,${PL_SYMBOL_DIR}/PL Capacitor Film/Datasheets/x2_b32921_928.pdf,local PDF,L26.5 W12.0 H22.0 P22.5
generated,,330nF_330VAC_B32912B3334M000,TDK,B32912B3334M000,B3291*A/B3 - X1 Standard,330nF,330VAC,C_Film_Box_L18.0mm_W9.0mm_H17.5mm_P15.0mm,C_Film_Box_L18.0mm_W9.0mm_H17.5mm_P15.0mm.wrl,${PL_SYMBOL_DIR}/PL Capacitor Film/Datasheets/X1_B32911_916.pdf,local PDF,L18.0 W9.0 H17.5 P15.0
generated,,1uF_560VDC_R46KR410050M1K,KEMET,R46KR410050M1K,R46,1uF,560VDC,C_Film_Box_L32.0mm_W11.0mm_H20.1mm_P27.5mm,C_Film_Box_L32.0mm_W11.0mm_H20.1mm_P27.5mm.wrl,${PL_SYMBOL_DIR}/PL Capacitor Film/Datasheets/KEM_F3093_R46_X2_275_110C.pdf,local PDF,L32.0 W11.0 H20.1 P27.5
generated,,2.2uF_305VAC_B32923C3225M000,TDK,B32923C3225M000,B3292*C/D - X2 Standard,2.2uF,305VAC,C_Film_Box_L26.5mm_W14.5mm_H29.5mm_P22.5mm,C_Film_Box_L26.5mm_W14.5mm_H29.5mm_P22.5mm.wrl,${PL_SYMBOL_DIR}/PL Capacitor Film/Datasheets/x2_b32921_928.pdf,local PDF,L26.5 W14.5 H29.5 P22.5
generated,,10nF_1000VDC_PME271Y510MR30,KEMET,PME271Y510MR30,PME271Y,10nF,1000VDC,C_Film_Box_L18.5mm_W5.2mm_H10.5mm_P15.2mm,C_Film_Box_L18.5mm_W5.2mm_H10.5mm_P15.2mm.wrl,${PL_SYMBOL_DIR}/PL Capacitor Film/Datasheets/KEM_F3016_PME271Y_Y2_250.pdf,local PDF,L18.5 W5.2 H10.5 P15.2
generated,,100nF_1250VDC_PHE850ED6100MD18R06L2,KEMET,PHE850ED6100MD18R06L2,PHE850,100nF,1250VDC,C_Film_Box_L26.0mm_W10.5mm_H19.0mm_P22.5mm,C_Film_Box_L26.0mm_W10.5mm_H19.0mm_P22.5mm.wrl,${PL_SYMBOL_DIR}/PL Capacitor Film/Datasheets/F3294_PHE850.pdf,local PDF,L26.0 W10.5 H19.0 P22.5
generated,,2.2uF_100VDC_B32522C1225J000,TDK,B32522C1225J000,B3252* - MKT General Purpose,2.2uF,100VDC,C_Film_Box_L18.0mm_W7.0mm_H12.5mm_P15.0mm,C_Film_Box_L18.0mm_W7.0mm_H12.5mm_P15.0mm.wrl,${PL_SYMBOL_DIR}/PL Capacitor Film/Datasheets/b32520_529.pdf,local PDF,L18.0 W7.0 H12.5 P15.0
generated,,1uF_630VDC_F861BZ105M310A,KEMET,F861BZ105M310A,F861,1uF,630VDC,C_Film_Box_L18.0mm_W12.0mm_H20.0mm_P15.0mm,C_Film_Box_L18.0mm_W12.0mm_H20.0mm_P15.0mm.wrl,https://yageogroup.com/content/datasheet/asset/file/KEM_F3001_F861_X2_310,datasheet URL,L18.0 W12.0 H20.0 P15.0
generated,,100nF_300VAC_B32023A3104M000,TDK,B32023A3104M000,B3202* - Y2 Standard,100nF,300VAC,C_Film_Box_L26.5mm_W8.5mm_H16.5mm_P22.5mm,C_Film_Box_L26.5mm_W8.5mm_H16.5mm_P22.5mm.wrl,${PL_SYMBOL_DIR}/PL Capacitor Film/Datasheets/Y2_B32021_026.pdf,local PDF,L26.5 W8.5 H16.5 P22.5
generated,,2.2uF_560VDC_R46KN422000P0M,KEMET,R46KN422000P0M,R46,2.2uF,560VDC,C_Film_Box_L26.5mm_W13.0mm_H22.1mm_P22.5mm,C_Film_Box_L26.5mm_W13.0mm_H22.1mm_P22.5mm.wrl,${PL_SYMBOL_DIR}/PL Capacitor Film/Datasheets/KEM_F3094_R46_X2_275_110C_MIN.pdf,local PDF,L26.5 W13.0 H22.1 P22.5
generated,,2.2uF_305VAC_B32924C3225M000,TDK,B32924C3225M000,B3292*C/D - X2 Standard,2.2uF,305VAC,C_Film_Box_L31.5mm_W14.0mm_H24.5mm_P27.5mm,C_Film_Box_L31.5mm_W14.0mm_H24.5mm_P27.5mm.wrl,${PL_SYMBOL_DIR}/PL Capacitor Film/Datasheets/x2_b32921_928.pdf,local PDF,L31.5 W14.0 H24.5 P27.5
generated,,1.5uF_305VAC_B32924C3155K189,TDK,B32924C3155K189,B3292*C/D - X2 Standard,1.5uF,305VAC,C_Film_Box_L31.5mm_W12.5mm_H21.5mm_P27.5mm,C_Film_Box_L31.5mm_W12.5mm_H21.5mm_P27.5mm.wrl,${PL_SYMBOL_DIR}/PL Capacitor Film/Datasheets/x2_b32921_928.pdf,local PDF,L31.5 W12.5 H21.5 P27.5
generated,,100nF_630VDC_DME6P1K-F,Cornell Dubilier Knowles,DME6P1K-F,DME,100nF,630VDC,C_Film_Box_L18.5mm_W6.5mm_H15.5mm_P15.0mm,C_Film_Box_L18.5mm_W6.5mm_H15.5mm_P15.0mm.wrl,${PL_SYMBOL_DIR}/PL Capacitor Film/Datasheets/DME.pdf,local PDF,L18.5 W6.5 H15.5 P15.0
generated,,10nF_500VAC_B81123C1103M000,TDK,B81123C1103M000,B81123* - Y1,10nF,500VAC,C_Film_Box_L26.5mm_W10.5mm_H18.5mm_P22.5mm,C_Film_Box_L26.5mm_W10.5mm_H18.5mm_P22.5mm.wrl,${PL_SYMBOL_DIR}/PL Capacitor Film/Datasheets/Y1_B81123.pdf,local PDF,L26.5 W10.5 H18.5 P22.5
existing_symbol,pre-existing MPN preserved; original footprint retained,1.5uF_L26xW10xH21.5_890334026030CS,Würth Elektronik,890334026030CS,WCAP-FTXX,1.5uF,310VAC,PL Capacitor Film:890334026030CS,,https://www.we-online.com/components/products/datasheet/890334026030CS.pdf,datasheet URL,L26.0 W10.0 H21.5 P22.5
generated,,4.7nF_1500VDC_PME295RB4470MR30,KEMET,PME295RB4470MR30,PME295,4.7nF,1500VDC,C_Film_Box_L18.0mm_W8.5mm_H16.0mm_P15.0mm,C_Film_Box_L18.0mm_W8.5mm_H16.0mm_P15.0mm.wrl,https://yageogroup.com/content/datasheet/asset/file/KEM_F3064_PME295_Y1_440-480,datasheet URL,L18.0 W8.5 H16.0 P15.0
generated,,4.7nF_6000VDC_FKP1Y014706B00JSSD,WIMA,FKP1Y014706B00JSSD,-,4.7nF,6000VDC,C_Film_Box_L31.5mm_W11.0mm_H21.0mm_P27.5mm,C_Film_Box_L31.5mm_W11.0mm_H21.0mm_P27.5mm.wrl,https://www.wima.de/wp-content/uploads/media/e_WIMA_FKP_1.pdf,datasheet URL,L31.5 W11.0 H21.0 P27.5
generated,,1uF_875VDC_B32674D8105K000,TDK,B32674D8105K000,B3267* - MKP DC-Link High Power,1uF,875VDC,C_Film_Box_L31.5mm_W13.5mm_H23.0mm_P27.5mm,C_Film_Box_L31.5mm_W13.5mm_H23.0mm_P27.5mm.wrl,https://product.tdk.com/en/system/files/dam/doc/product/capacitor/film/mkp_mfp/data_sheet/20/20/db/fc_2009/mkp_b32674_678.pdf,datasheet URL,L31.5 W13.5 H23.0 P27.5
generated,,220nF_630VDC_DME6P22K-F,Cornell Dubilier Knowles,DME6P22K-F,DME,220nF,630VDC,C_Film_Box_L18.5mm_W9.5mm_H18.5mm_P15.0mm,C_Film_Box_L18.5mm_W9.5mm_H18.5mm_P15.0mm.wrl,${PL_SYMBOL_DIR}/PL Capacitor Film/Datasheets/DME.pdf,local PDF,L18.5 W9.5 H18.5 P15.0
generated,,2.2uF_630VDC_R463W422050M1K,KEMET,R463W422050M1K,R46,2.2uF,630VDC,C_Film_Box_L41.5mm_W13.0mm_H24.1mm_P37.5mm,C_Film_Box_L41.5mm_W13.0mm_H24.1mm_P37.5mm.wrl,${PL_SYMBOL_DIR}/PL Capacitor Film/Datasheets/KEM_F3095_R46_X2_310_110C.pdf,local PDF,L41.5 W13.0 H24.1 P37.5
generated,,2.2uF_630VDC_BFC233820225,Vishay Beyschlag/Draloric/BC Components,BFC233820225,MKP338 2,2.2uF,630VDC,C_Film_Box_L31.5mm_W15.0mm_H25.0mm_P27.5mm,C_Film_Box_L31.5mm_W15.0mm_H25.0mm_P27.5mm.wrl,${PL_SYMBOL_DIR}/PL Capacitor Film/Datasheets/mkp3382x2.pdf,local PDF,L31.5 W15.0 H25.0 P27.5
generated,,330nF_530VAC_B32913A5334M000,TDK,B32913A5334M000,B3291*A/B3 - X1 Standard,330nF,530VAC,C_Film_Box_L26.5mm_W11.0mm_H20.5mm_P22.5mm,C_Film_Box_L26.5mm_W11.0mm_H20.5mm_P22.5mm.wrl,https://www.tdk-electronics.tdk.com/inf/20/20/ds/X1_B32912_918_530V.pdf,datasheet URL,L26.5 W11.0 H20.5 P22.5
generated,,1uF_630VDC_MKP4J041006D00KSSD,WIMA,MKP4J041006D00KSSD,-,1uF,630VDC,C_Film_Box_L31.5mm_W13.0mm_H24.0mm_P27.5mm,C_Film_Box_L31.5mm_W13.0mm_H24.0mm_P27.5mm.wrl,https://www.wima.de/wp-content/uploads/media/e_WIMA_MKP_4.pdf,datasheet URL,L31.5 W13.0 H24.0 P27.5
generated,,2.2uF_630VDC_B32674D6225K000,TDK,B32674D6225K000,B3267* - MKP DC-Link High Power,2.2uF,630VDC,C_Film_Box_L31.5mm_W15.0mm_H24.5mm_P27.5mm,C_Film_Box_L31.5mm_W15.0mm_H24.5mm_P27.5mm.wrl,https://product.tdk.com/en/system/files/dam/doc/product/capacitor/film/mkp_mfp/data_sheet/20/20/db/fc_2009/mkp_b32674_678.pdf,datasheet URL,L31.5 W15.0 H24.5 P27.5
generated,,1.5uF_1300VDC_B32774D1155K000,TDK,B32774D1155K000,B3277* - MKP DC-Link,1.5uF,1300VDC,C_Film_Box_L31.5mm_W12.5mm_H21.5mm_P27.5mm,C_Film_Box_L31.5mm_W12.5mm_H21.5mm_P27.5mm.wrl,https://www.tdk-electronics.tdk.com/inf/20/20/db/fc_2009/MKP_B32774_778.pdf,datasheet URL,L31.5 W12.5 H21.5 P27.5
generated,,1uF_480VAC_F339X151048MKP2T0,Vishay Beyschlag/Draloric/BC Components,F339X151048MKP2T0,F339X1,1uF,480VAC,C_Film_Box_L31.5mm_W18.0mm_H28.0mm_P27.5mm,C_Film_Box_L31.5mm_W18.0mm_H28.0mm_P27.5mm.wrl,https://www.vishay.com/docs/28186/f339x1480vac.pdf,datasheet URL,L31.5 W18.0 H28.0 P27.5
generated,,10uF_63VDC_B32522C0106K000,TDK,B32522C0106K000,B3252* - MKT General Purpose,10uF,63VDC,C_Film_Box_L18.0mm_W9.0mm_H17.5mm_P15.0mm,C_Film_Box_L18.0mm_W9.0mm_H17.5mm_P15.0mm.wrl,${PL_SYMBOL_DIR}/PL Capacitor Film/Datasheets/b32520_529.pdf,local PDF,L18.0 W9.0 H17.5 P15.0
generated,,10uF_63VDC_B32522C0106K189,TDK,B32522C0106K189,B3252* - MKT General Purpose,10uF,63VDC,C_Film_Box_L18.0mm_W9.0mm_H17.5mm_P15.0mm,C_Film_Box_L18.0mm_W9.0mm_H17.5mm_P15.0mm.wrl,${PL_SYMBOL_DIR}/PL Capacitor Film/Datasheets/b32520_529.pdf,local PDF,L18.0 W9.0 H17.5 P15.0
generated,,1uF_760VDC_PHE840MZ7100MF11R06L2,KEMET,PHE840MZ7100MF11R06L2,PHE840M,1uF,760VDC,C_Film_Box_L31.5mm_W10.5mm_H20.5mm_P27.5mm,C_Film_Box_L31.5mm_W10.5mm_H20.5mm_P27.5mm.wrl,https://content.kemet.com/datasheets/F3294_PHE840M.pdf,datasheet URL,L31.5 W10.5 H20.5 P27.5
generated,,2.2uF_330VAC_B32914A3225M000,TDK,B32914A3225M000,B3291*A/B3 - X1 Standard,2.2uF,330VAC,C_Film_Box_L31.5mm_W19.0mm_H30.0mm_P27.5mm,C_Film_Box_L31.5mm_W19.0mm_H30.0mm_P27.5mm.wrl,${PL_SYMBOL_DIR}/PL Capacitor Film/Datasheets/X1_B32911_916.pdf,local PDF,L31.5 W19.0 H30.0 P27.5
generated,,10nF_3000VDC_PHE450XD5100JD15R06L2,KEMET,PHE450XD5100JD15R06L2,PHE450,10nF,3000VDC,C_Film_Box_L26.0mm_W9.0mm_H18.5mm_P22.5mm,C_Film_Box_L26.0mm_W9.0mm_H18.5mm_P22.5mm.wrl,https://content.kemet.com/datasheets/KEM_F3033_PHE450.pdf,datasheet URL,L26.0 W9.0 H18.5 P22.5
generated,,4.7uF_450VDC_B32674D4475K000,TDK,B32674D4475K000,B3267* - MKP DC-Link High Power,4.7uF,450VDC,C_Film_Box_L31.5mm_W18.0mm_H27.5mm_P27.5mm,C_Film_Box_L31.5mm_W18.0mm_H27.5mm_P27.5mm.wrl,https://product.tdk.com/en/system/files/dam/doc/product/capacitor/film/mkp_mfp/data_sheet/20/20/db/fc_2009/mkp_b32674_678.pdf,datasheet URL,L31.5 W18.0 H27.5 P27.5
generated,,4.7uF_560VDC_R46KR447000P1M,KEMET,R46KR447000P1M,R46,4.7uF,560VDC,C_Film_Box_L32.0mm_W14.0mm_H28.1mm_P27.5mm,C_Film_Box_L32.0mm_W14.0mm_H28.1mm_P27.5mm.wrl,${PL_SYMBOL_DIR}/PL Capacitor Film/Datasheets/KEM_F3094_R46_X2_275_110C_MIN.pdf,local PDF,L32.0 W14.0 H28.1 P27.5
generated,,10uF_500VDC_C4AQLBU5100A1XK,KEMET,C4AQLBU5100A1XK,C4AQ,10uF,500VDC,C_Film_Box_L31.5mm_W13.0mm_H25.2mm_P27.5mm,C_Film_Box_L31.5mm_W13.0mm_H25.2mm_P27.5mm.wrl,https://yageogroup.com/content/datasheet/asset/file/KEM_F3114_C4AQ,datasheet URL,L31.5 W13.0 H25.2 P27.5
generated,,10uF_100VDC_B32523Q1106K000,TDK,B32523Q1106K000,B3252* - MKT General Purpose,10uF,100VDC,C_Film_Box_L26.5mm_W10.5mm_H16.5mm_P22.5mm,C_Film_Box_L26.5mm_W10.5mm_H16.5mm_P22.5mm.wrl,${PL_SYMBOL_DIR}/PL Capacitor Film/Datasheets/b32520_529.pdf,local PDF,L26.5 W10.5 H16.5 P22.5
generated,,5uF_800VDC_B32774D8505K000,TDK,B32774D8505K000,B3277* - MKP DC-Link,5uF,800VDC,C_Film_Box_L31.5mm_W14.0mm_H24.5mm_P27.5mm,C_Film_Box_L31.5mm_W14.0mm_H24.5mm_P27.5mm.wrl,https://www.tdk-electronics.tdk.com/inf/20/20/db/fc_2009/MKP_B32774_778.pdf,datasheet URL,L31.5 W14.0 H24.5 P27.5
generated,,470nF_300VAC_B32024A3474M000,TDK,B32024A3474M000,B3202* - Y2 Standard,470nF,300VAC,C_Film_Box_L31.5mm_W15.0mm_H24.5mm_P27.5mm,C_Film_Box_L31.5mm_W15.0mm_H24.5mm_P27.5mm.wrl,${PL_SYMBOL_DIR}/PL Capacitor Film/Datasheets/Y2_B32021_026.pdf,local PDF,L31.5 W15.0 H24.5 P27.5
generated,,100nF_1500VDC_PHE845VD6100MR06L2,KEMET,PHE845VD6100MR06L2,PHE845,100nF,1500VDC,C_Film_Box_L26.0mm_W11.0mm_H21.5mm_P22.5mm,C_Film_Box_L26.0mm_W11.0mm_H21.5mm_P22.5mm.wrl,https://yageogroup.com/content/datasheet/asset/file/KEM_F3109_PHE845_X1_760,datasheet URL,L26.0 W11.0 H21.5 P22.5
generated,,10uF_450VDC_B32774H4106K000,TDK,B32774H4106K000,B3277*H* - MKP DC-Link Humidity,10uF,450VDC,C_Film_Box_L31.5mm_W18.0mm_H27.5mm_P27.5mm,C_Film_Box_L31.5mm_W18.0mm_H27.5mm_P27.5mm.wrl,https://www.tdk-electronics.tdk.com/inf/20/20/ds/MKP_B32774H_778H.pdf?ref_disty=digikey,datasheet URL,L31.5 W18.0 H27.5 P27.5
generated,,12.5uF_500VDC_C4AQLBU5125A1YK,KEMET,C4AQLBU5125A1YK,C4AQ,12.5uF,500VDC,C_Film_Box_L31.5mm_W14.0mm_H28.2mm_P27.5mm,C_Film_Box_L31.5mm_W14.0mm_H28.2mm_P27.5mm.wrl,https://yageogroup.com/content/datasheet/asset/file/KEM_F3114_C4AQ,datasheet URL,L31.5 W14.0 H28.2 P27.5
generated,,1uF_50VDC_168105J50G-F,Cornell Dubilier Knowles,168105J50G-F,168,1uF,50VDC,C_Film_Box_L7.2mm_W6.0mm_H11.0mm_P5.0mm,C_Film_Box_L7.2mm_W6.0mm_H11.0mm_P5.0mm.wrl,https://www.cde.com/resources/catalogs/168-185.pdf,datasheet URL,L7.2 W6.0 H11.0 P5.0
generated,,2uF_1100VDC_B32774D0205K000,TDK,B32774D0205K000,B3277* - MKP DC-Link,2uF,1100VDC,C_Film_Box_L31.5mm_W12.5mm_H21.5mm_P27.5mm,C_Film_Box_L31.5mm_W12.5mm_H21.5mm_P27.5mm.wrl,https://www.tdk-electronics.tdk.com/inf/20/20/db/fc_2009/MKP_B32774_778.pdf,datasheet URL,L31.5 W12.5 H21.5 P27.5
generated,,10uF_250VDC_B32524R3106K000,TDK,B32524R3106K000,B3252* - MKT General Purpose,10uF,250VDC,C_Film_Box_L31.5mm_W12.5mm_H21.5mm_P27.5mm,C_Film_Box_L31.5mm_W12.5mm_H21.5mm_P27.5mm.wrl,${PL_SYMBOL_DIR}/PL Capacitor Film/Datasheets/b32520_529.pdf,local PDF,L31.5 W12.5 H21.5 P27.5
generated,,470nF_275VAC_PME271M647KR30,KEMET,PME271M647KR30,PME271M,470nF,275VAC,C_Film_Box_L30.5mm_W15.3mm_H22.0mm_P25.4mm,C_Film_Box_L30.5mm_W15.3mm_H22.0mm_P25.4mm.wrl,https://yageogroup.com/content/datasheet/asset/file/KEM_F3011_PME271M_X2_275,datasheet URL,L30.5 W15.3 H22.0 P25.4
generated,,220nF_1600VDC_PHE450RD6220JR06L2,KEMET,PHE450RD6220JR06L2,PHE450,220nF,1600VDC,C_Film_Box_L26.0mm_W15.5mm_H24.5mm_P22.5mm,C_Film_Box_L26.0mm_W15.5mm_H24.5mm_P22.5mm.wrl,https://content.kemet.com/datasheets/KEM_F3033_PHE450.pdf,datasheet URL,L26.0 W15.5 H24.5 P22.5
generated,,1uF_530VAC_B32914A5105M000,TDK,B32914A5105M000,B3291*A/B5 - X1 530V,1uF,530VAC,C_Film_Box_L31.5mm_W18.0mm_H27.5mm_P27.5mm,C_Film_Box_L31.5mm_W18.0mm_H27.5mm_P27.5mm.wrl,https://www.tdk-electronics.tdk.com/inf/20/20/ds/X1_B32912_918_530V.pdf,datasheet URL,L31.5 W18.0 H27.5 P27.5
generated,,12uF_800VDC_B32774D8126K000,TDK,B32774D8126K000,B3277* - MKP DC-Link,12uF,800VDC,C_Film_Box_L31.5mm_W22.0mm_H36.5mm_P27.5mm,C_Film_Box_L31.5mm_W22.0mm_H36.5mm_P27.5mm.wrl,https://www.tdk-electronics.tdk.com/inf/20/20/db/fc_2009/MKP_B32774_778.pdf,datasheet URL,L31.5 W22.0 H36.5 P27.5
generated,,10uF_450VDC_B32774D4106K000,TDK,B32774D4106K000,B3277* - MKP DC-Link,10uF,450VDC,C_Film_Box_L31.5mm_W15.0mm_H24.5mm_P27.5mm,C_Film_Box_L31.5mm_W15.0mm_H24.5mm_P27.5mm.wrl,https://www.tdk-electronics.tdk.com/inf/20/20/db/fc_2009/MKP_B32774_778.pdf,datasheet URL,L31.5 W15.0 H24.5 P27.5
generated,,22uF_100VDC_B32524Q1226K000,TDK,B32524Q1226K000,B3252* - MKT General Purpose,22uF,100VDC,C_Film_Box_L31.5mm_W13.5mm_H23.0mm_P27.5mm,C_Film_Box_L31.5mm_W13.5mm_H23.0mm_P27.5mm.wrl,${PL_SYMBOL_DIR}/PL Capacitor Film/Datasheets/b32520_529.pdf,local PDF,L31.5 W13.5 H23.0 P27.5
generated,,1uF_1000VDC_PHE450PR7100JR02R06L2,KEMET,PHE450PR7100JR02R06L2,PHE450,1uF,1000VDC,C_Film_Box_L41.0mm_W16.5mm_H32.0mm_P37.5mm,C_Film_Box_L41.0mm_W16.5mm_H32.0mm_P37.5mm.wrl,https://content.kemet.com/datasheets/KEM_F3033_PHE450.pdf,datasheet URL,L41.0 W16.5 H32.0 P37.5
generated,,1uF_1250VDC_PHE850ER7100MR03R06L2,KEMET,PHE850ER7100MR03R06L2,PHE850,1uF,1250VDC,C_Film_Box_L41.0mm_W19.0mm_H36.0mm_P37.5mm,C_Film_Box_L41.0mm_W19.0mm_H36.0mm_P37.5mm.wrl,${PL_SYMBOL_DIR}/PL Capacitor Film/Datasheets/F3294_PHE850.pdf,local PDF,L41.0 W19.0 H36.0 P37.5
generated,,10uF_100VDC_DME1W10K-F,Cornell Dubilier Knowles,DME1W10K-F,DME,10uF,100VDC,C_Film_Box_L26.0mm_W11.5mm_H22.5mm_P22.5mm,C_Film_Box_L26.0mm_W11.5mm_H22.5mm_P22.5mm.wrl,${PL_SYMBOL_DIR}/PL Capacitor Film/Datasheets/DME.pdf,local PDF,L26.0 W11.5 H22.5 P22.5
generated,,22uF_450VDC_B32774D4226K000,TDK,B32774D4226K000,B3277* - MKP DC-Link,22uF,450VDC,C_Film_Box_L31.5mm_W22.0mm_H36.5mm_P27.5mm,C_Film_Box_L31.5mm_W22.0mm_H36.5mm_P27.5mm.wrl,https://www.tdk-electronics.tdk.com/inf/20/20/db/fc_2009/MKP_B32774_778.pdf,datasheet URL,L31.5 W22.0 H36.5 P27.5
generated,,1uF_1500VDC_PHE845VW7100MR06L2,KEMET,PHE845VW7100MR06L2,PHE845,1uF,1500VDC,C_Film_Box_L41.0mm_W21.0mm_H38.0mm_P37.5mm,C_Film_Box_L41.0mm_W21.0mm_H38.0mm_P37.5mm.wrl,https://yageogroup.com/content/datasheet/asset/file/KEM_F3109_PHE845_X1_760,datasheet URL,L41.0 W21.0 H38.0 P37.5
generated,,20uF_100VDC_FFB14E0206K--,KYOCERA AVX,FFB14E0206K--,FFB,20uF,100VDC,C_Film_Box_L31.1mm_W13.0mm_H22.4mm_P27.5mm,C_Film_Box_L31.1mm_W13.0mm_H22.4mm_P27.5mm.wrl,https://datasheets.kyocera-avx.com/ffb.pdf,datasheet URL,L31.1 W13.0 H22.4 P27.5
generated,,47uF_75VDC_FFB24D0476K--,KYOCERA AVX,FFB24D0476K--,FFB,47uF,75VDC,C_Film_Box_L31.1mm_W14.6mm_H25.7mm_P27.5mm,C_Film_Box_L31.1mm_W14.6mm_H25.7mm_P27.5mm.wrl,https://datasheets.kyocera-avx.com/ffb.pdf,datasheet URL,L31.1 W14.6 H25.7 P27.5
generated,,100uF_100VDC_R60EW61005000K,KEMET,R60EW61005000K,R60,100uF,100VDC,C_Film_Box_L41.5mm_W20.0mm_H40.1mm_P37.5mm,C_Film_Box_L41.5mm_W20.0mm_H40.1mm_P37.5mm.wrl,https://yageogroup.com/content/datasheet/asset/file/KEM_F3103_R60,datasheet URL,L41.5 W20.0 H40.1 P37.5
generated,,10nF_100VDC_R82EC2100AA50J,KEMET,R82EC2100AA50J,R82,10nF,100VDC,C_Film_Box_L7.2mm_W2.5mm_H6.6mm_P5.0mm,C_Film_Box_L7.2mm_W2.5mm_H6.6mm_P5.0mm.wrl,${PL_SYMBOL_DIR}/PL Capacitor Film/Datasheets/KEM_F3101_R82.pdf,local PDF,L7.2 W2.5 H6.6 P5.0
generated,,10nF_100VDC_R82EC2100AA50K,KEMET,R82EC2100AA50K,R82,10nF,100VDC,C_Film_Box_L7.2mm_W2.5mm_H6.6mm_P5.0mm,C_Film_Box_L7.2mm_W2.5mm_H6.6mm_P5.0mm.wrl,${PL_SYMBOL_DIR}/PL Capacitor Film/Datasheets/KEM_F3101_R82.pdf,local PDF,L7.2 W2.5 H6.6 P5.0
generated,,3.3nF_100VDC_R82EC1330JE50J,KEMET,R82EC1330JE50J,R82,3.3nF,100VDC,C_Film_Box_L7.2mm_W2.5mm_H6.6mm_P5.0mm,C_Film_Box_L7.2mm_W2.5mm_H6.6mm_P5.0mm.wrl,${PL_SYMBOL_DIR}/PL Capacitor Film/Datasheets/KEM_F3101_R82.pdf,local PDF,L7.2 W2.5 H6.6 P5.0
generated,,22nF_100VDC_B32529C1223J000,TDK,B32529C1223J000,B3252* - MKT General Purpose,22nF,100VDC,C_Film_Box_L7.3mm_W2.5mm_H6.5mm_P5.0mm,C_Film_Box_L7.3mm_W2.5mm_H6.5mm_P5.0mm.wrl,${PL_SYMBOL_DIR}/PL Capacitor Film/Datasheets/b32520_529.pdf,local PDF,L7.3 W2.5 H6.5 P5.0
generated,,100nF_100VDC_R82EC3100AA70K,KEMET,R82EC3100AA70K,R82,100nF,100VDC,C_Film_Box_L7.2mm_W2.5mm_H6.6mm_P5.0mm,C_Film_Box_L7.2mm_W2.5mm_H6.6mm_P5.0mm.wrl,${PL_SYMBOL_DIR}/PL Capacitor Film/Datasheets/KEM_F3101_R82.pdf,local PDF,L7.2 W2.5 H6.6 P5.0
generated,,15nF_100VDC_R82EC2150AA50K,KEMET,R82EC2150AA50K,R82,15nF,100VDC,C_Film_Box_L7.2mm_W2.5mm_H6.6mm_P5.0mm,C_Film_Box_L7.2mm_W2.5mm_H6.6mm_P5.0mm.wrl,${PL_SYMBOL_DIR}/PL Capacitor Film/Datasheets/KEM_F3101_R82.pdf,local PDF,L7.2 W2.5 H6.6 P5.0
generated,,2.2nF_100VDC_R82EC1220AA50J,KEMET,R82EC1220AA50J,R82,2.2nF,100VDC,C_Film_Box_L7.2mm_W2.5mm_H6.6mm_P5.0mm,C_Film_Box_L7.2mm_W2.5mm_H6.6mm_P5.0mm.wrl,${PL_SYMBOL_DIR}/PL Capacitor Film/Datasheets/KEM_F3101_R82.pdf,local PDF,L7.2 W2.5 H6.6 P5.0
generated,,33nF_100VDC_R82EC2330JA50J,KEMET,R82EC2330JA50J,R82,33nF,100VDC,C_Film_Box_L7.2mm_W2.5mm_H6.6mm_P5.0mm,C_Film_Box_L7.2mm_W2.5mm_H6.6mm_P5.0mm.wrl,${PL_SYMBOL_DIR}/PL Capacitor Film/Datasheets/KEM_F3101_R82.pdf,local PDF,L7.2 W2.5 H6.6 P5.0
generated,,4.7nF_100VDC_R82EC1470AA50J,KEMET,R82EC1470AA50J,R82,4.7nF,100VDC,C_Film_Box_L7.2mm_W2.5mm_H6.6mm_P5.0mm,C_Film_Box_L7.2mm_W2.5mm_H6.6mm_P5.0mm.wrl,${PL_SYMBOL_DIR}/PL Capacitor Film/Datasheets/KEM_F3101_R82.pdf,local PDF,L7.2 W2.5 H6.6 P5.0
generated,,4.7nF_100VDC_R82EC1470AA50K,KEMET,R82EC1470AA50K,R82,4.7nF,100VDC,C_Film_Box_L7.2mm_W2.5mm_H6.6mm_P5.0mm,C_Film_Box_L7.2mm_W2.5mm_H6.6mm_P5.0mm.wrl,${PL_SYMBOL_DIR}/PL Capacitor Film/Datasheets/KEM_F3101_R82.pdf,local PDF,L7.2 W2.5 H6.6 P5.0
generated,,1nF_100VDC_R82EC1100AA50J,KEMET,R82EC1100AA50J,R82,1nF,100VDC,C_Film_Box_L7.2mm_W2.5mm_H6.6mm_P5.0mm,C_Film_Box_L7.2mm_W2.5mm_H6.6mm_P5.0mm.wrl,${PL_SYMBOL_DIR}/PL Capacitor Film/Datasheets/KEM_F3101_R82.pdf,local PDF,L7.2 W2.5 H6.6 P5.0
generated,,2.2nF_100VDC_R82EC1220AA50K,KEMET,R82EC1220AA50K,R82,2.2nF,100VDC,C_Film_Box_L7.2mm_W2.5mm_H6.6mm_P5.0mm,C_Film_Box_L7.2mm_W2.5mm_H6.6mm_P5.0mm.wrl,${PL_SYMBOL_DIR}/PL Capacitor Film/Datasheets/KEM_F3101_R82.pdf,local PDF,L7.2 W2.5 H6.6 P5.0
generated,,100nF_63VDC_R82DC3100AA50K,KEMET,R82DC3100AA50K,R82,100nF,63VDC,C_Film_Box_L7.2mm_W2.5mm_H6.6mm_P5.0mm,C_Film_Box_L7.2mm_W2.5mm_H6.6mm_P5.0mm.wrl,${PL_SYMBOL_DIR}/PL Capacitor Film/Datasheets/KEM_F3101_R82.pdf,local PDF,L7.2 W2.5 H6.6 P5.0
generated,,15nF_100VDC_R82EC2150AA50J,KEMET,R82EC2150AA50J,R82,15nF,100VDC,C_Film_Box_L7.2mm_W2.5mm_H6.6mm_P5.0mm,C_Film_Box_L7.2mm_W2.5mm_H6.6mm_P5.0mm.wrl,${PL_SYMBOL_DIR}/PL Capacitor Film/Datasheets/KEM_F3101_R82.pdf,local PDF,L7.2 W2.5 H6.6 P5.0
generated,,3.3nF_100VDC_R82EC1330AA50J,KEMET,R82EC1330AA50J,R82,3.3nF,100VDC,C_Film_Box_L7.2mm_W2.5mm_H6.6mm_P5.0mm,C_Film_Box_L7.2mm_W2.5mm_H6.6mm_P5.0mm.wrl,${PL_SYMBOL_DIR}/PL Capacitor Film/Datasheets/KEM_F3101_R82.pdf,local PDF,L7.2 W2.5 H6.6 P5.0
generated,,100nF_63VDC_R82DC3100AA50J,KEMET,R82DC3100AA50J,R82,100nF,63VDC,C_Film_Box_L7.2mm_W2.5mm_H6.6mm_P5.0mm,C_Film_Box_L7.2mm_W2.5mm_H6.6mm_P5.0mm.wrl,${PL_SYMBOL_DIR}/PL Capacitor Film/Datasheets/KEM_F3101_R82.pdf,local PDF,L7.2 W2.5 H6.6 P5.0
generated,,1nF_100VDC_R82EC1100SH50J,KEMET,R82EC1100SH50J,R82,1nF,100VDC,C_Film_Box_L7.2mm_W2.5mm_H6.6mm_P5.0mm,C_Film_Box_L7.2mm_W2.5mm_H6.6mm_P5.0mm.wrl,${PL_SYMBOL_DIR}/PL Capacitor Film/Datasheets/KEM_F3101_R82.pdf,local PDF,L7.2 W2.5 H6.6 P5.0
generated,,1.5nF_100VDC_R82EC1150SH50J,KEMET,R82EC1150SH50J,R82,1.5nF,100VDC,C_Film_Box_L7.2mm_W2.5mm_H6.6mm_P5.0mm,C_Film_Box_L7.2mm_W2.5mm_H6.6mm_P5.0mm.wrl,${PL_SYMBOL_DIR}/PL Capacitor Film/Datasheets/KEM_F3101_R82.pdf,local PDF,L7.2 W2.5 H6.6 P5.0
generated,,100nF_100VDC_R82EC3100AA70J,KEMET,R82EC3100AA70J,R82,100nF,100VDC,C_Film_Box_L7.2mm_W2.5mm_H6.6mm_P5.0mm,C_Film_Box_L7.2mm_W2.5mm_H6.6mm_P5.0mm.wrl,${PL_SYMBOL_DIR}/PL Capacitor Film/Datasheets/KEM_F3101_R82.pdf,local PDF,L7.2 W2.5 H6.6 P5.0
generated,,10nF_100VDC_R82EC2100DQ50K,KEMET,R82EC2100DQ50K,R82,10nF,100VDC,C_Film_Box_L7.2mm_W2.5mm_H6.6mm_P5.0mm,C_Film_Box_L7.2mm_W2.5mm_H6.6mm_P5.0mm.wrl,${PL_SYMBOL_DIR}/PL Capacitor Film/Datasheets/KEM_F3101_R82.pdf,local PDF,L7.2 W2.5 H6.6 P5.0
generated,,22nF_100VDC_R82EC2220AA50K,KEMET,R82EC2220AA50K,R82,22nF,100VDC,C_Film_Box_L7.2mm_W2.5mm_H6.6mm_P5.0mm,C_Film_Box_L7.2mm_W2.5mm_H6.6mm_P5.0mm.wrl,${PL_SYMBOL_DIR}/PL Capacitor Film/Datasheets/KEM_F3101_R82.pdf,local PDF,L7.2 W2.5 H6.6 P5.0
generated,,6.8nF_100VDC_R82EC1680SH50J,KEMET,R82EC1680SH50J,R82,6.8nF,100VDC,C_Film_Box_L7.2mm_W2.5mm_H6.6mm_P5.0mm,C_Film_Box_L7.2mm_W2.5mm_H6.6mm_P5.0mm.wrl,${PL_SYMBOL_DIR}/PL Capacitor Film/Datasheets/KEM_F3101_R82.pdf,local PDF,L7.2 W2.5 H6.6 P5.0
generated,,6.8nF_100VDC_R82EC1680AA50J,KEMET,R82EC1680AA50J,R82,6.8nF,100VDC,C_Film_Box_L7.2mm_W2.5mm_H6.6mm_P5.0mm,C_Film_Box_L7.2mm_W2.5mm_H6.6mm_P5.0mm.wrl,${PL_SYMBOL_DIR}/PL Capacitor Film/Datasheets/KEM_F3101_R82.pdf,local PDF,L7.2 W2.5 H6.6 P5.0
generated,,4.7nF_400VDC_R82MC1470AA50K,KEMET,R82MC1470AA50K,R82,4.7nF,400VDC,C_Film_Box_L7.2mm_W2.5mm_H6.6mm_P5.0mm,C_Film_Box_L7.2mm_W2.5mm_H6.6mm_P5.0mm.wrl,${PL_SYMBOL_DIR}/PL Capacitor Film/Datasheets/KEM_F3101_R82.pdf,local PDF,L7.2 W2.5 H6.6 P5.0
generated,,22nF_100VDC_R82EC2220SH50J,KEMET,R82EC2220SH50J,R82,22nF,100VDC,C_Film_Box_L7.2mm_W2.5mm_H6.6mm_P5.0mm,C_Film_Box_L7.2mm_W2.5mm_H6.6mm_P5.0mm.wrl,${PL_SYMBOL_DIR}/PL Capacitor Film/Datasheets/KEM_F3101_R82.pdf,local PDF,L7.2 W2.5 H6.6 P5.0
generated,,33nF_100VDC_R82EC2330AA50J,KEMET,R82EC2330AA50J,R82,33nF,100VDC,C_Film_Box_L7.2mm_W2.5mm_H6.6mm_P5.0mm,C_Film_Box_L7.2mm_W2.5mm_H6.6mm_P5.0mm.wrl,${PL_SYMBOL_DIR}/PL Capacitor Film/Datasheets/KEM_F3101_R82.pdf,local PDF,L7.2 W2.5 H6.6 P5.0
generated,,47nF_100VDC_R82EC2470AA60J,KEMET,R82EC2470AA60J,R82,47nF,100VDC,C_Film_Box_L7.2mm_W2.5mm_H6.6mm_P5.0mm,C_Film_Box_L7.2mm_W2.5mm_H6.6mm_P5.0mm.wrl,${PL_SYMBOL_DIR}/PL Capacitor Film/Datasheets/KEM_F3101_R82.pdf,local PDF,L7.2 W2.5 H6.6 P5.0
generated,,2.2nF_400VDC_R82MC1220AA50J,KEMET,R82MC1220AA50J,R82,2.2nF,400VDC,C_Film_Box_L7.2mm_W2.5mm_H6.6mm_P5.0mm,C_Film_Box_L7.2mm_W2.5mm_H6.6mm_P5.0mm.wrl,${PL_SYMBOL_DIR}/PL Capacitor Film/Datasheets/KEM_F3101_R82.pdf,local PDF,L7.2 W2.5 H6.6 P5.0
generated,,3.3nF_400VDC_R82MC1330Z350J,KEMET,R82MC1330Z350J,R82,3.3nF,400VDC,C_Film_Box_L7.2mm_W2.5mm_H6.6mm_P5.0mm,C_Film_Box_L7.2mm_W2.5mm_H6.6mm_P5.0mm.wrl,${PL_SYMBOL_DIR}/PL Capacitor Film/Datasheets/KEM_F3101_R82.pdf,local PDF,L7.2 W2.5 H6.6 P5.0
generated,,1nF_63VDC_B32529C0102K289,TDK,B32529C0102K289,B3252* - MKT General Purpose,1nF,63VDC,C_Film_Box_L7.3mm_W2.5mm_H6.5mm_P5.0mm,C_Film_Box_L7.3mm_W2.5mm_H6.5mm_P5.0mm.wrl,${PL_SYMBOL_DIR}/PL Capacitor Film/Datasheets/b32520_529.pdf,local PDF,L7.3 W2.5 H6.5 P5.0
generated,,1nF_100VDC_R82EC1100DQ50K,KEMET,R82EC1100DQ50K,R82,1nF,100VDC,C_Film_Box_L7.2mm_W2.5mm_H6.6mm_P5.0mm,C_Film_Box_L7.2mm_W2.5mm_H6.6mm_P5.0mm.wrl,${PL_SYMBOL_DIR}/PL Capacitor Film/Datasheets/KEM_F3101_R82.pdf,local PDF,L7.2 W2.5 H6.6 P5.0
generated,,4.7nF_400VDC_R82MC1470DQ50J,KEMET,R82MC1470DQ50J,R82,4.7nF,400VDC,C_Film_Box_L7.2mm_W2.5mm_H6.6mm_P5.0mm,C_Film_Box_L7.2mm_W2.5mm_H6.6mm_P5.0mm.wrl,${PL_SYMBOL_DIR}/PL Capacitor Film/Datasheets/KEM_F3101_R82.pdf,local PDF,L7.2 W2.5 H6.6 P5.0
generated,,15nF_100VDC_R82EC2150DQ50J,KEMET,R82EC2150DQ50J,R82,15nF,100VDC,C_Film_Box_L7.2mm_W2.5mm_H6.6mm_P5.0mm,C_Film_Box_L7.2mm_W2.5mm_H6.6mm_P5.0mm.wrl,${PL_SYMBOL_DIR}/PL Capacitor Film/Datasheets/KEM_F3101_R82.pdf,local PDF,L7.2 W2.5 H6.6 P5.0
generated,,10nF_100VDC_B32529C1103K289,TDK,B32529C1103K289,B3252* - MKT General Purpose,10nF,100VDC,C_Film_Box_L7.3mm_W2.5mm_H6.5mm_P5.0mm,C_Film_Box_L7.3mm_W2.5mm_H6.5mm_P5.0mm.wrl,${PL_SYMBOL_DIR}/PL Capacitor Film/Datasheets/b32520_529.pdf,local PDF,L7.3 W2.5 H6.5 P5.0
generated,,4.7nF_100VDC_B32529C1472K189,TDK,B32529C1472K189,B3252* - MKT General Purpose,4.7nF,100VDC,C_Film_Box_L7.3mm_W2.5mm_H6.5mm_P5.0mm,C_Film_Box_L7.3mm_W2.5mm_H6.5mm_P5.0mm.wrl,${PL_SYMBOL_DIR}/PL Capacitor Film/Datasheets/b32520_529.pdf,local PDF,L7.3 W2.5 H6.5 P5.0
generated,,100nF_100VDC_B32529C1104K289,TDK,B32529C1104K289,B3252* - MKT General Purpose,100nF,100VDC,C_Film_Box_L7.3mm_W2.5mm_H6.5mm_P5.0mm,C_Film_Box_L7.3mm_W2.5mm_H6.5mm_P5.0mm.wrl,${PL_SYMBOL_DIR}/PL Capacitor Film/Datasheets/b32520_529.pdf,local PDF,L7.3 W2.5 H6.5 P5.0
generated,,2.2nF_100VDC_R82EC1220DQ50J,KEMET,R82EC1220DQ50J,R82,2.2nF,100VDC,C_Film_Box_L7.2mm_W2.5mm_H6.6mm_P5.0mm,C_Film_Box_L7.2mm_W2.5mm_H6.6mm_P5.0mm.wrl,${PL_SYMBOL_DIR}/PL Capacitor Film/Datasheets/KEM_F3101_R82.pdf,local PDF,L7.2 W2.5 H6.6 P5.0
generated,,100nF_63VDC_R82DC3100SH50J,KEMET,R82DC3100SH50J,R82,100nF,63VDC,C_Film_Box_L7.2mm_W2.5mm_H6.6mm_P5.0mm,C_Film_Box_L7.2mm_W2.5mm_H6.6mm_P5.0mm.wrl,${PL_SYMBOL_DIR}/PL Capacitor Film/Datasheets/KEM_F3101_R82.pdf,local PDF,L7.2 W2.5 H6.6 P5.0
generated,,1nF_63VDC_B32529C0102K189,TDK,B32529C0102K189,B3252* - MKT General Purpose,1nF,63VDC,C_Film_Box_L7.2mm_W2.5mm_H6.5mm_P5.0mm,C_Film_Box_L7.2mm_W2.5mm_H6.5mm_P5.0mm.wrl,${PL_SYMBOL_DIR}/PL Capacitor Film/Datasheets/b32520_529.pdf,local PDF,L7.2 W2.5 H6.5 P5.0
generated,,100nF_100VDC_B32529C1104K000,TDK,B32529C1104K000,B3252* - MKT General Purpose,100nF,100VDC,C_Film_Box_L7.3mm_W2.5mm_H6.5mm_P5.0mm,C_Film_Box_L7.3mm_W2.5mm_H6.5mm_P5.0mm.wrl,${PL_SYMBOL_DIR}/PL Capacitor Film/Datasheets/b32520_529.pdf,local PDF,L7.3 W2.5 H6.5 P5.0
generated,,47nF_63VDC_B32529C0473K189,TDK,B32529C0473K189,B3252* - MKT General Purpose,47nF,63VDC,C_Film_Box_L7.3mm_W2.5mm_H6.5mm_P5.0mm,C_Film_Box_L7.3mm_W2.5mm_H6.5mm_P5.0mm.wrl,${PL_SYMBOL_DIR}/PL Capacitor Film/Datasheets/b32520_529.pdf,local PDF,L7.3 W2.5 H6.5 P5.0
generated,,100nF_63VDC_B32529C0104K000,TDK,B32529C0104K000,B3252* - MKT General Purpose,100nF,63VDC,C_Film_Box_L7.3mm_W2.5mm_H6.5mm_P5.0mm,C_Film_Box_L7.3mm_W2.5mm_H6.5mm_P5.0mm.wrl,${PL_SYMBOL_DIR}/PL Capacitor Film/Datasheets/b32520_529.pdf,local PDF,L7.3 W2.5 H6.5 P5.0
generated,,10nF_100VDC_R82EC2100DQ50J,KEMET,R82EC2100DQ50J,R82,10nF,100VDC,C_Film_Box_L7.2mm_W2.5mm_H6.6mm_P5.0mm,C_Film_Box_L7.2mm_W2.5mm_H6.6mm_P5.0mm.wrl,${PL_SYMBOL_DIR}/PL Capacitor Film/Datasheets/KEM_F3101_R82.pdf,local PDF,L7.2 W2.5 H6.6 P5.0
generated,,15nF_63VDC_B32529C0153K189,TDK,B32529C0153K189,B3252* - MKT General Purpose,15nF,63VDC,C_Film_Box_L7.2mm_W2.5mm_H6.5mm_P5.0mm,C_Film_Box_L7.2mm_W2.5mm_H6.5mm_P5.0mm.wrl,${PL_SYMBOL_DIR}/PL Capacitor Film/Datasheets/b32520_529.pdf,local PDF,L7.2 W2.5 H6.5 P5.0
generated,,100nF_63VDC_B32529C0104K189,TDK,B32529C0104K189,B3252* - MKT General Purpose,100nF,63VDC,C_Film_Box_L7.3mm_W2.5mm_H6.5mm_P5.0mm,C_Film_Box_L7.3mm_W2.5mm_H6.5mm_P5.0mm.wrl,${PL_SYMBOL_DIR}/PL Capacitor Film/Datasheets/b32520_529.pdf,local PDF,L7.3 W2.5 H6.5 P5.0
generated,,10nF_100VDC_B32529C1103K000,TDK,B32529C1103K000,B3252* - MKT General Purpose,10nF,100VDC,C_Film_Box_L7.3mm_W2.5mm_H6.5mm_P5.0mm,C_Film_Box_L7.3mm_W2.5mm_H6.5mm_P5.0mm.wrl,${PL_SYMBOL_DIR}/PL Capacitor Film/Datasheets/b32520_529.pdf,local PDF,L7.3 W2.5 H6.5 P5.0
generated,,10nF_63VDC_B32529C0103K289,TDK,B32529C0103K289,B3252* - MKT General Purpose,10nF,63VDC,C_Film_Box_L7.3mm_W2.5mm_H6.5mm_P5.0mm,C_Film_Box_L7.3mm_W2.5mm_H6.5mm_P5.0mm.wrl,${PL_SYMBOL_DIR}/PL Capacitor Film/Datasheets/b32520_529.pdf,local PDF,L7.3 W2.5 H6.5 P5.0
generated,,22nF_63VDC_B32529C0223K189,TDK,B32529C0223K189,B3252* - MKT General Purpose,22nF,63VDC,C_Film_Box_L7.2mm_W2.5mm_H6.5mm_P5.0mm,C_Film_Box_L7.2mm_W2.5mm_H6.5mm_P5.0mm.wrl,${PL_SYMBOL_DIR}/PL Capacitor Film/Datasheets/b32520_529.pdf,local PDF,L7.2 W2.5 H6.5 P5.0
generated,,1.5nF_63VDC_B32529C0152K000,TDK,B32529C0152K000,B3252* - MKT General Purpose,1.5nF,63VDC,C_Film_Box_L7.2mm_W2.5mm_H6.5mm_P5.0mm,C_Film_Box_L7.2mm_W2.5mm_H6.5mm_P5.0mm.wrl,${PL_SYMBOL_DIR}/PL Capacitor Film/Datasheets/b32520_529.pdf,local PDF,L7.2 W2.5 H6.5 P5.0
generated,,1nF_63VDC_B32529C0102K000,TDK,B32529C0102K000,B3252* - MKT General Purpose,1nF,63VDC,C_Film_Box_L7.3mm_W2.5mm_H6.5mm_P5.0mm,C_Film_Box_L7.3mm_W2.5mm_H6.5mm_P5.0mm.wrl,${PL_SYMBOL_DIR}/PL Capacitor Film/Datasheets/b32520_529.pdf,local PDF,L7.3 W2.5 H6.5 P5.0
generated,,1nF_100VDC_B32529C1102K000,TDK,B32529C1102K000,B3252* - MKT General Purpose,1nF,100VDC,C_Film_Box_L7.2mm_W2.5mm_H6.5mm_P5.0mm,C_Film_Box_L7.2mm_W2.5mm_H6.5mm_P5.0mm.wrl,${PL_SYMBOL_DIR}/PL Capacitor Film/Datasheets/b32520_529.pdf,local PDF,L7.2 W2.5 H6.5 P5.0
generated,,47nF_63VDC_B32529C0473K000,TDK,B32529C0473K000,B3252* - MKT General Purpose,47nF,63VDC,C_Film_Box_L7.3mm_W2.5mm_H6.5mm_P5.0mm,C_Film_Box_L7.3mm_W2.5mm_H6.5mm_P5.0mm.wrl,${PL_SYMBOL_DIR}/PL Capacitor Film/Datasheets/b32520_529.pdf,local PDF,L7.3 W2.5 H6.5 P5.0
generated,,22nF_63VDC_B32529C0223K000,TDK,B32529C0223K000,B3252* - MKT General Purpose,22nF,63VDC,C_Film_Box_L7.3mm_W2.5mm_H6.5mm_P5.0mm,C_Film_Box_L7.3mm_W2.5mm_H6.5mm_P5.0mm.wrl,${PL_SYMBOL_DIR}/PL Capacitor Film/Datasheets/b32520_529.pdf,local PDF,L7.3 W2.5 H6.5 P5.0
generated,,47nF_100VDC_R82EC2470SH60J,KEMET,R82EC2470SH60J,R82,47nF,100VDC,C_Film_Box_L7.2mm_W2.5mm_H6.6mm_P5.0mm,C_Film_Box_L7.2mm_W2.5mm_H6.6mm_P5.0mm.wrl,${PL_SYMBOL_DIR}/PL Capacitor Film/Datasheets/KEM_F3101_R82.pdf,local PDF,L7.2 W2.5 H6.6 P5.0
generated,,10nF_63VDC_B32529C0103K189,TDK,B32529C0103K189,B3252* - MKT General Purpose,10nF,63VDC,C_Film_Box_L7.3mm_W2.5mm_H6.5mm_P5.0mm,C_Film_Box_L7.3mm_W2.5mm_H6.5mm_P5.0mm.wrl,${PL_SYMBOL_DIR}/PL Capacitor Film/Datasheets/b32520_529.pdf,local PDF,L7.3 W2.5 H6.5 P5.0
generated,,47nF_100VDC_B32529C1473K000,TDK,B32529C1473K000,B3252* - MKT General Purpose,47nF,100VDC,C_Film_Box_L7.3mm_W2.5mm_H6.5mm_P5.0mm,C_Film_Box_L7.3mm_W2.5mm_H6.5mm_P5.0mm.wrl,${PL_SYMBOL_DIR}/PL Capacitor Film/Datasheets/b32520_529.pdf,local PDF,L7.3 W2.5 H6.5 P5.0
generated,,3.3nF_63VDC_B32529C0332K000,TDK,B32529C0332K000,B3252* - MKT General Purpose,3.3nF,63VDC,C_Film_Box_L7.2mm_W2.5mm_H6.5mm_P5.0mm,C_Film_Box_L7.2mm_W2.5mm_H6.5mm_P5.0mm.wrl,${PL_SYMBOL_DIR}/PL Capacitor Film/Datasheets/b32520_529.pdf,local PDF,L7.2 W2.5 H6.5 P5.0
generated,,10nF_63VDC_B32529C0103K000,TDK,B32529C0103K000,B3252* - MKT General Purpose,10nF,63VDC,C_Film_Box_L7.3mm_W2.5mm_H6.5mm_P5.0mm,C_Film_Box_L7.3mm_W2.5mm_H6.5mm_P5.0mm.wrl,${PL_SYMBOL_DIR}/PL Capacitor Film/Datasheets/b32520_529.pdf,local PDF,L7.3 W2.5 H6.5 P5.0
generated,,6.8nF_63VDC_B32529C0682K000,TDK,B32529C0682K000,B3252* - MKT General Purpose,6.8nF,63VDC,C_Film_Box_L7.3mm_W2.5mm_H6.5mm_P5.0mm,C_Film_Box_L7.3mm_W2.5mm_H6.5mm_P5.0mm.wrl,${PL_SYMBOL_DIR}/PL Capacitor Film/Datasheets/b32520_529.pdf,local PDF,L7.3 W2.5 H6.5 P5.0
generated,,10nF_250VDC_R82IC2100DQ50J,KEMET,R82IC2100DQ50J,R82,10nF,250VDC,C_Film_Box_L7.2mm_W2.5mm_H6.6mm_P5.0mm,C_Film_Box_L7.2mm_W2.5mm_H6.6mm_P5.0mm.wrl,${PL_SYMBOL_DIR}/PL Capacitor Film/Datasheets/KEM_F3101_R82.pdf,local PDF,L7.2 W2.5 H6.6 P5.0
generated,,68nF_63VDC_B32529C0683K000,TDK,B32529C0683K000,B3252* - MKT General Purpose,68nF,63VDC,C_Film_Box_L7.3mm_W2.5mm_H6.5mm_P5.0mm,C_Film_Box_L7.3mm_W2.5mm_H6.5mm_P5.0mm.wrl,${PL_SYMBOL_DIR}/PL Capacitor Film/Datasheets/b32520_529.pdf,local PDF,L7.3 W2.5 H6.5 P5.0
generated,,4.7nF_100VDC_B32529C1472K000,TDK,B32529C1472K000,B3252* - MKT General Purpose,4.7nF,100VDC,C_Film_Box_L7.2mm_W2.5mm_H6.5mm_P5.0mm,C_Film_Box_L7.2mm_W2.5mm_H6.5mm_P5.0mm.wrl,${PL_SYMBOL_DIR}/PL Capacitor Film/Datasheets/b32520_529.pdf,local PDF,L7.2 W2.5 H6.5 P5.0
generated,,100nF_100VDC_R82EC3100DQ70K,KEMET,R82EC3100DQ70K,R82,100nF,100VDC,C_Film_Box_L7.2mm_W2.5mm_H6.6mm_P5.0mm,C_Film_Box_L7.2mm_W2.5mm_H6.6mm_P5.0mm.wrl,${PL_SYMBOL_DIR}/PL Capacitor Film/Datasheets/KEM_F3101_R82.pdf,local PDF,L7.2 W2.5 H6.6 P5.0
generated,,2.2nF_100VDC_B32529C1222K000,TDK,B32529C1222K000,B3252* - MKT General Purpose,2.2nF,100VDC,C_Film_Box_L7.3mm_W2.5mm_H6.5mm_P5.0mm,C_Film_Box_L7.3mm_W2.5mm_H6.5mm_P5.0mm.wrl,${PL_SYMBOL_DIR}/PL Capacitor Film/Datasheets/b32520_529.pdf,local PDF,L7.3 W2.5 H6.5 P5.0
generated,,3.3nF_100VDC_B32529C1332K000,TDK,B32529C1332K000,B3252* - MKT General Purpose,3.3nF,100VDC,C_Film_Box_L7.2mm_W2.5mm_H6.5mm_P5.0mm,C_Film_Box_L7.2mm_W2.5mm_H6.5mm_P5.0mm.wrl,${PL_SYMBOL_DIR}/PL Capacitor Film/Datasheets/b32520_529.pdf,local PDF,L7.2 W2.5 H6.5 P5.0
generated,,22nF_100VDC_B32529C1223K000,TDK,B32529C1223K000,B3252* - MKT General Purpose,22nF,100VDC,C_Film_Box_L7.3mm_W2.5mm_H6.5mm_P5.0mm,C_Film_Box_L7.3mm_W2.5mm_H6.5mm_P5.0mm.wrl,${PL_SYMBOL_DIR}/PL Capacitor Film/Datasheets/b32520_529.pdf,local PDF,L7.3 W2.5 H6.5 P5.0
generated,,100nF_100VDC_B32529C1104M000,TDK,B32529C1104M000,B3252* - MKT General Purpose,100nF,100VDC,C_Film_Box_L7.3mm_W2.5mm_H6.5mm_P5.0mm,C_Film_Box_L7.3mm_W2.5mm_H6.5mm_P5.0mm.wrl,${PL_SYMBOL_DIR}/PL Capacitor Film/Datasheets/b32520_529.pdf,local PDF,L7.3 W2.5 H6.5 P5.0
generated,,22nF_100VDC_B32529C1223K289,TDK,B32529C1223K289,B3252* - MKT General Purpose,22nF,100VDC,C_Film_Box_L7.3mm_W2.5mm_H6.5mm_P5.0mm,C_Film_Box_L7.3mm_W2.5mm_H6.5mm_P5.0mm.wrl,${PL_SYMBOL_DIR}/PL Capacitor Film/Datasheets/b32520_529.pdf,local PDF,L7.3 W2.5 H6.5 P5.0
generated,,100nF_63VDC_R82DC3100DQ50J,KEMET,R82DC3100DQ50J,R82,100nF,63VDC,C_Film_Box_L7.2mm_W2.5mm_H6.6mm_P5.0mm,C_Film_Box_L7.2mm_W2.5mm_H6.6mm_P5.0mm.wrl,${PL_SYMBOL_DIR}/PL Capacitor Film/Datasheets/KEM_F3101_R82.pdf,local PDF,L7.2 W2.5 H6.6 P5.0
generated,,100nF_63VDC_R82DC3100CK50J,KEMET,R82DC3100CK50J,R82,100nF,63VDC,C_Film_Box_L7.2mm_W2.5mm_H6.6mm_P5.0mm,C_Film_Box_L7.2mm_W2.5mm_H6.6mm_P5.0mm.wrl,${PL_SYMBOL_DIR}/PL Capacitor Film/Datasheets/KEM_F3101_R82.pdf,local PDF,L7.2 W2.5 H6.6 P5.0
generated,,68nF_100VDC_R82EC2680AA60J,KEMET,R82EC2680AA60J,R82,68nF,100VDC,C_Film_Box_L7.2mm_W2.5mm_H6.6mm_P5.0mm,C_Film_Box_L7.2mm_W2.5mm_H6.6mm_P5.0mm.wrl,${PL_SYMBOL_DIR}/PL Capacitor Film/Datasheets/KEM_F3101_R82.pdf,local PDF,L7.2 W2.5 H6.6 P5.0
generated,,10nF_100VDC_R82EC2100SH50J,KEMET,R82EC2100SH50J,R82,10nF,100VDC,C_Film_Box_L7.2mm_W2.5mm_H6.6mm_P5.0mm,C_Film_Box_L7.2mm_W2.5mm_H6.6mm_P5.0mm.wrl,${PL_SYMBOL_DIR}/PL Capacitor Film/Datasheets/KEM_F3101_R82.pdf,local PDF,L7.2 W2.5 H6.6 P5.0
generated,,4.7nF_100VDC_R82EC1470DQ50J,KEMET,R82EC1470DQ50J,R82,4.7nF,100VDC,C_Film_Box_L7.2mm_W2.5mm_H6.6mm_P5.0mm,C_Film_Box_L7.2mm_W2.5mm_H6.6mm_P5.0mm.wrl,${PL_SYMBOL_DIR}/PL Capacitor Film/Datasheets/KEM_F3101_R82.pdf,local PDF,L7.2 W2.5 H6.6 P5.0
generated,,1nF_100VDC_R82EC1100DQ50J,KEMET,R82EC1100DQ50J,R82,1nF,100VDC,C_Film_Box_L7.2mm_W2.5mm_H6.6mm_P5.0mm,C_Film_Box_L7.2mm_W2.5mm_H6.6mm_P5.0mm.wrl,${PL_SYMBOL_DIR}/PL Capacitor Film/Datasheets/KEM_F3101_R82.pdf,local PDF,L7.2 W2.5 H6.6 P5.0
generated,,6.8nF_100VDC_R82EC1680DQ50J,KEMET,R82EC1680DQ50J,R82,6.8nF,100VDC,C_Film_Box_L7.2mm_W2.5mm_H6.6mm_P5.0mm,C_Film_Box_L7.2mm_W2.5mm_H6.6mm_P5.0mm.wrl,${PL_SYMBOL_DIR}/PL Capacitor Film/Datasheets/KEM_F3101_R82.pdf,local PDF,L7.2 W2.5 H6.6 P5.0
generated,,1nF_400VDC_R82MC1100DQ50K,KEMET,R82MC1100DQ50K,R82,1nF,400VDC,C_Film_Box_L7.2mm_W2.5mm_H6.6mm_P5.0mm,C_Film_Box_L7.2mm_W2.5mm_H6.6mm_P5.0mm.wrl,${PL_SYMBOL_DIR}/PL Capacitor Film/Datasheets/KEM_F3101_R82.pdf,local PDF,L7.2 W2.5 H6.6 P5.0
generated,,220nF_63VDC_R82DC3220AA60K,KEMET,R82DC3220AA60K,R82,220nF,63VDC,C_Film_Box_L7.2mm_W2.5mm_H6.6mm_P5.0mm,C_Film_Box_L7.2mm_W2.5mm_H6.6mm_P5.0mm.wrl,${PL_SYMBOL_DIR}/PL Capacitor Film/Datasheets/KEM_F3101_R82.pdf,local PDF,L7.2 W2.5 H6.6 P5.0
generated,,220nF_63VDC_R82DC3220Z360J,KEMET,R82DC3220Z360J,R82,220nF,63VDC,C_Film_Box_L7.2mm_W2.5mm_H6.6mm_P5.0mm,C_Film_Box_L7.2mm_W2.5mm_H6.6mm_P5.0mm.wrl,${PL_SYMBOL_DIR}/PL Capacitor Film/Datasheets/KEM_F3101_R82.pdf,local PDF,L7.2 W2.5 H6.6 P5.0
generated,,22nF_100VDC_R82EC2220DQ50J,KEMET,R82EC2220DQ50J,R82,22nF,100VDC,C_Film_Box_L7.2mm_W2.5mm_H6.6mm_P5.0mm,C_Film_Box_L7.2mm_W2.5mm_H6.6mm_P5.0mm.wrl,${PL_SYMBOL_DIR}/PL Capacitor Film/Datasheets/KEM_F3101_R82.pdf,local PDF,L7.2 W2.5 H6.6 P5.0
generated,,150nF_63VDC_R82DC3150AA60J,KEMET,R82DC3150AA60J,R82,150nF,63VDC,C_Film_Box_L7.2mm_W2.5mm_H6.6mm_P5.0mm,C_Film_Box_L7.2mm_W2.5mm_H6.6mm_P5.0mm.wrl,${PL_SYMBOL_DIR}/PL Capacitor Film/Datasheets/KEM_F3101_R82.pdf,local PDF,L7.2 W2.5 H6.6 P5.0
generated,,100nF_63VDC_B32529C0104J000,TDK,B32529C0104J000,B3252* - MKT General Purpose,100nF,63VDC,C_Film_Box_L7.3mm_W2.5mm_H6.5mm_P5.0mm,C_Film_Box_L7.3mm_W2.5mm_H6.5mm_P5.0mm.wrl,${PL_SYMBOL_DIR}/PL Capacitor Film/Datasheets/b32520_529.pdf,local PDF,L7.3 W2.5 H6.5 P5.0
generated,,220nF_63VDC_R82DC3220AA60J,KEMET,R82DC3220AA60J,R82,220nF,63VDC,C_Film_Box_L7.2mm_W2.5mm_H6.6mm_P5.0mm,C_Film_Box_L7.2mm_W2.5mm_H6.6mm_P5.0mm.wrl,${PL_SYMBOL_DIR}/PL Capacitor Film/Datasheets/KEM_F3101_R82.pdf,local PDF,L7.2 W2.5 H6.6 P5.0
generated,,68nF_100VDC_B32529C1683K289,TDK,B32529C1683K289,B3252* - MKT General Purpose,68nF,100VDC,C_Film_Box_L7.2mm_W2.5mm_H6.5mm_P5.0mm,C_Film_Box_L7.2mm_W2.5mm_H6.5mm_P5.0mm.wrl,${PL_SYMBOL_DIR}/PL Capacitor Film/Datasheets/b32520_529.pdf,local PDF,L7.2 W2.5 H6.5 P5.0
generated,,2.2nF_100VDC_B32529C1222J189,TDK,B32529C1222J189,B3252* - MKT General Purpose,2.2nF,100VDC,C_Film_Box_L7.3mm_W2.5mm_H6.5mm_P5.0mm,C_Film_Box_L7.3mm_W2.5mm_H6.5mm_P5.0mm.wrl,${PL_SYMBOL_DIR}/PL Capacitor Film/Datasheets/b32520_529.pdf,local PDF,L7.3 W2.5 H6.5 P5.0
generated,,22nF_63VDC_B32529C0223J000,TDK,B32529C0223J000,B3252* - MKT General Purpose,22nF,63VDC,C_Film_Box_L7.3mm_W2.5mm_H6.5mm_P5.0mm,C_Film_Box_L7.3mm_W2.5mm_H6.5mm_P5.0mm.wrl,${PL_SYMBOL_DIR}/PL Capacitor Film/Datasheets/b32520_529.pdf,local PDF,L7.3 W2.5 H6.5 P5.0
generated,,100nF_100VDC_B32529C1104J000,TDK,B32529C1104J000,B3252* - MKT General Purpose,100nF,100VDC,C_Film_Box_L7.3mm_W2.5mm_H6.5mm_P5.0mm,C_Film_Box_L7.3mm_W2.5mm_H6.5mm_P5.0mm.wrl,${PL_SYMBOL_DIR}/PL Capacitor Film/Datasheets/b32520_529.pdf,local PDF,L7.3 W2.5 H6.5 P5.0
generated,,6.8nF_100VDC_B32529C1682J289,TDK,B32529C1682J289,B3252* - MKT General Purpose,6.8nF,100VDC,C_Film_Box_L7.2mm_W2.5mm_H6.5mm_P5.0mm,C_Film_Box_L7.2mm_W2.5mm_H6.5mm_P5.0mm.wrl,${PL_SYMBOL_DIR}/PL Capacitor Film/Datasheets/b32520_529.pdf,local PDF,L7.2 W2.5 H6.5 P5.0
generated,,4.7nF_100VDC_B32529C1472J000,TDK,B32529C1472J000,B3252* - MKT General Purpose,4.7nF,100VDC,C_Film_Box_L7.3mm_W2.5mm_H6.5mm_P5.0mm,C_Film_Box_L7.3mm_W2.5mm_H6.5mm_P5.0mm.wrl,${PL_SYMBOL_DIR}/PL Capacitor Film/Datasheets/b32520_529.pdf,local PDF,L7.3 W2.5 H6.5 P5.0
generated,,10nF_100VDC_B32529C1103J289,TDK,B32529C1103J289,B3252* - MKT General Purpose,10nF,100VDC,C_Film_Box_L7.3mm_W2.5mm_H6.5mm_P5.0mm,C_Film_Box_L7.3mm_W2.5mm_H6.5mm_P5.0mm.wrl,${PL_SYMBOL_DIR}/PL Capacitor Film/Datasheets/b32520_529.pdf,local PDF,L7.3 W2.5 H6.5 P5.0
generated,,47nF_63VDC_B32529C0473J289,TDK,B32529C0473J289,B3252* - MKT General Purpose,47nF,63VDC,C_Film_Box_L7.3mm_W2.5mm_H6.5mm_P5.0mm,C_Film_Box_L7.3mm_W2.5mm_H6.5mm_P5.0mm.wrl,${PL_SYMBOL_DIR}/PL Capacitor Film/Datasheets/b32520_529.pdf,local PDF,L7.3 W2.5 H6.5 P5.0
generated,,1nF_100VDC_B32529C1102J189,TDK,B32529C1102J189,B3252* - MKT General Purpose,1nF,100VDC,C_Film_Box_L7.2mm_W2.5mm_H6.5mm_P5.0mm,C_Film_Box_L7.2mm_W2.5mm_H6.5mm_P5.0mm.wrl,${PL_SYMBOL_DIR}/PL Capacitor Film/Datasheets/b32520_529.pdf,local PDF,L7.2 W2.5 H6.5 P5.0
generated,,47nF_100VDC_R82EC2470DQ60J,KEMET,R82EC2470DQ60J,R82,47nF,100VDC,C_Film_Box_L7.2mm_W2.5mm_H6.6mm_P5.0mm,C_Film_Box_L7.2mm_W2.5mm_H6.6mm_P5.0mm.wrl,${PL_SYMBOL_DIR}/PL Capacitor Film/Datasheets/KEM_F3101_R82.pdf,local PDF,L7.2 W2.5 H6.6 P5.0
generated,,68nF_63VDC_B32529C0683J289,TDK,B32529C0683J289,B3252* - MKT General Purpose,68nF,63VDC,C_Film_Box_L7.2mm_W2.5mm_H6.5mm_P5.0mm,C_Film_Box_L7.2mm_W2.5mm_H6.5mm_P5.0mm.wrl,${PL_SYMBOL_DIR}/PL Capacitor Film/Datasheets/b32520_529.pdf,local PDF,L7.2 W2.5 H6.5 P5.0
generated,,33nF_63VDC_B32529C0333J000,TDK,B32529C0333J000,B3252* - MKT General Purpose,33nF,63VDC,C_Film_Box_L7.3mm_W2.5mm_H6.5mm_P5.0mm,C_Film_Box_L7.3mm_W2.5mm_H6.5mm_P5.0mm.wrl,${PL_SYMBOL_DIR}/PL Capacitor Film/Datasheets/b32520_529.pdf,local PDF,L7.3 W2.5 H6.5 P5.0
generated,,3.3nF_63VDC_B32529C0332J000,TDK,B32529C0332J000,B3252* - MKT General Purpose,3.3nF,63VDC,C_Film_Box_L7.3mm_W2.5mm_H6.5mm_P5.0mm,C_Film_Box_L7.3mm_W2.5mm_H6.5mm_P5.0mm.wrl,${PL_SYMBOL_DIR}/PL Capacitor Film/Datasheets/b32520_529.pdf,local PDF,L7.3 W2.5 H6.5 P5.0
generated,,68nF_100VDC_R82EC2680DQ60J,KEMET,R82EC2680DQ60J,R82,68nF,100VDC,C_Film_Box_L7.2mm_W2.5mm_H6.6mm_P5.0mm,C_Film_Box_L7.2mm_W2.5mm_H6.6mm_P5.0mm.wrl,${PL_SYMBOL_DIR}/PL Capacitor Film/Datasheets/KEM_F3101_R82.pdf,local PDF,L7.2 W2.5 H6.6 P5.0
generated,,33nF_63VDC_B32529C0333J289,TDK,B32529C0333J289,B3252* - MKT General Purpose,33nF,63VDC,C_Film_Box_L7.2mm_W2.5mm_H6.5mm_P5.0mm,C_Film_Box_L7.2mm_W2.5mm_H6.5mm_P5.0mm.wrl,${PL_SYMBOL_DIR}/PL Capacitor Film/Datasheets/b32520_529.pdf,local PDF,L7.2 W2.5 H6.5 P5.0
generated,,100nF_63VDC_B32529C0104J289,TDK,B32529C0104J289,B3252* - MKT General Purpose,100nF,63VDC,C_Film_Box_L7.3mm_W2.5mm_H6.5mm_P5.0mm,C_Film_Box_L7.3mm_W2.5mm_H6.5mm_P5.0mm.wrl,${PL_SYMBOL_DIR}/PL Capacitor Film/Datasheets/b32520_529.pdf,local PDF,L7.3 W2.5 H6.5 P5.0
generated,,10nF_63VDC_B32529C0103J000,TDK,B32529C0103J000,B3252* - MKT General Purpose,10nF,63VDC,C_Film_Box_L7.3mm_W2.5mm_H6.5mm_P5.0mm,C_Film_Box_L7.3mm_W2.5mm_H6.5mm_P5.0mm.wrl,${PL_SYMBOL_DIR}/PL Capacitor Film/Datasheets/b32520_529.pdf,local PDF,L7.3 W2.5 H6.5 P5.0
generated,,22nF_100VDC_B32529C1223J189,TDK,B32529C1223J189,B3252* - MKT General Purpose,22nF,100VDC,C_Film_Box_L7.3mm_W2.5mm_H6.5mm_P5.0mm,C_Film_Box_L7.3mm_W2.5mm_H6.5mm_P5.0mm.wrl,${PL_SYMBOL_DIR}/PL Capacitor Film/Datasheets/b32520_529.pdf,local PDF,L7.3 W2.5 H6.5 P5.0
generated,,100nF_100VDC_B32529C1104K008,TDK,B32529C1104K008,B3252* - MKT General Purpose,100nF,100VDC,C_Film_Box_L7.3mm_W2.5mm_H6.5mm_P5.0mm,C_Film_Box_L7.3mm_W2.5mm_H6.5mm_P5.0mm.wrl,${PL_SYMBOL_DIR}/PL Capacitor Film/Datasheets/b32520_529.pdf,local PDF,L7.3 W2.5 H6.5 P5.0
generated,,10nF_63VDC_B32529C0103J189,TDK,B32529C0103J189,B3252* - MKT General Purpose,10nF,63VDC,C_Film_Box_L7.3mm_W2.5mm_H6.5mm_P5.0mm,C_Film_Box_L7.3mm_W2.5mm_H6.5mm_P5.0mm.wrl,${PL_SYMBOL_DIR}/PL Capacitor Film/Datasheets/b32520_529.pdf,local PDF,L7.3 W2.5 H6.5 P5.0
generated,,10nF_100VDC_B32529C1103J189,TDK,B32529C1103J189,B3252* - MKT General Purpose,10nF,100VDC,C_Film_Box_L7.3mm_W2.5mm_H6.5mm_P5.0mm,C_Film_Box_L7.3mm_W2.5mm_H6.5mm_P5.0mm.wrl,${PL_SYMBOL_DIR}/PL Capacitor Film/Datasheets/b32520_529.pdf,local PDF,L7.3 W2.5 H6.5 P5.0
generated,,47nF_63VDC_B32529C0473J189,TDK,B32529C0473J189,B3252* - MKT General Purpose,47nF,63VDC,C_Film_Box_L7.2mm_W2.5mm_H6.5mm_P5.0mm,C_Film_Box_L7.2mm_W2.5mm_H6.5mm_P5.0mm.wrl,${PL_SYMBOL_DIR}/PL Capacitor Film/Datasheets/b32520_529.pdf,local PDF,L7.2 W2.5 H6.5 P5.0
generated,,47nF_63VDC_B32529C0473J000,TDK,B32529C0473J000,B3252* - MKT General Purpose,47nF,63VDC,C_Film_Box_L7.3mm_W2.5mm_H6.5mm_P5.0mm,C_Film_Box_L7.3mm_W2.5mm_H6.5mm_P5.0mm.wrl,${PL_SYMBOL_DIR}/PL Capacitor Film/Datasheets/b32520_529.pdf,local PDF,L7.3 W2.5 H6.5 P5.0
generated,,100nF_100VDC_B32529C1104K189,TDK,B32529C1104K189,B3252* - MKT General Purpose,100nF,100VDC,C_Film_Box_L7.3mm_W2.5mm_H6.5mm_P5.0mm,C_Film_Box_L7.3mm_W2.5mm_H6.5mm_P5.0mm.wrl,${PL_SYMBOL_DIR}/PL Capacitor Film/Datasheets/b32520_529.pdf,local PDF,L7.3 W2.5 H6.5 P5.0
generated,,1nF_400VDC_R82MC1100DQ50J,KEMET,R82MC1100DQ50J,R82,1nF,400VDC,C_Film_Box_L7.2mm_W2.5mm_H6.6mm_P5.0mm,C_Film_Box_L7.2mm_W2.5mm_H6.6mm_P5.0mm.wrl,${PL_SYMBOL_DIR}/PL Capacitor Film/Datasheets/KEM_F3101_R82.pdf,local PDF,L7.2 W2.5 H6.6 P5.0
generated,,6.8nF_63VDC_B32529C0682J000,TDK,B32529C0682J000,B3252* - MKT General Purpose,6.8nF,63VDC,C_Film_Box_L7.3mm_W2.5mm_H6.5mm_P5.0mm,C_Film_Box_L7.3mm_W2.5mm_H6.5mm_P5.0mm.wrl,${PL_SYMBOL_DIR}/PL Capacitor Film/Datasheets/b32520_529.pdf,local PDF,L7.3 W2.5 H6.5 P5.0
generated,,5.6nF_63VDC_B32529C0562J189,TDK,B32529C0562J189,B3252* - MKT General Purpose,5.6nF,63VDC,C_Film_Box_L7.3mm_W2.5mm_H6.5mm_P5.0mm,C_Film_Box_L7.3mm_W2.5mm_H6.5mm_P5.0mm.wrl,//mm.digikey.com/Volume0/opasdata/d220001/medias/docus/407/B32529-C0562-%2B289_ed2.pdf,datasheet URL,L7.3 W2.5 H6.5 P5.0
generated,,10nF_100VDC_B32529C1103J000,TDK,B32529C1103J000,B3252* - MKT General Purpose,10nF,100VDC,C_Film_Box_L7.3mm_W2.5mm_H6.5mm_P5.0mm,C_Film_Box_L7.3mm_W2.5mm_H6.5mm_P5.0mm.wrl,${PL_SYMBOL_DIR}/PL Capacitor Film/Datasheets/b32520_529.pdf,local PDF,L7.3 W2.5 H6.5 P5.0
generated,,47nF_100VDC_B32529C1473J000,TDK,B32529C1473J000,B3252* - MKT General Purpose,47nF,100VDC,C_Film_Box_L7.3mm_W2.5mm_H6.5mm_P5.0mm,C_Film_Box_L7.3mm_W2.5mm_H6.5mm_P5.0mm.wrl,${PL_SYMBOL_DIR}/PL Capacitor Film/Datasheets/b32520_529.pdf,local PDF,L7.3 W2.5 H6.5 P5.0
generated,,1nF_63VDC_B32529C0102J289,TDK,B32529C0102J289,B3252* - MKT General Purpose,1nF,63VDC,C_Film_Box_L7.2mm_W2.5mm_H6.5mm_P5.0mm,C_Film_Box_L7.2mm_W2.5mm_H6.5mm_P5.0mm.wrl,${PL_SYMBOL_DIR}/PL Capacitor Film/Datasheets/b32520_529.pdf,local PDF,L7.2 W2.5 H6.5 P5.0
generated,,15nF_63VDC_B32529C0153J000,TDK,B32529C0153J000,B3252* - MKT General Purpose,15nF,63VDC,C_Film_Box_L7.3mm_W2.5mm_H6.5mm_P5.0mm,C_Film_Box_L7.3mm_W2.5mm_H6.5mm_P5.0mm.wrl,${PL_SYMBOL_DIR}/PL Capacitor Film/Datasheets/b32520_529.pdf,local PDF,L7.3 W2.5 H6.5 P5.0
generated,,47nF_100VDC_B32529C1473J189,TDK,B32529C1473J189,B3252* - MKT General Purpose,47nF,100VDC,C_Film_Box_L7.2mm_W2.5mm_H6.5mm_P5.0mm,C_Film_Box_L7.2mm_W2.5mm_H6.5mm_P5.0mm.wrl,${PL_SYMBOL_DIR}/PL Capacitor Film/Datasheets/b32520_529.pdf,local PDF,L7.2 W2.5 H6.5 P5.0
generated,,1nF_100VDC_B32529C1102J289,TDK,B32529C1102J289,B3252* - MKT General Purpose,1nF,100VDC,C_Film_Box_L7.3mm_W2.5mm_H6.5mm_P5.0mm,C_Film_Box_L7.3mm_W2.5mm_H6.5mm_P5.0mm.wrl,${PL_SYMBOL_DIR}/PL Capacitor Film/Datasheets/b32520_529.pdf,local PDF,L7.3 W2.5 H6.5 P5.0
generated,,100nF_63VDC_B32529C0104K006,TDK,B32529C0104K006,B32529,100nF,63VDC,C_Film_Box_L7.3mm_W2.5mm_H6.5mm_P5.0mm,C_Film_Box_L7.3mm_W2.5mm_H6.5mm_P5.0mm.wrl,${PL_SYMBOL_DIR}/PL Capacitor Film/Datasheets/b32520_529.pdf,local PDF,L7.3 W2.5 H6.5 P5.0
generated,,10nF_100VDC_RSBEC2100CK00K,KEMET,RSBEC2100CK00K,RSB,10nF,100VDC,C_Film_Box_L7.2mm_W2.5mm_H6.6mm_P5.0mm,C_Film_Box_L7.2mm_W2.5mm_H6.6mm_P5.0mm.wrl,${PL_SYMBOL_DIR}/PL Capacitor Film/Datasheets/KEM_F3067_RSB.pdf,local PDF,L7.2 W2.5 H6.6 P5.0
generated,,10nF_310VAC_890334023006CS,Würth Elektronik,890334023006CS,WCAP-FTXX,10nF,310VAC,C_Film_Box_L13.0mm_W5.0mm_H11.5mm_P10.0mm,C_Film_Box_L13.0mm_W5.0mm_H11.5mm_P10.0mm.wrl,https://www.we-online.com/components/products/datasheet/890334023006CS.pdf,datasheet URL,L13.0 W5.0 H11.5 P10.0
generated,,100nF_100VDC_R82EC3100DQ70J,KEMET,R82EC3100DQ70J,R82,100nF,100VDC,C_Film_Box_L7.2mm_W2.5mm_H6.6mm_P5.0mm,C_Film_Box_L7.2mm_W2.5mm_H6.6mm_P5.0mm.wrl,${PL_SYMBOL_DIR}/PL Capacitor Film/Datasheets/KEM_F3101_R82.pdf,local PDF,L7.2 W2.5 H6.6 P5.0
generated,,150nF_100VDC_R82EC3150SH70J,KEMET,R82EC3150SH70J,R82,150nF,100VDC,C_Film_Box_L7.2mm_W3.5mm_H7.6mm_P5.0mm,C_Film_Box_L7.2mm_W3.5mm_H7.6mm_P5.0mm.wrl,${PL_SYMBOL_DIR}/PL Capacitor Film/Datasheets/KEM_F3101_R82.pdf,local PDF,L7.2 W3.5 H7.6 P5.0
generated,,33nF_100VDC_R82EC2330DQ50J,KEMET,R82EC2330DQ50J,R82,33nF,100VDC,C_Film_Box_L7.2mm_W2.5mm_H6.6mm_P5.0mm,C_Film_Box_L7.2mm_W2.5mm_H6.6mm_P5.0mm.wrl,${PL_SYMBOL_DIR}/PL Capacitor Film/Datasheets/KEM_F3101_R82.pdf,local PDF,L7.2 W2.5 H6.6 P5.0
generated,,220nF_63VDC_R82DC3220DQ60K,KEMET,R82DC3220DQ60K,R82,220nF,63VDC,C_Film_Box_L7.2mm_W2.5mm_H6.6mm_P5.0mm,C_Film_Box_L7.2mm_W2.5mm_H6.6mm_P5.0mm.wrl,${PL_SYMBOL_DIR}/PL Capacitor Film/Datasheets/KEM_F3101_R82.pdf,local PDF,L7.2 W2.5 H6.6 P5.0
generated,,4.7nF_250VDC_B32529C3472K289,TDK,B32529C3472K289,B3252* - MKT General Purpose,4.7nF,250VDC,C_Film_Box_L7.2mm_W2.5mm_H6.5mm_P5.0mm,C_Film_Box_L7.2mm_W2.5mm_H6.5mm_P5.0mm.wrl,${PL_SYMBOL_DIR}/PL Capacitor Film/Datasheets/b32520_529.pdf,local PDF,L7.2 W2.5 H6.5 P5.0
generated,,100nF_100VDC_R82EC3100SH70J,KEMET,R82EC3100SH70J,R82,100nF,100VDC,C_Film_Box_L7.2mm_W2.5mm_H6.6mm_P5.0mm,C_Film_Box_L7.2mm_W2.5mm_H6.6mm_P5.0mm.wrl,${PL_SYMBOL_DIR}/PL Capacitor Film/Datasheets/KEM_F3101_R82.pdf,local PDF,L7.2 W2.5 H6.6 P5.0
generated,,47nF_100VDC_B32529C1473J289,TDK,B32529C1473J289,B3252* - MKT General Purpose,47nF,100VDC,C_Film_Box_L7.3mm_W2.5mm_H6.5mm_P5.0mm,C_Film_Box_L7.3mm_W2.5mm_H6.5mm_P5.0mm.wrl,${PL_SYMBOL_DIR}/PL Capacitor Film/Datasheets/b32520_529.pdf,local PDF,L7.3 W2.5 H6.5 P5.0
generated,,4.7nF_63VDC_B32529C0472J000,TDK,B32529C0472J000,B3252* - MKT General Purpose,4.7nF,63VDC,C_Film_Box_L7.3mm_W2.5mm_H6.5mm_P5.0mm,C_Film_Box_L7.3mm_W2.5mm_H6.5mm_P5.0mm.wrl,${PL_SYMBOL_DIR}/PL Capacitor Film/Datasheets/b32520_529.pdf,local PDF,L7.3 W2.5 H6.5 P5.0
generated,,10nF_250VDC_B32529C3103K289,TDK,B32529C3103K289,B3252* - MKT General Purpose,10nF,250VDC,C_Film_Box_L7.3mm_W2.5mm_H6.5mm_P5.0mm,C_Film_Box_L7.3mm_W2.5mm_H6.5mm_P5.0mm.wrl,${PL_SYMBOL_DIR}/PL Capacitor Film/Datasheets/b32520_529.pdf,local PDF,L7.3 W2.5 H6.5 P5.0
generated,,10nF_63VDC_B32529C0103J289,TDK,B32529C0103J289,B3252* - MKT General Purpose,10nF,63VDC,C_Film_Box_L7.3mm_W2.5mm_H6.5mm_P5.0mm,C_Film_Box_L7.3mm_W2.5mm_H6.5mm_P5.0mm.wrl,${PL_SYMBOL_DIR}/PL Capacitor Film/Datasheets/b32520_529.pdf,local PDF,L7.3 W2.5 H6.5 P5.0
generated,,22nF_63VDC_B32529C0223J289,TDK,B32529C0223J289,B3252* - MKT General Purpose,22nF,63VDC,C_Film_Box_L7.2mm_W2.5mm_H6.5mm_P5.0mm,C_Film_Box_L7.2mm_W2.5mm_H6.5mm_P5.0mm.wrl,${PL_SYMBOL_DIR}/PL Capacitor Film/Datasheets/b32520_529.pdf,local PDF,L7.2 W2.5 H6.5 P5.0
generated,,100nF_100VDC_B32529C1104J189,TDK,B32529C1104J189,B3252* - MKT General Purpose,100nF,100VDC,C_Film_Box_L7.3mm_W2.5mm_H6.5mm_P5.0mm,C_Film_Box_L7.3mm_W2.5mm_H6.5mm_P5.0mm.wrl,${PL_SYMBOL_DIR}/PL Capacitor Film/Datasheets/b32520_529.pdf,local PDF,L7.3 W2.5 H6.5 P5.0
generated,,3.3nF_63VDC_B32529C0332J289,TDK,B32529C0332J289,B3252* - MKT General Purpose,3.3nF,63VDC,C_Film_Box_L7.2mm_W2.5mm_H6.5mm_P5.0mm,C_Film_Box_L7.2mm_W2.5mm_H6.5mm_P5.0mm.wrl,${PL_SYMBOL_DIR}/PL Capacitor Film/Datasheets/b32520_529.pdf,local PDF,L7.2 W2.5 H6.5 P5.0
generated,,220nF_63VDC_R82DC3220DQ60J,KEMET,R82DC3220DQ60J,R82,220nF,63VDC,C_Film_Box_L7.2mm_W2.5mm_H6.6mm_P5.0mm,C_Film_Box_L7.2mm_W2.5mm_H6.6mm_P5.0mm.wrl,${PL_SYMBOL_DIR}/PL Capacitor Film/Datasheets/KEM_F3101_R82.pdf,local PDF,L7.2 W2.5 H6.6 P5.0
generated,,150nF_63VDC_B32529C0154K000,TDK,B32529C0154K000,B3252* - MKT General Purpose,150nF,63VDC,C_Film_Box_L7.3mm_W2.5mm_H6.5mm_P5.0mm,C_Film_Box_L7.3mm_W2.5mm_H6.5mm_P5.0mm.wrl,${PL_SYMBOL_DIR}/PL Capacitor Film/Datasheets/b32520_529.pdf,local PDF,L7.3 W2.5 H6.5 P5.0
generated,,10nF_250VDC_B32529C3103J000,TDK,B32529C3103J000,B3252* - MKT General Purpose,10nF,250VDC,C_Film_Box_L7.3mm_W2.5mm_H6.5mm_P5.0mm,C_Film_Box_L7.3mm_W2.5mm_H6.5mm_P5.0mm.wrl,${PL_SYMBOL_DIR}/PL Capacitor Film/Datasheets/b32520_529.pdf,local PDF,L7.3 W2.5 H6.5 P5.0
generated,,47nF_310VAC_890334023015CS,Würth Elektronik,890334023015CS,WCAP-FTXX,47nF,310VAC,C_Film_Box_L13.0mm_W4.5mm_H10.0mm_P10.0mm,C_Film_Box_L13.0mm_W4.5mm_H10.0mm_P10.0mm.wrl,https://www.we-online.com/components/products/datasheet/890334023015CS.pdf,datasheet URL,L13.0 W4.5 H10.0 P10.0
generated,,1nF_250VDC_B32529C3102J000,TDK,B32529C3102J000,B3252* - MKT General Purpose,1nF,250VDC,C_Film_Box_L7.3mm_W2.5mm_H6.5mm_P5.0mm,C_Film_Box_L7.3mm_W2.5mm_H6.5mm_P5.0mm.wrl,${PL_SYMBOL_DIR}/PL Capacitor Film/Datasheets/b32520_529.pdf,local PDF,L7.3 W2.5 H6.5 P5.0
generated,,10nF_250VDC_B32529C3103J189,TDK,B32529C3103J189,B3252* - MKT General Purpose,10nF,250VDC,C_Film_Box_L7.2mm_W2.5mm_H6.5mm_P5.0mm,C_Film_Box_L7.2mm_W2.5mm_H6.5mm_P5.0mm.wrl,${PL_SYMBOL_DIR}/PL Capacitor Film/Datasheets/b32520_529.pdf,local PDF,L7.2 W2.5 H6.5 P5.0
generated,,22nF_250VDC_B32529C3223J000,TDK,B32529C3223J000,B3252* - MKT General Purpose,22nF,250VDC,C_Film_Box_L7.3mm_W2.5mm_H6.5mm_P5.0mm,C_Film_Box_L7.3mm_W2.5mm_H6.5mm_P5.0mm.wrl,${PL_SYMBOL_DIR}/PL Capacitor Film/Datasheets/b32520_529.pdf,local PDF,L7.3 W2.5 H6.5 P5.0
generated,,10nF_275VAC_890324023006CS,Würth Elektronik,890324023006CS,WCAP-FTX2,10nF,275VAC,C_Film_Box_L13.0mm_W5.0mm_H11.5mm_P10.0mm,C_Film_Box_L13.0mm_W5.0mm_H11.5mm_P10.0mm.wrl,https://www.we-online.com/components/products/datasheet/890324023006CS.pdf,datasheet URL,L13.0 W5.0 H11.5 P10.0
generated,,47nF_275VAC_890324023015CS,Würth Elektronik,890324023015CS,WCAP-FTX2,47nF,275VAC,C_Film_Box_L13.0mm_W4.5mm_H10.0mm_P10.0mm,C_Film_Box_L13.0mm_W4.5mm_H10.0mm_P10.0mm.wrl,https://www.we-online.com/components/products/datasheet/890324023015CS.pdf,datasheet URL,L13.0 W4.5 H10.0 P10.0
generated,,10nF_250VDC_B32529C3103K000,TDK,B32529C3103K000,B3252* - MKT General Purpose,10nF,250VDC,C_Film_Box_L7.3mm_W2.5mm_H6.5mm_P5.0mm,C_Film_Box_L7.3mm_W2.5mm_H6.5mm_P5.0mm.wrl,${PL_SYMBOL_DIR}/PL Capacitor Film/Datasheets/b32520_529.pdf,local PDF,L7.3 W2.5 H6.5 P5.0
generated,,10nF_100VDC_R82EC2100Z350J,KEMET,R82EC2100Z350J,R82,10nF,100VDC,C_Film_Box_L7.2mm_W2.5mm_H6.6mm_P5.0mm,C_Film_Box_L7.2mm_W2.5mm_H6.6mm_P5.0mm.wrl,${PL_SYMBOL_DIR}/PL Capacitor Film/Datasheets/KEM_F3101_R82.pdf,local PDF,L7.2 W2.5 H6.6 P5.0
generated,,22nF_310VAC_890334023011CS,Würth Elektronik,890334023011CS,WCAP-FTXX,22nF,310VAC,C_Film_Box_L13.0mm_W4.5mm_H10.0mm_P10.0mm,C_Film_Box_L13.0mm_W4.5mm_H10.0mm_P10.0mm.wrl,https://www.we-online.com/components/products/datasheet/890334023011CS.pdf,datasheet URL,L13.0 W4.5 H10.0 P10.0
generated,,22nF_275VAC_890324023011CS,Würth Elektronik,890324023011CS,WCAP-FTX2,22nF,275VAC,C_Film_Box_L13.0mm_W4.5mm_H10.0mm_P10.0mm,C_Film_Box_L13.0mm_W4.5mm_H10.0mm_P10.0mm.wrl,https://www.we-online.com/components/products/datasheet/890324023011CS.pdf,datasheet URL,L13.0 W4.5 H10.0 P10.0
generated,,47nF_310VAC_890334023015,Würth Elektronik,890334023015,WCAP-FTXX,47nF,310VAC,C_Film_Box_L13.0mm_W4.5mm_H10.0mm_P10.0mm,C_Film_Box_L13.0mm_W4.5mm_H10.0mm_P10.0mm.wrl,https://www.we-online.com/components/products/datasheet/890334023015.pdf,datasheet URL,L13.0 W4.5 H10.0 P10.0
generated,,33nF_275VAC_890324025006CS,Würth Elektronik,890324025006CS,WCAP-FTX2,33nF,275VAC,C_Film_Box_L18.0mm_W5.0mm_H11.5mm_P15.0mm,C_Film_Box_L18.0mm_W5.0mm_H11.5mm_P15.0mm.wrl,https://www.we-online.com/components/products/datasheet/890324025006CS.pdf,datasheet URL,L18.0 W5.0 H11.5 P15.0
generated,,150nF_63VDC_B32529C0154J289,TDK,B32529C0154J289,B3252* - MKT General Purpose,150nF,63VDC,C_Film_Box_L7.3mm_W2.5mm_H6.5mm_P5.0mm,C_Film_Box_L7.3mm_W2.5mm_H6.5mm_P5.0mm.wrl,${PL_SYMBOL_DIR}/PL Capacitor Film/Datasheets/b32520_529.pdf,local PDF,L7.3 W2.5 H6.5 P5.0
generated,,10nF_400VDC_R82MC2100DQ50J,KEMET,R82MC2100DQ50J,R82,10nF,400VDC,C_Film_Box_L7.2mm_W3.5mm_H7.6mm_P5.0mm,C_Film_Box_L7.2mm_W3.5mm_H7.6mm_P5.0mm.wrl,${PL_SYMBOL_DIR}/PL Capacitor Film/Datasheets/KEM_F3101_R82.pdf,local PDF,L7.2 W3.5 H7.6 P5.0
generated,,1nF_400VDC_B32529C6102K189,TDK,B32529C6102K189,B3252* - MKT General Purpose,1nF,400VDC,C_Film_Box_L7.2mm_W2.5mm_H6.5mm_P5.0mm,C_Film_Box_L7.2mm_W2.5mm_H6.5mm_P5.0mm.wrl,${PL_SYMBOL_DIR}/PL Capacitor Film/Datasheets/b32520_529.pdf,local PDF,L7.2 W2.5 H6.5 P5.0
generated,,150nF_63VDC_B32529C0154J000,TDK,B32529C0154J000,B3252* - MKT General Purpose,150nF,63VDC,C_Film_Box_L7.3mm_W2.5mm_H6.5mm_P5.0mm,C_Film_Box_L7.3mm_W2.5mm_H6.5mm_P5.0mm.wrl,${PL_SYMBOL_DIR}/PL Capacitor Film/Datasheets/b32520_529.pdf,local PDF,L7.3 W2.5 H6.5 P5.0
generated,,150nF_63VDC_B32529C0154J189,TDK,B32529C0154J189,B3252* - MKT General Purpose,150nF,63VDC,C_Film_Box_L7.2mm_W2.5mm_H6.5mm_P5.0mm,C_Film_Box_L7.2mm_W2.5mm_H6.5mm_P5.0mm.wrl,${PL_SYMBOL_DIR}/PL Capacitor Film/Datasheets/b32520_529.pdf,local PDF,L7.2 W2.5 H6.5 P5.0
generated,,330nF_63VDC_R82DC3330SH60J,KEMET,R82DC3330SH60J,R82,330nF,63VDC,C_Film_Box_L7.2mm_W3.5mm_H7.6mm_P5.0mm,C_Film_Box_L7.2mm_W3.5mm_H7.6mm_P5.0mm.wrl,${PL_SYMBOL_DIR}/PL Capacitor Film/Datasheets/KEM_F3101_R82.pdf,local PDF,L7.2 W3.5 H7.6 P5.0
generated,,220nF_63VDC_B32529C0224K000,TDK,B32529C0224K000,B3252* - MKT General Purpose,220nF,63VDC,C_Film_Box_L7.3mm_W2.5mm_H6.5mm_P5.0mm,C_Film_Box_L7.3mm_W2.5mm_H6.5mm_P5.0mm.wrl,${PL_SYMBOL_DIR}/PL Capacitor Film/Datasheets/b32520_529.pdf,local PDF,L7.3 W2.5 H6.5 P5.0
generated,,100nF_100VDC_R82EC3100Z370J,KEMET,R82EC3100Z370J,R82,100nF,100VDC,C_Film_Box_L7.2mm_W2.5mm_H6.6mm_P5.0mm,C_Film_Box_L7.2mm_W2.5mm_H6.6mm_P5.0mm.wrl,${PL_SYMBOL_DIR}/PL Capacitor Film/Datasheets/KEM_F3101_R82.pdf,local PDF,L7.2 W2.5 H6.6 P5.0
generated,,2.2nF_400VDC_B32529C6222J289,TDK,B32529C6222J289,B3252* - MKT General Purpose,2.2nF,400VDC,C_Film_Box_L7.3mm_W2.5mm_H6.5mm_P5.0mm,C_Film_Box_L7.3mm_W2.5mm_H6.5mm_P5.0mm.wrl,${PL_SYMBOL_DIR}/PL Capacitor Film/Datasheets/b32520_529.pdf,local PDF,L7.3 W2.5 H6.5 P5.0
generated,,4.7nF_400VDC_B32529C6472J000,TDK,B32529C6472J000,B3252* - MKT General Purpose,4.7nF,400VDC,C_Film_Box_L7.3mm_W2.5mm_H6.5mm_P5.0mm,C_Film_Box_L7.3mm_W2.5mm_H6.5mm_P5.0mm.wrl,${PL_SYMBOL_DIR}/PL Capacitor Film/Datasheets/b32520_529.pdf,local PDF,L7.3 W2.5 H6.5 P5.0
generated,,1nF_400VDC_B32529C6102J189,TDK,B32529C6102J189,B3252* - MKT General Purpose,1nF,400VDC,C_Film_Box_L7.2mm_W2.5mm_H6.5mm_P5.0mm,C_Film_Box_L7.2mm_W2.5mm_H6.5mm_P5.0mm.wrl,${PL_SYMBOL_DIR}/PL Capacitor Film/Datasheets/b32520_529.pdf,local PDF,L7.2 W2.5 H6.5 P5.0
generated,,1nF_400VDC_B32529C6102J000,TDK,B32529C6102J000,B3252* - MKT General Purpose,1nF,400VDC,C_Film_Box_L7.3mm_W2.5mm_H6.5mm_P5.0mm,C_Film_Box_L7.3mm_W2.5mm_H6.5mm_P5.0mm.wrl,${PL_SYMBOL_DIR}/PL Capacitor Film/Datasheets/b32520_529.pdf,local PDF,L7.3 W2.5 H6.5 P5.0
generated,,220nF_100VDC_R82EC3220DQ70J,KEMET,R82EC3220DQ70J,R82,220nF,100VDC,C_Film_Box_L7.2mm_W3.5mm_H7.6mm_P5.0mm,C_Film_Box_L7.2mm_W3.5mm_H7.6mm_P5.0mm.wrl,${PL_SYMBOL_DIR}/PL Capacitor Film/Datasheets/KEM_F3101_R82.pdf,local PDF,L7.2 W3.5 H7.6 P5.0
generated,,220nF_100VDC_R82EC3220AA70J,KEMET,R82EC3220AA70J,R82,220nF,100VDC,C_Film_Box_L7.2mm_W3.5mm_H7.6mm_P5.0mm,C_Film_Box_L7.2mm_W3.5mm_H7.6mm_P5.0mm.wrl,${PL_SYMBOL_DIR}/PL Capacitor Film/Datasheets/KEM_F3101_R82.pdf,local PDF,L7.2 W3.5 H7.6 P5.0
generated,,100nF_310VAC_890334023023CS,Würth Elektronik,890334023023CS,WCAP-FTXX,100nF,310VAC,C_Film_Box_L13.0mm_W7.0mm_H13.5mm_P10.0mm,C_Film_Box_L13.0mm_W7.0mm_H13.5mm_P10.0mm.wrl,https://www.we-online.com/components/products/datasheet/890334023023CS.pdf,datasheet URL,L13.0 W7.0 H13.5 P10.0
generated,,100nF_275VAC_890324025017,Würth Elektronik,890324025017,WCAP-FTX2,100nF,275VAC,C_Film_Box_L18.0mm_W6.0mm_H12.5mm_P15.0mm,C_Film_Box_L18.0mm_W6.0mm_H12.5mm_P15.0mm.wrl,https://www.we-online.com/components/products/datasheet/890324025017.pdf,datasheet URL,L18.0 W6.0 H12.5 P15.0
generated,,100nF_310VAC_890334025017CS,Würth Elektronik,890334025017CS,WCAP-FTXX,100nF,310VAC,C_Film_Box_L18.0mm_W6.0mm_H12.5mm_P15.0mm,C_Film_Box_L18.0mm_W6.0mm_H12.5mm_P15.0mm.wrl,https://www.we-online.com/components/products/datasheet/890334025017CS.pdf,datasheet URL,L18.0 W6.0 H12.5 P15.0
generated,,100nF_275VAC_890324023023CS,Würth Elektronik,890324023023CS,WCAP-FTX2,100nF,275VAC,C_Film_Box_L13.0mm_W7.0mm_H13.5mm_P10.0mm,C_Film_Box_L13.0mm_W7.0mm_H13.5mm_P10.0mm.wrl,https://www.we-online.com/components/products/datasheet/890324023023CS.pdf,datasheet URL,L13.0 W7.0 H13.5 P10.0
generated,,100nF_310VAC_890334023023,Würth Elektronik,890334023023,WCAP-FTXX,100nF,310VAC,C_Film_Box_L13.0mm_W7.0mm_H13.5mm_P10.0mm,C_Film_Box_L13.0mm_W7.0mm_H13.5mm_P10.0mm.wrl,https://www.we-online.com/components/products/datasheet/890334023023.pdf,datasheet URL,L13.0 W7.0 H13.5 P10.0
generated,,100nF_275VAC_890324023023,Würth Elektronik,890324023023,WCAP-FTX2,100nF,275VAC,C_Film_Box_L13.0mm_W7.0mm_H13.5mm_P10.0mm,C_Film_Box_L13.0mm_W7.0mm_H13.5mm_P10.0mm.wrl,https://www.we-online.com/components/products/datasheet/890324023023.pdf,datasheet URL,L13.0 W7.0 H13.5 P10.0
generated,,220nF_63VDC_B32529C0224J000,TDK,B32529C0224J000,B3252* - MKT General Purpose,220nF,63VDC,C_Film_Box_L7.3mm_W2.5mm_H6.5mm_P5.0mm,C_Film_Box_L7.3mm_W2.5mm_H6.5mm_P5.0mm.wrl,${PL_SYMBOL_DIR}/PL Capacitor Film/Datasheets/b32520_529.pdf,local PDF,L7.3 W2.5 H6.5 P5.0
generated,,220nF_63VDC_B32529C0224J189,TDK,B32529C0224J189,B3252* - MKT General Purpose,220nF,63VDC,C_Film_Box_L7.3mm_W2.5mm_H6.5mm_P5.0mm,C_Film_Box_L7.3mm_W2.5mm_H6.5mm_P5.0mm.wrl,${PL_SYMBOL_DIR}/PL Capacitor Film/Datasheets/b32520_529.pdf,local PDF,L7.3 W2.5 H6.5 P5.0
generated,,220nF_100VDC_R82EC3220Z370K,KEMET,R82EC3220Z370K,R82,220nF,100VDC,C_Film_Box_L7.2mm_W3.5mm_H7.6mm_P5.0mm,C_Film_Box_L7.2mm_W3.5mm_H7.6mm_P5.0mm.wrl,${PL_SYMBOL_DIR}/PL Capacitor Film/Datasheets/KEM_F3101_R82.pdf,local PDF,L7.2 W3.5 H7.6 P5.0
generated,,470nF_63VDC_R82DC3470AA60J,KEMET,R82DC3470AA60J,R82,470nF,63VDC,C_Film_Box_L7.2mm_W3.5mm_H7.6mm_P5.0mm,C_Film_Box_L7.2mm_W3.5mm_H7.6mm_P5.0mm.wrl,${PL_SYMBOL_DIR}/PL Capacitor Film/Datasheets/KEM_F3101_R82.pdf,local PDF,L7.2 W3.5 H7.6 P5.0
generated,,330nF_63VDC_R82DC3330DQ60K,KEMET,R82DC3330DQ60K,R82,330nF,63VDC,C_Film_Box_L7.2mm_W3.5mm_H7.6mm_P5.0mm,C_Film_Box_L7.2mm_W3.5mm_H7.6mm_P5.0mm.wrl,${PL_SYMBOL_DIR}/PL Capacitor Film/Datasheets/KEM_F3101_R82.pdf,local PDF,L7.2 W3.5 H7.6 P5.0
generated,,220nF_63VDC_B32529C0224K289,TDK,B32529C0224K289,B3252* - MKT General Purpose,220nF,63VDC,C_Film_Box_L7.3mm_W2.5mm_H6.5mm_P5.0mm,C_Film_Box_L7.3mm_W2.5mm_H6.5mm_P5.0mm.wrl,${PL_SYMBOL_DIR}/PL Capacitor Film/Datasheets/b32520_529.pdf,local PDF,L7.3 W2.5 H6.5 P5.0
generated,,470nF_63VDC_R82DC3470SH60J,KEMET,R82DC3470SH60J,R82,470nF,63VDC,C_Film_Box_L7.2mm_W3.5mm_H7.6mm_P5.0mm,C_Film_Box_L7.2mm_W3.5mm_H7.6mm_P5.0mm.wrl,${PL_SYMBOL_DIR}/PL Capacitor Film/Datasheets/KEM_F3101_R82.pdf,local PDF,L7.2 W3.5 H7.6 P5.0
generated,,47nF_100VDC_R82EC2470Z360J,KEMET,R82EC2470Z360J,R82,47nF,100VDC,C_Film_Box_L7.2mm_W2.5mm_H6.6mm_P5.0mm,C_Film_Box_L7.2mm_W2.5mm_H6.6mm_P5.0mm.wrl,${PL_SYMBOL_DIR}/PL Capacitor Film/Datasheets/KEM_F3101_R82.pdf,local PDF,L7.2 W2.5 H6.6 P5.0
generated,,56nF_100VDC_R82EC2560SH60J,KEMET,R82EC2560SH60J,R82,56nF,100VDC,C_Film_Box_L7.2mm_W2.5mm_H6.6mm_P5.0mm,C_Film_Box_L7.2mm_W2.5mm_H6.6mm_P5.0mm.wrl,${PL_SYMBOL_DIR}/PL Capacitor Film/Datasheets/KEM_F3101_R82.pdf,local PDF,L7.2 W2.5 H6.6 P5.0
generated,,470nF_63VDC_R82DC3470AA60K,KEMET,R82DC3470AA60K,R82,470nF,63VDC,C_Film_Box_L7.2mm_W3.5mm_H7.6mm_P5.0mm,C_Film_Box_L7.2mm_W3.5mm_H7.6mm_P5.0mm.wrl,${PL_SYMBOL_DIR}/PL Capacitor Film/Datasheets/KEM_F3101_R82.pdf,local PDF,L7.2 W3.5 H7.6 P5.0
generated,,330nF_63VDC_R82DC3330AA60K,KEMET,R82DC3330AA60K,R82,330nF,63VDC,C_Film_Box_L7.2mm_W3.5mm_H7.6mm_P5.0mm,C_Film_Box_L7.2mm_W3.5mm_H7.6mm_P5.0mm.wrl,${PL_SYMBOL_DIR}/PL Capacitor Film/Datasheets/KEM_F3101_R82.pdf,local PDF,L7.2 W3.5 H7.6 P5.0
generated,,470nF_63VDC_R82DC3470Z360J,KEMET,R82DC3470Z360J,R82,470nF,63VDC,C_Film_Box_L7.2mm_W3.5mm_H7.6mm_P5.0mm,C_Film_Box_L7.2mm_W3.5mm_H7.6mm_P5.0mm.wrl,${PL_SYMBOL_DIR}/PL Capacitor Film/Datasheets/KEM_F3101_R82.pdf,local PDF,L7.2 W3.5 H7.6 P5.0
generated,,10nF_630VDC_103MMR630K,Cornell Dubilier Knowles,103MMR630K,MMR,10nF,630VDC,C_Film_Box_L13.5mm_W5.0mm_H8.0mm_P10.0mm,C_Film_Box_L13.5mm_W5.0mm_H8.0mm_P10.0mm.wrl,${PL_SYMBOL_DIR}/PL Capacitor Film/Datasheets/MMR.pdf,local PDF,L13.5 W5.0 H8.0 P10.0
generated,,330nF_63VDC_R82DC3330AA60J,KEMET,R82DC3330AA60J,R82,330nF,63VDC,C_Film_Box_L7.2mm_W3.5mm_H7.6mm_P5.0mm,C_Film_Box_L7.2mm_W3.5mm_H7.6mm_P5.0mm.wrl,${PL_SYMBOL_DIR}/PL Capacitor Film/Datasheets/KEM_F3101_R82.pdf,local PDF,L7.2 W3.5 H7.6 P5.0
generated,,100nF_250VDC_R82IC3100Z360J,KEMET,R82IC3100Z360J,R82,100nF,250VDC,C_Film_Box_L7.2mm_W4.5mm_H9.6mm_P5.0mm,C_Film_Box_L7.2mm_W4.5mm_H9.6mm_P5.0mm.wrl,${PL_SYMBOL_DIR}/PL Capacitor Film/Datasheets/KEM_F3101_R82.pdf,local PDF,L7.2 W4.5 H9.6 P5.0
generated,,3.3nF_1000VDC_R413F133040M1M,KEMET,R413F133040M1M,R41,3.3nF,1000VDC,C_Film_Box_L13.0mm_W4.0mm_H9.1mm_P10.0mm,C_Film_Box_L13.0mm_W4.0mm_H9.1mm_P10.0mm.wrl,${PL_SYMBOL_DIR}/PL Capacitor Film/Datasheets/KEM_F3100_R41_Y2_300.pdf,local PDF,L13.0 W4.0 H9.1 P10.0
generated,,150nF_310VAC_890334023025,Würth Elektronik,890334023025,WCAP-FTXX,150nF,310VAC,C_Film_Box_L13.0mm_W7.0mm_H12.5mm_P10.0mm,C_Film_Box_L13.0mm_W7.0mm_H12.5mm_P10.0mm.wrl,https://www.we-online.com/components/products/datasheet/890334023025.pdf,datasheet URL,L13.0 W7.0 H12.5 P10.0
generated,,470nF_63VDC_R82DC3470DQ60K,KEMET,R82DC3470DQ60K,R82,470nF,63VDC,C_Film_Box_L7.2mm_W3.5mm_H7.6mm_P5.0mm,C_Film_Box_L7.2mm_W3.5mm_H7.6mm_P5.0mm.wrl,${PL_SYMBOL_DIR}/PL Capacitor Film/Datasheets/KEM_F3101_R82.pdf,local PDF,L7.2 W3.5 H7.6 P5.0
generated,,100nF_250VDC_B32521C3104K000,TDK,B32521C3104K000,B3252* - MKT General Purpose,100nF,250VDC,C_Film_Box_L13.0mm_W4.0mm_H7.0mm_P10.0mm,C_Film_Box_L13.0mm_W4.0mm_H7.0mm_P10.0mm.wrl,${PL_SYMBOL_DIR}/PL Capacitor Film/Datasheets/b32520_529.pdf,local PDF,L13.0 W4.0 H7.0 P10.0
generated,,100nF_250VDC_104MMR250K,Cornell Dubilier Knowles,104MMR250K,MMR,100nF,250VDC,C_Film_Box_L10.5mm_W6.0mm_H10.3mm_P7.5mm,C_Film_Box_L10.5mm_W6.0mm_H10.3mm_P7.5mm.wrl,${PL_SYMBOL_DIR}/PL Capacitor Film/Datasheets/MMR.pdf,local PDF,L10.5 W6.0 H10.3 P7.5
generated,,220nF_310VAC_890334023028,Würth Elektronik,890334023028,WCAP-FTXX,220nF,310VAC,C_Film_Box_L13.0mm_W8.0mm_H14.5mm_P10.0mm,C_Film_Box_L13.0mm_W8.0mm_H14.5mm_P10.0mm.wrl,https://www.we-online.com/components/products/datasheet/890334023028.pdf,datasheet URL,L13.0 W8.0 H14.5 P10.0
generated,,220nF_310VAC_890334025027CS,Würth Elektronik,890334025027CS,WCAP-FTXX,220nF,310VAC,C_Film_Box_L18.0mm_W6.0mm_H12.0mm_P15.0mm,C_Film_Box_L18.0mm_W6.0mm_H12.0mm_P15.0mm.wrl,https://www.we-online.com/components/products/datasheet/890334025027CS.pdf,datasheet URL,L18.0 W6.0 H12.0 P15.0
generated,,68nF_275VAC_890324022017CS,Würth Elektronik,890324022017CS,WCAP-FTX2,68nF,275VAC,C_Film_Box_L10.0mm_W6.0mm_H12.5mm_P7.5mm,C_Film_Box_L10.0mm_W6.0mm_H12.5mm_P7.5mm.wrl,https://www.we-online.com/components/products/datasheet/890324022017CS.pdf,datasheet URL,L10.0 W6.0 H12.5 P7.5
generated,,150nF_275VAC_890324023025,Würth Elektronik,890324023025,WCAP-FTX2,150nF,275VAC,C_Film_Box_L13.0mm_W7.0mm_H12.5mm_P10.0mm,C_Film_Box_L13.0mm_W7.0mm_H12.5mm_P10.0mm.wrl,https://www.we-online.com/components/products/datasheet/890324023025.pdf,datasheet URL,L13.0 W7.0 H12.5 P10.0
generated,,220nF_310VAC_890334023028CS,Würth Elektronik,890334023028CS,WCAP-FTXX,220nF,310VAC,C_Film_Box_L13.0mm_W8.0mm_H14.5mm_P10.0mm,C_Film_Box_L13.0mm_W8.0mm_H14.5mm_P10.0mm.wrl,https://www.we-online.com/components/products/datasheet/890334023028CS.pdf,datasheet URL,L13.0 W8.0 H14.5 P10.0
generated,,150nF_275VAC_890324023025CS,Würth Elektronik,890324023025CS,WCAP-FTX2,150nF,275VAC,C_Film_Box_L13.0mm_W7.0mm_H12.5mm_P10.0mm,C_Film_Box_L13.0mm_W7.0mm_H12.5mm_P10.0mm.wrl,https://www.we-online.com/components/products/datasheet/890324023025CS.pdf,datasheet URL,L13.0 W7.0 H12.5 P10.0
generated,,100nF_420VDC_R71MF31004030K,KEMET,R71MF31004030K,R71,100nF,420VDC,C_Film_Box_L13.0mm_W4.0mm_H9.1mm_P10.0mm,C_Film_Box_L13.0mm_W4.0mm_H9.1mm_P10.0mm.wrl,https://yageogroup.com/content/datasheet/asset/file/KEM_F3030_R71,datasheet URL,L13.0 W4.0 H9.1 P10.0
generated,,10nF_400VDC_103MMR400K,Cornell Dubilier Knowles,103MMR400K,MMR,10nF,400VDC,C_Film_Box_L10.5mm_W4.5mm_H7.5mm_P7.5mm,C_Film_Box_L10.5mm_W4.5mm_H7.5mm_P7.5mm.wrl,${PL_SYMBOL_DIR}/PL Capacitor Film/Datasheets/MMR.pdf,local PDF,L10.5 W4.5 H7.5 P7.5
generated,,10nF_305VAC_B32921C3103M000,TDK,B32921C3103M000,B3292*C/D - X2 Standard,10nF,305VAC,C_Film_Box_L13.0mm_W4.0mm_H9.0mm_P10.0mm,C_Film_Box_L13.0mm_W4.0mm_H9.0mm_P10.0mm.wrl,${PL_SYMBOL_DIR}/PL Capacitor Film/Datasheets/x2_b32921_928.pdf,local PDF,L13.0 W4.0 H9.0 P10.0
generated,,100nF_560VDC_R46KI3100JBM1M,KEMET,R46KI3100JBM1M,R46,100nF,560VDC,C_Film_Box_L18.0mm_W6.0mm_H11.1mm_P15.0mm,C_Film_Box_L18.0mm_W6.0mm_H11.1mm_P15.0mm.wrl,${PL_SYMBOL_DIR}/PL Capacitor Film/Datasheets/KEM_F3093_R46_X2_275_110C.pdf,local PDF,L18.0 W6.0 H11.1 P15.0
generated,,10nF_305VAC_B32921C3103M189,TDK,B32921C3103M189,B3292*C/D - X2 Standard,10nF,305VAC,C_Film_Box_L13.0mm_W4.0mm_H9.0mm_P10.0mm,C_Film_Box_L13.0mm_W4.0mm_H9.0mm_P10.0mm.wrl,${PL_SYMBOL_DIR}/PL Capacitor Film/Datasheets/x2_b32921_928.pdf,local PDF,L13.0 W4.0 H9.0 P10.0
generated,,220nF_100VDC_B32529C1224K000,TDK,B32529C1224K000,B3252* - MKT General Purpose,220nF,100VDC,C_Film_Box_L7.3mm_W3.5mm_H8.0mm_P5.0mm,C_Film_Box_L7.3mm_W3.5mm_H8.0mm_P5.0mm.wrl,${PL_SYMBOL_DIR}/PL Capacitor Film/Datasheets/b32520_529.pdf,local PDF,L7.3 W3.5 H8.0 P5.0
generated,,22nF_400VDC_B32529E6223K289,TDK,B32529E6223K289,B3252* - MKT General Purpose,22nF,400VDC,C_Film_Box_L7.3mm_W3.5mm_H8.0mm_P5.0mm,C_Film_Box_L7.3mm_W3.5mm_H8.0mm_P5.0mm.wrl,${PL_SYMBOL_DIR}/PL Capacitor Film/Datasheets/b32520_529.pdf,local PDF,L7.3 W3.5 H8.0 P5.0
generated,,100nF_560VDC_R46KI3100JEM1K,KEMET,R46KI3100JEM1K,R46,100nF,560VDC,C_Film_Box_L18.0mm_W5.0mm_H11.1mm_P15.0mm,C_Film_Box_L18.0mm_W5.0mm_H11.1mm_P15.0mm.wrl,${PL_SYMBOL_DIR}/PL Capacitor Film/Datasheets/KEM_F3093_R46_X2_275_110C.pdf,local PDF,L18.0 W5.0 H11.1 P15.0
generated,,4.7nF_1000VDC_R474F147050A1M,KEMET,R474F147050A1M,R47,4.7nF,1000VDC,C_Film_Box_L13.0mm_W4.0mm_H9.1mm_P10.0mm,C_Film_Box_L13.0mm_W4.0mm_H9.1mm_P10.0mm.wrl,${PL_SYMBOL_DIR}/PL Capacitor Film/Datasheets/KEM_F3096_R47_X2_440.pdf,local PDF,L13.0 W4.0 H9.1 P10.0
generated,,100nF_560VDC_R46KI3100JHM1M,KEMET,R46KI3100JHM1M,R46,100nF,560VDC,C_Film_Box_L18.0mm_W5.0mm_H11.1mm_P15.0mm,C_Film_Box_L18.0mm_W5.0mm_H11.1mm_P15.0mm.wrl,${PL_SYMBOL_DIR}/PL Capacitor Film/Datasheets/KEM_F3093_R46_X2_275_110C.pdf,local PDF,L18.0 W5.0 H11.1 P15.0
generated,,4.7nF_1000VDC_R474F147050A1K,KEMET,R474F147050A1K,R47,4.7nF,1000VDC,C_Film_Box_L13.0mm_W4.0mm_H9.1mm_P10.0mm,C_Film_Box_L13.0mm_W4.0mm_H9.1mm_P10.0mm.wrl,https://search.kemet.com/download/specsheet/R474F147050A1K,datasheet URL,L13.0 W4.0 H9.1 P10.0
generated,,33nF_305VAC_B32921C3333M000,TDK,B32921C3333M000,B3292*C/D - X2 Standard,33nF,305VAC,C_Film_Box_L13.0mm_W4.0mm_H9.0mm_P10.0mm,C_Film_Box_L13.0mm_W4.0mm_H9.0mm_P10.0mm.wrl,${PL_SYMBOL_DIR}/PL Capacitor Film/Datasheets/x2_b32921_928.pdf,local PDF,L13.0 W4.0 H9.0 P10.0
generated,,33nF_400VDC_333MMR400K,Cornell Dubilier Knowles,333MMR400K,MMR,33nF,400VDC,C_Film_Box_L10.5mm_W6.0mm_H9.5mm_P7.5mm,C_Film_Box_L10.5mm_W6.0mm_H9.5mm_P7.5mm.wrl,${PL_SYMBOL_DIR}/PL Capacitor Film/Datasheets/MMR.pdf,local PDF,L10.5 W6.0 H9.5 P7.5
generated,,10nF_305VAC_B32921C3103K289,TDK,B32921C3103K289,B3292*C/D - X2 Standard,10nF,305VAC,C_Film_Box_L13.0mm_W4.0mm_H9.0mm_P10.0mm,C_Film_Box_L13.0mm_W4.0mm_H9.0mm_P10.0mm.wrl,${PL_SYMBOL_DIR}/PL Capacitor Film/Datasheets/x2_b32921_928.pdf,local PDF,L13.0 W4.0 H9.0 P10.0
generated,,22nF_305VAC_B32921C3223M289,TDK,B32921C3223M289,B3292*C/D - X2 Standard,22nF,305VAC,C_Film_Box_L13.0mm_W4.0mm_H9.0mm_P10.0mm,C_Film_Box_L13.0mm_W4.0mm_H9.0mm_P10.0mm.wrl,${PL_SYMBOL_DIR}/PL Capacitor Film/Datasheets/x2_b32921_928.pdf,local PDF,L13.0 W4.0 H9.0 P10.0
generated,,150nF_100VDC_B32529C1154J000,TDK,B32529C1154J000,B3252* - MKT General Purpose,150nF,100VDC,C_Film_Box_L7.3mm_W3.0mm_H6.5mm_P5.0mm,C_Film_Box_L7.3mm_W3.0mm_H6.5mm_P5.0mm.wrl,${PL_SYMBOL_DIR}/PL Capacitor Film/Datasheets/b32520_529.pdf,local PDF,L7.3 W3.0 H6.5 P5.0
generated,,10nF_305VAC_B32921C3103K000,TDK,B32921C3103K000,B3292*C/D - X2 Standard,10nF,305VAC,C_Film_Box_L13.0mm_W4.0mm_H9.0mm_P10.0mm,C_Film_Box_L13.0mm_W4.0mm_H9.0mm_P10.0mm.wrl,${PL_SYMBOL_DIR}/PL Capacitor Film/Datasheets/x2_b32921_928.pdf,local PDF,L13.0 W4.0 H9.0 P10.0
generated,,220nF_100VDC_B32529C1224J289,TDK,B32529C1224J289,B3252* - MKT General Purpose,220nF,100VDC,C_Film_Box_L7.3mm_W3.5mm_H8.0mm_P5.0mm,C_Film_Box_L7.3mm_W3.5mm_H8.0mm_P5.0mm.wrl,${PL_SYMBOL_DIR}/PL Capacitor Film/Datasheets/b32520_529.pdf,local PDF,L7.3 W3.5 H8.0 P5.0
generated,,220nF_250VDC_224MMR250K,Cornell Dubilier Knowles,224MMR250K,MMR,220nF,250VDC,C_Film_Box_L12.5mm_W6.0mm_H11.0mm_P10.0mm,C_Film_Box_L12.5mm_W6.0mm_H11.0mm_P10.0mm.wrl,${PL_SYMBOL_DIR}/PL Capacitor Film/Datasheets/MMR.pdf,local PDF,L12.5 W6.0 H11.0 P10.0
generated,,10nF_305VAC_B32921C3103M026,TDK,B32921C3103M026,B3292*C/D - X2 Standard,10nF,305VAC,C_Film_Box_L13.0mm_W4.0mm_H9.0mm_P10.0mm,C_Film_Box_L13.0mm_W4.0mm_H9.0mm_P10.0mm.wrl,${PL_SYMBOL_DIR}/PL Capacitor Film/Datasheets/x2_b32921_928.pdf,local PDF,L13.0 W4.0 H9.0 P10.0
generated,,10nF_250VDC_BFC237035103,Vishay Beyschlag/Draloric/BC Components,BFC237035103,MKT370,10nF,250VDC,C_Film_Box_L7.2mm_W2.5mm_H6.5mm_P5.08mm,C_Film_Box_L7.2mm_W2.5mm_H6.5mm_P5.08mm.wrl,${PL_SYMBOL_DIR}/PL Capacitor Film/Datasheets/mkt370.pdf,local PDF,L7.2 W2.5 H6.5 P5.08
generated,,220nF_275VAC_890324023028CS,Würth Elektronik,890324023028CS,WCAP-FTX2,220nF,275VAC,C_Film_Box_L13.0mm_W8.0mm_H14.5mm_P10.0mm,C_Film_Box_L13.0mm_W8.0mm_H14.5mm_P10.0mm.wrl,https://www.we-online.com/components/products/datasheet/890324023028CS.pdf,datasheet URL,L13.0 W8.0 H14.5 P10.0
generated,,100nF_450VDC_B32672Z4104K000,TDK,B32672Z4104K000,B3267*Z* - High Current PFC,100nF,450VDC,C_Film_Box_L18.0mm_W5.0mm_H10.5mm_P15.0mm,C_Film_Box_L18.0mm_W5.0mm_H10.5mm_P15.0mm.wrl,https://product.tdk.com/en/system/files/dam/doc/product/capacitor/film/mkp_mfp/data_sheet/20/20/db/fc_2009/mkp_b32671z_676z.pdf,datasheet URL,L18.0 W5.0 H10.5 P15.0
generated,,22nF_400VDC_BFC236855223,Vishay Beyschlag/Draloric/BC Components,BFC236855223,MKT368,22nF,400VDC,C_Film_Box_L12.5mm_W4.2mm_H12.9mm_P10.0mm,C_Film_Box_L12.5mm_W4.2mm_H12.9mm_P10.0mm.wrl,https://www.vishay.com/docs/28132/mkt368.pdf,datasheet URL,L12.5 W4.2 H12.9 P10.0
generated,,100nF_100VDC_104MSR100K,Cornell Dubilier Knowles,104MSR100K,MSR,100nF,100VDC,C_Film_Box_L12.5mm_W5.5mm_H8.5mm_P10.0mm,C_Film_Box_L12.5mm_W5.5mm_H8.5mm_P10.0mm.wrl,${PL_SYMBOL_DIR}/PL Capacitor Film/Datasheets/MSR.pdf,local PDF,L12.5 W5.5 H8.5 P10.0
generated,,220nF_275VAC_890324023028,Würth Elektronik,890324023028,WCAP-FTX2,220nF,275VAC,C_Film_Box_L13.0mm_W8.0mm_H14.5mm_P10.0mm,C_Film_Box_L13.0mm_W8.0mm_H14.5mm_P10.0mm.wrl,https://www.we-online.com/components/products/datasheet/890324023028.pdf,datasheet URL,L13.0 W8.0 H14.5 P10.0
generated,,47nF_250VDC_B32529C3473K189,TDK,B32529C3473K189,B3252* - MKT General Purpose,47nF,250VDC,C_Film_Box_L7.3mm_W3.5mm_H8.0mm_P5.0mm,C_Film_Box_L7.3mm_W3.5mm_H8.0mm_P5.0mm.wrl,${PL_SYMBOL_DIR}/PL Capacitor Film/Datasheets/b32520_529.pdf,local PDF,L7.3 W3.5 H8.0 P5.0
generated,,220nF_100VDC_B32529C1224J000,TDK,B32529C1224J000,B3252* - MKT General Purpose,220nF,100VDC,C_Film_Box_L7.3mm_W3.5mm_H8.0mm_P5.0mm,C_Film_Box_L7.3mm_W3.5mm_H8.0mm_P5.0mm.wrl,${PL_SYMBOL_DIR}/PL Capacitor Film/Datasheets/b32520_529.pdf,local PDF,L7.3 W3.5 H8.0 P5.0
generated,,100nF_560VDC_R46KI3100JBM1K,KEMET,R46KI3100JBM1K,R46,100nF,560VDC,C_Film_Box_L18.0mm_W6.0mm_H11.1mm_P15.0mm,C_Film_Box_L18.0mm_W6.0mm_H11.1mm_P15.0mm.wrl,${PL_SYMBOL_DIR}/PL Capacitor Film/Datasheets/KEM_F3093_R46_X2_275_110C.pdf,local PDF,L18.0 W6.0 H11.1 P15.0
generated,,47nF_250VDC_B32529C3473J000,TDK,B32529C3473J000,B3252* - MKT General Purpose,47nF,250VDC,C_Film_Box_L7.3mm_W3.5mm_H8.0mm_P5.0mm,C_Film_Box_L7.3mm_W3.5mm_H8.0mm_P5.0mm.wrl,${PL_SYMBOL_DIR}/PL Capacitor Film/Datasheets/b32520_529.pdf,local PDF,L7.3 W3.5 H8.0 P5.0
generated,,33nF_305VAC_B32921C3333K189,TDK,B32921C3333K189,B3292*C/D - X2 Standard,33nF,305VAC,C_Film_Box_L13.0mm_W4.0mm_H9.0mm_P10.0mm,C_Film_Box_L13.0mm_W4.0mm_H9.0mm_P10.0mm.wrl,${PL_SYMBOL_DIR}/PL Capacitor Film/Datasheets/x2_b32921_928.pdf,local PDF,L13.0 W4.0 H9.0 P10.0
generated,,22nF_305VAC_B32921C3223K289,TDK,B32921C3223K289,B3292*C/D - X2 Standard,22nF,305VAC,C_Film_Box_L13.0mm_W4.0mm_H9.0mm_P10.0mm,C_Film_Box_L13.0mm_W4.0mm_H9.0mm_P10.0mm.wrl,${PL_SYMBOL_DIR}/PL Capacitor Film/Datasheets/x2_b32921_928.pdf,local PDF,L13.0 W4.0 H9.0 P10.0
generated,,22nF_305VAC_B32921C3223M026,TDK,B32921C3223M026,B3292*C/D - X2 Standard,22nF,305VAC,C_Film_Box_L13.0mm_W4.0mm_H9.0mm_P10.0mm,C_Film_Box_L13.0mm_W4.0mm_H9.0mm_P10.0mm.wrl,${PL_SYMBOL_DIR}/PL Capacitor Film/Datasheets/x2_b32921_928.pdf,local PDF,L13.0 W4.0 H9.0 P10.0
generated,,4.7nF_310VAC_472MKP275K,Cornell Dubilier Knowles,472MKP275K,MKP,4.7nF,310VAC,C_Film_Box_L13.0mm_W5.0mm_H10.3mm_P10.0mm,C_Film_Box_L13.0mm_W5.0mm_H10.3mm_P10.0mm.wrl,${PL_SYMBOL_DIR}/PL Capacitor Film/Datasheets/MKP.pdf,local PDF,L13.0 W5.0 H10.3 P10.0
generated,,22nF_305VAC_B32921C3223K000,TDK,B32921C3223K000,B3292*C/D - X2 Standard,22nF,305VAC,C_Film_Box_L13.0mm_W4.0mm_H9.0mm_P10.0mm,C_Film_Box_L13.0mm_W4.0mm_H9.0mm_P10.0mm.wrl,${PL_SYMBOL_DIR}/PL Capacitor Film/Datasheets/x2_b32921_928.pdf,local PDF,L13.0 W4.0 H9.0 P10.0
generated,,22nF_630VDC_223MMR630K,Cornell Dubilier Knowles,223MMR630K,MMR,22nF,630VDC,C_Film_Box_L12.5mm_W6.0mm_H10.0mm_P10.0mm,C_Film_Box_L12.5mm_W6.0mm_H10.0mm_P10.0mm.wrl,${PL_SYMBOL_DIR}/PL Capacitor Film/Datasheets/MMR.pdf,local PDF,L12.5 W6.0 H10.0 P10.0
generated,,22nF_305VAC_B32921C3223M000,TDK,B32921C3223M000,B3292*C/D - X2 Standard,22nF,305VAC,C_Film_Box_L13.0mm_W4.0mm_H9.0mm_P10.0mm,C_Film_Box_L13.0mm_W4.0mm_H9.0mm_P10.0mm.wrl,${PL_SYMBOL_DIR}/PL Capacitor Film/Datasheets/x2_b32921_928.pdf,local PDF,L13.0 W4.0 H9.0 P10.0
generated,,330nF_275VAC_890324024003CS,Würth Elektronik,890324024003CS,WCAP-FTX2,330nF,275VAC,C_Film_Box_L15.0mm_W8.5mm_H14.5mm_P12.5mm,C_Film_Box_L15.0mm_W8.5mm_H14.5mm_P12.5mm.wrl,https://www.we-online.com/components/products/datasheet/890324024003CS.pdf,datasheet URL,L15.0 W8.5 H14.5 P12.5
generated,,1nF_630VDC_B32529C8102K289,TDK,B32529C8102K289,B3252* - MKT General Purpose,1nF,630VDC,C_Film_Box_L7.2mm_W2.5mm_H6.5mm_P5.0mm,C_Film_Box_L7.2mm_W2.5mm_H6.5mm_P5.0mm.wrl,${PL_SYMBOL_DIR}/PL Capacitor Film/Datasheets/b32520_529.pdf,local PDF,L7.2 W2.5 H6.5 P5.0
generated,,47nF_305VAC_B32921C3473M000,TDK,B32921C3473M000,B3292*C/D - X2 Standard,47nF,305VAC,C_Film_Box_L13.0mm_W5.0mm_H11.0mm_P10.0mm,C_Film_Box_L13.0mm_W5.0mm_H11.0mm_P10.0mm.wrl,${PL_SYMBOL_DIR}/PL Capacitor Film/Datasheets/x2_b32921_928.pdf,local PDF,L13.0 W5.0 H11.0 P10.0
generated,,33nF_305VAC_B32921C3333M026,TDK,B32921C3333M026,B3292*C/D - X2 Standard,33nF,305VAC,C_Film_Box_L13.0mm_W4.0mm_H9.0mm_P10.0mm,C_Film_Box_L13.0mm_W4.0mm_H9.0mm_P10.0mm.wrl,${PL_SYMBOL_DIR}/PL Capacitor Film/Datasheets/x2_b32921_928.pdf,local PDF,L13.0 W4.0 H9.0 P10.0
generated,,1nF_100VDC_FKS2D011001A00MSSD,WIMA,FKS2D011001A00MSSD,-,1nF,100VDC,C_Film_Box_L7.2mm_W2.5mm_H6.5mm_P5.0mm,C_Film_Box_L7.2mm_W2.5mm_H6.5mm_P5.0mm.wrl,https://www.wima.de/wp-content/uploads/media/e_WIMA_FKS_2.pdf,datasheet URL,L7.2 W2.5 H6.5 P5.0
generated,,2.2nF_100VDC_FKS2D012201A00MSSD,WIMA,FKS2D012201A00MSSD,-,2.2nF,100VDC,C_Film_Box_L7.2mm_W2.5mm_H6.5mm_P5.0mm,C_Film_Box_L7.2mm_W2.5mm_H6.5mm_P5.0mm.wrl,https://www.wima.de/wp-content/uploads/media/e_WIMA_FKS_2.pdf,datasheet URL,L7.2 W2.5 H6.5 P5.0
generated,,470pF_400VDC_FKP2G004701D00KSSD,WIMA,FKP2G004701D00KSSD,-,470pF,400VDC,C_Film_Box_L7.2mm_W4.5mm_H6.0mm_P5.0mm,C_Film_Box_L7.2mm_W4.5mm_H6.0mm_P5.0mm.wrl,//mm.digikey.com/Volume0/opasdata/d220001/medias/docus/6348/WIMA.pdf,datasheet URL,L7.2 W4.5 H6.0 P5.0
generated,,150pF_63VDC_FKP2C001501D00KSSD,WIMA,FKP2C001501D00KSSD,-,150pF,63VDC,C_Film_Box_L7.2mm_W4.5mm_H6.0mm_P5.0mm,C_Film_Box_L7.2mm_W4.5mm_H6.0mm_P5.0mm.wrl,//mm.digikey.com/Volume0/opasdata/d220001/medias/docus/6348/WIMA.pdf,datasheet URL,L7.2 W4.5 H6.0 P5.0
generated,,100nF_305VAC_B32922C3104M003,TDK,B32922C3104M003,B32922,100nF,305VAC,C_Film_Box_L18.0mm_W5.0mm_H10.5mm_P15.0mm,C_Film_Box_L18.0mm_W5.0mm_H10.5mm_P15.0mm.wrl,${PL_SYMBOL_DIR}/PL Capacitor Film/Datasheets/x2_b32921_928.pdf,local PDF,L18.0 W5.0 H10.5 P15.0
generated,,330nF_100VDC_R82EC3330DQ70J,KEMET,R82EC3330DQ70J,R82,330nF,100VDC,C_Film_Box_L7.2mm_W4.5mm_H9.6mm_P5.0mm,C_Film_Box_L7.2mm_W4.5mm_H9.6mm_P5.0mm.wrl,${PL_SYMBOL_DIR}/PL Capacitor Film/Datasheets/KEM_F3101_R82.pdf,local PDF,L7.2 W4.5 H9.6 P5.0
generated,,4.7nF_630VDC_R75PF1470AA01J,KEMET,R75PF1470AA01J,R75,4.7nF,630VDC,C_Film_Box_L13.0mm_W4.0mm_H9.1mm_P10.0mm,C_Film_Box_L13.0mm_W4.0mm_H9.1mm_P10.0mm.wrl,https://yageogroup.com/content/datasheet/asset/file/KEM_F3106_R75,datasheet URL,L13.0 W4.0 H9.1 P10.0
generated,,330nF_63VDC_B32529C0334K000,TDK,B32529C0334K000,B3252* - MKT General Purpose,330nF,63VDC,C_Film_Box_L7.3mm_W3.0mm_H6.5mm_P5.0mm,C_Film_Box_L7.3mm_W3.0mm_H6.5mm_P5.0mm.wrl,${PL_SYMBOL_DIR}/PL Capacitor Film/Datasheets/b32520_529.pdf,local PDF,L7.3 W3.0 H6.5 P5.0
generated,,68nF_305VAC_B32921C3683M000,TDK,B32921C3683M000,B3292*C/D - X2 Standard,68nF,305VAC,C_Film_Box_L13.0mm_W6.0mm_H12.0mm_P10.0mm,C_Film_Box_L13.0mm_W6.0mm_H12.0mm_P10.0mm.wrl,${PL_SYMBOL_DIR}/PL Capacitor Film/Datasheets/x2_b32921_928.pdf,local PDF,L13.0 W6.0 H12.0 P10.0
generated,,22nF_400VDC_223MMR400K,Cornell Dubilier Knowles,223MMR400K,MMR,22nF,400VDC,C_Film_Box_L10.5mm_W5.0mm_H8.5mm_P7.5mm,C_Film_Box_L10.5mm_W5.0mm_H8.5mm_P7.5mm.wrl,${PL_SYMBOL_DIR}/PL Capacitor Film/Datasheets/MMR.pdf,local PDF,L10.5 W5.0 H8.5 P7.5
generated,,1nF_100VDC_FKP2D011001D00KSSD,WIMA,FKP2D011001D00KSSD,-,1nF,100VDC,C_Film_Box_L7.2mm_W4.5mm_H6.0mm_P5.0mm,C_Film_Box_L7.2mm_W4.5mm_H6.0mm_P5.0mm.wrl,//mm.digikey.com/Volume0/opasdata/d220001/medias/docus/6348/WIMA.pdf,datasheet URL,L7.2 W4.5 H6.0 P5.0
generated,,10nF_63VDC_MKS2C021001A00MSSD,WIMA,MKS2C021001A00MSSD,MKS 2,10nF,63VDC,C_Film_Box_L7.2mm_W2.5mm_H6.5mm_P5.0mm,C_Film_Box_L7.2mm_W2.5mm_H6.5mm_P5.0mm.wrl,https://www.wima.de/wp-content/uploads/media/e_WIMA_MKS_2.pdf,datasheet URL,L7.2 W2.5 H6.5 P5.0
generated,,68nF_100VDC_MKS2D026801A00MSSD,WIMA,MKS2D026801A00MSSD,MKS 2,68nF,100VDC,C_Film_Box_L7.2mm_W2.5mm_H6.5mm_P5.0mm,C_Film_Box_L7.2mm_W2.5mm_H6.5mm_P5.0mm.wrl,https://www.wima.de/wp-content/uploads/media/e_WIMA_MKS_2.pdf,datasheet URL,L7.2 W2.5 H6.5 P5.0
generated,,100nF_100VDC_MKS2D031001A00MSSD,WIMA,MKS2D031001A00MSSD,MKS 2,100nF,100VDC,C_Film_Box_L7.2mm_W2.5mm_H6.5mm_P5.0mm,C_Film_Box_L7.2mm_W2.5mm_H6.5mm_P5.0mm.wrl,https://www.wima.de/wp-content/uploads/media/e_WIMA_MKS_2.pdf,datasheet URL,L7.2 W2.5 H6.5 P5.0
generated,,47nF_100VDC_MKS2D024701A00MSSD,WIMA,MKS2D024701A00MSSD,MKS 2,47nF,100VDC,C_Film_Box_L7.2mm_W2.5mm_H6.5mm_P5.0mm,C_Film_Box_L7.2mm_W2.5mm_H6.5mm_P5.0mm.wrl,https://www.wima.de/wp-content/uploads/media/e_WIMA_MKS_2.pdf,datasheet URL,L7.2 W2.5 H6.5 P5.0
excluded,epoxy-coated/dipped Panasonic case: not boxed,,Panasonic Industry,ECQ-E2104KB,ECQ-E(B),,,,,https://industrial.panasonic.com/cdbs/www-data/pdf/RDI0000/ABD0000C180.pdf,,
excluded,unsupported mounting/package,,Panasonic Industry,ECH-U1C471GX5,ECH-U(X),,,,,https://industrial.panasonic.com/ww/products/pt/film-cap-electroequip/models/ECHU1C471GX5,,
excluded,unsupported mounting/package,,Panasonic Industry,ECH-U1H102GX5,ECH-U(X),,,,,https://industrial.panasonic.com/ww/products/pt/film-cap-electroequip/models/ECHU1H102GX5,,
excluded,unsupported mounting/package,,Panasonic Industry,ECH-U1C222GX5,ECH-U(X),,,,,https://industrial.panasonic.com/ww/products/pt/film-cap-electroequip/models/ECHU1C222GX5,,
excluded,unsupported mounting/package,,Panasonic Industry,ECH-U1H101GX5,ECH-U(X),,,,,https://industrial.panasonic.com/ww/products/pt/film-cap-electroequip/models/ECHU1H101GX5,,
excluded,unsupported mounting/package,,Panasonic Industry,ECH-U1C103JX5,ECH-U(X),,,,,https://industrial.panasonic.com/ww/products/pt/film-cap-electroequip/models/ECHU1C103JX5,,
excluded,unsupported mounting/package,,Panasonic Industry,ECH-U1H102JX5,ECH-U(X),,,,,https://industrial.panasonic.com/ww/products/pt/film-cap-electroequip/models/ECHU1H102JX5,,
excluded,unsupported mounting/package,,Panasonic Industry,ECH-U1C103GX5,ECH-U(X),,,,,https://industrial.panasonic.com/ww/products/pt/film-cap-electroequip/models/ECHU1C103GX5,,
excluded,unsupported mounting/package,,Panasonic Industry,ECH-U1H103GX5,ECH-U(X),,,,,https://industrial.panasonic.com/ww/products/pt/film-cap-electroequip/models/ECHU1H103GX5,,
excluded,epoxy-coated/dipped Panasonic case: not boxed,,Panasonic Industry,ECQ-E2474KF,ECQ-E(F),,,,,https://industrial.panasonic.com/cdbs/www-data/pdf/RDI0000/ABD0000C179.pdf,,
excluded,unsupported mounting/package,,Panasonic Industry,ECH-U1H223JX5,ECH-U(X),,,,,https://industrial.panasonic.com/ww/products/pt/film-cap-electroequip/models/ECHU1H223JX5,,
excluded,unsupported mounting/package,,Panasonic Industry,ECH-U1C473JX5,ECH-U(X),,,,,https://industrial.panasonic.com/ww/products/pt/film-cap-electroequip/models/ECHU1C473JX5,,
excluded,unsupported mounting/package,,Panasonic Industry,ECH-U1C473GX5,ECH-U(X),,,,,https://industrial.panasonic.com/ww/products/pt/film-cap-electroequip/models/ECHU1C473GX5,,
excluded,unsupported mounting/package,,Panasonic Industry,ECH-U1H223GX5,ECH-U(X),,,,,https://industrial.panasonic.com/ww/products/pt/film-cap-electroequip/models/ECHU1H223GX5,,
excluded,epoxy-coated/dipped Panasonic case: not boxed,,Panasonic Industry,ECQ-E6104KF,ECQ-E(F),,,,,https://industrial.panasonic.com/cdbs/www-data/pdf/RDI0000/ABD0000C179.pdf,,
excluded,epoxy-coated/dipped Panasonic case: not boxed,,Panasonic Industry,ECW-FE2W105K,ECWFE,,,,,https://industrial.panasonic.com/cdbs/www-data/pdf/RDI0000/ABD0000C202.pdf,,
excluded,unsupported mounting/package,,Panasonic Industry,ECH-U1C104JX5,ECH-U(X),,,,,https://industrial.panasonic.com/ww/products/pt/film-cap-electroequip/models/ECHU1C104JX5,,
excluded,unsupported mounting/package,,Panasonic Industry,ECH-U1C683GX5,ECH-U(X),,,,,https://industrial.panasonic.com/ww/products/pt/film-cap-electroequip/models/ECHU1C683GX5,,
excluded,unsupported mounting/package,,Panasonic Industry,ECH-U1C104GX5,ECH-U(X),,,,,https://industrial.panasonic.com/ww/products/pt/film-cap-electroequip/models/ECHU1C104GX5,,
excluded,epoxy-coated/dipped Panasonic case: not boxed,,Panasonic Industry,ECQ-E1105KF,ECQ-E(F),,,,,https://industrial.panasonic.com/cdbs/www-data/pdf/RDI0000/ABD0000C179.pdf,,
excluded,epoxy-coated/dipped Panasonic case: not boxed,,Panasonic Industry,ECQ-E2225KF,ECQ-E(F),,,,,https://industrial.panasonic.com/cdbs/www-data/pdf/RDI0000/ABD0000C179.pdf,,
excluded,epoxy-coated/dipped Panasonic case: not boxed,,Panasonic Industry,ECW-F2W474JAQ,ECW-F(A),,,,,https://industrial.panasonic.com/ww/products/pt/film-cap-electroequip/models/ECWF2W474JAQ,,
excluded,unsupported mounting/package,,Panasonic Industry,ECH-U1H104JX9,ECH-U(X),,,,,https://industrial.panasonic.com/ww/products/pt/film-cap-electroequip/models/ECHU1H104JX9,,
excluded,unsupported mounting/package,,Panasonic Industry,ECH-U1H104GX9,ECH-U(X),,,,,https://industrial.panasonic.com/ww/products/pt/film-cap-electroequip/models/ECHU1H104GX9,,
excluded,epoxy-coated/dipped Panasonic case: not boxed,,Panasonic Industry,ECQ-E4105KF,ECQ-E(F),,,,,https://industrial.panasonic.com/cdbs/www-data/pdf/RDI0000/ABD0000C179.pdf,,
excluded,epoxy-coated/dipped Panasonic case: not boxed,,Panasonic Industry,ECW-F2W105JA,ECW-F(A),,,,,https://industrial.panasonic.com/ww/products/pt/film-cap-electroequip/models/ECWF2W105JA,,
excluded,unsupported mounting/package,,Panasonic Industry,ECH-U1H154GX9,ECH-U(X),,,,,https://industrial.panasonic.com/ww/products/pt/film-cap-electroequip/models/ECHU1H154GX9,,
excluded,unsupported mounting/package,,KYOCERA AVX,CB027D0473JBA,CB,,,,,https://datasheets.kyocera-avx.com/cb-pen.pdf,,
excluded,unsupported mounting/package,,Panasonic Industry,ECH-U1H224GX9,ECH-U(X),,,,,https://industrial.panasonic.com/ww/products/pt/film-cap-electroequip/models/ECHU1H224GX9,,
excluded,epoxy-coated/dipped Panasonic case: not boxed,,Panasonic Industry,ECQ-E6105KF,ECQ-E(F),,,,,https://industrial.panasonic.com/cdbs/www-data/pdf/RDI0000/ABD0000C179.pdf,,
excluded,unsupported mounting/package,,WIMA,SMDTD04100TB00MQ00,SMD-PET,,,,,https://www.wima.de/wp-content/uploads/media/e_WIMA_SMD_PET.pdf,,
excluded,epoxy-coated/dipped Panasonic case: not boxed,,Panasonic Industry,ECW-F2W155JA,ECW-F(A),,,,,https://industrial.panasonic.com/ww/products/pt/film-cap-electroequip/models/ECWF2W155JA,,
excluded,unsupported mounting/package,,KYOCERA AVX,CB042K0103KBC,CB,,,,,https://datasheets.kyocera-avx.com/cb-petht.pdf,,
excluded,unsupported mounting/package,,KYOCERA AVX,CB037D0104JBA,CB,,,,,https://datasheets.kyocera-avx.com/cb-pen.pdf,,
excluded,unsupported mounting/package,,KYOCERA AVX,CB037E0104JBA,CB,,,,,https://datasheets.kyocera-avx.com/cb-pen.pdf,,
excluded,unsupported mounting/package,,KEMET,LDBAB3100GC5N0,LDB,,,,,https://yageogroup.com/content/datasheet/asset/file/KEM_F3082_LDB,,
excluded,unsupported mounting/package,,KYOCERA AVX,CB042D0474JBC,CB,,,,,https://datasheets.kyocera-avx.com/cb-petht.pdf,,
excluded,unsupported mounting/package,,KEMET,SMP253EA4470MB31TR24,SMP253,,,,,https://yageogroup.com/content/datasheet/asset/file/KEM_F3142_SMP253_Y2_300,,
excluded,unsupported mounting/package,,KYOCERA AVX,CB042D0684JBC,CB,,,,,https://datasheets.kyocera-avx.com/cb-petht.pdf,,
excluded,unsupported mounting/package,,KYOCERA AVX,CB172D0335JBC,CB,,,,,https://datasheets.kyocera-avx.com/cb-petht.pdf,,
excluded,unsupported mounting/package,,KYOCERA AVX,CB047D0474JBC,CB,,,,,https://datasheets.kyocera-avx.com/cb-pen.pdf,,
excluded,unsupported mounting/package,,KYOCERA AVX,CB047G0104JBC,CB,,,,,https://datasheets.kyocera-avx.com/cb-pen.pdf,,
excluded,unsupported mounting/package,,Rubycon,35MU474KA13216,"PMLCAP®, MU",,,,,https://www.rubycon.co.jp/wp-content/uploads/catalog-pmlcap/MU.pdf,,
excluded,unsupported mounting/package,,Rubycon,16MU105MA23216,"PMLCAP®, MU",,,,,https://www.rubycon.co.jp/wp-content/uploads/catalog-pmlcap/MU.pdf,,
excluded,unsupported mounting/package,,Rubycon,25MU105MA23216,"PMLCAP®, MU",,,,,https://www.rubycon.co.jp/wp-content/uploads/catalog-pmlcap/MU.pdf,,
excluded,epoxy-coated/dipped Panasonic case: not boxed,,Panasonic Industry,ECQ-E1106KF,ECQ-E(F),,,,,https://industrial.panasonic.com/cdbs/www-data/pdf/RDI0000/ABD0000C179.pdf,,
excluded,epoxy-coated/dipped Panasonic case: not boxed,,Panasonic Industry,ECW-F2W475JA,ECW-F(A),,,,,https://industrial.panasonic.com/ww/products/pt/film-cap-electroequip/models/ECWF2W475JA,,
excluded,unsupported mounting/package,,KYOCERA AVX,CB052E0105JBC,CB,,,,,https://datasheets.kyocera-avx.com/cb-petht.pdf,,
excluded,unsupported mounting/package,,KYOCERA AVX,CB052D0105JBC,CB,,,,,https://datasheets.kyocera-avx.com/cb-petht.pdf,,
excluded,unsupported mounting/package,,Cornell Dubilier Knowles,940C30S1K-F,940C,,,,,https://www.cde.com/resources/catalogs/940C.pdf,,
excluded,unsupported mounting/package,,Rubycon,16MU225KB23225,"PMLCAP®, MU",,,,,https://www.rubycon.co.jp/wp-content/uploads/catalog-pmlcap/MU.pdf,,
excluded,unsupported mounting/package,,Rubycon,35MU105KB13225,"PMLCAP®, MU",,,,,https://www.rubycon.co.jp/wp-content/uploads/catalog-pmlcap/MU.pdf,,
excluded,unsupported mounting/package,,Cornell Dubilier Knowles,940C20S47K-F,940C,,,,,https://www.cde.com/resources/catalogs/940C.pdf,,
excluded,unsupported mounting/package,,Rubycon,25MU225MB23225,"PMLCAP®, MU",,,,,https://www.rubycon.co.jp/wp-content/uploads/catalog-pmlcap/MU.pdf,,
excluded,unsupported mounting/package,,Rubycon,16MU335MB33225,"PMLCAP®, MU",,,,,https://www.rubycon.co.jp/wp-content/uploads/catalog-pmlcap/MU.pdf,,
excluded,unsupported mounting/package,,Rubycon,16MU475MC14532,"PMLCAP®, MU",,,,,https://www.rubycon.co.jp/wp-content/uploads/catalog-pmlcap/MU.pdf,,
excluded,unsupported mounting/package,,KEMET,C4GADUC5100AA1J,C4G,,,,,https://yageogroup.com/content/datasheet/asset/file/KEM_F3040_C4G_AXIAL,,
excluded,unsupported mounting/package,,Vishay Beyschlag/Draloric/BC Components,MKP1848S62010JY5F,MKP1848S DC-Link,,,,,https://www.vishay.com/docs/26010/mkp1848sdclink.pdf,,
excluded,unsupported mounting/package,,Rubycon,16MU106MC44532,"PMLCAP®, MU",,,,,https://www.rubycon.co.jp/wp-content/uploads/catalog-pmlcap/MU.pdf,,
excluded,unsupported mounting/package,,Rubycon,35MU475KC44532,"PMLCAP®, MU",,,,,https://www.rubycon.co.jp/wp-content/uploads/catalog-pmlcap/MU.pdf,,
excluded,unsupported mounting/package,,Cornell Dubilier Knowles,940C16P22K-F,940C,,,,,https://www.cde.com/resources/catalogs/940C.pdf,,
excluded,invalid or insufficient mechanical dimensions,,Cornell Dubilier Knowles,RA6504K500-FA,Angstor® RA,,,,,https://www.cde.com/resources/catalogs/RA.pdf,,
excluded,unsupported mounting/package,,Cornell Dubilier Knowles,940C10P47K-F,940C,,,,,https://www.cde.com/resources/catalogs/940C.pdf,,
excluded,unsupported mounting/package,,Cornell Dubilier Knowles,940C30P15K-F,940C,,,,,https://www.cde.com/resources/catalogs/940C.pdf,,
excluded,unsupported mounting/package,,KEMET,C4AQSBW5150A3OJ,C4AQ,,,,,https://yageogroup.com/content/datasheet/asset/file/KEM_F3114_C4AQ,,
excluded,unsupported mounting/package,,Cornell Dubilier Knowles,Z93S4824PN,Z Type,,,,,https://www.cde.com/resources/catalogs/Z.pdf,,
excluded,unsupported mounting/package,,TDK,B32776G1106K000,B3277* - MKP DC-Link,,,,,https://www.tdk-electronics.tdk.com/inf/20/20/db/fc_2009/MKP_B32774_778.pdf,,
excluded,unsupported mounting/package,,KEMET,C4AQQBW5400A3NJ,C4AQ,,,,,https://yageogroup.com/content/datasheet/asset/file/KEM_F3114_C4AQ,,
excluded,unsupported mounting/package,,Rubycon,35MU106MD35750,"PMLCAP®, MU",,,,,https://www.rubycon.co.jp/wp-content/uploads/catalog-pmlcap/MU.pdf,,
excluded,unsupported mounting/package,,Rubycon,63MU335MD35750,"PMLCAP®, MU",,,,,https://www.rubycon.co.jp/wp-content/uploads/catalog-pmlcap/MU.pdf,,
excluded,unsupported mounting/package,,TDK,B32776G0206K000,B3277* - MKP DC-Link,,,,,https://www.tdk-electronics.tdk.com/inf/20/20/db/fc_2009/MKP_B32774_778.pdf,,
excluded,unsupported mounting/package,,Vishay Beyschlag/Draloric/BC Components,MKP1848C65010JY5,MKP1848C DC-Link,,,,,https://www.vishay.com/docs/26015/mkp1848cdclink.pdf,,
excluded,unsupported mounting/package,,TDK,B32778G0406K000,B3277* - MKP DC-Link,,,,,https://www.tdk-electronics.tdk.com/inf/20/20/db/fc_2009/MKP_B32774_778.pdf,,
excluded,unsupported mounting/package,,TDK,B32776G4506K000,B3277* - MKP DC-Link,,,,,https://www.tdk-electronics.tdk.com/inf/20/20/db/fc_2009/MKP_B32774_778.pdf,,
excluded,unsupported mounting/package,,TDK,B32778G8606K000,B3277* - MKP DC-Link,,,,,https://www.tdk-electronics.tdk.com/inf/20/20/db/fc_2009/MKP_B32774_778.pdf,,
excluded,unsupported mounting/package,,KEMET,C4AQLBW6130A3NK,C4AQ,,,,,https://yageogroup.com/content/datasheet/asset/file/KEM_F3114_C4AQ,,
excluded,unsupported mounting/package,,KEMET,C4AQQEW5650A3BJ,C4AQ,,,,,https://yageogroup.com/content/datasheet/asset/file/KEM_F3114_C4AQ,,
excluded,unsupported mounting/package,,Cornell Dubilier Knowles,940C20W1K-F,940C,,,,,https://www.cde.com/resources/catalogs/940C.pdf,,
excluded,unsupported mounting/package,,TDK,B32361A4506J080,MKP AC,,,,,https://www.tdk-electronics.tdk.com/inf/20/50/ds/B3236_.pdf?ref_disty=digikey,,
excluded,unsupported mounting/package,,TDK,B32361B3107J030,MKP AC,,,,,https://www.tdk-electronics.tdk.com/inf/20/50/ds/B3236_.pdf?ref_disty=digikey,,
excluded,unsupported mounting/package,,TDK,B32361B2207J050,MKP AC,,,,,https://www.tdk-electronics.tdk.com/inf/20/50/ds/B3236_.pdf?ref_disty=digikey,,
excluded,unsupported mounting/package,,KEMET,C44BXFP4100ZB0J,C44B,,,,,https://yageogroup.com/content/datasheet/asset/file/KEM_F3056_C44B,,
excluded,unsupported mounting/package,,Cornell Dubilier Knowles,944U101K801AAM,944U,,,,,https://www.cde.com/resources/catalogs/944U.pdf,,
excluded,unsupported mounting/package,,Cornell Dubilier Knowles,SCRN248R-F,SCR,,,,,https://www.cde.com/resources/catalogs/SCR.pdf,,
excluded,unsupported mounting/package,,Cornell Dubilier Knowles,944U101K122ACI,944U,,,,,https://www.cde.com/resources/catalogs/944U.pdf,,
excluded,unsupported mounting/package,,Cornell Dubilier Knowles,944U221K801ACM,944U,,,,,https://www.cde.com/resources/catalogs/944U.pdf,,
excluded,unsupported mounting/package,,TDK,B32362A2407J050,MKP AC,,,,,https://www.tdk-electronics.tdk.com/inf/20/50/ds/B3236_.pdf?ref_disty=digikey,,
excluded,unsupported mounting/package,,KEMET,C4DENPQ6100A8TK,C4DE,,,,,https://yageogroup.com/content/datasheet/asset/file/KEM_F3059_C4DE,,
excluded,unsupported mounting/package,,Cornell Dubilier Knowles,SCRN247R-F,SCR,,,,,https://www.cde.com/resources/catalogs/SCR.pdf,,
excluded,unsupported mounting/package,,TDK,B25690A3107K003,B25690,,,,,https://product.tdk.com/system/files/dam/doc/product/capacitor/film/power/data_sheet/20/50/ds/b25690.pdf,,
excluded,unsupported mounting/package,,Cornell Dubilier Knowles,T50W1NR-F,T,,,,,https://www.cde.com/resources/catalogs/T.pdf,,
excluded,missing L × W: '',,TDK,B32529C1563K289,B3252* - MKT General Purpose,,,,,https://product.tdk.com/en/system/files/dam/doc/product/capacitor/film/mkt/data_sheet/20/20/db/fc_2009/b32520_529.pdf,,
excluded,missing L × W: '',,TDK,B32529C1823K289,B3252* - MKT General Purpose,,,,,https://product.tdk.com/en/system/files/dam/doc/product/capacitor/film/mkt/data_sheet/20/20/db/fc_2009/b32520_529.pdf,,
excluded,missing L × W: '',,TDK,B32529C0123K289,B3252* - MKT General Purpose,,,,,https://product.tdk.com/en/system/files/dam/doc/product/capacitor/film/mkt/data_sheet/20/20/db/fc_2009/b32520_529.pdf,,
excluded,missing L × W: '',,TDK,B32529C0392K289,B3252* - MKT General Purpose,,,,,https://product.tdk.com/en/system/files/dam/doc/product/capacitor/film/mkt/data_sheet/20/20/db/fc_2009/b32520_529.pdf,,
excluded,missing L × W: '',,TDK,B32529C0273J000,B3252* - MKT General Purpose,,,,,https://product.tdk.com/en/system/files/dam/doc/product/capacitor/film/mkt/data_sheet/20/20/db/fc_2009/b32520_529.pdf,,
excluded,missing L × W: '',,TDK,B32529C0392J000,B3252* - MKT General Purpose,,,,,https://product.tdk.com/en/system/files/dam/doc/product/capacitor/film/mkt/data_sheet/20/20/db/fc_2009/b32520_529.pdf,,
excluded,missing L × W: '',,TDK,B32529C0182J289,B3252* - MKT General Purpose,,,,,https://product.tdk.com/en/system/files/dam/doc/product/capacitor/film/mkt/data_sheet/20/20/db/fc_2009/b32520_529.pdf,,
excluded,missing L × W: '',,TDK,B32529C0563J289,B3252* - MKT General Purpose,,,,,https://product.tdk.com/en/system/files/dam/doc/product/capacitor/film/mkt/data_sheet/20/20/db/fc_2009/b32520_529.pdf,,
excluded,missing L × W: '',,TDK,B32529C0273J289,B3252* - MKT General Purpose,,,,,https://product.tdk.com/en/system/files/dam/doc/product/capacitor/film/mkt/data_sheet/20/20/db/fc_2009/b32520_529.pdf,,
excluded,missing L × W: '',,TDK,B32529C1183J189,B3252* - MKT General Purpose,,,,,https://product.tdk.com/en/system/files/dam/doc/product/capacitor/film/mkt/data_sheet/20/20/db/fc_2009/b32520_529.pdf,,
excluded,missing L × W: '',,TDK,B32529C1122J289,B3252* - MKT General Purpose,,,,,https://product.tdk.com/en/system/files/dam/doc/product/capacitor/film/mkt/data_sheet/20/20/db/fc_2009/b32520_529.pdf,,
excluded,missing L × W: '',,TDK,B32529C1182J000,B3252* - MKT General Purpose,,,,,https://product.tdk.com/en/system/files/dam/doc/product/capacitor/film/mkt/data_sheet/20/20/db/fc_2009/b32520_529.pdf,,
excluded,missing L × W: '',,TDK,B32529C0822J000,B3252* - MKT General Purpose,,,,,https://product.tdk.com/en/system/files/dam/doc/product/capacitor/film/mkt/data_sheet/20/20/db/fc_2009/b32520_529.pdf,,
excluded,missing L × W: '',,TDK,B32529C1393J189,B3252* - MKT General Purpose,,,,,https://product.tdk.com/en/system/files/dam/doc/product/capacitor/film/mkt/data_sheet/20/20/db/fc_2009/b32520_529.pdf,,
excluded,missing L × W: '',,TDK,B32529C1823J289,B3252* - MKT General Purpose,,,,,https://product.tdk.com/en/system/files/dam/doc/product/capacitor/film/mkt/data_sheet/20/20/db/fc_2009/b32520_529.pdf,,
excluded,missing L × W: '',,TDK,B32529C0272J289,B3252* - MKT General Purpose,,,,,https://product.tdk.com/en/system/files/dam/doc/product/capacitor/film/mkt/data_sheet/20/20/db/fc_2009/b32520_529.pdf,,
excluded,missing L × W: '',,TDK,B32529C0823J000,B3252* - MKT General Purpose,,,,,https://product.tdk.com/en/system/files/dam/doc/product/capacitor/film/mkt/data_sheet/20/20/db/fc_2009/b32520_529.pdf,,
excluded,missing L × W: '',,TDK,B32529C0562J289,B3252* - MKT General Purpose,,,,,//mm.digikey.com/Volume0/opasdata/d220001/medias/docus/407/B32529-C0562-%2B289_ed2.pdf,,
excluded,missing L × W: '',,TDK,B32529C0393J289,B3252* - MKT General Purpose,,,,,https://product.tdk.com/en/system/files/dam/doc/product/capacitor/film/mkt/data_sheet/20/20/db/fc_2009/b32520_529.pdf,,
excluded,missing L × W: '',,TDK,B32529C0183J000,B3252* - MKT General Purpose,,,,,https://product.tdk.com/en/system/files/dam/doc/product/capacitor/film/mkt/data_sheet/20/20/db/fc_2009/b32520_529.pdf,,
excluded,missing L × W: '',,TDK,B32529C3822J289,B3252* - MKT General Purpose,,,,,https://product.tdk.com/en/system/files/dam/doc/product/capacitor/film/mkt/data_sheet/20/20/db/fc_2009/b32520_529.pdf,,
excluded,missing L × W: '',,KEMET,R82EC1270AA50K,R82,,,,,https://content.kemet.com/datasheets/KEM_F3101_R82.pdf,,
excluded,missing L × W: '',,TDK,B32529C0124J289,B3252* - MKT General Purpose,,,,,https://product.tdk.com/en/system/files/dam/doc/product/capacitor/film/mkt/data_sheet/20/20/db/fc_2009/b32520_529.pdf,,
excluded,missing L × W: '',,KEMET,R82EC1390AA50J,R82,,,,,https://content.kemet.com/datasheets/KEM_F3101_R82.pdf,,
excluded,missing L × W: '',,KEMET,R82EC1560AA50J,R82,,,,,https://content.kemet.com/datasheets/KEM_F3101_R82.pdf,,
excluded,missing L × W: '',,KEMET,R82EC2120AA50J,R82,,,,,https://content.kemet.com/datasheets/KEM_F3101_R82.pdf,,
excluded,missing L × W: '',,KEMET,R82EC2390AA60J,R82,,,,,https://content.kemet.com/datasheets/KEM_F3101_R82.pdf,,
excluded,epoxy-coated/dipped Panasonic case: not boxed,,Panasonic Industry,ECQ-E4473KFA,ECQ-E(F),,,,,https://industrial.panasonic.com/cdbs/www-data/pdf/RDI0000/ABD0000C179.pdf,,
excluded,epoxy-coated/dipped Panasonic case: not boxed,,Panasonic Industry,ECQ-E2103KF,ECQ-E(F),,,,,https://industrial.panasonic.com/cdbs/www-data/pdf/RDI0000/ABD0000C179.pdf,,
excluded,missing L × W: '',,TDK,B32529C0184J289,B3252* - MKT General Purpose,,,,,//mm.digikey.com/Volume0/opasdata/d220001/medias/docus/4366/B32529C0184J289_DS.pdf,,
excluded,epoxy-coated/dipped Panasonic case: not boxed,,Panasonic Industry,ECQ-E2393KF,ECQ-E(F),,,,,https://industrial.panasonic.com/cdbs/www-data/pdf/RDI0000/ABD0000C179.pdf,,
excluded,epoxy-coated/dipped Panasonic case: not boxed,,Panasonic Industry,ECQ-E2153KF,ECQ-E(F),,,,,https://industrial.panasonic.com/cdbs/www-data/pdf/RDI0000/ABD0000C179.pdf,,
excluded,missing L × W: '',,KEMET,R82EC1820SH50J,R82,,,,,https://content.kemet.com/datasheets/KEM_F3101_R82.pdf,,
excluded,epoxy-coated/dipped Panasonic case: not boxed,,Panasonic Industry,ECQ-E2473KF,ECQ-E(F),,,,,https://industrial.panasonic.com/cdbs/www-data/pdf/RDI0000/ABD0000C179.pdf,,
excluded,missing L × W: '',,KEMET,R82EC1120DQ50J,R82,,,,,https://content.kemet.com/datasheets/KEM_F3101_R82.pdf,,
excluded,missing L × W: '',,KEMET,R82EC2180SH50J,R82,,,,,https://content.kemet.com/datasheets/KEM_F3101_R82.pdf,,
excluded,epoxy-coated/dipped Panasonic case: not boxed,,Panasonic Industry,ECQ-E2473KB,ECQ-E(B),,,,,https://industrial.panasonic.com/cdbs/www-data/pdf/RDI0000/ABD0000C180.pdf,,
excluded,missing L × W: '',,KEMET,R82EC2270DQ50J,R82,,,,,https://content.kemet.com/datasheets/KEM_F3101_R82.pdf,,
excluded,epoxy-coated/dipped Panasonic case: not boxed,,Panasonic Industry,ECQ-E2104KF,ECQ-E(F),,,,,https://industrial.panasonic.com/cdbs/www-data/pdf/RDI0000/ABD0000C179.pdf,,
excluded,missing L × W: '',,KEMET,R82EC2200DQ50J,R82,,,,,https://content.kemet.com/datasheets/KEM_F3101_R82.pdf,,
excluded,missing L × W: '',,KEMET,R82EC3120DQ70J,R82,,,,,https://content.kemet.com/datasheets/KEM_F3101_R82.pdf,,
excluded,epoxy-coated/dipped Panasonic case: not boxed,,Panasonic Industry,ECQ-E4473KF,ECQ-E(F),,,,,https://industrial.panasonic.com/cdbs/www-data/pdf/RDI0000/ABD0000C179.pdf,,
excluded,epoxy-coated/dipped Panasonic case: not boxed,,Panasonic Industry,ECQ-E4223KF,ECQ-E(F),,,,,https://industrial.panasonic.com/cdbs/www-data/pdf/RDI0000/ABD0000C179.pdf,,
excluded,epoxy-coated/dipped Panasonic case: not boxed,,Panasonic Industry,ECQ-E2103KB,ECQ-E(B),,,,,https://industrial.panasonic.com/cdbs/www-data/pdf/RDI0000/ABD0000C180.pdf,,
excluded,epoxy-coated/dipped Panasonic case: not boxed,,Panasonic Industry,ECQ-E2333KB,ECQ-E(B),,,,,https://industrial.panasonic.com/cdbs/www-data/pdf/RDI0000/ABD0000C180.pdf,,
excluded,epoxy-coated/dipped Panasonic case: not boxed,,Panasonic Industry,ECQ-E2683KB,ECQ-E(B),,,,,https://industrial.panasonic.com/cdbs/www-data/pdf/RDI0000/ABD0000C180.pdf,,
excluded,epoxy-coated/dipped Panasonic case: not boxed,,Panasonic Industry,ECQ-E4104KF,ECQ-E(F),,,,,https://industrial.panasonic.com/cdbs/www-data/pdf/RDI0000/ABD0000C179.pdf,,
excluded,epoxy-coated/dipped Panasonic case: not boxed,,Panasonic Industry,ECQ-E2473JF,ECQ-E(F),,,,,https://industrial.panasonic.com/cdbs/www-data/pdf/RDI0000/ABD0000C179.pdf,,
excluded,epoxy-coated/dipped Panasonic case: not boxed,,Panasonic Industry,ECQ-E4104KF3,ECQ-E(F),,,,,https://industrial.panasonic.com/cdbs/www-data/pdf/RDI0000/ABD0000C179.pdf,,
excluded,epoxy-coated/dipped Panasonic case: not boxed,,Panasonic Industry,ECQ-E2103JF,ECQ-E(F),,,,,https://industrial.panasonic.com/cdbs/www-data/pdf/RDI0000/ABD0000C179.pdf,,
excluded,epoxy-coated/dipped Panasonic case: not boxed,,Panasonic Industry,ECQ-E4333KF,ECQ-E(F),,,,,https://industrial.panasonic.com/cdbs/www-data/pdf/RDI0000/ABD0000C179.pdf,,
excluded,unsupported mounting/package,,Panasonic Industry,ECH-U1C101JX5,ECH-U(X),,,,,https://industrial.panasonic.com/ww/products/pt/film-cap-electroequip/models/ECHU1C101JX5,,
excluded,epoxy-coated/dipped Panasonic case: not boxed,,Panasonic Industry,ECQ-E4103KF,ECQ-E(F),,,,,https://industrial.panasonic.com/cdbs/www-data/pdf/RDI0000/ABD0000C179.pdf,,
excluded,unsupported mounting/package,,Panasonic Industry,ECH-U1C221JX5,ECH-U(X),,,,,https://industrial.panasonic.com/ww/products/pt/film-cap-electroequip/models/ECHU1C221JX5,,
excluded,missing L × W: '',,KEMET,R82EC2820SH60J,R82,,,,,https://content.kemet.com/datasheets/KEM_F3101_R82.pdf,,
excluded,epoxy-coated/dipped Panasonic case: not boxed,,Panasonic Industry,ECQ-E2104JB,ECQ-E(B),,,,,https://industrial.panasonic.com/cdbs/www-data/pdf/RDI0000/ABD0000C180.pdf,,
excluded,epoxy-coated/dipped Panasonic case: not boxed,,Panasonic Industry,ECQ-E2223JB,ECQ-E(B),,,,,https://industrial.panasonic.com/cdbs/www-data/pdf/RDI0000/ABD0000C180.pdf,,
excluded,epoxy-coated/dipped Panasonic case: not boxed,,Panasonic Industry,ECQ-E2224KB3,ECQ-E(B),,,,,https://industrial.panasonic.com/cdbs/www-data/pdf/RDI0000/ABD0000C180.pdf,,
excluded,missing L × W: '',,TDK,B32529C0274J000,B3252* - MKT General Purpose,,,,,https://product.tdk.com/en/system/files/dam/doc/product/capacitor/film/mkt/data_sheet/20/20/db/fc_2009/b32520_529.pdf,,
excluded,epoxy-coated/dipped Panasonic case: not boxed,,Panasonic Industry,ECQ-E4103JF,ECQ-E(F),,,,,https://industrial.panasonic.com/cdbs/www-data/pdf/RDI0000/ABD0000C179.pdf,,
excluded,epoxy-coated/dipped Panasonic case: not boxed,,Panasonic Industry,ECQ-E4153KF,ECQ-E(F),,,,,https://industrial.panasonic.com/cdbs/www-data/pdf/RDI0000/ABD0000C179.pdf,,
excluded,epoxy-coated/dipped Panasonic case: not boxed,,Panasonic Industry,ECQ-E6103KF,ECQ-E(F),,,,,https://industrial.panasonic.com/cdbs/www-data/pdf/RDI0000/ABD0000C179.pdf,,
excluded,epoxy-coated/dipped Panasonic case: not boxed,,Panasonic Industry,ECQ-E2103JB,ECQ-E(B),,,,,https://industrial.panasonic.com/cdbs/www-data/pdf/RDI0000/ABD0000C180.pdf,,
excluded,missing L × W: '',,TDK,B32922C3103M000,B3292*C/D - X2 Standard,,,,,https://product.tdk.com/en/system/files/dam/doc/product/capacitor/film/emi/data_sheet/20/20/db/fc_2009/x2_b32921_928.pdf,,
excluded,unsupported mounting/package,,Panasonic Industry,ECH-U1H221JX5,ECH-U(X),,,,,https://industrial.panasonic.com/ww/products/pt/film-cap-electroequip/models/ECHU1H221JX5,,
