ISO-10303-21;
HEADER;
FILE_DESCRIPTION (( 'STEP AP214' ),
    '1' );
FILE_NAME ('DEE6.STEP',
    '2024-01-25T11:00:39',
    ( '' ),
    ( '' ),
    'SwSTEP 2.0',
    'SolidWorks 2021',
    '' );
FILE_SCHEMA (( 'AUTOMOTIVE_DESIGN' ));
ENDSEC;

DATA;
#1 = ADVANCED_FACE ( 'NONE', ( #2488 ), #2855, .F. ) ;
#2 = DIRECTION ( 'NONE',  ( -1.000000000000000000, 0.000000000000000000, 0.000000000000000000 ) ) ;
#3 = CYLINDRICAL_SURFACE ( 'NONE', #2351, 0.09746256089909494102 ) ;
#4 = CARTESIAN_POINT ( 'NONE',  ( -0.7359910788960105643, 0.8000000000000000444, -0.7477669361583496599 ) ) ;
#5 = EDGE_LOOP ( 'NONE', ( #3411, #6, #894, #446, #693, #3312 ) ) ;
#6 = ORIENTED_EDGE ( 'NONE', *, *, #3444, .T. ) ;
#7 = LINE ( 'NONE', #793, #1479 ) ;
#8 = CARTESIAN_POINT ( 'NONE',  ( -0.4499999999999996780, 2.035755975068581858, -0.4999999999999998890 ) ) ;
#9 = CARTESIAN_POINT ( 'NONE',  ( -0.7000000000000003997, 0.1000000000000000472, 0.4499999999999997335 ) ) ;
#10 = VECTOR ( 'NONE', #2934, 1000.000000000000000 ) ;
#11 = ORIENTED_EDGE ( 'NONE', *, *, #1872, .T. ) ;
#12 = CARTESIAN_POINT ( 'NONE',  ( -1.409462824231155764E-16, 0.000000000000000000, 0.6500000000000000222 ) ) ;
#13 = AXIS2_PLACEMENT_3D ( 'NONE', #2930, #524, #1100 ) ;
#14 = EDGE_LOOP ( 'NONE', ( #556, #2389, #1431, #2613 ) ) ;
#15 = AXIS2_PLACEMENT_3D ( 'NONE', #1005, #735, #2025 ) ;
#16 = AXIS2_PLACEMENT_3D ( 'NONE', #1887, #3438, #1542 ) ;
#17 = FACE_OUTER_BOUND ( 'NONE', #1586, .T. ) ;
#18 = VECTOR ( 'NONE', #2048, 1000.000000000000000 ) ;
#19 = DIRECTION ( 'NONE',  ( 2.168404344971009115E-16, 0.000000000000000000, -1.000000000000000000 ) ) ;
#20 = EDGE_CURVE ( 'NONE', #1821, #928, #2577, .T. ) ;
#21 = CARTESIAN_POINT ( 'NONE',  ( 1.000000000000000222, 0.1000000000000000056, 0.8500000000000007550 ) ) ;
#22 = LINE ( 'NONE', #1865, #1251 ) ;
#23 = ORIENTED_EDGE ( 'NONE', *, *, #1850, .T. ) ;
#24 = VERTEX_POINT ( 'NONE', #2836 ) ;
#25 = EDGE_CURVE ( 'NONE', #611, #2424, #141, .T. ) ;
#26 = DIRECTION ( 'NONE',  ( -0.000000000000000000, -1.000000000000000000, 0.000000000000000000 ) ) ;
#27 = VERTEX_POINT ( 'NONE', #698 ) ;
#28 = DIRECTION ( 'NONE',  ( -4.201283418381329682E-16, 0.000000000000000000, 1.000000000000000000 ) ) ;
#29 = FACE_OUTER_BOUND ( 'NONE', #1180, .T. ) ;
#30 = VERTEX_POINT ( 'NONE', #1245 ) ;
#31 = VERTEX_POINT ( 'NONE', #1526 ) ;
#32 = DIRECTION ( 'NONE',  ( 2.168404344971009115E-16, 0.000000000000000000, -1.000000000000000000 ) ) ;
#33 = CARTESIAN_POINT ( 'NONE',  ( -0.7000000000000001776, 0.1000000000000000472, -0.4500000000000000666 ) ) ;
#34 = LINE ( 'NONE', #3213, #632 ) ;
#35 = ORIENTED_EDGE ( 'NONE', *, *, #1439, .T. ) ;
#36 = ORIENTED_EDGE ( 'NONE', *, *, #1396, .F. ) ;
#37 = PLANE ( 'NONE',  #2593 ) ;
#38 = EDGE_CURVE ( 'NONE', #1096, #1928, #2541, .T. ) ;
#39 = LINE ( 'NONE', #584, #1798 ) ;
#40 = VECTOR ( 'NONE', #2101, 1000.000000000000000 ) ;
#41 = EDGE_CURVE ( 'NONE', #2551, #237, #3102, .T. ) ;
#42 = ORIENTED_EDGE ( 'NONE', *, *, #3019, .T. ) ;
#43 = CARTESIAN_POINT ( 'NONE',  ( 1.000000000000000222, 0.1000000000000000056, 1.000000000000000222 ) ) ;
#44 = VECTOR ( 'NONE', #3020, 1000.000000000000000 ) ;
#45 = DIRECTION ( 'NONE',  ( 0.000000000000000000, 1.000000000000000000, 0.000000000000000000 ) ) ;
#46 = AXIS2_PLACEMENT_3D ( 'NONE', #855, #1688, #3027 ) ;
#47 = PRESENTATION_STYLE_ASSIGNMENT (( #118 ) ) ;
#48 = EDGE_CURVE ( 'NONE', #2445, #2627, #1017, .T. ) ;
#49 = VECTOR ( 'NONE', #3314, 1000.000000000000000 ) ;
#50 = ORIENTED_EDGE ( 'NONE', *, *, #2894, .F. ) ;
#51 = ORIENTED_EDGE ( 'NONE', *, *, #1395, .F. ) ;
#52 = LINE ( 'NONE', #2750, #98 ) ;
#53 = LINE ( 'NONE', #33, #2903 ) ;
#54 = DIRECTION ( 'NONE',  ( 0.000000000000000000, -1.000000000000000000, 0.000000000000000000 ) ) ;
#55 = FACE_OUTER_BOUND ( 'NONE', #2602, .T. ) ;
#56 = ORIENTED_EDGE ( 'NONE', *, *, #937, .F. ) ;
#57 = LINE ( 'NONE', #1645, #1628 ) ;
#58 = ORIENTED_EDGE ( 'NONE', *, *, #3342, .T. ) ;
#59 = LINE ( 'NONE', #2726, #1392 ) ;
#60 = EDGE_CURVE ( 'NONE', #2696, #2265, #3374, .T. ) ;
#61 = DIRECTION ( 'NONE',  ( -0.7071067811865489050, -0.000000000000000000, 0.7071067811865462405 ) ) ;
#62 = LINE ( 'NONE', #101, #1450 ) ;
#63 = VECTOR ( 'NONE', #723, 1000.000000000000000 ) ;
#64 = EDGE_CURVE ( 'NONE', #1511, #1176, #158, .T. ) ;
#65 = ORIENTED_EDGE ( 'NONE', *, *, #510, .F. ) ;
#66 = ADVANCED_FACE ( 'NONE', ( #2338 ), #2019, .T. ) ;
#67 = VECTOR ( 'NONE', #836, 1000.000000000000000 ) ;
#68 =( GEOMETRIC_REPRESENTATION_CONTEXT ( 3 ) GLOBAL_UNCERTAINTY_ASSIGNED_CONTEXT ( ( #1402 ) ) GLOBAL_UNIT_ASSIGNED_CONTEXT ( ( #1748, #725, #170 ) ) REPRESENTATION_CONTEXT ( 'NONE', 'WORKASPACE' ) );
#69 = DIRECTION ( 'NONE',  ( 0.7071067811865516806, -0.000000000000000000, -0.7071067811865434649 ) ) ;
#70 = DIRECTION ( 'NONE',  ( -0.000000000000000000, -1.000000000000000000, 0.000000000000000000 ) ) ;
#71 = VECTOR ( 'NONE', #3141, 1000.000000000000000 ) ;
#72 = FACE_OUTER_BOUND ( 'NONE', #2661, .T. ) ;
#73 = CARTESIAN_POINT ( 'NONE',  ( 0.000000000000000000, 0.2000000000000000111, 0.000000000000000000 ) ) ;
#74 = ORIENTED_EDGE ( 'NONE', *, *, #3311, .F. ) ;
#75 =( NAMED_UNIT ( * ) SI_UNIT ( $, .STERADIAN. ) SOLID_ANGLE_UNIT ( ) );
#76 = ORIENTED_EDGE ( 'NONE', *, *, #1227, .F. ) ;
#77 = FILL_AREA_STYLE_COLOUR ( '', #3416 ) ;
#78 = ORIENTED_EDGE ( 'NONE', *, *, #3294, .T. ) ;
#79 = DIRECTION ( 'NONE',  ( -4.201283418381329682E-16, 0.000000000000000000, 1.000000000000000000 ) ) ;
#80 = LINE ( 'NONE', #1683, #106 ) ;
#81 = CARTESIAN_POINT ( 'NONE',  ( -0.7000000000000001776, 0.2000000000000000111, -0.4500000000000000666 ) ) ;
#82 = EDGE_LOOP ( 'NONE', ( #3204, #933, #2437, #2870, #3414, #1047 ) ) ;
#83 = ORIENTED_EDGE ( 'NONE', *, *, #3038, .T. ) ;
#84 = ADVANCED_FACE ( 'NONE', ( #2820, #3389 ), #2591, .F. ) ;
#85 = ADVANCED_FACE ( 'NONE', ( #3119 ), #196, .F. ) ;
#86 = LINE ( 'NONE', #924, #2950 ) ;
#87 = DIRECTION ( 'NONE',  ( 2.168404344971009115E-16, 0.000000000000000000, -1.000000000000000000 ) ) ;
#88 = LINE ( 'NONE', #108, #3205 ) ;
#89 = LINE ( 'NONE', #3272, #848 ) ;
#90 = ORIENTED_EDGE ( 'NONE', *, *, #64, .F. ) ;
#91 = LINE ( 'NONE', #2474, #3307 ) ;
#92 = DIRECTION ( 'NONE',  ( 0.000000000000000000, -1.000000000000000000, 0.000000000000000000 ) ) ;
#93 = ORIENTED_EDGE ( 'NONE', *, *, #3082, .T. ) ;
#94 = LINE ( 'NONE', #2775, #454 ) ;
#95 = FACE_OUTER_BOUND ( 'NONE', #1069, .T. ) ;
#96 = ORIENTED_EDGE ( 'NONE', *, *, #536, .T. ) ;
#97 = CARTESIAN_POINT ( 'NONE',  ( 1.000000000000000444, 0.1000000000000000056, -0.4499999999999992339 ) ) ;
#98 = VECTOR ( 'NONE', #350, 1000.000000000000000 ) ;
#99 = SURFACE_STYLE_FILL_AREA ( #1454 ) ;
#100 = AXIS2_PLACEMENT_3D ( 'NONE', #2012, #391, #1471 ) ;
#101 = CARTESIAN_POINT ( 'NONE',  ( -0.7000000000000002887, 0.05000000000000000278, -1.517883041479707194E-16 ) ) ;
#102 = ORIENTED_EDGE ( 'NONE', *, *, #753, .T. ) ;
#103 = VECTOR ( 'NONE', #3275, 1000.000000000000000 ) ;
#104 = DIRECTION ( 'NONE',  ( 1.000000000000000000, 0.000000000000000000, 2.710505431213761085E-16 ) ) ;
#105 = CARTESIAN_POINT ( 'NONE',  ( -0.9500000000000003997, 0.1000000000000000056, 0.2000000000000007327 ) ) ;
#106 = VECTOR ( 'NONE', #1117, 1000.000000000000000 ) ;
#107 = ADVANCED_FACE ( 'NONE', ( #3137 ), #1757, .T. ) ;
#108 = CARTESIAN_POINT ( 'NONE',  ( -0.9500000000000000666, 0.1000000000000000056, -1.000000000000000444 ) ) ;
#109 = DIRECTION ( 'NONE',  ( 1.000000000000000000, 0.000000000000000000, 2.168404344971009115E-16 ) ) ;
#110 = EDGE_LOOP ( 'NONE', ( #83, #851, #867, #1263 ) ) ;
#111 = VECTOR ( 'NONE', #26, 1000.000000000000000 ) ;
#112 = FILL_AREA_STYLE_COLOUR ( '', #722 ) ;
#113 = ORIENTED_EDGE ( 'NONE', *, *, #1552, .T. ) ;
#114 = DIRECTION ( 'NONE',  ( -1.000000000000000000, 0.000000000000000000, -1.626303258728256898E-16 ) ) ;
#115 = ORIENTED_EDGE ( 'NONE', *, *, #2937, .T. ) ;
#116 = LINE ( 'NONE', #654, #2075 ) ;
#117 = FILL_AREA_STYLE_COLOUR ( '', #2515 ) ;
#118 = SURFACE_STYLE_USAGE ( .BOTH. , #3004 ) ;
#119 = ORIENTED_EDGE ( 'NONE', *, *, #1150, .F. ) ;
#120 = STYLED_ITEM ( 'NONE', ( #2068 ), #750 ) ;
#121 = CARTESIAN_POINT ( 'NONE',  ( 0.6999999999999999556, 0.2000000000000000111, 0.4500000000000000666 ) ) ;
#122 = CARTESIAN_POINT ( 'NONE',  ( 1.843143693225358031E-16, 0.05000000000000000278, -0.8500000000000000888 ) ) ;
#123 = CARTESIAN_POINT ( 'NONE',  ( -0.7000000000000003997, 0.7000000000000006217, 0.4499999999999997335 ) ) ;
#124 = DIRECTION ( 'NONE',  ( -2.710505431213761085E-16, 0.000000000000000000, 1.000000000000000000 ) ) ;
#125 = VECTOR ( 'NONE', #1548, 1000.000000000000000 ) ;
#126 = VECTOR ( 'NONE', #2946, 1000.000000000000000 ) ;
#127 = ORIENTED_EDGE ( 'NONE', *, *, #2431, .F. ) ;
#128 = CARTESIAN_POINT ( 'NONE',  ( -1.000000000000000222, 0.1000000000000000056, -1.000000000000000222 ) ) ;
#129 = EDGE_CURVE ( 'NONE', #281, #2091, #411, .T. ) ;
#130 = CARTESIAN_POINT ( 'NONE',  ( 0.6999999999999998446, 0.1999999999999999833, 0.8500000000000001998 ) ) ;
#131 = AXIS2_PLACEMENT_3D ( 'NONE', #1546, #1512, #2354 ) ;
#132 = ORIENTED_EDGE ( 'NONE', *, *, #1893, .T. ) ;
#133 = LINE ( 'NONE', #583, #2422 ) ;
#134 = ADVANCED_FACE ( 'NONE', ( #1229 ), #430, .F. ) ;
#135 = VERTEX_POINT ( 'NONE', #2608 ) ;
#136 = EDGE_CURVE ( 'NONE', #2705, #1721, #3407, .T. ) ;
#137 = LINE ( 'NONE', #3076, #545 ) ;
#138 = FACE_OUTER_BOUND ( 'NONE', #1778, .T. ) ;
#139 = CARTESIAN_POINT ( 'NONE',  ( -0.4500000000000001776, 0.000000000000000000, 0.8000000000000000444 ) ) ;
#140 = ORIENTED_EDGE ( 'NONE', *, *, #3229, .F. ) ;
#141 = LINE ( 'NONE', #2303, #2703 ) ;
#142 = CARTESIAN_POINT ( 'NONE',  ( 0.9500000000000001776, 0.2000000000000000111, 0.8500000000000006439 ) ) ;
#143 = LINE ( 'NONE', #122, #2404 ) ;
#144 = LINE ( 'NONE', #2327, #2153 ) ;
#145 = ORIENTED_EDGE ( 'NONE', *, *, #2531, .T. ) ;
#146 = CARTESIAN_POINT ( 'NONE',  ( 0.9500000000000005107, 0.05000000000000000278, -0.4499999999999994560 ) ) ;
#147 = LINE ( 'NONE', #670, #1286 ) ;
#148 = ORIENTED_EDGE ( 'NONE', *, *, #2276, .T. ) ;
#149 = SURFACE_STYLE_FILL_AREA ( #3094 ) ;
#150 = ORIENTED_EDGE ( 'NONE', *, *, #2306, .T. ) ;
#151 = DIRECTION ( 'NONE',  ( 0.000000000000000000, -1.000000000000000000, 0.000000000000000000 ) ) ;
#152 = EDGE_CURVE ( 'NONE', #1067, #2383, #1793, .T. ) ;
#153 = ADVANCED_FACE ( 'NONE', ( #765 ), #2628, .F. ) ;
#154 = CARTESIAN_POINT ( 'NONE',  ( 0.6999999999999998446, 0.7000000000000006217, 0.8500000000000001998 ) ) ;
#155 = CARTESIAN_POINT ( 'NONE',  ( -0.7000000000000002887, 0.000000000000000000, -0.2000000000000002609 ) ) ;
#156 = AXIS2_PLACEMENT_3D ( 'NONE', #1387, #612, #383 ) ;
#157 = ORIENTED_EDGE ( 'NONE', *, *, #2501, .T. ) ;
#158 = LINE ( 'NONE', #3355, #687 ) ;
#159 = VECTOR ( 'NONE', #2573, 1000.000000000000000 ) ;
#160 = LINE ( 'NONE', #2595, #40 ) ;
#161 = DIRECTION ( 'NONE',  ( -1.000000000000000000, 0.000000000000000000, -2.168404344971009115E-16 ) ) ;
#162 = VECTOR ( 'NONE', #2457, 1000.000000000000000 ) ;
#163 = DIRECTION ( 'NONE',  ( -0.000000000000000000, -1.000000000000000000, 0.000000000000000000 ) ) ;
#164 = ORIENTED_EDGE ( 'NONE', *, *, #940, .T. ) ;
#165 = CARTESIAN_POINT ( 'NONE',  ( -0.7000000000000002887, 0.000000000000000000, 0.1999999999999999278 ) ) ;
#166 = STYLED_ITEM ( 'NONE', ( #1411 ), #3046 ) ;
#167 = PLANE ( 'NONE',  #1918 ) ;
#168 = ORIENTED_EDGE ( 'NONE', *, *, #1808, .F. ) ;
#169 = VECTOR ( 'NONE', #2708, 1000.000000000000000 ) ;
#170 =( NAMED_UNIT ( * ) SI_UNIT ( $, .STERADIAN. ) SOLID_ANGLE_UNIT ( ) );
#171 = ORIENTED_EDGE ( 'NONE', *, *, #3356, .T. ) ;
#172 = LINE ( 'NONE', #1805, #1061 ) ;
#173 = EDGE_CURVE ( 'NONE', #1006, #2749, #2116, .T. ) ;
#174 = DIRECTION ( 'NONE',  ( 1.000000000000000000, 0.000000000000000000, 2.168404344971009115E-16 ) ) ;
#175 = EDGE_LOOP ( 'NONE', ( #1965, #1966, #2800, #905, #3024, #610 ) ) ;
#176 = CARTESIAN_POINT ( 'NONE',  ( -1.000000000000000222, 0.7999999999999999334, -1.000000000000000222 ) ) ;
#177 = CARTESIAN_POINT ( 'NONE',  ( -0.7000000000000003997, 0.04999999999999999584, 0.4499999999999997335 ) ) ;
#178 = EDGE_CURVE ( 'NONE', #726, #2270, #2372, .T. ) ;
#179 = FACE_OUTER_BOUND ( 'NONE', #1971, .T. ) ;
#180 = ADVANCED_FACE ( 'NONE', ( #910 ), #2459, .T. ) ;
#181 = CARTESIAN_POINT ( 'NONE',  ( 0.000000000000000000, 0.2000000000000000111, 0.000000000000000000 ) ) ;
#182 = ORIENTED_EDGE ( 'NONE', *, *, #1719, .F. ) ;
#183 = DIRECTION ( 'NONE',  ( -1.000000000000000000, 0.000000000000000000, 0.000000000000000000 ) ) ;
#184 = VECTOR ( 'NONE', #2416, 1000.000000000000000 ) ;
#185 = LINE ( 'NONE', #2827, #844 ) ;
#186 = ORIENTED_EDGE ( 'NONE', *, *, #1532, .T. ) ;
#187 = SURFACE_STYLE_USAGE ( .BOTH. , #1803 ) ;
#188 = DIRECTION ( 'NONE',  ( -1.000000000000000000, 0.000000000000000000, -2.168404344971009115E-16 ) ) ;
#189 = VECTOR ( 'NONE', #163, 1000.000000000000000 ) ;
#190 = VECTOR ( 'NONE', #207, 1000.000000000000000 ) ;
#191 = VERTEX_POINT ( 'NONE', #926 ) ;
#192 = VECTOR ( 'NONE', #238, 1000.000000000000000 ) ;
#193 = DIRECTION ( 'NONE',  ( 0.000000000000000000, -1.000000000000000000, 0.000000000000000000 ) ) ;
#194 = LINE ( 'NONE', #696, #2128 ) ;
#195 = EDGE_LOOP ( 'NONE', ( #115, #1016, #1333, #3049 ) ) ;
#196 = PLANE ( 'NONE',  #3257 ) ;
#197 = CARTESIAN_POINT ( 'NONE',  ( 1.000000000000000000, 0.7000000000000006217, -0.4499999999999992339 ) ) ;
#198 = PLANE ( 'NONE',  #1393 ) ;
#199 = CARTESIAN_POINT ( 'NONE',  ( 0.9999999999999997780, 4.428427124746190380, -0.9999999999999997780 ) ) ;
#200 = ADVANCED_FACE ( 'NONE', ( #72 ), #2992, .F. ) ;
#201 = VERTEX_POINT ( 'NONE', #2198 ) ;
#202 = CARTESIAN_POINT ( 'NONE',  ( -0.7000000000000001776, 0.1000000000000000056, -0.4500000000000000666 ) ) ;
#203 = ADVANCED_FACE ( 'NONE', ( #2770 ), #3271, .T. ) ;
#204 = LINE ( 'NONE', #2344, #63 ) ;
#205 = LINE ( 'NONE', #418, #2644 ) ;
#206 = ORIENTED_EDGE ( 'NONE', *, *, #1671, .F. ) ;
#207 = DIRECTION ( 'NONE',  ( 2.710505431213761085E-16, 0.000000000000000000, -1.000000000000000000 ) ) ;
#208 = VERTEX_POINT ( 'NONE', #1710 ) ;
#209 = DIRECTION ( 'NONE',  ( 1.662443331144440790E-15, 0.000000000000000000, -1.000000000000000000 ) ) ;
#210 = FACE_OUTER_BOUND ( 'NONE', #2766, .T. ) ;
#211 = ORIENTED_EDGE ( 'NONE', *, *, #328, .T. ) ;
#212 = DIRECTION ( 'NONE',  ( -1.000000000000000000, 0.000000000000000000, -2.168404344971009115E-16 ) ) ;
#213 = LINE ( 'NONE', #142, #3178 ) ;
#214 = FACE_OUTER_BOUND ( 'NONE', #1010, .T. ) ;
#215 = CARTESIAN_POINT ( 'NONE',  ( -0.7000000000000001776, 0.7000000000000006217, -0.4500000000000000666 ) ) ;
#216 = PLANE ( 'NONE',  #15 ) ;
#217 = ORIENTED_EDGE ( 'NONE', *, *, #2720, .T. ) ;
#218 = AXIS2_PLACEMENT_3D ( 'NONE', #1634, #2941, #3222 ) ;
#219 = CARTESIAN_POINT ( 'NONE',  ( -0.7000000000000002887, 0.1999999999999999833, -0.2000000000000002609 ) ) ;
#220 = DIRECTION ( 'NONE',  ( 1.000000000000000000, 0.000000000000000000, 2.168404344971009115E-16 ) ) ;
#221 = EDGE_CURVE ( 'NONE', #1338, #31, #1428, .T. ) ;
#222 = CARTESIAN_POINT ( 'NONE',  ( -0.4499999999999996780, 2.035755975068581858, -0.4999999999999998890 ) ) ;
#223 = VECTOR ( 'NONE', #2016, 1000.000000000000000 ) ;
#224 = EDGE_CURVE ( 'NONE', #1838, #1067, #3258, .T. ) ;
#225 = ORIENTED_EDGE ( 'NONE', *, *, #3091, .T. ) ;
#226 = LINE ( 'NONE', #3073, #627 ) ;
#227 = EDGE_CURVE ( 'NONE', #641, #2624, #1390, .T. ) ;
#228 = AXIS2_PLACEMENT_3D ( 'NONE', #2519, #3176, #773 ) ;
#229 = EDGE_LOOP ( 'NONE', ( #980, #1504, #550, #2680, #2962 ) ) ;
#230 = AXIS2_PLACEMENT_3D ( 'NONE', #1436, #45, #3248 ) ;
#231 = CARTESIAN_POINT ( 'NONE',  ( 0.6999999999999998446, 0.000000000000000000, 0.8500000000000001998 ) ) ;
#232 = DIRECTION ( 'NONE',  ( -1.000000000000000000, 0.000000000000000000, 2.674365358797580891E-15 ) ) ;
#233 = ORIENTED_EDGE ( 'NONE', *, *, #1909, .F. ) ;
#234 = CARTESIAN_POINT ( 'NONE',  ( -1.000000000000000000, 0.2000000000000000111, -0.4499999999999992339 ) ) ;
#235 = FACE_OUTER_BOUND ( 'NONE', #585, .T. ) ;
#236 = LINE ( 'NONE', #1232, #2130 ) ;
#237 = VERTEX_POINT ( 'NONE', #2735 ) ;
#238 = DIRECTION ( 'NONE',  ( -2.168404344971009115E-16, 0.000000000000000000, 1.000000000000000000 ) ) ;
#239 = CARTESIAN_POINT ( 'NONE',  ( -0.4499999999999996780, 0.05000000000000000278, -0.5000000000000014433 ) ) ;
#240 = LINE ( 'NONE', #3055, #3452 ) ;
#241 = DIRECTION ( 'NONE',  ( 0.000000000000000000, -1.000000000000000000, 0.000000000000000000 ) ) ;
#242 = AXIS2_PLACEMENT_3D ( 'NONE', #1175, #857, #2269 ) ;
#243 = EDGE_LOOP ( 'NONE', ( #51, #799, #588, #579 ) ) ;
#244 = EDGE_CURVE ( 'NONE', #1096, #2598, #1443, .T. ) ;
#245 = ORIENTED_EDGE ( 'NONE', *, *, #2767, .T. ) ;
#246 = AXIS2_PLACEMENT_3D ( 'NONE', #916, #1959, #1676 ) ;
#247 = DIRECTION ( 'NONE',  ( 0.000000000000000000, 1.000000000000000000, 0.000000000000000000 ) ) ;
#248 = EDGE_CURVE ( 'NONE', #1157, #1693, #1123, .T. ) ;
#249 = CARTESIAN_POINT ( 'NONE',  ( -1.734723475976807587E-16, 0.05000000000000000278, 0.8000000000000001554 ) ) ;
#250 = EDGE_CURVE ( 'NONE', #2091, #1189, #1208, .T. ) ;
#251 = LINE ( 'NONE', #1820, #1053 ) ;
#252 = VECTOR ( 'NONE', #3334, 1000.000000000000000 ) ;
#253 = ORIENTED_EDGE ( 'NONE', *, *, #1334, .T. ) ;
#254 = LINE ( 'NONE', #2697, #2503 ) ;
#255 = CARTESIAN_POINT ( 'NONE',  ( 1.000000000000000000, 0.7000000000000006217, 0.4500000000000001221 ) ) ;
#256 = LINE ( 'NONE', #1360, #2472 ) ;
#257 = CARTESIAN_POINT ( 'NONE',  ( 1.000000000000000444, 0.1000000000000000056, -0.4499999999999992339 ) ) ;
#258 = CARTESIAN_POINT ( 'NONE',  ( -0.7000000000000003997, 0.1000000000000000056, 0.4499999999999997335 ) ) ;
#259 = EDGE_LOOP ( 'NONE', ( #390, #2633, #1468, #2691 ) ) ;
#260 = ORIENTED_EDGE ( 'NONE', *, *, #1488, .F. ) ;
#261 = CARTESIAN_POINT ( 'NONE',  ( -0.9500000000000002887, 0.7000000000000006217, 0.2000000000000005940 ) ) ;
#262 = DIRECTION ( 'NONE',  ( 2.168404344971009115E-16, -0.000000000000000000, -1.000000000000000000 ) ) ;
#263 = EDGE_LOOP ( 'NONE', ( #756, #2441, #2238, #2418, #2951, #2473 ) ) ;
#264 = DIRECTION ( 'NONE',  ( 2.168404344971009115E-16, -0.000000000000000000, -1.000000000000000000 ) ) ;
#265 = ADVANCED_FACE ( 'NONE', ( #335 ), #1408, .F. ) ;
#266 = ADVANCED_FACE ( 'NONE', ( #1194 ), #385, .F. ) ;
#267 = VERTEX_POINT ( 'NONE', #3028 ) ;
#268 = PRODUCT_DEFINITION ( 'UNKNOWN', '', #2134, #2210 ) ;
#269 = LINE ( 'NONE', #1841, #3450 ) ;
#270 = VERTEX_POINT ( 'NONE', #2752 ) ;
#271 = DIRECTION ( 'NONE',  ( -1.000000000000000000, 0.000000000000000000, -2.168404344971009115E-16 ) ) ;
#272 = CARTESIAN_POINT ( 'NONE',  ( -0.7000000000000000666, 0.000000000000000000, -0.8500000000000001998 ) ) ;
#273 = PLANE ( 'NONE',  #3235 ) ;
#274 = AXIS2_PLACEMENT_3D ( 'NONE', #1723, #332, #1459 ) ;
#275 = ORIENTED_EDGE ( 'NONE', *, *, #2594, .T. ) ;
#276 = VECTOR ( 'NONE', #232, 1000.000000000000000 ) ;
#277 = ORIENTED_EDGE ( 'NONE', *, *, #2991, .F. ) ;
#278 = AXIS2_PLACEMENT_3D ( 'NONE', #413, #1515, #700 ) ;
#279 = DIRECTION ( 'NONE',  ( 1.000000000000000000, 0.000000000000000000, 2.168404344971009115E-16 ) ) ;
#280 = CARTESIAN_POINT ( 'NONE',  ( -0.9500000000000002887, 0.05000000000000000278, -0.4499999999999996780 ) ) ;
#281 = VERTEX_POINT ( 'NONE', #3067 ) ;
#282 = LINE ( 'NONE', #747, #1667 ) ;
#283 = ORIENTED_EDGE ( 'NONE', *, *, #591, .F. ) ;
#284 = ADVANCED_FACE ( 'NONE', ( #2507 ), #666, .F. ) ;
#285 = LINE ( 'NONE', #484, #824 ) ;
#286 = VERTEX_POINT ( 'NONE', #369 ) ;
#287 = FACE_OUTER_BOUND ( 'NONE', #2892, .T. ) ;
#288 = EDGE_CURVE ( 'NONE', #1157, #2040, #88, .T. ) ;
#289 = CARTESIAN_POINT ( 'NONE',  ( 0.7000000000000000666, 0.04999999999999999584, -0.1999999999999999278 ) ) ;
#290 = CARTESIAN_POINT ( 'NONE',  ( 0.7000000000000002887, 0.1999999999999999833, -0.8499999999999999778 ) ) ;
#291 = ORIENTED_EDGE ( 'NONE', *, *, #1033, .T. ) ;
#292 = ORIENTED_EDGE ( 'NONE', *, *, #421, .F. ) ;
#293 = DIRECTION ( 'NONE',  ( -2.168404344971009115E-16, 0.000000000000000000, 1.000000000000000000 ) ) ;
#294 =( GEOMETRIC_REPRESENTATION_CONTEXT ( 3 ) GLOBAL_UNCERTAINTY_ASSIGNED_CONTEXT ( ( #628 ) ) GLOBAL_UNIT_ASSIGNED_CONTEXT ( ( #1127, #2257, #321 ) ) REPRESENTATION_CONTEXT ( 'NONE', 'WORKASPACE' ) );
#295 = ORIENTED_EDGE ( 'NONE', *, *, #892, .F. ) ;
#296 = LINE ( 'NONE', #1647, #2455 ) ;
#297 = EDGE_LOOP ( 'NONE', ( #1521, #132, #2971, #2604, #1145 ) ) ;
#298 = DIRECTION ( 'NONE',  ( 1.000000000000000000, 0.000000000000000000, 2.168404344971009115E-16 ) ) ;
#299 = ORIENTED_EDGE ( 'NONE', *, *, #892, .T. ) ;
#300 = FACE_OUTER_BOUND ( 'NONE', #263, .T. ) ;
#301 = DIRECTION ( 'NONE',  ( -0.000000000000000000, -1.000000000000000000, 0.000000000000000000 ) ) ;
#302 = EDGE_CURVE ( 'NONE', #1853, #858, #2268, .T. ) ;
#303 = ADVANCED_FACE ( 'NONE', ( #3320 ), #1742, .T. ) ;
#304 = ORIENTED_EDGE ( 'NONE', *, *, #572, .T. ) ;
#305 = ORIENTED_EDGE ( 'NONE', *, *, #2592, .F. ) ;
#306 = LINE ( 'NONE', #1079, #3147 ) ;
#307 = ORIENTED_EDGE ( 'NONE', *, *, #244, .F. ) ;
#308 = DIRECTION ( 'NONE',  ( -2.168404344971009115E-16, 0.000000000000000000, 1.000000000000000000 ) ) ;
#309 = FACE_OUTER_BOUND ( 'NONE', #1366, .T. ) ;
#310 = CARTESIAN_POINT ( 'NONE',  ( 0.000000000000000000, 0.1000000000000000056, 0.000000000000000000 ) ) ;
#311 = UNCERTAINTY_MEASURE_WITH_UNIT (LENGTH_MEASURE( 1.000000000000000082E-05 ), #3023, 'distance_accuracy_value', 'NONE');
#312 = VERTEX_POINT ( 'NONE', #3122 ) ;
#313 = PLANE ( 'NONE',  #156 ) ;
#314 = LINE ( 'NONE', #1652, #1567 ) ;
#315 = DIRECTION ( 'NONE',  ( 0.000000000000000000, -1.000000000000000000, 0.000000000000000000 ) ) ;
#316 = CARTESIAN_POINT ( 'NONE',  ( 0.7000000000000000666, 0.000000000000000000, 0.2000000000000002609 ) ) ;
#317 = ADVANCED_FACE ( 'NONE', ( #1497 ), #216, .T. ) ;
#318 = ORIENTED_EDGE ( 'NONE', *, *, #993, .F. ) ;
#319 = EDGE_CURVE ( 'NONE', #1489, #3451, #3087, .T. ) ;
#320 = STYLED_ITEM ( 'NONE', ( #47 ), #1913 ) ;
#321 =( NAMED_UNIT ( * ) SI_UNIT ( $, .STERADIAN. ) SOLID_ANGLE_UNIT ( ) );
#322 = CARTESIAN_POINT ( 'NONE',  ( 1.000000000000000222, 0.2000000000000000111, -0.8499999999999998668 ) ) ;
#323 = AXIS2_PLACEMENT_3D ( 'NONE', #3186, #781, #2163 ) ;
#324 = ORIENTED_EDGE ( 'NONE', *, *, #1975, .T. ) ;
#325 = EDGE_CURVE ( 'NONE', #1756, #2047, #2103, .T. ) ;
#326 = PLANE ( 'NONE',  #2729 ) ;
#327 = VECTOR ( 'NONE', #3037, 1000.000000000000000 ) ;
#328 = EDGE_CURVE ( 'NONE', #1646, #208, #435, .T. ) ;
#329 = LINE ( 'NONE', #3022, #3457 ) ;
#330 = AXIS2_PLACEMENT_3D ( 'NONE', #648, #87, #1948 ) ;
#331 = ORIENTED_EDGE ( 'NONE', *, *, #1699, .T. ) ;
#332 = DIRECTION ( 'NONE',  ( 0.000000000000000000, -1.000000000000000000, 0.000000000000000000 ) ) ;
#333 = FACE_OUTER_BOUND ( 'NONE', #2916, .T. ) ;
#334 = CARTESIAN_POINT ( 'NONE',  ( 0.4500000000000003997, 0.05000000000000000278, -0.7999999999999998224 ) ) ;
#335 = FACE_OUTER_BOUND ( 'NONE', #1138, .T. ) ;
#336 = DIRECTION ( 'NONE',  ( -0.000000000000000000, -1.000000000000000000, 0.000000000000000000 ) ) ;
#337 = ORIENTED_EDGE ( 'NONE', *, *, #2345, .T. ) ;
#338 = DIRECTION ( 'NONE',  ( -1.000000000000000000, 0.000000000000000000, -1.662443331144440592E-15 ) ) ;
#339 = ADVANCED_FACE ( 'NONE', ( #2580 ), #2597, .F. ) ;
#340 = PLANE ( 'NONE',  #2017 ) ;
#341 = ORIENTED_EDGE ( 'NONE', *, *, #992, .F. ) ;
#342 = LINE ( 'NONE', #1415, #3003 ) ;
#343 = EDGE_CURVE ( 'NONE', #2897, #2585, #144, .T. ) ;
#344 = EDGE_CURVE ( 'NONE', #2067, #1827, #1762, .T. ) ;
#345 = PLANE ( 'NONE',  #230 ) ;
#346 = DIRECTION ( 'NONE',  ( 1.000000000000000000, 0.000000000000000000, 2.168404344971009115E-16 ) ) ;
#347 = VERTEX_POINT ( 'NONE', #966 ) ;
#348 = VECTOR ( 'NONE', #871, 1000.000000000000000 ) ;
#349 = VECTOR ( 'NONE', #241, 1000.000000000000000 ) ;
#350 = DIRECTION ( 'NONE',  ( 0.000000000000000000, -1.000000000000000000, 0.000000000000000000 ) ) ;
#351 = CARTESIAN_POINT ( 'NONE',  ( -0.7000000000000003997, 0.2000000000000000111, 0.4499999999999997335 ) ) ;
#352 = VECTOR ( 'NONE', #2311, 1000.000000000000000 ) ;
#353 = DIRECTION ( 'NONE',  ( 1.000000000000000000, 0.000000000000000000, 0.000000000000000000 ) ) ;
#354 = FACE_OUTER_BOUND ( 'NONE', #3146, .T. ) ;
#355 = ORIENTED_EDGE ( 'NONE', *, *, #3357, .T. ) ;
#356 =( NAMED_UNIT ( * ) PLANE_ANGLE_UNIT ( ) SI_UNIT ( $, .RADIAN. ) );
#357 = VERTEX_POINT ( 'NONE', #2084 ) ;
#358 = CARTESIAN_POINT ( 'NONE',  ( -0.7000000000000000666, 0.1000000000000000472, -0.8500000000000001998 ) ) ;
#359 = ORIENTED_EDGE ( 'NONE', *, *, #1823, .F. ) ;
#360 = CARTESIAN_POINT ( 'NONE',  ( 0.9500000000000005107, 0.1000000000000000056, -0.8499999999999998668 ) ) ;
#361 = CARTESIAN_POINT ( 'NONE',  ( 1.000000000000000666, 0.1000000000000000056, -0.8499999999999998668 ) ) ;
#362 = ADVANCED_FACE ( 'NONE', ( #1211 ), #414, .T. ) ;
#363 = DIRECTION ( 'NONE',  ( 1.000000000000000000, 0.000000000000000000, 2.168404344971009115E-16 ) ) ;
#364 = EDGE_CURVE ( 'NONE', #2445, #2342, #2359, .T. ) ;
#365 = VERTEX_POINT ( 'NONE', #755 ) ;
#366 = ORIENTED_EDGE ( 'NONE', *, *, #1396, .T. ) ;
#367 = FACE_OUTER_BOUND ( 'NONE', #2219, .T. ) ;
#368 = LINE ( 'NONE', #1724, #1224 ) ;
#369 = CARTESIAN_POINT ( 'NONE',  ( -0.7000000000000002887, 0.04999999999999999584, 0.1999999999999999278 ) ) ;
#370 = CARTESIAN_POINT ( 'NONE',  ( 0.7000000000000002887, 0.7000000000000006217, -0.8499999999999999778 ) ) ;
#371 = ORIENTED_EDGE ( 'NONE', *, *, #2658, .T. ) ;
#372 =( LENGTH_UNIT ( ) NAMED_UNIT ( * ) SI_UNIT ( .MILLI., .METRE. ) );
#373 = ORIENTED_EDGE ( 'NONE', *, *, #3229, .T. ) ;
#374 = ORIENTED_EDGE ( 'NONE', *, *, #729, .T. ) ;
#375 = DIRECTION ( 'NONE',  ( -1.000000000000000000, 0.000000000000000000, 0.000000000000000000 ) ) ;
#376 = MECHANICAL_DESIGN_GEOMETRIC_PRESENTATION_REPRESENTATION (  '', ( #1335 ), #2452 ) ;
#377 = LINE ( 'NONE', #1400, #3347 ) ;
#378 = AXIS2_PLACEMENT_3D ( 'NONE', #2319, #393, #982 ) ;
#379 = DIRECTION ( 'NONE',  ( -1.000000000000000000, 0.000000000000000000, 2.674365358797580891E-15 ) ) ;
#380 = EDGE_CURVE ( 'NONE', #2915, #866, #3410, .T. ) ;
#381 = EDGE_LOOP ( 'NONE', ( #2447, #840, #1657, #3365 ) ) ;
#382 = VECTOR ( 'NONE', #2136, 1000.000000000000000 ) ;
#383 = DIRECTION ( 'NONE',  ( -1.000000000000000000, 0.000000000000000000, -1.662443331144440790E-15 ) ) ;
#384 = DIRECTION ( 'NONE',  ( 0.000000000000000000, 1.000000000000000000, 0.000000000000000000 ) ) ;
#385 = PLANE ( 'NONE',  #742 ) ;
#386 = FACE_OUTER_BOUND ( 'NONE', #1877, .T. ) ;
#387 = ORIENTED_EDGE ( 'NONE', *, *, #1464, .F. ) ;
#388 = EDGE_CURVE ( 'NONE', #1809, #2067, #1020, .T. ) ;
#389 = ORIENTED_EDGE ( 'NONE', *, *, #1254, .F. ) ;
#390 = ORIENTED_EDGE ( 'NONE', *, *, #1359, .T. ) ;
#391 = DIRECTION ( 'NONE',  ( 1.000000000000000000, 0.000000000000000000, 2.168404344971009115E-16 ) ) ;
#392 = CARTESIAN_POINT ( 'NONE',  ( 0.9500000000000005107, 0.7000000000000006217, -0.8499999999999998668 ) ) ;
#393 = DIRECTION ( 'NONE',  ( -2.168404344971009115E-16, 0.000000000000000000, 1.000000000000000000 ) ) ;
#394 = ORIENTED_EDGE ( 'NONE', *, *, #3267, .T. ) ;
#395 = VERTEX_POINT ( 'NONE', #1234 ) ;
#396 = CARTESIAN_POINT ( 'NONE',  ( -1.000000000000000222, 0.1000000000000000056, -1.000000000000000222 ) ) ;
#397 = CARTESIAN_POINT ( 'NONE',  ( -0.4500000000000001776, 0.2000000000000000944, 0.8000000000000000444 ) ) ;
#398 = DIRECTION ( 'NONE',  ( -1.000000000000000000, 0.000000000000000000, -1.662443331144440790E-15 ) ) ;
#399 = ORIENTED_EDGE ( 'NONE', *, *, #3174, .T. ) ;
#400 = CYLINDRICAL_SURFACE ( 'NONE', #974, 0.09746256089909494102 ) ;
#401 = SURFACE_SIDE_STYLE ('',( #2220 ) ) ;
#402 = EDGE_CURVE ( 'NONE', #1928, #2938, #2876, .T. ) ;
#403 = VECTOR ( 'NONE', #3323, 1000.000000000000000 ) ;
#404 = EDGE_CURVE ( 'NONE', #2342, #3018, #2544, .T. ) ;
#405 = ORIENTED_EDGE ( 'NONE', *, *, #1791, .T. ) ;
#406 = VERTEX_POINT ( 'NONE', #2582 ) ;
#407 = DIRECTION ( 'NONE',  ( 0.000000000000000000, -1.000000000000000000, 0.000000000000000000 ) ) ;
#408 = PRESENTATION_STYLE_ASSIGNMENT (( #3371 ) ) ;
#409 = CARTESIAN_POINT ( 'NONE',  ( -0.7359910788960105643, 0.6999999999999999556, -0.7477669361583496599 ) ) ;
#410 = ORIENTED_EDGE ( 'NONE', *, *, #1226, .F. ) ;
#411 = LINE ( 'NONE', #1810, #2589 ) ;
#412 = CARTESIAN_POINT ( 'NONE',  ( 1.000000000000000000, 0.2000000000000000111, -0.1999999999999998723 ) ) ;
#413 = CARTESIAN_POINT ( 'NONE',  ( 0.000000000000000000, 0.000000000000000000, 0.000000000000000000 ) ) ;
#414 = PLANE ( 'NONE',  #906 ) ;
#415 = ORIENTED_EDGE ( 'NONE', *, *, #1807, .F. ) ;
#416 = LINE ( 'NONE', #165, #461 ) ;
#417 = DIRECTION ( 'NONE',  ( -2.168404344971009115E-16, 0.000000000000000000, 1.000000000000000000 ) ) ;
#418 = CARTESIAN_POINT ( 'NONE',  ( 0.7000000000000001776, 0.2000000000000000111, -0.4499999999999997335 ) ) ;
#419 = ORIENTED_EDGE ( 'NONE', *, *, #25, .F. ) ;
#420 = SURFACE_STYLE_USAGE ( .BOTH. , #691 ) ;
#421 = EDGE_CURVE ( 'NONE', #3096, #2624, #1237, .T. ) ;
#422 = ADVANCED_FACE ( 'NONE', ( #2065 ), #2271, .T. ) ;
#423 = VERTEX_POINT ( 'NONE', #3069 ) ;
#424 = FACE_OUTER_BOUND ( 'NONE', #1732, .T. ) ;
#425 = EDGE_CURVE ( 'NONE', #1756, #2617, #2343, .T. ) ;
#426 = CARTESIAN_POINT ( 'NONE',  ( 0.7000000000000001776, 0.2000000000000000111, -0.4499999999999997335 ) ) ;
#427 = EDGE_CURVE ( 'NONE', #667, #1199, #3379, .T. ) ;
#428 = AXIS2_PLACEMENT_3D ( 'NONE', #81, #3250, #379 ) ;
#429 = ORIENTED_EDGE ( 'NONE', *, *, #1788, .F. ) ;
#430 = PLANE ( 'NONE',  #131 ) ;
#431 = VECTOR ( 'NONE', #1836, 1000.000000000000000 ) ;
#432 = LINE ( 'NONE', #1514, #3393 ) ;
#433 = DIRECTION ( 'NONE',  ( 0.000000000000000000, 1.000000000000000000, 0.000000000000000000 ) ) ;
#434 = AXIS2_PLACEMENT_3D ( 'NONE', #1986, #3064, #2249 ) ;
#435 = LINE ( 'NONE', #2823, #2042 ) ;
#436 = ORIENTED_EDGE ( 'NONE', *, *, #1552, .F. ) ;
#437 = CARTESIAN_POINT ( 'NONE',  ( -0.9500000000000000666, 0.000000000000000000, -1.000000000000000444 ) ) ;
#438 = DIRECTION ( 'NONE',  ( 0.000000000000000000, -1.000000000000000000, 0.000000000000000000 ) ) ;
#439 = DIRECTION ( 'NONE',  ( -1.000000000000000000, 0.000000000000000000, 2.674365358797580891E-15 ) ) ;
#440 = ORIENTED_EDGE ( 'NONE', *, *, #813, .T. ) ;
#441 = EDGE_LOOP ( 'NONE', ( #3253, #277, #2155, #2522 ) ) ;
#442 = DIRECTION ( 'NONE',  ( 2.168404344971009115E-16, 0.000000000000000000, -1.000000000000000000 ) ) ;
#443 = LINE ( 'NONE', #1510, #2010 ) ;
#444 = ADVANCED_FACE ( 'NONE', ( #990 ), #400, .F. ) ;
#445 = EDGE_CURVE ( 'NONE', #726, #3453, #1253, .T. ) ;
#446 = ORIENTED_EDGE ( 'NONE', *, *, #3462, .T. ) ;
#447 = DIRECTION ( 'NONE',  ( 4.201283418381329682E-16, 0.000000000000000000, -1.000000000000000000 ) ) ;
#448 = PLANE ( 'NONE',  #2176 ) ;
#449 = CARTESIAN_POINT ( 'NONE',  ( 0.000000000000000000, 0.2000000000000000111, 0.000000000000000000 ) ) ;
#450 = DIRECTION ( 'NONE',  ( 2.168404344971009115E-16, 0.000000000000000000, -1.000000000000000000 ) ) ;
#451 = DIRECTION ( 'NONE',  ( -2.710505431213761085E-16, 0.000000000000000000, 1.000000000000000000 ) ) ;
#452 = VERTEX_POINT ( 'NONE', #3394 ) ;
#453 = CARTESIAN_POINT ( 'NONE',  ( -0.7359910788960105643, 0.6999999999999999556, -0.7477669361583496599 ) ) ;
#454 = VECTOR ( 'NONE', #2516, 1000.000000000000000 ) ;
#455 = CARTESIAN_POINT ( 'NONE',  ( 1.000000000000000000, 0.1999999999999999833, 0.2000000000000007327 ) ) ;
#456 = VERTEX_POINT ( 'NONE', #685 ) ;
#457 = DIRECTION ( 'NONE',  ( 0.000000000000000000, -1.000000000000000000, 0.000000000000000000 ) ) ;
#458 = VECTOR ( 'NONE', #701, 1000.000000000000000 ) ;
#459 = VECTOR ( 'NONE', #1299, 1000.000000000000000 ) ;
#460 = ORIENTED_EDGE ( 'NONE', *, *, #1092, .F. ) ;
#461 = VECTOR ( 'NONE', #3108, 1000.000000000000000 ) ;
#462 = LINE ( 'NONE', #3056, #49 ) ;
#463 = CARTESIAN_POINT ( 'NONE',  ( -0.9500000000000002887, 0.7000000000000006217, -0.2000000000000003164 ) ) ;
#464 = ORIENTED_EDGE ( 'NONE', *, *, #3293, .F. ) ;
#465 = CARTESIAN_POINT ( 'NONE',  ( -1.000000000000000000, 0.1999999999999999833, -0.4499999999999992339 ) ) ;
#466 = ADVANCED_FACE ( 'NONE', ( #929 ), #1537, .F. ) ;
#467 = EDGE_CURVE ( 'NONE', #999, #1082, #3362, .T. ) ;
#468 = CARTESIAN_POINT ( 'NONE',  ( -0.1499999999999984401, 0.000000000000000000, -0.7999999999999999334 ) ) ;
#469 = CARTESIAN_POINT ( 'NONE',  ( 1.000000000000000666, 0.1000000000000000056, -0.9999999999999997780 ) ) ;
#470 = FACE_OUTER_BOUND ( 'NONE', #297, .T. ) ;
#471 = DIRECTION ( 'NONE',  ( 0.000000000000000000, 1.000000000000000000, 0.000000000000000000 ) ) ;
#472 = EDGE_LOOP ( 'NONE', ( #969, #1993 ) ) ;
#473 = DIRECTION ( 'NONE',  ( 0.7071067811865434649, -0.000000000000000000, 0.7071067811865516806 ) ) ;
#474 = CARTESIAN_POINT ( 'NONE',  ( 0.7000000000000000666, 0.1000000000000000056, 0.2000000000000002609 ) ) ;
#475 = PRODUCT_DEFINITION_SHAPE ( 'NONE', 'NONE',  #268 ) ;
#476 = EDGE_LOOP ( 'NONE', ( #3268, #102, #1288, #2064, #2157, #1084, #595, #2463, #2235, #1183, #839, #917, #3425, #1410, #3280, #2719, #1799, #2072, #1599, #820, #1540, #1151, #1093, #113, #1239, #3263, #1190, #2432 ) ) ;
#477 = DIRECTION ( 'NONE',  ( -1.000000000000000000, 0.000000000000000000, -2.168404344971009115E-16 ) ) ;
#478 = LINE ( 'NONE', #1027, #2586 ) ;
#479 = ORIENTED_EDGE ( 'NONE', *, *, #2811, .T. ) ;
#480 = LINE ( 'NONE', #1030, #1233 ) ;
#481 = LINE ( 'NONE', #2419, #276 ) ;
#482 = VERTEX_POINT ( 'NONE', #1197 ) ;
#483 = CARTESIAN_POINT ( 'NONE',  ( 0.7000000000000000666, 0.05000000000000000278, 1.517883041479706701E-16 ) ) ;
#484 = CARTESIAN_POINT ( 'NONE',  ( 0.9999999999999997780, 0.7999999999999999334, 1.000000000000000222 ) ) ;
#485 = CARTESIAN_POINT ( 'NONE',  ( 0.7000000000000000666, 0.2000000000000000111, 0.2000000000000002609 ) ) ;
#486 = DIRECTION ( 'NONE',  ( -2.710505431213761085E-16, 0.000000000000000000, 1.000000000000000000 ) ) ;
#487 = EDGE_CURVE ( 'NONE', #30, #2749, #1007, .T. ) ;
#488 = EDGE_LOOP ( 'NONE', ( #1397, #886, #3324, #1487 ) ) ;
#489 = VECTOR ( 'NONE', #717, 1000.000000000000000 ) ;
#490 = CARTESIAN_POINT ( 'NONE',  ( 0.6999999999999999556, 0.2000000000000000111, 0.4500000000000000666 ) ) ;
#491 = DIRECTION ( 'NONE',  ( 0.7071067811865462405, 0.000000000000000000, 0.7071067811865489050 ) ) ;
#492 = VECTOR ( 'NONE', #499, 1000.000000000000000 ) ;
#493 = EDGE_CURVE ( 'NONE', #347, #1371, #2546, .T. ) ;
#494 = EDGE_CURVE ( 'NONE', #1978, #482, #2086, .T. ) ;
#495 = ORIENTED_EDGE ( 'NONE', *, *, #2070, .F. ) ;
#496 = AXIS2_PLACEMENT_3D ( 'NONE', #215, #3359, #2357 ) ;
#497 = ORIENTED_EDGE ( 'NONE', *, *, #2413, .T. ) ;
#498 = DIRECTION ( 'NONE',  ( 2.710505431213761085E-16, 0.000000000000000000, -1.000000000000000000 ) ) ;
#499 = DIRECTION ( 'NONE',  ( -2.710505431213761085E-16, 0.000000000000000000, 1.000000000000000000 ) ) ;
#500 = VERTEX_POINT ( 'NONE', #146 ) ;
#501 = CARTESIAN_POINT ( 'NONE',  ( -0.9500000000000002887, 0.1000000000000000472, 0.2000000000000005940 ) ) ;
#502 = LINE ( 'NONE', #2650, #2294 ) ;
#503 = ORIENTED_EDGE ( 'NONE', *, *, #3327, .T. ) ;
#504 = DIRECTION ( 'NONE',  ( 0.000000000000000000, -1.000000000000000000, 0.000000000000000000 ) ) ;
#505 = CARTESIAN_POINT ( 'NONE',  ( 0.6999999999999999556, 0.7000000000000006217, 0.4500000000000000666 ) ) ;
#506 =( NAMED_UNIT ( * ) SI_UNIT ( $, .STERADIAN. ) SOLID_ANGLE_UNIT ( ) );
#507 = ORIENTED_EDGE ( 'NONE', *, *, #250, .T. ) ;
#508 = EDGE_CURVE ( 'NONE', #2590, #452, #1213, .T. ) ;
#509 = EDGE_LOOP ( 'NONE', ( #1162, #233, #2147, #2085 ) ) ;
#510 = EDGE_CURVE ( 'NONE', #2295, #1143, #2759, .T. ) ;
#511 = AXIS2_PLACEMENT_3D ( 'NONE', #557, #504, #2688 ) ;
#512 = ADVANCED_FACE ( 'NONE', ( #2599 ), #1814, .F. ) ;
#513 = LINE ( 'NONE', #261, #184 ) ;
#514 = AXIS2_PLACEMENT_3D ( 'NONE', #1282, #749, #732 ) ;
#515 = DIRECTION ( 'NONE',  ( -1.000000000000000000, 0.000000000000000000, -2.168404344971009115E-16 ) ) ;
#516 = VECTOR ( 'NONE', #838, 1000.000000000000000 ) ;
#517 = ORIENTED_EDGE ( 'NONE', *, *, #746, .F. ) ;
#518 = DIRECTION ( 'NONE',  ( 1.000000000000000000, -0.000000000000000000, -2.674365358797580496E-15 ) ) ;
#519 = VECTOR ( 'NONE', #2860, 1000.000000000000000 ) ;
#520 = ORIENTED_EDGE ( 'NONE', *, *, #1530, .F. ) ;
#521 = FACE_OUTER_BOUND ( 'NONE', #2415, .T. ) ;
#522 = ORIENTED_EDGE ( 'NONE', *, *, #1532, .F. ) ;
#523 = FACE_OUTER_BOUND ( 'NONE', #1364, .T. ) ;
#524 = DIRECTION ( 'NONE',  ( -2.168404344971009115E-16, 0.000000000000000000, 1.000000000000000000 ) ) ;
#525 = LINE ( 'NONE', #1606, #719 ) ;
#526 = CARTESIAN_POINT ( 'NONE',  ( -1.000000000000000444, 0.1000000000000000056, 0.4499999999999996780 ) ) ;
#527 = ORIENTED_EDGE ( 'NONE', *, *, #508, .T. ) ;
#528 = VERTEX_POINT ( 'NONE', #1270 ) ;
#529 = EDGE_CURVE ( 'NONE', #1241, #3349, #1764, .T. ) ;
#530 = LINE ( 'NONE', #1110, #2927 ) ;
#531 = DIRECTION ( 'NONE',  ( -1.000000000000000000, 0.000000000000000000, -2.168404344971009115E-16 ) ) ;
#532 = ORIENTED_EDGE ( 'NONE', *, *, #689, .F. ) ;
#533 = PLANE ( 'NONE',  #1001 ) ;
#534 = ORIENTED_EDGE ( 'NONE', *, *, #1702, .F. ) ;
#535 = EDGE_CURVE ( 'NONE', #810, #3093, #416, .T. ) ;
#536 = EDGE_CURVE ( 'NONE', #3292, #1739, #1861, .T. ) ;
#537 = LINE ( 'NONE', #555, #1945 ) ;
#538 = VERTEX_POINT ( 'NONE', #1070 ) ;
#539 = CARTESIAN_POINT ( 'NONE',  ( 0.9500000000000002887, 0.000000000000000000, 0.4500000000000001221 ) ) ;
#540 = DIRECTION ( 'NONE',  ( -0.7071067811865516806, -0.000000000000000000, 0.7071067811865434649 ) ) ;
#541 = CARTESIAN_POINT ( 'NONE',  ( -0.4500000000000001776, 2.035755975068581858, 0.8000000000000000444 ) ) ;
#542 = VECTOR ( 'NONE', #1547, 1000.000000000000000 ) ;
#543 = FACE_OUTER_BOUND ( 'NONE', #2402, .T. ) ;
#544 = ORIENTED_EDGE ( 'NONE', *, *, #1011, .T. ) ;
#545 = VECTOR ( 'NONE', #2362, 1000.000000000000000 ) ;
#546 = VECTOR ( 'NONE', #1088, 1000.000000000000000 ) ;
#547 = ORIENTED_EDGE ( 'NONE', *, *, #2308, .T. ) ;
#548 = VECTOR ( 'NONE', #613, 1000.000000000000000 ) ;
#549 = PLANE ( 'NONE',  #3134 ) ;
#550 = ORIENTED_EDGE ( 'NONE', *, *, #3267, .F. ) ;
#551 = STYLED_ITEM ( 'NONE', ( #1972 ), #3053 ) ;
#552 = DIRECTION ( 'NONE',  ( 1.662443331144440592E-15, 0.000000000000000000, -1.000000000000000000 ) ) ;
#553 = VERTEX_POINT ( 'NONE', #539 ) ;
#554 = ADVANCED_FACE ( 'NONE', ( #523 ), #1604, .F. ) ;
#555 = CARTESIAN_POINT ( 'NONE',  ( 0.9999999999999997780, 0.1999999999999999833, 0.8500000000000007550 ) ) ;
#556 = ORIENTED_EDGE ( 'NONE', *, *, #2556, .T. ) ;
#557 = CARTESIAN_POINT ( 'NONE',  ( 0.000000000000000000, 0.2000000000000000111, 0.000000000000000000 ) ) ;
#558 = DIRECTION ( 'NONE',  ( -0.000000000000000000, -1.000000000000000000, 0.000000000000000000 ) ) ;
#559 = LINE ( 'NONE', #1576, #349 ) ;
#560 = ORIENTED_EDGE ( 'NONE', *, *, #2485, .T. ) ;
#561 = ORIENTED_EDGE ( 'NONE', *, *, #619, .F. ) ;
#562 = CARTESIAN_POINT ( 'NONE',  ( 1.000000000000000000, 0.7000000000000006217, -0.1999999999999998723 ) ) ;
#563 = MECHANICAL_DESIGN_GEOMETRIC_PRESENTATION_REPRESENTATION (  '', ( #120 ), #68 ) ;
#564 = VERTEX_POINT ( 'NONE', #219 ) ;
#565 = CARTESIAN_POINT ( 'NONE',  ( 1.000000000000000000, 0.7000000000000006217, 0.2000000000000007327 ) ) ;
#566 = CIRCLE ( 'NONE', #2534, 0.09746256089909494102 ) ;
#567 = VECTOR ( 'NONE', #2154, 1000.000000000000000 ) ;
#568 = CARTESIAN_POINT ( 'NONE',  ( 0.9500000000000005107, 0.1000000000000000056, -1.000000000000000000 ) ) ;
#569 = VECTOR ( 'NONE', #3011, 1000.000000000000000 ) ;
#570 = VECTOR ( 'NONE', #927, 1000.000000000000000 ) ;
#571 = ORIENTED_EDGE ( 'NONE', *, *, #3133, .F. ) ;
#572 = EDGE_CURVE ( 'NONE', #804, #538, #1341, .T. ) ;
#573 = ORIENTED_EDGE ( 'NONE', *, *, #2191, .T. ) ;
#574 = EDGE_CURVE ( 'NONE', #2360, #3018, #2106, .T. ) ;
#575 = LINE ( 'NONE', #272, #1977 ) ;
#576 = ADVANCED_FACE ( 'NONE', ( #1880 ), #3432, .F. ) ;
#577 = DIRECTION ( 'NONE',  ( -1.000000000000000000, 0.000000000000000000, -1.662443331144440790E-15 ) ) ;
#578 = LINE ( 'NONE', #1429, #570 ) ;
#579 = ORIENTED_EDGE ( 'NONE', *, *, #1221, .F. ) ;
#580 = EDGE_CURVE ( 'NONE', #1171, #1693, #2893, .T. ) ;
#581 = EDGE_CURVE ( 'NONE', #2371, #2777, #1829, .T. ) ;
#582 = ORIENTED_EDGE ( 'NONE', *, *, #2665, .T. ) ;
#583 = CARTESIAN_POINT ( 'NONE',  ( -0.7000000000000002887, 0.2000000000000000111, -0.2000000000000002609 ) ) ;
#584 = CARTESIAN_POINT ( 'NONE',  ( 0.9500000000000005107, 0.1000000000000000056, -1.000000000000000000 ) ) ;
#585 = EDGE_LOOP ( 'NONE', ( #1833, #2581, #3107, #2663 ) ) ;
#586 = CARTESIAN_POINT ( 'NONE',  ( -1.000000000000000222, 0.7999999999999999334, 0.9999999999999997780 ) ) ;
#587 = CARTESIAN_POINT ( 'NONE',  ( -0.7000000000000000666, 0.000000000000000000, -0.8500000000000001998 ) ) ;
#588 = ORIENTED_EDGE ( 'NONE', *, *, #427, .F. ) ;
#589 = ORIENTED_EDGE ( 'NONE', *, *, #2113, .F. ) ;
#590 = DIRECTION ( 'NONE',  ( 2.168404344971009115E-16, 0.000000000000000000, -1.000000000000000000 ) ) ;
#591 = EDGE_CURVE ( 'NONE', #2567, #3006, #2686, .T. ) ;
#592 = CARTESIAN_POINT ( 'NONE',  ( -0.9500000000000000666, 0.2000000000000000111, -0.8500000000000003109 ) ) ;
#593 = CARTESIAN_POINT ( 'NONE',  ( 0.9500000000000001776, 0.7000000000000006217, 0.8500000000000006439 ) ) ;
#594 = DIRECTION ( 'NONE',  ( -1.000000000000000000, 0.000000000000000000, -2.168404344971009115E-16 ) ) ;
#595 = ORIENTED_EDGE ( 'NONE', *, *, #792, .F. ) ;
#596 = DIRECTION ( 'NONE',  ( -1.000000000000000000, 0.000000000000000000, -1.662443331144440592E-15 ) ) ;
#597 = ADVANCED_FACE ( 'NONE', ( #287 ), #1358, .T. ) ;
#598 = VECTOR ( 'NONE', #1985, 1000.000000000000000 ) ;
#599 = ADVANCED_FACE ( 'NONE', ( #2901 ), #37, .F. ) ;
#600 = FACE_OUTER_BOUND ( 'NONE', #3239, .T. ) ;
#601 = CARTESIAN_POINT ( 'NONE',  ( 1.000000000000000000, 0.1999999999999999833, 0.4500000000000001221 ) ) ;
#602 = AXIS2_PLACEMENT_3D ( 'NONE', #3372, #1262, #174 ) ;
#603 = ORIENTED_EDGE ( 'NONE', *, *, #487, .T. ) ;
#604 = CARTESIAN_POINT ( 'NONE',  ( 1.000000000000000666, 0.1000000000000000056, -0.9999999999999997780 ) ) ;
#605 = VECTOR ( 'NONE', #1826, 1000.000000000000000 ) ;
#606 = SURFACE_STYLE_USAGE ( .BOTH. , #1941 ) ;
#607 = VECTOR ( 'NONE', #2244, 1000.000000000000000 ) ;
#608 = FILL_AREA_STYLE_COLOUR ( '', #1894 ) ;
#609 = AXIS2_PLACEMENT_3D ( 'NONE', #1922, #1433, #877 ) ;
#610 = ORIENTED_EDGE ( 'NONE', *, *, #2132, .T. ) ;
#611 = VERTEX_POINT ( 'NONE', #1350 ) ;
#612 = DIRECTION ( 'NONE',  ( 1.662443331144440790E-15, 0.000000000000000000, -1.000000000000000000 ) ) ;
#613 = DIRECTION ( 'NONE',  ( -1.000000000000000000, 0.000000000000000000, -2.168404344971009115E-16 ) ) ;
#614 = DIRECTION ( 'NONE',  ( -1.626303258728256898E-16, 0.000000000000000000, 1.000000000000000000 ) ) ;
#615 = FACE_OUTER_BOUND ( 'NONE', #2909, .T. ) ;
#616 = ORIENTED_EDGE ( 'NONE', *, *, #2811, .F. ) ;
#617 =( NAMED_UNIT ( * ) PLANE_ANGLE_UNIT ( ) SI_UNIT ( $, .RADIAN. ) );
#618 = VERTEX_POINT ( 'NONE', #2642 ) ;
#619 = EDGE_CURVE ( 'NONE', #2493, #2979, #2187, .T. ) ;
#620 = CARTESIAN_POINT ( 'NONE',  ( 0.4499999999999997891, 0.2000000000000000944, 0.8000000000000002665 ) ) ;
#621 = EDGE_CURVE ( 'NONE', #1851, #1371, #513, .T. ) ;
#622 = ORIENTED_EDGE ( 'NONE', *, *, #1179, .F. ) ;
#623 = CARTESIAN_POINT ( 'NONE',  ( 1.000000000000000000, 0.1000000000000000056, 0.4500000000000001221 ) ) ;
#624 = ADVANCED_FACE ( 'NONE', ( #2396 ), #828, .F. ) ;
#625 = DIRECTION ( 'NONE',  ( 1.000000000000000000, 0.000000000000000000, 4.553649124439107579E-15 ) ) ;
#626 = VECTOR ( 'NONE', #1816, 1000.000000000000000 ) ;
#627 = VECTOR ( 'NONE', #3114, 1000.000000000000000 ) ;
#628 = UNCERTAINTY_MEASURE_WITH_UNIT (LENGTH_MEASURE( 1.000000000000000082E-05 ), #1127, 'distance_accuracy_value', 'NONE');
#629 = ORIENTED_EDGE ( 'NONE', *, *, #2767, .F. ) ;
#630 = ORIENTED_EDGE ( 'NONE', *, *, #3332, .F. ) ;
#631 = CLOSED_SHELL ( 'NONE', ( #2664, #870, #2850, #624 ) ) ;
#632 = VECTOR ( 'NONE', #1103, 1000.000000000000000 ) ;
#633 = DIRECTION ( 'NONE',  ( 0.000000000000000000, 1.000000000000000000, 0.000000000000000000 ) ) ;
#634 = CARTESIAN_POINT ( 'NONE',  ( -0.7000000000000005107, 0.04999999999999999584, 0.8499999999999999778 ) ) ;
#635 = PLANE ( 'NONE',  #3286 ) ;
#636 = AXIS2_PLACEMENT_3D ( 'NONE', #2669, #1620, #271 ) ;
#637 = CARTESIAN_POINT ( 'NONE',  ( -0.7000000000000005107, 0.7000000000000006217, 0.8499999999999999778 ) ) ;
#638 = DIRECTION ( 'NONE',  ( 0.000000000000000000, 1.000000000000000000, 0.000000000000000000 ) ) ;
#639 = VERTEX_POINT ( 'NONE', #812 ) ;
#640 = EDGE_LOOP ( 'NONE', ( #2124, #419, #3459, #436 ) ) ;
#641 = VERTEX_POINT ( 'NONE', #1316 ) ;
#642 = CARTESIAN_POINT ( 'NONE',  ( 0.7000000000000000666, 0.1000000000000000056, -0.1999999999999999278 ) ) ;
#643 = ADVANCED_FACE ( 'NONE', ( #3454 ), #1063, .F. ) ;
#644 = EDGE_CURVE ( 'NONE', #2897, #482, #794, .T. ) ;
#645 = ORIENTED_EDGE ( 'NONE', *, *, #2133, .T. ) ;
#646 = ORIENTED_EDGE ( 'NONE', *, *, #1073, .F. ) ;
#647 = DIRECTION ( 'NONE',  ( 0.000000000000000000, 1.000000000000000000, 0.000000000000000000 ) ) ;
#648 = CARTESIAN_POINT ( 'NONE',  ( 0.4500000000000003997, 2.035755975068581858, -0.7999999999999998224 ) ) ;
#649 = CARTESIAN_POINT ( 'NONE',  ( -1.000000000000000222, 4.428427124746190380, 0.9999999999999997780 ) ) ;
#650 = CARTESIAN_POINT ( 'NONE',  ( 0.4499999999999997891, 0.000000000000000000, 0.8000000000000002665 ) ) ;
#651 = EDGE_LOOP ( 'NONE', ( #3369, #2657, #148, #1660 ) ) ;
#652 = ORIENTED_EDGE ( 'NONE', *, *, #2972, .T. ) ;
#653 = ORIENTED_EDGE ( 'NONE', *, *, #835, .F. ) ;
#654 = CARTESIAN_POINT ( 'NONE',  ( -1.000000000000000000, 0.1999999999999999833, 0.2000000000000007327 ) ) ;
#655 = PRESENTATION_LAYER_ASSIGNMENT (  '', '', ( #1335 ) ) ;
#656 = VECTOR ( 'NONE', #2645, 1000.000000000000000 ) ;
#657 = DIRECTION ( 'NONE',  ( -1.000000000000000000, 0.000000000000000000, -2.168404344971009115E-16 ) ) ;
#658 = EDGE_LOOP ( 'NONE', ( #1091, #1328, #1112, #182, #1958, #2848 ) ) ;
#659 = ORIENTED_EDGE ( 'NONE', *, *, #2549, .T. ) ;
#660 = VECTOR ( 'NONE', #2108, 1000.000000000000000 ) ;
#661 = EDGE_CURVE ( 'NONE', #2638, #1756, #1368, .T. ) ;
#662 = EDGE_CURVE ( 'NONE', #2453, #3292, #306, .T. ) ;
#663 = CARTESIAN_POINT ( 'NONE',  ( 0.6999999999999998446, 0.000000000000000000, 0.8500000000000001998 ) ) ;
#664 = DIRECTION ( 'NONE',  ( 1.000000000000000000, 0.000000000000000000, 2.168404344971009115E-16 ) ) ;
#665 = MECHANICAL_DESIGN_GEOMETRIC_PRESENTATION_REPRESENTATION (  '', ( #166 ), #2684 ) ;
#666 = PLANE ( 'NONE',  #1250 ) ;
#667 = VERTEX_POINT ( 'NONE', #1412 ) ;
#668 = DIRECTION ( 'NONE',  ( 2.168404344971009115E-16, -0.000000000000000000, -1.000000000000000000 ) ) ;
#669 = VECTOR ( 'NONE', #1960, 1000.000000000000000 ) ;
#670 = CARTESIAN_POINT ( 'NONE',  ( 0.7000000000000000666, 0.1000000000000000472, 0.2000000000000002609 ) ) ;
#671 = ORIENTED_EDGE ( 'NONE', *, *, #2260, .T. ) ;
#672 = PRESENTATION_STYLE_ASSIGNMENT (( #187 ) ) ;
#673 = ORIENTED_EDGE ( 'NONE', *, *, #1294, .F. ) ;
#674 = DIRECTION ( 'NONE',  ( -0.000000000000000000, -1.000000000000000000, 0.000000000000000000 ) ) ;
#675 =( LENGTH_UNIT ( ) NAMED_UNIT ( * ) SI_UNIT ( .MILLI., .METRE. ) );
#676 = DIRECTION ( 'NONE',  ( 0.000000000000000000, 1.000000000000000000, 0.000000000000000000 ) ) ;
#677 = VERTEX_POINT ( 'NONE', #3052 ) ;
#678 = DIRECTION ( 'NONE',  ( 1.000000000000000000, 0.000000000000000000, 2.168404344971009115E-16 ) ) ;
#679 = LINE ( 'NONE', #396, #3282 ) ;
#680 = PLANE ( 'NONE',  #278 ) ;
#681 = CARTESIAN_POINT ( 'NONE',  ( -0.9500000000000000666, 0.000000000000000000, -1.000000000000000444 ) ) ;
#682 = AXIS2_PLACEMENT_3D ( 'NONE', #1276, #2069, #1217 ) ;
#683 = VECTOR ( 'NONE', #124, 1000.000000000000000 ) ;
#684 = ORIENTED_EDGE ( 'NONE', *, *, #833, .T. ) ;
#685 = CARTESIAN_POINT ( 'NONE',  ( -0.9500000000000002887, 0.04999999999999999584, -0.2000000000000003164 ) ) ;
#686 = DIRECTION ( 'NONE',  ( 0.000000000000000000, -1.000000000000000000, 0.000000000000000000 ) ) ;
#687 = VECTOR ( 'NONE', #2098, 1000.000000000000000 ) ;
#688 = CARTESIAN_POINT ( 'NONE',  ( 1.000000000000000000, 0.1999999999999999833, -0.4499999999999992339 ) ) ;
#689 = EDGE_CURVE ( 'NONE', #697, #1434, #1448, .T. ) ;
#690 = VERTEX_POINT ( 'NONE', #2997 ) ;
#691 = SURFACE_SIDE_STYLE ('',( #149 ) ) ;
#692 = EDGE_CURVE ( 'NONE', #611, #3182, #1200, .T. ) ;
#693 = ORIENTED_EDGE ( 'NONE', *, *, #3111, .T. ) ;
#694 = LINE ( 'NONE', #3434, #660 ) ;
#695 = DIRECTION ( 'NONE',  ( -1.000000000000000000, 0.000000000000000000, -1.626303258728256898E-16 ) ) ;
#696 = CARTESIAN_POINT ( 'NONE',  ( 0.4500000000000003997, 0.000000000000000000, -0.7999999999999998224 ) ) ;
#697 = VERTEX_POINT ( 'NONE', #2723 ) ;
#698 = CARTESIAN_POINT ( 'NONE',  ( 0.9999999999999997780, 0.2000000000000000111, 0.8500000000000007550 ) ) ;
#699 = DIRECTION ( 'NONE',  ( 0.000000000000000000, -1.000000000000000000, 0.000000000000000000 ) ) ;
#700 = DIRECTION ( 'NONE',  ( 1.000000000000000000, 0.000000000000000000, 2.168404344971009115E-16 ) ) ;
#701 = DIRECTION ( 'NONE',  ( -2.168404344971009115E-16, 0.000000000000000000, 1.000000000000000000 ) ) ;
#702 = LINE ( 'NONE', #2840, #459 ) ;
#703 = EDGE_LOOP ( 'NONE', ( #2139, #1773, #1582, #374 ) ) ;
#704 = DIRECTION ( 'NONE',  ( -1.000000000000000000, 0.000000000000000000, -1.662443331144440592E-15 ) ) ;
#705 = DIRECTION ( 'NONE',  ( 2.168404344971009115E-16, 0.000000000000000000, -1.000000000000000000 ) ) ;
#706 = ORIENTED_EDGE ( 'NONE', *, *, #1440, .T. ) ;
#707 = LINE ( 'NONE', #1255, #2202 ) ;
#708 = APPLICATION_PROTOCOL_DEFINITION ( 'draft international standard', 'automotive_design', 1998, #2887 ) ;
#709 = ADVANCED_FACE ( 'NONE', ( #600 ), #1469, .T. ) ;
#710 = ORIENTED_EDGE ( 'NONE', *, *, #343, .F. ) ;
#711 = ADVANCED_FACE ( 'NONE', ( #2239 ), #2981, .F. ) ;
#712 = FACE_OUTER_BOUND ( 'NONE', #259, .T. ) ;
#713 = CARTESIAN_POINT ( 'NONE',  ( -0.9500000000000006217, 0.000000000000000000, 0.8500000000000007550 ) ) ;
#714 = ORIENTED_EDGE ( 'NONE', *, *, #41, .F. ) ;
#715 = CARTESIAN_POINT ( 'NONE',  ( -0.7000000000000003997, 0.2000000000000000111, 0.4499999999999997335 ) ) ;
#716 = AXIS2_PLACEMENT_3D ( 'NONE', #1066, #1611, #3220 ) ;
#717 = DIRECTION ( 'NONE',  ( 2.710505431213761085E-16, 0.000000000000000000, -1.000000000000000000 ) ) ;
#718 = DIRECTION ( 'NONE',  ( 1.000000000000000000, -0.000000000000000000, 2.168404344971009115E-16 ) ) ;
#719 = VECTOR ( 'NONE', #301, 1000.000000000000000 ) ;
#720 = ORIENTED_EDGE ( 'NONE', *, *, #1659, .T. ) ;
#721 = CARTESIAN_POINT ( 'NONE',  ( -1.000000000000000222, 0.05000000000000000278, 0.9999999999999997780 ) ) ;
#722 = COLOUR_RGB ( '',0.7921568627450980005, 0.8196078431372548767, 0.9333333333333333481 ) ;
#723 = DIRECTION ( 'NONE',  ( 2.168404344971009115E-16, -0.000000000000000000, -1.000000000000000000 ) ) ;
#724 = ORIENTED_EDGE ( 'NONE', *, *, #2055, .F. ) ;
#725 =( NAMED_UNIT ( * ) PLANE_ANGLE_UNIT ( ) SI_UNIT ( $, .RADIAN. ) );
#726 = VERTEX_POINT ( 'NONE', #1432 ) ;
#727 = EDGE_CURVE ( 'NONE', #267, #2638, #94, .T. ) ;
#728 = CARTESIAN_POINT ( 'NONE',  ( 0.9500000000000001776, 0.1000000000000000056, 1.000000000000000222 ) ) ;
#729 = EDGE_CURVE ( 'NONE', #3378, #395, #133, .T. ) ;
#730 = DIRECTION ( 'NONE',  ( 0.000000000000000000, 1.000000000000000000, 0.000000000000000000 ) ) ;
#731 = EDGE_LOOP ( 'NONE', ( #1999, #140, #56, #3238 ) ) ;
#732 = DIRECTION ( 'NONE',  ( 1.000000000000000000, 0.000000000000000000, 2.168404344971009115E-16 ) ) ;
#733 = DIRECTION ( 'NONE',  ( -1.000000000000000000, 0.000000000000000000, -1.662443331144440592E-15 ) ) ;
#734 = CARTESIAN_POINT ( 'NONE',  ( 0.000000000000000000, 0.1000000000000000056, 0.000000000000000000 ) ) ;
#735 = DIRECTION ( 'NONE',  ( -1.000000000000000000, 0.000000000000000000, -2.168404344971009115E-16 ) ) ;
#736 = ORIENTED_EDGE ( 'NONE', *, *, #2277, .F. ) ;
#737 = CARTESIAN_POINT ( 'NONE',  ( 0.6999999999999998446, 0.1000000000000000472, 0.8500000000000001998 ) ) ;
#738 = LINE ( 'NONE', #954, #1474 ) ;
#739 = APPLICATION_CONTEXT ( 'automotive_design' ) ;
#740 = CARTESIAN_POINT ( 'NONE',  ( -1.000000000000000222, 0.1000000000000000056, -1.000000000000000222 ) ) ;
#741 = ORIENTED_EDGE ( 'NONE', *, *, #2968, .T. ) ;
#742 = AXIS2_PLACEMENT_3D ( 'NONE', #2470, #1725, #614 ) ;
#743 = ORIENTED_EDGE ( 'NONE', *, *, #2160, .F. ) ;
#744 = MANIFOLD_SOLID_BREP ( 'Cut-Extrude5[5]', #968 ) ;
#745 = CARTESIAN_POINT ( 'NONE',  ( -0.7000000000000002887, 0.2000000000000000111, -0.2000000000000002609 ) ) ;
#746 = EDGE_CURVE ( 'NONE', #2938, #2329, #2204, .T. ) ;
#747 = CARTESIAN_POINT ( 'NONE',  ( -0.7000000000000005107, 0.000000000000000000, 0.8499999999999999778 ) ) ;
#748 = EDGE_LOOP ( 'NONE', ( #534, #1304, #1144, #440 ) ) ;
#749 = DIRECTION ( 'NONE',  ( -2.168404344971009115E-16, 0.000000000000000000, 1.000000000000000000 ) ) ;
#750 = MANIFOLD_SOLID_BREP ( 'Boss-Extrude5', #631 ) ;
#751 = EDGE_CURVE ( 'NONE', #2040, #2590, #3383, .T. ) ;
#752 = LINE ( 'NONE', #2118, #1729 ) ;
#753 = EDGE_CURVE ( 'NONE', #2590, #1693, #861, .T. ) ;
#754 = DIRECTION ( 'NONE',  ( -1.000000000000000000, 0.000000000000000000, -2.168404344971009115E-16 ) ) ;
#755 = CARTESIAN_POINT ( 'NONE',  ( 0.9500000000000002887, 0.000000000000000000, -0.1999999999999998723 ) ) ;
#756 = ORIENTED_EDGE ( 'NONE', *, *, #1334, .F. ) ;
#757 = DIRECTION ( 'NONE',  ( -1.626303258728256898E-16, 0.000000000000000000, 1.000000000000000000 ) ) ;
#758 = LINE ( 'NONE', #2895, #791 ) ;
#759 = FACE_OUTER_BOUND ( 'NONE', #2026, .T. ) ;
#760 = ORIENTED_EDGE ( 'NONE', *, *, #3274, .T. ) ;
#761 = ORIENTED_EDGE ( 'NONE', *, *, #874, .T. ) ;
#762 = DIRECTION ( 'NONE',  ( -0.000000000000000000, -1.000000000000000000, 0.000000000000000000 ) ) ;
#763 = LINE ( 'NONE', #1332, #492 ) ;
#764 = ORIENTED_EDGE ( 'NONE', *, *, #834, .T. ) ;
#765 = FACE_OUTER_BOUND ( 'NONE', #1984, .T. ) ;
#766 = VECTOR ( 'NONE', #1946, 1000.000000000000000 ) ;
#767 = DIRECTION ( 'NONE',  ( -2.168404344971009115E-16, 0.000000000000000000, 1.000000000000000000 ) ) ;
#768 = CARTESIAN_POINT ( 'NONE',  ( 0.7000000000000000666, 0.1999999999999999833, -0.1999999999999999833 ) ) ;
#769 = ORIENTED_EDGE ( 'NONE', *, *, #536, .F. ) ;
#770 = VECTOR ( 'NONE', #1962, 1000.000000000000000 ) ;
#771 = ADVANCED_FACE ( 'NONE', ( #1275 ), #1240, .F. ) ;
#772 = CARTESIAN_POINT ( 'NONE',  ( -0.7000000000000002887, 0.7000000000000006217, -0.2000000000000002609 ) ) ;
#773 = DIRECTION ( 'NONE',  ( 1.000000000000000000, 0.000000000000000000, 2.168404344971009115E-16 ) ) ;
#774 = VECTOR ( 'NONE', #1638, 1000.000000000000000 ) ;
#775 =( NAMED_UNIT ( * ) PLANE_ANGLE_UNIT ( ) SI_UNIT ( $, .RADIAN. ) );
#776 = VERTEX_POINT ( 'NONE', #1556 ) ;
#777 = VECTOR ( 'NONE', #2374, 1000.000000000000000 ) ;
#778 = ORIENTED_EDGE ( 'NONE', *, *, #727, .T. ) ;
#779 = VECTOR ( 'NONE', #2125, 1000.000000000000000 ) ;
#780 = LINE ( 'NONE', #1819, #2083 ) ;
#781 = DIRECTION ( 'NONE',  ( 0.000000000000000000, -1.000000000000000000, 0.000000000000000000 ) ) ;
#782 = EDGE_LOOP ( 'NONE', ( #629, #373, #1557, #3209, #995, #96 ) ) ;
#783 = DIRECTION ( 'NONE',  ( 1.000000000000000000, 0.000000000000000000, 2.168404344971009115E-16 ) ) ;
#784 = ORIENTED_EDGE ( 'NONE', *, *, #1766, .T. ) ;
#785 = VERTEX_POINT ( 'NONE', #2314 ) ;
#786 = CARTESIAN_POINT ( 'NONE',  ( 0.7000000000000000666, 0.1999999999999999833, 0.2000000000000002609 ) ) ;
#787 = EDGE_CURVE ( 'NONE', #538, #191, #2053, .T. ) ;
#788 = LINE ( 'NONE', #925, #548 ) ;
#789 = EDGE_CURVE ( 'NONE', #553, #1917, #932, .T. ) ;
#790 = ORIENTED_EDGE ( 'NONE', *, *, #1137, .F. ) ;
#791 = VECTOR ( 'NONE', #2049, 1000.000000000000000 ) ;
#792 = EDGE_CURVE ( 'NONE', #286, #2265, #226, .T. ) ;
#793 = CARTESIAN_POINT ( 'NONE',  ( -0.7000000000000003997, 0.2000000000000000111, 0.4499999999999997335 ) ) ;
#794 = LINE ( 'NONE', #8, #3025 ) ;
#795 = MANIFOLD_SOLID_BREP ( 'Cut-Extrude5[7]', #3152 ) ;
#796 = EDGE_CURVE ( 'NONE', #27, #2567, #2914, .T. ) ;
#797 = AXIS2_PLACEMENT_3D ( 'NONE', #2233, #54, #1689 ) ;
#798 = CARTESIAN_POINT ( 'NONE',  ( -0.8334536397951055609, 0.6999999999999999556, -0.7477669361583497709 ) ) ;
#799 = ORIENTED_EDGE ( 'NONE', *, *, #2742, .F. ) ;
#800 = DIRECTION ( 'NONE',  ( 0.000000000000000000, -1.000000000000000000, 0.000000000000000000 ) ) ;
#801 = VECTOR ( 'NONE', #2943, 1000.000000000000000 ) ;
#802 = ORIENTED_EDGE ( 'NONE', *, *, #1179, .T. ) ;
#803 = CARTESIAN_POINT ( 'NONE',  ( 0.000000000000000000, 0.1000000000000000056, 0.000000000000000000 ) ) ;
#804 = VERTEX_POINT ( 'NONE', #3435 ) ;
#805 = ORIENTED_EDGE ( 'NONE', *, *, #2051, .F. ) ;
#806 = CARTESIAN_POINT ( 'NONE',  ( 0.7000000000000001776, 0.1000000000000000056, -0.4499999999999997335 ) ) ;
#807 = DIRECTION ( 'NONE',  ( -1.000000000000000000, 0.000000000000000000, -2.168404344971009115E-16 ) ) ;
#808 = CARTESIAN_POINT ( 'NONE',  ( 1.000000000000000666, 0.1000000000000000056, -0.9999999999999997780 ) ) ;
#809 = DIRECTION ( 'NONE',  ( -0.000000000000000000, -1.000000000000000000, 0.000000000000000000 ) ) ;
#810 = VERTEX_POINT ( 'NONE', #1059 ) ;
#811 = ORIENTED_EDGE ( 'NONE', *, *, #1674, .T. ) ;
#812 = CARTESIAN_POINT ( 'NONE',  ( 0.7000000000000000666, 0.000000000000000000, -0.1999999999999999278 ) ) ;
#813 = EDGE_CURVE ( 'NONE', #1199, #1614, #559, .T. ) ;
#814 = LINE ( 'NONE', #1580, #2629 ) ;
#815 = ADVANCED_FACE ( 'NONE', ( #3226 ), #2137, .F. ) ;
#816 = ORIENTED_EDGE ( 'NONE', *, *, #971, .F. ) ;
#817 = FACE_OUTER_BOUND ( 'NONE', #2864, .T. ) ;
#818 = ORIENTED_EDGE ( 'NONE', *, *, #789, .T. ) ;
#819 = DIRECTION ( 'NONE',  ( 1.626303258728256898E-16, 0.000000000000000000, -1.000000000000000000 ) ) ;
#820 = ORIENTED_EDGE ( 'NONE', *, *, #1032, .T. ) ;
#821 = ORIENTED_EDGE ( 'NONE', *, *, #48, .F. ) ;
#822 = FACE_OUTER_BOUND ( 'NONE', #1021, .T. ) ;
#823 = CARTESIAN_POINT ( 'NONE',  ( 0.7000000000000000666, 0.05000000000000000278, 1.517883041479706701E-16 ) ) ;
#824 = VECTOR ( 'NONE', #1860, 1000.000000000000000 ) ;
#825 = VECTOR ( 'NONE', #1857, 1000.000000000000000 ) ;
#826 = ORIENTED_EDGE ( 'NONE', *, *, #3014, .T. ) ;
#827 = VECTOR ( 'NONE', #1990, 1000.000000000000000 ) ;
#828 = PLANE ( 'NONE',  #1076 ) ;
#829 = DIRECTION ( 'NONE',  ( 1.000000000000000000, 0.000000000000000000, 2.168404344971009115E-16 ) ) ;
#830 = ORIENTED_EDGE ( 'NONE', *, *, #2151, .F. ) ;
#831 = MECHANICAL_DESIGN_GEOMETRIC_PRESENTATION_REPRESENTATION (  '', ( #1845 ), #1902 ) ;
#832 = LINE ( 'NONE', #642, #1619 ) ;
#833 = EDGE_CURVE ( 'NONE', #3036, #1663, #1074, .T. ) ;
#834 = EDGE_CURVE ( 'NONE', #3145, #423, #1042, .T. ) ;
#835 = EDGE_CURVE ( 'NONE', #3451, #2979, #2655, .T. ) ;
#836 = DIRECTION ( 'NONE',  ( -2.168404344971009115E-16, 0.000000000000000000, 1.000000000000000000 ) ) ;
#837 = CARTESIAN_POINT ( 'NONE',  ( -0.4500000000000001221, 0.2000000000000000944, 0.8000000000000000444 ) ) ;
#838 = DIRECTION ( 'NONE',  ( -0.000000000000000000, -1.000000000000000000, 0.000000000000000000 ) ) ;
#839 = ORIENTED_EDGE ( 'NONE', *, *, #2658, .F. ) ;
#840 = ORIENTED_EDGE ( 'NONE', *, *, #2366, .F. ) ;
#841 = CARTESIAN_POINT ( 'NONE',  ( -0.4500000000000001776, 0.05000000000000012768, 0.8000000000000000444 ) ) ;
#842 = VERTEX_POINT ( 'NONE', #2704 ) ;
#843 = DIRECTION ( 'NONE',  ( -2.168404344971009115E-16, 0.000000000000000000, 1.000000000000000000 ) ) ;
#844 = VECTOR ( 'NONE', #1801, 1000.000000000000000 ) ;
#845 = AXIS2_PLACEMENT_3D ( 'NONE', #2736, #638, #1463 ) ;
#846 = EDGE_CURVE ( 'NONE', #3223, #3456, #1327, .T. ) ;
#847 = VECTOR ( 'NONE', #1301, 1000.000000000000000 ) ;
#848 = VECTOR ( 'NONE', #2993, 1000.000000000000000 ) ;
#849 = SURFACE_SIDE_STYLE ('',( #2521 ) ) ;
#850 = ORIENTED_EDGE ( 'NONE', *, *, #364, .T. ) ;
#851 = ORIENTED_EDGE ( 'NONE', *, *, #1788, .T. ) ;
#852 = ADVANCED_FACE ( 'NONE', ( #543 ), #3196, .F. ) ;
#853 = EDGE_CURVE ( 'NONE', #281, #3349, #22, .T. ) ;
#854 = CARTESIAN_POINT ( 'NONE',  ( -1.000000000000000666, 0.1000000000000000056, 0.9999999999999997780 ) ) ;
#855 = CARTESIAN_POINT ( 'NONE',  ( 0.7000000000000000666, 0.7000000000000006217, 0.2000000000000002609 ) ) ;
#856 = CARTESIAN_POINT ( 'NONE',  ( -1.000000000000000000, 0.7000000000000006217, -0.4499999999999992339 ) ) ;
#857 = DIRECTION ( 'NONE',  ( -1.000000000000000000, 0.000000000000000000, -2.168404344971009115E-16 ) ) ;
#858 = VERTEX_POINT ( 'NONE', #526 ) ;
#859 = DIRECTION ( 'NONE',  ( 1.000000000000000000, 0.000000000000000000, 2.168404344971009115E-16 ) ) ;
#860 = VECTOR ( 'NONE', #2768, 1000.000000000000000 ) ;
#861 = LINE ( 'NONE', #2603, #190 ) ;
#862 = LINE ( 'NONE', #3245, #669 ) ;
#863 = EDGE_LOOP ( 'NONE', ( #3101, #573, #714, #2394 ) ) ;
#864 = CARTESIAN_POINT ( 'NONE',  ( 4.336808689942020201E-17, 0.05000000000000000278, -0.2000000000000000944 ) ) ;
#865 = PLANE ( 'NONE',  #428 ) ;
#866 = VERTEX_POINT ( 'NONE', #1607 ) ;
#867 = ORIENTED_EDGE ( 'NONE', *, *, #1823, .T. ) ;
#868 = CARTESIAN_POINT ( 'NONE',  ( 0.4499999999999997891, 0.05000000000000012768, 0.8000000000000002665 ) ) ;
#869 = DIRECTION ( 'NONE',  ( -2.168404344971009115E-16, 0.000000000000000000, 1.000000000000000000 ) ) ;
#870 = ADVANCED_FACE ( 'NONE', ( #2444 ), #1346, .T. ) ;
#871 = DIRECTION ( 'NONE',  ( 0.000000000000000000, -1.000000000000000000, 0.000000000000000000 ) ) ;
#872 = CARTESIAN_POINT ( 'NONE',  ( 0.7000000000000000666, 0.2000000000000000111, -0.1999999999999999278 ) ) ;
#873 = ORIENTED_EDGE ( 'NONE', *, *, #2020, .F. ) ;
#874 = EDGE_CURVE ( 'NONE', #2814, #1096, #34, .T. ) ;
#875 = PRESENTATION_LAYER_ASSIGNMENT (  '', '', ( #320 ) ) ;
#876 = ORIENTED_EDGE ( 'NONE', *, *, #2826, .T. ) ;
#877 = DIRECTION ( 'NONE',  ( 2.168404344971009115E-16, 0.000000000000000000, -1.000000000000000000 ) ) ;
#878 = AXIS2_PLACEMENT_3D ( 'NONE', #12, #800, #2352 ) ;
#879 = ORIENTED_EDGE ( 'NONE', *, *, #2465, .T. ) ;
#880 = CARTESIAN_POINT ( 'NONE',  ( -0.7000000000000001776, 0.2000000000000000111, -0.4500000000000000666 ) ) ;
#881 = VECTOR ( 'NONE', #2778, 1000.000000000000000 ) ;
#882 = CARTESIAN_POINT ( 'NONE',  ( -0.7359910788960105643, 0.8000000000000000444, -0.7477669361583496599 ) ) ;
#883 = VECTOR ( 'NONE', #1261, 1000.000000000000000 ) ;
#884 = DIRECTION ( 'NONE',  ( 0.000000000000000000, -1.000000000000000000, 0.000000000000000000 ) ) ;
#885 = EDGE_LOOP ( 'NONE', ( #1034, #2005, #1643, #497 ) ) ;
#886 = ORIENTED_EDGE ( 'NONE', *, *, #3402, .T. ) ;
#887 = PLANE ( 'NONE',  #274 ) ;
#888 = DIRECTION ( 'NONE',  ( 1.000000000000000000, -0.000000000000000000, -2.674365358797580496E-15 ) ) ;
#889 = DIRECTION ( 'NONE',  ( -1.000000000000000000, 0.000000000000000000, 2.674365358797580891E-15 ) ) ;
#890 = CARTESIAN_POINT ( 'NONE',  ( -0.7000000000000001776, 0.2000000000000000111, -0.4500000000000000666 ) ) ;
#891 = VERTEX_POINT ( 'NONE', #1624 ) ;
#892 = EDGE_CURVE ( 'NONE', #3036, #553, #2183, .T. ) ;
#893 = CARTESIAN_POINT ( 'NONE',  ( 1.000000000000000222, 0.1000000000000000056, 1.000000000000000222 ) ) ;
#894 = ORIENTED_EDGE ( 'NONE', *, *, #834, .F. ) ;
#895 = PRESENTATION_STYLE_ASSIGNMENT (( #2222 ) ) ;
#896 = ORIENTED_EDGE ( 'NONE', *, *, #1936, .T. ) ;
#897 = ADVANCED_FACE ( 'NONE', ( #1916, #1654 ), #1669, .T. ) ;
#898 = LINE ( 'NONE', #1924, #3127 ) ;
#899 = ADVANCED_FACE ( 'NONE', ( #1142 ), #2004, .T. ) ;
#900 = DIRECTION ( 'NONE',  ( -1.626303258728256898E-16, 0.000000000000000000, 1.000000000000000000 ) ) ;
#901 = STYLED_ITEM ( 'NONE', ( #895 ), #744 ) ;
#902 = CARTESIAN_POINT ( 'NONE',  ( -0.7000000000000002887, 0.1999999999999999833, 0.1999999999999999278 ) ) ;
#903 = VECTOR ( 'NONE', #1406, 1000.000000000000000 ) ;
#904 = ORIENTED_EDGE ( 'NONE', *, *, #129, .T. ) ;
#905 = ORIENTED_EDGE ( 'NONE', *, *, #1160, .T. ) ;
#906 = AXIS2_PLACEMENT_3D ( 'NONE', #1777, #1533, #2561 ) ;
#907 = CARTESIAN_POINT ( 'NONE',  ( 0.9500000000000003997, 0.05000000000000000278, 1.544988095791844558E-16 ) ) ;
#908 = CARTESIAN_POINT ( 'NONE',  ( -0.7000000000000005107, 0.1000000000000000472, 0.8499999999999999778 ) ) ;
#909 = AXIS2_PLACEMENT_3D ( 'NONE', #952, #1779, #2027 ) ;
#910 = FACE_OUTER_BOUND ( 'NONE', #1585, .T. ) ;
#911 = DIRECTION ( 'NONE',  ( 0.000000000000000000, -1.000000000000000000, 0.000000000000000000 ) ) ;
#912 = ORIENTED_EDGE ( 'NONE', *, *, #572, .F. ) ;
#913 = PRESENTATION_STYLE_ASSIGNMENT (( #2510 ) ) ;
#914 = LINE ( 'NONE', #3261, #2957 ) ;
#915 = ORIENTED_EDGE ( 'NONE', *, *, #2594, .F. ) ;
#916 = CARTESIAN_POINT ( 'NONE',  ( 0.6999999999999998446, 0.2000000000000000111, 0.8500000000000001998 ) ) ;
#917 = ORIENTED_EDGE ( 'NONE', *, *, #344, .F. ) ;
#918 = CARTESIAN_POINT ( 'NONE',  ( 0.9500000000000003997, 0.1000000000000000056, 0.2000000000000007327 ) ) ;
#919 = ADVANCED_FACE ( 'NONE', ( #55 ), #1690, .T. ) ;
#920 = ADVANCED_FACE ( 'NONE', ( #354 ), #1951, .F. ) ;
#921 = CARTESIAN_POINT ( 'NONE',  ( -2.818925648462311528E-16, 0.000000000000000000, 1.300000000000000044 ) ) ;
#922 = ORIENTED_EDGE ( 'NONE', *, *, #2366, .T. ) ;
#923 = ORIENTED_EDGE ( 'NONE', *, *, #3384, .F. ) ;
#924 = CARTESIAN_POINT ( 'NONE',  ( -0.6385285179969155678, 0.6999999999999999556, -0.7477669361583496599 ) ) ;
#925 = CARTESIAN_POINT ( 'NONE',  ( 1.734723475976807094E-16, 0.05000000000000000278, -0.7999999999999999334 ) ) ;
#926 = CARTESIAN_POINT ( 'NONE',  ( 0.9500000000000003997, 0.1000000000000000056, 0.2000000000000007327 ) ) ;
#927 = DIRECTION ( 'NONE',  ( -1.000000000000000000, 0.000000000000000000, -1.662443331144440592E-15 ) ) ;
#928 = VERTEX_POINT ( 'NONE', #650 ) ;
#929 = FACE_OUTER_BOUND ( 'NONE', #2079, .T. ) ;
#930 = SURFACE_STYLE_USAGE ( .BOTH. , #401 ) ;
#931 = ORIENTED_EDGE ( 'NONE', *, *, #1221, .T. ) ;
#932 = LINE ( 'NONE', #2618, #1188 ) ;
#933 = ORIENTED_EDGE ( 'NONE', *, *, #574, .T. ) ;
#934 = DIRECTION ( 'NONE',  ( 2.168404344971009115E-16, 0.000000000000000000, -1.000000000000000000 ) ) ;
#935 = VECTOR ( 'NONE', #363, 1000.000000000000000 ) ;
#936 = DIRECTION ( 'NONE',  ( 1.000000000000000000, -0.000000000000000000, 2.168404344971009115E-16 ) ) ;
#937 = EDGE_CURVE ( 'NONE', #2617, #3163, #1988, .T. ) ;
#938 = VECTOR ( 'NONE', #264, 1000.000000000000000 ) ;
#939 = CARTESIAN_POINT ( 'NONE',  ( 0.7000000000000000666, 0.2000000000000000111, 0.2000000000000002609 ) ) ;
#940 = EDGE_CURVE ( 'NONE', #2942, #1329, #1711, .T. ) ;
#941 = UNCERTAINTY_MEASURE_WITH_UNIT (LENGTH_MEASURE( 1.000000000000000082E-05 ), #3040, 'distance_accuracy_value', 'NONE');
#942 = ORIENTED_EDGE ( 'NONE', *, *, #425, .T. ) ;
#943 = CARTESIAN_POINT ( 'NONE',  ( -0.9500000000000002887, 0.2000000000000000111, 0.2000000000000005940 ) ) ;
#944 = VECTOR ( 'NONE', #3105, 1000.000000000000000 ) ;
#945 = CARTESIAN_POINT ( 'NONE',  ( -0.7000000000000002887, 0.1999999999999999833, 0.1999999999999999278 ) ) ;
#946 = DIRECTION ( 'NONE',  ( 1.000000000000000000, 0.000000000000000000, 2.710505431213761085E-16 ) ) ;
#947 = ADVANCED_FACE ( 'NONE', ( #2471 ), #2460, .F. ) ;
#948 = CARTESIAN_POINT ( 'NONE',  ( -0.9500000000000000666, 0.000000000000000000, -1.000000000000000444 ) ) ;
#949 = VECTOR ( 'NONE', #193, 1000.000000000000000 ) ;
#950 = CARTESIAN_POINT ( 'NONE',  ( 0.9500000000000003997, 0.05000000000000000278, 1.544988095791844558E-16 ) ) ;
#951 = ORIENTED_EDGE ( 'NONE', *, *, #727, .F. ) ;
#952 = CARTESIAN_POINT ( 'NONE',  ( 0.000000000000000000, 0.2000000000000000111, 0.000000000000000000 ) ) ;
#953 = DIRECTION ( 'NONE',  ( 0.000000000000000000, -1.000000000000000000, 0.000000000000000000 ) ) ;
#954 = CARTESIAN_POINT ( 'NONE',  ( -0.9500000000000003997, 0.05000000000000000278, -2.574980159653074510E-16 ) ) ;
#955 = ORIENTED_EDGE ( 'NONE', *, *, #2301, .T. ) ;
#956 = ORIENTED_EDGE ( 'NONE', *, *, #1158, .F. ) ;
#957 = CARTESIAN_POINT ( 'NONE',  ( -0.9500000000000005107, 0.05000000000000000278, 0.4499999999999996780 ) ) ;
#958 = DIRECTION ( 'NONE',  ( 2.168404344971009115E-16, 0.000000000000000000, -1.000000000000000000 ) ) ;
#959 = LINE ( 'NONE', #2078, #1563 ) ;
#960 = ORIENTED_EDGE ( 'NONE', *, *, #2550, .F. ) ;
#961 = ADVANCED_FACE ( 'NONE', ( #386 ), #1444, .F. ) ;
#962 = DIRECTION ( 'NONE',  ( 0.000000000000000000, 1.000000000000000000, 0.000000000000000000 ) ) ;
#963 = AXIS2_PLACEMENT_3D ( 'NONE', #449, #1529, #1565 ) ;
#964 = CARTESIAN_POINT ( 'NONE',  ( -0.9500000000000006217, 0.04999999999999999584, 0.8500000000000006439 ) ) ;
#965 = CARTESIAN_POINT ( 'NONE',  ( 0.9999999999999997780, 0.1999999999999999833, 0.8500000000000007550 ) ) ;
#966 = CARTESIAN_POINT ( 'NONE',  ( -0.9500000000000002887, 0.000000000000000000, -0.2000000000000003164 ) ) ;
#967 = ADVANCED_FACE ( 'NONE', ( #1726 ), #3321, .T. ) ;
#968 = CLOSED_SHELL ( 'NONE', ( #972, #1843, #1769, #3168, #2639, #512, #153, #2809 ) ) ;
#969 = ORIENTED_EDGE ( 'NONE', *, *, #1530, .T. ) ;
#970 = CARTESIAN_POINT ( 'NONE',  ( -0.4500000000000001776, 0.000000000000000000, 0.8000000000000000444 ) ) ;
#971 = EDGE_CURVE ( 'NONE', #2656, #208, #578, .T. ) ;
#972 = ADVANCED_FACE ( 'NONE', ( #2718 ), #2789, .F. ) ;
#973 = CARTESIAN_POINT ( 'NONE',  ( -0.1499999999999975797, 0.05000000000000000278, -0.7999999999999999334 ) ) ;
#974 = AXIS2_PLACEMENT_3D ( 'NONE', #453, #2528, #183 ) ;
#975 = VECTOR ( 'NONE', #1391, 1000.000000000000000 ) ;
#976 = PLANE ( 'NONE',  #1126 ) ;
#977 = VERTEX_POINT ( 'NONE', #2526 ) ;
#978 = DIRECTION ( 'NONE',  ( 0.000000000000000000, 1.000000000000000000, 0.000000000000000000 ) ) ;
#979 = FILL_AREA_STYLE_COLOUR ( '', #1852 ) ;
#980 = ORIENTED_EDGE ( 'NONE', *, *, #2720, .F. ) ;
#981 = CARTESIAN_POINT ( 'NONE',  ( -0.9500000000000005107, 0.1000000000000000472, 0.8500000000000006439 ) ) ;
#982 = DIRECTION ( 'NONE',  ( 1.000000000000000000, 0.000000000000000000, 2.168404344971009115E-16 ) ) ;
#983 = ORIENTED_EDGE ( 'NONE', *, *, #64, .T. ) ;
#984 = DIRECTION ( 'NONE',  ( 1.000000000000000000, 0.000000000000000000, 2.710505431213761085E-16 ) ) ;
#985 = CARTESIAN_POINT ( 'NONE',  ( -0.6385285179969155678, 0.8000000000000000444, -0.7477669361583496599 ) ) ;
#986 = DIRECTION ( 'NONE',  ( 2.168404344971009115E-16, 0.000000000000000000, -1.000000000000000000 ) ) ;
#987 = PLANE ( 'NONE',  #1167 ) ;
#988 = DIRECTION ( 'NONE',  ( -4.201283418381329682E-16, 0.000000000000000000, 1.000000000000000000 ) ) ;
#989 = ORIENTED_EDGE ( 'NONE', *, *, #2485, .F. ) ;
#990 = FACE_OUTER_BOUND ( 'NONE', #2487, .T. ) ;
#991 = CARTESIAN_POINT ( 'NONE',  ( 0.7000000000000000666, 0.1999999999999999833, -0.1999999999999999278 ) ) ;
#992 = EDGE_CURVE ( 'NONE', #639, #804, #2492, .T. ) ;
#993 = EDGE_CURVE ( 'NONE', #270, #804, #89, .T. ) ;
#994 = ORIENTED_EDGE ( 'NONE', *, *, #38, .F. ) ;
#995 = ORIENTED_EDGE ( 'NONE', *, *, #662, .T. ) ;
#996 = CARTESIAN_POINT ( 'NONE',  ( -0.9500000000000003997, 0.05000000000000000278, -2.574980159653074510E-16 ) ) ;
#997 = DIRECTION ( 'NONE',  ( -1.000000000000000000, 0.000000000000000000, 0.000000000000000000 ) ) ;
#998 = VECTOR ( 'NONE', #298, 1000.000000000000000 ) ;
#999 = VERTEX_POINT ( 'NONE', #872 ) ;
#1000 = DIRECTION ( 'NONE',  ( 0.000000000000000000, -1.000000000000000000, 0.000000000000000000 ) ) ;
#1001 = AXIS2_PLACEMENT_3D ( 'NONE', #3458, #2095, #1353 ) ;
#1002 = FACE_OUTER_BOUND ( 'NONE', #1896, .T. ) ;
#1003 = FACE_OUTER_BOUND ( 'NONE', #110, .T. ) ;
#1004 = AXIS2_PLACEMENT_3D ( 'NONE', #1955, #92, #859 ) ;
#1005 = CARTESIAN_POINT ( 'NONE',  ( -0.7000000000000005107, 0.2000000000000000111, 0.8499999999999999778 ) ) ;
#1006 = VERTEX_POINT ( 'NONE', #2234 ) ;
#1007 = LINE ( 'NONE', #202, #1981 ) ;
#1008 = PRESENTATION_LAYER_ASSIGNMENT (  '', '', ( #1845 ) ) ;
#1009 = CARTESIAN_POINT ( 'NONE',  ( 4.336808689942020201E-17, 0.05000000000000000278, -0.2000000000000000944 ) ) ;
#1010 = EDGE_LOOP ( 'NONE', ( #3214, #2835, #1933, #2034 ) ) ;
#1011 = EDGE_CURVE ( 'NONE', #999, #1373, #3291, .T. ) ;
#1012 = VERTEX_POINT ( 'NONE', #3029 ) ;
#1013 = CARTESIAN_POINT ( 'NONE',  ( 0.4500000000000003997, 0.2000000000000000944, -0.7999999999999998224 ) ) ;
#1014 = ADVANCED_FACE ( 'NONE', ( #615 ), #1235, .F. ) ;
#1015 = CARTESIAN_POINT ( 'NONE',  ( 0.9500000000000002887, 0.2000000000000000111, 0.2000000000000006495 ) ) ;
#1016 = ORIENTED_EDGE ( 'NONE', *, *, #1850, .F. ) ;
#1017 = LINE ( 'NONE', #176, #252 ) ;
#1018 = FACE_OUTER_BOUND ( 'NONE', #82, .T. ) ;
#1019 = DIRECTION ( 'NONE',  ( 2.168404344971009115E-16, 0.000000000000000000, -1.000000000000000000 ) ) ;
#1020 = LINE ( 'NONE', #1482, #1135 ) ;
#1021 = EDGE_LOOP ( 'NONE', ( #1890, #1627, #3298, #2517 ) ) ;
#1022 = CARTESIAN_POINT ( 'NONE',  ( -0.7359910788960105643, 0.8000000000000000444, -0.7477669361583496599 ) ) ;
#1023 = FACE_OUTER_BOUND ( 'NONE', #2008, .T. ) ;
#1024 = VECTOR ( 'NONE', #1780, 1000.000000000000000 ) ;
#1025 = VECTOR ( 'NONE', #809, 1000.000000000000000 ) ;
#1026 = ORIENTED_EDGE ( 'NONE', *, *, #129, .F. ) ;
#1027 = CARTESIAN_POINT ( 'NONE',  ( -0.7000000000000002887, 0.1000000000000000056, -0.2000000000000002609 ) ) ;
#1028 = VECTOR ( 'NONE', #1822, 1000.000000000000000 ) ;
#1029 = ORIENTED_EDGE ( 'NONE', *, *, #3426, .F. ) ;
#1030 = CARTESIAN_POINT ( 'NONE',  ( 0.9500000000000005107, 0.000000000000000000, -1.000000000000000000 ) ) ;
#1031 = CARTESIAN_POINT ( 'NONE',  ( 1.843143693225358031E-16, 0.05000000000000000278, -0.8500000000000000888 ) ) ;
#1032 = EDGE_CURVE ( 'NONE', #500, #2983, #702, .T. ) ;
#1033 = EDGE_CURVE ( 'NONE', #1608, #3219, #530, .T. ) ;
#1034 = ORIENTED_EDGE ( 'NONE', *, *, #1108, .F. ) ;
#1035 = CARTESIAN_POINT ( 'NONE',  ( 0.9500000000000005107, 0.1000000000000000056, -1.000000000000000000 ) ) ;
#1036 = DIRECTION ( 'NONE',  ( -0.000000000000000000, -1.000000000000000000, 0.000000000000000000 ) ) ;
#1037 = DIRECTION ( 'NONE',  ( 0.000000000000000000, -1.000000000000000000, 0.000000000000000000 ) ) ;
#1038 = ORIENTED_EDGE ( 'NONE', *, *, #833, .F. ) ;
#1039 = EDGE_CURVE ( 'NONE', #2705, #1489, #7, .T. ) ;
#1040 = PLANE ( 'NONE',  #2812 ) ;
#1041 = LINE ( 'NONE', #2122, #1109 ) ;
#1042 = LINE ( 'NONE', #1639, #2757 ) ;
#1043 = VERTEX_POINT ( 'NONE', #1920 ) ;
#1044 = ORIENTED_EDGE ( 'NONE', *, *, #3294, .F. ) ;
#1045 = LINE ( 'NONE', #3164, #2518 ) ;
#1046 = LINE ( 'NONE', #1031, #2845 ) ;
#1047 = ORIENTED_EDGE ( 'NONE', *, *, #2765, .T. ) ;
#1048 = EDGE_CURVE ( 'NONE', #201, #2793, #2369, .T. ) ;
#1049 = EDGE_CURVE ( 'NONE', #3031, #3116, #2074, .T. ) ;
#1050 = VECTOR ( 'NONE', #767, 1000.000000000000000 ) ;
#1051 = DIRECTION ( 'NONE',  ( -1.000000000000000000, 0.000000000000000000, -2.168404344971009115E-16 ) ) ;
#1052 = ORIENTED_EDGE ( 'NONE', *, *, #1488, .T. ) ;
#1053 = VECTOR ( 'NONE', #2922, 1000.000000000000000 ) ;
#1054 = EDGE_CURVE ( 'NONE', #1594, #423, #2050, .T. ) ;
#1055 = CARTESIAN_POINT ( 'NONE',  ( 0.9500000000000005107, 0.000000000000000000, -1.000000000000000000 ) ) ;
#1056 = FACE_OUTER_BOUND ( 'NONE', #1912, .T. ) ;
#1057 = VECTOR ( 'NONE', #2168, 1000.000000000000000 ) ;
#1058 = EDGE_CURVE ( 'NONE', #312, #1043, #3345, .T. ) ;
#1059 = CARTESIAN_POINT ( 'NONE',  ( -0.7000000000000002887, 0.000000000000000000, 0.1999999999999999278 ) ) ;
#1060 = EDGE_LOOP ( 'NONE', ( #2274, #790 ) ) ;
#1061 = VECTOR ( 'NONE', #3352, 1000.000000000000000 ) ;
#1062 = ORIENTED_EDGE ( 'NONE', *, *, #1267, .F. ) ;
#1063 = PLANE ( 'NONE',  #1752 ) ;
#1064 = CARTESIAN_POINT ( 'NONE',  ( 7.480994990149999330E-16, 0.05000000000000000278, -0.4500000000000008993 ) ) ;
#1065 = ORIENTED_EDGE ( 'NONE', *, *, #1719, .T. ) ;
#1066 = CARTESIAN_POINT ( 'NONE',  ( -0.7000000000000002887, 0.7000000000000006217, 0.1999999999999999278 ) ) ;
#1067 = VERTEX_POINT ( 'NONE', #1501 ) ;
#1068 = CARTESIAN_POINT ( 'NONE',  ( 0.9500000000000005107, 0.1000000000000000056, -1.000000000000000000 ) ) ;
#1069 = EDGE_LOOP ( 'NONE', ( #2562, #307, #3042, #2353 ) ) ;
#1070 = CARTESIAN_POINT ( 'NONE',  ( 0.9500000000000003997, 0.000000000000000000, 0.2000000000000007327 ) ) ;
#1071 = DIRECTION ( 'NONE',  ( 0.000000000000000000, -1.000000000000000000, 0.000000000000000000 ) ) ;
#1072 = CARTESIAN_POINT ( 'NONE',  ( 0.6999999999999998446, 0.1999999999999999833, 0.8500000000000001998 ) ) ;
#1073 = EDGE_CURVE ( 'NONE', #2091, #1241, #205, .T. ) ;
#1074 = LINE ( 'NONE', #2430, #1078 ) ;
#1075 = ADVANCED_FACE ( 'NONE', ( #1272 ), #976, .T. ) ;
#1076 = AXIS2_PLACEMENT_3D ( 'NONE', #1595, #247, #2964 ) ;
#1077 = ORIENTED_EDGE ( 'NONE', *, *, #2403, .F. ) ;
#1078 = VECTOR ( 'NONE', #1849, 1000.000000000000000 ) ;
#1079 = CARTESIAN_POINT ( 'NONE',  ( -0.7000000000000005107, 0.1999999999999999833, 0.8499999999999999778 ) ) ;
#1080 = AXIS2_PLACEMENT_3D ( 'NONE', #1035, #1839, #3167 ) ;
#1081 = DIRECTION ( 'NONE',  ( 1.000000000000000000, 0.000000000000000000, 2.168404344971009115E-16 ) ) ;
#1082 = VERTEX_POINT ( 'NONE', #485 ) ;
#1083 = DIRECTION ( 'NONE',  ( 0.000000000000000000, 1.000000000000000000, 0.000000000000000000 ) ) ;
#1084 = ORIENTED_EDGE ( 'NONE', *, *, #1738, .T. ) ;
#1085 = CARTESIAN_POINT ( 'NONE',  ( -2.818925648462311528E-16, 0.000000000000000000, 1.300000000000000044 ) ) ;
#1086 = ORIENTED_EDGE ( 'NONE', *, *, #835, .T. ) ;
#1087 = ORIENTED_EDGE ( 'NONE', *, *, #846, .T. ) ;
#1088 = DIRECTION ( 'NONE',  ( 4.201283418381329682E-16, 0.000000000000000000, -1.000000000000000000 ) ) ;
#1089 = CARTESIAN_POINT ( 'NONE',  ( -1.000000000000000444, 0.1000000000000000056, -0.4499999999999993450 ) ) ;
#1090 = DIRECTION ( 'NONE',  ( 0.000000000000000000, -1.000000000000000000, 0.000000000000000000 ) ) ;
#1091 = ORIENTED_EDGE ( 'NONE', *, *, #2021, .T. ) ;
#1092 = EDGE_CURVE ( 'NONE', #3118, #1338, #2305, .T. ) ;
#1093 = ORIENTED_EDGE ( 'NONE', *, *, #2972, .F. ) ;
#1094 = ADVANCED_FACE ( 'NONE', ( #1796 ), #2857, .F. ) ;
#1095 = LINE ( 'NONE', #1128, #3460 ) ;
#1096 = VERTEX_POINT ( 'NONE', #2873 ) ;
#1097 = DIRECTION ( 'NONE',  ( -1.000000000000000000, 0.000000000000000000, -2.168404344971009115E-16 ) ) ;
#1098 = DIRECTION ( 'NONE',  ( 1.000000000000000000, 0.000000000000000000, 2.168404344971009115E-16 ) ) ;
#1099 = ORIENTED_EDGE ( 'NONE', *, *, #3274, .F. ) ;
#1100 = DIRECTION ( 'NONE',  ( 1.000000000000000000, 0.000000000000000000, 2.168404344971009115E-16 ) ) ;
#1101 = DIRECTION ( 'NONE',  ( 0.000000000000000000, -1.000000000000000000, 0.000000000000000000 ) ) ;
#1102 = CIRCLE ( 'NONE', #1386, 0.09746256089909494102 ) ;
#1103 = DIRECTION ( 'NONE',  ( -1.000000000000000000, 0.000000000000000000, 2.674365358797580891E-15 ) ) ;
#1104 = ORIENTED_EDGE ( 'NONE', *, *, #388, .F. ) ;
#1105 =( LENGTH_UNIT ( ) NAMED_UNIT ( * ) SI_UNIT ( .MILLI., .METRE. ) );
#1106 = VECTOR ( 'NONE', #1876, 1000.000000000000000 ) ;
#1107 = ORIENTED_EDGE ( 'NONE', *, *, #3197, .F. ) ;
#1108 = EDGE_CURVE ( 'NONE', #1663, #3096, #2285, .T. ) ;
#1109 = VECTOR ( 'NONE', #2552, 1000.000000000000000 ) ;
#1110 = CARTESIAN_POINT ( 'NONE',  ( 0.4499999999999997891, 0.2000000000000000944, 0.8000000000000002665 ) ) ;
#1111 = CARTESIAN_POINT ( 'NONE',  ( -1.000000000000000444, 0.1000000000000000056, 0.4499999999999996780 ) ) ;
#1112 = ORIENTED_EDGE ( 'NONE', *, *, #2465, .F. ) ;
#1113 = PRESENTATION_LAYER_ASSIGNMENT (  '', '', ( #3185 ) ) ;
#1114 = CARTESIAN_POINT ( 'NONE',  ( 0.9500000000000005107, 0.1000000000000000056, -1.000000000000000000 ) ) ;
#1115 = ADVANCED_FACE ( 'NONE', ( #214 ), #3337, .F. ) ;
#1116 = EDGE_CURVE ( 'NONE', #2189, #2980, #3085, .T. ) ;
#1117 = DIRECTION ( 'NONE',  ( -2.710505431213761085E-16, 0.000000000000000000, 1.000000000000000000 ) ) ;
#1118 = VECTOR ( 'NONE', #2172, 1000.000000000000000 ) ;
#1119 = CARTESIAN_POINT ( 'NONE',  ( -0.7000000000000002887, 0.1999999999999999833, -0.2000000000000002609 ) ) ;
#1120 = ORIENTED_EDGE ( 'NONE', *, *, #2574, .F. ) ;
#1121 = DIRECTION ( 'NONE',  ( 1.000000000000000000, 0.000000000000000000, 2.168404344971009115E-16 ) ) ;
#1122 = LINE ( 'NONE', #823, #3070 ) ;
#1123 = LINE ( 'NONE', #2788, #2320 ) ;
#1124 = DIRECTION ( 'NONE',  ( 1.000000000000000000, 0.000000000000000000, 2.168404344971009115E-16 ) ) ;
#1125 = ORIENTED_EDGE ( 'NONE', *, *, #3014, .F. ) ;
#1126 = AXIS2_PLACEMENT_3D ( 'NONE', #3112, #2346, #439 ) ;
#1127 =( LENGTH_UNIT ( ) NAMED_UNIT ( * ) SI_UNIT ( .MILLI., .METRE. ) );
#1128 = CARTESIAN_POINT ( 'NONE',  ( -0.7000000000000005107, 0.2000000000000000111, 0.8499999999999999778 ) ) ;
#1129 = ORIENTED_EDGE ( 'NONE', *, *, #2388, .F. ) ;
#1130 = CARTESIAN_POINT ( 'NONE',  ( 0.7000000000000000666, 0.7000000000000006217, -0.1999999999999999278 ) ) ;
#1131 = VECTOR ( 'NONE', #3433, 1000.000000000000000 ) ;
#1132 = AXIS2_PLACEMENT_3D ( 'NONE', #2771, #3048, #1970 ) ;
#1133 = LINE ( 'NONE', #2763, #607 ) ;
#1134 = EDGE_CURVE ( 'NONE', #1269, #1744, #478, .T. ) ;
#1135 = VECTOR ( 'NONE', #2839, 1000.000000000000000 ) ;
#1136 = CARTESIAN_POINT ( 'NONE',  ( -0.9999999999999997780, 0.1999999999999999833, -0.8500000000000003109 ) ) ;
#1137 = EDGE_CURVE ( 'NONE', #2793, #201, #3148, .T. ) ;
#1138 = EDGE_LOOP ( 'NONE', ( #2781, #1939, #1727, #1219, #3128, #1519, #1818, #3172, #589, #1120, #826, #2059, #2146, #2758, #324, #764 ) ) ;
#1139 = LINE ( 'NONE', #3063, #1218 ) ;
#1140 = LINE ( 'NONE', #1173, #1954 ) ;
#1141 = DIRECTION ( 'NONE',  ( -1.000000000000000000, 0.000000000000000000, -1.662443331144440790E-15 ) ) ;
#1142 = FACE_OUTER_BOUND ( 'NONE', #2408, .T. ) ;
#1143 = VERTEX_POINT ( 'NONE', #2348 ) ;
#1144 = ORIENTED_EDGE ( 'NONE', *, *, #427, .T. ) ;
#1145 = ORIENTED_EDGE ( 'NONE', *, *, #2171, .T. ) ;
#1146 = DIRECTION ( 'NONE',  ( -4.201283418381329682E-16, 0.000000000000000000, 1.000000000000000000 ) ) ;
#1147 = LINE ( 'NONE', #2779, #1675 ) ;
#1148 = FILL_AREA_STYLE_COLOUR ( '', #3335 ) ;
#1149 = EDGE_LOOP ( 'NONE', ( #2774, #2246, #1901, #1730 ) ) ;
#1150 = EDGE_CURVE ( 'NONE', #365, #639, #2090, .T. ) ;
#1151 = ORIENTED_EDGE ( 'NONE', *, *, #2611, .F. ) ;
#1152 = CARTESIAN_POINT ( 'NONE',  ( -0.4749999999999978129, 0.2000000000000000111, -0.4750000000000034750 ) ) ;
#1153 = CARTESIAN_POINT ( 'NONE',  ( 0.6999999999999998446, 0.2000000000000000111, 0.8500000000000001998 ) ) ;
#1154 = DIRECTION ( 'NONE',  ( 1.626303258728256898E-16, 0.000000000000000000, -1.000000000000000000 ) ) ;
#1155 = DIRECTION ( 'NONE',  ( 0.000000000000000000, 0.000000000000000000, -1.000000000000000000 ) ) ;
#1156 = DIRECTION ( 'NONE',  ( -2.168404344971009115E-16, 0.000000000000000000, 1.000000000000000000 ) ) ;
#1157 = VERTEX_POINT ( 'NONE', #2033 ) ;
#1158 = EDGE_CURVE ( 'NONE', #500, #2777, #91, .T. ) ;
#1159 = CARTESIAN_POINT ( 'NONE',  ( 0.6999999999999999556, 0.2000000000000000111, 0.4500000000000000666 ) ) ;
#1160 = EDGE_CURVE ( 'NONE', #2877, #27, #1713, .T. ) ;
#1161 = VECTOR ( 'NONE', #3408, 1000.000000000000000 ) ;
#1162 = ORIENTED_EDGE ( 'NONE', *, *, #1659, .F. ) ;
#1163 = CARTESIAN_POINT ( 'NONE',  ( -1.000000000000000222, 4.428427124746190380, -1.000000000000000222 ) ) ;
#1164 = VECTOR ( 'NONE', #1907, 1000.000000000000000 ) ;
#1165 = ORIENTED_EDGE ( 'NONE', *, *, #1108, .T. ) ;
#1166 = CARTESIAN_POINT ( 'NONE',  ( -0.9500000000000002887, 0.04999999999999999584, 0.2000000000000005940 ) ) ;
#1167 = AXIS2_PLACEMENT_3D ( 'NONE', #2062, #718, #1019 ) ;
#1168 = CIRCLE ( 'NONE', #1626, 0.09746256089909494102 ) ;
#1169 = DIRECTION ( 'NONE',  ( -2.168404344971009115E-16, 0.000000000000000000, 1.000000000000000000 ) ) ;
#1170 = ORIENTED_EDGE ( 'NONE', *, *, #753, .F. ) ;
#1171 = VERTEX_POINT ( 'NONE', #634 ) ;
#1172 = LINE ( 'NONE', #2196, #766 ) ;
#1173 = CARTESIAN_POINT ( 'NONE',  ( 0.7000000000000000666, 0.1999999999999999833, 0.2000000000000002609 ) ) ;
#1174 = DIRECTION ( 'NONE',  ( -2.710505431213761085E-16, 0.000000000000000000, 1.000000000000000000 ) ) ;
#1175 = CARTESIAN_POINT ( 'NONE',  ( 0.9999999999999997780, 0.7000000000000006217, 0.8500000000000007550 ) ) ;
#1176 = VERTEX_POINT ( 'NONE', #334 ) ;
#1177 = FILL_AREA_STYLE ('',( #112 ) ) ;
#1178 = EDGE_CURVE ( 'NONE', #690, #2814, #707, .T. ) ;
#1179 = EDGE_CURVE ( 'NONE', #2467, #3456, #566, .T. ) ;
#1180 = EDGE_LOOP ( 'NONE', ( #2557, #3447, #2576, #1277 ) ) ;
#1181 = SURFACE_SIDE_STYLE ('',( #3296 ) ) ;
#1182 = PRODUCT_CONTEXT ( 'NONE', #739, 'mechanical' ) ;
#1183 = ORIENTED_EDGE ( 'NONE', *, *, #1226, .T. ) ;
#1184 = LINE ( 'NONE', #1554, #881 ) ;
#1185 = PLANE ( 'NONE',  #1513 ) ;
#1186 = COLOUR_RGB ( '',1.000000000000000000, 1.000000000000000000, 1.000000000000000000 ) ;
#1187 = LINE ( 'NONE', #1456, #2398 ) ;
#1188 = VECTOR ( 'NONE', #2881, 1000.000000000000000 ) ;
#1189 = VERTEX_POINT ( 'NONE', #2332 ) ;
#1190 = ORIENTED_EDGE ( 'NONE', *, *, #224, .F. ) ;
#1191 = VECTOR ( 'NONE', #2843, 1000.000000000000000 ) ;
#1192 = LINE ( 'NONE', #1441, #1560 ) ;
#1193 = DIRECTION ( 'NONE',  ( 1.000000000000000000, 0.000000000000000000, 2.168404344971009115E-16 ) ) ;
#1194 = FACE_OUTER_BOUND ( 'NONE', #2514, .T. ) ;
#1195 = DIRECTION ( 'NONE',  ( -2.168404344971009115E-16, 0.000000000000000000, 1.000000000000000000 ) ) ;
#1196 = EDGE_LOOP ( 'NONE', ( #2162, #2407, #784, #2282 ) ) ;
#1197 = CARTESIAN_POINT ( 'NONE',  ( -0.4499999999999996780, 0.000000000000000000, -0.4999999999999998890 ) ) ;
#1198 = DIRECTION ( 'NONE',  ( 0.000000000000000000, 1.000000000000000000, 0.000000000000000000 ) ) ;
#1199 = VERTEX_POINT ( 'NONE', #455 ) ;
#1200 = LINE ( 'NONE', #1715, #1640 ) ;
#1201 = EDGE_CURVE ( 'NONE', #24, #2638, #2312, .T. ) ;
#1202 =( NAMED_UNIT ( * ) SI_UNIT ( $, .STERADIAN. ) SOLID_ANGLE_UNIT ( ) );
#1203 = ADVANCED_FACE ( 'NONE', ( #2614 ), #3380, .T. ) ;
#1204 = ORIENTED_EDGE ( 'NONE', *, *, #2171, .F. ) ;
#1205 = CARTESIAN_POINT ( 'NONE',  ( 0.7000000000000002887, 0.2000000000000000111, -0.8499999999999999778 ) ) ;
#1206 = LINE ( 'NONE', #1524, #2679 ) ;
#1207 = ORIENTED_EDGE ( 'NONE', *, *, #2935, .T. ) ;
#1208 = LINE ( 'NONE', #3047, #2756 ) ;
#1209 = DIRECTION ( 'NONE',  ( 0.000000000000000000, -1.000000000000000000, 0.000000000000000000 ) ) ;
#1210 = CARTESIAN_POINT ( 'NONE',  ( 0.9500000000000005107, 0.1000000000000000056, -1.000000000000000000 ) ) ;
#1211 = FACE_OUTER_BOUND ( 'NONE', #472, .T. ) ;
#1212 = ORIENTED_EDGE ( 'NONE', *, *, #2975, .F. ) ;
#1213 = LINE ( 'NONE', #721, #18 ) ;
#1214 = DIRECTION ( 'NONE',  ( -1.000000000000000000, 0.000000000000000000, 0.000000000000000000 ) ) ;
#1215 = DIRECTION ( 'NONE',  ( 2.168404344971009115E-16, -0.000000000000000000, -1.000000000000000000 ) ) ;
#1216 = ORIENTED_EDGE ( 'NONE', *, *, #2699, .F. ) ;
#1217 = DIRECTION ( 'NONE',  ( -1.000000000000000000, 0.000000000000000000, 0.000000000000000000 ) ) ;
#1218 = VECTOR ( 'NONE', #1967, 1000.000000000000000 ) ;
#1219 = ORIENTED_EDGE ( 'NONE', *, *, #1592, .T. ) ;
#1220 = FACE_OUTER_BOUND ( 'NONE', #2652, .T. ) ;
#1221 = EDGE_CURVE ( 'NONE', #2963, #667, #2087, .T. ) ;
#1222 = VECTOR ( 'NONE', #2761, 1000.000000000000000 ) ;
#1223 = CARTESIAN_POINT ( 'NONE',  ( -1.000000000000000222, 0.2000000000000000111, 0.8500000000000007550 ) ) ;
#1224 = VECTOR ( 'NONE', #70, 1000.000000000000000 ) ;
#1225 = PLANE ( 'NONE',  #2622 ) ;
#1226 = EDGE_CURVE ( 'NONE', #456, #3273, #738, .T. ) ;
#1227 = EDGE_CURVE ( 'NONE', #2295, #2793, #2600, .T. ) ;
#1228 = ORIENTED_EDGE ( 'NONE', *, *, #1956, .T. ) ;
#1229 = FACE_OUTER_BOUND ( 'NONE', #2948, .T. ) ;
#1230 = VECTOR ( 'NONE', #3420, 1000.000000000000000 ) ;
#1231 = LINE ( 'NONE', #2609, #542 ) ;
#1232 = CARTESIAN_POINT ( 'NONE',  ( 0.7000000000000001776, 0.000000000000000000, -0.4499999999999997335 ) ) ;
#1233 = VECTOR ( 'NONE', #2902, 1000.000000000000000 ) ;
#1234 = CARTESIAN_POINT ( 'NONE',  ( -0.7000000000000002887, 0.04999999999999999584, -0.2000000000000002609 ) ) ;
#1235 = PLANE ( 'NONE',  #2538 ) ;
#1236 = ORIENTED_EDGE ( 'NONE', *, *, #3197, .T. ) ;
#1237 = LINE ( 'NONE', #737, #1758 ) ;
#1238 = LINE ( 'NONE', #3363, #1695 ) ;
#1239 = ORIENTED_EDGE ( 'NONE', *, *, #1824, .F. ) ;
#1240 = PLANE ( 'NONE',  #1919 ) ;
#1241 = VERTEX_POINT ( 'NONE', #1500 ) ;
#1242 = PLANE ( 'NONE',  #1735 ) ;
#1243 = LINE ( 'NONE', #155, #3396 ) ;
#1244 = ORIENTED_EDGE ( 'NONE', *, *, #3019, .F. ) ;
#1245 = CARTESIAN_POINT ( 'NONE',  ( -0.9500000000000001776, 0.1000000000000000056, -0.4499999999999993450 ) ) ;
#1246 = ADVANCED_FACE ( 'NONE', ( #1765 ), #1271, .F. ) ;
#1247 = LINE ( 'NONE', #3120, #489 ) ;
#1248 = FACE_OUTER_BOUND ( 'NONE', #2806, .T. ) ;
#1249 = CARTESIAN_POINT ( 'NONE',  ( -1.000000000000000000, 0.2000000000000000111, 0.4499999999999996780 ) ) ;
#1250 = AXIS2_PLACEMENT_3D ( 'NONE', #637, #2491, #2525 ) ;
#1251 = VECTOR ( 'NONE', #2932, 1000.000000000000000 ) ;
#1252 = ORIENTED_EDGE ( 'NONE', *, *, #3066, .F. ) ;
#1253 = LINE ( 'NONE', #128, #2433 ) ;
#1254 = EDGE_CURVE ( 'NONE', #1739, #858, #204, .T. ) ;
#1255 = CARTESIAN_POINT ( 'NONE',  ( -0.7000000000000001776, 0.1999999999999999833, -0.4500000000000000666 ) ) ;
#1256 = AXIS2_PLACEMENT_3D ( 'NONE', #2564, #1800, #3341 ) ;
#1257 = EDGE_LOOP ( 'NONE', ( #275, #522, #2207, #2987 ) ) ;
#1258 = DIRECTION ( 'NONE',  ( 1.000000000000000000, 0.000000000000000000, 2.168404344971009115E-16 ) ) ;
#1259 = DIRECTION ( 'NONE',  ( 1.000000000000000000, 0.000000000000000000, 2.168404344971009115E-16 ) ) ;
#1260 = ORIENTED_EDGE ( 'NONE', *, *, #581, .T. ) ;
#1261 = DIRECTION ( 'NONE',  ( -0.000000000000000000, -1.000000000000000000, 0.000000000000000000 ) ) ;
#1262 = DIRECTION ( 'NONE',  ( 0.000000000000000000, -1.000000000000000000, 0.000000000000000000 ) ) ;
#1263 = ORIENTED_EDGE ( 'NONE', *, *, #1702, .T. ) ;
#1264 = DIRECTION ( 'NONE',  ( 1.626303258728256898E-16, 0.000000000000000000, -1.000000000000000000 ) ) ;
#1265 = CARTESIAN_POINT ( 'NONE',  ( 1.000000000000000444, 0.1000000000000000056, 0.2000000000000007327 ) ) ;
#1266 = LINE ( 'NONE', #2340, #2297 ) ;
#1267 = EDGE_CURVE ( 'NONE', #2031, #2983, #1238, .T. ) ;
#1268 = CARTESIAN_POINT ( 'NONE',  ( -0.9999999999999997780, 0.7000000000000006217, -0.8500000000000003109 ) ) ;
#1269 = VERTEX_POINT ( 'NONE', #2565 ) ;
#1270 = CARTESIAN_POINT ( 'NONE',  ( 0.6999999999999998446, 0.1999999999999999833, 0.8500000000000001998 ) ) ;
#1271 = PLANE ( 'NONE',  #2647 ) ;
#1272 = FACE_OUTER_BOUND ( 'NONE', #2439, .T. ) ;
#1273 = EDGE_CURVE ( 'NONE', #1373, #2983, #2291, .T. ) ;
#1274 = ORIENTED_EDGE ( 'NONE', *, *, #1485, .F. ) ;
#1275 = FACE_OUTER_BOUND ( 'NONE', #1352, .T. ) ;
#1276 = CARTESIAN_POINT ( 'NONE',  ( -0.7359910788960105643, 0.6999999999999999556, -0.7477669361583496599 ) ) ;
#1277 = ORIENTED_EDGE ( 'NONE', *, *, #1401, .T. ) ;
#1278 = DIRECTION ( 'NONE',  ( -1.000000000000000000, 0.000000000000000000, -1.662443331144440790E-15 ) ) ;
#1279 = DIRECTION ( 'NONE',  ( -1.000000000000000000, 0.000000000000000000, -1.662443331144440790E-15 ) ) ;
#1280 = AXIS2_PLACEMENT_3D ( 'NONE', #121, #1405, #2248 ) ;
#1281 = ORIENTED_EDGE ( 'NONE', *, *, #221, .F. ) ;
#1282 = CARTESIAN_POINT ( 'NONE',  ( 0.7000000000000000666, 0.2000000000000000111, -0.1999999999999999278 ) ) ;
#1283 = VECTOR ( 'NONE', #1544, 1000.000000000000000 ) ;
#1284 = LINE ( 'NONE', #1740, #3230 ) ;
#1285 = CARTESIAN_POINT ( 'NONE',  ( 0.9999999999999997780, 0.2000000000000000111, 0.8500000000000007550 ) ) ;
#1286 = VECTOR ( 'NONE', #338, 1000.000000000000000 ) ;
#1287 = DIRECTION ( 'NONE',  ( 0.000000000000000000, -1.000000000000000000, 0.000000000000000000 ) ) ;
#1288 = ORIENTED_EDGE ( 'NONE', *, *, #580, .F. ) ;
#1289 = DIRECTION ( 'NONE',  ( 1.000000000000000000, 0.000000000000000000, 1.662443331144440592E-15 ) ) ;
#1290 = VECTOR ( 'NONE', #2539, 1000.000000000000000 ) ;
#1291 = DIRECTION ( 'NONE',  ( 0.000000000000000000, 1.000000000000000000, 0.000000000000000000 ) ) ;
#1292 = LINE ( 'NONE', #2380, #1340 ) ;
#1293 = ORIENTED_EDGE ( 'NONE', *, *, #1936, .F. ) ;
#1294 = EDGE_CURVE ( 'NONE', #2980, #2383, #2879, .T. ) ;
#1295 = EDGE_LOOP ( 'NONE', ( #3216, #186, #3059, #3221, #1804, #3016 ) ) ;
#1296 = ADVANCED_FACE ( 'NONE', ( #2361 ), #167, .T. ) ;
#1297 = LINE ( 'NONE', #1013, #2015 ) ;
#1298 = CARTESIAN_POINT ( 'NONE',  ( 1.000000000000000000, 0.1000000000000000056, -0.1999999999999998723 ) ) ;
#1299 = DIRECTION ( 'NONE',  ( -1.626303258728256898E-16, 0.000000000000000000, 1.000000000000000000 ) ) ;
#1300 = ORIENTED_EDGE ( 'NONE', *, *, #2428, .T. ) ;
#1301 = DIRECTION ( 'NONE',  ( -0.000000000000000000, -1.000000000000000000, 0.000000000000000000 ) ) ;
#1302 = LINE ( 'NONE', #3206, #2727 ) ;
#1303 = LINE ( 'NONE', #3338, #777 ) ;
#1304 = ORIENTED_EDGE ( 'NONE', *, *, #3440, .F. ) ;
#1305 = ORIENTED_EDGE ( 'NONE', *, *, #2173, .F. ) ;
#1306 = AXIS2_PLACEMENT_3D ( 'NONE', #2795, #114, #1992 ) ;
#1307 = DIRECTION ( 'NONE',  ( 0.000000000000000000, -1.000000000000000000, 0.000000000000000000 ) ) ;
#1308 = CARTESIAN_POINT ( 'NONE',  ( -0.7000000000000001776, 0.2000000000000000111, -0.4500000000000000666 ) ) ;
#1309 = AXIS2_PLACEMENT_3D ( 'NONE', #3126, #3395, #2635 ) ;
#1310 = AXIS2_PLACEMENT_3D ( 'NONE', #890, #594, #1195 ) ;
#1311 = DIRECTION ( 'NONE',  ( -0.000000000000000000, -1.000000000000000000, 0.000000000000000000 ) ) ;
#1312 = ORIENTED_EDGE ( 'NONE', *, *, #787, .T. ) ;
#1313 = VECTOR ( 'NONE', #315, 1000.000000000000000 ) ;
#1314 = VECTOR ( 'NONE', #3012, 1000.000000000000000 ) ;
#1315 = ORIENTED_EDGE ( 'NONE', *, *, #493, .F. ) ;
#1316 = CARTESIAN_POINT ( 'NONE',  ( 0.9500000000000001776, 0.000000000000000000, 0.8500000000000007550 ) ) ;
#1317 = LINE ( 'NONE', #1351, #2738 ) ;
#1318 = CARTESIAN_POINT ( 'NONE',  ( -1.000000000000000222, 0.1000000000000000056, -1.000000000000000222 ) ) ;
#1319 = ORIENTED_EDGE ( 'NONE', *, *, #343, .T. ) ;
#1320 = ADVANCED_FACE ( 'NONE', ( #3092 ), #2583, .T. ) ;
#1321 = EDGE_CURVE ( 'NONE', #2532, #618, #185, .T. ) ;
#1322 = CARTESIAN_POINT ( 'NONE',  ( -1.000000000000000000, 0.1999999999999999833, 0.4499999999999996780 ) ) ;
#1323 = ORIENTED_EDGE ( 'NONE', *, *, #2784, .F. ) ;
#1324 = ORIENTED_EDGE ( 'NONE', *, *, #874, .F. ) ;
#1325 = LINE ( 'NONE', #786, #1589 ) ;
#1326 = LINE ( 'NONE', #2152, #382 ) ;
#1327 = LINE ( 'NONE', #2381, #567 ) ;
#1328 = ORIENTED_EDGE ( 'NONE', *, *, #2020, .T. ) ;
#1329 = VERTEX_POINT ( 'NONE', #973 ) ;
#1330 = PLANE ( 'NONE',  #2299 ) ;
#1331 = EDGE_LOOP ( 'NONE', ( #706, #2434, #517, #1536, #3382, #399 ) ) ;
#1332 = CARTESIAN_POINT ( 'NONE',  ( -0.9500000000000000666, 0.1000000000000000056, -1.000000000000000444 ) ) ;
#1333 = ORIENTED_EDGE ( 'NONE', *, *, #2826, .F. ) ;
#1334 = EDGE_CURVE ( 'NONE', #456, #1744, #3160, .T. ) ;
#1335 = STYLED_ITEM ( 'NONE', ( #3266 ), #1903 ) ;
#1336 = LINE ( 'NONE', #2440, #998 ) ;
#1337 = EDGE_CURVE ( 'NONE', #2970, #810, #758, .T. ) ;
#1338 = VERTEX_POINT ( 'NONE', #1572 ) ;
#1339 = EDGE_LOOP ( 'NONE', ( #1038, #299, #818, #1828, #3043, #1712 ) ) ;
#1340 = VECTOR ( 'NONE', #1574, 1000.000000000000000 ) ;
#1341 = LINE ( 'NONE', #2910, #1539 ) ;
#1342 = CIRCLE ( 'NONE', #1786, 0.09746256089909494102 ) ;
#1343 = CARTESIAN_POINT ( 'NONE',  ( -0.7359910788960105643, 0.6999999999999999556, -0.7477669361583496599 ) ) ;
#1344 = CARTESIAN_POINT ( 'NONE',  ( -0.9500000000000005107, 0.1000000000000000056, 0.4499999999999996780 ) ) ;
#1345 = VECTOR ( 'NONE', #577, 1000.000000000000000 ) ;
#1346 = CYLINDRICAL_SURFACE ( 'NONE', #1701, 0.09746256089909494102 ) ;
#1347 = VERTEX_POINT ( 'NONE', #3224 ) ;
#1348 = PRESENTATION_LAYER_ASSIGNMENT (  '', '', ( #166 ) ) ;
#1349 = ORIENTED_EDGE ( 'NONE', *, *, #1048, .T. ) ;
#1350 = CARTESIAN_POINT ( 'NONE',  ( 0.9500000000000002887, 0.1000000000000000056, 0.4500000000000001221 ) ) ;
#1351 = CARTESIAN_POINT ( 'NONE',  ( 0.7000000000000000666, 0.7000000000000006217, -0.1999999999999999278 ) ) ;
#1352 = EDGE_LOOP ( 'NONE', ( #119, #1044, #912, #341 ) ) ;
#1353 = DIRECTION ( 'NONE',  ( 1.000000000000000000, 0.000000000000000000, 2.168404344971009115E-16 ) ) ;
#1354 = ORIENTED_EDGE ( 'NONE', *, *, #621, .F. ) ;
#1355 = DIRECTION ( 'NONE',  ( -1.000000000000000000, 0.000000000000000000, -2.168404344971009115E-16 ) ) ;
#1356 = ADVANCED_FACE ( 'NONE', ( #822 ), #1040, .T. ) ;
#1357 = ORIENTED_EDGE ( 'NONE', *, *, #2699, .T. ) ;
#1358 = PLANE ( 'NONE',  #2156 ) ;
#1359 = EDGE_CURVE ( 'NONE', #1646, #3180, #3175, .T. ) ;
#1360 = CARTESIAN_POINT ( 'NONE',  ( -0.4749999999999978129, 0.05000000000000000278, -0.4750000000000034750 ) ) ;
#1361 = DIRECTION ( 'NONE',  ( -1.000000000000000000, 0.000000000000000000, 2.674365358797580891E-15 ) ) ;
#1362 = DIRECTION ( 'NONE',  ( -1.000000000000000000, 0.000000000000000000, -2.168404344971009115E-16 ) ) ;
#1363 = MECHANICAL_DESIGN_GEOMETRIC_PRESENTATION_REPRESENTATION (  '', ( #901 ), #294 ) ;
#1364 = EDGE_LOOP ( 'NONE', ( #2745, #2607, #3302, #2333 ) ) ;
#1365 = FILL_AREA_STYLE ('',( #1867 ) ) ;
#1366 = EDGE_LOOP ( 'NONE', ( #2375, #50, #2088, #1952 ) ) ;
#1367 = PRESENTATION_LAYER_ASSIGNMENT (  '', '', ( #2039 ) ) ;
#1368 = LINE ( 'NONE', #2435, #10 ) ;
#1369 = VECTOR ( 'NONE', #3083, 1000.000000000000000 ) ;
#1370 = CARTESIAN_POINT ( 'NONE',  ( -0.8334536397951055609, 0.8000000000000000444, -0.7477669361583497709 ) ) ;
#1371 = VERTEX_POINT ( 'NONE', #2121 ) ;
#1372 = CARTESIAN_POINT ( 'NONE',  ( -0.7000000000000002887, 0.2000000000000000111, 0.1999999999999999278 ) ) ;
#1373 = VERTEX_POINT ( 'NONE', #289 ) ;
#1374 = CARTESIAN_POINT ( 'NONE',  ( 0.9500000000000001776, 0.04999999999999999584, 0.8500000000000006439 ) ) ;
#1375 = PLANE ( 'NONE',  #3095 ) ;
#1376 = ADVANCED_FACE ( 'NONE', ( #2944 ), #2911, .F. ) ;
#1377 = CARTESIAN_POINT ( 'NONE',  ( 0.9999999999999997780, 0.8000000000000008216, 1.000000000000000222 ) ) ;
#1378 = CARTESIAN_POINT ( 'NONE',  ( -1.000000000000000222, 4.428427124746190380, 0.9999999999999997780 ) ) ;
#1379 = ORIENTED_EDGE ( 'NONE', *, *, #2953, .T. ) ;
#1380 = ADVANCED_FACE ( 'NONE', ( #2379 ), #1375, .T. ) ;
#1381 = EDGE_LOOP ( 'NONE', ( #2841, #2123, #684, #1165 ) ) ;
#1382 = EDGE_CURVE ( 'NONE', #564, #3093, #2653, .T. ) ;
#1383 = DIRECTION ( 'NONE',  ( -1.000000000000000000, 0.000000000000000000, 2.674365358797580891E-15 ) ) ;
#1384 = ORIENTED_EDGE ( 'NONE', *, *, #1032, .F. ) ;
#1385 = FACE_OUTER_BOUND ( 'NONE', #748, .T. ) ;
#1386 = AXIS2_PLACEMENT_3D ( 'NONE', #2715, #633, #2489 ) ;
#1387 = CARTESIAN_POINT ( 'NONE',  ( 0.6999999999999998446, 0.2000000000000000111, 0.8500000000000001998 ) ) ;
#1388 = LINE ( 'NONE', #808, #162 ) ;
#1389 = AXIS2_PLACEMENT_3D ( 'NONE', #310, #884, #346 ) ;
#1390 = LINE ( 'NONE', #593, #569 ) ;
#1391 = DIRECTION ( 'NONE',  ( -2.168404344971009115E-16, 0.000000000000000000, 1.000000000000000000 ) ) ;
#1392 = VECTOR ( 'NONE', #308, 1000.000000000000000 ) ;
#1393 = AXIS2_PLACEMENT_3D ( 'NONE', #1797, #433, #754 ) ;
#1394 = CARTESIAN_POINT ( 'NONE',  ( 0.9500000000000005107, 0.1000000000000000056, -1.000000000000000000 ) ) ;
#1395 = EDGE_CURVE ( 'NONE', #270, #2963, #1325, .T. ) ;
#1396 = EDGE_CURVE ( 'NONE', #267, #2453, #1898, .T. ) ;
#1397 = ORIENTED_EDGE ( 'NONE', *, *, #2571, .F. ) ;
#1398 = VECTOR ( 'NONE', #2499, 1000.000000000000000 ) ;
#1399 = FACE_OUTER_BOUND ( 'NONE', #1991, .T. ) ;
#1400 = CARTESIAN_POINT ( 'NONE',  ( -0.4499999999999996780, 0.2000000000000000944, -0.4999999999999998890 ) ) ;
#1401 = EDGE_CURVE ( 'NONE', #31, #2584, #3211, .T. ) ;
#1402 = UNCERTAINTY_MEASURE_WITH_UNIT (LENGTH_MEASURE( 1.000000000000000082E-05 ), #1748, 'distance_accuracy_value', 'NONE');
#1403 = ORIENTED_EDGE ( 'NONE', *, *, #789, .F. ) ;
#1404 = EDGE_LOOP ( 'NONE', ( #460, #2725, #2423, #2854 ) ) ;
#1405 = DIRECTION ( 'NONE',  ( -2.168404344971009115E-16, 0.000000000000000000, 1.000000000000000000 ) ) ;
#1406 = DIRECTION ( 'NONE',  ( 1.000000000000000000, 0.000000000000000000, 1.662443331144440592E-15 ) ) ;
#1407 = FACE_OUTER_BOUND ( 'NONE', #229, .T. ) ;
#1408 = PLANE ( 'NONE',  #2816 ) ;
#1409 = CARTESIAN_POINT ( 'NONE',  ( -0.1499999999999975797, 0.05000000000000012768, -0.7999999999999999334 ) ) ;
#1410 = ORIENTED_EDGE ( 'NONE', *, *, #3169, .T. ) ;
#1411 = PRESENTATION_STYLE_ASSIGNMENT (( #2475 ) ) ;
#1412 = CARTESIAN_POINT ( 'NONE',  ( 1.000000000000000000, 0.1999999999999999833, -0.1999999999999999278 ) ) ;
#1413 = AXIS2_PLACEMENT_3D ( 'NONE', #2392, #19, #807 ) ;
#1414 = VERTEX_POINT ( 'NONE', #2167 ) ;
#1415 = CARTESIAN_POINT ( 'NONE',  ( 0.4499999999999997891, 0.000000000000000000, 0.8000000000000002665 ) ) ;
#1416 = EDGE_CURVE ( 'NONE', #1329, #1451, #256, .T. ) ;
#1417 = ADVANCED_FACE ( 'NONE', ( #2442 ), #2426, .F. ) ;
#1418 = CLOSED_SHELL ( 'NONE', ( #1871, #554, #1636, #1848, #920, #1094, #3190, #180 ) ) ;
#1419 = COLOUR_RGB ( '',0.2509803921568627416, 0.2509803921568627416, 0.2509803921568627416 ) ;
#1420 = CARTESIAN_POINT ( 'NONE',  ( -0.9999999999999997780, 0.2000000000000000111, -0.8500000000000003109 ) ) ;
#1421 = VECTOR ( 'NONE', #2878, 1000.000000000000000 ) ;
#1422 = VECTOR ( 'NONE', #2030, 1000.000000000000000 ) ;
#1423 = EDGE_CURVE ( 'NONE', #785, #1601, #3448, .T. ) ;
#1424 = EDGE_LOOP ( 'NONE', ( #1274, #3228, #2882, #1747 ) ) ;
#1425 = ADVANCED_FACE ( 'NONE', ( #300 ), #1863, .T. ) ;
#1426 = FACE_OUTER_BOUND ( 'NONE', #2709, .T. ) ;
#1427 = FACE_OUTER_BOUND ( 'NONE', #3340, .T. ) ;
#1428 = LINE ( 'NONE', #1987, #348 ) ;
#1429 = CARTESIAN_POINT ( 'NONE',  ( 0.7000000000000001776, 0.1000000000000000472, -0.4499999999999997335 ) ) ;
#1430 = ORIENTED_EDGE ( 'NONE', *, *, #20, .T. ) ;
#1431 = ORIENTED_EDGE ( 'NONE', *, *, #2113, .T. ) ;
#1432 = CARTESIAN_POINT ( 'NONE',  ( -1.000000000000000222, 0.1000000000000000056, -0.8500000000000003109 ) ) ;
#1433 = DIRECTION ( 'NONE',  ( 1.000000000000000000, 0.000000000000000000, 2.168404344971009115E-16 ) ) ;
#1434 = VERTEX_POINT ( 'NONE', #1605 ) ;
#1435 = LINE ( 'NONE', #880, #327 ) ;
#1436 = CARTESIAN_POINT ( 'NONE',  ( -2.818925648462311528E-16, 0.2000000000000000111, 1.300000000000000044 ) ) ;
#1437 = CARTESIAN_POINT ( 'NONE',  ( -0.4499999999999996780, 0.2000000000000000944, -0.5000000000000014433 ) ) ;
#1438 = ORIENTED_EDGE ( 'NONE', *, *, #3151, .T. ) ;
#1439 = EDGE_CURVE ( 'NONE', #208, #1012, #2180, .T. ) ;
#1440 = EDGE_CURVE ( 'NONE', #3116, #1551, #575, .T. ) ;
#1441 = CARTESIAN_POINT ( 'NONE',  ( -9.757819552369538673E-17, 0.05000000000000000278, 0.4499999999999999001 ) ) ;
#1442 = FACE_OUTER_BOUND ( 'NONE', #1381, .T. ) ;
#1443 = LINE ( 'NONE', #856, #1980 ) ;
#1444 = PLANE ( 'NONE',  #3033 ) ;
#1445 = ORIENTED_EDGE ( 'NONE', *, *, #3129, .F. ) ;
#1446 = AXIS2_PLACEMENT_3D ( 'NONE', #1085, #1564, #2405 ) ;
#1447 = EDGE_LOOP ( 'NONE', ( #2921, #2545, #168, #157, #283, #2947, #2293, #2450, #915, #989, #2995, #2830, #415, #1099, #479, #503 ) ) ;
#1448 = LINE ( 'NONE', #1394, #1973 ) ;
#1449 = SURFACE_STYLE_FILL_AREA ( #1783 ) ;
#1450 = VECTOR ( 'NONE', #1169, 1000.000000000000000 ) ;
#1451 = VERTEX_POINT ( 'NONE', #239 ) ;
#1452 = LINE ( 'NONE', #2798, #1734 ) ;
#1453 = VECTOR ( 'NONE', #2803, 1000.000000000000000 ) ;
#1454 = FILL_AREA_STYLE ('',( #2711 ) ) ;
#1455 = VECTOR ( 'NONE', #3078, 1000.000000000000000 ) ;
#1456 = CARTESIAN_POINT ( 'NONE',  ( -0.4749999999999989786, 0.000000000000000000, -0.4750000000000008660 ) ) ;
#1457 = PRESENTATION_LAYER_ASSIGNMENT (  '', '', ( #2687 ) ) ;
#1458 = ORIENTED_EDGE ( 'NONE', *, *, #3444, .F. ) ;
#1459 = DIRECTION ( 'NONE',  ( 1.000000000000000000, 0.000000000000000000, 2.168404344971009115E-16 ) ) ;
#1460 = PLANE ( 'NONE',  #330 ) ;
#1461 = EDGE_CURVE ( 'NONE', #3081, #3223, #1342, .T. ) ;
#1462 = DIRECTION ( 'NONE',  ( -2.168404344971009115E-16, 0.000000000000000000, 1.000000000000000000 ) ) ;
#1463 = DIRECTION ( 'NONE',  ( -1.000000000000000000, 0.000000000000000000, -2.168404344971009115E-16 ) ) ;
#1464 = EDGE_CURVE ( 'NONE', #1821, #2551, #1881, .T. ) ;
#1465 = ORIENTED_EDGE ( 'NONE', *, *, #993, .T. ) ;
#1466 = DIRECTION ( 'NONE',  ( -2.674365358797580891E-15, 0.000000000000000000, -1.000000000000000000 ) ) ;
#1467 = DIRECTION ( 'NONE',  ( -2.168404344971009115E-16, 0.000000000000000000, 1.000000000000000000 ) ) ;
#1468 = ORIENTED_EDGE ( 'NONE', *, *, #1439, .F. ) ;
#1469 = PLANE ( 'NONE',  #246 ) ;
#1470 = ORIENTED_EDGE ( 'NONE', *, *, #1039, .F. ) ;
#1471 = DIRECTION ( 'NONE',  ( 2.168404344971009115E-16, 0.000000000000000000, -1.000000000000000000 ) ) ;
#1472 = FILL_AREA_STYLE ('',( #117 ) ) ;
#1473 = CARTESIAN_POINT ( 'NONE',  ( -0.9500000000000006217, 0.1000000000000000056, 0.9999999999999997780 ) ) ;
#1474 = VECTOR ( 'NONE', #1830, 1000.000000000000000 ) ;
#1475 = AXIS2_PLACEMENT_3D ( 'NONE', #1590, #2672, #1883 ) ;
#1476 = ORIENTED_EDGE ( 'NONE', *, *, #1201, .F. ) ;
#1477 = DIRECTION ( 'NONE',  ( -0.000000000000000000, -1.000000000000000000, 0.000000000000000000 ) ) ;
#1478 = AXIS2_PLACEMENT_3D ( 'NONE', #2006, #3090, #2290 ) ;
#1479 = VECTOR ( 'NONE', #2159, 1000.000000000000000 ) ;
#1480 = DIRECTION ( 'NONE',  ( 0.000000000000000000, -1.000000000000000000, 0.000000000000000000 ) ) ;
#1481 = DIRECTION ( 'NONE',  ( 0.000000000000000000, -1.000000000000000000, 0.000000000000000000 ) ) ;
#1482 = CARTESIAN_POINT ( 'NONE',  ( -0.7000000000000000666, 0.2000000000000000111, -0.8500000000000001998 ) ) ;
#1483 = ORIENTED_EDGE ( 'NONE', *, *, #1423, .F. ) ;
#1484 = DIRECTION ( 'NONE',  ( -1.000000000000000000, 0.000000000000000000, 2.674365358797580891E-15 ) ) ;
#1485 = EDGE_CURVE ( 'NONE', #1884, #2942, #1929, .T. ) ;
#1486 = CARTESIAN_POINT ( 'NONE',  ( -0.7000000000000001776, 0.000000000000000000, -0.4500000000000000666 ) ) ;
#1487 = ORIENTED_EDGE ( 'NONE', *, *, #3330, .F. ) ;
#1488 = EDGE_CURVE ( 'NONE', #1691, #1827, #2001, .T. ) ;
#1489 = VERTEX_POINT ( 'NONE', #3303 ) ;
#1490 = EDGE_CURVE ( 'NONE', #1347, #1594, #1139, .T. ) ;
#1491 = PLANE ( 'NONE',  #2236 ) ;
#1492 = FACE_OUTER_BOUND ( 'NONE', #1892, .T. ) ;
#1493 = VERTEX_POINT ( 'NONE', #663 ) ;
#1494 = CARTESIAN_POINT ( 'NONE',  ( 0.4499999999999997891, 2.035755975068581858, 0.8000000000000002665 ) ) ;
#1495 = CARTESIAN_POINT ( 'NONE',  ( 1.000000000000000444, 0.1000000000000000056, 0.4500000000000001221 ) ) ;
#1496 = DIRECTION ( 'NONE',  ( 0.000000000000000000, -1.000000000000000000, 0.000000000000000000 ) ) ;
#1497 = FACE_OUTER_BOUND ( 'NONE', #1196, .T. ) ;
#1498 = ORIENTED_EDGE ( 'NONE', *, *, #60, .T. ) ;
#1499 = CARTESIAN_POINT ( 'NONE',  ( 1.000000000000000000, 0.1999999999999999833, 0.2000000000000007327 ) ) ;
#1500 = CARTESIAN_POINT ( 'NONE',  ( 0.7000000000000001776, 0.04999999999999999584, -0.4499999999999997335 ) ) ;
#1501 = CARTESIAN_POINT ( 'NONE',  ( 0.6999999999999998446, 0.04999999999999999584, 0.8500000000000001998 ) ) ;
#1502 = ORIENTED_EDGE ( 'NONE', *, *, #1137, .T. ) ;
#1503 = AXIS2_PLACEMENT_3D ( 'NONE', #3445, #1051, #2131 ) ;
#1504 = ORIENTED_EDGE ( 'NONE', *, *, #1485, .T. ) ;
#1505 = ADVANCED_FACE ( 'NONE', ( #2215 ), #3269, .F. ) ;
#1506 = AXIS2_PLACEMENT_3D ( 'NONE', #409, #676, #997 ) ;
#1507 = EDGE_CURVE ( 'NONE', #3081, #2467, #86, .T. ) ;
#1508 = PLANE ( 'NONE',  #2355 ) ;
#1509 = AXIS2_PLACEMENT_3D ( 'NONE', #2505, #869, #2469 ) ;
#1510 = CARTESIAN_POINT ( 'NONE',  ( -1.000000000000000666, 0.1000000000000000056, 0.9999999999999997780 ) ) ;
#1511 = VERTEX_POINT ( 'NONE', #868 ) ;
#1512 = DIRECTION ( 'NONE',  ( -1.000000000000000000, 0.000000000000000000, -2.168404344971009115E-16 ) ) ;
#1513 = AXIS2_PLACEMENT_3D ( 'NONE', #568, #2728, #900 ) ;
#1514 = CARTESIAN_POINT ( 'NONE',  ( -1.000000000000000000, 0.7000000000000006217, -0.2000000000000003164 ) ) ;
#1515 = DIRECTION ( 'NONE',  ( 0.000000000000000000, -1.000000000000000000, 0.000000000000000000 ) ) ;
#1516 = ORIENTED_EDGE ( 'NONE', *, *, #2831, .T. ) ;
#1517 = CARTESIAN_POINT ( 'NONE',  ( 0.7000000000000000666, 0.05000000000000000278, 1.517883041479706701E-16 ) ) ;
#1518 = DIRECTION ( 'NONE',  ( -0.000000000000000000, -1.000000000000000000, 0.000000000000000000 ) ) ;
#1519 = ORIENTED_EDGE ( 'NONE', *, *, #3082, .F. ) ;
#1520 =( LENGTH_UNIT ( ) NAMED_UNIT ( * ) SI_UNIT ( .MILLI., .METRE. ) );
#1521 = ORIENTED_EDGE ( 'NONE', *, *, #494, .T. ) ;
#1522 = FACE_OUTER_BOUND ( 'NONE', #2185, .T. ) ;
#1523 = EDGE_CURVE ( 'NONE', #2224, #2915, #2732, .T. ) ;
#1524 = CARTESIAN_POINT ( 'NONE',  ( -0.9500000000000000666, 0.1000000000000000056, -1.000000000000000444 ) ) ;
#1525 = ORIENTED_EDGE ( 'NONE', *, *, #3174, .F. ) ;
#1526 = CARTESIAN_POINT ( 'NONE',  ( 0.7000000000000002887, 0.000000000000000000, -0.8499999999999999778 ) ) ;
#1527 = VECTOR ( 'NONE', #1846, 1000.000000000000000 ) ;
#1528 = CARTESIAN_POINT ( 'NONE',  ( -0.7000000000000002887, 0.05000000000000000278, -1.517883041479707194E-16 ) ) ;
#1529 = DIRECTION ( 'NONE',  ( 0.000000000000000000, -1.000000000000000000, 0.000000000000000000 ) ) ;
#1530 = EDGE_CURVE ( 'NONE', #3223, #3081, #1102, .T. ) ;
#1531 = FACE_OUTER_BOUND ( 'NONE', #2420, .T. ) ;
#1532 = EDGE_CURVE ( 'NONE', #611, #2322, #1172, .T. ) ;
#1533 = DIRECTION ( 'NONE',  ( 0.000000000000000000, 1.000000000000000000, 0.000000000000000000 ) ) ;
#1534 = AXIS2_PLACEMENT_3D ( 'NONE', #2612, #2341, #398 ) ;
#1535 = VECTOR ( 'NONE', #986, 1000.000000000000000 ) ;
#1536 = ORIENTED_EDGE ( 'NONE', *, *, #402, .F. ) ;
#1537 = PLANE ( 'NONE',  #2926 ) ;
#1538 = CARTESIAN_POINT ( 'NONE',  ( -0.8334536397951055609, 0.8000000000000000444, -0.7477669361583497709 ) ) ;
#1539 = VECTOR ( 'NONE', #1289, 1000.000000000000000 ) ;
#1540 = ORIENTED_EDGE ( 'NONE', *, *, #1273, .F. ) ;
#1541 = ORIENTED_EDGE ( 'NONE', *, *, #2641, .T. ) ;
#1542 = DIRECTION ( 'NONE',  ( -1.000000000000000000, 0.000000000000000000, 0.000000000000000000 ) ) ;
#1543 = PLANE ( 'NONE',  #2184 ) ;
#1544 = DIRECTION ( 'NONE',  ( -2.168404344971009115E-16, 0.000000000000000000, 1.000000000000000000 ) ) ;
#1545 = EDGE_LOOP ( 'NONE', ( #36, #2621, #1870, #2259 ) ) ;
#1546 = CARTESIAN_POINT ( 'NONE',  ( -0.7000000000000001776, 0.7000000000000006217, -0.4500000000000000666 ) ) ;
#1547 = DIRECTION ( 'NONE',  ( -2.710505431213761085E-16, 0.000000000000000000, 1.000000000000000000 ) ) ;
#1548 = DIRECTION ( 'NONE',  ( -2.168404344971009115E-16, 0.000000000000000000, 1.000000000000000000 ) ) ;
#1549 = PLANE ( 'NONE',  #496 ) ;
#1550 = ADVANCED_FACE ( 'NONE', ( #3008 ), #313, .T. ) ;
#1551 = VERTEX_POINT ( 'NONE', #3287 ) ;
#1552 = EDGE_CURVE ( 'NONE', #135, #3182, #1665, .T. ) ;
#1553 = CARTESIAN_POINT ( 'NONE',  ( 0.000000000000000000, 0.2000000000000000111, 0.000000000000000000 ) ) ;
#1554 = CARTESIAN_POINT ( 'NONE',  ( 1.000000000000000000, 0.2000000000000000111, 0.4500000000000001221 ) ) ;
#1555 = ORIENTED_EDGE ( 'NONE', *, *, #1523, .F. ) ;
#1556 = CARTESIAN_POINT ( 'NONE',  ( -0.9500000000000000666, 0.04999999999999969746, -1.000000000000000444 ) ) ;
#1557 = ORIENTED_EDGE ( 'NONE', *, *, #2117, .T. ) ;
#1558 = FACE_OUTER_BOUND ( 'NONE', #2241, .T. ) ;
#1559 = LINE ( 'NONE', #3405, #431 ) ;
#1560 = VECTOR ( 'NONE', #1121, 1000.000000000000000 ) ;
#1561 = ORIENTED_EDGE ( 'NONE', *, *, #1461, .F. ) ;
#1562 = DIRECTION ( 'NONE',  ( 2.168404344971009115E-16, 0.000000000000000000, -1.000000000000000000 ) ) ;
#1563 = VECTOR ( 'NONE', #2588, 1000.000000000000000 ) ;
#1564 = DIRECTION ( 'NONE',  ( 0.000000000000000000, 1.000000000000000000, 0.000000000000000000 ) ) ;
#1565 = DIRECTION ( 'NONE',  ( 1.000000000000000000, 0.000000000000000000, 2.168404344971009115E-16 ) ) ;
#1566 = CARTESIAN_POINT ( 'NONE',  ( -1.000000000000000222, 0.1000000000000000056, -0.8500000000000003109 ) ) ;
#1567 = VECTOR ( 'NONE', #2393, 1000.000000000000000 ) ;
#1568 = VERTEX_POINT ( 'NONE', #2468 ) ;
#1569 = ORIENTED_EDGE ( 'NONE', *, *, #971, .T. ) ;
#1570 = DIRECTION ( 'NONE',  ( -1.000000000000000000, 0.000000000000000000, 2.674365358797580891E-15 ) ) ;
#1571 = VECTOR ( 'NONE', #2385, 1000.000000000000000 ) ;
#1572 = CARTESIAN_POINT ( 'NONE',  ( 0.7000000000000002887, 0.1999999999999999833, -0.8499999999999999778 ) ) ;
#1573 = EDGE_CURVE ( 'NONE', #528, #1493, #2456, .T. ) ;
#1574 = DIRECTION ( 'NONE',  ( 0.000000000000000000, -1.000000000000000000, 0.000000000000000000 ) ) ;
#1575 = ADVANCED_FACE ( 'NONE', ( #367 ), #887, .F. ) ;
#1576 = CARTESIAN_POINT ( 'NONE',  ( 1.000000000000000000, 0.7000000000000006217, 0.2000000000000007327 ) ) ;
#1577 = ORIENTED_EDGE ( 'NONE', *, *, #3234, .T. ) ;
#1578 = ORIENTED_EDGE ( 'NONE', *, *, #1613, .F. ) ;
#1579 = ADVANCED_FACE ( 'NONE', ( #3255 ), #2523, .T. ) ;
#1580 = CARTESIAN_POINT ( 'NONE',  ( -1.000000000000000222, 0.1000000000000000056, -1.000000000000000222 ) ) ;
#1581 = CARTESIAN_POINT ( 'NONE',  ( 1.000000000000000000, 0.2000000000000000111, 0.4500000000000001221 ) ) ;
#1582 = ORIENTED_EDGE ( 'NONE', *, *, #2388, .T. ) ;
#1583 = CARTESIAN_POINT ( 'NONE',  ( -0.9500000000000005107, 0.000000000000000000, 0.4499999999999996780 ) ) ;
#1584 = DIRECTION ( 'NONE',  ( 1.000000000000000000, 0.000000000000000000, 2.168404344971009115E-16 ) ) ;
#1585 = EDGE_LOOP ( 'NONE', ( #1569, #35, #2933, #1379 ) ) ;
#1586 = EDGE_LOOP ( 'NONE', ( #1403, #630, #74, #1244 ) ) ;
#1587 = CARTESIAN_POINT ( 'NONE',  ( -0.7000000000000005107, 0.1999999999999999833, 0.8499999999999999778 ) ) ;
#1588 = DIRECTION ( 'NONE',  ( 1.000000000000000000, 0.000000000000000000, 2.168404344971009115E-16 ) ) ;
#1589 = VECTOR ( 'NONE', #2150, 1000.000000000000000 ) ;
#1590 = CARTESIAN_POINT ( 'NONE',  ( 0.9999999999999997780, 4.428427124746190380, 1.000000000000000222 ) ) ;
#1591 = ORIENTED_EDGE ( 'NONE', *, *, #1596, .T. ) ;
#1592 = EDGE_CURVE ( 'NONE', #2627, #3453, #52, .T. ) ;
#1593 = VECTOR ( 'NONE', #1477, 1000.000000000000000 ) ;
#1594 = VERTEX_POINT ( 'NONE', #854 ) ;
#1595 = CARTESIAN_POINT ( 'NONE',  ( -0.7359910788960105643, 0.6999999999999999556, -0.7477669361583496599 ) ) ;
#1596 = EDGE_CURVE ( 'NONE', #2493, #1721, #1192, .T. ) ;
#1597 = LINE ( 'NONE', #3455, #2906 ) ;
#1598 = ADVANCED_FACE ( 'NONE', ( #1426 ), #2266, .F. ) ;
#1599 = ORIENTED_EDGE ( 'NONE', *, *, #3276, .F. ) ;
#1600 = FACE_OUTER_BOUND ( 'NONE', #3136, .T. ) ;
#1601 = VERTEX_POINT ( 'NONE', #412 ) ;
#1602 = DIRECTION ( 'NONE',  ( 2.168404344971009115E-16, 0.000000000000000000, -1.000000000000000000 ) ) ;
#1603 = ORIENTED_EDGE ( 'NONE', *, *, #787, .F. ) ;
#1604 = PLANE ( 'NONE',  #636 ) ;
#1605 = CARTESIAN_POINT ( 'NONE',  ( 0.9500000000000000666, 0.1000000000000000056, 0.8500000000000006439 ) ) ;
#1606 = CARTESIAN_POINT ( 'NONE',  ( -0.7000000000000002887, 0.2000000000000000111, 0.1999999999999999278 ) ) ;
#1607 = CARTESIAN_POINT ( 'NONE',  ( 0.9500000000000005107, 0.04999999999999999584, -0.8499999999999998668 ) ) ;
#1608 = VERTEX_POINT ( 'NONE', #2339 ) ;
#1609 = CARTESIAN_POINT ( 'NONE',  ( -1.000000000000000222, 0.1999999999999999833, 0.8500000000000007550 ) ) ;
#1610 = VERTEX_POINT ( 'NONE', #2022 ) ;
#1611 = DIRECTION ( 'NONE',  ( -1.000000000000000000, 0.000000000000000000, -2.168404344971009115E-16 ) ) ;
#1612 = ADVANCED_FACE ( 'NONE', ( #2542 ), #448, .F. ) ;
#1613 = EDGE_CURVE ( 'NONE', #1043, #2656, #2356, .T. ) ;
#1614 = VERTEX_POINT ( 'NONE', #1265 ) ;
#1615 = AXIS2_PLACEMENT_3D ( 'NONE', #803, #3461, #783 ) ;
#1616 = DIRECTION ( 'NONE',  ( -2.168404344971009115E-16, 0.000000000000000000, 1.000000000000000000 ) ) ;
#1617 = ORIENTED_EDGE ( 'NONE', *, *, #2260, .F. ) ;
#1618 = ORIENTED_EDGE ( 'NONE', *, *, #2501, .F. ) ;
#1619 = VECTOR ( 'NONE', #2746, 1000.000000000000000 ) ;
#1620 = DIRECTION ( 'NONE',  ( 0.000000000000000000, 1.000000000000000000, 0.000000000000000000 ) ) ;
#1621 = CARTESIAN_POINT ( 'NONE',  ( 0.4499999999999997891, 0.2000000000000000944, 0.8000000000000002665 ) ) ;
#1622 = CARTESIAN_POINT ( 'NONE',  ( -0.4500000000000001776, 2.035755975068581858, 0.8000000000000000444 ) ) ;
#1623 = VECTOR ( 'NONE', #1584, 1000.000000000000000 ) ;
#1624 = CARTESIAN_POINT ( 'NONE',  ( -0.9999999999999997780, 0.2000000000000000111, -0.8500000000000003109 ) ) ;
#1625 = ORIENTED_EDGE ( 'NONE', *, *, #1416, .T. ) ;
#1626 = AXIS2_PLACEMENT_3D ( 'NONE', #882, #2483, #1703 ) ;
#1627 = ORIENTED_EDGE ( 'NONE', *, *, #2277, .T. ) ;
#1628 = VECTOR ( 'NONE', #1383, 1000.000000000000000 ) ;
#1629 = PLANE ( 'NONE',  #2186 ) ;
#1630 = ORIENTED_EDGE ( 'NONE', *, *, #178, .T. ) ;
#1631 = DIRECTION ( 'NONE',  ( -1.000000000000000000, 0.000000000000000000, -1.662443331144440592E-15 ) ) ;
#1632 = ORIENTED_EDGE ( 'NONE', *, *, #1766, .F. ) ;
#1633 = EDGE_CURVE ( 'NONE', #2598, #2938, #679, .T. ) ;
#1634 = CARTESIAN_POINT ( 'NONE',  ( 0.6999999999999998446, 0.7000000000000006217, 0.8500000000000001998 ) ) ;
#1635 = ORIENTED_EDGE ( 'NONE', *, *, #2556, .F. ) ;
#1636 = ADVANCED_FACE ( 'NONE', ( #1002 ), #2081, .F. ) ;
#1637 = CARTESIAN_POINT ( 'NONE',  ( 0.000000000000000000, 0.1000000000000000056, 0.000000000000000000 ) ) ;
#1638 = DIRECTION ( 'NONE',  ( -1.000000000000000000, 0.000000000000000000, 2.674365358797580891E-15 ) ) ;
#1639 = CARTESIAN_POINT ( 'NONE',  ( -1.000000000000000222, 0.2000000000000000111, 0.8500000000000007550 ) ) ;
#1640 = VECTOR ( 'NONE', #1937, 1000.000000000000000 ) ;
#1641 = ORIENTED_EDGE ( 'NONE', *, *, #1464, .T. ) ;
#1642 = SURFACE_STYLE_FILL_AREA ( #1365 ) ;
#1643 = ORIENTED_EDGE ( 'NONE', *, *, #1782, .T. ) ;
#1644 = AXIS2_PLACEMENT_3D ( 'NONE', #2323, #962, #2041 ) ;
#1645 = CARTESIAN_POINT ( 'NONE',  ( -0.7000000000000005107, 0.1000000000000000056, 0.8499999999999999778 ) ) ;
#1646 = VERTEX_POINT ( 'NONE', #1811 ) ;
#1647 = CARTESIAN_POINT ( 'NONE',  ( -0.4499999999999999001, 0.05000000000000000278, -1.890577538271598110E-16 ) ) ;
#1648 = CARTESIAN_POINT ( 'NONE',  ( 1.000000000000000222, 0.1000000000000000056, 0.8500000000000007550 ) ) ;
#1649 = EDGE_LOOP ( 'NONE', ( #1561, #1885, #802, #3142 ) ) ;
#1650 = ORIENTED_EDGE ( 'NONE', *, *, #227, .T. ) ;
#1651 = DIRECTION ( 'NONE',  ( -1.000000000000000000, 0.000000000000000000, -2.168404344971009115E-16 ) ) ;
#1652 = CARTESIAN_POINT ( 'NONE',  ( -0.7000000000000000666, 0.1999999999999999833, -0.8500000000000001998 ) ) ;
#1653 = EDGE_CURVE ( 'NONE', #1838, #1434, #213, .T. ) ;
#1654 = FACE_OUTER_BOUND ( 'NONE', #651, .T. ) ;
#1655 = EDGE_CURVE ( 'NONE', #2360, #866, #2304, .T. ) ;
#1656 = VERTEX_POINT ( 'NONE', #468 ) ;
#1657 = ORIENTED_EDGE ( 'NONE', *, *, #2722, .T. ) ;
#1658 = DIRECTION ( 'NONE',  ( 1.626303258728256898E-16, 0.000000000000000000, -1.000000000000000000 ) ) ;
#1659 = EDGE_CURVE ( 'NONE', #564, #2970, #1775, .T. ) ;
#1660 = ORIENTED_EDGE ( 'NONE', *, *, #3446, .T. ) ;
#1661 = DIRECTION ( 'NONE',  ( -1.000000000000000000, 0.000000000000000000, 2.674365358797580891E-15 ) ) ;
#1662 = FACE_OUTER_BOUND ( 'NONE', #2502, .T. ) ;
#1663 = VERTEX_POINT ( 'NONE', #1495 ) ;
#1664 = VECTOR ( 'NONE', #3103, 1000.000000000000000 ) ;
#1665 = LINE ( 'NONE', #907, #598 ) ;
#1666 = CARTESIAN_POINT ( 'NONE',  ( -0.8334536397951055609, 0.6999999999999999556, -0.7477669361583497709 ) ) ;
#1667 = VECTOR ( 'NONE', #518, 1000.000000000000000 ) ;
#1668 = DIRECTION ( 'NONE',  ( -2.674365358797580891E-15, 0.000000000000000000, -1.000000000000000000 ) ) ;
#1669 = PLANE ( 'NONE',  #845 ) ;
#1670 = ORIENTED_EDGE ( 'NONE', *, *, #467, .F. ) ;
#1671 = EDGE_CURVE ( 'NONE', #3123, #1851, #1231, .T. ) ;
#1672 = VECTOR ( 'NONE', #1776, 1000.000000000000000 ) ;
#1673 = CARTESIAN_POINT ( 'NONE',  ( 1.000000000000000222, 0.1000000000000000056, -0.8499999999999998668 ) ) ;
#1674 = EDGE_CURVE ( 'NONE', #1601, #999, #1284, .T. ) ;
#1675 = VECTOR ( 'NONE', #2192, 1000.000000000000000 ) ;
#1676 = DIRECTION ( 'NONE',  ( 2.168404344971009115E-16, 0.000000000000000000, -1.000000000000000000 ) ) ;
#1677 =( LENGTH_UNIT ( ) NAMED_UNIT ( * ) SI_UNIT ( .MILLI., .METRE. ) );
#1678 = ORIENTED_EDGE ( 'NONE', *, *, #1440, .F. ) ;
#1679 = ADVANCED_FACE ( 'NONE', ( #1018 ), #2043, .T. ) ;
#1680 = AXIS2_PLACEMENT_3D ( 'NONE', #2568, #2009, #3115 ) ;
#1681 = LINE ( 'NONE', #864, #770 ) ;
#1682 = EDGE_CURVE ( 'NONE', #2453, #24, #160, .T. ) ;
#1683 = CARTESIAN_POINT ( 'NONE',  ( -0.9500000000000000666, 0.1000000000000000056, -1.000000000000000444 ) ) ;
#1684 = DIRECTION ( 'NONE',  ( -1.000000000000000000, 0.000000000000000000, -1.662443331144440592E-15 ) ) ;
#1685 = ORIENTED_EDGE ( 'NONE', *, *, #1738, .F. ) ;
#1686 = ORIENTED_EDGE ( 'NONE', *, *, #1523, .T. ) ;
#1687 = DIRECTION ( 'NONE',  ( 0.000000000000000000, -1.000000000000000000, 0.000000000000000000 ) ) ;
#1688 = DIRECTION ( 'NONE',  ( 1.000000000000000000, 0.000000000000000000, 2.168404344971009115E-16 ) ) ;
#1689 = DIRECTION ( 'NONE',  ( 1.000000000000000000, 0.000000000000000000, 2.168404344971009115E-16 ) ) ;
#1690 = PLANE ( 'NONE',  #1310 ) ;
#1691 = VERTEX_POINT ( 'NONE', #2284 ) ;
#1692 = DIRECTION ( 'NONE',  ( 0.000000000000000000, 1.000000000000000000, 0.000000000000000000 ) ) ;
#1693 = VERTEX_POINT ( 'NONE', #964 ) ;
#1694 = CARTESIAN_POINT ( 'NONE',  ( -0.7000000000000002887, 0.2000000000000000111, 0.1999999999999999278 ) ) ;
#1695 = VECTOR ( 'NONE', #438, 1000.000000000000000 ) ;
#1696 = VECTOR ( 'NONE', #2918, 1000.000000000000000 ) ;
#1697 = ORIENTED_EDGE ( 'NONE', *, *, #2231, .F. ) ;
#1698 = PLANE ( 'NONE',  #1840 ) ;
#1699 = EDGE_CURVE ( 'NONE', #1143, #201, #3375, .T. ) ;
#1700 = CLOSED_SHELL ( 'NONE', ( #1505, #2073, #200, #2744, #284, #339, #1, #2461 ) ) ;
#1701 = AXIS2_PLACEMENT_3D ( 'NONE', #4, #1090, #2414 ) ;
#1702 = EDGE_CURVE ( 'NONE', #842, #1614, #3336, .T. ) ;
#1703 = DIRECTION ( 'NONE',  ( -1.000000000000000000, 0.000000000000000000, 0.000000000000000000 ) ) ;
#1704 = AXIS2_PLACEMENT_3D ( 'NONE', #3159, #2148, #757 ) ;
#1705 = CARTESIAN_POINT ( 'NONE',  ( 0.6999999999999999556, 0.000000000000000000, 0.4500000000000000666 ) ) ;
#1706 = ORIENTED_EDGE ( 'NONE', *, *, #41, .T. ) ;
#1707 = ORIENTED_EDGE ( 'NONE', *, *, #529, .T. ) ;
#1708 = CARTESIAN_POINT ( 'NONE',  ( 0.9500000000000005107, 0.1000000000000000056, -1.000000000000000000 ) ) ;
#1709 = CARTESIAN_POINT ( 'NONE',  ( 0.000000000000000000, 0.2000000000000000111, 0.000000000000000000 ) ) ;
#1710 = CARTESIAN_POINT ( 'NONE',  ( 0.9500000000000003997, 0.1000000000000000056, -0.4499999999999992339 ) ) ;
#1711 = LINE ( 'NONE', #1409, #2648 ) ;
#1712 = ORIENTED_EDGE ( 'NONE', *, *, #2955, .T. ) ;
#1713 = LINE ( 'NONE', #1153, #903 ) ;
#1714 = ORIENTED_EDGE ( 'NONE', *, *, #2428, .F. ) ;
#1715 = CARTESIAN_POINT ( 'NONE',  ( 0.9500000000000001776, 0.2000000000000000111, 0.4500000000000001221 ) ) ;
#1716 = ORIENTED_EDGE ( 'NONE', *, *, #2093, .F. ) ;
#1717 = PLANE ( 'NONE',  #2401 ) ;
#1718 = CARTESIAN_POINT ( 'NONE',  ( -0.7000000000000002887, 0.000000000000000000, -0.2000000000000002609 ) ) ;
#1719 = EDGE_CURVE ( 'NONE', #2527, #2956, #432, .T. ) ;
#1720 = SURFACE_STYLE_FILL_AREA ( #1964 ) ;
#1721 = VERTEX_POINT ( 'NONE', #177 ) ;
#1722 = ORIENTED_EDGE ( 'NONE', *, *, #152, .T. ) ;
#1723 = CARTESIAN_POINT ( 'NONE',  ( 0.000000000000000000, 0.2000000000000000111, 0.000000000000000000 ) ) ;
#1724 = CARTESIAN_POINT ( 'NONE',  ( 0.7000000000000000666, 0.2000000000000000111, 0.2000000000000002609 ) ) ;
#1725 = DIRECTION ( 'NONE',  ( -1.000000000000000000, 0.000000000000000000, -1.626303258728256898E-16 ) ) ;
#1726 = FACE_OUTER_BOUND ( 'NONE', #2819, .T. ) ;
#1727 = ORIENTED_EDGE ( 'NONE', *, *, #2276, .F. ) ;
#1728 =( LENGTH_UNIT ( ) NAMED_UNIT ( * ) SI_UNIT ( .MILLI., .METRE. ) );
#1729 = VECTOR ( 'NONE', #1616, 1000.000000000000000 ) ;
#1730 = ORIENTED_EDGE ( 'NONE', *, *, #178, .F. ) ;
#1731 = VECTOR ( 'NONE', #1736, 1000.000000000000000 ) ;
#1732 = EDGE_LOOP ( 'NONE', ( #387, #1430, #3071, #1879 ) ) ;
#1733 = DIRECTION ( 'NONE',  ( 1.000000000000000000, 0.000000000000000000, 2.710505431213761085E-16 ) ) ;
#1734 = VECTOR ( 'NONE', #151, 1000.000000000000000 ) ;
#1735 = AXIS2_PLACEMENT_3D ( 'NONE', #1787, #2851, #2335 ) ;
#1736 = DIRECTION ( 'NONE',  ( -2.168404344971009115E-16, 0.000000000000000000, 1.000000000000000000 ) ) ;
#1737 = ORIENTED_EDGE ( 'NONE', *, *, #661, .T. ) ;
#1738 = EDGE_CURVE ( 'NONE', #2493, #2265, #1247, .T. ) ;
#1739 = VERTEX_POINT ( 'NONE', #1795 ) ;
#1740 = CARTESIAN_POINT ( 'NONE',  ( 0.7000000000000000666, 0.2000000000000000111, -0.1999999999999999278 ) ) ;
#1741 = PLANE ( 'NONE',  #434 ) ;
#1742 = PLANE ( 'NONE',  #1534 ) ;
#1743 = EDGE_CURVE ( 'NONE', #395, #286, #2856, .T. ) ;
#1744 = VERTEX_POINT ( 'NONE', #2683 ) ;
#1745 = CARTESIAN_POINT ( 'NONE',  ( 0.7000000000000000666, 0.2000000000000000111, 0.2000000000000002609 ) ) ;
#1746 = ADVANCED_FACE ( 'NONE', ( #521 ), #2145, .T. ) ;
#1747 = ORIENTED_EDGE ( 'NONE', *, *, #940, .F. ) ;
#1748 =( LENGTH_UNIT ( ) NAMED_UNIT ( * ) SI_UNIT ( .MILLI., .METRE. ) );
#1749 = ORIENTED_EDGE ( 'NONE', *, *, #2831, .F. ) ;
#1750 = PLANE ( 'NONE',  #2506 ) ;
#1751 = PLANE ( 'NONE',  #3237 ) ;
#1752 = AXIS2_PLACEMENT_3D ( 'NONE', #2384, #1888, #3199 ) ;
#1753 = CARTESIAN_POINT ( 'NONE',  ( -1.000000000000000000, 0.2000000000000000111, -0.4499999999999992339 ) ) ;
#1754 = AXIS2_PLACEMENT_3D ( 'NONE', #370, #1156, #109 ) ;
#1755 = UNCERTAINTY_MEASURE_WITH_UNIT (LENGTH_MEASURE( 1.000000000000000082E-05 ), #1520, 'distance_accuracy_value', 'NONE');
#1756 = VERTEX_POINT ( 'NONE', #1583 ) ;
#1757 = PLANE ( 'NONE',  #514 ) ;
#1758 = VECTOR ( 'NONE', #704, 1000.000000000000000 ) ;
#1759 = DIRECTION ( 'NONE',  ( 1.662443331144440592E-15, 0.000000000000000000, -1.000000000000000000 ) ) ;
#1760 = CARTESIAN_POINT ( 'NONE',  ( -0.9500000000000000666, 0.1000000000000000056, -1.000000000000000444 ) ) ;
#1761 = PLANE ( 'NONE',  #3343 ) ;
#1762 = LINE ( 'NONE', #2063, #458 ) ;
#1763 = ORIENTED_EDGE ( 'NONE', *, *, #2306, .F. ) ;
#1764 = LINE ( 'NONE', #1517, #3035 ) ;
#1765 = FACE_OUTER_BOUND ( 'NONE', #3131, .T. ) ;
#1766 = EDGE_CURVE ( 'NONE', #2115, #2705, #1302, .T. ) ;
#1767 = DIRECTION ( 'NONE',  ( -2.168404344971009115E-16, 0.000000000000000000, 1.000000000000000000 ) ) ;
#1768 = ORIENTED_EDGE ( 'NONE', *, *, #3311, .T. ) ;
#1769 = ADVANCED_FACE ( 'NONE', ( #1878 ), #2888, .F. ) ;
#1770 = ORIENTED_EDGE ( 'NONE', *, *, #319, .T. ) ;
#1771 = DIRECTION ( 'NONE',  ( 2.710505431213761085E-16, 0.000000000000000000, -1.000000000000000000 ) ) ;
#1772 = LINE ( 'NONE', #1753, #1283 ) ;
#1773 = ORIENTED_EDGE ( 'NONE', *, *, #2575, .F. ) ;
#1774 = DIRECTION ( 'NONE',  ( 1.000000000000000000, 0.000000000000000000, 4.201283418381329682E-16 ) ) ;
#1775 = LINE ( 'NONE', #945, #1161 ) ;
#1776 = DIRECTION ( 'NONE',  ( -2.710505431213761085E-16, 0.000000000000000000, 1.000000000000000000 ) ) ;
#1777 = CARTESIAN_POINT ( 'NONE',  ( -0.7359910788960105643, 0.6999999999999999556, -0.7477669361583496599 ) ) ;
#1778 = EDGE_LOOP ( 'NONE', ( #1784, #3227, #1207, #42 ) ) ;
#1779 = DIRECTION ( 'NONE',  ( 0.000000000000000000, -1.000000000000000000, 0.000000000000000000 ) ) ;
#1780 = DIRECTION ( 'NONE',  ( 0.000000000000000000, -1.000000000000000000, 0.000000000000000000 ) ) ;
#1781 = ORIENTED_EDGE ( 'NONE', *, *, #250, .F. ) ;
#1782 = EDGE_CURVE ( 'NONE', #3463, #2885, #537, .T. ) ;
#1783 = FILL_AREA_STYLE ('',( #979 ) ) ;
#1784 = ORIENTED_EDGE ( 'NONE', *, *, #1573, .F. ) ;
#1785 = CIRCLE ( 'NONE', #2232, 0.09746256089909494102 ) ;
#1786 = AXIS2_PLACEMENT_3D ( 'NONE', #1343, #2411, #2 ) ;
#1787 = CARTESIAN_POINT ( 'NONE',  ( 0.4499999999999997891, 2.035755975068581858, 0.8000000000000002665 ) ) ;
#1788 = EDGE_CURVE ( 'NONE', #191, #677, #2373, .T. ) ;
#1789 = AXIS2_PLACEMENT_3D ( 'NONE', #3045, #2267, #2286 ) ;
#1790 = PLANE ( 'NONE',  #2566 ) ;
#1791 = EDGE_CURVE ( 'NONE', #2915, #776, #254, .T. ) ;
#1792 = ORIENTED_EDGE ( 'NONE', *, *, #2173, .T. ) ;
#1793 = LINE ( 'NONE', #483, #3424 ) ;
#1794 = COLOUR_RGB ( '',0.7921568627450980005, 0.8196078431372548767, 0.9333333333333333481 ) ;
#1795 = CARTESIAN_POINT ( 'NONE',  ( -1.000000000000000666, 0.1000000000000000056, 0.8500000000000007550 ) ) ;
#1796 = FACE_OUTER_BOUND ( 'NONE', #1404, .T. ) ;
#1797 = CARTESIAN_POINT ( 'NONE',  ( -0.7359910788960105643, 0.8000000000000000444, -0.7477669361583496599 ) ) ;
#1798 = VECTOR ( 'NONE', #1658, 1000.000000000000000 ) ;
#1799 = ORIENTED_EDGE ( 'NONE', *, *, #2765, .F. ) ;
#1800 = DIRECTION ( 'NONE',  ( 0.000000000000000000, 1.000000000000000000, 0.000000000000000000 ) ) ;
#1801 = DIRECTION ( 'NONE',  ( -0.000000000000000000, -1.000000000000000000, 0.000000000000000000 ) ) ;
#1802 = ORIENTED_EDGE ( 'NONE', *, *, #1337, .T. ) ;
#1803 = SURFACE_SIDE_STYLE ('',( #1449 ) ) ;
#1804 = ORIENTED_EDGE ( 'NONE', *, *, #1294, .T. ) ;
#1805 = CARTESIAN_POINT ( 'NONE',  ( -0.7000000000000000666, 0.7000000000000006217, -0.8500000000000001998 ) ) ;
#1806 = CARTESIAN_POINT ( 'NONE',  ( -0.7000000000000000666, 0.04999999999999999584, -0.8500000000000001998 ) ) ;
#1807 = EDGE_CURVE ( 'NONE', #2371, #2178, #752, .T. ) ;
#1808 = EDGE_CURVE ( 'NONE', #2548, #2445, #285, .T. ) ;
#1809 = VERTEX_POINT ( 'NONE', #3170 ) ;
#1810 = CARTESIAN_POINT ( 'NONE',  ( 0.7000000000000001776, 0.2000000000000000111, -0.4499999999999997335 ) ) ;
#1811 = CARTESIAN_POINT ( 'NONE',  ( 0.9500000000000003997, 0.000000000000000000, -0.4499999999999992339 ) ) ;
#1812 = CARTESIAN_POINT ( 'NONE',  ( 0.000000000000000000, 0.000000000000000000, 0.000000000000000000 ) ) ;
#1813 = VERTEX_POINT ( 'NONE', #2666 ) ;
#1814 = PLANE ( 'NONE',  #909 ) ;
#1815 = ADVANCED_BREP_SHAPE_REPRESENTATION ( 'DEE6', ( #3053, #750, #1913, #3106, #1903, #3140, #744, #3046, #795, #1680 ), #3075 ) ;
#1816 = DIRECTION ( 'NONE',  ( 1.000000000000000000, 0.000000000000000000, 2.168404344971009115E-16 ) ) ;
#1817 = ORIENTED_EDGE ( 'NONE', *, *, #1178, .F. ) ;
#1818 = ORIENTED_EDGE ( 'NONE', *, *, #2070, .T. ) ;
#1819 = CARTESIAN_POINT ( 'NONE',  ( 0.9500000000000005107, 0.000000000000000000, -1.000000000000000000 ) ) ;
#1820 = CARTESIAN_POINT ( 'NONE',  ( 0.4499999999999997891, 0.000000000000000000, 0.8000000000000002665 ) ) ;
#1821 = VERTEX_POINT ( 'NONE', #1895 ) ;
#1822 = DIRECTION ( 'NONE',  ( -0.000000000000000000, -1.000000000000000000, 0.000000000000000000 ) ) ;
#1823 = EDGE_CURVE ( 'NONE', #677, #842, #269, .T. ) ;
#1824 = EDGE_CURVE ( 'NONE', #2383, #3182, #1336, .T. ) ;
#1825 = LINE ( 'NONE', #2630, #3001 ) ;
#1826 = DIRECTION ( 'NONE',  ( 0.000000000000000000, -1.000000000000000000, 0.000000000000000000 ) ) ;
#1827 = VERTEX_POINT ( 'NONE', #2421 ) ;
#1828 = ORIENTED_EDGE ( 'NONE', *, *, #2935, .F. ) ;
#1829 = LINE ( 'NONE', #806, #801 ) ;
#1830 = DIRECTION ( 'NONE',  ( 2.710505431213761085E-16, 0.000000000000000000, -1.000000000000000000 ) ) ;
#1831 = DIRECTION ( 'NONE',  ( 2.168404344971009115E-16, 0.000000000000000000, -1.000000000000000000 ) ) ;
#1832 = ORIENTED_EDGE ( 'NONE', *, *, #2571, .T. ) ;
#1833 = ORIENTED_EDGE ( 'NONE', *, *, #2953, .F. ) ;
#1834 = FACE_OUTER_BOUND ( 'NONE', #1866, .T. ) ;
#1835 = VECTOR ( 'NONE', #819, 1000.000000000000000 ) ;
#1836 = DIRECTION ( 'NONE',  ( 0.000000000000000000, -1.000000000000000000, 0.000000000000000000 ) ) ;
#1837 = AXIS2_PLACEMENT_3D ( 'NONE', #2438, #2464, #28 ) ;
#1838 = VERTEX_POINT ( 'NONE', #1374 ) ;
#1839 = DIRECTION ( 'NONE',  ( -1.000000000000000000, 0.000000000000000000, -1.626303258728256898E-16 ) ) ;
#1840 = AXIS2_PLACEMENT_3D ( 'NONE', #565, #1097, #843 ) ;
#1841 = CARTESIAN_POINT ( 'NONE',  ( 0.7000000000000000666, 0.1000000000000000472, -0.1999999999999999278 ) ) ;
#1842 = CARTESIAN_POINT ( 'NONE',  ( -0.7000000000000003997, 0.1999999999999999833, 0.4499999999999997335 ) ) ;
#1843 = ADVANCED_FACE ( 'NONE', ( #17 ), #2649, .F. ) ;
#1844 = VECTOR ( 'NONE', #2427, 1000.000000000000000 ) ;
#1845 = STYLED_ITEM ( 'NONE', ( #408 ), #3140 ) ;
#1846 = DIRECTION ( 'NONE',  ( 0.000000000000000000, -1.000000000000000000, 0.000000000000000000 ) ) ;
#1847 = DIRECTION ( 'NONE',  ( -2.168404344971009115E-16, 0.000000000000000000, 1.000000000000000000 ) ) ;
#1848 = ADVANCED_FACE ( 'NONE', ( #29 ), #2958, .F. ) ;
#1849 = DIRECTION ( 'NONE',  ( 1.000000000000000000, 0.000000000000000000, 2.168404344971009115E-16 ) ) ;
#1850 = EDGE_CURVE ( 'NONE', #2144, #977, #1825, .T. ) ;
#1851 = VERTEX_POINT ( 'NONE', #501 ) ;
#1852 = COLOUR_RGB ( '',0.7921568627450980005, 0.8196078431372548767, 0.9333333333333333481 ) ;
#1853 = VERTEX_POINT ( 'NONE', #1322 ) ;
#1854 = DIRECTION ( 'NONE',  ( 1.000000000000000000, 0.000000000000000000, 2.168404344971009115E-16 ) ) ;
#1855 = DIRECTION ( 'NONE',  ( 1.000000000000000000, 0.000000000000000000, 2.168404344971009115E-16 ) ) ;
#1856 = ORIENTED_EDGE ( 'NONE', *, *, #2055, .T. ) ;
#1857 = DIRECTION ( 'NONE',  ( 1.000000000000000000, 0.000000000000000000, -4.119968255444905805E-15 ) ) ;
#1858 = DIRECTION ( 'NONE',  ( 1.000000000000000000, 0.000000000000000000, 2.710505431213761085E-16 ) ) ;
#1859 = ORIENTED_EDGE ( 'NONE', *, *, #3332, .T. ) ;
#1860 = DIRECTION ( 'NONE',  ( 0.000000000000000000, 0.000000000000000000, -1.000000000000000000 ) ) ;
#1861 = LINE ( 'NONE', #3464, #3370 ) ;
#1862 = VECTOR ( 'NONE', #32, 1000.000000000000000 ) ;
#1863 = PLANE ( 'NONE',  #13 ) ;
#1864 = FACE_OUTER_BOUND ( 'NONE', #1339, .T. ) ;
#1865 = CARTESIAN_POINT ( 'NONE',  ( 0.7000000000000002887, 0.2000000000000000111, -0.8499999999999999778 ) ) ;
#1866 = EDGE_LOOP ( 'NONE', ( #2796, #1483, #724, #1670 ) ) ;
#1867 = FILL_AREA_STYLE_COLOUR ( '', #1419 ) ;
#1868 = VECTOR ( 'NONE', #2409, 1000.000000000000000 ) ;
#1869 = VECTOR ( 'NONE', #1215, 1000.000000000000000 ) ;
#1870 = ORIENTED_EDGE ( 'NONE', *, *, #3342, .F. ) ;
#1871 = ADVANCED_FACE ( 'NONE', ( #235 ), #2390, .F. ) ;
#1872 = EDGE_CURVE ( 'NONE', #1043, #3118, #3189, .T. ) ;
#1873 = DIRECTION ( 'NONE',  ( -0.000000000000000000, -1.000000000000000000, 0.000000000000000000 ) ) ;
#1874 = LINE ( 'NONE', #9, #2797 ) ;
#1875 = ORIENTED_EDGE ( 'NONE', *, *, #2413, .F. ) ;
#1876 = DIRECTION ( 'NONE',  ( -1.626303258728256898E-16, 0.000000000000000000, 1.000000000000000000 ) ) ;
#1877 = EDGE_LOOP ( 'NONE', ( #1706, #3051, #1319, #896, #1641 ) ) ;
#1878 = FACE_OUTER_BOUND ( 'NONE', #1983, .T. ) ;
#1879 = ORIENTED_EDGE ( 'NONE', *, *, #2917, .F. ) ;
#1880 = FACE_OUTER_BOUND ( 'NONE', #3354, .T. ) ;
#1881 = LINE ( 'NONE', #1621, #546 ) ;
#1882 = LINE ( 'NONE', #541, #1057 ) ;
#1883 = DIRECTION ( 'NONE',  ( 0.000000000000000000, 0.000000000000000000, 1.000000000000000000 ) ) ;
#1884 = VERTEX_POINT ( 'NONE', #1437 ) ;
#1885 = ORIENTED_EDGE ( 'NONE', *, *, #1507, .T. ) ;
#1886 = ADVANCED_FACE ( 'NONE', ( #2712 ), #865, .T. ) ;
#1887 = CARTESIAN_POINT ( 'NONE',  ( -0.7359910788960105643, 0.6999999999999999556, -0.7477669361583496599 ) ) ;
#1888 = DIRECTION ( 'NONE',  ( -2.168404344971009115E-16, 0.000000000000000000, 1.000000000000000000 ) ) ;
#1889 = DIRECTION ( 'NONE',  ( 0.000000000000000000, 1.000000000000000000, 0.000000000000000000 ) ) ;
#1890 = ORIENTED_EDGE ( 'NONE', *, *, #591, .T. ) ;
#1891 = PLANE ( 'NONE',  #2292 ) ;
#1892 = EDGE_LOOP ( 'NONE', ( #2846, #2713, #1476, #2497 ) ) ;
#1893 = EDGE_CURVE ( 'NONE', #482, #1656, #1187, .T. ) ;
#1894 = COLOUR_RGB ( '',0.7921568627450980005, 0.8196078431372548767, 0.9333333333333333481 ) ;
#1895 = CARTESIAN_POINT ( 'NONE',  ( 0.4499999999999997891, 0.2000000000000000944, 0.8000000000000002665 ) ) ;
#1896 = EDGE_LOOP ( 'NONE', ( #2302, #211, #816, #1578, #11, #337 ) ) ;
#1897 = VECTOR ( 'NONE', #1083, 1000.000000000000000 ) ;
#1898 = LINE ( 'NONE', #1587, #67 ) ;
#1899 = CARTESIAN_POINT ( 'NONE',  ( -0.7000000000000003997, 0.000000000000000000, 0.4499999999999997335 ) ) ;
#1900 = VECTOR ( 'NONE', #558, 1000.000000000000000 ) ;
#1901 = ORIENTED_EDGE ( 'NONE', *, *, #2119, .T. ) ;
#1902 =( GEOMETRIC_REPRESENTATION_CONTEXT ( 3 ) GLOBAL_UNCERTAINTY_ASSIGNED_CONTEXT ( ( #3252 ) ) GLOBAL_UNIT_ASSIGNED_CONTEXT ( ( #675, #2866, #3386 ) ) REPRESENTATION_CONTEXT ( 'NONE', 'WORKASPACE' ) );
#1903 = MANIFOLD_SOLID_BREP ( 'Cut-Extrude5[3]', #2205 ) ;
#1904 = ORIENTED_EDGE ( 'NONE', *, *, #60, .F. ) ;
#1905 = CARTESIAN_POINT ( 'NONE',  ( -1.000000000000000222, 0.1000000000000000056, -1.000000000000000222 ) ) ;
#1906 = ORIENTED_EDGE ( 'NONE', *, *, #3110, .T. ) ;
#1907 = DIRECTION ( 'NONE',  ( 0.000000000000000000, 0.000000000000000000, 1.000000000000000000 ) ) ;
#1908 = CARTESIAN_POINT ( 'NONE',  ( -0.6385285179969155678, 0.6999999999999999556, -0.7477669361583496599 ) ) ;
#1909 = EDGE_CURVE ( 'NONE', #2527, #564, #2764, .T. ) ;
#1910 = FACE_OUTER_BOUND ( 'NONE', #3309, .T. ) ;
#1911 = ADVANCED_FACE ( 'NONE', ( #1910 ), #2227, .T. ) ;
#1912 = EDGE_LOOP ( 'NONE', ( #65, #3201, #1502, #3089 ) ) ;
#1913 = MANIFOLD_SOLID_BREP ( 'Cut-Extrude5[1]', #1418 ) ;
#1914 = CARTESIAN_POINT ( 'NONE',  ( 0.7000000000000001776, 0.000000000000000000, -0.4499999999999997335 ) ) ;
#1915 = DIRECTION ( 'NONE',  ( 1.000000000000000000, 0.000000000000000000, 2.168404344971009115E-16 ) ) ;
#1916 = FACE_BOUND ( 'NONE', #3401, .T. ) ;
#1917 = VERTEX_POINT ( 'NONE', #1705 ) ;
#1918 = AXIS2_PLACEMENT_3D ( 'NONE', #3344, #473, #3144 ) ;
#1919 = AXIS2_PLACEMENT_3D ( 'NONE', #3398, #2089, #477 ) ;
#1920 = CARTESIAN_POINT ( 'NONE',  ( 1.000000000000000000, 0.1999999999999999833, -0.4499999999999992339 ) ) ;
#1921 = VECTOR ( 'NONE', #2805, 1000.000000000000000 ) ;
#1922 = CARTESIAN_POINT ( 'NONE',  ( -1.000000000000000000, 0.7000000000000006217, -0.4499999999999992339 ) ) ;
#1923 = ORIENTED_EDGE ( 'NONE', *, *, #2742, .T. ) ;
#1924 = CARTESIAN_POINT ( 'NONE',  ( -0.7000000000000002887, 0.1000000000000000472, 0.1999999999999999278 ) ) ;
#1925 = CARTESIAN_POINT ( 'NONE',  ( 0.7000000000000001776, 0.1999999999999999833, -0.4499999999999997335 ) ) ;
#1926 = EDGE_LOOP ( 'NONE', ( #3285, #291, #2640, #90 ) ) ;
#1927 = EDGE_CURVE ( 'NONE', #1721, #1171, #62, .T. ) ;
#1928 = VERTEX_POINT ( 'NONE', #1136 ) ;
#1929 = LINE ( 'NONE', #1152, #2112 ) ;
#1930 = CARTESIAN_POINT ( 'NONE',  ( -1.000000000000000444, 0.1000000000000000056, -0.4499999999999993450 ) ) ;
#1931 = DIRECTION ( 'NONE',  ( -0.000000000000000000, -1.000000000000000000, 0.000000000000000000 ) ) ;
#1932 = DIRECTION ( 'NONE',  ( -2.168404344971009115E-16, 0.000000000000000000, 1.000000000000000000 ) ) ;
#1933 = ORIENTED_EDGE ( 'NONE', *, *, #2051, .T. ) ;
#1934 = EDGE_CURVE ( 'NONE', #2970, #2859, #3300, .T. ) ;
#1935 = CARTESIAN_POINT ( 'NONE',  ( -0.9500000000000005107, 0.1000000000000000056, 0.4499999999999996780 ) ) ;
#1936 = EDGE_CURVE ( 'NONE', #2585, #1821, #2780, .T. ) ;
#1937 = DIRECTION ( 'NONE',  ( 0.000000000000000000, -1.000000000000000000, 0.000000000000000000 ) ) ;
#1938 = LINE ( 'NONE', #2223, #169 ) ;
#1939 = ORIENTED_EDGE ( 'NONE', *, *, #1490, .F. ) ;
#1940 = LINE ( 'NONE', #586, #1164 ) ;
#1941 = SURFACE_SIDE_STYLE ('',( #99 ) ) ;
#1942 =( NAMED_UNIT ( * ) SI_UNIT ( $, .STERADIAN. ) SOLID_ANGLE_UNIT ( ) );
#1943 = ORIENTED_EDGE ( 'NONE', *, *, #2431, .T. ) ;
#1944 = VERTEX_POINT ( 'NONE', #3058 ) ;
#1945 = VECTOR ( 'NONE', #2165, 1000.000000000000000 ) ;
#1946 = DIRECTION ( 'NONE',  ( 1.000000000000000000, 0.000000000000000000, 2.168404344971009115E-16 ) ) ;
#1947 = ADVANCED_FACE ( 'NONE', ( #2038 ), #3135, .F. ) ;
#1948 = DIRECTION ( 'NONE',  ( -1.000000000000000000, 0.000000000000000000, -2.168404344971009115E-16 ) ) ;
#1949 = VECTOR ( 'NONE', #2896, 1000.000000000000000 ) ;
#1950 = CARTESIAN_POINT ( 'NONE',  ( -1.413076831472773192E-15, 0.05000000000000000278, 0.8499999999999990896 ) ) ;
#1951 = PLANE ( 'NONE',  #1754 ) ;
#1952 = ORIENTED_EDGE ( 'NONE', *, *, #2301, .F. ) ;
#1953 = SURFACE_SIDE_STYLE ('',( #1642 ) ) ;
#1954 = VECTOR ( 'NONE', #3304, 1000.000000000000000 ) ;
#1955 = CARTESIAN_POINT ( 'NONE',  ( 0.000000000000000000, 0.1000000000000000056, 0.000000000000000000 ) ) ;
#1956 = EDGE_CURVE ( 'NONE', #2040, #1594, #443, .T. ) ;
#1957 = ADVANCED_FACE ( 'NONE', ( #3079 ), #2799, .F. ) ;
#1958 = ORIENTED_EDGE ( 'NONE', *, *, #1909, .T. ) ;
#1959 = DIRECTION ( 'NONE',  ( 1.000000000000000000, -0.000000000000000000, 2.168404344971009115E-16 ) ) ;
#1960 = DIRECTION ( 'NONE',  ( -0.000000000000000000, -1.000000000000000000, 0.000000000000000000 ) ) ;
#1961 = EDGE_LOOP ( 'NONE', ( #983, #582, #1625, #671, #2221 ) ) ;
#1962 = DIRECTION ( 'NONE',  ( 1.000000000000000000, 0.000000000000000000, 2.168404344971009115E-16 ) ) ;
#1963 =( LENGTH_UNIT ( ) NAMED_UNIT ( * ) SI_UNIT ( .MILLI., .METRE. ) );
#1964 = FILL_AREA_STYLE ('',( #1148 ) ) ;
#1965 = ORIENTED_EDGE ( 'NONE', *, *, #1653, .F. ) ;
#1966 = ORIENTED_EDGE ( 'NONE', *, *, #224, .T. ) ;
#1967 = DIRECTION ( 'NONE',  ( 0.000000000000000000, -1.000000000000000000, 0.000000000000000000 ) ) ;
#1968 = DIRECTION ( 'NONE',  ( -1.000000000000000000, 0.000000000000000000, 2.674365358797580891E-15 ) ) ;
#1969 = DIRECTION ( 'NONE',  ( 1.000000000000000000, 0.000000000000000000, 1.662443331144440592E-15 ) ) ;
#1970 = DIRECTION ( 'NONE',  ( -1.626303258728256898E-16, 0.000000000000000000, 1.000000000000000000 ) ) ;
#1971 = EDGE_LOOP ( 'NONE', ( #1943, #2714 ) ) ;
#1972 = PRESENTATION_STYLE_ASSIGNMENT (( #930 ) ) ;
#1973 = VECTOR ( 'NONE', #2741, 1000.000000000000000 ) ;
#1974 = ORIENTED_EDGE ( 'NONE', *, *, #288, .F. ) ;
#1975 = EDGE_CURVE ( 'NONE', #1489, #3145, #2818, .T. ) ;
#1976 = LINE ( 'NONE', #562, #2242 ) ;
#1977 = VECTOR ( 'NONE', #1651, 1000.000000000000000 ) ;
#1978 = VERTEX_POINT ( 'NONE', #139 ) ;
#1979 = DIRECTION ( 'NONE',  ( 1.000000000000000000, 0.000000000000000000, 2.168404344971009115E-16 ) ) ;
#1980 = VECTOR ( 'NONE', #2003, 1000.000000000000000 ) ;
#1981 = VECTOR ( 'NONE', #1484, 1000.000000000000000 ) ;
#1982 = DIRECTION ( 'NONE',  ( -1.000000000000000000, 0.000000000000000000, 2.674365358797580891E-15 ) ) ;
#1983 = EDGE_LOOP ( 'NONE', ( #1768, #1650, #292, #1875, #3154, #2288 ) ) ;
#1984 = EDGE_LOOP ( 'NONE', ( #1859, #295, #1252, #3346 ) ) ;
#1985 = DIRECTION ( 'NONE',  ( -1.626303258728256898E-16, 0.000000000000000000, 1.000000000000000000 ) ) ;
#1986 = CARTESIAN_POINT ( 'NONE',  ( -0.7000000000000005107, 0.7000000000000006217, 0.8499999999999999778 ) ) ;
#1987 = CARTESIAN_POINT ( 'NONE',  ( 0.7000000000000002887, 0.7000000000000006217, -0.8499999999999999778 ) ) ;
#1988 = LINE ( 'NONE', #2199, #683 ) ;
#1989 = ORIENTED_EDGE ( 'NONE', *, *, #1158, .T. ) ;
#1990 = DIRECTION ( 'NONE',  ( -2.168404344971009115E-16, 0.000000000000000000, 1.000000000000000000 ) ) ;
#1991 = EDGE_LOOP ( 'NONE', ( #359, #1236, #2347, #464, #931, #2535 ) ) ;
#1992 = DIRECTION ( 'NONE',  ( -1.626303258728256898E-16, 0.000000000000000000, 1.000000000000000000 ) ) ;
#1993 = ORIENTED_EDGE ( 'NONE', *, *, #1461, .T. ) ;
#1994 = FACE_OUTER_BOUND ( 'NONE', #2349, .T. ) ;
#1995 = EDGE_CURVE ( 'NONE', #1656, #1414, #194, .T. ) ;
#1996 = CARTESIAN_POINT ( 'NONE',  ( 0.4500000000000003997, 0.2000000000000000944, -0.7999999999999998224 ) ) ;
#1997 = DIRECTION ( 'NONE',  ( 1.000000000000000000, 0.000000000000000000, 2.168404344971009115E-16 ) ) ;
#1998 = EDGE_CURVE ( 'NONE', #312, #3068, #2555, .T. ) ;
#1999 = ORIENTED_EDGE ( 'NONE', *, *, #325, .T. ) ;
#2000 = ORIENTED_EDGE ( 'NONE', *, *, #751, .F. ) ;
#2001 = LINE ( 'NONE', #2989, #860 ) ;
#2002 = DIRECTION ( 'NONE',  ( -4.201283418381329682E-16, 0.000000000000000000, 1.000000000000000000 ) ) ;
#2003 = DIRECTION ( 'NONE',  ( 0.000000000000000000, -1.000000000000000000, 0.000000000000000000 ) ) ;
#2004 = PLANE ( 'NONE',  #2813 ) ;
#2005 = ORIENTED_EDGE ( 'NONE', *, *, #2955, .F. ) ;
#2006 = CARTESIAN_POINT ( 'NONE',  ( 0.000000000000000000, 0.1000000000000000056, 0.000000000000000000 ) ) ;
#2007 = CARTESIAN_POINT ( 'NONE',  ( -0.9500000000000000666, 0.7000000000000006217, -0.8500000000000003109 ) ) ;
#2008 = EDGE_LOOP ( 'NONE', ( #171, #2880, #245, #2677 ) ) ;
#2009 = DIRECTION ( 'NONE',  ( -1.000000000000000000, 0.000000000000000000, -2.168404344971009115E-16 ) ) ;
#2010 = VECTOR ( 'NONE', #657, 1000.000000000000000 ) ;
#2011 = ORIENTED_EDGE ( 'NONE', *, *, #302, .T. ) ;
#2012 = CARTESIAN_POINT ( 'NONE',  ( -1.000000000000000000, 0.7000000000000006217, 0.2000000000000007327 ) ) ;
#2013 = VECTOR ( 'NONE', #1154, 1000.000000000000000 ) ;
#2014 = SURFACE_STYLE_FILL_AREA ( #1472 ) ;
#2015 = VECTOR ( 'NONE', #515, 1000.000000000000000 ) ;
#2016 = DIRECTION ( 'NONE',  ( 1.000000000000000000, 0.000000000000000000, 1.662443331144440592E-15 ) ) ;
#2017 = AXIS2_PLACEMENT_3D ( 'NONE', #1163, #2965, #2982 ) ;
#2018 = ORIENTED_EDGE ( 'NONE', *, *, #1653, .T. ) ;
#2019 = PLANE ( 'NONE',  #2978 ) ;
#2020 = EDGE_CURVE ( 'NONE', #347, #3123, #3100, .T. ) ;
#2021 = EDGE_CURVE ( 'NONE', #3093, #347, #1243, .T. ) ;
#2022 = CARTESIAN_POINT ( 'NONE',  ( 1.000000000000000444, 0.1000000000000000056, 0.2000000000000007327 ) ) ;
#2023 = DIRECTION ( 'NONE',  ( 2.710505431213761085E-16, 0.000000000000000000, -1.000000000000000000 ) ) ;
#2024 = CARTESIAN_POINT ( 'NONE',  ( 1.000000000000000000, 0.2000000000000000111, -0.4499999999999992339 ) ) ;
#2025 = DIRECTION ( 'NONE',  ( -2.168404344971009115E-16, 0.000000000000000000, 1.000000000000000000 ) ) ;
#2026 = EDGE_LOOP ( 'NONE', ( #3322, #1716, #2690, #1065 ) ) ;
#2027 = DIRECTION ( 'NONE',  ( 1.000000000000000000, 0.000000000000000000, 2.168404344971009115E-16 ) ) ;
#2028 = CARTESIAN_POINT ( 'NONE',  ( 0.000000000000000000, 0.2000000000000000111, 0.000000000000000000 ) ) ;
#2029 = ADVANCED_FACE ( 'NONE', ( #3117 ), #2540, .F. ) ;
#2030 = DIRECTION ( 'NONE',  ( 2.168404344971009115E-16, 0.000000000000000000, -1.000000000000000000 ) ) ;
#2031 = VERTEX_POINT ( 'NONE', #2263 ) ;
#2032 = FILL_AREA_STYLE_COLOUR ( '', #1186 ) ;
#2033 = CARTESIAN_POINT ( 'NONE',  ( -0.9500000000000006217, 0.1000000000000000056, 0.8500000000000007550 ) ) ;
#2034 = ORIENTED_EDGE ( 'NONE', *, *, #3169, .F. ) ;
#2035 = CARTESIAN_POINT ( 'NONE',  ( -1.000000000000000000, 0.1999999999999999833, -0.2000000000000003164 ) ) ;
#2036 = VECTOR ( 'NONE', #2701, 1000.000000000000000 ) ;
#2037 = LINE ( 'NONE', #728, #949 ) ;
#2038 = FACE_OUTER_BOUND ( 'NONE', #243, .T. ) ;
#2039 = STYLED_ITEM ( 'NONE', ( #913 ), #795 ) ;
#2040 = VERTEX_POINT ( 'NONE', #1473 ) ;
#2041 = DIRECTION ( 'NONE',  ( -1.000000000000000000, 0.000000000000000000, -2.168404344971009115E-16 ) ) ;
#2042 = VECTOR ( 'NONE', #471, 1000.000000000000000 ) ;
#2043 = PLANE ( 'NONE',  #2563 ) ;
#2044 = CARTESIAN_POINT ( 'NONE',  ( 0.4500000000000003997, 2.035755975068581858, -0.7999999999999998224 ) ) ;
#2045 = EDGE_CURVE ( 'NONE', #1012, #3068, #959, .T. ) ;
#2046 = ADVANCED_FACE ( 'NONE', ( #210 ), #1790, .T. ) ;
#2047 = VERTEX_POINT ( 'NONE', #713 ) ;
#2048 = DIRECTION ( 'NONE',  ( 1.000000000000000000, 0.000000000000000000, 2.168404344971009115E-16 ) ) ;
#2049 = DIRECTION ( 'NONE',  ( 0.000000000000000000, -1.000000000000000000, 0.000000000000000000 ) ) ;
#2050 = LINE ( 'NONE', #740, #1869 ) ;
#2051 = EDGE_CURVE ( 'NONE', #1813, #776, #1206, .T. ) ;
#2052 = ORIENTED_EDGE ( 'NONE', *, *, #1655, .T. ) ;
#2053 = LINE ( 'NONE', #3366, #2974 ) ;
#2054 = SHAPE_DEFINITION_REPRESENTATION ( #475, #1815 ) ;
#2055 = EDGE_CURVE ( 'NONE', #1082, #785, #2300, .T. ) ;
#2056 = ORIENTED_EDGE ( 'NONE', *, *, #535, .T. ) ;
#2057 = DIRECTION ( 'NONE',  ( -1.626303258728256898E-16, 0.000000000000000000, 1.000000000000000000 ) ) ;
#2058 = DIRECTION ( 'NONE',  ( 1.000000000000000000, 0.000000000000000000, 2.168404344971009115E-16 ) ) ;
#2059 = ORIENTED_EDGE ( 'NONE', *, *, #1321, .T. ) ;
#2060 = DIRECTION ( 'NONE',  ( 2.710505431213761085E-16, 0.000000000000000000, -1.000000000000000000 ) ) ;
#2061 = DIRECTION ( 'NONE',  ( -2.168404344971009115E-16, 0.000000000000000000, 1.000000000000000000 ) ) ;
#2062 = CARTESIAN_POINT ( 'NONE',  ( 0.7000000000000000666, 0.2000000000000000111, 0.2000000000000002609 ) ) ;
#2063 = CARTESIAN_POINT ( 'NONE',  ( -0.7000000000000002887, 0.05000000000000000278, -1.517883041479707194E-16 ) ) ;
#2064 = ORIENTED_EDGE ( 'NONE', *, *, #1927, .F. ) ;
#2065 = FACE_OUTER_BOUND ( 'NONE', #14, .T. ) ;
#2066 = DIRECTION ( 'NONE',  ( -1.000000000000000000, 0.000000000000000000, -2.168404344971009115E-16 ) ) ;
#2067 = VERTEX_POINT ( 'NONE', #1806 ) ;
#2068 = PRESENTATION_STYLE_ASSIGNMENT (( #420 ) ) ;
#2069 = DIRECTION ( 'NONE',  ( 0.000000000000000000, 1.000000000000000000, 0.000000000000000000 ) ) ;
#2070 = EDGE_CURVE ( 'NONE', #891, #1006, #1772, .T. ) ;
#2071 = VECTOR ( 'NONE', #1687, 1000.000000000000000 ) ;
#2072 = ORIENTED_EDGE ( 'NONE', *, *, #529, .F. ) ;
#2073 = ADVANCED_FACE ( 'NONE', ( #1492 ), #1225, .T. ) ;
#2074 = LINE ( 'NONE', #2601, #1422 ) ;
#2075 = VECTOR ( 'NONE', #934, 1000.000000000000000 ) ;
#2076 = FACE_OUTER_BOUND ( 'NONE', #2721, .T. ) ;
#2077 = VECTOR ( 'NONE', #596, 1000.000000000000000 ) ;
#2078 = CARTESIAN_POINT ( 'NONE',  ( 0.7000000000000002887, 0.1000000000000000472, -0.8499999999999999778 ) ) ;
#2079 = EDGE_LOOP ( 'NONE', ( #2737, #3361, #3316, #2959, #2399, #2194 ) ) ;
#2080 = CARTESIAN_POINT ( 'NONE',  ( 0.4499999999999997891, 2.035755975068581858, 0.8000000000000002665 ) ) ;
#2081 = PLANE ( 'NONE',  #3062 ) ;
#2082 = CARTESIAN_POINT ( 'NONE',  ( 0.6999999999999998446, 0.2000000000000000111, 0.8500000000000001998 ) ) ;
#2083 = VECTOR ( 'NONE', #2949, 1000.000000000000000 ) ;
#2084 = CARTESIAN_POINT ( 'NONE',  ( 0.6999999999999999556, 0.1999999999999999833, 0.4500000000000000666 ) ) ;
#2085 = ORIENTED_EDGE ( 'NONE', *, *, #1934, .F. ) ;
#2086 = LINE ( 'NONE', #970, #3208 ) ;
#2087 = LINE ( 'NONE', #991, #2258 ) ;
#2088 = ORIENTED_EDGE ( 'NONE', *, *, #1160, .F. ) ;
#2089 = DIRECTION ( 'NONE',  ( 0.000000000000000000, 1.000000000000000000, 0.000000000000000000 ) ) ;
#2090 = LINE ( 'NONE', #2619, #2099 ) ;
#2091 = VERTEX_POINT ( 'NONE', #426 ) ;
#2092 = ADVANCED_FACE ( 'NONE', ( #2606 ), #2114, .T. ) ;
#2093 = EDGE_CURVE ( 'NONE', #2859, #3054, #1559, .T. ) ;
#2094 = CARTESIAN_POINT ( 'NONE',  ( -1.000000000000000222, 0.1999999999999999833, 0.8500000000000007550 ) ) ;
#2095 = DIRECTION ( 'NONE',  ( 0.000000000000000000, -1.000000000000000000, 0.000000000000000000 ) ) ;
#2096 = PRESENTATION_LAYER_ASSIGNMENT (  '', '', ( #120 ) ) ;
#2097 = ORIENTED_EDGE ( 'NONE', *, *, #3276, .T. ) ;
#2098 = DIRECTION ( 'NONE',  ( 4.201283418381329682E-16, 0.000000000000000000, -1.000000000000000000 ) ) ;
#2099 = VECTOR ( 'NONE', #3348, 1000.000000000000000 ) ;
#2100 = AXIS2_PLACEMENT_3D ( 'NONE', #1378, #3179, #1362 ) ;
#2101 = DIRECTION ( 'NONE',  ( 0.000000000000000000, -1.000000000000000000, 0.000000000000000000 ) ) ;
#2102 = LINE ( 'NONE', #3157, #605 ) ;
#2103 = LINE ( 'NONE', #681, #2537 ) ;
#2104 = VECTOR ( 'NONE', #3305, 1000.000000000000000 ) ;
#2105 = ORIENTED_EDGE ( 'NONE', *, *, #1039, .T. ) ;
#2106 = LINE ( 'NONE', #2378, #1868 ) ;
#2107 = DIRECTION ( 'NONE',  ( 1.000000000000000000, 0.000000000000000000, 2.168404344971009115E-16 ) ) ;
#2108 = DIRECTION ( 'NONE',  ( 1.000000000000000000, 0.000000000000000000, 2.168404344971009115E-16 ) ) ;
#2109 = ORIENTED_EDGE ( 'NONE', *, *, #302, .F. ) ;
#2110 = ORIENTED_EDGE ( 'NONE', *, *, #3110, .F. ) ;
#2111 = DIRECTION ( 'NONE',  ( 1.000000000000000000, 0.000000000000000000, 2.710505431213761085E-16 ) ) ;
#2112 = VECTOR ( 'NONE', #69, 999.9999999999998863 ) ;
#2113 = EDGE_CURVE ( 'NONE', #1269, #2749, #2884, .T. ) ;
#2114 = PLANE ( 'NONE',  #878 ) ;
#2115 = VERTEX_POINT ( 'NONE', #3202 ) ;
#2116 = LINE ( 'NONE', #234, #847 ) ;
#2117 = EDGE_CURVE ( 'NONE', #2047, #24, #282, .T. ) ;
#2118 = CARTESIAN_POINT ( 'NONE',  ( 1.000000000000000666, 0.1000000000000000056, -0.9999999999999997780 ) ) ;
#2119 = EDGE_CURVE ( 'NONE', #1813, #2270, #763, .T. ) ;
#2120 = CARTESIAN_POINT ( 'NONE',  ( -1.000000000000000444, 0.1000000000000000056, -0.2000000000000003164 ) ) ;
#2121 = CARTESIAN_POINT ( 'NONE',  ( -0.9500000000000003997, 0.000000000000000000, 0.2000000000000007327 ) ) ;
#2122 = CARTESIAN_POINT ( 'NONE',  ( 1.000000000000000000, 0.2000000000000000111, 0.2000000000000007327 ) ) ;
#2123 = ORIENTED_EDGE ( 'NONE', *, *, #3066, .T. ) ;
#2124 = ORIENTED_EDGE ( 'NONE', *, *, #2151, .T. ) ;
#2125 = DIRECTION ( 'NONE',  ( -1.000000000000000000, 0.000000000000000000, -1.662443331144440790E-15 ) ) ;
#2126 = AXIS2_PLACEMENT_3D ( 'NONE', #2785, #2229, #590 ) ;
#2127 = CARTESIAN_POINT ( 'NONE',  ( -1.000000000000000222, 0.1000000000000000056, -1.000000000000000222 ) ) ;
#2128 = VECTOR ( 'NONE', #2279, 1000.000000000000000 ) ;
#2129 = ORIENTED_EDGE ( 'NONE', *, *, #2045, .F. ) ;
#2130 = VECTOR ( 'NONE', #2579, 1000.000000000000000 ) ;
#2131 = DIRECTION ( 'NONE',  ( -2.168404344971009115E-16, 0.000000000000000000, 1.000000000000000000 ) ) ;
#2132 = EDGE_CURVE ( 'NONE', #2567, #1434, #2678, .T. ) ;
#2133 = EDGE_CURVE ( 'NONE', #406, #2067, #1046, .T. ) ;
#2134 = PRODUCT_DEFINITION_FORMATION_WITH_SPECIFIED_SOURCE ( 'ANY', '', #3077, .NOT_KNOWN. ) ;
#2135 = CARTESIAN_POINT ( 'NONE',  ( 0.000000000000000000, 0.1000000000000000056, 0.000000000000000000 ) ) ;
#2136 = DIRECTION ( 'NONE',  ( -2.710505431213761085E-16, 0.000000000000000000, 1.000000000000000000 ) ) ;
#2137 = PLANE ( 'NONE',  #1475 ) ;
#2138 = ORIENTED_EDGE ( 'NONE', *, *, #1054, .T. ) ;
#2139 = ORIENTED_EDGE ( 'NONE', *, *, #1743, .T. ) ;
#2140 = DIRECTION ( 'NONE',  ( 4.201283418381329682E-16, 0.000000000000000000, -1.000000000000000000 ) ) ;
#2141 = LINE ( 'NONE', #231, #2734 ) ;
#2142 = EDGE_LOOP ( 'NONE', ( #405, #805, #3333, #2509, #821, #850, #1445, #1686 ) ) ;
#2143 = LINE ( 'NONE', #1015, #656 ) ;
#2144 = VERTEX_POINT ( 'NONE', #2939 ) ;
#2145 = PLANE ( 'NONE',  #1615 ) ;
#2146 = ORIENTED_EDGE ( 'NONE', *, *, #3195, .F. ) ;
#2147 = ORIENTED_EDGE ( 'NONE', *, *, #2446, .F. ) ;
#2148 = DIRECTION ( 'NONE',  ( -1.000000000000000000, 0.000000000000000000, -1.626303258728256898E-16 ) ) ;
#2149 = VECTOR ( 'NONE', #705, 1000.000000000000000 ) ;
#2150 = DIRECTION ( 'NONE',  ( 2.168404344971009115E-16, 0.000000000000000000, -1.000000000000000000 ) ) ;
#2151 = EDGE_CURVE ( 'NONE', #135, #2424, #2143, .T. ) ;
#2152 = CARTESIAN_POINT ( 'NONE',  ( -0.9500000000000000666, 0.1000000000000000056, -1.000000000000000444 ) ) ;
#2153 = VECTOR ( 'NONE', #988, 1000.000000000000000 ) ;
#2154 = DIRECTION ( 'NONE',  ( 0.000000000000000000, 1.000000000000000000, 0.000000000000000000 ) ) ;
#2155 = ORIENTED_EDGE ( 'NONE', *, *, #1782, .F. ) ;
#2156 = AXIS2_PLACEMENT_3D ( 'NONE', #2425, #953, #1854 ) ;
#2157 = ORIENTED_EDGE ( 'NONE', *, *, #1596, .F. ) ;
#2158 = ADVANCED_FACE ( 'NONE', ( #2400 ), #533, .T. ) ;
#2159 = DIRECTION ( 'NONE',  ( -1.000000000000000000, 0.000000000000000000, -2.168404344971009115E-16 ) ) ;
#2160 = EDGE_CURVE ( 'NONE', #1838, #452, #3150, .T. ) ;
#2161 = DIRECTION ( 'NONE',  ( 0.000000000000000000, -1.000000000000000000, 0.000000000000000000 ) ) ;
#2162 = ORIENTED_EDGE ( 'NONE', *, *, #1927, .T. ) ;
#2163 = DIRECTION ( 'NONE',  ( 1.000000000000000000, 0.000000000000000000, 2.168404344971009115E-16 ) ) ;
#2164 = ORIENTED_EDGE ( 'NONE', *, *, #1273, .T. ) ;
#2165 = DIRECTION ( 'NONE',  ( -2.168404344971009115E-16, 0.000000000000000000, 1.000000000000000000 ) ) ;
#2166 = ORIENTED_EDGE ( 'NONE', *, *, #535, .F. ) ;
#2167 = CARTESIAN_POINT ( 'NONE',  ( 0.4500000000000003997, 0.000000000000000000, -0.7999999999999998224 ) ) ;
#2168 = DIRECTION ( 'NONE',  ( -0.000000000000000000, -1.000000000000000000, 0.000000000000000000 ) ) ;
#2169 = ORIENTED_EDGE ( 'NONE', *, *, #3038, .F. ) ;
#2170 = ORIENTED_EDGE ( 'NONE', *, *, #751, .T. ) ;
#2171 = EDGE_CURVE ( 'NONE', #928, #1978, #251, .T. ) ;
#2172 = DIRECTION ( 'NONE',  ( -1.000000000000000000, 0.000000000000000000, -2.168404344971009115E-16 ) ) ;
#2173 = EDGE_CURVE ( 'NONE', #2696, #618, #481, .T. ) ;
#2174 = ORIENTED_EDGE ( 'NONE', *, *, #2937, .F. ) ;
#2175 = CARTESIAN_POINT ( 'NONE',  ( -0.9500000000000000666, 0.1000000000000000056, -0.8500000000000003109 ) ) ;
#2176 = AXIS2_PLACEMENT_3D ( 'NONE', #3156, #3390, #3084 ) ;
#2177 = DIRECTION ( 'NONE',  ( 2.168404344971009115E-16, 0.000000000000000000, -1.000000000000000000 ) ) ;
#2178 = VERTEX_POINT ( 'NONE', #1298 ) ;
#2179 = VECTOR ( 'NONE', #1279, 1000.000000000000000 ) ;
#2180 = LINE ( 'NONE', #2670, #2754 ) ;
#2181 = LINE ( 'NONE', #3212, #1844 ) ;
#2182 = VECTOR ( 'NONE', #3225, 1000.000000000000000 ) ;
#2183 = LINE ( 'NONE', #3242, #1025 ) ;
#2184 = AXIS2_PLACEMENT_3D ( 'NONE', #2605, #209, #1278 ) ;
#2185 = EDGE_LOOP ( 'NONE', ( #1707, #3244, #904, #3034 ) ) ;
#2186 = AXIS2_PLACEMENT_3D ( 'NONE', #3439, #2111, #498 ) ;
#2187 = LINE ( 'NONE', #2707, #1696 ) ;
#2188 = LINE ( 'NONE', #620, #2632 ) ;
#2189 = VERTEX_POINT ( 'NONE', #1581 ) ;
#2190 = CARTESIAN_POINT ( 'NONE',  ( -0.8334536397951055609, 0.8000000000000000444, -0.7477669361583497709 ) ) ;
#2191 = EDGE_CURVE ( 'NONE', #1656, #237, #2370, .T. ) ;
#2192 = DIRECTION ( 'NONE',  ( -0.000000000000000000, -1.000000000000000000, 0.000000000000000000 ) ) ;
#2193 = EDGE_CURVE ( 'NONE', #3453, #1813, #2904, .T. ) ;
#2194 = ORIENTED_EDGE ( 'NONE', *, *, #2093, .T. ) ;
#2195 = VECTOR ( 'NONE', #1767, 1000.000000000000000 ) ;
#2196 = CARTESIAN_POINT ( 'NONE',  ( 0.6999999999999999556, 0.1000000000000000056, 0.4500000000000000666 ) ) ;
#2197 = DIRECTION ( 'NONE',  ( 2.168404344971009115E-16, 0.000000000000000000, -1.000000000000000000 ) ) ;
#2198 = CARTESIAN_POINT ( 'NONE',  ( -0.6385285179969155678, 0.6999999999999999556, -0.7477669361583496599 ) ) ;
#2199 = CARTESIAN_POINT ( 'NONE',  ( -0.9500000000000000666, 0.1000000000000000056, -1.000000000000000444 ) ) ;
#2200 = EDGE_LOOP ( 'NONE', ( #76, #127, #331, #1349 ) ) ;
#2201 = SURFACE_SIDE_STYLE ('',( #2272 ) ) ;
#2202 = VECTOR ( 'NONE', #417, 1000.000000000000000 ) ;
#2203 = VECTOR ( 'NONE', #457, 1000.000000000000000 ) ;
#2204 = LINE ( 'NONE', #358, #2255 ) ;
#2205 = CLOSED_SHELL ( 'NONE', ( #2253, #771, #2214, #2700, #2280, #1947, #947, #2874 ) ) ;
#2206 = DIRECTION ( 'NONE',  ( 0.000000000000000000, -1.000000000000000000, 0.000000000000000000 ) ) ;
#2207 = ORIENTED_EDGE ( 'NONE', *, *, #25, .T. ) ;
#2208 = LINE ( 'NONE', #2243, #1222 ) ;
#2209 = ADVANCED_FACE ( 'NONE', ( #2386 ), #3441, .T. ) ;
#2210 = PRODUCT_DEFINITION_CONTEXT ( 'detailed design', #2887, 'design' ) ;
#2211 = ORIENTED_EDGE ( 'NONE', *, *, #3356, .F. ) ;
#2212 = ORIENTED_EDGE ( 'NONE', *, *, #244, .T. ) ;
#2213 = ADVANCED_FACE ( 'NONE', ( #1600 ), #2662, .F. ) ;
#2214 = ADVANCED_FACE ( 'NONE', ( #817 ), #1891, .F. ) ;
#2215 = FACE_OUTER_BOUND ( 'NONE', #2988, .T. ) ;
#2216 = CARTESIAN_POINT ( 'NONE',  ( -0.4499999999999996780, 0.2000000000000000944, -0.5000000000000014433 ) ) ;
#2217 = DIRECTION ( 'NONE',  ( 1.000000000000000000, 0.000000000000000000, 2.168404344971009115E-16 ) ) ;
#2218 = DIRECTION ( 'NONE',  ( -1.000000000000000000, 0.000000000000000000, -4.201283418381329682E-16 ) ) ;
#2219 = EDGE_LOOP ( 'NONE', ( #1817, #305, #994, #1324 ) ) ;
#2220 = SURFACE_STYLE_FILL_AREA ( #2529 ) ;
#2221 = ORIENTED_EDGE ( 'NONE', *, *, #3330, .T. ) ;
#2222 = SURFACE_STYLE_USAGE ( .BOTH. , #1181 ) ;
#2223 = CARTESIAN_POINT ( 'NONE',  ( -1.000000000000000222, 0.7999999999999999334, 0.9999999999999997780 ) ) ;
#2224 = VERTEX_POINT ( 'NONE', #1114 ) ;
#2225 = CARTESIAN_POINT ( 'NONE',  ( 0.6999999999999999556, 0.1999999999999999833, 0.4500000000000000666 ) ) ;
#2226 = CARTESIAN_POINT ( 'NONE',  ( -1.000000000000000444, 0.1000000000000000056, 0.2000000000000007327 ) ) ;
#2227 = PLANE ( 'NONE',  #1389 ) ;
#2228 = ORIENTED_EDGE ( 'NONE', *, *, #136, .F. ) ;
#2229 = DIRECTION ( 'NONE',  ( 1.000000000000000000, 0.000000000000000000, 2.168404344971009115E-16 ) ) ;
#2230 = CARTESIAN_POINT ( 'NONE',  ( 0.9500000000000003997, 0.1000000000000000056, -0.4499999999999992339 ) ) ;
#2231 = EDGE_CURVE ( 'NONE', #2532, #3437, #2482, .T. ) ;
#2232 = AXIS2_PLACEMENT_3D ( 'NONE', #2275, #3413, #375 ) ;
#2233 = CARTESIAN_POINT ( 'NONE',  ( 0.000000000000000000, 0.1000000000000000056, 0.000000000000000000 ) ) ;
#2234 = CARTESIAN_POINT ( 'NONE',  ( -1.000000000000000000, 0.2000000000000000111, -0.4499999999999992339 ) ) ;
#2235 = ORIENTED_EDGE ( 'NONE', *, *, #2331, .F. ) ;
#2236 = AXIS2_PLACEMENT_3D ( 'NONE', #2636, #1733, #1771 ) ;
#2237 = CARTESIAN_POINT ( 'NONE',  ( 0.9500000000000001776, 0.1000000000000000472, 0.4500000000000001221 ) ) ;
#2238 = ORIENTED_EDGE ( 'NONE', *, *, #729, .F. ) ;
#2239 = FACE_OUTER_BOUND ( 'NONE', #640, .T. ) ;
#2240 = CARTESIAN_POINT ( 'NONE',  ( 0.7000000000000002887, 0.000000000000000000, -0.8499999999999999778 ) ) ;
#2241 = EDGE_LOOP ( 'NONE', ( #2000, #1974, #3443, #1170 ) ) ;
#2242 = VECTOR ( 'NONE', #2206, 1000.000000000000000 ) ;
#2243 = CARTESIAN_POINT ( 'NONE',  ( 0.7000000000000001776, 0.7000000000000006217, -0.4499999999999997335 ) ) ;
#2244 = DIRECTION ( 'NONE',  ( 1.626303258728256898E-16, 0.000000000000000000, -1.000000000000000000 ) ) ;
#2245 =( NAMED_UNIT ( * ) PLANE_ANGLE_UNIT ( ) SI_UNIT ( $, .RADIAN. ) );
#2246 = ORIENTED_EDGE ( 'NONE', *, *, #2193, .T. ) ;
#2247 = ORIENTED_EDGE ( 'NONE', *, *, #2616, .F. ) ;
#2248 = DIRECTION ( 'NONE',  ( 1.000000000000000000, 0.000000000000000000, 2.168404344971009115E-16 ) ) ;
#2249 = DIRECTION ( 'NONE',  ( -2.168404344971009115E-16, 0.000000000000000000, 1.000000000000000000 ) ) ;
#2250 = CARTESIAN_POINT ( 'NONE',  ( -1.000000000000000000, 0.7000000000000006217, 0.4499999999999996780 ) ) ;
#2251 = CARTESIAN_POINT ( 'NONE',  ( -0.7000000000000003997, 0.2000000000000000111, 0.4499999999999997335 ) ) ;
#2252 = ORIENTED_EDGE ( 'NONE', *, *, #1682, .T. ) ;
#2253 = ADVANCED_FACE ( 'NONE', ( #1385 ), #1698, .F. ) ;
#2254 = LINE ( 'NONE', #2007, #2791 ) ;
#2255 = VECTOR ( 'NONE', #1258, 1000.000000000000000 ) ;
#2256 = VERTEX_POINT ( 'NONE', #2451 ) ;
#2257 =( NAMED_UNIT ( * ) PLANE_ANGLE_UNIT ( ) SI_UNIT ( $, .RADIAN. ) );
#2258 = VECTOR ( 'NONE', #220, 1000.000000000000000 ) ;
#2259 = ORIENTED_EDGE ( 'NONE', *, *, #662, .F. ) ;
#2260 = EDGE_CURVE ( 'NONE', #1451, #3415, #296, .T. ) ;
#2261 = CARTESIAN_POINT ( 'NONE',  ( 0.9999999999999997780, 0.7999999999999999334, -0.9999999999999993339 ) ) ;
#2262 = AXIS2_PLACEMENT_3D ( 'NONE', #123, #1462, #2217 ) ;
#2263 = CARTESIAN_POINT ( 'NONE',  ( 0.9500000000000002887, 0.1000000000000000056, -0.1999999999999998723 ) ) ;
#2264 = EDGE_LOOP ( 'NONE', ( #1062, #922, #2377, #811, #544, #2164 ) ) ;
#2265 = VERTEX_POINT ( 'NONE', #1166 ) ;
#2266 = PLANE ( 'NONE',  #2289 ) ;
#2267 = DIRECTION ( 'NONE',  ( 0.000000000000000000, -1.000000000000000000, 0.000000000000000000 ) ) ;
#2268 = LINE ( 'NONE', #2250, #1313 ) ;
#2269 = DIRECTION ( 'NONE',  ( -2.168404344971009115E-16, 0.000000000000000000, 1.000000000000000000 ) ) ;
#2270 = VERTEX_POINT ( 'NONE', #2175 ) ;
#2271 = PLANE ( 'NONE',  #1478 ) ;
#2272 = SURFACE_STYLE_FILL_AREA ( #1177 ) ;
#2273 = ORIENTED_EDGE ( 'NONE', *, *, #746, .T. ) ;
#2274 = ORIENTED_EDGE ( 'NONE', *, *, #1048, .F. ) ;
#2275 = CARTESIAN_POINT ( 'NONE',  ( -0.7359910788960105643, 0.8000000000000000444, -0.7477669361583496599 ) ) ;
#2276 = EDGE_CURVE ( 'NONE', #2627, #1347, #1940, .T. ) ;
#2277 = EDGE_CURVE ( 'NONE', #3006, #697, #2967, .T. ) ;
#2278 = LINE ( 'NONE', #996, #1455 ) ;
#2279 = DIRECTION ( 'NONE',  ( 1.000000000000000000, -0.000000000000000000, 2.168404344971009115E-16 ) ) ;
#2280 = ADVANCED_FACE ( 'NONE', ( #1399 ), #326, .F. ) ;
#2281 = UNCERTAINTY_MEASURE_WITH_UNIT (LENGTH_MEASURE( 1.000000000000000082E-05 ), #1963, 'distance_accuracy_value', 'NONE');
#2282 = ORIENTED_EDGE ( 'NONE', *, *, #136, .T. ) ;
#2283 = DIRECTION ( 'NONE',  ( 2.168404344971009115E-16, 0.000000000000000000, -1.000000000000000000 ) ) ;
#2284 = CARTESIAN_POINT ( 'NONE',  ( -0.7000000000000001776, 0.2000000000000000111, -0.4500000000000000666 ) ) ;
#2285 = LINE ( 'NONE', #469, #125 ) ;
#2286 = DIRECTION ( 'NONE',  ( 1.000000000000000000, 0.000000000000000000, 2.168404344971009115E-16 ) ) ;
#2287 = DIRECTION ( 'NONE',  ( 0.000000000000000000, -1.000000000000000000, 0.000000000000000000 ) ) ;
#2288 = ORIENTED_EDGE ( 'NONE', *, *, #1573, .T. ) ;
#2289 = AXIS2_PLACEMENT_3D ( 'NONE', #2504, #104, #3318 ) ;
#2290 = DIRECTION ( 'NONE',  ( 1.000000000000000000, 0.000000000000000000, 2.168404344971009115E-16 ) ) ;
#2291 = LINE ( 'NONE', #1009, #626 ) ;
#2292 = AXIS2_PLACEMENT_3D ( 'NONE', #2952, #552, #1631 ) ;
#2293 = ORIENTED_EDGE ( 'NONE', *, *, #2894, .T. ) ;
#2294 = VECTOR ( 'NONE', #2996, 1000.000000000000000 ) ;
#2295 = VERTEX_POINT ( 'NONE', #2190 ) ;
#2296 = CARTESIAN_POINT ( 'NONE',  ( -0.6385285179969155678, 0.8000000000000000444, -0.7477669361583496599 ) ) ;
#2297 = VECTOR ( 'NONE', #161, 1000.000000000000000 ) ;
#2298 = DIRECTION ( 'NONE',  ( 1.000000000000000000, 0.000000000000000000, 2.168404344971009115E-16 ) ) ;
#2299 = AXIS2_PLACEMENT_3D ( 'NONE', #3404, #1889, #531 ) ;
#2300 = LINE ( 'NONE', #939, #223 ) ;
#2301 = EDGE_CURVE ( 'NONE', #2980, #2877, #59, .T. ) ;
#2302 = ORIENTED_EDGE ( 'NONE', *, *, #2913, .T. ) ;
#2303 = CARTESIAN_POINT ( 'NONE',  ( 0.9500000000000005107, 0.1000000000000000056, -1.000000000000000000 ) ) ;
#2304 = LINE ( 'NONE', #2872, #2783 ) ;
#2305 = LINE ( 'NONE', #3104, #1535 ) ;
#2306 = EDGE_CURVE ( 'NONE', #1691, #1809, #1435, .T. ) ;
#2307 = LINE ( 'NONE', #2024, #2681 ) ;
#2308 = EDGE_CURVE ( 'NONE', #1851, #3054, #898, .T. ) ;
#2309 = DIRECTION ( 'NONE',  ( 2.710505431213761085E-16, 0.000000000000000000, -1.000000000000000000 ) ) ;
#2310 = ORIENTED_EDGE ( 'NONE', *, *, #3091, .F. ) ;
#2311 = DIRECTION ( 'NONE',  ( -2.710505431213761085E-16, 0.000000000000000000, 1.000000000000000000 ) ) ;
#2312 = LINE ( 'NONE', #2844, #2149 ) ;
#2313 = ORIENTED_EDGE ( 'NONE', *, *, #1490, .T. ) ;
#2314 = CARTESIAN_POINT ( 'NONE',  ( 1.000000000000000000, 0.2000000000000000111, 0.2000000000000007327 ) ) ;
#2315 =( NAMED_UNIT ( * ) PLANE_ANGLE_UNIT ( ) SI_UNIT ( $, .RADIAN. ) );
#2316 = ORIENTED_EDGE ( 'NONE', *, *, #493, .T. ) ;
#2317 = VECTOR ( 'NONE', #3412, 1000.000000000000000 ) ;
#2318 = CARTESIAN_POINT ( 'NONE',  ( 0.9500000000000005107, 0.1000000000000000056, -1.000000000000000000 ) ) ;
#2319 = CARTESIAN_POINT ( 'NONE',  ( -0.7000000000000002887, 0.7000000000000006217, -0.2000000000000002609 ) ) ;
#2320 = VECTOR ( 'NONE', #1931, 1000.000000000000000 ) ;
#2321 = MECHANICAL_DESIGN_GEOMETRIC_PRESENTATION_REPRESENTATION (  '', ( #2039 ), #3308 ) ;
#2322 = VERTEX_POINT ( 'NONE', #623 ) ;
#2323 = CARTESIAN_POINT ( 'NONE',  ( 0.000000000000000000, 0.05000000000000000278, 0.000000000000000000 ) ) ;
#2324 = VECTOR ( 'NONE', #1570, 1000.000000000000000 ) ;
#2325 = DIRECTION ( 'NONE',  ( 2.168404344971009115E-16, -0.000000000000000000, -1.000000000000000000 ) ) ;
#2326 = CARTESIAN_POINT ( 'NONE',  ( -1.000000000000000000, 0.1999999999999999833, 0.2000000000000007327 ) ) ;
#2327 = CARTESIAN_POINT ( 'NONE',  ( -0.4500000000000001776, 0.2000000000000000944, 0.8000000000000000444 ) ) ;
#2328 = ADVANCED_FACE ( 'NONE', ( #2984 ), #3000, .F. ) ;
#2329 = VERTEX_POINT ( 'NONE', #3232 ) ;
#2330 = CARTESIAN_POINT ( 'NONE',  ( -0.9500000000000003997, 0.7000000000000006217, 0.4499999999999996780 ) ) ;
#2331 = EDGE_CURVE ( 'NONE', #456, #395, #1681, .T. ) ;
#2332 = CARTESIAN_POINT ( 'NONE',  ( 1.000000000000000000, 0.2000000000000000111, -0.4499999999999992339 ) ) ;
#2333 = ORIENTED_EDGE ( 'NONE', *, *, #1401, .F. ) ;
#2334 = EDGE_LOOP ( 'NONE', ( #394, #164, #3373, #3254 ) ) ;
#2335 = DIRECTION ( 'NONE',  ( 4.201283418381329682E-16, 0.000000000000000000, -1.000000000000000000 ) ) ;
#2336 = CARTESIAN_POINT ( 'NONE',  ( -1.000000000000000222, 0.2000000000000000111, 0.8500000000000007550 ) ) ;
#2337 = ORIENTED_EDGE ( 'NONE', *, *, #1671, .T. ) ;
#2338 = FACE_OUTER_BOUND ( 'NONE', #1149, .T. ) ;
#2339 = CARTESIAN_POINT ( 'NONE',  ( 0.4499999999999997891, 0.2000000000000000944, 0.8000000000000002665 ) ) ;
#2340 = CARTESIAN_POINT ( 'NONE',  ( -0.7000000000000000666, 0.2000000000000000111, -0.8500000000000001998 ) ) ;
#2341 = DIRECTION ( 'NONE',  ( 1.662443331144440790E-15, 0.000000000000000000, -1.000000000000000000 ) ) ;
#2342 = VERTEX_POINT ( 'NONE', #604 ) ;
#2343 = LINE ( 'NONE', #2330, #403 ) ;
#2344 = CARTESIAN_POINT ( 'NONE',  ( -1.000000000000000222, 0.1000000000000000056, -1.000000000000000222 ) ) ;
#2345 = EDGE_CURVE ( 'NONE', #3118, #2584, #2208, .T. ) ;
#2346 = DIRECTION ( 'NONE',  ( -2.674365358797580891E-15, 0.000000000000000000, -1.000000000000000000 ) ) ;
#2347 = ORIENTED_EDGE ( 'NONE', *, *, #1150, .T. ) ;
#2348 = CARTESIAN_POINT ( 'NONE',  ( -0.6385285179969155678, 0.8000000000000000444, -0.7477669361583496599 ) ) ;
#2349 = EDGE_LOOP ( 'NONE', ( #3317, #2110, #1498, #1685 ) ) ;
#2350 = LINE ( 'NONE', #1064, #779 ) ;
#2351 = AXIS2_PLACEMENT_3D ( 'NONE', #2689, #2702, #3194 ) ;
#2352 = DIRECTION ( 'NONE',  ( 1.000000000000000000, 0.000000000000000000, 2.168404344971009115E-16 ) ) ;
#2353 = ORIENTED_EDGE ( 'NONE', *, *, #402, .T. ) ;
#2354 = DIRECTION ( 'NONE',  ( -2.168404344971009115E-16, 0.000000000000000000, 1.000000000000000000 ) ) ;
#2355 = AXIS2_PLACEMENT_3D ( 'NONE', #3328, #936, #958 ) ;
#2356 = LINE ( 'NONE', #197, #2676 ) ;
#2357 = DIRECTION ( 'NONE',  ( -1.000000000000000000, 0.000000000000000000, 2.674365358797580891E-15 ) ) ;
#2358 = MECHANICAL_DESIGN_GEOMETRIC_PRESENTATION_REPRESENTATION (  '', ( #2687 ), #2852 ) ;
#2359 = LINE ( 'NONE', #199, #2869 ) ;
#2360 = VERTEX_POINT ( 'NONE', #360 ) ;
#2361 = FACE_OUTER_BOUND ( 'NONE', #1424, .T. ) ;
#2362 = DIRECTION ( 'NONE',  ( -1.000000000000000000, 0.000000000000000000, -2.168404344971009115E-16 ) ) ;
#2363 = ORIENTED_EDGE ( 'NONE', *, *, #1267, .T. ) ;
#2364 = EDGE_CURVE ( 'NONE', #357, #3463, #2498, .T. ) ;
#2365 = ORIENTED_EDGE ( 'NONE', *, *, #3446, .F. ) ;
#2366 = EDGE_CURVE ( 'NONE', #2031, #2178, #832, .T. ) ;
#2367 = CARTESIAN_POINT ( 'NONE',  ( 1.000000000000000222, 0.2000000000000000111, -0.8499999999999998668 ) ) ;
#2368 = EDGE_CURVE ( 'NONE', #1414, #928, #342, .T. ) ;
#2369 = CIRCLE ( 'NONE', #16, 0.09746256089909494102 ) ;
#2370 = LINE ( 'NONE', #3423, #1897 ) ;
#2371 = VERTEX_POINT ( 'NONE', #97 ) ;
#2372 = LINE ( 'NONE', #3427, #2104 ) ;
#2373 = LINE ( 'NONE', #1068, #1835 ) ;
#2374 = DIRECTION ( 'NONE',  ( -2.168404344971009115E-16, 0.000000000000000000, 1.000000000000000000 ) ) ;
#2375 = ORIENTED_EDGE ( 'NONE', *, *, #1116, .F. ) ;
#2376 = CLOSED_SHELL ( 'NONE', ( #2716, #967, #2682, #3215, #2829, #961, #2387 ) ) ;
#2377 = ORIENTED_EDGE ( 'NONE', *, *, #3422, .F. ) ;
#2378 = CARTESIAN_POINT ( 'NONE',  ( 0.7000000000000002887, 0.1000000000000000056, -0.8499999999999999778 ) ) ;
#2379 = FACE_OUTER_BOUND ( 'NONE', #381, .T. ) ;
#2380 = CARTESIAN_POINT ( 'NONE',  ( 0.9999999999999997780, 0.7000000000000006217, 0.8500000000000007550 ) ) ;
#2381 = CARTESIAN_POINT ( 'NONE',  ( -0.8334536397951055609, 0.6999999999999999556, -0.7477669361583497709 ) ) ;
#2382 = EDGE_LOOP ( 'NONE', ( #571, #2673, #2495, #3162 ) ) ;
#2383 = VERTEX_POINT ( 'NONE', #3281 ) ;
#2384 = CARTESIAN_POINT ( 'NONE',  ( 0.4499999999999997891, 2.035755975068581858, 0.8000000000000002665 ) ) ;
#2385 = DIRECTION ( 'NONE',  ( 0.000000000000000000, -1.000000000000000000, 0.000000000000000000 ) ) ;
#2386 = FACE_OUTER_BOUND ( 'NONE', #2481, .T. ) ;
#2387 = ADVANCED_FACE ( 'NONE', ( #3299 ), #1717, .F. ) ;
#2388 = EDGE_CURVE ( 'NONE', #3437, #3378, #240, .T. ) ;
#2389 = ORIENTED_EDGE ( 'NONE', *, *, #1134, .F. ) ;
#2390 = PLANE ( 'NONE',  #1503 ) ;
#2391 = ORIENTED_EDGE ( 'NONE', *, *, #404, .T. ) ;
#2392 = CARTESIAN_POINT ( 'NONE',  ( 0.4500000000000003997, 2.035755975068581858, -0.7999999999999998224 ) ) ;
#2393 = DIRECTION ( 'NONE',  ( 1.000000000000000000, 0.000000000000000000, 2.168404344971009115E-16 ) ) ;
#2394 = ORIENTED_EDGE ( 'NONE', *, *, #2917, .T. ) ;
#2395 = ORIENTED_EDGE ( 'NONE', *, *, #813, .F. ) ;
#2396 = FACE_OUTER_BOUND ( 'NONE', #1060, .T. ) ;
#2397 = CARTESIAN_POINT ( 'NONE',  ( 1.000000000000000000, 0.2000000000000000111, -0.4499999999999992339 ) ) ;
#2398 = VECTOR ( 'NONE', #2748, 1000.000000000000000 ) ;
#2399 = ORIENTED_EDGE ( 'NONE', *, *, #1934, .T. ) ;
#2400 = FACE_OUTER_BOUND ( 'NONE', #2810, .T. ) ;
#2401 = AXIS2_PLACEMENT_3D ( 'NONE', #222, #491, #674 ) ;
#2402 = EDGE_LOOP ( 'NONE', ( #3301, #2170, #527, #2668, #736, #1618, #2365, #2313 ) ) ;
#2403 = EDGE_CURVE ( 'NONE', #3431, #281, #3161, .T. ) ;
#2404 = VECTOR ( 'NONE', #664, 1000.000000000000000 ) ;
#2405 = DIRECTION ( 'NONE',  ( -1.000000000000000000, 0.000000000000000000, -2.168404344971009115E-16 ) ) ;
#2406 = MECHANICAL_DESIGN_GEOMETRIC_PRESENTATION_REPRESENTATION (  '', ( #3185 ), #3072 ) ;
#2407 = ORIENTED_EDGE ( 'NONE', *, *, #3111, .F. ) ;
#2408 = EDGE_LOOP ( 'NONE', ( #561, #1591, #2228, #2105, #1770, #1086 ) ) ;
#2409 = DIRECTION ( 'NONE',  ( 1.000000000000000000, 0.000000000000000000, 2.168404344971009115E-16 ) ) ;
#2410 = ADVANCED_FACE ( 'NONE', ( #759 ), #2615, .F. ) ;
#2411 = DIRECTION ( 'NONE',  ( 0.000000000000000000, 1.000000000000000000, 0.000000000000000000 ) ) ;
#2412 = CARTESIAN_POINT ( 'NONE',  ( -1.203464411458916430E-15, 0.05000000000000000278, -0.4500000000000018985 ) ) ;
#2413 = EDGE_CURVE ( 'NONE', #2885, #3096, #1292, .T. ) ;
#2414 = DIRECTION ( 'NONE',  ( 1.000000000000000000, 0.000000000000000000, 0.000000000000000000 ) ) ;
#2415 = EDGE_LOOP ( 'NONE', ( #3187, #1228, #2138, #1458 ) ) ;
#2416 = DIRECTION ( 'NONE',  ( -0.000000000000000000, -1.000000000000000000, 0.000000000000000000 ) ) ;
#2417 = LINE ( 'NONE', #2094, #3350 ) ;
#2418 = ORIENTED_EDGE ( 'NONE', *, *, #2448, .T. ) ;
#2419 = CARTESIAN_POINT ( 'NONE',  ( -0.7000000000000002887, 0.1000000000000000056, 0.1999999999999999278 ) ) ;
#2420 = EDGE_LOOP ( 'NONE', ( #2174, #1678, #2685, #1212 ) ) ;
#2421 = CARTESIAN_POINT ( 'NONE',  ( -0.7000000000000001776, 0.04999999999999999584, -0.4500000000000000666 ) ) ;
#2422 = VECTOR ( 'NONE', #2477, 1000.000000000000000 ) ;
#2423 = ORIENTED_EDGE ( 'NONE', *, *, #1058, .F. ) ;
#2424 = VERTEX_POINT ( 'NONE', #918 ) ;
#2425 = CARTESIAN_POINT ( 'NONE',  ( 0.000000000000000000, 0.1000000000000000056, 0.000000000000000000 ) ) ;
#2426 = PLANE ( 'NONE',  #1413 ) ;
#2427 = DIRECTION ( 'NONE',  ( -0.000000000000000000, -1.000000000000000000, 0.000000000000000000 ) ) ;
#2428 = EDGE_CURVE ( 'NONE', #1006, #1691, #3097, .T. ) ;
#2429 = AXIS2_PLACEMENT_3D ( 'NONE', #2886, #984, #2060 ) ;
#2430 = CARTESIAN_POINT ( 'NONE',  ( 0.6999999999999999556, 0.1000000000000000472, 0.4500000000000000666 ) ) ;
#2431 = EDGE_CURVE ( 'NONE', #1143, #2295, #1785, .T. ) ;
#2432 = ORIENTED_EDGE ( 'NONE', *, *, #2160, .T. ) ;
#2433 = VECTOR ( 'NONE', #668, 1000.000000000000000 ) ;
#2434 = ORIENTED_EDGE ( 'NONE', *, *, #3021, .T. ) ;
#2435 = CARTESIAN_POINT ( 'NONE',  ( -0.7000000000000003997, 0.000000000000000000, 0.4499999999999997335 ) ) ;
#2436 = PLANE ( 'NONE',  #609 ) ;
#2437 = ORIENTED_EDGE ( 'NONE', *, *, #3327, .F. ) ;
#2438 = CARTESIAN_POINT ( 'NONE',  ( -0.4500000000000001776, 2.035755975068581858, 0.8000000000000000444 ) ) ;
#2439 = EDGE_LOOP ( 'NONE', ( #1904, #1792, #3385, #3198, #3392, #3260 ) ) ;
#2440 = CARTESIAN_POINT ( 'NONE',  ( -9.757819552369538673E-17, 0.05000000000000000278, 0.4499999999999999001 ) ) ;
#2441 = ORIENTED_EDGE ( 'NONE', *, *, #2331, .T. ) ;
#2442 = FACE_OUTER_BOUND ( 'NONE', #2334, .T. ) ;
#2443 = CARTESIAN_POINT ( 'NONE',  ( 0.4500000000000003997, 0.2000000000000000944, -0.7999999999999998224 ) ) ;
#2444 = FACE_OUTER_BOUND ( 'NONE', #2200, .T. ) ;
#2445 = VERTEX_POINT ( 'NONE', #2261 ) ;
#2446 = EDGE_CURVE ( 'NONE', #2859, #2527, #116, .T. ) ;
#2447 = ORIENTED_EDGE ( 'NONE', *, *, #1807, .T. ) ;
#2448 = EDGE_CURVE ( 'NONE', #3378, #1944, #137, .T. ) ;
#2449 = FACE_OUTER_BOUND ( 'NONE', #2142, .T. ) ;
#2450 = ORIENTED_EDGE ( 'NONE', *, *, #2530, .T. ) ;
#2451 = CARTESIAN_POINT ( 'NONE',  ( -0.4500000000000001221, 0.2000000000000000944, 0.8000000000000000444 ) ) ;
#2452 =( GEOMETRIC_REPRESENTATION_CONTEXT ( 3 ) GLOBAL_UNCERTAINTY_ASSIGNED_CONTEXT ( ( #941 ) ) GLOBAL_UNIT_ASSIGNED_CONTEXT ( ( #3040, #2969, #1942 ) ) REPRESENTATION_CONTEXT ( 'NONE', 'WORKASPACE' ) );
#2453 = VERTEX_POINT ( 'NONE', #2815 ) ;
#2454 = ORIENTED_EDGE ( 'NONE', *, *, #3153, .T. ) ;
#2455 = VECTOR ( 'NONE', #1146, 1000.000000000000000 ) ;
#2456 = LINE ( 'NONE', #3044, #2071 ) ;
#2457 = DIRECTION ( 'NONE',  ( -2.168404344971009115E-16, 0.000000000000000000, 1.000000000000000000 ) ) ;
#2458 = VECTOR ( 'NONE', #384, 1000.000000000000000 ) ;
#2459 = PLANE ( 'NONE',  #797 ) ;
#2460 = PLANE ( 'NONE',  #1132 ) ;
#2461 = ADVANCED_FACE ( 'NONE', ( #1023 ), #1750, .T. ) ;
#2462 = CARTESIAN_POINT ( 'NONE',  ( 1.000000000000000000, 0.2000000000000000111, -0.1999999999999998723 ) ) ;
#2463 = ORIENTED_EDGE ( 'NONE', *, *, #1743, .F. ) ;
#2464 = DIRECTION ( 'NONE',  ( -1.000000000000000000, 0.000000000000000000, -4.201283418381329682E-16 ) ) ;
#2465 = EDGE_CURVE ( 'NONE', #2956, #3123, #694, .T. ) ;
#2466 = FILL_AREA_STYLE ('',( #608 ) ) ;
#2467 = VERTEX_POINT ( 'NONE', #2296 ) ;
#2468 = CARTESIAN_POINT ( 'NONE',  ( 0.7000000000000000666, 0.04999999999999999584, 0.2000000000000002609 ) ) ;
#2469 = DIRECTION ( 'NONE',  ( 1.000000000000000000, 0.000000000000000000, 2.168404344971009115E-16 ) ) ;
#2470 = CARTESIAN_POINT ( 'NONE',  ( 0.9500000000000005107, 0.1000000000000000056, -1.000000000000000000 ) ) ;
#2471 = FACE_OUTER_BOUND ( 'NONE', #2772, .T. ) ;
#2472 = VECTOR ( 'NONE', #540, 999.9999999999998863 ) ;
#2473 = ORIENTED_EDGE ( 'NONE', *, *, #1134, .T. ) ;
#2474 = CARTESIAN_POINT ( 'NONE',  ( 0.9500000000000003997, 0.2000000000000000111, -0.4499999999999992895 ) ) ;
#2475 = SURFACE_STYLE_USAGE ( .BOTH. , #2201 ) ;
#2476 = CLOSED_SHELL ( 'NONE', ( #2410, #2092, #2029, #2213, #466, #1376, #1014, #597 ) ) ;
#2477 = DIRECTION ( 'NONE',  ( -0.000000000000000000, -1.000000000000000000, 0.000000000000000000 ) ) ;
#2478 = VECTOR ( 'NONE', #1141, 1000.000000000000000 ) ;
#2479 =( NAMED_UNIT ( * ) PLANE_ANGLE_UNIT ( ) SI_UNIT ( $, .RADIAN. ) );
#2480 = AXIS2_PLACEMENT_3D ( 'NONE', #2753, #2218, #3259 ) ;
#2481 = EDGE_LOOP ( 'NONE', ( #2928, #3158, #2391, #3173 ) ) ;
#2482 = LINE ( 'NONE', #1372, #44 ) ;
#2483 = DIRECTION ( 'NONE',  ( 0.000000000000000000, 1.000000000000000000, 0.000000000000000000 ) ) ;
#2484 = ADVANCED_FACE ( 'NONE', ( #1994 ), #1491, .F. ) ;
#2485 = EDGE_CURVE ( 'NONE', #785, #1610, #1041, .T. ) ;
#2486 = UNCERTAINTY_MEASURE_WITH_UNIT (LENGTH_MEASURE( 1.000000000000000082E-05 ), #1728, 'distance_accuracy_value', 'NONE');
#2487 = EDGE_LOOP ( 'NONE', ( #3192, #520, #1087, #225 ) ) ;
#2488 = FACE_OUTER_BOUND ( 'NONE', #731, .T. ) ;
#2489 = DIRECTION ( 'NONE',  ( -1.000000000000000000, 0.000000000000000000, 0.000000000000000000 ) ) ;
#2490 = LINE ( 'NONE', #2216, #2458 ) ;
#2491 = DIRECTION ( 'NONE',  ( -2.674365358797580891E-15, 0.000000000000000000, -1.000000000000000000 ) ) ;
#2492 = LINE ( 'NONE', #316, #975 ) ;
#2493 = VERTEX_POINT ( 'NONE', #957 ) ;
#2494 = CARTESIAN_POINT ( 'NONE',  ( 0.9500000000000002887, 0.04999999999999999584, -0.1999999999999998723 ) ) ;
#2495 = ORIENTED_EDGE ( 'NONE', *, *, #1893, .F. ) ;
#2496 = CARTESIAN_POINT ( 'NONE',  ( 0.4500000000000003997, 2.035755975068581858, -0.7999999999999998224 ) ) ;
#2497 = ORIENTED_EDGE ( 'NONE', *, *, #2117, .F. ) ;
#2498 = LINE ( 'NONE', #2225, #3181 ) ;
#2499 = DIRECTION ( 'NONE',  ( -0.000000000000000000, -1.000000000000000000, 0.000000000000000000 ) ) ;
#2500 =( NAMED_UNIT ( * ) SI_UNIT ( $, .STERADIAN. ) SOLID_ANGLE_UNIT ( ) );
#2501 = EDGE_CURVE ( 'NONE', #2548, #3006, #1452, .T. ) ;
#2502 = EDGE_LOOP ( 'NONE', ( #2018, #532, #2454, #743 ) ) ;
#2503 = VECTOR ( 'NONE', #1355, 1000.000000000000000 ) ;
#2504 = CARTESIAN_POINT ( 'NONE',  ( -0.9500000000000000666, 0.1000000000000000056, -1.000000000000000444 ) ) ;
#2505 = CARTESIAN_POINT ( 'NONE',  ( 0.4499999999999997891, 2.035755975068581858, 0.8000000000000002665 ) ) ;
#2506 = AXIS2_PLACEMENT_3D ( 'NONE', #2536, #407, #3313 ) ;
#2507 = FACE_OUTER_BOUND ( 'NONE', #782, .T. ) ;
#2508 = CARTESIAN_POINT ( 'NONE',  ( 0.7000000000000000666, 0.2000000000000000111, -0.1999999999999999278 ) ) ;
#2509 = ORIENTED_EDGE ( 'NONE', *, *, #1592, .F. ) ;
#2510 = SURFACE_STYLE_USAGE ( .BOTH. , #1953 ) ;
#2511 = ADVANCED_FACE ( 'NONE', ( #1220 ), #3351, .T. ) ;
#2512 = AXIS2_PLACEMENT_3D ( 'NONE', #734, #1496, #2858 ) ;
#2513 = FILL_AREA_STYLE_COLOUR ( '', #3289 ) ;
#2514 = EDGE_LOOP ( 'NONE', ( #1989, #3074, #2363, #1384 ) ) ;
#2515 = COLOUR_RGB ( '',0.7921568627450980005, 0.8196078431372548767, 0.9333333333333333481 ) ;
#2516 = DIRECTION ( 'NONE',  ( 0.000000000000000000, -1.000000000000000000, 0.000000000000000000 ) ) ;
#2517 = ORIENTED_EDGE ( 'NONE', *, *, #2132, .F. ) ;
#2518 = VECTOR ( 'NONE', #2161, 1000.000000000000000 ) ;
#2519 = CARTESIAN_POINT ( 'NONE',  ( -1.409462824231155764E-16, 0.2000000000000000111, 0.6500000000000000222 ) ) ;
#2520 = LINE ( 'NONE', #392, #1290 ) ;
#2521 = SURFACE_STYLE_FILL_AREA ( #2466 ) ;
#2522 = ORIENTED_EDGE ( 'NONE', *, *, #2364, .F. ) ;
#2523 = PLANE ( 'NONE',  #1280 ) ;
#2524 = PLANE ( 'NONE',  #1509 ) ;
#2525 = DIRECTION ( 'NONE',  ( -1.000000000000000000, 0.000000000000000000, 2.674365358797580891E-15 ) ) ;
#2526 = CARTESIAN_POINT ( 'NONE',  ( -0.9500000000000001776, 0.000000000000000000, -0.4499999999999993450 ) ) ;
#2527 = VERTEX_POINT ( 'NONE', #2035 ) ;
#2528 = DIRECTION ( 'NONE',  ( 0.000000000000000000, 1.000000000000000000, 0.000000000000000000 ) ) ;
#2529 = FILL_AREA_STYLE ('',( #2513 ) ) ;
#2530 = EDGE_CURVE ( 'NONE', #2189, #2322, #1184, .T. ) ;
#2531 = EDGE_CURVE ( 'NONE', #1610, #2424, #2832, .T. ) ;
#2532 = VERTEX_POINT ( 'NONE', #3241 ) ;
#2533 = DIRECTION ( 'NONE',  ( -1.000000000000000000, 0.000000000000000000, 2.674365358797580891E-15 ) ) ;
#2534 = AXIS2_PLACEMENT_3D ( 'NONE', #1022, #3109, #1214 ) ;
#2535 = ORIENTED_EDGE ( 'NONE', *, *, #3440, .T. ) ;
#2536 = CARTESIAN_POINT ( 'NONE',  ( 0.000000000000000000, 0.1000000000000000056, 0.000000000000000000 ) ) ;
#2537 = VECTOR ( 'NONE', #451, 1000.000000000000000 ) ;
#2538 = AXIS2_PLACEMENT_3D ( 'NONE', #3442, #1858, #2309 ) ;
#2539 = DIRECTION ( 'NONE',  ( -0.000000000000000000, -1.000000000000000000, 0.000000000000000000 ) ) ;
#2540 = PLANE ( 'NONE',  #378 ) ;
#2541 = LINE ( 'NONE', #465, #3368 ) ;
#2542 = FACE_OUTER_BOUND ( 'NONE', #195, .T. ) ;
#2543 = FACE_OUTER_BOUND ( 'NONE', #3388, .T. ) ;
#2544 = LINE ( 'NONE', #3339, #1191 ) ;
#2545 = ORIENTED_EDGE ( 'NONE', *, *, #364, .F. ) ;
#2546 = LINE ( 'NONE', #437, #352 ) ;
#2547 = LINE ( 'NONE', #1486, #103 ) ;
#2548 = VERTEX_POINT ( 'NONE', #1377 ) ;
#2549 = EDGE_CURVE ( 'NONE', #1338, #312, #2931, .T. ) ;
#2550 = EDGE_CURVE ( 'NONE', #2144, #2598, #53, .T. ) ;
#2551 = VERTEX_POINT ( 'NONE', #2443 ) ;
#2552 = DIRECTION ( 'NONE',  ( -0.000000000000000000, -1.000000000000000000, 0.000000000000000000 ) ) ;
#2553 = PLANE ( 'NONE',  #2794 ) ;
#2554 = EDGE_CURVE ( 'NONE', #528, #357, #2717, .T. ) ;
#2555 = LINE ( 'NONE', #3329, #159 ) ;
#2556 = EDGE_CURVE ( 'NONE', #30, #1744, #1326, .T. ) ;
#2557 = ORIENTED_EDGE ( 'NONE', *, *, #2345, .F. ) ;
#2558 = CARTESIAN_POINT ( 'NONE',  ( 0.4500000000000003997, 0.2000000000000000944, -0.7999999999999998224 ) ) ;
#2559 = DIRECTION ( 'NONE',  ( 1.000000000000000000, 0.000000000000000000, 2.168404344971009115E-16 ) ) ;
#2560 = LINE ( 'NONE', #1285, #3399 ) ;
#2561 = DIRECTION ( 'NONE',  ( -1.000000000000000000, 0.000000000000000000, -2.168404344971009115E-16 ) ) ;
#2562 = ORIENTED_EDGE ( 'NONE', *, *, #1633, .F. ) ;
#2563 = AXIS2_PLACEMENT_3D ( 'NONE', #2837, #2061, #2559 ) ;
#2564 = CARTESIAN_POINT ( 'NONE',  ( -0.7359910788960105643, 0.8000000000000000444, -0.7477669361583496599 ) ) ;
#2565 = CARTESIAN_POINT ( 'NONE',  ( -1.000000000000000444, 0.1000000000000000056, -0.2000000000000003164 ) ) ;
#2566 = AXIS2_PLACEMENT_3D ( 'NONE', #3315, #2853, #2058 ) ;
#2567 = VERTEX_POINT ( 'NONE', #21 ) ;
#2568 = CARTESIAN_POINT ( 'NONE',  ( 0.000000000000000000, 0.000000000000000000, 0.000000000000000000 ) ) ;
#2569 = VECTOR ( 'NONE', #486, 1000.000000000000000 ) ;
#2570 = ORIENTED_EDGE ( 'NONE', *, *, #2021, .F. ) ;
#2571 = EDGE_CURVE ( 'NONE', #2256, #3415, #2945, .T. ) ;
#2572 = CARTESIAN_POINT ( 'NONE',  ( 0.9500000000000001776, 0.04999999999999999584, 0.4500000000000001221 ) ) ;
#2573 = DIRECTION ( 'NONE',  ( 0.000000000000000000, -1.000000000000000000, 0.000000000000000000 ) ) ;
#2574 = EDGE_CURVE ( 'NONE', #1944, #1269, #2181, .T. ) ;
#2575 = EDGE_CURVE ( 'NONE', #3437, #286, #525, .T. ) ;
#2576 = ORIENTED_EDGE ( 'NONE', *, *, #221, .T. ) ;
#2577 = LINE ( 'NONE', #1494, #1369 ) ;
#2578 = DIRECTION ( 'NONE',  ( 0.000000000000000000, -1.000000000000000000, 0.000000000000000000 ) ) ;
#2579 = DIRECTION ( 'NONE',  ( 1.000000000000000000, 0.000000000000000000, 1.662443331144440592E-15 ) ) ;
#2580 = FACE_OUTER_BOUND ( 'NONE', #1545, .T. ) ;
#2581 = ORIENTED_EDGE ( 'NONE', *, *, #1998, .F. ) ;
#2582 = CARTESIAN_POINT ( 'NONE',  ( -0.9500000000000000666, 0.04999999999999999584, -0.8500000000000003109 ) ) ;
#2583 = PLANE ( 'NONE',  #3030 ) ;
#2584 = VERTEX_POINT ( 'NONE', #2977 ) ;
#2585 = VERTEX_POINT ( 'NONE', #837 ) ;
#2586 = VECTOR ( 'NONE', #1259, 1000.000000000000000 ) ;
#2587 = LINE ( 'NONE', #2833, #883 ) ;
#2588 = DIRECTION ( 'NONE',  ( 1.000000000000000000, 0.000000000000000000, 2.168404344971009115E-16 ) ) ;
#2589 = VECTOR ( 'NONE', #2871, 1000.000000000000000 ) ;
#2590 = VERTEX_POINT ( 'NONE', #2912 ) ;
#2591 = PLANE ( 'NONE',  #1644 ) ;
#2592 = EDGE_CURVE ( 'NONE', #1928, #690, #314, .T. ) ;
#2593 = AXIS2_PLACEMENT_3D ( 'NONE', #2659, #2692, #279 ) ;
#2594 = EDGE_CURVE ( 'NONE', #1610, #2322, #1388, .T. ) ;
#2595 = CARTESIAN_POINT ( 'NONE',  ( -0.7000000000000005107, 0.7000000000000006217, 0.8499999999999999778 ) ) ;
#2596 = LINE ( 'NONE', #3391, #1672 ) ;
#2597 = PLANE ( 'NONE',  #3098 ) ;
#2598 = VERTEX_POINT ( 'NONE', #1089 ) ;
#2599 = FACE_OUTER_BOUND ( 'NONE', #441, .T. ) ;
#2600 = LINE ( 'NONE', #1538, #1024 ) ;
#2601 = CARTESIAN_POINT ( 'NONE',  ( -0.7000000000000001776, 0.000000000000000000, -0.4500000000000000666 ) ) ;
#2602 = EDGE_LOOP ( 'NONE', ( #2755, #260, #150, #3246 ) ) ;
#2603 = CARTESIAN_POINT ( 'NONE',  ( -0.9500000000000003997, 0.05000000000000000278, -2.574980159653074510E-16 ) ) ;
#2604 = ORIENTED_EDGE ( 'NONE', *, *, #2368, .T. ) ;
#2605 = CARTESIAN_POINT ( 'NONE',  ( 0.7000000000000000666, 0.2000000000000000111, 0.2000000000000002609 ) ) ;
#2606 = FACE_OUTER_BOUND ( 'NONE', #2828, .T. ) ;
#2607 = ORIENTED_EDGE ( 'NONE', *, *, #1359, .F. ) ;
#2608 = CARTESIAN_POINT ( 'NONE',  ( 0.9500000000000003997, 0.05000000000000000278, 0.2000000000000005107 ) ) ;
#2609 = CARTESIAN_POINT ( 'NONE',  ( -0.9500000000000000666, 0.1000000000000000056, -1.000000000000000444 ) ) ;
#2610 = CARTESIAN_POINT ( 'NONE',  ( -0.4499999999999996780, 0.2000000000000000944, -0.4999999999999998890 ) ) ;
#2611 = EDGE_CURVE ( 'NONE', #1568, #1373, #1122, .T. ) ;
#2612 = CARTESIAN_POINT ( 'NONE',  ( 0.7000000000000001776, 0.2000000000000000111, -0.4499999999999997335 ) ) ;
#2613 = ORIENTED_EDGE ( 'NONE', *, *, #487, .F. ) ;
#2614 = FACE_OUTER_BOUND ( 'NONE', #703, .T. ) ;
#2615 = PLANE ( 'NONE',  #100 ) ;
#2616 = EDGE_CURVE ( 'NONE', #2585, #1978, #1882, .T. ) ;
#2617 = VERTEX_POINT ( 'NONE', #1344 ) ;
#2618 = CARTESIAN_POINT ( 'NONE',  ( 0.6999999999999999556, 0.000000000000000000, 0.4500000000000000666 ) ) ;
#2619 = CARTESIAN_POINT ( 'NONE',  ( 0.7000000000000000666, 0.000000000000000000, -0.1999999999999999278 ) ) ;
#2620 = VECTOR ( 'NONE', #1684, 1000.000000000000000 ) ;
#2621 = ORIENTED_EDGE ( 'NONE', *, *, #2968, .F. ) ;
#2622 = AXIS2_PLACEMENT_3D ( 'NONE', #921, #3353, #2834 ) ;
#2623 = LINE ( 'NONE', #2920, #1571 ) ;
#2624 = VERTEX_POINT ( 'NONE', #2671 ) ;
#2625 = VECTOR ( 'NONE', #2002, 1000.000000000000000 ) ;
#2626 = CARTESIAN_POINT ( 'NONE',  ( 0.9500000000000003997, 0.05000000000000000278, 1.544988095791844558E-16 ) ) ;
#2627 = VERTEX_POINT ( 'NONE', #3256 ) ;
#2628 = PLANE ( 'NONE',  #1080 ) ;
#2629 = VECTOR ( 'NONE', #262, 1000.000000000000000 ) ;
#2630 = CARTESIAN_POINT ( 'NONE',  ( -0.9500000000000001776, 0.7000000000000006217, -0.4499999999999994005 ) ) ;
#2631 = CARTESIAN_POINT ( 'NONE',  ( -0.1499999999999975797, 0.2000000000000000944, -0.7999999999999999334 ) ) ;
#2632 = VECTOR ( 'NONE', #829, 1000.000000000000000 ) ;
#2633 = ORIENTED_EDGE ( 'NONE', *, *, #3151, .F. ) ;
#2634 = CARTESIAN_POINT ( 'NONE',  ( 1.000000000000000666, 0.1000000000000000056, -0.9999999999999997780 ) ) ;
#2635 = DIRECTION ( 'NONE',  ( -2.168404344971009115E-16, 0.000000000000000000, 1.000000000000000000 ) ) ;
#2636 = CARTESIAN_POINT ( 'NONE',  ( -0.9500000000000000666, 0.1000000000000000056, -1.000000000000000444 ) ) ;
#2637 = CARTESIAN_POINT ( 'NONE',  ( 0.9999999999999997780, 0.2000000000000000111, 0.8500000000000007550 ) ) ;
#2638 = VERTEX_POINT ( 'NONE', #1899 ) ;
#2639 = ADVANCED_FACE ( 'NONE', ( #1864 ), #273, .F. ) ;
#2640 = ORIENTED_EDGE ( 'NONE', *, *, #3400, .T. ) ;
#2641 = EDGE_CURVE ( 'NONE', #2877, #1067, #2961, .T. ) ;
#2642 = CARTESIAN_POINT ( 'NONE',  ( -1.000000000000000000, 0.1000000000000000056, 0.2000000000000007327 ) ) ;
#2643 = DIRECTION ( 'NONE',  ( 2.168404344971009115E-16, 0.000000000000000000, -1.000000000000000000 ) ) ;
#2644 = VECTOR ( 'NONE', #3364, 1000.000000000000000 ) ;
#2645 = DIRECTION ( 'NONE',  ( 0.000000000000000000, 1.000000000000000000, 0.000000000000000000 ) ) ;
#2646 = ORIENTED_EDGE ( 'NONE', *, *, #2762, .T. ) ;
#2647 = AXIS2_PLACEMENT_3D ( 'NONE', #2028, #1291, #2066 ) ;
#2648 = VECTOR ( 'NONE', #336, 1000.000000000000000 ) ;
#2649 = PLANE ( 'NONE',  #1446 ) ;
#2650 = CARTESIAN_POINT ( 'NONE',  ( -3.324886662288866295E-16, 0.05000000000000000278, 0.1999999999999990952 ) ) ;
#2651 = AXIS2_PLACEMENT_3D ( 'NONE', #3290, #1668, #889 ) ;
#2652 = EDGE_LOOP ( 'NONE', ( #1697, #1125, #2862, #1129 ) ) ;
#2653 = LINE ( 'NONE', #772, #1527 ) ;
#2654 = CARTESIAN_POINT ( 'NONE',  ( 0.6999999999999998446, 0.2000000000000000111, 0.8500000000000001998 ) ) ;
#2655 = LINE ( 'NONE', #258, #126 ) ;
#2656 = VERTEX_POINT ( 'NONE', #257 ) ;
#2657 = ORIENTED_EDGE ( 'NONE', *, *, #48, .T. ) ;
#2658 = EDGE_CURVE ( 'NONE', #1827, #3273, #3449, .T. ) ;
#2659 = CARTESIAN_POINT ( 'NONE',  ( -0.7000000000000000666, 0.7000000000000006217, -0.8500000000000001998 ) ) ;
#2660 = LINE ( 'NONE', #2397, #2849 ) ;
#2661 = EDGE_LOOP ( 'NONE', ( #1737, #942, #2211, #2109, #741, #778 ) ) ;
#2662 = PLANE ( 'NONE',  #716 ) ;
#2663 = ORIENTED_EDGE ( 'NONE', *, *, #1613, .T. ) ;
#2664 = ADVANCED_FACE ( 'NONE', ( #1056 ), #3, .T. ) ;
#2665 = EDGE_CURVE ( 'NONE', #1176, #1329, #788, .T. ) ;
#2666 = CARTESIAN_POINT ( 'NONE',  ( -0.9500000000000000666, 0.1000000000000000056, -1.000000000000000444 ) ) ;
#2667 = ORIENTED_EDGE ( 'NONE', *, *, #3357, .F. ) ;
#2668 = ORIENTED_EDGE ( 'NONE', *, *, #3153, .F. ) ;
#2669 = CARTESIAN_POINT ( 'NONE',  ( 0.000000000000000000, 0.000000000000000000, 0.000000000000000000 ) ) ;
#2670 = CARTESIAN_POINT ( 'NONE',  ( 0.9500000000000005107, 0.1000000000000000056, -1.000000000000000000 ) ) ;
#2671 = CARTESIAN_POINT ( 'NONE',  ( 0.9500000000000001776, 0.1000000000000000056, 0.8500000000000007550 ) ) ;
#2672 = DIRECTION ( 'NONE',  ( -1.000000000000000000, 0.000000000000000000, 0.000000000000000000 ) ) ;
#2673 = ORIENTED_EDGE ( 'NONE', *, *, #2191, .F. ) ;
#2674 = ORIENTED_EDGE ( 'NONE', *, *, #644, .T. ) ;
#2675 = LINE ( 'NONE', #2367, #1230 ) ;
#2676 = VECTOR ( 'NONE', #699, 1000.000000000000000 ) ;
#2677 = ORIENTED_EDGE ( 'NONE', *, *, #1254, .T. ) ;
#2678 = LINE ( 'NONE', #2695, #2179 ) ;
#2679 = VECTOR ( 'NONE', #3387, 1000.000000000000000 ) ;
#2680 = ORIENTED_EDGE ( 'NONE', *, *, #1033, .F. ) ;
#2681 = VECTOR ( 'NONE', #450, 1000.000000000000000 ) ;
#2682 = ADVANCED_FACE ( 'NONE', ( #2543 ), #2524, .T. ) ;
#2683 = CARTESIAN_POINT ( 'NONE',  ( -0.9500000000000002887, 0.1000000000000000056, -0.2000000000000003164 ) ) ;
#2684 =( GEOMETRIC_REPRESENTATION_CONTEXT ( 3 ) GLOBAL_UNCERTAINTY_ASSIGNED_CONTEXT ( ( #2486 ) ) GLOBAL_UNIT_ASSIGNED_CONTEXT ( ( #1728, #617, #75 ) ) REPRESENTATION_CONTEXT ( 'NONE', 'WORKASPACE' ) );
#2685 = ORIENTED_EDGE ( 'NONE', *, *, #1049, .F. ) ;
#2686 = LINE ( 'NONE', #2634, #192 ) ;
#2687 = STYLED_ITEM ( 'NONE', ( #672 ), #1815 ) ;
#2688 = DIRECTION ( 'NONE',  ( 1.000000000000000000, 0.000000000000000000, 2.168404344971009115E-16 ) ) ;
#2689 = CARTESIAN_POINT ( 'NONE',  ( -0.7359910788960105643, 0.8000000000000000444, -0.7477669361583496599 ) ) ;
#2690 = ORIENTED_EDGE ( 'NONE', *, *, #2446, .T. ) ;
#2691 = ORIENTED_EDGE ( 'NONE', *, *, #328, .F. ) ;
#2692 = DIRECTION ( 'NONE',  ( -2.168404344971009115E-16, 0.000000000000000000, 1.000000000000000000 ) ) ;
#2693 = CARTESIAN_POINT ( 'NONE',  ( -0.7000000000000000666, 0.2000000000000000111, -0.8500000000000001998 ) ) ;
#2694 = ORIENTED_EDGE ( 'NONE', *, *, #1201, .T. ) ;
#2695 = CARTESIAN_POINT ( 'NONE',  ( 0.6999999999999998446, 0.1000000000000000056, 0.8500000000000001998 ) ) ;
#2696 = VERTEX_POINT ( 'NONE', #105 ) ;
#2697 = CARTESIAN_POINT ( 'NONE',  ( -1.000000000000000222, 0.05000000000000000278, -1.000000000000000222 ) ) ;
#2698 = UNCERTAINTY_MEASURE_WITH_UNIT (LENGTH_MEASURE( 1.000000000000000082E-05 ), #1105, 'distance_accuracy_value', 'NONE');
#2699 = EDGE_CURVE ( 'NONE', #1082, #1568, #368, .T. ) ;
#2700 = ADVANCED_FACE ( 'NONE', ( #333 ), #2751, .F. ) ;
#2701 = DIRECTION ( 'NONE',  ( -2.168404344971009115E-16, 0.000000000000000000, 1.000000000000000000 ) ) ;
#2702 = DIRECTION ( 'NONE',  ( 0.000000000000000000, -1.000000000000000000, 0.000000000000000000 ) ) ;
#2703 = VECTOR ( 'NONE', #1264, 1000.000000000000000 ) ;
#2704 = CARTESIAN_POINT ( 'NONE',  ( 1.000000000000000444, 0.1000000000000000056, -0.1999999999999998723 ) ) ;
#2705 = VERTEX_POINT ( 'NONE', #351 ) ;
#2706 = ORIENTED_EDGE ( 'NONE', *, *, #20, .F. ) ;
#2707 = CARTESIAN_POINT ( 'NONE',  ( -0.9500000000000003997, 0.2000000000000000111, 0.4499999999999996780 ) ) ;
#2708 = DIRECTION ( 'NONE',  ( 1.000000000000000000, 0.000000000000000000, 2.168404344971009115E-16 ) ) ;
#2709 = EDGE_LOOP ( 'NONE', ( #2999, #410, #253, #1635 ) ) ;
#2710 = DIRECTION ( 'NONE',  ( -2.168404344971009115E-16, 0.000000000000000000, 1.000000000000000000 ) ) ;
#2711 = FILL_AREA_STYLE_COLOUR ( '', #1794 ) ;
#2712 = FACE_OUTER_BOUND ( 'NONE', #3231, .T. ) ;
#2713 = ORIENTED_EDGE ( 'NONE', *, *, #661, .F. ) ;
#2714 = ORIENTED_EDGE ( 'NONE', *, *, #510, .T. ) ;
#2715 = CARTESIAN_POINT ( 'NONE',  ( -0.7359910788960105643, 0.6999999999999999556, -0.7477669361583496599 ) ) ;
#2716 = ADVANCED_FACE ( 'NONE', ( #3319 ), #1460, .T. ) ;
#2717 = LINE ( 'NONE', #1072, #2182 ) ;
#2718 = FACE_OUTER_BOUND ( 'NONE', #885, .T. ) ;
#2719 = ORIENTED_EDGE ( 'NONE', *, *, #380, .T. ) ;
#2720 = EDGE_CURVE ( 'NONE', #1884, #2256, #2786, .T. ) ;
#2721 = EDGE_LOOP ( 'NONE', ( #830, #652, #1216, #1856, #560, #145 ) ) ;
#2722 = EDGE_CURVE ( 'NONE', #2031, #2777, #3009, .T. ) ;
#2723 = CARTESIAN_POINT ( 'NONE',  ( 0.9500000000000001776, 0.1000000000000000056, 1.000000000000000222 ) ) ;
#2724 = LINE ( 'NONE', #2240, #1118 ) ;
#2725 = ORIENTED_EDGE ( 'NONE', *, *, #1872, .F. ) ;
#2726 = CARTESIAN_POINT ( 'NONE',  ( 0.6999999999999998446, 0.2000000000000000111, 0.8500000000000001998 ) ) ;
#2727 = VECTOR ( 'NONE', #1602, 1000.000000000000000 ) ;
#2728 = DIRECTION ( 'NONE',  ( -1.000000000000000000, 0.000000000000000000, -1.626303258728256898E-16 ) ) ;
#2729 = AXIS2_PLACEMENT_3D ( 'NONE', #1130, #2710, #1979 ) ;
#2730 = ORIENTED_EDGE ( 'NONE', *, *, #2616, .T. ) ;
#2731 = VECTOR ( 'NONE', #1101, 1000.000000000000000 ) ;
#2732 = LINE ( 'NONE', #1708, #3331 ) ;
#2733 = PLANE ( 'NONE',  #1789 ) ;
#2734 = VECTOR ( 'NONE', #3200, 1000.000000000000000 ) ;
#2735 = CARTESIAN_POINT ( 'NONE',  ( -0.1499999999999984401, 0.2000000000000000944, -0.7999999999999999334 ) ) ;
#2736 = CARTESIAN_POINT ( 'NONE',  ( 0.000000000000000000, 0.8000000000000000444, 0.000000000000000000 ) ) ;
#2737 = ORIENTED_EDGE ( 'NONE', *, *, #2308, .F. ) ;
#2738 = VECTOR ( 'NONE', #2883, 1000.000000000000000 ) ;
#2739 = LINE ( 'NONE', #2773, #827 ) ;
#2740 = VECTOR ( 'NONE', #1855, 1000.000000000000000 ) ;
#2741 = DIRECTION ( 'NONE',  ( 1.626303258728256898E-16, 0.000000000000000000, -1.000000000000000000 ) ) ;
#2742 = EDGE_CURVE ( 'NONE', #1199, #270, #1140, .T. ) ;
#2743 = LINE ( 'NONE', #2496, #3188 ) ;
#2744 = ADVANCED_FACE ( 'NONE', ( #1427 ), #1741, .F. ) ;
#2745 = ORIENTED_EDGE ( 'NONE', *, *, #3428, .F. ) ;
#2746 = DIRECTION ( 'NONE',  ( 1.000000000000000000, 0.000000000000000000, 2.168404344971009115E-16 ) ) ;
#2747 =( NAMED_UNIT ( * ) SI_UNIT ( $, .STERADIAN. ) SOLID_ANGLE_UNIT ( ) );
#2748 = DIRECTION ( 'NONE',  ( 0.7071067811865489050, -0.000000000000000000, -0.7071067811865462405 ) ) ;
#2749 = VERTEX_POINT ( 'NONE', #1930 ) ;
#2750 = CARTESIAN_POINT ( 'NONE',  ( -1.000000000000000222, 4.428427124746190380, -1.000000000000000222 ) ) ;
#2751 = PLANE ( 'NONE',  #46 ) ;
#2752 = CARTESIAN_POINT ( 'NONE',  ( 0.7000000000000000666, 0.1999999999999999833, 0.2000000000000002609 ) ) ;
#2753 = CARTESIAN_POINT ( 'NONE',  ( -0.4500000000000001776, 2.035755975068581858, 0.8000000000000000444 ) ) ;
#2754 = VECTOR ( 'NONE', #2976, 1000.000000000000000 ) ;
#2755 = ORIENTED_EDGE ( 'NONE', *, *, #344, .T. ) ;
#2756 = VECTOR ( 'NONE', #1969, 1000.000000000000000 ) ;
#2757 = VECTOR ( 'NONE', #1311, 1000.000000000000000 ) ;
#2758 = ORIENTED_EDGE ( 'NONE', *, *, #319, .F. ) ;
#2759 = CIRCLE ( 'NONE', #1256, 0.09746256089909494102 ) ;
#2760 = EDGE_LOOP ( 'NONE', ( #956, #2097, #646, #507, #760, #1260 ) ) ;
#2761 = DIRECTION ( 'NONE',  ( 0.000000000000000000, -1.000000000000000000, 0.000000000000000000 ) ) ;
#2762 = EDGE_CURVE ( 'NONE', #1451, #1884, #2490, .T. ) ;
#2763 = CARTESIAN_POINT ( 'NONE',  ( 0.9500000000000005107, 0.1000000000000000056, -1.000000000000000000 ) ) ;
#2764 = LINE ( 'NONE', #1119, #935 ) ;
#2765 = EDGE_CURVE ( 'NONE', #3349, #866, #143, .T. ) ;
#2766 = EDGE_LOOP ( 'NONE', ( #3113, #2923, #1470, #1632 ) ) ;
#2767 = EDGE_CURVE ( 'NONE', #3163, #1739, #3270, .T. ) ;
#2768 = DIRECTION ( 'NONE',  ( -0.000000000000000000, -1.000000000000000000, 0.000000000000000000 ) ) ;
#2769 = CARTESIAN_POINT ( 'NONE',  ( -0.7000000000000002887, 0.000000000000000000, 0.1999999999999999278 ) ) ;
#2770 = FACE_OUTER_BOUND ( 'NONE', #5, .T. ) ;
#2771 = CARTESIAN_POINT ( 'NONE',  ( 0.9500000000000005107, 0.1000000000000000056, -1.000000000000000000 ) ) ;
#2772 = EDGE_LOOP ( 'NONE', ( #78, #1107, #429, #1603 ) ) ;
#2773 = CARTESIAN_POINT ( 'NONE',  ( 0.6999999999999998446, 0.000000000000000000, 0.8500000000000001998 ) ) ;
#2774 = ORIENTED_EDGE ( 'NONE', *, *, #445, .T. ) ;
#2775 = CARTESIAN_POINT ( 'NONE',  ( -0.7000000000000003997, 0.7000000000000006217, 0.4499999999999997335 ) ) ;
#2776 = APPLICATION_PROTOCOL_DEFINITION ( 'draft international standard', 'automotive_design', 1998, #739 ) ;
#2777 = VERTEX_POINT ( 'NONE', #2230 ) ;
#2778 = DIRECTION ( 'NONE',  ( -0.000000000000000000, -1.000000000000000000, 0.000000000000000000 ) ) ;
#2779 = CARTESIAN_POINT ( 'NONE',  ( -0.7000000000000005107, 0.2000000000000000111, 0.8499999999999999778 ) ) ;
#2780 = LINE ( 'NONE', #3236, #3233 ) ;
#2781 = ORIENTED_EDGE ( 'NONE', *, *, #1054, .F. ) ;
#2782 = EDGE_CURVE ( 'NONE', #1371, #810, #3288, .T. ) ;
#2783 = VECTOR ( 'NONE', #1209, 1000.000000000000000 ) ;
#2784 = EDGE_CURVE ( 'NONE', #406, #2270, #2990, .T. ) ;
#2785 = CARTESIAN_POINT ( 'NONE',  ( -1.000000000000000222, 0.7000000000000006217, 0.8500000000000007550 ) ) ;
#2786 = LINE ( 'NONE', #397, #2625 ) ;
#2787 = VECTOR ( 'NONE', #1982, 1000.000000000000000 ) ;
#2788 = CARTESIAN_POINT ( 'NONE',  ( -0.9500000000000006217, 0.2000000000000000111, 0.8500000000000006439 ) ) ;
#2789 = PLANE ( 'NONE',  #242 ) ;
#2790 = ORIENTED_EDGE ( 'NONE', *, *, #467, .T. ) ;
#2791 = VECTOR ( 'NONE', #1198, 1000.000000000000000 ) ;
#2792 = LINE ( 'NONE', #130, #2077 ) ;
#2793 = VERTEX_POINT ( 'NONE', #1666 ) ;
#2794 = AXIS2_PLACEMENT_3D ( 'NONE', #154, #2298, #442 ) ;
#2795 = CARTESIAN_POINT ( 'NONE',  ( 0.9500000000000005107, 0.1000000000000000056, -1.000000000000000000 ) ) ;
#2796 = ORIENTED_EDGE ( 'NONE', *, *, #1674, .F. ) ;
#2797 = VECTOR ( 'NONE', #1081, 1000.000000000000000 ) ;
#2798 = CARTESIAN_POINT ( 'NONE',  ( 0.9999999999999997780, 4.428427124746190380, 1.000000000000000222 ) ) ;
#2799 = CYLINDRICAL_SURFACE ( 'NONE', #1506, 0.09746256089909494102 ) ;
#2800 = ORIENTED_EDGE ( 'NONE', *, *, #2641, .F. ) ;
#2801 = ORIENTED_EDGE ( 'NONE', *, *, #1011, .F. ) ;
#2802 = DIRECTION ( 'NONE',  ( -1.000000000000000000, 0.000000000000000000, -2.168404344971009115E-16 ) ) ;
#2803 = DIRECTION ( 'NONE',  ( 0.000000000000000000, 1.000000000000000000, 0.000000000000000000 ) ) ;
#2804 = ADVANCED_FACE ( 'NONE', ( #1407 ), #635, .T. ) ;
#2805 = DIRECTION ( 'NONE',  ( 0.000000000000000000, -1.000000000000000000, 0.000000000000000000 ) ) ;
#2806 = EDGE_LOOP ( 'NONE', ( #2890, #2801, #2790, #1357 ) ) ;
#2807 = CARTESIAN_POINT ( 'NONE',  ( -0.7000000000000002887, 0.7000000000000006217, 0.1999999999999999278 ) ) ;
#2808 = PLANE ( 'NONE',  #1004 ) ;
#2809 = ADVANCED_FACE ( 'NONE', ( #1442 ), #2733, .T. ) ;
#2810 = EDGE_LOOP ( 'NONE', ( #2273, #876, #2899, #3243 ) ) ;
#2811 = EDGE_CURVE ( 'NONE', #1189, #3431, #2307, .T. ) ;
#2812 = AXIS2_PLACEMENT_3D ( 'NONE', #1637, #1071, #3240 ) ;
#2813 = AXIS2_PLACEMENT_3D ( 'NONE', #2251, #1932, #3306 ) ;
#2814 = VERTEX_POINT ( 'NONE', #3086 ) ;
#2815 = CARTESIAN_POINT ( 'NONE',  ( -0.7000000000000005107, 0.1999999999999999833, 0.8499999999999999778 ) ) ;
#2816 = AXIS2_PLACEMENT_3D ( 'NONE', #649, #353, #1155 ) ;
#2817 = SURFACE_SIDE_STYLE ('',( #2014 ) ) ;
#2818 = LINE ( 'NONE', #2336, #1731 ) ;
#2819 = EDGE_LOOP ( 'NONE', ( #710, #2674, #3005, #2247 ) ) ;
#2820 = FACE_BOUND ( 'NONE', #1961, .T. ) ;
#2821 = DIRECTION ( 'NONE',  ( 0.000000000000000000, 1.000000000000000000, 0.000000000000000000 ) ) ;
#2822 = DIRECTION ( 'NONE',  ( 1.000000000000000000, 0.000000000000000000, 2.168404344971009115E-16 ) ) ;
#2823 = CARTESIAN_POINT ( 'NONE',  ( 0.9500000000000003997, 0.7000000000000006217, -0.4499999999999992895 ) ) ;
#2824 = ORIENTED_EDGE ( 'NONE', *, *, #173, .F. ) ;
#2825 = DIRECTION ( 'NONE',  ( 2.168404344971009115E-16, 0.000000000000000000, -1.000000000000000000 ) ) ;
#2826 = EDGE_CURVE ( 'NONE', #2329, #2144, #2596, .T. ) ;
#2827 = CARTESIAN_POINT ( 'NONE',  ( -1.000000000000000000, 0.2000000000000000111, 0.2000000000000007327 ) ) ;
#2828 = EDGE_LOOP ( 'NONE', ( #1315, #2570, #2166, #3310 ) ) ;
#2829 = ADVANCED_FACE ( 'NONE', ( #470 ), #680, .T. ) ;
#2830 = ORIENTED_EDGE ( 'NONE', *, *, #3422, .T. ) ;
#2831 = EDGE_CURVE ( 'NONE', #1809, #891, #1266, .T. ) ;
#2832 = LINE ( 'NONE', #474, #1345 ) ;
#2833 = CARTESIAN_POINT ( 'NONE',  ( 0.9500000000000002887, 0.7000000000000006217, -0.1999999999999998723 ) ) ;
#2834 = DIRECTION ( 'NONE',  ( 1.000000000000000000, 0.000000000000000000, 2.168404344971009115E-16 ) ) ;
#2835 = ORIENTED_EDGE ( 'NONE', *, *, #2119, .F. ) ;
#2836 = CARTESIAN_POINT ( 'NONE',  ( -0.7000000000000005107, 0.000000000000000000, 0.8499999999999999778 ) ) ;
#2837 = CARTESIAN_POINT ( 'NONE',  ( 0.7000000000000002887, 0.2000000000000000111, -0.8499999999999999778 ) ) ;
#2838 = PLANE ( 'NONE',  #2512 ) ;
#2839 = DIRECTION ( 'NONE',  ( -0.000000000000000000, -1.000000000000000000, 0.000000000000000000 ) ) ;
#2840 = CARTESIAN_POINT ( 'NONE',  ( 0.9500000000000003997, 0.05000000000000000278, 1.544988095791844558E-16 ) ) ;
#2841 = ORIENTED_EDGE ( 'NONE', *, *, #421, .T. ) ;
#2842 = MECHANICAL_DESIGN_GEOMETRIC_PRESENTATION_REPRESENTATION (  '', ( #320 ), #3065 ) ;
#2843 = DIRECTION ( 'NONE',  ( -2.168404344971009115E-16, 0.000000000000000000, 1.000000000000000000 ) ) ;
#2844 = CARTESIAN_POINT ( 'NONE',  ( -0.7000000000000005107, 0.000000000000000000, 0.8499999999999999778 ) ) ;
#2845 = VECTOR ( 'NONE', #3165, 1000.000000000000000 ) ;
#2846 = ORIENTED_EDGE ( 'NONE', *, *, #325, .F. ) ;
#2847 = VECTOR ( 'NONE', #1968, 1000.000000000000000 ) ;
#2848 = ORIENTED_EDGE ( 'NONE', *, *, #1382, .T. ) ;
#2849 = VECTOR ( 'NONE', #762, 1000.000000000000000 ) ;
#2850 = ADVANCED_FACE ( 'NONE', ( #179 ), #198, .T. ) ;
#2851 = DIRECTION ( 'NONE',  ( 1.000000000000000000, 0.000000000000000000, 4.201283418381329682E-16 ) ) ;
#2852 =( GEOMETRIC_REPRESENTATION_CONTEXT ( 3 ) GLOBAL_UNCERTAINTY_ASSIGNED_CONTEXT ( ( #1755 ) ) GLOBAL_UNIT_ASSIGNED_CONTEXT ( ( #1520, #2315, #1202 ) ) REPRESENTATION_CONTEXT ( 'NONE', 'WORKASPACE' ) );
#2853 = DIRECTION ( 'NONE',  ( 0.000000000000000000, -1.000000000000000000, 0.000000000000000000 ) ) ;
#2854 = ORIENTED_EDGE ( 'NONE', *, *, #2549, .F. ) ;
#2855 = PLANE ( 'NONE',  #2429 ) ;
#2856 = LINE ( 'NONE', #1528, #1050 ) ;
#2857 = PLANE ( 'NONE',  #963 ) ;
#2858 = DIRECTION ( 'NONE',  ( 1.000000000000000000, 0.000000000000000000, 2.168404344971009115E-16 ) ) ;
#2859 = VERTEX_POINT ( 'NONE', #2326 ) ;
#2860 = DIRECTION ( 'NONE',  ( -2.168404344971009115E-16, 0.000000000000000000, 1.000000000000000000 ) ) ;
#2861 = CARTESIAN_POINT ( 'NONE',  ( -0.9500000000000002887, 0.2000000000000000111, -0.2000000000000003164 ) ) ;
#2862 = ORIENTED_EDGE ( 'NONE', *, *, #2448, .F. ) ;
#2863 = CARTESIAN_POINT ( 'NONE',  ( -0.9500000000000006217, 0.1000000000000000056, 0.9999999999999997780 ) ) ;
#2864 = EDGE_LOOP ( 'NONE', ( #304, #1312, #2169, #2395, #1923, #1465 ) ) ;
#2865 = PRESENTATION_LAYER_ASSIGNMENT (  '', '', ( #901 ) ) ;
#2866 =( NAMED_UNIT ( * ) PLANE_ANGLE_UNIT ( ) SI_UNIT ( $, .RADIAN. ) );
#2867 = ADVANCED_FACE ( 'NONE', ( #1531 ), #1761, .T. ) ;
#2868 = DIRECTION ( 'NONE',  ( -1.000000000000000000, 0.000000000000000000, -2.168404344971009115E-16 ) ) ;
#2869 = VECTOR ( 'NONE', #2287, 1000.000000000000000 ) ;
#2870 = ORIENTED_EDGE ( 'NONE', *, *, #2403, .T. ) ;
#2871 = DIRECTION ( 'NONE',  ( -2.168404344971009115E-16, 0.000000000000000000, 1.000000000000000000 ) ) ;
#2872 = CARTESIAN_POINT ( 'NONE',  ( 0.9500000000000005107, 0.2000000000000000111, -0.8499999999999998668 ) ) ;
#2873 = CARTESIAN_POINT ( 'NONE',  ( -1.000000000000000000, 0.1999999999999999833, -0.4499999999999992339 ) ) ;
#2874 = ADVANCED_FACE ( 'NONE', ( #1003 ), #2838, .T. ) ;
#2875 = FACE_OUTER_BOUND ( 'NONE', #3436, .T. ) ;
#2876 = LINE ( 'NONE', #1268, #1921 ) ;
#2877 = VERTEX_POINT ( 'NONE', #2082 ) ;
#2878 = DIRECTION ( 'NONE',  ( -2.168404344971009115E-16, 0.000000000000000000, 1.000000000000000000 ) ) ;
#2879 = LINE ( 'NONE', #490, #3419 ) ;
#2880 = ORIENTED_EDGE ( 'NONE', *, *, #937, .T. ) ;
#2881 = DIRECTION ( 'NONE',  ( -1.000000000000000000, 0.000000000000000000, -2.168404344971009115E-16 ) ) ;
#2882 = ORIENTED_EDGE ( 'NONE', *, *, #1416, .F. ) ;
#2883 = DIRECTION ( 'NONE',  ( 0.000000000000000000, -1.000000000000000000, 0.000000000000000000 ) ) ;
#2884 = LINE ( 'NONE', #2127, #938 ) ;
#2885 = VERTEX_POINT ( 'NONE', #965 ) ;
#2886 = CARTESIAN_POINT ( 'NONE',  ( -0.9500000000000000666, 0.1000000000000000056, -1.000000000000000444 ) ) ;
#2887 = APPLICATION_CONTEXT ( 'automotive_design' ) ;
#2888 = PLANE ( 'NONE',  #218 ) ;
#2889 = LINE ( 'NONE', #948, #2569 ) ;
#2890 = ORIENTED_EDGE ( 'NONE', *, *, #2611, .T. ) ;
#2891 = ADVANCED_FACE ( 'NONE', ( #2875 ), #1549, .F. ) ;
#2892 = EDGE_LOOP ( 'NONE', ( #879, #2337, #547, #1577 ) ) ;
#2893 = LINE ( 'NONE', #3210, #2324 ) ;
#2894 = EDGE_CURVE ( 'NONE', #27, #2189, #2560, .T. ) ;
#2895 = CARTESIAN_POINT ( 'NONE',  ( -0.7000000000000002887, 0.7000000000000006217, 0.1999999999999999278 ) ) ;
#2896 = DIRECTION ( 'NONE',  ( -1.000000000000000000, 0.000000000000000000, -2.168404344971009115E-16 ) ) ;
#2897 = VERTEX_POINT ( 'NONE', #2610 ) ;
#2898 = AXIS2_PLACEMENT_3D ( 'NONE', #3429, #1098, #2177 ) ;
#2899 = ORIENTED_EDGE ( 'NONE', *, *, #2550, .T. ) ;
#2900 = VECTOR ( 'NONE', #3247, 1000.000000000000000 ) ;
#2901 = FACE_OUTER_BOUND ( 'NONE', #1331, .T. ) ;
#2902 = DIRECTION ( 'NONE',  ( 1.626303258728256898E-16, 0.000000000000000000, -1.000000000000000000 ) ) ;
#2903 = VECTOR ( 'NONE', #1361, 1000.000000000000000 ) ;
#2904 = LINE ( 'NONE', #1318, #825 ) ;
#2905 = ORIENTED_EDGE ( 'NONE', *, *, #1395, .T. ) ;
#2906 = VECTOR ( 'NONE', #3218, 1000.000000000000000 ) ;
#2907 = DIRECTION ( 'NONE',  ( 1.000000000000000000, 0.000000000000000000, 2.168404344971009115E-16 ) ) ;
#2908 = CARTESIAN_POINT ( 'NONE',  ( -0.7000000000000002887, 0.1999999999999999833, 0.1999999999999999278 ) ) ;
#2909 = EDGE_LOOP ( 'NONE', ( #2316, #1354, #206, #873 ) ) ;
#2910 = CARTESIAN_POINT ( 'NONE',  ( 0.7000000000000000666, 0.000000000000000000, 0.2000000000000002609 ) ) ;
#2911 = PLANE ( 'NONE',  #511 ) ;
#2912 = CARTESIAN_POINT ( 'NONE',  ( -0.9500000000000006217, 0.04999999999999969746, 0.9999999999999997780 ) ) ;
#2913 = EDGE_CURVE ( 'NONE', #2584, #1646, #236, .T. ) ;
#2914 = LINE ( 'NONE', #2637, #516 ) ;
#2915 = VERTEX_POINT ( 'NONE', #3409 ) ;
#2916 = EDGE_LOOP ( 'NONE', ( #318, #2905, #3406, #3277 ) ) ;
#2917 = EDGE_CURVE ( 'NONE', #2551, #1414, #3376, .T. ) ;
#2918 = DIRECTION ( 'NONE',  ( 0.000000000000000000, 1.000000000000000000, 0.000000000000000000 ) ) ;
#2919 = ADVANCED_FACE ( 'NONE', ( #1248 ), #987, .T. ) ;
#2920 = CARTESIAN_POINT ( 'NONE',  ( 0.4499999999999997891, 2.035755975068581858, 0.8000000000000002665 ) ) ;
#2921 = ORIENTED_EDGE ( 'NONE', *, *, #404, .F. ) ;
#2922 = DIRECTION ( 'NONE',  ( -1.000000000000000000, 0.000000000000000000, -2.168404344971009115E-16 ) ) ;
#2923 = ORIENTED_EDGE ( 'NONE', *, *, #1975, .F. ) ;
#2924 = CLOSED_SHELL ( 'NONE', ( #3417, #2867, #599, #134, #2891, #1575, #1612, #2158 ) ) ;
#2925 = CARTESIAN_POINT ( 'NONE',  ( 0.7000000000000001776, 0.1999999999999999833, -0.4499999999999997335 ) ) ;
#2926 = AXIS2_PLACEMENT_3D ( 'NONE', #2807, #1466, #3125 ) ;
#2927 = VECTOR ( 'NONE', #2140, 1000.000000000000000 ) ;
#2928 = ORIENTED_EDGE ( 'NONE', *, *, #3426, .T. ) ;
#2929 = DIRECTION ( 'NONE',  ( 0.000000000000000000, -1.000000000000000000, 0.000000000000000000 ) ) ;
#2930 = CARTESIAN_POINT ( 'NONE',  ( -0.7000000000000002887, 0.2000000000000000111, -0.2000000000000002609 ) ) ;
#2931 = LINE ( 'NONE', #290, #3007 ) ;
#2932 = DIRECTION ( 'NONE',  ( -0.000000000000000000, -1.000000000000000000, 0.000000000000000000 ) ) ;
#2933 = ORIENTED_EDGE ( 'NONE', *, *, #2045, .T. ) ;
#2934 = DIRECTION ( 'NONE',  ( -1.000000000000000000, 0.000000000000000000, -2.168404344971009115E-16 ) ) ;
#2935 = EDGE_CURVE ( 'NONE', #357, #1917, #2102, .T. ) ;
#2936 = LINE ( 'NONE', #249, #2740 ) ;
#2937 = EDGE_CURVE ( 'NONE', #1551, #977, #2889, .T. ) ;
#2938 = VERTEX_POINT ( 'NONE', #1566 ) ;
#2939 = CARTESIAN_POINT ( 'NONE',  ( -0.9500000000000001776, 0.1000000000000000472, -0.4499999999999994005 ) ) ;
#2940 = EDGE_LOOP ( 'NONE', ( #1617, #2646, #217, #1832 ) ) ;
#2941 = DIRECTION ( 'NONE',  ( 1.662443331144440592E-15, 0.000000000000000000, -1.000000000000000000 ) ) ;
#2942 = VERTEX_POINT ( 'NONE', #2631 ) ;
#2943 = DIRECTION ( 'NONE',  ( -1.000000000000000000, 0.000000000000000000, -1.662443331144440790E-15 ) ) ;
#2944 = FACE_OUTER_BOUND ( 'NONE', #509, .T. ) ;
#2945 = LINE ( 'NONE', #1622, #2731 ) ;
#2946 = DIRECTION ( 'NONE',  ( 1.000000000000000000, 0.000000000000000000, 2.168404344971009115E-16 ) ) ;
#2947 = ORIENTED_EDGE ( 'NONE', *, *, #796, .F. ) ;
#2948 = EDGE_LOOP ( 'NONE', ( #1525, #2966, #355, #3191 ) ) ;
#2949 = DIRECTION ( 'NONE',  ( 1.626303258728256898E-16, 0.000000000000000000, -1.000000000000000000 ) ) ;
#2950 = VECTOR ( 'NONE', #647, 1000.000000000000000 ) ;
#2951 = ORIENTED_EDGE ( 'NONE', *, *, #2574, .T. ) ;
#2952 = CARTESIAN_POINT ( 'NONE',  ( 0.7000000000000000666, 0.7000000000000006217, 0.2000000000000002609 ) ) ;
#2953 = EDGE_CURVE ( 'NONE', #3068, #2656, #1303, .T. ) ;
#2954 = VECTOR ( 'NONE', #730, 1000.000000000000000 ) ;
#2955 = EDGE_CURVE ( 'NONE', #3463, #1663, #3430, .T. ) ;
#2956 = VERTEX_POINT ( 'NONE', #2120 ) ;
#2957 = VECTOR ( 'NONE', #1467, 1000.000000000000000 ) ;
#2958 = PLANE ( 'NONE',  #2898 ) ;
#2959 = ORIENTED_EDGE ( 'NONE', *, *, #1337, .F. ) ;
#2960 = CARTESIAN_POINT ( 'NONE',  ( 1.000000000000000000, 0.2000000000000000111, 0.2000000000000007327 ) ) ;
#2961 = LINE ( 'NONE', #2654, #1900 ) ;
#2962 = ORIENTED_EDGE ( 'NONE', *, *, #3402, .F. ) ;
#2963 = VERTEX_POINT ( 'NONE', #768 ) ;
#2964 = DIRECTION ( 'NONE',  ( -1.000000000000000000, 0.000000000000000000, -2.168404344971009115E-16 ) ) ;
#2965 = DIRECTION ( 'NONE',  ( -2.168404344971009115E-16, 0.000000000000000000, 1.000000000000000000 ) ) ;
#2966 = ORIENTED_EDGE ( 'NONE', *, *, #1178, .T. ) ;
#2967 = LINE ( 'NONE', #43, #2900 ) ;
#2968 = EDGE_CURVE ( 'NONE', #1853, #267, #3171, .T. ) ;
#2969 =( NAMED_UNIT ( * ) PLANE_ANGLE_UNIT ( ) SI_UNIT ( $, .RADIAN. ) );
#2970 = VERTEX_POINT ( 'NONE', #2908 ) ;
#2971 = ORIENTED_EDGE ( 'NONE', *, *, #1995, .T. ) ;
#2972 = EDGE_CURVE ( 'NONE', #135, #1568, #502, .T. ) ;
#2973 = AXIS2_PLACEMENT_3D ( 'NONE', #1760, #946, #2023 ) ;
#2974 = VECTOR ( 'NONE', #978, 1000.000000000000000 ) ;
#2975 = EDGE_CURVE ( 'NONE', #977, #3031, #2547, .T. ) ;
#2976 = DIRECTION ( 'NONE',  ( 1.626303258728256898E-16, 0.000000000000000000, -1.000000000000000000 ) ) ;
#2977 = CARTESIAN_POINT ( 'NONE',  ( 0.7000000000000001776, 0.000000000000000000, -0.4499999999999997335 ) ) ;
#2978 = AXIS2_PLACEMENT_3D ( 'NONE', #3155, #1000, #678 ) ;
#2979 = VERTEX_POINT ( 'NONE', #1935 ) ;
#2980 = VERTEX_POINT ( 'NONE', #1159 ) ;
#2981 = PLANE ( 'NONE',  #1306 ) ;
#2982 = DIRECTION ( 'NONE',  ( 1.000000000000000000, 0.000000000000000000, 2.168404344971009115E-16 ) ) ;
#2983 = VERTEX_POINT ( 'NONE', #2494 ) ;
#2984 = FACE_OUTER_BOUND ( 'NONE', #2940, .T. ) ;
#2985 = CARTESIAN_POINT ( 'NONE',  ( -0.9500000000000002887, 0.1000000000000000056, -0.2000000000000003164 ) ) ;
#2986 = SURFACE_STYLE_USAGE ( .BOTH. , #849 ) ;
#2987 = ORIENTED_EDGE ( 'NONE', *, *, #2531, .F. ) ;
#2988 = EDGE_LOOP ( 'NONE', ( #389, #769, #58, #2011 ) ) ;
#2989 = CARTESIAN_POINT ( 'NONE',  ( -0.7000000000000001776, 0.2000000000000000111, -0.4500000000000000666 ) ) ;
#2990 = LINE ( 'NONE', #592, #1453 ) ;
#2991 = EDGE_CURVE ( 'NONE', #2885, #528, #2792, .T. ) ;
#2992 = PLANE ( 'NONE',  #2262 ) ;
#2993 = DIRECTION ( 'NONE',  ( 0.000000000000000000, -1.000000000000000000, 0.000000000000000000 ) ) ;
#2994 = ADVANCED_FACE ( 'NONE', ( #3050 ), #2808, .T. ) ;
#2995 = ORIENTED_EDGE ( 'NONE', *, *, #1423, .T. ) ;
#2996 = DIRECTION ( 'NONE',  ( -1.000000000000000000, 0.000000000000000000, -1.662443331144440790E-15 ) ) ;
#2997 = CARTESIAN_POINT ( 'NONE',  ( -0.7000000000000000666, 0.1999999999999999833, -0.8500000000000001998 ) ) ;
#2998 = DIRECTION ( 'NONE',  ( 0.000000000000000000, -1.000000000000000000, 0.000000000000000000 ) ) ;
#2999 = ORIENTED_EDGE ( 'NONE', *, *, #3384, .T. ) ;
#3000 = PLANE ( 'NONE',  #1837 ) ;
#3001 = VECTOR ( 'NONE', #1036, 1000.000000000000000 ) ;
#3002 =( NAMED_UNIT ( * ) SI_UNIT ( $, .STERADIAN. ) SOLID_ANGLE_UNIT ( ) );
#3003 = VECTOR ( 'NONE', #79, 1000.000000000000000 ) ;
#3004 = SURFACE_SIDE_STYLE ('',( #1720 ) ) ;
#3005 = ORIENTED_EDGE ( 'NONE', *, *, #494, .F. ) ;
#3006 = VERTEX_POINT ( 'NONE', #893 ) ;
#3007 = VECTOR ( 'NONE', #1915, 1000.000000000000000 ) ;
#3008 = FACE_OUTER_BOUND ( 'NONE', #175, .T. ) ;
#3009 = LINE ( 'NONE', #1210, #2013 ) ;
#3010 =( GEOMETRIC_REPRESENTATION_CONTEXT ( 3 ) GLOBAL_UNCERTAINTY_ASSIGNED_CONTEXT ( ( #3041 ) ) GLOBAL_UNIT_ASSIGNED_CONTEXT ( ( #372, #356, #2747 ) ) REPRESENTATION_CONTEXT ( 'NONE', 'WORKASPACE' ) );
#3011 = DIRECTION ( 'NONE',  ( 0.000000000000000000, 1.000000000000000000, 0.000000000000000000 ) ) ;
#3012 = DIRECTION ( 'NONE',  ( -0.000000000000000000, -1.000000000000000000, 0.000000000000000000 ) ) ;
#3013 = ORIENTED_EDGE ( 'NONE', *, *, #3195, .T. ) ;
#3014 = EDGE_CURVE ( 'NONE', #1944, #2532, #914, .T. ) ;
#3015 = CARTESIAN_POINT ( 'NONE',  ( -0.7000000000000001776, 0.000000000000000000, -0.4500000000000000666 ) ) ;
#3016 = ORIENTED_EDGE ( 'NONE', *, *, #1824, .T. ) ;
#3017 = DIRECTION ( 'NONE',  ( 1.000000000000000000, 0.000000000000000000, 2.168404344971009115E-16 ) ) ;
#3018 = VERTEX_POINT ( 'NONE', #1673 ) ;
#3019 = EDGE_CURVE ( 'NONE', #1917, #1493, #2739, .T. ) ;
#3020 = DIRECTION ( 'NONE',  ( 1.000000000000000000, -0.000000000000000000, -2.674365358797580496E-15 ) ) ;
#3021 = EDGE_CURVE ( 'NONE', #1551, #2329, #2254, .T. ) ;
#3022 = CARTESIAN_POINT ( 'NONE',  ( 1.000000000000000666, 0.1000000000000000056, -0.9999999999999997780 ) ) ;
#3023 =( LENGTH_UNIT ( ) NAMED_UNIT ( * ) SI_UNIT ( .MILLI., .METRE. ) );
#3024 = ORIENTED_EDGE ( 'NONE', *, *, #796, .T. ) ;
#3025 = VECTOR ( 'NONE', #1873, 1000.000000000000000 ) ;
#3026 = DIRECTION ( 'NONE',  ( 0.000000000000000000, -1.000000000000000000, 0.000000000000000000 ) ) ;
#3027 = DIRECTION ( 'NONE',  ( 2.168404344971009115E-16, 0.000000000000000000, -1.000000000000000000 ) ) ;
#3028 = CARTESIAN_POINT ( 'NONE',  ( -0.7000000000000003997, 0.1999999999999999833, 0.4499999999999997335 ) ) ;
#3029 = CARTESIAN_POINT ( 'NONE',  ( 0.9500000000000005107, 0.1000000000000000472, -0.8499999999999998668 ) ) ;
#3030 = AXIS2_PLACEMENT_3D ( 'NONE', #1553, #686, #2107 ) ;
#3031 = VERTEX_POINT ( 'NONE', #3015 ) ;
#3032 = VECTOR ( 'NONE', #212, 1000.000000000000000 ) ;
#3033 = AXIS2_PLACEMENT_3D ( 'NONE', #73, #911, #1124 ) ;
#3034 = ORIENTED_EDGE ( 'NONE', *, *, #1073, .T. ) ;
#3035 = VECTOR ( 'NONE', #2825, 1000.000000000000000 ) ;
#3036 = VERTEX_POINT ( 'NONE', #2237 ) ;
#3037 = DIRECTION ( 'NONE',  ( 2.168404344971009115E-16, 0.000000000000000000, -1.000000000000000000 ) ) ;
#3038 = EDGE_CURVE ( 'NONE', #1614, #191, #147, .T. ) ;
#3039 =( NAMED_UNIT ( * ) PLANE_ANGLE_UNIT ( ) SI_UNIT ( $, .RADIAN. ) );
#3040 =( LENGTH_UNIT ( ) NAMED_UNIT ( * ) SI_UNIT ( .MILLI., .METRE. ) );
#3041 = UNCERTAINTY_MEASURE_WITH_UNIT (LENGTH_MEASURE( 1.000000000000000082E-05 ), #372, 'distance_accuracy_value', 'NONE');
#3042 = ORIENTED_EDGE ( 'NONE', *, *, #38, .T. ) ;
#3043 = ORIENTED_EDGE ( 'NONE', *, *, #2364, .T. ) ;
#3044 = CARTESIAN_POINT ( 'NONE',  ( 0.6999999999999998446, 0.7000000000000006217, 0.8500000000000001998 ) ) ;
#3045 = CARTESIAN_POINT ( 'NONE',  ( 0.000000000000000000, 0.1000000000000000056, 0.000000000000000000 ) ) ;
#3046 = MANIFOLD_SOLID_BREP ( 'Cut-Extrude5[6]', #1700 ) ;
#3047 = CARTESIAN_POINT ( 'NONE',  ( 0.7000000000000001776, 0.2000000000000000111, -0.4499999999999997335 ) ) ;
#3048 = DIRECTION ( 'NONE',  ( -1.000000000000000000, 0.000000000000000000, -1.626303258728256898E-16 ) ) ;
#3049 = ORIENTED_EDGE ( 'NONE', *, *, #3021, .F. ) ;
#3050 = FACE_OUTER_BOUND ( 'NONE', #1257, .T. ) ;
#3051 = ORIENTED_EDGE ( 'NONE', *, *, #3133, .T. ) ;
#3052 = CARTESIAN_POINT ( 'NONE',  ( 0.9500000000000002887, 0.1000000000000000472, -0.1999999999999998723 ) ) ;
#3053 = MANIFOLD_SOLID_BREP ( 'Chamfer1', #2376 ) ;
#3054 = VERTEX_POINT ( 'NONE', #2226 ) ;
#3055 = CARTESIAN_POINT ( 'NONE',  ( -0.7000000000000002887, 0.2000000000000000111, 0.1999999999999999278 ) ) ;
#3056 = CARTESIAN_POINT ( 'NONE',  ( -1.000000000000000222, 0.1000000000000000056, -1.000000000000000222 ) ) ;
#3057 = ADVANCED_FACE ( 'NONE', ( #309 ), #345, .F. ) ;
#3058 = CARTESIAN_POINT ( 'NONE',  ( -1.000000000000000000, 0.2000000000000000111, -0.2000000000000003164 ) ) ;
#3059 = ORIENTED_EDGE ( 'NONE', *, *, #2530, .F. ) ;
#3060 = PRODUCT_RELATED_PRODUCT_CATEGORY ( 'part', '', ( #3077 ) ) ;
#3061 = ORIENTED_EDGE ( 'NONE', *, *, #2975, .T. ) ;
#3062 = AXIS2_PLACEMENT_3D ( 'NONE', #3138, #1759, #733 ) ;
#3063 = CARTESIAN_POINT ( 'NONE',  ( -1.000000000000000222, 4.428427124746190380, 0.9999999999999997780 ) ) ;
#3064 = DIRECTION ( 'NONE',  ( -1.000000000000000000, 0.000000000000000000, -2.168404344971009115E-16 ) ) ;
#3065 =( GEOMETRIC_REPRESENTATION_CONTEXT ( 3 ) GLOBAL_UNCERTAINTY_ASSIGNED_CONTEXT ( ( #311 ) ) GLOBAL_UNIT_ASSIGNED_CONTEXT ( ( #3023, #2245, #2500 ) ) REPRESENTATION_CONTEXT ( 'NONE', 'WORKASPACE' ) );
#3066 = EDGE_CURVE ( 'NONE', #2624, #3036, #1133, .T. ) ;
#3067 = CARTESIAN_POINT ( 'NONE',  ( 0.7000000000000002887, 0.2000000000000000111, -0.8499999999999999778 ) ) ;
#3068 = VERTEX_POINT ( 'NONE', #361 ) ;
#3069 = CARTESIAN_POINT ( 'NONE',  ( -1.000000000000000222, 0.1000000000000000056, 0.8500000000000007550 ) ) ;
#3070 = VECTOR ( 'NONE', #2197, 1000.000000000000000 ) ;
#3071 = ORIENTED_EDGE ( 'NONE', *, *, #2368, .F. ) ;
#3072 =( GEOMETRIC_REPRESENTATION_CONTEXT ( 3 ) GLOBAL_UNCERTAINTY_ASSIGNED_CONTEXT ( ( #2281 ) ) GLOBAL_UNIT_ASSIGNED_CONTEXT ( ( #1963, #3039, #3002 ) ) REPRESENTATION_CONTEXT ( 'NONE', 'WORKASPACE' ) );
#3073 = CARTESIAN_POINT ( 'NONE',  ( 5.348730717595110506E-16, 0.05000000000000000278, 0.1999999999999980682 ) ) ;
#3074 = ORIENTED_EDGE ( 'NONE', *, *, #2722, .F. ) ;
#3075 =( GEOMETRIC_REPRESENTATION_CONTEXT ( 3 ) GLOBAL_UNCERTAINTY_ASSIGNED_CONTEXT ( ( #3080 ) ) GLOBAL_UNIT_ASSIGNED_CONTEXT ( ( #1677, #2479, #3297 ) ) REPRESENTATION_CONTEXT ( 'NONE', 'WORKASPACE' ) );
#3076 = CARTESIAN_POINT ( 'NONE',  ( -0.7000000000000002887, 0.2000000000000000111, -0.2000000000000002609 ) ) ;
#3077 = PRODUCT ( 'DEE6', 'DEE6', '', ( #1182 ) ) ;
#3078 = DIRECTION ( 'NONE',  ( 2.710505431213761085E-16, 0.000000000000000000, -1.000000000000000000 ) ) ;
#3079 = FACE_OUTER_BOUND ( 'NONE', #1649, .T. ) ;
#3080 = UNCERTAINTY_MEASURE_WITH_UNIT (LENGTH_MEASURE( 1.000000000000000082E-05 ), #1677, 'distance_accuracy_value', 'NONE');
#3081 = VERTEX_POINT ( 'NONE', #1908 ) ;
#3082 = EDGE_CURVE ( 'NONE', #891, #726, #3283, .T. ) ;
#3083 = DIRECTION ( 'NONE',  ( -0.000000000000000000, -1.000000000000000000, 0.000000000000000000 ) ) ;
#3084 = DIRECTION ( 'NONE',  ( 2.710505431213761085E-16, 0.000000000000000000, -1.000000000000000000 ) ) ;
#3085 = LINE ( 'NONE', #3367, #3203 ) ;
#3086 = CARTESIAN_POINT ( 'NONE',  ( -0.7000000000000001776, 0.1999999999999999833, -0.4500000000000000666 ) ) ;
#3087 = LINE ( 'NONE', #1249, #189 ) ;
#3088 = ADVANCED_FACE ( 'NONE', ( #1662 ), #1185, .F. ) ;
#3089 = ORIENTED_EDGE ( 'NONE', *, *, #1699, .F. ) ;
#3090 = DIRECTION ( 'NONE',  ( 0.000000000000000000, -1.000000000000000000, 0.000000000000000000 ) ) ;
#3091 = EDGE_CURVE ( 'NONE', #3456, #2467, #1168, .T. ) ;
#3092 = FACE_OUTER_BOUND ( 'NONE', #3397, .T. ) ;
#3093 = VERTEX_POINT ( 'NONE', #1718 ) ;
#3094 = FILL_AREA_STYLE ('',( #2032 ) ) ;
#3095 = AXIS2_PLACEMENT_3D ( 'NONE', #2135, #1307, #3193 ) ;
#3096 = VERTEX_POINT ( 'NONE', #1648 ) ;
#3097 = LINE ( 'NONE', #1308, #3284 ) ;
#3098 = AXIS2_PLACEMENT_3D ( 'NONE', #181, #1287, #3360 ) ;
#3099 = CARTESIAN_POINT ( 'NONE',  ( 0.9500000000000005107, 0.000000000000000000, -0.8499999999999998668 ) ) ;
#3100 = LINE ( 'NONE', #463, #2954 ) ;
#3101 = ORIENTED_EDGE ( 'NONE', *, *, #1995, .F. ) ;
#3102 = LINE ( 'NONE', #2558, #3032 ) ;
#3103 = DIRECTION ( 'NONE',  ( -2.168404344971009115E-16, 0.000000000000000000, 1.000000000000000000 ) ) ;
#3104 = CARTESIAN_POINT ( 'NONE',  ( 0.7000000000000001776, 0.1999999999999999833, -0.4499999999999997335 ) ) ;
#3105 = DIRECTION ( 'NONE',  ( -0.000000000000000000, -1.000000000000000000, 0.000000000000000000 ) ) ;
#3106 = MANIFOLD_SOLID_BREP ( 'Cut-Extrude5[2]', #2924 ) ;
#3107 = ORIENTED_EDGE ( 'NONE', *, *, #1058, .T. ) ;
#3108 = DIRECTION ( 'NONE',  ( 2.168404344971009115E-16, 0.000000000000000000, -1.000000000000000000 ) ) ;
#3109 = DIRECTION ( 'NONE',  ( 0.000000000000000000, 1.000000000000000000, 0.000000000000000000 ) ) ;
#3110 = EDGE_CURVE ( 'NONE', #2696, #2979, #80, .T. ) ;
#3111 = EDGE_CURVE ( 'NONE', #2115, #1171, #1147, .T. ) ;
#3112 = CARTESIAN_POINT ( 'NONE',  ( -0.7000000000000002887, 0.2000000000000000111, 0.1999999999999999278 ) ) ;
#3113 = ORIENTED_EDGE ( 'NONE', *, *, #3462, .F. ) ;
#3114 = DIRECTION ( 'NONE',  ( -1.000000000000000000, 0.000000000000000000, 2.674365358797580891E-15 ) ) ;
#3115 = DIRECTION ( 'NONE',  ( -2.168404344971009115E-16, 0.000000000000000000, 1.000000000000000000 ) ) ;
#3116 = VERTEX_POINT ( 'NONE', #587 ) ;
#3117 = FACE_OUTER_BOUND ( 'NONE', #658, .T. ) ;
#3118 = VERTEX_POINT ( 'NONE', #1925 ) ;
#3119 = FACE_OUTER_BOUND ( 'NONE', #1926, .T. ) ;
#3120 = CARTESIAN_POINT ( 'NONE',  ( -0.9500000000000003997, 0.05000000000000000278, -2.574980159653074510E-16 ) ) ;
#3121 = DIRECTION ( 'NONE',  ( 0.000000000000000000, -1.000000000000000000, 0.000000000000000000 ) ) ;
#3122 = CARTESIAN_POINT ( 'NONE',  ( 1.000000000000000222, 0.1999999999999999833, -0.8499999999999998668 ) ) ;
#3123 = VERTEX_POINT ( 'NONE', #2985 ) ;
#3124 = VECTOR ( 'NONE', #1480, 1000.000000000000000 ) ;
#3125 = DIRECTION ( 'NONE',  ( -1.000000000000000000, 0.000000000000000000, 2.674365358797580891E-15 ) ) ;
#3126 = CARTESIAN_POINT ( 'NONE',  ( -0.7000000000000002887, 0.2000000000000000111, 0.1999999999999999278 ) ) ;
#3127 = VECTOR ( 'NONE', #1661, 1000.000000000000000 ) ;
#3128 = ORIENTED_EDGE ( 'NONE', *, *, #445, .F. ) ;
#3129 = EDGE_CURVE ( 'NONE', #2224, #2342, #329, .T. ) ;
#3130 = VECTOR ( 'NONE', #1037, 1000.000000000000000 ) ;
#3131 = EDGE_LOOP ( 'NONE', ( #1077, #616, #1781, #1026 ) ) ;
#3132 = PRESENTATION_LAYER_ASSIGNMENT (  '', '', ( #551 ) ) ;
#3133 = EDGE_CURVE ( 'NONE', #237, #2897, #377, .T. ) ;
#3134 = AXIS2_PLACEMENT_3D ( 'NONE', #2693, #293, #3017 ) ;
#3135 = PLANE ( 'NONE',  #602 ) ;
#3136 = EDGE_LOOP ( 'NONE', ( #3207, #720, #1802, #2056 ) ) ;
#3137 = FACE_OUTER_BOUND ( 'NONE', #2264, .T. ) ;
#3138 = CARTESIAN_POINT ( 'NONE',  ( 0.7000000000000001776, 0.7000000000000006217, -0.4499999999999997335 ) ) ;
#3139 = DIRECTION ( 'NONE',  ( 2.168404344971009115E-16, 0.000000000000000000, -1.000000000000000000 ) ) ;
#3140 = MANIFOLD_SOLID_BREP ( 'Cut-Extrude5[4]', #2476 ) ;
#3141 = DIRECTION ( 'NONE',  ( -1.626303258728256898E-16, 0.000000000000000000, 1.000000000000000000 ) ) ;
#3142 = ORIENTED_EDGE ( 'NONE', *, *, #846, .F. ) ;
#3143 = DIRECTION ( 'NONE',  ( 4.201283418381329682E-16, 0.000000000000000000, -1.000000000000000000 ) ) ;
#3144 = DIRECTION ( 'NONE',  ( 0.000000000000000000, 1.000000000000000000, 0.000000000000000000 ) ) ;
#3145 = VERTEX_POINT ( 'NONE', #1223 ) ;
#3146 = EDGE_LOOP ( 'NONE', ( #2129, #1438, #3421, #1281, #659, #3166 ) ) ;
#3147 = VECTOR ( 'NONE', #2533, 1000.000000000000000 ) ;
#3148 = CIRCLE ( 'NONE', #682, 0.09746256089909494102 ) ;
#3149 = CARTESIAN_POINT ( 'NONE',  ( 0.7000000000000002887, 0.04999999999999999584, -0.8499999999999999778 ) ) ;
#3150 = LINE ( 'NONE', #2626, #1106 ) ;
#3151 = EDGE_CURVE ( 'NONE', #1012, #3180, #2520, .T. ) ;
#3152 = CLOSED_SHELL ( 'NONE', ( #1957, #265, #815, #84, #3418, #852, #897, #1886, #919, #3381, #1320, #1679, #3177, #303, #1246, #1417, #2328, #643, #85, #2804, #107, #2919, #3217, #3251, #203, #317, #899, #2046, #1579, #709, #1550, #3057, #1075, #1203, #1425, #2511, #444, #362, #1296, #422, #1598, #1911, #2484, #1356, #3088, #2994, #711, #1746, #3377, #1380, #266, #576, #2209, #1115, #66 ) ) ;
#3153 = EDGE_CURVE ( 'NONE', #697, #452, #2037, .T. ) ;
#3154 = ORIENTED_EDGE ( 'NONE', *, *, #2991, .T. ) ;
#3155 = CARTESIAN_POINT ( 'NONE',  ( 0.000000000000000000, 0.1000000000000000056, 0.000000000000000000 ) ) ;
#3156 = CARTESIAN_POINT ( 'NONE',  ( -0.9500000000000000666, 0.1000000000000000056, -1.000000000000000444 ) ) ;
#3157 = CARTESIAN_POINT ( 'NONE',  ( 0.6999999999999999556, 0.7000000000000006217, 0.4500000000000000666 ) ) ;
#3158 = ORIENTED_EDGE ( 'NONE', *, *, #3129, .T. ) ;
#3159 = CARTESIAN_POINT ( 'NONE',  ( 0.9500000000000005107, 0.1000000000000000056, -1.000000000000000000 ) ) ;
#3160 = LINE ( 'NONE', #2861, #2317 ) ;
#3161 = LINE ( 'NONE', #1205, #1949 ) ;
#3162 = ORIENTED_EDGE ( 'NONE', *, *, #644, .F. ) ;
#3163 = VERTEX_POINT ( 'NONE', #981 ) ;
#3164 = CARTESIAN_POINT ( 'NONE',  ( -0.7000000000000001776, 0.7000000000000006217, -0.4500000000000000666 ) ) ;
#3165 = DIRECTION ( 'NONE',  ( 1.000000000000000000, 0.000000000000000000, 2.168404344971009115E-16 ) ) ;
#3166 = ORIENTED_EDGE ( 'NONE', *, *, #1998, .T. ) ;
#3167 = DIRECTION ( 'NONE',  ( -1.626303258728256898E-16, 0.000000000000000000, 1.000000000000000000 ) ) ;
#3168 = ADVANCED_FACE ( 'NONE', ( #138 ), #2553, .F. ) ;
#3169 = EDGE_CURVE ( 'NONE', #406, #776, #2278, .T. ) ;
#3170 = CARTESIAN_POINT ( 'NONE',  ( -0.7000000000000000666, 0.2000000000000000111, -0.8500000000000001998 ) ) ;
#3171 = LINE ( 'NONE', #1842, #1623 ) ;
#3172 = ORIENTED_EDGE ( 'NONE', *, *, #173, .T. ) ;
#3173 = ORIENTED_EDGE ( 'NONE', *, *, #574, .F. ) ;
#3174 = EDGE_CURVE ( 'NONE', #690, #3116, #172, .T. ) ;
#3175 = LINE ( 'NONE', #1055, #1131 ) ;
#3176 = DIRECTION ( 'NONE',  ( 0.000000000000000000, -1.000000000000000000, 0.000000000000000000 ) ) ;
#3177 = ADVANCED_FACE ( 'NONE', ( #1522 ), #1508, .T. ) ;
#3178 = VECTOR ( 'NONE', #2821, 1000.000000000000000 ) ;
#3179 = DIRECTION ( 'NONE',  ( 2.168404344971009115E-16, 0.000000000000000000, -1.000000000000000000 ) ) ;
#3180 = VERTEX_POINT ( 'NONE', #3099 ) ;
#3181 = VECTOR ( 'NONE', #3264, 1000.000000000000000 ) ;
#3182 = VERTEX_POINT ( 'NONE', #2572 ) ;
#3183 = VECTOR ( 'NONE', #888, 1000.000000000000000 ) ;
#3184 = FACE_OUTER_BOUND ( 'NONE', #3295, .T. ) ;
#3185 = STYLED_ITEM ( 'NONE', ( #3265 ), #3106 ) ;
#3186 = CARTESIAN_POINT ( 'NONE',  ( 0.000000000000000000, 0.1000000000000000056, 0.000000000000000000 ) ) ;
#3187 = ORIENTED_EDGE ( 'NONE', *, *, #288, .T. ) ;
#3188 = VECTOR ( 'NONE', #2998, 1000.000000000000000 ) ;
#3189 = LINE ( 'NONE', #2925, #2620 ) ;
#3190 = ADVANCED_FACE ( 'NONE', ( #712 ), #1751, .F. ) ;
#3191 = ORIENTED_EDGE ( 'NONE', *, *, #1049, .T. ) ;
#3192 = ORIENTED_EDGE ( 'NONE', *, *, #1507, .F. ) ;
#3193 = DIRECTION ( 'NONE',  ( 1.000000000000000000, 0.000000000000000000, 2.168404344971009115E-16 ) ) ;
#3194 = DIRECTION ( 'NONE',  ( 1.000000000000000000, 0.000000000000000000, 0.000000000000000000 ) ) ;
#3195 = EDGE_CURVE ( 'NONE', #3451, #618, #462, .T. ) ;
#3196 = PLANE ( 'NONE',  #2100 ) ;
#3197 = EDGE_CURVE ( 'NONE', #677, #365, #2587, .T. ) ;
#3198 = ORIENTED_EDGE ( 'NONE', *, *, #2231, .T. ) ;
#3199 = DIRECTION ( 'NONE',  ( 1.000000000000000000, 0.000000000000000000, 2.168404344971009115E-16 ) ) ;
#3200 = DIRECTION ( 'NONE',  ( 1.000000000000000000, 0.000000000000000000, 1.662443331144440592E-15 ) ) ;
#3201 = ORIENTED_EDGE ( 'NONE', *, *, #1227, .T. ) ;
#3202 = CARTESIAN_POINT ( 'NONE',  ( -0.7000000000000005107, 0.2000000000000000111, 0.8499999999999999778 ) ) ;
#3203 = VECTOR ( 'NONE', #188, 1000.000000000000000 ) ;
#3204 = ORIENTED_EDGE ( 'NONE', *, *, #1655, .F. ) ;
#3205 = VECTOR ( 'NONE', #1174, 1000.000000000000000 ) ;
#3206 = CARTESIAN_POINT ( 'NONE',  ( -0.7000000000000005107, 0.2000000000000000111, 0.8499999999999999778 ) ) ;
#3207 = ORIENTED_EDGE ( 'NONE', *, *, #1382, .F. ) ;
#3208 = VECTOR ( 'NONE', #3143, 1000.000000000000000 ) ;
#3209 = ORIENTED_EDGE ( 'NONE', *, *, #1682, .F. ) ;
#3210 = CARTESIAN_POINT ( 'NONE',  ( 2.273210554977938334E-15, 0.05000000000000000278, 0.8499999999999979794 ) ) ;
#3211 = LINE ( 'NONE', #1914, #2036 ) ;
#3212 = CARTESIAN_POINT ( 'NONE',  ( -1.000000000000000000, 0.2000000000000000111, -0.2000000000000003164 ) ) ;
#3213 = CARTESIAN_POINT ( 'NONE',  ( -0.7000000000000001776, 0.1999999999999999833, -0.4500000000000000666 ) ) ;
#3214 = ORIENTED_EDGE ( 'NONE', *, *, #2784, .T. ) ;
#3215 = ADVANCED_FACE ( 'NONE', ( #424 ), #1242, .T. ) ;
#3216 = ORIENTED_EDGE ( 'NONE', *, *, #692, .F. ) ;
#3217 = ADVANCED_FACE ( 'NONE', ( #2076 ), #1543, .T. ) ;
#3218 = DIRECTION ( 'NONE',  ( -0.000000000000000000, -1.000000000000000000, 0.000000000000000000 ) ) ;
#3219 = VERTEX_POINT ( 'NONE', #1996 ) ;
#3220 = DIRECTION ( 'NONE',  ( -2.168404344971009115E-16, 0.000000000000000000, 1.000000000000000000 ) ) ;
#3221 = ORIENTED_EDGE ( 'NONE', *, *, #1116, .T. ) ;
#3222 = DIRECTION ( 'NONE',  ( -1.000000000000000000, 0.000000000000000000, -1.662443331144440592E-15 ) ) ;
#3223 = VERTEX_POINT ( 'NONE', #798 ) ;
#3224 = CARTESIAN_POINT ( 'NONE',  ( -1.000000000000000222, 0.8000000000000008216, 0.9999999999999997780 ) ) ;
#3225 = DIRECTION ( 'NONE',  ( 2.168404344971009115E-16, 0.000000000000000000, -1.000000000000000000 ) ) ;
#3226 = FACE_OUTER_BOUND ( 'NONE', #1447, .T. ) ;
#3227 = ORIENTED_EDGE ( 'NONE', *, *, #2554, .T. ) ;
#3228 = ORIENTED_EDGE ( 'NONE', *, *, #2762, .F. ) ;
#3229 = EDGE_CURVE ( 'NONE', #3163, #2047, #1597, .T. ) ;
#3230 = VECTOR ( 'NONE', #2802, 1000.000000000000000 ) ;
#3231 = EDGE_LOOP ( 'NONE', ( #923, #603, #2824, #1300, #1052, #371 ) ) ;
#3232 = CARTESIAN_POINT ( 'NONE',  ( -0.9500000000000000666, 0.1000000000000000056, -0.8500000000000003109 ) ) ;
#3233 = VECTOR ( 'NONE', #1997, 1000.000000000000000 ) ;
#3234 = EDGE_CURVE ( 'NONE', #3054, #2956, #814, .T. ) ;
#3235 = AXIS2_PLACEMENT_3D ( 'NONE', #505, #1847, #1588 ) ;
#3236 = CARTESIAN_POINT ( 'NONE',  ( 0.4499999999999997891, 0.2000000000000000944, 0.8000000000000002665 ) ) ;
#3237 = AXIS2_PLACEMENT_3D ( 'NONE', #2318, #695, #2057 ) ;
#3238 = ORIENTED_EDGE ( 'NONE', *, *, #425, .F. ) ;
#3239 = EDGE_LOOP ( 'NONE', ( #1722, #673, #955, #1541 ) ) ;
#3240 = DIRECTION ( 'NONE',  ( 1.000000000000000000, 0.000000000000000000, 2.168404344971009115E-16 ) ) ;
#3241 = CARTESIAN_POINT ( 'NONE',  ( -1.000000000000000000, 0.2000000000000000111, 0.2000000000000007327 ) ) ;
#3242 = CARTESIAN_POINT ( 'NONE',  ( 0.9500000000000001776, 0.7000000000000006217, 0.4500000000000001221 ) ) ;
#3243 = ORIENTED_EDGE ( 'NONE', *, *, #1633, .T. ) ;
#3244 = ORIENTED_EDGE ( 'NONE', *, *, #853, .F. ) ;
#3245 = CARTESIAN_POINT ( 'NONE',  ( -0.9500000000000001776, 0.2000000000000000111, -0.4499999999999994005 ) ) ;
#3246 = ORIENTED_EDGE ( 'NONE', *, *, #388, .T. ) ;
#3247 = DIRECTION ( 'NONE',  ( -1.000000000000000000, 0.000000000000000000, -2.168404344971009115E-16 ) ) ;
#3248 = DIRECTION ( 'NONE',  ( -1.000000000000000000, 0.000000000000000000, -2.168404344971009115E-16 ) ) ;
#3249 = EDGE_CURVE ( 'NONE', #1608, #1511, #2623, .T. ) ;
#3250 = DIRECTION ( 'NONE',  ( -2.674365358797580891E-15, 0.000000000000000000, -1.000000000000000000 ) ) ;
#3251 = ADVANCED_FACE ( 'NONE', ( #1834 ), #1330, .F. ) ;
#3252 = UNCERTAINTY_MEASURE_WITH_UNIT (LENGTH_MEASURE( 1.000000000000000082E-05 ), #675, 'distance_accuracy_value', 'NONE');
#3253 = ORIENTED_EDGE ( 'NONE', *, *, #2554, .F. ) ;
#3254 = ORIENTED_EDGE ( 'NONE', *, *, #3400, .F. ) ;
#3255 = FACE_OUTER_BOUND ( 'NONE', #1295, .T. ) ;
#3256 = CARTESIAN_POINT ( 'NONE',  ( -1.000000000000000222, 0.8000000000000008216, -1.000000000000000222 ) ) ;
#3257 = AXIS2_PLACEMENT_3D ( 'NONE', #2080, #1774, #447 ) ;
#3258 = LINE ( 'NONE', #1950, #2478 ) ;
#3259 = DIRECTION ( 'NONE',  ( -4.201283418381329682E-16, 0.000000000000000000, 1.000000000000000000 ) ) ;
#3260 = ORIENTED_EDGE ( 'NONE', *, *, #792, .T. ) ;
#3261 = CARTESIAN_POINT ( 'NONE',  ( -1.000000000000000000, 0.2000000000000000111, 0.2000000000000007327 ) ) ;
#3262 = DIRECTION ( 'NONE',  ( 1.000000000000000000, -0.000000000000000000, -2.674365358797580496E-15 ) ) ;
#3263 = ORIENTED_EDGE ( 'NONE', *, *, #152, .F. ) ;
#3264 = DIRECTION ( 'NONE',  ( 1.000000000000000000, 0.000000000000000000, 2.168404344971009115E-16 ) ) ;
#3265 = PRESENTATION_STYLE_ASSIGNMENT (( #606 ) ) ;
#3266 = PRESENTATION_STYLE_ASSIGNMENT (( #2986 ) ) ;
#3267 = EDGE_CURVE ( 'NONE', #3219, #2942, #1297, .T. ) ;
#3268 = ORIENTED_EDGE ( 'NONE', *, *, #508, .F. ) ;
#3269 = PLANE ( 'NONE',  #2126 ) ;
#3270 = LINE ( 'NONE', #908, #2847 ) ;
#3271 = PLANE ( 'NONE',  #2651 ) ;
#3272 = CARTESIAN_POINT ( 'NONE',  ( 0.7000000000000000666, 0.7000000000000006217, 0.2000000000000002609 ) ) ;
#3273 = VERTEX_POINT ( 'NONE', #280 ) ;
#3274 = EDGE_CURVE ( 'NONE', #1189, #2371, #2660, .T. ) ;
#3275 = DIRECTION ( 'NONE',  ( 1.000000000000000000, -0.000000000000000000, -2.674365358797580496E-15 ) ) ;
#3276 = EDGE_CURVE ( 'NONE', #500, #1241, #2350, .T. ) ;
#3277 = ORIENTED_EDGE ( 'NONE', *, *, #992, .T. ) ;
#3278 = FILL_AREA_STYLE ('',( #77 ) ) ;
#3279 = LINE ( 'NONE', #2462, #111 ) ;
#3280 = ORIENTED_EDGE ( 'NONE', *, *, #1791, .F. ) ;
#3281 = CARTESIAN_POINT ( 'NONE',  ( 0.6999999999999999556, 0.04999999999999999584, 0.4500000000000000666 ) ) ;
#3282 = VECTOR ( 'NONE', #2325, 1000.000000000000000 ) ;
#3283 = LINE ( 'NONE', #1420, #1398 ) ;
#3284 = VECTOR ( 'NONE', #3326, 1000.000000000000000 ) ;
#3285 = ORIENTED_EDGE ( 'NONE', *, *, #3249, .F. ) ;
#3286 = AXIS2_PLACEMENT_3D ( 'NONE', #1709, #1481, #1193 ) ;
#3287 = CARTESIAN_POINT ( 'NONE',  ( -0.9500000000000000666, 0.000000000000000000, -0.8500000000000003109 ) ) ;
#3288 = LINE ( 'NONE', #2769, #3183 ) ;
#3289 = COLOUR_RGB ( '',0.7921568627450980005, 0.8196078431372548767, 0.9333333333333333481 ) ;
#3290 = CARTESIAN_POINT ( 'NONE',  ( -0.7000000000000005107, 0.2000000000000000111, 0.8499999999999999778 ) ) ;
#3291 = LINE ( 'NONE', #2508, #1314 ) ;
#3292 = VERTEX_POINT ( 'NONE', #1609 ) ;
#3293 = EDGE_CURVE ( 'NONE', #2963, #639, #1317, .T. ) ;
#3294 = EDGE_CURVE ( 'NONE', #538, #365, #480, .T. ) ;
#3295 = EDGE_LOOP ( 'NONE', ( #1323, #645, #1104, #1516, #93, #1630 ) ) ;
#3296 = SURFACE_STYLE_FILL_AREA ( #3278 ) ;
#3297 =( NAMED_UNIT ( * ) SI_UNIT ( $, .STERADIAN. ) SOLID_ANGLE_UNIT ( ) );
#3298 = ORIENTED_EDGE ( 'NONE', *, *, #689, .T. ) ;
#3299 = FACE_OUTER_BOUND ( 'NONE', #2382, .T. ) ;
#3300 = LINE ( 'NONE', #902, #2787 ) ;
#3301 = ORIENTED_EDGE ( 'NONE', *, *, #1956, .F. ) ;
#3302 = ORIENTED_EDGE ( 'NONE', *, *, #2913, .F. ) ;
#3303 = CARTESIAN_POINT ( 'NONE',  ( -1.000000000000000000, 0.2000000000000000111, 0.4499999999999996780 ) ) ;
#3304 = DIRECTION ( 'NONE',  ( -1.000000000000000000, 0.000000000000000000, -1.662443331144440592E-15 ) ) ;
#3305 = DIRECTION ( 'NONE',  ( 1.000000000000000000, 0.000000000000000000, 2.168404344971009115E-16 ) ) ;
#3306 = DIRECTION ( 'NONE',  ( 1.000000000000000000, 0.000000000000000000, 2.168404344971009115E-16 ) ) ;
#3307 = VECTOR ( 'NONE', #1692, 1000.000000000000000 ) ;
#3308 =( GEOMETRIC_REPRESENTATION_CONTEXT ( 3 ) GLOBAL_UNCERTAINTY_ASSIGNED_CONTEXT ( ( #2698 ) ) GLOBAL_UNIT_ASSIGNED_CONTEXT ( ( #1105, #775, #506 ) ) REPRESENTATION_CONTEXT ( 'NONE', 'WORKASPACE' ) );
#3309 = EDGE_LOOP ( 'NONE', ( #3013, #1305, #1906, #653 ) ) ;
#3310 = ORIENTED_EDGE ( 'NONE', *, *, #2782, .F. ) ;
#3311 = EDGE_CURVE ( 'NONE', #1493, #641, #2141, .T. ) ;
#3312 = ORIENTED_EDGE ( 'NONE', *, *, #580, .T. ) ;
#3313 = DIRECTION ( 'NONE',  ( 1.000000000000000000, 0.000000000000000000, 2.168404344971009115E-16 ) ) ;
#3314 = DIRECTION ( 'NONE',  ( 2.168404344971009115E-16, -0.000000000000000000, -1.000000000000000000 ) ) ;
#3315 = CARTESIAN_POINT ( 'NONE',  ( -2.818925648462311528E-16, 0.2000000000000000111, 1.300000000000000044 ) ) ;
#3316 = ORIENTED_EDGE ( 'NONE', *, *, #2782, .T. ) ;
#3317 = ORIENTED_EDGE ( 'NONE', *, *, #619, .T. ) ;
#3318 = DIRECTION ( 'NONE',  ( 2.710505431213761085E-16, 0.000000000000000000, -1.000000000000000000 ) ) ;
#3319 = FACE_OUTER_BOUND ( 'NONE', #863, .T. ) ;
#3320 = FACE_OUTER_BOUND ( 'NONE', #2760, .T. ) ;
#3321 = PLANE ( 'NONE',  #2480 ) ;
#3322 = ORIENTED_EDGE ( 'NONE', *, *, #3234, .F. ) ;
#3323 = DIRECTION ( 'NONE',  ( 0.000000000000000000, 1.000000000000000000, 0.000000000000000000 ) ) ;
#3324 = ORIENTED_EDGE ( 'NONE', *, *, #3249, .T. ) ;
#3325 = ORIENTED_EDGE ( 'NONE', *, *, #380, .F. ) ;
#3326 = DIRECTION ( 'NONE',  ( 1.000000000000000000, -0.000000000000000000, -2.674365358797580496E-15 ) ) ;
#3327 = EDGE_CURVE ( 'NONE', #3431, #3018, #2675, .T. ) ;
#3328 = CARTESIAN_POINT ( 'NONE',  ( 0.7000000000000001776, 0.2000000000000000111, -0.4499999999999997335 ) ) ;
#3329 = CARTESIAN_POINT ( 'NONE',  ( 1.000000000000000222, 0.7000000000000006217, -0.8499999999999998668 ) ) ;
#3330 = EDGE_CURVE ( 'NONE', #3415, #1511, #2936, .T. ) ;
#3331 = VECTOR ( 'NONE', #3026, 1000.000000000000000 ) ;
#3332 = EDGE_CURVE ( 'NONE', #641, #553, #780, .T. ) ;
#3333 = ORIENTED_EDGE ( 'NONE', *, *, #2193, .F. ) ;
#3334 = DIRECTION ( 'NONE',  ( -1.000000000000000000, 0.000000000000000000, -2.168404344971009115E-16 ) ) ;
#3335 = COLOUR_RGB ( '',0.7921568627450980005, 0.8196078431372548767, 0.9333333333333333481 ) ;
#3336 = LINE ( 'NONE', #3358, #1664 ) ;
#3337 = PLANE ( 'NONE',  #2973 ) ;
#3338 = CARTESIAN_POINT ( 'NONE',  ( 1.000000000000000666, 0.1000000000000000056, -0.9999999999999997780 ) ) ;
#3339 = CARTESIAN_POINT ( 'NONE',  ( 1.000000000000000666, 0.1000000000000000056, -0.9999999999999997780 ) ) ;
#3340 = EDGE_LOOP ( 'NONE', ( #951, #366, #2252, #2694 ) ) ;
#3341 = DIRECTION ( 'NONE',  ( -1.000000000000000000, 0.000000000000000000, 0.000000000000000000 ) ) ;
#3342 = EDGE_CURVE ( 'NONE', #3292, #1853, #2417, .T. ) ;
#3343 = AXIS2_PLACEMENT_3D ( 'NONE', #1812, #3121, #2822 ) ;
#3344 = CARTESIAN_POINT ( 'NONE',  ( -0.1499999999999975797, 2.035755975068581858, -0.7999999999999999334 ) ) ;
#3345 = LINE ( 'NONE', #688, #2195 ) ;
#3346 = ORIENTED_EDGE ( 'NONE', *, *, #227, .F. ) ;
#3347 = VECTOR ( 'NONE', #61, 1000.000000000000000 ) ;
#3348 = DIRECTION ( 'NONE',  ( -1.000000000000000000, 0.000000000000000000, -2.168404344971009115E-16 ) ) ;
#3349 = VERTEX_POINT ( 'NONE', #3149 ) ;
#3350 = VECTOR ( 'NONE', #2643, 1000.000000000000000 ) ;
#3351 = PLANE ( 'NONE',  #228 ) ;
#3352 = DIRECTION ( 'NONE',  ( 0.000000000000000000, -1.000000000000000000, 0.000000000000000000 ) ) ;
#3353 = DIRECTION ( 'NONE',  ( 0.000000000000000000, -1.000000000000000000, 0.000000000000000000 ) ) ;
#3354 = EDGE_LOOP ( 'NONE', ( #1555, #1029, #2052, #3325 ) ) ;
#3355 = CARTESIAN_POINT ( 'NONE',  ( 0.4500000000000001221, 0.05000000000000000278, 1.890577538271598850E-16 ) ) ;
#3356 = EDGE_CURVE ( 'NONE', #858, #2617, #1874, .T. ) ;
#3357 = EDGE_CURVE ( 'NONE', #2814, #3031, #1045, .T. ) ;
#3358 = CARTESIAN_POINT ( 'NONE',  ( 1.000000000000000666, 0.1000000000000000056, -0.9999999999999997780 ) ) ;
#3359 = DIRECTION ( 'NONE',  ( -2.674365358797580891E-15, 0.000000000000000000, -1.000000000000000000 ) ) ;
#3360 = DIRECTION ( 'NONE',  ( 1.000000000000000000, 0.000000000000000000, 2.168404344971009115E-16 ) ) ;
#3361 = ORIENTED_EDGE ( 'NONE', *, *, #621, .T. ) ;
#3362 = LINE ( 'NONE', #1745, #1421 ) ;
#3363 = CARTESIAN_POINT ( 'NONE',  ( 0.9500000000000002887, 0.2000000000000000111, -0.1999999999999998723 ) ) ;
#3364 = DIRECTION ( 'NONE',  ( -0.000000000000000000, -1.000000000000000000, 0.000000000000000000 ) ) ;
#3365 = ORIENTED_EDGE ( 'NONE', *, *, #581, .F. ) ;
#3366 = CARTESIAN_POINT ( 'NONE',  ( 0.9500000000000002887, 0.7000000000000006217, 0.2000000000000006495 ) ) ;
#3367 = CARTESIAN_POINT ( 'NONE',  ( 0.6999999999999999556, 0.2000000000000000111, 0.4500000000000000666 ) ) ;
#3368 = VECTOR ( 'NONE', #2283, 1000.000000000000000 ) ;
#3369 = ORIENTED_EDGE ( 'NONE', *, *, #1808, .T. ) ;
#3370 = VECTOR ( 'NONE', #2929, 1000.000000000000000 ) ;
#3371 = SURFACE_STYLE_USAGE ( .BOTH. , #2817 ) ;
#3372 = CARTESIAN_POINT ( 'NONE',  ( 0.000000000000000000, 0.2000000000000000111, 0.000000000000000000 ) ) ;
#3373 = ORIENTED_EDGE ( 'NONE', *, *, #2665, .F. ) ;
#3374 = LINE ( 'NONE', #943, #1593 ) ;
#3375 = LINE ( 'NONE', #985, #3124 ) ;
#3376 = LINE ( 'NONE', #2044, #944 ) ;
#3377 = ADVANCED_FACE ( 'NONE', ( #1558 ), #1629, .F. ) ;
#3378 = VERTEX_POINT ( 'NONE', #745 ) ;
#3379 = LINE ( 'NONE', #1499, #519 ) ;
#3380 = PLANE ( 'NONE',  #1309 ) ;
#3381 = ADVANCED_FACE ( 'NONE', ( #3184 ), #549, .T. ) ;
#3382 = ORIENTED_EDGE ( 'NONE', *, *, #2592, .T. ) ;
#3383 = LINE ( 'NONE', #2863, #2203 ) ;
#3384 = EDGE_CURVE ( 'NONE', #30, #3273, #862, .T. ) ;
#3385 = ORIENTED_EDGE ( 'NONE', *, *, #1321, .F. ) ;
#3386 =( NAMED_UNIT ( * ) SI_UNIT ( $, .STERADIAN. ) SOLID_ANGLE_UNIT ( ) );
#3387 = DIRECTION ( 'NONE',  ( 0.000000000000000000, -1.000000000000000000, 0.000000000000000000 ) ) ;
#3388 = EDGE_LOOP ( 'NONE', ( #1293, #2730, #1204, #2706 ) ) ;
#3389 = FACE_OUTER_BOUND ( 'NONE', #476, .T. ) ;
#3390 = DIRECTION ( 'NONE',  ( 1.000000000000000000, 0.000000000000000000, 2.710505431213761085E-16 ) ) ;
#3391 = CARTESIAN_POINT ( 'NONE',  ( -0.9500000000000000666, 0.1000000000000000056, -1.000000000000000444 ) ) ;
#3392 = ORIENTED_EDGE ( 'NONE', *, *, #2575, .T. ) ;
#3393 = VECTOR ( 'NONE', #2578, 1000.000000000000000 ) ;
#3394 = CARTESIAN_POINT ( 'NONE',  ( 0.9500000000000001776, 0.04999999999999969746, 1.000000000000000222 ) ) ;
#3395 = DIRECTION ( 'NONE',  ( -1.000000000000000000, 0.000000000000000000, -2.168404344971009115E-16 ) ) ;
#3396 = VECTOR ( 'NONE', #2868, 1000.000000000000000 ) ;
#3397 = EDGE_LOOP ( 'NONE', ( #1714, #495, #1749, #1763 ) ) ;
#3398 = CARTESIAN_POINT ( 'NONE',  ( -1.409462824231155764E-16, 0.000000000000000000, 0.6500000000000000222 ) ) ;
#3399 = VECTOR ( 'NONE', #3139, 1000.000000000000000 ) ;
#3400 = EDGE_CURVE ( 'NONE', #3219, #1176, #2743, .T. ) ;
#3401 = EDGE_LOOP ( 'NONE', ( #2310, #622 ) ) ;
#3402 = EDGE_CURVE ( 'NONE', #2256, #1608, #2188, .T. ) ;
#3403 = MECHANICAL_DESIGN_GEOMETRIC_PRESENTATION_REPRESENTATION (  '', ( #551 ), #3010 ) ;
#3404 = CARTESIAN_POINT ( 'NONE',  ( -1.409462824231155764E-16, 0.2000000000000000111, 0.6500000000000000222 ) ) ;
#3405 = CARTESIAN_POINT ( 'NONE',  ( -1.000000000000000000, 0.7000000000000006217, 0.2000000000000007327 ) ) ;
#3406 = ORIENTED_EDGE ( 'NONE', *, *, #3293, .T. ) ;
#3407 = LINE ( 'NONE', #715, #1028 ) ;
#3408 = DIRECTION ( 'NONE',  ( -2.168404344971009115E-16, 0.000000000000000000, 1.000000000000000000 ) ) ;
#3409 = CARTESIAN_POINT ( 'NONE',  ( 0.9500000000000005107, 0.04999999999999969746, -1.000000000000000000 ) ) ;
#3410 = LINE ( 'NONE', #950, #71 ) ;
#3411 = ORIENTED_EDGE ( 'NONE', *, *, #248, .F. ) ;
#3412 = DIRECTION ( 'NONE',  ( 0.000000000000000000, 1.000000000000000000, 0.000000000000000000 ) ) ;
#3413 = DIRECTION ( 'NONE',  ( 0.000000000000000000, 1.000000000000000000, 0.000000000000000000 ) ) ;
#3414 = ORIENTED_EDGE ( 'NONE', *, *, #853, .T. ) ;
#3415 = VERTEX_POINT ( 'NONE', #841 ) ;
#3416 = COLOUR_RGB ( '',0.7921568627450980005, 0.8196078431372548767, 0.9333333333333333481 ) ;
#3417 = ADVANCED_FACE ( 'NONE', ( #95 ), #2436, .F. ) ;
#3418 = ADVANCED_FACE ( 'NONE', ( #2449 ), #340, .F. ) ;
#3419 = VECTOR ( 'NONE', #1518, 1000.000000000000000 ) ;
#3420 = DIRECTION ( 'NONE',  ( -0.000000000000000000, -1.000000000000000000, 0.000000000000000000 ) ) ;
#3421 = ORIENTED_EDGE ( 'NONE', *, *, #3428, .T. ) ;
#3422 = EDGE_CURVE ( 'NONE', #1601, #2178, #3279, .T. ) ;
#3423 = CARTESIAN_POINT ( 'NONE',  ( -0.1499999999999984401, 2.035755975068581858, -0.7999999999999999334 ) ) ;
#3424 = VECTOR ( 'NONE', #1562, 1000.000000000000000 ) ;
#3425 = ORIENTED_EDGE ( 'NONE', *, *, #2133, .F. ) ;
#3426 = EDGE_CURVE ( 'NONE', #2360, #2224, #39, .T. ) ;
#3427 = CARTESIAN_POINT ( 'NONE',  ( -0.7000000000000000666, 0.1000000000000000056, -0.8500000000000001998 ) ) ;
#3428 = EDGE_CURVE ( 'NONE', #3180, #31, #2724, .T. ) ;
#3429 = CARTESIAN_POINT ( 'NONE',  ( 0.7000000000000001776, 0.7000000000000006217, -0.4499999999999997335 ) ) ;
#3430 = LINE ( 'NONE', #255, #3130 ) ;
#3431 = VERTEX_POINT ( 'NONE', #322 ) ;
#3432 = PLANE ( 'NONE',  #1704 ) ;
#3433 = DIRECTION ( 'NONE',  ( 1.626303258728256898E-16, 0.000000000000000000, -1.000000000000000000 ) ) ;
#3434 = CARTESIAN_POINT ( 'NONE',  ( -0.7000000000000002887, 0.1000000000000000472, -0.2000000000000002609 ) ) ;
#3435 = CARTESIAN_POINT ( 'NONE',  ( 0.7000000000000000666, 0.000000000000000000, 0.2000000000000002609 ) ) ;
#3436 = EDGE_LOOP ( 'NONE', ( #960, #23, #3061, #2667, #761, #2212 ) ) ;
#3437 = VERTEX_POINT ( 'NONE', #1694 ) ;
#3438 = DIRECTION ( 'NONE',  ( 0.000000000000000000, 1.000000000000000000, 0.000000000000000000 ) ) ;
#3439 = CARTESIAN_POINT ( 'NONE',  ( -0.9500000000000000666, 0.1000000000000000056, -1.000000000000000444 ) ) ;
#3440 = EDGE_CURVE ( 'NONE', #667, #842, #1976, .T. ) ;
#3441 = PLANE ( 'NONE',  #323 ) ;
#3442 = CARTESIAN_POINT ( 'NONE',  ( -0.9500000000000000666, 0.1000000000000000056, -1.000000000000000444 ) ) ;
#3443 = ORIENTED_EDGE ( 'NONE', *, *, #248, .T. ) ;
#3444 = EDGE_CURVE ( 'NONE', #1157, #423, #57, .T. ) ;
#3445 = CARTESIAN_POINT ( 'NONE',  ( 1.000000000000000000, 0.7000000000000006217, -0.4499999999999992339 ) ) ;
#3446 = EDGE_CURVE ( 'NONE', #1347, #2548, #1938, .T. ) ;
#3447 = ORIENTED_EDGE ( 'NONE', *, *, #1092, .T. ) ;
#3448 = LINE ( 'NONE', #2960, #1862 ) ;
#3449 = LINE ( 'NONE', #2412, #774 ) ;
#3450 = VECTOR ( 'NONE', #2907, 1000.000000000000000 ) ;
#3451 = VERTEX_POINT ( 'NONE', #1111 ) ;
#3452 = VECTOR ( 'NONE', #1831, 1000.000000000000000 ) ;
#3453 = VERTEX_POINT ( 'NONE', #1905 ) ;
#3454 = FACE_OUTER_BOUND ( 'NONE', #488, .T. ) ;
#3455 = CARTESIAN_POINT ( 'NONE',  ( -0.9500000000000006217, 0.7000000000000006217, 0.8500000000000006439 ) ) ;
#3456 = VERTEX_POINT ( 'NONE', #1370 ) ;
#3457 = VECTOR ( 'NONE', #625, 1000.000000000000000 ) ;
#3458 = CARTESIAN_POINT ( 'NONE',  ( 0.000000000000000000, 0.1000000000000000056, 0.000000000000000000 ) ) ;
#3459 = ORIENTED_EDGE ( 'NONE', *, *, #692, .T. ) ;
#3460 = VECTOR ( 'NONE', #3262, 1000.000000000000000 ) ;
#3461 = DIRECTION ( 'NONE',  ( 0.000000000000000000, -1.000000000000000000, 0.000000000000000000 ) ) ;
#3462 = EDGE_CURVE ( 'NONE', #3145, #2115, #1095, .T. ) ;
#3463 = VERTEX_POINT ( 'NONE', #601 ) ;
#3464 = CARTESIAN_POINT ( 'NONE',  ( -1.000000000000000222, 0.7000000000000006217, 0.8500000000000007550 ) ) ;
ENDSEC;
END-ISO-10303-21;
