ISO-10303-21;
HEADER;
FILE_DESCRIPTION (( 'STEP AP214' ),
    '1' );
FILE_NAME ('RVR19.STEP',
    '2023-12-27T11:21:49',
    ( '' ),
    ( '' ),
    'SwSTEP 2.0',
    'SolidWorks 2021',
    '' );
FILE_SCHEMA (( 'AUTOMOTIVE_DESIGN' ));
ENDSEC;

DATA;
#1 = DIRECTION ( 'NONE',  ( -1.000000000000000000, 0.000000000000000000, 0.000000000000000000 ) ) ;
#2 = DIRECTION ( 'NONE',  ( 1.577021341797097018E-15, 0.000000000000000000, 1.000000000000000000 ) ) ;
#3 = ORIENTED_EDGE ( 'NONE', *, *, #5435, .T. ) ;
#4 = LINE ( 'NONE', #3004, #4039 ) ;
#5 = DIRECTION ( 'NONE',  ( 0.000000000000000000, -1.000000000000000000, 0.000000000000000000 ) ) ;
#6 = DIRECTION ( 'NONE',  ( -1.000000000000000000, 0.000000000000000000, -0.000000000000000000 ) ) ;
#7 = VERTEX_POINT ( 'NONE', #7338 ) ;
#8 =( NAMED_UNIT ( * ) SI_UNIT ( $, .STERADIAN. ) SOLID_ANGLE_UNIT ( ) );
#9 = ORIENTED_EDGE ( 'NONE', *, *, #626, .F. ) ;
#10 = DIRECTION ( 'NONE',  ( -1.000000000000000000, 0.000000000000000000, 0.000000000000000000 ) ) ;
#11 = MECHANICAL_DESIGN_GEOMETRIC_PRESENTATION_REPRESENTATION (  '', ( #1116 ), #1428 ) ;
#12 = CARTESIAN_POINT ( 'NONE',  ( 1.999999999999999112, 0.1000000000000002554, 1.499999999999999556 ) ) ;
#13 = EDGE_LOOP ( 'NONE', ( #1065, #1539, #5600, #4308 ) ) ;
#14 = ORIENTED_EDGE ( 'NONE', *, *, #4387, .F. ) ;
#15 = ORIENTED_EDGE ( 'NONE', *, *, #5347, .F. ) ;
#16 = EDGE_LOOP ( 'NONE', ( #4623, #3175, #3613, #3227 ) ) ;
#17 = EDGE_CURVE ( 'NONE', #3573, #8425, #598, .T. ) ;
#18 = CARTESIAN_POINT ( 'NONE',  ( -0.1500000000000000222, 0.05000000000000000278, 0.000000000000000000 ) ) ;
#19 = DIRECTION ( 'NONE',  ( -1.000000000000000000, 0.000000000000000000, 3.154042683594198769E-15 ) ) ;
#20 = DIRECTION ( 'NONE',  ( 0.000000000000000000, -1.000000000000000000, 0.000000000000000000 ) ) ;
#21 = VERTEX_POINT ( 'NONE', #646 ) ;
#22 = CARTESIAN_POINT ( 'NONE',  ( 2.000000000000000000, 0.1000000000000000472, 0.8750000000000007772 ) ) ;
#23 = VECTOR ( 'NONE', #657, 1000.000000000000000 ) ;
#24 = ORIENTED_EDGE ( 'NONE', *, *, #2369, .F. ) ;
#25 = ORIENTED_EDGE ( 'NONE', *, *, #4406, .T. ) ;
#26 = LINE ( 'NONE', #7535, #9627 ) ;
#27 = CARTESIAN_POINT ( 'NONE',  ( -0.2499999999999993616, 0.6716990566028301357, 1.100000000000000977 ) ) ;
#28 = EDGE_CURVE ( 'NONE', #795, #1666, #2867, .T. ) ;
#29 = EDGE_CURVE ( 'NONE', #2066, #4336, #4851, .T. ) ;
#30 = AXIS2_PLACEMENT_3D ( 'NONE', #913, #3904, #6217 ) ;
#31 = EDGE_CURVE ( 'NONE', #5079, #4582, #8036, .T. ) ;
#32 = LINE ( 'NONE', #9055, #5988 ) ;
#33 = ORIENTED_EDGE ( 'NONE', *, *, #1482, .T. ) ;
#34 = LINE ( 'NONE', #6801, #6145 ) ;
#35 = ORIENTED_EDGE ( 'NONE', *, *, #9289, .F. ) ;
#36 = ORIENTED_EDGE ( 'NONE', *, *, #207, .T. ) ;
#37 = AXIS2_PLACEMENT_3D ( 'NONE', #7391, #8082, #2938 ) ;
#38 = EDGE_CURVE ( 'NONE', #6546, #9236, #6368, .T. ) ;
#39 = STYLED_ITEM ( 'NONE', ( #4254 ), #789 ) ;
#40 = VERTEX_POINT ( 'NONE', #9366 ) ;
#41 = CARTESIAN_POINT ( 'NONE',  ( -1.725000000000000755, 0.2000000000000000944, 0.6250000000000006661 ) ) ;
#42 = VECTOR ( 'NONE', #6308, 1000.000000000000000 ) ;
#43 = DIRECTION ( 'NONE',  ( 0.000000000000000000, 0.000000000000000000, -1.000000000000000000 ) ) ;
#44 = DIRECTION ( 'NONE',  ( -0.000000000000000000, 0.000000000000000000, -1.000000000000000000 ) ) ;
#45 = CARTESIAN_POINT ( 'NONE',  ( 1.950000000000002176, 0.05000000000000000278, 0.000000000000000000 ) ) ;
#46 = VERTEX_POINT ( 'NONE', #7208 ) ;
#47 = CARTESIAN_POINT ( 'NONE',  ( 2.000000000000000000, 0.000000000000000000, -0.1249999999999992506 ) ) ;
#48 = DIRECTION ( 'NONE',  ( 1.000000000000000000, 0.000000000000000000, 7.885106708985511714E-16 ) ) ;
#49 = VECTOR ( 'NONE', #1743, 1000.000000000000000 ) ;
#50 = VERTEX_POINT ( 'NONE', #7261 ) ;
#51 = LINE ( 'NONE', #6033, #3311 ) ;
#52 = CARTESIAN_POINT ( 'NONE',  ( -1.725000000000000755, 0.6716990566028312459, 1.125000000000000666 ) ) ;
#53 = DIRECTION ( 'NONE',  ( 0.000000000000000000, 0.000000000000000000, 1.000000000000000000 ) ) ;
#54 = FACE_OUTER_BOUND ( 'NONE', #2514, .T. ) ;
#55 = AXIS2_PLACEMENT_3D ( 'NONE', #4350, #3611, #2454 ) ;
#56 = VECTOR ( 'NONE', #2567, 1000.000000000000000 ) ;
#57 = AXIS2_PLACEMENT_3D ( 'NONE', #5362, #895, #1055 ) ;
#58 = DIRECTION ( 'NONE',  ( 1.000000000000000000, 0.000000000000000000, 0.000000000000000000 ) ) ;
#59 = VECTOR ( 'NONE', #927, 1000.000000000000000 ) ;
#60 = ORIENTED_EDGE ( 'NONE', *, *, #7484, .F. ) ;
#61 = ORIENTED_EDGE ( 'NONE', *, *, #7841, .T. ) ;
#62 = ORIENTED_EDGE ( 'NONE', *, *, #516, .T. ) ;
#63 = VERTEX_POINT ( 'NONE', #474 ) ;
#64 = CARTESIAN_POINT ( 'NONE',  ( -1.374999999999999556, 0.6716990566028301357, -1.500000000000000444 ) ) ;
#65 = SURFACE_STYLE_USAGE ( .BOTH. , #2336 ) ;
#66 = FACE_OUTER_BOUND ( 'NONE', #836, .T. ) ;
#67 = VECTOR ( 'NONE', #3206, 1000.000000000000000 ) ;
#68 = DIRECTION ( 'NONE',  ( 2.551063935260010491E-16, 0.000000000000000000, 1.000000000000000000 ) ) ;
#69 = AXIS2_PLACEMENT_3D ( 'NONE', #9607, #6597, #1279 ) ;
#70 = AXIS2_PLACEMENT_3D ( 'NONE', #9416, #6961, #2709 ) ;
#71 = CARTESIAN_POINT ( 'NONE',  ( 1.349999999999999645, 0.04999999999999999584, -0.8500000000000001998 ) ) ;
#72 = ORIENTED_EDGE ( 'NONE', *, *, #5795, .T. ) ;
#73 = EDGE_CURVE ( 'NONE', #5566, #8854, #3531, .T. ) ;
#74 = FACE_OUTER_BOUND ( 'NONE', #8767, .T. ) ;
#75 = ORIENTED_EDGE ( 'NONE', *, *, #2317, .F. ) ;
#76 = CARTESIAN_POINT ( 'NONE',  ( -0.8749999999999994449, 0.1999999999999999833, -1.500000000000000444 ) ) ;
#77 = VERTEX_POINT ( 'NONE', #2806 ) ;
#78 = PLANE ( 'NONE',  #5750 ) ;
#79 = CARTESIAN_POINT ( 'NONE',  ( 1.725000000000000755, 0.1000000000000000472, 0.1250000000000006661 ) ) ;
#80 = AXIS2_PLACEMENT_3D ( 'NONE', #8971, #3601, #6622 ) ;
#81 = AXIS2_PLACEMENT_3D ( 'NONE', #4400, #6588, #5870 ) ;
#82 = CARTESIAN_POINT ( 'NONE',  ( -2.000000000000000888, 0.1999999999999999833, 0.6250000000000005551 ) ) ;
#83 = DIRECTION ( 'NONE',  ( -2.551063935260010491E-16, -0.000000000000000000, -1.000000000000000000 ) ) ;
#84 = FILL_AREA_STYLE ('',( #8944 ) ) ;
#85 = CARTESIAN_POINT ( 'NONE',  ( -0.6249999999999996669, 0.1000000000000000056, -1.225000000000000755 ) ) ;
#86 = AXIS2_PLACEMENT_3D ( 'NONE', #5965, #4372, #4513 ) ;
#87 = CARTESIAN_POINT ( 'NONE',  ( -2.000000000000000000, 0.000000000000000000, -0.6249999999999992228 ) ) ;
#88 = EDGE_CURVE ( 'NONE', #9014, #6344, #2190, .T. ) ;
#89 = CARTESIAN_POINT ( 'NONE',  ( -1.249999999999999334, 0.1999999999999999833, -1.225000000000000533 ) ) ;
#90 = ADVANCED_FACE ( 'NONE', ( #3580 ), #6004, .F. ) ;
#91 = ORIENTED_EDGE ( 'NONE', *, *, #4529, .T. ) ;
#92 = VERTEX_POINT ( 'NONE', #618 ) ;
#93 = AXIS2_PLACEMENT_3D ( 'NONE', #5840, #2918, #48 ) ;
#94 = LINE ( 'NONE', #1761, #4175 ) ;
#95 = ORIENTED_EDGE ( 'NONE', *, *, #1174, .T. ) ;
#96 = DIRECTION ( 'NONE',  ( 0.000000000000000000, 0.000000000000000000, 1.000000000000000000 ) ) ;
#97 = CARTESIAN_POINT ( 'NONE',  ( 2.000000000000000888, 0.1999999999999999833, 0.1250000000000005551 ) ) ;
#98 = CARTESIAN_POINT ( 'NONE',  ( 1.950000000000002176, 0.1000000000000000056, 1.450000000000000178 ) ) ;
#99 = DIRECTION ( 'NONE',  ( 0.000000000000000000, -1.000000000000000000, 0.000000000000000000 ) ) ;
#100 = ADVANCED_FACE ( 'NONE', ( #3758 ), #6701, .T. ) ;
#101 = AXIS2_PLACEMENT_3D ( 'NONE', #8920, #1347, #2862 ) ;
#102 = VERTEX_POINT ( 'NONE', #8168 ) ;
#103 = CYLINDRICAL_SURFACE ( 'NONE', #8260, 0.1249999999999996808 ) ;
#104 = DIRECTION ( 'NONE',  ( 0.000000000000000000, -1.000000000000000000, 0.000000000000000000 ) ) ;
#105 = DIRECTION ( 'NONE',  ( 0.000000000000000000, 1.000000000000000000, 0.000000000000000000 ) ) ;
#106 = EDGE_CURVE ( 'NONE', #4441, #8295, #9697, .T. ) ;
#107 = CARTESIAN_POINT ( 'NONE',  ( -1.725000000000000755, 0.6716990566028313570, -1.125000000000000444 ) ) ;
#108 = EDGE_LOOP ( 'NONE', ( #6953, #569, #7362, #888 ) ) ;
#109 = CARTESIAN_POINT ( 'NONE',  ( 0.8749999999999964473, 0.05000000000000000278, -2.759787348144913027E-15 ) ) ;
#110 = EDGE_CURVE ( 'NONE', #290, #3031, #6592, .T. ) ;
#111 = LINE ( 'NONE', #6920, #8514 ) ;
#112 = PLANE ( 'NONE',  #1176 ) ;
#113 = VECTOR ( 'NONE', #4553, 1000.000000000000000 ) ;
#114 = ADVANCED_FACE ( 'NONE', ( #5099 ), #7498, .T. ) ;
#115 =( LENGTH_UNIT ( ) NAMED_UNIT ( * ) SI_UNIT ( .MILLI., .METRE. ) );
#116 = ORIENTED_EDGE ( 'NONE', *, *, #6082, .T. ) ;
#117 = ORIENTED_EDGE ( 'NONE', *, *, #5740, .F. ) ;
#118 = VERTEX_POINT ( 'NONE', #9602 ) ;
#119 = CARTESIAN_POINT ( 'NONE',  ( -2.000000000000000000, 0.6716990566028313570, -1.124999999999999334 ) ) ;
#120 = ORIENTED_EDGE ( 'NONE', *, *, #5546, .F. ) ;
#121 = LINE ( 'NONE', #7728, #5097 ) ;
#122 = CARTESIAN_POINT ( 'NONE',  ( -1.374999999999999556, 0.2000000000000000111, 1.450000000000000178 ) ) ;
#123 = CARTESIAN_POINT ( 'NONE',  ( -1.606107883817426973, 0.6999999999999999556, -0.9464564315352734791 ) ) ;
#124 = CARTESIAN_POINT ( 'NONE',  ( 1.375000000000000444, 0.2000000000000000111, -1.225000000000000755 ) ) ;
#125 = AXIS2_PLACEMENT_3D ( 'NONE', #6354, #5573, #1301 ) ;
#126 = ORIENTED_EDGE ( 'NONE', *, *, #2643, .T. ) ;
#127 = LINE ( 'NONE', #950, #206 ) ;
#128 = EDGE_LOOP ( 'NONE', ( #943, #6732, #6647, #3717 ) ) ;
#129 = ORIENTED_EDGE ( 'NONE', *, *, #9220, .F. ) ;
#130 = CARTESIAN_POINT ( 'NONE',  ( -1.124999999999999778, 0.1999999999999999833, 1.225000000000000755 ) ) ;
#131 = PLANE ( 'NONE',  #9568 ) ;
#132 = CARTESIAN_POINT ( 'NONE',  ( -0.7499999999999993339, 0.04999999999999999584, 1.100000000000000977 ) ) ;
#133 = DIRECTION ( 'NONE',  ( 0.000000000000000000, -1.000000000000000000, 0.000000000000000000 ) ) ;
#134 = CARTESIAN_POINT ( 'NONE',  ( 1.950000000000002176, 0.1000000000000000056, -1.450000000000000622 ) ) ;
#135 = DIRECTION ( 'NONE',  ( -0.000000000000000000, -1.000000000000000000, -0.000000000000000000 ) ) ;
#136 = ORIENTED_EDGE ( 'NONE', *, *, #142, .F. ) ;
#137 = DIRECTION ( 'NONE',  ( -1.000000000000000000, 0.000000000000000000, 2.551063935260010491E-16 ) ) ;
#138 = ORIENTED_EDGE ( 'NONE', *, *, #2501, .T. ) ;
#139 = ORIENTED_EDGE ( 'NONE', *, *, #3693, .T. ) ;
#140 = ORIENTED_EDGE ( 'NONE', *, *, #8535, .T. ) ;
#141 = ADVANCED_FACE ( 'NONE', ( #8131 ), #3620, .T. ) ;
#142 = EDGE_CURVE ( 'NONE', #9126, #1086, #2945, .T. ) ;
#143 = DIRECTION ( 'NONE',  ( 1.000000000000000000, 0.000000000000000000, -0.000000000000000000 ) ) ;
#144 = DIRECTION ( 'NONE',  ( -1.000000000000000000, 0.000000000000000000, 0.000000000000000000 ) ) ;
#145 = DIRECTION ( 'NONE',  ( 0.000000000000000000, -0.000000000000000000, 1.000000000000000000 ) ) ;
#146 = DIRECTION ( 'NONE',  ( -3.154042683594198769E-15, 0.000000000000000000, 1.000000000000000000 ) ) ;
#147 = CARTESIAN_POINT ( 'NONE',  ( -1.725000000000001199, 0.000000000000000000, 0.9999999999999997780 ) ) ;
#148 = EDGE_CURVE ( 'NONE', #6775, #4661, #2205, .T. ) ;
#149 = EDGE_LOOP ( 'NONE', ( #8714, #8206, #777, #4561 ) ) ;
#150 = CARTESIAN_POINT ( 'NONE',  ( -1.725000000000000755, 0.6716990566028313570, -0.1250000000000003331 ) ) ;
#151 = ORIENTED_EDGE ( 'NONE', *, *, #2915, .F. ) ;
#152 = FACE_OUTER_BOUND ( 'NONE', #6433, .T. ) ;
#153 = EDGE_CURVE ( 'NONE', #1763, #8533, #5876, .T. ) ;
#154 = LINE ( 'NONE', #6823, #5538 ) ;
#155 = EDGE_CURVE ( 'NONE', #3462, #303, #5277, .T. ) ;
#156 = CARTESIAN_POINT ( 'NONE',  ( 1.950000000000002176, 0.1000000000000000056, 1.450000000000000178 ) ) ;
#157 = ORIENTED_EDGE ( 'NONE', *, *, #7856, .F. ) ;
#158 = LINE ( 'NONE', #7670, #3243 ) ;
#159 = LINE ( 'NONE', #264, #561 ) ;
#160 = VERTEX_POINT ( 'NONE', #2248 ) ;
#161 = VERTEX_POINT ( 'NONE', #8221 ) ;
#162 = DIRECTION ( 'NONE',  ( 0.000000000000000000, -0.000000000000000000, 1.000000000000000000 ) ) ;
#163 = ORIENTED_EDGE ( 'NONE', *, *, #1218, .T. ) ;
#164 = CARTESIAN_POINT ( 'NONE',  ( -1.950000000000001066, 0.6716990566028313570, 0.3750000000000007216 ) ) ;
#165 = EDGE_CURVE ( 'NONE', #1283, #7928, #8270, .T. ) ;
#166 = CARTESIAN_POINT ( 'NONE',  ( -0.1500000000000000222, 0.2000000000000000111, -0.8499999999999999778 ) ) ;
#167 = CARTESIAN_POINT ( 'NONE',  ( -0.6249999999999988898, 0.04999999999999969746, 1.450000000000000178 ) ) ;
#168 = AXIS2_PLACEMENT_3D ( 'NONE', #5671, #4989, #7087 ) ;
#169 = DIRECTION ( 'NONE',  ( 0.000000000000000000, 1.000000000000000000, 0.000000000000000000 ) ) ;
#170 = ORIENTED_EDGE ( 'NONE', *, *, #8275, .T. ) ;
#171 = CARTESIAN_POINT ( 'NONE',  ( -0.3749999999999993894, 0.000000000000000000, -1.450000000000000622 ) ) ;
#172 = DIRECTION ( 'NONE',  ( 1.000000000000000000, 0.000000000000000000, 7.885106708985511714E-16 ) ) ;
#173 = VERTEX_POINT ( 'NONE', #7397 ) ;
#174 = DIRECTION ( 'NONE',  ( -0.000000000000000000, -1.000000000000000000, -0.000000000000000000 ) ) ;
#175 = ORIENTED_EDGE ( 'NONE', *, *, #5944, .T. ) ;
#176 = VERTEX_POINT ( 'NONE', #762 ) ;
#177 = DIRECTION ( 'NONE',  ( -0.000000000000000000, -1.000000000000000000, -0.000000000000000000 ) ) ;
#178 = FILL_AREA_STYLE_COLOUR ( '', #9415 ) ;
#179 = FACE_OUTER_BOUND ( 'NONE', #214, .T. ) ;
#180 = SURFACE_STYLE_USAGE ( .BOTH. , #7688 ) ;
#181 = PLANE ( 'NONE',  #8936 ) ;
#182 = CARTESIAN_POINT ( 'NONE',  ( 1.375000000000000444, 0.6716990566028301357, -1.225000000000000755 ) ) ;
#183 = VECTOR ( 'NONE', #3948, 1000.000000000000000 ) ;
#184 = ORIENTED_EDGE ( 'NONE', *, *, #7426, .F. ) ;
#185 = DIRECTION ( 'NONE',  ( 0.000000000000000000, 1.000000000000000000, 0.000000000000000000 ) ) ;
#186 = ADVANCED_FACE ( 'NONE', ( #667 ), #6746, .F. ) ;
#187 = VERTEX_POINT ( 'NONE', #9655 ) ;
#188 = ORIENTED_EDGE ( 'NONE', *, *, #8989, .F. ) ;
#189 = ORIENTED_EDGE ( 'NONE', *, *, #4188, .T. ) ;
#190 = VECTOR ( 'NONE', #7908, 1000.000000000000000 ) ;
#191 = VECTOR ( 'NONE', #4916, 1000.000000000000000 ) ;
#192 = CARTESIAN_POINT ( 'NONE',  ( -0.3749999999999994449, 0.6716990566028301357, -1.500000000000000444 ) ) ;
#193 = DIRECTION ( 'NONE',  ( -3.469446951953617739E-15, 0.000000000000000000, -1.000000000000000000 ) ) ;
#194 = CYLINDRICAL_SURFACE ( 'NONE', #6385, 0.1250000000000001110 ) ;
#195 = DIRECTION ( 'NONE',  ( -0.000000000000000000, -1.000000000000000000, -0.000000000000000000 ) ) ;
#196 = VECTOR ( 'NONE', #4398, 1000.000000000000000 ) ;
#197 = ORIENTED_EDGE ( 'NONE', *, *, #979, .T. ) ;
#198 = CARTESIAN_POINT ( 'NONE',  ( -1.725000000000000755, 0.000000000000000000, 0.6250000000000006661 ) ) ;
#199 = EDGE_CURVE ( 'NONE', #2942, #9419, #5921, .T. ) ;
#200 = DIRECTION ( 'NONE',  ( 1.000000000000000000, -0.000000000000000000, -0.000000000000000000 ) ) ;
#201 = CARTESIAN_POINT ( 'NONE',  ( -0.6249999999999988898, 0.1000000000000000056, 1.450000000000000178 ) ) ;
#202 = ORIENTED_EDGE ( 'NONE', *, *, #2570, .T. ) ;
#203 = ORIENTED_EDGE ( 'NONE', *, *, #3167, .F. ) ;
#205 = EDGE_CURVE ( 'NONE', #1064, #1543, #7537, .T. ) ;
#204 = CARTESIAN_POINT ( 'NONE',  ( -1.349999999999999867, 2.280865204668480750, -0.8499999999999999778 ) ) ;
#206 = VECTOR ( 'NONE', #6098, 1000.000000000000000 ) ;
#207 = EDGE_CURVE ( 'NONE', #102, #9547, #6793, .T. ) ;
#208 = FILL_AREA_STYLE ('',( #8390 ) ) ;
#209 = ADVANCED_FACE ( 'NONE', ( #6055 ), #7356, .F. ) ;
#210 = AXIS2_PLACEMENT_3D ( 'NONE', #1959, #8516, #1817 ) ;
#211 = ORIENTED_EDGE ( 'NONE', *, *, #4668, .F. ) ;
#212 = DIRECTION ( 'NONE',  ( -0.000000000000000000, -1.000000000000000000, -0.000000000000000000 ) ) ;
#213 = DIRECTION ( 'NONE',  ( 0.000000000000000000, -1.000000000000000000, 0.000000000000000000 ) ) ;
#214 = EDGE_LOOP ( 'NONE', ( #237, #7914, #644, #2120, #3170, #1713 ) ) ;
#215 = AXIS2_PLACEMENT_3D ( 'NONE', #5469, #6292, #2428 ) ;
#216 = DIRECTION ( 'NONE',  ( -0.000000000000000000, -1.000000000000000000, -0.000000000000000000 ) ) ;
#217 = ORIENTED_EDGE ( 'NONE', *, *, #3353, .T. ) ;
#218 = DIRECTION ( 'NONE',  ( -0.000000000000000000, -1.000000000000000000, -0.000000000000000000 ) ) ;
#219 = ADVANCED_FACE ( 'NONE', ( #7585 ), #6895, .F. ) ;
#220 = DIRECTION ( 'NONE',  ( 0.000000000000000000, 1.000000000000000000, 0.000000000000000000 ) ) ;
#221 = ADVANCED_FACE ( 'NONE', ( #8458 ), #3232, .T. ) ;
#222 = FACE_OUTER_BOUND ( 'NONE', #1933, .T. ) ;
#223 = DIRECTION ( 'NONE',  ( 1.577021341797097018E-15, 0.000000000000000000, -1.000000000000000000 ) ) ;
#224 = VECTOR ( 'NONE', #5339, 1000.000000000000000 ) ;
#225 = ORIENTED_EDGE ( 'NONE', *, *, #3643, .F. ) ;
#226 = LINE ( 'NONE', #5421, #4129 ) ;
#227 = EDGE_CURVE ( 'NONE', #3896, #5822, #8357, .T. ) ;
#228 = ORIENTED_EDGE ( 'NONE', *, *, #3466, .F. ) ;
#229 = ORIENTED_EDGE ( 'NONE', *, *, #6813, .F. ) ;
#230 = AXIS2_PLACEMENT_3D ( 'NONE', #8831, #5759, #1441 ) ;
#231 = CARTESIAN_POINT ( 'NONE',  ( 1.725000000000000755, 0.000000000000000000, 0.6250000000000006661 ) ) ;
#232 = EDGE_CURVE ( 'NONE', #5857, #4696, #1749, .T. ) ;
#233 = COLOUR_RGB ( '',0.7921568627450980005, 0.8196078431372548767, 0.9333333333333333481 ) ;
#234 = CARTESIAN_POINT ( 'NONE',  ( 0.6000000000000000888, 0.04999999999999999584, 0.8499999999999997558 ) ) ;
#235 = ADVANCED_FACE ( 'NONE', ( #3179 ), #5428, .T. ) ;
#236 = CARTESIAN_POINT ( 'NONE',  ( -2.000000000000000000, 0.2000000000000000944, -0.1249999999999992506 ) ) ;
#237 = ORIENTED_EDGE ( 'NONE', *, *, #7529, .F. ) ;
#238 = PLANE ( 'NONE',  #30 ) ;
#239 = VECTOR ( 'NONE', #2367, 1000.000000000000000 ) ;
#240 = ORIENTED_EDGE ( 'NONE', *, *, #1729, .F. ) ;
#241 = AXIS2_PLACEMENT_3D ( 'NONE', #2106, #2237, #1451 ) ;
#242 = ORIENTED_EDGE ( 'NONE', *, *, #6026, .T. ) ;
#243 = DIRECTION ( 'NONE',  ( 0.000000000000000000, 1.000000000000000000, 0.000000000000000000 ) ) ;
#244 = CARTESIAN_POINT ( 'NONE',  ( -1.950000000000001066, 0.05000000000000000278, 0.000000000000000000 ) ) ;
#245 = EDGE_LOOP ( 'NONE', ( #2522, #8544, #9323, #7816 ) ) ;
#246 = DIRECTION ( 'NONE',  ( 1.000000000000000000, 0.000000000000000000, -3.942553354492743531E-16 ) ) ;
#247 = UNCERTAINTY_MEASURE_WITH_UNIT (LENGTH_MEASURE( 1.000000000000000082E-05 ), #9229, 'distance_accuracy_value', 'NONE');
#248 = DIRECTION ( 'NONE',  ( 0.000000000000000000, 1.000000000000000000, -0.000000000000000000 ) ) ;
#249 = DIRECTION ( 'NONE',  ( -1.000000000000000000, 0.000000000000000000, -3.942553354492743531E-16 ) ) ;
#250 = ORIENTED_EDGE ( 'NONE', *, *, #679, .T. ) ;
#251 = LINE ( 'NONE', #198, #224 ) ;
#252 = VECTOR ( 'NONE', #5937, 1000.000000000000000 ) ;
#253 = PLANE ( 'NONE',  #1989 ) ;
#254 = VECTOR ( 'NONE', #1767, 1000.000000000000000 ) ;
#255 = ORIENTED_EDGE ( 'NONE', *, *, #6527, .T. ) ;
#256 = LINE ( 'NONE', #3203, #239 ) ;
#257 = ORIENTED_EDGE ( 'NONE', *, *, #345, .T. ) ;
#258 = FACE_OUTER_BOUND ( 'NONE', #4216, .T. ) ;
#259 = CARTESIAN_POINT ( 'NONE',  ( -0.6249999999999987788, 0.2000000000000000111, 1.500000000000000444 ) ) ;
#260 = VECTOR ( 'NONE', #6342, 1000.000000000000000 ) ;
#261 = SHAPE_DEFINITION_REPRESENTATION ( #4785, #3627 ) ;
#262 = ORIENTED_EDGE ( 'NONE', *, *, #1863, .F. ) ;
#263 = DIRECTION ( 'NONE',  ( 3.154042683594198769E-15, 0.000000000000000000, -1.000000000000000000 ) ) ;
#264 = CARTESIAN_POINT ( 'NONE',  ( -0.1500000000000000222, 0.2000000000000000111, -0.8499999999999999778 ) ) ;
#265 = ORIENTED_EDGE ( 'NONE', *, *, #4755, .F. ) ;
#266 = AXIS2_PLACEMENT_3D ( 'NONE', #1250, #1201, #7230 ) ;
#267 = DIRECTION ( 'NONE',  ( -0.000000000000000000, 1.000000000000000000, 0.000000000000000000 ) ) ;
#268 = EDGE_LOOP ( 'NONE', ( #1350, #7073, #7207, #4205 ) ) ;
#269 = DIRECTION ( 'NONE',  ( 0.000000000000000000, 0.000000000000000000, -1.000000000000000000 ) ) ;
#270 = CARTESIAN_POINT ( 'NONE',  ( -1.950000000000001066, 0.000000000000000000, -0.8749999999999993339 ) ) ;
#271 = ADVANCED_FACE ( 'NONE', ( #3898 ), #8311, .T. ) ;
#272 = LINE ( 'NONE', #3936, #5228 ) ;
#273 = ADVANCED_FACE ( 'NONE', ( #2489 ), #131, .F. ) ;
#274 = DIRECTION ( 'NONE',  ( 0.000000000000000000, -1.000000000000000000, 0.000000000000000000 ) ) ;
#275 = ORIENTED_EDGE ( 'NONE', *, *, #2487, .T. ) ;
#276 = CARTESIAN_POINT ( 'NONE',  ( -1.374999999999999556, 0.04999999999999999584, 1.450000000000000178 ) ) ;
#277 = CARTESIAN_POINT ( 'NONE',  ( 1.950000000000002176, 0.000000000000000000, -1.450000000000000622 ) ) ;
#278 = EDGE_CURVE ( 'NONE', #7259, #9014, #5376, .T. ) ;
#279 = EDGE_LOOP ( 'NONE', ( #3455, #6314, #8433, #9307 ) ) ;
#280 = ORIENTED_EDGE ( 'NONE', *, *, #6218, .T. ) ;
#281 = EDGE_LOOP ( 'NONE', ( #9181, #9585, #1689, #5555 ) ) ;
#282 = DIRECTION ( 'NONE',  ( 0.000000000000000000, -0.000000000000000000, -1.000000000000000000 ) ) ;
#283 = MANIFOLD_SOLID_BREP ( 'Cut-Extrude7[9]', #4531 ) ;
#284 = DIRECTION ( 'NONE',  ( 1.000000000000000000, 0.000000000000000000, -0.000000000000000000 ) ) ;
#285 = AXIS2_PLACEMENT_3D ( 'NONE', #6717, #3055, #824 ) ;
#286 = DIRECTION ( 'NONE',  ( -0.000000000000000000, -0.000000000000000000, -1.000000000000000000 ) ) ;
#287 = EDGE_CURVE ( 'NONE', #7601, #8098, #4059, .T. ) ;
#288 = CARTESIAN_POINT ( 'NONE',  ( 0.000000000000000000, 0.1000000000000000056, 0.000000000000000000 ) ) ;
#289 = CARTESIAN_POINT ( 'NONE',  ( -0.1249999999999988065, 0.1999999999999999833, 1.500000000000000444 ) ) ;
#290 = VERTEX_POINT ( 'NONE', #3327 ) ;
#291 = DIRECTION ( 'NONE',  ( 0.000000000000000000, -0.000000000000000000, -1.000000000000000000 ) ) ;
#292 = AXIS2_PLACEMENT_3D ( 'NONE', #1109, #2639, #4882 ) ;
#293 = EDGE_CURVE ( 'NONE', #1564, #7482, #6942, .T. ) ;
#294 = CARTESIAN_POINT ( 'NONE',  ( 1.375000000000000444, 0.1999999999999999833, -1.225000000000000755 ) ) ;
#295 = ORIENTED_EDGE ( 'NONE', *, *, #7171, .T. ) ;
#296 = VERTEX_POINT ( 'NONE', #5322 ) ;
#297 = EDGE_CURVE ( 'NONE', #2533, #3288, #4599, .T. ) ;
#298 = LINE ( 'NONE', #244, #6429 ) ;
#299 = ORIENTED_EDGE ( 'NONE', *, *, #4316, .T. ) ;
#300 = EDGE_CURVE ( 'NONE', #1681, #6970, #3512, .T. ) ;
#301 = LINE ( 'NONE', #9371, #8369 ) ;
#302 = CARTESIAN_POINT ( 'NONE',  ( 1.349999999999999645, 0.2000000000000000111, -0.8500000000000001998 ) ) ;
#303 = VERTEX_POINT ( 'NONE', #8703 ) ;
#304 = EDGE_CURVE ( 'NONE', #326, #1557, #4885, .T. ) ;
#305 = CLOSED_SHELL ( 'NONE', ( #935, #1242, #5375, #8409, #4828, #1778, #8246, #402, #4970 ) ) ;
#306 = FILL_AREA_STYLE_COLOUR ( '', #2762 ) ;
#307 = ORIENTED_EDGE ( 'NONE', *, *, #1548, .T. ) ;
#308 = ORIENTED_EDGE ( 'NONE', *, *, #9383, .F. ) ;
#309 = DIRECTION ( 'NONE',  ( 0.000000000000000000, -1.000000000000000000, 0.000000000000000000 ) ) ;
#310 = PLANE ( 'NONE',  #7762 ) ;
#311 = MANIFOLD_SOLID_BREP ( 'Boss-Extrude4', #3441 ) ;
#312 = ADVANCED_FACE ( 'NONE', ( #5768 ), #512, .F. ) ;
#313 = FACE_OUTER_BOUND ( 'NONE', #6114, .T. ) ;
#314 = EDGE_LOOP ( 'NONE', ( #6603, #469, #3176, #2749 ) ) ;
#315 = VERTEX_POINT ( 'NONE', #8653 ) ;
#316 = ORIENTED_EDGE ( 'NONE', *, *, #4199, .F. ) ;
#317 = FILL_AREA_STYLE_COLOUR ( '', #2442 ) ;
#318 = PLANE ( 'NONE',  #5698 ) ;
#319 = FILL_AREA_STYLE ('',( #1206 ) ) ;
#320 = LINE ( 'NONE', #7732, #4768 ) ;
#321 = FACE_OUTER_BOUND ( 'NONE', #2658, .T. ) ;
#322 = PLANE ( 'NONE',  #4341 ) ;
#323 = CARTESIAN_POINT ( 'NONE',  ( -0.1500000000000000222, 0.04999999999999999584, 0.8499999999999999778 ) ) ;
#324 = ORIENTED_EDGE ( 'NONE', *, *, #611, .F. ) ;
#325 = EDGE_CURVE ( 'NONE', #7512, #1686, #5622, .T. ) ;
#326 = VERTEX_POINT ( 'NONE', #9498 ) ;
#327 = VERTEX_POINT ( 'NONE', #4107 ) ;
#328 = DIRECTION ( 'NONE',  ( 1.577021341797097215E-15, 0.000000000000000000, -1.000000000000000000 ) ) ;
#329 = MANIFOLD_SOLID_BREP ( 'Cut-Extrude7[20]', #7667 ) ;
#330 = DIRECTION ( 'NONE',  ( 1.000000000000000000, 0.000000000000000000, -0.000000000000000000 ) ) ;
#331 = VECTOR ( 'NONE', #856, 1000.000000000000000 ) ;
#332 = LINE ( 'NONE', #5525, #3189 ) ;
#333 = EDGE_CURVE ( 'NONE', #586, #5165, #2644, .T. ) ;
#334 = LINE ( 'NONE', #3332, #6945 ) ;
#335 = DIRECTION ( 'NONE',  ( 0.000000000000000000, 0.000000000000000000, -1.000000000000000000 ) ) ;
#336 = VERTEX_POINT ( 'NONE', #1267 ) ;
#337 = DIRECTION ( 'NONE',  ( 1.000000000000000000, 0.000000000000000000, -1.084202172485504681E-16 ) ) ;
#338 = ORIENTED_EDGE ( 'NONE', *, *, #7112, .T. ) ;
#339 = EDGE_CURVE ( 'NONE', #1098, #2829, #3427, .T. ) ;
#340 = EDGE_CURVE ( 'NONE', #2189, #2711, #1544, .T. ) ;
#341 = DIRECTION ( 'NONE',  ( -0.000000000000000000, -1.000000000000000000, 0.000000000000000000 ) ) ;
#342 = DIRECTION ( 'NONE',  ( 0.000000000000000000, 1.000000000000000000, 0.000000000000000000 ) ) ;
#343 = ORIENTED_EDGE ( 'NONE', *, *, #9127, .T. ) ;
#344 = CARTESIAN_POINT ( 'NONE',  ( -1.950000000000001066, 0.1000000000000000056, -1.450000000000000622 ) ) ;
#345 = EDGE_CURVE ( 'NONE', #7374, #6900, #7486, .T. ) ;
#346 = DIRECTION ( 'NONE',  ( 0.000000000000000000, 0.000000000000000000, 1.000000000000000000 ) ) ;
#347 = CARTESIAN_POINT ( 'NONE',  ( -0.1249999999999996808, 0.04999999999999999584, 1.225000000000000755 ) ) ;
#348 = VERTEX_POINT ( 'NONE', #8525 ) ;
#349 = EDGE_CURVE ( 'NONE', #2286, #5221, #5539, .T. ) ;
#350 = VECTOR ( 'NONE', #4419, 1000.000000000000000 ) ;
#351 = DIRECTION ( 'NONE',  ( 0.000000000000000000, -1.000000000000000000, 0.000000000000000000 ) ) ;
#352 = ORIENTED_EDGE ( 'NONE', *, *, #6567, .F. ) ;
#353 = ORIENTED_EDGE ( 'NONE', *, *, #928, .T. ) ;
#354 = CARTESIAN_POINT ( 'NONE',  ( -0.3749999999999970579, 0.05000000000000000278, 5.913830031739068211E-16 ) ) ;
#355 = DIRECTION ( 'NONE',  ( 1.000000000000000000, 0.000000000000000000, 7.885106708985511714E-16 ) ) ;
#356 = VECTOR ( 'NONE', #3813, 1000.000000000000000 ) ;
#357 = DIRECTION ( 'NONE',  ( 0.000000000000000000, -0.000000000000000000, -1.000000000000000000 ) ) ;
#358 = AXIS2_PLACEMENT_3D ( 'NONE', #5003, #1379, #4364 ) ;
#359 = ORIENTED_EDGE ( 'NONE', *, *, #6149, .T. ) ;
#360 = DIRECTION ( 'NONE',  ( 1.577021341797097215E-15, 0.000000000000000000, -1.000000000000000000 ) ) ;
#361 = PLANE ( 'NONE',  #6783 ) ;
#362 = ORIENTED_EDGE ( 'NONE', *, *, #17, .F. ) ;
#363 = AXIS2_PLACEMENT_3D ( 'NONE', #9454, #1123, #1077 ) ;
#364 = EDGE_LOOP ( 'NONE', ( #7028, #1249, #366, #1036 ) ) ;
#365 = VECTOR ( 'NONE', #7589, 1000.000000000000000 ) ;
#366 = ORIENTED_EDGE ( 'NONE', *, *, #7240, .T. ) ;
#367 = CARTESIAN_POINT ( 'NONE',  ( 1.950000000000002176, 0.1000000000000000056, -1.450000000000000622 ) ) ;
#368 = DIRECTION ( 'NONE',  ( 0.000000000000000000, -0.000000000000000000, -1.000000000000000000 ) ) ;
#369 = VECTOR ( 'NONE', #2683, 1000.000000000000000 ) ;
#370 = LINE ( 'NONE', #1108, #3660 ) ;
#371 = PLANE ( 'NONE',  #9680 ) ;
#372 = STYLED_ITEM ( 'NONE', ( #3074 ), #861 ) ;
#373 = ORIENTED_EDGE ( 'NONE', *, *, #4664, .T. ) ;
#374 = ORIENTED_EDGE ( 'NONE', *, *, #6819, .F. ) ;
#375 = FACE_OUTER_BOUND ( 'NONE', #8588, .T. ) ;
#376 = CARTESIAN_POINT ( 'NONE',  ( -2.000000000000000888, 6.599999999999999645, 1.500000000000000000 ) ) ;
#377 = PLANE ( 'NONE',  #4820 ) ;
#378 = FILL_AREA_STYLE_COLOUR ( '', #4756 ) ;
#379 = CIRCLE ( 'NONE', #5700, 0.1249999999999996808 ) ;
#380 = CARTESIAN_POINT ( 'NONE',  ( -1.249999999999999334, 0.2000000000000000111, 1.225000000000000533 ) ) ;
#381 = CARTESIAN_POINT ( 'NONE',  ( 0.6250000000000005551, 0.1000000000000000056, 1.500000000000000444 ) ) ;
#382 = ORIENTED_EDGE ( 'NONE', *, *, #4909, .F. ) ;
#383 = DIRECTION ( 'NONE',  ( 0.000000000000000000, 1.000000000000000000, 0.000000000000000000 ) ) ;
#384 = ORIENTED_EDGE ( 'NONE', *, *, #3631, .F. ) ;
#385 = ORIENTED_EDGE ( 'NONE', *, *, #2954, .T. ) ;
#386 = VECTOR ( 'NONE', #177, 1000.000000000000000 ) ;
#387 = LINE ( 'NONE', #4526, #1438 ) ;
#388 = ORIENTED_EDGE ( 'NONE', *, *, #5860, .F. ) ;
#389 = CARTESIAN_POINT ( 'NONE',  ( -1.950000000000001066, 0.000000000000000000, 0.1250000000000007494 ) ) ;
#390 = ADVANCED_FACE ( 'NONE', ( #8580 ), #7854, .F. ) ;
#391 = EDGE_CURVE ( 'NONE', #6752, #7281, #1131, .T. ) ;
#392 = AXIS2_PLACEMENT_3D ( 'NONE', #8341, #3887, #3124 ) ;
#393 = DIRECTION ( 'NONE',  ( -0.000000000000000000, -1.000000000000000000, -0.000000000000000000 ) ) ;
#394 = AXIS2_PLACEMENT_3D ( 'NONE', #3300, #9319, #1879 ) ;
#395 = CARTESIAN_POINT ( 'NONE',  ( -1.950000000000001066, 0.1000000000000000056, -1.450000000000000622 ) ) ;
#396 = ORIENTED_EDGE ( 'NONE', *, *, #5110, .F. ) ;
#397 = VECTOR ( 'NONE', #5980, 1000.000000000000000 ) ;
#398 = EDGE_LOOP ( 'NONE', ( #8468, #3070, #640, #6165 ) ) ;
#399 = VERTEX_POINT ( 'NONE', #1827 ) ;
#400 = PLANE ( 'NONE',  #5201 ) ;
#401 = PLANE ( 'NONE',  #3822 ) ;
#402 = ADVANCED_FACE ( 'NONE', ( #4122 ), #3343, .T. ) ;
#403 = CARTESIAN_POINT ( 'NONE',  ( -1.249999999999999334, 0.6716990566028301357, 1.100000000000000977 ) ) ;
#404 = STYLED_ITEM ( 'NONE', ( #3451 ), #7234 ) ;
#405 = VECTOR ( 'NONE', #4667, 1000.000000000000000 ) ;
#406 = EDGE_CURVE ( 'NONE', #1360, #6753, #298, .T. ) ;
#407 = ORIENTED_EDGE ( 'NONE', *, *, #5496, .F. ) ;
#408 = LINE ( 'NONE', #3410, #4335 ) ;
#409 = EDGE_CURVE ( 'NONE', #7637, #8454, #9314, .T. ) ;
#410 = CARTESIAN_POINT ( 'NONE',  ( 1.950000000000002176, 0.000000000000000000, -1.450000000000000622 ) ) ;
#411 = VERTEX_POINT ( 'NONE', #5590 ) ;
#412 = LINE ( 'NONE', #3415, #4162 ) ;
#413 = SURFACE_SIDE_STYLE ('',( #1741 ) ) ;
#414 = VECTOR ( 'NONE', #9683, 1000.000000000000000 ) ;
#415 = FACE_OUTER_BOUND ( 'NONE', #2615, .T. ) ;
#416 = ORIENTED_EDGE ( 'NONE', *, *, #9011, .T. ) ;
#417 = EDGE_CURVE ( 'NONE', #3600, #6936, #1762, .T. ) ;
#418 = FACE_OUTER_BOUND ( 'NONE', #6235, .T. ) ;
#419 = LINE ( 'NONE', #2586, #6160 ) ;
#420 = PLANE ( 'NONE',  #292 ) ;
#421 = AXIS2_PLACEMENT_3D ( 'NONE', #2347, #3632, #3543 ) ;
#422 = CARTESIAN_POINT ( 'NONE',  ( 0.000000000000000000, 0.1000000000000000056, 0.000000000000000000 ) ) ;
#423 = ORIENTED_EDGE ( 'NONE', *, *, #3976, .F. ) ;
#424 = ORIENTED_EDGE ( 'NONE', *, *, #2871, .F. ) ;
#425 = FACE_OUTER_BOUND ( 'NONE', #7581, .T. ) ;
#426 = DIRECTION ( 'NONE',  ( 1.000000000000000000, 0.000000000000000000, -0.000000000000000000 ) ) ;
#427 = AXIS2_PLACEMENT_3D ( 'NONE', #1794, #8445, #3316 ) ;
#428 = LINE ( 'NONE', #9403, #8811 ) ;
#429 = DIRECTION ( 'NONE',  ( -1.000000000000000000, 0.000000000000000000, 1.084202172485504681E-16 ) ) ;
#430 = VERTEX_POINT ( 'NONE', #4814 ) ;
#431 = DIRECTION ( 'NONE',  ( 0.000000000000000000, 1.000000000000000000, 0.000000000000000000 ) ) ;
#432 = CARTESIAN_POINT ( 'NONE',  ( 2.000000000000000000, 0.1999999999999999833, -0.6249999999999992228 ) ) ;
#433 = EDGE_LOOP ( 'NONE', ( #9287, #759, #6195, #9706, #5425, #61 ) ) ;
#434 = VERTEX_POINT ( 'NONE', #6272 ) ;
#435 = VECTOR ( 'NONE', #8519, 1000.000000000000000 ) ;
#436 = DIRECTION ( 'NONE',  ( 0.000000000000000000, -1.000000000000000000, 0.000000000000000000 ) ) ;
#437 = DIRECTION ( 'NONE',  ( -0.000000000000000000, -1.000000000000000000, -0.000000000000000000 ) ) ;
#438 = ORIENTED_EDGE ( 'NONE', *, *, #8123, .F. ) ;
#439 = CARTESIAN_POINT ( 'NONE',  ( 0.000000000000000000, 0.1000000000000000056, 0.000000000000000000 ) ) ;
#440 = AXIS2_PLACEMENT_3D ( 'NONE', #5208, #9584, #1538 ) ;
#441 = PLANE ( 'NONE',  #1814 ) ;
#442 = CARTESIAN_POINT ( 'NONE',  ( -0.1249999999999988065, 0.6716990566028301357, -1.500000000000000444 ) ) ;
#443 = ADVANCED_FACE ( 'NONE', ( #7058 ), #7698, .F. ) ;
#444 = ORIENTED_EDGE ( 'NONE', *, *, #3692, .F. ) ;
#445 = FACE_OUTER_BOUND ( 'NONE', #4706, .T. ) ;
#446 = CARTESIAN_POINT ( 'NONE',  ( 1.999999999999999112, 0.1000000000000002554, -1.500000000000000444 ) ) ;
#447 = EDGE_CURVE ( 'NONE', #3293, #6065, #51, .T. ) ;
#448 = ORIENTED_EDGE ( 'NONE', *, *, #1129, .F. ) ;
#449 = ADVANCED_FACE ( 'NONE', ( #2551 ), #9368, .F. ) ;
#450 = EDGE_CURVE ( 'NONE', #4607, #9267, #1536, .T. ) ;
#451 = DIRECTION ( 'NONE',  ( -0.000000000000000000, -1.000000000000000000, -0.000000000000000000 ) ) ;
#452 = DIRECTION ( 'NONE',  ( 0.000000000000000000, 1.000000000000000000, 0.000000000000000000 ) ) ;
#453 = DIRECTION ( 'NONE',  ( -1.000000000000000000, 0.000000000000000000, -7.885106708985509741E-16 ) ) ;
#454 = ORIENTED_EDGE ( 'NONE', *, *, #7966, .F. ) ;
#455 = DIRECTION ( 'NONE',  ( 0.000000000000000000, 0.000000000000000000, -1.000000000000000000 ) ) ;
#456 = VECTOR ( 'NONE', #3719, 1000.000000000000000 ) ;
#457 = ORIENTED_EDGE ( 'NONE', *, *, #2928, .T. ) ;
#458 = ADVANCED_FACE ( 'NONE', ( #1085 ), #4074, .T. ) ;
#459 = CARTESIAN_POINT ( 'NONE',  ( -0.1249999999999988065, 0.2000000000000000111, 1.500000000000000444 ) ) ;
#460 = CARTESIAN_POINT ( 'NONE',  ( 1.250000000000000666, 0.2000000000000000111, -1.225000000000000533 ) ) ;
#461 = PLANE ( 'NONE',  #7103 ) ;
#462 = CARTESIAN_POINT ( 'NONE',  ( 1.125000000000000666, 0.6716990566028301357, -1.450000000000000622 ) ) ;
#463 = CARTESIAN_POINT ( 'NONE',  ( 2.000000000000000888, 0.1000000000000000472, 1.125000000000000666 ) ) ;
#464 = ORIENTED_EDGE ( 'NONE', *, *, #5453, .T. ) ;
#465 = EDGE_CURVE ( 'NONE', #6290, #6065, #1876, .T. ) ;
#466 = PLANE ( 'NONE',  #5825 ) ;
#467 = SURFACE_STYLE_FILL_AREA ( #2936 ) ;
#468 = LINE ( 'NONE', #4995, #3865 ) ;
#469 = ORIENTED_EDGE ( 'NONE', *, *, #6348, .T. ) ;
#470 = FACE_OUTER_BOUND ( 'NONE', #4876, .T. ) ;
#471 = VERTEX_POINT ( 'NONE', #6769 ) ;
#472 = DIRECTION ( 'NONE',  ( 3.154042683594199163E-15, -0.000000000000000000, 1.000000000000000000 ) ) ;
#473 = VERTEX_POINT ( 'NONE', #7106 ) ;
#474 = CARTESIAN_POINT ( 'NONE',  ( -1.249999999999999334, 0.000000000000000000, 1.100000000000000977 ) ) ;
#475 = CARTESIAN_POINT ( 'NONE',  ( -0.2499999999999993616, 0.2000000000000000111, -1.225000000000000533 ) ) ;
#476 = PLANE ( 'NONE',  #9280 ) ;
#477 = ORIENTED_EDGE ( 'NONE', *, *, #2210, .F. ) ;
#478 = CARTESIAN_POINT ( 'NONE',  ( -0.8749999999999993339, 0.6716990566028301357, -1.450000000000000622 ) ) ;
#479 = FACE_OUTER_BOUND ( 'NONE', #6601, .T. ) ;
#480 = EDGE_CURVE ( 'NONE', #3703, #7534, #387, .T. ) ;
#481 = DIRECTION ( 'NONE',  ( -1.000000000000000000, 0.000000000000000000, 0.000000000000000000 ) ) ;
#482 = DIRECTION ( 'NONE',  ( 0.000000000000000000, 0.000000000000000000, -1.000000000000000000 ) ) ;
#483 = ORIENTED_EDGE ( 'NONE', *, *, #9205, .F. ) ;
#484 = ORIENTED_EDGE ( 'NONE', *, *, #300, .F. ) ;
#485 = DIRECTION ( 'NONE',  ( -1.000000000000000000, 0.000000000000000000, -0.000000000000000000 ) ) ;
#486 = DIRECTION ( 'NONE',  ( -0.000000000000000000, 0.000000000000000000, -1.000000000000000000 ) ) ;
#487 = EDGE_CURVE ( 'NONE', #7281, #8877, #778, .T. ) ;
#488 = VECTOR ( 'NONE', #6059, 1000.000000000000000 ) ;
#489 = ORIENTED_EDGE ( 'NONE', *, *, #7477, .F. ) ;
#490 = VECTOR ( 'NONE', #3591, 1000.000000000000000 ) ;
#491 = FACE_OUTER_BOUND ( 'NONE', #2221, .T. ) ;
#492 = DIRECTION ( 'NONE',  ( -3.469446951953611033E-15, 0.000000000000000000, 1.000000000000000000 ) ) ;
#493 = EDGE_CURVE ( 'NONE', #8062, #3600, #965, .T. ) ;
#494 = DIRECTION ( 'NONE',  ( 1.000000000000000000, 0.000000000000000000, 1.577021341797097215E-15 ) ) ;
#495 = CARTESIAN_POINT ( 'NONE',  ( 1.725000000000000755, 0.6716990566028312459, 0.8749999999999994449 ) ) ;
#496 = ORIENTED_EDGE ( 'NONE', *, *, #2282, .T. ) ;
#497 = CARTESIAN_POINT ( 'NONE',  ( 1.725000000000000755, 0.1000000000000000472, 0.1250000000000006661 ) ) ;
#498 = CARTESIAN_POINT ( 'NONE',  ( -2.000000000000000000, 0.2000000000000000944, 0.8750000000000007772 ) ) ;
#499 = CARTESIAN_POINT ( 'NONE',  ( -2.000000000000000888, 0.6716990566028313570, -0.3749999999999994449 ) ) ;
#500 = VECTOR ( 'NONE', #4558, 1000.000000000000000 ) ;
#501 = ORIENTED_EDGE ( 'NONE', *, *, #8780, .F. ) ;
#502 = EDGE_CURVE ( 'NONE', #5167, #5833, #8759, .T. ) ;
#503 = EDGE_CURVE ( 'NONE', #7335, #6273, #5821, .T. ) ;
#504 = DIRECTION ( 'NONE',  ( -0.000000000000000000, -1.000000000000000000, -0.000000000000000000 ) ) ;
#505 = DIRECTION ( 'NONE',  ( 1.000000000000000000, 0.000000000000000000, -0.000000000000000000 ) ) ;
#506 = DIRECTION ( 'NONE',  ( -1.000000000000000000, 0.000000000000000000, 3.154042683594198769E-15 ) ) ;
#507 = AXIS2_PLACEMENT_3D ( 'NONE', #6148, #9140, #6050 ) ;
#508 = PLANE ( 'NONE',  #4805 ) ;
#509 = ORIENTED_EDGE ( 'NONE', *, *, #4604, .T. ) ;
#510 = ORIENTED_EDGE ( 'NONE', *, *, #3643, .T. ) ;
#511 = EDGE_CURVE ( 'NONE', #8507, #63, #5183, .T. ) ;
#512 = PLANE ( 'NONE',  #168 ) ;
#513 = SURFACE_SIDE_STYLE ('',( #4938 ) ) ;
#514 = CARTESIAN_POINT ( 'NONE',  ( -1.725000000000001199, 0.6716990566028313570, 0.4999999999999997780 ) ) ;
#515 = VECTOR ( 'NONE', #3137, 1000.000000000000000 ) ;
#516 = EDGE_CURVE ( 'NONE', #634, #9256, #9515, .T. ) ;
#517 = STYLED_ITEM ( 'NONE', ( #2974 ), #808 ) ;
#518 = PRESENTATION_STYLE_ASSIGNMENT (( #1409 ) ) ;
#519 = DIRECTION ( 'NONE',  ( 0.000000000000000000, 1.000000000000000000, -0.000000000000000000 ) ) ;
#520 = EDGE_LOOP ( 'NONE', ( #5197, #5760, #7749, #4055 ) ) ;
#521 = DIRECTION ( 'NONE',  ( 3.942553354492743531E-16, 0.000000000000000000, -1.000000000000000000 ) ) ;
#522 = EDGE_LOOP ( 'NONE', ( #9684, #4987, #4416, #5575, #9532, #95 ) ) ;
#523 = FACE_OUTER_BOUND ( 'NONE', #694, .T. ) ;
#524 = ORIENTED_EDGE ( 'NONE', *, *, #9217, .F. ) ;
#525 = CARTESIAN_POINT ( 'NONE',  ( -0.8749999999999994449, 0.1000000000000000056, -1.500000000000000444 ) ) ;
#526 = ADVANCED_FACE ( 'NONE', ( #578 ), #4902, .F. ) ;
#527 = VECTOR ( 'NONE', #8303, 1000.000000000000000 ) ;
#528 = ADVANCED_FACE ( 'NONE', ( #8721 ), #476, .F. ) ;
#529 = DIRECTION ( 'NONE',  ( -0.000000000000000000, 0.000000000000000000, -1.000000000000000000 ) ) ;
#530 = DIRECTION ( 'NONE',  ( -1.000000000000000000, 0.000000000000000000, 1.084202172485504681E-16 ) ) ;
#531 = ORIENTED_EDGE ( 'NONE', *, *, #5795, .F. ) ;
#532 = LINE ( 'NONE', #5552, #6497 ) ;
#533 = LINE ( 'NONE', #9659, #5401 ) ;
#534 = ADVANCED_FACE ( 'NONE', ( #3621 ), #7902, .F. ) ;
#535 = AXIS2_PLACEMENT_3D ( 'NONE', #7475, #5298, #6871 ) ;
#536 = CARTESIAN_POINT ( 'NONE',  ( 1.999999999999999112, 0.8000000000000003775, 1.499999999999999556 ) ) ;
#537 = CARTESIAN_POINT ( 'NONE',  ( 1.725000000000000311, 0.6716990566028313570, 0.4999999999999995559 ) ) ;
#538 = CIRCLE ( 'NONE', #7918, 0.1249999999999996808 ) ;
#539 = VERTEX_POINT ( 'NONE', #6551 ) ;
#540 = CARTESIAN_POINT ( 'NONE',  ( 1.725000000000000755, 0.000000000000000000, -0.1250000000000005551 ) ) ;
#541 = VECTOR ( 'NONE', #3444, 1000.000000000000000 ) ;
#542 = ORIENTED_EDGE ( 'NONE', *, *, #8474, .F. ) ;
#543 = CARTESIAN_POINT ( 'NONE',  ( -1.725000000000000755, 0.6716990566028312459, 1.125000000000000666 ) ) ;
#544 = CYLINDRICAL_SURFACE ( 'NONE', #1336, 0.1249999999999996808 ) ;
#545 = VECTOR ( 'NONE', #6604, 1000.000000000000000 ) ;
#546 = VECTOR ( 'NONE', #6322, 1000.000000000000000 ) ;
#547 = CARTESIAN_POINT ( 'NONE',  ( -2.000000000000000888, 0.1999999999999999833, -0.8749999999999994449 ) ) ;
#548 = ORIENTED_EDGE ( 'NONE', *, *, #205, .T. ) ;
#549 = PRESENTATION_LAYER_ASSIGNMENT (  '', '', ( #8219 ) ) ;
#550 = VECTOR ( 'NONE', #5045, 1000.000000000000000 ) ;
#551 = DIRECTION ( 'NONE',  ( 1.000000000000000000, 0.000000000000000000, -7.885106708985511714E-16 ) ) ;
#552 = CARTESIAN_POINT ( 'NONE',  ( 1.250000000000000666, 0.04999999999999999584, 1.225000000000000533 ) ) ;
#553 = ORIENTED_EDGE ( 'NONE', *, *, #5149, .T. ) ;
#554 = VERTEX_POINT ( 'NONE', #4266 ) ;
#555 = AXIS2_PLACEMENT_3D ( 'NONE', #6569, #9537, #5756 ) ;
#556 = CARTESIAN_POINT ( 'NONE',  ( -1.725000000000000755, 0.1000000000000000472, 0.1250000000000006661 ) ) ;
#557 = CARTESIAN_POINT ( 'NONE',  ( -0.1500000000000000222, 0.2000000000000000944, 0.8499999999999999778 ) ) ;
#558 = FACE_OUTER_BOUND ( 'NONE', #9551, .T. ) ;
#559 = ORIENTED_EDGE ( 'NONE', *, *, #8535, .F. ) ;
#560 = ORIENTED_EDGE ( 'NONE', *, *, #9341, .F. ) ;
#561 = VECTOR ( 'NONE', #4682, 1000.000000000000000 ) ;
#562 = SURFACE_SIDE_STYLE ('',( #2739 ) ) ;
#563 = EDGE_CURVE ( 'NONE', #6458, #6970, #7161, .T. ) ;
#564 = CARTESIAN_POINT ( 'NONE',  ( -0.2499999999999993616, 0.000000000000000000, 1.225000000000000533 ) ) ;
#565 = DIRECTION ( 'NONE',  ( -3.154042683594199163E-15, 0.000000000000000000, 1.000000000000000000 ) ) ;
#566 = ADVANCED_FACE ( 'NONE', ( #7262 ), #4172, .T. ) ;
#567 = VECTOR ( 'NONE', #1181, 1000.000000000000000 ) ;
#568 = CARTESIAN_POINT ( 'NONE',  ( 1.375000000000000444, 0.2000000000000000111, -1.225000000000000755 ) ) ;
#569 = ORIENTED_EDGE ( 'NONE', *, *, #1032, .F. ) ;
#570 = CARTESIAN_POINT ( 'NONE',  ( 1.950000000000002176, 0.1000000000000000056, 1.450000000000000178 ) ) ;
#571 = EDGE_LOOP ( 'NONE', ( #1550, #384, #5635, #9472, #9059, #2276 ) ) ;
#572 = DIRECTION ( 'NONE',  ( 1.000000000000000000, -0.000000000000000000, -0.000000000000000000 ) ) ;
#573 = EDGE_LOOP ( 'NONE', ( #9405, #2147, #3436, #7177 ) ) ;
#574 = LINE ( 'NONE', #7355, #7137 ) ;
#575 = DIRECTION ( 'NONE',  ( 0.000000000000000000, 0.000000000000000000, -1.000000000000000000 ) ) ;
#576 = ADVANCED_FACE ( 'NONE', ( #5048 ), #4321, .T. ) ;
#577 = AXIS2_PLACEMENT_3D ( 'NONE', #1101, #9483, #8740 ) ;
#578 = FACE_OUTER_BOUND ( 'NONE', #1702, .T. ) ;
#579 = CARTESIAN_POINT ( 'NONE',  ( -1.725000000000001199, 0.1999999999999999833, 0.4999999999999997780 ) ) ;
#580 = DIRECTION ( 'NONE',  ( 1.577021341797097018E-15, 0.000000000000000000, 1.000000000000000000 ) ) ;
#581 = ADVANCED_FACE ( 'NONE', ( #4219 ), #6418, .F. ) ;
#582 = DIRECTION ( 'NONE',  ( 0.000000000000000000, 0.000000000000000000, -1.000000000000000000 ) ) ;
#583 = DIRECTION ( 'NONE',  ( 1.000000000000000000, 0.000000000000000000, 0.000000000000000000 ) ) ;
#584 = ADVANCED_FACE ( 'NONE', ( #2846 ), #5685, .T. ) ;
#585 = CIRCLE ( 'NONE', #9201, 0.1249999999999996808 ) ;
#586 = VERTEX_POINT ( 'NONE', #7357 ) ;
#587 = ADVANCED_FACE ( 'NONE', ( #620 ), #5641, .T. ) ;
#588 = ORIENTED_EDGE ( 'NONE', *, *, #4250, .T. ) ;
#589 = LINE ( 'NONE', #2998, #9589 ) ;
#590 = DIRECTION ( 'NONE',  ( 0.000000000000000000, 1.000000000000000000, 0.000000000000000000 ) ) ;
#591 = VECTOR ( 'NONE', #6298, 1000.000000000000000 ) ;
#592 = CARTESIAN_POINT ( 'NONE',  ( -0.1249999999999988065, 0.2000000000000000111, -1.500000000000000444 ) ) ;
#593 = ORIENTED_EDGE ( 'NONE', *, *, #6129, .F. ) ;
#594 = ORIENTED_EDGE ( 'NONE', *, *, #3954, .F. ) ;
#595 = PLANE ( 'NONE',  #80 ) ;
#596 = LINE ( 'NONE', #9675, #1468 ) ;
#597 = SURFACE_STYLE_USAGE ( .BOTH. , #9581 ) ;
#598 = LINE ( 'NONE', #6625, #5157 ) ;
#599 = DIRECTION ( 'NONE',  ( -1.000000000000000000, 0.000000000000000000, -3.154042683594198769E-15 ) ) ;
#600 = CARTESIAN_POINT ( 'NONE',  ( 1.725000000000000755, 0.6716990566028313570, 0.6250000000000006661 ) ) ;
#601 = VERTEX_POINT ( 'NONE', #1183 ) ;
#602 = ORIENTED_EDGE ( 'NONE', *, *, #142, .T. ) ;
#603 = VERTEX_POINT ( 'NONE', #8667 ) ;
#604 = AXIS2_PLACEMENT_3D ( 'NONE', #4505, #4455, #9051 ) ;
#605 = MANIFOLD_SOLID_BREP ( 'Cut-Extrude7[19]', #6248 ) ;
#606 =( NAMED_UNIT ( * ) SI_UNIT ( $, .STERADIAN. ) SOLID_ANGLE_UNIT ( ) );
#607 = FACE_OUTER_BOUND ( 'NONE', #3883, .T. ) ;
#608 = DIRECTION ( 'NONE',  ( -0.000000000000000000, -1.000000000000000000, -0.000000000000000000 ) ) ;
#609 = CARTESIAN_POINT ( 'NONE',  ( -0.7499999999999993339, 0.2000000000000000111, 1.100000000000000977 ) ) ;
#610 = ORIENTED_EDGE ( 'NONE', *, *, #6398, .F. ) ;
#611 = EDGE_CURVE ( 'NONE', #4143, #9233, #1971, .T. ) ;
#612 = CARTESIAN_POINT ( 'NONE',  ( -0.3749999999999990563, 0.1999999999999999833, -1.225000000000000311 ) ) ;
#613 = DIRECTION ( 'NONE',  ( 1.000000000000000000, -0.000000000000000000, -0.000000000000000000 ) ) ;
#614 = VERTEX_POINT ( 'NONE', #9699 ) ;
#615 = LINE ( 'NONE', #3474, #1325 ) ;
#616 = ORIENTED_EDGE ( 'NONE', *, *, #5682, .F. ) ;
#617 = CARTESIAN_POINT ( 'NONE',  ( -2.000000000000000888, 0.8000000000000003775, -1.500000000000000000 ) ) ;
#618 = CARTESIAN_POINT ( 'NONE',  ( 1.950000000000002176, 0.000000000000000000, -1.125000000000000666 ) ) ;
#619 = EDGE_CURVE ( 'NONE', #9106, #6301, #2554, .T. ) ;
#620 = FACE_OUTER_BOUND ( 'NONE', #7555, .T. ) ;
#621 = ORIENTED_EDGE ( 'NONE', *, *, #8488, .F. ) ;
#622 = LINE ( 'NONE', #3623, #5721 ) ;
#623 = CARTESIAN_POINT ( 'NONE',  ( -2.000000000000000000, 0.6716990566028313570, 0.3750000000000007772 ) ) ;
#624 = MANIFOLD_SOLID_BREP ( 'Cut-Extrude7[6]', #3285 ) ;
#625 = CARTESIAN_POINT ( 'NONE',  ( 1.725000000000000755, 0.2000000000000000944, 1.125000000000000666 ) ) ;
#626 = EDGE_CURVE ( 'NONE', #2017, #7348, #1561, .T. ) ;
#627 = DIRECTION ( 'NONE',  ( 0.000000000000000000, -1.000000000000000000, 0.000000000000000000 ) ) ;
#628 = EDGE_CURVE ( 'NONE', #8139, #8839, #1420, .T. ) ;
#629 = VERTEX_POINT ( 'NONE', #9603 ) ;
#630 = LINE ( 'NONE', #3630, #545 ) ;
#631 = DIRECTION ( 'NONE',  ( -1.000000000000000000, 0.000000000000000000, 0.000000000000000000 ) ) ;
#632 = CARTESIAN_POINT ( 'NONE',  ( 1.250000000000000666, 0.000000000000000000, -1.225000000000000533 ) ) ;
#633 = EDGE_CURVE ( 'NONE', #8676, #8276, #2895, .T. ) ;
#634 = VERTEX_POINT ( 'NONE', #8860 ) ;
#635 = CARTESIAN_POINT ( 'NONE',  ( -0.3749999999999993894, 0.04999999999999969746, -1.450000000000000622 ) ) ;
#636 = CARTESIAN_POINT ( 'NONE',  ( -2.000000000000000888, 0.1999999999999996503, 0.1250000000000005551 ) ) ;
#637 = DIRECTION ( 'NONE',  ( -0.000000000000000000, -1.000000000000000000, -0.000000000000000000 ) ) ;
#638 = FACE_OUTER_BOUND ( 'NONE', #4169, .T. ) ;
#639 = ADVANCED_FACE ( 'NONE', ( #2162 ), #8903, .F. ) ;
#640 = ORIENTED_EDGE ( 'NONE', *, *, #88, .F. ) ;
#641 = FACE_OUTER_BOUND ( 'NONE', #7069, .T. ) ;
#642 = DIRECTION ( 'NONE',  ( 0.000000000000000000, -1.000000000000000000, 0.000000000000000000 ) ) ;
#643 = FACE_OUTER_BOUND ( 'NONE', #828, .T. ) ;
#644 = ORIENTED_EDGE ( 'NONE', *, *, #7163, .F. ) ;
#645 = PRESENTATION_STYLE_ASSIGNMENT (( #597 ) ) ;
#646 = CARTESIAN_POINT ( 'NONE',  ( -1.606107883817426973, 0.8000000000000000444, -0.9464564315352734791 ) ) ;
#647 = DIRECTION ( 'NONE',  ( 0.000000000000000000, 0.000000000000000000, -1.000000000000000000 ) ) ;
#648 = CARTESIAN_POINT ( 'NONE',  ( 1.950000000000002176, 0.000000000000000000, 1.450000000000000178 ) ) ;
#649 = DIRECTION ( 'NONE',  ( -3.469446951953617739E-15, 0.000000000000000000, -1.000000000000000000 ) ) ;
#650 = ORIENTED_EDGE ( 'NONE', *, *, #4700, .T. ) ;
#651 = ORIENTED_EDGE ( 'NONE', *, *, #6226, .F. ) ;
#652 = AXIS2_PLACEMENT_3D ( 'NONE', #9531, #734, #2956 ) ;
#653 = AXIS2_PLACEMENT_3D ( 'NONE', #8631, #9420, #3405 ) ;
#654 = FACE_OUTER_BOUND ( 'NONE', #8934, .T. ) ;
#655 = CARTESIAN_POINT ( 'NONE',  ( 1.375000000000000444, 0.04999999999999999584, 1.225000000000000755 ) ) ;
#656 = DIRECTION ( 'NONE',  ( 3.154042683594198769E-15, 0.000000000000000000, 1.000000000000000000 ) ) ;
#657 = DIRECTION ( 'NONE',  ( 1.000000000000000000, -0.000000000000000000, 3.942553354492743531E-16 ) ) ;
#658 = CARTESIAN_POINT ( 'NONE',  ( -0.1500000000000000222, 0.000000000000000000, 0.8499999999999999778 ) ) ;
#659 = VECTOR ( 'NONE', #2510, 1000.000000000000000 ) ;
#660 = ORIENTED_EDGE ( 'NONE', *, *, #5024, .F. ) ;
#661 = DIRECTION ( 'NONE',  ( -0.000000000000000000, -1.000000000000000000, -0.000000000000000000 ) ) ;
#662 = ORIENTED_EDGE ( 'NONE', *, *, #4529, .F. ) ;
#663 = DIRECTION ( 'NONE',  ( -0.000000000000000000, 0.000000000000000000, -1.000000000000000000 ) ) ;
#664 = ORIENTED_EDGE ( 'NONE', *, *, #5966, .F. ) ;
#665 = ORIENTED_EDGE ( 'NONE', *, *, #2282, .F. ) ;
#666 = DIRECTION ( 'NONE',  ( -3.469446951953612611E-15, 0.000000000000000000, 1.000000000000000000 ) ) ;
#667 = FACE_OUTER_BOUND ( 'NONE', #5292, .T. ) ;
#668 = LINE ( 'NONE', #8358, #113 ) ;
#669 = LINE ( 'NONE', #6653, #1939 ) ;
#670 = CIRCLE ( 'NONE', #7264, 0.1249999999999996808 ) ;
#671 = CARTESIAN_POINT ( 'NONE',  ( 2.000000000000000888, 0.2000000000000000944, 0.1250000000000005551 ) ) ;
#672 = ORIENTED_EDGE ( 'NONE', *, *, #7773, .T. ) ;
#673 = CARTESIAN_POINT ( 'NONE',  ( -8.870745047608707334E-16, 0.05000000000000000278, -1.125000000000000888 ) ) ;
#674 = VECTOR ( 'NONE', #2448, 1000.000000000000000 ) ;
#675 = ORIENTED_EDGE ( 'NONE', *, *, #5067, .T. ) ;
#676 = VECTOR ( 'NONE', #7380, 1000.000000000000000 ) ;
#677 = ORIENTED_EDGE ( 'NONE', *, *, #6788, .F. ) ;
#678 = EDGE_CURVE ( 'NONE', #5857, #8803, #669, .T. ) ;
#679 = EDGE_CURVE ( 'NONE', #7826, #6658, #2948, .T. ) ;
#680 = LINE ( 'NONE', #1429, #6923 ) ;
#681 = VECTOR ( 'NONE', #9591, 1000.000000000000000 ) ;
#682 = VECTOR ( 'NONE', #2238, 1000.000000000000000 ) ;
#683 = VECTOR ( 'NONE', #4294, 1000.000000000000000 ) ;
#684 = PLANE ( 'NONE',  #652 ) ;
#685 = CARTESIAN_POINT ( 'NONE',  ( -0.1249999999999996808, 0.6716990566028301357, -1.225000000000000755 ) ) ;
#686 = CARTESIAN_POINT ( 'NONE',  ( 0.8750000000000012212, 0.2000000000000000111, 1.500000000000000444 ) ) ;
#687 = ORIENTED_EDGE ( 'NONE', *, *, #4120, .F. ) ;
#688 = DIRECTION ( 'NONE',  ( 0.000000000000000000, -0.000000000000000000, -1.000000000000000000 ) ) ;
#689 = CARTESIAN_POINT ( 'NONE',  ( -0.7499999999999993339, 0.04999999999999999584, 1.225000000000000533 ) ) ;
#690 = MANIFOLD_SOLID_BREP ( 'Cut-Extrude7[11]', #9700 ) ;
#691 =( GEOMETRIC_REPRESENTATION_CONTEXT ( 3 ) GLOBAL_UNCERTAINTY_ASSIGNED_CONTEXT ( ( #4078 ) ) GLOBAL_UNIT_ASSIGNED_CONTEXT ( ( #2227, #8973, #6921 ) ) REPRESENTATION_CONTEXT ( 'NONE', 'WORKASPACE' ) );
#692 = CARTESIAN_POINT ( 'NONE',  ( 2.000000000000000000, 0.6716990566028313570, -1.124999999999999334 ) ) ;
#693 = VECTOR ( 'NONE', #1893, 1000.000000000000000 ) ;
#694 = EDGE_LOOP ( 'NONE', ( #6325, #8145, #8349, #5411, #7851 ) ) ;
#695 = EDGE_CURVE ( 'NONE', #2737, #3527, #9450, .T. ) ;
#696 = CARTESIAN_POINT ( 'NONE',  ( 1.999999999999999112, 0.1000000000000002554, -0.3749999999999994449 ) ) ;
#697 = DIRECTION ( 'NONE',  ( -0.000000000000000000, -1.000000000000000000, -0.000000000000000000 ) ) ;
#698 = VERTEX_POINT ( 'NONE', #7840 ) ;
#699 = DIRECTION ( 'NONE',  ( -1.000000000000000000, 0.000000000000000000, 0.000000000000000000 ) ) ;
#700 = EDGE_CURVE ( 'NONE', #7673, #9397, #7796, .T. ) ;
#701 = VECTOR ( 'NONE', #5959, 1000.000000000000000 ) ;
#702 = VECTOR ( 'NONE', #5880, 1000.000000000000000 ) ;
#703 = CARTESIAN_POINT ( 'NONE',  ( 1.250000000000000666, 0.000000000000000000, -1.225000000000000533 ) ) ;
#704 = EDGE_CURVE ( 'NONE', #1527, #2440, #4283, .T. ) ;
#705 = VERTEX_POINT ( 'NONE', #3947 ) ;
#706 = CARTESIAN_POINT ( 'NONE',  ( -2.000000000000000888, 0.1000000000000002554, -0.3749999999999994449 ) ) ;
#707 = ORIENTED_EDGE ( 'NONE', *, *, #7904, .F. ) ;
#708 = DIRECTION ( 'NONE',  ( -1.000000000000000000, 0.000000000000000000, 3.942553354492743531E-16 ) ) ;
#709 = VERTEX_POINT ( 'NONE', #6944 ) ;
#710 = EDGE_CURVE ( 'NONE', #7525, #8353, #7743, .T. ) ;
#711 = LINE ( 'NONE', #6580, #1164 ) ;
#712 = CARTESIAN_POINT ( 'NONE',  ( -1.478457507934773709E-16, 0.05000000000000000278, -0.3749999999999986677 ) ) ;
#713 = VECTOR ( 'NONE', #7031, 1000.000000000000000 ) ;
#714 = DIRECTION ( 'NONE',  ( -1.000000000000000000, 0.000000000000000000, 7.885106708985511714E-16 ) ) ;
#715 = CARTESIAN_POINT ( 'NONE',  ( 1.950000000000002176, 0.1000000000000000056, -1.124999999999999334 ) ) ;
#716 = ORIENTED_EDGE ( 'NONE', *, *, #700, .F. ) ;
#717 = DIRECTION ( 'NONE',  ( 1.000000000000000000, 0.000000000000000000, 7.885106708985511714E-16 ) ) ;
#718 = VECTOR ( 'NONE', #4071, 1000.000000000000000 ) ;
#719 = VERTEX_POINT ( 'NONE', #3135 ) ;
#720 = ORIENTED_EDGE ( 'NONE', *, *, #3095, .T. ) ;
#721 = VECTOR ( 'NONE', #9162, 1000.000000000000000 ) ;
#722 = ORIENTED_EDGE ( 'NONE', *, *, #9016, .T. ) ;
#723 = CARTESIAN_POINT ( 'NONE',  ( 1.950000000000002176, 0.09999999999999993616, -0.1249999999999992645 ) ) ;
#724 = CARTESIAN_POINT ( 'NONE',  ( -0.2499999999999993616, 0.6716990566028301357, 1.225000000000000533 ) ) ;
#725 = CARTESIAN_POINT ( 'NONE',  ( 0.6000000000000000888, 2.280865204668480750, 0.8499999999999997558 ) ) ;
#726 = VECTOR ( 'NONE', #1932, 1000.000000000000000 ) ;
#727 = EDGE_LOOP ( 'NONE', ( #8722, #1440, #4858, #4732 ) ) ;
#728 = FACE_OUTER_BOUND ( 'NONE', #6501, .T. ) ;
#729 = VERTEX_POINT ( 'NONE', #9202 ) ;
#730 = VECTOR ( 'NONE', #2002, 1000.000000000000000 ) ;
#731 = ORIENTED_EDGE ( 'NONE', *, *, #8938, .T. ) ;
#732 = CARTESIAN_POINT ( 'NONE',  ( 1.950000000000002176, 0.1000000000000000056, -1.450000000000000622 ) ) ;
#733 = VECTOR ( 'NONE', #955, 1000.000000000000000 ) ;
#734 = DIRECTION ( 'NONE',  ( 0.000000000000000000, -1.000000000000000000, 0.000000000000000000 ) ) ;
#735 = DIRECTION ( 'NONE',  ( 0.000000000000000000, -0.000000000000000000, 1.000000000000000000 ) ) ;
#736 = ORIENTED_EDGE ( 'NONE', *, *, #6797, .F. ) ;
#737 = CARTESIAN_POINT ( 'NONE',  ( 0.6000000000000000888, 0.2000000000000000111, 0.8499999999999997558 ) ) ;
#738 = EDGE_CURVE ( 'NONE', #3031, #348, #332, .T. ) ;
#739 = AXIS2_PLACEMENT_3D ( 'NONE', #98, #44, #1 ) ;
#740 = ORIENTED_EDGE ( 'NONE', *, *, #4481, .T. ) ;
#742 = EDGE_CURVE ( 'NONE', #1098, #4359, #1658, .T. ) ;
#741 = DIRECTION ( 'NONE',  ( 1.577021341797097018E-15, 0.000000000000000000, 1.000000000000000000 ) ) ;
#743 = DIRECTION ( 'NONE',  ( -3.154042683594198769E-15, 0.000000000000000000, 1.000000000000000000 ) ) ;
#744 =( GEOMETRIC_REPRESENTATION_CONTEXT ( 3 ) GLOBAL_UNCERTAINTY_ASSIGNED_CONTEXT ( ( #6022 ) ) GLOBAL_UNIT_ASSIGNED_CONTEXT ( ( #115, #3880, #3260 ) ) REPRESENTATION_CONTEXT ( 'NONE', 'WORKASPACE' ) );
#745 = EDGE_CURVE ( 'NONE', #8680, #4896, #6307, .T. ) ;
#746 = CARTESIAN_POINT ( 'NONE',  ( -2.000000000000000000, 0.1999999999999999833, 0.8750000000000007772 ) ) ;
#747 = ADVANCED_FACE ( 'NONE', ( #3284 ), #1014, .T. ) ;
#748 = ORIENTED_EDGE ( 'NONE', *, *, #7700, .F. ) ;
#749 = MANIFOLD_SOLID_BREP ( 'Boss-Extrude6[2]', #5475 ) ;
#750 = EDGE_CURVE ( 'NONE', #785, #8680, #2742, .T. ) ;
#751 = CARTESIAN_POINT ( 'NONE',  ( -2.000000000000000888, 0.1999999999999996503, -0.3749999999999994449 ) ) ;
#752 = LINE ( 'NONE', #8301, #7453 ) ;
#753 = CARTESIAN_POINT ( 'NONE',  ( -1.124999999999999778, 0.1000000000000000056, -1.225000000000000755 ) ) ;
#754 = CARTESIAN_POINT ( 'NONE',  ( 0.000000000000000000, 0.2000000000000000111, 0.000000000000000000 ) ) ;
#755 = EDGE_LOOP ( 'NONE', ( #8522, #2020, #4170, #9167, #1566, #1949 ) ) ;
#756 = DIRECTION ( 'NONE',  ( -1.000000000000000000, -0.000000000000000000, 7.885106708985509741E-16 ) ) ;
#757 = EDGE_CURVE ( 'NONE', #5866, #3291, #815, .T. ) ;
#758 = ORIENTED_EDGE ( 'NONE', *, *, #7057, .F. ) ;
#759 = ORIENTED_EDGE ( 'NONE', *, *, #3230, .F. ) ;
#760 = ORIENTED_EDGE ( 'NONE', *, *, #8094, .F. ) ;
#761 = DIRECTION ( 'NONE',  ( -1.577021341797097018E-15, -0.000000000000000000, 1.000000000000000000 ) ) ;
#762 = CARTESIAN_POINT ( 'NONE',  ( -0.8749999999999990008, 0.04999999999999999584, -1.225000000000000311 ) ) ;
#763 = DIRECTION ( 'NONE',  ( 0.000000000000000000, 0.000000000000000000, 1.000000000000000000 ) ) ;
#764 = MANIFOLD_SOLID_BREP ( 'Cut-Extrude7[5]', #3893 ) ;
#765 = CARTESIAN_POINT ( 'NONE',  ( -1.725000000000000755, 0.6716990566028313570, -0.6250000000000003331 ) ) ;
#766 = EDGE_LOOP ( 'NONE', ( #5991, #9141, #5483, #1081, #4234, #7327 ) ) ;
#767 = DIRECTION ( 'NONE',  ( -1.000000000000000000, 0.000000000000000000, 1.084202172485504681E-16 ) ) ;
#768 = EDGE_LOOP ( 'NONE', ( #120, #2426, #4233, #5993 ) ) ;
#769 = ORIENTED_EDGE ( 'NONE', *, *, #5443, .T. ) ;
#770 = CARTESIAN_POINT ( 'NONE',  ( 0.000000000000000000, 0.1000000000000000056, 0.000000000000000000 ) ) ;
#771 = DIRECTION ( 'NONE',  ( 0.000000000000000000, 1.000000000000000000, 0.000000000000000000 ) ) ;
#772 = CARTESIAN_POINT ( 'NONE',  ( 1.950000000000002176, 0.1000000000000000056, 1.450000000000000178 ) ) ;
#773 = CARTESIAN_POINT ( 'NONE',  ( -0.1500000000000000222, 2.280865204668480750, -0.8499999999999999778 ) ) ;
#774 = ORIENTED_EDGE ( 'NONE', *, *, #106, .T. ) ;
#775 = LINE ( 'NONE', #5249, #4981 ) ;
#776 = CARTESIAN_POINT ( 'NONE',  ( -1.950000000000001066, 0.6716990566028313570, -0.6249999999999992228 ) ) ;
#777 = ORIENTED_EDGE ( 'NONE', *, *, #8485, .T. ) ;
#778 = LINE ( 'NONE', #8427, #6905 ) ;
#779 = CARTESIAN_POINT ( 'NONE',  ( -1.950000000000001066, 0.1000000000000000056, -0.6249999999999992228 ) ) ;
#780 = FACE_BOUND ( 'NONE', #4133, .T. ) ;
#781 = FILL_AREA_STYLE ('',( #7518 ) ) ;
#782 = EDGE_CURVE ( 'NONE', #1485, #5500, #8705, .T. ) ;
#783 = DIRECTION ( 'NONE',  ( 0.000000000000000000, 0.000000000000000000, 1.000000000000000000 ) ) ;
#784 = EDGE_CURVE ( 'NONE', #3840, #1868, #8334, .T. ) ;
#785 = VERTEX_POINT ( 'NONE', #8655 ) ;
#786 = ORIENTED_EDGE ( 'NONE', *, *, #4242, .T. ) ;
#787 = ORIENTED_EDGE ( 'NONE', *, *, #9171, .F. ) ;
#788 = VERTEX_POINT ( 'NONE', #6447 ) ;
#789 = MANIFOLD_SOLID_BREP ( 'Cut-Extrude7[14]', #4378 ) ;
#790 = DIRECTION ( 'NONE',  ( 0.000000000000000000, -1.000000000000000000, 0.000000000000000000 ) ) ;
#791 = CARTESIAN_POINT ( 'NONE',  ( -2.000000000000000000, 0.6716990566028313570, -0.6249999999999992228 ) ) ;
#792 = EDGE_CURVE ( 'NONE', #4742, #6587, #9549, .T. ) ;
#793 = CARTESIAN_POINT ( 'NONE',  ( 2.000000000000000000, 0.1000000000000000472, -0.1249999999999992922 ) ) ;
#794 = EDGE_CURVE ( 'NONE', #8702, #4686, #2793, .T. ) ;
#795 = VERTEX_POINT ( 'NONE', #1219 ) ;
#796 = DIRECTION ( 'NONE',  ( 3.154042683594199163E-15, 0.000000000000000000, 1.000000000000000000 ) ) ;
#797 = VECTOR ( 'NONE', #608, 1000.000000000000000 ) ;
#798 = ORIENTED_EDGE ( 'NONE', *, *, #8426, .T. ) ;
#799 = ORIENTED_EDGE ( 'NONE', *, *, #3447, .F. ) ;
#800 = AXIS2_PLACEMENT_3D ( 'NONE', #1145, #7963, #485 ) ;
#801 = DIRECTION ( 'NONE',  ( -1.000000000000000000, 0.000000000000000000, 3.942553354492743531E-16 ) ) ;
#802 = CARTESIAN_POINT ( 'NONE',  ( -1.950000000000001066, 0.000000000000000000, -2.168404344971008868E-16 ) ) ;
#803 = PLANE ( 'NONE',  #8871 ) ;
#804 = SURFACE_SIDE_STYLE ('',( #7500 ) ) ;
#805 = CARTESIAN_POINT ( 'NONE',  ( 1.950000000000002176, 0.1000000000000000056, -1.450000000000000622 ) ) ;
#806 = EDGE_CURVE ( 'NONE', #2066, #8444, #5811, .T. ) ;
#807 = AXIS2_PLACEMENT_3D ( 'NONE', #5327, #137, #962 ) ;
#808 = MANIFOLD_SOLID_BREP ( 'Cut-Extrude7[17]', #305 ) ;
#809 = FACE_OUTER_BOUND ( 'NONE', #9693, .T. ) ;
#810 = LINE ( 'NONE', #5438, #5518 ) ;
#811 = EDGE_CURVE ( 'NONE', #7029, #9129, #711, .T. ) ;
#812 = VERTEX_POINT ( 'NONE', #8073 ) ;
#813 = ORIENTED_EDGE ( 'NONE', *, *, #745, .T. ) ;
#814 = EDGE_CURVE ( 'NONE', #1455, #3107, #6685, .T. ) ;
#815 = CIRCLE ( 'NONE', #4132, 0.1249999999999996808 ) ;
#816 = ORIENTED_EDGE ( 'NONE', *, *, #3805, .F. ) ;
#817 = CARTESIAN_POINT ( 'NONE',  ( 1.725000000000000755, 0.1999999999999999833, 1.125000000000000666 ) ) ;
#818 = VECTOR ( 'NONE', #135, 1000.000000000000000 ) ;
#819 = CARTESIAN_POINT ( 'NONE',  ( -0.3749999999999994449, 0.1000000000000000056, -1.500000000000000444 ) ) ;
#820 = LINE ( 'NONE', #3826, #8108 ) ;
#821 = FACE_OUTER_BOUND ( 'NONE', #5548, .T. ) ;
#822 = VECTOR ( 'NONE', #8829, 1000.000000000000000 ) ;
#823 = ORIENTED_EDGE ( 'NONE', *, *, #232, .T. ) ;
#824 = DIRECTION ( 'NONE',  ( 3.469446951953617739E-15, 0.000000000000000000, -1.000000000000000000 ) ) ;
#825 = CARTESIAN_POINT ( 'NONE',  ( -1.249999999999999334, 0.2000000000000000111, -1.225000000000000533 ) ) ;
#826 = FILL_AREA_STYLE ('',( #306 ) ) ;
#827 = MECHANICAL_DESIGN_GEOMETRIC_PRESENTATION_REPRESENTATION (  '', ( #7905 ), #4454 ) ;
#828 = EDGE_LOOP ( 'NONE', ( #6617, #4493, #6506, #6854, #5304, #3733 ) ) ;
#829 = DIRECTION ( 'NONE',  ( -1.000000000000000000, 0.000000000000000000, 3.942553354492743531E-16 ) ) ;
#830 = DIRECTION ( 'NONE',  ( 1.000000000000000000, 0.000000000000000000, 0.000000000000000000 ) ) ;
#831 = AXIS2_PLACEMENT_3D ( 'NONE', #4394, #6581, #5083 ) ;
#832 = CIRCLE ( 'NONE', #2273, 0.1249999999999996808 ) ;
#833 = VECTOR ( 'NONE', #3032, 1000.000000000000000 ) ;
#834 = EDGE_LOOP ( 'NONE', ( #1417, #8394, #4976, #6528 ) ) ;
#835 = LINE ( 'NONE', #8490, #6037 ) ;
#836 = EDGE_LOOP ( 'NONE', ( #24, #8865, #851, #4072, #1204, #8255 ) ) ;
#837 = ORIENTED_EDGE ( 'NONE', *, *, #3859, .F. ) ;
#838 = DIRECTION ( 'NONE',  ( 0.000000000000000000, -1.000000000000000000, 0.000000000000000000 ) ) ;
#839 = ORIENTED_EDGE ( 'NONE', *, *, #7898, .T. ) ;
#840 = CARTESIAN_POINT ( 'NONE',  ( -0.6249999999999987788, 0.6716990566028301357, 1.500000000000000444 ) ) ;
#841 = CARTESIAN_POINT ( 'NONE',  ( 1.950000000000002176, 0.1000000000000000056, -1.450000000000000622 ) ) ;
#842 = DIRECTION ( 'NONE',  ( -0.000000000000000000, -1.000000000000000000, -0.000000000000000000 ) ) ;
#843 = VECTOR ( 'NONE', #5658, 1000.000000000000000 ) ;
#844 = CIRCLE ( 'NONE', #1645, 0.1249999999999996808 ) ;
#845 = LINE ( 'NONE', #8403, #8201 ) ;
#846 = VERTEX_POINT ( 'NONE', #8842 ) ;
#847 = CARTESIAN_POINT ( 'NONE',  ( 1.375000000000000444, 0.1000000000000000056, -1.225000000000000755 ) ) ;
#848 = LINE ( 'NONE', #3171, #5527 ) ;
#849 = ORIENTED_EDGE ( 'NONE', *, *, #6934, .T. ) ;
#850 = ADVANCED_FACE ( 'NONE', ( #8210 ), #1499, .F. ) ;
#851 = ORIENTED_EDGE ( 'NONE', *, *, #4049, .F. ) ;
#852 = EDGE_CURVE ( 'NONE', #3475, #698, #1545, .T. ) ;
#853 = PLANE ( 'NONE',  #6331 ) ;
#854 = AXIS2_PLACEMENT_3D ( 'NONE', #9465, #4322, #7817 ) ;
#855 = VECTOR ( 'NONE', #7312, 1000.000000000000000 ) ;
#856 = DIRECTION ( 'NONE',  ( 0.000000000000000000, -1.000000000000000000, 0.000000000000000000 ) ) ;
#857 = DIRECTION ( 'NONE',  ( 0.000000000000000000, 1.000000000000000000, 0.000000000000000000 ) ) ;
#858 = SURFACE_STYLE_USAGE ( .BOTH. , #6058 ) ;
#859 = CARTESIAN_POINT ( 'NONE',  ( 0.6250000000000005551, 0.000000000000000000, 1.450000000000000178 ) ) ;
#860 = ADVANCED_FACE ( 'NONE', ( #1450 ), #2290, .T. ) ;
#861 = MANIFOLD_SOLID_BREP ( 'Boss-Extrude6[1]', #1405 ) ;
#862 = PLANE ( 'NONE',  #4602 ) ;
#863 = VERTEX_POINT ( 'NONE', #7387 ) ;
#864 = LINE ( 'NONE', #3185, #7085 ) ;
#865 = ORIENTED_EDGE ( 'NONE', *, *, #868, .T. ) ;
#866 = ADVANCED_FACE ( 'NONE', ( #654 ), #2193, .F. ) ;
#867 = EDGE_LOOP ( 'NONE', ( #316, #7657, #5423, #7289, #6256, #912 ) ) ;
#868 = EDGE_CURVE ( 'NONE', #3654, #8307, #9187, .T. ) ;
#869 = VECTOR ( 'NONE', #1395, 1000.000000000000000 ) ;
#870 = ORIENTED_EDGE ( 'NONE', *, *, #8886, .T. ) ;
#871 = CARTESIAN_POINT ( 'NONE',  ( -2.464095846557969822E-16, 0.05000000000000000278, 0.6250000000000013323 ) ) ;
#872 = EDGE_CURVE ( 'NONE', #1344, #614, #6316, .T. ) ;
#873 = EDGE_CURVE ( 'NONE', #6889, #6458, #1589, .T. ) ;
#874 = CARTESIAN_POINT ( 'NONE',  ( -1.950000000000001066, 0.6716990566028313570, -0.1249999999999992645 ) ) ;
#875 = FACE_OUTER_BOUND ( 'NONE', #398, .T. ) ;
#876 = VECTOR ( 'NONE', #3891, 1000.000000000000000 ) ;
#877 = ORIENTED_EDGE ( 'NONE', *, *, #704, .T. ) ;
#878 = EDGE_CURVE ( 'NONE', #8178, #3120, #1740, .T. ) ;
#879 = DIRECTION ( 'NONE',  ( -1.000000000000000000, 0.000000000000000000, -0.000000000000000000 ) ) ;
#880 = LINE ( 'NONE', #7104, #4023 ) ;
#881 = ORIENTED_EDGE ( 'NONE', *, *, #2158, .F. ) ;
#882 = DIRECTION ( 'NONE',  ( 0.000000000000000000, -0.000000000000000000, -1.000000000000000000 ) ) ;
#883 = PLANE ( 'NONE',  #2409 ) ;
#884 = DIRECTION ( 'NONE',  ( 0.000000000000000000, 0.000000000000000000, -1.000000000000000000 ) ) ;
#885 = AXIS2_PLACEMENT_3D ( 'NONE', #4144, #6392, #9387 ) ;
#886 = VECTOR ( 'NONE', #8961, 1000.000000000000000 ) ;
#887 = ORIENTED_EDGE ( 'NONE', *, *, #5682, .T. ) ;
#888 = ORIENTED_EDGE ( 'NONE', *, *, #3777, .T. ) ;
#889 = VERTEX_POINT ( 'NONE', #7034 ) ;
#890 = LINE ( 'NONE', #3365, #260 ) ;
#891 = LINE ( 'NONE', #9183, #5904 ) ;
#892 = ORIENTED_EDGE ( 'NONE', *, *, #5187, .T. ) ;
#893 = CARTESIAN_POINT ( 'NONE',  ( -1.725000000000001199, 0.1999999999999999833, 0.9999999999999997780 ) ) ;
#894 = DIRECTION ( 'NONE',  ( -1.000000000000000000, 0.000000000000000000, 0.000000000000000000 ) ) ;
#895 = DIRECTION ( 'NONE',  ( 0.000000000000000000, 1.000000000000000000, 0.000000000000000000 ) ) ;
#896 = ADVANCED_FACE ( 'NONE', ( #996 ), #318, .T. ) ;
#897 = CIRCLE ( 'NONE', #1695, 0.1250000000000001110 ) ;
#898 = DIRECTION ( 'NONE',  ( -3.154042683594198769E-15, 0.000000000000000000, 1.000000000000000000 ) ) ;
#899 = ORIENTED_EDGE ( 'NONE', *, *, #4765, .F. ) ;
#900 = CARTESIAN_POINT ( 'NONE',  ( 1.725000000000000755, 0.6716990566028313570, -1.125000000000000666 ) ) ;
#901 = CARTESIAN_POINT ( 'NONE',  ( 1.725000000000000311, 0.1999999999999999833, 0.4999999999999995559 ) ) ;
#902 = ORIENTED_EDGE ( 'NONE', *, *, #3336, .T. ) ;
#903 = ORIENTED_EDGE ( 'NONE', *, *, #4541, .T. ) ;
#904 = VERTEX_POINT ( 'NONE', #5360 ) ;
#905 = SURFACE_STYLE_USAGE ( .BOTH. , #8509 ) ;
#906 = LINE ( 'NONE', #7045, #6223 ) ;
#907 = DIRECTION ( 'NONE',  ( 0.000000000000000000, 0.000000000000000000, -1.000000000000000000 ) ) ;
#908 = LINE ( 'NONE', #134, #7078 ) ;
#909 = EDGE_CURVE ( 'NONE', #6405, #6936, #8342, .T. ) ;
#910 = CARTESIAN_POINT ( 'NONE',  ( 0.8750000000000003331, 0.1999999999999999833, 1.225000000000000755 ) ) ;
#911 = LINE ( 'NONE', #3183, #3359 ) ;
#912 = ORIENTED_EDGE ( 'NONE', *, *, #5130, .T. ) ;
#913 = CARTESIAN_POINT ( 'NONE',  ( -1.124999999999998890, 0.6716990566028301357, -1.500000000000000444 ) ) ;
#914 = VERTEX_POINT ( 'NONE', #2226 ) ;
#915 = DIRECTION ( 'NONE',  ( 0.000000000000000000, 1.000000000000000000, -0.000000000000000000 ) ) ;
#916 = VERTEX_POINT ( 'NONE', #696 ) ;
#917 = EDGE_CURVE ( 'NONE', #7006, #326, #7337, .T. ) ;
#918 = VECTOR ( 'NONE', #9513, 1000.000000000000000 ) ;
#919 = DIRECTION ( 'NONE',  ( 0.000000000000000000, 0.000000000000000000, -1.000000000000000000 ) ) ;
#920 = EDGE_LOOP ( 'NONE', ( #8504, #974, #8701, #9628 ) ) ;
#921 = LINE ( 'NONE', #817, #2924 ) ;
#922 = ADVANCED_FACE ( 'NONE', ( #9580 ), #8060, .F. ) ;
#923 = EDGE_CURVE ( 'NONE', #471, #6096, #2182, .T. ) ;
#924 = FACE_OUTER_BOUND ( 'NONE', #3800, .T. ) ;
#925 = CYLINDRICAL_SURFACE ( 'NONE', #2396, 0.1250000000000000555 ) ;
#926 = EDGE_LOOP ( 'NONE', ( #8419, #4796, #2437, #6464 ) ) ;
#927 = DIRECTION ( 'NONE',  ( 3.154042683594198769E-15, 0.000000000000000000, 1.000000000000000000 ) ) ;
#928 = EDGE_CURVE ( 'NONE', #7504, #4288, #6723, .T. ) ;
#929 = FACE_OUTER_BOUND ( 'NONE', #8639, .T. ) ;
#930 = ORIENTED_EDGE ( 'NONE', *, *, #7898, .F. ) ;
#931 = PLANE ( 'NONE',  #6182 ) ;
#932 = DIRECTION ( 'NONE',  ( 0.000000000000000000, -1.000000000000000000, 0.000000000000000000 ) ) ;
#933 = EDGE_CURVE ( 'NONE', #5979, #5500, #1351, .T. ) ;
#934 = DIRECTION ( 'NONE',  ( 0.000000000000000000, 1.000000000000000000, 0.000000000000000000 ) ) ;
#935 = ADVANCED_FACE ( 'NONE', ( #2280 ), #3008, .T. ) ;
#936 = ORIENTED_EDGE ( 'NONE', *, *, #8534, .T. ) ;
#937 = CARTESIAN_POINT ( 'NONE',  ( -0.3749999999999994449, 0.6716990566028301357, 1.500000000000000444 ) ) ;
#938 = LINE ( 'NONE', #3927, #2774 ) ;
#939 = EDGE_LOOP ( 'NONE', ( #3839, #8536, #8254, #7350 ) ) ;
#940 = EDGE_CURVE ( 'NONE', #1527, #8809, #596, .T. ) ;
#941 = VERTEX_POINT ( 'NONE', #5256 ) ;
#942 = DIRECTION ( 'NONE',  ( 0.000000000000000000, -1.000000000000000000, 0.000000000000000000 ) ) ;
#943 = ORIENTED_EDGE ( 'NONE', *, *, #2984, .T. ) ;
#944 = LINE ( 'NONE', #5307, #7126 ) ;
#945 = DIRECTION ( 'NONE',  ( -0.000000000000000000, -0.000000000000000000, -1.000000000000000000 ) ) ;
#946 = DIRECTION ( 'NONE',  ( 3.942553354492743531E-16, 0.000000000000000000, -1.000000000000000000 ) ) ;
#947 = VECTOR ( 'NONE', #5306, 1000.000000000000000 ) ;
#948 = CARTESIAN_POINT ( 'NONE',  ( 1.950000000000002176, 0.04999999999999991257, 0.8750000000000007772 ) ) ;
#949 = VERTEX_POINT ( 'NONE', #2141 ) ;
#950 = CARTESIAN_POINT ( 'NONE',  ( 1.950000000000002176, 0.6716990566028313570, 0.3750000000000007216 ) ) ;
#951 = ORIENTED_EDGE ( 'NONE', *, *, #1558, .F. ) ;
#952 = EDGE_LOOP ( 'NONE', ( #9516, #4374, #8782, #4399 ) ) ;
#953 = ORIENTED_EDGE ( 'NONE', *, *, #2250, .T. ) ;
#954 = DIRECTION ( 'NONE',  ( 0.000000000000000000, -1.000000000000000000, 0.000000000000000000 ) ) ;
#955 = DIRECTION ( 'NONE',  ( 1.577021341797097018E-15, 0.000000000000000000, 1.000000000000000000 ) ) ;
#956 = SURFACE_STYLE_FILL_AREA ( #6897 ) ;
#957 = DIRECTION ( 'NONE',  ( -3.154042683594199163E-15, 0.000000000000000000, 1.000000000000000000 ) ) ;
#958 = LINE ( 'NONE', #910, #7873 ) ;
#959 = FACE_OUTER_BOUND ( 'NONE', #2780, .T. ) ;
#960 = VECTOR ( 'NONE', #9303, 1000.000000000000000 ) ;
#961 = ORIENTED_EDGE ( 'NONE', *, *, #9190, .T. ) ;
#962 = DIRECTION ( 'NONE',  ( 2.551063935260010491E-16, 0.000000000000000000, 1.000000000000000000 ) ) ;
#963 = ORIENTED_EDGE ( 'NONE', *, *, #4909, .T. ) ;
#964 = EDGE_LOOP ( 'NONE', ( #7502, #4206, #6924, #175, #774, #6015 ) ) ;
#965 = LINE ( 'NONE', #6224, #2698 ) ;
#966 = ORIENTED_EDGE ( 'NONE', *, *, #5037, .T. ) ;
#967 = VECTOR ( 'NONE', #9111, 1000.000000000000000 ) ;
#968 = VECTOR ( 'NONE', #3357, 1000.000000000000000 ) ;
#969 = PLANE ( 'NONE',  #1991 ) ;
#970 = CARTESIAN_POINT ( 'NONE',  ( 1.250000000000000666, 0.000000000000000000, 1.225000000000000533 ) ) ;
#971 = DIRECTION ( 'NONE',  ( 0.000000000000000000, 1.000000000000000000, 0.000000000000000000 ) ) ;
#972 = DIRECTION ( 'NONE',  ( 0.000000000000000000, -1.000000000000000000, 0.000000000000000000 ) ) ;
#973 = AXIS2_PLACEMENT_3D ( 'NONE', #7750, #431, #7204 ) ;
#974 = ORIENTED_EDGE ( 'NONE', *, *, #5006, .F. ) ;
#975 = LINE ( 'NONE', #1529, #4153 ) ;
#976 = PRESENTATION_LAYER_ASSIGNMENT (  '', '', ( #5976 ) ) ;
#977 = DIRECTION ( 'NONE',  ( 0.000000000000000000, 0.000000000000000000, 1.000000000000000000 ) ) ;
#978 = EDGE_CURVE ( 'NONE', #5858, #7374, #5119, .T. ) ;
#979 = EDGE_CURVE ( 'NONE', #430, #6992, #4528, .T. ) ;
#980 = ORIENTED_EDGE ( 'NONE', *, *, #4363, .F. ) ;
#981 = ORIENTED_EDGE ( 'NONE', *, *, #5782, .T. ) ;
#982 = CARTESIAN_POINT ( 'NONE',  ( -1.374999999999999556, 0.1000000000000000056, -1.450000000000000622 ) ) ;
#983 = DIRECTION ( 'NONE',  ( -0.000000000000000000, -1.000000000000000000, -0.000000000000000000 ) ) ;
#984 = VECTOR ( 'NONE', #6947, 1000.000000000000000 ) ;
#985 = PRESENTATION_LAYER_ASSIGNMENT (  '', '', ( #39 ) ) ;
#986 = VECTOR ( 'NONE', #8261, 1000.000000000000000 ) ;
#987 = ORIENTED_EDGE ( 'NONE', *, *, #199, .T. ) ;
#988 = CARTESIAN_POINT ( 'NONE',  ( -1.950000000000001066, 0.1000000000000000056, -0.6249999999999992228 ) ) ;
#989 = VERTEX_POINT ( 'NONE', #3648 ) ;
#990 = VERTEX_POINT ( 'NONE', #7517 ) ;
#991 = ADVANCED_FACE ( 'NONE', ( #780, #7715 ), #4037, .T. ) ;
#992 = VECTOR ( 'NONE', #945, 1000.000000000000000 ) ;
#993 = DIRECTION ( 'NONE',  ( 0.000000000000000000, -1.000000000000000000, 0.000000000000000000 ) ) ;
#994 = EDGE_LOOP ( 'NONE', ( #6190, #7651, #2213, #6027 ) ) ;
#995 = PLANE ( 'NONE',  #1968 ) ;
#996 = FACE_OUTER_BOUND ( 'NONE', #6101, .T. ) ;
#997 = CARTESIAN_POINT ( 'NONE',  ( 0.000000000000000000, 0.1000000000000000056, 0.000000000000000000 ) ) ;
#998 = LINE ( 'NONE', #1694, #8977 ) ;
#999 = EDGE_CURVE ( 'NONE', #4686, #3107, #6971, .T. ) ;
#1000 =( GEOMETRIC_REPRESENTATION_CONTEXT ( 3 ) GLOBAL_UNCERTAINTY_ASSIGNED_CONTEXT ( ( #8958 ) ) GLOBAL_UNIT_ASSIGNED_CONTEXT ( ( #8880, #7424, #6486 ) ) REPRESENTATION_CONTEXT ( 'NONE', 'WORKASPACE' ) );
#1001 = AXIS2_PLACEMENT_3D ( 'NONE', #2957, #5156, #8962 ) ;
#1002 = EDGE_CURVE ( 'NONE', #7714, #8116, #4572, .T. ) ;
#1003 = LINE ( 'NONE', #2637, #8346 ) ;
#1004 = VECTOR ( 'NONE', #104, 1000.000000000000000 ) ;
#1005 = ORIENTED_EDGE ( 'NONE', *, *, #3500, .F. ) ;
#1006 = CARTESIAN_POINT ( 'NONE',  ( 1.725000000000000755, 0.6716990566028313570, 0.1250000000000006661 ) ) ;
#1007 = ORIENTED_EDGE ( 'NONE', *, *, #784, .T. ) ;
#1008 = ORIENTED_EDGE ( 'NONE', *, *, #7647, .F. ) ;
#1009 = ORIENTED_EDGE ( 'NONE', *, *, #7376, .T. ) ;
#1010 = ADVANCED_FACE ( 'NONE', ( #258 ), #3922, .F. ) ;
#1011 = AXIS2_PLACEMENT_3D ( 'NONE', #9570, #4967, #486 ) ;
#1012 = CARTESIAN_POINT ( 'NONE',  ( 1.125000000000000666, 0.6716990566028301357, -1.500000000000000444 ) ) ;
#1013 = DIRECTION ( 'NONE',  ( 0.000000000000000000, 0.000000000000000000, 1.000000000000000000 ) ) ;
#1014 = CYLINDRICAL_SURFACE ( 'NONE', #1614, 0.1249999999999996808 ) ;
#1015 = AXIS2_PLACEMENT_3D ( 'NONE', #8013, #7929, #1205 ) ;
#1016 = VECTOR ( 'NONE', #3347, 1000.000000000000000 ) ;
#1017 = DIRECTION ( 'NONE',  ( -0.000000000000000000, -0.000000000000000000, -1.000000000000000000 ) ) ;
#1018 = CARTESIAN_POINT ( 'NONE',  ( 1.725000000000000755, 0.6716990566028312459, 1.125000000000000666 ) ) ;
#1019 = LINE ( 'NONE', #289, #8185 ) ;
#1020 = ORIENTED_EDGE ( 'NONE', *, *, #8822, .T. ) ;
#1021 = CARTESIAN_POINT ( 'NONE',  ( -0.2499999999999993616, 0.2000000000000000111, 1.225000000000000533 ) ) ;
#1022 = LINE ( 'NONE', #432, #435 ) ;
#1023 = AXIS2_PLACEMENT_3D ( 'NONE', #5050, #2898, #8040 ) ;
#1024 = ORIENTED_EDGE ( 'NONE', *, *, #8333, .F. ) ;
#1025 = AXIS2_PLACEMENT_3D ( 'NONE', #4620, #7606, #3146 ) ;
#1026 = VERTEX_POINT ( 'NONE', #982 ) ;
#1027 = CARTESIAN_POINT ( 'NONE',  ( 1.725000000000000755, 0.6716990566028312459, 1.125000000000000666 ) ) ;
#1028 = ORIENTED_EDGE ( 'NONE', *, *, #7730, .T. ) ;
#1029 = AXIS2_PLACEMENT_3D ( 'NONE', #9317, #1878, #4077 ) ;
#1030 = CARTESIAN_POINT ( 'NONE',  ( -0.8749999999999994449, 0.6716990566028301357, 1.500000000000000444 ) ) ;
#1031 = VECTOR ( 'NONE', #1092, 1000.000000000000000 ) ;
#1032 = EDGE_CURVE ( 'NONE', #50, #3527, #111, .T. ) ;
#1033 = UNCERTAINTY_MEASURE_WITH_UNIT (LENGTH_MEASURE( 1.000000000000000082E-05 ), #9149, 'distance_accuracy_value', 'NONE');
#1034 = LINE ( 'NONE', #7016, #7296 ) ;
#1035 = LINE ( 'NONE', #8283, #8649 ) ;
#1036 = ORIENTED_EDGE ( 'NONE', *, *, #8299, .F. ) ;
#1037 = DIRECTION ( 'NONE',  ( 0.000000000000000000, -1.000000000000000000, 0.000000000000000000 ) ) ;
#1038 = VECTOR ( 'NONE', #4873, 1000.000000000000000 ) ;
#1039 = CARTESIAN_POINT ( 'NONE',  ( -1.950000000000001066, 0.1000000000000000056, 0.3750000000000007772 ) ) ;
#1040 = VERTEX_POINT ( 'NONE', #4722 ) ;
#1041 = LINE ( 'NONE', #478, #3996 ) ;
#1042 = VERTEX_POINT ( 'NONE', #7617 ) ;
#1043 = LINE ( 'NONE', #9227, #8204 ) ;
#1044 = DIRECTION ( 'NONE',  ( 0.000000000000000000, 0.000000000000000000, 1.000000000000000000 ) ) ;
#1045 = AXIS2_PLACEMENT_3D ( 'NONE', #1334, #631, #8137 ) ;
#1046 = EDGE_CURVE ( 'NONE', #863, #4750, #3257, .T. ) ;
#1047 = LINE ( 'NONE', #7027, #1669 ) ;
#1048 = EDGE_LOOP ( 'NONE', ( #6940, #6237, #7895, #3863, #8950, #1361 ) ) ;
#1049 = ADVANCED_FACE ( 'NONE', ( #8386 ), #883, .F. ) ;
#1050 = AXIS2_PLACEMENT_3D ( 'NONE', #552, #7131, #3413 ) ;
#1051 = FACE_OUTER_BOUND ( 'NONE', #8789, .T. ) ;
#1052 = ORIENTED_EDGE ( 'NONE', *, *, #487, .T. ) ;
#1053 = DIRECTION ( 'NONE',  ( -0.000000000000000000, -1.000000000000000000, -0.000000000000000000 ) ) ;
#1054 = LINE ( 'NONE', #9486, #8679 ) ;
#1055 = DIRECTION ( 'NONE',  ( 0.000000000000000000, -0.000000000000000000, 1.000000000000000000 ) ) ;
#1056 = ADVANCED_FACE ( 'NONE', ( #3877 ), #6238, .T. ) ;
#1057 = EDGE_CURVE ( 'NONE', #788, #1247, #5501, .T. ) ;
#1058 = VECTOR ( 'NONE', #2695, 1000.000000000000000 ) ;
#1059 = CARTESIAN_POINT ( 'NONE',  ( -1.606107883817426973, 0.6999999999999999556, -1.099419087136932704 ) ) ;
#1060 = EDGE_LOOP ( 'NONE', ( #3655, #4224, #3140, #62 ) ) ;
#1061 = CARTESIAN_POINT ( 'NONE',  ( -1.249999999999999334, 0.1999999999999999833, 1.225000000000000533 ) ) ;
#1062 = EDGE_LOOP ( 'NONE', ( #7567, #7769, #4834, #3816 ) ) ;
#1063 = DIRECTION ( 'NONE',  ( -1.000000000000000000, 0.000000000000000000, -7.885106708985511714E-16 ) ) ;
#1064 = VERTEX_POINT ( 'NONE', #7666 ) ;
#1065 = ORIENTED_EDGE ( 'NONE', *, *, #1930, .F. ) ;
#1066 = CARTESIAN_POINT ( 'NONE',  ( -2.000000000000000000, 0.6716990566028313570, -1.124999999999999334 ) ) ;
#1067 = EDGE_CURVE ( 'NONE', #3256, #7951, #154, .T. ) ;
#1068 = SURFACE_STYLE_FILL_AREA ( #1654 ) ;
#1069 = LINE ( 'NONE', #1860, #4974 ) ;
#1070 = DIRECTION ( 'NONE',  ( -0.000000000000000000, -1.000000000000000000, -0.000000000000000000 ) ) ;
#1071 = PLANE ( 'NONE',  #6339 ) ;
#1072 = CARTESIAN_POINT ( 'NONE',  ( -0.8749999999999994449, 0.1000000000000000056, -1.500000000000000444 ) ) ;
#1073 = EDGE_CURVE ( 'NONE', #5694, #3478, #1043, .T. ) ;
#1074 = DIRECTION ( 'NONE',  ( 0.000000000000000000, -0.000000000000000000, -1.000000000000000000 ) ) ;
#1075 = DIRECTION ( 'NONE',  ( 0.000000000000000000, 1.000000000000000000, 0.000000000000000000 ) ) ;
#1076 = ORIENTED_EDGE ( 'NONE', *, *, #1469, .F. ) ;
#1077 = DIRECTION ( 'NONE',  ( 3.469446951953617739E-15, 0.000000000000000000, 1.000000000000000000 ) ) ;
#1078 = AXIS2_PLACEMENT_3D ( 'NONE', #4421, #6025, #1479 ) ;
#1079 =( GEOMETRIC_REPRESENTATION_CONTEXT ( 3 ) GLOBAL_UNCERTAINTY_ASSIGNED_CONTEXT ( ( #247 ) ) GLOBAL_UNIT_ASSIGNED_CONTEXT ( ( #9229, #7719, #5463 ) ) REPRESENTATION_CONTEXT ( 'NONE', 'WORKASPACE' ) );
#1080 = LINE ( 'NONE', #1912, #3569 ) ;
#1081 = ORIENTED_EDGE ( 'NONE', *, *, #2557, .T. ) ;
#1082 = CARTESIAN_POINT ( 'NONE',  ( 0.6000000000000000888, 0.2000000000000000111, 0.8499999999999997558 ) ) ;
#1083 = ORIENTED_EDGE ( 'NONE', *, *, #345, .F. ) ;
#1084 =( NAMED_UNIT ( * ) SI_UNIT ( $, .STERADIAN. ) SOLID_ANGLE_UNIT ( ) );
#1085 = FACE_OUTER_BOUND ( 'NONE', #4567, .T. ) ;
#1086 = VERTEX_POINT ( 'NONE', #2517 ) ;
#1087 = PLANE ( 'NONE',  #3239 ) ;
#1088 = DIRECTION ( 'NONE',  ( 0.000000000000000000, -1.000000000000000000, 0.000000000000000000 ) ) ;
#1089 = CARTESIAN_POINT ( 'NONE',  ( -2.000000000000000000, 0.1999999999999999833, 0.3750000000000007772 ) ) ;
#1090 = ORIENTED_EDGE ( 'NONE', *, *, #1424, .F. ) ;
#1091 = AXIS2_PLACEMENT_3D ( 'NONE', #4552, #3669, #5143 ) ;
#1092 = DIRECTION ( 'NONE',  ( 0.000000000000000000, -1.000000000000000000, 0.000000000000000000 ) ) ;
#1093 = VERTEX_POINT ( 'NONE', #8483 ) ;
#1094 = VERTEX_POINT ( 'NONE', #3834 ) ;
#1095 = CYLINDRICAL_SURFACE ( 'NONE', #7875, 0.1529626556016593086 ) ;
#1096 = DIRECTION ( 'NONE',  ( -1.000000000000000000, 0.000000000000000000, 3.154042683594199163E-15 ) ) ;
#1097 = DIRECTION ( 'NONE',  ( 1.000000000000000000, 0.000000000000000000, -7.885106708985511714E-16 ) ) ;
#1098 = VERTEX_POINT ( 'NONE', #1781 ) ;
#1099 = LINE ( 'NONE', #4093, #3081 ) ;
#1100 = CARTESIAN_POINT ( 'NONE',  ( -0.1249999999999988065, 0.2000000000000000111, -1.500000000000000444 ) ) ;
#1101 = CARTESIAN_POINT ( 'NONE',  ( -1.606107883817426973, 0.8000000000000000444, -1.099419087136932704 ) ) ;
#1102 = ORIENTED_EDGE ( 'NONE', *, *, #6026, .F. ) ;
#1103 = FILL_AREA_STYLE_COLOUR ( '', #233 ) ;
#1104 = EDGE_CURVE ( 'NONE', #92, #5497, #3205, .T. ) ;
#1105 = FILL_AREA_STYLE_COLOUR ( '', #3372 ) ;
#1106 = DIRECTION ( 'NONE',  ( -1.000000000000000000, 0.000000000000000000, -7.885106708985511714E-16 ) ) ;
#1107 = CARTESIAN_POINT ( 'NONE',  ( -0.1249999999999996808, 0.6716990566028301357, 1.225000000000000755 ) ) ;
#1108 = CARTESIAN_POINT ( 'NONE',  ( -0.8749999999999994449, 0.1000000000000000472, -1.500000000000000444 ) ) ;
#1109 = CARTESIAN_POINT ( 'NONE',  ( -0.7499999999999993339, 0.2000000000000000111, -1.225000000000000533 ) ) ;
#1110 = VERTEX_POINT ( 'NONE', #6081 ) ;
#1111 = ORIENTED_EDGE ( 'NONE', *, *, #9136, .F. ) ;
#1112 = CARTESIAN_POINT ( 'NONE',  ( -0.8749999999999994449, 0.2000000000000000111, 1.500000000000000444 ) ) ;
#1113 = EDGE_CURVE ( 'NONE', #8370, #5079, #9174, .T. ) ;
#1114 = DIRECTION ( 'NONE',  ( 0.000000000000000000, -0.000000000000000000, 1.000000000000000000 ) ) ;
#1115 = ADVANCED_FACE ( 'NONE', ( #8439 ), #4770, .F. ) ;
#1116 = STYLED_ITEM ( 'NONE', ( #3463 ), #329 ) ;
#1117 = FILL_AREA_STYLE ('',( #2989 ) ) ;
#1118 = FACE_OUTER_BOUND ( 'NONE', #8738, .T. ) ;
#1119 = CARTESIAN_POINT ( 'NONE',  ( -2.000000000000000000, 0.1000000000000000472, -0.6249999999999992228 ) ) ;
#1120 = DIRECTION ( 'NONE',  ( 1.000000000000000000, -0.000000000000000000, -0.000000000000000000 ) ) ;
#1121 = CARTESIAN_POINT ( 'NONE',  ( 1.125000000000000666, 0.000000000000000000, -1.450000000000000622 ) ) ;
#1122 = ORIENTED_EDGE ( 'NONE', *, *, #7904, .T. ) ;
#1123 = DIRECTION ( 'NONE',  ( -1.000000000000000000, 0.000000000000000000, 3.469446951953617739E-15 ) ) ;
#1124 = VECTOR ( 'NONE', #5778, 1000.000000000000000 ) ;
#1125 = CARTESIAN_POINT ( 'NONE',  ( 0.6000000000000000888, 0.2000000000000009548, 0.8499999999999997558 ) ) ;
#1126 = ORIENTED_EDGE ( 'NONE', *, *, #9645, .F. ) ;
#1127 = ORIENTED_EDGE ( 'NONE', *, *, #3272, .T. ) ;
#1128 = CARTESIAN_POINT ( 'NONE',  ( 1.125000000000000666, 0.000000000000000000, 1.450000000000000178 ) ) ;
#1129 = EDGE_CURVE ( 'NONE', #2245, #8887, #5348, .T. ) ;
#1130 = DIRECTION ( 'NONE',  ( 0.000000000000000000, 0.000000000000000000, 1.000000000000000000 ) ) ;
#1131 = LINE ( 'NONE', #3061, #8152 ) ;
#1132 = ORIENTED_EDGE ( 'NONE', *, *, #4724, .T. ) ;
#1133 = CARTESIAN_POINT ( 'NONE',  ( 0.6250000000000009992, 0.6716990566028301357, 1.225000000000000311 ) ) ;
#1134 = ADVANCED_FACE ( 'NONE', ( #9476 ), #400, .T. ) ;
#1135 = FACE_OUTER_BOUND ( 'NONE', #4267, .T. ) ;
#1136 = DIRECTION ( 'NONE',  ( 0.000000000000000000, 1.000000000000000000, 0.000000000000000000 ) ) ;
#1137 = ADVANCED_FACE ( 'NONE', ( #6425 ), #1244, .T. ) ;
#1138 = ORIENTED_EDGE ( 'NONE', *, *, #933, .F. ) ;
#1139 = AXIS2_PLACEMENT_3D ( 'NONE', #7463, #7413, #1391 ) ;
#1140 = CARTESIAN_POINT ( 'NONE',  ( 1.950000000000002176, 0.000000000000000000, -0.1250000000000005551 ) ) ;
#1141 = ADVANCED_FACE ( 'NONE', ( #2771 ), #1927, .T. ) ;
#1142 = VECTOR ( 'NONE', #6711, 1000.000000000000000 ) ;
#1143 = EDGE_LOOP ( 'NONE', ( #9363, #1005, #3250, #4691 ) ) ;
#1144 = ORIENTED_EDGE ( 'NONE', *, *, #878, .F. ) ;
#1145 = CARTESIAN_POINT ( 'NONE',  ( 1.375000000000001332, 0.6716990566028301357, 1.500000000000000444 ) ) ;
#1146 = CARTESIAN_POINT ( 'NONE',  ( 0.000000000000000000, 0.05000000000000000278, 0.000000000000000000 ) ) ;
#1147 = VECTOR ( 'NONE', #9470, 1000.000000000000000 ) ;
#1148 = DIRECTION ( 'NONE',  ( -1.000000000000000000, 0.000000000000000000, -3.942553354492743531E-16 ) ) ;
#1149 = COLOUR_RGB ( '',0.7921568627450980005, 0.8196078431372548767, 0.9333333333333333481 ) ;
#1150 = LINE ( 'NONE', #2721, #726 ) ;
#1151 = CARTESIAN_POINT ( 'NONE',  ( -1.725000000000000755, 0.6716990566028313570, -0.6250000000000003331 ) ) ;
#1152 = ORIENTED_EDGE ( 'NONE', *, *, #933, .T. ) ;
#1153 = DIRECTION ( 'NONE',  ( -0.000000000000000000, -1.000000000000000000, -0.000000000000000000 ) ) ;
#1154 = CYLINDRICAL_SURFACE ( 'NONE', #885, 0.1249999999999996808 ) ;
#1155 = VECTOR ( 'NONE', #4855, 1000.000000000000000 ) ;
#1156 = EDGE_LOOP ( 'NONE', ( #3368, #3906, #4681, #3060 ) ) ;
#1157 = CARTESIAN_POINT ( 'NONE',  ( 1.950000000000002176, 0.000000000000000000, 1.450000000000000178 ) ) ;
#1158 =( LENGTH_UNIT ( ) NAMED_UNIT ( * ) SI_UNIT ( .MILLI., .METRE. ) );
#1159 = ORIENTED_EDGE ( 'NONE', *, *, #3593, .F. ) ;
#1160 = LINE ( 'NONE', #9345, #1472 ) ;
#1161 = CIRCLE ( 'NONE', #7899, 0.1250000000000001110 ) ;
#1162 = CARTESIAN_POINT ( 'NONE',  ( -1.249999999999999334, 0.6716990566028301357, 1.225000000000000533 ) ) ;
#1163 = CARTESIAN_POINT ( 'NONE',  ( 1.725000000000000311, 0.000000000000000000, 0.9999999999999995559 ) ) ;
#1164 = VECTOR ( 'NONE', #6733, 1000.000000000000000 ) ;
#1165 = PLANE ( 'NONE',  #2616 ) ;
#1166 = ORIENTED_EDGE ( 'NONE', *, *, #7790, .T. ) ;
#1167 = ORIENTED_EDGE ( 'NONE', *, *, #7586, .F. ) ;
#1168 = CARTESIAN_POINT ( 'NONE',  ( -2.000000000000000000, 0.6716990566028313570, 0.3750000000000007772 ) ) ;
#1169 = VECTOR ( 'NONE', #2429, 1000.000000000000000 ) ;
#1170 = VECTOR ( 'NONE', #2204, 1000.000000000000000 ) ;
#1171 = LINE ( 'NONE', #5676, #42 ) ;
#1172 = PLANE ( 'NONE',  #6383 ) ;
#1173 = ORIENTED_EDGE ( 'NONE', *, *, #304, .T. ) ;
#1174 = EDGE_CURVE ( 'NONE', #6692, #2706, #7121, .T. ) ;
#1175 = CARTESIAN_POINT ( 'NONE',  ( -0.8749999999999971134, 0.05000000000000000278, -1.379893674072455527E-15 ) ) ;
#1176 = AXIS2_PLACEMENT_3D ( 'NONE', #4530, #7618, #2370 ) ;
#1177 = EDGE_LOOP ( 'NONE', ( #2009, #139, #3470, #9034 ) ) ;
#1178 = CARTESIAN_POINT ( 'NONE',  ( -0.6249999999999996669, 0.2000000000000000111, 1.225000000000000755 ) ) ;
#1179 = ORIENTED_EDGE ( 'NONE', *, *, #9395, .F. ) ;
#1180 = CIRCLE ( 'NONE', #9471, 0.1249999999999996808 ) ;
#1181 = DIRECTION ( 'NONE',  ( 3.154042683594198769E-15, 0.000000000000000000, -1.000000000000000000 ) ) ;
#1182 = EDGE_CURVE ( 'NONE', #6981, #21, #5695, .T. ) ;
#1183 = CARTESIAN_POINT ( 'NONE',  ( -0.6249999999999987788, 0.1999999999999996503, 1.499999999999999778 ) ) ;
#1184 = ORIENTED_EDGE ( 'NONE', *, *, #3302, .T. ) ;
#1185 = CARTESIAN_POINT ( 'NONE',  ( 1.950000000000002176, 0.1000000000000000056, -0.8749999999999994449 ) ) ;
#1186 = AXIS2_PLACEMENT_3D ( 'NONE', #5412, #1692, #8499 ) ;
#1187 = PLANE ( 'NONE',  #7129 ) ;
#1188 = AXIS2_PLACEMENT_3D ( 'NONE', #970, #8235, #3771 ) ;
#1189 = PLANE ( 'NONE',  #4740 ) ;
#1190 = EDGE_CURVE ( 'NONE', #3315, #4726, #7220, .T. ) ;
#1191 = EDGE_LOOP ( 'NONE', ( #9251, #1293, #1819, #553, #1744, #9386 ) ) ;
#1192 = ADVANCED_FACE ( 'NONE', ( #7819 ), #1095, .F. ) ;
#1193 = VECTOR ( 'NONE', #3875, 1000.000000000000000 ) ;
#1194 = ORIENTED_EDGE ( 'NONE', *, *, #6499, .F. ) ;
#1195 = CARTESIAN_POINT ( 'NONE',  ( -1.606107883817426973, 0.6999999999999999556, -0.9464564315352734791 ) ) ;
#1196 = DIRECTION ( 'NONE',  ( -0.000000000000000000, -1.000000000000000000, -0.000000000000000000 ) ) ;
#1197 = EDGE_CURVE ( 'NONE', #4081, #5106, #1984, .T. ) ;
#1198 = CIRCLE ( 'NONE', #8853, 0.1249999999999996808 ) ;
#1199 = VECTOR ( 'NONE', #7653, 1000.000000000000000 ) ;
#1200 = LINE ( 'NONE', #5701, #252 ) ;
#1201 = DIRECTION ( 'NONE',  ( 1.000000000000000000, 0.000000000000000000, -0.000000000000000000 ) ) ;
#1202 = PLANE ( 'NONE',  #5442 ) ;
#1203 = LINE ( 'NONE', #8826, #3236 ) ;
#1204 = ORIENTED_EDGE ( 'NONE', *, *, #287, .T. ) ;
#1205 = DIRECTION ( 'NONE',  ( 0.000000000000000000, 0.000000000000000000, 1.000000000000000000 ) ) ;
#1206 = FILL_AREA_STYLE_COLOUR ( '', #4461 ) ;
#1207 = VECTOR ( 'NONE', #3608, 1000.000000000000000 ) ;
#1208 = ORIENTED_EDGE ( 'NONE', *, *, #2799, .F. ) ;
#1209 = DIRECTION ( 'NONE',  ( 0.000000000000000000, 1.000000000000000000, 0.000000000000000000 ) ) ;
#1210 = CARTESIAN_POINT ( 'NONE',  ( -0.6249999999999988898, 0.2000000000000000111, 1.450000000000000178 ) ) ;
#1211 = LINE ( 'NONE', #4202, #3496 ) ;
#1212 = FACE_OUTER_BOUND ( 'NONE', #7132, .T. ) ;
#1213 = VECTOR ( 'NONE', #1916, 1000.000000000000000 ) ;
#1214 = PLANE ( 'NONE',  #8552 ) ;
#1215 = VERTEX_POINT ( 'NONE', #4184 ) ;
#1216 = VERTEX_POINT ( 'NONE', #5014 ) ;
#1217 =( NAMED_UNIT ( * ) SI_UNIT ( $, .STERADIAN. ) SOLID_ANGLE_UNIT ( ) );
#1218 = EDGE_CURVE ( 'NONE', #2077, #471, #5649, .T. ) ;
#1219 = CARTESIAN_POINT ( 'NONE',  ( -1.950000000000001066, 0.05000000000000000278, -0.6249999999999993339 ) ) ;
#1220 = VECTOR ( 'NONE', #7825, 1000.000000000000000 ) ;
#1221 = CARTESIAN_POINT ( 'NONE',  ( -0.6249999999999996669, 0.6716990566028301357, 1.225000000000000755 ) ) ;
#1222 = CARTESIAN_POINT ( 'NONE',  ( 1.375000000000001332, 0.1999999999999999833, -1.500000000000000444 ) ) ;
#1223 = EDGE_LOOP ( 'NONE', ( #4559, #3533, #1159, #8015, #6379, #6178 ) ) ;
#1224 = LINE ( 'NONE', #6414, #5837 ) ;
#1225 = ORIENTED_EDGE ( 'NONE', *, *, #4002, .F. ) ;
#1226 = ORIENTED_EDGE ( 'NONE', *, *, #1104, .F. ) ;
#1227 = DIRECTION ( 'NONE',  ( 0.000000000000000000, 0.000000000000000000, 1.000000000000000000 ) ) ;
#1228 = AXIS2_PLACEMENT_3D ( 'NONE', #4165, #1908, #7891 ) ;
#1229 = DIRECTION ( 'NONE',  ( -0.000000000000000000, -1.000000000000000000, -0.000000000000000000 ) ) ;
#1230 = CARTESIAN_POINT ( 'NONE',  ( 2.000000000000000888, 0.6716990566028313570, -0.3749999999999994449 ) ) ;
#1231 = FILL_AREA_STYLE ('',( #7952 ) ) ;
#1232 = ORIENTED_EDGE ( 'NONE', *, *, #7805, .T. ) ;
#1233 = CARTESIAN_POINT ( 'NONE',  ( 1.375000000000001110, 0.1000000000000000056, -1.450000000000000622 ) ) ;
#1234 = EDGE_CURVE ( 'NONE', #1568, #1270, #7173, .T. ) ;
#1235 = CARTESIAN_POINT ( 'NONE',  ( -0.1249999999999996808, 0.1000000000000000472, -1.225000000000000755 ) ) ;
#1236 = AXIS2_PLACEMENT_3D ( 'NONE', #7140, #7979, #8699 ) ;
#1237 = CARTESIAN_POINT ( 'NONE',  ( 0.6250000000000005551, 0.1999999999999999833, 1.500000000000000444 ) ) ;
#1238 = PLANE ( 'NONE',  #9278 ) ;
#1239 = ADVANCED_FACE ( 'NONE', ( #445 ), #2715, .T. ) ;
#1240 = ORIENTED_EDGE ( 'NONE', *, *, #7896, .F. ) ;
#1241 = ORIENTED_EDGE ( 'NONE', *, *, #2557, .F. ) ;
#1242 = ADVANCED_FACE ( 'NONE', ( #8590 ), #4966, .F. ) ;
#1243 = EDGE_CURVE ( 'NONE', #5974, #5730, #4135, .T. ) ;
#1244 = PLANE ( 'NONE',  #653 ) ;
#1245 = DIRECTION ( 'NONE',  ( 1.000000000000000000, 0.000000000000000000, -1.084202172485504681E-16 ) ) ;
#1246 = AXIS2_PLACEMENT_3D ( 'NONE', #1012, #3281, #6999 ) ;
#1247 = VERTEX_POINT ( 'NONE', #3488 ) ;
#1248 = EDGE_CURVE ( 'NONE', #2115, #2077, #8947, .T. ) ;
#1249 = ORIENTED_EDGE ( 'NONE', *, *, #38, .T. ) ;
#1250 = CARTESIAN_POINT ( 'NONE',  ( -1.950000000000001066, 0.1000000000000000056, -1.450000000000000622 ) ) ;
#1251 = CARTESIAN_POINT ( 'NONE',  ( 1.950000000000002176, 0.6716990566028313570, -0.8749999999999994449 ) ) ;
#1252 = ORIENTED_EDGE ( 'NONE', *, *, #8177, .T. ) ;
#1253 = DIRECTION ( 'NONE',  ( 0.000000000000000000, 1.000000000000000000, -0.000000000000000000 ) ) ;
#1254 = ADVANCED_FACE ( 'NONE', ( #2035 ), #8004, .F. ) ;
#1255 = VECTOR ( 'NONE', #5851, 1000.000000000000000 ) ;
#1256 = DIRECTION ( 'NONE',  ( 1.000000000000000000, 0.000000000000000000, -7.885106708985511714E-16 ) ) ;
#1257 = ORIENTED_EDGE ( 'NONE', *, *, #7484, .T. ) ;
#1259 = ADVANCED_FACE ( 'NONE', ( #6285 ), #9276, .T. ) ;
#1258 = CARTESIAN_POINT ( 'NONE',  ( -1.606107883817426973, 0.8000000000000000444, -0.9464564315352734791 ) ) ;
#1260 = DIRECTION ( 'NONE',  ( -1.000000000000000000, 0.000000000000000000, -3.942553354492743531E-16 ) ) ;
#1261 = DIRECTION ( 'NONE',  ( -0.000000000000000000, -1.000000000000000000, -0.000000000000000000 ) ) ;
#1262 = EDGE_CURVE ( 'NONE', #7118, #2654, #9615, .T. ) ;
#1263 = CARTESIAN_POINT ( 'NONE',  ( -0.1249999999999988065, 0.2000000000000000111, -1.500000000000000444 ) ) ;
#1264 = FACE_OUTER_BOUND ( 'NONE', #9196, .T. ) ;
#1265 = ORIENTED_EDGE ( 'NONE', *, *, #2549, .T. ) ;
#1266 = ORIENTED_EDGE ( 'NONE', *, *, #7768, .T. ) ;
#1267 = CARTESIAN_POINT ( 'NONE',  ( -0.1249999999999988065, 0.1000000000000000472, 1.500000000000000444 ) ) ;
#1268 = DIRECTION ( 'NONE',  ( -1.577021341797097215E-15, 0.000000000000000000, -1.000000000000000000 ) ) ;
#1269 = CARTESIAN_POINT ( 'NONE',  ( -1.725000000000000755, 0.05000000000000023870, 0.3749999999999996669 ) ) ;
#1270 = VERTEX_POINT ( 'NONE', #635 ) ;
#1271 = DIRECTION ( 'NONE',  ( -1.000000000000000000, 0.000000000000000000, 0.000000000000000000 ) ) ;
#1272 = ORIENTED_EDGE ( 'NONE', *, *, #873, .F. ) ;
#1273 = PLANE ( 'NONE',  #81 ) ;
#1274 = EDGE_LOOP ( 'NONE', ( #2460, #8894, #5150, #1194 ) ) ;
#1275 = LINE ( 'NONE', #525, #2605 ) ;
#1276 = DIRECTION ( 'NONE',  ( -1.000000000000000000, 0.000000000000000000, -0.000000000000000000 ) ) ;
#1277 = VERTEX_POINT ( 'NONE', #3634 ) ;
#1278 = FACE_OUTER_BOUND ( 'NONE', #3461, .T. ) ;
#1279 = DIRECTION ( 'NONE',  ( 0.000000000000000000, 0.000000000000000000, -1.000000000000000000 ) ) ;
#1280 = FACE_OUTER_BOUND ( 'NONE', #5186, .T. ) ;
#1281 = ORIENTED_EDGE ( 'NONE', *, *, #8542, .T. ) ;
#1282 = DIRECTION ( 'NONE',  ( 0.000000000000000000, -1.000000000000000000, 0.000000000000000000 ) ) ;
#1283 = VERTEX_POINT ( 'NONE', #2262 ) ;
#1284 = DIRECTION ( 'NONE',  ( 0.000000000000000000, -0.000000000000000000, -1.000000000000000000 ) ) ;
#1285 = FACE_OUTER_BOUND ( 'NONE', #3213, .T. ) ;
#1286 = CARTESIAN_POINT ( 'NONE',  ( 1.950000000000002176, 0.000000000000000000, 0.8749999999999992228 ) ) ;
#1287 = AXIS2_PLACEMENT_3D ( 'NONE', #9054, #9203, #2349 ) ;
#1288 = ORIENTED_EDGE ( 'NONE', *, *, #9329, .T. ) ;
#1289 = EDGE_CURVE ( 'NONE', #2890, #9441, #8815, .T. ) ;
#1290 = AXIS2_PLACEMENT_3D ( 'NONE', #6474, #8733, #2566 ) ;
#1291 = DIRECTION ( 'NONE',  ( 0.000000000000000000, -0.000000000000000000, 1.000000000000000000 ) ) ;
#1292 = PRESENTATION_STYLE_ASSIGNMENT (( #1349 ) ) ;
#1293 = ORIENTED_EDGE ( 'NONE', *, *, #3167, .T. ) ;
#1294 = LINE ( 'NONE', #1157, #713 ) ;
#1295 = EDGE_CURVE ( 'NONE', #3256, #4354, #3728, .T. ) ;
#1296 = CARTESIAN_POINT ( 'NONE',  ( -0.6249999999999987788, 0.1000000000000000056, -1.450000000000000622 ) ) ;
#1297 = VECTOR ( 'NONE', #2662, 1000.000000000000000 ) ;
#1298 = EDGE_LOOP ( 'NONE', ( #4673, #8624, #8117, #3241, #7431, #496 ) ) ;
#1299 = LINE ( 'NONE', #5803, #6007 ) ;
#1300 = DIRECTION ( 'NONE',  ( 0.000000000000000000, -0.000000000000000000, 1.000000000000000000 ) ) ;
#1301 = DIRECTION ( 'NONE',  ( 0.000000000000000000, -0.000000000000000000, 1.000000000000000000 ) ) ;
#1302 = EDGE_CURVE ( 'NONE', #3640, #7928, #589, .T. ) ;
#1303 = VECTOR ( 'NONE', #756, 1000.000000000000000 ) ;
#1304 = CARTESIAN_POINT ( 'NONE',  ( 2.000000000000000000, 0.6716990566028313570, -0.1249999999999992506 ) ) ;
#1305 = DIRECTION ( 'NONE',  ( 0.000000000000000000, 0.000000000000000000, -1.000000000000000000 ) ) ;
#1306 = ORIENTED_EDGE ( 'NONE', *, *, #2079, .T. ) ;
#1307 = VERTEX_POINT ( 'NONE', #7369 ) ;
#1308 = PRESENTATION_LAYER_ASSIGNMENT (  '', '', ( #517 ) ) ;
#1309 = SURFACE_STYLE_FILL_AREA ( #8024 ) ;
#1310 = EDGE_CURVE ( 'NONE', #7714, #8354, #680, .T. ) ;
#1311 = DIRECTION ( 'NONE',  ( 0.000000000000000000, -1.000000000000000000, 0.000000000000000000 ) ) ;
#1312 = DIRECTION ( 'NONE',  ( -3.154042683594199163E-15, 0.000000000000000000, 1.000000000000000000 ) ) ;
#1313 = EDGE_CURVE ( 'NONE', #7185, #3618, #4468, .T. ) ;
#1314 = VECTOR ( 'NONE', #6060, 1000.000000000000000 ) ;
#1315 = FILL_AREA_STYLE_COLOUR ( '', #2731 ) ;
#1316 = VERTEX_POINT ( 'NONE', #8101 ) ;
#1317 = CARTESIAN_POINT ( 'NONE',  ( -1.725000000000000755, 0.05000000000000023870, 0.8749999999999996669 ) ) ;
#1318 = ADVANCED_FACE ( 'NONE', ( #6564 ), #6611, .T. ) ;
#1319 = VERTEX_POINT ( 'NONE', #4418 ) ;
#1320 = CARTESIAN_POINT ( 'NONE',  ( -1.124999999999998890, 0.6716990566028301357, 1.500000000000000444 ) ) ;
#1321 = ORIENTED_EDGE ( 'NONE', *, *, #4422, .T. ) ;
#1322 = DIRECTION ( 'NONE',  ( 0.000000000000000000, 0.000000000000000000, -1.000000000000000000 ) ) ;
#1323 = AXIS2_PLACEMENT_3D ( 'NONE', #3750, #4588, #5419 ) ;
#1324 = CARTESIAN_POINT ( 'NONE',  ( 1.725000000000000755, 0.6716990566028312459, 1.125000000000000666 ) ) ;
#1325 = VECTOR ( 'NONE', #4312, 1000.000000000000000 ) ;
#1326 = LINE ( 'NONE', #9559, #9325 ) ;
#1327 = ADVANCED_FACE ( 'NONE', ( #5152 ), #8870, .T. ) ;
#1328 = CARTESIAN_POINT ( 'NONE',  ( -0.6249999999999996669, 0.1999999999999999833, 1.225000000000000755 ) ) ;
#1329 = AXIS2_PLACEMENT_3D ( 'NONE', #997, #9390, #9430 ) ;
#1330 = CARTESIAN_POINT ( 'NONE',  ( 1.725000000000000755, 0.05000000000000023870, -0.8749999999999993339 ) ) ;
#1331 = DIRECTION ( 'NONE',  ( 0.000000000000000000, 1.000000000000000000, 0.000000000000000000 ) ) ;
#1332 = VECTOR ( 'NONE', #8975, 1000.000000000000000 ) ;
#1333 = ORIENTED_EDGE ( 'NONE', *, *, #110, .F. ) ;
#1334 = CARTESIAN_POINT ( 'NONE',  ( 1.950000000000002176, 0.1000000000000000056, -1.450000000000000622 ) ) ;
#1335 = CARTESIAN_POINT ( 'NONE',  ( -0.1249999999999988065, 0.1000000000000000056, 1.450000000000000178 ) ) ;
#1336 = AXIS2_PLACEMENT_3D ( 'NONE', #7329, #4376, #4230 ) ;
#1337 = ORIENTED_EDGE ( 'NONE', *, *, #5013, .F. ) ;
#1338 = EDGE_CURVE ( 'NONE', #5809, #7767, #9664, .T. ) ;
#1339 = CARTESIAN_POINT ( 'NONE',  ( 1.999999999999999112, 0.1000000000000002554, 1.499999999999999556 ) ) ;
#1340 = FACE_OUTER_BOUND ( 'NONE', #7506, .T. ) ;
#1341 = VECTOR ( 'NONE', #8554, 1000.000000000000000 ) ;
#1342 = AXIS2_PLACEMENT_3D ( 'NONE', #6908, #1720, #4517 ) ;
#1343 = DIRECTION ( 'NONE',  ( 1.000000000000000000, -0.000000000000000000, 1.577021341797097018E-15 ) ) ;
#1344 = VERTEX_POINT ( 'NONE', #6523 ) ;
#1345 = VECTOR ( 'NONE', #1486, 1000.000000000000000 ) ;
#1346 = AXIS2_PLACEMENT_3D ( 'NONE', #8382, #4716, #7659 ) ;
#1347 = DIRECTION ( 'NONE',  ( 0.000000000000000000, 1.000000000000000000, 0.000000000000000000 ) ) ;
#1348 = CARTESIAN_POINT ( 'NONE',  ( -2.000000000000000888, 0.1000000000000000472, 0.6250000000000005551 ) ) ;
#1349 = SURFACE_STYLE_USAGE ( .BOTH. , #2779 ) ;
#1350 = ORIENTED_EDGE ( 'NONE', *, *, #9702, .F. ) ;
#1351 = LINE ( 'NONE', #4339, #822 ) ;
#1352 = ADVANCED_FACE ( 'NONE', ( #5060 ), #5929, .F. ) ;
#1353 = ORIENTED_EDGE ( 'NONE', *, *, #2582, .T. ) ;
#1354 = VECTOR ( 'NONE', #8180, 1000.000000000000000 ) ;
#1355 = FACE_OUTER_BOUND ( 'NONE', #3577, .T. ) ;
#1356 = DIRECTION ( 'NONE',  ( 1.000000000000000000, 0.000000000000000000, -0.000000000000000000 ) ) ;
#1357 = ADVANCED_FACE ( 'NONE', ( #9707 ), #5969, .T. ) ;
#1358 = VERTEX_POINT ( 'NONE', #5111 ) ;
#1359 = CARTESIAN_POINT ( 'NONE',  ( -1.725000000000000755, 0.000000000000000000, 0.1250000000000006661 ) ) ;
#1360 = VERTEX_POINT ( 'NONE', #8049 ) ;
#1361 = ORIENTED_EDGE ( 'NONE', *, *, #340, .T. ) ;
#1362 = AXIS2_PLACEMENT_3D ( 'NONE', #7961, #1836, #9269 ) ;
#1363 = CARTESIAN_POINT ( 'NONE',  ( 1.725000000000000755, 0.6716990566028313570, 0.3749999999999994449 ) ) ;
#1364 = PLANE ( 'NONE',  #55 ) ;
#1365 = EDGE_CURVE ( 'NONE', #7379, #7358, #8955, .T. ) ;
#1366 = EDGE_CURVE ( 'NONE', #916, #8803, #2819, .T. ) ;
#1367 = VECTOR ( 'NONE', #1153, 1000.000000000000000 ) ;
#1368 = LINE ( 'NONE', #5724, #6935 ) ;
#1369 = ORIENTED_EDGE ( 'NONE', *, *, #9341, .T. ) ;
#1370 = CARTESIAN_POINT ( 'NONE',  ( -0.8749999999999990008, 0.04999999999999999584, 1.225000000000000311 ) ) ;
#1371 = CARTESIAN_POINT ( 'NONE',  ( -0.6249999999999996669, 0.1999999999999999833, -1.225000000000000755 ) ) ;
#1372 = EDGE_CURVE ( 'NONE', #8702, #5184, #9569, .T. ) ;
#1373 = ORIENTED_EDGE ( 'NONE', *, *, #1655, .F. ) ;
#1374 = FACE_OUTER_BOUND ( 'NONE', #4549, .T. ) ;
#1375 = ORIENTED_EDGE ( 'NONE', *, *, #2703, .T. ) ;
#1376 = LINE ( 'NONE', #9512, #8076 ) ;
#1377 = DIRECTION ( 'NONE',  ( -0.000000000000000000, 0.000000000000000000, -1.000000000000000000 ) ) ;
#1378 = VECTOR ( 'NONE', #6088, 1000.000000000000000 ) ;
#1379 = DIRECTION ( 'NONE',  ( 0.000000000000000000, -1.000000000000000000, 0.000000000000000000 ) ) ;
#1380 = DIRECTION ( 'NONE',  ( 0.000000000000000000, 0.000000000000000000, -1.000000000000000000 ) ) ;
#1381 = EDGE_CURVE ( 'NONE', #3024, #8284, #1388, .T. ) ;
#1382 = CARTESIAN_POINT ( 'NONE',  ( -1.725000000000000755, 0.000000000000000000, -1.125000000000000444 ) ) ;
#1383 = ORIENTED_EDGE ( 'NONE', *, *, #6495, .F. ) ;
#1384 = CARTESIAN_POINT ( 'NONE',  ( 1.950000000000002176, 0.1000000000000000056, -1.450000000000000622 ) ) ;
#1385 = VECTOR ( 'NONE', #8109, 1000.000000000000000 ) ;
#1386 = ORIENTED_EDGE ( 'NONE', *, *, #9407, .F. ) ;
#1387 = EDGE_LOOP ( 'NONE', ( #1983, #2798, #9663, #6067 ) ) ;
#1388 = LINE ( 'NONE', #4375, #5968 ) ;
#1389 = LINE ( 'NONE', #3635, #6488 ) ;
#1390 = VECTOR ( 'NONE', #4568, 1000.000000000000000 ) ;
#1391 = DIRECTION ( 'NONE',  ( 0.000000000000000000, 0.000000000000000000, -1.000000000000000000 ) ) ;
#1392 = EDGE_LOOP ( 'NONE', ( #6980, #7953, #8319, #2775 ) ) ;
#1393 = LINE ( 'NONE', #6669, #3103 ) ;
#1394 = AXIS2_PLACEMENT_3D ( 'NONE', #2001, #3002, #2220 ) ;
#1395 = DIRECTION ( 'NONE',  ( -0.000000000000000000, -1.000000000000000000, -0.000000000000000000 ) ) ;
#1396 = DIRECTION ( 'NONE',  ( -3.154042683594198769E-15, -0.000000000000000000, -1.000000000000000000 ) ) ;
#1397 = LINE ( 'NONE', #2139, #3412 ) ;
#1398 = ORIENTED_EDGE ( 'NONE', *, *, #8134, .F. ) ;
#1399 = CARTESIAN_POINT ( 'NONE',  ( 2.000000000000000000, 0.1999999999999999833, 0.3750000000000007772 ) ) ;
#1400 = SURFACE_SIDE_STYLE ('',( #6676 ) ) ;
#1401 = CARTESIAN_POINT ( 'NONE',  ( -0.1249999999999988065, 0.1999999999999999833, -1.500000000000000444 ) ) ;
#1402 = CARTESIAN_POINT ( 'NONE',  ( 4.928191693115981799E-17, 0.05000000000000000278, 0.1250000000000013323 ) ) ;
#1403 = ORIENTED_EDGE ( 'NONE', *, *, #4711, .F. ) ;
#1404 = EDGE_LOOP ( 'NONE', ( #951, #8796, #7652, #4239 ) ) ;
#1405 = CLOSED_SHELL ( 'NONE', ( #4091, #5494, #6672, #5743, #1049, #8118 ) ) ;
#1406 =( NAMED_UNIT ( * ) PLANE_ANGLE_UNIT ( ) SI_UNIT ( $, .RADIAN. ) );
#1407 = CARTESIAN_POINT ( 'NONE',  ( -2.000000000000000000, 0.2000000000000000944, -1.124999999999999334 ) ) ;
#1408 = DIRECTION ( 'NONE',  ( -0.000000000000000000, -1.000000000000000000, -0.000000000000000000 ) ) ;
#1409 = SURFACE_STYLE_USAGE ( .BOTH. , #8752 ) ;
#1410 = ORIENTED_EDGE ( 'NONE', *, *, #3446, .F. ) ;
#1411 = DIRECTION ( 'NONE',  ( -7.885106708985511714E-16, 0.000000000000000000, 1.000000000000000000 ) ) ;
#1412 = VERTEX_POINT ( 'NONE', #6857 ) ;
#1413 = FACE_OUTER_BOUND ( 'NONE', #1274, .T. ) ;
#1414 = EDGE_CURVE ( 'NONE', #1557, #3833, #3821, .T. ) ;
#1415 = VERTEX_POINT ( 'NONE', #6759 ) ;
#1416 = EDGE_CURVE ( 'NONE', #2711, #6313, #2312, .T. ) ;
#1417 = ORIENTED_EDGE ( 'NONE', *, *, #1548, .F. ) ;
#1418 = CYLINDRICAL_SURFACE ( 'NONE', #7758, 0.1250000000000000555 ) ;
#1419 = CARTESIAN_POINT ( 'NONE',  ( -1.349999999999999867, 0.000000000000000000, -0.8499999999999999778 ) ) ;
#1420 = LINE ( 'NONE', #6703, #365 ) ;
#1421 = CARTESIAN_POINT ( 'NONE',  ( 2.000000000000000000, 0.6716990566028313570, -1.124999999999999334 ) ) ;
#1422 = CARTESIAN_POINT ( 'NONE',  ( 0.6000000000000000888, 0.000000000000000000, 0.8499999999999997558 ) ) ;
#1423 = ORIENTED_EDGE ( 'NONE', *, *, #4387, .T. ) ;
#1424 = EDGE_CURVE ( 'NONE', #941, #1568, #5416, .T. ) ;
#1425 = LINE ( 'NONE', #5107, #7466 ) ;
#1426 = CARTESIAN_POINT ( 'NONE',  ( -1.124999999999998890, 0.2000000000000000111, -1.500000000000000444 ) ) ;
#1427 = ORIENTED_EDGE ( 'NONE', *, *, #6149, .F. ) ;
#1428 =( GEOMETRIC_REPRESENTATION_CONTEXT ( 3 ) GLOBAL_UNCERTAINTY_ASSIGNED_CONTEXT ( ( #6814 ) ) GLOBAL_UNIT_ASSIGNED_CONTEXT ( ( #4937, #7883, #4847 ) ) REPRESENTATION_CONTEXT ( 'NONE', 'WORKASPACE' ) );
#1429 = CARTESIAN_POINT ( 'NONE',  ( -0.3749999999999994449, 0.2000000000000000111, -1.500000000000000444 ) ) ;
#1430 = EDGE_CURVE ( 'NONE', #8572, #2321, #3699, .T. ) ;
#1431 = EDGE_CURVE ( 'NONE', #1922, #9505, #5886, .T. ) ;
#1432 = UNCERTAINTY_MEASURE_WITH_UNIT (LENGTH_MEASURE( 1.000000000000000082E-05 ), #5021, 'distance_accuracy_value', 'NONE');
#1433 = FACE_OUTER_BOUND ( 'NONE', #6380, .T. ) ;
#1434 = CARTESIAN_POINT ( 'NONE',  ( 1.999999999999999112, 0.1000000000000002554, -1.500000000000000444 ) ) ;
#1435 = ORIENTED_EDGE ( 'NONE', *, *, #6129, .T. ) ;
#1436 = CARTESIAN_POINT ( 'NONE',  ( 1.250000000000000666, 0.2000000000000000111, 1.225000000000000533 ) ) ;
#1437 = EDGE_CURVE ( 'NONE', #7754, #6967, #5391, .T. ) ;
#1438 = VECTOR ( 'NONE', #7515, 1000.000000000000000 ) ;
#1439 = CARTESIAN_POINT ( 'NONE',  ( -1.124999999999999778, 0.000000000000000000, 1.225000000000000755 ) ) ;
#1440 = ORIENTED_EDGE ( 'NONE', *, *, #6875, .F. ) ;
#1441 = DIRECTION ( 'NONE',  ( -0.000000000000000000, 0.000000000000000000, -1.000000000000000000 ) ) ;
#1442 = AXIS2_PLACEMENT_3D ( 'NONE', #4655, #2395, #3808 ) ;
#1443 = LINE ( 'NONE', #9633, #5864 ) ;
#1444 = CARTESIAN_POINT ( 'NONE',  ( 1.725000000000000755, 0.2000000000000000944, -0.8749999999999993339 ) ) ;
#1445 = VERTEX_POINT ( 'NONE', #9108 ) ;
#1446 = ORIENTED_EDGE ( 'NONE', *, *, #1602, .T. ) ;
#1447 = ORIENTED_EDGE ( 'NONE', *, *, #3739, .T. ) ;
#1448 = VECTOR ( 'NONE', #1136, 1000.000000000000000 ) ;
#1449 = AXIS2_PLACEMENT_3D ( 'NONE', #7024, #3309, #5556 ) ;
#1450 = FACE_OUTER_BOUND ( 'NONE', #952, .T. ) ;
#1451 = DIRECTION ( 'NONE',  ( 0.000000000000000000, -0.000000000000000000, -1.000000000000000000 ) ) ;
#1452 = DIRECTION ( 'NONE',  ( 0.000000000000000000, 0.000000000000000000, -1.000000000000000000 ) ) ;
#1453 = DIRECTION ( 'NONE',  ( -3.942553354492743531E-16, 0.000000000000000000, -1.000000000000000000 ) ) ;
#1454 = VECTOR ( 'NONE', #8994, 1000.000000000000000 ) ;
#1455 = VERTEX_POINT ( 'NONE', #6069 ) ;
#1456 = CARTESIAN_POINT ( 'NONE',  ( 1.999999999999999112, 0.1000000000000002554, 1.499999999999999556 ) ) ;
#1457 = ORIENTED_EDGE ( 'NONE', *, *, #9530, .T. ) ;
#1458 = ORIENTED_EDGE ( 'NONE', *, *, #8712, .F. ) ;
#1459 = LINE ( 'NONE', #3619, #4790 ) ;
#1460 = CARTESIAN_POINT ( 'NONE',  ( -1.249999999999999334, 0.2000000000000000111, -1.225000000000000533 ) ) ;
#1461 = DIRECTION ( 'NONE',  ( 3.154042683594199163E-15, 0.000000000000000000, 1.000000000000000000 ) ) ;
#1462 = VECTOR ( 'NONE', #9646, 1000.000000000000000 ) ;
#1463 = EDGE_CURVE ( 'NONE', #6992, #176, #8321, .T. ) ;
#1464 = ORIENTED_EDGE ( 'NONE', *, *, #3177, .T. ) ;
#1465 = DIRECTION ( 'NONE',  ( 0.000000000000000000, 0.000000000000000000, 1.000000000000000000 ) ) ;
#1466 = CIRCLE ( 'NONE', #8959, 0.1249999999999996808 ) ;
#1467 = ORIENTED_EDGE ( 'NONE', *, *, #8066, .F. ) ;
#1468 = VECTOR ( 'NONE', #7474, 1000.000000000000000 ) ;
#1469 = EDGE_CURVE ( 'NONE', #6301, #6428, #2357, .T. ) ;
#1470 = EDGE_LOOP ( 'NONE', ( #7395, #2146, #8659, #8278, #9297, #6257 ) ) ;
#1471 = CARTESIAN_POINT ( 'NONE',  ( 1.950000000000002176, 0.1000000000000000056, 1.450000000000000178 ) ) ;
#1472 = VECTOR ( 'NONE', #4840, 1000.000000000000000 ) ;
#1473 = VECTOR ( 'NONE', #4837, 1000.000000000000000 ) ;
#1474 = ADVANCED_FACE ( 'NONE', ( #3864 ), #2462, .F. ) ;
#1475 = EDGE_CURVE ( 'NONE', #8589, #3618, #1569, .T. ) ;
#1476 = AXIS2_PLACEMENT_3D ( 'NONE', #689, #504, #6400 ) ;
#1477 = DIRECTION ( 'NONE',  ( 0.000000000000000000, 1.000000000000000000, 0.000000000000000000 ) ) ;
#1478 = PLANE ( 'NONE',  #6690 ) ;
#1479 = DIRECTION ( 'NONE',  ( 1.000000000000000000, 0.000000000000000000, 7.885106708985511714E-16 ) ) ;
#1480 = ORIENTED_EDGE ( 'NONE', *, *, #6162, .T. ) ;
#1481 = DIRECTION ( 'NONE',  ( 0.000000000000000000, 0.000000000000000000, -1.000000000000000000 ) ) ;
#1482 = EDGE_CURVE ( 'NONE', #315, #4854, #3144, .T. ) ;
#1483 = STYLED_ITEM ( 'NONE', ( #3878 ), #4090 ) ;
#1484 = VECTOR ( 'NONE', #580, 1000.000000000000000 ) ;
#1485 = VERTEX_POINT ( 'NONE', #7550 ) ;
#1486 = DIRECTION ( 'NONE',  ( -0.000000000000000000, -0.000000000000000000, -1.000000000000000000 ) ) ;
#1487 = ORIENTED_EDGE ( 'NONE', *, *, #2622, .F. ) ;
#1488 = EDGE_CURVE ( 'NONE', #9010, #6267, #3045, .T. ) ;
#1489 = LINE ( 'NONE', #5985, #1332 ) ;
#1490 = AXIS2_PLACEMENT_3D ( 'NONE', #4221, #2759, #8723 ) ;
#1491 = VECTOR ( 'NONE', #4671, 1000.000000000000000 ) ;
#1492 = LINE ( 'NONE', #1402, #2174 ) ;
#1493 = ORIENTED_EDGE ( 'NONE', *, *, #1834, .F. ) ;
#1494 = LINE ( 'NONE', #7481, #9304 ) ;
#1495 = VERTEX_POINT ( 'NONE', #41 ) ;
#1496 = ORIENTED_EDGE ( 'NONE', *, *, #1182, .F. ) ;
#1497 = VERTEX_POINT ( 'NONE', #5447 ) ;
#1498 = VECTOR ( 'NONE', #20, 1000.000000000000000 ) ;
#1499 = PLANE ( 'NONE',  #5381 ) ;
#1500 = DIRECTION ( 'NONE',  ( 1.000000000000000000, -0.000000000000000000, 1.577021341797097018E-15 ) ) ;
#1501 = AXIS2_PLACEMENT_3D ( 'NONE', #2019, #9409, #3575 ) ;
#1502 = LINE ( 'NONE', #4496, #3229 ) ;
#1503 = FACE_OUTER_BOUND ( 'NONE', #834, .T. ) ;
#1504 = ORIENTED_EDGE ( 'NONE', *, *, #1313, .T. ) ;
#1505 = CARTESIAN_POINT ( 'NONE',  ( -2.000000000000000000, 0.000000000000000000, -0.1249999999999992506 ) ) ;
#1506 = VECTOR ( 'NONE', #2128, 1000.000000000000000 ) ;
#1507 = ORIENTED_EDGE ( 'NONE', *, *, #3447, .T. ) ;
#1508 = DIRECTION ( 'NONE',  ( -1.000000000000000000, 0.000000000000000000, 0.000000000000000000 ) ) ;
#1509 = DIRECTION ( 'NONE',  ( -3.469446951953617739E-15, 0.000000000000000000, 1.000000000000000000 ) ) ;
#1510 = DIRECTION ( 'NONE',  ( -1.000000000000000000, 0.000000000000000000, 0.000000000000000000 ) ) ;
#1511 = VECTOR ( 'NONE', #551, 1000.000000000000000 ) ;
#1512 = DIRECTION ( 'NONE',  ( 0.000000000000000000, -0.000000000000000000, -1.000000000000000000 ) ) ;
#1513 = EDGE_LOOP ( 'NONE', ( #3908, #4579, #6444, #4370 ) ) ;
#1514 = DIRECTION ( 'NONE',  ( 0.000000000000000000, -0.000000000000000000, 1.000000000000000000 ) ) ;
#1515 = VERTEX_POINT ( 'NONE', #1519 ) ;
#1516 = VECTOR ( 'NONE', #267, 1000.000000000000000 ) ;
#1517 = EDGE_CURVE ( 'NONE', #4896, #2618, #921, .T. ) ;
#1518 = EDGE_LOOP ( 'NONE', ( #6002, #8798, #1877, #2356 ) ) ;
#1519 = CARTESIAN_POINT ( 'NONE',  ( 1.250000000000000666, 0.000000000000000000, 1.100000000000000977 ) ) ;
#1520 = ADVANCED_FACE ( 'NONE', ( #3910 ), #6906, .F. ) ;
#1521 = UNCERTAINTY_MEASURE_WITH_UNIT (LENGTH_MEASURE( 1.000000000000000082E-05 ), #7303, 'distance_accuracy_value', 'NONE');
#1522 = AXIS2_PLACEMENT_3D ( 'NONE', #1168, #4160, #7146 ) ;
#1523 = CARTESIAN_POINT ( 'NONE',  ( 1.950000000000002176, 0.1000000000000000056, 1.450000000000000178 ) ) ;
#1524 = DIRECTION ( 'NONE',  ( -0.000000000000000000, -1.000000000000000000, -0.000000000000000000 ) ) ;
#1525 = CARTESIAN_POINT ( 'NONE',  ( -2.000000000000000888, 0.1999999999999999833, -0.3749999999999994449 ) ) ;
#1526 = DIRECTION ( 'NONE',  ( 1.000000000000000000, 0.000000000000000000, -0.000000000000000000 ) ) ;
#1527 = VERTEX_POINT ( 'NONE', #4710 ) ;
#1528 = DIRECTION ( 'NONE',  ( -0.000000000000000000, -1.000000000000000000, 0.000000000000000000 ) ) ;
#1529 = CARTESIAN_POINT ( 'NONE',  ( 1.725000000000000755, 0.6716990566028313570, 0.6250000000000006661 ) ) ;
#1530 = CARTESIAN_POINT ( 'NONE',  ( -0.1249999999999989730, 0.6716990566028301357, 1.450000000000000178 ) ) ;
#1531 = ADVANCED_FACE ( 'NONE', ( #7701 ), #969, .F. ) ;
#1532 = ADVANCED_FACE ( 'NONE', ( #9216 ), #2507, .T. ) ;
#1533 = LINE ( 'NONE', #7377, #6520 ) ;
#1534 = AXIS2_PLACEMENT_3D ( 'NONE', #8241, #1528, #1481 ) ;
#1535 = ORIENTED_EDGE ( 'NONE', *, *, #5503, .F. ) ;
#1536 = LINE ( 'NONE', #7810, #5810 ) ;
#1537 = DIRECTION ( 'NONE',  ( -1.000000000000000000, 0.000000000000000000, -7.885106708985511714E-16 ) ) ;
#1538 = DIRECTION ( 'NONE',  ( 3.154042683594198769E-15, 0.000000000000000000, 1.000000000000000000 ) ) ;
#1539 = ORIENTED_EDGE ( 'NONE', *, *, #3046, .F. ) ;
#1540 = ORIENTED_EDGE ( 'NONE', *, *, #6006, .F. ) ;
#1541 = VERTEX_POINT ( 'NONE', #2611 ) ;
#1542 = ADVANCED_FACE ( 'NONE', ( #8527 ), #1087, .T. ) ;
#1543 = VERTEX_POINT ( 'NONE', #389 ) ;
#1544 = LINE ( 'NONE', #8841, #6276 ) ;
#1545 = LINE ( 'NONE', #5907, #9461 ) ;
#1546 = CARTESIAN_POINT ( 'NONE',  ( 1.375000000000000444, 0.1000000000000000472, -1.225000000000000755 ) ) ;
#1547 = LINE ( 'NONE', #5310, #5251 ) ;
#1548 = EDGE_CURVE ( 'NONE', #3113, #8702, #3437, .T. ) ;
#1549 = ADVANCED_FACE ( 'NONE', ( #5542 ), #4027, .T. ) ;
#1550 = ORIENTED_EDGE ( 'NONE', *, *, #3399, .F. ) ;
#1551 = DIRECTION ( 'NONE',  ( 0.000000000000000000, 0.000000000000000000, 1.000000000000000000 ) ) ;
#1552 = CLOSED_SHELL ( 'NONE', ( #8728, #8896, #1520, #4487, #587, #3982, #6872, #2576 ) ) ;
#1553 = ORIENTED_EDGE ( 'NONE', *, *, #3705, .T. ) ;
#1554 = CARTESIAN_POINT ( 'NONE',  ( 2.000000000000000000, 0.1999999999999999833, -0.1249999999999992506 ) ) ;
#1555 = CARTESIAN_POINT ( 'NONE',  ( -0.8749999999999993339, 0.2000000000000000111, -1.450000000000000622 ) ) ;
#1556 = ORIENTED_EDGE ( 'NONE', *, *, #9574, .F. ) ;
#1557 = VERTEX_POINT ( 'NONE', #3346 ) ;
#1558 = EDGE_CURVE ( 'NONE', #8716, #6716, #5689, .T. ) ;
#1559 = CARTESIAN_POINT ( 'NONE',  ( 1.725000000000000755, 0.1999999999999999833, 0.1250000000000006661 ) ) ;
#1560 = PLANE ( 'NONE',  #4665 ) ;
#1561 = LINE ( 'NONE', #1604, #5369 ) ;
#1562 = CARTESIAN_POINT ( 'NONE',  ( 1.999999999999999112, 0.1000000000000002554, 1.499999999999999556 ) ) ;
#1563 = DIRECTION ( 'NONE',  ( 0.000000000000000000, 0.000000000000000000, -1.000000000000000000 ) ) ;
#1564 = VERTEX_POINT ( 'NONE', #344 ) ;
#1565 = CARTESIAN_POINT ( 'NONE',  ( 2.000000000000000888, 0.6716990566028312459, 1.125000000000000666 ) ) ;
#1566 = ORIENTED_EDGE ( 'NONE', *, *, #4369, .T. ) ;
#1567 = VERTEX_POINT ( 'NONE', #3297 ) ;
#1568 = VERTEX_POINT ( 'NONE', #9414 ) ;
#1569 = LINE ( 'NONE', #4562, #405 ) ;
#1570 = LINE ( 'NONE', #97, #5875 ) ;
#1571 = CARTESIAN_POINT ( 'NONE',  ( -1.124999999999999112, 0.2000000000000000111, 1.450000000000000178 ) ) ;
#1572 = DIRECTION ( 'NONE',  ( 1.577021341797097215E-15, 0.000000000000000000, -1.000000000000000000 ) ) ;
#1573 = VERTEX_POINT ( 'NONE', #1185 ) ;
#1574 = CARTESIAN_POINT ( 'NONE',  ( 2.000000000000000888, 0.6716990566028313570, 0.6250000000000005551 ) ) ;
#1575 = LINE ( 'NONE', #4569, #1004 ) ;
#1576 = ORIENTED_EDGE ( 'NONE', *, *, #4817, .F. ) ;
#1577 = CARTESIAN_POINT ( 'NONE',  ( -4.928191693115981799E-17, 0.05000000000000000278, 0.1250000000000013323 ) ) ;
#1578 = CARTESIAN_POINT ( 'NONE',  ( 0.000000000000000000, 0.8000000000000000444, 0.000000000000000000 ) ) ;
#1579 = CARTESIAN_POINT ( 'NONE',  ( 1.725000000000000311, 0.6716990566028313570, -0.5000000000000004441 ) ) ;
#1580 = EDGE_CURVE ( 'NONE', #8072, #5126, #1919, .T. ) ;
#1581 = EDGE_CURVE ( 'NONE', #8854, #9267, #1829, .T. ) ;
#1582 = ORIENTED_EDGE ( 'NONE', *, *, #2158, .T. ) ;
#1583 = LINE ( 'NONE', #9035, #9497 ) ;
#1584 = ORIENTED_EDGE ( 'NONE', *, *, #7037, .T. ) ;
#1585 = EDGE_LOOP ( 'NONE', ( #6532, #2929, #8209, #9257, #9599, #2466 ) ) ;
#1586 = ADVANCED_FACE ( 'NONE', ( #8669 ), #6274, .T. ) ;
#1587 = ORIENTED_EDGE ( 'NONE', *, *, #4118, .T. ) ;
#1588 = LINE ( 'NONE', #3991, #2909 ) ;
#1589 = LINE ( 'NONE', #3933, #2108 ) ;
#1590 = FACE_OUTER_BOUND ( 'NONE', #1688, .T. ) ;
#1591 = ADVANCED_FACE ( 'NONE', ( #4861 ), #9467, .T. ) ;
#1592 = DIRECTION ( 'NONE',  ( 1.000000000000000000, 0.000000000000000000, -7.885106708985511714E-16 ) ) ;
#1593 = VERTEX_POINT ( 'NONE', #2760 ) ;
#1594 = FACE_OUTER_BOUND ( 'NONE', #2913, .T. ) ;
#1595 = VECTOR ( 'NONE', #7438, 1000.000000000000000 ) ;
#1596 = ORIENTED_EDGE ( 'NONE', *, *, #4964, .T. ) ;
#1597 = EDGE_LOOP ( 'NONE', ( #4590, #531, #2025, #3704 ) ) ;
#1598 = VECTOR ( 'NONE', #5601, 1000.000000000000000 ) ;
#1599 = DIRECTION ( 'NONE',  ( 0.000000000000000000, 1.000000000000000000, -0.000000000000000000 ) ) ;
#1600 = PLANE ( 'NONE',  #5230 ) ;
#1601 = EDGE_CURVE ( 'NONE', #1495, #6301, #1973, .T. ) ;
#1602 = EDGE_CURVE ( 'NONE', #7342, #8618, #9370, .T. ) ;
#1603 = LINE ( 'NONE', #8902, #8729 ) ;
#1604 = CARTESIAN_POINT ( 'NONE',  ( 8.870745047608707334E-16, 0.05000000000000000278, -1.125000000000000888 ) ) ;
#1605 = CARTESIAN_POINT ( 'NONE',  ( -0.1249999999999996808, 0.1999999999999999833, 1.225000000000000755 ) ) ;
#1606 = VECTOR ( 'NONE', #2167, 1000.000000000000000 ) ;
#1607 = EDGE_CURVE ( 'NONE', #6327, #9653, #2555, .T. ) ;
#1608 = FACE_OUTER_BOUND ( 'NONE', #4130, .T. ) ;
#1609 = ORIENTED_EDGE ( 'NONE', *, *, #7372, .F. ) ;
#1610 = CARTESIAN_POINT ( 'NONE',  ( 0.7500000000000006661, 0.6716990566028301357, 1.225000000000000533 ) ) ;
#1611 = VERTEX_POINT ( 'NONE', #7213 ) ;
#1612 = ORIENTED_EDGE ( 'NONE', *, *, #5191, .T. ) ;
#1613 = AXIS2_PLACEMENT_3D ( 'NONE', #8851, #6693, #2153 ) ;
#1614 = AXIS2_PLACEMENT_3D ( 'NONE', #5378, #9301, #907 ) ;
#1615 = ORIENTED_EDGE ( 'NONE', *, *, #4131, .F. ) ;
#1616 = CARTESIAN_POINT ( 'NONE',  ( -1.950000000000001066, 0.1000000000000000056, -1.450000000000000622 ) ) ;
#1617 = VECTOR ( 'NONE', #7202, 1000.000000000000000 ) ;
#1618 = PLANE ( 'NONE',  #1025 ) ;
#1619 = CARTESIAN_POINT ( 'NONE',  ( 1.950000000000002176, 0.000000000000000000, -1.450000000000000622 ) ) ;
#1620 = DIRECTION ( 'NONE',  ( 0.000000000000000000, 0.000000000000000000, -1.000000000000000000 ) ) ;
#1621 = ORIENTED_EDGE ( 'NONE', *, *, #2326, .F. ) ;
#1622 = DIRECTION ( 'NONE',  ( 0.000000000000000000, 1.000000000000000000, -0.000000000000000000 ) ) ;
#1623 = FACE_OUTER_BOUND ( 'NONE', #4075, .T. ) ;
#1624 = PRODUCT_DEFINITION ( 'UNKNOWN', '', #5615, #9063 ) ;
#1625 = CARTESIAN_POINT ( 'NONE',  ( -1.950000000000001066, 0.6716990566028312459, 1.125000000000000666 ) ) ;
#1626 = CIRCLE ( 'NONE', #1787, 0.1249999999999996808 ) ;
#1627 = ORIENTED_EDGE ( 'NONE', *, *, #2766, .T. ) ;
#1628 = DIRECTION ( 'NONE',  ( -0.000000000000000000, -1.000000000000000000, -0.000000000000000000 ) ) ;
#1629 = DIRECTION ( 'NONE',  ( -7.885106708985511714E-16, 0.000000000000000000, 1.000000000000000000 ) ) ;
#1630 = SURFACE_SIDE_STYLE ('',( #5344 ) ) ;
#1631 = AXIS2_PLACEMENT_3D ( 'NONE', #3526, #2889, #6456 ) ;
#1632 = CARTESIAN_POINT ( 'NONE',  ( 1.950000000000002176, 0.1000000000000000056, 1.450000000000000178 ) ) ;
#1633 = SURFACE_STYLE_FILL_AREA ( #208 ) ;
#1634 = VECTOR ( 'NONE', #9050, 1000.000000000000000 ) ;
#1635 = EDGE_LOOP ( 'NONE', ( #1612, #6522, #2847, #2670 ) ) ;
#1636 = EDGE_LOOP ( 'NONE', ( #75, #2340, #7882, #9221 ) ) ;
#1637 = ORIENTED_EDGE ( 'NONE', *, *, #5948, .T. ) ;
#1638 = CARTESIAN_POINT ( 'NONE',  ( -1.124999999999999778, 0.1999999999999999833, -1.225000000000000755 ) ) ;
#1639 = ORIENTED_EDGE ( 'NONE', *, *, #3299, .T. ) ;
#1640 = DIRECTION ( 'NONE',  ( 0.000000000000000000, 0.000000000000000000, 1.000000000000000000 ) ) ;
#1641 = ADVANCED_FACE ( 'NONE', ( #479 ), #3480, .F. ) ;
#1642 = PRODUCT ( 'RVR19', 'RVR19', '', ( #2373 ) ) ;
#1643 = CARTESIAN_POINT ( 'NONE',  ( 2.000000000000000000, 0.6716990566028313570, -1.124999999999999334 ) ) ;
#1644 = CARTESIAN_POINT ( 'NONE',  ( 1.725000000000000755, 0.6716990566028313570, -0.8749999999999993339 ) ) ;
#1645 = AXIS2_PLACEMENT_3D ( 'NONE', #2123, #8095, #5147 ) ;
#1646 = EDGE_CURVE ( 'NONE', #3491, #5022, #7060, .T. ) ;
#1647 = DIRECTION ( 'NONE',  ( 0.000000000000000000, 1.000000000000000000, -0.000000000000000000 ) ) ;
#1648 = DIRECTION ( 'NONE',  ( -1.000000000000000000, 0.000000000000000000, -3.942553354492743531E-16 ) ) ;
#1649 = CARTESIAN_POINT ( 'NONE',  ( -0.2499999999999993616, 0.2000000000000000111, -1.225000000000000533 ) ) ;
#1650 = EDGE_LOOP ( 'NONE', ( #8997, #1615, #5679, #4730, #2843, #9273, #4147, #6138, #8406, #3487, #9637, #5928, #1427, #3886, #2246, #2891, #7628, #8032, #6287, #3820, #7354, #136, #9025, #8520 ) ) ;
#1651 = ORIENTED_EDGE ( 'NONE', *, *, #1488, .F. ) ;
#1652 = AXIS2_PLACEMENT_3D ( 'NONE', #4835, #1253, #2047 ) ;
#1653 = VECTOR ( 'NONE', #3528, 1000.000000000000000 ) ;
#1654 = FILL_AREA_STYLE ('',( #178 ) ) ;
#1655 = EDGE_CURVE ( 'NONE', #9233, #9256, #7761, .T. ) ;
#1656 = CARTESIAN_POINT ( 'NONE',  ( -1.950000000000001066, 0.000000000000000000, 0.9999999999999997780 ) ) ;
#1657 = ADVANCED_FACE ( 'NONE', ( #6736 ), #7527, .F. ) ;
#1658 = LINE ( 'NONE', #6106, #8041 ) ;
#1659 = DIRECTION ( 'NONE',  ( 0.000000000000000000, 0.000000000000000000, 1.000000000000000000 ) ) ;
#1660 = EDGE_CURVE ( 'NONE', #434, #863, #5909, .T. ) ;
#1661 = MECHANICAL_DESIGN_GEOMETRIC_PRESENTATION_REPRESENTATION (  '', ( #3844 ), #5108 ) ;
#1662 = DIRECTION ( 'NONE',  ( -1.577021341797097018E-15, -0.000000000000000000, 1.000000000000000000 ) ) ;
#1663 = ORIENTED_EDGE ( 'NONE', *, *, #3564, .T. ) ;
#1664 = AXIS2_PLACEMENT_3D ( 'NONE', #1616, #143, #7507 ) ;
#1665 = DIRECTION ( 'NONE',  ( 0.000000000000000000, 0.000000000000000000, -1.000000000000000000 ) ) ;
#1666 = VERTEX_POINT ( 'NONE', #4543 ) ;
#1667 = ORIENTED_EDGE ( 'NONE', *, *, #3095, .F. ) ;
#1668 = EDGE_CURVE ( 'NONE', #2543, #2233, #9041, .T. ) ;
#1669 = VECTOR ( 'NONE', #7778, 1000.000000000000000 ) ;
#1670 = ORIENTED_EDGE ( 'NONE', *, *, #794, .T. ) ;
#1671 = DIRECTION ( 'NONE',  ( -0.000000000000000000, -1.000000000000000000, -0.000000000000000000 ) ) ;
#1672 = EDGE_CURVE ( 'NONE', #3083, #5459, #752, .T. ) ;
#1673 = DIRECTION ( 'NONE',  ( -1.000000000000000000, 0.000000000000000000, 0.000000000000000000 ) ) ;
#1674 = CARTESIAN_POINT ( 'NONE',  ( -1.124999999999998890, 0.1000000000000000472, -1.500000000000000444 ) ) ;
#1675 = AXIS2_PLACEMENT_3D ( 'NONE', #5175, #7495, #3754 ) ;
#1676 = ORIENTED_EDGE ( 'NONE', *, *, #5066, .T. ) ;
#1677 = CARTESIAN_POINT ( 'NONE',  ( -0.6249999999999996669, 0.1000000000000000472, 1.225000000000000755 ) ) ;
#1678 = CARTESIAN_POINT ( 'NONE',  ( -2.000000000000000888, 0.2000000000000000944, -0.3749999999999994449 ) ) ;
#1679 = VERTEX_POINT ( 'NONE', #5216 ) ;
#1680 = CARTESIAN_POINT ( 'NONE',  ( -1.374999999999999556, 0.1000000000000000056, 1.500000000000000444 ) ) ;
#1681 = VERTEX_POINT ( 'NONE', #793 ) ;
#1682 = DIRECTION ( 'NONE',  ( 1.000000000000000000, 0.000000000000000000, 7.885106708985511714E-16 ) ) ;
#1683 = AXIS2_PLACEMENT_3D ( 'NONE', #2537, #2645, #284 ) ;
#1684 = SURFACE_SIDE_STYLE ('',( #1633 ) ) ;
#1685 = VECTOR ( 'NONE', #4475, 1000.000000000000000 ) ;
#1686 = VERTEX_POINT ( 'NONE', #6640 ) ;
#1687 = DIRECTION ( 'NONE',  ( -0.000000000000000000, -1.000000000000000000, -0.000000000000000000 ) ) ;
#1688 = EDGE_LOOP ( 'NONE', ( #1152, #8100, #9112, #1966 ) ) ;
#1689 = ORIENTED_EDGE ( 'NONE', *, *, #6754, .T. ) ;
#1690 = LINE ( 'NONE', #119, #2947 ) ;
#1691 = ORIENTED_EDGE ( 'NONE', *, *, #2627, .T. ) ;
#1692 = DIRECTION ( 'NONE',  ( -1.000000000000000000, 0.000000000000000000, 0.000000000000000000 ) ) ;
#1693 = CARTESIAN_POINT ( 'NONE',  ( 2.000000000000000000, 0.1000000000000000472, -0.6249999999999992228 ) ) ;
#1694 = CARTESIAN_POINT ( 'NONE',  ( 2.000000000000000000, 0.1999999999999999833, -1.124999999999999334 ) ) ;
#1695 = AXIS2_PLACEMENT_3D ( 'NONE', #3155, #934, #3067 ) ;
#1696 = CARTESIAN_POINT ( 'NONE',  ( 1.950000000000002176, 0.1000000000000000056, 0.3750000000000007772 ) ) ;
#1697 = VERTEX_POINT ( 'NONE', #2293 ) ;
#1698 = DIRECTION ( 'NONE',  ( 0.000000000000000000, -0.000000000000000000, 1.000000000000000000 ) ) ;
#1699 = DIRECTION ( 'NONE',  ( 3.469446951953617739E-15, 0.000000000000000000, -1.000000000000000000 ) ) ;
#1700 = DIRECTION ( 'NONE',  ( 1.000000000000000000, 0.000000000000000000, -2.551063935260010491E-16 ) ) ;
#1701 = ORIENTED_EDGE ( 'NONE', *, *, #7250, .T. ) ;
#1702 = EDGE_LOOP ( 'NONE', ( #4277, #9695, #8755, #887 ) ) ;
#1703 = DIRECTION ( 'NONE',  ( 7.885106708985511714E-16, -0.000000000000000000, 1.000000000000000000 ) ) ;
#1704 = CARTESIAN_POINT ( 'NONE',  ( 0.000000000000000000, 0.1000000000000000056, 0.000000000000000000 ) ) ;
#1705 = CARTESIAN_POINT ( 'NONE',  ( -1.725000000000001199, 0.1999999999999999833, -2.168404344971008868E-16 ) ) ;
#1706 = CARTESIAN_POINT ( 'NONE',  ( 1.125000000000000888, 0.000000000000000000, 1.225000000000000311 ) ) ;
#1707 = DIRECTION ( 'NONE',  ( 0.000000000000000000, 1.000000000000000000, 0.000000000000000000 ) ) ;
#1708 = DIRECTION ( 'NONE',  ( 0.000000000000000000, -1.000000000000000000, 0.000000000000000000 ) ) ;
#1709 = VERTEX_POINT ( 'NONE', #3076 ) ;
#1710 = EDGE_CURVE ( 'NONE', #9676, #6643, #8212, .T. ) ;
#1711 = DIRECTION ( 'NONE',  ( 1.000000000000000000, 0.000000000000000000, -0.000000000000000000 ) ) ;
#1712 = EDGE_CURVE ( 'NONE', #3788, #3833, #1502, .T. ) ;
#1713 = ORIENTED_EDGE ( 'NONE', *, *, #1469, .T. ) ;
#1714 = DIRECTION ( 'NONE',  ( -0.000000000000000000, -0.000000000000000000, -1.000000000000000000 ) ) ;
#1715 = ORIENTED_EDGE ( 'NONE', *, *, #29, .T. ) ;
#1716 = VECTOR ( 'NONE', #4405, 1000.000000000000000 ) ;
#1717 = DIRECTION ( 'NONE',  ( -0.000000000000000000, -1.000000000000000000, -0.000000000000000000 ) ) ;
#1718 = ORIENTED_EDGE ( 'NONE', *, *, #6558, .F. ) ;
#1719 = DIRECTION ( 'NONE',  ( -1.000000000000000000, 0.000000000000000000, -3.942553354492743531E-16 ) ) ;
#1720 = DIRECTION ( 'NONE',  ( 1.000000000000000000, 0.000000000000000000, -0.000000000000000000 ) ) ;
#1721 = DIRECTION ( 'NONE',  ( -7.885106708985511714E-16, 0.000000000000000000, 1.000000000000000000 ) ) ;
#1722 = EDGE_CURVE ( 'NONE', #4864, #5974, #5947, .T. ) ;
#1723 = ORIENTED_EDGE ( 'NONE', *, *, #2328, .F. ) ;
#1724 = CARTESIAN_POINT ( 'NONE',  ( -2.000000000000000888, 0.1000000000000002554, 0.8750000000000007772 ) ) ;
#1725 = CYLINDRICAL_SURFACE ( 'NONE', #1346, 0.1249999999999996808 ) ;
#1726 = EDGE_CURVE ( 'NONE', #5848, #8307, #6780, .T. ) ;
#1727 = EDGE_LOOP ( 'NONE', ( #8983, #250, #7808, #5078, #2852, #769 ) ) ;
#1728 = LINE ( 'NONE', #1577, #6349 ) ;
#1729 = EDGE_CURVE ( 'NONE', #1564, #863, #8988, .T. ) ;
#1730 = DIRECTION ( 'NONE',  ( -0.000000000000000000, 1.000000000000000000, -0.000000000000000000 ) ) ;
#1731 = CARTESIAN_POINT ( 'NONE',  ( -0.6249999999999987788, 0.2000000000000000111, -1.500000000000000444 ) ) ;
#1732 = ADVANCED_FACE ( 'NONE', ( #9642 ), #2934, .T. ) ;
#1733 = ORIENTED_EDGE ( 'NONE', *, *, #9198, .F. ) ;
#1734 = DIRECTION ( 'NONE',  ( 0.000000000000000000, -1.000000000000000000, 0.000000000000000000 ) ) ;
#1735 = CARTESIAN_POINT ( 'NONE',  ( -0.2499999999999993616, 0.2000000000000000111, 1.100000000000000977 ) ) ;
#1736 = VERTEX_POINT ( 'NONE', #8259 ) ;
#1737 = CARTESIAN_POINT ( 'NONE',  ( -0.1249999999999988065, 0.6716990566028301357, -1.500000000000000444 ) ) ;
#1738 = EDGE_LOOP ( 'NONE', ( #2400, #416, #4779, #5906, #184, #2355 ) ) ;
#1739 = DIRECTION ( 'NONE',  ( 0.000000000000000000, 0.000000000000000000, -1.000000000000000000 ) ) ;
#1740 = LINE ( 'NONE', #122, #7746 ) ;
#1741 = SURFACE_STYLE_FILL_AREA ( #319 ) ;
#1742 = CARTESIAN_POINT ( 'NONE',  ( -2.000000000000000000, 0.1000000000000000472, 0.8750000000000007772 ) ) ;
#1743 = DIRECTION ( 'NONE',  ( 0.000000000000000000, -1.000000000000000000, 0.000000000000000000 ) ) ;
#1744 = ORIENTED_EDGE ( 'NONE', *, *, #806, .T. ) ;
#1745 = PLANE ( 'NONE',  #4754 ) ;
#1746 = EDGE_LOOP ( 'NONE', ( #3041, #2801, #7393, #9691 ) ) ;
#1747 = CARTESIAN_POINT ( 'NONE',  ( 1.999999999999999112, 0.1000000000000002554, 1.499999999999999556 ) ) ;
#1748 = ORIENTED_EDGE ( 'NONE', *, *, #3109, .T. ) ;
#1749 = LINE ( 'NONE', #9098, #331 ) ;
#1750 = LINE ( 'NONE', #6259, #3721 ) ;
#1751 = DIRECTION ( 'NONE',  ( 0.000000000000000000, 0.000000000000000000, 1.000000000000000000 ) ) ;
#1752 = PLANE ( 'NONE',  #1442 ) ;
#1753 = CARTESIAN_POINT ( 'NONE',  ( 1.950000000000002176, 0.05000000000000000278, 0.6250000000000005551 ) ) ;
#1754 = CIRCLE ( 'NONE', #3639, 0.1250000000000001110 ) ;
#1755 = ORIENTED_EDGE ( 'NONE', *, *, #9618, .F. ) ;
#1756 = CARTESIAN_POINT ( 'NONE',  ( -1.124999999999998890, 0.6716990566028301357, -1.500000000000000444 ) ) ;
#1757 = DIRECTION ( 'NONE',  ( 0.000000000000000000, -1.000000000000000000, 0.000000000000000000 ) ) ;
#1758 = VERTEX_POINT ( 'NONE', #3020 ) ;
#1759 = CARTESIAN_POINT ( 'NONE',  ( 1.950000000000002176, 0.1000000000000000056, 1.450000000000000178 ) ) ;
#1760 = ORIENTED_EDGE ( 'NONE', *, *, #8161, .T. ) ;
#1761 = CARTESIAN_POINT ( 'NONE',  ( -1.950000000000001066, 0.1000000000000000056, -1.450000000000000622 ) ) ;
#1762 = LINE ( 'NONE', #3393, #9254 ) ;
#1763 = VERTEX_POINT ( 'NONE', #3708 ) ;
#1764 = AXIS2_PLACEMENT_3D ( 'NONE', #537, #8673, #482 ) ;
#1765 = EDGE_CURVE ( 'NONE', #6251, #8856, #1547, .T. ) ;
#1766 = VECTOR ( 'NONE', #1510, 1000.000000000000000 ) ;
#1767 = DIRECTION ( 'NONE',  ( -0.000000000000000000, -1.000000000000000000, -0.000000000000000000 ) ) ;
#1768 = LINE ( 'NONE', #2558, #546 ) ;
#1769 = DIRECTION ( 'NONE',  ( 0.000000000000000000, -1.000000000000000000, 0.000000000000000000 ) ) ;
#1770 = ADVANCED_FACE ( 'NONE', ( #1590 ), #4587, .F. ) ;
#1771 = AXIS2_PLACEMENT_3D ( 'NONE', #2296, #8264, #1551 ) ;
#1772 = ORIENTED_EDGE ( 'NONE', *, *, #5192, .F. ) ;
#1773 = DIRECTION ( 'NONE',  ( -1.000000000000000000, 0.000000000000000000, 7.885106708985511714E-16 ) ) ;
#1774 = AXIS2_PLACEMENT_3D ( 'NONE', #8511, #3329, #7046 ) ;
#1775 = SURFACE_SIDE_STYLE ('',( #2412 ) ) ;
#1776 = ORIENTED_EDGE ( 'NONE', *, *, #6406, .T. ) ;
#1777 = CARTESIAN_POINT ( 'NONE',  ( 1.950000000000002176, 0.000000000000000000, 1.450000000000000178 ) ) ;
#1778 = ADVANCED_FACE ( 'NONE', ( #5131 ), #7437, .T. ) ;
#1779 = ADVANCED_FACE ( 'NONE', ( #3845 ), #6834, .T. ) ;
#1780 = ORIENTED_EDGE ( 'NONE', *, *, #878, .T. ) ;
#1781 = CARTESIAN_POINT ( 'NONE',  ( 1.950000000000002176, 0.1000000000000000056, 1.450000000000000178 ) ) ;
#1782 = CARTESIAN_POINT ( 'NONE',  ( -1.374999999999999556, 0.6716990566028301357, -1.500000000000000444 ) ) ;
#1783 = AXIS2_PLACEMENT_3D ( 'NONE', #8272, #7542, #1512 ) ;
#1784 = VECTOR ( 'NONE', #4802, 1000.000000000000000 ) ;
#1785 = ADVANCED_FACE ( 'NONE', ( #2026 ), #4395, .T. ) ;
#1786 = LINE ( 'NONE', #156, #3872 ) ;
#1787 = AXIS2_PLACEMENT_3D ( 'NONE', #7630, #3934, #3888 ) ;
#1788 = ORIENTED_EDGE ( 'NONE', *, *, #9017, .T. ) ;
#1789 = DIRECTION ( 'NONE',  ( -0.000000000000000000, -1.000000000000000000, -0.000000000000000000 ) ) ;
#1790 = CARTESIAN_POINT ( 'NONE',  ( 1.725000000000000755, 0.000000000000000000, -0.8749999999999993339 ) ) ;
#1791 = ORIENTED_EDGE ( 'NONE', *, *, #2033, .T. ) ;
#1792 = AXIS2_PLACEMENT_3D ( 'NONE', #1578, #9118, #8331 ) ;
#1793 = DIRECTION ( 'NONE',  ( -1.577021341797097018E-15, 0.000000000000000000, -1.000000000000000000 ) ) ;
#1794 = CARTESIAN_POINT ( 'NONE',  ( -1.725000000000000755, 0.6716990566028313570, -0.3749999999999993339 ) ) ;
#1795 = ORIENTED_EDGE ( 'NONE', *, *, #5554, .T. ) ;
#1796 = CARTESIAN_POINT ( 'NONE',  ( -1.606107883817426973, 0.8000000000000000444, -1.252381742738592152 ) ) ;
#1797 = ADVANCED_FACE ( 'NONE', ( #222 ), #9239, .T. ) ;
#1798 = DIRECTION ( 'NONE',  ( 0.000000000000000000, 1.000000000000000000, 0.000000000000000000 ) ) ;
#1799 = DIRECTION ( 'NONE',  ( 0.000000000000000000, -1.000000000000000000, 0.000000000000000000 ) ) ;
#1800 = DIRECTION ( 'NONE',  ( 0.000000000000000000, -1.000000000000000000, 0.000000000000000000 ) ) ;
#1801 = DIRECTION ( 'NONE',  ( -3.154042683594198769E-15, 0.000000000000000000, 1.000000000000000000 ) ) ;
#1802 = VECTOR ( 'NONE', #7678, 1000.000000000000000 ) ;
#1803 = DIRECTION ( 'NONE',  ( 0.000000000000000000, -1.000000000000000000, 0.000000000000000000 ) ) ;
#1804 = CIRCLE ( 'NONE', #8523, 0.1250000000000000555 ) ;
#1805 = ORIENTED_EDGE ( 'NONE', *, *, #7577, .F. ) ;
#1806 = CARTESIAN_POINT ( 'NONE',  ( -0.7499999999999993339, 0.000000000000000000, -1.225000000000000533 ) ) ;
#1807 = ORIENTED_EDGE ( 'NONE', *, *, #6790, .F. ) ;
#1808 = ORIENTED_EDGE ( 'NONE', *, *, #7044, .F. ) ;
#1809 = CIRCLE ( 'NONE', #8528, 0.1529626556016593086 ) ;
#1810 =( LENGTH_UNIT ( ) NAMED_UNIT ( * ) SI_UNIT ( .MILLI., .METRE. ) );
#1811 = DIRECTION ( 'NONE',  ( -1.577021341797097018E-15, 0.000000000000000000, -1.000000000000000000 ) ) ;
#1812 = DIRECTION ( 'NONE',  ( 0.000000000000000000, -1.000000000000000000, 0.000000000000000000 ) ) ;
#1813 = VECTOR ( 'NONE', #5923, 1000.000000000000000 ) ;
#1814 = AXIS2_PLACEMENT_3D ( 'NONE', #8475, #7764, #5544 ) ;
#1815 = CARTESIAN_POINT ( 'NONE',  ( -0.1500000000000000222, 0.2000000000000000111, -0.8499999999999999778 ) ) ;
#1816 = CARTESIAN_POINT ( 'NONE',  ( 1.375000000000001110, 0.6716990566028301357, -1.450000000000000622 ) ) ;
#1817 = DIRECTION ( 'NONE',  ( 1.000000000000000000, 0.000000000000000000, -7.885106708985511714E-16 ) ) ;
#1818 = DIRECTION ( 'NONE',  ( 0.000000000000000000, 0.000000000000000000, 1.000000000000000000 ) ) ;
#1819 = ORIENTED_EDGE ( 'NONE', *, *, #7167, .F. ) ;
#1820 = CARTESIAN_POINT ( 'NONE',  ( -1.725000000000000755, 0.6716990566028313570, -0.3749999999999993339 ) ) ;
#1821 = CARTESIAN_POINT ( 'NONE',  ( 0.7500000000000006661, 0.1999999999999999833, 1.225000000000000533 ) ) ;
#1822 = CIRCLE ( 'NONE', #8685, 0.1250000000000001110 ) ;
#1823 = ORIENTED_EDGE ( 'NONE', *, *, #4126, .F. ) ;
#1824 = VECTOR ( 'NONE', #1789, 1000.000000000000000 ) ;
#1825 = LINE ( 'NONE', #5440, #7454 ) ;
#1826 = ORIENTED_EDGE ( 'NONE', *, *, #9136, .T. ) ;
#1827 = CARTESIAN_POINT ( 'NONE',  ( -1.124999999999998890, 0.1000000000000002554, 1.500000000000000000 ) ) ;
#1828 = EDGE_LOOP ( 'NONE', ( #8909, #352, #9230, #3414 ) ) ;
#1829 = LINE ( 'NONE', #6420, #4642 ) ;
#1830 = PRESENTATION_LAYER_ASSIGNMENT (  '', '', ( #404 ) ) ;
#1831 = CARTESIAN_POINT ( 'NONE',  ( 0.7500000000000006661, 0.2000000000000000111, 1.225000000000000533 ) ) ;
#1832 = LINE ( 'NONE', #395, #3016 ) ;
#1833 = ORIENTED_EDGE ( 'NONE', *, *, #7223, .F. ) ;
#1834 = EDGE_CURVE ( 'NONE', #9038, #7243, #9189, .T. ) ;
#1835 = AXIS2_PLACEMENT_3D ( 'NONE', #7823, #5753, #4285 ) ;
#1836 = DIRECTION ( 'NONE',  ( 0.000000000000000000, 1.000000000000000000, -0.000000000000000000 ) ) ;
#1837 = FACE_OUTER_BOUND ( 'NONE', #2610, .T. ) ;
#1838 = VERTEX_POINT ( 'NONE', #3220 ) ;
#1839 = VERTEX_POINT ( 'NONE', #167 ) ;
#1840 = CARTESIAN_POINT ( 'NONE',  ( 2.000000000000000888, 0.1999999999999999833, 1.125000000000000666 ) ) ;
#1841 = DIRECTION ( 'NONE',  ( -1.000000000000000000, 0.000000000000000000, -3.942553354492743531E-16 ) ) ;
#1842 = AXIS2_PLACEMENT_3D ( 'NONE', #9049, #1599, #4597 ) ;
#1843 = CARTESIAN_POINT ( 'NONE',  ( -2.000000000000000888, 0.1000000000000000472, 0.1250000000000005551 ) ) ;
#1844 = EDGE_CURVE ( 'NONE', #1216, #6842, #272, .T. ) ;
#1845 = EDGE_CURVE ( 'NONE', #5828, #1896, #3125, .T. ) ;
#1846 = CARTESIAN_POINT ( 'NONE',  ( 0.8750000000000012212, 0.1000000000000000472, 1.500000000000000444 ) ) ;
#1847 = DIRECTION ( 'NONE',  ( 1.577021341797097018E-15, 0.000000000000000000, -1.000000000000000000 ) ) ;
#1848 = AXIS2_PLACEMENT_3D ( 'NONE', #2629, #8595, #1891 ) ;
#1849 = CARTESIAN_POINT ( 'NONE',  ( 1.950000000000002176, 0.6716990566028313570, 0.3750000000000007216 ) ) ;
#1850 = PLANE ( 'NONE',  #3832 ) ;
#1851 = CARTESIAN_POINT ( 'NONE',  ( 0.000000000000000000, 0.1000000000000000056, 0.000000000000000000 ) ) ;
#1852 = CARTESIAN_POINT ( 'NONE',  ( -0.6250000000000035527, 0.05000000000000000278, 1.971276677246385718E-15 ) ) ;
#1853 = VECTOR ( 'NONE', #9360, 1000.000000000000000 ) ;
#1854 = CYLINDRICAL_SURFACE ( 'NONE', #9122, 0.1249999999999996808 ) ;
#1855 = CARTESIAN_POINT ( 'NONE',  ( -2.000000000000000888, 0.6716990566028313570, 0.1250000000000005551 ) ) ;
#1856 = EDGE_CURVE ( 'NONE', #889, #8924, #998, .T. ) ;
#1857 = CARTESIAN_POINT ( 'NONE',  ( -0.7499999999999993339, 0.1999999999999999833, -1.225000000000000533 ) ) ;
#1858 = ORIENTED_EDGE ( 'NONE', *, *, #5688, .F. ) ;
#1859 = LINE ( 'NONE', #4845, #2465 ) ;
#1860 = CARTESIAN_POINT ( 'NONE',  ( 0.8750000000000003331, 0.1000000000000000472, 1.225000000000000755 ) ) ;
#1861 = AXIS2_PLACEMENT_3D ( 'NONE', #9295, #1261, #1899 ) ;
#1863 = EDGE_CURVE ( 'NONE', #614, #5896, #3166, .T. ) ;
#1862 =( NAMED_UNIT ( * ) SI_UNIT ( $, .STERADIAN. ) SOLID_ANGLE_UNIT ( ) );
#1864 = CARTESIAN_POINT ( 'NONE',  ( 1.725000000000000755, 0.6716990566028313570, -0.1250000000000005551 ) ) ;
#1865 = EDGE_CURVE ( 'NONE', #3029, #1270, #9133, .T. ) ;
#1866 = DIRECTION ( 'NONE',  ( 0.000000000000000000, -1.000000000000000000, 0.000000000000000000 ) ) ;
#1867 = DIRECTION ( 'NONE',  ( 0.000000000000000000, 1.000000000000000000, 0.000000000000000000 ) ) ;
#1868 = VERTEX_POINT ( 'NONE', #5471 ) ;
#1869 = FACE_OUTER_BOUND ( 'NONE', #9206, .T. ) ;
#1870 = ADVANCED_FACE ( 'NONE', ( #5568 ), #2384, .F. ) ;
#1871 = DIRECTION ( 'NONE',  ( 0.000000000000000000, 0.000000000000000000, -1.000000000000000000 ) ) ;
#1872 = ORIENTED_EDGE ( 'NONE', *, *, #8726, .F. ) ;
#1873 = CARTESIAN_POINT ( 'NONE',  ( 1.725000000000000755, 0.000000000000000000, 0.1250000000000006661 ) ) ;
#1874 = ORIENTED_EDGE ( 'NONE', *, *, #8670, .T. ) ;
#1875 = DIRECTION ( 'NONE',  ( 0.000000000000000000, 0.000000000000000000, -1.000000000000000000 ) ) ;
#1876 = LINE ( 'NONE', #4859, #9075 ) ;
#1877 = ORIENTED_EDGE ( 'NONE', *, *, #9060, .T. ) ;
#1878 = DIRECTION ( 'NONE',  ( 0.000000000000000000, -1.000000000000000000, 0.000000000000000000 ) ) ;
#1879 = DIRECTION ( 'NONE',  ( 0.000000000000000000, 0.000000000000000000, -1.000000000000000000 ) ) ;
#1880 = LINE ( 'NONE', #2765, #7879 ) ;
#1881 = ORIENTED_EDGE ( 'NONE', *, *, #4415, .T. ) ;
#1882 = CARTESIAN_POINT ( 'NONE',  ( -1.950000000000001066, 0.05000000000000000278, 0.000000000000000000 ) ) ;
#1883 = CARTESIAN_POINT ( 'NONE',  ( -2.000000000000000888, 0.6716990566028313570, 0.6250000000000005551 ) ) ;
#1884 = EDGE_LOOP ( 'NONE', ( #8937, #2329, #7059, #2675 ) ) ;
#1885 = EDGE_LOOP ( 'NONE', ( #8127, #228, #6543, #4666 ) ) ;
#1886 = DIRECTION ( 'NONE',  ( -0.000000000000000000, -1.000000000000000000, -0.000000000000000000 ) ) ;
#1887 = LINE ( 'NONE', #4871, #6009 ) ;
#1888 = DIRECTION ( 'NONE',  ( -0.000000000000000000, -1.000000000000000000, -0.000000000000000000 ) ) ;
#1889 = DIRECTION ( 'NONE',  ( 0.000000000000000000, 1.000000000000000000, 0.000000000000000000 ) ) ;
#1890 = ORIENTED_EDGE ( 'NONE', *, *, #7125, .F. ) ;
#1891 = DIRECTION ( 'NONE',  ( 3.154042683594199163E-15, 0.000000000000000000, 1.000000000000000000 ) ) ;
#1892 = VERTEX_POINT ( 'NONE', #4101 ) ;
#1893 = DIRECTION ( 'NONE',  ( 1.000000000000000000, 0.000000000000000000, -7.885106708985511714E-16 ) ) ;
#1894 = PLANE ( 'NONE',  #3980 ) ;
#1895 = EDGE_CURVE ( 'NONE', #5072, #9441, #320, .T. ) ;
#1896 = VERTEX_POINT ( 'NONE', #8448 ) ;
#1897 = PLANE ( 'NONE',  #2117 ) ;
#1898 = CARTESIAN_POINT ( 'NONE',  ( 1.725000000000000755, 0.6716990566028313570, -0.3749999999999993339 ) ) ;
#1899 = DIRECTION ( 'NONE',  ( 0.000000000000000000, 0.000000000000000000, -1.000000000000000000 ) ) ;
#1900 = EDGE_LOOP ( 'NONE', ( #8182, #5520, #7346, #6376 ) ) ;
#1901 = EDGE_LOOP ( 'NONE', ( #5408, #5248, #1715, #7153 ) ) ;
#1902 = DIRECTION ( 'NONE',  ( -0.000000000000000000, -1.000000000000000000, -0.000000000000000000 ) ) ;
#1903 = FACE_OUTER_BOUND ( 'NONE', #1960, .T. ) ;
#1904 = STYLED_ITEM ( 'NONE', ( #3853 ), #283 ) ;
#1905 = FILL_AREA_STYLE_COLOUR ( '', #8190 ) ;
#1906 = EDGE_CURVE ( 'NONE', #5273, #8391, #3320, .T. ) ;
#1907 = CARTESIAN_POINT ( 'NONE',  ( 2.000000000000000000, 0.6716990566028313570, 0.3750000000000007772 ) ) ;
#1908 = DIRECTION ( 'NONE',  ( 0.000000000000000000, -1.000000000000000000, 0.000000000000000000 ) ) ;
#1909 = VERTEX_POINT ( 'NONE', #6295 ) ;
#1910 = DIRECTION ( 'NONE',  ( 0.000000000000000000, 1.000000000000000000, -0.000000000000000000 ) ) ;
#1911 = EDGE_CURVE ( 'NONE', #1215, #1839, #9290, .T. ) ;
#1912 = CARTESIAN_POINT ( 'NONE',  ( -1.725000000000000755, 0.6716990566028313570, -1.125000000000000444 ) ) ;
#1913 = ORIENTED_EDGE ( 'NONE', *, *, #5132, .F. ) ;
#1914 = EDGE_LOOP ( 'NONE', ( #3743, #6477, #1760, #9593, #6825, #1795 ) ) ;
#1915 = CARTESIAN_POINT ( 'NONE',  ( -0.1500000000000000222, 2.280865204668480750, 0.8499999999999999778 ) ) ;
#1916 = DIRECTION ( 'NONE',  ( -1.000000000000000000, 0.000000000000000000, -7.885106708985509741E-16 ) ) ;
#1917 = DIRECTION ( 'NONE',  ( 0.000000000000000000, 0.000000000000000000, -1.000000000000000000 ) ) ;
#1918 = EDGE_CURVE ( 'NONE', #5848, #9056, #7832, .T. ) ;
#1919 = LINE ( 'NONE', #6319, #254 ) ;
#1920 = DIRECTION ( 'NONE',  ( -1.000000000000000000, 0.000000000000000000, -7.885106708985511714E-16 ) ) ;
#1921 = LINE ( 'NONE', #5009, #2866 ) ;
#1922 = VERTEX_POINT ( 'NONE', #5972 ) ;
#1923 = LINE ( 'NONE', #4912, #8058 ) ;
#1924 = AXIS2_PLACEMENT_3D ( 'NONE', #3021, #5084, #8077 ) ;
#1925 = VECTOR ( 'NONE', #2907, 1000.000000000000000 ) ;
#1926 = ORIENTED_EDGE ( 'NONE', *, *, #8908, .F. ) ;
#1927 = PLANE ( 'NONE',  #4576 ) ;
#1928 = FACE_OUTER_BOUND ( 'NONE', #2449, .T. ) ;
#1929 = AXIS2_PLACEMENT_3D ( 'NONE', #4328, #5926, #8907 ) ;
#1930 = EDGE_CURVE ( 'NONE', #9079, #7345, #6615, .T. ) ;
#1931 = EDGE_LOOP ( 'NONE', ( #9139, #6948, #36, #6216 ) ) ;
#1932 = DIRECTION ( 'NONE',  ( 1.000000000000000000, 0.000000000000000000, -7.885106708985511714E-16 ) ) ;
#1933 = EDGE_LOOP ( 'NONE', ( #9433, #2308, #1257, #7010 ) ) ;
#1934 = EDGE_LOOP ( 'NONE', ( #5794, #2289, #6777, #6453 ) ) ;
#1935 = FILL_AREA_STYLE_COLOUR ( '', #7145 ) ;
#1936 = VECTOR ( 'NONE', #8126, 1000.000000000000000 ) ;
#1937 = ORIENTED_EDGE ( 'NONE', *, *, #6990, .F. ) ;
#1938 =( NAMED_UNIT ( * ) PLANE_ANGLE_UNIT ( ) SI_UNIT ( $, .RADIAN. ) );
#1939 = VECTOR ( 'NONE', #9657, 1000.000000000000000 ) ;
#1940 = ORIENTED_EDGE ( 'NONE', *, *, #2822, .T. ) ;
#1941 = DIRECTION ( 'NONE',  ( 0.000000000000000000, 0.000000000000000000, -1.000000000000000000 ) ) ;
#1942 = AXIS2_PLACEMENT_3D ( 'NONE', #1061, #7877, #5665 ) ;
#1943 = CYLINDRICAL_SURFACE ( 'NONE', #5589, 0.1249999999999996808 ) ;
#1944 = CARTESIAN_POINT ( 'NONE',  ( 1.999999999999999112, 0.1000000000000002554, 1.499999999999999556 ) ) ;
#1945 = LINE ( 'NONE', #3422, #9293 ) ;
#1946 = DIRECTION ( 'NONE',  ( 0.000000000000000000, 1.000000000000000000, 0.000000000000000000 ) ) ;
#1947 = DIRECTION ( 'NONE',  ( 3.469446951953617739E-15, 0.000000000000000000, -1.000000000000000000 ) ) ;
#1948 = ADVANCED_FACE ( 'NONE', ( #3053 ), #5891, .F. ) ;
#1949 = ORIENTED_EDGE ( 'NONE', *, *, #9171, .T. ) ;
#1950 = ORIENTED_EDGE ( 'NONE', *, *, #6281, .T. ) ;
#1951 = SURFACE_STYLE_USAGE ( .BOTH. , #4301 ) ;
#1952 = SURFACE_STYLE_USAGE ( .BOTH. , #513 ) ;
#1953 = PLANE ( 'NONE',  #3683 ) ;
#1954 = VECTOR ( 'NONE', #898, 1000.000000000000000 ) ;
#1955 = VECTOR ( 'NONE', #4222, 1000.000000000000000 ) ;
#1956 = CARTESIAN_POINT ( 'NONE',  ( -1.950000000000001066, 0.6716990566028313570, 0.1250000000000005829 ) ) ;
#1957 = EDGE_CURVE ( 'NONE', #326, #601, #8142, .T. ) ;
#1958 = VECTOR ( 'NONE', #2682, 1000.000000000000000 ) ;
#1959 = CARTESIAN_POINT ( 'NONE',  ( -2.000000000000000000, 0.6716990566028312459, 0.8750000000000007772 ) ) ;
#1960 = EDGE_LOOP ( 'NONE', ( #3371, #3869, #3317, #6119 ) ) ;
#1961 = DIRECTION ( 'NONE',  ( 3.154042683594199163E-15, 0.000000000000000000, 1.000000000000000000 ) ) ;
#1962 = STYLED_ITEM ( 'NONE', ( #645 ), #4004 ) ;
#1963 = ORIENTED_EDGE ( 'NONE', *, *, #8612, .F. ) ;
#1964 = DIRECTION ( 'NONE',  ( 0.000000000000000000, -1.000000000000000000, 0.000000000000000000 ) ) ;
#1965 = ADVANCED_FACE ( 'NONE', ( #5195 ), #9434, .F. ) ;
#1966 = ORIENTED_EDGE ( 'NONE', *, *, #2487, .F. ) ;
#1967 = EDGE_CURVE ( 'NONE', #3688, #6344, #5247, .T. ) ;
#1968 = AXIS2_PLACEMENT_3D ( 'NONE', #9185, #2481, #269 ) ;
#1969 = DIRECTION ( 'NONE',  ( 0.000000000000000000, 0.000000000000000000, 1.000000000000000000 ) ) ;
#1970 = PLANE ( 'NONE',  #9168 ) ;
#1971 = LINE ( 'NONE', #2251, #1766 ) ;
#1972 = ORIENTED_EDGE ( 'NONE', *, *, #7768, .F. ) ;
#1973 = LINE ( 'NONE', #4955, #8224 ) ;
#1974 = ADVANCED_FACE ( 'NONE', ( #638 ), #5709, .T. ) ;
#1975 = VECTOR ( 'NONE', #4035, 1000.000000000000000 ) ;
#1976 = CARTESIAN_POINT ( 'NONE',  ( -1.725000000000000755, 0.1999999999999999833, -0.8749999999999993339 ) ) ;
#1977 = VECTOR ( 'NONE', #1477, 1000.000000000000000 ) ;
#1978 = DIRECTION ( 'NONE',  ( -3.154042683594199163E-15, 0.000000000000000000, 1.000000000000000000 ) ) ;
#1979 = ORIENTED_EDGE ( 'NONE', *, *, #3177, .F. ) ;
#1980 = ADVANCED_FACE ( 'NONE', ( #8696 ), #4200, .F. ) ;
#1981 = VECTOR ( 'NONE', #1209, 1000.000000000000000 ) ;
#1982 = AXIS2_PLACEMENT_3D ( 'NONE', #2962, #8245, #8196 ) ;
#1983 = ORIENTED_EDGE ( 'NONE', *, *, #5066, .F. ) ;
#1984 = LINE ( 'NONE', #1840, #1598 ) ;
#1985 = LINE ( 'NONE', #7964, #6799 ) ;
#1986 = ADVANCED_FACE ( 'NONE', ( #3732 ), #3687, .F. ) ;
#1987 = EDGE_CURVE ( 'NONE', #904, #3840, #7977, .T. ) ;
#1988 = DIRECTION ( 'NONE',  ( -3.942553354492743531E-16, 0.000000000000000000, -1.000000000000000000 ) ) ;
#1989 = AXIS2_PLACEMENT_3D ( 'NONE', #7613, #2563, #7660 ) ;
#1990 = ORIENTED_EDGE ( 'NONE', *, *, #6797, .T. ) ;
#1991 = AXIS2_PLACEMENT_3D ( 'NONE', #3961, #6958, #3246 ) ;
#1992 = ORIENTED_EDGE ( 'NONE', *, *, #2822, .F. ) ;
#1993 = DIRECTION ( 'NONE',  ( -0.000000000000000000, -1.000000000000000000, -0.000000000000000000 ) ) ;
#1994 = FILL_AREA_STYLE_COLOUR ( '', #6820 ) ;
#1995 = ORIENTED_EDGE ( 'NONE', *, *, #3402, .T. ) ;
#1996 = CARTESIAN_POINT ( 'NONE',  ( 1.349999999999999645, 0.2000000000000000111, -0.8500000000000001998 ) ) ;
#1997 = CARTESIAN_POINT ( 'NONE',  ( 1.725000000000000755, 0.1999999999999999833, -0.8749999999999993339 ) ) ;
#1998 = VECTOR ( 'NONE', #6282, 1000.000000000000000 ) ;
#1999 = ORIENTED_EDGE ( 'NONE', *, *, #4707, .F. ) ;
#2000 = CARTESIAN_POINT ( 'NONE',  ( -2.000000000000000000, 0.1999999999999999833, -0.1249999999999992506 ) ) ;
#2001 = CARTESIAN_POINT ( 'NONE',  ( 1.725000000000000311, 0.6716990566028313570, -4.336808689942017736E-16 ) ) ;
#2002 = DIRECTION ( 'NONE',  ( -0.000000000000000000, -1.000000000000000000, -0.000000000000000000 ) ) ;
#2003 = FACE_OUTER_BOUND ( 'NONE', #8287, .T. ) ;
#2004 = DIRECTION ( 'NONE',  ( -0.000000000000000000, -1.000000000000000000, 0.000000000000000000 ) ) ;
#2005 = DIRECTION ( 'NONE',  ( 0.000000000000000000, -1.000000000000000000, 0.000000000000000000 ) ) ;
#2006 = VECTOR ( 'NONE', #3801, 1000.000000000000000 ) ;
#2007 = CARTESIAN_POINT ( 'NONE',  ( -1.950000000000001066, 0.1000000000000000056, -0.1249999999999992506 ) ) ;
#2008 = ORIENTED_EDGE ( 'NONE', *, *, #8462, .F. ) ;
#2009 = ORIENTED_EDGE ( 'NONE', *, *, #8731, .T. ) ;
#2010 = CARTESIAN_POINT ( 'NONE',  ( -1.606107883817426973, 0.6999999999999999556, -1.099419087136932704 ) ) ;
#2011 = CIRCLE ( 'NONE', #4345, 0.1249999999999996808 ) ;
#2012 = EDGE_CURVE ( 'NONE', #7767, #7494, #4243, .T. ) ;
#2013 = CARTESIAN_POINT ( 'NONE',  ( 1.950000000000002176, 0.04999999999999991257, -0.6249999999999992228 ) ) ;
#2014 = DIRECTION ( 'NONE',  ( 0.000000000000000000, -0.000000000000000000, 1.000000000000000000 ) ) ;
#2015 = ORIENTED_EDGE ( 'NONE', *, *, #7147, .F. ) ;
#2016 = PLANE ( 'NONE',  #7091 ) ;
#2017 = VERTEX_POINT ( 'NONE', #2912 ) ;
#2018 = DIRECTION ( 'NONE',  ( -0.000000000000000000, -1.000000000000000000, -0.000000000000000000 ) ) ;
#2019 = CARTESIAN_POINT ( 'NONE',  ( -1.249999999999999334, 0.6716990566028301357, -1.225000000000000533 ) ) ;
#2020 = ORIENTED_EDGE ( 'NONE', *, *, #2569, .F. ) ;
#2021 = CARTESIAN_POINT ( 'NONE',  ( -0.7499999999999993339, 0.2000000000000000111, 1.225000000000000533 ) ) ;
#2022 = AXIS2_PLACEMENT_3D ( 'NONE', #2748, #8710, #6452 ) ;
#2023 = LINE ( 'NONE', #6462, #4956 ) ;
#2024 = CARTESIAN_POINT ( 'NONE',  ( 1.999999999999999112, 6.599999999999999645, 1.499999999999999556 ) ) ;
#2025 = ORIENTED_EDGE ( 'NONE', *, *, #4707, .T. ) ;
#2026 = FACE_OUTER_BOUND ( 'NONE', #314, .T. ) ;
#2027 = LINE ( 'NONE', #6654, #4464 ) ;
#2028 = EDGE_CURVE ( 'NONE', #5115, #3736, #8873, .T. ) ;
#2029 = VECTOR ( 'NONE', #708, 1000.000000000000000 ) ;
#2030 = CARTESIAN_POINT ( 'NONE',  ( -1.349999999999999867, 0.04999999999999999584, 0.8499999999999999778 ) ) ;
#2031 = DIRECTION ( 'NONE',  ( -1.000000000000000000, 0.000000000000000000, 7.885106708985511714E-16 ) ) ;
#2032 = VERTEX_POINT ( 'NONE', #4520 ) ;
#2033 = EDGE_CURVE ( 'NONE', #586, #4499, #7511, .T. ) ;
#2034 = ORIENTED_EDGE ( 'NONE', *, *, #6562, .T. ) ;
#2035 = FACE_OUTER_BOUND ( 'NONE', #9587, .T. ) ;
#2036 = LINE ( 'NONE', #8682, #5560 ) ;
#2037 = ADVANCED_FACE ( 'NONE', ( #8915 ), #6666, .F. ) ;
#2038 = LINE ( 'NONE', #4377, #2388 ) ;
#2039 = CLOSED_SHELL ( 'NONE', ( #639, #3868, #6131, #7462, #9400, #1797, #3282, #4662 ) ) ;
#2040 = ORIENTED_EDGE ( 'NONE', *, *, #9072, .F. ) ;
#2041 = EDGE_CURVE ( 'NONE', #7754, #1666, #3773, .T. ) ;
#2042 = CARTESIAN_POINT ( 'NONE',  ( 2.000000000000000000, 0.1000000000000000472, 0.8750000000000007772 ) ) ;
#2043 = EDGE_CURVE ( 'NONE', #5661, #2654, #4928, .T. ) ;
#2044 = FACE_OUTER_BOUND ( 'NONE', #1143, .T. ) ;
#2045 = FILL_AREA_STYLE ('',( #1935 ) ) ;
#2046 = ORIENTED_EDGE ( 'NONE', *, *, #1289, .T. ) ;
#2047 = DIRECTION ( 'NONE',  ( 0.000000000000000000, 0.000000000000000000, -1.000000000000000000 ) ) ;
#2048 = FILL_AREA_STYLE_COLOUR ( '', #8823 ) ;
#2049 = ORIENTED_EDGE ( 'NONE', *, *, #782, .T. ) ;
#2050 = EDGE_CURVE ( 'NONE', #719, #6658, #7190, .T. ) ;
#2051 = CARTESIAN_POINT ( 'NONE',  ( -0.8749999999999993339, 0.1000000000000000056, -1.450000000000000622 ) ) ;
#2052 = CARTESIAN_POINT ( 'NONE',  ( 1.950000000000002176, 0.1000000000000000056, -0.3749999999999994449 ) ) ;
#2053 = FACE_OUTER_BOUND ( 'NONE', #6052, .T. ) ;
#2054 = FACE_OUTER_BOUND ( 'NONE', #2952, .T. ) ;
#2055 = ORIENTED_EDGE ( 'NONE', *, *, #8488, .T. ) ;
#2056 = ADVANCED_FACE ( 'NONE', ( #2464 ), #7608, .T. ) ;
#2057 = EDGE_LOOP ( 'NONE', ( #6917, #1621, #6089, #5962 ) ) ;
#2058 =( NAMED_UNIT ( * ) PLANE_ANGLE_UNIT ( ) SI_UNIT ( $, .RADIAN. ) );
#2059 = DIRECTION ( 'NONE',  ( 0.000000000000000000, -0.000000000000000000, -1.000000000000000000 ) ) ;
#2060 = LINE ( 'NONE', #4448, #1462 ) ;
#2061 = ORIENTED_EDGE ( 'NONE', *, *, #7856, .T. ) ;
#2062 = DIRECTION ( 'NONE',  ( -1.577021341797097215E-15, 0.000000000000000000, -1.000000000000000000 ) ) ;
#2063 = VERTEX_POINT ( 'NONE', #1674 ) ;
#2064 = DIRECTION ( 'NONE',  ( 0.000000000000000000, -1.000000000000000000, 0.000000000000000000 ) ) ;
#2065 = FACE_OUTER_BOUND ( 'NONE', #9351, .T. ) ;
#2066 = VERTEX_POINT ( 'NONE', #8476 ) ;
#2067 = ADVANCED_FACE ( 'NONE', ( #5396 ), #3147, .T. ) ;
#2068 = VECTOR ( 'NONE', #2609, 1000.000000000000000 ) ;
#2069 = CYLINDRICAL_SURFACE ( 'NONE', #4327, 0.1249999999999996808 ) ;
#2070 = DIRECTION ( 'NONE',  ( -1.000000000000000000, 0.000000000000000000, 3.942553354492743531E-16 ) ) ;
#2071 = ORIENTED_EDGE ( 'NONE', *, *, #2382, .F. ) ;
#2072 = CARTESIAN_POINT ( 'NONE',  ( -1.606107883817426973, 0.6999999999999999556, -0.9464564315352734791 ) ) ;
#2073 = LINE ( 'NONE', #8862, #701 ) ;
#2074 = COLOUR_RGB ( '',0.7921568627450980005, 0.8196078431372548767, 0.9333333333333333481 ) ;
#2075 = CARTESIAN_POINT ( 'NONE',  ( 1.950000000000002176, 0.000000000000000000, -1.450000000000000622 ) ) ;
#2076 = CARTESIAN_POINT ( 'NONE',  ( -1.950000000000001066, 0.1000000000000000056, -0.8749999999999994449 ) ) ;
#2077 = VERTEX_POINT ( 'NONE', #3301 ) ;
#2078 = LINE ( 'NONE', #5057, #8239 ) ;
#2079 = EDGE_CURVE ( 'NONE', #4499, #6775, #7655, .T. ) ;
#2080 = ORIENTED_EDGE ( 'NONE', *, *, #3408, .F. ) ;
#2081 = CARTESIAN_POINT ( 'NONE',  ( -2.000000000000000888, 6.599999999999999645, -1.500000000000000000 ) ) ;
#2082 = DIRECTION ( 'NONE',  ( 3.942553354492743531E-16, 0.000000000000000000, -1.000000000000000000 ) ) ;
#2083 = EDGE_CURVE ( 'NONE', #914, #4808, #3248, .T. ) ;
#2084 = CARTESIAN_POINT ( 'NONE',  ( 0.7500000000000006661, 0.000000000000000000, 1.100000000000000977 ) ) ;
#2085 = VECTOR ( 'NONE', #1888, 1000.000000000000000 ) ;
#2086 = ORIENTED_EDGE ( 'NONE', *, *, #4959, .F. ) ;
#2087 = PLANE ( 'NONE',  #93 ) ;
#2088 = ADVANCED_FACE ( 'NONE', ( #4714 ), #8432, .F. ) ;
#2089 = ADVANCED_FACE ( 'NONE', ( #875 ), #4672, .T. ) ;
#2090 = VERTEX_POINT ( 'NONE', #7553 ) ;
#2091 = CARTESIAN_POINT ( 'NONE',  ( -0.8749999999999994449, 0.2000000000000000111, 1.500000000000000444 ) ) ;
#2092 = PRESENTATION_STYLE_ASSIGNMENT (( #9540 ) ) ;
#2093 = CIRCLE ( 'NONE', #4274, 0.1529626556016593086 ) ;
#2094 = ORIENTED_EDGE ( 'NONE', *, *, #6679, .F. ) ;
#2095 = AXIS2_PLACEMENT_3D ( 'NONE', #6794, #2302, #5280 ) ;
#2096 = ADVANCED_FACE ( 'NONE', ( #821 ), #925, .T. ) ;
#2097 = CARTESIAN_POINT ( 'NONE',  ( 1.950000000000002176, 0.1000000000000000056, 1.450000000000000178 ) ) ;
#2098 = CARTESIAN_POINT ( 'NONE',  ( 0.5999999999999996447, 0.2000000000000000944, -0.8500000000000001998 ) ) ;
#2099 = AXIS2_PLACEMENT_3D ( 'NONE', #7580, #3129, #6001 ) ;
#2100 = DIRECTION ( 'NONE',  ( -1.000000000000000000, 0.000000000000000000, -0.000000000000000000 ) ) ;
#2101 = VERTEX_POINT ( 'NONE', #6962 ) ;
#2102 = ORIENTED_EDGE ( 'NONE', *, *, #678, .F. ) ;
#2103 = EDGE_CURVE ( 'NONE', #4117, #3987, #5493, .T. ) ;
#2104 = VECTOR ( 'NONE', #5038, 1000.000000000000000 ) ;
#2105 = DIRECTION ( 'NONE',  ( 1.000000000000000000, 0.000000000000000000, -3.942553354492743531E-16 ) ) ;
#2106 = CARTESIAN_POINT ( 'NONE',  ( -0.2499999999999993616, 0.2000000000000000111, 1.225000000000000533 ) ) ;
#2107 = VECTOR ( 'NONE', #3276, 1000.000000000000000 ) ;
#2108 = VECTOR ( 'NONE', #4047, 1000.000000000000000 ) ;
#2109 = CARTESIAN_POINT ( 'NONE',  ( -2.000000000000000888, 0.6716990566028313570, 0.1250000000000005551 ) ) ;
#2110 = ORIENTED_EDGE ( 'NONE', *, *, #5110, .T. ) ;
#2111 = CARTESIAN_POINT ( 'NONE',  ( 1.375000000000001332, 0.1000000000000000472, 1.500000000000000444 ) ) ;
#2112 = CARTESIAN_POINT ( 'NONE',  ( 2.000000000000000000, 0.6716990566028313570, -0.6249999999999992228 ) ) ;
#2113 = EDGE_LOOP ( 'NONE', ( #8980, #5373, #3984, #6548 ) ) ;
#2114 = DIRECTION ( 'NONE',  ( 1.000000000000000000, 0.000000000000000000, 0.000000000000000000 ) ) ;
#2115 = VERTEX_POINT ( 'NONE', #2408 ) ;
#2116 = DIRECTION ( 'NONE',  ( 1.000000000000000000, 0.000000000000000000, -1.577021341797097215E-15 ) ) ;
#2117 = AXIS2_PLACEMENT_3D ( 'NONE', #3998, #274, #9292 ) ;
#2118 = DIRECTION ( 'NONE',  ( 0.000000000000000000, 1.000000000000000000, -0.000000000000000000 ) ) ;
#2119 = AXIS2_PLACEMENT_3D ( 'NONE', #6496, #1311, #5862 ) ;
#2120 = ORIENTED_EDGE ( 'NONE', *, *, #6875, .T. ) ;
#2121 = DIRECTION ( 'NONE',  ( 3.154042683594198769E-15, 0.000000000000000000, 1.000000000000000000 ) ) ;
#2122 = DIRECTION ( 'NONE',  ( 0.000000000000000000, 0.000000000000000000, 1.000000000000000000 ) ) ;
#2123 = CARTESIAN_POINT ( 'NONE',  ( -0.7499999999999993339, 0.1999999999999999833, 1.225000000000000533 ) ) ;
#2124 = VERTEX_POINT ( 'NONE', #9166 ) ;
#2125 = DIRECTION ( 'NONE',  ( -1.000000000000000000, 0.000000000000000000, -3.154042683594199163E-15 ) ) ;
#2126 = VECTOR ( 'NONE', #761, 1000.000000000000000 ) ;
#2127 = ORIENTED_EDGE ( 'NONE', *, *, #8989, .T. ) ;
#2128 = DIRECTION ( 'NONE',  ( 0.000000000000000000, 0.000000000000000000, 1.000000000000000000 ) ) ;
#2129 = ORIENTED_EDGE ( 'NONE', *, *, #3089, .F. ) ;
#2130 = DIRECTION ( 'NONE',  ( 0.000000000000000000, -1.000000000000000000, 0.000000000000000000 ) ) ;
#2131 = LINE ( 'NONE', #2908, #5234 ) ;
#2132 = AXIS2_PLACEMENT_3D ( 'NONE', #64, #7676, #4639 ) ;
#2133 = VECTOR ( 'NONE', #4889, 1000.000000000000000 ) ;
#2134 = DIRECTION ( 'NONE',  ( -3.469446951953617739E-15, 0.000000000000000000, 1.000000000000000000 ) ) ;
#2135 = VERTEX_POINT ( 'NONE', #2360 ) ;
#2136 = VECTOR ( 'NONE', #7616, 1000.000000000000000 ) ;
#2137 = CARTESIAN_POINT ( 'NONE',  ( -1.725000000000000755, 0.6716990566028313570, -0.8749999999999993339 ) ) ;
#2138 = VECTOR ( 'NONE', #8436, 1000.000000000000000 ) ;
#2139 = CARTESIAN_POINT ( 'NONE',  ( -0.1249999999999996808, 0.1000000000000000472, 1.225000000000000755 ) ) ;
#2140 = EDGE_LOOP ( 'NONE', ( #7636, #5574, #621, #4220 ) ) ;
#2141 = CARTESIAN_POINT ( 'NONE',  ( -1.950000000000001066, 0.05000000000000000278, -0.3749999999999993894 ) ) ;
#2142 = AXIS2_PLACEMENT_3D ( 'NONE', #5656, #9259, #919 ) ;
#2143 = EDGE_CURVE ( 'NONE', #5285, #8404, #4622, .T. ) ;
#2144 = DIRECTION ( 'NONE',  ( 0.000000000000000000, -1.000000000000000000, 0.000000000000000000 ) ) ;
#2145 = CARTESIAN_POINT ( 'NONE',  ( 6.899468370362316093E-16, 0.05000000000000000278, 0.8749999999999991118 ) ) ;
#2146 = ORIENTED_EDGE ( 'NONE', *, *, #2256, .F. ) ;
#2147 = ORIENTED_EDGE ( 'NONE', *, *, #8938, .F. ) ;
#2148 = ORIENTED_EDGE ( 'NONE', *, *, #5200, .T. ) ;
#2149 = VECTOR ( 'NONE', #9324, 1000.000000000000000 ) ;
#2150 = EDGE_CURVE ( 'NONE', #4896, #5011, #6230, .T. ) ;
#2151 = AXIS2_PLACEMENT_3D ( 'NONE', #3134, #3720, #763 ) ;
#2152 = EDGE_LOOP ( 'NONE', ( #5426, #8788, #6929, #5717 ) ) ;
#2153 = DIRECTION ( 'NONE',  ( 0.000000000000000000, 0.000000000000000000, -1.000000000000000000 ) ) ;
#2154 = EDGE_LOOP ( 'NONE', ( #4678, #8294, #6729, #3338 ) ) ;
#2155 = DIRECTION ( 'NONE',  ( 0.000000000000000000, 0.000000000000000000, -1.000000000000000000 ) ) ;
#2156 = ORIENTED_EDGE ( 'NONE', *, *, #1863, .T. ) ;
#2157 = CARTESIAN_POINT ( 'NONE',  ( -1.725000000000000755, 0.1999999999999999833, -0.1250000000000002776 ) ) ;
#2158 = EDGE_CURVE ( 'NONE', #6273, #1445, #6910, .T. ) ;
#2159 = DIRECTION ( 'NONE',  ( -1.577021341797097018E-15, -0.000000000000000000, 1.000000000000000000 ) ) ;
#2160 = EDGE_CURVE ( 'NONE', #8178, #3411, #3196, .T. ) ;
#2161 = VECTOR ( 'NONE', #8777, 1000.000000000000000 ) ;
#2162 = FACE_OUTER_BOUND ( 'NONE', #7404, .T. ) ;
#2163 = LINE ( 'NONE', #5878, #4317 ) ;
#2164 = EDGE_CURVE ( 'NONE', #8055, #6869, #1035, .T. ) ;
#2165 = LINE ( 'NONE', #536, #9159 ) ;
#2166 = ORIENTED_EDGE ( 'NONE', *, *, #8249, .F. ) ;
#2167 = DIRECTION ( 'NONE',  ( -0.000000000000000000, -0.000000000000000000, -1.000000000000000000 ) ) ;
#2168 = AXIS2_PLACEMENT_3D ( 'NONE', #8571, #4853, #7152 ) ;
#2169 = ORIENTED_EDGE ( 'NONE', *, *, #9407, .T. ) ;
#2170 = CARTESIAN_POINT ( 'NONE',  ( -2.000000000000000000, 0.1000000000000000472, -0.1249999999999992506 ) ) ;
#2171 = FACE_OUTER_BOUND ( 'NONE', #8155, .T. ) ;
#2172 = ORIENTED_EDGE ( 'NONE', *, *, #3299, .F. ) ;
#2173 = CARTESIAN_POINT ( 'NONE',  ( -0.6249999999999996669, 0.2000000000000000111, -1.225000000000000755 ) ) ;
#2174 = VECTOR ( 'NONE', #2285, 1000.000000000000000 ) ;
#2175 = CARTESIAN_POINT ( 'NONE',  ( 1.950000000000002176, 0.000000000000000000, -4.336808689942017736E-16 ) ) ;
#2176 = LINE ( 'NONE', #1619, #4352 ) ;
#2177 = DIRECTION ( 'NONE',  ( 0.000000000000000000, -1.000000000000000000, 0.000000000000000000 ) ) ;
#2178 = ORIENTED_EDGE ( 'NONE', *, *, #873, .T. ) ;
#2179 = FACE_OUTER_BOUND ( 'NONE', #4721, .T. ) ;
#2180 = CARTESIAN_POINT ( 'NONE',  ( -1.124999999999999778, 0.2000000000000000111, 1.225000000000000755 ) ) ;
#2181 = ORIENTED_EDGE ( 'NONE', *, *, #8564, .T. ) ;
#2182 = LINE ( 'NONE', #5162, #8972 ) ;
#2183 = DIRECTION ( 'NONE',  ( -3.154042683594199163E-15, 0.000000000000000000, 1.000000000000000000 ) ) ;
#2184 = DIRECTION ( 'NONE',  ( -0.000000000000000000, -1.000000000000000000, -0.000000000000000000 ) ) ;
#2185 = CARTESIAN_POINT ( 'NONE',  ( -2.000000000000000000, 0.2000000000000000944, -0.1249999999999992506 ) ) ;
#2186 = ORIENTED_EDGE ( 'NONE', *, *, #2869, .T. ) ;
#2187 = LINE ( 'NONE', #4439, #414 ) ;
#2188 = ORIENTED_EDGE ( 'NONE', *, *, #8678, .F. ) ;
#2189 = VERTEX_POINT ( 'NONE', #5336 ) ;
#2190 = CIRCLE ( 'NONE', #4064, 0.1250000000000001110 ) ;
#2191 = EDGE_CURVE ( 'NONE', #6722, #3640, #8323, .T. ) ;
#2192 = EDGE_CURVE ( 'NONE', #4514, #2233, #9020, .T. ) ;
#2193 = PLANE ( 'NONE',  #4447 ) ;
#2194 = DIRECTION ( 'NONE',  ( 0.000000000000000000, 1.000000000000000000, -0.000000000000000000 ) ) ;
#2195 = DIRECTION ( 'NONE',  ( 0.000000000000000000, 0.000000000000000000, -1.000000000000000000 ) ) ;
#2196 = CARTESIAN_POINT ( 'NONE',  ( -1.725000000000000755, 0.05000000000000023870, -0.6250000000000003331 ) ) ;
#2197 = ADVANCED_FACE ( 'NONE', ( #4960 ), #7111, .F. ) ;
#2198 = CARTESIAN_POINT ( 'NONE',  ( 0.000000000000000000, 0.05000000000000000278, 1.450000000000000178 ) ) ;
#2199 = ORIENTED_EDGE ( 'NONE', *, *, #6111, .F. ) ;
#2200 = DIRECTION ( 'NONE',  ( 0.000000000000000000, -0.000000000000000000, -1.000000000000000000 ) ) ;
#2201 = LINE ( 'NONE', #7351, #4296 ) ;
#2202 = ORIENTED_EDGE ( 'NONE', *, *, #9529, .F. ) ;
#2203 = ORIENTED_EDGE ( 'NONE', *, *, #8762, .F. ) ;
#2204 = DIRECTION ( 'NONE',  ( 0.000000000000000000, -1.000000000000000000, 0.000000000000000000 ) ) ;
#2205 = LINE ( 'NONE', #1419, #456 ) ;
#2206 = EDGE_CURVE ( 'NONE', #8549, #5684, #3348, .T. ) ;
#2207 = PLANE ( 'NONE',  #7626 ) ;
#2208 = EDGE_CURVE ( 'NONE', #7975, #4057, #7215, .T. ) ;
#2209 = SURFACE_STYLE_USAGE ( .BOTH. , #804 ) ;
#2210 = EDGE_CURVE ( 'NONE', #3123, #8337, #1832, .T. ) ;
#2211 = EDGE_LOOP ( 'NONE', ( #1410, #5488, #3881, #8906, #3766, #6010 ) ) ;
#2212 = FACE_OUTER_BOUND ( 'NONE', #1636, .T. ) ;
#2213 = ORIENTED_EDGE ( 'NONE', *, *, #8087, .F. ) ;
#2214 = ADVANCED_FACE ( 'NONE', ( #6469 ), #8627, .T. ) ;
#2215 = ORIENTED_EDGE ( 'NONE', *, *, #9329, .F. ) ;
#2216 =( GEOMETRIC_REPRESENTATION_CONTEXT ( 3 ) GLOBAL_UNCERTAINTY_ASSIGNED_CONTEXT ( ( #4563 ) ) GLOBAL_UNIT_ASSIGNED_CONTEXT ( ( #7940, #9298, #1217 ) ) REPRESENTATION_CONTEXT ( 'NONE', 'WORKASPACE' ) );
#2217 = DIRECTION ( 'NONE',  ( -0.000000000000000000, -1.000000000000000000, -0.000000000000000000 ) ) ;
#2218 = LINE ( 'NONE', #7280, #9588 ) ;
#2219 = LINE ( 'NONE', #3731, #4511 ) ;
#2220 = DIRECTION ( 'NONE',  ( 0.000000000000000000, 0.000000000000000000, -1.000000000000000000 ) ) ;
#2221 = EDGE_LOOP ( 'NONE', ( #3582, #8038, #8083, #4017 ) ) ;
#2222 = DIRECTION ( 'NONE',  ( 0.000000000000000000, -1.000000000000000000, 0.000000000000000000 ) ) ;
#2223 = LINE ( 'NONE', #1944, #683 ) ;
#2224 = ORIENTED_EDGE ( 'NONE', *, *, #7067, .F. ) ;
#2225 = SURFACE_STYLE_FILL_AREA ( #2864 ) ;
#2226 = CARTESIAN_POINT ( 'NONE',  ( 1.950000000000002176, 0.1000000000000000056, 0.8750000000000009992 ) ) ;
#2227 =( LENGTH_UNIT ( ) NAMED_UNIT ( * ) SI_UNIT ( .MILLI., .METRE. ) );
#2228 = ORIENTED_EDGE ( 'NONE', *, *, #4541, .F. ) ;
#2229 = AXIS2_PLACEMENT_3D ( 'NONE', #3548, #1343, #5793 ) ;
#2230 = PLANE ( 'NONE',  #9150 ) ;
#2231 = LINE ( 'NONE', #7520, #9042 ) ;
#2232 = VERTEX_POINT ( 'NONE', #2710 ) ;
#2233 = VERTEX_POINT ( 'NONE', #8586 ) ;
#2234 = ORIENTED_EDGE ( 'NONE', *, *, #4788, .F. ) ;
#2235 = VECTOR ( 'NONE', #7766, 1000.000000000000000 ) ;
#2236 = VECTOR ( 'NONE', #6329, 1000.000000000000000 ) ;
#2237 = DIRECTION ( 'NONE',  ( 0.000000000000000000, -1.000000000000000000, 0.000000000000000000 ) ) ;
#2238 = DIRECTION ( 'NONE',  ( -1.000000000000000000, 0.000000000000000000, -7.885106708985509741E-16 ) ) ;
#2239 = PLANE ( 'NONE',  #4575 ) ;
#2240 = CARTESIAN_POINT ( 'NONE',  ( -1.124999999999999778, 0.1000000000000000472, -1.225000000000000755 ) ) ;
#2241 = AXIS2_PLACEMENT_3D ( 'NONE', #6545, #2840, #796 ) ;
#2242 = VERTEX_POINT ( 'NONE', #6278 ) ;
#2243 = ADVANCED_FACE ( 'NONE', ( #9417 ), #1238, .T. ) ;
#2244 = DIRECTION ( 'NONE',  ( 0.000000000000000000, 0.000000000000000000, 1.000000000000000000 ) ) ;
#2245 = VERTEX_POINT ( 'NONE', #5594 ) ;
#2246 = ORIENTED_EDGE ( 'NONE', *, *, #5496, .T. ) ;
#2247 = CARTESIAN_POINT ( 'NONE',  ( 1.725000000000000755, 0.1000000000000000472, 1.125000000000000666 ) ) ;
#2248 = CARTESIAN_POINT ( 'NONE',  ( -0.3749999999999994449, 0.1000000000000002554, 1.499999999999999778 ) ) ;
#2249 = FACE_OUTER_BOUND ( 'NONE', #6085, .T. ) ;
#2250 = EDGE_CURVE ( 'NONE', #709, #4927, #3483, .T. ) ;
#2251 = CARTESIAN_POINT ( 'NONE',  ( -0.6249999999999987788, 0.1999999999999999833, 1.500000000000000444 ) ) ;
#2252 = VECTOR ( 'NONE', #5961, 1000.000000000000000 ) ;
#2253 = FACE_OUTER_BOUND ( 'NONE', #5742, .T. ) ;
#2254 = DIRECTION ( 'NONE',  ( 0.000000000000000000, -0.000000000000000000, -1.000000000000000000 ) ) ;
#2255 = ORIENTED_EDGE ( 'NONE', *, *, #1104, .T. ) ;
#2256 = EDGE_CURVE ( 'NONE', #2414, #7342, #6374, .T. ) ;
#2257 = CARTESIAN_POINT ( 'NONE',  ( -0.1249999999999996808, 0.2000000000000000111, -1.225000000000000755 ) ) ;
#2258 = CIRCLE ( 'NONE', #3502, 0.1529626556016593086 ) ;
#2259 = ORIENTED_EDGE ( 'NONE', *, *, #7713, .F. ) ;
#2260 = VERTEX_POINT ( 'NONE', #2559 ) ;
#2261 = EDGE_CURVE ( 'NONE', #5167, #4081, #1880, .T. ) ;
#2262 = CARTESIAN_POINT ( 'NONE',  ( 1.350000000000000089, 0.2000000000000000111, 0.8499999999999997558 ) ) ;
#2263 = MECHANICAL_DESIGN_GEOMETRIC_PRESENTATION_REPRESENTATION (  '', ( #4151 ), #3514 ) ;
#2264 = AXIS2_PLACEMENT_3D ( 'NONE', #9687, #842, #1452 ) ;
#2265 = VECTOR ( 'NONE', #6186, 1000.000000000000000 ) ;
#2266 = VECTOR ( 'NONE', #8017, 1000.000000000000000 ) ;
#2267 = DIRECTION ( 'NONE',  ( 0.000000000000000000, 0.000000000000000000, 1.000000000000000000 ) ) ;
#2268 = CARTESIAN_POINT ( 'NONE',  ( 1.375000000000001332, 0.6716990566028301357, -1.500000000000000444 ) ) ;
#2269 = EDGE_CURVE ( 'NONE', #7546, #102, #6323, .T. ) ;
#2270 = ORIENTED_EDGE ( 'NONE', *, *, #8010, .F. ) ;
#2271 = CARTESIAN_POINT ( 'NONE',  ( -1.725000000000000755, 0.000000000000000000, -0.8749999999999993339 ) ) ;
#2272 = CARTESIAN_POINT ( 'NONE',  ( 1.725000000000000311, 0.000000000000000000, -4.336808689942017736E-16 ) ) ;
#2273 = AXIS2_PLACEMENT_3D ( 'NONE', #2472, #983, #7716 ) ;
#2274 = EDGE_CURVE ( 'NONE', #5786, #3491, #4128, .T. ) ;
#2275 = CIRCLE ( 'NONE', #6175, 0.1249999999999996808 ) ;
#2276 = ORIENTED_EDGE ( 'NONE', *, *, #9096, .T. ) ;
#2277 = CIRCLE ( 'NONE', #1188, 0.1249999999999996808 ) ;
#2278 = LINE ( 'NONE', #7473, #397 ) ;
#2279 = EDGE_CURVE ( 'NONE', #7928, #4525, #1921, .T. ) ;
#2280 = FACE_OUTER_BOUND ( 'NONE', #7960, .T. ) ;
#2281 = FACE_OUTER_BOUND ( 'NONE', #994, .T. ) ;
#2282 = EDGE_CURVE ( 'NONE', #5730, #8404, #8532, .T. ) ;
#2283 = MECHANICAL_DESIGN_GEOMETRIC_PRESENTATION_REPRESENTATION (  '', ( #8219 ), #2292 ) ;
#2284 = AXIS2_PLACEMENT_3D ( 'NONE', #8756, #2064, #5094 ) ;
#2285 = DIRECTION ( 'NONE',  ( -1.000000000000000000, 0.000000000000000000, 3.942553354492743531E-16 ) ) ;
#2286 = VERTEX_POINT ( 'NONE', #3439 ) ;
#2287 = ORIENTED_EDGE ( 'NONE', *, *, #8344, .T. ) ;
#2288 = ORIENTED_EDGE ( 'NONE', *, *, #6630, .T. ) ;
#2289 = ORIENTED_EDGE ( 'NONE', *, *, #1918, .F. ) ;
#2290 = PLANE ( 'NONE',  #3197 ) ;
#2291 = CARTESIAN_POINT ( 'NONE',  ( -2.000000000000000000, 0.2000000000000000944, 0.8750000000000007772 ) ) ;
#2292 =( GEOMETRIC_REPRESENTATION_CONTEXT ( 3 ) GLOBAL_UNCERTAINTY_ASSIGNED_CONTEXT ( ( #3102 ) ) GLOBAL_UNIT_ASSIGNED_CONTEXT ( ( #5457, #4033, #3305 ) ) REPRESENTATION_CONTEXT ( 'NONE', 'WORKASPACE' ) );
#2293 = CARTESIAN_POINT ( 'NONE',  ( -1.124999999999998890, 0.2000000000000000111, -1.500000000000000444 ) ) ;
#2294 = LINE ( 'NONE', #7530, #7109 ) ;
#2295 = ORIENTED_EDGE ( 'NONE', *, *, #9566, .F. ) ;
#2296 = CARTESIAN_POINT ( 'NONE',  ( -1.606107883817426973, 0.8000000000000000444, -1.099419087136932704 ) ) ;
#2297 = VECTOR ( 'NONE', #9396, 1000.000000000000000 ) ;
#2298 = ORIENTED_EDGE ( 'NONE', *, *, #8869, .F. ) ;
#2299 = ORIENTED_EDGE ( 'NONE', *, *, #5149, .F. ) ;
#2300 = CARTESIAN_POINT ( 'NONE',  ( 1.125000000000000666, 0.000000000000000000, 1.500000000000000444 ) ) ;
#2301 = CARTESIAN_POINT ( 'NONE',  ( -2.000000000000000000, 0.6716990566028313570, -1.124999999999999334 ) ) ;
#2302 = DIRECTION ( 'NONE',  ( -0.000000000000000000, -1.000000000000000000, -0.000000000000000000 ) ) ;
#2303 = CARTESIAN_POINT ( 'NONE',  ( -1.374999999999999556, 0.6716990566028301357, -1.450000000000000622 ) ) ;
#2304 = AXIS2_PLACEMENT_3D ( 'NONE', #3493, #4973, #9338 ) ;
#2305 = LINE ( 'NONE', #765, #674 ) ;
#2306 = DIRECTION ( 'NONE',  ( -0.000000000000000000, -1.000000000000000000, 0.000000000000000000 ) ) ;
#2307 = ORIENTED_EDGE ( 'NONE', *, *, #4649, .F. ) ;
#2308 = ORIENTED_EDGE ( 'NONE', *, *, #1856, .T. ) ;
#2309 = VECTOR ( 'NONE', #7742, 1000.000000000000000 ) ;
#2310 = ORIENTED_EDGE ( 'NONE', *, *, #5924, .T. ) ;
#2311 = ADVANCED_FACE ( 'NONE', ( #1280 ), #1189, .T. ) ;
#2312 = LINE ( 'NONE', #5289, #9652 ) ;
#2313 = VECTOR ( 'NONE', #9068, 1000.000000000000000 ) ;
#2314 = LINE ( 'NONE', #6176, #6498 ) ;
#2315 = DIRECTION ( 'NONE',  ( 0.000000000000000000, 1.000000000000000000, 0.000000000000000000 ) ) ;
#2316 = CARTESIAN_POINT ( 'NONE',  ( -1.374999999999997113, 0.05000000000000000278, -2.168404344971004135E-15 ) ) ;
#2317 = EDGE_CURVE ( 'NONE', #2618, #785, #7814, .T. ) ;
#2318 = ORIENTED_EDGE ( 'NONE', *, *, #1113, .T. ) ;
#2319 = DIRECTION ( 'NONE',  ( -1.000000000000000000, 0.000000000000000000, -7.885106708985509741E-16 ) ) ;
#2320 = VECTOR ( 'NONE', #9635, 1000.000000000000000 ) ;
#2321 = VERTEX_POINT ( 'NONE', #347 ) ;
#2322 = FACE_OUTER_BOUND ( 'NONE', #5331, .T. ) ;
#2323 = ADVANCED_FACE ( 'NONE', ( #2614 ), #4863, .F. ) ;
#2324 = DIRECTION ( 'NONE',  ( 0.000000000000000000, 0.000000000000000000, 1.000000000000000000 ) ) ;
#2325 = FACE_OUTER_BOUND ( 'NONE', #7807, .T. ) ;
#2326 = EDGE_CURVE ( 'NONE', #5459, #7504, #9610, .T. ) ;
#2327 = DIRECTION ( 'NONE',  ( 0.000000000000000000, -0.000000000000000000, -1.000000000000000000 ) ) ;
#2328 = EDGE_CURVE ( 'NONE', #9007, #2063, #7503, .T. ) ;
#2329 = ORIENTED_EDGE ( 'NONE', *, *, #4832, .F. ) ;
#2330 = DIRECTION ( 'NONE',  ( 0.000000000000000000, 1.000000000000000000, -0.000000000000000000 ) ) ;
#2331 = VERTEX_POINT ( 'NONE', #8176 ) ;
#2332 = ORIENTED_EDGE ( 'NONE', *, *, #2549, .F. ) ;
#2333 = ORIENTED_EDGE ( 'NONE', *, *, #6916, .T. ) ;
#2334 = CARTESIAN_POINT ( 'NONE',  ( 1.725000000000000311, 0.6716990566028312459, 0.9999999999999995559 ) ) ;
#2335 = ADVANCED_FACE ( 'NONE', ( #728 ), #5105, .T. ) ;
#2336 = SURFACE_SIDE_STYLE ('',( #2879 ) ) ;
#2337 = DIRECTION ( 'NONE',  ( 0.000000000000000000, 0.000000000000000000, -1.000000000000000000 ) ) ;
#2338 = DIRECTION ( 'NONE',  ( -1.000000000000000000, 0.000000000000000000, 3.154042683594198769E-15 ) ) ;
#2339 = DIRECTION ( 'NONE',  ( 0.000000000000000000, 0.000000000000000000, 1.000000000000000000 ) ) ;
#2340 = ORIENTED_EDGE ( 'NONE', *, *, #1517, .F. ) ;
#2341 = CARTESIAN_POINT ( 'NONE',  ( 1.125000000000000666, 0.1000000000000000472, 1.500000000000000444 ) ) ;
#2342 = DIRECTION ( 'NONE',  ( 0.000000000000000000, -1.000000000000000000, 0.000000000000000000 ) ) ;
#2343 = AXIS2_PLACEMENT_3D ( 'NONE', #724, #8088, #2987 ) ;
#2344 = ORIENTED_EDGE ( 'NONE', *, *, #6271, .F. ) ;
#2345 = ORIENTED_EDGE ( 'NONE', *, *, #9316, .F. ) ;
#2346 = ORIENTED_EDGE ( 'NONE', *, *, #4363, .T. ) ;
#2347 = CARTESIAN_POINT ( 'NONE',  ( -0.2499999999999993616, 0.1999999999999999833, 1.225000000000000533 ) ) ;
#2348 = DIRECTION ( 'NONE',  ( 0.000000000000000000, 0.000000000000000000, 1.000000000000000000 ) ) ;
#2349 = DIRECTION ( 'NONE',  ( 0.000000000000000000, -0.000000000000000000, -1.000000000000000000 ) ) ;
#2350 = DIRECTION ( 'NONE',  ( 0.000000000000000000, 1.000000000000000000, 0.000000000000000000 ) ) ;
#2351 = ORIENTED_EDGE ( 'NONE', *, *, #5604, .F. ) ;
#2352 = CYLINDRICAL_SURFACE ( 'NONE', #2872, 0.1249999999999996808 ) ;
#2353 = PRODUCT_RELATED_PRODUCT_CATEGORY ( 'part', '', ( #1642 ) ) ;
#2354 = ORIENTED_EDGE ( 'NONE', *, *, #2103, .T. ) ;
#2355 = ORIENTED_EDGE ( 'NONE', *, *, #5499, .T. ) ;
#2356 = ORIENTED_EDGE ( 'NONE', *, *, #3631, .T. ) ;
#2357 = LINE ( 'NONE', #871, #2450 ) ;
#2358 = CARTESIAN_POINT ( 'NONE',  ( -0.8749999999999994449, 0.2000000000000000111, -1.500000000000000444 ) ) ;
#2359 = FACE_OUTER_BOUND ( 'NONE', #727, .T. ) ;
#2360 = CARTESIAN_POINT ( 'NONE',  ( 2.000000000000000000, 0.1000000000000000472, -1.124999999999999334 ) ) ;
#2361 = ORIENTED_EDGE ( 'NONE', *, *, #3150, .T. ) ;
#2362 = DIRECTION ( 'NONE',  ( -0.000000000000000000, -1.000000000000000000, -0.000000000000000000 ) ) ;
#2363 = ADVANCED_FACE ( 'NONE', ( #2902 ), #3676, .F. ) ;
#2364 = DIRECTION ( 'NONE',  ( 0.000000000000000000, -0.000000000000000000, 1.000000000000000000 ) ) ;
#2365 = MECHANICAL_DESIGN_GEOMETRIC_PRESENTATION_REPRESENTATION (  '', ( #4253 ), #2216 ) ;
#2366 = ORIENTED_EDGE ( 'NONE', *, *, #8712, .T. ) ;
#2367 = DIRECTION ( 'NONE',  ( 1.000000000000000000, 0.000000000000000000, 7.885106708985511714E-16 ) ) ;
#2369 = EDGE_CURVE ( 'NONE', #539, #4409, #5963, .T. ) ;
#2368 = CARTESIAN_POINT ( 'NONE',  ( -0.3749999999999994449, 0.2000000000000000111, -1.500000000000000444 ) ) ;
#2370 = DIRECTION ( 'NONE',  ( 0.000000000000000000, -0.000000000000000000, 1.000000000000000000 ) ) ;
#2371 = AXIS2_PLACEMENT_3D ( 'NONE', #9026, #1717, #3244 ) ;
#2372 = ADVANCED_FACE ( 'NONE', ( #8810 ), #3628, .T. ) ;
#2373 = PRODUCT_CONTEXT ( 'NONE', #8724, 'mechanical' ) ;
#2374 = EDGE_CURVE ( 'NONE', #3094, #2863, #8765, .T. ) ;
#2375 = ORIENTED_EDGE ( 'NONE', *, *, #6686, .T. ) ;
#2376 = EDGE_LOOP ( 'NONE', ( #9604, #7921, #464, #2435 ) ) ;
#2377 = ORIENTED_EDGE ( 'NONE', *, *, #3793, .T. ) ;
#2378 = PLANE ( 'NONE',  #7168 ) ;
#2379 = ORIENTED_EDGE ( 'NONE', *, *, #2160, .F. ) ;
#2380 = CARTESIAN_POINT ( 'NONE',  ( -1.950000000000001066, 0.05000000000000000278, -0.1249999999999992645 ) ) ;
#2382 = EDGE_CURVE ( 'NONE', #434, #1307, #8135, .T. ) ;
#2381 = DIRECTION ( 'NONE',  ( -0.000000000000000000, 0.000000000000000000, -1.000000000000000000 ) ) ;
#2383 = PLANE ( 'NONE',  #3814 ) ;
#2384 = CYLINDRICAL_SURFACE ( 'NONE', #7284, 0.1250000000000000555 ) ;
#2385 = ORIENTED_EDGE ( 'NONE', *, *, #9146, .T. ) ;
#2386 = PLANE ( 'NONE',  #507 ) ;
#2387 = EDGE_CURVE ( 'NONE', #6096, #7050, #8864, .T. ) ;
#2388 = VECTOR ( 'NONE', #5751, 1000.000000000000000 ) ;
#2389 = ORIENTED_EDGE ( 'NONE', *, *, #2995, .F. ) ;
#2390 = ORIENTED_EDGE ( 'NONE', *, *, #3403, .F. ) ;
#2391 = VERTEX_POINT ( 'NONE', #2076 ) ;
#2392 = LINE ( 'NONE', #8942, #386 ) ;
#2393 = DIRECTION ( 'NONE',  ( 1.000000000000000000, 0.000000000000000000, 1.577021341797097215E-15 ) ) ;
#2394 = CARTESIAN_POINT ( 'NONE',  ( -1.249999999999999334, 0.04999999999999999584, 1.225000000000000533 ) ) ;
#2395 = DIRECTION ( 'NONE',  ( 0.000000000000000000, -1.000000000000000000, 0.000000000000000000 ) ) ;
#2396 = AXIS2_PLACEMENT_3D ( 'NONE', #3913, #195, #1620 ) ;
#2397 = CARTESIAN_POINT ( 'NONE',  ( -2.000000000000000888, 0.1000000000000002554, 1.500000000000000000 ) ) ;
#2398 = ORIENTED_EDGE ( 'NONE', *, *, #8002, .T. ) ;
#2399 = CARTESIAN_POINT ( 'NONE',  ( -0.3749999999999994449, 0.1000000000000000056, 1.500000000000000444 ) ) ;
#2400 = ORIENTED_EDGE ( 'NONE', *, *, #3757, .T. ) ;
#2401 = ORIENTED_EDGE ( 'NONE', *, *, #1372, .F. ) ;
#2402 = VECTOR ( 'NONE', #9359, 1000.000000000000000 ) ;
#2403 = EDGE_LOOP ( 'NONE', ( #6480, #5708, #8105, #8227, #2199, #6805 ) ) ;
#2404 = DIRECTION ( 'NONE',  ( -0.000000000000000000, -1.000000000000000000, -0.000000000000000000 ) ) ;
#2405 = VECTOR ( 'NONE', #1708, 1000.000000000000000 ) ;
#2406 = CARTESIAN_POINT ( 'NONE',  ( 1.725000000000000311, 0.000000000000000000, -4.336808689942017736E-16 ) ) ;
#2407 = CARTESIAN_POINT ( 'NONE',  ( 1.125000000000000888, 0.2000000000000000111, 1.225000000000000311 ) ) ;
#2408 = CARTESIAN_POINT ( 'NONE',  ( 1.725000000000000755, 0.000000000000000000, -0.6250000000000005551 ) ) ;
#2409 = AXIS2_PLACEMENT_3D ( 'NONE', #204, #830, #3115 ) ;
#2410 = ORIENTED_EDGE ( 'NONE', *, *, #2799, .T. ) ;
#2411 = CARTESIAN_POINT ( 'NONE',  ( 1.950000000000002176, 0.1000000000000000056, -1.450000000000000622 ) ) ;
#2412 = SURFACE_STYLE_FILL_AREA ( #826 ) ;
#2413 = VECTOR ( 'NONE', #6450, 1000.000000000000000 ) ;
#2414 = VERTEX_POINT ( 'NONE', #6657 ) ;
#2415 =( NAMED_UNIT ( * ) SI_UNIT ( $, .STERADIAN. ) SOLID_ANGLE_UNIT ( ) );
#2416 = VECTOR ( 'NONE', #5643, 1000.000000000000000 ) ;
#2417 = DIRECTION ( 'NONE',  ( 1.577021341797097018E-15, 0.000000000000000000, 1.000000000000000000 ) ) ;
#2418 = CIRCLE ( 'NONE', #9000, 0.1529626556016593086 ) ;
#2419 = AXIS2_PLACEMENT_3D ( 'NONE', #8632, #8440, #4826 ) ;
#2420 = VECTOR ( 'NONE', #1773, 1000.000000000000000 ) ;
#2421 = ORIENTED_EDGE ( 'NONE', *, *, #3777, .F. ) ;
#2422 = CARTESIAN_POINT ( 'NONE',  ( -0.1500000000000000222, 2.280865204668480750, 0.8499999999999999778 ) ) ;
#2423 = ORIENTED_EDGE ( 'NONE', *, *, #6406, .F. ) ;
#2424 = ORIENTED_EDGE ( 'NONE', *, *, #1607, .F. ) ;
#2425 = LINE ( 'NONE', #3216, #9355 ) ;
#2426 = ORIENTED_EDGE ( 'NONE', *, *, #4613, .F. ) ;
#2427 = PLANE ( 'NONE',  #1186 ) ;
#2428 = DIRECTION ( 'NONE',  ( 0.000000000000000000, 0.000000000000000000, -1.000000000000000000 ) ) ;
#2429 = DIRECTION ( 'NONE',  ( -0.000000000000000000, -0.000000000000000000, -1.000000000000000000 ) ) ;
#2430 = ADVANCED_FACE ( 'NONE', ( #8044 ), #3724, .T. ) ;
#2431 = CARTESIAN_POINT ( 'NONE',  ( 1.375000000000000444, 0.2000000000000000111, -1.225000000000000755 ) ) ;
#2432 = CIRCLE ( 'NONE', #392, 0.1249999999999996808 ) ;
#2433 = VECTOR ( 'NONE', #3866, 1000.000000000000000 ) ;
#2434 = CARTESIAN_POINT ( 'NONE',  ( 1.999999999999999112, 0.8000000000000003775, -1.500000000000000444 ) ) ;
#2435 = ORIENTED_EDGE ( 'NONE', *, *, #710, .F. ) ;
#2436 = LINE ( 'NONE', #8305, #7563 ) ;
#2437 = ORIENTED_EDGE ( 'NONE', *, *, #3873, .F. ) ;
#2438 = DIRECTION ( 'NONE',  ( 0.000000000000000000, 1.000000000000000000, 0.000000000000000000 ) ) ;
#2439 = ORIENTED_EDGE ( 'NONE', *, *, #6636, .T. ) ;
#2440 = VERTEX_POINT ( 'NONE', #9704 ) ;
#2441 = FACE_OUTER_BOUND ( 'NONE', #1934, .T. ) ;
#2442 = COLOUR_RGB ( '',0.7921568627450980005, 0.8196078431372548767, 0.9333333333333333481 ) ;
#2443 =( NAMED_UNIT ( * ) PLANE_ANGLE_UNIT ( ) SI_UNIT ( $, .RADIAN. ) );
#2444 = CARTESIAN_POINT ( 'NONE',  ( 1.950000000000002176, 0.1000000000000000056, -1.450000000000000622 ) ) ;
#2445 = DIRECTION ( 'NONE',  ( -0.000000000000000000, -1.000000000000000000, -0.000000000000000000 ) ) ;
#2446 = ADVANCED_FACE ( 'NONE', ( #2992 ), #5236, .T. ) ;
#2447 =( GEOMETRIC_REPRESENTATION_CONTEXT ( 3 ) GLOBAL_UNCERTAINTY_ASSIGNED_CONTEXT ( ( #9263 ) ) GLOBAL_UNIT_ASSIGNED_CONTEXT ( ( #6755, #6955, #1084 ) ) REPRESENTATION_CONTEXT ( 'NONE', 'WORKASPACE' ) );
#2448 = DIRECTION ( 'NONE',  ( 0.000000000000000000, -1.000000000000000000, 0.000000000000000000 ) ) ;
#2449 = EDGE_LOOP ( 'NONE', ( #374, #5505, #9548, #8742 ) ) ;
#2450 = VECTOR ( 'NONE', #1719, 1000.000000000000000 ) ;
#2451 = CARTESIAN_POINT ( 'NONE',  ( -0.2499999999999993616, 0.04999999999999999584, 1.225000000000000533 ) ) ;
#2452 = ADVANCED_FACE ( 'NONE', ( #2212 ), #5185, .F. ) ;
#2453 = ORIENTED_EDGE ( 'NONE', *, *, #5948, .F. ) ;
#2454 = DIRECTION ( 'NONE',  ( 3.154042683594199163E-15, 0.000000000000000000, 1.000000000000000000 ) ) ;
#2455 = CARTESIAN_POINT ( 'NONE',  ( -1.725000000000000755, 0.05000000000000023870, 1.125000000000000666 ) ) ;
#2456 = ORIENTED_EDGE ( 'NONE', *, *, #2849, .T. ) ;
#2457 = EDGE_CURVE ( 'NONE', #4117, #1686, #4510, .T. ) ;
#2458 = AXIS2_PLACEMENT_3D ( 'NONE', #9546, #7300, #3563 ) ;
#2459 = DIRECTION ( 'NONE',  ( -0.000000000000000000, -1.000000000000000000, -0.000000000000000000 ) ) ;
#2460 = ORIENTED_EDGE ( 'NONE', *, *, #339, .F. ) ;
#2461 = EDGE_CURVE ( 'NONE', #8178, #1679, #9521, .T. ) ;
#2462 = PLANE ( 'NONE',  #1664 ) ;
#2463 = DIRECTION ( 'NONE',  ( -0.000000000000000000, 0.000000000000000000, -1.000000000000000000 ) ) ;
#2464 = FACE_OUTER_BOUND ( 'NONE', #3851, .T. ) ;
#2465 = VECTOR ( 'NONE', #6356, 1000.000000000000000 ) ;
#2466 = ORIENTED_EDGE ( 'NONE', *, *, #6916, .F. ) ;
#2467 = CARTESIAN_POINT ( 'NONE',  ( -0.1249999999999988065, 0.1000000000000000472, 1.500000000000000444 ) ) ;
#2468 = DIRECTION ( 'NONE',  ( -0.000000000000000000, -1.000000000000000000, -0.000000000000000000 ) ) ;
#2469 = VERTEX_POINT ( 'NONE', #6557 ) ;
#2470 = FACE_OUTER_BOUND ( 'NONE', #7692, .T. ) ;
#2471 = CARTESIAN_POINT ( 'NONE',  ( -2.000000000000000000, 0.1999999999999999833, -0.6249999999999992228 ) ) ;
#2472 = CARTESIAN_POINT ( 'NONE',  ( -0.7499999999999993339, 0.04999999999999999584, 1.225000000000000533 ) ) ;
#2473 = VECTOR ( 'NONE', #3553, 1000.000000000000000 ) ;
#2474 = SURFACE_STYLE_USAGE ( .BOTH. , #1684 ) ;
#2475 = AXIS2_PLACEMENT_3D ( 'NONE', #5246, #1075, #8614 ) ;
#2476 = EDGE_LOOP ( 'NONE', ( #1979, #1582, #5095, #353 ) ) ;
#2477 = DIRECTION ( 'NONE',  ( -3.469446951953611033E-15, 0.000000000000000000, 1.000000000000000000 ) ) ;
#2478 = ORIENTED_EDGE ( 'NONE', *, *, #5920, .F. ) ;
#2479 = CARTESIAN_POINT ( 'NONE',  ( -1.950000000000001066, 0.1000000000000000056, 0.1250000000000005551 ) ) ;
#2480 = ORIENTED_EDGE ( 'NONE', *, *, #9186, .T. ) ;
#2481 = DIRECTION ( 'NONE',  ( 1.000000000000000000, -0.000000000000000000, 0.000000000000000000 ) ) ;
#2482 = CARTESIAN_POINT ( 'NONE',  ( -0.1249999999999996808, 0.6716990566028301357, 1.225000000000000755 ) ) ;
#2483 = VECTOR ( 'NONE', #3560, 1000.000000000000000 ) ;
#2484 = EDGE_LOOP ( 'NONE', ( #3238, #5128, #4811, #7792, #2055, #963 ) ) ;
#2485 = CARTESIAN_POINT ( 'NONE',  ( -1.124999999999999112, 0.000000000000000000, 1.450000000000000178 ) ) ;
#2486 = DIRECTION ( 'NONE',  ( 0.000000000000000000, -1.000000000000000000, 0.000000000000000000 ) ) ;
#2487 = EDGE_CURVE ( 'NONE', #5979, #2832, #9564, .T. ) ;
#2488 = ORIENTED_EDGE ( 'NONE', *, *, #3028, .F. ) ;
#2489 = FACE_OUTER_BOUND ( 'NONE', #7293, .T. ) ;
#2490 = DIRECTION ( 'NONE',  ( 1.000000000000000000, 0.000000000000000000, -3.942553354492742545E-16 ) ) ;
#2491 = DIRECTION ( 'NONE',  ( 0.000000000000000000, 1.000000000000000000, 0.000000000000000000 ) ) ;
#2492 = CARTESIAN_POINT ( 'NONE',  ( -2.000000000000000000, 0.6716990566028313570, -0.1249999999999992506 ) ) ;
#2493 = EDGE_CURVE ( 'NONE', #4634, #7348, #6949, .T. ) ;
#2494 = PLANE ( 'NONE',  #5052 ) ;
#2495 = VECTOR ( 'NONE', #1229, 1000.000000000000000 ) ;
#2496 = DIRECTION ( 'NONE',  ( 0.000000000000000000, -1.000000000000000000, 0.000000000000000000 ) ) ;
#2497 = ORIENTED_EDGE ( 'NONE', *, *, #3761, .F. ) ;
#2498 = DIRECTION ( 'NONE',  ( -1.577021341797097018E-15, 0.000000000000000000, -1.000000000000000000 ) ) ;
#2499 = ORIENTED_EDGE ( 'NONE', *, *, #1057, .F. ) ;
#2500 = CARTESIAN_POINT ( 'NONE',  ( -1.349999999999999867, 2.280865204668480750, 0.8499999999999999778 ) ) ;
#2501 = EDGE_CURVE ( 'NONE', #4651, #2063, #4704, .T. ) ;
#2502 = EDGE_LOOP ( 'NONE', ( #602, #6830, #9373, #5818, #4391, #4893 ) ) ;
#2503 = ADVANCED_FACE ( 'NONE', ( #6851 ), #3240, .T. ) ;
#2504 = DIRECTION ( 'NONE',  ( 1.000000000000000000, -0.000000000000000000, 3.942553354492742545E-16 ) ) ;
#2505 = DIRECTION ( 'NONE',  ( 0.000000000000000000, 0.000000000000000000, 1.000000000000000000 ) ) ;
#2506 = VERTEX_POINT ( 'NONE', #6901 ) ;
#2507 = PLANE ( 'NONE',  #7460 ) ;
#2508 = EDGE_CURVE ( 'NONE', #989, #6981, #2093, .T. ) ;
#2509 = DIRECTION ( 'NONE',  ( 0.000000000000000000, 0.000000000000000000, -1.000000000000000000 ) ) ;
#2510 = DIRECTION ( 'NONE',  ( 0.000000000000000000, -1.000000000000000000, 0.000000000000000000 ) ) ;
#2511 = ORIENTED_EDGE ( 'NONE', *, *, #1906, .T. ) ;
#2512 = PLANE ( 'NONE',  #6483 ) ;
#2513 = EDGE_CURVE ( 'NONE', #3786, #2972, #5385, .T. ) ;
#2514 = EDGE_LOOP ( 'NONE', ( #5437, #9647, #5705, #3890 ) ) ;
#2515 = CARTESIAN_POINT ( 'NONE',  ( 1.375000000000000444, 0.1000000000000000056, 1.225000000000000755 ) ) ;
#2516 = ORIENTED_EDGE ( 'NONE', *, *, #5986, .T. ) ;
#2517 = CARTESIAN_POINT ( 'NONE',  ( 1.125000000000000666, 0.1000000000000002554, 1.499999999999999556 ) ) ;
#2518 = DIRECTION ( 'NONE',  ( 0.000000000000000000, -1.000000000000000000, 0.000000000000000000 ) ) ;
#2519 = EDGE_LOOP ( 'NONE', ( #2008, #2752, #6362, #5261 ) ) ;
#2520 = DIRECTION ( 'NONE',  ( 1.000000000000000000, 0.000000000000000000, -3.942553354492743531E-16 ) ) ;
#2521 = DIRECTION ( 'NONE',  ( 0.000000000000000000, -1.000000000000000000, 0.000000000000000000 ) ) ;
#2522 = ORIENTED_EDGE ( 'NONE', *, *, #7538, .T. ) ;
#2523 = ORIENTED_EDGE ( 'NONE', *, *, #2570, .F. ) ;
#2524 = CARTESIAN_POINT ( 'NONE',  ( 1.725000000000000755, 0.2000000000000000944, 0.8749999999999994449 ) ) ;
#2525 = EDGE_LOOP ( 'NONE', ( #7030, #3796, #9459, #6386 ) ) ;
#2526 = FACE_OUTER_BOUND ( 'NONE', #4612, .T. ) ;
#2527 = FACE_OUTER_BOUND ( 'NONE', #1585, .T. ) ;
#2528 = PLANE ( 'NONE',  #5561 ) ;
#2529 = VECTOR ( 'NONE', #9444, 1000.000000000000000 ) ;
#2530 = CARTESIAN_POINT ( 'NONE',  ( 1.950000000000002176, 0.1000000000000000056, -1.450000000000000622 ) ) ;
#2531 = ORIENTED_EDGE ( 'NONE', *, *, #2968, .T. ) ;
#2532 = LINE ( 'NONE', #8505, #9611 ) ;
#2533 = VERTEX_POINT ( 'NONE', #8420 ) ;
#2534 = ORIENTED_EDGE ( 'NONE', *, *, #417, .T. ) ;
#2535 = ORIENTED_EDGE ( 'NONE', *, *, #7592, .F. ) ;
#2536 = DIRECTION ( 'NONE',  ( -1.000000000000000000, 0.000000000000000000, 0.000000000000000000 ) ) ;
#2537 = CARTESIAN_POINT ( 'NONE',  ( 1.950000000000002176, 0.1000000000000000056, -1.450000000000000622 ) ) ;
#2538 = CARTESIAN_POINT ( 'NONE',  ( -1.249999999999999334, 0.2000000000000000111, 1.100000000000000977 ) ) ;
#2539 = ADVANCED_FACE ( 'NONE', ( #3764 ), #8365, .F. ) ;
#2540 = PLANE ( 'NONE',  #5670 ) ;
#2541 = LINE ( 'NONE', #4111, #7269 ) ;
#2542 = VECTOR ( 'NONE', #7976, 1000.000000000000000 ) ;
#2543 = VERTEX_POINT ( 'NONE', #3953 ) ;
#2544 = CARTESIAN_POINT ( 'NONE',  ( -1.725000000000000755, 0.6716990566028313570, 0.1250000000000006661 ) ) ;
#2545 = VECTOR ( 'NONE', #5746, 1000.000000000000000 ) ;
#2546 = DIRECTION ( 'NONE',  ( -3.154042683594198769E-15, 0.000000000000000000, 1.000000000000000000 ) ) ;
#2547 = ORIENTED_EDGE ( 'NONE', *, *, #5287, .F. ) ;
#2548 = ORIENTED_EDGE ( 'NONE', *, *, #8249, .T. ) ;
#2549 = EDGE_CURVE ( 'NONE', #160, #2654, #9103, .T. ) ;
#2550 = DIRECTION ( 'NONE',  ( -0.000000000000000000, -1.000000000000000000, -0.000000000000000000 ) ) ;
#2551 = FACE_OUTER_BOUND ( 'NONE', #3629, .T. ) ;
#2552 = ORIENTED_EDGE ( 'NONE', *, *, #3253, .F. ) ;
#2553 = AXIS2_PLACEMENT_3D ( 'NONE', #3867, #1721, #6862 ) ;
#2554 = CIRCLE ( 'NONE', #2095, 0.1250000000000001110 ) ;
#2555 = LINE ( 'NONE', #1133, #1955 ) ;
#2556 = ADVANCED_FACE ( 'NONE', ( #3038 ), #238, .F. ) ;
#2557 = EDGE_CURVE ( 'NONE', #3387, #7767, #810, .T. ) ;
#2558 = CARTESIAN_POINT ( 'NONE',  ( -2.000000000000000888, 0.6716990566028313570, -0.8749999999999994449 ) ) ;
#2559 = CARTESIAN_POINT ( 'NONE',  ( -0.6249999999999987788, 0.1000000000000000056, 1.500000000000000444 ) ) ;
#2560 = VECTOR ( 'NONE', #7098, 1000.000000000000000 ) ;
#2561 = ORIENTED_EDGE ( 'NONE', *, *, #7664, .F. ) ;
#2562 = VECTOR ( 'NONE', #5877, 1000.000000000000000 ) ;
#2563 = DIRECTION ( 'NONE',  ( 0.000000000000000000, -1.000000000000000000, 0.000000000000000000 ) ) ;
#2564 = ORIENTED_EDGE ( 'NONE', *, *, #4176, .F. ) ;
#2565 = ORIENTED_EDGE ( 'NONE', *, *, #3805, .T. ) ;
#2566 = DIRECTION ( 'NONE',  ( 0.000000000000000000, 0.000000000000000000, 1.000000000000000000 ) ) ;
#2567 = DIRECTION ( 'NONE',  ( 0.000000000000000000, -1.000000000000000000, 0.000000000000000000 ) ) ;
#2568 = VECTOR ( 'NONE', #2599, 1000.000000000000000 ) ;
#2569 = EDGE_CURVE ( 'NONE', #4081, #6202, #9207, .T. ) ;
#2570 = EDGE_CURVE ( 'NONE', #1026, #9007, #864, .T. ) ;
#2571 = VECTOR ( 'NONE', #2838, 1000.000000000000000 ) ;
#2572 = VERTEX_POINT ( 'NONE', #5485 ) ;
#2573 = CARTESIAN_POINT ( 'NONE',  ( 4.435372523804340848E-16, 0.05000000000000000278, 1.125000000000001110 ) ) ;
#2574 = PLANE ( 'NONE',  #6350 ) ;
#2575 = ORIENTED_EDGE ( 'NONE', *, *, #1113, .F. ) ;
#2576 = ADVANCED_FACE ( 'NONE', ( #6166 ), #4660, .F. ) ;
#2577 = LINE ( 'NONE', #9235, #4030 ) ;
#2578 = AXIS2_PLACEMENT_3D ( 'NONE', #8128, #3574, #2753 ) ;
#2579 = ORIENTED_EDGE ( 'NONE', *, *, #2250, .F. ) ;
#2580 = DIRECTION ( 'NONE',  ( 0.000000000000000000, -0.000000000000000000, -1.000000000000000000 ) ) ;
#2581 = DIRECTION ( 'NONE',  ( 0.000000000000000000, -0.000000000000000000, -1.000000000000000000 ) ) ;
#2582 = EDGE_CURVE ( 'NONE', #4212, #8572, #5356, .T. ) ;
#2583 = AXIS2_PLACEMENT_3D ( 'NONE', #7865, #1096, #5502 ) ;
#2584 = DIRECTION ( 'NONE',  ( 0.000000000000000000, 0.000000000000000000, 1.000000000000000000 ) ) ;
#2585 = VECTOR ( 'NONE', #6120, 1000.000000000000000 ) ;
#2586 = CARTESIAN_POINT ( 'NONE',  ( -0.8749999999999994449, 0.1999999999999999833, -1.500000000000000444 ) ) ;
#2587 = DIRECTION ( 'NONE',  ( -3.469446951953617739E-15, 0.000000000000000000, 1.000000000000000000 ) ) ;
#2588 = DIRECTION ( 'NONE',  ( 0.000000000000000000, 0.000000000000000000, 1.000000000000000000 ) ) ;
#2589 = DIRECTION ( 'NONE',  ( 1.000000000000000000, -0.000000000000000000, 3.942553354492742545E-16 ) ) ;
#2590 = ORIENTED_EDGE ( 'NONE', *, *, #9266, .T. ) ;
#2591 = EDGE_LOOP ( 'NONE', ( #8939, #3928, #5178, #7741, #3930, #5871 ) ) ;
#2592 = VECTOR ( 'NONE', #5791, 1000.000000000000000 ) ;
#2593 = CARTESIAN_POINT ( 'NONE',  ( -2.000000000000000000, 0.1000000000000000472, -1.124999999999999334 ) ) ;
#2594 = DIRECTION ( 'NONE',  ( -1.000000000000000000, 0.000000000000000000, -3.942553354492743531E-16 ) ) ;
#2595 =( NAMED_UNIT ( * ) PLANE_ANGLE_UNIT ( ) SI_UNIT ( $, .RADIAN. ) );
#2596 = AXIS2_PLACEMENT_3D ( 'NONE', #8223, #4583, #3842 ) ;
#2597 = VECTOR ( 'NONE', #9018, 1000.000000000000000 ) ;
#2598 = DIRECTION ( 'NONE',  ( 1.000000000000000000, 0.000000000000000000, -3.942553354492743531E-16 ) ) ;
#2599 = DIRECTION ( 'NONE',  ( -0.000000000000000000, -1.000000000000000000, -0.000000000000000000 ) ) ;
#2600 = DIRECTION ( 'NONE',  ( 0.000000000000000000, -0.000000000000000000, 1.000000000000000000 ) ) ;
#2601 = ORIENTED_EDGE ( 'NONE', *, *, #3100, .F. ) ;
#2602 = CARTESIAN_POINT ( 'NONE',  ( -1.950000000000001066, 0.05000000000000000278, 0.000000000000000000 ) ) ;
#2603 = CARTESIAN_POINT ( 'NONE',  ( -2.000000000000000888, 0.1000000000000000472, 0.1250000000000005551 ) ) ;
#2604 = ORIENTED_EDGE ( 'NONE', *, *, #872, .T. ) ;
#2605 = VECTOR ( 'NONE', #9654, 1000.000000000000000 ) ;
#2606 = LINE ( 'NONE', #1178, #6199 ) ;
#2607 = ORIENTED_EDGE ( 'NONE', *, *, #8592, .F. ) ;
#2608 = LINE ( 'NONE', #107, #6677 ) ;
#2609 = DIRECTION ( 'NONE',  ( -1.000000000000000000, 0.000000000000000000, 3.942553354492743531E-16 ) ) ;
#2610 = EDGE_LOOP ( 'NONE', ( #7672, #8338 ) ) ;
#2611 = CARTESIAN_POINT ( 'NONE',  ( 2.000000000000000000, 0.1000000000000000472, -0.6249999999999992228 ) ) ;
#2612 = PRESENTATION_LAYER_ASSIGNMENT (  '', '', ( #3844 ) ) ;
#2613 = LINE ( 'NONE', #1976, #8068 ) ;
#2614 = FACE_OUTER_BOUND ( 'NONE', #9705, .T. ) ;
#2615 = EDGE_LOOP ( 'NONE', ( #9311, #665, #2969, #5046 ) ) ;
#2616 = AXIS2_PLACEMENT_3D ( 'NONE', #422, #6577, #7880 ) ;
#2617 = EDGE_CURVE ( 'NONE', #1086, #3736, #34, .T. ) ;
#2618 = VERTEX_POINT ( 'NONE', #6062 ) ;
#2619 = ORIENTED_EDGE ( 'NONE', *, *, #7163, .T. ) ;
#2620 = CARTESIAN_POINT ( 'NONE',  ( -1.249999999999999334, 0.2000000000000000111, -1.225000000000000533 ) ) ;
#2621 = LINE ( 'NONE', #9175, #6792 ) ;
#2622 = EDGE_CURVE ( 'NONE', #8676, #4783, #3023, .T. ) ;
#2623 = VECTOR ( 'NONE', #436, 1000.000000000000000 ) ;
#2624 = ORIENTED_EDGE ( 'NONE', *, *, #9279, .F. ) ;
#2625 = CARTESIAN_POINT ( 'NONE',  ( -0.1249999999999988065, 0.1000000000000000056, 1.450000000000000178 ) ) ;
#2626 = ADVANCED_FACE ( 'NONE', ( #9057 ), #2352, .T. ) ;
#2627 = EDGE_CURVE ( 'NONE', #296, #2115, #3860, .T. ) ;
#2628 = VECTOR ( 'NONE', #9656, 1000.000000000000000 ) ;
#2629 = CARTESIAN_POINT ( 'NONE',  ( -0.6249999999999996669, 0.2000000000000000111, 1.225000000000000755 ) ) ;
#2630 = ORIENTED_EDGE ( 'NONE', *, *, #6941, .F. ) ;
#2631 = CARTESIAN_POINT ( 'NONE',  ( -4.928191693115951477E-16, 0.05000000000000000278, -0.6250000000000008882 ) ) ;
#2632 = FACE_OUTER_BOUND ( 'NONE', #268, .T. ) ;
#2633 = ORIENTED_EDGE ( 'NONE', *, *, #7171, .F. ) ;
#2634 = EDGE_CURVE ( 'NONE', #2790, #5938, #4114, .T. ) ;
#2635 = ADVANCED_FACE ( 'NONE', ( #2652 ), #2697, .F. ) ;
#2636 = CIRCLE ( 'NONE', #9365, 0.1250000000000000555 ) ;
#2637 = CARTESIAN_POINT ( 'NONE',  ( -1.349999999999999867, 0.2000000000000000111, -0.8499999999999999778 ) ) ;
#2638 = CARTESIAN_POINT ( 'NONE',  ( -1.374999999999999556, 0.1000000000000000056, 1.450000000000000178 ) ) ;
#2639 = DIRECTION ( 'NONE',  ( 0.000000000000000000, 1.000000000000000000, 0.000000000000000000 ) ) ;
#2640 = CARTESIAN_POINT ( 'NONE',  ( 0.000000000000000000, 0.05000000000000000278, -0.8500000000000001998 ) ) ;
#2641 = ORIENTED_EDGE ( 'NONE', *, *, #7305, .T. ) ;
#2642 = ORIENTED_EDGE ( 'NONE', *, *, #9582, .F. ) ;
#2643 = EDGE_CURVE ( 'NONE', #7118, #2260, #1224, .T. ) ;
#2644 = LINE ( 'NONE', #8609, #7858 ) ;
#2645 = DIRECTION ( 'NONE',  ( 0.000000000000000000, 0.000000000000000000, 1.000000000000000000 ) ) ;
#2646 = VECTOR ( 'NONE', #9681, 1000.000000000000000 ) ;
#2647 = DIRECTION ( 'NONE',  ( 1.000000000000000000, -0.000000000000000000, -0.000000000000000000 ) ) ;
#2648 = LINE ( 'NONE', #1956, #3010 ) ;
#2649 = LINE ( 'NONE', #2694, #6315 ) ;
#2650 = DIRECTION ( 'NONE',  ( -1.000000000000000000, 0.000000000000000000, 0.000000000000000000 ) ) ;
#2651 = ORIENTED_EDGE ( 'NONE', *, *, #3954, .T. ) ;
#2652 = FACE_OUTER_BOUND ( 'NONE', #8467, .T. ) ;
#2653 = CARTESIAN_POINT ( 'NONE',  ( 1.950000000000002176, 0.6716990566028312459, 1.125000000000000666 ) ) ;
#2654 = VERTEX_POINT ( 'NONE', #5632 ) ;
#2655 = ORIENTED_EDGE ( 'NONE', *, *, #9494, .T. ) ;
#2656 = LINE ( 'NONE', #5639, #4813 ) ;
#2657 = DIRECTION ( 'NONE',  ( -1.084202172485504681E-16, 0.000000000000000000, -1.000000000000000000 ) ) ;
#2658 = EDGE_LOOP ( 'NONE', ( #6270, #1373, #7144, #961, #902, #5779 ) ) ;
#2659 = DIRECTION ( 'NONE',  ( -0.000000000000000000, -1.000000000000000000, -0.000000000000000000 ) ) ;
#2660 = EDGE_CURVE ( 'NONE', #3765, #9384, #5531, .T. ) ;
#2661 = DIRECTION ( 'NONE',  ( -1.000000000000000000, 0.000000000000000000, 0.000000000000000000 ) ) ;
#2662 = DIRECTION ( 'NONE',  ( -0.000000000000000000, -1.000000000000000000, -0.000000000000000000 ) ) ;
#2663 = ORIENTED_EDGE ( 'NONE', *, *, #2374, .T. ) ;
#2664 = CARTESIAN_POINT ( 'NONE',  ( 1.950000000000002176, 0.1000000000000000056, 1.125000000000000444 ) ) ;
#2665 = CARTESIAN_POINT ( 'NONE',  ( 1.125000000000002887, 0.05000000000000000278, -1.774149009521739100E-15 ) ) ;
#2666 = ORIENTED_EDGE ( 'NONE', *, *, #5287, .T. ) ;
#2667 = ORIENTED_EDGE ( 'NONE', *, *, #2028, .F. ) ;
#2668 = CARTESIAN_POINT ( 'NONE',  ( -2.000000000000000888, 0.6716990566028313570, 0.1250000000000005551 ) ) ;
#2669 = LINE ( 'NONE', #1782, #7913 ) ;
#2670 = ORIENTED_EDGE ( 'NONE', *, *, #9190, .F. ) ;
#2671 = DIRECTION ( 'NONE',  ( 0.000000000000000000, 1.000000000000000000, 0.000000000000000000 ) ) ;
#2672 = ORIENTED_EDGE ( 'NONE', *, *, #7420, .F. ) ;
#2673 = ADVANCED_FACE ( 'NONE', ( #470 ), #2016, .F. ) ;
#2674 = CARTESIAN_POINT ( 'NONE',  ( 1.125000000000000666, 0.2000000000000000111, 1.500000000000000444 ) ) ;
#2675 = ORIENTED_EDGE ( 'NONE', *, *, #2976, .F. ) ;
#2676 = DIRECTION ( 'NONE',  ( 0.000000000000000000, -1.000000000000000000, 0.000000000000000000 ) ) ;
#2677 = PLANE ( 'NONE',  #7753 ) ;
#2678 = EDGE_LOOP ( 'NONE', ( #240, #4752, #5984, #5614 ) ) ;
#2679 = EDGE_CURVE ( 'NONE', #8451, #336, #9406, .T. ) ;
#2680 = EDGE_CURVE ( 'NONE', #1485, #1319, #5585, .T. ) ;
#2681 = DIRECTION ( 'NONE',  ( 0.000000000000000000, 0.000000000000000000, 1.000000000000000000 ) ) ;
#2682 = DIRECTION ( 'NONE',  ( 0.000000000000000000, -1.000000000000000000, 0.000000000000000000 ) ) ;
#2683 = DIRECTION ( 'NONE',  ( 1.577021341797097018E-15, 0.000000000000000000, -1.000000000000000000 ) ) ;
#2684 = CYLINDRICAL_SURFACE ( 'NONE', #1236, 0.1250000000000001110 ) ;
#2685 = DIRECTION ( 'NONE',  ( 1.000000000000000000, 0.000000000000000000, 7.885106708985511714E-16 ) ) ;
#2686 = LINE ( 'NONE', #463, #5739 ) ;
#2687 = ORIENTED_EDGE ( 'NONE', *, *, #7656, .T. ) ;
#2688 = ORIENTED_EDGE ( 'NONE', *, *, #4990, .F. ) ;
#2689 = EDGE_CURVE ( 'NONE', #4025, #8899, #670, .T. ) ;
#2690 = DIRECTION ( 'NONE',  ( 0.000000000000000000, -1.000000000000000000, 0.000000000000000000 ) ) ;
#2691 = DIRECTION ( 'NONE',  ( 2.551063935260010491E-16, 0.000000000000000000, 1.000000000000000000 ) ) ;
#2692 = CARTESIAN_POINT ( 'NONE',  ( 1.725000000000000755, 0.6716990566028313570, -0.8749999999999993339 ) ) ;
#2693 = EDGE_CURVE ( 'NONE', #7, #6428, #8616, .T. ) ;
#2694 = CARTESIAN_POINT ( 'NONE',  ( 2.000000000000000000, 0.1000000000000000472, -0.6249999999999992228 ) ) ;
#2695 = DIRECTION ( 'NONE',  ( 1.000000000000000000, 0.000000000000000000, -7.885106708985511714E-16 ) ) ;
#2696 = ORIENTED_EDGE ( 'NONE', *, *, #7852, .F. ) ;
#2697 = PLANE ( 'NONE',  #973 ) ;
#2698 = VECTOR ( 'NONE', #4953, 1000.000000000000000 ) ;
#2699 = EDGE_LOOP ( 'NONE', ( #4141, #2897, #7053, #4648, #4903, #5275 ) ) ;
#2700 = EDGE_LOOP ( 'NONE', ( #4550, #6504, #1333, #9495, #163, #8030 ) ) ;
#2701 = CARTESIAN_POINT ( 'NONE',  ( -2.000000000000000000, 0.1999999999999999833, -1.124999999999999334 ) ) ;
#2702 = ADVANCED_FACE ( 'NONE', ( #1869 ), #6363, .F. ) ;
#2703 = EDGE_CURVE ( 'NONE', #46, #2245, #3289, .T. ) ;
#2704 = DIRECTION ( 'NONE',  ( 0.000000000000000000, -1.000000000000000000, 0.000000000000000000 ) ) ;
#2705 = CARTESIAN_POINT ( 'NONE',  ( 1.250000000000000666, 0.2000000000000000111, 1.225000000000000533 ) ) ;
#2706 = VERTEX_POINT ( 'NONE', #6454 ) ;
#2707 = CARTESIAN_POINT ( 'NONE',  ( -1.349999999999999867, 0.2000000000000000111, -0.8499999999999999778 ) ) ;
#2708 = CIRCLE ( 'NONE', #1924, 0.1250000000000000555 ) ;
#2709 = DIRECTION ( 'NONE',  ( 0.000000000000000000, 0.000000000000000000, -1.000000000000000000 ) ) ;
#2710 = CARTESIAN_POINT ( 'NONE',  ( -2.000000000000000888, 0.1000000000000000472, 0.6250000000000005551 ) ) ;
#2711 = VERTEX_POINT ( 'NONE', #8660 ) ;
#2712 = CARTESIAN_POINT ( 'NONE',  ( 1.999999999999999112, 0.1000000000000002554, -0.8749999999999994449 ) ) ;
#2713 = AXIS2_PLACEMENT_3D ( 'NONE', #7860, #4411, #6602 ) ;
#2714 = EDGE_LOOP ( 'NONE', ( #1723, #4067, #8691, #138 ) ) ;
#2715 = PLANE ( 'NONE',  #2860 ) ;
#2716 = DIRECTION ( 'NONE',  ( 0.000000000000000000, 0.000000000000000000, 1.000000000000000000 ) ) ;
#2717 = CIRCLE ( 'NONE', #1771, 0.1529626556016593086 ) ;
#2718 = FACE_OUTER_BOUND ( 'NONE', #9044, .T. ) ;
#2719 = VECTOR ( 'NONE', #8090, 1000.000000000000000 ) ;
#2720 = ORIENTED_EDGE ( 'NONE', *, *, #155, .F. ) ;
#2721 = CARTESIAN_POINT ( 'NONE',  ( -2.000000000000000000, 0.1000000000000000472, -1.124999999999999334 ) ) ;
#2722 = CARTESIAN_POINT ( 'NONE',  ( -0.1500000000000000222, 0.000000000000000000, -0.8499999999999999778 ) ) ;
#2723 = DIRECTION ( 'NONE',  ( 0.000000000000000000, 0.000000000000000000, -1.000000000000000000 ) ) ;
#2724 = VECTOR ( 'NONE', #1563, 1000.000000000000000 ) ;
#2725 = ORIENTED_EDGE ( 'NONE', *, *, #4237, .F. ) ;
#2726 = PRESENTATION_STYLE_ASSIGNMENT (( #3369 ) ) ;
#2727 = STYLED_ITEM ( 'NONE', ( #3900 ), #690 ) ;
#2728 = PLANE ( 'NONE',  #5863 ) ;
#2729 = ORIENTED_EDGE ( 'NONE', *, *, #9328, .F. ) ;
#2730 = CARTESIAN_POINT ( 'NONE',  ( 1.250000000000000666, 0.2000000000000000111, 1.225000000000000533 ) ) ;
#2731 = COLOUR_RGB ( '',0.7921568627450980005, 0.8196078431372548767, 0.9333333333333333481 ) ;
#2732 = DIRECTION ( 'NONE',  ( 0.000000000000000000, 0.000000000000000000, -1.000000000000000000 ) ) ;
#2733 = LINE ( 'NONE', #4984, #6795 ) ;
#2734 = DIRECTION ( 'NONE',  ( -0.000000000000000000, -1.000000000000000000, -0.000000000000000000 ) ) ;
#2735 = CARTESIAN_POINT ( 'NONE',  ( -1.124999999999999778, 0.04999999999999999584, 1.225000000000000755 ) ) ;
#2736 = LINE ( 'NONE', #9493, #5114 ) ;
#2737 = VERTEX_POINT ( 'NONE', #3337 ) ;
#2738 = ORIENTED_EDGE ( 'NONE', *, *, #3446, .T. ) ;
#2739 = SURFACE_STYLE_FILL_AREA ( #8565 ) ;
#2740 = EDGE_CURVE ( 'NONE', #6340, #161, #4809, .T. ) ;
#2741 = EDGE_CURVE ( 'NONE', #5486, #7156, #3432, .T. ) ;
#2742 = LINE ( 'NONE', #7885, #5064 ) ;
#2743 = CARTESIAN_POINT ( 'NONE',  ( -2.000000000000000000, 0.1000000000000000472, 0.8750000000000007772 ) ) ;
#2744 = VECTOR ( 'NONE', #220, 1000.000000000000000 ) ;
#2745 = AXIS2_PLACEMENT_3D ( 'NONE', #124, #4444, #8725 ) ;
#2746 = VECTOR ( 'NONE', #7658, 1000.000000000000000 ) ;
#2747 = CARTESIAN_POINT ( 'NONE',  ( 1.999999999999999112, 0.1000000000000002554, -1.500000000000000444 ) ) ;
#2748 = CARTESIAN_POINT ( 'NONE',  ( 1.725000000000000311, 0.05000000000000002359, -4.336808689942017736E-16 ) ) ;
#2749 = ORIENTED_EDGE ( 'NONE', *, *, #2387, .T. ) ;
#2750 = LINE ( 'NONE', #7007, #1155 ) ;
#2751 = AXIS2_PLACEMENT_3D ( 'NONE', #6724, #5257, #6972 ) ;
#2752 = ORIENTED_EDGE ( 'NONE', *, *, #9562, .T. ) ;
#2753 = DIRECTION ( 'NONE',  ( 1.000000000000000000, 0.000000000000000000, -0.000000000000000000 ) ) ;
#2754 = ORIENTED_EDGE ( 'NONE', *, *, #4349, .T. ) ;
#2755 = CIRCLE ( 'NONE', #3983, 0.1250000000000001110 ) ;
#2756 = EDGE_CURVE ( 'NONE', #603, #3736, #7804, .T. ) ;
#2757 = CARTESIAN_POINT ( 'NONE',  ( 0.000000000000000000, 0.1000000000000000056, 0.000000000000000000 ) ) ;
#2758 = EDGE_LOOP ( 'NONE', ( #548, #4479, #6493, #8800 ) ) ;
#2759 = DIRECTION ( 'NONE',  ( 0.000000000000000000, -1.000000000000000000, 0.000000000000000000 ) ) ;
#2760 = CARTESIAN_POINT ( 'NONE',  ( 1.375000000000000444, 0.1999999999999999833, -1.225000000000000755 ) ) ;
#2761 = ADVANCED_FACE ( 'NONE', ( #4068 ), #4213, .F. ) ;
#2762 = COLOUR_RGB ( '',0.7921568627450980005, 0.8196078431372548767, 0.9333333333333333481 ) ;
#2763 = CARTESIAN_POINT ( 'NONE',  ( -1.950000000000001066, 0.1000000000000000056, -1.450000000000000622 ) ) ;
#2764 = CIRCLE ( 'NONE', #5242, 0.1250000000000000555 ) ;
#2765 = CARTESIAN_POINT ( 'NONE',  ( 1.725000000000000755, 0.1999999999999999833, 1.125000000000000666 ) ) ;
#2766 = EDGE_CURVE ( 'NONE', #5896, #4979, #2750, .T. ) ;
#2767 = EDGE_LOOP ( 'NONE', ( #3, #5869, #6225, #4249 ) ) ;
#2768 = EDGE_CURVE ( 'NONE', #6113, #7379, #7846, .T. ) ;
#2769 = AXIS2_PLACEMENT_3D ( 'NONE', #9070, #3201, #2364 ) ;
#2770 = ORIENTED_EDGE ( 'NONE', *, *, #6275, .T. ) ;
#2771 = FACE_OUTER_BOUND ( 'NONE', #5883, .T. ) ;
#2772 = CARTESIAN_POINT ( 'NONE',  ( -1.606107883817426973, 0.8000000000000000444, -1.099419087136932704 ) ) ;
#2773 = FACE_OUTER_BOUND ( 'NONE', #128, .T. ) ;
#2774 = VECTOR ( 'NONE', #213, 1000.000000000000000 ) ;
#2775 = ORIENTED_EDGE ( 'NONE', *, *, #3679, .F. ) ;
#2776 = VERTEX_POINT ( 'NONE', #7255 ) ;
#2777 = CARTESIAN_POINT ( 'NONE',  ( -1.725000000000000755, 0.1000000000000000472, 0.6250000000000006661 ) ) ;
#2778 = FACE_OUTER_BOUND ( 'NONE', #2502, .T. ) ;
#2779 = SURFACE_SIDE_STYLE ('',( #3495 ) ) ;
#2780 = EDGE_LOOP ( 'NONE', ( #510, #2127, #202, #8996 ) ) ;
#2781 = SURFACE_SIDE_STYLE ('',( #8597 ) ) ;
#2782 = FACE_OUTER_BOUND ( 'NONE', #8981, .T. ) ;
#2783 = VECTOR ( 'NONE', #1063, 1000.000000000000000 ) ;
#2784 = ORIENTED_EDGE ( 'NONE', *, *, #4804, .F. ) ;
#2785 = EDGE_CURVE ( 'NONE', #4183, #8243, #5815, .T. ) ;
#2786 = PLANE ( 'NONE',  #8360 ) ;
#2787 = DIRECTION ( 'NONE',  ( 0.000000000000000000, 0.000000000000000000, -1.000000000000000000 ) ) ;
#2788 = LINE ( 'NONE', #9492, #9662 ) ;
#2789 = DIRECTION ( 'NONE',  ( -1.000000000000000000, 0.000000000000000000, 3.942553354492743531E-16 ) ) ;
#2790 = VERTEX_POINT ( 'NONE', #8895 ) ;
#2791 = EDGE_LOOP ( 'NONE', ( #1940, #6494, #877, #3452 ) ) ;
#2792 = DIRECTION ( 'NONE',  ( 1.000000000000000000, 0.000000000000000000, -7.885106708985511714E-16 ) ) ;
#2793 = LINE ( 'NONE', #5672, #5528 ) ;
#2794 = CARTESIAN_POINT ( 'NONE',  ( -1.249999999999999334, 0.2000000000000000111, -1.225000000000000533 ) ) ;
#2795 = LINE ( 'NONE', #5579, #9107 ) ;
#2796 = AXIS2_PLACEMENT_3D ( 'NONE', #1821, #9309, #1871 ) ;
#2797 = CARTESIAN_POINT ( 'NONE',  ( -1.374999999999999112, 0.04999999999999999584, -1.225000000000000311 ) ) ;
#2798 = ORIENTED_EDGE ( 'NONE', *, *, #3402, .F. ) ;
#2799 = EDGE_CURVE ( 'NONE', #8854, #2124, #8797, .T. ) ;
#2800 = DIRECTION ( 'NONE',  ( -1.000000000000000000, 0.000000000000000000, -3.942553354492743531E-16 ) ) ;
#2801 = ORIENTED_EDGE ( 'NONE', *, *, #2634, .T. ) ;
#2802 = LINE ( 'NONE', #5775, #6812 ) ;
#2803 = ORIENTED_EDGE ( 'NONE', *, *, #1475, .F. ) ;
#2804 = DIRECTION ( 'NONE',  ( -2.551063935260010491E-16, 0.000000000000000000, -1.000000000000000000 ) ) ;
#2805 = VECTOR ( 'NONE', #4020, 1000.000000000000000 ) ;
#2806 = CARTESIAN_POINT ( 'NONE',  ( 1.999999999999999112, 0.1999999999999996503, -0.1250000000000005551 ) ) ;
#2807 = CARTESIAN_POINT ( 'NONE',  ( 1.725000000000000755, 0.6716990566028313570, 0.6250000000000006661 ) ) ;
#2808 = EDGE_LOOP ( 'NONE', ( #8253, #7794, #5967, #8000 ) ) ;
#2809 = CARTESIAN_POINT ( 'NONE',  ( -1.124999999999999778, 0.1000000000000000472, 1.225000000000000755 ) ) ;
#2810 = LINE ( 'NONE', #2899, #6960 ) ;
#2811 = DIRECTION ( 'NONE',  ( 0.000000000000000000, -1.000000000000000000, 0.000000000000000000 ) ) ;
#2812 = EDGE_CURVE ( 'NONE', #603, #6570, #9552, .T. ) ;
#2813 = CARTESIAN_POINT ( 'NONE',  ( 0.000000000000000000, 0.05000000000000000278, 1.450000000000000178 ) ) ;
#2814 = ADVANCED_FACE ( 'NONE', ( #3522 ), #4356, .F. ) ;
#2815 = ORIENTED_EDGE ( 'NONE', *, *, #5782, .F. ) ;
#2816 = FACE_OUTER_BOUND ( 'NONE', #5188, .T. ) ;
#2817 = ADVANCED_FACE ( 'NONE', ( #6644 ), #3572, .T. ) ;
#2818 = ORIENTED_EDGE ( 'NONE', *, *, #5843, .F. ) ;
#2819 = LINE ( 'NONE', #1339, #490 ) ;
#2820 = CARTESIAN_POINT ( 'NONE',  ( -1.606107883817426973, 0.6999999999999999556, -1.099419087136932704 ) ) ;
#2821 = CARTESIAN_POINT ( 'NONE',  ( -1.125000000000003553, 0.05000000000000000278, 3.548298019043485300E-15 ) ) ;
#2822 = EDGE_CURVE ( 'NONE', #1040, #8809, #8497, .T. ) ;
#2823 = VECTOR ( 'NONE', #4950, 1000.000000000000000 ) ;
#2824 = ORIENTED_EDGE ( 'NONE', *, *, #8542, .F. ) ;
#2825 = CARTESIAN_POINT ( 'NONE',  ( 1.950000000000002176, 0.05000000000000000278, 0.000000000000000000 ) ) ;
#2826 =( NAMED_UNIT ( * ) PLANE_ANGLE_UNIT ( ) SI_UNIT ( $, .RADIAN. ) );
#2827 = ORIENTED_EDGE ( 'NONE', *, *, #5957, .T. ) ;
#2828 = DIRECTION ( 'NONE',  ( 0.000000000000000000, 1.000000000000000000, -0.000000000000000000 ) ) ;
#2829 = VERTEX_POINT ( 'NONE', #3663 ) ;
#2830 = DIRECTION ( 'NONE',  ( -0.000000000000000000, 1.000000000000000000, 0.000000000000000000 ) ) ;
#2831 = DIRECTION ( 'NONE',  ( 1.000000000000000000, 0.000000000000000000, 0.000000000000000000 ) ) ;
#2832 = VERTEX_POINT ( 'NONE', #5773 ) ;
#2833 = CARTESIAN_POINT ( 'NONE',  ( 1.725000000000000755, 0.6716990566028313570, -0.3749999999999993339 ) ) ;
#2834 = ORIENTED_EDGE ( 'NONE', *, *, #5082, .T. ) ;
#2835 = VERTEX_POINT ( 'NONE', #5043 ) ;
#2836 = DIRECTION ( 'NONE',  ( -1.000000000000000000, 0.000000000000000000, -7.885106708985511714E-16 ) ) ;
#2837 = CYLINDRICAL_SURFACE ( 'NONE', #2119, 0.1250000000000001110 ) ;
#2838 = DIRECTION ( 'NONE',  ( 3.469446951953617739E-15, 0.000000000000000000, -1.000000000000000000 ) ) ;
#2839 = ORIENTED_EDGE ( 'NONE', *, *, #6675, .T. ) ;
#2840 = DIRECTION ( 'NONE',  ( -1.000000000000000000, 0.000000000000000000, 3.154042683594199163E-15 ) ) ;
#2841 = ORIENTED_EDGE ( 'NONE', *, *, #8291, .F. ) ;
#2842 = CARTESIAN_POINT ( 'NONE',  ( 0.7500000000000006661, 0.04999999999999999584, 1.225000000000000533 ) ) ;
#2843 = ORIENTED_EDGE ( 'NONE', *, *, #9121, .F. ) ;
#2844 = AXIS2_PLACEMENT_3D ( 'NONE', #6208, #4653, #6156 ) ;
#2845 = DIRECTION ( 'NONE',  ( -0.000000000000000000, -1.000000000000000000, -0.000000000000000000 ) ) ;
#2846 = FACE_OUTER_BOUND ( 'NONE', #4158, .T. ) ;
#2847 = ORIENTED_EDGE ( 'NONE', *, *, #757, .T. ) ;
#2848 = DIRECTION ( 'NONE',  ( 0.000000000000000000, -1.000000000000000000, 0.000000000000000000 ) ) ;
#2849 = EDGE_CURVE ( 'NONE', #7849, #3786, #8162, .T. ) ;
#2850 = FACE_OUTER_BOUND ( 'NONE', #5807, .T. ) ;
#2851 = CARTESIAN_POINT ( 'NONE',  ( 0.000000000000000000, 0.05000000000000000278, -1.450000000000000622 ) ) ;
#2852 = ORIENTED_EDGE ( 'NONE', *, *, #3679, .T. ) ;
#2853 = ORIENTED_EDGE ( 'NONE', *, *, #5559, .F. ) ;
#2854 = ADVANCED_FACE ( 'NONE', ( #9648 ), #8754, .T. ) ;
#2855 = CARTESIAN_POINT ( 'NONE',  ( -1.349999999999999867, 0.2000000000000000111, 0.8499999999999999778 ) ) ;
#2856 = CARTESIAN_POINT ( 'NONE',  ( -1.950000000000001066, 0.09999999999999993616, 1.125000000000000666 ) ) ;
#2857 = CARTESIAN_POINT ( 'NONE',  ( -2.000000000000000000, 0.1000000000000000472, -0.6249999999999992228 ) ) ;
#2858 = VECTOR ( 'NONE', #2445, 1000.000000000000000 ) ;
#2859 = ORIENTED_EDGE ( 'NONE', *, *, #8306, .T. ) ;
#2860 = AXIS2_PLACEMENT_3D ( 'NONE', #8681, #309, #1284 ) ;
#2861 = CARTESIAN_POINT ( 'NONE',  ( -1.249999999999999334, 0.000000000000000000, -1.225000000000000533 ) ) ;
#2862 = DIRECTION ( 'NONE',  ( 0.000000000000000000, 0.000000000000000000, 1.000000000000000000 ) ) ;
#2863 = VERTEX_POINT ( 'NONE', #9692 ) ;
#2864 = FILL_AREA_STYLE ('',( #5939 ) ) ;
#2865 = EDGE_CURVE ( 'NONE', #6183, #6267, #8179, .T. ) ;
#2866 = VECTOR ( 'NONE', #4180, 1000.000000000000000 ) ;
#2867 = LINE ( 'NONE', #2923, #1255 ) ;
#2868 = CARTESIAN_POINT ( 'NONE',  ( -0.6249999999999996669, 0.6716990566028301357, -1.225000000000000755 ) ) ;
#2869 = EDGE_CURVE ( 'NONE', #1697, #729, #5173, .T. ) ;
#2870 = LINE ( 'NONE', #2927, #2320 ) ;
#2871 = EDGE_CURVE ( 'NONE', #176, #5830, #7349, .T. ) ;
#2872 = AXIS2_PLACEMENT_3D ( 'NONE', #1610, #4608, #7595 ) ;
#2873 = ORIENTED_EDGE ( 'NONE', *, *, #5431, .F. ) ;
#2874 = CARTESIAN_POINT ( 'NONE',  ( 1.375000000000001332, 0.1000000000000000472, -1.500000000000000444 ) ) ;
#2875 = EDGE_LOOP ( 'NONE', ( #7311, #6193, #6518, #7222 ) ) ;
#2876 = EDGE_LOOP ( 'NONE', ( #5370, #5059, #9638, #5352 ) ) ;
#2877 = MECHANICAL_DESIGN_GEOMETRIC_PRESENTATION_REPRESENTATION (  '', ( #5213 ), #6938 ) ;
#2878 = EDGE_CURVE ( 'NONE', #2940, #629, #5914, .T. ) ;
#2879 = SURFACE_STYLE_FILL_AREA ( #3790 ) ;
#2880 = FACE_OUTER_BOUND ( 'NONE', #6609, .T. ) ;
#2881 = LINE ( 'NONE', #4351, #797 ) ;
#2882 = VECTOR ( 'NONE', #5233, 1000.000000000000000 ) ;
#2883 = COLOUR_RGB ( '',0.7921568627450980005, 0.8196078431372548767, 0.9333333333333333481 ) ;
#2884 = CARTESIAN_POINT ( 'NONE',  ( 0.5999999999999996447, 0.2000000000000000111, -0.8500000000000001998 ) ) ;
#2885 = VERTEX_POINT ( 'NONE', #1317 ) ;
#2886 = CARTESIAN_POINT ( 'NONE',  ( -2.000000000000000000, 0.6716990566028313570, 0.3750000000000007772 ) ) ;
#2887 = DIRECTION ( 'NONE',  ( -3.469446951953612611E-15, 0.000000000000000000, 1.000000000000000000 ) ) ;
#2888 = ORIENTED_EDGE ( 'NONE', *, *, #6865, .T. ) ;
#2889 = DIRECTION ( 'NONE',  ( -0.000000000000000000, -1.000000000000000000, -0.000000000000000000 ) ) ;
#2890 = VERTEX_POINT ( 'NONE', #3714 ) ;
#2891 = ORIENTED_EDGE ( 'NONE', *, *, #2050, .T. ) ;
#2892 = DIRECTION ( 'NONE',  ( 0.000000000000000000, 1.000000000000000000, 0.000000000000000000 ) ) ;
#2893 = PRESENTATION_LAYER_ASSIGNMENT (  '', '', ( #9460 ) ) ;
#2894 = DIRECTION ( 'NONE',  ( 0.000000000000000000, -0.000000000000000000, 1.000000000000000000 ) ) ;
#2895 = LINE ( 'NONE', #8222, #2562 ) ;
#2896 = AXIS2_PLACEMENT_3D ( 'NONE', #5176, #8165, #4215 ) ;
#2897 = ORIENTED_EDGE ( 'NONE', *, *, #5006, .T. ) ;
#2898 = DIRECTION ( 'NONE',  ( -0.000000000000000000, 0.000000000000000000, -1.000000000000000000 ) ) ;
#2899 = CARTESIAN_POINT ( 'NONE',  ( -0.1250000000000035527, 0.05000000000000000278, -3.942553354492861367E-16 ) ) ;
#2900 = PRESENTATION_LAYER_ASSIGNMENT (  '', '', ( #4618 ) ) ;
#2901 = ORIENTED_EDGE ( 'NONE', *, *, #1313, .F. ) ;
#2902 = FACE_OUTER_BOUND ( 'NONE', #4385, .T. ) ;
#2903 = VECTOR ( 'NONE', #801, 1000.000000000000000 ) ;
#2904 = ORIENTED_EDGE ( 'NONE', *, *, #4231, .F. ) ;
#2905 = DIRECTION ( 'NONE',  ( 1.000000000000000000, 0.000000000000000000, -1.577021341797097215E-15 ) ) ;
#2906 = ORIENTED_EDGE ( 'NONE', *, *, #7955, .T. ) ;
#2907 = DIRECTION ( 'NONE',  ( 0.000000000000000000, -1.000000000000000000, 0.000000000000000000 ) ) ;
#2908 = CARTESIAN_POINT ( 'NONE',  ( 1.375000000000001332, 0.1000000000000000472, 1.500000000000000444 ) ) ;
#2909 = VECTOR ( 'NONE', #7572, 1000.000000000000000 ) ;
#2910 = AXIS2_PLACEMENT_3D ( 'NONE', #1831, #248, #2509 ) ;
#2911 = DIRECTION ( 'NONE',  ( 0.000000000000000000, -0.000000000000000000, 1.000000000000000000 ) ) ;
#2912 = CARTESIAN_POINT ( 'NONE',  ( 1.725000000000000755, 0.05000000000000023870, -1.125000000000000666 ) ) ;
#2913 = EDGE_LOOP ( 'NONE', ( #7472, #2351, #324, #8911, #7950 ) ) ;
#2914 = DIRECTION ( 'NONE',  ( 0.000000000000000000, 0.000000000000000000, -1.000000000000000000 ) ) ;
#2915 = EDGE_CURVE ( 'NONE', #6065, #4854, #3653, .T. ) ;
#2916 = EDGE_CURVE ( 'NONE', #7684, #1110, #4309, .T. ) ;
#2917 = VECTOR ( 'NONE', #8385, 1000.000000000000000 ) ;
#2918 = DIRECTION ( 'NONE',  ( -7.885106708985511714E-16, 0.000000000000000000, 1.000000000000000000 ) ) ;
#2919 = CARTESIAN_POINT ( 'NONE',  ( -1.374999999999999556, 0.1000000000000000056, 1.450000000000000178 ) ) ;
#2920 = LINE ( 'NONE', #2180, #8735 ) ;
#2921 = EDGE_LOOP ( 'NONE', ( #8897, #1179, #7937, #5507, #5927, #2439 ) ) ;
#2922 = EDGE_CURVE ( 'NONE', #3354, #1564, #4997, .T. ) ;
#2923 = CARTESIAN_POINT ( 'NONE',  ( -1.950000000000001066, 0.05000000000000000278, 0.000000000000000000 ) ) ;
#2924 = VECTOR ( 'NONE', #246, 1000.000000000000000 ) ;
#2925 = LINE ( 'NONE', #9678, #3673 ) ;
#2926 = ADVANCED_FACE ( 'NONE', ( #4260 ), #7309, .T. ) ;
#2927 = CARTESIAN_POINT ( 'NONE',  ( 1.950000000000002176, 0.1000000000000000056, -1.450000000000000622 ) ) ;
#2928 = EDGE_CURVE ( 'NONE', #2232, #6821, #226, .T. ) ;
#2929 = ORIENTED_EDGE ( 'NONE', *, *, #4320, .T. ) ;
#2930 = VERTEX_POINT ( 'NONE', #7635 ) ;
#2931 = ORIENTED_EDGE ( 'NONE', *, *, #4690, .T. ) ;
#2932 = AXIS2_PLACEMENT_3D ( 'NONE', #5302, #3551, #4235 ) ;
#2933 = ADVANCED_FACE ( 'NONE', ( #1594 ), #2386, .F. ) ;
#2934 = CYLINDRICAL_SURFACE ( 'NONE', #7907, 0.1250000000000001110 ) ;
#2935 = VECTOR ( 'NONE', #7182, 1000.000000000000000 ) ;
#2936 = FILL_AREA_STYLE ('',( #1315 ) ) ;
#2937 = ORIENTED_EDGE ( 'NONE', *, *, #3507, .T. ) ;
#2938 = DIRECTION ( 'NONE',  ( 0.000000000000000000, 0.000000000000000000, 1.000000000000000000 ) ) ;
#2939 = EDGE_CURVE ( 'NONE', #2090, #4514, #2436, .T. ) ;
#2940 = VERTEX_POINT ( 'NONE', #9092 ) ;
#2941 = LINE ( 'NONE', #6547, #550 ) ;
#2942 = VERTEX_POINT ( 'NONE', #6839 ) ;
#2943 = ORIENTED_EDGE ( 'NONE', *, *, #3272, .F. ) ;
#2944 = DIRECTION ( 'NONE',  ( -0.000000000000000000, -1.000000000000000000, -0.000000000000000000 ) ) ;
#2945 = LINE ( 'NONE', #8901, #8905 ) ;
#2946 = CARTESIAN_POINT ( 'NONE',  ( -1.725000000000000755, 0.05000000000000023870, -0.8749999999999993339 ) ) ;
#2947 = VECTOR ( 'NONE', #838, 1000.000000000000000 ) ;
#2948 = LINE ( 'NONE', #8171, #6772 ) ;
#2949 = LINE ( 'NONE', #7321, #1484 ) ;
#2950 = DIRECTION ( 'NONE',  ( 7.885106708985511714E-16, 0.000000000000000000, 1.000000000000000000 ) ) ;
#2951 = VECTOR ( 'NONE', #8917, 1000.000000000000000 ) ;
#2952 = EDGE_LOOP ( 'NONE', ( #6207, #6221, #4181, #7675, #8615, #3566 ) ) ;
#2953 = VERTEX_POINT ( 'NONE', #22 ) ;
#2954 = EDGE_CURVE ( 'NONE', #7374, #9703, #4910, .T. ) ;
#2955 = DIRECTION ( 'NONE',  ( -1.000000000000000000, 0.000000000000000000, -3.942553354492743531E-16 ) ) ;
#2956 = DIRECTION ( 'NONE',  ( 0.000000000000000000, -0.000000000000000000, -1.000000000000000000 ) ) ;
#2957 = CARTESIAN_POINT ( 'NONE',  ( 1.375000000000000444, 0.6716990566028301357, -1.225000000000000755 ) ) ;
#2958 = ORIENTED_EDGE ( 'NONE', *, *, #6758, .F. ) ;
#2959 = CARTESIAN_POINT ( 'NONE',  ( -0.8749999999999994449, 0.1000000000000000472, 1.500000000000000444 ) ) ;
#2960 = FACE_OUTER_BOUND ( 'NONE', #1513, .T. ) ;
#2961 = ORIENTED_EDGE ( 'NONE', *, *, #9334, .T. ) ;
#2962 = CARTESIAN_POINT ( 'NONE',  ( 1.725000000000000311, 0.1999999999999999833, 0.4999999999999995559 ) ) ;
#2963 = DIRECTION ( 'NONE',  ( 3.469446951953617739E-15, 0.000000000000000000, 1.000000000000000000 ) ) ;
#2964 = CARTESIAN_POINT ( 'NONE',  ( 2.000000000000000888, 0.2000000000000000944, -0.3749999999999994449 ) ) ;
#2965 = EDGE_CURVE ( 'NONE', #5221, #2017, #7412, .T. ) ;
#2966 = DIRECTION ( 'NONE',  ( 0.000000000000000000, -1.000000000000000000, 0.000000000000000000 ) ) ;
#2967 = FACE_OUTER_BOUND ( 'NONE', #9464, .T. ) ;
#2968 = EDGE_CURVE ( 'NONE', #4336, #5402, #3025, .T. ) ;
#2969 = ORIENTED_EDGE ( 'NONE', *, *, #1243, .F. ) ;
#2970 = DIRECTION ( 'NONE',  ( -0.000000000000000000, -1.000000000000000000, -0.000000000000000000 ) ) ;
#2971 = EDGE_LOOP ( 'NONE', ( #6911, #3072, #444, #6919, #7597, #4944, #5954, #2651, #3425, #1858, #6576, #8154, #3622, #5161, #3015, #6590, #5872, #3610, #5495, #4272 ) ) ;
#2972 = VERTEX_POINT ( 'NONE', #3892 ) ;
#2973 = VECTOR ( 'NONE', #4361, 1000.000000000000000 ) ;
#2974 = PRESENTATION_STYLE_ASSIGNMENT (( #5214 ) ) ;
#2975 = CARTESIAN_POINT ( 'NONE',  ( -1.725000000000001199, 0.000000000000000000, -2.168404344971008868E-16 ) ) ;
#2976 = EDGE_CURVE ( 'NONE', #8116, #3024, #6305, .T. ) ;
#2977 = CARTESIAN_POINT ( 'NONE',  ( 0.000000000000000000, 0.1000000000000000056, 0.000000000000000000 ) ) ;
#2978 = CARTESIAN_POINT ( 'NONE',  ( -1.349999999999999867, 0.000000000000000000, 0.8499999999999999778 ) ) ;
#2979 = ADVANCED_FACE ( 'NONE', ( #74 ), #7532, .F. ) ;
#2980 = CARTESIAN_POINT ( 'NONE',  ( 2.956915015869560730E-16, 0.05000000000000000278, 0.3749999999999991673 ) ) ;
#2981 = ORIENTED_EDGE ( 'NONE', *, *, #5633, .T. ) ;
#2982 = CARTESIAN_POINT ( 'NONE',  ( -1.374999999999999556, 0.000000000000000000, -1.500000000000000444 ) ) ;
#2983 = ORIENTED_EDGE ( 'NONE', *, *, #340, .F. ) ;
#2984 = EDGE_CURVE ( 'NONE', #3703, #949, #4500, .T. ) ;
#2985 = ORIENTED_EDGE ( 'NONE', *, *, #6858, .T. ) ;
#2986 = CARTESIAN_POINT ( 'NONE',  ( 0.5999999999999996447, 0.2000000000000000111, -0.8500000000000001998 ) ) ;
#2987 = DIRECTION ( 'NONE',  ( 0.000000000000000000, 0.000000000000000000, -1.000000000000000000 ) ) ;
#2988 = DIRECTION ( 'NONE',  ( -0.000000000000000000, -1.000000000000000000, -0.000000000000000000 ) ) ;
#2989 = FILL_AREA_STYLE_COLOUR ( '', #3657 ) ;
#2990 = EDGE_CURVE ( 'NONE', #4228, #2135, #8405, .T. ) ;
#2991 = DIRECTION ( 'NONE',  ( 0.000000000000000000, 1.000000000000000000, 0.000000000000000000 ) ) ;
#2992 = FACE_OUTER_BOUND ( 'NONE', #6977, .T. ) ;
#2993 = EDGE_CURVE ( 'NONE', #5106, #788, #4692, .T. ) ;
#2994 = EDGE_LOOP ( 'NONE', ( #2958, #7760, #7862, #2688, #4043 ) ) ;
#2995 = EDGE_CURVE ( 'NONE', #3815, #6251, #848, .T. ) ;
#2996 = PLANE ( 'NONE',  #86 ) ;
#2997 = ORIENTED_EDGE ( 'NONE', *, *, #2741, .T. ) ;
#2998 = CARTESIAN_POINT ( 'NONE',  ( 1.349999999999999867, 0.05000000000000000278, -3.443936312601014113E-16 ) ) ;
#2999 = UNCERTAINTY_MEASURE_WITH_UNIT (LENGTH_MEASURE( 1.000000000000000082E-05 ), #3745, 'distance_accuracy_value', 'NONE');
#3000 = CARTESIAN_POINT ( 'NONE',  ( -0.3749999999999994449, 0.2000000000000000111, 1.500000000000000444 ) ) ;
#3001 = CARTESIAN_POINT ( 'NONE',  ( 1.725000000000000755, 0.2000000000000000944, -1.125000000000000666 ) ) ;
#3002 = DIRECTION ( 'NONE',  ( 0.000000000000000000, -1.000000000000000000, 0.000000000000000000 ) ) ;
#3003 = ORIENTED_EDGE ( 'NONE', *, *, #6754, .F. ) ;
#3004 = CARTESIAN_POINT ( 'NONE',  ( 0.7500000000000006661, 0.2000000000000000111, 1.100000000000000977 ) ) ;
#3005 = FACE_OUTER_BOUND ( 'NONE', #8174, .T. ) ;
#3006 = DIRECTION ( 'NONE',  ( 0.000000000000000000, 0.000000000000000000, 1.000000000000000000 ) ) ;
#3007 = VERTEX_POINT ( 'NONE', #3849 ) ;
#3008 = CYLINDRICAL_SURFACE ( 'NONE', #5219, 0.1249999999999996808 ) ;
#3009 = ORIENTED_EDGE ( 'NONE', *, *, #1243, .T. ) ;
#3010 = VECTOR ( 'NONE', #5626, 1000.000000000000000 ) ;
#3011 = LINE ( 'NONE', #5940, #4772 ) ;
#3012 = DIRECTION ( 'NONE',  ( 1.000000000000000000, 0.000000000000000000, -7.885106708985511714E-16 ) ) ;
#3013 = ORIENTED_EDGE ( 'NONE', *, *, #4649, .T. ) ;
#3014 = CARTESIAN_POINT ( 'NONE',  ( 2.000000000000000888, 0.2000000000000000944, 0.1250000000000005551 ) ) ;
#3015 = ORIENTED_EDGE ( 'NONE', *, *, #4120, .T. ) ;
#3016 = VECTOR ( 'NONE', #3398, 1000.000000000000000 ) ;
#3017 = ORIENTED_EDGE ( 'NONE', *, *, #563, .F. ) ;
#3018 = DIRECTION ( 'NONE',  ( 0.000000000000000000, 1.000000000000000000, 0.000000000000000000 ) ) ;
#3019 = DIRECTION ( 'NONE',  ( 3.154042683594198769E-15, 0.000000000000000000, 1.000000000000000000 ) ) ;
#3020 = CARTESIAN_POINT ( 'NONE',  ( 1.725000000000000755, 0.000000000000000000, 0.6250000000000006661 ) ) ;
#3021 = CARTESIAN_POINT ( 'NONE',  ( 1.725000000000000311, 0.1999999999999999833, -0.5000000000000004441 ) ) ;
#3022 = DIRECTION ( 'NONE',  ( 1.000000000000000000, -0.000000000000000000, -0.000000000000000000 ) ) ;
#3023 = CIRCLE ( 'NONE', #3950, 0.1249999999999996808 ) ;
#3024 = VERTEX_POINT ( 'NONE', #5316 ) ;
#3025 = LINE ( 'NONE', #5272, #3795 ) ;
#3026 = AXIS2_PLACEMENT_3D ( 'NONE', #2010, #3568, #3465 ) ;
#3027 = ORIENTED_EDGE ( 'NONE', *, *, #73, .F. ) ;
#3028 = EDGE_CURVE ( 'NONE', #3654, #9056, #127, .T. ) ;
#3029 = VERTEX_POINT ( 'NONE', #3940 ) ;
#3030 = EDGE_CURVE ( 'NONE', #8562, #8070, #6937, .T. ) ;
#3031 = VERTEX_POINT ( 'NONE', #5222 ) ;
#3032 = DIRECTION ( 'NONE',  ( 0.000000000000000000, -1.000000000000000000, 0.000000000000000000 ) ) ;
#3033 = DIRECTION ( 'NONE',  ( 1.000000000000000000, 0.000000000000000000, -0.000000000000000000 ) ) ;
#3034 = CIRCLE ( 'NONE', #1942, 0.1249999999999996808 ) ;
#3035 = AXIS2_PLACEMENT_3D ( 'NONE', #3975, #5404, #5297 ) ;
#3036 = EDGE_CURVE ( 'NONE', #1896, #1064, #8215, .T. ) ;
#3037 = LINE ( 'NONE', #87, #515 ) ;
#3038 = FACE_OUTER_BOUND ( 'NONE', #2714, .T. ) ;
#3039 = AXIS2_PLACEMENT_3D ( 'NONE', #3746, #8258, #2337 ) ;
#3040 = VERTEX_POINT ( 'NONE', #3752 ) ;
#3041 = ORIENTED_EDGE ( 'NONE', *, *, #5732, .F. ) ;
#3042 = EDGE_CURVE ( 'NONE', #7625, #904, #2717, .T. ) ;
#3043 = VECTOR ( 'NONE', #174, 1000.000000000000000 ) ;
#3044 = ORIENTED_EDGE ( 'NONE', *, *, #9272, .F. ) ;
#3045 = LINE ( 'NONE', #8374, #1199 ) ;
#3046 = EDGE_CURVE ( 'NONE', #705, #9079, #4546, .T. ) ;
#3047 = PRESENTATION_LAYER_ASSIGNMENT (  '', '', ( #1483 ) ) ;
#3048 = VECTOR ( 'NONE', #735, 1000.000000000000000 ) ;
#3049 = EDGE_CURVE ( 'NONE', #7811, #5566, #419, .T. ) ;
#3050 = AXIS2_PLACEMENT_3D ( 'NONE', #2272, #5664, #8646 ) ;
#3051 = LINE ( 'NONE', #2358, #2433 ) ;
#3052 = FACE_OUTER_BOUND ( 'NONE', #8125, .T. ) ;
#3053 = FACE_OUTER_BOUND ( 'NONE', #4424, .T. ) ;
#3054 = ORIENTED_EDGE ( 'NONE', *, *, #7559, .T. ) ;
#3055 = DIRECTION ( 'NONE',  ( 1.000000000000000000, -0.000000000000000000, 3.469446951953617739E-15 ) ) ;
#3056 = EDGE_CURVE ( 'NONE', #5239, #6327, #7789, .T. ) ;
#3057 = AXIS2_PLACEMENT_3D ( 'NONE', #7916, #1196, #6187 ) ;
#3058 = LINE ( 'NONE', #776, #2161 ) ;
#3059 = CIRCLE ( 'NONE', #3209, 0.1249999999999996808 ) ;
#3060 = ORIENTED_EDGE ( 'NONE', *, *, #4990, .T. ) ;
#3061 = CARTESIAN_POINT ( 'NONE',  ( -1.374999999999999556, 0.1999999999999999833, 1.500000000000000444 ) ) ;
#3062 = VECTOR ( 'NONE', #5827, 1000.000000000000000 ) ;
#3063 = FACE_OUTER_BOUND ( 'NONE', #245, .T. ) ;
#3064 = CARTESIAN_POINT ( 'NONE',  ( -1.725000000000001199, 0.000000000000000000, -0.5000000000000002220 ) ) ;
#3065 = ADVANCED_FACE ( 'NONE', ( #5474 ), #461, .F. ) ;
#3066 = VECTOR ( 'NONE', #6041, 1000.000000000000000 ) ;
#3067 = DIRECTION ( 'NONE',  ( 0.000000000000000000, 0.000000000000000000, 1.000000000000000000 ) ) ;
#3068 = VERTEX_POINT ( 'NONE', #8647 ) ;
#3069 = CARTESIAN_POINT ( 'NONE',  ( -1.725000000000000755, 0.1999999999999999833, 0.6250000000000006661 ) ) ;
#3070 = ORIENTED_EDGE ( 'NONE', *, *, #8286, .F. ) ;
#3071 = ORIENTED_EDGE ( 'NONE', *, *, #5619, .T. ) ;
#3072 = ORIENTED_EDGE ( 'NONE', *, *, #1338, .F. ) ;
#3073 = LINE ( 'NONE', #6046, #8367 ) ;
#3074 = PRESENTATION_STYLE_ASSIGNMENT (( #65 ) ) ;
#3075 = VECTOR ( 'NONE', #7756, 1000.000000000000000 ) ;
#3076 = CARTESIAN_POINT ( 'NONE',  ( 1.999999999999999112, 0.8000000000000020428, 1.499999999999999556 ) ) ;
#3077 = EDGE_CURVE ( 'NONE', #7041, #4607, #370, .T. ) ;
#3078 = DIRECTION ( 'NONE',  ( 0.000000000000000000, -0.000000000000000000, -1.000000000000000000 ) ) ;
#3079 = EDGE_LOOP ( 'NONE', ( #229, #8857, #8921, #2344 ) ) ;
#3080 = CARTESIAN_POINT ( 'NONE',  ( -1.950000000000001066, 0.6716990566028313570, -0.3749999999999994449 ) ) ;
#3081 = VECTOR ( 'NONE', #1993, 1000.000000000000000 ) ;
#3082 = ORIENTED_EDGE ( 'NONE', *, *, #9571, .F. ) ;
#3083 = VERTEX_POINT ( 'NONE', #5517 ) ;
#3084 = DIRECTION ( 'NONE',  ( -1.577021341797097215E-15, 0.000000000000000000, -1.000000000000000000 ) ) ;
#3085 = DIRECTION ( 'NONE',  ( -3.469446951953617739E-15, 0.000000000000000000, 1.000000000000000000 ) ) ;
#3086 = DIRECTION ( 'NONE',  ( 0.000000000000000000, 0.000000000000000000, 1.000000000000000000 ) ) ;
#3087 = PLANE ( 'NONE',  #1287 ) ;
#3088 = CIRCLE ( 'NONE', #3556, 0.1250000000000001110 ) ;
#3089 = EDGE_CURVE ( 'NONE', #290, #2077, #7834, .T. ) ;
#3090 = LINE ( 'NONE', #8226, #2882 ) ;
#3091 = ORIENTED_EDGE ( 'NONE', *, *, #3697, .F. ) ;
#3092 = DIRECTION ( 'NONE',  ( 0.000000000000000000, 0.000000000000000000, -1.000000000000000000 ) ) ;
#3093 = ORIENTED_EDGE ( 'NONE', *, *, #9395, .T. ) ;
#3094 = VERTEX_POINT ( 'NONE', #6252 ) ;
#3095 = EDGE_CURVE ( 'NONE', #7281, #1838, #3034, .T. ) ;
#3096 = AXIS2_PLACEMENT_3D ( 'NONE', #1704, #3180, #4697 ) ;
#3097 = CARTESIAN_POINT ( 'NONE',  ( -1.725000000000000755, 0.000000000000000000, -0.8749999999999993339 ) ) ;
#3098 = ORIENTED_EDGE ( 'NONE', *, *, #6499, .T. ) ;
#3099 = DIRECTION ( 'NONE',  ( 0.000000000000000000, 0.000000000000000000, 1.000000000000000000 ) ) ;
#3100 = EDGE_CURVE ( 'NONE', #5508, #7494, #9393, .T. ) ;
#3101 = EDGE_CURVE ( 'NONE', #4409, #4228, #1945, .T. ) ;
#3102 = UNCERTAINTY_MEASURE_WITH_UNIT (LENGTH_MEASURE( 1.000000000000000082E-05 ), #5457, 'distance_accuracy_value', 'NONE');
#3103 = VECTOR ( 'NONE', #6028, 1000.000000000000000 ) ;
#3104 = DIRECTION ( 'NONE',  ( -0.000000000000000000, 0.000000000000000000, -1.000000000000000000 ) ) ;
#3105 = DIRECTION ( 'NONE',  ( -1.000000000000000000, 0.000000000000000000, 0.000000000000000000 ) ) ;
#3106 = CARTESIAN_POINT ( 'NONE',  ( -1.950000000000001066, 0.000000000000000000, -1.000000000000000222 ) ) ;
#3107 = VERTEX_POINT ( 'NONE', #323 ) ;
#3108 = DIRECTION ( 'NONE',  ( 3.154042683594198769E-15, 0.000000000000000000, -1.000000000000000000 ) ) ;
#3109 = EDGE_CURVE ( 'NONE', #6889, #554, #8603, .T. ) ;
#3110 = LINE ( 'NONE', #7709, #9005 ) ;
#3111 = CIRCLE ( 'NONE', #3428, 0.1249999999999996808 ) ;
#3112 = LINE ( 'NONE', #5588, #1213 ) ;
#3113 = VERTEX_POINT ( 'NONE', #5617 ) ;
#3114 = CARTESIAN_POINT ( 'NONE',  ( 1.725000000000000755, 0.2000000000000000944, 0.1250000000000006661 ) ) ;
#3115 = DIRECTION ( 'NONE',  ( 0.000000000000000000, 0.000000000000000000, -1.000000000000000000 ) ) ;
#3116 = LINE ( 'NONE', #8387, #3970 ) ;
#3117 = ADVANCED_FACE ( 'NONE', ( #8558 ), #5572, .F. ) ;
#3118 = ORIENTED_EDGE ( 'NONE', *, *, #6218, .F. ) ;
#3119 = CARTESIAN_POINT ( 'NONE',  ( -1.950000000000001066, 0.1000000000000000056, 1.450000000000000178 ) ) ;
#3120 = VERTEX_POINT ( 'NONE', #2638 ) ;
#3121 = EDGE_LOOP ( 'NONE', ( #4911, #3431, #3204, #559 ) ) ;
#3122 = PLANE ( 'NONE',  #7003 ) ;
#3123 = VERTEX_POINT ( 'NONE', #4053 ) ;
#3124 = DIRECTION ( 'NONE',  ( 0.000000000000000000, 0.000000000000000000, 1.000000000000000000 ) ) ;
#3125 = LINE ( 'NONE', #4787, #1802 ) ;
#3126 = DIRECTION ( 'NONE',  ( 0.000000000000000000, -1.000000000000000000, 0.000000000000000000 ) ) ;
#3127 = ORIENTED_EDGE ( 'NONE', *, *, #7647, .T. ) ;
#3128 = CARTESIAN_POINT ( 'NONE',  ( 1.950000000000002176, 0.6716990566028313570, -1.124999999999999334 ) ) ;
#3129 = DIRECTION ( 'NONE',  ( 0.000000000000000000, 1.000000000000000000, 0.000000000000000000 ) ) ;
#3130 = ORIENTED_EDGE ( 'NONE', *, *, #287, .F. ) ;
#3131 = ORIENTED_EDGE ( 'NONE', *, *, #3036, .F. ) ;
#3132 = ORIENTED_EDGE ( 'NONE', *, *, #8766, .T. ) ;
#3133 =( NAMED_UNIT ( * ) SI_UNIT ( $, .STERADIAN. ) SOLID_ANGLE_UNIT ( ) );
#3134 = CARTESIAN_POINT ( 'NONE',  ( -1.725000000000001199, 0.1999999999999999833, 0.4999999999999997780 ) ) ;
#3135 = CARTESIAN_POINT ( 'NONE',  ( -0.1249999999999988065, 0.1999999999999996503, 1.499999999999999778 ) ) ;
#3136 = LINE ( 'NONE', #4603, #7244 ) ;
#3137 = DIRECTION ( 'NONE',  ( -1.000000000000000000, -0.000000000000000000, 7.885106708985509741E-16 ) ) ;
#3138 = ORIENTED_EDGE ( 'NONE', *, *, #5900, .F. ) ;
#3139 = CARTESIAN_POINT ( 'NONE',  ( 1.999999999999999112, 0.1000000000000002554, 1.499999999999999556 ) ) ;
#3140 = ORIENTED_EDGE ( 'NONE', *, *, #6226, .T. ) ;
#3141 = EDGE_LOOP ( 'NONE', ( #6739, #6064, #5080, #2456, #8596, #2630 ) ) ;
#3142 = ADVANCED_FACE ( 'NONE', ( #4881 ), #1854, .T. ) ;
#3143 = ORIENTED_EDGE ( 'NONE', *, *, #8473, .T. ) ;
#3144 = LINE ( 'NONE', #6116, #721 ) ;
#3145 = VECTOR ( 'NONE', #4800, 1000.000000000000000 ) ;
#3146 = DIRECTION ( 'NONE',  ( -1.000000000000000000, 0.000000000000000000, 3.942553354492743531E-16 ) ) ;
#3147 = PLANE ( 'NONE',  #7252 ) ;
#3148 = ORIENTED_EDGE ( 'NONE', *, *, #2274, .T. ) ;
#3149 = ADVANCED_FACE ( 'NONE', ( #4932 ), #7040, .T. ) ;
#3150 = EDGE_CURVE ( 'NONE', #3703, #7548, #1211, .T. ) ;
#3151 = VECTOR ( 'NONE', #1902, 1000.000000000000000 ) ;
#3152 = ORIENTED_EDGE ( 'NONE', *, *, #4188, .F. ) ;
#3153 = LINE ( 'NONE', #9074, #1193 ) ;
#3154 = DIRECTION ( 'NONE',  ( 0.000000000000000000, -1.000000000000000000, 0.000000000000000000 ) ) ;
#3155 = CARTESIAN_POINT ( 'NONE',  ( -1.725000000000001199, 0.1999999999999999833, 0.9999999999999997780 ) ) ;
#3156 = ORIENTED_EDGE ( 'NONE', *, *, #511, .F. ) ;
#3157 = DIRECTION ( 'NONE',  ( -1.577021341797097215E-15, 0.000000000000000000, -1.000000000000000000 ) ) ;
#3158 = VERTEX_POINT ( 'NONE', #2485 ) ;
#3159 = ORIENTED_EDGE ( 'NONE', *, *, #8151, .F. ) ;
#3160 = ADVANCED_FACE ( 'NONE', ( #8453 ), #1745, .F. ) ;
#3161 = DIRECTION ( 'NONE',  ( 1.577021341797097018E-15, 0.000000000000000000, -1.000000000000000000 ) ) ;
#3162 = ORIENTED_EDGE ( 'NONE', *, *, #6460, .T. ) ;
#3163 = CARTESIAN_POINT ( 'NONE',  ( 1.125000000000000666, 0.1000000000000000472, 1.500000000000000444 ) ) ;
#3164 = CARTESIAN_POINT ( 'NONE',  ( -1.725000000000000755, 0.6716990566028313570, 0.6250000000000006661 ) ) ;
#3165 = VECTOR ( 'NONE', #5170, 1000.000000000000000 ) ;
#3166 = LINE ( 'NONE', #6142, #9469 ) ;
#3167 = EDGE_CURVE ( 'NONE', #7754, #1892, #2532, .T. ) ;
#3168 = EDGE_CURVE ( 'NONE', #2331, #5648, #1466, .T. ) ;
#3169 = LINE ( 'NONE', #3794, #986 ) ;
#3170 = ORIENTED_EDGE ( 'NONE', *, *, #1601, .T. ) ;
#3171 = CARTESIAN_POINT ( 'NONE',  ( -2.000000000000000000, 0.6716990566028312459, 0.8750000000000007772 ) ) ;
#3172 = ORIENTED_EDGE ( 'NONE', *, *, #9011, .F. ) ;
#3173 = LINE ( 'NONE', #4003, #6829 ) ;
#3174 = FACE_OUTER_BOUND ( 'NONE', #4635, .T. ) ;
#3175 = ORIENTED_EDGE ( 'NONE', *, *, #2812, .F. ) ;
#3176 = ORIENTED_EDGE ( 'NONE', *, *, #3625, .T. ) ;
#3177 = EDGE_CURVE ( 'NONE', #6273, #4288, #5713, .T. ) ;
#3178 = VECTOR ( 'NONE', #5834, 1000.000000000000000 ) ;
#3179 = FACE_OUTER_BOUND ( 'NONE', #1177, .T. ) ;
#3180 = DIRECTION ( 'NONE',  ( 0.000000000000000000, -1.000000000000000000, 0.000000000000000000 ) ) ;
#3181 = CARTESIAN_POINT ( 'NONE',  ( 1.125000000000000888, 0.6716990566028301357, -1.225000000000000311 ) ) ;
#3182 = AXIS2_PLACEMENT_3D ( 'NONE', #4463, #627, #8097 ) ;
#3183 = CARTESIAN_POINT ( 'NONE',  ( 1.725000000000000755, 0.6716990566028313570, -0.1250000000000005551 ) ) ;
#3184 = ORIENTED_EDGE ( 'NONE', *, *, #1262, .F. ) ;
#3185 = CARTESIAN_POINT ( 'NONE',  ( -1.374999999999999556, 0.1000000000000000472, -1.500000000000000444 ) ) ;
#3186 = EDGE_LOOP ( 'NONE', ( #5519, #5586, #6891, #3545 ) ) ;
#3187 = ORIENTED_EDGE ( 'NONE', *, *, #4367, .T. ) ;
#3188 = VECTOR ( 'NONE', #172, 1000.000000000000000 ) ;
#3189 = VECTOR ( 'NONE', #1070, 1000.000000000000000 ) ;
#3190 = CARTESIAN_POINT ( 'NONE',  ( 1.725000000000000311, 0.000000000000000000, -1.000000000000000444 ) ) ;
#3191 = ORIENTED_EDGE ( 'NONE', *, *, #1234, .F. ) ;
#3192 = DIRECTION ( 'NONE',  ( 3.154042683594198769E-15, 0.000000000000000000, -1.000000000000000000 ) ) ;
#3193 = UNCERTAINTY_MEASURE_WITH_UNIT (LENGTH_MEASURE( 1.000000000000000082E-05 ), #6158, 'distance_accuracy_value', 'NONE');
#3194 = CIRCLE ( 'NONE', #8663, 0.1250000000000001110 ) ;
#3195 = CARTESIAN_POINT ( 'NONE',  ( -2.000000000000000000, 0.1000000000000000472, -0.6249999999999992228 ) ) ;
#3196 = LINE ( 'NONE', #2316, #4423 ) ;
#3197 = AXIS2_PLACEMENT_3D ( 'NONE', #4540, #790, #7435 ) ;
#3198 = ORIENTED_EDGE ( 'NONE', *, *, #5787, .F. ) ;
#3199 = DIRECTION ( 'NONE',  ( 0.000000000000000000, 0.000000000000000000, -1.000000000000000000 ) ) ;
#3200 = LINE ( 'NONE', #6914, #4145 ) ;
#3201 = DIRECTION ( 'NONE',  ( 0.000000000000000000, 1.000000000000000000, 0.000000000000000000 ) ) ;
#3202 = ORIENTED_EDGE ( 'NONE', *, *, #679, .F. ) ;
#3203 = CARTESIAN_POINT ( 'NONE',  ( 2.000000000000000000, 0.1000000000000000472, 0.8750000000000007772 ) ) ;
#3204 = ORIENTED_EDGE ( 'NONE', *, *, #5957, .F. ) ;
#3205 = LINE ( 'NONE', #4630, #2265 ) ;
#3206 = DIRECTION ( 'NONE',  ( -1.577021341797097018E-15, -0.000000000000000000, 1.000000000000000000 ) ) ;
#3207 = ADVANCED_FACE ( 'NONE', ( #4245 ), #7238, .F. ) ;
#3208 = MECHANICAL_DESIGN_GEOMETRIC_PRESENTATION_REPRESENTATION (  '', ( #1962 ), #1000 ) ;
#3209 = AXIS2_PLACEMENT_3D ( 'NONE', #5146, #2991, #4408 ) ;
#3210 = EDGE_LOOP ( 'NONE', ( #6997, #1232, #3607, #2516, #1225, #6856 ) ) ;
#3211 = CARTESIAN_POINT ( 'NONE',  ( 1.375000000000000444, 0.2000000000000000111, 1.225000000000000755 ) ) ;
#3212 = DIRECTION ( 'NONE',  ( 0.000000000000000000, -1.000000000000000000, 0.000000000000000000 ) ) ;
#3213 = EDGE_LOOP ( 'NONE', ( #6511, #8619, #1007, #396 ) ) ;
#3214 = ORIENTED_EDGE ( 'NONE', *, *, #3362, .T. ) ;
#3215 = ADVANCED_FACE ( 'NONE', ( #809 ), #7593, .T. ) ;
#3216 = CARTESIAN_POINT ( 'NONE',  ( 2.464095846557969822E-16, 0.05000000000000000278, 0.6250000000000013323 ) ) ;
#3217 = ORIENTED_EDGE ( 'NONE', *, *, #6725, .F. ) ;
#3218 = FACE_OUTER_BOUND ( 'NONE', #6684, .T. ) ;
#3219 = FACE_OUTER_BOUND ( 'NONE', #6903, .T. ) ;
#3220 = CARTESIAN_POINT ( 'NONE',  ( -1.249999999999999334, 0.1999999999999999833, 1.100000000000000977 ) ) ;
#3221 = VECTOR ( 'NONE', #4718, 1000.000000000000000 ) ;
#3222 = AXIS2_PLACEMENT_3D ( 'NONE', #9520, #2811, #8043 ) ;
#3223 = EDGE_CURVE ( 'NONE', #8887, #8549, #3037, .T. ) ;
#3224 = EDGE_CURVE ( 'NONE', #8231, #5830, #4658, .T. ) ;
#3225 = ORIENTED_EDGE ( 'NONE', *, *, #6436, .F. ) ;
#3226 = DIRECTION ( 'NONE',  ( 0.000000000000000000, -1.000000000000000000, 0.000000000000000000 ) ) ;
#3227 = ORIENTED_EDGE ( 'NONE', *, *, #6080, .F. ) ;
#3228 = EDGE_LOOP ( 'NONE', ( #1627, #2333, #1144, #4860, #1111, #2156 ) ) ;
#3229 = VECTOR ( 'NONE', #8121, 1000.000000000000000 ) ;
#3230 = EDGE_CURVE ( 'NONE', #4058, #5273, #9101, .T. ) ;
#3231 = VECTOR ( 'NONE', #2504, 1000.000000000000000 ) ;
#3232 = PLANE ( 'NONE',  #7983 ) ;
#3233 = DIRECTION ( 'NONE',  ( 0.000000000000000000, 0.000000000000000000, -1.000000000000000000 ) ) ;
#3234 = DIRECTION ( 'NONE',  ( 0.000000000000000000, 1.000000000000000000, 0.000000000000000000 ) ) ;
#3235 = DIRECTION ( 'NONE',  ( 3.154042683594198769E-15, 0.000000000000000000, 1.000000000000000000 ) ) ;
#3236 = VECTOR ( 'NONE', #4146, 1000.000000000000000 ) ;
#3237 = CARTESIAN_POINT ( 'NONE',  ( -0.2499999999999993616, 0.1999999999999999833, 1.100000000000000977 ) ) ;
#3238 = ORIENTED_EDGE ( 'NONE', *, *, #9432, .F. ) ;
#3239 = AXIS2_PLACEMENT_3D ( 'NONE', #439, #4905, #7108 ) ;
#3240 = PLANE ( 'NONE',  #807 ) ;
#3241 = ORIENTED_EDGE ( 'NONE', *, *, #2703, .F. ) ;
#3242 = ORIENTED_EDGE ( 'NONE', *, *, #7298, .F. ) ;
#3243 = VECTOR ( 'NONE', #7621, 1000.000000000000000 ) ;
#3244 = DIRECTION ( 'NONE',  ( 0.000000000000000000, 0.000000000000000000, -1.000000000000000000 ) ) ;
#3245 = ORIENTED_EDGE ( 'NONE', *, *, #1580, .F. ) ;
#3246 = DIRECTION ( 'NONE',  ( 0.000000000000000000, -0.000000000000000000, 1.000000000000000000 ) ) ;
#3247 = LINE ( 'NONE', #4761, #7598 ) ;
#3248 = LINE ( 'NONE', #5452, #6605 ) ;
#3249 = AXIS2_PLACEMENT_3D ( 'NONE', #1304, #6403, #2685 ) ;
#3250 = ORIENTED_EDGE ( 'NONE', *, *, #1295, .F. ) ;
#3251 = CARTESIAN_POINT ( 'NONE',  ( 0.8750000000000003331, 0.1999999999999999833, 1.225000000000000755 ) ) ;
#3252 = DIRECTION ( 'NONE',  ( 0.000000000000000000, 1.000000000000000000, 0.000000000000000000 ) ) ;
#3253 = EDGE_CURVE ( 'NONE', #1445, #7504, #8418, .T. ) ;
#3254 = ORIENTED_EDGE ( 'NONE', *, *, #7376, .F. ) ;
#3255 = DIRECTION ( 'NONE',  ( -3.942553354492743531E-16, 0.000000000000000000, -1.000000000000000000 ) ) ;
#3256 = VERTEX_POINT ( 'NONE', #236 ) ;
#3257 = LINE ( 'NONE', #6125, #6163 ) ;
#3258 = CARTESIAN_POINT ( 'NONE',  ( -0.6249999999999996669, 0.2000000000000000111, -1.225000000000000755 ) ) ;
#3259 = AXIS2_PLACEMENT_3D ( 'NONE', #7641, #5578, #2594 ) ;
#3260 =( NAMED_UNIT ( * ) SI_UNIT ( $, .STERADIAN. ) SOLID_ANGLE_UNIT ( ) );
#3261 = VECTOR ( 'NONE', #9110, 1000.000000000000000 ) ;
#3262 = ORIENTED_EDGE ( 'NONE', *, *, #7366, .T. ) ;
#3263 = PLANE ( 'NONE',  #2932 ) ;
#3264 = PLANE ( 'NONE',  #7785 ) ;
#3265 = VERTEX_POINT ( 'NONE', #5325 ) ;
#3266 = CARTESIAN_POINT ( 'NONE',  ( -1.124999999999998890, 0.2000000000000000111, 1.500000000000000444 ) ) ;
#3267 = ORIENTED_EDGE ( 'NONE', *, *, #7477, .T. ) ;
#3268 = CARTESIAN_POINT ( 'NONE',  ( 1.725000000000000311, 0.05000000000000002359, -0.5000000000000004441 ) ) ;
#3269 = EDGE_CURVE ( 'NONE', #2942, #4452, #7645, .T. ) ;
#3270 = PLANE ( 'NONE',  #9310 ) ;
#3271 = VECTOR ( 'NONE', #7835, 1000.000000000000000 ) ;
#3272 = EDGE_CURVE ( 'NONE', #1593, #2506, #6108, .T. ) ;
#3273 = DIRECTION ( 'NONE',  ( 0.000000000000000000, 1.000000000000000000, 0.000000000000000000 ) ) ;
#3274 = EDGE_LOOP ( 'NONE', ( #265, #4449, #8273, #7620 ) ) ;
#3275 = LINE ( 'NONE', #2341, #876 ) ;
#3276 = DIRECTION ( 'NONE',  ( -1.000000000000000000, 0.000000000000000000, 0.000000000000000000 ) ) ;
#3277 = ORIENTED_EDGE ( 'NONE', *, *, #2680, .T. ) ;
#3278 = LINE ( 'NONE', #6995, #5422 ) ;
#3279 = ORIENTED_EDGE ( 'NONE', *, *, #5740, .T. ) ;
#3280 = ORIENTED_EDGE ( 'NONE', *, *, #872, .F. ) ;
#3281 = DIRECTION ( 'NONE',  ( 1.000000000000000000, 0.000000000000000000, -1.577021341797097018E-15 ) ) ;
#3282 = ADVANCED_FACE ( 'NONE', ( #1608 ), #862, .T. ) ;
#3283 = CARTESIAN_POINT ( 'NONE',  ( 1.725000000000000755, 0.05000000000000023870, -0.6250000000000005551 ) ) ;
#3284 = FACE_OUTER_BOUND ( 'NONE', #7162, .T. ) ;
#3285 = CLOSED_SHELL ( 'NONE', ( #1010, #6933, #922, #2096, #6140, #9089, #6973, #4186 ) ) ;
#3286 = EDGE_CURVE ( 'NONE', #8549, #40, #3090, .T. ) ;
#3287 = DIRECTION ( 'NONE',  ( 0.000000000000000000, 0.000000000000000000, 1.000000000000000000 ) ) ;
#3288 = VERTEX_POINT ( 'NONE', #2397 ) ;
#3289 = LINE ( 'NONE', #1820, #3490 ) ;
#3290 = CARTESIAN_POINT ( 'NONE',  ( 1.250000000000000666, 0.2000000000000000111, 1.225000000000000533 ) ) ;
#3291 = VERTEX_POINT ( 'NONE', #5383 ) ;
#3292 = LINE ( 'NONE', #1082, #7775 ) ;
#3293 = VERTEX_POINT ( 'NONE', #9154 ) ;
#3294 = EDGE_CURVE ( 'NONE', #2618, #7849, #4556, .T. ) ;
#3295 = CARTESIAN_POINT ( 'NONE',  ( 1.125000000000002887, 0.05000000000000000278, 1.774149009521739100E-15 ) ) ;
#3296 = ORIENTED_EDGE ( 'NONE', *, *, #3472, .T. ) ;
#3297 = CARTESIAN_POINT ( 'NONE',  ( 1.950000000000002176, 0.1000000000000000056, 0.1250000000000005551 ) ) ;
#3298 = UNCERTAINTY_MEASURE_WITH_UNIT (LENGTH_MEASURE( 1.000000000000000082E-05 ), #1158, 'distance_accuracy_value', 'NONE');
#3299 = EDGE_CURVE ( 'NONE', #8741, #9009, #6008, .T. ) ;
#3300 = CARTESIAN_POINT ( 'NONE',  ( -0.7499999999999993339, 0.2000000000000000111, 1.225000000000000533 ) ) ;
#3301 = CARTESIAN_POINT ( 'NONE',  ( 1.725000000000000755, 0.000000000000000000, -0.3749999999999993339 ) ) ;
#3302 = EDGE_CURVE ( 'NONE', #7065, #6546, #32, .T. ) ;
#3303 = ORIENTED_EDGE ( 'NONE', *, *, #6111, .T. ) ;
#3304 = DIRECTION ( 'NONE',  ( 0.000000000000000000, -0.000000000000000000, -1.000000000000000000 ) ) ;
#3305 =( NAMED_UNIT ( * ) SI_UNIT ( $, .STERADIAN. ) SOLID_ANGLE_UNIT ( ) );
#3306 = EDGE_CURVE ( 'NONE', #8370, #4610, #2305, .T. ) ;
#3307 = ORIENTED_EDGE ( 'NONE', *, *, #3923, .F. ) ;
#3308 = ORIENTED_EDGE ( 'NONE', *, *, #4410, .T. ) ;
#3309 = DIRECTION ( 'NONE',  ( 1.000000000000000000, -0.000000000000000000, 1.577021341797097018E-15 ) ) ;
#3310 = DIRECTION ( 'NONE',  ( -7.885106708985511714E-16, 0.000000000000000000, 1.000000000000000000 ) ) ;
#3311 = VECTOR ( 'NONE', #6956, 1000.000000000000000 ) ;
#3312 = EDGE_LOOP ( 'NONE', ( #2937, #9058, #6169, #457 ) ) ;
#3313 = CARTESIAN_POINT ( 'NONE',  ( -1.249999999999999334, 0.2000000000000000111, 1.225000000000000533 ) ) ;
#3314 = DIRECTION ( 'NONE',  ( 0.000000000000000000, -0.000000000000000000, -1.000000000000000000 ) ) ;
#3315 = VERTEX_POINT ( 'NONE', #8363 ) ;
#3316 = DIRECTION ( 'NONE',  ( -1.000000000000000000, 0.000000000000000000, -3.942553354492743531E-16 ) ) ;
#3317 = ORIENTED_EDGE ( 'NONE', *, *, #3077, .T. ) ;
#3318 = DIRECTION ( 'NONE',  ( 0.000000000000000000, 0.000000000000000000, 1.000000000000000000 ) ) ;
#3319 = CARTESIAN_POINT ( 'NONE',  ( 1.125000000000000666, 0.2000000000000000111, 1.500000000000000444 ) ) ;
#3320 = LINE ( 'NONE', #1742, #8202 ) ;
#3321 = LINE ( 'NONE', #6093, #5386 ) ;
#3322 = DIRECTION ( 'NONE',  ( -0.000000000000000000, -1.000000000000000000, -0.000000000000000000 ) ) ;
#3323 = ORIENTED_EDGE ( 'NONE', *, *, #9258, .T. ) ;
#3324 = ORIENTED_EDGE ( 'NONE', *, *, #4547, .F. ) ;
#3325 = ORIENTED_EDGE ( 'NONE', *, *, #6080, .T. ) ;
#3326 = CARTESIAN_POINT ( 'NONE',  ( -0.1249999999999996808, 0.1999999999999999833, -1.225000000000000755 ) ) ;
#3327 = CARTESIAN_POINT ( 'NONE',  ( 1.725000000000000755, 0.2000000000000000944, -0.3749999999999993339 ) ) ;
#3328 = CARTESIAN_POINT ( 'NONE',  ( -0.2499999999999993616, 0.04999999999999999584, 1.100000000000000977 ) ) ;
#3329 = DIRECTION ( 'NONE',  ( 0.000000000000000000, 1.000000000000000000, 0.000000000000000000 ) ) ;
#3330 = CARTESIAN_POINT ( 'NONE',  ( 1.125000000000000666, 0.1000000000000000056, -1.450000000000000622 ) ) ;
#3331 = CARTESIAN_POINT ( 'NONE',  ( 1.375000000000001332, 0.2000000000000000111, 1.500000000000000444 ) ) ;
#3332 = CARTESIAN_POINT ( 'NONE',  ( -1.725000000000000755, 0.1999999999999999833, 0.1250000000000006661 ) ) ;
#3333 = VECTOR ( 'NONE', #8461, 1000.000000000000000 ) ;
#3334 = CARTESIAN_POINT ( 'NONE',  ( 1.950000000000002176, 0.000000000000000000, -1.000000000000000444 ) ) ;
#3335 = ORIENTED_EDGE ( 'NONE', *, *, #4798, .T. ) ;
#3336 = EDGE_CURVE ( 'NONE', #3291, #6635, #7691, .T. ) ;
#3337 = CARTESIAN_POINT ( 'NONE',  ( -1.124999999999999778, 0.04999999999999999584, -1.225000000000000755 ) ) ;
#3338 = ORIENTED_EDGE ( 'NONE', *, *, #4700, .F. ) ;
#3339 = ORIENTED_EDGE ( 'NONE', *, *, #7004, .T. ) ;
#3340 = DIRECTION ( 'NONE',  ( 0.000000000000000000, 0.000000000000000000, -1.000000000000000000 ) ) ;
#3341 = EDGE_CURVE ( 'NONE', #5263, #990, #911, .T. ) ;
#3342 = LINE ( 'NONE', #5640, #8695 ) ;
#3343 = PLANE ( 'NONE',  #8008 ) ;
#3344 = ORIENTED_EDGE ( 'NONE', *, *, #3667, .T. ) ;
#3345 = VECTOR ( 'NONE', #8274, 1000.000000000000000 ) ;
#3346 = CARTESIAN_POINT ( 'NONE',  ( -0.8749999999999994449, 0.1000000000000000056, 1.500000000000000444 ) ) ;
#3347 = DIRECTION ( 'NONE',  ( -0.000000000000000000, -1.000000000000000000, -0.000000000000000000 ) ) ;
#3348 = LINE ( 'NONE', #7166, #8029 ) ;
#3349 = ADVANCED_FACE ( 'NONE', ( #959 ), #3951, .T. ) ;
#3350 = VECTOR ( 'NONE', #337, 1000.000000000000000 ) ;
#3351 = EDGE_LOOP ( 'NONE', ( #4823, #5942, #8408, #9192 ) ) ;
#3352 = LINE ( 'NONE', #6377, #6641 ) ;
#3353 = EDGE_CURVE ( 'NONE', #7951, #7548, #4508, .T. ) ;
#3354 = VERTEX_POINT ( 'NONE', #6798 ) ;
#3355 = EDGE_CURVE ( 'NONE', #6892, #3753, #4890, .T. ) ;
#3356 = EDGE_LOOP ( 'NONE', ( #8410, #9555, #2667, #3214, #5140, #6413 ) ) ;
#3357 = DIRECTION ( 'NONE',  ( -1.577021341797097215E-15, 0.000000000000000000, -1.000000000000000000 ) ) ;
#3358 = LINE ( 'NONE', #7820, #6478 ) ;
#3359 = VECTOR ( 'NONE', #6899, 1000.000000000000000 ) ;
#3360 = VECTOR ( 'NONE', #932, 1000.000000000000000 ) ;
#3361 = CARTESIAN_POINT ( 'NONE',  ( -0.3749999999999990563, 0.2000000000000000111, 1.225000000000000311 ) ) ;
#3362 = EDGE_CURVE ( 'NONE', #5115, #7525, #1171, .T. ) ;
#3363 = CARTESIAN_POINT ( 'NONE',  ( -2.000000000000000888, 0.1000000000000002554, -1.499999999999999556 ) ) ;
#3364 = PLANE ( 'NONE',  #8052 ) ;
#3365 = CARTESIAN_POINT ( 'NONE',  ( -1.124999999999999778, 0.6716990566028301357, 1.225000000000000755 ) ) ;
#3366 = PLANE ( 'NONE',  #1848 ) ;
#3367 = VECTOR ( 'NONE', #1734, 1000.000000000000000 ) ;
#3368 = ORIENTED_EDGE ( 'NONE', *, *, #7224, .F. ) ;
#3369 = SURFACE_STYLE_USAGE ( .BOTH. , #2781 ) ;
#3370 = FACE_OUTER_BOUND ( 'NONE', #3121, .T. ) ;
#3371 = ORIENTED_EDGE ( 'NONE', *, *, #6011, .T. ) ;
#3372 = COLOUR_RGB ( '',0.7921568627450980005, 0.8196078431372548767, 0.9333333333333333481 ) ;
#3373 = LINE ( 'NONE', #4152, #8969 ) ;
#3374 = VECTOR ( 'NONE', #6535, 1000.000000000000000 ) ;
#3375 = DIRECTION ( 'NONE',  ( 1.577021341797097018E-15, 0.000000000000000000, -1.000000000000000000 ) ) ;
#3376 = DIRECTION ( 'NONE',  ( -0.000000000000000000, -0.000000000000000000, -1.000000000000000000 ) ) ;
#3377 = FACE_OUTER_BOUND ( 'NONE', #8156, .T. ) ;
#3378 = DIRECTION ( 'NONE',  ( 0.000000000000000000, 0.000000000000000000, -1.000000000000000000 ) ) ;
#3379 = ORIENTED_EDGE ( 'NONE', *, *, #6082, .F. ) ;
#3380 = DIRECTION ( 'NONE',  ( -1.000000000000000000, 0.000000000000000000, 0.000000000000000000 ) ) ;
#3381 = EDGE_CURVE ( 'NONE', #7050, #3852, #2649, .T. ) ;
#3382 = SURFACE_STYLE_USAGE ( .BOTH. , #8026 ) ;
#3383 = STYLED_ITEM ( 'NONE', ( #2726 ), #6734 ) ;
#3384 = VECTOR ( 'NONE', #4270, 1000.000000000000000 ) ;
#3385 = DIRECTION ( 'NONE',  ( -1.000000000000000000, 0.000000000000000000, 0.000000000000000000 ) ) ;
#3386 = CARTESIAN_POINT ( 'NONE',  ( 0.6250000000000006661, 0.6716990566028301357, 1.450000000000000178 ) ) ;
#3387 = VERTEX_POINT ( 'NONE', #5529 ) ;
#3388 = DIRECTION ( 'NONE',  ( -0.000000000000000000, 0.000000000000000000, -1.000000000000000000 ) ) ;
#3389 = LINE ( 'NONE', #4895, #5449 ) ;
#3390 = AXIS2_PLACEMENT_3D ( 'NONE', #579, #3583, #8481 ) ;
#3391 = ORIENTED_EDGE ( 'NONE', *, *, #6332, .T. ) ;
#3392 = ORIENTED_EDGE ( 'NONE', *, *, #1558, .T. ) ;
#3393 = CARTESIAN_POINT ( 'NONE',  ( 1.999999999999999112, 0.1000000000000002554, 1.499999999999999556 ) ) ;
#3394 = ORIENTED_EDGE ( 'NONE', *, *, #5554, .F. ) ;
#3395 = EDGE_CURVE ( 'NONE', #8451, #5786, #1019, .T. ) ;
#3396 = CARTESIAN_POINT ( 'NONE',  ( -0.8749999999999994449, 0.000000000000000000, -1.500000000000000444 ) ) ;
#3397 = CARTESIAN_POINT ( 'NONE',  ( 1.950000000000002176, 0.1000000000000000056, -1.450000000000000622 ) ) ;
#3398 = DIRECTION ( 'NONE',  ( 0.000000000000000000, 0.000000000000000000, 1.000000000000000000 ) ) ;
#3399 = EDGE_CURVE ( 'NONE', #6786, #4715, #2541, .T. ) ;
#3400 = AXIS2_PLACEMENT_3D ( 'NONE', #2861, #5841, #3006 ) ;
#3401 = ORIENTED_EDGE ( 'NONE', *, *, #1845, .T. ) ;
#3402 = EDGE_CURVE ( 'NONE', #2090, #5318, #8613, .T. ) ;
#3403 = EDGE_CURVE ( 'NONE', #7086, #8139, #4210, .T. ) ;
#3404 = ORIENTED_EDGE ( 'NONE', *, *, #5091, .F. ) ;
#3405 = DIRECTION ( 'NONE',  ( 0.000000000000000000, -0.000000000000000000, -1.000000000000000000 ) ) ;
#3406 = LINE ( 'NONE', #6382, #67 ) ;
#3407 = CIRCLE ( 'NONE', #1842, 0.1249999999999996808 ) ;
#3408 = EDGE_CURVE ( 'NONE', #8686, #5115, #4852, .T. ) ;
#3409 = ORIENTED_EDGE ( 'NONE', *, *, #3269, .T. ) ;
#3410 = CARTESIAN_POINT ( 'NONE',  ( -1.950000000000001066, 0.6716990566028312459, 0.8750000000000007772 ) ) ;
#3411 = VERTEX_POINT ( 'NONE', #6411 ) ;
#3412 = VECTOR ( 'NONE', #4381, 1000.000000000000000 ) ;
#3413 = DIRECTION ( 'NONE',  ( 0.000000000000000000, 0.000000000000000000, 1.000000000000000000 ) ) ;
#3414 = ORIENTED_EDGE ( 'NONE', *, *, #3230, .T. ) ;
#3415 = CARTESIAN_POINT ( 'NONE',  ( -0.3749999999999994449, 0.2000000000000000111, 1.500000000000000444 ) ) ;
#3416 = ADVANCED_FACE ( 'NONE', ( #9356 ), #7093, .F. ) ;
#3417 = DIRECTION ( 'NONE',  ( 0.000000000000000000, -1.000000000000000000, 0.000000000000000000 ) ) ;
#3418 = ORIENTED_EDGE ( 'NONE', *, *, #7919, .T. ) ;
#3419 = VECTOR ( 'NONE', #4810, 1000.000000000000000 ) ;
#3421 = ADVANCED_FACE ( 'NONE', ( #7890 ), #4164, .T. ) ;
#3420 = CARTESIAN_POINT ( 'NONE',  ( -1.950000000000001066, 0.6716990566028313570, 0.1250000000000005829 ) ) ;
#3422 = CARTESIAN_POINT ( 'NONE',  ( 1.950000000000002176, 0.1000000000000000056, -1.450000000000000622 ) ) ;
#3423 = DIRECTION ( 'NONE',  ( 3.469446951953617739E-15, 0.000000000000000000, -1.000000000000000000 ) ) ;
#3424 = CARTESIAN_POINT ( 'NONE',  ( -1.374999999999999556, 0.1000000000000002554, -1.500000000000000000 ) ) ;
#3425 = ORIENTED_EDGE ( 'NONE', *, *, #2680, .F. ) ;
#3426 = EDGE_LOOP ( 'NONE', ( #1780, #8747, #7771, #7384 ) ) ;
#3427 = LINE ( 'NONE', #6407, #3918 ) ;
#3428 = AXIS2_PLACEMENT_3D ( 'NONE', #6039, #6874, #783 ) ;
#3429 = CARTESIAN_POINT ( 'NONE',  ( 1.950000000000002176, 0.6716990566028312459, 0.8750000000000007772 ) ) ;
#3430 = CARTESIAN_POINT ( 'NONE',  ( 1.950000000000002176, 0.000000000000000000, 0.9999999999999995559 ) ) ;
#3431 = ORIENTED_EDGE ( 'NONE', *, *, #8016, .F. ) ;
#3432 = LINE ( 'NONE', #8713, #5692 ) ;
#3433 = ORIENTED_EDGE ( 'NONE', *, *, #3757, .F. ) ;
#3434 = ORIENTED_EDGE ( 'NONE', *, *, #8430, .F. ) ;
#3435 = DIRECTION ( 'NONE',  ( 0.000000000000000000, -0.000000000000000000, -1.000000000000000000 ) ) ;
#3436 = ORIENTED_EDGE ( 'NONE', *, *, #4534, .F. ) ;
#3437 = LINE ( 'NONE', #2707, #8383 ) ;
#3438 = CARTESIAN_POINT ( 'NONE',  ( -1.249999999999999334, 0.2000000000000000111, 1.225000000000000533 ) ) ;
#3439 = CARTESIAN_POINT ( 'NONE',  ( 1.950000000000002176, 0.05000000000000000278, -0.8749999999999994449 ) ) ;
#3440 = EDGE_LOOP ( 'NONE', ( #8397, #9369, #2345, #4085 ) ) ;
#3441 = CLOSED_SHELL ( 'NONE', ( #4373, #458, #3215, #7119 ) ) ;
#3442 = ORIENTED_EDGE ( 'NONE', *, *, #5085, .T. ) ;
#3443 = DIRECTION ( 'NONE',  ( 0.000000000000000000, -0.000000000000000000, -1.000000000000000000 ) ) ;
#3444 = DIRECTION ( 'NONE',  ( 0.000000000000000000, 0.000000000000000000, 1.000000000000000000 ) ) ;
#3445 = VERTEX_POINT ( 'NONE', #7151 ) ;
#3446 = EDGE_CURVE ( 'NONE', #1093, #3943, #428, .T. ) ;
#3447 = EDGE_CURVE ( 'NONE', #6992, #4183, #4918, .T. ) ;
#3448 = FACE_OUTER_BOUND ( 'NONE', #3723, .T. ) ;
#3449 = CARTESIAN_POINT ( 'NONE',  ( -0.3749999999999990563, 0.2000000000000000111, -1.225000000000000311 ) ) ;
#3450 = CARTESIAN_POINT ( 'NONE',  ( -1.249999999999999334, 0.2000000000000000111, -1.225000000000000533 ) ) ;
#3451 = PRESENTATION_STYLE_ASSIGNMENT (( #7184 ) ) ;
#3452 = ORIENTED_EDGE ( 'NONE', *, *, #7097, .T. ) ;
#3453 = CARTESIAN_POINT ( 'NONE',  ( -1.374999999999999556, 0.1999999999999999833, 1.500000000000000444 ) ) ;
#3454 = FACE_OUTER_BOUND ( 'NONE', #149, .T. ) ;
#3455 = ORIENTED_EDGE ( 'NONE', *, *, #3101, .F. ) ;
#3456 = DIRECTION ( 'NONE',  ( 1.000000000000000000, -0.000000000000000000, -0.000000000000000000 ) ) ;
#3457 = CARTESIAN_POINT ( 'NONE',  ( 0.6250000000000005551, 0.1999999999999999833, 1.500000000000000444 ) ) ;
#3458 = DIRECTION ( 'NONE',  ( 0.000000000000000000, -1.000000000000000000, 0.000000000000000000 ) ) ;
#3459 = EDGE_CURVE ( 'NONE', #5648, #4677, #6263, .T. ) ;
#3460 = CARTESIAN_POINT ( 'NONE',  ( 1.725000000000000311, 0.6716990566028313570, -1.000000000000000444 ) ) ;
#3461 = EDGE_LOOP ( 'NONE', ( #6100, #3404, #8651, #3156, #5409 ) ) ;
#3462 = VERTEX_POINT ( 'NONE', #3237 ) ;
#3463 = PRESENTATION_STYLE_ASSIGNMENT (( #1951 ) ) ;
#3464 =( GEOMETRIC_REPRESENTATION_CONTEXT ( 3 ) GLOBAL_UNCERTAINTY_ASSIGNED_CONTEXT ( ( #8280 ) ) GLOBAL_UNIT_ASSIGNED_CONTEXT ( ( #1810, #2443, #3133 ) ) REPRESENTATION_CONTEXT ( 'NONE', 'WORKASPACE' ) );
#3466 = EDGE_CURVE ( 'NONE', #1358, #3662, #6215, .T. ) ;
#3465 = DIRECTION ( 'NONE',  ( 0.000000000000000000, 0.000000000000000000, 1.000000000000000000 ) ) ;
#3467 = EDGE_CURVE ( 'NONE', #2233, #1758, #1161, .T. ) ;
#3468 = LINE ( 'NONE', #8709, #2413 ) ;
#3469 = CARTESIAN_POINT ( 'NONE',  ( 1.375000000000000444, 0.2000000000000000111, -1.225000000000000755 ) ) ;
#3470 = ORIENTED_EDGE ( 'NONE', *, *, #8881, .T. ) ;
#3471 = CARTESIAN_POINT ( 'NONE',  ( -0.1249999999999988065, 0.6716990566028301357, 1.500000000000000444 ) ) ;
#3472 = EDGE_CURVE ( 'NONE', #6546, #1415, #3194, .T. ) ;
#3473 = ORIENTED_EDGE ( 'NONE', *, *, #297, .F. ) ;
#3474 = CARTESIAN_POINT ( 'NONE',  ( 1.999999999999999112, 6.599999999999999645, -1.500000000000000444 ) ) ;
#3475 = VERTEX_POINT ( 'NONE', #1753 ) ;
#3476 = DIRECTION ( 'NONE',  ( 3.469446951953617739E-15, 0.000000000000000000, 1.000000000000000000 ) ) ;
#3477 = DIRECTION ( 'NONE',  ( -0.000000000000000000, -1.000000000000000000, -0.000000000000000000 ) ) ;
#3478 = VERTEX_POINT ( 'NONE', #4016 ) ;
#3479 = PLANE ( 'NONE',  #1023 ) ;
#3480 = CYLINDRICAL_SURFACE ( 'NONE', #3670, 0.1249999999999996808 ) ;
#3481 = VECTOR ( 'NONE', #5433, 1000.000000000000000 ) ;
#3482 = CARTESIAN_POINT ( 'NONE',  ( -1.374999999999999556, 0.6716990566028301357, 1.450000000000000178 ) ) ;
#3483 = LINE ( 'NONE', #5741, #1147 ) ;
#3484 = ORIENTED_EDGE ( 'NONE', *, *, #2679, .T. ) ;
#3485 = VECTOR ( 'NONE', #6072, 1000.000000000000000 ) ;
#3486 = CARTESIAN_POINT ( 'NONE',  ( -0.1500000000000000222, 0.2000000000000000111, -0.8499999999999999778 ) ) ;
#3487 = ORIENTED_EDGE ( 'NONE', *, *, #304, .F. ) ;
#3488 = CARTESIAN_POINT ( 'NONE',  ( 1.725000000000000755, 0.000000000000000000, 0.8749999999999994449 ) ) ;
#3489 = CARTESIAN_POINT ( 'NONE',  ( 1.725000000000000755, 0.000000000000000000, 1.125000000000000666 ) ) ;
#3490 = VECTOR ( 'NONE', #5680, 1000.000000000000000 ) ;
#3491 = VERTEX_POINT ( 'NONE', #7048 ) ;
#3492 = PLANE ( 'NONE',  #1835 ) ;
#3493 = CARTESIAN_POINT ( 'NONE',  ( 0.000000000000000000, 0.2000000000000000111, 0.000000000000000000 ) ) ;
#3494 = LINE ( 'NONE', #1849, #1220 ) ;
#3495 = SURFACE_STYLE_FILL_AREA ( #7288 ) ;
#3496 = VECTOR ( 'NONE', #7193, 1000.000000000000000 ) ;
#3497 = VERTEX_POINT ( 'NONE', #4749 ) ;
#3498 = LINE ( 'NONE', #497, #7439 ) ;
#3499 = VECTOR ( 'NONE', #2691, 1000.000000000000000 ) ;
#3500 = EDGE_CURVE ( 'NONE', #4354, #1527, #334, .T. ) ;
#3501 = EDGE_LOOP ( 'NONE', ( #1028, #2480, #1281, #6789 ) ) ;
#3502 = AXIS2_PLACEMENT_3D ( 'NONE', #1059, #7679, #2584 ) ;
#3503 = FACE_OUTER_BOUND ( 'NONE', #9425, .T. ) ;
#3504 = PLANE ( 'NONE',  #3050 ) ;
#3505 = CARTESIAN_POINT ( 'NONE',  ( 0.5999999999999996447, 2.280865204668480750, -0.8500000000000001998 ) ) ;
#3506 =( GEOMETRIC_REPRESENTATION_CONTEXT ( 3 ) GLOBAL_UNCERTAINTY_ASSIGNED_CONTEXT ( ( #3962 ) ) GLOBAL_UNIT_ASSIGNED_CONTEXT ( ( #9040, #9590, #606 ) ) REPRESENTATION_CONTEXT ( 'NONE', 'WORKASPACE' ) );
#3507 = EDGE_CURVE ( 'NONE', #6821, #3123, #4994, .T. ) ;
#3508 = LINE ( 'NONE', #2640, #4187 ) ;
#3509 = LINE ( 'NONE', #6404, #2297 ) ;
#3510 = ORIENTED_EDGE ( 'NONE', *, *, #2256, .T. ) ;
#3511 = ORIENTED_EDGE ( 'NONE', *, *, #8087, .T. ) ;
#3512 = LINE ( 'NONE', #4252, #2529 ) ;
#3513 = DIRECTION ( 'NONE',  ( -0.000000000000000000, -1.000000000000000000, -0.000000000000000000 ) ) ;
#3514 =( GEOMETRIC_REPRESENTATION_CONTEXT ( 3 ) GLOBAL_UNCERTAINTY_ASSIGNED_CONTEXT ( ( #3298 ) ) GLOBAL_UNIT_ASSIGNED_CONTEXT ( ( #1158, #4149, #7134 ) ) REPRESENTATION_CONTEXT ( 'NONE', 'WORKASPACE' ) );
#3515 = AXIS2_PLACEMENT_3D ( 'NONE', #2730, #9621, #1941 ) ;
#3516 = EDGE_CURVE ( 'NONE', #1094, #8760, #2060, .T. ) ;
#3517 = DIRECTION ( 'NONE',  ( 0.000000000000000000, -1.000000000000000000, 0.000000000000000000 ) ) ;
#3518 = EDGE_CURVE ( 'NONE', #7050, #7522, #1368, .T. ) ;
#3519 = AXIS2_PLACEMENT_3D ( 'NONE', #6472, #8677, #4225 ) ;
#3520 = FACE_OUTER_BOUND ( 'NONE', #5752, .T. ) ;
#3521 = VERTEX_POINT ( 'NONE', #658 ) ;
#3522 = FACE_OUTER_BOUND ( 'NONE', #1298, .T. ) ;
#3523 = EDGE_CURVE ( 'NONE', #3315, #2790, #4307, .T. ) ;
#3524 = VECTOR ( 'NONE', #1245, 1000.000000000000000 ) ;
#3525 = ORIENTED_EDGE ( 'NONE', *, *, #4609, .T. ) ;
#3526 = CARTESIAN_POINT ( 'NONE',  ( 1.725000000000000311, 0.05000000000000002359, 0.4999999999999995559 ) ) ;
#3527 = VERTEX_POINT ( 'NONE', #2797 ) ;
#3528 = DIRECTION ( 'NONE',  ( 0.000000000000000000, -1.000000000000000000, 0.000000000000000000 ) ) ;
#3529 = VECTOR ( 'NONE', #8398, 1000.000000000000000 ) ;
#3530 = VECTOR ( 'NONE', #8281, 1000.000000000000000 ) ;
#3531 = LINE ( 'NONE', #6508, #918 ) ;
#3532 = DIRECTION ( 'NONE',  ( 0.000000000000000000, -1.000000000000000000, 0.000000000000000000 ) ) ;
#3533 = ORIENTED_EDGE ( 'NONE', *, *, #4467, .T. ) ;
#3534 = PLANE ( 'NONE',  #7932 ) ;
#3535 = APPLICATION_CONTEXT ( 'automotive_design' ) ;
#3536 = EDGE_CURVE ( 'NONE', #9038, #5384, #4353, .T. ) ;
#3537 = DIRECTION ( 'NONE',  ( 3.154042683594198769E-15, 0.000000000000000000, 1.000000000000000000 ) ) ;
#3538 = CIRCLE ( 'NONE', #1982, 0.1250000000000001110 ) ;
#3539 = LINE ( 'NONE', #6555, #9320 ) ;
#3540 = AXIS2_PLACEMENT_3D ( 'NONE', #3617, #663, #6505 ) ;
#3541 = CARTESIAN_POINT ( 'NONE',  ( -1.950000000000001066, 0.6716990566028313570, -1.124999999999999334 ) ) ;
#3542 = ORIENTED_EDGE ( 'NONE', *, *, #8462, .T. ) ;
#3543 = DIRECTION ( 'NONE',  ( 0.000000000000000000, 0.000000000000000000, -1.000000000000000000 ) ) ;
#3544 = VECTOR ( 'NONE', #6561, 1000.000000000000000 ) ;
#3545 = ORIENTED_EDGE ( 'NONE', *, *, #2279, .F. ) ;
#3546 = DIRECTION ( 'NONE',  ( 0.000000000000000000, -1.000000000000000000, 0.000000000000000000 ) ) ;
#3547 = CARTESIAN_POINT ( 'NONE',  ( 1.950000000000002176, 0.1000000000000000056, 1.125000000000000444 ) ) ;
#3548 = CARTESIAN_POINT ( 'NONE',  ( -0.3749999999999994449, 0.6716990566028301357, 1.500000000000000444 ) ) ;
#3549 = CIRCLE ( 'NONE', #4015, 0.1250000000000001110 ) ;
#3550 = VERTEX_POINT ( 'NONE', #3661 ) ;
#3551 = DIRECTION ( 'NONE',  ( 1.000000000000000000, 0.000000000000000000, -0.000000000000000000 ) ) ;
#3552 = CARTESIAN_POINT ( 'NONE',  ( 1.950000000000002176, 0.000000000000000000, -0.8749999999999994449 ) ) ;
#3553 = DIRECTION ( 'NONE',  ( -1.000000000000000000, -0.000000000000000000, -0.000000000000000000 ) ) ;
#3554 = ORIENTED_EDGE ( 'NONE', *, *, #2622, .T. ) ;
#3555 =( LENGTH_UNIT ( ) NAMED_UNIT ( * ) SI_UNIT ( .MILLI., .METRE. ) );
#3556 = AXIS2_PLACEMENT_3D ( 'NONE', #7130, #451, #492 ) ;
#3557 = ORIENTED_EDGE ( 'NONE', *, *, #6390, .T. ) ;
#3558 = MANIFOLD_SOLID_BREP ( 'Cut-Extrude7[10]', #4693 ) ;
#3559 = LINE ( 'NONE', #5027, #2266 ) ;
#3560 = DIRECTION ( 'NONE',  ( -2.551063935260010984E-16, 0.000000000000000000, -1.000000000000000000 ) ) ;
#3561 = VECTOR ( 'NONE', #4685, 1000.000000000000000 ) ;
#3562 = ORIENTED_EDGE ( 'NONE', *, *, #7410, .F. ) ;
#3563 = DIRECTION ( 'NONE',  ( 0.000000000000000000, 0.000000000000000000, 1.000000000000000000 ) ) ;
#3564 = EDGE_CURVE ( 'NONE', #2101, #7512, #5912, .T. ) ;
#3565 = ORIENTED_EDGE ( 'NONE', *, *, #9096, .F. ) ;
#3566 = ORIENTED_EDGE ( 'NONE', *, *, #8726, .T. ) ;
#3567 = PRESENTATION_STYLE_ASSIGNMENT (( #5719 ) ) ;
#3568 = DIRECTION ( 'NONE',  ( 0.000000000000000000, 1.000000000000000000, 0.000000000000000000 ) ) ;
#3569 = VECTOR ( 'NONE', #9255, 1000.000000000000000 ) ;
#3570 = DIRECTION ( 'NONE',  ( 1.000000000000000000, -0.000000000000000000, 3.942553354492743531E-16 ) ) ;
#3571 = ORIENTED_EDGE ( 'NONE', *, *, #6556, .F. ) ;
#3572 = PLANE ( 'NONE',  #5983 ) ;
#3573 = VERTEX_POINT ( 'NONE', #609 ) ;
#3574 = DIRECTION ( 'NONE',  ( 0.000000000000000000, -0.000000000000000000, 1.000000000000000000 ) ) ;
#3575 = DIRECTION ( 'NONE',  ( 0.000000000000000000, 0.000000000000000000, -1.000000000000000000 ) ) ;
#3576 = EDGE_CURVE ( 'NONE', #5661, #1839, #5134, .T. ) ;
#3577 = EDGE_LOOP ( 'NONE', ( #8863, #4919, #2410, #3861, #8364, #4241 ) ) ;
#3578 = DIRECTION ( 'NONE',  ( 0.000000000000000000, 0.000000000000000000, 1.000000000000000000 ) ) ;
#3579 = VECTOR ( 'NONE', #4355, 1000.000000000000000 ) ;
#3580 = FACE_OUTER_BOUND ( 'NONE', #8995, .T. ) ;
#3581 = CARTESIAN_POINT ( 'NONE',  ( 2.000000000000000888, 0.6716990566028313570, 0.1250000000000005551 ) ) ;
#3582 = ORIENTED_EDGE ( 'NONE', *, *, #8009, .F. ) ;
#3583 = DIRECTION ( 'NONE',  ( 0.000000000000000000, 1.000000000000000000, 0.000000000000000000 ) ) ;
#3584 = DIRECTION ( 'NONE',  ( -3.154042683594199163E-15, 0.000000000000000000, 1.000000000000000000 ) ) ;
#3585 = DIRECTION ( 'NONE',  ( 1.000000000000000000, 0.000000000000000000, -1.084202172485504681E-16 ) ) ;
#3586 = DIRECTION ( 'NONE',  ( 1.000000000000000000, 0.000000000000000000, 0.000000000000000000 ) ) ;
#3587 = EDGE_LOOP ( 'NONE', ( #7013, #157, #3960, #560 ) ) ;
#3588 = CARTESIAN_POINT ( 'NONE',  ( 2.000000000000000888, 0.1000000000000000472, -0.3749999999999994449 ) ) ;
#3589 = EDGE_CURVE ( 'NONE', #6722, #4742, #5813, .T. ) ;
#3590 = VERTEX_POINT ( 'NONE', #8795 ) ;
#3591 = DIRECTION ( 'NONE',  ( 0.000000000000000000, 0.000000000000000000, 1.000000000000000000 ) ) ;
#3592 = DIRECTION ( 'NONE',  ( -0.000000000000000000, -1.000000000000000000, -0.000000000000000000 ) ) ;
#3593 = EDGE_CURVE ( 'NONE', #4354, #7402, #5171, .T. ) ;
#3594 = ADVANCED_FACE ( 'NONE', ( #7389 ), #6642, .T. ) ;
#3595 = LINE ( 'NONE', #4334, #4891 ) ;
#3596 = AXIS2_PLACEMENT_3D ( 'NONE', #1460, #5227, #2894 ) ;
#3597 = ORIENTED_EDGE ( 'NONE', *, *, #8908, .T. ) ;
#3598 = EDGE_CURVE ( 'NONE', #9037, #8454, #3468, .T. ) ;
#3599 = LINE ( 'NONE', #1530, #6360 ) ;
#3600 = VERTEX_POINT ( 'NONE', #2747 ) ;
#3601 = DIRECTION ( 'NONE',  ( 0.000000000000000000, 0.000000000000000000, -1.000000000000000000 ) ) ;
#3602 = SURFACE_STYLE_FILL_AREA ( #4100 ) ;
#3603 = DIRECTION ( 'NONE',  ( 0.000000000000000000, -1.000000000000000000, 0.000000000000000000 ) ) ;
#3604 = MANIFOLD_SOLID_BREP ( 'Cut-Extrude7[3]', #5628 ) ;
#3605 = CARTESIAN_POINT ( 'NONE',  ( 1.725000000000000755, 0.6716990566028313570, -0.8749999999999993339 ) ) ;
#3606 = FACE_OUTER_BOUND ( 'NONE', #7662, .T. ) ;
#3607 = ORIENTED_EDGE ( 'NONE', *, *, #8843, .F. ) ;
#3608 = DIRECTION ( 'NONE',  ( 1.000000000000000000, -0.000000000000000000, 3.942553354492742545E-16 ) ) ;
#3609 = ORIENTED_EDGE ( 'NONE', *, *, #2660, .T. ) ;
#3610 = ORIENTED_EDGE ( 'NONE', *, *, #2869, .F. ) ;
#3611 = DIRECTION ( 'NONE',  ( -1.000000000000000000, 0.000000000000000000, 3.154042683594199163E-15 ) ) ;
#3612 = LINE ( 'NONE', #9152, #8163 ) ;
#3613 = ORIENTED_EDGE ( 'NONE', *, *, #8601, .T. ) ;
#3614 = FACE_OUTER_BOUND ( 'NONE', #8489, .T. ) ;
#3615 = CARTESIAN_POINT ( 'NONE',  ( -0.8749999999999971134, 0.05000000000000000278, 1.379893674072455527E-15 ) ) ;
#3616 = ORIENTED_EDGE ( 'NONE', *, *, #1046, .T. ) ;
#3617 = CARTESIAN_POINT ( 'NONE',  ( 1.950000000000002176, 0.1000000000000000056, 1.450000000000000178 ) ) ;
#3618 = VERTEX_POINT ( 'NONE', #2013 ) ;
#3619 = CARTESIAN_POINT ( 'NONE',  ( 1.999999999999999112, 0.1000000000000002554, -1.500000000000000444 ) ) ;
#3620 = CYLINDRICAL_SURFACE ( 'NONE', #2343, 0.1249999999999996808 ) ;
#3621 = FACE_OUTER_BOUND ( 'NONE', #1650, .T. ) ;
#3622 = ORIENTED_EDGE ( 'NONE', *, *, #4362, .F. ) ;
#3623 = CARTESIAN_POINT ( 'NONE',  ( -1.124999999999998890, 0.1999999999999999833, 1.500000000000000444 ) ) ;
#3624 = DIRECTION ( 'NONE',  ( 1.577021341797097215E-15, 0.000000000000000000, -1.000000000000000000 ) ) ;
#3625 = EDGE_CURVE ( 'NONE', #348, #6096, #3169, .T. ) ;
#3626 = EDGE_CURVE ( 'NONE', #8899, #4738, #379, .T. ) ;
#3627 = ADVANCED_BREP_SHAPE_REPRESENTATION ( 'RVR19', ( #311, #861, #749, #6734, #7094, #3604, #4004, #764, #624, #3979, #6767, #283, #3558, #690, #6833, #7218, #789, #7234, #4026, #808, #4090, #605, #329, #6397 ), #744 ) ;
#3628 = PLANE ( 'NONE',  #3182 ) ;
#3629 = EDGE_LOOP ( 'NONE', ( #1874, #7987, #8352, #5467 ) ) ;
#3630 = CARTESIAN_POINT ( 'NONE',  ( -1.349999999999999867, 0.05000000000000000278, 0.000000000000000000 ) ) ;
#3631 = EDGE_CURVE ( 'NONE', #5239, #6786, #6095, .T. ) ;
#3632 = DIRECTION ( 'NONE',  ( -0.000000000000000000, -1.000000000000000000, 0.000000000000000000 ) ) ;
#3633 = ORIENTED_EDGE ( 'NONE', *, *, #5028, .F. ) ;
#3634 = CARTESIAN_POINT ( 'NONE',  ( 1.375000000000000444, 0.2000000000000000111, 1.225000000000000755 ) ) ;
#3635 = CARTESIAN_POINT ( 'NONE',  ( -2.000000000000000000, 0.1000000000000000472, -0.1249999999999992506 ) ) ;
#3636 = EDGE_CURVE ( 'NONE', #7, #3478, #845, .T. ) ;
#3637 = CARTESIAN_POINT ( 'NONE',  ( 1.725000000000000755, 0.2000000000000000944, 1.125000000000000666 ) ) ;
#3638 = DIRECTION ( 'NONE',  ( -0.000000000000000000, -1.000000000000000000, -0.000000000000000000 ) ) ;
#3639 = AXIS2_PLACEMENT_3D ( 'NONE', #3855, #3234, #1659 ) ;
#3640 = VERTEX_POINT ( 'NONE', #71 ) ;
#3641 = CARTESIAN_POINT ( 'NONE',  ( 2.000000000000000000, 0.1000000000000000472, 0.3750000000000007772 ) ) ;
#3642 = VECTOR ( 'NONE', #8234, 1000.000000000000000 ) ;
#3643 = EDGE_CURVE ( 'NONE', #2063, #8229, #7491, .T. ) ;
#3644 = FACE_OUTER_BOUND ( 'NONE', #9077, .T. ) ;
#3645 = DIRECTION ( 'NONE',  ( -7.885106708985511714E-16, 0.000000000000000000, 1.000000000000000000 ) ) ;
#3646 = ORIENTED_EDGE ( 'NONE', *, *, #4430, .F. ) ;
#3647 = SURFACE_SIDE_STYLE ('',( #8550 ) ) ;
#3648 = CARTESIAN_POINT ( 'NONE',  ( -1.606107883817426973, 0.6999999999999999556, -1.252381742738592152 ) ) ;
#3649 = VECTOR ( 'NONE', #2031, 1000.000000000000000 ) ;
#3650 = ADVANCED_FACE ( 'NONE', ( #1503 ), #6691, .T. ) ;
#3651 = LINE ( 'NONE', #556, #7287 ) ;
#3652 = LINE ( 'NONE', #5260, #4207 ) ;
#3653 = CIRCLE ( 'NONE', #1613, 0.1249999999999996808 ) ;
#3654 = VERTEX_POINT ( 'NONE', #1696 ) ;
#3655 = ORIENTED_EDGE ( 'NONE', *, *, #8232, .T. ) ;
#3656 = VERTEX_POINT ( 'NONE', #9043 ) ;
#3657 = COLOUR_RGB ( '',0.7921568627450980005, 0.8196078431372548767, 0.9333333333333333481 ) ;
#3658 = SURFACE_STYLE_FILL_AREA ( #6358 ) ;
#3659 = CARTESIAN_POINT ( 'NONE',  ( -1.950000000000001066, 0.05000000000000000278, 0.000000000000000000 ) ) ;
#3660 = VECTOR ( 'NONE', #9242, 1000.000000000000000 ) ;
#3661 = CARTESIAN_POINT ( 'NONE',  ( -1.725000000000000755, 0.000000000000000000, 0.6250000000000006661 ) ) ;
#3662 = VERTEX_POINT ( 'NONE', #6885 ) ;
#3663 = CARTESIAN_POINT ( 'NONE',  ( 1.950000000000002176, 0.05000000000000000278, 1.450000000000000178 ) ) ;
#3664 = ORIENTED_EDGE ( 'NONE', *, *, #7917, .T. ) ;
#3665 = PLANE ( 'NONE',  #3540 ) ;
#3666 = ORIENTED_EDGE ( 'NONE', *, *, #1911, .T. ) ;
#3667 = EDGE_CURVE ( 'NONE', #1316, #6889, #8051, .T. ) ;
#3668 = DIRECTION ( 'NONE',  ( 0.000000000000000000, -1.000000000000000000, 0.000000000000000000 ) ) ;
#3669 = DIRECTION ( 'NONE',  ( 0.000000000000000000, -1.000000000000000000, 0.000000000000000000 ) ) ;
#3670 = AXIS2_PLACEMENT_3D ( 'NONE', #7812, #8472, #4759 ) ;
#3671 = CARTESIAN_POINT ( 'NONE',  ( 1.125000000000000888, 0.04999999999999999584, 1.225000000000000311 ) ) ;
#3672 = PRESENTATION_STYLE_ASSIGNMENT (( #858 ) ) ;
#3673 = VECTOR ( 'NONE', #2830, 1000.000000000000000 ) ;
#3674 = CARTESIAN_POINT ( 'NONE',  ( -1.950000000000001066, 0.04999999999999991257, 0.6250000000000005551 ) ) ;
#3675 = VECTOR ( 'NONE', #3417, 1000.000000000000000 ) ;
#3676 = PLANE ( 'NONE',  #6137 ) ;
#3677 = VECTOR ( 'NONE', #2144, 1000.000000000000000 ) ;
#3678 = ORIENTED_EDGE ( 'NONE', *, *, #3269, .F. ) ;
#3679 = EDGE_CURVE ( 'NONE', #4025, #2321, #6144, .T. ) ;
#3680 = ORIENTED_EDGE ( 'NONE', *, *, #6751, .F. ) ;
#3681 = DIRECTION ( 'NONE',  ( 0.000000000000000000, -0.000000000000000000, -1.000000000000000000 ) ) ;
#3682 =( GEOMETRIC_REPRESENTATION_CONTEXT ( 3 ) GLOBAL_UNCERTAINTY_ASSIGNED_CONTEXT ( ( #4669 ) ) GLOBAL_UNIT_ASSIGNED_CONTEXT ( ( #5758, #1938, #7827 ) ) REPRESENTATION_CONTEXT ( 'NONE', 'WORKASPACE' ) );
#3683 = AXIS2_PLACEMENT_3D ( 'NONE', #7943, #4993, #2059 ) ;
#3684 = ADVANCED_FACE ( 'NONE', ( #9137 ), #4544, .F. ) ;
#3685 = CARTESIAN_POINT ( 'NONE',  ( 1.125000000000000666, 0.1000000000000000472, -1.500000000000000444 ) ) ;
#3686 = DIRECTION ( 'NONE',  ( -1.000000000000000000, 0.000000000000000000, 0.000000000000000000 ) ) ;
#3687 = PLANE ( 'NONE',  #8267 ) ;
#3688 = VERTEX_POINT ( 'NONE', #3712 ) ;
#3689 = LINE ( 'NONE', #8081, #8421 ) ;
#3690 = LINE ( 'NONE', #1210, #1958 ) ;
#3691 =( GEOMETRIC_REPRESENTATION_CONTEXT ( 3 ) GLOBAL_UNCERTAINTY_ASSIGNED_CONTEXT ( ( #5930 ) ) GLOBAL_UNIT_ASSIGNED_CONTEXT ( ( #3555, #8438, #2415 ) ) REPRESENTATION_CONTEXT ( 'NONE', 'WORKASPACE' ) );
#3692 = EDGE_CURVE ( 'NONE', #1909, #5809, #3846, .T. ) ;
#3693 = EDGE_CURVE ( 'NONE', #1042, #7181, #9690, .T. ) ;
#3694 = ORIENTED_EDGE ( 'NONE', *, *, #3705, .F. ) ;
#3695 = DIRECTION ( 'NONE',  ( 0.000000000000000000, 0.000000000000000000, -1.000000000000000000 ) ) ;
#3696 = LINE ( 'NONE', #4432, #5550 ) ;
#3697 = EDGE_CURVE ( 'NONE', #1360, #9106, #5313, .T. ) ;
#3698 = AXIS2_PLACEMENT_3D ( 'NONE', #9411, #4218, #1130 ) ;
#3699 = CIRCLE ( 'NONE', #4177, 0.1249999999999996808 ) ;
#3700 = CARTESIAN_POINT ( 'NONE',  ( -0.6249999999999996669, 0.1000000000000000472, -1.225000000000000755 ) ) ;
#3701 = DIRECTION ( 'NONE',  ( -1.000000000000000000, 0.000000000000000000, 7.885106708985511714E-16 ) ) ;
#3702 = ORIENTED_EDGE ( 'NONE', *, *, #7167, .T. ) ;
#3703 = VERTEX_POINT ( 'NONE', #8992 ) ;
#3704 = ORIENTED_EDGE ( 'NONE', *, *, #4609, .F. ) ;
#3705 = EDGE_CURVE ( 'NONE', #1736, #8589, #2294, .T. ) ;
#3706 = VECTOR ( 'NONE', #4189, 1000.000000000000000 ) ;
#3707 = CARTESIAN_POINT ( 'NONE',  ( -1.249999999999999334, 0.2000000000000000111, -1.225000000000000533 ) ) ;
#3708 = CARTESIAN_POINT ( 'NONE',  ( 0.6250000000000006661, 0.05000000000000000278, 1.450000000000000178 ) ) ;
#3709 = ADVANCED_FACE ( 'NONE', ( #8450 ), #1897, .T. ) ;
#3710 = EDGE_CURVE ( 'NONE', #2863, #1543, #4737, .T. ) ;
#3711 = AXIS2_PLACEMENT_3D ( 'NONE', #7685, #7938, #4251 ) ;
#3712 = CARTESIAN_POINT ( 'NONE',  ( -1.725000000000000755, 0.1999999999999999833, 0.8749999999999996669 ) ) ;
#3713 = EDGE_LOOP ( 'NONE', ( #3418, #9067, #7533, #1102 ) ) ;
#3714 = CARTESIAN_POINT ( 'NONE',  ( -0.3749999999999994449, 0.1999999999999999833, -1.500000000000000444 ) ) ;
#3715 = ORIENTED_EDGE ( 'NONE', *, *, #8299, .T. ) ;
#3716 = ORIENTED_EDGE ( 'NONE', *, *, #1365, .T. ) ;
#3717 = ORIENTED_EDGE ( 'NONE', *, *, #480, .F. ) ;
#3718 = CARTESIAN_POINT ( 'NONE',  ( 1.950000000000002176, 0.1000000000000000056, -1.450000000000000622 ) ) ;
#3719 = DIRECTION ( 'NONE',  ( 0.000000000000000000, 0.000000000000000000, 1.000000000000000000 ) ) ;
#3720 = DIRECTION ( 'NONE',  ( 0.000000000000000000, 1.000000000000000000, 0.000000000000000000 ) ) ;
#3721 = VECTOR ( 'NONE', #3946, 1000.000000000000000 ) ;
#3722 =( NAMED_UNIT ( * ) PLANE_ANGLE_UNIT ( ) SI_UNIT ( $, .RADIAN. ) );
#3723 = EDGE_LOOP ( 'NONE', ( #3751, #6172, #7720, #7229 ) ) ;
#3724 = PLANE ( 'NONE',  #5677 ) ;
#3725 = AXIS2_PLACEMENT_3D ( 'NONE', #4420, #6713, #7510 ) ;
#3726 = ORIENTED_EDGE ( 'NONE', *, *, #6788, .T. ) ;
#3727 = ORIENTED_EDGE ( 'NONE', *, *, #333, .F. ) ;
#3728 = LINE ( 'NONE', #4278, #5681 ) ;
#3729 = VECTOR ( 'NONE', #3012, 1000.000000000000000 ) ;
#3730 = LINE ( 'NONE', #8819, #8634 ) ;
#3731 = CARTESIAN_POINT ( 'NONE',  ( 2.000000000000000888, 0.1000000000000000472, -0.8749999999999994449 ) ) ;
#3732 = FACE_OUTER_BOUND ( 'NONE', #768, .T. ) ;
#3733 = ORIENTED_EDGE ( 'NONE', *, *, #626, .T. ) ;
#3734 = PLANE ( 'NONE',  #285 ) ;
#3735 = CARTESIAN_POINT ( 'NONE',  ( 2.000000000000000888, 0.1000000000000000472, 1.125000000000000444 ) ) ;
#3736 = VERTEX_POINT ( 'NONE', #7787 ) ;
#3737 = CARTESIAN_POINT ( 'NONE',  ( -0.8749999999999994449, 0.2000000000000000111, -1.500000000000000444 ) ) ;
#3738 = FACE_OUTER_BOUND ( 'NONE', #4092, .T. ) ;
#3739 = EDGE_CURVE ( 'NONE', #6981, #989, #2258, .T. ) ;
#3740 = CARTESIAN_POINT ( 'NONE',  ( 2.000000000000000000, 0.6716990566028313570, -0.1249999999999992506 ) ) ;
#3741 = ADVANCED_FACE ( 'NONE', ( #7080 ), #5515, .F. ) ;
#3742 = PLANE ( 'NONE',  #7340 ) ;
#3743 = ORIENTED_EDGE ( 'NONE', *, *, #7037, .F. ) ;
#3744 = ORIENTED_EDGE ( 'NONE', *, *, #4481, .F. ) ;
#3745 =( LENGTH_UNIT ( ) NAMED_UNIT ( * ) SI_UNIT ( .MILLI., .METRE. ) );
#3746 = CARTESIAN_POINT ( 'NONE',  ( -1.725000000000001199, 0.6716990566028312459, 0.9999999999999997780 ) ) ;
#3747 = DIRECTION ( 'NONE',  ( 0.000000000000000000, 0.000000000000000000, -1.000000000000000000 ) ) ;
#3748 = LINE ( 'NONE', #6689, #23 ) ;
#3749 = EDGE_CURVE ( 'NONE', #5384, #8062, #1160, .T. ) ;
#3750 = CARTESIAN_POINT ( 'NONE',  ( -1.725000000000000755, 0.6716990566028313570, 0.1250000000000006661 ) ) ;
#3751 = ORIENTED_EDGE ( 'NONE', *, *, #2617, .T. ) ;
#3752 = CARTESIAN_POINT ( 'NONE',  ( 0.7500000000000006661, 0.2000000000000000111, 1.100000000000000977 ) ) ;
#3753 = VERTEX_POINT ( 'NONE', #948 ) ;
#3754 = DIRECTION ( 'NONE',  ( 0.000000000000000000, -0.000000000000000000, -1.000000000000000000 ) ) ;
#3755 = ORIENTED_EDGE ( 'NONE', *, *, #227, .F. ) ;
#3756 = LINE ( 'NONE', #5901, #5704 ) ;
#3757 = EDGE_CURVE ( 'NONE', #9545, #3838, #6991, .T. ) ;
#3758 = FACE_OUTER_BOUND ( 'NONE', #5490, .T. ) ;
#3759 = EDGE_CURVE ( 'NONE', #3113, #9344, #1003, .T. ) ;
#3760 = CARTESIAN_POINT ( 'NONE',  ( 0.000000000000000000, 0.1000000000000000056, 0.000000000000000000 ) ) ;
#3761 = EDGE_CURVE ( 'NONE', #46, #4864, #5854, .T. ) ;
#3762 = CARTESIAN_POINT ( 'NONE',  ( 1.350000000000000089, 2.280865204668480750, 0.8499999999999997558 ) ) ;
#3763 = EDGE_LOOP ( 'NONE', ( #2901, #6904, #6661, #1266, #1553, #4578 ) ) ;
#3764 = FACE_OUTER_BOUND ( 'NONE', #6074, .T. ) ;
#3765 = VERTEX_POINT ( 'NONE', #6250 ) ;
#3766 = ORIENTED_EDGE ( 'NONE', *, *, #7955, .F. ) ;
#3767 = ADVANCED_FACE ( 'NONE', ( #418 ), #4051, .T. ) ;
#3768 = ORIENTED_EDGE ( 'NONE', *, *, #1129, .T. ) ;
#3769 = VECTOR ( 'NONE', #9214, 1000.000000000000000 ) ;
#3770 = DIRECTION ( 'NONE',  ( 0.000000000000000000, 0.000000000000000000, 1.000000000000000000 ) ) ;
#3771 = DIRECTION ( 'NONE',  ( 0.000000000000000000, 0.000000000000000000, -1.000000000000000000 ) ) ;
#3772 = DIRECTION ( 'NONE',  ( 0.000000000000000000, -1.000000000000000000, 0.000000000000000000 ) ) ;
#3773 = LINE ( 'NONE', #6762, #6280 ) ;
#3774 = VERTEX_POINT ( 'NONE', #7038 ) ;
#3775 = DIRECTION ( 'NONE',  ( -1.000000000000000000, 0.000000000000000000, 3.942553354492743531E-16 ) ) ;
#3776 = LINE ( 'NONE', #6864, #9313 ) ;
#3777 = EDGE_CURVE ( 'NONE', #6087, #2737, #3373, .T. ) ;
#3778 = ORIENTED_EDGE ( 'NONE', *, *, #480, .T. ) ;
#3779 = DIRECTION ( 'NONE',  ( 1.000000000000000000, 0.000000000000000000, -0.000000000000000000 ) ) ;
#3780 = DIRECTION ( 'NONE',  ( -1.000000000000000000, 0.000000000000000000, 3.154042683594199163E-15 ) ) ;
#3781 = VECTOR ( 'NONE', #4256, 1000.000000000000000 ) ;
#3782 = VECTOR ( 'NONE', #2130, 1000.000000000000000 ) ;
#3783 = CARTESIAN_POINT ( 'NONE',  ( 1.725000000000000755, 0.2000000000000000944, 0.6250000000000006661 ) ) ;
#3784 = EDGE_LOOP ( 'NONE', ( #3812, #7445, #4098, #2310 ) ) ;
#3785 = CARTESIAN_POINT ( 'NONE',  ( 2.000000000000000000, 0.1000000000000000472, -0.1249999999999992506 ) ) ;
#3786 = VERTEX_POINT ( 'NONE', #5616 ) ;
#3787 = ORIENTED_EDGE ( 'NONE', *, *, #9677, .T. ) ;
#3788 = VERTEX_POINT ( 'NONE', #3937 ) ;
#3789 = ADVANCED_FACE ( 'NONE', ( #321 ), #6399, .F. ) ;
#3790 = FILL_AREA_STYLE ('',( #5308 ) ) ;
#3791 = LINE ( 'NONE', #4640, #4293 ) ;
#3792 = DIRECTION ( 'NONE',  ( -0.000000000000000000, -1.000000000000000000, -0.000000000000000000 ) ) ;
#3793 = EDGE_CURVE ( 'NONE', #3024, #941, #3321, .T. ) ;
#3794 = CARTESIAN_POINT ( 'NONE',  ( 1.725000000000000755, 0.1000000000000000472, -0.3749999999999993339 ) ) ;
#3795 = VECTOR ( 'NONE', #8351, 1000.000000000000000 ) ;
#3796 = ORIENTED_EDGE ( 'NONE', *, *, #6859, .F. ) ;
#3797 = DIRECTION ( 'NONE',  ( -1.000000000000000000, 0.000000000000000000, -7.885106708985511714E-16 ) ) ;
#3798 = COLOUR_RGB ( '',0.7921568627450980005, 0.8196078431372548767, 0.9333333333333333481 ) ;
#3799 = ORIENTED_EDGE ( 'NONE', *, *, #6550, .F. ) ;
#3800 = EDGE_LOOP ( 'NONE', ( #4557, #1386, #9125, #5551 ) ) ;
#3801 = DIRECTION ( 'NONE',  ( 0.000000000000000000, 0.000000000000000000, 1.000000000000000000 ) ) ;
#3802 = DIRECTION ( 'NONE',  ( 0.000000000000000000, 0.000000000000000000, 1.000000000000000000 ) ) ;
#3803 = ADVANCED_FACE ( 'NONE', ( #9086 ), #7677, .F. ) ;
#3804 = DIRECTION ( 'NONE',  ( 3.154042683594198769E-15, 0.000000000000000000, 1.000000000000000000 ) ) ;
#3805 = EDGE_CURVE ( 'NONE', #7496, #7029, #6779, .T. ) ;
#3806 =( LENGTH_UNIT ( ) NAMED_UNIT ( * ) SI_UNIT ( .MILLI., .METRE. ) );
#3807 = AXIS2_PLACEMENT_3D ( 'NONE', #380, #5629, #1074 ) ;
#3808 = DIRECTION ( 'NONE',  ( 0.000000000000000000, -0.000000000000000000, -1.000000000000000000 ) ) ;
#3809 = VECTOR ( 'NONE', #8985, 1000.000000000000000 ) ;
#3810 = ADVANCED_FACE ( 'NONE', ( #4495 ), #2383, .F. ) ;
#3811 = CARTESIAN_POINT ( 'NONE',  ( -2.000000000000000888, 0.1000000000000002554, 1.500000000000000000 ) ) ;
#3812 = ORIENTED_EDGE ( 'NONE', *, *, #2965, .T. ) ;
#3813 = DIRECTION ( 'NONE',  ( -0.000000000000000000, -1.000000000000000000, -0.000000000000000000 ) ) ;
#3814 = AXIS2_PLACEMENT_3D ( 'NONE', #841, #3843, #5361 ) ;
#3815 = VERTEX_POINT ( 'NONE', #2291 ) ;
#3816 = ORIENTED_EDGE ( 'NONE', *, *, #1581, .T. ) ;
#3817 = VECTOR ( 'NONE', #5461, 1000.000000000000000 ) ;
#3818 = CIRCLE ( 'NONE', #6324, 0.1249999999999996808 ) ;
#3819 = ADVANCED_FACE ( 'NONE', ( #7526 ), #8300, .F. ) ;
#3820 = ORIENTED_EDGE ( 'NONE', *, *, #2028, .T. ) ;
#3821 = LINE ( 'NONE', #6020, #9271 ) ;
#3822 = AXIS2_PLACEMENT_3D ( 'NONE', #6330, #8484, #1044 ) ;
#3823 = VECTOR ( 'NONE', #8883, 1000.000000000000000 ) ;
#3824 = LINE ( 'NONE', #874, #1491 ) ;
#3825 = DIRECTION ( 'NONE',  ( 0.000000000000000000, 0.000000000000000000, -1.000000000000000000 ) ) ;
#3826 = CARTESIAN_POINT ( 'NONE',  ( 1.950000000000002176, 0.1000000000000000056, -1.450000000000000622 ) ) ;
#3827 = DIRECTION ( 'NONE',  ( 0.000000000000000000, -0.000000000000000000, -1.000000000000000000 ) ) ;
#3828 = VERTEX_POINT ( 'NONE', #751 ) ;
#3829 = CARTESIAN_POINT ( 'NONE',  ( -1.725000000000000755, 0.1999999999999999833, -0.3749999999999993339 ) ) ;
#3830 = AXIS2_PLACEMENT_3D ( 'NONE', #8816, #3592, #6565 ) ;
#3831 = DIRECTION ( 'NONE',  ( -1.000000000000000000, 0.000000000000000000, -3.942553354492743531E-16 ) ) ;
#3832 = AXIS2_PLACEMENT_3D ( 'NONE', #6395, #8692, #7233 ) ;
#3833 = VERTEX_POINT ( 'NONE', #8343 ) ;
#3834 = CARTESIAN_POINT ( 'NONE',  ( -0.8749999999999994449, 0.1000000000000000056, 1.450000000000000178 ) ) ;
#3835 = LINE ( 'NONE', #1632, #6171 ) ;
#3836 = AXIS2_PLACEMENT_3D ( 'NONE', #8330, #3255, #829 ) ;
#3837 = VECTOR ( 'NONE', #472, 1000.000000000000000 ) ;
#3838 = VERTEX_POINT ( 'NONE', #8986 ) ;
#3839 = ORIENTED_EDGE ( 'NONE', *, *, #4306, .F. ) ;
#3840 = VERTEX_POINT ( 'NONE', #123 ) ;
#3841 = ORIENTED_EDGE ( 'NONE', *, *, #4547, .T. ) ;
#3842 = DIRECTION ( 'NONE',  ( 0.000000000000000000, -0.000000000000000000, 1.000000000000000000 ) ) ;
#3843 = DIRECTION ( 'NONE',  ( 0.000000000000000000, 0.000000000000000000, 1.000000000000000000 ) ) ;
#3844 = STYLED_ITEM ( 'NONE', ( #1292 ), #7218 ) ;
#3845 = FACE_OUTER_BOUND ( 'NONE', #9160, .T. ) ;
#3846 = LINE ( 'NONE', #2434, #9134 ) ;
#3847 = ORIENTED_EDGE ( 'NONE', *, *, #4367, .F. ) ;
#3848 = DIRECTION ( 'NONE',  ( -3.154042683594199163E-15, 0.000000000000000000, 1.000000000000000000 ) ) ;
#3849 = CARTESIAN_POINT ( 'NONE',  ( -1.349999999999999867, 0.2000000000000000944, 0.8499999999999999778 ) ) ;
#3850 = VECTOR ( 'NONE', #4142, 1000.000000000000000 ) ;
#3851 = EDGE_LOOP ( 'NONE', ( #2488, #1288, #6423, #5055, #257, #4684 ) ) ;
#3852 = VERTEX_POINT ( 'NONE', #1693 ) ;
#3853 = PRESENTATION_STYLE_ASSIGNMENT (( #905 ) ) ;
#3854 =( NAMED_UNIT ( * ) PLANE_ANGLE_UNIT ( ) SI_UNIT ( $, .RADIAN. ) );
#3855 = CARTESIAN_POINT ( 'NONE',  ( 1.725000000000000311, 0.000000000000000000, 0.9999999999999995559 ) ) ;
#3856 = VECTOR ( 'NONE', #8768, 1000.000000000000000 ) ;
#3857 = DIRECTION ( 'NONE',  ( 0.000000000000000000, -0.000000000000000000, 1.000000000000000000 ) ) ;
#3858 = ORIENTED_EDGE ( 'NONE', *, *, #6159, .F. ) ;
#3859 = EDGE_CURVE ( 'NONE', #1593, #5387, #1626, .T. ) ;
#3860 = LINE ( 'NONE', #7893, #2402 ) ;
#3861 = ORIENTED_EDGE ( 'NONE', *, *, #7799, .T. ) ;
#3862 = ORIENTED_EDGE ( 'NONE', *, *, #8181, .T. ) ;
#3863 = ORIENTED_EDGE ( 'NONE', *, *, #349, .T. ) ;
#3864 = FACE_OUTER_BOUND ( 'NONE', #4615, .T. ) ;
#3865 = VECTOR ( 'NONE', #2650, 1000.000000000000000 ) ;
#3866 = DIRECTION ( 'NONE',  ( 0.000000000000000000, -1.000000000000000000, 0.000000000000000000 ) ) ;
#3867 = CARTESIAN_POINT ( 'NONE',  ( 2.000000000000000000, 0.6716990566028313570, 0.3750000000000007772 ) ) ;
#3868 = ADVANCED_FACE ( 'NONE', ( #66 ), #9132, .F. ) ;
#3869 = ORIENTED_EDGE ( 'NONE', *, *, #3873, .T. ) ;
#3870 = FACE_OUTER_BOUND ( 'NONE', #2376, .T. ) ;
#3871 = DIRECTION ( 'NONE',  ( 0.000000000000000000, 0.000000000000000000, 1.000000000000000000 ) ) ;
#3872 = VECTOR ( 'NONE', #6130, 1000.000000000000000 ) ;
#3873 = EDGE_CURVE ( 'NONE', #4451, #7041, #3791, .T. ) ;
#3874 = ORIENTED_EDGE ( 'NONE', *, *, #5450, .F. ) ;
#3875 = DIRECTION ( 'NONE',  ( 1.000000000000000000, -0.000000000000000000, 3.942553354492743531E-16 ) ) ;
#3876 = ADVANCED_FACE ( 'NONE', ( #3219 ), #5267, .T. ) ;
#3877 = FACE_OUTER_BOUND ( 'NONE', #5699, .T. ) ;
#3878 = PRESENTATION_STYLE_ASSIGNMENT (( #4631 ) ) ;
#3879 = EDGE_CURVE ( 'NONE', #4686, #4392, #6832, .T. ) ;
#3880 =( NAMED_UNIT ( * ) PLANE_ANGLE_UNIT ( ) SI_UNIT ( $, .RADIAN. ) );
#3881 = ORIENTED_EDGE ( 'NONE', *, *, #278, .T. ) ;
#3882 = CARTESIAN_POINT ( 'NONE',  ( 1.725000000000000755, 0.05000000000000023870, 0.6250000000000006661 ) ) ;
#3883 = EDGE_LOOP ( 'NONE', ( #7068, #407, #2453, #7874, #6621 ) ) ;
#3884 = ORIENTED_EDGE ( 'NONE', *, *, #4668, .T. ) ;
#3885 = DIRECTION ( 'NONE',  ( -1.000000000000000000, 0.000000000000000000, 3.942553354492743531E-16 ) ) ;
#3886 = ORIENTED_EDGE ( 'NONE', *, *, #6681, .F. ) ;
#3887 = DIRECTION ( 'NONE',  ( 0.000000000000000000, 1.000000000000000000, 0.000000000000000000 ) ) ;
#3888 = DIRECTION ( 'NONE',  ( 0.000000000000000000, 0.000000000000000000, -1.000000000000000000 ) ) ;
#3889 = DIRECTION ( 'NONE',  ( 0.000000000000000000, -1.000000000000000000, 0.000000000000000000 ) ) ;
#3890 = ORIENTED_EDGE ( 'NONE', *, *, #2261, .T. ) ;
#3891 = DIRECTION ( 'NONE',  ( 1.577021341797097018E-15, 0.000000000000000000, -1.000000000000000000 ) ) ;
#3892 = CARTESIAN_POINT ( 'NONE',  ( 1.375000000000001332, 0.1000000000000002554, 1.499999999999999556 ) ) ;
#3893 = CLOSED_SHELL ( 'NONE', ( #4523, #9511, #3684, #5836, #2067, #6269, #4073, #3207 ) ) ;
#3894 = VERTEX_POINT ( 'NONE', #5414 ) ;
#3895 = ORIENTED_EDGE ( 'NONE', *, *, #3077, .F. ) ;
#3896 = VERTEX_POINT ( 'NONE', #6932 ) ;
#3897 = LINE ( 'NONE', #9145, #833 ) ;
#3898 = FACE_OUTER_BOUND ( 'NONE', #7545, .T. ) ;
#3899 = CARTESIAN_POINT ( 'NONE',  ( -1.950000000000001066, 0.000000000000000000, -0.6249999999999992228 ) ) ;
#3900 = PRESENTATION_STYLE_ASSIGNMENT (( #4654 ) ) ;
#3901 = FACE_OUTER_BOUND ( 'NONE', #1060, .T. ) ;
#3902 = CARTESIAN_POINT ( 'NONE',  ( 2.000000000000000888, 0.6716990566028312459, 1.125000000000000666 ) ) ;
#3903 = ORIENTED_EDGE ( 'NONE', *, *, #9494, .F. ) ;
#3904 = DIRECTION ( 'NONE',  ( 0.000000000000000000, -0.000000000000000000, 1.000000000000000000 ) ) ;
#3905 = ORIENTED_EDGE ( 'NONE', *, *, #4532, .T. ) ;
#3906 = ORIENTED_EDGE ( 'NONE', *, *, #9220, .T. ) ;
#3907 = DIRECTION ( 'NONE',  ( 0.000000000000000000, 0.000000000000000000, 1.000000000000000000 ) ) ;
#3908 = ORIENTED_EDGE ( 'NONE', *, *, #6398, .T. ) ;
#3909 = EDGE_CURVE ( 'NONE', #8098, #4409, #4688, .T. ) ;
#3910 = FACE_OUTER_BOUND ( 'NONE', #9408, .T. ) ;
#3911 = PLANE ( 'NONE',  #6184 ) ;
#3912 = PLANE ( 'NONE',  #5605 ) ;
#3913 = CARTESIAN_POINT ( 'NONE',  ( 1.725000000000000311, 0.6716990566028313570, -4.336808689942017736E-16 ) ) ;
#3914 = ADVANCED_FACE ( 'NONE', ( #6198 ), #9188, .F. ) ;
#3915 = ORIENTED_EDGE ( 'NONE', *, *, #8893, .F. ) ;
#3916 = PLANE ( 'NONE',  #8675 ) ;
#3917 = PLANE ( 'NONE',  #9335 ) ;
#3918 = VECTOR ( 'NONE', #2690, 1000.000000000000000 ) ;
#3919 = ORIENTED_EDGE ( 'NONE', *, *, #9316, .T. ) ;
#3920 = DIRECTION ( 'NONE',  ( 1.577021341797097215E-15, 0.000000000000000000, -1.000000000000000000 ) ) ;
#3921 = ADVANCED_FACE ( 'NONE', ( #5470 ), #1894, .F. ) ;
#3922 = PLANE ( 'NONE',  #4605 ) ;
#3923 = EDGE_CURVE ( 'NONE', #9037, #9126, #4197, .T. ) ;
#3924 = EDGE_LOOP ( 'NONE', ( #3187, #2259, #5330, #3082 ) ) ;
#3925 = LINE ( 'NONE', #3211, #8388 ) ;
#3926 = LINE ( 'NONE', #2422, #6021 ) ;
#3927 = CARTESIAN_POINT ( 'NONE',  ( 0.8750000000000011102, 0.6716990566028301357, 1.450000000000000178 ) ) ;
#3928 = ORIENTED_EDGE ( 'NONE', *, *, #9533, .T. ) ;
#3929 = CYLINDRICAL_SURFACE ( 'NONE', #9514, 0.1250000000000000555 ) ;
#3930 = ORIENTED_EDGE ( 'NONE', *, *, #7836, .T. ) ;
#3931 = FACE_OUTER_BOUND ( 'NONE', #9036, .T. ) ;
#3932 = ADVANCED_FACE ( 'NONE', ( #2632 ), #2677, .F. ) ;
#3933 = CARTESIAN_POINT ( 'NONE',  ( 1.725000000000000755, 0.1999999999999999833, 0.1250000000000006661 ) ) ;
#3934 = DIRECTION ( 'NONE',  ( -0.000000000000000000, -1.000000000000000000, 0.000000000000000000 ) ) ;
#3935 = AXIS2_PLACEMENT_3D ( 'NONE', #9620, #8774, #2911 ) ;
#3936 = CARTESIAN_POINT ( 'NONE',  ( 1.250000000000000666, 0.2000000000000000111, 1.100000000000000977 ) ) ;
#3937 = CARTESIAN_POINT ( 'NONE',  ( -1.124999999999999334, 0.1000000000000000056, 1.450000000000000178 ) ) ;
#3938 = ORIENTED_EDGE ( 'NONE', *, *, #6737, .T. ) ;
#3939 = CARTESIAN_POINT ( 'NONE',  ( -0.2499999999999993616, 0.2000000000000000111, -1.225000000000000533 ) ) ;
#3940 = CARTESIAN_POINT ( 'NONE',  ( -0.3749999999999993894, 0.1000000000000000056, -1.450000000000000622 ) ) ;
#3941 = VECTOR ( 'NONE', #5545, 1000.000000000000000 ) ;
#3942 = ORIENTED_EDGE ( 'NONE', *, *, #2143, .T. ) ;
#3943 = VERTEX_POINT ( 'NONE', #5707 ) ;
#3944 = ORIENTED_EDGE ( 'NONE', *, *, #9639, .F. ) ;
#3945 = DIRECTION ( 'NONE',  ( 1.000000000000000000, -0.000000000000000000, 3.942553354492742545E-16 ) ) ;
#3946 = DIRECTION ( 'NONE',  ( 0.000000000000000000, -0.000000000000000000, 1.000000000000000000 ) ) ;
#3947 = CARTESIAN_POINT ( 'NONE',  ( 1.375000000000001110, 0.000000000000000000, -1.450000000000000622 ) ) ;
#3948 = DIRECTION ( 'NONE',  ( -1.000000000000000000, 0.000000000000000000, 0.000000000000000000 ) ) ;
#3949 = VECTOR ( 'NONE', #4473, 1000.000000000000000 ) ;
#3950 = AXIS2_PLACEMENT_3D ( 'NONE', #89, #2306, #3092 ) ;
#3951 = PLANE ( 'NONE',  #1783 ) ;
#3952 = EDGE_LOOP ( 'NONE', ( #7385, #4971, #9378, #6231 ) ) ;
#3953 = CARTESIAN_POINT ( 'NONE',  ( 1.950000000000002176, 0.000000000000000000, 0.3749999999999994449 ) ) ;
#3954 = EDGE_CURVE ( 'NONE', #7170, #1319, #9342, .T. ) ;
#3955 = EDGE_LOOP ( 'NONE', ( #2270, #2423, #6720, #3401, #9669, #3143 ) ) ;
#3956 = ORIENTED_EDGE ( 'NONE', *, *, #2768, .T. ) ;
#3957 = VECTOR ( 'NONE', #3570, 1000.000000000000000 ) ;
#3958 = COLOUR_RGB ( '',0.7921568627450980005, 0.8196078431372548767, 0.9333333333333333481 ) ;
#3959 = DIRECTION ( 'NONE',  ( -3.942553354492743531E-16, 0.000000000000000000, -1.000000000000000000 ) ) ;
#3960 = ORIENTED_EDGE ( 'NONE', *, *, #3693, .F. ) ;
#3961 = CARTESIAN_POINT ( 'NONE',  ( 1.725000000000000311, 0.000000000000000000, -0.5000000000000004441 ) ) ;
#3962 = UNCERTAINTY_MEASURE_WITH_UNIT (LENGTH_MEASURE( 1.000000000000000082E-05 ), #9040, 'distance_accuracy_value', 'NONE');
#3963 = FACE_OUTER_BOUND ( 'NONE', #2875, .T. ) ;
#3964 = CARTESIAN_POINT ( 'NONE',  ( -0.1500000000000000222, 0.000000000000000000, -0.8499999999999999778 ) ) ;
#3965 = MECHANICAL_DESIGN_GEOMETRIC_PRESENTATION_REPRESENTATION (  '', ( #372 ), #3506 ) ;
#3966 = ORIENTED_EDGE ( 'NONE', *, *, #6735, .T. ) ;
#3967 = CARTESIAN_POINT ( 'NONE',  ( 1.349999999999999645, 0.2000000000000000944, -0.8500000000000001998 ) ) ;
#3968 = ADVANCED_FACE ( 'NONE', ( #4048 ), #3270, .T. ) ;
#3969 = FACE_OUTER_BOUND ( 'NONE', #2154, .T. ) ;
#3970 = VECTOR ( 'NONE', #5982, 1000.000000000000000 ) ;
#3971 = ORIENTED_EDGE ( 'NONE', *, *, #7147, .T. ) ;
#3972 = LINE ( 'NONE', #109, #2917 ) ;
#3973 = VECTOR ( 'NONE', #5417, 1000.000000000000000 ) ;
#3974 = ORIENTED_EDGE ( 'NONE', *, *, #503, .F. ) ;
#3976 = EDGE_CURVE ( 'NONE', #8662, #5799, #7872, .T. ) ;
#3975 = CARTESIAN_POINT ( 'NONE',  ( -0.2499999999999993616, 0.6716990566028301357, 1.225000000000000533 ) ) ;
#3977 = FACE_BOUND ( 'NONE', #3186, .T. ) ;
#3978 = VECTOR ( 'NONE', #9113, 1000.000000000000000 ) ;
#3979 = MANIFOLD_SOLID_BREP ( 'Cut-Extrude7[7]', #7505 ) ;
#3980 = AXIS2_PLACEMENT_3D ( 'NONE', #4878, #8641, #6249 ) ;
#3981 = ADVANCED_FACE ( 'NONE', ( #3454 ), #6434, .T. ) ;
#3982 = ADVANCED_FACE ( 'NONE', ( #3370 ), #2728, .F. ) ;
#3983 = AXIS2_PLACEMENT_3D ( 'NONE', #893, #6196, #9237 ) ;
#3984 = ORIENTED_EDGE ( 'NONE', *, *, #8564, .F. ) ;
#3985 = CARTESIAN_POINT ( 'NONE',  ( 1.950000000000002176, 0.000000000000000000, 0.1250000000000005829 ) ) ;
#3986 = CARTESIAN_POINT ( 'NONE',  ( 1.375000000000001332, 0.2000000000000000111, -1.500000000000000444 ) ) ;
#3987 = VERTEX_POINT ( 'NONE', #270 ) ;
#3988 = ORIENTED_EDGE ( 'NONE', *, *, #1218, .F. ) ;
#3989 = CARTESIAN_POINT ( 'NONE',  ( -0.1249999999999988065, 0.1000000000000000056, -1.450000000000000622 ) ) ;
#3990 = ORIENTED_EDGE ( 'NONE', *, *, #2033, .F. ) ;
#3991 = CARTESIAN_POINT ( 'NONE',  ( 1.125000000000000666, 0.2000000000000000111, -1.450000000000000622 ) ) ;
#3992 = DIRECTION ( 'NONE',  ( -1.000000000000000000, 0.000000000000000000, 0.000000000000000000 ) ) ;
#3993 = CARTESIAN_POINT ( 'NONE',  ( -1.249999999999999334, 0.2000000000000000111, 1.225000000000000533 ) ) ;
#3994 = ADVANCED_FACE ( 'NONE', ( #2527 ), #8501, .T. ) ;
#3995 = FACE_OUTER_BOUND ( 'NONE', #7114, .T. ) ;
#3996 = VECTOR ( 'NONE', #7318, 1000.000000000000000 ) ;
#3997 = AXIS2_PLACEMENT_3D ( 'NONE', #564, #2194, #4443 ) ;
#3998 = CARTESIAN_POINT ( 'NONE',  ( 0.000000000000000000, 0.1000000000000000056, 0.000000000000000000 ) ) ;
#3999 = ORIENTED_EDGE ( 'NONE', *, *, #6748, .F. ) ;
#4000 = DIRECTION ( 'NONE',  ( 0.000000000000000000, 0.000000000000000000, 1.000000000000000000 ) ) ;
#4001 = DIRECTION ( 'NONE',  ( 0.000000000000000000, 1.000000000000000000, 0.000000000000000000 ) ) ;
#4002 = EDGE_CURVE ( 'NONE', #7100, #8563, #4786, .T. ) ;
#4003 = CARTESIAN_POINT ( 'NONE',  ( -6.899468370362316093E-16, 0.05000000000000000278, 0.8749999999999991118 ) ) ;
#4004 = MANIFOLD_SOLID_BREP ( 'Cut-Extrude7[4]', #5780 ) ;
#4005 = VERTEX_POINT ( 'NONE', #8148 ) ;
#4006 = ORIENTED_EDGE ( 'NONE', *, *, #2660, .F. ) ;
#4007 = VECTOR ( 'NONE', #3792, 1000.000000000000000 ) ;
#4008 = AXIS2_PLACEMENT_3D ( 'NONE', #1759, #9362, #5636 ) ;
#4009 = CARTESIAN_POINT ( 'NONE',  ( -0.3749999999999994449, 0.2000000000000000111, 1.500000000000000444 ) ) ;
#4010 = CYLINDRICAL_SURFACE ( 'NONE', #9191, 0.1249999999999996808 ) ;
#4012 = EDGE_CURVE ( 'NONE', #8231, #2737, #1054, .T. ) ;
#4011 = DIRECTION ( 'NONE',  ( 0.000000000000000000, 0.000000000000000000, 1.000000000000000000 ) ) ;
#4013 = CARTESIAN_POINT ( 'NONE',  ( -0.6249999999999987788, 0.1000000000000000056, -1.450000000000000622 ) ) ;
#4014 = ADVANCED_FACE ( 'NONE', ( #2782 ), #8061, .T. ) ;
#4015 = AXIS2_PLACEMENT_3D ( 'NONE', #6632, #2970, #2477 ) ;
#4016 = CARTESIAN_POINT ( 'NONE',  ( -1.950000000000001066, 0.1000000000000000056, 0.8750000000000009992 ) ) ;
#4017 = ORIENTED_EDGE ( 'NONE', *, *, #978, .F. ) ;
#4018 = CARTESIAN_POINT ( 'NONE',  ( 0.8750000000000003331, 0.1000000000000000056, 1.225000000000000755 ) ) ;
#4019 = EDGE_CURVE ( 'NONE', #7335, #3083, #3696, .T. ) ;
#4020 = DIRECTION ( 'NONE',  ( -1.000000000000000000, -0.000000000000000000, 7.885106708985509741E-16 ) ) ;
#4021 = VERTEX_POINT ( 'NONE', #2964 ) ;
#4022 = EDGE_LOOP ( 'NONE', ( #6951, #1208, #3027, #7055 ) ) ;
#4023 = VECTOR ( 'NONE', #6868, 1000.000000000000000 ) ;
#4024 = DIRECTION ( 'NONE',  ( 0.000000000000000000, -0.000000000000000000, -1.000000000000000000 ) ) ;
#4025 = VERTEX_POINT ( 'NONE', #5850 ) ;
#4026 = MANIFOLD_SOLID_BREP ( 'Cut-Extrude7[16]', #8598 ) ;
#4027 = PLANE ( 'NONE',  #8704 ) ;
#4028 = CARTESIAN_POINT ( 'NONE',  ( 2.000000000000000000, 0.1999999999999999833, 0.8750000000000007772 ) ) ;
#4029 = DIRECTION ( 'NONE',  ( 0.000000000000000000, -1.000000000000000000, 0.000000000000000000 ) ) ;
#4030 = VECTOR ( 'NONE', #216, 1000.000000000000000 ) ;
#4031 = VERTEX_POINT ( 'NONE', #8781 ) ;
#4032 = LINE ( 'NONE', #4865, #2420 ) ;
#4033 =( NAMED_UNIT ( * ) PLANE_ANGLE_UNIT ( ) SI_UNIT ( $, .RADIAN. ) );
#4034 = ORIENTED_EDGE ( 'NONE', *, *, #4406, .F. ) ;
#4035 = DIRECTION ( 'NONE',  ( 1.000000000000000000, -0.000000000000000000, -0.000000000000000000 ) ) ;
#4036 = ORIENTED_EDGE ( 'NONE', *, *, #31, .F. ) ;
#4037 = PLANE ( 'NONE',  #1792 ) ;
#4038 = DIRECTION ( 'NONE',  ( -0.000000000000000000, -1.000000000000000000, -0.000000000000000000 ) ) ;
#4039 = VECTOR ( 'NONE', #5293, 1000.000000000000000 ) ;
#4040 = STYLED_ITEM ( 'NONE', ( #6773 ), #3627 ) ;
#4041 = DIRECTION ( 'NONE',  ( -3.154042683594198769E-15, -0.000000000000000000, -1.000000000000000000 ) ) ;
#4042 = CARTESIAN_POINT ( 'NONE',  ( -1.725000000000000755, 0.6716990566028313570, 0.6250000000000006661 ) ) ;
#4043 = ORIENTED_EDGE ( 'NONE', *, *, #5956, .F. ) ;
#4044 = DIRECTION ( 'NONE',  ( 0.000000000000000000, -1.000000000000000000, 0.000000000000000000 ) ) ;
#4045 = ORIENTED_EDGE ( 'NONE', *, *, #2928, .F. ) ;
#4046 = DIRECTION ( 'NONE',  ( 1.577021341797097018E-15, 0.000000000000000000, 1.000000000000000000 ) ) ;
#4047 = DIRECTION ( 'NONE',  ( 1.000000000000000000, 0.000000000000000000, -3.942553354492743531E-16 ) ) ;
#4048 = FACE_OUTER_BOUND ( 'NONE', #8143, .T. ) ;
#4049 = EDGE_CURVE ( 'NONE', #9661, #6146, #8111, .T. ) ;
#4050 = COLOUR_RGB ( '',0.7921568627450980005, 0.8196078431372548767, 0.9333333333333333481 ) ;
#4051 = PLANE ( 'NONE',  #6950 ) ;
#4052 = ORIENTED_EDGE ( 'NONE', *, *, #5633, .F. ) ;
#4053 = CARTESIAN_POINT ( 'NONE',  ( -1.950000000000001066, 0.1000000000000000056, 0.3750000000000007772 ) ) ;
#4054 = ADVANCED_FACE ( 'NONE', ( #9630 ), #5025, .F. ) ;
#4055 = ORIENTED_EDGE ( 'NONE', *, *, #8263, .T. ) ;
#4056 = CARTESIAN_POINT ( 'NONE',  ( -1.606107883817426973, 0.8000000000000000444, -1.099419087136932704 ) ) ;
#4057 = VERTEX_POINT ( 'NONE', #1296 ) ;
#4058 = VERTEX_POINT ( 'NONE', #498 ) ;
#4059 = LINE ( 'NONE', #6845, #7694 ) ;
#4060 = FACE_OUTER_BOUND ( 'NONE', #4815, .T. ) ;
#4061 = DIRECTION ( 'NONE',  ( 1.000000000000000000, 0.000000000000000000, -1.577021341797097215E-15 ) ) ;
#4062 = CARTESIAN_POINT ( 'NONE',  ( 2.000000000000000888, 0.1999999999999999833, -0.8749999999999994449 ) ) ;
#4063 = EDGE_CURVE ( 'NONE', #812, #9102, #3116, .T. ) ;
#4064 = AXIS2_PLACEMENT_3D ( 'NONE', #4319, #7315, #575 ) ;
#4065 = DIRECTION ( 'NONE',  ( 0.000000000000000000, 0.000000000000000000, 1.000000000000000000 ) ) ;
#4066 = DIRECTION ( 'NONE',  ( -0.000000000000000000, -1.000000000000000000, 0.000000000000000000 ) ) ;
#4067 = ORIENTED_EDGE ( 'NONE', *, *, #4110, .F. ) ;
#4068 = FACE_OUTER_BOUND ( 'NONE', #2525, .T. ) ;
#4069 = ADVANCED_FACE ( 'NONE', ( #2325 ), #9029, .T. ) ;
#4070 = ORIENTED_EDGE ( 'NONE', *, *, #7298, .T. ) ;
#4071 = DIRECTION ( 'NONE',  ( 1.000000000000000000, 0.000000000000000000, -3.942553354492742545E-16 ) ) ;
#4072 = ORIENTED_EDGE ( 'NONE', *, *, #5960, .T. ) ;
#4073 = ADVANCED_FACE ( 'NONE', ( #3738 ), #8247, .T. ) ;
#4074 = CYLINDRICAL_SURFACE ( 'NONE', #2371, 0.1529626556016593086 ) ;
#4075 = EDGE_LOOP ( 'NONE', ( #4052, #5266, #4753, #4797 ) ) ;
#4076 = ADVANCED_FACE ( 'NONE', ( #54 ), #112, .T. ) ;
#4077 = DIRECTION ( 'NONE',  ( 0.000000000000000000, -0.000000000000000000, -1.000000000000000000 ) ) ;
#4078 = UNCERTAINTY_MEASURE_WITH_UNIT (LENGTH_MEASURE( 1.000000000000000082E-05 ), #2227, 'distance_accuracy_value', 'NONE');
#4079 = CARTESIAN_POINT ( 'NONE',  ( -1.124999999999998890, 0.2000000000000000111, 1.500000000000000444 ) ) ;
#4080 = CARTESIAN_POINT ( 'NONE',  ( 2.000000000000000888, 0.1999999999999999833, 1.125000000000000666 ) ) ;
#4081 = VERTEX_POINT ( 'NONE', #4680 ) ;
#4082 = PLANE ( 'NONE',  #3519 ) ;
#4083 = LINE ( 'NONE', #7217, #1998 ) ;
#4084 = CARTESIAN_POINT ( 'NONE',  ( -2.000000000000000888, 0.6716990566028313570, -0.8749999999999994449 ) ) ;
#4085 = ORIENTED_EDGE ( 'NONE', *, *, #6596, .F. ) ;
#4086 = ORIENTED_EDGE ( 'NONE', *, *, #3516, .F. ) ;
#4087 = DIRECTION ( 'NONE',  ( -0.000000000000000000, 1.000000000000000000, -0.000000000000000000 ) ) ;
#4088 = FACE_OUTER_BOUND ( 'NONE', #3356, .T. ) ;
#4089 = DIRECTION ( 'NONE',  ( 0.000000000000000000, -1.000000000000000000, 0.000000000000000000 ) ) ;
#4090 = MANIFOLD_SOLID_BREP ( 'Cut-Extrude7[18]', #7033 ) ;
#4091 = ADVANCED_FACE ( 'NONE', ( #2281 ), #4482, .T. ) ;
#4092 = EDGE_LOOP ( 'NONE', ( #9285, #2663, #7870, #6244 ) ) ;
#4093 = CARTESIAN_POINT ( 'NONE',  ( -0.6249999999999996669, 0.6716990566028301357, -1.225000000000000755 ) ) ;
#4094 = CARTESIAN_POINT ( 'NONE',  ( -1.249999999999999334, 0.2000000000000000111, -1.225000000000000533 ) ) ;
#4095 = ORIENTED_EDGE ( 'NONE', *, *, #8770, .T. ) ;
#4096 = LINE ( 'NONE', #8776, #1367 ) ;
#4097 = FACE_OUTER_BOUND ( 'NONE', #9080, .T. ) ;
#4098 = ORIENTED_EDGE ( 'NONE', *, *, #7067, .T. ) ;
#4099 = FACE_OUTER_BOUND ( 'NONE', #8020, .T. ) ;
#4100 = FILL_AREA_STYLE ('',( #1105 ) ) ;
#4101 = CARTESIAN_POINT ( 'NONE',  ( -2.000000000000000888, 0.1000000000000002554, -0.8749999999999994449 ) ) ;
#4102 = LINE ( 'NONE', #1107, #4305 ) ;
#4103 = DIRECTION ( 'NONE',  ( 0.000000000000000000, -1.000000000000000000, 0.000000000000000000 ) ) ;
#4104 = CARTESIAN_POINT ( 'NONE',  ( 1.950000000000002176, 0.1000000000000000056, -1.450000000000000622 ) ) ;
#4105 = ADVANCED_FACE ( 'NONE', ( #9228 ), #5650, .F. ) ;
#4106 = EDGE_LOOP ( 'NONE', ( #1833, #2181, #3988, #7910 ) ) ;
#4107 = CARTESIAN_POINT ( 'NONE',  ( 1.999999999999999112, 0.1000000000000002554, 0.3750000000000007772 ) ) ;
#4108 = DIRECTION ( 'NONE',  ( -0.000000000000000000, 0.000000000000000000, -1.000000000000000000 ) ) ;
#4109 = LINE ( 'NONE', #4062, #9268 ) ;
#4110 = EDGE_CURVE ( 'NONE', #9631, #9007, #2669, .T. ) ;
#4111 = CARTESIAN_POINT ( 'NONE',  ( 0.6250000000000005551, 0.1000000000000000472, 1.500000000000000444 ) ) ;
#4112 = VECTOR ( 'NONE', #4941, 1000.000000000000000 ) ;
#4113 = ORIENTED_EDGE ( 'NONE', *, *, #6121, .F. ) ;
#4114 = LINE ( 'NONE', #2544, #9440 ) ;
#4115 = AXIS2_PLACEMENT_3D ( 'NONE', #8184, #5887, #3681 ) ;
#4116 = DIRECTION ( 'NONE',  ( 0.000000000000000000, 1.000000000000000000, 0.000000000000000000 ) ) ;
#4117 = VERTEX_POINT ( 'NONE', #4771 ) ;
#4118 = EDGE_CURVE ( 'NONE', #9010, #9398, #9468, .T. ) ;
#4119 = EDGE_LOOP ( 'NONE', ( #7757, #2548, #3344, #2178 ) ) ;
#4120 = EDGE_CURVE ( 'NONE', #8243, #430, #7774, .T. ) ;
#4121 = LINE ( 'NONE', #1625, #2623 ) ;
#4122 = FACE_OUTER_BOUND ( 'NONE', #5950, .T. ) ;
#4123 = EDGE_LOOP ( 'NONE', ( #7102, #4545, #7422, #9391, #2534, #4357 ) ) ;
#4124 = VECTOR ( 'NONE', #7323, 1000.000000000000000 ) ;
#4125 = CARTESIAN_POINT ( 'NONE',  ( -0.3749999999999990563, 0.6716990566028301357, 1.225000000000000311 ) ) ;
#4126 = EDGE_CURVE ( 'NONE', #601, #2260, #4185, .T. ) ;
#4127 = DIRECTION ( 'NONE',  ( 3.469446951953617739E-15, 0.000000000000000000, 1.000000000000000000 ) ) ;
#4128 = LINE ( 'NONE', #4908, #8486 ) ;
#4129 = VECTOR ( 'NONE', #1699, 1000.000000000000000 ) ;
#4130 = EDGE_LOOP ( 'NONE', ( #6534, #5642, #4299, #5237 ) ) ;
#4131 = EDGE_CURVE ( 'NONE', #1709, #3786, #3358, .T. ) ;
#4132 = AXIS2_PLACEMENT_3D ( 'NONE', #7001, #7148, #4208 ) ;
#4133 = EDGE_LOOP ( 'NONE', ( #6455, #7967 ) ) ;
#4134 = ORIENTED_EDGE ( 'NONE', *, *, #7366, .F. ) ;
#4135 = LINE ( 'NONE', #8540, #2236 ) ;
#4136 = CARTESIAN_POINT ( 'NONE',  ( -1.725000000000000755, 0.1000000000000000472, -0.8749999999999993339 ) ) ;
#4137 = VECTOR ( 'NONE', #2496, 1000.000000000000000 ) ;
#4138 = AXIS2_PLACEMENT_3D ( 'NONE', #5204, #8879, #2963 ) ;
#4139 = LINE ( 'NONE', #7124, #350 ) ;
#4140 = AXIS2_PLACEMENT_3D ( 'NONE', #5270, #169, #2339 ) ;
#4141 = ORIENTED_EDGE ( 'NONE', *, *, #1865, .F. ) ;
#4142 = DIRECTION ( 'NONE',  ( -1.577021341797097018E-15, 0.000000000000000000, -1.000000000000000000 ) ) ;
#4143 = VERTEX_POINT ( 'NONE', #4723 ) ;
#4144 = CARTESIAN_POINT ( 'NONE',  ( -1.249999999999999334, 0.6716990566028301357, 1.225000000000000533 ) ) ;
#4145 = VECTOR ( 'NONE', #200, 1000.000000000000000 ) ;
#4146 = DIRECTION ( 'NONE',  ( -0.000000000000000000, -1.000000000000000000, -0.000000000000000000 ) ) ;
#4147 = ORIENTED_EDGE ( 'NONE', *, *, #8612, .T. ) ;
#4148 = CARTESIAN_POINT ( 'NONE',  ( 0.6250000000000005551, 0.1000000000000000472, 1.500000000000000444 ) ) ;
#4149 =( NAMED_UNIT ( * ) PLANE_ANGLE_UNIT ( ) SI_UNIT ( $, .RADIAN. ) );
#4150 = ORIENTED_EDGE ( 'NONE', *, *, #8373, .T. ) ;
#4151 = STYLED_ITEM ( 'NONE', ( #4926 ), #3979 ) ;
#4152 = CARTESIAN_POINT ( 'NONE',  ( -1.124999999999999778, 0.2000000000000000111, -1.225000000000000755 ) ) ;
#4153 = VECTOR ( 'NONE', #2362, 1000.000000000000000 ) ;
#4154 = DIRECTION ( 'NONE',  ( 1.084202172485504681E-16, -0.000000000000000000, 1.000000000000000000 ) ) ;
#4155 = DIRECTION ( 'NONE',  ( 0.000000000000000000, -0.000000000000000000, 1.000000000000000000 ) ) ;
#4156 = FACE_OUTER_BOUND ( 'NONE', #2700, .T. ) ;
#4157 = ORIENTED_EDGE ( 'NONE', *, *, #2693, .T. ) ;
#4158 = EDGE_LOOP ( 'NONE', ( #5004, #7609, #6051, #8110 ) ) ;
#4159 = DIRECTION ( 'NONE',  ( 0.000000000000000000, 0.000000000000000000, 1.000000000000000000 ) ) ;
#4160 = DIRECTION ( 'NONE',  ( 7.885106708985511714E-16, -0.000000000000000000, 1.000000000000000000 ) ) ;
#4161 = SURFACE_STYLE_FILL_AREA ( #4888 ) ;
#4162 = VECTOR ( 'NONE', #2676, 1000.000000000000000 ) ;
#4163 = VECTOR ( 'NONE', #8322, 1000.000000000000000 ) ;
#4164 = PLANE ( 'NONE',  #210 ) ;
#4165 = CARTESIAN_POINT ( 'NONE',  ( 0.7500000000000006661, 0.2000000000000000111, 1.225000000000000533 ) ) ;
#4166 = ORIENTED_EDGE ( 'NONE', *, *, #7057, .T. ) ;
#4167 = DIRECTION ( 'NONE',  ( -0.000000000000000000, -1.000000000000000000, -0.000000000000000000 ) ) ;
#4168 = CIRCLE ( 'NONE', #1652, 0.1249999999999996808 ) ;
#4169 = EDGE_LOOP ( 'NONE', ( #4650, #9597, #6318, #4413, #8437, #5774 ) ) ;
#4170 = ORIENTED_EDGE ( 'NONE', *, *, #2261, .F. ) ;
#4171 = CARTESIAN_POINT ( 'NONE',  ( -1.950000000000001066, 0.1000000000000000056, 0.8750000000000009992 ) ) ;
#4172 = PLANE ( 'NONE',  #9596 ) ;
#4173 = ORIENTED_EDGE ( 'NONE', *, *, #2501, .F. ) ;
#4174 = CARTESIAN_POINT ( 'NONE',  ( 1.125000000000000666, 0.2000000000000000111, -1.500000000000000444 ) ) ;
#4175 = VECTOR ( 'NONE', #3907, 1000.000000000000000 ) ;
#4176 = EDGE_CURVE ( 'NONE', #2391, #3987, #2621, .T. ) ;
#4177 = AXIS2_PLACEMENT_3D ( 'NONE', #6809, #2404, #6173 ) ;
#4178 = ADVANCED_FACE ( 'NONE', ( #4088 ), #7174, .T. ) ;
#4179 = CARTESIAN_POINT ( 'NONE',  ( -0.3749999999999994449, 0.1000000000000000056, -1.450000000000000622 ) ) ;
#4180 = DIRECTION ( 'NONE',  ( -1.000000000000000000, 0.000000000000000000, 0.000000000000000000 ) ) ;
#4181 = ORIENTED_EDGE ( 'NONE', *, *, #6068, .F. ) ;
#4182 = VECTOR ( 'NONE', #7180, 1000.000000000000000 ) ;
#4183 = VERTEX_POINT ( 'NONE', #3258 ) ;
#4184 = CARTESIAN_POINT ( 'NONE',  ( -0.6249999999999996669, 0.04999999999999999584, 1.225000000000000755 ) ) ;
#4185 = LINE ( 'NONE', #259, #56 ) ;
#4186 = ADVANCED_FACE ( 'NONE', ( #1928 ), #401, .F. ) ;
#4187 = VECTOR ( 'NONE', #6441, 1000.000000000000000 ) ;
#4188 = EDGE_CURVE ( 'NONE', #8425, #1215, #832, .T. ) ;
#4189 = DIRECTION ( 'NONE',  ( 0.000000000000000000, 1.000000000000000000, 0.000000000000000000 ) ) ;
#4190 = ADVANCED_FACE ( 'NONE', ( #3977, #6286, #7025 ), #310, .F. ) ;
#4191 = LINE ( 'NONE', #2777, #2935 ) ;
#4192 = CIRCLE ( 'NONE', #1050, 0.1249999999999996808 ) ;
#4193 = CARTESIAN_POINT ( 'NONE',  ( 0.6250000000000006661, 0.2000000000000000111, 1.450000000000000178 ) ) ;
#4194 = DIRECTION ( 'NONE',  ( 0.000000000000000000, -1.000000000000000000, 0.000000000000000000 ) ) ;
#4195 = ORIENTED_EDGE ( 'NONE', *, *, #6212, .F. ) ;
#4196 = CARTESIAN_POINT ( 'NONE',  ( -1.950000000000001066, 0.1000000000000000056, -1.450000000000000622 ) ) ;
#4197 = LINE ( 'NONE', #3319, #8056 ) ;
#4198 = EDGE_LOOP ( 'NONE', ( #2497, #1375, #3768, #7497 ) ) ;
#4199 = EDGE_CURVE ( 'NONE', #2391, #2101, #5557, .T. ) ;
#4200 = CYLINDRICAL_SURFACE ( 'NONE', #1394, 0.1250000000000000555 ) ;
#4201 = CARTESIAN_POINT ( 'NONE',  ( -0.3749999999999990563, 0.000000000000000000, -1.225000000000000311 ) ) ;
#4202 = CARTESIAN_POINT ( 'NONE',  ( -1.725000000000000755, 0.1000000000000000472, -0.3749999999999993339 ) ) ;
#4203 = DIRECTION ( 'NONE',  ( 3.154042683594198769E-15, 0.000000000000000000, 1.000000000000000000 ) ) ;
#4204 = CARTESIAN_POINT ( 'NONE',  ( -2.000000000000000000, 0.1000000000000000472, -1.124999999999999334 ) ) ;
#4205 = ORIENTED_EDGE ( 'NONE', *, *, #9632, .F. ) ;
#4206 = ORIENTED_EDGE ( 'NONE', *, *, #1710, .F. ) ;
#4207 = VECTOR ( 'NONE', #2831, 1000.000000000000000 ) ;
#4208 = DIRECTION ( 'NONE',  ( 0.000000000000000000, 0.000000000000000000, -1.000000000000000000 ) ) ;
#4209 = CARTESIAN_POINT ( 'NONE',  ( -0.6249999999999996669, 0.2000000000000000111, 1.225000000000000755 ) ) ;
#4210 = LINE ( 'NONE', #7005, #4287 ) ;
#4211 = CARTESIAN_POINT ( 'NONE',  ( 1.125000000000000666, 0.2000000000000000111, 1.500000000000000444 ) ) ;
#4212 = VERTEX_POINT ( 'NONE', #8591 ) ;
#4213 = PLANE ( 'NONE',  #363 ) ;
#4214 = ORIENTED_EDGE ( 'NONE', *, *, #1668, .T. ) ;
#4215 = DIRECTION ( 'NONE',  ( 0.000000000000000000, -0.000000000000000000, -1.000000000000000000 ) ) ;
#4216 = EDGE_LOOP ( 'NONE', ( #7818, #2997, #8684, #4663, #2166, #6032 ) ) ;
#4217 = CARTESIAN_POINT ( 'NONE',  ( -1.725000000000001199, 0.1999999999999999833, -2.168404344971008868E-16 ) ) ;
#4218 = DIRECTION ( 'NONE',  ( 0.000000000000000000, 1.000000000000000000, 0.000000000000000000 ) ) ;
#4219 = FACE_OUTER_BOUND ( 'NONE', #7308, .T. ) ;
#4220 = ORIENTED_EDGE ( 'NONE', *, *, #3467, .F. ) ;
#4221 = CARTESIAN_POINT ( 'NONE',  ( -1.249999999999999334, 0.000000000000000000, 1.225000000000000533 ) ) ;
#4222 = DIRECTION ( 'NONE',  ( -0.000000000000000000, -1.000000000000000000, -0.000000000000000000 ) ) ;
#4223 = CARTESIAN_POINT ( 'NONE',  ( -1.124999999999999778, 0.2000000000000000111, -1.225000000000000755 ) ) ;
#4224 = ORIENTED_EDGE ( 'NONE', *, *, #3516, .T. ) ;
#4225 = DIRECTION ( 'NONE',  ( 1.000000000000000000, 0.000000000000000000, -7.885106708985511714E-16 ) ) ;
#4226 = VECTOR ( 'NONE', #3085, 1000.000000000000000 ) ;
#4227 = EDGE_CURVE ( 'NONE', #3475, #3753, #1887, .T. ) ;
#4228 = VERTEX_POINT ( 'NONE', #7122 ) ;
#4229 = DIRECTION ( 'NONE',  ( -0.000000000000000000, 1.000000000000000000, -0.000000000000000000 ) ) ;
#4230 = DIRECTION ( 'NONE',  ( 0.000000000000000000, 0.000000000000000000, -1.000000000000000000 ) ) ;
#4231 = EDGE_CURVE ( 'NONE', #5022, #4594, #3406, .T. ) ;
#4232 = CARTESIAN_POINT ( 'NONE',  ( -1.249999999999999334, 0.2000000000000000111, 1.225000000000000533 ) ) ;
#4233 = ORIENTED_EDGE ( 'NONE', *, *, #4063, .T. ) ;
#4234 = ORIENTED_EDGE ( 'NONE', *, *, #2012, .T. ) ;
#4235 = DIRECTION ( 'NONE',  ( -0.000000000000000000, 0.000000000000000000, -1.000000000000000000 ) ) ;
#4236 = ADVANCED_FACE ( 'NONE', ( #9380 ), #4917, .T. ) ;
#4237 = EDGE_CURVE ( 'NONE', #7100, #8686, #5462, .T. ) ;
#4238 = LINE ( 'NONE', #5068, #1511 ) ;
#4239 = ORIENTED_EDGE ( 'NONE', *, *, #6446, .F. ) ;
#4240 = CARTESIAN_POINT ( 'NONE',  ( -2.000000000000000888, 0.1000000000000002554, 1.500000000000000000 ) ) ;
#4241 = ORIENTED_EDGE ( 'NONE', *, *, #7547, .T. ) ;
#4242 = EDGE_CURVE ( 'NONE', #7695, #1567, #2036, .T. ) ;
#4243 = LINE ( 'NONE', #1434, #7729 ) ;
#4244 = DIRECTION ( 'NONE',  ( -1.000000000000000000, 0.000000000000000000, 3.469446951953617739E-15 ) ) ;
#4245 = FACE_OUTER_BOUND ( 'NONE', #2758, .T. ) ;
#4246 = LINE ( 'NONE', #4104, #6063 ) ;
#4247 = CARTESIAN_POINT ( 'NONE',  ( 1.350000000000000089, 0.000000000000000000, 0.8499999999999997558 ) ) ;
#4248 = ORIENTED_EDGE ( 'NONE', *, *, #8547, .T. ) ;
#4249 = ORIENTED_EDGE ( 'NONE', *, *, #5187, .F. ) ;
#4250 = EDGE_CURVE ( 'NONE', #989, #6674, #1985, .T. ) ;
#4251 = DIRECTION ( 'NONE',  ( 0.000000000000000000, 0.000000000000000000, 1.000000000000000000 ) ) ;
#4252 = CARTESIAN_POINT ( 'NONE',  ( 2.000000000000000888, 0.1000000000000000472, 0.1250000000000005551 ) ) ;
#4253 = STYLED_ITEM ( 'NONE', ( #3567 ), #311 ) ;
#4254 = PRESENTATION_STYLE_ASSIGNMENT (( #3382 ) ) ;
#4255 = PLANE ( 'NONE',  #8688 ) ;
#4256 = DIRECTION ( 'NONE',  ( -3.154042683594198769E-15, -0.000000000000000000, -1.000000000000000000 ) ) ;
#4257 = FILL_AREA_STYLE_COLOUR ( '', #6321 ) ;
#4258 = CARTESIAN_POINT ( 'NONE',  ( -2.000000000000000000, 0.000000000000000000, -1.124999999999999334 ) ) ;
#4259 = ORIENTED_EDGE ( 'NONE', *, *, #2849, .F. ) ;
#4260 = FACE_OUTER_BOUND ( 'NONE', #6656, .T. ) ;
#4261 = ORIENTED_EDGE ( 'NONE', *, *, #3294, .F. ) ;
#4262 = CARTESIAN_POINT ( 'NONE',  ( 1.375000000000001332, 0.1000000000000000472, -1.500000000000000444 ) ) ;
#4263 = ORIENTED_EDGE ( 'NONE', *, *, #5354, .F. ) ;
#4264 = CARTESIAN_POINT ( 'NONE',  ( -0.7499999999999993339, 0.000000000000000000, 1.100000000000000977 ) ) ;
#4265 = DIRECTION ( 'NONE',  ( 0.000000000000000000, 1.000000000000000000, 0.000000000000000000 ) ) ;
#4266 = CARTESIAN_POINT ( 'NONE',  ( 1.725000000000000755, 0.000000000000000000, 0.1250000000000006661 ) ) ;
#4267 = EDGE_LOOP ( 'NONE', ( #5406, #980, #188, #6776 ) ) ;
#4268 = DIRECTION ( 'NONE',  ( -1.000000000000000000, 0.000000000000000000, 0.000000000000000000 ) ) ;
#4269 = VECTOR ( 'NONE', #7690, 1000.000000000000000 ) ;
#4270 = DIRECTION ( 'NONE',  ( -1.577021341797097215E-15, 0.000000000000000000, -1.000000000000000000 ) ) ;
#4271 = DIRECTION ( 'NONE',  ( 1.577021341797097215E-15, 0.000000000000000000, -1.000000000000000000 ) ) ;
#4272 = ORIENTED_EDGE ( 'NONE', *, *, #3100, .T. ) ;
#4273 = CARTESIAN_POINT ( 'NONE',  ( -1.950000000000001066, 0.04999999999999991257, 1.125000000000000666 ) ) ;
#4274 = AXIS2_PLACEMENT_3D ( 'NONE', #4751, #185, #7693 ) ;
#4275 = CARTESIAN_POINT ( 'NONE',  ( -0.8749999999999994449, 0.2000000000000000111, -1.500000000000000444 ) ) ;
#4276 = COLOUR_RGB ( '',0.7921568627450980005, 0.8196078431372548767, 0.9333333333333333481 ) ;
#4277 = ORIENTED_EDGE ( 'NONE', *, *, #6222, .F. ) ;
#4278 = CARTESIAN_POINT ( 'NONE',  ( -2.000000000000000888, 0.1999999999999999833, 0.1250000000000005551 ) ) ;
#4279 = CARTESIAN_POINT ( 'NONE',  ( 1.375000000000001110, 0.04999999999999969746, 1.450000000000000178 ) ) ;
#4280 = AXIS2_PLACEMENT_3D ( 'NONE', #7442, #661, #2887 ) ;
#4281 = PLANE ( 'NONE',  #2229 ) ;
#4282 = EDGE_CURVE ( 'NONE', #8563, #8928, #8063, .T. ) ;
#4283 = CIRCLE ( 'NONE', #9120, 0.1250000000000000555 ) ;
#4284 = ORIENTED_EDGE ( 'NONE', *, *, #6068, .T. ) ;
#4285 = DIRECTION ( 'NONE',  ( 0.000000000000000000, -0.000000000000000000, -1.000000000000000000 ) ) ;
#4286 = ADVANCED_FACE ( 'NONE', ( #5835 ), #544, .F. ) ;
#4287 = VECTOR ( 'NONE', #5582, 1000.000000000000000 ) ;
#4288 = VERTEX_POINT ( 'NONE', #9616 ) ;
#4289 = SURFACE_STYLE_USAGE ( .BOTH. , #4480 ) ;
#4290 = VERTEX_POINT ( 'NONE', #4555 ) ;
#4291 = ADVANCED_FACE ( 'NONE', ( #4333 ), #8773, .T. ) ;
#4292 = CARTESIAN_POINT ( 'NONE',  ( -0.1249999999999992506, 0.05000000000000000278, -1.450000000000000622 ) ) ;
#4293 = VECTOR ( 'NONE', #894, 1000.000000000000000 ) ;
#4294 = DIRECTION ( 'NONE',  ( -1.000000000000000000, 0.000000000000000000, 1.084202172485504681E-16 ) ) ;
#4295 = CARTESIAN_POINT ( 'NONE',  ( 1.375000000000001110, 0.05000000000000000278, -1.450000000000000622 ) ) ;
#4296 = VECTOR ( 'NONE', #572, 1000.000000000000000 ) ;
#4297 = CARTESIAN_POINT ( 'NONE',  ( -1.950000000000001066, 0.1000000000000000056, -1.124999999999999334 ) ) ;
#4298 = ORIENTED_EDGE ( 'NONE', *, *, #6031, .T. ) ;
#4299 = ORIENTED_EDGE ( 'NONE', *, *, #2369, .T. ) ;
#4300 = LINE ( 'NONE', #8495, #5744 ) ;
#4301 = SURFACE_SIDE_STYLE ('',( #1309 ) ) ;
#4302 =( NAMED_UNIT ( * ) SI_UNIT ( $, .STERADIAN. ) SOLID_ANGLE_UNIT ( ) );
#4303 = AXIS2_PLACEMENT_3D ( 'NONE', #6239, #3310, #355 ) ;
#4304 = CARTESIAN_POINT ( 'NONE',  ( -1.124999999999998890, 0.1999999999999999833, -1.500000000000000444 ) ) ;
#4305 = VECTOR ( 'NONE', #7082, 1000.000000000000000 ) ;
#4306 = EDGE_CURVE ( 'NONE', #9397, #6643, #2131, .T. ) ;
#4307 = LINE ( 'NONE', #7251, #3957 ) ;
#4308 = ORIENTED_EDGE ( 'NONE', *, *, #9677, .F. ) ;
#4309 = LINE ( 'NONE', #2982, #8804 ) ;
#4310 = VECTOR ( 'NONE', #7370, 1000.000000000000000 ) ;
#4311 = ORIENTED_EDGE ( 'NONE', *, *, #3636, .T. ) ;
#4312 = DIRECTION ( 'NONE',  ( -0.000000000000000000, -1.000000000000000000, -0.000000000000000000 ) ) ;
#4313 = CARTESIAN_POINT ( 'NONE',  ( -1.725000000000000755, 0.2000000000000000944, 1.125000000000000666 ) ) ;
#4314 = ORIENTED_EDGE ( 'NONE', *, *, #9205, .T. ) ;
#4315 = DIRECTION ( 'NONE',  ( -1.577021341797097215E-15, 0.000000000000000000, -1.000000000000000000 ) ) ;
#4316 = EDGE_CURVE ( 'NONE', #1868, #3840, #1809, .T. ) ;
#4317 = VECTOR ( 'NONE', #5007, 1000.000000000000000 ) ;
#4318 = VECTOR ( 'NONE', #4471, 1000.000000000000000 ) ;
#4319 = CARTESIAN_POINT ( 'NONE',  ( -1.725000000000001199, 0.000000000000000000, 0.9999999999999997780 ) ) ;
#4320 = EDGE_CURVE ( 'NONE', #3288, #118, #5015, .T. ) ;
#4321 = PLANE ( 'NONE',  #9443 ) ;
#4322 = DIRECTION ( 'NONE',  ( 0.000000000000000000, 1.000000000000000000, 0.000000000000000000 ) ) ;
#4323 = DIRECTION ( 'NONE',  ( 1.000000000000000000, -0.000000000000000000, -0.000000000000000000 ) ) ;
#4324 = ADVANCED_FACE ( 'NONE', ( #1340 ), #8005, .F. ) ;
#4325 = VECTOR ( 'NONE', #6571, 1000.000000000000000 ) ;
#4326 = DIRECTION ( 'NONE',  ( 0.000000000000000000, 1.000000000000000000, -0.000000000000000000 ) ) ;
#4327 = AXIS2_PLACEMENT_3D ( 'NONE', #8035, #5047, #8858 ) ;
#4328 = CARTESIAN_POINT ( 'NONE',  ( -1.249999999999999334, 0.2000000000000000111, -1.225000000000000533 ) ) ;
#4329 = ORIENTED_EDGE ( 'NONE', *, *, #9060, .F. ) ;
#4330 = VECTOR ( 'NONE', #6965, 1000.000000000000000 ) ;
#4331 = VERTEX_POINT ( 'NONE', #2856 ) ;
#4332 = CARTESIAN_POINT ( 'NONE',  ( -0.3749999999999994449, 0.6716990566028301357, -1.500000000000000444 ) ) ;
#4333 = FACE_OUTER_BOUND ( 'NONE', #1223, .T. ) ;
#4334 = CARTESIAN_POINT ( 'NONE',  ( -2.000000000000000000, 0.6716990566028313570, -0.6249999999999992228 ) ) ;
#4335 = VECTOR ( 'NONE', #2671, 1000.000000000000000 ) ;
#4336 = VERTEX_POINT ( 'NONE', #5112 ) ;
#4337 = FACE_OUTER_BOUND ( 'NONE', #867, .T. ) ;
#4338 = VERTEX_POINT ( 'NONE', #8102 ) ;
#4339 = CARTESIAN_POINT ( 'NONE',  ( -0.1249999999999989730, 0.2000000000000000111, -1.450000000000000622 ) ) ;
#4340 =( NAMED_UNIT ( * ) PLANE_ANGLE_UNIT ( ) SI_UNIT ( $, .RADIAN. ) );
#4341 = AXIS2_PLACEMENT_3D ( 'NONE', #3939, #5420, #1698 ) ;
#4342 = EDGE_LOOP ( 'NONE', ( #7735, #5733, #3009, #8539 ) ) ;
#4343 = CARTESIAN_POINT ( 'NONE',  ( 1.349999999999999645, 2.280865204668480750, -0.8500000000000001998 ) ) ;
#4344 = PLANE ( 'NONE',  #5142 ) ;
#4345 = AXIS2_PLACEMENT_3D ( 'NONE', #2394, #9002, #3086 ) ;
#4346 = CYLINDRICAL_SURFACE ( 'NONE', #4484, 0.1250000000000001110 ) ;
#4347 = ORIENTED_EDGE ( 'NONE', *, *, #3286, .F. ) ;
#4348 = ORIENTED_EDGE ( 'NONE', *, *, #5082, .F. ) ;
#4349 = EDGE_CURVE ( 'NONE', #7951, #7534, #1389, .T. ) ;
#4350 = CARTESIAN_POINT ( 'NONE',  ( -0.1249999999999996808, 0.2000000000000000111, 1.225000000000000755 ) ) ;
#4351 = CARTESIAN_POINT ( 'NONE',  ( -1.349999999999999867, 2.280865204668480750, -0.8499999999999999778 ) ) ;
#4352 = VECTOR ( 'NONE', #4621, 1000.000000000000000 ) ;
#4353 = LINE ( 'NONE', #568, #9449 ) ;
#4354 = VERTEX_POINT ( 'NONE', #636 ) ;
#4355 = DIRECTION ( 'NONE',  ( -0.000000000000000000, -1.000000000000000000, -0.000000000000000000 ) ) ;
#4356 = PLANE ( 'NONE',  #5687 ) ;
#4357 = ORIENTED_EDGE ( 'NONE', *, *, #9382, .F. ) ;
#4358 = LINE ( 'NONE', #8084, #4633 ) ;
#4359 = VERTEX_POINT ( 'NONE', #3547 ) ;
#4360 = LINE ( 'NONE', #8900, #6631 ) ;
#4361 = DIRECTION ( 'NONE',  ( 1.000000000000000000, 0.000000000000000000, -3.942553354492743531E-16 ) ) ;
#4362 = EDGE_CURVE ( 'NONE', #5211, #8354, #6612, .T. ) ;
#4363 = EDGE_CURVE ( 'NONE', #1026, #7684, #9003, .T. ) ;
#4364 = DIRECTION ( 'NONE',  ( 0.000000000000000000, -0.000000000000000000, -1.000000000000000000 ) ) ;
#4365 = CARTESIAN_POINT ( 'NONE',  ( 1.950000000000002176, 0.1000000000000000056, -0.6249999999999992228 ) ) ;
#4366 = DIRECTION ( 'NONE',  ( 7.885106708985511714E-16, 0.000000000000000000, 1.000000000000000000 ) ) ;
#4367 = EDGE_CURVE ( 'NONE', #6957, #9542, #5281, .T. ) ;
#4368 = DIRECTION ( 'NONE',  ( -1.577021341797097018E-15, 0.000000000000000000, -1.000000000000000000 ) ) ;
#4369 = EDGE_CURVE ( 'NONE', #5833, #5591, #5696, .T. ) ;
#4370 = ORIENTED_EDGE ( 'NONE', *, *, #1834, .T. ) ;
#4371 = CARTESIAN_POINT ( 'NONE',  ( 1.350000000000000089, 0.05000000000000000278, 0.8499999999999997558 ) ) ;
#4372 = DIRECTION ( 'NONE',  ( 0.000000000000000000, 1.000000000000000000, 0.000000000000000000 ) ) ;
#4373 = ADVANCED_FACE ( 'NONE', ( #1285 ), #9477, .T. ) ;
#4374 = ORIENTED_EDGE ( 'NONE', *, *, #7519, .T. ) ;
#4375 = CARTESIAN_POINT ( 'NONE',  ( -0.1249999999999996808, 0.2000000000000000111, -1.225000000000000755 ) ) ;
#4376 = DIRECTION ( 'NONE',  ( 0.000000000000000000, -1.000000000000000000, 0.000000000000000000 ) ) ;
#4377 = CARTESIAN_POINT ( 'NONE',  ( -1.950000000000001066, 0.6716990566028312459, 1.125000000000000666 ) ) ;
#4378 = CLOSED_SHELL ( 'NONE', ( #141, #526, #4781, #3914, #7191, #1056, #6126, #235, #6728 ) ) ;
#4379 = VERTEX_POINT ( 'NONE', #4279 ) ;
#4380 = DIRECTION ( 'NONE',  ( 3.942553354492743531E-16, 0.000000000000000000, -1.000000000000000000 ) ) ;
#4381 = DIRECTION ( 'NONE',  ( 3.154042683594198769E-15, 0.000000000000000000, 1.000000000000000000 ) ) ;
#4382 = ORIENTED_EDGE ( 'NONE', *, *, #6737, .F. ) ;
#4383 = CARTESIAN_POINT ( 'NONE',  ( 0.000000000000000000, 0.05000000000000000278, -1.450000000000000622 ) ) ;
#4384 =( LENGTH_UNIT ( ) NAMED_UNIT ( * ) SI_UNIT ( .MILLI., .METRE. ) );
#4385 = EDGE_LOOP ( 'NONE', ( #3895, #7434, #3392, #7219, #9155, #2641 ) ) ;
#4386 = LINE ( 'NONE', #7381, #7123 ) ;
#4387 = EDGE_CURVE ( 'NONE', #411, #8451, #7277, .T. ) ;
#4388 = VECTOR ( 'NONE', #437, 1000.000000000000000 ) ;
#4389 = LINE ( 'NONE', #5903, #9534 ) ;
#4390 = ORIENTED_EDGE ( 'NONE', *, *, #1918, .T. ) ;
#4391 = ORIENTED_EDGE ( 'NONE', *, *, #3598, .F. ) ;
#4392 = VERTEX_POINT ( 'NONE', #1815 ) ;
#4393 = DIRECTION ( 'NONE',  ( -1.000000000000000000, 0.000000000000000000, -0.000000000000000000 ) ) ;
#4394 = CARTESIAN_POINT ( 'NONE',  ( -1.725000000000000755, 0.6716990566028313570, -0.8749999999999993339 ) ) ;
#4395 = PLANE ( 'NONE',  #7755 ) ;
#4396 = ORIENTED_EDGE ( 'NONE', *, *, #6679, .T. ) ;
#4397 = EDGE_CURVE ( 'NONE', #9009, #5318, #6796, .T. ) ;
#4398 = DIRECTION ( 'NONE',  ( -3.154042683594198769E-15, 0.000000000000000000, 1.000000000000000000 ) ) ;
#4399 = ORIENTED_EDGE ( 'NONE', *, *, #9618, .T. ) ;
#4400 = CARTESIAN_POINT ( 'NONE',  ( -1.249999999999999334, 0.2000000000000000111, -1.225000000000000533 ) ) ;
#4401 = ORIENTED_EDGE ( 'NONE', *, *, #4422, .F. ) ;
#4402 = ORIENTED_EDGE ( 'NONE', *, *, #1712, .F. ) ;
#4403 = AXIS2_PLACEMENT_3D ( 'NONE', #7686, #954, #282 ) ;
#4404 = LINE ( 'NONE', #3718, #4619 ) ;
#4405 = DIRECTION ( 'NONE',  ( 0.000000000000000000, -1.000000000000000000, 0.000000000000000000 ) ) ;
#4406 = EDGE_CURVE ( 'NONE', #1445, #9215, #7540, .T. ) ;
#4407 = DIRECTION ( 'NONE',  ( -7.885106708985511714E-16, 0.000000000000000000, 1.000000000000000000 ) ) ;
#4408 = DIRECTION ( 'NONE',  ( 0.000000000000000000, 0.000000000000000000, 1.000000000000000000 ) ) ;
#4409 = VERTEX_POINT ( 'NONE', #6107 ) ;
#4410 = EDGE_CURVE ( 'NONE', #5387, #7345, #7745, .T. ) ;
#4411 = DIRECTION ( 'NONE',  ( 1.000000000000000000, -0.000000000000000000, 3.469446951953617739E-15 ) ) ;
#4412 = ADVANCED_FACE ( 'NONE', ( #3901 ), #1752, .T. ) ;
#4413 = ORIENTED_EDGE ( 'NONE', *, *, #750, .T. ) ;
#4414 = CARTESIAN_POINT ( 'NONE',  ( -1.725000000000000755, 0.1999999999999999833, 1.125000000000000666 ) ) ;
#4415 = EDGE_CURVE ( 'NONE', #5211, #4057, #5481, .T. ) ;
#4416 = ORIENTED_EDGE ( 'NONE', *, *, #447, .T. ) ;
#4417 = VECTOR ( 'NONE', #2134, 1000.000000000000000 ) ;
#4418 = CARTESIAN_POINT ( 'NONE',  ( 1.125000000000000666, 0.1000000000000000056, -1.500000000000000444 ) ) ;
#4419 = DIRECTION ( 'NONE',  ( -3.154042683594198769E-15, -0.000000000000000000, -1.000000000000000000 ) ) ;
#4420 = CARTESIAN_POINT ( 'NONE',  ( -1.249999999999999334, 0.2000000000000000111, 1.225000000000000533 ) ) ;
#4421 = CARTESIAN_POINT ( 'NONE',  ( 2.000000000000000000, 0.6716990566028312459, 0.8750000000000007772 ) ) ;
#4422 = EDGE_CURVE ( 'NONE', #5072, #8199, #6847, .T. ) ;
#4423 = VECTOR ( 'NONE', #1572, 1000.000000000000000 ) ;
#4424 = EDGE_LOOP ( 'NONE', ( #816, #2696, #4314, #1127, #8775, #650 ) ) ;
#4425 = DIRECTION ( 'NONE',  ( 0.000000000000000000, -1.000000000000000000, 0.000000000000000000 ) ) ;
#4426 = AXIS2_PLACEMENT_3D ( 'NONE', #9076, #1730, #53 ) ;
#4427 = EDGE_CURVE ( 'NONE', #1247, #5833, #1754, .T. ) ;
#4428 = CARTESIAN_POINT ( 'NONE',  ( -0.6249999999999996669, 0.2000000000000000111, 1.225000000000000755 ) ) ;
#4429 = ORIENTED_EDGE ( 'NONE', *, *, #9081, .T. ) ;
#4430 = EDGE_CURVE ( 'NONE', #4634, #2940, #908, .T. ) ;
#4431 = CARTESIAN_POINT ( 'NONE',  ( 1.349999999999999645, 0.000000000000000000, -0.8500000000000001998 ) ) ;
#4432 = CARTESIAN_POINT ( 'NONE',  ( 0.5999999999999996447, 2.280865204668480750, -0.8500000000000001998 ) ) ;
#4433 = VECTOR ( 'NONE', #249, 1000.000000000000000 ) ;
#4434 = PRESENTATION_LAYER_ASSIGNMENT (  '', '', ( #8652 ) ) ;
#4435 = CARTESIAN_POINT ( 'NONE',  ( -2.000000000000000000, 0.2000000000000000944, -0.6249999999999992228 ) ) ;
#4436 = PLANE ( 'NONE',  #440 ) ;
#4437 = VECTOR ( 'NONE', #9506, 1000.000000000000000 ) ;
#4438 = ORIENTED_EDGE ( 'NONE', *, *, #8449, .T. ) ;
#4439 = CARTESIAN_POINT ( 'NONE',  ( -0.6249999999999988898, 0.6716990566028301357, -1.450000000000000622 ) ) ;
#4440 = ORIENTED_EDGE ( 'NONE', *, *, #205, .F. ) ;
#4441 = VERTEX_POINT ( 'NONE', #1706 ) ;
#4442 = PRESENTATION_LAYER_ASSIGNMENT (  '', '', ( #5213 ) ) ;
#4443 = DIRECTION ( 'NONE',  ( 0.000000000000000000, 0.000000000000000000, -1.000000000000000000 ) ) ;
#4444 = DIRECTION ( 'NONE',  ( -1.000000000000000000, 0.000000000000000000, -3.154042683594199163E-15 ) ) ;
#4445 = CARTESIAN_POINT ( 'NONE',  ( -0.3749999999999970579, 0.05000000000000000278, -5.913830031739068211E-16 ) ) ;
#4446 = VECTOR ( 'NONE', #5041, 1000.000000000000000 ) ;
#4447 = AXIS2_PLACEMENT_3D ( 'NONE', #3707, #1798, #6197 ) ;
#4448 = CARTESIAN_POINT ( 'NONE',  ( 1.950000000000002176, 0.1000000000000000056, 1.450000000000000178 ) ) ;
#4449 = ORIENTED_EDGE ( 'NONE', *, *, #6751, .T. ) ;
#4450 = DIRECTION ( 'NONE',  ( 3.154042683594198769E-15, 0.000000000000000000, -1.000000000000000000 ) ) ;
#4451 = VERTEX_POINT ( 'NONE', #4013 ) ;
#4452 = VERTEX_POINT ( 'NONE', #4746 ) ;
#4453 = PLANE ( 'NONE',  #8846 ) ;
#4454 =( GEOMETRIC_REPRESENTATION_CONTEXT ( 3 ) GLOBAL_UNCERTAINTY_ASSIGNED_CONTEXT ( ( #7605 ) ) GLOBAL_UNIT_ASSIGNED_CONTEXT ( ( #6542, #8159, #6583 ) ) REPRESENTATION_CONTEXT ( 'NONE', 'WORKASPACE' ) );
#4455 = DIRECTION ( 'NONE',  ( 0.000000000000000000, -1.000000000000000000, 0.000000000000000000 ) ) ;
#4456 = VECTOR ( 'NONE', #2, 1000.000000000000000 ) ;
#4457 = LINE ( 'NONE', #6702, #8568 ) ;
#4458 = CARTESIAN_POINT ( 'NONE',  ( -1.249999999999999334, 0.04999999999999999584, -1.225000000000000533 ) ) ;
#4459 = AXIS2_PLACEMENT_3D ( 'NONE', #460, #5199, #7138 ) ;
#4460 = PLANE ( 'NONE',  #7763 ) ;
#4461 = COLOUR_RGB ( '',0.7921568627450980005, 0.8196078431372548767, 0.9333333333333333481 ) ;
#4462 = ORIENTED_EDGE ( 'NONE', *, *, #1646, .T. ) ;
#4463 = CARTESIAN_POINT ( 'NONE',  ( 0.000000000000000000, 0.1000000000000000056, 0.000000000000000000 ) ) ;
#4464 = VECTOR ( 'NONE', #5103, 1000.000000000000000 ) ;
#4465 = ORIENTED_EDGE ( 'NONE', *, *, #1057, .T. ) ;
#4466 = ORIENTED_EDGE ( 'NONE', *, *, #3523, .T. ) ;
#4467 = EDGE_CURVE ( 'NONE', #8628, #7402, #3136, .T. ) ;
#4468 = LINE ( 'NONE', #7461, #1925 ) ;
#4469 = CIRCLE ( 'NONE', #5405, 0.1249999999999996808 ) ;
#4470 = VECTOR ( 'NONE', #393, 1000.000000000000000 ) ;
#4471 = DIRECTION ( 'NONE',  ( 0.000000000000000000, -0.000000000000000000, 1.000000000000000000 ) ) ;
#4472 = DIRECTION ( 'NONE',  ( -0.000000000000000000, 0.000000000000000000, -1.000000000000000000 ) ) ;
#4473 = DIRECTION ( 'NONE',  ( -0.000000000000000000, -1.000000000000000000, -0.000000000000000000 ) ) ;
#4474 = ORIENTED_EDGE ( 'NONE', *, *, #9679, .T. ) ;
#4475 = DIRECTION ( 'NONE',  ( -3.469446951953617739E-15, 0.000000000000000000, 1.000000000000000000 ) ) ;
#4476 = VECTOR ( 'NONE', #5738, 1000.000000000000000 ) ;
#4477 = AXIS2_PLACEMENT_3D ( 'NONE', #7101, #8423, #7696 ) ;
#4478 = PLANE ( 'NONE',  #4963 ) ;
#4479 = ORIENTED_EDGE ( 'NONE', *, *, #3710, .F. ) ;
#4480 = SURFACE_SIDE_STYLE ('',( #2225 ) ) ;
#4481 = EDGE_CURVE ( 'NONE', #1344, #1922, #7002, .T. ) ;
#4482 = PLANE ( 'NONE',  #2751 ) ;
#4483 = ORIENTED_EDGE ( 'NONE', *, *, #3859, .T. ) ;
#4484 = AXIS2_PLACEMENT_3D ( 'NONE', #3460, #4935, #7343 ) ;
#4485 = VECTOR ( 'NONE', #8582, 1000.000000000000000 ) ;
#4486 = LINE ( 'NONE', #3605, #7590 ) ;
#4487 = ADVANCED_FACE ( 'NONE', ( #4699 ), #6161, .F. ) ;
#4488 = DIRECTION ( 'NONE',  ( -0.000000000000000000, 0.000000000000000000, -1.000000000000000000 ) ) ;
#4489 = EDGE_CURVE ( 'NONE', #5303, #5500, #6898, .T. ) ;
#4490 = EDGE_LOOP ( 'NONE', ( #7483, #8368, #6355, #1663 ) ) ;
#4491 = ORIENTED_EDGE ( 'NONE', *, *, #792, .T. ) ;
#4492 = VECTOR ( 'NONE', #8309, 1000.000000000000000 ) ;
#4493 = ORIENTED_EDGE ( 'NONE', *, *, #9382, .T. ) ;
#4494 = ADVANCED_FACE ( 'NONE', ( #9100 ), #3087, .T. ) ;
#4495 = FACE_OUTER_BOUND ( 'NONE', #8216, .T. ) ;
#4496 = CARTESIAN_POINT ( 'NONE',  ( 1.950000000000002176, 0.1000000000000000056, 1.450000000000000178 ) ) ;
#4497 = VECTOR ( 'NONE', #4000, 1000.000000000000000 ) ;
#4498 = SURFACE_STYLE_USAGE ( .BOTH. , #5220 ) ;
#4499 = VERTEX_POINT ( 'NONE', #5324 ) ;
#4500 = LINE ( 'NONE', #3080, #1454 ) ;
#4501 = ORIENTED_EDGE ( 'NONE', *, *, #9530, .F. ) ;
#4502 = EDGE_LOOP ( 'NONE', ( #2288, #3694, #373, #9091 ) ) ;
#4503 = ORIENTED_EDGE ( 'NONE', *, *, #8670, .F. ) ;
#4504 = DIRECTION ( 'NONE',  ( -0.000000000000000000, 0.000000000000000000, 1.000000000000000000 ) ) ;
#4505 = CARTESIAN_POINT ( 'NONE',  ( 0.000000000000000000, 0.1000000000000000056, 0.000000000000000000 ) ) ;
#4506 = LINE ( 'NONE', #6747, #7011 ) ;
#4507 =( NAMED_UNIT ( * ) SI_UNIT ( $, .STERADIAN. ) SOLID_ANGLE_UNIT ( ) );
#4508 = LINE ( 'NONE', #3811, #2724 ) ;
#4509 = ORIENTED_EDGE ( 'NONE', *, *, #6261, .F. ) ;
#4510 = LINE ( 'NONE', #3541, #7554 ) ;
#4511 = VECTOR ( 'NONE', #8187, 1000.000000000000000 ) ;
#4512 = ORIENTED_EDGE ( 'NONE', *, *, #5771, .F. ) ;
#4513 = DIRECTION ( 'NONE',  ( 0.000000000000000000, -0.000000000000000000, 1.000000000000000000 ) ) ;
#4514 = VERTEX_POINT ( 'NONE', #8312 ) ;
#4515 = DIRECTION ( 'NONE',  ( -1.577021341797097018E-15, 0.000000000000000000, -1.000000000000000000 ) ) ;
#4516 = VECTOR ( 'NONE', #3772, 1000.000000000000000 ) ;
#4517 = DIRECTION ( 'NONE',  ( -0.000000000000000000, 0.000000000000000000, -1.000000000000000000 ) ) ;
#4518 = LINE ( 'NONE', #7509, #4516 ) ;
#4519 = DIRECTION ( 'NONE',  ( -1.000000000000000000, 0.000000000000000000, -3.154042683594198769E-15 ) ) ;
#4520 = CARTESIAN_POINT ( 'NONE',  ( -1.950000000000001066, 0.000000000000000000, 0.6250000000000007772 ) ) ;
#4521 = VERTEX_POINT ( 'NONE', #859 ) ;
#4522 = CARTESIAN_POINT ( 'NONE',  ( -2.000000000000000888, 0.1999999999999999833, 0.6250000000000005551 ) ) ;
#4523 = ADVANCED_FACE ( 'NONE', ( #5380 ), #181, .F. ) ;
#4524 = DIRECTION ( 'NONE',  ( 0.000000000000000000, 0.000000000000000000, -1.000000000000000000 ) ) ;
#4525 = VERTEX_POINT ( 'NONE', #234 ) ;
#4526 = CARTESIAN_POINT ( 'NONE',  ( -1.950000000000001066, 0.1000000000000000056, -1.450000000000000622 ) ) ;
#4527 = CARTESIAN_POINT ( 'NONE',  ( -0.1500000000000000222, 0.2000000000000000944, -0.8499999999999999778 ) ) ;
#4529 = EDGE_CURVE ( 'NONE', #8337, #2032, #5674, .T. ) ;
#4528 = LINE ( 'NONE', #3737, #7569 ) ;
#4530 = CARTESIAN_POINT ( 'NONE',  ( -1.249999999999999334, 0.2000000000000000111, -1.225000000000000533 ) ) ;
#4531 = CLOSED_SHELL ( 'NONE', ( #2556, #6521, #6610, #2635, #7401, #2702, #3349, #5121 ) ) ;
#4532 = EDGE_CURVE ( 'NONE', #8628, #6753, #2648, .T. ) ;
#4533 = DIRECTION ( 'NONE',  ( -1.000000000000000000, 0.000000000000000000, -3.942553354492743531E-16 ) ) ;
#4534 = EDGE_CURVE ( 'NONE', #6267, #4290, #4803, .T. ) ;
#4535 = ORIENTED_EDGE ( 'NONE', *, *, #1765, .F. ) ;
#4536 = ORIENTED_EDGE ( 'NONE', *, *, #4231, .T. ) ;
#4537 = LINE ( 'NONE', #7433, #2029 ) ;
#4538 = ORIENTED_EDGE ( 'NONE', *, *, #7705, .T. ) ;
#4539 = ORIENTED_EDGE ( 'NONE', *, *, #4886, .F. ) ;
#4541 = EDGE_CURVE ( 'NONE', #3107, #5184, #2795, .T. ) ;
#4540 = CARTESIAN_POINT ( 'NONE',  ( 0.000000000000000000, 0.1000000000000000056, 0.000000000000000000 ) ) ;
#4542 = DIRECTION ( 'NONE',  ( -3.154042683594198769E-15, 0.000000000000000000, 1.000000000000000000 ) ) ;
#4543 = CARTESIAN_POINT ( 'NONE',  ( -1.950000000000001066, 0.05000000000000000278, -0.8749999999999994449 ) ) ;
#4544 = PLANE ( 'NONE',  #1323 ) ;
#4545 = ORIENTED_EDGE ( 'NONE', *, *, #2878, .T. ) ;
#4546 = LINE ( 'NONE', #277, #2107 ) ;
#4547 = EDGE_CURVE ( 'NONE', #601, #8874, #7984, .T. ) ;
#4548 = ORIENTED_EDGE ( 'NONE', *, *, #5852, .F. ) ;
#4549 = EDGE_LOOP ( 'NONE', ( #211, #2888, #1791, #1306 ) ) ;
#4550 = ORIENTED_EDGE ( 'NONE', *, *, #3625, .F. ) ;
#4551 = CARTESIAN_POINT ( 'NONE',  ( 1.950000000000002176, 0.1000000000000000056, -1.450000000000000622 ) ) ;
#4552 = CARTESIAN_POINT ( 'NONE',  ( 0.000000000000000000, 0.1000000000000000056, 0.000000000000000000 ) ) ;
#4553 = DIRECTION ( 'NONE',  ( -0.000000000000000000, -1.000000000000000000, -0.000000000000000000 ) ) ;
#4554 = PRESENTATION_STYLE_ASSIGNMENT (( #2209 ) ) ;
#4555 = CARTESIAN_POINT ( 'NONE',  ( -0.1249999999999988065, 0.000000000000000000, -1.450000000000000622 ) ) ;
#4556 = LINE ( 'NONE', #3902, #2405 ) ;
#4557 = ORIENTED_EDGE ( 'NONE', *, *, #6758, .T. ) ;
#4558 = DIRECTION ( 'NONE',  ( 0.000000000000000000, -1.000000000000000000, 0.000000000000000000 ) ) ;
#4559 = ORIENTED_EDGE ( 'NONE', *, *, #4532, .F. ) ;
#4560 = EDGE_LOOP ( 'NONE', ( #6803, #6365, #1132, #4402 ) ) ;
#4561 = ORIENTED_EDGE ( 'NONE', *, *, #7776, .T. ) ;
#4562 = CARTESIAN_POINT ( 'NONE',  ( 4.928191693115951477E-16, 0.05000000000000000278, -0.6250000000000008882 ) ) ;
#4563 = UNCERTAINTY_MEASURE_WITH_UNIT (LENGTH_MEASURE( 1.000000000000000082E-05 ), #7940, 'distance_accuracy_value', 'NONE');
#4564 = CARTESIAN_POINT ( 'NONE',  ( -1.374999999999999556, 0.1000000000000002554, 1.500000000000000000 ) ) ;
#4565 = FACE_OUTER_BOUND ( 'NONE', #2767, .T. ) ;
#4566 = DIRECTION ( 'NONE',  ( 0.000000000000000000, -1.000000000000000000, 0.000000000000000000 ) ) ;
#4567 = EDGE_LOOP ( 'NONE', ( #5357, #7582, #2110, #299 ) ) ;
#4568 = DIRECTION ( 'NONE',  ( 0.000000000000000000, 1.000000000000000000, 0.000000000000000000 ) ) ;
#4569 = CARTESIAN_POINT ( 'NONE',  ( -0.8749999999999990008, 0.2000000000000000111, 1.225000000000000311 ) ) ;
#4570 = ORIENTED_EDGE ( 'NONE', *, *, #9446, .T. ) ;
#4571 = DIRECTION ( 'NONE',  ( 1.000000000000000000, 0.000000000000000000, -7.885106708985511714E-16 ) ) ;
#4572 = LINE ( 'NONE', #2368, #8813 ) ;
#4573 = DIRECTION ( 'NONE',  ( -0.000000000000000000, -1.000000000000000000, -0.000000000000000000 ) ) ;
#4574 = ADVANCED_FACE ( 'NONE', ( #7249 ), #466, .T. ) ;
#4575 = AXIS2_PLACEMENT_3D ( 'NONE', #8932, #5217, #5040 ) ;
#4576 = AXIS2_PLACEMENT_3D ( 'NONE', #2620, #9379, #7915 ) ;
#4577 = ORIENTED_EDGE ( 'NONE', *, *, #9200, .T. ) ;
#4578 = ORIENTED_EDGE ( 'NONE', *, *, #1475, .T. ) ;
#4579 = ORIENTED_EDGE ( 'NONE', *, *, #3030, .F. ) ;
#4580 = LINE ( 'NONE', #3266, #7959 ) ;
#4581 = VECTOR ( 'NONE', #767, 1000.000000000000000 ) ;
#4582 = VERTEX_POINT ( 'NONE', #1119 ) ;
#4583 = DIRECTION ( 'NONE',  ( 0.000000000000000000, 1.000000000000000000, 0.000000000000000000 ) ) ;
#4584 = AXIS2_PLACEMENT_3D ( 'NONE', #2705, #7316, #9412 ) ;
#4585 = DIRECTION ( 'NONE',  ( -3.942553354492743531E-16, 0.000000000000000000, -1.000000000000000000 ) ) ;
#4586 = EDGE_CURVE ( 'NONE', #5478, #2972, #5770, .T. ) ;
#4587 = PLANE ( 'NONE',  #6170 ) ;
#4588 = DIRECTION ( 'NONE',  ( 3.942553354492743531E-16, 0.000000000000000000, -1.000000000000000000 ) ) ;
#4589 = VECTOR ( 'NONE', #4450, 1000.000000000000000 ) ;
#4590 = ORIENTED_EDGE ( 'NONE', *, *, #5819, .T. ) ;
#4591 = PLANE ( 'NONE',  #6994 ) ;
#4592 = DIRECTION ( 'NONE',  ( 0.000000000000000000, 1.000000000000000000, 0.000000000000000000 ) ) ;
#4593 = AXIS2_PLACEMENT_3D ( 'NONE', #4458, #8460, #4011 ) ;
#4594 = VERTEX_POINT ( 'NONE', #7798 ) ;
#4595 = ORIENTED_EDGE ( 'NONE', *, *, #7064, .F. ) ;
#4596 = VERTEX_POINT ( 'NONE', #1072 ) ;
#4597 = DIRECTION ( 'NONE',  ( 0.000000000000000000, 0.000000000000000000, -1.000000000000000000 ) ) ;
#4598 = DIRECTION ( 'NONE',  ( -1.000000000000000000, 0.000000000000000000, 0.000000000000000000 ) ) ;
#4599 = LINE ( 'NONE', #376, #3151 ) ;
#4600 = DIRECTION ( 'NONE',  ( 7.885106708985511714E-16, 0.000000000000000000, 1.000000000000000000 ) ) ;
#4601 = DIRECTION ( 'NONE',  ( 1.000000000000000000, -0.000000000000000000, 7.885106708985511714E-16 ) ) ;
#4602 = AXIS2_PLACEMENT_3D ( 'NONE', #6749, #8313, #2254 ) ;
#4603 = CARTESIAN_POINT ( 'NONE',  ( -1.725000000000000755, 0.1000000000000000472, 0.1250000000000006661 ) ) ;
#4604 = EDGE_CURVE ( 'NONE', #2711, #6405, #4109, .T. ) ;
#4605 = AXIS2_PLACEMENT_3D ( 'NONE', #7562, #1629, #1682 ) ;
#4606 = CARTESIAN_POINT ( 'NONE',  ( 0.000000000000000000, 0.05000000000000000278, -1.450000000000000622 ) ) ;
#4607 = VERTEX_POINT ( 'NONE', #6359 ) ;
#4608 = DIRECTION ( 'NONE',  ( -0.000000000000000000, -1.000000000000000000, -0.000000000000000000 ) ) ;
#4609 = EDGE_CURVE ( 'NONE', #729, #4869, #8027, .T. ) ;
#4610 = VERTEX_POINT ( 'NONE', #2196 ) ;
#4611 = CARTESIAN_POINT ( 'NONE',  ( 0.7500000000000006661, 0.2000000000000000111, 1.225000000000000533 ) ) ;
#4612 = EDGE_LOOP ( 'NONE', ( #3990, #4793, #2981, #3511 ) ) ;
#4613 = EDGE_CURVE ( 'NONE', #812, #2572, #6582, .T. ) ;
#4614 = AXIS2_PLACEMENT_3D ( 'NONE', #4217, #6122, #6459 ) ;
#4615 = EDGE_LOOP ( 'NONE', ( #4311, #7042, #7169, #8508 ) ) ;
#4616 = EDGE_CURVE ( 'NONE', #5661, #4212, #8122, .T. ) ;
#4617 = DIRECTION ( 'NONE',  ( 0.000000000000000000, -1.000000000000000000, 0.000000000000000000 ) ) ;
#4618 = STYLED_ITEM ( 'NONE', ( #2092 ), #4026 ) ;
#4619 = VECTOR ( 'NONE', #5820, 1000.000000000000000 ) ;
#4620 = CARTESIAN_POINT ( 'NONE',  ( 1.725000000000000755, 0.6716990566028313570, -0.3749999999999993339 ) ) ;
#4621 = DIRECTION ( 'NONE',  ( -1.000000000000000000, 0.000000000000000000, 0.000000000000000000 ) ) ;
#4622 = LINE ( 'NONE', #4762, #4433 ) ;
#4623 = ORIENTED_EDGE ( 'NONE', *, *, #7524, .T. ) ;
#4624 = LINE ( 'NONE', #150, #4330 ) ;
#4625 = CARTESIAN_POINT ( 'NONE',  ( 1.950000000000002176, 0.1000000000000000056, 0.1250000000000005551 ) ) ;
#4626 = VECTOR ( 'NONE', #8945, 1000.000000000000000 ) ;
#4627 = EDGE_LOOP ( 'NONE', ( #4429, #8840, #4070, #3409 ) ) ;
#4628 = VECTOR ( 'NONE', #7322, 1000.000000000000000 ) ;
#4629 = PLANE ( 'NONE',  #5569 ) ;
#4630 = CARTESIAN_POINT ( 'NONE',  ( 2.000000000000000000, 0.000000000000000000, -1.124999999999999334 ) ) ;
#4631 = SURFACE_STYLE_USAGE ( .BOTH. , #1630 ) ;
#4632 = CIRCLE ( 'NONE', #6188, 0.1249999999999996808 ) ;
#4633 = VECTOR ( 'NONE', #9650, 1000.000000000000000 ) ;
#4634 = VERTEX_POINT ( 'NONE', #715 ) ;
#4635 = EDGE_LOOP ( 'NONE', ( #6594, #7837, #4491, #7443 ) ) ;
#4636 = ORIENTED_EDGE ( 'NONE', *, *, #8449, .F. ) ;
#4637 = CARTESIAN_POINT ( 'NONE',  ( -0.8749999999999993339, 0.000000000000000000, -1.450000000000000622 ) ) ;
#4638 = ORIENTED_EDGE ( 'NONE', *, *, #7966, .T. ) ;
#4639 = DIRECTION ( 'NONE',  ( -1.577021341797097018E-15, 0.000000000000000000, -1.000000000000000000 ) ) ;
#4640 = CARTESIAN_POINT ( 'NONE',  ( 1.950000000000002176, 0.1000000000000000056, -1.450000000000000622 ) ) ;
#4641 = CIRCLE ( 'NONE', #5884, 0.1250000000000001110 ) ;
#4642 = VECTOR ( 'NONE', #6372, 1000.000000000000000 ) ;
#4643 = DIRECTION ( 'NONE',  ( 0.000000000000000000, 0.000000000000000000, -1.000000000000000000 ) ) ;
#4644 = EDGE_LOOP ( 'NONE', ( #9315, #3394, #4166, #675 ) ) ;
#4645 = LINE ( 'NONE', #847, #4968 ) ;
#4646 = CARTESIAN_POINT ( 'NONE',  ( 2.000000000000000000, 0.1000000000000000472, -1.124999999999999334 ) ) ;
#4647 = VECTOR ( 'NONE', #3212, 1000.000000000000000 ) ;
#4648 = ORIENTED_EDGE ( 'NONE', *, *, #1002, .T. ) ;
#4649 = EDGE_CURVE ( 'NONE', #3828, #1358, #3748, .T. ) ;
#4650 = ORIENTED_EDGE ( 'NONE', *, *, #3355, .F. ) ;
#4651 = VERTEX_POINT ( 'NONE', #4304 ) ;
#4652 = FACE_OUTER_BOUND ( 'NONE', #6882, .T. ) ;
#4653 = DIRECTION ( 'NONE',  ( 0.000000000000000000, 0.000000000000000000, -1.000000000000000000 ) ) ;
#4654 = SURFACE_STYLE_USAGE ( .BOTH. , #8359 ) ;
#4655 = CARTESIAN_POINT ( 'NONE',  ( 0.000000000000000000, 0.1000000000000000056, 0.000000000000000000 ) ) ;
#4656 = EDGE_CURVE ( 'NONE', #9525, #7243, #9688, .T. ) ;
#4657 = AXIS2_PLACEMENT_3D ( 'NONE', #1857, #6890, #3378 ) ;
#4658 = LINE ( 'NONE', #4606, #2252 ) ;
#4659 = ORIENTED_EDGE ( 'NONE', *, *, #1655, .T. ) ;
#4660 = PLANE ( 'NONE',  #9592 ) ;
#4661 = VERTEX_POINT ( 'NONE', #2978 ) ;
#4662 = ADVANCED_FACE ( 'NONE', ( #5996 ), #2239, .F. ) ;
#4663 = ORIENTED_EDGE ( 'NONE', *, *, #5305, .F. ) ;
#4664 = EDGE_CURVE ( 'NONE', #1736, #8055, #2708, .T. ) ;
#4665 = AXIS2_PLACEMENT_3D ( 'NONE', #2301, #4600, #8169 ) ;
#4666 = ORIENTED_EDGE ( 'NONE', *, *, #3306, .T. ) ;
#4667 = DIRECTION ( 'NONE',  ( 1.000000000000000000, -0.000000000000000000, 7.885106708985511714E-16 ) ) ;
#4668 = EDGE_CURVE ( 'NONE', #9194, #6775, #2881, .T. ) ;
#4669 = UNCERTAINTY_MEASURE_WITH_UNIT (LENGTH_MEASURE( 1.000000000000000082E-05 ), #5758, 'distance_accuracy_value', 'NONE');
#4670 = CIRCLE ( 'NONE', #7965, 0.1249999999999996808 ) ;
#4671 = DIRECTION ( 'NONE',  ( -0.000000000000000000, 1.000000000000000000, 0.000000000000000000 ) ) ;
#4672 = PLANE ( 'NONE',  #6299 ) ;
#4673 = ORIENTED_EDGE ( 'NONE', *, *, #2143, .F. ) ;
#4674 = EDGE_CURVE ( 'NONE', #9703, #5018, #3612, .T. ) ;
#4675 = CARTESIAN_POINT ( 'NONE',  ( 0.6250000000000009992, 0.2000000000000000111, 1.225000000000000311 ) ) ;
#4676 = MECHANICAL_DESIGN_GEOMETRIC_PRESENTATION_REPRESENTATION (  '', ( #4040 ), #1079 ) ;
#4677 = VERTEX_POINT ( 'NONE', #5580 ) ;
#4678 = ORIENTED_EDGE ( 'NONE', *, *, #3046, .T. ) ;
#4679 = CARTESIAN_POINT ( 'NONE',  ( 1.725000000000000755, 0.6716990566028312459, 0.8749999999999994449 ) ) ;
#4680 = CARTESIAN_POINT ( 'NONE',  ( 2.000000000000000888, 0.2000000000000000944, 1.125000000000000666 ) ) ;
#4681 = ORIENTED_EDGE ( 'NONE', *, *, #1580, .T. ) ;
#4682 = DIRECTION ( 'NONE',  ( -1.000000000000000000, 0.000000000000000000, 0.000000000000000000 ) ) ;
#4683 = ORIENTED_EDGE ( 'NONE', *, *, #8852, .F. ) ;
#4684 = ORIENTED_EDGE ( 'NONE', *, *, #8094, .T. ) ;
#4685 = DIRECTION ( 'NONE',  ( -3.469446951953617739E-15, 0.000000000000000000, -1.000000000000000000 ) ) ;
#4686 = VERTEX_POINT ( 'NONE', #8569 ) ;
#4687 = LINE ( 'NONE', #164, #3529 ) ;
#4688 = LINE ( 'NONE', #5994, #2744 ) ;
#4689 = DIRECTION ( 'NONE',  ( 0.000000000000000000, -1.000000000000000000, 0.000000000000000000 ) ) ;
#4690 = EDGE_CURVE ( 'NONE', #2440, #3256, #4980, .T. ) ;
#4691 = ORIENTED_EDGE ( 'NONE', *, *, #4690, .F. ) ;
#4692 = LINE ( 'NONE', #7681, #8657 ) ;
#4693 = CLOSED_SHELL ( 'NONE', ( #8836, #850, #1254, #9502, #7032, #3142, #5244, #8608, #8956 ) ) ;
#4694 = ORIENTED_EDGE ( 'NONE', *, *, #6378, .T. ) ;
#4695 = ORIENTED_EDGE ( 'NONE', *, *, #148, .T. ) ;
#4696 = VERTEX_POINT ( 'NONE', #5761 ) ;
#4697 = DIRECTION ( 'NONE',  ( 0.000000000000000000, -0.000000000000000000, -1.000000000000000000 ) ) ;
#4698 = FILL_AREA_STYLE_COLOUR ( '', #3798 ) ;
#4699 = FACE_OUTER_BOUND ( 'NONE', #573, .T. ) ;
#4700 = EDGE_CURVE ( 'NONE', #705, #7029, #8417, .T. ) ;
#4701 = LINE ( 'NONE', #8743, #4269 ) ;
#4702 = CARTESIAN_POINT ( 'NONE',  ( 1.950000000000002176, 0.1000000000000000056, -1.450000000000000622 ) ) ;
#4703 = ORIENTED_EDGE ( 'NONE', *, *, #1067, .T. ) ;
#4704 = LINE ( 'NONE', #1756, #5831 ) ;
#4705 = ORIENTED_EDGE ( 'NONE', *, *, #619, .T. ) ;
#4706 = EDGE_LOOP ( 'NONE', ( #9275, #3172, #5726, #8882 ) ) ;
#4707 = EDGE_CURVE ( 'NONE', #4709, #4869, #4701, .T. ) ;
#4708 = DIRECTION ( 'NONE',  ( -0.000000000000000000, -1.000000000000000000, -0.000000000000000000 ) ) ;
#4709 = VERTEX_POINT ( 'NONE', #2051 ) ;
#4710 = CARTESIAN_POINT ( 'NONE',  ( -1.725000000000000755, 0.2000000000000000944, 0.1250000000000006661 ) ) ;
#4711 = EDGE_CURVE ( 'NONE', #6290, #6692, #958, .T. ) ;
#4712 = ADVANCED_FACE ( 'NONE', ( #6214 ), #2494, .T. ) ;
#4713 = LINE ( 'NONE', #6712, #7449 ) ;
#4714 = FACE_OUTER_BOUND ( 'NONE', #4502, .T. ) ;
#4715 = VERTEX_POINT ( 'NONE', #7747 ) ;
#4716 = DIRECTION ( 'NONE',  ( 0.000000000000000000, -1.000000000000000000, 0.000000000000000000 ) ) ;
#4717 = ADVANCED_FACE ( 'NONE', ( #6262 ), #2540, .T. ) ;
#4718 = DIRECTION ( 'NONE',  ( -1.000000000000000000, 0.000000000000000000, 0.000000000000000000 ) ) ;
#4719 = EDGE_LOOP ( 'NONE', ( #2552, #25, #3542, #5599 ) ) ;
#4720 = CARTESIAN_POINT ( 'NONE',  ( 0.000000000000000000, 0.1000000000000000056, 0.000000000000000000 ) ) ;
#4721 = EDGE_LOOP ( 'NONE', ( #748, #6764, #3307, #677, #6246 ) ) ;
#4722 = CARTESIAN_POINT ( 'NONE',  ( -1.725000000000000755, 0.05000000000000023870, -0.1250000000000003331 ) ) ;
#4723 = CARTESIAN_POINT ( 'NONE',  ( -0.6249999999999987788, 0.1999999999999999833, 1.500000000000000444 ) ) ;
#4724 = EDGE_CURVE ( 'NONE', #3765, #3833, #7026, .T. ) ;
#4725 = ADVANCED_FACE ( 'NONE', ( #2718 ), #4969, .T. ) ;
#4726 = VERTEX_POINT ( 'NONE', #1843 ) ;
#4727 = DIRECTION ( 'NONE',  ( -1.000000000000000000, 0.000000000000000000, 7.885106708985511714E-16 ) ) ;
#4728 = ORIENTED_EDGE ( 'NONE', *, *, #5787, .T. ) ;
#4729 = EDGE_CURVE ( 'NONE', #4582, #6967, #7072, .T. ) ;
#4730 = ORIENTED_EDGE ( 'NONE', *, *, #297, .T. ) ;
#4731 = DIRECTION ( 'NONE',  ( 0.000000000000000000, -0.000000000000000000, -1.000000000000000000 ) ) ;
#4732 = ORIENTED_EDGE ( 'NONE', *, *, #5499, .F. ) ;
#4733 = CARTESIAN_POINT ( 'NONE',  ( 1.125000000000000666, 0.1000000000000000056, 1.450000000000000178 ) ) ;
#4734 = VECTOR ( 'NONE', #1707, 1000.000000000000000 ) ;
#4735 = DIRECTION ( 'NONE',  ( 1.000000000000000000, 0.000000000000000000, -7.885106708985511714E-16 ) ) ;
#4736 = AXIS2_PLACEMENT_3D ( 'NONE', #7276, #2217, #5190 ) ;
#4737 = LINE ( 'NONE', #3420, #49 ) ;
#4738 = VERTEX_POINT ( 'NONE', #3361 ) ;
#4739 = DIRECTION ( 'NONE',  ( 1.000000000000000000, -0.000000000000000000, 3.469446951953617739E-15 ) ) ;
#4740 = AXIS2_PLACEMENT_3D ( 'NONE', #9321, #6422, #4271 ) ;
#4741 = ORIENTED_EDGE ( 'NONE', *, *, #502, .F. ) ;
#4742 = VERTEX_POINT ( 'NONE', #9381 ) ;
#4743 = AXIS2_PLACEMENT_3D ( 'NONE', #732, #8772, #8912 ) ;
#4744 = DIRECTION ( 'NONE',  ( -1.000000000000000000, 0.000000000000000000, 0.000000000000000000 ) ) ;
#4745 = CARTESIAN_POINT ( 'NONE',  ( 0.8750000000000011102, 0.2000000000000000111, 1.450000000000000178 ) ) ;
#4746 = CARTESIAN_POINT ( 'NONE',  ( 1.725000000000000755, 0.05000000000000023870, 0.1250000000000006661 ) ) ;
#4747 = VECTOR ( 'NONE', #5868, 1000.000000000000000 ) ;
#4748 = DIRECTION ( 'NONE',  ( 0.000000000000000000, -1.000000000000000000, 0.000000000000000000 ) ) ;
#4749 = CARTESIAN_POINT ( 'NONE',  ( 1.375000000000001110, 0.000000000000000000, 1.450000000000000178 ) ) ;
#4750 = VERTEX_POINT ( 'NONE', #6333 ) ;
#4751 = CARTESIAN_POINT ( 'NONE',  ( -1.606107883817426973, 0.6999999999999999556, -1.099419087136932704 ) ) ;
#4752 = ORIENTED_EDGE ( 'NONE', *, *, #2922, .F. ) ;
#4753 = ORIENTED_EDGE ( 'NONE', *, *, #7319, .T. ) ;
#4754 = AXIS2_PLACEMENT_3D ( 'NONE', #6993, #4739, #7736 ) ;
#4755 = EDGE_CURVE ( 'NONE', #1838, #63, #5603, .T. ) ;
#4756 = COLOUR_RGB ( '',0.7921568627450980005, 0.8196078431372548767, 0.9333333333333333481 ) ;
#4757 = DIRECTION ( 'NONE',  ( 1.000000000000000000, 0.000000000000000000, 0.000000000000000000 ) ) ;
#4758 = ORIENTED_EDGE ( 'NONE', *, *, #9689, .T. ) ;
#4759 = DIRECTION ( 'NONE',  ( 0.000000000000000000, 0.000000000000000000, -1.000000000000000000 ) ) ;
#4760 = AXIS2_PLACEMENT_3D ( 'NONE', #3164, #946, #8399 ) ;
#4761 = CARTESIAN_POINT ( 'NONE',  ( -1.374999999999999556, 0.000000000000000000, 1.500000000000000444 ) ) ;
#4762 = CARTESIAN_POINT ( 'NONE',  ( -1.725000000000000755, 0.1000000000000000472, -0.3749999999999993339 ) ) ;
#4763 = ORIENTED_EDGE ( 'NONE', *, *, #4616, .F. ) ;
#4764 = PRESENTATION_STYLE_ASSIGNMENT (( #6867 ) ) ;
#4765 = EDGE_CURVE ( 'NONE', #3662, #949, #4872, .T. ) ;
#4766 = AXIS2_PLACEMENT_3D ( 'NONE', #8014, #7291, #1256 ) ;
#4767 = ORIENTED_EDGE ( 'NONE', *, *, #3403, .T. ) ;
#4768 = VECTOR ( 'NONE', #8345, 1000.000000000000000 ) ;
#4769 = ORIENTED_EDGE ( 'NONE', *, *, #3381, .F. ) ;
#4770 = CYLINDRICAL_SURFACE ( 'NONE', #4426, 0.1529626556016593086 ) ;
#4771 = CARTESIAN_POINT ( 'NONE',  ( -1.950000000000001066, 0.000000000000000000, -1.124999999999999334 ) ) ;
#4772 = VECTOR ( 'NONE', #7294, 1000.000000000000000 ) ;
#4773 = EDGE_CURVE ( 'NONE', #719, #4025, #4139, .T. ) ;
#4774 = VECTOR ( 'NONE', #1841, 1000.000000000000000 ) ;
#4775 = CIRCLE ( 'NONE', #8067, 0.1250000000000000555 ) ;
#4776 = EDGE_LOOP ( 'NONE', ( #5776, #3874, #3044, #7211, #4259, #4261, #9484, #7724, #3847, #5206, #7521, #6808, #3944, #2547, #7096, #4284, #6302, #2815, #7615, #9312, #5693, #8384, #509, #8575 ) ) ;
#4777 = CARTESIAN_POINT ( 'NONE',  ( -0.8749999999999994449, 0.1999999999999999833, 1.500000000000000444 ) ) ;
#4778 = CIRCLE ( 'NONE', #2910, 0.1249999999999996808 ) ;
#4779 = ORIENTED_EDGE ( 'NONE', *, *, #6031, .F. ) ;
#4780 = ORIENTED_EDGE ( 'NONE', *, *, #1911, .F. ) ;
#4781 = ADVANCED_FACE ( 'NONE', ( #1433 ), #4281, .F. ) ;
#4782 = CARTESIAN_POINT ( 'NONE',  ( 0.6250000000000005551, 0.2000000000000000111, 1.500000000000000444 ) ) ;
#4783 = VERTEX_POINT ( 'NONE', #8736 ) ;
#4784 = LINE ( 'NONE', #7783, #6649 ) ;
#4785 = PRODUCT_DEFINITION_SHAPE ( 'NONE', 'NONE',  #1624 ) ;
#4786 = LINE ( 'NONE', #7784, #7584 ) ;
#4787 = CARTESIAN_POINT ( 'NONE',  ( -1.725000000000000755, 0.6716990566028313570, -0.1250000000000003331 ) ) ;
#4788 = EDGE_CURVE ( 'NONE', #3788, #399, #2218, .T. ) ;
#4789 = VECTOR ( 'NONE', #9674, 1000.000000000000000 ) ;
#4790 = VECTOR ( 'NONE', #8086, 1000.000000000000000 ) ;
#4791 = ADVANCED_FACE ( 'NONE', ( #8053 ), #5113, .F. ) ;
#4792 = DIRECTION ( 'NONE',  ( 0.000000000000000000, -1.000000000000000000, 0.000000000000000000 ) ) ;
#4793 = ORIENTED_EDGE ( 'NONE', *, *, #333, .T. ) ;
#4794 = DIRECTION ( 'NONE',  ( 0.000000000000000000, 0.000000000000000000, -1.000000000000000000 ) ) ;
#4795 = ORIENTED_EDGE ( 'NONE', *, *, #2785, .T. ) ;
#4796 = ORIENTED_EDGE ( 'NONE', *, *, #6982, .F. ) ;
#4797 = ORIENTED_EDGE ( 'NONE', *, *, #6341, .T. ) ;
#4798 = EDGE_CURVE ( 'NONE', #1277, #5319, #5838, .T. ) ;
#4799 = LINE ( 'NONE', #3326, #7160 ) ;
#4800 = DIRECTION ( 'NONE',  ( -3.154042683594198769E-15, -0.000000000000000000, -1.000000000000000000 ) ) ;
#4801 = FACE_OUTER_BOUND ( 'NONE', #8650, .T. ) ;
#4802 = DIRECTION ( 'NONE',  ( 3.154042683594198769E-15, 0.000000000000000000, 1.000000000000000000 ) ) ;
#4803 = LINE ( 'NONE', #8707, #4112 ) ;
#4804 = EDGE_CURVE ( 'NONE', #1093, #7259, #2038, .T. ) ;
#4805 = AXIS2_PLACEMENT_3D ( 'NONE', #5765, #6492, #2789 ) ;
#4806 = DIRECTION ( 'NONE',  ( 0.000000000000000000, 1.000000000000000000, 0.000000000000000000 ) ) ;
#4807 = CARTESIAN_POINT ( 'NONE',  ( 0.7500000000000006661, 0.1999999999999999833, 1.225000000000000533 ) ) ;
#4808 = VERTEX_POINT ( 'NONE', #1286 ) ;
#4809 = LINE ( 'NONE', #9308, #5205 ) ;
#4810 = DIRECTION ( 'NONE',  ( -0.000000000000000000, -1.000000000000000000, -0.000000000000000000 ) ) ;
#4811 = ORIENTED_EDGE ( 'NONE', *, *, #5660, .F. ) ;
#4812 = ORIENTED_EDGE ( 'NONE', *, *, #4664, .F. ) ;
#4813 = VECTOR ( 'NONE', #8621, 1000.000000000000000 ) ;
#4814 = CARTESIAN_POINT ( 'NONE',  ( -0.8749999999999994449, 0.1999999999999996503, -1.500000000000000222 ) ) ;
#4815 = EDGE_LOOP ( 'NONE', ( #3744, #2604, #1826, #5326 ) ) ;
#4816 = DIRECTION ( 'NONE',  ( -3.154042683594198769E-15, 0.000000000000000000, 1.000000000000000000 ) ) ;
#4817 = EDGE_CURVE ( 'NONE', #5974, #4965, #3595, .T. ) ;
#4818 = CYLINDRICAL_SURFACE ( 'NONE', #70, 0.1249999999999996808 ) ;
#4819 = CARTESIAN_POINT ( 'NONE',  ( -0.6249999999999988898, 0.2000000000000000111, -1.450000000000000622 ) ) ;
#4820 = AXIS2_PLACEMENT_3D ( 'NONE', #2444, #3380, #9299 ) ;
#4821 = ORIENTED_EDGE ( 'NONE', *, *, #2150, .T. ) ;
#4822 = PLANE ( 'NONE',  #2769 ) ;
#4823 = ORIENTED_EDGE ( 'NONE', *, *, #9322, .F. ) ;
#4824 = ORIENTED_EDGE ( 'NONE', *, *, #3523, .F. ) ;
#4825 = CARTESIAN_POINT ( 'NONE',  ( 0.000000000000000000, 0.1000000000000000056, 0.000000000000000000 ) ) ;
#4826 = DIRECTION ( 'NONE',  ( 0.000000000000000000, 0.000000000000000000, -1.000000000000000000 ) ) ;
#4827 = VECTOR ( 'NONE', #4116, 1000.000000000000000 ) ;
#4828 = ADVANCED_FACE ( 'NONE', ( #8104 ), #684, .T. ) ;
#4829 = VECTOR ( 'NONE', #6585, 1000.000000000000000 ) ;
#4830 = ORIENTED_EDGE ( 'NONE', *, *, #7195, .F. ) ;
#4831 = LINE ( 'NONE', #5606, #3706 ) ;
#4832 = EDGE_CURVE ( 'NONE', #8284, #7714, #7331, .T. ) ;
#4833 = LINE ( 'NONE', #1251, #9030 ) ;
#4834 = ORIENTED_EDGE ( 'NONE', *, *, #73, .T. ) ;
#4835 = CARTESIAN_POINT ( 'NONE',  ( -0.2499999999999993616, 0.000000000000000000, 1.225000000000000533 ) ) ;
#4836 = CARTESIAN_POINT ( 'NONE',  ( 1.125000000000000666, 0.2000000000000000111, -1.500000000000000444 ) ) ;
#4837 = DIRECTION ( 'NONE',  ( 3.154042683594199163E-15, -0.000000000000000000, 1.000000000000000000 ) ) ;
#4838 = EDGE_CURVE ( 'NONE', #9129, #2572, #5193, .T. ) ;
#4839 = EDGE_CURVE ( 'NONE', #4965, #5684, #6566, .T. ) ;
#4840 = DIRECTION ( 'NONE',  ( 0.000000000000000000, -1.000000000000000000, 0.000000000000000000 ) ) ;
#4841 = CARTESIAN_POINT ( 'NONE',  ( -1.374999999999999556, 0.2000000000000000111, -1.500000000000000444 ) ) ;
#4842 = CARTESIAN_POINT ( 'NONE',  ( -2.000000000000000888, 0.6716990566028313570, 0.6250000000000005551 ) ) ;
#4843 = CARTESIAN_POINT ( 'NONE',  ( -1.725000000000000755, 0.6716990566028313570, 0.3749999999999996669 ) ) ;
#4844 = ORIENTED_EDGE ( 'NONE', *, *, #9562, .F. ) ;
#4845 = CARTESIAN_POINT ( 'NONE',  ( 1.375000000000000444, 0.1999999999999999833, 1.225000000000000755 ) ) ;
#4846 = EDGE_CURVE ( 'NONE', #2331, #5866, #3730, .T. ) ;
#4847 =( NAMED_UNIT ( * ) SI_UNIT ( $, .STERADIAN. ) SOLID_ANGLE_UNIT ( ) );
#4848 = DIRECTION ( 'NONE',  ( 3.154042683594198769E-15, 0.000000000000000000, 1.000000000000000000 ) ) ;
#4849 = LINE ( 'NONE', #8567, #5403 ) ;
#4850 = EDGE_CURVE ( 'NONE', #5402, #1611, #6664, .T. ) ;
#4851 = CIRCLE ( 'NONE', #6873, 0.1250000000000001110 ) ;
#4852 = LINE ( 'NONE', #8570, #8045 ) ;
#4853 = DIRECTION ( 'NONE',  ( 0.000000000000000000, 1.000000000000000000, 0.000000000000000000 ) ) ;
#4854 = VERTEX_POINT ( 'NONE', #2084 ) ;
#4855 = DIRECTION ( 'NONE',  ( 0.000000000000000000, -1.000000000000000000, 0.000000000000000000 ) ) ;
#4856 = DIRECTION ( 'NONE',  ( 0.000000000000000000, 0.000000000000000000, -1.000000000000000000 ) ) ;
#4857 = EDGE_LOOP ( 'NONE', ( #2535, #5646, #8993, #1353 ) ) ;
#4858 = ORIENTED_EDGE ( 'NONE', *, *, #9258, .F. ) ;
#4859 = CARTESIAN_POINT ( 'NONE',  ( 0.8750000000000003331, 0.6716990566028301357, 1.225000000000000755 ) ) ;
#4860 = ORIENTED_EDGE ( 'NONE', *, *, #2160, .T. ) ;
#4861 = FACE_OUTER_BOUND ( 'NONE', #5223, .T. ) ;
#4862 = FACE_OUTER_BOUND ( 'NONE', #571, .T. ) ;
#4863 = PLANE ( 'NONE',  #2713 ) ;
#4864 = VERTEX_POINT ( 'NONE', #8006 ) ;
#4865 = CARTESIAN_POINT ( 'NONE',  ( -2.000000000000000000, 0.1999999999999999833, -0.1249999999999992506 ) ) ;
#4866 = DIRECTION ( 'NONE',  ( -0.000000000000000000, 0.000000000000000000, -1.000000000000000000 ) ) ;
#4867 = CARTESIAN_POINT ( 'NONE',  ( 1.125000000000000666, 0.1999999999999996503, -1.500000000000000444 ) ) ;
#4868 = ORIENTED_EDGE ( 'NONE', *, *, #1726, .F. ) ;
#4869 = VERTEX_POINT ( 'NONE', #5063 ) ;
#4870 = DIRECTION ( 'NONE',  ( 0.000000000000000000, 0.000000000000000000, 1.000000000000000000 ) ) ;
#4871 = CARTESIAN_POINT ( 'NONE',  ( 1.950000000000002176, 0.05000000000000000278, 0.000000000000000000 ) ) ;
#4872 = LINE ( 'NONE', #7866, #7549 ) ;
#4873 = DIRECTION ( 'NONE',  ( -1.000000000000000000, 0.000000000000000000, 3.942553354492743531E-16 ) ) ;
#4874 = CARTESIAN_POINT ( 'NONE',  ( -1.249999999999999334, 0.2000000000000000111, -1.225000000000000533 ) ) ;
#4875 = FACE_OUTER_BOUND ( 'NONE', #8208, .T. ) ;
#4876 = EDGE_LOOP ( 'NONE', ( #5668, #5350, #3242, #4512 ) ) ;
#4877 = CARTESIAN_POINT ( 'NONE',  ( -1.249999999999999334, 0.1999999999999999833, 1.225000000000000533 ) ) ;
#4878 = CARTESIAN_POINT ( 'NONE',  ( 0.5999999999999996447, 2.280865204668480750, -0.8500000000000001998 ) ) ;
#4879 = ORIENTED_EDGE ( 'NONE', *, *, #9480, .T. ) ;
#4880 = CARTESIAN_POINT ( 'NONE',  ( -1.124999999999999334, 0.05000000000000000278, -1.450000000000000622 ) ) ;
#4881 = FACE_OUTER_BOUND ( 'NONE', #3274, .T. ) ;
#4882 = DIRECTION ( 'NONE',  ( 0.000000000000000000, -0.000000000000000000, 1.000000000000000000 ) ) ;
#4883 = DIRECTION ( 'NONE',  ( 3.469446951953617739E-15, 0.000000000000000000, 1.000000000000000000 ) ) ;
#4884 = ORIENTED_EDGE ( 'NONE', *, *, #9582, .T. ) ;
#4885 = LINE ( 'NONE', #1112, #5651 ) ;
#4886 = EDGE_CURVE ( 'NONE', #9505, #2835, #6526, .T. ) ;
#4887 = FACE_OUTER_BOUND ( 'NONE', #2921, .T. ) ;
#4888 = FILL_AREA_STYLE ('',( #1905 ) ) ;
#4889 = DIRECTION ( 'NONE',  ( -0.000000000000000000, -1.000000000000000000, -0.000000000000000000 ) ) ;
#4890 = LINE ( 'NONE', #3429, #5379 ) ;
#4891 = VECTOR ( 'NONE', #6614, 1000.000000000000000 ) ;
#4892 = CARTESIAN_POINT ( 'NONE',  ( -1.374999999999999556, 0.1000000000000000472, -1.500000000000000444 ) ) ;
#4893 = ORIENTED_EDGE ( 'NONE', *, *, #3923, .T. ) ;
#4894 = DIRECTION ( 'NONE',  ( -0.000000000000000000, -1.000000000000000000, -0.000000000000000000 ) ) ;
#4895 = CARTESIAN_POINT ( 'NONE',  ( -1.374999999999999112, 0.2000000000000000111, 1.225000000000000311 ) ) ;
#4896 = VERTEX_POINT ( 'NONE', #3637 ) ;
#4897 = DIRECTION ( 'NONE',  ( 1.000000000000000000, 0.000000000000000000, 0.000000000000000000 ) ) ;
#4898 = ORIENTED_EDGE ( 'NONE', *, *, #8904, .T. ) ;
#4899 = CARTESIAN_POINT ( 'NONE',  ( 1.950000000000002176, 0.1000000000000000056, -1.450000000000000622 ) ) ;
#4900 = LINE ( 'NONE', #7900, #567 ) ;
#4901 = ADVANCED_FACE ( 'NONE', ( #8186 ), #5931, .T. ) ;
#4902 = PLANE ( 'NONE',  #7407 ) ;
#4903 = ORIENTED_EDGE ( 'NONE', *, *, #8291, .T. ) ;
#4904 = VECTOR ( 'NONE', #7236, 1000.000000000000000 ) ;
#4905 = DIRECTION ( 'NONE',  ( 0.000000000000000000, -1.000000000000000000, 0.000000000000000000 ) ) ;
#4906 = EDGE_CURVE ( 'NONE', #7156, #7695, #5889, .T. ) ;
#4907 = DIRECTION ( 'NONE',  ( 0.000000000000000000, 0.000000000000000000, 1.000000000000000000 ) ) ;
#4908 = CARTESIAN_POINT ( 'NONE',  ( -0.3749999999999994449, 0.1999999999999999833, 1.500000000000000444 ) ) ;
#4909 = EDGE_CURVE ( 'NONE', #8814, #8741, #8141, .T. ) ;
#4910 = CIRCLE ( 'NONE', #8332, 0.1250000000000001110 ) ;
#4911 = ORIENTED_EDGE ( 'NONE', *, *, #4118, .F. ) ;
#4912 = CARTESIAN_POINT ( 'NONE',  ( -0.1500000000000000222, 0.000000000000000000, 0.8499999999999999778 ) ) ;
#4913 = MECHANICAL_DESIGN_GEOMETRIC_PRESENTATION_REPRESENTATION (  '', ( #6150 ), #7092 ) ;
#4914 = ADVANCED_FACE ( 'NONE', ( #2773 ), #5245, .F. ) ;
#4915 = ORIENTED_EDGE ( 'NONE', *, *, #7799, .F. ) ;
#4916 = DIRECTION ( 'NONE',  ( -0.000000000000000000, -1.000000000000000000, -0.000000000000000000 ) ) ;
#4917 = CYLINDRICAL_SURFACE ( 'NONE', #3057, 0.1250000000000001110 ) ;
#4918 = CIRCLE ( 'NONE', #5847, 0.1249999999999996808 ) ;
#4919 = ORIENTED_EDGE ( 'NONE', *, *, #1581, .F. ) ;
#4920 = LINE ( 'NONE', #7922, #3850 ) ;
#4921 = VECTOR ( 'NONE', #2659, 1000.000000000000000 ) ;
#4922 = LINE ( 'NONE', #6391, #8866 ) ;
#4923 = CIRCLE ( 'NONE', #1476, 0.1249999999999996808 ) ;
#4924 = SURFACE_STYLE_FILL_AREA ( #2045 ) ;
#4925 = ORIENTED_EDGE ( 'NONE', *, *, #4765, .T. ) ;
#4926 = PRESENTATION_STYLE_ASSIGNMENT (( #8599 ) ) ;
#4927 = VERTEX_POINT ( 'NONE', #6117 ) ;
#4928 = LINE ( 'NONE', #7933, #1981 ) ;
#4929 = CIRCLE ( 'NONE', #8833, 0.1250000000000001110 ) ;
#4930 = DIRECTION ( 'NONE',  ( -0.000000000000000000, -1.000000000000000000, -0.000000000000000000 ) ) ;
#4931 = CARTESIAN_POINT ( 'NONE',  ( -1.725000000000000755, 0.6716990566028312459, 0.8749999999999996669 ) ) ;
#4932 = FACE_OUTER_BOUND ( 'NONE', #3210, .T. ) ;
#4933 = CARTESIAN_POINT ( 'NONE',  ( 0.000000000000000000, 0.05000000000000000278, 1.450000000000000178 ) ) ;
#4934 = LINE ( 'NONE', #7196, #5898 ) ;
#4935 = DIRECTION ( 'NONE',  ( -0.000000000000000000, -1.000000000000000000, -0.000000000000000000 ) ) ;
#4936 = ORIENTED_EDGE ( 'NONE', *, *, #5017, .F. ) ;
#4937 =( LENGTH_UNIT ( ) NAMED_UNIT ( * ) SI_UNIT ( .MILLI., .METRE. ) );
#4938 = SURFACE_STYLE_FILL_AREA ( #9353 ) ;
#4939 = CARTESIAN_POINT ( 'NONE',  ( 0.8750000000000011102, 0.04999999999999969746, 1.450000000000000178 ) ) ;
#4940 = CIRCLE ( 'NONE', #69, 0.1250000000000000555 ) ;
#4941 = DIRECTION ( 'NONE',  ( 3.154042683594198769E-15, 0.000000000000000000, -1.000000000000000000 ) ) ;
#4942 = DIRECTION ( 'NONE',  ( -1.000000000000000000, 0.000000000000000000, -3.942553354492743531E-16 ) ) ;
#4943 = CARTESIAN_POINT ( 'NONE',  ( -4.435372523804340848E-16, 0.05000000000000000278, 1.125000000000001110 ) ) ;
#4944 = ORIENTED_EDGE ( 'NONE', *, *, #3749, .F. ) ;
#4945 = EDGE_CURVE ( 'NONE', #846, #1541, #2314, .T. ) ;
#4946 = DIRECTION ( 'NONE',  ( 0.000000000000000000, -1.000000000000000000, 0.000000000000000000 ) ) ;
#4947 = VECTOR ( 'NONE', #2121, 1000.000000000000000 ) ;
#4948 = ORIENTED_EDGE ( 'NONE', *, *, #1190, .F. ) ;
#4949 = ORIENTED_EDGE ( 'NONE', *, *, #9577, .F. ) ;
#4950 = DIRECTION ( 'NONE',  ( 0.000000000000000000, -1.000000000000000000, 0.000000000000000000 ) ) ;
#4951 = EDGE_CURVE ( 'NONE', #9419, #77, #1570, .T. ) ;
#4952 = FACE_OUTER_BOUND ( 'NONE', #3426, .T. ) ;
#4953 = DIRECTION ( 'NONE',  ( 1.000000000000000000, 0.000000000000000000, -1.084202172485504681E-16 ) ) ;
#4954 = VERTEX_POINT ( 'NONE', #3000 ) ;
#4955 = CARTESIAN_POINT ( 'NONE',  ( -1.725000000000000755, 0.6716990566028313570, 0.6250000000000006661 ) ) ;
#4956 = VECTOR ( 'NONE', #9462, 1000.000000000000000 ) ;
#4957 = VECTOR ( 'NONE', #4617, 1000.000000000000000 ) ;
#4958 = CARTESIAN_POINT ( 'NONE',  ( -0.1500000000000000222, 0.2000000000000000944, 0.8499999999999999778 ) ) ;
#4959 = EDGE_CURVE ( 'NONE', #5319, #4379, #5970, .T. ) ;
#4960 = FACE_OUTER_BOUND ( 'NONE', #1885, .T. ) ;
#4961 = ADVANCED_FACE ( 'NONE', ( #6815 ), #3911, .F. ) ;
#4962 = ORIENTED_EDGE ( 'NONE', *, *, #2041, .T. ) ;
#4963 = AXIS2_PLACEMENT_3D ( 'NONE', #9575, #4524, #6 ) ;
#4964 = EDGE_CURVE ( 'NONE', #709, #4696, #6070, .T. ) ;
#4965 = VERTEX_POINT ( 'NONE', #3195 ) ;
#4966 = PLANE ( 'NONE',  #800 ) ;
#4967 = DIRECTION ( 'NONE',  ( 1.000000000000000000, 0.000000000000000000, -0.000000000000000000 ) ) ;
#4968 = VECTOR ( 'NONE', #3848, 1000.000000000000000 ) ;
#4969 = PLANE ( 'NONE',  #6445 ) ;
#4970 = ADVANCED_FACE ( 'NONE', ( #924 ), #9164, .F. ) ;
#4971 = ORIENTED_EDGE ( 'NONE', *, *, #2939, .T. ) ;
#4972 = ORIENTED_EDGE ( 'NONE', *, *, #5177, .T. ) ;
#4973 = DIRECTION ( 'NONE',  ( 0.000000000000000000, -1.000000000000000000, 0.000000000000000000 ) ) ;
#4974 = VECTOR ( 'NONE', #4848, 1000.000000000000000 ) ;
#4975 = CARTESIAN_POINT ( 'NONE',  ( -0.7499999999999993339, 0.2000000000000000111, 1.225000000000000533 ) ) ;
#4976 = ORIENTED_EDGE ( 'NONE', *, *, #3879, .F. ) ;
#4977 = PLANE ( 'NONE',  #7920 ) ;
#4978 =( NAMED_UNIT ( * ) SI_UNIT ( $, .STERADIAN. ) SOLID_ANGLE_UNIT ( ) );
#4979 = VERTEX_POINT ( 'NONE', #4564 ) ;
#4980 = LINE ( 'NONE', #2000, #2542 ) ;
#4981 = VECTOR ( 'NONE', #3108, 1000.000000000000000 ) ;
#4982 = DIRECTION ( 'NONE',  ( 0.000000000000000000, -0.000000000000000000, 1.000000000000000000 ) ) ;
#4983 = CARTESIAN_POINT ( 'NONE',  ( -0.6249999999999987788, 0.2000000000000000111, -1.500000000000000444 ) ) ;
#4984 = CARTESIAN_POINT ( 'NONE',  ( 1.950000000000002176, 0.000000000000000000, 0.4999999999999995559 ) ) ;
#4985 = CARTESIAN_POINT ( 'NONE',  ( 1.349999999999999645, 2.280865204668480750, -0.8500000000000001998 ) ) ;
#4986 = LINE ( 'NONE', #4933, #591 ) ;
#4987 = ORIENTED_EDGE ( 'NONE', *, *, #7588, .T. ) ;
#4988 = ORIENTED_EDGE ( 'NONE', *, *, #4850, .F. ) ;
#4989 = DIRECTION ( 'NONE',  ( -1.000000000000000000, 0.000000000000000000, 0.000000000000000000 ) ) ;
#4990 = EDGE_CURVE ( 'NONE', #5126, #1515, #2277, .T. ) ;
#4991 = CIRCLE ( 'NONE', #8114, 0.1249999999999996808 ) ;
#4992 = FILL_AREA_STYLE_COLOUR ( '', #3958 ) ;
#4993 = DIRECTION ( 'NONE',  ( 0.000000000000000000, -1.000000000000000000, 0.000000000000000000 ) ) ;
#4994 = LINE ( 'NONE', #8124, #4446 ) ;
#4995 = CARTESIAN_POINT ( 'NONE',  ( 0.8750000000000012212, 0.1999999999999999833, 1.500000000000000444 ) ) ;
#4996 = ORIENTED_EDGE ( 'NONE', *, *, #917, .T. ) ;
#4997 = LINE ( 'NONE', #7988, #6465 ) ;
#4998 = ORIENTED_EDGE ( 'NONE', *, *, #6848, .F. ) ;
#4999 = DIRECTION ( 'NONE',  ( 0.000000000000000000, 0.000000000000000000, 1.000000000000000000 ) ) ;
#5000 = ORIENTED_EDGE ( 'NONE', *, *, #5792, .F. ) ;
#5001 = CARTESIAN_POINT ( 'NONE',  ( -0.8749999999999993339, 0.04999999999999969746, -1.450000000000000622 ) ) ;
#5002 = CARTESIAN_POINT ( 'NONE',  ( 1.950000000000002176, 0.05000000000000000278, -1.450000000000000622 ) ) ;
#5003 = CARTESIAN_POINT ( 'NONE',  ( -1.725000000000001199, 0.000000000000000000, -1.000000000000000222 ) ) ;
#5004 = ORIENTED_EDGE ( 'NONE', *, *, #2103, .F. ) ;
#5005 = PLANE ( 'NONE',  #1490 ) ;
#5006 = EDGE_CURVE ( 'NONE', #3029, #8354, #7551, .T. ) ;
#5007 = DIRECTION ( 'NONE',  ( 0.000000000000000000, -1.000000000000000000, 0.000000000000000000 ) ) ;
#5008 = CARTESIAN_POINT ( 'NONE',  ( 1.125000000000000666, 0.1000000000000000056, -1.500000000000000444 ) ) ;
#5009 = CARTESIAN_POINT ( 'NONE',  ( 0.000000000000000000, 0.05000000000000000278, 0.8499999999999997558 ) ) ;
#5010 = ADVANCED_FACE ( 'NONE', ( #5451 ), #6760, .F. ) ;
#5011 = VERTEX_POINT ( 'NONE', #8431 ) ;
#5012 = ORIENTED_EDGE ( 'NONE', *, *, #406, .T. ) ;
#5013 = EDGE_CURVE ( 'NONE', #6579, #7534, #3824, .T. ) ;
#5014 = CARTESIAN_POINT ( 'NONE',  ( 1.250000000000000666, 0.2000000000000000111, 1.100000000000000977 ) ) ;
#5015 = LINE ( 'NONE', #8050, #4310 ) ;
#5016 = CARTESIAN_POINT ( 'NONE',  ( 1.375000000000000444, 0.2000000000000000111, 1.225000000000000755 ) ) ;
#5017 = EDGE_CURVE ( 'NONE', #3007, #9194, #4713, .T. ) ;
#5018 = VERTEX_POINT ( 'NONE', #7703 ) ;
#5019 = PLANE ( 'NONE',  #9658 ) ;
#5020 = DIRECTION ( 'NONE',  ( 0.000000000000000000, 1.000000000000000000, 0.000000000000000000 ) ) ;
#5021 =( LENGTH_UNIT ( ) NAMED_UNIT ( * ) SI_UNIT ( .MILLI., .METRE. ) );
#5022 = VERTEX_POINT ( 'NONE', #9708 ) ;
#5023 = DIRECTION ( 'NONE',  ( -0.000000000000000000, 0.000000000000000000, -1.000000000000000000 ) ) ;
#5024 = EDGE_CURVE ( 'NONE', #8265, #4359, #8960, .T. ) ;
#5025 = PLANE ( 'NONE',  #4766 ) ;
#5026 = ORIENTED_EDGE ( 'NONE', *, *, #7805, .F. ) ;
#5027 = CARTESIAN_POINT ( 'NONE',  ( 1.725000000000000755, 0.1000000000000000472, -0.3749999999999993339 ) ) ;
#5028 = EDGE_CURVE ( 'NONE', #430, #4596, #3051, .T. ) ;
#5029 = DIRECTION ( 'NONE',  ( 3.469446951953617739E-15, 0.000000000000000000, 1.000000000000000000 ) ) ;
#5030 = PLANE ( 'NONE',  #6700 ) ;
#5031 = ADVANCED_FACE ( 'NONE', ( #5334 ), #1618, .T. ) ;
#5032 = PLANE ( 'NONE',  #3249 ) ;
#5033 = FACE_OUTER_BOUND ( 'NONE', #9094, .T. ) ;
#5034 = ORIENTED_EDGE ( 'NONE', *, *, #6255, .T. ) ;
#5035 = ORIENTED_EDGE ( 'NONE', *, *, #339, .T. ) ;
#5036 = FILL_AREA_STYLE_COLOUR ( '', #2074 ) ;
#5037 = EDGE_CURVE ( 'NONE', #7970, #554, #6016, .T. ) ;
#5038 = DIRECTION ( 'NONE',  ( -3.154042683594199163E-15, 0.000000000000000000, 1.000000000000000000 ) ) ;
#5039 = DIRECTION ( 'NONE',  ( 0.000000000000000000, -0.000000000000000000, 1.000000000000000000 ) ) ;
#5040 = DIRECTION ( 'NONE',  ( 0.000000000000000000, 0.000000000000000000, 1.000000000000000000 ) ) ;
#5041 = DIRECTION ( 'NONE',  ( 1.000000000000000000, 0.000000000000000000, -7.885106708985511714E-16 ) ) ;
#5042 = ORIENTED_EDGE ( 'NONE', *, *, #9200, .F. ) ;
#5043 = CARTESIAN_POINT ( 'NONE',  ( -1.124999999999999334, 0.05000000000000000278, 1.450000000000000178 ) ) ;
#5044 = ORIENTED_EDGE ( 'NONE', *, *, #7588, .F. ) ;
#5045 = DIRECTION ( 'NONE',  ( -1.577021341797097018E-15, -0.000000000000000000, 1.000000000000000000 ) ) ;
#5046 = ORIENTED_EDGE ( 'NONE', *, *, #4817, .T. ) ;
#5047 = DIRECTION ( 'NONE',  ( 0.000000000000000000, -1.000000000000000000, 0.000000000000000000 ) ) ;
#5048 = FACE_OUTER_BOUND ( 'NONE', #3924, .T. ) ;
#5049 = EDGE_LOOP ( 'NONE', ( #9649, #5104, #4214, #7157, #8085, #1995 ) ) ;
#5050 = CARTESIAN_POINT ( 'NONE',  ( 1.950000000000002176, 0.1000000000000000056, 1.450000000000000178 ) ) ;
#5051 = DIRECTION ( 'NONE',  ( -0.000000000000000000, -1.000000000000000000, -0.000000000000000000 ) ) ;
#5052 = AXIS2_PLACEMENT_3D ( 'NONE', #288, #4748, #8463 ) ;
#5053 = CARTESIAN_POINT ( 'NONE',  ( -0.6249999999999987788, 0.1000000000000002554, -1.500000000000000222 ) ) ;
#5054 = CARTESIAN_POINT ( 'NONE',  ( -1.950000000000001066, 0.1000000000000000056, -1.450000000000000622 ) ) ;
#5055 = ORIENTED_EDGE ( 'NONE', *, *, #978, .T. ) ;
#5056 = VECTOR ( 'NONE', #5882, 1000.000000000000000 ) ;
#5057 = CARTESIAN_POINT ( 'NONE',  ( -2.000000000000000000, 0.1000000000000000472, -0.1249999999999992506 ) ) ;
#5058 = MECHANICAL_DESIGN_GEOMETRIC_PRESENTATION_REPRESENTATION (  '', ( #5976 ), #5359 ) ;
#5059 = ORIENTED_EDGE ( 'NONE', *, *, #9624, .F. ) ;
#5060 = FACE_OUTER_BOUND ( 'NONE', #5235, .T. ) ;
#5061 = DIRECTION ( 'NONE',  ( -1.000000000000000000, 0.000000000000000000, -3.942553354492743531E-16 ) ) ;
#5062 = AXIS2_PLACEMENT_3D ( 'NONE', #1649, #4592, #6203 ) ;
#5063 = CARTESIAN_POINT ( 'NONE',  ( -1.124999999999999334, 0.1000000000000000056, -1.450000000000000622 ) ) ;
#5064 = VECTOR ( 'NONE', #2836, 1000.000000000000000 ) ;
#5065 = ORIENTED_EDGE ( 'NONE', *, *, #2627, .F. ) ;
#5066 = EDGE_CURVE ( 'NONE', #5318, #161, #8530, .T. ) ;
#5067 = EDGE_CURVE ( 'NONE', #6752, #7086, #6277, .T. ) ;
#5068 = CARTESIAN_POINT ( 'NONE',  ( -2.000000000000000000, 0.1000000000000000472, 0.8750000000000007772 ) ) ;
#5069 = VECTOR ( 'NONE', #6353, 1000.000000000000000 ) ;
#5070 = ORIENTED_EDGE ( 'NONE', *, *, #6390, .F. ) ;
#5071 = ADVANCED_FACE ( 'NONE', ( #4862 ), #441, .F. ) ;
#5072 = VERTEX_POINT ( 'NONE', #4179 ) ;
#5073 = PLANE ( 'NONE',  #7430 ) ;
#5074 =( GEOMETRIC_REPRESENTATION_CONTEXT ( 3 ) GLOBAL_UNCERTAINTY_ASSIGNED_CONTEXT ( ( #6907 ) ) GLOBAL_UNIT_ASSIGNED_CONTEXT ( ( #9090, #7440, #8347 ) ) REPRESENTATION_CONTEXT ( 'NONE', 'WORKASPACE' ) );
#5075 = LINE ( 'NONE', #648, #2646 ) ;
#5076 = ADVANCED_FACE ( 'NONE', ( #8672 ), #9218, .F. ) ;
#5077 = VECTOR ( 'NONE', #2520, 1000.000000000000000 ) ;
#5078 = ORIENTED_EDGE ( 'NONE', *, *, #4773, .T. ) ;
#5079 = VERTEX_POINT ( 'NONE', #7859 ) ;
#5080 = ORIENTED_EDGE ( 'NONE', *, *, #5902, .F. ) ;
#5082 = EDGE_CURVE ( 'NONE', #4783, #1110, #7957, .T. ) ;
#5081 =( LENGTH_UNIT ( ) NAMED_UNIT ( * ) SI_UNIT ( .MILLI., .METRE. ) );
#5083 = DIRECTION ( 'NONE',  ( -1.000000000000000000, 0.000000000000000000, -3.942553354492743531E-16 ) ) ;
#5084 = DIRECTION ( 'NONE',  ( 0.000000000000000000, 1.000000000000000000, 0.000000000000000000 ) ) ;
#5085 = EDGE_CURVE ( 'NONE', #3040, #7100, #4778, .T. ) ;
#5086 = VECTOR ( 'NONE', #6708, 1000.000000000000000 ) ;
#5087 = CARTESIAN_POINT ( 'NONE',  ( 1.725000000000000755, 0.6716990566028313570, 0.1250000000000006661 ) ) ;
#5088 = EDGE_LOOP ( 'NONE', ( #2687, #8003, #7143, #3303 ) ) ;
#5089 = CARTESIAN_POINT ( 'NONE',  ( 1.950000000000002176, 0.1000000000000000056, -1.450000000000000622 ) ) ;
#5090 = CARTESIAN_POINT ( 'NONE',  ( -0.6249999999999996669, 0.2000000000000000111, -1.225000000000000755 ) ) ;
#5091 = EDGE_CURVE ( 'NONE', #8877, #4338, #3247, .T. ) ;
#5092 = AXIS2_PLACEMENT_3D ( 'NONE', #8271, #2082, #5061 ) ;
#5093 = ORIENTED_EDGE ( 'NONE', *, *, #814, .T. ) ;
#5094 = DIRECTION ( 'NONE',  ( 0.000000000000000000, -0.000000000000000000, -1.000000000000000000 ) ) ;
#5095 = ORIENTED_EDGE ( 'NONE', *, *, #3253, .T. ) ;
#5096 = LINE ( 'NONE', #5180, #5389 ) ;
#5097 = VECTOR ( 'NONE', #1053, 1000.000000000000000 ) ;
#5098 = VECTOR ( 'NONE', #8611, 1000.000000000000000 ) ;
#5099 = FACE_OUTER_BOUND ( 'NONE', #8730, .T. ) ;
#5100 = CARTESIAN_POINT ( 'NONE',  ( -0.6249999999999987788, 0.1000000000000000472, 1.500000000000000444 ) ) ;
#5101 = ORIENTED_EDGE ( 'NONE', *, *, #2993, .F. ) ;
#5102 = DIRECTION ( 'NONE',  ( 3.469446951953617739E-15, 0.000000000000000000, -1.000000000000000000 ) ) ;
#5103 = DIRECTION ( 'NONE',  ( -3.469446951953617739E-15, 0.000000000000000000, 1.000000000000000000 ) ) ;
#5104 = ORIENTED_EDGE ( 'NONE', *, *, #8821, .T. ) ;
#5105 = PLANE ( 'NONE',  #7717 ) ;
#5106 = VERTEX_POINT ( 'NONE', #4028 ) ;
#5107 = CARTESIAN_POINT ( 'NONE',  ( -0.1249999999999989730, 0.2000000000000000111, 1.450000000000000178 ) ) ;
#5108 =( GEOMETRIC_REPRESENTATION_CONTEXT ( 3 ) GLOBAL_UNCERTAINTY_ASSIGNED_CONTEXT ( ( #1432 ) ) GLOBAL_UNIT_ASSIGNED_CONTEXT ( ( #5021, #2826, #7334 ) ) REPRESENTATION_CONTEXT ( 'NONE', 'WORKASPACE' ) );
#5109 = ORIENTED_EDGE ( 'NONE', *, *, #1722, .F. ) ;
#5110 = EDGE_CURVE ( 'NONE', #7625, #1868, #301, .T. ) ;
#5111 = CARTESIAN_POINT ( 'NONE',  ( -1.725000000000000755, 0.2000000000000000944, -0.3749999999999993339 ) ) ;
#5112 = CARTESIAN_POINT ( 'NONE',  ( -1.725000000000000755, 0.1999999999999999833, -1.125000000000000444 ) ) ;
#5113 = CYLINDRICAL_SURFACE ( 'NONE', #1139, 0.1249999999999996808 ) ;
#5114 = VECTOR ( 'NONE', #7142, 1000.000000000000000 ) ;
#5115 = VERTEX_POINT ( 'NONE', #7062 ) ;
#5116 = LINE ( 'NONE', #5895, #1385 ) ;
#5117 = VERTEX_POINT ( 'NONE', #4079 ) ;
#5118 = CARTESIAN_POINT ( 'NONE',  ( -1.349999999999999867, 0.000000000000000000, -0.8499999999999999778 ) ) ;
#5119 = LINE ( 'NONE', #1399, #5998 ) ;
#5120 = AXIS2_PLACEMENT_3D ( 'NONE', #8524, #341, #3340 ) ;
#5121 = ADVANCED_FACE ( 'NONE', ( #1135 ), #7165, .F. ) ;
#5122 = CARTESIAN_POINT ( 'NONE',  ( 1.950000000000002176, 0.1000000000000000056, -1.450000000000000622 ) ) ;
#5123 = LINE ( 'NONE', #600, #9528 ) ;
#5124 = ADVANCED_FACE ( 'NONE', ( #8626 ), #1187, .F. ) ;
#5125 = VECTOR ( 'NONE', #452, 1000.000000000000000 ) ;
#5126 = VERTEX_POINT ( 'NONE', #6421 ) ;
#5127 = ORIENTED_EDGE ( 'NONE', *, *, #1067, .F. ) ;
#5128 = ORIENTED_EDGE ( 'NONE', *, *, #2740, .F. ) ;
#5129 = PLANE ( 'NONE',  #241 ) ;
#5130 = EDGE_CURVE ( 'NONE', #7065, #2101, #1768, .T. ) ;
#5131 = FACE_OUTER_BOUND ( 'NONE', #1156, .T. ) ;
#5132 = EDGE_CURVE ( 'NONE', #6405, #187, #1034, .T. ) ;
#5133 = VECTOR ( 'NONE', #2014, 1000.000000000000000 ) ;
#5134 = LINE ( 'NONE', #2198, #681 ) ;
#5135 = ORIENTED_EDGE ( 'NONE', *, *, #391, .T. ) ;
#5136 = CARTESIAN_POINT ( 'NONE',  ( -1.725000000000000755, 0.6716990566028313570, -0.3749999999999993339 ) ) ;
#5137 = ADVANCED_FACE ( 'NONE', ( #3963 ), #4818, .T. ) ;
#5138 = ORIENTED_EDGE ( 'NONE', *, *, #2274, .F. ) ;
#5139 = LINE ( 'NONE', #6646, #855 ) ;
#5140 = ORIENTED_EDGE ( 'NONE', *, *, #710, .T. ) ;
#5141 = FACE_OUTER_BOUND ( 'NONE', #5540, .T. ) ;
#5142 = AXIS2_PLACEMENT_3D ( 'NONE', #7341, #8978, #7383 ) ;
#5143 = DIRECTION ( 'NONE',  ( 0.000000000000000000, -0.000000000000000000, -1.000000000000000000 ) ) ;
#5144 = CARTESIAN_POINT ( 'NONE',  ( 2.000000000000000000, 0.6716990566028313570, -1.124999999999999334 ) ) ;
#5145 = ADVANCED_FACE ( 'NONE', ( #6229 ), #5690, .F. ) ;
#5146 = CARTESIAN_POINT ( 'NONE',  ( -0.7499999999999993339, 0.000000000000000000, -1.225000000000000533 ) ) ;
#5147 = DIRECTION ( 'NONE',  ( 0.000000000000000000, 0.000000000000000000, -1.000000000000000000 ) ) ;
#5148 = CARTESIAN_POINT ( 'NONE',  ( 1.725000000000000755, 0.1000000000000000472, -0.8749999999999993339 ) ) ;
#5149 = EDGE_CURVE ( 'NONE', #1611, #2066, #2613, .T. ) ;
#5150 = ORIENTED_EDGE ( 'NONE', *, *, #8170, .T. ) ;
#5151 = ORIENTED_EDGE ( 'NONE', *, *, #6436, .T. ) ;
#5152 = FACE_OUTER_BOUND ( 'NONE', #8526, .T. ) ;
#5153 = UNCERTAINTY_MEASURE_WITH_UNIT (LENGTH_MEASURE( 1.000000000000000082E-05 ), #3806, 'distance_accuracy_value', 'NONE');
#5154 = DIRECTION ( 'NONE',  ( -1.000000000000000000, 0.000000000000000000, 0.000000000000000000 ) ) ;
#5155 = DIRECTION ( 'NONE',  ( 0.000000000000000000, 0.000000000000000000, 1.000000000000000000 ) ) ;
#5156 = DIRECTION ( 'NONE',  ( -1.000000000000000000, 0.000000000000000000, -3.154042683594198769E-15 ) ) ;
#5157 = VECTOR ( 'NONE', #3603, 1000.000000000000000 ) ;
#5158 = ORIENTED_EDGE ( 'NONE', *, *, #8344, .F. ) ;
#5159 = PLANE ( 'NONE',  #8739 ) ;
#5160 = CARTESIAN_POINT ( 'NONE',  ( -0.6249999999999987788, 0.1999999999999999833, -1.500000000000000444 ) ) ;
#5161 = ORIENTED_EDGE ( 'NONE', *, *, #8786, .F. ) ;
#5162 = CARTESIAN_POINT ( 'NONE',  ( 1.950000000000002176, 0.6716990566028313570, -0.3749999999999994449 ) ) ;
#5163 = DIRECTION ( 'NONE',  ( 2.551063935260010984E-16, 0.000000000000000000, 1.000000000000000000 ) ) ;
#5164 = CARTESIAN_POINT ( 'NONE',  ( 0.6250000000000009992, 0.000000000000000000, 1.225000000000000311 ) ) ;
#5165 = VERTEX_POINT ( 'NONE', #4958 ) ;
#5166 = EDGE_CURVE ( 'NONE', #6146, #889, #9608, .T. ) ;
#5167 = VERTEX_POINT ( 'NONE', #625 ) ;
#5168 = ORIENTED_EDGE ( 'NONE', *, *, #4850, .T. ) ;
#5169 = CARTESIAN_POINT ( 'NONE',  ( 1.950000000000002176, 0.1000000000000000056, -1.450000000000000622 ) ) ;
#5170 = DIRECTION ( 'NONE',  ( -0.000000000000000000, -1.000000000000000000, -0.000000000000000000 ) ) ;
#5171 = LINE ( 'NONE', #2109, #6628 ) ;
#5172 = ORIENTED_EDGE ( 'NONE', *, *, #8371, .F. ) ;
#5173 = LINE ( 'NONE', #6502, #4747 ) ;
#5174 = ORIENTED_EDGE ( 'NONE', *, *, #5232, .T. ) ;
#5175 = CARTESIAN_POINT ( 'NONE',  ( -1.249999999999999334, 0.2000000000000000111, 1.225000000000000533 ) ) ;
#5176 = CARTESIAN_POINT ( 'NONE',  ( 0.7500000000000006661, 0.000000000000000000, 1.225000000000000533 ) ) ;
#5177 = EDGE_CURVE ( 'NONE', #5684, #5285, #8808, .T. ) ;
#5178 = ORIENTED_EDGE ( 'NONE', *, *, #1930, .T. ) ;
#5179 = VECTOR ( 'NONE', #2792, 1000.000000000000000 ) ;
#5180 = CARTESIAN_POINT ( 'NONE',  ( 2.000000000000000888, 0.6716990566028313570, -0.3749999999999994449 ) ) ;
#5181 = CARTESIAN_POINT ( 'NONE',  ( 0.000000000000000000, 0.05000000000000000278, 1.450000000000000178 ) ) ;
#5182 =( LENGTH_UNIT ( ) NAMED_UNIT ( * ) SI_UNIT ( .MILLI., .METRE. ) );
#5183 = CIRCLE ( 'NONE', #6931, 0.1249999999999996808 ) ;
#5184 = VERTEX_POINT ( 'NONE', #2030 ) ;
#5185 = PLANE ( 'NONE',  #5196 ) ;
#5186 = EDGE_LOOP ( 'NONE', ( #1173, #7571, #8149, #3609, #3118, #4996 ) ) ;
#5187 = EDGE_CURVE ( 'NONE', #4338, #8139, #8764, .T. ) ;
#5188 = EDGE_LOOP ( 'NONE', ( #2853, #72, #3633, #197, #7386, #6563 ) ) ;
#5189 = VECTOR ( 'NONE', #8872, 1000.000000000000000 ) ;
#5190 = DIRECTION ( 'NONE',  ( 0.000000000000000000, 0.000000000000000000, -1.000000000000000000 ) ) ;
#5191 = EDGE_CURVE ( 'NONE', #3265, #2331, #844, .T. ) ;
#5192 = EDGE_CURVE ( 'NONE', #1497, #7684, #5784, .T. ) ;
#5193 = LINE ( 'NONE', #3685, #5189 ) ;
#5194 = CYLINDRICAL_SURFACE ( 'NONE', #3725, 0.1249999999999996808 ) ;
#5195 = FACE_OUTER_BOUND ( 'NONE', #2152, .T. ) ;
#5196 = AXIS2_PLACEMENT_3D ( 'NONE', #8228, #1331, #1514 ) ;
#5197 = ORIENTED_EDGE ( 'NONE', *, *, #4250, .F. ) ;
#5198 = CARTESIAN_POINT ( 'NONE',  ( 1.250000000000000666, 0.6716990566028301357, -1.225000000000000533 ) ) ;
#5199 = DIRECTION ( 'NONE',  ( 0.000000000000000000, -1.000000000000000000, 0.000000000000000000 ) ) ;
#5200 = EDGE_CURVE ( 'NONE', #5303, #1319, #7214, .T. ) ;
#5201 = AXIS2_PLACEMENT_3D ( 'NONE', #4825, #7864, #3443 ) ;
#5202 = ORIENTED_EDGE ( 'NONE', *, *, #628, .T. ) ;
#5203 =( LENGTH_UNIT ( ) NAMED_UNIT ( * ) SI_UNIT ( .MILLI., .METRE. ) );
#5204 = CARTESIAN_POINT ( 'NONE',  ( 2.000000000000000888, 0.6716990566028313570, 0.1250000000000005551 ) ) ;
#5205 = VECTOR ( 'NONE', #4894, 1000.000000000000000 ) ;
#5206 = ORIENTED_EDGE ( 'NONE', *, *, #9334, .F. ) ;
#5207 = DIRECTION ( 'NONE',  ( 0.000000000000000000, 0.000000000000000000, 1.000000000000000000 ) ) ;
#5208 = CARTESIAN_POINT ( 'NONE',  ( -0.6249999999999996669, 0.6716990566028301357, 1.225000000000000755 ) ) ;
#5209 = AXIS2_PLACEMENT_3D ( 'NONE', #8698, #505, #6439 ) ;
#5210 = ORIENTED_EDGE ( 'NONE', *, *, #7668, .T. ) ;
#5211 = VERTEX_POINT ( 'NONE', #5053 ) ;
#5212 = ORIENTED_EDGE ( 'NONE', *, *, #2643, .F. ) ;
#5213 = STYLED_ITEM ( 'NONE', ( #7942 ), #764 ) ;
#5214 = SURFACE_STYLE_USAGE ( .BOTH. , #5945 ) ;
#5215 = FACE_OUTER_BOUND ( 'NONE', #964, .T. ) ;
#5216 = CARTESIAN_POINT ( 'NONE',  ( -1.950000000000001066, 0.05000000000000000278, 1.450000000000000178 ) ) ;
#5217 = DIRECTION ( 'NONE',  ( -1.000000000000000000, 0.000000000000000000, 0.000000000000000000 ) ) ;
#5218 = VECTOR ( 'NONE', #1592, 1000.000000000000000 ) ;
#5219 = AXIS2_PLACEMENT_3D ( 'NONE', #5981, #6572, #3695 ) ;
#5220 = SURFACE_SIDE_STYLE ('',( #9504 ) ) ;
#5221 = VERTEX_POINT ( 'NONE', #1330 ) ;
#5222 = CARTESIAN_POINT ( 'NONE',  ( 2.000000000000000888, 0.2000000000000000944, -0.3749999999999994449 ) ) ;
#5223 = EDGE_LOOP ( 'NONE', ( #1718, #2148, #594, #2839, #8506, #295 ) ) ;
#5224 = VERTEX_POINT ( 'NONE', #1382 ) ;
#5225 = CARTESIAN_POINT ( 'NONE',  ( -0.3749999999999994449, 0.2000000000000000111, 1.500000000000000444 ) ) ;
#5226 = VECTOR ( 'NONE', #9277, 1000.000000000000000 ) ;
#5227 = DIRECTION ( 'NONE',  ( 0.000000000000000000, 1.000000000000000000, 0.000000000000000000 ) ) ;
#5228 = VECTOR ( 'NONE', #1800, 1000.000000000000000 ) ;
#5229 = DIRECTION ( 'NONE',  ( -1.000000000000000000, 0.000000000000000000, 3.154042683594198769E-15 ) ) ;
#5230 = AXIS2_PLACEMENT_3D ( 'NONE', #4551, #4598, #9097 ) ;
#5231 = PLANE ( 'NONE',  #2596 ) ;
#5232 = EDGE_CURVE ( 'NONE', #63, #8877, #6804, .T. ) ;
#5233 = DIRECTION ( 'NONE',  ( 0.000000000000000000, 0.000000000000000000, 1.000000000000000000 ) ) ;
#5234 = VECTOR ( 'NONE', #6426, 1000.000000000000000 ) ;
#5235 = EDGE_LOOP ( 'NONE', ( #3903, #3646, #9475, #501 ) ) ;
#5236 = PLANE ( 'NONE',  #1929 ) ;
#5237 = ORIENTED_EDGE ( 'NONE', *, *, #3101, .T. ) ;
#5238 = EDGE_CURVE ( 'NONE', #2533, #1709, #2165, .T. ) ;
#5239 = VERTEX_POINT ( 'NONE', #1237 ) ;
#5240 = DIRECTION ( 'NONE',  ( 0.000000000000000000, -1.000000000000000000, 0.000000000000000000 ) ) ;
#5241 = VECTOR ( 'NONE', #5498, 1000.000000000000000 ) ;
#5242 = AXIS2_PLACEMENT_3D ( 'NONE', #2975, #8890, #9640 ) ;
#5243 = EDGE_CURVE ( 'NONE', #1086, #6570, #3539, .T. ) ;
#5244 = ADVANCED_FACE ( 'NONE', ( #2850 ), #6468, .F. ) ;
#5245 = PLANE ( 'NONE',  #1342 ) ;
#5246 = CARTESIAN_POINT ( 'NONE',  ( -1.249999999999999334, 0.2000000000000000111, -1.225000000000000533 ) ) ;
#5247 = LINE ( 'NONE', #8237, #5702 ) ;
#5248 = ORIENTED_EDGE ( 'NONE', *, *, #806, .F. ) ;
#5249 = CARTESIAN_POINT ( 'NONE',  ( -1.124999999999999778, 0.2000000000000000111, -1.225000000000000755 ) ) ;
#5250 = CARTESIAN_POINT ( 'NONE',  ( 2.000000000000000888, 0.2000000000000000944, -0.8749999999999994449 ) ) ;
#5251 = VECTOR ( 'NONE', #2195, 1000.000000000000000 ) ;
#5252 = EDGE_CURVE ( 'NONE', #7975, #3068, #6600, .T. ) ;
#5253 = VECTOR ( 'NONE', #5476, 1000.000000000000000 ) ;
#5254 = ORIENTED_EDGE ( 'NONE', *, *, #28, .F. ) ;
#5255 = CARTESIAN_POINT ( 'NONE',  ( -1.950000000000001066, 0.1000000000000000056, -1.450000000000000622 ) ) ;
#5256 = CARTESIAN_POINT ( 'NONE',  ( -0.1249999999999996808, 0.04999999999999999584, -1.225000000000000755 ) ) ;
#5257 = DIRECTION ( 'NONE',  ( 0.000000000000000000, -1.000000000000000000, 0.000000000000000000 ) ) ;
#5258 = ADVANCED_FACE ( 'NONE', ( #1118 ), #4255, .F. ) ;
#5259 = VECTOR ( 'NONE', #6387, 1000.000000000000000 ) ;
#5260 = CARTESIAN_POINT ( 'NONE',  ( -1.124999999999998890, 0.1999999999999999833, -1.500000000000000444 ) ) ;
#5261 = ORIENTED_EDGE ( 'NONE', *, *, #1672, .T. ) ;
#5262 = DIRECTION ( 'NONE',  ( 1.000000000000000000, 0.000000000000000000, 7.885106708985511714E-16 ) ) ;
#5263 = VERTEX_POINT ( 'NONE', #9401 ) ;
#5264 = ORIENTED_EDGE ( 'NONE', *, *, #3793, .F. ) ;
#5265 = AXIS2_PLACEMENT_3D ( 'NONE', #4056, #2438, #2588 ) ;
#5266 = ORIENTED_EDGE ( 'NONE', *, *, #9529, .T. ) ;
#5267 = PLANE ( 'NONE',  #5543 ) ;
#5268 = CARTESIAN_POINT ( 'NONE',  ( 1.125000000000000666, 0.6716990566028301357, 1.500000000000000444 ) ) ;
#5269 = AXIS2_PLACEMENT_3D ( 'NONE', #4975, #7286, #2723 ) ;
#5270 = CARTESIAN_POINT ( 'NONE',  ( 1.725000000000000311, 0.1999999999999999833, -4.336808689942017736E-16 ) ) ;
#5271 = ORIENTED_EDGE ( 'NONE', *, *, #7250, .F. ) ;
#5272 = CARTESIAN_POINT ( 'NONE',  ( -2.000000000000000000, 0.1999999999999999833, -1.124999999999999334 ) ) ;
#5273 = VERTEX_POINT ( 'NONE', #2743 ) ;
#5274 = ORIENTED_EDGE ( 'NONE', *, *, #6261, .T. ) ;
#5275 = ORIENTED_EDGE ( 'NONE', *, *, #1234, .T. ) ;
#5276 = FACE_OUTER_BOUND ( 'NONE', #7332, .T. ) ;
#5277 = LINE ( 'NONE', #27, #5933 ) ;
#5278 = FACE_OUTER_BOUND ( 'NONE', #8964, .T. ) ;
#5279 = VECTOR ( 'NONE', #7418, 1000.000000000000000 ) ;
#5280 = DIRECTION ( 'NONE',  ( -3.469446951953611033E-15, 0.000000000000000000, 1.000000000000000000 ) ) ;
#5281 = LINE ( 'NONE', #1562, #541 ) ;
#5282 = CARTESIAN_POINT ( 'NONE',  ( -0.8749999999999994449, 0.000000000000000000, 1.500000000000000444 ) ) ;
#5283 = VERTEX_POINT ( 'NONE', #4939 ) ;
#5284 = CARTESIAN_POINT ( 'NONE',  ( 1.950000000000002176, 0.6716990566028313570, -1.124999999999999334 ) ) ;
#5285 = VERTEX_POINT ( 'NONE', #6448 ) ;
#5286 = ORIENTED_EDGE ( 'NONE', *, *, #4674, .T. ) ;
#5287 = EDGE_CURVE ( 'NONE', #9419, #4005, #4849, .T. ) ;
#5288 = VERTEX_POINT ( 'NONE', #9354 ) ;
#5289 = CARTESIAN_POINT ( 'NONE',  ( 2.000000000000000888, 0.6716990566028313570, -0.8749999999999994449 ) ) ;
#5290 = DIRECTION ( 'NONE',  ( -1.000000000000000000, 0.000000000000000000, 0.000000000000000000 ) ) ;
#5291 = CARTESIAN_POINT ( 'NONE',  ( 1.725000000000000755, 0.6716990566028313570, 0.3749999999999994449 ) ) ;
#5292 = EDGE_LOOP ( 'NONE', ( #2354, #2564, #8630, #7075 ) ) ;
#5293 = DIRECTION ( 'NONE',  ( 0.000000000000000000, -1.000000000000000000, 0.000000000000000000 ) ) ;
#5294 = ADVANCED_FACE ( 'NONE', ( #9445 ), #1071, .T. ) ;
#5295 = ORIENTED_EDGE ( 'NONE', *, *, #1844, .F. ) ;
#5296 = CARTESIAN_POINT ( 'NONE',  ( 1.950000000000002176, 0.09999999999999993616, 0.8750000000000007772 ) ) ;
#5297 = DIRECTION ( 'NONE',  ( 0.000000000000000000, 0.000000000000000000, -1.000000000000000000 ) ) ;
#5298 = DIRECTION ( 'NONE',  ( 0.000000000000000000, -1.000000000000000000, 0.000000000000000000 ) ) ;
#5299 = CLOSED_SHELL ( 'NONE', ( #2626, #7847, #5071, #1657, #5541, #5137, #6694, #3981, #8957 ) ) ;
#5300 = DIRECTION ( 'NONE',  ( 0.000000000000000000, 0.000000000000000000, 1.000000000000000000 ) ) ;
#5301 = EDGE_LOOP ( 'NONE', ( #3778, #6077, #217, #6925 ) ) ;
#5302 = CARTESIAN_POINT ( 'NONE',  ( -1.950000000000001066, 0.1000000000000000056, -1.450000000000000622 ) ) ;
#5303 = VERTEX_POINT ( 'NONE', #3330 ) ;
#5304 = ORIENTED_EDGE ( 'NONE', *, *, #8197, .T. ) ;
#5305 = EDGE_CURVE ( 'NONE', #1316, #7970, #5625, .T. ) ;
#5306 = DIRECTION ( 'NONE',  ( 0.000000000000000000, -1.000000000000000000, 0.000000000000000000 ) ) ;
#5307 = CARTESIAN_POINT ( 'NONE',  ( 2.000000000000000000, 0.6716990566028313570, -0.1249999999999992506 ) ) ;
#5308 = FILL_AREA_STYLE_COLOUR ( '', #2883 ) ;
#5309 = DIRECTION ( 'NONE',  ( 0.000000000000000000, -1.000000000000000000, 0.000000000000000000 ) ) ;
#5310 = CARTESIAN_POINT ( 'NONE',  ( -2.000000000000000888, 0.1000000000000002554, 1.500000000000000000 ) ) ;
#5311 = ADVANCED_FACE ( 'NONE', ( #7886 ), #6409, .T. ) ;
#5312 = ADVANCED_FACE ( 'NONE', ( #8656 ), #1953, .T. ) ;
#5313 = LINE ( 'NONE', #2980, #5218 ) ;
#5314 = ORIENTED_EDGE ( 'NONE', *, *, #3459, .T. ) ;
#5315 = FACE_OUTER_BOUND ( 'NONE', #2211, .T. ) ;
#5316 = CARTESIAN_POINT ( 'NONE',  ( -0.1249999999999996808, 0.2000000000000000111, -1.225000000000000755 ) ) ;
#5317 = ORIENTED_EDGE ( 'NONE', *, *, #4427, .T. ) ;
#5318 = VERTEX_POINT ( 'NONE', #7436 ) ;
#5319 = VERTEX_POINT ( 'NONE', #655 ) ;
#5320 = ADVANCED_FACE ( 'NONE', ( #607 ), #5129, .T. ) ;
#5321 = LINE ( 'NONE', #6606, #2006 ) ;
#5322 = CARTESIAN_POINT ( 'NONE',  ( 1.725000000000000755, 0.2000000000000000944, -0.6250000000000005551 ) ) ;
#5323 = DIRECTION ( 'NONE',  ( 0.000000000000000000, -0.000000000000000000, -1.000000000000000000 ) ) ;
#5324 = CARTESIAN_POINT ( 'NONE',  ( -0.1500000000000000222, 0.000000000000000000, -0.8499999999999999778 ) ) ;
#5325 = CARTESIAN_POINT ( 'NONE',  ( -0.8749999999999990008, 0.1999999999999999833, 1.225000000000000311 ) ) ;
#5326 = ORIENTED_EDGE ( 'NONE', *, *, #8435, .T. ) ;
#5327 = CARTESIAN_POINT ( 'NONE',  ( 1.349999999999999645, 0.2000000000000000111, -0.8500000000000001998 ) ) ;
#5328 = COLOUR_RGB ( '',1.000000000000000000, 1.000000000000000000, 1.000000000000000000 ) ;
#5329 = ORIENTED_EDGE ( 'NONE', *, *, #7097, .F. ) ;
#5330 = ORIENTED_EDGE ( 'NONE', *, *, #6536, .T. ) ;
#5331 = EDGE_LOOP ( 'NONE', ( #1446, #6853, #9573, #839 ) ) ;
#5332 = DIRECTION ( 'NONE',  ( -0.000000000000000000, -1.000000000000000000, -0.000000000000000000 ) ) ;
#5333 = UNCERTAINTY_MEASURE_WITH_UNIT (LENGTH_MEASURE( 1.000000000000000082E-05 ), #5081, 'distance_accuracy_value', 'NONE');
#5334 = FACE_OUTER_BOUND ( 'NONE', #8195, .T. ) ;
#5335 = PLANE ( 'NONE',  #2475 ) ;
#5336 = CARTESIAN_POINT ( 'NONE',  ( 1.725000000000000755, 0.2000000000000000944, -0.8749999999999993339 ) ) ;
#5337 = ORIENTED_EDGE ( 'NONE', *, *, #5944, .F. ) ;
#5338 = LINE ( 'NONE', #7806, #7642 ) ;
#5339 = DIRECTION ( 'NONE',  ( 1.000000000000000000, -0.000000000000000000, 3.942553354492742545E-16 ) ) ;
#5340 = CARTESIAN_POINT ( 'NONE',  ( -1.374999999999997113, 0.05000000000000000278, 2.168404344971004135E-15 ) ) ;
#5341 = ORIENTED_EDGE ( 'NONE', *, *, #4110, .T. ) ;
#5342 = PLANE ( 'NONE',  #3836 ) ;
#5343 = DIRECTION ( 'NONE',  ( 1.000000000000000000, 0.000000000000000000, 0.000000000000000000 ) ) ;
#5344 = SURFACE_STYLE_FILL_AREA ( #781 ) ;
#5345 = VECTOR ( 'NONE', #8913, 1000.000000000000000 ) ;
#5346 = ADVANCED_FACE ( 'NONE', ( #6638 ), #9686, .T. ) ;
#5347 = EDGE_CURVE ( 'NONE', #709, #6869, #6687, .T. ) ;
#5348 = CIRCLE ( 'NONE', #8644, 0.1250000000000001110 ) ;
#5349 = APPLICATION_PROTOCOL_DEFINITION ( 'draft international standard', 'automotive_design', 1998, #3535 ) ;
#5350 = ORIENTED_EDGE ( 'NONE', *, *, #199, .F. ) ;
#5351 = EDGE_LOOP ( 'NONE', ( #7560, #2061, #7683, #7838, #1423, #3484 ) ) ;
#5352 = ORIENTED_EDGE ( 'NONE', *, *, #2206, .F. ) ;
#5353 = CARTESIAN_POINT ( 'NONE',  ( 1.125000000000000888, 0.04999999999999999584, -1.225000000000000311 ) ) ;
#5354 = EDGE_CURVE ( 'NONE', #5938, #1896, #2764, .T. ) ;
#5355 = CARTESIAN_POINT ( 'NONE',  ( -1.725000000000000755, 0.000000000000000000, 0.3749999999999996669 ) ) ;
#5356 = CIRCLE ( 'NONE', #7726, 0.1249999999999996808 ) ;
#5357 = ORIENTED_EDGE ( 'NONE', *, *, #1987, .F. ) ;
#5358 = DIRECTION ( 'NONE',  ( -0.000000000000000000, -1.000000000000000000, -0.000000000000000000 ) ) ;
#5359 =( GEOMETRIC_REPRESENTATION_CONTEXT ( 3 ) GLOBAL_UNCERTAINTY_ASSIGNED_CONTEXT ( ( #5153 ) ) GLOBAL_UNIT_ASSIGNED_CONTEXT ( ( #3806, #3722, #5958 ) ) REPRESENTATION_CONTEXT ( 'NONE', 'WORKASPACE' ) );
#5360 = CARTESIAN_POINT ( 'NONE',  ( -1.606107883817426973, 0.8000000000000000444, -0.9464564315352734791 ) ) ;
#5361 = DIRECTION ( 'NONE',  ( 1.000000000000000000, 0.000000000000000000, -0.000000000000000000 ) ) ;
#5362 = CARTESIAN_POINT ( 'NONE',  ( -1.249999999999999334, 0.2000000000000000111, -1.225000000000000533 ) ) ;
#5363 = EDGE_CURVE ( 'NONE', #5822, #303, #8220, .T. ) ;
#5364 = PRESENTATION_STYLE_ASSIGNMENT (( #4498 ) ) ;
#5365 = VECTOR ( 'NONE', #8031, 1000.000000000000000 ) ;
#5366 = ORIENTED_EDGE ( 'NONE', *, *, #4282, .T. ) ;
#5367 = CARTESIAN_POINT ( 'NONE',  ( -1.725000000000000755, 0.6716990566028312459, 1.125000000000000666 ) ) ;
#5368 = DIRECTION ( 'NONE',  ( -1.000000000000000000, 0.000000000000000000, -7.885106708985511714E-16 ) ) ;
#5369 = VECTOR ( 'NONE', #4601, 1000.000000000000000 ) ;
#5370 = ORIENTED_EDGE ( 'NONE', *, *, #3286, .T. ) ;
#5371 = CARTESIAN_POINT ( 'NONE',  ( 0.6250000000000005551, 0.2000000000000000111, 1.500000000000000444 ) ) ;
#5372 = ORIENTED_EDGE ( 'NONE', *, *, #2164, .F. ) ;
#5373 = ORIENTED_EDGE ( 'NONE', *, *, #923, .F. ) ;
#5374 = LINE ( 'NONE', #5225, #2126 ) ;
#5375 = ADVANCED_FACE ( 'NONE', ( #5215 ), #5946, .F. ) ;
#5376 = LINE ( 'NONE', #5522, #9087 ) ;
#5377 = CARTESIAN_POINT ( 'NONE',  ( -1.124999999999999778, 0.2000000000000000111, 1.225000000000000755 ) ) ;
#5378 = CARTESIAN_POINT ( 'NONE',  ( -0.7499999999999993339, 0.6716990566028301357, -1.225000000000000533 ) ) ;
#5379 = VECTOR ( 'NONE', #1866, 1000.000000000000000 ) ;
#5380 = FACE_OUTER_BOUND ( 'NONE', #3955, .T. ) ;
#5381 = AXIS2_PLACEMENT_3D ( 'NONE', #6637, #8157, #4393 ) ;
#5382 = ADVANCED_FACE ( 'NONE', ( #2880 ), #7248, .T. ) ;
#5383 = CARTESIAN_POINT ( 'NONE',  ( -0.8749999999999990008, 0.000000000000000000, 1.225000000000000311 ) ) ;
#5384 = VERTEX_POINT ( 'NONE', #7347 ) ;
#5385 = LINE ( 'NONE', #3139, #4581 ) ;
#5386 = VECTOR ( 'NONE', #5309, 1000.000000000000000 ) ;
#5387 = VERTEX_POINT ( 'NONE', #9500 ) ;
#5388 = ORIENTED_EDGE ( 'NONE', *, *, #5792, .T. ) ;
#5389 = VECTOR ( 'NONE', #6507, 1000.000000000000000 ) ;
#5390 = ORIENTED_EDGE ( 'NONE', *, *, #4282, .F. ) ;
#5391 = LINE ( 'NONE', #6227, #6201 ) ;
#5392 = AXIS2_PLACEMENT_3D ( 'NONE', #1579, #4573, #884 ) ;
#5393 = AXIS2_PLACEMENT_3D ( 'NONE', #8744, #4244, #5029 ) ;
#5394 = DIRECTION ( 'NONE',  ( 0.000000000000000000, -1.000000000000000000, 0.000000000000000000 ) ) ;
#5395 = CARTESIAN_POINT ( 'NONE',  ( -2.000000000000000000, 0.1000000000000000472, 0.3750000000000007772 ) ) ;
#5396 = FACE_OUTER_BOUND ( 'NONE', #9673, .T. ) ;
#5397 = ORIENTED_EDGE ( 'NONE', *, *, #7224, .T. ) ;
#5398 = FACE_OUTER_BOUND ( 'NONE', #7881, .T. ) ;
#5399 = CARTESIAN_POINT ( 'NONE',  ( 1.725000000000000311, 0.1999999999999999833, -1.000000000000000444 ) ) ;
#5400 = ADVANCED_FACE ( 'NONE', ( #9550 ), #2837, .F. ) ;
#5401 = VECTOR ( 'NONE', #4268, 1000.000000000000000 ) ;
#5402 = VERTEX_POINT ( 'NONE', #1407 ) ;
#5403 = VECTOR ( 'NONE', #1812, 1000.000000000000000 ) ;
#5404 = DIRECTION ( 'NONE',  ( -0.000000000000000000, -1.000000000000000000, -0.000000000000000000 ) ) ;
#5405 = AXIS2_PLACEMENT_3D ( 'NONE', #8878, #2828, #7336 ) ;
#5406 = ORIENTED_EDGE ( 'NONE', *, *, #5192, .T. ) ;
#5407 = CARTESIAN_POINT ( 'NONE',  ( 1.375000000000001110, 0.1000000000000000056, 1.450000000000000178 ) ) ;
#5408 = ORIENTED_EDGE ( 'NONE', *, *, #8134, .T. ) ;
#5409 = ORIENTED_EDGE ( 'NONE', *, *, #8161, .F. ) ;
#5410 = LINE ( 'NONE', #6927, #1516 ) ;
#5411 = ORIENTED_EDGE ( 'NONE', *, *, #9016, .F. ) ;
#5412 = CARTESIAN_POINT ( 'NONE',  ( -0.1500000000000000222, 2.280865204668480750, -0.8499999999999999778 ) ) ;
#5413 = ADVANCED_FACE ( 'NONE', ( #5812 ), #8793, .T. ) ;
#5414 = CARTESIAN_POINT ( 'NONE',  ( 1.125000000000000666, 0.1000000000000000056, 1.450000000000000178 ) ) ;
#5415 = CIRCLE ( 'NONE', #3698, 0.1250000000000000555 ) ;
#5416 = CIRCLE ( 'NONE', #7941, 0.1249999999999996808 ) ;
#5417 = DIRECTION ( 'NONE',  ( 0.000000000000000000, -1.000000000000000000, 0.000000000000000000 ) ) ;
#5418 = ADVANCED_FACE ( 'NONE', ( #8074 ), #1364, .T. ) ;
#5419 = DIRECTION ( 'NONE',  ( -1.000000000000000000, 0.000000000000000000, -3.942553354492743531E-16 ) ) ;
#5420 = DIRECTION ( 'NONE',  ( 0.000000000000000000, 1.000000000000000000, 0.000000000000000000 ) ) ;
#5421 = CARTESIAN_POINT ( 'NONE',  ( -2.000000000000000888, 0.1000000000000000472, 0.6250000000000005551 ) ) ;
#5422 = VECTOR ( 'NONE', #6254, 1000.000000000000000 ) ;
#5423 = ORIENTED_EDGE ( 'NONE', *, *, #7256, .T. ) ;
#5424 = CARTESIAN_POINT ( 'NONE',  ( 0.5999999999999996447, 0.2000000000000000111, -0.8500000000000001998 ) ) ;
#5425 = ORIENTED_EDGE ( 'NONE', *, *, #8286, .T. ) ;
#5426 = ORIENTED_EDGE ( 'NONE', *, *, #9212, .T. ) ;
#5427 = PLANE ( 'NONE',  #3711 ) ;
#5428 = PLANE ( 'NONE',  #4403 ) ;
#5429 = EDGE_CURVE ( 'NONE', #7525, #3040, #5547, .T. ) ;
#5430 = CARTESIAN_POINT ( 'NONE',  ( 0.6250000000000009992, 0.04999999999999999584, 1.225000000000000311 ) ) ;
#5431 = EDGE_CURVE ( 'NONE', #7568, #6900, #7113, .T. ) ;
#5432 =( NAMED_UNIT ( * ) SI_UNIT ( $, .STERADIAN. ) SOLID_ANGLE_UNIT ( ) );
#5433 = DIRECTION ( 'NONE',  ( 0.000000000000000000, -1.000000000000000000, 0.000000000000000000 ) ) ;
#5434 = CIRCLE ( 'NONE', #5265, 0.1529626556016593086 ) ;
#5435 = EDGE_CURVE ( 'NONE', #4338, #3158, #2201, .T. ) ;
#5436 = CARTESIAN_POINT ( 'NONE',  ( -1.606107883817426973, 0.8000000000000000444, -1.099419087136932704 ) ) ;
#5437 = ORIENTED_EDGE ( 'NONE', *, *, #1197, .T. ) ;
#5438 = CARTESIAN_POINT ( 'NONE',  ( -2.000000000000000888, 0.1000000000000002554, 1.500000000000000000 ) ) ;
#5439 = ORIENTED_EDGE ( 'NONE', *, *, #782, .F. ) ;
#5440 = CARTESIAN_POINT ( 'NONE',  ( 1.950000000000002176, 0.1000000000000000056, -1.450000000000000622 ) ) ;
#5441 = EDGE_LOOP ( 'NONE', ( #3277, #7232, #7740, #5439 ) ) ;
#5442 = AXIS2_PLACEMENT_3D ( 'NONE', #2674, #494, #7231 ) ;
#5443 = EDGE_CURVE ( 'NONE', #2321, #8533, #9457, .T. ) ;
#5444 = DIRECTION ( 'NONE',  ( 0.000000000000000000, 0.000000000000000000, 1.000000000000000000 ) ) ;
#5445 = DIRECTION ( 'NONE',  ( 0.000000000000000000, -0.000000000000000000, 1.000000000000000000 ) ) ;
#5446 = ORIENTED_EDGE ( 'NONE', *, *, #2150, .F. ) ;
#5447 = CARTESIAN_POINT ( 'NONE',  ( -1.124999999999999334, 0.000000000000000000, -1.450000000000000622 ) ) ;
#5448 = UNCERTAINTY_MEASURE_WITH_UNIT (LENGTH_MEASURE( 1.000000000000000082E-05 ), #4384, 'distance_accuracy_value', 'NONE');
#5449 = VECTOR ( 'NONE', #1757, 1000.000000000000000 ) ;
#5450 = EDGE_CURVE ( 'NONE', #1909, #3600, #615, .T. ) ;
#5451 = FACE_OUTER_BOUND ( 'NONE', #4776, .T. ) ;
#5452 = CARTESIAN_POINT ( 'NONE',  ( 1.950000000000002176, 0.6716990566028312459, 0.8750000000000007772 ) ) ;
#5453 = EDGE_CURVE ( 'NONE', #8928, #8353, #3818, .T. ) ;
#5454 = ORIENTED_EDGE ( 'NONE', *, *, #6735, .F. ) ;
#5455 = CARTESIAN_POINT ( 'NONE',  ( -2.000000000000000888, 0.6716990566028313570, -0.3749999999999994449 ) ) ;
#5456 = CARTESIAN_POINT ( 'NONE',  ( -1.124999999999998890, 0.2000000000000000111, 1.500000000000000444 ) ) ;
#5457 =( LENGTH_UNIT ( ) NAMED_UNIT ( * ) SI_UNIT ( .MILLI., .METRE. ) );
#5458 = VECTOR ( 'NONE', #8559, 1000.000000000000000 ) ;
#5459 = VERTEX_POINT ( 'NONE', #8715 ) ;
#5460 = CARTESIAN_POINT ( 'NONE',  ( 1.375000000000000444, 0.2000000000000000111, 1.225000000000000755 ) ) ;
#5461 = DIRECTION ( 'NONE',  ( -1.000000000000000000, 0.000000000000000000, 7.885106708985511714E-16 ) ) ;
#5462 = LINE ( 'NONE', #6524, #2592 ) ;
#5463 =( NAMED_UNIT ( * ) SI_UNIT ( $, .STERADIAN. ) SOLID_ANGLE_UNIT ( ) );
#5464 = ORIENTED_EDGE ( 'NONE', *, *, #4227, .F. ) ;
#5465 = LINE ( 'NONE', #4777, #8515 ) ;
#5466 = ORIENTED_EDGE ( 'NONE', *, *, #1372, .T. ) ;
#5467 = ORIENTED_EDGE ( 'NONE', *, *, #1660, .F. ) ;
#5468 = CARTESIAN_POINT ( 'NONE',  ( -0.1249999999999988065, 0.1000000000000002554, 1.499999999999999778 ) ) ;
#5469 = CARTESIAN_POINT ( 'NONE',  ( -1.249999999999999334, 0.2000000000000000111, 1.225000000000000533 ) ) ;
#5470 = FACE_OUTER_BOUND ( 'NONE', #2519, .T. ) ;
#5471 = CARTESIAN_POINT ( 'NONE',  ( -1.606107883817426973, 0.6999999999999999556, -1.252381742738592152 ) ) ;
#5472 = ORIENTED_EDGE ( 'NONE', *, *, #2208, .F. ) ;
#5473 = LINE ( 'NONE', #8452, #4497 ) ;
#5474 = FACE_OUTER_BOUND ( 'NONE', #2971, .T. ) ;
#5475 = CLOSED_SHELL ( 'NONE', ( #9644, #6810, #3921, #9509, #6000, #5627 ) ) ;
#5476 = DIRECTION ( 'NONE',  ( 0.000000000000000000, -1.000000000000000000, 0.000000000000000000 ) ) ;
#5477 = EDGE_LOOP ( 'NONE', ( #6061, #4972, #3942, #9245 ) ) ;
#5478 = VERTEX_POINT ( 'NONE', #5817 ) ;
#5479 = DIRECTION ( 'NONE',  ( -0.000000000000000000, 0.000000000000000000, -1.000000000000000000 ) ) ;
#5480 = PLANE ( 'NONE',  #3259 ) ;
#5481 = LINE ( 'NONE', #85, #7400 ) ;
#5482 = DIRECTION ( 'NONE',  ( 0.000000000000000000, 1.000000000000000000, 0.000000000000000000 ) ) ;
#5483 = ORIENTED_EDGE ( 'NONE', *, *, #7831, .F. ) ;
#5484 = EDGE_CURVE ( 'NONE', #9525, #629, #2802, .T. ) ;
#5485 = CARTESIAN_POINT ( 'NONE',  ( 1.125000000000000666, 0.1000000000000000472, -1.500000000000000444 ) ) ;
#5486 = VERTEX_POINT ( 'NONE', #7258 ) ;
#5487 = PLANE ( 'NONE',  #4477 ) ;
#5488 = ORIENTED_EDGE ( 'NONE', *, *, #4804, .T. ) ;
#5489 = DIRECTION ( 'NONE',  ( 1.577021341797097018E-15, 0.000000000000000000, -1.000000000000000000 ) ) ;
#5490 = EDGE_LOOP ( 'NONE', ( #865, #5989, #7989, #2215 ) ) ;
#5491 = DIRECTION ( 'NONE',  ( 0.000000000000000000, -1.000000000000000000, 0.000000000000000000 ) ) ;
#5492 = DIRECTION ( 'NONE',  ( 1.000000000000000000, 0.000000000000000000, -0.000000000000000000 ) ) ;
#5493 = LINE ( 'NONE', #3106, #3485 ) ;
#5494 = ADVANCED_FACE ( 'NONE', ( #1374 ), #7394, .F. ) ;
#5495 = ORIENTED_EDGE ( 'NONE', *, *, #7176, .T. ) ;
#5496 = EDGE_CURVE ( 'NONE', #4954, #719, #5139, .T. ) ;
#5497 = VERTEX_POINT ( 'NONE', #5731 ) ;
#5498 = DIRECTION ( 'NONE',  ( 3.154042683594199163E-15, 0.000000000000000000, 1.000000000000000000 ) ) ;
#5499 = EDGE_CURVE ( 'NONE', #1412, #9545, #4358, .T. ) ;
#5500 = VERTEX_POINT ( 'NONE', #8898 ) ;
#5501 = LINE ( 'NONE', #4679, #7279 ) ;
#5502 = DIRECTION ( 'NONE',  ( 3.154042683594199163E-15, 0.000000000000000000, 1.000000000000000000 ) ) ;
#5503 = EDGE_CURVE ( 'NONE', #9653, #4521, #2941, .T. ) ;
#5504 = CARTESIAN_POINT ( 'NONE',  ( 0.000000000000000000, 0.000000000000000000, 0.000000000000000000 ) ) ;
#5505 = ORIENTED_EDGE ( 'NONE', *, *, #4242, .F. ) ;
#5506 = CARTESIAN_POINT ( 'NONE',  ( -0.3749999999999992228, 0.05000000000000000278, 1.450000000000000178 ) ) ;
#5507 = ORIENTED_EDGE ( 'NONE', *, *, #7420, .T. ) ;
#5508 = VERTEX_POINT ( 'NONE', #9554 ) ;
#5509 = CARTESIAN_POINT ( 'NONE',  ( 0.000000000000000000, 0.1000000000000000056, 0.000000000000000000 ) ) ;
#5510 = ORIENTED_EDGE ( 'NONE', *, *, #6509, .T. ) ;
#5511 = DIRECTION ( 'NONE',  ( 0.000000000000000000, 0.000000000000000000, 1.000000000000000000 ) ) ;
#5512 = ADVANCED_FACE ( 'NONE', ( #1413 ), #3665, .F. ) ;
#5513 = DIRECTION ( 'NONE',  ( 0.000000000000000000, -0.000000000000000000, -1.000000000000000000 ) ) ;
#5514 = VECTOR ( 'NONE', #6475, 1000.000000000000000 ) ;
#5515 = PLANE ( 'NONE',  #9617 ) ;
#5516 = ORIENTED_EDGE ( 'NONE', *, *, #3576, .F. ) ;
#5517 = CARTESIAN_POINT ( 'NONE',  ( 0.5999999999999996447, 0.000000000000000000, -0.8500000000000001998 ) ) ;
#5518 = VECTOR ( 'NONE', #1665, 1000.000000000000000 ) ;
#5519 = ORIENTED_EDGE ( 'NONE', *, *, #1302, .F. ) ;
#5520 = ORIENTED_EDGE ( 'NONE', *, *, #6806, .F. ) ;
#5521 = AXIS2_PLACEMENT_3D ( 'NONE', #8623, #6463, #1917 ) ;
#5522 = CARTESIAN_POINT ( 'NONE',  ( -1.725000000000000755, 0.000000000000000000, 1.125000000000000666 ) ) ;
#5523 = CARTESIAN_POINT ( 'NONE',  ( -0.3749999999999994449, 0.1999999999999999833, -1.500000000000000444 ) ) ;
#5524 = ADVANCED_FACE ( 'NONE', ( #7990 ), #1273, .T. ) ;
#5525 = CARTESIAN_POINT ( 'NONE',  ( 2.000000000000000888, 0.6716990566028313570, -0.3749999999999994449 ) ) ;
#5526 = CARTESIAN_POINT ( 'NONE',  ( -0.2499999999999993616, 0.000000000000000000, -1.225000000000000533 ) ) ;
#5527 = VECTOR ( 'NONE', #2342, 1000.000000000000000 ) ;
#5528 = VECTOR ( 'NONE', #2647, 1000.000000000000000 ) ;
#5529 = CARTESIAN_POINT ( 'NONE',  ( -2.000000000000000000, 0.1000000000000000472, -1.124999999999999334 ) ) ;
#5530 = ORIENTED_EDGE ( 'NONE', *, *, #9088, .T. ) ;
#5531 = LINE ( 'NONE', #1175, #2560 ) ;
#5532 = CARTESIAN_POINT ( 'NONE',  ( 1.125000000000000666, 0.1000000000000000056, -1.450000000000000622 ) ) ;
#5533 = ORIENTED_EDGE ( 'NONE', *, *, #2508, .T. ) ;
#5534 = CARTESIAN_POINT ( 'NONE',  ( 0.5999999999999996447, 0.2000000000000000944, -0.8500000000000001998 ) ) ;
#5535 = ORIENTED_EDGE ( 'NONE', *, *, #5559, .T. ) ;
#5536 = VECTOR ( 'NONE', #3322, 1000.000000000000000 ) ;
#5537 = LINE ( 'NONE', #5340, #8719 ) ;
#5538 = VECTOR ( 'NONE', #3154, 1000.000000000000000 ) ;
#5539 = LINE ( 'NONE', #6370, #2068 ) ;
#5540 = EDGE_LOOP ( 'NONE', ( #5772, #5210, #2601, #936, #6283, #2287 ) ) ;
#5541 = ADVANCED_FACE ( 'NONE', ( #8855 ), #5916, .T. ) ;
#5542 = FACE_OUTER_BOUND ( 'NONE', #8581, .T. ) ;
#5543 = AXIS2_PLACEMENT_3D ( 'NONE', #791, #6884, #7574 ) ;
#5544 = DIRECTION ( 'NONE',  ( 1.577021341797097018E-15, 0.000000000000000000, -1.000000000000000000 ) ) ;
#5545 = DIRECTION ( 'NONE',  ( -0.000000000000000000, -1.000000000000000000, -0.000000000000000000 ) ) ;
#5546 = EDGE_CURVE ( 'NONE', #2572, #7496, #7206, .T. ) ;
#5547 = CIRCLE ( 'NONE', #9327, 0.1249999999999996808 ) ;
#5548 = EDGE_LOOP ( 'NONE', ( #7135, #8218, #966, #8606 ) ) ;
#5549 = FACE_OUTER_BOUND ( 'NONE', #433, .T. ) ;
#5550 = VECTOR ( 'NONE', #697, 1000.000000000000000 ) ;
#5551 = ORIENTED_EDGE ( 'NONE', *, *, #8847, .F. ) ;
#5552 = CARTESIAN_POINT ( 'NONE',  ( 1.375000000000000444, 0.000000000000000000, -1.225000000000000755 ) ) ;
#5553 = ADVANCED_FACE ( 'NONE', ( #523 ), #9508, .T. ) ;
#5554 = EDGE_CURVE ( 'NONE', #8769, #5913, #8033, .T. ) ;
#5555 = ORIENTED_EDGE ( 'NONE', *, *, #1646, .F. ) ;
#5556 = DIRECTION ( 'NONE',  ( 1.577021341797097018E-15, 0.000000000000000000, -1.000000000000000000 ) ) ;
#5557 = LINE ( 'NONE', #4136, #4774 ) ;
#5558 = VECTOR ( 'NONE', #6054, 1000.000000000000000 ) ;
#5559 = EDGE_CURVE ( 'NONE', #4709, #5830, #6696, .T. ) ;
#5560 = VECTOR ( 'NONE', #9527, 1000.000000000000000 ) ;
#5561 = AXIS2_PLACEMENT_3D ( 'NONE', #6296, #6143, #1801 ) ;
#5562 = LINE ( 'NONE', #1846, #6513 ) ;
#5563 = LINE ( 'NONE', #7777, #5881 ) ;
#5564 = VECTOR ( 'NONE', #771, 1000.000000000000000 ) ;
#5565 = CARTESIAN_POINT ( 'NONE',  ( -0.7499999999999993339, 0.2000000000000000111, 1.225000000000000533 ) ) ;
#5566 = VERTEX_POINT ( 'NONE', #76 ) ;
#5567 = EDGE_CURVE ( 'NONE', #9547, #7579, #7622, .T. ) ;
#5568 = FACE_OUTER_BOUND ( 'NONE', #6589, .T. ) ;
#5569 = AXIS2_PLACEMENT_3D ( 'NONE', #5460, #3780, #6078 ) ;
#5570 = VECTOR ( 'NONE', #9114, 1000.000000000000000 ) ;
#5571 = DIRECTION ( 'NONE',  ( 1.000000000000000000, 0.000000000000000000, -0.000000000000000000 ) ) ;
#5572 = PLANE ( 'NONE',  #6470 ) ;
#5573 = DIRECTION ( 'NONE',  ( 0.000000000000000000, 1.000000000000000000, 0.000000000000000000 ) ) ;
#5574 = ORIENTED_EDGE ( 'NONE', *, *, #6159, .T. ) ;
#5575 = ORIENTED_EDGE ( 'NONE', *, *, #465, .F. ) ;
#5576 = DIRECTION ( 'NONE',  ( 1.000000000000000000, 0.000000000000000000, -7.885106708985511714E-16 ) ) ;
#5577 = VECTOR ( 'NONE', #351, 1000.000000000000000 ) ;
#5578 = DIRECTION ( 'NONE',  ( 3.942553354492743531E-16, 0.000000000000000000, -1.000000000000000000 ) ) ;
#5579 = CARTESIAN_POINT ( 'NONE',  ( 0.000000000000000000, 0.05000000000000000278, 0.8499999999999999778 ) ) ;
#5580 = CARTESIAN_POINT ( 'NONE',  ( -0.6249999999999996669, 0.000000000000000000, 1.225000000000000755 ) ) ;
#5581 = CIRCLE ( 'NONE', #1362, 0.1249999999999996808 ) ;
#5582 = DIRECTION ( 'NONE',  ( 1.577021341797097018E-15, 0.000000000000000000, -1.000000000000000000 ) ) ;
#5583 = LINE ( 'NONE', #3386, #7809 ) ;
#5584 = ORIENTED_EDGE ( 'NONE', *, *, #7836, .F. ) ;
#5585 = LINE ( 'NONE', #8573, #3350 ) ;
#5586 = ORIENTED_EDGE ( 'NONE', *, *, #8290, .F. ) ;
#5587 = VERTEX_POINT ( 'NONE', #3119 ) ;
#5588 = CARTESIAN_POINT ( 'NONE',  ( 2.000000000000000000, 0.000000000000000000, 0.8750000000000007772 ) ) ;
#5589 = AXIS2_PLACEMENT_3D ( 'NONE', #9435, #4930, #2732 ) ;
#5590 = CARTESIAN_POINT ( 'NONE',  ( -0.1249999999999996808, 0.1999999999999999833, 1.225000000000000755 ) ) ;
#5591 = VERTEX_POINT ( 'NONE', #8207 ) ;
#5592 = DIRECTION ( 'NONE',  ( 0.000000000000000000, 0.000000000000000000, 1.000000000000000000 ) ) ;
#5593 = DIRECTION ( 'NONE',  ( 1.000000000000000000, -0.000000000000000000, 3.942553354492743531E-16 ) ) ;
#5594 = CARTESIAN_POINT ( 'NONE',  ( -1.725000000000000755, 0.000000000000000000, -0.3749999999999993339 ) ) ;
#5595 = VECTOR ( 'NONE', #1811, 1000.000000000000000 ) ;
#5596 = ORIENTED_EDGE ( 'NONE', *, *, #1712, .T. ) ;
#5597 = EDGE_CURVE ( 'NONE', #6202, #6336, #1494, .T. ) ;
#5598 = LINE ( 'NONE', #1882, #7619 ) ;
#5599 = ORIENTED_EDGE ( 'NONE', *, *, #2326, .T. ) ;
#5600 = ORIENTED_EDGE ( 'NONE', *, *, #6998, .F. ) ;
#5601 = DIRECTION ( 'NONE',  ( -3.469446951953617739E-15, 0.000000000000000000, -1.000000000000000000 ) ) ;
#5602 = DIRECTION ( 'NONE',  ( 0.000000000000000000, -0.000000000000000000, 1.000000000000000000 ) ) ;
#5603 = LINE ( 'NONE', #403, #2085 ) ;
#5604 = EDGE_CURVE ( 'NONE', #9233, #3265, #5465, .T. ) ;
#5605 = AXIS2_PLACEMENT_3D ( 'NONE', #9165, #971, #145 ) ;
#5606 = CARTESIAN_POINT ( 'NONE',  ( -0.8749999999999993339, 0.6716990566028301357, 1.450000000000000178 ) ) ;
#5607 = LINE ( 'NONE', #7824, #5077 ) ;
#5608 = ORIENTED_EDGE ( 'NONE', *, *, #3589, .T. ) ;
#5609 = PLANE ( 'NONE',  #266 ) ;
#5610 = DIRECTION ( 'NONE',  ( 0.000000000000000000, -1.000000000000000000, 0.000000000000000000 ) ) ;
#5611 = EDGE_LOOP ( 'NONE', ( #2961, #8661, #6539, #2366, #2642, #5286 ) ) ;
#5612 = FILL_AREA_STYLE ('',( #1103 ) ) ;
#5613 = CARTESIAN_POINT ( 'NONE',  ( -2.000000000000000000, 0.000000000000000000, 0.3750000000000007772 ) ) ;
#5614 = ORIENTED_EDGE ( 'NONE', *, *, #1046, .F. ) ;
#5615 = PRODUCT_DEFINITION_FORMATION_WITH_SPECIFIED_SOURCE ( 'ANY', '', #1642, .NOT_KNOWN. ) ;
#5616 = CARTESIAN_POINT ( 'NONE',  ( 1.999999999999999112, 0.1000000000000002554, 1.499999999999999556 ) ) ;
#5617 = CARTESIAN_POINT ( 'NONE',  ( -1.349999999999999867, 0.2000000000000000111, -0.8499999999999999778 ) ) ;
#5618 = LINE ( 'NONE', #462, #9208 ) ;
#5619 = EDGE_CURVE ( 'NONE', #3688, #4058, #5563, .T. ) ;
#5620 = ORIENTED_EDGE ( 'NONE', *, *, #2878, .F. ) ;
#5621 = EDGE_LOOP ( 'NONE', ( #359, #5212, #5686, #2332 ) ) ;
#5622 = LINE ( 'NONE', #2593, #5179 ) ;
#5623 = LINE ( 'NONE', #6896, #7330 ) ;
#5624 = ADVANCED_FACE ( 'NONE', ( #313 ), #3364, .F. ) ;
#5625 = LINE ( 'NONE', #1864, #2133 ) ;
#5626 = DIRECTION ( 'NONE',  ( 0.000000000000000000, -1.000000000000000000, 0.000000000000000000 ) ) ;
#5627 = ADVANCED_FACE ( 'NONE', ( #8546 ), #361, .F. ) ;
#5628 = CLOSED_SHELL ( 'NONE', ( #4054, #6384, #2814, #9402, #7600, #5675, #3709, #8119 ) ) ;
#5629 = DIRECTION ( 'NONE',  ( 0.000000000000000000, -1.000000000000000000, 0.000000000000000000 ) ) ;
#5630 = CARTESIAN_POINT ( 'NONE',  ( 1.950000000000002176, 0.05000000000000000278, 0.3750000000000001110 ) ) ;
#5631 = ORIENTED_EDGE ( 'NONE', *, *, #6725, .T. ) ;
#5632 = CARTESIAN_POINT ( 'NONE',  ( -0.3749999999999994449, 0.1000000000000000056, 1.450000000000000178 ) ) ;
#5633 = EDGE_CURVE ( 'NONE', #5165, #3521, #3926, .T. ) ;
#5634 = CARTESIAN_POINT ( 'NONE',  ( -1.950000000000001066, 0.1000000000000000056, 1.450000000000000178 ) ) ;
#5635 = ORIENTED_EDGE ( 'NONE', *, *, #3056, .T. ) ;
#5636 = DIRECTION ( 'NONE',  ( -1.000000000000000000, 0.000000000000000000, 0.000000000000000000 ) ) ;
#5637 = EDGE_LOOP ( 'NONE', ( #4347, #7650, #448, #3562 ) ) ;
#5638 = CARTESIAN_POINT ( 'NONE',  ( -1.950000000000001066, 0.09999999999999993616, 0.6250000000000005551 ) ) ;
#5639 = CARTESIAN_POINT ( 'NONE',  ( 1.125000000000000666, 0.1999999999999999833, 1.500000000000000444 ) ) ;
#5640 = CARTESIAN_POINT ( 'NONE',  ( -0.8749999999999994449, 0.6716990566028301357, -1.500000000000000444 ) ) ;
#5641 = CYLINDRICAL_SURFACE ( 'NONE', #5521, 0.1249999999999996808 ) ;
#5642 = ORIENTED_EDGE ( 'NONE', *, *, #8910, .T. ) ;
#5643 = DIRECTION ( 'NONE',  ( -0.000000000000000000, -1.000000000000000000, -0.000000000000000000 ) ) ;
#5644 = CARTESIAN_POINT ( 'NONE',  ( -1.374999999999999556, 0.6716990566028301357, 1.500000000000000444 ) ) ;
#5645 = DIRECTION ( 'NONE',  ( 0.000000000000000000, 1.000000000000000000, 0.000000000000000000 ) ) ;
#5646 = ORIENTED_EDGE ( 'NONE', *, *, #3626, .T. ) ;
#5647 = CARTESIAN_POINT ( 'NONE',  ( 0.000000000000000000, 0.1000000000000000056, 0.000000000000000000 ) ) ;
#5648 = VERTEX_POINT ( 'NONE', #7722 ) ;
#5649 = LINE ( 'NONE', #7070, #2545 ) ;
#5650 = PLANE ( 'NONE',  #4303 ) ;
#5651 = VECTOR ( 'NONE', #9399, 1000.000000000000000 ) ;
#5652 = ORIENTED_EDGE ( 'NONE', *, *, #695, .F. ) ;
#5653 = LINE ( 'NONE', #8687, #4182 ) ;
#5654 = LINE ( 'NONE', #2722, #8099 ) ;
#5655 = CARTESIAN_POINT ( 'NONE',  ( -1.124999999999999334, 0.1000000000000000056, 1.450000000000000178 ) ) ;
#5656 = CARTESIAN_POINT ( 'NONE',  ( -1.725000000000001199, 0.000000000000000000, -1.000000000000000222 ) ) ;
#5657 = ORIENTED_EDGE ( 'NONE', *, *, #9146, .F. ) ;
#5658 = DIRECTION ( 'NONE',  ( 0.000000000000000000, 0.000000000000000000, -1.000000000000000000 ) ) ;
#5659 = PLANE ( 'NONE',  #6014 ) ;
#5660 = EDGE_CURVE ( 'NONE', #473, #6340, #5607, .T. ) ;
#5661 = VERTEX_POINT ( 'NONE', #5506 ) ;
#5662 = DIRECTION ( 'NONE',  ( 0.000000000000000000, -1.000000000000000000, 0.000000000000000000 ) ) ;
#5663 = CARTESIAN_POINT ( 'NONE',  ( -0.8749999999999994449, 0.1000000000000000472, 1.500000000000000444 ) ) ;
#5664 = DIRECTION ( 'NONE',  ( 0.000000000000000000, 1.000000000000000000, 0.000000000000000000 ) ) ;
#5665 = DIRECTION ( 'NONE',  ( 0.000000000000000000, 0.000000000000000000, -1.000000000000000000 ) ) ;
#5666 = DIRECTION ( 'NONE',  ( 0.000000000000000000, 0.000000000000000000, 1.000000000000000000 ) ) ;
#5667 = EDGE_CURVE ( 'NONE', #4864, #8887, #8491, .T. ) ;
#5668 = ORIENTED_EDGE ( 'NONE', *, *, #4951, .F. ) ;
#5669 = EDGE_LOOP ( 'NONE', ( #8112, #4465, #5317, #4741 ) ) ;
#5670 = AXIS2_PLACEMENT_3D ( 'NONE', #1018, #1988, #6427 ) ;
#5671 = CARTESIAN_POINT ( 'NONE',  ( 1.950000000000002176, 0.1000000000000000056, -1.450000000000000622 ) ) ;
#5672 = CARTESIAN_POINT ( 'NONE',  ( -0.1500000000000000222, 0.2000000000000000111, 0.8499999999999999778 ) ) ;
#5673 = DIRECTION ( 'NONE',  ( -1.000000000000000000, 0.000000000000000000, 3.942553354492743531E-16 ) ) ;
#5674 = LINE ( 'NONE', #9447, #960 ) ;
#5675 = ADVANCED_FACE ( 'NONE', ( #6133 ), #2574, .T. ) ;
#5676 = CARTESIAN_POINT ( 'NONE',  ( 0.8750000000000003331, 0.2000000000000000111, 1.225000000000000755 ) ) ;
#5677 = AXIS2_PLACEMENT_3D ( 'NONE', #9660, #2950, #6706 ) ;
#5678 = CARTESIAN_POINT ( 'NONE',  ( -0.1249999999999996808, 0.1999999999999999833, -1.225000000000000755 ) ) ;
#5679 = ORIENTED_EDGE ( 'NONE', *, *, #5238, .F. ) ;
#5680 = DIRECTION ( 'NONE',  ( -0.000000000000000000, -1.000000000000000000, -0.000000000000000000 ) ) ;
#5681 = VECTOR ( 'NONE', #7328, 1000.000000000000000 ) ;
#5682 = EDGE_CURVE ( 'NONE', #5786, #6634, #6288, .T. ) ;
#5683 = ORIENTED_EDGE ( 'NONE', *, *, #6865, .F. ) ;
#5684 = VERTEX_POINT ( 'NONE', #988 ) ;
#5685 = PLANE ( 'NONE',  #358 ) ;
#5686 = ORIENTED_EDGE ( 'NONE', *, *, #1262, .T. ) ;
#5687 = AXIS2_PLACEMENT_3D ( 'NONE', #5136, #521, #2800 ) ;
#5688 = EDGE_CURVE ( 'NONE', #8284, #1485, #9283, .T. ) ;
#5689 = LINE ( 'NONE', #3396, #4485 ) ;
#5690 = CYLINDRICAL_SURFACE ( 'NONE', #394, 0.1249999999999996808 ) ;
#5691 = DIRECTION ( 'NONE',  ( 0.000000000000000000, -1.000000000000000000, 0.000000000000000000 ) ) ;
#5692 = VECTOR ( 'NONE', #4946, 1000.000000000000000 ) ;
#5693 = ORIENTED_EDGE ( 'NONE', *, *, #7917, .F. ) ;
#5694 = VERTEX_POINT ( 'NONE', #5638 ) ;
#5695 = LINE ( 'NONE', #1195, #6128 ) ;
#5696 = LINE ( 'NONE', #3489, #5514 ) ;
#5697 = VECTOR ( 'NONE', #2734, 1000.000000000000000 ) ;
#5698 = AXIS2_PLACEMENT_3D ( 'NONE', #9085, #2381, #3992 ) ;
#5699 = EDGE_LOOP ( 'NONE', ( #2720, #4638, #9388, #7710 ) ) ;
#5700 = AXIS2_PLACEMENT_3D ( 'NONE', #7578, #1647, #4643 ) ;
#5701 = CARTESIAN_POINT ( 'NONE',  ( -1.124999999999998890, 0.1000000000000000472, 1.500000000000000444 ) ) ;
#5702 = VECTOR ( 'NONE', #8188, 1000.000000000000000 ) ;
#5703 = CYLINDRICAL_SURFACE ( 'NONE', #5269, 0.1249999999999996808 ) ;
#5704 = VECTOR ( 'NONE', #6574, 1000.000000000000000 ) ;
#5705 = ORIENTED_EDGE ( 'NONE', *, *, #6671, .T. ) ;
#5706 = DIRECTION ( 'NONE',  ( -1.000000000000000000, 0.000000000000000000, 3.942553354492743531E-16 ) ) ;
#5707 = CARTESIAN_POINT ( 'NONE',  ( -2.000000000000000888, 0.1000000000000000472, 1.125000000000000444 ) ) ;
#5708 = ORIENTED_EDGE ( 'NONE', *, *, #8089, .T. ) ;
#5709 = PLANE ( 'NONE',  #1078 ) ;
#5710 = CIRCLE ( 'NONE', #7295, 0.1249999999999996808 ) ;
#5711 = LINE ( 'NONE', #8697, #730 ) ;
#5712 = FACE_OUTER_BOUND ( 'NONE', #3351, .T. ) ;
#5713 = LINE ( 'NONE', #4985, #5697 ) ;
#5714 = FACE_OUTER_BOUND ( 'NONE', #1901, .T. ) ;
#5715 = PLANE ( 'NONE',  #6824 ) ;
#5716 = EDGE_CURVE ( 'NONE', #5117, #399, #6866, .T. ) ;
#5717 = ORIENTED_EDGE ( 'NONE', *, *, #4798, .F. ) ;
#5718 = ORIENTED_EDGE ( 'NONE', *, *, #1601, .F. ) ;
#5719 = SURFACE_STYLE_USAGE ( .BOTH. , #562 ) ;
#5720 = DIRECTION ( 'NONE',  ( -0.000000000000000000, 0.000000000000000000, -1.000000000000000000 ) ) ;
#5721 = VECTOR ( 'NONE', #6595, 1000.000000000000000 ) ;
#5722 = AXIS2_PLACEMENT_3D ( 'NONE', #2794, #8844, #5039 ) ;
#5723 = ADVANCED_FACE ( 'NONE', ( #3969 ), #6964, .F. ) ;
#5724 = CARTESIAN_POINT ( 'NONE',  ( 1.950000000000002176, 0.6716990566028313570, -0.6249999999999992228 ) ) ;
#5725 = LINE ( 'NONE', #4258, #2805 ) ;
#5726 = ORIENTED_EDGE ( 'NONE', *, *, #5966, .T. ) ;
#5727 = CARTESIAN_POINT ( 'NONE',  ( -1.249999999999999334, 0.2000000000000000111, 1.225000000000000533 ) ) ;
#5728 = AXIS2_PLACEMENT_3D ( 'NONE', #7388, #2338, #656 ) ;
#5729 = VECTOR ( 'NONE', #2589, 1000.000000000000000 ) ;
#5730 = VERTEX_POINT ( 'NONE', #1678 ) ;
#5731 = CARTESIAN_POINT ( 'NONE',  ( 1.725000000000000755, 0.000000000000000000, -1.125000000000000666 ) ) ;
#5732 = EDGE_CURVE ( 'NONE', #2790, #5828, #8818, .T. ) ;
#5733 = ORIENTED_EDGE ( 'NONE', *, *, #1722, .T. ) ;
#5734 = CYLINDRICAL_SURFACE ( 'NONE', #7939, 0.1249999999999996808 ) ;
#5735 = CARTESIAN_POINT ( 'NONE',  ( -1.249999999999999334, 0.000000000000000000, 1.225000000000000533 ) ) ;
#5736 = ORIENTED_EDGE ( 'NONE', *, *, #4839, .F. ) ;
#5737 = LINE ( 'NONE', #2809, #4947 ) ;
#5738 = DIRECTION ( 'NONE',  ( 0.000000000000000000, 1.000000000000000000, 0.000000000000000000 ) ) ;
#5739 = VECTOR ( 'NONE', #4883, 1000.000000000000000 ) ;
#5740 = EDGE_CURVE ( 'NONE', #1415, #4031, #9364, .T. ) ;
#5741 = CARTESIAN_POINT ( 'NONE',  ( 1.950000000000002176, 0.6716990566028313570, -0.3749999999999994449 ) ) ;
#5742 = EDGE_LOOP ( 'NONE', ( #1447, #5533 ) ) ;
#5743 = ADVANCED_FACE ( 'NONE', ( #1623 ), #8620, .F. ) ;
#5744 = VECTOR ( 'NONE', #1793, 1000.000000000000000 ) ;
#5745 = ORIENTED_EDGE ( 'NONE', *, *, #1437, .F. ) ;
#5746 = DIRECTION ( 'NONE',  ( 1.000000000000000000, 0.000000000000000000, -3.942553354492742545E-16 ) ) ;
#5747 = DIRECTION ( 'NONE',  ( -0.000000000000000000, -1.000000000000000000, -0.000000000000000000 ) ) ;
#5748 = ADVANCED_FACE ( 'NONE', ( #3870 ), #1725, .F. ) ;
#5749 = EDGE_CURVE ( 'NONE', #9126, #5478, #3200, .T. ) ;
#5750 = AXIS2_PLACEMENT_3D ( 'NONE', #4275, #2905, #3084 ) ;
#5751 = DIRECTION ( 'NONE',  ( 0.000000000000000000, -1.000000000000000000, 0.000000000000000000 ) ) ;
#5752 = EDGE_LOOP ( 'NONE', ( #2729, #3442, #5789, #5366 ) ) ;
#5753 = DIRECTION ( 'NONE',  ( 0.000000000000000000, -1.000000000000000000, 0.000000000000000000 ) ) ;
#5754 = CIRCLE ( 'NONE', #6525, 0.1250000000000000555 ) ;
#5755 = DIRECTION ( 'NONE',  ( 0.000000000000000000, 1.000000000000000000, 0.000000000000000000 ) ) ;
#5756 = DIRECTION ( 'NONE',  ( 0.000000000000000000, -0.000000000000000000, -1.000000000000000000 ) ) ;
#5757 = ORIENTED_EDGE ( 'NONE', *, *, #165, .F. ) ;
#5758 =( LENGTH_UNIT ( ) NAMED_UNIT ( * ) SI_UNIT ( .MILLI., .METRE. ) );
#5759 = DIRECTION ( 'NONE',  ( 1.000000000000000000, 0.000000000000000000, -0.000000000000000000 ) ) ;
#5760 = ORIENTED_EDGE ( 'NONE', *, *, #3739, .F. ) ;
#5761 = CARTESIAN_POINT ( 'NONE',  ( 1.950000000000002176, 0.04999999999999991257, -0.1249999999999992645 ) ) ;
#5762 = VECTOR ( 'NONE', #2914, 1000.000000000000000 ) ;
#5763 = CARTESIAN_POINT ( 'NONE',  ( -1.249999999999999334, 0.2000000000000000111, 1.225000000000000533 ) ) ;
#5764 = CARTESIAN_POINT ( 'NONE',  ( 1.725000000000000311, 0.6716990566028313570, 0.4999999999999995559 ) ) ;
#5765 = CARTESIAN_POINT ( 'NONE',  ( 1.725000000000000755, 0.6716990566028313570, 0.6250000000000006661 ) ) ;
#5766 = ORIENTED_EDGE ( 'NONE', *, *, #5716, .F. ) ;
#5767 = EDGE_LOOP ( 'NONE', ( #837, #483, #9197, #5584 ) ) ;
#5768 = FACE_OUTER_BOUND ( 'NONE', #6241, .T. ) ;
#5769 = VECTOR ( 'NONE', #3701, 1000.000000000000000 ) ;
#5770 = LINE ( 'NONE', #3331, #6757 ) ;
#5771 = EDGE_CURVE ( 'NONE', #77, #5263, #6180, .T. ) ;
#5772 = ORIENTED_EDGE ( 'NONE', *, *, #6013, .F. ) ;
#5773 = CARTESIAN_POINT ( 'NONE',  ( 1.125000000000000666, 0.04999999999999969746, -1.450000000000000622 ) ) ;
#5774 = ORIENTED_EDGE ( 'NONE', *, *, #8251, .T. ) ;
#5775 = CARTESIAN_POINT ( 'NONE',  ( 1.375000000000001110, 0.2000000000000000111, -1.450000000000000622 ) ) ;
#5776 = ORIENTED_EDGE ( 'NONE', *, *, #417, .F. ) ;
#5777 = CARTESIAN_POINT ( 'NONE',  ( -0.6249999999999996669, 0.2000000000000000111, -1.225000000000000755 ) ) ;
#5778 = DIRECTION ( 'NONE',  ( 1.000000000000000000, 0.000000000000000000, -0.000000000000000000 ) ) ;
#5779 = ORIENTED_EDGE ( 'NONE', *, *, #7797, .T. ) ;
#5780 = CLOSED_SHELL ( 'NONE', ( #4105, #7489, #7306, #4069, #1531, #5346, #1785, #8556 ) ) ;
#5781 = LINE ( 'NONE', #1421, #8529 ) ;
#5782 = EDGE_CURVE ( 'NONE', #4021, #916, #5096, .T. ) ;
#5783 = EDGE_CURVE ( 'NONE', #4742, #2776, #7314, .T. ) ;
#5784 = LINE ( 'NONE', #2075, #8531 ) ;
#5785 = CARTESIAN_POINT ( 'NONE',  ( -1.124999999999998890, 0.1000000000000000472, -1.500000000000000444 ) ) ;
#5786 = VERTEX_POINT ( 'NONE', #6591 ) ;
#5787 = EDGE_CURVE ( 'NONE', #8760, #3445, #4360, .T. ) ;
#5788 = CARTESIAN_POINT ( 'NONE',  ( 2.000000000000000888, 0.1999999999999999833, 0.6250000000000005551 ) ) ;
#5789 = ORIENTED_EDGE ( 'NONE', *, *, #4002, .T. ) ;
#5790 = DIRECTION ( 'NONE',  ( 2.551063935260010491E-16, -0.000000000000000000, 1.000000000000000000 ) ) ;
#5791 = DIRECTION ( 'NONE',  ( -1.577021341797097018E-15, -0.000000000000000000, 1.000000000000000000 ) ) ;
#5792 = EDGE_CURVE ( 'NONE', #4183, #3068, #7260, .T. ) ;
#5793 = DIRECTION ( 'NONE',  ( 1.577021341797097018E-15, 0.000000000000000000, -1.000000000000000000 ) ) ;
#5794 = ORIENTED_EDGE ( 'NONE', *, *, #3028, .T. ) ;
#5795 = EDGE_CURVE ( 'NONE', #4709, #4596, #1275, .T. ) ;
#5796 = DIRECTION ( 'NONE',  ( -1.000000000000000000, 0.000000000000000000, -3.942553354492743531E-16 ) ) ;
#5797 = EDGE_CURVE ( 'NONE', #5809, #2533, #574, .T. ) ;
#5798 = LINE ( 'NONE', #2825, #8103 ) ;
#5799 = VERTEX_POINT ( 'NONE', #9601 ) ;
#5800 = LINE ( 'NONE', #4383, #4789 ) ;
#5801 = ORIENTED_EDGE ( 'NONE', *, *, #5252, .T. ) ;
#5802 = ADVANCED_FACE ( 'NONE', ( #8758 ), #2069, .F. ) ;
#5803 = CARTESIAN_POINT ( 'NONE',  ( 1.950000000000002176, 0.1000000000000000056, 1.450000000000000178 ) ) ;
#5804 = CARTESIAN_POINT ( 'NONE',  ( 1.725000000000000755, 0.1000000000000000472, 0.6250000000000006661 ) ) ;
#5805 = ORIENTED_EDGE ( 'NONE', *, *, #6255, .F. ) ;
#5806 = DIRECTION ( 'NONE',  ( -3.942553354492743531E-16, 0.000000000000000000, -1.000000000000000000 ) ) ;
#5807 = EDGE_LOOP ( 'NONE', ( #1667, #7257, #758, #7441, #3680 ) ) ;
#5808 = EDGE_CURVE ( 'NONE', #904, #7625, #2418, .T. ) ;
#5809 = VERTEX_POINT ( 'NONE', #617 ) ;
#5810 = VECTOR ( 'NONE', #4757, 1000.000000000000000 ) ;
#5811 = LINE ( 'NONE', #8792, #8963 ) ;
#5812 = FACE_OUTER_BOUND ( 'NONE', #1191, .T. ) ;
#5813 = LINE ( 'NONE', #2884, #7744 ) ;
#5814 = ORIENTED_EDGE ( 'NONE', *, *, #5166, .F. ) ;
#5815 = LINE ( 'NONE', #5090, #4589 ) ;
#5816 = ORIENTED_EDGE ( 'NONE', *, *, #700, .T. ) ;
#5817 = CARTESIAN_POINT ( 'NONE',  ( 1.375000000000001332, 0.1999999999999996503, 1.499999999999999556 ) ) ;
#5818 = ORIENTED_EDGE ( 'NONE', *, *, #409, .T. ) ;
#5819 = EDGE_CURVE ( 'NONE', #729, #4596, #1459, .T. ) ;
#5820 = DIRECTION ( 'NONE',  ( -1.000000000000000000, 0.000000000000000000, 0.000000000000000000 ) ) ;
#5821 = LINE ( 'NONE', #8802, #1124 ) ;
#5822 = VERTEX_POINT ( 'NONE', #6549 ) ;
#5823 = DIRECTION ( 'NONE',  ( 0.000000000000000000, -0.000000000000000000, -1.000000000000000000 ) ) ;
#5824 = LINE ( 'NONE', #8133, #1813 ) ;
#5825 = AXIS2_PLACEMENT_3D ( 'NONE', #7200, #3517, #9501 ) ;
#5826 = VECTOR ( 'NONE', #1886, 1000.000000000000000 ) ;
#5827 = DIRECTION ( 'NONE',  ( -3.469446951953617739E-15, 0.000000000000000000, -1.000000000000000000 ) ) ;
#5828 = VERTEX_POINT ( 'NONE', #2157 ) ;
#5829 = DIRECTION ( 'NONE',  ( 1.000000000000000000, 0.000000000000000000, 0.000000000000000000 ) ) ;
#5830 = VERTEX_POINT ( 'NONE', #5001 ) ;
#5831 = VECTOR ( 'NONE', #7544, 1000.000000000000000 ) ;
#5832 = EDGE_CURVE ( 'NONE', #4525, #2776, #1376, .T. ) ;
#5833 = VERTEX_POINT ( 'NONE', #9556 ) ;
#5834 = DIRECTION ( 'NONE',  ( -0.000000000000000000, -1.000000000000000000, -0.000000000000000000 ) ) ;
#5835 = FACE_OUTER_BOUND ( 'NONE', #108, .T. ) ;
#5836 = ADVANCED_FACE ( 'NONE', ( #5873 ), #1418, .T. ) ;
#5837 = VECTOR ( 'NONE', #1961, 1000.000000000000000 ) ;
#5838 = LINE ( 'NONE', #5016, #5345 ) ;
#5839 = ORIENTED_EDGE ( 'NONE', *, *, #4616, .T. ) ;
#5840 = CARTESIAN_POINT ( 'NONE',  ( 2.000000000000000000, 0.6716990566028312459, 0.8750000000000007772 ) ) ;
#5841 = DIRECTION ( 'NONE',  ( 0.000000000000000000, 1.000000000000000000, 0.000000000000000000 ) ) ;
#5842 = ADVANCED_FACE ( 'NONE', ( #5141 ), #4453, .T. ) ;
#5843 = EDGE_CURVE ( 'NONE', #3029, #4057, #4404, .T. ) ;
#5844 = LINE ( 'NONE', #1439, #8560 ) ;
#5845 = LINE ( 'NONE', #6619, #7631 ) ;
#5846 = LINE ( 'NONE', #6393, #6660 ) ;
#5847 = AXIS2_PLACEMENT_3D ( 'NONE', #7946, #4806, #3287 ) ;
#5848 = VERTEX_POINT ( 'NONE', #7396 ) ;
#5849 = FACE_OUTER_BOUND ( 'NONE', #4719, .T. ) ;
#5850 = CARTESIAN_POINT ( 'NONE',  ( -0.1249999999999996808, 0.2000000000000000111, 1.225000000000000755 ) ) ;
#5851 = DIRECTION ( 'NONE',  ( -0.000000000000000000, 0.000000000000000000, -1.000000000000000000 ) ) ;
#5852 = EDGE_CURVE ( 'NONE', #4610, #3662, #1804, .T. ) ;
#5853 = CARTESIAN_POINT ( 'NONE',  ( 0.8750000000000003331, 0.000000000000000000, 1.225000000000000755 ) ) ;
#5854 = CIRCLE ( 'NONE', #8817, 0.1250000000000000555 ) ;
#5855 = LINE ( 'NONE', #5804, #8269 ) ;
#5856 = VECTOR ( 'NONE', #9179, 1000.000000000000000 ) ;
#5857 = VERTEX_POINT ( 'NONE', #723 ) ;
#5858 = VERTEX_POINT ( 'NONE', #6699 ) ;
#5859 = ORIENTED_EDGE ( 'NONE', *, *, #1338, .T. ) ;
#5860 = EDGE_CURVE ( 'NONE', #8874, #3573, #538, .T. ) ;
#5861 =( NAMED_UNIT ( * ) SI_UNIT ( $, .STERADIAN. ) SOLID_ANGLE_UNIT ( ) );
#5862 = DIRECTION ( 'NONE',  ( 0.000000000000000000, 0.000000000000000000, -1.000000000000000000 ) ) ;
#5863 = AXIS2_PLACEMENT_3D ( 'NONE', #3993, #6986, #6346 ) ;
#5864 = VECTOR ( 'NONE', #9543, 1000.000000000000000 ) ;
#5865 = DIRECTION ( 'NONE',  ( 0.000000000000000000, -1.000000000000000000, 0.000000000000000000 ) ) ;
#5866 = VERTEX_POINT ( 'NONE', #4264 ) ;
#5867 = LINE ( 'NONE', #2886, #3579 ) ;
#5868 = DIRECTION ( 'NONE',  ( 0.000000000000000000, -1.000000000000000000, 0.000000000000000000 ) ) ;
#5869 = ORIENTED_EDGE ( 'NONE', *, *, #6461, .F. ) ;
#5870 = DIRECTION ( 'NONE',  ( 0.000000000000000000, -0.000000000000000000, 1.000000000000000000 ) ) ;
#5871 = ORIENTED_EDGE ( 'NONE', *, *, #4613, .T. ) ;
#5872 = ORIENTED_EDGE ( 'NONE', *, *, #5819, .F. ) ;
#5873 = FACE_OUTER_BOUND ( 'NONE', #1746, .T. ) ;
#5874 = AXIS2_PLACEMENT_3D ( 'NONE', #9701, #6554, #3624 ) ;
#5875 = VECTOR ( 'NONE', #193, 1000.000000000000000 ) ;
#5876 = LINE ( 'NONE', #5181, #7828 ) ;
#5877 = DIRECTION ( 'NONE',  ( -0.000000000000000000, -1.000000000000000000, -0.000000000000000000 ) ) ;
#5878 = CARTESIAN_POINT ( 'NONE',  ( -1.124999999999999112, 0.6716990566028301357, 1.450000000000000178 ) ) ;
#5879 = STYLED_ITEM ( 'NONE', ( #7290 ), #6833 ) ;
#5880 = DIRECTION ( 'NONE',  ( 0.000000000000000000, 1.000000000000000000, 0.000000000000000000 ) ) ;
#5881 = VECTOR ( 'NONE', #4727, 1000.000000000000000 ) ;
#5882 = DIRECTION ( 'NONE',  ( -1.000000000000000000, 0.000000000000000000, 3.942553354492743531E-16 ) ) ;
#5883 = EDGE_LOOP ( 'NONE', ( #3296, #3279, #8471, #1184 ) ) ;
#5884 = AXIS2_PLACEMENT_3D ( 'NONE', #3190, #243, #5444 ) ;
#5885 = VERTEX_POINT ( 'NONE', #8310 ) ;
#5886 = CIRCLE ( 'NONE', #9170, 0.1249999999999996808 ) ;
#5887 = DIRECTION ( 'NONE',  ( 0.000000000000000000, -1.000000000000000000, 0.000000000000000000 ) ) ;
#5888 = DIRECTION ( 'NONE',  ( 1.000000000000000000, 0.000000000000000000, -7.885106708985511714E-16 ) ) ;
#5889 = LINE ( 'NONE', #2175, #4318 ) ;
#5890 = ADVANCED_FACE ( 'NONE', ( #5276 ), #1600, .F. ) ;
#5891 = PLANE ( 'NONE',  #1001 ) ;
#5892 = VECTOR ( 'NONE', #1687, 1000.000000000000000 ) ;
#5893 = ORIENTED_EDGE ( 'NONE', *, *, #8474, .T. ) ;
#5894 = DIRECTION ( 'NONE',  ( 0.000000000000000000, 0.000000000000000000, -1.000000000000000000 ) ) ;
#5895 = CARTESIAN_POINT ( 'NONE',  ( 0.000000000000000000, 0.05000000000000000278, -0.8499999999999999778 ) ) ;
#5896 = VERTEX_POINT ( 'NONE', #6745 ) ;
#5897 = PRESENTATION_STYLE_ASSIGNMENT (( #8828 ) ) ;
#5898 = VECTOR ( 'NONE', #7299, 1000.000000000000000 ) ;
#5899 = CARTESIAN_POINT ( 'NONE',  ( -1.725000000000001199, 0.1999999999999999833, -1.000000000000000222 ) ) ;
#5900 = EDGE_CURVE ( 'NONE', #4031, #7065, #26, .T. ) ;
#5901 = CARTESIAN_POINT ( 'NONE',  ( 1.375000000000000444, 0.000000000000000000, 1.225000000000000755 ) ) ;
#5902 = EDGE_CURVE ( 'NONE', #7849, #4359, #6844, .T. ) ;
#5903 = CARTESIAN_POINT ( 'NONE',  ( -1.950000000000001066, 0.6716990566028313570, -0.3749999999999994449 ) ) ;
#5904 = VECTOR ( 'NONE', #3161, 1000.000000000000000 ) ;
#5905 = ORIENTED_EDGE ( 'NONE', *, *, #8852, .T. ) ;
#5906 = ORIENTED_EDGE ( 'NONE', *, *, #3697, .T. ) ;
#5907 = CARTESIAN_POINT ( 'NONE',  ( 1.950000000000002176, 0.6716990566028313570, 0.6250000000000005551 ) ) ;
#5908 = DIRECTION ( 'NONE',  ( -1.000000000000000000, 0.000000000000000000, 3.942553354492743531E-16 ) ) ;
#5909 = LINE ( 'NONE', #3659, #9135 ) ;
#5910 = VECTOR ( 'NONE', #7464, 1000.000000000000000 ) ;
#5911 = EDGE_CURVE ( 'NONE', #6487, #8769, #6155, .T. ) ;
#5912 = LINE ( 'NONE', #7985, #2571 ) ;
#5913 = VERTEX_POINT ( 'NONE', #6103 ) ;
#5914 = LINE ( 'NONE', #8935, #5365 ) ;
#5915 = ORIENTED_EDGE ( 'NONE', *, *, #5956, .T. ) ;
#5916 = PLANE ( 'NONE',  #2896 ) ;
#5917 = ORIENTED_EDGE ( 'NONE', *, *, #1431, .T. ) ;
#5918 = DIRECTION ( 'NONE',  ( -0.000000000000000000, 0.000000000000000000, 1.000000000000000000 ) ) ;
#5919 = VECTOR ( 'NONE', #5987, 1000.000000000000000 ) ;
#5920 = EDGE_CURVE ( 'NONE', #6970, #1567, #7583, .T. ) ;
#5921 = LINE ( 'NONE', #1559, #2973 ) ;
#5922 = ADVANCED_FACE ( 'NONE', ( #4652 ), #853, .T. ) ;
#5923 = DIRECTION ( 'NONE',  ( -0.000000000000000000, -1.000000000000000000, -0.000000000000000000 ) ) ;
#5924 = EDGE_CURVE ( 'NONE', #2189, #5221, #3897, .T. ) ;
#5925 = ORIENTED_EDGE ( 'NONE', *, *, #6536, .F. ) ;
#5926 = DIRECTION ( 'NONE',  ( 0.000000000000000000, 1.000000000000000000, 0.000000000000000000 ) ) ;
#5927 = ORIENTED_EDGE ( 'NONE', *, *, #3976, .T. ) ;
#5928 = ORIENTED_EDGE ( 'NONE', *, *, #4126, .T. ) ;
#5929 = PLANE ( 'NONE',  #4743 ) ;
#5930 = UNCERTAINTY_MEASURE_WITH_UNIT (LENGTH_MEASURE( 1.000000000000000082E-05 ), #3555, 'distance_accuracy_value', 'NONE');
#5931 = PLANE ( 'NONE',  #3935 ) ;
#5932 = CARTESIAN_POINT ( 'NONE',  ( 1.125000000000000666, 0.000000000000000000, -1.500000000000000444 ) ) ;
#5933 = VECTOR ( 'NONE', #8943, 1000.000000000000000 ) ;
#5934 = ORIENTED_EDGE ( 'NONE', *, *, #8731, .F. ) ;
#5935 = FACE_OUTER_BOUND ( 'NONE', #8643, .T. ) ;
#5936 = DIRECTION ( 'NONE',  ( 0.000000000000000000, -1.000000000000000000, 0.000000000000000000 ) ) ;
#5937 = DIRECTION ( 'NONE',  ( -1.000000000000000000, 0.000000000000000000, 0.000000000000000000 ) ) ;
#5938 = VERTEX_POINT ( 'NONE', #6894 ) ;
#5939 = FILL_AREA_STYLE_COLOUR ( '', #7136 ) ;
#5940 = CARTESIAN_POINT ( 'NONE',  ( 0.6250000000000028866, 0.05000000000000000278, 9.856383386231902954E-16 ) ) ;
#5941 = DIRECTION ( 'NONE',  ( 0.000000000000000000, -1.000000000000000000, 0.000000000000000000 ) ) ;
#5942 = ORIENTED_EDGE ( 'NONE', *, *, #4906, .T. ) ;
#5943 = ORIENTED_EDGE ( 'NONE', *, *, #9432, .T. ) ;
#5944 = EDGE_CURVE ( 'NONE', #7566, #4441, #2392, .T. ) ;
#5945 = SURFACE_SIDE_STYLE ('',( #3658 ) ) ;
#5946 = PLANE ( 'NONE',  #7909 ) ;
#5947 = LINE ( 'NONE', #8158, #9488 ) ;
#5948 = EDGE_CURVE ( 'NONE', #4738, #4954, #5374, .T. ) ;
#5949 = DIRECTION ( 'NONE',  ( -0.000000000000000000, -1.000000000000000000, -0.000000000000000000 ) ) ;
#5950 = EDGE_LOOP ( 'NONE', ( #3862, #4758, #5816, #6394 ) ) ;
#5951 = DIRECTION ( 'NONE',  ( 1.577021341797097018E-15, 0.000000000000000000, 1.000000000000000000 ) ) ;
#5952 = ORIENTED_EDGE ( 'NONE', *, *, #5484, .F. ) ;
#5953 = LINE ( 'NONE', #8605, #5729 ) ;
#5954 = ORIENTED_EDGE ( 'NONE', *, *, #7586, .T. ) ;
#5955 = DIRECTION ( 'NONE',  ( 0.000000000000000000, -1.000000000000000000, 0.000000000000000000 ) ) ;
#5956 = EDGE_CURVE ( 'NONE', #3497, #5126, #3756, .T. ) ;
#5957 = EDGE_CURVE ( 'NONE', #2890, #2414, #8113, .T. ) ;
#5958 =( NAMED_UNIT ( * ) SI_UNIT ( $, .STERADIAN. ) SOLID_ANGLE_UNIT ( ) );
#5959 = DIRECTION ( 'NONE',  ( -3.469446951953617739E-15, 0.000000000000000000, -1.000000000000000000 ) ) ;
#5960 = EDGE_CURVE ( 'NONE', #9661, #7601, #4486, .T. ) ;
#5961 = DIRECTION ( 'NONE',  ( 1.000000000000000000, 0.000000000000000000, 0.000000000000000000 ) ) ;
#5962 = ORIENTED_EDGE ( 'NONE', *, *, #8766, .F. ) ;
#5963 = LINE ( 'NONE', #5148, #5056 ) ;
#5964 = ORIENTED_EDGE ( 'NONE', *, *, #6675, .F. ) ;
#5965 = CARTESIAN_POINT ( 'NONE',  ( -1.249999999999999334, 0.2000000000000000111, -1.225000000000000533 ) ) ;
#5966 = EDGE_CURVE ( 'NONE', #3838, #7402, #4386, .T. ) ;
#5967 = ORIENTED_EDGE ( 'NONE', *, *, #5238, .T. ) ;
#5968 = VECTOR ( 'NONE', #3192, 1000.000000000000000 ) ;
#5969 = CYLINDRICAL_SURFACE ( 'NONE', #4736, 0.1249999999999996808 ) ;
#5970 = LINE ( 'NONE', #8377, #3530 ) ;
#5971 = LINE ( 'NONE', #1571, #886 ) ;
#5972 = CARTESIAN_POINT ( 'NONE',  ( -1.249999999999999334, 0.04999999999999999584, 1.100000000000000977 ) ) ;
#5973 = AXIS2_PLACEMENT_3D ( 'NONE', #6110, #8466, #1711 ) ;
#5974 = VERTEX_POINT ( 'NONE', #4435 ) ;
#5975 = LINE ( 'NONE', #6618, #1390 ) ;
#5976 = STYLED_ITEM ( 'NONE', ( #4554 ), #605 ) ;
#5977 = CARTESIAN_POINT ( 'NONE',  ( 1.375000000000001332, 0.6716990566028301357, -1.500000000000000444 ) ) ;
#5978 = LINE ( 'NONE', #8968, #6375 ) ;
#5979 = VERTEX_POINT ( 'NONE', #4292 ) ;
#5980 = DIRECTION ( 'NONE',  ( -0.000000000000000000, -1.000000000000000000, -0.000000000000000000 ) ) ;
#5981 = CARTESIAN_POINT ( 'NONE',  ( 1.250000000000000666, 0.6716990566028301357, 1.225000000000000533 ) ) ;
#5982 = DIRECTION ( 'NONE',  ( 1.000000000000000000, 0.000000000000000000, 0.000000000000000000 ) ) ;
#5983 = AXIS2_PLACEMENT_3D ( 'NONE', #9595, #6586, #2200 ) ;
#5984 = ORIENTED_EDGE ( 'NONE', *, *, #6013, .T. ) ;
#5985 = CARTESIAN_POINT ( 'NONE',  ( 0.000000000000000000, 0.05000000000000000278, 1.450000000000000178 ) ) ;
#5986 = EDGE_CURVE ( 'NONE', #1763, #8563, #3011, .T. ) ;
#5987 = DIRECTION ( 'NONE',  ( 0.000000000000000000, 0.000000000000000000, 1.000000000000000000 ) ) ;
#5988 = VECTOR ( 'NONE', #9006, 1000.000000000000000 ) ;
#5989 = ORIENTED_EDGE ( 'NONE', *, *, #6686, .F. ) ;
#5990 = ORIENTED_EDGE ( 'NONE', *, *, #8362, .F. ) ;
#5991 = ORIENTED_EDGE ( 'NONE', *, *, #2922, .T. ) ;
#5992 =( GEOMETRIC_REPRESENTATION_CONTEXT ( 3 ) GLOBAL_UNCERTAINTY_ASSIGNED_CONTEXT ( ( #1033 ) ) GLOBAL_UNIT_ASSIGNED_CONTEXT ( ( #9149, #7643, #5432 ) ) REPRESENTATION_CONTEXT ( 'NONE', 'WORKASPACE' ) );
#5993 = ORIENTED_EDGE ( 'NONE', *, *, #7852, .T. ) ;
#5994 = CARTESIAN_POINT ( 'NONE',  ( 1.950000000000002176, 0.6716990566028313570, -0.8749999999999994449 ) ) ;
#5995 = CARTESIAN_POINT ( 'NONE',  ( 2.000000000000000000, 0.000000000000000000, 0.3750000000000007772 ) ) ;
#5996 = FACE_OUTER_BOUND ( 'NONE', #279, .T. ) ;
#5997 = AXIS2_PLACEMENT_3D ( 'NONE', #754, #3889, #3078 ) ;
#5998 = VECTOR ( 'NONE', #1537, 1000.000000000000000 ) ;
#5999 = ORIENTED_EDGE ( 'NONE', *, *, #8054, .F. ) ;
#6000 = ADVANCED_FACE ( 'NONE', ( #8150 ), #5073, .F. ) ;
#6001 = DIRECTION ( 'NONE',  ( 0.000000000000000000, -0.000000000000000000, 1.000000000000000000 ) ) ;
#6002 = ORIENTED_EDGE ( 'NONE', *, *, #7776, .F. ) ;
#6003 = EDGE_LOOP ( 'NONE', ( #6984, #5925, #8393, #5464 ) ) ;
#6004 = PLANE ( 'NONE',  #3596 ) ;
#6005 = CARTESIAN_POINT ( 'NONE',  ( 1.375000000000000444, 0.6716990566028301357, 1.225000000000000755 ) ) ;
#6006 = EDGE_CURVE ( 'NONE', #2863, #4726, #3651, .T. ) ;
#6007 = VECTOR ( 'NONE', #7339, 1000.000000000000000 ) ;
#6008 = LINE ( 'NONE', #4702, #8503 ) ;
#6009 = VECTOR ( 'NONE', #8541, 1000.000000000000000 ) ;
#6010 = ORIENTED_EDGE ( 'NONE', *, *, #6567, .T. ) ;
#6011 = EDGE_CURVE ( 'NONE', #9267, #4451, #6626, .T. ) ;
#6012 = DIRECTION ( 'NONE',  ( -0.000000000000000000, -1.000000000000000000, -0.000000000000000000 ) ) ;
#6013 = EDGE_CURVE ( 'NONE', #3354, #4750, #1443, .T. ) ;
#6014 = AXIS2_PLACEMENT_3D ( 'NONE', #499, #6533, #7830 ) ;
#6015 = ORIENTED_EDGE ( 'NONE', *, *, #8847, .T. ) ;
#6016 = CIRCLE ( 'NONE', #8991, 0.1250000000000000555 ) ;
#6017 = EDGE_LOOP ( 'NONE', ( #798, #2784, #4382, #6279 ) ) ;
#6018 = LINE ( 'NONE', #1426, #3544 ) ;
#6019 = ORIENTED_EDGE ( 'NONE', *, *, #5453, .F. ) ;
#6020 = CARTESIAN_POINT ( 'NONE',  ( -0.8749999999999994449, 0.1000000000000000056, 1.500000000000000444 ) ) ;
#6021 = VECTOR ( 'NONE', #212, 1000.000000000000000 ) ;
#6022 = UNCERTAINTY_MEASURE_WITH_UNIT (LENGTH_MEASURE( 1.000000000000000082E-05 ), #115, 'distance_accuracy_value', 'NONE');
#6023 = CARTESIAN_POINT ( 'NONE',  ( 1.950000000000002176, 0.05000000000000000278, 0.000000000000000000 ) ) ;
#6024 = FACE_OUTER_BOUND ( 'NONE', #6827, .T. ) ;
#6025 = DIRECTION ( 'NONE',  ( -7.885106708985511714E-16, 0.000000000000000000, 1.000000000000000000 ) ) ;
#6026 = EDGE_CURVE ( 'NONE', #7826, #2930, #1299, .T. ) ;
#6027 = ORIENTED_EDGE ( 'NONE', *, *, #6341, .F. ) ;
#6028 = DIRECTION ( 'NONE',  ( -1.000000000000000000, 0.000000000000000000, 1.084202172485504681E-16 ) ) ;
#6029 = FACE_OUTER_BOUND ( 'NONE', #1062, .T. ) ;
#6030 = AXIS2_PLACEMENT_3D ( 'NONE', #8579, #529, #7853 ) ;
#6031 = EDGE_CURVE ( 'NONE', #1360, #7076, #2925, .T. ) ;
#6032 = ORIENTED_EDGE ( 'NONE', *, *, #6556, .T. ) ;
#6033 = CARTESIAN_POINT ( 'NONE',  ( 0.8750000000000003331, 0.000000000000000000, 1.225000000000000755 ) ) ;
#6034 = DIRECTION ( 'NONE',  ( 0.000000000000000000, -1.000000000000000000, 0.000000000000000000 ) ) ;
#6035 = ADVANCED_FACE ( 'NONE', ( #6678 ), #8783, .F. ) ;
#6036 = DIRECTION ( 'NONE',  ( 0.000000000000000000, 1.000000000000000000, -0.000000000000000000 ) ) ;
#6037 = VECTOR ( 'NONE', #3157, 1000.000000000000000 ) ;
#6038 = ADVANCED_FACE ( 'NONE', ( #1355 ), #7478, .F. ) ;
#6039 = CARTESIAN_POINT ( 'NONE',  ( -0.7499999999999993339, 0.04999999999999999584, -1.225000000000000533 ) ) ;
#6040 = ORIENTED_EDGE ( 'NONE', *, *, #3536, .F. ) ;
#6041 = DIRECTION ( 'NONE',  ( 1.000000000000000000, -0.000000000000000000, 3.942553354492743531E-16 ) ) ;
#6042 = ORIENTED_EDGE ( 'NONE', *, *, #4964, .F. ) ;
#6043 = ORIENTED_EDGE ( 'NONE', *, *, #409, .F. ) ;
#6044 = VECTOR ( 'NONE', #6887, 1000.000000000000000 ) ;
#6045 = ORIENTED_EDGE ( 'NONE', *, *, #1295, .T. ) ;
#6046 = CARTESIAN_POINT ( 'NONE',  ( 1.725000000000000755, 0.1999999999999999833, -0.3749999999999993339 ) ) ;
#6047 = CARTESIAN_POINT ( 'NONE',  ( -1.950000000000001066, 0.1000000000000000056, -1.450000000000000622 ) ) ;
#6048 = VECTOR ( 'NONE', #5610, 1000.000000000000000 ) ;
#6049 = ORIENTED_EDGE ( 'NONE', *, *, #3518, .T. ) ;
#6050 = DIRECTION ( 'NONE',  ( 0.000000000000000000, -0.000000000000000000, -1.000000000000000000 ) ) ;
#6051 = ORIENTED_EDGE ( 'NONE', *, *, #7240, .F. ) ;
#6052 = EDGE_LOOP ( 'NONE', ( #8372, #9123, #1464, #3132 ) ) ;
#6053 = CARTESIAN_POINT ( 'NONE',  ( -0.6249999999999992228, 0.05000000000000000278, -1.450000000000000622 ) ) ;
#6054 = DIRECTION ( 'NONE',  ( 3.154042683594198769E-15, 0.000000000000000000, 1.000000000000000000 ) ) ;
#6055 = FACE_OUTER_BOUND ( 'NONE', #2591, .T. ) ;
#6056 = CARTESIAN_POINT ( 'NONE',  ( -0.1249999999999988065, 0.1999999999999999833, 1.500000000000000444 ) ) ;
#6057 = CIRCLE ( 'NONE', #7175, 0.1249999999999996808 ) ;
#6058 = SURFACE_SIDE_STYLE ('',( #9053 ) ) ;
#6059 = DIRECTION ( 'NONE',  ( 3.154042683594198769E-15, 0.000000000000000000, 1.000000000000000000 ) ) ;
#6060 = DIRECTION ( 'NONE',  ( -0.000000000000000000, -1.000000000000000000, -0.000000000000000000 ) ) ;
#6061 = ORIENTED_EDGE ( 'NONE', *, *, #4839, .T. ) ;
#6062 = CARTESIAN_POINT ( 'NONE',  ( 2.000000000000000888, 0.2000000000000000944, 1.125000000000000666 ) ) ;
#6063 = VECTOR ( 'NONE', #7239, 1000.000000000000000 ) ;
#6064 = ORIENTED_EDGE ( 'NONE', *, *, #742, .T. ) ;
#6065 = VERTEX_POINT ( 'NONE', #5853 ) ;
#6066 = CARTESIAN_POINT ( 'NONE',  ( -1.950000000000001066, 0.000000000000000000, 1.125000000000000444 ) ) ;
#6067 = ORIENTED_EDGE ( 'NONE', *, *, #2740, .T. ) ;
#6068 = EDGE_CURVE ( 'NONE', #77, #8803, #8832, .T. ) ;
#6069 = CARTESIAN_POINT ( 'NONE',  ( -0.1500000000000000222, 0.04999999999999999584, -0.8499999999999999778 ) ) ;
#6070 = LINE ( 'NONE', #6023, #2597 ) ;
#6071 = CARTESIAN_POINT ( 'NONE',  ( 0.7500000000000006661, 0.04999999999999999584, 1.100000000000000977 ) ) ;
#6072 = DIRECTION ( 'NONE',  ( 0.000000000000000000, 0.000000000000000000, 1.000000000000000000 ) ) ;
#6073 = EDGE_CURVE ( 'NONE', #5858, #327, #8925, .T. ) ;
#6074 = EDGE_LOOP ( 'NONE', ( #338, #1999, #5535, #6264 ) ) ;
#6075 = LINE ( 'NONE', #4522, #1685 ) ;
#6076 = DIRECTION ( 'NONE',  ( 1.000000000000000000, 0.000000000000000000, -0.000000000000000000 ) ) ;
#6077 = ORIENTED_EDGE ( 'NONE', *, *, #4349, .F. ) ;
#6078 = DIRECTION ( 'NONE',  ( 3.154042683594199163E-15, 0.000000000000000000, 1.000000000000000000 ) ) ;
#6079 = ADVANCED_FACE ( 'NONE', ( #8200 ), #2230, .F. ) ;
#6080 = EDGE_CURVE ( 'NONE', #7637, #5283, #1489, .T. ) ;
#6081 = CARTESIAN_POINT ( 'NONE',  ( -1.374999999999999112, 0.000000000000000000, -1.225000000000000311 ) ) ;
#6082 = EDGE_CURVE ( 'NONE', #916, #4927, #3559, .T. ) ;
#6083 = APPLICATION_PROTOCOL_DEFINITION ( 'draft international standard', 'automotive_design', 1998, #8724 ) ;
#6084 = EDGE_CURVE ( 'NONE', #5587, #3120, #3835, .T. ) ;
#6085 = EDGE_LOOP ( 'NONE', ( #716, #2169, #5915, #3245, #6415, #9453 ) ) ;
#6086 = ORIENTED_EDGE ( 'NONE', *, *, #31, .T. ) ;
#6087 = VERTEX_POINT ( 'NONE', #7833 ) ;
#6088 = DIRECTION ( 'NONE',  ( 1.000000000000000000, -0.000000000000000000, 7.885106708985511714E-16 ) ) ;
#6089 = ORIENTED_EDGE ( 'NONE', *, *, #1672, .F. ) ;
#6090 = DIRECTION ( 'NONE',  ( 0.000000000000000000, -1.000000000000000000, 0.000000000000000000 ) ) ;
#6091 = EDGE_CURVE ( 'NONE', #411, #5822, #4102, .T. ) ;
#6092 = DIRECTION ( 'NONE',  ( 0.000000000000000000, 1.000000000000000000, 0.000000000000000000 ) ) ;
#6093 = CARTESIAN_POINT ( 'NONE',  ( -0.1249999999999996808, 0.2000000000000000111, -1.225000000000000755 ) ) ;
#6094 = DIRECTION ( 'NONE',  ( -1.577021341797097018E-15, -0.000000000000000000, 1.000000000000000000 ) ) ;
#6095 = LINE ( 'NONE', #6782, #8512 ) ;
#6096 = VERTEX_POINT ( 'NONE', #2052 ) ;
#6097 = DIRECTION ( 'NONE',  ( 0.000000000000000000, -1.000000000000000000, 0.000000000000000000 ) ) ;
#6098 = DIRECTION ( 'NONE',  ( 0.000000000000000000, -1.000000000000000000, 0.000000000000000000 ) ) ;
#6099 = ORIENTED_EDGE ( 'NONE', *, *, #5429, .F. ) ;
#6100 = ORIENTED_EDGE ( 'NONE', *, *, #5435, .F. ) ;
#6101 = EDGE_LOOP ( 'NONE', ( #903, #2401, #1670, #7235 ) ) ;
#6102 = PLANE ( 'NONE',  #1045 ) ;
#6103 = CARTESIAN_POINT ( 'NONE',  ( -1.124999999999998890, 0.1000000000000000472, 1.500000000000000444 ) ) ;
#6104 = CARTESIAN_POINT ( 'NONE',  ( -0.1249999999999996808, 0.000000000000000000, 1.225000000000000755 ) ) ;
#6105 = CARTESIAN_POINT ( 'NONE',  ( -1.124999999999999778, 0.2000000000000000111, 1.225000000000000755 ) ) ;
#6106 = CARTESIAN_POINT ( 'NONE',  ( 1.950000000000002176, 0.1000000000000000056, -1.450000000000000622 ) ) ;
#6107 = CARTESIAN_POINT ( 'NONE',  ( 1.950000000000002176, 0.1000000000000000056, -0.8749999999999994449 ) ) ;
#6108 = LINE ( 'NONE', #182, #818 ) ;
#6109 = ORIENTED_EDGE ( 'NONE', *, *, #3759, .T. ) ;
#6110 = CARTESIAN_POINT ( 'NONE',  ( 1.950000000000002176, 0.1000000000000000056, -1.450000000000000622 ) ) ;
#6111 = EDGE_CURVE ( 'NONE', #173, #2885, #9490, .T. ) ;
#6112 = PRESENTATION_LAYER_ASSIGNMENT (  '', '', ( #1116 ) ) ;
#6113 = VERTEX_POINT ( 'NONE', #8966 ) ;
#6114 = EDGE_LOOP ( 'NONE', ( #7803, #2094, #4812, #1972 ) ) ;
#6115 = ORIENTED_EDGE ( 'NONE', *, *, #6941, .T. ) ;
#6116 = CARTESIAN_POINT ( 'NONE',  ( 0.7500000000000006661, 0.6716990566028301357, 1.100000000000000977 ) ) ;
#6117 = CARTESIAN_POINT ( 'NONE',  ( 1.950000000000002176, 0.1000000000000000056, -0.3749999999999994449 ) ) ;
#6118 = CARTESIAN_POINT ( 'NONE',  ( 1.349999999999999645, 0.2000000000000000944, -0.8500000000000001998 ) ) ;
#6119 = ORIENTED_EDGE ( 'NONE', *, *, #450, .T. ) ;
#6120 = DIRECTION ( 'NONE',  ( -0.000000000000000000, -0.000000000000000000, -1.000000000000000000 ) ) ;
#6121 = EDGE_CURVE ( 'NONE', #9384, #8425, #4923, .T. ) ;
#6122 = DIRECTION ( 'NONE',  ( 0.000000000000000000, 1.000000000000000000, 0.000000000000000000 ) ) ;
#6123 = CARTESIAN_POINT ( 'NONE',  ( 1.375000000000001332, 0.1999999999999999833, 1.500000000000000444 ) ) ;
#6124 = ORIENTED_EDGE ( 'NONE', *, *, #7912, .T. ) ;
#6126 = ADVANCED_FACE ( 'NONE', ( #2003 ), #2786, .F. ) ;
#6125 = CARTESIAN_POINT ( 'NONE',  ( 0.000000000000000000, 0.05000000000000000278, -1.450000000000000622 ) ) ;
#6127 = VECTOR ( 'NONE', #5154, 1000.000000000000000 ) ;
#6128 = VECTOR ( 'NONE', #4229, 1000.000000000000000 ) ;
#6129 = EDGE_CURVE ( 'NONE', #7118, #1839, #3690, .T. ) ;
#6130 = DIRECTION ( 'NONE',  ( 1.000000000000000000, -0.000000000000000000, -0.000000000000000000 ) ) ;
#6131 = ADVANCED_FACE ( 'NONE', ( #3005 ), #8918, .F. ) ;
#6132 = ORIENTED_EDGE ( 'NONE', *, *, #6334, .T. ) ;
#6133 = FACE_OUTER_BOUND ( 'NONE', #4342, .T. ) ;
#6134 = VERTEX_POINT ( 'NONE', #7237 ) ;
#6135 = ORIENTED_EDGE ( 'NONE', *, *, #811, .T. ) ;
#6136 = LINE ( 'NONE', #8396, #3561 ) ;
#6137 = AXIS2_PLACEMENT_3D ( 'NONE', #8949, #7403, #4368 ) ;
#6138 = ORIENTED_EDGE ( 'NONE', *, *, #5716, .T. ) ;
#6139 = LINE ( 'NONE', #840, #8683 ) ;
#6140 = ADVANCED_FACE ( 'NONE', ( #5712 ), #3504, .F. ) ;
#6141 = DIRECTION ( 'NONE',  ( -1.000000000000000000, 0.000000000000000000, 3.942553354492743531E-16 ) ) ;
#6142 = CARTESIAN_POINT ( 'NONE',  ( -1.374999999999999556, 0.2000000000000000111, 1.500000000000000444 ) ) ;
#6143 = DIRECTION ( 'NONE',  ( -1.000000000000000000, 0.000000000000000000, -3.154042683594198769E-15 ) ) ;
#6144 = LINE ( 'NONE', #8933, #527 ) ;
#6145 = VECTOR ( 'NONE', #9008, 1000.000000000000000 ) ;
#6146 = VERTEX_POINT ( 'NONE', #5250 ) ;
#6147 = CARTESIAN_POINT ( 'NONE',  ( -1.124999999999999334, 0.1000000000000000056, -1.450000000000000622 ) ) ;
#6148 = CARTESIAN_POINT ( 'NONE',  ( -1.249999999999999334, 0.2000000000000000111, 1.225000000000000533 ) ) ;
#6149 = EDGE_CURVE ( 'NONE', #160, #2260, #2223, .T. ) ;
#6150 = STYLED_ITEM ( 'NONE', ( #6260 ), #749 ) ;
#6151 = LINE ( 'NONE', #5371, #9348 ) ;
#6152 = PLANE ( 'NONE',  #6975 ) ;
#6153 = ORIENTED_EDGE ( 'NONE', *, *, #4427, .F. ) ;
#6154 = ORIENTED_EDGE ( 'NONE', *, *, #4886, .T. ) ;
#6155 = LINE ( 'NONE', #130, #5558 ) ;
#6156 = DIRECTION ( 'NONE',  ( -1.000000000000000000, 0.000000000000000000, -0.000000000000000000 ) ) ;
#6157 = LINE ( 'NONE', #231, #6836 ) ;
#6159 = EDGE_CURVE ( 'NONE', #2543, #8814, #2733, .T. ) ;
#6158 =( LENGTH_UNIT ( ) NAMED_UNIT ( * ) SI_UNIT ( .MILLI., .METRE. ) );
#6160 = VECTOR ( 'NONE', #9346, 1000.000000000000000 ) ;
#6161 = PLANE ( 'NONE',  #8790 ) ;
#6162 = EDGE_CURVE ( 'NONE', #3445, #4677, #6670, .T. ) ;
#6163 = VECTOR ( 'NONE', #5343, 1000.000000000000000 ) ;
#6164 = CARTESIAN_POINT ( 'NONE',  ( -2.000000000000000000, 0.6716990566028312459, 0.8750000000000007772 ) ) ;
#6165 = ORIENTED_EDGE ( 'NONE', *, *, #278, .F. ) ;
#6166 = FACE_OUTER_BOUND ( 'NONE', #9330, .T. ) ;
#6167 = MECHANICAL_DESIGN_GEOMETRIC_PRESENTATION_REPRESENTATION (  '', ( #9460 ), #5074 ) ;
#6168 = ORIENTED_EDGE ( 'NONE', *, *, #9081, .F. ) ;
#6169 = ORIENTED_EDGE ( 'NONE', *, *, #9566, .T. ) ;
#6170 = AXIS2_PLACEMENT_3D ( 'NONE', #5169, #6688, #7575 ) ;
#6171 = VECTOR ( 'NONE', #8389, 1000.000000000000000 ) ;
#6172 = ORIENTED_EDGE ( 'NONE', *, *, #2756, .F. ) ;
#6173 = DIRECTION ( 'NONE',  ( 0.000000000000000000, 0.000000000000000000, 1.000000000000000000 ) ) ;
#6174 = PRESENTATION_LAYER_ASSIGNMENT (  '', '', ( #4151 ) ) ;
#6175 = AXIS2_PLACEMENT_3D ( 'NONE', #4877, #7871, #455 ) ;
#6176 = CARTESIAN_POINT ( 'NONE',  ( 2.000000000000000000, 0.6716990566028313570, -0.6249999999999992228 ) ) ;
#6177 = DIRECTION ( 'NONE',  ( 0.000000000000000000, -1.000000000000000000, 0.000000000000000000 ) ) ;
#6178 = ORIENTED_EDGE ( 'NONE', *, *, #6835, .T. ) ;
#6179 = DIRECTION ( 'NONE',  ( 0.000000000000000000, -0.000000000000000000, 1.000000000000000000 ) ) ;
#6180 = LINE ( 'NONE', #6648, #9619 ) ;
#6181 = LINE ( 'NONE', #9169, #7458 ) ;
#6182 = AXIS2_PLACEMENT_3D ( 'NONE', #4720, #6034, #882 ) ;
#6183 = VERTEX_POINT ( 'NONE', #4201 ) ;
#6184 = AXIS2_PLACEMENT_3D ( 'NONE', #1523, #3104, #1673 ) ;
#6185 = LINE ( 'NONE', #6236, #8999 ) ;
#6186 = DIRECTION ( 'NONE',  ( -1.000000000000000000, 0.000000000000000000, -7.885106708985509741E-16 ) ) ;
#6187 = DIRECTION ( 'NONE',  ( 0.000000000000000000, 0.000000000000000000, -1.000000000000000000 ) ) ;
#6188 = AXIS2_PLACEMENT_3D ( 'NONE', #9517, #8092, #1380 ) ;
#6189 = DIRECTION ( 'NONE',  ( 0.000000000000000000, 0.000000000000000000, 1.000000000000000000 ) ) ;
#6190 = ORIENTED_EDGE ( 'NONE', *, *, #148, .F. ) ;
#6191 = CARTESIAN_POINT ( 'NONE',  ( -0.6249999999999996669, 0.000000000000000000, -1.225000000000000755 ) ) ;
#6192 = DIRECTION ( 'NONE',  ( 0.000000000000000000, -0.000000000000000000, 1.000000000000000000 ) ) ;
#6193 = ORIENTED_EDGE ( 'NONE', *, *, #9072, .T. ) ;
#6194 = FACE_OUTER_BOUND ( 'NONE', #2791, .T. ) ;
#6195 = ORIENTED_EDGE ( 'NONE', *, *, #5619, .F. ) ;
#6196 = DIRECTION ( 'NONE',  ( 0.000000000000000000, 1.000000000000000000, 0.000000000000000000 ) ) ;
#6197 = DIRECTION ( 'NONE',  ( 0.000000000000000000, -0.000000000000000000, 1.000000000000000000 ) ) ;
#6198 = FACE_OUTER_BOUND ( 'NONE', #5351, .T. ) ;
#6199 = VECTOR ( 'NONE', #1964, 1000.000000000000000 ) ;
#6200 = ADVANCED_FACE ( 'NONE', ( #2960 ), #7192, .F. ) ;
#6201 = VECTOR ( 'NONE', #3099, 1000.000000000000000 ) ;
#6202 = VERTEX_POINT ( 'NONE', #7469 ) ;
#6203 = DIRECTION ( 'NONE',  ( 0.000000000000000000, 0.000000000000000000, 1.000000000000000000 ) ) ;
#6204 = AXIS2_PLACEMENT_3D ( 'NONE', #2137, #4380, #5796 ) ;
#6205 = DIRECTION ( 'NONE',  ( -0.000000000000000000, -1.000000000000000000, -0.000000000000000000 ) ) ;
#6206 = ORIENTED_EDGE ( 'NONE', *, *, #8910, .F. ) ;
#6207 = ORIENTED_EDGE ( 'NONE', *, *, #232, .F. ) ;
#6208 = CARTESIAN_POINT ( 'NONE',  ( 0.6000000000000000888, 0.2000000000000000111, 0.8499999999999997558 ) ) ;
#6209 = CARTESIAN_POINT ( 'NONE',  ( 1.125000000000000888, 0.2000000000000000111, -1.225000000000000311 ) ) ;
#6210 = CARTESIAN_POINT ( 'NONE',  ( 0.8750000000000003331, 0.2000000000000000111, 1.225000000000000755 ) ) ;
#6211 = CARTESIAN_POINT ( 'NONE',  ( 0.6000000000000000888, 0.2000000000000000944, 0.8499999999999997558 ) ) ;
#6212 = EDGE_CURVE ( 'NONE', #3828, #7548, #7610, .T. ) ;
#6213 = VECTOR ( 'NONE', #8107, 1000.000000000000000 ) ;
#6214 = FACE_OUTER_BOUND ( 'NONE', #5441, .T. ) ;
#6215 = LINE ( 'NONE', #9204, #4137 ) ;
#6216 = ORIENTED_EDGE ( 'NONE', *, *, #5567, .T. ) ;
#6217 = DIRECTION ( 'NONE',  ( 1.000000000000000000, 0.000000000000000000, -0.000000000000000000 ) ) ;
#6218 = EDGE_CURVE ( 'NONE', #7006, #9384, #1575, .T. ) ;
#6219 = ORIENTED_EDGE ( 'NONE', *, *, #6446, .T. ) ;
#6220 = FACE_OUTER_BOUND ( 'NONE', #3713, .T. ) ;
#6221 = ORIENTED_EDGE ( 'NONE', *, *, #678, .T. ) ;
#6222 = EDGE_CURVE ( 'NONE', #336, #6634, #7707, .T. ) ;
#6223 = VECTOR ( 'NONE', #1114, 1000.000000000000000 ) ;
#6224 = CARTESIAN_POINT ( 'NONE',  ( 1.999999999999999112, 0.1000000000000002554, -1.500000000000000444 ) ) ;
#6225 = ORIENTED_EDGE ( 'NONE', *, *, #628, .F. ) ;
#6226 = EDGE_CURVE ( 'NONE', #8760, #634, #8434, .T. ) ;
#6227 = CARTESIAN_POINT ( 'NONE',  ( -1.950000000000001066, 0.1000000000000000056, -1.450000000000000622 ) ) ;
#6228 = VECTOR ( 'NONE', #2600, 1000.000000000000000 ) ;
#6229 = FACE_OUTER_BOUND ( 'NONE', #8457, .T. ) ;
#6230 = LINE ( 'NONE', #9219, #659 ) ;
#6231 = ORIENTED_EDGE ( 'NONE', *, *, #5660, .T. ) ;
#6232 = CARTESIAN_POINT ( 'NONE',  ( -1.725000000000000755, 0.05000000000000023870, 0.6250000000000006661 ) ) ;
#6233 = DIRECTION ( 'NONE',  ( 0.000000000000000000, 0.000000000000000000, 1.000000000000000000 ) ) ;
#6234 = VECTOR ( 'NONE', #1769, 1000.000000000000000 ) ;
#6235 = EDGE_LOOP ( 'NONE', ( #9209, #438, #9479, #6424 ) ) ;
#6236 = CARTESIAN_POINT ( 'NONE',  ( -9.856383386231954970E-17, 0.05000000000000000278, -0.1250000000000008049 ) ) ;
#6237 = ORIENTED_EDGE ( 'NONE', *, *, #9289, .T. ) ;
#6238 = CYLINDRICAL_SURFACE ( 'NONE', #3035, 0.1249999999999996808 ) ;
#6239 = CARTESIAN_POINT ( 'NONE',  ( 2.000000000000000000, 0.6716990566028313570, -0.6249999999999992228 ) ) ;
#6240 = FACE_OUTER_BOUND ( 'NONE', #6841, .T. ) ;
#6241 = EDGE_LOOP ( 'NONE', ( #8164, #6939, #5035, #6371 ) ) ;
#6242 = DIRECTION ( 'NONE',  ( 0.000000000000000000, 0.000000000000000000, -1.000000000000000000 ) ) ;
#6243 = DIRECTION ( 'NONE',  ( 0.000000000000000000, 1.000000000000000000, 0.000000000000000000 ) ) ;
#6244 = ORIENTED_EDGE ( 'NONE', *, *, #9198, .T. ) ;
#6245 = PLANE ( 'NONE',  #427 ) ;
#6246 = ORIENTED_EDGE ( 'NONE', *, *, #9212, .F. ) ;
#6247 = DIRECTION ( 'NONE',  ( 0.000000000000000000, 1.000000000000000000, 0.000000000000000000 ) ) ;
#6248 = CLOSED_SHELL ( 'NONE', ( #7887, #390, #2761, #4236, #9518, #4076, #860, #5890 ) ) ;
#6249 = DIRECTION ( 'NONE',  ( -2.551063935260010984E-16, 0.000000000000000000, -1.000000000000000000 ) ) ;
#6250 = CARTESIAN_POINT ( 'NONE',  ( -0.8749999999999993339, 0.05000000000000000278, 1.450000000000000178 ) ) ;
#6251 = VERTEX_POINT ( 'NONE', #1724 ) ;
#6252 = CARTESIAN_POINT ( 'NONE',  ( -1.950000000000001066, 0.1000000000000000056, -0.1249999999999992506 ) ) ;
#6253 = ORIENTED_EDGE ( 'NONE', *, *, #8002, .F. ) ;
#6254 = DIRECTION ( 'NONE',  ( 0.000000000000000000, 0.000000000000000000, 1.000000000000000000 ) ) ;
#6255 = EDGE_CURVE ( 'NONE', #4521, #3293, #3776, .T. ) ;
#6256 = ORIENTED_EDGE ( 'NONE', *, *, #3302, .F. ) ;
#6257 = ORIENTED_EDGE ( 'NONE', *, *, #7577, .T. ) ;
#6258 = DIRECTION ( 'NONE',  ( 0.000000000000000000, 0.000000000000000000, 1.000000000000000000 ) ) ;
#6259 = CARTESIAN_POINT ( 'NONE',  ( 1.950000000000002176, 0.000000000000000000, -0.5000000000000004441 ) ) ;
#6260 = PRESENTATION_STYLE_ASSIGNMENT (( #180 ) ) ;
#6261 = EDGE_CURVE ( 'NONE', #7185, #1573, #7557, .T. ) ;
#6262 = FACE_OUTER_BOUND ( 'NONE', #8607, .T. ) ;
#6263 = LINE ( 'NONE', #1221, #1617 ) ;
#6264 = ORIENTED_EDGE ( 'NONE', *, *, #3224, .F. ) ;
#6265 = DIRECTION ( 'NONE',  ( 0.000000000000000000, -1.000000000000000000, 0.000000000000000000 ) ) ;
#6266 = DIRECTION ( 'NONE',  ( 0.000000000000000000, 1.000000000000000000, -0.000000000000000000 ) ) ;
#6267 = VERTEX_POINT ( 'NONE', #6766 ) ;
#6268 = CARTESIAN_POINT ( 'NONE',  ( -0.1249999999999988065, 0.1000000000000000472, -1.500000000000000444 ) ) ;
#6269 = ADVANCED_FACE ( 'NONE', ( #5398 ), #3916, .T. ) ;
#6270 = ORIENTED_EDGE ( 'NONE', *, *, #8232, .F. ) ;
#6271 = EDGE_CURVE ( 'NONE', #473, #1758, #975, .T. ) ;
#6272 = CARTESIAN_POINT ( 'NONE',  ( -1.950000000000001066, 0.05000000000000000278, -1.124999999999999334 ) ) ;
#6273 = VERTEX_POINT ( 'NONE', #3967 ) ;
#6274 = PLANE ( 'NONE',  #1029 ) ;
#6275 = EDGE_CURVE ( 'NONE', #2032, #3550, #251, .T. ) ;
#6276 = VECTOR ( 'NONE', #2105, 1000.000000000000000 ) ;
#6277 = LINE ( 'NONE', #5644, #4470 ) ;
#6278 = CARTESIAN_POINT ( 'NONE',  ( 2.000000000000000000, 0.1999999999999999833, -0.1249999999999992922 ) ) ;
#6279 = ORIENTED_EDGE ( 'NONE', *, *, #7841, .F. ) ;
#6280 = VECTOR ( 'NONE', #2177, 1000.000000000000000 ) ;
#6281 = EDGE_CURVE ( 'NONE', #1515, #4441, #1180, .T. ) ;
#6282 = DIRECTION ( 'NONE',  ( 1.000000000000000000, 0.000000000000000000, 0.000000000000000000 ) ) ;
#6283 = ORIENTED_EDGE ( 'NONE', *, *, #1032, .T. ) ;
#6284 = ORIENTED_EDGE ( 'NONE', *, *, #5986, .F. ) ;
#6285 = FACE_OUTER_BOUND ( 'NONE', #920, .T. ) ;
#6286 = FACE_OUTER_BOUND ( 'NONE', #8262, .T. ) ;
#6287 = ORIENTED_EDGE ( 'NONE', *, *, #3408, .T. ) ;
#6288 = LINE ( 'NONE', #937, #5856 ) ;
#6289 = EDGE_LOOP ( 'NONE', ( #242, #5026, #8317, #3202 ) ) ;
#6290 = VERTEX_POINT ( 'NONE', #3251 ) ;
#6291 = FILL_AREA_STYLE ('',( #317 ) ) ;
#6292 = DIRECTION ( 'NONE',  ( 0.000000000000000000, 1.000000000000000000, -0.000000000000000000 ) ) ;
#6293 = DIRECTION ( 'NONE',  ( 0.000000000000000000, 1.000000000000000000, 0.000000000000000000 ) ) ;
#6294 = VECTOR ( 'NONE', #8633, 1000.000000000000000 ) ;
#6295 = CARTESIAN_POINT ( 'NONE',  ( 1.999999999999999112, 0.8000000000000020428, -1.500000000000000444 ) ) ;
#6296 = CARTESIAN_POINT ( 'NONE',  ( -1.124999999999999778, 0.6716990566028301357, -1.225000000000000755 ) ) ;
#6297 = DIRECTION ( 'NONE',  ( 1.000000000000000000, 0.000000000000000000, 1.577021341797097215E-15 ) ) ;
#6298 = DIRECTION ( 'NONE',  ( -1.000000000000000000, 0.000000000000000000, 0.000000000000000000 ) ) ;
#6299 = AXIS2_PLACEMENT_3D ( 'NONE', #147, #972, #3827 ) ;
#6300 = DIRECTION ( 'NONE',  ( -2.551063935260010491E-16, 0.000000000000000000, -1.000000000000000000 ) ) ;
#6301 = VERTEX_POINT ( 'NONE', #6232 ) ;
#6302 = ORIENTED_EDGE ( 'NONE', *, *, #1366, .F. ) ;
#6303 = CARTESIAN_POINT ( 'NONE',  ( -1.950000000000001066, 0.1000000000000000056, -1.450000000000000622 ) ) ;
#6304 = LINE ( 'NONE', #5523, #5595 ) ;
#6305 = CIRCLE ( 'NONE', #5062, 0.1249999999999996808 ) ;
#6306 = ADVANCED_FACE ( 'NONE', ( #9222 ), #2512, .T. ) ;
#6307 = CIRCLE ( 'NONE', #1774, 0.1250000000000001110 ) ;
#6308 = DIRECTION ( 'NONE',  ( -3.154042683594198769E-15, -0.000000000000000000, -1.000000000000000000 ) ) ;
#6309 = FACE_OUTER_BOUND ( 'NONE', #4119, .T. ) ;
#6310 = EDGE_LOOP ( 'NONE', ( #5093, #7962, #8635, #1122 ) ) ;
#6311 = DIRECTION ( 'NONE',  ( 0.000000000000000000, -0.000000000000000000, 1.000000000000000000 ) ) ;
#6312 = CARTESIAN_POINT ( 'NONE',  ( 1.375000000000001110, 0.1000000000000000056, 1.450000000000000178 ) ) ;
#6313 = VERTEX_POINT ( 'NONE', #2712 ) ;
#6314 = ORIENTED_EDGE ( 'NONE', *, *, #3909, .F. ) ;
#6315 = VECTOR ( 'NONE', #9305, 1000.000000000000000 ) ;
#6316 = CIRCLE ( 'NONE', #215, 0.1249999999999996808 ) ;
#6317 = DIRECTION ( 'NONE',  ( -1.000000000000000000, 0.000000000000000000, 3.942553354492743531E-16 ) ) ;
#6318 = ORIENTED_EDGE ( 'NONE', *, *, #6431, .F. ) ;
#6319 = CARTESIAN_POINT ( 'NONE',  ( 1.375000000000000444, 0.6716990566028301357, 1.225000000000000755 ) ) ;
#6320 = ADVANCED_FACE ( 'NONE', ( #5549 ), #4082, .F. ) ;
#6321 = COLOUR_RGB ( '',0.7921568627450980005, 0.8196078431372548767, 0.9333333333333333481 ) ;
#6322 = DIRECTION ( 'NONE',  ( -0.000000000000000000, -1.000000000000000000, -0.000000000000000000 ) ) ;
#6323 = LINE ( 'NONE', #1089, #3649 ) ;
#6324 = AXIS2_PLACEMENT_3D ( 'NONE', #2842, #2018, #4999 ) ;
#6325 = ORIENTED_EDGE ( 'NONE', *, *, #7061, .F. ) ;
#6326 = VECTOR ( 'NONE', #7188, 1000.000000000000000 ) ;
#6327 = VERTEX_POINT ( 'NONE', #9473 ) ;
#6328 = ORIENTED_EDGE ( 'NONE', *, *, #7896, .T. ) ;
#6329 = DIRECTION ( 'NONE',  ( -3.469446951953617739E-15, 0.000000000000000000, 1.000000000000000000 ) ) ;
#6330 = CARTESIAN_POINT ( 'NONE',  ( 1.950000000000002176, 0.1000000000000000056, -1.450000000000000622 ) ) ;
#6331 = AXIS2_PLACEMENT_3D ( 'NONE', #8356, #4504, #7640 ) ;
#6332 = EDGE_CURVE ( 'NONE', #4331, #118, #3352, .T. ) ;
#6333 = CARTESIAN_POINT ( 'NONE',  ( -1.374999999999999556, 0.04999999999999999584, -1.450000000000000622 ) ) ;
#6334 = EDGE_CURVE ( 'NONE', #5828, #9651, #4032, .T. ) ;
#6335 = PRESENTATION_LAYER_ASSIGNMENT (  '', '', ( #3383 ) ) ;
#6336 = VERTEX_POINT ( 'NONE', #2664 ) ;
#6337 = LINE ( 'NONE', #2573, #1038 ) ;
#6338 = CARTESIAN_POINT ( 'NONE',  ( 0.000000000000000000, 0.2000000000000000111, 0.000000000000000000 ) ) ;
#6339 = AXIS2_PLACEMENT_3D ( 'NONE', #7047, #4061, #1268 ) ;
#6340 = VERTEX_POINT ( 'NONE', #8629 ) ;
#6341 = EDGE_CURVE ( 'NONE', #4661, #3521, #1923, .T. ) ;
#6342 = DIRECTION ( 'NONE',  ( -0.000000000000000000, -1.000000000000000000, -0.000000000000000000 ) ) ;
#6343 = DIRECTION ( 'NONE',  ( 0.000000000000000000, -0.000000000000000000, 1.000000000000000000 ) ) ;
#6344 = VERTEX_POINT ( 'NONE', #7365 ) ;
#6345 = CARTESIAN_POINT ( 'NONE',  ( -0.8749999999999990008, 0.000000000000000000, -1.225000000000000311 ) ) ;
#6346 = DIRECTION ( 'NONE',  ( 0.000000000000000000, -0.000000000000000000, -1.000000000000000000 ) ) ;
#6347 = VERTEX_POINT ( 'NONE', #4273 ) ;
#6348 = EDGE_CURVE ( 'NONE', #3852, #348, #6519, .T. ) ;
#6349 = VECTOR ( 'NONE', #9027, 1000.000000000000000 ) ;
#6350 = AXIS2_PLACEMENT_3D ( 'NONE', #4874, #8443, #6192 ) ;
#6351 = CARTESIAN_POINT ( 'NONE',  ( -1.725000000000001199, 0.1999999999999999833, -0.5000000000000002220 ) ) ;
#6352 = FACE_OUTER_BOUND ( 'NONE', #1635, .T. ) ;
#6353 = DIRECTION ( 'NONE',  ( -0.000000000000000000, -1.000000000000000000, -0.000000000000000000 ) ) ;
#6354 = CARTESIAN_POINT ( 'NONE',  ( 1.250000000000000666, 0.2000000000000000111, -1.225000000000000533 ) ) ;
#6355 = ORIENTED_EDGE ( 'NONE', *, *, #4199, .T. ) ;
#6356 = DIRECTION ( 'NONE',  ( 3.154042683594198769E-15, 0.000000000000000000, 1.000000000000000000 ) ) ;
#6357 = FACE_OUTER_BOUND ( 'NONE', #2678, .T. ) ;
#6358 = FILL_AREA_STYLE ('',( #378 ) ) ;
#6359 = CARTESIAN_POINT ( 'NONE',  ( -0.8749999999999994449, 0.1000000000000000472, -1.500000000000000444 ) ) ;
#6360 = VECTOR ( 'NONE', #8106, 1000.000000000000000 ) ;
#6361 = LINE ( 'NONE', #9357, #9672 ) ;
#6362 = ORIENTED_EDGE ( 'NONE', *, *, #4019, .T. ) ;
#6363 = PLANE ( 'NONE',  #6771 ) ;
#6364 = LINE ( 'NONE', #7894, #3419 ) ;
#6365 = ORIENTED_EDGE ( 'NONE', *, *, #9446, .F. ) ;
#6366 = CARTESIAN_POINT ( 'NONE',  ( 1.125000000000000888, 0.000000000000000000, -1.225000000000000311 ) ) ;
#6367 = ORIENTED_EDGE ( 'NONE', *, *, #5688, .T. ) ;
#6368 = LINE ( 'NONE', #8664, #2495 ) ;
#6369 = CIRCLE ( 'NONE', #2151, 0.1250000000000001110 ) ;
#6370 = CARTESIAN_POINT ( 'NONE',  ( -3.449734185181145721E-16, 0.05000000000000000278, -0.8749999999999986677 ) ) ;
#6371 = ORIENTED_EDGE ( 'NONE', *, *, #8547, .F. ) ;
#6372 = DIRECTION ( 'NONE',  ( -0.000000000000000000, -1.000000000000000000, -0.000000000000000000 ) ) ;
#6373 = CARTESIAN_POINT ( 'NONE',  ( -1.374999999999999112, 0.6716990566028301357, -1.225000000000000311 ) ) ;
#6374 = LINE ( 'NONE', #442, #3941 ) ;
#6375 = VECTOR ( 'NONE', #8242, 1000.000000000000000 ) ;
#6376 = ORIENTED_EDGE ( 'NONE', *, *, #738, .T. ) ;
#6377 = CARTESIAN_POINT ( 'NONE',  ( -1.725000000000000755, 0.1000000000000000472, 1.125000000000000666 ) ) ;
#6378 = EDGE_CURVE ( 'NONE', #5184, #9344, #630, .T. ) ;
#6379 = ORIENTED_EDGE ( 'NONE', *, *, #940, .T. ) ;
#6380 = EDGE_LOOP ( 'NONE', ( #5934, #616, #3148, #4462, #4536, #1369 ) ) ;
#6381 = CARTESIAN_POINT ( 'NONE',  ( -1.606107883817426973, 0.6999999999999999556, -1.099419087136932704 ) ) ;
#6382 = CARTESIAN_POINT ( 'NONE',  ( -0.3749999999999994449, 0.000000000000000000, 1.500000000000000444 ) ) ;
#6383 = AXIS2_PLACEMENT_3D ( 'NONE', #8378, #7802, #1818 ) ;
#6384 = ADVANCED_FACE ( 'NONE', ( #415 ), #5659, .F. ) ;
#6385 = AXIS2_PLACEMENT_3D ( 'NONE', #6861, #1524, #3825 ) ;
#6386 = ORIENTED_EDGE ( 'NONE', *, *, #2569, .T. ) ;
#6387 = DIRECTION ( 'NONE',  ( -1.000000000000000000, 0.000000000000000000, -7.885106708985511714E-16 ) ) ;
#6388 = ORIENTED_EDGE ( 'NONE', *, *, #6550, .T. ) ;
#6389 = ADVANCED_FACE ( 'NONE', ( #9541 ), #4460, .T. ) ;
#6390 = EDGE_CURVE ( 'NONE', #5979, #941, #2810, .T. ) ;
#6391 = CARTESIAN_POINT ( 'NONE',  ( -2.956915015869560730E-16, 0.05000000000000000278, 0.3749999999999991673 ) ) ;
#6392 = DIRECTION ( 'NONE',  ( -0.000000000000000000, -1.000000000000000000, -0.000000000000000000 ) ) ;
#6393 = CARTESIAN_POINT ( 'NONE',  ( 2.000000000000000000, 0.000000000000000000, -0.6249999999999992228 ) ) ;
#6394 = ORIENTED_EDGE ( 'NONE', *, *, #4306, .T. ) ;
#6395 = CARTESIAN_POINT ( 'NONE',  ( -1.249999999999999334, 0.2000000000000000111, 1.225000000000000533 ) ) ;
#6396 = ORIENTED_EDGE ( 'NONE', *, *, #2916, .F. ) ;
#6397 = AXIS2_PLACEMENT_3D ( 'NONE', #5504, #6189, #58 ) ;
#6398 = EDGE_CURVE ( 'NONE', #7243, #8070, #5710, .T. ) ;
#6399 = PLANE ( 'NONE',  #8194 ) ;
#6400 = DIRECTION ( 'NONE',  ( 0.000000000000000000, 0.000000000000000000, 1.000000000000000000 ) ) ;
#6401 = CARTESIAN_POINT ( 'NONE',  ( 0.6250000000000005551, 0.2000000000000000111, 1.500000000000000444 ) ) ;
#6402 = LINE ( 'NONE', #8604, #7020 ) ;
#6403 = DIRECTION ( 'NONE',  ( -7.885106708985511714E-16, 0.000000000000000000, 1.000000000000000000 ) ) ;
#6404 = CARTESIAN_POINT ( 'NONE',  ( -1.950000000000001066, 0.6716990566028313570, 0.6250000000000005551 ) ) ;
#6405 = VERTEX_POINT ( 'NONE', #6704 ) ;
#6406 = EDGE_CURVE ( 'NONE', #9651, #3774, #5824, .T. ) ;
#6407 = CARTESIAN_POINT ( 'NONE',  ( 1.950000000000002176, 0.1000000000000000056, 1.450000000000000178 ) ) ;
#6408 = CARTESIAN_POINT ( 'NONE',  ( 0.5999999999999996447, 0.2000000000000000111, -0.8500000000000001998 ) ) ;
#6409 = PLANE ( 'NONE',  #7923 ) ;
#6410 = CLOSED_SHELL ( 'NONE', ( #8022, #2323, #7867, #1732, #584, #1141, #1532, #186 ) ) ;
#6411 = CARTESIAN_POINT ( 'NONE',  ( -1.374999999999999112, 0.04999999999999999584, 1.225000000000000311 ) ) ;
#6412 = CARTESIAN_POINT ( 'NONE',  ( -0.7499999999999993339, 0.000000000000000000, 1.225000000000000533 ) ) ;
#6413 = ORIENTED_EDGE ( 'NONE', *, *, #6848, .T. ) ;
#6414 = CARTESIAN_POINT ( 'NONE',  ( -0.6249999999999996669, 0.1000000000000000056, 1.225000000000000755 ) ) ;
#6415 = ORIENTED_EDGE ( 'NONE', *, *, #8054, .T. ) ;
#6416 = ORIENTED_EDGE ( 'NONE', *, *, #8592, .T. ) ;
#6417 = CARTESIAN_POINT ( 'NONE',  ( -1.374999999999999112, 0.1999999999999999833, 1.225000000000000311 ) ) ;
#6418 = CYLINDRICAL_SURFACE ( 'NONE', #4584, 0.1249999999999996808 ) ;
#6419 = ORIENTED_EDGE ( 'NONE', *, *, #7831, .T. ) ;
#6420 = CARTESIAN_POINT ( 'NONE',  ( -0.6249999999999987788, 0.6716990566028301357, -1.500000000000000444 ) ) ;
#6421 = CARTESIAN_POINT ( 'NONE',  ( 1.375000000000000444, 0.000000000000000000, 1.225000000000000755 ) ) ;
#6422 = DIRECTION ( 'NONE',  ( 1.000000000000000000, 0.000000000000000000, 1.577021341797097215E-15 ) ) ;
#6423 = ORIENTED_EDGE ( 'NONE', *, *, #6073, .F. ) ;
#6424 = ORIENTED_EDGE ( 'NONE', *, *, #8089, .F. ) ;
#6425 = FACE_OUTER_BOUND ( 'NONE', #7408, .T. ) ;
#6426 = DIRECTION ( 'NONE',  ( -1.000000000000000000, 0.000000000000000000, 0.000000000000000000 ) ) ;
#6427 = DIRECTION ( 'NONE',  ( -1.000000000000000000, 0.000000000000000000, 3.942553354492743531E-16 ) ) ;
#6428 = VERTEX_POINT ( 'NONE', #3674 ) ;
#6429 = VECTOR ( 'NONE', #7759, 1000.000000000000000 ) ;
#6430 = CARTESIAN_POINT ( 'NONE',  ( -0.8749999999999990008, 0.1999999999999999833, -1.225000000000000311 ) ) ;
#6431 = EDGE_CURVE ( 'NONE', #785, #9542, #8042, .T. ) ;
#6432 = DIRECTION ( 'NONE',  ( 0.000000000000000000, -0.000000000000000000, 1.000000000000000000 ) ) ;
#6433 = EDGE_LOOP ( 'NONE', ( #9622, #6115, #9184, #6538, #3335, #9046 ) ) ;
#6434 = PLANE ( 'NONE',  #1329 ) ;
#6435 = ORIENTED_EDGE ( 'NONE', *, *, #8407, .T. ) ;
#6436 = EDGE_CURVE ( 'NONE', #889, #2135, #5781, .T. ) ;
#6437 = ADVANCED_FACE ( 'NONE', ( #8172 ), #6514, .T. ) ;
#6438 = CARTESIAN_POINT ( 'NONE',  ( -0.6249999999999987788, 0.2000000000000000111, 1.500000000000000444 ) ) ;
#6439 = DIRECTION ( 'NONE',  ( -0.000000000000000000, 0.000000000000000000, -1.000000000000000000 ) ) ;
#6440 = CARTESIAN_POINT ( 'NONE',  ( -0.3749999999999994449, 0.1000000000000000472, -1.500000000000000444 ) ) ;
#6441 = DIRECTION ( 'NONE',  ( 1.000000000000000000, -0.000000000000000000, 0.000000000000000000 ) ) ;
#6442 = CARTESIAN_POINT ( 'NONE',  ( 1.950000000000002176, 0.000000000000000000, -0.6250000000000005551 ) ) ;
#6443 = EDGE_LOOP ( 'NONE', ( #7324, #8297, #5314, #722 ) ) ;
#6444 = ORIENTED_EDGE ( 'NONE', *, *, #8151, .T. ) ;
#6445 = AXIS2_PLACEMENT_3D ( 'NONE', #4232, #4089, #357 ) ;
#6446 = EDGE_CURVE ( 'NONE', #6716, #9428, #3059, .T. ) ;
#6447 = CARTESIAN_POINT ( 'NONE',  ( 1.725000000000000755, 0.2000000000000000944, 0.8749999999999994449 ) ) ;
#6448 = CARTESIAN_POINT ( 'NONE',  ( -1.950000000000001066, 0.1000000000000000056, -0.3749999999999994449 ) ) ;
#6449 = EDGE_CURVE ( 'NONE', #6458, #2242, #2073, .T. ) ;
#6450 = DIRECTION ( 'NONE',  ( 0.000000000000000000, -1.000000000000000000, 0.000000000000000000 ) ) ;
#6451 = AXIS2_PLACEMENT_3D ( 'NONE', #8379, #4566, #7704 ) ;
#6452 = DIRECTION ( 'NONE',  ( 0.000000000000000000, 0.000000000000000000, 1.000000000000000000 ) ) ;
#6453 = ORIENTED_EDGE ( 'NONE', *, *, #868, .F. ) ;
#6454 = CARTESIAN_POINT ( 'NONE',  ( 0.8750000000000012212, 0.1000000000000000472, 1.500000000000000444 ) ) ;
#6455 = ORIENTED_EDGE ( 'NONE', *, *, #8263, .F. ) ;
#6456 = DIRECTION ( 'NONE',  ( 0.000000000000000000, 0.000000000000000000, 1.000000000000000000 ) ) ;
#6457 = CYLINDRICAL_SURFACE ( 'NONE', #1501, 0.1249999999999996808 ) ;
#6458 = VERTEX_POINT ( 'NONE', #671 ) ;
#6459 = DIRECTION ( 'NONE',  ( 0.000000000000000000, 0.000000000000000000, 1.000000000000000000 ) ) ;
#6460 = EDGE_CURVE ( 'NONE', #3815, #6113, #2027, .T. ) ;
#6461 = EDGE_CURVE ( 'NONE', #8839, #3158, #2163, .T. ) ;
#6462 = CARTESIAN_POINT ( 'NONE',  ( 1.950000000000002176, 0.1000000000000000056, 1.450000000000000178 ) ) ;
#6463 = DIRECTION ( 'NONE',  ( -0.000000000000000000, -1.000000000000000000, -0.000000000000000000 ) ) ;
#6464 = ORIENTED_EDGE ( 'NONE', *, *, #7547, .F. ) ;
#6465 = VECTOR ( 'NONE', #1271, 1000.000000000000000 ) ;
#6466 = VECTOR ( 'NONE', #3638, 1000.000000000000000 ) ;
#6467 = DIRECTION ( 'NONE',  ( 0.000000000000000000, 0.000000000000000000, 1.000000000000000000 ) ) ;
#6468 = PLANE ( 'NONE',  #3222 ) ;
#6469 = FACE_OUTER_BOUND ( 'NONE', #3079, .T. ) ;
#6470 = AXIS2_PLACEMENT_3D ( 'NONE', #1806, #4001, #9294 ) ;
#6471 = ORIENTED_EDGE ( 'NONE', *, *, #4788, .T. ) ;
#6472 = CARTESIAN_POINT ( 'NONE',  ( -2.000000000000000000, 0.6716990566028312459, 0.8750000000000007772 ) ) ;
#6473 = ORIENTED_EDGE ( 'NONE', *, *, #2382, .T. ) ;
#6474 = CARTESIAN_POINT ( 'NONE',  ( 1.725000000000000311, 0.000000000000000000, -0.5000000000000004441 ) ) ;
#6475 = DIRECTION ( 'NONE',  ( 1.000000000000000000, 0.000000000000000000, -3.942553354492742545E-16 ) ) ;
#6476 = AXIS2_PLACEMENT_3D ( 'NONE', #5087, #1453, #8079 ) ;
#6477 = ORIENTED_EDGE ( 'NONE', *, *, #6461, .T. ) ;
#6478 = VECTOR ( 'NONE', #4038, 1000.000000000000000 ) ;
#6479 = VECTOR ( 'NONE', #3456, 1000.000000000000000 ) ;
#6480 = ORIENTED_EDGE ( 'NONE', *, *, #2995, .T. ) ;
#6481 = LINE ( 'NONE', #410, #6213 ) ;
#6482 = CARTESIAN_POINT ( 'NONE',  ( -1.725000000000000755, 0.05000000000000023870, 0.1250000000000006661 ) ) ;
#6483 = AXIS2_PLACEMENT_3D ( 'NONE', #5647, #1037, #3304 ) ;
#6484 = ORIENTED_EDGE ( 'NONE', *, *, #2043, .T. ) ;
#6485 = LINE ( 'NONE', #4240, #843 ) ;
#6486 =( NAMED_UNIT ( * ) SI_UNIT ( $, .STERADIAN. ) SOLID_ANGLE_UNIT ( ) );
#6487 = VERTEX_POINT ( 'NONE', #7998 ) ;
#6488 = VECTOR ( 'NONE', #5888, 1000.000000000000000 ) ;
#6489 = VECTOR ( 'NONE', #3318, 1000.000000000000000 ) ;
#6490 = AXIS2_PLACEMENT_3D ( 'NONE', #9109, #2463, #5290 ) ;
#6491 = DIRECTION ( 'NONE',  ( 1.000000000000000000, 0.000000000000000000, -0.000000000000000000 ) ) ;
#6492 = DIRECTION ( 'NONE',  ( -3.942553354492743531E-16, 0.000000000000000000, -1.000000000000000000 ) ) ;
#6493 = ORIENTED_EDGE ( 'NONE', *, *, #2374, .F. ) ;
#6494 = ORIENTED_EDGE ( 'NONE', *, *, #940, .F. ) ;
#6495 = EDGE_CURVE ( 'NONE', #3550, #8662, #4940, .T. ) ;
#6496 = CARTESIAN_POINT ( 'NONE',  ( 1.725000000000000311, 0.6716990566028313570, -1.000000000000000444 ) ) ;
#6497 = VECTOR ( 'NONE', #7359, 1000.000000000000000 ) ;
#6498 = VECTOR ( 'NONE', #5394, 1000.000000000000000 ) ;
#6499 = EDGE_CURVE ( 'NONE', #2829, #4379, #533, .T. ) ;
#6500 = FILL_AREA_STYLE ('',( #4257 ) ) ;
#6501 = EDGE_LOOP ( 'NONE', ( #6367, #2049, #1138, #3557, #5264, #8091 ) ) ;
#6502 = CARTESIAN_POINT ( 'NONE',  ( -1.124999999999998890, 0.2000000000000000111, -1.500000000000000444 ) ) ;
#6503 = AXIS2_PLACEMENT_3D ( 'NONE', #632, #6607, #8867 ) ;
#6504 = ORIENTED_EDGE ( 'NONE', *, *, #738, .F. ) ;
#6505 = DIRECTION ( 'NONE',  ( -1.000000000000000000, 0.000000000000000000, 0.000000000000000000 ) ) ;
#6506 = ORIENTED_EDGE ( 'NONE', *, *, #909, .F. ) ;
#6507 = DIRECTION ( 'NONE',  ( 0.000000000000000000, -1.000000000000000000, 0.000000000000000000 ) ) ;
#6508 = CARTESIAN_POINT ( 'NONE',  ( -0.6249999999999987788, 0.1999999999999999833, -1.500000000000000444 ) ) ;
#6509 = EDGE_CURVE ( 'NONE', #5648, #4143, #9560, .T. ) ;
#6510 = DIRECTION ( 'NONE',  ( 0.000000000000000000, 0.000000000000000000, -1.000000000000000000 ) ) ;
#6511 = ORIENTED_EDGE ( 'NONE', *, *, #5808, .F. ) ;
#6512 = CARTESIAN_POINT ( 'NONE',  ( -0.8749999999999994449, 0.1000000000000000056, -1.450000000000000622 ) ) ;
#6514 = PLANE ( 'NONE',  #5874 ) ;
#6513 = VECTOR ( 'NONE', #9337, 1000.000000000000000 ) ;
#6515 = EDGE_CURVE ( 'NONE', #4715, #3656, #9519, .T. ) ;
#6516 = DIRECTION ( 'NONE',  ( 0.000000000000000000, 1.000000000000000000, 0.000000000000000000 ) ) ;
#6517 = EDGE_CURVE ( 'NONE', #8199, #6183, #2949, .T. ) ;
#6518 = ORIENTED_EDGE ( 'NONE', *, *, #465, .T. ) ;
#6519 = LINE ( 'NONE', #3588, #5086 ) ;
#6520 = VECTOR ( 'NONE', #642, 1000.000000000000000 ) ;
#6521 = ADVANCED_FACE ( 'NONE', ( #3995 ), #2528, .F. ) ;
#6522 = ORIENTED_EDGE ( 'NONE', *, *, #4846, .T. ) ;
#6523 = CARTESIAN_POINT ( 'NONE',  ( -1.249999999999999334, 0.2000000000000000111, 1.100000000000000977 ) ) ;
#6524 = CARTESIAN_POINT ( 'NONE',  ( 0.6250000000000005551, 0.2000000000000000111, 1.500000000000000444 ) ) ;
#6525 = AXIS2_PLACEMENT_3D ( 'NONE', #8566, #9248, #1013 ) ;
#6526 = LINE ( 'NONE', #2821, #6913 ) ;
#6527 = EDGE_CURVE ( 'NONE', #8924, #5497, #9291, .T. ) ;
#6528 = ORIENTED_EDGE ( 'NONE', *, *, #794, .F. ) ;
#6529 = PLANE ( 'NONE',  #6204 ) ;
#6530 = VECTOR ( 'NONE', #2222, 1000.000000000000000 ) ;
#6531 = CARTESIAN_POINT ( 'NONE',  ( 1.950000000000002176, 0.000000000000000000, 0.6250000000000005551 ) ) ;
#6532 = ORIENTED_EDGE ( 'NONE', *, *, #9121, .T. ) ;
#6533 = DIRECTION ( 'NONE',  ( 1.000000000000000000, -0.000000000000000000, 3.469446951953617739E-15 ) ) ;
#6534 = ORIENTED_EDGE ( 'NONE', *, *, #2990, .T. ) ;
#6535 = DIRECTION ( 'NONE',  ( -3.154042683594198769E-15, 0.000000000000000000, 1.000000000000000000 ) ) ;
#6536 = EDGE_CURVE ( 'NONE', #6892, #698, #7079, .T. ) ;
#6537 = CARTESIAN_POINT ( 'NONE',  ( -1.374999999999999556, 0.1999999999999999833, -1.500000000000000444 ) ) ;
#6538 = ORIENTED_EDGE ( 'NONE', *, *, #7700, .T. ) ;
#6539 = ORIENTED_EDGE ( 'NONE', *, *, #852, .F. ) ;
#6540 =( NAMED_UNIT ( * ) SI_UNIT ( $, .STERADIAN. ) SOLID_ANGLE_UNIT ( ) );
#6541 = DIRECTION ( 'NONE',  ( 0.000000000000000000, 0.000000000000000000, -1.000000000000000000 ) ) ;
#6542 =( LENGTH_UNIT ( ) NAMED_UNIT ( * ) SI_UNIT ( .MILLI., .METRE. ) );
#6543 = ORIENTED_EDGE ( 'NONE', *, *, #8940, .T. ) ;
#6544 = ADVANCED_FACE ( 'NONE', ( #2253 ), #5231, .T. ) ;
#6545 = CARTESIAN_POINT ( 'NONE',  ( -1.124999999999999778, 0.2000000000000000111, 1.225000000000000755 ) ) ;
#6546 = VERTEX_POINT ( 'NONE', #8298 ) ;
#6547 = CARTESIAN_POINT ( 'NONE',  ( 0.6250000000000005551, 0.000000000000000000, 1.500000000000000444 ) ) ;
#6548 = ORIENTED_EDGE ( 'NONE', *, *, #3518, .F. ) ;
#6549 = CARTESIAN_POINT ( 'NONE',  ( -0.1249999999999996808, 0.000000000000000000, 1.225000000000000755 ) ) ;
#6550 = EDGE_CURVE ( 'NONE', #9609, #3688, #2755, .T. ) ;
#6551 = CARTESIAN_POINT ( 'NONE',  ( 2.000000000000000888, 0.1000000000000000472, -0.8749999999999994449 ) ) ;
#6552 = CARTESIAN_POINT ( 'NONE',  ( -0.8749999999999990008, 0.2000000000000000111, -1.225000000000000311 ) ) ;
#6553 = VECTOR ( 'NONE', #2159, 1000.000000000000000 ) ;
#6554 = DIRECTION ( 'NONE',  ( 1.000000000000000000, 0.000000000000000000, 1.577021341797097215E-15 ) ) ;
#6555 = CARTESIAN_POINT ( 'NONE',  ( 1.125000000000000666, 0.1000000000000000056, 1.500000000000000444 ) ) ;
#6556 = EDGE_CURVE ( 'NONE', #2242, #1681, #944, .T. ) ;
#6557 = CARTESIAN_POINT ( 'NONE',  ( -2.000000000000000888, 0.1999999999999996503, 0.6250000000000005551 ) ) ;
#6558 = EDGE_CURVE ( 'NONE', #5303, #2832, #1588, .T. ) ;
#6559 = ORIENTED_EDGE ( 'NONE', *, *, #7573, .T. ) ;
#6560 = FACE_OUTER_BOUND ( 'NONE', #8480, .T. ) ;
#6561 = DIRECTION ( 'NONE',  ( -1.000000000000000000, 0.000000000000000000, 0.000000000000000000 ) ) ;
#6562 = EDGE_CURVE ( 'NONE', #4143, #634, #6139, .T. ) ;
#6563 = ORIENTED_EDGE ( 'NONE', *, *, #2871, .T. ) ;
#6564 = FACE_OUTER_BOUND ( 'NONE', #9095, .T. ) ;
#6565 = DIRECTION ( 'NONE',  ( 0.000000000000000000, 0.000000000000000000, 1.000000000000000000 ) ) ;
#6566 = LINE ( 'NONE', #2857, #7392 ) ;
#6567 = EDGE_CURVE ( 'NONE', #3590, #3943, #121, .T. ) ;
#6568 = ORIENTED_EDGE ( 'NONE', *, *, #6630, .F. ) ;
#6569 = CARTESIAN_POINT ( 'NONE',  ( -0.2499999999999993616, 0.000000000000000000, 1.225000000000000533 ) ) ;
#6570 = VERTEX_POINT ( 'NONE', #4733 ) ;
#6571 = DIRECTION ( 'NONE',  ( 0.000000000000000000, -0.000000000000000000, 1.000000000000000000 ) ) ;
#6572 = DIRECTION ( 'NONE',  ( -0.000000000000000000, -1.000000000000000000, -0.000000000000000000 ) ) ;
#6573 = ORIENTED_EDGE ( 'NONE', *, *, #8786, .T. ) ;
#6574 = DIRECTION ( 'NONE',  ( -3.154042683594198769E-15, -0.000000000000000000, -1.000000000000000000 ) ) ;
#6575 = DIRECTION ( 'NONE',  ( 0.000000000000000000, -1.000000000000000000, 0.000000000000000000 ) ) ;
#6576 = ORIENTED_EDGE ( 'NONE', *, *, #4832, .T. ) ;
#6577 = DIRECTION ( 'NONE',  ( 0.000000000000000000, -1.000000000000000000, 0.000000000000000000 ) ) ;
#6578 = ORIENTED_EDGE ( 'NONE', *, *, #814, .F. ) ;
#6579 = VERTEX_POINT ( 'NONE', #2380 ) ;
#6580 = CARTESIAN_POINT ( 'NONE',  ( 1.950000000000002176, 0.1000000000000000056, -1.450000000000000622 ) ) ;
#6581 = DIRECTION ( 'NONE',  ( 3.942553354492743531E-16, 0.000000000000000000, -1.000000000000000000 ) ) ;
#6582 = LINE ( 'NONE', #9643, #3165 ) ;
#6583 =( NAMED_UNIT ( * ) SI_UNIT ( $, .STERADIAN. ) SOLID_ANGLE_UNIT ( ) );
#6584 = EDGE_LOOP ( 'NONE', ( #3974, #4844, #4034, #881 ) ) ;
#6585 = DIRECTION ( 'NONE',  ( -1.000000000000000000, 0.000000000000000000, 0.000000000000000000 ) ) ;
#6586 = DIRECTION ( 'NONE',  ( 0.000000000000000000, -1.000000000000000000, 0.000000000000000000 ) ) ;
#6587 = VERTEX_POINT ( 'NONE', #6985 ) ;
#6588 = DIRECTION ( 'NONE',  ( 0.000000000000000000, 1.000000000000000000, 0.000000000000000000 ) ) ;
#6589 = EDGE_LOOP ( 'NONE', ( #4705, #5718, #6435, #7646 ) ) ;
#6590 = ORIENTED_EDGE ( 'NONE', *, *, #5028, .T. ) ;
#6591 = CARTESIAN_POINT ( 'NONE',  ( -0.3749999999999994449, 0.1999999999999999833, 1.500000000000000444 ) ) ;
#6592 = LINE ( 'NONE', #7450, #6715 ) ;
#6593 = DIRECTION ( 'NONE',  ( -3.942553354492743531E-16, 0.000000000000000000, -1.000000000000000000 ) ) ;
#6594 = ORIENTED_EDGE ( 'NONE', *, *, #5832, .T. ) ;
#6595 = DIRECTION ( 'NONE',  ( -1.000000000000000000, 0.000000000000000000, 0.000000000000000000 ) ) ;
#6596 = EDGE_CURVE ( 'NONE', #50, #6087, #2432, .T. ) ;
#6597 = DIRECTION ( 'NONE',  ( 0.000000000000000000, 1.000000000000000000, -0.000000000000000000 ) ) ;
#6598 = VECTOR ( 'NONE', #7689, 1000.000000000000000 ) ;
#6599 = AXIS2_PLACEMENT_3D ( 'NONE', #2173, #8140, #7409 ) ;
#6600 = LINE ( 'NONE', #7089, #5098 ) ;
#6601 = EDGE_LOOP ( 'NONE', ( #4474, #6778, #1507, #5388 ) ) ;
#6602 = DIRECTION ( 'NONE',  ( 3.469446951953617739E-15, 0.000000000000000000, -1.000000000000000000 ) ) ;
#6603 = ORIENTED_EDGE ( 'NONE', *, *, #3381, .T. ) ;
#6604 = DIRECTION ( 'NONE',  ( -0.000000000000000000, 0.000000000000000000, -1.000000000000000000 ) ) ;
#6605 = VECTOR ( 'NONE', #99, 1000.000000000000000 ) ;
#6606 = CARTESIAN_POINT ( 'NONE',  ( -1.950000000000001066, 0.1000000000000000056, -1.450000000000000622 ) ) ;
#6607 = DIRECTION ( 'NONE',  ( 0.000000000000000000, 1.000000000000000000, 0.000000000000000000 ) ) ;
#6608 = VECTOR ( 'NONE', #3477, 1000.000000000000000 ) ;
#6609 = EDGE_LOOP ( 'NONE', ( #1937, #3054, #9261, #2672 ) ) ;
#6610 = ADVANCED_FACE ( 'NONE', ( #3218 ), #9130, .F. ) ;
#6611 = PLANE ( 'NONE',  #8025 ) ;
#6612 = LINE ( 'NONE', #446, #3524 ) ;
#6613 = VECTOR ( 'NONE', #2062, 1000.000000000000000 ) ;
#6614 = DIRECTION ( 'NONE',  ( -0.000000000000000000, -1.000000000000000000, -0.000000000000000000 ) ) ;
#6615 = LINE ( 'NONE', #5932, #4456 ) ;
#6616 = AXIS2_PLACEMENT_3D ( 'NONE', #5144, #4407, #7398 ) ;
#6617 = ORIENTED_EDGE ( 'NONE', *, *, #2493, .F. ) ;
#6618 = CARTESIAN_POINT ( 'NONE',  ( -0.3749999999999993894, 0.6716990566028301357, 1.450000000000000178 ) ) ;
#6619 = CARTESIAN_POINT ( 'NONE',  ( -2.000000000000000888, 0.6716990566028312459, 1.125000000000000666 ) ) ;
#6620 = VECTOR ( 'NONE', #4103, 1000.000000000000000 ) ;
#6621 = ORIENTED_EDGE ( 'NONE', *, *, #2689, .F. ) ;
#6622 = DIRECTION ( 'NONE',  ( -1.000000000000000000, 0.000000000000000000, -0.000000000000000000 ) ) ;
#6623 = ADVANCED_FACE ( 'NONE', ( #3931 ), #8447, .F. ) ;
#6624 = FILL_AREA_STYLE ('',( #2048 ) ) ;
#6625 = CARTESIAN_POINT ( 'NONE',  ( -0.7499999999999993339, 0.2000000000000000111, 1.100000000000000977 ) ) ;
#6626 = LINE ( 'NONE', #3700, #3374 ) ;
#6627 = ADVANCED_FACE ( 'NONE', ( #9084 ), #995, .F. ) ;
#6628 = VECTOR ( 'NONE', #5865, 1000.000000000000000 ) ;
#6629 = LINE ( 'NONE', #2145, #3729 ) ;
#6630 = EDGE_CURVE ( 'NONE', #6869, #8589, #4775, .T. ) ;
#6631 = VECTOR ( 'NONE', #3668, 1000.000000000000000 ) ;
#6632 = CARTESIAN_POINT ( 'NONE',  ( -1.725000000000001199, 0.05000000000000002359, 0.9999999999999997780 ) ) ;
#6633 = CARTESIAN_POINT ( 'NONE',  ( -1.725000000000000755, 0.1999999999999999833, 0.3749999999999997224 ) ) ;
#6634 = VERTEX_POINT ( 'NONE', #7629 ) ;
#6635 = VERTEX_POINT ( 'NONE', #6883 ) ;
#6636 = EDGE_CURVE ( 'NONE', #5799, #3123, #4687, .T. ) ;
#6637 = CARTESIAN_POINT ( 'NONE',  ( -1.124999999999998890, 0.6716990566028301357, 1.500000000000000444 ) ) ;
#6638 = FACE_OUTER_BOUND ( 'NONE', #3501, .T. ) ;
#6639 = COLOUR_RGB ( '',0.7921568627450980005, 0.8196078431372548767, 0.9333333333333333481 ) ;
#6640 = CARTESIAN_POINT ( 'NONE',  ( -1.950000000000001066, 0.1000000000000000056, -1.124999999999999334 ) ) ;
#6641 = VECTOR ( 'NONE', #7066, 1000.000000000000000 ) ;
#6642 = PLANE ( 'NONE',  #6476 ) ;
#6643 = VERTEX_POINT ( 'NONE', #3163 ) ;
#6644 = FACE_OUTER_BOUND ( 'NONE', #1597, .T. ) ;
#6645 = EDGE_LOOP ( 'NONE', ( #4769, #6049, #6902, #5065, #8711, #7665 ) ) ;
#6646 = CARTESIAN_POINT ( 'NONE',  ( -0.1249999999999988065, 0.2000000000000000111, 1.500000000000000444 ) ) ;
#6647 = ORIENTED_EDGE ( 'NONE', *, *, #5013, .T. ) ;
#6648 = CARTESIAN_POINT ( 'NONE',  ( 2.000000000000000000, 0.1999999999999999833, -0.1249999999999992506 ) ) ;
#6649 = VECTOR ( 'NONE', #4046, 1000.000000000000000 ) ;
#6650 = AXIS2_PLACEMENT_3D ( 'NONE', #7906, #346, #5492 ) ;
#6651 = CARTESIAN_POINT ( 'NONE',  ( -1.950000000000001066, 0.1000000000000000056, -1.450000000000000622 ) ) ;
#6652 = LINE ( 'NONE', #5377, #2628 ) ;
#6653 = CARTESIAN_POINT ( 'NONE',  ( 2.000000000000000000, 0.1000000000000000472, -0.1249999999999992506 ) ) ;
#6654 = CARTESIAN_POINT ( 'NONE',  ( -2.000000000000000888, 0.1999999999999999833, 1.125000000000000666 ) ) ;
#6655 =( GEOMETRIC_REPRESENTATION_CONTEXT ( 3 ) GLOBAL_UNCERTAINTY_ASSIGNED_CONTEXT ( ( #7702 ) ) GLOBAL_UNIT_ASSIGNED_CONTEXT ( ( #5203, #6721, #8 ) ) REPRESENTATION_CONTEXT ( 'NONE', 'WORKASPACE' ) );
#6656 = EDGE_LOOP ( 'NONE', ( #6695, #6471, #5766, #5893, #6879, #6154 ) ) ;
#6657 = CARTESIAN_POINT ( 'NONE',  ( -0.1249999999999988065, 0.1999999999999999833, -1.500000000000000444 ) ) ;
#6658 = VERTEX_POINT ( 'NONE', #5468 ) ;
#6659 = FACE_OUTER_BOUND ( 'NONE', #9142, .T. ) ;
#6660 = VECTOR ( 'NONE', #453, 1000.000000000000000 ) ;
#6661 = ORIENTED_EDGE ( 'NONE', *, *, #4945, .F. ) ;
#6662 = AXIS2_PLACEMENT_3D ( 'NONE', #192, #8429, #4515 ) ;
#6663 = DIRECTION ( 'NONE',  ( 3.942553354492743531E-16, 0.000000000000000000, -1.000000000000000000 ) ) ;
#6664 = LINE ( 'NONE', #547, #4417 ) ;
#6665 = PLANE ( 'NONE',  #8577 ) ;
#6666 = PLANE ( 'NONE',  #9438 ) ;
#6667 = VECTOR ( 'NONE', #1947, 1000.000000000000000 ) ;
#6668 = ORIENTED_EDGE ( 'NONE', *, *, #9625, .T. ) ;
#6669 = CARTESIAN_POINT ( 'NONE',  ( 1.999999999999999112, 0.1000000000000002554, 1.499999999999999556 ) ) ;
#6670 = LINE ( 'NONE', #9671, #8979 ) ;
#6671 = EDGE_CURVE ( 'NONE', #788, #5167, #4929, .T. ) ;
#6672 = ADVANCED_FACE ( 'NONE', ( #2526 ), #2427, .F. ) ;
#6673 = CARTESIAN_POINT ( 'NONE',  ( -1.374999999999999112, 0.000000000000000000, 1.225000000000000311 ) ) ;
#6674 = VERTEX_POINT ( 'NONE', #1796 ) ;
#6675 = EDGE_CURVE ( 'NONE', #7170, #8562, #4784, .T. ) ;
#6676 = SURFACE_STYLE_FILL_AREA ( #6624 ) ;
#6677 = VECTOR ( 'NONE', #2550, 1000.000000000000000 ) ;
#6678 = FACE_OUTER_BOUND ( 'NONE', #8166, .T. ) ;
#6679 = EDGE_CURVE ( 'NONE', #8055, #4021, #3073, .T. ) ;
#6680 = CARTESIAN_POINT ( 'NONE',  ( -2.000000000000000888, 0.2000000000000000944, 0.6250000000000005551 ) ) ;
#6681 = EDGE_CURVE ( 'NONE', #4954, #160, #412, .T. ) ;
#6682 = CIRCLE ( 'NONE', #577, 0.1529626556016593086 ) ;
#6683 = EDGE_LOOP ( 'NONE', ( #6743, #2361, #4195, #3013, #8214, #4925 ) ) ;
#6684 = EDGE_LOOP ( 'NONE', ( #2523, #2346, #8889, #4348, #8308, #5341 ) ) ;
#6686 = EDGE_CURVE ( 'NONE', #4005, #8307, #3498, .T. ) ;
#6685 = LINE ( 'NONE', #18, #3809 ) ;
#6687 = LINE ( 'NONE', #712, #6968 ) ;
#6688 = DIRECTION ( 'NONE',  ( 0.000000000000000000, 0.000000000000000000, 1.000000000000000000 ) ) ;
#6689 = CARTESIAN_POINT ( 'NONE',  ( -1.725000000000000755, 0.1999999999999999833, -0.3749999999999993339 ) ) ;
#6690 = AXIS2_PLACEMENT_3D ( 'NONE', #772, #4472, #3686 ) ;
#6691 = PLANE ( 'NONE',  #5997 ) ;
#6692 = VERTEX_POINT ( 'NONE', #7133 ) ;
#6693 = DIRECTION ( 'NONE',  ( 0.000000000000000000, 1.000000000000000000, -0.000000000000000000 ) ) ;
#6694 = ADVANCED_FACE ( 'NONE', ( #4099 ), #1850, .F. ) ;
#6695 = ORIENTED_EDGE ( 'NONE', *, *, #8967, .F. ) ;
#6696 = LINE ( 'NONE', #1555, #8537 ) ;
#6697 = DIRECTION ( 'NONE',  ( 3.469446951953617739E-15, 0.000000000000000000, 1.000000000000000000 ) ) ;
#6698 = EDGE_LOOP ( 'NONE', ( #9350, #588, #1020, #1496 ) ) ;
#6699 = CARTESIAN_POINT ( 'NONE',  ( 1.999999999999999112, 0.1999999999999996503, 0.3749999999999994449 ) ) ;
#6700 = AXIS2_PLACEMENT_3D ( 'NONE', #1163, #1946, #4155 ) ;
#6701 = PLANE ( 'NONE',  #604 ) ;
#6702 = CARTESIAN_POINT ( 'NONE',  ( -2.000000000000000888, 0.1999999999999999833, 0.1250000000000005551 ) ) ;
#6703 = CARTESIAN_POINT ( 'NONE',  ( 1.950000000000002176, 0.1000000000000000056, 1.450000000000000178 ) ) ;
#6704 = CARTESIAN_POINT ( 'NONE',  ( 1.999999999999999112, 0.1999999999999996503, -1.125000000000000666 ) ) ;
#6705 = ORIENTED_EDGE ( 'NONE', *, *, #487, .F. ) ;
#6706 = DIRECTION ( 'NONE',  ( 1.000000000000000000, 0.000000000000000000, -7.885106708985511714E-16 ) ) ;
#6707 = ORIENTED_EDGE ( 'NONE', *, *, #5808, .T. ) ;
#6708 = DIRECTION ( 'NONE',  ( 3.469446951953617739E-15, 0.000000000000000000, 1.000000000000000000 ) ) ;
#6709 = AXIS2_PLACEMENT_3D ( 'NONE', #8411, #2536, #6258 ) ;
#6710 = ORIENTED_EDGE ( 'NONE', *, *, #3536, .T. ) ;
#6711 = DIRECTION ( 'NONE',  ( 1.000000000000000000, -0.000000000000000000, -0.000000000000000000 ) ) ;
#6712 = CARTESIAN_POINT ( 'NONE',  ( -1.349999999999999867, 0.2000000000000000944, -0.8499999999999999778 ) ) ;
#6713 = DIRECTION ( 'NONE',  ( 0.000000000000000000, -1.000000000000000000, 0.000000000000000000 ) ) ;
#6714 = DIRECTION ( 'NONE',  ( 1.000000000000000000, 0.000000000000000000, 7.885106708985511714E-16 ) ) ;
#6715 = VECTOR ( 'NONE', #9001, 1000.000000000000000 ) ;
#6716 = VERTEX_POINT ( 'NONE', #6345 ) ;
#6717 = CARTESIAN_POINT ( 'NONE',  ( -2.000000000000000888, 0.6716990566028313570, 0.6250000000000005551 ) ) ;
#6718 = DIRECTION ( 'NONE',  ( 0.000000000000000000, -0.000000000000000000, -1.000000000000000000 ) ) ;
#6719 = LINE ( 'NONE', #5977, #869 ) ;
#6720 = ORIENTED_EDGE ( 'NONE', *, *, #6334, .F. ) ;
#6721 =( NAMED_UNIT ( * ) PLANE_ANGLE_UNIT ( ) SI_UNIT ( $, .RADIAN. ) );
#6722 = VERTEX_POINT ( 'NONE', #1996 ) ;
#6723 = LINE ( 'NONE', #4431, #676 ) ;
#6724 = CARTESIAN_POINT ( 'NONE',  ( 0.000000000000000000, 0.000000000000000000, 0.000000000000000000 ) ) ;
#6725 = EDGE_CURVE ( 'NONE', #4582, #1892, #6485, .T. ) ;
#6726 = CARTESIAN_POINT ( 'NONE',  ( 2.000000000000000000, 0.6716990566028313570, 0.3750000000000007772 ) ) ;
#6727 = CARTESIAN_POINT ( 'NONE',  ( -2.000000000000000000, 0.2000000000000000944, 0.3750000000000007772 ) ) ;
#6728 = ADVANCED_FACE ( 'NONE', ( #8640 ), #4977, .F. ) ;
#6729 = ORIENTED_EDGE ( 'NONE', *, *, #811, .F. ) ;
#6730 = ORIENTED_EDGE ( 'NONE', *, *, #3306, .F. ) ;
#6731 = ORIENTED_EDGE ( 'NONE', *, *, #1895, .F. ) ;
#6732 = ORIENTED_EDGE ( 'NONE', *, *, #7790, .F. ) ;
#6733 = DIRECTION ( 'NONE',  ( -1.000000000000000000, 0.000000000000000000, 0.000000000000000000 ) ) ;
#6734 = MANIFOLD_SOLID_BREP ( 'Cut-Extrude7[1]', #6410 ) ;
#6735 = EDGE_CURVE ( 'NONE', #5011, #6134, #9157, .T. ) ;
#6736 = FACE_OUTER_BOUND ( 'NONE', #522, .T. ) ;
#6737 = EDGE_CURVE ( 'NONE', #8391, #1093, #9288, .T. ) ;
#6738 = DIRECTION ( 'NONE',  ( -1.000000000000000000, 0.000000000000000000, 1.084202172485504681E-16 ) ) ;
#6739 = ORIENTED_EDGE ( 'NONE', *, *, #7310, .T. ) ;
#6740 = DIRECTION ( 'NONE',  ( 0.000000000000000000, 0.000000000000000000, 1.000000000000000000 ) ) ;
#6741 = ORIENTED_EDGE ( 'NONE', *, *, #1856, .F. ) ;
#6742 = LINE ( 'NONE', #1554, #2783 ) ;
#6743 = ORIENTED_EDGE ( 'NONE', *, *, #2984, .F. ) ;
#6744 = PRESENTATION_LAYER_ASSIGNMENT (  '', '', ( #1904 ) ) ;
#6745 = CARTESIAN_POINT ( 'NONE',  ( -1.374999999999999556, 0.2000000000000000111, 1.500000000000000444 ) ) ;
#6746 = PLANE ( 'NONE',  #7201 ) ;
#6747 = CARTESIAN_POINT ( 'NONE',  ( 1.349999999999999645, 0.2000000000000000111, -0.8500000000000001998 ) ) ;
#6748 = EDGE_CURVE ( 'NONE', #795, #4610, #7186, .T. ) ;
#6749 = CARTESIAN_POINT ( 'NONE',  ( 0.000000000000000000, 0.1000000000000000056, 0.000000000000000000 ) ) ;
#6750 = DIRECTION ( 'NONE',  ( 0.000000000000000000, 0.000000000000000000, 1.000000000000000000 ) ) ;
#6751 = EDGE_CURVE ( 'NONE', #1838, #6487, #2275, .T. ) ;
#6752 = VERTEX_POINT ( 'NONE', #3453 ) ;
#6753 = VERTEX_POINT ( 'NONE', #9429 ) ;
#6754 = EDGE_CURVE ( 'NONE', #303, #5022, #4168, .T. ) ;
#6755 =( LENGTH_UNIT ( ) NAMED_UNIT ( * ) SI_UNIT ( .MILLI., .METRE. ) );
#6756 = ORIENTED_EDGE ( 'NONE', *, *, #9613, .F. ) ;
#6757 = VECTOR ( 'NONE', #8751, 1000.000000000000000 ) ;
#6758 = EDGE_CURVE ( 'NONE', #8295, #3497, #1294, .T. ) ;
#6759 = CARTESIAN_POINT ( 'NONE',  ( -1.725000000000000755, 0.1999999999999999833, -1.125000000000000444 ) ) ;
#6760 = PLANE ( 'NONE',  #9482 ) ;
#6761 = DIRECTION ( 'NONE',  ( 0.000000000000000000, -1.000000000000000000, 0.000000000000000000 ) ) ;
#6762 = CARTESIAN_POINT ( 'NONE',  ( -1.950000000000001066, 0.6716990566028313570, -0.8749999999999994449 ) ) ;
#6763 = AXIS2_PLACEMENT_3D ( 'NONE', #7958, #5691, #7268 ) ;
#6764 = ORIENTED_EDGE ( 'NONE', *, *, #5749, .F. ) ;
#6765 = LINE ( 'NONE', #47, #8252 ) ;
#6766 = CARTESIAN_POINT ( 'NONE',  ( -0.1249999999999996808, 0.000000000000000000, -1.225000000000000755 ) ) ;
#6767 = MANIFOLD_SOLID_BREP ( 'Cut-Extrude7[8]', #8749 ) ;
#6768 = ORIENTED_EDGE ( 'NONE', *, *, #2865, .T. ) ;
#6769 = CARTESIAN_POINT ( 'NONE',  ( 1.950000000000002176, 0.000000000000000000, -0.3749999999999994449 ) ) ;
#6770 = CARTESIAN_POINT ( 'NONE',  ( 2.000000000000000888, 0.1000000000000000472, 0.1250000000000005551 ) ) ;
#6771 = AXIS2_PLACEMENT_3D ( 'NONE', #5727, #6265, #291 ) ;
#6772 = VECTOR ( 'NONE', #1461, 1000.000000000000000 ) ;
#6773 = PRESENTATION_STYLE_ASSIGNMENT (( #2474 ) ) ;
#6774 = VECTOR ( 'NONE', #1662, 1000.000000000000000 ) ;
#6775 = VERTEX_POINT ( 'NONE', #5118 ) ;
#6776 = ORIENTED_EDGE ( 'NONE', *, *, #8904, .F. ) ;
#6777 = ORIENTED_EDGE ( 'NONE', *, *, #1726, .T. ) ;
#6778 = ORIENTED_EDGE ( 'NONE', *, *, #1463, .F. ) ;
#6779 = LINE ( 'NONE', #1546, #6781 ) ;
#6780 = LINE ( 'NONE', #7487, #4476 ) ;
#6781 = VECTOR ( 'NONE', #4542, 1000.000000000000000 ) ;
#6782 = CARTESIAN_POINT ( 'NONE',  ( 0.6250000000000005551, 0.6716990566028301357, 1.500000000000000444 ) ) ;
#6783 = AXIS2_PLACEMENT_3D ( 'NONE', #6338, #9231, #3314 ) ;
#6784 = ORIENTED_EDGE ( 'NONE', *, *, #2191, .T. ) ;
#6785 = CARTESIAN_POINT ( 'NONE',  ( 1.725000000000000311, 0.05000000000000002359, -1.000000000000000444 ) ) ;
#6786 = VERTEX_POINT ( 'NONE', #4148 ) ;
#6787 = DIRECTION ( 'NONE',  ( 0.000000000000000000, -1.000000000000000000, 0.000000000000000000 ) ) ;
#6788 = EDGE_CURVE ( 'NONE', #1216, #9037, #4469, .T. ) ;
#6789 = ORIENTED_EDGE ( 'NONE', *, *, #110, .T. ) ;
#6790 = EDGE_CURVE ( 'NONE', #7975, #1270, #5800, .T. ) ;
#6791 = CARTESIAN_POINT ( 'NONE',  ( 1.999999999999999112, 0.1000000000000002554, 1.499999999999999556 ) ) ;
#6792 = VECTOR ( 'NONE', #2518, 1000.000000000000000 ) ;
#6793 = LINE ( 'NONE', #82, #4226 ) ;
#6794 = CARTESIAN_POINT ( 'NONE',  ( -1.725000000000001199, 0.05000000000000002359, 0.4999999999999997780 ) ) ;
#6795 = VECTOR ( 'NONE', #1300, 1000.000000000000000 ) ;
#6796 = LINE ( 'NONE', #7591, #3333 ) ;
#6797 = EDGE_CURVE ( 'NONE', #2286, #3618, #8922, .T. ) ;
#6798 = CARTESIAN_POINT ( 'NONE',  ( -1.374999999999999556, 0.1000000000000000056, -1.450000000000000622 ) ) ;
#6799 = VECTOR ( 'NONE', #9421, 1000.000000000000000 ) ;
#6800 = ORIENTED_EDGE ( 'NONE', *, *, #5085, .F. ) ;
#6801 = CARTESIAN_POINT ( 'NONE',  ( 1.999999999999999112, 0.1000000000000002554, 1.499999999999999556 ) ) ;
#6802 = VECTOR ( 'NONE', #8807, 1000.000000000000000 ) ;
#6803 = ORIENTED_EDGE ( 'NONE', *, *, #8967, .T. ) ;
#6804 = CIRCLE ( 'NONE', #9634, 0.1249999999999996808 ) ;
#6805 = ORIENTED_EDGE ( 'NONE', *, *, #9632, .T. ) ;
#6806 = EDGE_CURVE ( 'NONE', #9143, #3852, #2278, .T. ) ;
#6807 = CARTESIAN_POINT ( 'NONE',  ( 1.375000000000000444, 0.04999999999999999584, -1.225000000000000755 ) ) ;
#6808 = ORIENTED_EDGE ( 'NONE', *, *, #6073, .T. ) ;
#6809 = CARTESIAN_POINT ( 'NONE',  ( -0.2499999999999993616, 0.04999999999999999584, 1.225000000000000533 ) ) ;
#6810 = ADVANCED_FACE ( 'NONE', ( #5849 ), #595, .F. ) ;
#6811 = PRESENTATION_LAYER_ASSIGNMENT (  '', '', ( #5879 ) ) ;
#6812 = VECTOR ( 'NONE', #9598, 1000.000000000000000 ) ;
#6813 = EDGE_CURVE ( 'NONE', #4514, #473, #3538, .T. ) ;
#6814 = UNCERTAINTY_MEASURE_WITH_UNIT (LENGTH_MEASURE( 1.000000000000000082E-05 ), #4937, 'distance_accuracy_value', 'NONE');
#6815 = FACE_OUTER_BOUND ( 'NONE', #16, .T. ) ;
#6816 = DIRECTION ( 'NONE',  ( -1.000000000000000000, 0.000000000000000000, 0.000000000000000000 ) ) ;
#6817 = ORIENTED_EDGE ( 'NONE', *, *, #3294, .T. ) ;
#6818 = LINE ( 'NONE', #737, #6530 ) ;
#6819 = EDGE_CURVE ( 'NONE', #1567, #5486, #9629, .T. ) ;
#6820 = COLOUR_RGB ( '',0.7921568627450980005, 0.8196078431372548767, 0.9333333333333333481 ) ;
#6821 = VERTEX_POINT ( 'NONE', #9539 ) ;
#6822 = LINE ( 'NONE', #52, #8075 ) ;
#6823 = CARTESIAN_POINT ( 'NONE',  ( -2.000000000000000000, 0.6716990566028313570, -0.1249999999999992506 ) ) ;
#6824 = AXIS2_PLACEMENT_3D ( 'NONE', #2833, #5806, #8838 ) ;
#6825 = ORIENTED_EDGE ( 'NONE', *, *, #5911, .T. ) ;
#6826 = LINE ( 'NONE', #3785, #8230 ) ;
#6827 = EDGE_LOOP ( 'NONE', ( #4538, #740, #5917, #3915 ) ) ;
#6828 = ORIENTED_EDGE ( 'NONE', *, *, #4012, .T. ) ;
#6829 = VECTOR ( 'NONE', #9244, 1000.000000000000000 ) ;
#6830 = ORIENTED_EDGE ( 'NONE', *, *, #5243, .T. ) ;
#6831 = DIRECTION ( 'NONE',  ( -0.000000000000000000, -1.000000000000000000, -0.000000000000000000 ) ) ;
#6832 = LINE ( 'NONE', #166, #1169 ) ;
#6833 = MANIFOLD_SOLID_BREP ( 'Cut-Extrude7[12]', #9389 ) ;
#6834 = PLANE ( 'NONE',  #2745 ) ;
#6835 = EDGE_CURVE ( 'NONE', #8809, #6753, #1728, .T. ) ;
#6836 = VECTOR ( 'NONE', #2490, 1000.000000000000000 ) ;
#6837 = CARTESIAN_POINT ( 'NONE',  ( 1.950000000000002176, 0.1000000000000000056, 1.450000000000000178 ) ) ;
#6838 = ORIENTED_EDGE ( 'NONE', *, *, #406, .F. ) ;
#6839 = CARTESIAN_POINT ( 'NONE',  ( 1.725000000000000755, 0.2000000000000000944, 0.1250000000000006661 ) ) ;
#6840 = CARTESIAN_POINT ( 'NONE',  ( 2.000000000000000888, 0.6716990566028313570, 0.6250000000000005551 ) ) ;
#6841 = EDGE_LOOP ( 'NONE', ( #8191, #2080, #2725, #6800, #6099 ) ) ;
#6842 = VERTEX_POINT ( 'NONE', #9579 ) ;
#6843 = LINE ( 'NONE', #4414, #4492 ) ;
#6844 = LINE ( 'NONE', #2247, #2903 ) ;
#6845 = CARTESIAN_POINT ( 'NONE',  ( 1.725000000000000755, 0.000000000000000000, -0.8749999999999993339 ) ) ;
#6846 = AXIS2_PLACEMENT_3D ( 'NONE', #692, #3645, #9626 ) ;
#6847 = LINE ( 'NONE', #8415, #3481 ) ;
#6848 = EDGE_CURVE ( 'NONE', #8353, #5283, #3972, .T. ) ;
#6849 = DIRECTION ( 'NONE',  ( -0.000000000000000000, -1.000000000000000000, -0.000000000000000000 ) ) ;
#6850 = ORIENTED_EDGE ( 'NONE', *, *, #5431, .T. ) ;
#6851 = FACE_OUTER_BOUND ( 'NONE', #7669, .T. ) ;
#6852 = AXIS2_PLACEMENT_3D ( 'NONE', #8745, #506, #4203 ) ;
#6853 = ORIENTED_EDGE ( 'NONE', *, *, #9383, .T. ) ;
#6854 = ORIENTED_EDGE ( 'NONE', *, *, #5132, .T. ) ;
#6855 = ADVANCED_FACE ( 'NONE', ( #152 ), #4629, .T. ) ;
#6856 = ORIENTED_EDGE ( 'NONE', *, *, #4237, .T. ) ;
#6857 = CARTESIAN_POINT ( 'NONE',  ( -1.725000000000000755, 0.1999999999999999833, 0.3749999999999997224 ) ) ;
#6858 = EDGE_CURVE ( 'NONE', #9609, #9014, #6822, .T. ) ;
#6859 = EDGE_CURVE ( 'NONE', #5106, #2953, #8288, .T. ) ;
#6860 = CARTESIAN_POINT ( 'NONE',  ( 1.999999999999999112, 6.599999999999999645, 1.499999999999999556 ) ) ;
#6861 = CARTESIAN_POINT ( 'NONE',  ( -1.725000000000001199, 0.6716990566028313570, -0.5000000000000002220 ) ) ;
#6862 = DIRECTION ( 'NONE',  ( 1.000000000000000000, 0.000000000000000000, 7.885106708985511714E-16 ) ) ;
#6863 = EDGE_LOOP ( 'NONE', ( #3664, #5990, #5274, #35 ) ) ;
#6864 = CARTESIAN_POINT ( 'NONE',  ( 1.950000000000002176, 0.000000000000000000, 1.450000000000000178 ) ) ;
#6865 = EDGE_CURVE ( 'NONE', #9194, #586, #6969, .T. ) ;
#6866 = LINE ( 'NONE', #5456, #2138 ) ;
#6867 = SURFACE_STYLE_USAGE ( .BOTH. , #1775 ) ;
#6868 = DIRECTION ( 'NONE',  ( 1.000000000000000000, 0.000000000000000000, 7.885106708985511714E-16 ) ) ;
#6869 = VERTEX_POINT ( 'NONE', #7663 ) ;
#6870 = DIRECTION ( 'NONE',  ( -0.000000000000000000, -1.000000000000000000, -0.000000000000000000 ) ) ;
#6871 = DIRECTION ( 'NONE',  ( 0.000000000000000000, -0.000000000000000000, -1.000000000000000000 ) ) ;
#6872 = ADVANCED_FACE ( 'NONE', ( #2322 ), #931, .T. ) ;
#6873 = AXIS2_PLACEMENT_3D ( 'NONE', #5899, #4265, #1969 ) ;
#6874 = DIRECTION ( 'NONE',  ( -0.000000000000000000, -1.000000000000000000, -0.000000000000000000 ) ) ;
#6875 = EDGE_CURVE ( 'NONE', #2469, #1495, #3153, .T. ) ;
#6876 = ORIENTED_EDGE ( 'NONE', *, *, #4755, .T. ) ;
#6877 = LINE ( 'NONE', #6191, #9176 ) ;
#6878 = DIRECTION ( 'NONE',  ( -1.000000000000000000, 0.000000000000000000, 0.000000000000000000 ) ) ;
#6879 = ORIENTED_EDGE ( 'NONE', *, *, #8893, .T. ) ;
#6880 = ORIENTED_EDGE ( 'NONE', *, *, #8366, .F. ) ;
#6881 = FACE_OUTER_BOUND ( 'NONE', #9116, .T. ) ;
#6882 = EDGE_LOOP ( 'NONE', ( #7456, #9243, #5608, #7263 ) ) ;
#6883 = CARTESIAN_POINT ( 'NONE',  ( -0.8749999999999994449, 0.000000000000000000, 1.450000000000000178 ) ) ;
#6884 = DIRECTION ( 'NONE',  ( 7.885106708985511714E-16, 0.000000000000000000, 1.000000000000000000 ) ) ;
#6885 = CARTESIAN_POINT ( 'NONE',  ( -1.725000000000000755, 0.05000000000000023870, -0.3749999999999993339 ) ) ;
#6886 = EDGE_LOOP ( 'NONE', ( #484, #3571, #9172, #7543 ) ) ;
#6887 = DIRECTION ( 'NONE',  ( 0.000000000000000000, -1.000000000000000000, 0.000000000000000000 ) ) ;
#6888 = DIRECTION ( 'NONE',  ( 0.000000000000000000, 1.000000000000000000, 0.000000000000000000 ) ) ;
#6889 = VERTEX_POINT ( 'NONE', #3114 ) ;
#6890 = DIRECTION ( 'NONE',  ( -0.000000000000000000, -1.000000000000000000, 0.000000000000000000 ) ) ;
#6891 = ORIENTED_EDGE ( 'NONE', *, *, #5832, .F. ) ;
#6892 = VERTEX_POINT ( 'NONE', #5296 ) ;
#6893 = DIRECTION ( 'NONE',  ( -3.154042683594198769E-15, 0.000000000000000000, 1.000000000000000000 ) ) ;
#6894 = CARTESIAN_POINT ( 'NONE',  ( -1.725000000000000755, 0.000000000000000000, 0.1250000000000006661 ) ) ;
#6895 = PLANE ( 'NONE',  #6709 ) ;
#6896 = CARTESIAN_POINT ( 'NONE',  ( -1.124999999999999778, 0.1999999999999999833, -1.225000000000000755 ) ) ;
#6897 = FILL_AREA_STYLE ('',( #4698 ) ) ;
#6898 = LINE ( 'NONE', #805, #183 ) ;
#6899 = DIRECTION ( 'NONE',  ( 0.000000000000000000, -1.000000000000000000, 0.000000000000000000 ) ) ;
#6900 = VERTEX_POINT ( 'NONE', #6918 ) ;
#6901 = CARTESIAN_POINT ( 'NONE',  ( 1.375000000000000444, 0.000000000000000000, -1.225000000000000755 ) ) ;
#6902 = ORIENTED_EDGE ( 'NONE', *, *, #7223, .T. ) ;
#6903 = EDGE_LOOP ( 'NONE', ( #6086, #7107, #4683, #8498, #6730, #2318 ) ) ;
#6904 = ORIENTED_EDGE ( 'NONE', *, *, #8362, .T. ) ;
#6905 = VECTOR ( 'NONE', #4708, 1000.000000000000000 ) ;
#6906 = PLANE ( 'NONE',  #6662 ) ;
#6907 = UNCERTAINTY_MEASURE_WITH_UNIT (LENGTH_MEASURE( 1.000000000000000082E-05 ), #9090, 'distance_accuracy_value', 'NONE');
#6908 = CARTESIAN_POINT ( 'NONE',  ( -1.950000000000001066, 0.1000000000000000056, -1.450000000000000622 ) ) ;
#6909 = FACE_OUTER_BOUND ( 'NONE', #4198, .T. ) ;
#6910 = LINE ( 'NONE', #6118, #2235 ) ;
#6911 = ORIENTED_EDGE ( 'NONE', *, *, #2012, .F. ) ;
#6912 = DIRECTION ( 'NONE',  ( 1.000000000000000000, -0.000000000000000000, -0.000000000000000000 ) ) ;
#6913 = VECTOR ( 'NONE', #9666, 1000.000000000000000 ) ;
#6914 = CARTESIAN_POINT ( 'NONE',  ( 1.375000000000001332, 0.2000000000000000111, 1.500000000000000444 ) ) ;
#6915 = CARTESIAN_POINT ( 'NONE',  ( 1.950000000000002176, 0.1000000000000000056, -1.450000000000000622 ) ) ;
#6916 = EDGE_CURVE ( 'NONE', #4979, #3120, #9117, .T. ) ;
#6917 = ORIENTED_EDGE ( 'NONE', *, *, #928, .F. ) ;
#6918 = CARTESIAN_POINT ( 'NONE',  ( 1.725000000000000755, 0.05000000000000023870, 0.3749999999999994449 ) ) ;
#6919 = ORIENTED_EDGE ( 'NONE', *, *, #5450, .T. ) ;
#6920 = CARTESIAN_POINT ( 'NONE',  ( -1.374999999999999112, 0.2000000000000000111, -1.225000000000000311 ) ) ;
#6921 =( NAMED_UNIT ( * ) SI_UNIT ( $, .STERADIAN. ) SOLID_ANGLE_UNIT ( ) );
#6922 = VECTOR ( 'NONE', #5829, 1000.000000000000000 ) ;
#6923 = VECTOR ( 'NONE', #5240, 1000.000000000000000 ) ;
#6924 = ORIENTED_EDGE ( 'NONE', *, *, #8371, .T. ) ;
#6925 = ORIENTED_EDGE ( 'NONE', *, *, #3150, .F. ) ;
#6926 = EDGE_CURVE ( 'NONE', #914, #2953, #256, .T. ) ;
#6927 = CARTESIAN_POINT ( 'NONE',  ( -1.950000000000001066, 0.6716990566028313570, -1.124999999999999334 ) ) ;
#6928 = VECTOR ( 'NONE', #3226, 1000.000000000000000 ) ;
#6929 = ORIENTED_EDGE ( 'NONE', *, *, #8762, .T. ) ;
#6930 = CARTESIAN_POINT ( 'NONE',  ( 1.725000000000000311, 0.1999999999999999833, 0.9999999999999995559 ) ) ;
#6931 = AXIS2_PLACEMENT_3D ( 'NONE', #5735, #2118, #6510 ) ;
#6932 = CARTESIAN_POINT ( 'NONE',  ( -0.1249999999999989730, 0.000000000000000000, 1.450000000000000178 ) ) ;
#6933 = ADVANCED_FACE ( 'NONE', ( #2470 ), #5342, .F. ) ;
#6934 = EDGE_CURVE ( 'NONE', #6579, #1040, #6185, .T. ) ;
#6935 = VECTOR ( 'NONE', #8028, 1000.000000000000000 ) ;
#6936 = VERTEX_POINT ( 'NONE', #7561 ) ;
#6937 = LINE ( 'NONE', #7493, #6928 ) ;
#6938 =( GEOMETRIC_REPRESENTATION_CONTEXT ( 3 ) GLOBAL_UNCERTAINTY_ASSIGNED_CONTEXT ( ( #5333 ) ) GLOBAL_UNIT_ASSIGNED_CONTEXT ( ( #5081, #2058, #4302 ) ) REPRESENTATION_CONTEXT ( 'NONE', 'WORKASPACE' ) );
#6939 = ORIENTED_EDGE ( 'NONE', *, *, #742, .F. ) ;
#6940 = ORIENTED_EDGE ( 'NONE', *, *, #1416, .T. ) ;
#6941 = EDGE_CURVE ( 'NONE', #9178, #2972, #9225, .T. ) ;
#6942 = LINE ( 'NONE', #6303, #8926 ) ;
#6943 = LINE ( 'NONE', #4745, #2309 ) ;
#6944 = CARTESIAN_POINT ( 'NONE',  ( 1.950000000000002176, 0.05000000000000000278, -0.3749999999999993894 ) ) ;
#6945 = VECTOR ( 'NONE', #8848, 1000.000000000000000 ) ;
#6946 = DIRECTION ( 'NONE',  ( 0.000000000000000000, -1.000000000000000000, 0.000000000000000000 ) ) ;
#6947 = DIRECTION ( 'NONE',  ( 0.000000000000000000, -1.000000000000000000, 0.000000000000000000 ) ) ;
#6948 = ORIENTED_EDGE ( 'NONE', *, *, #2269, .T. ) ;
#6949 = LINE ( 'NONE', #5284, #500 ) ;
#6950 = AXIS2_PLACEMENT_3D ( 'NONE', #8502, #1803, #368 ) ;
#6951 = ORIENTED_EDGE ( 'NONE', *, *, #8275, .F. ) ;
#6952 = VECTOR ( 'NONE', #4689, 1000.000000000000000 ) ;
#6953 = ORIENTED_EDGE ( 'NONE', *, *, #695, .T. ) ;
#6954 = VECTOR ( 'NONE', #5, 1000.000000000000000 ) ;
#6955 =( NAMED_UNIT ( * ) PLANE_ANGLE_UNIT ( ) SI_UNIT ( $, .RADIAN. ) );
#6956 = DIRECTION ( 'NONE',  ( -3.154042683594198769E-15, -0.000000000000000000, -1.000000000000000000 ) ) ;
#6957 = VERTEX_POINT ( 'NONE', #7516 ) ;
#6958 = DIRECTION ( 'NONE',  ( 0.000000000000000000, 1.000000000000000000, 0.000000000000000000 ) ) ;
#6959 = MECHANICAL_DESIGN_GEOMETRIC_PRESENTATION_REPRESENTATION (  '', ( #1483 ), #691 ) ;
#6960 = VECTOR ( 'NONE', #3584, 1000.000000000000000 ) ;
#6961 = DIRECTION ( 'NONE',  ( -0.000000000000000000, -1.000000000000000000, -0.000000000000000000 ) ) ;
#6962 = CARTESIAN_POINT ( 'NONE',  ( -2.000000000000000888, 0.1000000000000000472, -0.8749999999999994449 ) ) ;
#6963 = ORIENTED_EDGE ( 'NONE', *, *, #7912, .F. ) ;
#6964 = PLANE ( 'NONE',  #7304 ) ;
#6965 = DIRECTION ( 'NONE',  ( 0.000000000000000000, -1.000000000000000000, 0.000000000000000000 ) ) ;
#6966 = MECHANICAL_DESIGN_GEOMETRIC_PRESENTATION_REPRESENTATION (  '', ( #5879 ), #3691 ) ;
#6967 = VERTEX_POINT ( 'NONE', #779 ) ;
#6968 = VECTOR ( 'NONE', #5908, 1000.000000000000000 ) ;
#6969 = LINE ( 'NONE', #4527, #7448 ) ;
#6970 = VERTEX_POINT ( 'NONE', #6770 ) ;
#6971 = LINE ( 'NONE', #8289, #3360 ) ;
#6972 = DIRECTION ( 'NONE',  ( 0.000000000000000000, -0.000000000000000000, -1.000000000000000000 ) ) ;
#6973 = ADVANCED_FACE ( 'NONE', ( #3063 ), #3534, .T. ) ;
#6974 = VECTOR ( 'NONE', #4816, 1000.000000000000000 ) ;
#6975 = AXIS2_PLACEMENT_3D ( 'NONE', #5424, #1700, #6300 ) ;
#6976 = DIRECTION ( 'NONE',  ( 0.000000000000000000, 1.000000000000000000, 0.000000000000000000 ) ) ;
#6977 = EDGE_LOOP ( 'NONE', ( #6388, #3071, #4879, #2906 ) ) ;
#6978 = FACE_OUTER_BOUND ( 'NONE', #6017, .T. ) ;
#6979 = LINE ( 'NONE', #1735, #4647 ) ;
#6980 = ORIENTED_EDGE ( 'NONE', *, *, #2689, .T. ) ;
#6981 = VERTEX_POINT ( 'NONE', #2072 ) ;
#6982 = EDGE_CURVE ( 'NONE', #7041, #8716, #1041, .T. ) ;
#6983 = DIRECTION ( 'NONE',  ( 0.000000000000000000, 0.000000000000000000, -1.000000000000000000 ) ) ;
#6984 = ORIENTED_EDGE ( 'NONE', *, *, #852, .T. ) ;
#6985 = CARTESIAN_POINT ( 'NONE',  ( 0.6000000000000000888, 0.2000000000000000111, 0.8499999999999997558 ) ) ;
#6986 = DIRECTION ( 'NONE',  ( 0.000000000000000000, -1.000000000000000000, 0.000000000000000000 ) ) ;
#6987 = CIRCLE ( 'NONE', #2458, 0.1250000000000001110 ) ;
#6988 = DIRECTION ( 'NONE',  ( 0.000000000000000000, -1.000000000000000000, 0.000000000000000000 ) ) ;
#6989 = ADVANCED_FACE ( 'NONE', ( #8538 ), #3479, .F. ) ;
#6990 = EDGE_CURVE ( 'NONE', #7579, #7546, #9163, .T. ) ;
#6991 = LINE ( 'NONE', #7733, #7576 ) ;
#6992 = VERTEX_POINT ( 'NONE', #6552 ) ;
#6993 = CARTESIAN_POINT ( 'NONE',  ( -2.000000000000000888, 0.6716990566028312459, 1.125000000000000666 ) ) ;
#6994 = AXIS2_PLACEMENT_3D ( 'NONE', #5367, #8350, #1648 ) ;
#6995 = CARTESIAN_POINT ( 'NONE',  ( -1.950000000000001066, 0.1000000000000000056, -1.450000000000000622 ) ) ;
#6996 = ORIENTED_EDGE ( 'NONE', *, *, #5252, .F. ) ;
#6997 = ORIENTED_EDGE ( 'NONE', *, *, #8257, .T. ) ;
#6998 = EDGE_CURVE ( 'NONE', #2506, #705, #532, .T. ) ;
#6999 = DIRECTION ( 'NONE',  ( -1.577021341797097018E-15, 0.000000000000000000, -1.000000000000000000 ) ) ;
#7000 = CARTESIAN_POINT ( 'NONE',  ( -1.249999999999999334, 0.2000000000000000111, 1.225000000000000533 ) ) ;
#7001 = CARTESIAN_POINT ( 'NONE',  ( -0.7499999999999993339, 0.000000000000000000, 1.225000000000000533 ) ) ;
#7002 = LINE ( 'NONE', #2538, #9422 ) ;
#7003 = AXIS2_PLACEMENT_3D ( 'NONE', #5565, #993, #8548 ) ;
#7004 = EDGE_CURVE ( 'NONE', #3943, #5273, #1326, .T. ) ;
#7005 = CARTESIAN_POINT ( 'NONE',  ( -1.374999999999999556, 0.1000000000000000472, 1.500000000000000444 ) ) ;
#7006 = VERTEX_POINT ( 'NONE', #8805 ) ;
#7007 = CARTESIAN_POINT ( 'NONE',  ( -1.374999999999999556, 0.2000000000000000111, 1.500000000000000444 ) ) ;
#7008 = LINE ( 'NONE', #294, #8876 ) ;
#7009 = ORIENTED_EDGE ( 'NONE', *, *, #4369, .F. ) ;
#7010 = ORIENTED_EDGE ( 'NONE', *, *, #4049, .T. ) ;
#7011 = VECTOR ( 'NONE', #83, 1000.000000000000000 ) ;
#7012 = CARTESIAN_POINT ( 'NONE',  ( 0.000000000000000000, 0.1000000000000000056, 0.000000000000000000 ) ) ;
#7013 = ORIENTED_EDGE ( 'NONE', *, *, #9574, .T. ) ;
#7014 = DIRECTION ( 'NONE',  ( 0.000000000000000000, -1.000000000000000000, 0.000000000000000000 ) ) ;
#7015 = CIRCLE ( 'NONE', #2022, 0.1250000000000000555 ) ;
#7016 = CARTESIAN_POINT ( 'NONE',  ( 2.000000000000000000, 0.1999999999999999833, -1.124999999999999334 ) ) ;
#7017 = DIRECTION ( 'NONE',  ( 0.000000000000000000, -0.000000000000000000, -1.000000000000000000 ) ) ;
#7018 = ORIENTED_EDGE ( 'NONE', *, *, #8177, .F. ) ;
#7019 = ADVANCED_FACE ( 'NONE', ( #7212 ), #7997, .F. ) ;
#7020 = VECTOR ( 'NONE', #2587, 1000.000000000000000 ) ;
#7021 = ORIENTED_EDGE ( 'NONE', *, *, #3395, .F. ) ;
#7022 = LINE ( 'NONE', #6123, #3221 ) ;
#7023 = ORIENTED_EDGE ( 'NONE', *, *, #29, .F. ) ;
#7024 = CARTESIAN_POINT ( 'NONE',  ( -1.374999999999999556, 0.6716990566028301357, 1.500000000000000444 ) ) ;
#7025 = FACE_BOUND ( 'NONE', #8048, .T. ) ;
#7026 = LINE ( 'NONE', #9333, #6294 ) ;
#7027 = CARTESIAN_POINT ( 'NONE',  ( -0.1249999999999989730, 0.6716990566028301357, -1.450000000000000622 ) ) ;
#7028 = ORIENTED_EDGE ( 'NONE', *, *, #3472, .F. ) ;
#7029 = VERTEX_POINT ( 'NONE', #1233 ) ;
#7030 = ORIENTED_EDGE ( 'NONE', *, *, #7519, .F. ) ;
#7031 = DIRECTION ( 'NONE',  ( 1.000000000000000000, -0.000000000000000000, -0.000000000000000000 ) ) ;
#7032 = ADVANCED_FACE ( 'NONE', ( #1278 ), #5005, .T. ) ;
#7033 = CLOSED_SHELL ( 'NONE', ( #6320, #3160, #8193, #9439, #2089, #2446, #3968, #7712 ) ) ;
#7034 = CARTESIAN_POINT ( 'NONE',  ( 2.000000000000000000, 0.1999999999999999833, -1.124999999999999334 ) ) ;
#7035 = DIRECTION ( 'NONE',  ( 0.000000000000000000, -1.000000000000000000, 0.000000000000000000 ) ) ;
#7036 = DIRECTION ( 'NONE',  ( 0.000000000000000000, -1.000000000000000000, 0.000000000000000000 ) ) ;
#7037 = EDGE_CURVE ( 'NONE', #8839, #5913, #5737, .T. ) ;
#7038 = CARTESIAN_POINT ( 'NONE',  ( -2.000000000000000000, 0.1000000000000000472, -0.1249999999999992922 ) ) ;
#7039 = FACE_OUTER_BOUND ( 'NONE', #1884, .T. ) ;
#7040 = PLANE ( 'NONE',  #7565 ) ;
#7041 = VERTEX_POINT ( 'NONE', #6512 ) ;
#7042 = ORIENTED_EDGE ( 'NONE', *, *, #1073, .F. ) ;
#7043 = DIRECTION ( 'NONE',  ( 1.000000000000000000, 0.000000000000000000, -3.942553354492742545E-16 ) ) ;
#7044 = EDGE_CURVE ( 'NONE', #7566, #8954, #4632, .T. ) ;
#7045 = CARTESIAN_POINT ( 'NONE',  ( 1.950000000000002176, 0.05000000000000000278, 0.000000000000000000 ) ) ;
#7046 = DIRECTION ( 'NONE',  ( 0.000000000000000000, 0.000000000000000000, 1.000000000000000000 ) ) ;
#7047 = CARTESIAN_POINT ( 'NONE',  ( -0.3749999999999994449, 0.2000000000000000111, -1.500000000000000444 ) ) ;
#7048 = CARTESIAN_POINT ( 'NONE',  ( -0.3749999999999990563, 0.1999999999999999833, 1.225000000000000311 ) ) ;
#7049 = LINE ( 'NONE', #4943, #3261 ) ;
#7050 = VERTEX_POINT ( 'NONE', #4365 ) ;
#7051 = CARTESIAN_POINT ( 'NONE',  ( -1.725000000000000755, 0.1999999999999999833, 1.125000000000000666 ) ) ;
#7052 = LINE ( 'NONE', #2603, #1853 ) ;
#7053 = ORIENTED_EDGE ( 'NONE', *, *, #1310, .F. ) ;
#7054 = CARTESIAN_POINT ( 'NONE',  ( 1.725000000000000755, 0.2000000000000000944, 0.3749999999999994449 ) ) ;
#7055 = ORIENTED_EDGE ( 'NONE', *, *, #3049, .F. ) ;
#7056 = CARTESIAN_POINT ( 'NONE',  ( -0.3749999999999994449, 0.1000000000000000056, -1.500000000000000444 ) ) ;
#7057 = EDGE_CURVE ( 'NONE', #8769, #6752, #622, .T. ) ;
#7058 = FACE_OUTER_BOUND ( 'NONE', #3440, .T. ) ;
#7059 = ORIENTED_EDGE ( 'NONE', *, *, #1381, .F. ) ;
#7060 = LINE ( 'NONE', #4125, #4921 ) ;
#7061 = EDGE_CURVE ( 'NONE', #6635, #3445, #9606, .T. ) ;
#7062 = CARTESIAN_POINT ( 'NONE',  ( 0.8750000000000014433, 0.1999999999999996503, 1.499999999999999778 ) ) ;
#7063 = DIRECTION ( 'NONE',  ( -3.469446951953617739E-15, 0.000000000000000000, -1.000000000000000000 ) ) ;
#7064 = EDGE_CURVE ( 'NONE', #5885, #9676, #7022, .T. ) ;
#7065 = VERTEX_POINT ( 'NONE', #9115 ) ;
#7066 = DIRECTION ( 'NONE',  ( -1.000000000000000000, 0.000000000000000000, -3.942553354492743531E-16 ) ) ;
#7067 = EDGE_CURVE ( 'NONE', #187, #2189, #1822, .T. ) ;
#7068 = ORIENTED_EDGE ( 'NONE', *, *, #4773, .F. ) ;
#7069 = EDGE_LOOP ( 'NONE', ( #2943, #4483, #3308, #3787 ) ) ;
#7070 = CARTESIAN_POINT ( 'NONE',  ( 1.725000000000000755, 0.000000000000000000, -0.3749999999999993339 ) ) ;
#7071 = DIRECTION ( 'NONE',  ( -0.000000000000000000, -1.000000000000000000, -0.000000000000000000 ) ) ;
#7072 = LINE ( 'NONE', #7821, #8320 ) ;
#7073 = ORIENTED_EDGE ( 'NONE', *, *, #2768, .F. ) ;
#7074 = LINE ( 'NONE', #9424, #8093 ) ;
#7075 = ORIENTED_EDGE ( 'NONE', *, *, #2457, .F. ) ;
#7076 = VERTEX_POINT ( 'NONE', #1039 ) ;
#7077 = CARTESIAN_POINT ( 'NONE',  ( 1.950000000000002176, 0.1000000000000000056, 1.450000000000000178 ) ) ;
#7078 = VECTOR ( 'NONE', #1017, 1000.000000000000000 ) ;
#7079 = LINE ( 'NONE', #367, #4626 ) ;
#7080 = FACE_OUTER_BOUND ( 'NONE', #926, .T. ) ;
#7081 = LINE ( 'NONE', #5663, #9021 ) ;
#7082 = DIRECTION ( 'NONE',  ( -0.000000000000000000, -1.000000000000000000, -0.000000000000000000 ) ) ;
#7083 = DIRECTION ( 'NONE',  ( 1.000000000000000000, 0.000000000000000000, -1.084202172485504681E-16 ) ) ;
#7084 = FACE_OUTER_BOUND ( 'NONE', #1914, .T. ) ;
#7085 = VECTOR ( 'NONE', #2498, 1000.000000000000000 ) ;
#7086 = VERTEX_POINT ( 'NONE', #8327 ) ;
#7087 = DIRECTION ( 'NONE',  ( 0.000000000000000000, 0.000000000000000000, 1.000000000000000000 ) ) ;
#7088 = FACE_OUTER_BOUND ( 'NONE', #2113, .T. ) ;
#7089 = CARTESIAN_POINT ( 'NONE',  ( -0.6250000000000035527, 0.05000000000000000278, -1.971276677246385718E-15 ) ) ;
#7090 = DIRECTION ( 'NONE',  ( -3.469446951953617739E-15, 0.000000000000000000, -1.000000000000000000 ) ) ;
#7091 = AXIS2_PLACEMENT_3D ( 'NONE', #8518, #383, #6311 ) ;
#7092 =( GEOMETRIC_REPRESENTATION_CONTEXT ( 3 ) GLOBAL_UNCERTAINTY_ASSIGNED_CONTEXT ( ( #3193 ) ) GLOBAL_UNIT_ASSIGNED_CONTEXT ( ( #6158, #2595, #1862 ) ) REPRESENTATION_CONTEXT ( 'NONE', 'WORKASPACE' ) );
#7093 = PLANE ( 'NONE',  #3807 ) ;
#7094 = MANIFOLD_SOLID_BREP ( 'Cut-Extrude7[2]', #2039 ) ;
#7095 = DIRECTION ( 'NONE',  ( 0.000000000000000000, 0.000000000000000000, -1.000000000000000000 ) ) ;
#7096 = ORIENTED_EDGE ( 'NONE', *, *, #4951, .T. ) ;
#7097 = EDGE_CURVE ( 'NONE', #2440, #1040, #4624, .T. ) ;
#7098 = DIRECTION ( 'NONE',  ( 1.577021341797097215E-15, 0.000000000000000000, -1.000000000000000000 ) ) ;
#7099 = LINE ( 'NONE', #5634, #7488 ) ;
#7100 = VERTEX_POINT ( 'NONE', #4675 ) ;
#7101 = CARTESIAN_POINT ( 'NONE',  ( -0.6249999999999987788, 0.6716990566028301357, -1.500000000000000444 ) ) ;
#7102 = ORIENTED_EDGE ( 'NONE', *, *, #4430, .T. ) ;
#7103 = AXIS2_PLACEMENT_3D ( 'NONE', #9193, #4154, #7083 ) ;
#7104 = CARTESIAN_POINT ( 'NONE',  ( 2.000000000000000000, 0.1000000000000000472, -0.6249999999999992228 ) ) ;
#7105 = ADVANCED_FACE ( 'NONE', ( #9270 ), #253, .T. ) ;
#7106 = CARTESIAN_POINT ( 'NONE',  ( 1.725000000000000755, 0.2000000000000000944, 0.6250000000000006661 ) ) ;
#7107 = ORIENTED_EDGE ( 'NONE', *, *, #4729, .T. ) ;
#7108 = DIRECTION ( 'NONE',  ( 0.000000000000000000, -0.000000000000000000, -1.000000000000000000 ) ) ;
#7109 = VECTOR ( 'NONE', #3126, 1000.000000000000000 ) ;
#7110 = DIRECTION ( 'NONE',  ( 0.000000000000000000, -0.000000000000000000, -1.000000000000000000 ) ) ;
#7111 = CYLINDRICAL_SURFACE ( 'NONE', #6763, 0.1250000000000001110 ) ;
#7112 = EDGE_CURVE ( 'NONE', #8231, #4869, #3110, .T. ) ;
#7113 = CIRCLE ( 'NONE', #1631, 0.1250000000000001110 ) ;
#7114 = EDGE_LOOP ( 'NONE', ( #225, #4173, #6416, #9636, #4150, #4898 ) ) ;
#7115 = LINE ( 'NONE', #3486, #2149 ) ;
#7116 = ADVANCED_FACE ( 'NONE', ( #929 ), #3917, .F. ) ;
#7117 = AXIS2_PLACEMENT_3D ( 'NONE', #1851, #1799, #2580 ) ;
#7118 = VERTEX_POINT ( 'NONE', #201 ) ;
#7119 = ADVANCED_FACE ( 'NONE', ( #1837 ), #4822, .F. ) ;
#7120 = ORIENTED_EDGE ( 'NONE', *, *, #2785, .F. ) ;
#7121 = LINE ( 'NONE', #9331, #5826 ) ;
#7122 = CARTESIAN_POINT ( 'NONE',  ( 1.950000000000002176, 0.1000000000000000056, -1.124999999999999334 ) ) ;
#7123 = VECTOR ( 'NONE', #647, 1000.000000000000000 ) ;
#7124 = CARTESIAN_POINT ( 'NONE',  ( -0.1249999999999996808, 0.2000000000000000111, 1.225000000000000755 ) ) ;
#7125 = EDGE_CURVE ( 'NONE', #8444, #1666, #6181, .T. ) ;
#7126 = VECTOR ( 'NONE', #218, 1000.000000000000000 ) ;
#7127 = ORIENTED_EDGE ( 'NONE', *, *, #5130, .F. ) ;
#7128 = DIRECTION ( 'NONE',  ( 1.000000000000000000, 0.000000000000000000, 7.885106708985511714E-16 ) ) ;
#7129 = AXIS2_PLACEMENT_3D ( 'NONE', #3438, #1088, #7110 ) ;
#7130 = CARTESIAN_POINT ( 'NONE',  ( -1.725000000000001199, 0.05000000000000002359, -1.000000000000000222 ) ) ;
#7131 = DIRECTION ( 'NONE',  ( -0.000000000000000000, -1.000000000000000000, -0.000000000000000000 ) ) ;
#7132 = EDGE_LOOP ( 'NONE', ( #8820, #687, #7120, #799 ) ) ;
#7133 = CARTESIAN_POINT ( 'NONE',  ( 0.8750000000000012212, 0.1999999999999999833, 1.500000000000000444 ) ) ;
#7134 =( NAMED_UNIT ( * ) SI_UNIT ( $, .STERADIAN. ) SOLID_ANGLE_UNIT ( ) );
#7135 = ORIENTED_EDGE ( 'NONE', *, *, #3667, .F. ) ;
#7136 = COLOUR_RGB ( '',0.7921568627450980005, 0.8196078431372548767, 0.9333333333333333481 ) ;
#7137 = VECTOR ( 'NONE', #5918, 1000.000000000000000 ) ;
#7138 = DIRECTION ( 'NONE',  ( 0.000000000000000000, 0.000000000000000000, -1.000000000000000000 ) ) ;
#7139 = DIRECTION ( 'NONE',  ( -0.000000000000000000, -1.000000000000000000, -0.000000000000000000 ) ) ;
#7140 = CARTESIAN_POINT ( 'NONE',  ( -1.725000000000001199, 0.6716990566028313570, -1.000000000000000222 ) ) ;
#7141 = DIRECTION ( 'NONE',  ( 0.000000000000000000, -1.000000000000000000, 0.000000000000000000 ) ) ;
#7142 = DIRECTION ( 'NONE',  ( 0.000000000000000000, 1.000000000000000000, 0.000000000000000000 ) ) ;
#7143 = ORIENTED_EDGE ( 'NONE', *, *, #9702, .T. ) ;
#7144 = ORIENTED_EDGE ( 'NONE', *, *, #5604, .T. ) ;
#7145 = COLOUR_RGB ( '',0.7921568627450980005, 0.8196078431372548767, 0.9333333333333333481 ) ;
#7146 = DIRECTION ( 'NONE',  ( 1.000000000000000000, 0.000000000000000000, -7.885106708985511714E-16 ) ) ;
#7147 = EDGE_CURVE ( 'NONE', #8454, #6842, #1198, .T. ) ;
#7148 = DIRECTION ( 'NONE',  ( 0.000000000000000000, 1.000000000000000000, -0.000000000000000000 ) ) ;
#7149 = CARTESIAN_POINT ( 'NONE',  ( -1.950000000000001066, 0.1000000000000000056, -1.450000000000000622 ) ) ;
#7150 = CIRCLE ( 'NONE', #3400, 0.1249999999999996808 ) ;
#7151 = CARTESIAN_POINT ( 'NONE',  ( -0.6249999999999988898, 0.000000000000000000, 1.450000000000000178 ) ) ;
#7152 = DIRECTION ( 'NONE',  ( 0.000000000000000000, -0.000000000000000000, 1.000000000000000000 ) ) ;
#7153 = ORIENTED_EDGE ( 'NONE', *, *, #9153, .T. ) ;
#7154 = DIRECTION ( 'NONE',  ( 0.000000000000000000, 0.000000000000000000, -1.000000000000000000 ) ) ;
#7155 = LINE ( 'NONE', #2653, #4827 ) ;
#7156 = VERTEX_POINT ( 'NONE', #1140 ) ;
#7157 = ORIENTED_EDGE ( 'NONE', *, *, #2192, .F. ) ;
#7158 = DIRECTION ( 'NONE',  ( 1.000000000000000000, 0.000000000000000000, -0.000000000000000000 ) ) ;
#7159 = CARTESIAN_POINT ( 'NONE',  ( -2.000000000000000888, 0.1000000000000000472, -0.3749999999999994449 ) ) ;
#7160 = VECTOR ( 'NONE', #6893, 1000.000000000000000 ) ;
#7161 = LINE ( 'NONE', #3581, #6608 ) ;
#7162 = EDGE_LOOP ( 'NONE', ( #4915, #170, #9284, #6219 ) ) ;
#7163 = EDGE_CURVE ( 'NONE', #2469, #8856, #8001, .T. ) ;
#7164 = DIRECTION ( 'NONE',  ( 0.000000000000000000, -0.000000000000000000, -1.000000000000000000 ) ) ;
#7165 = PLANE ( 'NONE',  #6650 ) ;
#7166 = CARTESIAN_POINT ( 'NONE',  ( -1.950000000000001066, 0.6716990566028313570, -0.6249999999999992228 ) ) ;
#7167 = EDGE_CURVE ( 'NONE', #1611, #1892, #7273, .T. ) ;
#7168 = AXIS2_PLACEMENT_3D ( 'NONE', #5509, #942, #4731 ) ;
#7169 = ORIENTED_EDGE ( 'NONE', *, *, #7529, .T. ) ;
#7170 = VERTEX_POINT ( 'NONE', #4867 ) ;
#7171 = EDGE_CURVE ( 'NONE', #8070, #2832, #9376, .T. ) ;
#7172 = ADVANCED_FACE ( 'NONE', ( #6659 ), #2996, .F. ) ;
#7173 = LINE ( 'NONE', #354, #968 ) ;
#7174 = PLANE ( 'NONE',  #2583 ) ;
#7175 = AXIS2_PLACEMENT_3D ( 'NONE', #6412, #519, #7095 ) ;
#7176 = EDGE_CURVE ( 'NONE', #1697, #5508, #6018, .T. ) ;
#7177 = ORIENTED_EDGE ( 'NONE', *, *, #2865, .F. ) ;
#7178 = AXIS2_PLACEMENT_3D ( 'NONE', #1855, #9491, #3423 ) ;
#7179 = ORIENTED_EDGE ( 'NONE', *, *, #8821, .F. ) ;
#7180 = DIRECTION ( 'NONE',  ( -3.469446951953617739E-15, 0.000000000000000000, -1.000000000000000000 ) ) ;
#7181 = VERTEX_POINT ( 'NONE', #1335 ) ;
#7182 = DIRECTION ( 'NONE',  ( -1.000000000000000000, 0.000000000000000000, -3.942553354492743531E-16 ) ) ;
#7183 = CARTESIAN_POINT ( 'NONE',  ( -0.6249999999999987788, 0.1000000000000000056, 1.450000000000000178 ) ) ;
#7184 = SURFACE_STYLE_USAGE ( .BOTH. , #7927 ) ;
#7185 = VERTEX_POINT ( 'NONE', #7367 ) ;
#7186 = LINE ( 'NONE', #2631, #693 ) ;
#7187 = ADVANCED_FACE ( 'NONE', ( #9012 ), #7326, .F. ) ;
#7188 = DIRECTION ( 'NONE',  ( -1.000000000000000000, -0.000000000000000000, 7.885106708985509741E-16 ) ) ;
#7189 = ORIENTED_EDGE ( 'NONE', *, *, #5860, .T. ) ;
#7191 = ADVANCED_FACE ( 'NONE', ( #2171 ), #9427, .T. ) ;
#7190 = LINE ( 'NONE', #459, #6234 ) ;
#7192 = CYLINDRICAL_SURFACE ( 'NONE', #4459, 0.1249999999999996808 ) ;
#7193 = DIRECTION ( 'NONE',  ( -1.000000000000000000, 0.000000000000000000, -3.942553354492743531E-16 ) ) ;
#7194 = FACE_OUTER_BOUND ( 'NONE', #8021, .T. ) ;
#7195 = EDGE_CURVE ( 'NONE', #8680, #6134, #8638, .T. ) ;
#7196 = CARTESIAN_POINT ( 'NONE',  ( -2.000000000000000000, 0.000000000000000000, 0.8750000000000007772 ) ) ;
#7197 = ORIENTED_EDGE ( 'NONE', *, *, #4012, .F. ) ;
#7198 = ORIENTED_EDGE ( 'NONE', *, *, #8940, .F. ) ;
#7199 = DIRECTION ( 'NONE',  ( 0.000000000000000000, -1.000000000000000000, 0.000000000000000000 ) ) ;
#7200 = CARTESIAN_POINT ( 'NONE',  ( 0.000000000000000000, 0.1000000000000000056, 0.000000000000000000 ) ) ;
#7201 = AXIS2_PLACEMENT_3D ( 'NONE', #6651, #3033, #1377 ) ;
#7202 = DIRECTION ( 'NONE',  ( -0.000000000000000000, -1.000000000000000000, -0.000000000000000000 ) ) ;
#7203 = ORIENTED_EDGE ( 'NONE', *, *, #8886, .F. ) ;
#7204 = DIRECTION ( 'NONE',  ( 0.000000000000000000, -0.000000000000000000, 1.000000000000000000 ) ) ;
#7205 = ORIENTED_EDGE ( 'NONE', *, *, #2043, .F. ) ;
#7206 = LINE ( 'NONE', #4262, #7604 ) ;
#7207 = ORIENTED_EDGE ( 'NONE', *, *, #6460, .F. ) ;
#7208 = CARTESIAN_POINT ( 'NONE',  ( -1.725000000000000755, 0.2000000000000000944, -0.3749999999999993339 ) ) ;
#7209 = DIRECTION ( 'NONE',  ( -1.000000000000000000, 0.000000000000000000, 3.469446951953617739E-15 ) ) ;
#7210 = CARTESIAN_POINT ( 'NONE',  ( -0.1249999999999988065, 0.6716990566028301357, 1.500000000000000444 ) ) ;
#7211 = ORIENTED_EDGE ( 'NONE', *, *, #4131, .T. ) ;
#7212 = FACE_OUTER_BOUND ( 'NONE', #2140, .T. ) ;
#7213 = CARTESIAN_POINT ( 'NONE',  ( -2.000000000000000888, 0.1999999999999996503, -0.8749999999999994449 ) ) ;
#7214 = LINE ( 'NONE', #5008, #3384 ) ;
#7215 = LINE ( 'NONE', #4819, #1448 ) ;
#7216 = ORIENTED_EDGE ( 'NONE', *, *, #2582, .F. ) ;
#7217 = CARTESIAN_POINT ( 'NONE',  ( -0.1249999999999988065, 0.1000000000000000472, -1.500000000000000444 ) ) ;
#7218 = MANIFOLD_SOLID_BREP ( 'Cut-Extrude7[13]', #1552 ) ;
#7219 = ORIENTED_EDGE ( 'NONE', *, *, #8674, .F. ) ;
#7220 = LINE ( 'NONE', #2668, #191 ) ;
#7221 = DIRECTION ( 'NONE',  ( 0.000000000000000000, -1.000000000000000000, 0.000000000000000000 ) ) ;
#7222 = ORIENTED_EDGE ( 'NONE', *, *, #2915, .T. ) ;
#7223 = EDGE_CURVE ( 'NONE', #7522, #2115, #5846, .T. ) ;
#7224 = EDGE_CURVE ( 'NONE', #8954, #1515, #1203, .T. ) ;
#7225 = PRESENTATION_LAYER_ASSIGNMENT (  '', '', ( #4253 ) ) ;
#7226 = ORIENTED_EDGE ( 'NONE', *, *, #8333, .T. ) ;
#7227 = LINE ( 'NONE', #2042, #9343 ) ;
#7228 = CYLINDRICAL_SURFACE ( 'NONE', #1861, 0.1250000000000001110 ) ;
#7229 = ORIENTED_EDGE ( 'NONE', *, *, #5243, .F. ) ;
#7230 = DIRECTION ( 'NONE',  ( -0.000000000000000000, 0.000000000000000000, -1.000000000000000000 ) ) ;
#7231 = DIRECTION ( 'NONE',  ( 1.577021341797097215E-15, 0.000000000000000000, -1.000000000000000000 ) ) ;
#7232 = ORIENTED_EDGE ( 'NONE', *, *, #5200, .F. ) ;
#7233 = DIRECTION ( 'NONE',  ( 0.000000000000000000, -0.000000000000000000, -1.000000000000000000 ) ) ;
#7234 = MANIFOLD_SOLID_BREP ( 'Cut-Extrude7[15]', #5299 ) ;
#7235 = ORIENTED_EDGE ( 'NONE', *, *, #999, .T. ) ;
#7236 = DIRECTION ( 'NONE',  ( 0.000000000000000000, -1.000000000000000000, 0.000000000000000000 ) ) ;
#7237 = CARTESIAN_POINT ( 'NONE',  ( 1.725000000000000755, 0.05000000000000023870, 0.8749999999999994449 ) ) ;
#7238 = PLANE ( 'NONE',  #5209 ) ;
#7239 = DIRECTION ( 'NONE',  ( 0.000000000000000000, -1.000000000000000000, 0.000000000000000000 ) ) ;
#7240 = EDGE_CURVE ( 'NONE', #9236, #5224, #7611, .T. ) ;
#7241 = FACE_OUTER_BOUND ( 'NONE', #5611, .T. ) ;
#7242 = ORIENTED_EDGE ( 'NONE', *, *, #9017, .F. ) ;
#7243 = VERTEX_POINT ( 'NONE', #6807 ) ;
#7244 = VECTOR ( 'NONE', #9249, 1000.000000000000000 ) ;
#7245 = FILL_AREA_STYLE_COLOUR ( '', #5328 ) ;
#7247 = EDGE_CURVE ( 'NONE', #8628, #7076, #94, .T. ) ;
#7246 = CARTESIAN_POINT ( 'NONE',  ( -0.1249999999999996808, 0.1000000000000000056, -1.225000000000000755 ) ) ;
#7248 = CYLINDRICAL_SURFACE ( 'NONE', #7770, 0.1250000000000000555 ) ;
#7249 = FACE_OUTER_BOUND ( 'NONE', #4123, .T. ) ;
#7250 = EDGE_CURVE ( 'NONE', #5497, #7601, #4641, .T. ) ;
#7251 = CARTESIAN_POINT ( 'NONE',  ( -1.725000000000000755, 0.1999999999999999833, 0.1250000000000006661 ) ) ;
#7252 = AXIS2_PLACEMENT_3D ( 'NONE', #9066, #6177, #7017 ) ;
#7253 = CARTESIAN_POINT ( 'NONE',  ( -1.725000000000000755, 0.000000000000000000, 1.125000000000000666 ) ) ;
#7254 = ORIENTED_EDGE ( 'NONE', *, *, #349, .F. ) ;
#7255 = CARTESIAN_POINT ( 'NONE',  ( 0.5999999999999996447, 0.04999999999999999584, -0.8500000000000001998 ) ) ;
#7256 = EDGE_CURVE ( 'NONE', #3987, #9236, #9213, .T. ) ;
#7257 = ORIENTED_EDGE ( 'NONE', *, *, #391, .F. ) ;
#7258 = CARTESIAN_POINT ( 'NONE',  ( 1.950000000000002176, 0.1000000000000000056, -0.1249999999999992506 ) ) ;
#7259 = VERTEX_POINT ( 'NONE', #6066 ) ;
#7260 = LINE ( 'NONE', #5777, #1653 ) ;
#7261 = CARTESIAN_POINT ( 'NONE',  ( -1.374999999999999112, 0.2000000000000000111, -1.225000000000000311 ) ) ;
#7262 = FACE_OUTER_BOUND ( 'NONE', #3141, .T. ) ;
#7263 = ORIENTED_EDGE ( 'NONE', *, *, #5783, .T. ) ;
#7264 = AXIS2_PLACEMENT_3D ( 'NONE', #1021, #1910, #7154 ) ;
#7265 = PRESENTATION_LAYER_ASSIGNMENT (  '', '', ( #6150 ) ) ;
#7266 = DIRECTION ( 'NONE',  ( -0.000000000000000000, -1.000000000000000000, -0.000000000000000000 ) ) ;
#7267 = CARTESIAN_POINT ( 'NONE',  ( -1.249999999999999334, 0.000000000000000000, 1.225000000000000533 ) ) ;
#7268 = DIRECTION ( 'NONE',  ( 0.000000000000000000, 0.000000000000000000, -1.000000000000000000 ) ) ;
#7269 = VECTOR ( 'NONE', #7843, 1000.000000000000000 ) ;
#7270 = ORIENTED_EDGE ( 'NONE', *, *, #4397, .T. ) ;
#7271 = MECHANICAL_DESIGN_GEOMETRIC_PRESENTATION_REPRESENTATION (  '', ( #2727 ), #5992 ) ;
#7272 = LINE ( 'NONE', #5788, #3856 ) ;
#7273 = LINE ( 'NONE', #4084, #5577 ) ;
#7274 = ORIENTED_EDGE ( 'NONE', *, *, #5960, .F. ) ;
#7275 = ADVANCED_FACE ( 'NONE', ( #8318 ), #5734, .F. ) ;
#7276 = CARTESIAN_POINT ( 'NONE',  ( -0.7499999999999993339, 0.6716990566028301357, 1.225000000000000533 ) ) ;
#7277 = LINE ( 'NONE', #1605, #488 ) ;
#7278 = AXIS2_PLACEMENT_3D ( 'NONE', #1644, #4585, #6141 ) ;
#7279 = VECTOR ( 'NONE', #6870, 1000.000000000000000 ) ;
#7280 = CARTESIAN_POINT ( 'NONE',  ( -1.124999999999999778, 0.1000000000000000056, 1.225000000000000755 ) ) ;
#7281 = VERTEX_POINT ( 'NONE', #6417 ) ;
#7282 = PRESENTATION_LAYER_ASSIGNMENT (  '', '', ( #1962 ) ) ;
#7283 = CARTESIAN_POINT ( 'NONE',  ( -1.950000000000001066, 0.1000000000000000056, -0.8749999999999994449 ) ) ;
#7284 = AXIS2_PLACEMENT_3D ( 'NONE', #7786, #7036, #8553 ) ;
#7285 = DIRECTION ( 'NONE',  ( -0.000000000000000000, -0.000000000000000000, -1.000000000000000000 ) ) ;
#7286 = DIRECTION ( 'NONE',  ( 0.000000000000000000, -1.000000000000000000, 0.000000000000000000 ) ) ;
#7287 = VECTOR ( 'NONE', #7427, 1000.000000000000000 ) ;
#7288 = FILL_AREA_STYLE ('',( #1994 ) ) ;
#7289 = ORIENTED_EDGE ( 'NONE', *, *, #38, .F. ) ;
#7290 = PRESENTATION_STYLE_ASSIGNMENT (( #4289 ) ) ;
#7291 = DIRECTION ( 'NONE',  ( 7.885106708985511714E-16, -0.000000000000000000, 1.000000000000000000 ) ) ;
#7292 = ADVANCED_FACE ( 'NONE', ( #4952 ), #8720, .F. ) ;
#7293 = EDGE_LOOP ( 'NONE', ( #6484, #3184, #1435, #5516 ) ) ;
#7294 = DIRECTION ( 'NONE',  ( 1.577021341797097215E-15, 0.000000000000000000, -1.000000000000000000 ) ) ;
#7295 = AXIS2_PLACEMENT_3D ( 'NONE', #7452, #5051, #2122 ) ;
#7296 = VECTOR ( 'NONE', #1920, 1000.000000000000000 ) ;
#7297 = LINE ( 'NONE', #557, #5458 ) ;
#7298 = EDGE_CURVE ( 'NONE', #5263, #2942, #5415, .T. ) ;
#7299 = DIRECTION ( 'NONE',  ( -1.000000000000000000, -0.000000000000000000, 7.885106708985509741E-16 ) ) ;
#7300 = DIRECTION ( 'NONE',  ( 0.000000000000000000, 1.000000000000000000, 0.000000000000000000 ) ) ;
#7301 = ORIENTED_EDGE ( 'NONE', *, *, #447, .F. ) ;
#7302 = ORIENTED_EDGE ( 'NONE', *, *, #8189, .T. ) ;
#7303 =( LENGTH_UNIT ( ) NAMED_UNIT ( * ) SI_UNIT ( .MILLI., .METRE. ) );
#7304 = AXIS2_PLACEMENT_3D ( 'NONE', #4899, #1227, #7158 ) ;
#7305 = EDGE_CURVE ( 'NONE', #5566, #4607, #3342, .T. ) ;
#7306 = ADVANCED_FACE ( 'NONE', ( #8666 ), #1970, .F. ) ;
#7307 = DIRECTION ( 'NONE',  ( 3.154042683594198769E-15, 0.000000000000000000, -1.000000000000000000 ) ) ;
#7308 = EDGE_LOOP ( 'NONE', ( #5295, #3726, #9612, #3971 ) ) ;
#7309 = PLANE ( 'NONE',  #2241 ) ;
#7310 = EDGE_CURVE ( 'NONE', #9178, #1098, #2023, .T. ) ;
#7311 = ORIENTED_EDGE ( 'NONE', *, *, #1482, .F. ) ;
#7312 = DIRECTION ( 'NONE',  ( 1.000000000000000000, -0.000000000000000000, -0.000000000000000000 ) ) ;
#7313 = VERTEX_POINT ( 'NONE', #5002 ) ;
#7314 = LINE ( 'NONE', #2986, #1170 ) ;
#7315 = DIRECTION ( 'NONE',  ( 0.000000000000000000, 1.000000000000000000, -0.000000000000000000 ) ) ;
#7316 = DIRECTION ( 'NONE',  ( 0.000000000000000000, -1.000000000000000000, 0.000000000000000000 ) ) ;
#7317 = ORIENTED_EDGE ( 'NONE', *, *, #1414, .F. ) ;
#7318 = DIRECTION ( 'NONE',  ( 0.000000000000000000, -1.000000000000000000, 0.000000000000000000 ) ) ;
#7319 = EDGE_CURVE ( 'NONE', #3007, #4661, #7994, .T. ) ;
#7321 = CARTESIAN_POINT ( 'NONE',  ( -0.3749999999999994449, 0.000000000000000000, -1.500000000000000444 ) ) ;
#7320 = VECTOR ( 'NONE', #7868, 1000.000000000000000 ) ;
#7322 = DIRECTION ( 'NONE',  ( 0.000000000000000000, 0.000000000000000000, 1.000000000000000000 ) ) ;
#7323 = DIRECTION ( 'NONE',  ( -1.000000000000000000, 0.000000000000000000, 0.000000000000000000 ) ) ;
#7324 = ORIENTED_EDGE ( 'NONE', *, *, #4846, .F. ) ;
#7325 = AXIS2_PLACEMENT_3D ( 'NONE', #1066, #1703, #5576 ) ;
#7326 = PLANE ( 'NONE',  #6503 ) ;
#7327 = ORIENTED_EDGE ( 'NONE', *, *, #7668, .F. ) ;
#7328 = DIRECTION ( 'NONE',  ( -3.469446951953617739E-15, 0.000000000000000000, 1.000000000000000000 ) ) ;
#7329 = CARTESIAN_POINT ( 'NONE',  ( -1.249999999999999334, 0.2000000000000000111, -1.225000000000000533 ) ) ;
#7330 = VECTOR ( 'NONE', #8610, 1000.000000000000000 ) ;
#7331 = LINE ( 'NONE', #592, #6127 ) ;
#7332 = EDGE_LOOP ( 'NONE', ( #1755, #787, #8517, #8827 ) ) ;
#7333 = CIRCLE ( 'NONE', #1534, 0.1249999999999996808 ) ;
#7334 =( NAMED_UNIT ( * ) SI_UNIT ( $, .STERADIAN. ) SOLID_ANGLE_UNIT ( ) );
#7335 = VERTEX_POINT ( 'NONE', #5534 ) ;
#7336 = DIRECTION ( 'NONE',  ( 0.000000000000000000, 0.000000000000000000, -1.000000000000000000 ) ) ;
#7337 = LINE ( 'NONE', #2091, #9296 ) ;
#7338 = CARTESIAN_POINT ( 'NONE',  ( -1.950000000000001066, 0.05000000000000000278, 0.8750000000000002220 ) ) ;
#7339 = DIRECTION ( 'NONE',  ( 1.000000000000000000, -0.000000000000000000, -0.000000000000000000 ) ) ;
#7340 = AXIS2_PLACEMENT_3D ( 'NONE', #8250, #1356, #4488 ) ;
#7341 = CARTESIAN_POINT ( 'NONE',  ( 0.000000000000000000, 0.000000000000000000, 0.000000000000000000 ) ) ;
#7342 = VERTEX_POINT ( 'NONE', #6268 ) ;
#7343 = DIRECTION ( 'NONE',  ( 0.000000000000000000, 0.000000000000000000, -1.000000000000000000 ) ) ;
#7344 = EDGE_CURVE ( 'NONE', #554, #7695, #8521, .T. ) ;
#7345 = VERTEX_POINT ( 'NONE', #6366 ) ;
#7346 = ORIENTED_EDGE ( 'NONE', *, *, #7730, .F. ) ;
#7347 = CARTESIAN_POINT ( 'NONE',  ( 1.375000000000001332, 0.2000000000000000111, -1.500000000000000444 ) ) ;
#7348 = VERTEX_POINT ( 'NONE', #7850 ) ;
#7349 = LINE ( 'NONE', #3615, #6613 ) ;
#7350 = ORIENTED_EDGE ( 'NONE', *, *, #1710, .T. ) ;
#7351 = CARTESIAN_POINT ( 'NONE',  ( 1.950000000000002176, 0.000000000000000000, 1.450000000000000178 ) ) ;
#7352 = CARTESIAN_POINT ( 'NONE',  ( -2.000000000000000888, 0.1000000000000002554, 0.1250000000000005551 ) ) ;
#7353 = ADVANCED_FACE ( 'NONE', ( #6029 ), #5487, .F. ) ;
#7354 = ORIENTED_EDGE ( 'NONE', *, *, #2617, .F. ) ;
#7355 = CARTESIAN_POINT ( 'NONE',  ( -2.000000000000000888, 0.8000000000000003775, 1.500000000000000000 ) ) ;
#7356 = PLANE ( 'NONE',  #1246 ) ;
#7357 = CARTESIAN_POINT ( 'NONE',  ( -0.1500000000000000222, 0.2000000000000009548, -0.8499999999999999778 ) ) ;
#7358 = VERTEX_POINT ( 'NONE', #2455 ) ;
#7359 = DIRECTION ( 'NONE',  ( 3.154042683594198769E-15, 0.000000000000000000, -1.000000000000000000 ) ) ;
#7360 = DIRECTION ( 'NONE',  ( 1.000000000000000000, 0.000000000000000000, -7.885106708985511714E-16 ) ) ;
#7361 = CARTESIAN_POINT ( 'NONE',  ( 2.000000000000000888, 0.1999999999999999833, -0.8749999999999994449 ) ) ;
#7362 = ORIENTED_EDGE ( 'NONE', *, *, #6596, .T. ) ;
#7363 = DIRECTION ( 'NONE',  ( -3.154042683594199163E-15, 0.000000000000000000, 1.000000000000000000 ) ) ;
#7364 = ORIENTED_EDGE ( 'NONE', *, *, #1967, .F. ) ;
#7365 = CARTESIAN_POINT ( 'NONE',  ( -1.725000000000000755, 0.000000000000000000, 0.8749999999999996669 ) ) ;
#7366 = EDGE_CURVE ( 'NONE', #5857, #4927, #1825, .T. ) ;
#7367 = CARTESIAN_POINT ( 'NONE',  ( 1.950000000000002176, 0.09999999999999993616, -0.6249999999999992228 ) ) ;
#7368 = ORIENTED_EDGE ( 'NONE', *, *, #6926, .F. ) ;
#7369 = CARTESIAN_POINT ( 'NONE',  ( -1.725000000000000755, 0.05000000000000023870, -1.125000000000000444 ) ) ;
#7370 = DIRECTION ( 'NONE',  ( 0.000000000000000000, 0.000000000000000000, -1.000000000000000000 ) ) ;
#7371 = ADVANCED_FACE ( 'NONE', ( #6220 ), #9210, .F. ) ;
#7372 = EDGE_CURVE ( 'NONE', #6587, #1283, #3292, .T. ) ;
#7373 = DIRECTION ( 'NONE',  ( 1.000000000000000000, 0.000000000000000000, -7.885106708985511714E-16 ) ) ;
#7374 = VERTEX_POINT ( 'NONE', #7054 ) ;
#7375 = CARTESIAN_POINT ( 'NONE',  ( 1.725000000000000755, 0.1000000000000000472, -0.8749999999999993339 ) ) ;
#7376 = EDGE_CURVE ( 'NONE', #8874, #1215, #2606, .T. ) ;
#7377 = CARTESIAN_POINT ( 'NONE',  ( 1.375000000000001110, 0.2000000000000000111, 1.450000000000000178 ) ) ;
#7378 = CARTESIAN_POINT ( 'NONE',  ( -1.725000000000000755, 0.000000000000000000, -0.6250000000000003331 ) ) ;
#7379 = VERTEX_POINT ( 'NONE', #4313 ) ;
#7380 = DIRECTION ( 'NONE',  ( -2.551063935260010491E-16, -0.000000000000000000, -1.000000000000000000 ) ) ;
#7381 = CARTESIAN_POINT ( 'NONE',  ( -2.000000000000000888, 0.1000000000000002554, 1.500000000000000000 ) ) ;
#7382 = AXIS2_PLACEMENT_3D ( 'NONE', #1027, #3959, #6317 ) ;
#7383 = DIRECTION ( 'NONE',  ( 0.000000000000000000, -0.000000000000000000, 1.000000000000000000 ) ) ;
#7384 = ORIENTED_EDGE ( 'NONE', *, *, #2461, .F. ) ;
#7385 = ORIENTED_EDGE ( 'NONE', *, *, #8737, .T. ) ;
#7386 = ORIENTED_EDGE ( 'NONE', *, *, #1463, .T. ) ;
#7387 = CARTESIAN_POINT ( 'NONE',  ( -1.950000000000001066, 0.05000000000000000278, -1.450000000000000622 ) ) ;
#7388 = CARTESIAN_POINT ( 'NONE',  ( 0.8750000000000003331, 0.6716990566028301357, 1.225000000000000755 ) ) ;
#7389 = FACE_OUTER_BOUND ( 'NONE', #9326, .T. ) ;
#7390 = EDGE_LOOP ( 'NONE', ( #9358, #7697, #3884, #4695 ) ) ;
#7391 = CARTESIAN_POINT ( 'NONE',  ( -0.2499999999999993616, 0.000000000000000000, -1.225000000000000533 ) ) ;
#7392 = VECTOR ( 'NONE', #7373, 1000.000000000000000 ) ;
#7393 = ORIENTED_EDGE ( 'NONE', *, *, #5354, .T. ) ;
#7394 = PLANE ( 'NONE',  #2578 ) ;
#7395 = ORIENTED_EDGE ( 'NONE', *, *, #1602, .F. ) ;
#7396 = CARTESIAN_POINT ( 'NONE',  ( 1.950000000000002176, 0.05000000000000000278, 0.1250000000000005829 ) ) ;
#7397 = CARTESIAN_POINT ( 'NONE',  ( -1.725000000000000755, 0.1999999999999999833, 0.8749999999999996669 ) ) ;
#7398 = DIRECTION ( 'NONE',  ( 1.000000000000000000, 0.000000000000000000, 7.885106708985511714E-16 ) ) ;
#7399 = CARTESIAN_POINT ( 'NONE',  ( 2.000000000000000000, 0.6716990566028312459, 0.8750000000000007772 ) ) ;
#7400 = VECTOR ( 'NONE', #957, 1000.000000000000000 ) ;
#7401 = ADVANCED_FACE ( 'NONE', ( #2065 ), #6457, .T. ) ;
#7402 = VERTEX_POINT ( 'NONE', #7352 ) ;
#7403 = DIRECTION ( 'NONE',  ( 1.000000000000000000, 0.000000000000000000, -1.577021341797097018E-15 ) ) ;
#7404 = EDGE_LOOP ( 'NONE', ( #7531, #7302, #2255, #8240, #6741, #5151 ) ) ;
#7405 = ADVANCED_FACE ( 'NONE', ( #9458 ), #9047, .F. ) ;
#7406 = VECTOR ( 'NONE', #7063, 1000.000000000000000 ) ;
#7407 = AXIS2_PLACEMENT_3D ( 'NONE', #7210, #7995, #1276 ) ;
#7408 = EDGE_LOOP ( 'NONE', ( #7432, #7991, #5631, #203 ) ) ;
#7409 = DIRECTION ( 'NONE',  ( -3.154042683594199163E-15, 0.000000000000000000, 1.000000000000000000 ) ) ;
#7410 = EDGE_CURVE ( 'NONE', #40, #2245, #5953, .T. ) ;
#7411 = ADVANCED_FACE ( 'NONE', ( #3174 ), #6152, .T. ) ;
#7412 = CIRCLE ( 'NONE', #9605, 0.1250000000000001110 ) ;
#7413 = DIRECTION ( 'NONE',  ( 0.000000000000000000, -1.000000000000000000, 0.000000000000000000 ) ) ;
#7414 = PLANE ( 'NONE',  #739 ) ;
#7415 = DIRECTION ( 'NONE',  ( 1.000000000000000000, 0.000000000000000000, -1.084202172485504681E-16 ) ) ;
#7416 = VECTOR ( 'NONE', #133, 1000.000000000000000 ) ;
#7417 = ORIENTED_EDGE ( 'NONE', *, *, #1957, .F. ) ;
#7418 = DIRECTION ( 'NONE',  ( 1.000000000000000000, 0.000000000000000000, 7.885106708985511714E-16 ) ) ;
#7419 = DIRECTION ( 'NONE',  ( -3.154042683594198769E-15, -0.000000000000000000, -1.000000000000000000 ) ) ;
#7420 = EDGE_CURVE ( 'NONE', #7546, #8662, #7682, .T. ) ;
#7421 = PLANE ( 'NONE',  #6846 ) ;
#7422 = ORIENTED_EDGE ( 'NONE', *, *, #8183, .F. ) ;
#7423 = DIRECTION ( 'NONE',  ( 0.000000000000000000, -1.000000000000000000, 0.000000000000000000 ) ) ;
#7424 =( NAMED_UNIT ( * ) PLANE_ANGLE_UNIT ( ) SI_UNIT ( $, .RADIAN. ) );
#7425 = ORIENTED_EDGE ( 'NONE', *, *, #633, .F. ) ;
#7426 = EDGE_CURVE ( 'NONE', #1412, #9106, #7793, .T. ) ;
#7427 = DIRECTION ( 'NONE',  ( -1.000000000000000000, 0.000000000000000000, -3.942553354492743531E-16 ) ) ;
#7428 = VECTOR ( 'NONE', #3022, 1000.000000000000000 ) ;
#7429 = CARTESIAN_POINT ( 'NONE',  ( 1.125000000000000666, 0.1999999999999999833, 1.500000000000000444 ) ) ;
#7430 = AXIS2_PLACEMENT_3D ( 'NONE', #4343, #8065, #5163 ) ;
#7431 = ORIENTED_EDGE ( 'NONE', *, *, #9274, .F. ) ;
#7432 = ORIENTED_EDGE ( 'NONE', *, *, #1437, .T. ) ;
#7433 = CARTESIAN_POINT ( 'NONE',  ( 1.725000000000000755, 0.1000000000000000472, 0.6250000000000006661 ) ) ;
#7434 = ORIENTED_EDGE ( 'NONE', *, *, #6982, .T. ) ;
#7435 = DIRECTION ( 'NONE',  ( 0.000000000000000000, -0.000000000000000000, -1.000000000000000000 ) ) ;
#7436 = CARTESIAN_POINT ( 'NONE',  ( 2.000000000000000000, 0.1000000000000000472, 0.3750000000000007772 ) ) ;
#7437 = CYLINDRICAL_SURFACE ( 'NONE', #2264, 0.1249999999999996808 ) ;
#7438 = DIRECTION ( 'NONE',  ( 1.577021341797097215E-15, 0.000000000000000000, -1.000000000000000000 ) ) ;
#7439 = VECTOR ( 'NONE', #5706, 1000.000000000000000 ) ;
#7440 =( NAMED_UNIT ( * ) PLANE_ANGLE_UNIT ( ) SI_UNIT ( $, .RADIAN. ) );
#7441 = ORIENTED_EDGE ( 'NONE', *, *, #5911, .F. ) ;
#7442 = CARTESIAN_POINT ( 'NONE',  ( -1.725000000000001199, 0.05000000000000002359, -2.168404344971008868E-16 ) ) ;
#7443 = ORIENTED_EDGE ( 'NONE', *, *, #9279, .T. ) ;
#7444 = DIRECTION ( 'NONE',  ( -1.000000000000000000, 0.000000000000000000, 3.469446951953617739E-15 ) ) ;
#7445 = ORIENTED_EDGE ( 'NONE', *, *, #8197, .F. ) ;
#7446 = EDGE_CURVE ( 'NONE', #9048, #6658, #8455, .T. ) ;
#7447 = CARTESIAN_POINT ( 'NONE',  ( -1.725000000000001199, 0.05000000000000002359, -0.5000000000000002220 ) ) ;
#7448 = VECTOR ( 'NONE', #7711, 1000.000000000000000 ) ;
#7449 = VECTOR ( 'NONE', #43, 1000.000000000000000 ) ;
#7450 = CARTESIAN_POINT ( 'NONE',  ( 1.725000000000000755, 0.1999999999999999833, -0.3749999999999993339 ) ) ;
#7451 = DIRECTION ( 'NONE',  ( 0.000000000000000000, 0.000000000000000000, 1.000000000000000000 ) ) ;
#7452 = CARTESIAN_POINT ( 'NONE',  ( 1.250000000000000666, 0.04999999999999999584, -1.225000000000000533 ) ) ;
#7453 = VECTOR ( 'NONE', #68, 1000.000000000000000 ) ;
#7454 = VECTOR ( 'NONE', #1714, 1000.000000000000000 ) ;
#7455 = DIRECTION ( 'NONE',  ( 1.000000000000000000, 0.000000000000000000, -7.885106708985511714E-16 ) ) ;
#7456 = ORIENTED_EDGE ( 'NONE', *, *, #8290, .T. ) ;
#7457 = EDGE_CURVE ( 'NONE', #1686, #2391, #3278, .T. ) ;
#7458 = VECTOR ( 'NONE', #3831, 1000.000000000000000 ) ;
#7459 = ORIENTED_EDGE ( 'NONE', *, *, #7969, .F. ) ;
#7460 = AXIS2_PLACEMENT_3D ( 'NONE', #770, #7014, #7164 ) ;
#7461 = CARTESIAN_POINT ( 'NONE',  ( 1.950000000000002176, 0.6716990566028313570, -0.6249999999999992228 ) ) ;
#7462 = ADVANCED_FACE ( 'NONE', ( #5033 ), #4346, .T. ) ;
#7463 = CARTESIAN_POINT ( 'NONE',  ( -0.2499999999999993616, 0.2000000000000000111, 1.225000000000000533 ) ) ;
#7464 = DIRECTION ( 'NONE',  ( -3.469446951953617739E-15, 0.000000000000000000, 1.000000000000000000 ) ) ;
#7465 = DIRECTION ( 'NONE',  ( -7.885106708985511714E-16, 0.000000000000000000, 1.000000000000000000 ) ) ;
#7466 = VECTOR ( 'NONE', #1282, 1000.000000000000000 ) ;
#7467 = ORIENTED_EDGE ( 'NONE', *, *, #1660, .T. ) ;
#7468 = LINE ( 'NONE', #3829, #2951 ) ;
#7469 = CARTESIAN_POINT ( 'NONE',  ( 2.000000000000000888, 0.1000000000000000472, 1.125000000000000666 ) ) ;
#7470 = EDGE_CURVE ( 'NONE', #8404, #4965, #8787, .T. ) ;
#7471 = ADVANCED_FACE ( 'NONE', ( #558 ), #1214, .F. ) ;
#7472 = ORIENTED_EDGE ( 'NONE', *, *, #5191, .F. ) ;
#7473 = CARTESIAN_POINT ( 'NONE',  ( 2.000000000000000000, 0.6716990566028313570, -0.6249999999999992228 ) ) ;
#7474 = DIRECTION ( 'NONE',  ( 0.000000000000000000, -1.000000000000000000, 0.000000000000000000 ) ) ;
#7475 = CARTESIAN_POINT ( 'NONE',  ( 0.000000000000000000, 0.1000000000000000056, 0.000000000000000000 ) ) ;
#7476 = VECTOR ( 'NONE', #6097, 1000.000000000000000 ) ;
#7477 = EDGE_CURVE ( 'NONE', #1543, #5938, #8746, .T. ) ;
#7478 = PLANE ( 'NONE',  #9138 ) ;
#7479 = CARTESIAN_POINT ( 'NONE',  ( 2.000000000000000000, 0.1000000000000000472, 0.8750000000000007772 ) ) ;
#7480 = VECTOR ( 'NONE', #2988, 1000.000000000000000 ) ;
#7481 = CARTESIAN_POINT ( 'NONE',  ( 1.725000000000000755, 0.1000000000000000472, 1.125000000000000666 ) ) ;
#7482 = VERTEX_POINT ( 'NONE', #4297 ) ;
#7483 = ORIENTED_EDGE ( 'NONE', *, *, #325, .T. ) ;
#7484 = EDGE_CURVE ( 'NONE', #8924, #9661, #6987, .T. ) ;
#7485 = ORIENTED_EDGE ( 'NONE', *, *, #5363, .F. ) ;
#7486 = LINE ( 'NONE', #1363, #947 ) ;
#7487 = CARTESIAN_POINT ( 'NONE',  ( 1.950000000000002176, 0.6716990566028313570, 0.1250000000000005829 ) ) ;
#7488 = VECTOR ( 'NONE', #8617, 1000.000000000000000 ) ;
#7489 = ADVANCED_FACE ( 'NONE', ( #4156 ), #5715, .F. ) ;
#7490 = ADVANCED_FACE ( 'NONE', ( #1264 ), #1165, .T. ) ;
#7491 = LINE ( 'NONE', #2240, #1954 ) ;
#7492 = ORIENTED_EDGE ( 'NONE', *, *, #4604, .F. ) ;
#7493 = CARTESIAN_POINT ( 'NONE',  ( 1.125000000000000888, 0.2000000000000000111, -1.225000000000000311 ) ) ;
#7494 = VERTEX_POINT ( 'NONE', #3424 ) ;
#7495 = DIRECTION ( 'NONE',  ( 0.000000000000000000, -1.000000000000000000, 0.000000000000000000 ) ) ;
#7496 = VERTEX_POINT ( 'NONE', #2874 ) ;
#7497 = ORIENTED_EDGE ( 'NONE', *, *, #5667, .F. ) ;
#7498 = PLANE ( 'NONE',  #1091 ) ;
#7499 = FACE_OUTER_BOUND ( 'NONE', #6863, .T. ) ;
#7500 = SURFACE_STYLE_FILL_AREA ( #1231 ) ;
#7501 = DIRECTION ( 'NONE',  ( -0.000000000000000000, -0.000000000000000000, -1.000000000000000000 ) ) ;
#7502 = ORIENTED_EDGE ( 'NONE', *, *, #8181, .F. ) ;
#7503 = LINE ( 'NONE', #5785, #9431 ) ;
#7504 = VERTEX_POINT ( 'NONE', #4247 ) ;
#7505 = CLOSED_SHELL ( 'NONE', ( #8602, #9252, #3819, #5382, #1586, #5524, #6306, #8555 ) ) ;
#7506 = EDGE_LOOP ( 'NONE', ( #4962, #5254, #5905, #5745 ) ) ;
#7507 = DIRECTION ( 'NONE',  ( -0.000000000000000000, 0.000000000000000000, -1.000000000000000000 ) ) ;
#7508 = CARTESIAN_POINT ( 'NONE',  ( 1.950000000000002176, 0.6716990566028312459, 1.125000000000000666 ) ) ;
#7509 = CARTESIAN_POINT ( 'NONE',  ( 1.375000000000001110, 0.6716990566028301357, 1.450000000000000178 ) ) ;
#7510 = DIRECTION ( 'NONE',  ( 0.000000000000000000, 0.000000000000000000, -1.000000000000000000 ) ) ;
#7511 = LINE ( 'NONE', #773, #3949 ) ;
#7512 = VERTEX_POINT ( 'NONE', #4204 ) ;
#7513 = CARTESIAN_POINT ( 'NONE',  ( -0.6249999999999987788, 0.1000000000000000472, -1.500000000000000444 ) ) ;
#7514 = ORIENTED_EDGE ( 'NONE', *, *, #4656, .T. ) ;
#7515 = DIRECTION ( 'NONE',  ( 0.000000000000000000, 0.000000000000000000, 1.000000000000000000 ) ) ;
#7516 = CARTESIAN_POINT ( 'NONE',  ( 1.999999999999999112, 0.1000000000000002554, 0.6250000000000005551 ) ) ;
#7517 = CARTESIAN_POINT ( 'NONE',  ( 1.725000000000000755, 0.05000000000000023870, -0.1250000000000005551 ) ) ;
#7518 = FILL_AREA_STYLE_COLOUR ( '', #6639 ) ;
#7519 = EDGE_CURVE ( 'NONE', #2953, #6202, #2686, .T. ) ;
#7520 = CARTESIAN_POINT ( 'NONE',  ( -1.725000000000000755, 0.1000000000000000472, 0.6250000000000006661 ) ) ;
#7521 = ORIENTED_EDGE ( 'NONE', *, *, #8009, .T. ) ;
#7522 = VERTEX_POINT ( 'NONE', #6442 ) ;
#7523 = EDGE_LOOP ( 'NONE', ( #720, #6876, #5174, #6705 ) ) ;
#7524 = EDGE_CURVE ( 'NONE', #7637, #6570, #2736, .T. ) ;
#7525 = VERTEX_POINT ( 'NONE', #8700 ) ;
#7526 = FACE_OUTER_BOUND ( 'NONE', #8314, .T. ) ;
#7527 = PLANE ( 'NONE',  #5728 ) ;
#7528 = AXIS2_PLACEMENT_3D ( 'NONE', #9260, #342, #5445 ) ;
#7529 = EDGE_CURVE ( 'NONE', #5694, #6428, #3509, .T. ) ;
#7530 = CARTESIAN_POINT ( 'NONE',  ( 1.725000000000000755, 0.6716990566028313570, -0.6250000000000005551 ) ) ;
#7531 = ORIENTED_EDGE ( 'NONE', *, *, #2990, .F. ) ;
#7532 = PLANE ( 'NONE',  #2099 ) ;
#7533 = ORIENTED_EDGE ( 'NONE', *, *, #8843, .T. ) ;
#7534 = VERTEX_POINT ( 'NONE', #2007 ) ;
#7535 = CARTESIAN_POINT ( 'NONE',  ( -2.000000000000000888, 0.1999999999999999833, -0.8749999999999994449 ) ) ;
#7536 = ADVANCED_FACE ( 'NONE', ( #7241 ), #508, .T. ) ;
#7537 = LINE ( 'NONE', #802, #8441 ) ;
#7538 = EDGE_CURVE ( 'NONE', #5486, #1681, #6826, .T. ) ;
#7539 = LINE ( 'NONE', #725, #7480 ) ;
#7540 = LINE ( 'NONE', #6211, #6598 ) ;
#7541 = EDGE_CURVE ( 'NONE', #4021, #846, #1583, .T. ) ;
#7542 = DIRECTION ( 'NONE',  ( 0.000000000000000000, -1.000000000000000000, 0.000000000000000000 ) ) ;
#7543 = ORIENTED_EDGE ( 'NONE', *, *, #563, .T. ) ;
#7544 = DIRECTION ( 'NONE',  ( -0.000000000000000000, -1.000000000000000000, -0.000000000000000000 ) ) ;
#7545 = EDGE_LOOP ( 'NONE', ( #9104, #2624, #7815, #8693 ) ) ;
#7546 = VERTEX_POINT ( 'NONE', #6633 ) ;
#7547 = EDGE_CURVE ( 'NONE', #5288, #4451, #2187, .T. ) ;
#7548 = VERTEX_POINT ( 'NONE', #706 ) ;
#7549 = VECTOR ( 'NONE', #1148, 1000.000000000000000 ) ;
#7550 = CARTESIAN_POINT ( 'NONE',  ( -0.1249999999999988065, 0.1000000000000002554, -1.500000000000000222 ) ) ;
#7551 = LINE ( 'NONE', #819, #4163 ) ;
#7552 = CARTESIAN_POINT ( 'NONE',  ( 1.250000000000000666, 0.1999999999999999833, 1.100000000000000977 ) ) ;
#7553 = CARTESIAN_POINT ( 'NONE',  ( 2.000000000000000000, 0.1999999999999999833, 0.3750000000000007772 ) ) ;
#7554 = VECTOR ( 'NONE', #6516, 1000.000000000000000 ) ;
#7555 = EDGE_LOOP ( 'NONE', ( #1651, #1587, #4438, #6768 ) ) ;
#7556 = CARTESIAN_POINT ( 'NONE',  ( -0.8749999999999994449, 0.1999999999999999833, 1.500000000000000444 ) ) ;
#7557 = LINE ( 'NONE', #2411, #2585 ) ;
#7558 = CARTESIAN_POINT ( 'NONE',  ( -1.606107883817426973, 0.8000000000000000444, -1.252381742738592152 ) ) ;
#7559 = EDGE_CURVE ( 'NONE', #7579, #3550, #9078, .T. ) ;
#7560 = ORIENTED_EDGE ( 'NONE', *, *, #8881, .F. ) ;
#7561 = CARTESIAN_POINT ( 'NONE',  ( 1.999999999999999112, 0.1000000000000002554, -1.124999999999999334 ) ) ;
#7562 = CARTESIAN_POINT ( 'NONE',  ( 2.000000000000000000, 0.6716990566028313570, -0.1249999999999992506 ) ) ;
#7563 = VECTOR ( 'NONE', #3797, 1000.000000000000000 ) ;
#7564 = MECHANICAL_DESIGN_GEOMETRIC_PRESENTATION_REPRESENTATION (  '', ( #39 ), #7737 ) ;
#7565 = AXIS2_PLACEMENT_3D ( 'NONE', #6401, #6297, #7934 ) ;
#7566 = VERTEX_POINT ( 'NONE', #9124 ) ;
#7567 = ORIENTED_EDGE ( 'NONE', *, *, #450, .F. ) ;
#7568 = VERTEX_POINT ( 'NONE', #3882 ) ;
#7569 = VECTOR ( 'NONE', #741, 1000.000000000000000 ) ;
#7570 = LINE ( 'NONE', #8339, #1378 ) ;
#7571 = ORIENTED_EDGE ( 'NONE', *, *, #1414, .T. ) ;
#7572 = DIRECTION ( 'NONE',  ( 0.000000000000000000, -1.000000000000000000, 0.000000000000000000 ) ) ;
#7573 = EDGE_CURVE ( 'NONE', #4392, #3113, #159, .T. ) ;
#7574 = DIRECTION ( 'NONE',  ( 1.000000000000000000, 0.000000000000000000, -7.885106708985511714E-16 ) ) ;
#7575 = DIRECTION ( 'NONE',  ( 1.000000000000000000, 0.000000000000000000, -0.000000000000000000 ) ) ;
#7576 = VECTOR ( 'NONE', #4792, 1000.000000000000000 ) ;
#7577 = EDGE_CURVE ( 'NONE', #4290, #8618, #1047, .T. ) ;
#7578 = CARTESIAN_POINT ( 'NONE',  ( -0.2499999999999993616, 0.2000000000000000111, 1.225000000000000533 ) ) ;
#7579 = VERTEX_POINT ( 'NONE', #7723 ) ;
#7580 = CARTESIAN_POINT ( 'NONE',  ( 0.000000000000000000, 0.2000000000000000111, 0.000000000000000000 ) ) ;
#7581 = EDGE_LOOP ( 'NONE', ( #4767, #5202, #1584, #8916 ) ) ;
#7582 = ORIENTED_EDGE ( 'NONE', *, *, #3042, .F. ) ;
#7583 = LINE ( 'NONE', #79, #1634 ) ;
#7584 = VECTOR ( 'NONE', #7035, 1000.000000000000000 ) ;
#7585 = FACE_OUTER_BOUND ( 'NONE', #7680, .T. ) ;
#7586 = EDGE_CURVE ( 'NONE', #5384, #7170, #7623, .T. ) ;
#7587 = LINE ( 'NONE', #1656, #8402 ) ;
#7588 = EDGE_CURVE ( 'NONE', #3656, #3293, #938, .T. ) ;
#7589 = DIRECTION ( 'NONE',  ( 1.000000000000000000, -0.000000000000000000, -0.000000000000000000 ) ) ;
#7590 = VECTOR ( 'NONE', #2184, 1000.000000000000000 ) ;
#7591 = CARTESIAN_POINT ( 'NONE',  ( 2.000000000000000000, 0.1000000000000000472, 0.3750000000000007772 ) ) ;
#7592 = EDGE_CURVE ( 'NONE', #8899, #8572, #6979, .T. ) ;
#7593 = PLANE ( 'NONE',  #8335 ) ;
#7594 = ORIENTED_EDGE ( 'NONE', *, *, #792, .F. ) ;
#7595 = DIRECTION ( 'NONE',  ( 0.000000000000000000, 0.000000000000000000, -1.000000000000000000 ) ) ;
#7596 = MECHANICAL_DESIGN_GEOMETRIC_PRESENTATION_REPRESENTATION (  '', ( #3383 ), #3682 ) ;
#7597 = ORIENTED_EDGE ( 'NONE', *, *, #493, .F. ) ;
#7598 = VECTOR ( 'NONE', #9264, 1000.000000000000000 ) ;
#7599 = EDGE_LOOP ( 'NONE', ( #7981, #2841, #8849, #2377 ) ) ;
#7600 = ADVANCED_FACE ( 'NONE', ( #9180 ), #3264, .T. ) ;
#7601 = VERTEX_POINT ( 'NONE', #1790 ) ;
#7602 = CARTESIAN_POINT ( 'NONE',  ( -0.2499999999999993616, 0.04999999999999999584, -1.225000000000000533 ) ) ;
#7603 = VECTOR ( 'NONE', #3920, 1000.000000000000000 ) ;
#7604 = VECTOR ( 'NONE', #2114, 1000.000000000000000 ) ;
#7605 = UNCERTAINTY_MEASURE_WITH_UNIT (LENGTH_MEASURE( 1.000000000000000082E-05 ), #6542, 'distance_accuracy_value', 'NONE');
#7606 = DIRECTION ( 'NONE',  ( -3.942553354492743531E-16, 0.000000000000000000, -1.000000000000000000 ) ) ;
#7607 = DIRECTION ( 'NONE',  ( 0.000000000000000000, 1.000000000000000000, 0.000000000000000000 ) ) ;
#7608 = PLANE ( 'NONE',  #2553 ) ;
#7609 = ORIENTED_EDGE ( 'NONE', *, *, #9127, .F. ) ;
#7610 = LINE ( 'NONE', #5455, #3978 ) ;
#7611 = CIRCLE ( 'NONE', #2142, 0.1250000000000001110 ) ;
#7612 = DIRECTION ( 'NONE',  ( 0.000000000000000000, 0.000000000000000000, -1.000000000000000000 ) ) ;
#7613 = CARTESIAN_POINT ( 'NONE',  ( 0.000000000000000000, 0.1000000000000000056, 0.000000000000000000 ) ) ;
#7614 = CARTESIAN_POINT ( 'NONE',  ( -1.950000000000001066, 0.1000000000000000056, 0.6250000000000007772 ) ) ;
#7615 = ORIENTED_EDGE ( 'NONE', *, *, #7541, .T. ) ;
#7616 = DIRECTION ( 'NONE',  ( -0.000000000000000000, -1.000000000000000000, -0.000000000000000000 ) ) ;
#7617 = CARTESIAN_POINT ( 'NONE',  ( -0.3749999999999994449, 0.1000000000000000056, 1.450000000000000178 ) ) ;
#7618 = DIRECTION ( 'NONE',  ( 0.000000000000000000, 1.000000000000000000, 0.000000000000000000 ) ) ;
#7619 = VECTOR ( 'NONE', #4866, 1000.000000000000000 ) ;
#7620 = ORIENTED_EDGE ( 'NONE', *, *, #511, .T. ) ;
#7621 = DIRECTION ( 'NONE',  ( 1.000000000000000000, 0.000000000000000000, 0.000000000000000000 ) ) ;
#7622 = LINE ( 'NONE', #3069, #3066 ) ;
#7623 = LINE ( 'NONE', #3986, #8861 ) ;
#7624 = ORIENTED_EDGE ( 'NONE', *, *, #2968, .F. ) ;
#7625 = VERTEX_POINT ( 'NONE', #7558 ) ;
#7626 = AXIS2_PLACEMENT_3D ( 'NONE', #6005, #5229, #3804 ) ;
#7627 = DIRECTION ( 'NONE',  ( 1.000000000000000000, 0.000000000000000000, -0.000000000000000000 ) ) ;
#7628 = ORIENTED_EDGE ( 'NONE', *, *, #7446, .F. ) ;
#7629 = CARTESIAN_POINT ( 'NONE',  ( -0.3749999999999994449, 0.1000000000000000472, 1.500000000000000444 ) ) ;
#7630 = CARTESIAN_POINT ( 'NONE',  ( 1.250000000000000666, 0.1999999999999999833, -1.225000000000000533 ) ) ;
#7631 = VECTOR ( 'NONE', #8824, 1000.000000000000000 ) ;
#7632 = DIRECTION ( 'NONE',  ( -0.000000000000000000, 1.000000000000000000, 0.000000000000000000 ) ) ;
#7633 = ORIENTED_EDGE ( 'NONE', *, *, #3589, .F. ) ;
#7634 = LINE ( 'NONE', #900, #6044 ) ;
#7635 = CARTESIAN_POINT ( 'NONE',  ( 0.6250000000000005551, 0.1000000000000000056, 1.450000000000000178 ) ) ;
#7636 = ORIENTED_EDGE ( 'NONE', *, *, #1668, .F. ) ;
#7637 = VERTEX_POINT ( 'NONE', #9576 ) ;
#7638 = ORIENTED_EDGE ( 'NONE', *, *, #1190, .T. ) ;
#7639 = CARTESIAN_POINT ( 'NONE',  ( 1.375000000000001332, 0.1000000000000000056, -1.500000000000000444 ) ) ;
#7640 = DIRECTION ( 'NONE',  ( 1.000000000000000000, 0.000000000000000000, 0.000000000000000000 ) ) ;
#7641 = CARTESIAN_POINT ( 'NONE',  ( -1.725000000000000755, 0.6716990566028313570, 0.6250000000000006661 ) ) ;
#7642 = VECTOR ( 'NONE', #7752, 1000.000000000000000 ) ;
#7643 =( NAMED_UNIT ( * ) PLANE_ANGLE_UNIT ( ) SI_UNIT ( $, .RADIAN. ) );
#7644 = DIRECTION ( 'NONE',  ( 1.000000000000000000, 0.000000000000000000, -7.885106708985511714E-16 ) ) ;
#7645 = LINE ( 'NONE', #8948, #984 ) ;
#7646 = ORIENTED_EDGE ( 'NONE', *, *, #7426, .T. ) ;
#7647 = EDGE_CURVE ( 'NONE', #1110, #8276, #7150, .T. ) ;
#7648 = CARTESIAN_POINT ( 'NONE',  ( 1.950000000000002176, 0.1000000000000000056, -1.450000000000000622 ) ) ;
#7649 = VECTOR ( 'NONE', #8115, 1000.000000000000000 ) ;
#7650 = ORIENTED_EDGE ( 'NONE', *, *, #3223, .F. ) ;
#7651 = ORIENTED_EDGE ( 'NONE', *, *, #2079, .F. ) ;
#7652 = ORIENTED_EDGE ( 'NONE', *, *, #7661, .F. ) ;
#7653 = DIRECTION ( 'NONE',  ( -0.000000000000000000, -1.000000000000000000, -0.000000000000000000 ) ) ;
#7654 = DIRECTION ( 'NONE',  ( 0.000000000000000000, 1.000000000000000000, 0.000000000000000000 ) ) ;
#7655 = LINE ( 'NONE', #3964, #8642 ) ;
#7656 = EDGE_CURVE ( 'NONE', #2885, #7358, #3549, .T. ) ;
#7657 = ORIENTED_EDGE ( 'NONE', *, *, #4176, .T. ) ;
#7658 = DIRECTION ( 'NONE',  ( -1.000000000000000000, 0.000000000000000000, 0.000000000000000000 ) ) ;
#7659 = DIRECTION ( 'NONE',  ( 0.000000000000000000, 0.000000000000000000, -1.000000000000000000 ) ) ;
#7660 = DIRECTION ( 'NONE',  ( 0.000000000000000000, -0.000000000000000000, -1.000000000000000000 ) ) ;
#7661 = EDGE_CURVE ( 'NONE', #9428, #5288, #6877, .T. ) ;
#7662 = EDGE_LOOP ( 'NONE', ( #3905, #6838, #4298, #8837 ) ) ;
#7663 = CARTESIAN_POINT ( 'NONE',  ( 1.725000000000000755, 0.05000000000000023870, -0.3749999999999993339 ) ) ;
#7664 = EDGE_CURVE ( 'NONE', #9525, #7313, #158, .T. ) ;
#7665 = ORIENTED_EDGE ( 'NONE', *, *, #6806, .T. ) ;
#7666 = CARTESIAN_POINT ( 'NONE',  ( -1.950000000000001066, 0.000000000000000000, -0.1249999999999992645 ) ) ;
#7667 = CLOSED_SHELL ( 'NONE', ( #1115, #5748, #8750, #5802, #1965, #8951, #6627, #5010, #534, #3065, #2926, #6437, #5842, #2243, #8891, #5311, #8416, #5413, #7971, #1327, #5294, #2335, #1591, #1779, #6855, #8791, #5418, #221, #8830, #2311, #4178, #3149, #2056, #7536, #1974, #4717, #2854, #5031, #8293, #3594, #3876, #8665, #3421, #1318, #2430, #4291, #6389, #8479, #4190, #991, #8493, #4725, #4286, #443, #5400, #866, #9455, #7172, #1641, #9448, #7275, #8175, #6200, #9524, #581, #9374, #4791, #5320, #5145, #8718, #9024, #9698, #9466, #7751, #6623, #2452, #2088, #5624, #1980, #2673, #2197, #90, #3803, #3932, #8654, #8784, #1870, #9004, #1192, #6544, #2503, #5922, #7411, #271, #2979, #4014, #896, #9071, #1549, #3650, #1474, #3767, #9561, #1239, #4914, #1542, #5258, #3994, #7292, #4324, #1137, #8064, #100, #7956, #114, #6079, #8469, #312, #566, #5512, #5076, #576, #7371, #2372, #4961, #7718, #6989, #4494, #273, #5312, #3810, #4574, #1352, #1770, #4712, #7116, #1259, #2539, #2817, #8583, #1134, #449 ) ) ;
#7668 = EDGE_CURVE ( 'NONE', #3354, #7494, #835, .T. ) ;
#7669 = EDGE_LOOP ( 'NONE', ( #9224, #5757, #9614, #6784 ) ) ;
#7670 = CARTESIAN_POINT ( 'NONE',  ( 0.000000000000000000, 0.05000000000000000278, -1.450000000000000622 ) ) ;
#7671 = DIRECTION ( 'NONE',  ( -1.000000000000000000, 0.000000000000000000, 3.942553354492743531E-16 ) ) ;
#7672 = ORIENTED_EDGE ( 'NONE', *, *, #4316, .F. ) ;
#7673 = VERTEX_POINT ( 'NONE', #5407 ) ;
#7674 = CARTESIAN_POINT ( 'NONE',  ( 1.950000000000002176, 0.1000000000000000056, 0.6250000000000007772 ) ) ;
#7675 = ORIENTED_EDGE ( 'NONE', *, *, #5771, .T. ) ;
#7676 = DIRECTION ( 'NONE',  ( 1.000000000000000000, 0.000000000000000000, -1.577021341797097018E-15 ) ) ;
#7677 = CYLINDRICAL_SURFACE ( 'NONE', #3039, 0.1250000000000001110 ) ;
#7678 = DIRECTION ( 'NONE',  ( -0.000000000000000000, -1.000000000000000000, -0.000000000000000000 ) ) ;
#7679 = DIRECTION ( 'NONE',  ( 0.000000000000000000, 1.000000000000000000, 0.000000000000000000 ) ) ;
#7680 = EDGE_LOOP ( 'NONE', ( #2172, #382, #3858, #7179 ) ) ;
#7681 = CARTESIAN_POINT ( 'NONE',  ( 2.000000000000000000, 0.1999999999999999833, 0.8750000000000007772 ) ) ;
#7682 = LINE ( 'NONE', #4843, #9489 ) ;
#7683 = ORIENTED_EDGE ( 'NONE', *, *, #227, .T. ) ;
#7684 = VERTEX_POINT ( 'NONE', #7721 ) ;
#7685 = CARTESIAN_POINT ( 'NONE',  ( 1.950000000000002176, 0.1000000000000000056, -1.450000000000000622 ) ) ;
#7686 = CARTESIAN_POINT ( 'NONE',  ( 0.000000000000000000, 0.1000000000000000056, 0.000000000000000000 ) ) ;
#7687 = LINE ( 'NONE', #9148, #733 ) ;
#7688 = SURFACE_SIDE_STYLE ('',( #956 ) ) ;
#7689 = DIRECTION ( 'NONE',  ( -1.000000000000000000, 0.000000000000000000, 0.000000000000000000 ) ) ;
#7690 = DIRECTION ( 'NONE',  ( -1.000000000000000000, 0.000000000000000000, 0.000000000000000000 ) ) ;
#7691 = LINE ( 'NONE', #5282, #6774 ) ;
#7692 = EDGE_LOOP ( 'NONE', ( #2478, #3017, #1272, #1748, #9496, #786 ) ) ;
#7693 = DIRECTION ( 'NONE',  ( 0.000000000000000000, 0.000000000000000000, 1.000000000000000000 ) ) ;
#7694 = VECTOR ( 'NONE', #7043, 1000.000000000000000 ) ;
#7695 = VERTEX_POINT ( 'NONE', #3985 ) ;
#7696 = DIRECTION ( 'NONE',  ( 1.000000000000000000, 0.000000000000000000, -0.000000000000000000 ) ) ;
#7697 = ORIENTED_EDGE ( 'NONE', *, *, #5017, .T. ) ;
#7698 = PLANE ( 'NONE',  #7528 ) ;
#7699 = ORIENTED_EDGE ( 'NONE', *, *, #7559, .F. ) ;
#7700 = EDGE_CURVE ( 'NONE', #5478, #1277, #3925, .T. ) ;
#7701 = FACE_OUTER_BOUND ( 'NONE', #4106, .T. ) ;
#7702 = UNCERTAINTY_MEASURE_WITH_UNIT (LENGTH_MEASURE( 1.000000000000000082E-05 ), #5203, 'distance_accuracy_value', 'NONE');
#7703 = CARTESIAN_POINT ( 'NONE',  ( 2.000000000000000888, 0.2000000000000000944, 0.6250000000000005551 ) ) ;
#7704 = DIRECTION ( 'NONE',  ( 0.000000000000000000, 0.000000000000000000, -1.000000000000000000 ) ) ;
#7705 = EDGE_CURVE ( 'NONE', #8465, #1344, #8708, .T. ) ;
#7706 = ORIENTED_EDGE ( 'NONE', *, *, #8869, .T. ) ;
#7707 = LINE ( 'NONE', #2467, #2746 ) ;
#7708 = VECTOR ( 'NONE', #1312, 1000.000000000000000 ) ;
#7709 = CARTESIAN_POINT ( 'NONE',  ( -1.124999999999999112, 0.2000000000000000111, -1.450000000000000622 ) ) ;
#7710 = ORIENTED_EDGE ( 'NONE', *, *, #5363, .T. ) ;
#7711 = DIRECTION ( 'NONE',  ( 1.000000000000000000, 0.000000000000000000, 0.000000000000000000 ) ) ;
#7712 = ADVANCED_FACE ( 'NONE', ( #6978 ), #3263, .F. ) ;
#7713 = EDGE_CURVE ( 'NONE', #6892, #9542, #7227, .T. ) ;
#7714 = VERTEX_POINT ( 'NONE', #9481 ) ;
#7715 = FACE_OUTER_BOUND ( 'NONE', #2808, .T. ) ;
#7716 = DIRECTION ( 'NONE',  ( 0.000000000000000000, 0.000000000000000000, 1.000000000000000000 ) ) ;
#7717 = AXIS2_PLACEMENT_3D ( 'NONE', #2257, #2125, #7363 ) ;
#7718 = ADVANCED_FACE ( 'NONE', ( #3448 ), #3492, .T. ) ;
#7719 =( NAMED_UNIT ( * ) PLANE_ANGLE_UNIT ( ) SI_UNIT ( $, .RADIAN. ) );
#7720 = ORIENTED_EDGE ( 'NONE', *, *, #2812, .T. ) ;
#7721 = CARTESIAN_POINT ( 'NONE',  ( -1.374999999999999556, 0.000000000000000000, -1.450000000000000622 ) ) ;
#7722 = CARTESIAN_POINT ( 'NONE',  ( -0.6249999999999996669, 0.1999999999999999833, 1.225000000000000755 ) ) ;
#7723 = CARTESIAN_POINT ( 'NONE',  ( -1.725000000000000755, 0.2000000000000000944, 0.6250000000000006661 ) ) ;
#7724 = ORIENTED_EDGE ( 'NONE', *, *, #6431, .T. ) ;
#7725 = CARTESIAN_POINT ( 'NONE',  ( -1.725000000000001199, 0.6716990566028313570, -2.168404344971008868E-16 ) ) ;
#7726 = AXIS2_PLACEMENT_3D ( 'NONE', #2451, #6012, #6750 ) ;
#7727 = ORIENTED_EDGE ( 'NONE', *, *, #6121, .T. ) ;
#7728 = CARTESIAN_POINT ( 'NONE',  ( -2.000000000000000888, 0.6716990566028312459, 1.125000000000000666 ) ) ;
#7729 = VECTOR ( 'NONE', #7415, 1000.000000000000000 ) ;
#7730 = EDGE_CURVE ( 'NONE', #3031, #9143, #5653, .T. ) ;
#7731 = DIRECTION ( 'NONE',  ( 0.000000000000000000, -0.000000000000000000, 1.000000000000000000 ) ) ;
#7732 = CARTESIAN_POINT ( 'NONE',  ( -0.3749999999999994449, 0.1000000000000000472, -1.500000000000000444 ) ) ;
#7733 = CARTESIAN_POINT ( 'NONE',  ( -2.000000000000000000, 0.6716990566028313570, 0.3750000000000007772 ) ) ;
#7734 = VECTOR ( 'NONE', #6849, 1000.000000000000000 ) ;
#7735 = ORIENTED_EDGE ( 'NONE', *, *, #3761, .T. ) ;
#7736 = DIRECTION ( 'NONE',  ( 3.469446951953617739E-15, 0.000000000000000000, -1.000000000000000000 ) ) ;
#7737 =( GEOMETRIC_REPRESENTATION_CONTEXT ( 3 ) GLOBAL_UNCERTAINTY_ASSIGNED_CONTEXT ( ( #1521 ) ) GLOBAL_UNIT_ASSIGNED_CONTEXT ( ( #7303, #9499, #6540 ) ) REPRESENTATION_CONTEXT ( 'NONE', 'WORKASPACE' ) );
#7738 = ORIENTED_EDGE ( 'NONE', *, *, #28, .T. ) ;
#7739 = DIRECTION ( 'NONE',  ( -1.000000000000000000, 0.000000000000000000, 1.084202172485504681E-16 ) ) ;
#7740 = ORIENTED_EDGE ( 'NONE', *, *, #4489, .T. ) ;
#7741 = ORIENTED_EDGE ( 'NONE', *, *, #4410, .F. ) ;
#7742 = DIRECTION ( 'NONE',  ( 0.000000000000000000, -1.000000000000000000, 0.000000000000000000 ) ) ;
#7743 = LINE ( 'NONE', #6210, #7416 ) ;
#7744 = VECTOR ( 'NONE', #9451, 1000.000000000000000 ) ;
#7745 = LINE ( 'NONE', #3181, #2858 ) ;
#7746 = VECTOR ( 'NONE', #6092, 1000.000000000000000 ) ;
#7747 = CARTESIAN_POINT ( 'NONE',  ( 0.6250000000000005551, 0.1000000000000000056, 1.450000000000000178 ) ) ;
#7748 = CARTESIAN_POINT ( 'NONE',  ( -1.725000000000001199, 0.1999999999999999833, -1.000000000000000222 ) ) ;
#7749 = ORIENTED_EDGE ( 'NONE', *, *, #1182, .T. ) ;
#7750 = CARTESIAN_POINT ( 'NONE',  ( -1.249999999999999334, 0.000000000000000000, -1.225000000000000533 ) ) ;
#7751 = ADVANCED_FACE ( 'NONE', ( #491 ), #5019, .F. ) ;
#7752 = DIRECTION ( 'NONE',  ( -0.000000000000000000, -1.000000000000000000, -0.000000000000000000 ) ) ;
#7753 = AXIS2_PLACEMENT_3D ( 'NONE', #8551, #6293, #7731 ) ;
#7754 = VERTEX_POINT ( 'NONE', #7283 ) ;
#7755 = AXIS2_PLACEMENT_3D ( 'NONE', #2977, #6988, #2581 ) ;
#7756 = DIRECTION ( 'NONE',  ( -0.000000000000000000, -1.000000000000000000, -0.000000000000000000 ) ) ;
#7757 = ORIENTED_EDGE ( 'NONE', *, *, #6449, .T. ) ;
#7758 = AXIS2_PLACEMENT_3D ( 'NONE', #8167, #2845, #1322 ) ;
#7759 = DIRECTION ( 'NONE',  ( -0.000000000000000000, 0.000000000000000000, -1.000000000000000000 ) ) ;
#7760 = ORIENTED_EDGE ( 'NONE', *, *, #106, .F. ) ;
#7761 = LINE ( 'NONE', #1030, #2416 ) ;
#7762 = AXIS2_PLACEMENT_3D ( 'NONE', #1146, #9332, #5602 ) ;
#7763 = AXIS2_PLACEMENT_3D ( 'NONE', #623, #4366, #7360 ) ;
#7764 = DIRECTION ( 'NONE',  ( 1.000000000000000000, -0.000000000000000000, 1.577021341797097018E-15 ) ) ;
#7765 = VECTOR ( 'NONE', #4127, 1000.000000000000000 ) ;
#7766 = DIRECTION ( 'NONE',  ( 2.551063935260010984E-16, 0.000000000000000000, 1.000000000000000000 ) ) ;
#7767 = VERTEX_POINT ( 'NONE', #3363 ) ;
#7768 = EDGE_CURVE ( 'NONE', #846, #1736, #9385, .T. ) ;
#7769 = ORIENTED_EDGE ( 'NONE', *, *, #7305, .F. ) ;
#7770 = AXIS2_PLACEMENT_3D ( 'NONE', #514, #3513, #6541 ) ;
#7771 = ORIENTED_EDGE ( 'NONE', *, *, #9217, .T. ) ;
#7773 = EDGE_CURVE ( 'NONE', #8265, #5011, #6337, .T. ) ;
#7772 = DIRECTION ( 'NONE',  ( 0.000000000000000000, -1.000000000000000000, 0.000000000000000000 ) ) ;
#7774 = LINE ( 'NONE', #1731, #5226 ) ;
#7775 = VECTOR ( 'NONE', #4897, 1000.000000000000000 ) ;
#7776 = EDGE_CURVE ( 'NONE', #2706, #6786, #5562, .T. ) ;
#7777 = CARTESIAN_POINT ( 'NONE',  ( -2.000000000000000000, 0.1999999999999999833, 0.8750000000000007772 ) ) ;
#7778 = DIRECTION ( 'NONE',  ( 0.000000000000000000, 1.000000000000000000, 0.000000000000000000 ) ) ;
#7779 = ORIENTED_EDGE ( 'NONE', *, *, #5902, .T. ) ;
#7780 = CARTESIAN_POINT ( 'NONE',  ( 1.375000000000000444, 0.1999999999999999833, 1.225000000000000755 ) ) ;
#7781 = CARTESIAN_POINT ( 'NONE',  ( -1.349999999999999867, 0.2000000000000000111, 0.8499999999999999778 ) ) ;
#7782 = ORIENTED_EDGE ( 'NONE', *, *, #8780, .T. ) ;
#7783 = CARTESIAN_POINT ( 'NONE',  ( 1.125000000000000666, 0.2000000000000000111, -1.500000000000000444 ) ) ;
#7784 = CARTESIAN_POINT ( 'NONE',  ( 0.6250000000000009992, 0.2000000000000000111, 1.225000000000000311 ) ) ;
#7785 = AXIS2_PLACEMENT_3D ( 'NONE', #9232, #2521, #8492 ) ;
#7786 = CARTESIAN_POINT ( 'NONE',  ( -1.725000000000001199, 0.6716990566028313570, 0.4999999999999997780 ) ) ;
#7787 = CARTESIAN_POINT ( 'NONE',  ( 0.8750000000000012212, 0.1000000000000000056, 1.500000000000000444 ) ) ;
#7788 = ORIENTED_EDGE ( 'NONE', *, *, #5797, .F. ) ;
#7789 = LINE ( 'NONE', #3457, #369 ) ;
#7790 = EDGE_CURVE ( 'NONE', #6579, #949, #8636, .T. ) ;
#7791 = CIRCLE ( 'NONE', #4657, 0.1249999999999996808 ) ;
#7792 = ORIENTED_EDGE ( 'NONE', *, *, #6271, .T. ) ;
#7793 = LINE ( 'NONE', #9195, #5253 ) ;
#7794 = ORIENTED_EDGE ( 'NONE', *, *, #5797, .T. ) ;
#7795 = CARTESIAN_POINT ( 'NONE',  ( -1.950000000000001066, 0.1000000000000000056, -1.450000000000000622 ) ) ;
#7797 = EDGE_CURVE ( 'NONE', #6635, #1094, #4831, .T. ) ;
#7796 = LINE ( 'NONE', #8414, #1784 ) ;
#7798 = CARTESIAN_POINT ( 'NONE',  ( -0.3749999999999994449, 0.000000000000000000, 1.450000000000000178 ) ) ;
#7799 = EDGE_CURVE ( 'NONE', #2124, #9428, #1099, .T. ) ;
#7800 = AXIS2_PLACEMENT_3D ( 'NONE', #1737, #162, #7627 ) ;
#7801 = DIRECTION ( 'NONE',  ( 0.000000000000000000, 1.000000000000000000, 0.000000000000000000 ) ) ;
#7802 = DIRECTION ( 'NONE',  ( -1.000000000000000000, 0.000000000000000000, 0.000000000000000000 ) ) ;
#7803 = ORIENTED_EDGE ( 'NONE', *, *, #7541, .F. ) ;
#7804 = LINE ( 'NONE', #4018, #9119 ) ;
#7805 = EDGE_CURVE ( 'NONE', #9048, #2930, #7074, .T. ) ;
#7806 = CARTESIAN_POINT ( 'NONE',  ( -0.8749999999999990008, 0.6716990566028301357, 1.225000000000000311 ) ) ;
#7807 = EDGE_LOOP ( 'NONE', ( #2824, #1691, #9510, #2129 ) ) ;
#7808 = ORIENTED_EDGE ( 'NONE', *, *, #2050, .F. ) ;
#7809 = VECTOR ( 'NONE', #1867, 1000.000000000000000 ) ;
#7810 = CARTESIAN_POINT ( 'NONE',  ( -0.6249999999999987788, 0.1000000000000000472, -1.500000000000000444 ) ) ;
#7811 = VERTEX_POINT ( 'NONE', #6430 ) ;
#7812 = CARTESIAN_POINT ( 'NONE',  ( -0.7499999999999993339, 0.2000000000000000111, -1.225000000000000533 ) ) ;
#7813 = DIRECTION ( 'NONE',  ( -0.000000000000000000, -1.000000000000000000, -0.000000000000000000 ) ) ;
#7814 = LINE ( 'NONE', #4080, #7406 ) ;
#7815 = ORIENTED_EDGE ( 'NONE', *, *, #7372, .T. ) ;
#7816 = ORIENTED_EDGE ( 'NONE', *, *, #6819, .T. ) ;
#7817 = DIRECTION ( 'NONE',  ( 0.000000000000000000, -0.000000000000000000, 1.000000000000000000 ) ) ;
#7818 = ORIENTED_EDGE ( 'NONE', *, *, #7538, .F. ) ;
#7819 = FACE_OUTER_BOUND ( 'NONE', #520, .T. ) ;
#7820 = CARTESIAN_POINT ( 'NONE',  ( 1.999999999999999112, 6.599999999999999645, 1.499999999999999556 ) ) ;
#7821 = CARTESIAN_POINT ( 'NONE',  ( -2.000000000000000000, 0.1000000000000000472, -0.6249999999999992228 ) ) ;
#7822 = ORIENTED_EDGE ( 'NONE', *, *, #9679, .F. ) ;
#7823 = CARTESIAN_POINT ( 'NONE',  ( 0.000000000000000000, 0.1000000000000000056, 0.000000000000000000 ) ) ;
#7824 = CARTESIAN_POINT ( 'NONE',  ( 1.725000000000000755, 0.1999999999999999833, 0.6250000000000006661 ) ) ;
#7825 = DIRECTION ( 'NONE',  ( 0.000000000000000000, -1.000000000000000000, 0.000000000000000000 ) ) ;
#7826 = VERTEX_POINT ( 'NONE', #2625 ) ;
#7827 =( NAMED_UNIT ( * ) SI_UNIT ( $, .STERADIAN. ) SOLID_ANGLE_UNIT ( ) );
#7828 = VECTOR ( 'NONE', #1508, 1000.000000000000000 ) ;
#7829 = DIRECTION ( 'NONE',  ( -1.577021341797097018E-15, -0.000000000000000000, 1.000000000000000000 ) ) ;
#7830 = DIRECTION ( 'NONE',  ( 3.469446951953617739E-15, 0.000000000000000000, -1.000000000000000000 ) ) ;
#7831 = EDGE_CURVE ( 'NONE', #3387, #7482, #1150, .T. ) ;
#7832 = LINE ( 'NONE', #45, #3048 ) ;
#7833 = CARTESIAN_POINT ( 'NONE',  ( -1.124999999999999778, 0.2000000000000000111, -1.225000000000000755 ) ) ;
#7834 = LINE ( 'NONE', #1898, #5536 ) ;
#7835 = DIRECTION ( 'NONE',  ( -0.000000000000000000, -1.000000000000000000, -0.000000000000000000 ) ) ;
#7836 = EDGE_CURVE ( 'NONE', #5387, #812, #4920, .T. ) ;
#7837 = ORIENTED_EDGE ( 'NONE', *, *, #5783, .F. ) ;
#7838 = ORIENTED_EDGE ( 'NONE', *, *, #6091, .F. ) ;
#7839 = PLANE ( 'NONE',  #8248 ) ;
#7840 = CARTESIAN_POINT ( 'NONE',  ( 1.950000000000002176, 0.1000000000000000056, 0.6250000000000007772 ) ) ;
#7841 = EDGE_CURVE ( 'NONE', #9361, #8391, #408, .T. ) ;
#7842 = EDGE_CURVE ( 'NONE', #5913, #7086, #1200, .T. ) ;
#7843 = DIRECTION ( 'NONE',  ( 1.577021341797097018E-15, 0.000000000000000000, -1.000000000000000000 ) ) ;
#7844 = FACE_OUTER_BOUND ( 'NONE', #6310, .T. ) ;
#7845 = ORIENTED_EDGE ( 'NONE', *, *, #7797, .F. ) ;
#7846 = LINE ( 'NONE', #7051, #4437 ) ;
#7847 = ADVANCED_FACE ( 'NONE', ( #8919 ), #4478, .F. ) ;
#7848 = CARTESIAN_POINT ( 'NONE',  ( -1.349999999999999867, 0.2000000000000000944, -0.8499999999999999778 ) ) ;
#7849 = VERTEX_POINT ( 'NONE', #3735 ) ;
#7850 = CARTESIAN_POINT ( 'NONE',  ( 1.950000000000002176, 0.04999999999999991257, -1.124999999999999334 ) ) ;
#7851 = ORIENTED_EDGE ( 'NONE', *, *, #6162, .F. ) ;
#7852 = EDGE_CURVE ( 'NONE', #9102, #7496, #6719, .T. ) ;
#7853 = DIRECTION ( 'NONE',  ( -1.000000000000000000, 0.000000000000000000, 0.000000000000000000 ) ) ;
#7854 = PLANE ( 'NONE',  #7382 ) ;
#7855 = EDGE_LOOP ( 'NONE', ( #3799, #2985, #8600, #7364 ) ) ;
#7856 = EDGE_CURVE ( 'NONE', #7181, #3896, #3599, .T. ) ;
#7857 = DIRECTION ( 'NONE',  ( 1.000000000000000000, 0.000000000000000000, -1.577021341797097215E-15 ) ) ;
#7858 = VECTOR ( 'NONE', #4159, 1000.000000000000000 ) ;
#7859 = CARTESIAN_POINT ( 'NONE',  ( -2.000000000000000000, 0.2000000000000000944, -0.6249999999999992228 ) ) ;
#7860 = CARTESIAN_POINT ( 'NONE',  ( -2.000000000000000888, 0.6716990566028313570, -0.8749999999999994449 ) ) ;
#7861 = ORIENTED_EDGE ( 'NONE', *, *, #6517, .T. ) ;
#7862 = ORIENTED_EDGE ( 'NONE', *, *, #6281, .F. ) ;
#7863 = ORIENTED_EDGE ( 'NONE', *, *, #3056, .F. ) ;
#7864 = DIRECTION ( 'NONE',  ( 0.000000000000000000, -1.000000000000000000, 0.000000000000000000 ) ) ;
#7865 = CARTESIAN_POINT ( 'NONE',  ( 0.8750000000000003331, 0.2000000000000000111, 1.225000000000000755 ) ) ;
#7866 = CARTESIAN_POINT ( 'NONE',  ( 1.478457507934773709E-16, 0.05000000000000000278, -0.3749999999999986677 ) ) ;
#7867 = ADVANCED_FACE ( 'NONE', ( #4337 ), #6529, .F. ) ;
#7868 = DIRECTION ( 'NONE',  ( -0.000000000000000000, 0.000000000000000000, -1.000000000000000000 ) ) ;
#7869 = FACE_OUTER_BOUND ( 'NONE', #7523, .T. ) ;
#7870 = ORIENTED_EDGE ( 'NONE', *, *, #6006, .T. ) ;
#7871 = DIRECTION ( 'NONE',  ( -0.000000000000000000, -1.000000000000000000, 0.000000000000000000 ) ) ;
#7872 = LINE ( 'NONE', #5613, #6326 ) ;
#7873 = VECTOR ( 'NONE', #3235, 1000.000000000000000 ) ;
#7874 = ORIENTED_EDGE ( 'NONE', *, *, #3626, .F. ) ;
#7875 = AXIS2_PLACEMENT_3D ( 'NONE', #6381, #4087, #4870 ) ;
#7876 = DIRECTION ( 'NONE',  ( 0.000000000000000000, 0.000000000000000000, 1.000000000000000000 ) ) ;
#7877 = DIRECTION ( 'NONE',  ( -0.000000000000000000, -1.000000000000000000, 0.000000000000000000 ) ) ;
#7878 = PLANE ( 'NONE',  #6852 ) ;
#7879 = VECTOR ( 'NONE', #8727, 1000.000000000000000 ) ;
#7880 = DIRECTION ( 'NONE',  ( 0.000000000000000000, -0.000000000000000000, -1.000000000000000000 ) ) ;
#7881 = EDGE_LOOP ( 'NONE', ( #9083, #6132, #8160, #4466 ) ) ;
#7882 = ORIENTED_EDGE ( 'NONE', *, *, #745, .F. ) ;
#7883 =( NAMED_UNIT ( * ) PLANE_ANGLE_UNIT ( ) SI_UNIT ( $, .RADIAN. ) );
#7884 = PLANE ( 'NONE',  #1522 ) ;
#7885 = CARTESIAN_POINT ( 'NONE',  ( 2.000000000000000000, 0.1999999999999999833, 0.8750000000000007772 ) ) ;
#7886 = FACE_OUTER_BOUND ( 'NONE', #1048, .T. ) ;
#7887 = ADVANCED_FACE ( 'NONE', ( #3644 ), #2087, .F. ) ;
#7888 = VECTOR ( 'NONE', #4167, 1000.000000000000000 ) ;
#7889 = MECHANICAL_DESIGN_GEOMETRIC_PRESENTATION_REPRESENTATION (  '', ( #517 ), #8046 ) ;
#7890 = FACE_OUTER_BOUND ( 'NONE', #2403, .T. ) ;
#7891 = DIRECTION ( 'NONE',  ( 0.000000000000000000, 0.000000000000000000, -1.000000000000000000 ) ) ;
#7892 = ORIENTED_EDGE ( 'NONE', *, *, #6515, .F. ) ;
#7893 = CARTESIAN_POINT ( 'NONE',  ( 1.725000000000000755, 0.6716990566028313570, -0.6250000000000005551 ) ) ;
#7894 = CARTESIAN_POINT ( 'NONE',  ( -2.000000000000000000, 0.6716990566028313570, -1.124999999999999334 ) ) ;
#7895 = ORIENTED_EDGE ( 'NONE', *, *, #8770, .F. ) ;
#7896 = EDGE_CURVE ( 'NONE', #4854, #9653, #5581, .T. ) ;
#7897 = ORIENTED_EDGE ( 'NONE', *, *, #6562, .F. ) ;
#7898 = EDGE_CURVE ( 'NONE', #9441, #7342, #4083, .T. ) ;
#7899 = AXIS2_PLACEMENT_3D ( 'NONE', #9250, #5482, #8464 ) ;
#7900 = CARTESIAN_POINT ( 'NONE',  ( -1.124999999999999778, 0.000000000000000000, -1.225000000000000755 ) ) ;
#7901 = PRESENTATION_LAYER_ASSIGNMENT (  '', '', ( #372 ) ) ;
#7902 = PLANE ( 'NONE',  #8487 ) ;
#7903 = CARTESIAN_POINT ( 'NONE',  ( -0.1500000000000000222, 0.2000000000000000111, -0.8499999999999999778 ) ) ;
#7904 = EDGE_CURVE ( 'NONE', #4392, #1455, #7115, .T. ) ;
#7905 = STYLED_ITEM ( 'NONE', ( #518 ), #3558 ) ;
#7906 = CARTESIAN_POINT ( 'NONE',  ( 1.950000000000002176, 0.1000000000000000056, -1.450000000000000622 ) ) ;
#7907 = AXIS2_PLACEMENT_3D ( 'NONE', #8892, #1408, #3747 ) ;
#7908 = DIRECTION ( 'NONE',  ( -0.000000000000000000, -1.000000000000000000, -0.000000000000000000 ) ) ;
#7909 = AXIS2_PLACEMENT_3D ( 'NONE', #8211, #1500, #8120 ) ;
#7910 = ORIENTED_EDGE ( 'NONE', *, *, #1248, .F. ) ;
#7911 = DIRECTION ( 'NONE',  ( 1.000000000000000000, -0.000000000000000000, -0.000000000000000000 ) ) ;
#7912 = EDGE_CURVE ( 'NONE', #1679, #6347, #5598, .T. ) ;
#7913 = VECTOR ( 'NONE', #7071, 1000.000000000000000 ) ;
#7914 = ORIENTED_EDGE ( 'NONE', *, *, #8123, .T. ) ;
#7915 = DIRECTION ( 'NONE',  ( 0.000000000000000000, -0.000000000000000000, 1.000000000000000000 ) ) ;
#7916 = CARTESIAN_POINT ( 'NONE',  ( 1.725000000000000311, 0.6716990566028312459, 0.9999999999999995559 ) ) ;
#7917 = EDGE_CURVE ( 'NONE', #6313, #1541, #9375, .T. ) ;
#7918 = AXIS2_PLACEMENT_3D ( 'NONE', #2021, #8801, #7992 ) ;
#7919 = EDGE_CURVE ( 'NONE', #7826, #8533, #1425, .T. ) ;
#7920 = AXIS2_PLACEMENT_3D ( 'NONE', #7077, #5023, #9485 ) ;
#7921 = ORIENTED_EDGE ( 'NONE', *, *, #9328, .T. ) ;
#7922 = CARTESIAN_POINT ( 'NONE',  ( 1.125000000000000666, 0.1999999999999999833, -1.500000000000000444 ) ) ;
#7923 = AXIS2_PLACEMENT_3D ( 'NONE', #2692, #8706, #5673 ) ;
#7924 = EDGE_LOOP ( 'NONE', ( #5596, #7317, #2590, #2234 ) ) ;
#7925 = FACE_OUTER_BOUND ( 'NONE', #2876, .T. ) ;
#7926 = CARTESIAN_POINT ( 'NONE',  ( -1.124999999999998890, 0.1999999999999999833, 1.500000000000000444 ) ) ;
#7927 = SURFACE_SIDE_STYLE ('',( #4924 ) ) ;
#7928 = VERTEX_POINT ( 'NONE', #4371 ) ;
#7929 = DIRECTION ( 'NONE',  ( -0.000000000000000000, -1.000000000000000000, -0.000000000000000000 ) ) ;
#7930 = CARTESIAN_POINT ( 'NONE',  ( 0.000000000000000000, 0.1000000000000000056, 0.000000000000000000 ) ) ;
#7931 = ORIENTED_EDGE ( 'NONE', *, *, #516, .F. ) ;
#7932 = AXIS2_PLACEMENT_3D ( 'NONE', #8761, #2848, #5823 ) ;
#7933 = CARTESIAN_POINT ( 'NONE',  ( -0.3749999999999993894, 0.2000000000000000111, 1.450000000000000178 ) ) ;
#7934 = DIRECTION ( 'NONE',  ( 1.577021341797097215E-15, 0.000000000000000000, -1.000000000000000000 ) ) ;
#7935 = PLANE ( 'NONE',  #125 ) ;
#7936 = ORIENTED_EDGE ( 'NONE', *, *, #611, .T. ) ;
#7937 = ORIENTED_EDGE ( 'NONE', *, *, #2269, .F. ) ;
#7938 = DIRECTION ( 'NONE',  ( -1.000000000000000000, 0.000000000000000000, 0.000000000000000000 ) ) ;
#7939 = AXIS2_PLACEMENT_3D ( 'NONE', #475, #2704, #1875 ) ;
#7940 =( LENGTH_UNIT ( ) NAMED_UNIT ( * ) SI_UNIT ( .MILLI., .METRE. ) );
#7941 = AXIS2_PLACEMENT_3D ( 'NONE', #7602, #1671, #3770 ) ;
#7942 = PRESENTATION_STYLE_ASSIGNMENT (( #1952 ) ) ;
#7943 = CARTESIAN_POINT ( 'NONE',  ( 0.000000000000000000, 0.1000000000000000056, 0.000000000000000000 ) ) ;
#7944 = DIRECTION ( 'NONE',  ( -1.000000000000000000, 0.000000000000000000, 0.000000000000000000 ) ) ;
#7945 = AXIS2_PLACEMENT_3D ( 'NONE', #3313, #2330, #6242 ) ;
#7946 = CARTESIAN_POINT ( 'NONE',  ( -0.7499999999999993339, 0.2000000000000000111, -1.225000000000000533 ) ) ;
#7947 = CYLINDRICAL_SURFACE ( 'NONE', #1228, 0.1249999999999996808 ) ;
#7948 = ORIENTED_EDGE ( 'NONE', *, *, #3593, .T. ) ;
#7949 = DIRECTION ( 'NONE',  ( 3.154042683594199163E-15, 0.000000000000000000, 1.000000000000000000 ) ) ;
#7950 = ORIENTED_EDGE ( 'NONE', *, *, #3168, .F. ) ;
#7951 = VERTEX_POINT ( 'NONE', #2170 ) ;
#7952 = FILL_AREA_STYLE_COLOUR ( '', #4276 ) ;
#7953 = ORIENTED_EDGE ( 'NONE', *, *, #7592, .T. ) ;
#7954 = DIRECTION ( 'NONE',  ( 0.000000000000000000, -1.000000000000000000, 0.000000000000000000 ) ) ;
#7955 = EDGE_CURVE ( 'NONE', #3590, #9609, #6843, .T. ) ;
#7956 = ADVANCED_FACE ( 'NONE', ( #6560 ), #6102, .F. ) ;
#7957 = LINE ( 'NONE', #6373, #1016 ) ;
#7958 = CARTESIAN_POINT ( 'NONE',  ( -1.725000000000001199, 0.6716990566028313570, -0.5000000000000002220 ) ) ;
#7959 = VECTOR ( 'NONE', #9128, 1000.000000000000000 ) ;
#7960 = EDGE_LOOP ( 'NONE', ( #9538, #5397, #1950, #5337 ) ) ;
#7961 = CARTESIAN_POINT ( 'NONE',  ( 0.7500000000000006661, 0.000000000000000000, 1.225000000000000533 ) ) ;
#7962 = ORIENTED_EDGE ( 'NONE', *, *, #999, .F. ) ;
#7963 = DIRECTION ( 'NONE',  ( 0.000000000000000000, 0.000000000000000000, -1.000000000000000000 ) ) ;
#7964 = CARTESIAN_POINT ( 'NONE',  ( -1.606107883817426973, 0.6999999999999999556, -1.252381742738592152 ) ) ;
#7965 = AXIS2_PLACEMENT_3D ( 'NONE', #3290, #6266, #4856 ) ;
#7966 = EDGE_CURVE ( 'NONE', #3462, #411, #9182, .T. ) ;
#7967 = ORIENTED_EDGE ( 'NONE', *, *, #8822, .F. ) ;
#7968 = AXIS2_PLACEMENT_3D ( 'NONE', #5764, #2005, #2787 ) ;
#7969 = EDGE_CURVE ( 'NONE', #4331, #5587, #5321, .T. ) ;
#7970 = VERTEX_POINT ( 'NONE', #540 ) ;
#7971 = ADVANCED_FACE ( 'NONE', ( #2816 ), #78, .T. ) ;
#7972 = LINE ( 'NONE', #9536, #2473 ) ;
#7973 = ORIENTED_EDGE ( 'NONE', *, *, #2461, .T. ) ;
#7974 = DIRECTION ( 'NONE',  ( 1.000000000000000000, 0.000000000000000000, -3.942553354492743531E-16 ) ) ;
#7975 = VERTEX_POINT ( 'NONE', #6053 ) ;
#7976 = DIRECTION ( 'NONE',  ( -1.000000000000000000, 0.000000000000000000, 7.885106708985511714E-16 ) ) ;
#7977 = LINE ( 'NONE', #1258, #6466 ) ;
#7978 = CARTESIAN_POINT ( 'NONE',  ( -0.7499999999999993339, 0.1999999999999999833, 1.225000000000000533 ) ) ;
#7979 = DIRECTION ( 'NONE',  ( 0.000000000000000000, -1.000000000000000000, 0.000000000000000000 ) ) ;
#7980 = CARTESIAN_POINT ( 'NONE',  ( -0.6249999999999987788, 0.6716990566028301357, 1.500000000000000444 ) ) ;
#7981 = ORIENTED_EDGE ( 'NONE', *, *, #1424, .T. ) ;
#7982 = ORIENTED_EDGE ( 'NONE', *, *, #5067, .F. ) ;
#7983 = AXIS2_PLACEMENT_3D ( 'NONE', #4009, #2393, #328 ) ;
#7984 = LINE ( 'NONE', #4209, #3781 ) ;
#7985 = CARTESIAN_POINT ( 'NONE',  ( -2.000000000000000888, 0.1000000000000000472, -0.8749999999999994449 ) ) ;
#7986 = LINE ( 'NONE', #5395, #1058 ) ;
#7987 = ORIENTED_EDGE ( 'NONE', *, *, #293, .F. ) ;
#7988 = CARTESIAN_POINT ( 'NONE',  ( 1.950000000000002176, 0.1000000000000000056, -1.450000000000000622 ) ) ;
#7989 = ORIENTED_EDGE ( 'NONE', *, *, #9639, .T. ) ;
#7990 = FACE_OUTER_BOUND ( 'NONE', #1931, .T. ) ;
#7991 = ORIENTED_EDGE ( 'NONE', *, *, #4729, .F. ) ;
#7992 = DIRECTION ( 'NONE',  ( 0.000000000000000000, 0.000000000000000000, -1.000000000000000000 ) ) ;
#7993 = CARTESIAN_POINT ( 'NONE',  ( -2.000000000000000000, 0.6716990566028313570, -0.6249999999999992228 ) ) ;
#7994 = LINE ( 'NONE', #2500, #3075 ) ;
#7995 = DIRECTION ( 'NONE',  ( 0.000000000000000000, 0.000000000000000000, -1.000000000000000000 ) ) ;
#7996 = ORIENTED_EDGE ( 'NONE', *, *, #3224, .T. ) ;
#7997 = PLANE ( 'NONE',  #854 ) ;
#7998 = CARTESIAN_POINT ( 'NONE',  ( -1.124999999999999778, 0.1999999999999999833, 1.225000000000000755 ) ) ;
#7999 = CARTESIAN_POINT ( 'NONE',  ( -2.000000000000000888, 0.6716990566028313570, -0.3749999999999994449 ) ) ;
#8000 = ORIENTED_EDGE ( 'NONE', *, *, #9272, .T. ) ;
#8001 = LINE ( 'NONE', #1883, #1031 ) ;
#8002 = EDGE_CURVE ( 'NONE', #3573, #7006, #3407, .T. ) ;
#8003 = ORIENTED_EDGE ( 'NONE', *, *, #1365, .F. ) ;
#8004 = PLANE ( 'NONE',  #1449 ) ;
#8005 = PLANE ( 'NONE',  #1011 ) ;
#8006 = CARTESIAN_POINT ( 'NONE',  ( -1.725000000000000755, 0.1999999999999999833, -0.6250000000000003331 ) ) ;
#8007 = ORIENTED_EDGE ( 'NONE', *, *, #1289, .F. ) ;
#8008 = AXIS2_PLACEMENT_3D ( 'NONE', #7012, #8470, #4024 ) ;
#8009 = EDGE_CURVE ( 'NONE', #5018, #5858, #7272, .T. ) ;
#8010 = EDGE_CURVE ( 'NONE', #3774, #3094, #2078, .T. ) ;
#8011 = LINE ( 'NONE', #9339, #6048 ) ;
#8012 = ORIENTED_EDGE ( 'NONE', *, *, #3223, .T. ) ;
#8013 = CARTESIAN_POINT ( 'NONE',  ( 1.725000000000000311, 0.05000000000000002359, 0.9999999999999995559 ) ) ;
#8014 = CARTESIAN_POINT ( 'NONE',  ( -2.000000000000000000, 0.6716990566028313570, -0.6249999999999992228 ) ) ;
#8015 = ORIENTED_EDGE ( 'NONE', *, *, #3500, .T. ) ;
#8016 = EDGE_CURVE ( 'NONE', #2414, #9010, #4799, .T. ) ;
#8017 = DIRECTION ( 'NONE',  ( -1.000000000000000000, 0.000000000000000000, 3.942553354492743531E-16 ) ) ;
#8018 = FACE_OUTER_BOUND ( 'NONE', #9456, .T. ) ;
#8019 = CARTESIAN_POINT ( 'NONE',  ( -2.000000000000000888, 0.1000000000000000472, -0.3749999999999994449 ) ) ;
#8020 = EDGE_LOOP ( 'NONE', ( #5042, #7863, #4329, #1403, #2040 ) ) ;
#8021 = EDGE_LOOP ( 'NONE', ( #1024, #8428, #7009, #6153 ) ) ;
#8022 = ADVANCED_FACE ( 'NONE', ( #375 ), #9144, .F. ) ;
#8023 = AXIS2_PLACEMENT_3D ( 'NONE', #2772, #5747, #8734 ) ;
#8024 = FILL_AREA_STYLE ('',( #5036 ) ) ;
#8025 = AXIS2_PLACEMENT_3D ( 'NONE', #9526, #6663, #2955 ) ;
#8026 = SURFACE_SIDE_STYLE ('',( #4161 ) ) ;
#8027 = LINE ( 'NONE', #753, #7708 ) ;
#8028 = DIRECTION ( 'NONE',  ( 0.000000000000000000, -1.000000000000000000, 0.000000000000000000 ) ) ;
#8029 = VECTOR ( 'NONE', #5645, 1000.000000000000000 ) ;
#8030 = ORIENTED_EDGE ( 'NONE', *, *, #923, .T. ) ;
#8031 = DIRECTION ( 'NONE',  ( -1.000000000000000000, 0.000000000000000000, 0.000000000000000000 ) ) ;
#8032 = ORIENTED_EDGE ( 'NONE', *, *, #8257, .F. ) ;
#8033 = LINE ( 'NONE', #1320, #3043 ) ;
#8034 = ORIENTED_EDGE ( 'NONE', *, *, #6378, .F. ) ;
#8035 = CARTESIAN_POINT ( 'NONE',  ( -0.2499999999999993616, 0.2000000000000000111, 1.225000000000000533 ) ) ;
#8036 = LINE ( 'NONE', #7993, #2823 ) ;
#8037 = CARTESIAN_POINT ( 'NONE',  ( 0.000000000000000000, 0.1000000000000000056, 0.000000000000000000 ) ) ;
#8038 = ORIENTED_EDGE ( 'NONE', *, *, #4674, .F. ) ;
#8039 = VECTOR ( 'NONE', #3388, 1000.000000000000000 ) ;
#8040 = DIRECTION ( 'NONE',  ( -1.000000000000000000, 0.000000000000000000, 0.000000000000000000 ) ) ;
#8041 = VECTOR ( 'NONE', #286, 1000.000000000000000 ) ;
#8042 = LINE ( 'NONE', #7399, #6802 ) ;
#8043 = DIRECTION ( 'NONE',  ( 0.000000000000000000, -0.000000000000000000, -1.000000000000000000 ) ) ;
#8044 = FACE_OUTER_BOUND ( 'NONE', #8340, .T. ) ;
#8045 = VECTOR ( 'NONE', #1120, 1000.000000000000000 ) ;
#8046 =( GEOMETRIC_REPRESENTATION_CONTEXT ( 3 ) GLOBAL_UNCERTAINTY_ASSIGNED_CONTEXT ( ( #2999 ) ) GLOBAL_UNIT_ASSIGNED_CONTEXT ( ( #3745, #1406, #5861 ) ) REPRESENTATION_CONTEXT ( 'NONE', 'WORKASPACE' ) );
#8047 = DIRECTION ( 'NONE',  ( 1.000000000000000000, 0.000000000000000000, -7.885106708985511714E-16 ) ) ;
#8048 = EDGE_LOOP ( 'NONE', ( #8034, #2228, #6578, #7203 ) ) ;
#8049 = CARTESIAN_POINT ( 'NONE',  ( -1.950000000000001066, 0.05000000000000000278, 0.3750000000000007216 ) ) ;
#8050 = CARTESIAN_POINT ( 'NONE',  ( -2.000000000000000888, 0.1000000000000002554, 1.500000000000000000 ) ) ;
#8051 = CIRCLE ( 'NONE', #4140, 0.1250000000000000555 ) ;
#8052 = AXIS2_PLACEMENT_3D ( 'NONE', #4094, #6243, #8392 ) ;
#8053 = FACE_OUTER_BOUND ( 'NONE', #4857, .T. ) ;
#8054 = EDGE_CURVE ( 'NONE', #8072, #5885, #1859, .T. ) ;
#8055 = VERTEX_POINT ( 'NONE', #8355 ) ;
#8056 = VECTOR ( 'NONE', #7829, 1000.000000000000000 ) ;
#8057 = PLANE ( 'NONE',  #2304 ) ;
#8058 = VECTOR ( 'NONE', #7911, 1000.000000000000000 ) ;
#8059 = ORIENTED_EDGE ( 'NONE', *, *, #207, .F. ) ;
#8060 = PLANE ( 'NONE',  #4138 ) ;
#8061 = PLANE ( 'NONE',  #230 ) ;
#8062 = VERTEX_POINT ( 'NONE', #7639 ) ;
#8063 = CIRCLE ( 'NONE', #3830, 0.1249999999999996808 ) ;
#8064 = ADVANCED_FACE ( 'NONE', ( #2441 ), #5427, .F. ) ;
#8065 = DIRECTION ( 'NONE',  ( -1.000000000000000000, 0.000000000000000000, 2.551063935260010984E-16 ) ) ;
#8066 = EDGE_CURVE ( 'NONE', #4783, #9631, #4300, .T. ) ;
#8067 = AXIS2_PLACEMENT_3D ( 'NONE', #3268, #5358, #1640 ) ;
#8068 = VECTOR ( 'NONE', #5593, 1000.000000000000000 ) ;
#8069 = FACE_OUTER_BOUND ( 'NONE', #2057, .T. ) ;
#8070 = VERTEX_POINT ( 'NONE', #5353 ) ;
#8071 = ORIENTED_EDGE ( 'NONE', *, *, #2206, .T. ) ;
#8072 = VERTEX_POINT ( 'NONE', #7780 ) ;
#8073 = CARTESIAN_POINT ( 'NONE',  ( 1.125000000000000666, 0.1999999999999999833, -1.500000000000000444 ) ) ;
#8074 = FACE_OUTER_BOUND ( 'NONE', #1727, .T. ) ;
#8075 = VECTOR ( 'NONE', #1628, 1000.000000000000000 ) ;
#8076 = VECTOR ( 'NONE', #2804, 1000.000000000000000 ) ;
#8077 = DIRECTION ( 'NONE',  ( 0.000000000000000000, 0.000000000000000000, 1.000000000000000000 ) ) ;
#8078 = EDGE_CURVE ( 'NONE', #6487, #8507, #890, .T. ) ;
#8079 = DIRECTION ( 'NONE',  ( -1.000000000000000000, 0.000000000000000000, 3.942553354492743531E-16 ) ) ;
#8080 = EDGE_LOOP ( 'NONE', ( #4095, #4509, #1504, #736 ) ) ;
#8081 = CARTESIAN_POINT ( 'NONE',  ( 2.000000000000000000, 0.1000000000000000472, -1.124999999999999334 ) ) ;
#8082 = DIRECTION ( 'NONE',  ( 0.000000000000000000, 1.000000000000000000, 0.000000000000000000 ) ) ;
#8083 = ORIENTED_EDGE ( 'NONE', *, *, #2954, .F. ) ;
#8084 = CARTESIAN_POINT ( 'NONE',  ( -2.000000000000000000, 0.1999999999999999833, 0.3750000000000007772 ) ) ;
#8085 = ORIENTED_EDGE ( 'NONE', *, *, #2939, .F. ) ;
#8086 = DIRECTION ( 'NONE',  ( 1.000000000000000000, 0.000000000000000000, -1.084202172485504681E-16 ) ) ;
#8087 = EDGE_CURVE ( 'NONE', #3521, #4499, #5654, .T. ) ;
#8088 = DIRECTION ( 'NONE',  ( -0.000000000000000000, -1.000000000000000000, -0.000000000000000000 ) ) ;
#8089 = EDGE_CURVE ( 'NONE', #6251, #3478, #4238, .T. ) ;
#8090 = DIRECTION ( 'NONE',  ( -1.000000000000000000, 0.000000000000000000, 0.000000000000000000 ) ) ;
#8091 = ORIENTED_EDGE ( 'NONE', *, *, #1381, .T. ) ;
#8092 = DIRECTION ( 'NONE',  ( -0.000000000000000000, -1.000000000000000000, 0.000000000000000000 ) ) ;
#8093 = VECTOR ( 'NONE', #360, 1000.000000000000000 ) ;
#8094 = EDGE_CURVE ( 'NONE', #6900, #9056, #4922, .T. ) ;
#8095 = DIRECTION ( 'NONE',  ( -0.000000000000000000, -1.000000000000000000, 0.000000000000000000 ) ) ;
#8096 = ORIENTED_EDGE ( 'NONE', *, *, #8183, .T. ) ;
#8097 = DIRECTION ( 'NONE',  ( 0.000000000000000000, -0.000000000000000000, -1.000000000000000000 ) ) ;
#8098 = VERTEX_POINT ( 'NONE', #3552 ) ;
#8099 = VECTOR ( 'NONE', #7285, 1000.000000000000000 ) ;
#8100 = ORIENTED_EDGE ( 'NONE', *, *, #4489, .F. ) ;
#8101 = CARTESIAN_POINT ( 'NONE',  ( 1.725000000000000755, 0.2000000000000000944, -0.1250000000000005551 ) ) ;
#8102 = CARTESIAN_POINT ( 'NONE',  ( -1.374999999999999556, 0.000000000000000000, 1.450000000000000178 ) ) ;
#8103 = VECTOR ( 'NONE', #6432, 1000.000000000000000 ) ;
#8104 = FACE_OUTER_BOUND ( 'NONE', #2994, .T. ) ;
#8105 = ORIENTED_EDGE ( 'NONE', *, *, #3636, .F. ) ;
#8106 = DIRECTION ( 'NONE',  ( 0.000000000000000000, -1.000000000000000000, 0.000000000000000000 ) ) ;
#8107 = DIRECTION ( 'NONE',  ( -1.000000000000000000, 0.000000000000000000, 0.000000000000000000 ) ) ;
#8108 = VECTOR ( 'NONE', #3105, 1000.000000000000000 ) ;
#8109 = DIRECTION ( 'NONE',  ( 1.000000000000000000, 0.000000000000000000, 0.000000000000000000 ) ) ;
#8110 = ORIENTED_EDGE ( 'NONE', *, *, #7256, .F. ) ;
#8111 = LINE ( 'NONE', #1997, #9474 ) ;
#8112 = ORIENTED_EDGE ( 'NONE', *, *, #6671, .F. ) ;
#8113 = LINE ( 'NONE', #1401, #3823 ) ;
#8114 = AXIS2_PLACEMENT_3D ( 'NONE', #703, #6976, #5300 ) ;
#8115 = DIRECTION ( 'NONE',  ( 0.000000000000000000, -1.000000000000000000, 0.000000000000000000 ) ) ;
#8116 = VERTEX_POINT ( 'NONE', #3449 ) ;
#8117 = ORIENTED_EDGE ( 'NONE', *, *, #7410, .T. ) ;
#8118 = ADVANCED_FACE ( 'NONE', ( #9535 ), #8057, .F. ) ;
#8119 = ADVANCED_FACE ( 'NONE', ( #7925 ), #5609, .F. ) ;
#8120 = DIRECTION ( 'NONE',  ( 1.577021341797097018E-15, 0.000000000000000000, -1.000000000000000000 ) ) ;
#8121 = DIRECTION ( 'NONE',  ( 1.000000000000000000, -0.000000000000000000, -0.000000000000000000 ) ) ;
#8122 = LINE ( 'NONE', #4445, #1595 ) ;
#8123 = EDGE_CURVE ( 'NONE', #5694, #8856, #4191, .T. ) ;
#8124 = CARTESIAN_POINT ( 'NONE',  ( -2.000000000000000000, 0.1000000000000000472, 0.3750000000000007772 ) ) ;
#8125 = EDGE_LOOP ( 'NONE', ( #5034, #5044, #7892, #3565 ) ) ;
#8126 = DIRECTION ( 'NONE',  ( 0.000000000000000000, 0.000000000000000000, 1.000000000000000000 ) ) ;
#8127 = ORIENTED_EDGE ( 'NONE', *, *, #5852, .T. ) ;
#8128 = CARTESIAN_POINT ( 'NONE',  ( -0.1500000000000000222, 2.280865204668480750, -0.8499999999999999778 ) ) ;
#8129 = ORIENTED_EDGE ( 'NONE', *, *, #7061, .T. ) ;
#8130 = CARTESIAN_POINT ( 'NONE',  ( -1.374999999999999556, 0.2000000000000000111, -1.500000000000000444 ) ) ;
#8131 = FACE_OUTER_BOUND ( 'NONE', #281, .T. ) ;
#8132 = EDGE_CURVE ( 'NONE', #6146, #539, #4096, .T. ) ;
#8133 = CARTESIAN_POINT ( 'NONE',  ( -2.000000000000000000, 0.6716990566028313570, -0.1249999999999992506 ) ) ;
#8134 = EDGE_CURVE ( 'NONE', #1307, #8444, #3088, .T. ) ;
#8135 = LINE ( 'NONE', #673, #8324 ) ;
#8136 = ORIENTED_EDGE ( 'NONE', *, *, #5091, .T. ) ;
#8137 = DIRECTION ( 'NONE',  ( 0.000000000000000000, 0.000000000000000000, 1.000000000000000000 ) ) ;
#8138 = EDGE_CURVE ( 'NONE', #5288, #8716, #6481, .T. ) ;
#8139 = VERTEX_POINT ( 'NONE', #2919 ) ;
#8140 = DIRECTION ( 'NONE',  ( -1.000000000000000000, 0.000000000000000000, -3.154042683594199163E-15 ) ) ;
#8141 = LINE ( 'NONE', #9478, #1977 ) ;
#8142 = LINE ( 'NONE', #6438, #6479 ) ;
#8143 = EDGE_LOOP ( 'NONE', ( #2511, #3938, #2738, #3339 ) ) ;
#8144 = LINE ( 'NONE', #1574, #2313 ) ;
#8145 = ORIENTED_EDGE ( 'NONE', *, *, #3336, .F. ) ;
#8146 = CARTESIAN_POINT ( 'NONE',  ( 1.950000000000002176, 0.1000000000000000056, -1.450000000000000622 ) ) ;
#8147 = DIRECTION ( 'NONE',  ( 0.000000000000000000, 1.000000000000000000, 0.000000000000000000 ) ) ;
#8148 = CARTESIAN_POINT ( 'NONE',  ( 2.000000000000000888, 0.1000000000000000472, 0.1250000000000005551 ) ) ;
#8149 = ORIENTED_EDGE ( 'NONE', *, *, #4724, .F. ) ;
#8150 = FACE_OUTER_BOUND ( 'NONE', #2476, .T. ) ;
#8151 = EDGE_CURVE ( 'NONE', #8562, #9038, #8395, .T. ) ;
#8152 = VECTOR ( 'NONE', #5489, 1000.000000000000000 ) ;
#8153 = CARTESIAN_POINT ( 'NONE',  ( -0.3749999999999990563, 0.2000000000000000111, 1.225000000000000311 ) ) ;
#8154 = ORIENTED_EDGE ( 'NONE', *, *, #1310, .T. ) ;
#8155 = EDGE_LOOP ( 'NONE', ( #1556, #2904, #3003, #7485, #3755 ) ) ;
#8156 = EDGE_LOOP ( 'NONE', ( #1733, #4948, #9061, #1776 ) ) ;
#8157 = DIRECTION ( 'NONE',  ( 0.000000000000000000, 0.000000000000000000, -1.000000000000000000 ) ) ;
#8158 = CARTESIAN_POINT ( 'NONE',  ( -2.000000000000000000, 0.1999999999999999833, -0.6249999999999992228 ) ) ;
#8159 =( NAMED_UNIT ( * ) PLANE_ANGLE_UNIT ( ) SI_UNIT ( $, .RADIAN. ) );
#8160 = ORIENTED_EDGE ( 'NONE', *, *, #8424, .T. ) ;
#8161 = EDGE_CURVE ( 'NONE', #3158, #8507, #5844, .T. ) ;
#8162 = LINE ( 'NONE', #1456, #1936 ) ;
#8163 = VECTOR ( 'NONE', #2598, 1000.000000000000000 ) ;
#8164 = ORIENTED_EDGE ( 'NONE', *, *, #5024, .T. ) ;
#8165 = DIRECTION ( 'NONE',  ( 0.000000000000000000, -1.000000000000000000, 0.000000000000000000 ) ) ;
#8166 = EDGE_LOOP ( 'NONE', ( #8129, #3198, #4086, #7845 ) ) ;
#8167 = CARTESIAN_POINT ( 'NONE',  ( -1.725000000000001199, 0.6716990566028313570, -2.168404344971008868E-16 ) ) ;
#8168 = CARTESIAN_POINT ( 'NONE',  ( -2.000000000000000000, 0.2000000000000000944, 0.3750000000000007772 ) ) ;
#8169 = DIRECTION ( 'NONE',  ( 1.000000000000000000, 0.000000000000000000, -7.885106708985511714E-16 ) ) ;
#8170 = EDGE_CURVE ( 'NONE', #9178, #4379, #1533, .T. ) ;
#8171 = CARTESIAN_POINT ( 'NONE',  ( -0.1249999999999996808, 0.1000000000000000056, 1.225000000000000755 ) ) ;
#8172 = FACE_OUTER_BOUND ( 'NONE', #3228, .T. ) ;
#8173 = VECTOR ( 'NONE', #583, 1000.000000000000000 ) ;
#8174 = EDGE_LOOP ( 'NONE', ( #6206, #3225, #5814, #8446 ) ) ;
#8175 = ADVANCED_FACE ( 'NONE', ( #7039 ), #322, .F. ) ;
#8176 = CARTESIAN_POINT ( 'NONE',  ( -0.7499999999999993339, 0.1999999999999999833, 1.100000000000000977 ) ) ;
#8177 = EDGE_CURVE ( 'NONE', #5799, #2032, #5473, .T. ) ;
#8178 = VERTEX_POINT ( 'NONE', #276 ) ;
#8179 = CIRCLE ( 'NONE', #37, 0.1249999999999996808 ) ;
#8180 = DIRECTION ( 'NONE',  ( -1.577021341797097215E-15, 0.000000000000000000, -1.000000000000000000 ) ) ;
#8181 = EDGE_CURVE ( 'NONE', #6643, #3894, #3275, .T. ) ;
#8182 = ORIENTED_EDGE ( 'NONE', *, *, #6348, .F. ) ;
#8183 = EDGE_CURVE ( 'NONE', #8062, #629, #4645, .T. ) ;
#8184 = CARTESIAN_POINT ( 'NONE',  ( 0.000000000000000000, 0.1000000000000000056, 0.000000000000000000 ) ) ;
#8185 = VECTOR ( 'NONE', #3385, 1000.000000000000000 ) ;
#8186 = FACE_OUTER_BOUND ( 'NONE', #3952, .T. ) ;
#8187 = DIRECTION ( 'NONE',  ( 3.469446951953617739E-15, 0.000000000000000000, 1.000000000000000000 ) ) ;
#8188 = DIRECTION ( 'NONE',  ( -0.000000000000000000, -1.000000000000000000, -0.000000000000000000 ) ) ;
#8189 = EDGE_CURVE ( 'NONE', #4228, #92, #9241, .T. ) ;
#8190 = COLOUR_RGB ( '',0.7921568627450980005, 0.8196078431372548767, 0.9333333333333333481 ) ;
#8191 = ORIENTED_EDGE ( 'NONE', *, *, #3362, .F. ) ;
#8192 = DIRECTION ( 'NONE',  ( -0.000000000000000000, -1.000000000000000000, -0.000000000000000000 ) ) ;
#8193 = ADVANCED_FACE ( 'NONE', ( #5315 ), #4591, .F. ) ;
#8194 = AXIS2_PLACEMENT_3D ( 'NONE', #9392, #8645, #223 ) ;
#8195 = EDGE_LOOP ( 'NONE', ( #981, #116, #2579, #8316, #5372, #4396 ) ) ;
#8196 = DIRECTION ( 'NONE',  ( 0.000000000000000000, 0.000000000000000000, 1.000000000000000000 ) ) ;
#8197 = EDGE_CURVE ( 'NONE', #187, #2017, #7634, .T. ) ;
#8198 = VECTOR ( 'NONE', #7423, 1000.000000000000000 ) ;
#8199 = VERTEX_POINT ( 'NONE', #171 ) ;
#8200 = FACE_OUTER_BOUND ( 'NONE', #8080, .T. ) ;
#8201 = VECTOR ( 'NONE', #7632, 1000.000000000000000 ) ;
#8202 = VECTOR ( 'NONE', #4735, 1000.000000000000000 ) ;
#8203 = CARTESIAN_POINT ( 'NONE',  ( -1.725000000000000755, 0.2000000000000000944, 1.125000000000000666 ) ) ;
#8204 = VECTOR ( 'NONE', #2324, 1000.000000000000000 ) ;
#8205 = AXIS2_PLACEMENT_3D ( 'NONE', #2097, #9583, #699 ) ;
#8206 = ORIENTED_EDGE ( 'NONE', *, *, #6515, .T. ) ;
#8207 = CARTESIAN_POINT ( 'NONE',  ( 1.950000000000002176, 0.000000000000000000, 1.125000000000000666 ) ) ;
#8208 = EDGE_LOOP ( 'NONE', ( #7189, #8456, #189, #3254 ) ) ;
#8209 = ORIENTED_EDGE ( 'NONE', *, *, #6332, .F. ) ;
#8210 = FACE_OUTER_BOUND ( 'NONE', #4644, .T. ) ;
#8211 = CARTESIAN_POINT ( 'NONE',  ( 1.125000000000000666, 0.6716990566028301357, 1.500000000000000444 ) ) ;
#8212 = LINE ( 'NONE', #5268, #4007 ) ;
#8213 = AXIS2_PLACEMENT_3D ( 'NONE', #2334, #6090, #1739 ) ;
#8214 = ORIENTED_EDGE ( 'NONE', *, *, #3466, .T. ) ;
#8215 = LINE ( 'NONE', #1505, #1303 ) ;
#8216 = EDGE_LOOP ( 'NONE', ( #9413, #5620, #2655, #2561 ) ) ;
#8217 = PLANE ( 'NONE',  #1675 ) ;
#8218 = ORIENTED_EDGE ( 'NONE', *, *, #5305, .T. ) ;
#8219 = STYLED_ITEM ( 'NONE', ( #4764 ), #7094 ) ;
#8220 = CIRCLE ( 'NONE', #3997, 0.1249999999999996808 ) ;
#8221 = CARTESIAN_POINT ( 'NONE',  ( 2.000000000000000888, 0.1000000000000000472, 0.6250000000000005551 ) ) ;
#8222 = CARTESIAN_POINT ( 'NONE',  ( -1.124999999999999778, 0.6716990566028301357, -1.225000000000000755 ) ) ;
#8223 = CARTESIAN_POINT ( 'NONE',  ( -1.606107883817426973, 0.6999999999999999556, -1.099419087136932704 ) ) ;
#8224 = VECTOR ( 'NONE', #7954, 1000.000000000000000 ) ;
#8225 = VECTOR ( 'NONE', #4194, 1000.000000000000000 ) ;
#8226 = CARTESIAN_POINT ( 'NONE',  ( -1.950000000000001066, 0.000000000000000000, -0.5000000000000002220 ) ) ;
#8227 = ORIENTED_EDGE ( 'NONE', *, *, #9577, .T. ) ;
#8228 = CARTESIAN_POINT ( 'NONE',  ( -1.249999999999999334, 0.2000000000000000111, -1.225000000000000533 ) ) ;
#8229 = VERTEX_POINT ( 'NONE', #6147 ) ;
#8230 = VECTOR ( 'NONE', #5262, 1000.000000000000000 ) ;
#8231 = VERTEX_POINT ( 'NONE', #4880 ) ;
#8232 = EDGE_CURVE ( 'NONE', #9256, #1094, #7081, .T. ) ;
#8233 = ADVANCED_FACE ( 'NONE', ( #6352 ), #1943, .T. ) ;
#8234 = DIRECTION ( 'NONE',  ( -0.000000000000000000, -1.000000000000000000, -0.000000000000000000 ) ) ;
#8235 = DIRECTION ( 'NONE',  ( 0.000000000000000000, 1.000000000000000000, -0.000000000000000000 ) ) ;
#8236 = FACE_OUTER_BOUND ( 'NONE', #1470, .T. ) ;
#8237 = CARTESIAN_POINT ( 'NONE',  ( -1.725000000000000755, 0.6716990566028312459, 0.8749999999999996669 ) ) ;
#8238 = EDGE_CURVE ( 'NONE', #5885, #9397, #5711, .T. ) ;
#8239 = VECTOR ( 'NONE', #8047, 1000.000000000000000 ) ;
#8240 = ORIENTED_EDGE ( 'NONE', *, *, #6527, .F. ) ;
#8241 = CARTESIAN_POINT ( 'NONE',  ( 1.250000000000000666, 0.1999999999999999833, 1.225000000000000533 ) ) ;
#8242 = DIRECTION ( 'NONE',  ( 0.000000000000000000, 1.000000000000000000, 0.000000000000000000 ) ) ;
#8243 = VERTEX_POINT ( 'NONE', #4983 ) ;
#8244 = DIRECTION ( 'NONE',  ( -0.000000000000000000, 0.000000000000000000, -1.000000000000000000 ) ) ;
#8245 = DIRECTION ( 'NONE',  ( 0.000000000000000000, 1.000000000000000000, 0.000000000000000000 ) ) ;
#8246 = ADVANCED_FACE ( 'NONE', ( #3503 ), #8217, .F. ) ;
#8247 = PLANE ( 'NONE',  #535 ) ;
#8248 = AXIS2_PLACEMENT_3D ( 'NONE', #7795, #330, #4108 ) ;
#8249 = EDGE_CURVE ( 'NONE', #2242, #1316, #6742, .T. ) ;
#8250 = CARTESIAN_POINT ( 'NONE',  ( -1.950000000000001066, 0.1000000000000000056, -1.450000000000000622 ) ) ;
#8251 = EDGE_CURVE ( 'NONE', #6134, #3753, #3173, .T. ) ;
#8252 = VECTOR ( 'NONE', #2319, 1000.000000000000000 ) ;
#8253 = ORIENTED_EDGE ( 'NONE', *, *, #3692, .T. ) ;
#8254 = ORIENTED_EDGE ( 'NONE', *, *, #7064, .T. ) ;
#8255 = ORIENTED_EDGE ( 'NONE', *, *, #3909, .T. ) ;
#8256 = ORIENTED_EDGE ( 'NONE', *, *, #7656, .F. ) ;
#8257 = EDGE_CURVE ( 'NONE', #8686, #9048, #6151, .T. ) ;
#8258 = DIRECTION ( 'NONE',  ( 0.000000000000000000, -1.000000000000000000, 0.000000000000000000 ) ) ;
#8259 = CARTESIAN_POINT ( 'NONE',  ( 1.725000000000000755, 0.2000000000000000944, -0.6250000000000005551 ) ) ;
#8260 = AXIS2_PLACEMENT_3D ( 'NONE', #5198, #8192, #5894 ) ;
#8261 = DIRECTION ( 'NONE',  ( -1.000000000000000000, 0.000000000000000000, 3.942553354492743531E-16 ) ) ;
#8262 = EDGE_LOOP ( 'NONE', ( #4949, #4157, #1076, #8576, #3091, #5012, #9442, #1992, #8778, #1166, #899, #4548, #3999, #7738, #1890, #1398, #2071, #7467, #3616, #5158, #5652, #7197, #7996, #424, #7822, #6996, #8380, #3191, #1090, #5070, #275, #2633, #610, #9410, #9487, #7782, #9, #9682, #7254, #1990, #2803, #6568, #15, #1596, #1872, #6168, #8888, #4390, #760, #2873, #1458, #8304, #8482, #5454, #8984, #4248, #3098, #2086, #2203, #2015, #6043, #3325, #4998, #6019, #5390, #6284, #9234, #8757, #9418, #7216, #4763, #8668, #4780, #3152, #4113, #4006, #4570, #4539, #9578, #9586, #2379, #7973, #6124, #7242, #8256 ) ) ;
#8263 = EDGE_CURVE ( 'NONE', #21, #6674, #5434, .T. ) ;
#8264 = DIRECTION ( 'NONE',  ( 0.000000000000000000, 1.000000000000000000, 0.000000000000000000 ) ) ;
#8265 = VERTEX_POINT ( 'NONE', #8561 ) ;
#8266 = ORIENTED_EDGE ( 'NONE', *, *, #8306, .F. ) ;
#8267 = AXIS2_PLACEMENT_3D ( 'NONE', #2268, #4982, #1526 ) ;
#8268 = ORIENTED_EDGE ( 'NONE', *, *, #6212, .T. ) ;
#8269 = VECTOR ( 'NONE', #8835, 1000.000000000000000 ) ;
#8270 = LINE ( 'NONE', #8859, #1716 ) ;
#8271 = CARTESIAN_POINT ( 'NONE',  ( -1.725000000000000755, 0.6716990566028313570, 0.1250000000000006661 ) ) ;
#8272 = CARTESIAN_POINT ( 'NONE',  ( 0.000000000000000000, 0.1000000000000000056, 0.000000000000000000 ) ) ;
#8273 = ORIENTED_EDGE ( 'NONE', *, *, #8078, .T. ) ;
#8274 = DIRECTION ( 'NONE',  ( 1.577021341797097215E-15, 0.000000000000000000, -1.000000000000000000 ) ) ;
#8275 = EDGE_CURVE ( 'NONE', #2124, #7811, #7791, .T. ) ;
#8276 = VERTEX_POINT ( 'NONE', #9349 ) ;
#8277 = EDGE_LOOP ( 'NONE', ( #2202, #3727, #5683, #4936 ) ) ;
#8278 = ORIENTED_EDGE ( 'NONE', *, *, #1488, .T. ) ;
#8279 = CARTESIAN_POINT ( 'NONE',  ( -0.8749999999999990008, 0.2000000000000000111, -1.225000000000000311 ) ) ;
#8280 = UNCERTAINTY_MEASURE_WITH_UNIT (LENGTH_MEASURE( 1.000000000000000082E-05 ), #1810, 'distance_accuracy_value', 'NONE');
#8281 = DIRECTION ( 'NONE',  ( 3.154042683594199163E-15, -0.000000000000000000, 1.000000000000000000 ) ) ;
#8282 = CARTESIAN_POINT ( 'NONE',  ( -1.725000000000001199, 0.1999999999999999833, -0.5000000000000002220 ) ) ;
#8283 = CARTESIAN_POINT ( 'NONE',  ( 1.725000000000000755, 0.6716990566028313570, -0.3749999999999993339 ) ) ;
#8284 = VERTEX_POINT ( 'NONE', #1263 ) ;
#8285 = LINE ( 'NONE', #3641, #5279 ) ;
#8286 = EDGE_CURVE ( 'NONE', #6344, #9361, #4934, .T. ) ;
#8287 = EDGE_LOOP ( 'NONE', ( #6880, #5138, #7021, #14, #454 ) ) ;
#8288 = LINE ( 'NONE', #9173, #2136 ) ;
#8290 = EDGE_CURVE ( 'NONE', #2776, #3640, #3508, .T. ) ;
#8289 = CARTESIAN_POINT ( 'NONE',  ( -0.1500000000000000222, 0.2000000000000000111, 0.8499999999999999778 ) ) ;
#8291 = EDGE_CURVE ( 'NONE', #8116, #1568, #2788, .T. ) ;
#8292 = DIRECTION ( 'NONE',  ( 0.000000000000000000, -1.000000000000000000, 0.000000000000000000 ) ) ;
#8293 = ADVANCED_FACE ( 'NONE', ( #2054 ), #5032, .T. ) ;
#8294 = ORIENTED_EDGE ( 'NONE', *, *, #9533, .F. ) ;
#8295 = VERTEX_POINT ( 'NONE', #1128 ) ;
#8296 = EDGE_LOOP ( 'NONE', ( #6850, #1083, #385, #4884 ) ) ;
#8297 = ORIENTED_EDGE ( 'NONE', *, *, #3168, .T. ) ;
#8298 = CARTESIAN_POINT ( 'NONE',  ( -1.725000000000000755, 0.2000000000000000944, -0.8749999999999993339 ) ) ;
#8299 = EDGE_CURVE ( 'NONE', #1415, #5224, #2608, .T. ) ;
#8300 = PLANE ( 'NONE',  #4760 ) ;
#8301 = CARTESIAN_POINT ( 'NONE',  ( 0.5999999999999996447, 0.000000000000000000, -0.8500000000000001998 ) ) ;
#8302 = MECHANICAL_DESIGN_GEOMETRIC_PRESENTATION_REPRESENTATION (  '', ( #1904 ), #3464 ) ;
#8303 = DIRECTION ( 'NONE',  ( 0.000000000000000000, -1.000000000000000000, 0.000000000000000000 ) ) ;
#8304 = ORIENTED_EDGE ( 'NONE', *, *, #4227, .T. ) ;
#8305 = CARTESIAN_POINT ( 'NONE',  ( 2.000000000000000000, 0.1999999999999999833, 0.3750000000000007772 ) ) ;
#8306 = EDGE_CURVE ( 'NONE', #4331, #6347, #4121, .T. ) ;
#8307 = VERTEX_POINT ( 'NONE', #4625 ) ;
#8308 = ORIENTED_EDGE ( 'NONE', *, *, #8066, .T. ) ;
#8309 = DIRECTION ( 'NONE',  ( 1.000000000000000000, -0.000000000000000000, 3.942553354492743531E-16 ) ) ;
#8310 = CARTESIAN_POINT ( 'NONE',  ( 1.375000000000001332, 0.1999999999999999833, 1.500000000000000444 ) ) ;
#8311 = PLANE ( 'NONE',  #2844 ) ;
#8312 = CARTESIAN_POINT ( 'NONE',  ( 1.725000000000000755, 0.2000000000000000944, 0.3749999999999994449 ) ) ;
#8313 = DIRECTION ( 'NONE',  ( 0.000000000000000000, -1.000000000000000000, 0.000000000000000000 ) ) ;
#8314 = EDGE_LOOP ( 'NONE', ( #2295, #91, #2770, #7699, #9340, #1457 ) ) ;
#8315 = DIRECTION ( 'NONE',  ( 1.000000000000000000, 0.000000000000000000, -0.000000000000000000 ) ) ;
#8316 = ORIENTED_EDGE ( 'NONE', *, *, #5347, .T. ) ;
#8317 = ORIENTED_EDGE ( 'NONE', *, *, #7446, .T. ) ;
#8318 = FACE_OUTER_BOUND ( 'NONE', #7599, .T. ) ;
#8319 = ORIENTED_EDGE ( 'NONE', *, *, #1430, .T. ) ;
#8320 = VECTOR ( 'NONE', #1097, 1000.000000000000000 ) ;
#8321 = LINE ( 'NONE', #8279, #4957 ) ;
#8322 = DIRECTION ( 'NONE',  ( -1.577021341797097215E-15, 0.000000000000000000, -1.000000000000000000 ) ) ;
#8323 = LINE ( 'NONE', #302, #967 ) ;
#8324 = VECTOR ( 'NONE', #7455, 1000.000000000000000 ) ;
#8325 = ORIENTED_EDGE ( 'NONE', *, *, #3564, .F. ) ;
#8326 = CARTESIAN_POINT ( 'NONE',  ( 1.250000000000000666, 0.000000000000000000, 1.225000000000000533 ) ) ;
#8327 = CARTESIAN_POINT ( 'NONE',  ( -1.374999999999999556, 0.1000000000000000472, 1.500000000000000444 ) ) ;
#8328 = DIRECTION ( 'NONE',  ( -1.577021341797097215E-15, 0.000000000000000000, -1.000000000000000000 ) ) ;
#8329 = EDGE_LOOP ( 'NONE', ( #2186, #3525, #9553, #6828, #2421, #3919 ) ) ;
#8330 = CARTESIAN_POINT ( 'NONE',  ( 1.725000000000000755, 0.6716990566028313570, 0.1250000000000006661 ) ) ;
#8331 = DIRECTION ( 'NONE',  ( 0.000000000000000000, -0.000000000000000000, 1.000000000000000000 ) ) ;
#8332 = AXIS2_PLACEMENT_3D ( 'NONE', #901, #6888, #2244 ) ;
#8333 = EDGE_CURVE ( 'NONE', #4808, #1247, #3112, .T. ) ;
#8334 = CIRCLE ( 'NONE', #3026, 0.1529626556016593086 ) ;
#8335 = AXIS2_PLACEMENT_3D ( 'NONE', #5436, #2350, #3857 ) ;
#8336 = ORIENTED_EDGE ( 'NONE', *, *, #3710, .T. ) ;
#8337 = VERTEX_POINT ( 'NONE', #7614 ) ;
#8338 = ORIENTED_EDGE ( 'NONE', *, *, #784, .F. ) ;
#8339 = CARTESIAN_POINT ( 'NONE',  ( 9.856383386231954970E-17, 0.05000000000000000278, -0.1250000000000008049 ) ) ;
#8340 = EDGE_LOOP ( 'NONE', ( #4703, #2754, #1337, #849, #5329, #2931 ) ) ;
#8341 = CARTESIAN_POINT ( 'NONE',  ( -1.249999999999999334, 0.2000000000000000111, -1.225000000000000533 ) ) ;
#8342 = LINE ( 'NONE', #1643, #8198 ) ;
#8343 = CARTESIAN_POINT ( 'NONE',  ( -0.8749999999999994449, 0.1000000000000000056, 1.450000000000000178 ) ) ;
#8344 = EDGE_CURVE ( 'NONE', #3527, #4750, #5537, .T. ) ;
#8345 = DIRECTION ( 'NONE',  ( -1.577021341797097018E-15, 0.000000000000000000, -1.000000000000000000 ) ) ;
#8346 = VECTOR ( 'NONE', #5662, 1000.000000000000000 ) ;
#8347 =( NAMED_UNIT ( * ) SI_UNIT ( $, .STERADIAN. ) SOLID_ANGLE_UNIT ( ) );
#8348 = AXIS2_PLACEMENT_3D ( 'NONE', #1915, #7612, #879 ) ;
#8349 = ORIENTED_EDGE ( 'NONE', *, *, #757, .F. ) ;
#8350 = DIRECTION ( 'NONE',  ( 3.942553354492743531E-16, 0.000000000000000000, -1.000000000000000000 ) ) ;
#8351 = DIRECTION ( 'NONE',  ( -1.000000000000000000, 0.000000000000000000, 7.885106708985511714E-16 ) ) ;
#8352 = ORIENTED_EDGE ( 'NONE', *, *, #1729, .T. ) ;
#8353 = VERTEX_POINT ( 'NONE', #8578 ) ;
#8354 = VERTEX_POINT ( 'NONE', #7056 ) ;
#8355 = CARTESIAN_POINT ( 'NONE',  ( 1.725000000000000755, 0.2000000000000000944, -0.3749999999999993339 ) ) ;
#8356 = CARTESIAN_POINT ( 'NONE',  ( 0.5999999999999996447, 0.2000000000000000111, -0.8500000000000001998 ) ) ;
#8357 = LINE ( 'NONE', #6104, #3145 ) ;
#8358 = CARTESIAN_POINT ( 'NONE',  ( -0.3749999999999990563, 0.6716990566028301357, -1.225000000000000311 ) ) ;
#8359 = SURFACE_SIDE_STYLE ('',( #9099 ) ) ;
#8360 = AXIS2_PLACEMENT_3D ( 'NONE', #5763, #5936, #6718 ) ;
#8361 = DIRECTION ( 'NONE',  ( 7.885106708985511714E-16, -0.000000000000000000, 1.000000000000000000 ) ) ;
#8362 = EDGE_CURVE ( 'NONE', #7185, #1541, #880, .T. ) ;
#8363 = CARTESIAN_POINT ( 'NONE',  ( -2.000000000000000888, 0.2000000000000000944, 0.1250000000000005551 ) ) ;
#8364 = ORIENTED_EDGE ( 'NONE', *, *, #7661, .T. ) ;
#8365 = PLANE ( 'NONE',  #5973 ) ;
#8366 = EDGE_CURVE ( 'NONE', #3491, #3462, #9503, .T. ) ;
#8367 = VECTOR ( 'NONE', #9039, 1000.000000000000000 ) ;
#8368 = ORIENTED_EDGE ( 'NONE', *, *, #7457, .T. ) ;
#8369 = VECTOR ( 'NONE', #7813, 1000.000000000000000 ) ;
#8370 = VERTEX_POINT ( 'NONE', #9367 ) ;
#8371 = EDGE_CURVE ( 'NONE', #9676, #7566, #2656, .T. ) ;
#8372 = ORIENTED_EDGE ( 'NONE', *, *, #4019, .F. ) ;
#8373 = EDGE_CURVE ( 'NONE', #8276, #1497, #4900, .T. ) ;
#8374 = CARTESIAN_POINT ( 'NONE',  ( -0.1249999999999996808, 0.6716990566028301357, -1.225000000000000755 ) ) ;
#8375 = PRESENTATION_LAYER_ASSIGNMENT (  '', '', ( #8845 ) ) ;
#8376 = UNCERTAINTY_MEASURE_WITH_UNIT (LENGTH_MEASURE( 1.000000000000000082E-05 ), #5182, 'distance_accuracy_value', 'NONE');
#8377 = CARTESIAN_POINT ( 'NONE',  ( 1.374999999999996447, 0.05000000000000000278, -4.336808689942012214E-15 ) ) ;
#8378 = CARTESIAN_POINT ( 'NONE',  ( -0.1500000000000000222, 0.2000000000000000111, -0.8499999999999999778 ) ) ;
#8379 = CARTESIAN_POINT ( 'NONE',  ( 1.725000000000000311, 0.6716990566028313570, -0.5000000000000004441 ) ) ;
#8380 = ORIENTED_EDGE ( 'NONE', *, *, #6790, .T. ) ;
#8381 = MECHANICAL_DESIGN_GEOMETRIC_PRESENTATION_REPRESENTATION (  '', ( #404 ), #2447 ) ;
#8382 = CARTESIAN_POINT ( 'NONE',  ( 0.7500000000000006661, 0.2000000000000000111, 1.225000000000000533 ) ) ;
#8383 = VECTOR ( 'NONE', #6467, 1000.000000000000000 ) ;
#8384 = ORIENTED_EDGE ( 'NONE', *, *, #1416, .F. ) ;
#8385 = DIRECTION ( 'NONE',  ( 3.154042683594199163E-15, -0.000000000000000000, 1.000000000000000000 ) ) ;
#8386 = FACE_OUTER_BOUND ( 'NONE', #7390, .T. ) ;
#8387 = CARTESIAN_POINT ( 'NONE',  ( 1.375000000000001332, 0.1999999999999999833, -1.500000000000000444 ) ) ;
#8388 = VECTOR ( 'NONE', #4041, 1000.000000000000000 ) ;
#8389 = DIRECTION ( 'NONE',  ( 1.000000000000000000, -0.000000000000000000, -0.000000000000000000 ) ) ;
#8390 = FILL_AREA_STYLE_COLOUR ( '', #4050 ) ;
#8391 = VERTEX_POINT ( 'NONE', #4171 ) ;
#8392 = DIRECTION ( 'NONE',  ( 0.000000000000000000, -0.000000000000000000, 1.000000000000000000 ) ) ;
#8393 = ORIENTED_EDGE ( 'NONE', *, *, #3355, .T. ) ;
#8394 = ORIENTED_EDGE ( 'NONE', *, *, #7573, .F. ) ;
#8395 = CIRCLE ( 'NONE', #101, 0.1249999999999996808 ) ;
#8396 = CARTESIAN_POINT ( 'NONE',  ( 2.000000000000000888, 0.1999999999999999833, 0.6250000000000005551 ) ) ;
#8397 = ORIENTED_EDGE ( 'NONE', *, *, #8534, .F. ) ;
#8398 = DIRECTION ( 'NONE',  ( 0.000000000000000000, 1.000000000000000000, 0.000000000000000000 ) ) ;
#8399 = DIRECTION ( 'NONE',  ( -1.000000000000000000, 0.000000000000000000, -3.942553354492743531E-16 ) ) ;
#8400 = CARTESIAN_POINT ( 'NONE',  ( -0.3749999999999993894, 0.2000000000000000111, -1.450000000000000622 ) ) ;
#8401 = CARTESIAN_POINT ( 'NONE',  ( 1.725000000000000755, 0.6716990566028313570, -1.125000000000000666 ) ) ;
#8402 = VECTOR ( 'NONE', #7451, 1000.000000000000000 ) ;
#8403 = CARTESIAN_POINT ( 'NONE',  ( -1.950000000000001066, 0.6716990566028312459, 0.8750000000000007772 ) ) ;
#8404 = VERTEX_POINT ( 'NONE', #7159 ) ;
#8405 = LINE ( 'NONE', #4646, #3188 ) ;
#8406 = ORIENTED_EDGE ( 'NONE', *, *, #9266, .F. ) ;
#8407 = EDGE_CURVE ( 'NONE', #1495, #1412, #6369, .T. ) ;
#8408 = ORIENTED_EDGE ( 'NONE', *, *, #7344, .F. ) ;
#8409 = ADVANCED_FACE ( 'NONE', ( #2249 ), #2207, .F. ) ;
#8410 = ORIENTED_EDGE ( 'NONE', *, *, #8601, .F. ) ;
#8411 = CARTESIAN_POINT ( 'NONE',  ( 1.950000000000002176, 0.1000000000000000056, -1.450000000000000622 ) ) ;
#8412 = PLANE ( 'NONE',  #3096 ) ;
#8413 = VECTOR ( 'NONE', #3775, 1000.000000000000000 ) ;
#8414 = CARTESIAN_POINT ( 'NONE',  ( 1.375000000000000444, 0.1000000000000000472, 1.225000000000000755 ) ) ;
#8415 = CARTESIAN_POINT ( 'NONE',  ( -0.3749999999999993894, 0.6716990566028301357, -1.450000000000000622 ) ) ;
#8416 = ADVANCED_FACE ( 'NONE', ( #5278 ), #1560, .T. ) ;
#8417 = LINE ( 'NONE', #1816, #4734 ) ;
#8418 = LINE ( 'NONE', #3762, #1314 ) ;
#8419 = ORIENTED_EDGE ( 'NONE', *, *, #8138, .T. ) ;
#8420 = CARTESIAN_POINT ( 'NONE',  ( -2.000000000000000888, 0.8000000000000020428, 1.500000000000000000 ) ) ;
#8421 = VECTOR ( 'NONE', #8850, 1000.000000000000000 ) ;
#8422 = EDGE_LOOP ( 'NONE', ( #7270, #1676, #5943, #1639 ) ) ;
#8423 = DIRECTION ( 'NONE',  ( 0.000000000000000000, -0.000000000000000000, 1.000000000000000000 ) ) ;
#8424 = EDGE_CURVE ( 'NONE', #9651, #3315, #4457, .T. ) ;
#8425 = VERTEX_POINT ( 'NONE', #132 ) ;
#8426 = EDGE_CURVE ( 'NONE', #9361, #7259, #7587, .T. ) ;
#8427 = CARTESIAN_POINT ( 'NONE',  ( -1.374999999999999112, 0.6716990566028301357, 1.225000000000000311 ) ) ;
#8428 = ORIENTED_EDGE ( 'NONE', *, *, #9031, .T. ) ;
#8429 = DIRECTION ( 'NONE',  ( 1.000000000000000000, 0.000000000000000000, -1.577021341797097018E-15 ) ) ;
#8430 = EDGE_CURVE ( 'NONE', #1283, #6722, #4506, .T. ) ;
#8431 = CARTESIAN_POINT ( 'NONE',  ( 1.725000000000000755, 0.05000000000000023870, 1.125000000000000666 ) ) ;
#8432 = CYLINDRICAL_SURFACE ( 'NONE', #6451, 0.1250000000000001110 ) ;
#8433 = ORIENTED_EDGE ( 'NONE', *, *, #9088, .F. ) ;
#8434 = LINE ( 'NONE', #1677, #59 ) ;
#8435 = EDGE_CURVE ( 'NONE', #3411, #1922, #2011, .T. ) ;
#8436 = DIRECTION ( 'NONE',  ( 0.000000000000000000, -1.000000000000000000, 0.000000000000000000 ) ) ;
#8437 = ORIENTED_EDGE ( 'NONE', *, *, #7195, .T. ) ;
#8438 =( NAMED_UNIT ( * ) PLANE_ANGLE_UNIT ( ) SI_UNIT ( $, .RADIAN. ) );
#8439 = FACE_OUTER_BOUND ( 'NONE', #6698, .T. ) ;
#8440 = DIRECTION ( 'NONE',  ( -0.000000000000000000, -1.000000000000000000, 0.000000000000000000 ) ) ;
#8441 = VECTOR ( 'NONE', #3802, 1000.000000000000000 ) ;
#8442 = ORIENTED_EDGE ( 'NONE', *, *, #7705, .F. ) ;
#8443 = DIRECTION ( 'NONE',  ( 0.000000000000000000, 1.000000000000000000, 0.000000000000000000 ) ) ;
#8444 = VERTEX_POINT ( 'NONE', #2946 ) ;
#8445 = DIRECTION ( 'NONE',  ( 3.942553354492743531E-16, 0.000000000000000000, -1.000000000000000000 ) ) ;
#8446 = ORIENTED_EDGE ( 'NONE', *, *, #8132, .T. ) ;
#8447 = CYLINDRICAL_SURFACE ( 'NONE', #8213, 0.1250000000000001110 ) ;
#8448 = CARTESIAN_POINT ( 'NONE',  ( -1.725000000000000755, 0.000000000000000000, -0.1250000000000003331 ) ) ;
#8449 = EDGE_CURVE ( 'NONE', #9398, #6183, #668, .T. ) ;
#8450 = FACE_OUTER_BOUND ( 'NONE', #5477, .T. ) ;
#8451 = VERTEX_POINT ( 'NONE', #6056 ) ;
#8452 = CARTESIAN_POINT ( 'NONE',  ( -1.950000000000001066, 0.000000000000000000, 0.4999999999999997780 ) ) ;
#8453 = FACE_OUTER_BOUND ( 'NONE', #1828, .T. ) ;
#8454 = VERTEX_POINT ( 'NONE', #3671 ) ;
#8455 = LINE ( 'NONE', #1747, #9013 ) ;
#8456 = ORIENTED_EDGE ( 'NONE', *, *, #17, .T. ) ;
#8457 = EDGE_LOOP ( 'NONE', ( #362, #2398, #280, #7727 ) ) ;
#8458 = FACE_OUTER_BOUND ( 'NONE', #9246, .T. ) ;
#8459 = CARTESIAN_POINT ( 'NONE',  ( -0.1249999999999992506, 0.05000000000000000278, 1.450000000000000178 ) ) ;
#8460 = DIRECTION ( 'NONE',  ( -0.000000000000000000, -1.000000000000000000, -0.000000000000000000 ) ) ;
#8461 = DIRECTION ( 'NONE',  ( 1.000000000000000000, 0.000000000000000000, 7.885106708985511714E-16 ) ) ;
#8462 = EDGE_CURVE ( 'NONE', #9215, #5459, #7539, .T. ) ;
#8463 = DIRECTION ( 'NONE',  ( 0.000000000000000000, -0.000000000000000000, -1.000000000000000000 ) ) ;
#8464 = DIRECTION ( 'NONE',  ( 0.000000000000000000, 0.000000000000000000, 1.000000000000000000 ) ) ;
#8465 = VERTEX_POINT ( 'NONE', #6105 ) ;
#8466 = DIRECTION ( 'NONE',  ( 0.000000000000000000, 0.000000000000000000, 1.000000000000000000 ) ) ;
#8467 = EDGE_LOOP ( 'NONE', ( #6396, #1772, #9093, #1008 ) ) ;
#8468 = ORIENTED_EDGE ( 'NONE', *, *, #8426, .F. ) ;
#8469 = ADVANCED_FACE ( 'NONE', ( #7499 ), #803, .T. ) ;
#8470 = DIRECTION ( 'NONE',  ( 0.000000000000000000, -1.000000000000000000, 0.000000000000000000 ) ) ;
#8471 = ORIENTED_EDGE ( 'NONE', *, *, #5900, .T. ) ;
#8472 = DIRECTION ( 'NONE',  ( 0.000000000000000000, -1.000000000000000000, 0.000000000000000000 ) ) ;
#8473 = EDGE_CURVE ( 'NONE', #1064, #3094, #1603, .T. ) ;
#8474 = EDGE_CURVE ( 'NONE', #5117, #8465, #6652, .T. ) ;
#8475 = CARTESIAN_POINT ( 'NONE',  ( 0.6250000000000005551, 0.6716990566028301357, 1.500000000000000444 ) ) ;
#8476 = CARTESIAN_POINT ( 'NONE',  ( -1.725000000000000755, 0.2000000000000000944, -0.8749999999999993339 ) ) ;
#8477 = ORIENTED_EDGE ( 'NONE', *, *, #6859, .T. ) ;
#8478 = VECTOR ( 'NONE', #565, 1000.000000000000000 ) ;
#8479 = ADVANCED_FACE ( 'NONE', ( #179 ), #5480, .T. ) ;
#8480 = EDGE_LOOP ( 'NONE', ( #953, #4134, #823, #6042 ) ) ;
#8481 = DIRECTION ( 'NONE',  ( 0.000000000000000000, 0.000000000000000000, 1.000000000000000000 ) ) ;
#8482 = ORIENTED_EDGE ( 'NONE', *, *, #8251, .F. ) ;
#8483 = CARTESIAN_POINT ( 'NONE',  ( -1.950000000000001066, 0.1000000000000000056, 1.125000000000000444 ) ) ;
#8484 = DIRECTION ( 'NONE',  ( -1.000000000000000000, 0.000000000000000000, 0.000000000000000000 ) ) ;
#8485 = EDGE_CURVE ( 'NONE', #3656, #2706, #1069, .T. ) ;
#8486 = VECTOR ( 'NONE', #9372, 1000.000000000000000 ) ;
#8487 = AXIS2_PLACEMENT_3D ( 'NONE', #2024, #2657, #530 ) ;
#8488 = EDGE_CURVE ( 'NONE', #1758, #8814, #6157, .T. ) ;
#8489 = EDGE_LOOP ( 'NONE', ( #1226, #5530, #3130, #5271 ) ) ;
#8490 = CARTESIAN_POINT ( 'NONE',  ( -1.374999999999999556, 0.1000000000000000056, -1.500000000000000444 ) ) ;
#8491 = LINE ( 'NONE', #1151, #1824 ) ;
#8492 = DIRECTION ( 'NONE',  ( 0.000000000000000000, -0.000000000000000000, -1.000000000000000000 ) ) ;
#8493 = ADVANCED_FACE ( 'NONE', ( #4060 ), #4010, .F. ) ;
#8494 = EDGE_LOOP ( 'NONE', ( #9565, #3473, #7788, #5859, #1241, #2188, #5168, #3702, #3217, #4036, #3597, #8268, #9226, #5127, #6045, #7948, #664, #3433, #3323, #2619, #4535, #2389, #3162, #7706 ) ) ;
#8495 = CARTESIAN_POINT ( 'NONE',  ( -1.374999999999999556, 0.1999999999999999833, -1.500000000000000444 ) ) ;
#8496 = FACE_OUTER_BOUND ( 'NONE', #6683, .T. ) ;
#8497 = CIRCLE ( 'NONE', #4280, 0.1250000000000000555 ) ;
#8498 = ORIENTED_EDGE ( 'NONE', *, *, #6748, .T. ) ;
#8499 = DIRECTION ( 'NONE',  ( 0.000000000000000000, 0.000000000000000000, 1.000000000000000000 ) ) ;
#8500 = PRESENTATION_LAYER_ASSIGNMENT (  '', '', ( #2727 ) ) ;
#8501 = PLANE ( 'NONE',  #7117 ) ;
#8502 = CARTESIAN_POINT ( 'NONE',  ( 0.000000000000000000, 0.1000000000000000056, 0.000000000000000000 ) ) ;
#8503 = VECTOR ( 'NONE', #7501, 1000.000000000000000 ) ;
#8504 = ORIENTED_EDGE ( 'NONE', *, *, #4362, .T. ) ;
#8505 = CARTESIAN_POINT ( 'NONE',  ( -1.725000000000000755, 0.1000000000000000472, -0.8749999999999993339 ) ) ;
#8506 = ORIENTED_EDGE ( 'NONE', *, *, #3030, .T. ) ;
#8507 = VERTEX_POINT ( 'NONE', #9199 ) ;
#8508 = ORIENTED_EDGE ( 'NONE', *, *, #2693, .F. ) ;
#8509 = SURFACE_SIDE_STYLE ('',( #1068 ) ) ;
#8510 = DIRECTION ( 'NONE',  ( 0.000000000000000000, -1.000000000000000000, 0.000000000000000000 ) ) ;
#8511 = CARTESIAN_POINT ( 'NONE',  ( 1.725000000000000311, 0.1999999999999999833, 0.9999999999999995559 ) ) ;
#8512 = VECTOR ( 'NONE', #5949, 1000.000000000000000 ) ;
#8513 = DIRECTION ( 'NONE',  ( 0.000000000000000000, 1.000000000000000000, 0.000000000000000000 ) ) ;
#8514 = VECTOR ( 'NONE', #7772, 1000.000000000000000 ) ;
#8515 = VECTOR ( 'NONE', #1847, 1000.000000000000000 ) ;
#8516 = DIRECTION ( 'NONE',  ( 7.885106708985511714E-16, 0.000000000000000000, 1.000000000000000000 ) ) ;
#8517 = ORIENTED_EDGE ( 'NONE', *, *, #9031, .F. ) ;
#8518 = CARTESIAN_POINT ( 'NONE',  ( -1.249999999999999334, 0.2000000000000000111, -1.225000000000000533 ) ) ;
#8519 = DIRECTION ( 'NONE',  ( -1.000000000000000000, 0.000000000000000000, -7.885106708985511714E-16 ) ) ;
#8520 = ORIENTED_EDGE ( 'NONE', *, *, #4586, .T. ) ;
#8521 = LINE ( 'NONE', #1873, #718 ) ;
#8522 = ORIENTED_EDGE ( 'NONE', *, *, #5597, .F. ) ;
#8523 = AXIS2_PLACEMENT_3D ( 'NONE', #7447, #2944, #666 ) ;
#8524 = CARTESIAN_POINT ( 'NONE',  ( -0.2499999999999993616, 0.1999999999999999833, 1.225000000000000533 ) ) ;
#8525 = CARTESIAN_POINT ( 'NONE',  ( 2.000000000000000888, 0.1000000000000000472, -0.3749999999999994449 ) ) ;
#8526 = EDGE_LOOP ( 'NONE', ( #6573, #1881, #5472, #5801, #5000, #4795 ) ) ;
#8527 = FACE_OUTER_BOUND ( 'NONE', #5301, .T. ) ;
#8528 = AXIS2_PLACEMENT_3D ( 'NONE', #2820, #590, #2716 ) ;
#8529 = VECTOR ( 'NONE', #7266, 1000.000000000000000 ) ;
#8530 = LINE ( 'NONE', #8585, #7765 ) ;
#8531 = VECTOR ( 'NONE', #481, 1000.000000000000000 ) ;
#8532 = LINE ( 'NONE', #7999, #190 ) ;
#8533 = VERTEX_POINT ( 'NONE', #8459 ) ;
#8534 = EDGE_CURVE ( 'NONE', #5508, #50, #7687, .T. ) ;
#8535 = EDGE_CURVE ( 'NONE', #9398, #2890, #6304, .T. ) ;
#8536 = ORIENTED_EDGE ( 'NONE', *, *, #8238, .F. ) ;
#8537 = VECTOR ( 'NONE', #6787, 1000.000000000000000 ) ;
#8538 = FACE_OUTER_BOUND ( 'NONE', #4560, .T. ) ;
#8539 = ORIENTED_EDGE ( 'NONE', *, *, #9274, .T. ) ;
#8540 = CARTESIAN_POINT ( 'NONE',  ( -2.000000000000000888, 0.1999999999999999833, -0.3749999999999994449 ) ) ;
#8541 = DIRECTION ( 'NONE',  ( 0.000000000000000000, -0.000000000000000000, 1.000000000000000000 ) ) ;
#8542 = EDGE_CURVE ( 'NONE', #296, #290, #5754, .T. ) ;
#8543 = AXIS2_PLACEMENT_3D ( 'NONE', #6840, #7444, #6697 ) ;
#8544 = ORIENTED_EDGE ( 'NONE', *, *, #300, .T. ) ;
#8545 = CARTESIAN_POINT ( 'NONE',  ( -1.249999999999999334, 0.2000000000000000111, -1.225000000000000533 ) ) ;
#8546 = FACE_OUTER_BOUND ( 'NONE', #6584, .T. ) ;
#8547 = EDGE_CURVE ( 'NONE', #8265, #2829, #906, .T. ) ;
#8548 = DIRECTION ( 'NONE',  ( 0.000000000000000000, -0.000000000000000000, -1.000000000000000000 ) ) ;
#8549 = VERTEX_POINT ( 'NONE', #3899 ) ;
#8550 = SURFACE_STYLE_FILL_AREA ( #6291 ) ;
#8551 = CARTESIAN_POINT ( 'NONE',  ( -1.249999999999999334, 0.2000000000000000111, -1.225000000000000533 ) ) ;
#8552 = AXIS2_PLACEMENT_3D ( 'NONE', #7980, #1305, #2100 ) ;
#8553 = DIRECTION ( 'NONE',  ( 0.000000000000000000, 0.000000000000000000, -1.000000000000000000 ) ) ;
#8554 = DIRECTION ( 'NONE',  ( -0.000000000000000000, -1.000000000000000000, -0.000000000000000000 ) ) ;
#8555 = ADVANCED_FACE ( 'NONE', ( #4801 ), #7839, .F. ) ;
#8556 = ADVANCED_FACE ( 'NONE', ( #7088 ), #377, .F. ) ;
#8557 = DIRECTION ( 'NONE',  ( 0.000000000000000000, -1.000000000000000000, 0.000000000000000000 ) ) ;
#8558 = FACE_OUTER_BOUND ( 'NONE', #1404, .T. ) ;
#8559 = DIRECTION ( 'NONE',  ( -1.000000000000000000, 0.000000000000000000, 0.000000000000000000 ) ) ;
#8560 = VECTOR ( 'NONE', #1396, 1000.000000000000000 ) ;
#8561 = CARTESIAN_POINT ( 'NONE',  ( 1.950000000000002176, 0.05000000000000000278, 1.125000000000000444 ) ) ;
#8562 = VERTEX_POINT ( 'NONE', #6209 ) ;
#8563 = VERTEX_POINT ( 'NONE', #5430 ) ;
#8564 = EDGE_CURVE ( 'NONE', #7522, #471, #1750, .T. ) ;
#8565 = FILL_AREA_STYLE ('',( #7245 ) ) ;
#8566 = CARTESIAN_POINT ( 'NONE',  ( 1.725000000000000311, 0.1999999999999999833, -0.5000000000000004441 ) ) ;
#8567 = CARTESIAN_POINT ( 'NONE',  ( 2.000000000000000888, 0.6716990566028313570, 0.1250000000000005551 ) ) ;
#8568 = VECTOR ( 'NONE', #1509, 1000.000000000000000 ) ;
#8569 = CARTESIAN_POINT ( 'NONE',  ( -0.1500000000000000222, 0.2000000000000000111, 0.8499999999999999778 ) ) ;
#8570 = CARTESIAN_POINT ( 'NONE',  ( 0.8750000000000012212, 0.2000000000000000111, 1.500000000000000444 ) ) ;
#8571 = CARTESIAN_POINT ( 'NONE',  ( -1.249999999999999334, 0.2000000000000000111, -1.225000000000000533 ) ) ;
#8572 = VERTEX_POINT ( 'NONE', #3328 ) ;
#8573 = CARTESIAN_POINT ( 'NONE',  ( 1.999999999999999112, 0.1000000000000002554, -1.500000000000000444 ) ) ;
#8574 = CARTESIAN_POINT ( 'NONE',  ( 2.000000000000000000, 0.1999999999999999833, -0.6249999999999992228 ) ) ;
#8575 = ORIENTED_EDGE ( 'NONE', *, *, #909, .T. ) ;
#8576 = ORIENTED_EDGE ( 'NONE', *, *, #619, .F. ) ;
#8577 = AXIS2_PLACEMENT_3D ( 'NONE', #685, #4519, #146 ) ;
#8578 = CARTESIAN_POINT ( 'NONE',  ( 0.8750000000000003331, 0.04999999999999999584, 1.225000000000000755 ) ) ;
#8579 = CARTESIAN_POINT ( 'NONE',  ( 1.950000000000002176, 0.1000000000000000056, 1.450000000000000178 ) ) ;
#8580 = FACE_OUTER_BOUND ( 'NONE', #755, .T. ) ;
#8581 = EDGE_LOOP ( 'NONE', ( #870, #707, #6559, #6109 ) ) ;
#8582 = DIRECTION ( 'NONE',  ( 1.577021341797097018E-15, 0.000000000000000000, 1.000000000000000000 ) ) ;
#8583 = ADVANCED_FACE ( 'NONE', ( #6357 ), #9352, .F. ) ;
#8584 = AXIS2_PLACEMENT_3D ( 'NONE', #9177, #8292, #2327 ) ;
#8585 = CARTESIAN_POINT ( 'NONE',  ( 2.000000000000000888, 0.1000000000000000472, 0.6250000000000005551 ) ) ;
#8586 = CARTESIAN_POINT ( 'NONE',  ( 1.725000000000000755, 0.000000000000000000, 0.3749999999999994449 ) ) ;
#8587 = ORIENTED_EDGE ( 'NONE', *, *, #8678, .T. ) ;
#8588 = EDGE_LOOP ( 'NONE', ( #9423, #5657, #117, #3715, #343, #9211 ) ) ;
#8589 = VERTEX_POINT ( 'NONE', #3283 ) ;
#8590 = FACE_OUTER_BOUND ( 'NONE', #939, .T. ) ;
#8591 = CARTESIAN_POINT ( 'NONE',  ( -0.3749999999999990563, 0.04999999999999999584, 1.225000000000000311 ) ) ;
#8592 = EDGE_CURVE ( 'NONE', #4651, #8676, #5623, .T. ) ;
#8593 = CARTESIAN_POINT ( 'NONE',  ( -1.950000000000001066, 0.05000000000000000278, 0.000000000000000000 ) ) ;
#8594 = ADVANCED_FACE ( 'NONE', ( #1903 ), #8412, .T. ) ;
#8595 = DIRECTION ( 'NONE',  ( -1.000000000000000000, 0.000000000000000000, 3.154042683594199163E-15 ) ) ;
#8596 = ORIENTED_EDGE ( 'NONE', *, *, #2513, .T. ) ;
#8597 = SURFACE_STYLE_FILL_AREA ( #5612 ) ;
#8598 = CLOSED_SHELL ( 'NONE', ( #1986, #1948, #209, #7187, #9300, #3416, #7490, #5723 ) ) ;
#8599 = SURFACE_STYLE_USAGE ( .BOTH. , #413 ) ;
#8600 = ORIENTED_EDGE ( 'NONE', *, *, #88, .T. ) ;
#8601 = EDGE_CURVE ( 'NONE', #603, #5283, #6943, .T. ) ;
#8602 = ADVANCED_FACE ( 'NONE', ( #4887 ), #7884, .F. ) ;
#8603 = LINE ( 'NONE', #1006, #5069 ) ;
#8604 = CARTESIAN_POINT ( 'NONE',  ( -2.000000000000000888, 0.1999999999999999833, 1.125000000000000666 ) ) ;
#8605 = CARTESIAN_POINT ( 'NONE',  ( -1.725000000000000755, 0.000000000000000000, -0.3749999999999993339 ) ) ;
#8606 = ORIENTED_EDGE ( 'NONE', *, *, #3109, .F. ) ;
#8607 = EDGE_LOOP ( 'NONE', ( #6817, #7779, #660, #672, #5446, #9377 ) ) ;
#8608 = ADVANCED_FACE ( 'NONE', ( #425 ), #2378, .T. ) ;
#8609 = CARTESIAN_POINT ( 'NONE',  ( -0.1500000000000000222, 0.2000000000000000944, -0.8499999999999999778 ) ) ;
#8610 = DIRECTION ( 'NONE',  ( -3.154042683594198769E-15, 0.000000000000000000, 1.000000000000000000 ) ) ;
#8611 = DIRECTION ( 'NONE',  ( -3.154042683594199163E-15, 0.000000000000000000, 1.000000000000000000 ) ) ;
#8612 = EDGE_CURVE ( 'NONE', #5896, #5117, #4580, .T. ) ;
#8613 = LINE ( 'NONE', #1907, #2568 ) ;
#8614 = DIRECTION ( 'NONE',  ( 0.000000000000000000, -0.000000000000000000, 1.000000000000000000 ) ) ;
#8615 = ORIENTED_EDGE ( 'NONE', *, *, #3341, .T. ) ;
#8616 = LINE ( 'NONE', #2602, #8039 ) ;
#8617 = DIRECTION ( 'NONE',  ( 0.000000000000000000, -1.000000000000000000, 0.000000000000000000 ) ) ;
#8618 = VERTEX_POINT ( 'NONE', #3989 ) ;
#8619 = ORIENTED_EDGE ( 'NONE', *, *, #1987, .T. ) ;
#8620 = PLANE ( 'NONE',  #8348 ) ;
#8621 = DIRECTION ( 'NONE',  ( 1.577021341797097018E-15, 0.000000000000000000, -1.000000000000000000 ) ) ;
#8622 = DIRECTION ( 'NONE',  ( -0.000000000000000000, -1.000000000000000000, -0.000000000000000000 ) ) ;
#8623 = CARTESIAN_POINT ( 'NONE',  ( -0.2499999999999993616, 0.6716990566028301357, -1.225000000000000533 ) ) ;
#8624 = ORIENTED_EDGE ( 'NONE', *, *, #9624, .T. ) ;
#8625 = DIRECTION ( 'NONE',  ( 1.000000000000000000, 0.000000000000000000, -0.000000000000000000 ) ) ;
#8626 = FACE_OUTER_BOUND ( 'NONE', #4022, .T. ) ;
#8627 = CYLINDRICAL_SURFACE ( 'NONE', #1764, 0.1250000000000000555 ) ;
#8628 = VERTEX_POINT ( 'NONE', #2479 ) ;
#8629 = CARTESIAN_POINT ( 'NONE',  ( 2.000000000000000888, 0.2000000000000000944, 0.6250000000000005551 ) ) ;
#8630 = ORIENTED_EDGE ( 'NONE', *, *, #7457, .F. ) ;
#8631 = CARTESIAN_POINT ( 'NONE',  ( 0.000000000000000000, 0.1000000000000000056, 0.000000000000000000 ) ) ;
#8632 = CARTESIAN_POINT ( 'NONE',  ( -0.2499999999999993616, 0.1999999999999999833, -1.225000000000000533 ) ) ;
#8633 = DIRECTION ( 'NONE',  ( 0.000000000000000000, 1.000000000000000000, 0.000000000000000000 ) ) ;
#8634 = VECTOR ( 'NONE', #637, 1000.000000000000000 ) ;
#8635 = ORIENTED_EDGE ( 'NONE', *, *, #3879, .T. ) ;
#8636 = LINE ( 'NONE', #8593, #7320 ) ;
#8637 = LINE ( 'NONE', #4193, #5125 ) ;
#8638 = LINE ( 'NONE', #495, #8225 ) ;
#8639 = EDGE_LOOP ( 'NONE', ( #9240, #2818, #9336, #1807 ) ) ;
#8640 = FACE_OUTER_BOUND ( 'NONE', #3587, .T. ) ;
#8641 = DIRECTION ( 'NONE',  ( 1.000000000000000000, 0.000000000000000000, -2.551063935260010984E-16 ) ) ;
#8642 = VECTOR ( 'NONE', #6816, 1000.000000000000000 ) ;
#8643 = EDGE_LOOP ( 'NONE', ( #4045, #4501, #8059, #3093 ) ) ;
#8644 = AXIS2_PLACEMENT_3D ( 'NONE', #3064, #6036, #9028 ) ;
#8645 = DIRECTION ( 'NONE',  ( 1.000000000000000000, -0.000000000000000000, 1.577021341797097018E-15 ) ) ;
#8646 = DIRECTION ( 'NONE',  ( 0.000000000000000000, -0.000000000000000000, 1.000000000000000000 ) ) ;
#8647 = CARTESIAN_POINT ( 'NONE',  ( -0.6249999999999996669, 0.04999999999999999584, -1.225000000000000755 ) ) ;
#8648 = PLANE ( 'NONE',  #7178 ) ;
#8649 = VECTOR ( 'NONE', #4029, 1000.000000000000000 ) ;
#8650 = EDGE_LOOP ( 'NONE', ( #1252, #662, #477, #9685 ) ) ;
#8651 = ORIENTED_EDGE ( 'NONE', *, *, #5232, .F. ) ;
#8652 = STYLED_ITEM ( 'NONE', ( #3672 ), #624 ) ;
#8653 = CARTESIAN_POINT ( 'NONE',  ( 0.7500000000000006661, 0.1999999999999999833, 1.100000000000000977 ) ) ;
#8654 = ADVANCED_FACE ( 'NONE', ( #6194 ), #3929, .F. ) ;
#8655 = CARTESIAN_POINT ( 'NONE',  ( 1.999999999999999112, 0.1999999999999996503, 0.8749999999999994449 ) ) ;
#8656 = FACE_OUTER_BOUND ( 'NONE', #5621, .T. ) ;
#8657 = VECTOR ( 'NONE', #5368, 1000.000000000000000 ) ;
#8658 = LINE ( 'NONE', #3430, #5133 ) ;
#8659 = ORIENTED_EDGE ( 'NONE', *, *, #8016, .T. ) ;
#8660 = CARTESIAN_POINT ( 'NONE',  ( 2.000000000000000888, 0.2000000000000000944, -0.8749999999999994449 ) ) ;
#8661 = ORIENTED_EDGE ( 'NONE', *, *, #9571, .T. ) ;
#8662 = VERTEX_POINT ( 'NONE', #5355 ) ;
#8663 = AXIS2_PLACEMENT_3D ( 'NONE', #7748, #7801, #4065 ) ;
#8664 = CARTESIAN_POINT ( 'NONE',  ( -1.725000000000000755, 0.6716990566028313570, -0.8749999999999993339 ) ) ;
#8665 = ADVANCED_FACE ( 'NONE', ( #8496 ), #6245, .T. ) ;
#8666 = FACE_OUTER_BOUND ( 'NONE', #1900, .T. ) ;
#8667 = CARTESIAN_POINT ( 'NONE',  ( 0.8750000000000011102, 0.1000000000000000056, 1.450000000000000178 ) ) ;
#8668 = ORIENTED_EDGE ( 'NONE', *, *, #3576, .T. ) ;
#8669 = FACE_OUTER_BOUND ( 'NONE', #9567, .T. ) ;
#8670 = EDGE_CURVE ( 'NONE', #434, #7482, #5410, .T. ) ;
#8671 = PRESENTATION_LAYER_ASSIGNMENT (  '', '', ( #7905 ) ) ;
#8672 = FACE_OUTER_BOUND ( 'NONE', #6003, .T. ) ;
#8673 = DIRECTION ( 'NONE',  ( -0.000000000000000000, -1.000000000000000000, -0.000000000000000000 ) ) ;
#8674 = EDGE_CURVE ( 'NONE', #7811, #6716, #2577, .T. ) ;
#8675 = AXIS2_PLACEMENT_3D ( 'NONE', #825, #9069, #6179 ) ;
#8676 = VERTEX_POINT ( 'NONE', #1638 ) ;
#8677 = DIRECTION ( 'NONE',  ( 7.885106708985511714E-16, -0.000000000000000000, 1.000000000000000000 ) ) ;
#8678 = EDGE_CURVE ( 'NONE', #5402, #3387, #1690, .T. ) ;
#8679 = VECTOR ( 'NONE', #2183, 1000.000000000000000 ) ;
#8680 = VERTEX_POINT ( 'NONE', #2524 ) ;
#8681 = CARTESIAN_POINT ( 'NONE',  ( 0.000000000000000000, 0.1000000000000000056, 0.000000000000000000 ) ) ;
#8682 = CARTESIAN_POINT ( 'NONE',  ( 1.950000000000002176, 0.6716990566028313570, 0.1250000000000005829 ) ) ;
#8683 = VECTOR ( 'NONE', #6831, 1000.000000000000000 ) ;
#8684 = ORIENTED_EDGE ( 'NONE', *, *, #9322, .T. ) ;
#8685 = AXIS2_PLACEMENT_3D ( 'NONE', #5399, #3252, #3871 ) ;
#8686 = VERTEX_POINT ( 'NONE', #4782 ) ;
#8687 = CARTESIAN_POINT ( 'NONE',  ( 2.000000000000000888, 0.1999999999999999833, -0.3749999999999994449 ) ) ;
#8688 = AXIS2_PLACEMENT_3D ( 'NONE', #7149, #426, #5720 ) ;
#8689 = DIRECTION ( 'NONE',  ( 1.000000000000000000, -0.000000000000000000, 7.885106708985511714E-16 ) ) ;
#8690 = CARTESIAN_POINT ( 'NONE',  ( 2.000000000000000000, 0.1000000000000000472, -0.1249999999999992506 ) ) ;
#8691 = ORIENTED_EDGE ( 'NONE', *, *, #9645, .T. ) ;
#8692 = DIRECTION ( 'NONE',  ( 0.000000000000000000, -1.000000000000000000, 0.000000000000000000 ) ) ;
#8693 = ORIENTED_EDGE ( 'NONE', *, *, #165, .T. ) ;
#8694 = AXIS2_PLACEMENT_3D ( 'NONE', #4174, #7857, #9262 ) ;
#8695 = VECTOR ( 'NONE', #8622, 1000.000000000000000 ) ;
#8696 = FACE_OUTER_BOUND ( 'NONE', #4627, .T. ) ;
#8697 = CARTESIAN_POINT ( 'NONE',  ( 1.375000000000001332, 0.6716990566028301357, 1.500000000000000444 ) ) ;
#8698 = CARTESIAN_POINT ( 'NONE',  ( -1.950000000000001066, 0.1000000000000000056, -1.450000000000000622 ) ) ;
#8699 = DIRECTION ( 'NONE',  ( 0.000000000000000000, 0.000000000000000000, -1.000000000000000000 ) ) ;
#8700 = CARTESIAN_POINT ( 'NONE',  ( 0.8750000000000003331, 0.2000000000000000111, 1.225000000000000755 ) ) ;
#8701 = ORIENTED_EDGE ( 'NONE', *, *, #5843, .T. ) ;
#8702 = VERTEX_POINT ( 'NONE', #7781 ) ;
#8703 = CARTESIAN_POINT ( 'NONE',  ( -0.2499999999999993616, 0.000000000000000000, 1.100000000000000977 ) ) ;
#8704 = AXIS2_PLACEMENT_3D ( 'NONE', #7903, #5592, #8625 ) ;
#8705 = LINE ( 'NONE', #7246, #2104 ) ;
#8706 = DIRECTION ( 'NONE',  ( -3.942553354492743531E-16, 0.000000000000000000, -1.000000000000000000 ) ) ;
#8707 = CARTESIAN_POINT ( 'NONE',  ( -0.1249999999999996808, 0.000000000000000000, -1.225000000000000755 ) ) ;
#8708 = CIRCLE ( 'NONE', #7945, 0.1249999999999996808 ) ;
#8709 = CARTESIAN_POINT ( 'NONE',  ( 1.125000000000000888, 0.2000000000000000111, 1.225000000000000311 ) ) ;
#8710 = DIRECTION ( 'NONE',  ( -0.000000000000000000, -1.000000000000000000, -0.000000000000000000 ) ) ;
#8711 = ORIENTED_EDGE ( 'NONE', *, *, #9186, .F. ) ;
#8712 = EDGE_CURVE ( 'NONE', #3475, #7568, #2425, .T. ) ;
#8713 = CARTESIAN_POINT ( 'NONE',  ( 1.950000000000002176, 0.6716990566028313570, -0.1249999999999992645 ) ) ;
#8714 = ORIENTED_EDGE ( 'NONE', *, *, #3399, .T. ) ;
#8715 = CARTESIAN_POINT ( 'NONE',  ( 0.6000000000000000888, 0.000000000000000000, 0.8499999999999997558 ) ) ;
#8716 = VERTEX_POINT ( 'NONE', #4637 ) ;
#8717 = CARTESIAN_POINT ( 'NONE',  ( -1.606107883817426973, 0.8000000000000000444, -1.099419087136932704 ) ) ;
#8718 = ADVANCED_FACE ( 'NONE', ( #1051 ), #3122, .T. ) ;
#8719 = VECTOR ( 'NONE', #8328, 1000.000000000000000 ) ;
#8720 = PLANE ( 'NONE',  #6030 ) ;
#8721 = FACE_OUTER_BOUND ( 'NONE', #2484, .T. ) ;
#8722 = ORIENTED_EDGE ( 'NONE', *, *, #8407, .F. ) ;
#8723 = DIRECTION ( 'NONE',  ( 0.000000000000000000, -0.000000000000000000, -1.000000000000000000 ) ) ;
#8724 = APPLICATION_CONTEXT ( 'automotive_design' ) ;
#8725 = DIRECTION ( 'NONE',  ( -3.154042683594199163E-15, 0.000000000000000000, 1.000000000000000000 ) ) ;
#8726 = EDGE_CURVE ( 'NONE', #990, #4696, #7570, .T. ) ;
#8727 = DIRECTION ( 'NONE',  ( 1.000000000000000000, 0.000000000000000000, -3.942553354492743531E-16 ) ) ;
#8728 = ADVANCED_FACE ( 'NONE', ( #6881 ), #9082, .F. ) ;
#8729 = VECTOR ( 'NONE', #857, 1000.000000000000000 ) ;
#8730 = EDGE_LOOP ( 'NONE', ( #9161, #2102, #3262, #3379 ) ) ;
#8731 = EDGE_CURVE ( 'NONE', #6634, #1042, #891, .T. ) ;
#8732 = EDGE_LOOP ( 'NONE', ( #1540, #8336, #3267, #9523, #4824, #7638 ) ) ;
#8733 = DIRECTION ( 'NONE',  ( 0.000000000000000000, 1.000000000000000000, 0.000000000000000000 ) ) ;
#8734 = DIRECTION ( 'NONE',  ( 0.000000000000000000, 0.000000000000000000, -1.000000000000000000 ) ) ;
#8735 = VECTOR ( 'NONE', #6761, 1000.000000000000000 ) ;
#8736 = CARTESIAN_POINT ( 'NONE',  ( -1.374999999999999112, 0.1999999999999999833, -1.225000000000000311 ) ) ;
#8737 = EDGE_CURVE ( 'NONE', #6340, #2090, #6136, .T. ) ;
#8738 = EDGE_LOOP ( 'NONE', ( #524, #7459, #2859, #6963 ) ) ;
#8739 = AXIS2_PLACEMENT_3D ( 'NONE', #1436, #4425, #688 ) ;
#8740 = DIRECTION ( 'NONE',  ( 0.000000000000000000, 0.000000000000000000, 1.000000000000000000 ) ) ;
#8741 = VERTEX_POINT ( 'NONE', #7674 ) ;
#8742 = ORIENTED_EDGE ( 'NONE', *, *, #2741, .F. ) ;
#8743 = CARTESIAN_POINT ( 'NONE',  ( 1.950000000000002176, 0.1000000000000000056, -1.450000000000000622 ) ) ;
#8744 = CARTESIAN_POINT ( 'NONE',  ( 2.000000000000000888, 0.6716990566028313570, -0.8749999999999994449 ) ) ;
#8745 = CARTESIAN_POINT ( 'NONE',  ( -1.124999999999999778, 0.6716990566028301357, 1.225000000000000755 ) ) ;
#8746 = LINE ( 'NONE', #1359, #1207 ) ;
#8747 = ORIENTED_EDGE ( 'NONE', *, *, #6084, .F. ) ;
#8748 = ORIENTED_EDGE ( 'NONE', *, *, #6275, .F. ) ;
#8749 = CLOSED_SHELL ( 'NONE', ( #2037, #528, #7405, #2214, #7019, #4901, #7105, #219 ) ) ;
#8750 = ADVANCED_FACE ( 'NONE', ( #4875 ), #5703, .F. ) ;
#8751 = DIRECTION ( 'NONE',  ( 0.000000000000000000, -1.000000000000000000, 0.000000000000000000 ) ) ;
#8752 = SURFACE_SIDE_STYLE ('',( #467 ) ) ;
#8753 = ORIENTED_EDGE ( 'NONE', *, *, #3042, .T. ) ;
#8754 = PLANE ( 'NONE',  #8952 ) ;
#8755 = ORIENTED_EDGE ( 'NONE', *, *, #3395, .T. ) ;
#8756 = CARTESIAN_POINT ( 'NONE',  ( -0.7499999999999993339, 0.000000000000000000, 1.225000000000000533 ) ) ;
#8757 = ORIENTED_EDGE ( 'NONE', *, *, #5443, .F. ) ;
#8758 = FACE_OUTER_BOUND ( 'NONE', #1392, .T. ) ;
#8759 = LINE ( 'NONE', #1324, #4388 ) ;
#8760 = VERTEX_POINT ( 'NONE', #7183 ) ;
#8761 = CARTESIAN_POINT ( 'NONE',  ( 0.000000000000000000, 0.1000000000000000056, 0.000000000000000000 ) ) ;
#8762 = EDGE_CURVE ( 'NONE', #6842, #5319, #4192, .T. ) ;
#8763 = CARTESIAN_POINT ( 'NONE',  ( 1.950000000000002176, 0.1000000000000000056, 1.450000000000000178 ) ) ;
#8764 = LINE ( 'NONE', #3482, #702 ) ;
#8765 = LINE ( 'NONE', #5054, #8946 ) ;
#8766 = EDGE_CURVE ( 'NONE', #4288, #3083, #7972, .T. ) ;
#8767 = EDGE_LOOP ( 'NONE', ( #3434, #1609, #7594, #7633 ) ) ;
#8768 = DIRECTION ( 'NONE',  ( -3.469446951953617739E-15, 0.000000000000000000, -1.000000000000000000 ) ) ;
#8769 = VERTEX_POINT ( 'NONE', #7926 ) ;
#8770 = EDGE_CURVE ( 'NONE', #2286, #1573, #4833, .T. ) ;
#8771 = AXIS2_PLACEMENT_3D ( 'NONE', #5255, #3779, #8244 ) ;
#8772 = DIRECTION ( 'NONE',  ( -1.000000000000000000, 0.000000000000000000, 0.000000000000000000 ) ) ;
#8773 = PLANE ( 'NONE',  #5092 ) ;
#8774 = DIRECTION ( 'NONE',  ( 0.000000000000000000, 1.000000000000000000, 0.000000000000000000 ) ) ;
#8775 = ORIENTED_EDGE ( 'NONE', *, *, #6998, .T. ) ;
#8776 = CARTESIAN_POINT ( 'NONE',  ( 2.000000000000000888, 0.6716990566028313570, -0.8749999999999994449 ) ) ;
#8777 = DIRECTION ( 'NONE',  ( -0.000000000000000000, 1.000000000000000000, 0.000000000000000000 ) ) ;
#8778 = ORIENTED_EDGE ( 'NONE', *, *, #6934, .F. ) ;
#8779 = CARTESIAN_POINT ( 'NONE',  ( 1.950000000000002176, 0.05000000000000000278, 0.000000000000000000 ) ) ;
#8780 = EDGE_CURVE ( 'NONE', #7313, #7348, #5798, .T. ) ;
#8781 = CARTESIAN_POINT ( 'NONE',  ( -2.000000000000000000, 0.2000000000000000944, -1.124999999999999334 ) ) ;
#8782 = ORIENTED_EDGE ( 'NONE', *, *, #5597, .T. ) ;
#8783 = PLANE ( 'NONE',  #8205 ) ;
#8784 = ADVANCED_FACE ( 'NONE', ( #2044 ), #9426, .F. ) ;
#8785 = LINE ( 'NONE', #2098, #2483 ) ;
#8786 = EDGE_CURVE ( 'NONE', #8243, #5211, #8011, .T. ) ;
#8787 = LINE ( 'NONE', #8019, #6667 ) ;
#8788 = ORIENTED_EDGE ( 'NONE', *, *, #1844, .T. ) ;
#8789 = EDGE_LOOP ( 'NONE', ( #3324, #7417, #9158, #6253, #388 ) ) ;
#8790 = AXIS2_PLACEMENT_3D ( 'NONE', #5526, #8513, #9151 ) ;
#8791 = ADVANCED_FACE ( 'NONE', ( #2778 ), #1202, .T. ) ;
#8792 = CARTESIAN_POINT ( 'NONE',  ( -1.725000000000000755, 0.6716990566028313570, -0.8749999999999993339 ) ) ;
#8793 = PLANE ( 'NONE',  #831 ) ;
#8794 = CARTESIAN_POINT ( 'NONE',  ( 1.374999999999996447, 0.05000000000000000278, 4.336808689942012214E-15 ) ) ;
#8795 = CARTESIAN_POINT ( 'NONE',  ( -2.000000000000000888, 0.2000000000000000944, 1.125000000000000666 ) ) ;
#8796 = ORIENTED_EDGE ( 'NONE', *, *, #8138, .F. ) ;
#8797 = LINE ( 'NONE', #1371, #196 ) ;
#8798 = ORIENTED_EDGE ( 'NONE', *, *, #1174, .F. ) ;
#8799 = CARTESIAN_POINT ( 'NONE',  ( -0.1250000000000035527, 0.05000000000000000278, 3.942553354492861367E-16 ) ) ;
#8800 = ORIENTED_EDGE ( 'NONE', *, *, #8473, .F. ) ;
#8801 = DIRECTION ( 'NONE',  ( 0.000000000000000000, 1.000000000000000000, -0.000000000000000000 ) ) ;
#8802 = CARTESIAN_POINT ( 'NONE',  ( 0.5999999999999996447, 0.2000000000000000944, -0.8500000000000001998 ) ) ;
#8803 = VERTEX_POINT ( 'NONE', #8690 ) ;
#8804 = VECTOR ( 'NONE', #5951, 1000.000000000000000 ) ;
#8805 = CARTESIAN_POINT ( 'NONE',  ( -0.8749999999999990008, 0.2000000000000000111, 1.225000000000000311 ) ) ;
#8806 =( GEOMETRIC_REPRESENTATION_CONTEXT ( 3 ) GLOBAL_UNCERTAINTY_ASSIGNED_CONTEXT ( ( #8376 ) ) GLOBAL_UNIT_ASSIGNED_CONTEXT ( ( #5182, #3854, #4507 ) ) REPRESENTATION_CONTEXT ( 'NONE', 'WORKASPACE' ) );
#8807 = DIRECTION ( 'NONE',  ( 0.000000000000000000, -1.000000000000000000, 0.000000000000000000 ) ) ;
#8808 = LINE ( 'NONE', #2763, #4628 ) ;
#8809 = VERTEX_POINT ( 'NONE', #6482 ) ;
#8810 = FACE_OUTER_BOUND ( 'NONE', #6289, .T. ) ;
#8811 = VECTOR ( 'NONE', #4942, 1000.000000000000000 ) ;
#8812 = EDGE_LOOP ( 'NONE', ( #5805, #1535, #1240, #151, #7301 ) ) ;
#8813 = VECTOR ( 'NONE', #2417, 1000.000000000000000 ) ;
#8814 = VERTEX_POINT ( 'NONE', #6531 ) ;
#8815 = LINE ( 'NONE', #4332, #3642 ) ;
#8816 = CARTESIAN_POINT ( 'NONE',  ( 0.7500000000000006661, 0.04999999999999999584, 1.225000000000000533 ) ) ;
#8817 = AXIS2_PLACEMENT_3D ( 'NONE', #6351, #3273, #2681 ) ;
#8818 = CIRCLE ( 'NONE', #4614, 0.1250000000000000555 ) ;
#8819 = CARTESIAN_POINT ( 'NONE',  ( -0.7499999999999993339, 0.6716990566028301357, 1.100000000000000977 ) ) ;
#8820 = ORIENTED_EDGE ( 'NONE', *, *, #979, .F. ) ;
#8821 = EDGE_CURVE ( 'NONE', #9009, #2543, #3494, .T. ) ;
#8822 = EDGE_CURVE ( 'NONE', #6674, #21, #6682, .T. ) ;
#8823 = COLOUR_RGB ( '',0.7921568627450980005, 0.8196078431372548767, 0.9333333333333333481 ) ;
#8824 = DIRECTION ( 'NONE',  ( 0.000000000000000000, -1.000000000000000000, 0.000000000000000000 ) ) ;
#8825 = VECTOR ( 'NONE', #2966, 1000.000000000000000 ) ;
#8826 = CARTESIAN_POINT ( 'NONE',  ( 1.250000000000000666, 0.6716990566028301357, 1.100000000000000977 ) ) ;
#8827 = ORIENTED_EDGE ( 'NONE', *, *, #2083, .F. ) ;
#8828 = SURFACE_STYLE_USAGE ( .BOTH. , #3647 ) ;
#8830 = ADVANCED_FACE ( 'NONE', ( #4097 ), #3366, .T. ) ;
#8829 = DIRECTION ( 'NONE',  ( 0.000000000000000000, 1.000000000000000000, 0.000000000000000000 ) ) ;
#8831 = CARTESIAN_POINT ( 'NONE',  ( -1.349999999999999867, 0.2000000000000000111, -0.8499999999999999778 ) ) ;
#8832 = LINE ( 'NONE', #3740, #8825 ) ;
#8833 = AXIS2_PLACEMENT_3D ( 'NONE', #6930, #6247, #5511 ) ;
#8834 = AXIS2_PLACEMENT_3D ( 'NONE', #3397, #2661, #4907 ) ;
#8835 = DIRECTION ( 'NONE',  ( -1.000000000000000000, 0.000000000000000000, 3.942553354492743531E-16 ) ) ;
#8836 = ADVANCED_FACE ( 'NONE', ( #7869 ), #1154, .T. ) ;
#8837 = ORIENTED_EDGE ( 'NONE', *, *, #7247, .F. ) ;
#8838 = DIRECTION ( 'NONE',  ( -1.000000000000000000, 0.000000000000000000, 3.942553354492743531E-16 ) ) ;
#8839 = VERTEX_POINT ( 'NONE', #5655 ) ;
#8840 = ORIENTED_EDGE ( 'NONE', *, *, #3341, .F. ) ;
#8841 = CARTESIAN_POINT ( 'NONE',  ( 1.725000000000000755, 0.1999999999999999833, -0.8749999999999993339 ) ) ;
#8843 = EDGE_CURVE ( 'NONE', #1763, #2930, #8637, .T. ) ;
#8842 = CARTESIAN_POINT ( 'NONE',  ( 1.999999999999999112, 0.1999999999999996503, -0.6250000000000005551 ) ) ;
#8844 = DIRECTION ( 'NONE',  ( 0.000000000000000000, 1.000000000000000000, 0.000000000000000000 ) ) ;
#8845 = STYLED_ITEM ( 'NONE', ( #5897 ), #6767 ) ;
#8846 = AXIS2_PLACEMENT_3D ( 'NONE', #8130, #2116, #4315 ) ;
#8847 = EDGE_CURVE ( 'NONE', #8295, #3894, #5978, .T. ) ;
#8848 = DIRECTION ( 'NONE',  ( 1.000000000000000000, -0.000000000000000000, 3.942553354492743531E-16 ) ) ;
#8849 = ORIENTED_EDGE ( 'NONE', *, *, #2976, .T. ) ;
#8850 = DIRECTION ( 'NONE',  ( 1.000000000000000000, 0.000000000000000000, 7.885106708985511714E-16 ) ) ;
#8851 = CARTESIAN_POINT ( 'NONE',  ( 0.7500000000000006661, 0.000000000000000000, 1.225000000000000533 ) ) ;
#8852 = EDGE_CURVE ( 'NONE', #795, #6967, #3058, .T. ) ;
#8853 = AXIS2_PLACEMENT_3D ( 'NONE', #9223, #2468, #6233 ) ;
#8854 = VERTEX_POINT ( 'NONE', #5160 ) ;
#8855 = FACE_OUTER_BOUND ( 'NONE', #8812, .T. ) ;
#8856 = VERTEX_POINT ( 'NONE', #1348 ) ;
#8857 = ORIENTED_EDGE ( 'NONE', *, *, #2192, .T. ) ;
#8858 = DIRECTION ( 'NONE',  ( 0.000000000000000000, 0.000000000000000000, -1.000000000000000000 ) ) ;
#8859 = CARTESIAN_POINT ( 'NONE',  ( 1.350000000000000089, 0.2000000000000000111, 0.8499999999999997558 ) ) ;
#8860 = CARTESIAN_POINT ( 'NONE',  ( -0.6249999999999987788, 0.1000000000000000472, 1.500000000000000444 ) ) ;
#8862 = CARTESIAN_POINT ( 'NONE',  ( 2.000000000000000888, 0.1999999999999999833, 0.1250000000000005551 ) ) ;
#8861 = VECTOR ( 'NONE', #6878, 1000.000000000000000 ) ;
#8863 = ORIENTED_EDGE ( 'NONE', *, *, #6011, .F. ) ;
#8864 = LINE ( 'NONE', #1384, #1606 ) ;
#8865 = ORIENTED_EDGE ( 'NONE', *, *, #8132, .F. ) ;
#8866 = VECTOR ( 'NONE', #8689, 1000.000000000000000 ) ;
#8867 = DIRECTION ( 'NONE',  ( 0.000000000000000000, -0.000000000000000000, 1.000000000000000000 ) ) ;
#8868 = ORIENTED_EDGE ( 'NONE', *, *, #9153, .F. ) ;
#8869 = EDGE_CURVE ( 'NONE', #6113, #118, #5845, .T. ) ;
#8870 = PLANE ( 'NONE',  #6599 ) ;
#8871 = AXIS2_PLACEMENT_3D ( 'NONE', #3760, #9052, #5323 ) ;
#8872 = DIRECTION ( 'NONE',  ( -1.577021341797097018E-15, 0.000000000000000000, -1.000000000000000000 ) ) ;
#8873 = LINE ( 'NONE', #686, #4904 ) ;
#8874 = VERTEX_POINT ( 'NONE', #4428 ) ;
#8875 = CARTESIAN_POINT ( 'NONE',  ( -1.349999999999999867, 0.05000000000000000278, -0.8499999999999999778 ) ) ;
#8876 = VECTOR ( 'NONE', #2546, 1000.000000000000000 ) ;
#8877 = VERTEX_POINT ( 'NONE', #6673 ) ;
#8878 = CARTESIAN_POINT ( 'NONE',  ( 1.250000000000000666, 0.2000000000000000111, 1.225000000000000533 ) ) ;
#8879 = DIRECTION ( 'NONE',  ( -1.000000000000000000, 0.000000000000000000, 3.469446951953617739E-15 ) ) ;
#8880 =( LENGTH_UNIT ( ) NAMED_UNIT ( * ) SI_UNIT ( .MILLI., .METRE. ) );
#8881 = EDGE_CURVE ( 'NONE', #7181, #336, #1397, .T. ) ;
#8882 = ORIENTED_EDGE ( 'NONE', *, *, #4467, .F. ) ;
#8883 = DIRECTION ( 'NONE',  ( 1.000000000000000000, 0.000000000000000000, 0.000000000000000000 ) ) ;
#8884 = PRESENTATION_LAYER_ASSIGNMENT (  '', '', ( #4040 ) ) ;
#8885 = LINE ( 'NONE', #12, #5919 ) ;
#8886 = EDGE_CURVE ( 'NONE', #9344, #1455, #5116, .T. ) ;
#8887 = VERTEX_POINT ( 'NONE', #7378 ) ;
#8888 = ORIENTED_EDGE ( 'NONE', *, *, #9625, .F. ) ;
#8889 = ORIENTED_EDGE ( 'NONE', *, *, #2916, .T. ) ;
#8890 = DIRECTION ( 'NONE',  ( 0.000000000000000000, 1.000000000000000000, -0.000000000000000000 ) ) ;
#8891 = ADVANCED_FACE ( 'NONE', ( #643 ), #7421, .T. ) ;
#8892 = CARTESIAN_POINT ( 'NONE',  ( -1.725000000000001199, 0.6716990566028313570, -1.000000000000000222 ) ) ;
#8893 = EDGE_CURVE ( 'NONE', #8465, #9505, #2920, .T. ) ;
#8894 = ORIENTED_EDGE ( 'NONE', *, *, #7310, .F. ) ;
#8895 = CARTESIAN_POINT ( 'NONE',  ( -1.725000000000000755, 0.2000000000000000944, 0.1250000000000006661 ) ) ;
#8896 = ADVANCED_FACE ( 'NONE', ( #8236 ), #6665, .F. ) ;
#8897 = ORIENTED_EDGE ( 'NONE', *, *, #3507, .F. ) ;
#8898 = CARTESIAN_POINT ( 'NONE',  ( -0.1249999999999988065, 0.1000000000000000056, -1.450000000000000622 ) ) ;
#8899 = VERTEX_POINT ( 'NONE', #9019 ) ;
#8900 = CARTESIAN_POINT ( 'NONE',  ( -0.6249999999999988898, 0.6716990566028301357, 1.450000000000000178 ) ) ;
#8901 = CARTESIAN_POINT ( 'NONE',  ( 1.125000000000000666, 0.2000000000000000111, 1.500000000000000444 ) ) ;
#8902 = CARTESIAN_POINT ( 'NONE',  ( -1.950000000000001066, 0.6716990566028313570, -0.1249999999999992645 ) ) ;
#8903 = PLANE ( 'NONE',  #6616 ) ;
#8904 = EDGE_CURVE ( 'NONE', #1497, #8229, #9667, .T. ) ;
#8905 = VECTOR ( 'NONE', #5955, 1000.000000000000000 ) ;
#8906 = ORIENTED_EDGE ( 'NONE', *, *, #6858, .F. ) ;
#8907 = DIRECTION ( 'NONE',  ( 0.000000000000000000, -0.000000000000000000, 1.000000000000000000 ) ) ;
#8908 = EDGE_CURVE ( 'NONE', #5079, #3828, #9065, .T. ) ;
#8909 = ORIENTED_EDGE ( 'NONE', *, *, #7004, .F. ) ;
#8910 = EDGE_CURVE ( 'NONE', #2135, #539, #2219, .T. ) ;
#8911 = ORIENTED_EDGE ( 'NONE', *, *, #6509, .F. ) ;
#8912 = DIRECTION ( 'NONE',  ( 0.000000000000000000, 0.000000000000000000, 1.000000000000000000 ) ) ;
#8913 = DIRECTION ( 'NONE',  ( 0.000000000000000000, -1.000000000000000000, 0.000000000000000000 ) ) ;
#8914 = CARTESIAN_POINT ( 'NONE',  ( -1.124999999999999112, 0.6716990566028301357, -1.450000000000000622 ) ) ;
#8915 = FACE_OUTER_BOUND ( 'NONE', #5049, .T. ) ;
#8916 = ORIENTED_EDGE ( 'NONE', *, *, #7842, .T. ) ;
#8917 = DIRECTION ( 'NONE',  ( 1.000000000000000000, -0.000000000000000000, 3.942553354492743531E-16 ) ) ;
#8918 = PLANE ( 'NONE',  #5393 ) ;
#8919 = FACE_OUTER_BOUND ( 'NONE', #1518, .T. ) ;
#8920 = CARTESIAN_POINT ( 'NONE',  ( 1.250000000000000666, 0.2000000000000000111, -1.225000000000000533 ) ) ;
#8921 = ORIENTED_EDGE ( 'NONE', *, *, #3467, .T. ) ;
#8922 = LINE ( 'NONE', #8779, #4325 ) ;
#8923 = DIRECTION ( 'NONE',  ( -1.577021341797097018E-15, -0.000000000000000000, 1.000000000000000000 ) ) ;
#8924 = VERTEX_POINT ( 'NONE', #3001 ) ;
#8925 = LINE ( 'NONE', #6726, #3677 ) ;
#8926 = VECTOR ( 'NONE', #2348, 1000.000000000000000 ) ;
#8927 = LINE ( 'NONE', #8153, #7649 ) ;
#8928 = VERTEX_POINT ( 'NONE', #6071 ) ;
#8929 = FACE_OUTER_BOUND ( 'NONE', #7855, .T. ) ;
#8930 = ORIENTED_EDGE ( 'NONE', *, *, #3759, .F. ) ;
#8931 = DIRECTION ( 'NONE',  ( -0.000000000000000000, 0.000000000000000000, -1.000000000000000000 ) ) ;
#8932 = CARTESIAN_POINT ( 'NONE',  ( 1.950000000000002176, 0.1000000000000000056, -1.450000000000000622 ) ) ;
#8933 = CARTESIAN_POINT ( 'NONE',  ( -0.1249999999999996808, 0.2000000000000000111, 1.225000000000000755 ) ) ;
#8934 = EDGE_LOOP ( 'NONE', ( #7492, #2983, #2224, #1913 ) ) ;
#8935 = CARTESIAN_POINT ( 'NONE',  ( 1.950000000000002176, 0.1000000000000000056, -1.450000000000000622 ) ) ;
#8936 = AXIS2_PLACEMENT_3D ( 'NONE', #2492, #8361, #7644 ) ;
#8937 = ORIENTED_EDGE ( 'NONE', *, *, #1002, .F. ) ;
#8938 = EDGE_CURVE ( 'NONE', #4290, #8199, #2176, .T. ) ;
#8939 = ORIENTED_EDGE ( 'NONE', *, *, #4838, .F. ) ;
#8940 = EDGE_CURVE ( 'NONE', #1358, #8370, #2636, .T. ) ;
#8941 = VECTOR ( 'NONE', #3546, 1000.000000000000000 ) ;
#8942 = CARTESIAN_POINT ( 'NONE',  ( 1.125000000000000888, 0.6716990566028301357, 1.225000000000000311 ) ) ;
#8943 = DIRECTION ( 'NONE',  ( -0.000000000000000000, -1.000000000000000000, -0.000000000000000000 ) ) ;
#8944 = FILL_AREA_STYLE_COLOUR ( '', #1149 ) ;
#8945 = DIRECTION ( 'NONE',  ( -0.000000000000000000, -0.000000000000000000, -1.000000000000000000 ) ) ;
#8946 = VECTOR ( 'NONE', #1465, 1000.000000000000000 ) ;
#8947 = CIRCLE ( 'NONE', #1290, 0.1250000000000000555 ) ;
#8948 = CARTESIAN_POINT ( 'NONE',  ( 1.725000000000000755, 0.6716990566028313570, 0.1250000000000006661 ) ) ;
#8949 = CARTESIAN_POINT ( 'NONE',  ( -0.8749999999999994449, 0.6716990566028301357, -1.500000000000000444 ) ) ;
#8950 = ORIENTED_EDGE ( 'NONE', *, *, #5924, .F. ) ;
#8951 = ADVANCED_FACE ( 'NONE', ( #6024 ), #5194, .F. ) ;
#8952 = AXIS2_PLACEMENT_3D ( 'NONE', #2112, #1411, #717 ) ;
#8953 = MECHANICAL_DESIGN_GEOMETRIC_PRESENTATION_REPRESENTATION (  '', ( #8652 ), #8806 ) ;
#8954 = VERTEX_POINT ( 'NONE', #7552 ) ;
#8955 = LINE ( 'NONE', #543, #8941 ) ;
#8956 = ADVANCED_FACE ( 'NONE', ( #4565 ), #1478, .F. ) ;
#8957 = ADVANCED_FACE ( 'NONE', ( #3052 ), #7414, .F. ) ;
#8958 = UNCERTAINTY_MEASURE_WITH_UNIT (LENGTH_MEASURE( 1.000000000000000082E-05 ), #8880, 'distance_accuracy_value', 'NONE');
#8959 = AXIS2_PLACEMENT_3D ( 'NONE', #7978, #2004, #9436 ) ;
#8960 = LINE ( 'NONE', #7508, #5564 ) ;
#8961 = DIRECTION ( 'NONE',  ( 0.000000000000000000, -1.000000000000000000, 0.000000000000000000 ) ) ;
#8962 = DIRECTION ( 'NONE',  ( -3.154042683594198769E-15, 0.000000000000000000, 1.000000000000000000 ) ) ;
#8963 = VECTOR ( 'NONE', #7199, 1000.000000000000000 ) ;
#8964 = EDGE_LOOP ( 'NONE', ( #8587, #6419, #4503, #6473, #8868, #2531 ) ) ;
#8965 = CARTESIAN_POINT ( 'NONE',  ( -1.950000000000001066, 0.000000000000000000, 0.8750000000000007772 ) ) ;
#8966 = CARTESIAN_POINT ( 'NONE',  ( -2.000000000000000888, 0.1999999999999996503, 1.125000000000000444 ) ) ;
#8967 = EDGE_CURVE ( 'NONE', #3788, #2835, #5971, .T. ) ;
#8968 = CARTESIAN_POINT ( 'NONE',  ( 1.125000000000000666, 0.6716990566028301357, 1.450000000000000178 ) ) ;
#8969 = VECTOR ( 'NONE', #8557, 1000.000000000000000 ) ;
#8970 = ORIENTED_EDGE ( 'NONE', *, *, #6681, .T. ) ;
#8971 = CARTESIAN_POINT ( 'NONE',  ( 0.6000000000000000888, 2.280865204668480750, 0.8499999999999997558 ) ) ;
#8972 = VECTOR ( 'NONE', #8147, 1000.000000000000000 ) ;
#8973 =( NAMED_UNIT ( * ) PLANE_ANGLE_UNIT ( ) SI_UNIT ( $, .RADIAN. ) );
#8974 = ORIENTED_EDGE ( 'NONE', *, *, #5667, .T. ) ;
#8975 = DIRECTION ( 'NONE',  ( -1.000000000000000000, 0.000000000000000000, 0.000000000000000000 ) ) ;
#8976 =( GEOMETRIC_REPRESENTATION_CONTEXT ( 3 ) GLOBAL_UNCERTAINTY_ASSIGNED_CONTEXT ( ( #5448 ) ) GLOBAL_UNIT_ASSIGNED_CONTEXT ( ( #4384, #4340, #4978 ) ) REPRESENTATION_CONTEXT ( 'NONE', 'WORKASPACE' ) );
#8977 = VECTOR ( 'NONE', #1106, 1000.000000000000000 ) ;
#8978 = DIRECTION ( 'NONE',  ( 0.000000000000000000, 1.000000000000000000, 0.000000000000000000 ) ) ;
#8979 = VECTOR ( 'NONE', #7419, 1000.000000000000000 ) ;
#8980 = ORIENTED_EDGE ( 'NONE', *, *, #2387, .F. ) ;
#8981 = EDGE_LOOP ( 'NONE', ( #4694, #8930, #307, #5466 ) ) ;
#8982 = CARTESIAN_POINT ( 'NONE',  ( -0.6249999999999996669, 0.000000000000000000, -1.225000000000000755 ) ) ;
#8983 = ORIENTED_EDGE ( 'NONE', *, *, #7919, .F. ) ;
#8984 = ORIENTED_EDGE ( 'NONE', *, *, #7773, .F. ) ;
#8985 = DIRECTION ( 'NONE',  ( 0.000000000000000000, -0.000000000000000000, 1.000000000000000000 ) ) ;
#8986 = CARTESIAN_POINT ( 'NONE',  ( -2.000000000000000000, 0.1000000000000000472, 0.3750000000000007772 ) ) ;
#8987 = VECTOR ( 'NONE', #7221, 1000.000000000000000 ) ;
#8988 = LINE ( 'NONE', #6047, #1498 ) ;
#8989 = EDGE_CURVE ( 'NONE', #8229, #1026, #820, .T. ) ;
#8990 = VECTOR ( 'NONE', #4323, 1000.000000000000000 ) ;
#8991 = AXIS2_PLACEMENT_3D ( 'NONE', #2406, #7654, #2267 ) ;
#8992 = CARTESIAN_POINT ( 'NONE',  ( -1.950000000000001066, 0.1000000000000000056, -0.3749999999999994449 ) ) ;
#8993 = ORIENTED_EDGE ( 'NONE', *, *, #9613, .T. ) ;
#8994 = DIRECTION ( 'NONE',  ( 0.000000000000000000, -1.000000000000000000, 0.000000000000000000 ) ) ;
#8995 = EDGE_LOOP ( 'NONE', ( #7198, #2307, #1926, #2575 ) ) ;
#8996 = ORIENTED_EDGE ( 'NONE', *, *, #2328, .T. ) ;
#8997 = ORIENTED_EDGE ( 'NONE', *, *, #2513, .F. ) ;
#8998 = DIRECTION ( 'NONE',  ( -3.469446951953617739E-15, 0.000000000000000000, 1.000000000000000000 ) ) ;
#8999 = VECTOR ( 'NONE', #4571, 1000.000000000000000 ) ;
#9000 = AXIS2_PLACEMENT_3D ( 'NONE', #8717, #2892, #3578 ) ;
#9001 = DIRECTION ( 'NONE',  ( 1.000000000000000000, 0.000000000000000000, -3.942553354492743531E-16 ) ) ;
#9002 = DIRECTION ( 'NONE',  ( -0.000000000000000000, -1.000000000000000000, -0.000000000000000000 ) ) ;
#9003 = LINE ( 'NONE', #2303, #8987 ) ;
#9004 = ADVANCED_FACE ( 'NONE', ( #2359 ), #5335, .F. ) ;
#9005 = VECTOR ( 'NONE', #105, 1000.000000000000000 ) ;
#9006 = DIRECTION ( 'NONE',  ( 1.000000000000000000, -0.000000000000000000, 3.942553354492743531E-16 ) ) ;
#9007 = VERTEX_POINT ( 'NONE', #4892 ) ;
#9008 = DIRECTION ( 'NONE',  ( -1.000000000000000000, 0.000000000000000000, 1.084202172485504681E-16 ) ) ;
#9009 = VERTEX_POINT ( 'NONE', #9404 ) ;
#9010 = VERTEX_POINT ( 'NONE', #5678 ) ;
#9011 = EDGE_CURVE ( 'NONE', #3838, #7076, #7986, .T. ) ;
#9012 = FACE_OUTER_BOUND ( 'NONE', #13, .T. ) ;
#9013 = VECTOR ( 'NONE', #7739, 1000.000000000000000 ) ;
#9014 = VERTEX_POINT ( 'NONE', #7253 ) ;
#9015 = DIRECTION ( 'NONE',  ( 1.577021341797097215E-15, 0.000000000000000000, -1.000000000000000000 ) ) ;
#9016 = EDGE_CURVE ( 'NONE', #4677, #5866, #6057, .T. ) ;
#9017 = EDGE_CURVE ( 'NONE', #7358, #6347, #7049, .T. ) ;
#9018 = DIRECTION ( 'NONE',  ( 0.000000000000000000, -0.000000000000000000, 1.000000000000000000 ) ) ;
#9019 = CARTESIAN_POINT ( 'NONE',  ( -0.2499999999999993616, 0.2000000000000000111, 1.100000000000000977 ) ) ;
#9020 = LINE ( 'NONE', #5291, #1297 ) ;
#9021 = VECTOR ( 'NONE', #3375, 1000.000000000000000 ) ;
#9022 = ORIENTED_EDGE ( 'NONE', *, *, #2083, .T. ) ;
#9023 = LINE ( 'NONE', #7375, #8413 ) ;
#9024 = ADVANCED_FACE ( 'NONE', ( #3520 ), #7947, .F. ) ;
#9025 = ORIENTED_EDGE ( 'NONE', *, *, #5749, .T. ) ;
#9026 = CARTESIAN_POINT ( 'NONE',  ( -1.606107883817426973, 0.8000000000000000444, -1.099419087136932704 ) ) ;
#9027 = DIRECTION ( 'NONE',  ( -1.000000000000000000, 0.000000000000000000, -3.942553354492743531E-16 ) ) ;
#9028 = DIRECTION ( 'NONE',  ( 0.000000000000000000, 0.000000000000000000, -1.000000000000000000 ) ) ;
#9029 = CYLINDRICAL_SURFACE ( 'NONE', #5392, 0.1250000000000001110 ) ;
#9030 = VECTOR ( 'NONE', #5020, 1000.000000000000000 ) ;
#9031 = EDGE_CURVE ( 'NONE', #4808, #5591, #8658, .T. ) ;
#9032 = PLANE ( 'NONE',  #8584 ) ;
#9033 = CIRCLE ( 'NONE', #2796, 0.1249999999999996808 ) ;
#9034 = ORIENTED_EDGE ( 'NONE', *, *, #6222, .T. ) ;
#9035 = CARTESIAN_POINT ( 'NONE',  ( 2.000000000000000888, 0.1999999999999999833, -0.3749999999999994449 ) ) ;
#9036 = EDGE_LOOP ( 'NONE', ( #3966, #4830, #813, #4821 ) ) ;
#9037 = VERTEX_POINT ( 'NONE', #2407 ) ;
#9038 = VERTEX_POINT ( 'NONE', #3469 ) ;
#9039 = DIRECTION ( 'NONE',  ( 1.000000000000000000, 0.000000000000000000, -3.942553354492743531E-16 ) ) ;
#9040 =( LENGTH_UNIT ( ) NAMED_UNIT ( * ) SI_UNIT ( .MILLI., .METRE. ) );
#9041 = LINE ( 'NONE', #5995, #682 ) ;
#9042 = VECTOR ( 'NONE', #4533, 1000.000000000000000 ) ;
#9043 = CARTESIAN_POINT ( 'NONE',  ( 0.8750000000000012212, 0.1000000000000000056, 1.450000000000000178 ) ) ;
#9044 = EDGE_LOOP ( 'NONE', ( #542, #1963, #262, #3280, #8442 ) ) ;
#9045 = DIRECTION ( 'NONE',  ( -0.000000000000000000, -1.000000000000000000, -0.000000000000000000 ) ) ;
#9046 = ORIENTED_EDGE ( 'NONE', *, *, #4959, .T. ) ;
#9047 = PLANE ( 'NONE',  #8543 ) ;
#9048 = VERTEX_POINT ( 'NONE', #381 ) ;
#9049 = CARTESIAN_POINT ( 'NONE',  ( -0.7499999999999993339, 0.2000000000000000111, 1.225000000000000533 ) ) ;
#9050 = DIRECTION ( 'NONE',  ( -1.000000000000000000, 0.000000000000000000, 3.942553354492743531E-16 ) ) ;
#9051 = DIRECTION ( 'NONE',  ( 0.000000000000000000, -0.000000000000000000, -1.000000000000000000 ) ) ;
#9052 = DIRECTION ( 'NONE',  ( 0.000000000000000000, -1.000000000000000000, 0.000000000000000000 ) ) ;
#9053 = SURFACE_STYLE_FILL_AREA ( #84 ) ;
#9054 = CARTESIAN_POINT ( 'NONE',  ( 0.000000000000000000, 0.1000000000000000056, 0.000000000000000000 ) ) ;
#9055 = CARTESIAN_POINT ( 'NONE',  ( -1.725000000000000755, 0.1999999999999999833, -0.8749999999999993339 ) ) ;
#9056 = VERTEX_POINT ( 'NONE', #5630 ) ;
#9057 = FACE_OUTER_BOUND ( 'NONE', #9694, .T. ) ;
#9058 = ORIENTED_EDGE ( 'NONE', *, *, #2210, .T. ) ;
#9059 = ORIENTED_EDGE ( 'NONE', *, *, #5503, .T. ) ;
#9060 = EDGE_CURVE ( 'NONE', #6692, #5239, #468, .T. ) ;
#9061 = ORIENTED_EDGE ( 'NONE', *, *, #8424, .F. ) ;
#9062 = CARTESIAN_POINT ( 'NONE',  ( -1.249999999999999334, 0.04999999999999999584, 1.225000000000000533 ) ) ;
#9063 = PRODUCT_DEFINITION_CONTEXT ( 'detailed design', #3535, 'design' ) ;
#9064 = DIRECTION ( 'NONE',  ( 0.000000000000000000, 0.000000000000000000, 1.000000000000000000 ) ) ;
#9065 = LINE ( 'NONE', #1525, #5910 ) ;
#9066 = CARTESIAN_POINT ( 'NONE',  ( -1.725000000000001199, 0.000000000000000000, -2.168404344971008868E-16 ) ) ;
#9067 = ORIENTED_EDGE ( 'NONE', *, *, #153, .F. ) ;
#9068 = DIRECTION ( 'NONE',  ( 0.000000000000000000, -1.000000000000000000, 0.000000000000000000 ) ) ;
#9069 = DIRECTION ( 'NONE',  ( 0.000000000000000000, 1.000000000000000000, 0.000000000000000000 ) ) ;
#9070 = CARTESIAN_POINT ( 'NONE',  ( -1.606107883817426973, 0.6999999999999999556, -1.099419087136932704 ) ) ;
#9071 = ADVANCED_FACE ( 'NONE', ( #7844 ), #1172, .T. ) ;
#9072 = EDGE_CURVE ( 'NONE', #315, #6290, #585, .T. ) ;
#9073 = ORIENTED_EDGE ( 'NONE', *, *, #5546, .T. ) ;
#9074 = CARTESIAN_POINT ( 'NONE',  ( -1.725000000000000755, 0.1999999999999999833, 0.6250000000000006661 ) ) ;
#9075 = VECTOR ( 'NONE', #2459, 1000.000000000000000 ) ;
#9076 = CARTESIAN_POINT ( 'NONE',  ( -1.606107883817426973, 0.6999999999999999556, -1.099419087136932704 ) ) ;
#9077 = EDGE_LOOP ( 'NONE', ( #7368, #9022, #7226, #2499, #5101, #8477 ) ) ;
#9078 = LINE ( 'NONE', #4042, #5892 ) ;
#9079 = VERTEX_POINT ( 'NONE', #1121 ) ;
#9080 = EDGE_LOOP ( 'NONE', ( #593, #126, #1823, #3841, #1009, #3666 ) ) ;
#9081 = EDGE_CURVE ( 'NONE', #4452, #990, #7015, .T. ) ;
#9082 = PLANE ( 'NONE',  #7800 ) ;
#9083 = ORIENTED_EDGE ( 'NONE', *, *, #5732, .T. ) ;
#9084 = FACE_OUTER_BOUND ( 'NONE', #8494, .T. ) ;
#9085 = CARTESIAN_POINT ( 'NONE',  ( -0.1500000000000000222, 0.2000000000000000111, 0.8499999999999999778 ) ) ;
#9086 = FACE_OUTER_BOUND ( 'NONE', #5088, .T. ) ;
#9087 = VECTOR ( 'NONE', #3945, 1000.000000000000000 ) ;
#9088 = EDGE_CURVE ( 'NONE', #92, #8098, #9306, .T. ) ;
#9089 = ADVANCED_FACE ( 'NONE', ( #6309 ), #9452, .T. ) ;
#9090 =( LENGTH_UNIT ( ) NAMED_UNIT ( * ) SI_UNIT ( .MILLI., .METRE. ) );
#9091 = ORIENTED_EDGE ( 'NONE', *, *, #2164, .T. ) ;
#9092 = CARTESIAN_POINT ( 'NONE',  ( 1.950000000000002176, 0.1000000000000000056, -1.450000000000000622 ) ) ;
#9093 = ORIENTED_EDGE ( 'NONE', *, *, #8373, .F. ) ;
#9094 = EDGE_LOOP ( 'NONE', ( #60, #255, #1701, #7274 ) ) ;
#9095 = EDGE_LOOP ( 'NONE', ( #8266, #3391, #2298, #3956, #3716, #1788 ) ) ;
#9096 = EDGE_CURVE ( 'NONE', #4521, #4715, #5583, .T. ) ;
#9097 = DIRECTION ( 'NONE',  ( 0.000000000000000000, 0.000000000000000000, 1.000000000000000000 ) ) ;
#9098 = CARTESIAN_POINT ( 'NONE',  ( 1.950000000000002176, 0.6716990566028313570, -0.1249999999999992645 ) ) ;
#9099 = SURFACE_STYLE_FILL_AREA ( #1117 ) ;
#9100 = FACE_OUTER_BOUND ( 'NONE', #7924, .T. ) ;
#9101 = LINE ( 'NONE', #6164, #7734 ) ;
#9102 = VERTEX_POINT ( 'NONE', #1222 ) ;
#9103 = LINE ( 'NONE', #2399, #3345 ) ;
#9104 = ORIENTED_EDGE ( 'NONE', *, *, #2279, .T. ) ;
#9105 = ORIENTED_EDGE ( 'NONE', *, *, #3749, .T. ) ;
#9106 = VERTEX_POINT ( 'NONE', #1269 ) ;
#9107 = VECTOR ( 'NONE', #7944, 1000.000000000000000 ) ;
#9108 = CARTESIAN_POINT ( 'NONE',  ( 1.350000000000000089, 0.2000000000000000944, 0.8499999999999997558 ) ) ;
#9109 = CARTESIAN_POINT ( 'NONE',  ( 1.950000000000002176, 0.1000000000000000056, 1.450000000000000178 ) ) ;
#9110 = DIRECTION ( 'NONE',  ( -1.000000000000000000, 0.000000000000000000, -3.942553354492743531E-16 ) ) ;
#9111 = DIRECTION ( 'NONE',  ( 0.000000000000000000, -1.000000000000000000, 0.000000000000000000 ) ) ;
#9112 = ORIENTED_EDGE ( 'NONE', *, *, #6558, .T. ) ;
#9113 = DIRECTION ( 'NONE',  ( 0.000000000000000000, -1.000000000000000000, 0.000000000000000000 ) ) ;
#9114 = DIRECTION ( 'NONE',  ( -1.000000000000000000, 0.000000000000000000, 7.885106708985511714E-16 ) ) ;
#9115 = CARTESIAN_POINT ( 'NONE',  ( -2.000000000000000888, 0.2000000000000000944, -0.8749999999999994449 ) ) ;
#9116 = EDGE_LOOP ( 'NONE', ( #930, #8007, #2827, #3510 ) ) ;
#9117 = LINE ( 'NONE', #1680, #7603 ) ;
#9118 = DIRECTION ( 'NONE',  ( 0.000000000000000000, 1.000000000000000000, 0.000000000000000000 ) ) ;
#9119 = VECTOR ( 'NONE', #7949, 1000.000000000000000 ) ;
#9120 = AXIS2_PLACEMENT_3D ( 'NONE', #1705, #2491, #1751 ) ;
#9121 = EDGE_CURVE ( 'NONE', #4979, #3288, #6361, .T. ) ;
#9122 = AXIS2_PLACEMENT_3D ( 'NONE', #1162, #7139, #4794 ) ;
#9123 = ORIENTED_EDGE ( 'NONE', *, *, #503, .T. ) ;
#9124 = CARTESIAN_POINT ( 'NONE',  ( 1.125000000000000888, 0.1999999999999999833, 1.225000000000000311 ) ) ;
#9125 = ORIENTED_EDGE ( 'NONE', *, *, #9689, .F. ) ;
#9126 = VERTEX_POINT ( 'NONE', #4211 ) ;
#9127 = EDGE_CURVE ( 'NONE', #5224, #4117, #5725, .T. ) ;
#9128 = DIRECTION ( 'NONE',  ( 1.000000000000000000, -0.000000000000000000, -0.000000000000000000 ) ) ;
#9129 = VERTEX_POINT ( 'NONE', #5532 ) ;
#9130 = PLANE ( 'NONE',  #2132 ) ;
#9131 = CARTESIAN_POINT ( 'NONE',  ( 1.950000000000002176, 0.1000000000000000056, -1.450000000000000622 ) ) ;
#9132 = PLANE ( 'NONE',  #7278 ) ;
#9133 = LINE ( 'NONE', #8400, #6952 ) ;
#9134 = VECTOR ( 'NONE', #6738, 1000.000000000000000 ) ;
#9135 = VECTOR ( 'NONE', #8931, 1000.000000000000000 ) ;
#9136 = EDGE_CURVE ( 'NONE', #614, #3411, #3389, .T. ) ;
#9137 = FACE_OUTER_BOUND ( 'NONE', #8732, .T. ) ;
#9138 = AXIS2_PLACEMENT_3D ( 'NONE', #2868, #599, #743 ) ;
#9139 = ORIENTED_EDGE ( 'NONE', *, *, #6990, .T. ) ;
#9140 = DIRECTION ( 'NONE',  ( 0.000000000000000000, -1.000000000000000000, 0.000000000000000000 ) ) ;
#9141 = ORIENTED_EDGE ( 'NONE', *, *, #293, .T. ) ;
#9142 = EDGE_LOOP ( 'NONE', ( #7023, #2299, #4988, #7624 ) ) ;
#9143 = VERTEX_POINT ( 'NONE', #8574 ) ;
#9144 = PLANE ( 'NONE',  #7325 ) ;
#9145 = CARTESIAN_POINT ( 'NONE',  ( 1.725000000000000755, 0.6716990566028313570, -0.8749999999999993339 ) ) ;
#9146 = EDGE_CURVE ( 'NONE', #4031, #7512, #6364, .T. ) ;
#9147 = MECHANICAL_DESIGN_GEOMETRIC_PRESENTATION_REPRESENTATION (  '', ( #4618 ), #8976 ) ;
#9148 = CARTESIAN_POINT ( 'NONE',  ( -1.374999999999999556, 0.2000000000000000111, -1.500000000000000444 ) ) ;
#9149 =( LENGTH_UNIT ( ) NAMED_UNIT ( * ) SI_UNIT ( .MILLI., .METRE. ) );
#9150 = AXIS2_PLACEMENT_3D ( 'NONE', #5122, #10, #5207 ) ;
#9151 = DIRECTION ( 'NONE',  ( 0.000000000000000000, -0.000000000000000000, 1.000000000000000000 ) ) ;
#9152 = CARTESIAN_POINT ( 'NONE',  ( 1.725000000000000755, 0.1999999999999999833, 0.6250000000000006661 ) ) ;
#9153 = EDGE_CURVE ( 'NONE', #4336, #1307, #1080, .T. ) ;
#9154 = CARTESIAN_POINT ( 'NONE',  ( 0.8750000000000011102, 0.000000000000000000, 1.450000000000000178 ) ) ;
#9155 = ORIENTED_EDGE ( 'NONE', *, *, #3049, .T. ) ;
#9156 = DIRECTION ( 'NONE',  ( 0.000000000000000000, 0.000000000000000000, 1.000000000000000000 ) ) ;
#9157 = CIRCLE ( 'NONE', #1015, 0.1250000000000001110 ) ;
#9158 = ORIENTED_EDGE ( 'NONE', *, *, #917, .F. ) ;
#9159 = VECTOR ( 'NONE', #3585, 1000.000000000000000 ) ;
#9160 = EDGE_LOOP ( 'NONE', ( #9105, #8096, #5952, #7514, #1493, #6710 ) ) ;
#9161 = ORIENTED_EDGE ( 'NONE', *, *, #1366, .T. ) ;
#9162 = DIRECTION ( 'NONE',  ( -0.000000000000000000, -1.000000000000000000, -0.000000000000000000 ) ) ;
#9163 = CIRCLE ( 'NONE', #3390, 0.1250000000000001110 ) ;
#9164 = PLANE ( 'NONE',  #6490 ) ;
#9165 = CARTESIAN_POINT ( 'NONE',  ( 1.725000000000000311, 0.000000000000000000, -1.000000000000000444 ) ) ;
#9166 = CARTESIAN_POINT ( 'NONE',  ( -0.6249999999999996669, 0.1999999999999999833, -1.225000000000000755 ) ) ;
#9167 = ORIENTED_EDGE ( 'NONE', *, *, #502, .T. ) ;
#9168 = AXIS2_PLACEMENT_3D ( 'NONE', #1230, #7209, #3476 ) ;
#9169 = CARTESIAN_POINT ( 'NONE',  ( 3.449734185181145721E-16, 0.05000000000000000278, -0.8749999999999986677 ) ) ;
#9170 = AXIS2_PLACEMENT_3D ( 'NONE', #9062, #5332, #96 ) ;
#9171 = EDGE_CURVE ( 'NONE', #5591, #6336, #7155, .T. ) ;
#9172 = ORIENTED_EDGE ( 'NONE', *, *, #6449, .F. ) ;
#9173 = CARTESIAN_POINT ( 'NONE',  ( 2.000000000000000000, 0.6716990566028312459, 0.8750000000000007772 ) ) ;
#9174 = LINE ( 'NONE', #2471, #3817 ) ;
#9175 = CARTESIAN_POINT ( 'NONE',  ( -1.950000000000001066, 0.6716990566028313570, -0.8749999999999994449 ) ) ;
#9176 = VECTOR ( 'NONE', #263, 1000.000000000000000 ) ;
#9177 = CARTESIAN_POINT ( 'NONE',  ( 0.7500000000000006661, 0.2000000000000000111, 1.225000000000000533 ) ) ;
#9178 = VERTEX_POINT ( 'NONE', #6312 ) ;
#9179 = DIRECTION ( 'NONE',  ( -0.000000000000000000, -1.000000000000000000, -0.000000000000000000 ) ) ;
#9180 = FACE_OUTER_BOUND ( 'NONE', #5637, .T. ) ;
#9181 = ORIENTED_EDGE ( 'NONE', *, *, #8366, .T. ) ;
#9182 = CIRCLE ( 'NONE', #421, 0.1249999999999996808 ) ;
#9183 = CARTESIAN_POINT ( 'NONE',  ( -0.3749999999999994449, 0.1000000000000000472, 1.500000000000000444 ) ) ;
#9184 = ORIENTED_EDGE ( 'NONE', *, *, #4586, .F. ) ;
#9185 = CARTESIAN_POINT ( 'NONE',  ( -2.000000000000000888, 6.599999999999999645, 1.500000000000000000 ) ) ;
#9186 = EDGE_CURVE ( 'NONE', #9143, #296, #1022, .T. ) ;
#9187 = LINE ( 'NONE', #9131, #992 ) ;
#9188 = PLANE ( 'NONE',  #9302 ) ;
#9189 = LINE ( 'NONE', #2431, #3973 ) ;
#9190 = EDGE_CURVE ( 'NONE', #3265, #3291, #5338, .T. ) ;
#9191 = AXIS2_PLACEMENT_3D ( 'NONE', #7000, #8510, #3233 ) ;
#9192 = ORIENTED_EDGE ( 'NONE', *, *, #5037, .F. ) ;
#9193 = CARTESIAN_POINT ( 'NONE',  ( 1.999999999999999112, 6.599999999999999645, -1.500000000000000444 ) ) ;
#9194 = VERTEX_POINT ( 'NONE', #7848 ) ;
#9195 = CARTESIAN_POINT ( 'NONE',  ( -1.725000000000000755, 0.6716990566028313570, 0.3749999999999996669 ) ) ;
#9196 = EDGE_LOOP ( 'NONE', ( #2565, #6135, #9507, #9073 ) ) ;
#9197 = ORIENTED_EDGE ( 'NONE', *, *, #4063, .F. ) ;
#9198 = EDGE_CURVE ( 'NONE', #4726, #3774, #7052, .T. ) ;
#9199 = CARTESIAN_POINT ( 'NONE',  ( -1.124999999999999778, 0.000000000000000000, 1.225000000000000755 ) ) ;
#9200 = EDGE_CURVE ( 'NONE', #6327, #315, #9033, .T. ) ;
#9201 = AXIS2_PLACEMENT_3D ( 'NONE', #4807, #4066, #335 ) ;
#9202 = CARTESIAN_POINT ( 'NONE',  ( -1.124999999999998890, 0.1000000000000002554, -1.500000000000000000 ) ) ;
#9203 = DIRECTION ( 'NONE',  ( 0.000000000000000000, -1.000000000000000000, 0.000000000000000000 ) ) ;
#9204 = CARTESIAN_POINT ( 'NONE',  ( -1.725000000000000755, 0.6716990566028313570, -0.3749999999999993339 ) ) ;
#9205 = EDGE_CURVE ( 'NONE', #9102, #1593, #7008, .T. ) ;
#9206 = EDGE_LOOP ( 'NONE', ( #1487, #2607, #1126, #1467 ) ) ;
#9207 = LINE ( 'NONE', #1565, #356 ) ;
#9208 = VECTOR ( 'NONE', #3458, 1000.000000000000000 ) ;
#9209 = ORIENTED_EDGE ( 'NONE', *, *, #1765, .T. ) ;
#9210 = PLANE ( 'NONE',  #4008 ) ;
#9211 = ORIENTED_EDGE ( 'NONE', *, *, #2457, .T. ) ;
#9212 = EDGE_CURVE ( 'NONE', #1277, #1216, #4670, .T. ) ;
#9213 = LINE ( 'NONE', #3097, #3231 ) ;
#9214 = DIRECTION ( 'NONE',  ( 1.577021341797097215E-15, 0.000000000000000000, -1.000000000000000000 ) ) ;
#9215 = VERTEX_POINT ( 'NONE', #1125 ) ;
#9216 = FACE_OUTER_BOUND ( 'NONE', #4490, .T. ) ;
#9217 = EDGE_CURVE ( 'NONE', #5587, #1679, #7099, .T. ) ;
#9218 = PLANE ( 'NONE',  #8834 ) ;
#9219 = CARTESIAN_POINT ( 'NONE',  ( 1.725000000000000755, 0.6716990566028312459, 1.125000000000000666 ) ) ;
#9220 = EDGE_CURVE ( 'NONE', #8954, #8072, #7333, .T. ) ;
#9221 = ORIENTED_EDGE ( 'NONE', *, *, #750, .F. ) ;
#9222 = FACE_OUTER_BOUND ( 'NONE', #3312, .T. ) ;
#9223 = CARTESIAN_POINT ( 'NONE',  ( 1.250000000000000666, 0.04999999999999999584, 1.225000000000000533 ) ) ;
#9224 = ORIENTED_EDGE ( 'NONE', *, *, #1302, .T. ) ;
#9225 = LINE ( 'NONE', #2515, #5241 ) ;
#9226 = ORIENTED_EDGE ( 'NONE', *, *, #3353, .F. ) ;
#9227 = CARTESIAN_POINT ( 'NONE',  ( -1.950000000000001066, 0.1000000000000000056, -1.450000000000000622 ) ) ;
#9228 = FACE_OUTER_BOUND ( 'NONE', #6645, .T. ) ;
#9229 =( LENGTH_UNIT ( ) NAMED_UNIT ( * ) SI_UNIT ( .MILLI., .METRE. ) );
#9230 = ORIENTED_EDGE ( 'NONE', *, *, #9480, .F. ) ;
#9231 = DIRECTION ( 'NONE',  ( 0.000000000000000000, -1.000000000000000000, 0.000000000000000000 ) ) ;
#9232 = CARTESIAN_POINT ( 'NONE',  ( -1.725000000000001199, 0.000000000000000000, -0.5000000000000002220 ) ) ;
#9233 = VERTEX_POINT ( 'NONE', #7556 ) ;
#9234 = ORIENTED_EDGE ( 'NONE', *, *, #153, .T. ) ;
#9235 = CARTESIAN_POINT ( 'NONE',  ( -0.8749999999999990008, 0.6716990566028301357, -1.225000000000000311 ) ) ;
#9236 = VERTEX_POINT ( 'NONE', #2271 ) ;
#9237 = DIRECTION ( 'NONE',  ( 0.000000000000000000, 0.000000000000000000, 1.000000000000000000 ) ) ;
#9238 = DIRECTION ( 'NONE',  ( 0.000000000000000000, -1.000000000000000000, 0.000000000000000000 ) ) ;
#9239 = PLANE ( 'NONE',  #57 ) ;
#9240 = ORIENTED_EDGE ( 'NONE', *, *, #2208, .T. ) ;
#9241 = LINE ( 'NONE', #3128, #7476 ) ;
#9242 = DIRECTION ( 'NONE',  ( -1.577021341797097018E-15, 0.000000000000000000, -1.000000000000000000 ) ) ;
#9243 = ORIENTED_EDGE ( 'NONE', *, *, #2191, .F. ) ;
#9244 = DIRECTION ( 'NONE',  ( 1.000000000000000000, -0.000000000000000000, 7.885106708985511714E-16 ) ) ;
#9245 = ORIENTED_EDGE ( 'NONE', *, *, #7470, .T. ) ;
#9246 = EDGE_LOOP ( 'NONE', ( #8970, #1265, #7205, #5839, #6756, #1637 ) ) ;
#9247 = CARTESIAN_POINT ( 'NONE',  ( 1.950000000000002176, 0.1000000000000000056, 1.450000000000000178 ) ) ;
#9248 = DIRECTION ( 'NONE',  ( 0.000000000000000000, 1.000000000000000000, 0.000000000000000000 ) ) ;
#9249 = DIRECTION ( 'NONE',  ( -1.000000000000000000, 0.000000000000000000, -3.942553354492743531E-16 ) ) ;
#9250 = CARTESIAN_POINT ( 'NONE',  ( 1.725000000000000311, 0.000000000000000000, 0.4999999999999995559 ) ) ;
#9251 = ORIENTED_EDGE ( 'NONE', *, *, #2041, .F. ) ;
#9252 = ADVANCED_FACE ( 'NONE', ( #5935 ), #3734, .F. ) ;
#9253 = DIRECTION ( 'NONE',  ( -0.000000000000000000, -1.000000000000000000, -0.000000000000000000 ) ) ;
#9254 = VECTOR ( 'NONE', #2505, 1000.000000000000000 ) ;
#9255 = DIRECTION ( 'NONE',  ( 0.000000000000000000, -1.000000000000000000, 0.000000000000000000 ) ) ;
#9256 = VERTEX_POINT ( 'NONE', #2959 ) ;
#9257 = ORIENTED_EDGE ( 'NONE', *, *, #7969, .T. ) ;
#9258 = EDGE_CURVE ( 'NONE', #9545, #2469, #6075, .T. ) ;
#9259 = DIRECTION ( 'NONE',  ( 0.000000000000000000, 1.000000000000000000, -0.000000000000000000 ) ) ;
#9260 = CARTESIAN_POINT ( 'NONE',  ( -1.249999999999999334, 0.2000000000000000111, -1.225000000000000533 ) ) ;
#9261 = ORIENTED_EDGE ( 'NONE', *, *, #6495, .T. ) ;
#9262 = DIRECTION ( 'NONE',  ( -1.577021341797097215E-15, 0.000000000000000000, -1.000000000000000000 ) ) ;
#9263 = UNCERTAINTY_MEASURE_WITH_UNIT (LENGTH_MEASURE( 1.000000000000000082E-05 ), #6755, 'distance_accuracy_value', 'NONE');
#9264 = DIRECTION ( 'NONE',  ( -1.577021341797097018E-15, -0.000000000000000000, 1.000000000000000000 ) ) ;
#9265 = DIRECTION ( 'NONE',  ( -1.000000000000000000, 0.000000000000000000, -3.154042683594199163E-15 ) ) ;
#9266 = EDGE_CURVE ( 'NONE', #1557, #399, #1393, .T. ) ;
#9267 = VERTEX_POINT ( 'NONE', #7513 ) ;
#9268 = VECTOR ( 'NONE', #7090, 1000.000000000000000 ) ;
#9269 = DIRECTION ( 'NONE',  ( 0.000000000000000000, 0.000000000000000000, -1.000000000000000000 ) ) ;
#9270 = FACE_OUTER_BOUND ( 'NONE', #8422, .T. ) ;
#9271 = VECTOR ( 'NONE', #9015, 1000.000000000000000 ) ;
#9272 = EDGE_CURVE ( 'NONE', #1709, #1909, #9670, .T. ) ;
#9273 = ORIENTED_EDGE ( 'NONE', *, *, #2766, .F. ) ;
#9274 = EDGE_CURVE ( 'NONE', #5730, #46, #7468, .T. ) ;
#9275 = ORIENTED_EDGE ( 'NONE', *, *, #7247, .T. ) ;
#9276 = PLANE ( 'NONE',  #4115 ) ;
#9277 = DIRECTION ( 'NONE',  ( -1.000000000000000000, 0.000000000000000000, 0.000000000000000000 ) ) ;
#9278 = AXIS2_PLACEMENT_3D ( 'NONE', #4223, #9265, #1978 ) ;
#9279 = EDGE_CURVE ( 'NONE', #6587, #4525, #6818, .T. ) ;
#9280 = AXIS2_PLACEMENT_3D ( 'NONE', #2807, #6593, #2070 ) ;
#9281 = ORIENTED_EDGE ( 'NONE', *, *, #3459, .F. ) ;
#9282 = CARTESIAN_POINT ( 'NONE',  ( 2.000000000000000000, 0.1999999999999999833, -0.6249999999999992228 ) ) ;
#9283 = LINE ( 'NONE', #1100, #3367 ) ;
#9284 = ORIENTED_EDGE ( 'NONE', *, *, #8674, .T. ) ;
#9285 = ORIENTED_EDGE ( 'NONE', *, *, #8010, .T. ) ;
#9286 = VECTOR ( 'NONE', #613, 1000.000000000000000 ) ;
#9287 = ORIENTED_EDGE ( 'NONE', *, *, #1906, .F. ) ;
#9288 = LINE ( 'NONE', #4196, #6489 ) ;
#9289 = EDGE_CURVE ( 'NONE', #6313, #1573, #9023, .T. ) ;
#9290 = LINE ( 'NONE', #1852, #1473 ) ;
#9291 = LINE ( 'NONE', #8401, #1341 ) ;
#9292 = DIRECTION ( 'NONE',  ( 0.000000000000000000, -0.000000000000000000, -1.000000000000000000 ) ) ;
#9293 = VECTOR ( 'NONE', #3376, 1000.000000000000000 ) ;
#9294 = DIRECTION ( 'NONE',  ( 0.000000000000000000, -0.000000000000000000, 1.000000000000000000 ) ) ;
#9295 = CARTESIAN_POINT ( 'NONE',  ( -1.725000000000001199, 0.6716990566028312459, 0.9999999999999997780 ) ) ;
#9296 = VECTOR ( 'NONE', #8923, 1000.000000000000000 ) ;
#9297 = ORIENTED_EDGE ( 'NONE', *, *, #4534, .T. ) ;
#9298 =( NAMED_UNIT ( * ) PLANE_ANGLE_UNIT ( ) SI_UNIT ( $, .RADIAN. ) );
#9299 = DIRECTION ( 'NONE',  ( 0.000000000000000000, 0.000000000000000000, 1.000000000000000000 ) ) ;
#9300 = ADVANCED_FACE ( 'NONE', ( #641 ), #103, .T. ) ;
#9301 = DIRECTION ( 'NONE',  ( -0.000000000000000000, -1.000000000000000000, -0.000000000000000000 ) ) ;
#9302 = AXIS2_PLACEMENT_3D ( 'NONE', #2482, #19, #3019 ) ;
#9303 = DIRECTION ( 'NONE',  ( 0.000000000000000000, -1.000000000000000000, 0.000000000000000000 ) ) ;
#9304 = VECTOR ( 'NONE', #7671, 1000.000000000000000 ) ;
#9305 = DIRECTION ( 'NONE',  ( 1.000000000000000000, 0.000000000000000000, 7.885106708985511714E-16 ) ) ;
#9306 = LINE ( 'NONE', #3334, #6228 ) ;
#9307 = ORIENTED_EDGE ( 'NONE', *, *, #8189, .F. ) ;
#9308 = CARTESIAN_POINT ( 'NONE',  ( 2.000000000000000888, 0.6716990566028313570, 0.6250000000000005551 ) ) ;
#9309 = DIRECTION ( 'NONE',  ( -0.000000000000000000, -1.000000000000000000, 0.000000000000000000 ) ) ;
#9310 = AXIS2_PLACEMENT_3D ( 'NONE', #7930, #9238, #5513 ) ;
#9311 = ORIENTED_EDGE ( 'NONE', *, *, #7470, .F. ) ;
#9312 = ORIENTED_EDGE ( 'NONE', *, *, #4945, .T. ) ;
#9313 = VECTOR ( 'NONE', #6912, 1000.000000000000000 ) ;
#9314 = LINE ( 'NONE', #3295, #3769 ) ;
#9315 = ORIENTED_EDGE ( 'NONE', *, *, #7842, .F. ) ;
#9316 = EDGE_CURVE ( 'NONE', #6087, #1697, #775, .T. ) ;
#9317 = CARTESIAN_POINT ( 'NONE',  ( -1.725000000000001199, 0.000000000000000000, 0.4999999999999997780 ) ) ;
#9318 = VECTOR ( 'NONE', #3537, 1000.000000000000000 ) ;
#9319 = DIRECTION ( 'NONE',  ( 0.000000000000000000, -1.000000000000000000, 0.000000000000000000 ) ) ;
#9320 = VECTOR ( 'NONE', #9563, 1000.000000000000000 ) ;
#9321 = CARTESIAN_POINT ( 'NONE',  ( -0.8749999999999994449, 0.2000000000000000111, 1.500000000000000444 ) ) ;
#9322 = EDGE_CURVE ( 'NONE', #7156, #7970, #6765, .T. ) ;
#9323 = ORIENTED_EDGE ( 'NONE', *, *, #5920, .T. ) ;
#9324 = DIRECTION ( 'NONE',  ( 0.000000000000000000, -1.000000000000000000, 0.000000000000000000 ) ) ;
#9325 = VECTOR ( 'NONE', #5102, 1000.000000000000000 ) ;
#9326 = EDGE_LOOP ( 'NONE', ( #2666, #2375, #4868, #6668, #3678, #987 ) ) ;
#9327 = AXIS2_PLACEMENT_3D ( 'NONE', #4611, #915, #2155 ) ;
#9328 = EDGE_CURVE ( 'NONE', #3040, #8928, #4, .T. ) ;
#9329 = EDGE_CURVE ( 'NONE', #3654, #327, #8285, .T. ) ;
#9330 = EDGE_LOOP ( 'NONE', ( #731, #4401, #308, #1805 ) ) ;
#9331 = CARTESIAN_POINT ( 'NONE',  ( 0.8750000000000012212, 0.6716990566028301357, 1.500000000000000444 ) ) ;
#9332 = DIRECTION ( 'NONE',  ( 0.000000000000000000, 1.000000000000000000, 0.000000000000000000 ) ) ;
#9333 = CARTESIAN_POINT ( 'NONE',  ( -0.8749999999999993339, 0.2000000000000000111, 1.450000000000000178 ) ) ;
#9334 = EDGE_CURVE ( 'NONE', #5018, #6957, #8144, .T. ) ;
#9335 = AXIS2_PLACEMENT_3D ( 'NONE', #6915, #977, #6076 ) ;
#9336 = ORIENTED_EDGE ( 'NONE', *, *, #1865, .T. ) ;
#9337 = DIRECTION ( 'NONE',  ( -1.000000000000000000, 0.000000000000000000, 0.000000000000000000 ) ) ;
#9338 = DIRECTION ( 'NONE',  ( 0.000000000000000000, -0.000000000000000000, -1.000000000000000000 ) ) ;
#9339 = CARTESIAN_POINT ( 'NONE',  ( -0.6249999999999987788, 0.2000000000000000111, -1.500000000000000444 ) ) ;
#9340 = ORIENTED_EDGE ( 'NONE', *, *, #5567, .F. ) ;
#9341 = EDGE_CURVE ( 'NONE', #4594, #1042, #5975, .T. ) ;
#9342 = LINE ( 'NONE', #4836, #3675 ) ;
#9343 = VECTOR ( 'NONE', #7128, 1000.000000000000000 ) ;
#9344 = VERTEX_POINT ( 'NONE', #8875 ) ;
#9345 = CARTESIAN_POINT ( 'NONE',  ( 1.375000000000001332, 0.2000000000000000111, -1.500000000000000444 ) ) ;
#9346 = DIRECTION ( 'NONE',  ( -1.577021341797097018E-15, 0.000000000000000000, -1.000000000000000000 ) ) ;
#9347 = LINE ( 'NONE', #4842, #3271 ) ;
#9348 = VECTOR ( 'NONE', #2486, 1000.000000000000000 ) ;
#9349 = CARTESIAN_POINT ( 'NONE',  ( -1.124999999999999778, 0.000000000000000000, -1.225000000000000755 ) ) ;
#9350 = ORIENTED_EDGE ( 'NONE', *, *, #2508, .F. ) ;
#9351 = EDGE_LOOP ( 'NONE', ( #7425, #3554, #2834, #3127 ) ) ;
#9352 = PLANE ( 'NONE',  #1683 ) ;
#9353 = FILL_AREA_STYLE ('',( #4992 ) ) ;
#9354 = CARTESIAN_POINT ( 'NONE',  ( -0.6249999999999987788, 0.000000000000000000, -1.450000000000000622 ) ) ;
#9355 = VECTOR ( 'NONE', #3885, 1000.000000000000000 ) ;
#9356 = FACE_OUTER_BOUND ( 'NONE', #5767, .T. ) ;
#9357 = CARTESIAN_POINT ( 'NONE',  ( 1.999999999999999112, 0.1000000000000002554, 1.499999999999999556 ) ) ;
#9358 = ORIENTED_EDGE ( 'NONE', *, *, #7319, .F. ) ;
#9359 = DIRECTION ( 'NONE',  ( -0.000000000000000000, -1.000000000000000000, -0.000000000000000000 ) ) ;
#9360 = DIRECTION ( 'NONE',  ( 3.469446951953617739E-15, 0.000000000000000000, -1.000000000000000000 ) ) ;
#9361 = VERTEX_POINT ( 'NONE', #8965 ) ;
#9362 = DIRECTION ( 'NONE',  ( -0.000000000000000000, 0.000000000000000000, -1.000000000000000000 ) ) ;
#9363 = ORIENTED_EDGE ( 'NONE', *, *, #704, .F. ) ;
#9364 = LINE ( 'NONE', #2701, #5570 ) ;
#9365 = AXIS2_PLACEMENT_3D ( 'NONE', #8282, #7607, #5155 ) ;
#9366 = CARTESIAN_POINT ( 'NONE',  ( -1.950000000000001066, 0.000000000000000000, -0.3749999999999992228 ) ) ;
#9367 = CARTESIAN_POINT ( 'NONE',  ( -1.725000000000000755, 0.1999999999999999833, -0.6250000000000003331 ) ) ;
#9368 = PLANE ( 'NONE',  #8771 ) ;
#9369 = ORIENTED_EDGE ( 'NONE', *, *, #7176, .F. ) ;
#9370 = LINE ( 'NONE', #1235, #6974 ) ;
#9371 = CARTESIAN_POINT ( 'NONE',  ( -1.606107883817426973, 0.8000000000000000444, -1.252381742738592152 ) ) ;
#9372 = DIRECTION ( 'NONE',  ( 1.577021341797097018E-15, 0.000000000000000000, -1.000000000000000000 ) ) ;
#9373 = ORIENTED_EDGE ( 'NONE', *, *, #7524, .F. ) ;
#9374 = ADVANCED_FACE ( 'NONE', ( #2179 ), #5159, .T. ) ;
#9375 = LINE ( 'NONE', #6791, #1506 ) ;
#9376 = LINE ( 'NONE', #2665, #1354 ) ;
#9377 = ORIENTED_EDGE ( 'NONE', *, *, #1517, .T. ) ;
#9378 = ORIENTED_EDGE ( 'NONE', *, *, #6813, .T. ) ;
#9379 = DIRECTION ( 'NONE',  ( 0.000000000000000000, 1.000000000000000000, 0.000000000000000000 ) ) ;
#9380 = FACE_OUTER_BOUND ( 'NONE', #5669, .T. ) ;
#9381 = CARTESIAN_POINT ( 'NONE',  ( 0.5999999999999996447, 0.2000000000000000111, -0.8500000000000001998 ) ) ;
#9382 = EDGE_CURVE ( 'NONE', #4634, #6936, #3689, .T. ) ;
#9383 = EDGE_CURVE ( 'NONE', #8618, #5072, #9594, .T. ) ;
#9384 = VERTEX_POINT ( 'NONE', #1370 ) ;
#9385 = LINE ( 'NONE', #9282, #5259 ) ;
#9386 = ORIENTED_EDGE ( 'NONE', *, *, #7125, .T. ) ;
#9387 = DIRECTION ( 'NONE',  ( 0.000000000000000000, 0.000000000000000000, -1.000000000000000000 ) ) ;
#9388 = ORIENTED_EDGE ( 'NONE', *, *, #6091, .T. ) ;
#9389 = CLOSED_SHELL ( 'NONE', ( #8233, #7471, #3789, #9600, #5553, #1357, #2933, #4412, #6035 ) ) ;
#9390 = DIRECTION ( 'NONE',  ( 0.000000000000000000, -1.000000000000000000, 0.000000000000000000 ) ) ;
#9391 = ORIENTED_EDGE ( 'NONE', *, *, #493, .T. ) ;
#9392 = CARTESIAN_POINT ( 'NONE',  ( -0.8749999999999994449, 0.6716990566028301357, 1.500000000000000444 ) ) ;
#9393 = LINE ( 'NONE', #4841, #6620 ) ;
#9394 = FACE_OUTER_BOUND ( 'NONE', #8296, .T. ) ;
#9395 = EDGE_CURVE ( 'NONE', #102, #6821, #5867, .T. ) ;
#9396 = DIRECTION ( 'NONE',  ( 0.000000000000000000, -1.000000000000000000, 0.000000000000000000 ) ) ;
#9397 = VERTEX_POINT ( 'NONE', #2111 ) ;
#9398 = VERTEX_POINT ( 'NONE', #612 ) ;
#9399 = DIRECTION ( 'NONE',  ( 0.000000000000000000, -1.000000000000000000, 0.000000000000000000 ) ) ;
#9400 = ADVANCED_FACE ( 'NONE', ( #3614 ), #3912, .F. ) ;
#9401 = CARTESIAN_POINT ( 'NONE',  ( 1.725000000000000755, 0.2000000000000000944, -0.1250000000000005551 ) ) ;
#9402 = ADVANCED_FACE ( 'NONE', ( #6909 ), #194, .T. ) ;
#9403 = CARTESIAN_POINT ( 'NONE',  ( -1.725000000000000755, 0.1000000000000000472, 1.125000000000000666 ) ) ;
#9404 = CARTESIAN_POINT ( 'NONE',  ( 1.950000000000002176, 0.1000000000000000056, 0.3750000000000007772 ) ) ;
#9405 = ORIENTED_EDGE ( 'NONE', *, *, #6517, .F. ) ;
#9406 = LINE ( 'NONE', #3471, #7888 ) ;
#9407 = EDGE_CURVE ( 'NONE', #7673, #3497, #4518, .T. ) ;
#9408 = EDGE_LOOP ( 'NONE', ( #6731, #1321, #7861, #4636, #140, #2046 ) ) ;
#9409 = DIRECTION ( 'NONE',  ( -0.000000000000000000, -1.000000000000000000, -0.000000000000000000 ) ) ;
#9410 = ORIENTED_EDGE ( 'NONE', *, *, #4656, .F. ) ;
#9411 = CARTESIAN_POINT ( 'NONE',  ( 1.725000000000000311, 0.1999999999999999833, -4.336808689942017736E-16 ) ) ;
#9412 = DIRECTION ( 'NONE',  ( 0.000000000000000000, 0.000000000000000000, -1.000000000000000000 ) ) ;
#9413 = ORIENTED_EDGE ( 'NONE', *, *, #5484, .T. ) ;
#9414 = CARTESIAN_POINT ( 'NONE',  ( -0.3749999999999990563, 0.04999999999999999584, -1.225000000000000311 ) ) ;
#9415 = COLOUR_RGB ( '',0.7921568627450980005, 0.8196078431372548767, 0.9333333333333333481 ) ;
#9416 = CARTESIAN_POINT ( 'NONE',  ( 0.7500000000000006661, 0.6716990566028301357, 1.225000000000000533 ) ) ;
#9417 = FACE_OUTER_BOUND ( 'NONE', #8329, .T. ) ;
#9418 = ORIENTED_EDGE ( 'NONE', *, *, #1430, .F. ) ;
#9419 = VERTEX_POINT ( 'NONE', #3014 ) ;
#9420 = DIRECTION ( 'NONE',  ( 0.000000000000000000, -1.000000000000000000, 0.000000000000000000 ) ) ;
#9421 = DIRECTION ( 'NONE',  ( -0.000000000000000000, 1.000000000000000000, -0.000000000000000000 ) ) ;
#9422 = VECTOR ( 'NONE', #6946, 1000.000000000000000 ) ;
#9423 = ORIENTED_EDGE ( 'NONE', *, *, #325, .F. ) ;
#9424 = CARTESIAN_POINT ( 'NONE',  ( 0.6250000000000005551, 0.1000000000000000056, 1.500000000000000444 ) ) ;
#9425 = EDGE_LOOP ( 'NONE', ( #1808, #5172, #4595, #5999, #129 ) ) ;
#9426 = PLANE ( 'NONE',  #9665 ) ;
#9427 = PLANE ( 'NONE',  #555 ) ;
#9428 = VERTEX_POINT ( 'NONE', #8982 ) ;
#9429 = CARTESIAN_POINT ( 'NONE',  ( -1.950000000000001066, 0.05000000000000000278, 0.1250000000000006106 ) ) ;
#9430 = DIRECTION ( 'NONE',  ( 0.000000000000000000, -0.000000000000000000, -1.000000000000000000 ) ) ;
#9431 = VECTOR ( 'NONE', #3586, 1000.000000000000000 ) ;
#9432 = EDGE_CURVE ( 'NONE', #161, #8741, #4537, .T. ) ;
#9433 = ORIENTED_EDGE ( 'NONE', *, *, #5166, .T. ) ;
#9434 = CYLINDRICAL_SURFACE ( 'NONE', #3515, 0.1249999999999996808 ) ;
#9435 = CARTESIAN_POINT ( 'NONE',  ( -0.7499999999999993339, 0.6716990566028301357, 1.225000000000000533 ) ) ;
#9436 = DIRECTION ( 'NONE',  ( 0.000000000000000000, 0.000000000000000000, -1.000000000000000000 ) ) ;
#9437 = CYLINDRICAL_SURFACE ( 'NONE', #7968, 0.1250000000000000555 ) ;
#9438 = AXIS2_PLACEMENT_3D ( 'NONE', #9668, #7465, #6714 ) ;
#9439 = ADVANCED_FACE ( 'NONE', ( #8929 ), #7228, .T. ) ;
#9440 = VECTOR ( 'NONE', #9253, 1000.000000000000000 ) ;
#9441 = VERTEX_POINT ( 'NONE', #6440 ) ;
#9442 = ORIENTED_EDGE ( 'NONE', *, *, #6835, .F. ) ;
#9443 = AXIS2_PLACEMENT_3D ( 'NONE', #8037, #3532, #3435 ) ;
#9444 = DIRECTION ( 'NONE',  ( 3.469446951953617739E-15, 0.000000000000000000, 1.000000000000000000 ) ) ;
#9445 = FACE_OUTER_BOUND ( 'NONE', #2699, .T. ) ;
#9446 = EDGE_CURVE ( 'NONE', #3765, #2835, #4986, .T. ) ;
#9447 = CARTESIAN_POINT ( 'NONE',  ( -1.950000000000001066, 0.6716990566028313570, 0.6250000000000005551 ) ) ;
#9448 = ADVANCED_FACE ( 'NONE', ( #1212 ), #420, .F. ) ;
#9449 = VECTOR ( 'NONE', #7307, 1000.000000000000000 ) ;
#9450 = CIRCLE ( 'NONE', #4593, 0.1249999999999996808 ) ;
#9451 = DIRECTION ( 'NONE',  ( -1.000000000000000000, -0.000000000000000000, -0.000000000000000000 ) ) ;
#9452 = PLANE ( 'NONE',  #2168 ) ;
#9453 = ORIENTED_EDGE ( 'NONE', *, *, #8238, .T. ) ;
#9454 = CARTESIAN_POINT ( 'NONE',  ( 2.000000000000000888, 0.6716990566028312459, 1.125000000000000666 ) ) ;
#9455 = ADVANCED_FACE ( 'NONE', ( #5714 ), #2684, .F. ) ;
#9456 = EDGE_LOOP ( 'NONE', ( #5964, #1167, #6040, #3159 ) ) ;
#9457 = LINE ( 'NONE', #8799, #3837 ) ;
#9458 = FACE_OUTER_BOUND ( 'NONE', #1387, .T. ) ;
#9459 = ORIENTED_EDGE ( 'NONE', *, *, #1197, .F. ) ;
#9460 = STYLED_ITEM ( 'NONE', ( #5364 ), #3604 ) ;
#9461 = VECTOR ( 'NONE', #3018, 1000.000000000000000 ) ;
#9462 = DIRECTION ( 'NONE',  ( 1.000000000000000000, -0.000000000000000000, -0.000000000000000000 ) ) ;
#9463 = DIRECTION ( 'NONE',  ( 0.000000000000000000, -0.000000000000000000, -1.000000000000000000 ) ) ;
#9464 = EDGE_LOOP ( 'NONE', ( #651, #4728, #1480, #9281, #5510, #2034 ) ) ;
#9465 = CARTESIAN_POINT ( 'NONE',  ( 1.725000000000000311, 0.000000000000000000, 0.4999999999999995559 ) ) ;
#9466 = ADVANCED_FACE ( 'NONE', ( #9394 ), #9437, .F. ) ;
#9467 = PLANE ( 'NONE',  #8694 ) ;
#9468 = CIRCLE ( 'NONE', #2419, 0.1249999999999996808 ) ;
#9469 = VECTOR ( 'NONE', #6094, 1000.000000000000000 ) ;
#9470 = DIRECTION ( 'NONE',  ( 0.000000000000000000, 1.000000000000000000, 0.000000000000000000 ) ) ;
#9471 = AXIS2_PLACEMENT_3D ( 'NONE', #8326, #1622, #3199 ) ;
#9472 = ORIENTED_EDGE ( 'NONE', *, *, #1607, .T. ) ;
#9473 = CARTESIAN_POINT ( 'NONE',  ( 0.6250000000000009992, 0.1999999999999999833, 1.225000000000000311 ) ) ;
#9474 = VECTOR ( 'NONE', #7974, 1000.000000000000000 ) ;
#9475 = ORIENTED_EDGE ( 'NONE', *, *, #2493, .T. ) ;
#9476 = FACE_OUTER_BOUND ( 'NONE', #766, .T. ) ;
#9477 = CYLINDRICAL_SURFACE ( 'NONE', #8023, 0.1529626556016593086 ) ;
#9478 = CARTESIAN_POINT ( 'NONE',  ( 1.950000000000002176, 0.6716990566028313570, 0.6250000000000005551 ) ) ;
#9479 = ORIENTED_EDGE ( 'NONE', *, *, #1073, .T. ) ;
#9480 = EDGE_CURVE ( 'NONE', #4058, #3590, #6402, .T. ) ;
#9481 = CARTESIAN_POINT ( 'NONE',  ( -0.3749999999999994449, 0.1999999999999996503, -1.500000000000000222 ) ) ;
#9482 = AXIS2_PLACEMENT_3D ( 'NONE', #6860, #144, #9064 ) ;
#9483 = DIRECTION ( 'NONE',  ( 0.000000000000000000, 1.000000000000000000, 0.000000000000000000 ) ) ;
#9484 = ORIENTED_EDGE ( 'NONE', *, *, #2317, .T. ) ;
#9485 = DIRECTION ( 'NONE',  ( -1.000000000000000000, 0.000000000000000000, 0.000000000000000000 ) ) ;
#9486 = CARTESIAN_POINT ( 'NONE',  ( -1.125000000000003553, 0.05000000000000000278, -3.548298019043485300E-15 ) ) ;
#9487 = ORIENTED_EDGE ( 'NONE', *, *, #7664, .T. ) ;
#9488 = VECTOR ( 'NONE', #714, 1000.000000000000000 ) ;
#9489 = VECTOR ( 'NONE', #6205, 1000.000000000000000 ) ;
#9490 = LINE ( 'NONE', #4931, #6954 ) ;
#9491 = DIRECTION ( 'NONE',  ( 1.000000000000000000, -0.000000000000000000, 3.469446951953617739E-15 ) ) ;
#9492 = CARTESIAN_POINT ( 'NONE',  ( -0.3749999999999990563, 0.2000000000000000111, -1.225000000000000311 ) ) ;
#9493 = CARTESIAN_POINT ( 'NONE',  ( 1.125000000000000666, 0.2000000000000000111, 1.450000000000000178 ) ) ;
#9494 = EDGE_CURVE ( 'NONE', #2940, #7313, #4246, .T. ) ;
#9495 = ORIENTED_EDGE ( 'NONE', *, *, #3089, .T. ) ;
#9496 = ORIENTED_EDGE ( 'NONE', *, *, #7344, .T. ) ;
#9497 = VECTOR ( 'NONE', #649, 1000.000000000000000 ) ;
#9498 = CARTESIAN_POINT ( 'NONE',  ( -0.8749999999999994449, 0.2000000000000000111, 1.500000000000000444 ) ) ;
#9499 =( NAMED_UNIT ( * ) PLANE_ANGLE_UNIT ( ) SI_UNIT ( $, .RADIAN. ) );
#9500 = CARTESIAN_POINT ( 'NONE',  ( 1.125000000000000888, 0.1999999999999999833, -1.225000000000000311 ) ) ;
#9501 = DIRECTION ( 'NONE',  ( 0.000000000000000000, -0.000000000000000000, -1.000000000000000000 ) ) ;
#9502 = ADVANCED_FACE ( 'NONE', ( #7084 ), #7878, .F. ) ;
#9503 = CIRCLE ( 'NONE', #5120, 0.1249999999999996808 ) ;
#9504 = SURFACE_STYLE_FILL_AREA ( #6500 ) ;
#9505 = VERTEX_POINT ( 'NONE', #2735 ) ;
#9506 = DIRECTION ( 'NONE',  ( 1.000000000000000000, -0.000000000000000000, 3.942553354492743531E-16 ) ) ;
#9507 = ORIENTED_EDGE ( 'NONE', *, *, #4838, .T. ) ;
#9508 = PLANE ( 'NONE',  #2284 ) ;
#9509 = ADVANCED_FACE ( 'NONE', ( #2053 ), #371, .F. ) ;
#9510 = ORIENTED_EDGE ( 'NONE', *, *, #1248, .T. ) ;
#9511 = ADVANCED_FACE ( 'NONE', ( #3377 ), #8648, .F. ) ;
#9512 = CARTESIAN_POINT ( 'NONE',  ( 0.5999999999999998668, 0.05000000000000000278, -1.530638361156005999E-16 ) ) ;
#9513 = DIRECTION ( 'NONE',  ( 1.000000000000000000, 0.000000000000000000, 0.000000000000000000 ) ) ;
#9514 = AXIS2_PLACEMENT_3D ( 'NONE', #7725, #4044, #6983 ) ;
#9515 = LINE ( 'NONE', #5100, #2719 ) ;
#9516 = ORIENTED_EDGE ( 'NONE', *, *, #6926, .T. ) ;
#9517 = CARTESIAN_POINT ( 'NONE',  ( 1.250000000000000666, 0.1999999999999999833, 1.225000000000000533 ) ) ;
#9518 = ADVANCED_FACE ( 'NONE', ( #7194 ), #5030, .F. ) ;
#9519 = LINE ( 'NONE', #8763, #8990 ) ;
#9520 = CARTESIAN_POINT ( 'NONE',  ( -1.249999999999999334, 0.2000000000000000111, 1.225000000000000533 ) ) ;
#9521 = LINE ( 'NONE', #2813, #4124 ) ;
#9522 = VECTOR ( 'NONE', #2315, 1000.000000000000000 ) ;
#9523 = ORIENTED_EDGE ( 'NONE', *, *, #2634, .F. ) ;
#9524 = ADVANCED_FACE ( 'NONE', ( #8018 ), #7935, .F. ) ;
#9525 = VERTEX_POINT ( 'NONE', #4295 ) ;
#9526 = CARTESIAN_POINT ( 'NONE',  ( -1.725000000000000755, 0.6716990566028312459, 1.125000000000000666 ) ) ;
#9527 = DIRECTION ( 'NONE',  ( 0.000000000000000000, 1.000000000000000000, 0.000000000000000000 ) ) ;
#9528 = VECTOR ( 'NONE', #6575, 1000.000000000000000 ) ;
#9529 = EDGE_CURVE ( 'NONE', #5165, #3007, #7297, .T. ) ;
#9530 = EDGE_CURVE ( 'NONE', #9547, #2232, #9347, .T. ) ;
#9531 = CARTESIAN_POINT ( 'NONE',  ( 1.250000000000000666, 0.000000000000000000, 1.225000000000000533 ) ) ;
#9532 = ORIENTED_EDGE ( 'NONE', *, *, #4711, .T. ) ;
#9533 = EDGE_CURVE ( 'NONE', #9129, #9079, #5618, .T. ) ;
#9534 = VECTOR ( 'NONE', #5941, 1000.000000000000000 ) ;
#9535 = FACE_OUTER_BOUND ( 'NONE', #8277, .T. ) ;
#9536 = CARTESIAN_POINT ( 'NONE',  ( 0.5999999999999996447, 0.000000000000000000, -0.8500000000000001998 ) ) ;
#9537 = DIRECTION ( 'NONE',  ( 0.000000000000000000, -1.000000000000000000, 0.000000000000000000 ) ) ;
#9538 = ORIENTED_EDGE ( 'NONE', *, *, #7044, .T. ) ;
#9539 = CARTESIAN_POINT ( 'NONE',  ( -2.000000000000000000, 0.1000000000000000472, 0.3750000000000007772 ) ) ;
#9540 = SURFACE_STYLE_USAGE ( .BOTH. , #1400 ) ;
#9541 = FACE_OUTER_BOUND ( 'NONE', #1738, .T. ) ;
#9542 = VERTEX_POINT ( 'NONE', #7479 ) ;
#9543 = DIRECTION ( 'NONE',  ( 0.000000000000000000, -1.000000000000000000, 0.000000000000000000 ) ) ;
#9544 = LINE ( 'NONE', #746, #5769 ) ;
#9545 = VERTEX_POINT ( 'NONE', #6727 ) ;
#9546 = CARTESIAN_POINT ( 'NONE',  ( 1.725000000000000311, 0.1999999999999999833, -1.000000000000000444 ) ) ;
#9547 = VERTEX_POINT ( 'NONE', #6680 ) ;
#9548 = ORIENTED_EDGE ( 'NONE', *, *, #4906, .F. ) ;
#9549 = LINE ( 'NONE', #6408, #3499 ) ;
#9550 = FACE_OUTER_BOUND ( 'NONE', #3784, .T. ) ;
#9551 = EDGE_LOOP ( 'NONE', ( #7931, #7897, #7936, #4659 ) ) ;
#9552 = LINE ( 'NONE', #570, #9286 ) ;
#9553 = ORIENTED_EDGE ( 'NONE', *, *, #7112, .F. ) ;
#9554 = CARTESIAN_POINT ( 'NONE',  ( -1.374999999999999556, 0.2000000000000000111, -1.500000000000000444 ) ) ;
#9555 = ORIENTED_EDGE ( 'NONE', *, *, #2756, .T. ) ;
#9556 = CARTESIAN_POINT ( 'NONE',  ( 1.725000000000000755, 0.000000000000000000, 1.125000000000000666 ) ) ;
#9557 = DIRECTION ( 'NONE',  ( 0.000000000000000000, -1.000000000000000000, 0.000000000000000000 ) ) ;
#9558 = EDGE_LOOP ( 'NONE', ( #5736, #1576, #5109, #8974, #8012, #8071 ) ) ;
#9559 = CARTESIAN_POINT ( 'NONE',  ( -2.000000000000000888, 0.1000000000000000472, 1.125000000000000666 ) ) ;
#9560 = LINE ( 'NONE', #1328, #9318 ) ;
#9561 = ADVANCED_FACE ( 'NONE', ( #3606 ), #3742, .F. ) ;
#9562 = EDGE_CURVE ( 'NONE', #9215, #7335, #8785, .T. ) ;
#9563 = DIRECTION ( 'NONE',  ( 1.577021341797097215E-15, 0.000000000000000000, -1.000000000000000000 ) ) ;
#9564 = LINE ( 'NONE', #2851, #6922 ) ;
#9565 = ORIENTED_EDGE ( 'NONE', *, *, #4320, .F. ) ;
#9566 = EDGE_CURVE ( 'NONE', #8337, #2232, #2231, .T. ) ;
#9567 = EDGE_LOOP ( 'NONE', ( #7018, #423, #1383, #8748 ) ) ;
#9568 = AXIS2_PLACEMENT_3D ( 'NONE', #9247, #5479, #4744 ) ;
#9569 = LINE ( 'NONE', #2855, #3782 ) ;
#9570 = CARTESIAN_POINT ( 'NONE',  ( -1.950000000000001066, 0.1000000000000000056, -1.450000000000000622 ) ) ;
#9571 = EDGE_CURVE ( 'NONE', #6957, #698, #5855, .T. ) ;
#9572 = DIRECTION ( 'NONE',  ( 3.154042683594199163E-15, 0.000000000000000000, 1.000000000000000000 ) ) ;
#9573 = ORIENTED_EDGE ( 'NONE', *, *, #1895, .T. ) ;
#9574 = EDGE_CURVE ( 'NONE', #4594, #3896, #5075, .T. ) ;
#9575 = CARTESIAN_POINT ( 'NONE',  ( 0.8750000000000012212, 0.6716990566028301357, 1.500000000000000444 ) ) ;
#9576 = CARTESIAN_POINT ( 'NONE',  ( 1.125000000000000888, 0.05000000000000000278, 1.450000000000000178 ) ) ;
#9577 = EDGE_CURVE ( 'NONE', #7, #2885, #6629, .T. ) ;
#9578 = ORIENTED_EDGE ( 'NONE', *, *, #1431, .F. ) ;
#9579 = CARTESIAN_POINT ( 'NONE',  ( 1.250000000000000666, 0.04999999999999999584, 1.100000000000000977 ) ) ;
#9580 = FACE_OUTER_BOUND ( 'NONE', #6886, .T. ) ;
#9581 = SURFACE_SIDE_STYLE ('',( #3602 ) ) ;
#9582 = EDGE_CURVE ( 'NONE', #9703, #7568, #5123, .T. ) ;
#9583 = DIRECTION ( 'NONE',  ( -0.000000000000000000, 0.000000000000000000, -1.000000000000000000 ) ) ;
#9584 = DIRECTION ( 'NONE',  ( -1.000000000000000000, 0.000000000000000000, 3.154042683594198769E-15 ) ) ;
#9585 = ORIENTED_EDGE ( 'NONE', *, *, #155, .T. ) ;
#9586 = ORIENTED_EDGE ( 'NONE', *, *, #8435, .F. ) ;
#9587 = EDGE_LOOP ( 'NONE', ( #2390, #7982, #5135, #1052, #8136, #892 ) ) ;
#9588 = VECTOR ( 'NONE', #9572, 1000.000000000000000 ) ;
#9589 = VECTOR ( 'NONE', #5790, 1000.000000000000000 ) ;
#9590 =( NAMED_UNIT ( * ) PLANE_ANGLE_UNIT ( ) SI_UNIT ( $, .RADIAN. ) );
#9591 = DIRECTION ( 'NONE',  ( -1.000000000000000000, 0.000000000000000000, 0.000000000000000000 ) ) ;
#9592 = AXIS2_PLACEMENT_3D ( 'NONE', #7648, #9156, #8315 ) ;
#9593 = ORIENTED_EDGE ( 'NONE', *, *, #8078, .F. ) ;
#9594 = LINE ( 'NONE', #5089, #4829 ) ;
#9595 = CARTESIAN_POINT ( 'NONE',  ( 0.000000000000000000, 0.1000000000000000056, 0.000000000000000000 ) ) ;
#9596 = AXIS2_PLACEMENT_3D ( 'NONE', #2757, #9557, #9463 ) ;
#9597 = ORIENTED_EDGE ( 'NONE', *, *, #7713, .T. ) ;
#9598 = DIRECTION ( 'NONE',  ( 0.000000000000000000, 1.000000000000000000, 0.000000000000000000 ) ) ;
#9599 = ORIENTED_EDGE ( 'NONE', *, *, #6084, .T. ) ;
#9600 = ADVANCED_FACE ( 'NONE', ( #2967 ), #4436, .F. ) ;
#9601 = CARTESIAN_POINT ( 'NONE',  ( -1.950000000000001066, 0.000000000000000000, 0.3750000000000007216 ) ) ;
#9602 = CARTESIAN_POINT ( 'NONE',  ( -2.000000000000000888, 0.1000000000000000472, 1.125000000000000444 ) ) ;
#9603 = CARTESIAN_POINT ( 'NONE',  ( 1.375000000000001110, 0.1000000000000000056, -1.450000000000000622 ) ) ;
#9604 = ORIENTED_EDGE ( 'NONE', *, *, #5429, .T. ) ;
#9605 = AXIS2_PLACEMENT_3D ( 'NONE', #6785, #9045, #6740 ) ;
#9606 = LINE ( 'NONE', #1777, #1975 ) ;
#9607 = CARTESIAN_POINT ( 'NONE',  ( -1.725000000000001199, 0.000000000000000000, 0.4999999999999997780 ) ) ;
#9608 = LINE ( 'NONE', #7361, #3062 ) ;
#9609 = VERTEX_POINT ( 'NONE', #8203 ) ;
#9610 = LINE ( 'NONE', #1422, #8173 ) ;
#9611 = VECTOR ( 'NONE', #1260, 1000.000000000000000 ) ;
#9612 = ORIENTED_EDGE ( 'NONE', *, *, #3598, .T. ) ;
#9613 = EDGE_CURVE ( 'NONE', #4738, #4212, #8927, .T. ) ;
#9614 = ORIENTED_EDGE ( 'NONE', *, *, #8430, .T. ) ;
#9615 = LINE ( 'NONE', #1471, #1142 ) ;
#9616 = CARTESIAN_POINT ( 'NONE',  ( 1.349999999999999645, 0.000000000000000000, -0.8500000000000001998 ) ) ;
#9617 = AXIS2_PLACEMENT_3D ( 'NONE', #2530, #7876, #5571 ) ;
#9618 = EDGE_CURVE ( 'NONE', #6336, #914, #2870, .T. ) ;
#9619 = VECTOR ( 'NONE', #9696, 1000.000000000000000 ) ;
#9620 = CARTESIAN_POINT ( 'NONE',  ( -1.249999999999999334, 0.2000000000000000111, -1.225000000000000533 ) ) ;
#9621 = DIRECTION ( 'NONE',  ( 0.000000000000000000, -1.000000000000000000, 0.000000000000000000 ) ) ;
#9622 = ORIENTED_EDGE ( 'NONE', *, *, #8170, .F. ) ;
#9623 = CARTESIAN_POINT ( 'NONE',  ( 1.999999999999999112, 0.8000000000000003775, 1.499999999999999556 ) ) ;
#9624 = EDGE_CURVE ( 'NONE', #5285, #40, #4389, .T. ) ;
#9625 = EDGE_CURVE ( 'NONE', #5848, #4452, #1492, .T. ) ;
#9626 = DIRECTION ( 'NONE',  ( 1.000000000000000000, 0.000000000000000000, 7.885106708985511714E-16 ) ) ;
#9627 = VECTOR ( 'NONE', #8998, 1000.000000000000000 ) ;
#9628 = ORIENTED_EDGE ( 'NONE', *, *, #4415, .F. ) ;
#9629 = LINE ( 'NONE', #8146, #1345 ) ;
#9630 = FACE_OUTER_BOUND ( 'NONE', #9558, .T. ) ;
#9631 = VERTEX_POINT ( 'NONE', #6537 ) ;
#9632 = EDGE_CURVE ( 'NONE', #173, #3815, #9544, .T. ) ;
#9633 = CARTESIAN_POINT ( 'NONE',  ( -1.374999999999999556, 0.2000000000000000111, -1.450000000000000622 ) ) ;
#9634 = AXIS2_PLACEMENT_3D ( 'NONE', #7267, #4326, #582 ) ;
#9635 = DIRECTION ( 'NONE',  ( -0.000000000000000000, -0.000000000000000000, -1.000000000000000000 ) ) ;
#9636 = ORIENTED_EDGE ( 'NONE', *, *, #633, .T. ) ;
#9637 = ORIENTED_EDGE ( 'NONE', *, *, #1957, .T. ) ;
#9638 = ORIENTED_EDGE ( 'NONE', *, *, #5177, .F. ) ;
#9639 = EDGE_CURVE ( 'NONE', #4005, #327, #8885, .T. ) ;
#9640 = DIRECTION ( 'NONE',  ( 0.000000000000000000, 0.000000000000000000, -1.000000000000000000 ) ) ;
#9641 = MECHANICAL_DESIGN_GEOMETRIC_PRESENTATION_REPRESENTATION (  '', ( #8845 ), #6655 ) ;
#9642 = FACE_OUTER_BOUND ( 'NONE', #364, .T. ) ;
#9643 = CARTESIAN_POINT ( 'NONE',  ( 1.125000000000000666, 0.6716990566028301357, -1.500000000000000444 ) ) ;
#9644 = ADVANCED_FACE ( 'NONE', ( #8069 ), #4344, .F. ) ;
#9645 = EDGE_CURVE ( 'NONE', #9631, #4651, #3652, .T. ) ;
#9646 = DIRECTION ( 'NONE',  ( 1.000000000000000000, -0.000000000000000000, -0.000000000000000000 ) ) ;
#9647 = ORIENTED_EDGE ( 'NONE', *, *, #2993, .T. ) ;
#9648 = FACE_OUTER_BOUND ( 'NONE', #3763, .T. ) ;
#9649 = ORIENTED_EDGE ( 'NONE', *, *, #4397, .F. ) ;
#9650 = DIRECTION ( 'NONE',  ( -1.000000000000000000, 0.000000000000000000, 7.885106708985511714E-16 ) ) ;
#9651 = VERTEX_POINT ( 'NONE', #2185 ) ;
#9652 = VECTOR ( 'NONE', #5491, 1000.000000000000000 ) ;
#9653 = VERTEX_POINT ( 'NONE', #5164 ) ;
#9654 = DIRECTION ( 'NONE',  ( -1.577021341797097215E-15, 0.000000000000000000, -1.000000000000000000 ) ) ;
#9655 = CARTESIAN_POINT ( 'NONE',  ( 1.725000000000000755, 0.2000000000000000944, -1.125000000000000666 ) ) ;
#9656 = DIRECTION ( 'NONE',  ( -3.154042683594198769E-15, -0.000000000000000000, -1.000000000000000000 ) ) ;
#9657 = DIRECTION ( 'NONE',  ( 1.000000000000000000, 0.000000000000000000, 7.885106708985511714E-16 ) ) ;
#9659 = CARTESIAN_POINT ( 'NONE',  ( 0.000000000000000000, 0.05000000000000000278, 1.450000000000000178 ) ) ;
#9658 = AXIS2_PLACEMENT_3D ( 'NONE', #8545, #1889, #1291 ) ;
#9660 = CARTESIAN_POINT ( 'NONE',  ( -2.000000000000000000, 0.6716990566028313570, -0.1249999999999992506 ) ) ;
#9661 = VERTEX_POINT ( 'NONE', #1444 ) ;
#9662 = VECTOR ( 'NONE', #7141, 1000.000000000000000 ) ;
#9663 = ORIENTED_EDGE ( 'NONE', *, *, #8737, .F. ) ;
#9664 = LINE ( 'NONE', #2081, #3178 ) ;
#9665 = AXIS2_PLACEMENT_3D ( 'NONE', #3450, #5755, #6343 ) ;
#9666 = DIRECTION ( 'NONE',  ( 3.154042683594199163E-15, -0.000000000000000000, 1.000000000000000000 ) ) ;
#9667 = LINE ( 'NONE', #8914, #9522 ) ;
#9668 = CARTESIAN_POINT ( 'NONE',  ( 2.000000000000000000, 0.6716990566028313570, 0.3750000000000007772 ) ) ;
#9669 = ORIENTED_EDGE ( 'NONE', *, *, #3036, .T. ) ;
#9670 = LINE ( 'NONE', #9623, #5762 ) ;
#9671 = CARTESIAN_POINT ( 'NONE',  ( -0.6249999999999996669, 0.000000000000000000, 1.225000000000000755 ) ) ;
#9672 = VECTOR ( 'NONE', #429, 1000.000000000000000 ) ;
#9673 = EDGE_LOOP ( 'NONE', ( #4440, #3131, #4263, #489 ) ) ;
#9674 = DIRECTION ( 'NONE',  ( 1.000000000000000000, 0.000000000000000000, 0.000000000000000000 ) ) ;
#9675 = CARTESIAN_POINT ( 'NONE',  ( -1.725000000000000755, 0.6716990566028313570, 0.1250000000000006661 ) ) ;
#9676 = VERTEX_POINT ( 'NONE', #7429 ) ;
#9677 = EDGE_CURVE ( 'NONE', #7345, #2506, #4991, .T. ) ;
#9678 = CARTESIAN_POINT ( 'NONE',  ( -1.950000000000001066, 0.6716990566028313570, 0.3750000000000007216 ) ) ;
#9679 = EDGE_CURVE ( 'NONE', #3068, #176, #3111, .T. ) ;
#9680 = AXIS2_PLACEMENT_3D ( 'NONE', #3505, #5666, #6491 ) ;
#9681 = DIRECTION ( 'NONE',  ( 1.000000000000000000, -0.000000000000000000, -0.000000000000000000 ) ) ;
#9682 = ORIENTED_EDGE ( 'NONE', *, *, #2965, .F. ) ;
#9683 = DIRECTION ( 'NONE',  ( 0.000000000000000000, 1.000000000000000000, 0.000000000000000000 ) ) ;
#9684 = ORIENTED_EDGE ( 'NONE', *, *, #8485, .F. ) ;
#9685 = ORIENTED_EDGE ( 'NONE', *, *, #6636, .F. ) ;
#9686 = PLANE ( 'NONE',  #5722 ) ;
#9687 = CARTESIAN_POINT ( 'NONE',  ( 1.250000000000000666, 0.6716990566028301357, 1.225000000000000533 ) ) ;
#9688 = LINE ( 'NONE', #8794, #8478 ) ;
#9689 = EDGE_CURVE ( 'NONE', #3894, #7673, #1786, .T. ) ;
#9690 = LINE ( 'NONE', #6837, #7428 ) ;
#9691 = ORIENTED_EDGE ( 'NONE', *, *, #1845, .F. ) ;
#9692 = CARTESIAN_POINT ( 'NONE',  ( -1.950000000000001066, 0.1000000000000000056, 0.1250000000000005551 ) ) ;
#9693 = EDGE_LOOP ( 'NONE', ( #8753, #6707 ) ) ;
#9694 = EDGE_LOOP ( 'NONE', ( #4577, #33, #6328, #2424 ) ) ;
#9695 = ORIENTED_EDGE ( 'NONE', *, *, #2679, .F. ) ;
#9696 = DIRECTION ( 'NONE',  ( -1.000000000000000000, 0.000000000000000000, -7.885106708985511714E-16 ) ) ;
#9697 = LINE ( 'NONE', #2300, #6553 ) ;
#9698 = ADVANCED_FACE ( 'NONE', ( #6240 ), #9032, .T. ) ;
#9699 = CARTESIAN_POINT ( 'NONE',  ( -1.374999999999999112, 0.2000000000000000111, 1.225000000000000311 ) ) ;
#9700 = CLOSED_SHELL ( 'NONE', ( #7353, #6038, #2363, #3117, #747, #5124, #8594, #3741 ) ) ;
#9701 = CARTESIAN_POINT ( 'NONE',  ( -1.374999999999999556, 0.2000000000000000111, 1.500000000000000444 ) ) ;
#9702 = EDGE_CURVE ( 'NONE', #7379, #173, #897, .T. ) ;
#9703 = VERTEX_POINT ( 'NONE', #3783 ) ;
#9704 = CARTESIAN_POINT ( 'NONE',  ( -1.725000000000000755, 0.1999999999999999833, -0.1250000000000002776 ) ) ;
#9705 = EDGE_LOOP ( 'NONE', ( #8325, #7127, #3138, #2385 ) ) ;
#9706 = ORIENTED_EDGE ( 'NONE', *, *, #1967, .T. ) ;
#9707 = FACE_OUTER_BOUND ( 'NONE', #6443, .T. ) ;
#9708 = CARTESIAN_POINT ( 'NONE',  ( -0.3749999999999990563, 0.000000000000000000, 1.225000000000000311 ) ) ;
ENDSEC;
END-ISO-10303-21;
