ISO-10303-21;
HEADER;
FILE_DESCRIPTION((''),'2;1');
FILE_NAME('B82804A_EP5_MAX','2021-07-28T',('EA6875'),(''),
'CREO PARAMETRIC BY PTC INC, 2015480','CREO PARAMETRIC BY PTC INC, 2015480','');
FILE_SCHEMA(('CONFIG_CONTROL_DESIGN','GEOMETRIC_VALIDATION_PROPERTIES_MIM'));
ENDSEC;
DATA;
#10=CARTESIAN_POINT('',(0.E0,1.E0,1.85E0));
#11=DIRECTION('',(0.E0,0.E0,-1.E0));
#12=DIRECTION('',(-9.550960709798E-1,2.962962962963E-1,0.E0));
#13=AXIS2_PLACEMENT_3D('',#10,#11,#12);
#15=DIRECTION('',(1.E0,0.E0,0.E0));
#16=VECTOR('',#15,9.25E-1);
#17=CARTESIAN_POINT('',(-9.25E-1,0.E0,1.85E0));
#18=LINE('',#17,#16);
#19=DIRECTION('',(1.E0,0.E0,0.E0));
#20=VECTOR('',#19,9.249999998646E-1);
#21=CARTESIAN_POINT('',(-1.849999999865E0,2.E-1,1.85E0));
#22=LINE('',#21,#20);
#23=DIRECTION('',(2.257050102372E-10,-1.E0,0.E0));
#24=VECTOR('',#23,6.E-1);
#25=CARTESIAN_POINT('',(-1.85E0,8.E-1,1.85E0));
#26=LINE('',#25,#24);
#27=CARTESIAN_POINT('',(0.E0,8.E-1,1.85E0));
#28=DIRECTION('',(0.E0,0.E0,1.E0));
#29=DIRECTION('',(1.E0,0.E0,0.E0));
#30=AXIS2_PLACEMENT_3D('',#27,#28,#29);
#32=DIRECTION('',(9.712897153236E-11,1.E0,0.E0));
#33=VECTOR('',#32,6.E-1);
#34=CARTESIAN_POINT('',(1.849999999942E0,2.E-1,1.85E0));
#35=LINE('',#34,#33);
#36=DIRECTION('',(-1.E0,0.E0,0.E0));
#37=VECTOR('',#36,9.249999999417E-1);
#38=CARTESIAN_POINT('',(1.849999999942E0,2.E-1,1.85E0));
#39=LINE('',#38,#37);
#40=DIRECTION('',(1.E0,0.E0,0.E0));
#41=VECTOR('',#40,9.25E-1);
#42=CARTESIAN_POINT('',(0.E0,0.E0,1.85E0));
#43=LINE('',#42,#41);
#44=DIRECTION('',(-1.E0,0.E0,0.E0));
#45=VECTOR('',#44,3.75E-2);
#46=CARTESIAN_POINT('',(-1.5995E0,9.312553126812E-1,1.85E0));
#47=LINE('',#46,#45);
#48=DIRECTION('',(6.506284968855E-1,-7.593961805543E-1,0.E0));
#49=VECTOR('',#48,1.344853436925E-1);
#50=CARTESIAN_POINT('',(-1.637E0,9.312553126812E-1,1.85E0));
#51=LINE('',#50,#49);
#52=DIRECTION('',(-6.506284968855E-1,-7.593961805543E-1,0.E0));
#53=VECTOR('',#52,1.344853436925E-1);
#54=CARTESIAN_POINT('',(-1.549500002980E0,8.291276563406E-1,1.85E0));
#55=LINE('',#54,#53);
#56=DIRECTION('',(1.E0,0.E0,0.E0));
#57=VECTOR('',#56,3.75E-2);
#58=CARTESIAN_POINT('',(-1.637E0,7.27E-1,1.85E0));
#59=LINE('',#58,#57);
#60=DIRECTION('',(6.379969467004E-1,7.700388925249E-1,0.E0));
#61=VECTOR('',#60,1.077591317252E-1);
#62=CARTESIAN_POINT('',(-1.5995E0,7.27E-1,1.85E0));
#63=LINE('',#62,#61);
#64=DIRECTION('',(6.379969467004E-1,-7.700388925249E-1,0.E0));
#65=VECTOR('',#64,1.077591317252E-1);
#66=CARTESIAN_POINT('',(-1.530750002980E0,8.099787224531E-1,1.85E0));
#67=LINE('',#66,#65);
#68=DIRECTION('',(1.E0,0.E0,0.E0));
#69=VECTOR('',#68,3.75E-2);
#70=CARTESIAN_POINT('',(-1.462000005960E0,7.27E-1,1.85E0));
#71=LINE('',#70,#69);
#72=DIRECTION('',(-6.506284968855E-1,7.593961805543E-1,0.E0));
#73=VECTOR('',#72,1.344853436925E-1);
#74=CARTESIAN_POINT('',(-1.424500005960E0,7.27E-1,1.85E0));
#75=LINE('',#74,#73);
#76=DIRECTION('',(6.506284968855E-1,7.593961805543E-1,0.E0));
#77=VECTOR('',#76,1.344853436925E-1);
#78=CARTESIAN_POINT('',(-1.512000002980E0,8.291276563406E-1,1.85E0));
#79=LINE('',#78,#77);
#80=DIRECTION('',(-1.E0,0.E0,0.E0));
#81=VECTOR('',#80,3.75E-2);
#82=CARTESIAN_POINT('',(-1.424500005960E0,9.312553126812E-1,1.85E0));
#83=LINE('',#82,#81);
#84=DIRECTION('',(-6.379969874618E-1,-7.700388587531E-1,0.E0));
#85=VECTOR('',#84,1.077591248405E-1);
#86=CARTESIAN_POINT('',(-1.462000005960E0,9.312553126812E-1,1.85E0));
#87=LINE('',#86,#85);
#88=DIRECTION('',(-6.379969874618E-1,7.700388587531E-1,0.E0));
#89=VECTOR('',#88,1.077591248405E-1);
#90=CARTESIAN_POINT('',(-1.530750002980E0,8.482765991688E-1,1.85E0));
#91=LINE('',#90,#89);
#92=DIRECTION('',(-1.E0,0.E0,0.E0));
#93=VECTOR('',#92,3.75E-2);
#94=CARTESIAN_POINT('',(-1.337E0,9.312553126812E-1,1.85E0));
#95=LINE('',#94,#93);
#96=DIRECTION('',(6.506284585472E-1,-7.593962134015E-1,0.E0));
#97=VECTOR('',#96,1.344853378754E-1);
#98=CARTESIAN_POINT('',(-1.3745E0,9.312553126812E-1,1.85E0));
#99=LINE('',#98,#97);
#100=DIRECTION('',(-6.506284585472E-1,-7.593962134015E-1,0.E0));
#101=VECTOR('',#100,1.344853378754E-1);
#102=CARTESIAN_POINT('',(-1.287000011921E0,8.291276563406E-1,1.85E0));
#103=LINE('',#102,#101);
#104=DIRECTION('',(1.E0,0.E0,0.E0));
#105=VECTOR('',#104,3.75E-2);
#106=CARTESIAN_POINT('',(-1.3745E0,7.27E-1,1.85E0));
#107=LINE('',#106,#105);
#108=DIRECTION('',(6.379968975030E-1,7.700389332862E-1,0.E0));
#109=VECTOR('',#108,1.077591260211E-1);
#110=CARTESIAN_POINT('',(-1.337E0,7.27E-1,1.85E0));
#111=LINE('',#110,#109);
#112=DIRECTION('',(6.379970942927E-1,-7.700387702408E-1,0.E0));
#113=VECTOR('',#112,1.077591488376E-1);
#114=CARTESIAN_POINT('',(-1.268250011921E0,8.099787224531E-1,1.85E0));
#115=LINE('',#114,#113);
#116=DIRECTION('',(1.E0,0.E0,0.E0));
#117=VECTOR('',#116,3.75E-2);
#118=CARTESIAN_POINT('',(-1.199499988079E0,7.27E-1,1.85E0));
#119=LINE('',#118,#117);
#120=DIRECTION('',(-6.506286119005E-1,7.593960820128E-1,0.E0));
#121=VECTOR('',#120,1.344853611437E-1);
#122=CARTESIAN_POINT('',(-1.161999988079E0,7.27E-1,1.85E0));
#123=LINE('',#122,#121);
#124=DIRECTION('',(6.506286119005E-1,7.593960820128E-1,0.E0));
#125=VECTOR('',#124,1.344853611437E-1);
#126=CARTESIAN_POINT('',(-1.249500011921E0,8.291276563406E-1,1.85E0));
#127=LINE('',#126,#125);
#128=DIRECTION('',(-1.E0,0.E0,0.E0));
#129=VECTOR('',#128,3.75E-2);
#130=CARTESIAN_POINT('',(-1.161999988079E0,9.312553126812E-1,1.85E0));
#131=LINE('',#130,#129);
#132=DIRECTION('',(-6.379971350541E-1,-7.700387364690E-1,0.E0));
#133=VECTOR('',#132,1.077591419529E-1);
#134=CARTESIAN_POINT('',(-1.199499988079E0,9.312553126812E-1,1.85E0));
#135=LINE('',#134,#133);
#136=DIRECTION('',(-6.379969382643E-1,7.700388995144E-1,0.E0));
#137=VECTOR('',#136,1.077591191364E-1);
#138=CARTESIAN_POINT('',(-1.268250011921E0,8.482765991688E-1,1.85E0));
#139=LINE('',#138,#137);
#140=DIRECTION('',(-6.426806434392E-1,-7.661341857329E-1,0.E0));
#141=VECTOR('',#140,8.635704306108E-1);
#142=CARTESIAN_POINT('',(0.E0,2.585610828679E0,1.85E0));
#143=LINE('',#142,#141);
#144=CARTESIAN_POINT('',(-5.55E-1,1.924E0,1.85E0));
#145=CARTESIAN_POINT('',(-4.237352481244E-1,1.997734962837E0,1.85E0));
#146=CARTESIAN_POINT('',(-1.823030378939E-1,2.099269190377E0,1.85E0));
#147=CARTESIAN_POINT('',(1.534740024545E-1,2.157794363077E0,1.85E0));
#148=CARTESIAN_POINT('',(3.416157184728E-1,2.154490585383E0,1.85E0));
#149=CARTESIAN_POINT('',(4.22E-1,2.145707013525E0,1.85E0));
#151=DIRECTION('',(-6.922691342517E-1,7.216394153331E-1,0.E0));
#152=VECTOR('',#151,6.095895066247E-1);
#153=CARTESIAN_POINT('',(4.22E-1,2.145707013525E0,1.85E0));
#154=LINE('',#153,#152);
#155=CARTESIAN_POINT('',(0.E0,1.E0,1.45E0));
#156=DIRECTION('',(0.E0,0.E0,-1.E0));
#157=DIRECTION('',(-1.E0,0.E0,0.E0));
#158=AXIS2_PLACEMENT_3D('',#155,#156,#157);
#160=CARTESIAN_POINT('',(0.E0,1.E0,1.45E0));
#161=DIRECTION('',(0.E0,0.E0,-1.E0));
#162=DIRECTION('',(9.550960709798E-1,2.962962962963E-1,0.E0));
#163=AXIS2_PLACEMENT_3D('',#160,#161,#162);
#165=DIRECTION('',(0.E0,0.E0,1.E0));
#166=VECTOR('',#165,5.2E-1);
#167=CARTESIAN_POINT('',(9.E-1,1.E0,1.45E0));
#168=LINE('',#167,#166);
#169=CARTESIAN_POINT('',(0.E0,9.25E-1,1.85E0));
#170=DIRECTION('',(0.E0,0.E0,-1.E0));
#171=DIRECTION('',(0.E0,-1.E0,0.E0));
#172=AXIS2_PLACEMENT_3D('',#169,#170,#171);
#174=DIRECTION('',(0.E0,0.E0,1.E0));
#175=VECTOR('',#174,4.E-1);
#176=CARTESIAN_POINT('',(-8.595864638818E-1,1.266666666667E0,1.45E0));
#177=LINE('',#176,#175);
#178=CARTESIAN_POINT('',(0.E0,9.25E-1,1.45E0));
#179=DIRECTION('',(0.E0,0.E0,1.E0));
#180=DIRECTION('',(-9.292826636560E-1,3.693693693694E-1,0.E0));
#181=AXIS2_PLACEMENT_3D('',#178,#179,#180);
#183=DIRECTION('',(0.E0,0.E0,1.E0));
#184=VECTOR('',#183,4.E-1);
#185=CARTESIAN_POINT('',(8.595864638818E-1,1.266666666667E0,1.45E0));
#186=LINE('',#185,#184);
#187=CARTESIAN_POINT('',(0.E0,9.25E-1,1.85E0));
#188=DIRECTION('',(0.E0,0.E0,-1.E0));
#189=DIRECTION('',(9.292826636560E-1,3.693693693694E-1,0.E0));
#190=AXIS2_PLACEMENT_3D('',#187,#188,#189);
#192=CARTESIAN_POINT('',(0.E0,1.E0,1.45E0));
#193=DIRECTION('',(0.E0,0.E0,-1.E0));
#194=DIRECTION('',(1.E0,0.E0,0.E0));
#195=AXIS2_PLACEMENT_3D('',#192,#193,#194);
#197=DIRECTION('',(0.E0,0.E0,1.E0));
#198=VECTOR('',#197,5.2E-1);
#199=CARTESIAN_POINT('',(-9.E-1,1.E0,1.45E0));
#200=LINE('',#199,#198);
#201=DIRECTION('',(1.E0,0.E0,0.E0));
#202=VECTOR('',#201,1.854197998257E0);
#203=CARTESIAN_POINT('',(-2.15E0,1.5E-1,1.97E0));
#204=LINE('',#203,#202);
#205=CARTESIAN_POINT('',(0.E0,1.E0,1.97E0));
#206=DIRECTION('',(0.E0,0.E0,1.E0));
#207=DIRECTION('',(-1.E0,0.E0,0.E0));
#208=AXIS2_PLACEMENT_3D('',#205,#206,#207);
#210=CARTESIAN_POINT('',(0.E0,1.E0,1.97E0));
#211=DIRECTION('',(0.E0,0.E0,1.E0));
#212=DIRECTION('',(1.E0,0.E0,0.E0));
#213=AXIS2_PLACEMENT_3D('',#210,#211,#212);
#215=CARTESIAN_POINT('',(0.E0,1.E0,1.97E0));
#216=DIRECTION('',(0.E0,0.E0,1.E0));
#217=DIRECTION('',(3.286710990611E-1,-9.444444444444E-1,0.E0));
#218=AXIS2_PLACEMENT_3D('',#215,#216,#217);
#220=DIRECTION('',(1.E0,0.E0,0.E0));
#221=VECTOR('',#220,1.854197998257E0);
#222=CARTESIAN_POINT('',(2.958020017427E-1,1.5E-1,1.97E0));
#223=LINE('',#222,#221);
#224=DIRECTION('',(0.E0,-1.E0,0.E0));
#225=VECTOR('',#224,8.5E-1);
#226=CARTESIAN_POINT('',(2.15E0,1.E0,1.97E0));
#227=LINE('',#226,#225);
#228=CARTESIAN_POINT('',(0.E0,1.E0,1.97E0));
#229=DIRECTION('',(0.E0,0.E0,-1.E0));
#230=DIRECTION('',(-1.E0,0.E0,0.E0));
#231=AXIS2_PLACEMENT_3D('',#228,#229,#230);
#233=DIRECTION('',(0.E0,1.E0,0.E0));
#234=VECTOR('',#233,8.5E-1);
#235=CARTESIAN_POINT('',(-2.15E0,1.5E-1,1.97E0));
#236=LINE('',#235,#234);
#237=CARTESIAN_POINT('',(2.15E0,1.5E-1,1.97E0));
#238=CARTESIAN_POINT('',(2.15E0,1.420164611216E-1,1.97E0));
#239=CARTESIAN_POINT('',(2.151289542261E0,1.257765196785E-1,1.971289542261E0));
#240=CARTESIAN_POINT('',(2.157277276966E0,1.015535130321E-1,1.977277276966E0));
#241=CARTESIAN_POINT('',(2.167826873033E0,7.735458031155E-2,1.987826873033E0));
#242=CARTESIAN_POINT('',(2.183541114502E0,5.399440070348E-2,2.003541114502E0));
#243=CARTESIAN_POINT('',(2.204632431914E0,3.288267076172E-2,2.024632431914E0));
#244=CARTESIAN_POINT('',(2.231145054575E0,1.536420950610E-2,2.051145054575E0));
#245=CARTESIAN_POINT('',(2.263540959047E0,3.070697341165E-3,2.083540959047E0));
#246=CARTESIAN_POINT('',(2.287495161206E0,0.E0,2.107495161206E0));
#247=CARTESIAN_POINT('',(2.3E0,0.E0,2.12E0));
#249=CARTESIAN_POINT('',(2.958020017427E-1,1.5E-1,1.97E0));
#250=CARTESIAN_POINT('',(2.596165128879E-1,1.374072800556E-1,1.97E0));
#251=CARTESIAN_POINT('',(1.851826099087E-1,1.163884427945E-1,1.973112346328E0));
#252=CARTESIAN_POINT('',(5.968520970963E-2,9.918195479749E-2,1.978822239531E0));
#253=CARTESIAN_POINT('',(-5.968520950692E-2,9.918195478041E-2,
1.978822239538E0));
#254=CARTESIAN_POINT('',(-1.851826098231E-1,1.163884427714E-1,
1.973112346333E0));
#255=CARTESIAN_POINT('',(-2.596165128575E-1,1.374072800450E-1,1.97E0));
#256=CARTESIAN_POINT('',(-2.958020017427E-1,1.5E-1,1.97E0));
#258=DIRECTION('',(0.E0,0.E0,-1.E0));
#259=VECTOR('',#258,6.7E-1);
#260=CARTESIAN_POINT('',(2.3E0,0.E0,2.12E0));
#261=LINE('',#260,#259);
#262=DIRECTION('',(1.E0,0.E0,0.E0));
#263=VECTOR('',#262,4.6E0);
#264=CARTESIAN_POINT('',(-2.3E0,0.E0,2.12E0));
#265=LINE('',#264,#263);
#266=DIRECTION('',(0.E0,0.E0,1.E0));
#267=VECTOR('',#266,6.7E-1);
#268=CARTESIAN_POINT('',(-2.3E0,0.E0,1.45E0));
#269=LINE('',#268,#267);
#270=DIRECTION('',(1.908651015691E-10,0.E0,1.E0));
#271=VECTOR('',#270,1.999999999292E-1);
#272=CARTESIAN_POINT('',(-2.25E0,0.E0,1.45E0));
#273=LINE('',#272,#271);
#274=CARTESIAN_POINT('',(-1.85E0,0.E0,1.65E0));
#275=DIRECTION('',(0.E0,1.E0,0.E0));
#276=DIRECTION('',(-1.E0,0.E0,0.E0));
#277=AXIS2_PLACEMENT_3D('',#274,#275,#276);
#279=DIRECTION('',(1.E0,0.E0,2.507351684033E-11));
#280=VECTOR('',#279,9.249999998535E-1);
#281=CARTESIAN_POINT('',(-1.849999999854E0,0.E0,2.049999999977E0));
#282=LINE('',#281,#280);
#283=DIRECTION('',(-1.E0,0.E0,4.957331843701E-11));
#284=VECTOR('',#283,9.249999997428E-1);
#285=CARTESIAN_POINT('',(1.849999999743E0,0.E0,2.049999999954E0));
#286=LINE('',#285,#284);
#287=CARTESIAN_POINT('',(1.85E0,0.E0,1.65E0));
#288=DIRECTION('',(0.E0,-1.E0,0.E0));
#289=DIRECTION('',(1.E0,0.E0,0.E0));
#290=AXIS2_PLACEMENT_3D('',#287,#288,#289);
#292=DIRECTION('',(-9.699574483285E-11,0.E0,1.E0));
#293=VECTOR('',#292,1.999999998692E-1);
#294=CARTESIAN_POINT('',(2.25E0,0.E0,1.45E0));
#295=LINE('',#294,#293);
#296=DIRECTION('',(0.E0,0.E0,1.E0));
#297=VECTOR('',#296,1.38E0);
#298=CARTESIAN_POINT('',(-2.3E0,0.E0,7.E-2));
#299=LINE('',#298,#297);
#300=DIRECTION('',(0.E0,0.E0,-1.E0));
#301=VECTOR('',#300,3.04E0);
#302=CARTESIAN_POINT('',(3.35E0,0.E0,3.11E0));
#303=LINE('',#302,#301);
#304=DIRECTION('',(0.E0,0.E0,-1.E0));
#305=VECTOR('',#304,1.38E0);
#306=CARTESIAN_POINT('',(2.3E0,0.E0,1.45E0));
#307=LINE('',#306,#305);
#308=CARTESIAN_POINT('',(0.E0,9.25E-1,1.45E0));
#309=DIRECTION('',(0.E0,0.E0,1.E0));
#310=DIRECTION('',(0.E0,1.E0,0.E0));
#311=AXIS2_PLACEMENT_3D('',#308,#309,#310);
#313=CARTESIAN_POINT('',(0.E0,9.25E-1,1.45E0));
#314=DIRECTION('',(0.E0,0.E0,1.E0));
#315=DIRECTION('',(6.405808414012E-1,-7.678907380805E-1,0.E0));
#316=AXIS2_PLACEMENT_3D('',#313,#314,#315);
#318=DIRECTION('',(-1.782824406029E-9,1.E0,-1.669112745530E-9));
#319=VECTOR('',#318,6.980448520972E-1);
#320=CARTESIAN_POINT('',(1.375E0,-1.2E0,1.45E0));
#321=LINE('',#320,#319);
#322=DIRECTION('',(-1.E0,0.E0,0.E0));
#323=VECTOR('',#322,1.175E0);
#324=CARTESIAN_POINT('',(2.55E0,-1.2E0,1.45E0));
#325=LINE('',#324,#323);
#326=DIRECTION('',(0.E0,1.E0,0.E0));
#327=VECTOR('',#326,5.E-1);
#328=CARTESIAN_POINT('',(2.55E0,-1.2E0,1.45E0));
#329=LINE('',#328,#327);
#330=DIRECTION('',(-1.E0,0.E0,0.E0));
#331=VECTOR('',#330,3.E-1);
#332=CARTESIAN_POINT('',(2.85E0,-7.E-1,1.45E0));
#333=LINE('',#332,#331);
#334=DIRECTION('',(0.E0,1.E0,0.E0));
#335=VECTOR('',#334,2.E-1);
#336=CARTESIAN_POINT('',(2.85E0,-9.E-1,1.45E0));
#337=LINE('',#336,#335);
#338=DIRECTION('',(-1.E0,0.E0,0.E0));
#339=VECTOR('',#338,1.E-1);
#340=CARTESIAN_POINT('',(2.95E0,-9.E-1,1.45E0));
#341=LINE('',#340,#339);
#342=DIRECTION('',(0.E0,-1.E0,0.E0));
#343=VECTOR('',#342,9.E-1);
#344=CARTESIAN_POINT('',(2.95E0,0.E0,1.45E0));
#345=LINE('',#344,#343);
#346=DIRECTION('',(1.E0,0.E0,0.E0));
#347=VECTOR('',#346,6.5E-1);
#348=CARTESIAN_POINT('',(2.3E0,0.E0,1.45E0));
#349=LINE('',#348,#347);
#350=DIRECTION('',(1.E0,0.E0,0.E0));
#351=VECTOR('',#350,5.E-2);
#352=CARTESIAN_POINT('',(2.25E0,0.E0,1.45E0));
#353=LINE('',#352,#351);
#354=DIRECTION('',(0.E0,-1.E0,0.E0));
#355=VECTOR('',#354,6.E-1);
#356=CARTESIAN_POINT('',(2.05E0,8.E-1,1.45E0));
#357=LINE('',#356,#355);
#358=CARTESIAN_POINT('',(0.E0,8.E-1,1.45E0));
#359=DIRECTION('',(0.E0,0.E0,-1.E0));
#360=DIRECTION('',(3.632099603705E-1,9.317073170732E-1,0.E0));
#361=AXIS2_PLACEMENT_3D('',#358,#359,#360);
#363=DIRECTION('',(1.E0,0.E0,0.E0));
#364=VECTOR('',#363,1.489160837519E0);
#365=CARTESIAN_POINT('',(-7.445804187595E-1,2.71E0,1.45E0));
#366=LINE('',#365,#364);
#367=CARTESIAN_POINT('',(0.E0,8.E-1,1.45E0));
#368=DIRECTION('',(0.E0,0.E0,-1.E0));
#369=DIRECTION('',(-1.E0,0.E0,0.E0));
#370=AXIS2_PLACEMENT_3D('',#367,#368,#369);
#372=DIRECTION('',(0.E0,1.E0,0.E0));
#373=VECTOR('',#372,6.E-1);
#374=CARTESIAN_POINT('',(-2.05E0,2.E-1,1.45E0));
#375=LINE('',#374,#373);
#376=DIRECTION('',(1.E0,0.E0,0.E0));
#377=VECTOR('',#376,5.E-2);
#378=CARTESIAN_POINT('',(-2.3E0,0.E0,1.45E0));
#379=LINE('',#378,#377);
#380=DIRECTION('',(1.E0,0.E0,0.E0));
#381=VECTOR('',#380,6.5E-1);
#382=CARTESIAN_POINT('',(-2.95E0,0.E0,1.45E0));
#383=LINE('',#382,#381);
#384=DIRECTION('',(0.E0,1.E0,0.E0));
#385=VECTOR('',#384,9.E-1);
#386=CARTESIAN_POINT('',(-2.95E0,-9.E-1,1.45E0));
#387=LINE('',#386,#385);
#388=DIRECTION('',(1.E0,0.E0,0.E0));
#389=VECTOR('',#388,1.E-1);
#390=CARTESIAN_POINT('',(-2.95E0,-9.E-1,1.45E0));
#391=LINE('',#390,#389);
#392=DIRECTION('',(0.E0,-1.E0,0.E0));
#393=VECTOR('',#392,2.E-1);
#394=CARTESIAN_POINT('',(-2.85E0,-7.E-1,1.45E0));
#395=LINE('',#394,#393);
#396=DIRECTION('',(-1.E0,0.E0,0.E0));
#397=VECTOR('',#396,3.E-1);
#398=CARTESIAN_POINT('',(-2.55E0,-7.E-1,1.45E0));
#399=LINE('',#398,#397);
#400=DIRECTION('',(0.E0,1.E0,0.E0));
#401=VECTOR('',#400,5.E-1);
#402=CARTESIAN_POINT('',(-2.55E0,-1.2E0,1.45E0));
#403=LINE('',#402,#401);
#404=DIRECTION('',(-1.E0,0.E0,0.E0));
#405=VECTOR('',#404,1.175E0);
#406=CARTESIAN_POINT('',(-1.375E0,-1.2E0,1.45E0));
#407=LINE('',#406,#405);
#408=DIRECTION('',(4.027877655068E-7,-9.999999999998E-1,-3.769930044196E-7));
#409=VECTOR('',#408,6.980445217416E-1);
#410=CARTESIAN_POINT('',(-1.375000281164E0,-5.019554782585E-1,
1.450000263158E0));
#411=LINE('',#410,#409);
#412=DIRECTION('',(0.E0,0.E0,1.E0));
#413=VECTOR('',#412,5.E-2);
#414=CARTESIAN_POINT('',(0.E0,2.675E0,1.4E0));
#415=LINE('',#414,#413);
#416=CARTESIAN_POINT('',(0.E0,9.25E-1,1.45E0));
#417=DIRECTION('',(0.E0,0.E0,1.E0));
#418=DIRECTION('',(-6.405808414012E-1,-7.678907380805E-1,0.E0));
#419=AXIS2_PLACEMENT_3D('',#416,#417,#418);
#421=DIRECTION('',(-9.999999999980E-1,-1.986634535725E-6,2.776534589426E-8));
#422=VECTOR('',#421,4.528046156198E-1);
#423=CARTESIAN_POINT('',(-6.682118568362E-1,-4.188078920835E-1,
1.449999987428E0));
#424=LINE('',#423,#422);
#425=DIRECTION('',(-9.999999999988E-1,-1.495670323934E-6,-3.360259580389E-7));
#426=VECTOR('',#425,6.076016730495E-2);
#427=CARTESIAN_POINT('',(-1.121016472455E0,-4.188087916408E-1,1.45E0));
#428=LINE('',#427,#426);
#429=CARTESIAN_POINT('',(-1.075E0,-5.622087405285E-1,1.679487889668E0));
#430=CARTESIAN_POINT('',(-1.075000961873E0,-5.506909331229E-1,
1.661055136452E0));
#431=CARTESIAN_POINT('',(-1.078325544742E0,-5.282238555294E-1,
1.625100898865E0));
#432=CARTESIAN_POINT('',(-1.092873044847E0,-4.956011849456E-1,
1.572893451616E0));
#433=CARTESIAN_POINT('',(-1.115824528017E0,-4.659440923537E-1,
1.525432322968E0));
#434=CARTESIAN_POINT('',(-1.145914806658E0,-4.398177427195E-1,
1.483621121986E0));
#435=CARTESIAN_POINT('',(-1.169267844071E0,-4.253890054683E-1,
1.460531025900E0));
#436=CARTESIAN_POINT('',(-1.181776639760E0,-4.188088825180E-1,
1.449999979583E0));
#438=DIRECTION('',(-5.069598427675E-14,5.299192642332E-1,-8.480480961564E-1));
#439=VECTOR('',#438,1.883367716002E-1);
#440=CARTESIAN_POINT('',(-1.075E0,-6.620120239629E-1,1.839206530259E0));
#441=LINE('',#440,#439);
#442=DIRECTION('',(1.E0,-5.181040781584E-14,8.363680118843E-14));
#443=VECTOR('',#442,3.E-1);
#444=CARTESIAN_POINT('',(-1.075E0,-6.620120239629E-1,1.839206530259E0));
#445=LINE('',#444,#443);
#446=DIRECTION('',(-8.488629925622E-14,-5.299192642332E-1,8.480480961564E-1));
#447=VECTOR('',#446,1.883367715954E-1);
#448=CARTESIAN_POINT('',(-7.75E-1,-5.622087405310E-1,1.679487889672E0));
#449=LINE('',#448,#447);
#450=CARTESIAN_POINT('',(-6.682118568362E-1,-4.188078920835E-1,
1.449999987428E0));
#451=CARTESIAN_POINT('',(-6.806382867068E-1,-4.253442931163E-1,
1.460461965590E0));
#452=CARTESIAN_POINT('',(-7.039240182765E-1,-4.397026616559E-1,
1.483435798729E0));
#453=CARTESIAN_POINT('',(-7.340727510786E-1,-4.658256774436E-1,
1.525243120583E0));
#454=CARTESIAN_POINT('',(-7.571140430419E-1,-4.955695800221E-1,
1.572842823886E0));
#455=CARTESIAN_POINT('',(-7.716652794047E-1,-5.281916898036E-1,
1.625049318981E0));
#456=CARTESIAN_POINT('',(-7.749991857752E-1,-5.506807924697E-1,
1.661039183449E0));
#457=CARTESIAN_POINT('',(-7.75E-1,-5.622087405310E-1,1.679487889672E0));
#459=CARTESIAN_POINT('',(-1.075E0,-6.894159549534E-1,1.600000000035E0));
#460=DIRECTION('',(9.910262688085E-11,5.299192642332E-1,-8.480480961564E-1));
#461=DIRECTION('',(-1.E0,5.251428921345E-11,-8.404536326149E-11));
#462=AXIS2_PLACEMENT_3D('',#459,#460,#461);
#464=CARTESIAN_POINT('',(-1.181776639760E0,-4.188088825180E-1,
1.449999979583E0));
#465=CARTESIAN_POINT('',(-1.199217151239E0,-4.188094179675E-1,
1.449999979583E0));
#466=CARTESIAN_POINT('',(-1.233617937113E0,-4.222993934282E-1,
1.449999956545E0));
#467=CARTESIAN_POINT('',(-1.284471827191E0,-4.379710525852E-1,
1.450000182718E0));
#468=CARTESIAN_POINT('',(-1.332493174482E0,-4.641851422683E-1,
1.449999312584E0));
#469=CARTESIAN_POINT('',(-1.361288545832E0,-4.882486357872E-1,
1.450001482159E0));
#470=CARTESIAN_POINT('',(-1.375000281164E0,-5.019554782585E-1,
1.450000263158E0));
#472=CARTESIAN_POINT('',(-1.225E0,-6.894159549292E-1,1.599999999998E0));
#473=CARTESIAN_POINT('',(-1.225000358492E0,-6.735508890566E-1,
1.587305728100E0));
#474=CARTESIAN_POINT('',(-1.228208904190E0,-6.435718612675E-1,
1.563321964221E0));
#475=CARTESIAN_POINT('',(-1.239810158369E0,-6.050366359779E-1,
1.532479261707E0));
#476=CARTESIAN_POINT('',(-1.256516162E0,-5.724086253682E-1,1.506375291551E0));
#477=CARTESIAN_POINT('',(-1.277142662891E0,-5.458053801548E-1,
1.485085373795E0));
#478=CARTESIAN_POINT('',(-1.300656259328E0,-5.253369397264E-1,
1.468707546797E0));
#479=CARTESIAN_POINT('',(-1.325880865774E0,-5.112398123534E-1,
1.457427551818E0));
#480=CARTESIAN_POINT('',(-1.351070355906E0,-5.034725272677E-1,
1.451216157899E0));
#481=CARTESIAN_POINT('',(-1.367208999754E0,-5.019576699265E-1,
1.450000955811E0));
#482=CARTESIAN_POINT('',(-1.375000281164E0,-5.019554782585E-1,
1.450000263158E0));
#484=CARTESIAN_POINT('',(-1.375E0,-1.2E0,1.6E0));
#485=DIRECTION('',(0.E0,-1.E0,0.E0));
#486=DIRECTION('',(0.E0,0.E0,-1.E0));
#487=AXIS2_PLACEMENT_3D('',#484,#485,#486);
#489=DIRECTION('',(0.E0,0.E0,1.E0));
#490=VECTOR('',#489,1.05E0);
#491=CARTESIAN_POINT('',(-2.55E0,-1.2E0,1.45E0));
#492=LINE('',#491,#490);
#493=CARTESIAN_POINT('',(-1.375E0,-1.2E0,2.35E0));
#494=DIRECTION('',(0.E0,-1.E0,0.E0));
#495=DIRECTION('',(1.E0,0.E0,0.E0));
#496=AXIS2_PLACEMENT_3D('',#493,#494,#495);
#498=DIRECTION('',(0.E0,0.E0,1.E0));
#499=VECTOR('',#498,7.5E-1);
#500=CARTESIAN_POINT('',(-1.225E0,-1.2E0,1.6E0));
#501=LINE('',#500,#499);
#502=DIRECTION('',(0.E0,-1.E0,0.E0));
#503=VECTOR('',#502,6.5E-1);
#504=CARTESIAN_POINT('',(-2.55E0,-5.5E-1,2.5E0));
#505=LINE('',#504,#503);
#506=DIRECTION('',(1.E0,0.E0,0.E0));
#507=VECTOR('',#506,3.E-1);
#508=CARTESIAN_POINT('',(-2.85E0,-7.E-1,2.35E0));
#509=LINE('',#508,#507);
#510=DIRECTION('',(0.E0,0.E0,-1.E0));
#511=VECTOR('',#510,9.E-1);
#512=CARTESIAN_POINT('',(-2.55E0,-7.E-1,2.35E0));
#513=LINE('',#512,#511);
#514=CARTESIAN_POINT('',(-2.85E0,-5.5E-1,2.35E0));
#515=DIRECTION('',(-1.E0,0.E0,0.E0));
#516=DIRECTION('',(0.E0,-1.E0,0.E0));
#517=AXIS2_PLACEMENT_3D('',#514,#515,#516);
#519=CARTESIAN_POINT('',(-2.55E0,-5.5E-1,2.35E0));
#520=DIRECTION('',(1.E0,0.E0,0.E0));
#521=DIRECTION('',(0.E0,0.E0,1.E0));
#522=AXIS2_PLACEMENT_3D('',#519,#520,#521);
#524=DIRECTION('',(0.E0,1.E0,0.E0));
#525=VECTOR('',#524,3.5E-1);
#526=CARTESIAN_POINT('',(-2.85E0,-9.E-1,2.5E0));
#527=LINE('',#526,#525);
#528=DIRECTION('',(0.E0,0.E0,-1.E0));
#529=VECTOR('',#528,9.E-1);
#530=CARTESIAN_POINT('',(-2.85E0,-7.E-1,2.35E0));
#531=LINE('',#530,#529);
#532=DIRECTION('',(0.E0,1.E0,0.E0));
#533=VECTOR('',#532,9.E-1);
#534=CARTESIAN_POINT('',(2.95E0,-9.E-1,2.5E0));
#535=LINE('',#534,#533);
#536=DIRECTION('',(-1.E0,0.E0,0.E0));
#537=VECTOR('',#536,1.E-1);
#538=CARTESIAN_POINT('',(2.95E0,-9.E-1,2.5E0));
#539=LINE('',#538,#537);
#540=DIRECTION('',(1.E0,0.E0,0.E0));
#541=VECTOR('',#540,3.E-1);
#542=CARTESIAN_POINT('',(2.55E0,-5.5E-1,2.5E0));
#543=LINE('',#542,#541);
#544=DIRECTION('',(1.E0,0.E0,0.E0));
#545=VECTOR('',#544,1.175E0);
#546=CARTESIAN_POINT('',(1.375E0,-1.2E0,2.5E0));
#547=LINE('',#546,#545);
#548=DIRECTION('',(0.E0,1.E0,0.E0));
#549=VECTOR('',#548,3.5E-1);
#550=CARTESIAN_POINT('',(1.375E0,-1.2E0,2.5E0));
#551=LINE('',#550,#549);
#552=DIRECTION('',(0.E0,-1.E0,0.E0));
#553=VECTOR('',#552,3.5E-1);
#554=CARTESIAN_POINT('',(4.75E-1,-8.5E-1,2.5E0));
#555=LINE('',#554,#553);
#556=DIRECTION('',(1.E0,0.E0,0.E0));
#557=VECTOR('',#556,9.5E-1);
#558=CARTESIAN_POINT('',(-4.75E-1,-1.2E0,2.5E0));
#559=LINE('',#558,#557);
#560=DIRECTION('',(0.E0,1.E0,0.E0));
#561=VECTOR('',#560,3.5E-1);
#562=CARTESIAN_POINT('',(-4.75E-1,-1.2E0,2.5E0));
#563=LINE('',#562,#561);
#564=DIRECTION('',(0.E0,-1.E0,0.E0));
#565=VECTOR('',#564,3.5E-1);
#566=CARTESIAN_POINT('',(-1.375E0,-8.5E-1,2.5E0));
#567=LINE('',#566,#565);
#568=DIRECTION('',(1.E0,0.E0,0.E0));
#569=VECTOR('',#568,1.175E0);
#570=CARTESIAN_POINT('',(-2.55E0,-1.2E0,2.5E0));
#571=LINE('',#570,#569);
#572=DIRECTION('',(1.E0,0.E0,0.E0));
#573=VECTOR('',#572,3.E-1);
#574=CARTESIAN_POINT('',(-2.85E0,-5.5E-1,2.5E0));
#575=LINE('',#574,#573);
#576=DIRECTION('',(1.E0,0.E0,0.E0));
#577=VECTOR('',#576,1.E-1);
#578=CARTESIAN_POINT('',(-2.95E0,-9.E-1,2.5E0));
#579=LINE('',#578,#577);
#580=DIRECTION('',(0.E0,-1.E0,0.E0));
#581=VECTOR('',#580,9.E-1);
#582=CARTESIAN_POINT('',(-2.95E0,0.E0,2.5E0));
#583=LINE('',#582,#581);
#584=DIRECTION('',(1.E0,0.E0,0.E0));
#585=VECTOR('',#584,5.9E0);
#586=CARTESIAN_POINT('',(-2.95E0,0.E0,2.5E0));
#587=LINE('',#586,#585);
#588=DIRECTION('',(0.E0,1.E0,0.E0));
#589=VECTOR('',#588,2.5E-1);
#590=CARTESIAN_POINT('',(1.55E0,-7.E-1,2.5E0));
#591=LINE('',#590,#589);
#592=DIRECTION('',(1.E0,0.E0,0.E0));
#593=VECTOR('',#592,6.E-1);
#594=CARTESIAN_POINT('',(1.55E0,-7.E-1,2.5E0));
#595=LINE('',#594,#593);
#596=DIRECTION('',(0.E0,1.E0,0.E0));
#597=VECTOR('',#596,2.5E-1);
#598=CARTESIAN_POINT('',(2.15E0,-7.E-1,2.5E0));
#599=LINE('',#598,#597);
#600=DIRECTION('',(1.E0,0.E0,0.E0));
#601=VECTOR('',#600,6.E-1);
#602=CARTESIAN_POINT('',(1.55E0,-4.5E-1,2.5E0));
#603=LINE('',#602,#601);
#604=DIRECTION('',(0.E0,1.E0,0.E0));
#605=VECTOR('',#604,2.5E-1);
#606=CARTESIAN_POINT('',(-3.E-1,-7.E-1,2.5E0));
#607=LINE('',#606,#605);
#608=DIRECTION('',(1.E0,0.E0,0.E0));
#609=VECTOR('',#608,6.E-1);
#610=CARTESIAN_POINT('',(-3.E-1,-7.E-1,2.5E0));
#611=LINE('',#610,#609);
#612=DIRECTION('',(0.E0,1.E0,0.E0));
#613=VECTOR('',#612,2.5E-1);
#614=CARTESIAN_POINT('',(3.E-1,-7.E-1,2.5E0));
#615=LINE('',#614,#613);
#616=DIRECTION('',(1.E0,0.E0,0.E0));
#617=VECTOR('',#616,6.E-1);
#618=CARTESIAN_POINT('',(-3.E-1,-4.5E-1,2.5E0));
#619=LINE('',#618,#617);
#620=DIRECTION('',(0.E0,1.E0,0.E0));
#621=VECTOR('',#620,2.5E-1);
#622=CARTESIAN_POINT('',(-2.15E0,-7.E-1,2.5E0));
#623=LINE('',#622,#621);
#624=DIRECTION('',(1.E0,0.E0,0.E0));
#625=VECTOR('',#624,6.E-1);
#626=CARTESIAN_POINT('',(-2.15E0,-7.E-1,2.5E0));
#627=LINE('',#626,#625);
#628=DIRECTION('',(0.E0,1.E0,0.E0));
#629=VECTOR('',#628,2.5E-1);
#630=CARTESIAN_POINT('',(-1.55E0,-7.E-1,2.5E0));
#631=LINE('',#630,#629);
#632=DIRECTION('',(1.E0,0.E0,0.E0));
#633=VECTOR('',#632,6.E-1);
#634=CARTESIAN_POINT('',(-2.15E0,-4.5E-1,2.5E0));
#635=LINE('',#634,#633);
#636=CARTESIAN_POINT('',(2.95E0,0.E0,2.3E0));
#637=DIRECTION('',(0.E0,1.E0,0.E0));
#638=DIRECTION('',(0.E0,0.E0,1.E0));
#639=AXIS2_PLACEMENT_3D('',#636,#637,#638);
#641=DIRECTION('',(0.E0,0.E0,1.E0));
#642=VECTOR('',#641,6.5E-1);
#643=CARTESIAN_POINT('',(3.15E0,0.E0,1.65E0));
#644=LINE('',#643,#642);
#645=DIRECTION('',(0.E0,-1.E0,0.E0));
#646=VECTOR('',#645,9.E-1);
#647=CARTESIAN_POINT('',(3.15E0,0.E0,1.65E0));
#648=LINE('',#647,#646);
#649=DIRECTION('',(0.E0,0.E0,1.E0));
#650=VECTOR('',#649,6.5E-1);
#651=CARTESIAN_POINT('',(3.15E0,-9.E-1,1.65E0));
#652=LINE('',#651,#650);
#653=DIRECTION('',(0.E0,1.E0,0.E0));
#654=VECTOR('',#653,9.E-1);
#655=CARTESIAN_POINT('',(3.15E0,-9.E-1,2.3E0));
#656=LINE('',#655,#654);
#657=CARTESIAN_POINT('',(2.95E0,0.E0,1.65E0));
#658=DIRECTION('',(0.E0,-1.E0,0.E0));
#659=DIRECTION('',(0.E0,0.E0,-1.E0));
#660=AXIS2_PLACEMENT_3D('',#657,#658,#659);
#662=CARTESIAN_POINT('',(2.95E0,-9.E-1,1.65E0));
#663=DIRECTION('',(0.E0,-1.E0,0.E0));
#664=DIRECTION('',(0.E0,0.E0,-1.E0));
#665=AXIS2_PLACEMENT_3D('',#662,#663,#664);
#667=CARTESIAN_POINT('',(2.95E0,-9.E-1,2.3E0));
#668=DIRECTION('',(0.E0,-1.E0,0.E0));
#669=DIRECTION('',(1.E0,0.E0,0.E0));
#670=AXIS2_PLACEMENT_3D('',#667,#668,#669);
#672=DIRECTION('',(0.E0,-1.E0,0.E0));
#673=VECTOR('',#672,3.5E-1);
#674=CARTESIAN_POINT('',(2.85E0,-5.5E-1,2.5E0));
#675=LINE('',#674,#673);
#676=DIRECTION('',(0.E0,0.E0,-1.E0));
#677=VECTOR('',#676,1.05E0);
#678=CARTESIAN_POINT('',(2.85E0,-9.E-1,2.5E0));
#679=LINE('',#678,#677);
#680=DIRECTION('',(1.E0,0.E0,0.E0));
#681=VECTOR('',#680,3.E-1);
#682=CARTESIAN_POINT('',(2.55E0,-7.E-1,2.35E0));
#683=LINE('',#682,#681);
#684=DIRECTION('',(0.E0,0.E0,-1.E0));
#685=VECTOR('',#684,9.E-1);
#686=CARTESIAN_POINT('',(2.85E0,-7.E-1,2.35E0));
#687=LINE('',#686,#685);
#688=CARTESIAN_POINT('',(2.55E0,-5.5E-1,2.35E0));
#689=DIRECTION('',(-1.E0,0.E0,0.E0));
#690=DIRECTION('',(0.E0,-1.E0,0.E0));
#691=AXIS2_PLACEMENT_3D('',#688,#689,#690);
#693=CARTESIAN_POINT('',(2.85E0,-5.5E-1,2.35E0));
#694=DIRECTION('',(1.E0,0.E0,0.E0));
#695=DIRECTION('',(0.E0,0.E0,1.E0));
#696=AXIS2_PLACEMENT_3D('',#693,#694,#695);
#698=DIRECTION('',(0.E0,1.E0,0.E0));
#699=VECTOR('',#698,6.5E-1);
#700=CARTESIAN_POINT('',(2.55E0,-1.2E0,2.5E0));
#701=LINE('',#700,#699);
#702=DIRECTION('',(0.E0,0.E0,-1.E0));
#703=VECTOR('',#702,9.E-1);
#704=CARTESIAN_POINT('',(2.55E0,-7.E-1,2.35E0));
#705=LINE('',#704,#703);
#706=CARTESIAN_POINT('',(1.375E0,-1.2E0,2.35E0));
#707=DIRECTION('',(0.E0,-1.E0,0.E0));
#708=DIRECTION('',(0.E0,0.E0,1.E0));
#709=AXIS2_PLACEMENT_3D('',#706,#707,#708);
#711=DIRECTION('',(0.E0,0.E0,1.E0));
#712=VECTOR('',#711,1.05E0);
#713=CARTESIAN_POINT('',(2.55E0,-1.2E0,1.45E0));
#714=LINE('',#713,#712);
#715=CARTESIAN_POINT('',(1.375E0,-1.2E0,1.6E0));
#716=DIRECTION('',(0.E0,-1.E0,0.E0));
#717=DIRECTION('',(-1.E0,0.E0,0.E0));
#718=AXIS2_PLACEMENT_3D('',#715,#716,#717);
#720=DIRECTION('',(0.E0,0.E0,1.E0));
#721=VECTOR('',#720,7.5E-1);
#722=CARTESIAN_POINT('',(1.225E0,-1.2E0,1.6E0));
#723=LINE('',#722,#721);
#724=CARTESIAN_POINT('',(1.375E0,-8.5E-1,2.35E0));
#725=DIRECTION('',(0.E0,1.E0,0.E0));
#726=DIRECTION('',(-1.E0,0.E0,0.E0));
#727=AXIS2_PLACEMENT_3D('',#724,#725,#726);
#729=CARTESIAN_POINT('',(1.075E0,-8.5E-1,2.5E0));
#730=DIRECTION('',(0.E0,0.E0,-1.E0));
#731=DIRECTION('',(0.E0,1.E0,0.E0));
#732=AXIS2_PLACEMENT_3D('',#729,#730,#731);
#734=CARTESIAN_POINT('',(1.075E0,-8.5E-1,2.35E0));
#735=DIRECTION('',(0.E0,0.E0,-1.E0));
#736=DIRECTION('',(0.E0,1.E0,0.E0));
#737=AXIS2_PLACEMENT_3D('',#734,#735,#736);
#739=CARTESIAN_POINT('',(7.75E-1,-5.5E-1,2.35E0));
#740=DIRECTION('',(-1.E0,0.E0,0.E0));
#741=DIRECTION('',(0.E0,-1.E0,0.E0));
#742=AXIS2_PLACEMENT_3D('',#739,#740,#741);
#744=DIRECTION('',(1.E0,0.E0,0.E0));
#745=VECTOR('',#744,3.E-1);
#746=CARTESIAN_POINT('',(7.75E-1,-5.5E-1,2.5E0));
#747=LINE('',#746,#745);
#748=CARTESIAN_POINT('',(1.075E0,-5.5E-1,2.35E0));
#749=DIRECTION('',(-1.E0,0.E0,0.E0));
#750=DIRECTION('',(0.E0,-1.E0,0.E0));
#751=AXIS2_PLACEMENT_3D('',#748,#749,#750);
#753=CARTESIAN_POINT('',(7.75E-1,-8.5E-1,2.5E0));
#754=DIRECTION('',(0.E0,0.E0,-1.E0));
#755=DIRECTION('',(-1.E0,0.E0,0.E0));
#756=AXIS2_PLACEMENT_3D('',#753,#754,#755);
#758=CARTESIAN_POINT('',(7.75E-1,-8.5E-1,2.35E0));
#759=DIRECTION('',(0.E0,0.E0,-1.E0));
#760=DIRECTION('',(-1.E0,0.E0,0.E0));
#761=AXIS2_PLACEMENT_3D('',#758,#759,#760);
#763=CARTESIAN_POINT('',(4.75E-1,-8.5E-1,2.35E0));
#764=DIRECTION('',(0.E0,-1.E0,0.E0));
#765=DIRECTION('',(1.E0,0.E0,0.E0));
#766=AXIS2_PLACEMENT_3D('',#763,#764,#765);
#768=DIRECTION('',(0.E0,5.299192640437E-1,-8.480480962749E-1));
#769=VECTOR('',#768,1.883367716343E-1);
#770=CARTESIAN_POINT('',(6.25E-1,-7.892192383463E-1,1.759718640641E0));
#771=LINE('',#770,#769);
#772=DIRECTION('',(0.E0,-1.E0,3.145512757260E-12));
#773=VECTOR('',#772,5.105840450705E-1);
#774=CARTESIAN_POINT('',(6.25E-1,-6.894159549295E-1,1.599999999998E0));
#775=LINE('',#774,#773);
#776=DIRECTION('',(0.E0,-1.E0,0.E0));
#777=VECTOR('',#776,3.5E-1);
#778=CARTESIAN_POINT('',(6.25E-1,-8.5E-1,2.35E0));
#779=LINE('',#778,#777);
#780=DIRECTION('',(0.E0,4.747756252882E-11,-1.E0));
#781=VECTOR('',#780,3.783136534460E-1);
#782=CARTESIAN_POINT('',(6.25E-1,-8.5E-1,2.35E0));
#783=LINE('',#782,#781);
#784=CARTESIAN_POINT('',(6.25E-1,-4.5E-1,1.971686346440E0));
#785=DIRECTION('',(1.E0,0.E0,0.E0));
#786=DIRECTION('',(0.E0,-1.E0,0.E0));
#787=AXIS2_PLACEMENT_3D('',#784,#785,#786);
#789=CARTESIAN_POINT('',(7.75E-1,-7.892192384626E-1,1.759718640746E0));
#790=DIRECTION('',(0.E0,5.299192642332E-1,-8.480480961564E-1));
#791=DIRECTION('',(-1.E0,0.E0,0.E0));
#792=AXIS2_PLACEMENT_3D('',#789,#790,#791);
#794=CARTESIAN_POINT('',(7.75E-1,-8.5E-1,1.971686346440E0));
#795=DIRECTION('',(0.E0,0.E0,-1.E0));
#796=DIRECTION('',(-1.E0,0.E0,0.E0));
#797=AXIS2_PLACEMENT_3D('',#794,#795,#796);
#799=DIRECTION('',(0.E0,0.E0,-1.E0));
#800=VECTOR('',#799,3.783136534427E-1);
#801=CARTESIAN_POINT('',(7.75E-1,-7.E-1,2.35E0));
#802=LINE('',#801,#800);
#803=DIRECTION('',(1.E0,0.E0,0.E0));
#804=VECTOR('',#803,3.E-1);
#805=CARTESIAN_POINT('',(7.75E-1,-7.E-1,2.35E0));
#806=LINE('',#805,#804);
#807=DIRECTION('',(0.E0,0.E0,1.E0));
#808=VECTOR('',#807,3.783136534426E-1);
#809=CARTESIAN_POINT('',(1.075E0,-7.E-1,1.971686346557E0));
#810=LINE('',#809,#808);
#811=DIRECTION('',(1.E0,0.E0,1.879977655032E-13));
#812=VECTOR('',#811,3.E-1);
#813=CARTESIAN_POINT('',(7.75E-1,-7.E-1,1.971686346557E0));
#814=LINE('',#813,#812);
#815=CARTESIAN_POINT('',(1.075E0,-8.5E-1,1.971686346440E0));
#816=DIRECTION('',(0.E0,0.E0,1.E0));
#817=DIRECTION('',(1.E0,0.E0,0.E0));
#818=AXIS2_PLACEMENT_3D('',#815,#816,#817);
#820=DIRECTION('',(0.E0,-5.299192640379E-1,8.480480962785E-1));
#821=VECTOR('',#820,1.883367716306E-1);
#822=CARTESIAN_POINT('',(1.225E0,-6.894159549326E-1,1.600000000001E0));
#823=LINE('',#822,#821);
#824=CARTESIAN_POINT('',(1.225E0,-4.5E-1,1.971686346440E0));
#825=DIRECTION('',(-1.E0,0.E0,0.E0));
#826=DIRECTION('',(0.E0,-8.480480961564E-1,-5.299192642332E-1));
#827=AXIS2_PLACEMENT_3D('',#824,#825,#826);
#829=DIRECTION('',(0.E0,-4.750426796076E-11,1.E0));
#830=VECTOR('',#829,3.783136534460E-1);
#831=CARTESIAN_POINT('',(1.225E0,-8.499999999820E-1,1.971686346554E0));
#832=LINE('',#831,#830);
#833=DIRECTION('',(0.E0,1.E0,0.E0));
#834=VECTOR('',#833,3.5E-1);
#835=CARTESIAN_POINT('',(1.225E0,-1.2E0,2.35E0));
#836=LINE('',#835,#834);
#837=DIRECTION('',(0.E0,1.E0,1.656471463083E-12));
#838=VECTOR('',#837,5.105840450674E-1);
#839=CARTESIAN_POINT('',(1.225E0,-1.2E0,1.6E0));
#840=LINE('',#839,#838);
#841=CARTESIAN_POINT('',(1.075E0,-6.894159549315E-1,1.6E0));
#842=DIRECTION('',(0.E0,-5.299192642332E-1,8.480480961564E-1));
#843=DIRECTION('',(1.E0,0.E0,0.E0));
#844=AXIS2_PLACEMENT_3D('',#841,#842,#843);
#846=CARTESIAN_POINT('',(1.374999998756E0,-5.019551479028E-1,1.449999998835E0));
#847=CARTESIAN_POINT('',(1.361303075729E0,-4.881950940646E-1,1.449999881576E0));
#848=CARTESIAN_POINT('',(1.332421792455E0,-4.641654640646E-1,1.450000047746E0));
#849=CARTESIAN_POINT('',(1.284449446280E0,-4.379551308452E-1,1.450000010525E0));
#850=CARTESIAN_POINT('',(1.233586244325E0,-4.222981939308E-1,1.449999910156E0));
#851=CARTESIAN_POINT('',(1.199206888646E0,-4.188103893357E-1,1.450000202620E0));
#852=CARTESIAN_POINT('',(1.181775455289E0,-4.188078894416E-1,1.450000202620E0));
#854=DIRECTION('',(1.E0,1.833270242957E-7,-2.579451049902E-9));
#855=VECTOR('',#854,4.527919310390E-1);
#856=CARTESIAN_POINT('',(6.682245414128E-1,-4.188088746498E-1,
1.450000001168E0));
#857=LINE('',#856,#855);
#858=CARTESIAN_POINT('',(7.75E-1,-5.622087405236E-1,1.679487889660E0));
#859=CARTESIAN_POINT('',(7.749991324932E-1,-5.506914108774E-1,
1.661055942612E0));
#860=CARTESIAN_POINT('',(7.716752702788E-1,-5.282243119414E-1,
1.625101601793E0));
#861=CARTESIAN_POINT('',(7.571241173661E-1,-4.955968280476E-1,
1.572886512927E0));
#862=CARTESIAN_POINT('',(7.341670409270E-1,-4.659350517209E-1,
1.525417747196E0));
#863=CARTESIAN_POINT('',(7.040803603574E-1,-4.398140665330E-1,
1.483615635993E0));
#864=CARTESIAN_POINT('',(6.807305857496E-1,-4.253885991495E-1,
1.460529520827E0));
#865=CARTESIAN_POINT('',(6.682245414128E-1,-4.188088746498E-1,
1.450000001168E0));
#867=DIRECTION('',(-4.067468505726E-14,5.299192642332E-1,-8.480480961564E-1));
#868=VECTOR('',#867,1.883367716094E-1);
#869=CARTESIAN_POINT('',(7.75E-1,-6.620120239629E-1,1.839206530259E0));
#870=LINE('',#869,#868);
#871=DIRECTION('',(1.E0,-5.218048215738E-14,8.363680118843E-14));
#872=VECTOR('',#871,3.E-1);
#873=CARTESIAN_POINT('',(7.75E-1,-6.620120239629E-1,1.839206530259E0));
#874=LINE('',#873,#872);
#875=DIRECTION('',(-7.309653547075E-14,-5.299192642332E-1,8.480480961564E-1));
#876=VECTOR('',#875,1.883367715951E-1);
#877=CARTESIAN_POINT('',(1.075E0,-5.622087405312E-1,1.679487889672E0));
#878=LINE('',#877,#876);
#879=CARTESIAN_POINT('',(1.181775455289E0,-4.188078894416E-1,1.450000202620E0));
#880=CARTESIAN_POINT('',(1.169369771030E0,-4.253322799298E-1,1.460443956990E0));
#881=CARTESIAN_POINT('',(1.146128476124E0,-4.396713696426E-1,1.483385157621E0));
#882=CARTESIAN_POINT('',(1.115958007334E0,-4.657867867941E-1,1.525181029721E0));
#883=CARTESIAN_POINT('',(1.092906370052E0,-4.955394789834E-1,1.572794626823E0));
#884=CARTESIAN_POINT('',(1.078335424844E0,-5.281789265198E-1,1.625028847596E0));
#885=CARTESIAN_POINT('',(1.075000532023E0,-5.506764925423E-1,1.661032426024E0));
#886=CARTESIAN_POINT('',(1.075E0,-5.622087405312E-1,1.679487889672E0));
#888=DIRECTION('',(-9.999999998842E-1,-1.484881999071E-5,-3.334813408238E-6));
#889=VECTOR('',#888,6.075898284413E-2);
#890=CARTESIAN_POINT('',(1.181775455289E0,-4.188078894416E-1,1.450000202620E0));
#891=LINE('',#890,#889);
#892=CARTESIAN_POINT('',(0.E0,9.25E-1,1.45E0));
#893=DIRECTION('',(0.E0,0.E0,1.E0));
#894=DIRECTION('',(2.714285714286E-1,-9.624585864401E-1,0.E0));
#895=AXIS2_PLACEMENT_3D('',#892,#893,#894);
#897=DIRECTION('',(0.E0,0.E0,1.E0));
#898=VECTOR('',#897,5.E-2);
#899=CARTESIAN_POINT('',(0.E0,-8.25E-1,1.4E0));
#900=LINE('',#899,#898);
#901=CARTESIAN_POINT('',(0.E0,9.25E-1,1.45E0));
#902=DIRECTION('',(0.E0,0.E0,1.E0));
#903=DIRECTION('',(-2.714285714286E-1,-9.624585864401E-1,0.E0));
#904=AXIS2_PLACEMENT_3D('',#901,#902,#903);
#906=DIRECTION('',(0.E0,1.E0,0.E0));
#907=VECTOR('',#906,4.406974737299E-1);
#908=CARTESIAN_POINT('',(-4.75E-1,-1.2E0,1.45E0));
#909=LINE('',#908,#907);
#910=DIRECTION('',(-1.E0,0.E0,0.E0));
#911=VECTOR('',#910,9.5E-1);
#912=CARTESIAN_POINT('',(4.75E-1,-1.2E0,1.45E0));
#913=LINE('',#912,#911);
#914=DIRECTION('',(0.E0,-1.E0,0.E0));
#915=VECTOR('',#914,4.406974737299E-1);
#916=CARTESIAN_POINT('',(4.75E-1,-7.593025262701E-1,1.45E0));
#917=LINE('',#916,#915);
#918=CARTESIAN_POINT('',(0.E0,9.25E-1,1.45E0));
#919=DIRECTION('',(0.E0,0.E0,1.E0));
#920=DIRECTION('',(0.E0,-1.E0,0.E0));
#921=AXIS2_PLACEMENT_3D('',#918,#919,#920);
#923=DIRECTION('',(-2.593633167882E-5,9.999999996636E-1,3.244966149547E-7));
#924=VECTOR('',#923,2.573414114170E-1);
#925=CARTESIAN_POINT('',(-4.75E-1,-7.593025262701E-1,1.45E0));
#926=LINE('',#925,#924);
#927=CARTESIAN_POINT('',(-4.750066744922E-1,-5.019611149397E-1,
1.450000083506E0));
#928=CARTESIAN_POINT('',(-4.827992431027E-1,-5.019604693179E-1,
1.450000083420E0));
#929=CARTESIAN_POINT('',(-4.989391185637E-1,-5.034775595110E-1,
1.451214914174E0));
#930=CARTESIAN_POINT('',(-5.242152719760E-1,-5.112771629353E-1,
1.457456278441E0));
#931=CARTESIAN_POINT('',(-5.494481622273E-1,-5.254047516816E-1,
1.468766817076E0));
#932=CARTESIAN_POINT('',(-5.729459831148E-1,-5.458978063185E-1,
1.485161923596E0));
#933=CARTESIAN_POINT('',(-5.935416505984E-1,-5.725054774265E-1,
1.506451242337E0));
#934=CARTESIAN_POINT('',(-6.102162960055E-1,-6.051108693949E-1,
1.532538854275E0));
#935=CARTESIAN_POINT('',(-6.217932134131E-1,-6.435973662372E-1,
1.563341490734E0));
#936=CARTESIAN_POINT('',(-6.249997109418E-1,-6.735574022712E-1,
1.587312554274E0));
#937=CARTESIAN_POINT('',(-6.25E-1,-6.894159549308E-1,1.599999999999E0));
#939=CARTESIAN_POINT('',(-4.750066744922E-1,-5.019611149397E-1,
1.450000083506E0));
#940=CARTESIAN_POINT('',(-4.864980400144E-1,-4.904489929908E-1,
1.450000083524E0));
#941=CARTESIAN_POINT('',(-5.102394649006E-1,-4.701073047575E-1,
1.449999961115E0));
#942=CARTESIAN_POINT('',(-5.471279156125E-1,-4.473526215295E-1,
1.450000010812E0));
#943=CARTESIAN_POINT('',(-5.863013408859E-1,-4.308983881237E-1,
1.449999995639E0));
#944=CARTESIAN_POINT('',(-6.271583602221E-1,-4.209927158977E-1,
1.450000006634E0));
#945=CARTESIAN_POINT('',(-6.544711883413E-1,-4.188091581974E-1,
1.449999987428E0));
#946=CARTESIAN_POINT('',(-6.682118568362E-1,-4.188078920835E-1,
1.449999987428E0));
#948=CARTESIAN_POINT('',(-7.75E-1,-6.894159549315E-1,1.6E0));
#949=DIRECTION('',(0.E0,-5.299192642332E-1,8.480480961564E-1));
#950=DIRECTION('',(1.E0,0.E0,0.E0));
#951=AXIS2_PLACEMENT_3D('',#948,#949,#950);
#953=DIRECTION('',(0.E0,-5.299192640414E-1,8.480480962763E-1));
#954=VECTOR('',#953,1.883367716328E-1);
#955=CARTESIAN_POINT('',(-6.25E-1,-6.894159549308E-1,1.599999999999E0));
#956=LINE('',#955,#954);
#957=CARTESIAN_POINT('',(-6.25E-1,-4.5E-1,1.971686346440E0));
#958=DIRECTION('',(-1.E0,0.E0,0.E0));
#959=DIRECTION('',(0.E0,-8.480480961564E-1,-5.299192642332E-1));
#960=AXIS2_PLACEMENT_3D('',#957,#958,#959);
#962=DIRECTION('',(0.E0,-4.750397449448E-11,1.E0));
#963=VECTOR('',#962,3.783136534460E-1);
#964=CARTESIAN_POINT('',(-6.25E-1,-8.499999999820E-1,1.971686346554E0));
#965=LINE('',#964,#963);
#966=DIRECTION('',(0.E0,1.E0,0.E0));
#967=VECTOR('',#966,3.5E-1);
#968=CARTESIAN_POINT('',(-6.25E-1,-1.2E0,2.35E0));
#969=LINE('',#968,#967);
#970=DIRECTION('',(0.E0,1.E0,-1.190276291531E-12));
#971=VECTOR('',#970,5.105840450692E-1);
#972=CARTESIAN_POINT('',(-6.25E-1,-1.2E0,1.6E0));
#973=LINE('',#972,#971);
#974=CARTESIAN_POINT('',(-7.75E-1,-7.892192384626E-1,1.759718640746E0));
#975=DIRECTION('',(0.E0,-5.299192642332E-1,8.480480961564E-1));
#976=DIRECTION('',(1.E0,0.E0,0.E0));
#977=AXIS2_PLACEMENT_3D('',#974,#975,#976);
#979=CARTESIAN_POINT('',(-1.075E0,-4.5E-1,1.971686346440E0));
#980=DIRECTION('',(1.E0,0.E0,0.E0));
#981=DIRECTION('',(0.E0,-1.E0,0.E0));
#982=AXIS2_PLACEMENT_3D('',#979,#980,#981);
#984=CARTESIAN_POINT('',(-7.75E-1,-4.5E-1,1.971686346440E0));
#985=DIRECTION('',(-1.E0,0.E0,0.E0));
#986=DIRECTION('',(0.E0,-8.480480961564E-1,-5.299192642332E-1));
#987=AXIS2_PLACEMENT_3D('',#984,#985,#986);
#989=CARTESIAN_POINT('',(-1.075E0,-8.5E-1,1.971686346440E0));
#990=DIRECTION('',(0.E0,0.E0,-1.E0));
#991=DIRECTION('',(-1.E0,0.E0,0.E0));
#992=AXIS2_PLACEMENT_3D('',#989,#990,#991);
#994=DIRECTION('',(0.E0,5.299192640443E-1,-8.480480962745E-1));
#995=VECTOR('',#994,1.883367716347E-1);
#996=CARTESIAN_POINT('',(-1.225E0,-7.892192383463E-1,1.759718640641E0));
#997=LINE('',#996,#995);
#998=DIRECTION('',(0.E0,-1.E0,3.659110236357E-12));
#999=VECTOR('',#998,5.105840450708E-1);
#1000=CARTESIAN_POINT('',(-1.225E0,-6.894159549292E-1,1.599999999998E0));
#1001=LINE('',#1000,#999);
#1002=DIRECTION('',(0.E0,-1.E0,0.E0));
#1003=VECTOR('',#1002,3.5E-1);
#1004=CARTESIAN_POINT('',(-1.225E0,-8.5E-1,2.35E0));
#1005=LINE('',#1004,#1003);
#1006=DIRECTION('',(0.E0,4.747814946139E-11,-1.E0));
#1007=VECTOR('',#1006,3.783136534460E-1);
#1008=CARTESIAN_POINT('',(-1.225E0,-8.5E-1,2.35E0));
#1009=LINE('',#1008,#1007);
#1010=CARTESIAN_POINT('',(-1.225E0,-4.5E-1,1.971686346440E0));
#1011=DIRECTION('',(1.E0,0.E0,0.E0));
#1012=DIRECTION('',(0.E0,-1.E0,0.E0));
#1013=AXIS2_PLACEMENT_3D('',#1010,#1011,#1012);
#1015=CARTESIAN_POINT('',(-1.075E0,-7.892192384626E-1,1.759718640746E0));
#1016=DIRECTION('',(0.E0,5.299192642332E-1,-8.480480961564E-1));
#1017=DIRECTION('',(-1.E0,0.E0,0.E0));
#1018=AXIS2_PLACEMENT_3D('',#1015,#1016,#1017);
#1020=CARTESIAN_POINT('',(-1.375E0,-8.5E-1,2.35E0));
#1021=DIRECTION('',(0.E0,-1.E0,0.E0));
#1022=DIRECTION('',(1.E0,0.E0,0.E0));
#1023=AXIS2_PLACEMENT_3D('',#1020,#1021,#1022);
#1025=CARTESIAN_POINT('',(-1.075E0,-8.5E-1,2.5E0));
#1026=DIRECTION('',(0.E0,0.E0,-1.E0));
#1027=DIRECTION('',(-1.E0,0.E0,0.E0));
#1028=AXIS2_PLACEMENT_3D('',#1025,#1026,#1027);
#1030=CARTESIAN_POINT('',(-1.075E0,-8.5E-1,2.35E0));
#1031=DIRECTION('',(0.E0,0.E0,-1.E0));
#1032=DIRECTION('',(-1.E0,0.E0,0.E0));
#1033=AXIS2_PLACEMENT_3D('',#1030,#1031,#1032);
#1035=CARTESIAN_POINT('',(-1.075E0,-5.5E-1,2.35E0));
#1036=DIRECTION('',(-1.E0,0.E0,0.E0));
#1037=DIRECTION('',(0.E0,-1.E0,0.E0));
#1038=AXIS2_PLACEMENT_3D('',#1035,#1036,#1037);
#1040=DIRECTION('',(1.E0,0.E0,0.E0));
#1041=VECTOR('',#1040,3.E-1);
#1042=CARTESIAN_POINT('',(-1.075E0,-5.5E-1,2.5E0));
#1043=LINE('',#1042,#1041);
#1044=CARTESIAN_POINT('',(-7.75E-1,-5.5E-1,2.35E0));
#1045=DIRECTION('',(-1.E0,0.E0,0.E0));
#1046=DIRECTION('',(0.E0,-1.E0,0.E0));
#1047=AXIS2_PLACEMENT_3D('',#1044,#1045,#1046);
#1049=CARTESIAN_POINT('',(-7.75E-1,-8.5E-1,2.5E0));
#1050=DIRECTION('',(0.E0,0.E0,-1.E0));
#1051=DIRECTION('',(0.E0,1.E0,0.E0));
#1052=AXIS2_PLACEMENT_3D('',#1049,#1050,#1051);
#1054=CARTESIAN_POINT('',(-7.75E-1,-8.5E-1,2.35E0));
#1055=DIRECTION('',(0.E0,0.E0,-1.E0));
#1056=DIRECTION('',(0.E0,1.E0,0.E0));
#1057=AXIS2_PLACEMENT_3D('',#1054,#1055,#1056);
#1059=CARTESIAN_POINT('',(-4.75E-1,-8.5E-1,2.35E0));
#1060=DIRECTION('',(0.E0,1.E0,0.E0));
#1061=DIRECTION('',(-1.E0,0.E0,0.E0));
#1062=AXIS2_PLACEMENT_3D('',#1059,#1060,#1061);
#1064=CARTESIAN_POINT('',(4.75E-1,-1.2E0,1.6E0));
#1065=DIRECTION('',(0.E0,-1.E0,0.E0));
#1066=DIRECTION('',(0.E0,0.E0,-1.E0));
#1067=AXIS2_PLACEMENT_3D('',#1064,#1065,#1066);
#1069=CARTESIAN_POINT('',(-4.75E-1,-1.2E0,1.6E0));
#1070=DIRECTION('',(0.E0,-1.E0,0.E0));
#1071=DIRECTION('',(-1.E0,0.E0,0.E0));
#1072=AXIS2_PLACEMENT_3D('',#1069,#1070,#1071);
#1074=DIRECTION('',(0.E0,0.E0,1.E0));
#1075=VECTOR('',#1074,7.5E-1);
#1076=CARTESIAN_POINT('',(-6.25E-1,-1.2E0,1.6E0));
#1077=LINE('',#1076,#1075);
#1078=CARTESIAN_POINT('',(-4.75E-1,-1.2E0,2.35E0));
#1079=DIRECTION('',(0.E0,-1.E0,0.E0));
#1080=DIRECTION('',(0.E0,0.E0,1.E0));
#1081=AXIS2_PLACEMENT_3D('',#1078,#1079,#1080);
#1083=CARTESIAN_POINT('',(4.75E-1,-1.2E0,2.35E0));
#1084=DIRECTION('',(0.E0,-1.E0,0.E0));
#1085=DIRECTION('',(1.E0,0.E0,0.E0));
#1086=AXIS2_PLACEMENT_3D('',#1083,#1084,#1085);
#1088=DIRECTION('',(0.E0,0.E0,1.E0));
#1089=VECTOR('',#1088,7.5E-1);
#1090=CARTESIAN_POINT('',(6.25E-1,-1.2E0,1.6E0));
#1091=LINE('',#1090,#1089);
#1092=DIRECTION('',(-6.693517067678E-6,-9.999999999776E-1,3.545975606091E-9));
#1093=VECTOR('',#1092,2.573458944298E-1);
#1094=CARTESIAN_POINT('',(4.750017225491E-1,-5.019566318462E-1,
1.449999999087E0));
#1095=LINE('',#1094,#1093);
#1096=CARTESIAN_POINT('',(6.25E-1,-6.894159549295E-1,1.599999999998E0));
#1097=CARTESIAN_POINT('',(6.249996765662E-1,-6.735397537430E-1,
1.587296794260E0));
#1098=CARTESIAN_POINT('',(6.217864172986E-1,-6.435440544634E-1,
1.563299197014E0));
#1099=CARTESIAN_POINT('',(6.101766823574E-1,-6.050017774330E-1,
1.532452507148E0));
#1100=CARTESIAN_POINT('',(5.934653363788E-1,-5.723799185549E-1,
1.506352482206E0));
#1101=CARTESIAN_POINT('',(5.728425312896E-1,-5.457903568983E-1,
1.485073945506E0));
#1102=CARTESIAN_POINT('',(5.493416441327E-1,-5.253381990451E-1,
1.468707953054E0));
#1103=CARTESIAN_POINT('',(5.241478149431E-1,-5.112573659850E-1,
1.457440471322E0));
#1104=CARTESIAN_POINT('',(4.990030203778E-1,-5.034945723992E-1,
1.451228567770E0));
#1105=CARTESIAN_POINT('',(4.828253833432E-1,-5.019564668771E-1,
1.449999999072E0));
#1106=CARTESIAN_POINT('',(4.750017225491E-1,-5.019566318462E-1,
1.449999999087E0));
#1108=CARTESIAN_POINT('',(6.682245414128E-1,-4.188088746498E-1,
1.450000001168E0));
#1109=CARTESIAN_POINT('',(6.544609241119E-1,-4.188086688318E-1,
1.450000001168E0));
#1110=CARTESIAN_POINT('',(6.271510442215E-1,-4.209893086426E-1,
1.449999999449E0));
#1111=CARTESIAN_POINT('',(5.862866376573E-1,-4.309079830886E-1,
1.450000000176E0));
#1112=CARTESIAN_POINT('',(5.471414122339E-1,-4.473433985699E-1,
1.449999999848E0));
#1113=CARTESIAN_POINT('',(5.103272836189E-1,-4.700642977405E-1,
1.450000000433E0));
#1114=CARTESIAN_POINT('',(4.864983031013E-1,-4.904001986815E-1,
1.449999999090E0));
#1115=CARTESIAN_POINT('',(4.750017225491E-1,-5.019566318462E-1,
1.449999999087E0));
#1117=CARTESIAN_POINT('',(7.75E-1,-6.894159549472E-1,1.600000000025E0));
#1118=DIRECTION('',(7.110475218737E-11,5.299192642332E-1,-8.480480961564E-1));
#1119=DIRECTION('',(-1.E0,3.767874900973E-11,-6.030139350817E-11));
#1120=AXIS2_PLACEMENT_3D('',#1117,#1118,#1119);
#1122=CARTESIAN_POINT('',(-7.75E-1,-8.5E-1,1.971686346440E0));
#1123=DIRECTION('',(0.E0,0.E0,1.E0));
#1124=DIRECTION('',(1.E0,0.E0,0.E0));
#1125=AXIS2_PLACEMENT_3D('',#1122,#1123,#1124);
#1127=DIRECTION('',(0.E0,0.E0,-1.E0));
#1128=VECTOR('',#1127,3.783136534427E-1);
#1129=CARTESIAN_POINT('',(-1.075E0,-7.E-1,2.35E0));
#1130=LINE('',#1129,#1128);
#1131=DIRECTION('',(1.E0,0.E0,0.E0));
#1132=VECTOR('',#1131,3.E-1);
#1133=CARTESIAN_POINT('',(-1.075E0,-7.E-1,2.35E0));
#1134=LINE('',#1133,#1132);
#1135=DIRECTION('',(0.E0,0.E0,1.E0));
#1136=VECTOR('',#1135,3.783136534426E-1);
#1137=CARTESIAN_POINT('',(-7.75E-1,-7.E-1,1.971686346557E0));
#1138=LINE('',#1137,#1136);
#1139=DIRECTION('',(1.E0,0.E0,1.865174681370E-13));
#1140=VECTOR('',#1139,3.E-1);
#1141=CARTESIAN_POINT('',(-1.075E0,-7.E-1,1.971686346557E0));
#1142=LINE('',#1141,#1140);
#1143=CARTESIAN_POINT('',(-1.75E0,9.25E-1,1.3E0));
#1144=DIRECTION('',(0.E0,-1.E0,0.E0));
#1145=DIRECTION('',(0.E0,0.E0,1.E0));
#1146=AXIS2_PLACEMENT_3D('',#1143,#1144,#1145);
#1148=CARTESIAN_POINT('',(0.E0,9.25E-1,1.2E0));
#1149=DIRECTION('',(0.E0,0.E0,-1.E0));
#1150=DIRECTION('',(-1.E0,0.E0,0.E0));
#1151=AXIS2_PLACEMENT_3D('',#1148,#1149,#1150);
#1153=CARTESIAN_POINT('',(1.75E0,9.25E-1,1.3E0));
#1154=DIRECTION('',(0.E0,-1.E0,0.E0));
#1155=DIRECTION('',(0.E0,0.E0,-1.E0));
#1156=AXIS2_PLACEMENT_3D('',#1153,#1154,#1155);
#1158=CARTESIAN_POINT('',(0.E0,9.25E-1,1.4E0));
#1159=DIRECTION('',(0.E0,0.E0,1.E0));
#1160=DIRECTION('',(1.E0,0.E0,0.E0));
#1161=AXIS2_PLACEMENT_3D('',#1158,#1159,#1160);
#1163=CARTESIAN_POINT('',(0.E0,9.25E-1,1.4E0));
#1164=DIRECTION('',(0.E0,0.E0,1.E0));
#1165=DIRECTION('',(0.E0,1.E0,0.E0));
#1166=AXIS2_PLACEMENT_3D('',#1163,#1164,#1165);
#1168=CARTESIAN_POINT('',(0.E0,9.25E-1,1.2E0));
#1169=DIRECTION('',(0.E0,0.E0,-1.E0));
#1170=DIRECTION('',(1.E0,0.E0,0.E0));
#1171=AXIS2_PLACEMENT_3D('',#1168,#1169,#1170);
#1173=CARTESIAN_POINT('',(0.E0,9.25E-1,1.4E0));
#1174=DIRECTION('',(0.E0,0.E0,1.E0));
#1175=DIRECTION('',(-1.E0,0.E0,0.E0));
#1176=AXIS2_PLACEMENT_3D('',#1173,#1174,#1175);
#1178=CARTESIAN_POINT('',(0.E0,9.25E-1,1.4E0));
#1179=DIRECTION('',(0.E0,0.E0,1.E0));
#1180=DIRECTION('',(0.E0,-1.E0,0.E0));
#1181=AXIS2_PLACEMENT_3D('',#1178,#1179,#1180);
#1183=CARTESIAN_POINT('',(0.E0,9.25E-1,1.E0));
#1184=DIRECTION('',(0.E0,0.E0,-1.E0));
#1185=DIRECTION('',(1.E0,0.E0,0.E0));
#1186=AXIS2_PLACEMENT_3D('',#1183,#1184,#1185);
#1188=CARTESIAN_POINT('',(-1.75E0,9.25E-1,1.1E0));
#1189=DIRECTION('',(0.E0,-1.E0,0.E0));
#1190=DIRECTION('',(0.E0,0.E0,1.E0));
#1191=AXIS2_PLACEMENT_3D('',#1188,#1189,#1190);
#1193=CARTESIAN_POINT('',(0.E0,9.25E-1,1.E0));
#1194=DIRECTION('',(0.E0,0.E0,-1.E0));
#1195=DIRECTION('',(-1.E0,0.E0,0.E0));
#1196=AXIS2_PLACEMENT_3D('',#1193,#1194,#1195);
#1198=CARTESIAN_POINT('',(1.75E0,9.25E-1,1.1E0));
#1199=DIRECTION('',(0.E0,-1.E0,0.E0));
#1200=DIRECTION('',(0.E0,0.E0,-1.E0));
#1201=AXIS2_PLACEMENT_3D('',#1198,#1199,#1200);
#1203=CARTESIAN_POINT('',(-1.75E0,9.25E-1,9.E-1));
#1204=DIRECTION('',(0.E0,-1.E0,0.E0));
#1205=DIRECTION('',(0.E0,0.E0,1.E0));
#1206=AXIS2_PLACEMENT_3D('',#1203,#1204,#1205);
#1208=CARTESIAN_POINT('',(0.E0,9.25E-1,8.E-1));
#1209=DIRECTION('',(0.E0,0.E0,-1.E0));
#1210=DIRECTION('',(-1.E0,0.E0,0.E0));
#1211=AXIS2_PLACEMENT_3D('',#1208,#1209,#1210);
#1213=CARTESIAN_POINT('',(1.75E0,9.25E-1,9.E-1));
#1214=DIRECTION('',(0.E0,-1.E0,0.E0));
#1215=DIRECTION('',(0.E0,0.E0,-1.E0));
#1216=AXIS2_PLACEMENT_3D('',#1213,#1214,#1215);
#1218=CARTESIAN_POINT('',(0.E0,9.25E-1,8.E-1));
#1219=DIRECTION('',(0.E0,0.E0,-1.E0));
#1220=DIRECTION('',(1.E0,0.E0,0.E0));
#1221=AXIS2_PLACEMENT_3D('',#1218,#1219,#1220);
#1223=CARTESIAN_POINT('',(0.E0,9.25E-1,6.E-1));
#1224=DIRECTION('',(0.E0,0.E0,-1.E0));
#1225=DIRECTION('',(1.E0,0.E0,0.E0));
#1226=AXIS2_PLACEMENT_3D('',#1223,#1224,#1225);
#1228=CARTESIAN_POINT('',(-1.75E0,9.25E-1,7.E-1));
#1229=DIRECTION('',(0.E0,-1.E0,0.E0));
#1230=DIRECTION('',(0.E0,0.E0,1.E0));
#1231=AXIS2_PLACEMENT_3D('',#1228,#1229,#1230);
#1233=CARTESIAN_POINT('',(0.E0,9.25E-1,6.E-1));
#1234=DIRECTION('',(0.E0,0.E0,-1.E0));
#1235=DIRECTION('',(-1.E0,0.E0,0.E0));
#1236=AXIS2_PLACEMENT_3D('',#1233,#1234,#1235);
#1238=CARTESIAN_POINT('',(1.75E0,9.25E-1,7.E-1));
#1239=DIRECTION('',(0.E0,-1.E0,0.E0));
#1240=DIRECTION('',(0.E0,0.E0,-1.E0));
#1241=AXIS2_PLACEMENT_3D('',#1238,#1239,#1240);
#1243=CARTESIAN_POINT('',(-1.75E0,9.25E-1,5.E-1));
#1244=DIRECTION('',(0.E0,-1.E0,0.E0));
#1245=DIRECTION('',(0.E0,0.E0,1.E0));
#1246=AXIS2_PLACEMENT_3D('',#1243,#1244,#1245);
#1248=CARTESIAN_POINT('',(0.E0,9.25E-1,4.E-1));
#1249=DIRECTION('',(0.E0,0.E0,-1.E0));
#1250=DIRECTION('',(-1.E0,0.E0,0.E0));
#1251=AXIS2_PLACEMENT_3D('',#1248,#1249,#1250);
#1253=CARTESIAN_POINT('',(1.75E0,9.25E-1,5.E-1));
#1254=DIRECTION('',(0.E0,-1.E0,0.E0));
#1255=DIRECTION('',(0.E0,0.E0,-1.E0));
#1256=AXIS2_PLACEMENT_3D('',#1253,#1254,#1255);
#1258=CARTESIAN_POINT('',(0.E0,9.25E-1,4.E-1));
#1259=DIRECTION('',(0.E0,0.E0,-1.E0));
#1260=DIRECTION('',(1.E0,0.E0,0.E0));
#1261=AXIS2_PLACEMENT_3D('',#1258,#1259,#1260);
#1263=CARTESIAN_POINT('',(0.E0,9.25E-1,2.E-1));
#1264=DIRECTION('',(0.E0,0.E0,-1.E0));
#1265=DIRECTION('',(1.E0,0.E0,0.E0));
#1266=AXIS2_PLACEMENT_3D('',#1263,#1264,#1265);
#1268=CARTESIAN_POINT('',(-1.75E0,9.25E-1,3.E-1));
#1269=DIRECTION('',(0.E0,-1.E0,0.E0));
#1270=DIRECTION('',(0.E0,0.E0,1.E0));
#1271=AXIS2_PLACEMENT_3D('',#1268,#1269,#1270);
#1273=CARTESIAN_POINT('',(0.E0,9.25E-1,2.E-1));
#1274=DIRECTION('',(0.E0,0.E0,-1.E0));
#1275=DIRECTION('',(-1.E0,0.E0,0.E0));
#1276=AXIS2_PLACEMENT_3D('',#1273,#1274,#1275);
#1278=CARTESIAN_POINT('',(1.75E0,9.25E-1,3.E-1));
#1279=DIRECTION('',(0.E0,-1.E0,0.E0));
#1280=DIRECTION('',(0.E0,0.E0,-1.E0));
#1281=AXIS2_PLACEMENT_3D('',#1278,#1279,#1280);
#1283=CARTESIAN_POINT('',(-1.75E0,9.25E-1,1.E-1));
#1284=DIRECTION('',(0.E0,-1.E0,0.E0));
#1285=DIRECTION('',(0.E0,0.E0,1.E0));
#1286=AXIS2_PLACEMENT_3D('',#1283,#1284,#1285);
#1288=CARTESIAN_POINT('',(0.E0,9.25E-1,0.E0));
#1289=DIRECTION('',(0.E0,0.E0,-1.E0));
#1290=DIRECTION('',(-1.E0,0.E0,0.E0));
#1291=AXIS2_PLACEMENT_3D('',#1288,#1289,#1290);
#1293=CARTESIAN_POINT('',(1.75E0,9.25E-1,1.E-1));
#1294=DIRECTION('',(0.E0,-1.E0,0.E0));
#1295=DIRECTION('',(0.E0,0.E0,-1.E0));
#1296=AXIS2_PLACEMENT_3D('',#1293,#1294,#1295);
#1298=CARTESIAN_POINT('',(0.E0,9.25E-1,0.E0));
#1299=DIRECTION('',(0.E0,0.E0,-1.E0));
#1300=DIRECTION('',(1.E0,0.E0,0.E0));
#1301=AXIS2_PLACEMENT_3D('',#1298,#1299,#1300);
#1303=CARTESIAN_POINT('',(0.E0,9.25E-1,-2.E-1));
#1304=DIRECTION('',(0.E0,0.E0,-1.E0));
#1305=DIRECTION('',(1.E0,0.E0,0.E0));
#1306=AXIS2_PLACEMENT_3D('',#1303,#1304,#1305);
#1308=CARTESIAN_POINT('',(-1.75E0,9.25E-1,-1.E-1));
#1309=DIRECTION('',(0.E0,-1.E0,0.E0));
#1310=DIRECTION('',(0.E0,0.E0,1.E0));
#1311=AXIS2_PLACEMENT_3D('',#1308,#1309,#1310);
#1313=CARTESIAN_POINT('',(0.E0,9.25E-1,-2.E-1));
#1314=DIRECTION('',(0.E0,0.E0,-1.E0));
#1315=DIRECTION('',(-1.E0,0.E0,0.E0));
#1316=AXIS2_PLACEMENT_3D('',#1313,#1314,#1315);
#1318=CARTESIAN_POINT('',(1.75E0,9.25E-1,-1.E-1));
#1319=DIRECTION('',(0.E0,-1.E0,0.E0));
#1320=DIRECTION('',(0.E0,0.E0,-1.E0));
#1321=AXIS2_PLACEMENT_3D('',#1318,#1319,#1320);
#1323=CARTESIAN_POINT('',(-1.75E0,9.25E-1,-3.E-1));
#1324=DIRECTION('',(0.E0,-1.E0,0.E0));
#1325=DIRECTION('',(0.E0,0.E0,1.E0));
#1326=AXIS2_PLACEMENT_3D('',#1323,#1324,#1325);
#1328=CARTESIAN_POINT('',(0.E0,9.25E-1,-4.E-1));
#1329=DIRECTION('',(0.E0,0.E0,-1.E0));
#1330=DIRECTION('',(-1.E0,0.E0,0.E0));
#1331=AXIS2_PLACEMENT_3D('',#1328,#1329,#1330);
#1333=CARTESIAN_POINT('',(1.75E0,9.25E-1,-3.E-1));
#1334=DIRECTION('',(0.E0,-1.E0,0.E0));
#1335=DIRECTION('',(0.E0,0.E0,-1.E0));
#1336=AXIS2_PLACEMENT_3D('',#1333,#1334,#1335);
#1338=CARTESIAN_POINT('',(0.E0,9.25E-1,-4.E-1));
#1339=DIRECTION('',(0.E0,0.E0,-1.E0));
#1340=DIRECTION('',(1.E0,0.E0,0.E0));
#1341=AXIS2_PLACEMENT_3D('',#1338,#1339,#1340);
#1343=CARTESIAN_POINT('',(0.E0,9.25E-1,-6.E-1));
#1344=DIRECTION('',(0.E0,0.E0,-1.E0));
#1345=DIRECTION('',(1.E0,0.E0,0.E0));
#1346=AXIS2_PLACEMENT_3D('',#1343,#1344,#1345);
#1348=CARTESIAN_POINT('',(-1.75E0,9.25E-1,-5.E-1));
#1349=DIRECTION('',(0.E0,-1.E0,0.E0));
#1350=DIRECTION('',(0.E0,0.E0,1.E0));
#1351=AXIS2_PLACEMENT_3D('',#1348,#1349,#1350);
#1353=CARTESIAN_POINT('',(0.E0,9.25E-1,-6.E-1));
#1354=DIRECTION('',(0.E0,0.E0,-1.E0));
#1355=DIRECTION('',(-1.E0,0.E0,0.E0));
#1356=AXIS2_PLACEMENT_3D('',#1353,#1354,#1355);
#1358=CARTESIAN_POINT('',(1.75E0,9.25E-1,-5.E-1));
#1359=DIRECTION('',(0.E0,-1.E0,0.E0));
#1360=DIRECTION('',(0.E0,0.E0,-1.E0));
#1361=AXIS2_PLACEMENT_3D('',#1358,#1359,#1360);
#1363=CARTESIAN_POINT('',(-1.75E0,9.25E-1,-7.E-1));
#1364=DIRECTION('',(0.E0,-1.E0,0.E0));
#1365=DIRECTION('',(0.E0,0.E0,1.E0));
#1366=AXIS2_PLACEMENT_3D('',#1363,#1364,#1365);
#1368=CARTESIAN_POINT('',(0.E0,9.25E-1,-8.E-1));
#1369=DIRECTION('',(0.E0,0.E0,-1.E0));
#1370=DIRECTION('',(-1.E0,0.E0,0.E0));
#1371=AXIS2_PLACEMENT_3D('',#1368,#1369,#1370);
#1373=CARTESIAN_POINT('',(1.75E0,9.25E-1,-7.E-1));
#1374=DIRECTION('',(0.E0,-1.E0,0.E0));
#1375=DIRECTION('',(0.E0,0.E0,-1.E0));
#1376=AXIS2_PLACEMENT_3D('',#1373,#1374,#1375);
#1378=CARTESIAN_POINT('',(0.E0,9.25E-1,-8.E-1));
#1379=DIRECTION('',(0.E0,0.E0,-1.E0));
#1380=DIRECTION('',(1.E0,0.E0,0.E0));
#1381=AXIS2_PLACEMENT_3D('',#1378,#1379,#1380);
#1383=CARTESIAN_POINT('',(0.E0,9.25E-1,-1.E0));
#1384=DIRECTION('',(0.E0,0.E0,-1.E0));
#1385=DIRECTION('',(1.E0,0.E0,0.E0));
#1386=AXIS2_PLACEMENT_3D('',#1383,#1384,#1385);
#1388=CARTESIAN_POINT('',(-1.75E0,9.25E-1,-9.E-1));
#1389=DIRECTION('',(0.E0,-1.E0,0.E0));
#1390=DIRECTION('',(0.E0,0.E0,1.E0));
#1391=AXIS2_PLACEMENT_3D('',#1388,#1389,#1390);
#1393=CARTESIAN_POINT('',(0.E0,9.25E-1,-1.E0));
#1394=DIRECTION('',(0.E0,0.E0,-1.E0));
#1395=DIRECTION('',(-1.E0,0.E0,0.E0));
#1396=AXIS2_PLACEMENT_3D('',#1393,#1394,#1395);
#1398=CARTESIAN_POINT('',(1.75E0,9.25E-1,-9.E-1));
#1399=DIRECTION('',(0.E0,-1.E0,0.E0));
#1400=DIRECTION('',(0.E0,0.E0,-1.E0));
#1401=AXIS2_PLACEMENT_3D('',#1398,#1399,#1400);
#1403=CARTESIAN_POINT('',(-1.75E0,9.25E-1,-1.1E0));
#1404=DIRECTION('',(0.E0,-1.E0,0.E0));
#1405=DIRECTION('',(0.E0,0.E0,1.E0));
#1406=AXIS2_PLACEMENT_3D('',#1403,#1404,#1405);
#1408=CARTESIAN_POINT('',(0.E0,9.25E-1,-1.2E0));
#1409=DIRECTION('',(0.E0,0.E0,-1.E0));
#1410=DIRECTION('',(-1.E0,0.E0,0.E0));
#1411=AXIS2_PLACEMENT_3D('',#1408,#1409,#1410);
#1413=CARTESIAN_POINT('',(1.75E0,9.25E-1,-1.1E0));
#1414=DIRECTION('',(0.E0,-1.E0,0.E0));
#1415=DIRECTION('',(0.E0,0.E0,-1.E0));
#1416=AXIS2_PLACEMENT_3D('',#1413,#1414,#1415);
#1418=CARTESIAN_POINT('',(0.E0,9.25E-1,-1.2E0));
#1419=DIRECTION('',(0.E0,0.E0,-1.E0));
#1420=DIRECTION('',(1.E0,0.E0,0.E0));
#1421=AXIS2_PLACEMENT_3D('',#1418,#1419,#1420);
#1423=CARTESIAN_POINT('',(0.E0,9.25E-1,-1.4E0));
#1424=DIRECTION('',(0.E0,0.E0,1.E0));
#1425=DIRECTION('',(0.E0,-1.E0,0.E0));
#1426=AXIS2_PLACEMENT_3D('',#1423,#1424,#1425);
#1428=CARTESIAN_POINT('',(0.E0,9.25E-1,-1.4E0));
#1429=DIRECTION('',(0.E0,0.E0,1.E0));
#1430=DIRECTION('',(-1.E0,0.E0,0.E0));
#1431=AXIS2_PLACEMENT_3D('',#1428,#1429,#1430);
#1433=CARTESIAN_POINT('',(-1.75E0,9.25E-1,-1.3E0));
#1434=DIRECTION('',(0.E0,-1.E0,0.E0));
#1435=DIRECTION('',(0.E0,0.E0,1.E0));
#1436=AXIS2_PLACEMENT_3D('',#1433,#1434,#1435);
#1438=CARTESIAN_POINT('',(0.E0,9.25E-1,-1.4E0));
#1439=DIRECTION('',(0.E0,0.E0,1.E0));
#1440=DIRECTION('',(0.E0,1.E0,0.E0));
#1441=AXIS2_PLACEMENT_3D('',#1438,#1439,#1440);
#1443=CARTESIAN_POINT('',(0.E0,9.25E-1,-1.4E0));
#1444=DIRECTION('',(0.E0,0.E0,1.E0));
#1445=DIRECTION('',(1.E0,0.E0,0.E0));
#1446=AXIS2_PLACEMENT_3D('',#1443,#1444,#1445);
#1448=CARTESIAN_POINT('',(1.75E0,9.25E-1,-1.3E0));
#1449=DIRECTION('',(0.E0,-1.E0,0.E0));
#1450=DIRECTION('',(0.E0,0.E0,-1.E0));
#1451=AXIS2_PLACEMENT_3D('',#1448,#1449,#1450);
#1453=DIRECTION('',(0.E0,0.E0,1.E0));
#1454=VECTOR('',#1453,5.E-2);
#1455=CARTESIAN_POINT('',(0.E0,2.675E0,-1.45E0));
#1456=LINE('',#1455,#1454);
#1457=CARTESIAN_POINT('',(0.E0,9.25E-1,-1.45E0));
#1458=DIRECTION('',(0.E0,0.E0,1.E0));
#1459=DIRECTION('',(0.E0,1.E0,0.E0));
#1460=AXIS2_PLACEMENT_3D('',#1457,#1458,#1459);
#1462=DIRECTION('',(1.782527941452E-9,1.E0,1.669112745530E-9));
#1463=VECTOR('',#1462,6.980448520972E-1);
#1464=CARTESIAN_POINT('',(-1.375E0,-1.2E0,-1.45E0));
#1465=LINE('',#1464,#1463);
#1466=DIRECTION('',(1.E0,0.E0,0.E0));
#1467=VECTOR('',#1466,1.175E0);
#1468=CARTESIAN_POINT('',(-2.55E0,-1.2E0,-1.45E0));
#1469=LINE('',#1468,#1467);
#1470=DIRECTION('',(0.E0,1.E0,0.E0));
#1471=VECTOR('',#1470,5.E-1);
#1472=CARTESIAN_POINT('',(-2.55E0,-1.2E0,-1.45E0));
#1473=LINE('',#1472,#1471);
#1474=DIRECTION('',(-1.E0,0.E0,0.E0));
#1475=VECTOR('',#1474,3.E-1);
#1476=CARTESIAN_POINT('',(-2.55E0,-7.E-1,-1.45E0));
#1477=LINE('',#1476,#1475);
#1478=DIRECTION('',(0.E0,-1.E0,0.E0));
#1479=VECTOR('',#1478,2.E-1);
#1480=CARTESIAN_POINT('',(-2.85E0,-7.E-1,-1.45E0));
#1481=LINE('',#1480,#1479);
#1482=DIRECTION('',(1.E0,0.E0,0.E0));
#1483=VECTOR('',#1482,1.E-1);
#1484=CARTESIAN_POINT('',(-2.95E0,-9.E-1,-1.45E0));
#1485=LINE('',#1484,#1483);
#1486=DIRECTION('',(0.E0,-1.E0,0.E0));
#1487=VECTOR('',#1486,9.E-1);
#1488=CARTESIAN_POINT('',(-2.95E0,0.E0,-1.45E0));
#1489=LINE('',#1488,#1487);
#1490=DIRECTION('',(1.E0,0.E0,0.E0));
#1491=VECTOR('',#1490,6.5E-1);
#1492=CARTESIAN_POINT('',(-2.95E0,0.E0,-1.45E0));
#1493=LINE('',#1492,#1491);
#1494=DIRECTION('',(-1.E0,0.E0,0.E0));
#1495=VECTOR('',#1494,5.E-2);
#1496=CARTESIAN_POINT('',(-2.25E0,0.E0,-1.45E0));
#1497=LINE('',#1496,#1495);
#1498=DIRECTION('',(0.E0,-1.E0,0.E0));
#1499=VECTOR('',#1498,6.E-1);
#1500=CARTESIAN_POINT('',(-2.05E0,8.E-1,-1.45E0));
#1501=LINE('',#1500,#1499);
#1502=CARTESIAN_POINT('',(0.E0,8.E-1,-1.45E0));
#1503=DIRECTION('',(0.E0,0.E0,1.E0));
#1504=DIRECTION('',(1.E0,0.E0,0.E0));
#1505=AXIS2_PLACEMENT_3D('',#1502,#1503,#1504);
#1507=DIRECTION('',(0.E0,1.E0,0.E0));
#1508=VECTOR('',#1507,6.E-1);
#1509=CARTESIAN_POINT('',(2.05E0,2.E-1,-1.45E0));
#1510=LINE('',#1509,#1508);
#1511=DIRECTION('',(0.E0,-1.E0,0.E0));
#1512=VECTOR('',#1511,1.226794919243E0);
#1513=CARTESIAN_POINT('',(2.15E0,2.679491924311E-2,-1.45E0));
#1514=LINE('',#1513,#1512);
#1515=DIRECTION('',(-4.027880311163E-7,-9.999999999998E-1,3.769930041015E-7));
#1516=VECTOR('',#1515,6.980445217416E-1);
#1517=CARTESIAN_POINT('',(1.375000281164E0,-5.019554782585E-1,
-1.450000263158E0));
#1518=LINE('',#1517,#1516);
#1519=CARTESIAN_POINT('',(0.E0,9.25E-1,-1.45E0));
#1520=DIRECTION('',(0.E0,0.E0,1.E0));
#1521=DIRECTION('',(6.405808414012E-1,-7.678907380805E-1,0.E0));
#1522=AXIS2_PLACEMENT_3D('',#1519,#1520,#1521);
#1524=DIRECTION('',(-1.E0,1.833270244183E-7,2.579451049902E-9));
#1525=VECTOR('',#1524,4.527919310390E-1);
#1526=CARTESIAN_POINT('',(-6.682245414128E-1,-4.188088746498E-1,
-1.450000001168E0));
#1527=LINE('',#1526,#1525);
#1528=CARTESIAN_POINT('',(-7.75E-1,-5.622087405236E-1,-1.679487889660E0));
#1529=CARTESIAN_POINT('',(-7.749991324932E-1,-5.506914108774E-1,
-1.661055942612E0));
#1530=CARTESIAN_POINT('',(-7.716752702788E-1,-5.282243119414E-1,
-1.625101601793E0));
#1531=CARTESIAN_POINT('',(-7.571241173661E-1,-4.955968280476E-1,
-1.572886512927E0));
#1532=CARTESIAN_POINT('',(-7.341670409270E-1,-4.659350517209E-1,
-1.525417747196E0));
#1533=CARTESIAN_POINT('',(-7.040803603573E-1,-4.398140665330E-1,
-1.483615635993E0));
#1534=CARTESIAN_POINT('',(-6.807305857496E-1,-4.253885991495E-1,
-1.460529520827E0));
#1535=CARTESIAN_POINT('',(-6.682245414128E-1,-4.188088746498E-1,
-1.450000001168E0));
#1537=DIRECTION('',(4.126417324649E-14,5.299192642332E-1,8.480480961564E-1));
#1538=VECTOR('',#1537,1.883367716094E-1);
#1539=CARTESIAN_POINT('',(-7.75E-1,-6.620120239629E-1,-1.839206530259E0));
#1540=LINE('',#1539,#1538);
#1541=DIRECTION('',(-1.E0,-5.218048215738E-14,-8.363680118843E-14));
#1542=VECTOR('',#1541,3.E-1);
#1543=CARTESIAN_POINT('',(-7.75E-1,-6.620120239629E-1,-1.839206530259E0));
#1544=LINE('',#1543,#1542);
#1545=DIRECTION('',(7.073858271363E-14,-5.299192642332E-1,-8.480480961564E-1));
#1546=VECTOR('',#1545,1.883367715951E-1);
#1547=CARTESIAN_POINT('',(-1.075E0,-5.622087405312E-1,-1.679487889672E0));
#1548=LINE('',#1547,#1546);
#1549=CARTESIAN_POINT('',(-1.181775454116E0,-4.188078894416E-1,
-1.450000202620E0));
#1550=CARTESIAN_POINT('',(-1.169369769857E0,-4.253322799298E-1,
-1.460443956990E0));
#1551=CARTESIAN_POINT('',(-1.146128476669E0,-4.396713696426E-1,
-1.483385157621E0));
#1552=CARTESIAN_POINT('',(-1.115958007188E0,-4.657867867941E-1,
-1.525181029721E0));
#1553=CARTESIAN_POINT('',(-1.092906370091E0,-4.955394789834E-1,
-1.572794626823E0));
#1554=CARTESIAN_POINT('',(-1.078335424833E0,-5.281789265198E-1,
-1.625028847596E0));
#1555=CARTESIAN_POINT('',(-1.075000532023E0,-5.506764925423E-1,
-1.661032426024E0));
#1556=CARTESIAN_POINT('',(-1.075E0,-5.622087405312E-1,-1.679487889672E0));
#1558=DIRECTION('',(9.999999998842E-1,-1.484882031761E-5,3.334813421464E-6));
#1559=VECTOR('',#1558,6.075898167099E-2);
#1560=CARTESIAN_POINT('',(-1.181775454116E0,-4.188078894416E-1,
-1.450000202620E0));
#1561=LINE('',#1560,#1559);
#1562=CARTESIAN_POINT('',(0.E0,9.25E-1,-1.45E0));
#1563=DIRECTION('',(0.E0,0.E0,1.E0));
#1564=DIRECTION('',(-6.405808414012E-1,-7.678907380805E-1,0.E0));
#1565=AXIS2_PLACEMENT_3D('',#1562,#1563,#1564);
#1567=DIRECTION('',(6.693517066599E-6,-9.999999999776E-1,-3.545975606091E-9));
#1568=VECTOR('',#1567,2.573458944298E-1);
#1569=CARTESIAN_POINT('',(-4.750017225491E-1,-5.019566318462E-1,
-1.449999999087E0));
#1570=LINE('',#1569,#1568);
#1571=CARTESIAN_POINT('',(-6.25E-1,-6.894159549295E-1,-1.599999999998E0));
#1572=CARTESIAN_POINT('',(-6.249996765662E-1,-6.735397537430E-1,
-1.587296794260E0));
#1573=CARTESIAN_POINT('',(-6.217864172986E-1,-6.435440544634E-1,
-1.563299197014E0));
#1574=CARTESIAN_POINT('',(-6.101766823574E-1,-6.050017774330E-1,
-1.532452507148E0));
#1575=CARTESIAN_POINT('',(-5.934653363788E-1,-5.723799185549E-1,
-1.506352482206E0));
#1576=CARTESIAN_POINT('',(-5.728425312896E-1,-5.457903568983E-1,
-1.485073945506E0));
#1577=CARTESIAN_POINT('',(-5.493416441327E-1,-5.253381990451E-1,
-1.468707953054E0));
#1578=CARTESIAN_POINT('',(-5.241478149431E-1,-5.112573659850E-1,
-1.457440471322E0));
#1579=CARTESIAN_POINT('',(-4.990030203779E-1,-5.034945723992E-1,
-1.451228567770E0));
#1580=CARTESIAN_POINT('',(-4.828253833432E-1,-5.019564668771E-1,
-1.449999999072E0));
#1581=CARTESIAN_POINT('',(-4.750017225491E-1,-5.019566318462E-1,
-1.449999999087E0));
#1583=CARTESIAN_POINT('',(0.E0,9.25E-1,-1.45E0));
#1584=DIRECTION('',(0.E0,0.E0,1.E0));
#1585=DIRECTION('',(-2.714285714286E-1,-9.624585864401E-1,0.E0));
#1586=AXIS2_PLACEMENT_3D('',#1583,#1584,#1585);
#1588=CARTESIAN_POINT('',(0.E0,9.25E-1,-1.45E0));
#1589=DIRECTION('',(0.E0,0.E0,1.E0));
#1590=DIRECTION('',(0.E0,-1.E0,0.E0));
#1591=AXIS2_PLACEMENT_3D('',#1588,#1589,#1590);
#1593=DIRECTION('',(0.E0,1.E0,0.E0));
#1594=VECTOR('',#1593,4.406974737299E-1);
#1595=CARTESIAN_POINT('',(4.75E-1,-1.2E0,-1.45E0));
#1596=LINE('',#1595,#1594);
#1597=DIRECTION('',(1.E0,0.E0,0.E0));
#1598=VECTOR('',#1597,9.5E-1);
#1599=CARTESIAN_POINT('',(-4.75E-1,-1.2E0,-1.45E0));
#1600=LINE('',#1599,#1598);
#1601=DIRECTION('',(0.E0,-1.E0,0.E0));
#1602=VECTOR('',#1601,4.406974737299E-1);
#1603=CARTESIAN_POINT('',(-4.75E-1,-7.593025262701E-1,-1.45E0));
#1604=LINE('',#1603,#1602);
#1605=DIRECTION('',(0.E0,0.E0,1.E0));
#1606=VECTOR('',#1605,5.E-2);
#1607=CARTESIAN_POINT('',(0.E0,-8.25E-1,-1.45E0));
#1608=LINE('',#1607,#1606);
#1609=CARTESIAN_POINT('',(0.E0,9.25E-1,-1.45E0));
#1610=DIRECTION('',(0.E0,0.E0,1.E0));
#1611=DIRECTION('',(2.714285714286E-1,-9.624585864401E-1,0.E0));
#1612=AXIS2_PLACEMENT_3D('',#1609,#1610,#1611);
#1614=DIRECTION('',(9.999999999980E-1,-1.986634535848E-6,-2.776534589426E-8));
#1615=VECTOR('',#1614,4.528046156198E-1);
#1616=CARTESIAN_POINT('',(6.682118568362E-1,-4.188078920835E-1,
-1.449999987428E0));
#1617=LINE('',#1616,#1615);
#1618=DIRECTION('',(9.999999999988E-1,-1.495670323072E-6,3.360259580505E-7));
#1619=VECTOR('',#1618,6.076016730285E-2);
#1620=CARTESIAN_POINT('',(1.121016472455E0,-4.188087916408E-1,-1.45E0));
#1621=LINE('',#1620,#1619);
#1622=CARTESIAN_POINT('',(1.075E0,-5.622087405285E-1,-1.679487889668E0));
#1623=CARTESIAN_POINT('',(1.075000961873E0,-5.506909331229E-1,
-1.661055136452E0));
#1624=CARTESIAN_POINT('',(1.078325544742E0,-5.282238555294E-1,
-1.625100898865E0));
#1625=CARTESIAN_POINT('',(1.092873044847E0,-4.956011849456E-1,
-1.572893451616E0));
#1626=CARTESIAN_POINT('',(1.115824528017E0,-4.659440923537E-1,
-1.525432322968E0));
#1627=CARTESIAN_POINT('',(1.145914806659E0,-4.398177427195E-1,
-1.483621121986E0));
#1628=CARTESIAN_POINT('',(1.169267844068E0,-4.253890054683E-1,
-1.460531025900E0));
#1629=CARTESIAN_POINT('',(1.181776639758E0,-4.188088825180E-1,
-1.449999979583E0));
#1631=DIRECTION('',(4.833803151970E-14,5.299192642332E-1,8.480480961564E-1));
#1632=VECTOR('',#1631,1.883367716002E-1);
#1633=CARTESIAN_POINT('',(1.075E0,-6.620120239629E-1,-1.839206530259E0));
#1634=LINE('',#1633,#1632);
#1635=DIRECTION('',(-1.E0,-5.181040781584E-14,-8.363680118843E-14));
#1636=VECTOR('',#1635,3.E-1);
#1637=CARTESIAN_POINT('',(1.075E0,-6.620120239629E-1,-1.839206530259E0));
#1638=LINE('',#1637,#1636);
#1639=DIRECTION('',(8.370732287767E-14,-5.299192642332E-1,-8.480480961564E-1));
#1640=VECTOR('',#1639,1.883367715954E-1);
#1641=CARTESIAN_POINT('',(7.75E-1,-5.622087405310E-1,-1.679487889672E0));
#1642=LINE('',#1641,#1640);
#1643=CARTESIAN_POINT('',(6.682118568362E-1,-4.188078920835E-1,
-1.449999987428E0));
#1644=CARTESIAN_POINT('',(6.806382867068E-1,-4.253442931163E-1,
-1.460461965590E0));
#1645=CARTESIAN_POINT('',(7.039240182765E-1,-4.397026616559E-1,
-1.483435798729E0));
#1646=CARTESIAN_POINT('',(7.340727510786E-1,-4.658256774436E-1,
-1.525243120583E0));
#1647=CARTESIAN_POINT('',(7.571140430419E-1,-4.955695800221E-1,
-1.572842823886E0));
#1648=CARTESIAN_POINT('',(7.716652794047E-1,-5.281916898036E-1,
-1.625049318981E0));
#1649=CARTESIAN_POINT('',(7.749991857752E-1,-5.506807924697E-1,
-1.661039183449E0));
#1650=CARTESIAN_POINT('',(7.75E-1,-5.622087405310E-1,-1.679487889672E0));
#1652=CARTESIAN_POINT('',(1.075E0,-6.894159549534E-1,-1.600000000035E0));
#1653=DIRECTION('',(-9.910347648752E-11,5.299192642332E-1,8.480480961564E-1));
#1654=DIRECTION('',(1.E0,5.251502936214E-11,8.404536326149E-11));
#1655=AXIS2_PLACEMENT_3D('',#1652,#1653,#1654);
#1657=CARTESIAN_POINT('',(1.181776639758E0,-4.188088825180E-1,
-1.449999979583E0));
#1658=CARTESIAN_POINT('',(1.199217152330E0,-4.188094179675E-1,
-1.449999979583E0));
#1659=CARTESIAN_POINT('',(1.233617937358E0,-4.222993936453E-1,
-1.449999956545E0));
#1660=CARTESIAN_POINT('',(1.284471817733E0,-4.379710504076E-1,
-1.450000182718E0));
#1661=CARTESIAN_POINT('',(1.332493144969E0,-4.641851223399E-1,
-1.449999312584E0));
#1662=CARTESIAN_POINT('',(1.361288535110E0,-4.882486250695E-1,
-1.450001482160E0));
#1663=CARTESIAN_POINT('',(1.375000281164E0,-5.019554782585E-1,
-1.450000263158E0));
#1665=CARTESIAN_POINT('',(1.225E0,-6.894159549292E-1,-1.599999999998E0));
#1666=CARTESIAN_POINT('',(1.225000358492E0,-6.735508890566E-1,
-1.587305728100E0));
#1667=CARTESIAN_POINT('',(1.228208904190E0,-6.435718612675E-1,
-1.563321964221E0));
#1668=CARTESIAN_POINT('',(1.239810158369E0,-6.050366359779E-1,
-1.532479261707E0));
#1669=CARTESIAN_POINT('',(1.256516162E0,-5.724086253681E-1,-1.506375291551E0));
#1670=CARTESIAN_POINT('',(1.277142662891E0,-5.458053801548E-1,
-1.485085373795E0));
#1671=CARTESIAN_POINT('',(1.300656259328E0,-5.253369397264E-1,
-1.468707546797E0));
#1672=CARTESIAN_POINT('',(1.325880865774E0,-5.112398123534E-1,
-1.457427551818E0));
#1673=CARTESIAN_POINT('',(1.351070355906E0,-5.034725272678E-1,
-1.451216157899E0));
#1674=CARTESIAN_POINT('',(1.367208999754E0,-5.019576699265E-1,
-1.450000955811E0));
#1675=CARTESIAN_POINT('',(1.375000281164E0,-5.019554782585E-1,
-1.450000263158E0));
#1677=CARTESIAN_POINT('',(1.375E0,-1.2E0,-2.35E0));
#1678=DIRECTION('',(0.E0,-1.E0,0.E0));
#1679=DIRECTION('',(-1.E0,0.E0,0.E0));
#1680=AXIS2_PLACEMENT_3D('',#1677,#1678,#1679);
#1682=DIRECTION('',(0.E0,0.E0,-1.E0));
#1683=VECTOR('',#1682,7.5E-1);
#1684=CARTESIAN_POINT('',(1.225E0,-1.2E0,-1.6E0));
#1685=LINE('',#1684,#1683);
#1686=CARTESIAN_POINT('',(1.375E0,-1.2E0,-1.6E0));
#1687=DIRECTION('',(0.E0,-1.E0,0.E0));
#1688=DIRECTION('',(0.E0,0.E0,1.E0));
#1689=AXIS2_PLACEMENT_3D('',#1686,#1687,#1688);
#1691=DIRECTION('',(1.E0,0.E0,0.E0));
#1692=VECTOR('',#1691,7.75E-1);
#1693=CARTESIAN_POINT('',(1.375E0,-1.2E0,-1.45E0));
#1694=LINE('',#1693,#1692);
#1695=DIRECTION('',(-7.432941462472E-1,0.E0,6.689647316224E-1));
#1696=VECTOR('',#1695,6.726812023537E-1);
#1697=CARTESIAN_POINT('',(2.65E0,-1.2E0,-1.9E0));
#1698=LINE('',#1697,#1696);
#1699=DIRECTION('',(0.E0,0.E0,1.E0));
#1700=VECTOR('',#1699,4.E-1);
#1701=CARTESIAN_POINT('',(2.65E0,-1.2E0,-2.3E0));
#1702=LINE('',#1701,#1700);
#1703=CARTESIAN_POINT('',(2.45E0,-1.2E0,-2.3E0));
#1704=DIRECTION('',(0.E0,-1.E0,0.E0));
#1705=DIRECTION('',(0.E0,0.E0,-1.E0));
#1706=AXIS2_PLACEMENT_3D('',#1703,#1704,#1705);
#1708=DIRECTION('',(-1.E0,0.E0,0.E0));
#1709=VECTOR('',#1708,1.075E0);
#1710=CARTESIAN_POINT('',(2.45E0,-1.2E0,-2.5E0));
#1711=LINE('',#1710,#1709);
#1712=CARTESIAN_POINT('',(1.375E0,-8.5E-1,-2.35E0));
#1713=DIRECTION('',(0.E0,-1.E0,0.E0));
#1714=DIRECTION('',(-1.E0,0.E0,0.E0));
#1715=AXIS2_PLACEMENT_3D('',#1712,#1713,#1714);
#1717=CARTESIAN_POINT('',(1.075E0,-8.5E-1,-2.5E0));
#1718=DIRECTION('',(0.E0,0.E0,1.E0));
#1719=DIRECTION('',(1.E0,0.E0,0.E0));
#1720=AXIS2_PLACEMENT_3D('',#1717,#1718,#1719);
#1722=CARTESIAN_POINT('',(1.075E0,-8.5E-1,-2.35E0));
#1723=DIRECTION('',(0.E0,0.E0,1.E0));
#1724=DIRECTION('',(1.E0,0.E0,0.E0));
#1725=AXIS2_PLACEMENT_3D('',#1722,#1723,#1724);
#1727=DIRECTION('',(0.E0,1.E0,0.E0));
#1728=VECTOR('',#1727,9.E-1);
#1729=CARTESIAN_POINT('',(-2.95E0,-9.E-1,-2.5E0));
#1730=LINE('',#1729,#1728);
#1731=DIRECTION('',(1.E0,0.E0,0.E0));
#1732=VECTOR('',#1731,1.E-1);
#1733=CARTESIAN_POINT('',(-2.95E0,-9.E-1,-2.5E0));
#1734=LINE('',#1733,#1732);
#1735=DIRECTION('',(-1.E0,0.E0,0.E0));
#1736=VECTOR('',#1735,3.E-1);
#1737=CARTESIAN_POINT('',(-2.55E0,-5.5E-1,-2.5E0));
#1738=LINE('',#1737,#1736);
#1739=DIRECTION('',(1.E0,0.E0,0.E0));
#1740=VECTOR('',#1739,1.175E0);
#1741=CARTESIAN_POINT('',(-2.55E0,-1.2E0,-2.5E0));
#1742=LINE('',#1741,#1740);
#1743=DIRECTION('',(0.E0,1.E0,0.E0));
#1744=VECTOR('',#1743,3.5E-1);
#1745=CARTESIAN_POINT('',(-1.375E0,-1.2E0,-2.5E0));
#1746=LINE('',#1745,#1744);
#1747=DIRECTION('',(0.E0,-1.E0,0.E0));
#1748=VECTOR('',#1747,3.5E-1);
#1749=CARTESIAN_POINT('',(-4.75E-1,-8.5E-1,-2.5E0));
#1750=LINE('',#1749,#1748);
#1751=DIRECTION('',(1.E0,0.E0,0.E0));
#1752=VECTOR('',#1751,9.5E-1);
#1753=CARTESIAN_POINT('',(-4.75E-1,-1.2E0,-2.5E0));
#1754=LINE('',#1753,#1752);
#1755=DIRECTION('',(0.E0,1.E0,0.E0));
#1756=VECTOR('',#1755,3.5E-1);
#1757=CARTESIAN_POINT('',(4.75E-1,-1.2E0,-2.5E0));
#1758=LINE('',#1757,#1756);
#1759=DIRECTION('',(0.E0,-1.E0,0.E0));
#1760=VECTOR('',#1759,3.5E-1);
#1761=CARTESIAN_POINT('',(1.375E0,-8.5E-1,-2.5E0));
#1762=LINE('',#1761,#1760);
#1763=DIRECTION('',(0.E0,-1.E0,0.E0));
#1764=VECTOR('',#1763,1.2E0);
#1765=CARTESIAN_POINT('',(2.45E0,0.E0,-2.5E0));
#1766=LINE('',#1765,#1764);
#1767=DIRECTION('',(1.E0,0.E0,0.E0));
#1768=VECTOR('',#1767,5.4E0);
#1769=CARTESIAN_POINT('',(-2.95E0,0.E0,-2.5E0));
#1770=LINE('',#1769,#1768);
#1771=DIRECTION('',(0.E0,1.E0,0.E0));
#1772=VECTOR('',#1771,2.5E-1);
#1773=CARTESIAN_POINT('',(1.55E0,-7.E-1,-2.5E0));
#1774=LINE('',#1773,#1772);
#1775=DIRECTION('',(1.E0,0.E0,0.E0));
#1776=VECTOR('',#1775,6.E-1);
#1777=CARTESIAN_POINT('',(1.55E0,-4.5E-1,-2.5E0));
#1778=LINE('',#1777,#1776);
#1779=DIRECTION('',(0.E0,1.E0,0.E0));
#1780=VECTOR('',#1779,2.5E-1);
#1781=CARTESIAN_POINT('',(2.15E0,-7.E-1,-2.5E0));
#1782=LINE('',#1781,#1780);
#1783=DIRECTION('',(1.E0,0.E0,0.E0));
#1784=VECTOR('',#1783,6.E-1);
#1785=CARTESIAN_POINT('',(1.55E0,-7.E-1,-2.5E0));
#1786=LINE('',#1785,#1784);
#1787=DIRECTION('',(0.E0,1.E0,0.E0));
#1788=VECTOR('',#1787,2.5E-1);
#1789=CARTESIAN_POINT('',(-3.E-1,-7.E-1,-2.5E0));
#1790=LINE('',#1789,#1788);
#1791=DIRECTION('',(1.E0,0.E0,0.E0));
#1792=VECTOR('',#1791,6.E-1);
#1793=CARTESIAN_POINT('',(-3.E-1,-4.5E-1,-2.5E0));
#1794=LINE('',#1793,#1792);
#1795=DIRECTION('',(0.E0,1.E0,0.E0));
#1796=VECTOR('',#1795,2.5E-1);
#1797=CARTESIAN_POINT('',(3.E-1,-7.E-1,-2.5E0));
#1798=LINE('',#1797,#1796);
#1799=DIRECTION('',(1.E0,0.E0,0.E0));
#1800=VECTOR('',#1799,6.E-1);
#1801=CARTESIAN_POINT('',(-3.E-1,-7.E-1,-2.5E0));
#1802=LINE('',#1801,#1800);
#1803=DIRECTION('',(0.E0,1.E0,0.E0));
#1804=VECTOR('',#1803,2.5E-1);
#1805=CARTESIAN_POINT('',(-2.15E0,-7.E-1,-2.5E0));
#1806=LINE('',#1805,#1804);
#1807=DIRECTION('',(1.E0,0.E0,0.E0));
#1808=VECTOR('',#1807,6.E-1);
#1809=CARTESIAN_POINT('',(-2.15E0,-4.5E-1,-2.5E0));
#1810=LINE('',#1809,#1808);
#1811=DIRECTION('',(0.E0,1.E0,0.E0));
#1812=VECTOR('',#1811,2.5E-1);
#1813=CARTESIAN_POINT('',(-1.55E0,-7.E-1,-2.5E0));
#1814=LINE('',#1813,#1812);
#1815=DIRECTION('',(1.E0,0.E0,0.E0));
#1816=VECTOR('',#1815,6.E-1);
#1817=CARTESIAN_POINT('',(-2.15E0,-7.E-1,-2.5E0));
#1818=LINE('',#1817,#1816);
#1819=CARTESIAN_POINT('',(-2.95E0,0.E0,-2.3E0));
#1820=DIRECTION('',(0.E0,1.E0,0.E0));
#1821=DIRECTION('',(0.E0,0.E0,-1.E0));
#1822=AXIS2_PLACEMENT_3D('',#1819,#1820,#1821);
#1824=DIRECTION('',(0.E0,0.E0,-1.E0));
#1825=VECTOR('',#1824,1.635E0);
#1826=CARTESIAN_POINT('',(2.3E0,0.E0,5.E-2));
#1827=LINE('',#1826,#1825);
#1828=DIRECTION('',(0.E0,0.E0,1.E0));
#1829=VECTOR('',#1828,3.04E0);
#1830=CARTESIAN_POINT('',(-3.35E0,0.E0,-2.99E0));
#1831=LINE('',#1830,#1829);
#1832=DIRECTION('',(0.E0,0.E0,1.E0));
#1833=VECTOR('',#1832,1.5E0);
#1834=CARTESIAN_POINT('',(-2.3E0,0.E0,-1.45E0));
#1835=LINE('',#1834,#1833);
#1836=CARTESIAN_POINT('',(-2.95E0,0.E0,-1.65E0));
#1837=DIRECTION('',(0.E0,-1.E0,0.E0));
#1838=DIRECTION('',(0.E0,0.E0,1.E0));
#1839=AXIS2_PLACEMENT_3D('',#1836,#1837,#1838);
#1841=CARTESIAN_POINT('',(-2.95E0,-9.E-1,-1.65E0));
#1842=DIRECTION('',(0.E0,-1.E0,0.E0));
#1843=DIRECTION('',(0.E0,0.E0,1.E0));
#1844=AXIS2_PLACEMENT_3D('',#1841,#1842,#1843);
#1846=DIRECTION('',(0.E0,0.E0,1.E0));
#1847=VECTOR('',#1846,1.05E0);
#1848=CARTESIAN_POINT('',(-2.85E0,-9.E-1,-2.5E0));
#1849=LINE('',#1848,#1847);
#1850=CARTESIAN_POINT('',(-2.95E0,-9.E-1,-2.3E0));
#1851=DIRECTION('',(0.E0,-1.E0,0.E0));
#1852=DIRECTION('',(-1.E0,0.E0,0.E0));
#1853=AXIS2_PLACEMENT_3D('',#1850,#1851,#1852);
#1855=DIRECTION('',(0.E0,0.E0,1.E0));
#1856=VECTOR('',#1855,9.E-1);
#1857=CARTESIAN_POINT('',(-2.85E0,-7.E-1,-2.35E0));
#1858=LINE('',#1857,#1856);
#1859=DIRECTION('',(0.E0,-1.E0,0.E0));
#1860=VECTOR('',#1859,3.5E-1);
#1861=CARTESIAN_POINT('',(-2.85E0,-5.5E-1,-2.5E0));
#1862=LINE('',#1861,#1860);
#1863=DIRECTION('',(-1.E0,0.E0,0.E0));
#1864=VECTOR('',#1863,3.E-1);
#1865=CARTESIAN_POINT('',(-2.55E0,-7.E-1,-2.35E0));
#1866=LINE('',#1865,#1864);
#1867=DIRECTION('',(0.E0,0.E0,1.E0));
#1868=VECTOR('',#1867,9.E-1);
#1869=CARTESIAN_POINT('',(-2.55E0,-7.E-1,-2.35E0));
#1870=LINE('',#1869,#1868);
#1871=CARTESIAN_POINT('',(-2.55E0,-5.5E-1,-2.35E0));
#1872=DIRECTION('',(1.E0,0.E0,0.E0));
#1873=DIRECTION('',(0.E0,-1.E0,0.E0));
#1874=AXIS2_PLACEMENT_3D('',#1871,#1872,#1873);
#1876=CARTESIAN_POINT('',(-2.85E0,-5.5E-1,-2.35E0));
#1877=DIRECTION('',(-1.E0,0.E0,0.E0));
#1878=DIRECTION('',(0.E0,0.E0,-1.E0));
#1879=AXIS2_PLACEMENT_3D('',#1876,#1877,#1878);
#1881=DIRECTION('',(0.E0,1.E0,0.E0));
#1882=VECTOR('',#1881,6.5E-1);
#1883=CARTESIAN_POINT('',(-2.55E0,-1.2E0,-2.5E0));
#1884=LINE('',#1883,#1882);
#1885=CARTESIAN_POINT('',(-1.375E0,-1.2E0,-2.35E0));
#1886=DIRECTION('',(0.E0,-1.E0,0.E0));
#1887=DIRECTION('',(0.E0,0.E0,-1.E0));
#1888=AXIS2_PLACEMENT_3D('',#1885,#1886,#1887);
#1890=DIRECTION('',(0.E0,0.E0,-1.E0));
#1891=VECTOR('',#1890,1.05E0);
#1892=CARTESIAN_POINT('',(-2.55E0,-1.2E0,-1.45E0));
#1893=LINE('',#1892,#1891);
#1894=CARTESIAN_POINT('',(-1.375E0,-1.2E0,-1.6E0));
#1895=DIRECTION('',(0.E0,-1.E0,0.E0));
#1896=DIRECTION('',(1.E0,0.E0,0.E0));
#1897=AXIS2_PLACEMENT_3D('',#1894,#1895,#1896);
#1899=DIRECTION('',(0.E0,0.E0,-1.E0));
#1900=VECTOR('',#1899,7.5E-1);
#1901=CARTESIAN_POINT('',(-1.225E0,-1.2E0,-1.6E0));
#1902=LINE('',#1901,#1900);
#1903=CARTESIAN_POINT('',(-1.375E0,-8.5E-1,-2.35E0));
#1904=DIRECTION('',(0.E0,1.E0,0.E0));
#1905=DIRECTION('',(1.E0,0.E0,0.E0));
#1906=AXIS2_PLACEMENT_3D('',#1903,#1904,#1905);
#1908=CARTESIAN_POINT('',(-1.075E0,-8.5E-1,-2.5E0));
#1909=DIRECTION('',(0.E0,0.E0,1.E0));
#1910=DIRECTION('',(0.E0,1.E0,0.E0));
#1911=AXIS2_PLACEMENT_3D('',#1908,#1909,#1910);
#1913=CARTESIAN_POINT('',(-1.075E0,-8.5E-1,-2.35E0));
#1914=DIRECTION('',(0.E0,0.E0,1.E0));
#1915=DIRECTION('',(0.E0,1.E0,0.E0));
#1916=AXIS2_PLACEMENT_3D('',#1913,#1914,#1915);
#1918=CARTESIAN_POINT('',(-1.075E0,-5.5E-1,-2.35E0));
#1919=DIRECTION('',(1.E0,0.E0,0.E0));
#1920=DIRECTION('',(0.E0,-1.E0,0.E0));
#1921=AXIS2_PLACEMENT_3D('',#1918,#1919,#1920);
#1923=CARTESIAN_POINT('',(-7.75E-1,-5.5E-1,-2.35E0));
#1924=DIRECTION('',(1.E0,0.E0,0.E0));
#1925=DIRECTION('',(0.E0,-1.E0,0.E0));
#1926=AXIS2_PLACEMENT_3D('',#1923,#1924,#1925);
#1928=DIRECTION('',(-1.E0,0.E0,0.E0));
#1929=VECTOR('',#1928,3.E-1);
#1930=CARTESIAN_POINT('',(-7.75E-1,-5.5E-1,-2.5E0));
#1931=LINE('',#1930,#1929);
#1932=DIRECTION('',(0.E0,0.E0,-1.E0));
#1933=VECTOR('',#1932,3.783136534426E-1);
#1934=CARTESIAN_POINT('',(-1.075E0,-7.E-1,-1.971686346557E0));
#1935=LINE('',#1934,#1933);
#1936=DIRECTION('',(-1.E0,0.E0,-1.879977655032E-13));
#1937=VECTOR('',#1936,3.E-1);
#1938=CARTESIAN_POINT('',(-7.75E-1,-7.E-1,-1.971686346557E0));
#1939=LINE('',#1938,#1937);
#1940=DIRECTION('',(0.E0,0.E0,1.E0));
#1941=VECTOR('',#1940,3.783136534427E-1);
#1942=CARTESIAN_POINT('',(-7.75E-1,-7.E-1,-2.35E0));
#1943=LINE('',#1942,#1941);
#1944=DIRECTION('',(-1.E0,0.E0,0.E0));
#1945=VECTOR('',#1944,3.E-1);
#1946=CARTESIAN_POINT('',(-7.75E-1,-7.E-1,-2.35E0));
#1947=LINE('',#1946,#1945);
#1948=CARTESIAN_POINT('',(-1.075E0,-8.5E-1,-1.971686346440E0));
#1949=DIRECTION('',(0.E0,0.E0,-1.E0));
#1950=DIRECTION('',(-1.E0,0.E0,0.E0));
#1951=AXIS2_PLACEMENT_3D('',#1948,#1949,#1950);
#1953=DIRECTION('',(0.E0,-5.299192640379E-1,-8.480480962785E-1));
#1954=VECTOR('',#1953,1.883367716306E-1);
#1955=CARTESIAN_POINT('',(-1.225E0,-6.894159549326E-1,-1.600000000001E0));
#1956=LINE('',#1955,#1954);
#1957=CARTESIAN_POINT('',(-1.225E0,-4.5E-1,-1.971686346440E0));
#1958=DIRECTION('',(1.E0,0.E0,0.E0));
#1959=DIRECTION('',(0.E0,-8.480480961564E-1,5.299192642332E-1));
#1960=AXIS2_PLACEMENT_3D('',#1957,#1958,#1959);
#1962=DIRECTION('',(0.E0,-4.750397449448E-11,-1.E0));
#1963=VECTOR('',#1962,3.783136534460E-1);
#1964=CARTESIAN_POINT('',(-1.225E0,-8.499999999820E-1,-1.971686346554E0));
#1965=LINE('',#1964,#1963);
#1966=DIRECTION('',(0.E0,1.E0,0.E0));
#1967=VECTOR('',#1966,3.5E-1);
#1968=CARTESIAN_POINT('',(-1.225E0,-1.2E0,-2.35E0));
#1969=LINE('',#1968,#1967);
#1970=DIRECTION('',(0.E0,1.E0,-1.656471463083E-12));
#1971=VECTOR('',#1970,5.105840450674E-1);
#1972=CARTESIAN_POINT('',(-1.225E0,-1.2E0,-1.6E0));
#1973=LINE('',#1972,#1971);
#1974=CARTESIAN_POINT('',(-1.075E0,-6.894159549315E-1,-1.6E0));
#1975=DIRECTION('',(0.E0,-5.299192642332E-1,-8.480480961564E-1));
#1976=DIRECTION('',(-1.E0,0.E0,0.E0));
#1977=AXIS2_PLACEMENT_3D('',#1974,#1975,#1976);
#1979=CARTESIAN_POINT('',(-1.374999998756E0,-5.019551479028E-1,
-1.449999998835E0));
#1980=CARTESIAN_POINT('',(-1.361304124629E0,-4.881961477985E-1,
-1.449999881585E0));
#1981=CARTESIAN_POINT('',(-1.332424669579E0,-4.641675602205E-1,
-1.450000047742E0));
#1982=CARTESIAN_POINT('',(-1.284452742787E0,-4.379564187407E-1,
-1.450000010526E0));
#1983=CARTESIAN_POINT('',(-1.233587661598E0,-4.222983510914E-1,
-1.449999910156E0));
#1984=CARTESIAN_POINT('',(-1.199207407598E0,-4.188103894103E-1,
-1.450000202620E0));
#1985=CARTESIAN_POINT('',(-1.181775454116E0,-4.188078894416E-1,
-1.450000202620E0));
#1987=CARTESIAN_POINT('',(-1.374999998756E0,-5.019551479028E-1,
-1.449999998835E0));
#1988=CARTESIAN_POINT('',(-1.367208830732E0,-5.019549413469E-1,
-1.449999932135E0));
#1989=CARTESIAN_POINT('',(-1.351063310750E0,-5.034815292342E-1,
-1.451215556256E0));
#1990=CARTESIAN_POINT('',(-1.325820636559E0,-5.112643958533E-1,
-1.457445052616E0));
#1991=CARTESIAN_POINT('',(-1.300574998587E0,-5.253849748787E-1,
-1.468752330297E0));
#1992=CARTESIAN_POINT('',(-1.277068901826E0,-5.458833547542E-1,
-1.485149532002E0));
#1993=CARTESIAN_POINT('',(-1.256476024083E0,-5.724805519678E-1,
-1.506429511017E0));
#1994=CARTESIAN_POINT('',(-1.239796657858E0,-6.050737577161E-1,
-1.532512948393E0));
#1995=CARTESIAN_POINT('',(-1.228212412158E0,-6.435670020430E-1,
-1.563315505166E0));
#1996=CARTESIAN_POINT('',(-1.225000183802E0,-6.735448518232E-1,
-1.587302366052E0));
#1997=CARTESIAN_POINT('',(-1.225E0,-6.894159549326E-1,-1.600000000001E0));
#1999=CARTESIAN_POINT('',(-1.075E0,-7.892192384626E-1,-1.759718640746E0));
#2000=DIRECTION('',(0.E0,-5.299192642332E-1,-8.480480961564E-1));
#2001=DIRECTION('',(-1.E0,0.E0,0.E0));
#2002=AXIS2_PLACEMENT_3D('',#1999,#2000,#2001);
#2004=CARTESIAN_POINT('',(-1.075E0,-4.5E-1,-1.971686346440E0));
#2005=DIRECTION('',(1.E0,0.E0,0.E0));
#2006=DIRECTION('',(0.E0,-8.480480961564E-1,5.299192642332E-1));
#2007=AXIS2_PLACEMENT_3D('',#2004,#2005,#2006);
#2009=CARTESIAN_POINT('',(-7.75E-1,-4.5E-1,-1.971686346440E0));
#2010=DIRECTION('',(-1.E0,0.E0,0.E0));
#2011=DIRECTION('',(0.E0,-1.E0,0.E0));
#2012=AXIS2_PLACEMENT_3D('',#2009,#2010,#2011);
#2014=CARTESIAN_POINT('',(-7.75E-1,-8.5E-1,-1.971686346440E0));
#2015=DIRECTION('',(0.E0,0.E0,1.E0));
#2016=DIRECTION('',(1.E0,0.E0,0.E0));
#2017=AXIS2_PLACEMENT_3D('',#2014,#2015,#2016);
#2019=DIRECTION('',(0.E0,5.299192640437E-1,8.480480962749E-1));
#2020=VECTOR('',#2019,1.883367716343E-1);
#2021=CARTESIAN_POINT('',(-6.25E-1,-7.892192383463E-1,-1.759718640641E0));
#2022=LINE('',#2021,#2020);
#2023=DIRECTION('',(0.E0,-1.E0,-3.145512757260E-12));
#2024=VECTOR('',#2023,5.105840450705E-1);
#2025=CARTESIAN_POINT('',(-6.25E-1,-6.894159549295E-1,-1.599999999998E0));
#2026=LINE('',#2025,#2024);
#2027=DIRECTION('',(0.E0,-1.E0,0.E0));
#2028=VECTOR('',#2027,3.5E-1);
#2029=CARTESIAN_POINT('',(-6.25E-1,-8.5E-1,-2.35E0));
#2030=LINE('',#2029,#2028);
#2031=DIRECTION('',(0.E0,4.747756252882E-11,1.E0));
#2032=VECTOR('',#2031,3.783136534460E-1);
#2033=CARTESIAN_POINT('',(-6.25E-1,-8.5E-1,-2.35E0));
#2034=LINE('',#2033,#2032);
#2035=CARTESIAN_POINT('',(-6.25E-1,-4.5E-1,-1.971686346440E0));
#2036=DIRECTION('',(-1.E0,0.E0,0.E0));
#2037=DIRECTION('',(0.E0,-1.E0,0.E0));
#2038=AXIS2_PLACEMENT_3D('',#2035,#2036,#2037);
#2040=CARTESIAN_POINT('',(-7.75E-1,-7.892192384626E-1,-1.759718640746E0));
#2041=DIRECTION('',(0.E0,5.299192642332E-1,8.480480961564E-1));
#2042=DIRECTION('',(1.E0,0.E0,0.E0));
#2043=AXIS2_PLACEMENT_3D('',#2040,#2041,#2042);
#2045=CARTESIAN_POINT('',(-6.682245414128E-1,-4.188088746498E-1,
-1.450000001168E0));
#2046=CARTESIAN_POINT('',(-6.544609241119E-1,-4.188086688318E-1,
-1.450000001168E0));
#2047=CARTESIAN_POINT('',(-6.271510442215E-1,-4.209893086426E-1,
-1.449999999449E0));
#2048=CARTESIAN_POINT('',(-5.862866376573E-1,-4.309079830886E-1,
-1.450000000176E0));
#2049=CARTESIAN_POINT('',(-5.471414122339E-1,-4.473433985699E-1,
-1.449999999848E0));
#2050=CARTESIAN_POINT('',(-5.103272836189E-1,-4.700642977405E-1,
-1.450000000433E0));
#2051=CARTESIAN_POINT('',(-4.864983031013E-1,-4.904001986815E-1,
-1.449999999090E0));
#2052=CARTESIAN_POINT('',(-4.750017225491E-1,-5.019566318462E-1,
-1.449999999087E0));
#2054=CARTESIAN_POINT('',(-7.75E-1,-6.894159549472E-1,-1.600000000025E0));
#2055=DIRECTION('',(-7.110553182125E-11,5.299192642332E-1,8.480480961564E-1));
#2056=DIRECTION('',(1.E0,3.767948915841E-11,6.030139350817E-11));
#2057=AXIS2_PLACEMENT_3D('',#2054,#2055,#2056);
#2059=CARTESIAN_POINT('',(4.75E-1,-1.2E0,-2.35E0));
#2060=DIRECTION('',(0.E0,-1.E0,0.E0));
#2061=DIRECTION('',(0.E0,0.E0,-1.E0));
#2062=AXIS2_PLACEMENT_3D('',#2059,#2060,#2061);
#2064=CARTESIAN_POINT('',(-4.75E-1,-1.2E0,-2.35E0));
#2065=DIRECTION('',(0.E0,-1.E0,0.E0));
#2066=DIRECTION('',(-1.E0,0.E0,0.E0));
#2067=AXIS2_PLACEMENT_3D('',#2064,#2065,#2066);
#2069=DIRECTION('',(0.E0,0.E0,-1.E0));
#2070=VECTOR('',#2069,7.5E-1);
#2071=CARTESIAN_POINT('',(-6.25E-1,-1.2E0,-1.6E0));
#2072=LINE('',#2071,#2070);
#2073=CARTESIAN_POINT('',(-4.75E-1,-1.2E0,-1.6E0));
#2074=DIRECTION('',(0.E0,-1.E0,0.E0));
#2075=DIRECTION('',(0.E0,0.E0,1.E0));
#2076=AXIS2_PLACEMENT_3D('',#2073,#2074,#2075);
#2078=CARTESIAN_POINT('',(4.75E-1,-1.2E0,-1.6E0));
#2079=DIRECTION('',(0.E0,-1.E0,0.E0));
#2080=DIRECTION('',(1.E0,0.E0,0.E0));
#2081=AXIS2_PLACEMENT_3D('',#2078,#2079,#2080);
#2083=DIRECTION('',(0.E0,0.E0,-1.E0));
#2084=VECTOR('',#2083,7.5E-1);
#2085=CARTESIAN_POINT('',(6.25E-1,-1.2E0,-1.6E0));
#2086=LINE('',#2085,#2084);
#2087=CARTESIAN_POINT('',(4.75E-1,-8.5E-1,-2.35E0));
#2088=DIRECTION('',(0.E0,1.E0,0.E0));
#2089=DIRECTION('',(1.E0,0.E0,0.E0));
#2090=AXIS2_PLACEMENT_3D('',#2087,#2088,#2089);
#2092=CARTESIAN_POINT('',(7.75E-1,-8.5E-1,-2.5E0));
#2093=DIRECTION('',(0.E0,0.E0,1.E0));
#2094=DIRECTION('',(0.E0,1.E0,0.E0));
#2095=AXIS2_PLACEMENT_3D('',#2092,#2093,#2094);
#2097=CARTESIAN_POINT('',(7.75E-1,-8.5E-1,-2.35E0));
#2098=DIRECTION('',(0.E0,0.E0,1.E0));
#2099=DIRECTION('',(0.E0,1.E0,0.E0));
#2100=AXIS2_PLACEMENT_3D('',#2097,#2098,#2099);
#2102=CARTESIAN_POINT('',(7.75E-1,-5.5E-1,-2.35E0));
#2103=DIRECTION('',(1.E0,0.E0,0.E0));
#2104=DIRECTION('',(0.E0,-1.E0,0.E0));
#2105=AXIS2_PLACEMENT_3D('',#2102,#2103,#2104);
#2107=CARTESIAN_POINT('',(1.075E0,-5.5E-1,-2.35E0));
#2108=DIRECTION('',(1.E0,0.E0,0.E0));
#2109=DIRECTION('',(0.E0,-1.E0,0.E0));
#2110=AXIS2_PLACEMENT_3D('',#2107,#2108,#2109);
#2112=DIRECTION('',(-1.E0,0.E0,0.E0));
#2113=VECTOR('',#2112,3.E-1);
#2114=CARTESIAN_POINT('',(1.075E0,-5.5E-1,-2.5E0));
#2115=LINE('',#2114,#2113);
#2116=DIRECTION('',(0.E0,0.E0,-1.E0));
#2117=VECTOR('',#2116,3.783136534426E-1);
#2118=CARTESIAN_POINT('',(7.75E-1,-7.E-1,-1.971686346557E0));
#2119=LINE('',#2118,#2117);
#2120=DIRECTION('',(-1.E0,0.E0,-1.865174681370E-13));
#2121=VECTOR('',#2120,3.E-1);
#2122=CARTESIAN_POINT('',(1.075E0,-7.E-1,-1.971686346557E0));
#2123=LINE('',#2122,#2121);
#2124=DIRECTION('',(0.E0,0.E0,1.E0));
#2125=VECTOR('',#2124,3.783136534427E-1);
#2126=CARTESIAN_POINT('',(1.075E0,-7.E-1,-2.35E0));
#2127=LINE('',#2126,#2125);
#2128=DIRECTION('',(-1.E0,0.E0,0.E0));
#2129=VECTOR('',#2128,3.E-1);
#2130=CARTESIAN_POINT('',(1.075E0,-7.E-1,-2.35E0));
#2131=LINE('',#2130,#2129);
#2132=CARTESIAN_POINT('',(7.75E-1,-8.5E-1,-1.971686346440E0));
#2133=DIRECTION('',(0.E0,0.E0,-1.E0));
#2134=DIRECTION('',(-1.E0,0.E0,0.E0));
#2135=AXIS2_PLACEMENT_3D('',#2132,#2133,#2134);
#2137=DIRECTION('',(0.E0,-5.299192640414E-1,-8.480480962763E-1));
#2138=VECTOR('',#2137,1.883367716328E-1);
#2139=CARTESIAN_POINT('',(6.25E-1,-6.894159549308E-1,-1.599999999999E0));
#2140=LINE('',#2139,#2138);
#2141=CARTESIAN_POINT('',(6.25E-1,-4.5E-1,-1.971686346440E0));
#2142=DIRECTION('',(1.E0,0.E0,0.E0));
#2143=DIRECTION('',(0.E0,-8.480480961564E-1,5.299192642332E-1));
#2144=AXIS2_PLACEMENT_3D('',#2141,#2142,#2143);
#2146=DIRECTION('',(0.E0,-4.750397449448E-11,-1.E0));
#2147=VECTOR('',#2146,3.783136534460E-1);
#2148=CARTESIAN_POINT('',(6.25E-1,-8.499999999820E-1,-1.971686346554E0));
#2149=LINE('',#2148,#2147);
#2150=DIRECTION('',(0.E0,1.E0,0.E0));
#2151=VECTOR('',#2150,3.5E-1);
#2152=CARTESIAN_POINT('',(6.25E-1,-1.2E0,-2.35E0));
#2153=LINE('',#2152,#2151);
#2154=DIRECTION('',(0.E0,1.E0,1.190276291531E-12));
#2155=VECTOR('',#2154,5.105840450692E-1);
#2156=CARTESIAN_POINT('',(6.25E-1,-1.2E0,-1.6E0));
#2157=LINE('',#2156,#2155);
#2158=CARTESIAN_POINT('',(7.75E-1,-6.894159549315E-1,-1.6E0));
#2159=DIRECTION('',(0.E0,-5.299192642332E-1,-8.480480961564E-1));
#2160=DIRECTION('',(-1.E0,0.E0,0.E0));
#2161=AXIS2_PLACEMENT_3D('',#2158,#2159,#2160);
#2163=CARTESIAN_POINT('',(4.750066744922E-1,-5.019611149397E-1,
-1.450000083506E0));
#2164=CARTESIAN_POINT('',(4.864980400126E-1,-4.904489929926E-1,
-1.450000083524E0));
#2165=CARTESIAN_POINT('',(5.102394648958E-1,-4.701073047611E-1,
-1.449999961115E0));
#2166=CARTESIAN_POINT('',(5.471279156087E-1,-4.473526215313E-1,
-1.450000010812E0));
#2167=CARTESIAN_POINT('',(5.863013408833E-1,-4.308983881245E-1,
-1.449999995639E0));
#2168=CARTESIAN_POINT('',(6.271583602204E-1,-4.209927158979E-1,
-1.450000006634E0));
#2169=CARTESIAN_POINT('',(6.544711883407E-1,-4.188091581974E-1,
-1.449999987428E0));
#2170=CARTESIAN_POINT('',(6.682118568362E-1,-4.188078920835E-1,
-1.449999987428E0));
#2172=DIRECTION('',(2.593633167947E-5,9.999999996636E-1,-3.244966149547E-7));
#2173=VECTOR('',#2172,2.573414114170E-1);
#2174=CARTESIAN_POINT('',(4.75E-1,-7.593025262701E-1,-1.45E0));
#2175=LINE('',#2174,#2173);
#2176=CARTESIAN_POINT('',(4.750066744922E-1,-5.019611149397E-1,
-1.450000083506E0));
#2177=CARTESIAN_POINT('',(4.827992431036E-1,-5.019604693179E-1,
-1.450000083420E0));
#2178=CARTESIAN_POINT('',(4.989391185664E-1,-5.034775595112E-1,
-1.451214914174E0));
#2179=CARTESIAN_POINT('',(5.242152719835E-1,-5.112771629383E-1,
-1.457456278444E0));
#2180=CARTESIAN_POINT('',(5.494481622328E-1,-5.254047516857E-1,
-1.468766817079E0));
#2181=CARTESIAN_POINT('',(5.729459831186E-1,-5.458978063227E-1,
-1.485161923600E0));
#2182=CARTESIAN_POINT('',(5.935416506008E-1,-5.725054774306E-1,
-1.506451242341E0));
#2183=CARTESIAN_POINT('',(6.102162960067E-1,-6.051108693981E-1,
-1.532538854278E0));
#2184=CARTESIAN_POINT('',(6.217932134134E-1,-6.435973662391E-1,
-1.563341490736E0));
#2185=CARTESIAN_POINT('',(6.249997109418E-1,-6.735574022719E-1,
-1.587312554275E0));
#2186=CARTESIAN_POINT('',(6.25E-1,-6.894159549308E-1,-1.599999999999E0));
#2188=CARTESIAN_POINT('',(7.75E-1,-7.892192384626E-1,-1.759718640746E0));
#2189=DIRECTION('',(0.E0,-5.299192642332E-1,-8.480480961564E-1));
#2190=DIRECTION('',(-1.E0,0.E0,0.E0));
#2191=AXIS2_PLACEMENT_3D('',#2188,#2189,#2190);
#2193=CARTESIAN_POINT('',(7.75E-1,-4.5E-1,-1.971686346440E0));
#2194=DIRECTION('',(1.E0,0.E0,0.E0));
#2195=DIRECTION('',(0.E0,-8.480480961564E-1,5.299192642332E-1));
#2196=AXIS2_PLACEMENT_3D('',#2193,#2194,#2195);
#2198=CARTESIAN_POINT('',(1.075E0,-4.5E-1,-1.971686346440E0));
#2199=DIRECTION('',(-1.E0,0.E0,0.E0));
#2200=DIRECTION('',(0.E0,-1.E0,0.E0));
#2201=AXIS2_PLACEMENT_3D('',#2198,#2199,#2200);
#2203=CARTESIAN_POINT('',(1.075E0,-8.5E-1,-1.971686346440E0));
#2204=DIRECTION('',(0.E0,0.E0,1.E0));
#2205=DIRECTION('',(1.E0,0.E0,0.E0));
#2206=AXIS2_PLACEMENT_3D('',#2203,#2204,#2205);
#2208=DIRECTION('',(0.E0,5.299192640443E-1,8.480480962745E-1));
#2209=VECTOR('',#2208,1.883367716347E-1);
#2210=CARTESIAN_POINT('',(1.225E0,-7.892192383463E-1,-1.759718640641E0));
#2211=LINE('',#2210,#2209);
#2212=DIRECTION('',(0.E0,-1.E0,-3.658675352801E-12));
#2213=VECTOR('',#2212,5.105840450708E-1);
#2214=CARTESIAN_POINT('',(1.225E0,-6.894159549292E-1,-1.599999999998E0));
#2215=LINE('',#2214,#2213);
#2216=DIRECTION('',(0.E0,-1.E0,0.E0));
#2217=VECTOR('',#2216,3.5E-1);
#2218=CARTESIAN_POINT('',(1.225E0,-8.5E-1,-2.35E0));
#2219=LINE('',#2218,#2217);
#2220=DIRECTION('',(0.E0,4.747756252882E-11,1.E0));
#2221=VECTOR('',#2220,3.783136534460E-1);
#2222=CARTESIAN_POINT('',(1.225E0,-8.5E-1,-2.35E0));
#2223=LINE('',#2222,#2221);
#2224=CARTESIAN_POINT('',(1.225E0,-4.5E-1,-1.971686346440E0));
#2225=DIRECTION('',(-1.E0,0.E0,0.E0));
#2226=DIRECTION('',(0.E0,-1.E0,0.E0));
#2227=AXIS2_PLACEMENT_3D('',#2224,#2225,#2226);
#2229=CARTESIAN_POINT('',(1.075E0,-7.892192384626E-1,-1.759718640746E0));
#2230=DIRECTION('',(0.E0,5.299192642332E-1,8.480480961564E-1));
#2231=DIRECTION('',(1.E0,0.E0,0.E0));
#2232=AXIS2_PLACEMENT_3D('',#2229,#2230,#2231);
#2234=CARTESIAN_POINT('',(-4.75E-1,-8.5E-1,-2.35E0));
#2235=DIRECTION('',(0.E0,-1.E0,0.E0));
#2236=DIRECTION('',(-1.E0,0.E0,0.E0));
#2237=AXIS2_PLACEMENT_3D('',#2234,#2235,#2236);
#2239=CARTESIAN_POINT('',(-7.75E-1,-8.5E-1,-2.5E0));
#2240=DIRECTION('',(0.E0,0.E0,1.E0));
#2241=DIRECTION('',(1.E0,0.E0,0.E0));
#2242=AXIS2_PLACEMENT_3D('',#2239,#2240,#2241);
#2244=CARTESIAN_POINT('',(-7.75E-1,-8.5E-1,-2.35E0));
#2245=DIRECTION('',(0.E0,0.E0,1.E0));
#2246=DIRECTION('',(1.E0,0.E0,0.E0));
#2247=AXIS2_PLACEMENT_3D('',#2244,#2245,#2246);
#2249=DIRECTION('',(0.E0,0.E0,-1.E0));
#2250=VECTOR('',#2249,6.5E-1);
#2251=CARTESIAN_POINT('',(-3.15E0,0.E0,-1.65E0));
#2252=LINE('',#2251,#2250);
#2253=DIRECTION('',(0.E0,-1.E0,0.E0));
#2254=VECTOR('',#2253,9.E-1);
#2255=CARTESIAN_POINT('',(-3.15E0,0.E0,-1.65E0));
#2256=LINE('',#2255,#2254);
#2257=DIRECTION('',(0.E0,0.E0,-1.E0));
#2258=VECTOR('',#2257,6.5E-1);
#2259=CARTESIAN_POINT('',(-3.15E0,-9.E-1,-1.65E0));
#2260=LINE('',#2259,#2258);
#2261=DIRECTION('',(0.E0,1.E0,0.E0));
#2262=VECTOR('',#2261,9.E-1);
#2263=CARTESIAN_POINT('',(-3.15E0,-9.E-1,-2.3E0));
#2264=LINE('',#2263,#2262);
#2265=CARTESIAN_POINT('',(2.45E0,0.E0,-2.3E0));
#2266=DIRECTION('',(0.E0,-1.E0,0.E0));
#2267=DIRECTION('',(0.E0,0.E0,-1.E0));
#2268=AXIS2_PLACEMENT_3D('',#2265,#2266,#2267);
#2270=DIRECTION('',(0.E0,0.E0,1.E0));
#2271=VECTOR('',#2270,4.E-1);
#2272=CARTESIAN_POINT('',(2.65E0,0.E0,-2.3E0));
#2273=LINE('',#2272,#2271);
#2274=DIRECTION('',(0.E0,-1.E0,0.E0));
#2275=VECTOR('',#2274,1.2E0);
#2276=CARTESIAN_POINT('',(2.65E0,0.E0,-2.3E0));
#2277=LINE('',#2276,#2275);
#2278=DIRECTION('',(0.E0,1.E0,0.E0));
#2279=VECTOR('',#2278,1.2E0);
#2280=CARTESIAN_POINT('',(2.65E0,-1.2E0,-1.9E0));
#2281=LINE('',#2280,#2279);
#2282=DIRECTION('',(7.432941462472E-1,0.E0,-6.689647316225E-1));
#2283=VECTOR('',#2282,4.708768416476E-1);
#2284=CARTESIAN_POINT('',(2.3E0,0.E0,-1.585E0));
#2285=LINE('',#2284,#2283);
#2286=CARTESIAN_POINT('',(2.25E0,2.E-1,-1.65E0));
#2287=DIRECTION('',(0.E0,0.E0,1.E0));
#2288=DIRECTION('',(-1.E0,0.E0,0.E0));
#2289=AXIS2_PLACEMENT_3D('',#2286,#2287,#2288);
#2291=CARTESIAN_POINT('',(2.25E0,0.E0,-1.54E0));
#2292=CARTESIAN_POINT('',(2.215302330017E0,0.E0,-1.508772097015E0));
#2293=CARTESIAN_POINT('',(2.181885610773E0,8.385753280030E-3,
-1.478697049696E0));
#2294=CARTESIAN_POINT('',(2.15E0,2.679491924311E-2,-1.45E0));
#2296=CARTESIAN_POINT('',(2.25E0,2.E-1,-1.45E0));
#2297=DIRECTION('',(0.E0,0.E0,-1.E0));
#2298=DIRECTION('',(-5.E-1,-8.660254037844E-1,0.E0));
#2299=AXIS2_PLACEMENT_3D('',#2296,#2297,#2298);
#2301=DIRECTION('',(0.E0,0.E0,1.E0));
#2302=VECTOR('',#2301,1.999999999391E-1);
#2303=CARTESIAN_POINT('',(2.05E0,2.E-1,-1.649999999939E0));
#2304=LINE('',#2303,#2302);
#2305=DIRECTION('',(0.E0,-1.E0,1.014203535969E-10));
#2306=VECTOR('',#2305,5.999999999997E-1);
#2307=CARTESIAN_POINT('',(2.05E0,7.999999999997E-1,-1.65E0));
#2308=LINE('',#2307,#2306);
#2309=CARTESIAN_POINT('',(0.E0,8.E-1,-1.65E0));
#2310=DIRECTION('',(0.E0,0.E0,-1.E0));
#2311=DIRECTION('',(-1.E0,0.E0,0.E0));
#2312=AXIS2_PLACEMENT_3D('',#2309,#2310,#2311);
#2314=DIRECTION('',(0.E0,1.688649220455E-12,1.E0));
#2315=VECTOR('',#2314,2.E-1);
#2316=CARTESIAN_POINT('',(2.05E0,7.999999999997E-1,-1.65E0));
#2317=LINE('',#2316,#2315);
#2318=CARTESIAN_POINT('',(0.E0,8.E-1,-1.85E0));
#2319=DIRECTION('',(0.E0,0.E0,1.E0));
#2320=DIRECTION('',(1.E0,0.E0,0.E0));
#2321=AXIS2_PLACEMENT_3D('',#2318,#2319,#2320);
#2323=CARTESIAN_POINT('',(-1.85E0,8.E-1,-1.65E0));
#2324=DIRECTION('',(0.E0,1.E0,0.E0));
#2325=DIRECTION('',(0.E0,0.E0,-1.E0));
#2326=AXIS2_PLACEMENT_3D('',#2323,#2324,#2325);
#2328=DIRECTION('',(-1.E0,0.E0,0.E0));
#2329=VECTOR('',#2328,2.491997426020E-1);
#2330=CARTESIAN_POINT('',(-1.900800257398E0,1.5E-1,-1.85E0));
#2331=LINE('',#2330,#2329);
#2332=DIRECTION('',(0.E0,-1.E0,0.E0));
#2333=VECTOR('',#2332,8.5E-1);
#2334=CARTESIAN_POINT('',(-2.15E0,1.E0,-1.85E0));
#2335=LINE('',#2334,#2333);
#2336=CARTESIAN_POINT('',(0.E0,1.E0,-1.85E0));
#2337=DIRECTION('',(0.E0,0.E0,1.E0));
#2338=DIRECTION('',(1.E0,0.E0,0.E0));
#2339=AXIS2_PLACEMENT_3D('',#2336,#2337,#2338);
#2341=DIRECTION('',(0.E0,1.E0,0.E0));
#2342=VECTOR('',#2341,8.5E-1);
#2343=CARTESIAN_POINT('',(2.15E0,1.5E-1,-1.85E0));
#2344=LINE('',#2343,#2342);
#2345=DIRECTION('',(-1.E0,0.E0,0.E0));
#2346=VECTOR('',#2345,2.491997426020E-1);
#2347=CARTESIAN_POINT('',(2.15E0,1.5E-1,-1.85E0));
#2348=LINE('',#2347,#2346);
#2349=DIRECTION('',(0.E0,-1.E0,0.E0));
#2350=VECTOR('',#2349,6.E-1);
#2351=CARTESIAN_POINT('',(1.85E0,8.E-1,-1.85E0));
#2352=LINE('',#2351,#2350);
#2353=CARTESIAN_POINT('',(1.85E0,2.E-1,-1.65E0));
#2354=DIRECTION('',(0.E0,-1.E0,0.E0));
#2355=DIRECTION('',(0.E0,0.E0,-1.E0));
#2356=AXIS2_PLACEMENT_3D('',#2353,#2354,#2355);
#2358=CARTESIAN_POINT('',(1.85E0,8.E-1,-1.65E0));
#2359=DIRECTION('',(0.E0,-1.E0,0.E0));
#2360=DIRECTION('',(0.E0,0.E0,-1.E0));
#2361=AXIS2_PLACEMENT_3D('',#2358,#2359,#2360);
#2363=CARTESIAN_POINT('',(1.85E0,2.E-1,-1.85E0));
#2364=CARTESIAN_POINT('',(1.855739046685E0,1.942609533150E-1,-1.85E0));
#2365=CARTESIAN_POINT('',(1.867124678427E0,1.828758438736E-1,-1.85E0));
#2366=CARTESIAN_POINT('',(1.884013680715E0,1.661712615797E-1,-1.85E0));
#2367=CARTESIAN_POINT('',(1.895207969919E0,1.553320572698E-1,-1.85E0));
#2368=CARTESIAN_POINT('',(1.900800257398E0,1.5E-1,-1.85E0));
#2370=CARTESIAN_POINT('',(1.900800257398E0,1.5E-1,-1.85E0));
#2371=CARTESIAN_POINT('',(1.906317537358E0,1.447394598665E-1,-1.85E0));
#2372=CARTESIAN_POINT('',(1.917149744137E0,1.324938719142E-1,
-1.850516644720E0));
#2373=CARTESIAN_POINT('',(1.933455750602E0,1.090294939778E-1,
-1.854955618944E0));
#2374=CARTESIAN_POINT('',(1.949261623645E0,8.385680102056E-2,
-1.864370043892E0));
#2375=CARTESIAN_POINT('',(1.966063964975E0,5.789877852074E-2,
-1.880174068693E0));
#2376=CARTESIAN_POINT('',(1.984309627639E0,3.374687568468E-2,
-1.903162631117E0));
#2377=CARTESIAN_POINT('',(2.003866719766E0,1.442777981183E-2,
-1.932557107436E0));
#2378=CARTESIAN_POINT('',(2.024253124688E0,2.413908560406E-3,
-1.966412122533E0));
#2379=CARTESIAN_POINT('',(2.037244403572E0,0.E0,-1.988914240460E0));
#2380=CARTESIAN_POINT('',(2.043649167310E0,0.E0,-2.E0));
#2382=DIRECTION('',(-1.E0,0.E0,0.E0));
#2383=VECTOR('',#2382,2.563508326896E-1);
#2384=CARTESIAN_POINT('',(2.3E0,0.E0,-2.E0));
#2385=LINE('',#2384,#2383);
#2386=DIRECTION('',(0.E0,0.E0,-1.E0));
#2387=VECTOR('',#2386,4.15E-1);
#2388=CARTESIAN_POINT('',(2.3E0,0.E0,-1.585E0));
#2389=LINE('',#2388,#2387);
#2390=DIRECTION('',(7.432941462472E-1,0.E0,-6.689647316225E-1));
#2391=VECTOR('',#2390,6.726812023537E-2);
#2392=CARTESIAN_POINT('',(2.25E0,0.E0,-1.54E0));
#2393=LINE('',#2392,#2391);
#2394=DIRECTION('',(3.538422089002E-10,0.E0,1.E0));
#2395=VECTOR('',#2394,1.099999997386E-1);
#2396=CARTESIAN_POINT('',(2.249999999961E0,0.E0,-1.649999999739E0));
#2397=LINE('',#2396,#2395);
#2398=CARTESIAN_POINT('',(1.85E0,0.E0,-1.65E0));
#2399=DIRECTION('',(0.E0,-1.E0,0.E0));
#2400=DIRECTION('',(4.841229182759E-1,0.E0,-8.75E-1));
#2401=AXIS2_PLACEMENT_3D('',#2398,#2399,#2400);
#2403=CARTESIAN_POINT('',(2.15E0,1.5E-1,-1.85E0));
#2404=CARTESIAN_POINT('',(2.15E0,1.420164611216E-1,-1.85E0));
#2405=CARTESIAN_POINT('',(2.151289542261E0,1.257765196785E-1,
-1.851289542261E0));
#2406=CARTESIAN_POINT('',(2.157277276966E0,1.015535130321E-1,
-1.857277276966E0));
#2407=CARTESIAN_POINT('',(2.167826873033E0,7.735458031155E-2,
-1.867826873033E0));
#2408=CARTESIAN_POINT('',(2.183541114502E0,5.399440070348E-2,
-1.883541114502E0));
#2409=CARTESIAN_POINT('',(2.204632431914E0,3.288267076172E-2,
-1.904632431914E0));
#2410=CARTESIAN_POINT('',(2.231145054575E0,1.536420950610E-2,
-1.931145054575E0));
#2411=CARTESIAN_POINT('',(2.263540959047E0,3.070697341166E-3,
-1.963540959047E0));
#2412=CARTESIAN_POINT('',(2.287495161206E0,0.E0,-1.987495161206E0));
#2413=CARTESIAN_POINT('',(2.3E0,0.E0,-2.E0));
#2415=DIRECTION('',(0.E0,0.E0,-1.E0));
#2416=VECTOR('',#2415,1.9E0);
#2417=CARTESIAN_POINT('',(2.15E0,1.5E-1,5.E-2));
#2418=LINE('',#2417,#2416);
#2419=DIRECTION('',(0.E0,0.E0,-1.E0));
#2420=VECTOR('',#2419,1.9E0);
#2421=CARTESIAN_POINT('',(2.15E0,1.E0,5.E-2));
#2422=LINE('',#2421,#2420);
#2423=CARTESIAN_POINT('',(3.05E0,3.6E0,5.E-2));
#2424=DIRECTION('',(0.E0,0.E0,1.E0));
#2425=DIRECTION('',(1.E0,0.E0,0.E0));
#2426=AXIS2_PLACEMENT_3D('',#2423,#2424,#2425);
#2428=DIRECTION('',(1.E0,0.E0,0.E0));
#2429=VECTOR('',#2428,1.05E0);
#2430=CARTESIAN_POINT('',(2.3E0,0.E0,5.E-2));
#2431=LINE('',#2430,#2429);
#2432=CARTESIAN_POINT('',(2.3E0,1.5E-1,5.E-2));
#2433=DIRECTION('',(0.E0,0.E0,1.E0));
#2434=DIRECTION('',(-1.E0,0.E0,0.E0));
#2435=AXIS2_PLACEMENT_3D('',#2432,#2433,#2434);
#2437=DIRECTION('',(0.E0,1.E0,0.E0));
#2438=VECTOR('',#2437,8.5E-1);
#2439=CARTESIAN_POINT('',(2.15E0,1.5E-1,5.E-2));
#2440=LINE('',#2439,#2438);
#2441=CARTESIAN_POINT('',(0.E0,1.E0,5.E-2));
#2442=DIRECTION('',(0.E0,0.E0,1.E0));
#2443=DIRECTION('',(1.E0,0.E0,0.E0));
#2444=AXIS2_PLACEMENT_3D('',#2441,#2442,#2443);
#2446=DIRECTION('',(0.E0,1.E0,0.E0));
#2447=VECTOR('',#2446,8.5E-1);
#2448=CARTESIAN_POINT('',(-2.15E0,1.5E-1,5.E-2));
#2449=LINE('',#2448,#2447);
#2450=CARTESIAN_POINT('',(-2.3E0,1.5E-1,5.E-2));
#2451=DIRECTION('',(0.E0,0.E0,1.E0));
#2452=DIRECTION('',(0.E0,-1.E0,0.E0));
#2453=AXIS2_PLACEMENT_3D('',#2450,#2451,#2452);
#2455=DIRECTION('',(1.E0,0.E0,0.E0));
#2456=VECTOR('',#2455,1.05E0);
#2457=CARTESIAN_POINT('',(-3.35E0,0.E0,5.E-2));
#2458=LINE('',#2457,#2456);
#2459=CARTESIAN_POINT('',(-3.05E0,3.6E0,5.E-2));
#2460=DIRECTION('',(0.E0,0.E0,1.E0));
#2461=DIRECTION('',(0.E0,1.E0,0.E0));
#2462=AXIS2_PLACEMENT_3D('',#2459,#2460,#2461);
#2464=DIRECTION('',(1.E0,0.E0,0.E0));
#2465=VECTOR('',#2464,6.1E0);
#2466=CARTESIAN_POINT('',(-3.05E0,3.9E0,5.E-2));
#2467=LINE('',#2466,#2465);
#2468=CARTESIAN_POINT('',(3.05E0,3.6E0,-2.99E0));
#2469=DIRECTION('',(0.E0,0.E0,-1.E0));
#2470=DIRECTION('',(0.E0,1.E0,0.E0));
#2471=AXIS2_PLACEMENT_3D('',#2468,#2469,#2470);
#2473=CARTESIAN_POINT('',(-3.05E0,3.6E0,-2.99E0));
#2474=DIRECTION('',(0.E0,0.E0,-1.E0));
#2475=DIRECTION('',(-1.E0,0.E0,0.E0));
#2476=AXIS2_PLACEMENT_3D('',#2473,#2474,#2475);
#2478=DIRECTION('',(1.E0,0.E0,0.E0));
#2479=VECTOR('',#2478,6.7E0);
#2480=CARTESIAN_POINT('',(-3.35E0,0.E0,-2.99E0));
#2481=LINE('',#2480,#2479);
#2482=DIRECTION('',(0.E0,0.E0,-1.E0));
#2483=VECTOR('',#2482,3.04E0);
#2484=CARTESIAN_POINT('',(3.05E0,3.9E0,5.E-2));
#2485=LINE('',#2484,#2483);
#2486=DIRECTION('',(0.E0,0.E0,-1.E0));
#2487=VECTOR('',#2486,3.04E0);
#2488=CARTESIAN_POINT('',(-3.05E0,3.9E0,5.E-2));
#2489=LINE('',#2488,#2487);
#2490=DIRECTION('',(1.E0,0.E0,0.E0));
#2491=VECTOR('',#2490,6.1E0);
#2492=CARTESIAN_POINT('',(-3.05E0,3.9E0,-2.99E0));
#2493=LINE('',#2492,#2491);
#2494=DIRECTION('',(0.E0,0.E0,-1.E0));
#2495=VECTOR('',#2494,3.04E0);
#2496=CARTESIAN_POINT('',(-3.35E0,3.6E0,5.E-2));
#2497=LINE('',#2496,#2495);
#2498=DIRECTION('',(0.E0,-1.E0,0.E0));
#2499=VECTOR('',#2498,3.6E0);
#2500=CARTESIAN_POINT('',(-3.35E0,3.6E0,5.E-2));
#2501=LINE('',#2500,#2499);
#2502=DIRECTION('',(0.E0,1.E0,0.E0));
#2503=VECTOR('',#2502,3.6E0);
#2504=CARTESIAN_POINT('',(-3.35E0,0.E0,-2.99E0));
#2505=LINE('',#2504,#2503);
#2506=DIRECTION('',(0.E0,0.E0,-1.E0));
#2507=VECTOR('',#2506,3.04E0);
#2508=CARTESIAN_POINT('',(3.35E0,3.6E0,5.E-2));
#2509=LINE('',#2508,#2507);
#2510=DIRECTION('',(0.E0,-1.E0,0.E0));
#2511=VECTOR('',#2510,3.6E0);
#2512=CARTESIAN_POINT('',(3.35E0,3.6E0,-2.99E0));
#2513=LINE('',#2512,#2511);
#2514=DIRECTION('',(0.E0,0.E0,1.E0));
#2515=VECTOR('',#2514,3.04E0);
#2516=CARTESIAN_POINT('',(3.35E0,0.E0,-2.99E0));
#2517=LINE('',#2516,#2515);
#2518=DIRECTION('',(0.E0,1.E0,0.E0));
#2519=VECTOR('',#2518,3.6E0);
#2520=CARTESIAN_POINT('',(3.35E0,0.E0,5.E-2));
#2521=LINE('',#2520,#2519);
#2522=DIRECTION('',(0.E0,0.E0,1.E0));
#2523=VECTOR('',#2522,1.9E0);
#2524=CARTESIAN_POINT('',(-2.15E0,1.5E-1,-1.85E0));
#2525=LINE('',#2524,#2523);
#2526=DIRECTION('',(0.E0,0.E0,-1.E0));
#2527=VECTOR('',#2526,1.9E0);
#2528=CARTESIAN_POINT('',(-2.15E0,1.E0,5.E-2));
#2529=LINE('',#2528,#2527);
#2530=DIRECTION('',(0.E0,0.E0,1.E0));
#2531=VECTOR('',#2530,5.5E-1);
#2532=CARTESIAN_POINT('',(-2.3E0,0.E0,-2.E0));
#2533=LINE('',#2532,#2531);
#2534=DIRECTION('',(-1.E0,0.E0,0.E0));
#2535=VECTOR('',#2534,2.563508326896E-1);
#2536=CARTESIAN_POINT('',(-2.043649167310E0,0.E0,-2.E0));
#2537=LINE('',#2536,#2535);
#2538=CARTESIAN_POINT('',(-1.85E0,0.E0,-1.65E0));
#2539=DIRECTION('',(0.E0,1.E0,0.E0));
#2540=DIRECTION('',(-4.841229182759E-1,0.E0,-8.75E-1));
#2541=AXIS2_PLACEMENT_3D('',#2538,#2539,#2540);
#2543=DIRECTION('',(-1.911404368790E-10,0.E0,1.E0));
#2544=VECTOR('',#2543,1.999999999295E-1);
#2545=CARTESIAN_POINT('',(-2.249999999962E0,0.E0,-1.649999999929E0));
#2546=LINE('',#2545,#2544);
#2547=CARTESIAN_POINT('',(-2.15E0,1.5E-1,-1.85E0));
#2548=CARTESIAN_POINT('',(-2.15E0,1.420164611216E-1,-1.85E0));
#2549=CARTESIAN_POINT('',(-2.151289542261E0,1.257765196785E-1,
-1.851289542261E0));
#2550=CARTESIAN_POINT('',(-2.157277276966E0,1.015535130321E-1,
-1.857277276966E0));
#2551=CARTESIAN_POINT('',(-2.167826873033E0,7.735458031155E-2,
-1.867826873033E0));
#2552=CARTESIAN_POINT('',(-2.183541114502E0,5.399440070348E-2,
-1.883541114502E0));
#2553=CARTESIAN_POINT('',(-2.204632431914E0,3.288267076172E-2,
-1.904632431914E0));
#2554=CARTESIAN_POINT('',(-2.231145054575E0,1.536420950610E-2,
-1.931145054575E0));
#2555=CARTESIAN_POINT('',(-2.263540959047E0,3.070697341166E-3,
-1.963540959047E0));
#2556=CARTESIAN_POINT('',(-2.287495161206E0,0.E0,-1.987495161206E0));
#2557=CARTESIAN_POINT('',(-2.3E0,0.E0,-2.E0));
#2559=CARTESIAN_POINT('',(-1.900800257398E0,1.5E-1,-1.85E0));
#2560=CARTESIAN_POINT('',(-1.895207969919E0,1.553320572698E-1,-1.85E0));
#2561=CARTESIAN_POINT('',(-1.884013680715E0,1.661712615797E-1,-1.85E0));
#2562=CARTESIAN_POINT('',(-1.867124678427E0,1.828758438736E-1,-1.85E0));
#2563=CARTESIAN_POINT('',(-1.855739046685E0,1.942609533150E-1,-1.85E0));
#2564=CARTESIAN_POINT('',(-1.85E0,2.E-1,-1.85E0));
#2566=CARTESIAN_POINT('',(-2.043649167310E0,0.E0,-2.E0));
#2567=CARTESIAN_POINT('',(-2.037199060539E0,0.E0,-1.988835757945E0));
#2568=CARTESIAN_POINT('',(-2.024082216034E0,2.431974639315E-3,
-1.966111201759E0));
#2569=CARTESIAN_POINT('',(-2.003252169061E0,1.486660662967E-2,
-1.931556329980E0));
#2570=CARTESIAN_POINT('',(-1.983482746942E0,3.470927644476E-2,
-1.902002565349E0));
#2571=CARTESIAN_POINT('',(-1.965286225916E0,5.904544420727E-2,
-1.879325606002E0));
#2572=CARTESIAN_POINT('',(-1.948669465254E0,8.480891916400E-2,
-1.863940185060E0));
#2573=CARTESIAN_POINT('',(-1.933068889569E0,1.096151392324E-1,
-1.854818192003E0));
#2574=CARTESIAN_POINT('',(-1.917001114311E0,1.326648837167E-1,
-1.850512284925E0));
#2575=CARTESIAN_POINT('',(-1.906274655369E0,1.447803463951E-1,-1.85E0));
#2576=CARTESIAN_POINT('',(-1.900800257398E0,1.5E-1,-1.85E0));
#2578=DIRECTION('',(0.E0,1.E0,0.E0));
#2579=VECTOR('',#2578,6.E-1);
#2580=CARTESIAN_POINT('',(-1.85E0,2.E-1,-1.85E0));
#2581=LINE('',#2580,#2579);
#2582=CARTESIAN_POINT('',(-1.85E0,2.E-1,-1.65E0));
#2583=DIRECTION('',(0.E0,1.E0,0.E0));
#2584=DIRECTION('',(0.E0,0.E0,-1.E0));
#2585=AXIS2_PLACEMENT_3D('',#2582,#2583,#2584);
#2587=DIRECTION('',(0.E0,0.E0,1.E0));
#2588=VECTOR('',#2587,1.999999999466E-1);
#2589=CARTESIAN_POINT('',(-2.05E0,2.E-1,-1.649999999947E0));
#2590=LINE('',#2589,#2588);
#2591=DIRECTION('',(0.E0,1.E0,-8.898992653902E-11));
#2592=VECTOR('',#2591,5.999999999987E-1);
#2593=CARTESIAN_POINT('',(-2.05E0,2.E-1,-1.649999999947E0));
#2594=LINE('',#2593,#2592);
#2595=DIRECTION('',(0.E0,6.566414079145E-12,1.E0));
#2596=VECTOR('',#2595,2.E-1);
#2597=CARTESIAN_POINT('',(-2.05E0,7.999999999987E-1,-1.65E0));
#2598=LINE('',#2597,#2596);
#2599=CARTESIAN_POINT('',(-2.25E0,2.E-1,-1.65E0));
#2600=DIRECTION('',(0.E0,0.E0,1.E0));
#2601=DIRECTION('',(0.E0,-1.E0,0.E0));
#2602=AXIS2_PLACEMENT_3D('',#2599,#2600,#2601);
#2604=CARTESIAN_POINT('',(-2.25E0,2.E-1,-1.45E0));
#2605=DIRECTION('',(0.E0,0.E0,-1.E0));
#2606=DIRECTION('',(1.E0,0.E0,0.E0));
#2607=AXIS2_PLACEMENT_3D('',#2604,#2605,#2606);
#2609=DIRECTION('',(0.E0,0.E0,-1.E0));
#2610=VECTOR('',#2609,4.092522711888E-1);
#2611=CARTESIAN_POINT('',(1.55E0,-7.E-1,-2.5E0));
#2612=LINE('',#2611,#2610);
#2613=DIRECTION('',(0.E0,-8.660254037844E-1,-5.E-1));
#2614=VECTOR('',#2613,7.216878364870E-1);
#2615=CARTESIAN_POINT('',(1.55E0,-7.25E-1,-2.952553541378E0));
#2616=LINE('',#2615,#2614);
#2617=CARTESIAN_POINT('',(1.55E0,-1.2E0,-3.573205080757E0));
#2618=DIRECTION('',(-1.E0,0.E0,0.E0));
#2619=DIRECTION('',(0.E0,-1.E0,0.E0));
#2620=AXIS2_PLACEMENT_3D('',#2617,#2618,#2619);
#2622=DIRECTION('',(0.E0,0.E0,-1.E0));
#2623=VECTOR('',#2622,4.767949192431E-1);
#2624=CARTESIAN_POINT('',(1.55E0,-1.5E0,-3.573205080757E0));
#2625=LINE('',#2624,#2623);
#2626=DIRECTION('',(0.E0,1.E0,0.E0));
#2627=VECTOR('',#2626,2.5E-1);
#2628=CARTESIAN_POINT('',(1.55E0,-1.5E0,-4.05E0));
#2629=LINE('',#2628,#2627);
#2630=DIRECTION('',(0.E0,0.E0,1.E0));
#2631=VECTOR('',#2630,4.767949192431E-1);
#2632=CARTESIAN_POINT('',(1.55E0,-1.25E0,-4.05E0));
#2633=LINE('',#2632,#2631);
#2634=DIRECTION('',(0.E0,8.660254037844E-1,5.E-1));
#2635=VECTOR('',#2634,7.216878364870E-1);
#2636=CARTESIAN_POINT('',(1.55E0,-1.225E0,-3.529903810568E0));
#2637=LINE('',#2636,#2635);
#2638=CARTESIAN_POINT('',(1.55E0,-7.5E-1,-2.909252271189E0));
#2639=DIRECTION('',(-1.E0,0.E0,0.E0));
#2640=DIRECTION('',(0.E0,1.E0,0.E0));
#2641=AXIS2_PLACEMENT_3D('',#2638,#2639,#2640);
#2643=DIRECTION('',(0.E0,0.E0,1.E0));
#2644=VECTOR('',#2643,4.092522711888E-1);
#2645=CARTESIAN_POINT('',(1.55E0,-4.5E-1,-2.909252271189E0));
#2646=LINE('',#2645,#2644);
#2647=DIRECTION('',(1.E0,0.E0,0.E0));
#2648=VECTOR('',#2647,6.E-1);
#2649=CARTESIAN_POINT('',(1.55E0,-7.E-1,-2.909252271189E0));
#2650=LINE('',#2649,#2648);
#2651=DIRECTION('',(0.E0,0.E0,1.E0));
#2652=VECTOR('',#2651,4.092522711888E-1);
#2653=CARTESIAN_POINT('',(2.15E0,-4.5E-1,-2.909252271189E0));
#2654=LINE('',#2653,#2652);
#2655=CARTESIAN_POINT('',(2.15E0,-7.5E-1,-2.909252271189E0));
#2656=DIRECTION('',(1.E0,0.E0,0.E0));
#2657=DIRECTION('',(0.E0,5.E-1,-8.660254037844E-1));
#2658=AXIS2_PLACEMENT_3D('',#2655,#2656,#2657);
#2660=DIRECTION('',(0.E0,8.660254037844E-1,5.E-1));
#2661=VECTOR('',#2660,7.216878364870E-1);
#2662=CARTESIAN_POINT('',(2.15E0,-1.225E0,-3.529903810568E0));
#2663=LINE('',#2662,#2661);
#2664=DIRECTION('',(0.E0,0.E0,1.E0));
#2665=VECTOR('',#2664,4.767949192431E-1);
#2666=CARTESIAN_POINT('',(2.15E0,-1.25E0,-4.05E0));
#2667=LINE('',#2666,#2665);
#2668=DIRECTION('',(0.E0,1.E0,0.E0));
#2669=VECTOR('',#2668,2.5E-1);
#2670=CARTESIAN_POINT('',(2.15E0,-1.5E0,-4.05E0));
#2671=LINE('',#2670,#2669);
#2672=DIRECTION('',(0.E0,0.E0,-1.E0));
#2673=VECTOR('',#2672,4.767949192431E-1);
#2674=CARTESIAN_POINT('',(2.15E0,-1.5E0,-3.573205080757E0));
#2675=LINE('',#2674,#2673);
#2676=CARTESIAN_POINT('',(2.15E0,-1.2E0,-3.573205080757E0));
#2677=DIRECTION('',(1.E0,0.E0,0.E0));
#2678=DIRECTION('',(0.E0,-5.E-1,8.660254037844E-1));
#2679=AXIS2_PLACEMENT_3D('',#2676,#2677,#2678);
#2681=DIRECTION('',(0.E0,-8.660254037844E-1,-5.E-1));
#2682=VECTOR('',#2681,7.216878364870E-1);
#2683=CARTESIAN_POINT('',(2.15E0,-7.25E-1,-2.952553541378E0));
#2684=LINE('',#2683,#2682);
#2685=DIRECTION('',(0.E0,0.E0,-1.E0));
#2686=VECTOR('',#2685,4.092522711888E-1);
#2687=CARTESIAN_POINT('',(2.15E0,-7.E-1,-2.5E0));
#2688=LINE('',#2687,#2686);
#2689=DIRECTION('',(-1.E0,0.E0,0.E0));
#2690=VECTOR('',#2689,6.E-1);
#2691=CARTESIAN_POINT('',(2.15E0,-4.5E-1,-2.909252271189E0));
#2692=LINE('',#2691,#2690);
#2693=DIRECTION('',(1.E0,0.E0,0.E0));
#2694=VECTOR('',#2693,6.E-1);
#2695=CARTESIAN_POINT('',(1.55E0,-1.225E0,-3.529903810568E0));
#2696=LINE('',#2695,#2694);
#2697=DIRECTION('',(-1.E0,0.E0,0.E0));
#2698=VECTOR('',#2697,6.E-1);
#2699=CARTESIAN_POINT('',(2.15E0,-6.E-1,-3.169059892324E0));
#2700=LINE('',#2699,#2698);
#2701=CARTESIAN_POINT('',(1.55E0,-1.2E0,-3.573205080757E0));
#2702=DIRECTION('',(1.E0,0.E0,0.E0));
#2703=DIRECTION('',(0.E0,-5.E-1,8.660254037844E-1));
#2704=AXIS2_PLACEMENT_3D('',#2701,#2702,#2703);
#2706=CARTESIAN_POINT('',(2.15E0,-1.2E0,-3.573205080757E0));
#2707=DIRECTION('',(-1.E0,0.E0,0.E0));
#2708=DIRECTION('',(0.E0,-1.E0,0.E0));
#2709=AXIS2_PLACEMENT_3D('',#2706,#2707,#2708);
#2711=DIRECTION('',(1.E0,0.E0,0.E0));
#2712=VECTOR('',#2711,6.E-1);
#2713=CARTESIAN_POINT('',(1.55E0,-1.25E0,-3.573205080757E0));
#2714=LINE('',#2713,#2712);
#2715=DIRECTION('',(1.E0,0.E0,0.E0));
#2716=VECTOR('',#2715,6.E-1);
#2717=CARTESIAN_POINT('',(1.55E0,-1.25E0,-4.05E0));
#2718=LINE('',#2717,#2716);
#2719=DIRECTION('',(1.E0,0.E0,0.E0));
#2720=VECTOR('',#2719,6.E-1);
#2721=CARTESIAN_POINT('',(1.55E0,-1.5E0,-4.05E0));
#2722=LINE('',#2721,#2720);
#2723=DIRECTION('',(-1.E0,0.E0,0.E0));
#2724=VECTOR('',#2723,6.E-1);
#2725=CARTESIAN_POINT('',(2.15E0,-1.5E0,-3.573205080757E0));
#2726=LINE('',#2725,#2724);
#2727=DIRECTION('',(1.E0,0.E0,0.E0));
#2728=VECTOR('',#2727,6.E-1);
#2729=CARTESIAN_POINT('',(1.55E0,-7.25E-1,-2.952553541378E0));
#2730=LINE('',#2729,#2728);
#2731=DIRECTION('',(-1.E0,0.E0,0.E0));
#2732=VECTOR('',#2731,6.E-1);
#2733=CARTESIAN_POINT('',(2.15E0,-1.35E0,-3.313397459622E0));
#2734=LINE('',#2733,#2732);
#2735=CARTESIAN_POINT('',(1.55E0,-7.5E-1,-2.909252271189E0));
#2736=DIRECTION('',(1.E0,0.E0,0.E0));
#2737=DIRECTION('',(0.E0,5.E-1,-8.660254037844E-1));
#2738=AXIS2_PLACEMENT_3D('',#2735,#2736,#2737);
#2740=CARTESIAN_POINT('',(2.15E0,-7.5E-1,-2.909252271189E0));
#2741=DIRECTION('',(-1.E0,0.E0,0.E0));
#2742=DIRECTION('',(0.E0,1.E0,0.E0));
#2743=AXIS2_PLACEMENT_3D('',#2740,#2741,#2742);
#2745=DIRECTION('',(0.E0,0.E0,-1.E0));
#2746=VECTOR('',#2745,4.092522711888E-1);
#2747=CARTESIAN_POINT('',(-3.E-1,-7.E-1,-2.5E0));
#2748=LINE('',#2747,#2746);
#2749=DIRECTION('',(0.E0,-8.660254037844E-1,-5.E-1));
#2750=VECTOR('',#2749,7.216878364870E-1);
#2751=CARTESIAN_POINT('',(-3.E-1,-7.25E-1,-2.952553541378E0));
#2752=LINE('',#2751,#2750);
#2753=CARTESIAN_POINT('',(-3.E-1,-1.2E0,-3.573205080757E0));
#2754=DIRECTION('',(-1.E0,0.E0,0.E0));
#2755=DIRECTION('',(0.E0,-1.E0,0.E0));
#2756=AXIS2_PLACEMENT_3D('',#2753,#2754,#2755);
#2758=DIRECTION('',(0.E0,0.E0,-1.E0));
#2759=VECTOR('',#2758,4.767949192431E-1);
#2760=CARTESIAN_POINT('',(-3.E-1,-1.5E0,-3.573205080757E0));
#2761=LINE('',#2760,#2759);
#2762=DIRECTION('',(0.E0,1.E0,0.E0));
#2763=VECTOR('',#2762,2.5E-1);
#2764=CARTESIAN_POINT('',(-3.E-1,-1.5E0,-4.05E0));
#2765=LINE('',#2764,#2763);
#2766=DIRECTION('',(0.E0,0.E0,1.E0));
#2767=VECTOR('',#2766,4.767949192431E-1);
#2768=CARTESIAN_POINT('',(-3.E-1,-1.25E0,-4.05E0));
#2769=LINE('',#2768,#2767);
#2770=DIRECTION('',(0.E0,8.660254037844E-1,5.E-1));
#2771=VECTOR('',#2770,7.216878364870E-1);
#2772=CARTESIAN_POINT('',(-3.E-1,-1.225E0,-3.529903810568E0));
#2773=LINE('',#2772,#2771);
#2774=CARTESIAN_POINT('',(-3.E-1,-7.5E-1,-2.909252271189E0));
#2775=DIRECTION('',(-1.E0,0.E0,0.E0));
#2776=DIRECTION('',(0.E0,1.E0,0.E0));
#2777=AXIS2_PLACEMENT_3D('',#2774,#2775,#2776);
#2779=DIRECTION('',(0.E0,0.E0,1.E0));
#2780=VECTOR('',#2779,4.092522711888E-1);
#2781=CARTESIAN_POINT('',(-3.E-1,-4.5E-1,-2.909252271189E0));
#2782=LINE('',#2781,#2780);
#2783=DIRECTION('',(1.E0,0.E0,0.E0));
#2784=VECTOR('',#2783,6.E-1);
#2785=CARTESIAN_POINT('',(-3.E-1,-7.E-1,-2.909252271189E0));
#2786=LINE('',#2785,#2784);
#2787=DIRECTION('',(0.E0,0.E0,1.E0));
#2788=VECTOR('',#2787,4.092522711888E-1);
#2789=CARTESIAN_POINT('',(3.E-1,-4.5E-1,-2.909252271189E0));
#2790=LINE('',#2789,#2788);
#2791=CARTESIAN_POINT('',(3.E-1,-7.5E-1,-2.909252271189E0));
#2792=DIRECTION('',(1.E0,0.E0,0.E0));
#2793=DIRECTION('',(0.E0,5.E-1,-8.660254037844E-1));
#2794=AXIS2_PLACEMENT_3D('',#2791,#2792,#2793);
#2796=DIRECTION('',(0.E0,8.660254037844E-1,5.E-1));
#2797=VECTOR('',#2796,7.216878364870E-1);
#2798=CARTESIAN_POINT('',(3.E-1,-1.225E0,-3.529903810568E0));
#2799=LINE('',#2798,#2797);
#2800=DIRECTION('',(0.E0,0.E0,1.E0));
#2801=VECTOR('',#2800,4.767949192431E-1);
#2802=CARTESIAN_POINT('',(3.E-1,-1.25E0,-4.05E0));
#2803=LINE('',#2802,#2801);
#2804=DIRECTION('',(0.E0,1.E0,0.E0));
#2805=VECTOR('',#2804,2.5E-1);
#2806=CARTESIAN_POINT('',(3.E-1,-1.5E0,-4.05E0));
#2807=LINE('',#2806,#2805);
#2808=DIRECTION('',(0.E0,0.E0,-1.E0));
#2809=VECTOR('',#2808,4.767949192431E-1);
#2810=CARTESIAN_POINT('',(3.E-1,-1.5E0,-3.573205080757E0));
#2811=LINE('',#2810,#2809);
#2812=CARTESIAN_POINT('',(3.E-1,-1.2E0,-3.573205080757E0));
#2813=DIRECTION('',(1.E0,0.E0,0.E0));
#2814=DIRECTION('',(0.E0,-5.E-1,8.660254037844E-1));
#2815=AXIS2_PLACEMENT_3D('',#2812,#2813,#2814);
#2817=DIRECTION('',(0.E0,-8.660254037844E-1,-5.E-1));
#2818=VECTOR('',#2817,7.216878364870E-1);
#2819=CARTESIAN_POINT('',(3.E-1,-7.25E-1,-2.952553541378E0));
#2820=LINE('',#2819,#2818);
#2821=DIRECTION('',(0.E0,0.E0,-1.E0));
#2822=VECTOR('',#2821,4.092522711888E-1);
#2823=CARTESIAN_POINT('',(3.E-1,-7.E-1,-2.5E0));
#2824=LINE('',#2823,#2822);
#2825=DIRECTION('',(-1.E0,0.E0,0.E0));
#2826=VECTOR('',#2825,6.E-1);
#2827=CARTESIAN_POINT('',(3.E-1,-4.5E-1,-2.909252271189E0));
#2828=LINE('',#2827,#2826);
#2829=DIRECTION('',(1.E0,0.E0,0.E0));
#2830=VECTOR('',#2829,6.E-1);
#2831=CARTESIAN_POINT('',(-3.E-1,-1.225E0,-3.529903810568E0));
#2832=LINE('',#2831,#2830);
#2833=DIRECTION('',(-1.E0,0.E0,0.E0));
#2834=VECTOR('',#2833,6.E-1);
#2835=CARTESIAN_POINT('',(3.E-1,-6.E-1,-3.169059892324E0));
#2836=LINE('',#2835,#2834);
#2837=CARTESIAN_POINT('',(-3.E-1,-1.2E0,-3.573205080757E0));
#2838=DIRECTION('',(1.E0,0.E0,0.E0));
#2839=DIRECTION('',(0.E0,-5.E-1,8.660254037844E-1));
#2840=AXIS2_PLACEMENT_3D('',#2837,#2838,#2839);
#2842=CARTESIAN_POINT('',(3.E-1,-1.2E0,-3.573205080757E0));
#2843=DIRECTION('',(-1.E0,0.E0,0.E0));
#2844=DIRECTION('',(0.E0,-1.E0,0.E0));
#2845=AXIS2_PLACEMENT_3D('',#2842,#2843,#2844);
#2847=DIRECTION('',(1.E0,0.E0,0.E0));
#2848=VECTOR('',#2847,6.E-1);
#2849=CARTESIAN_POINT('',(-3.E-1,-1.25E0,-3.573205080757E0));
#2850=LINE('',#2849,#2848);
#2851=DIRECTION('',(1.E0,0.E0,0.E0));
#2852=VECTOR('',#2851,6.E-1);
#2853=CARTESIAN_POINT('',(-3.E-1,-1.25E0,-4.05E0));
#2854=LINE('',#2853,#2852);
#2855=DIRECTION('',(1.E0,0.E0,0.E0));
#2856=VECTOR('',#2855,6.E-1);
#2857=CARTESIAN_POINT('',(-3.E-1,-1.5E0,-4.05E0));
#2858=LINE('',#2857,#2856);
#2859=DIRECTION('',(-1.E0,0.E0,0.E0));
#2860=VECTOR('',#2859,6.E-1);
#2861=CARTESIAN_POINT('',(3.E-1,-1.5E0,-3.573205080757E0));
#2862=LINE('',#2861,#2860);
#2863=DIRECTION('',(1.E0,0.E0,0.E0));
#2864=VECTOR('',#2863,6.E-1);
#2865=CARTESIAN_POINT('',(-3.E-1,-7.25E-1,-2.952553541378E0));
#2866=LINE('',#2865,#2864);
#2867=DIRECTION('',(-1.E0,0.E0,0.E0));
#2868=VECTOR('',#2867,6.E-1);
#2869=CARTESIAN_POINT('',(3.E-1,-1.35E0,-3.313397459622E0));
#2870=LINE('',#2869,#2868);
#2871=CARTESIAN_POINT('',(-3.E-1,-7.5E-1,-2.909252271189E0));
#2872=DIRECTION('',(1.E0,0.E0,0.E0));
#2873=DIRECTION('',(0.E0,5.E-1,-8.660254037844E-1));
#2874=AXIS2_PLACEMENT_3D('',#2871,#2872,#2873);
#2876=CARTESIAN_POINT('',(3.E-1,-7.5E-1,-2.909252271189E0));
#2877=DIRECTION('',(-1.E0,0.E0,0.E0));
#2878=DIRECTION('',(0.E0,1.E0,0.E0));
#2879=AXIS2_PLACEMENT_3D('',#2876,#2877,#2878);
#2881=DIRECTION('',(0.E0,0.E0,-1.E0));
#2882=VECTOR('',#2881,4.092522711888E-1);
#2883=CARTESIAN_POINT('',(-2.15E0,-7.E-1,-2.5E0));
#2884=LINE('',#2883,#2882);
#2885=DIRECTION('',(0.E0,-8.660254037844E-1,-5.E-1));
#2886=VECTOR('',#2885,7.216878364870E-1);
#2887=CARTESIAN_POINT('',(-2.15E0,-7.25E-1,-2.952553541378E0));
#2888=LINE('',#2887,#2886);
#2889=CARTESIAN_POINT('',(-2.15E0,-1.2E0,-3.573205080757E0));
#2890=DIRECTION('',(-1.E0,0.E0,0.E0));
#2891=DIRECTION('',(0.E0,-1.E0,0.E0));
#2892=AXIS2_PLACEMENT_3D('',#2889,#2890,#2891);
#2894=DIRECTION('',(0.E0,0.E0,-1.E0));
#2895=VECTOR('',#2894,4.767949192431E-1);
#2896=CARTESIAN_POINT('',(-2.15E0,-1.5E0,-3.573205080757E0));
#2897=LINE('',#2896,#2895);
#2898=DIRECTION('',(0.E0,1.E0,0.E0));
#2899=VECTOR('',#2898,2.5E-1);
#2900=CARTESIAN_POINT('',(-2.15E0,-1.5E0,-4.05E0));
#2901=LINE('',#2900,#2899);
#2902=DIRECTION('',(0.E0,0.E0,1.E0));
#2903=VECTOR('',#2902,4.767949192431E-1);
#2904=CARTESIAN_POINT('',(-2.15E0,-1.25E0,-4.05E0));
#2905=LINE('',#2904,#2903);
#2906=DIRECTION('',(0.E0,8.660254037844E-1,5.E-1));
#2907=VECTOR('',#2906,7.216878364870E-1);
#2908=CARTESIAN_POINT('',(-2.15E0,-1.225E0,-3.529903810568E0));
#2909=LINE('',#2908,#2907);
#2910=CARTESIAN_POINT('',(-2.15E0,-7.5E-1,-2.909252271189E0));
#2911=DIRECTION('',(-1.E0,0.E0,0.E0));
#2912=DIRECTION('',(0.E0,1.E0,0.E0));
#2913=AXIS2_PLACEMENT_3D('',#2910,#2911,#2912);
#2915=DIRECTION('',(0.E0,0.E0,1.E0));
#2916=VECTOR('',#2915,4.092522711888E-1);
#2917=CARTESIAN_POINT('',(-2.15E0,-4.5E-1,-2.909252271189E0));
#2918=LINE('',#2917,#2916);
#2919=DIRECTION('',(1.E0,0.E0,0.E0));
#2920=VECTOR('',#2919,6.E-1);
#2921=CARTESIAN_POINT('',(-2.15E0,-7.E-1,-2.909252271189E0));
#2922=LINE('',#2921,#2920);
#2923=DIRECTION('',(0.E0,0.E0,1.E0));
#2924=VECTOR('',#2923,4.092522711888E-1);
#2925=CARTESIAN_POINT('',(-1.55E0,-4.5E-1,-2.909252271189E0));
#2926=LINE('',#2925,#2924);
#2927=CARTESIAN_POINT('',(-1.55E0,-7.5E-1,-2.909252271189E0));
#2928=DIRECTION('',(1.E0,0.E0,0.E0));
#2929=DIRECTION('',(0.E0,5.E-1,-8.660254037844E-1));
#2930=AXIS2_PLACEMENT_3D('',#2927,#2928,#2929);
#2932=DIRECTION('',(0.E0,8.660254037844E-1,5.E-1));
#2933=VECTOR('',#2932,7.216878364870E-1);
#2934=CARTESIAN_POINT('',(-1.55E0,-1.225E0,-3.529903810568E0));
#2935=LINE('',#2934,#2933);
#2936=DIRECTION('',(0.E0,0.E0,1.E0));
#2937=VECTOR('',#2936,4.767949192431E-1);
#2938=CARTESIAN_POINT('',(-1.55E0,-1.25E0,-4.05E0));
#2939=LINE('',#2938,#2937);
#2940=DIRECTION('',(0.E0,1.E0,0.E0));
#2941=VECTOR('',#2940,2.5E-1);
#2942=CARTESIAN_POINT('',(-1.55E0,-1.5E0,-4.05E0));
#2943=LINE('',#2942,#2941);
#2944=DIRECTION('',(0.E0,0.E0,-1.E0));
#2945=VECTOR('',#2944,4.767949192431E-1);
#2946=CARTESIAN_POINT('',(-1.55E0,-1.5E0,-3.573205080757E0));
#2947=LINE('',#2946,#2945);
#2948=CARTESIAN_POINT('',(-1.55E0,-1.2E0,-3.573205080757E0));
#2949=DIRECTION('',(1.E0,0.E0,0.E0));
#2950=DIRECTION('',(0.E0,-5.E-1,8.660254037844E-1));
#2951=AXIS2_PLACEMENT_3D('',#2948,#2949,#2950);
#2953=DIRECTION('',(0.E0,-8.660254037844E-1,-5.E-1));
#2954=VECTOR('',#2953,7.216878364870E-1);
#2955=CARTESIAN_POINT('',(-1.55E0,-7.25E-1,-2.952553541378E0));
#2956=LINE('',#2955,#2954);
#2957=DIRECTION('',(0.E0,0.E0,-1.E0));
#2958=VECTOR('',#2957,4.092522711888E-1);
#2959=CARTESIAN_POINT('',(-1.55E0,-7.E-1,-2.5E0));
#2960=LINE('',#2959,#2958);
#2961=DIRECTION('',(-1.E0,0.E0,0.E0));
#2962=VECTOR('',#2961,6.E-1);
#2963=CARTESIAN_POINT('',(-1.55E0,-4.5E-1,-2.909252271189E0));
#2964=LINE('',#2963,#2962);
#2965=DIRECTION('',(1.E0,0.E0,0.E0));
#2966=VECTOR('',#2965,6.E-1);
#2967=CARTESIAN_POINT('',(-2.15E0,-1.225E0,-3.529903810568E0));
#2968=LINE('',#2967,#2966);
#2969=DIRECTION('',(-1.E0,0.E0,0.E0));
#2970=VECTOR('',#2969,6.E-1);
#2971=CARTESIAN_POINT('',(-1.55E0,-6.E-1,-3.169059892324E0));
#2972=LINE('',#2971,#2970);
#2973=CARTESIAN_POINT('',(-2.15E0,-1.2E0,-3.573205080757E0));
#2974=DIRECTION('',(1.E0,0.E0,0.E0));
#2975=DIRECTION('',(0.E0,-5.E-1,8.660254037844E-1));
#2976=AXIS2_PLACEMENT_3D('',#2973,#2974,#2975);
#2978=CARTESIAN_POINT('',(-1.55E0,-1.2E0,-3.573205080757E0));
#2979=DIRECTION('',(-1.E0,0.E0,0.E0));
#2980=DIRECTION('',(0.E0,-1.E0,0.E0));
#2981=AXIS2_PLACEMENT_3D('',#2978,#2979,#2980);
#2983=DIRECTION('',(1.E0,0.E0,0.E0));
#2984=VECTOR('',#2983,6.E-1);
#2985=CARTESIAN_POINT('',(-2.15E0,-1.25E0,-3.573205080757E0));
#2986=LINE('',#2985,#2984);
#2987=DIRECTION('',(1.E0,0.E0,0.E0));
#2988=VECTOR('',#2987,6.E-1);
#2989=CARTESIAN_POINT('',(-2.15E0,-1.25E0,-4.05E0));
#2990=LINE('',#2989,#2988);
#2991=DIRECTION('',(1.E0,0.E0,0.E0));
#2992=VECTOR('',#2991,6.E-1);
#2993=CARTESIAN_POINT('',(-2.15E0,-1.5E0,-4.05E0));
#2994=LINE('',#2993,#2992);
#2995=DIRECTION('',(-1.E0,0.E0,0.E0));
#2996=VECTOR('',#2995,6.E-1);
#2997=CARTESIAN_POINT('',(-1.55E0,-1.5E0,-3.573205080757E0));
#2998=LINE('',#2997,#2996);
#2999=DIRECTION('',(1.E0,0.E0,0.E0));
#3000=VECTOR('',#2999,6.E-1);
#3001=CARTESIAN_POINT('',(-2.15E0,-7.25E-1,-2.952553541378E0));
#3002=LINE('',#3001,#3000);
#3003=DIRECTION('',(-1.E0,0.E0,0.E0));
#3004=VECTOR('',#3003,6.E-1);
#3005=CARTESIAN_POINT('',(-1.55E0,-1.35E0,-3.313397459622E0));
#3006=LINE('',#3005,#3004);
#3007=CARTESIAN_POINT('',(-2.15E0,-7.5E-1,-2.909252271189E0));
#3008=DIRECTION('',(1.E0,0.E0,0.E0));
#3009=DIRECTION('',(0.E0,5.E-1,-8.660254037844E-1));
#3010=AXIS2_PLACEMENT_3D('',#3007,#3008,#3009);
#3012=CARTESIAN_POINT('',(-1.55E0,-7.5E-1,-2.909252271189E0));
#3013=DIRECTION('',(-1.E0,0.E0,0.E0));
#3014=DIRECTION('',(0.E0,1.E0,0.E0));
#3015=AXIS2_PLACEMENT_3D('',#3012,#3013,#3014);
#3017=CARTESIAN_POINT('',(7.75E-1,-4.5E-1,1.971686346440E0));
#3018=DIRECTION('',(1.E0,0.E0,0.E0));
#3019=DIRECTION('',(0.E0,-1.E0,0.E0));
#3020=AXIS2_PLACEMENT_3D('',#3017,#3018,#3019);
#3022=CARTESIAN_POINT('',(1.075E0,-4.5E-1,1.971686346440E0));
#3023=DIRECTION('',(-1.E0,0.E0,0.E0));
#3024=DIRECTION('',(0.E0,-8.480480961564E-1,-5.299192642332E-1));
#3025=AXIS2_PLACEMENT_3D('',#3022,#3023,#3024);
#3027=CARTESIAN_POINT('',(1.075E0,-7.892192384626E-1,1.759718640746E0));
#3028=DIRECTION('',(0.E0,-5.299192642332E-1,8.480480961564E-1));
#3029=DIRECTION('',(1.E0,0.E0,0.E0));
#3030=AXIS2_PLACEMENT_3D('',#3027,#3028,#3029);
#3032=CARTESIAN_POINT('',(1.374999998756E0,-5.019551479028E-1,
1.449999998835E0));
#3033=CARTESIAN_POINT('',(1.367208830732E0,-5.019549413470E-1,
1.449999932135E0));
#3034=CARTESIAN_POINT('',(1.351063310750E0,-5.034815292342E-1,
1.451215556256E0));
#3035=CARTESIAN_POINT('',(1.325820636559E0,-5.112643958533E-1,
1.457445052616E0));
#3036=CARTESIAN_POINT('',(1.300574998587E0,-5.253849748787E-1,
1.468752330297E0));
#3037=CARTESIAN_POINT('',(1.277068901826E0,-5.458833547542E-1,
1.485149532002E0));
#3038=CARTESIAN_POINT('',(1.256476024083E0,-5.724805519679E-1,
1.506429511017E0));
#3039=CARTESIAN_POINT('',(1.239796657858E0,-6.050737577161E-1,
1.532512948393E0));
#3040=CARTESIAN_POINT('',(1.228212412158E0,-6.435670020431E-1,
1.563315505166E0));
#3041=CARTESIAN_POINT('',(1.225000183802E0,-6.735448518232E-1,
1.587302366052E0));
#3042=CARTESIAN_POINT('',(1.225E0,-6.894159549326E-1,1.600000000001E0));
#3044=CARTESIAN_POINT('',(-2.95E0,-9.E-1,2.3E0));
#3045=DIRECTION('',(0.E0,-1.E0,0.E0));
#3046=DIRECTION('',(0.E0,0.E0,1.E0));
#3047=AXIS2_PLACEMENT_3D('',#3044,#3045,#3046);
#3049=DIRECTION('',(0.E0,0.E0,-1.E0));
#3050=VECTOR('',#3049,1.05E0);
#3051=CARTESIAN_POINT('',(-2.85E0,-9.E-1,2.5E0));
#3052=LINE('',#3051,#3050);
#3053=CARTESIAN_POINT('',(-2.95E0,-9.E-1,1.65E0));
#3054=DIRECTION('',(0.E0,-1.E0,0.E0));
#3055=DIRECTION('',(-1.E0,0.E0,0.E0));
#3056=AXIS2_PLACEMENT_3D('',#3053,#3054,#3055);
#3058=CARTESIAN_POINT('',(-2.95E0,0.E0,2.3E0));
#3059=DIRECTION('',(0.E0,-1.E0,0.E0));
#3060=DIRECTION('',(0.E0,0.E0,1.E0));
#3061=AXIS2_PLACEMENT_3D('',#3058,#3059,#3060);
#3063=DIRECTION('',(0.E0,0.E0,1.E0));
#3064=VECTOR('',#3063,6.5E-1);
#3065=CARTESIAN_POINT('',(-3.15E0,0.E0,1.65E0));
#3066=LINE('',#3065,#3064);
#3067=DIRECTION('',(0.E0,-1.E0,0.E0));
#3068=VECTOR('',#3067,9.E-1);
#3069=CARTESIAN_POINT('',(-3.15E0,0.E0,2.3E0));
#3070=LINE('',#3069,#3068);
#3071=DIRECTION('',(0.E0,0.E0,1.E0));
#3072=VECTOR('',#3071,6.5E-1);
#3073=CARTESIAN_POINT('',(-3.15E0,-9.E-1,1.65E0));
#3074=LINE('',#3073,#3072);
#3075=DIRECTION('',(0.E0,1.E0,0.E0));
#3076=VECTOR('',#3075,9.E-1);
#3077=CARTESIAN_POINT('',(-3.15E0,-9.E-1,1.65E0));
#3078=LINE('',#3077,#3076);
#3079=CARTESIAN_POINT('',(-2.95E0,0.E0,1.65E0));
#3080=DIRECTION('',(0.E0,1.E0,0.E0));
#3081=DIRECTION('',(0.E0,0.E0,-1.E0));
#3082=AXIS2_PLACEMENT_3D('',#3079,#3080,#3081);
#3084=DIRECTION('',(0.E0,0.E0,1.E0));
#3085=VECTOR('',#3084,4.092522711888E-1);
#3086=CARTESIAN_POINT('',(1.55E0,-4.5E-1,2.5E0));
#3087=LINE('',#3086,#3085);
#3088=CARTESIAN_POINT('',(1.55E0,-7.5E-1,2.909252271189E0));
#3089=DIRECTION('',(-1.E0,0.E0,0.E0));
#3090=DIRECTION('',(0.E0,5.E-1,8.660254037844E-1));
#3091=AXIS2_PLACEMENT_3D('',#3088,#3089,#3090);
#3093=DIRECTION('',(0.E0,-8.660254037844E-1,5.E-1));
#3094=VECTOR('',#3093,7.216878364870E-1);
#3095=CARTESIAN_POINT('',(1.55E0,-6.E-1,3.169059892324E0));
#3096=LINE('',#3095,#3094);
#3097=DIRECTION('',(0.E0,0.E0,1.E0));
#3098=VECTOR('',#3097,4.767949192431E-1);
#3099=CARTESIAN_POINT('',(1.55E0,-1.25E0,3.573205080757E0));
#3100=LINE('',#3099,#3098);
#3101=DIRECTION('',(0.E0,-1.E0,0.E0));
#3102=VECTOR('',#3101,2.5E-1);
#3103=CARTESIAN_POINT('',(1.55E0,-1.25E0,4.05E0));
#3104=LINE('',#3103,#3102);
#3105=DIRECTION('',(0.E0,0.E0,-1.E0));
#3106=VECTOR('',#3105,4.767949192431E-1);
#3107=CARTESIAN_POINT('',(1.55E0,-1.5E0,4.05E0));
#3108=LINE('',#3107,#3106);
#3109=CARTESIAN_POINT('',(1.55E0,-1.2E0,3.573205080757E0));
#3110=DIRECTION('',(-1.E0,0.E0,0.E0));
#3111=DIRECTION('',(0.E0,-5.E-1,-8.660254037844E-1));
#3112=AXIS2_PLACEMENT_3D('',#3109,#3110,#3111);
#3114=DIRECTION('',(0.E0,8.660254037844E-1,-5.E-1));
#3115=VECTOR('',#3114,7.216878364870E-1);
#3116=CARTESIAN_POINT('',(1.55E0,-1.35E0,3.313397459622E0));
#3117=LINE('',#3116,#3115);
#3118=DIRECTION('',(0.E0,0.E0,-1.E0));
#3119=VECTOR('',#3118,4.092522711888E-1);
#3120=CARTESIAN_POINT('',(1.55E0,-7.E-1,2.909252271189E0));
#3121=LINE('',#3120,#3119);
#3122=DIRECTION('',(-1.E0,0.E0,0.E0));
#3123=VECTOR('',#3122,6.E-1);
#3124=CARTESIAN_POINT('',(2.15E0,-4.5E-1,2.909252271189E0));
#3125=LINE('',#3124,#3123);
#3126=DIRECTION('',(0.E0,0.E0,-1.E0));
#3127=VECTOR('',#3126,4.092522711888E-1);
#3128=CARTESIAN_POINT('',(2.15E0,-7.E-1,2.909252271189E0));
#3129=LINE('',#3128,#3127);
#3130=DIRECTION('',(0.E0,8.660254037844E-1,-5.E-1));
#3131=VECTOR('',#3130,7.216878364870E-1);
#3132=CARTESIAN_POINT('',(2.15E0,-1.35E0,3.313397459622E0));
#3133=LINE('',#3132,#3131);
#3134=CARTESIAN_POINT('',(2.15E0,-1.2E0,3.573205080757E0));
#3135=DIRECTION('',(1.E0,0.E0,0.E0));
#3136=DIRECTION('',(0.E0,-1.E0,0.E0));
#3137=AXIS2_PLACEMENT_3D('',#3134,#3135,#3136);
#3139=DIRECTION('',(0.E0,0.E0,-1.E0));
#3140=VECTOR('',#3139,4.767949192431E-1);
#3141=CARTESIAN_POINT('',(2.15E0,-1.5E0,4.05E0));
#3142=LINE('',#3141,#3140);
#3143=DIRECTION('',(0.E0,-1.E0,0.E0));
#3144=VECTOR('',#3143,2.5E-1);
#3145=CARTESIAN_POINT('',(2.15E0,-1.25E0,4.05E0));
#3146=LINE('',#3145,#3144);
#3147=DIRECTION('',(0.E0,0.E0,1.E0));
#3148=VECTOR('',#3147,4.767949192431E-1);
#3149=CARTESIAN_POINT('',(2.15E0,-1.25E0,3.573205080757E0));
#3150=LINE('',#3149,#3148);
#3151=DIRECTION('',(0.E0,-8.660254037844E-1,5.E-1));
#3152=VECTOR('',#3151,7.216878364870E-1);
#3153=CARTESIAN_POINT('',(2.15E0,-6.E-1,3.169059892324E0));
#3154=LINE('',#3153,#3152);
#3155=CARTESIAN_POINT('',(2.15E0,-7.5E-1,2.909252271189E0));
#3156=DIRECTION('',(1.E0,0.E0,0.E0));
#3157=DIRECTION('',(0.E0,1.E0,0.E0));
#3158=AXIS2_PLACEMENT_3D('',#3155,#3156,#3157);
#3160=DIRECTION('',(0.E0,0.E0,1.E0));
#3161=VECTOR('',#3160,4.092522711888E-1);
#3162=CARTESIAN_POINT('',(2.15E0,-4.5E-1,2.5E0));
#3163=LINE('',#3162,#3161);
#3164=DIRECTION('',(1.E0,0.E0,0.E0));
#3165=VECTOR('',#3164,6.E-1);
#3166=CARTESIAN_POINT('',(1.55E0,-7.E-1,2.909252271189E0));
#3167=LINE('',#3166,#3165);
#3168=CARTESIAN_POINT('',(1.55E0,-7.5E-1,2.909252271189E0));
#3169=DIRECTION('',(1.E0,0.E0,0.E0));
#3170=DIRECTION('',(0.E0,1.E0,0.E0));
#3171=AXIS2_PLACEMENT_3D('',#3168,#3169,#3170);
#3173=CARTESIAN_POINT('',(2.15E0,-7.5E-1,2.909252271189E0));
#3174=DIRECTION('',(-1.E0,0.E0,0.E0));
#3175=DIRECTION('',(0.E0,5.E-1,8.660254037844E-1));
#3176=AXIS2_PLACEMENT_3D('',#3173,#3174,#3175);
#3178=DIRECTION('',(1.E0,0.E0,0.E0));
#3179=VECTOR('',#3178,6.E-1);
#3180=CARTESIAN_POINT('',(1.55E0,-7.25E-1,2.952553541378E0));
#3181=LINE('',#3180,#3179);
#3182=DIRECTION('',(-1.E0,0.E0,0.E0));
#3183=VECTOR('',#3182,6.E-1);
#3184=CARTESIAN_POINT('',(2.15E0,-1.35E0,3.313397459622E0));
#3185=LINE('',#3184,#3183);
#3186=DIRECTION('',(-1.E0,0.E0,0.E0));
#3187=VECTOR('',#3186,6.E-1);
#3188=CARTESIAN_POINT('',(2.15E0,-1.5E0,3.573205080757E0));
#3189=LINE('',#3188,#3187);
#3190=DIRECTION('',(1.E0,0.E0,0.E0));
#3191=VECTOR('',#3190,6.E-1);
#3192=CARTESIAN_POINT('',(1.55E0,-1.5E0,4.05E0));
#3193=LINE('',#3192,#3191);
#3194=DIRECTION('',(1.E0,0.E0,0.E0));
#3195=VECTOR('',#3194,6.E-1);
#3196=CARTESIAN_POINT('',(1.55E0,-1.25E0,4.05E0));
#3197=LINE('',#3196,#3195);
#3198=DIRECTION('',(1.E0,0.E0,0.E0));
#3199=VECTOR('',#3198,6.E-1);
#3200=CARTESIAN_POINT('',(1.55E0,-1.25E0,3.573205080757E0));
#3201=LINE('',#3200,#3199);
#3202=CARTESIAN_POINT('',(1.55E0,-1.2E0,3.573205080757E0));
#3203=DIRECTION('',(1.E0,0.E0,0.E0));
#3204=DIRECTION('',(0.E0,-1.E0,0.E0));
#3205=AXIS2_PLACEMENT_3D('',#3202,#3203,#3204);
#3207=CARTESIAN_POINT('',(2.15E0,-1.2E0,3.573205080757E0));
#3208=DIRECTION('',(-1.E0,0.E0,0.E0));
#3209=DIRECTION('',(0.E0,-5.E-1,-8.660254037844E-1));
#3210=AXIS2_PLACEMENT_3D('',#3207,#3208,#3209);
#3212=DIRECTION('',(1.E0,0.E0,0.E0));
#3213=VECTOR('',#3212,6.E-1);
#3214=CARTESIAN_POINT('',(1.55E0,-1.225E0,3.529903810568E0));
#3215=LINE('',#3214,#3213);
#3216=DIRECTION('',(-1.E0,0.E0,0.E0));
#3217=VECTOR('',#3216,6.E-1);
#3218=CARTESIAN_POINT('',(2.15E0,-6.E-1,3.169059892324E0));
#3219=LINE('',#3218,#3217);
#3220=DIRECTION('',(0.E0,0.E0,1.E0));
#3221=VECTOR('',#3220,4.092522711888E-1);
#3222=CARTESIAN_POINT('',(-3.E-1,-4.5E-1,2.5E0));
#3223=LINE('',#3222,#3221);
#3224=CARTESIAN_POINT('',(-3.E-1,-7.5E-1,2.909252271189E0));
#3225=DIRECTION('',(-1.E0,0.E0,0.E0));
#3226=DIRECTION('',(0.E0,5.E-1,8.660254037844E-1));
#3227=AXIS2_PLACEMENT_3D('',#3224,#3225,#3226);
#3229=DIRECTION('',(0.E0,-8.660254037844E-1,5.E-1));
#3230=VECTOR('',#3229,7.216878364870E-1);
#3231=CARTESIAN_POINT('',(-3.E-1,-6.E-1,3.169059892324E0));
#3232=LINE('',#3231,#3230);
#3233=DIRECTION('',(0.E0,0.E0,1.E0));
#3234=VECTOR('',#3233,4.767949192431E-1);
#3235=CARTESIAN_POINT('',(-3.E-1,-1.25E0,3.573205080757E0));
#3236=LINE('',#3235,#3234);
#3237=DIRECTION('',(0.E0,-1.E0,0.E0));
#3238=VECTOR('',#3237,2.5E-1);
#3239=CARTESIAN_POINT('',(-3.E-1,-1.25E0,4.05E0));
#3240=LINE('',#3239,#3238);
#3241=DIRECTION('',(0.E0,0.E0,-1.E0));
#3242=VECTOR('',#3241,4.767949192431E-1);
#3243=CARTESIAN_POINT('',(-3.E-1,-1.5E0,4.05E0));
#3244=LINE('',#3243,#3242);
#3245=CARTESIAN_POINT('',(-3.E-1,-1.2E0,3.573205080757E0));
#3246=DIRECTION('',(-1.E0,0.E0,0.E0));
#3247=DIRECTION('',(0.E0,-5.E-1,-8.660254037844E-1));
#3248=AXIS2_PLACEMENT_3D('',#3245,#3246,#3247);
#3250=DIRECTION('',(0.E0,8.660254037844E-1,-5.E-1));
#3251=VECTOR('',#3250,7.216878364870E-1);
#3252=CARTESIAN_POINT('',(-3.E-1,-1.35E0,3.313397459622E0));
#3253=LINE('',#3252,#3251);
#3254=DIRECTION('',(0.E0,0.E0,-1.E0));
#3255=VECTOR('',#3254,4.092522711888E-1);
#3256=CARTESIAN_POINT('',(-3.E-1,-7.E-1,2.909252271189E0));
#3257=LINE('',#3256,#3255);
#3258=DIRECTION('',(-1.E0,0.E0,0.E0));
#3259=VECTOR('',#3258,6.E-1);
#3260=CARTESIAN_POINT('',(3.E-1,-4.5E-1,2.909252271189E0));
#3261=LINE('',#3260,#3259);
#3262=DIRECTION('',(0.E0,0.E0,-1.E0));
#3263=VECTOR('',#3262,4.092522711888E-1);
#3264=CARTESIAN_POINT('',(3.E-1,-7.E-1,2.909252271189E0));
#3265=LINE('',#3264,#3263);
#3266=DIRECTION('',(0.E0,8.660254037844E-1,-5.E-1));
#3267=VECTOR('',#3266,7.216878364870E-1);
#3268=CARTESIAN_POINT('',(3.E-1,-1.35E0,3.313397459622E0));
#3269=LINE('',#3268,#3267);
#3270=CARTESIAN_POINT('',(3.E-1,-1.2E0,3.573205080757E0));
#3271=DIRECTION('',(1.E0,0.E0,0.E0));
#3272=DIRECTION('',(0.E0,-1.E0,0.E0));
#3273=AXIS2_PLACEMENT_3D('',#3270,#3271,#3272);
#3275=DIRECTION('',(0.E0,0.E0,-1.E0));
#3276=VECTOR('',#3275,4.767949192431E-1);
#3277=CARTESIAN_POINT('',(3.E-1,-1.5E0,4.05E0));
#3278=LINE('',#3277,#3276);
#3279=DIRECTION('',(0.E0,-1.E0,0.E0));
#3280=VECTOR('',#3279,2.5E-1);
#3281=CARTESIAN_POINT('',(3.E-1,-1.25E0,4.05E0));
#3282=LINE('',#3281,#3280);
#3283=DIRECTION('',(0.E0,0.E0,1.E0));
#3284=VECTOR('',#3283,4.767949192431E-1);
#3285=CARTESIAN_POINT('',(3.E-1,-1.25E0,3.573205080757E0));
#3286=LINE('',#3285,#3284);
#3287=DIRECTION('',(0.E0,-8.660254037844E-1,5.E-1));
#3288=VECTOR('',#3287,7.216878364870E-1);
#3289=CARTESIAN_POINT('',(3.E-1,-6.E-1,3.169059892324E0));
#3290=LINE('',#3289,#3288);
#3291=CARTESIAN_POINT('',(3.E-1,-7.5E-1,2.909252271189E0));
#3292=DIRECTION('',(1.E0,0.E0,0.E0));
#3293=DIRECTION('',(0.E0,1.E0,0.E0));
#3294=AXIS2_PLACEMENT_3D('',#3291,#3292,#3293);
#3296=DIRECTION('',(0.E0,0.E0,1.E0));
#3297=VECTOR('',#3296,4.092522711888E-1);
#3298=CARTESIAN_POINT('',(3.E-1,-4.5E-1,2.5E0));
#3299=LINE('',#3298,#3297);
#3300=DIRECTION('',(1.E0,0.E0,0.E0));
#3301=VECTOR('',#3300,6.E-1);
#3302=CARTESIAN_POINT('',(-3.E-1,-7.E-1,2.909252271189E0));
#3303=LINE('',#3302,#3301);
#3304=CARTESIAN_POINT('',(-3.E-1,-7.5E-1,2.909252271189E0));
#3305=DIRECTION('',(1.E0,0.E0,0.E0));
#3306=DIRECTION('',(0.E0,1.E0,0.E0));
#3307=AXIS2_PLACEMENT_3D('',#3304,#3305,#3306);
#3309=CARTESIAN_POINT('',(3.E-1,-7.5E-1,2.909252271189E0));
#3310=DIRECTION('',(-1.E0,0.E0,0.E0));
#3311=DIRECTION('',(0.E0,5.E-1,8.660254037844E-1));
#3312=AXIS2_PLACEMENT_3D('',#3309,#3310,#3311);
#3314=DIRECTION('',(1.E0,0.E0,0.E0));
#3315=VECTOR('',#3314,6.E-1);
#3316=CARTESIAN_POINT('',(-3.E-1,-7.25E-1,2.952553541378E0));
#3317=LINE('',#3316,#3315);
#3318=DIRECTION('',(-1.E0,0.E0,0.E0));
#3319=VECTOR('',#3318,6.E-1);
#3320=CARTESIAN_POINT('',(3.E-1,-1.35E0,3.313397459622E0));
#3321=LINE('',#3320,#3319);
#3322=DIRECTION('',(-1.E0,0.E0,0.E0));
#3323=VECTOR('',#3322,6.E-1);
#3324=CARTESIAN_POINT('',(3.E-1,-1.5E0,3.573205080757E0));
#3325=LINE('',#3324,#3323);
#3326=DIRECTION('',(1.E0,0.E0,0.E0));
#3327=VECTOR('',#3326,6.E-1);
#3328=CARTESIAN_POINT('',(-3.E-1,-1.5E0,4.05E0));
#3329=LINE('',#3328,#3327);
#3330=DIRECTION('',(1.E0,0.E0,0.E0));
#3331=VECTOR('',#3330,6.E-1);
#3332=CARTESIAN_POINT('',(-3.E-1,-1.25E0,4.05E0));
#3333=LINE('',#3332,#3331);
#3334=DIRECTION('',(1.E0,0.E0,0.E0));
#3335=VECTOR('',#3334,6.E-1);
#3336=CARTESIAN_POINT('',(-3.E-1,-1.25E0,3.573205080757E0));
#3337=LINE('',#3336,#3335);
#3338=CARTESIAN_POINT('',(-3.E-1,-1.2E0,3.573205080757E0));
#3339=DIRECTION('',(1.E0,0.E0,0.E0));
#3340=DIRECTION('',(0.E0,-1.E0,0.E0));
#3341=AXIS2_PLACEMENT_3D('',#3338,#3339,#3340);
#3343=CARTESIAN_POINT('',(3.E-1,-1.2E0,3.573205080757E0));
#3344=DIRECTION('',(-1.E0,0.E0,0.E0));
#3345=DIRECTION('',(0.E0,-5.E-1,-8.660254037844E-1));
#3346=AXIS2_PLACEMENT_3D('',#3343,#3344,#3345);
#3348=DIRECTION('',(1.E0,0.E0,0.E0));
#3349=VECTOR('',#3348,6.E-1);
#3350=CARTESIAN_POINT('',(-3.E-1,-1.225E0,3.529903810568E0));
#3351=LINE('',#3350,#3349);
#3352=DIRECTION('',(-1.E0,0.E0,0.E0));
#3353=VECTOR('',#3352,6.E-1);
#3354=CARTESIAN_POINT('',(3.E-1,-6.E-1,3.169059892324E0));
#3355=LINE('',#3354,#3353);
#3356=DIRECTION('',(0.E0,0.E0,1.E0));
#3357=VECTOR('',#3356,4.092522711888E-1);
#3358=CARTESIAN_POINT('',(-2.15E0,-4.5E-1,2.5E0));
#3359=LINE('',#3358,#3357);
#3360=CARTESIAN_POINT('',(-2.15E0,-7.5E-1,2.909252271189E0));
#3361=DIRECTION('',(-1.E0,0.E0,0.E0));
#3362=DIRECTION('',(0.E0,5.E-1,8.660254037844E-1));
#3363=AXIS2_PLACEMENT_3D('',#3360,#3361,#3362);
#3365=DIRECTION('',(0.E0,-8.660254037844E-1,5.E-1));
#3366=VECTOR('',#3365,7.216878364870E-1);
#3367=CARTESIAN_POINT('',(-2.15E0,-6.E-1,3.169059892324E0));
#3368=LINE('',#3367,#3366);
#3369=DIRECTION('',(0.E0,0.E0,1.E0));
#3370=VECTOR('',#3369,4.767949192431E-1);
#3371=CARTESIAN_POINT('',(-2.15E0,-1.25E0,3.573205080757E0));
#3372=LINE('',#3371,#3370);
#3373=DIRECTION('',(0.E0,-1.E0,0.E0));
#3374=VECTOR('',#3373,2.5E-1);
#3375=CARTESIAN_POINT('',(-2.15E0,-1.25E0,4.05E0));
#3376=LINE('',#3375,#3374);
#3377=DIRECTION('',(0.E0,0.E0,-1.E0));
#3378=VECTOR('',#3377,4.767949192431E-1);
#3379=CARTESIAN_POINT('',(-2.15E0,-1.5E0,4.05E0));
#3380=LINE('',#3379,#3378);
#3381=CARTESIAN_POINT('',(-2.15E0,-1.2E0,3.573205080757E0));
#3382=DIRECTION('',(-1.E0,0.E0,0.E0));
#3383=DIRECTION('',(0.E0,-5.E-1,-8.660254037844E-1));
#3384=AXIS2_PLACEMENT_3D('',#3381,#3382,#3383);
#3386=DIRECTION('',(0.E0,8.660254037844E-1,-5.E-1));
#3387=VECTOR('',#3386,7.216878364870E-1);
#3388=CARTESIAN_POINT('',(-2.15E0,-1.35E0,3.313397459622E0));
#3389=LINE('',#3388,#3387);
#3390=DIRECTION('',(0.E0,0.E0,-1.E0));
#3391=VECTOR('',#3390,4.092522711888E-1);
#3392=CARTESIAN_POINT('',(-2.15E0,-7.E-1,2.909252271189E0));
#3393=LINE('',#3392,#3391);
#3394=DIRECTION('',(-1.E0,0.E0,0.E0));
#3395=VECTOR('',#3394,6.E-1);
#3396=CARTESIAN_POINT('',(-1.55E0,-4.5E-1,2.909252271189E0));
#3397=LINE('',#3396,#3395);
#3398=DIRECTION('',(0.E0,0.E0,-1.E0));
#3399=VECTOR('',#3398,4.092522711888E-1);
#3400=CARTESIAN_POINT('',(-1.55E0,-7.E-1,2.909252271189E0));
#3401=LINE('',#3400,#3399);
#3402=DIRECTION('',(0.E0,8.660254037844E-1,-5.E-1));
#3403=VECTOR('',#3402,7.216878364870E-1);
#3404=CARTESIAN_POINT('',(-1.55E0,-1.35E0,3.313397459622E0));
#3405=LINE('',#3404,#3403);
#3406=CARTESIAN_POINT('',(-1.55E0,-1.2E0,3.573205080757E0));
#3407=DIRECTION('',(1.E0,0.E0,0.E0));
#3408=DIRECTION('',(0.E0,-1.E0,0.E0));
#3409=AXIS2_PLACEMENT_3D('',#3406,#3407,#3408);
#3411=DIRECTION('',(0.E0,0.E0,-1.E0));
#3412=VECTOR('',#3411,4.767949192431E-1);
#3413=CARTESIAN_POINT('',(-1.55E0,-1.5E0,4.05E0));
#3414=LINE('',#3413,#3412);
#3415=DIRECTION('',(0.E0,-1.E0,0.E0));
#3416=VECTOR('',#3415,2.5E-1);
#3417=CARTESIAN_POINT('',(-1.55E0,-1.25E0,4.05E0));
#3418=LINE('',#3417,#3416);
#3419=DIRECTION('',(0.E0,0.E0,1.E0));
#3420=VECTOR('',#3419,4.767949192431E-1);
#3421=CARTESIAN_POINT('',(-1.55E0,-1.25E0,3.573205080757E0));
#3422=LINE('',#3421,#3420);
#3423=DIRECTION('',(0.E0,-8.660254037844E-1,5.E-1));
#3424=VECTOR('',#3423,7.216878364870E-1);
#3425=CARTESIAN_POINT('',(-1.55E0,-6.E-1,3.169059892324E0));
#3426=LINE('',#3425,#3424);
#3427=CARTESIAN_POINT('',(-1.55E0,-7.5E-1,2.909252271189E0));
#3428=DIRECTION('',(1.E0,0.E0,0.E0));
#3429=DIRECTION('',(0.E0,1.E0,0.E0));
#3430=AXIS2_PLACEMENT_3D('',#3427,#3428,#3429);
#3432=DIRECTION('',(0.E0,0.E0,1.E0));
#3433=VECTOR('',#3432,4.092522711888E-1);
#3434=CARTESIAN_POINT('',(-1.55E0,-4.5E-1,2.5E0));
#3435=LINE('',#3434,#3433);
#3436=DIRECTION('',(1.E0,0.E0,0.E0));
#3437=VECTOR('',#3436,6.E-1);
#3438=CARTESIAN_POINT('',(-2.15E0,-7.E-1,2.909252271189E0));
#3439=LINE('',#3438,#3437);
#3440=CARTESIAN_POINT('',(-2.15E0,-7.5E-1,2.909252271189E0));
#3441=DIRECTION('',(1.E0,0.E0,0.E0));
#3442=DIRECTION('',(0.E0,1.E0,0.E0));
#3443=AXIS2_PLACEMENT_3D('',#3440,#3441,#3442);
#3445=CARTESIAN_POINT('',(-1.55E0,-7.5E-1,2.909252271189E0));
#3446=DIRECTION('',(-1.E0,0.E0,0.E0));
#3447=DIRECTION('',(0.E0,5.E-1,8.660254037844E-1));
#3448=AXIS2_PLACEMENT_3D('',#3445,#3446,#3447);
#3450=DIRECTION('',(1.E0,0.E0,0.E0));
#3451=VECTOR('',#3450,6.E-1);
#3452=CARTESIAN_POINT('',(-2.15E0,-7.25E-1,2.952553541378E0));
#3453=LINE('',#3452,#3451);
#3454=DIRECTION('',(-1.E0,0.E0,0.E0));
#3455=VECTOR('',#3454,6.E-1);
#3456=CARTESIAN_POINT('',(-1.55E0,-1.35E0,3.313397459622E0));
#3457=LINE('',#3456,#3455);
#3458=DIRECTION('',(-1.E0,0.E0,0.E0));
#3459=VECTOR('',#3458,6.E-1);
#3460=CARTESIAN_POINT('',(-1.55E0,-1.5E0,3.573205080757E0));
#3461=LINE('',#3460,#3459);
#3462=DIRECTION('',(1.E0,0.E0,0.E0));
#3463=VECTOR('',#3462,6.E-1);
#3464=CARTESIAN_POINT('',(-2.15E0,-1.5E0,4.05E0));
#3465=LINE('',#3464,#3463);
#3466=DIRECTION('',(1.E0,0.E0,0.E0));
#3467=VECTOR('',#3466,6.E-1);
#3468=CARTESIAN_POINT('',(-2.15E0,-1.25E0,4.05E0));
#3469=LINE('',#3468,#3467);
#3470=DIRECTION('',(1.E0,0.E0,0.E0));
#3471=VECTOR('',#3470,6.E-1);
#3472=CARTESIAN_POINT('',(-2.15E0,-1.25E0,3.573205080757E0));
#3473=LINE('',#3472,#3471);
#3474=CARTESIAN_POINT('',(-2.15E0,-1.2E0,3.573205080757E0));
#3475=DIRECTION('',(1.E0,0.E0,0.E0));
#3476=DIRECTION('',(0.E0,-1.E0,0.E0));
#3477=AXIS2_PLACEMENT_3D('',#3474,#3475,#3476);
#3479=CARTESIAN_POINT('',(-1.55E0,-1.2E0,3.573205080757E0));
#3480=DIRECTION('',(-1.E0,0.E0,0.E0));
#3481=DIRECTION('',(0.E0,-5.E-1,-8.660254037844E-1));
#3482=AXIS2_PLACEMENT_3D('',#3479,#3480,#3481);
#3484=DIRECTION('',(1.E0,0.E0,0.E0));
#3485=VECTOR('',#3484,6.E-1);
#3486=CARTESIAN_POINT('',(-2.15E0,-1.225E0,3.529903810568E0));
#3487=LINE('',#3486,#3485);
#3488=DIRECTION('',(-1.E0,0.E0,0.E0));
#3489=VECTOR('',#3488,6.E-1);
#3490=CARTESIAN_POINT('',(-1.55E0,-6.E-1,3.169059892324E0));
#3491=LINE('',#3490,#3489);
#3492=CARTESIAN_POINT('',(2.25E0,2.E-1,1.45E0));
#3493=DIRECTION('',(0.E0,0.E0,1.E0));
#3494=DIRECTION('',(-1.E0,0.E0,0.E0));
#3495=AXIS2_PLACEMENT_3D('',#3492,#3493,#3494);
#3497=CARTESIAN_POINT('',(2.25E0,2.E-1,1.65E0));
#3498=DIRECTION('',(0.E0,0.E0,1.E0));
#3499=DIRECTION('',(-1.E0,0.E0,0.E0));
#3500=AXIS2_PLACEMENT_3D('',#3497,#3498,#3499);
#3502=CARTESIAN_POINT('',(1.85E0,2.E-1,1.65E0));
#3503=DIRECTION('',(0.E0,-1.E0,0.E0));
#3504=DIRECTION('',(1.E0,0.E0,0.E0));
#3505=AXIS2_PLACEMENT_3D('',#3502,#3503,#3504);
#3507=CARTESIAN_POINT('',(7.445804187595E-1,2.71E0,1.65E0));
#3508=CARTESIAN_POINT('',(7.445804187595E-1,2.71E0,1.657011560468E0));
#3509=CARTESIAN_POINT('',(7.425905657216E-1,2.71E0,1.671118117780E0));
#3510=CARTESIAN_POINT('',(7.328428502597E-1,2.71E0,1.692954651133E0));
#3511=CARTESIAN_POINT('',(7.161956443655E-1,2.71E0,1.714201263572E0));
#3512=CARTESIAN_POINT('',(6.931615059403E-1,2.71E0,1.734154976611E0));
#3513=CARTESIAN_POINT('',(6.644240127456E-1,2.71E0,1.752399028254E0));
#3514=CARTESIAN_POINT('',(6.302754991890E-1,2.71E0,1.768907508693E0));
#3515=CARTESIAN_POINT('',(5.908650738145E-1,2.71E0,1.783654728885E0));
#3516=CARTESIAN_POINT('',(5.461702239312E-1,2.71E0,1.796648270924E0));
#3517=CARTESIAN_POINT('',(4.960572660336E-1,2.71E0,1.807893644399E0));
#3518=CARTESIAN_POINT('',(4.402711600909E-1,2.71E0,1.817408369473E0));
#3519=CARTESIAN_POINT('',(3.784252680612E-1,2.71E0,1.825223969554E0));
#3520=CARTESIAN_POINT('',(3.100838021315E-1,2.71E0,1.831387325969E0));
#3521=CARTESIAN_POINT('',(2.345334597020E-1,2.71E0,1.835979790700E0));
#3522=CARTESIAN_POINT('',(1.512981428238E-1,2.71E0,1.839077147589E0));
#3523=CARTESIAN_POINT('',(5.897978405166E-2,2.71E0,1.840773410504E0));
#3524=CARTESIAN_POINT('',(-4.397237413739E-2,2.71E0,1.840927350797E0));
#3525=CARTESIAN_POINT('',(-1.442186188318E-1,2.71E0,1.839304490747E0));
#3526=CARTESIAN_POINT('',(-2.314709092621E-1,2.71E0,1.836142743485E0));
#3527=CARTESIAN_POINT('',(-3.087189501851E-1,2.71E0,1.831499712923E0));
#3528=CARTESIAN_POINT('',(-3.778977832933E-1,2.71E0,1.825285194196E0));
#3529=CARTESIAN_POINT('',(-4.398728461712E-1,2.71E0,1.817466243810E0));
#3530=CARTESIAN_POINT('',(-4.956268610988E-1,2.71E0,1.807976379764E0));
#3531=CARTESIAN_POINT('',(-5.457042268535E-1,2.71E0,1.796765825506E0));
#3532=CARTESIAN_POINT('',(-5.904069449538E-1,2.71E0,1.783804614506E0));
#3533=CARTESIAN_POINT('',(-6.298434340204E-1,2.71E0,1.769089834828E0));
#3534=CARTESIAN_POINT('',(-6.640395252416E-1,2.71E0,1.752610557606E0));
#3535=CARTESIAN_POINT('',(-6.928537918409E-1,2.71E0,1.734383298694E0));
#3536=CARTESIAN_POINT('',(-7.159860689773E-1,2.71E0,1.714420104143E0));
#3537=CARTESIAN_POINT('',(-7.327291754670E-1,2.71E0,1.693156383740E0));
#3538=CARTESIAN_POINT('',(-7.425838168804E-1,2.71E0,1.671184068025E0));
#3539=CARTESIAN_POINT('',(-7.445804187595E-1,2.71E0,1.657032884303E0));
#3540=CARTESIAN_POINT('',(-7.445804187595E-1,2.71E0,1.65E0));
#3542=CARTESIAN_POINT('',(1.85E0,8.E-1,1.65E0));
#3543=DIRECTION('',(0.E0,1.E0,0.E0));
#3544=DIRECTION('',(0.E0,0.E0,1.E0));
#3545=AXIS2_PLACEMENT_3D('',#3542,#3543,#3544);
#3547=DIRECTION('',(0.E0,0.E0,1.E0));
#3548=VECTOR('',#3547,2.E-1);
#3549=CARTESIAN_POINT('',(7.445804187595E-1,2.71E0,1.45E0));
#3550=LINE('',#3549,#3548);
#3551=DIRECTION('',(0.E0,-3.502753642692E-12,1.E0));
#3552=VECTOR('',#3551,2.E-1);
#3553=CARTESIAN_POINT('',(2.05E0,8.E-1,1.45E0));
#3554=LINE('',#3553,#3552);
#3555=CARTESIAN_POINT('',(0.E0,8.E-1,1.65E0));
#3556=DIRECTION('',(0.E0,0.E0,1.E0));
#3557=DIRECTION('',(1.E0,0.E0,0.E0));
#3558=AXIS2_PLACEMENT_3D('',#3555,#3556,#3557);
#3560=DIRECTION('',(0.E0,0.E0,1.E0));
#3561=VECTOR('',#3560,1.999999999393E-1);
#3562=CARTESIAN_POINT('',(2.05E0,2.E-1,1.45E0));
#3563=LINE('',#3562,#3561);
#3564=DIRECTION('',(0.E0,1.E0,1.012386470953E-10));
#3565=VECTOR('',#3564,5.999999999993E-1);
#3566=CARTESIAN_POINT('',(2.05E0,2.E-1,1.649999999939E0));
#3567=LINE('',#3566,#3565);
#3568=DIRECTION('',(0.E0,0.E0,1.E0));
#3569=VECTOR('',#3568,2.E-1);
#3570=CARTESIAN_POINT('',(-7.445804187595E-1,2.71E0,1.45E0));
#3571=LINE('',#3570,#3569);
#3572=CARTESIAN_POINT('',(0.E0,8.E-1,1.65E0));
#3573=DIRECTION('',(0.E0,0.E0,1.E0));
#3574=DIRECTION('',(-3.632099603705E-1,9.317073170732E-1,0.E0));
#3575=AXIS2_PLACEMENT_3D('',#3572,#3573,#3574);
#3577=DIRECTION('',(0.E0,0.E0,1.E0));
#3578=VECTOR('',#3577,1.999999999732E-1);
#3579=CARTESIAN_POINT('',(-2.05E0,2.E-1,1.45E0));
#3580=LINE('',#3579,#3578);
#3581=DIRECTION('',(0.E0,-3.199107645457E-12,1.E0));
#3582=VECTOR('',#3581,2.E-1);
#3583=CARTESIAN_POINT('',(-2.05E0,8.E-1,1.45E0));
#3584=LINE('',#3583,#3582);
#3585=DIRECTION('',(0.E0,-1.E0,-4.472570462141E-11));
#3586=VECTOR('',#3585,5.999999999994E-1);
#3587=CARTESIAN_POINT('',(-2.05E0,7.999999999994E-1,1.65E0));
#3588=LINE('',#3587,#3586);
#3589=CARTESIAN_POINT('',(-2.25E0,2.E-1,1.45E0));
#3590=DIRECTION('',(0.E0,0.E0,1.E0));
#3591=DIRECTION('',(0.E0,-1.E0,0.E0));
#3592=AXIS2_PLACEMENT_3D('',#3589,#3590,#3591);
#3594=CARTESIAN_POINT('',(-2.25E0,2.E-1,1.65E0));
#3595=DIRECTION('',(0.E0,0.E0,1.E0));
#3596=DIRECTION('',(0.E0,-1.E0,0.E0));
#3597=AXIS2_PLACEMENT_3D('',#3594,#3595,#3596);
#3599=CARTESIAN_POINT('',(-1.85E0,2.E-1,1.65E0));
#3600=DIRECTION('',(0.E0,1.E0,0.E0));
#3601=DIRECTION('',(-1.E0,0.E0,0.E0));
#3602=AXIS2_PLACEMENT_3D('',#3599,#3600,#3601);
#3604=CARTESIAN_POINT('',(-1.85E0,8.E-1,1.65E0));
#3605=DIRECTION('',(0.E0,-1.E0,0.E0));
#3606=DIRECTION('',(0.E0,0.E0,1.E0));
#3607=AXIS2_PLACEMENT_3D('',#3604,#3605,#3606);
#3609=CARTESIAN_POINT('',(-9.25E-1,2.E-1,2.05E0));
#3610=DIRECTION('',(1.E0,0.E0,0.E0));
#3611=DIRECTION('',(0.E0,-1.E0,0.E0));
#3612=AXIS2_PLACEMENT_3D('',#3609,#3610,#3611);
#3614=CARTESIAN_POINT('',(-1.85E0,2.E-1,2.05E0));
#3615=DIRECTION('',(1.E0,0.E0,0.E0));
#3616=DIRECTION('',(0.E0,-1.E0,0.E0));
#3617=AXIS2_PLACEMENT_3D('',#3614,#3615,#3616);
#3619=DIRECTION('',(0.E0,1.E0,0.E0));
#3620=VECTOR('',#3619,2.E-1);
#3621=CARTESIAN_POINT('',(-9.25E-1,0.E0,1.85E0));
#3622=LINE('',#3621,#3620);
#3623=DIRECTION('',(0.E0,0.E0,1.E0));
#3624=VECTOR('',#3623,2.E-1);
#3625=CARTESIAN_POINT('',(-9.25E-1,0.E0,1.85E0));
#3626=LINE('',#3625,#3624);
#3627=CARTESIAN_POINT('',(9.25E-1,2.E-1,2.05E0));
#3628=DIRECTION('',(-1.E0,0.E0,0.E0));
#3629=DIRECTION('',(0.E0,0.E0,-1.E0));
#3630=AXIS2_PLACEMENT_3D('',#3627,#3628,#3629);
#3632=CARTESIAN_POINT('',(1.85E0,2.E-1,2.05E0));
#3633=DIRECTION('',(-1.E0,0.E0,0.E0));
#3634=DIRECTION('',(0.E0,0.E0,-1.E0));
#3635=AXIS2_PLACEMENT_3D('',#3632,#3633,#3634);
#3637=DIRECTION('',(0.E0,0.E0,-1.E0));
#3638=VECTOR('',#3637,2.E-1);
#3639=CARTESIAN_POINT('',(9.25E-1,0.E0,2.05E0));
#3640=LINE('',#3639,#3638);
#3641=DIRECTION('',(0.E0,1.E0,0.E0));
#3642=VECTOR('',#3641,2.E-1);
#3643=CARTESIAN_POINT('',(9.25E-1,0.E0,1.85E0));
#3644=LINE('',#3643,#3642);
#3645=CARTESIAN_POINT('',(-2.15E0,1.5E-1,1.97E0));
#3646=CARTESIAN_POINT('',(-2.15E0,1.420164611216E-1,1.97E0));
#3647=CARTESIAN_POINT('',(-2.151289542261E0,1.257765196785E-1,
1.971289542261E0));
#3648=CARTESIAN_POINT('',(-2.157277276966E0,1.015535130321E-1,
1.977277276966E0));
#3649=CARTESIAN_POINT('',(-2.167826873033E0,7.735458031155E-2,
1.987826873033E0));
#3650=CARTESIAN_POINT('',(-2.183541114502E0,5.399440070348E-2,
2.003541114502E0));
#3651=CARTESIAN_POINT('',(-2.204632431914E0,3.288267076172E-2,
2.024632431914E0));
#3652=CARTESIAN_POINT('',(-2.231145054575E0,1.536420950610E-2,
2.051145054575E0));
#3653=CARTESIAN_POINT('',(-2.263540959047E0,3.070697341166E-3,
2.083540959047E0));
#3654=CARTESIAN_POINT('',(-2.287495161206E0,0.E0,2.107495161206E0));
#3655=CARTESIAN_POINT('',(-2.3E0,0.E0,2.12E0));
#3657=DIRECTION('',(0.E0,0.E0,1.E0));
#3658=VECTOR('',#3657,1.9E0);
#3659=CARTESIAN_POINT('',(-2.15E0,1.5E-1,7.E-2));
#3660=LINE('',#3659,#3658);
#3661=DIRECTION('',(0.E0,0.E0,1.E0));
#3662=VECTOR('',#3661,1.9E0);
#3663=CARTESIAN_POINT('',(-2.15E0,1.E0,7.E-2));
#3664=LINE('',#3663,#3662);
#3665=CARTESIAN_POINT('',(-3.05E0,3.6E0,7.E-2));
#3666=DIRECTION('',(0.E0,0.E0,-1.E0));
#3667=DIRECTION('',(-1.E0,0.E0,0.E0));
#3668=AXIS2_PLACEMENT_3D('',#3665,#3666,#3667);
#3670=DIRECTION('',(-1.E0,0.E0,0.E0));
#3671=VECTOR('',#3670,1.05E0);
#3672=CARTESIAN_POINT('',(-2.3E0,0.E0,7.E-2));
#3673=LINE('',#3672,#3671);
#3674=CARTESIAN_POINT('',(-2.3E0,1.5E-1,7.E-2));
#3675=DIRECTION('',(0.E0,0.E0,-1.E0));
#3676=DIRECTION('',(1.E0,0.E0,0.E0));
#3677=AXIS2_PLACEMENT_3D('',#3674,#3675,#3676);
#3679=DIRECTION('',(0.E0,1.E0,0.E0));
#3680=VECTOR('',#3679,8.5E-1);
#3681=CARTESIAN_POINT('',(-2.15E0,1.5E-1,7.E-2));
#3682=LINE('',#3681,#3680);
#3683=CARTESIAN_POINT('',(0.E0,1.E0,7.E-2));
#3684=DIRECTION('',(0.E0,0.E0,-1.E0));
#3685=DIRECTION('',(-1.E0,0.E0,0.E0));
#3686=AXIS2_PLACEMENT_3D('',#3683,#3684,#3685);
#3688=DIRECTION('',(0.E0,1.E0,0.E0));
#3689=VECTOR('',#3688,8.5E-1);
#3690=CARTESIAN_POINT('',(2.15E0,1.5E-1,7.E-2));
#3691=LINE('',#3690,#3689);
#3692=CARTESIAN_POINT('',(2.3E0,1.5E-1,7.E-2));
#3693=DIRECTION('',(0.E0,0.E0,-1.E0));
#3694=DIRECTION('',(0.E0,-1.E0,0.E0));
#3695=AXIS2_PLACEMENT_3D('',#3692,#3693,#3694);
#3697=DIRECTION('',(-1.E0,0.E0,0.E0));
#3698=VECTOR('',#3697,1.05E0);
#3699=CARTESIAN_POINT('',(3.35E0,0.E0,7.E-2));
#3700=LINE('',#3699,#3698);
#3701=CARTESIAN_POINT('',(3.05E0,3.6E0,7.E-2));
#3702=DIRECTION('',(0.E0,0.E0,-1.E0));
#3703=DIRECTION('',(0.E0,1.E0,0.E0));
#3704=AXIS2_PLACEMENT_3D('',#3701,#3702,#3703);
#3706=DIRECTION('',(-1.E0,0.E0,0.E0));
#3707=VECTOR('',#3706,6.1E0);
#3708=CARTESIAN_POINT('',(3.05E0,3.9E0,7.E-2));
#3709=LINE('',#3708,#3707);
#3710=CARTESIAN_POINT('',(-3.05E0,3.6E0,3.11E0));
#3711=DIRECTION('',(0.E0,0.E0,1.E0));
#3712=DIRECTION('',(0.E0,1.E0,0.E0));
#3713=AXIS2_PLACEMENT_3D('',#3710,#3711,#3712);
#3715=CARTESIAN_POINT('',(3.05E0,3.6E0,3.11E0));
#3716=DIRECTION('',(0.E0,0.E0,1.E0));
#3717=DIRECTION('',(1.E0,0.E0,0.E0));
#3718=AXIS2_PLACEMENT_3D('',#3715,#3716,#3717);
#3720=DIRECTION('',(-1.E0,0.E0,0.E0));
#3721=VECTOR('',#3720,6.7E0);
#3722=CARTESIAN_POINT('',(3.35E0,0.E0,3.11E0));
#3723=LINE('',#3722,#3721);
#3724=DIRECTION('',(0.E0,0.E0,1.E0));
#3725=VECTOR('',#3724,3.04E0);
#3726=CARTESIAN_POINT('',(-3.05E0,3.9E0,7.E-2));
#3727=LINE('',#3726,#3725);
#3728=DIRECTION('',(0.E0,0.E0,1.E0));
#3729=VECTOR('',#3728,3.04E0);
#3730=CARTESIAN_POINT('',(3.05E0,3.9E0,7.E-2));
#3731=LINE('',#3730,#3729);
#3732=DIRECTION('',(-1.E0,0.E0,0.E0));
#3733=VECTOR('',#3732,6.1E0);
#3734=CARTESIAN_POINT('',(3.05E0,3.9E0,3.11E0));
#3735=LINE('',#3734,#3733);
#3736=DIRECTION('',(0.E0,0.E0,1.E0));
#3737=VECTOR('',#3736,3.04E0);
#3738=CARTESIAN_POINT('',(3.35E0,3.6E0,7.E-2));
#3739=LINE('',#3738,#3737);
#3740=DIRECTION('',(0.E0,-1.E0,0.E0));
#3741=VECTOR('',#3740,3.6E0);
#3742=CARTESIAN_POINT('',(3.35E0,3.6E0,7.E-2));
#3743=LINE('',#3742,#3741);
#3744=DIRECTION('',(0.E0,1.E0,0.E0));
#3745=VECTOR('',#3744,3.6E0);
#3746=CARTESIAN_POINT('',(3.35E0,0.E0,3.11E0));
#3747=LINE('',#3746,#3745);
#3748=DIRECTION('',(0.E0,0.E0,1.E0));
#3749=VECTOR('',#3748,3.04E0);
#3750=CARTESIAN_POINT('',(-3.35E0,3.6E0,7.E-2));
#3751=LINE('',#3750,#3749);
#3752=DIRECTION('',(0.E0,-1.E0,0.E0));
#3753=VECTOR('',#3752,3.6E0);
#3754=CARTESIAN_POINT('',(-3.35E0,3.6E0,3.11E0));
#3755=LINE('',#3754,#3753);
#3756=DIRECTION('',(0.E0,0.E0,-1.E0));
#3757=VECTOR('',#3756,3.04E0);
#3758=CARTESIAN_POINT('',(-3.35E0,0.E0,3.11E0));
#3759=LINE('',#3758,#3757);
#3760=DIRECTION('',(0.E0,1.E0,0.E0));
#3761=VECTOR('',#3760,3.6E0);
#3762=CARTESIAN_POINT('',(-3.35E0,0.E0,7.E-2));
#3763=LINE('',#3762,#3761);
#3764=DIRECTION('',(0.E0,0.E0,-1.E0));
#3765=VECTOR('',#3764,1.9E0);
#3766=CARTESIAN_POINT('',(2.15E0,1.5E-1,1.97E0));
#3767=LINE('',#3766,#3765);
#3768=DIRECTION('',(0.E0,0.E0,1.E0));
#3769=VECTOR('',#3768,1.9E0);
#3770=CARTESIAN_POINT('',(2.15E0,1.E0,7.E-2));
#3771=LINE('',#3770,#3769);
#3772=DIRECTION('',(0.E0,0.E0,1.E0));
#3773=VECTOR('',#3772,1.E-2);
#3774=CARTESIAN_POINT('',(-1.5995E0,9.312553126812E-1,1.85E0));
#3775=LINE('',#3774,#3773);
#3776=DIRECTION('',(0.E0,0.E0,1.E0));
#3777=VECTOR('',#3776,1.E-2);
#3778=CARTESIAN_POINT('',(-1.530750002980E0,8.482765991688E-1,1.85E0));
#3779=LINE('',#3778,#3777);
#3780=DIRECTION('',(4.440892098501E-14,1.110223024625E-14,1.E0));
#3781=VECTOR('',#3780,1.E-2);
#3782=CARTESIAN_POINT('',(-1.462000005960E0,9.312553126812E-1,1.85E0));
#3783=LINE('',#3782,#3781);
#3784=DIRECTION('',(-2.220446049250E-14,0.E0,1.E0));
#3785=VECTOR('',#3784,1.E-2);
#3786=CARTESIAN_POINT('',(-1.424500005960E0,9.312553126812E-1,1.85E0));
#3787=LINE('',#3786,#3785);
#3788=DIRECTION('',(0.E0,0.E0,1.E0));
#3789=VECTOR('',#3788,1.E-2);
#3790=CARTESIAN_POINT('',(-1.512000002980E0,8.291276563406E-1,1.85E0));
#3791=LINE('',#3790,#3789);
#3792=DIRECTION('',(0.E0,0.E0,1.E0));
#3793=VECTOR('',#3792,1.E-2);
#3794=CARTESIAN_POINT('',(-1.424500005960E0,7.27E-1,1.85E0));
#3795=LINE('',#3794,#3793);
#3796=DIRECTION('',(0.E0,0.E0,1.E0));
#3797=VECTOR('',#3796,1.E-2);
#3798=CARTESIAN_POINT('',(-1.462000005960E0,7.27E-1,1.85E0));
#3799=LINE('',#3798,#3797);
#3800=DIRECTION('',(0.E0,0.E0,1.E0));
#3801=VECTOR('',#3800,1.E-2);
#3802=CARTESIAN_POINT('',(-1.530750002980E0,8.099787224531E-1,1.85E0));
#3803=LINE('',#3802,#3801);
#3804=DIRECTION('',(0.E0,0.E0,1.E0));
#3805=VECTOR('',#3804,1.E-2);
#3806=CARTESIAN_POINT('',(-1.5995E0,7.27E-1,1.85E0));
#3807=LINE('',#3806,#3805);
#3808=DIRECTION('',(4.440892098501E-14,1.110223024625E-14,1.E0));
#3809=VECTOR('',#3808,1.E-2);
#3810=CARTESIAN_POINT('',(-1.637E0,7.27E-1,1.85E0));
#3811=LINE('',#3810,#3809);
#3812=DIRECTION('',(0.E0,-1.110223024625E-14,1.E0));
#3813=VECTOR('',#3812,1.E-2);
#3814=CARTESIAN_POINT('',(-1.549500002980E0,8.291276563406E-1,1.85E0));
#3815=LINE('',#3814,#3813);
#3816=DIRECTION('',(0.E0,0.E0,1.E0));
#3817=VECTOR('',#3816,1.E-2);
#3818=CARTESIAN_POINT('',(-1.637E0,9.312553126812E-1,1.85E0));
#3819=LINE('',#3818,#3817);
#3820=DIRECTION('',(-1.E0,0.E0,0.E0));
#3821=VECTOR('',#3820,3.75E-2);
#3822=CARTESIAN_POINT('',(-1.5995E0,9.312553126812E-1,1.86E0));
#3823=LINE('',#3822,#3821);
#3824=DIRECTION('',(-6.379969874618E-1,7.700388587531E-1,0.E0));
#3825=VECTOR('',#3824,1.077591248405E-1);
#3826=CARTESIAN_POINT('',(-1.530750002980E0,8.482765991688E-1,1.86E0));
#3827=LINE('',#3826,#3825);
#3828=DIRECTION('',(-6.379969874618E-1,-7.700388587531E-1,0.E0));
#3829=VECTOR('',#3828,1.077591248405E-1);
#3830=CARTESIAN_POINT('',(-1.462000005960E0,9.312553126812E-1,1.86E0));
#3831=LINE('',#3830,#3829);
#3832=DIRECTION('',(-1.E0,0.E0,0.E0));
#3833=VECTOR('',#3832,3.75E-2);
#3834=CARTESIAN_POINT('',(-1.424500005960E0,9.312553126812E-1,1.86E0));
#3835=LINE('',#3834,#3833);
#3836=DIRECTION('',(6.506284968855E-1,7.593961805543E-1,0.E0));
#3837=VECTOR('',#3836,1.344853436925E-1);
#3838=CARTESIAN_POINT('',(-1.512000002980E0,8.291276563406E-1,1.86E0));
#3839=LINE('',#3838,#3837);
#3840=DIRECTION('',(-6.506284968855E-1,7.593961805543E-1,0.E0));
#3841=VECTOR('',#3840,1.344853436925E-1);
#3842=CARTESIAN_POINT('',(-1.424500005960E0,7.27E-1,1.86E0));
#3843=LINE('',#3842,#3841);
#3844=DIRECTION('',(1.E0,0.E0,0.E0));
#3845=VECTOR('',#3844,3.75E-2);
#3846=CARTESIAN_POINT('',(-1.462000005960E0,7.27E-1,1.86E0));
#3847=LINE('',#3846,#3845);
#3848=DIRECTION('',(6.379969467004E-1,-7.700388925249E-1,0.E0));
#3849=VECTOR('',#3848,1.077591317252E-1);
#3850=CARTESIAN_POINT('',(-1.530750002980E0,8.099787224531E-1,1.86E0));
#3851=LINE('',#3850,#3849);
#3852=DIRECTION('',(6.379969467004E-1,7.700388925249E-1,0.E0));
#3853=VECTOR('',#3852,1.077591317252E-1);
#3854=CARTESIAN_POINT('',(-1.5995E0,7.27E-1,1.86E0));
#3855=LINE('',#3854,#3853);
#3856=DIRECTION('',(1.E0,0.E0,0.E0));
#3857=VECTOR('',#3856,3.75E-2);
#3858=CARTESIAN_POINT('',(-1.637E0,7.27E-1,1.86E0));
#3859=LINE('',#3858,#3857);
#3860=DIRECTION('',(-6.506284968855E-1,-7.593961805543E-1,0.E0));
#3861=VECTOR('',#3860,1.344853436925E-1);
#3862=CARTESIAN_POINT('',(-1.549500002980E0,8.291276563406E-1,1.86E0));
#3863=LINE('',#3862,#3861);
#3864=DIRECTION('',(6.506284968855E-1,-7.593961805543E-1,0.E0));
#3865=VECTOR('',#3864,1.344853436925E-1);
#3866=CARTESIAN_POINT('',(-1.637E0,9.312553126812E-1,1.86E0));
#3867=LINE('',#3866,#3865);
#3868=DIRECTION('',(0.E0,0.E0,1.E0));
#3869=VECTOR('',#3868,1.E-2);
#3870=CARTESIAN_POINT('',(-1.337E0,9.312553126812E-1,1.85E0));
#3871=LINE('',#3870,#3869);
#3872=DIRECTION('',(0.E0,0.E0,1.E0));
#3873=VECTOR('',#3872,1.E-2);
#3874=CARTESIAN_POINT('',(-1.268250011921E0,8.482765991688E-1,1.85E0));
#3875=LINE('',#3874,#3873);
#3876=DIRECTION('',(2.220446049250E-14,1.110223024625E-14,1.E0));
#3877=VECTOR('',#3876,1.E-2);
#3878=CARTESIAN_POINT('',(-1.199499988079E0,9.312553126812E-1,1.85E0));
#3879=LINE('',#3878,#3877);
#3880=DIRECTION('',(0.E0,0.E0,1.E0));
#3881=VECTOR('',#3880,1.E-2);
#3882=CARTESIAN_POINT('',(-1.161999988079E0,9.312553126812E-1,1.85E0));
#3883=LINE('',#3882,#3881);
#3884=DIRECTION('',(0.E0,-1.110223024625E-14,1.E0));
#3885=VECTOR('',#3884,1.E-2);
#3886=CARTESIAN_POINT('',(-1.249500011921E0,8.291276563406E-1,1.85E0));
#3887=LINE('',#3886,#3885);
#3888=DIRECTION('',(0.E0,0.E0,1.E0));
#3889=VECTOR('',#3888,1.E-2);
#3890=CARTESIAN_POINT('',(-1.161999988079E0,7.27E-1,1.85E0));
#3891=LINE('',#3890,#3889);
#3892=DIRECTION('',(2.220446049250E-14,0.E0,1.E0));
#3893=VECTOR('',#3892,1.E-2);
#3894=CARTESIAN_POINT('',(-1.199499988079E0,7.27E-1,1.85E0));
#3895=LINE('',#3894,#3893);
#3896=DIRECTION('',(0.E0,0.E0,1.E0));
#3897=VECTOR('',#3896,1.E-2);
#3898=CARTESIAN_POINT('',(-1.268250011921E0,8.099787224531E-1,1.85E0));
#3899=LINE('',#3898,#3897);
#3900=DIRECTION('',(0.E0,0.E0,1.E0));
#3901=VECTOR('',#3900,1.E-2);
#3902=CARTESIAN_POINT('',(-1.337E0,7.27E-1,1.85E0));
#3903=LINE('',#3902,#3901);
#3904=DIRECTION('',(0.E0,0.E0,1.E0));
#3905=VECTOR('',#3904,1.E-2);
#3906=CARTESIAN_POINT('',(-1.3745E0,7.27E-1,1.85E0));
#3907=LINE('',#3906,#3905);
#3908=DIRECTION('',(0.E0,0.E0,1.E0));
#3909=VECTOR('',#3908,1.E-2);
#3910=CARTESIAN_POINT('',(-1.287000011921E0,8.291276563406E-1,1.85E0));
#3911=LINE('',#3910,#3909);
#3912=DIRECTION('',(0.E0,0.E0,1.E0));
#3913=VECTOR('',#3912,1.E-2);
#3914=CARTESIAN_POINT('',(-1.3745E0,9.312553126812E-1,1.85E0));
#3915=LINE('',#3914,#3913);
#3916=DIRECTION('',(-1.E0,0.E0,0.E0));
#3917=VECTOR('',#3916,3.75E-2);
#3918=CARTESIAN_POINT('',(-1.337E0,9.312553126812E-1,1.86E0));
#3919=LINE('',#3918,#3917);
#3920=DIRECTION('',(-6.379969382643E-1,7.700388995144E-1,0.E0));
#3921=VECTOR('',#3920,1.077591191364E-1);
#3922=CARTESIAN_POINT('',(-1.268250011921E0,8.482765991688E-1,1.86E0));
#3923=LINE('',#3922,#3921);
#3924=DIRECTION('',(-6.379971350541E-1,-7.700387364690E-1,0.E0));
#3925=VECTOR('',#3924,1.077591419529E-1);
#3926=CARTESIAN_POINT('',(-1.199499988079E0,9.312553126812E-1,1.86E0));
#3927=LINE('',#3926,#3925);
#3928=DIRECTION('',(-1.E0,0.E0,0.E0));
#3929=VECTOR('',#3928,3.75E-2);
#3930=CARTESIAN_POINT('',(-1.161999988079E0,9.312553126812E-1,1.86E0));
#3931=LINE('',#3930,#3929);
#3932=DIRECTION('',(6.506286119005E-1,7.593960820128E-1,0.E0));
#3933=VECTOR('',#3932,1.344853611437E-1);
#3934=CARTESIAN_POINT('',(-1.249500011921E0,8.291276563406E-1,1.86E0));
#3935=LINE('',#3934,#3933);
#3936=DIRECTION('',(-6.506286119005E-1,7.593960820128E-1,0.E0));
#3937=VECTOR('',#3936,1.344853611437E-1);
#3938=CARTESIAN_POINT('',(-1.161999988079E0,7.27E-1,1.86E0));
#3939=LINE('',#3938,#3937);
#3940=DIRECTION('',(1.E0,0.E0,0.E0));
#3941=VECTOR('',#3940,3.75E-2);
#3942=CARTESIAN_POINT('',(-1.199499988079E0,7.27E-1,1.86E0));
#3943=LINE('',#3942,#3941);
#3944=DIRECTION('',(6.379970942927E-1,-7.700387702408E-1,0.E0));
#3945=VECTOR('',#3944,1.077591488376E-1);
#3946=CARTESIAN_POINT('',(-1.268250011921E0,8.099787224531E-1,1.86E0));
#3947=LINE('',#3946,#3945);
#3948=DIRECTION('',(6.379968975030E-1,7.700389332862E-1,0.E0));
#3949=VECTOR('',#3948,1.077591260211E-1);
#3950=CARTESIAN_POINT('',(-1.337E0,7.27E-1,1.86E0));
#3951=LINE('',#3950,#3949);
#3952=DIRECTION('',(1.E0,0.E0,0.E0));
#3953=VECTOR('',#3952,3.75E-2);
#3954=CARTESIAN_POINT('',(-1.3745E0,7.27E-1,1.86E0));
#3955=LINE('',#3954,#3953);
#3956=DIRECTION('',(-6.506284585472E-1,-7.593962134015E-1,0.E0));
#3957=VECTOR('',#3956,1.344853378754E-1);
#3958=CARTESIAN_POINT('',(-1.287000011921E0,8.291276563406E-1,1.86E0));
#3959=LINE('',#3958,#3957);
#3960=DIRECTION('',(6.506284585472E-1,-7.593962134015E-1,0.E0));
#3961=VECTOR('',#3960,1.344853378754E-1);
#3962=CARTESIAN_POINT('',(-1.3745E0,9.312553126812E-1,1.86E0));
#3963=LINE('',#3962,#3961);
#3964=DIRECTION('',(0.E0,8.881784197001E-14,1.E0));
#3965=VECTOR('',#3964,1.E-2);
#3966=CARTESIAN_POINT('',(0.E0,2.585610828679E0,1.85E0));
#3967=LINE('',#3966,#3965);
#3968=DIRECTION('',(0.E0,0.E0,1.E0));
#3969=VECTOR('',#3968,1.E-2);
#3970=CARTESIAN_POINT('',(4.22E-1,2.145707013525E0,1.85E0));
#3971=LINE('',#3970,#3969);
#3972=DIRECTION('',(0.E0,0.E0,1.E0));
#3973=VECTOR('',#3972,1.E-2);
#3974=CARTESIAN_POINT('',(-5.55E-1,1.924E0,1.85E0));
#3975=LINE('',#3974,#3973);
#3976=DIRECTION('',(-6.426806434392E-1,-7.661341857329E-1,0.E0));
#3977=VECTOR('',#3976,8.635704306108E-1);
#3978=CARTESIAN_POINT('',(0.E0,2.585610828679E0,1.86E0));
#3979=LINE('',#3978,#3977);
#3980=DIRECTION('',(-6.922691342517E-1,7.216394153331E-1,0.E0));
#3981=VECTOR('',#3980,6.095895066247E-1);
#3982=CARTESIAN_POINT('',(4.22E-1,2.145707013525E0,1.86E0));
#3983=LINE('',#3982,#3981);
#3984=CARTESIAN_POINT('',(-5.55E-1,1.924E0,1.86E0));
#3985=CARTESIAN_POINT('',(-4.237352481244E-1,1.997734962837E0,1.86E0));
#3986=CARTESIAN_POINT('',(-1.823030378939E-1,2.099269190377E0,1.86E0));
#3987=CARTESIAN_POINT('',(1.534740024545E-1,2.157794363077E0,1.86E0));
#3988=CARTESIAN_POINT('',(3.416157184728E-1,2.154490585383E0,1.86E0));
#3989=CARTESIAN_POINT('',(4.22E-1,2.145707013525E0,1.86E0));
#3991=CARTESIAN_POINT('',(-2.55E0,-1.2E0,1.45E0));
#3992=CARTESIAN_POINT('',(-2.55E0,-7.E-1,1.45E0));
#3993=VERTEX_POINT('',#3991);
#3994=VERTEX_POINT('',#3992);
#3995=CARTESIAN_POINT('',(-2.85E0,-7.E-1,1.45E0));
#3996=VERTEX_POINT('',#3995);
#3997=CARTESIAN_POINT('',(-2.85E0,-9.E-1,1.45E0));
#3998=VERTEX_POINT('',#3997);
#3999=CARTESIAN_POINT('',(2.85E0,-9.E-1,1.45E0));
#4000=CARTESIAN_POINT('',(2.85E0,-7.E-1,1.45E0));
#4001=VERTEX_POINT('',#3999);
#4002=VERTEX_POINT('',#4000);
#4003=CARTESIAN_POINT('',(2.55E0,-7.E-1,1.45E0));
#4004=VERTEX_POINT('',#4003);
#4005=CARTESIAN_POINT('',(2.55E0,-1.2E0,1.45E0));
#4006=VERTEX_POINT('',#4005);
#4007=CARTESIAN_POINT('',(-2.55E0,-1.2E0,2.5E0));
#4008=VERTEX_POINT('',#4007);
#4009=CARTESIAN_POINT('',(2.55E0,-1.2E0,2.5E0));
#4010=VERTEX_POINT('',#4009);
#4011=CARTESIAN_POINT('',(-2.85E0,-9.E-1,2.5E0));
#4012=VERTEX_POINT('',#4011);
#4013=CARTESIAN_POINT('',(2.85E0,-9.E-1,2.5E0));
#4014=VERTEX_POINT('',#4013);
#4015=CARTESIAN_POINT('',(2.05E0,8.E-1,-1.45E0));
#4016=CARTESIAN_POINT('',(-2.05E0,8.E-1,-1.45E0));
#4017=VERTEX_POINT('',#4015);
#4018=VERTEX_POINT('',#4016);
#4019=CARTESIAN_POINT('',(-2.85E0,-9.E-1,-2.5E0));
#4020=CARTESIAN_POINT('',(-2.85E0,-9.E-1,-1.45E0));
#4021=VERTEX_POINT('',#4019);
#4022=VERTEX_POINT('',#4020);
#4023=CARTESIAN_POINT('',(-2.55E0,-1.2E0,-1.45E0));
#4024=CARTESIAN_POINT('',(-2.55E0,-7.E-1,-1.45E0));
#4025=VERTEX_POINT('',#4023);
#4026=VERTEX_POINT('',#4024);
#4027=CARTESIAN_POINT('',(-2.85E0,-7.E-1,-1.45E0));
#4028=VERTEX_POINT('',#4027);
#4029=CARTESIAN_POINT('',(-2.55E0,-1.2E0,-2.5E0));
#4030=VERTEX_POINT('',#4029);
#4031=CARTESIAN_POINT('',(-2.05E0,8.E-1,-1.65E0));
#4032=CARTESIAN_POINT('',(2.05E0,8.E-1,-1.65E0));
#4033=VERTEX_POINT('',#4031);
#4034=VERTEX_POINT('',#4032);
#4035=CARTESIAN_POINT('',(1.85E0,8.E-1,1.85E0));
#4036=CARTESIAN_POINT('',(-1.85E0,8.E-1,1.85E0));
#4037=VERTEX_POINT('',#4035);
#4038=VERTEX_POINT('',#4036);
#4039=CARTESIAN_POINT('',(2.05E0,8.E-1,1.45E0));
#4040=CARTESIAN_POINT('',(2.05E0,7.999999999993E-1,1.65E0));
#4041=VERTEX_POINT('',#4039);
#4042=VERTEX_POINT('',#4040);
#4043=CARTESIAN_POINT('',(-2.05E0,8.E-1,1.45E0));
#4044=CARTESIAN_POINT('',(-2.05E0,7.999999999994E-1,1.65E0));
#4045=VERTEX_POINT('',#4043);
#4046=VERTEX_POINT('',#4044);
#4047=CARTESIAN_POINT('',(2.45E0,-1.2E0,-2.5E0));
#4048=CARTESIAN_POINT('',(2.65E0,-1.2E0,-2.3E0));
#4049=VERTEX_POINT('',#4047);
#4050=VERTEX_POINT('',#4048);
#4051=CARTESIAN_POINT('',(2.95E0,-9.E-1,1.45E0));
#4052=CARTESIAN_POINT('',(3.15E0,-9.E-1,1.65E0));
#4053=VERTEX_POINT('',#4051);
#4054=VERTEX_POINT('',#4052);
#4055=CARTESIAN_POINT('',(3.15E0,-9.E-1,2.3E0));
#4056=CARTESIAN_POINT('',(2.95E0,-9.E-1,2.5E0));
#4057=VERTEX_POINT('',#4055);
#4058=VERTEX_POINT('',#4056);
#4059=CARTESIAN_POINT('',(-2.95E0,-9.E-1,2.5E0));
#4060=CARTESIAN_POINT('',(-3.15E0,-9.E-1,2.3E0));
#4061=VERTEX_POINT('',#4059);
#4062=VERTEX_POINT('',#4060);
#4063=CARTESIAN_POINT('',(-2.95E0,-9.E-1,-1.45E0));
#4064=CARTESIAN_POINT('',(-3.15E0,-9.E-1,-1.65E0));
#4065=VERTEX_POINT('',#4063);
#4066=VERTEX_POINT('',#4064);
#4067=CARTESIAN_POINT('',(-3.15E0,-9.E-1,-2.3E0));
#4068=CARTESIAN_POINT('',(-2.95E0,-9.E-1,-2.5E0));
#4069=VERTEX_POINT('',#4067);
#4070=VERTEX_POINT('',#4068);
#4071=CARTESIAN_POINT('',(-3.15E0,-9.E-1,1.65E0));
#4072=CARTESIAN_POINT('',(-2.95E0,-9.E-1,1.45E0));
#4073=VERTEX_POINT('',#4071);
#4074=VERTEX_POINT('',#4072);
#4075=CARTESIAN_POINT('',(-7.445804187595E-1,2.71E0,1.45E0));
#4076=CARTESIAN_POINT('',(7.445804187595E-1,2.71E0,1.45E0));
#4077=VERTEX_POINT('',#4075);
#4078=VERTEX_POINT('',#4076);
#4079=CARTESIAN_POINT('',(7.445804187595E-1,2.71E0,1.65E0));
#4080=VERTEX_POINT('',#4079);
#4081=CARTESIAN_POINT('',(-7.445804187595E-1,2.71E0,1.65E0));
#4082=VERTEX_POINT('',#4081);
#4083=CARTESIAN_POINT('',(-1.5995E0,9.312553126812E-1,1.86E0));
#4084=CARTESIAN_POINT('',(-1.637E0,9.312553126812E-1,1.86E0));
#4085=VERTEX_POINT('',#4083);
#4086=VERTEX_POINT('',#4084);
#4087=CARTESIAN_POINT('',(-1.549500002980E0,8.291276563406E-1,1.86E0));
#4088=VERTEX_POINT('',#4087);
#4089=CARTESIAN_POINT('',(-1.637E0,7.27E-1,1.86E0));
#4090=VERTEX_POINT('',#4089);
#4091=CARTESIAN_POINT('',(-1.5995E0,7.27E-1,1.86E0));
#4092=VERTEX_POINT('',#4091);
#4093=CARTESIAN_POINT('',(-1.530750002980E0,8.099787224531E-1,1.86E0));
#4094=VERTEX_POINT('',#4093);
#4095=CARTESIAN_POINT('',(-1.462000005960E0,7.27E-1,1.86E0));
#4096=VERTEX_POINT('',#4095);
#4097=CARTESIAN_POINT('',(-1.424500005960E0,7.27E-1,1.86E0));
#4098=VERTEX_POINT('',#4097);
#4099=CARTESIAN_POINT('',(-1.512000002980E0,8.291276563406E-1,1.86E0));
#4100=VERTEX_POINT('',#4099);
#4101=CARTESIAN_POINT('',(-1.424500005960E0,9.312553126812E-1,1.86E0));
#4102=VERTEX_POINT('',#4101);
#4103=CARTESIAN_POINT('',(-1.462000005960E0,9.312553126812E-1,1.86E0));
#4104=VERTEX_POINT('',#4103);
#4105=CARTESIAN_POINT('',(-1.530750002980E0,8.482765991688E-1,1.86E0));
#4106=VERTEX_POINT('',#4105);
#4107=CARTESIAN_POINT('',(-1.337E0,9.312553126812E-1,1.86E0));
#4108=CARTESIAN_POINT('',(-1.3745E0,9.312553126812E-1,1.86E0));
#4109=VERTEX_POINT('',#4107);
#4110=VERTEX_POINT('',#4108);
#4111=CARTESIAN_POINT('',(-1.287000011921E0,8.291276563406E-1,1.86E0));
#4112=VERTEX_POINT('',#4111);
#4113=CARTESIAN_POINT('',(-1.3745E0,7.27E-1,1.86E0));
#4114=VERTEX_POINT('',#4113);
#4115=CARTESIAN_POINT('',(-1.337E0,7.27E-1,1.86E0));
#4116=VERTEX_POINT('',#4115);
#4117=CARTESIAN_POINT('',(-1.268250011921E0,8.099787224531E-1,1.86E0));
#4118=VERTEX_POINT('',#4117);
#4119=CARTESIAN_POINT('',(-1.199499988079E0,7.27E-1,1.86E0));
#4120=VERTEX_POINT('',#4119);
#4121=CARTESIAN_POINT('',(-1.161999988079E0,7.27E-1,1.86E0));
#4122=VERTEX_POINT('',#4121);
#4123=CARTESIAN_POINT('',(-1.249500011921E0,8.291276563406E-1,1.86E0));
#4124=VERTEX_POINT('',#4123);
#4125=CARTESIAN_POINT('',(-1.161999988079E0,9.312553126812E-1,1.86E0));
#4126=VERTEX_POINT('',#4125);
#4127=CARTESIAN_POINT('',(-1.199499988079E0,9.312553126812E-1,1.86E0));
#4128=VERTEX_POINT('',#4127);
#4129=CARTESIAN_POINT('',(-1.268250011921E0,8.482765991688E-1,1.86E0));
#4130=VERTEX_POINT('',#4129);
#4131=CARTESIAN_POINT('',(-1.5995E0,9.312553126812E-1,1.85E0));
#4132=CARTESIAN_POINT('',(-1.637E0,9.312553126812E-1,1.85E0));
#4133=VERTEX_POINT('',#4131);
#4134=VERTEX_POINT('',#4132);
#4135=CARTESIAN_POINT('',(-1.549500002980E0,8.291276563406E-1,1.85E0));
#4136=VERTEX_POINT('',#4135);
#4137=CARTESIAN_POINT('',(-1.637E0,7.27E-1,1.85E0));
#4138=VERTEX_POINT('',#4137);
#4139=CARTESIAN_POINT('',(-1.5995E0,7.27E-1,1.85E0));
#4140=VERTEX_POINT('',#4139);
#4141=CARTESIAN_POINT('',(-1.530750002980E0,8.099787224531E-1,1.85E0));
#4142=VERTEX_POINT('',#4141);
#4143=CARTESIAN_POINT('',(-1.462000005960E0,7.27E-1,1.85E0));
#4144=VERTEX_POINT('',#4143);
#4145=CARTESIAN_POINT('',(-1.424500005960E0,7.27E-1,1.85E0));
#4146=VERTEX_POINT('',#4145);
#4147=CARTESIAN_POINT('',(-1.512000002980E0,8.291276563406E-1,1.85E0));
#4148=VERTEX_POINT('',#4147);
#4149=CARTESIAN_POINT('',(-1.424500005960E0,9.312553126812E-1,1.85E0));
#4150=VERTEX_POINT('',#4149);
#4151=CARTESIAN_POINT('',(-1.462000005960E0,9.312553126812E-1,1.85E0));
#4152=VERTEX_POINT('',#4151);
#4153=CARTESIAN_POINT('',(-1.530750002980E0,8.482765991688E-1,1.85E0));
#4154=VERTEX_POINT('',#4153);
#4155=CARTESIAN_POINT('',(-1.337E0,9.312553126812E-1,1.85E0));
#4156=CARTESIAN_POINT('',(-1.3745E0,9.312553126812E-1,1.85E0));
#4157=VERTEX_POINT('',#4155);
#4158=VERTEX_POINT('',#4156);
#4159=CARTESIAN_POINT('',(-1.287000011921E0,8.291276563406E-1,1.85E0));
#4160=VERTEX_POINT('',#4159);
#4161=CARTESIAN_POINT('',(-1.3745E0,7.27E-1,1.85E0));
#4162=VERTEX_POINT('',#4161);
#4163=CARTESIAN_POINT('',(-1.337E0,7.27E-1,1.85E0));
#4164=VERTEX_POINT('',#4163);
#4165=CARTESIAN_POINT('',(-1.268250011921E0,8.099787224531E-1,1.85E0));
#4166=VERTEX_POINT('',#4165);
#4167=CARTESIAN_POINT('',(-1.199499988079E0,7.27E-1,1.85E0));
#4168=VERTEX_POINT('',#4167);
#4169=CARTESIAN_POINT('',(-1.161999988079E0,7.27E-1,1.85E0));
#4170=VERTEX_POINT('',#4169);
#4171=CARTESIAN_POINT('',(-1.249500011921E0,8.291276563406E-1,1.85E0));
#4172=VERTEX_POINT('',#4171);
#4173=CARTESIAN_POINT('',(-1.161999988079E0,9.312553126812E-1,1.85E0));
#4174=VERTEX_POINT('',#4173);
#4175=CARTESIAN_POINT('',(-1.199499988079E0,9.312553126812E-1,1.85E0));
#4176=VERTEX_POINT('',#4175);
#4177=CARTESIAN_POINT('',(-1.268250011921E0,8.482765991688E-1,1.85E0));
#4178=VERTEX_POINT('',#4177);
#4179=CARTESIAN_POINT('',(2.65E0,-1.2E0,-1.9E0));
#4180=CARTESIAN_POINT('',(2.15E0,-1.2E0,-1.45E0));
#4181=VERTEX_POINT('',#4179);
#4182=VERTEX_POINT('',#4180);
#4183=CARTESIAN_POINT('',(2.25E0,0.E0,1.45E0));
#4184=CARTESIAN_POINT('',(2.249999999981E0,0.E0,1.649999999869E0));
#4185=VERTEX_POINT('',#4183);
#4186=VERTEX_POINT('',#4184);
#4187=CARTESIAN_POINT('',(2.05E0,2.E-1,1.45E0));
#4188=CARTESIAN_POINT('',(2.05E0,2.E-1,1.649999999939E0));
#4189=VERTEX_POINT('',#4187);
#4190=VERTEX_POINT('',#4188);
#4191=CARTESIAN_POINT('',(1.85E0,2.E-1,1.85E0));
#4192=VERTEX_POINT('',#4191);
#4193=CARTESIAN_POINT('',(1.85E0,0.E0,2.05E0));
#4194=VERTEX_POINT('',#4193);
#4195=CARTESIAN_POINT('',(-2.25E0,0.E0,1.65E0));
#4196=CARTESIAN_POINT('',(-1.85E0,0.E0,2.05E0));
#4197=VERTEX_POINT('',#4195);
#4198=VERTEX_POINT('',#4196);
#4199=CARTESIAN_POINT('',(-2.05E0,2.E-1,1.65E0));
#4200=CARTESIAN_POINT('',(-1.85E0,2.E-1,1.85E0));
#4201=VERTEX_POINT('',#4199);
#4202=VERTEX_POINT('',#4200);
#4203=CARTESIAN_POINT('',(-2.05E0,2.E-1,1.45E0));
#4204=VERTEX_POINT('',#4203);
#4205=CARTESIAN_POINT('',(-2.25E0,0.E0,1.45E0));
#4206=VERTEX_POINT('',#4205);
#4207=CARTESIAN_POINT('',(2.05E0,2.E-1,-1.649999999939E0));
#4208=CARTESIAN_POINT('',(2.05E0,2.E-1,-1.45E0));
#4209=VERTEX_POINT('',#4207);
#4210=VERTEX_POINT('',#4208);
#4211=CARTESIAN_POINT('',(2.249999999961E0,0.E0,-1.649999999739E0));
#4212=CARTESIAN_POINT('',(2.25E0,0.E0,-1.54E0));
#4213=VERTEX_POINT('',#4211);
#4214=VERTEX_POINT('',#4212);
#4215=CARTESIAN_POINT('',(-2.249999999962E0,0.E0,-1.649999999929E0));
#4216=CARTESIAN_POINT('',(-2.25E0,0.E0,-1.45E0));
#4217=VERTEX_POINT('',#4215);
#4218=VERTEX_POINT('',#4216);
#4219=CARTESIAN_POINT('',(-2.05E0,2.E-1,-1.649999999947E0));
#4220=CARTESIAN_POINT('',(-2.05E0,2.E-1,-1.45E0));
#4221=VERTEX_POINT('',#4219);
#4222=VERTEX_POINT('',#4220);
#4223=VERTEX_POINT('',#2294);
#4224=CARTESIAN_POINT('',(2.55E0,-7.E-1,2.35E0));
#4225=CARTESIAN_POINT('',(2.85E0,-7.E-1,2.35E0));
#4226=VERTEX_POINT('',#4224);
#4227=VERTEX_POINT('',#4225);
#4228=CARTESIAN_POINT('',(2.55E0,-5.5E-1,2.5E0));
#4229=CARTESIAN_POINT('',(2.85E0,-5.5E-1,2.5E0));
#4230=VERTEX_POINT('',#4228);
#4231=VERTEX_POINT('',#4229);
#4232=CARTESIAN_POINT('',(-2.85E0,-7.E-1,2.35E0));
#4233=CARTESIAN_POINT('',(-2.55E0,-7.E-1,2.35E0));
#4234=VERTEX_POINT('',#4232);
#4235=VERTEX_POINT('',#4233);
#4236=CARTESIAN_POINT('',(-2.85E0,-5.5E-1,2.5E0));
#4237=CARTESIAN_POINT('',(-2.55E0,-5.5E-1,2.5E0));
#4238=VERTEX_POINT('',#4236);
#4239=VERTEX_POINT('',#4237);
#4240=CARTESIAN_POINT('',(-2.55E0,-7.E-1,-2.35E0));
#4241=CARTESIAN_POINT('',(-2.85E0,-7.E-1,-2.35E0));
#4242=VERTEX_POINT('',#4240);
#4243=VERTEX_POINT('',#4241);
#4244=CARTESIAN_POINT('',(-2.55E0,-5.5E-1,-2.5E0));
#4245=CARTESIAN_POINT('',(-2.85E0,-5.5E-1,-2.5E0));
#4246=VERTEX_POINT('',#4244);
#4247=VERTEX_POINT('',#4245);
#4248=CARTESIAN_POINT('',(-1.375E0,-1.2E0,-2.5E0));
#4249=CARTESIAN_POINT('',(-1.225E0,-1.2E0,-2.35E0));
#4250=VERTEX_POINT('',#4248);
#4251=VERTEX_POINT('',#4249);
#4252=CARTESIAN_POINT('',(4.75E-1,-1.2E0,-2.5E0));
#4253=CARTESIAN_POINT('',(6.25E-1,-1.2E0,-2.35E0));
#4254=VERTEX_POINT('',#4252);
#4255=VERTEX_POINT('',#4253);
#4256=CARTESIAN_POINT('',(-6.25E-1,-1.2E0,-2.35E0));
#4257=CARTESIAN_POINT('',(-4.75E-1,-1.2E0,-2.5E0));
#4258=VERTEX_POINT('',#4256);
#4259=VERTEX_POINT('',#4257);
#4260=CARTESIAN_POINT('',(-1.225E0,-1.2E0,-1.6E0));
#4261=CARTESIAN_POINT('',(-1.375E0,-1.2E0,-1.45E0));
#4262=VERTEX_POINT('',#4260);
#4263=VERTEX_POINT('',#4261);
#4264=CARTESIAN_POINT('',(-4.75E-1,-1.2E0,-1.45E0));
#4265=CARTESIAN_POINT('',(-6.25E-1,-1.2E0,-1.6E0));
#4266=VERTEX_POINT('',#4264);
#4267=VERTEX_POINT('',#4265);
#4268=CARTESIAN_POINT('',(6.25E-1,-1.2E0,-1.6E0));
#4269=CARTESIAN_POINT('',(4.75E-1,-1.2E0,-1.45E0));
#4270=VERTEX_POINT('',#4268);
#4271=VERTEX_POINT('',#4269);
#4272=CARTESIAN_POINT('',(1.225E0,-1.2E0,-2.35E0));
#4273=CARTESIAN_POINT('',(1.375E0,-1.2E0,-2.5E0));
#4274=VERTEX_POINT('',#4272);
#4275=VERTEX_POINT('',#4273);
#4276=CARTESIAN_POINT('',(1.375E0,-1.2E0,-1.45E0));
#4277=CARTESIAN_POINT('',(1.225E0,-1.2E0,-1.6E0));
#4278=VERTEX_POINT('',#4276);
#4279=VERTEX_POINT('',#4277);
#4280=CARTESIAN_POINT('',(1.375E0,-1.2E0,2.5E0));
#4281=CARTESIAN_POINT('',(1.225E0,-1.2E0,2.35E0));
#4282=VERTEX_POINT('',#4280);
#4283=VERTEX_POINT('',#4281);
#4284=CARTESIAN_POINT('',(-1.375E0,-1.2E0,1.45E0));
#4285=CARTESIAN_POINT('',(-1.225E0,-1.2E0,1.6E0));
#4286=VERTEX_POINT('',#4284);
#4287=VERTEX_POINT('',#4285);
#4288=CARTESIAN_POINT('',(4.75E-1,-1.2E0,1.45E0));
#4289=CARTESIAN_POINT('',(6.25E-1,-1.2E0,1.6E0));
#4290=VERTEX_POINT('',#4288);
#4291=VERTEX_POINT('',#4289);
#4292=CARTESIAN_POINT('',(1.225E0,-1.2E0,1.6E0));
#4293=CARTESIAN_POINT('',(1.375E0,-1.2E0,1.45E0));
#4294=VERTEX_POINT('',#4292);
#4295=VERTEX_POINT('',#4293);
#4296=CARTESIAN_POINT('',(-1.225E0,-1.2E0,2.35E0));
#4297=CARTESIAN_POINT('',(-1.375E0,-1.2E0,2.5E0));
#4298=VERTEX_POINT('',#4296);
#4299=VERTEX_POINT('',#4297);
#4300=CARTESIAN_POINT('',(-6.25E-1,-1.2E0,1.6E0));
#4301=CARTESIAN_POINT('',(-4.75E-1,-1.2E0,1.45E0));
#4302=VERTEX_POINT('',#4300);
#4303=VERTEX_POINT('',#4301);
#4304=CARTESIAN_POINT('',(-4.75E-1,-1.2E0,2.5E0));
#4305=CARTESIAN_POINT('',(-6.25E-1,-1.2E0,2.35E0));
#4306=VERTEX_POINT('',#4304);
#4307=VERTEX_POINT('',#4305);
#4308=CARTESIAN_POINT('',(6.25E-1,-1.2E0,2.35E0));
#4309=CARTESIAN_POINT('',(4.75E-1,-1.2E0,2.5E0));
#4310=VERTEX_POINT('',#4308);
#4311=VERTEX_POINT('',#4309);
#4312=CARTESIAN_POINT('',(6.25E-1,-6.894159549308E-1,-1.599999999999E0));
#4313=CARTESIAN_POINT('',(6.25E-1,-7.892192383463E-1,-1.759718640641E0));
#4314=VERTEX_POINT('',#4312);
#4315=VERTEX_POINT('',#4313);
#4316=CARTESIAN_POINT('',(7.75E-1,-5.622087405310E-1,-1.679487889672E0));
#4317=CARTESIAN_POINT('',(7.75E-1,-6.620120239629E-1,-1.839206530260E0));
#4318=VERTEX_POINT('',#4316);
#4319=VERTEX_POINT('',#4317);
#4320=CARTESIAN_POINT('',(6.25E-1,-8.5E-1,-1.971686346440E0));
#4321=VERTEX_POINT('',#4320);
#4322=CARTESIAN_POINT('',(7.75E-1,-7.E-1,-1.971686346440E0));
#4323=VERTEX_POINT('',#4322);
#4324=CARTESIAN_POINT('',(6.25E-1,-8.5E-1,-2.35E0));
#4325=VERTEX_POINT('',#4324);
#4326=CARTESIAN_POINT('',(7.75E-1,-7.E-1,-2.35E0));
#4327=VERTEX_POINT('',#4326);
#4328=CARTESIAN_POINT('',(7.75E-1,-5.5E-1,-2.5E0));
#4329=VERTEX_POINT('',#4328);
#4330=CARTESIAN_POINT('',(4.75E-1,-8.5E-1,-2.5E0));
#4331=VERTEX_POINT('',#4330);
#4332=VERTEX_POINT('',#1549);
#4333=VERTEX_POINT('',#1556);
#4334=VERTEX_POINT('',#1987);
#4335=VERTEX_POINT('',#1997);
#4336=CARTESIAN_POINT('',(-1.225E0,-7.892192383463E-1,-1.759718640641E0));
#4337=VERTEX_POINT('',#4336);
#4338=CARTESIAN_POINT('',(-1.075E0,-6.620120239629E-1,-1.839206530260E0));
#4339=VERTEX_POINT('',#4338);
#4340=CARTESIAN_POINT('',(-1.225E0,-8.5E-1,-1.971686346440E0));
#4341=VERTEX_POINT('',#4340);
#4342=CARTESIAN_POINT('',(-1.075E0,-7.E-1,-1.971686346440E0));
#4343=VERTEX_POINT('',#4342);
#4344=CARTESIAN_POINT('',(-1.225E0,-8.5E-1,-2.35E0));
#4345=VERTEX_POINT('',#4344);
#4346=CARTESIAN_POINT('',(-1.075E0,-7.E-1,-2.35E0));
#4347=VERTEX_POINT('',#4346);
#4348=CARTESIAN_POINT('',(-1.075E0,-5.5E-1,-2.5E0));
#4349=VERTEX_POINT('',#4348);
#4350=CARTESIAN_POINT('',(-1.375E0,-8.5E-1,-2.5E0));
#4351=VERTEX_POINT('',#4350);
#4352=CARTESIAN_POINT('',(-6.25E-1,-7.892192383463E-1,-1.759718640641E0));
#4353=CARTESIAN_POINT('',(-6.25E-1,-6.894159549295E-1,-1.599999999998E0));
#4354=VERTEX_POINT('',#4352);
#4355=VERTEX_POINT('',#4353);
#4356=CARTESIAN_POINT('',(-7.75E-1,-6.620120239629E-1,-1.839206530259E0));
#4357=CARTESIAN_POINT('',(-7.75E-1,-5.622087405236E-1,-1.679487889660E0));
#4358=VERTEX_POINT('',#4356);
#4359=VERTEX_POINT('',#4357);
#4360=CARTESIAN_POINT('',(-6.25E-1,-8.5E-1,-1.971686346440E0));
#4361=VERTEX_POINT('',#4360);
#4362=CARTESIAN_POINT('',(-7.75E-1,-7.E-1,-1.971686346440E0));
#4363=VERTEX_POINT('',#4362);
#4364=CARTESIAN_POINT('',(-7.75E-1,-7.E-1,-2.35E0));
#4365=VERTEX_POINT('',#4364);
#4366=CARTESIAN_POINT('',(-6.25E-1,-8.5E-1,-2.35E0));
#4367=VERTEX_POINT('',#4366);
#4368=CARTESIAN_POINT('',(-4.75E-1,-8.5E-1,-2.5E0));
#4369=VERTEX_POINT('',#4368);
#4370=CARTESIAN_POINT('',(-7.75E-1,-5.5E-1,-2.5E0));
#4371=VERTEX_POINT('',#4370);
#4372=VERTEX_POINT('',#1665);
#4373=VERTEX_POINT('',#1675);
#4374=VERTEX_POINT('',#1622);
#4375=VERTEX_POINT('',#1629);
#4376=CARTESIAN_POINT('',(1.225E0,-7.892192383463E-1,-1.759718640641E0));
#4377=VERTEX_POINT('',#4376);
#4378=CARTESIAN_POINT('',(1.075E0,-6.620120239629E-1,-1.839206530259E0));
#4379=VERTEX_POINT('',#4378);
#4380=CARTESIAN_POINT('',(1.225E0,-8.5E-1,-1.971686346440E0));
#4381=VERTEX_POINT('',#4380);
#4382=CARTESIAN_POINT('',(1.075E0,-7.E-1,-1.971686346440E0));
#4383=VERTEX_POINT('',#4382);
#4384=CARTESIAN_POINT('',(1.075E0,-7.E-1,-2.35E0));
#4385=VERTEX_POINT('',#4384);
#4386=CARTESIAN_POINT('',(1.225E0,-8.5E-1,-2.35E0));
#4387=VERTEX_POINT('',#4386);
#4388=CARTESIAN_POINT('',(1.375E0,-8.5E-1,-2.5E0));
#4389=VERTEX_POINT('',#4388);
#4390=CARTESIAN_POINT('',(1.075E0,-5.5E-1,-2.5E0));
#4391=VERTEX_POINT('',#4390);
#4392=VERTEX_POINT('',#472);
#4393=VERTEX_POINT('',#482);
#4394=VERTEX_POINT('',#429);
#4395=VERTEX_POINT('',#436);
#4396=CARTESIAN_POINT('',(-1.225E0,-7.892192383463E-1,1.759718640641E0));
#4397=VERTEX_POINT('',#4396);
#4398=CARTESIAN_POINT('',(-1.075E0,-6.620120239629E-1,1.839206530259E0));
#4399=VERTEX_POINT('',#4398);
#4400=CARTESIAN_POINT('',(-1.225E0,-8.5E-1,1.971686346440E0));
#4401=VERTEX_POINT('',#4400);
#4402=CARTESIAN_POINT('',(-1.075E0,-7.E-1,1.971686346440E0));
#4403=VERTEX_POINT('',#4402);
#4404=CARTESIAN_POINT('',(-1.075E0,-7.E-1,2.35E0));
#4405=VERTEX_POINT('',#4404);
#4406=CARTESIAN_POINT('',(-1.225E0,-8.5E-1,2.35E0));
#4407=VERTEX_POINT('',#4406);
#4408=CARTESIAN_POINT('',(-1.375E0,-8.5E-1,2.5E0));
#4409=VERTEX_POINT('',#4408);
#4410=CARTESIAN_POINT('',(-1.075E0,-5.5E-1,2.5E0));
#4411=VERTEX_POINT('',#4410);
#4412=CARTESIAN_POINT('',(6.25E-1,-7.892192383463E-1,1.759718640641E0));
#4413=CARTESIAN_POINT('',(6.25E-1,-6.894159549295E-1,1.599999999998E0));
#4414=VERTEX_POINT('',#4412);
#4415=VERTEX_POINT('',#4413);
#4416=CARTESIAN_POINT('',(7.75E-1,-6.620120239629E-1,1.839206530259E0));
#4417=CARTESIAN_POINT('',(7.75E-1,-5.622087405236E-1,1.679487889660E0));
#4418=VERTEX_POINT('',#4416);
#4419=VERTEX_POINT('',#4417);
#4420=CARTESIAN_POINT('',(6.25E-1,-8.5E-1,1.971686346440E0));
#4421=VERTEX_POINT('',#4420);
#4422=CARTESIAN_POINT('',(7.75E-1,-7.E-1,1.971686346440E0));
#4423=VERTEX_POINT('',#4422);
#4424=CARTESIAN_POINT('',(7.75E-1,-7.E-1,2.35E0));
#4425=VERTEX_POINT('',#4424);
#4426=CARTESIAN_POINT('',(6.25E-1,-8.5E-1,2.35E0));
#4427=VERTEX_POINT('',#4426);
#4428=CARTESIAN_POINT('',(4.75E-1,-8.5E-1,2.5E0));
#4429=VERTEX_POINT('',#4428);
#4430=CARTESIAN_POINT('',(7.75E-1,-5.5E-1,2.5E0));
#4431=VERTEX_POINT('',#4430);
#4432=VERTEX_POINT('',#879);
#4433=VERTEX_POINT('',#886);
#4434=VERTEX_POINT('',#3032);
#4435=VERTEX_POINT('',#3042);
#4436=CARTESIAN_POINT('',(1.225E0,-7.892192383463E-1,1.759718640641E0));
#4437=VERTEX_POINT('',#4436);
#4438=CARTESIAN_POINT('',(1.075E0,-6.620120239629E-1,1.839206530260E0));
#4439=VERTEX_POINT('',#4438);
#4440=CARTESIAN_POINT('',(1.225E0,-8.5E-1,1.971686346440E0));
#4441=VERTEX_POINT('',#4440);
#4442=CARTESIAN_POINT('',(1.075E0,-7.E-1,1.971686346440E0));
#4443=VERTEX_POINT('',#4442);
#4444=CARTESIAN_POINT('',(1.225E0,-8.5E-1,2.35E0));
#4445=VERTEX_POINT('',#4444);
#4446=CARTESIAN_POINT('',(1.075E0,-7.E-1,2.35E0));
#4447=VERTEX_POINT('',#4446);
#4448=CARTESIAN_POINT('',(1.075E0,-5.5E-1,2.5E0));
#4449=VERTEX_POINT('',#4448);
#4450=CARTESIAN_POINT('',(1.375E0,-8.5E-1,2.5E0));
#4451=VERTEX_POINT('',#4450);
#4452=CARTESIAN_POINT('',(-6.25E-1,-6.894159549308E-1,1.599999999999E0));
#4453=CARTESIAN_POINT('',(-6.25E-1,-7.892192383463E-1,1.759718640641E0));
#4454=VERTEX_POINT('',#4452);
#4455=VERTEX_POINT('',#4453);
#4456=CARTESIAN_POINT('',(-7.75E-1,-5.622087405310E-1,1.679487889672E0));
#4457=CARTESIAN_POINT('',(-7.75E-1,-6.620120239629E-1,1.839206530260E0));
#4458=VERTEX_POINT('',#4456);
#4459=VERTEX_POINT('',#4457);
#4460=CARTESIAN_POINT('',(-6.25E-1,-8.5E-1,1.971686346440E0));
#4461=VERTEX_POINT('',#4460);
#4462=CARTESIAN_POINT('',(-7.75E-1,-7.E-1,1.971686346440E0));
#4463=VERTEX_POINT('',#4462);
#4464=CARTESIAN_POINT('',(-6.25E-1,-8.5E-1,2.35E0));
#4465=VERTEX_POINT('',#4464);
#4466=CARTESIAN_POINT('',(-7.75E-1,-7.E-1,2.35E0));
#4467=VERTEX_POINT('',#4466);
#4468=CARTESIAN_POINT('',(-7.75E-1,-5.5E-1,2.5E0));
#4469=VERTEX_POINT('',#4468);
#4470=CARTESIAN_POINT('',(-4.75E-1,-8.5E-1,2.5E0));
#4471=VERTEX_POINT('',#4470);
#4472=CARTESIAN_POINT('',(0.E0,2.585610828679E0,1.86E0));
#4473=CARTESIAN_POINT('',(-5.55E-1,1.924E0,1.86E0));
#4474=VERTEX_POINT('',#4472);
#4475=VERTEX_POINT('',#4473);
#4476=VERTEX_POINT('',#3989);
#4477=CARTESIAN_POINT('',(0.E0,2.585610828679E0,1.85E0));
#4478=CARTESIAN_POINT('',(-5.55E-1,1.924E0,1.85E0));
#4479=VERTEX_POINT('',#4477);
#4480=VERTEX_POINT('',#4478);
#4481=VERTEX_POINT('',#149);
#4482=CARTESIAN_POINT('',(9.25E-1,2.E-1,1.85E0));
#4483=CARTESIAN_POINT('',(9.25E-1,0.E0,2.05E0));
#4484=VERTEX_POINT('',#4482);
#4485=VERTEX_POINT('',#4483);
#4486=CARTESIAN_POINT('',(-9.25E-1,0.E0,2.05E0));
#4487=CARTESIAN_POINT('',(-9.25E-1,2.E-1,1.85E0));
#4488=VERTEX_POINT('',#4486);
#4489=VERTEX_POINT('',#4487);
#4490=CARTESIAN_POINT('',(-9.25E-1,0.E0,1.85E0));
#4491=VERTEX_POINT('',#4490);
#4492=CARTESIAN_POINT('',(9.25E-1,0.E0,1.85E0));
#4493=VERTEX_POINT('',#4492);
#4494=CARTESIAN_POINT('',(0.E0,0.E0,1.85E0));
#4495=VERTEX_POINT('',#4494);
#4496=CARTESIAN_POINT('',(1.55E0,-1.25E0,4.05E0));
#4497=CARTESIAN_POINT('',(1.55E0,-1.5E0,4.05E0));
#4498=VERTEX_POINT('',#4496);
#4499=VERTEX_POINT('',#4497);
#4500=CARTESIAN_POINT('',(1.55E0,-1.5E0,-4.05E0));
#4501=CARTESIAN_POINT('',(1.55E0,-1.25E0,-4.05E0));
#4502=VERTEX_POINT('',#4500);
#4503=VERTEX_POINT('',#4501);
#4504=CARTESIAN_POINT('',(2.15E0,-1.25E0,4.05E0));
#4505=CARTESIAN_POINT('',(2.15E0,-1.5E0,4.05E0));
#4506=VERTEX_POINT('',#4504);
#4507=VERTEX_POINT('',#4505);
#4508=CARTESIAN_POINT('',(2.15E0,-1.5E0,-4.05E0));
#4509=CARTESIAN_POINT('',(2.15E0,-1.25E0,-4.05E0));
#4510=VERTEX_POINT('',#4508);
#4511=VERTEX_POINT('',#4509);
#4512=CARTESIAN_POINT('',(1.55E0,-6.E-1,3.169059892324E0));
#4513=CARTESIAN_POINT('',(1.55E0,-4.5E-1,2.909252271189E0));
#4514=VERTEX_POINT('',#4512);
#4515=VERTEX_POINT('',#4513);
#4516=CARTESIAN_POINT('',(2.15E0,-4.5E-1,2.909252271189E0));
#4517=VERTEX_POINT('',#4516);
#4518=CARTESIAN_POINT('',(2.15E0,-6.E-1,3.169059892324E0));
#4519=VERTEX_POINT('',#4518);
#4520=CARTESIAN_POINT('',(1.55E0,-1.35E0,3.313397459622E0));
#4521=CARTESIAN_POINT('',(1.55E0,-1.5E0,3.573205080757E0));
#4522=VERTEX_POINT('',#4520);
#4523=VERTEX_POINT('',#4521);
#4524=CARTESIAN_POINT('',(2.15E0,-1.5E0,3.573205080757E0));
#4525=VERTEX_POINT('',#4524);
#4526=CARTESIAN_POINT('',(2.15E0,-1.35E0,3.313397459622E0));
#4527=VERTEX_POINT('',#4526);
#4528=CARTESIAN_POINT('',(1.55E0,-4.5E-1,-2.909252271189E0));
#4529=CARTESIAN_POINT('',(1.55E0,-6.E-1,-3.169059892324E0));
#4530=VERTEX_POINT('',#4528);
#4531=VERTEX_POINT('',#4529);
#4532=CARTESIAN_POINT('',(2.15E0,-6.E-1,-3.169059892324E0));
#4533=VERTEX_POINT('',#4532);
#4534=CARTESIAN_POINT('',(2.15E0,-4.5E-1,-2.909252271189E0));
#4535=VERTEX_POINT('',#4534);
#4536=CARTESIAN_POINT('',(1.55E0,-1.5E0,-3.573205080757E0));
#4537=CARTESIAN_POINT('',(1.55E0,-1.35E0,-3.313397459622E0));
#4538=VERTEX_POINT('',#4536);
#4539=VERTEX_POINT('',#4537);
#4540=CARTESIAN_POINT('',(2.15E0,-1.35E0,-3.313397459622E0));
#4541=VERTEX_POINT('',#4540);
#4542=CARTESIAN_POINT('',(2.15E0,-1.5E0,-3.573205080757E0));
#4543=VERTEX_POINT('',#4542);
#4544=CARTESIAN_POINT('',(1.55E0,-1.25E0,3.573205080757E0));
#4545=CARTESIAN_POINT('',(2.15E0,-1.25E0,3.573205080757E0));
#4546=VERTEX_POINT('',#4544);
#4547=VERTEX_POINT('',#4545);
#4548=CARTESIAN_POINT('',(1.55E0,-1.225E0,3.529903810568E0));
#4549=CARTESIAN_POINT('',(2.15E0,-1.225E0,3.529903810568E0));
#4550=VERTEX_POINT('',#4548);
#4551=VERTEX_POINT('',#4549);
#4552=CARTESIAN_POINT('',(1.55E0,-1.225E0,-3.529903810568E0));
#4553=CARTESIAN_POINT('',(2.15E0,-1.225E0,-3.529903810568E0));
#4554=VERTEX_POINT('',#4552);
#4555=VERTEX_POINT('',#4553);
#4556=CARTESIAN_POINT('',(1.55E0,-1.25E0,-3.573205080757E0));
#4557=CARTESIAN_POINT('',(2.15E0,-1.25E0,-3.573205080757E0));
#4558=VERTEX_POINT('',#4556);
#4559=VERTEX_POINT('',#4557);
#4560=CARTESIAN_POINT('',(1.55E0,-7.25E-1,-2.952553541378E0));
#4561=CARTESIAN_POINT('',(2.15E0,-7.25E-1,-2.952553541378E0));
#4562=VERTEX_POINT('',#4560);
#4563=VERTEX_POINT('',#4561);
#4564=CARTESIAN_POINT('',(1.55E0,-7.E-1,-2.909252271189E0));
#4565=CARTESIAN_POINT('',(2.15E0,-7.E-1,-2.909252271189E0));
#4566=VERTEX_POINT('',#4564);
#4567=VERTEX_POINT('',#4565);
#4568=CARTESIAN_POINT('',(1.55E0,-7.E-1,2.909252271189E0));
#4569=CARTESIAN_POINT('',(2.15E0,-7.E-1,2.909252271189E0));
#4570=VERTEX_POINT('',#4568);
#4571=VERTEX_POINT('',#4569);
#4572=CARTESIAN_POINT('',(1.55E0,-7.25E-1,2.952553541378E0));
#4573=CARTESIAN_POINT('',(2.15E0,-7.25E-1,2.952553541378E0));
#4574=VERTEX_POINT('',#4572);
#4575=VERTEX_POINT('',#4573);
#4576=CARTESIAN_POINT('',(-3.E-1,-1.25E0,4.05E0));
#4577=CARTESIAN_POINT('',(-3.E-1,-1.5E0,4.05E0));
#4578=VERTEX_POINT('',#4576);
#4579=VERTEX_POINT('',#4577);
#4580=CARTESIAN_POINT('',(-3.E-1,-1.5E0,-4.05E0));
#4581=CARTESIAN_POINT('',(-3.E-1,-1.25E0,-4.05E0));
#4582=VERTEX_POINT('',#4580);
#4583=VERTEX_POINT('',#4581);
#4584=CARTESIAN_POINT('',(3.E-1,-1.25E0,4.05E0));
#4585=CARTESIAN_POINT('',(3.E-1,-1.5E0,4.05E0));
#4586=VERTEX_POINT('',#4584);
#4587=VERTEX_POINT('',#4585);
#4588=CARTESIAN_POINT('',(3.E-1,-1.5E0,-4.05E0));
#4589=CARTESIAN_POINT('',(3.E-1,-1.25E0,-4.05E0));
#4590=VERTEX_POINT('',#4588);
#4591=VERTEX_POINT('',#4589);
#4592=CARTESIAN_POINT('',(-2.15E0,-1.25E0,4.05E0));
#4593=CARTESIAN_POINT('',(-2.15E0,-1.5E0,4.05E0));
#4594=VERTEX_POINT('',#4592);
#4595=VERTEX_POINT('',#4593);
#4596=CARTESIAN_POINT('',(-2.15E0,-1.5E0,-4.05E0));
#4597=CARTESIAN_POINT('',(-2.15E0,-1.25E0,-4.05E0));
#4598=VERTEX_POINT('',#4596);
#4599=VERTEX_POINT('',#4597);
#4600=CARTESIAN_POINT('',(-1.55E0,-1.25E0,4.05E0));
#4601=CARTESIAN_POINT('',(-1.55E0,-1.5E0,4.05E0));
#4602=VERTEX_POINT('',#4600);
#4603=VERTEX_POINT('',#4601);
#4604=CARTESIAN_POINT('',(-1.55E0,-1.5E0,-4.05E0));
#4605=CARTESIAN_POINT('',(-1.55E0,-1.25E0,-4.05E0));
#4606=VERTEX_POINT('',#4604);
#4607=VERTEX_POINT('',#4605);
#4608=CARTESIAN_POINT('',(-3.E-1,-6.E-1,3.169059892324E0));
#4609=CARTESIAN_POINT('',(-3.E-1,-4.5E-1,2.909252271189E0));
#4610=VERTEX_POINT('',#4608);
#4611=VERTEX_POINT('',#4609);
#4612=CARTESIAN_POINT('',(3.E-1,-4.5E-1,2.909252271189E0));
#4613=VERTEX_POINT('',#4612);
#4614=CARTESIAN_POINT('',(3.E-1,-6.E-1,3.169059892324E0));
#4615=VERTEX_POINT('',#4614);
#4616=CARTESIAN_POINT('',(-3.E-1,-1.35E0,3.313397459622E0));
#4617=CARTESIAN_POINT('',(-3.E-1,-1.5E0,3.573205080757E0));
#4618=VERTEX_POINT('',#4616);
#4619=VERTEX_POINT('',#4617);
#4620=CARTESIAN_POINT('',(3.E-1,-1.5E0,3.573205080757E0));
#4621=VERTEX_POINT('',#4620);
#4622=CARTESIAN_POINT('',(3.E-1,-1.35E0,3.313397459622E0));
#4623=VERTEX_POINT('',#4622);
#4624=CARTESIAN_POINT('',(-3.E-1,-4.5E-1,-2.909252271189E0));
#4625=CARTESIAN_POINT('',(-3.E-1,-6.E-1,-3.169059892324E0));
#4626=VERTEX_POINT('',#4624);
#4627=VERTEX_POINT('',#4625);
#4628=CARTESIAN_POINT('',(3.E-1,-6.E-1,-3.169059892324E0));
#4629=VERTEX_POINT('',#4628);
#4630=CARTESIAN_POINT('',(3.E-1,-4.5E-1,-2.909252271189E0));
#4631=VERTEX_POINT('',#4630);
#4632=CARTESIAN_POINT('',(-3.E-1,-1.5E0,-3.573205080757E0));
#4633=CARTESIAN_POINT('',(-3.E-1,-1.35E0,-3.313397459622E0));
#4634=VERTEX_POINT('',#4632);
#4635=VERTEX_POINT('',#4633);
#4636=CARTESIAN_POINT('',(3.E-1,-1.35E0,-3.313397459622E0));
#4637=VERTEX_POINT('',#4636);
#4638=CARTESIAN_POINT('',(3.E-1,-1.5E0,-3.573205080757E0));
#4639=VERTEX_POINT('',#4638);
#4640=CARTESIAN_POINT('',(-3.E-1,-1.25E0,3.573205080757E0));
#4641=CARTESIAN_POINT('',(3.E-1,-1.25E0,3.573205080757E0));
#4642=VERTEX_POINT('',#4640);
#4643=VERTEX_POINT('',#4641);
#4644=CARTESIAN_POINT('',(-3.E-1,-1.225E0,3.529903810568E0));
#4645=CARTESIAN_POINT('',(3.E-1,-1.225E0,3.529903810568E0));
#4646=VERTEX_POINT('',#4644);
#4647=VERTEX_POINT('',#4645);
#4648=CARTESIAN_POINT('',(-3.E-1,-1.225E0,-3.529903810568E0));
#4649=CARTESIAN_POINT('',(3.E-1,-1.225E0,-3.529903810568E0));
#4650=VERTEX_POINT('',#4648);
#4651=VERTEX_POINT('',#4649);
#4652=CARTESIAN_POINT('',(-3.E-1,-1.25E0,-3.573205080757E0));
#4653=CARTESIAN_POINT('',(3.E-1,-1.25E0,-3.573205080757E0));
#4654=VERTEX_POINT('',#4652);
#4655=VERTEX_POINT('',#4653);
#4656=CARTESIAN_POINT('',(-3.E-1,-7.25E-1,-2.952553541378E0));
#4657=CARTESIAN_POINT('',(3.E-1,-7.25E-1,-2.952553541378E0));
#4658=VERTEX_POINT('',#4656);
#4659=VERTEX_POINT('',#4657);
#4660=CARTESIAN_POINT('',(-3.E-1,-7.E-1,-2.909252271189E0));
#4661=CARTESIAN_POINT('',(3.E-1,-7.E-1,-2.909252271189E0));
#4662=VERTEX_POINT('',#4660);
#4663=VERTEX_POINT('',#4661);
#4664=CARTESIAN_POINT('',(-3.E-1,-7.E-1,2.909252271189E0));
#4665=CARTESIAN_POINT('',(3.E-1,-7.E-1,2.909252271189E0));
#4666=VERTEX_POINT('',#4664);
#4667=VERTEX_POINT('',#4665);
#4668=CARTESIAN_POINT('',(-3.E-1,-7.25E-1,2.952553541378E0));
#4669=CARTESIAN_POINT('',(3.E-1,-7.25E-1,2.952553541378E0));
#4670=VERTEX_POINT('',#4668);
#4671=VERTEX_POINT('',#4669);
#4672=CARTESIAN_POINT('',(-2.15E0,-6.E-1,3.169059892324E0));
#4673=CARTESIAN_POINT('',(-2.15E0,-4.5E-1,2.909252271189E0));
#4674=VERTEX_POINT('',#4672);
#4675=VERTEX_POINT('',#4673);
#4676=CARTESIAN_POINT('',(-1.55E0,-4.5E-1,2.909252271189E0));
#4677=VERTEX_POINT('',#4676);
#4678=CARTESIAN_POINT('',(-1.55E0,-6.E-1,3.169059892324E0));
#4679=VERTEX_POINT('',#4678);
#4680=CARTESIAN_POINT('',(-2.15E0,-1.35E0,3.313397459622E0));
#4681=CARTESIAN_POINT('',(-2.15E0,-1.5E0,3.573205080757E0));
#4682=VERTEX_POINT('',#4680);
#4683=VERTEX_POINT('',#4681);
#4684=CARTESIAN_POINT('',(-1.55E0,-1.5E0,3.573205080757E0));
#4685=VERTEX_POINT('',#4684);
#4686=CARTESIAN_POINT('',(-1.55E0,-1.35E0,3.313397459622E0));
#4687=VERTEX_POINT('',#4686);
#4688=CARTESIAN_POINT('',(-2.15E0,-4.5E-1,-2.909252271189E0));
#4689=CARTESIAN_POINT('',(-2.15E0,-6.E-1,-3.169059892324E0));
#4690=VERTEX_POINT('',#4688);
#4691=VERTEX_POINT('',#4689);
#4692=CARTESIAN_POINT('',(-1.55E0,-6.E-1,-3.169059892324E0));
#4693=VERTEX_POINT('',#4692);
#4694=CARTESIAN_POINT('',(-1.55E0,-4.5E-1,-2.909252271189E0));
#4695=VERTEX_POINT('',#4694);
#4696=CARTESIAN_POINT('',(-2.15E0,-1.5E0,-3.573205080757E0));
#4697=CARTESIAN_POINT('',(-2.15E0,-1.35E0,-3.313397459622E0));
#4698=VERTEX_POINT('',#4696);
#4699=VERTEX_POINT('',#4697);
#4700=CARTESIAN_POINT('',(-1.55E0,-1.35E0,-3.313397459622E0));
#4701=VERTEX_POINT('',#4700);
#4702=CARTESIAN_POINT('',(-1.55E0,-1.5E0,-3.573205080757E0));
#4703=VERTEX_POINT('',#4702);
#4704=CARTESIAN_POINT('',(-2.15E0,-1.25E0,3.573205080757E0));
#4705=CARTESIAN_POINT('',(-1.55E0,-1.25E0,3.573205080757E0));
#4706=VERTEX_POINT('',#4704);
#4707=VERTEX_POINT('',#4705);
#4708=CARTESIAN_POINT('',(-2.15E0,-1.225E0,3.529903810568E0));
#4709=CARTESIAN_POINT('',(-1.55E0,-1.225E0,3.529903810568E0));
#4710=VERTEX_POINT('',#4708);
#4711=VERTEX_POINT('',#4709);
#4712=CARTESIAN_POINT('',(-2.15E0,-1.225E0,-3.529903810568E0));
#4713=CARTESIAN_POINT('',(-1.55E0,-1.225E0,-3.529903810568E0));
#4714=VERTEX_POINT('',#4712);
#4715=VERTEX_POINT('',#4713);
#4716=CARTESIAN_POINT('',(-2.15E0,-1.25E0,-3.573205080757E0));
#4717=CARTESIAN_POINT('',(-1.55E0,-1.25E0,-3.573205080757E0));
#4718=VERTEX_POINT('',#4716);
#4719=VERTEX_POINT('',#4717);
#4720=CARTESIAN_POINT('',(-2.15E0,-7.25E-1,-2.952553541378E0));
#4721=CARTESIAN_POINT('',(-1.55E0,-7.25E-1,-2.952553541378E0));
#4722=VERTEX_POINT('',#4720);
#4723=VERTEX_POINT('',#4721);
#4724=CARTESIAN_POINT('',(-2.15E0,-7.E-1,-2.909252271189E0));
#4725=CARTESIAN_POINT('',(-1.55E0,-7.E-1,-2.909252271189E0));
#4726=VERTEX_POINT('',#4724);
#4727=VERTEX_POINT('',#4725);
#4728=CARTESIAN_POINT('',(-2.15E0,-7.E-1,2.909252271189E0));
#4729=CARTESIAN_POINT('',(-1.55E0,-7.E-1,2.909252271189E0));
#4730=VERTEX_POINT('',#4728);
#4731=VERTEX_POINT('',#4729);
#4732=CARTESIAN_POINT('',(-2.15E0,-7.25E-1,2.952553541378E0));
#4733=CARTESIAN_POINT('',(-1.55E0,-7.25E-1,2.952553541378E0));
#4734=VERTEX_POINT('',#4732);
#4735=VERTEX_POINT('',#4733);
#4736=CARTESIAN_POINT('',(1.55E0,-7.E-1,2.5E0));
#4737=CARTESIAN_POINT('',(1.55E0,-4.5E-1,2.5E0));
#4738=VERTEX_POINT('',#4736);
#4739=VERTEX_POINT('',#4737);
#4740=CARTESIAN_POINT('',(2.15E0,-7.E-1,2.5E0));
#4741=CARTESIAN_POINT('',(2.15E0,-4.5E-1,2.5E0));
#4742=VERTEX_POINT('',#4740);
#4743=VERTEX_POINT('',#4741);
#4744=CARTESIAN_POINT('',(-3.E-1,-7.E-1,2.5E0));
#4745=CARTESIAN_POINT('',(-3.E-1,-4.5E-1,2.5E0));
#4746=VERTEX_POINT('',#4744);
#4747=VERTEX_POINT('',#4745);
#4748=CARTESIAN_POINT('',(3.E-1,-7.E-1,2.5E0));
#4749=CARTESIAN_POINT('',(3.E-1,-4.5E-1,2.5E0));
#4750=VERTEX_POINT('',#4748);
#4751=VERTEX_POINT('',#4749);
#4752=CARTESIAN_POINT('',(-2.15E0,-7.E-1,2.5E0));
#4753=CARTESIAN_POINT('',(-2.15E0,-4.5E-1,2.5E0));
#4754=VERTEX_POINT('',#4752);
#4755=VERTEX_POINT('',#4753);
#4756=CARTESIAN_POINT('',(-1.55E0,-7.E-1,2.5E0));
#4757=CARTESIAN_POINT('',(-1.55E0,-4.5E-1,2.5E0));
#4758=VERTEX_POINT('',#4756);
#4759=VERTEX_POINT('',#4757);
#4760=CARTESIAN_POINT('',(1.55E0,-7.E-1,-2.5E0));
#4761=CARTESIAN_POINT('',(1.55E0,-4.5E-1,-2.5E0));
#4762=VERTEX_POINT('',#4760);
#4763=VERTEX_POINT('',#4761);
#4764=CARTESIAN_POINT('',(2.15E0,-7.E-1,-2.5E0));
#4765=CARTESIAN_POINT('',(2.15E0,-4.5E-1,-2.5E0));
#4766=VERTEX_POINT('',#4764);
#4767=VERTEX_POINT('',#4765);
#4768=CARTESIAN_POINT('',(-3.E-1,-7.E-1,-2.5E0));
#4769=CARTESIAN_POINT('',(-3.E-1,-4.5E-1,-2.5E0));
#4770=VERTEX_POINT('',#4768);
#4771=VERTEX_POINT('',#4769);
#4772=CARTESIAN_POINT('',(3.E-1,-7.E-1,-2.5E0));
#4773=CARTESIAN_POINT('',(3.E-1,-4.5E-1,-2.5E0));
#4774=VERTEX_POINT('',#4772);
#4775=VERTEX_POINT('',#4773);
#4776=CARTESIAN_POINT('',(-2.15E0,-7.E-1,-2.5E0));
#4777=CARTESIAN_POINT('',(-2.15E0,-4.5E-1,-2.5E0));
#4778=VERTEX_POINT('',#4776);
#4779=VERTEX_POINT('',#4777);
#4780=CARTESIAN_POINT('',(-1.55E0,-7.E-1,-2.5E0));
#4781=CARTESIAN_POINT('',(-1.55E0,-4.5E-1,-2.5E0));
#4782=VERTEX_POINT('',#4780);
#4783=VERTEX_POINT('',#4781);
#4784=CARTESIAN_POINT('',(2.15E0,1.E0,-1.85E0));
#4785=CARTESIAN_POINT('',(-2.15E0,1.E0,-1.85E0));
#4786=VERTEX_POINT('',#4784);
#4787=VERTEX_POINT('',#4785);
#4788=CARTESIAN_POINT('',(2.15E0,1.E0,5.E-2));
#4789=CARTESIAN_POINT('',(-2.15E0,1.E0,5.E-2));
#4790=VERTEX_POINT('',#4788);
#4791=VERTEX_POINT('',#4789);
#4792=CARTESIAN_POINT('',(2.15E0,1.5E-1,5.E-2));
#4793=CARTESIAN_POINT('',(2.3E0,0.E0,5.E-2));
#4794=VERTEX_POINT('',#4792);
#4795=VERTEX_POINT('',#4793);
#4796=CARTESIAN_POINT('',(2.15E0,1.5E-1,-1.85E0));
#4797=VERTEX_POINT('',#4796);
#4798=CARTESIAN_POINT('',(-2.3E0,0.E0,5.E-2));
#4799=CARTESIAN_POINT('',(-2.15E0,1.5E-1,5.E-2));
#4800=VERTEX_POINT('',#4798);
#4801=VERTEX_POINT('',#4799);
#4802=CARTESIAN_POINT('',(-2.15E0,1.5E-1,-1.85E0));
#4803=VERTEX_POINT('',#4802);
#4804=CARTESIAN_POINT('',(-3.35E0,0.E0,-2.99E0));
#4805=CARTESIAN_POINT('',(-3.35E0,0.E0,5.E-2));
#4806=VERTEX_POINT('',#4804);
#4807=VERTEX_POINT('',#4805);
#4808=CARTESIAN_POINT('',(3.35E0,0.E0,-2.99E0));
#4809=CARTESIAN_POINT('',(3.35E0,0.E0,5.E-2));
#4810=VERTEX_POINT('',#4808);
#4811=VERTEX_POINT('',#4809);
#4812=CARTESIAN_POINT('',(3.05E0,3.9E0,-2.99E0));
#4813=CARTESIAN_POINT('',(3.35E0,3.6E0,-2.99E0));
#4814=VERTEX_POINT('',#4812);
#4815=VERTEX_POINT('',#4813);
#4816=CARTESIAN_POINT('',(3.35E0,3.6E0,5.E-2));
#4817=VERTEX_POINT('',#4816);
#4818=CARTESIAN_POINT('',(3.05E0,3.9E0,5.E-2));
#4819=VERTEX_POINT('',#4818);
#4820=CARTESIAN_POINT('',(-3.35E0,3.6E0,-2.99E0));
#4821=CARTESIAN_POINT('',(-3.05E0,3.9E0,-2.99E0));
#4822=VERTEX_POINT('',#4820);
#4823=VERTEX_POINT('',#4821);
#4824=CARTESIAN_POINT('',(-3.05E0,3.9E0,5.E-2));
#4825=VERTEX_POINT('',#4824);
#4826=CARTESIAN_POINT('',(-3.35E0,3.6E0,5.E-2));
#4827=VERTEX_POINT('',#4826);
#4828=CARTESIAN_POINT('',(-2.95E0,0.E0,-1.45E0));
#4829=CARTESIAN_POINT('',(-2.3E0,0.E0,-1.45E0));
#4830=VERTEX_POINT('',#4828);
#4831=VERTEX_POINT('',#4829);
#4832=CARTESIAN_POINT('',(-2.3E0,0.E0,-2.E0));
#4833=VERTEX_POINT('',#4832);
#4834=CARTESIAN_POINT('',(2.3E0,0.E0,-2.E0));
#4835=CARTESIAN_POINT('',(2.043649167310E0,0.E0,-2.E0));
#4836=VERTEX_POINT('',#4834);
#4837=VERTEX_POINT('',#4835);
#4838=CARTESIAN_POINT('',(-2.043649167310E0,0.E0,-2.E0));
#4839=VERTEX_POINT('',#4838);
#4840=CARTESIAN_POINT('',(2.3E0,0.E0,-1.585E0));
#4841=VERTEX_POINT('',#4840);
#4842=CARTESIAN_POINT('',(-3.15E0,0.E0,-1.65E0));
#4843=CARTESIAN_POINT('',(-3.15E0,0.E0,-2.3E0));
#4844=VERTEX_POINT('',#4842);
#4845=VERTEX_POINT('',#4843);
#4846=CARTESIAN_POINT('',(-2.95E0,0.E0,-2.5E0));
#4847=CARTESIAN_POINT('',(2.45E0,0.E0,-2.5E0));
#4848=VERTEX_POINT('',#4846);
#4849=VERTEX_POINT('',#4847);
#4850=CARTESIAN_POINT('',(1.85E0,8.E-1,-1.85E0));
#4851=CARTESIAN_POINT('',(1.85E0,2.E-1,-1.85E0));
#4852=VERTEX_POINT('',#4850);
#4853=VERTEX_POINT('',#4851);
#4854=CARTESIAN_POINT('',(-1.85E0,8.E-1,-1.85E0));
#4855=VERTEX_POINT('',#4854);
#4856=CARTESIAN_POINT('',(-1.85E0,2.E-1,-1.85E0));
#4857=VERTEX_POINT('',#4856);
#4858=CARTESIAN_POINT('',(2.65E0,0.E0,-2.3E0));
#4859=CARTESIAN_POINT('',(2.65E0,0.E0,-1.9E0));
#4860=VERTEX_POINT('',#4858);
#4861=VERTEX_POINT('',#4859);
#4862=VERTEX_POINT('',#2368);
#4863=VERTEX_POINT('',#2559);
#4864=CARTESIAN_POINT('',(9.E-1,1.E0,1.97E0));
#4865=CARTESIAN_POINT('',(-9.E-1,1.E0,1.97E0));
#4866=VERTEX_POINT('',#4864);
#4867=VERTEX_POINT('',#4865);
#4868=CARTESIAN_POINT('',(-2.15E0,1.E0,1.97E0));
#4869=CARTESIAN_POINT('',(2.15E0,1.E0,1.97E0));
#4870=VERTEX_POINT('',#4868);
#4871=VERTEX_POINT('',#4869);
#4872=CARTESIAN_POINT('',(-2.15E0,1.E0,7.E-2));
#4873=CARTESIAN_POINT('',(2.15E0,1.E0,7.E-2));
#4874=VERTEX_POINT('',#4872);
#4875=VERTEX_POINT('',#4873);
#4876=CARTESIAN_POINT('',(-2.15E0,1.5E-1,7.E-2));
#4877=CARTESIAN_POINT('',(-2.3E0,0.E0,7.E-2));
#4878=VERTEX_POINT('',#4876);
#4879=VERTEX_POINT('',#4877);
#4880=CARTESIAN_POINT('',(-2.15E0,1.5E-1,1.97E0));
#4881=VERTEX_POINT('',#4880);
#4882=CARTESIAN_POINT('',(-2.958020017427E-1,1.5E-1,1.97E0));
#4883=VERTEX_POINT('',#4882);
#4884=CARTESIAN_POINT('',(2.958020017427E-1,1.5E-1,1.97E0));
#4885=CARTESIAN_POINT('',(2.15E0,1.5E-1,1.97E0));
#4886=VERTEX_POINT('',#4884);
#4887=VERTEX_POINT('',#4885);
#4888=CARTESIAN_POINT('',(2.3E0,0.E0,7.E-2));
#4889=CARTESIAN_POINT('',(2.15E0,1.5E-1,7.E-2));
#4890=VERTEX_POINT('',#4888);
#4891=VERTEX_POINT('',#4889);
#4892=CARTESIAN_POINT('',(3.35E0,0.E0,3.11E0));
#4893=CARTESIAN_POINT('',(3.35E0,0.E0,7.E-2));
#4894=VERTEX_POINT('',#4892);
#4895=VERTEX_POINT('',#4893);
#4896=CARTESIAN_POINT('',(-3.35E0,0.E0,3.11E0));
#4897=CARTESIAN_POINT('',(-3.35E0,0.E0,7.E-2));
#4898=VERTEX_POINT('',#4896);
#4899=VERTEX_POINT('',#4897);
#4900=CARTESIAN_POINT('',(-3.05E0,3.9E0,3.11E0));
#4901=CARTESIAN_POINT('',(-3.35E0,3.6E0,3.11E0));
#4902=VERTEX_POINT('',#4900);
#4903=VERTEX_POINT('',#4901);
#4904=CARTESIAN_POINT('',(-3.35E0,3.6E0,7.E-2));
#4905=VERTEX_POINT('',#4904);
#4906=CARTESIAN_POINT('',(-3.05E0,3.9E0,7.E-2));
#4907=VERTEX_POINT('',#4906);
#4908=CARTESIAN_POINT('',(3.35E0,3.6E0,3.11E0));
#4909=CARTESIAN_POINT('',(3.05E0,3.9E0,3.11E0));
#4910=VERTEX_POINT('',#4908);
#4911=VERTEX_POINT('',#4909);
#4912=CARTESIAN_POINT('',(3.05E0,3.9E0,7.E-2));
#4913=VERTEX_POINT('',#4912);
#4914=CARTESIAN_POINT('',(3.35E0,3.6E0,7.E-2));
#4915=VERTEX_POINT('',#4914);
#4916=CARTESIAN_POINT('',(-8.595864638818E-1,1.266666666667E0,1.85E0));
#4917=CARTESIAN_POINT('',(8.595864638818E-1,1.266666666667E0,1.85E0));
#4918=VERTEX_POINT('',#4916);
#4919=VERTEX_POINT('',#4917);
#4920=CARTESIAN_POINT('',(-2.95E0,0.E0,1.45E0));
#4921=CARTESIAN_POINT('',(-2.3E0,0.E0,1.45E0));
#4922=VERTEX_POINT('',#4920);
#4923=VERTEX_POINT('',#4921);
#4924=CARTESIAN_POINT('',(2.3E0,0.E0,1.45E0));
#4925=CARTESIAN_POINT('',(2.95E0,0.E0,1.45E0));
#4926=VERTEX_POINT('',#4924);
#4927=VERTEX_POINT('',#4925);
#4928=CARTESIAN_POINT('',(2.3E0,0.E0,2.12E0));
#4929=VERTEX_POINT('',#4928);
#4930=CARTESIAN_POINT('',(-2.3E0,0.E0,2.12E0));
#4931=VERTEX_POINT('',#4930);
#4932=CARTESIAN_POINT('',(-3.15E0,0.E0,1.65E0));
#4933=CARTESIAN_POINT('',(-3.15E0,0.E0,2.3E0));
#4934=VERTEX_POINT('',#4932);
#4935=VERTEX_POINT('',#4933);
#4936=CARTESIAN_POINT('',(3.15E0,0.E0,1.65E0));
#4937=CARTESIAN_POINT('',(3.15E0,0.E0,2.3E0));
#4938=VERTEX_POINT('',#4936);
#4939=VERTEX_POINT('',#4937);
#4940=CARTESIAN_POINT('',(-2.95E0,0.E0,2.5E0));
#4941=CARTESIAN_POINT('',(2.95E0,0.E0,2.5E0));
#4942=VERTEX_POINT('',#4940);
#4943=VERTEX_POINT('',#4941);
#4944=CARTESIAN_POINT('',(-1.75E0,9.25E-1,1.4E0));
#4945=CARTESIAN_POINT('',(0.E0,-8.25E-1,1.4E0));
#4946=VERTEX_POINT('',#4944);
#4947=VERTEX_POINT('',#4945);
#4948=CARTESIAN_POINT('',(1.75E0,9.25E-1,1.4E0));
#4949=VERTEX_POINT('',#4948);
#4950=CARTESIAN_POINT('',(0.E0,2.675E0,1.4E0));
#4951=VERTEX_POINT('',#4950);
#4952=CARTESIAN_POINT('',(-1.75E0,9.25E-1,-1.4E0));
#4953=CARTESIAN_POINT('',(0.E0,-8.25E-1,-1.4E0));
#4954=VERTEX_POINT('',#4952);
#4955=VERTEX_POINT('',#4953);
#4956=CARTESIAN_POINT('',(1.75E0,9.25E-1,-1.4E0));
#4957=VERTEX_POINT('',#4956);
#4958=CARTESIAN_POINT('',(0.E0,2.675E0,-1.4E0));
#4959=VERTEX_POINT('',#4958);
#4960=CARTESIAN_POINT('',(-1.75E0,9.25E-1,1.2E0));
#4961=VERTEX_POINT('',#4960);
#4962=CARTESIAN_POINT('',(1.75E0,9.25E-1,1.2E0));
#4963=VERTEX_POINT('',#4962);
#4964=CARTESIAN_POINT('',(-1.75E0,9.25E-1,1.E0));
#4965=VERTEX_POINT('',#4964);
#4966=CARTESIAN_POINT('',(1.75E0,9.25E-1,1.E0));
#4967=VERTEX_POINT('',#4966);
#4968=CARTESIAN_POINT('',(-1.75E0,9.25E-1,8.E-1));
#4969=VERTEX_POINT('',#4968);
#4970=CARTESIAN_POINT('',(1.75E0,9.25E-1,8.E-1));
#4971=VERTEX_POINT('',#4970);
#4972=CARTESIAN_POINT('',(-1.75E0,9.25E-1,6.E-1));
#4973=VERTEX_POINT('',#4972);
#4974=CARTESIAN_POINT('',(1.75E0,9.25E-1,6.E-1));
#4975=VERTEX_POINT('',#4974);
#4976=CARTESIAN_POINT('',(-1.75E0,9.25E-1,4.E-1));
#4977=VERTEX_POINT('',#4976);
#4978=CARTESIAN_POINT('',(1.75E0,9.25E-1,4.E-1));
#4979=VERTEX_POINT('',#4978);
#4980=CARTESIAN_POINT('',(-1.75E0,9.25E-1,2.E-1));
#4981=VERTEX_POINT('',#4980);
#4982=CARTESIAN_POINT('',(1.75E0,9.25E-1,2.E-1));
#4983=VERTEX_POINT('',#4982);
#4984=CARTESIAN_POINT('',(-1.75E0,9.25E-1,0.E0));
#4985=VERTEX_POINT('',#4984);
#4986=CARTESIAN_POINT('',(1.75E0,9.25E-1,0.E0));
#4987=VERTEX_POINT('',#4986);
#4988=CARTESIAN_POINT('',(-1.75E0,9.25E-1,-2.E-1));
#4989=VERTEX_POINT('',#4988);
#4990=CARTESIAN_POINT('',(1.75E0,9.25E-1,-2.E-1));
#4991=VERTEX_POINT('',#4990);
#4992=CARTESIAN_POINT('',(-1.75E0,9.25E-1,-4.E-1));
#4993=VERTEX_POINT('',#4992);
#4994=CARTESIAN_POINT('',(1.75E0,9.25E-1,-4.E-1));
#4995=VERTEX_POINT('',#4994);
#4996=CARTESIAN_POINT('',(-1.75E0,9.25E-1,-6.E-1));
#4997=VERTEX_POINT('',#4996);
#4998=CARTESIAN_POINT('',(1.75E0,9.25E-1,-6.E-1));
#4999=VERTEX_POINT('',#4998);
#5000=CARTESIAN_POINT('',(-1.75E0,9.25E-1,-8.E-1));
#5001=VERTEX_POINT('',#5000);
#5002=CARTESIAN_POINT('',(1.75E0,9.25E-1,-8.E-1));
#5003=VERTEX_POINT('',#5002);
#5004=CARTESIAN_POINT('',(-1.75E0,9.25E-1,-1.E0));
#5005=VERTEX_POINT('',#5004);
#5006=CARTESIAN_POINT('',(1.75E0,9.25E-1,-1.E0));
#5007=VERTEX_POINT('',#5006);
#5008=CARTESIAN_POINT('',(-1.75E0,9.25E-1,-1.2E0));
#5009=VERTEX_POINT('',#5008);
#5010=CARTESIAN_POINT('',(1.75E0,9.25E-1,-1.2E0));
#5011=VERTEX_POINT('',#5010);
#5012=CARTESIAN_POINT('',(0.E0,2.675E0,1.45E0));
#5013=CARTESIAN_POINT('',(-1.121016472452E0,-4.188087916408E-1,1.45E0));
#5014=VERTEX_POINT('',#5012);
#5015=VERTEX_POINT('',#5013);
#5016=CARTESIAN_POINT('',(-4.75E-1,-7.593025262701E-1,1.45E0));
#5017=CARTESIAN_POINT('',(0.E0,-8.25E-1,1.45E0));
#5018=VERTEX_POINT('',#5016);
#5019=VERTEX_POINT('',#5017);
#5020=CARTESIAN_POINT('',(4.75E-1,-7.593025262701E-1,1.45E0));
#5021=VERTEX_POINT('',#5020);
#5022=CARTESIAN_POINT('',(1.121016472452E0,-4.188087916408E-1,1.45E0));
#5023=VERTEX_POINT('',#5022);
#5024=CARTESIAN_POINT('',(6.682245414128E-1,-4.188088746498E-1,
1.450000001168E0));
#5025=VERTEX_POINT('',#5024);
#5026=CARTESIAN_POINT('',(-6.682118568362E-1,-4.188078920835E-1,
1.449999987428E0));
#5027=VERTEX_POINT('',#5026);
#5028=CARTESIAN_POINT('',(0.E0,2.675E0,-1.45E0));
#5029=CARTESIAN_POINT('',(-1.121016472452E0,-4.188087916408E-1,-1.45E0));
#5030=VERTEX_POINT('',#5028);
#5031=VERTEX_POINT('',#5029);
#5032=CARTESIAN_POINT('',(-4.75E-1,-7.593025262701E-1,-1.45E0));
#5033=CARTESIAN_POINT('',(0.E0,-8.25E-1,-1.45E0));
#5034=VERTEX_POINT('',#5032);
#5035=VERTEX_POINT('',#5033);
#5036=CARTESIAN_POINT('',(4.75E-1,-7.593025262701E-1,-1.45E0));
#5037=VERTEX_POINT('',#5036);
#5038=CARTESIAN_POINT('',(1.121016472452E0,-4.188087916408E-1,-1.45E0));
#5039=VERTEX_POINT('',#5038);
#5040=CARTESIAN_POINT('',(6.682118568362E-1,-4.188078920835E-1,
-1.449999987428E0));
#5041=VERTEX_POINT('',#5040);
#5042=CARTESIAN_POINT('',(-6.682245414128E-1,-4.188088746498E-1,
-1.450000001168E0));
#5043=VERTEX_POINT('',#5042);
#5044=CARTESIAN_POINT('',(-4.750066744922E-1,-5.019611149397E-1,
1.450000083506E0));
#5045=VERTEX_POINT('',#5044);
#5046=CARTESIAN_POINT('',(4.750017225491E-1,-5.019566318462E-1,
1.449999999087E0));
#5047=VERTEX_POINT('',#5046);
#5048=CARTESIAN_POINT('',(4.750066744922E-1,-5.019611149397E-1,
-1.450000083506E0));
#5049=VERTEX_POINT('',#5048);
#5050=CARTESIAN_POINT('',(-4.750017225491E-1,-5.019566318462E-1,
-1.449999999087E0));
#5051=VERTEX_POINT('',#5050);
#5052=CARTESIAN_POINT('',(9.E-1,1.E0,1.45E0));
#5053=CARTESIAN_POINT('',(-9.E-1,1.E0,1.45E0));
#5054=VERTEX_POINT('',#5052);
#5055=VERTEX_POINT('',#5053);
#5056=CARTESIAN_POINT('',(-8.595864638818E-1,1.266666666667E0,1.45E0));
#5057=VERTEX_POINT('',#5056);
#5058=CARTESIAN_POINT('',(8.595864638818E-1,1.266666666667E0,1.45E0));
#5059=VERTEX_POINT('',#5058);
#5060=CARTESIAN_POINT('',(0.E0,0.E0,1.85E0));
#5061=DIRECTION('',(0.E0,0.E0,1.E0));
#5062=DIRECTION('',(1.E0,0.E0,0.E0));
#5063=AXIS2_PLACEMENT_3D('',#5060,#5061,#5062);
#5064=PLANE('',#5063);
#5066=ORIENTED_EDGE('',*,*,#5065,.F.);
#5068=ORIENTED_EDGE('',*,*,#5067,.F.);
#5070=ORIENTED_EDGE('',*,*,#5069,.F.);
#5072=ORIENTED_EDGE('',*,*,#5071,.T.);
#5074=ORIENTED_EDGE('',*,*,#5073,.F.);
#5076=ORIENTED_EDGE('',*,*,#5075,.F.);
#5078=ORIENTED_EDGE('',*,*,#5077,.F.);
#5080=ORIENTED_EDGE('',*,*,#5079,.F.);
#5082=ORIENTED_EDGE('',*,*,#5081,.T.);
#5084=ORIENTED_EDGE('',*,*,#5083,.F.);
#5086=ORIENTED_EDGE('',*,*,#5085,.F.);
#5088=ORIENTED_EDGE('',*,*,#5087,.F.);
#5089=EDGE_LOOP('',(#5066,#5068,#5070,#5072,#5074,#5076,#5078,#5080,#5082,#5084,
#5086,#5088));
#5090=FACE_OUTER_BOUND('',#5089,.F.);
#5092=ORIENTED_EDGE('',*,*,#5091,.T.);
#5094=ORIENTED_EDGE('',*,*,#5093,.T.);
#5096=ORIENTED_EDGE('',*,*,#5095,.T.);
#5098=ORIENTED_EDGE('',*,*,#5097,.T.);
#5100=ORIENTED_EDGE('',*,*,#5099,.T.);
#5102=ORIENTED_EDGE('',*,*,#5101,.T.);
#5104=ORIENTED_EDGE('',*,*,#5103,.T.);
#5106=ORIENTED_EDGE('',*,*,#5105,.T.);
#5108=ORIENTED_EDGE('',*,*,#5107,.T.);
#5110=ORIENTED_EDGE('',*,*,#5109,.T.);
#5112=ORIENTED_EDGE('',*,*,#5111,.T.);
#5114=ORIENTED_EDGE('',*,*,#5113,.T.);
#5115=EDGE_LOOP('',(#5092,#5094,#5096,#5098,#5100,#5102,#5104,#5106,#5108,#5110,
#5112,#5114));
#5116=FACE_BOUND('',#5115,.F.);
#5118=ORIENTED_EDGE('',*,*,#5117,.T.);
#5120=ORIENTED_EDGE('',*,*,#5119,.T.);
#5122=ORIENTED_EDGE('',*,*,#5121,.T.);
#5124=ORIENTED_EDGE('',*,*,#5123,.T.);
#5126=ORIENTED_EDGE('',*,*,#5125,.T.);
#5128=ORIENTED_EDGE('',*,*,#5127,.T.);
#5130=ORIENTED_EDGE('',*,*,#5129,.T.);
#5132=ORIENTED_EDGE('',*,*,#5131,.T.);
#5134=ORIENTED_EDGE('',*,*,#5133,.T.);
#5136=ORIENTED_EDGE('',*,*,#5135,.T.);
#5138=ORIENTED_EDGE('',*,*,#5137,.T.);
#5140=ORIENTED_EDGE('',*,*,#5139,.T.);
#5141=EDGE_LOOP('',(#5118,#5120,#5122,#5124,#5126,#5128,#5130,#5132,#5134,#5136,
#5138,#5140));
#5142=FACE_BOUND('',#5141,.F.);
#5144=ORIENTED_EDGE('',*,*,#5143,.T.);
#5146=ORIENTED_EDGE('',*,*,#5145,.T.);
#5148=ORIENTED_EDGE('',*,*,#5147,.T.);
#5149=EDGE_LOOP('',(#5144,#5146,#5148));
#5150=FACE_BOUND('',#5149,.F.);
#5151=ADVANCED_FACE('',(#5090,#5116,#5142,#5150),#5064,.T.);
#5152=FILL_AREA_STYLE_COLOUR('',#1);
#5153=FILL_AREA_STYLE('',(#5152));
#5154=SURFACE_STYLE_FILL_AREA(#5153);
#5155=SURFACE_SIDE_STYLE('',(#5154));
#5156=SURFACE_STYLE_USAGE(.BOTH.,#5155);
#5157=PRESENTATION_STYLE_ASSIGNMENT((#5156));
#5158=STYLED_ITEM('',(#5157),#5151);
#5159=CARTESIAN_POINT('',(0.E0,1.E0,7.E-2));
#5160=DIRECTION('',(0.E0,0.E0,-1.E0));
#5161=DIRECTION('',(-1.E0,0.E0,0.E0));
#5162=AXIS2_PLACEMENT_3D('',#5159,#5160,#5161);
#5163=CYLINDRICAL_SURFACE('',#5162,9.E-1);
#5165=ORIENTED_EDGE('',*,*,#5164,.T.);
#5167=ORIENTED_EDGE('',*,*,#5166,.T.);
#5168=ORIENTED_EDGE('',*,*,#5065,.T.);
#5170=ORIENTED_EDGE('',*,*,#5169,.F.);
#5172=ORIENTED_EDGE('',*,*,#5171,.T.);
#5174=ORIENTED_EDGE('',*,*,#5173,.T.);
#5176=ORIENTED_EDGE('',*,*,#5175,.T.);
#5178=ORIENTED_EDGE('',*,*,#5177,.F.);
#5179=EDGE_LOOP('',(#5165,#5167,#5168,#5170,#5172,#5174,#5176,#5178));
#5180=FACE_OUTER_BOUND('',#5179,.F.);
#5181=ADVANCED_FACE('',(#5180),#5163,.T.);
#5182=FILL_AREA_STYLE_COLOUR('',#6);
#5183=FILL_AREA_STYLE('',(#5182));
#5184=SURFACE_STYLE_FILL_AREA(#5183);
#5185=SURFACE_SIDE_STYLE('',(#5184));
#5186=SURFACE_STYLE_USAGE(.BOTH.,#5185);
#5187=PRESENTATION_STYLE_ASSIGNMENT((#5186));
#5188=STYLED_ITEM('',(#5187),#5181);
#5189=CARTESIAN_POINT('',(0.E0,9.25E-1,1.45E0));
#5190=DIRECTION('',(0.E0,0.E0,1.E0));
#5191=DIRECTION('',(0.E0,1.E0,0.E0));
#5192=AXIS2_PLACEMENT_3D('',#5189,#5190,#5191);
#5193=PLANE('',#5192);
#5195=ORIENTED_EDGE('',*,*,#5194,.F.);
#5196=ORIENTED_EDGE('',*,*,#5164,.F.);
#5198=ORIENTED_EDGE('',*,*,#5197,.F.);
#5199=ORIENTED_EDGE('',*,*,#5171,.F.);
#5200=EDGE_LOOP('',(#5195,#5196,#5198,#5199));
#5201=FACE_OUTER_BOUND('',#5200,.F.);
#5202=ADVANCED_FACE('',(#5201),#5193,.T.);
#5203=FILL_AREA_STYLE_COLOUR('',#9);
#5204=FILL_AREA_STYLE('',(#5203));
#5205=SURFACE_STYLE_FILL_AREA(#5204);
#5206=SURFACE_SIDE_STYLE('',(#5205));
#5207=SURFACE_STYLE_USAGE(.POSITIVE.,#5206);
#5208=PRESENTATION_STYLE_ASSIGNMENT((#5207));
#5209=STYLED_ITEM('',(#5208),#5202);
#5210=CARTESIAN_POINT('',(0.E0,9.25E-1,-1.85E0));
#5211=DIRECTION('',(0.E0,0.E0,1.E0));
#5212=DIRECTION('',(1.E0,0.E0,0.E0));
#5213=AXIS2_PLACEMENT_3D('',#5210,#5211,#5212);
#5214=CYLINDRICAL_SURFACE('',#5213,9.25E-1);
#5215=ORIENTED_EDGE('',*,*,#5067,.T.);
#5216=ORIENTED_EDGE('',*,*,#5166,.F.);
#5217=ORIENTED_EDGE('',*,*,#5194,.T.);
#5218=ORIENTED_EDGE('',*,*,#5169,.T.);
#5219=ORIENTED_EDGE('',*,*,#5087,.T.);
#5220=EDGE_LOOP('',(#5215,#5216,#5217,#5218,#5219));
#5221=FACE_OUTER_BOUND('',#5220,.F.);
#5222=ADVANCED_FACE('',(#5221),#5214,.F.);
#5223=FILL_AREA_STYLE_COLOUR('',#1);
#5224=FILL_AREA_STYLE('',(#5223));
#5225=SURFACE_STYLE_FILL_AREA(#5224);
#5226=SURFACE_SIDE_STYLE('',(#5225));
#5227=SURFACE_STYLE_USAGE(.POSITIVE.,#5226);
#5228=PRESENTATION_STYLE_ASSIGNMENT((#5227));
#5229=STYLED_ITEM('',(#5228),#5222);
#5230=CARTESIAN_POINT('',(0.E0,1.E0,7.E-2));
#5231=DIRECTION('',(0.E0,0.E0,-1.E0));
#5232=DIRECTION('',(-1.E0,0.E0,0.E0));
#5233=AXIS2_PLACEMENT_3D('',#5230,#5231,#5232);
#5234=CYLINDRICAL_SURFACE('',#5233,9.E-1);
#5235=ORIENTED_EDGE('',*,*,#5197,.T.);
#5236=ORIENTED_EDGE('',*,*,#5177,.T.);
#5238=ORIENTED_EDGE('',*,*,#5237,.T.);
#5240=ORIENTED_EDGE('',*,*,#5239,.F.);
#5242=ORIENTED_EDGE('',*,*,#5241,.T.);
#5243=ORIENTED_EDGE('',*,*,#5173,.F.);
#5244=EDGE_LOOP('',(#5235,#5236,#5238,#5240,#5242,#5243));
#5245=FACE_OUTER_BOUND('',#5244,.F.);
#5246=ADVANCED_FACE('',(#5245),#5234,.T.);
#5247=FILL_AREA_STYLE_COLOUR('',#6);
#5248=FILL_AREA_STYLE('',(#5247));
#5249=SURFACE_STYLE_FILL_AREA(#5248);
#5250=SURFACE_SIDE_STYLE('',(#5249));
#5251=SURFACE_STYLE_USAGE(.BOTH.,#5250);
#5252=PRESENTATION_STYLE_ASSIGNMENT((#5251));
#5253=STYLED_ITEM('',(#5252),#5246);
#5254=CARTESIAN_POINT('',(0.E0,0.E0,1.97E0));
#5255=DIRECTION('',(0.E0,0.E0,-1.E0));
#5256=DIRECTION('',(-1.E0,0.E0,0.E0));
#5257=AXIS2_PLACEMENT_3D('',#5254,#5255,#5256);
#5258=PLANE('',#5257);
#5260=ORIENTED_EDGE('',*,*,#5259,.T.);
#5261=ORIENTED_EDGE('',*,*,#5237,.F.);
#5262=ORIENTED_EDGE('',*,*,#5175,.F.);
#5263=ORIENTED_EDGE('',*,*,#5241,.F.);
#5265=ORIENTED_EDGE('',*,*,#5264,.T.);
#5267=ORIENTED_EDGE('',*,*,#5266,.F.);
#5269=ORIENTED_EDGE('',*,*,#5268,.F.);
#5271=ORIENTED_EDGE('',*,*,#5270,.F.);
#5272=EDGE_LOOP('',(#5260,#5261,#5262,#5263,#5265,#5267,#5269,#5271));
#5273=FACE_OUTER_BOUND('',#5272,.F.);
#5274=ADVANCED_FACE('',(#5273),#5258,.T.);
#5275=FILL_AREA_STYLE_COLOUR('',#6);
#5276=FILL_AREA_STYLE('',(#5275));
#5277=SURFACE_STYLE_FILL_AREA(#5276);
#5278=SURFACE_SIDE_STYLE('',(#5277));
#5279=SURFACE_STYLE_USAGE(.BOTH.,#5278);
#5280=PRESENTATION_STYLE_ASSIGNMENT((#5279));
#5281=STYLED_ITEM('',(#5280),#5274);
#5282=CARTESIAN_POINT('',(-1.109214E1,1.5E-1,2.12E0));
#5283=DIRECTION('',(1.E0,0.E0,0.E0));
#5284=DIRECTION('',(0.E0,-1.E0,0.E0));
#5285=AXIS2_PLACEMENT_3D('',#5282,#5283,#5284);
#5286=CYLINDRICAL_SURFACE('',#5285,1.5E-1);
#5288=ORIENTED_EDGE('',*,*,#5287,.T.);
#5290=ORIENTED_EDGE('',*,*,#5289,.F.);
#5291=ORIENTED_EDGE('',*,*,#5264,.F.);
#5292=ORIENTED_EDGE('',*,*,#5239,.T.);
#5293=ORIENTED_EDGE('',*,*,#5259,.F.);
#5295=ORIENTED_EDGE('',*,*,#5294,.T.);
#5296=EDGE_LOOP('',(#5288,#5290,#5291,#5292,#5293,#5295));
#5297=FACE_OUTER_BOUND('',#5296,.F.);
#5298=ADVANCED_FACE('',(#5297),#5286,.T.);
#5299=FILL_AREA_STYLE_COLOUR('',#6);
#5300=FILL_AREA_STYLE('',(#5299));
#5301=SURFACE_STYLE_FILL_AREA(#5300);
#5302=SURFACE_SIDE_STYLE('',(#5301));
#5303=SURFACE_STYLE_USAGE(.BOTH.,#5302);
#5304=PRESENTATION_STYLE_ASSIGNMENT((#5303));
#5305=STYLED_ITEM('',(#5304),#5298);
#5306=CARTESIAN_POINT('',(-2.05E0,0.E0,1.85E0));
#5307=DIRECTION('',(0.E0,1.E0,0.E0));
#5308=DIRECTION('',(-1.E0,0.E0,0.E0));
#5309=AXIS2_PLACEMENT_3D('',#5306,#5307,#5308);
#5310=PLANE('',#5309);
#5312=ORIENTED_EDGE('',*,*,#5311,.F.);
#5313=ORIENTED_EDGE('',*,*,#5287,.F.);
#5315=ORIENTED_EDGE('',*,*,#5314,.F.);
#5317=ORIENTED_EDGE('',*,*,#5316,.T.);
#5319=ORIENTED_EDGE('',*,*,#5318,.T.);
#5321=ORIENTED_EDGE('',*,*,#5320,.T.);
#5323=ORIENTED_EDGE('',*,*,#5322,.T.);
#5325=ORIENTED_EDGE('',*,*,#5324,.F.);
#5326=ORIENTED_EDGE('',*,*,#5069,.T.);
#5327=ORIENTED_EDGE('',*,*,#5085,.T.);
#5329=ORIENTED_EDGE('',*,*,#5328,.F.);
#5331=ORIENTED_EDGE('',*,*,#5330,.F.);
#5333=ORIENTED_EDGE('',*,*,#5332,.F.);
#5335=ORIENTED_EDGE('',*,*,#5334,.F.);
#5337=ORIENTED_EDGE('',*,*,#5336,.T.);
#5338=EDGE_LOOP('',(#5312,#5313,#5315,#5317,#5319,#5321,#5323,#5325,#5326,#5327,
#5329,#5331,#5333,#5335,#5337));
#5339=FACE_OUTER_BOUND('',#5338,.F.);
#5340=ADVANCED_FACE('',(#5339),#5310,.T.);
#5341=FILL_AREA_STYLE_COLOUR('',#4);
#5342=FILL_AREA_STYLE('',(#5341));
#5343=SURFACE_STYLE_FILL_AREA(#5342);
#5344=SURFACE_SIDE_STYLE('',(#5343));
#5345=SURFACE_STYLE_USAGE(.POSITIVE.,#5344);
#5346=FILL_AREA_STYLE_COLOUR('',#1);
#5347=FILL_AREA_STYLE('',(#5346));
#5348=SURFACE_STYLE_FILL_AREA(#5347);
#5349=SURFACE_SIDE_STYLE('',(#5348));
#5350=SURFACE_STYLE_USAGE(.NEGATIVE.,#5349);
#5351=PRESENTATION_STYLE_ASSIGNMENT((#5345,#5350));
#5352=STYLED_ITEM('',(#5351),#5340);
#5353=CARTESIAN_POINT('',(2.3E0,1.5E-1,6.63526E0));
#5354=DIRECTION('',(0.E0,0.E0,-1.E0));
#5355=DIRECTION('',(0.E0,-1.E0,0.E0));
#5356=AXIS2_PLACEMENT_3D('',#5353,#5354,#5355);
#5357=CYLINDRICAL_SURFACE('',#5356,1.5E-1);
#5358=ORIENTED_EDGE('',*,*,#5311,.T.);
#5360=ORIENTED_EDGE('',*,*,#5359,.T.);
#5362=ORIENTED_EDGE('',*,*,#5361,.T.);
#5364=ORIENTED_EDGE('',*,*,#5363,.F.);
#5365=ORIENTED_EDGE('',*,*,#5289,.T.);
#5366=EDGE_LOOP('',(#5358,#5360,#5362,#5364,#5365));
#5367=FACE_OUTER_BOUND('',#5366,.F.);
#5368=ADVANCED_FACE('',(#5367),#5357,.T.);
#5369=FILL_AREA_STYLE_COLOUR('',#6);
#5370=FILL_AREA_STYLE('',(#5369));
#5371=SURFACE_STYLE_FILL_AREA(#5370);
#5372=SURFACE_SIDE_STYLE('',(#5371));
#5373=SURFACE_STYLE_USAGE(.BOTH.,#5372);
#5374=PRESENTATION_STYLE_ASSIGNMENT((#5373));
#5375=STYLED_ITEM('',(#5374),#5368);
#5376=CARTESIAN_POINT('',(3.075E0,0.E0,2.92E0));
#5377=DIRECTION('',(0.E0,-1.E0,0.E0));
#5378=DIRECTION('',(-1.E0,0.E0,0.E0));
#5379=AXIS2_PLACEMENT_3D('',#5376,#5377,#5378);
#5380=PLANE('',#5379);
#5382=ORIENTED_EDGE('',*,*,#5381,.T.);
#5384=ORIENTED_EDGE('',*,*,#5383,.F.);
#5386=ORIENTED_EDGE('',*,*,#5385,.T.);
#5388=ORIENTED_EDGE('',*,*,#5387,.F.);
#5390=ORIENTED_EDGE('',*,*,#5389,.F.);
#5392=ORIENTED_EDGE('',*,*,#5391,.T.);
#5394=ORIENTED_EDGE('',*,*,#5393,.T.);
#5395=ORIENTED_EDGE('',*,*,#5359,.F.);
#5397=ORIENTED_EDGE('',*,*,#5396,.T.);
#5399=ORIENTED_EDGE('',*,*,#5398,.T.);
#5401=ORIENTED_EDGE('',*,*,#5400,.T.);
#5403=ORIENTED_EDGE('',*,*,#5402,.F.);
#5405=ORIENTED_EDGE('',*,*,#5404,.F.);
#5407=ORIENTED_EDGE('',*,*,#5406,.T.);
#5409=ORIENTED_EDGE('',*,*,#5408,.F.);
#5411=ORIENTED_EDGE('',*,*,#5410,.F.);
#5412=EDGE_LOOP('',(#5382,#5384,#5386,#5388,#5390,#5392,#5394,#5395,#5397,#5399,
#5401,#5403,#5405,#5407,#5409,#5411));
#5413=FACE_OUTER_BOUND('',#5412,.F.);
#5414=ADVANCED_FACE('',(#5413),#5380,.T.);
#5415=FILL_AREA_STYLE_COLOUR('',#6);
#5416=FILL_AREA_STYLE('',(#5415));
#5417=SURFACE_STYLE_FILL_AREA(#5416);
#5418=SURFACE_SIDE_STYLE('',(#5417));
#5419=SURFACE_STYLE_USAGE(.BOTH.,#5418);
#5420=PRESENTATION_STYLE_ASSIGNMENT((#5419));
#5421=STYLED_ITEM('',(#5420),#5414);
#5422=CARTESIAN_POINT('',(0.E0,0.E0,1.45E0));
#5423=DIRECTION('',(0.E0,0.E0,1.E0));
#5424=DIRECTION('',(1.E0,0.E0,0.E0));
#5425=AXIS2_PLACEMENT_3D('',#5422,#5423,#5424);
#5426=PLANE('',#5425);
#5428=ORIENTED_EDGE('',*,*,#5427,.F.);
#5430=ORIENTED_EDGE('',*,*,#5429,.F.);
#5432=ORIENTED_EDGE('',*,*,#5431,.F.);
#5434=ORIENTED_EDGE('',*,*,#5433,.F.);
#5436=ORIENTED_EDGE('',*,*,#5435,.F.);
#5438=ORIENTED_EDGE('',*,*,#5437,.F.);
#5440=ORIENTED_EDGE('',*,*,#5439,.T.);
#5442=ORIENTED_EDGE('',*,*,#5441,.F.);
#5444=ORIENTED_EDGE('',*,*,#5443,.F.);
#5446=ORIENTED_EDGE('',*,*,#5445,.F.);
#5448=ORIENTED_EDGE('',*,*,#5447,.F.);
#5449=ORIENTED_EDGE('',*,*,#5396,.F.);
#5450=ORIENTED_EDGE('',*,*,#5336,.F.);
#5452=ORIENTED_EDGE('',*,*,#5451,.F.);
#5454=ORIENTED_EDGE('',*,*,#5453,.F.);
#5456=ORIENTED_EDGE('',*,*,#5455,.F.);
#5458=ORIENTED_EDGE('',*,*,#5457,.F.);
#5460=ORIENTED_EDGE('',*,*,#5459,.F.);
#5462=ORIENTED_EDGE('',*,*,#5461,.F.);
#5464=ORIENTED_EDGE('',*,*,#5463,.F.);
#5465=ORIENTED_EDGE('',*,*,#5316,.F.);
#5466=ORIENTED_EDGE('',*,*,#5381,.F.);
#5468=ORIENTED_EDGE('',*,*,#5467,.F.);
#5470=ORIENTED_EDGE('',*,*,#5469,.T.);
#5472=ORIENTED_EDGE('',*,*,#5471,.F.);
#5474=ORIENTED_EDGE('',*,*,#5473,.F.);
#5476=ORIENTED_EDGE('',*,*,#5475,.F.);
#5478=ORIENTED_EDGE('',*,*,#5477,.F.);
#5480=ORIENTED_EDGE('',*,*,#5479,.F.);
#5482=ORIENTED_EDGE('',*,*,#5481,.F.);
#5484=ORIENTED_EDGE('',*,*,#5483,.F.);
#5485=EDGE_LOOP('',(#5428,#5430,#5432,#5434,#5436,#5438,#5440,#5442,#5444,#5446,
#5448,#5449,#5450,#5452,#5454,#5456,#5458,#5460,#5462,#5464,#5465,#5466,#5468,
#5470,#5472,#5474,#5476,#5478,#5480,#5482,#5484));
#5486=FACE_OUTER_BOUND('',#5485,.F.);
#5487=ADVANCED_FACE('',(#5486),#5426,.F.);
#5488=FILL_AREA_STYLE_COLOUR('',#2);
#5489=FILL_AREA_STYLE('',(#5488));
#5490=SURFACE_STYLE_FILL_AREA(#5489);
#5491=SURFACE_SIDE_STYLE('',(#5490));
#5492=SURFACE_STYLE_USAGE(.POSITIVE.,#5491);
#5493=FILL_AREA_STYLE_COLOUR('',#1);
#5494=FILL_AREA_STYLE('',(#5493));
#5495=SURFACE_STYLE_FILL_AREA(#5494);
#5496=SURFACE_SIDE_STYLE('',(#5495));
#5497=SURFACE_STYLE_USAGE(.NEGATIVE.,#5496);
#5498=PRESENTATION_STYLE_ASSIGNMENT((#5492,#5497));
#5499=STYLED_ITEM('',(#5498),#5487);
#5500=CARTESIAN_POINT('',(0.E0,9.25E-1,-1.45E0));
#5501=DIRECTION('',(0.E0,0.E0,1.E0));
#5502=DIRECTION('',(0.E0,1.E0,0.E0));
#5503=AXIS2_PLACEMENT_3D('',#5500,#5501,#5502);
#5504=CYLINDRICAL_SURFACE('',#5503,1.75E0);
#5505=ORIENTED_EDGE('',*,*,#5427,.T.);
#5507=ORIENTED_EDGE('',*,*,#5506,.T.);
#5509=ORIENTED_EDGE('',*,*,#5508,.T.);
#5511=ORIENTED_EDGE('',*,*,#5510,.F.);
#5513=ORIENTED_EDGE('',*,*,#5512,.F.);
#5515=ORIENTED_EDGE('',*,*,#5514,.F.);
#5517=ORIENTED_EDGE('',*,*,#5516,.T.);
#5518=EDGE_LOOP('',(#5505,#5507,#5509,#5511,#5513,#5515,#5517));
#5519=FACE_OUTER_BOUND('',#5518,.F.);
#5520=ADVANCED_FACE('',(#5519),#5504,.T.);
#5521=FILL_AREA_STYLE_COLOUR('',#9);
#5522=FILL_AREA_STYLE('',(#5521));
#5523=SURFACE_STYLE_FILL_AREA(#5522);
#5524=SURFACE_SIDE_STYLE('',(#5523));
#5525=SURFACE_STYLE_USAGE(.POSITIVE.,#5524);
#5526=PRESENTATION_STYLE_ASSIGNMENT((#5525));
#5527=STYLED_ITEM('',(#5526),#5520);
#5528=CARTESIAN_POINT('',(0.E0,9.25E-1,1.45E0));
#5529=DIRECTION('',(0.E0,0.E0,1.E0));
#5530=DIRECTION('',(0.E0,1.E0,0.E0));
#5531=AXIS2_PLACEMENT_3D('',#5528,#5529,#5530);
#5532=PLANE('',#5531);
#5534=ORIENTED_EDGE('',*,*,#5533,.F.);
#5536=ORIENTED_EDGE('',*,*,#5535,.F.);
#5538=ORIENTED_EDGE('',*,*,#5537,.F.);
#5539=ORIENTED_EDGE('',*,*,#5506,.F.);
#5540=EDGE_LOOP('',(#5534,#5536,#5538,#5539));
#5541=FACE_OUTER_BOUND('',#5540,.F.);
#5542=ADVANCED_FACE('',(#5541),#5532,.T.);
#5543=FILL_AREA_STYLE_COLOUR('',#9);
#5544=FILL_AREA_STYLE('',(#5543));
#5545=SURFACE_STYLE_FILL_AREA(#5544);
#5546=SURFACE_SIDE_STYLE('',(#5545));
#5547=SURFACE_STYLE_USAGE(.POSITIVE.,#5546);
#5548=PRESENTATION_STYLE_ASSIGNMENT((#5547));
#5549=STYLED_ITEM('',(#5548),#5542);
#5550=CARTESIAN_POINT('',(-6.25E-1,-4.188087916408E-1,1.45E0));
#5551=DIRECTION('',(0.E0,-8.480480961564E-1,-5.299192642332E-1));
#5552=DIRECTION('',(0.E0,-5.299192642332E-1,8.480480961564E-1));
#5553=AXIS2_PLACEMENT_3D('',#5550,#5551,#5552);
#5554=PLANE('',#5553);
#5555=ORIENTED_EDGE('',*,*,#5533,.T.);
#5556=ORIENTED_EDGE('',*,*,#5483,.T.);
#5558=ORIENTED_EDGE('',*,*,#5557,.F.);
#5560=ORIENTED_EDGE('',*,*,#5559,.F.);
#5562=ORIENTED_EDGE('',*,*,#5561,.T.);
#5564=ORIENTED_EDGE('',*,*,#5563,.F.);
#5566=ORIENTED_EDGE('',*,*,#5565,.F.);
#5567=EDGE_LOOP('',(#5555,#5556,#5558,#5560,#5562,#5564,#5566));
#5568=FACE_OUTER_BOUND('',#5567,.F.);
#5569=ADVANCED_FACE('',(#5568),#5554,.T.);
#5570=FILL_AREA_STYLE_COLOUR('',#2);
#5571=FILL_AREA_STYLE('',(#5570));
#5572=SURFACE_STYLE_FILL_AREA(#5571);
#5573=SURFACE_SIDE_STYLE('',(#5572));
#5574=SURFACE_STYLE_USAGE(.POSITIVE.,#5573);
#5575=FILL_AREA_STYLE_COLOUR('',#1);
#5576=FILL_AREA_STYLE('',(#5575));
#5577=SURFACE_STYLE_FILL_AREA(#5576);
#5578=SURFACE_SIDE_STYLE('',(#5577));
#5579=SURFACE_STYLE_USAGE(.NEGATIVE.,#5578);
#5580=PRESENTATION_STYLE_ASSIGNMENT((#5574,#5579));
#5581=STYLED_ITEM('',(#5580),#5569);
#5582=CARTESIAN_POINT('',(-1.224784003996E0,-6.988520804829E-1,
1.598879286790E0));
#5583=CARTESIAN_POINT('',(-1.224790722747E0,-6.977360845419E-1,
1.597984742086E0));
#5584=CARTESIAN_POINT('',(-1.224996509778E0,-6.821232467252E-1,
1.585473747910E0));
#5585=CARTESIAN_POINT('',(-1.228269905939E0,-6.532019056432E-1,
1.562398461249E0));
#5586=CARTESIAN_POINT('',(-1.239912853784E0,-6.145595169289E-1,
1.531810949938E0));
#5587=CARTESIAN_POINT('',(-1.256717923052E0,-5.814264808400E-1,
1.505785797496E0));
#5588=CARTESIAN_POINT('',(-1.277464352376E0,-5.542010472884E-1,
1.484561646246E0));
#5589=CARTESIAN_POINT('',(-1.300992072515E0,-5.332124300572E-1,
1.468315490204E0));
#5590=CARTESIAN_POINT('',(-1.326470368878E0,-5.184970247936E-1,
1.456995723684E0));
#5591=CARTESIAN_POINT('',(-1.352567644231E0,-5.103236128744E-1,
1.450737229440E0));
#5592=CARTESIAN_POINT('',(-1.370138792846E0,-5.089345986766E-1,
1.449676280650E0));
#5593=CARTESIAN_POINT('',(-1.378485254347E0,-5.091865747323E-1,
1.449868740603E0));
#5594=CARTESIAN_POINT('',(-1.230209818994E0,-6.186391799617E-1,
1.648904944228E0));
#5595=CARTESIAN_POINT('',(-1.229918793342E0,-6.175256856652E-1,
1.648046466198E0));
#5596=CARTESIAN_POINT('',(-1.225954005622E0,-6.019302145457E-1,
1.635976808964E0));
#5597=CARTESIAN_POINT('',(-1.221404174924E0,-5.726043501339E-1,
1.612050140782E0));
#5598=CARTESIAN_POINT('',(-1.223563834054E0,-5.323309414160E-1,
1.576240613206E0));
#5599=CARTESIAN_POINT('',(-1.234177549704E0,-4.968196811038E-1,
1.542301132253E0));
#5600=CARTESIAN_POINT('',(-1.252672034063E0,-4.667740174287E-1,
1.511763836739E0));
#5601=CARTESIAN_POINT('',(-1.278115935964E0,-4.429185975764E-1,
1.486256601032E0));
#5602=CARTESIAN_POINT('',(-1.309395464947E0,-4.257341426592E-1,
1.467146165920E0));
#5603=CARTESIAN_POINT('',(-1.344115483282E0,-4.159848641650E-1,
1.456016667802E0));
#5604=CARTESIAN_POINT('',(-1.368322344578E0,-4.143171599540E-1,
1.454084463256E0));
#5605=CARTESIAN_POINT('',(-1.379790373318E0,-4.146168013353E-1,
1.454432702825E0));
#5606=CARTESIAN_POINT('',(-1.163899047991E0,-5.618546564545E-1,
1.685572414060E0));
#5607=CARTESIAN_POINT('',(-1.163389806338E0,-5.607429331287E-1,
1.684321843843E0));
#5608=CARTESIAN_POINT('',(-1.156420713352E0,-5.451597562862E-1,
1.666721529577E0));
#5609=CARTESIAN_POINT('',(-1.147587492189E0,-5.155475206750E-1,
1.631355960314E0));
#5610=CARTESIAN_POINT('',(-1.148148942754E0,-4.741194760677E-1,
1.577340220127E0));
#5611=CARTESIAN_POINT('',(-1.162029256548E0,-4.369246171270E-1,
1.525329396305E0));
#5612=CARTESIAN_POINT('',(-1.188564848692E0,-4.048824488659E-1,
1.477929049939E0));
#5613=CARTESIAN_POINT('',(-1.226451162743E0,-3.789975547050E-1,
1.437928617647E0));
#5614=CARTESIAN_POINT('',(-1.273974935993E0,-3.600652037862E-1,
1.407725163706E0));
#5615=CARTESIAN_POINT('',(-1.327326752490E0,-3.492003337601E-1,
1.390043457081E0));
#5616=CARTESIAN_POINT('',(-1.364695424793E0,-3.473353385958E-1,
1.386966673149E0));
#5617=CARTESIAN_POINT('',(-1.382392792902E0,-3.476687233375E-1,
1.387520856395E0));
#5618=CARTESIAN_POINT('',(-1.069290241019E0,-5.656966502965E-1,
1.684861741475E0));
#5619=CARTESIAN_POINT('',(-1.068785259688E0,-5.645848071483E-1,
1.683047770130E0));
#5620=CARTESIAN_POINT('',(-1.061946177178E0,-5.490007984852E-1,
1.657567801823E0));
#5621=CARTESIAN_POINT('',(-1.055175345355E0,-5.194079385122E-1,
1.607669153793E0));
#5622=CARTESIAN_POINT('',(-1.063070614504E0,-4.780580156131E-1,
1.534389445335E0));
#5623=CARTESIAN_POINT('',(-1.087535610352E0,-4.409770675616E-1,
1.465988355137E0));
#5624=CARTESIAN_POINT('',(-1.127137831717E0,-4.090699811476E-1,
1.405221619891E0));
#5625=CARTESIAN_POINT('',(-1.179842071093E0,-3.833223995380E-1,
1.354990009593E0));
#5626=CARTESIAN_POINT('',(-1.243411896621E0,-3.645083098154E-1,
1.317657949531E0));
#5627=CARTESIAN_POINT('',(-1.313199335177E0,-3.537189197887E-1,
1.296035019899E0));
#5628=CARTESIAN_POINT('',(-1.361633939156E0,-3.518672731669E-1,
1.292290118667E0));
#5629=CARTESIAN_POINT('',(-1.384587732238E0,-3.521983748607E-1,
1.292965501030E0));
#5630=(BOUNDED_SURFACE()B_SPLINE_SURFACE(3,3,((#5582,#5583,#5584,#5585,#5586,
#5587,#5588,#5589,#5590,#5591,#5592,#5593),(#5594,#5595,#5596,#5597,#5598,#5599,
#5600,#5601,#5602,#5603,#5604,#5605),(#5606,#5607,#5608,#5609,#5610,#5611,#5612,
#5613,#5614,#5615,#5616,#5617),(#5618,#5619,#5620,#5621,#5622,#5623,#5624,#5625,
#5626,#5627,#5628,#5629)),.UNSPECIFIED.,.F.,.F.,.F.)B_SPLINE_SURFACE_WITH_KNOTS(
(4,4),(4,1,1,1,1,1,1,1,1,4),(0.E0,1.E0),(-4.953516196583E-3,0.E0,
6.433272182270E-2,1.232530914338E-1,1.780411659378E-1,2.285527161951E-1,
2.753703374957E-1,3.193139222456E-1,3.617288607553E-1,4.003160503101E-1),
.UNSPECIFIED.)GEOMETRIC_REPRESENTATION_ITEM()RATIONAL_B_SPLINE_SURFACE(((
1.195841578414E0,1.195841578414E0,1.195841578414E0,1.195841578414E0,
1.195841578414E0,1.195841578414E0,1.195841578414E0,1.195841578414E0,
1.195841578414E0,1.195841578414E0,1.195841578414E0,1.195841578414E0),(
9.347194738622E-1,9.347194738622E-1,9.347194738622E-1,9.347194738622E-1,
9.347194738622E-1,9.347194738622E-1,9.347194738622E-1,9.347194738622E-1,
9.347194738622E-1,9.347194738622E-1,9.347194738622E-1,9.347194738622E-1),(
9.347194738622E-1,9.347194738622E-1,9.347194738622E-1,9.347194738622E-1,
9.347194738622E-1,9.347194738622E-1,9.347194738622E-1,9.347194738622E-1,
9.347194738622E-1,9.347194738622E-1,9.347194738622E-1,9.347194738622E-1),(
1.195841578414E0,1.195841578414E0,1.195841578414E0,1.195841578414E0,
1.195841578414E0,1.195841578414E0,1.195841578414E0,1.195841578414E0,
1.195841578414E0,1.195841578414E0,1.195841578414E0,1.195841578414E0)))REPRESENTATION_ITEM('')SURFACE());
#5632=ORIENTED_EDGE('',*,*,#5631,.F.);
#5634=ORIENTED_EDGE('',*,*,#5633,.T.);
#5635=ORIENTED_EDGE('',*,*,#5557,.T.);
#5636=ORIENTED_EDGE('',*,*,#5481,.T.);
#5637=EDGE_LOOP('',(#5632,#5634,#5635,#5636));
#5638=FACE_OUTER_BOUND('',#5637,.F.);
#5639=ADVANCED_FACE('',(#5638),#5630,.F.);
#5640=FILL_AREA_STYLE_COLOUR('',#2);
#5641=FILL_AREA_STYLE('',(#5640));
#5642=SURFACE_STYLE_FILL_AREA(#5641);
#5643=SURFACE_SIDE_STYLE('',(#5642));
#5644=SURFACE_STYLE_USAGE(.POSITIVE.,#5643);
#5645=FILL_AREA_STYLE_COLOUR('',#1);
#5646=FILL_AREA_STYLE('',(#5645));
#5647=SURFACE_STYLE_FILL_AREA(#5646);
#5648=SURFACE_SIDE_STYLE('',(#5647));
#5649=SURFACE_STYLE_USAGE(.NEGATIVE.,#5648);
#5650=PRESENTATION_STYLE_ASSIGNMENT((#5644,#5649));
#5651=STYLED_ITEM('',(#5650),#5639);
#5652=CARTESIAN_POINT('',(-1.375E0,8.12958E0,1.6E0));
#5653=DIRECTION('',(0.E0,-1.E0,0.E0));
#5654=DIRECTION('',(0.E0,0.E0,-1.E0));
#5655=AXIS2_PLACEMENT_3D('',#5652,#5653,#5654);
#5656=CYLINDRICAL_SURFACE('',#5655,1.5E-1);
#5657=ORIENTED_EDGE('',*,*,#5631,.T.);
#5658=ORIENTED_EDGE('',*,*,#5479,.T.);
#5660=ORIENTED_EDGE('',*,*,#5659,.T.);
#5662=ORIENTED_EDGE('',*,*,#5661,.F.);
#5663=EDGE_LOOP('',(#5657,#5658,#5660,#5662));
#5664=FACE_OUTER_BOUND('',#5663,.F.);
#5665=ADVANCED_FACE('',(#5664),#5656,.T.);
#5666=FILL_AREA_STYLE_COLOUR('',#2);
#5667=FILL_AREA_STYLE('',(#5666));
#5668=SURFACE_STYLE_FILL_AREA(#5667);
#5669=SURFACE_SIDE_STYLE('',(#5668));
#5670=SURFACE_STYLE_USAGE(.POSITIVE.,#5669);
#5671=FILL_AREA_STYLE_COLOUR('',#1);
#5672=FILL_AREA_STYLE('',(#5671));
#5673=SURFACE_STYLE_FILL_AREA(#5672);
#5674=SURFACE_SIDE_STYLE('',(#5673));
#5675=SURFACE_STYLE_USAGE(.NEGATIVE.,#5674);
#5676=PRESENTATION_STYLE_ASSIGNMENT((#5670,#5675));
#5677=STYLED_ITEM('',(#5676),#5665);
#5678=CARTESIAN_POINT('',(-3.15E0,-1.2E0,1.85E0));
#5679=DIRECTION('',(0.E0,-1.E0,0.E0));
#5680=DIRECTION('',(1.E0,0.E0,0.E0));
#5681=AXIS2_PLACEMENT_3D('',#5678,#5679,#5680);
#5682=PLANE('',#5681);
#5683=ORIENTED_EDGE('',*,*,#5659,.F.);
#5684=ORIENTED_EDGE('',*,*,#5477,.T.);
#5686=ORIENTED_EDGE('',*,*,#5685,.T.);
#5688=ORIENTED_EDGE('',*,*,#5687,.T.);
#5690=ORIENTED_EDGE('',*,*,#5689,.F.);
#5692=ORIENTED_EDGE('',*,*,#5691,.F.);
#5693=EDGE_LOOP('',(#5683,#5684,#5686,#5688,#5690,#5692));
#5694=FACE_OUTER_BOUND('',#5693,.F.);
#5695=ADVANCED_FACE('',(#5694),#5682,.T.);
#5696=FILL_AREA_STYLE_COLOUR('',#2);
#5697=FILL_AREA_STYLE('',(#5696));
#5698=SURFACE_STYLE_FILL_AREA(#5697);
#5699=SURFACE_SIDE_STYLE('',(#5698));
#5700=SURFACE_STYLE_USAGE(.POSITIVE.,#5699);
#5701=FILL_AREA_STYLE_COLOUR('',#1);
#5702=FILL_AREA_STYLE('',(#5701));
#5703=SURFACE_STYLE_FILL_AREA(#5702);
#5704=SURFACE_SIDE_STYLE('',(#5703));
#5705=SURFACE_STYLE_USAGE(.NEGATIVE.,#5704);
#5706=PRESENTATION_STYLE_ASSIGNMENT((#5700,#5705));
#5707=STYLED_ITEM('',(#5706),#5695);
#5708=CARTESIAN_POINT('',(-2.55E0,-1.2E0,2.5E0));
#5709=DIRECTION('',(1.E0,0.E0,0.E0));
#5710=DIRECTION('',(0.E0,1.E0,0.E0));
#5711=AXIS2_PLACEMENT_3D('',#5708,#5709,#5710);
#5712=PLANE('',#5711);
#5714=ORIENTED_EDGE('',*,*,#5713,.F.);
#5716=ORIENTED_EDGE('',*,*,#5715,.F.);
#5718=ORIENTED_EDGE('',*,*,#5717,.T.);
#5719=ORIENTED_EDGE('',*,*,#5685,.F.);
#5720=ORIENTED_EDGE('',*,*,#5475,.T.);
#5721=EDGE_LOOP('',(#5714,#5716,#5718,#5719,#5720));
#5722=FACE_OUTER_BOUND('',#5721,.F.);
#5723=ADVANCED_FACE('',(#5722),#5712,.F.);
#5724=FILL_AREA_STYLE_COLOUR('',#2);
#5725=FILL_AREA_STYLE('',(#5724));
#5726=SURFACE_STYLE_FILL_AREA(#5725);
#5727=SURFACE_SIDE_STYLE('',(#5726));
#5728=SURFACE_STYLE_USAGE(.POSITIVE.,#5727);
#5729=FILL_AREA_STYLE_COLOUR('',#1);
#5730=FILL_AREA_STYLE('',(#5729));
#5731=SURFACE_STYLE_FILL_AREA(#5730);
#5732=SURFACE_SIDE_STYLE('',(#5731));
#5733=SURFACE_STYLE_USAGE(.NEGATIVE.,#5732);
#5734=PRESENTATION_STYLE_ASSIGNMENT((#5728,#5733));
#5735=STYLED_ITEM('',(#5734),#5723);
#5736=CARTESIAN_POINT('',(-2.55E0,-7.E-1,2.5E0));
#5737=DIRECTION('',(0.E0,1.E0,0.E0));
#5738=DIRECTION('',(-1.E0,0.E0,0.E0));
#5739=AXIS2_PLACEMENT_3D('',#5736,#5737,#5738);
#5740=PLANE('',#5739);
#5742=ORIENTED_EDGE('',*,*,#5741,.T.);
#5743=ORIENTED_EDGE('',*,*,#5713,.T.);
#5744=ORIENTED_EDGE('',*,*,#5473,.T.);
#5746=ORIENTED_EDGE('',*,*,#5745,.F.);
#5747=EDGE_LOOP('',(#5742,#5743,#5744,#5746));
#5748=FACE_OUTER_BOUND('',#5747,.F.);
#5749=ADVANCED_FACE('',(#5748),#5740,.F.);
#5750=FILL_AREA_STYLE_COLOUR('',#2);
#5751=FILL_AREA_STYLE('',(#5750));
#5752=SURFACE_STYLE_FILL_AREA(#5751);
#5753=SURFACE_SIDE_STYLE('',(#5752));
#5754=SURFACE_STYLE_USAGE(.POSITIVE.,#5753);
#5755=FILL_AREA_STYLE_COLOUR('',#1);
#5756=FILL_AREA_STYLE('',(#5755));
#5757=SURFACE_STYLE_FILL_AREA(#5756);
#5758=SURFACE_SIDE_STYLE('',(#5757));
#5759=SURFACE_STYLE_USAGE(.NEGATIVE.,#5758);
#5760=PRESENTATION_STYLE_ASSIGNMENT((#5754,#5759));
#5761=STYLED_ITEM('',(#5760),#5749);
#5762=CARTESIAN_POINT('',(-1.136268E1,-5.5E-1,2.35E0));
#5763=DIRECTION('',(1.E0,0.E0,0.E0));
#5764=DIRECTION('',(0.E0,0.E0,1.E0));
#5765=AXIS2_PLACEMENT_3D('',#5762,#5763,#5764);
#5766=CYLINDRICAL_SURFACE('',#5765,1.5E-1);
#5767=ORIENTED_EDGE('',*,*,#5741,.F.);
#5769=ORIENTED_EDGE('',*,*,#5768,.T.);
#5771=ORIENTED_EDGE('',*,*,#5770,.T.);
#5772=ORIENTED_EDGE('',*,*,#5715,.T.);
#5773=EDGE_LOOP('',(#5767,#5769,#5771,#5772));
#5774=FACE_OUTER_BOUND('',#5773,.F.);
#5775=ADVANCED_FACE('',(#5774),#5766,.T.);
#5776=FILL_AREA_STYLE_COLOUR('',#2);
#5777=FILL_AREA_STYLE('',(#5776));
#5778=SURFACE_STYLE_FILL_AREA(#5777);
#5779=SURFACE_SIDE_STYLE('',(#5778));
#5780=SURFACE_STYLE_USAGE(.POSITIVE.,#5779);
#5781=FILL_AREA_STYLE_COLOUR('',#1);
#5782=FILL_AREA_STYLE('',(#5781));
#5783=SURFACE_STYLE_FILL_AREA(#5782);
#5784=SURFACE_SIDE_STYLE('',(#5783));
#5785=SURFACE_STYLE_USAGE(.NEGATIVE.,#5784);
#5786=PRESENTATION_STYLE_ASSIGNMENT((#5780,#5785));
#5787=STYLED_ITEM('',(#5786),#5775);
#5788=CARTESIAN_POINT('',(-2.85E0,-7.E-1,2.5E0));
#5789=DIRECTION('',(-1.E0,0.E0,0.E0));
#5790=DIRECTION('',(0.E0,-1.E0,0.E0));
#5791=AXIS2_PLACEMENT_3D('',#5788,#5789,#5790);
#5792=PLANE('',#5791);
#5794=ORIENTED_EDGE('',*,*,#5793,.T.);
#5795=ORIENTED_EDGE('',*,*,#5768,.F.);
#5796=ORIENTED_EDGE('',*,*,#5745,.T.);
#5797=ORIENTED_EDGE('',*,*,#5471,.T.);
#5799=ORIENTED_EDGE('',*,*,#5798,.F.);
#5800=EDGE_LOOP('',(#5794,#5795,#5796,#5797,#5799));
#5801=FACE_OUTER_BOUND('',#5800,.F.);
#5802=ADVANCED_FACE('',(#5801),#5792,.F.);
#5803=FILL_AREA_STYLE_COLOUR('',#2);
#5804=FILL_AREA_STYLE('',(#5803));
#5805=SURFACE_STYLE_FILL_AREA(#5804);
#5806=SURFACE_SIDE_STYLE('',(#5805));
#5807=SURFACE_STYLE_USAGE(.POSITIVE.,#5806);
#5808=FILL_AREA_STYLE_COLOUR('',#1);
#5809=FILL_AREA_STYLE('',(#5808));
#5810=SURFACE_STYLE_FILL_AREA(#5809);
#5811=SURFACE_SIDE_STYLE('',(#5810));
#5812=SURFACE_STYLE_USAGE(.NEGATIVE.,#5811);
#5813=PRESENTATION_STYLE_ASSIGNMENT((#5807,#5812));
#5814=STYLED_ITEM('',(#5813),#5802);
#5815=CARTESIAN_POINT('',(0.E0,0.E0,2.5E0));
#5816=DIRECTION('',(0.E0,0.E0,1.E0));
#5817=DIRECTION('',(1.E0,0.E0,0.E0));
#5818=AXIS2_PLACEMENT_3D('',#5815,#5816,#5817);
#5819=PLANE('',#5818);
#5821=ORIENTED_EDGE('',*,*,#5820,.F.);
#5823=ORIENTED_EDGE('',*,*,#5822,.T.);
#5825=ORIENTED_EDGE('',*,*,#5824,.F.);
#5827=ORIENTED_EDGE('',*,*,#5826,.F.);
#5829=ORIENTED_EDGE('',*,*,#5828,.F.);
#5831=ORIENTED_EDGE('',*,*,#5830,.F.);
#5833=ORIENTED_EDGE('',*,*,#5832,.T.);
#5835=ORIENTED_EDGE('',*,*,#5834,.F.);
#5837=ORIENTED_EDGE('',*,*,#5836,.F.);
#5839=ORIENTED_EDGE('',*,*,#5838,.F.);
#5841=ORIENTED_EDGE('',*,*,#5840,.T.);
#5843=ORIENTED_EDGE('',*,*,#5842,.F.);
#5845=ORIENTED_EDGE('',*,*,#5844,.T.);
#5847=ORIENTED_EDGE('',*,*,#5846,.F.);
#5849=ORIENTED_EDGE('',*,*,#5848,.F.);
#5851=ORIENTED_EDGE('',*,*,#5850,.F.);
#5853=ORIENTED_EDGE('',*,*,#5852,.T.);
#5854=ORIENTED_EDGE('',*,*,#5687,.F.);
#5855=ORIENTED_EDGE('',*,*,#5717,.F.);
#5856=ORIENTED_EDGE('',*,*,#5770,.F.);
#5857=ORIENTED_EDGE('',*,*,#5793,.F.);
#5859=ORIENTED_EDGE('',*,*,#5858,.F.);
#5861=ORIENTED_EDGE('',*,*,#5860,.F.);
#5862=ORIENTED_EDGE('',*,*,#5404,.T.);
#5863=EDGE_LOOP('',(#5821,#5823,#5825,#5827,#5829,#5831,#5833,#5835,#5837,#5839,
#5841,#5843,#5845,#5847,#5849,#5851,#5853,#5854,#5855,#5856,#5857,#5859,#5861,
#5862));
#5864=FACE_OUTER_BOUND('',#5863,.F.);
#5866=ORIENTED_EDGE('',*,*,#5865,.F.);
#5868=ORIENTED_EDGE('',*,*,#5867,.T.);
#5870=ORIENTED_EDGE('',*,*,#5869,.T.);
#5872=ORIENTED_EDGE('',*,*,#5871,.F.);
#5873=EDGE_LOOP('',(#5866,#5868,#5870,#5872));
#5874=FACE_BOUND('',#5873,.F.);
#5876=ORIENTED_EDGE('',*,*,#5875,.F.);
#5878=ORIENTED_EDGE('',*,*,#5877,.T.);
#5880=ORIENTED_EDGE('',*,*,#5879,.T.);
#5882=ORIENTED_EDGE('',*,*,#5881,.F.);
#5883=EDGE_LOOP('',(#5876,#5878,#5880,#5882));
#5884=FACE_BOUND('',#5883,.F.);
#5886=ORIENTED_EDGE('',*,*,#5885,.F.);
#5888=ORIENTED_EDGE('',*,*,#5887,.T.);
#5890=ORIENTED_EDGE('',*,*,#5889,.T.);
#5892=ORIENTED_EDGE('',*,*,#5891,.F.);
#5893=EDGE_LOOP('',(#5886,#5888,#5890,#5892));
#5894=FACE_BOUND('',#5893,.F.);
#5895=ADVANCED_FACE('',(#5864,#5874,#5884,#5894),#5819,.T.);
#5896=FILL_AREA_STYLE_COLOUR('',#2);
#5897=FILL_AREA_STYLE('',(#5896));
#5898=SURFACE_STYLE_FILL_AREA(#5897);
#5899=SURFACE_SIDE_STYLE('',(#5898));
#5900=SURFACE_STYLE_USAGE(.POSITIVE.,#5899);
#5901=FILL_AREA_STYLE_COLOUR('',#1);
#5902=FILL_AREA_STYLE('',(#5901));
#5903=SURFACE_STYLE_FILL_AREA(#5902);
#5904=SURFACE_SIDE_STYLE('',(#5903));
#5905=SURFACE_STYLE_USAGE(.NEGATIVE.,#5904);
#5906=PRESENTATION_STYLE_ASSIGNMENT((#5900,#5905));
#5907=STYLED_ITEM('',(#5906),#5895);
#5908=CARTESIAN_POINT('',(2.95E0,-6.481420681724E0,2.3E0));
#5909=DIRECTION('',(0.E0,1.E0,0.E0));
#5910=DIRECTION('',(0.E0,0.E0,1.E0));
#5911=AXIS2_PLACEMENT_3D('',#5908,#5909,#5910);
#5912=CYLINDRICAL_SURFACE('',#5911,2.E-1);
#5913=ORIENTED_EDGE('',*,*,#5402,.T.);
#5915=ORIENTED_EDGE('',*,*,#5914,.F.);
#5917=ORIENTED_EDGE('',*,*,#5916,.T.);
#5918=ORIENTED_EDGE('',*,*,#5820,.T.);
#5919=EDGE_LOOP('',(#5913,#5915,#5917,#5918));
#5920=FACE_OUTER_BOUND('',#5919,.F.);
#5921=ADVANCED_FACE('',(#5920),#5912,.T.);
#5922=FILL_AREA_STYLE_COLOUR('',#2);
#5923=FILL_AREA_STYLE('',(#5922));
#5924=SURFACE_STYLE_FILL_AREA(#5923);
#5925=SURFACE_SIDE_STYLE('',(#5924));
#5926=SURFACE_STYLE_USAGE(.POSITIVE.,#5925);
#5927=FILL_AREA_STYLE_COLOUR('',#1);
#5928=FILL_AREA_STYLE('',(#5927));
#5929=SURFACE_STYLE_FILL_AREA(#5928);
#5930=SURFACE_SIDE_STYLE('',(#5929));
#5931=SURFACE_STYLE_USAGE(.NEGATIVE.,#5930);
#5932=PRESENTATION_STYLE_ASSIGNMENT((#5926,#5931));
#5933=STYLED_ITEM('',(#5932),#5921);
#5934=CARTESIAN_POINT('',(3.15E0,-1.2E0,1.85E0));
#5935=DIRECTION('',(1.E0,0.E0,0.E0));
#5936=DIRECTION('',(0.E0,1.E0,0.E0));
#5937=AXIS2_PLACEMENT_3D('',#5934,#5935,#5936);
#5938=PLANE('',#5937);
#5939=ORIENTED_EDGE('',*,*,#5400,.F.);
#5941=ORIENTED_EDGE('',*,*,#5940,.T.);
#5943=ORIENTED_EDGE('',*,*,#5942,.T.);
#5944=ORIENTED_EDGE('',*,*,#5914,.T.);
#5945=EDGE_LOOP('',(#5939,#5941,#5943,#5944));
#5946=FACE_OUTER_BOUND('',#5945,.F.);
#5947=ADVANCED_FACE('',(#5946),#5938,.T.);
#5948=FILL_AREA_STYLE_COLOUR('',#2);
#5949=FILL_AREA_STYLE('',(#5948));
#5950=SURFACE_STYLE_FILL_AREA(#5949);
#5951=SURFACE_SIDE_STYLE('',(#5950));
#5952=SURFACE_STYLE_USAGE(.POSITIVE.,#5951);
#5953=FILL_AREA_STYLE_COLOUR('',#1);
#5954=FILL_AREA_STYLE('',(#5953));
#5955=SURFACE_STYLE_FILL_AREA(#5954);
#5956=SURFACE_SIDE_STYLE('',(#5955));
#5957=SURFACE_STYLE_USAGE(.NEGATIVE.,#5956);
#5958=PRESENTATION_STYLE_ASSIGNMENT((#5952,#5957));
#5959=STYLED_ITEM('',(#5958),#5947);
#5960=CARTESIAN_POINT('',(2.95E0,8.132832680592E0,1.65E0));
#5961=DIRECTION('',(0.E0,-1.E0,0.E0));
#5962=DIRECTION('',(0.E0,0.E0,-1.E0));
#5963=AXIS2_PLACEMENT_3D('',#5960,#5961,#5962);
#5964=CYLINDRICAL_SURFACE('',#5963,2.E-1);
#5965=ORIENTED_EDGE('',*,*,#5398,.F.);
#5966=ORIENTED_EDGE('',*,*,#5447,.T.);
#5968=ORIENTED_EDGE('',*,*,#5967,.T.);
#5969=ORIENTED_EDGE('',*,*,#5940,.F.);
#5970=EDGE_LOOP('',(#5965,#5966,#5968,#5969));
#5971=FACE_OUTER_BOUND('',#5970,.F.);
#5972=ADVANCED_FACE('',(#5971),#5964,.T.);
#5973=FILL_AREA_STYLE_COLOUR('',#2);
#5974=FILL_AREA_STYLE('',(#5973));
#5975=SURFACE_STYLE_FILL_AREA(#5974);
#5976=SURFACE_SIDE_STYLE('',(#5975));
#5977=SURFACE_STYLE_USAGE(.POSITIVE.,#5976);
#5978=FILL_AREA_STYLE_COLOUR('',#1);
#5979=FILL_AREA_STYLE('',(#5978));
#5980=SURFACE_STYLE_FILL_AREA(#5979);
#5981=SURFACE_SIDE_STYLE('',(#5980));
#5982=SURFACE_STYLE_USAGE(.NEGATIVE.,#5981);
#5983=PRESENTATION_STYLE_ASSIGNMENT((#5977,#5982));
#5984=STYLED_ITEM('',(#5983),#5972);
#5985=CARTESIAN_POINT('',(3.15E0,-9.E-1,2.5E0));
#5986=DIRECTION('',(0.E0,1.E0,0.E0));
#5987=DIRECTION('',(-1.E0,0.E0,0.E0));
#5988=AXIS2_PLACEMENT_3D('',#5985,#5986,#5987);
#5989=PLANE('',#5988);
#5990=ORIENTED_EDGE('',*,*,#5967,.F.);
#5991=ORIENTED_EDGE('',*,*,#5445,.T.);
#5993=ORIENTED_EDGE('',*,*,#5992,.F.);
#5994=ORIENTED_EDGE('',*,*,#5822,.F.);
#5995=ORIENTED_EDGE('',*,*,#5916,.F.);
#5996=ORIENTED_EDGE('',*,*,#5942,.F.);
#5997=EDGE_LOOP('',(#5990,#5991,#5993,#5994,#5995,#5996));
#5998=FACE_OUTER_BOUND('',#5997,.F.);
#5999=ADVANCED_FACE('',(#5998),#5989,.F.);
#6000=FILL_AREA_STYLE_COLOUR('',#2);
#6001=FILL_AREA_STYLE('',(#6000));
#6002=SURFACE_STYLE_FILL_AREA(#6001);
#6003=SURFACE_SIDE_STYLE('',(#6002));
#6004=SURFACE_STYLE_USAGE(.POSITIVE.,#6003);
#6005=FILL_AREA_STYLE_COLOUR('',#1);
#6006=FILL_AREA_STYLE('',(#6005));
#6007=SURFACE_STYLE_FILL_AREA(#6006);
#6008=SURFACE_SIDE_STYLE('',(#6007));
#6009=SURFACE_STYLE_USAGE(.NEGATIVE.,#6008);
#6010=PRESENTATION_STYLE_ASSIGNMENT((#6004,#6009));
#6011=STYLED_ITEM('',(#6010),#5999);
#6012=CARTESIAN_POINT('',(2.85E0,-9.E-1,2.5E0));
#6013=DIRECTION('',(1.E0,0.E0,0.E0));
#6014=DIRECTION('',(0.E0,1.E0,0.E0));
#6015=AXIS2_PLACEMENT_3D('',#6012,#6013,#6014);
#6016=PLANE('',#6015);
#6018=ORIENTED_EDGE('',*,*,#6017,.F.);
#6020=ORIENTED_EDGE('',*,*,#6019,.F.);
#6021=ORIENTED_EDGE('',*,*,#5824,.T.);
#6022=ORIENTED_EDGE('',*,*,#5992,.T.);
#6023=ORIENTED_EDGE('',*,*,#5443,.T.);
#6024=EDGE_LOOP('',(#6018,#6020,#6021,#6022,#6023));
#6025=FACE_OUTER_BOUND('',#6024,.F.);
#6026=ADVANCED_FACE('',(#6025),#6016,.F.);
#6027=FILL_AREA_STYLE_COLOUR('',#2);
#6028=FILL_AREA_STYLE('',(#6027));
#6029=SURFACE_STYLE_FILL_AREA(#6028);
#6030=SURFACE_SIDE_STYLE('',(#6029));
#6031=SURFACE_STYLE_USAGE(.POSITIVE.,#6030);
#6032=FILL_AREA_STYLE_COLOUR('',#1);
#6033=FILL_AREA_STYLE('',(#6032));
#6034=SURFACE_STYLE_FILL_AREA(#6033);
#6035=SURFACE_SIDE_STYLE('',(#6034));
#6036=SURFACE_STYLE_USAGE(.NEGATIVE.,#6035);
#6037=PRESENTATION_STYLE_ASSIGNMENT((#6031,#6036));
#6038=STYLED_ITEM('',(#6037),#6026);
#6039=CARTESIAN_POINT('',(2.85E0,-7.E-1,2.5E0));
#6040=DIRECTION('',(0.E0,1.E0,0.E0));
#6041=DIRECTION('',(-1.E0,0.E0,0.E0));
#6042=AXIS2_PLACEMENT_3D('',#6039,#6040,#6041);
#6043=PLANE('',#6042);
#6045=ORIENTED_EDGE('',*,*,#6044,.T.);
#6046=ORIENTED_EDGE('',*,*,#6017,.T.);
#6047=ORIENTED_EDGE('',*,*,#5441,.T.);
#6049=ORIENTED_EDGE('',*,*,#6048,.F.);
#6050=EDGE_LOOP('',(#6045,#6046,#6047,#6049));
#6051=FACE_OUTER_BOUND('',#6050,.F.);
#6052=ADVANCED_FACE('',(#6051),#6043,.F.);
#6053=FILL_AREA_STYLE_COLOUR('',#2);
#6054=FILL_AREA_STYLE('',(#6053));
#6055=SURFACE_STYLE_FILL_AREA(#6054);
#6056=SURFACE_SIDE_STYLE('',(#6055));
#6057=SURFACE_STYLE_USAGE(.POSITIVE.,#6056);
#6058=FILL_AREA_STYLE_COLOUR('',#1);
#6059=FILL_AREA_STYLE('',(#6058));
#6060=SURFACE_STYLE_FILL_AREA(#6059);
#6061=SURFACE_SIDE_STYLE('',(#6060));
#6062=SURFACE_STYLE_USAGE(.NEGATIVE.,#6061);
#6063=PRESENTATION_STYLE_ASSIGNMENT((#6057,#6062));
#6064=STYLED_ITEM('',(#6063),#6052);
#6065=CARTESIAN_POINT('',(-1.136268E1,-5.5E-1,2.35E0));
#6066=DIRECTION('',(1.E0,0.E0,0.E0));
#6067=DIRECTION('',(0.E0,0.E0,1.E0));
#6068=AXIS2_PLACEMENT_3D('',#6065,#6066,#6067);
#6069=CYLINDRICAL_SURFACE('',#6068,1.5E-1);
#6070=ORIENTED_EDGE('',*,*,#6044,.F.);
#6072=ORIENTED_EDGE('',*,*,#6071,.T.);
#6073=ORIENTED_EDGE('',*,*,#5826,.T.);
#6074=ORIENTED_EDGE('',*,*,#6019,.T.);
#6075=EDGE_LOOP('',(#6070,#6072,#6073,#6074));
#6076=FACE_OUTER_BOUND('',#6075,.F.);
#6077=ADVANCED_FACE('',(#6076),#6069,.T.);
#6078=FILL_AREA_STYLE_COLOUR('',#2);
#6079=FILL_AREA_STYLE('',(#6078));
#6080=SURFACE_STYLE_FILL_AREA(#6079);
#6081=SURFACE_SIDE_STYLE('',(#6080));
#6082=SURFACE_STYLE_USAGE(.POSITIVE.,#6081);
#6083=FILL_AREA_STYLE_COLOUR('',#1);
#6084=FILL_AREA_STYLE('',(#6083));
#6085=SURFACE_STYLE_FILL_AREA(#6084);
#6086=SURFACE_SIDE_STYLE('',(#6085));
#6087=SURFACE_STYLE_USAGE(.NEGATIVE.,#6086);
#6088=PRESENTATION_STYLE_ASSIGNMENT((#6082,#6087));
#6089=STYLED_ITEM('',(#6088),#6077);
#6090=CARTESIAN_POINT('',(2.55E0,-7.E-1,2.5E0));
#6091=DIRECTION('',(-1.E0,0.E0,0.E0));
#6092=DIRECTION('',(0.E0,-1.E0,0.E0));
#6093=AXIS2_PLACEMENT_3D('',#6090,#6091,#6092);
#6094=PLANE('',#6093);
#6095=ORIENTED_EDGE('',*,*,#5828,.T.);
#6096=ORIENTED_EDGE('',*,*,#6071,.F.);
#6097=ORIENTED_EDGE('',*,*,#6048,.T.);
#6098=ORIENTED_EDGE('',*,*,#5439,.F.);
#6100=ORIENTED_EDGE('',*,*,#6099,.T.);
#6101=EDGE_LOOP('',(#6095,#6096,#6097,#6098,#6100));
#6102=FACE_OUTER_BOUND('',#6101,.F.);
#6103=ADVANCED_FACE('',(#6102),#6094,.F.);
#6104=FILL_AREA_STYLE_COLOUR('',#2);
#6105=FILL_AREA_STYLE('',(#6104));
#6106=SURFACE_STYLE_FILL_AREA(#6105);
#6107=SURFACE_SIDE_STYLE('',(#6106));
#6108=SURFACE_STYLE_USAGE(.POSITIVE.,#6107);
#6109=FILL_AREA_STYLE_COLOUR('',#1);
#6110=FILL_AREA_STYLE('',(#6109));
#6111=SURFACE_STYLE_FILL_AREA(#6110);
#6112=SURFACE_SIDE_STYLE('',(#6111));
#6113=SURFACE_STYLE_USAGE(.NEGATIVE.,#6112);
#6114=PRESENTATION_STYLE_ASSIGNMENT((#6108,#6113));
#6115=STYLED_ITEM('',(#6114),#6103);
#6116=CARTESIAN_POINT('',(-3.15E0,-1.2E0,1.85E0));
#6117=DIRECTION('',(0.E0,-1.E0,0.E0));
#6118=DIRECTION('',(1.E0,0.E0,0.E0));
#6119=AXIS2_PLACEMENT_3D('',#6116,#6117,#6118);
#6120=PLANE('',#6119);
#6122=ORIENTED_EDGE('',*,*,#6121,.F.);
#6123=ORIENTED_EDGE('',*,*,#5830,.T.);
#6124=ORIENTED_EDGE('',*,*,#6099,.F.);
#6125=ORIENTED_EDGE('',*,*,#5437,.T.);
#6127=ORIENTED_EDGE('',*,*,#6126,.F.);
#6129=ORIENTED_EDGE('',*,*,#6128,.T.);
#6130=EDGE_LOOP('',(#6122,#6123,#6124,#6125,#6127,#6129));
#6131=FACE_OUTER_BOUND('',#6130,.F.);
#6132=ADVANCED_FACE('',(#6131),#6120,.T.);
#6133=FILL_AREA_STYLE_COLOUR('',#1);
#6134=FILL_AREA_STYLE('',(#6133));
#6135=SURFACE_STYLE_FILL_AREA(#6134);
#6136=SURFACE_SIDE_STYLE('',(#6135));
#6137=SURFACE_STYLE_USAGE(.POSITIVE.,#6136);
#6138=PRESENTATION_STYLE_ASSIGNMENT((#6137));
#6139=STYLED_ITEM('',(#6138),#6132);
#6140=CARTESIAN_POINT('',(1.375E0,-6.47958E0,2.35E0));
#6141=DIRECTION('',(0.E0,1.E0,0.E0));
#6142=DIRECTION('',(-1.E0,0.E0,0.E0));
#6143=AXIS2_PLACEMENT_3D('',#6140,#6141,#6142);
#6144=CYLINDRICAL_SURFACE('',#6143,1.5E-1);
#6146=ORIENTED_EDGE('',*,*,#6145,.T.);
#6147=ORIENTED_EDGE('',*,*,#5832,.F.);
#6148=ORIENTED_EDGE('',*,*,#6121,.T.);
#6150=ORIENTED_EDGE('',*,*,#6149,.T.);
#6151=EDGE_LOOP('',(#6146,#6147,#6148,#6150));
#6152=FACE_OUTER_BOUND('',#6151,.F.);
#6153=ADVANCED_FACE('',(#6152),#6144,.T.);
#6154=FILL_AREA_STYLE_COLOUR('',#2);
#6155=FILL_AREA_STYLE('',(#6154));
#6156=SURFACE_STYLE_FILL_AREA(#6155);
#6157=SURFACE_SIDE_STYLE('',(#6156));
#6158=SURFACE_STYLE_USAGE(.POSITIVE.,#6157);
#6159=FILL_AREA_STYLE_COLOUR('',#1);
#6160=FILL_AREA_STYLE('',(#6159));
#6161=SURFACE_STYLE_FILL_AREA(#6160);
#6162=SURFACE_SIDE_STYLE('',(#6161));
#6163=SURFACE_STYLE_USAGE(.NEGATIVE.,#6162);
#6164=PRESENTATION_STYLE_ASSIGNMENT((#6158,#6163));
#6165=STYLED_ITEM('',(#6164),#6153);
#6166=CARTESIAN_POINT('',(1.075E0,-8.5E-1,2.35E0));
#6167=DIRECTION('',(0.E0,0.E0,1.E0));
#6168=DIRECTION('',(1.E0,0.E0,0.E0));
#6169=AXIS2_PLACEMENT_3D('',#6166,#6167,#6168);
#6170=TOROIDAL_SURFACE('',#6169,3.E-1,1.5E-1);
#6172=ORIENTED_EDGE('',*,*,#6171,.T.);
#6173=ORIENTED_EDGE('',*,*,#5834,.T.);
#6174=ORIENTED_EDGE('',*,*,#6145,.F.);
#6176=ORIENTED_EDGE('',*,*,#6175,.F.);
#6177=EDGE_LOOP('',(#6172,#6173,#6174,#6176));
#6178=FACE_OUTER_BOUND('',#6177,.F.);
#6179=ADVANCED_FACE('',(#6178),#6170,.T.);
#6180=FILL_AREA_STYLE_COLOUR('',#2);
#6181=FILL_AREA_STYLE('',(#6180));
#6182=SURFACE_STYLE_FILL_AREA(#6181);
#6183=SURFACE_SIDE_STYLE('',(#6182));
#6184=SURFACE_STYLE_USAGE(.POSITIVE.,#6183);
#6185=FILL_AREA_STYLE_COLOUR('',#1);
#6186=FILL_AREA_STYLE('',(#6185));
#6187=SURFACE_STYLE_FILL_AREA(#6186);
#6188=SURFACE_SIDE_STYLE('',(#6187));
#6189=SURFACE_STYLE_USAGE(.NEGATIVE.,#6188);
#6190=PRESENTATION_STYLE_ASSIGNMENT((#6184,#6189));
#6191=STYLED_ITEM('',(#6190),#6179);
#6192=CARTESIAN_POINT('',(-1.136268E1,-5.5E-1,2.35E0));
#6193=DIRECTION('',(1.E0,0.E0,0.E0));
#6194=DIRECTION('',(0.E0,0.E0,1.E0));
#6195=AXIS2_PLACEMENT_3D('',#6192,#6193,#6194);
#6196=CYLINDRICAL_SURFACE('',#6195,1.5E-1);
#6198=ORIENTED_EDGE('',*,*,#6197,.T.);
#6199=ORIENTED_EDGE('',*,*,#5836,.T.);
#6200=ORIENTED_EDGE('',*,*,#6171,.F.);
#6202=ORIENTED_EDGE('',*,*,#6201,.F.);
#6203=EDGE_LOOP('',(#6198,#6199,#6200,#6202));
#6204=FACE_OUTER_BOUND('',#6203,.F.);
#6205=ADVANCED_FACE('',(#6204),#6196,.T.);
#6206=FILL_AREA_STYLE_COLOUR('',#2);
#6207=FILL_AREA_STYLE('',(#6206));
#6208=SURFACE_STYLE_FILL_AREA(#6207);
#6209=SURFACE_SIDE_STYLE('',(#6208));
#6210=SURFACE_STYLE_USAGE(.POSITIVE.,#6209);
#6211=FILL_AREA_STYLE_COLOUR('',#1);
#6212=FILL_AREA_STYLE('',(#6211));
#6213=SURFACE_STYLE_FILL_AREA(#6212);
#6214=SURFACE_SIDE_STYLE('',(#6213));
#6215=SURFACE_STYLE_USAGE(.NEGATIVE.,#6214);
#6216=PRESENTATION_STYLE_ASSIGNMENT((#6210,#6215));
#6217=STYLED_ITEM('',(#6216),#6205);
#6218=CARTESIAN_POINT('',(7.75E-1,-8.5E-1,2.35E0));
#6219=DIRECTION('',(0.E0,0.E0,-1.E0));
#6220=DIRECTION('',(0.E0,1.E0,0.E0));
#6221=AXIS2_PLACEMENT_3D('',#6218,#6219,#6220);
#6222=TOROIDAL_SURFACE('',#6221,3.E-1,1.5E-1);
#6224=ORIENTED_EDGE('',*,*,#6223,.T.);
#6225=ORIENTED_EDGE('',*,*,#5838,.T.);
#6226=ORIENTED_EDGE('',*,*,#6197,.F.);
#6228=ORIENTED_EDGE('',*,*,#6227,.F.);
#6229=EDGE_LOOP('',(#6224,#6225,#6226,#6228));
#6230=FACE_OUTER_BOUND('',#6229,.F.);
#6231=ADVANCED_FACE('',(#6230),#6222,.T.);
#6232=FILL_AREA_STYLE_COLOUR('',#2);
#6233=FILL_AREA_STYLE('',(#6232));
#6234=SURFACE_STYLE_FILL_AREA(#6233);
#6235=SURFACE_SIDE_STYLE('',(#6234));
#6236=SURFACE_STYLE_USAGE(.POSITIVE.,#6235);
#6237=FILL_AREA_STYLE_COLOUR('',#1);
#6238=FILL_AREA_STYLE('',(#6237));
#6239=SURFACE_STYLE_FILL_AREA(#6238);
#6240=SURFACE_SIDE_STYLE('',(#6239));
#6241=SURFACE_STYLE_USAGE(.NEGATIVE.,#6240);
#6242=PRESENTATION_STYLE_ASSIGNMENT((#6236,#6241));
#6243=STYLED_ITEM('',(#6242),#6231);
#6244=CARTESIAN_POINT('',(4.75E-1,8.12958E0,2.35E0));
#6245=DIRECTION('',(0.E0,-1.E0,0.E0));
#6246=DIRECTION('',(1.E0,0.E0,0.E0));
#6247=AXIS2_PLACEMENT_3D('',#6244,#6245,#6246);
#6248=CYLINDRICAL_SURFACE('',#6247,1.5E-1);
#6249=ORIENTED_EDGE('',*,*,#6223,.F.);
#6251=ORIENTED_EDGE('',*,*,#6250,.T.);
#6253=ORIENTED_EDGE('',*,*,#6252,.T.);
#6254=ORIENTED_EDGE('',*,*,#5840,.F.);
#6255=EDGE_LOOP('',(#6249,#6251,#6253,#6254));
#6256=FACE_OUTER_BOUND('',#6255,.F.);
#6257=ADVANCED_FACE('',(#6256),#6248,.T.);
#6258=FILL_AREA_STYLE_COLOUR('',#2);
#6259=FILL_AREA_STYLE('',(#6258));
#6260=SURFACE_STYLE_FILL_AREA(#6259);
#6261=SURFACE_SIDE_STYLE('',(#6260));
#6262=SURFACE_STYLE_USAGE(.POSITIVE.,#6261);
#6263=FILL_AREA_STYLE_COLOUR('',#1);
#6264=FILL_AREA_STYLE('',(#6263));
#6265=SURFACE_STYLE_FILL_AREA(#6264);
#6266=SURFACE_SIDE_STYLE('',(#6265));
#6267=SURFACE_STYLE_USAGE(.NEGATIVE.,#6266);
#6268=PRESENTATION_STYLE_ASSIGNMENT((#6262,#6267));
#6269=STYLED_ITEM('',(#6268),#6257);
#6270=CARTESIAN_POINT('',(6.25E-1,0.E0,0.E0));
#6271=DIRECTION('',(1.E0,0.E0,0.E0));
#6272=DIRECTION('',(0.E0,0.E0,-1.E0));
#6273=AXIS2_PLACEMENT_3D('',#6270,#6271,#6272);
#6274=PLANE('',#6273);
#6276=ORIENTED_EDGE('',*,*,#6275,.T.);
#6278=ORIENTED_EDGE('',*,*,#6277,.T.);
#6280=ORIENTED_EDGE('',*,*,#6279,.T.);
#6281=ORIENTED_EDGE('',*,*,#6250,.F.);
#6283=ORIENTED_EDGE('',*,*,#6282,.T.);
#6285=ORIENTED_EDGE('',*,*,#6284,.T.);
#6286=EDGE_LOOP('',(#6276,#6278,#6280,#6281,#6283,#6285));
#6287=FACE_OUTER_BOUND('',#6286,.F.);
#6288=ADVANCED_FACE('',(#6287),#6274,.T.);
#6289=FILL_AREA_STYLE_COLOUR('',#2);
#6290=FILL_AREA_STYLE('',(#6289));
#6291=SURFACE_STYLE_FILL_AREA(#6290);
#6292=SURFACE_SIDE_STYLE('',(#6291));
#6293=SURFACE_STYLE_USAGE(.POSITIVE.,#6292);
#6294=FILL_AREA_STYLE_COLOUR('',#1);
#6295=FILL_AREA_STYLE('',(#6294));
#6296=SURFACE_STYLE_FILL_AREA(#6295);
#6297=SURFACE_SIDE_STYLE('',(#6296));
#6298=SURFACE_STYLE_USAGE(.NEGATIVE.,#6297);
#6299=PRESENTATION_STYLE_ASSIGNMENT((#6293,#6298));
#6300=STYLED_ITEM('',(#6299),#6288);
#6301=CARTESIAN_POINT('',(7.75E-1,-7.996433134021E-1,1.776400647805E0));
#6302=DIRECTION('',(0.E0,5.299192642332E-1,-8.480480961564E-1));
#6303=DIRECTION('',(-1.E0,0.E0,0.E0));
#6304=AXIS2_PLACEMENT_3D('',#6301,#6302,#6303);
#6305=CYLINDRICAL_SURFACE('',#6304,1.5E-1);
#6306=ORIENTED_EDGE('',*,*,#6275,.F.);
#6308=ORIENTED_EDGE('',*,*,#6307,.T.);
#6310=ORIENTED_EDGE('',*,*,#6309,.T.);
#6312=ORIENTED_EDGE('',*,*,#6311,.F.);
#6313=EDGE_LOOP('',(#6306,#6308,#6310,#6312));
#6314=FACE_OUTER_BOUND('',#6313,.F.);
#6315=ADVANCED_FACE('',(#6314),#6305,.F.);
#6316=FILL_AREA_STYLE_COLOUR('',#2);
#6317=FILL_AREA_STYLE('',(#6316));
#6318=SURFACE_STYLE_FILL_AREA(#6317);
#6319=SURFACE_SIDE_STYLE('',(#6318));
#6320=SURFACE_STYLE_USAGE(.POSITIVE.,#6319);
#6321=FILL_AREA_STYLE_COLOUR('',#1);
#6322=FILL_AREA_STYLE('',(#6321));
#6323=SURFACE_STYLE_FILL_AREA(#6322);
#6324=SURFACE_SIDE_STYLE('',(#6323));
#6325=SURFACE_STYLE_USAGE(.NEGATIVE.,#6324);
#6326=PRESENTATION_STYLE_ASSIGNMENT((#6320,#6325));
#6327=STYLED_ITEM('',(#6326),#6315);
#6328=CARTESIAN_POINT('',(7.75E-1,-4.5E-1,1.971686346440E0));
#6329=DIRECTION('',(1.E0,0.E0,0.E0));
#6330=DIRECTION('',(0.E0,-9.984663788686E-1,5.536145110994E-2));
#6331=AXIS2_PLACEMENT_3D('',#6328,#6329,#6330);
#6332=TOROIDAL_SURFACE('',#6331,4.E-1,1.5E-1);
#6333=ORIENTED_EDGE('',*,*,#6284,.F.);
#6335=ORIENTED_EDGE('',*,*,#6334,.T.);
#6337=ORIENTED_EDGE('',*,*,#6336,.T.);
#6338=ORIENTED_EDGE('',*,*,#6307,.F.);
#6339=EDGE_LOOP('',(#6333,#6335,#6337,#6338));
#6340=FACE_OUTER_BOUND('',#6339,.F.);
#6341=ADVANCED_FACE('',(#6340),#6332,.F.);
#6342=FILL_AREA_STYLE_COLOUR('',#2);
#6343=FILL_AREA_STYLE('',(#6342));
#6344=SURFACE_STYLE_FILL_AREA(#6343);
#6345=SURFACE_SIDE_STYLE('',(#6344));
#6346=SURFACE_STYLE_USAGE(.POSITIVE.,#6345);
#6347=FILL_AREA_STYLE_COLOUR('',#1);
#6348=FILL_AREA_STYLE('',(#6347));
#6349=SURFACE_STYLE_FILL_AREA(#6348);
#6350=SURFACE_SIDE_STYLE('',(#6349));
#6351=SURFACE_STYLE_USAGE(.NEGATIVE.,#6350);
#6352=PRESENTATION_STYLE_ASSIGNMENT((#6346,#6351));
#6353=STYLED_ITEM('',(#6352),#6341);
#6354=CARTESIAN_POINT('',(7.75E-1,-8.5E-1,2.364515283789E0));
#6355=DIRECTION('',(0.E0,0.E0,-1.E0));
#6356=DIRECTION('',(-1.E0,0.E0,0.E0));
#6357=AXIS2_PLACEMENT_3D('',#6354,#6355,#6356);
#6358=CYLINDRICAL_SURFACE('',#6357,1.5E-1);
#6360=ORIENTED_EDGE('',*,*,#6359,.T.);
#6361=ORIENTED_EDGE('',*,*,#6334,.F.);
#6362=ORIENTED_EDGE('',*,*,#6282,.F.);
#6363=ORIENTED_EDGE('',*,*,#6227,.T.);
#6364=EDGE_LOOP('',(#6360,#6361,#6362,#6363));
#6365=FACE_OUTER_BOUND('',#6364,.F.);
#6366=ADVANCED_FACE('',(#6365),#6358,.F.);
#6367=FILL_AREA_STYLE_COLOUR('',#2);
#6368=FILL_AREA_STYLE('',(#6367));
#6369=SURFACE_STYLE_FILL_AREA(#6368);
#6370=SURFACE_SIDE_STYLE('',(#6369));
#6371=SURFACE_STYLE_USAGE(.POSITIVE.,#6370);
#6372=FILL_AREA_STYLE_COLOUR('',#1);
#6373=FILL_AREA_STYLE('',(#6372));
#6374=SURFACE_STYLE_FILL_AREA(#6373);
#6375=SURFACE_SIDE_STYLE('',(#6374));
#6376=SURFACE_STYLE_USAGE(.NEGATIVE.,#6375);
#6377=PRESENTATION_STYLE_ASSIGNMENT((#6371,#6376));
#6378=STYLED_ITEM('',(#6377),#6366);
#6379=CARTESIAN_POINT('',(6.25E-1,-7.E-1,1.9E0));
#6380=DIRECTION('',(0.E0,1.E0,0.E0));
#6381=DIRECTION('',(0.E0,0.E0,1.E0));
#6382=AXIS2_PLACEMENT_3D('',#6379,#6380,#6381);
#6383=PLANE('',#6382);
#6384=ORIENTED_EDGE('',*,*,#6359,.F.);
#6385=ORIENTED_EDGE('',*,*,#6201,.T.);
#6387=ORIENTED_EDGE('',*,*,#6386,.F.);
#6389=ORIENTED_EDGE('',*,*,#6388,.F.);
#6390=EDGE_LOOP('',(#6384,#6385,#6387,#6389));
#6391=FACE_OUTER_BOUND('',#6390,.F.);
#6392=ADVANCED_FACE('',(#6391),#6383,.F.);
#6393=FILL_AREA_STYLE_COLOUR('',#2);
#6394=FILL_AREA_STYLE('',(#6393));
#6395=SURFACE_STYLE_FILL_AREA(#6394);
#6396=SURFACE_SIDE_STYLE('',(#6395));
#6397=SURFACE_STYLE_USAGE(.POSITIVE.,#6396);
#6398=FILL_AREA_STYLE_COLOUR('',#1);
#6399=FILL_AREA_STYLE('',(#6398));
#6400=SURFACE_STYLE_FILL_AREA(#6399);
#6401=SURFACE_SIDE_STYLE('',(#6400));
#6402=SURFACE_STYLE_USAGE(.NEGATIVE.,#6401);
#6403=PRESENTATION_STYLE_ASSIGNMENT((#6397,#6402));
#6404=STYLED_ITEM('',(#6403),#6392);
#6405=CARTESIAN_POINT('',(1.075E0,-8.5E-1,1.957838904028E0));
#6406=DIRECTION('',(0.E0,0.E0,1.E0));
#6407=DIRECTION('',(1.E0,0.E0,0.E0));
#6408=AXIS2_PLACEMENT_3D('',#6405,#6406,#6407);
#6409=CYLINDRICAL_SURFACE('',#6408,1.5E-1);
#6411=ORIENTED_EDGE('',*,*,#6410,.F.);
#6413=ORIENTED_EDGE('',*,*,#6412,.T.);
#6414=ORIENTED_EDGE('',*,*,#6386,.T.);
#6415=ORIENTED_EDGE('',*,*,#6175,.T.);
#6416=EDGE_LOOP('',(#6411,#6413,#6414,#6415));
#6417=FACE_OUTER_BOUND('',#6416,.F.);
#6418=ADVANCED_FACE('',(#6417),#6409,.F.);
#6419=FILL_AREA_STYLE_COLOUR('',#2);
#6420=FILL_AREA_STYLE('',(#6419));
#6421=SURFACE_STYLE_FILL_AREA(#6420);
#6422=SURFACE_SIDE_STYLE('',(#6421));
#6423=SURFACE_STYLE_USAGE(.POSITIVE.,#6422);
#6424=FILL_AREA_STYLE_COLOUR('',#1);
#6425=FILL_AREA_STYLE('',(#6424));
#6426=SURFACE_STYLE_FILL_AREA(#6425);
#6427=SURFACE_SIDE_STYLE('',(#6426));
#6428=SURFACE_STYLE_USAGE(.NEGATIVE.,#6427);
#6429=PRESENTATION_STYLE_ASSIGNMENT((#6423,#6428));
#6430=STYLED_ITEM('',(#6429),#6418);
#6431=CARTESIAN_POINT('',(1.225E0,0.E0,0.E0));
#6432=DIRECTION('',(1.E0,0.E0,0.E0));
#6433=DIRECTION('',(0.E0,0.E0,-1.E0));
#6434=AXIS2_PLACEMENT_3D('',#6431,#6432,#6433);
#6435=PLANE('',#6434);
#6437=ORIENTED_EDGE('',*,*,#6436,.T.);
#6439=ORIENTED_EDGE('',*,*,#6438,.T.);
#6440=ORIENTED_EDGE('',*,*,#6410,.T.);
#6441=ORIENTED_EDGE('',*,*,#6149,.F.);
#6442=ORIENTED_EDGE('',*,*,#6128,.F.);
#6444=ORIENTED_EDGE('',*,*,#6443,.T.);
#6445=EDGE_LOOP('',(#6437,#6439,#6440,#6441,#6442,#6444));
#6446=FACE_OUTER_BOUND('',#6445,.F.);
#6447=ADVANCED_FACE('',(#6446),#6435,.F.);
#6448=FILL_AREA_STYLE_COLOUR('',#2);
#6449=FILL_AREA_STYLE('',(#6448));
#6450=SURFACE_STYLE_FILL_AREA(#6449);
#6451=SURFACE_SIDE_STYLE('',(#6450));
#6452=SURFACE_STYLE_USAGE(.POSITIVE.,#6451);
#6453=FILL_AREA_STYLE_COLOUR('',#1);
#6454=FILL_AREA_STYLE('',(#6453));
#6455=SURFACE_STYLE_FILL_AREA(#6454);
#6456=SURFACE_SIDE_STYLE('',(#6455));
#6457=SURFACE_STYLE_USAGE(.NEGATIVE.,#6456);
#6458=PRESENTATION_STYLE_ASSIGNMENT((#6452,#6457));
#6459=STYLED_ITEM('',(#6458),#6447);
#6460=CARTESIAN_POINT('',(1.075E0,-6.810960180825E-1,1.586685317781E0));
#6461=DIRECTION('',(0.E0,-5.299192642332E-1,8.480480961564E-1));
#6462=DIRECTION('',(1.E0,0.E0,0.E0));
#6463=AXIS2_PLACEMENT_3D('',#6460,#6461,#6462);
#6464=CYLINDRICAL_SURFACE('',#6463,1.5E-1);
#6465=ORIENTED_EDGE('',*,*,#6436,.F.);
#6467=ORIENTED_EDGE('',*,*,#6466,.T.);
#6469=ORIENTED_EDGE('',*,*,#6468,.T.);
#6471=ORIENTED_EDGE('',*,*,#6470,.F.);
#6472=EDGE_LOOP('',(#6465,#6467,#6469,#6471));
#6473=FACE_OUTER_BOUND('',#6472,.F.);
#6474=ADVANCED_FACE('',(#6473),#6464,.F.);
#6475=FILL_AREA_STYLE_COLOUR('',#2);
#6476=FILL_AREA_STYLE('',(#6475));
#6477=SURFACE_STYLE_FILL_AREA(#6476);
#6478=SURFACE_SIDE_STYLE('',(#6477));
#6479=SURFACE_STYLE_USAGE(.POSITIVE.,#6478);
#6480=FILL_AREA_STYLE_COLOUR('',#1);
#6481=FILL_AREA_STYLE('',(#6480));
#6482=SURFACE_STYLE_FILL_AREA(#6481);
#6483=SURFACE_SIDE_STYLE('',(#6482));
#6484=SURFACE_STYLE_USAGE(.NEGATIVE.,#6483);
#6485=PRESENTATION_STYLE_ASSIGNMENT((#6479,#6484));
#6486=STYLED_ITEM('',(#6485),#6474);
#6487=CARTESIAN_POINT('',(1.378481711669E0,-5.091878246742E-1,
1.449868769353E0));
#6488=CARTESIAN_POINT('',(1.377097736493E0,-5.091456491608E-1,
1.449836474358E0));
#6489=CARTESIAN_POINT('',(1.365738522226E0,-5.090051460838E-1,
1.449728985986E0));
#6490=CARTESIAN_POINT('',(1.343515606357E0,-5.120592568534E-1,
1.452062667065E0));
#6491=CARTESIAN_POINT('',(1.312713929271E0,-5.250221937517E-1,
1.462001844313E0));
#6492=CARTESIAN_POINT('',(1.283286867666E0,-5.475126785523E-1,
1.479361820354E0));
#6493=CARTESIAN_POINT('',(1.257629308418E0,-5.791281502474E-1,
1.503973935024E0));
#6494=CARTESIAN_POINT('',(1.238501645148E0,-6.173636175725E-1,
1.534011383978E0));
#6495=CARTESIAN_POINT('',(1.227641812290E0,-6.571229908241E-1,
1.565518904719E0));
#6496=CARTESIAN_POINT('',(1.224964312562E0,-6.845563043941E-1,
1.587421972647E0));
#6497=CARTESIAN_POINT('',(1.224790720991E0,-6.977357003131E-1,
1.597983016031E0));
#6498=CARTESIAN_POINT('',(1.224784004357E0,-6.988511306160E-1,
1.598877112296E0));
#6499=CARTESIAN_POINT('',(1.379784864605E0,-4.146179446618E-1,
1.454433412499E0));
#6500=CARTESIAN_POINT('',(1.377883308455E0,-4.145668092257E-1,
1.454375332011E0));
#6501=CARTESIAN_POINT('',(1.362269136461E0,-4.143964346373E-1,
1.454180621948E0));
#6502=CARTESIAN_POINT('',(1.331750626366E0,-4.180758060447E-1,
1.458427768211E0));
#6503=CARTESIAN_POINT('',(1.291870707381E0,-4.334366094677E-1,
1.475835345560E0));
#6504=CARTESIAN_POINT('',(1.258265259481E0,-4.593055096071E-1,
1.504004248874E0));
#6505=CARTESIAN_POINT('',(1.234541918952E0,-4.943863037227E-1,
1.540034861534E0));
#6506=CARTESIAN_POINT('',(1.222705481580E0,-5.353368021680E-1,
1.579121797479E0));
#6507=CARTESIAN_POINT('',(1.221844275151E0,-5.766079344809E-1,
1.615396115338E0));
#6508=CARTESIAN_POINT('',(1.226572203791E0,-6.043598645788E-1,
1.637856619482E0));
#6509=CARTESIAN_POINT('',(1.229919192064E0,-6.175249676862E-1,
1.648044979888E0));
#6510=CARTESIAN_POINT('',(1.230210070576E0,-6.186379437877E-1,
1.648903000343E0));
#6511=CARTESIAN_POINT('',(1.382384190592E0,-3.476694675698E-1,
1.387521489489E0));
#6512=CARTESIAN_POINT('',(1.379449718784E0,-3.476119891715E-1,
1.387429114601E0));
#6513=CARTESIAN_POINT('',(1.355352641279E0,-3.474204677633E-1,
1.387119221304E0));
#6514=CARTESIAN_POINT('',(1.308259708160E0,-3.515424774343E-1,
1.393881828343E0));
#6515=CARTESIAN_POINT('',(1.247206102348E0,-3.686007929202E-1,
1.421496425620E0));
#6516=CARTESIAN_POINT('',(1.196713605999E0,-3.968613611244E-1,
1.465831061406E0));
#6517=CARTESIAN_POINT('',(1.162413014776E0,-4.343953470878E-1,
1.521876742248E0));
#6518=CARTESIAN_POINT('',(1.147040034253E0,-4.772678866600E-1,
1.581758102746E0));
#6519=CARTESIAN_POINT('',(1.148526944393E0,-5.196092325215E-1,
1.636331204380E0));
#6520=CARTESIAN_POINT('',(1.157506755925E0,-5.475867195442E-1,
1.669463231790E0));
#6521=CARTESIAN_POINT('',(1.163389910663E0,-5.607417043987E-1,
1.684320189720E0));
#6522=CARTESIAN_POINT('',(1.163898897969E0,-5.618529431072E-1,
1.685570089036E0));
#6523=CARTESIAN_POINT('',(1.384576922205E0,-3.521990264327E-1,
1.292965687497E0));
#6524=CARTESIAN_POINT('',(1.380770842827E0,-3.521419771826E-1,
1.292852974890E0));
#6525=CARTESIAN_POINT('',(1.349519896893E0,-3.519518865130E-1,
1.292475391091E0));
#6526=CARTESIAN_POINT('',(1.288431291090E0,-3.560439484368E-1,
1.300707625526E0));
#6527=CARTESIAN_POINT('',(1.207979020090E0,-3.729874146962E-1,
1.334581444182E0));
#6528=CARTESIAN_POINT('',(1.138953187057E0,-4.010861688942E-1,
1.389848763659E0));
#6529=CARTESIAN_POINT('',(1.088492825009E0,-4.384541783133E-1,
1.461394604637E0));
#6530=CARTESIAN_POINT('',(1.061072252274E0,-4.811966776098E-1,
1.540193307954E0));
#6531=CARTESIAN_POINT('',(1.055718564057E0,-5.234656156216E-1,
1.614610006002E0));
#6532=CARTESIAN_POINT('',(1.063011387992E0,-5.514278420527E-1,
1.661536938339E0));
#6533=CARTESIAN_POINT('',(1.068784902956E0,-5.645835114817E-1,
1.683045467708E0));
#6534=CARTESIAN_POINT('',(1.069289633914E0,-5.656948677377E-1,
1.684858488408E0));
#6535=(BOUNDED_SURFACE()B_SPLINE_SURFACE(3,3,((#6487,#6488,#6489,#6490,#6491,
#6492,#6493,#6494,#6495,#6496,#6497,#6498),(#6499,#6500,#6501,#6502,#6503,#6504,
#6505,#6506,#6507,#6508,#6509,#6510),(#6511,#6512,#6513,#6514,#6515,#6516,#6517,
#6518,#6519,#6520,#6521,#6522),(#6523,#6524,#6525,#6526,#6527,#6528,#6529,#6530,
#6531,#6532,#6533,#6534)),.UNSPECIFIED.,.F.,.F.,.F.)B_SPLINE_SURFACE_WITH_KNOTS(
(4,4),(4,1,1,1,1,1,1,1,1,4),(0.E0,1.E0),(5.998526360707E-1,6.062509839705E-1,
6.523429457287E-1,7.026003722816E-1,7.579324820552E-1,8.183590027447E-1,
8.832237722554E-1,9.464649082381E-1,1.E0,1.004950482495E0),.UNSPECIFIED.)GEOMETRIC_REPRESENTATION_ITEM()RATIONAL_B_SPLINE_SURFACE(((1.195843380560E0,
1.195843380560E0,1.195843380560E0,1.195843380560E0,1.195843380560E0,
1.195843380560E0,1.195843380560E0,1.195843380560E0,1.195843380560E0,
1.195843380560E0,1.195843380560E0,1.195843380560E0),(9.347188731467E-1,
9.347188731467E-1,9.347188731467E-1,9.347188731467E-1,9.347188731467E-1,
9.347188731467E-1,9.347188731467E-1,9.347188731467E-1,9.347188731467E-1,
9.347188731467E-1,9.347188731467E-1,9.347188731467E-1),(9.347188731467E-1,
9.347188731467E-1,9.347188731467E-1,9.347188731467E-1,9.347188731467E-1,
9.347188731467E-1,9.347188731467E-1,9.347188731467E-1,9.347188731467E-1,
9.347188731467E-1,9.347188731467E-1,9.347188731467E-1),(1.195843380560E0,
1.195843380560E0,1.195843380560E0,1.195843380560E0,1.195843380560E0,
1.195843380560E0,1.195843380560E0,1.195843380560E0,1.195843380560E0,
1.195843380560E0,1.195843380560E0,1.195843380560E0)))REPRESENTATION_ITEM('')SURFACE());
#6537=ORIENTED_EDGE('',*,*,#6536,.T.);
#6538=ORIENTED_EDGE('',*,*,#6466,.F.);
#6540=ORIENTED_EDGE('',*,*,#6539,.F.);
#6541=ORIENTED_EDGE('',*,*,#5433,.T.);
#6542=EDGE_LOOP('',(#6537,#6538,#6540,#6541));
#6543=FACE_OUTER_BOUND('',#6542,.F.);
#6544=ADVANCED_FACE('',(#6543),#6535,.F.);
#6545=FILL_AREA_STYLE_COLOUR('',#2);
#6546=FILL_AREA_STYLE('',(#6545));
#6547=SURFACE_STYLE_FILL_AREA(#6546);
#6548=SURFACE_SIDE_STYLE('',(#6547));
#6549=SURFACE_STYLE_USAGE(.POSITIVE.,#6548);
#6550=FILL_AREA_STYLE_COLOUR('',#1);
#6551=FILL_AREA_STYLE('',(#6550));
#6552=SURFACE_STYLE_FILL_AREA(#6551);
#6553=SURFACE_SIDE_STYLE('',(#6552));
#6554=SURFACE_STYLE_USAGE(.NEGATIVE.,#6553);
#6555=PRESENTATION_STYLE_ASSIGNMENT((#6549,#6554));
#6556=STYLED_ITEM('',(#6555),#6544);
#6557=CARTESIAN_POINT('',(6.25E-1,-4.188087916408E-1,1.45E0));
#6558=DIRECTION('',(0.E0,8.480480961564E-1,5.299192642332E-1));
#6559=DIRECTION('',(0.E0,-5.299192642332E-1,8.480480961564E-1));
#6560=AXIS2_PLACEMENT_3D('',#6557,#6558,#6559);
#6561=PLANE('',#6560);
#6563=ORIENTED_EDGE('',*,*,#6562,.F.);
#6565=ORIENTED_EDGE('',*,*,#6564,.F.);
#6566=ORIENTED_EDGE('',*,*,#6309,.F.);
#6568=ORIENTED_EDGE('',*,*,#6567,.T.);
#6569=ORIENTED_EDGE('',*,*,#6468,.F.);
#6570=ORIENTED_EDGE('',*,*,#6536,.F.);
#6571=ORIENTED_EDGE('',*,*,#5431,.T.);
#6572=EDGE_LOOP('',(#6563,#6565,#6566,#6568,#6569,#6570,#6571));
#6573=FACE_OUTER_BOUND('',#6572,.F.);
#6574=ADVANCED_FACE('',(#6573),#6561,.F.);
#6575=FILL_AREA_STYLE_COLOUR('',#2);
#6576=FILL_AREA_STYLE('',(#6575));
#6577=SURFACE_STYLE_FILL_AREA(#6576);
#6578=SURFACE_SIDE_STYLE('',(#6577));
#6579=SURFACE_STYLE_USAGE(.POSITIVE.,#6578);
#6580=FILL_AREA_STYLE_COLOUR('',#1);
#6581=FILL_AREA_STYLE('',(#6580));
#6582=SURFACE_STYLE_FILL_AREA(#6581);
#6583=SURFACE_SIDE_STYLE('',(#6582));
#6584=SURFACE_STYLE_USAGE(.NEGATIVE.,#6583);
#6585=PRESENTATION_STYLE_ASSIGNMENT((#6579,#6584));
#6586=STYLED_ITEM('',(#6585),#6574);
#6587=CARTESIAN_POINT('',(0.E0,9.25E-1,1.45E0));
#6588=DIRECTION('',(0.E0,0.E0,1.E0));
#6589=DIRECTION('',(0.E0,1.E0,0.E0));
#6590=AXIS2_PLACEMENT_3D('',#6587,#6588,#6589);
#6591=PLANE('',#6590);
#6592=ORIENTED_EDGE('',*,*,#6562,.T.);
#6594=ORIENTED_EDGE('',*,*,#6593,.F.);
#6596=ORIENTED_EDGE('',*,*,#6595,.F.);
#6598=ORIENTED_EDGE('',*,*,#6597,.F.);
#6599=EDGE_LOOP('',(#6592,#6594,#6596,#6598));
#6600=FACE_OUTER_BOUND('',#6599,.F.);
#6601=ADVANCED_FACE('',(#6600),#6591,.T.);
#6602=FILL_AREA_STYLE_COLOUR('',#9);
#6603=FILL_AREA_STYLE('',(#6602));
#6604=SURFACE_STYLE_FILL_AREA(#6603);
#6605=SURFACE_SIDE_STYLE('',(#6604));
#6606=SURFACE_STYLE_USAGE(.BOTH.,#6605);
#6607=PRESENTATION_STYLE_ASSIGNMENT((#6606));
#6608=STYLED_ITEM('',(#6607),#6601);
#6609=CARTESIAN_POINT('',(0.E0,9.25E-1,-1.45E0));
#6610=DIRECTION('',(0.E0,0.E0,1.E0));
#6611=DIRECTION('',(0.E0,1.E0,0.E0));
#6612=AXIS2_PLACEMENT_3D('',#6609,#6610,#6611);
#6613=CYLINDRICAL_SURFACE('',#6612,1.75E0);
#6615=ORIENTED_EDGE('',*,*,#6614,.T.);
#6616=ORIENTED_EDGE('',*,*,#6593,.T.);
#6617=ORIENTED_EDGE('',*,*,#5429,.T.);
#6618=ORIENTED_EDGE('',*,*,#5516,.F.);
#6620=ORIENTED_EDGE('',*,*,#6619,.F.);
#6622=ORIENTED_EDGE('',*,*,#6621,.F.);
#6623=ORIENTED_EDGE('',*,*,#5510,.T.);
#6624=EDGE_LOOP('',(#6615,#6616,#6617,#6618,#6620,#6622,#6623));
#6625=FACE_OUTER_BOUND('',#6624,.F.);
#6626=ADVANCED_FACE('',(#6625),#6613,.T.);
#6627=FILL_AREA_STYLE_COLOUR('',#9);
#6628=FILL_AREA_STYLE('',(#6627));
#6629=SURFACE_STYLE_FILL_AREA(#6628);
#6630=SURFACE_SIDE_STYLE('',(#6629));
#6631=SURFACE_STYLE_USAGE(.POSITIVE.,#6630);
#6632=PRESENTATION_STYLE_ASSIGNMENT((#6631));
#6633=STYLED_ITEM('',(#6632),#6626);
#6634=CARTESIAN_POINT('',(0.E0,0.E0,1.45E0));
#6635=DIRECTION('',(0.E0,0.E0,1.E0));
#6636=DIRECTION('',(1.E0,0.E0,0.E0));
#6637=AXIS2_PLACEMENT_3D('',#6634,#6635,#6636);
#6638=PLANE('',#6637);
#6639=ORIENTED_EDGE('',*,*,#5508,.F.);
#6641=ORIENTED_EDGE('',*,*,#6640,.F.);
#6643=ORIENTED_EDGE('',*,*,#6642,.F.);
#6645=ORIENTED_EDGE('',*,*,#6644,.F.);
#6646=ORIENTED_EDGE('',*,*,#6614,.F.);
#6647=EDGE_LOOP('',(#6639,#6641,#6643,#6645,#6646));
#6648=FACE_OUTER_BOUND('',#6647,.F.);
#6649=ADVANCED_FACE('',(#6648),#6638,.F.);
#6650=FILL_AREA_STYLE_COLOUR('',#1);
#6651=FILL_AREA_STYLE('',(#6650));
#6652=SURFACE_STYLE_FILL_AREA(#6651);
#6653=SURFACE_SIDE_STYLE('',(#6652));
#6654=SURFACE_STYLE_USAGE(.POSITIVE.,#6653);
#6655=PRESENTATION_STYLE_ASSIGNMENT((#6654));
#6656=STYLED_ITEM('',(#6655),#6649);
#6657=CARTESIAN_POINT('',(-4.75E-1,-6.47958E0,1.6E0));
#6658=DIRECTION('',(0.E0,1.E0,0.E0));
#6659=DIRECTION('',(0.E0,0.E0,-1.E0));
#6660=AXIS2_PLACEMENT_3D('',#6657,#6658,#6659);
#6661=CYLINDRICAL_SURFACE('',#6660,1.5E-1);
#6662=ORIENTED_EDGE('',*,*,#5537,.T.);
#6664=ORIENTED_EDGE('',*,*,#6663,.T.);
#6666=ORIENTED_EDGE('',*,*,#6665,.F.);
#6668=ORIENTED_EDGE('',*,*,#6667,.T.);
#6669=ORIENTED_EDGE('',*,*,#6640,.T.);
#6670=EDGE_LOOP('',(#6662,#6664,#6666,#6668,#6669));
#6671=FACE_OUTER_BOUND('',#6670,.F.);
#6672=ADVANCED_FACE('',(#6671),#6661,.T.);
#6673=FILL_AREA_STYLE_COLOUR('',#2);
#6674=FILL_AREA_STYLE('',(#6673));
#6675=SURFACE_STYLE_FILL_AREA(#6674);
#6676=SURFACE_SIDE_STYLE('',(#6675));
#6677=SURFACE_STYLE_USAGE(.POSITIVE.,#6676);
#6678=FILL_AREA_STYLE_COLOUR('',#1);
#6679=FILL_AREA_STYLE('',(#6678));
#6680=SURFACE_STYLE_FILL_AREA(#6679);
#6681=SURFACE_SIDE_STYLE('',(#6680));
#6682=SURFACE_STYLE_USAGE(.NEGATIVE.,#6681);
#6683=PRESENTATION_STYLE_ASSIGNMENT((#6677,#6682));
#6684=STYLED_ITEM('',(#6683),#6672);
#6685=CARTESIAN_POINT('',(-4.715378059111E-1,-5.091869197523E-1,
1.449868804826E0));
#6686=CARTESIAN_POINT('',(-4.738568026494E-1,-5.091166474137E-1,
1.449814993855E0));
#6687=CARTESIAN_POINT('',(-4.857087468431E-1,-5.091157476516E-1,
1.449814133905E0));
#6688=CARTESIAN_POINT('',(-5.078311040252E-1,-5.125752053866E-1,
1.452458365271E0));
#6689=CARTESIAN_POINT('',(-5.370687168782E-1,-5.250614505043E-1,
1.462034185962E0));
#6690=CARTESIAN_POINT('',(-5.650726309318E-1,-5.461434980833E-1,
1.478304818097E0));
#6691=CARTESIAN_POINT('',(-5.900860224095E-1,-5.758455630815E-1,
1.501412312593E0));
#6692=CARTESIAN_POINT('',(-6.097717754898E-1,-6.129333636366E-1,
1.530518219822E0));
#6693=CARTESIAN_POINT('',(-6.218968664885E-1,-6.538665799545E-1,
1.562924978012E0));
#6694=CARTESIAN_POINT('',(-6.250171663629E-1,-6.831620649522E-1,
1.586305687909E0));
#6695=CARTESIAN_POINT('',(-6.252092693716E-1,-6.977352572653E-1,
1.597983606796E0));
#6696=CARTESIAN_POINT('',(-6.252159977165E-1,-6.988507557022E-1,
1.598877755168E0));
#6697=CARTESIAN_POINT('',(-4.702419846303E-1,-4.146184539545E-1,
1.454432558651E0));
#6698=CARTESIAN_POINT('',(-4.734283712242E-1,-4.145332298603E-1,
1.454335781367E0));
#6699=CARTESIAN_POINT('',(-4.897252101240E-1,-4.145285131688E-1,
1.454333726002E0));
#6700=CARTESIAN_POINT('',(-5.200204937845E-1,-4.186922062483E-1,
1.459131549982E0));
#6701=CARTESIAN_POINT('',(-5.577869640533E-1,-4.334728383082E-1,
1.475861290653E0));
#6702=CARTESIAN_POINT('',(-5.899170145767E-1,-4.577376553273E-1,
1.502306501531E0));
#6703=CARTESIAN_POINT('',(-6.135531469832E-1,-4.907851735269E-1,
1.536412673104E0));
#6704=CARTESIAN_POINT('',(-6.265755252112E-1,-5.306612407723E-1,
1.574815436242E0));
#6705=CARTESIAN_POINT('',(-6.285788624646E-1,-5.732922783953E-1,
1.612651430066E0));
#6706=CARTESIAN_POINT('',(-6.237820333268E-1,-6.029675434949E-1,
1.636779503516E0));
#6707=CARTESIAN_POINT('',(-6.200812527170E-1,-6.175247867467E-1,
1.648045406436E0));
#6708=CARTESIAN_POINT('',(-6.197903685542E-1,-6.186378096247E-1,
1.648903492218E0));
#6709=CARTESIAN_POINT('',(-4.676572680018E-1,-3.476711811676E-1,
1.387520420112E0));
#6710=CARTESIAN_POINT('',(-4.725744969276E-1,-3.475753723690E-1,
1.387366499556E0));
#6711=CARTESIAN_POINT('',(-4.977261337912E-1,-3.475679535821E-1,
1.387363152731E0));
#6712=CARTESIAN_POINT('',(-5.444574316634E-1,-3.522301916610E-1,
1.395000373606E0));
#6713=CARTESIAN_POINT('',(-6.022565519857E-1,-3.686350749678E-1,
1.421533095618E0));
#6714=CARTESIAN_POINT('',(-6.505682419816E-1,-3.951530503958E-1,
1.463162171913E0));
#6715=CARTESIAN_POINT('',(-6.848939820572E-1,-4.305688947195E-1,
1.516266542824E0));
#6716=CARTESIAN_POINT('',(-7.021810254555E-1,-4.724188424667E-1,
1.575211261359E0));
#6717=CARTESIAN_POINT('',(-7.023372427267E-1,-5.162518082916E-1,
1.632259520441E0));
#6718=CARTESIAN_POINT('',(-6.931154946560E-1,-5.461959287846E-1,
1.667892218832E0));
#6719=CARTESIAN_POINT('',(-6.866104416327E-1,-5.607418813155E-1,
1.684320469757E0));
#6720=CARTESIAN_POINT('',(-6.861014430578E-1,-5.618531516863E-1,
1.685570466131E0));
#6721=CARTESIAN_POINT('',(-4.654768437725E-1,-3.522007027064E-1,
1.292964974894E0));
#6722=CARTESIAN_POINT('',(-4.718545329516E-1,-3.521056100481E-1,
1.292777167336E0));
#6723=CARTESIAN_POINT('',(-5.044702988393E-1,-3.520983740798E-1,
1.292773279013E0));
#6724=CARTESIAN_POINT('',(-5.651338480222E-1,-3.567268815790E-1,
1.302075678196E0));
#6725=CARTESIAN_POINT('',(-6.413464879135E-1,-3.730218712232E-1,
1.334638737837E0));
#6726=CARTESIAN_POINT('',(-7.072951047255E-1,-3.993874023601E-1,
1.386514369141E0));
#6727=CARTESIAN_POINT('',(-7.573748058500E-1,-4.346430103703E-1,
1.454171183133E0));
#6728=CARTESIAN_POINT('',(-7.870608714775E-1,-4.763594092234E-1,
1.531446399343E0));
#6729=CARTESIAN_POINT('',(-7.948546078689E-1,-5.201110549369E-1,
1.608904445186E0));
#6730=CARTESIAN_POINT('',(-7.875988124207E-1,-5.500369851999E-1,
1.659262617688E0));
#6731=CARTESIAN_POINT('',(-7.812151118241E-1,-5.645837016389E-1,
1.683045846479E0));
#6732=CARTESIAN_POINT('',(-7.807103786110E-1,-5.656950905808E-1,
1.684858995112E0));
#6733=(BOUNDED_SURFACE()B_SPLINE_SURFACE(3,3,((#6685,#6686,#6687,#6688,#6689,
#6690,#6691,#6692,#6693,#6694,#6695,#6696),(#6697,#6698,#6699,#6700,#6701,#6702,
#6703,#6704,#6705,#6706,#6707,#6708),(#6709,#6710,#6711,#6712,#6713,#6714,#6715,
#6716,#6717,#6718,#6719,#6720),(#6721,#6722,#6723,#6724,#6725,#6726,#6727,#6728,
#6729,#6730,#6731,#6732)),.UNSPECIFIED.,.F.,.F.,.F.)B_SPLINE_SURFACE_WITH_KNOTS(
(4,4),(4,1,1,1,1,1,1,1,1,4),(0.E0,1.E0),(5.998500547733E-1,6.105727585729E-1,
6.546088215042E-1,7.024688659483E-1,7.549870952998E-1,8.119341415421E-1,
8.750099811530E-1,9.402831684124E-1,1.E0,1.004950665837E0),.UNSPECIFIED.)GEOMETRIC_REPRESENTATION_ITEM()RATIONAL_B_SPLINE_SURFACE(((1.195842083948E0,
1.195842083948E0,1.195842083948E0,1.195842083948E0,1.195842083948E0,
1.195842083948E0,1.195842083948E0,1.195842083948E0,1.195842083948E0,
1.195842083948E0,1.195842083948E0,1.195842083948E0),(9.347193053506E-1,
9.347193053506E-1,9.347193053506E-1,9.347193053506E-1,9.347193053506E-1,
9.347193053506E-1,9.347193053506E-1,9.347193053506E-1,9.347193053506E-1,
9.347193053506E-1,9.347193053506E-1,9.347193053506E-1),(9.347193053506E-1,
9.347193053506E-1,9.347193053506E-1,9.347193053506E-1,9.347193053506E-1,
9.347193053506E-1,9.347193053506E-1,9.347193053506E-1,9.347193053506E-1,
9.347193053506E-1,9.347193053506E-1,9.347193053506E-1),(1.195842083948E0,
1.195842083948E0,1.195842083948E0,1.195842083948E0,1.195842083948E0,
1.195842083948E0,1.195842083948E0,1.195842083948E0,1.195842083948E0,
1.195842083948E0,1.195842083948E0,1.195842083948E0)))REPRESENTATION_ITEM('')SURFACE());
#6734=ORIENTED_EDGE('',*,*,#5535,.T.);
#6735=ORIENTED_EDGE('',*,*,#5565,.T.);
#6737=ORIENTED_EDGE('',*,*,#6736,.F.);
#6738=ORIENTED_EDGE('',*,*,#6663,.F.);
#6739=EDGE_LOOP('',(#6734,#6735,#6737,#6738));
#6740=FACE_OUTER_BOUND('',#6739,.F.);
#6741=ADVANCED_FACE('',(#6740),#6733,.F.);
#6742=FILL_AREA_STYLE_COLOUR('',#2);
#6743=FILL_AREA_STYLE('',(#6742));
#6744=SURFACE_STYLE_FILL_AREA(#6743);
#6745=SURFACE_SIDE_STYLE('',(#6744));
#6746=SURFACE_STYLE_USAGE(.POSITIVE.,#6745);
#6747=FILL_AREA_STYLE_COLOUR('',#1);
#6748=FILL_AREA_STYLE('',(#6747));
#6749=SURFACE_STYLE_FILL_AREA(#6748);
#6750=SURFACE_SIDE_STYLE('',(#6749));
#6751=SURFACE_STYLE_USAGE(.NEGATIVE.,#6750);
#6752=PRESENTATION_STYLE_ASSIGNMENT((#6746,#6751));
#6753=STYLED_ITEM('',(#6752),#6741);
#6754=CARTESIAN_POINT('',(-7.75E-1,-6.810960180825E-1,1.586685317781E0));
#6755=DIRECTION('',(0.E0,-5.299192642332E-1,8.480480961564E-1));
#6756=DIRECTION('',(1.E0,0.E0,0.E0));
#6757=AXIS2_PLACEMENT_3D('',#6754,#6755,#6756);
#6758=CYLINDRICAL_SURFACE('',#6757,1.5E-1);
#6760=ORIENTED_EDGE('',*,*,#6759,.F.);
#6761=ORIENTED_EDGE('',*,*,#6736,.T.);
#6762=ORIENTED_EDGE('',*,*,#5563,.T.);
#6764=ORIENTED_EDGE('',*,*,#6763,.F.);
#6765=EDGE_LOOP('',(#6760,#6761,#6762,#6764));
#6766=FACE_OUTER_BOUND('',#6765,.F.);
#6767=ADVANCED_FACE('',(#6766),#6758,.F.);
#6768=FILL_AREA_STYLE_COLOUR('',#2);
#6769=FILL_AREA_STYLE('',(#6768));
#6770=SURFACE_STYLE_FILL_AREA(#6769);
#6771=SURFACE_SIDE_STYLE('',(#6770));
#6772=SURFACE_STYLE_USAGE(.POSITIVE.,#6771);
#6773=FILL_AREA_STYLE_COLOUR('',#1);
#6774=FILL_AREA_STYLE('',(#6773));
#6775=SURFACE_STYLE_FILL_AREA(#6774);
#6776=SURFACE_SIDE_STYLE('',(#6775));
#6777=SURFACE_STYLE_USAGE(.NEGATIVE.,#6776);
#6778=PRESENTATION_STYLE_ASSIGNMENT((#6772,#6777));
#6779=STYLED_ITEM('',(#6778),#6767);
#6780=CARTESIAN_POINT('',(-6.25E-1,0.E0,0.E0));
#6781=DIRECTION('',(1.E0,0.E0,0.E0));
#6782=DIRECTION('',(0.E0,0.E0,-1.E0));
#6783=AXIS2_PLACEMENT_3D('',#6780,#6781,#6782);
#6784=PLANE('',#6783);
#6785=ORIENTED_EDGE('',*,*,#6759,.T.);
#6787=ORIENTED_EDGE('',*,*,#6786,.T.);
#6789=ORIENTED_EDGE('',*,*,#6788,.T.);
#6791=ORIENTED_EDGE('',*,*,#6790,.F.);
#6793=ORIENTED_EDGE('',*,*,#6792,.F.);
#6794=ORIENTED_EDGE('',*,*,#6665,.T.);
#6795=EDGE_LOOP('',(#6785,#6787,#6789,#6791,#6793,#6794));
#6796=FACE_OUTER_BOUND('',#6795,.F.);
#6797=ADVANCED_FACE('',(#6796),#6784,.F.);
#6798=FILL_AREA_STYLE_COLOUR('',#2);
#6799=FILL_AREA_STYLE('',(#6798));
#6800=SURFACE_STYLE_FILL_AREA(#6799);
#6801=SURFACE_SIDE_STYLE('',(#6800));
#6802=SURFACE_STYLE_USAGE(.POSITIVE.,#6801);
#6803=FILL_AREA_STYLE_COLOUR('',#1);
#6804=FILL_AREA_STYLE('',(#6803));
#6805=SURFACE_STYLE_FILL_AREA(#6804);
#6806=SURFACE_SIDE_STYLE('',(#6805));
#6807=SURFACE_STYLE_USAGE(.NEGATIVE.,#6806);
#6808=PRESENTATION_STYLE_ASSIGNMENT((#6802,#6807));
#6809=STYLED_ITEM('',(#6808),#6797);
#6810=CARTESIAN_POINT('',(-7.75E-1,-4.5E-1,1.971686346440E0));
#6811=DIRECTION('',(1.E0,0.E0,0.E0));
#6812=DIRECTION('',(0.E0,-8.037709399225E-1,-5.949388843706E-1));
#6813=AXIS2_PLACEMENT_3D('',#6810,#6811,#6812);
#6814=TOROIDAL_SURFACE('',#6813,4.E-1,1.5E-1);
#6815=ORIENTED_EDGE('',*,*,#6786,.F.);
#6816=ORIENTED_EDGE('',*,*,#6763,.T.);
#6818=ORIENTED_EDGE('',*,*,#6817,.T.);
#6820=ORIENTED_EDGE('',*,*,#6819,.F.);
#6821=EDGE_LOOP('',(#6815,#6816,#6818,#6820));
#6822=FACE_OUTER_BOUND('',#6821,.F.);
#6823=ADVANCED_FACE('',(#6822),#6814,.F.);
#6824=FILL_AREA_STYLE_COLOUR('',#2);
#6825=FILL_AREA_STYLE('',(#6824));
#6826=SURFACE_STYLE_FILL_AREA(#6825);
#6827=SURFACE_SIDE_STYLE('',(#6826));
#6828=SURFACE_STYLE_USAGE(.POSITIVE.,#6827);
#6829=FILL_AREA_STYLE_COLOUR('',#1);
#6830=FILL_AREA_STYLE('',(#6829));
#6831=SURFACE_STYLE_FILL_AREA(#6830);
#6832=SURFACE_SIDE_STYLE('',(#6831));
#6833=SURFACE_STYLE_USAGE(.NEGATIVE.,#6832);
#6834=PRESENTATION_STYLE_ASSIGNMENT((#6828,#6833));
#6835=STYLED_ITEM('',(#6834),#6823);
#6836=CARTESIAN_POINT('',(-1.136268E1,-4.5E-1,1.971686346440E0));
#6837=DIRECTION('',(1.E0,0.E0,0.E0));
#6838=DIRECTION('',(0.E0,-1.E0,0.E0));
#6839=AXIS2_PLACEMENT_3D('',#6836,#6837,#6838);
#6840=CYLINDRICAL_SURFACE('',#6839,2.5E-1);
#6842=ORIENTED_EDGE('',*,*,#6841,.F.);
#6844=ORIENTED_EDGE('',*,*,#6843,.T.);
#6845=ORIENTED_EDGE('',*,*,#6817,.F.);
#6846=ORIENTED_EDGE('',*,*,#5561,.F.);
#6847=EDGE_LOOP('',(#6842,#6844,#6845,#6846));
#6848=FACE_OUTER_BOUND('',#6847,.F.);
#6849=ADVANCED_FACE('',(#6848),#6840,.T.);
#6850=FILL_AREA_STYLE_COLOUR('',#2);
#6851=FILL_AREA_STYLE('',(#6850));
#6852=SURFACE_STYLE_FILL_AREA(#6851);
#6853=SURFACE_SIDE_STYLE('',(#6852));
#6854=SURFACE_STYLE_USAGE(.POSITIVE.,#6853);
#6855=FILL_AREA_STYLE_COLOUR('',#1);
#6856=FILL_AREA_STYLE('',(#6855));
#6857=SURFACE_STYLE_FILL_AREA(#6856);
#6858=SURFACE_SIDE_STYLE('',(#6857));
#6859=SURFACE_STYLE_USAGE(.NEGATIVE.,#6858);
#6860=PRESENTATION_STYLE_ASSIGNMENT((#6854,#6859));
#6861=STYLED_ITEM('',(#6860),#6849);
#6862=CARTESIAN_POINT('',(-1.075E0,-4.5E-1,1.971686346440E0));
#6863=DIRECTION('',(1.E0,0.E0,0.E0));
#6864=DIRECTION('',(0.E0,-9.984663788686E-1,5.536145110994E-2));
#6865=AXIS2_PLACEMENT_3D('',#6862,#6863,#6864);
#6866=TOROIDAL_SURFACE('',#6865,4.E-1,1.5E-1);
#6868=ORIENTED_EDGE('',*,*,#6867,.F.);
#6870=ORIENTED_EDGE('',*,*,#6869,.T.);
#6871=ORIENTED_EDGE('',*,*,#6841,.T.);
#6873=ORIENTED_EDGE('',*,*,#6872,.F.);
#6874=EDGE_LOOP('',(#6868,#6870,#6871,#6873));
#6875=FACE_OUTER_BOUND('',#6874,.F.);
#6876=ADVANCED_FACE('',(#6875),#6866,.F.);
#6877=FILL_AREA_STYLE_COLOUR('',#2);
#6878=FILL_AREA_STYLE('',(#6877));
#6879=SURFACE_STYLE_FILL_AREA(#6878);
#6880=SURFACE_SIDE_STYLE('',(#6879));
#6881=SURFACE_STYLE_USAGE(.POSITIVE.,#6880);
#6882=FILL_AREA_STYLE_COLOUR('',#1);
#6883=FILL_AREA_STYLE('',(#6882));
#6884=SURFACE_STYLE_FILL_AREA(#6883);
#6885=SURFACE_SIDE_STYLE('',(#6884));
#6886=SURFACE_STYLE_USAGE(.NEGATIVE.,#6885);
#6887=PRESENTATION_STYLE_ASSIGNMENT((#6881,#6886));
#6888=STYLED_ITEM('',(#6887),#6876);
#6889=CARTESIAN_POINT('',(-1.225E0,0.E0,0.E0));
#6890=DIRECTION('',(1.E0,0.E0,0.E0));
#6891=DIRECTION('',(0.E0,0.E0,-1.E0));
#6892=AXIS2_PLACEMENT_3D('',#6889,#6890,#6891);
#6893=PLANE('',#6892);
#6895=ORIENTED_EDGE('',*,*,#6894,.T.);
#6896=ORIENTED_EDGE('',*,*,#5661,.T.);
#6897=ORIENTED_EDGE('',*,*,#5691,.T.);
#6899=ORIENTED_EDGE('',*,*,#6898,.F.);
#6901=ORIENTED_EDGE('',*,*,#6900,.T.);
#6902=ORIENTED_EDGE('',*,*,#6867,.T.);
#6903=EDGE_LOOP('',(#6895,#6896,#6897,#6899,#6901,#6902));
#6904=FACE_OUTER_BOUND('',#6903,.F.);
#6905=ADVANCED_FACE('',(#6904),#6893,.T.);
#6906=FILL_AREA_STYLE_COLOUR('',#2);
#6907=FILL_AREA_STYLE('',(#6906));
#6908=SURFACE_STYLE_FILL_AREA(#6907);
#6909=SURFACE_SIDE_STYLE('',(#6908));
#6910=SURFACE_STYLE_USAGE(.POSITIVE.,#6909);
#6911=FILL_AREA_STYLE_COLOUR('',#1);
#6912=FILL_AREA_STYLE('',(#6911));
#6913=SURFACE_STYLE_FILL_AREA(#6912);
#6914=SURFACE_SIDE_STYLE('',(#6913));
#6915=SURFACE_STYLE_USAGE(.NEGATIVE.,#6914);
#6916=PRESENTATION_STYLE_ASSIGNMENT((#6910,#6915));
#6917=STYLED_ITEM('',(#6916),#6905);
#6918=CARTESIAN_POINT('',(-1.075E0,-7.996433134021E-1,1.776400647805E0));
#6919=DIRECTION('',(0.E0,5.299192642332E-1,-8.480480961564E-1));
#6920=DIRECTION('',(-1.E0,0.E0,0.E0));
#6921=AXIS2_PLACEMENT_3D('',#6918,#6919,#6920);
#6922=CYLINDRICAL_SURFACE('',#6921,1.5E-1);
#6923=ORIENTED_EDGE('',*,*,#6894,.F.);
#6924=ORIENTED_EDGE('',*,*,#6872,.T.);
#6925=ORIENTED_EDGE('',*,*,#5559,.T.);
#6926=ORIENTED_EDGE('',*,*,#5633,.F.);
#6927=EDGE_LOOP('',(#6923,#6924,#6925,#6926));
#6928=FACE_OUTER_BOUND('',#6927,.F.);
#6929=ADVANCED_FACE('',(#6928),#6922,.F.);
#6930=FILL_AREA_STYLE_COLOUR('',#2);
#6931=FILL_AREA_STYLE('',(#6930));
#6932=SURFACE_STYLE_FILL_AREA(#6931);
#6933=SURFACE_SIDE_STYLE('',(#6932));
#6934=SURFACE_STYLE_USAGE(.POSITIVE.,#6933);
#6935=FILL_AREA_STYLE_COLOUR('',#1);
#6936=FILL_AREA_STYLE('',(#6935));
#6937=SURFACE_STYLE_FILL_AREA(#6936);
#6938=SURFACE_SIDE_STYLE('',(#6937));
#6939=SURFACE_STYLE_USAGE(.NEGATIVE.,#6938);
#6940=PRESENTATION_STYLE_ASSIGNMENT((#6934,#6939));
#6941=STYLED_ITEM('',(#6940),#6929);
#6942=CARTESIAN_POINT('',(-1.375E0,8.12958E0,2.35E0));
#6943=DIRECTION('',(0.E0,-1.E0,0.E0));
#6944=DIRECTION('',(1.E0,0.E0,0.E0));
#6945=AXIS2_PLACEMENT_3D('',#6942,#6943,#6944);
#6946=CYLINDRICAL_SURFACE('',#6945,1.5E-1);
#6948=ORIENTED_EDGE('',*,*,#6947,.F.);
#6949=ORIENTED_EDGE('',*,*,#6898,.T.);
#6950=ORIENTED_EDGE('',*,*,#5689,.T.);
#6951=ORIENTED_EDGE('',*,*,#5852,.F.);
#6952=EDGE_LOOP('',(#6948,#6949,#6950,#6951));
#6953=FACE_OUTER_BOUND('',#6952,.F.);
#6954=ADVANCED_FACE('',(#6953),#6946,.T.);
#6955=FILL_AREA_STYLE_COLOUR('',#2);
#6956=FILL_AREA_STYLE('',(#6955));
#6957=SURFACE_STYLE_FILL_AREA(#6956);
#6958=SURFACE_SIDE_STYLE('',(#6957));
#6959=SURFACE_STYLE_USAGE(.POSITIVE.,#6958);
#6960=FILL_AREA_STYLE_COLOUR('',#1);
#6961=FILL_AREA_STYLE('',(#6960));
#6962=SURFACE_STYLE_FILL_AREA(#6961);
#6963=SURFACE_SIDE_STYLE('',(#6962));
#6964=SURFACE_STYLE_USAGE(.NEGATIVE.,#6963);
#6965=PRESENTATION_STYLE_ASSIGNMENT((#6959,#6964));
#6966=STYLED_ITEM('',(#6965),#6954);
#6967=CARTESIAN_POINT('',(-1.075E0,-8.5E-1,2.35E0));
#6968=DIRECTION('',(0.E0,0.E0,-1.E0));
#6969=DIRECTION('',(0.E0,1.E0,0.E0));
#6970=AXIS2_PLACEMENT_3D('',#6967,#6968,#6969);
#6971=TOROIDAL_SURFACE('',#6970,3.E-1,1.5E-1);
#6972=ORIENTED_EDGE('',*,*,#6947,.T.);
#6973=ORIENTED_EDGE('',*,*,#5850,.T.);
#6975=ORIENTED_EDGE('',*,*,#6974,.F.);
#6977=ORIENTED_EDGE('',*,*,#6976,.F.);
#6978=EDGE_LOOP('',(#6972,#6973,#6975,#6977));
#6979=FACE_OUTER_BOUND('',#6978,.F.);
#6980=ADVANCED_FACE('',(#6979),#6971,.T.);
#6981=FILL_AREA_STYLE_COLOUR('',#2);
#6982=FILL_AREA_STYLE('',(#6981));
#6983=SURFACE_STYLE_FILL_AREA(#6982);
#6984=SURFACE_SIDE_STYLE('',(#6983));
#6985=SURFACE_STYLE_USAGE(.POSITIVE.,#6984);
#6986=FILL_AREA_STYLE_COLOUR('',#1);
#6987=FILL_AREA_STYLE('',(#6986));
#6988=SURFACE_STYLE_FILL_AREA(#6987);
#6989=SURFACE_SIDE_STYLE('',(#6988));
#6990=SURFACE_STYLE_USAGE(.NEGATIVE.,#6989);
#6991=PRESENTATION_STYLE_ASSIGNMENT((#6985,#6990));
#6992=STYLED_ITEM('',(#6991),#6980);
#6993=CARTESIAN_POINT('',(-1.136268E1,-5.5E-1,2.35E0));
#6994=DIRECTION('',(1.E0,0.E0,0.E0));
#6995=DIRECTION('',(0.E0,0.E0,1.E0));
#6996=AXIS2_PLACEMENT_3D('',#6993,#6994,#6995);
#6997=CYLINDRICAL_SURFACE('',#6996,1.5E-1);
#6998=ORIENTED_EDGE('',*,*,#6974,.T.);
#6999=ORIENTED_EDGE('',*,*,#5848,.T.);
#7001=ORIENTED_EDGE('',*,*,#7000,.F.);
#7003=ORIENTED_EDGE('',*,*,#7002,.F.);
#7004=EDGE_LOOP('',(#6998,#6999,#7001,#7003));
#7005=FACE_OUTER_BOUND('',#7004,.F.);
#7006=ADVANCED_FACE('',(#7005),#6997,.T.);
#7007=FILL_AREA_STYLE_COLOUR('',#2);
#7008=FILL_AREA_STYLE('',(#7007));
#7009=SURFACE_STYLE_FILL_AREA(#7008);
#7010=SURFACE_SIDE_STYLE('',(#7009));
#7011=SURFACE_STYLE_USAGE(.POSITIVE.,#7010);
#7012=FILL_AREA_STYLE_COLOUR('',#1);
#7013=FILL_AREA_STYLE('',(#7012));
#7014=SURFACE_STYLE_FILL_AREA(#7013);
#7015=SURFACE_SIDE_STYLE('',(#7014));
#7016=SURFACE_STYLE_USAGE(.NEGATIVE.,#7015);
#7017=PRESENTATION_STYLE_ASSIGNMENT((#7011,#7016));
#7018=STYLED_ITEM('',(#7017),#7006);
#7019=CARTESIAN_POINT('',(-7.75E-1,-8.5E-1,2.35E0));
#7020=DIRECTION('',(0.E0,0.E0,1.E0));
#7021=DIRECTION('',(1.E0,0.E0,0.E0));
#7022=AXIS2_PLACEMENT_3D('',#7019,#7020,#7021);
#7023=TOROIDAL_SURFACE('',#7022,3.E-1,1.5E-1);
#7024=ORIENTED_EDGE('',*,*,#7000,.T.);
#7025=ORIENTED_EDGE('',*,*,#5846,.T.);
#7027=ORIENTED_EDGE('',*,*,#7026,.F.);
#7029=ORIENTED_EDGE('',*,*,#7028,.F.);
#7030=EDGE_LOOP('',(#7024,#7025,#7027,#7029));
#7031=FACE_OUTER_BOUND('',#7030,.F.);
#7032=ADVANCED_FACE('',(#7031),#7023,.T.);
#7033=FILL_AREA_STYLE_COLOUR('',#2);
#7034=FILL_AREA_STYLE('',(#7033));
#7035=SURFACE_STYLE_FILL_AREA(#7034);
#7036=SURFACE_SIDE_STYLE('',(#7035));
#7037=SURFACE_STYLE_USAGE(.POSITIVE.,#7036);
#7038=FILL_AREA_STYLE_COLOUR('',#1);
#7039=FILL_AREA_STYLE('',(#7038));
#7040=SURFACE_STYLE_FILL_AREA(#7039);
#7041=SURFACE_SIDE_STYLE('',(#7040));
#7042=SURFACE_STYLE_USAGE(.NEGATIVE.,#7041);
#7043=PRESENTATION_STYLE_ASSIGNMENT((#7037,#7042));
#7044=STYLED_ITEM('',(#7043),#7032);
#7045=CARTESIAN_POINT('',(-4.75E-1,-6.47958E0,2.35E0));
#7046=DIRECTION('',(0.E0,1.E0,0.E0));
#7047=DIRECTION('',(-1.E0,0.E0,0.E0));
#7048=AXIS2_PLACEMENT_3D('',#7045,#7046,#7047);
#7049=CYLINDRICAL_SURFACE('',#7048,1.5E-1);
#7050=ORIENTED_EDGE('',*,*,#7026,.T.);
#7051=ORIENTED_EDGE('',*,*,#5844,.F.);
#7053=ORIENTED_EDGE('',*,*,#7052,.T.);
#7054=ORIENTED_EDGE('',*,*,#6790,.T.);
#7055=EDGE_LOOP('',(#7050,#7051,#7053,#7054));
#7056=FACE_OUTER_BOUND('',#7055,.F.);
#7057=ADVANCED_FACE('',(#7056),#7049,.T.);
#7058=FILL_AREA_STYLE_COLOUR('',#2);
#7059=FILL_AREA_STYLE('',(#7058));
#7060=SURFACE_STYLE_FILL_AREA(#7059);
#7061=SURFACE_SIDE_STYLE('',(#7060));
#7062=SURFACE_STYLE_USAGE(.POSITIVE.,#7061);
#7063=FILL_AREA_STYLE_COLOUR('',#1);
#7064=FILL_AREA_STYLE('',(#7063));
#7065=SURFACE_STYLE_FILL_AREA(#7064);
#7066=SURFACE_SIDE_STYLE('',(#7065));
#7067=SURFACE_STYLE_USAGE(.NEGATIVE.,#7066);
#7068=PRESENTATION_STYLE_ASSIGNMENT((#7062,#7067));
#7069=STYLED_ITEM('',(#7068),#7057);
#7070=CARTESIAN_POINT('',(-3.15E0,-1.2E0,1.85E0));
#7071=DIRECTION('',(0.E0,-1.E0,0.E0));
#7072=DIRECTION('',(1.E0,0.E0,0.E0));
#7073=AXIS2_PLACEMENT_3D('',#7070,#7071,#7072);
#7074=PLANE('',#7073);
#7076=ORIENTED_EDGE('',*,*,#7075,.F.);
#7077=ORIENTED_EDGE('',*,*,#6642,.T.);
#7078=ORIENTED_EDGE('',*,*,#6667,.F.);
#7079=ORIENTED_EDGE('',*,*,#6792,.T.);
#7080=ORIENTED_EDGE('',*,*,#7052,.F.);
#7081=ORIENTED_EDGE('',*,*,#5842,.T.);
#7082=ORIENTED_EDGE('',*,*,#6252,.F.);
#7083=ORIENTED_EDGE('',*,*,#6279,.F.);
#7084=EDGE_LOOP('',(#7076,#7077,#7078,#7079,#7080,#7081,#7082,#7083));
#7085=FACE_OUTER_BOUND('',#7084,.F.);
#7086=ADVANCED_FACE('',(#7085),#7074,.T.);
#7087=FILL_AREA_STYLE_COLOUR('',#1);
#7088=FILL_AREA_STYLE('',(#7087));
#7089=SURFACE_STYLE_FILL_AREA(#7088);
#7090=SURFACE_SIDE_STYLE('',(#7089));
#7091=SURFACE_STYLE_USAGE(.POSITIVE.,#7090);
#7092=PRESENTATION_STYLE_ASSIGNMENT((#7091));
#7093=STYLED_ITEM('',(#7092),#7086);
#7094=CARTESIAN_POINT('',(4.75E-1,8.12958E0,1.6E0));
#7095=DIRECTION('',(0.E0,-1.E0,0.E0));
#7096=DIRECTION('',(0.E0,0.E0,-1.E0));
#7097=AXIS2_PLACEMENT_3D('',#7094,#7095,#7096);
#7098=CYLINDRICAL_SURFACE('',#7097,1.5E-1);
#7099=ORIENTED_EDGE('',*,*,#6595,.T.);
#7100=ORIENTED_EDGE('',*,*,#6644,.T.);
#7101=ORIENTED_EDGE('',*,*,#7075,.T.);
#7102=ORIENTED_EDGE('',*,*,#6277,.F.);
#7104=ORIENTED_EDGE('',*,*,#7103,.T.);
#7105=EDGE_LOOP('',(#7099,#7100,#7101,#7102,#7104));
#7106=FACE_OUTER_BOUND('',#7105,.F.);
#7107=ADVANCED_FACE('',(#7106),#7098,.T.);
#7108=FILL_AREA_STYLE_COLOUR('',#2);
#7109=FILL_AREA_STYLE('',(#7108));
#7110=SURFACE_STYLE_FILL_AREA(#7109);
#7111=SURFACE_SIDE_STYLE('',(#7110));
#7112=SURFACE_STYLE_USAGE(.POSITIVE.,#7111);
#7113=FILL_AREA_STYLE_COLOUR('',#1);
#7114=FILL_AREA_STYLE('',(#7113));
#7115=SURFACE_STYLE_FILL_AREA(#7114);
#7116=SURFACE_SIDE_STYLE('',(#7115));
#7117=SURFACE_STYLE_USAGE(.NEGATIVE.,#7116);
#7118=PRESENTATION_STYLE_ASSIGNMENT((#7112,#7117));
#7119=STYLED_ITEM('',(#7118),#7107);
#7120=CARTESIAN_POINT('',(6.252160226126E-1,-6.988526354993E-1,
1.598878846717E0));
#7121=CARTESIAN_POINT('',(6.252093063776E-1,-6.977366551626E-1,
1.597984313486E0));
#7122=CARTESIAN_POINT('',(6.250097512130E-1,-6.825940879931E-1,
1.585850152762E0));
#7123=CARTESIAN_POINT('',(6.219174086539E-1,-6.545273700491E-1,
1.563453775327E0));
#7124=CARTESIAN_POINT('',(6.109426043985E-1,-6.169224477808E-1,
1.533675865400E0));
#7125=CARTESIAN_POINT('',(5.950440501668E-1,-5.844228555153E-1,
1.508132135212E0));
#7126=CARTESIAN_POINT('',(5.753432029180E-1,-5.574148107881E-1,
1.487059380027E0));
#7127=CARTESIAN_POINT('',(5.529380192439E-1,-5.362481565666E-1,
1.470658702751E0));
#7128=CARTESIAN_POINT('',(5.285836291046E-1,-5.209302446539E-1,
1.458862837296E0));
#7129=CARTESIAN_POINT('',(5.024322703897E-1,-5.113450607959E-1,
1.451517436765E0));
#7130=CARTESIAN_POINT('',(4.830670196628E-1,-5.089901338976E-1,
1.449717751337E0));
#7131=CARTESIAN_POINT('',(4.726570035508E-1,-5.091527678699E-1,
1.449842300313E0));
#7132=CARTESIAN_POINT('',(4.715203825006E-1,-5.091874417258E-1,
1.449868861783E0));
#7133=CARTESIAN_POINT('',(6.197897469789E-1,-6.186395306381E-1,
1.648904625529E0));
#7134=CARTESIAN_POINT('',(6.200807716774E-1,-6.175260446449E-1,
1.648046165670E0));
#7135=CARTESIAN_POINT('',(6.239261830637E-1,-6.024002709646E-1,
1.636340100678E0));
#7136=CARTESIAN_POINT('',(6.284229287697E-1,-5.739537875341E-1,
1.613166896930E0));
#7137=CARTESIAN_POINT('',(6.267417576472E-1,-5.348147742290E-1,
1.578503052883E0));
#7138=CARTESIAN_POINT('',(6.171111365778E-1,-5.000639553297E-1,
1.545474658731E0));
#7139=CARTESIAN_POINT('',(6.000350512448E-1,-4.703597149325E-1,
1.515483136932E0));
#7140=CARTESIAN_POINT('',(5.763567558053E-1,-4.464061073376E-1,
1.490047007112E0));
#7141=CARTESIAN_POINT('',(5.470234808492E-1,-4.286015085200E-1,
1.470375137592E0));
#7142=CARTESIAN_POINT('',(5.127010714441E-1,-4.172159570360E-1,
1.457433580083E0));
#7143=CARTESIAN_POINT('',(4.860878782786E-1,-4.143776772236E-1,
1.454160836692E0));
#7144=CARTESIAN_POINT('',(4.717796433143E-1,-4.145759006508E-1,
1.454385448388E0));
#7145=CARTESIAN_POINT('',(4.702179582376E-1,-4.146180704354E-1,
1.454433172491E0));
#7146=CARTESIAN_POINT('',(6.861005194592E-1,-5.618546803135E-1,
1.685572276417E0));
#7147=CARTESIAN_POINT('',(6.866097605231E-1,-5.607429601280E-1,
1.684321732773E0));
#7148=CARTESIAN_POINT('',(6.933690340307E-1,-5.456290749761E-1,
1.667251606935E0));
#7149=CARTESIAN_POINT('',(7.020599201019E-1,-5.169137461200E-1,
1.633012798821E0));
#7150=CARTESIAN_POINT('',(7.021488695238E-1,-4.766887116460E-1,
1.580771634161E0));
#7151=CARTESIAN_POINT('',(6.897330955418E-1,-4.403441934669E-1,
1.530216675954E0));
#7152=CARTESIAN_POINT('',(6.653826822705E-1,-4.087312491512E-1,
1.483726101802E0));
#7153=CARTESIAN_POINT('',(6.302656850947E-1,-3.828046880041E-1,
1.443892066472E0));
#7154=CARTESIAN_POINT('',(5.858257774571E-1,-3.632397017294E-1,
1.412840706055E0));
#7155=CARTESIAN_POINT('',(5.331819479584E-1,-3.505796252615E-1,
1.392298775800E0));
#7156=CARTESIAN_POINT('',(4.921115221666E-1,-3.473991679093E-1,
1.387088078316E0));
#7157=CARTESIAN_POINT('',(4.700301442490E-1,-3.476225859960E-1,
1.387445409027E0));
#7158=CARTESIAN_POINT('',(4.676201655206E-1,-3.476700623349E-1,
1.387521305457E0));
#7159=CARTESIAN_POINT('',(7.807096004413E-1,-5.656966004666E-1,
1.684861621670E0));
#7160=CARTESIAN_POINT('',(7.812145845248E-1,-5.645847608110E-1,
1.683047682613E0));
#7161=CARTESIAN_POINT('',(7.878478082525E-1,-5.494700713112E-1,
1.658335218525E0));
#7162=CARTESIAN_POINT('',(7.945903969859E-1,-5.207729318604E-1,
1.609990863869E0));
#7163=CARTESIAN_POINT('',(7.877663870336E-1,-4.806213748472E-1,
1.538995511156E0));
#7164=CARTESIAN_POINT('',(7.653368669425E-1,-4.443846823531E-1,
1.472353358345E0));
#7165=CARTESIAN_POINT('',(7.285782893263E-1,-4.129008761439E-1,
1.412591615152E0));
#7166=CARTESIAN_POINT('',(6.793502442653E-1,-3.871078000720E-1,
1.362428974969E0));
#7167=CARTESIAN_POINT('',(6.195719814017E-1,-3.676619171850E-1,
1.323949092918E0));
#7168=CARTESIAN_POINT('',(5.504583247870E-1,-3.550880718720E-1,
1.298781412431E0));
#7169=CARTESIAN_POINT('',(4.971919937004E-1,-3.519307653915E-1,
1.292437376147E0));
#7170=CARTESIAN_POINT('',(4.685545650044E-1,-3.521524788710E-1,
1.292873140840E0));
#7171=CARTESIAN_POINT('',(4.654287616535E-1,-3.521995961817E-1,
1.292965764215E0));
#7172=(BOUNDED_SURFACE()B_SPLINE_SURFACE(3,3,((#7120,#7121,#7122,#7123,#7124,
#7125,#7126,#7127,#7128,#7129,#7130,#7131,#7132),(#7133,#7134,#7135,#7136,#7137,
#7138,#7139,#7140,#7141,#7142,#7143,#7144,#7145),(#7146,#7147,#7148,#7149,#7150,
#7151,#7152,#7153,#7154,#7155,#7156,#7157,#7158),(#7159,#7160,#7161,#7162,#7163,
#7164,#7165,#7166,#7167,#7168,#7169,#7170,#7171)),.UNSPECIFIED.,.F.,.F.,.F.)B_SPLINE_SURFACE_WITH_KNOTS((4,4),(4,1,1,1,1,1,1,1,1,1,4),(0.E0,1.E0),(
-4.953595355239E-3,0.E0,6.224810641885E-2,1.194831533440E-1,1.728671774568E-1,
2.221894687531E-1,2.679976450880E-1,3.108465534514E-1,3.522428664454E-1,
3.950950183187E-1,4.003494125745E-1),.UNSPECIFIED.)GEOMETRIC_REPRESENTATION_ITEM()RATIONAL_B_SPLINE_SURFACE(((1.195842595295E0,1.195842595295E0,1.195842595295E0,
1.195842595295E0,1.195842595295E0,1.195842595295E0,1.195842595295E0,
1.195842595295E0,1.195842595295E0,1.195842595295E0,1.195842595295E0,
1.195842595295E0,1.195842595295E0),(9.347191349016E-1,9.347191349016E-1,
9.347191349016E-1,9.347191349016E-1,9.347191349016E-1,9.347191349016E-1,
9.347191349016E-1,9.347191349016E-1,9.347191349016E-1,9.347191349016E-1,
9.347191349016E-1,9.347191349016E-1,9.347191349016E-1),(9.347191349016E-1,
9.347191349016E-1,9.347191349016E-1,9.347191349016E-1,9.347191349016E-1,
9.347191349016E-1,9.347191349016E-1,9.347191349016E-1,9.347191349016E-1,
9.347191349016E-1,9.347191349016E-1,9.347191349016E-1,9.347191349016E-1),(
1.195842595295E0,1.195842595295E0,1.195842595295E0,1.195842595295E0,
1.195842595295E0,1.195842595295E0,1.195842595295E0,1.195842595295E0,
1.195842595295E0,1.195842595295E0,1.195842595295E0,1.195842595295E0,
1.195842595295E0)))REPRESENTATION_ITEM('')SURFACE());
#7173=ORIENTED_EDGE('',*,*,#6597,.T.);
#7174=ORIENTED_EDGE('',*,*,#7103,.F.);
#7175=ORIENTED_EDGE('',*,*,#6311,.T.);
#7176=ORIENTED_EDGE('',*,*,#6564,.T.);
#7177=EDGE_LOOP('',(#7173,#7174,#7175,#7176));
#7178=FACE_OUTER_BOUND('',#7177,.F.);
#7179=ADVANCED_FACE('',(#7178),#7172,.F.);
#7180=FILL_AREA_STYLE_COLOUR('',#2);
#7181=FILL_AREA_STYLE('',(#7180));
#7182=SURFACE_STYLE_FILL_AREA(#7181);
#7183=SURFACE_SIDE_STYLE('',(#7182));
#7184=SURFACE_STYLE_USAGE(.POSITIVE.,#7183);
#7185=FILL_AREA_STYLE_COLOUR('',#1);
#7186=FILL_AREA_STYLE('',(#7185));
#7187=SURFACE_STYLE_FILL_AREA(#7186);
#7188=SURFACE_SIDE_STYLE('',(#7187));
#7189=SURFACE_STYLE_USAGE(.NEGATIVE.,#7188);
#7190=PRESENTATION_STYLE_ASSIGNMENT((#7184,#7189));
#7191=STYLED_ITEM('',(#7190),#7179);
#7192=CARTESIAN_POINT('',(-7.75E-1,-8.5E-1,1.957838904028E0));
#7193=DIRECTION('',(0.E0,0.E0,1.E0));
#7194=DIRECTION('',(1.E0,0.E0,0.E0));
#7195=AXIS2_PLACEMENT_3D('',#7192,#7193,#7194);
#7196=CYLINDRICAL_SURFACE('',#7195,1.5E-1);
#7197=ORIENTED_EDGE('',*,*,#6788,.F.);
#7198=ORIENTED_EDGE('',*,*,#6819,.T.);
#7200=ORIENTED_EDGE('',*,*,#7199,.T.);
#7201=ORIENTED_EDGE('',*,*,#7028,.T.);
#7202=EDGE_LOOP('',(#7197,#7198,#7200,#7201));
#7203=FACE_OUTER_BOUND('',#7202,.F.);
#7204=ADVANCED_FACE('',(#7203),#7196,.F.);
#7205=FILL_AREA_STYLE_COLOUR('',#2);
#7206=FILL_AREA_STYLE('',(#7205));
#7207=SURFACE_STYLE_FILL_AREA(#7206);
#7208=SURFACE_SIDE_STYLE('',(#7207));
#7209=SURFACE_STYLE_USAGE(.POSITIVE.,#7208);
#7210=FILL_AREA_STYLE_COLOUR('',#1);
#7211=FILL_AREA_STYLE('',(#7210));
#7212=SURFACE_STYLE_FILL_AREA(#7211);
#7213=SURFACE_SIDE_STYLE('',(#7212));
#7214=SURFACE_STYLE_USAGE(.NEGATIVE.,#7213);
#7215=PRESENTATION_STYLE_ASSIGNMENT((#7209,#7214));
#7216=STYLED_ITEM('',(#7215),#7204);
#7217=CARTESIAN_POINT('',(-6.25E-1,-7.E-1,1.9E0));
#7218=DIRECTION('',(0.E0,-1.E0,0.E0));
#7219=DIRECTION('',(0.E0,0.E0,1.E0));
#7220=AXIS2_PLACEMENT_3D('',#7217,#7218,#7219);
#7221=PLANE('',#7220);
#7223=ORIENTED_EDGE('',*,*,#7222,.F.);
#7224=ORIENTED_EDGE('',*,*,#7002,.T.);
#7225=ORIENTED_EDGE('',*,*,#7199,.F.);
#7226=ORIENTED_EDGE('',*,*,#6843,.F.);
#7227=EDGE_LOOP('',(#7223,#7224,#7225,#7226));
#7228=FACE_OUTER_BOUND('',#7227,.F.);
#7229=ADVANCED_FACE('',(#7228),#7221,.T.);
#7230=FILL_AREA_STYLE_COLOUR('',#2);
#7231=FILL_AREA_STYLE('',(#7230));
#7232=SURFACE_STYLE_FILL_AREA(#7231);
#7233=SURFACE_SIDE_STYLE('',(#7232));
#7234=SURFACE_STYLE_USAGE(.POSITIVE.,#7233);
#7235=FILL_AREA_STYLE_COLOUR('',#1);
#7236=FILL_AREA_STYLE('',(#7235));
#7237=SURFACE_STYLE_FILL_AREA(#7236);
#7238=SURFACE_SIDE_STYLE('',(#7237));
#7239=SURFACE_STYLE_USAGE(.NEGATIVE.,#7238);
#7240=PRESENTATION_STYLE_ASSIGNMENT((#7234,#7239));
#7241=STYLED_ITEM('',(#7240),#7229);
#7242=CARTESIAN_POINT('',(-1.075E0,-8.5E-1,2.364515283789E0));
#7243=DIRECTION('',(0.E0,0.E0,-1.E0));
#7244=DIRECTION('',(-1.E0,0.E0,0.E0));
#7245=AXIS2_PLACEMENT_3D('',#7242,#7243,#7244);
#7246=CYLINDRICAL_SURFACE('',#7245,1.5E-1);
#7247=ORIENTED_EDGE('',*,*,#7222,.T.);
#7248=ORIENTED_EDGE('',*,*,#6869,.F.);
#7249=ORIENTED_EDGE('',*,*,#6900,.F.);
#7250=ORIENTED_EDGE('',*,*,#6976,.T.);
#7251=EDGE_LOOP('',(#7247,#7248,#7249,#7250));
#7252=FACE_OUTER_BOUND('',#7251,.F.);
#7253=ADVANCED_FACE('',(#7252),#7246,.F.);
#7254=FILL_AREA_STYLE_COLOUR('',#2);
#7255=FILL_AREA_STYLE('',(#7254));
#7256=SURFACE_STYLE_FILL_AREA(#7255);
#7257=SURFACE_SIDE_STYLE('',(#7256));
#7258=SURFACE_STYLE_USAGE(.POSITIVE.,#7257);
#7259=FILL_AREA_STYLE_COLOUR('',#1);
#7260=FILL_AREA_STYLE('',(#7259));
#7261=SURFACE_STYLE_FILL_AREA(#7260);
#7262=SURFACE_SIDE_STYLE('',(#7261));
#7263=SURFACE_STYLE_USAGE(.NEGATIVE.,#7262);
#7264=PRESENTATION_STYLE_ASSIGNMENT((#7258,#7263));
#7265=STYLED_ITEM('',(#7264),#7253);
#7266=CARTESIAN_POINT('',(0.E0,9.25E-1,1.3E0));
#7267=DIRECTION('',(0.E0,0.E0,1.E0));
#7268=DIRECTION('',(-1.E0,0.E0,0.E0));
#7269=AXIS2_PLACEMENT_3D('',#7266,#7267,#7268);
#7270=TOROIDAL_SURFACE('',#7269,1.75E0,1.E-1);
#7272=ORIENTED_EDGE('',*,*,#7271,.T.);
#7274=ORIENTED_EDGE('',*,*,#7273,.T.);
#7276=ORIENTED_EDGE('',*,*,#7275,.T.);
#7277=ORIENTED_EDGE('',*,*,#6619,.T.);
#7278=ORIENTED_EDGE('',*,*,#5514,.T.);
#7279=EDGE_LOOP('',(#7272,#7274,#7276,#7277,#7278));
#7280=FACE_OUTER_BOUND('',#7279,.F.);
#7281=ADVANCED_FACE('',(#7280),#7270,.T.);
#7282=FILL_AREA_STYLE_COLOUR('',#9);
#7283=FILL_AREA_STYLE('',(#7282));
#7284=SURFACE_STYLE_FILL_AREA(#7283);
#7285=SURFACE_SIDE_STYLE('',(#7284));
#7286=SURFACE_STYLE_USAGE(.BOTH.,#7285);
#7287=PRESENTATION_STYLE_ASSIGNMENT((#7286));
#7288=STYLED_ITEM('',(#7287),#7281);
#7289=CARTESIAN_POINT('',(0.E0,9.25E-1,1.3E0));
#7290=DIRECTION('',(0.E0,0.E0,1.E0));
#7291=DIRECTION('',(1.E0,0.E0,0.E0));
#7292=AXIS2_PLACEMENT_3D('',#7289,#7290,#7291);
#7293=TOROIDAL_SURFACE('',#7292,1.75E0,1.E-1);
#7294=ORIENTED_EDGE('',*,*,#7275,.F.);
#7296=ORIENTED_EDGE('',*,*,#7295,.T.);
#7297=ORIENTED_EDGE('',*,*,#7271,.F.);
#7298=ORIENTED_EDGE('',*,*,#5512,.T.);
#7299=ORIENTED_EDGE('',*,*,#6621,.T.);
#7300=EDGE_LOOP('',(#7294,#7296,#7297,#7298,#7299));
#7301=FACE_OUTER_BOUND('',#7300,.F.);
#7302=ADVANCED_FACE('',(#7301),#7293,.T.);
#7303=FILL_AREA_STYLE_COLOUR('',#9);
#7304=FILL_AREA_STYLE('',(#7303));
#7305=SURFACE_STYLE_FILL_AREA(#7304);
#7306=SURFACE_SIDE_STYLE('',(#7305));
#7307=SURFACE_STYLE_USAGE(.BOTH.,#7306);
#7308=PRESENTATION_STYLE_ASSIGNMENT((#7307));
#7309=STYLED_ITEM('',(#7308),#7302);
#7310=CARTESIAN_POINT('',(0.E0,9.25E-1,1.1E0));
#7311=DIRECTION('',(0.E0,0.E0,1.E0));
#7312=DIRECTION('',(1.E0,0.E0,0.E0));
#7313=AXIS2_PLACEMENT_3D('',#7310,#7311,#7312);
#7314=TOROIDAL_SURFACE('',#7313,1.75E0,1.E-1);
#7316=ORIENTED_EDGE('',*,*,#7315,.F.);
#7318=ORIENTED_EDGE('',*,*,#7317,.T.);
#7320=ORIENTED_EDGE('',*,*,#7319,.F.);
#7321=ORIENTED_EDGE('',*,*,#7295,.F.);
#7322=EDGE_LOOP('',(#7316,#7318,#7320,#7321));
#7323=FACE_OUTER_BOUND('',#7322,.F.);
#7324=ADVANCED_FACE('',(#7323),#7314,.T.);
#7325=FILL_AREA_STYLE_COLOUR('',#9);
#7326=FILL_AREA_STYLE('',(#7325));
#7327=SURFACE_STYLE_FILL_AREA(#7326);
#7328=SURFACE_SIDE_STYLE('',(#7327));
#7329=SURFACE_STYLE_USAGE(.BOTH.,#7328);
#7330=PRESENTATION_STYLE_ASSIGNMENT((#7329));
#7331=STYLED_ITEM('',(#7330),#7324);
#7332=CARTESIAN_POINT('',(0.E0,9.25E-1,1.1E0));
#7333=DIRECTION('',(0.E0,0.E0,1.E0));
#7334=DIRECTION('',(-1.E0,0.E0,0.E0));
#7335=AXIS2_PLACEMENT_3D('',#7332,#7333,#7334);
#7336=TOROIDAL_SURFACE('',#7335,1.75E0,1.E-1);
#7337=ORIENTED_EDGE('',*,*,#7319,.T.);
#7339=ORIENTED_EDGE('',*,*,#7338,.T.);
#7340=ORIENTED_EDGE('',*,*,#7315,.T.);
#7341=ORIENTED_EDGE('',*,*,#7273,.F.);
#7342=EDGE_LOOP('',(#7337,#7339,#7340,#7341));
#7343=FACE_OUTER_BOUND('',#7342,.F.);
#7344=ADVANCED_FACE('',(#7343),#7336,.T.);
#7345=FILL_AREA_STYLE_COLOUR('',#9);
#7346=FILL_AREA_STYLE('',(#7345));
#7347=SURFACE_STYLE_FILL_AREA(#7346);
#7348=SURFACE_SIDE_STYLE('',(#7347));
#7349=SURFACE_STYLE_USAGE(.BOTH.,#7348);
#7350=PRESENTATION_STYLE_ASSIGNMENT((#7349));
#7351=STYLED_ITEM('',(#7350),#7344);
#7352=CARTESIAN_POINT('',(0.E0,9.25E-1,9.E-1));
#7353=DIRECTION('',(0.E0,0.E0,1.E0));
#7354=DIRECTION('',(-1.E0,0.E0,0.E0));
#7355=AXIS2_PLACEMENT_3D('',#7352,#7353,#7354);
#7356=TOROIDAL_SURFACE('',#7355,1.75E0,1.E-1);
#7358=ORIENTED_EDGE('',*,*,#7357,.T.);
#7360=ORIENTED_EDGE('',*,*,#7359,.T.);
#7362=ORIENTED_EDGE('',*,*,#7361,.T.);
#7363=ORIENTED_EDGE('',*,*,#7338,.F.);
#7364=EDGE_LOOP('',(#7358,#7360,#7362,#7363));
#7365=FACE_OUTER_BOUND('',#7364,.F.);
#7366=ADVANCED_FACE('',(#7365),#7356,.T.);
#7367=FILL_AREA_STYLE_COLOUR('',#9);
#7368=FILL_AREA_STYLE('',(#7367));
#7369=SURFACE_STYLE_FILL_AREA(#7368);
#7370=SURFACE_SIDE_STYLE('',(#7369));
#7371=SURFACE_STYLE_USAGE(.BOTH.,#7370);
#7372=PRESENTATION_STYLE_ASSIGNMENT((#7371));
#7373=STYLED_ITEM('',(#7372),#7366);
#7374=CARTESIAN_POINT('',(0.E0,9.25E-1,9.E-1));
#7375=DIRECTION('',(0.E0,0.E0,1.E0));
#7376=DIRECTION('',(1.E0,0.E0,0.E0));
#7377=AXIS2_PLACEMENT_3D('',#7374,#7375,#7376);
#7378=TOROIDAL_SURFACE('',#7377,1.75E0,1.E-1);
#7379=ORIENTED_EDGE('',*,*,#7361,.F.);
#7381=ORIENTED_EDGE('',*,*,#7380,.T.);
#7382=ORIENTED_EDGE('',*,*,#7357,.F.);
#7383=ORIENTED_EDGE('',*,*,#7317,.F.);
#7384=EDGE_LOOP('',(#7379,#7381,#7382,#7383));
#7385=FACE_OUTER_BOUND('',#7384,.F.);
#7386=ADVANCED_FACE('',(#7385),#7378,.T.);
#7387=FILL_AREA_STYLE_COLOUR('',#9);
#7388=FILL_AREA_STYLE('',(#7387));
#7389=SURFACE_STYLE_FILL_AREA(#7388);
#7390=SURFACE_SIDE_STYLE('',(#7389));
#7391=SURFACE_STYLE_USAGE(.BOTH.,#7390);
#7392=PRESENTATION_STYLE_ASSIGNMENT((#7391));
#7393=STYLED_ITEM('',(#7392),#7386);
#7394=CARTESIAN_POINT('',(0.E0,9.25E-1,7.E-1));
#7395=DIRECTION('',(0.E0,0.E0,1.E0));
#7396=DIRECTION('',(1.E0,0.E0,0.E0));
#7397=AXIS2_PLACEMENT_3D('',#7394,#7395,#7396);
#7398=TOROIDAL_SURFACE('',#7397,1.75E0,1.E-1);
#7400=ORIENTED_EDGE('',*,*,#7399,.F.);
#7402=ORIENTED_EDGE('',*,*,#7401,.T.);
#7404=ORIENTED_EDGE('',*,*,#7403,.F.);
#7405=ORIENTED_EDGE('',*,*,#7380,.F.);
#7406=EDGE_LOOP('',(#7400,#7402,#7404,#7405));
#7407=FACE_OUTER_BOUND('',#7406,.F.);
#7408=ADVANCED_FACE('',(#7407),#7398,.T.);
#7409=FILL_AREA_STYLE_COLOUR('',#9);
#7410=FILL_AREA_STYLE('',(#7409));
#7411=SURFACE_STYLE_FILL_AREA(#7410);
#7412=SURFACE_SIDE_STYLE('',(#7411));
#7413=SURFACE_STYLE_USAGE(.BOTH.,#7412);
#7414=PRESENTATION_STYLE_ASSIGNMENT((#7413));
#7415=STYLED_ITEM('',(#7414),#7408);
#7416=CARTESIAN_POINT('',(0.E0,9.25E-1,7.E-1));
#7417=DIRECTION('',(0.E0,0.E0,1.E0));
#7418=DIRECTION('',(-1.E0,0.E0,0.E0));
#7419=AXIS2_PLACEMENT_3D('',#7416,#7417,#7418);
#7420=TOROIDAL_SURFACE('',#7419,1.75E0,1.E-1);
#7421=ORIENTED_EDGE('',*,*,#7403,.T.);
#7423=ORIENTED_EDGE('',*,*,#7422,.T.);
#7424=ORIENTED_EDGE('',*,*,#7399,.T.);
#7425=ORIENTED_EDGE('',*,*,#7359,.F.);
#7426=EDGE_LOOP('',(#7421,#7423,#7424,#7425));
#7427=FACE_OUTER_BOUND('',#7426,.F.);
#7428=ADVANCED_FACE('',(#7427),#7420,.T.);
#7429=FILL_AREA_STYLE_COLOUR('',#9);
#7430=FILL_AREA_STYLE('',(#7429));
#7431=SURFACE_STYLE_FILL_AREA(#7430);
#7432=SURFACE_SIDE_STYLE('',(#7431));
#7433=SURFACE_STYLE_USAGE(.BOTH.,#7432);
#7434=PRESENTATION_STYLE_ASSIGNMENT((#7433));
#7435=STYLED_ITEM('',(#7434),#7428);
#7436=CARTESIAN_POINT('',(0.E0,9.25E-1,5.E-1));
#7437=DIRECTION('',(0.E0,0.E0,1.E0));
#7438=DIRECTION('',(-1.E0,0.E0,0.E0));
#7439=AXIS2_PLACEMENT_3D('',#7436,#7437,#7438);
#7440=TOROIDAL_SURFACE('',#7439,1.75E0,1.E-1);
#7442=ORIENTED_EDGE('',*,*,#7441,.T.);
#7444=ORIENTED_EDGE('',*,*,#7443,.T.);
#7446=ORIENTED_EDGE('',*,*,#7445,.T.);
#7447=ORIENTED_EDGE('',*,*,#7422,.F.);
#7448=EDGE_LOOP('',(#7442,#7444,#7446,#7447));
#7449=FACE_OUTER_BOUND('',#7448,.F.);
#7450=ADVANCED_FACE('',(#7449),#7440,.T.);
#7451=FILL_AREA_STYLE_COLOUR('',#9);
#7452=FILL_AREA_STYLE('',(#7451));
#7453=SURFACE_STYLE_FILL_AREA(#7452);
#7454=SURFACE_SIDE_STYLE('',(#7453));
#7455=SURFACE_STYLE_USAGE(.BOTH.,#7454);
#7456=PRESENTATION_STYLE_ASSIGNMENT((#7455));
#7457=STYLED_ITEM('',(#7456),#7450);
#7458=CARTESIAN_POINT('',(0.E0,9.25E-1,5.E-1));
#7459=DIRECTION('',(0.E0,0.E0,1.E0));
#7460=DIRECTION('',(1.E0,0.E0,0.E0));
#7461=AXIS2_PLACEMENT_3D('',#7458,#7459,#7460);
#7462=TOROIDAL_SURFACE('',#7461,1.75E0,1.E-1);
#7463=ORIENTED_EDGE('',*,*,#7445,.F.);
#7465=ORIENTED_EDGE('',*,*,#7464,.T.);
#7466=ORIENTED_EDGE('',*,*,#7441,.F.);
#7467=ORIENTED_EDGE('',*,*,#7401,.F.);
#7468=EDGE_LOOP('',(#7463,#7465,#7466,#7467));
#7469=FACE_OUTER_BOUND('',#7468,.F.);
#7470=ADVANCED_FACE('',(#7469),#7462,.T.);
#7471=FILL_AREA_STYLE_COLOUR('',#9);
#7472=FILL_AREA_STYLE('',(#7471));
#7473=SURFACE_STYLE_FILL_AREA(#7472);
#7474=SURFACE_SIDE_STYLE('',(#7473));
#7475=SURFACE_STYLE_USAGE(.BOTH.,#7474);
#7476=PRESENTATION_STYLE_ASSIGNMENT((#7475));
#7477=STYLED_ITEM('',(#7476),#7470);
#7478=CARTESIAN_POINT('',(0.E0,9.25E-1,3.E-1));
#7479=DIRECTION('',(0.E0,0.E0,1.E0));
#7480=DIRECTION('',(1.E0,0.E0,0.E0));
#7481=AXIS2_PLACEMENT_3D('',#7478,#7479,#7480);
#7482=TOROIDAL_SURFACE('',#7481,1.75E0,1.E-1);
#7484=ORIENTED_EDGE('',*,*,#7483,.F.);
#7486=ORIENTED_EDGE('',*,*,#7485,.T.);
#7488=ORIENTED_EDGE('',*,*,#7487,.F.);
#7489=ORIENTED_EDGE('',*,*,#7464,.F.);
#7490=EDGE_LOOP('',(#7484,#7486,#7488,#7489));
#7491=FACE_OUTER_BOUND('',#7490,.F.);
#7492=ADVANCED_FACE('',(#7491),#7482,.T.);
#7493=FILL_AREA_STYLE_COLOUR('',#9);
#7494=FILL_AREA_STYLE('',(#7493));
#7495=SURFACE_STYLE_FILL_AREA(#7494);
#7496=SURFACE_SIDE_STYLE('',(#7495));
#7497=SURFACE_STYLE_USAGE(.BOTH.,#7496);
#7498=PRESENTATION_STYLE_ASSIGNMENT((#7497));
#7499=STYLED_ITEM('',(#7498),#7492);
#7500=CARTESIAN_POINT('',(0.E0,9.25E-1,3.E-1));
#7501=DIRECTION('',(0.E0,0.E0,1.E0));
#7502=DIRECTION('',(-1.E0,0.E0,0.E0));
#7503=AXIS2_PLACEMENT_3D('',#7500,#7501,#7502);
#7504=TOROIDAL_SURFACE('',#7503,1.75E0,1.E-1);
#7505=ORIENTED_EDGE('',*,*,#7487,.T.);
#7507=ORIENTED_EDGE('',*,*,#7506,.T.);
#7508=ORIENTED_EDGE('',*,*,#7483,.T.);
#7509=ORIENTED_EDGE('',*,*,#7443,.F.);
#7510=EDGE_LOOP('',(#7505,#7507,#7508,#7509));
#7511=FACE_OUTER_BOUND('',#7510,.F.);
#7512=ADVANCED_FACE('',(#7511),#7504,.T.);
#7513=FILL_AREA_STYLE_COLOUR('',#9);
#7514=FILL_AREA_STYLE('',(#7513));
#7515=SURFACE_STYLE_FILL_AREA(#7514);
#7516=SURFACE_SIDE_STYLE('',(#7515));
#7517=SURFACE_STYLE_USAGE(.BOTH.,#7516);
#7518=PRESENTATION_STYLE_ASSIGNMENT((#7517));
#7519=STYLED_ITEM('',(#7518),#7512);
#7520=CARTESIAN_POINT('',(0.E0,9.25E-1,1.E-1));
#7521=DIRECTION('',(0.E0,0.E0,1.E0));
#7522=DIRECTION('',(-1.E0,0.E0,0.E0));
#7523=AXIS2_PLACEMENT_3D('',#7520,#7521,#7522);
#7524=TOROIDAL_SURFACE('',#7523,1.75E0,1.E-1);
#7526=ORIENTED_EDGE('',*,*,#7525,.T.);
#7528=ORIENTED_EDGE('',*,*,#7527,.T.);
#7530=ORIENTED_EDGE('',*,*,#7529,.T.);
#7531=ORIENTED_EDGE('',*,*,#7506,.F.);
#7532=EDGE_LOOP('',(#7526,#7528,#7530,#7531));
#7533=FACE_OUTER_BOUND('',#7532,.F.);
#7534=ADVANCED_FACE('',(#7533),#7524,.T.);
#7535=FILL_AREA_STYLE_COLOUR('',#9);
#7536=FILL_AREA_STYLE('',(#7535));
#7537=SURFACE_STYLE_FILL_AREA(#7536);
#7538=SURFACE_SIDE_STYLE('',(#7537));
#7539=SURFACE_STYLE_USAGE(.BOTH.,#7538);
#7540=PRESENTATION_STYLE_ASSIGNMENT((#7539));
#7541=STYLED_ITEM('',(#7540),#7534);
#7542=CARTESIAN_POINT('',(0.E0,9.25E-1,1.E-1));
#7543=DIRECTION('',(0.E0,0.E0,1.E0));
#7544=DIRECTION('',(1.E0,0.E0,0.E0));
#7545=AXIS2_PLACEMENT_3D('',#7542,#7543,#7544);
#7546=TOROIDAL_SURFACE('',#7545,1.75E0,1.E-1);
#7547=ORIENTED_EDGE('',*,*,#7529,.F.);
#7549=ORIENTED_EDGE('',*,*,#7548,.T.);
#7550=ORIENTED_EDGE('',*,*,#7525,.F.);
#7551=ORIENTED_EDGE('',*,*,#7485,.F.);
#7552=EDGE_LOOP('',(#7547,#7549,#7550,#7551));
#7553=FACE_OUTER_BOUND('',#7552,.F.);
#7554=ADVANCED_FACE('',(#7553),#7546,.T.);
#7555=FILL_AREA_STYLE_COLOUR('',#9);
#7556=FILL_AREA_STYLE('',(#7555));
#7557=SURFACE_STYLE_FILL_AREA(#7556);
#7558=SURFACE_SIDE_STYLE('',(#7557));
#7559=SURFACE_STYLE_USAGE(.BOTH.,#7558);
#7560=PRESENTATION_STYLE_ASSIGNMENT((#7559));
#7561=STYLED_ITEM('',(#7560),#7554);
#7562=CARTESIAN_POINT('',(0.E0,9.25E-1,-1.E-1));
#7563=DIRECTION('',(0.E0,0.E0,1.E0));
#7564=DIRECTION('',(1.E0,0.E0,0.E0));
#7565=AXIS2_PLACEMENT_3D('',#7562,#7563,#7564);
#7566=TOROIDAL_SURFACE('',#7565,1.75E0,1.E-1);
#7568=ORIENTED_EDGE('',*,*,#7567,.F.);
#7570=ORIENTED_EDGE('',*,*,#7569,.T.);
#7572=ORIENTED_EDGE('',*,*,#7571,.F.);
#7573=ORIENTED_EDGE('',*,*,#7548,.F.);
#7574=EDGE_LOOP('',(#7568,#7570,#7572,#7573));
#7575=FACE_OUTER_BOUND('',#7574,.F.);
#7576=ADVANCED_FACE('',(#7575),#7566,.T.);
#7577=FILL_AREA_STYLE_COLOUR('',#9);
#7578=FILL_AREA_STYLE('',(#7577));
#7579=SURFACE_STYLE_FILL_AREA(#7578);
#7580=SURFACE_SIDE_STYLE('',(#7579));
#7581=SURFACE_STYLE_USAGE(.BOTH.,#7580);
#7582=PRESENTATION_STYLE_ASSIGNMENT((#7581));
#7583=STYLED_ITEM('',(#7582),#7576);
#7584=CARTESIAN_POINT('',(0.E0,9.25E-1,-1.E-1));
#7585=DIRECTION('',(0.E0,0.E0,1.E0));
#7586=DIRECTION('',(-1.E0,0.E0,0.E0));
#7587=AXIS2_PLACEMENT_3D('',#7584,#7585,#7586);
#7588=TOROIDAL_SURFACE('',#7587,1.75E0,1.E-1);
#7589=ORIENTED_EDGE('',*,*,#7571,.T.);
#7591=ORIENTED_EDGE('',*,*,#7590,.T.);
#7592=ORIENTED_EDGE('',*,*,#7567,.T.);
#7593=ORIENTED_EDGE('',*,*,#7527,.F.);
#7594=EDGE_LOOP('',(#7589,#7591,#7592,#7593));
#7595=FACE_OUTER_BOUND('',#7594,.F.);
#7596=ADVANCED_FACE('',(#7595),#7588,.T.);
#7597=FILL_AREA_STYLE_COLOUR('',#9);
#7598=FILL_AREA_STYLE('',(#7597));
#7599=SURFACE_STYLE_FILL_AREA(#7598);
#7600=SURFACE_SIDE_STYLE('',(#7599));
#7601=SURFACE_STYLE_USAGE(.BOTH.,#7600);
#7602=PRESENTATION_STYLE_ASSIGNMENT((#7601));
#7603=STYLED_ITEM('',(#7602),#7596);
#7604=CARTESIAN_POINT('',(0.E0,9.25E-1,-3.E-1));
#7605=DIRECTION('',(0.E0,0.E0,1.E0));
#7606=DIRECTION('',(-1.E0,0.E0,0.E0));
#7607=AXIS2_PLACEMENT_3D('',#7604,#7605,#7606);
#7608=TOROIDAL_SURFACE('',#7607,1.75E0,1.E-1);
#7610=ORIENTED_EDGE('',*,*,#7609,.T.);
#7612=ORIENTED_EDGE('',*,*,#7611,.T.);
#7614=ORIENTED_EDGE('',*,*,#7613,.T.);
#7615=ORIENTED_EDGE('',*,*,#7590,.F.);
#7616=EDGE_LOOP('',(#7610,#7612,#7614,#7615));
#7617=FACE_OUTER_BOUND('',#7616,.F.);
#7618=ADVANCED_FACE('',(#7617),#7608,.T.);
#7619=FILL_AREA_STYLE_COLOUR('',#9);
#7620=FILL_AREA_STYLE('',(#7619));
#7621=SURFACE_STYLE_FILL_AREA(#7620);
#7622=SURFACE_SIDE_STYLE('',(#7621));
#7623=SURFACE_STYLE_USAGE(.BOTH.,#7622);
#7624=PRESENTATION_STYLE_ASSIGNMENT((#7623));
#7625=STYLED_ITEM('',(#7624),#7618);
#7626=CARTESIAN_POINT('',(0.E0,9.25E-1,-3.E-1));
#7627=DIRECTION('',(0.E0,0.E0,1.E0));
#7628=DIRECTION('',(1.E0,0.E0,0.E0));
#7629=AXIS2_PLACEMENT_3D('',#7626,#7627,#7628);
#7630=TOROIDAL_SURFACE('',#7629,1.75E0,1.E-1);
#7631=ORIENTED_EDGE('',*,*,#7613,.F.);
#7633=ORIENTED_EDGE('',*,*,#7632,.T.);
#7634=ORIENTED_EDGE('',*,*,#7609,.F.);
#7635=ORIENTED_EDGE('',*,*,#7569,.F.);
#7636=EDGE_LOOP('',(#7631,#7633,#7634,#7635));
#7637=FACE_OUTER_BOUND('',#7636,.F.);
#7638=ADVANCED_FACE('',(#7637),#7630,.T.);
#7639=FILL_AREA_STYLE_COLOUR('',#9);
#7640=FILL_AREA_STYLE('',(#7639));
#7641=SURFACE_STYLE_FILL_AREA(#7640);
#7642=SURFACE_SIDE_STYLE('',(#7641));
#7643=SURFACE_STYLE_USAGE(.BOTH.,#7642);
#7644=PRESENTATION_STYLE_ASSIGNMENT((#7643));
#7645=STYLED_ITEM('',(#7644),#7638);
#7646=CARTESIAN_POINT('',(0.E0,9.25E-1,-5.E-1));
#7647=DIRECTION('',(0.E0,0.E0,1.E0));
#7648=DIRECTION('',(1.E0,0.E0,0.E0));
#7649=AXIS2_PLACEMENT_3D('',#7646,#7647,#7648);
#7650=TOROIDAL_SURFACE('',#7649,1.75E0,1.E-1);
#7652=ORIENTED_EDGE('',*,*,#7651,.F.);
#7654=ORIENTED_EDGE('',*,*,#7653,.T.);
#7656=ORIENTED_EDGE('',*,*,#7655,.F.);
#7657=ORIENTED_EDGE('',*,*,#7632,.F.);
#7658=EDGE_LOOP('',(#7652,#7654,#7656,#7657));
#7659=FACE_OUTER_BOUND('',#7658,.F.);
#7660=ADVANCED_FACE('',(#7659),#7650,.T.);
#7661=FILL_AREA_STYLE_COLOUR('',#9);
#7662=FILL_AREA_STYLE('',(#7661));
#7663=SURFACE_STYLE_FILL_AREA(#7662);
#7664=SURFACE_SIDE_STYLE('',(#7663));
#7665=SURFACE_STYLE_USAGE(.BOTH.,#7664);
#7666=PRESENTATION_STYLE_ASSIGNMENT((#7665));
#7667=STYLED_ITEM('',(#7666),#7660);
#7668=CARTESIAN_POINT('',(0.E0,9.25E-1,-5.E-1));
#7669=DIRECTION('',(0.E0,0.E0,1.E0));
#7670=DIRECTION('',(-1.E0,0.E0,0.E0));
#7671=AXIS2_PLACEMENT_3D('',#7668,#7669,#7670);
#7672=TOROIDAL_SURFACE('',#7671,1.75E0,1.E-1);
#7673=ORIENTED_EDGE('',*,*,#7655,.T.);
#7675=ORIENTED_EDGE('',*,*,#7674,.T.);
#7676=ORIENTED_EDGE('',*,*,#7651,.T.);
#7677=ORIENTED_EDGE('',*,*,#7611,.F.);
#7678=EDGE_LOOP('',(#7673,#7675,#7676,#7677));
#7679=FACE_OUTER_BOUND('',#7678,.F.);
#7680=ADVANCED_FACE('',(#7679),#7672,.T.);
#7681=FILL_AREA_STYLE_COLOUR('',#9);
#7682=FILL_AREA_STYLE('',(#7681));
#7683=SURFACE_STYLE_FILL_AREA(#7682);
#7684=SURFACE_SIDE_STYLE('',(#7683));
#7685=SURFACE_STYLE_USAGE(.BOTH.,#7684);
#7686=PRESENTATION_STYLE_ASSIGNMENT((#7685));
#7687=STYLED_ITEM('',(#7686),#7680);
#7688=CARTESIAN_POINT('',(0.E0,9.25E-1,-7.E-1));
#7689=DIRECTION('',(0.E0,0.E0,1.E0));
#7690=DIRECTION('',(-1.E0,0.E0,0.E0));
#7691=AXIS2_PLACEMENT_3D('',#7688,#7689,#7690);
#7692=TOROIDAL_SURFACE('',#7691,1.75E0,1.E-1);
#7694=ORIENTED_EDGE('',*,*,#7693,.T.);
#7696=ORIENTED_EDGE('',*,*,#7695,.T.);
#7698=ORIENTED_EDGE('',*,*,#7697,.T.);
#7699=ORIENTED_EDGE('',*,*,#7674,.F.);
#7700=EDGE_LOOP('',(#7694,#7696,#7698,#7699));
#7701=FACE_OUTER_BOUND('',#7700,.F.);
#7702=ADVANCED_FACE('',(#7701),#7692,.T.);
#7703=FILL_AREA_STYLE_COLOUR('',#9);
#7704=FILL_AREA_STYLE('',(#7703));
#7705=SURFACE_STYLE_FILL_AREA(#7704);
#7706=SURFACE_SIDE_STYLE('',(#7705));
#7707=SURFACE_STYLE_USAGE(.BOTH.,#7706);
#7708=PRESENTATION_STYLE_ASSIGNMENT((#7707));
#7709=STYLED_ITEM('',(#7708),#7702);
#7710=CARTESIAN_POINT('',(0.E0,9.25E-1,-7.E-1));
#7711=DIRECTION('',(0.E0,0.E0,1.E0));
#7712=DIRECTION('',(1.E0,0.E0,0.E0));
#7713=AXIS2_PLACEMENT_3D('',#7710,#7711,#7712);
#7714=TOROIDAL_SURFACE('',#7713,1.75E0,1.E-1);
#7715=ORIENTED_EDGE('',*,*,#7697,.F.);
#7717=ORIENTED_EDGE('',*,*,#7716,.T.);
#7718=ORIENTED_EDGE('',*,*,#7693,.F.);
#7719=ORIENTED_EDGE('',*,*,#7653,.F.);
#7720=EDGE_LOOP('',(#7715,#7717,#7718,#7719));
#7721=FACE_OUTER_BOUND('',#7720,.F.);
#7722=ADVANCED_FACE('',(#7721),#7714,.T.);
#7723=FILL_AREA_STYLE_COLOUR('',#9);
#7724=FILL_AREA_STYLE('',(#7723));
#7725=SURFACE_STYLE_FILL_AREA(#7724);
#7726=SURFACE_SIDE_STYLE('',(#7725));
#7727=SURFACE_STYLE_USAGE(.BOTH.,#7726);
#7728=PRESENTATION_STYLE_ASSIGNMENT((#7727));
#7729=STYLED_ITEM('',(#7728),#7722);
#7730=CARTESIAN_POINT('',(0.E0,9.25E-1,-9.E-1));
#7731=DIRECTION('',(0.E0,0.E0,1.E0));
#7732=DIRECTION('',(1.E0,0.E0,0.E0));
#7733=AXIS2_PLACEMENT_3D('',#7730,#7731,#7732);
#7734=TOROIDAL_SURFACE('',#7733,1.75E0,1.E-1);
#7736=ORIENTED_EDGE('',*,*,#7735,.F.);
#7738=ORIENTED_EDGE('',*,*,#7737,.T.);
#7740=ORIENTED_EDGE('',*,*,#7739,.F.);
#7741=ORIENTED_EDGE('',*,*,#7716,.F.);
#7742=EDGE_LOOP('',(#7736,#7738,#7740,#7741));
#7743=FACE_OUTER_BOUND('',#7742,.F.);
#7744=ADVANCED_FACE('',(#7743),#7734,.T.);
#7745=FILL_AREA_STYLE_COLOUR('',#9);
#7746=FILL_AREA_STYLE('',(#7745));
#7747=SURFACE_STYLE_FILL_AREA(#7746);
#7748=SURFACE_SIDE_STYLE('',(#7747));
#7749=SURFACE_STYLE_USAGE(.BOTH.,#7748);
#7750=PRESENTATION_STYLE_ASSIGNMENT((#7749));
#7751=STYLED_ITEM('',(#7750),#7744);
#7752=CARTESIAN_POINT('',(0.E0,9.25E-1,-9.E-1));
#7753=DIRECTION('',(0.E0,0.E0,1.E0));
#7754=DIRECTION('',(-1.E0,0.E0,0.E0));
#7755=AXIS2_PLACEMENT_3D('',#7752,#7753,#7754);
#7756=TOROIDAL_SURFACE('',#7755,1.75E0,1.E-1);
#7757=ORIENTED_EDGE('',*,*,#7739,.T.);
#7759=ORIENTED_EDGE('',*,*,#7758,.T.);
#7760=ORIENTED_EDGE('',*,*,#7735,.T.);
#7761=ORIENTED_EDGE('',*,*,#7695,.F.);
#7762=EDGE_LOOP('',(#7757,#7759,#7760,#7761));
#7763=FACE_OUTER_BOUND('',#7762,.F.);
#7764=ADVANCED_FACE('',(#7763),#7756,.T.);
#7765=FILL_AREA_STYLE_COLOUR('',#9);
#7766=FILL_AREA_STYLE('',(#7765));
#7767=SURFACE_STYLE_FILL_AREA(#7766);
#7768=SURFACE_SIDE_STYLE('',(#7767));
#7769=SURFACE_STYLE_USAGE(.BOTH.,#7768);
#7770=PRESENTATION_STYLE_ASSIGNMENT((#7769));
#7771=STYLED_ITEM('',(#7770),#7764);
#7772=CARTESIAN_POINT('',(0.E0,9.25E-1,-1.1E0));
#7773=DIRECTION('',(0.E0,0.E0,1.E0));
#7774=DIRECTION('',(-1.E0,0.E0,0.E0));
#7775=AXIS2_PLACEMENT_3D('',#7772,#7773,#7774);
#7776=TOROIDAL_SURFACE('',#7775,1.75E0,1.E-1);
#7778=ORIENTED_EDGE('',*,*,#7777,.T.);
#7780=ORIENTED_EDGE('',*,*,#7779,.T.);
#7782=ORIENTED_EDGE('',*,*,#7781,.T.);
#7783=ORIENTED_EDGE('',*,*,#7758,.F.);
#7784=EDGE_LOOP('',(#7778,#7780,#7782,#7783));
#7785=FACE_OUTER_BOUND('',#7784,.F.);
#7786=ADVANCED_FACE('',(#7785),#7776,.T.);
#7787=FILL_AREA_STYLE_COLOUR('',#9);
#7788=FILL_AREA_STYLE('',(#7787));
#7789=SURFACE_STYLE_FILL_AREA(#7788);
#7790=SURFACE_SIDE_STYLE('',(#7789));
#7791=SURFACE_STYLE_USAGE(.BOTH.,#7790);
#7792=PRESENTATION_STYLE_ASSIGNMENT((#7791));
#7793=STYLED_ITEM('',(#7792),#7786);
#7794=CARTESIAN_POINT('',(0.E0,9.25E-1,-1.1E0));
#7795=DIRECTION('',(0.E0,0.E0,1.E0));
#7796=DIRECTION('',(1.E0,0.E0,0.E0));
#7797=AXIS2_PLACEMENT_3D('',#7794,#7795,#7796);
#7798=TOROIDAL_SURFACE('',#7797,1.75E0,1.E-1);
#7799=ORIENTED_EDGE('',*,*,#7781,.F.);
#7801=ORIENTED_EDGE('',*,*,#7800,.T.);
#7802=ORIENTED_EDGE('',*,*,#7777,.F.);
#7803=ORIENTED_EDGE('',*,*,#7737,.F.);
#7804=EDGE_LOOP('',(#7799,#7801,#7802,#7803));
#7805=FACE_OUTER_BOUND('',#7804,.F.);
#7806=ADVANCED_FACE('',(#7805),#7798,.T.);
#7807=FILL_AREA_STYLE_COLOUR('',#9);
#7808=FILL_AREA_STYLE('',(#7807));
#7809=SURFACE_STYLE_FILL_AREA(#7808);
#7810=SURFACE_SIDE_STYLE('',(#7809));
#7811=SURFACE_STYLE_USAGE(.BOTH.,#7810);
#7812=PRESENTATION_STYLE_ASSIGNMENT((#7811));
#7813=STYLED_ITEM('',(#7812),#7806);
#7814=CARTESIAN_POINT('',(0.E0,9.25E-1,-1.3E0));
#7815=DIRECTION('',(0.E0,0.E0,1.E0));
#7816=DIRECTION('',(1.E0,0.E0,0.E0));
#7817=AXIS2_PLACEMENT_3D('',#7814,#7815,#7816);
#7818=TOROIDAL_SURFACE('',#7817,1.75E0,1.E-1);
#7820=ORIENTED_EDGE('',*,*,#7819,.F.);
#7822=ORIENTED_EDGE('',*,*,#7821,.F.);
#7824=ORIENTED_EDGE('',*,*,#7823,.F.);
#7826=ORIENTED_EDGE('',*,*,#7825,.F.);
#7827=ORIENTED_EDGE('',*,*,#7800,.F.);
#7828=EDGE_LOOP('',(#7820,#7822,#7824,#7826,#7827));
#7829=FACE_OUTER_BOUND('',#7828,.F.);
#7830=ADVANCED_FACE('',(#7829),#7818,.T.);
#7831=FILL_AREA_STYLE_COLOUR('',#9);
#7832=FILL_AREA_STYLE('',(#7831));
#7833=SURFACE_STYLE_FILL_AREA(#7832);
#7834=SURFACE_SIDE_STYLE('',(#7833));
#7835=SURFACE_STYLE_USAGE(.BOTH.,#7834);
#7836=PRESENTATION_STYLE_ASSIGNMENT((#7835));
#7837=STYLED_ITEM('',(#7836),#7830);
#7838=CARTESIAN_POINT('',(0.E0,9.25E-1,-1.3E0));
#7839=DIRECTION('',(0.E0,0.E0,1.E0));
#7840=DIRECTION('',(-1.E0,0.E0,0.E0));
#7841=AXIS2_PLACEMENT_3D('',#7838,#7839,#7840);
#7842=TOROIDAL_SURFACE('',#7841,1.75E0,1.E-1);
#7843=ORIENTED_EDGE('',*,*,#7825,.T.);
#7845=ORIENTED_EDGE('',*,*,#7844,.F.);
#7847=ORIENTED_EDGE('',*,*,#7846,.F.);
#7848=ORIENTED_EDGE('',*,*,#7819,.T.);
#7849=ORIENTED_EDGE('',*,*,#7779,.F.);
#7850=EDGE_LOOP('',(#7843,#7845,#7847,#7848,#7849));
#7851=FACE_OUTER_BOUND('',#7850,.F.);
#7852=ADVANCED_FACE('',(#7851),#7842,.T.);
#7853=FILL_AREA_STYLE_COLOUR('',#9);
#7854=FILL_AREA_STYLE('',(#7853));
#7855=SURFACE_STYLE_FILL_AREA(#7854);
#7856=SURFACE_SIDE_STYLE('',(#7855));
#7857=SURFACE_STYLE_USAGE(.BOTH.,#7856);
#7858=PRESENTATION_STYLE_ASSIGNMENT((#7857));
#7859=STYLED_ITEM('',(#7858),#7852);
#7860=CARTESIAN_POINT('',(0.E0,9.25E-1,-1.45E0));
#7861=DIRECTION('',(0.E0,0.E0,1.E0));
#7862=DIRECTION('',(0.E0,1.E0,0.E0));
#7863=AXIS2_PLACEMENT_3D('',#7860,#7861,#7862);
#7864=CYLINDRICAL_SURFACE('',#7863,1.75E0);
#7866=ORIENTED_EDGE('',*,*,#7865,.F.);
#7868=ORIENTED_EDGE('',*,*,#7867,.T.);
#7869=ORIENTED_EDGE('',*,*,#7844,.T.);
#7870=ORIENTED_EDGE('',*,*,#7823,.T.);
#7872=ORIENTED_EDGE('',*,*,#7871,.F.);
#7874=ORIENTED_EDGE('',*,*,#7873,.F.);
#7876=ORIENTED_EDGE('',*,*,#7875,.F.);
#7877=EDGE_LOOP('',(#7866,#7868,#7869,#7870,#7872,#7874,#7876));
#7878=FACE_OUTER_BOUND('',#7877,.F.);
#7879=ADVANCED_FACE('',(#7878),#7864,.T.);
#7880=FILL_AREA_STYLE_COLOUR('',#9);
#7881=FILL_AREA_STYLE('',(#7880));
#7882=SURFACE_STYLE_FILL_AREA(#7881);
#7883=SURFACE_SIDE_STYLE('',(#7882));
#7884=SURFACE_STYLE_USAGE(.BOTH.,#7883);
#7885=PRESENTATION_STYLE_ASSIGNMENT((#7884));
#7886=STYLED_ITEM('',(#7885),#7879);
#7887=CARTESIAN_POINT('',(0.E0,0.E0,-1.45E0));
#7888=DIRECTION('',(0.E0,0.E0,1.E0));
#7889=DIRECTION('',(1.E0,0.E0,0.E0));
#7890=AXIS2_PLACEMENT_3D('',#7887,#7888,#7889);
#7891=PLANE('',#7890);
#7892=ORIENTED_EDGE('',*,*,#7865,.T.);
#7894=ORIENTED_EDGE('',*,*,#7893,.F.);
#7896=ORIENTED_EDGE('',*,*,#7895,.F.);
#7898=ORIENTED_EDGE('',*,*,#7897,.F.);
#7900=ORIENTED_EDGE('',*,*,#7899,.F.);
#7902=ORIENTED_EDGE('',*,*,#7901,.T.);
#7904=ORIENTED_EDGE('',*,*,#7903,.T.);
#7906=ORIENTED_EDGE('',*,*,#7905,.T.);
#7908=ORIENTED_EDGE('',*,*,#7907,.F.);
#7910=ORIENTED_EDGE('',*,*,#7909,.F.);
#7912=ORIENTED_EDGE('',*,*,#7911,.T.);
#7914=ORIENTED_EDGE('',*,*,#7913,.F.);
#7916=ORIENTED_EDGE('',*,*,#7915,.F.);
#7918=ORIENTED_EDGE('',*,*,#7917,.F.);
#7920=ORIENTED_EDGE('',*,*,#7919,.F.);
#7922=ORIENTED_EDGE('',*,*,#7921,.F.);
#7924=ORIENTED_EDGE('',*,*,#7923,.F.);
#7926=ORIENTED_EDGE('',*,*,#7925,.T.);
#7928=ORIENTED_EDGE('',*,*,#7927,.F.);
#7930=ORIENTED_EDGE('',*,*,#7929,.F.);
#7932=ORIENTED_EDGE('',*,*,#7931,.F.);
#7934=ORIENTED_EDGE('',*,*,#7933,.F.);
#7936=ORIENTED_EDGE('',*,*,#7935,.T.);
#7937=EDGE_LOOP('',(#7892,#7894,#7896,#7898,#7900,#7902,#7904,#7906,#7908,#7910,
#7912,#7914,#7916,#7918,#7920,#7922,#7924,#7926,#7928,#7930,#7932,#7934,#7936));
#7938=FACE_OUTER_BOUND('',#7937,.F.);
#7939=ADVANCED_FACE('',(#7938),#7891,.T.);
#7940=FILL_AREA_STYLE_COLOUR('',#2);
#7941=FILL_AREA_STYLE('',(#7940));
#7942=SURFACE_STYLE_FILL_AREA(#7941);
#7943=SURFACE_SIDE_STYLE('',(#7942));
#7944=SURFACE_STYLE_USAGE(.POSITIVE.,#7943);
#7945=FILL_AREA_STYLE_COLOUR('',#1);
#7946=FILL_AREA_STYLE('',(#7945));
#7947=SURFACE_STYLE_FILL_AREA(#7946);
#7948=SURFACE_SIDE_STYLE('',(#7947));
#7949=SURFACE_STYLE_USAGE(.NEGATIVE.,#7948);
#7950=PRESENTATION_STYLE_ASSIGNMENT((#7944,#7949));
#7951=STYLED_ITEM('',(#7950),#7939);
#7952=CARTESIAN_POINT('',(-6.25E-1,-4.188087916408E-1,-1.45E0));
#7953=DIRECTION('',(0.E0,8.480480961564E-1,-5.299192642332E-1));
#7954=DIRECTION('',(0.E0,-5.299192642332E-1,-8.480480961564E-1));
#7955=AXIS2_PLACEMENT_3D('',#7952,#7953,#7954);
#7956=PLANE('',#7955);
#7958=ORIENTED_EDGE('',*,*,#7957,.F.);
#7960=ORIENTED_EDGE('',*,*,#7959,.F.);
#7962=ORIENTED_EDGE('',*,*,#7961,.F.);
#7964=ORIENTED_EDGE('',*,*,#7963,.T.);
#7966=ORIENTED_EDGE('',*,*,#7965,.F.);
#7968=ORIENTED_EDGE('',*,*,#7967,.F.);
#7969=ORIENTED_EDGE('',*,*,#7893,.T.);
#7970=EDGE_LOOP('',(#7958,#7960,#7962,#7964,#7966,#7968,#7969));
#7971=FACE_OUTER_BOUND('',#7970,.F.);
#7972=ADVANCED_FACE('',(#7971),#7956,.F.);
#7973=FILL_AREA_STYLE_COLOUR('',#2);
#7974=FILL_AREA_STYLE('',(#7973));
#7975=SURFACE_STYLE_FILL_AREA(#7974);
#7976=SURFACE_SIDE_STYLE('',(#7975));
#7977=SURFACE_STYLE_USAGE(.POSITIVE.,#7976);
#7978=FILL_AREA_STYLE_COLOUR('',#1);
#7979=FILL_AREA_STYLE('',(#7978));
#7980=SURFACE_STYLE_FILL_AREA(#7979);
#7981=SURFACE_SIDE_STYLE('',(#7980));
#7982=SURFACE_STYLE_USAGE(.NEGATIVE.,#7981);
#7983=PRESENTATION_STYLE_ASSIGNMENT((#7977,#7982));
#7984=STYLED_ITEM('',(#7983),#7972);
#7985=CARTESIAN_POINT('',(0.E0,9.25E-1,-1.45E0));
#7986=DIRECTION('',(0.E0,0.E0,1.E0));
#7987=DIRECTION('',(0.E0,1.E0,0.E0));
#7988=AXIS2_PLACEMENT_3D('',#7985,#7986,#7987);
#7989=PLANE('',#7988);
#7990=ORIENTED_EDGE('',*,*,#7957,.T.);
#7991=ORIENTED_EDGE('',*,*,#7875,.T.);
#7993=ORIENTED_EDGE('',*,*,#7992,.F.);
#7995=ORIENTED_EDGE('',*,*,#7994,.F.);
#7996=EDGE_LOOP('',(#7990,#7991,#7993,#7995));
#7997=FACE_OUTER_BOUND('',#7996,.F.);
#7998=ADVANCED_FACE('',(#7997),#7989,.F.);
#7999=FILL_AREA_STYLE_COLOUR('',#9);
#8000=FILL_AREA_STYLE('',(#7999));
#8001=SURFACE_STYLE_FILL_AREA(#8000);
#8002=SURFACE_SIDE_STYLE('',(#8001));
#8003=SURFACE_STYLE_USAGE(.POSITIVE.,#8002);
#8004=PRESENTATION_STYLE_ASSIGNMENT((#8003));
#8005=STYLED_ITEM('',(#8004),#7998);
#8006=CARTESIAN_POINT('',(-4.75E-1,8.12958E0,-1.6E0));
#8007=DIRECTION('',(0.E0,-1.E0,0.E0));
#8008=DIRECTION('',(0.E0,0.E0,1.E0));
#8009=AXIS2_PLACEMENT_3D('',#8006,#8007,#8008);
#8010=CYLINDRICAL_SURFACE('',#8009,1.5E-1);
#8011=ORIENTED_EDGE('',*,*,#7992,.T.);
#8013=ORIENTED_EDGE('',*,*,#8012,.T.);
#8015=ORIENTED_EDGE('',*,*,#8014,.T.);
#8017=ORIENTED_EDGE('',*,*,#8016,.F.);
#8019=ORIENTED_EDGE('',*,*,#8018,.T.);
#8020=EDGE_LOOP('',(#8011,#8013,#8015,#8017,#8019));
#8021=FACE_OUTER_BOUND('',#8020,.F.);
#8022=ADVANCED_FACE('',(#8021),#8010,.T.);
#8023=FILL_AREA_STYLE_COLOUR('',#2);
#8024=FILL_AREA_STYLE('',(#8023));
#8025=SURFACE_STYLE_FILL_AREA(#8024);
#8026=SURFACE_SIDE_STYLE('',(#8025));
#8027=SURFACE_STYLE_USAGE(.POSITIVE.,#8026);
#8028=FILL_AREA_STYLE_COLOUR('',#1);
#8029=FILL_AREA_STYLE('',(#8028));
#8030=SURFACE_STYLE_FILL_AREA(#8029);
#8031=SURFACE_SIDE_STYLE('',(#8030));
#8032=SURFACE_STYLE_USAGE(.NEGATIVE.,#8031);
#8033=PRESENTATION_STYLE_ASSIGNMENT((#8027,#8032));
#8034=STYLED_ITEM('',(#8033),#8022);
#8035=CARTESIAN_POINT('',(0.E0,0.E0,-1.45E0));
#8036=DIRECTION('',(0.E0,0.E0,1.E0));
#8037=DIRECTION('',(1.E0,0.E0,0.E0));
#8038=AXIS2_PLACEMENT_3D('',#8035,#8036,#8037);
#8039=PLANE('',#8038);
#8040=ORIENTED_EDGE('',*,*,#7873,.T.);
#8042=ORIENTED_EDGE('',*,*,#8041,.T.);
#8044=ORIENTED_EDGE('',*,*,#8043,.F.);
#8046=ORIENTED_EDGE('',*,*,#8045,.F.);
#8047=ORIENTED_EDGE('',*,*,#8012,.F.);
#8048=EDGE_LOOP('',(#8040,#8042,#8044,#8046,#8047));
#8049=FACE_OUTER_BOUND('',#8048,.F.);
#8050=ADVANCED_FACE('',(#8049),#8039,.T.);
#8051=FILL_AREA_STYLE_COLOUR('',#1);
#8052=FILL_AREA_STYLE('',(#8051));
#8053=SURFACE_STYLE_FILL_AREA(#8052);
#8054=SURFACE_SIDE_STYLE('',(#8053));
#8055=SURFACE_STYLE_USAGE(.POSITIVE.,#8054);
#8056=PRESENTATION_STYLE_ASSIGNMENT((#8055));
#8057=STYLED_ITEM('',(#8056),#8050);
#8058=CARTESIAN_POINT('',(0.E0,9.25E-1,-1.45E0));
#8059=DIRECTION('',(0.E0,0.E0,1.E0));
#8060=DIRECTION('',(0.E0,1.E0,0.E0));
#8061=AXIS2_PLACEMENT_3D('',#8058,#8059,#8060);
#8062=CYLINDRICAL_SURFACE('',#8061,1.75E0);
#8063=ORIENTED_EDGE('',*,*,#8041,.F.);
#8064=ORIENTED_EDGE('',*,*,#7871,.T.);
#8065=ORIENTED_EDGE('',*,*,#7821,.T.);
#8066=ORIENTED_EDGE('',*,*,#7846,.T.);
#8067=ORIENTED_EDGE('',*,*,#7867,.F.);
#8068=ORIENTED_EDGE('',*,*,#7935,.F.);
#8070=ORIENTED_EDGE('',*,*,#8069,.F.);
#8071=EDGE_LOOP('',(#8063,#8064,#8065,#8066,#8067,#8068,#8070));
#8072=FACE_OUTER_BOUND('',#8071,.F.);
#8073=ADVANCED_FACE('',(#8072),#8062,.T.);
#8074=FILL_AREA_STYLE_COLOUR('',#9);
#8075=FILL_AREA_STYLE('',(#8074));
#8076=SURFACE_STYLE_FILL_AREA(#8075);
#8077=SURFACE_SIDE_STYLE('',(#8076));
#8078=SURFACE_STYLE_USAGE(.BOTH.,#8077);
#8079=PRESENTATION_STYLE_ASSIGNMENT((#8078));
#8080=STYLED_ITEM('',(#8079),#8073);
#8081=CARTESIAN_POINT('',(0.E0,9.25E-1,-1.45E0));
#8082=DIRECTION('',(0.E0,0.E0,1.E0));
#8083=DIRECTION('',(0.E0,1.E0,0.E0));
#8084=AXIS2_PLACEMENT_3D('',#8081,#8082,#8083);
#8085=PLANE('',#8084);
#8087=ORIENTED_EDGE('',*,*,#8086,.F.);
#8089=ORIENTED_EDGE('',*,*,#8088,.F.);
#8091=ORIENTED_EDGE('',*,*,#8090,.F.);
#8092=ORIENTED_EDGE('',*,*,#8069,.T.);
#8093=EDGE_LOOP('',(#8087,#8089,#8091,#8092));
#8094=FACE_OUTER_BOUND('',#8093,.F.);
#8095=ADVANCED_FACE('',(#8094),#8085,.F.);
#8096=FILL_AREA_STYLE_COLOUR('',#9);
#8097=FILL_AREA_STYLE('',(#8096));
#8098=SURFACE_STYLE_FILL_AREA(#8097);
#8099=SURFACE_SIDE_STYLE('',(#8098));
#8100=SURFACE_STYLE_USAGE(.BOTH.,#8099);
#8101=PRESENTATION_STYLE_ASSIGNMENT((#8100));
#8102=STYLED_ITEM('',(#8101),#8095);
#8103=CARTESIAN_POINT('',(6.25E-1,-4.188087916408E-1,-1.45E0));
#8104=DIRECTION('',(0.E0,-8.480480961564E-1,5.299192642332E-1));
#8105=DIRECTION('',(0.E0,-5.299192642332E-1,-8.480480961564E-1));
#8106=AXIS2_PLACEMENT_3D('',#8103,#8104,#8105);
#8107=PLANE('',#8106);
#8108=ORIENTED_EDGE('',*,*,#8086,.T.);
#8109=ORIENTED_EDGE('',*,*,#7933,.T.);
#8111=ORIENTED_EDGE('',*,*,#8110,.F.);
#8113=ORIENTED_EDGE('',*,*,#8112,.F.);
#8115=ORIENTED_EDGE('',*,*,#8114,.T.);
#8117=ORIENTED_EDGE('',*,*,#8116,.F.);
#8119=ORIENTED_EDGE('',*,*,#8118,.F.);
#8120=EDGE_LOOP('',(#8108,#8109,#8111,#8113,#8115,#8117,#8119));
#8121=FACE_OUTER_BOUND('',#8120,.F.);
#8122=ADVANCED_FACE('',(#8121),#8107,.T.);
#8123=FILL_AREA_STYLE_COLOUR('',#2);
#8124=FILL_AREA_STYLE('',(#8123));
#8125=SURFACE_STYLE_FILL_AREA(#8124);
#8126=SURFACE_SIDE_STYLE('',(#8125));
#8127=SURFACE_STYLE_USAGE(.POSITIVE.,#8126);
#8128=FILL_AREA_STYLE_COLOUR('',#1);
#8129=FILL_AREA_STYLE('',(#8128));
#8130=SURFACE_STYLE_FILL_AREA(#8129);
#8131=SURFACE_SIDE_STYLE('',(#8130));
#8132=SURFACE_STYLE_USAGE(.NEGATIVE.,#8131);
#8133=PRESENTATION_STYLE_ASSIGNMENT((#8127,#8132));
#8134=STYLED_ITEM('',(#8133),#8122);
#8135=CARTESIAN_POINT('',(1.224784003996E0,-6.988520804829E-1,
-1.598879286790E0));
#8136=CARTESIAN_POINT('',(1.224790722747E0,-6.977360845419E-1,
-1.597984742086E0));
#8137=CARTESIAN_POINT('',(1.224996509778E0,-6.821232467252E-1,
-1.585473747910E0));
#8138=CARTESIAN_POINT('',(1.228269905940E0,-6.532019056431E-1,
-1.562398461249E0));
#8139=CARTESIAN_POINT('',(1.239912853784E0,-6.145595169287E-1,
-1.531810949937E0));
#8140=CARTESIAN_POINT('',(1.256717923052E0,-5.814264808398E-1,
-1.505785797496E0));
#8141=CARTESIAN_POINT('',(1.277464352376E0,-5.542010472882E-1,
-1.484561646246E0));
#8142=CARTESIAN_POINT('',(1.300992072516E0,-5.332124300570E-1,
-1.468315490204E0));
#8143=CARTESIAN_POINT('',(1.326470368878E0,-5.184970247935E-1,
-1.456995723684E0));
#8144=CARTESIAN_POINT('',(1.352567644231E0,-5.103236128743E-1,
-1.450737229440E0));
#8145=CARTESIAN_POINT('',(1.370138792847E0,-5.089345986766E-1,
-1.449676280650E0));
#8146=CARTESIAN_POINT('',(1.378485254347E0,-5.091865747323E-1,
-1.449868740603E0));
#8147=CARTESIAN_POINT('',(1.230209818994E0,-6.186391799617E-1,
-1.648904944228E0));
#8148=CARTESIAN_POINT('',(1.229918793342E0,-6.175256856652E-1,
-1.648046466198E0));
#8149=CARTESIAN_POINT('',(1.225954005622E0,-6.019302145456E-1,
-1.635976808964E0));
#8150=CARTESIAN_POINT('',(1.221404174924E0,-5.726043501338E-1,
-1.612050140781E0));
#8151=CARTESIAN_POINT('',(1.223563834054E0,-5.323309414158E-1,
-1.576240613206E0));
#8152=CARTESIAN_POINT('',(1.234177549704E0,-4.968196811036E-1,
-1.542301132253E0));
#8153=CARTESIAN_POINT('',(1.252672034064E0,-4.667740174285E-1,
-1.511763836739E0));
#8154=CARTESIAN_POINT('',(1.278115935964E0,-4.429185975762E-1,
-1.486256601032E0));
#8155=CARTESIAN_POINT('',(1.309395464948E0,-4.257341426591E-1,
-1.467146165920E0));
#8156=CARTESIAN_POINT('',(1.344115483282E0,-4.159848641650E-1,
-1.456016667802E0));
#8157=CARTESIAN_POINT('',(1.368322344579E0,-4.143171599540E-1,
-1.454084463256E0));
#8158=CARTESIAN_POINT('',(1.379790373318E0,-4.146168013354E-1,
-1.454432702825E0));
#8159=CARTESIAN_POINT('',(1.163899047991E0,-5.618546564545E-1,
-1.685572414060E0));
#8160=CARTESIAN_POINT('',(1.163389806338E0,-5.607429331287E-1,
-1.684321843843E0));
#8161=CARTESIAN_POINT('',(1.156420713352E0,-5.451597562861E-1,
-1.666721529577E0));
#8162=CARTESIAN_POINT('',(1.147587492189E0,-5.155475206749E-1,
-1.631355960314E0));
#8163=CARTESIAN_POINT('',(1.148148942754E0,-4.741194760675E-1,
-1.577340220126E0));
#8164=CARTESIAN_POINT('',(1.162029256548E0,-4.369246171268E-1,
-1.525329396305E0));
#8165=CARTESIAN_POINT('',(1.188564848693E0,-4.048824488656E-1,
-1.477929049939E0));
#8166=CARTESIAN_POINT('',(1.226451162744E0,-3.789975547048E-1,
-1.437928617647E0));
#8167=CARTESIAN_POINT('',(1.273974935993E0,-3.600652037861E-1,
-1.407725163706E0));
#8168=CARTESIAN_POINT('',(1.327326752491E0,-3.492003337600E-1,
-1.390043457081E0));
#8169=CARTESIAN_POINT('',(1.364695424793E0,-3.473353385958E-1,
-1.386966673149E0));
#8170=CARTESIAN_POINT('',(1.382392792903E0,-3.476687233375E-1,
-1.387520856395E0));
#8171=CARTESIAN_POINT('',(1.069290241019E0,-5.656966502965E-1,
-1.684861741475E0));
#8172=CARTESIAN_POINT('',(1.068785259688E0,-5.645848071483E-1,
-1.683047770130E0));
#8173=CARTESIAN_POINT('',(1.061946177178E0,-5.490007984851E-1,
-1.657567801823E0));
#8174=CARTESIAN_POINT('',(1.055175345355E0,-5.194079385121E-1,
-1.607669153792E0));
#8175=CARTESIAN_POINT('',(1.063070614504E0,-4.780580156130E-1,
-1.534389445335E0));
#8176=CARTESIAN_POINT('',(1.087535610352E0,-4.409770675614E-1,
-1.465988355137E0));
#8177=CARTESIAN_POINT('',(1.127137831717E0,-4.090699811474E-1,
-1.405221619890E0));
#8178=CARTESIAN_POINT('',(1.179842071093E0,-3.833223995378E-1,
-1.354990009593E0));
#8179=CARTESIAN_POINT('',(1.243411896621E0,-3.645083098153E-1,
-1.317657949530E0));
#8180=CARTESIAN_POINT('',(1.313199335178E0,-3.537189197886E-1,
-1.296035019899E0));
#8181=CARTESIAN_POINT('',(1.361633939157E0,-3.518672731668E-1,
-1.292290118667E0));
#8182=CARTESIAN_POINT('',(1.384587732240E0,-3.521983748608E-1,
-1.292965501030E0));
#8183=(BOUNDED_SURFACE()B_SPLINE_SURFACE(3,3,((#8135,#8136,#8137,#8138,#8139,
#8140,#8141,#8142,#8143,#8144,#8145,#8146),(#8147,#8148,#8149,#8150,#8151,#8152,
#8153,#8154,#8155,#8156,#8157,#8158),(#8159,#8160,#8161,#8162,#8163,#8164,#8165,
#8166,#8167,#8168,#8169,#8170),(#8171,#8172,#8173,#8174,#8175,#8176,#8177,#8178,
#8179,#8180,#8181,#8182)),.UNSPECIFIED.,.F.,.F.,.F.)B_SPLINE_SURFACE_WITH_KNOTS(
(4,4),(4,1,1,1,1,1,1,1,1,4),(0.E0,1.E0),(-4.953516196583E-3,0.E0,
6.433272182284E-2,1.232530914340E-1,1.780411659381E-1,2.285527161955E-1,
2.753703374962E-1,3.193139222460E-1,3.617288607554E-1,4.003160503110E-1),
.UNSPECIFIED.)GEOMETRIC_REPRESENTATION_ITEM()RATIONAL_B_SPLINE_SURFACE(((
1.195841578414E0,1.195841578414E0,1.195841578414E0,1.195841578414E0,
1.195841578414E0,1.195841578414E0,1.195841578414E0,1.195841578414E0,
1.195841578414E0,1.195841578414E0,1.195841578414E0,1.195841578414E0),(
9.347194738622E-1,9.347194738622E-1,9.347194738622E-1,9.347194738622E-1,
9.347194738622E-1,9.347194738622E-1,9.347194738622E-1,9.347194738622E-1,
9.347194738622E-1,9.347194738622E-1,9.347194738622E-1,9.347194738622E-1),(
9.347194738622E-1,9.347194738622E-1,9.347194738622E-1,9.347194738622E-1,
9.347194738622E-1,9.347194738622E-1,9.347194738622E-1,9.347194738622E-1,
9.347194738622E-1,9.347194738622E-1,9.347194738622E-1,9.347194738622E-1),(
1.195841578414E0,1.195841578414E0,1.195841578414E0,1.195841578414E0,
1.195841578414E0,1.195841578414E0,1.195841578414E0,1.195841578414E0,
1.195841578414E0,1.195841578414E0,1.195841578414E0,1.195841578414E0)))REPRESENTATION_ITEM('')SURFACE());
#8185=ORIENTED_EDGE('',*,*,#8184,.F.);
#8187=ORIENTED_EDGE('',*,*,#8186,.T.);
#8188=ORIENTED_EDGE('',*,*,#8110,.T.);
#8189=ORIENTED_EDGE('',*,*,#7931,.T.);
#8190=EDGE_LOOP('',(#8185,#8187,#8188,#8189));
#8191=FACE_OUTER_BOUND('',#8190,.F.);
#8192=ADVANCED_FACE('',(#8191),#8183,.F.);
#8193=FILL_AREA_STYLE_COLOUR('',#2);
#8194=FILL_AREA_STYLE('',(#8193));
#8195=SURFACE_STYLE_FILL_AREA(#8194);
#8196=SURFACE_SIDE_STYLE('',(#8195));
#8197=SURFACE_STYLE_USAGE(.POSITIVE.,#8196);
#8198=FILL_AREA_STYLE_COLOUR('',#1);
#8199=FILL_AREA_STYLE('',(#8198));
#8200=SURFACE_STYLE_FILL_AREA(#8199);
#8201=SURFACE_SIDE_STYLE('',(#8200));
#8202=SURFACE_STYLE_USAGE(.NEGATIVE.,#8201);
#8203=PRESENTATION_STYLE_ASSIGNMENT((#8197,#8202));
#8204=STYLED_ITEM('',(#8203),#8192);
#8205=CARTESIAN_POINT('',(1.375E0,8.12958E0,-1.6E0));
#8206=DIRECTION('',(0.E0,-1.E0,0.E0));
#8207=DIRECTION('',(0.E0,0.E0,1.E0));
#8208=AXIS2_PLACEMENT_3D('',#8205,#8206,#8207);
#8209=CYLINDRICAL_SURFACE('',#8208,1.5E-1);
#8210=ORIENTED_EDGE('',*,*,#8184,.T.);
#8211=ORIENTED_EDGE('',*,*,#7929,.T.);
#8213=ORIENTED_EDGE('',*,*,#8212,.T.);
#8215=ORIENTED_EDGE('',*,*,#8214,.F.);
#8216=EDGE_LOOP('',(#8210,#8211,#8213,#8215));
#8217=FACE_OUTER_BOUND('',#8216,.F.);
#8218=ADVANCED_FACE('',(#8217),#8209,.T.);
#8219=FILL_AREA_STYLE_COLOUR('',#2);
#8220=FILL_AREA_STYLE('',(#8219));
#8221=SURFACE_STYLE_FILL_AREA(#8220);
#8222=SURFACE_SIDE_STYLE('',(#8221));
#8223=SURFACE_STYLE_USAGE(.POSITIVE.,#8222);
#8224=FILL_AREA_STYLE_COLOUR('',#1);
#8225=FILL_AREA_STYLE('',(#8224));
#8226=SURFACE_STYLE_FILL_AREA(#8225);
#8227=SURFACE_SIDE_STYLE('',(#8226));
#8228=SURFACE_STYLE_USAGE(.NEGATIVE.,#8227);
#8229=PRESENTATION_STYLE_ASSIGNMENT((#8223,#8228));
#8230=STYLED_ITEM('',(#8229),#8218);
#8231=CARTESIAN_POINT('',(-3.15E0,-1.2E0,-1.85E0));
#8232=DIRECTION('',(0.E0,1.E0,0.E0));
#8233=DIRECTION('',(1.E0,0.E0,0.E0));
#8234=AXIS2_PLACEMENT_3D('',#8231,#8232,#8233);
#8235=PLANE('',#8234);
#8237=ORIENTED_EDGE('',*,*,#8236,.F.);
#8239=ORIENTED_EDGE('',*,*,#8238,.F.);
#8240=ORIENTED_EDGE('',*,*,#8212,.F.);
#8241=ORIENTED_EDGE('',*,*,#7927,.T.);
#8243=ORIENTED_EDGE('',*,*,#8242,.F.);
#8245=ORIENTED_EDGE('',*,*,#8244,.F.);
#8247=ORIENTED_EDGE('',*,*,#8246,.F.);
#8249=ORIENTED_EDGE('',*,*,#8248,.T.);
#8250=EDGE_LOOP('',(#8237,#8239,#8240,#8241,#8243,#8245,#8247,#8249));
#8251=FACE_OUTER_BOUND('',#8250,.F.);
#8252=ADVANCED_FACE('',(#8251),#8235,.F.);
#8253=FILL_AREA_STYLE_COLOUR('',#1);
#8254=FILL_AREA_STYLE('',(#8253));
#8255=SURFACE_STYLE_FILL_AREA(#8254);
#8256=SURFACE_SIDE_STYLE('',(#8255));
#8257=SURFACE_STYLE_USAGE(.POSITIVE.,#8256);
#8258=PRESENTATION_STYLE_ASSIGNMENT((#8257));
#8259=STYLED_ITEM('',(#8258),#8252);
#8260=CARTESIAN_POINT('',(1.375E0,8.12958E0,-2.35E0));
#8261=DIRECTION('',(0.E0,-1.E0,0.E0));
#8262=DIRECTION('',(-1.E0,0.E0,0.E0));
#8263=AXIS2_PLACEMENT_3D('',#8260,#8261,#8262);
#8264=CYLINDRICAL_SURFACE('',#8263,1.5E-1);
#8266=ORIENTED_EDGE('',*,*,#8265,.F.);
#8268=ORIENTED_EDGE('',*,*,#8267,.T.);
#8269=ORIENTED_EDGE('',*,*,#8236,.T.);
#8271=ORIENTED_EDGE('',*,*,#8270,.F.);
#8272=EDGE_LOOP('',(#8266,#8268,#8269,#8271));
#8273=FACE_OUTER_BOUND('',#8272,.F.);
#8274=ADVANCED_FACE('',(#8273),#8264,.T.);
#8275=FILL_AREA_STYLE_COLOUR('',#2);
#8276=FILL_AREA_STYLE('',(#8275));
#8277=SURFACE_STYLE_FILL_AREA(#8276);
#8278=SURFACE_SIDE_STYLE('',(#8277));
#8279=SURFACE_STYLE_USAGE(.POSITIVE.,#8278);
#8280=FILL_AREA_STYLE_COLOUR('',#1);
#8281=FILL_AREA_STYLE('',(#8280));
#8282=SURFACE_STYLE_FILL_AREA(#8281);
#8283=SURFACE_SIDE_STYLE('',(#8282));
#8284=SURFACE_STYLE_USAGE(.NEGATIVE.,#8283);
#8285=PRESENTATION_STYLE_ASSIGNMENT((#8279,#8284));
#8286=STYLED_ITEM('',(#8285),#8274);
#8287=CARTESIAN_POINT('',(1.075E0,-8.5E-1,-2.35E0));
#8288=DIRECTION('',(0.E0,0.E0,1.E0));
#8289=DIRECTION('',(0.E0,1.E0,0.E0));
#8290=AXIS2_PLACEMENT_3D('',#8287,#8288,#8289);
#8291=TOROIDAL_SURFACE('',#8290,3.E-1,1.5E-1);
#8292=ORIENTED_EDGE('',*,*,#8265,.T.);
#8294=ORIENTED_EDGE('',*,*,#8293,.T.);
#8296=ORIENTED_EDGE('',*,*,#8295,.F.);
#8298=ORIENTED_EDGE('',*,*,#8297,.F.);
#8299=EDGE_LOOP('',(#8292,#8294,#8296,#8298));
#8300=FACE_OUTER_BOUND('',#8299,.F.);
#8301=ADVANCED_FACE('',(#8300),#8291,.T.);
#8302=FILL_AREA_STYLE_COLOUR('',#2);
#8303=FILL_AREA_STYLE('',(#8302));
#8304=SURFACE_STYLE_FILL_AREA(#8303);
#8305=SURFACE_SIDE_STYLE('',(#8304));
#8306=SURFACE_STYLE_USAGE(.POSITIVE.,#8305);
#8307=FILL_AREA_STYLE_COLOUR('',#1);
#8308=FILL_AREA_STYLE('',(#8307));
#8309=SURFACE_STYLE_FILL_AREA(#8308);
#8310=SURFACE_SIDE_STYLE('',(#8309));
#8311=SURFACE_STYLE_USAGE(.NEGATIVE.,#8310);
#8312=PRESENTATION_STYLE_ASSIGNMENT((#8306,#8311));
#8313=STYLED_ITEM('',(#8312),#8301);
#8314=CARTESIAN_POINT('',(0.E0,0.E0,-2.5E0));
#8315=DIRECTION('',(0.E0,0.E0,1.E0));
#8316=DIRECTION('',(1.E0,0.E0,0.E0));
#8317=AXIS2_PLACEMENT_3D('',#8314,#8315,#8316);
#8318=PLANE('',#8317);
#8320=ORIENTED_EDGE('',*,*,#8319,.F.);
#8322=ORIENTED_EDGE('',*,*,#8321,.T.);
#8324=ORIENTED_EDGE('',*,*,#8323,.F.);
#8326=ORIENTED_EDGE('',*,*,#8325,.F.);
#8328=ORIENTED_EDGE('',*,*,#8327,.F.);
#8330=ORIENTED_EDGE('',*,*,#8329,.T.);
#8332=ORIENTED_EDGE('',*,*,#8331,.T.);
#8334=ORIENTED_EDGE('',*,*,#8333,.F.);
#8336=ORIENTED_EDGE('',*,*,#8335,.F.);
#8338=ORIENTED_EDGE('',*,*,#8337,.F.);
#8340=ORIENTED_EDGE('',*,*,#8339,.T.);
#8342=ORIENTED_EDGE('',*,*,#8341,.T.);
#8344=ORIENTED_EDGE('',*,*,#8343,.T.);
#8346=ORIENTED_EDGE('',*,*,#8345,.F.);
#8348=ORIENTED_EDGE('',*,*,#8347,.F.);
#8349=ORIENTED_EDGE('',*,*,#8293,.F.);
#8350=ORIENTED_EDGE('',*,*,#8270,.T.);
#8351=ORIENTED_EDGE('',*,*,#8248,.F.);
#8353=ORIENTED_EDGE('',*,*,#8352,.F.);
#8355=ORIENTED_EDGE('',*,*,#8354,.F.);
#8356=EDGE_LOOP('',(#8320,#8322,#8324,#8326,#8328,#8330,#8332,#8334,#8336,#8338,
#8340,#8342,#8344,#8346,#8348,#8349,#8350,#8351,#8353,#8355));
#8357=FACE_OUTER_BOUND('',#8356,.F.);
#8359=ORIENTED_EDGE('',*,*,#8358,.T.);
#8361=ORIENTED_EDGE('',*,*,#8360,.T.);
#8363=ORIENTED_EDGE('',*,*,#8362,.F.);
#8365=ORIENTED_EDGE('',*,*,#8364,.F.);
#8366=EDGE_LOOP('',(#8359,#8361,#8363,#8365));
#8367=FACE_BOUND('',#8366,.F.);
#8369=ORIENTED_EDGE('',*,*,#8368,.T.);
#8371=ORIENTED_EDGE('',*,*,#8370,.T.);
#8373=ORIENTED_EDGE('',*,*,#8372,.F.);
#8375=ORIENTED_EDGE('',*,*,#8374,.F.);
#8376=EDGE_LOOP('',(#8369,#8371,#8373,#8375));
#8377=FACE_BOUND('',#8376,.F.);
#8379=ORIENTED_EDGE('',*,*,#8378,.T.);
#8381=ORIENTED_EDGE('',*,*,#8380,.T.);
#8383=ORIENTED_EDGE('',*,*,#8382,.F.);
#8385=ORIENTED_EDGE('',*,*,#8384,.F.);
#8386=EDGE_LOOP('',(#8379,#8381,#8383,#8385));
#8387=FACE_BOUND('',#8386,.F.);
#8388=ADVANCED_FACE('',(#8357,#8367,#8377,#8387),#8318,.F.);
#8389=FILL_AREA_STYLE_COLOUR('',#2);
#8390=FILL_AREA_STYLE('',(#8389));
#8391=SURFACE_STYLE_FILL_AREA(#8390);
#8392=SURFACE_SIDE_STYLE('',(#8391));
#8393=SURFACE_STYLE_USAGE(.POSITIVE.,#8392);
#8394=FILL_AREA_STYLE_COLOUR('',#1);
#8395=FILL_AREA_STYLE('',(#8394));
#8396=SURFACE_STYLE_FILL_AREA(#8395);
#8397=SURFACE_SIDE_STYLE('',(#8396));
#8398=SURFACE_STYLE_USAGE(.NEGATIVE.,#8397);
#8399=PRESENTATION_STYLE_ASSIGNMENT((#8393,#8398));
#8400=STYLED_ITEM('',(#8399),#8388);
#8401=CARTESIAN_POINT('',(-2.95E0,-6.481420681724E0,-2.3E0));
#8402=DIRECTION('',(0.E0,1.E0,0.E0));
#8403=DIRECTION('',(0.E0,0.E0,-1.E0));
#8404=AXIS2_PLACEMENT_3D('',#8401,#8402,#8403);
#8405=CYLINDRICAL_SURFACE('',#8404,2.E-1);
#8407=ORIENTED_EDGE('',*,*,#8406,.T.);
#8409=ORIENTED_EDGE('',*,*,#8408,.F.);
#8411=ORIENTED_EDGE('',*,*,#8410,.T.);
#8412=ORIENTED_EDGE('',*,*,#8319,.T.);
#8413=EDGE_LOOP('',(#8407,#8409,#8411,#8412));
#8414=FACE_OUTER_BOUND('',#8413,.F.);
#8415=ADVANCED_FACE('',(#8414),#8405,.T.);
#8416=FILL_AREA_STYLE_COLOUR('',#2);
#8417=FILL_AREA_STYLE('',(#8416));
#8418=SURFACE_STYLE_FILL_AREA(#8417);
#8419=SURFACE_SIDE_STYLE('',(#8418));
#8420=SURFACE_STYLE_USAGE(.POSITIVE.,#8419);
#8421=FILL_AREA_STYLE_COLOUR('',#1);
#8422=FILL_AREA_STYLE('',(#8421));
#8423=SURFACE_STYLE_FILL_AREA(#8422);
#8424=SURFACE_SIDE_STYLE('',(#8423));
#8425=SURFACE_STYLE_USAGE(.NEGATIVE.,#8424);
#8426=PRESENTATION_STYLE_ASSIGNMENT((#8420,#8425));
#8427=STYLED_ITEM('',(#8426),#8415);
#8428=CARTESIAN_POINT('',(-3.075E0,0.E0,-2.8E0));
#8429=DIRECTION('',(0.E0,-1.E0,0.E0));
#8430=DIRECTION('',(1.E0,0.E0,0.E0));
#8431=AXIS2_PLACEMENT_3D('',#8428,#8429,#8430);
#8432=PLANE('',#8431);
#8433=ORIENTED_EDGE('',*,*,#7911,.F.);
#8435=ORIENTED_EDGE('',*,*,#8434,.T.);
#8437=ORIENTED_EDGE('',*,*,#8436,.T.);
#8438=ORIENTED_EDGE('',*,*,#8406,.F.);
#8439=ORIENTED_EDGE('',*,*,#8354,.T.);
#8441=ORIENTED_EDGE('',*,*,#8440,.T.);
#8443=ORIENTED_EDGE('',*,*,#8442,.T.);
#8445=ORIENTED_EDGE('',*,*,#8444,.F.);
#8447=ORIENTED_EDGE('',*,*,#8446,.F.);
#8449=ORIENTED_EDGE('',*,*,#8448,.T.);
#8451=ORIENTED_EDGE('',*,*,#8450,.F.);
#8453=ORIENTED_EDGE('',*,*,#8452,.F.);
#8455=ORIENTED_EDGE('',*,*,#8454,.T.);
#8457=ORIENTED_EDGE('',*,*,#8456,.T.);
#8459=ORIENTED_EDGE('',*,*,#8458,.F.);
#8460=EDGE_LOOP('',(#8433,#8435,#8437,#8438,#8439,#8441,#8443,#8445,#8447,#8449,
#8451,#8453,#8455,#8457,#8459));
#8461=FACE_OUTER_BOUND('',#8460,.F.);
#8462=ADVANCED_FACE('',(#8461),#8432,.T.);
#8463=FILL_AREA_STYLE_COLOUR('',#6);
#8464=FILL_AREA_STYLE('',(#8463));
#8465=SURFACE_STYLE_FILL_AREA(#8464);
#8466=SURFACE_SIDE_STYLE('',(#8465));
#8467=SURFACE_STYLE_USAGE(.BOTH.,#8466);
#8468=PRESENTATION_STYLE_ASSIGNMENT((#8467));
#8469=STYLED_ITEM('',(#8468),#8462);
#8470=CARTESIAN_POINT('',(-2.95E0,8.132832680592E0,-1.65E0));
#8471=DIRECTION('',(0.E0,-1.E0,0.E0));
#8472=DIRECTION('',(0.E0,0.E0,1.E0));
#8473=AXIS2_PLACEMENT_3D('',#8470,#8471,#8472);
#8474=CYLINDRICAL_SURFACE('',#8473,2.E-1);
#8475=ORIENTED_EDGE('',*,*,#8434,.F.);
#8476=ORIENTED_EDGE('',*,*,#7909,.T.);
#8478=ORIENTED_EDGE('',*,*,#8477,.T.);
#8480=ORIENTED_EDGE('',*,*,#8479,.F.);
#8481=EDGE_LOOP('',(#8475,#8476,#8478,#8480));
#8482=FACE_OUTER_BOUND('',#8481,.F.);
#8483=ADVANCED_FACE('',(#8482),#8474,.T.);
#8484=FILL_AREA_STYLE_COLOUR('',#2);
#8485=FILL_AREA_STYLE('',(#8484));
#8486=SURFACE_STYLE_FILL_AREA(#8485);
#8487=SURFACE_SIDE_STYLE('',(#8486));
#8488=SURFACE_STYLE_USAGE(.POSITIVE.,#8487);
#8489=FILL_AREA_STYLE_COLOUR('',#1);
#8490=FILL_AREA_STYLE('',(#8489));
#8491=SURFACE_STYLE_FILL_AREA(#8490);
#8492=SURFACE_SIDE_STYLE('',(#8491));
#8493=SURFACE_STYLE_USAGE(.NEGATIVE.,#8492);
#8494=PRESENTATION_STYLE_ASSIGNMENT((#8488,#8493));
#8495=STYLED_ITEM('',(#8494),#8483);
#8496=CARTESIAN_POINT('',(-2.85E0,-9.E-1,-2.5E0));
#8497=DIRECTION('',(0.E0,-1.E0,0.E0));
#8498=DIRECTION('',(-1.E0,0.E0,0.E0));
#8499=AXIS2_PLACEMENT_3D('',#8496,#8497,#8498);
#8500=PLANE('',#8499);
#8501=ORIENTED_EDGE('',*,*,#8477,.F.);
#8502=ORIENTED_EDGE('',*,*,#7907,.T.);
#8504=ORIENTED_EDGE('',*,*,#8503,.F.);
#8505=ORIENTED_EDGE('',*,*,#8321,.F.);
#8506=ORIENTED_EDGE('',*,*,#8410,.F.);
#8508=ORIENTED_EDGE('',*,*,#8507,.F.);
#8509=EDGE_LOOP('',(#8501,#8502,#8504,#8505,#8506,#8508));
#8510=FACE_OUTER_BOUND('',#8509,.F.);
#8511=ADVANCED_FACE('',(#8510),#8500,.T.);
#8512=FILL_AREA_STYLE_COLOUR('',#2);
#8513=FILL_AREA_STYLE('',(#8512));
#8514=SURFACE_STYLE_FILL_AREA(#8513);
#8515=SURFACE_SIDE_STYLE('',(#8514));
#8516=SURFACE_STYLE_USAGE(.POSITIVE.,#8515);
#8517=FILL_AREA_STYLE_COLOUR('',#1);
#8518=FILL_AREA_STYLE('',(#8517));
#8519=SURFACE_STYLE_FILL_AREA(#8518);
#8520=SURFACE_SIDE_STYLE('',(#8519));
#8521=SURFACE_STYLE_USAGE(.NEGATIVE.,#8520);
#8522=PRESENTATION_STYLE_ASSIGNMENT((#8516,#8521));
#8523=STYLED_ITEM('',(#8522),#8511);
#8524=CARTESIAN_POINT('',(-2.85E0,-7.E-1,-2.5E0));
#8525=DIRECTION('',(1.E0,0.E0,0.E0));
#8526=DIRECTION('',(0.E0,-1.E0,0.E0));
#8527=AXIS2_PLACEMENT_3D('',#8524,#8525,#8526);
#8528=PLANE('',#8527);
#8530=ORIENTED_EDGE('',*,*,#8529,.F.);
#8532=ORIENTED_EDGE('',*,*,#8531,.F.);
#8533=ORIENTED_EDGE('',*,*,#8323,.T.);
#8534=ORIENTED_EDGE('',*,*,#8503,.T.);
#8535=ORIENTED_EDGE('',*,*,#7905,.F.);
#8536=EDGE_LOOP('',(#8530,#8532,#8533,#8534,#8535));
#8537=FACE_OUTER_BOUND('',#8536,.F.);
#8538=ADVANCED_FACE('',(#8537),#8528,.T.);
#8539=FILL_AREA_STYLE_COLOUR('',#2);
#8540=FILL_AREA_STYLE('',(#8539));
#8541=SURFACE_STYLE_FILL_AREA(#8540);
#8542=SURFACE_SIDE_STYLE('',(#8541));
#8543=SURFACE_STYLE_USAGE(.POSITIVE.,#8542);
#8544=FILL_AREA_STYLE_COLOUR('',#1);
#8545=FILL_AREA_STYLE('',(#8544));
#8546=SURFACE_STYLE_FILL_AREA(#8545);
#8547=SURFACE_SIDE_STYLE('',(#8546));
#8548=SURFACE_STYLE_USAGE(.NEGATIVE.,#8547);
#8549=PRESENTATION_STYLE_ASSIGNMENT((#8543,#8548));
#8550=STYLED_ITEM('',(#8549),#8538);
#8551=CARTESIAN_POINT('',(-2.55E0,-7.E-1,-2.5E0));
#8552=DIRECTION('',(0.E0,-1.E0,0.E0));
#8553=DIRECTION('',(-1.E0,0.E0,0.E0));
#8554=AXIS2_PLACEMENT_3D('',#8551,#8552,#8553);
#8555=PLANE('',#8554);
#8557=ORIENTED_EDGE('',*,*,#8556,.T.);
#8558=ORIENTED_EDGE('',*,*,#8529,.T.);
#8559=ORIENTED_EDGE('',*,*,#7903,.F.);
#8561=ORIENTED_EDGE('',*,*,#8560,.F.);
#8562=EDGE_LOOP('',(#8557,#8558,#8559,#8561));
#8563=FACE_OUTER_BOUND('',#8562,.F.);
#8564=ADVANCED_FACE('',(#8563),#8555,.T.);
#8565=FILL_AREA_STYLE_COLOUR('',#2);
#8566=FILL_AREA_STYLE('',(#8565));
#8567=SURFACE_STYLE_FILL_AREA(#8566);
#8568=SURFACE_SIDE_STYLE('',(#8567));
#8569=SURFACE_STYLE_USAGE(.POSITIVE.,#8568);
#8570=FILL_AREA_STYLE_COLOUR('',#1);
#8571=FILL_AREA_STYLE('',(#8570));
#8572=SURFACE_STYLE_FILL_AREA(#8571);
#8573=SURFACE_SIDE_STYLE('',(#8572));
#8574=SURFACE_STYLE_USAGE(.NEGATIVE.,#8573);
#8575=PRESENTATION_STYLE_ASSIGNMENT((#8569,#8574));
#8576=STYLED_ITEM('',(#8575),#8564);
#8577=CARTESIAN_POINT('',(1.136268E1,-5.5E-1,-2.35E0));
#8578=DIRECTION('',(-1.E0,0.E0,0.E0));
#8579=DIRECTION('',(0.E0,0.E0,-1.E0));
#8580=AXIS2_PLACEMENT_3D('',#8577,#8578,#8579);
#8581=CYLINDRICAL_SURFACE('',#8580,1.5E-1);
#8582=ORIENTED_EDGE('',*,*,#8556,.F.);
#8584=ORIENTED_EDGE('',*,*,#8583,.T.);
#8585=ORIENTED_EDGE('',*,*,#8325,.T.);
#8586=ORIENTED_EDGE('',*,*,#8531,.T.);
#8587=EDGE_LOOP('',(#8582,#8584,#8585,#8586));
#8588=FACE_OUTER_BOUND('',#8587,.F.);
#8589=ADVANCED_FACE('',(#8588),#8581,.T.);
#8590=FILL_AREA_STYLE_COLOUR('',#2);
#8591=FILL_AREA_STYLE('',(#8590));
#8592=SURFACE_STYLE_FILL_AREA(#8591);
#8593=SURFACE_SIDE_STYLE('',(#8592));
#8594=SURFACE_STYLE_USAGE(.POSITIVE.,#8593);
#8595=FILL_AREA_STYLE_COLOUR('',#1);
#8596=FILL_AREA_STYLE('',(#8595));
#8597=SURFACE_STYLE_FILL_AREA(#8596);
#8598=SURFACE_SIDE_STYLE('',(#8597));
#8599=SURFACE_STYLE_USAGE(.NEGATIVE.,#8598);
#8600=PRESENTATION_STYLE_ASSIGNMENT((#8594,#8599));
#8601=STYLED_ITEM('',(#8600),#8589);
#8602=CARTESIAN_POINT('',(-2.55E0,-1.2E0,-2.5E0));
#8603=DIRECTION('',(-1.E0,0.E0,0.E0));
#8604=DIRECTION('',(0.E0,1.E0,0.E0));
#8605=AXIS2_PLACEMENT_3D('',#8602,#8603,#8604);
#8606=PLANE('',#8605);
#8607=ORIENTED_EDGE('',*,*,#8327,.T.);
#8608=ORIENTED_EDGE('',*,*,#8583,.F.);
#8609=ORIENTED_EDGE('',*,*,#8560,.T.);
#8610=ORIENTED_EDGE('',*,*,#7901,.F.);
#8612=ORIENTED_EDGE('',*,*,#8611,.T.);
#8613=EDGE_LOOP('',(#8607,#8608,#8609,#8610,#8612));
#8614=FACE_OUTER_BOUND('',#8613,.F.);
#8615=ADVANCED_FACE('',(#8614),#8606,.T.);
#8616=FILL_AREA_STYLE_COLOUR('',#2);
#8617=FILL_AREA_STYLE('',(#8616));
#8618=SURFACE_STYLE_FILL_AREA(#8617);
#8619=SURFACE_SIDE_STYLE('',(#8618));
#8620=SURFACE_STYLE_USAGE(.POSITIVE.,#8619);
#8621=FILL_AREA_STYLE_COLOUR('',#1);
#8622=FILL_AREA_STYLE('',(#8621));
#8623=SURFACE_STYLE_FILL_AREA(#8622);
#8624=SURFACE_SIDE_STYLE('',(#8623));
#8625=SURFACE_STYLE_USAGE(.NEGATIVE.,#8624);
#8626=PRESENTATION_STYLE_ASSIGNMENT((#8620,#8625));
#8627=STYLED_ITEM('',(#8626),#8615);
#8628=CARTESIAN_POINT('',(-3.15E0,-1.2E0,-1.85E0));
#8629=DIRECTION('',(0.E0,1.E0,0.E0));
#8630=DIRECTION('',(1.E0,0.E0,0.E0));
#8631=AXIS2_PLACEMENT_3D('',#8628,#8629,#8630);
#8632=PLANE('',#8631);
#8634=ORIENTED_EDGE('',*,*,#8633,.F.);
#8635=ORIENTED_EDGE('',*,*,#8329,.F.);
#8636=ORIENTED_EDGE('',*,*,#8611,.F.);
#8637=ORIENTED_EDGE('',*,*,#7899,.T.);
#8639=ORIENTED_EDGE('',*,*,#8638,.F.);
#8641=ORIENTED_EDGE('',*,*,#8640,.T.);
#8642=EDGE_LOOP('',(#8634,#8635,#8636,#8637,#8639,#8641));
#8643=FACE_OUTER_BOUND('',#8642,.F.);
#8644=ADVANCED_FACE('',(#8643),#8632,.F.);
#8645=FILL_AREA_STYLE_COLOUR('',#2);
#8646=FILL_AREA_STYLE('',(#8645));
#8647=SURFACE_STYLE_FILL_AREA(#8646);
#8648=SURFACE_SIDE_STYLE('',(#8647));
#8649=SURFACE_STYLE_USAGE(.POSITIVE.,#8648);
#8650=FILL_AREA_STYLE_COLOUR('',#1);
#8651=FILL_AREA_STYLE('',(#8650));
#8652=SURFACE_STYLE_FILL_AREA(#8651);
#8653=SURFACE_SIDE_STYLE('',(#8652));
#8654=SURFACE_STYLE_USAGE(.NEGATIVE.,#8653);
#8655=PRESENTATION_STYLE_ASSIGNMENT((#8649,#8654));
#8656=STYLED_ITEM('',(#8655),#8644);
#8657=CARTESIAN_POINT('',(-1.375E0,-6.47958E0,-2.35E0));
#8658=DIRECTION('',(0.E0,1.E0,0.E0));
#8659=DIRECTION('',(1.E0,0.E0,0.E0));
#8660=AXIS2_PLACEMENT_3D('',#8657,#8658,#8659);
#8661=CYLINDRICAL_SURFACE('',#8660,1.5E-1);
#8663=ORIENTED_EDGE('',*,*,#8662,.T.);
#8664=ORIENTED_EDGE('',*,*,#8331,.F.);
#8665=ORIENTED_EDGE('',*,*,#8633,.T.);
#8667=ORIENTED_EDGE('',*,*,#8666,.T.);
#8668=EDGE_LOOP('',(#8663,#8664,#8665,#8667));
#8669=FACE_OUTER_BOUND('',#8668,.F.);
#8670=ADVANCED_FACE('',(#8669),#8661,.T.);
#8671=FILL_AREA_STYLE_COLOUR('',#2);
#8672=FILL_AREA_STYLE('',(#8671));
#8673=SURFACE_STYLE_FILL_AREA(#8672);
#8674=SURFACE_SIDE_STYLE('',(#8673));
#8675=SURFACE_STYLE_USAGE(.POSITIVE.,#8674);
#8676=FILL_AREA_STYLE_COLOUR('',#1);
#8677=FILL_AREA_STYLE('',(#8676));
#8678=SURFACE_STYLE_FILL_AREA(#8677);
#8679=SURFACE_SIDE_STYLE('',(#8678));
#8680=SURFACE_STYLE_USAGE(.NEGATIVE.,#8679);
#8681=PRESENTATION_STYLE_ASSIGNMENT((#8675,#8680));
#8682=STYLED_ITEM('',(#8681),#8670);
#8683=CARTESIAN_POINT('',(-1.075E0,-8.5E-1,-2.35E0));
#8684=DIRECTION('',(0.E0,0.E0,-1.E0));
#8685=DIRECTION('',(-1.E0,0.E0,0.E0));
#8686=AXIS2_PLACEMENT_3D('',#8683,#8684,#8685);
#8687=TOROIDAL_SURFACE('',#8686,3.E-1,1.5E-1);
#8689=ORIENTED_EDGE('',*,*,#8688,.T.);
#8690=ORIENTED_EDGE('',*,*,#8333,.T.);
#8691=ORIENTED_EDGE('',*,*,#8662,.F.);
#8693=ORIENTED_EDGE('',*,*,#8692,.F.);
#8694=EDGE_LOOP('',(#8689,#8690,#8691,#8693));
#8695=FACE_OUTER_BOUND('',#8694,.F.);
#8696=ADVANCED_FACE('',(#8695),#8687,.T.);
#8697=FILL_AREA_STYLE_COLOUR('',#2);
#8698=FILL_AREA_STYLE('',(#8697));
#8699=SURFACE_STYLE_FILL_AREA(#8698);
#8700=SURFACE_SIDE_STYLE('',(#8699));
#8701=SURFACE_STYLE_USAGE(.POSITIVE.,#8700);
#8702=FILL_AREA_STYLE_COLOUR('',#1);
#8703=FILL_AREA_STYLE('',(#8702));
#8704=SURFACE_STYLE_FILL_AREA(#8703);
#8705=SURFACE_SIDE_STYLE('',(#8704));
#8706=SURFACE_STYLE_USAGE(.NEGATIVE.,#8705);
#8707=PRESENTATION_STYLE_ASSIGNMENT((#8701,#8706));
#8708=STYLED_ITEM('',(#8707),#8696);
#8709=CARTESIAN_POINT('',(1.136268E1,-5.5E-1,-2.35E0));
#8710=DIRECTION('',(-1.E0,0.E0,0.E0));
#8711=DIRECTION('',(0.E0,0.E0,-1.E0));
#8712=AXIS2_PLACEMENT_3D('',#8709,#8710,#8711);
#8713=CYLINDRICAL_SURFACE('',#8712,1.5E-1);
#8714=ORIENTED_EDGE('',*,*,#8688,.F.);
#8716=ORIENTED_EDGE('',*,*,#8715,.F.);
#8718=ORIENTED_EDGE('',*,*,#8717,.T.);
#8719=ORIENTED_EDGE('',*,*,#8335,.T.);
#8720=EDGE_LOOP('',(#8714,#8716,#8718,#8719));
#8721=FACE_OUTER_BOUND('',#8720,.F.);
#8722=ADVANCED_FACE('',(#8721),#8713,.T.);
#8723=FILL_AREA_STYLE_COLOUR('',#2);
#8724=FILL_AREA_STYLE('',(#8723));
#8725=SURFACE_STYLE_FILL_AREA(#8724);
#8726=SURFACE_SIDE_STYLE('',(#8725));
#8727=SURFACE_STYLE_USAGE(.POSITIVE.,#8726);
#8728=FILL_AREA_STYLE_COLOUR('',#1);
#8729=FILL_AREA_STYLE('',(#8728));
#8730=SURFACE_STYLE_FILL_AREA(#8729);
#8731=SURFACE_SIDE_STYLE('',(#8730));
#8732=SURFACE_STYLE_USAGE(.NEGATIVE.,#8731);
#8733=PRESENTATION_STYLE_ASSIGNMENT((#8727,#8732));
#8734=STYLED_ITEM('',(#8733),#8722);
#8735=CARTESIAN_POINT('',(-6.25E-1,-7.E-1,-1.9E0));
#8736=DIRECTION('',(0.E0,1.E0,0.E0));
#8737=DIRECTION('',(0.E0,0.E0,-1.E0));
#8738=AXIS2_PLACEMENT_3D('',#8735,#8736,#8737);
#8739=PLANE('',#8738);
#8741=ORIENTED_EDGE('',*,*,#8740,.F.);
#8743=ORIENTED_EDGE('',*,*,#8742,.F.);
#8745=ORIENTED_EDGE('',*,*,#8744,.F.);
#8746=ORIENTED_EDGE('',*,*,#8715,.T.);
#8747=EDGE_LOOP('',(#8741,#8743,#8745,#8746));
#8748=FACE_OUTER_BOUND('',#8747,.F.);
#8749=ADVANCED_FACE('',(#8748),#8739,.F.);
#8750=FILL_AREA_STYLE_COLOUR('',#2);
#8751=FILL_AREA_STYLE('',(#8750));
#8752=SURFACE_STYLE_FILL_AREA(#8751);
#8753=SURFACE_SIDE_STYLE('',(#8752));
#8754=SURFACE_STYLE_USAGE(.POSITIVE.,#8753);
#8755=FILL_AREA_STYLE_COLOUR('',#1);
#8756=FILL_AREA_STYLE('',(#8755));
#8757=SURFACE_STYLE_FILL_AREA(#8756);
#8758=SURFACE_SIDE_STYLE('',(#8757));
#8759=SURFACE_STYLE_USAGE(.NEGATIVE.,#8758);
#8760=PRESENTATION_STYLE_ASSIGNMENT((#8754,#8759));
#8761=STYLED_ITEM('',(#8760),#8749);
#8762=CARTESIAN_POINT('',(-1.075E0,-8.5E-1,-1.957838904028E0));
#8763=DIRECTION('',(0.E0,0.E0,-1.E0));
#8764=DIRECTION('',(-1.E0,0.E0,0.E0));
#8765=AXIS2_PLACEMENT_3D('',#8762,#8763,#8764);
#8766=CYLINDRICAL_SURFACE('',#8765,1.5E-1);
#8768=ORIENTED_EDGE('',*,*,#8767,.F.);
#8770=ORIENTED_EDGE('',*,*,#8769,.T.);
#8771=ORIENTED_EDGE('',*,*,#8740,.T.);
#8772=ORIENTED_EDGE('',*,*,#8692,.T.);
#8773=EDGE_LOOP('',(#8768,#8770,#8771,#8772));
#8774=FACE_OUTER_BOUND('',#8773,.F.);
#8775=ADVANCED_FACE('',(#8774),#8766,.F.);
#8776=FILL_AREA_STYLE_COLOUR('',#2);
#8777=FILL_AREA_STYLE('',(#8776));
#8778=SURFACE_STYLE_FILL_AREA(#8777);
#8779=SURFACE_SIDE_STYLE('',(#8778));
#8780=SURFACE_STYLE_USAGE(.POSITIVE.,#8779);
#8781=FILL_AREA_STYLE_COLOUR('',#1);
#8782=FILL_AREA_STYLE('',(#8781));
#8783=SURFACE_STYLE_FILL_AREA(#8782);
#8784=SURFACE_SIDE_STYLE('',(#8783));
#8785=SURFACE_STYLE_USAGE(.NEGATIVE.,#8784);
#8786=PRESENTATION_STYLE_ASSIGNMENT((#8780,#8785));
#8787=STYLED_ITEM('',(#8786),#8775);
#8788=CARTESIAN_POINT('',(-1.225E0,0.E0,0.E0));
#8789=DIRECTION('',(-1.E0,0.E0,0.E0));
#8790=DIRECTION('',(0.E0,0.E0,1.E0));
#8791=AXIS2_PLACEMENT_3D('',#8788,#8789,#8790);
#8792=PLANE('',#8791);
#8794=ORIENTED_EDGE('',*,*,#8793,.T.);
#8796=ORIENTED_EDGE('',*,*,#8795,.T.);
#8797=ORIENTED_EDGE('',*,*,#8767,.T.);
#8798=ORIENTED_EDGE('',*,*,#8666,.F.);
#8799=ORIENTED_EDGE('',*,*,#8640,.F.);
#8801=ORIENTED_EDGE('',*,*,#8800,.T.);
#8802=EDGE_LOOP('',(#8794,#8796,#8797,#8798,#8799,#8801));
#8803=FACE_OUTER_BOUND('',#8802,.F.);
#8804=ADVANCED_FACE('',(#8803),#8792,.F.);
#8805=FILL_AREA_STYLE_COLOUR('',#2);
#8806=FILL_AREA_STYLE('',(#8805));
#8807=SURFACE_STYLE_FILL_AREA(#8806);
#8808=SURFACE_SIDE_STYLE('',(#8807));
#8809=SURFACE_STYLE_USAGE(.POSITIVE.,#8808);
#8810=FILL_AREA_STYLE_COLOUR('',#1);
#8811=FILL_AREA_STYLE('',(#8810));
#8812=SURFACE_STYLE_FILL_AREA(#8811);
#8813=SURFACE_SIDE_STYLE('',(#8812));
#8814=SURFACE_STYLE_USAGE(.NEGATIVE.,#8813);
#8815=PRESENTATION_STYLE_ASSIGNMENT((#8809,#8814));
#8816=STYLED_ITEM('',(#8815),#8804);
#8817=CARTESIAN_POINT('',(-1.075E0,-6.810960180825E-1,-1.586685317781E0));
#8818=DIRECTION('',(0.E0,-5.299192642332E-1,-8.480480961564E-1));
#8819=DIRECTION('',(-1.E0,0.E0,0.E0));
#8820=AXIS2_PLACEMENT_3D('',#8817,#8818,#8819);
#8821=CYLINDRICAL_SURFACE('',#8820,1.5E-1);
#8822=ORIENTED_EDGE('',*,*,#8793,.F.);
#8824=ORIENTED_EDGE('',*,*,#8823,.T.);
#8825=ORIENTED_EDGE('',*,*,#7965,.T.);
#8827=ORIENTED_EDGE('',*,*,#8826,.F.);
#8828=EDGE_LOOP('',(#8822,#8824,#8825,#8827));
#8829=FACE_OUTER_BOUND('',#8828,.F.);
#8830=ADVANCED_FACE('',(#8829),#8821,.F.);
#8831=FILL_AREA_STYLE_COLOUR('',#2);
#8832=FILL_AREA_STYLE('',(#8831));
#8833=SURFACE_STYLE_FILL_AREA(#8832);
#8834=SURFACE_SIDE_STYLE('',(#8833));
#8835=SURFACE_STYLE_USAGE(.POSITIVE.,#8834);
#8836=FILL_AREA_STYLE_COLOUR('',#1);
#8837=FILL_AREA_STYLE('',(#8836));
#8838=SURFACE_STYLE_FILL_AREA(#8837);
#8839=SURFACE_SIDE_STYLE('',(#8838));
#8840=SURFACE_STYLE_USAGE(.NEGATIVE.,#8839);
#8841=PRESENTATION_STYLE_ASSIGNMENT((#8835,#8840));
#8842=STYLED_ITEM('',(#8841),#8830);
#8843=CARTESIAN_POINT('',(-1.378481711670E0,-5.091878246742E-1,
-1.449868769353E0));
#8844=CARTESIAN_POINT('',(-1.377097736494E0,-5.091456491608E-1,
-1.449836474358E0));
#8845=CARTESIAN_POINT('',(-1.365738522226E0,-5.090051460838E-1,
-1.449728985986E0));
#8846=CARTESIAN_POINT('',(-1.343515606357E0,-5.120592568535E-1,
-1.452062667065E0));
#8847=CARTESIAN_POINT('',(-1.312713929271E0,-5.250221937518E-1,
-1.462001844313E0));
#8848=CARTESIAN_POINT('',(-1.283286867666E0,-5.475126785524E-1,
-1.479361820354E0));
#8849=CARTESIAN_POINT('',(-1.257629308418E0,-5.791281502474E-1,
-1.503973935024E0));
#8850=CARTESIAN_POINT('',(-1.238501645148E0,-6.173636175726E-1,
-1.534011383978E0));
#8851=CARTESIAN_POINT('',(-1.227641812290E0,-6.571229908242E-1,
-1.565518904719E0));
#8852=CARTESIAN_POINT('',(-1.224964312562E0,-6.845563043941E-1,
-1.587421972647E0));
#8853=CARTESIAN_POINT('',(-1.224790720991E0,-6.977357003131E-1,
-1.597983016031E0));
#8854=CARTESIAN_POINT('',(-1.224784004357E0,-6.988511306160E-1,
-1.598877112296E0));
#8855=CARTESIAN_POINT('',(-1.379784864606E0,-4.146179446618E-1,
-1.454433412499E0));
#8856=CARTESIAN_POINT('',(-1.377883308455E0,-4.145668092258E-1,
-1.454375332011E0));
#8857=CARTESIAN_POINT('',(-1.362269136461E0,-4.143964346372E-1,
-1.454180621948E0));
#8858=CARTESIAN_POINT('',(-1.331750626366E0,-4.180758060447E-1,
-1.458427768211E0));
#8859=CARTESIAN_POINT('',(-1.291870707381E0,-4.334366094678E-1,
-1.475835345560E0));
#8860=CARTESIAN_POINT('',(-1.258265259481E0,-4.593055096071E-1,
-1.504004248874E0));
#8861=CARTESIAN_POINT('',(-1.234541918951E0,-4.943863037228E-1,
-1.540034861534E0));
#8862=CARTESIAN_POINT('',(-1.222705481580E0,-5.353368021681E-1,
-1.579121797479E0));
#8863=CARTESIAN_POINT('',(-1.221844275151E0,-5.766079344809E-1,
-1.615396115338E0));
#8864=CARTESIAN_POINT('',(-1.226572203791E0,-6.043598645788E-1,
-1.637856619482E0));
#8865=CARTESIAN_POINT('',(-1.229919192064E0,-6.175249676862E-1,
-1.648044979888E0));
#8866=CARTESIAN_POINT('',(-1.230210070576E0,-6.186379437877E-1,
-1.648903000343E0));
#8867=CARTESIAN_POINT('',(-1.382384190594E0,-3.476694675698E-1,
-1.387521489489E0));
#8868=CARTESIAN_POINT('',(-1.379449718785E0,-3.476119891715E-1,
-1.387429114601E0));
#8869=CARTESIAN_POINT('',(-1.355352641280E0,-3.474204677632E-1,
-1.387119221304E0));
#8870=CARTESIAN_POINT('',(-1.308259708160E0,-3.515424774343E-1,
-1.393881828343E0));
#8871=CARTESIAN_POINT('',(-1.247206102348E0,-3.686007929203E-1,
-1.421496425620E0));
#8872=CARTESIAN_POINT('',(-1.196713605999E0,-3.968613611244E-1,
-1.465831061406E0));
#8873=CARTESIAN_POINT('',(-1.162413014776E0,-4.343953470879E-1,
-1.521876742248E0));
#8874=CARTESIAN_POINT('',(-1.147040034253E0,-4.772678866601E-1,
-1.581758102746E0));
#8875=CARTESIAN_POINT('',(-1.148526944393E0,-5.196092325215E-1,
-1.636331204380E0));
#8876=CARTESIAN_POINT('',(-1.157506755925E0,-5.475867195442E-1,
-1.669463231790E0));
#8877=CARTESIAN_POINT('',(-1.163389910663E0,-5.607417043987E-1,
-1.684320189720E0));
#8878=CARTESIAN_POINT('',(-1.163898897969E0,-5.618529431072E-1,
-1.685570089036E0));
#8879=CARTESIAN_POINT('',(-1.384576922207E0,-3.521990264327E-1,
-1.292965687497E0));
#8880=CARTESIAN_POINT('',(-1.380770842828E0,-3.521419771826E-1,
-1.292852974890E0));
#8881=CARTESIAN_POINT('',(-1.349519896894E0,-3.519518865129E-1,
-1.292475391091E0));
#8882=CARTESIAN_POINT('',(-1.288431291090E0,-3.560439484368E-1,
-1.300707625526E0));
#8883=CARTESIAN_POINT('',(-1.207979020090E0,-3.729874146962E-1,
-1.334581444182E0));
#8884=CARTESIAN_POINT('',(-1.138953187056E0,-4.010861688943E-1,
-1.389848763659E0));
#8885=CARTESIAN_POINT('',(-1.088492825009E0,-4.384541783134E-1,
-1.461394604638E0));
#8886=CARTESIAN_POINT('',(-1.061072252274E0,-4.811966776099E-1,
-1.540193307954E0));
#8887=CARTESIAN_POINT('',(-1.055718564057E0,-5.234656156216E-1,
-1.614610006002E0));
#8888=CARTESIAN_POINT('',(-1.063011387992E0,-5.514278420528E-1,
-1.661536938339E0));
#8889=CARTESIAN_POINT('',(-1.068784902956E0,-5.645835114817E-1,
-1.683045467708E0));
#8890=CARTESIAN_POINT('',(-1.069289633914E0,-5.656948677377E-1,
-1.684858488408E0));
#8891=(BOUNDED_SURFACE()B_SPLINE_SURFACE(3,3,((#8843,#8844,#8845,#8846,#8847,
#8848,#8849,#8850,#8851,#8852,#8853,#8854),(#8855,#8856,#8857,#8858,#8859,#8860,
#8861,#8862,#8863,#8864,#8865,#8866),(#8867,#8868,#8869,#8870,#8871,#8872,#8873,
#8874,#8875,#8876,#8877,#8878),(#8879,#8880,#8881,#8882,#8883,#8884,#8885,#8886,
#8887,#8888,#8889,#8890)),.UNSPECIFIED.,.F.,.F.,.F.)B_SPLINE_SURFACE_WITH_KNOTS(
(4,4),(4,1,1,1,1,1,1,1,1,4),(0.E0,1.E0),(5.998526360698E-1,6.062509839706E-1,
6.523429457288E-1,7.026003722817E-1,7.579324820553E-1,8.183590027449E-1,
8.832237722555E-1,9.464649082382E-1,1.E0,1.004950482495E0),.UNSPECIFIED.)GEOMETRIC_REPRESENTATION_ITEM()RATIONAL_B_SPLINE_SURFACE(((1.195843380560E0,
1.195843380560E0,1.195843380560E0,1.195843380560E0,1.195843380560E0,
1.195843380560E0,1.195843380560E0,1.195843380560E0,1.195843380560E0,
1.195843380560E0,1.195843380560E0,1.195843380560E0),(9.347188731467E-1,
9.347188731467E-1,9.347188731467E-1,9.347188731467E-1,9.347188731467E-1,
9.347188731467E-1,9.347188731467E-1,9.347188731467E-1,9.347188731467E-1,
9.347188731467E-1,9.347188731467E-1,9.347188731467E-1),(9.347188731467E-1,
9.347188731467E-1,9.347188731467E-1,9.347188731467E-1,9.347188731467E-1,
9.347188731467E-1,9.347188731467E-1,9.347188731467E-1,9.347188731467E-1,
9.347188731467E-1,9.347188731467E-1,9.347188731467E-1),(1.195843380560E0,
1.195843380560E0,1.195843380560E0,1.195843380560E0,1.195843380560E0,
1.195843380560E0,1.195843380560E0,1.195843380560E0,1.195843380560E0,
1.195843380560E0,1.195843380560E0,1.195843380560E0)))REPRESENTATION_ITEM('')SURFACE());
#8892=ORIENTED_EDGE('',*,*,#7967,.T.);
#8893=ORIENTED_EDGE('',*,*,#8823,.F.);
#8895=ORIENTED_EDGE('',*,*,#8894,.F.);
#8896=ORIENTED_EDGE('',*,*,#7895,.T.);
#8897=EDGE_LOOP('',(#8892,#8893,#8895,#8896));
#8898=FACE_OUTER_BOUND('',#8897,.F.);
#8899=ADVANCED_FACE('',(#8898),#8891,.F.);
#8900=FILL_AREA_STYLE_COLOUR('',#2);
#8901=FILL_AREA_STYLE('',(#8900));
#8902=SURFACE_STYLE_FILL_AREA(#8901);
#8903=SURFACE_SIDE_STYLE('',(#8902));
#8904=SURFACE_STYLE_USAGE(.POSITIVE.,#8903);
#8905=FILL_AREA_STYLE_COLOUR('',#1);
#8906=FILL_AREA_STYLE('',(#8905));
#8907=SURFACE_STYLE_FILL_AREA(#8906);
#8908=SURFACE_SIDE_STYLE('',(#8907));
#8909=SURFACE_STYLE_USAGE(.NEGATIVE.,#8908);
#8910=PRESENTATION_STYLE_ASSIGNMENT((#8904,#8909));
#8911=STYLED_ITEM('',(#8910),#8899);
#8912=CARTESIAN_POINT('',(-1.375E0,-6.47958E0,-1.6E0));
#8913=DIRECTION('',(0.E0,1.E0,0.E0));
#8914=DIRECTION('',(0.E0,0.E0,1.E0));
#8915=AXIS2_PLACEMENT_3D('',#8912,#8913,#8914);
#8916=CYLINDRICAL_SURFACE('',#8915,1.5E-1);
#8917=ORIENTED_EDGE('',*,*,#8894,.T.);
#8918=ORIENTED_EDGE('',*,*,#8800,.F.);
#8919=ORIENTED_EDGE('',*,*,#8638,.T.);
#8920=ORIENTED_EDGE('',*,*,#7897,.T.);
#8921=EDGE_LOOP('',(#8917,#8918,#8919,#8920));
#8922=FACE_OUTER_BOUND('',#8921,.F.);
#8923=ADVANCED_FACE('',(#8922),#8916,.T.);
#8924=FILL_AREA_STYLE_COLOUR('',#2);
#8925=FILL_AREA_STYLE('',(#8924));
#8926=SURFACE_STYLE_FILL_AREA(#8925);
#8927=SURFACE_SIDE_STYLE('',(#8926));
#8928=SURFACE_STYLE_USAGE(.POSITIVE.,#8927);
#8929=FILL_AREA_STYLE_COLOUR('',#1);
#8930=FILL_AREA_STYLE('',(#8929));
#8931=SURFACE_STYLE_FILL_AREA(#8930);
#8932=SURFACE_SIDE_STYLE('',(#8931));
#8933=SURFACE_STYLE_USAGE(.NEGATIVE.,#8932);
#8934=PRESENTATION_STYLE_ASSIGNMENT((#8928,#8933));
#8935=STYLED_ITEM('',(#8934),#8923);
#8936=CARTESIAN_POINT('',(-1.075E0,-4.5E-1,-1.971686346440E0));
#8937=DIRECTION('',(-1.E0,0.E0,0.E0));
#8938=DIRECTION('',(0.E0,-8.037709399225E-1,5.949388843706E-1));
#8939=AXIS2_PLACEMENT_3D('',#8936,#8937,#8938);
#8940=TOROIDAL_SURFACE('',#8939,4.E-1,1.5E-1);
#8941=ORIENTED_EDGE('',*,*,#8795,.F.);
#8942=ORIENTED_EDGE('',*,*,#8826,.T.);
#8944=ORIENTED_EDGE('',*,*,#8943,.T.);
#8945=ORIENTED_EDGE('',*,*,#8769,.F.);
#8946=EDGE_LOOP('',(#8941,#8942,#8944,#8945));
#8947=FACE_OUTER_BOUND('',#8946,.F.);
#8948=ADVANCED_FACE('',(#8947),#8940,.F.);
#8949=FILL_AREA_STYLE_COLOUR('',#2);
#8950=FILL_AREA_STYLE('',(#8949));
#8951=SURFACE_STYLE_FILL_AREA(#8950);
#8952=SURFACE_SIDE_STYLE('',(#8951));
#8953=SURFACE_STYLE_USAGE(.POSITIVE.,#8952);
#8954=FILL_AREA_STYLE_COLOUR('',#1);
#8955=FILL_AREA_STYLE('',(#8954));
#8956=SURFACE_STYLE_FILL_AREA(#8955);
#8957=SURFACE_SIDE_STYLE('',(#8956));
#8958=SURFACE_STYLE_USAGE(.NEGATIVE.,#8957);
#8959=PRESENTATION_STYLE_ASSIGNMENT((#8953,#8958));
#8960=STYLED_ITEM('',(#8959),#8948);
#8961=CARTESIAN_POINT('',(1.136268E1,-4.5E-1,-1.971686346440E0));
#8962=DIRECTION('',(-1.E0,0.E0,0.E0));
#8963=DIRECTION('',(0.E0,-1.E0,0.E0));
#8964=AXIS2_PLACEMENT_3D('',#8961,#8962,#8963);
#8965=CYLINDRICAL_SURFACE('',#8964,2.5E-1);
#8966=ORIENTED_EDGE('',*,*,#8943,.F.);
#8967=ORIENTED_EDGE('',*,*,#7963,.F.);
#8969=ORIENTED_EDGE('',*,*,#8968,.F.);
#8970=ORIENTED_EDGE('',*,*,#8742,.T.);
#8971=EDGE_LOOP('',(#8966,#8967,#8969,#8970));
#8972=FACE_OUTER_BOUND('',#8971,.F.);
#8973=ADVANCED_FACE('',(#8972),#8965,.T.);
#8974=FILL_AREA_STYLE_COLOUR('',#2);
#8975=FILL_AREA_STYLE('',(#8974));
#8976=SURFACE_STYLE_FILL_AREA(#8975);
#8977=SURFACE_SIDE_STYLE('',(#8976));
#8978=SURFACE_STYLE_USAGE(.POSITIVE.,#8977);
#8979=FILL_AREA_STYLE_COLOUR('',#1);
#8980=FILL_AREA_STYLE('',(#8979));
#8981=SURFACE_STYLE_FILL_AREA(#8980);
#8982=SURFACE_SIDE_STYLE('',(#8981));
#8983=SURFACE_STYLE_USAGE(.NEGATIVE.,#8982);
#8984=PRESENTATION_STYLE_ASSIGNMENT((#8978,#8983));
#8985=STYLED_ITEM('',(#8984),#8973);
#8986=CARTESIAN_POINT('',(-7.75E-1,-4.5E-1,-1.971686346440E0));
#8987=DIRECTION('',(-1.E0,0.E0,0.E0));
#8988=DIRECTION('',(0.E0,-9.984663788686E-1,-5.536145110994E-2));
#8989=AXIS2_PLACEMENT_3D('',#8986,#8987,#8988);
#8990=TOROIDAL_SURFACE('',#8989,4.E-1,1.5E-1);
#8992=ORIENTED_EDGE('',*,*,#8991,.F.);
#8994=ORIENTED_EDGE('',*,*,#8993,.T.);
#8995=ORIENTED_EDGE('',*,*,#8968,.T.);
#8997=ORIENTED_EDGE('',*,*,#8996,.F.);
#8998=EDGE_LOOP('',(#8992,#8994,#8995,#8997));
#8999=FACE_OUTER_BOUND('',#8998,.F.);
#9000=ADVANCED_FACE('',(#8999),#8990,.F.);
#9001=FILL_AREA_STYLE_COLOUR('',#2);
#9002=FILL_AREA_STYLE('',(#9001));
#9003=SURFACE_STYLE_FILL_AREA(#9002);
#9004=SURFACE_SIDE_STYLE('',(#9003));
#9005=SURFACE_STYLE_USAGE(.POSITIVE.,#9004);
#9006=FILL_AREA_STYLE_COLOUR('',#1);
#9007=FILL_AREA_STYLE('',(#9006));
#9008=SURFACE_STYLE_FILL_AREA(#9007);
#9009=SURFACE_SIDE_STYLE('',(#9008));
#9010=SURFACE_STYLE_USAGE(.NEGATIVE.,#9009);
#9011=PRESENTATION_STYLE_ASSIGNMENT((#9005,#9010));
#9012=STYLED_ITEM('',(#9011),#9000);
#9013=CARTESIAN_POINT('',(-6.25E-1,0.E0,0.E0));
#9014=DIRECTION('',(-1.E0,0.E0,0.E0));
#9015=DIRECTION('',(0.E0,0.E0,1.E0));
#9016=AXIS2_PLACEMENT_3D('',#9013,#9014,#9015);
#9017=PLANE('',#9016);
#9019=ORIENTED_EDGE('',*,*,#9018,.T.);
#9020=ORIENTED_EDGE('',*,*,#8016,.T.);
#9022=ORIENTED_EDGE('',*,*,#9021,.T.);
#9024=ORIENTED_EDGE('',*,*,#9023,.F.);
#9026=ORIENTED_EDGE('',*,*,#9025,.T.);
#9027=ORIENTED_EDGE('',*,*,#8991,.T.);
#9028=EDGE_LOOP('',(#9019,#9020,#9022,#9024,#9026,#9027));
#9029=FACE_OUTER_BOUND('',#9028,.F.);
#9030=ADVANCED_FACE('',(#9029),#9017,.T.);
#9031=FILL_AREA_STYLE_COLOUR('',#2);
#9032=FILL_AREA_STYLE('',(#9031));
#9033=SURFACE_STYLE_FILL_AREA(#9032);
#9034=SURFACE_SIDE_STYLE('',(#9033));
#9035=SURFACE_STYLE_USAGE(.POSITIVE.,#9034);
#9036=FILL_AREA_STYLE_COLOUR('',#1);
#9037=FILL_AREA_STYLE('',(#9036));
#9038=SURFACE_STYLE_FILL_AREA(#9037);
#9039=SURFACE_SIDE_STYLE('',(#9038));
#9040=SURFACE_STYLE_USAGE(.NEGATIVE.,#9039);
#9041=PRESENTATION_STYLE_ASSIGNMENT((#9035,#9040));
#9042=STYLED_ITEM('',(#9041),#9030);
#9043=CARTESIAN_POINT('',(-7.75E-1,-7.996433134021E-1,-1.776400647805E0));
#9044=DIRECTION('',(0.E0,5.299192642332E-1,8.480480961564E-1));
#9045=DIRECTION('',(1.E0,0.E0,0.E0));
#9046=AXIS2_PLACEMENT_3D('',#9043,#9044,#9045);
#9047=CYLINDRICAL_SURFACE('',#9046,1.5E-1);
#9048=ORIENTED_EDGE('',*,*,#9018,.F.);
#9049=ORIENTED_EDGE('',*,*,#8996,.T.);
#9050=ORIENTED_EDGE('',*,*,#7961,.T.);
#9052=ORIENTED_EDGE('',*,*,#9051,.F.);
#9053=EDGE_LOOP('',(#9048,#9049,#9050,#9052));
#9054=FACE_OUTER_BOUND('',#9053,.F.);
#9055=ADVANCED_FACE('',(#9054),#9047,.F.);
#9056=FILL_AREA_STYLE_COLOUR('',#2);
#9057=FILL_AREA_STYLE('',(#9056));
#9058=SURFACE_STYLE_FILL_AREA(#9057);
#9059=SURFACE_SIDE_STYLE('',(#9058));
#9060=SURFACE_STYLE_USAGE(.POSITIVE.,#9059);
#9061=FILL_AREA_STYLE_COLOUR('',#1);
#9062=FILL_AREA_STYLE('',(#9061));
#9063=SURFACE_STYLE_FILL_AREA(#9062);
#9064=SURFACE_SIDE_STYLE('',(#9063));
#9065=SURFACE_STYLE_USAGE(.NEGATIVE.,#9064);
#9066=PRESENTATION_STYLE_ASSIGNMENT((#9060,#9065));
#9067=STYLED_ITEM('',(#9066),#9055);
#9068=CARTESIAN_POINT('',(-6.252160226126E-1,-6.988526354993E-1,
-1.598878846717E0));
#9069=CARTESIAN_POINT('',(-6.252093063776E-1,-6.977366551626E-1,
-1.597984313486E0));
#9070=CARTESIAN_POINT('',(-6.250097512130E-1,-6.825940879931E-1,
-1.585850152762E0));
#9071=CARTESIAN_POINT('',(-6.219174086539E-1,-6.545273700491E-1,
-1.563453775327E0));
#9072=CARTESIAN_POINT('',(-6.109426043985E-1,-6.169224477808E-1,
-1.533675865400E0));
#9073=CARTESIAN_POINT('',(-5.950440501668E-1,-5.844228555153E-1,
-1.508132135212E0));
#9074=CARTESIAN_POINT('',(-5.753432029180E-1,-5.574148107881E-1,
-1.487059380027E0));
#9075=CARTESIAN_POINT('',(-5.529380192439E-1,-5.362481565666E-1,
-1.470658702751E0));
#9076=CARTESIAN_POINT('',(-5.285836291047E-1,-5.209302446539E-1,
-1.458862837296E0));
#9077=CARTESIAN_POINT('',(-5.024322703897E-1,-5.113450607959E-1,
-1.451517436765E0));
#9078=CARTESIAN_POINT('',(-4.830670196628E-1,-5.089901338976E-1,
-1.449717751337E0));
#9079=CARTESIAN_POINT('',(-4.726570035508E-1,-5.091527678699E-1,
-1.449842300313E0));
#9080=CARTESIAN_POINT('',(-4.715203825006E-1,-5.091874417258E-1,
-1.449868861783E0));
#9081=CARTESIAN_POINT('',(-6.197897469789E-1,-6.186395306381E-1,
-1.648904625529E0));
#9082=CARTESIAN_POINT('',(-6.200807716774E-1,-6.175260446449E-1,
-1.648046165670E0));
#9083=CARTESIAN_POINT('',(-6.239261830637E-1,-6.024002709646E-1,
-1.636340100678E0));
#9084=CARTESIAN_POINT('',(-6.284229287697E-1,-5.739537875341E-1,
-1.613166896930E0));
#9085=CARTESIAN_POINT('',(-6.267417576472E-1,-5.348147742290E-1,
-1.578503052883E0));
#9086=CARTESIAN_POINT('',(-6.171111365778E-1,-5.000639553297E-1,
-1.545474658731E0));
#9087=CARTESIAN_POINT('',(-6.000350512448E-1,-4.703597149325E-1,
-1.515483136932E0));
#9088=CARTESIAN_POINT('',(-5.763567558053E-1,-4.464061073376E-1,
-1.490047007112E0));
#9089=CARTESIAN_POINT('',(-5.470234808492E-1,-4.286015085200E-1,
-1.470375137592E0));
#9090=CARTESIAN_POINT('',(-5.127010714441E-1,-4.172159570360E-1,
-1.457433580083E0));
#9091=CARTESIAN_POINT('',(-4.860878782786E-1,-4.143776772236E-1,
-1.454160836692E0));
#9092=CARTESIAN_POINT('',(-4.717796433143E-1,-4.145759006508E-1,
-1.454385448388E0));
#9093=CARTESIAN_POINT('',(-4.702179582376E-1,-4.146180704354E-1,
-1.454433172491E0));
#9094=CARTESIAN_POINT('',(-6.861005194592E-1,-5.618546803135E-1,
-1.685572276417E0));
#9095=CARTESIAN_POINT('',(-6.866097605231E-1,-5.607429601280E-1,
-1.684321732773E0));
#9096=CARTESIAN_POINT('',(-6.933690340307E-1,-5.456290749761E-1,
-1.667251606935E0));
#9097=CARTESIAN_POINT('',(-7.020599201019E-1,-5.169137461200E-1,
-1.633012798821E0));
#9098=CARTESIAN_POINT('',(-7.021488695238E-1,-4.766887116460E-1,
-1.580771634161E0));
#9099=CARTESIAN_POINT('',(-6.897330955419E-1,-4.403441934669E-1,
-1.530216675954E0));
#9100=CARTESIAN_POINT('',(-6.653826822705E-1,-4.087312491512E-1,
-1.483726101802E0));
#9101=CARTESIAN_POINT('',(-6.302656850947E-1,-3.828046880041E-1,
-1.443892066472E0));
#9102=CARTESIAN_POINT('',(-5.858257774571E-1,-3.632397017294E-1,
-1.412840706055E0));
#9103=CARTESIAN_POINT('',(-5.331819479584E-1,-3.505796252615E-1,
-1.392298775800E0));
#9104=CARTESIAN_POINT('',(-4.921115221666E-1,-3.473991679093E-1,
-1.387088078316E0));
#9105=CARTESIAN_POINT('',(-4.700301442490E-1,-3.476225859960E-1,
-1.387445409027E0));
#9106=CARTESIAN_POINT('',(-4.676201655206E-1,-3.476700623349E-1,
-1.387521305457E0));
#9107=CARTESIAN_POINT('',(-7.807096004413E-1,-5.656966004666E-1,
-1.684861621670E0));
#9108=CARTESIAN_POINT('',(-7.812145845248E-1,-5.645847608110E-1,
-1.683047682613E0));
#9109=CARTESIAN_POINT('',(-7.878478082525E-1,-5.494700713112E-1,
-1.658335218525E0));
#9110=CARTESIAN_POINT('',(-7.945903969859E-1,-5.207729318604E-1,
-1.609990863869E0));
#9111=CARTESIAN_POINT('',(-7.877663870336E-1,-4.806213748472E-1,
-1.538995511156E0));
#9112=CARTESIAN_POINT('',(-7.653368669425E-1,-4.443846823531E-1,
-1.472353358345E0));
#9113=CARTESIAN_POINT('',(-7.285782893263E-1,-4.129008761439E-1,
-1.412591615152E0));
#9114=CARTESIAN_POINT('',(-6.793502442653E-1,-3.871078000720E-1,
-1.362428974969E0));
#9115=CARTESIAN_POINT('',(-6.195719814017E-1,-3.676619171850E-1,
-1.323949092918E0));
#9116=CARTESIAN_POINT('',(-5.504583247870E-1,-3.550880718720E-1,
-1.298781412431E0));
#9117=CARTESIAN_POINT('',(-4.971919937004E-1,-3.519307653915E-1,
-1.292437376147E0));
#9118=CARTESIAN_POINT('',(-4.685545650044E-1,-3.521524788710E-1,
-1.292873140840E0));
#9119=CARTESIAN_POINT('',(-4.654287616535E-1,-3.521995961817E-1,
-1.292965764215E0));
#9120=(BOUNDED_SURFACE()B_SPLINE_SURFACE(3,3,((#9068,#9069,#9070,#9071,#9072,
#9073,#9074,#9075,#9076,#9077,#9078,#9079,#9080),(#9081,#9082,#9083,#9084,#9085,
#9086,#9087,#9088,#9089,#9090,#9091,#9092,#9093),(#9094,#9095,#9096,#9097,#9098,
#9099,#9100,#9101,#9102,#9103,#9104,#9105,#9106),(#9107,#9108,#9109,#9110,#9111,
#9112,#9113,#9114,#9115,#9116,#9117,#9118,#9119)),.UNSPECIFIED.,.F.,.F.,.F.)B_SPLINE_SURFACE_WITH_KNOTS((4,4),(4,1,1,1,1,1,1,1,1,1,4),(0.E0,1.E0),(
-4.953595355239E-3,0.E0,6.224810641885E-2,1.194831533440E-1,1.728671774568E-1,
2.221894687531E-1,2.679976450880E-1,3.108465534514E-1,3.522428664454E-1,
3.950950183187E-1,4.003494125745E-1),.UNSPECIFIED.)GEOMETRIC_REPRESENTATION_ITEM()RATIONAL_B_SPLINE_SURFACE(((1.195842595295E0,1.195842595295E0,1.195842595295E0,
1.195842595295E0,1.195842595295E0,1.195842595295E0,1.195842595295E0,
1.195842595295E0,1.195842595295E0,1.195842595295E0,1.195842595295E0,
1.195842595295E0,1.195842595295E0),(9.347191349016E-1,9.347191349016E-1,
9.347191349016E-1,9.347191349016E-1,9.347191349016E-1,9.347191349016E-1,
9.347191349016E-1,9.347191349016E-1,9.347191349016E-1,9.347191349016E-1,
9.347191349016E-1,9.347191349016E-1,9.347191349016E-1),(9.347191349016E-1,
9.347191349016E-1,9.347191349016E-1,9.347191349016E-1,9.347191349016E-1,
9.347191349016E-1,9.347191349016E-1,9.347191349016E-1,9.347191349016E-1,
9.347191349016E-1,9.347191349016E-1,9.347191349016E-1,9.347191349016E-1),(
1.195842595295E0,1.195842595295E0,1.195842595295E0,1.195842595295E0,
1.195842595295E0,1.195842595295E0,1.195842595295E0,1.195842595295E0,
1.195842595295E0,1.195842595295E0,1.195842595295E0,1.195842595295E0,
1.195842595295E0)))REPRESENTATION_ITEM('')SURFACE());
#9121=ORIENTED_EDGE('',*,*,#7994,.T.);
#9122=ORIENTED_EDGE('',*,*,#8018,.F.);
#9123=ORIENTED_EDGE('',*,*,#9051,.T.);
#9124=ORIENTED_EDGE('',*,*,#7959,.T.);
#9125=EDGE_LOOP('',(#9121,#9122,#9123,#9124));
#9126=FACE_OUTER_BOUND('',#9125,.F.);
#9127=ADVANCED_FACE('',(#9126),#9120,.F.);
#9128=FILL_AREA_STYLE_COLOUR('',#2);
#9129=FILL_AREA_STYLE('',(#9128));
#9130=SURFACE_STYLE_FILL_AREA(#9129);
#9131=SURFACE_SIDE_STYLE('',(#9130));
#9132=SURFACE_STYLE_USAGE(.POSITIVE.,#9131);
#9133=FILL_AREA_STYLE_COLOUR('',#1);
#9134=FILL_AREA_STYLE('',(#9133));
#9135=SURFACE_STYLE_FILL_AREA(#9134);
#9136=SURFACE_SIDE_STYLE('',(#9135));
#9137=SURFACE_STYLE_USAGE(.NEGATIVE.,#9136);
#9138=PRESENTATION_STYLE_ASSIGNMENT((#9132,#9137));
#9139=STYLED_ITEM('',(#9138),#9127);
#9140=CARTESIAN_POINT('',(-3.15E0,-1.2E0,-1.85E0));
#9141=DIRECTION('',(0.E0,1.E0,0.E0));
#9142=DIRECTION('',(1.E0,0.E0,0.E0));
#9143=AXIS2_PLACEMENT_3D('',#9140,#9141,#9142);
#9144=PLANE('',#9143);
#9146=ORIENTED_EDGE('',*,*,#9145,.F.);
#9147=ORIENTED_EDGE('',*,*,#8341,.F.);
#9149=ORIENTED_EDGE('',*,*,#9148,.F.);
#9150=ORIENTED_EDGE('',*,*,#9021,.F.);
#9151=ORIENTED_EDGE('',*,*,#8014,.F.);
#9152=ORIENTED_EDGE('',*,*,#8045,.T.);
#9154=ORIENTED_EDGE('',*,*,#9153,.F.);
#9156=ORIENTED_EDGE('',*,*,#9155,.T.);
#9157=EDGE_LOOP('',(#9146,#9147,#9149,#9150,#9151,#9152,#9154,#9156));
#9158=FACE_OUTER_BOUND('',#9157,.F.);
#9159=ADVANCED_FACE('',(#9158),#9144,.F.);
#9160=FILL_AREA_STYLE_COLOUR('',#1);
#9161=FILL_AREA_STYLE('',(#9160));
#9162=SURFACE_STYLE_FILL_AREA(#9161);
#9163=SURFACE_SIDE_STYLE('',(#9162));
#9164=SURFACE_STYLE_USAGE(.POSITIVE.,#9163);
#9165=PRESENTATION_STYLE_ASSIGNMENT((#9164));
#9166=STYLED_ITEM('',(#9165),#9159);
#9167=CARTESIAN_POINT('',(4.75E-1,-6.47958E0,-2.35E0));
#9168=DIRECTION('',(0.E0,1.E0,0.E0));
#9169=DIRECTION('',(1.E0,0.E0,0.E0));
#9170=AXIS2_PLACEMENT_3D('',#9167,#9168,#9169);
#9171=CYLINDRICAL_SURFACE('',#9170,1.5E-1);
#9173=ORIENTED_EDGE('',*,*,#9172,.T.);
#9174=ORIENTED_EDGE('',*,*,#8343,.F.);
#9175=ORIENTED_EDGE('',*,*,#9145,.T.);
#9177=ORIENTED_EDGE('',*,*,#9176,.T.);
#9178=EDGE_LOOP('',(#9173,#9174,#9175,#9177));
#9179=FACE_OUTER_BOUND('',#9178,.F.);
#9180=ADVANCED_FACE('',(#9179),#9171,.T.);
#9181=FILL_AREA_STYLE_COLOUR('',#2);
#9182=FILL_AREA_STYLE('',(#9181));
#9183=SURFACE_STYLE_FILL_AREA(#9182);
#9184=SURFACE_SIDE_STYLE('',(#9183));
#9185=SURFACE_STYLE_USAGE(.POSITIVE.,#9184);
#9186=FILL_AREA_STYLE_COLOUR('',#1);
#9187=FILL_AREA_STYLE('',(#9186));
#9188=SURFACE_STYLE_FILL_AREA(#9187);
#9189=SURFACE_SIDE_STYLE('',(#9188));
#9190=SURFACE_STYLE_USAGE(.NEGATIVE.,#9189);
#9191=PRESENTATION_STYLE_ASSIGNMENT((#9185,#9190));
#9192=STYLED_ITEM('',(#9191),#9180);
#9193=CARTESIAN_POINT('',(7.75E-1,-8.5E-1,-2.35E0));
#9194=DIRECTION('',(0.E0,0.E0,-1.E0));
#9195=DIRECTION('',(-1.E0,0.E0,0.E0));
#9196=AXIS2_PLACEMENT_3D('',#9193,#9194,#9195);
#9197=TOROIDAL_SURFACE('',#9196,3.E-1,1.5E-1);
#9199=ORIENTED_EDGE('',*,*,#9198,.T.);
#9200=ORIENTED_EDGE('',*,*,#8345,.T.);
#9201=ORIENTED_EDGE('',*,*,#9172,.F.);
#9203=ORIENTED_EDGE('',*,*,#9202,.F.);
#9204=EDGE_LOOP('',(#9199,#9200,#9201,#9203));
#9205=FACE_OUTER_BOUND('',#9204,.F.);
#9206=ADVANCED_FACE('',(#9205),#9197,.T.);
#9207=FILL_AREA_STYLE_COLOUR('',#2);
#9208=FILL_AREA_STYLE('',(#9207));
#9209=SURFACE_STYLE_FILL_AREA(#9208);
#9210=SURFACE_SIDE_STYLE('',(#9209));
#9211=SURFACE_STYLE_USAGE(.POSITIVE.,#9210);
#9212=FILL_AREA_STYLE_COLOUR('',#1);
#9213=FILL_AREA_STYLE('',(#9212));
#9214=SURFACE_STYLE_FILL_AREA(#9213);
#9215=SURFACE_SIDE_STYLE('',(#9214));
#9216=SURFACE_STYLE_USAGE(.NEGATIVE.,#9215);
#9217=PRESENTATION_STYLE_ASSIGNMENT((#9211,#9216));
#9218=STYLED_ITEM('',(#9217),#9206);
#9219=CARTESIAN_POINT('',(1.136268E1,-5.5E-1,-2.35E0));
#9220=DIRECTION('',(-1.E0,0.E0,0.E0));
#9221=DIRECTION('',(0.E0,0.E0,-1.E0));
#9222=AXIS2_PLACEMENT_3D('',#9219,#9220,#9221);
#9223=CYLINDRICAL_SURFACE('',#9222,1.5E-1);
#9224=ORIENTED_EDGE('',*,*,#9198,.F.);
#9226=ORIENTED_EDGE('',*,*,#9225,.F.);
#9227=ORIENTED_EDGE('',*,*,#8295,.T.);
#9228=ORIENTED_EDGE('',*,*,#8347,.T.);
#9229=EDGE_LOOP('',(#9224,#9226,#9227,#9228));
#9230=FACE_OUTER_BOUND('',#9229,.F.);
#9231=ADVANCED_FACE('',(#9230),#9223,.T.);
#9232=FILL_AREA_STYLE_COLOUR('',#2);
#9233=FILL_AREA_STYLE('',(#9232));
#9234=SURFACE_STYLE_FILL_AREA(#9233);
#9235=SURFACE_SIDE_STYLE('',(#9234));
#9236=SURFACE_STYLE_USAGE(.POSITIVE.,#9235);
#9237=FILL_AREA_STYLE_COLOUR('',#1);
#9238=FILL_AREA_STYLE('',(#9237));
#9239=SURFACE_STYLE_FILL_AREA(#9238);
#9240=SURFACE_SIDE_STYLE('',(#9239));
#9241=SURFACE_STYLE_USAGE(.NEGATIVE.,#9240);
#9242=PRESENTATION_STYLE_ASSIGNMENT((#9236,#9241));
#9243=STYLED_ITEM('',(#9242),#9231);
#9244=CARTESIAN_POINT('',(6.25E-1,-7.E-1,-1.9E0));
#9245=DIRECTION('',(0.E0,-1.E0,0.E0));
#9246=DIRECTION('',(0.E0,0.E0,-1.E0));
#9247=AXIS2_PLACEMENT_3D('',#9244,#9245,#9246);
#9248=PLANE('',#9247);
#9250=ORIENTED_EDGE('',*,*,#9249,.F.);
#9252=ORIENTED_EDGE('',*,*,#9251,.F.);
#9254=ORIENTED_EDGE('',*,*,#9253,.F.);
#9255=ORIENTED_EDGE('',*,*,#9225,.T.);
#9256=EDGE_LOOP('',(#9250,#9252,#9254,#9255));
#9257=FACE_OUTER_BOUND('',#9256,.F.);
#9258=ADVANCED_FACE('',(#9257),#9248,.T.);
#9259=FILL_AREA_STYLE_COLOUR('',#2);
#9260=FILL_AREA_STYLE('',(#9259));
#9261=SURFACE_STYLE_FILL_AREA(#9260);
#9262=SURFACE_SIDE_STYLE('',(#9261));
#9263=SURFACE_STYLE_USAGE(.POSITIVE.,#9262);
#9264=FILL_AREA_STYLE_COLOUR('',#1);
#9265=FILL_AREA_STYLE('',(#9264));
#9266=SURFACE_STYLE_FILL_AREA(#9265);
#9267=SURFACE_SIDE_STYLE('',(#9266));
#9268=SURFACE_STYLE_USAGE(.NEGATIVE.,#9267);
#9269=PRESENTATION_STYLE_ASSIGNMENT((#9263,#9268));
#9270=STYLED_ITEM('',(#9269),#9258);
#9271=CARTESIAN_POINT('',(7.75E-1,-8.5E-1,-1.957838904028E0));
#9272=DIRECTION('',(0.E0,0.E0,-1.E0));
#9273=DIRECTION('',(-1.E0,0.E0,0.E0));
#9274=AXIS2_PLACEMENT_3D('',#9271,#9272,#9273);
#9275=CYLINDRICAL_SURFACE('',#9274,1.5E-1);
#9277=ORIENTED_EDGE('',*,*,#9276,.F.);
#9279=ORIENTED_EDGE('',*,*,#9278,.T.);
#9280=ORIENTED_EDGE('',*,*,#9249,.T.);
#9281=ORIENTED_EDGE('',*,*,#9202,.T.);
#9282=EDGE_LOOP('',(#9277,#9279,#9280,#9281));
#9283=FACE_OUTER_BOUND('',#9282,.F.);
#9284=ADVANCED_FACE('',(#9283),#9275,.F.);
#9285=FILL_AREA_STYLE_COLOUR('',#2);
#9286=FILL_AREA_STYLE('',(#9285));
#9287=SURFACE_STYLE_FILL_AREA(#9286);
#9288=SURFACE_SIDE_STYLE('',(#9287));
#9289=SURFACE_STYLE_USAGE(.POSITIVE.,#9288);
#9290=FILL_AREA_STYLE_COLOUR('',#1);
#9291=FILL_AREA_STYLE('',(#9290));
#9292=SURFACE_STYLE_FILL_AREA(#9291);
#9293=SURFACE_SIDE_STYLE('',(#9292));
#9294=SURFACE_STYLE_USAGE(.NEGATIVE.,#9293);
#9295=PRESENTATION_STYLE_ASSIGNMENT((#9289,#9294));
#9296=STYLED_ITEM('',(#9295),#9284);
#9297=CARTESIAN_POINT('',(6.25E-1,0.E0,0.E0));
#9298=DIRECTION('',(-1.E0,0.E0,0.E0));
#9299=DIRECTION('',(0.E0,0.E0,1.E0));
#9300=AXIS2_PLACEMENT_3D('',#9297,#9298,#9299);
#9301=PLANE('',#9300);
#9303=ORIENTED_EDGE('',*,*,#9302,.T.);
#9305=ORIENTED_EDGE('',*,*,#9304,.T.);
#9306=ORIENTED_EDGE('',*,*,#9276,.T.);
#9307=ORIENTED_EDGE('',*,*,#9176,.F.);
#9308=ORIENTED_EDGE('',*,*,#9155,.F.);
#9310=ORIENTED_EDGE('',*,*,#9309,.T.);
#9311=EDGE_LOOP('',(#9303,#9305,#9306,#9307,#9308,#9310));
#9312=FACE_OUTER_BOUND('',#9311,.F.);
#9313=ADVANCED_FACE('',(#9312),#9301,.F.);
#9314=FILL_AREA_STYLE_COLOUR('',#2);
#9315=FILL_AREA_STYLE('',(#9314));
#9316=SURFACE_STYLE_FILL_AREA(#9315);
#9317=SURFACE_SIDE_STYLE('',(#9316));
#9318=SURFACE_STYLE_USAGE(.POSITIVE.,#9317);
#9319=FILL_AREA_STYLE_COLOUR('',#1);
#9320=FILL_AREA_STYLE('',(#9319));
#9321=SURFACE_STYLE_FILL_AREA(#9320);
#9322=SURFACE_SIDE_STYLE('',(#9321));
#9323=SURFACE_STYLE_USAGE(.NEGATIVE.,#9322);
#9324=PRESENTATION_STYLE_ASSIGNMENT((#9318,#9323));
#9325=STYLED_ITEM('',(#9324),#9313);
#9326=CARTESIAN_POINT('',(7.75E-1,-6.810960180825E-1,-1.586685317781E0));
#9327=DIRECTION('',(0.E0,-5.299192642332E-1,-8.480480961564E-1));
#9328=DIRECTION('',(-1.E0,0.E0,0.E0));
#9329=AXIS2_PLACEMENT_3D('',#9326,#9327,#9328);
#9330=CYLINDRICAL_SURFACE('',#9329,1.5E-1);
#9331=ORIENTED_EDGE('',*,*,#9302,.F.);
#9333=ORIENTED_EDGE('',*,*,#9332,.T.);
#9334=ORIENTED_EDGE('',*,*,#8116,.T.);
#9336=ORIENTED_EDGE('',*,*,#9335,.F.);
#9337=EDGE_LOOP('',(#9331,#9333,#9334,#9336));
#9338=FACE_OUTER_BOUND('',#9337,.F.);
#9339=ADVANCED_FACE('',(#9338),#9330,.F.);
#9340=FILL_AREA_STYLE_COLOUR('',#2);
#9341=FILL_AREA_STYLE('',(#9340));
#9342=SURFACE_STYLE_FILL_AREA(#9341);
#9343=SURFACE_SIDE_STYLE('',(#9342));
#9344=SURFACE_STYLE_USAGE(.POSITIVE.,#9343);
#9345=FILL_AREA_STYLE_COLOUR('',#1);
#9346=FILL_AREA_STYLE('',(#9345));
#9347=SURFACE_STYLE_FILL_AREA(#9346);
#9348=SURFACE_SIDE_STYLE('',(#9347));
#9349=SURFACE_STYLE_USAGE(.NEGATIVE.,#9348);
#9350=PRESENTATION_STYLE_ASSIGNMENT((#9344,#9349));
#9351=STYLED_ITEM('',(#9350),#9339);
#9352=CARTESIAN_POINT('',(4.715378059111E-1,-5.091869197523E-1,
-1.449868804826E0));
#9353=CARTESIAN_POINT('',(4.738568026494E-1,-5.091166474137E-1,
-1.449814993855E0));
#9354=CARTESIAN_POINT('',(4.857087468431E-1,-5.091157476516E-1,
-1.449814133905E0));
#9355=CARTESIAN_POINT('',(5.078311040252E-1,-5.125752053865E-1,
-1.452458365271E0));
#9356=CARTESIAN_POINT('',(5.370687168781E-1,-5.250614505043E-1,
-1.462034185962E0));
#9357=CARTESIAN_POINT('',(5.650726309318E-1,-5.461434980833E-1,
-1.478304818097E0));
#9358=CARTESIAN_POINT('',(5.900860224095E-1,-5.758455630814E-1,
-1.501412312593E0));
#9359=CARTESIAN_POINT('',(6.097717754898E-1,-6.129333636365E-1,
-1.530518219822E0));
#9360=CARTESIAN_POINT('',(6.218968664885E-1,-6.538665799545E-1,
-1.562924978012E0));
#9361=CARTESIAN_POINT('',(6.250171663629E-1,-6.831620649522E-1,
-1.586305687909E0));
#9362=CARTESIAN_POINT('',(6.252092693716E-1,-6.977352572653E-1,
-1.597983606796E0));
#9363=CARTESIAN_POINT('',(6.252159977165E-1,-6.988507557022E-1,
-1.598877755168E0));
#9364=CARTESIAN_POINT('',(4.702419846303E-1,-4.146184539545E-1,
-1.454432558651E0));
#9365=CARTESIAN_POINT('',(4.734283712241E-1,-4.145332298603E-1,
-1.454335781367E0));
#9366=CARTESIAN_POINT('',(4.897252101239E-1,-4.145285131688E-1,
-1.454333726002E0));
#9367=CARTESIAN_POINT('',(5.200204937844E-1,-4.186922062483E-1,
-1.459131549982E0));
#9368=CARTESIAN_POINT('',(5.577869640532E-1,-4.334728383081E-1,
-1.475861290653E0));
#9369=CARTESIAN_POINT('',(5.899170145767E-1,-4.577376553273E-1,
-1.502306501531E0));
#9370=CARTESIAN_POINT('',(6.135531469832E-1,-4.907851735268E-1,
-1.536412673104E0));
#9371=CARTESIAN_POINT('',(6.265755252112E-1,-5.306612407723E-1,
-1.574815436242E0));
#9372=CARTESIAN_POINT('',(6.285788624646E-1,-5.732922783953E-1,
-1.612651430066E0));
#9373=CARTESIAN_POINT('',(6.237820333268E-1,-6.029675434949E-1,
-1.636779503516E0));
#9374=CARTESIAN_POINT('',(6.200812527170E-1,-6.175247867467E-1,
-1.648045406436E0));
#9375=CARTESIAN_POINT('',(6.197903685542E-1,-6.186378096247E-1,
-1.648903492218E0));
#9376=CARTESIAN_POINT('',(4.676572680018E-1,-3.476711811676E-1,
-1.387520420112E0));
#9377=CARTESIAN_POINT('',(4.725744969276E-1,-3.475753723690E-1,
-1.387366499556E0));
#9378=CARTESIAN_POINT('',(4.977261337912E-1,-3.475679535821E-1,
-1.387363152731E0));
#9379=CARTESIAN_POINT('',(5.444574316633E-1,-3.522301916610E-1,
-1.395000373606E0));
#9380=CARTESIAN_POINT('',(6.022565519857E-1,-3.686350749678E-1,
-1.421533095618E0));
#9381=CARTESIAN_POINT('',(6.505682419816E-1,-3.951530503957E-1,
-1.463162171913E0));
#9382=CARTESIAN_POINT('',(6.848939820572E-1,-4.305688947194E-1,
-1.516266542824E0));
#9383=CARTESIAN_POINT('',(7.021810254555E-1,-4.724188424666E-1,
-1.575211261359E0));
#9384=CARTESIAN_POINT('',(7.023372427268E-1,-5.162518082915E-1,
-1.632259520441E0));
#9385=CARTESIAN_POINT('',(6.931154946560E-1,-5.461959287846E-1,
-1.667892218832E0));
#9386=CARTESIAN_POINT('',(6.866104416327E-1,-5.607418813155E-1,
-1.684320469757E0));
#9387=CARTESIAN_POINT('',(6.861014430578E-1,-5.618531516863E-1,
-1.685570466131E0));
#9388=CARTESIAN_POINT('',(4.654768437725E-1,-3.522007027064E-1,
-1.292964974894E0));
#9389=CARTESIAN_POINT('',(4.718545329516E-1,-3.521056100481E-1,
-1.292777167336E0));
#9390=CARTESIAN_POINT('',(5.044702988393E-1,-3.520983740798E-1,
-1.292773279013E0));
#9391=CARTESIAN_POINT('',(5.651338480221E-1,-3.567268815790E-1,
-1.302075678196E0));
#9392=CARTESIAN_POINT('',(6.413464879134E-1,-3.730218712232E-1,
-1.334638737837E0));
#9393=CARTESIAN_POINT('',(7.072951047254E-1,-3.993874023601E-1,
-1.386514369141E0));
#9394=CARTESIAN_POINT('',(7.573748058499E-1,-4.346430103703E-1,
-1.454171183133E0));
#9395=CARTESIAN_POINT('',(7.870608714775E-1,-4.763594092233E-1,
-1.531446399343E0));
#9396=CARTESIAN_POINT('',(7.948546078689E-1,-5.201110549368E-1,
-1.608904445186E0));
#9397=CARTESIAN_POINT('',(7.875988124207E-1,-5.500369851998E-1,
-1.659262617688E0));
#9398=CARTESIAN_POINT('',(7.812151118241E-1,-5.645837016389E-1,
-1.683045846479E0));
#9399=CARTESIAN_POINT('',(7.807103786110E-1,-5.656950905808E-1,
-1.684858995112E0));
#9400=(BOUNDED_SURFACE()B_SPLINE_SURFACE(3,3,((#9352,#9353,#9354,#9355,#9356,
#9357,#9358,#9359,#9360,#9361,#9362,#9363),(#9364,#9365,#9366,#9367,#9368,#9369,
#9370,#9371,#9372,#9373,#9374,#9375),(#9376,#9377,#9378,#9379,#9380,#9381,#9382,
#9383,#9384,#9385,#9386,#9387),(#9388,#9389,#9390,#9391,#9392,#9393,#9394,#9395,
#9396,#9397,#9398,#9399)),.UNSPECIFIED.,.F.,.F.,.F.)B_SPLINE_SURFACE_WITH_KNOTS(
(4,4),(4,1,1,1,1,1,1,1,1,4),(0.E0,1.E0),(5.998500547733E-1,6.105727585729E-1,
6.546088215041E-1,7.024688659483E-1,7.549870952997E-1,8.119341415420E-1,
8.750099811530E-1,9.402831684124E-1,1.E0,1.004950665837E0),.UNSPECIFIED.)GEOMETRIC_REPRESENTATION_ITEM()RATIONAL_B_SPLINE_SURFACE(((1.195842083948E0,
1.195842083948E0,1.195842083948E0,1.195842083948E0,1.195842083948E0,
1.195842083948E0,1.195842083948E0,1.195842083948E0,1.195842083948E0,
1.195842083948E0,1.195842083948E0,1.195842083948E0),(9.347193053506E-1,
9.347193053506E-1,9.347193053506E-1,9.347193053506E-1,9.347193053506E-1,
9.347193053506E-1,9.347193053506E-1,9.347193053506E-1,9.347193053506E-1,
9.347193053506E-1,9.347193053506E-1,9.347193053506E-1),(9.347193053506E-1,
9.347193053506E-1,9.347193053506E-1,9.347193053506E-1,9.347193053506E-1,
9.347193053506E-1,9.347193053506E-1,9.347193053506E-1,9.347193053506E-1,
9.347193053506E-1,9.347193053506E-1,9.347193053506E-1),(1.195842083948E0,
1.195842083948E0,1.195842083948E0,1.195842083948E0,1.195842083948E0,
1.195842083948E0,1.195842083948E0,1.195842083948E0,1.195842083948E0,
1.195842083948E0,1.195842083948E0,1.195842083948E0)))REPRESENTATION_ITEM('')SURFACE());
#9401=ORIENTED_EDGE('',*,*,#8088,.T.);
#9402=ORIENTED_EDGE('',*,*,#8118,.T.);
#9403=ORIENTED_EDGE('',*,*,#9332,.F.);
#9405=ORIENTED_EDGE('',*,*,#9404,.F.);
#9406=EDGE_LOOP('',(#9401,#9402,#9403,#9405));
#9407=FACE_OUTER_BOUND('',#9406,.F.);
#9408=ADVANCED_FACE('',(#9407),#9400,.F.);
#9409=FILL_AREA_STYLE_COLOUR('',#2);
#9410=FILL_AREA_STYLE('',(#9409));
#9411=SURFACE_STYLE_FILL_AREA(#9410);
#9412=SURFACE_SIDE_STYLE('',(#9411));
#9413=SURFACE_STYLE_USAGE(.POSITIVE.,#9412);
#9414=FILL_AREA_STYLE_COLOUR('',#1);
#9415=FILL_AREA_STYLE('',(#9414));
#9416=SURFACE_STYLE_FILL_AREA(#9415);
#9417=SURFACE_SIDE_STYLE('',(#9416));
#9418=SURFACE_STYLE_USAGE(.NEGATIVE.,#9417);
#9419=PRESENTATION_STYLE_ASSIGNMENT((#9413,#9418));
#9420=STYLED_ITEM('',(#9419),#9408);
#9421=CARTESIAN_POINT('',(4.75E-1,-6.47958E0,-1.6E0));
#9422=DIRECTION('',(0.E0,1.E0,0.E0));
#9423=DIRECTION('',(0.E0,0.E0,1.E0));
#9424=AXIS2_PLACEMENT_3D('',#9421,#9422,#9423);
#9425=CYLINDRICAL_SURFACE('',#9424,1.5E-1);
#9426=ORIENTED_EDGE('',*,*,#8090,.T.);
#9427=ORIENTED_EDGE('',*,*,#9404,.T.);
#9428=ORIENTED_EDGE('',*,*,#9309,.F.);
#9429=ORIENTED_EDGE('',*,*,#9153,.T.);
#9430=ORIENTED_EDGE('',*,*,#8043,.T.);
#9431=EDGE_LOOP('',(#9426,#9427,#9428,#9429,#9430));
#9432=FACE_OUTER_BOUND('',#9431,.F.);
#9433=ADVANCED_FACE('',(#9432),#9425,.T.);
#9434=FILL_AREA_STYLE_COLOUR('',#2);
#9435=FILL_AREA_STYLE('',(#9434));
#9436=SURFACE_STYLE_FILL_AREA(#9435);
#9437=SURFACE_SIDE_STYLE('',(#9436));
#9438=SURFACE_STYLE_USAGE(.POSITIVE.,#9437);
#9439=FILL_AREA_STYLE_COLOUR('',#1);
#9440=FILL_AREA_STYLE('',(#9439));
#9441=SURFACE_STYLE_FILL_AREA(#9440);
#9442=SURFACE_SIDE_STYLE('',(#9441));
#9443=SURFACE_STYLE_USAGE(.NEGATIVE.,#9442);
#9444=PRESENTATION_STYLE_ASSIGNMENT((#9438,#9443));
#9445=STYLED_ITEM('',(#9444),#9433);
#9446=CARTESIAN_POINT('',(7.75E-1,-4.5E-1,-1.971686346440E0));
#9447=DIRECTION('',(-1.E0,0.E0,0.E0));
#9448=DIRECTION('',(0.E0,-8.037709399225E-1,5.949388843706E-1));
#9449=AXIS2_PLACEMENT_3D('',#9446,#9447,#9448);
#9450=TOROIDAL_SURFACE('',#9449,4.E-1,1.5E-1);
#9451=ORIENTED_EDGE('',*,*,#9304,.F.);
#9452=ORIENTED_EDGE('',*,*,#9335,.T.);
#9454=ORIENTED_EDGE('',*,*,#9453,.T.);
#9455=ORIENTED_EDGE('',*,*,#9278,.F.);
#9456=EDGE_LOOP('',(#9451,#9452,#9454,#9455));
#9457=FACE_OUTER_BOUND('',#9456,.F.);
#9458=ADVANCED_FACE('',(#9457),#9450,.F.);
#9459=FILL_AREA_STYLE_COLOUR('',#2);
#9460=FILL_AREA_STYLE('',(#9459));
#9461=SURFACE_STYLE_FILL_AREA(#9460);
#9462=SURFACE_SIDE_STYLE('',(#9461));
#9463=SURFACE_STYLE_USAGE(.POSITIVE.,#9462);
#9464=FILL_AREA_STYLE_COLOUR('',#1);
#9465=FILL_AREA_STYLE('',(#9464));
#9466=SURFACE_STYLE_FILL_AREA(#9465);
#9467=SURFACE_SIDE_STYLE('',(#9466));
#9468=SURFACE_STYLE_USAGE(.NEGATIVE.,#9467);
#9469=PRESENTATION_STYLE_ASSIGNMENT((#9463,#9468));
#9470=STYLED_ITEM('',(#9469),#9458);
#9471=CARTESIAN_POINT('',(1.136268E1,-4.5E-1,-1.971686346440E0));
#9472=DIRECTION('',(-1.E0,0.E0,0.E0));
#9473=DIRECTION('',(0.E0,-1.E0,0.E0));
#9474=AXIS2_PLACEMENT_3D('',#9471,#9472,#9473);
#9475=CYLINDRICAL_SURFACE('',#9474,2.5E-1);
#9476=ORIENTED_EDGE('',*,*,#9453,.F.);
#9477=ORIENTED_EDGE('',*,*,#8114,.F.);
#9479=ORIENTED_EDGE('',*,*,#9478,.F.);
#9480=ORIENTED_EDGE('',*,*,#9251,.T.);
#9481=EDGE_LOOP('',(#9476,#9477,#9479,#9480));
#9482=FACE_OUTER_BOUND('',#9481,.F.);
#9483=ADVANCED_FACE('',(#9482),#9475,.T.);
#9484=FILL_AREA_STYLE_COLOUR('',#2);
#9485=FILL_AREA_STYLE('',(#9484));
#9486=SURFACE_STYLE_FILL_AREA(#9485);
#9487=SURFACE_SIDE_STYLE('',(#9486));
#9488=SURFACE_STYLE_USAGE(.POSITIVE.,#9487);
#9489=FILL_AREA_STYLE_COLOUR('',#1);
#9490=FILL_AREA_STYLE('',(#9489));
#9491=SURFACE_STYLE_FILL_AREA(#9490);
#9492=SURFACE_SIDE_STYLE('',(#9491));
#9493=SURFACE_STYLE_USAGE(.NEGATIVE.,#9492);
#9494=PRESENTATION_STYLE_ASSIGNMENT((#9488,#9493));
#9495=STYLED_ITEM('',(#9494),#9483);
#9496=CARTESIAN_POINT('',(1.075E0,-4.5E-1,-1.971686346440E0));
#9497=DIRECTION('',(-1.E0,0.E0,0.E0));
#9498=DIRECTION('',(0.E0,-9.984663788686E-1,-5.536145110994E-2));
#9499=AXIS2_PLACEMENT_3D('',#9496,#9497,#9498);
#9500=TOROIDAL_SURFACE('',#9499,4.E-1,1.5E-1);
#9502=ORIENTED_EDGE('',*,*,#9501,.F.);
#9504=ORIENTED_EDGE('',*,*,#9503,.T.);
#9505=ORIENTED_EDGE('',*,*,#9478,.T.);
#9507=ORIENTED_EDGE('',*,*,#9506,.F.);
#9508=EDGE_LOOP('',(#9502,#9504,#9505,#9507));
#9509=FACE_OUTER_BOUND('',#9508,.F.);
#9510=ADVANCED_FACE('',(#9509),#9500,.F.);
#9511=FILL_AREA_STYLE_COLOUR('',#2);
#9512=FILL_AREA_STYLE('',(#9511));
#9513=SURFACE_STYLE_FILL_AREA(#9512);
#9514=SURFACE_SIDE_STYLE('',(#9513));
#9515=SURFACE_STYLE_USAGE(.POSITIVE.,#9514);
#9516=FILL_AREA_STYLE_COLOUR('',#1);
#9517=FILL_AREA_STYLE('',(#9516));
#9518=SURFACE_STYLE_FILL_AREA(#9517);
#9519=SURFACE_SIDE_STYLE('',(#9518));
#9520=SURFACE_STYLE_USAGE(.NEGATIVE.,#9519);
#9521=PRESENTATION_STYLE_ASSIGNMENT((#9515,#9520));
#9522=STYLED_ITEM('',(#9521),#9510);
#9523=CARTESIAN_POINT('',(1.225E0,0.E0,0.E0));
#9524=DIRECTION('',(-1.E0,0.E0,0.E0));
#9525=DIRECTION('',(0.E0,0.E0,1.E0));
#9526=AXIS2_PLACEMENT_3D('',#9523,#9524,#9525);
#9527=PLANE('',#9526);
#9529=ORIENTED_EDGE('',*,*,#9528,.T.);
#9530=ORIENTED_EDGE('',*,*,#8214,.T.);
#9531=ORIENTED_EDGE('',*,*,#8238,.T.);
#9532=ORIENTED_EDGE('',*,*,#8267,.F.);
#9534=ORIENTED_EDGE('',*,*,#9533,.T.);
#9535=ORIENTED_EDGE('',*,*,#9501,.T.);
#9536=EDGE_LOOP('',(#9529,#9530,#9531,#9532,#9534,#9535));
#9537=FACE_OUTER_BOUND('',#9536,.F.);
#9538=ADVANCED_FACE('',(#9537),#9527,.T.);
#9539=FILL_AREA_STYLE_COLOUR('',#2);
#9540=FILL_AREA_STYLE('',(#9539));
#9541=SURFACE_STYLE_FILL_AREA(#9540);
#9542=SURFACE_SIDE_STYLE('',(#9541));
#9543=SURFACE_STYLE_USAGE(.POSITIVE.,#9542);
#9544=FILL_AREA_STYLE_COLOUR('',#1);
#9545=FILL_AREA_STYLE('',(#9544));
#9546=SURFACE_STYLE_FILL_AREA(#9545);
#9547=SURFACE_SIDE_STYLE('',(#9546));
#9548=SURFACE_STYLE_USAGE(.NEGATIVE.,#9547);
#9549=PRESENTATION_STYLE_ASSIGNMENT((#9543,#9548));
#9550=STYLED_ITEM('',(#9549),#9538);
#9551=CARTESIAN_POINT('',(1.075E0,-7.996433134021E-1,-1.776400647805E0));
#9552=DIRECTION('',(0.E0,5.299192642332E-1,8.480480961564E-1));
#9553=DIRECTION('',(1.E0,0.E0,0.E0));
#9554=AXIS2_PLACEMENT_3D('',#9551,#9552,#9553);
#9555=CYLINDRICAL_SURFACE('',#9554,1.5E-1);
#9556=ORIENTED_EDGE('',*,*,#9528,.F.);
#9557=ORIENTED_EDGE('',*,*,#9506,.T.);
#9558=ORIENTED_EDGE('',*,*,#8112,.T.);
#9559=ORIENTED_EDGE('',*,*,#8186,.F.);
#9560=EDGE_LOOP('',(#9556,#9557,#9558,#9559));
#9561=FACE_OUTER_BOUND('',#9560,.F.);
#9562=ADVANCED_FACE('',(#9561),#9555,.F.);
#9563=FILL_AREA_STYLE_COLOUR('',#2);
#9564=FILL_AREA_STYLE('',(#9563));
#9565=SURFACE_STYLE_FILL_AREA(#9564);
#9566=SURFACE_SIDE_STYLE('',(#9565));
#9567=SURFACE_STYLE_USAGE(.POSITIVE.,#9566);
#9568=FILL_AREA_STYLE_COLOUR('',#1);
#9569=FILL_AREA_STYLE('',(#9568));
#9570=SURFACE_STYLE_FILL_AREA(#9569);
#9571=SURFACE_SIDE_STYLE('',(#9570));
#9572=SURFACE_STYLE_USAGE(.NEGATIVE.,#9571);
#9573=PRESENTATION_STYLE_ASSIGNMENT((#9567,#9572));
#9574=STYLED_ITEM('',(#9573),#9562);
#9575=CARTESIAN_POINT('',(1.075E0,-8.5E-1,-2.364515283789E0));
#9576=DIRECTION('',(0.E0,0.E0,1.E0));
#9577=DIRECTION('',(1.E0,0.E0,0.E0));
#9578=AXIS2_PLACEMENT_3D('',#9575,#9576,#9577);
#9579=CYLINDRICAL_SURFACE('',#9578,1.5E-1);
#9580=ORIENTED_EDGE('',*,*,#9253,.T.);
#9581=ORIENTED_EDGE('',*,*,#9503,.F.);
#9582=ORIENTED_EDGE('',*,*,#9533,.F.);
#9583=ORIENTED_EDGE('',*,*,#8297,.T.);
#9584=EDGE_LOOP('',(#9580,#9581,#9582,#9583));
#9585=FACE_OUTER_BOUND('',#9584,.F.);
#9586=ADVANCED_FACE('',(#9585),#9579,.F.);
#9587=FILL_AREA_STYLE_COLOUR('',#2);
#9588=FILL_AREA_STYLE('',(#9587));
#9589=SURFACE_STYLE_FILL_AREA(#9588);
#9590=SURFACE_SIDE_STYLE('',(#9589));
#9591=SURFACE_STYLE_USAGE(.POSITIVE.,#9590);
#9592=FILL_AREA_STYLE_COLOUR('',#1);
#9593=FILL_AREA_STYLE('',(#9592));
#9594=SURFACE_STYLE_FILL_AREA(#9593);
#9595=SURFACE_SIDE_STYLE('',(#9594));
#9596=SURFACE_STYLE_USAGE(.NEGATIVE.,#9595);
#9597=PRESENTATION_STYLE_ASSIGNMENT((#9591,#9596));
#9598=STYLED_ITEM('',(#9597),#9586);
#9599=CARTESIAN_POINT('',(-4.75E-1,8.12958E0,-2.35E0));
#9600=DIRECTION('',(0.E0,-1.E0,0.E0));
#9601=DIRECTION('',(-1.E0,0.E0,0.E0));
#9602=AXIS2_PLACEMENT_3D('',#9599,#9600,#9601);
#9603=CYLINDRICAL_SURFACE('',#9602,1.5E-1);
#9605=ORIENTED_EDGE('',*,*,#9604,.F.);
#9606=ORIENTED_EDGE('',*,*,#9023,.T.);
#9607=ORIENTED_EDGE('',*,*,#9148,.T.);
#9608=ORIENTED_EDGE('',*,*,#8339,.F.);
#9609=EDGE_LOOP('',(#9605,#9606,#9607,#9608));
#9610=FACE_OUTER_BOUND('',#9609,.F.);
#9611=ADVANCED_FACE('',(#9610),#9603,.T.);
#9612=FILL_AREA_STYLE_COLOUR('',#2);
#9613=FILL_AREA_STYLE('',(#9612));
#9614=SURFACE_STYLE_FILL_AREA(#9613);
#9615=SURFACE_SIDE_STYLE('',(#9614));
#9616=SURFACE_STYLE_USAGE(.POSITIVE.,#9615);
#9617=FILL_AREA_STYLE_COLOUR('',#1);
#9618=FILL_AREA_STYLE('',(#9617));
#9619=SURFACE_STYLE_FILL_AREA(#9618);
#9620=SURFACE_SIDE_STYLE('',(#9619));
#9621=SURFACE_STYLE_USAGE(.NEGATIVE.,#9620);
#9622=PRESENTATION_STYLE_ASSIGNMENT((#9616,#9621));
#9623=STYLED_ITEM('',(#9622),#9611);
#9624=CARTESIAN_POINT('',(-7.75E-1,-8.5E-1,-2.35E0));
#9625=DIRECTION('',(0.E0,0.E0,1.E0));
#9626=DIRECTION('',(0.E0,1.E0,0.E0));
#9627=AXIS2_PLACEMENT_3D('',#9624,#9625,#9626);
#9628=TOROIDAL_SURFACE('',#9627,3.E-1,1.5E-1);
#9629=ORIENTED_EDGE('',*,*,#9604,.T.);
#9630=ORIENTED_EDGE('',*,*,#8337,.T.);
#9631=ORIENTED_EDGE('',*,*,#8717,.F.);
#9633=ORIENTED_EDGE('',*,*,#9632,.F.);
#9634=EDGE_LOOP('',(#9629,#9630,#9631,#9633));
#9635=FACE_OUTER_BOUND('',#9634,.F.);
#9636=ADVANCED_FACE('',(#9635),#9628,.T.);
#9637=FILL_AREA_STYLE_COLOUR('',#2);
#9638=FILL_AREA_STYLE('',(#9637));
#9639=SURFACE_STYLE_FILL_AREA(#9638);
#9640=SURFACE_SIDE_STYLE('',(#9639));
#9641=SURFACE_STYLE_USAGE(.POSITIVE.,#9640);
#9642=FILL_AREA_STYLE_COLOUR('',#1);
#9643=FILL_AREA_STYLE('',(#9642));
#9644=SURFACE_STYLE_FILL_AREA(#9643);
#9645=SURFACE_SIDE_STYLE('',(#9644));
#9646=SURFACE_STYLE_USAGE(.NEGATIVE.,#9645);
#9647=PRESENTATION_STYLE_ASSIGNMENT((#9641,#9646));
#9648=STYLED_ITEM('',(#9647),#9636);
#9649=CARTESIAN_POINT('',(-7.75E-1,-8.5E-1,-2.364515283789E0));
#9650=DIRECTION('',(0.E0,0.E0,1.E0));
#9651=DIRECTION('',(1.E0,0.E0,0.E0));
#9652=AXIS2_PLACEMENT_3D('',#9649,#9650,#9651);
#9653=CYLINDRICAL_SURFACE('',#9652,1.5E-1);
#9654=ORIENTED_EDGE('',*,*,#8744,.T.);
#9655=ORIENTED_EDGE('',*,*,#8993,.F.);
#9656=ORIENTED_EDGE('',*,*,#9025,.F.);
#9657=ORIENTED_EDGE('',*,*,#9632,.T.);
#9658=EDGE_LOOP('',(#9654,#9655,#9656,#9657));
#9659=FACE_OUTER_BOUND('',#9658,.F.);
#9660=ADVANCED_FACE('',(#9659),#9653,.F.);
#9661=FILL_AREA_STYLE_COLOUR('',#2);
#9662=FILL_AREA_STYLE('',(#9661));
#9663=SURFACE_STYLE_FILL_AREA(#9662);
#9664=SURFACE_SIDE_STYLE('',(#9663));
#9665=SURFACE_STYLE_USAGE(.POSITIVE.,#9664);
#9666=FILL_AREA_STYLE_COLOUR('',#1);
#9667=FILL_AREA_STYLE('',(#9666));
#9668=SURFACE_STYLE_FILL_AREA(#9667);
#9669=SURFACE_SIDE_STYLE('',(#9668));
#9670=SURFACE_STYLE_USAGE(.NEGATIVE.,#9669);
#9671=PRESENTATION_STYLE_ASSIGNMENT((#9665,#9670));
#9672=STYLED_ITEM('',(#9671),#9660);
#9673=CARTESIAN_POINT('',(-3.15E0,0.E0,-1.85E0));
#9674=DIRECTION('',(1.E0,0.E0,0.E0));
#9675=DIRECTION('',(0.E0,-1.E0,0.E0));
#9676=AXIS2_PLACEMENT_3D('',#9673,#9674,#9675);
#9677=PLANE('',#9676);
#9678=ORIENTED_EDGE('',*,*,#8436,.F.);
#9679=ORIENTED_EDGE('',*,*,#8479,.T.);
#9680=ORIENTED_EDGE('',*,*,#8507,.T.);
#9681=ORIENTED_EDGE('',*,*,#8408,.T.);
#9682=EDGE_LOOP('',(#9678,#9679,#9680,#9681));
#9683=FACE_OUTER_BOUND('',#9682,.F.);
#9684=ADVANCED_FACE('',(#9683),#9677,.F.);
#9685=FILL_AREA_STYLE_COLOUR('',#2);
#9686=FILL_AREA_STYLE('',(#9685));
#9687=SURFACE_STYLE_FILL_AREA(#9686);
#9688=SURFACE_SIDE_STYLE('',(#9687));
#9689=SURFACE_STYLE_USAGE(.POSITIVE.,#9688);
#9690=FILL_AREA_STYLE_COLOUR('',#1);
#9691=FILL_AREA_STYLE('',(#9690));
#9692=SURFACE_STYLE_FILL_AREA(#9691);
#9693=SURFACE_SIDE_STYLE('',(#9692));
#9694=SURFACE_STYLE_USAGE(.NEGATIVE.,#9693);
#9695=PRESENTATION_STYLE_ASSIGNMENT((#9689,#9694));
#9696=STYLED_ITEM('',(#9695),#9684);
#9697=CARTESIAN_POINT('',(2.45E0,8.132832680592E0,-2.3E0));
#9698=DIRECTION('',(0.E0,-1.E0,0.E0));
#9699=DIRECTION('',(0.E0,0.E0,-1.E0));
#9700=AXIS2_PLACEMENT_3D('',#9697,#9698,#9699);
#9701=CYLINDRICAL_SURFACE('',#9700,2.E-1);
#9702=ORIENTED_EDGE('',*,*,#8440,.F.);
#9703=ORIENTED_EDGE('',*,*,#8352,.T.);
#9704=ORIENTED_EDGE('',*,*,#8246,.T.);
#9706=ORIENTED_EDGE('',*,*,#9705,.F.);
#9707=EDGE_LOOP('',(#9702,#9703,#9704,#9706));
#9708=FACE_OUTER_BOUND('',#9707,.F.);
#9709=ADVANCED_FACE('',(#9708),#9701,.T.);
#9710=FILL_AREA_STYLE_COLOUR('',#2);
#9711=FILL_AREA_STYLE('',(#9710));
#9712=SURFACE_STYLE_FILL_AREA(#9711);
#9713=SURFACE_SIDE_STYLE('',(#9712));
#9714=SURFACE_STYLE_USAGE(.POSITIVE.,#9713);
#9715=FILL_AREA_STYLE_COLOUR('',#1);
#9716=FILL_AREA_STYLE('',(#9715));
#9717=SURFACE_STYLE_FILL_AREA(#9716);
#9718=SURFACE_SIDE_STYLE('',(#9717));
#9719=SURFACE_STYLE_USAGE(.NEGATIVE.,#9718);
#9720=PRESENTATION_STYLE_ASSIGNMENT((#9714,#9719));
#9721=STYLED_ITEM('',(#9720),#9709);
#9722=CARTESIAN_POINT('',(2.65E0,0.E0,-3.041858898241E0));
#9723=DIRECTION('',(-1.E0,0.E0,0.E0));
#9724=DIRECTION('',(0.E0,0.E0,1.E0));
#9725=AXIS2_PLACEMENT_3D('',#9722,#9723,#9724);
#9726=PLANE('',#9725);
#9727=ORIENTED_EDGE('',*,*,#8442,.F.);
#9728=ORIENTED_EDGE('',*,*,#9705,.T.);
#9729=ORIENTED_EDGE('',*,*,#8244,.T.);
#9731=ORIENTED_EDGE('',*,*,#9730,.T.);
#9732=EDGE_LOOP('',(#9727,#9728,#9729,#9731));
#9733=FACE_OUTER_BOUND('',#9732,.F.);
#9734=ADVANCED_FACE('',(#9733),#9726,.F.);
#9735=FILL_AREA_STYLE_COLOUR('',#2);
#9736=FILL_AREA_STYLE('',(#9735));
#9737=SURFACE_STYLE_FILL_AREA(#9736);
#9738=SURFACE_SIDE_STYLE('',(#9737));
#9739=SURFACE_STYLE_USAGE(.POSITIVE.,#9738);
#9740=FILL_AREA_STYLE_COLOUR('',#1);
#9741=FILL_AREA_STYLE('',(#9740));
#9742=SURFACE_STYLE_FILL_AREA(#9741);
#9743=SURFACE_SIDE_STYLE('',(#9742));
#9744=SURFACE_STYLE_USAGE(.NEGATIVE.,#9743);
#9745=PRESENTATION_STYLE_ASSIGNMENT((#9739,#9744));
#9746=STYLED_ITEM('',(#9745),#9734);
#9747=CARTESIAN_POINT('',(2.4E0,-6.E-1,-1.675E0));
#9748=DIRECTION('',(6.689647316224E-1,0.E0,7.432941462472E-1));
#9749=DIRECTION('',(7.432941462472E-1,0.E0,-6.689647316224E-1));
#9750=AXIS2_PLACEMENT_3D('',#9747,#9748,#9749);
#9751=PLANE('',#9750);
#9752=ORIENTED_EDGE('',*,*,#8444,.T.);
#9753=ORIENTED_EDGE('',*,*,#9730,.F.);
#9754=ORIENTED_EDGE('',*,*,#8242,.T.);
#9755=ORIENTED_EDGE('',*,*,#7925,.F.);
#9757=ORIENTED_EDGE('',*,*,#9756,.F.);
#9759=ORIENTED_EDGE('',*,*,#9758,.T.);
#9760=EDGE_LOOP('',(#9752,#9753,#9754,#9755,#9757,#9759));
#9761=FACE_OUTER_BOUND('',#9760,.F.);
#9762=ADVANCED_FACE('',(#9761),#9751,.T.);
#9763=FILL_AREA_STYLE_COLOUR('',#2);
#9764=FILL_AREA_STYLE('',(#9763));
#9765=SURFACE_STYLE_FILL_AREA(#9764);
#9766=SURFACE_SIDE_STYLE('',(#9765));
#9767=SURFACE_STYLE_USAGE(.POSITIVE.,#9766);
#9768=FILL_AREA_STYLE_COLOUR('',#1);
#9769=FILL_AREA_STYLE('',(#9768));
#9770=SURFACE_STYLE_FILL_AREA(#9769);
#9771=SURFACE_SIDE_STYLE('',(#9770));
#9772=SURFACE_STYLE_USAGE(.NEGATIVE.,#9771);
#9773=PRESENTATION_STYLE_ASSIGNMENT((#9767,#9772));
#9774=STYLED_ITEM('',(#9773),#9762);
#9775=CARTESIAN_POINT('',(2.25E0,2.E-1,-1.664091669194E0));
#9776=DIRECTION('',(0.E0,0.E0,1.E0));
#9777=DIRECTION('',(-1.E0,0.E0,0.E0));
#9778=AXIS2_PLACEMENT_3D('',#9775,#9776,#9777);
#9779=CYLINDRICAL_SURFACE('',#9778,2.E-1);
#9781=ORIENTED_EDGE('',*,*,#9780,.F.);
#9783=ORIENTED_EDGE('',*,*,#9782,.T.);
#9785=ORIENTED_EDGE('',*,*,#9784,.T.);
#9786=ORIENTED_EDGE('',*,*,#9756,.T.);
#9787=ORIENTED_EDGE('',*,*,#7923,.T.);
#9788=EDGE_LOOP('',(#9781,#9783,#9785,#9786,#9787));
#9789=FACE_OUTER_BOUND('',#9788,.F.);
#9790=ADVANCED_FACE('',(#9789),#9779,.F.);
#9791=FILL_AREA_STYLE_COLOUR('',#3);
#9792=FILL_AREA_STYLE('',(#9791));
#9793=SURFACE_STYLE_FILL_AREA(#9792);
#9794=SURFACE_SIDE_STYLE('',(#9793));
#9795=SURFACE_STYLE_USAGE(.POSITIVE.,#9794);
#9796=FILL_AREA_STYLE_COLOUR('',#1);
#9797=FILL_AREA_STYLE('',(#9796));
#9798=SURFACE_STYLE_FILL_AREA(#9797);
#9799=SURFACE_SIDE_STYLE('',(#9798));
#9800=SURFACE_STYLE_USAGE(.NEGATIVE.,#9799);
#9801=PRESENTATION_STYLE_ASSIGNMENT((#9795,#9800));
#9802=STYLED_ITEM('',(#9801),#9790);
#9803=CARTESIAN_POINT('',(2.05E0,0.E0,-1.85E0));
#9804=DIRECTION('',(-1.E0,0.E0,0.E0));
#9805=DIRECTION('',(0.E0,1.E0,0.E0));
#9806=AXIS2_PLACEMENT_3D('',#9803,#9804,#9805);
#9807=PLANE('',#9806);
#9808=ORIENTED_EDGE('',*,*,#9780,.T.);
#9809=ORIENTED_EDGE('',*,*,#7921,.T.);
#9811=ORIENTED_EDGE('',*,*,#9810,.F.);
#9813=ORIENTED_EDGE('',*,*,#9812,.T.);
#9814=EDGE_LOOP('',(#9808,#9809,#9811,#9813));
#9815=FACE_OUTER_BOUND('',#9814,.F.);
#9816=ADVANCED_FACE('',(#9815),#9807,.F.);
#9817=FILL_AREA_STYLE_COLOUR('',#3);
#9818=FILL_AREA_STYLE('',(#9817));
#9819=SURFACE_STYLE_FILL_AREA(#9818);
#9820=SURFACE_SIDE_STYLE('',(#9819));
#9821=SURFACE_STYLE_USAGE(.POSITIVE.,#9820);
#9822=FILL_AREA_STYLE_COLOUR('',#1);
#9823=FILL_AREA_STYLE('',(#9822));
#9824=SURFACE_STYLE_FILL_AREA(#9823);
#9825=SURFACE_SIDE_STYLE('',(#9824));
#9826=SURFACE_STYLE_USAGE(.NEGATIVE.,#9825);
#9827=PRESENTATION_STYLE_ASSIGNMENT((#9821,#9826));
#9828=STYLED_ITEM('',(#9827),#9816);
#9829=CARTESIAN_POINT('',(0.E0,8.E-1,-1.85E0));
#9830=DIRECTION('',(0.E0,0.E0,1.E0));
#9831=DIRECTION('',(1.E0,0.E0,0.E0));
#9832=AXIS2_PLACEMENT_3D('',#9829,#9830,#9831);
#9833=CYLINDRICAL_SURFACE('',#9832,2.05E0);
#9835=ORIENTED_EDGE('',*,*,#9834,.T.);
#9836=ORIENTED_EDGE('',*,*,#9810,.T.);
#9837=ORIENTED_EDGE('',*,*,#7919,.T.);
#9839=ORIENTED_EDGE('',*,*,#9838,.F.);
#9840=EDGE_LOOP('',(#9835,#9836,#9837,#9839));
#9841=FACE_OUTER_BOUND('',#9840,.F.);
#9842=ADVANCED_FACE('',(#9841),#9833,.T.);
#9843=FILL_AREA_STYLE_COLOUR('',#3);
#9844=FILL_AREA_STYLE('',(#9843));
#9845=SURFACE_STYLE_FILL_AREA(#9844);
#9846=SURFACE_SIDE_STYLE('',(#9845));
#9847=SURFACE_STYLE_USAGE(.POSITIVE.,#9846);
#9848=FILL_AREA_STYLE_COLOUR('',#1);
#9849=FILL_AREA_STYLE('',(#9848));
#9850=SURFACE_STYLE_FILL_AREA(#9849);
#9851=SURFACE_SIDE_STYLE('',(#9850));
#9852=SURFACE_STYLE_USAGE(.NEGATIVE.,#9851);
#9853=PRESENTATION_STYLE_ASSIGNMENT((#9847,#9852));
#9854=STYLED_ITEM('',(#9853),#9842);
#9855=CARTESIAN_POINT('',(0.E0,8.E-1,-1.65E0));
#9856=DIRECTION('',(0.E0,0.E0,1.E0));
#9857=DIRECTION('',(-9.999539621976E-1,-9.595492964395E-3,0.E0));
#9858=AXIS2_PLACEMENT_3D('',#9855,#9856,#9857);
#9859=TOROIDAL_SURFACE('',#9858,1.85E0,2.E-1);
#9861=ORIENTED_EDGE('',*,*,#9860,.F.);
#9863=ORIENTED_EDGE('',*,*,#9862,.T.);
#9864=ORIENTED_EDGE('',*,*,#9834,.F.);
#9866=ORIENTED_EDGE('',*,*,#9865,.F.);
#9867=EDGE_LOOP('',(#9861,#9863,#9864,#9866));
#9868=FACE_OUTER_BOUND('',#9867,.F.);
#9869=ADVANCED_FACE('',(#9868),#9859,.T.);
#9870=FILL_AREA_STYLE_COLOUR('',#1);
#9871=FILL_AREA_STYLE('',(#9870));
#9872=SURFACE_STYLE_FILL_AREA(#9871);
#9873=SURFACE_SIDE_STYLE('',(#9872));
#9874=SURFACE_STYLE_USAGE(.BOTH.,#9873);
#9875=PRESENTATION_STYLE_ASSIGNMENT((#9874));
#9876=STYLED_ITEM('',(#9875),#9869);
#9877=CARTESIAN_POINT('',(0.E0,0.E0,-1.85E0));
#9878=DIRECTION('',(0.E0,0.E0,1.E0));
#9879=DIRECTION('',(1.E0,0.E0,0.E0));
#9880=AXIS2_PLACEMENT_3D('',#9877,#9878,#9879);
#9881=PLANE('',#9880);
#9883=ORIENTED_EDGE('',*,*,#9882,.F.);
#9884=ORIENTED_EDGE('',*,*,#9860,.T.);
#9886=ORIENTED_EDGE('',*,*,#9885,.F.);
#9888=ORIENTED_EDGE('',*,*,#9887,.F.);
#9890=ORIENTED_EDGE('',*,*,#9889,.T.);
#9892=ORIENTED_EDGE('',*,*,#9891,.F.);
#9894=ORIENTED_EDGE('',*,*,#9893,.F.);
#9896=ORIENTED_EDGE('',*,*,#9895,.F.);
#9898=ORIENTED_EDGE('',*,*,#9897,.T.);
#9900=ORIENTED_EDGE('',*,*,#9899,.F.);
#9901=EDGE_LOOP('',(#9883,#9884,#9886,#9888,#9890,#9892,#9894,#9896,#9898,
#9900));
#9902=FACE_OUTER_BOUND('',#9901,.F.);
#9903=ADVANCED_FACE('',(#9902),#9881,.T.);
#9904=FILL_AREA_STYLE_COLOUR('',#6);
#9905=FILL_AREA_STYLE('',(#9904));
#9906=SURFACE_STYLE_FILL_AREA(#9905);
#9907=SURFACE_SIDE_STYLE('',(#9906));
#9908=SURFACE_STYLE_USAGE(.BOTH.,#9907);
#9909=PRESENTATION_STYLE_ASSIGNMENT((#9908));
#9910=STYLED_ITEM('',(#9909),#9903);
#9911=CARTESIAN_POINT('',(1.85E0,8.196710624488E-1,-1.65E0));
#9912=DIRECTION('',(0.E0,-1.E0,0.E0));
#9913=DIRECTION('',(0.E0,0.E0,-1.E0));
#9914=AXIS2_PLACEMENT_3D('',#9911,#9912,#9913);
#9915=CYLINDRICAL_SURFACE('',#9914,2.E-1);
#9916=ORIENTED_EDGE('',*,*,#9882,.T.);
#9918=ORIENTED_EDGE('',*,*,#9917,.T.);
#9919=ORIENTED_EDGE('',*,*,#9812,.F.);
#9920=ORIENTED_EDGE('',*,*,#9862,.F.);
#9921=EDGE_LOOP('',(#9916,#9918,#9919,#9920));
#9922=FACE_OUTER_BOUND('',#9921,.F.);
#9923=ADVANCED_FACE('',(#9922),#9915,.T.);
#9924=FILL_AREA_STYLE_COLOUR('',#3);
#9925=FILL_AREA_STYLE('',(#9924));
#9926=SURFACE_STYLE_FILL_AREA(#9925);
#9927=SURFACE_SIDE_STYLE('',(#9926));
#9928=SURFACE_STYLE_USAGE(.POSITIVE.,#9927);
#9929=FILL_AREA_STYLE_COLOUR('',#1);
#9930=FILL_AREA_STYLE('',(#9929));
#9931=SURFACE_STYLE_FILL_AREA(#9930);
#9932=SURFACE_SIDE_STYLE('',(#9931));
#9933=SURFACE_STYLE_USAGE(.NEGATIVE.,#9932);
#9934=PRESENTATION_STYLE_ASSIGNMENT((#9928,#9933));
#9935=STYLED_ITEM('',(#9934),#9923);
#9936=CARTESIAN_POINT('',(1.85E0,2.E-1,-1.65E0));
#9937=DIRECTION('',(0.E0,-1.E0,0.E0));
#9938=DIRECTION('',(-7.251272165210E-2,0.E0,-9.973674875384E-1));
#9939=AXIS2_PLACEMENT_3D('',#9936,#9937,#9938);
#9940=TOROIDAL_SURFACE('',#9939,4.E-1,2.E-1);
#9941=ORIENTED_EDGE('',*,*,#9899,.T.);
#9943=ORIENTED_EDGE('',*,*,#9942,.T.);
#9945=ORIENTED_EDGE('',*,*,#9944,.T.);
#9946=ORIENTED_EDGE('',*,*,#9782,.F.);
#9947=ORIENTED_EDGE('',*,*,#9917,.F.);
#9948=EDGE_LOOP('',(#9941,#9943,#9945,#9946,#9947));
#9949=FACE_OUTER_BOUND('',#9948,.F.);
#9950=ADVANCED_FACE('',(#9949),#9940,.F.);
#9951=FILL_AREA_STYLE_COLOUR('',#1);
#9952=FILL_AREA_STYLE('',(#9951));
#9953=SURFACE_STYLE_FILL_AREA(#9952);
#9954=SURFACE_SIDE_STYLE('',(#9953));
#9955=SURFACE_STYLE_USAGE(.BOTH.,#9954);
#9956=PRESENTATION_STYLE_ASSIGNMENT((#9955));
#9957=STYLED_ITEM('',(#9956),#9950);
#9958=CARTESIAN_POINT('',(1.109214E1,1.5E-1,-2.E0));
#9959=DIRECTION('',(-1.E0,0.E0,0.E0));
#9960=DIRECTION('',(0.E0,-1.E0,0.E0));
#9961=AXIS2_PLACEMENT_3D('',#9958,#9959,#9960);
#9962=CYLINDRICAL_SURFACE('',#9961,1.5E-1);
#9964=ORIENTED_EDGE('',*,*,#9963,.T.);
#9965=ORIENTED_EDGE('',*,*,#9942,.F.);
#9966=ORIENTED_EDGE('',*,*,#9897,.F.);
#9968=ORIENTED_EDGE('',*,*,#9967,.T.);
#9969=EDGE_LOOP('',(#9964,#9965,#9966,#9968));
#9970=FACE_OUTER_BOUND('',#9969,.F.);
#9971=ADVANCED_FACE('',(#9970),#9962,.T.);
#9972=FILL_AREA_STYLE_COLOUR('',#6);
#9973=FILL_AREA_STYLE('',(#9972));
#9974=SURFACE_STYLE_FILL_AREA(#9973);
#9975=SURFACE_SIDE_STYLE('',(#9974));
#9976=SURFACE_STYLE_USAGE(.BOTH.,#9975);
#9977=PRESENTATION_STYLE_ASSIGNMENT((#9976));
#9978=STYLED_ITEM('',(#9977),#9971);
#9979=CARTESIAN_POINT('',(-2.05E0,0.E0,-1.85E0));
#9980=DIRECTION('',(0.E0,-1.E0,0.E0));
#9981=DIRECTION('',(-1.E0,0.E0,0.E0));
#9982=AXIS2_PLACEMENT_3D('',#9979,#9980,#9981);
#9983=PLANE('',#9982);
#9984=ORIENTED_EDGE('',*,*,#9963,.F.);
#9986=ORIENTED_EDGE('',*,*,#9985,.F.);
#9987=ORIENTED_EDGE('',*,*,#9758,.F.);
#9988=ORIENTED_EDGE('',*,*,#9784,.F.);
#9989=ORIENTED_EDGE('',*,*,#9944,.F.);
#9990=EDGE_LOOP('',(#9984,#9986,#9987,#9988,#9989));
#9991=FACE_OUTER_BOUND('',#9990,.F.);
#9992=ADVANCED_FACE('',(#9991),#9983,.F.);
#9993=FILL_AREA_STYLE_COLOUR('',#4);
#9994=FILL_AREA_STYLE('',(#9993));
#9995=SURFACE_STYLE_FILL_AREA(#9994);
#9996=SURFACE_SIDE_STYLE('',(#9995));
#9997=SURFACE_STYLE_USAGE(.POSITIVE.,#9996);
#9998=FILL_AREA_STYLE_COLOUR('',#1);
#9999=FILL_AREA_STYLE('',(#9998));
#10000=SURFACE_STYLE_FILL_AREA(#9999);
#10001=SURFACE_SIDE_STYLE('',(#10000));
#10002=SURFACE_STYLE_USAGE(.NEGATIVE.,#10001);
#10003=PRESENTATION_STYLE_ASSIGNMENT((#9997,#10002));
#10004=STYLED_ITEM('',(#10003),#9992);
#10005=CARTESIAN_POINT('',(2.3E0,1.5E-1,3.76526E0));
#10006=DIRECTION('',(0.E0,0.E0,-1.E0));
#10007=DIRECTION('',(0.E0,-1.E0,0.E0));
#10008=AXIS2_PLACEMENT_3D('',#10005,#10006,#10007);
#10009=CYLINDRICAL_SURFACE('',#10008,1.5E-1);
#10010=ORIENTED_EDGE('',*,*,#9985,.T.);
#10011=ORIENTED_EDGE('',*,*,#9967,.F.);
#10013=ORIENTED_EDGE('',*,*,#10012,.F.);
#10015=ORIENTED_EDGE('',*,*,#10014,.T.);
#10016=ORIENTED_EDGE('',*,*,#8446,.T.);
#10017=EDGE_LOOP('',(#10010,#10011,#10013,#10015,#10016));
#10018=FACE_OUTER_BOUND('',#10017,.F.);
#10019=ADVANCED_FACE('',(#10018),#10009,.T.);
#10020=FILL_AREA_STYLE_COLOUR('',#6);
#10021=FILL_AREA_STYLE('',(#10020));
#10022=SURFACE_STYLE_FILL_AREA(#10021);
#10023=SURFACE_SIDE_STYLE('',(#10022));
#10024=SURFACE_STYLE_USAGE(.BOTH.,#10023);
#10025=PRESENTATION_STYLE_ASSIGNMENT((#10024));
#10026=STYLED_ITEM('',(#10025),#10019);
#10027=CARTESIAN_POINT('',(2.15E0,-2.067242375439E0,5.E-2));
#10028=DIRECTION('',(1.E0,0.E0,0.E0));
#10029=DIRECTION('',(0.E0,1.E0,0.E0));
#10030=AXIS2_PLACEMENT_3D('',#10027,#10028,#10029);
#10031=PLANE('',#10030);
#10032=ORIENTED_EDGE('',*,*,#10012,.T.);
#10033=ORIENTED_EDGE('',*,*,#9895,.T.);
#10035=ORIENTED_EDGE('',*,*,#10034,.F.);
#10037=ORIENTED_EDGE('',*,*,#10036,.F.);
#10038=EDGE_LOOP('',(#10032,#10033,#10035,#10037));
#10039=FACE_OUTER_BOUND('',#10038,.F.);
#10040=ADVANCED_FACE('',(#10039),#10031,.F.);
#10041=FILL_AREA_STYLE_COLOUR('',#6);
#10042=FILL_AREA_STYLE('',(#10041));
#10043=SURFACE_STYLE_FILL_AREA(#10042);
#10044=SURFACE_SIDE_STYLE('',(#10043));
#10045=SURFACE_STYLE_USAGE(.BOTH.,#10044);
#10046=PRESENTATION_STYLE_ASSIGNMENT((#10045));
#10047=STYLED_ITEM('',(#10046),#10040);
#10048=CARTESIAN_POINT('',(0.E0,1.E0,5.E-2));
#10049=DIRECTION('',(0.E0,0.E0,1.E0));
#10050=DIRECTION('',(1.E0,0.E0,0.E0));
#10051=AXIS2_PLACEMENT_3D('',#10048,#10049,#10050);
#10052=CYLINDRICAL_SURFACE('',#10051,2.15E0);
#10054=ORIENTED_EDGE('',*,*,#10053,.F.);
#10055=ORIENTED_EDGE('',*,*,#10034,.T.);
#10056=ORIENTED_EDGE('',*,*,#9893,.T.);
#10058=ORIENTED_EDGE('',*,*,#10057,.F.);
#10059=EDGE_LOOP('',(#10054,#10055,#10056,#10058));
#10060=FACE_OUTER_BOUND('',#10059,.F.);
#10061=ADVANCED_FACE('',(#10060),#10052,.F.);
#10062=FILL_AREA_STYLE_COLOUR('',#6);
#10063=FILL_AREA_STYLE('',(#10062));
#10064=SURFACE_STYLE_FILL_AREA(#10063);
#10065=SURFACE_SIDE_STYLE('',(#10064));
#10066=SURFACE_STYLE_USAGE(.BOTH.,#10065);
#10067=PRESENTATION_STYLE_ASSIGNMENT((#10066));
#10068=STYLED_ITEM('',(#10067),#10061);
#10069=CARTESIAN_POINT('',(0.E0,0.E0,5.E-2));
#10070=DIRECTION('',(0.E0,0.E0,1.E0));
#10071=DIRECTION('',(1.E0,0.E0,0.E0));
#10072=AXIS2_PLACEMENT_3D('',#10069,#10070,#10071);
#10073=PLANE('',#10072);
#10075=ORIENTED_EDGE('',*,*,#10074,.F.);
#10077=ORIENTED_EDGE('',*,*,#10076,.F.);
#10078=ORIENTED_EDGE('',*,*,#8448,.F.);
#10079=ORIENTED_EDGE('',*,*,#10014,.F.);
#10080=ORIENTED_EDGE('',*,*,#10036,.T.);
#10081=ORIENTED_EDGE('',*,*,#10053,.T.);
#10083=ORIENTED_EDGE('',*,*,#10082,.F.);
#10085=ORIENTED_EDGE('',*,*,#10084,.F.);
#10086=ORIENTED_EDGE('',*,*,#8456,.F.);
#10088=ORIENTED_EDGE('',*,*,#10087,.F.);
#10090=ORIENTED_EDGE('',*,*,#10089,.F.);
#10092=ORIENTED_EDGE('',*,*,#10091,.T.);
#10093=EDGE_LOOP('',(#10075,#10077,#10078,#10079,#10080,#10081,#10083,#10085,
#10086,#10088,#10090,#10092));
#10094=FACE_OUTER_BOUND('',#10093,.F.);
#10095=ADVANCED_FACE('',(#10094),#10073,.T.);
#10096=FILL_AREA_STYLE_COLOUR('',#6);
#10097=FILL_AREA_STYLE('',(#10096));
#10098=SURFACE_STYLE_FILL_AREA(#10097);
#10099=SURFACE_SIDE_STYLE('',(#10098));
#10100=SURFACE_STYLE_USAGE(.BOTH.,#10099);
#10101=PRESENTATION_STYLE_ASSIGNMENT((#10100));
#10102=STYLED_ITEM('',(#10101),#10095);
#10103=CARTESIAN_POINT('',(3.05E0,3.6E0,4.012944E0));
#10104=DIRECTION('',(0.E0,0.E0,-1.E0));
#10105=DIRECTION('',(0.E0,1.E0,0.E0));
#10106=AXIS2_PLACEMENT_3D('',#10103,#10104,#10105);
#10107=CYLINDRICAL_SURFACE('',#10106,3.E-1);
#10109=ORIENTED_EDGE('',*,*,#10108,.T.);
#10111=ORIENTED_EDGE('',*,*,#10110,.F.);
#10112=ORIENTED_EDGE('',*,*,#10074,.T.);
#10114=ORIENTED_EDGE('',*,*,#10113,.T.);
#10115=EDGE_LOOP('',(#10109,#10111,#10112,#10114));
#10116=FACE_OUTER_BOUND('',#10115,.F.);
#10117=ADVANCED_FACE('',(#10116),#10107,.T.);
#10118=FILL_AREA_STYLE_COLOUR('',#6);
#10119=FILL_AREA_STYLE('',(#10118));
#10120=SURFACE_STYLE_FILL_AREA(#10119);
#10121=SURFACE_SIDE_STYLE('',(#10120));
#10122=SURFACE_STYLE_USAGE(.BOTH.,#10121);
#10123=PRESENTATION_STYLE_ASSIGNMENT((#10122));
#10124=STYLED_ITEM('',(#10123),#10117);
#10125=CARTESIAN_POINT('',(0.E0,0.E0,-2.99E0));
#10126=DIRECTION('',(0.E0,0.E0,1.E0));
#10127=DIRECTION('',(1.E0,0.E0,0.E0));
#10128=AXIS2_PLACEMENT_3D('',#10125,#10126,#10127);
#10129=PLANE('',#10128);
#10130=ORIENTED_EDGE('',*,*,#10108,.F.);
#10132=ORIENTED_EDGE('',*,*,#10131,.F.);
#10134=ORIENTED_EDGE('',*,*,#10133,.F.);
#10136=ORIENTED_EDGE('',*,*,#10135,.F.);
#10137=ORIENTED_EDGE('',*,*,#8452,.T.);
#10139=ORIENTED_EDGE('',*,*,#10138,.F.);
#10140=EDGE_LOOP('',(#10130,#10132,#10134,#10136,#10137,#10139));
#10141=FACE_OUTER_BOUND('',#10140,.F.);
#10142=ADVANCED_FACE('',(#10141),#10129,.F.);
#10143=FILL_AREA_STYLE_COLOUR('',#6);
#10144=FILL_AREA_STYLE('',(#10143));
#10145=SURFACE_STYLE_FILL_AREA(#10144);
#10146=SURFACE_SIDE_STYLE('',(#10145));
#10147=SURFACE_STYLE_USAGE(.BOTH.,#10146);
#10148=PRESENTATION_STYLE_ASSIGNMENT((#10147));
#10149=STYLED_ITEM('',(#10148),#10142);
#10150=CARTESIAN_POINT('',(3.075E0,3.9E0,-2.8E0));
#10151=DIRECTION('',(0.E0,1.E0,0.E0));
#10152=DIRECTION('',(-1.E0,0.E0,0.E0));
#10153=AXIS2_PLACEMENT_3D('',#10150,#10151,#10152);
#10154=PLANE('',#10153);
#10155=ORIENTED_EDGE('',*,*,#10113,.F.);
#10156=ORIENTED_EDGE('',*,*,#10091,.F.);
#10158=ORIENTED_EDGE('',*,*,#10157,.T.);
#10159=ORIENTED_EDGE('',*,*,#10131,.T.);
#10160=EDGE_LOOP('',(#10155,#10156,#10158,#10159));
#10161=FACE_OUTER_BOUND('',#10160,.F.);
#10162=ADVANCED_FACE('',(#10161),#10154,.T.);
#10163=FILL_AREA_STYLE_COLOUR('',#6);
#10164=FILL_AREA_STYLE('',(#10163));
#10165=SURFACE_STYLE_FILL_AREA(#10164);
#10166=SURFACE_SIDE_STYLE('',(#10165));
#10167=SURFACE_STYLE_USAGE(.BOTH.,#10166);
#10168=PRESENTATION_STYLE_ASSIGNMENT((#10167));
#10169=STYLED_ITEM('',(#10168),#10162);
#10170=CARTESIAN_POINT('',(-3.05E0,3.6E0,4.012944E0));
#10171=DIRECTION('',(0.E0,0.E0,-1.E0));
#10172=DIRECTION('',(-1.E0,0.E0,0.E0));
#10173=AXIS2_PLACEMENT_3D('',#10170,#10171,#10172);
#10174=CYLINDRICAL_SURFACE('',#10173,3.E-1);
#10175=ORIENTED_EDGE('',*,*,#10133,.T.);
#10176=ORIENTED_EDGE('',*,*,#10157,.F.);
#10177=ORIENTED_EDGE('',*,*,#10089,.T.);
#10179=ORIENTED_EDGE('',*,*,#10178,.T.);
#10180=EDGE_LOOP('',(#10175,#10176,#10177,#10179));
#10181=FACE_OUTER_BOUND('',#10180,.F.);
#10182=ADVANCED_FACE('',(#10181),#10174,.T.);
#10183=FILL_AREA_STYLE_COLOUR('',#6);
#10184=FILL_AREA_STYLE('',(#10183));
#10185=SURFACE_STYLE_FILL_AREA(#10184);
#10186=SURFACE_SIDE_STYLE('',(#10185));
#10187=SURFACE_STYLE_USAGE(.BOTH.,#10186);
#10188=PRESENTATION_STYLE_ASSIGNMENT((#10187));
#10189=STYLED_ITEM('',(#10188),#10182);
#10190=CARTESIAN_POINT('',(-3.35E0,3.9E0,-2.8E0));
#10191=DIRECTION('',(-1.E0,0.E0,0.E0));
#10192=DIRECTION('',(0.E0,-1.E0,0.E0));
#10193=AXIS2_PLACEMENT_3D('',#10190,#10191,#10192);
#10194=PLANE('',#10193);
#10195=ORIENTED_EDGE('',*,*,#10178,.F.);
#10196=ORIENTED_EDGE('',*,*,#10087,.T.);
#10197=ORIENTED_EDGE('',*,*,#8454,.F.);
#10198=ORIENTED_EDGE('',*,*,#10135,.T.);
#10199=EDGE_LOOP('',(#10195,#10196,#10197,#10198));
#10200=FACE_OUTER_BOUND('',#10199,.F.);
#10201=ADVANCED_FACE('',(#10200),#10194,.T.);
#10202=FILL_AREA_STYLE_COLOUR('',#6);
#10203=FILL_AREA_STYLE('',(#10202));
#10204=SURFACE_STYLE_FILL_AREA(#10203);
#10205=SURFACE_SIDE_STYLE('',(#10204));
#10206=SURFACE_STYLE_USAGE(.BOTH.,#10205);
#10207=PRESENTATION_STYLE_ASSIGNMENT((#10206));
#10208=STYLED_ITEM('',(#10207),#10201);
#10209=CARTESIAN_POINT('',(3.35E0,0.E0,-2.8E0));
#10210=DIRECTION('',(1.E0,0.E0,0.E0));
#10211=DIRECTION('',(0.E0,1.E0,0.E0));
#10212=AXIS2_PLACEMENT_3D('',#10209,#10210,#10211);
#10213=PLANE('',#10212);
#10214=ORIENTED_EDGE('',*,*,#10110,.T.);
#10215=ORIENTED_EDGE('',*,*,#10138,.T.);
#10216=ORIENTED_EDGE('',*,*,#8450,.T.);
#10217=ORIENTED_EDGE('',*,*,#10076,.T.);
#10218=EDGE_LOOP('',(#10214,#10215,#10216,#10217));
#10219=FACE_OUTER_BOUND('',#10218,.F.);
#10220=ADVANCED_FACE('',(#10219),#10213,.T.);
#10221=FILL_AREA_STYLE_COLOUR('',#6);
#10222=FILL_AREA_STYLE('',(#10221));
#10223=SURFACE_STYLE_FILL_AREA(#10222);
#10224=SURFACE_SIDE_STYLE('',(#10223));
#10225=SURFACE_STYLE_USAGE(.BOTH.,#10224);
#10226=PRESENTATION_STYLE_ASSIGNMENT((#10225));
#10227=STYLED_ITEM('',(#10226),#10220);
#10228=CARTESIAN_POINT('',(-2.15E0,1.E0,5.E-2));
#10229=DIRECTION('',(-1.E0,0.E0,0.E0));
#10230=DIRECTION('',(0.E0,-1.E0,0.E0));
#10231=AXIS2_PLACEMENT_3D('',#10228,#10229,#10230);
#10232=PLANE('',#10231);
#10234=ORIENTED_EDGE('',*,*,#10233,.T.);
#10235=ORIENTED_EDGE('',*,*,#10082,.T.);
#10236=ORIENTED_EDGE('',*,*,#10057,.T.);
#10237=ORIENTED_EDGE('',*,*,#9891,.T.);
#10238=EDGE_LOOP('',(#10234,#10235,#10236,#10237));
#10239=FACE_OUTER_BOUND('',#10238,.F.);
#10240=ADVANCED_FACE('',(#10239),#10232,.F.);
#10241=FILL_AREA_STYLE_COLOUR('',#6);
#10242=FILL_AREA_STYLE('',(#10241));
#10243=SURFACE_STYLE_FILL_AREA(#10242);
#10244=SURFACE_SIDE_STYLE('',(#10243));
#10245=SURFACE_STYLE_USAGE(.BOTH.,#10244);
#10246=PRESENTATION_STYLE_ASSIGNMENT((#10245));
#10247=STYLED_ITEM('',(#10246),#10240);
#10248=CARTESIAN_POINT('',(-2.3E0,1.5E-1,-6.51526E0));
#10249=DIRECTION('',(0.E0,0.E0,1.E0));
#10250=DIRECTION('',(0.E0,-1.E0,0.E0));
#10251=AXIS2_PLACEMENT_3D('',#10248,#10249,#10250);
#10252=CYLINDRICAL_SURFACE('',#10251,1.5E-1);
#10254=ORIENTED_EDGE('',*,*,#10253,.T.);
#10255=ORIENTED_EDGE('',*,*,#8458,.T.);
#10256=ORIENTED_EDGE('',*,*,#10084,.T.);
#10257=ORIENTED_EDGE('',*,*,#10233,.F.);
#10259=ORIENTED_EDGE('',*,*,#10258,.T.);
#10260=EDGE_LOOP('',(#10254,#10255,#10256,#10257,#10259));
#10261=FACE_OUTER_BOUND('',#10260,.F.);
#10262=ADVANCED_FACE('',(#10261),#10252,.T.);
#10263=FILL_AREA_STYLE_COLOUR('',#6);
#10264=FILL_AREA_STYLE('',(#10263));
#10265=SURFACE_STYLE_FILL_AREA(#10264);
#10266=SURFACE_SIDE_STYLE('',(#10265));
#10267=SURFACE_STYLE_USAGE(.BOTH.,#10266);
#10268=PRESENTATION_STYLE_ASSIGNMENT((#10267));
#10269=STYLED_ITEM('',(#10268),#10262);
#10270=CARTESIAN_POINT('',(-2.05E0,0.E0,-1.85E0));
#10271=DIRECTION('',(0.E0,-1.E0,0.E0));
#10272=DIRECTION('',(-1.E0,0.E0,0.E0));
#10273=AXIS2_PLACEMENT_3D('',#10270,#10271,#10272);
#10274=PLANE('',#10273);
#10275=ORIENTED_EDGE('',*,*,#10253,.F.);
#10277=ORIENTED_EDGE('',*,*,#10276,.F.);
#10279=ORIENTED_EDGE('',*,*,#10278,.T.);
#10281=ORIENTED_EDGE('',*,*,#10280,.T.);
#10282=ORIENTED_EDGE('',*,*,#7913,.T.);
#10283=EDGE_LOOP('',(#10275,#10277,#10279,#10281,#10282));
#10284=FACE_OUTER_BOUND('',#10283,.F.);
#10285=ADVANCED_FACE('',(#10284),#10274,.F.);
#10286=FILL_AREA_STYLE_COLOUR('',#1);
#10287=FILL_AREA_STYLE('',(#10286));
#10288=SURFACE_STYLE_FILL_AREA(#10287);
#10289=SURFACE_SIDE_STYLE('',(#10288));
#10290=SURFACE_STYLE_USAGE(.POSITIVE.,#10289);
#10291=PRESENTATION_STYLE_ASSIGNMENT((#10290));
#10292=STYLED_ITEM('',(#10291),#10285);
#10293=CARTESIAN_POINT('',(1.109214E1,1.5E-1,-2.E0));
#10294=DIRECTION('',(-1.E0,0.E0,0.E0));
#10295=DIRECTION('',(0.E0,-1.E0,0.E0));
#10296=AXIS2_PLACEMENT_3D('',#10293,#10294,#10295);
#10297=CYLINDRICAL_SURFACE('',#10296,1.5E-1);
#10298=ORIENTED_EDGE('',*,*,#10276,.T.);
#10299=ORIENTED_EDGE('',*,*,#10258,.F.);
#10300=ORIENTED_EDGE('',*,*,#9889,.F.);
#10302=ORIENTED_EDGE('',*,*,#10301,.F.);
#10303=EDGE_LOOP('',(#10298,#10299,#10300,#10302));
#10304=FACE_OUTER_BOUND('',#10303,.F.);
#10305=ADVANCED_FACE('',(#10304),#10297,.T.);
#10306=FILL_AREA_STYLE_COLOUR('',#6);
#10307=FILL_AREA_STYLE('',(#10306));
#10308=SURFACE_STYLE_FILL_AREA(#10307);
#10309=SURFACE_SIDE_STYLE('',(#10308));
#10310=SURFACE_STYLE_USAGE(.POSITIVE.,#10309);
#10311=PRESENTATION_STYLE_ASSIGNMENT((#10310));
#10312=STYLED_ITEM('',(#10311),#10305);
#10313=CARTESIAN_POINT('',(-1.85E0,2.E-1,-1.65E0));
#10314=DIRECTION('',(0.E0,1.E0,0.E0));
#10315=DIRECTION('',(6.918190718887E-2,0.E0,-9.976040615984E-1));
#10316=AXIS2_PLACEMENT_3D('',#10313,#10314,#10315);
#10317=TOROIDAL_SURFACE('',#10316,4.E-1,2.E-1);
#10318=ORIENTED_EDGE('',*,*,#9887,.T.);
#10320=ORIENTED_EDGE('',*,*,#10319,.T.);
#10322=ORIENTED_EDGE('',*,*,#10321,.F.);
#10323=ORIENTED_EDGE('',*,*,#10278,.F.);
#10324=ORIENTED_EDGE('',*,*,#10301,.T.);
#10325=EDGE_LOOP('',(#10318,#10320,#10322,#10323,#10324));
#10326=FACE_OUTER_BOUND('',#10325,.F.);
#10327=ADVANCED_FACE('',(#10326),#10317,.F.);
#10328=FILL_AREA_STYLE_COLOUR('',#1);
#10329=FILL_AREA_STYLE('',(#10328));
#10330=SURFACE_STYLE_FILL_AREA(#10329);
#10331=SURFACE_SIDE_STYLE('',(#10330));
#10332=SURFACE_STYLE_USAGE(.BOTH.,#10331);
#10333=PRESENTATION_STYLE_ASSIGNMENT((#10332));
#10334=STYLED_ITEM('',(#10333),#10327);
#10335=CARTESIAN_POINT('',(-1.85E0,-6.481420681724E0,-1.65E0));
#10336=DIRECTION('',(0.E0,1.E0,0.E0));
#10337=DIRECTION('',(0.E0,0.E0,-1.E0));
#10338=AXIS2_PLACEMENT_3D('',#10335,#10336,#10337);
#10339=CYLINDRICAL_SURFACE('',#10338,2.E-1);
#10340=ORIENTED_EDGE('',*,*,#9885,.T.);
#10341=ORIENTED_EDGE('',*,*,#9865,.T.);
#10343=ORIENTED_EDGE('',*,*,#10342,.F.);
#10344=ORIENTED_EDGE('',*,*,#10319,.F.);
#10345=EDGE_LOOP('',(#10340,#10341,#10343,#10344));
#10346=FACE_OUTER_BOUND('',#10345,.F.);
#10347=ADVANCED_FACE('',(#10346),#10339,.T.);
#10348=FILL_AREA_STYLE_COLOUR('',#5);
#10349=FILL_AREA_STYLE('',(#10348));
#10350=SURFACE_STYLE_FILL_AREA(#10349);
#10351=SURFACE_SIDE_STYLE('',(#10350));
#10352=SURFACE_STYLE_USAGE(.POSITIVE.,#10351);
#10353=FILL_AREA_STYLE_COLOUR('',#1);
#10354=FILL_AREA_STYLE('',(#10353));
#10355=SURFACE_STYLE_FILL_AREA(#10354);
#10356=SURFACE_SIDE_STYLE('',(#10355));
#10357=SURFACE_STYLE_USAGE(.NEGATIVE.,#10356);
#10358=PRESENTATION_STYLE_ASSIGNMENT((#10352,#10357));
#10359=STYLED_ITEM('',(#10358),#10347);
#10360=CARTESIAN_POINT('',(-2.05E0,8.E-1,-1.85E0));
#10361=DIRECTION('',(1.E0,0.E0,0.E0));
#10362=DIRECTION('',(0.E0,-1.E0,0.E0));
#10363=AXIS2_PLACEMENT_3D('',#10360,#10361,#10362);
#10364=PLANE('',#10363);
#10366=ORIENTED_EDGE('',*,*,#10365,.F.);
#10367=ORIENTED_EDGE('',*,*,#10342,.T.);
#10368=ORIENTED_EDGE('',*,*,#9838,.T.);
#10369=ORIENTED_EDGE('',*,*,#7917,.T.);
#10370=EDGE_LOOP('',(#10366,#10367,#10368,#10369));
#10371=FACE_OUTER_BOUND('',#10370,.F.);
#10372=ADVANCED_FACE('',(#10371),#10364,.F.);
#10373=FILL_AREA_STYLE_COLOUR('',#3);
#10374=FILL_AREA_STYLE('',(#10373));
#10375=SURFACE_STYLE_FILL_AREA(#10374);
#10376=SURFACE_SIDE_STYLE('',(#10375));
#10377=SURFACE_STYLE_USAGE(.POSITIVE.,#10376);
#10378=FILL_AREA_STYLE_COLOUR('',#1);
#10379=FILL_AREA_STYLE('',(#10378));
#10380=SURFACE_STYLE_FILL_AREA(#10379);
#10381=SURFACE_SIDE_STYLE('',(#10380));
#10382=SURFACE_STYLE_USAGE(.NEGATIVE.,#10381);
#10383=PRESENTATION_STYLE_ASSIGNMENT((#10377,#10382));
#10384=STYLED_ITEM('',(#10383),#10372);
#10385=CARTESIAN_POINT('',(-2.25E0,2.E-1,-1.670785212061E0));
#10386=DIRECTION('',(0.E0,0.E0,1.E0));
#10387=DIRECTION('',(0.E0,-1.E0,0.E0));
#10388=AXIS2_PLACEMENT_3D('',#10385,#10386,#10387);
#10389=CYLINDRICAL_SURFACE('',#10388,2.E-1);
#10390=ORIENTED_EDGE('',*,*,#10280,.F.);
#10391=ORIENTED_EDGE('',*,*,#10321,.T.);
#10392=ORIENTED_EDGE('',*,*,#10365,.T.);
#10393=ORIENTED_EDGE('',*,*,#7915,.T.);
#10394=EDGE_LOOP('',(#10390,#10391,#10392,#10393));
#10395=FACE_OUTER_BOUND('',#10394,.F.);
#10396=ADVANCED_FACE('',(#10395),#10389,.F.);
#10397=FILL_AREA_STYLE_COLOUR('',#1);
#10398=FILL_AREA_STYLE('',(#10397));
#10399=SURFACE_STYLE_FILL_AREA(#10398);
#10400=SURFACE_SIDE_STYLE('',(#10399));
#10401=SURFACE_STYLE_USAGE(.BOTH.,#10400);
#10402=PRESENTATION_STYLE_ASSIGNMENT((#10401));
#10403=STYLED_ITEM('',(#10402),#10396);
#10404=CARTESIAN_POINT('',(1.55E0,-4.5E-1,0.E0));
#10405=DIRECTION('',(1.E0,0.E0,0.E0));
#10406=DIRECTION('',(0.E0,0.E0,-1.E0));
#10407=AXIS2_PLACEMENT_3D('',#10404,#10405,#10406);
#10408=PLANE('',#10407);
#10409=ORIENTED_EDGE('',*,*,#8358,.F.);
#10411=ORIENTED_EDGE('',*,*,#10410,.T.);
#10413=ORIENTED_EDGE('',*,*,#10412,.F.);
#10415=ORIENTED_EDGE('',*,*,#10414,.T.);
#10417=ORIENTED_EDGE('',*,*,#10416,.F.);
#10419=ORIENTED_EDGE('',*,*,#10418,.T.);
#10421=ORIENTED_EDGE('',*,*,#10420,.T.);
#10423=ORIENTED_EDGE('',*,*,#10422,.T.);
#10425=ORIENTED_EDGE('',*,*,#10424,.F.);
#10427=ORIENTED_EDGE('',*,*,#10426,.T.);
#10429=ORIENTED_EDGE('',*,*,#10428,.F.);
#10431=ORIENTED_EDGE('',*,*,#10430,.T.);
#10432=EDGE_LOOP('',(#10409,#10411,#10413,#10415,#10417,#10419,#10421,#10423,
#10425,#10427,#10429,#10431));
#10433=FACE_OUTER_BOUND('',#10432,.F.);
#10434=ADVANCED_FACE('',(#10433),#10408,.F.);
#10435=FILL_AREA_STYLE_COLOUR('',#7);
#10436=FILL_AREA_STYLE('',(#10435));
#10437=SURFACE_STYLE_FILL_AREA(#10436);
#10438=SURFACE_SIDE_STYLE('',(#10437));
#10439=SURFACE_STYLE_USAGE(.POSITIVE.,#10438);
#10440=PRESENTATION_STYLE_ASSIGNMENT((#10439));
#10441=STYLED_ITEM('',(#10440),#10434);
#10442=CARTESIAN_POINT('',(1.55E0,-7.E-1,-1.75E0));
#10443=DIRECTION('',(0.E0,-1.E0,0.E0));
#10444=DIRECTION('',(0.E0,0.E0,-1.E0));
#10445=AXIS2_PLACEMENT_3D('',#10442,#10443,#10444);
#10446=PLANE('',#10445);
#10447=ORIENTED_EDGE('',*,*,#8364,.T.);
#10449=ORIENTED_EDGE('',*,*,#10448,.T.);
#10451=ORIENTED_EDGE('',*,*,#10450,.F.);
#10452=ORIENTED_EDGE('',*,*,#10410,.F.);
#10453=EDGE_LOOP('',(#10447,#10449,#10451,#10452));
#10454=FACE_OUTER_BOUND('',#10453,.F.);
#10455=ADVANCED_FACE('',(#10454),#10446,.T.);
#10456=FILL_AREA_STYLE_COLOUR('',#7);
#10457=FILL_AREA_STYLE('',(#10456));
#10458=SURFACE_STYLE_FILL_AREA(#10457);
#10459=SURFACE_SIDE_STYLE('',(#10458));
#10460=SURFACE_STYLE_USAGE(.BOTH.,#10459);
#10461=PRESENTATION_STYLE_ASSIGNMENT((#10460));
#10462=STYLED_ITEM('',(#10461),#10455);
#10463=CARTESIAN_POINT('',(2.15E0,-4.5E-1,0.E0));
#10464=DIRECTION('',(1.E0,0.E0,0.E0));
#10465=DIRECTION('',(0.E0,0.E0,-1.E0));
#10466=AXIS2_PLACEMENT_3D('',#10463,#10464,#10465);
#10467=PLANE('',#10466);
#10468=ORIENTED_EDGE('',*,*,#8362,.T.);
#10470=ORIENTED_EDGE('',*,*,#10469,.F.);
#10472=ORIENTED_EDGE('',*,*,#10471,.F.);
#10474=ORIENTED_EDGE('',*,*,#10473,.F.);
#10476=ORIENTED_EDGE('',*,*,#10475,.F.);
#10478=ORIENTED_EDGE('',*,*,#10477,.F.);
#10480=ORIENTED_EDGE('',*,*,#10479,.F.);
#10482=ORIENTED_EDGE('',*,*,#10481,.F.);
#10484=ORIENTED_EDGE('',*,*,#10483,.F.);
#10486=ORIENTED_EDGE('',*,*,#10485,.F.);
#10488=ORIENTED_EDGE('',*,*,#10487,.F.);
#10489=ORIENTED_EDGE('',*,*,#10448,.F.);
#10490=EDGE_LOOP('',(#10468,#10470,#10472,#10474,#10476,#10478,#10480,#10482,
#10484,#10486,#10488,#10489));
#10491=FACE_OUTER_BOUND('',#10490,.F.);
#10492=ADVANCED_FACE('',(#10491),#10467,.T.);
#10493=FILL_AREA_STYLE_COLOUR('',#7);
#10494=FILL_AREA_STYLE('',(#10493));
#10495=SURFACE_STYLE_FILL_AREA(#10494);
#10496=SURFACE_SIDE_STYLE('',(#10495));
#10497=SURFACE_STYLE_USAGE(.POSITIVE.,#10496);
#10498=PRESENTATION_STYLE_ASSIGNMENT((#10497));
#10499=STYLED_ITEM('',(#10498),#10492);
#10500=CARTESIAN_POINT('',(1.55E0,-4.5E-1,-3.082457351946E0));
#10501=DIRECTION('',(0.E0,1.E0,0.E0));
#10502=DIRECTION('',(0.E0,0.E0,1.E0));
#10503=AXIS2_PLACEMENT_3D('',#10500,#10501,#10502);
#10504=PLANE('',#10503);
#10505=ORIENTED_EDGE('',*,*,#8360,.F.);
#10506=ORIENTED_EDGE('',*,*,#10430,.F.);
#10508=ORIENTED_EDGE('',*,*,#10507,.F.);
#10509=ORIENTED_EDGE('',*,*,#10469,.T.);
#10510=EDGE_LOOP('',(#10505,#10506,#10508,#10509));
#10511=FACE_OUTER_BOUND('',#10510,.F.);
#10512=ADVANCED_FACE('',(#10511),#10504,.T.);
#10513=FILL_AREA_STYLE_COLOUR('',#7);
#10514=FILL_AREA_STYLE('',(#10513));
#10515=SURFACE_STYLE_FILL_AREA(#10514);
#10516=SURFACE_SIDE_STYLE('',(#10515));
#10517=SURFACE_STYLE_USAGE(.BOTH.,#10516);
#10518=PRESENTATION_STYLE_ASSIGNMENT((#10517));
#10519=STYLED_ITEM('',(#10518),#10512);
#10520=CARTESIAN_POINT('',(2.93216E0,-7.5E-1,-2.909252271189E0));
#10521=DIRECTION('',(-1.E0,0.E0,0.E0));
#10522=DIRECTION('',(0.E0,1.E0,0.E0));
#10523=AXIS2_PLACEMENT_3D('',#10520,#10521,#10522);
#10524=CYLINDRICAL_SURFACE('',#10523,3.E-1);
#10525=ORIENTED_EDGE('',*,*,#10428,.T.);
#10527=ORIENTED_EDGE('',*,*,#10526,.F.);
#10528=ORIENTED_EDGE('',*,*,#10471,.T.);
#10529=ORIENTED_EDGE('',*,*,#10507,.T.);
#10530=EDGE_LOOP('',(#10525,#10527,#10528,#10529));
#10531=FACE_OUTER_BOUND('',#10530,.F.);
#10532=ADVANCED_FACE('',(#10531),#10524,.T.);
#10533=FILL_AREA_STYLE_COLOUR('',#7);
#10534=FILL_AREA_STYLE('',(#10533));
#10535=SURFACE_STYLE_FILL_AREA(#10534);
#10536=SURFACE_SIDE_STYLE('',(#10535));
#10537=SURFACE_STYLE_USAGE(.BOTH.,#10536);
#10538=PRESENTATION_STYLE_ASSIGNMENT((#10537));
#10539=STYLED_ITEM('',(#10538),#10532);
#10540=CARTESIAN_POINT('',(1.55E0,-1.25E0,-3.544337567297E0));
#10541=DIRECTION('',(0.E0,5.E-1,-8.660254037844E-1));
#10542=DIRECTION('',(0.E0,8.660254037844E-1,5.E-1));
#10543=AXIS2_PLACEMENT_3D('',#10540,#10541,#10542);
#10544=PLANE('',#10543);
#10546=ORIENTED_EDGE('',*,*,#10545,.T.);
#10547=ORIENTED_EDGE('',*,*,#10473,.T.);
#10548=ORIENTED_EDGE('',*,*,#10526,.T.);
#10549=ORIENTED_EDGE('',*,*,#10426,.F.);
#10550=EDGE_LOOP('',(#10546,#10547,#10548,#10549));
#10551=FACE_OUTER_BOUND('',#10550,.F.);
#10552=ADVANCED_FACE('',(#10551),#10544,.T.);
#10553=FILL_AREA_STYLE_COLOUR('',#7);
#10554=FILL_AREA_STYLE('',(#10553));
#10555=SURFACE_STYLE_FILL_AREA(#10554);
#10556=SURFACE_SIDE_STYLE('',(#10555));
#10557=SURFACE_STYLE_USAGE(.BOTH.,#10556);
#10558=PRESENTATION_STYLE_ASSIGNMENT((#10557));
#10559=STYLED_ITEM('',(#10558),#10552);
#10560=CARTESIAN_POINT('',(7.6784E-1,-1.2E0,-3.573205080757E0));
#10561=DIRECTION('',(1.E0,0.E0,0.E0));
#10562=DIRECTION('',(0.E0,-5.E-1,8.660254037844E-1));
#10563=AXIS2_PLACEMENT_3D('',#10560,#10561,#10562);
#10564=CYLINDRICAL_SURFACE('',#10563,5.E-2);
#10565=ORIENTED_EDGE('',*,*,#10545,.F.);
#10566=ORIENTED_EDGE('',*,*,#10424,.T.);
#10568=ORIENTED_EDGE('',*,*,#10567,.T.);
#10569=ORIENTED_EDGE('',*,*,#10475,.T.);
#10570=EDGE_LOOP('',(#10565,#10566,#10568,#10569));
#10571=FACE_OUTER_BOUND('',#10570,.F.);
#10572=ADVANCED_FACE('',(#10571),#10564,.F.);
#10573=FILL_AREA_STYLE_COLOUR('',#7);
#10574=FILL_AREA_STYLE('',(#10573));
#10575=SURFACE_STYLE_FILL_AREA(#10574);
#10576=SURFACE_SIDE_STYLE('',(#10575));
#10577=SURFACE_STYLE_USAGE(.BOTH.,#10576);
#10578=PRESENTATION_STYLE_ASSIGNMENT((#10577));
#10579=STYLED_ITEM('',(#10578),#10572);
#10580=CARTESIAN_POINT('',(1.55E0,-1.25E0,-4.05E0));
#10581=DIRECTION('',(0.E0,1.E0,0.E0));
#10582=DIRECTION('',(0.E0,0.E0,1.E0));
#10583=AXIS2_PLACEMENT_3D('',#10580,#10581,#10582);
#10584=PLANE('',#10583);
#10585=ORIENTED_EDGE('',*,*,#10567,.F.);
#10586=ORIENTED_EDGE('',*,*,#10422,.F.);
#10588=ORIENTED_EDGE('',*,*,#10587,.T.);
#10589=ORIENTED_EDGE('',*,*,#10477,.T.);
#10590=EDGE_LOOP('',(#10585,#10586,#10588,#10589));
#10591=FACE_OUTER_BOUND('',#10590,.F.);
#10592=ADVANCED_FACE('',(#10591),#10584,.T.);
#10593=FILL_AREA_STYLE_COLOUR('',#7);
#10594=FILL_AREA_STYLE('',(#10593));
#10595=SURFACE_STYLE_FILL_AREA(#10594);
#10596=SURFACE_SIDE_STYLE('',(#10595));
#10597=SURFACE_STYLE_USAGE(.BOTH.,#10596);
#10598=PRESENTATION_STYLE_ASSIGNMENT((#10597));
#10599=STYLED_ITEM('',(#10598),#10592);
#10600=CARTESIAN_POINT('',(1.55E0,-1.5E0,-4.05E0));
#10601=DIRECTION('',(0.E0,0.E0,-1.E0));
#10602=DIRECTION('',(0.E0,1.E0,0.E0));
#10603=AXIS2_PLACEMENT_3D('',#10600,#10601,#10602);
#10604=PLANE('',#10603);
#10605=ORIENTED_EDGE('',*,*,#10420,.F.);
#10607=ORIENTED_EDGE('',*,*,#10606,.T.);
#10608=ORIENTED_EDGE('',*,*,#10479,.T.);
#10609=ORIENTED_EDGE('',*,*,#10587,.F.);
#10610=EDGE_LOOP('',(#10605,#10607,#10608,#10609));
#10611=FACE_OUTER_BOUND('',#10610,.F.);
#10612=ADVANCED_FACE('',(#10611),#10604,.T.);
#10613=FILL_AREA_STYLE_COLOUR('',#7);
#10614=FILL_AREA_STYLE('',(#10613));
#10615=SURFACE_STYLE_FILL_AREA(#10614);
#10616=SURFACE_SIDE_STYLE('',(#10615));
#10617=SURFACE_STYLE_USAGE(.BOTH.,#10616);
#10618=PRESENTATION_STYLE_ASSIGNMENT((#10617));
#10619=STYLED_ITEM('',(#10618),#10612);
#10620=CARTESIAN_POINT('',(1.55E0,-1.5E0,-3.4E0));
#10621=DIRECTION('',(0.E0,-1.E0,0.E0));
#10622=DIRECTION('',(0.E0,0.E0,-1.E0));
#10623=AXIS2_PLACEMENT_3D('',#10620,#10621,#10622);
#10624=PLANE('',#10623);
#10626=ORIENTED_EDGE('',*,*,#10625,.F.);
#10627=ORIENTED_EDGE('',*,*,#10481,.T.);
#10628=ORIENTED_EDGE('',*,*,#10606,.F.);
#10629=ORIENTED_EDGE('',*,*,#10418,.F.);
#10630=EDGE_LOOP('',(#10626,#10627,#10628,#10629));
#10631=FACE_OUTER_BOUND('',#10630,.F.);
#10632=ADVANCED_FACE('',(#10631),#10624,.T.);
#10633=FILL_AREA_STYLE_COLOUR('',#7);
#10634=FILL_AREA_STYLE('',(#10633));
#10635=SURFACE_STYLE_FILL_AREA(#10634);
#10636=SURFACE_SIDE_STYLE('',(#10635));
#10637=SURFACE_STYLE_USAGE(.BOTH.,#10636);
#10638=PRESENTATION_STYLE_ASSIGNMENT((#10637));
#10639=STYLED_ITEM('',(#10638),#10632);
#10640=CARTESIAN_POINT('',(2.93216E0,-1.2E0,-3.573205080757E0));
#10641=DIRECTION('',(-1.E0,0.E0,0.E0));
#10642=DIRECTION('',(0.E0,-1.E0,0.E0));
#10643=AXIS2_PLACEMENT_3D('',#10640,#10641,#10642);
#10644=CYLINDRICAL_SURFACE('',#10643,3.E-1);
#10645=ORIENTED_EDGE('',*,*,#10416,.T.);
#10647=ORIENTED_EDGE('',*,*,#10646,.F.);
#10648=ORIENTED_EDGE('',*,*,#10483,.T.);
#10649=ORIENTED_EDGE('',*,*,#10625,.T.);
#10650=EDGE_LOOP('',(#10645,#10647,#10648,#10649));
#10651=FACE_OUTER_BOUND('',#10650,.F.);
#10652=ADVANCED_FACE('',(#10651),#10644,.T.);
#10653=FILL_AREA_STYLE_COLOUR('',#7);
#10654=FILL_AREA_STYLE('',(#10653));
#10655=SURFACE_STYLE_FILL_AREA(#10654);
#10656=SURFACE_SIDE_STYLE('',(#10655));
#10657=SURFACE_STYLE_USAGE(.BOTH.,#10656);
#10658=PRESENTATION_STYLE_ASSIGNMENT((#10657));
#10659=STYLED_ITEM('',(#10658),#10652);
#10660=CARTESIAN_POINT('',(1.55E0,-7.E-1,-2.938119784648E0));
#10661=DIRECTION('',(0.E0,-5.E-1,8.660254037844E-1));
#10662=DIRECTION('',(0.E0,-8.660254037844E-1,-5.E-1));
#10663=AXIS2_PLACEMENT_3D('',#10660,#10661,#10662);
#10664=PLANE('',#10663);
#10666=ORIENTED_EDGE('',*,*,#10665,.T.);
#10667=ORIENTED_EDGE('',*,*,#10485,.T.);
#10668=ORIENTED_EDGE('',*,*,#10646,.T.);
#10669=ORIENTED_EDGE('',*,*,#10414,.F.);
#10670=EDGE_LOOP('',(#10666,#10667,#10668,#10669));
#10671=FACE_OUTER_BOUND('',#10670,.F.);
#10672=ADVANCED_FACE('',(#10671),#10664,.T.);
#10673=FILL_AREA_STYLE_COLOUR('',#7);
#10674=FILL_AREA_STYLE('',(#10673));
#10675=SURFACE_STYLE_FILL_AREA(#10674);
#10676=SURFACE_SIDE_STYLE('',(#10675));
#10677=SURFACE_STYLE_USAGE(.BOTH.,#10676);
#10678=PRESENTATION_STYLE_ASSIGNMENT((#10677));
#10679=STYLED_ITEM('',(#10678),#10672);
#10680=CARTESIAN_POINT('',(7.6784E-1,-7.5E-1,-2.909252271189E0));
#10681=DIRECTION('',(1.E0,0.E0,0.E0));
#10682=DIRECTION('',(0.E0,5.E-1,-8.660254037844E-1));
#10683=AXIS2_PLACEMENT_3D('',#10680,#10681,#10682);
#10684=CYLINDRICAL_SURFACE('',#10683,5.E-2);
#10685=ORIENTED_EDGE('',*,*,#10665,.F.);
#10686=ORIENTED_EDGE('',*,*,#10412,.T.);
#10687=ORIENTED_EDGE('',*,*,#10450,.T.);
#10688=ORIENTED_EDGE('',*,*,#10487,.T.);
#10689=EDGE_LOOP('',(#10685,#10686,#10687,#10688));
#10690=FACE_OUTER_BOUND('',#10689,.F.);
#10691=ADVANCED_FACE('',(#10690),#10684,.F.);
#10692=FILL_AREA_STYLE_COLOUR('',#7);
#10693=FILL_AREA_STYLE('',(#10692));
#10694=SURFACE_STYLE_FILL_AREA(#10693);
#10695=SURFACE_SIDE_STYLE('',(#10694));
#10696=SURFACE_STYLE_USAGE(.BOTH.,#10695);
#10697=PRESENTATION_STYLE_ASSIGNMENT((#10696));
#10698=STYLED_ITEM('',(#10697),#10691);
#10699=CARTESIAN_POINT('',(-3.E-1,-4.5E-1,0.E0));
#10700=DIRECTION('',(1.E0,0.E0,0.E0));
#10701=DIRECTION('',(0.E0,0.E0,-1.E0));
#10702=AXIS2_PLACEMENT_3D('',#10699,#10700,#10701);
#10703=PLANE('',#10702);
#10704=ORIENTED_EDGE('',*,*,#8368,.F.);
#10706=ORIENTED_EDGE('',*,*,#10705,.T.);
#10708=ORIENTED_EDGE('',*,*,#10707,.F.);
#10710=ORIENTED_EDGE('',*,*,#10709,.T.);
#10712=ORIENTED_EDGE('',*,*,#10711,.F.);
#10714=ORIENTED_EDGE('',*,*,#10713,.T.);
#10716=ORIENTED_EDGE('',*,*,#10715,.T.);
#10718=ORIENTED_EDGE('',*,*,#10717,.T.);
#10720=ORIENTED_EDGE('',*,*,#10719,.F.);
#10722=ORIENTED_EDGE('',*,*,#10721,.T.);
#10724=ORIENTED_EDGE('',*,*,#10723,.F.);
#10726=ORIENTED_EDGE('',*,*,#10725,.T.);
#10727=EDGE_LOOP('',(#10704,#10706,#10708,#10710,#10712,#10714,#10716,#10718,
#10720,#10722,#10724,#10726));
#10728=FACE_OUTER_BOUND('',#10727,.F.);
#10729=ADVANCED_FACE('',(#10728),#10703,.F.);
#10730=FILL_AREA_STYLE_COLOUR('',#7);
#10731=FILL_AREA_STYLE('',(#10730));
#10732=SURFACE_STYLE_FILL_AREA(#10731);
#10733=SURFACE_SIDE_STYLE('',(#10732));
#10734=SURFACE_STYLE_USAGE(.POSITIVE.,#10733);
#10735=PRESENTATION_STYLE_ASSIGNMENT((#10734));
#10736=STYLED_ITEM('',(#10735),#10729);
#10737=CARTESIAN_POINT('',(-3.E-1,-7.E-1,-1.75E0));
#10738=DIRECTION('',(0.E0,-1.E0,0.E0));
#10739=DIRECTION('',(0.E0,0.E0,-1.E0));
#10740=AXIS2_PLACEMENT_3D('',#10737,#10738,#10739);
#10741=PLANE('',#10740);
#10742=ORIENTED_EDGE('',*,*,#8374,.T.);
#10744=ORIENTED_EDGE('',*,*,#10743,.T.);
#10746=ORIENTED_EDGE('',*,*,#10745,.F.);
#10747=ORIENTED_EDGE('',*,*,#10705,.F.);
#10748=EDGE_LOOP('',(#10742,#10744,#10746,#10747));
#10749=FACE_OUTER_BOUND('',#10748,.F.);
#10750=ADVANCED_FACE('',(#10749),#10741,.T.);
#10751=FILL_AREA_STYLE_COLOUR('',#7);
#10752=FILL_AREA_STYLE('',(#10751));
#10753=SURFACE_STYLE_FILL_AREA(#10752);
#10754=SURFACE_SIDE_STYLE('',(#10753));
#10755=SURFACE_STYLE_USAGE(.BOTH.,#10754);
#10756=PRESENTATION_STYLE_ASSIGNMENT((#10755));
#10757=STYLED_ITEM('',(#10756),#10750);
#10758=CARTESIAN_POINT('',(3.E-1,-4.5E-1,0.E0));
#10759=DIRECTION('',(1.E0,0.E0,0.E0));
#10760=DIRECTION('',(0.E0,0.E0,-1.E0));
#10761=AXIS2_PLACEMENT_3D('',#10758,#10759,#10760);
#10762=PLANE('',#10761);
#10763=ORIENTED_EDGE('',*,*,#8372,.T.);
#10765=ORIENTED_EDGE('',*,*,#10764,.F.);
#10767=ORIENTED_EDGE('',*,*,#10766,.F.);
#10769=ORIENTED_EDGE('',*,*,#10768,.F.);
#10771=ORIENTED_EDGE('',*,*,#10770,.F.);
#10773=ORIENTED_EDGE('',*,*,#10772,.F.);
#10775=ORIENTED_EDGE('',*,*,#10774,.F.);
#10777=ORIENTED_EDGE('',*,*,#10776,.F.);
#10779=ORIENTED_EDGE('',*,*,#10778,.F.);
#10781=ORIENTED_EDGE('',*,*,#10780,.F.);
#10783=ORIENTED_EDGE('',*,*,#10782,.F.);
#10784=ORIENTED_EDGE('',*,*,#10743,.F.);
#10785=EDGE_LOOP('',(#10763,#10765,#10767,#10769,#10771,#10773,#10775,#10777,
#10779,#10781,#10783,#10784));
#10786=FACE_OUTER_BOUND('',#10785,.F.);
#10787=ADVANCED_FACE('',(#10786),#10762,.T.);
#10788=FILL_AREA_STYLE_COLOUR('',#7);
#10789=FILL_AREA_STYLE('',(#10788));
#10790=SURFACE_STYLE_FILL_AREA(#10789);
#10791=SURFACE_SIDE_STYLE('',(#10790));
#10792=SURFACE_STYLE_USAGE(.POSITIVE.,#10791);
#10793=PRESENTATION_STYLE_ASSIGNMENT((#10792));
#10794=STYLED_ITEM('',(#10793),#10787);
#10795=CARTESIAN_POINT('',(-3.E-1,-4.5E-1,-3.082457351946E0));
#10796=DIRECTION('',(0.E0,1.E0,0.E0));
#10797=DIRECTION('',(0.E0,0.E0,1.E0));
#10798=AXIS2_PLACEMENT_3D('',#10795,#10796,#10797);
#10799=PLANE('',#10798);
#10800=ORIENTED_EDGE('',*,*,#8370,.F.);
#10801=ORIENTED_EDGE('',*,*,#10725,.F.);
#10803=ORIENTED_EDGE('',*,*,#10802,.F.);
#10804=ORIENTED_EDGE('',*,*,#10764,.T.);
#10805=EDGE_LOOP('',(#10800,#10801,#10803,#10804));
#10806=FACE_OUTER_BOUND('',#10805,.F.);
#10807=ADVANCED_FACE('',(#10806),#10799,.T.);
#10808=FILL_AREA_STYLE_COLOUR('',#7);
#10809=FILL_AREA_STYLE('',(#10808));
#10810=SURFACE_STYLE_FILL_AREA(#10809);
#10811=SURFACE_SIDE_STYLE('',(#10810));
#10812=SURFACE_STYLE_USAGE(.BOTH.,#10811);
#10813=PRESENTATION_STYLE_ASSIGNMENT((#10812));
#10814=STYLED_ITEM('',(#10813),#10807);
#10815=CARTESIAN_POINT('',(5.34382E0,-7.5E-1,-2.909252271189E0));
#10816=DIRECTION('',(-1.E0,0.E0,0.E0));
#10817=DIRECTION('',(0.E0,1.E0,0.E0));
#10818=AXIS2_PLACEMENT_3D('',#10815,#10816,#10817);
#10819=CYLINDRICAL_SURFACE('',#10818,3.E-1);
#10820=ORIENTED_EDGE('',*,*,#10723,.T.);
#10822=ORIENTED_EDGE('',*,*,#10821,.F.);
#10823=ORIENTED_EDGE('',*,*,#10766,.T.);
#10824=ORIENTED_EDGE('',*,*,#10802,.T.);
#10825=EDGE_LOOP('',(#10820,#10822,#10823,#10824));
#10826=FACE_OUTER_BOUND('',#10825,.F.);
#10827=ADVANCED_FACE('',(#10826),#10819,.T.);
#10828=FILL_AREA_STYLE_COLOUR('',#7);
#10829=FILL_AREA_STYLE('',(#10828));
#10830=SURFACE_STYLE_FILL_AREA(#10829);
#10831=SURFACE_SIDE_STYLE('',(#10830));
#10832=SURFACE_STYLE_USAGE(.BOTH.,#10831);
#10833=PRESENTATION_STYLE_ASSIGNMENT((#10832));
#10834=STYLED_ITEM('',(#10833),#10827);
#10835=CARTESIAN_POINT('',(-3.E-1,-1.25E0,-3.544337567297E0));
#10836=DIRECTION('',(0.E0,5.E-1,-8.660254037844E-1));
#10837=DIRECTION('',(0.E0,8.660254037844E-1,5.E-1));
#10838=AXIS2_PLACEMENT_3D('',#10835,#10836,#10837);
#10839=PLANE('',#10838);
#10841=ORIENTED_EDGE('',*,*,#10840,.T.);
#10842=ORIENTED_EDGE('',*,*,#10768,.T.);
#10843=ORIENTED_EDGE('',*,*,#10821,.T.);
#10844=ORIENTED_EDGE('',*,*,#10721,.F.);
#10845=EDGE_LOOP('',(#10841,#10842,#10843,#10844));
#10846=FACE_OUTER_BOUND('',#10845,.F.);
#10847=ADVANCED_FACE('',(#10846),#10839,.T.);
#10848=FILL_AREA_STYLE_COLOUR('',#7);
#10849=FILL_AREA_STYLE('',(#10848));
#10850=SURFACE_STYLE_FILL_AREA(#10849);
#10851=SURFACE_SIDE_STYLE('',(#10850));
#10852=SURFACE_STYLE_USAGE(.BOTH.,#10851);
#10853=PRESENTATION_STYLE_ASSIGNMENT((#10852));
#10854=STYLED_ITEM('',(#10853),#10847);
#10855=CARTESIAN_POINT('',(-3.49382E0,-1.2E0,-3.573205080757E0));
#10856=DIRECTION('',(1.E0,0.E0,0.E0));
#10857=DIRECTION('',(0.E0,-5.E-1,8.660254037844E-1));
#10858=AXIS2_PLACEMENT_3D('',#10855,#10856,#10857);
#10859=CYLINDRICAL_SURFACE('',#10858,5.E-2);
#10860=ORIENTED_EDGE('',*,*,#10840,.F.);
#10861=ORIENTED_EDGE('',*,*,#10719,.T.);
#10863=ORIENTED_EDGE('',*,*,#10862,.T.);
#10864=ORIENTED_EDGE('',*,*,#10770,.T.);
#10865=EDGE_LOOP('',(#10860,#10861,#10863,#10864));
#10866=FACE_OUTER_BOUND('',#10865,.F.);
#10867=ADVANCED_FACE('',(#10866),#10859,.F.);
#10868=FILL_AREA_STYLE_COLOUR('',#7);
#10869=FILL_AREA_STYLE('',(#10868));
#10870=SURFACE_STYLE_FILL_AREA(#10869);
#10871=SURFACE_SIDE_STYLE('',(#10870));
#10872=SURFACE_STYLE_USAGE(.BOTH.,#10871);
#10873=PRESENTATION_STYLE_ASSIGNMENT((#10872));
#10874=STYLED_ITEM('',(#10873),#10867);
#10875=CARTESIAN_POINT('',(-3.E-1,-1.25E0,-4.05E0));
#10876=DIRECTION('',(0.E0,1.E0,0.E0));
#10877=DIRECTION('',(0.E0,0.E0,1.E0));
#10878=AXIS2_PLACEMENT_3D('',#10875,#10876,#10877);
#10879=PLANE('',#10878);
#10880=ORIENTED_EDGE('',*,*,#10862,.F.);
#10881=ORIENTED_EDGE('',*,*,#10717,.F.);
#10883=ORIENTED_EDGE('',*,*,#10882,.T.);
#10884=ORIENTED_EDGE('',*,*,#10772,.T.);
#10885=EDGE_LOOP('',(#10880,#10881,#10883,#10884));
#10886=FACE_OUTER_BOUND('',#10885,.F.);
#10887=ADVANCED_FACE('',(#10886),#10879,.T.);
#10888=FILL_AREA_STYLE_COLOUR('',#7);
#10889=FILL_AREA_STYLE('',(#10888));
#10890=SURFACE_STYLE_FILL_AREA(#10889);
#10891=SURFACE_SIDE_STYLE('',(#10890));
#10892=SURFACE_STYLE_USAGE(.BOTH.,#10891);
#10893=PRESENTATION_STYLE_ASSIGNMENT((#10892));
#10894=STYLED_ITEM('',(#10893),#10887);
#10895=CARTESIAN_POINT('',(-3.E-1,-1.5E0,-4.05E0));
#10896=DIRECTION('',(0.E0,0.E0,-1.E0));
#10897=DIRECTION('',(0.E0,1.E0,0.E0));
#10898=AXIS2_PLACEMENT_3D('',#10895,#10896,#10897);
#10899=PLANE('',#10898);
#10900=ORIENTED_EDGE('',*,*,#10715,.F.);
#10902=ORIENTED_EDGE('',*,*,#10901,.T.);
#10903=ORIENTED_EDGE('',*,*,#10774,.T.);
#10904=ORIENTED_EDGE('',*,*,#10882,.F.);
#10905=EDGE_LOOP('',(#10900,#10902,#10903,#10904));
#10906=FACE_OUTER_BOUND('',#10905,.F.);
#10907=ADVANCED_FACE('',(#10906),#10899,.T.);
#10908=FILL_AREA_STYLE_COLOUR('',#7);
#10909=FILL_AREA_STYLE('',(#10908));
#10910=SURFACE_STYLE_FILL_AREA(#10909);
#10911=SURFACE_SIDE_STYLE('',(#10910));
#10912=SURFACE_STYLE_USAGE(.BOTH.,#10911);
#10913=PRESENTATION_STYLE_ASSIGNMENT((#10912));
#10914=STYLED_ITEM('',(#10913),#10907);
#10915=CARTESIAN_POINT('',(-3.E-1,-1.5E0,-3.4E0));
#10916=DIRECTION('',(0.E0,-1.E0,0.E0));
#10917=DIRECTION('',(0.E0,0.E0,-1.E0));
#10918=AXIS2_PLACEMENT_3D('',#10915,#10916,#10917);
#10919=PLANE('',#10918);
#10921=ORIENTED_EDGE('',*,*,#10920,.F.);
#10922=ORIENTED_EDGE('',*,*,#10776,.T.);
#10923=ORIENTED_EDGE('',*,*,#10901,.F.);
#10924=ORIENTED_EDGE('',*,*,#10713,.F.);
#10925=EDGE_LOOP('',(#10921,#10922,#10923,#10924));
#10926=FACE_OUTER_BOUND('',#10925,.F.);
#10927=ADVANCED_FACE('',(#10926),#10919,.T.);
#10928=FILL_AREA_STYLE_COLOUR('',#7);
#10929=FILL_AREA_STYLE('',(#10928));
#10930=SURFACE_STYLE_FILL_AREA(#10929);
#10931=SURFACE_SIDE_STYLE('',(#10930));
#10932=SURFACE_STYLE_USAGE(.BOTH.,#10931);
#10933=PRESENTATION_STYLE_ASSIGNMENT((#10932));
#10934=STYLED_ITEM('',(#10933),#10927);
#10935=CARTESIAN_POINT('',(5.34382E0,-1.2E0,-3.573205080757E0));
#10936=DIRECTION('',(-1.E0,0.E0,0.E0));
#10937=DIRECTION('',(0.E0,-1.E0,0.E0));
#10938=AXIS2_PLACEMENT_3D('',#10935,#10936,#10937);
#10939=CYLINDRICAL_SURFACE('',#10938,3.E-1);
#10940=ORIENTED_EDGE('',*,*,#10711,.T.);
#10942=ORIENTED_EDGE('',*,*,#10941,.F.);
#10943=ORIENTED_EDGE('',*,*,#10778,.T.);
#10944=ORIENTED_EDGE('',*,*,#10920,.T.);
#10945=EDGE_LOOP('',(#10940,#10942,#10943,#10944));
#10946=FACE_OUTER_BOUND('',#10945,.F.);
#10947=ADVANCED_FACE('',(#10946),#10939,.T.);
#10948=FILL_AREA_STYLE_COLOUR('',#7);
#10949=FILL_AREA_STYLE('',(#10948));
#10950=SURFACE_STYLE_FILL_AREA(#10949);
#10951=SURFACE_SIDE_STYLE('',(#10950));
#10952=SURFACE_STYLE_USAGE(.BOTH.,#10951);
#10953=PRESENTATION_STYLE_ASSIGNMENT((#10952));
#10954=STYLED_ITEM('',(#10953),#10947);
#10955=CARTESIAN_POINT('',(-3.E-1,-7.E-1,-2.938119784648E0));
#10956=DIRECTION('',(0.E0,-5.E-1,8.660254037844E-1));
#10957=DIRECTION('',(0.E0,-8.660254037844E-1,-5.E-1));
#10958=AXIS2_PLACEMENT_3D('',#10955,#10956,#10957);
#10959=PLANE('',#10958);
#10961=ORIENTED_EDGE('',*,*,#10960,.T.);
#10962=ORIENTED_EDGE('',*,*,#10780,.T.);
#10963=ORIENTED_EDGE('',*,*,#10941,.T.);
#10964=ORIENTED_EDGE('',*,*,#10709,.F.);
#10965=EDGE_LOOP('',(#10961,#10962,#10963,#10964));
#10966=FACE_OUTER_BOUND('',#10965,.F.);
#10967=ADVANCED_FACE('',(#10966),#10959,.T.);
#10968=FILL_AREA_STYLE_COLOUR('',#7);
#10969=FILL_AREA_STYLE('',(#10968));
#10970=SURFACE_STYLE_FILL_AREA(#10969);
#10971=SURFACE_SIDE_STYLE('',(#10970));
#10972=SURFACE_STYLE_USAGE(.BOTH.,#10971);
#10973=PRESENTATION_STYLE_ASSIGNMENT((#10972));
#10974=STYLED_ITEM('',(#10973),#10967);
#10975=CARTESIAN_POINT('',(-3.49382E0,-7.5E-1,-2.909252271189E0));
#10976=DIRECTION('',(1.E0,0.E0,0.E0));
#10977=DIRECTION('',(0.E0,5.E-1,-8.660254037844E-1));
#10978=AXIS2_PLACEMENT_3D('',#10975,#10976,#10977);
#10979=CYLINDRICAL_SURFACE('',#10978,5.E-2);
#10980=ORIENTED_EDGE('',*,*,#10960,.F.);
#10981=ORIENTED_EDGE('',*,*,#10707,.T.);
#10982=ORIENTED_EDGE('',*,*,#10745,.T.);
#10983=ORIENTED_EDGE('',*,*,#10782,.T.);
#10984=EDGE_LOOP('',(#10980,#10981,#10982,#10983));
#10985=FACE_OUTER_BOUND('',#10984,.F.);
#10986=ADVANCED_FACE('',(#10985),#10979,.F.);
#10987=FILL_AREA_STYLE_COLOUR('',#7);
#10988=FILL_AREA_STYLE('',(#10987));
#10989=SURFACE_STYLE_FILL_AREA(#10988);
#10990=SURFACE_SIDE_STYLE('',(#10989));
#10991=SURFACE_STYLE_USAGE(.BOTH.,#10990);
#10992=PRESENTATION_STYLE_ASSIGNMENT((#10991));
#10993=STYLED_ITEM('',(#10992),#10986);
#10994=CARTESIAN_POINT('',(-2.15E0,-4.5E-1,0.E0));
#10995=DIRECTION('',(1.E0,0.E0,0.E0));
#10996=DIRECTION('',(0.E0,0.E0,-1.E0));
#10997=AXIS2_PLACEMENT_3D('',#10994,#10995,#10996);
#10998=PLANE('',#10997);
#10999=ORIENTED_EDGE('',*,*,#8378,.F.);
#11001=ORIENTED_EDGE('',*,*,#11000,.T.);
#11003=ORIENTED_EDGE('',*,*,#11002,.F.);
#11005=ORIENTED_EDGE('',*,*,#11004,.T.);
#11007=ORIENTED_EDGE('',*,*,#11006,.F.);
#11009=ORIENTED_EDGE('',*,*,#11008,.T.);
#11011=ORIENTED_EDGE('',*,*,#11010,.T.);
#11013=ORIENTED_EDGE('',*,*,#11012,.T.);
#11015=ORIENTED_EDGE('',*,*,#11014,.F.);
#11017=ORIENTED_EDGE('',*,*,#11016,.T.);
#11019=ORIENTED_EDGE('',*,*,#11018,.F.);
#11021=ORIENTED_EDGE('',*,*,#11020,.T.);
#11022=EDGE_LOOP('',(#10999,#11001,#11003,#11005,#11007,#11009,#11011,#11013,
#11015,#11017,#11019,#11021));
#11023=FACE_OUTER_BOUND('',#11022,.F.);
#11024=ADVANCED_FACE('',(#11023),#10998,.F.);
#11025=FILL_AREA_STYLE_COLOUR('',#7);
#11026=FILL_AREA_STYLE('',(#11025));
#11027=SURFACE_STYLE_FILL_AREA(#11026);
#11028=SURFACE_SIDE_STYLE('',(#11027));
#11029=SURFACE_STYLE_USAGE(.POSITIVE.,#11028);
#11030=PRESENTATION_STYLE_ASSIGNMENT((#11029));
#11031=STYLED_ITEM('',(#11030),#11024);
#11032=CARTESIAN_POINT('',(-2.15E0,-7.E-1,-1.75E0));
#11033=DIRECTION('',(0.E0,-1.E0,0.E0));
#11034=DIRECTION('',(0.E0,0.E0,-1.E0));
#11035=AXIS2_PLACEMENT_3D('',#11032,#11033,#11034);
#11036=PLANE('',#11035);
#11037=ORIENTED_EDGE('',*,*,#8384,.T.);
#11039=ORIENTED_EDGE('',*,*,#11038,.T.);
#11041=ORIENTED_EDGE('',*,*,#11040,.F.);
#11042=ORIENTED_EDGE('',*,*,#11000,.F.);
#11043=EDGE_LOOP('',(#11037,#11039,#11041,#11042));
#11044=FACE_OUTER_BOUND('',#11043,.F.);
#11045=ADVANCED_FACE('',(#11044),#11036,.T.);
#11046=FILL_AREA_STYLE_COLOUR('',#7);
#11047=FILL_AREA_STYLE('',(#11046));
#11048=SURFACE_STYLE_FILL_AREA(#11047);
#11049=SURFACE_SIDE_STYLE('',(#11048));
#11050=SURFACE_STYLE_USAGE(.BOTH.,#11049);
#11051=PRESENTATION_STYLE_ASSIGNMENT((#11050));
#11052=STYLED_ITEM('',(#11051),#11045);
#11053=CARTESIAN_POINT('',(-1.55E0,-4.5E-1,0.E0));
#11054=DIRECTION('',(1.E0,0.E0,0.E0));
#11055=DIRECTION('',(0.E0,0.E0,-1.E0));
#11056=AXIS2_PLACEMENT_3D('',#11053,#11054,#11055);
#11057=PLANE('',#11056);
#11058=ORIENTED_EDGE('',*,*,#8382,.T.);
#11060=ORIENTED_EDGE('',*,*,#11059,.F.);
#11062=ORIENTED_EDGE('',*,*,#11061,.F.);
#11064=ORIENTED_EDGE('',*,*,#11063,.F.);
#11066=ORIENTED_EDGE('',*,*,#11065,.F.);
#11068=ORIENTED_EDGE('',*,*,#11067,.F.);
#11070=ORIENTED_EDGE('',*,*,#11069,.F.);
#11072=ORIENTED_EDGE('',*,*,#11071,.F.);
#11074=ORIENTED_EDGE('',*,*,#11073,.F.);
#11076=ORIENTED_EDGE('',*,*,#11075,.F.);
#11078=ORIENTED_EDGE('',*,*,#11077,.F.);
#11079=ORIENTED_EDGE('',*,*,#11038,.F.);
#11080=EDGE_LOOP('',(#11058,#11060,#11062,#11064,#11066,#11068,#11070,#11072,
#11074,#11076,#11078,#11079));
#11081=FACE_OUTER_BOUND('',#11080,.F.);
#11082=ADVANCED_FACE('',(#11081),#11057,.T.);
#11083=FILL_AREA_STYLE_COLOUR('',#7);
#11084=FILL_AREA_STYLE('',(#11083));
#11085=SURFACE_STYLE_FILL_AREA(#11084);
#11086=SURFACE_SIDE_STYLE('',(#11085));
#11087=SURFACE_STYLE_USAGE(.POSITIVE.,#11086);
#11088=PRESENTATION_STYLE_ASSIGNMENT((#11087));
#11089=STYLED_ITEM('',(#11088),#11082);
#11090=CARTESIAN_POINT('',(-2.15E0,-4.5E-1,-3.082457351946E0));
#11091=DIRECTION('',(0.E0,1.E0,0.E0));
#11092=DIRECTION('',(0.E0,0.E0,1.E0));
#11093=AXIS2_PLACEMENT_3D('',#11090,#11091,#11092);
#11094=PLANE('',#11093);
#11095=ORIENTED_EDGE('',*,*,#8380,.F.);
#11096=ORIENTED_EDGE('',*,*,#11020,.F.);
#11098=ORIENTED_EDGE('',*,*,#11097,.F.);
#11099=ORIENTED_EDGE('',*,*,#11059,.T.);
#11100=EDGE_LOOP('',(#11095,#11096,#11098,#11099));
#11101=FACE_OUTER_BOUND('',#11100,.F.);
#11102=ADVANCED_FACE('',(#11101),#11094,.T.);
#11103=FILL_AREA_STYLE_COLOUR('',#7);
#11104=FILL_AREA_STYLE('',(#11103));
#11105=SURFACE_STYLE_FILL_AREA(#11104);
#11106=SURFACE_SIDE_STYLE('',(#11105));
#11107=SURFACE_STYLE_USAGE(.BOTH.,#11106);
#11108=PRESENTATION_STYLE_ASSIGNMENT((#11107));
#11109=STYLED_ITEM('',(#11108),#11102);
#11110=CARTESIAN_POINT('',(7.75548E0,-7.5E-1,-2.909252271189E0));
#11111=DIRECTION('',(-1.E0,0.E0,0.E0));
#11112=DIRECTION('',(0.E0,1.E0,0.E0));
#11113=AXIS2_PLACEMENT_3D('',#11110,#11111,#11112);
#11114=CYLINDRICAL_SURFACE('',#11113,3.E-1);
#11115=ORIENTED_EDGE('',*,*,#11018,.T.);
#11117=ORIENTED_EDGE('',*,*,#11116,.F.);
#11118=ORIENTED_EDGE('',*,*,#11061,.T.);
#11119=ORIENTED_EDGE('',*,*,#11097,.T.);
#11120=EDGE_LOOP('',(#11115,#11117,#11118,#11119));
#11121=FACE_OUTER_BOUND('',#11120,.F.);
#11122=ADVANCED_FACE('',(#11121),#11114,.T.);
#11123=FILL_AREA_STYLE_COLOUR('',#7);
#11124=FILL_AREA_STYLE('',(#11123));
#11125=SURFACE_STYLE_FILL_AREA(#11124);
#11126=SURFACE_SIDE_STYLE('',(#11125));
#11127=SURFACE_STYLE_USAGE(.BOTH.,#11126);
#11128=PRESENTATION_STYLE_ASSIGNMENT((#11127));
#11129=STYLED_ITEM('',(#11128),#11122);
#11130=CARTESIAN_POINT('',(-2.15E0,-1.25E0,-3.544337567297E0));
#11131=DIRECTION('',(0.E0,5.E-1,-8.660254037844E-1));
#11132=DIRECTION('',(0.E0,8.660254037844E-1,5.E-1));
#11133=AXIS2_PLACEMENT_3D('',#11130,#11131,#11132);
#11134=PLANE('',#11133);
#11136=ORIENTED_EDGE('',*,*,#11135,.T.);
#11137=ORIENTED_EDGE('',*,*,#11063,.T.);
#11138=ORIENTED_EDGE('',*,*,#11116,.T.);
#11139=ORIENTED_EDGE('',*,*,#11016,.F.);
#11140=EDGE_LOOP('',(#11136,#11137,#11138,#11139));
#11141=FACE_OUTER_BOUND('',#11140,.F.);
#11142=ADVANCED_FACE('',(#11141),#11134,.T.);
#11143=FILL_AREA_STYLE_COLOUR('',#7);
#11144=FILL_AREA_STYLE('',(#11143));
#11145=SURFACE_STYLE_FILL_AREA(#11144);
#11146=SURFACE_SIDE_STYLE('',(#11145));
#11147=SURFACE_STYLE_USAGE(.BOTH.,#11146);
#11148=PRESENTATION_STYLE_ASSIGNMENT((#11147));
#11149=STYLED_ITEM('',(#11148),#11142);
#11150=CARTESIAN_POINT('',(-7.75548E0,-1.2E0,-3.573205080757E0));
#11151=DIRECTION('',(1.E0,0.E0,0.E0));
#11152=DIRECTION('',(0.E0,-5.E-1,8.660254037844E-1));
#11153=AXIS2_PLACEMENT_3D('',#11150,#11151,#11152);
#11154=CYLINDRICAL_SURFACE('',#11153,5.E-2);
#11155=ORIENTED_EDGE('',*,*,#11135,.F.);
#11156=ORIENTED_EDGE('',*,*,#11014,.T.);
#11158=ORIENTED_EDGE('',*,*,#11157,.T.);
#11159=ORIENTED_EDGE('',*,*,#11065,.T.);
#11160=EDGE_LOOP('',(#11155,#11156,#11158,#11159));
#11161=FACE_OUTER_BOUND('',#11160,.F.);
#11162=ADVANCED_FACE('',(#11161),#11154,.F.);
#11163=FILL_AREA_STYLE_COLOUR('',#7);
#11164=FILL_AREA_STYLE('',(#11163));
#11165=SURFACE_STYLE_FILL_AREA(#11164);
#11166=SURFACE_SIDE_STYLE('',(#11165));
#11167=SURFACE_STYLE_USAGE(.BOTH.,#11166);
#11168=PRESENTATION_STYLE_ASSIGNMENT((#11167));
#11169=STYLED_ITEM('',(#11168),#11162);
#11170=CARTESIAN_POINT('',(-2.15E0,-1.25E0,-4.05E0));
#11171=DIRECTION('',(0.E0,1.E0,0.E0));
#11172=DIRECTION('',(0.E0,0.E0,1.E0));
#11173=AXIS2_PLACEMENT_3D('',#11170,#11171,#11172);
#11174=PLANE('',#11173);
#11175=ORIENTED_EDGE('',*,*,#11157,.F.);
#11176=ORIENTED_EDGE('',*,*,#11012,.F.);
#11178=ORIENTED_EDGE('',*,*,#11177,.T.);
#11179=ORIENTED_EDGE('',*,*,#11067,.T.);
#11180=EDGE_LOOP('',(#11175,#11176,#11178,#11179));
#11181=FACE_OUTER_BOUND('',#11180,.F.);
#11182=ADVANCED_FACE('',(#11181),#11174,.T.);
#11183=FILL_AREA_STYLE_COLOUR('',#7);
#11184=FILL_AREA_STYLE('',(#11183));
#11185=SURFACE_STYLE_FILL_AREA(#11184);
#11186=SURFACE_SIDE_STYLE('',(#11185));
#11187=SURFACE_STYLE_USAGE(.BOTH.,#11186);
#11188=PRESENTATION_STYLE_ASSIGNMENT((#11187));
#11189=STYLED_ITEM('',(#11188),#11182);
#11190=CARTESIAN_POINT('',(-2.15E0,-1.5E0,-4.05E0));
#11191=DIRECTION('',(0.E0,0.E0,-1.E0));
#11192=DIRECTION('',(0.E0,1.E0,0.E0));
#11193=AXIS2_PLACEMENT_3D('',#11190,#11191,#11192);
#11194=PLANE('',#11193);
#11195=ORIENTED_EDGE('',*,*,#11010,.F.);
#11197=ORIENTED_EDGE('',*,*,#11196,.T.);
#11198=ORIENTED_EDGE('',*,*,#11069,.T.);
#11199=ORIENTED_EDGE('',*,*,#11177,.F.);
#11200=EDGE_LOOP('',(#11195,#11197,#11198,#11199));
#11201=FACE_OUTER_BOUND('',#11200,.F.);
#11202=ADVANCED_FACE('',(#11201),#11194,.T.);
#11203=FILL_AREA_STYLE_COLOUR('',#7);
#11204=FILL_AREA_STYLE('',(#11203));
#11205=SURFACE_STYLE_FILL_AREA(#11204);
#11206=SURFACE_SIDE_STYLE('',(#11205));
#11207=SURFACE_STYLE_USAGE(.BOTH.,#11206);
#11208=PRESENTATION_STYLE_ASSIGNMENT((#11207));
#11209=STYLED_ITEM('',(#11208),#11202);
#11210=CARTESIAN_POINT('',(-2.15E0,-1.5E0,-3.4E0));
#11211=DIRECTION('',(0.E0,-1.E0,0.E0));
#11212=DIRECTION('',(0.E0,0.E0,-1.E0));
#11213=AXIS2_PLACEMENT_3D('',#11210,#11211,#11212);
#11214=PLANE('',#11213);
#11216=ORIENTED_EDGE('',*,*,#11215,.F.);
#11217=ORIENTED_EDGE('',*,*,#11071,.T.);
#11218=ORIENTED_EDGE('',*,*,#11196,.F.);
#11219=ORIENTED_EDGE('',*,*,#11008,.F.);
#11220=EDGE_LOOP('',(#11216,#11217,#11218,#11219));
#11221=FACE_OUTER_BOUND('',#11220,.F.);
#11222=ADVANCED_FACE('',(#11221),#11214,.T.);
#11223=FILL_AREA_STYLE_COLOUR('',#7);
#11224=FILL_AREA_STYLE('',(#11223));
#11225=SURFACE_STYLE_FILL_AREA(#11224);
#11226=SURFACE_SIDE_STYLE('',(#11225));
#11227=SURFACE_STYLE_USAGE(.BOTH.,#11226);
#11228=PRESENTATION_STYLE_ASSIGNMENT((#11227));
#11229=STYLED_ITEM('',(#11228),#11222);
#11230=CARTESIAN_POINT('',(7.75548E0,-1.2E0,-3.573205080757E0));
#11231=DIRECTION('',(-1.E0,0.E0,0.E0));
#11232=DIRECTION('',(0.E0,-1.E0,0.E0));
#11233=AXIS2_PLACEMENT_3D('',#11230,#11231,#11232);
#11234=CYLINDRICAL_SURFACE('',#11233,3.E-1);
#11235=ORIENTED_EDGE('',*,*,#11006,.T.);
#11237=ORIENTED_EDGE('',*,*,#11236,.F.);
#11238=ORIENTED_EDGE('',*,*,#11073,.T.);
#11239=ORIENTED_EDGE('',*,*,#11215,.T.);
#11240=EDGE_LOOP('',(#11235,#11237,#11238,#11239));
#11241=FACE_OUTER_BOUND('',#11240,.F.);
#11242=ADVANCED_FACE('',(#11241),#11234,.T.);
#11243=FILL_AREA_STYLE_COLOUR('',#7);
#11244=FILL_AREA_STYLE('',(#11243));
#11245=SURFACE_STYLE_FILL_AREA(#11244);
#11246=SURFACE_SIDE_STYLE('',(#11245));
#11247=SURFACE_STYLE_USAGE(.BOTH.,#11246);
#11248=PRESENTATION_STYLE_ASSIGNMENT((#11247));
#11249=STYLED_ITEM('',(#11248),#11242);
#11250=CARTESIAN_POINT('',(-2.15E0,-7.E-1,-2.938119784648E0));
#11251=DIRECTION('',(0.E0,-5.E-1,8.660254037844E-1));
#11252=DIRECTION('',(0.E0,-8.660254037844E-1,-5.E-1));
#11253=AXIS2_PLACEMENT_3D('',#11250,#11251,#11252);
#11254=PLANE('',#11253);
#11256=ORIENTED_EDGE('',*,*,#11255,.T.);
#11257=ORIENTED_EDGE('',*,*,#11075,.T.);
#11258=ORIENTED_EDGE('',*,*,#11236,.T.);
#11259=ORIENTED_EDGE('',*,*,#11004,.F.);
#11260=EDGE_LOOP('',(#11256,#11257,#11258,#11259));
#11261=FACE_OUTER_BOUND('',#11260,.F.);
#11262=ADVANCED_FACE('',(#11261),#11254,.T.);
#11263=FILL_AREA_STYLE_COLOUR('',#7);
#11264=FILL_AREA_STYLE('',(#11263));
#11265=SURFACE_STYLE_FILL_AREA(#11264);
#11266=SURFACE_SIDE_STYLE('',(#11265));
#11267=SURFACE_STYLE_USAGE(.BOTH.,#11266);
#11268=PRESENTATION_STYLE_ASSIGNMENT((#11267));
#11269=STYLED_ITEM('',(#11268),#11262);
#11270=CARTESIAN_POINT('',(-7.75548E0,-7.5E-1,-2.909252271189E0));
#11271=DIRECTION('',(1.E0,0.E0,0.E0));
#11272=DIRECTION('',(0.E0,5.E-1,-8.660254037844E-1));
#11273=AXIS2_PLACEMENT_3D('',#11270,#11271,#11272);
#11274=CYLINDRICAL_SURFACE('',#11273,5.E-2);
#11275=ORIENTED_EDGE('',*,*,#11255,.F.);
#11276=ORIENTED_EDGE('',*,*,#11002,.T.);
#11277=ORIENTED_EDGE('',*,*,#11040,.T.);
#11278=ORIENTED_EDGE('',*,*,#11077,.T.);
#11279=EDGE_LOOP('',(#11275,#11276,#11277,#11278));
#11280=FACE_OUTER_BOUND('',#11279,.F.);
#11281=ADVANCED_FACE('',(#11280),#11274,.F.);
#11282=FILL_AREA_STYLE_COLOUR('',#7);
#11283=FILL_AREA_STYLE('',(#11282));
#11284=SURFACE_STYLE_FILL_AREA(#11283);
#11285=SURFACE_SIDE_STYLE('',(#11284));
#11286=SURFACE_STYLE_USAGE(.BOTH.,#11285);
#11287=PRESENTATION_STYLE_ASSIGNMENT((#11286));
#11288=STYLED_ITEM('',(#11287),#11281);
#11289=CARTESIAN_POINT('',(-1.136268E1,-4.5E-1,1.971686346440E0));
#11290=DIRECTION('',(1.E0,0.E0,0.E0));
#11291=DIRECTION('',(0.E0,-1.E0,0.E0));
#11292=AXIS2_PLACEMENT_3D('',#11289,#11290,#11291);
#11293=CYLINDRICAL_SURFACE('',#11292,2.5E-1);
#11294=ORIENTED_EDGE('',*,*,#6336,.F.);
#11295=ORIENTED_EDGE('',*,*,#6388,.T.);
#11297=ORIENTED_EDGE('',*,*,#11296,.F.);
#11298=ORIENTED_EDGE('',*,*,#6567,.F.);
#11299=EDGE_LOOP('',(#11294,#11295,#11297,#11298));
#11300=FACE_OUTER_BOUND('',#11299,.F.);
#11301=ADVANCED_FACE('',(#11300),#11293,.T.);
#11302=FILL_AREA_STYLE_COLOUR('',#2);
#11303=FILL_AREA_STYLE('',(#11302));
#11304=SURFACE_STYLE_FILL_AREA(#11303);
#11305=SURFACE_SIDE_STYLE('',(#11304));
#11306=SURFACE_STYLE_USAGE(.POSITIVE.,#11305);
#11307=FILL_AREA_STYLE_COLOUR('',#1);
#11308=FILL_AREA_STYLE('',(#11307));
#11309=SURFACE_STYLE_FILL_AREA(#11308);
#11310=SURFACE_SIDE_STYLE('',(#11309));
#11311=SURFACE_STYLE_USAGE(.NEGATIVE.,#11310);
#11312=PRESENTATION_STYLE_ASSIGNMENT((#11306,#11311));
#11313=STYLED_ITEM('',(#11312),#11301);
#11314=CARTESIAN_POINT('',(1.075E0,-4.5E-1,1.971686346440E0));
#11315=DIRECTION('',(1.E0,0.E0,0.E0));
#11316=DIRECTION('',(0.E0,-8.037709399225E-1,-5.949388843706E-1));
#11317=AXIS2_PLACEMENT_3D('',#11314,#11315,#11316);
#11318=TOROIDAL_SURFACE('',#11317,4.E-1,1.5E-1);
#11319=ORIENTED_EDGE('',*,*,#6438,.F.);
#11320=ORIENTED_EDGE('',*,*,#6470,.T.);
#11321=ORIENTED_EDGE('',*,*,#11296,.T.);
#11322=ORIENTED_EDGE('',*,*,#6412,.F.);
#11323=EDGE_LOOP('',(#11319,#11320,#11321,#11322));
#11324=FACE_OUTER_BOUND('',#11323,.F.);
#11325=ADVANCED_FACE('',(#11324),#11318,.F.);
#11326=FILL_AREA_STYLE_COLOUR('',#2);
#11327=FILL_AREA_STYLE('',(#11326));
#11328=SURFACE_STYLE_FILL_AREA(#11327);
#11329=SURFACE_SIDE_STYLE('',(#11328));
#11330=SURFACE_STYLE_USAGE(.POSITIVE.,#11329);
#11331=FILL_AREA_STYLE_COLOUR('',#1);
#11332=FILL_AREA_STYLE('',(#11331));
#11333=SURFACE_STYLE_FILL_AREA(#11332);
#11334=SURFACE_SIDE_STYLE('',(#11333));
#11335=SURFACE_STYLE_USAGE(.NEGATIVE.,#11334);
#11336=PRESENTATION_STYLE_ASSIGNMENT((#11330,#11335));
#11337=STYLED_ITEM('',(#11336),#11325);
#11338=CARTESIAN_POINT('',(1.375E0,-6.47958E0,1.6E0));
#11339=DIRECTION('',(0.E0,1.E0,0.E0));
#11340=DIRECTION('',(0.E0,0.E0,-1.E0));
#11341=AXIS2_PLACEMENT_3D('',#11338,#11339,#11340);
#11342=CYLINDRICAL_SURFACE('',#11341,1.5E-1);
#11343=ORIENTED_EDGE('',*,*,#6539,.T.);
#11344=ORIENTED_EDGE('',*,*,#6443,.F.);
#11345=ORIENTED_EDGE('',*,*,#6126,.T.);
#11346=ORIENTED_EDGE('',*,*,#5435,.T.);
#11347=EDGE_LOOP('',(#11343,#11344,#11345,#11346));
#11348=FACE_OUTER_BOUND('',#11347,.F.);
#11349=ADVANCED_FACE('',(#11348),#11342,.T.);
#11350=FILL_AREA_STYLE_COLOUR('',#2);
#11351=FILL_AREA_STYLE('',(#11350));
#11352=SURFACE_STYLE_FILL_AREA(#11351);
#11353=SURFACE_SIDE_STYLE('',(#11352));
#11354=SURFACE_STYLE_USAGE(.POSITIVE.,#11353);
#11355=FILL_AREA_STYLE_COLOUR('',#1);
#11356=FILL_AREA_STYLE('',(#11355));
#11357=SURFACE_STYLE_FILL_AREA(#11356);
#11358=SURFACE_SIDE_STYLE('',(#11357));
#11359=SURFACE_STYLE_USAGE(.NEGATIVE.,#11358);
#11360=PRESENTATION_STYLE_ASSIGNMENT((#11354,#11359));
#11361=STYLED_ITEM('',(#11360),#11349);
#11362=CARTESIAN_POINT('',(-2.85E0,-9.E-1,2.5E0));
#11363=DIRECTION('',(0.E0,1.E0,0.E0));
#11364=DIRECTION('',(-1.E0,0.E0,0.E0));
#11365=AXIS2_PLACEMENT_3D('',#11362,#11363,#11364);
#11366=PLANE('',#11365);
#11368=ORIENTED_EDGE('',*,*,#11367,.F.);
#11369=ORIENTED_EDGE('',*,*,#5858,.T.);
#11370=ORIENTED_EDGE('',*,*,#5798,.T.);
#11371=ORIENTED_EDGE('',*,*,#5469,.F.);
#11373=ORIENTED_EDGE('',*,*,#11372,.F.);
#11375=ORIENTED_EDGE('',*,*,#11374,.T.);
#11376=EDGE_LOOP('',(#11368,#11369,#11370,#11371,#11373,#11375));
#11377=FACE_OUTER_BOUND('',#11376,.F.);
#11378=ADVANCED_FACE('',(#11377),#11366,.F.);
#11379=FILL_AREA_STYLE_COLOUR('',#2);
#11380=FILL_AREA_STYLE('',(#11379));
#11381=SURFACE_STYLE_FILL_AREA(#11380);
#11382=SURFACE_SIDE_STYLE('',(#11381));
#11383=SURFACE_STYLE_USAGE(.POSITIVE.,#11382);
#11384=FILL_AREA_STYLE_COLOUR('',#1);
#11385=FILL_AREA_STYLE('',(#11384));
#11386=SURFACE_STYLE_FILL_AREA(#11385);
#11387=SURFACE_SIDE_STYLE('',(#11386));
#11388=SURFACE_STYLE_USAGE(.NEGATIVE.,#11387);
#11389=PRESENTATION_STYLE_ASSIGNMENT((#11383,#11388));
#11390=STYLED_ITEM('',(#11389),#11378);
#11391=CARTESIAN_POINT('',(-2.95E0,8.132832680592E0,2.3E0));
#11392=DIRECTION('',(0.E0,-1.E0,0.E0));
#11393=DIRECTION('',(0.E0,0.E0,1.E0));
#11394=AXIS2_PLACEMENT_3D('',#11391,#11392,#11393);
#11395=CYLINDRICAL_SURFACE('',#11394,2.E-1);
#11396=ORIENTED_EDGE('',*,*,#5406,.F.);
#11397=ORIENTED_EDGE('',*,*,#5860,.T.);
#11398=ORIENTED_EDGE('',*,*,#11367,.T.);
#11400=ORIENTED_EDGE('',*,*,#11399,.F.);
#11401=EDGE_LOOP('',(#11396,#11397,#11398,#11400));
#11402=FACE_OUTER_BOUND('',#11401,.F.);
#11403=ADVANCED_FACE('',(#11402),#11395,.T.);
#11404=FILL_AREA_STYLE_COLOUR('',#2);
#11405=FILL_AREA_STYLE('',(#11404));
#11406=SURFACE_STYLE_FILL_AREA(#11405);
#11407=SURFACE_SIDE_STYLE('',(#11406));
#11408=SURFACE_STYLE_USAGE(.POSITIVE.,#11407);
#11409=FILL_AREA_STYLE_COLOUR('',#1);
#11410=FILL_AREA_STYLE('',(#11409));
#11411=SURFACE_STYLE_FILL_AREA(#11410);
#11412=SURFACE_SIDE_STYLE('',(#11411));
#11413=SURFACE_STYLE_USAGE(.NEGATIVE.,#11412);
#11414=PRESENTATION_STYLE_ASSIGNMENT((#11408,#11413));
#11415=STYLED_ITEM('',(#11414),#11403);
#11416=CARTESIAN_POINT('',(-3.15E0,0.E0,1.85E0));
#11417=DIRECTION('',(-1.E0,0.E0,0.E0));
#11418=DIRECTION('',(0.E0,-1.E0,0.E0));
#11419=AXIS2_PLACEMENT_3D('',#11416,#11417,#11418);
#11420=PLANE('',#11419);
#11421=ORIENTED_EDGE('',*,*,#5408,.T.);
#11422=ORIENTED_EDGE('',*,*,#11399,.T.);
#11423=ORIENTED_EDGE('',*,*,#11374,.F.);
#11425=ORIENTED_EDGE('',*,*,#11424,.T.);
#11426=EDGE_LOOP('',(#11421,#11422,#11423,#11425));
#11427=FACE_OUTER_BOUND('',#11426,.F.);
#11428=ADVANCED_FACE('',(#11427),#11420,.T.);
#11429=FILL_AREA_STYLE_COLOUR('',#5);
#11430=FILL_AREA_STYLE('',(#11429));
#11431=SURFACE_STYLE_FILL_AREA(#11430);
#11432=SURFACE_SIDE_STYLE('',(#11431));
#11433=SURFACE_STYLE_USAGE(.POSITIVE.,#11432);
#11434=FILL_AREA_STYLE_COLOUR('',#1);
#11435=FILL_AREA_STYLE('',(#11434));
#11436=SURFACE_STYLE_FILL_AREA(#11435);
#11437=SURFACE_SIDE_STYLE('',(#11436));
#11438=SURFACE_STYLE_USAGE(.NEGATIVE.,#11437);
#11439=PRESENTATION_STYLE_ASSIGNMENT((#11433,#11438));
#11440=STYLED_ITEM('',(#11439),#11428);
#11441=CARTESIAN_POINT('',(-2.95E0,-6.481420681724E0,1.65E0));
#11442=DIRECTION('',(0.E0,1.E0,0.E0));
#11443=DIRECTION('',(0.E0,0.E0,-1.E0));
#11444=AXIS2_PLACEMENT_3D('',#11441,#11442,#11443);
#11445=CYLINDRICAL_SURFACE('',#11444,2.E-1);
#11446=ORIENTED_EDGE('',*,*,#5410,.T.);
#11447=ORIENTED_EDGE('',*,*,#11424,.F.);
#11448=ORIENTED_EDGE('',*,*,#11372,.T.);
#11449=ORIENTED_EDGE('',*,*,#5467,.T.);
#11450=EDGE_LOOP('',(#11446,#11447,#11448,#11449));
#11451=FACE_OUTER_BOUND('',#11450,.F.);
#11452=ADVANCED_FACE('',(#11451),#11445,.T.);
#11453=FILL_AREA_STYLE_COLOUR('',#2);
#11454=FILL_AREA_STYLE('',(#11453));
#11455=SURFACE_STYLE_FILL_AREA(#11454);
#11456=SURFACE_SIDE_STYLE('',(#11455));
#11457=SURFACE_STYLE_USAGE(.POSITIVE.,#11456);
#11458=FILL_AREA_STYLE_COLOUR('',#1);
#11459=FILL_AREA_STYLE('',(#11458));
#11460=SURFACE_STYLE_FILL_AREA(#11459);
#11461=SURFACE_SIDE_STYLE('',(#11460));
#11462=SURFACE_STYLE_USAGE(.NEGATIVE.,#11461);
#11463=PRESENTATION_STYLE_ASSIGNMENT((#11457,#11462));
#11464=STYLED_ITEM('',(#11463),#11452);
#11465=CARTESIAN_POINT('',(1.55E0,-4.5E-1,0.E0));
#11466=DIRECTION('',(1.E0,0.E0,0.E0));
#11467=DIRECTION('',(0.E0,0.E0,-1.E0));
#11468=AXIS2_PLACEMENT_3D('',#11465,#11466,#11467);
#11469=PLANE('',#11468);
#11470=ORIENTED_EDGE('',*,*,#5865,.T.);
#11472=ORIENTED_EDGE('',*,*,#11471,.T.);
#11474=ORIENTED_EDGE('',*,*,#11473,.F.);
#11476=ORIENTED_EDGE('',*,*,#11475,.T.);
#11478=ORIENTED_EDGE('',*,*,#11477,.F.);
#11480=ORIENTED_EDGE('',*,*,#11479,.T.);
#11482=ORIENTED_EDGE('',*,*,#11481,.T.);
#11484=ORIENTED_EDGE('',*,*,#11483,.T.);
#11486=ORIENTED_EDGE('',*,*,#11485,.F.);
#11488=ORIENTED_EDGE('',*,*,#11487,.T.);
#11490=ORIENTED_EDGE('',*,*,#11489,.F.);
#11492=ORIENTED_EDGE('',*,*,#11491,.T.);
#11493=EDGE_LOOP('',(#11470,#11472,#11474,#11476,#11478,#11480,#11482,#11484,
#11486,#11488,#11490,#11492));
#11494=FACE_OUTER_BOUND('',#11493,.F.);
#11495=ADVANCED_FACE('',(#11494),#11469,.F.);
#11496=FILL_AREA_STYLE_COLOUR('',#7);
#11497=FILL_AREA_STYLE('',(#11496));
#11498=SURFACE_STYLE_FILL_AREA(#11497);
#11499=SURFACE_SIDE_STYLE('',(#11498));
#11500=SURFACE_STYLE_USAGE(.BOTH.,#11499);
#11501=PRESENTATION_STYLE_ASSIGNMENT((#11500));
#11502=STYLED_ITEM('',(#11501),#11495);
#11503=CARTESIAN_POINT('',(1.55E0,-4.5E-1,1.75E0));
#11504=DIRECTION('',(0.E0,1.E0,0.E0));
#11505=DIRECTION('',(0.E0,0.E0,1.E0));
#11506=AXIS2_PLACEMENT_3D('',#11503,#11504,#11505);
#11507=PLANE('',#11506);
#11508=ORIENTED_EDGE('',*,*,#5871,.T.);
#11510=ORIENTED_EDGE('',*,*,#11509,.T.);
#11512=ORIENTED_EDGE('',*,*,#11511,.T.);
#11513=ORIENTED_EDGE('',*,*,#11471,.F.);
#11514=EDGE_LOOP('',(#11508,#11510,#11512,#11513));
#11515=FACE_OUTER_BOUND('',#11514,.F.);
#11516=ADVANCED_FACE('',(#11515),#11507,.T.);
#11517=FILL_AREA_STYLE_COLOUR('',#7);
#11518=FILL_AREA_STYLE('',(#11517));
#11519=SURFACE_STYLE_FILL_AREA(#11518);
#11520=SURFACE_SIDE_STYLE('',(#11519));
#11521=SURFACE_STYLE_USAGE(.BOTH.,#11520);
#11522=PRESENTATION_STYLE_ASSIGNMENT((#11521));
#11523=STYLED_ITEM('',(#11522),#11516);
#11524=CARTESIAN_POINT('',(2.15E0,-4.5E-1,0.E0));
#11525=DIRECTION('',(1.E0,0.E0,0.E0));
#11526=DIRECTION('',(0.E0,0.E0,-1.E0));
#11527=AXIS2_PLACEMENT_3D('',#11524,#11525,#11526);
#11528=PLANE('',#11527);
#11529=ORIENTED_EDGE('',*,*,#5869,.F.);
#11531=ORIENTED_EDGE('',*,*,#11530,.F.);
#11533=ORIENTED_EDGE('',*,*,#11532,.F.);
#11535=ORIENTED_EDGE('',*,*,#11534,.F.);
#11537=ORIENTED_EDGE('',*,*,#11536,.F.);
#11539=ORIENTED_EDGE('',*,*,#11538,.F.);
#11541=ORIENTED_EDGE('',*,*,#11540,.F.);
#11543=ORIENTED_EDGE('',*,*,#11542,.F.);
#11545=ORIENTED_EDGE('',*,*,#11544,.F.);
#11547=ORIENTED_EDGE('',*,*,#11546,.F.);
#11549=ORIENTED_EDGE('',*,*,#11548,.F.);
#11550=ORIENTED_EDGE('',*,*,#11509,.F.);
#11551=EDGE_LOOP('',(#11529,#11531,#11533,#11535,#11537,#11539,#11541,#11543,
#11545,#11547,#11549,#11550));
#11552=FACE_OUTER_BOUND('',#11551,.F.);
#11553=ADVANCED_FACE('',(#11552),#11528,.T.);
#11554=FILL_AREA_STYLE_COLOUR('',#7);
#11555=FILL_AREA_STYLE('',(#11554));
#11556=SURFACE_STYLE_FILL_AREA(#11555);
#11557=SURFACE_SIDE_STYLE('',(#11556));
#11558=SURFACE_STYLE_USAGE(.BOTH.,#11557);
#11559=PRESENTATION_STYLE_ASSIGNMENT((#11558));
#11560=STYLED_ITEM('',(#11559),#11553);
#11561=CARTESIAN_POINT('',(1.55E0,-7.E-1,2.938119784648E0));
#11562=DIRECTION('',(0.E0,-1.E0,0.E0));
#11563=DIRECTION('',(0.E0,0.E0,-1.E0));
#11564=AXIS2_PLACEMENT_3D('',#11561,#11562,#11563);
#11565=PLANE('',#11564);
#11566=ORIENTED_EDGE('',*,*,#5867,.F.);
#11567=ORIENTED_EDGE('',*,*,#11491,.F.);
#11569=ORIENTED_EDGE('',*,*,#11568,.T.);
#11570=ORIENTED_EDGE('',*,*,#11530,.T.);
#11571=EDGE_LOOP('',(#11566,#11567,#11569,#11570));
#11572=FACE_OUTER_BOUND('',#11571,.F.);
#11573=ADVANCED_FACE('',(#11572),#11565,.T.);
#11574=FILL_AREA_STYLE_COLOUR('',#7);
#11575=FILL_AREA_STYLE('',(#11574));
#11576=SURFACE_STYLE_FILL_AREA(#11575);
#11577=SURFACE_SIDE_STYLE('',(#11576));
#11578=SURFACE_STYLE_USAGE(.BOTH.,#11577);
#11579=PRESENTATION_STYLE_ASSIGNMENT((#11578));
#11580=STYLED_ITEM('',(#11579),#11573);
#11581=CARTESIAN_POINT('',(7.6784E-1,-7.5E-1,2.909252271189E0));
#11582=DIRECTION('',(1.E0,0.E0,0.E0));
#11583=DIRECTION('',(0.E0,1.E0,0.E0));
#11584=AXIS2_PLACEMENT_3D('',#11581,#11582,#11583);
#11585=CYLINDRICAL_SURFACE('',#11584,5.E-2);
#11586=ORIENTED_EDGE('',*,*,#11568,.F.);
#11587=ORIENTED_EDGE('',*,*,#11489,.T.);
#11589=ORIENTED_EDGE('',*,*,#11588,.T.);
#11590=ORIENTED_EDGE('',*,*,#11532,.T.);
#11591=EDGE_LOOP('',(#11586,#11587,#11589,#11590));
#11592=FACE_OUTER_BOUND('',#11591,.F.);
#11593=ADVANCED_FACE('',(#11592),#11585,.F.);
#11594=FILL_AREA_STYLE_COLOUR('',#7);
#11595=FILL_AREA_STYLE('',(#11594));
#11596=SURFACE_STYLE_FILL_AREA(#11595);
#11597=SURFACE_SIDE_STYLE('',(#11596));
#11598=SURFACE_STYLE_USAGE(.BOTH.,#11597);
#11599=PRESENTATION_STYLE_ASSIGNMENT((#11598));
#11600=STYLED_ITEM('',(#11599),#11593);
#11601=CARTESIAN_POINT('',(1.55E0,-1.5E0,3.4E0));
#11602=DIRECTION('',(0.E0,-5.E-1,-8.660254037844E-1));
#11603=DIRECTION('',(0.E0,8.660254037844E-1,-5.E-1));
#11604=AXIS2_PLACEMENT_3D('',#11601,#11602,#11603);
#11605=PLANE('',#11604);
#11606=ORIENTED_EDGE('',*,*,#11588,.F.);
#11607=ORIENTED_EDGE('',*,*,#11487,.F.);
#11609=ORIENTED_EDGE('',*,*,#11608,.F.);
#11610=ORIENTED_EDGE('',*,*,#11534,.T.);
#11611=EDGE_LOOP('',(#11606,#11607,#11609,#11610));
#11612=FACE_OUTER_BOUND('',#11611,.F.);
#11613=ADVANCED_FACE('',(#11612),#11605,.T.);
#11614=FILL_AREA_STYLE_COLOUR('',#7);
#11615=FILL_AREA_STYLE('',(#11614));
#11616=SURFACE_STYLE_FILL_AREA(#11615);
#11617=SURFACE_SIDE_STYLE('',(#11616));
#11618=SURFACE_STYLE_USAGE(.BOTH.,#11617);
#11619=PRESENTATION_STYLE_ASSIGNMENT((#11618));
#11620=STYLED_ITEM('',(#11619),#11613);
#11621=CARTESIAN_POINT('',(2.93216E0,-1.2E0,3.573205080757E0));
#11622=DIRECTION('',(-1.E0,0.E0,0.E0));
#11623=DIRECTION('',(0.E0,-5.E-1,-8.660254037844E-1));
#11624=AXIS2_PLACEMENT_3D('',#11621,#11622,#11623);
#11625=CYLINDRICAL_SURFACE('',#11624,3.E-1);
#11626=ORIENTED_EDGE('',*,*,#11485,.T.);
#11628=ORIENTED_EDGE('',*,*,#11627,.F.);
#11629=ORIENTED_EDGE('',*,*,#11536,.T.);
#11630=ORIENTED_EDGE('',*,*,#11608,.T.);
#11631=EDGE_LOOP('',(#11626,#11628,#11629,#11630));
#11632=FACE_OUTER_BOUND('',#11631,.F.);
#11633=ADVANCED_FACE('',(#11632),#11625,.T.);
#11634=FILL_AREA_STYLE_COLOUR('',#7);
#11635=FILL_AREA_STYLE('',(#11634));
#11636=SURFACE_STYLE_FILL_AREA(#11635);
#11637=SURFACE_SIDE_STYLE('',(#11636));
#11638=SURFACE_STYLE_USAGE(.BOTH.,#11637);
#11639=PRESENTATION_STYLE_ASSIGNMENT((#11638));
#11640=STYLED_ITEM('',(#11639),#11633);
#11641=CARTESIAN_POINT('',(1.55E0,-1.5E0,4.05E0));
#11642=DIRECTION('',(0.E0,-1.E0,0.E0));
#11643=DIRECTION('',(0.E0,0.E0,-1.E0));
#11644=AXIS2_PLACEMENT_3D('',#11641,#11642,#11643);
#11645=PLANE('',#11644);
#11646=ORIENTED_EDGE('',*,*,#11627,.T.);
#11647=ORIENTED_EDGE('',*,*,#11483,.F.);
#11649=ORIENTED_EDGE('',*,*,#11648,.T.);
#11650=ORIENTED_EDGE('',*,*,#11538,.T.);
#11651=EDGE_LOOP('',(#11646,#11647,#11649,#11650));
#11652=FACE_OUTER_BOUND('',#11651,.F.);
#11653=ADVANCED_FACE('',(#11652),#11645,.T.);
#11654=FILL_AREA_STYLE_COLOUR('',#7);
#11655=FILL_AREA_STYLE('',(#11654));
#11656=SURFACE_STYLE_FILL_AREA(#11655);
#11657=SURFACE_SIDE_STYLE('',(#11656));
#11658=SURFACE_STYLE_USAGE(.BOTH.,#11657);
#11659=PRESENTATION_STYLE_ASSIGNMENT((#11658));
#11660=STYLED_ITEM('',(#11659),#11653);
#11661=CARTESIAN_POINT('',(1.55E0,-1.25E0,4.05E0));
#11662=DIRECTION('',(0.E0,0.E0,1.E0));
#11663=DIRECTION('',(0.E0,-1.E0,0.E0));
#11664=AXIS2_PLACEMENT_3D('',#11661,#11662,#11663);
#11665=PLANE('',#11664);
#11666=ORIENTED_EDGE('',*,*,#11481,.F.);
#11668=ORIENTED_EDGE('',*,*,#11667,.T.);
#11669=ORIENTED_EDGE('',*,*,#11540,.T.);
#11670=ORIENTED_EDGE('',*,*,#11648,.F.);
#11671=EDGE_LOOP('',(#11666,#11668,#11669,#11670));
#11672=FACE_OUTER_BOUND('',#11671,.F.);
#11673=ADVANCED_FACE('',(#11672),#11665,.T.);
#11674=FILL_AREA_STYLE_COLOUR('',#7);
#11675=FILL_AREA_STYLE('',(#11674));
#11676=SURFACE_STYLE_FILL_AREA(#11675);
#11677=SURFACE_SIDE_STYLE('',(#11676));
#11678=SURFACE_STYLE_USAGE(.BOTH.,#11677);
#11679=PRESENTATION_STYLE_ASSIGNMENT((#11678));
#11680=STYLED_ITEM('',(#11679),#11673);
#11681=CARTESIAN_POINT('',(1.55E0,-1.25E0,3.544337567297E0));
#11682=DIRECTION('',(0.E0,1.E0,0.E0));
#11683=DIRECTION('',(0.E0,0.E0,1.E0));
#11684=AXIS2_PLACEMENT_3D('',#11681,#11682,#11683);
#11685=PLANE('',#11684);
#11687=ORIENTED_EDGE('',*,*,#11686,.T.);
#11688=ORIENTED_EDGE('',*,*,#11542,.T.);
#11689=ORIENTED_EDGE('',*,*,#11667,.F.);
#11690=ORIENTED_EDGE('',*,*,#11479,.F.);
#11691=EDGE_LOOP('',(#11687,#11688,#11689,#11690));
#11692=FACE_OUTER_BOUND('',#11691,.F.);
#11693=ADVANCED_FACE('',(#11692),#11685,.T.);
#11694=FILL_AREA_STYLE_COLOUR('',#7);
#11695=FILL_AREA_STYLE('',(#11694));
#11696=SURFACE_STYLE_FILL_AREA(#11695);
#11697=SURFACE_SIDE_STYLE('',(#11696));
#11698=SURFACE_STYLE_USAGE(.BOTH.,#11697);
#11699=PRESENTATION_STYLE_ASSIGNMENT((#11698));
#11700=STYLED_ITEM('',(#11699),#11693);
#11701=CARTESIAN_POINT('',(7.6784E-1,-1.2E0,3.573205080757E0));
#11702=DIRECTION('',(1.E0,0.E0,0.E0));
#11703=DIRECTION('',(0.E0,-1.E0,0.E0));
#11704=AXIS2_PLACEMENT_3D('',#11701,#11702,#11703);
#11705=CYLINDRICAL_SURFACE('',#11704,5.E-2);
#11706=ORIENTED_EDGE('',*,*,#11686,.F.);
#11707=ORIENTED_EDGE('',*,*,#11477,.T.);
#11709=ORIENTED_EDGE('',*,*,#11708,.T.);
#11710=ORIENTED_EDGE('',*,*,#11544,.T.);
#11711=EDGE_LOOP('',(#11706,#11707,#11709,#11710));
#11712=FACE_OUTER_BOUND('',#11711,.F.);
#11713=ADVANCED_FACE('',(#11712),#11705,.F.);
#11714=FILL_AREA_STYLE_COLOUR('',#7);
#11715=FILL_AREA_STYLE('',(#11714));
#11716=SURFACE_STYLE_FILL_AREA(#11715);
#11717=SURFACE_SIDE_STYLE('',(#11716));
#11718=SURFACE_STYLE_USAGE(.BOTH.,#11717);
#11719=PRESENTATION_STYLE_ASSIGNMENT((#11718));
#11720=STYLED_ITEM('',(#11719),#11713);
#11721=CARTESIAN_POINT('',(1.55E0,-4.5E-1,3.082457351946E0));
#11722=DIRECTION('',(0.E0,5.E-1,8.660254037844E-1));
#11723=DIRECTION('',(0.E0,-8.660254037844E-1,5.E-1));
#11724=AXIS2_PLACEMENT_3D('',#11721,#11722,#11723);
#11725=PLANE('',#11724);
#11726=ORIENTED_EDGE('',*,*,#11708,.F.);
#11727=ORIENTED_EDGE('',*,*,#11475,.F.);
#11729=ORIENTED_EDGE('',*,*,#11728,.F.);
#11730=ORIENTED_EDGE('',*,*,#11546,.T.);
#11731=EDGE_LOOP('',(#11726,#11727,#11729,#11730));
#11732=FACE_OUTER_BOUND('',#11731,.F.);
#11733=ADVANCED_FACE('',(#11732),#11725,.T.);
#11734=FILL_AREA_STYLE_COLOUR('',#7);
#11735=FILL_AREA_STYLE('',(#11734));
#11736=SURFACE_STYLE_FILL_AREA(#11735);
#11737=SURFACE_SIDE_STYLE('',(#11736));
#11738=SURFACE_STYLE_USAGE(.BOTH.,#11737);
#11739=PRESENTATION_STYLE_ASSIGNMENT((#11738));
#11740=STYLED_ITEM('',(#11739),#11733);
#11741=CARTESIAN_POINT('',(2.93216E0,-7.5E-1,2.909252271189E0));
#11742=DIRECTION('',(-1.E0,0.E0,0.E0));
#11743=DIRECTION('',(0.E0,5.E-1,8.660254037844E-1));
#11744=AXIS2_PLACEMENT_3D('',#11741,#11742,#11743);
#11745=CYLINDRICAL_SURFACE('',#11744,3.E-1);
#11746=ORIENTED_EDGE('',*,*,#11473,.T.);
#11747=ORIENTED_EDGE('',*,*,#11511,.F.);
#11748=ORIENTED_EDGE('',*,*,#11548,.T.);
#11749=ORIENTED_EDGE('',*,*,#11728,.T.);
#11750=EDGE_LOOP('',(#11746,#11747,#11748,#11749));
#11751=FACE_OUTER_BOUND('',#11750,.F.);
#11752=ADVANCED_FACE('',(#11751),#11745,.T.);
#11753=FILL_AREA_STYLE_COLOUR('',#7);
#11754=FILL_AREA_STYLE('',(#11753));
#11755=SURFACE_STYLE_FILL_AREA(#11754);
#11756=SURFACE_SIDE_STYLE('',(#11755));
#11757=SURFACE_STYLE_USAGE(.BOTH.,#11756);
#11758=PRESENTATION_STYLE_ASSIGNMENT((#11757));
#11759=STYLED_ITEM('',(#11758),#11752);
#11760=CARTESIAN_POINT('',(-3.E-1,-4.5E-1,0.E0));
#11761=DIRECTION('',(1.E0,0.E0,0.E0));
#11762=DIRECTION('',(0.E0,0.E0,-1.E0));
#11763=AXIS2_PLACEMENT_3D('',#11760,#11761,#11762);
#11764=PLANE('',#11763);
#11765=ORIENTED_EDGE('',*,*,#5875,.T.);
#11767=ORIENTED_EDGE('',*,*,#11766,.T.);
#11769=ORIENTED_EDGE('',*,*,#11768,.F.);
#11771=ORIENTED_EDGE('',*,*,#11770,.T.);
#11773=ORIENTED_EDGE('',*,*,#11772,.F.);
#11775=ORIENTED_EDGE('',*,*,#11774,.T.);
#11777=ORIENTED_EDGE('',*,*,#11776,.T.);
#11779=ORIENTED_EDGE('',*,*,#11778,.T.);
#11781=ORIENTED_EDGE('',*,*,#11780,.F.);
#11783=ORIENTED_EDGE('',*,*,#11782,.T.);
#11785=ORIENTED_EDGE('',*,*,#11784,.F.);
#11787=ORIENTED_EDGE('',*,*,#11786,.T.);
#11788=EDGE_LOOP('',(#11765,#11767,#11769,#11771,#11773,#11775,#11777,#11779,
#11781,#11783,#11785,#11787));
#11789=FACE_OUTER_BOUND('',#11788,.F.);
#11790=ADVANCED_FACE('',(#11789),#11764,.F.);
#11791=FILL_AREA_STYLE_COLOUR('',#7);
#11792=FILL_AREA_STYLE('',(#11791));
#11793=SURFACE_STYLE_FILL_AREA(#11792);
#11794=SURFACE_SIDE_STYLE('',(#11793));
#11795=SURFACE_STYLE_USAGE(.BOTH.,#11794);
#11796=PRESENTATION_STYLE_ASSIGNMENT((#11795));
#11797=STYLED_ITEM('',(#11796),#11790);
#11798=CARTESIAN_POINT('',(-3.E-1,-4.5E-1,1.75E0));
#11799=DIRECTION('',(0.E0,1.E0,0.E0));
#11800=DIRECTION('',(0.E0,0.E0,1.E0));
#11801=AXIS2_PLACEMENT_3D('',#11798,#11799,#11800);
#11802=PLANE('',#11801);
#11803=ORIENTED_EDGE('',*,*,#5881,.T.);
#11805=ORIENTED_EDGE('',*,*,#11804,.T.);
#11807=ORIENTED_EDGE('',*,*,#11806,.T.);
#11808=ORIENTED_EDGE('',*,*,#11766,.F.);
#11809=EDGE_LOOP('',(#11803,#11805,#11807,#11808));
#11810=FACE_OUTER_BOUND('',#11809,.F.);
#11811=ADVANCED_FACE('',(#11810),#11802,.T.);
#11812=FILL_AREA_STYLE_COLOUR('',#7);
#11813=FILL_AREA_STYLE('',(#11812));
#11814=SURFACE_STYLE_FILL_AREA(#11813);
#11815=SURFACE_SIDE_STYLE('',(#11814));
#11816=SURFACE_STYLE_USAGE(.BOTH.,#11815);
#11817=PRESENTATION_STYLE_ASSIGNMENT((#11816));
#11818=STYLED_ITEM('',(#11817),#11811);
#11819=CARTESIAN_POINT('',(3.E-1,-4.5E-1,0.E0));
#11820=DIRECTION('',(1.E0,0.E0,0.E0));
#11821=DIRECTION('',(0.E0,0.E0,-1.E0));
#11822=AXIS2_PLACEMENT_3D('',#11819,#11820,#11821);
#11823=PLANE('',#11822);
#11824=ORIENTED_EDGE('',*,*,#5879,.F.);
#11826=ORIENTED_EDGE('',*,*,#11825,.F.);
#11828=ORIENTED_EDGE('',*,*,#11827,.F.);
#11830=ORIENTED_EDGE('',*,*,#11829,.F.);
#11832=ORIENTED_EDGE('',*,*,#11831,.F.);
#11834=ORIENTED_EDGE('',*,*,#11833,.F.);
#11836=ORIENTED_EDGE('',*,*,#11835,.F.);
#11838=ORIENTED_EDGE('',*,*,#11837,.F.);
#11840=ORIENTED_EDGE('',*,*,#11839,.F.);
#11842=ORIENTED_EDGE('',*,*,#11841,.F.);
#11844=ORIENTED_EDGE('',*,*,#11843,.F.);
#11845=ORIENTED_EDGE('',*,*,#11804,.F.);
#11846=EDGE_LOOP('',(#11824,#11826,#11828,#11830,#11832,#11834,#11836,#11838,
#11840,#11842,#11844,#11845));
#11847=FACE_OUTER_BOUND('',#11846,.F.);
#11848=ADVANCED_FACE('',(#11847),#11823,.T.);
#11849=FILL_AREA_STYLE_COLOUR('',#7);
#11850=FILL_AREA_STYLE('',(#11849));
#11851=SURFACE_STYLE_FILL_AREA(#11850);
#11852=SURFACE_SIDE_STYLE('',(#11851));
#11853=SURFACE_STYLE_USAGE(.BOTH.,#11852);
#11854=PRESENTATION_STYLE_ASSIGNMENT((#11853));
#11855=STYLED_ITEM('',(#11854),#11848);
#11856=CARTESIAN_POINT('',(-3.E-1,-7.E-1,2.938119784648E0));
#11857=DIRECTION('',(0.E0,-1.E0,0.E0));
#11858=DIRECTION('',(0.E0,0.E0,-1.E0));
#11859=AXIS2_PLACEMENT_3D('',#11856,#11857,#11858);
#11860=PLANE('',#11859);
#11861=ORIENTED_EDGE('',*,*,#5877,.F.);
#11862=ORIENTED_EDGE('',*,*,#11786,.F.);
#11864=ORIENTED_EDGE('',*,*,#11863,.T.);
#11865=ORIENTED_EDGE('',*,*,#11825,.T.);
#11866=EDGE_LOOP('',(#11861,#11862,#11864,#11865));
#11867=FACE_OUTER_BOUND('',#11866,.F.);
#11868=ADVANCED_FACE('',(#11867),#11860,.T.);
#11869=FILL_AREA_STYLE_COLOUR('',#7);
#11870=FILL_AREA_STYLE('',(#11869));
#11871=SURFACE_STYLE_FILL_AREA(#11870);
#11872=SURFACE_SIDE_STYLE('',(#11871));
#11873=SURFACE_STYLE_USAGE(.BOTH.,#11872);
#11874=PRESENTATION_STYLE_ASSIGNMENT((#11873));
#11875=STYLED_ITEM('',(#11874),#11868);
#11876=CARTESIAN_POINT('',(-3.49382E0,-7.5E-1,2.909252271189E0));
#11877=DIRECTION('',(1.E0,0.E0,0.E0));
#11878=DIRECTION('',(0.E0,1.E0,0.E0));
#11879=AXIS2_PLACEMENT_3D('',#11876,#11877,#11878);
#11880=CYLINDRICAL_SURFACE('',#11879,5.E-2);
#11881=ORIENTED_EDGE('',*,*,#11863,.F.);
#11882=ORIENTED_EDGE('',*,*,#11784,.T.);
#11884=ORIENTED_EDGE('',*,*,#11883,.T.);
#11885=ORIENTED_EDGE('',*,*,#11827,.T.);
#11886=EDGE_LOOP('',(#11881,#11882,#11884,#11885));
#11887=FACE_OUTER_BOUND('',#11886,.F.);
#11888=ADVANCED_FACE('',(#11887),#11880,.F.);
#11889=FILL_AREA_STYLE_COLOUR('',#7);
#11890=FILL_AREA_STYLE('',(#11889));
#11891=SURFACE_STYLE_FILL_AREA(#11890);
#11892=SURFACE_SIDE_STYLE('',(#11891));
#11893=SURFACE_STYLE_USAGE(.BOTH.,#11892);
#11894=PRESENTATION_STYLE_ASSIGNMENT((#11893));
#11895=STYLED_ITEM('',(#11894),#11888);
#11896=CARTESIAN_POINT('',(-3.E-1,-1.5E0,3.4E0));
#11897=DIRECTION('',(0.E0,-5.E-1,-8.660254037844E-1));
#11898=DIRECTION('',(0.E0,8.660254037844E-1,-5.E-1));
#11899=AXIS2_PLACEMENT_3D('',#11896,#11897,#11898);
#11900=PLANE('',#11899);
#11901=ORIENTED_EDGE('',*,*,#11883,.F.);
#11902=ORIENTED_EDGE('',*,*,#11782,.F.);
#11904=ORIENTED_EDGE('',*,*,#11903,.F.);
#11905=ORIENTED_EDGE('',*,*,#11829,.T.);
#11906=EDGE_LOOP('',(#11901,#11902,#11904,#11905));
#11907=FACE_OUTER_BOUND('',#11906,.F.);
#11908=ADVANCED_FACE('',(#11907),#11900,.T.);
#11909=FILL_AREA_STYLE_COLOUR('',#7);
#11910=FILL_AREA_STYLE('',(#11909));
#11911=SURFACE_STYLE_FILL_AREA(#11910);
#11912=SURFACE_SIDE_STYLE('',(#11911));
#11913=SURFACE_STYLE_USAGE(.BOTH.,#11912);
#11914=PRESENTATION_STYLE_ASSIGNMENT((#11913));
#11915=STYLED_ITEM('',(#11914),#11908);
#11916=CARTESIAN_POINT('',(5.34382E0,-1.2E0,3.573205080757E0));
#11917=DIRECTION('',(-1.E0,0.E0,0.E0));
#11918=DIRECTION('',(0.E0,-5.E-1,-8.660254037844E-1));
#11919=AXIS2_PLACEMENT_3D('',#11916,#11917,#11918);
#11920=CYLINDRICAL_SURFACE('',#11919,3.E-1);
#11921=ORIENTED_EDGE('',*,*,#11780,.T.);
#11923=ORIENTED_EDGE('',*,*,#11922,.F.);
#11924=ORIENTED_EDGE('',*,*,#11831,.T.);
#11925=ORIENTED_EDGE('',*,*,#11903,.T.);
#11926=EDGE_LOOP('',(#11921,#11923,#11924,#11925));
#11927=FACE_OUTER_BOUND('',#11926,.F.);
#11928=ADVANCED_FACE('',(#11927),#11920,.T.);
#11929=FILL_AREA_STYLE_COLOUR('',#7);
#11930=FILL_AREA_STYLE('',(#11929));
#11931=SURFACE_STYLE_FILL_AREA(#11930);
#11932=SURFACE_SIDE_STYLE('',(#11931));
#11933=SURFACE_STYLE_USAGE(.BOTH.,#11932);
#11934=PRESENTATION_STYLE_ASSIGNMENT((#11933));
#11935=STYLED_ITEM('',(#11934),#11928);
#11936=CARTESIAN_POINT('',(-3.E-1,-1.5E0,4.05E0));
#11937=DIRECTION('',(0.E0,-1.E0,0.E0));
#11938=DIRECTION('',(0.E0,0.E0,-1.E0));
#11939=AXIS2_PLACEMENT_3D('',#11936,#11937,#11938);
#11940=PLANE('',#11939);
#11941=ORIENTED_EDGE('',*,*,#11922,.T.);
#11942=ORIENTED_EDGE('',*,*,#11778,.F.);
#11944=ORIENTED_EDGE('',*,*,#11943,.T.);
#11945=ORIENTED_EDGE('',*,*,#11833,.T.);
#11946=EDGE_LOOP('',(#11941,#11942,#11944,#11945));
#11947=FACE_OUTER_BOUND('',#11946,.F.);
#11948=ADVANCED_FACE('',(#11947),#11940,.T.);
#11949=FILL_AREA_STYLE_COLOUR('',#7);
#11950=FILL_AREA_STYLE('',(#11949));
#11951=SURFACE_STYLE_FILL_AREA(#11950);
#11952=SURFACE_SIDE_STYLE('',(#11951));
#11953=SURFACE_STYLE_USAGE(.BOTH.,#11952);
#11954=PRESENTATION_STYLE_ASSIGNMENT((#11953));
#11955=STYLED_ITEM('',(#11954),#11948);
#11956=CARTESIAN_POINT('',(-3.E-1,-1.25E0,4.05E0));
#11957=DIRECTION('',(0.E0,0.E0,1.E0));
#11958=DIRECTION('',(0.E0,-1.E0,0.E0));
#11959=AXIS2_PLACEMENT_3D('',#11956,#11957,#11958);
#11960=PLANE('',#11959);
#11961=ORIENTED_EDGE('',*,*,#11776,.F.);
#11963=ORIENTED_EDGE('',*,*,#11962,.T.);
#11964=ORIENTED_EDGE('',*,*,#11835,.T.);
#11965=ORIENTED_EDGE('',*,*,#11943,.F.);
#11966=EDGE_LOOP('',(#11961,#11963,#11964,#11965));
#11967=FACE_OUTER_BOUND('',#11966,.F.);
#11968=ADVANCED_FACE('',(#11967),#11960,.T.);
#11969=FILL_AREA_STYLE_COLOUR('',#7);
#11970=FILL_AREA_STYLE('',(#11969));
#11971=SURFACE_STYLE_FILL_AREA(#11970);
#11972=SURFACE_SIDE_STYLE('',(#11971));
#11973=SURFACE_STYLE_USAGE(.BOTH.,#11972);
#11974=PRESENTATION_STYLE_ASSIGNMENT((#11973));
#11975=STYLED_ITEM('',(#11974),#11968);
#11976=CARTESIAN_POINT('',(-3.E-1,-1.25E0,3.544337567297E0));
#11977=DIRECTION('',(0.E0,1.E0,0.E0));
#11978=DIRECTION('',(0.E0,0.E0,1.E0));
#11979=AXIS2_PLACEMENT_3D('',#11976,#11977,#11978);
#11980=PLANE('',#11979);
#11982=ORIENTED_EDGE('',*,*,#11981,.T.);
#11983=ORIENTED_EDGE('',*,*,#11837,.T.);
#11984=ORIENTED_EDGE('',*,*,#11962,.F.);
#11985=ORIENTED_EDGE('',*,*,#11774,.F.);
#11986=EDGE_LOOP('',(#11982,#11983,#11984,#11985));
#11987=FACE_OUTER_BOUND('',#11986,.F.);
#11988=ADVANCED_FACE('',(#11987),#11980,.T.);
#11989=FILL_AREA_STYLE_COLOUR('',#7);
#11990=FILL_AREA_STYLE('',(#11989));
#11991=SURFACE_STYLE_FILL_AREA(#11990);
#11992=SURFACE_SIDE_STYLE('',(#11991));
#11993=SURFACE_STYLE_USAGE(.BOTH.,#11992);
#11994=PRESENTATION_STYLE_ASSIGNMENT((#11993));
#11995=STYLED_ITEM('',(#11994),#11988);
#11996=CARTESIAN_POINT('',(-3.49382E0,-1.2E0,3.573205080757E0));
#11997=DIRECTION('',(1.E0,0.E0,0.E0));
#11998=DIRECTION('',(0.E0,-1.E0,0.E0));
#11999=AXIS2_PLACEMENT_3D('',#11996,#11997,#11998);
#12000=CYLINDRICAL_SURFACE('',#11999,5.E-2);
#12001=ORIENTED_EDGE('',*,*,#11981,.F.);
#12002=ORIENTED_EDGE('',*,*,#11772,.T.);
#12004=ORIENTED_EDGE('',*,*,#12003,.T.);
#12005=ORIENTED_EDGE('',*,*,#11839,.T.);
#12006=EDGE_LOOP('',(#12001,#12002,#12004,#12005));
#12007=FACE_OUTER_BOUND('',#12006,.F.);
#12008=ADVANCED_FACE('',(#12007),#12000,.F.);
#12009=FILL_AREA_STYLE_COLOUR('',#7);
#12010=FILL_AREA_STYLE('',(#12009));
#12011=SURFACE_STYLE_FILL_AREA(#12010);
#12012=SURFACE_SIDE_STYLE('',(#12011));
#12013=SURFACE_STYLE_USAGE(.BOTH.,#12012);
#12014=PRESENTATION_STYLE_ASSIGNMENT((#12013));
#12015=STYLED_ITEM('',(#12014),#12008);
#12016=CARTESIAN_POINT('',(-3.E-1,-4.5E-1,3.082457351946E0));
#12017=DIRECTION('',(0.E0,5.E-1,8.660254037844E-1));
#12018=DIRECTION('',(0.E0,-8.660254037844E-1,5.E-1));
#12019=AXIS2_PLACEMENT_3D('',#12016,#12017,#12018);
#12020=PLANE('',#12019);
#12021=ORIENTED_EDGE('',*,*,#12003,.F.);
#12022=ORIENTED_EDGE('',*,*,#11770,.F.);
#12024=ORIENTED_EDGE('',*,*,#12023,.F.);
#12025=ORIENTED_EDGE('',*,*,#11841,.T.);
#12026=EDGE_LOOP('',(#12021,#12022,#12024,#12025));
#12027=FACE_OUTER_BOUND('',#12026,.F.);
#12028=ADVANCED_FACE('',(#12027),#12020,.T.);
#12029=FILL_AREA_STYLE_COLOUR('',#7);
#12030=FILL_AREA_STYLE('',(#12029));
#12031=SURFACE_STYLE_FILL_AREA(#12030);
#12032=SURFACE_SIDE_STYLE('',(#12031));
#12033=SURFACE_STYLE_USAGE(.BOTH.,#12032);
#12034=PRESENTATION_STYLE_ASSIGNMENT((#12033));
#12035=STYLED_ITEM('',(#12034),#12028);
#12036=CARTESIAN_POINT('',(5.34382E0,-7.5E-1,2.909252271189E0));
#12037=DIRECTION('',(-1.E0,0.E0,0.E0));
#12038=DIRECTION('',(0.E0,5.E-1,8.660254037844E-1));
#12039=AXIS2_PLACEMENT_3D('',#12036,#12037,#12038);
#12040=CYLINDRICAL_SURFACE('',#12039,3.E-1);
#12041=ORIENTED_EDGE('',*,*,#11768,.T.);
#12042=ORIENTED_EDGE('',*,*,#11806,.F.);
#12043=ORIENTED_EDGE('',*,*,#11843,.T.);
#12044=ORIENTED_EDGE('',*,*,#12023,.T.);
#12045=EDGE_LOOP('',(#12041,#12042,#12043,#12044));
#12046=FACE_OUTER_BOUND('',#12045,.F.);
#12047=ADVANCED_FACE('',(#12046),#12040,.T.);
#12048=FILL_AREA_STYLE_COLOUR('',#7);
#12049=FILL_AREA_STYLE('',(#12048));
#12050=SURFACE_STYLE_FILL_AREA(#12049);
#12051=SURFACE_SIDE_STYLE('',(#12050));
#12052=SURFACE_STYLE_USAGE(.BOTH.,#12051);
#12053=PRESENTATION_STYLE_ASSIGNMENT((#12052));
#12054=STYLED_ITEM('',(#12053),#12047);
#12055=CARTESIAN_POINT('',(-2.15E0,-4.5E-1,0.E0));
#12056=DIRECTION('',(1.E0,0.E0,0.E0));
#12057=DIRECTION('',(0.E0,0.E0,-1.E0));
#12058=AXIS2_PLACEMENT_3D('',#12055,#12056,#12057);
#12059=PLANE('',#12058);
#12060=ORIENTED_EDGE('',*,*,#5885,.T.);
#12062=ORIENTED_EDGE('',*,*,#12061,.T.);
#12064=ORIENTED_EDGE('',*,*,#12063,.F.);
#12066=ORIENTED_EDGE('',*,*,#12065,.T.);
#12068=ORIENTED_EDGE('',*,*,#12067,.F.);
#12070=ORIENTED_EDGE('',*,*,#12069,.T.);
#12072=ORIENTED_EDGE('',*,*,#12071,.T.);
#12074=ORIENTED_EDGE('',*,*,#12073,.T.);
#12076=ORIENTED_EDGE('',*,*,#12075,.F.);
#12078=ORIENTED_EDGE('',*,*,#12077,.T.);
#12080=ORIENTED_EDGE('',*,*,#12079,.F.);
#12082=ORIENTED_EDGE('',*,*,#12081,.T.);
#12083=EDGE_LOOP('',(#12060,#12062,#12064,#12066,#12068,#12070,#12072,#12074,
#12076,#12078,#12080,#12082));
#12084=FACE_OUTER_BOUND('',#12083,.F.);
#12085=ADVANCED_FACE('',(#12084),#12059,.F.);
#12086=FILL_AREA_STYLE_COLOUR('',#7);
#12087=FILL_AREA_STYLE('',(#12086));
#12088=SURFACE_STYLE_FILL_AREA(#12087);
#12089=SURFACE_SIDE_STYLE('',(#12088));
#12090=SURFACE_STYLE_USAGE(.BOTH.,#12089);
#12091=PRESENTATION_STYLE_ASSIGNMENT((#12090));
#12092=STYLED_ITEM('',(#12091),#12085);
#12093=CARTESIAN_POINT('',(-2.15E0,-4.5E-1,1.75E0));
#12094=DIRECTION('',(0.E0,1.E0,0.E0));
#12095=DIRECTION('',(0.E0,0.E0,1.E0));
#12096=AXIS2_PLACEMENT_3D('',#12093,#12094,#12095);
#12097=PLANE('',#12096);
#12098=ORIENTED_EDGE('',*,*,#5891,.T.);
#12100=ORIENTED_EDGE('',*,*,#12099,.T.);
#12102=ORIENTED_EDGE('',*,*,#12101,.T.);
#12103=ORIENTED_EDGE('',*,*,#12061,.F.);
#12104=EDGE_LOOP('',(#12098,#12100,#12102,#12103));
#12105=FACE_OUTER_BOUND('',#12104,.F.);
#12106=ADVANCED_FACE('',(#12105),#12097,.T.);
#12107=FILL_AREA_STYLE_COLOUR('',#7);
#12108=FILL_AREA_STYLE('',(#12107));
#12109=SURFACE_STYLE_FILL_AREA(#12108);
#12110=SURFACE_SIDE_STYLE('',(#12109));
#12111=SURFACE_STYLE_USAGE(.BOTH.,#12110);
#12112=PRESENTATION_STYLE_ASSIGNMENT((#12111));
#12113=STYLED_ITEM('',(#12112),#12106);
#12114=CARTESIAN_POINT('',(-1.55E0,-4.5E-1,0.E0));
#12115=DIRECTION('',(1.E0,0.E0,0.E0));
#12116=DIRECTION('',(0.E0,0.E0,-1.E0));
#12117=AXIS2_PLACEMENT_3D('',#12114,#12115,#12116);
#12118=PLANE('',#12117);
#12119=ORIENTED_EDGE('',*,*,#5889,.F.);
#12121=ORIENTED_EDGE('',*,*,#12120,.F.);
#12123=ORIENTED_EDGE('',*,*,#12122,.F.);
#12125=ORIENTED_EDGE('',*,*,#12124,.F.);
#12127=ORIENTED_EDGE('',*,*,#12126,.F.);
#12129=ORIENTED_EDGE('',*,*,#12128,.F.);
#12131=ORIENTED_EDGE('',*,*,#12130,.F.);
#12133=ORIENTED_EDGE('',*,*,#12132,.F.);
#12135=ORIENTED_EDGE('',*,*,#12134,.F.);
#12137=ORIENTED_EDGE('',*,*,#12136,.F.);
#12139=ORIENTED_EDGE('',*,*,#12138,.F.);
#12140=ORIENTED_EDGE('',*,*,#12099,.F.);
#12141=EDGE_LOOP('',(#12119,#12121,#12123,#12125,#12127,#12129,#12131,#12133,
#12135,#12137,#12139,#12140));
#12142=FACE_OUTER_BOUND('',#12141,.F.);
#12143=ADVANCED_FACE('',(#12142),#12118,.T.);
#12144=FILL_AREA_STYLE_COLOUR('',#7);
#12145=FILL_AREA_STYLE('',(#12144));
#12146=SURFACE_STYLE_FILL_AREA(#12145);
#12147=SURFACE_SIDE_STYLE('',(#12146));
#12148=SURFACE_STYLE_USAGE(.BOTH.,#12147);
#12149=PRESENTATION_STYLE_ASSIGNMENT((#12148));
#12150=STYLED_ITEM('',(#12149),#12143);
#12151=CARTESIAN_POINT('',(-2.15E0,-7.E-1,2.938119784648E0));
#12152=DIRECTION('',(0.E0,-1.E0,0.E0));
#12153=DIRECTION('',(0.E0,0.E0,-1.E0));
#12154=AXIS2_PLACEMENT_3D('',#12151,#12152,#12153);
#12155=PLANE('',#12154);
#12156=ORIENTED_EDGE('',*,*,#5887,.F.);
#12157=ORIENTED_EDGE('',*,*,#12081,.F.);
#12159=ORIENTED_EDGE('',*,*,#12158,.T.);
#12160=ORIENTED_EDGE('',*,*,#12120,.T.);
#12161=EDGE_LOOP('',(#12156,#12157,#12159,#12160));
#12162=FACE_OUTER_BOUND('',#12161,.F.);
#12163=ADVANCED_FACE('',(#12162),#12155,.T.);
#12164=FILL_AREA_STYLE_COLOUR('',#7);
#12165=FILL_AREA_STYLE('',(#12164));
#12166=SURFACE_STYLE_FILL_AREA(#12165);
#12167=SURFACE_SIDE_STYLE('',(#12166));
#12168=SURFACE_STYLE_USAGE(.BOTH.,#12167);
#12169=PRESENTATION_STYLE_ASSIGNMENT((#12168));
#12170=STYLED_ITEM('',(#12169),#12163);
#12171=CARTESIAN_POINT('',(-7.75548E0,-7.5E-1,2.909252271189E0));
#12172=DIRECTION('',(1.E0,0.E0,0.E0));
#12173=DIRECTION('',(0.E0,1.E0,0.E0));
#12174=AXIS2_PLACEMENT_3D('',#12171,#12172,#12173);
#12175=CYLINDRICAL_SURFACE('',#12174,5.E-2);
#12176=ORIENTED_EDGE('',*,*,#12158,.F.);
#12177=ORIENTED_EDGE('',*,*,#12079,.T.);
#12179=ORIENTED_EDGE('',*,*,#12178,.T.);
#12180=ORIENTED_EDGE('',*,*,#12122,.T.);
#12181=EDGE_LOOP('',(#12176,#12177,#12179,#12180));
#12182=FACE_OUTER_BOUND('',#12181,.F.);
#12183=ADVANCED_FACE('',(#12182),#12175,.F.);
#12184=FILL_AREA_STYLE_COLOUR('',#7);
#12185=FILL_AREA_STYLE('',(#12184));
#12186=SURFACE_STYLE_FILL_AREA(#12185);
#12187=SURFACE_SIDE_STYLE('',(#12186));
#12188=SURFACE_STYLE_USAGE(.BOTH.,#12187);
#12189=PRESENTATION_STYLE_ASSIGNMENT((#12188));
#12190=STYLED_ITEM('',(#12189),#12183);
#12191=CARTESIAN_POINT('',(-2.15E0,-1.5E0,3.4E0));
#12192=DIRECTION('',(0.E0,-5.E-1,-8.660254037844E-1));
#12193=DIRECTION('',(0.E0,8.660254037844E-1,-5.E-1));
#12194=AXIS2_PLACEMENT_3D('',#12191,#12192,#12193);
#12195=PLANE('',#12194);
#12196=ORIENTED_EDGE('',*,*,#12178,.F.);
#12197=ORIENTED_EDGE('',*,*,#12077,.F.);
#12199=ORIENTED_EDGE('',*,*,#12198,.F.);
#12200=ORIENTED_EDGE('',*,*,#12124,.T.);
#12201=EDGE_LOOP('',(#12196,#12197,#12199,#12200));
#12202=FACE_OUTER_BOUND('',#12201,.F.);
#12203=ADVANCED_FACE('',(#12202),#12195,.T.);
#12204=FILL_AREA_STYLE_COLOUR('',#7);
#12205=FILL_AREA_STYLE('',(#12204));
#12206=SURFACE_STYLE_FILL_AREA(#12205);
#12207=SURFACE_SIDE_STYLE('',(#12206));
#12208=SURFACE_STYLE_USAGE(.BOTH.,#12207);
#12209=PRESENTATION_STYLE_ASSIGNMENT((#12208));
#12210=STYLED_ITEM('',(#12209),#12203);
#12211=CARTESIAN_POINT('',(7.75548E0,-1.2E0,3.573205080757E0));
#12212=DIRECTION('',(-1.E0,0.E0,0.E0));
#12213=DIRECTION('',(0.E0,-5.E-1,-8.660254037844E-1));
#12214=AXIS2_PLACEMENT_3D('',#12211,#12212,#12213);
#12215=CYLINDRICAL_SURFACE('',#12214,3.E-1);
#12216=ORIENTED_EDGE('',*,*,#12075,.T.);
#12218=ORIENTED_EDGE('',*,*,#12217,.F.);
#12219=ORIENTED_EDGE('',*,*,#12126,.T.);
#12220=ORIENTED_EDGE('',*,*,#12198,.T.);
#12221=EDGE_LOOP('',(#12216,#12218,#12219,#12220));
#12222=FACE_OUTER_BOUND('',#12221,.F.);
#12223=ADVANCED_FACE('',(#12222),#12215,.T.);
#12224=FILL_AREA_STYLE_COLOUR('',#7);
#12225=FILL_AREA_STYLE('',(#12224));
#12226=SURFACE_STYLE_FILL_AREA(#12225);
#12227=SURFACE_SIDE_STYLE('',(#12226));
#12228=SURFACE_STYLE_USAGE(.BOTH.,#12227);
#12229=PRESENTATION_STYLE_ASSIGNMENT((#12228));
#12230=STYLED_ITEM('',(#12229),#12223);
#12231=CARTESIAN_POINT('',(-2.15E0,-1.5E0,4.05E0));
#12232=DIRECTION('',(0.E0,-1.E0,0.E0));
#12233=DIRECTION('',(0.E0,0.E0,-1.E0));
#12234=AXIS2_PLACEMENT_3D('',#12231,#12232,#12233);
#12235=PLANE('',#12234);
#12236=ORIENTED_EDGE('',*,*,#12217,.T.);
#12237=ORIENTED_EDGE('',*,*,#12073,.F.);
#12239=ORIENTED_EDGE('',*,*,#12238,.T.);
#12240=ORIENTED_EDGE('',*,*,#12128,.T.);
#12241=EDGE_LOOP('',(#12236,#12237,#12239,#12240));
#12242=FACE_OUTER_BOUND('',#12241,.F.);
#12243=ADVANCED_FACE('',(#12242),#12235,.T.);
#12244=FILL_AREA_STYLE_COLOUR('',#7);
#12245=FILL_AREA_STYLE('',(#12244));
#12246=SURFACE_STYLE_FILL_AREA(#12245);
#12247=SURFACE_SIDE_STYLE('',(#12246));
#12248=SURFACE_STYLE_USAGE(.BOTH.,#12247);
#12249=PRESENTATION_STYLE_ASSIGNMENT((#12248));
#12250=STYLED_ITEM('',(#12249),#12243);
#12251=CARTESIAN_POINT('',(-2.15E0,-1.25E0,4.05E0));
#12252=DIRECTION('',(0.E0,0.E0,1.E0));
#12253=DIRECTION('',(0.E0,-1.E0,0.E0));
#12254=AXIS2_PLACEMENT_3D('',#12251,#12252,#12253);
#12255=PLANE('',#12254);
#12256=ORIENTED_EDGE('',*,*,#12071,.F.);
#12258=ORIENTED_EDGE('',*,*,#12257,.T.);
#12259=ORIENTED_EDGE('',*,*,#12130,.T.);
#12260=ORIENTED_EDGE('',*,*,#12238,.F.);
#12261=EDGE_LOOP('',(#12256,#12258,#12259,#12260));
#12262=FACE_OUTER_BOUND('',#12261,.F.);
#12263=ADVANCED_FACE('',(#12262),#12255,.T.);
#12264=FILL_AREA_STYLE_COLOUR('',#7);
#12265=FILL_AREA_STYLE('',(#12264));
#12266=SURFACE_STYLE_FILL_AREA(#12265);
#12267=SURFACE_SIDE_STYLE('',(#12266));
#12268=SURFACE_STYLE_USAGE(.BOTH.,#12267);
#12269=PRESENTATION_STYLE_ASSIGNMENT((#12268));
#12270=STYLED_ITEM('',(#12269),#12263);
#12271=CARTESIAN_POINT('',(-2.15E0,-1.25E0,3.544337567297E0));
#12272=DIRECTION('',(0.E0,1.E0,0.E0));
#12273=DIRECTION('',(0.E0,0.E0,1.E0));
#12274=AXIS2_PLACEMENT_3D('',#12271,#12272,#12273);
#12275=PLANE('',#12274);
#12277=ORIENTED_EDGE('',*,*,#12276,.T.);
#12278=ORIENTED_EDGE('',*,*,#12132,.T.);
#12279=ORIENTED_EDGE('',*,*,#12257,.F.);
#12280=ORIENTED_EDGE('',*,*,#12069,.F.);
#12281=EDGE_LOOP('',(#12277,#12278,#12279,#12280));
#12282=FACE_OUTER_BOUND('',#12281,.F.);
#12283=ADVANCED_FACE('',(#12282),#12275,.T.);
#12284=FILL_AREA_STYLE_COLOUR('',#7);
#12285=FILL_AREA_STYLE('',(#12284));
#12286=SURFACE_STYLE_FILL_AREA(#12285);
#12287=SURFACE_SIDE_STYLE('',(#12286));
#12288=SURFACE_STYLE_USAGE(.BOTH.,#12287);
#12289=PRESENTATION_STYLE_ASSIGNMENT((#12288));
#12290=STYLED_ITEM('',(#12289),#12283);
#12291=CARTESIAN_POINT('',(-7.75548E0,-1.2E0,3.573205080757E0));
#12292=DIRECTION('',(1.E0,0.E0,0.E0));
#12293=DIRECTION('',(0.E0,-1.E0,0.E0));
#12294=AXIS2_PLACEMENT_3D('',#12291,#12292,#12293);
#12295=CYLINDRICAL_SURFACE('',#12294,5.E-2);
#12296=ORIENTED_EDGE('',*,*,#12276,.F.);
#12297=ORIENTED_EDGE('',*,*,#12067,.T.);
#12299=ORIENTED_EDGE('',*,*,#12298,.T.);
#12300=ORIENTED_EDGE('',*,*,#12134,.T.);
#12301=EDGE_LOOP('',(#12296,#12297,#12299,#12300));
#12302=FACE_OUTER_BOUND('',#12301,.F.);
#12303=ADVANCED_FACE('',(#12302),#12295,.F.);
#12304=FILL_AREA_STYLE_COLOUR('',#7);
#12305=FILL_AREA_STYLE('',(#12304));
#12306=SURFACE_STYLE_FILL_AREA(#12305);
#12307=SURFACE_SIDE_STYLE('',(#12306));
#12308=SURFACE_STYLE_USAGE(.BOTH.,#12307);
#12309=PRESENTATION_STYLE_ASSIGNMENT((#12308));
#12310=STYLED_ITEM('',(#12309),#12303);
#12311=CARTESIAN_POINT('',(-2.15E0,-4.5E-1,3.082457351946E0));
#12312=DIRECTION('',(0.E0,5.E-1,8.660254037844E-1));
#12313=DIRECTION('',(0.E0,-8.660254037844E-1,5.E-1));
#12314=AXIS2_PLACEMENT_3D('',#12311,#12312,#12313);
#12315=PLANE('',#12314);
#12316=ORIENTED_EDGE('',*,*,#12298,.F.);
#12317=ORIENTED_EDGE('',*,*,#12065,.F.);
#12319=ORIENTED_EDGE('',*,*,#12318,.F.);
#12320=ORIENTED_EDGE('',*,*,#12136,.T.);
#12321=EDGE_LOOP('',(#12316,#12317,#12319,#12320));
#12322=FACE_OUTER_BOUND('',#12321,.F.);
#12323=ADVANCED_FACE('',(#12322),#12315,.T.);
#12324=FILL_AREA_STYLE_COLOUR('',#7);
#12325=FILL_AREA_STYLE('',(#12324));
#12326=SURFACE_STYLE_FILL_AREA(#12325);
#12327=SURFACE_SIDE_STYLE('',(#12326));
#12328=SURFACE_STYLE_USAGE(.BOTH.,#12327);
#12329=PRESENTATION_STYLE_ASSIGNMENT((#12328));
#12330=STYLED_ITEM('',(#12329),#12323);
#12331=CARTESIAN_POINT('',(7.75548E0,-7.5E-1,2.909252271189E0));
#12332=DIRECTION('',(-1.E0,0.E0,0.E0));
#12333=DIRECTION('',(0.E0,5.E-1,8.660254037844E-1));
#12334=AXIS2_PLACEMENT_3D('',#12331,#12332,#12333);
#12335=CYLINDRICAL_SURFACE('',#12334,3.E-1);
#12336=ORIENTED_EDGE('',*,*,#12063,.T.);
#12337=ORIENTED_EDGE('',*,*,#12101,.F.);
#12338=ORIENTED_EDGE('',*,*,#12138,.T.);
#12339=ORIENTED_EDGE('',*,*,#12318,.T.);
#12340=EDGE_LOOP('',(#12336,#12337,#12338,#12339));
#12341=FACE_OUTER_BOUND('',#12340,.F.);
#12342=ADVANCED_FACE('',(#12341),#12335,.T.);
#12343=FILL_AREA_STYLE_COLOUR('',#7);
#12344=FILL_AREA_STYLE('',(#12343));
#12345=SURFACE_STYLE_FILL_AREA(#12344);
#12346=SURFACE_SIDE_STYLE('',(#12345));
#12347=SURFACE_STYLE_USAGE(.BOTH.,#12346);
#12348=PRESENTATION_STYLE_ASSIGNMENT((#12347));
#12349=STYLED_ITEM('',(#12348),#12342);
#12350=CARTESIAN_POINT('',(2.25E0,2.E-1,-9.018E0));
#12351=DIRECTION('',(0.E0,0.E0,1.E0));
#12352=DIRECTION('',(-1.E0,0.E0,0.E0));
#12353=AXIS2_PLACEMENT_3D('',#12350,#12351,#12352);
#12354=CYLINDRICAL_SURFACE('',#12353,2.E-1);
#12355=ORIENTED_EDGE('',*,*,#5334,.T.);
#12357=ORIENTED_EDGE('',*,*,#12356,.F.);
#12359=ORIENTED_EDGE('',*,*,#12358,.F.);
#12360=ORIENTED_EDGE('',*,*,#5451,.T.);
#12361=EDGE_LOOP('',(#12355,#12357,#12359,#12360));
#12362=FACE_OUTER_BOUND('',#12361,.F.);
#12363=ADVANCED_FACE('',(#12362),#12354,.F.);
#12364=FILL_AREA_STYLE_COLOUR('',#1);
#12365=FILL_AREA_STYLE('',(#12364));
#12366=SURFACE_STYLE_FILL_AREA(#12365);
#12367=SURFACE_SIDE_STYLE('',(#12366));
#12368=SURFACE_STYLE_USAGE(.BOTH.,#12367);
#12369=PRESENTATION_STYLE_ASSIGNMENT((#12368));
#12370=STYLED_ITEM('',(#12369),#12363);
#12371=CARTESIAN_POINT('',(1.85E0,2.E-1,1.65E0));
#12372=DIRECTION('',(0.E0,1.E0,0.E0));
#12373=DIRECTION('',(9.977848087964E-1,0.E0,-6.652424621972E-2));
#12374=AXIS2_PLACEMENT_3D('',#12371,#12372,#12373);
#12375=TOROIDAL_SURFACE('',#12374,4.E-1,2.E-1);
#12377=ORIENTED_EDGE('',*,*,#12376,.F.);
#12378=ORIENTED_EDGE('',*,*,#12356,.T.);
#12379=ORIENTED_EDGE('',*,*,#5332,.T.);
#12381=ORIENTED_EDGE('',*,*,#12380,.F.);
#12382=EDGE_LOOP('',(#12377,#12378,#12379,#12381));
#12383=FACE_OUTER_BOUND('',#12382,.F.);
#12384=ADVANCED_FACE('',(#12383),#12375,.F.);
#12385=FILL_AREA_STYLE_COLOUR('',#1);
#12386=FILL_AREA_STYLE('',(#12385));
#12387=SURFACE_STYLE_FILL_AREA(#12386);
#12388=SURFACE_SIDE_STYLE('',(#12387));
#12389=SURFACE_STYLE_USAGE(.BOTH.,#12388);
#12390=PRESENTATION_STYLE_ASSIGNMENT((#12389));
#12391=STYLED_ITEM('',(#12390),#12384);
#12392=CARTESIAN_POINT('',(1.85E0,-6.481420681724E0,1.65E0));
#12393=DIRECTION('',(0.E0,1.E0,0.E0));
#12394=DIRECTION('',(0.E0,0.E0,1.E0));
#12395=AXIS2_PLACEMENT_3D('',#12392,#12393,#12394);
#12396=CYLINDRICAL_SURFACE('',#12395,2.E-1);
#12397=ORIENTED_EDGE('',*,*,#12376,.T.);
#12398=ORIENTED_EDGE('',*,*,#5079,.T.);
#12400=ORIENTED_EDGE('',*,*,#12399,.T.);
#12402=ORIENTED_EDGE('',*,*,#12401,.F.);
#12403=EDGE_LOOP('',(#12397,#12398,#12400,#12402));
#12404=FACE_OUTER_BOUND('',#12403,.F.);
#12405=ADVANCED_FACE('',(#12404),#12396,.T.);
#12406=FILL_AREA_STYLE_COLOUR('',#1);
#12407=FILL_AREA_STYLE('',(#12406));
#12408=SURFACE_STYLE_FILL_AREA(#12407);
#12409=SURFACE_SIDE_STYLE('',(#12408));
#12410=SURFACE_STYLE_USAGE(.BOTH.,#12409);
#12411=PRESENTATION_STYLE_ASSIGNMENT((#12410));
#12412=STYLED_ITEM('',(#12411),#12405);
#12413=CARTESIAN_POINT('',(0.E0,8.E-1,1.65E0));
#12414=DIRECTION('',(0.E0,0.E0,1.E0));
#12415=DIRECTION('',(9.999771860878E-1,-6.754798588618E-3,0.E0));
#12416=AXIS2_PLACEMENT_3D('',#12413,#12414,#12415);
#12417=TOROIDAL_SURFACE('',#12416,1.85E0,2.E-1);
#12419=ORIENTED_EDGE('',*,*,#12418,.F.);
#12421=ORIENTED_EDGE('',*,*,#12420,.F.);
#12422=ORIENTED_EDGE('',*,*,#12399,.F.);
#12423=ORIENTED_EDGE('',*,*,#5077,.T.);
#12425=ORIENTED_EDGE('',*,*,#12424,.T.);
#12427=ORIENTED_EDGE('',*,*,#12426,.F.);
#12428=EDGE_LOOP('',(#12419,#12421,#12422,#12423,#12425,#12427));
#12429=FACE_OUTER_BOUND('',#12428,.F.);
#12430=ADVANCED_FACE('',(#12429),#12417,.T.);
#12431=FILL_AREA_STYLE_COLOUR('',#1);
#12432=FILL_AREA_STYLE('',(#12431));
#12433=SURFACE_STYLE_FILL_AREA(#12432);
#12434=SURFACE_SIDE_STYLE('',(#12433));
#12435=SURFACE_STYLE_USAGE(.BOTH.,#12434);
#12436=PRESENTATION_STYLE_ASSIGNMENT((#12435));
#12437=STYLED_ITEM('',(#12436),#12430);
#12438=CARTESIAN_POINT('',(-3.431637692904E0,2.71E0,1.85E0));
#12439=DIRECTION('',(0.E0,-1.E0,0.E0));
#12440=DIRECTION('',(1.E0,0.E0,0.E0));
#12441=AXIS2_PLACEMENT_3D('',#12438,#12439,#12440);
#12442=PLANE('',#12441);
#12443=ORIENTED_EDGE('',*,*,#5457,.T.);
#12445=ORIENTED_EDGE('',*,*,#12444,.T.);
#12446=ORIENTED_EDGE('',*,*,#12418,.T.);
#12448=ORIENTED_EDGE('',*,*,#12447,.F.);
#12449=EDGE_LOOP('',(#12443,#12445,#12446,#12448));
#12450=FACE_OUTER_BOUND('',#12449,.F.);
#12451=ADVANCED_FACE('',(#12450),#12442,.F.);
#12452=FILL_AREA_STYLE_COLOUR('',#1);
#12453=FILL_AREA_STYLE('',(#12452));
#12454=SURFACE_STYLE_FILL_AREA(#12453);
#12455=SURFACE_SIDE_STYLE('',(#12454));
#12456=SURFACE_STYLE_USAGE(.BOTH.,#12455);
#12457=PRESENTATION_STYLE_ASSIGNMENT((#12456));
#12458=STYLED_ITEM('',(#12457),#12451);
#12459=CARTESIAN_POINT('',(0.E0,8.E-1,1.85E0));
#12460=DIRECTION('',(0.E0,0.E0,1.E0));
#12461=DIRECTION('',(1.E0,0.E0,0.E0));
#12462=AXIS2_PLACEMENT_3D('',#12459,#12460,#12461);
#12463=CYLINDRICAL_SURFACE('',#12462,2.05E0);
#12464=ORIENTED_EDGE('',*,*,#12444,.F.);
#12465=ORIENTED_EDGE('',*,*,#5455,.T.);
#12467=ORIENTED_EDGE('',*,*,#12466,.T.);
#12468=ORIENTED_EDGE('',*,*,#12420,.T.);
#12469=EDGE_LOOP('',(#12464,#12465,#12467,#12468));
#12470=FACE_OUTER_BOUND('',#12469,.F.);
#12471=ADVANCED_FACE('',(#12470),#12463,.T.);
#12472=FILL_AREA_STYLE_COLOUR('',#3);
#12473=FILL_AREA_STYLE('',(#12472));
#12474=SURFACE_STYLE_FILL_AREA(#12473);
#12475=SURFACE_SIDE_STYLE('',(#12474));
#12476=SURFACE_STYLE_USAGE(.POSITIVE.,#12475);
#12477=FILL_AREA_STYLE_COLOUR('',#1);
#12478=FILL_AREA_STYLE('',(#12477));
#12479=SURFACE_STYLE_FILL_AREA(#12478);
#12480=SURFACE_SIDE_STYLE('',(#12479));
#12481=SURFACE_STYLE_USAGE(.NEGATIVE.,#12480);
#12482=PRESENTATION_STYLE_ASSIGNMENT((#12476,#12481));
#12483=STYLED_ITEM('',(#12482),#12471);
#12484=CARTESIAN_POINT('',(2.05E0,0.E0,1.85E0));
#12485=DIRECTION('',(1.E0,0.E0,0.E0));
#12486=DIRECTION('',(0.E0,1.E0,0.E0));
#12487=AXIS2_PLACEMENT_3D('',#12484,#12485,#12486);
#12488=PLANE('',#12487);
#12489=ORIENTED_EDGE('',*,*,#12358,.T.);
#12490=ORIENTED_EDGE('',*,*,#12401,.T.);
#12491=ORIENTED_EDGE('',*,*,#12466,.F.);
#12492=ORIENTED_EDGE('',*,*,#5453,.T.);
#12493=EDGE_LOOP('',(#12489,#12490,#12491,#12492));
#12494=FACE_OUTER_BOUND('',#12493,.F.);
#12495=ADVANCED_FACE('',(#12494),#12488,.T.);
#12496=FILL_AREA_STYLE_COLOUR('',#3);
#12497=FILL_AREA_STYLE('',(#12496));
#12498=SURFACE_STYLE_FILL_AREA(#12497);
#12499=SURFACE_SIDE_STYLE('',(#12498));
#12500=SURFACE_STYLE_USAGE(.POSITIVE.,#12499);
#12501=FILL_AREA_STYLE_COLOUR('',#1);
#12502=FILL_AREA_STYLE('',(#12501));
#12503=SURFACE_STYLE_FILL_AREA(#12502);
#12504=SURFACE_SIDE_STYLE('',(#12503));
#12505=SURFACE_STYLE_USAGE(.NEGATIVE.,#12504);
#12506=PRESENTATION_STYLE_ASSIGNMENT((#12500,#12505));
#12507=STYLED_ITEM('',(#12506),#12495);
#12508=CARTESIAN_POINT('',(0.E0,8.E-1,1.85E0));
#12509=DIRECTION('',(0.E0,0.E0,1.E0));
#12510=DIRECTION('',(1.E0,0.E0,0.E0));
#12511=AXIS2_PLACEMENT_3D('',#12508,#12509,#12510);
#12512=CYLINDRICAL_SURFACE('',#12511,2.05E0);
#12513=ORIENTED_EDGE('',*,*,#12447,.T.);
#12514=ORIENTED_EDGE('',*,*,#12426,.T.);
#12516=ORIENTED_EDGE('',*,*,#12515,.F.);
#12517=ORIENTED_EDGE('',*,*,#5459,.T.);
#12518=EDGE_LOOP('',(#12513,#12514,#12516,#12517));
#12519=FACE_OUTER_BOUND('',#12518,.F.);
#12520=ADVANCED_FACE('',(#12519),#12512,.T.);
#12521=FILL_AREA_STYLE_COLOUR('',#1);
#12522=FILL_AREA_STYLE('',(#12521));
#12523=SURFACE_STYLE_FILL_AREA(#12522);
#12524=SURFACE_SIDE_STYLE('',(#12523));
#12525=SURFACE_STYLE_USAGE(.POSITIVE.,#12524);
#12526=PRESENTATION_STYLE_ASSIGNMENT((#12525));
#12527=STYLED_ITEM('',(#12526),#12520);
#12528=CARTESIAN_POINT('',(-2.05E0,8.E-1,1.85E0));
#12529=DIRECTION('',(-1.E0,0.E0,0.E0));
#12530=DIRECTION('',(0.E0,-1.E0,0.E0));
#12531=AXIS2_PLACEMENT_3D('',#12528,#12529,#12530);
#12532=PLANE('',#12531);
#12534=ORIENTED_EDGE('',*,*,#12533,.F.);
#12535=ORIENTED_EDGE('',*,*,#5461,.T.);
#12536=ORIENTED_EDGE('',*,*,#12515,.T.);
#12538=ORIENTED_EDGE('',*,*,#12537,.T.);
#12539=EDGE_LOOP('',(#12534,#12535,#12536,#12538));
#12540=FACE_OUTER_BOUND('',#12539,.F.);
#12541=ADVANCED_FACE('',(#12540),#12532,.T.);
#12542=FILL_AREA_STYLE_COLOUR('',#3);
#12543=FILL_AREA_STYLE('',(#12542));
#12544=SURFACE_STYLE_FILL_AREA(#12543);
#12545=SURFACE_SIDE_STYLE('',(#12544));
#12546=SURFACE_STYLE_USAGE(.POSITIVE.,#12545);
#12547=FILL_AREA_STYLE_COLOUR('',#1);
#12548=FILL_AREA_STYLE('',(#12547));
#12549=SURFACE_STYLE_FILL_AREA(#12548);
#12550=SURFACE_SIDE_STYLE('',(#12549));
#12551=SURFACE_STYLE_USAGE(.NEGATIVE.,#12550);
#12552=PRESENTATION_STYLE_ASSIGNMENT((#12546,#12551));
#12553=STYLED_ITEM('',(#12552),#12541);
#12554=CARTESIAN_POINT('',(-2.25E0,2.E-1,-9.018E0));
#12555=DIRECTION('',(0.E0,0.E0,1.E0));
#12556=DIRECTION('',(0.E0,-1.E0,0.E0));
#12557=AXIS2_PLACEMENT_3D('',#12554,#12555,#12556);
#12558=CYLINDRICAL_SURFACE('',#12557,2.E-1);
#12559=ORIENTED_EDGE('',*,*,#12533,.T.);
#12561=ORIENTED_EDGE('',*,*,#12560,.F.);
#12562=ORIENTED_EDGE('',*,*,#5318,.F.);
#12563=ORIENTED_EDGE('',*,*,#5463,.T.);
#12564=EDGE_LOOP('',(#12559,#12561,#12562,#12563));
#12565=FACE_OUTER_BOUND('',#12564,.F.);
#12566=ADVANCED_FACE('',(#12565),#12558,.F.);
#12567=FILL_AREA_STYLE_COLOUR('',#1);
#12568=FILL_AREA_STYLE('',(#12567));
#12569=SURFACE_STYLE_FILL_AREA(#12568);
#12570=SURFACE_SIDE_STYLE('',(#12569));
#12571=SURFACE_STYLE_USAGE(.BOTH.,#12570);
#12572=PRESENTATION_STYLE_ASSIGNMENT((#12571));
#12573=STYLED_ITEM('',(#12572),#12566);
#12574=CARTESIAN_POINT('',(-1.85E0,2.E-1,1.65E0));
#12575=DIRECTION('',(0.E0,-1.E0,0.E0));
#12576=DIRECTION('',(-9.951670142603E-1,0.E0,-9.819681119207E-2));
#12577=AXIS2_PLACEMENT_3D('',#12574,#12575,#12576);
#12578=TOROIDAL_SURFACE('',#12577,4.E-1,2.E-1);
#12579=ORIENTED_EDGE('',*,*,#5320,.F.);
#12580=ORIENTED_EDGE('',*,*,#12560,.T.);
#12582=ORIENTED_EDGE('',*,*,#12581,.T.);
#12584=ORIENTED_EDGE('',*,*,#12583,.F.);
#12585=EDGE_LOOP('',(#12579,#12580,#12582,#12584));
#12586=FACE_OUTER_BOUND('',#12585,.F.);
#12587=ADVANCED_FACE('',(#12586),#12578,.F.);
#12588=FILL_AREA_STYLE_COLOUR('',#1);
#12589=FILL_AREA_STYLE('',(#12588));
#12590=SURFACE_STYLE_FILL_AREA(#12589);
#12591=SURFACE_SIDE_STYLE('',(#12590));
#12592=SURFACE_STYLE_USAGE(.BOTH.,#12591);
#12593=PRESENTATION_STYLE_ASSIGNMENT((#12592));
#12594=STYLED_ITEM('',(#12593),#12587);
#12595=CARTESIAN_POINT('',(-1.85E0,8.138474424116E-1,1.65E0));
#12596=DIRECTION('',(0.E0,-1.E0,0.E0));
#12597=DIRECTION('',(0.E0,0.E0,1.E0));
#12598=AXIS2_PLACEMENT_3D('',#12595,#12596,#12597);
#12599=CYLINDRICAL_SURFACE('',#12598,2.E-1);
#12600=ORIENTED_EDGE('',*,*,#12581,.F.);
#12601=ORIENTED_EDGE('',*,*,#12537,.F.);
#12602=ORIENTED_EDGE('',*,*,#12424,.F.);
#12603=ORIENTED_EDGE('',*,*,#5075,.T.);
#12604=EDGE_LOOP('',(#12600,#12601,#12602,#12603));
#12605=FACE_OUTER_BOUND('',#12604,.F.);
#12606=ADVANCED_FACE('',(#12605),#12599,.T.);
#12607=FILL_AREA_STYLE_COLOUR('',#1);
#12608=FILL_AREA_STYLE('',(#12607));
#12609=SURFACE_STYLE_FILL_AREA(#12608);
#12610=SURFACE_SIDE_STYLE('',(#12609));
#12611=SURFACE_STYLE_USAGE(.BOTH.,#12610);
#12612=PRESENTATION_STYLE_ASSIGNMENT((#12611));
#12613=STYLED_ITEM('',(#12612),#12606);
#12614=CARTESIAN_POINT('',(-1.863847442412E0,2.E-1,2.05E0));
#12615=DIRECTION('',(1.E0,0.E0,0.E0));
#12616=DIRECTION('',(0.E0,-1.E0,0.E0));
#12617=AXIS2_PLACEMENT_3D('',#12614,#12615,#12616);
#12618=CYLINDRICAL_SURFACE('',#12617,2.E-1);
#12620=ORIENTED_EDGE('',*,*,#12619,.F.);
#12621=ORIENTED_EDGE('',*,*,#5322,.F.);
#12622=ORIENTED_EDGE('',*,*,#12583,.T.);
#12623=ORIENTED_EDGE('',*,*,#5073,.T.);
#12624=EDGE_LOOP('',(#12620,#12621,#12622,#12623));
#12625=FACE_OUTER_BOUND('',#12624,.F.);
#12626=ADVANCED_FACE('',(#12625),#12618,.F.);
#12627=FILL_AREA_STYLE_COLOUR('',#1);
#12628=FILL_AREA_STYLE('',(#12627));
#12629=SURFACE_STYLE_FILL_AREA(#12628);
#12630=SURFACE_SIDE_STYLE('',(#12629));
#12631=SURFACE_STYLE_USAGE(.BOTH.,#12630);
#12632=PRESENTATION_STYLE_ASSIGNMENT((#12631));
#12633=STYLED_ITEM('',(#12632),#12626);
#12634=CARTESIAN_POINT('',(-9.25E-1,0.E0,0.E0));
#12635=DIRECTION('',(1.E0,0.E0,0.E0));
#12636=DIRECTION('',(0.E0,-1.E0,0.E0));
#12637=AXIS2_PLACEMENT_3D('',#12634,#12635,#12636);
#12638=PLANE('',#12637);
#12639=ORIENTED_EDGE('',*,*,#12619,.T.);
#12640=ORIENTED_EDGE('',*,*,#5071,.F.);
#12641=ORIENTED_EDGE('',*,*,#5324,.T.);
#12642=EDGE_LOOP('',(#12639,#12640,#12641));
#12643=FACE_OUTER_BOUND('',#12642,.F.);
#12644=ADVANCED_FACE('',(#12643),#12638,.T.);
#12645=FILL_AREA_STYLE_COLOUR('',#1);
#12646=FILL_AREA_STYLE('',(#12645));
#12647=SURFACE_STYLE_FILL_AREA(#12646);
#12648=SURFACE_SIDE_STYLE('',(#12647));
#12649=SURFACE_STYLE_USAGE(.BOTH.,#12648);
#12650=PRESENTATION_STYLE_ASSIGNMENT((#12649));
#12651=STYLED_ITEM('',(#12650),#12644);
#12652=CARTESIAN_POINT('',(1.863314682219E0,2.E-1,2.05E0));
#12653=DIRECTION('',(-1.E0,0.E0,0.E0));
#12654=DIRECTION('',(0.E0,0.E0,-1.E0));
#12655=AXIS2_PLACEMENT_3D('',#12652,#12653,#12654);
#12656=CYLINDRICAL_SURFACE('',#12655,2.E-1);
#12658=ORIENTED_EDGE('',*,*,#12657,.F.);
#12659=ORIENTED_EDGE('',*,*,#5081,.F.);
#12660=ORIENTED_EDGE('',*,*,#12380,.T.);
#12661=ORIENTED_EDGE('',*,*,#5330,.T.);
#12662=EDGE_LOOP('',(#12658,#12659,#12660,#12661));
#12663=FACE_OUTER_BOUND('',#12662,.F.);
#12664=ADVANCED_FACE('',(#12663),#12656,.F.);
#12665=FILL_AREA_STYLE_COLOUR('',#1);
#12666=FILL_AREA_STYLE('',(#12665));
#12667=SURFACE_STYLE_FILL_AREA(#12666);
#12668=SURFACE_SIDE_STYLE('',(#12667));
#12669=SURFACE_STYLE_USAGE(.BOTH.,#12668);
#12670=PRESENTATION_STYLE_ASSIGNMENT((#12669));
#12671=STYLED_ITEM('',(#12670),#12664);
#12672=CARTESIAN_POINT('',(9.25E-1,0.E0,0.E0));
#12673=DIRECTION('',(1.E0,0.E0,0.E0));
#12674=DIRECTION('',(0.E0,-1.E0,0.E0));
#12675=AXIS2_PLACEMENT_3D('',#12672,#12673,#12674);
#12676=PLANE('',#12675);
#12677=ORIENTED_EDGE('',*,*,#12657,.T.);
#12678=ORIENTED_EDGE('',*,*,#5328,.T.);
#12679=ORIENTED_EDGE('',*,*,#5083,.T.);
#12680=EDGE_LOOP('',(#12677,#12678,#12679));
#12681=FACE_OUTER_BOUND('',#12680,.F.);
#12682=ADVANCED_FACE('',(#12681),#12676,.F.);
#12683=FILL_AREA_STYLE_COLOUR('',#1);
#12684=FILL_AREA_STYLE('',(#12683));
#12685=SURFACE_STYLE_FILL_AREA(#12684);
#12686=SURFACE_SIDE_STYLE('',(#12685));
#12687=SURFACE_STYLE_USAGE(.BOTH.,#12686);
#12688=PRESENTATION_STYLE_ASSIGNMENT((#12687));
#12689=STYLED_ITEM('',(#12688),#12682);
#12690=CARTESIAN_POINT('',(-2.3E0,1.5E-1,-3.64526E0));
#12691=DIRECTION('',(0.E0,0.E0,1.E0));
#12692=DIRECTION('',(0.E0,-1.E0,0.E0));
#12693=AXIS2_PLACEMENT_3D('',#12690,#12691,#12692);
#12694=CYLINDRICAL_SURFACE('',#12693,1.5E-1);
#12695=ORIENTED_EDGE('',*,*,#5314,.T.);
#12696=ORIENTED_EDGE('',*,*,#5294,.F.);
#12698=ORIENTED_EDGE('',*,*,#12697,.F.);
#12700=ORIENTED_EDGE('',*,*,#12699,.T.);
#12701=ORIENTED_EDGE('',*,*,#5383,.T.);
#12702=EDGE_LOOP('',(#12695,#12696,#12698,#12700,#12701));
#12703=FACE_OUTER_BOUND('',#12702,.F.);
#12704=ADVANCED_FACE('',(#12703),#12694,.T.);
#12705=FILL_AREA_STYLE_COLOUR('',#6);
#12706=FILL_AREA_STYLE('',(#12705));
#12707=SURFACE_STYLE_FILL_AREA(#12706);
#12708=SURFACE_SIDE_STYLE('',(#12707));
#12709=SURFACE_STYLE_USAGE(.BOTH.,#12708);
#12710=PRESENTATION_STYLE_ASSIGNMENT((#12709));
#12711=STYLED_ITEM('',(#12710),#12704);
#12712=CARTESIAN_POINT('',(-2.15E0,-2.067242375439E0,7.E-2));
#12713=DIRECTION('',(-1.E0,0.E0,0.E0));
#12714=DIRECTION('',(0.E0,1.E0,0.E0));
#12715=AXIS2_PLACEMENT_3D('',#12712,#12713,#12714);
#12716=PLANE('',#12715);
#12717=ORIENTED_EDGE('',*,*,#12697,.T.);
#12718=ORIENTED_EDGE('',*,*,#5270,.T.);
#12720=ORIENTED_EDGE('',*,*,#12719,.F.);
#12722=ORIENTED_EDGE('',*,*,#12721,.F.);
#12723=EDGE_LOOP('',(#12717,#12718,#12720,#12722));
#12724=FACE_OUTER_BOUND('',#12723,.F.);
#12725=ADVANCED_FACE('',(#12724),#12716,.F.);
#12726=FILL_AREA_STYLE_COLOUR('',#6);
#12727=FILL_AREA_STYLE('',(#12726));
#12728=SURFACE_STYLE_FILL_AREA(#12727);
#12729=SURFACE_SIDE_STYLE('',(#12728));
#12730=SURFACE_STYLE_USAGE(.BOTH.,#12729);
#12731=PRESENTATION_STYLE_ASSIGNMENT((#12730));
#12732=STYLED_ITEM('',(#12731),#12725);
#12733=CARTESIAN_POINT('',(0.E0,1.E0,7.E-2));
#12734=DIRECTION('',(0.E0,0.E0,-1.E0));
#12735=DIRECTION('',(-1.E0,0.E0,0.E0));
#12736=AXIS2_PLACEMENT_3D('',#12733,#12734,#12735);
#12737=CYLINDRICAL_SURFACE('',#12736,2.15E0);
#12739=ORIENTED_EDGE('',*,*,#12738,.F.);
#12740=ORIENTED_EDGE('',*,*,#12719,.T.);
#12741=ORIENTED_EDGE('',*,*,#5268,.T.);
#12743=ORIENTED_EDGE('',*,*,#12742,.F.);
#12744=EDGE_LOOP('',(#12739,#12740,#12741,#12743));
#12745=FACE_OUTER_BOUND('',#12744,.F.);
#12746=ADVANCED_FACE('',(#12745),#12737,.F.);
#12747=FILL_AREA_STYLE_COLOUR('',#6);
#12748=FILL_AREA_STYLE('',(#12747));
#12749=SURFACE_STYLE_FILL_AREA(#12748);
#12750=SURFACE_SIDE_STYLE('',(#12749));
#12751=SURFACE_STYLE_USAGE(.BOTH.,#12750);
#12752=PRESENTATION_STYLE_ASSIGNMENT((#12751));
#12753=STYLED_ITEM('',(#12752),#12746);
#12754=CARTESIAN_POINT('',(0.E0,0.E0,7.E-2));
#12755=DIRECTION('',(0.E0,0.E0,-1.E0));
#12756=DIRECTION('',(-1.E0,0.E0,0.E0));
#12757=AXIS2_PLACEMENT_3D('',#12754,#12755,#12756);
#12758=PLANE('',#12757);
#12760=ORIENTED_EDGE('',*,*,#12759,.F.);
#12762=ORIENTED_EDGE('',*,*,#12761,.F.);
#12763=ORIENTED_EDGE('',*,*,#5385,.F.);
#12764=ORIENTED_EDGE('',*,*,#12699,.F.);
#12765=ORIENTED_EDGE('',*,*,#12721,.T.);
#12766=ORIENTED_EDGE('',*,*,#12738,.T.);
#12768=ORIENTED_EDGE('',*,*,#12767,.F.);
#12769=ORIENTED_EDGE('',*,*,#5361,.F.);
#12770=ORIENTED_EDGE('',*,*,#5393,.F.);
#12772=ORIENTED_EDGE('',*,*,#12771,.F.);
#12774=ORIENTED_EDGE('',*,*,#12773,.F.);
#12776=ORIENTED_EDGE('',*,*,#12775,.T.);
#12777=EDGE_LOOP('',(#12760,#12762,#12763,#12764,#12765,#12766,#12768,#12769,
#12770,#12772,#12774,#12776));
#12778=FACE_OUTER_BOUND('',#12777,.F.);
#12779=ADVANCED_FACE('',(#12778),#12758,.T.);
#12780=FILL_AREA_STYLE_COLOUR('',#6);
#12781=FILL_AREA_STYLE('',(#12780));
#12782=SURFACE_STYLE_FILL_AREA(#12781);
#12783=SURFACE_SIDE_STYLE('',(#12782));
#12784=SURFACE_STYLE_USAGE(.BOTH.,#12783);
#12785=PRESENTATION_STYLE_ASSIGNMENT((#12784));
#12786=STYLED_ITEM('',(#12785),#12779);
#12787=CARTESIAN_POINT('',(-3.05E0,3.6E0,-3.892944E0));
#12788=DIRECTION('',(0.E0,0.E0,1.E0));
#12789=DIRECTION('',(0.E0,1.E0,0.E0));
#12790=AXIS2_PLACEMENT_3D('',#12787,#12788,#12789);
#12791=CYLINDRICAL_SURFACE('',#12790,3.E-1);
#12793=ORIENTED_EDGE('',*,*,#12792,.T.);
#12795=ORIENTED_EDGE('',*,*,#12794,.F.);
#12796=ORIENTED_EDGE('',*,*,#12759,.T.);
#12798=ORIENTED_EDGE('',*,*,#12797,.T.);
#12799=EDGE_LOOP('',(#12793,#12795,#12796,#12798));
#12800=FACE_OUTER_BOUND('',#12799,.F.);
#12801=ADVANCED_FACE('',(#12800),#12791,.T.);
#12802=FILL_AREA_STYLE_COLOUR('',#6);
#12803=FILL_AREA_STYLE('',(#12802));
#12804=SURFACE_STYLE_FILL_AREA(#12803);
#12805=SURFACE_SIDE_STYLE('',(#12804));
#12806=SURFACE_STYLE_USAGE(.BOTH.,#12805);
#12807=PRESENTATION_STYLE_ASSIGNMENT((#12806));
#12808=STYLED_ITEM('',(#12807),#12801);
#12809=CARTESIAN_POINT('',(0.E0,0.E0,3.11E0));
#12810=DIRECTION('',(0.E0,0.E0,-1.E0));
#12811=DIRECTION('',(-1.E0,0.E0,0.E0));
#12812=AXIS2_PLACEMENT_3D('',#12809,#12810,#12811);
#12813=PLANE('',#12812);
#12814=ORIENTED_EDGE('',*,*,#12792,.F.);
#12816=ORIENTED_EDGE('',*,*,#12815,.F.);
#12818=ORIENTED_EDGE('',*,*,#12817,.F.);
#12820=ORIENTED_EDGE('',*,*,#12819,.F.);
#12821=ORIENTED_EDGE('',*,*,#5389,.T.);
#12823=ORIENTED_EDGE('',*,*,#12822,.F.);
#12824=EDGE_LOOP('',(#12814,#12816,#12818,#12820,#12821,#12823));
#12825=FACE_OUTER_BOUND('',#12824,.F.);
#12826=ADVANCED_FACE('',(#12825),#12813,.F.);
#12827=FILL_AREA_STYLE_COLOUR('',#6);
#12828=FILL_AREA_STYLE('',(#12827));
#12829=SURFACE_STYLE_FILL_AREA(#12828);
#12830=SURFACE_SIDE_STYLE('',(#12829));
#12831=SURFACE_STYLE_USAGE(.BOTH.,#12830);
#12832=PRESENTATION_STYLE_ASSIGNMENT((#12831));
#12833=STYLED_ITEM('',(#12832),#12826);
#12834=CARTESIAN_POINT('',(-3.075E0,3.9E0,2.92E0));
#12835=DIRECTION('',(0.E0,1.E0,0.E0));
#12836=DIRECTION('',(1.E0,0.E0,0.E0));
#12837=AXIS2_PLACEMENT_3D('',#12834,#12835,#12836);
#12838=PLANE('',#12837);
#12839=ORIENTED_EDGE('',*,*,#12797,.F.);
#12840=ORIENTED_EDGE('',*,*,#12775,.F.);
#12842=ORIENTED_EDGE('',*,*,#12841,.T.);
#12843=ORIENTED_EDGE('',*,*,#12815,.T.);
#12844=EDGE_LOOP('',(#12839,#12840,#12842,#12843));
#12845=FACE_OUTER_BOUND('',#12844,.F.);
#12846=ADVANCED_FACE('',(#12845),#12838,.T.);
#12847=FILL_AREA_STYLE_COLOUR('',#6);
#12848=FILL_AREA_STYLE('',(#12847));
#12849=SURFACE_STYLE_FILL_AREA(#12848);
#12850=SURFACE_SIDE_STYLE('',(#12849));
#12851=SURFACE_STYLE_USAGE(.BOTH.,#12850);
#12852=PRESENTATION_STYLE_ASSIGNMENT((#12851));
#12853=STYLED_ITEM('',(#12852),#12846);
#12854=CARTESIAN_POINT('',(3.05E0,3.6E0,-3.892944E0));
#12855=DIRECTION('',(0.E0,0.E0,1.E0));
#12856=DIRECTION('',(1.E0,0.E0,0.E0));
#12857=AXIS2_PLACEMENT_3D('',#12854,#12855,#12856);
#12858=CYLINDRICAL_SURFACE('',#12857,3.E-1);
#12859=ORIENTED_EDGE('',*,*,#12817,.T.);
#12860=ORIENTED_EDGE('',*,*,#12841,.F.);
#12861=ORIENTED_EDGE('',*,*,#12773,.T.);
#12863=ORIENTED_EDGE('',*,*,#12862,.T.);
#12864=EDGE_LOOP('',(#12859,#12860,#12861,#12863));
#12865=FACE_OUTER_BOUND('',#12864,.F.);
#12866=ADVANCED_FACE('',(#12865),#12858,.T.);
#12867=FILL_AREA_STYLE_COLOUR('',#6);
#12868=FILL_AREA_STYLE('',(#12867));
#12869=SURFACE_STYLE_FILL_AREA(#12868);
#12870=SURFACE_SIDE_STYLE('',(#12869));
#12871=SURFACE_STYLE_USAGE(.BOTH.,#12870);
#12872=PRESENTATION_STYLE_ASSIGNMENT((#12871));
#12873=STYLED_ITEM('',(#12872),#12866);
#12874=CARTESIAN_POINT('',(3.35E0,3.9E0,2.92E0));
#12875=DIRECTION('',(1.E0,0.E0,0.E0));
#12876=DIRECTION('',(0.E0,-1.E0,0.E0));
#12877=AXIS2_PLACEMENT_3D('',#12874,#12875,#12876);
#12878=PLANE('',#12877);
#12879=ORIENTED_EDGE('',*,*,#12862,.F.);
#12880=ORIENTED_EDGE('',*,*,#12771,.T.);
#12881=ORIENTED_EDGE('',*,*,#5391,.F.);
#12882=ORIENTED_EDGE('',*,*,#12819,.T.);
#12883=EDGE_LOOP('',(#12879,#12880,#12881,#12882));
#12884=FACE_OUTER_BOUND('',#12883,.F.);
#12885=ADVANCED_FACE('',(#12884),#12878,.T.);
#12886=FILL_AREA_STYLE_COLOUR('',#6);
#12887=FILL_AREA_STYLE('',(#12886));
#12888=SURFACE_STYLE_FILL_AREA(#12887);
#12889=SURFACE_SIDE_STYLE('',(#12888));
#12890=SURFACE_STYLE_USAGE(.BOTH.,#12889);
#12891=PRESENTATION_STYLE_ASSIGNMENT((#12890));
#12892=STYLED_ITEM('',(#12891),#12885);
#12893=CARTESIAN_POINT('',(-3.35E0,0.E0,2.92E0));
#12894=DIRECTION('',(-1.E0,0.E0,0.E0));
#12895=DIRECTION('',(0.E0,1.E0,0.E0));
#12896=AXIS2_PLACEMENT_3D('',#12893,#12894,#12895);
#12897=PLANE('',#12896);
#12898=ORIENTED_EDGE('',*,*,#12794,.T.);
#12899=ORIENTED_EDGE('',*,*,#12822,.T.);
#12900=ORIENTED_EDGE('',*,*,#5387,.T.);
#12901=ORIENTED_EDGE('',*,*,#12761,.T.);
#12902=EDGE_LOOP('',(#12898,#12899,#12900,#12901));
#12903=FACE_OUTER_BOUND('',#12902,.F.);
#12904=ADVANCED_FACE('',(#12903),#12897,.T.);
#12905=FILL_AREA_STYLE_COLOUR('',#6);
#12906=FILL_AREA_STYLE('',(#12905));
#12907=SURFACE_STYLE_FILL_AREA(#12906);
#12908=SURFACE_SIDE_STYLE('',(#12907));
#12909=SURFACE_STYLE_USAGE(.BOTH.,#12908);
#12910=PRESENTATION_STYLE_ASSIGNMENT((#12909));
#12911=STYLED_ITEM('',(#12910),#12904);
#12912=CARTESIAN_POINT('',(2.15E0,1.E0,7.E-2));
#12913=DIRECTION('',(1.E0,0.E0,0.E0));
#12914=DIRECTION('',(0.E0,-1.E0,0.E0));
#12915=AXIS2_PLACEMENT_3D('',#12912,#12913,#12914);
#12916=PLANE('',#12915);
#12917=ORIENTED_EDGE('',*,*,#5363,.T.);
#12918=ORIENTED_EDGE('',*,*,#12767,.T.);
#12919=ORIENTED_EDGE('',*,*,#12742,.T.);
#12920=ORIENTED_EDGE('',*,*,#5266,.T.);
#12921=EDGE_LOOP('',(#12917,#12918,#12919,#12920));
#12922=FACE_OUTER_BOUND('',#12921,.F.);
#12923=ADVANCED_FACE('',(#12922),#12916,.F.);
#12924=FILL_AREA_STYLE_COLOUR('',#6);
#12925=FILL_AREA_STYLE('',(#12924));
#12926=SURFACE_STYLE_FILL_AREA(#12925);
#12927=SURFACE_SIDE_STYLE('',(#12926));
#12928=SURFACE_STYLE_USAGE(.BOTH.,#12927);
#12929=PRESENTATION_STYLE_ASSIGNMENT((#12928));
#12930=STYLED_ITEM('',(#12929),#12923);
#12931=CARTESIAN_POINT('',(-1.5995E0,9.312553126812E-1,1.85E0));
#12932=DIRECTION('',(0.E0,1.E0,0.E0));
#12933=DIRECTION('',(-1.E0,0.E0,0.E0));
#12934=AXIS2_PLACEMENT_3D('',#12931,#12932,#12933);
#12935=PLANE('',#12934);
#12936=ORIENTED_EDGE('',*,*,#5091,.F.);
#12938=ORIENTED_EDGE('',*,*,#12937,.T.);
#12940=ORIENTED_EDGE('',*,*,#12939,.T.);
#12942=ORIENTED_EDGE('',*,*,#12941,.F.);
#12943=EDGE_LOOP('',(#12936,#12938,#12940,#12942));
#12944=FACE_OUTER_BOUND('',#12943,.F.);
#12945=ADVANCED_FACE('',(#12944),#12935,.T.);
#12946=FILL_AREA_STYLE_COLOUR('',#1);
#12947=FILL_AREA_STYLE('',(#12946));
#12948=SURFACE_STYLE_FILL_AREA(#12947);
#12949=SURFACE_SIDE_STYLE('',(#12948));
#12950=SURFACE_STYLE_USAGE(.BOTH.,#12949);
#12951=PRESENTATION_STYLE_ASSIGNMENT((#12950));
#12952=STYLED_ITEM('',(#12951),#12945);
#12953=CARTESIAN_POINT('',(-1.530750002980E0,8.482765991688E-1,1.85E0));
#12954=DIRECTION('',(7.700388587531E-1,6.379969874618E-1,0.E0));
#12955=DIRECTION('',(-6.379969874618E-1,7.700388587531E-1,0.E0));
#12956=AXIS2_PLACEMENT_3D('',#12953,#12954,#12955);
#12957=PLANE('',#12956);
#12958=ORIENTED_EDGE('',*,*,#5113,.F.);
#12960=ORIENTED_EDGE('',*,*,#12959,.T.);
#12962=ORIENTED_EDGE('',*,*,#12961,.T.);
#12963=ORIENTED_EDGE('',*,*,#12937,.F.);
#12964=EDGE_LOOP('',(#12958,#12960,#12962,#12963));
#12965=FACE_OUTER_BOUND('',#12964,.F.);
#12966=ADVANCED_FACE('',(#12965),#12957,.T.);
#12967=FILL_AREA_STYLE_COLOUR('',#1);
#12968=FILL_AREA_STYLE('',(#12967));
#12969=SURFACE_STYLE_FILL_AREA(#12968);
#12970=SURFACE_SIDE_STYLE('',(#12969));
#12971=SURFACE_STYLE_USAGE(.BOTH.,#12970);
#12972=PRESENTATION_STYLE_ASSIGNMENT((#12971));
#12973=STYLED_ITEM('',(#12972),#12966);
#12974=CARTESIAN_POINT('',(-1.462000005960E0,9.312553126812E-1,1.85E0));
#12975=DIRECTION('',(-7.700388587531E-1,6.379969874618E-1,0.E0));
#12976=DIRECTION('',(-6.379969874618E-1,-7.700388587531E-1,0.E0));
#12977=AXIS2_PLACEMENT_3D('',#12974,#12975,#12976);
#12978=PLANE('',#12977);
#12979=ORIENTED_EDGE('',*,*,#5111,.F.);
#12981=ORIENTED_EDGE('',*,*,#12980,.T.);
#12983=ORIENTED_EDGE('',*,*,#12982,.T.);
#12984=ORIENTED_EDGE('',*,*,#12959,.F.);
#12985=EDGE_LOOP('',(#12979,#12981,#12983,#12984));
#12986=FACE_OUTER_BOUND('',#12985,.F.);
#12987=ADVANCED_FACE('',(#12986),#12978,.T.);
#12988=FILL_AREA_STYLE_COLOUR('',#1);
#12989=FILL_AREA_STYLE('',(#12988));
#12990=SURFACE_STYLE_FILL_AREA(#12989);
#12991=SURFACE_SIDE_STYLE('',(#12990));
#12992=SURFACE_STYLE_USAGE(.BOTH.,#12991);
#12993=PRESENTATION_STYLE_ASSIGNMENT((#12992));
#12994=STYLED_ITEM('',(#12993),#12987);
#12995=CARTESIAN_POINT('',(-1.424500005960E0,9.312553126812E-1,1.85E0));
#12996=DIRECTION('',(0.E0,1.E0,0.E0));
#12997=DIRECTION('',(-1.E0,0.E0,0.E0));
#12998=AXIS2_PLACEMENT_3D('',#12995,#12996,#12997);
#12999=PLANE('',#12998);
#13000=ORIENTED_EDGE('',*,*,#5109,.F.);
#13002=ORIENTED_EDGE('',*,*,#13001,.T.);
#13004=ORIENTED_EDGE('',*,*,#13003,.T.);
#13005=ORIENTED_EDGE('',*,*,#12980,.F.);
#13006=EDGE_LOOP('',(#13000,#13002,#13004,#13005));
#13007=FACE_OUTER_BOUND('',#13006,.F.);
#13008=ADVANCED_FACE('',(#13007),#12999,.T.);
#13009=FILL_AREA_STYLE_COLOUR('',#1);
#13010=FILL_AREA_STYLE('',(#13009));
#13011=SURFACE_STYLE_FILL_AREA(#13010);
#13012=SURFACE_SIDE_STYLE('',(#13011));
#13013=SURFACE_STYLE_USAGE(.BOTH.,#13012);
#13014=PRESENTATION_STYLE_ASSIGNMENT((#13013));
#13015=STYLED_ITEM('',(#13014),#13008);
#13016=CARTESIAN_POINT('',(-1.512000002980E0,8.291276563406E-1,1.85E0));
#13017=DIRECTION('',(7.593961805543E-1,-6.506284968855E-1,0.E0));
#13018=DIRECTION('',(6.506284968855E-1,7.593961805543E-1,0.E0));
#13019=AXIS2_PLACEMENT_3D('',#13016,#13017,#13018);
#13020=PLANE('',#13019);
#13021=ORIENTED_EDGE('',*,*,#5107,.F.);
#13023=ORIENTED_EDGE('',*,*,#13022,.T.);
#13025=ORIENTED_EDGE('',*,*,#13024,.T.);
#13026=ORIENTED_EDGE('',*,*,#13001,.F.);
#13027=EDGE_LOOP('',(#13021,#13023,#13025,#13026));
#13028=FACE_OUTER_BOUND('',#13027,.F.);
#13029=ADVANCED_FACE('',(#13028),#13020,.T.);
#13030=FILL_AREA_STYLE_COLOUR('',#1);
#13031=FILL_AREA_STYLE('',(#13030));
#13032=SURFACE_STYLE_FILL_AREA(#13031);
#13033=SURFACE_SIDE_STYLE('',(#13032));
#13034=SURFACE_STYLE_USAGE(.BOTH.,#13033);
#13035=PRESENTATION_STYLE_ASSIGNMENT((#13034));
#13036=STYLED_ITEM('',(#13035),#13029);
#13037=CARTESIAN_POINT('',(-1.424500005960E0,7.27E-1,1.85E0));
#13038=DIRECTION('',(7.593961805543E-1,6.506284968855E-1,0.E0));
#13039=DIRECTION('',(-6.506284968855E-1,7.593961805543E-1,0.E0));
#13040=AXIS2_PLACEMENT_3D('',#13037,#13038,#13039);
#13041=PLANE('',#13040);
#13042=ORIENTED_EDGE('',*,*,#5105,.F.);
#13044=ORIENTED_EDGE('',*,*,#13043,.T.);
#13046=ORIENTED_EDGE('',*,*,#13045,.T.);
#13047=ORIENTED_EDGE('',*,*,#13022,.F.);
#13048=EDGE_LOOP('',(#13042,#13044,#13046,#13047));
#13049=FACE_OUTER_BOUND('',#13048,.F.);
#13050=ADVANCED_FACE('',(#13049),#13041,.T.);
#13051=FILL_AREA_STYLE_COLOUR('',#1);
#13052=FILL_AREA_STYLE('',(#13051));
#13053=SURFACE_STYLE_FILL_AREA(#13052);
#13054=SURFACE_SIDE_STYLE('',(#13053));
#13055=SURFACE_STYLE_USAGE(.BOTH.,#13054);
#13056=PRESENTATION_STYLE_ASSIGNMENT((#13055));
#13057=STYLED_ITEM('',(#13056),#13050);
#13058=CARTESIAN_POINT('',(-1.462000005960E0,7.27E-1,1.85E0));
#13059=DIRECTION('',(0.E0,-1.E0,0.E0));
#13060=DIRECTION('',(1.E0,0.E0,0.E0));
#13061=AXIS2_PLACEMENT_3D('',#13058,#13059,#13060);
#13062=PLANE('',#13061);
#13063=ORIENTED_EDGE('',*,*,#5103,.F.);
#13065=ORIENTED_EDGE('',*,*,#13064,.T.);
#13067=ORIENTED_EDGE('',*,*,#13066,.T.);
#13068=ORIENTED_EDGE('',*,*,#13043,.F.);
#13069=EDGE_LOOP('',(#13063,#13065,#13067,#13068));
#13070=FACE_OUTER_BOUND('',#13069,.F.);
#13071=ADVANCED_FACE('',(#13070),#13062,.T.);
#13072=FILL_AREA_STYLE_COLOUR('',#1);
#13073=FILL_AREA_STYLE('',(#13072));
#13074=SURFACE_STYLE_FILL_AREA(#13073);
#13075=SURFACE_SIDE_STYLE('',(#13074));
#13076=SURFACE_STYLE_USAGE(.BOTH.,#13075);
#13077=PRESENTATION_STYLE_ASSIGNMENT((#13076));
#13078=STYLED_ITEM('',(#13077),#13071);
#13079=CARTESIAN_POINT('',(-1.530750002980E0,8.099787224531E-1,1.85E0));
#13080=DIRECTION('',(-7.700388925249E-1,-6.379969467004E-1,0.E0));
#13081=DIRECTION('',(6.379969467004E-1,-7.700388925249E-1,0.E0));
#13082=AXIS2_PLACEMENT_3D('',#13079,#13080,#13081);
#13083=PLANE('',#13082);
#13084=ORIENTED_EDGE('',*,*,#5101,.F.);
#13086=ORIENTED_EDGE('',*,*,#13085,.T.);
#13088=ORIENTED_EDGE('',*,*,#13087,.T.);
#13089=ORIENTED_EDGE('',*,*,#13064,.F.);
#13090=EDGE_LOOP('',(#13084,#13086,#13088,#13089));
#13091=FACE_OUTER_BOUND('',#13090,.F.);
#13092=ADVANCED_FACE('',(#13091),#13083,.T.);
#13093=FILL_AREA_STYLE_COLOUR('',#1);
#13094=FILL_AREA_STYLE('',(#13093));
#13095=SURFACE_STYLE_FILL_AREA(#13094);
#13096=SURFACE_SIDE_STYLE('',(#13095));
#13097=SURFACE_STYLE_USAGE(.BOTH.,#13096);
#13098=PRESENTATION_STYLE_ASSIGNMENT((#13097));
#13099=STYLED_ITEM('',(#13098),#13092);
#13100=CARTESIAN_POINT('',(-1.5995E0,7.27E-1,1.85E0));
#13101=DIRECTION('',(7.700388925249E-1,-6.379969467004E-1,0.E0));
#13102=DIRECTION('',(6.379969467004E-1,7.700388925249E-1,0.E0));
#13103=AXIS2_PLACEMENT_3D('',#13100,#13101,#13102);
#13104=PLANE('',#13103);
#13105=ORIENTED_EDGE('',*,*,#5099,.F.);
#13107=ORIENTED_EDGE('',*,*,#13106,.T.);
#13109=ORIENTED_EDGE('',*,*,#13108,.T.);
#13110=ORIENTED_EDGE('',*,*,#13085,.F.);
#13111=EDGE_LOOP('',(#13105,#13107,#13109,#13110));
#13112=FACE_OUTER_BOUND('',#13111,.F.);
#13113=ADVANCED_FACE('',(#13112),#13104,.T.);
#13114=FILL_AREA_STYLE_COLOUR('',#1);
#13115=FILL_AREA_STYLE('',(#13114));
#13116=SURFACE_STYLE_FILL_AREA(#13115);
#13117=SURFACE_SIDE_STYLE('',(#13116));
#13118=SURFACE_STYLE_USAGE(.BOTH.,#13117);
#13119=PRESENTATION_STYLE_ASSIGNMENT((#13118));
#13120=STYLED_ITEM('',(#13119),#13113);
#13121=CARTESIAN_POINT('',(-1.637E0,7.27E-1,1.85E0));
#13122=DIRECTION('',(0.E0,-1.E0,0.E0));
#13123=DIRECTION('',(1.E0,0.E0,0.E0));
#13124=AXIS2_PLACEMENT_3D('',#13121,#13122,#13123);
#13125=PLANE('',#13124);
#13126=ORIENTED_EDGE('',*,*,#5097,.F.);
#13128=ORIENTED_EDGE('',*,*,#13127,.T.);
#13130=ORIENTED_EDGE('',*,*,#13129,.T.);
#13131=ORIENTED_EDGE('',*,*,#13106,.F.);
#13132=EDGE_LOOP('',(#13126,#13128,#13130,#13131));
#13133=FACE_OUTER_BOUND('',#13132,.F.);
#13134=ADVANCED_FACE('',(#13133),#13125,.T.);
#13135=FILL_AREA_STYLE_COLOUR('',#1);
#13136=FILL_AREA_STYLE('',(#13135));
#13137=SURFACE_STYLE_FILL_AREA(#13136);
#13138=SURFACE_SIDE_STYLE('',(#13137));
#13139=SURFACE_STYLE_USAGE(.BOTH.,#13138);
#13140=PRESENTATION_STYLE_ASSIGNMENT((#13139));
#13141=STYLED_ITEM('',(#13140),#13134);
#13142=CARTESIAN_POINT('',(-1.549500002980E0,8.291276563406E-1,1.85E0));
#13143=DIRECTION('',(-7.593961805543E-1,6.506284968855E-1,0.E0));
#13144=DIRECTION('',(-6.506284968855E-1,-7.593961805543E-1,0.E0));
#13145=AXIS2_PLACEMENT_3D('',#13142,#13143,#13144);
#13146=PLANE('',#13145);
#13147=ORIENTED_EDGE('',*,*,#5095,.F.);
#13149=ORIENTED_EDGE('',*,*,#13148,.T.);
#13151=ORIENTED_EDGE('',*,*,#13150,.T.);
#13152=ORIENTED_EDGE('',*,*,#13127,.F.);
#13153=EDGE_LOOP('',(#13147,#13149,#13151,#13152));
#13154=FACE_OUTER_BOUND('',#13153,.F.);
#13155=ADVANCED_FACE('',(#13154),#13146,.T.);
#13156=FILL_AREA_STYLE_COLOUR('',#1);
#13157=FILL_AREA_STYLE('',(#13156));
#13158=SURFACE_STYLE_FILL_AREA(#13157);
#13159=SURFACE_SIDE_STYLE('',(#13158));
#13160=SURFACE_STYLE_USAGE(.BOTH.,#13159);
#13161=PRESENTATION_STYLE_ASSIGNMENT((#13160));
#13162=STYLED_ITEM('',(#13161),#13155);
#13163=CARTESIAN_POINT('',(-1.637E0,9.312553126812E-1,1.85E0));
#13164=DIRECTION('',(-7.593961805543E-1,-6.506284968855E-1,0.E0));
#13165=DIRECTION('',(6.506284968855E-1,-7.593961805543E-1,0.E0));
#13166=AXIS2_PLACEMENT_3D('',#13163,#13164,#13165);
#13167=PLANE('',#13166);
#13168=ORIENTED_EDGE('',*,*,#5093,.F.);
#13169=ORIENTED_EDGE('',*,*,#12941,.T.);
#13171=ORIENTED_EDGE('',*,*,#13170,.T.);
#13172=ORIENTED_EDGE('',*,*,#13148,.F.);
#13173=EDGE_LOOP('',(#13168,#13169,#13171,#13172));
#13174=FACE_OUTER_BOUND('',#13173,.F.);
#13175=ADVANCED_FACE('',(#13174),#13167,.T.);
#13176=FILL_AREA_STYLE_COLOUR('',#1);
#13177=FILL_AREA_STYLE('',(#13176));
#13178=SURFACE_STYLE_FILL_AREA(#13177);
#13179=SURFACE_SIDE_STYLE('',(#13178));
#13180=SURFACE_STYLE_USAGE(.BOTH.,#13179);
#13181=PRESENTATION_STYLE_ASSIGNMENT((#13180));
#13182=STYLED_ITEM('',(#13181),#13175);
#13183=CARTESIAN_POINT('',(0.E0,0.E0,1.86E0));
#13184=DIRECTION('',(0.E0,0.E0,1.E0));
#13185=DIRECTION('',(1.E0,0.E0,0.E0));
#13186=AXIS2_PLACEMENT_3D('',#13183,#13184,#13185);
#13187=PLANE('',#13186);
#13188=ORIENTED_EDGE('',*,*,#12939,.F.);
#13189=ORIENTED_EDGE('',*,*,#12961,.F.);
#13190=ORIENTED_EDGE('',*,*,#12982,.F.);
#13191=ORIENTED_EDGE('',*,*,#13003,.F.);
#13192=ORIENTED_EDGE('',*,*,#13024,.F.);
#13193=ORIENTED_EDGE('',*,*,#13045,.F.);
#13194=ORIENTED_EDGE('',*,*,#13066,.F.);
#13195=ORIENTED_EDGE('',*,*,#13087,.F.);
#13196=ORIENTED_EDGE('',*,*,#13108,.F.);
#13197=ORIENTED_EDGE('',*,*,#13129,.F.);
#13198=ORIENTED_EDGE('',*,*,#13150,.F.);
#13199=ORIENTED_EDGE('',*,*,#13170,.F.);
#13200=EDGE_LOOP('',(#13188,#13189,#13190,#13191,#13192,#13193,#13194,#13195,
#13196,#13197,#13198,#13199));
#13201=FACE_OUTER_BOUND('',#13200,.F.);
#13202=ADVANCED_FACE('',(#13201),#13187,.T.);
#13203=FILL_AREA_STYLE_COLOUR('',#1);
#13204=FILL_AREA_STYLE('',(#13203));
#13205=SURFACE_STYLE_FILL_AREA(#13204);
#13206=SURFACE_SIDE_STYLE('',(#13205));
#13207=SURFACE_STYLE_USAGE(.BOTH.,#13206);
#13208=PRESENTATION_STYLE_ASSIGNMENT((#13207));
#13209=STYLED_ITEM('',(#13208),#13202);
#13210=CARTESIAN_POINT('',(-1.337E0,9.312553126812E-1,1.85E0));
#13211=DIRECTION('',(0.E0,1.E0,0.E0));
#13212=DIRECTION('',(-1.E0,0.E0,0.E0));
#13213=AXIS2_PLACEMENT_3D('',#13210,#13211,#13212);
#13214=PLANE('',#13213);
#13215=ORIENTED_EDGE('',*,*,#5117,.F.);
#13217=ORIENTED_EDGE('',*,*,#13216,.T.);
#13219=ORIENTED_EDGE('',*,*,#13218,.T.);
#13221=ORIENTED_EDGE('',*,*,#13220,.F.);
#13222=EDGE_LOOP('',(#13215,#13217,#13219,#13221));
#13223=FACE_OUTER_BOUND('',#13222,.F.);
#13224=ADVANCED_FACE('',(#13223),#13214,.T.);
#13225=FILL_AREA_STYLE_COLOUR('',#1);
#13226=FILL_AREA_STYLE('',(#13225));
#13227=SURFACE_STYLE_FILL_AREA(#13226);
#13228=SURFACE_SIDE_STYLE('',(#13227));
#13229=SURFACE_STYLE_USAGE(.BOTH.,#13228);
#13230=PRESENTATION_STYLE_ASSIGNMENT((#13229));
#13231=STYLED_ITEM('',(#13230),#13224);
#13232=CARTESIAN_POINT('',(-1.268250011921E0,8.482765991688E-1,1.85E0));
#13233=DIRECTION('',(7.700388995144E-1,6.379969382643E-1,0.E0));
#13234=DIRECTION('',(-6.379969382643E-1,7.700388995144E-1,0.E0));
#13235=AXIS2_PLACEMENT_3D('',#13232,#13233,#13234);
#13236=PLANE('',#13235);
#13237=ORIENTED_EDGE('',*,*,#5139,.F.);
#13239=ORIENTED_EDGE('',*,*,#13238,.T.);
#13241=ORIENTED_EDGE('',*,*,#13240,.T.);
#13242=ORIENTED_EDGE('',*,*,#13216,.F.);
#13243=EDGE_LOOP('',(#13237,#13239,#13241,#13242));
#13244=FACE_OUTER_BOUND('',#13243,.F.);
#13245=ADVANCED_FACE('',(#13244),#13236,.T.);
#13246=FILL_AREA_STYLE_COLOUR('',#1);
#13247=FILL_AREA_STYLE('',(#13246));
#13248=SURFACE_STYLE_FILL_AREA(#13247);
#13249=SURFACE_SIDE_STYLE('',(#13248));
#13250=SURFACE_STYLE_USAGE(.BOTH.,#13249);
#13251=PRESENTATION_STYLE_ASSIGNMENT((#13250));
#13252=STYLED_ITEM('',(#13251),#13245);
#13253=CARTESIAN_POINT('',(-1.199499988079E0,9.312553126812E-1,1.85E0));
#13254=DIRECTION('',(-7.700387364690E-1,6.379971350541E-1,0.E0));
#13255=DIRECTION('',(-6.379971350541E-1,-7.700387364690E-1,0.E0));
#13256=AXIS2_PLACEMENT_3D('',#13253,#13254,#13255);
#13257=PLANE('',#13256);
#13258=ORIENTED_EDGE('',*,*,#5137,.F.);
#13260=ORIENTED_EDGE('',*,*,#13259,.T.);
#13262=ORIENTED_EDGE('',*,*,#13261,.T.);
#13263=ORIENTED_EDGE('',*,*,#13238,.F.);
#13264=EDGE_LOOP('',(#13258,#13260,#13262,#13263));
#13265=FACE_OUTER_BOUND('',#13264,.F.);
#13266=ADVANCED_FACE('',(#13265),#13257,.T.);
#13267=FILL_AREA_STYLE_COLOUR('',#1);
#13268=FILL_AREA_STYLE('',(#13267));
#13269=SURFACE_STYLE_FILL_AREA(#13268);
#13270=SURFACE_SIDE_STYLE('',(#13269));
#13271=SURFACE_STYLE_USAGE(.BOTH.,#13270);
#13272=PRESENTATION_STYLE_ASSIGNMENT((#13271));
#13273=STYLED_ITEM('',(#13272),#13266);
#13274=CARTESIAN_POINT('',(-1.161999988079E0,9.312553126812E-1,1.85E0));
#13275=DIRECTION('',(0.E0,1.E0,0.E0));
#13276=DIRECTION('',(-1.E0,0.E0,0.E0));
#13277=AXIS2_PLACEMENT_3D('',#13274,#13275,#13276);
#13278=PLANE('',#13277);
#13279=ORIENTED_EDGE('',*,*,#5135,.F.);
#13281=ORIENTED_EDGE('',*,*,#13280,.T.);
#13283=ORIENTED_EDGE('',*,*,#13282,.T.);
#13284=ORIENTED_EDGE('',*,*,#13259,.F.);
#13285=EDGE_LOOP('',(#13279,#13281,#13283,#13284));
#13286=FACE_OUTER_BOUND('',#13285,.F.);
#13287=ADVANCED_FACE('',(#13286),#13278,.T.);
#13288=FILL_AREA_STYLE_COLOUR('',#1);
#13289=FILL_AREA_STYLE('',(#13288));
#13290=SURFACE_STYLE_FILL_AREA(#13289);
#13291=SURFACE_SIDE_STYLE('',(#13290));
#13292=SURFACE_STYLE_USAGE(.BOTH.,#13291);
#13293=PRESENTATION_STYLE_ASSIGNMENT((#13292));
#13294=STYLED_ITEM('',(#13293),#13287);
#13295=CARTESIAN_POINT('',(-1.249500011921E0,8.291276563406E-1,1.85E0));
#13296=DIRECTION('',(7.593960820128E-1,-6.506286119005E-1,0.E0));
#13297=DIRECTION('',(6.506286119005E-1,7.593960820128E-1,0.E0));
#13298=AXIS2_PLACEMENT_3D('',#13295,#13296,#13297);
#13299=PLANE('',#13298);
#13300=ORIENTED_EDGE('',*,*,#5133,.F.);
#13302=ORIENTED_EDGE('',*,*,#13301,.T.);
#13304=ORIENTED_EDGE('',*,*,#13303,.T.);
#13305=ORIENTED_EDGE('',*,*,#13280,.F.);
#13306=EDGE_LOOP('',(#13300,#13302,#13304,#13305));
#13307=FACE_OUTER_BOUND('',#13306,.F.);
#13308=ADVANCED_FACE('',(#13307),#13299,.T.);
#13309=FILL_AREA_STYLE_COLOUR('',#1);
#13310=FILL_AREA_STYLE('',(#13309));
#13311=SURFACE_STYLE_FILL_AREA(#13310);
#13312=SURFACE_SIDE_STYLE('',(#13311));
#13313=SURFACE_STYLE_USAGE(.BOTH.,#13312);
#13314=PRESENTATION_STYLE_ASSIGNMENT((#13313));
#13315=STYLED_ITEM('',(#13314),#13308);
#13316=CARTESIAN_POINT('',(-1.161999988079E0,7.27E-1,1.85E0));
#13317=DIRECTION('',(7.593960820128E-1,6.506286119005E-1,0.E0));
#13318=DIRECTION('',(-6.506286119005E-1,7.593960820128E-1,0.E0));
#13319=AXIS2_PLACEMENT_3D('',#13316,#13317,#13318);
#13320=PLANE('',#13319);
#13321=ORIENTED_EDGE('',*,*,#5131,.F.);
#13323=ORIENTED_EDGE('',*,*,#13322,.T.);
#13325=ORIENTED_EDGE('',*,*,#13324,.T.);
#13326=ORIENTED_EDGE('',*,*,#13301,.F.);
#13327=EDGE_LOOP('',(#13321,#13323,#13325,#13326));
#13328=FACE_OUTER_BOUND('',#13327,.F.);
#13329=ADVANCED_FACE('',(#13328),#13320,.T.);
#13330=FILL_AREA_STYLE_COLOUR('',#1);
#13331=FILL_AREA_STYLE('',(#13330));
#13332=SURFACE_STYLE_FILL_AREA(#13331);
#13333=SURFACE_SIDE_STYLE('',(#13332));
#13334=SURFACE_STYLE_USAGE(.BOTH.,#13333);
#13335=PRESENTATION_STYLE_ASSIGNMENT((#13334));
#13336=STYLED_ITEM('',(#13335),#13329);
#13337=CARTESIAN_POINT('',(-1.199499988079E0,7.27E-1,1.85E0));
#13338=DIRECTION('',(0.E0,-1.E0,0.E0));
#13339=DIRECTION('',(1.E0,0.E0,0.E0));
#13340=AXIS2_PLACEMENT_3D('',#13337,#13338,#13339);
#13341=PLANE('',#13340);
#13342=ORIENTED_EDGE('',*,*,#5129,.F.);
#13344=ORIENTED_EDGE('',*,*,#13343,.T.);
#13346=ORIENTED_EDGE('',*,*,#13345,.T.);
#13347=ORIENTED_EDGE('',*,*,#13322,.F.);
#13348=EDGE_LOOP('',(#13342,#13344,#13346,#13347));
#13349=FACE_OUTER_BOUND('',#13348,.F.);
#13350=ADVANCED_FACE('',(#13349),#13341,.T.);
#13351=FILL_AREA_STYLE_COLOUR('',#1);
#13352=FILL_AREA_STYLE('',(#13351));
#13353=SURFACE_STYLE_FILL_AREA(#13352);
#13354=SURFACE_SIDE_STYLE('',(#13353));
#13355=SURFACE_STYLE_USAGE(.BOTH.,#13354);
#13356=PRESENTATION_STYLE_ASSIGNMENT((#13355));
#13357=STYLED_ITEM('',(#13356),#13350);
#13358=CARTESIAN_POINT('',(-1.268250011921E0,8.099787224531E-1,1.85E0));
#13359=DIRECTION('',(-7.700387702408E-1,-6.379970942927E-1,0.E0));
#13360=DIRECTION('',(6.379970942927E-1,-7.700387702408E-1,0.E0));
#13361=AXIS2_PLACEMENT_3D('',#13358,#13359,#13360);
#13362=PLANE('',#13361);
#13363=ORIENTED_EDGE('',*,*,#5127,.F.);
#13365=ORIENTED_EDGE('',*,*,#13364,.T.);
#13367=ORIENTED_EDGE('',*,*,#13366,.T.);
#13368=ORIENTED_EDGE('',*,*,#13343,.F.);
#13369=EDGE_LOOP('',(#13363,#13365,#13367,#13368));
#13370=FACE_OUTER_BOUND('',#13369,.F.);
#13371=ADVANCED_FACE('',(#13370),#13362,.T.);
#13372=FILL_AREA_STYLE_COLOUR('',#1);
#13373=FILL_AREA_STYLE('',(#13372));
#13374=SURFACE_STYLE_FILL_AREA(#13373);
#13375=SURFACE_SIDE_STYLE('',(#13374));
#13376=SURFACE_STYLE_USAGE(.BOTH.,#13375);
#13377=PRESENTATION_STYLE_ASSIGNMENT((#13376));
#13378=STYLED_ITEM('',(#13377),#13371);
#13379=CARTESIAN_POINT('',(-1.337E0,7.27E-1,1.85E0));
#13380=DIRECTION('',(7.700389332862E-1,-6.379968975030E-1,0.E0));
#13381=DIRECTION('',(6.379968975030E-1,7.700389332862E-1,0.E0));
#13382=AXIS2_PLACEMENT_3D('',#13379,#13380,#13381);
#13383=PLANE('',#13382);
#13384=ORIENTED_EDGE('',*,*,#5125,.F.);
#13386=ORIENTED_EDGE('',*,*,#13385,.T.);
#13388=ORIENTED_EDGE('',*,*,#13387,.T.);
#13389=ORIENTED_EDGE('',*,*,#13364,.F.);
#13390=EDGE_LOOP('',(#13384,#13386,#13388,#13389));
#13391=FACE_OUTER_BOUND('',#13390,.F.);
#13392=ADVANCED_FACE('',(#13391),#13383,.T.);
#13393=FILL_AREA_STYLE_COLOUR('',#1);
#13394=FILL_AREA_STYLE('',(#13393));
#13395=SURFACE_STYLE_FILL_AREA(#13394);
#13396=SURFACE_SIDE_STYLE('',(#13395));
#13397=SURFACE_STYLE_USAGE(.BOTH.,#13396);
#13398=PRESENTATION_STYLE_ASSIGNMENT((#13397));
#13399=STYLED_ITEM('',(#13398),#13392);
#13400=CARTESIAN_POINT('',(-1.3745E0,7.27E-1,1.85E0));
#13401=DIRECTION('',(0.E0,-1.E0,0.E0));
#13402=DIRECTION('',(1.E0,0.E0,0.E0));
#13403=AXIS2_PLACEMENT_3D('',#13400,#13401,#13402);
#13404=PLANE('',#13403);
#13405=ORIENTED_EDGE('',*,*,#5123,.F.);
#13407=ORIENTED_EDGE('',*,*,#13406,.T.);
#13409=ORIENTED_EDGE('',*,*,#13408,.T.);
#13410=ORIENTED_EDGE('',*,*,#13385,.F.);
#13411=EDGE_LOOP('',(#13405,#13407,#13409,#13410));
#13412=FACE_OUTER_BOUND('',#13411,.F.);
#13413=ADVANCED_FACE('',(#13412),#13404,.T.);
#13414=FILL_AREA_STYLE_COLOUR('',#1);
#13415=FILL_AREA_STYLE('',(#13414));
#13416=SURFACE_STYLE_FILL_AREA(#13415);
#13417=SURFACE_SIDE_STYLE('',(#13416));
#13418=SURFACE_STYLE_USAGE(.BOTH.,#13417);
#13419=PRESENTATION_STYLE_ASSIGNMENT((#13418));
#13420=STYLED_ITEM('',(#13419),#13413);
#13421=CARTESIAN_POINT('',(-1.287000011921E0,8.291276563406E-1,1.85E0));
#13422=DIRECTION('',(-7.593962134015E-1,6.506284585472E-1,0.E0));
#13423=DIRECTION('',(-6.506284585472E-1,-7.593962134015E-1,0.E0));
#13424=AXIS2_PLACEMENT_3D('',#13421,#13422,#13423);
#13425=PLANE('',#13424);
#13426=ORIENTED_EDGE('',*,*,#5121,.F.);
#13428=ORIENTED_EDGE('',*,*,#13427,.T.);
#13430=ORIENTED_EDGE('',*,*,#13429,.T.);
#13431=ORIENTED_EDGE('',*,*,#13406,.F.);
#13432=EDGE_LOOP('',(#13426,#13428,#13430,#13431));
#13433=FACE_OUTER_BOUND('',#13432,.F.);
#13434=ADVANCED_FACE('',(#13433),#13425,.T.);
#13435=FILL_AREA_STYLE_COLOUR('',#1);
#13436=FILL_AREA_STYLE('',(#13435));
#13437=SURFACE_STYLE_FILL_AREA(#13436);
#13438=SURFACE_SIDE_STYLE('',(#13437));
#13439=SURFACE_STYLE_USAGE(.BOTH.,#13438);
#13440=PRESENTATION_STYLE_ASSIGNMENT((#13439));
#13441=STYLED_ITEM('',(#13440),#13434);
#13442=CARTESIAN_POINT('',(-1.3745E0,9.312553126812E-1,1.85E0));
#13443=DIRECTION('',(-7.593962134015E-1,-6.506284585472E-1,0.E0));
#13444=DIRECTION('',(6.506284585472E-1,-7.593962134015E-1,0.E0));
#13445=AXIS2_PLACEMENT_3D('',#13442,#13443,#13444);
#13446=PLANE('',#13445);
#13447=ORIENTED_EDGE('',*,*,#5119,.F.);
#13448=ORIENTED_EDGE('',*,*,#13220,.T.);
#13450=ORIENTED_EDGE('',*,*,#13449,.T.);
#13451=ORIENTED_EDGE('',*,*,#13427,.F.);
#13452=EDGE_LOOP('',(#13447,#13448,#13450,#13451));
#13453=FACE_OUTER_BOUND('',#13452,.F.);
#13454=ADVANCED_FACE('',(#13453),#13446,.T.);
#13455=FILL_AREA_STYLE_COLOUR('',#1);
#13456=FILL_AREA_STYLE('',(#13455));
#13457=SURFACE_STYLE_FILL_AREA(#13456);
#13458=SURFACE_SIDE_STYLE('',(#13457));
#13459=SURFACE_STYLE_USAGE(.BOTH.,#13458);
#13460=PRESENTATION_STYLE_ASSIGNMENT((#13459));
#13461=STYLED_ITEM('',(#13460),#13454);
#13462=CARTESIAN_POINT('',(0.E0,0.E0,1.86E0));
#13463=DIRECTION('',(0.E0,0.E0,1.E0));
#13464=DIRECTION('',(1.E0,0.E0,0.E0));
#13465=AXIS2_PLACEMENT_3D('',#13462,#13463,#13464);
#13466=PLANE('',#13465);
#13467=ORIENTED_EDGE('',*,*,#13218,.F.);
#13468=ORIENTED_EDGE('',*,*,#13240,.F.);
#13469=ORIENTED_EDGE('',*,*,#13261,.F.);
#13470=ORIENTED_EDGE('',*,*,#13282,.F.);
#13471=ORIENTED_EDGE('',*,*,#13303,.F.);
#13472=ORIENTED_EDGE('',*,*,#13324,.F.);
#13473=ORIENTED_EDGE('',*,*,#13345,.F.);
#13474=ORIENTED_EDGE('',*,*,#13366,.F.);
#13475=ORIENTED_EDGE('',*,*,#13387,.F.);
#13476=ORIENTED_EDGE('',*,*,#13408,.F.);
#13477=ORIENTED_EDGE('',*,*,#13429,.F.);
#13478=ORIENTED_EDGE('',*,*,#13449,.F.);
#13479=EDGE_LOOP('',(#13467,#13468,#13469,#13470,#13471,#13472,#13473,#13474,
#13475,#13476,#13477,#13478));
#13480=FACE_OUTER_BOUND('',#13479,.F.);
#13481=ADVANCED_FACE('',(#13480),#13466,.T.);
#13482=FILL_AREA_STYLE_COLOUR('',#1);
#13483=FILL_AREA_STYLE('',(#13482));
#13484=SURFACE_STYLE_FILL_AREA(#13483);
#13485=SURFACE_SIDE_STYLE('',(#13484));
#13486=SURFACE_STYLE_USAGE(.POSITIVE.,#13485);
#13487=PRESENTATION_STYLE_ASSIGNMENT((#13486));
#13488=STYLED_ITEM('',(#13487),#13481);
#13489=CARTESIAN_POINT('',(0.E0,2.585610828679E0,1.85E0));
#13490=DIRECTION('',(-7.661341857329E-1,6.426806434392E-1,0.E0));
#13491=DIRECTION('',(-6.426806434392E-1,-7.661341857329E-1,0.E0));
#13492=AXIS2_PLACEMENT_3D('',#13489,#13490,#13491);
#13493=PLANE('',#13492);
#13494=ORIENTED_EDGE('',*,*,#5143,.F.);
#13496=ORIENTED_EDGE('',*,*,#13495,.T.);
#13498=ORIENTED_EDGE('',*,*,#13497,.T.);
#13500=ORIENTED_EDGE('',*,*,#13499,.F.);
#13501=EDGE_LOOP('',(#13494,#13496,#13498,#13500));
#13502=FACE_OUTER_BOUND('',#13501,.F.);
#13503=ADVANCED_FACE('',(#13502),#13493,.T.);
#13504=FILL_AREA_STYLE_COLOUR('',#1);
#13505=FILL_AREA_STYLE('',(#13504));
#13506=SURFACE_STYLE_FILL_AREA(#13505);
#13507=SURFACE_SIDE_STYLE('',(#13506));
#13508=SURFACE_STYLE_USAGE(.BOTH.,#13507);
#13509=PRESENTATION_STYLE_ASSIGNMENT((#13508));
#13510=STYLED_ITEM('',(#13509),#13503);
#13511=CARTESIAN_POINT('',(4.22E-1,2.145707013525E0,1.85E0));
#13512=DIRECTION('',(7.216394153331E-1,6.922691342517E-1,0.E0));
#13513=DIRECTION('',(-6.922691342517E-1,7.216394153331E-1,0.E0));
#13514=AXIS2_PLACEMENT_3D('',#13511,#13512,#13513);
#13515=PLANE('',#13514);
#13516=ORIENTED_EDGE('',*,*,#5147,.F.);
#13518=ORIENTED_EDGE('',*,*,#13517,.T.);
#13520=ORIENTED_EDGE('',*,*,#13519,.T.);
#13521=ORIENTED_EDGE('',*,*,#13495,.F.);
#13522=EDGE_LOOP('',(#13516,#13518,#13520,#13521));
#13523=FACE_OUTER_BOUND('',#13522,.F.);
#13524=ADVANCED_FACE('',(#13523),#13515,.T.);
#13525=FILL_AREA_STYLE_COLOUR('',#1);
#13526=FILL_AREA_STYLE('',(#13525));
#13527=SURFACE_STYLE_FILL_AREA(#13526);
#13528=SURFACE_SIDE_STYLE('',(#13527));
#13529=SURFACE_STYLE_USAGE(.BOTH.,#13528);
#13530=PRESENTATION_STYLE_ASSIGNMENT((#13529));
#13531=STYLED_ITEM('',(#13530),#13524);
#13532=CARTESIAN_POINT('',(-5.638616900822E-1,1.918991768350E0,1.85E0));
#13533=CARTESIAN_POINT('',(-5.609129237933E-1,1.920668414935E0,1.85E0));
#13534=CARTESIAN_POINT('',(-4.269201347580E-1,1.996395559931E0,1.85E0));
#13535=CARTESIAN_POINT('',(-1.823030378939E-1,2.099269190377E0,1.85E0));
#13536=CARTESIAN_POINT('',(1.534740024545E-1,2.157794363077E0,1.85E0));
#13537=CARTESIAN_POINT('',(3.450049792118E-1,2.154431069799E0,1.85E0));
#13538=CARTESIAN_POINT('',(4.287467306368E-1,2.144956754511E0,1.85E0));
#13539=CARTESIAN_POINT('',(4.321190592718E-1,2.144562106166E0,1.85E0));
#13541=DRAUGHTING_PRE_DEFINED_CURVE_FONT('continuous');
#13542=CURVE_STYLE('',#13541,POSITIVE_LENGTH_MEASURE(2.E-2),#1);
#13543=PRESENTATION_STYLE_ASSIGNMENT((#13542));
#13544=STYLED_ITEM('',(#13543),#13540);
#13545=DIRECTION('',(0.E0,0.E0,1.E0));
#13546=VECTOR('',#13545,1.E0);
#13547=SURFACE_OF_LINEAR_EXTRUSION('',#13540,#13546);
#13548=ORIENTED_EDGE('',*,*,#5145,.F.);
#13549=ORIENTED_EDGE('',*,*,#13499,.T.);
#13551=ORIENTED_EDGE('',*,*,#13550,.T.);
#13552=ORIENTED_EDGE('',*,*,#13517,.F.);
#13553=EDGE_LOOP('',(#13548,#13549,#13551,#13552));
#13554=FACE_OUTER_BOUND('',#13553,.F.);
#13555=ADVANCED_FACE('',(#13554),#13547,.T.);
#13556=FILL_AREA_STYLE_COLOUR('',#1);
#13557=FILL_AREA_STYLE('',(#13556));
#13558=SURFACE_STYLE_FILL_AREA(#13557);
#13559=SURFACE_SIDE_STYLE('',(#13558));
#13560=SURFACE_STYLE_USAGE(.BOTH.,#13559);
#13561=PRESENTATION_STYLE_ASSIGNMENT((#13560));
#13562=STYLED_ITEM('',(#13561),#13555);
#13563=CARTESIAN_POINT('',(0.E0,0.E0,1.86E0));
#13564=DIRECTION('',(0.E0,0.E0,1.E0));
#13565=DIRECTION('',(1.E0,0.E0,0.E0));
#13566=AXIS2_PLACEMENT_3D('',#13563,#13564,#13565);
#13567=PLANE('',#13566);
#13568=ORIENTED_EDGE('',*,*,#13497,.F.);
#13569=ORIENTED_EDGE('',*,*,#13519,.F.);
#13570=ORIENTED_EDGE('',*,*,#13550,.F.);
#13571=EDGE_LOOP('',(#13568,#13569,#13570));
#13572=FACE_OUTER_BOUND('',#13571,.F.);
#13573=ADVANCED_FACE('',(#13572),#13567,.T.);
#13574=FILL_AREA_STYLE_COLOUR('',#1);
#13575=FILL_AREA_STYLE('',(#13574));
#13576=SURFACE_STYLE_FILL_AREA(#13575);
#13577=SURFACE_SIDE_STYLE('',(#13576));
#13578=SURFACE_STYLE_USAGE(.POSITIVE.,#13577);
#13579=PRESENTATION_STYLE_ASSIGNMENT((#13578));
#13580=STYLED_ITEM('',(#13579),#13573);
#13581=CLOSED_SHELL('',(#5151,#5181,#5202,#5222,#5246,#5274,#5298,#5340,#5368,
#5414,#5487,#5520,#5542,#5569,#5639,#5665,#5695,#5723,#5749,#5775,#5802,#5895,
#5921,#5947,#5972,#5999,#6026,#6052,#6077,#6103,#6132,#6153,#6179,#6205,#6231,
#6257,#6288,#6315,#6341,#6366,#6392,#6418,#6447,#6474,#6544,#6574,#6601,#6626,
#6649,#6672,#6741,#6767,#6797,#6823,#6849,#6876,#6905,#6929,#6954,#6980,#7006,
#7032,#7057,#7086,#7107,#7179,#7204,#7229,#7253,#7281,#7302,#7324,#7344,#7366,
#7386,#7408,#7428,#7450,#7470,#7492,#7512,#7534,#7554,#7576,#7596,#7618,#7638,
#7660,#7680,#7702,#7722,#7744,#7764,#7786,#7806,#7830,#7852,#7879,#7939,#7972,
#7998,#8022,#8050,#8073,#8095,#8122,#8192,#8218,#8252,#8274,#8301,#8388,#8415,
#8462,#8483,#8511,#8538,#8564,#8589,#8615,#8644,#8670,#8696,#8722,#8749,#8775,
#8804,#8830,#8899,#8923,#8948,#8973,#9000,#9030,#9055,#9127,#9159,#9180,#9206,
#9231,#9258,#9284,#9313,#9339,#9408,#9433,#9458,#9483,#9510,#9538,#9562,#9586,
#9611,#9636,#9660,#9684,#9709,#9734,#9762,#9790,#9816,#9842,#9869,#9903,#9923,
#9950,#9971,#9992,#10019,#10040,#10061,#10095,#10117,#10142,#10162,#10182,
#10201,#10220,#10240,#10262,#10285,#10305,#10327,#10347,#10372,#10396,#10434,
#10455,#10492,#10512,#10532,#10552,#10572,#10592,#10612,#10632,#10652,#10672,
#10691,#10729,#10750,#10787,#10807,#10827,#10847,#10867,#10887,#10907,#10927,
#10947,#10967,#10986,#11024,#11045,#11082,#11102,#11122,#11142,#11162,#11182,
#11202,#11222,#11242,#11262,#11281,#11301,#11325,#11349,#11378,#11403,#11428,
#11452,#11495,#11516,#11553,#11573,#11593,#11613,#11633,#11653,#11673,#11693,
#11713,#11733,#11752,#11790,#11811,#11848,#11868,#11888,#11908,#11928,#11948,
#11968,#11988,#12008,#12028,#12047,#12085,#12106,#12143,#12163,#12183,#12203,
#12223,#12243,#12263,#12283,#12303,#12323,#12342,#12363,#12384,#12405,#12430,
#12451,#12471,#12495,#12520,#12541,#12566,#12587,#12606,#12626,#12644,#12664,
#12682,#12704,#12725,#12746,#12779,#12801,#12826,#12846,#12866,#12885,#12904,
#12923,#12945,#12966,#12987,#13008,#13029,#13050,#13071,#13092,#13113,#13134,
#13155,#13175,#13202,#13224,#13245,#13266,#13287,#13308,#13329,#13350,#13371,
#13392,#13413,#13434,#13454,#13481,#13503,#13524,#13555,#13573));
#13582=MANIFOLD_SOLID_BREP('',#13581);
#13584=DIMENSIONAL_EXPONENTS(0.E0,0.E0,0.E0,0.E0,0.E0,0.E0,0.E0);
#13586=PLANE_ANGLE_MEASURE_WITH_UNIT(PLANE_ANGLE_MEASURE(1.745329251994E-2),
#13585);
#13587=(CONVERSION_BASED_UNIT('DEGREE',#13586)NAMED_UNIT(*)PLANE_ANGLE_UNIT());
#13589=UNCERTAINTY_MEASURE_WITH_UNIT(LENGTH_MEASURE(5.982235105482E-4),#13583,
'closure',
'Maximum model space distance between geometric entities at asserted connectivities');
#13590=(GEOMETRIC_REPRESENTATION_CONTEXT(3)GLOBAL_UNCERTAINTY_ASSIGNED_CONTEXT((
#13589))GLOBAL_UNIT_ASSIGNED_CONTEXT((#13583,#13587,#13588))REPRESENTATION_CONTEXT('ID1','3'));
#13592=MECHANICAL_DESIGN_GEOMETRIC_PRESENTATION_REPRESENTATION('',(#5158,#5188,
#5209,#5229,#5253,#5281,#5305,#5352,#5375,#5421,#5499,#5527,#5549,#5581,#5651,
#5677,#5707,#5735,#5761,#5787,#5814,#5907,#5933,#5959,#5984,#6011,#6038,#6064,
#6089,#6115,#6139,#6165,#6191,#6217,#6243,#6269,#6300,#6327,#6353,#6378,#6404,
#6430,#6459,#6486,#6556,#6586,#6608,#6633,#6656,#6684,#6753,#6779,#6809,#6835,
#6861,#6888,#6917,#6941,#6966,#6992,#7018,#7044,#7069,#7093,#7119,#7191,#7216,
#7241,#7265,#7288,#7309,#7331,#7351,#7373,#7393,#7415,#7435,#7457,#7477,#7499,
#7519,#7541,#7561,#7583,#7603,#7625,#7645,#7667,#7687,#7709,#7729,#7751,#7771,
#7793,#7813,#7837,#7859,#7886,#7951,#7984,#8005,#8034,#8057,#8080,#8102,#8134,
#8204,#8230,#8259,#8286,#8313,#8400,#8427,#8469,#8495,#8523,#8550,#8576,#8601,
#8627,#8656,#8682,#8708,#8734,#8761,#8787,#8816,#8842,#8911,#8935,#8960,#8985,
#9012,#9042,#9067,#9139,#9166,#9192,#9218,#9243,#9270,#9296,#9325,#9351,#9420,
#9445,#9470,#9495,#9522,#9550,#9574,#9598,#9623,#9648,#9672,#9696,#9721,#9746,
#9774,#9802,#9828,#9854,#9876,#9910,#9935,#9957,#9978,#10004,#10026,#10047,
#10068,#10102,#10124,#10149,#10169,#10189,#10208,#10227,#10247,#10269,#10292,
#10312,#10334,#10359,#10384,#10403,#10441,#10462,#10499,#10519,#10539,#10559,
#10579,#10599,#10619,#10639,#10659,#10679,#10698,#10736,#10757,#10794,#10814,
#10834,#10854,#10874,#10894,#10914,#10934,#10954,#10974,#10993,#11031,#11052,
#11089,#11109,#11129,#11149,#11169,#11189,#11209,#11229,#11249,#11269,#11288,
#11313,#11337,#11361,#11390,#11415,#11440,#11464,#11502,#11523,#11560,#11580,
#11600,#11620,#11640,#11660,#11680,#11700,#11720,#11740,#11759,#11797,#11818,
#11855,#11875,#11895,#11915,#11935,#11955,#11975,#11995,#12015,#12035,#12054,
#12092,#12113,#12150,#12170,#12190,#12210,#12230,#12250,#12270,#12290,#12310,
#12330,#12349,#12370,#12391,#12412,#12437,#12458,#12483,#12507,#12527,#12553,
#12573,#12594,#12613,#12633,#12651,#12671,#12689,#12711,#12732,#12753,#12786,
#12808,#12833,#12853,#12873,#12892,#12911,#12930,#12952,#12973,#12994,#13015,
#13036,#13057,#13078,#13099,#13120,#13141,#13162,#13182,#13209,#13231,#13252,
#13273,#13294,#13315,#13336,#13357,#13378,#13399,#13420,#13441,#13461,#13488,
#13510,#13531,#13544,#13562,#13580),#13590);
#13593=APPLICATION_CONTEXT(
'CONFIGURATION CONTROLLED 3D DESIGNS OF MECHANICAL PARTS AND ASSEMBLIES');
#13594=APPLICATION_PROTOCOL_DEFINITION('international standard',
'ccd_cla_gvp_ast_asd',1995,#13593);
#13595=DESIGN_CONTEXT('',#13593,'design');
#13596=MECHANICAL_CONTEXT('',#13593,'mechanical');
#13597=PRODUCT('B82804A_EP5_MAX','B82804A_EP5_MAX','NOT SPECIFIED',(#13596));
#13598=PRODUCT_DEFINITION_FORMATION_WITH_SPECIFIED_SOURCE('1','LAST_VERSION',
#13597,.MADE.);
#13606=DERIVED_UNIT_ELEMENT(#13605,2.E0);
#13607=DERIVED_UNIT((#13606));
#13608=MEASURE_REPRESENTATION_ITEM('surface area measure',AREA_MEASURE(
3.670063522094E2),#13607);
#13613=DERIVED_UNIT_ELEMENT(#13612,3.E0);
#13614=DERIVED_UNIT((#13613));
#13615=MEASURE_REPRESENTATION_ITEM('volume measure',VOLUME_MEASURE(
1.676390505598E2),#13614);
#13619=CARTESIAN_POINT('centre point',(-8.524165534809E-3,1.653031149866E0,
4.891573002601E-2));
#13624=DERIVED_UNIT_ELEMENT(#13623,2.E0);
#13625=DERIVED_UNIT((#13624));
#13626=MEASURE_REPRESENTATION_ITEM('surface area measure',AREA_MEASURE(
3.670063522094E2),#13625);
#13631=DERIVED_UNIT_ELEMENT(#13630,3.E0);
#13632=DERIVED_UNIT((#13631));
#13633=MEASURE_REPRESENTATION_ITEM('volume measure',VOLUME_MEASURE(
1.676390505598E2),#13632);
#13637=CARTESIAN_POINT('centre point',(-8.524165534809E-3,1.653031149866E0,
4.891573002601E-2));
#13642=PRODUCT_CATEGORY('part','');
#13643=PRODUCT_RELATED_PRODUCT_CATEGORY('detail','',(#13597));
#13644=PRODUCT_CATEGORY_RELATIONSHIP('','',#13642,#13643);
#13645=SECURITY_CLASSIFICATION_LEVEL('unclassified');
#13646=SECURITY_CLASSIFICATION('','',#13645);
#13647=CC_DESIGN_SECURITY_CLASSIFICATION(#13646,(#13598));
#13648=APPROVAL_STATUS('approved');
#13649=APPROVAL(#13648,'');
#13650=CC_DESIGN_APPROVAL(#13649,(#13646,#13598,#13599));
#13651=CALENDAR_DATE(121,28,7);
#13652=COORDINATED_UNIVERSAL_TIME_OFFSET(8,0,.AHEAD.);
#13653=LOCAL_TIME(9,54,2.E0,#13652);
#13654=DATE_AND_TIME(#13651,#13653);
#13655=APPROVAL_DATE_TIME(#13654,#13649);
#13656=DATE_TIME_ROLE('creation_date');
#13657=CC_DESIGN_DATE_AND_TIME_ASSIGNMENT(#13654,#13656,(#13599));
#13658=DATE_TIME_ROLE('classification_date');
#13659=CC_DESIGN_DATE_AND_TIME_ASSIGNMENT(#13654,#13658,(#13646));
#13660=PERSON('UNSPECIFIED','UNSPECIFIED',$,$,$,$);
#13661=ORGANIZATION('UNSPECIFIED','UNSPECIFIED','UNSPECIFIED');
#13662=PERSON_AND_ORGANIZATION(#13660,#13661);
#13663=APPROVAL_ROLE('approver');
#13664=APPROVAL_PERSON_ORGANIZATION(#13662,#13649,#13663);
#13665=PERSON_AND_ORGANIZATION_ROLE('creator');
#13666=CC_DESIGN_PERSON_AND_ORGANIZATION_ASSIGNMENT(#13662,#13665,(#13598,
#13599));
#13667=PERSON_AND_ORGANIZATION_ROLE('design_supplier');
#13668=CC_DESIGN_PERSON_AND_ORGANIZATION_ASSIGNMENT(#13662,#13667,(#13598));
#13669=PERSON_AND_ORGANIZATION_ROLE('classification_officer');
#13670=CC_DESIGN_PERSON_AND_ORGANIZATION_ASSIGNMENT(#13662,#13669,(#13646));
#13671=PERSON_AND_ORGANIZATION_ROLE('design_owner');
#13672=CC_DESIGN_PERSON_AND_ORGANIZATION_ASSIGNMENT(#13662,#13671,(#13597));
#1=COLOUR_RGB('',1.5E-1,3.1E-1,4.6E-1);
#2=COLOUR_RGB('',1.5E-1,3.1E-1,4.6E-1);
#3=COLOUR_RGB('',1.5E-1,3.1E-1,4.6E-1);
#4=COLOUR_RGB('',1.5E-1,3.1E-1,4.6E-1);
#5=COLOUR_RGB('',1.5E-1,3.1E-1,4.6E-1);
#6=COLOUR_RGB('',2.5E-1,3.4E-1,5.3E-1);
#7=COLOUR_RGB('',8.5E-1,9.3E-1,1.E0);
#8=COLOUR_RGB('',8.784E-1,9.49E-1,1.E0);
#9=COLOUR_RGB('',1.E0,2.7E-1,0.E0);
#14=CIRCLE('',#13,9.E-1);
#31=CIRCLE('',#30,1.85E0);
#150=B_SPLINE_CURVE_WITH_KNOTS('',3,(#144,#145,#146,#147,#148,#149),
.UNSPECIFIED.,.F.,.F.,(4,1,1,4),(0.E0,4.460548786566E-1,7.622325928950E-1,1.E0),
.UNSPECIFIED.);
#159=CIRCLE('',#158,9.E-1);
#164=CIRCLE('',#163,9.E-1);
#173=CIRCLE('',#172,9.25E-1);
#182=CIRCLE('',#181,9.25E-1);
#191=CIRCLE('',#190,9.25E-1);
#196=CIRCLE('',#195,9.E-1);
#209=CIRCLE('',#208,9.E-1);
#214=CIRCLE('',#213,9.E-1);
#219=CIRCLE('',#218,9.E-1);
#232=CIRCLE('',#231,2.15E0);
#248=B_SPLINE_CURVE_WITH_KNOTS('',3,(#237,#238,#239,#240,#241,#242,#243,#244,
#245,#246,#247),.UNSPECIFIED.,.F.,.F.,(4,1,1,1,1,1,1,1,4),(0.E0,1.25E-1,2.5E-1,
3.75E-1,5.E-1,6.25E-1,7.5E-1,8.75E-1,1.E0),.UNSPECIFIED.);
#257=B_SPLINE_CURVE_WITH_KNOTS('',3,(#249,#250,#251,#252,#253,#254,#255,#256),
.UNSPECIFIED.,.F.,.F.,(4,1,1,1,1,4),(0.E0,2.E-1,4.E-1,6.E-1,8.E-1,1.E0),
.UNSPECIFIED.);
#278=CIRCLE('',#277,4.E-1);
#291=CIRCLE('',#290,4.E-1);
#312=CIRCLE('',#311,1.75E0);
#317=CIRCLE('',#316,1.75E0);
#362=CIRCLE('',#361,2.05E0);
#371=CIRCLE('',#370,2.05E0);
#420=CIRCLE('',#419,1.75E0);
#437=B_SPLINE_CURVE_WITH_KNOTS('',3,(#429,#430,#431,#432,#433,#434,#435,#436),
.UNSPECIFIED.,.F.,.F.,(4,1,1,1,1,4),(0.E0,2.E-1,4.E-1,6.E-1,8.E-1,1.E0),
.UNSPECIFIED.);
#458=B_SPLINE_CURVE_WITH_KNOTS('',3,(#450,#451,#452,#453,#454,#455,#456,#457),
.UNSPECIFIED.,.F.,.F.,(4,1,1,1,1,4),(0.E0,2.E-1,4.E-1,6.E-1,8.E-1,1.E0),
.UNSPECIFIED.);
#463=CIRCLE('',#462,1.5E-1);
#471=B_SPLINE_CURVE_WITH_KNOTS('',3,(#464,#465,#466,#467,#468,#469,#470),
.UNSPECIFIED.,.F.,.F.,(4,1,1,1,4),(0.E0,2.5E-1,5.E-1,7.5E-1,1.E0),
.UNSPECIFIED.);
#483=B_SPLINE_CURVE_WITH_KNOTS('',3,(#472,#473,#474,#475,#476,#477,#478,#479,
#480,#481,#482),.UNSPECIFIED.,.F.,.F.,(4,1,1,1,1,1,1,1,4),(0.E0,1.25E-1,2.5E-1,
3.75E-1,5.E-1,6.25E-1,7.5E-1,8.75E-1,1.E0),.UNSPECIFIED.);
#488=CIRCLE('',#487,1.5E-1);
#497=CIRCLE('',#496,1.5E-1);
#518=CIRCLE('',#517,1.5E-1);
#523=CIRCLE('',#522,1.5E-1);
#640=CIRCLE('',#639,2.E-1);
#661=CIRCLE('',#660,2.E-1);
#666=CIRCLE('',#665,2.E-1);
#671=CIRCLE('',#670,2.E-1);
#692=CIRCLE('',#691,1.5E-1);
#697=CIRCLE('',#696,1.5E-1);
#710=CIRCLE('',#709,1.5E-1);
#719=CIRCLE('',#718,1.5E-1);
#728=CIRCLE('',#727,1.5E-1);
#733=CIRCLE('',#732,3.E-1);
#738=CIRCLE('',#737,1.5E-1);
#743=CIRCLE('',#742,1.5E-1);
#752=CIRCLE('',#751,1.5E-1);
#757=CIRCLE('',#756,3.E-1);
#762=CIRCLE('',#761,1.5E-1);
#767=CIRCLE('',#766,1.5E-1);
#788=CIRCLE('',#787,4.E-1);
#793=CIRCLE('',#792,1.5E-1);
#798=CIRCLE('',#797,1.5E-1);
#819=CIRCLE('',#818,1.5E-1);
#828=CIRCLE('',#827,4.E-1);
#845=CIRCLE('',#844,1.5E-1);
#853=B_SPLINE_CURVE_WITH_KNOTS('',3,(#846,#847,#848,#849,#850,#851,#852),
.UNSPECIFIED.,.F.,.F.,(4,1,1,1,4),(0.E0,2.5E-1,5.E-1,7.5E-1,1.E0),
.UNSPECIFIED.);
#866=B_SPLINE_CURVE_WITH_KNOTS('',3,(#858,#859,#860,#861,#862,#863,#864,#865),
.UNSPECIFIED.,.F.,.F.,(4,1,1,1,1,4),(0.E0,2.E-1,4.E-1,6.E-1,8.E-1,1.E0),
.UNSPECIFIED.);
#887=B_SPLINE_CURVE_WITH_KNOTS('',3,(#879,#880,#881,#882,#883,#884,#885,#886),
.UNSPECIFIED.,.F.,.F.,(4,1,1,1,1,4),(0.E0,2.E-1,4.E-1,6.E-1,8.E-1,1.E0),
.UNSPECIFIED.);
#896=CIRCLE('',#895,1.75E0);
#905=CIRCLE('',#904,1.75E0);
#922=CIRCLE('',#921,1.75E0);
#938=B_SPLINE_CURVE_WITH_KNOTS('',3,(#927,#928,#929,#930,#931,#932,#933,#934,
#935,#936,#937),.UNSPECIFIED.,.F.,.F.,(4,1,1,1,1,1,1,1,4),(0.E0,1.25E-1,2.5E-1,
3.75E-1,5.E-1,6.25E-1,7.5E-1,8.75E-1,1.E0),.UNSPECIFIED.);
#947=B_SPLINE_CURVE_WITH_KNOTS('',3,(#939,#940,#941,#942,#943,#944,#945,#946),
.UNSPECIFIED.,.F.,.F.,(4,1,1,1,1,4),(0.E0,2.E-1,4.E-1,6.E-1,8.E-1,1.E0),
.UNSPECIFIED.);
#952=CIRCLE('',#951,1.5E-1);
#961=CIRCLE('',#960,4.E-1);
#978=CIRCLE('',#977,1.5E-1);
#983=CIRCLE('',#982,2.5E-1);
#988=CIRCLE('',#987,2.5E-1);
#993=CIRCLE('',#992,1.5E-1);
#1014=CIRCLE('',#1013,4.E-1);
#1019=CIRCLE('',#1018,1.5E-1);
#1024=CIRCLE('',#1023,1.5E-1);
#1029=CIRCLE('',#1028,3.E-1);
#1034=CIRCLE('',#1033,1.5E-1);
#1039=CIRCLE('',#1038,1.5E-1);
#1048=CIRCLE('',#1047,1.5E-1);
#1053=CIRCLE('',#1052,3.E-1);
#1058=CIRCLE('',#1057,1.5E-1);
#1063=CIRCLE('',#1062,1.5E-1);
#1068=CIRCLE('',#1067,1.5E-1);
#1073=CIRCLE('',#1072,1.5E-1);
#1082=CIRCLE('',#1081,1.5E-1);
#1087=CIRCLE('',#1086,1.5E-1);
#1107=B_SPLINE_CURVE_WITH_KNOTS('',3,(#1096,#1097,#1098,#1099,#1100,#1101,#1102,
#1103,#1104,#1105,#1106),.UNSPECIFIED.,.F.,.F.,(4,1,1,1,1,1,1,1,4),(0.E0,
1.25E-1,2.5E-1,3.75E-1,5.E-1,6.25E-1,7.5E-1,8.75E-1,1.E0),.UNSPECIFIED.);
#1116=B_SPLINE_CURVE_WITH_KNOTS('',3,(#1108,#1109,#1110,#1111,#1112,#1113,#1114,
#1115),.UNSPECIFIED.,.F.,.F.,(4,1,1,1,1,4),(0.E0,2.E-1,4.E-1,6.E-1,8.E-1,1.E0),
.UNSPECIFIED.);
#1121=CIRCLE('',#1120,1.5E-1);
#1126=CIRCLE('',#1125,1.5E-1);
#1147=CIRCLE('',#1146,1.E-1);
#1152=CIRCLE('',#1151,1.75E0);
#1157=CIRCLE('',#1156,1.E-1);
#1162=CIRCLE('',#1161,1.75E0);
#1167=CIRCLE('',#1166,1.75E0);
#1172=CIRCLE('',#1171,1.75E0);
#1177=CIRCLE('',#1176,1.75E0);
#1182=CIRCLE('',#1181,1.75E0);
#1187=CIRCLE('',#1186,1.75E0);
#1192=CIRCLE('',#1191,1.E-1);
#1197=CIRCLE('',#1196,1.75E0);
#1202=CIRCLE('',#1201,1.E-1);
#1207=CIRCLE('',#1206,1.E-1);
#1212=CIRCLE('',#1211,1.75E0);
#1217=CIRCLE('',#1216,1.E-1);
#1222=CIRCLE('',#1221,1.75E0);
#1227=CIRCLE('',#1226,1.75E0);
#1232=CIRCLE('',#1231,1.E-1);
#1237=CIRCLE('',#1236,1.75E0);
#1242=CIRCLE('',#1241,1.E-1);
#1247=CIRCLE('',#1246,1.E-1);
#1252=CIRCLE('',#1251,1.75E0);
#1257=CIRCLE('',#1256,1.E-1);
#1262=CIRCLE('',#1261,1.75E0);
#1267=CIRCLE('',#1266,1.75E0);
#1272=CIRCLE('',#1271,1.E-1);
#1277=CIRCLE('',#1276,1.75E0);
#1282=CIRCLE('',#1281,1.E-1);
#1287=CIRCLE('',#1286,1.E-1);
#1292=CIRCLE('',#1291,1.75E0);
#1297=CIRCLE('',#1296,1.E-1);
#1302=CIRCLE('',#1301,1.75E0);
#1307=CIRCLE('',#1306,1.75E0);
#1312=CIRCLE('',#1311,1.E-1);
#1317=CIRCLE('',#1316,1.75E0);
#1322=CIRCLE('',#1321,1.E-1);
#1327=CIRCLE('',#1326,1.E-1);
#1332=CIRCLE('',#1331,1.75E0);
#1337=CIRCLE('',#1336,1.E-1);
#1342=CIRCLE('',#1341,1.75E0);
#1347=CIRCLE('',#1346,1.75E0);
#1352=CIRCLE('',#1351,1.E-1);
#1357=CIRCLE('',#1356,1.75E0);
#1362=CIRCLE('',#1361,1.E-1);
#1367=CIRCLE('',#1366,1.E-1);
#1372=CIRCLE('',#1371,1.75E0);
#1377=CIRCLE('',#1376,1.E-1);
#1382=CIRCLE('',#1381,1.75E0);
#1387=CIRCLE('',#1386,1.75E0);
#1392=CIRCLE('',#1391,1.E-1);
#1397=CIRCLE('',#1396,1.75E0);
#1402=CIRCLE('',#1401,1.E-1);
#1407=CIRCLE('',#1406,1.E-1);
#1412=CIRCLE('',#1411,1.75E0);
#1417=CIRCLE('',#1416,1.E-1);
#1422=CIRCLE('',#1421,1.75E0);
#1427=CIRCLE('',#1426,1.75E0);
#1432=CIRCLE('',#1431,1.75E0);
#1437=CIRCLE('',#1436,1.E-1);
#1442=CIRCLE('',#1441,1.75E0);
#1447=CIRCLE('',#1446,1.75E0);
#1452=CIRCLE('',#1451,1.E-1);
#1461=CIRCLE('',#1460,1.75E0);
#1506=CIRCLE('',#1505,2.05E0);
#1523=CIRCLE('',#1522,1.75E0);
#1536=B_SPLINE_CURVE_WITH_KNOTS('',3,(#1528,#1529,#1530,#1531,#1532,#1533,#1534,
#1535),.UNSPECIFIED.,.F.,.F.,(4,1,1,1,1,4),(0.E0,2.E-1,4.E-1,6.E-1,8.E-1,1.E0),
.UNSPECIFIED.);
#1557=B_SPLINE_CURVE_WITH_KNOTS('',3,(#1549,#1550,#1551,#1552,#1553,#1554,#1555,
#1556),.UNSPECIFIED.,.F.,.F.,(4,1,1,1,1,4),(0.E0,2.E-1,4.E-1,6.E-1,8.E-1,1.E0),
.UNSPECIFIED.);
#1566=CIRCLE('',#1565,1.75E0);
#1582=B_SPLINE_CURVE_WITH_KNOTS('',3,(#1571,#1572,#1573,#1574,#1575,#1576,#1577,
#1578,#1579,#1580,#1581),.UNSPECIFIED.,.F.,.F.,(4,1,1,1,1,1,1,1,4),(0.E0,
1.25E-1,2.5E-1,3.75E-1,5.E-1,6.25E-1,7.5E-1,8.75E-1,1.E0),.UNSPECIFIED.);
#1587=CIRCLE('',#1586,1.75E0);
#1592=CIRCLE('',#1591,1.75E0);
#1613=CIRCLE('',#1612,1.75E0);
#1630=B_SPLINE_CURVE_WITH_KNOTS('',3,(#1622,#1623,#1624,#1625,#1626,#1627,#1628,
#1629),.UNSPECIFIED.,.F.,.F.,(4,1,1,1,1,4),(0.E0,2.E-1,4.E-1,6.E-1,8.E-1,1.E0),
.UNSPECIFIED.);
#1651=B_SPLINE_CURVE_WITH_KNOTS('',3,(#1643,#1644,#1645,#1646,#1647,#1648,#1649,
#1650),.UNSPECIFIED.,.F.,.F.,(4,1,1,1,1,4),(0.E0,2.E-1,4.E-1,6.E-1,8.E-1,1.E0),
.UNSPECIFIED.);
#1656=CIRCLE('',#1655,1.5E-1);
#1664=B_SPLINE_CURVE_WITH_KNOTS('',3,(#1657,#1658,#1659,#1660,#1661,#1662,
#1663),.UNSPECIFIED.,.F.,.F.,(4,1,1,1,4),(0.E0,2.5E-1,5.E-1,7.5E-1,1.E0),
.UNSPECIFIED.);
#1676=B_SPLINE_CURVE_WITH_KNOTS('',3,(#1665,#1666,#1667,#1668,#1669,#1670,#1671,
#1672,#1673,#1674,#1675),.UNSPECIFIED.,.F.,.F.,(4,1,1,1,1,1,1,1,4),(0.E0,
1.25E-1,2.5E-1,3.75E-1,5.E-1,6.25E-1,7.5E-1,8.75E-1,1.E0),.UNSPECIFIED.);
#1681=CIRCLE('',#1680,1.5E-1);
#1690=CIRCLE('',#1689,1.5E-1);
#1707=CIRCLE('',#1706,2.E-1);
#1716=CIRCLE('',#1715,1.5E-1);
#1721=CIRCLE('',#1720,3.E-1);
#1726=CIRCLE('',#1725,1.5E-1);
#1823=CIRCLE('',#1822,2.E-1);
#1840=CIRCLE('',#1839,2.E-1);
#1845=CIRCLE('',#1844,2.E-1);
#1854=CIRCLE('',#1853,2.E-1);
#1875=CIRCLE('',#1874,1.5E-1);
#1880=CIRCLE('',#1879,1.5E-1);
#1889=CIRCLE('',#1888,1.5E-1);
#1898=CIRCLE('',#1897,1.5E-1);
#1907=CIRCLE('',#1906,1.5E-1);
#1912=CIRCLE('',#1911,3.E-1);
#1917=CIRCLE('',#1916,1.5E-1);
#1922=CIRCLE('',#1921,1.5E-1);
#1927=CIRCLE('',#1926,1.5E-1);
#1952=CIRCLE('',#1951,1.5E-1);
#1961=CIRCLE('',#1960,4.E-1);
#1978=CIRCLE('',#1977,1.5E-1);
#1986=B_SPLINE_CURVE_WITH_KNOTS('',3,(#1979,#1980,#1981,#1982,#1983,#1984,
#1985),.UNSPECIFIED.,.F.,.F.,(4,1,1,1,4),(0.E0,2.5E-1,5.E-1,7.5E-1,1.E0),
.UNSPECIFIED.);
#1998=B_SPLINE_CURVE_WITH_KNOTS('',3,(#1987,#1988,#1989,#1990,#1991,#1992,#1993,
#1994,#1995,#1996,#1997),.UNSPECIFIED.,.F.,.F.,(4,1,1,1,1,1,1,1,4),(0.E0,
1.25E-1,2.5E-1,3.75E-1,5.E-1,6.25E-1,7.5E-1,8.75E-1,1.E0),.UNSPECIFIED.);
#2003=CIRCLE('',#2002,1.5E-1);
#2008=CIRCLE('',#2007,2.5E-1);
#2013=CIRCLE('',#2012,2.5E-1);
#2018=CIRCLE('',#2017,1.5E-1);
#2039=CIRCLE('',#2038,4.E-1);
#2044=CIRCLE('',#2043,1.5E-1);
#2053=B_SPLINE_CURVE_WITH_KNOTS('',3,(#2045,#2046,#2047,#2048,#2049,#2050,#2051,
#2052),.UNSPECIFIED.,.F.,.F.,(4,1,1,1,1,4),(0.E0,2.E-1,4.E-1,6.E-1,8.E-1,1.E0),
.UNSPECIFIED.);
#2058=CIRCLE('',#2057,1.5E-1);
#2063=CIRCLE('',#2062,1.5E-1);
#2068=CIRCLE('',#2067,1.5E-1);
#2077=CIRCLE('',#2076,1.5E-1);
#2082=CIRCLE('',#2081,1.5E-1);
#2091=CIRCLE('',#2090,1.5E-1);
#2096=CIRCLE('',#2095,3.E-1);
#2101=CIRCLE('',#2100,1.5E-1);
#2106=CIRCLE('',#2105,1.5E-1);
#2111=CIRCLE('',#2110,1.5E-1);
#2136=CIRCLE('',#2135,1.5E-1);
#2145=CIRCLE('',#2144,4.E-1);
#2162=CIRCLE('',#2161,1.5E-1);
#2171=B_SPLINE_CURVE_WITH_KNOTS('',3,(#2163,#2164,#2165,#2166,#2167,#2168,#2169,
#2170),.UNSPECIFIED.,.F.,.F.,(4,1,1,1,1,4),(0.E0,2.E-1,4.E-1,6.E-1,8.E-1,1.E0),
.UNSPECIFIED.);
#2187=B_SPLINE_CURVE_WITH_KNOTS('',3,(#2176,#2177,#2178,#2179,#2180,#2181,#2182,
#2183,#2184,#2185,#2186),.UNSPECIFIED.,.F.,.F.,(4,1,1,1,1,1,1,1,4),(0.E0,
1.25E-1,2.5E-1,3.75E-1,5.E-1,6.25E-1,7.5E-1,8.75E-1,1.E0),.UNSPECIFIED.);
#2192=CIRCLE('',#2191,1.5E-1);
#2197=CIRCLE('',#2196,2.5E-1);
#2202=CIRCLE('',#2201,2.5E-1);
#2207=CIRCLE('',#2206,1.5E-1);
#2228=CIRCLE('',#2227,4.E-1);
#2233=CIRCLE('',#2232,1.5E-1);
#2238=CIRCLE('',#2237,1.5E-1);
#2243=CIRCLE('',#2242,3.E-1);
#2248=CIRCLE('',#2247,1.5E-1);
#2269=CIRCLE('',#2268,2.E-1);
#2290=CIRCLE('',#2289,2.E-1);
#2295=B_SPLINE_CURVE_WITH_KNOTS('',3,(#2291,#2292,#2293,#2294),.UNSPECIFIED.,
.F.,.F.,(4,4),(0.E0,1.E0),.UNSPECIFIED.);
#2300=CIRCLE('',#2299,2.E-1);
#2313=CIRCLE('',#2312,2.05E0);
#2322=CIRCLE('',#2321,1.85E0);
#2327=CIRCLE('',#2326,2.E-1);
#2340=CIRCLE('',#2339,2.15E0);
#2357=CIRCLE('',#2356,2.E-1);
#2362=CIRCLE('',#2361,2.E-1);
#2369=B_SPLINE_CURVE_WITH_KNOTS('',3,(#2363,#2364,#2365,#2366,#2367,#2368),
.UNSPECIFIED.,.F.,.F.,(4,1,1,4),(0.E0,3.333333333333E-1,6.666666666667E-1,1.E0),
.UNSPECIFIED.);
#2381=B_SPLINE_CURVE_WITH_KNOTS('',3,(#2370,#2371,#2372,#2373,#2374,#2375,#2376,
#2377,#2378,#2379,#2380),.UNSPECIFIED.,.F.,.F.,(4,1,1,1,1,1,1,1,4),(0.E0,
1.25E-1,2.5E-1,3.75E-1,5.E-1,6.25E-1,7.5E-1,8.75E-1,1.E0),.UNSPECIFIED.);
#2402=CIRCLE('',#2401,4.E-1);
#2414=B_SPLINE_CURVE_WITH_KNOTS('',3,(#2403,#2404,#2405,#2406,#2407,#2408,#2409,
#2410,#2411,#2412,#2413),.UNSPECIFIED.,.F.,.F.,(4,1,1,1,1,1,1,1,4),(0.E0,
1.25E-1,2.5E-1,3.75E-1,5.E-1,6.25E-1,7.5E-1,8.75E-1,1.E0),.UNSPECIFIED.);
#2427=CIRCLE('',#2426,3.E-1);
#2436=CIRCLE('',#2435,1.5E-1);
#2445=CIRCLE('',#2444,2.15E0);
#2454=CIRCLE('',#2453,1.5E-1);
#2463=CIRCLE('',#2462,3.E-1);
#2472=CIRCLE('',#2471,3.E-1);
#2477=CIRCLE('',#2476,3.E-1);
#2542=CIRCLE('',#2541,4.E-1);
#2558=B_SPLINE_CURVE_WITH_KNOTS('',3,(#2547,#2548,#2549,#2550,#2551,#2552,#2553,
#2554,#2555,#2556,#2557),.UNSPECIFIED.,.F.,.F.,(4,1,1,1,1,1,1,1,4),(0.E0,
1.25E-1,2.5E-1,3.75E-1,5.E-1,6.25E-1,7.5E-1,8.75E-1,1.E0),.UNSPECIFIED.);
#2565=B_SPLINE_CURVE_WITH_KNOTS('',3,(#2559,#2560,#2561,#2562,#2563,#2564),
.UNSPECIFIED.,.F.,.F.,(4,1,1,4),(0.E0,3.333333333333E-1,6.666666666667E-1,1.E0),
.UNSPECIFIED.);
#2577=B_SPLINE_CURVE_WITH_KNOTS('',3,(#2566,#2567,#2568,#2569,#2570,#2571,#2572,
#2573,#2574,#2575,#2576),.UNSPECIFIED.,.F.,.F.,(4,1,1,1,1,1,1,1,4),(0.E0,
1.25E-1,2.5E-1,3.75E-1,5.E-1,6.25E-1,7.5E-1,8.75E-1,1.E0),.UNSPECIFIED.);
#2586=CIRCLE('',#2585,2.E-1);
#2603=CIRCLE('',#2602,2.E-1);
#2608=CIRCLE('',#2607,2.E-1);
#2621=CIRCLE('',#2620,3.E-1);
#2642=CIRCLE('',#2641,3.E-1);
#2659=CIRCLE('',#2658,3.E-1);
#2680=CIRCLE('',#2679,3.E-1);
#2705=CIRCLE('',#2704,5.E-2);
#2710=CIRCLE('',#2709,5.E-2);
#2739=CIRCLE('',#2738,5.E-2);
#2744=CIRCLE('',#2743,5.E-2);
#2757=CIRCLE('',#2756,3.E-1);
#2778=CIRCLE('',#2777,3.E-1);
#2795=CIRCLE('',#2794,3.E-1);
#2816=CIRCLE('',#2815,3.E-1);
#2841=CIRCLE('',#2840,5.E-2);
#2846=CIRCLE('',#2845,5.E-2);
#2875=CIRCLE('',#2874,5.E-2);
#2880=CIRCLE('',#2879,5.E-2);
#2893=CIRCLE('',#2892,3.E-1);
#2914=CIRCLE('',#2913,3.E-1);
#2931=CIRCLE('',#2930,3.E-1);
#2952=CIRCLE('',#2951,3.E-1);
#2977=CIRCLE('',#2976,5.E-2);
#2982=CIRCLE('',#2981,5.E-2);
#3011=CIRCLE('',#3010,5.E-2);
#3016=CIRCLE('',#3015,5.E-2);
#3021=CIRCLE('',#3020,2.5E-1);
#3026=CIRCLE('',#3025,2.5E-1);
#3031=CIRCLE('',#3030,1.5E-1);
#3043=B_SPLINE_CURVE_WITH_KNOTS('',3,(#3032,#3033,#3034,#3035,#3036,#3037,#3038,
#3039,#3040,#3041,#3042),.UNSPECIFIED.,.F.,.F.,(4,1,1,1,1,1,1,1,4),(0.E0,
1.25E-1,2.5E-1,3.75E-1,5.E-1,6.25E-1,7.5E-1,8.75E-1,1.E0),.UNSPECIFIED.);
#3048=CIRCLE('',#3047,2.E-1);
#3057=CIRCLE('',#3056,2.E-1);
#3062=CIRCLE('',#3061,2.E-1);
#3083=CIRCLE('',#3082,2.E-1);
#3092=CIRCLE('',#3091,3.E-1);
#3113=CIRCLE('',#3112,3.E-1);
#3138=CIRCLE('',#3137,3.E-1);
#3159=CIRCLE('',#3158,3.E-1);
#3172=CIRCLE('',#3171,5.E-2);
#3177=CIRCLE('',#3176,5.E-2);
#3206=CIRCLE('',#3205,5.E-2);
#3211=CIRCLE('',#3210,5.E-2);
#3228=CIRCLE('',#3227,3.E-1);
#3249=CIRCLE('',#3248,3.E-1);
#3274=CIRCLE('',#3273,3.E-1);
#3295=CIRCLE('',#3294,3.E-1);
#3308=CIRCLE('',#3307,5.E-2);
#3313=CIRCLE('',#3312,5.E-2);
#3342=CIRCLE('',#3341,5.E-2);
#3347=CIRCLE('',#3346,5.E-2);
#3364=CIRCLE('',#3363,3.E-1);
#3385=CIRCLE('',#3384,3.E-1);
#3410=CIRCLE('',#3409,3.E-1);
#3431=CIRCLE('',#3430,3.E-1);
#3444=CIRCLE('',#3443,5.E-2);
#3449=CIRCLE('',#3448,5.E-2);
#3478=CIRCLE('',#3477,5.E-2);
#3483=CIRCLE('',#3482,5.E-2);
#3496=CIRCLE('',#3495,2.E-1);
#3501=CIRCLE('',#3500,2.E-1);
#3506=CIRCLE('',#3505,2.E-1);
#3541=B_SPLINE_CURVE_WITH_KNOTS('',3,(#3507,#3508,#3509,#3510,#3511,#3512,#3513,
#3514,#3515,#3516,#3517,#3518,#3519,#3520,#3521,#3522,#3523,#3524,#3525,#3526,
#3527,#3528,#3529,#3530,#3531,#3532,#3533,#3534,#3535,#3536,#3537,#3538,#3539,
#3540),.UNSPECIFIED.,.F.,.F.,(4,1,1,1,1,1,1,1,1,1,1,1,1,1,1,1,1,1,1,1,1,1,1,1,1,
1,1,1,1,1,1,4),(0.E0,3.225806451613E-2,6.451612903226E-2,9.677419354839E-2,
1.290322580645E-1,1.612903225806E-1,1.935483870968E-1,2.258064516129E-1,
2.580645161290E-1,2.903225806452E-1,3.225806451613E-1,3.548387096774E-1,
3.870967741935E-1,4.193548387097E-1,4.516129032258E-1,4.838709677419E-1,
5.161290322581E-1,5.483870967742E-1,5.806451612903E-1,6.129032258065E-1,
6.451612903226E-1,6.774193548387E-1,7.096774193548E-1,7.419354838710E-1,
7.741935483871E-1,8.064516129032E-1,8.387096774194E-1,8.709677419355E-1,
9.032258064516E-1,9.354838709677E-1,9.677419354839E-1,1.E0),.UNSPECIFIED.);
#3546=CIRCLE('',#3545,2.E-1);
#3559=CIRCLE('',#3558,2.05E0);
#3576=CIRCLE('',#3575,2.05E0);
#3593=CIRCLE('',#3592,2.E-1);
#3598=CIRCLE('',#3597,2.E-1);
#3603=CIRCLE('',#3602,2.E-1);
#3608=CIRCLE('',#3607,2.E-1);
#3613=CIRCLE('',#3612,2.E-1);
#3618=CIRCLE('',#3617,2.E-1);
#3631=CIRCLE('',#3630,2.E-1);
#3636=CIRCLE('',#3635,2.E-1);
#3656=B_SPLINE_CURVE_WITH_KNOTS('',3,(#3645,#3646,#3647,#3648,#3649,#3650,#3651,
#3652,#3653,#3654,#3655),.UNSPECIFIED.,.F.,.F.,(4,1,1,1,1,1,1,1,4),(0.E0,
1.25E-1,2.5E-1,3.75E-1,5.E-1,6.25E-1,7.5E-1,8.75E-1,1.E0),.UNSPECIFIED.);
#3669=CIRCLE('',#3668,3.E-1);
#3678=CIRCLE('',#3677,1.5E-1);
#3687=CIRCLE('',#3686,2.15E0);
#3696=CIRCLE('',#3695,1.5E-1);
#3705=CIRCLE('',#3704,3.E-1);
#3714=CIRCLE('',#3713,3.E-1);
#3719=CIRCLE('',#3718,3.E-1);
#3990=B_SPLINE_CURVE_WITH_KNOTS('',3,(#3984,#3985,#3986,#3987,#3988,#3989),
.UNSPECIFIED.,.F.,.F.,(4,1,1,4),(0.E0,4.460548786566E-1,7.622325928950E-1,1.E0),
.UNSPECIFIED.);
#5065=EDGE_CURVE('',#4918,#4919,#14,.T.);
#5067=EDGE_CURVE('',#4495,#4918,#173,.T.);
#5069=EDGE_CURVE('',#4491,#4495,#18,.T.);
#5071=EDGE_CURVE('',#4491,#4489,#3622,.T.);
#5073=EDGE_CURVE('',#4202,#4489,#22,.T.);
#5075=EDGE_CURVE('',#4038,#4202,#26,.T.);
#5077=EDGE_CURVE('',#4037,#4038,#31,.T.);
#5079=EDGE_CURVE('',#4192,#4037,#35,.T.);
#5081=EDGE_CURVE('',#4192,#4484,#39,.T.);
#5083=EDGE_CURVE('',#4493,#4484,#3644,.T.);
#5085=EDGE_CURVE('',#4495,#4493,#43,.T.);
#5087=EDGE_CURVE('',#4919,#4495,#191,.T.);
#5091=EDGE_CURVE('',#4133,#4134,#47,.T.);
#5093=EDGE_CURVE('',#4134,#4136,#51,.T.);
#5095=EDGE_CURVE('',#4136,#4138,#55,.T.);
#5097=EDGE_CURVE('',#4138,#4140,#59,.T.);
#5099=EDGE_CURVE('',#4140,#4142,#63,.T.);
#5101=EDGE_CURVE('',#4142,#4144,#67,.T.);
#5103=EDGE_CURVE('',#4144,#4146,#71,.T.);
#5105=EDGE_CURVE('',#4146,#4148,#75,.T.);
#5107=EDGE_CURVE('',#4148,#4150,#79,.T.);
#5109=EDGE_CURVE('',#4150,#4152,#83,.T.);
#5111=EDGE_CURVE('',#4152,#4154,#87,.T.);
#5113=EDGE_CURVE('',#4154,#4133,#91,.T.);
#5117=EDGE_CURVE('',#4157,#4158,#95,.T.);
#5119=EDGE_CURVE('',#4158,#4160,#99,.T.);
#5121=EDGE_CURVE('',#4160,#4162,#103,.T.);
#5123=EDGE_CURVE('',#4162,#4164,#107,.T.);
#5125=EDGE_CURVE('',#4164,#4166,#111,.T.);
#5127=EDGE_CURVE('',#4166,#4168,#115,.T.);
#5129=EDGE_CURVE('',#4168,#4170,#119,.T.);
#5131=EDGE_CURVE('',#4170,#4172,#123,.T.);
#5133=EDGE_CURVE('',#4172,#4174,#127,.T.);
#5135=EDGE_CURVE('',#4174,#4176,#131,.T.);
#5137=EDGE_CURVE('',#4176,#4178,#135,.T.);
#5139=EDGE_CURVE('',#4178,#4157,#139,.T.);
#5143=EDGE_CURVE('',#4479,#4480,#143,.T.);
#5145=EDGE_CURVE('',#4480,#4481,#150,.T.);
#5147=EDGE_CURVE('',#4481,#4479,#154,.T.);
#5164=EDGE_CURVE('',#5055,#5057,#159,.T.);
#5166=EDGE_CURVE('',#5057,#4918,#177,.T.);
#5169=EDGE_CURVE('',#5059,#4919,#186,.T.);
#5171=EDGE_CURVE('',#5059,#5054,#164,.T.);
#5173=EDGE_CURVE('',#5054,#4866,#168,.T.);
#5175=EDGE_CURVE('',#4866,#4867,#214,.T.);
#5177=EDGE_CURVE('',#5055,#4867,#200,.T.);
#5194=EDGE_CURVE('',#5057,#5059,#182,.T.);
#5197=EDGE_CURVE('',#5054,#5055,#196,.T.);
#5237=EDGE_CURVE('',#4867,#4883,#209,.T.);
#5239=EDGE_CURVE('',#4886,#4883,#257,.T.);
#5241=EDGE_CURVE('',#4886,#4866,#219,.T.);
#5259=EDGE_CURVE('',#4881,#4883,#204,.T.);
#5264=EDGE_CURVE('',#4886,#4887,#223,.T.);
#5266=EDGE_CURVE('',#4871,#4887,#227,.T.);
#5268=EDGE_CURVE('',#4870,#4871,#232,.T.);
#5270=EDGE_CURVE('',#4881,#4870,#236,.T.);
#5287=EDGE_CURVE('',#4931,#4929,#265,.T.);
#5289=EDGE_CURVE('',#4887,#4929,#248,.T.);
#5294=EDGE_CURVE('',#4881,#4931,#3656,.T.);
#5311=EDGE_CURVE('',#4929,#4926,#261,.T.);
#5314=EDGE_CURVE('',#4923,#4931,#269,.T.);
#5316=EDGE_CURVE('',#4923,#4206,#379,.T.);
#5318=EDGE_CURVE('',#4206,#4197,#273,.T.);
#5320=EDGE_CURVE('',#4197,#4198,#278,.T.);
#5322=EDGE_CURVE('',#4198,#4488,#282,.T.);
#5324=EDGE_CURVE('',#4491,#4488,#3626,.T.);
#5328=EDGE_CURVE('',#4485,#4493,#3640,.T.);
#5330=EDGE_CURVE('',#4194,#4485,#286,.T.);
#5332=EDGE_CURVE('',#4186,#4194,#291,.T.);
#5334=EDGE_CURVE('',#4185,#4186,#295,.T.);
#5336=EDGE_CURVE('',#4185,#4926,#353,.T.);
#5359=EDGE_CURVE('',#4926,#4890,#307,.T.);
#5361=EDGE_CURVE('',#4890,#4891,#3696,.T.);
#5363=EDGE_CURVE('',#4887,#4891,#3767,.T.);
#5381=EDGE_CURVE('',#4922,#4923,#383,.T.);
#5383=EDGE_CURVE('',#4879,#4923,#299,.T.);
#5385=EDGE_CURVE('',#4879,#4899,#3673,.T.);
#5387=EDGE_CURVE('',#4898,#4899,#3759,.T.);
#5389=EDGE_CURVE('',#4894,#4898,#3723,.T.);
#5391=EDGE_CURVE('',#4894,#4895,#303,.T.);
#5393=EDGE_CURVE('',#4895,#4890,#3700,.T.);
#5396=EDGE_CURVE('',#4926,#4927,#349,.T.);
#5398=EDGE_CURVE('',#4927,#4938,#661,.T.);
#5400=EDGE_CURVE('',#4938,#4939,#644,.T.);
#5402=EDGE_CURVE('',#4943,#4939,#640,.T.);
#5404=EDGE_CURVE('',#4942,#4943,#587,.T.);
#5406=EDGE_CURVE('',#4942,#4935,#3062,.T.);
#5408=EDGE_CURVE('',#4934,#4935,#3066,.T.);
#5410=EDGE_CURVE('',#4922,#4934,#3083,.T.);
#5427=EDGE_CURVE('',#5014,#5015,#312,.T.);
#5429=EDGE_CURVE('',#5023,#5014,#317,.T.);
#5431=EDGE_CURVE('',#4432,#5023,#891,.T.);
#5433=EDGE_CURVE('',#4434,#4432,#853,.T.);
#5435=EDGE_CURVE('',#4295,#4434,#321,.T.);
#5437=EDGE_CURVE('',#4006,#4295,#325,.T.);
#5439=EDGE_CURVE('',#4006,#4004,#329,.T.);
#5441=EDGE_CURVE('',#4002,#4004,#333,.T.);
#5443=EDGE_CURVE('',#4001,#4002,#337,.T.);
#5445=EDGE_CURVE('',#4053,#4001,#341,.T.);
#5447=EDGE_CURVE('',#4927,#4053,#345,.T.);
#5451=EDGE_CURVE('',#4189,#4185,#3496,.T.);
#5453=EDGE_CURVE('',#4041,#4189,#357,.T.);
#5455=EDGE_CURVE('',#4078,#4041,#362,.T.);
#5457=EDGE_CURVE('',#4077,#4078,#366,.T.);
#5459=EDGE_CURVE('',#4045,#4077,#371,.T.);
#5461=EDGE_CURVE('',#4204,#4045,#375,.T.);
#5463=EDGE_CURVE('',#4206,#4204,#3593,.T.);
#5467=EDGE_CURVE('',#4074,#4922,#387,.T.);
#5469=EDGE_CURVE('',#4074,#3998,#391,.T.);
#5471=EDGE_CURVE('',#3996,#3998,#395,.T.);
#5473=EDGE_CURVE('',#3994,#3996,#399,.T.);
#5475=EDGE_CURVE('',#3993,#3994,#403,.T.);
#5477=EDGE_CURVE('',#4286,#3993,#407,.T.);
#5479=EDGE_CURVE('',#4393,#4286,#411,.T.);
#5481=EDGE_CURVE('',#4395,#4393,#471,.T.);
#5483=EDGE_CURVE('',#5015,#4395,#428,.T.);
#5506=EDGE_CURVE('',#5015,#5018,#420,.T.);
#5508=EDGE_CURVE('',#5018,#5019,#905,.T.);
#5510=EDGE_CURVE('',#4947,#5019,#900,.T.);
#5512=EDGE_CURVE('',#4946,#4947,#1177,.T.);
#5514=EDGE_CURVE('',#4951,#4946,#1167,.T.);
#5516=EDGE_CURVE('',#4951,#5014,#415,.T.);
#5533=EDGE_CURVE('',#5027,#5015,#424,.T.);
#5535=EDGE_CURVE('',#5045,#5027,#947,.T.);
#5537=EDGE_CURVE('',#5018,#5045,#926,.T.);
#5557=EDGE_CURVE('',#4394,#4395,#437,.T.);
#5559=EDGE_CURVE('',#4399,#4394,#441,.T.);
#5561=EDGE_CURVE('',#4399,#4459,#445,.T.);
#5563=EDGE_CURVE('',#4458,#4459,#449,.T.);
#5565=EDGE_CURVE('',#5027,#4458,#458,.T.);
#5631=EDGE_CURVE('',#4392,#4393,#483,.T.);
#5633=EDGE_CURVE('',#4392,#4394,#463,.T.);
#5659=EDGE_CURVE('',#4286,#4287,#488,.T.);
#5661=EDGE_CURVE('',#4392,#4287,#1001,.T.);
#5685=EDGE_CURVE('',#3993,#4008,#492,.T.);
#5687=EDGE_CURVE('',#4008,#4299,#571,.T.);
#5689=EDGE_CURVE('',#4298,#4299,#497,.T.);
#5691=EDGE_CURVE('',#4287,#4298,#501,.T.);
#5713=EDGE_CURVE('',#4235,#3994,#513,.T.);
#5715=EDGE_CURVE('',#4239,#4235,#523,.T.);
#5717=EDGE_CURVE('',#4239,#4008,#505,.T.);
#5741=EDGE_CURVE('',#4234,#4235,#509,.T.);
#5745=EDGE_CURVE('',#4234,#3996,#531,.T.);
#5768=EDGE_CURVE('',#4234,#4238,#518,.T.);
#5770=EDGE_CURVE('',#4238,#4239,#575,.T.);
#5793=EDGE_CURVE('',#4012,#4238,#527,.T.);
#5798=EDGE_CURVE('',#4012,#3998,#3052,.T.);
#5820=EDGE_CURVE('',#4058,#4943,#535,.T.);
#5822=EDGE_CURVE('',#4058,#4014,#539,.T.);
#5824=EDGE_CURVE('',#4231,#4014,#675,.T.);
#5826=EDGE_CURVE('',#4230,#4231,#543,.T.);
#5828=EDGE_CURVE('',#4010,#4230,#701,.T.);
#5830=EDGE_CURVE('',#4282,#4010,#547,.T.);
#5832=EDGE_CURVE('',#4282,#4451,#551,.T.);
#5834=EDGE_CURVE('',#4449,#4451,#733,.T.);
#5836=EDGE_CURVE('',#4431,#4449,#747,.T.);
#5838=EDGE_CURVE('',#4429,#4431,#757,.T.);
#5840=EDGE_CURVE('',#4429,#4311,#555,.T.);
#5842=EDGE_CURVE('',#4306,#4311,#559,.T.);
#5844=EDGE_CURVE('',#4306,#4471,#563,.T.);
#5846=EDGE_CURVE('',#4469,#4471,#1053,.T.);
#5848=EDGE_CURVE('',#4411,#4469,#1043,.T.);
#5850=EDGE_CURVE('',#4409,#4411,#1029,.T.);
#5852=EDGE_CURVE('',#4409,#4299,#567,.T.);
#5858=EDGE_CURVE('',#4061,#4012,#579,.T.);
#5860=EDGE_CURVE('',#4942,#4061,#583,.T.);
#5865=EDGE_CURVE('',#4738,#4739,#591,.T.);
#5867=EDGE_CURVE('',#4738,#4742,#595,.T.);
#5869=EDGE_CURVE('',#4742,#4743,#599,.T.);
#5871=EDGE_CURVE('',#4739,#4743,#603,.T.);
#5875=EDGE_CURVE('',#4746,#4747,#607,.T.);
#5877=EDGE_CURVE('',#4746,#4750,#611,.T.);
#5879=EDGE_CURVE('',#4750,#4751,#615,.T.);
#5881=EDGE_CURVE('',#4747,#4751,#619,.T.);
#5885=EDGE_CURVE('',#4754,#4755,#623,.T.);
#5887=EDGE_CURVE('',#4754,#4758,#627,.T.);
#5889=EDGE_CURVE('',#4758,#4759,#631,.T.);
#5891=EDGE_CURVE('',#4755,#4759,#635,.T.);
#5914=EDGE_CURVE('',#4057,#4939,#656,.T.);
#5916=EDGE_CURVE('',#4057,#4058,#671,.T.);
#5940=EDGE_CURVE('',#4938,#4054,#648,.T.);
#5942=EDGE_CURVE('',#4054,#4057,#652,.T.);
#5967=EDGE_CURVE('',#4053,#4054,#666,.T.);
#5992=EDGE_CURVE('',#4014,#4001,#679,.T.);
#6017=EDGE_CURVE('',#4227,#4002,#687,.T.);
#6019=EDGE_CURVE('',#4231,#4227,#697,.T.);
#6044=EDGE_CURVE('',#4226,#4227,#683,.T.);
#6048=EDGE_CURVE('',#4226,#4004,#705,.T.);
#6071=EDGE_CURVE('',#4226,#4230,#692,.T.);
#6099=EDGE_CURVE('',#4006,#4010,#714,.T.);
#6121=EDGE_CURVE('',#4282,#4283,#710,.T.);
#6126=EDGE_CURVE('',#4294,#4295,#719,.T.);
#6128=EDGE_CURVE('',#4294,#4283,#723,.T.);
#6145=EDGE_CURVE('',#4445,#4451,#728,.T.);
#6149=EDGE_CURVE('',#4283,#4445,#836,.T.);
#6171=EDGE_CURVE('',#4447,#4449,#752,.T.);
#6175=EDGE_CURVE('',#4447,#4445,#738,.T.);
#6197=EDGE_CURVE('',#4425,#4431,#743,.T.);
#6201=EDGE_CURVE('',#4425,#4447,#806,.T.);
#6223=EDGE_CURVE('',#4427,#4429,#767,.T.);
#6227=EDGE_CURVE('',#4427,#4425,#762,.T.);
#6250=EDGE_CURVE('',#4427,#4310,#779,.T.);
#6252=EDGE_CURVE('',#4310,#4311,#1087,.T.);
#6275=EDGE_CURVE('',#4414,#4415,#771,.T.);
#6277=EDGE_CURVE('',#4415,#4291,#775,.T.);
#6279=EDGE_CURVE('',#4291,#4310,#1091,.T.);
#6282=EDGE_CURVE('',#4427,#4421,#783,.T.);
#6284=EDGE_CURVE('',#4421,#4414,#788,.T.);
#6307=EDGE_CURVE('',#4414,#4418,#793,.T.);
#6309=EDGE_CURVE('',#4418,#4419,#870,.T.);
#6311=EDGE_CURVE('',#4415,#4419,#1121,.T.);
#6334=EDGE_CURVE('',#4421,#4423,#798,.T.);
#6336=EDGE_CURVE('',#4423,#4418,#3021,.T.);
#6359=EDGE_CURVE('',#4425,#4423,#802,.T.);
#6386=EDGE_CURVE('',#4443,#4447,#810,.T.);
#6388=EDGE_CURVE('',#4423,#4443,#814,.T.);
#6410=EDGE_CURVE('',#4441,#4445,#832,.T.);
#6412=EDGE_CURVE('',#4441,#4443,#819,.T.);
#6436=EDGE_CURVE('',#4435,#4437,#823,.T.);
#6438=EDGE_CURVE('',#4437,#4441,#828,.T.);
#6443=EDGE_CURVE('',#4294,#4435,#840,.T.);
#6466=EDGE_CURVE('',#4435,#4433,#845,.T.);
#6468=EDGE_CURVE('',#4433,#4439,#878,.T.);
#6470=EDGE_CURVE('',#4437,#4439,#3031,.T.);
#6536=EDGE_CURVE('',#4432,#4433,#887,.T.);
#6539=EDGE_CURVE('',#4434,#4435,#3043,.T.);
#6562=EDGE_CURVE('',#5025,#5023,#857,.T.);
#6564=EDGE_CURVE('',#4419,#5025,#866,.T.);
#6567=EDGE_CURVE('',#4418,#4439,#874,.T.);
#6593=EDGE_CURVE('',#5021,#5023,#896,.T.);
#6595=EDGE_CURVE('',#5047,#5021,#1095,.T.);
#6597=EDGE_CURVE('',#5025,#5047,#1116,.T.);
#6614=EDGE_CURVE('',#5019,#5021,#922,.T.);
#6619=EDGE_CURVE('',#4949,#4951,#1162,.T.);
#6621=EDGE_CURVE('',#4947,#4949,#1182,.T.);
#6640=EDGE_CURVE('',#4303,#5018,#909,.T.);
#6642=EDGE_CURVE('',#4290,#4303,#913,.T.);
#6644=EDGE_CURVE('',#5021,#4290,#917,.T.);
#6663=EDGE_CURVE('',#5045,#4454,#938,.T.);
#6665=EDGE_CURVE('',#4302,#4454,#973,.T.);
#6667=EDGE_CURVE('',#4302,#4303,#1073,.T.);
#6736=EDGE_CURVE('',#4454,#4458,#952,.T.);
#6759=EDGE_CURVE('',#4454,#4455,#956,.T.);
#6763=EDGE_CURVE('',#4455,#4459,#978,.T.);
#6786=EDGE_CURVE('',#4455,#4461,#961,.T.);
#6788=EDGE_CURVE('',#4461,#4465,#965,.T.);
#6790=EDGE_CURVE('',#4307,#4465,#969,.T.);
#6792=EDGE_CURVE('',#4302,#4307,#1077,.T.);
#6817=EDGE_CURVE('',#4459,#4463,#988,.T.);
#6819=EDGE_CURVE('',#4461,#4463,#1126,.T.);
#6841=EDGE_CURVE('',#4403,#4399,#983,.T.);
#6843=EDGE_CURVE('',#4403,#4463,#1142,.T.);
#6867=EDGE_CURVE('',#4401,#4397,#1014,.T.);
#6869=EDGE_CURVE('',#4401,#4403,#993,.T.);
#6872=EDGE_CURVE('',#4397,#4399,#1019,.T.);
#6894=EDGE_CURVE('',#4397,#4392,#997,.T.);
#6898=EDGE_CURVE('',#4407,#4298,#1005,.T.);
#6900=EDGE_CURVE('',#4407,#4401,#1009,.T.);
#6947=EDGE_CURVE('',#4407,#4409,#1024,.T.);
#6974=EDGE_CURVE('',#4405,#4411,#1039,.T.);
#6976=EDGE_CURVE('',#4407,#4405,#1034,.T.);
#7000=EDGE_CURVE('',#4467,#4469,#1048,.T.);
#7002=EDGE_CURVE('',#4405,#4467,#1134,.T.);
#7026=EDGE_CURVE('',#4465,#4471,#1063,.T.);
#7028=EDGE_CURVE('',#4467,#4465,#1058,.T.);
#7052=EDGE_CURVE('',#4306,#4307,#1082,.T.);
#7075=EDGE_CURVE('',#4290,#4291,#1068,.T.);
#7103=EDGE_CURVE('',#4415,#5047,#1107,.T.);
#7199=EDGE_CURVE('',#4463,#4467,#1138,.T.);
#7222=EDGE_CURVE('',#4405,#4403,#1130,.T.);
#7271=EDGE_CURVE('',#4946,#4961,#1147,.T.);
#7273=EDGE_CURVE('',#4961,#4963,#1152,.T.);
#7275=EDGE_CURVE('',#4963,#4949,#1157,.T.);
#7295=EDGE_CURVE('',#4963,#4961,#1172,.T.);
#7315=EDGE_CURVE('',#4967,#4963,#1202,.T.);
#7317=EDGE_CURVE('',#4967,#4965,#1187,.T.);
#7319=EDGE_CURVE('',#4961,#4965,#1192,.T.);
#7338=EDGE_CURVE('',#4965,#4967,#1197,.T.);
#7357=EDGE_CURVE('',#4965,#4969,#1207,.T.);
#7359=EDGE_CURVE('',#4969,#4971,#1212,.T.);
#7361=EDGE_CURVE('',#4971,#4967,#1217,.T.);
#7380=EDGE_CURVE('',#4971,#4969,#1222,.T.);
#7399=EDGE_CURVE('',#4975,#4971,#1242,.T.);
#7401=EDGE_CURVE('',#4975,#4973,#1227,.T.);
#7403=EDGE_CURVE('',#4969,#4973,#1232,.T.);
#7422=EDGE_CURVE('',#4973,#4975,#1237,.T.);
#7441=EDGE_CURVE('',#4973,#4977,#1247,.T.);
#7443=EDGE_CURVE('',#4977,#4979,#1252,.T.);
#7445=EDGE_CURVE('',#4979,#4975,#1257,.T.);
#7464=EDGE_CURVE('',#4979,#4977,#1262,.T.);
#7483=EDGE_CURVE('',#4983,#4979,#1282,.T.);
#7485=EDGE_CURVE('',#4983,#4981,#1267,.T.);
#7487=EDGE_CURVE('',#4977,#4981,#1272,.T.);
#7506=EDGE_CURVE('',#4981,#4983,#1277,.T.);
#7525=EDGE_CURVE('',#4981,#4985,#1287,.T.);
#7527=EDGE_CURVE('',#4985,#4987,#1292,.T.);
#7529=EDGE_CURVE('',#4987,#4983,#1297,.T.);
#7548=EDGE_CURVE('',#4987,#4985,#1302,.T.);
#7567=EDGE_CURVE('',#4991,#4987,#1322,.T.);
#7569=EDGE_CURVE('',#4991,#4989,#1307,.T.);
#7571=EDGE_CURVE('',#4985,#4989,#1312,.T.);
#7590=EDGE_CURVE('',#4989,#4991,#1317,.T.);
#7609=EDGE_CURVE('',#4989,#4993,#1327,.T.);
#7611=EDGE_CURVE('',#4993,#4995,#1332,.T.);
#7613=EDGE_CURVE('',#4995,#4991,#1337,.T.);
#7632=EDGE_CURVE('',#4995,#4993,#1342,.T.);
#7651=EDGE_CURVE('',#4999,#4995,#1362,.T.);
#7653=EDGE_CURVE('',#4999,#4997,#1347,.T.);
#7655=EDGE_CURVE('',#4993,#4997,#1352,.T.);
#7674=EDGE_CURVE('',#4997,#4999,#1357,.T.);
#7693=EDGE_CURVE('',#4997,#5001,#1367,.T.);
#7695=EDGE_CURVE('',#5001,#5003,#1372,.T.);
#7697=EDGE_CURVE('',#5003,#4999,#1377,.T.);
#7716=EDGE_CURVE('',#5003,#5001,#1382,.T.);
#7735=EDGE_CURVE('',#5007,#5003,#1402,.T.);
#7737=EDGE_CURVE('',#5007,#5005,#1387,.T.);
#7739=EDGE_CURVE('',#5001,#5005,#1392,.T.);
#7758=EDGE_CURVE('',#5005,#5007,#1397,.T.);
#7777=EDGE_CURVE('',#5005,#5009,#1407,.T.);
#7779=EDGE_CURVE('',#5009,#5011,#1412,.T.);
#7781=EDGE_CURVE('',#5011,#5007,#1417,.T.);
#7800=EDGE_CURVE('',#5011,#5009,#1422,.T.);
#7819=EDGE_CURVE('',#4957,#5011,#1452,.T.);
#7821=EDGE_CURVE('',#4955,#4957,#1427,.T.);
#7823=EDGE_CURVE('',#4954,#4955,#1432,.T.);
#7825=EDGE_CURVE('',#5009,#4954,#1437,.T.);
#7844=EDGE_CURVE('',#4959,#4954,#1442,.T.);
#7846=EDGE_CURVE('',#4957,#4959,#1447,.T.);
#7865=EDGE_CURVE('',#5030,#5031,#1461,.T.);
#7867=EDGE_CURVE('',#5030,#4959,#1456,.T.);
#7871=EDGE_CURVE('',#5035,#4955,#1608,.T.);
#7873=EDGE_CURVE('',#5034,#5035,#1587,.T.);
#7875=EDGE_CURVE('',#5031,#5034,#1566,.T.);
#7893=EDGE_CURVE('',#4332,#5031,#1561,.T.);
#7895=EDGE_CURVE('',#4334,#4332,#1986,.T.);
#7897=EDGE_CURVE('',#4263,#4334,#1465,.T.);
#7899=EDGE_CURVE('',#4025,#4263,#1469,.T.);
#7901=EDGE_CURVE('',#4025,#4026,#1473,.T.);
#7903=EDGE_CURVE('',#4026,#4028,#1477,.T.);
#7905=EDGE_CURVE('',#4028,#4022,#1481,.T.);
#7907=EDGE_CURVE('',#4065,#4022,#1485,.T.);
#7909=EDGE_CURVE('',#4830,#4065,#1489,.T.);
#7911=EDGE_CURVE('',#4830,#4831,#1493,.T.);
#7913=EDGE_CURVE('',#4218,#4831,#1497,.T.);
#7915=EDGE_CURVE('',#4222,#4218,#2608,.T.);
#7917=EDGE_CURVE('',#4018,#4222,#1501,.T.);
#7919=EDGE_CURVE('',#4017,#4018,#1506,.T.);
#7921=EDGE_CURVE('',#4210,#4017,#1510,.T.);
#7923=EDGE_CURVE('',#4223,#4210,#2300,.T.);
#7925=EDGE_CURVE('',#4223,#4182,#1514,.T.);
#7927=EDGE_CURVE('',#4278,#4182,#1694,.T.);
#7929=EDGE_CURVE('',#4373,#4278,#1518,.T.);
#7931=EDGE_CURVE('',#4375,#4373,#1664,.T.);
#7933=EDGE_CURVE('',#5039,#4375,#1621,.T.);
#7935=EDGE_CURVE('',#5039,#5030,#1523,.T.);
#7957=EDGE_CURVE('',#5043,#5031,#1527,.T.);
#7959=EDGE_CURVE('',#4359,#5043,#1536,.T.);
#7961=EDGE_CURVE('',#4358,#4359,#1540,.T.);
#7963=EDGE_CURVE('',#4358,#4339,#1544,.T.);
#7965=EDGE_CURVE('',#4333,#4339,#1548,.T.);
#7967=EDGE_CURVE('',#4332,#4333,#1557,.T.);
#7992=EDGE_CURVE('',#5051,#5034,#1570,.T.);
#7994=EDGE_CURVE('',#5043,#5051,#2053,.T.);
#8012=EDGE_CURVE('',#5034,#4266,#1604,.T.);
#8014=EDGE_CURVE('',#4266,#4267,#2077,.T.);
#8016=EDGE_CURVE('',#4355,#4267,#2026,.T.);
#8018=EDGE_CURVE('',#4355,#5051,#1582,.T.);
#8041=EDGE_CURVE('',#5035,#5037,#1592,.T.);
#8043=EDGE_CURVE('',#4271,#5037,#1596,.T.);
#8045=EDGE_CURVE('',#4266,#4271,#1600,.T.);
#8069=EDGE_CURVE('',#5037,#5039,#1613,.T.);
#8086=EDGE_CURVE('',#5041,#5039,#1617,.T.);
#8088=EDGE_CURVE('',#5049,#5041,#2171,.T.);
#8090=EDGE_CURVE('',#5037,#5049,#2175,.T.);
#8110=EDGE_CURVE('',#4374,#4375,#1630,.T.);
#8112=EDGE_CURVE('',#4379,#4374,#1634,.T.);
#8114=EDGE_CURVE('',#4379,#4319,#1638,.T.);
#8116=EDGE_CURVE('',#4318,#4319,#1642,.T.);
#8118=EDGE_CURVE('',#5041,#4318,#1651,.T.);
#8184=EDGE_CURVE('',#4372,#4373,#1676,.T.);
#8186=EDGE_CURVE('',#4372,#4374,#1656,.T.);
#8212=EDGE_CURVE('',#4278,#4279,#1690,.T.);
#8214=EDGE_CURVE('',#4372,#4279,#2215,.T.);
#8236=EDGE_CURVE('',#4274,#4275,#1681,.T.);
#8238=EDGE_CURVE('',#4279,#4274,#1685,.T.);
#8242=EDGE_CURVE('',#4181,#4182,#1698,.T.);
#8244=EDGE_CURVE('',#4050,#4181,#1702,.T.);
#8246=EDGE_CURVE('',#4049,#4050,#1707,.T.);
#8248=EDGE_CURVE('',#4049,#4275,#1711,.T.);
#8265=EDGE_CURVE('',#4387,#4389,#1716,.T.);
#8267=EDGE_CURVE('',#4387,#4274,#2219,.T.);
#8270=EDGE_CURVE('',#4389,#4275,#1762,.T.);
#8293=EDGE_CURVE('',#4389,#4391,#1721,.T.);
#8295=EDGE_CURVE('',#4385,#4391,#2111,.T.);
#8297=EDGE_CURVE('',#4387,#4385,#1726,.T.);
#8319=EDGE_CURVE('',#4070,#4848,#1730,.T.);
#8321=EDGE_CURVE('',#4070,#4021,#1734,.T.);
#8323=EDGE_CURVE('',#4247,#4021,#1862,.T.);
#8325=EDGE_CURVE('',#4246,#4247,#1738,.T.);
#8327=EDGE_CURVE('',#4030,#4246,#1884,.T.);
#8329=EDGE_CURVE('',#4030,#4250,#1742,.T.);
#8331=EDGE_CURVE('',#4250,#4351,#1746,.T.);
#8333=EDGE_CURVE('',#4349,#4351,#1912,.T.);
#8335=EDGE_CURVE('',#4371,#4349,#1931,.T.);
#8337=EDGE_CURVE('',#4369,#4371,#2243,.T.);
#8339=EDGE_CURVE('',#4369,#4259,#1750,.T.);
#8341=EDGE_CURVE('',#4259,#4254,#1754,.T.);
#8343=EDGE_CURVE('',#4254,#4331,#1758,.T.);
#8345=EDGE_CURVE('',#4329,#4331,#2096,.T.);
#8347=EDGE_CURVE('',#4391,#4329,#2115,.T.);
#8352=EDGE_CURVE('',#4849,#4049,#1766,.T.);
#8354=EDGE_CURVE('',#4848,#4849,#1770,.T.);
#8358=EDGE_CURVE('',#4762,#4763,#1774,.T.);
#8360=EDGE_CURVE('',#4763,#4767,#1778,.T.);
#8362=EDGE_CURVE('',#4766,#4767,#1782,.T.);
#8364=EDGE_CURVE('',#4762,#4766,#1786,.T.);
#8368=EDGE_CURVE('',#4770,#4771,#1790,.T.);
#8370=EDGE_CURVE('',#4771,#4775,#1794,.T.);
#8372=EDGE_CURVE('',#4774,#4775,#1798,.T.);
#8374=EDGE_CURVE('',#4770,#4774,#1802,.T.);
#8378=EDGE_CURVE('',#4778,#4779,#1806,.T.);
#8380=EDGE_CURVE('',#4779,#4783,#1810,.T.);
#8382=EDGE_CURVE('',#4782,#4783,#1814,.T.);
#8384=EDGE_CURVE('',#4778,#4782,#1818,.T.);
#8406=EDGE_CURVE('',#4848,#4845,#1823,.T.);
#8408=EDGE_CURVE('',#4069,#4845,#2264,.T.);
#8410=EDGE_CURVE('',#4069,#4070,#1854,.T.);
#8434=EDGE_CURVE('',#4830,#4844,#1840,.T.);
#8436=EDGE_CURVE('',#4844,#4845,#2252,.T.);
#8440=EDGE_CURVE('',#4849,#4860,#2269,.T.);
#8442=EDGE_CURVE('',#4860,#4861,#2273,.T.);
#8444=EDGE_CURVE('',#4841,#4861,#2285,.T.);
#8446=EDGE_CURVE('',#4795,#4841,#1827,.T.);
#8448=EDGE_CURVE('',#4795,#4811,#2431,.T.);
#8450=EDGE_CURVE('',#4810,#4811,#2517,.T.);
#8452=EDGE_CURVE('',#4806,#4810,#2481,.T.);
#8454=EDGE_CURVE('',#4806,#4807,#1831,.T.);
#8456=EDGE_CURVE('',#4807,#4800,#2458,.T.);
#8458=EDGE_CURVE('',#4831,#4800,#1835,.T.);
#8477=EDGE_CURVE('',#4065,#4066,#1845,.T.);
#8479=EDGE_CURVE('',#4844,#4066,#2256,.T.);
#8503=EDGE_CURVE('',#4021,#4022,#1849,.T.);
#8507=EDGE_CURVE('',#4066,#4069,#2260,.T.);
#8529=EDGE_CURVE('',#4243,#4028,#1858,.T.);
#8531=EDGE_CURVE('',#4247,#4243,#1880,.T.);
#8556=EDGE_CURVE('',#4242,#4243,#1866,.T.);
#8560=EDGE_CURVE('',#4242,#4026,#1870,.T.);
#8583=EDGE_CURVE('',#4242,#4246,#1875,.T.);
#8611=EDGE_CURVE('',#4025,#4030,#1893,.T.);
#8633=EDGE_CURVE('',#4250,#4251,#1889,.T.);
#8638=EDGE_CURVE('',#4262,#4263,#1898,.T.);
#8640=EDGE_CURVE('',#4262,#4251,#1902,.T.);
#8662=EDGE_CURVE('',#4345,#4351,#1907,.T.);
#8666=EDGE_CURVE('',#4251,#4345,#1969,.T.);
#8688=EDGE_CURVE('',#4347,#4349,#1922,.T.);
#8692=EDGE_CURVE('',#4347,#4345,#1917,.T.);
#8715=EDGE_CURVE('',#4365,#4347,#1947,.T.);
#8717=EDGE_CURVE('',#4365,#4371,#1927,.T.);
#8740=EDGE_CURVE('',#4343,#4347,#1935,.T.);
#8742=EDGE_CURVE('',#4363,#4343,#1939,.T.);
#8744=EDGE_CURVE('',#4365,#4363,#1943,.T.);
#8767=EDGE_CURVE('',#4341,#4345,#1965,.T.);
#8769=EDGE_CURVE('',#4341,#4343,#1952,.T.);
#8793=EDGE_CURVE('',#4335,#4337,#1956,.T.);
#8795=EDGE_CURVE('',#4337,#4341,#1961,.T.);
#8800=EDGE_CURVE('',#4262,#4335,#1973,.T.);
#8823=EDGE_CURVE('',#4335,#4333,#1978,.T.);
#8826=EDGE_CURVE('',#4337,#4339,#2003,.T.);
#8894=EDGE_CURVE('',#4334,#4335,#1998,.T.);
#8943=EDGE_CURVE('',#4339,#4343,#2008,.T.);
#8968=EDGE_CURVE('',#4363,#4358,#2013,.T.);
#8991=EDGE_CURVE('',#4361,#4354,#2039,.T.);
#8993=EDGE_CURVE('',#4361,#4363,#2018,.T.);
#8996=EDGE_CURVE('',#4354,#4358,#2044,.T.);
#9018=EDGE_CURVE('',#4354,#4355,#2022,.T.);
#9021=EDGE_CURVE('',#4267,#4258,#2072,.T.);
#9023=EDGE_CURVE('',#4367,#4258,#2030,.T.);
#9025=EDGE_CURVE('',#4367,#4361,#2034,.T.);
#9051=EDGE_CURVE('',#4355,#4359,#2058,.T.);
#9145=EDGE_CURVE('',#4254,#4255,#2063,.T.);
#9148=EDGE_CURVE('',#4258,#4259,#2068,.T.);
#9153=EDGE_CURVE('',#4270,#4271,#2082,.T.);
#9155=EDGE_CURVE('',#4270,#4255,#2086,.T.);
#9172=EDGE_CURVE('',#4325,#4331,#2091,.T.);
#9176=EDGE_CURVE('',#4255,#4325,#2153,.T.);
#9198=EDGE_CURVE('',#4327,#4329,#2106,.T.);
#9202=EDGE_CURVE('',#4327,#4325,#2101,.T.);
#9225=EDGE_CURVE('',#4385,#4327,#2131,.T.);
#9249=EDGE_CURVE('',#4323,#4327,#2119,.T.);
#9251=EDGE_CURVE('',#4383,#4323,#2123,.T.);
#9253=EDGE_CURVE('',#4385,#4383,#2127,.T.);
#9276=EDGE_CURVE('',#4321,#4325,#2149,.T.);
#9278=EDGE_CURVE('',#4321,#4323,#2136,.T.);
#9302=EDGE_CURVE('',#4314,#4315,#2140,.T.);
#9304=EDGE_CURVE('',#4315,#4321,#2145,.T.);
#9309=EDGE_CURVE('',#4270,#4314,#2157,.T.);
#9332=EDGE_CURVE('',#4314,#4318,#2162,.T.);
#9335=EDGE_CURVE('',#4315,#4319,#2192,.T.);
#9404=EDGE_CURVE('',#5049,#4314,#2187,.T.);
#9453=EDGE_CURVE('',#4319,#4323,#2197,.T.);
#9478=EDGE_CURVE('',#4383,#4379,#2202,.T.);
#9501=EDGE_CURVE('',#4381,#4377,#2228,.T.);
#9503=EDGE_CURVE('',#4381,#4383,#2207,.T.);
#9506=EDGE_CURVE('',#4377,#4379,#2233,.T.);
#9528=EDGE_CURVE('',#4377,#4372,#2211,.T.);
#9533=EDGE_CURVE('',#4387,#4381,#2223,.T.);
#9604=EDGE_CURVE('',#4367,#4369,#2238,.T.);
#9632=EDGE_CURVE('',#4367,#4365,#2248,.T.);
#9705=EDGE_CURVE('',#4860,#4050,#2277,.T.);
#9730=EDGE_CURVE('',#4181,#4861,#2281,.T.);
#9756=EDGE_CURVE('',#4214,#4223,#2295,.T.);
#9758=EDGE_CURVE('',#4214,#4841,#2393,.T.);
#9780=EDGE_CURVE('',#4209,#4210,#2304,.T.);
#9782=EDGE_CURVE('',#4209,#4213,#2290,.T.);
#9784=EDGE_CURVE('',#4213,#4214,#2397,.T.);
#9810=EDGE_CURVE('',#4034,#4017,#2317,.T.);
#9812=EDGE_CURVE('',#4034,#4209,#2308,.T.);
#9834=EDGE_CURVE('',#4033,#4034,#2313,.T.);
#9838=EDGE_CURVE('',#4033,#4018,#2598,.T.);
#9860=EDGE_CURVE('',#4852,#4855,#2322,.T.);
#9862=EDGE_CURVE('',#4852,#4034,#2362,.T.);
#9865=EDGE_CURVE('',#4855,#4033,#2327,.T.);
#9882=EDGE_CURVE('',#4852,#4853,#2352,.T.);
#9885=EDGE_CURVE('',#4857,#4855,#2581,.T.);
#9887=EDGE_CURVE('',#4863,#4857,#2565,.T.);
#9889=EDGE_CURVE('',#4863,#4803,#2331,.T.);
#9891=EDGE_CURVE('',#4787,#4803,#2335,.T.);
#9893=EDGE_CURVE('',#4786,#4787,#2340,.T.);
#9895=EDGE_CURVE('',#4797,#4786,#2344,.T.);
#9897=EDGE_CURVE('',#4797,#4862,#2348,.T.);
#9899=EDGE_CURVE('',#4853,#4862,#2369,.T.);
#9917=EDGE_CURVE('',#4853,#4209,#2357,.T.);
#9942=EDGE_CURVE('',#4862,#4837,#2381,.T.);
#9944=EDGE_CURVE('',#4837,#4213,#2402,.T.);
#9963=EDGE_CURVE('',#4836,#4837,#2385,.T.);
#9967=EDGE_CURVE('',#4797,#4836,#2414,.T.);
#9985=EDGE_CURVE('',#4841,#4836,#2389,.T.);
#10012=EDGE_CURVE('',#4794,#4797,#2418,.T.);
#10014=EDGE_CURVE('',#4794,#4795,#2436,.T.);
#10034=EDGE_CURVE('',#4790,#4786,#2422,.T.);
#10036=EDGE_CURVE('',#4794,#4790,#2440,.T.);
#10053=EDGE_CURVE('',#4790,#4791,#2445,.T.);
#10057=EDGE_CURVE('',#4791,#4787,#2529,.T.);
#10074=EDGE_CURVE('',#4817,#4819,#2427,.T.);
#10076=EDGE_CURVE('',#4811,#4817,#2521,.T.);
#10082=EDGE_CURVE('',#4801,#4791,#2449,.T.);
#10084=EDGE_CURVE('',#4800,#4801,#2454,.T.);
#10087=EDGE_CURVE('',#4827,#4807,#2501,.T.);
#10089=EDGE_CURVE('',#4825,#4827,#2463,.T.);
#10091=EDGE_CURVE('',#4825,#4819,#2467,.T.);
#10108=EDGE_CURVE('',#4814,#4815,#2472,.T.);
#10110=EDGE_CURVE('',#4817,#4815,#2509,.T.);
#10113=EDGE_CURVE('',#4819,#4814,#2485,.T.);
#10131=EDGE_CURVE('',#4823,#4814,#2493,.T.);
#10133=EDGE_CURVE('',#4822,#4823,#2477,.T.);
#10135=EDGE_CURVE('',#4806,#4822,#2505,.T.);
#10138=EDGE_CURVE('',#4815,#4810,#2513,.T.);
#10157=EDGE_CURVE('',#4825,#4823,#2489,.T.);
#10178=EDGE_CURVE('',#4827,#4822,#2497,.T.);
#10233=EDGE_CURVE('',#4803,#4801,#2525,.T.);
#10253=EDGE_CURVE('',#4833,#4831,#2533,.T.);
#10258=EDGE_CURVE('',#4803,#4833,#2558,.T.);
#10276=EDGE_CURVE('',#4839,#4833,#2537,.T.);
#10278=EDGE_CURVE('',#4839,#4217,#2542,.T.);
#10280=EDGE_CURVE('',#4217,#4218,#2546,.T.);
#10301=EDGE_CURVE('',#4839,#4863,#2577,.T.);
#10319=EDGE_CURVE('',#4857,#4221,#2586,.T.);
#10321=EDGE_CURVE('',#4217,#4221,#2603,.T.);
#10342=EDGE_CURVE('',#4221,#4033,#2594,.T.);
#10365=EDGE_CURVE('',#4221,#4222,#2590,.T.);
#10410=EDGE_CURVE('',#4762,#4566,#2612,.T.);
#10412=EDGE_CURVE('',#4562,#4566,#2739,.T.);
#10414=EDGE_CURVE('',#4562,#4539,#2616,.T.);
#10416=EDGE_CURVE('',#4538,#4539,#2621,.T.);
#10418=EDGE_CURVE('',#4538,#4502,#2625,.T.);
#10420=EDGE_CURVE('',#4502,#4503,#2629,.T.);
#10422=EDGE_CURVE('',#4503,#4558,#2633,.T.);
#10424=EDGE_CURVE('',#4554,#4558,#2705,.T.);
#10426=EDGE_CURVE('',#4554,#4531,#2637,.T.);
#10428=EDGE_CURVE('',#4530,#4531,#2642,.T.);
#10430=EDGE_CURVE('',#4530,#4763,#2646,.T.);
#10448=EDGE_CURVE('',#4766,#4567,#2688,.T.);
#10450=EDGE_CURVE('',#4566,#4567,#2650,.T.);
#10469=EDGE_CURVE('',#4535,#4767,#2654,.T.);
#10471=EDGE_CURVE('',#4533,#4535,#2659,.T.);
#10473=EDGE_CURVE('',#4555,#4533,#2663,.T.);
#10475=EDGE_CURVE('',#4559,#4555,#2710,.T.);
#10477=EDGE_CURVE('',#4511,#4559,#2667,.T.);
#10479=EDGE_CURVE('',#4510,#4511,#2671,.T.);
#10481=EDGE_CURVE('',#4543,#4510,#2675,.T.);
#10483=EDGE_CURVE('',#4541,#4543,#2680,.T.);
#10485=EDGE_CURVE('',#4563,#4541,#2684,.T.);
#10487=EDGE_CURVE('',#4567,#4563,#2744,.T.);
#10507=EDGE_CURVE('',#4535,#4530,#2692,.T.);
#10526=EDGE_CURVE('',#4533,#4531,#2700,.T.);
#10545=EDGE_CURVE('',#4554,#4555,#2696,.T.);
#10567=EDGE_CURVE('',#4558,#4559,#2714,.T.);
#10587=EDGE_CURVE('',#4503,#4511,#2718,.T.);
#10606=EDGE_CURVE('',#4502,#4510,#2722,.T.);
#10625=EDGE_CURVE('',#4543,#4538,#2726,.T.);
#10646=EDGE_CURVE('',#4541,#4539,#2734,.T.);
#10665=EDGE_CURVE('',#4562,#4563,#2730,.T.);
#10705=EDGE_CURVE('',#4770,#4662,#2748,.T.);
#10707=EDGE_CURVE('',#4658,#4662,#2875,.T.);
#10709=EDGE_CURVE('',#4658,#4635,#2752,.T.);
#10711=EDGE_CURVE('',#4634,#4635,#2757,.T.);
#10713=EDGE_CURVE('',#4634,#4582,#2761,.T.);
#10715=EDGE_CURVE('',#4582,#4583,#2765,.T.);
#10717=EDGE_CURVE('',#4583,#4654,#2769,.T.);
#10719=EDGE_CURVE('',#4650,#4654,#2841,.T.);
#10721=EDGE_CURVE('',#4650,#4627,#2773,.T.);
#10723=EDGE_CURVE('',#4626,#4627,#2778,.T.);
#10725=EDGE_CURVE('',#4626,#4771,#2782,.T.);
#10743=EDGE_CURVE('',#4774,#4663,#2824,.T.);
#10745=EDGE_CURVE('',#4662,#4663,#2786,.T.);
#10764=EDGE_CURVE('',#4631,#4775,#2790,.T.);
#10766=EDGE_CURVE('',#4629,#4631,#2795,.T.);
#10768=EDGE_CURVE('',#4651,#4629,#2799,.T.);
#10770=EDGE_CURVE('',#4655,#4651,#2846,.T.);
#10772=EDGE_CURVE('',#4591,#4655,#2803,.T.);
#10774=EDGE_CURVE('',#4590,#4591,#2807,.T.);
#10776=EDGE_CURVE('',#4639,#4590,#2811,.T.);
#10778=EDGE_CURVE('',#4637,#4639,#2816,.T.);
#10780=EDGE_CURVE('',#4659,#4637,#2820,.T.);
#10782=EDGE_CURVE('',#4663,#4659,#2880,.T.);
#10802=EDGE_CURVE('',#4631,#4626,#2828,.T.);
#10821=EDGE_CURVE('',#4629,#4627,#2836,.T.);
#10840=EDGE_CURVE('',#4650,#4651,#2832,.T.);
#10862=EDGE_CURVE('',#4654,#4655,#2850,.T.);
#10882=EDGE_CURVE('',#4583,#4591,#2854,.T.);
#10901=EDGE_CURVE('',#4582,#4590,#2858,.T.);
#10920=EDGE_CURVE('',#4639,#4634,#2862,.T.);
#10941=EDGE_CURVE('',#4637,#4635,#2870,.T.);
#10960=EDGE_CURVE('',#4658,#4659,#2866,.T.);
#11000=EDGE_CURVE('',#4778,#4726,#2884,.T.);
#11002=EDGE_CURVE('',#4722,#4726,#3011,.T.);
#11004=EDGE_CURVE('',#4722,#4699,#2888,.T.);
#11006=EDGE_CURVE('',#4698,#4699,#2893,.T.);
#11008=EDGE_CURVE('',#4698,#4598,#2897,.T.);
#11010=EDGE_CURVE('',#4598,#4599,#2901,.T.);
#11012=EDGE_CURVE('',#4599,#4718,#2905,.T.);
#11014=EDGE_CURVE('',#4714,#4718,#2977,.T.);
#11016=EDGE_CURVE('',#4714,#4691,#2909,.T.);
#11018=EDGE_CURVE('',#4690,#4691,#2914,.T.);
#11020=EDGE_CURVE('',#4690,#4779,#2918,.T.);
#11038=EDGE_CURVE('',#4782,#4727,#2960,.T.);
#11040=EDGE_CURVE('',#4726,#4727,#2922,.T.);
#11059=EDGE_CURVE('',#4695,#4783,#2926,.T.);
#11061=EDGE_CURVE('',#4693,#4695,#2931,.T.);
#11063=EDGE_CURVE('',#4715,#4693,#2935,.T.);
#11065=EDGE_CURVE('',#4719,#4715,#2982,.T.);
#11067=EDGE_CURVE('',#4607,#4719,#2939,.T.);
#11069=EDGE_CURVE('',#4606,#4607,#2943,.T.);
#11071=EDGE_CURVE('',#4703,#4606,#2947,.T.);
#11073=EDGE_CURVE('',#4701,#4703,#2952,.T.);
#11075=EDGE_CURVE('',#4723,#4701,#2956,.T.);
#11077=EDGE_CURVE('',#4727,#4723,#3016,.T.);
#11097=EDGE_CURVE('',#4695,#4690,#2964,.T.);
#11116=EDGE_CURVE('',#4693,#4691,#2972,.T.);
#11135=EDGE_CURVE('',#4714,#4715,#2968,.T.);
#11157=EDGE_CURVE('',#4718,#4719,#2986,.T.);
#11177=EDGE_CURVE('',#4599,#4607,#2990,.T.);
#11196=EDGE_CURVE('',#4598,#4606,#2994,.T.);
#11215=EDGE_CURVE('',#4703,#4698,#2998,.T.);
#11236=EDGE_CURVE('',#4701,#4699,#3006,.T.);
#11255=EDGE_CURVE('',#4722,#4723,#3002,.T.);
#11296=EDGE_CURVE('',#4439,#4443,#3026,.T.);
#11367=EDGE_CURVE('',#4061,#4062,#3048,.T.);
#11372=EDGE_CURVE('',#4073,#4074,#3057,.T.);
#11374=EDGE_CURVE('',#4073,#4062,#3074,.T.);
#11399=EDGE_CURVE('',#4935,#4062,#3070,.T.);
#11424=EDGE_CURVE('',#4073,#4934,#3078,.T.);
#11471=EDGE_CURVE('',#4739,#4515,#3087,.T.);
#11473=EDGE_CURVE('',#4514,#4515,#3092,.T.);
#11475=EDGE_CURVE('',#4514,#4550,#3096,.T.);
#11477=EDGE_CURVE('',#4546,#4550,#3206,.T.);
#11479=EDGE_CURVE('',#4546,#4498,#3100,.T.);
#11481=EDGE_CURVE('',#4498,#4499,#3104,.T.);
#11483=EDGE_CURVE('',#4499,#4523,#3108,.T.);
#11485=EDGE_CURVE('',#4522,#4523,#3113,.T.);
#11487=EDGE_CURVE('',#4522,#4574,#3117,.T.);
#11489=EDGE_CURVE('',#4570,#4574,#3172,.T.);
#11491=EDGE_CURVE('',#4570,#4738,#3121,.T.);
#11509=EDGE_CURVE('',#4743,#4517,#3163,.T.);
#11511=EDGE_CURVE('',#4517,#4515,#3125,.T.);
#11530=EDGE_CURVE('',#4571,#4742,#3129,.T.);
#11532=EDGE_CURVE('',#4575,#4571,#3177,.T.);
#11534=EDGE_CURVE('',#4527,#4575,#3133,.T.);
#11536=EDGE_CURVE('',#4525,#4527,#3138,.T.);
#11538=EDGE_CURVE('',#4507,#4525,#3142,.T.);
#11540=EDGE_CURVE('',#4506,#4507,#3146,.T.);
#11542=EDGE_CURVE('',#4547,#4506,#3150,.T.);
#11544=EDGE_CURVE('',#4551,#4547,#3211,.T.);
#11546=EDGE_CURVE('',#4519,#4551,#3154,.T.);
#11548=EDGE_CURVE('',#4517,#4519,#3159,.T.);
#11568=EDGE_CURVE('',#4570,#4571,#3167,.T.);
#11588=EDGE_CURVE('',#4574,#4575,#3181,.T.);
#11608=EDGE_CURVE('',#4527,#4522,#3185,.T.);
#11627=EDGE_CURVE('',#4525,#4523,#3189,.T.);
#11648=EDGE_CURVE('',#4499,#4507,#3193,.T.);
#11667=EDGE_CURVE('',#4498,#4506,#3197,.T.);
#11686=EDGE_CURVE('',#4546,#4547,#3201,.T.);
#11708=EDGE_CURVE('',#4550,#4551,#3215,.T.);
#11728=EDGE_CURVE('',#4519,#4514,#3219,.T.);
#11766=EDGE_CURVE('',#4747,#4611,#3223,.T.);
#11768=EDGE_CURVE('',#4610,#4611,#3228,.T.);
#11770=EDGE_CURVE('',#4610,#4646,#3232,.T.);
#11772=EDGE_CURVE('',#4642,#4646,#3342,.T.);
#11774=EDGE_CURVE('',#4642,#4578,#3236,.T.);
#11776=EDGE_CURVE('',#4578,#4579,#3240,.T.);
#11778=EDGE_CURVE('',#4579,#4619,#3244,.T.);
#11780=EDGE_CURVE('',#4618,#4619,#3249,.T.);
#11782=EDGE_CURVE('',#4618,#4670,#3253,.T.);
#11784=EDGE_CURVE('',#4666,#4670,#3308,.T.);
#11786=EDGE_CURVE('',#4666,#4746,#3257,.T.);
#11804=EDGE_CURVE('',#4751,#4613,#3299,.T.);
#11806=EDGE_CURVE('',#4613,#4611,#3261,.T.);
#11825=EDGE_CURVE('',#4667,#4750,#3265,.T.);
#11827=EDGE_CURVE('',#4671,#4667,#3313,.T.);
#11829=EDGE_CURVE('',#4623,#4671,#3269,.T.);
#11831=EDGE_CURVE('',#4621,#4623,#3274,.T.);
#11833=EDGE_CURVE('',#4587,#4621,#3278,.T.);
#11835=EDGE_CURVE('',#4586,#4587,#3282,.T.);
#11837=EDGE_CURVE('',#4643,#4586,#3286,.T.);
#11839=EDGE_CURVE('',#4647,#4643,#3347,.T.);
#11841=EDGE_CURVE('',#4615,#4647,#3290,.T.);
#11843=EDGE_CURVE('',#4613,#4615,#3295,.T.);
#11863=EDGE_CURVE('',#4666,#4667,#3303,.T.);
#11883=EDGE_CURVE('',#4670,#4671,#3317,.T.);
#11903=EDGE_CURVE('',#4623,#4618,#3321,.T.);
#11922=EDGE_CURVE('',#4621,#4619,#3325,.T.);
#11943=EDGE_CURVE('',#4579,#4587,#3329,.T.);
#11962=EDGE_CURVE('',#4578,#4586,#3333,.T.);
#11981=EDGE_CURVE('',#4642,#4643,#3337,.T.);
#12003=EDGE_CURVE('',#4646,#4647,#3351,.T.);
#12023=EDGE_CURVE('',#4615,#4610,#3355,.T.);
#12061=EDGE_CURVE('',#4755,#4675,#3359,.T.);
#12063=EDGE_CURVE('',#4674,#4675,#3364,.T.);
#12065=EDGE_CURVE('',#4674,#4710,#3368,.T.);
#12067=EDGE_CURVE('',#4706,#4710,#3478,.T.);
#12069=EDGE_CURVE('',#4706,#4594,#3372,.T.);
#12071=EDGE_CURVE('',#4594,#4595,#3376,.T.);
#12073=EDGE_CURVE('',#4595,#4683,#3380,.T.);
#12075=EDGE_CURVE('',#4682,#4683,#3385,.T.);
#12077=EDGE_CURVE('',#4682,#4734,#3389,.T.);
#12079=EDGE_CURVE('',#4730,#4734,#3444,.T.);
#12081=EDGE_CURVE('',#4730,#4754,#3393,.T.);
#12099=EDGE_CURVE('',#4759,#4677,#3435,.T.);
#12101=EDGE_CURVE('',#4677,#4675,#3397,.T.);
#12120=EDGE_CURVE('',#4731,#4758,#3401,.T.);
#12122=EDGE_CURVE('',#4735,#4731,#3449,.T.);
#12124=EDGE_CURVE('',#4687,#4735,#3405,.T.);
#12126=EDGE_CURVE('',#4685,#4687,#3410,.T.);
#12128=EDGE_CURVE('',#4603,#4685,#3414,.T.);
#12130=EDGE_CURVE('',#4602,#4603,#3418,.T.);
#12132=EDGE_CURVE('',#4707,#4602,#3422,.T.);
#12134=EDGE_CURVE('',#4711,#4707,#3483,.T.);
#12136=EDGE_CURVE('',#4679,#4711,#3426,.T.);
#12138=EDGE_CURVE('',#4677,#4679,#3431,.T.);
#12158=EDGE_CURVE('',#4730,#4731,#3439,.T.);
#12178=EDGE_CURVE('',#4734,#4735,#3453,.T.);
#12198=EDGE_CURVE('',#4687,#4682,#3457,.T.);
#12217=EDGE_CURVE('',#4685,#4683,#3461,.T.);
#12238=EDGE_CURVE('',#4595,#4603,#3465,.T.);
#12257=EDGE_CURVE('',#4594,#4602,#3469,.T.);
#12276=EDGE_CURVE('',#4706,#4707,#3473,.T.);
#12298=EDGE_CURVE('',#4710,#4711,#3487,.T.);
#12318=EDGE_CURVE('',#4679,#4674,#3491,.T.);
#12356=EDGE_CURVE('',#4190,#4186,#3501,.T.);
#12358=EDGE_CURVE('',#4189,#4190,#3563,.T.);
#12376=EDGE_CURVE('',#4190,#4192,#3506,.T.);
#12380=EDGE_CURVE('',#4192,#4194,#3636,.T.);
#12399=EDGE_CURVE('',#4037,#4042,#3546,.T.);
#12401=EDGE_CURVE('',#4190,#4042,#3567,.T.);
#12418=EDGE_CURVE('',#4080,#4082,#3541,.T.);
#12420=EDGE_CURVE('',#4042,#4080,#3559,.T.);
#12424=EDGE_CURVE('',#4038,#4046,#3608,.T.);
#12426=EDGE_CURVE('',#4082,#4046,#3576,.T.);
#12444=EDGE_CURVE('',#4078,#4080,#3550,.T.);
#12447=EDGE_CURVE('',#4077,#4082,#3571,.T.);
#12466=EDGE_CURVE('',#4041,#4042,#3554,.T.);
#12515=EDGE_CURVE('',#4045,#4046,#3584,.T.);
#12533=EDGE_CURVE('',#4204,#4201,#3580,.T.);
#12537=EDGE_CURVE('',#4046,#4201,#3588,.T.);
#12560=EDGE_CURVE('',#4197,#4201,#3598,.T.);
#12581=EDGE_CURVE('',#4201,#4202,#3603,.T.);
#12583=EDGE_CURVE('',#4198,#4202,#3618,.T.);
#12619=EDGE_CURVE('',#4488,#4489,#3613,.T.);
#12657=EDGE_CURVE('',#4484,#4485,#3631,.T.);
#12697=EDGE_CURVE('',#4878,#4881,#3660,.T.);
#12699=EDGE_CURVE('',#4878,#4879,#3678,.T.);
#12719=EDGE_CURVE('',#4874,#4870,#3664,.T.);
#12721=EDGE_CURVE('',#4878,#4874,#3682,.T.);
#12738=EDGE_CURVE('',#4874,#4875,#3687,.T.);
#12742=EDGE_CURVE('',#4875,#4871,#3771,.T.);
#12759=EDGE_CURVE('',#4905,#4907,#3669,.T.);
#12761=EDGE_CURVE('',#4899,#4905,#3763,.T.);
#12767=EDGE_CURVE('',#4891,#4875,#3691,.T.);
#12771=EDGE_CURVE('',#4915,#4895,#3743,.T.);
#12773=EDGE_CURVE('',#4913,#4915,#3705,.T.);
#12775=EDGE_CURVE('',#4913,#4907,#3709,.T.);
#12792=EDGE_CURVE('',#4902,#4903,#3714,.T.);
#12794=EDGE_CURVE('',#4905,#4903,#3751,.T.);
#12797=EDGE_CURVE('',#4907,#4902,#3727,.T.);
#12815=EDGE_CURVE('',#4911,#4902,#3735,.T.);
#12817=EDGE_CURVE('',#4910,#4911,#3719,.T.);
#12819=EDGE_CURVE('',#4894,#4910,#3747,.T.);
#12822=EDGE_CURVE('',#4903,#4898,#3755,.T.);
#12841=EDGE_CURVE('',#4913,#4911,#3731,.T.);
#12862=EDGE_CURVE('',#4915,#4910,#3739,.T.);
#12937=EDGE_CURVE('',#4133,#4085,#3775,.T.);
#12939=EDGE_CURVE('',#4085,#4086,#3823,.T.);
#12941=EDGE_CURVE('',#4134,#4086,#3819,.T.);
#12959=EDGE_CURVE('',#4154,#4106,#3779,.T.);
#12961=EDGE_CURVE('',#4106,#4085,#3827,.T.);
#12980=EDGE_CURVE('',#4152,#4104,#3783,.T.);
#12982=EDGE_CURVE('',#4104,#4106,#3831,.T.);
#13001=EDGE_CURVE('',#4150,#4102,#3787,.T.);
#13003=EDGE_CURVE('',#4102,#4104,#3835,.T.);
#13022=EDGE_CURVE('',#4148,#4100,#3791,.T.);
#13024=EDGE_CURVE('',#4100,#4102,#3839,.T.);
#13043=EDGE_CURVE('',#4146,#4098,#3795,.T.);
#13045=EDGE_CURVE('',#4098,#4100,#3843,.T.);
#13064=EDGE_CURVE('',#4144,#4096,#3799,.T.);
#13066=EDGE_CURVE('',#4096,#4098,#3847,.T.);
#13085=EDGE_CURVE('',#4142,#4094,#3803,.T.);
#13087=EDGE_CURVE('',#4094,#4096,#3851,.T.);
#13106=EDGE_CURVE('',#4140,#4092,#3807,.T.);
#13108=EDGE_CURVE('',#4092,#4094,#3855,.T.);
#13127=EDGE_CURVE('',#4138,#4090,#3811,.T.);
#13129=EDGE_CURVE('',#4090,#4092,#3859,.T.);
#13148=EDGE_CURVE('',#4136,#4088,#3815,.T.);
#13150=EDGE_CURVE('',#4088,#4090,#3863,.T.);
#13170=EDGE_CURVE('',#4086,#4088,#3867,.T.);
#13216=EDGE_CURVE('',#4157,#4109,#3871,.T.);
#13218=EDGE_CURVE('',#4109,#4110,#3919,.T.);
#13220=EDGE_CURVE('',#4158,#4110,#3915,.T.);
#13238=EDGE_CURVE('',#4178,#4130,#3875,.T.);
#13240=EDGE_CURVE('',#4130,#4109,#3923,.T.);
#13259=EDGE_CURVE('',#4176,#4128,#3879,.T.);
#13261=EDGE_CURVE('',#4128,#4130,#3927,.T.);
#13280=EDGE_CURVE('',#4174,#4126,#3883,.T.);
#13282=EDGE_CURVE('',#4126,#4128,#3931,.T.);
#13301=EDGE_CURVE('',#4172,#4124,#3887,.T.);
#13303=EDGE_CURVE('',#4124,#4126,#3935,.T.);
#13322=EDGE_CURVE('',#4170,#4122,#3891,.T.);
#13324=EDGE_CURVE('',#4122,#4124,#3939,.T.);
#13343=EDGE_CURVE('',#4168,#4120,#3895,.T.);
#13345=EDGE_CURVE('',#4120,#4122,#3943,.T.);
#13364=EDGE_CURVE('',#4166,#4118,#3899,.T.);
#13366=EDGE_CURVE('',#4118,#4120,#3947,.T.);
#13385=EDGE_CURVE('',#4164,#4116,#3903,.T.);
#13387=EDGE_CURVE('',#4116,#4118,#3951,.T.);
#13406=EDGE_CURVE('',#4162,#4114,#3907,.T.);
#13408=EDGE_CURVE('',#4114,#4116,#3955,.T.);
#13427=EDGE_CURVE('',#4160,#4112,#3911,.T.);
#13429=EDGE_CURVE('',#4112,#4114,#3959,.T.);
#13449=EDGE_CURVE('',#4110,#4112,#3963,.T.);
#13495=EDGE_CURVE('',#4479,#4474,#3967,.T.);
#13497=EDGE_CURVE('',#4474,#4475,#3979,.T.);
#13499=EDGE_CURVE('',#4480,#4475,#3975,.T.);
#13517=EDGE_CURVE('',#4481,#4476,#3971,.T.);
#13519=EDGE_CURVE('',#4476,#4474,#3983,.T.);
#13540=B_SPLINE_CURVE_WITH_KNOTS('',3,(#13532,#13533,#13534,#13535,#13536,
#13537,#13538,#13539),.UNSPECIFIED.,.F.,.F.,(4,1,1,1,1,4),(0.E0,
9.857609218169E-3,4.471516994919E-1,7.571194916369E-1,9.902170026424E-1,1.E0),
.UNSPECIFIED.);
#13550=EDGE_CURVE('',#4475,#4476,#3990,.T.);
#13583=(LENGTH_UNIT()NAMED_UNIT(*)SI_UNIT(.MILLI.,.METRE.));
#13585=(NAMED_UNIT(*)PLANE_ANGLE_UNIT()SI_UNIT($,.RADIAN.));
#13588=(NAMED_UNIT(*)SI_UNIT($,.STERADIAN.)SOLID_ANGLE_UNIT());
#13591=ADVANCED_BREP_SHAPE_REPRESENTATION('',(#13582),#13590);
#13599=PRODUCT_DEFINITION('design','',#13598,#13595);
#13600=PRODUCT_DEFINITION_SHAPE('','SHAPE FOR B82804A_EP5_MAX.',#13599);
#13601=SHAPE_ASPECT('','solid data associated with B82804A_EP5_MAX',#13600,.F.);
#13602=PROPERTY_DEFINITION('',
'shape for solid data with which properties are associated',#13601);
#13603=SHAPE_REPRESENTATION('',(#13582),#13590);
#13604=SHAPE_DEFINITION_REPRESENTATION(#13602,#13603);
#13605=(LENGTH_UNIT()NAMED_UNIT(*)SI_UNIT(.MILLI.,.METRE.));
#13609=PROPERTY_DEFINITION('geometric validation property',
'area of B82804A_EP5_MAX',#13601);
#13610=REPRESENTATION('surface area',(#13608),#13590);
#13611=PROPERTY_DEFINITION_REPRESENTATION(#13609,#13610);
#13612=(LENGTH_UNIT()NAMED_UNIT(*)SI_UNIT(.MILLI.,.METRE.));
#13616=PROPERTY_DEFINITION('geometric validation property',
'volume of B82804A_EP5_MAX',#13601);
#13617=REPRESENTATION('volume',(#13615),#13590);
#13618=PROPERTY_DEFINITION_REPRESENTATION(#13616,#13617);
#13620=PROPERTY_DEFINITION('geometric validation property',
'centroid of B82804A_EP5_MAX',#13601);
#13621=REPRESENTATION('centroid',(#13619),#13590);
#13622=PROPERTY_DEFINITION_REPRESENTATION(#13620,#13621);
#13623=(LENGTH_UNIT()NAMED_UNIT(*)SI_UNIT(.MILLI.,.METRE.));
#13627=PROPERTY_DEFINITION('geometric validation property',
'area of B82804A_EP5_MAX',#13600);
#13628=REPRESENTATION('surface area',(#13626),#13590);
#13629=PROPERTY_DEFINITION_REPRESENTATION(#13627,#13628);
#13630=(LENGTH_UNIT()NAMED_UNIT(*)SI_UNIT(.MILLI.,.METRE.));
#13634=PROPERTY_DEFINITION('geometric validation property',
'volume of B82804A_EP5_MAX',#13600);
#13635=REPRESENTATION('volume',(#13633),#13590);
#13636=PROPERTY_DEFINITION_REPRESENTATION(#13634,#13635);
#13638=PROPERTY_DEFINITION('geometric validation property',
'centroid of B82804A_EP5_MAX',#13600);
#13639=REPRESENTATION('centroid',(#13637),#13590);
#13640=PROPERTY_DEFINITION_REPRESENTATION(#13638,#13639);
#13641=SHAPE_DEFINITION_REPRESENTATION(#13600,#13591);
ENDSEC;
END-ISO-10303-21;
