ISO-10303-21;
HEADER;
/* Generated by software containing ST-Developer
 * from STEP Tools, Inc. (www.steptools.com) 
 */

FILE_DESCRIPTION(
/* description */ (''),
/* implementation_level */ '2;1');

FILE_NAME(
/* name */ 'FC-DLF2218-2R5-100A-LF v4.step',
/* time_stamp */ '2025-10-19T12:28:26+02:00',
/* author */ (''),
/* organization */ (''),
/* preprocessor_version */ 'ST-DEVELOPER v20.1',
/* originating_system */ 'Autodesk Translation Framework v14.17.0.0',
/* authorisation */ '');

FILE_SCHEMA (('AUTOMOTIVE_DESIGN { 1 0 10303 214 3 1 1 }'));
ENDSEC;

DATA;
#10=MECHANICAL_DESIGN_GEOMETRIC_PRESENTATION_REPRESENTATION('',(#34,#35,
#36,#37,#38,#39,#40,#41,#42,#43,#44,#45,#46,#47,#48,#49,#50,#51,#52,#53,
#54,#55,#56,#57,#58,#59,#60,#61,#62,#63,#64),#2701);
#11=SHAPE_REPRESENTATION_RELATIONSHIP('SRR','None',#2708,#12);
#12=ADVANCED_BREP_SHAPE_REPRESENTATION('',(#13),#2700);
#13=MANIFOLD_SOLID_BREP('Body1',#1549);
#14=B_SPLINE_CURVE_WITH_KNOTS('',3,(#2274,#2275,#2276,#2277,#2278,#2279,
#2280,#2281,#2282,#2283,#2284,#2285,#2286,#2287,#2288,#2289),
 .UNSPECIFIED.,.F.,.F.,(4,3,3,3,3,4),(0.,0.118750486622234,0.356251459866701,
0.593752433111168,0.712502919733402,0.831253406355635),.UNSPECIFIED.);
#15=B_SPLINE_CURVE_WITH_KNOTS('',3,(#2291,#2292,#2293,#2294),
 .UNSPECIFIED.,.F.,.F.,(4,4),(-0.460000000000001,1.00475183728577E-14),
 .UNSPECIFIED.);
#16=B_SPLINE_CURVE_WITH_KNOTS('',3,(#2296,#2297,#2298,#2299,#2300,#2301,
#2302,#2303,#2304,#2305,#2306,#2307,#2308,#2309,#2310,#2311),
 .UNSPECIFIED.,.F.,.F.,(4,3,3,3,3,4),(0.,0.118750486622167,0.237500973244334,
0.475001946488668,0.712502919733002,0.831253406355169),.UNSPECIFIED.);
#17=B_SPLINE_CURVE_WITH_KNOTS('',3,(#2312,#2313,#2314,#2315),
 .UNSPECIFIED.,.F.,.F.,(4,4),(-1.00475183728577E-14,0.460000000000001),
 .UNSPECIFIED.);
#18=B_SPLINE_CURVE_WITH_KNOTS('',3,(#2320,#2321,#2322,#2323),
 .UNSPECIFIED.,.F.,.F.,(4,4),(3.31330221974096E-15,0.460000000000028),
 .UNSPECIFIED.);
#19=B_SPLINE_CURVE_WITH_KNOTS('',3,(#2332,#2333,#2334,#2335,#2336,#2337,
#2338,#2339,#2340,#2341,#2342,#2343,#2344,#2345,#2346,#2347),
 .UNSPECIFIED.,.F.,.F.,(4,3,3,3,3,4),(0.,0.118750486622172,0.356251459866516,
0.59375243311086,0.712502919733032,0.831253406355204),.UNSPECIFIED.);
#20=B_SPLINE_CURVE_WITH_KNOTS('',3,(#2381,#2382,#2383,#2384),
 .UNSPECIFIED.,.F.,.F.,(4,4),(-0.460000000000028,-3.31330221974096E-15),
 .UNSPECIFIED.);
#21=B_SPLINE_CURVE_WITH_KNOTS('',3,(#2385,#2386,#2387,#2388,#2389,#2390,
#2391,#2392,#2393,#2394,#2395,#2396,#2397,#2398,#2399,#2400),
 .UNSPECIFIED.,.F.,.F.,(4,3,3,3,3,4),(0.,0.118750486622143,0.237500973244285,
0.475001946488571,0.712502919732856,0.831253406354999),.UNSPECIFIED.);
#22=B_SPLINE_CURVE_WITH_KNOTS('',3,(#2435,#2436,#2437,#2438,#2439,#2440,
#2441,#2442,#2443,#2444,#2445,#2446,#2447,#2448,#2449,#2450),
 .UNSPECIFIED.,.F.,.F.,(4,3,3,3,3,4),(0.,0.118750486622173,0.35625145986652,
0.593752433110866,0.712502919733039,0.831253406355212),.UNSPECIFIED.);
#23=B_SPLINE_CURVE_WITH_KNOTS('',3,(#2452,#2453,#2454,#2455),
 .UNSPECIFIED.,.F.,.F.,(4,4),(-0.460000000000008,0.),.UNSPECIFIED.);
#24=B_SPLINE_CURVE_WITH_KNOTS('',3,(#2457,#2458,#2459,#2460,#2461,#2462,
#2463,#2464,#2465,#2466,#2467,#2468,#2469,#2470,#2471,#2472),
 .UNSPECIFIED.,.F.,.F.,(4,3,3,3,3,4),(0.,0.118750486622138,0.237500973244277,
0.475001946488553,0.71250291973283,0.831253406354968),.UNSPECIFIED.);
#25=B_SPLINE_CURVE_WITH_KNOTS('',3,(#2473,#2474,#2475,#2476),
 .UNSPECIFIED.,.F.,.F.,(4,4),(0.,0.460000000000008),.UNSPECIFIED.);
#26=B_SPLINE_CURVE_WITH_KNOTS('',3,(#2481,#2482,#2483,#2484),
 .UNSPECIFIED.,.F.,.F.,(4,4),(-3.88577528497354E-15,0.459999999999985),
 .UNSPECIFIED.);
#27=B_SPLINE_CURVE_WITH_KNOTS('',3,(#2493,#2494,#2495,#2496,#2497,#2498,
#2499,#2500,#2501,#2502,#2503,#2504,#2505,#2506,#2507,#2508),
 .UNSPECIFIED.,.F.,.F.,(4,3,3,3,3,4),(0.,0.118750486622319,0.356251459866956,
0.593752433111593,0.712502919733911,0.83125340635623),.UNSPECIFIED.);
#28=B_SPLINE_CURVE_WITH_KNOTS('',3,(#2542,#2543,#2544,#2545),
 .UNSPECIFIED.,.F.,.F.,(4,4),(-0.459999999999985,3.88577528497354E-15),
 .UNSPECIFIED.);
#29=B_SPLINE_CURVE_WITH_KNOTS('',3,(#2546,#2547,#2548,#2549,#2550,#2551,
#2552,#2553,#2554,#2555,#2556,#2557,#2558,#2559,#2560,#2561),
 .UNSPECIFIED.,.F.,.F.,(4,3,3,3,3,4),(0.,0.118750486622158,0.237500973244316,
0.475001946488632,0.712502919732947,0.831253406355105),.UNSPECIFIED.);
#30=B_SPLINE_SURFACE_WITH_KNOTS('',3,3,((#2240,#2241,#2242,#2243),(#2244,
#2245,#2246,#2247),(#2248,#2249,#2250,#2251),(#2252,#2253,#2254,#2255),
(#2256,#2257,#2258,#2259),(#2260,#2261,#2262,#2263),(#2264,#2265,#2266,
#2267),(#2268,#2269,#2270,#2271)),.UNSPECIFIED.,.F.,.F.,.F.,(4,1,1,1,1,
4),(4,4),(0.,0.142857142857143,0.285714285714286,0.571428571428571,0.857142857142857,
1.),(-1.00475183728577E-14,0.460000000000001),.UNSPECIFIED.);
#31=B_SPLINE_SURFACE_WITH_KNOTS('',3,3,((#2348,#2349,#2350,#2351),(#2352,
#2353,#2354,#2355),(#2356,#2357,#2358,#2359),(#2360,#2361,#2362,#2363),
(#2364,#2365,#2366,#2367),(#2368,#2369,#2370,#2371),(#2372,#2373,#2374,
#2375),(#2376,#2377,#2378,#2379)),.UNSPECIFIED.,.F.,.F.,.F.,(4,1,1,1,1,
4),(4,4),(0.,0.142857142857143,0.285714285714286,0.571428571428571,0.857142857142857,
1.),(3.31330221974096E-15,0.460000000000028),.UNSPECIFIED.);
#32=B_SPLINE_SURFACE_WITH_KNOTS('',3,3,((#2401,#2402,#2403,#2404),(#2405,
#2406,#2407,#2408),(#2409,#2410,#2411,#2412),(#2413,#2414,#2415,#2416),
(#2417,#2418,#2419,#2420),(#2421,#2422,#2423,#2424),(#2425,#2426,#2427,
#2428),(#2429,#2430,#2431,#2432)),.UNSPECIFIED.,.F.,.F.,.F.,(4,1,1,1,1,
4),(4,4),(0.,0.142857142857143,0.285714285714286,0.571428571428571,0.857142857142857,
1.),(0.,0.460000000000008),.UNSPECIFIED.);
#33=B_SPLINE_SURFACE_WITH_KNOTS('',3,3,((#2509,#2510,#2511,#2512),(#2513,
#2514,#2515,#2516),(#2517,#2518,#2519,#2520),(#2521,#2522,#2523,#2524),
(#2525,#2526,#2527,#2528),(#2529,#2530,#2531,#2532),(#2533,#2534,#2535,
#2536),(#2537,#2538,#2539,#2540)),.UNSPECIFIED.,.F.,.F.,.F.,(4,1,1,1,1,
4),(4,4),(0.,0.142857142857143,0.285714285714286,0.571428571428571,0.857142857142857,
1.),(-3.88577528497354E-15,0.459999999999985),.UNSPECIFIED.);
#34=STYLED_ITEM('',(#2719),#1503);
#35=STYLED_ITEM('',(#2719),#1504);
#36=STYLED_ITEM('',(#2719),#1505);
#37=STYLED_ITEM('',(#2719),#1506);
#38=STYLED_ITEM('',(#2719),#1507);
#39=STYLED_ITEM('',(#2719),#1508);
#40=STYLED_ITEM('',(#2719),#1509);
#41=STYLED_ITEM('',(#2719),#1510);
#42=STYLED_ITEM('',(#2719),#1515);
#43=STYLED_ITEM('',(#2719),#1520);
#44=STYLED_ITEM('',(#2719),#1529);
#45=STYLED_ITEM('',(#2719),#1530);
#46=STYLED_ITEM('',(#2719),#1531);
#47=STYLED_ITEM('',(#2719),#1532);
#48=STYLED_ITEM('',(#2719),#1533);
#49=STYLED_ITEM('',(#2719),#1534);
#50=STYLED_ITEM('',(#2719),#1535);
#51=STYLED_ITEM('',(#2719),#1536);
#52=STYLED_ITEM('',(#2719),#1537);
#53=STYLED_ITEM('',(#2719),#1538);
#54=STYLED_ITEM('',(#2719),#1539);
#55=STYLED_ITEM('',(#2719),#1540);
#56=STYLED_ITEM('',(#2719),#1541);
#57=STYLED_ITEM('',(#2719),#1542);
#58=STYLED_ITEM('',(#2719),#1543);
#59=STYLED_ITEM('',(#2719),#1544);
#60=STYLED_ITEM('',(#2719),#1545);
#61=STYLED_ITEM('',(#2719),#1546);
#62=STYLED_ITEM('',(#2719),#1547);
#63=STYLED_ITEM('',(#2719),#1548);
#64=STYLED_ITEM('',(#2718),#13);
#65=FACE_BOUND('',#182,.T.);
#66=FACE_BOUND('',#205,.T.);
#67=FACE_BOUND('',#206,.T.);
#68=FACE_BOUND('',#207,.T.);
#69=FACE_BOUND('',#208,.T.);
#70=FACE_BOUND('',#238,.T.);
#71=FACE_BOUND('',#239,.T.);
#72=FACE_BOUND('',#240,.T.);
#73=FACE_OUTER_BOUND('',#163,.T.);
#74=FACE_OUTER_BOUND('',#164,.T.);
#75=FACE_OUTER_BOUND('',#165,.T.);
#76=FACE_OUTER_BOUND('',#166,.T.);
#77=FACE_OUTER_BOUND('',#167,.T.);
#78=FACE_OUTER_BOUND('',#168,.T.);
#79=FACE_OUTER_BOUND('',#169,.T.);
#80=FACE_OUTER_BOUND('',#170,.T.);
#81=FACE_OUTER_BOUND('',#171,.T.);
#82=FACE_OUTER_BOUND('',#172,.T.);
#83=FACE_OUTER_BOUND('',#173,.T.);
#84=FACE_OUTER_BOUND('',#174,.T.);
#85=FACE_OUTER_BOUND('',#175,.T.);
#86=FACE_OUTER_BOUND('',#176,.T.);
#87=FACE_OUTER_BOUND('',#177,.T.);
#88=FACE_OUTER_BOUND('',#178,.T.);
#89=FACE_OUTER_BOUND('',#179,.T.);
#90=FACE_OUTER_BOUND('',#180,.T.);
#91=FACE_OUTER_BOUND('',#181,.T.);
#92=FACE_OUTER_BOUND('',#183,.T.);
#93=FACE_OUTER_BOUND('',#184,.T.);
#94=FACE_OUTER_BOUND('',#185,.T.);
#95=FACE_OUTER_BOUND('',#186,.T.);
#96=FACE_OUTER_BOUND('',#187,.T.);
#97=FACE_OUTER_BOUND('',#188,.T.);
#98=FACE_OUTER_BOUND('',#189,.T.);
#99=FACE_OUTER_BOUND('',#190,.T.);
#100=FACE_OUTER_BOUND('',#191,.T.);
#101=FACE_OUTER_BOUND('',#192,.T.);
#102=FACE_OUTER_BOUND('',#193,.T.);
#103=FACE_OUTER_BOUND('',#194,.T.);
#104=FACE_OUTER_BOUND('',#195,.T.);
#105=FACE_OUTER_BOUND('',#196,.T.);
#106=FACE_OUTER_BOUND('',#197,.T.);
#107=FACE_OUTER_BOUND('',#198,.T.);
#108=FACE_OUTER_BOUND('',#199,.T.);
#109=FACE_OUTER_BOUND('',#200,.T.);
#110=FACE_OUTER_BOUND('',#201,.T.);
#111=FACE_OUTER_BOUND('',#202,.T.);
#112=FACE_OUTER_BOUND('',#203,.T.);
#113=FACE_OUTER_BOUND('',#204,.T.);
#114=FACE_OUTER_BOUND('',#209,.T.);
#115=FACE_OUTER_BOUND('',#210,.T.);
#116=FACE_OUTER_BOUND('',#211,.T.);
#117=FACE_OUTER_BOUND('',#212,.T.);
#118=FACE_OUTER_BOUND('',#213,.T.);
#119=FACE_OUTER_BOUND('',#214,.T.);
#120=FACE_OUTER_BOUND('',#215,.T.);
#121=FACE_OUTER_BOUND('',#216,.T.);
#122=FACE_OUTER_BOUND('',#217,.T.);
#123=FACE_OUTER_BOUND('',#218,.T.);
#124=FACE_OUTER_BOUND('',#219,.T.);
#125=FACE_OUTER_BOUND('',#220,.T.);
#126=FACE_OUTER_BOUND('',#221,.T.);
#127=FACE_OUTER_BOUND('',#222,.T.);
#128=FACE_OUTER_BOUND('',#223,.T.);
#129=FACE_OUTER_BOUND('',#224,.T.);
#130=FACE_OUTER_BOUND('',#225,.T.);
#131=FACE_OUTER_BOUND('',#226,.T.);
#132=FACE_OUTER_BOUND('',#227,.T.);
#133=FACE_OUTER_BOUND('',#228,.T.);
#134=FACE_OUTER_BOUND('',#229,.T.);
#135=FACE_OUTER_BOUND('',#230,.T.);
#136=FACE_OUTER_BOUND('',#231,.T.);
#137=FACE_OUTER_BOUND('',#232,.T.);
#138=FACE_OUTER_BOUND('',#233,.T.);
#139=FACE_OUTER_BOUND('',#234,.T.);
#140=FACE_OUTER_BOUND('',#235,.T.);
#141=FACE_OUTER_BOUND('',#236,.T.);
#142=FACE_OUTER_BOUND('',#237,.T.);
#143=FACE_OUTER_BOUND('',#241,.T.);
#144=FACE_OUTER_BOUND('',#242,.T.);
#145=FACE_OUTER_BOUND('',#243,.T.);
#146=FACE_OUTER_BOUND('',#244,.T.);
#147=FACE_OUTER_BOUND('',#245,.T.);
#148=FACE_OUTER_BOUND('',#246,.T.);
#149=FACE_OUTER_BOUND('',#247,.T.);
#150=FACE_OUTER_BOUND('',#248,.T.);
#151=FACE_OUTER_BOUND('',#249,.T.);
#152=FACE_OUTER_BOUND('',#250,.T.);
#153=FACE_OUTER_BOUND('',#251,.T.);
#154=FACE_OUTER_BOUND('',#252,.T.);
#155=FACE_OUTER_BOUND('',#253,.T.);
#156=FACE_OUTER_BOUND('',#254,.T.);
#157=FACE_OUTER_BOUND('',#255,.T.);
#158=FACE_OUTER_BOUND('',#256,.T.);
#159=FACE_OUTER_BOUND('',#257,.T.);
#160=FACE_OUTER_BOUND('',#258,.T.);
#161=FACE_OUTER_BOUND('',#259,.T.);
#162=FACE_OUTER_BOUND('',#260,.T.);
#163=EDGE_LOOP('',(#965,#966,#967,#968));
#164=EDGE_LOOP('',(#969,#970,#971,#972));
#165=EDGE_LOOP('',(#973,#974,#975,#976));
#166=EDGE_LOOP('',(#977,#978,#979,#980));
#167=EDGE_LOOP('',(#981,#982,#983,#984));
#168=EDGE_LOOP('',(#985,#986,#987,#988));
#169=EDGE_LOOP('',(#989,#990,#991,#992));
#170=EDGE_LOOP('',(#993,#994,#995,#996));
#171=EDGE_LOOP('',(#997,#998,#999,#1000));
#172=EDGE_LOOP('',(#1001,#1002,#1003,#1004));
#173=EDGE_LOOP('',(#1005,#1006,#1007,#1008));
#174=EDGE_LOOP('',(#1009,#1010,#1011,#1012));
#175=EDGE_LOOP('',(#1013,#1014,#1015,#1016));
#176=EDGE_LOOP('',(#1017,#1018,#1019,#1020));
#177=EDGE_LOOP('',(#1021,#1022,#1023,#1024));
#178=EDGE_LOOP('',(#1025,#1026,#1027,#1028));
#179=EDGE_LOOP('',(#1029,#1030,#1031,#1032));
#180=EDGE_LOOP('',(#1033,#1034,#1035,#1036));
#181=EDGE_LOOP('',(#1037,#1038,#1039,#1040));
#182=EDGE_LOOP('',(#1041,#1042,#1043,#1044,#1045,#1046,#1047,#1048,#1049,
#1050,#1051,#1052));
#183=EDGE_LOOP('',(#1053,#1054,#1055));
#184=EDGE_LOOP('',(#1056,#1057,#1058));
#185=EDGE_LOOP('',(#1059,#1060,#1061,#1062));
#186=EDGE_LOOP('',(#1063,#1064,#1065));
#187=EDGE_LOOP('',(#1066,#1067,#1068));
#188=EDGE_LOOP('',(#1069,#1070,#1071,#1072));
#189=EDGE_LOOP('',(#1073,#1074,#1075));
#190=EDGE_LOOP('',(#1076,#1077,#1078,#1079));
#191=EDGE_LOOP('',(#1080,#1081,#1082));
#192=EDGE_LOOP('',(#1083,#1084,#1085,#1086));
#193=EDGE_LOOP('',(#1087,#1088,#1089));
#194=EDGE_LOOP('',(#1090,#1091,#1092,#1093));
#195=EDGE_LOOP('',(#1094,#1095,#1096,#1097));
#196=EDGE_LOOP('',(#1098,#1099,#1100));
#197=EDGE_LOOP('',(#1101,#1102,#1103,#1104));
#198=EDGE_LOOP('',(#1105,#1106,#1107,#1108));
#199=EDGE_LOOP('',(#1109,#1110,#1111,#1112));
#200=EDGE_LOOP('',(#1113,#1114,#1115,#1116));
#201=EDGE_LOOP('',(#1117,#1118,#1119,#1120));
#202=EDGE_LOOP('',(#1121,#1122,#1123,#1124));
#203=EDGE_LOOP('',(#1125,#1126,#1127,#1128));
#204=EDGE_LOOP('',(#1129,#1130,#1131,#1132));
#205=EDGE_LOOP('',(#1133,#1134,#1135,#1136));
#206=EDGE_LOOP('',(#1137,#1138,#1139,#1140));
#207=EDGE_LOOP('',(#1141,#1142,#1143,#1144));
#208=EDGE_LOOP('',(#1145,#1146,#1147,#1148));
#209=EDGE_LOOP('',(#1149,#1150,#1151,#1152));
#210=EDGE_LOOP('',(#1153,#1154,#1155,#1156));
#211=EDGE_LOOP('',(#1157,#1158,#1159,#1160));
#212=EDGE_LOOP('',(#1161,#1162,#1163,#1164));
#213=EDGE_LOOP('',(#1165,#1166,#1167,#1168));
#214=EDGE_LOOP('',(#1169,#1170,#1171,#1172,#1173,#1174));
#215=EDGE_LOOP('',(#1175,#1176,#1177,#1178));
#216=EDGE_LOOP('',(#1179,#1180,#1181,#1182));
#217=EDGE_LOOP('',(#1183,#1184,#1185,#1186));
#218=EDGE_LOOP('',(#1187,#1188,#1189,#1190,#1191,#1192));
#219=EDGE_LOOP('',(#1193,#1194,#1195,#1196));
#220=EDGE_LOOP('',(#1197,#1198,#1199,#1200));
#221=EDGE_LOOP('',(#1201,#1202,#1203,#1204));
#222=EDGE_LOOP('',(#1205,#1206,#1207,#1208));
#223=EDGE_LOOP('',(#1209,#1210,#1211,#1212));
#224=EDGE_LOOP('',(#1213,#1214,#1215,#1216,#1217,#1218));
#225=EDGE_LOOP('',(#1219,#1220,#1221,#1222));
#226=EDGE_LOOP('',(#1223,#1224,#1225,#1226));
#227=EDGE_LOOP('',(#1227,#1228,#1229,#1230));
#228=EDGE_LOOP('',(#1231,#1232,#1233,#1234));
#229=EDGE_LOOP('',(#1235,#1236,#1237,#1238,#1239,#1240));
#230=EDGE_LOOP('',(#1241,#1242,#1243,#1244));
#231=EDGE_LOOP('',(#1245,#1246,#1247,#1248));
#232=EDGE_LOOP('',(#1249,#1250,#1251,#1252));
#233=EDGE_LOOP('',(#1253,#1254,#1255,#1256));
#234=EDGE_LOOP('',(#1257,#1258,#1259,#1260));
#235=EDGE_LOOP('',(#1261,#1262,#1263,#1264));
#236=EDGE_LOOP('',(#1265,#1266,#1267,#1268));
#237=EDGE_LOOP('',(#1269,#1270,#1271,#1272,#1273,#1274,#1275,#1276,#1277,
#1278,#1279,#1280));
#238=EDGE_LOOP('',(#1281,#1282,#1283,#1284));
#239=EDGE_LOOP('',(#1285,#1286,#1287,#1288));
#240=EDGE_LOOP('',(#1289,#1290,#1291,#1292));
#241=EDGE_LOOP('',(#1293,#1294,#1295,#1296));
#242=EDGE_LOOP('',(#1297,#1298,#1299,#1300));
#243=EDGE_LOOP('',(#1301,#1302,#1303,#1304));
#244=EDGE_LOOP('',(#1305,#1306,#1307,#1308));
#245=EDGE_LOOP('',(#1309,#1310,#1311,#1312));
#246=EDGE_LOOP('',(#1313,#1314,#1315,#1316));
#247=EDGE_LOOP('',(#1317,#1318,#1319,#1320));
#248=EDGE_LOOP('',(#1321,#1322,#1323,#1324));
#249=EDGE_LOOP('',(#1325,#1326,#1327,#1328));
#250=EDGE_LOOP('',(#1329,#1330,#1331,#1332));
#251=EDGE_LOOP('',(#1333,#1334,#1335,#1336));
#252=EDGE_LOOP('',(#1337,#1338,#1339,#1340));
#253=EDGE_LOOP('',(#1341,#1342,#1343,#1344));
#254=EDGE_LOOP('',(#1345,#1346,#1347,#1348));
#255=EDGE_LOOP('',(#1349,#1350,#1351,#1352));
#256=EDGE_LOOP('',(#1353,#1354,#1355,#1356));
#257=EDGE_LOOP('',(#1357,#1358,#1359,#1360));
#258=EDGE_LOOP('',(#1361,#1362,#1363,#1364));
#259=EDGE_LOOP('',(#1365,#1366,#1367,#1368));
#260=EDGE_LOOP('',(#1369,#1370,#1371,#1372));
#261=LINE('',#2015,#449);
#262=LINE('',#2017,#450);
#263=LINE('',#2019,#451);
#264=LINE('',#2020,#452);
#265=LINE('',#2023,#453);
#266=LINE('',#2025,#454);
#267=LINE('',#2026,#455);
#268=LINE('',#2029,#456);
#269=LINE('',#2031,#457);
#270=LINE('',#2032,#458);
#271=LINE('',#2035,#459);
#272=LINE('',#2037,#460);
#273=LINE('',#2038,#461);
#274=LINE('',#2041,#462);
#275=LINE('',#2043,#463);
#276=LINE('',#2044,#464);
#277=LINE('',#2048,#465);
#278=LINE('',#2050,#466);
#279=LINE('',#2052,#467);
#280=LINE('',#2053,#468);
#281=LINE('',#2056,#469);
#282=LINE('',#2058,#470);
#283=LINE('',#2059,#471);
#284=LINE('',#2061,#472);
#285=LINE('',#2062,#473);
#286=LINE('',#2065,#474);
#287=LINE('',#2067,#475);
#288=LINE('',#2068,#476);
#289=LINE('',#2071,#477);
#290=LINE('',#2073,#478);
#291=LINE('',#2074,#479);
#292=LINE('',#2077,#480);
#293=LINE('',#2079,#481);
#294=LINE('',#2080,#482);
#295=LINE('',#2082,#483);
#296=LINE('',#2083,#484);
#297=LINE('',#2086,#485);
#298=LINE('',#2088,#486);
#299=LINE('',#2089,#487);
#300=LINE('',#2092,#488);
#301=LINE('',#2093,#489);
#302=LINE('',#2096,#490);
#303=LINE('',#2097,#491);
#304=LINE('',#2100,#492);
#305=LINE('',#2101,#493);
#306=LINE('',#2104,#494);
#307=LINE('',#2105,#495);
#308=LINE('',#2108,#496);
#309=LINE('',#2109,#497);
#310=LINE('',#2113,#498);
#311=LINE('',#2115,#499);
#312=LINE('',#2117,#500);
#313=LINE('',#2118,#501);
#314=LINE('',#2122,#502);
#315=LINE('',#2124,#503);
#316=LINE('',#2125,#504);
#317=LINE('',#2129,#505);
#318=LINE('',#2131,#506);
#319=LINE('',#2132,#507);
#320=LINE('',#2134,#508);
#321=LINE('',#2135,#509);
#322=LINE('',#2139,#510);
#323=LINE('',#2141,#511);
#324=LINE('',#2142,#512);
#325=LINE('',#2145,#513);
#326=LINE('',#2147,#514);
#327=LINE('',#2148,#515);
#328=LINE('',#2150,#516);
#329=LINE('',#2151,#517);
#330=LINE('',#2155,#518);
#331=LINE('',#2157,#519);
#332=LINE('',#2158,#520);
#333=LINE('',#2160,#521);
#334=LINE('',#2161,#522);
#335=LINE('',#2164,#523);
#336=LINE('',#2166,#524);
#337=LINE('',#2167,#525);
#338=LINE('',#2169,#526);
#339=LINE('',#2170,#527);
#340=LINE('',#2173,#528);
#341=LINE('',#2175,#529);
#342=LINE('',#2176,#530);
#343=LINE('',#2178,#531);
#344=LINE('',#2179,#532);
#345=LINE('',#2181,#533);
#346=LINE('',#2184,#534);
#347=LINE('',#2186,#535);
#348=LINE('',#2187,#536);
#349=LINE('',#2189,#537);
#350=LINE('',#2190,#538);
#351=LINE('',#2192,#539);
#352=LINE('',#2194,#540);
#353=LINE('',#2196,#541);
#354=LINE('',#2198,#542);
#355=LINE('',#2199,#543);
#356=LINE('',#2201,#544);
#357=LINE('',#2202,#545);
#358=LINE('',#2207,#546);
#359=LINE('',#2209,#547);
#360=LINE('',#2211,#548);
#361=LINE('',#2212,#549);
#362=LINE('',#2215,#550);
#363=LINE('',#2217,#551);
#364=LINE('',#2219,#552);
#365=LINE('',#2220,#553);
#366=LINE('',#2223,#554);
#367=LINE('',#2225,#555);
#368=LINE('',#2227,#556);
#369=LINE('',#2228,#557);
#370=LINE('',#2231,#558);
#371=LINE('',#2233,#559);
#372=LINE('',#2235,#560);
#373=LINE('',#2236,#561);
#374=LINE('',#2318,#562);
#375=LINE('',#2324,#563);
#376=LINE('',#2327,#564);
#377=LINE('',#2329,#565);
#378=LINE('',#2331,#566);
#379=LINE('',#2479,#567);
#380=LINE('',#2485,#568);
#381=LINE('',#2488,#569);
#382=LINE('',#2490,#570);
#383=LINE('',#2492,#571);
#384=LINE('',#2565,#572);
#385=LINE('',#2567,#573);
#386=LINE('',#2569,#574);
#387=LINE('',#2570,#575);
#388=LINE('',#2573,#576);
#389=LINE('',#2574,#577);
#390=LINE('',#2577,#578);
#391=LINE('',#2579,#579);
#392=LINE('',#2580,#580);
#393=LINE('',#2583,#581);
#394=LINE('',#2584,#582);
#395=LINE('',#2587,#583);
#396=LINE('',#2589,#584);
#397=LINE('',#2590,#585);
#398=LINE('',#2592,#586);
#399=LINE('',#2594,#587);
#400=LINE('',#2597,#588);
#401=LINE('',#2598,#589);
#402=LINE('',#2600,#590);
#403=LINE('',#2603,#591);
#404=LINE('',#2604,#592);
#405=LINE('',#2606,#593);
#406=LINE('',#2609,#594);
#407=LINE('',#2610,#595);
#408=LINE('',#2613,#596);
#409=LINE('',#2614,#597);
#410=LINE('',#2617,#598);
#411=LINE('',#2618,#599);
#412=LINE('',#2621,#600);
#413=LINE('',#2622,#601);
#414=LINE('',#2625,#602);
#415=LINE('',#2626,#603);
#416=LINE('',#2628,#604);
#417=LINE('',#2632,#605);
#418=LINE('',#2634,#606);
#419=LINE('',#2635,#607);
#420=LINE('',#2638,#608);
#421=LINE('',#2639,#609);
#422=LINE('',#2642,#610);
#423=LINE('',#2643,#611);
#424=LINE('',#2645,#612);
#425=LINE('',#2649,#613);
#426=LINE('',#2651,#614);
#427=LINE('',#2652,#615);
#428=LINE('',#2655,#616);
#429=LINE('',#2656,#617);
#430=LINE('',#2659,#618);
#431=LINE('',#2660,#619);
#432=LINE('',#2662,#620);
#433=LINE('',#2666,#621);
#434=LINE('',#2668,#622);
#435=LINE('',#2669,#623);
#436=LINE('',#2672,#624);
#437=LINE('',#2673,#625);
#438=LINE('',#2676,#626);
#439=LINE('',#2677,#627);
#440=LINE('',#2679,#628);
#441=LINE('',#2683,#629);
#442=LINE('',#2685,#630);
#443=LINE('',#2686,#631);
#444=LINE('',#2689,#632);
#445=LINE('',#2690,#633);
#446=LINE('',#2693,#634);
#447=LINE('',#2694,#635);
#448=LINE('',#2696,#636);
#449=VECTOR('',#1653,10.);
#450=VECTOR('',#1654,10.);
#451=VECTOR('',#1655,10.);
#452=VECTOR('',#1656,10.);
#453=VECTOR('',#1659,10.);
#454=VECTOR('',#1660,10.);
#455=VECTOR('',#1661,10.);
#456=VECTOR('',#1664,10.);
#457=VECTOR('',#1665,10.);
#458=VECTOR('',#1666,10.);
#459=VECTOR('',#1669,10.);
#460=VECTOR('',#1670,10.);
#461=VECTOR('',#1671,10.);
#462=VECTOR('',#1674,10.);
#463=VECTOR('',#1675,10.);
#464=VECTOR('',#1676,10.);
#465=VECTOR('',#1679,10.);
#466=VECTOR('',#1680,10.);
#467=VECTOR('',#1681,10.);
#468=VECTOR('',#1682,10.);
#469=VECTOR('',#1685,10.);
#470=VECTOR('',#1686,10.);
#471=VECTOR('',#1687,10.);
#472=VECTOR('',#1690,10.);
#473=VECTOR('',#1691,10.);
#474=VECTOR('',#1694,10.);
#475=VECTOR('',#1695,10.);
#476=VECTOR('',#1696,10.);
#477=VECTOR('',#1699,10.);
#478=VECTOR('',#1700,10.);
#479=VECTOR('',#1701,10.);
#480=VECTOR('',#1704,10.);
#481=VECTOR('',#1705,10.);
#482=VECTOR('',#1706,10.);
#483=VECTOR('',#1709,10.);
#484=VECTOR('',#1710,10.);
#485=VECTOR('',#1713,10.);
#486=VECTOR('',#1714,10.);
#487=VECTOR('',#1715,10.);
#488=VECTOR('',#1718,10.);
#489=VECTOR('',#1719,10.);
#490=VECTOR('',#1722,10.);
#491=VECTOR('',#1723,10.);
#492=VECTOR('',#1726,10.);
#493=VECTOR('',#1727,10.);
#494=VECTOR('',#1730,10.);
#495=VECTOR('',#1731,10.);
#496=VECTOR('',#1734,10.);
#497=VECTOR('',#1735,10.);
#498=VECTOR('',#1738,10.);
#499=VECTOR('',#1739,10.);
#500=VECTOR('',#1740,10.);
#501=VECTOR('',#1741,10.);
#502=VECTOR('',#1744,10.);
#503=VECTOR('',#1745,10.);
#504=VECTOR('',#1746,10.);
#505=VECTOR('',#1749,10.);
#506=VECTOR('',#1750,10.);
#507=VECTOR('',#1751,10.);
#508=VECTOR('',#1754,10.);
#509=VECTOR('',#1755,10.);
#510=VECTOR('',#1758,10.);
#511=VECTOR('',#1759,10.);
#512=VECTOR('',#1760,10.);
#513=VECTOR('',#1763,10.);
#514=VECTOR('',#1764,10.);
#515=VECTOR('',#1765,10.);
#516=VECTOR('',#1768,10.);
#517=VECTOR('',#1769,10.);
#518=VECTOR('',#1772,10.);
#519=VECTOR('',#1773,10.);
#520=VECTOR('',#1774,10.);
#521=VECTOR('',#1777,10.);
#522=VECTOR('',#1778,10.);
#523=VECTOR('',#1781,10.);
#524=VECTOR('',#1782,10.);
#525=VECTOR('',#1783,10.);
#526=VECTOR('',#1786,10.);
#527=VECTOR('',#1787,10.);
#528=VECTOR('',#1790,10.);
#529=VECTOR('',#1791,10.);
#530=VECTOR('',#1792,10.);
#531=VECTOR('',#1795,10.);
#532=VECTOR('',#1796,10.);
#533=VECTOR('',#1799,10.);
#534=VECTOR('',#1802,10.);
#535=VECTOR('',#1803,10.);
#536=VECTOR('',#1804,10.);
#537=VECTOR('',#1807,10.);
#538=VECTOR('',#1808,10.);
#539=VECTOR('',#1811,10.);
#540=VECTOR('',#1814,10.);
#541=VECTOR('',#1817,10.);
#542=VECTOR('',#1820,10.);
#543=VECTOR('',#1821,10.);
#544=VECTOR('',#1824,10.);
#545=VECTOR('',#1825,10.);
#546=VECTOR('',#1830,10.);
#547=VECTOR('',#1831,10.);
#548=VECTOR('',#1832,10.);
#549=VECTOR('',#1833,10.);
#550=VECTOR('',#1834,10.);
#551=VECTOR('',#1835,10.);
#552=VECTOR('',#1836,10.);
#553=VECTOR('',#1837,10.);
#554=VECTOR('',#1838,10.);
#555=VECTOR('',#1839,10.);
#556=VECTOR('',#1840,10.);
#557=VECTOR('',#1841,10.);
#558=VECTOR('',#1842,10.);
#559=VECTOR('',#1843,10.);
#560=VECTOR('',#1844,10.);
#561=VECTOR('',#1845,10.);
#562=VECTOR('',#1854,10.);
#563=VECTOR('',#1855,10.);
#564=VECTOR('',#1858,10.);
#565=VECTOR('',#1859,10.);
#566=VECTOR('',#1860,10.);
#567=VECTOR('',#1863,10.);
#568=VECTOR('',#1864,10.);
#569=VECTOR('',#1867,10.);
#570=VECTOR('',#1868,10.);
#571=VECTOR('',#1869,10.);
#572=VECTOR('',#1872,10.);
#573=VECTOR('',#1873,10.);
#574=VECTOR('',#1874,10.);
#575=VECTOR('',#1875,10.);
#576=VECTOR('',#1878,10.);
#577=VECTOR('',#1879,10.);
#578=VECTOR('',#1882,10.);
#579=VECTOR('',#1883,10.);
#580=VECTOR('',#1884,10.);
#581=VECTOR('',#1887,10.);
#582=VECTOR('',#1888,10.);
#583=VECTOR('',#1891,10.);
#584=VECTOR('',#1892,10.);
#585=VECTOR('',#1893,10.);
#586=VECTOR('',#1896,10.);
#587=VECTOR('',#1899,10.);
#588=VECTOR('',#1902,10.);
#589=VECTOR('',#1903,10.);
#590=VECTOR('',#1906,10.);
#591=VECTOR('',#1909,10.);
#592=VECTOR('',#1910,10.);
#593=VECTOR('',#1913,10.);
#594=VECTOR('',#1916,10.);
#595=VECTOR('',#1917,10.);
#596=VECTOR('',#1920,10.);
#597=VECTOR('',#1921,10.);
#598=VECTOR('',#1924,10.);
#599=VECTOR('',#1925,10.);
#600=VECTOR('',#1928,10.);
#601=VECTOR('',#1929,10.);
#602=VECTOR('',#1932,10.);
#603=VECTOR('',#1933,10.);
#604=VECTOR('',#1936,10.);
#605=VECTOR('',#1941,10.);
#606=VECTOR('',#1942,10.);
#607=VECTOR('',#1943,10.);
#608=VECTOR('',#1946,10.);
#609=VECTOR('',#1947,10.);
#610=VECTOR('',#1950,10.);
#611=VECTOR('',#1951,10.);
#612=VECTOR('',#1954,10.);
#613=VECTOR('',#1959,10.);
#614=VECTOR('',#1960,10.);
#615=VECTOR('',#1961,10.);
#616=VECTOR('',#1964,10.);
#617=VECTOR('',#1965,10.);
#618=VECTOR('',#1968,10.);
#619=VECTOR('',#1969,10.);
#620=VECTOR('',#1972,10.);
#621=VECTOR('',#1977,10.);
#622=VECTOR('',#1978,10.);
#623=VECTOR('',#1979,10.);
#624=VECTOR('',#1982,10.);
#625=VECTOR('',#1983,10.);
#626=VECTOR('',#1986,10.);
#627=VECTOR('',#1987,10.);
#628=VECTOR('',#1990,10.);
#629=VECTOR('',#1995,10.);
#630=VECTOR('',#1996,10.);
#631=VECTOR('',#1997,10.);
#632=VECTOR('',#2000,10.);
#633=VECTOR('',#2001,10.);
#634=VECTOR('',#2004,10.);
#635=VECTOR('',#2005,10.);
#636=VECTOR('',#2008,10.);
#637=VERTEX_POINT('',#2013);
#638=VERTEX_POINT('',#2014);
#639=VERTEX_POINT('',#2016);
#640=VERTEX_POINT('',#2018);
#641=VERTEX_POINT('',#2022);
#642=VERTEX_POINT('',#2024);
#643=VERTEX_POINT('',#2028);
#644=VERTEX_POINT('',#2030);
#645=VERTEX_POINT('',#2034);
#646=VERTEX_POINT('',#2036);
#647=VERTEX_POINT('',#2040);
#648=VERTEX_POINT('',#2042);
#649=VERTEX_POINT('',#2046);
#650=VERTEX_POINT('',#2047);
#651=VERTEX_POINT('',#2049);
#652=VERTEX_POINT('',#2051);
#653=VERTEX_POINT('',#2055);
#654=VERTEX_POINT('',#2057);
#655=VERTEX_POINT('',#2064);
#656=VERTEX_POINT('',#2066);
#657=VERTEX_POINT('',#2070);
#658=VERTEX_POINT('',#2072);
#659=VERTEX_POINT('',#2076);
#660=VERTEX_POINT('',#2078);
#661=VERTEX_POINT('',#2085);
#662=VERTEX_POINT('',#2087);
#663=VERTEX_POINT('',#2091);
#664=VERTEX_POINT('',#2095);
#665=VERTEX_POINT('',#2099);
#666=VERTEX_POINT('',#2103);
#667=VERTEX_POINT('',#2107);
#668=VERTEX_POINT('',#2111);
#669=VERTEX_POINT('',#2112);
#670=VERTEX_POINT('',#2114);
#671=VERTEX_POINT('',#2116);
#672=VERTEX_POINT('',#2120);
#673=VERTEX_POINT('',#2121);
#674=VERTEX_POINT('',#2123);
#675=VERTEX_POINT('',#2127);
#676=VERTEX_POINT('',#2128);
#677=VERTEX_POINT('',#2130);
#678=VERTEX_POINT('',#2137);
#679=VERTEX_POINT('',#2138);
#680=VERTEX_POINT('',#2140);
#681=VERTEX_POINT('',#2144);
#682=VERTEX_POINT('',#2146);
#683=VERTEX_POINT('',#2153);
#684=VERTEX_POINT('',#2154);
#685=VERTEX_POINT('',#2156);
#686=VERTEX_POINT('',#2163);
#687=VERTEX_POINT('',#2165);
#688=VERTEX_POINT('',#2172);
#689=VERTEX_POINT('',#2174);
#690=VERTEX_POINT('',#2183);
#691=VERTEX_POINT('',#2185);
#692=VERTEX_POINT('',#2205);
#693=VERTEX_POINT('',#2206);
#694=VERTEX_POINT('',#2208);
#695=VERTEX_POINT('',#2210);
#696=VERTEX_POINT('',#2213);
#697=VERTEX_POINT('',#2214);
#698=VERTEX_POINT('',#2216);
#699=VERTEX_POINT('',#2218);
#700=VERTEX_POINT('',#2221);
#701=VERTEX_POINT('',#2222);
#702=VERTEX_POINT('',#2224);
#703=VERTEX_POINT('',#2226);
#704=VERTEX_POINT('',#2229);
#705=VERTEX_POINT('',#2230);
#706=VERTEX_POINT('',#2232);
#707=VERTEX_POINT('',#2234);
#708=VERTEX_POINT('',#2272);
#709=VERTEX_POINT('',#2273);
#710=VERTEX_POINT('',#2290);
#711=VERTEX_POINT('',#2295);
#712=VERTEX_POINT('',#2317);
#713=VERTEX_POINT('',#2319);
#714=VERTEX_POINT('',#2326);
#715=VERTEX_POINT('',#2328);
#716=VERTEX_POINT('',#2330);
#717=VERTEX_POINT('',#2380);
#718=VERTEX_POINT('',#2433);
#719=VERTEX_POINT('',#2434);
#720=VERTEX_POINT('',#2451);
#721=VERTEX_POINT('',#2456);
#722=VERTEX_POINT('',#2478);
#723=VERTEX_POINT('',#2480);
#724=VERTEX_POINT('',#2487);
#725=VERTEX_POINT('',#2489);
#726=VERTEX_POINT('',#2491);
#727=VERTEX_POINT('',#2541);
#728=VERTEX_POINT('',#2563);
#729=VERTEX_POINT('',#2564);
#730=VERTEX_POINT('',#2566);
#731=VERTEX_POINT('',#2568);
#732=VERTEX_POINT('',#2572);
#733=VERTEX_POINT('',#2576);
#734=VERTEX_POINT('',#2578);
#735=VERTEX_POINT('',#2582);
#736=VERTEX_POINT('',#2586);
#737=VERTEX_POINT('',#2588);
#738=VERTEX_POINT('',#2596);
#739=VERTEX_POINT('',#2602);
#740=VERTEX_POINT('',#2608);
#741=VERTEX_POINT('',#2612);
#742=VERTEX_POINT('',#2616);
#743=VERTEX_POINT('',#2620);
#744=VERTEX_POINT('',#2624);
#745=VERTEX_POINT('',#2631);
#746=VERTEX_POINT('',#2633);
#747=VERTEX_POINT('',#2637);
#748=VERTEX_POINT('',#2641);
#749=VERTEX_POINT('',#2648);
#750=VERTEX_POINT('',#2650);
#751=VERTEX_POINT('',#2654);
#752=VERTEX_POINT('',#2658);
#753=VERTEX_POINT('',#2665);
#754=VERTEX_POINT('',#2667);
#755=VERTEX_POINT('',#2671);
#756=VERTEX_POINT('',#2675);
#757=VERTEX_POINT('',#2682);
#758=VERTEX_POINT('',#2684);
#759=VERTEX_POINT('',#2688);
#760=VERTEX_POINT('',#2692);
#761=EDGE_CURVE('',#637,#638,#261,.T.);
#762=EDGE_CURVE('',#638,#639,#262,.T.);
#763=EDGE_CURVE('',#639,#640,#263,.T.);
#764=EDGE_CURVE('',#637,#640,#264,.T.);
#765=EDGE_CURVE('',#638,#641,#265,.T.);
#766=EDGE_CURVE('',#641,#642,#266,.T.);
#767=EDGE_CURVE('',#642,#639,#267,.T.);
#768=EDGE_CURVE('',#641,#643,#268,.T.);
#769=EDGE_CURVE('',#643,#644,#269,.T.);
#770=EDGE_CURVE('',#644,#642,#270,.T.);
#771=EDGE_CURVE('',#643,#645,#271,.T.);
#772=EDGE_CURVE('',#645,#646,#272,.T.);
#773=EDGE_CURVE('',#646,#644,#273,.T.);
#774=EDGE_CURVE('',#645,#647,#274,.T.);
#775=EDGE_CURVE('',#647,#648,#275,.T.);
#776=EDGE_CURVE('',#648,#646,#276,.T.);
#777=EDGE_CURVE('',#649,#650,#277,.T.);
#778=EDGE_CURVE('',#650,#651,#278,.T.);
#779=EDGE_CURVE('',#651,#652,#279,.T.);
#780=EDGE_CURVE('',#652,#649,#280,.T.);
#781=EDGE_CURVE('',#653,#651,#281,.T.);
#782=EDGE_CURVE('',#650,#654,#282,.T.);
#783=EDGE_CURVE('',#654,#653,#283,.T.);
#784=EDGE_CURVE('',#647,#649,#284,.T.);
#785=EDGE_CURVE('',#652,#648,#285,.T.);
#786=EDGE_CURVE('',#655,#653,#286,.T.);
#787=EDGE_CURVE('',#654,#656,#287,.T.);
#788=EDGE_CURVE('',#656,#655,#288,.T.);
#789=EDGE_CURVE('',#657,#655,#289,.T.);
#790=EDGE_CURVE('',#656,#658,#290,.T.);
#791=EDGE_CURVE('',#658,#657,#291,.T.);
#792=EDGE_CURVE('',#659,#657,#292,.T.);
#793=EDGE_CURVE('',#658,#660,#293,.T.);
#794=EDGE_CURVE('',#660,#659,#294,.T.);
#795=EDGE_CURVE('',#640,#659,#295,.T.);
#796=EDGE_CURVE('',#660,#637,#296,.T.);
#797=EDGE_CURVE('',#642,#661,#297,.T.);
#798=EDGE_CURVE('',#661,#662,#298,.T.);
#799=EDGE_CURVE('',#639,#662,#299,.T.);
#800=EDGE_CURVE('',#644,#663,#300,.T.);
#801=EDGE_CURVE('',#663,#661,#301,.T.);
#802=EDGE_CURVE('',#646,#664,#302,.T.);
#803=EDGE_CURVE('',#664,#663,#303,.T.);
#804=EDGE_CURVE('',#648,#665,#304,.T.);
#805=EDGE_CURVE('',#665,#664,#305,.T.);
#806=EDGE_CURVE('',#652,#666,#306,.T.);
#807=EDGE_CURVE('',#666,#665,#307,.T.);
#808=EDGE_CURVE('',#651,#667,#308,.T.);
#809=EDGE_CURVE('',#667,#666,#309,.T.);
#810=EDGE_CURVE('',#668,#669,#310,.T.);
#811=EDGE_CURVE('',#670,#668,#311,.T.);
#812=EDGE_CURVE('',#671,#670,#312,.T.);
#813=EDGE_CURVE('',#669,#671,#313,.T.);
#814=EDGE_CURVE('',#672,#673,#314,.T.);
#815=EDGE_CURVE('',#674,#672,#315,.T.);
#816=EDGE_CURVE('',#673,#674,#316,.T.);
#817=EDGE_CURVE('',#675,#676,#317,.T.);
#818=EDGE_CURVE('',#677,#675,#318,.T.);
#819=EDGE_CURVE('',#676,#677,#319,.T.);
#820=EDGE_CURVE('',#675,#673,#320,.T.);
#821=EDGE_CURVE('',#674,#677,#321,.T.);
#822=EDGE_CURVE('',#678,#679,#322,.T.);
#823=EDGE_CURVE('',#680,#678,#323,.T.);
#824=EDGE_CURVE('',#679,#680,#324,.T.);
#825=EDGE_CURVE('',#681,#668,#325,.T.);
#826=EDGE_CURVE('',#682,#681,#326,.T.);
#827=EDGE_CURVE('',#668,#682,#327,.T.);
#828=EDGE_CURVE('',#681,#672,#328,.T.);
#829=EDGE_CURVE('',#673,#682,#329,.T.);
#830=EDGE_CURVE('',#683,#684,#330,.T.);
#831=EDGE_CURVE('',#685,#683,#331,.T.);
#832=EDGE_CURVE('',#684,#685,#332,.T.);
#833=EDGE_CURVE('',#678,#685,#333,.T.);
#834=EDGE_CURVE('',#683,#680,#334,.T.);
#835=EDGE_CURVE('',#686,#670,#335,.T.);
#836=EDGE_CURVE('',#687,#686,#336,.T.);
#837=EDGE_CURVE('',#670,#687,#337,.T.);
#838=EDGE_CURVE('',#686,#675,#338,.T.);
#839=EDGE_CURVE('',#676,#687,#339,.T.);
#840=EDGE_CURVE('',#688,#669,#340,.T.);
#841=EDGE_CURVE('',#689,#688,#341,.T.);
#842=EDGE_CURVE('',#669,#689,#342,.T.);
#843=EDGE_CURVE('',#688,#678,#343,.T.);
#844=EDGE_CURVE('',#679,#689,#344,.T.);
#845=EDGE_CURVE('',#689,#681,#345,.T.);
#846=EDGE_CURVE('',#690,#671,#346,.T.);
#847=EDGE_CURVE('',#691,#690,#347,.T.);
#848=EDGE_CURVE('',#671,#691,#348,.T.);
#849=EDGE_CURVE('',#690,#684,#349,.T.);
#850=EDGE_CURVE('',#685,#691,#350,.T.);
#851=EDGE_CURVE('',#691,#688,#351,.T.);
#852=EDGE_CURVE('',#687,#690,#352,.T.);
#853=EDGE_CURVE('',#682,#686,#353,.T.);
#854=EDGE_CURVE('',#684,#676,#354,.T.);
#855=EDGE_CURVE('',#677,#683,#355,.T.);
#856=EDGE_CURVE('',#672,#679,#356,.T.);
#857=EDGE_CURVE('',#680,#674,#357,.T.);
#858=EDGE_CURVE('',#692,#693,#358,.T.);
#859=EDGE_CURVE('',#694,#692,#359,.T.);
#860=EDGE_CURVE('',#695,#694,#360,.T.);
#861=EDGE_CURVE('',#693,#695,#361,.T.);
#862=EDGE_CURVE('',#696,#697,#362,.T.);
#863=EDGE_CURVE('',#697,#698,#363,.T.);
#864=EDGE_CURVE('',#698,#699,#364,.T.);
#865=EDGE_CURVE('',#699,#696,#365,.T.);
#866=EDGE_CURVE('',#700,#701,#366,.T.);
#867=EDGE_CURVE('',#702,#700,#367,.T.);
#868=EDGE_CURVE('',#703,#702,#368,.T.);
#869=EDGE_CURVE('',#701,#703,#369,.T.);
#870=EDGE_CURVE('',#704,#705,#370,.T.);
#871=EDGE_CURVE('',#706,#704,#371,.T.);
#872=EDGE_CURVE('',#707,#706,#372,.T.);
#873=EDGE_CURVE('',#705,#707,#373,.T.);
#874=EDGE_CURVE('',#708,#709,#14,.T.);
#875=EDGE_CURVE('',#709,#710,#15,.T.);
#876=EDGE_CURVE('',#710,#711,#16,.T.);
#877=EDGE_CURVE('',#711,#708,#17,.T.);
#878=EDGE_CURVE('',#712,#711,#374,.T.);
#879=EDGE_CURVE('',#713,#712,#18,.T.);
#880=EDGE_CURVE('',#708,#713,#375,.T.);
#881=EDGE_CURVE('',#710,#714,#376,.T.);
#882=EDGE_CURVE('',#714,#715,#377,.T.);
#883=EDGE_CURVE('',#716,#715,#378,.T.);
#884=EDGE_CURVE('',#712,#716,#19,.T.);
#885=EDGE_CURVE('',#716,#717,#20,.T.);
#886=EDGE_CURVE('',#717,#713,#21,.T.);
#887=EDGE_CURVE('',#718,#719,#22,.T.);
#888=EDGE_CURVE('',#719,#720,#23,.T.);
#889=EDGE_CURVE('',#720,#721,#24,.T.);
#890=EDGE_CURVE('',#721,#718,#25,.T.);
#891=EDGE_CURVE('',#722,#721,#379,.T.);
#892=EDGE_CURVE('',#723,#722,#26,.T.);
#893=EDGE_CURVE('',#718,#723,#380,.T.);
#894=EDGE_CURVE('',#720,#724,#381,.T.);
#895=EDGE_CURVE('',#724,#725,#382,.T.);
#896=EDGE_CURVE('',#726,#725,#383,.T.);
#897=EDGE_CURVE('',#722,#726,#27,.T.);
#898=EDGE_CURVE('',#726,#727,#28,.T.);
#899=EDGE_CURVE('',#727,#723,#29,.T.);
#900=EDGE_CURVE('',#728,#729,#384,.T.);
#901=EDGE_CURVE('',#730,#728,#385,.T.);
#902=EDGE_CURVE('',#731,#730,#386,.T.);
#903=EDGE_CURVE('',#729,#731,#387,.T.);
#904=EDGE_CURVE('',#719,#732,#388,.T.);
#905=EDGE_CURVE('',#732,#724,#389,.T.);
#906=EDGE_CURVE('',#728,#733,#390,.T.);
#907=EDGE_CURVE('',#733,#734,#391,.T.);
#908=EDGE_CURVE('',#730,#734,#392,.T.);
#909=EDGE_CURVE('',#729,#735,#393,.T.);
#910=EDGE_CURVE('',#735,#733,#394,.T.);
#911=EDGE_CURVE('',#717,#736,#395,.T.);
#912=EDGE_CURVE('',#736,#737,#396,.T.);
#913=EDGE_CURVE('',#709,#737,#397,.T.);
#914=EDGE_CURVE('',#715,#736,#398,.T.);
#915=EDGE_CURVE('',#737,#714,#399,.T.);
#916=EDGE_CURVE('',#731,#738,#400,.T.);
#917=EDGE_CURVE('',#738,#735,#401,.T.);
#918=EDGE_CURVE('',#734,#738,#402,.T.);
#919=EDGE_CURVE('',#727,#739,#403,.T.);
#920=EDGE_CURVE('',#739,#732,#404,.T.);
#921=EDGE_CURVE('',#725,#739,#405,.T.);
#922=EDGE_CURVE('',#653,#740,#406,.T.);
#923=EDGE_CURVE('',#740,#667,#407,.T.);
#924=EDGE_CURVE('',#655,#741,#408,.T.);
#925=EDGE_CURVE('',#741,#740,#409,.T.);
#926=EDGE_CURVE('',#657,#742,#410,.T.);
#927=EDGE_CURVE('',#742,#741,#411,.T.);
#928=EDGE_CURVE('',#659,#743,#412,.T.);
#929=EDGE_CURVE('',#743,#742,#413,.T.);
#930=EDGE_CURVE('',#640,#744,#414,.T.);
#931=EDGE_CURVE('',#744,#743,#415,.T.);
#932=EDGE_CURVE('',#662,#744,#416,.T.);
#933=EDGE_CURVE('',#693,#745,#417,.T.);
#934=EDGE_CURVE('',#746,#745,#418,.T.);
#935=EDGE_CURVE('',#692,#746,#419,.T.);
#936=EDGE_CURVE('',#747,#746,#420,.T.);
#937=EDGE_CURVE('',#694,#747,#421,.T.);
#938=EDGE_CURVE('',#748,#747,#422,.T.);
#939=EDGE_CURVE('',#695,#748,#423,.T.);
#940=EDGE_CURVE('',#745,#748,#424,.T.);
#941=EDGE_CURVE('',#696,#749,#425,.T.);
#942=EDGE_CURVE('',#750,#749,#426,.T.);
#943=EDGE_CURVE('',#697,#750,#427,.T.);
#944=EDGE_CURVE('',#751,#750,#428,.T.);
#945=EDGE_CURVE('',#698,#751,#429,.T.);
#946=EDGE_CURVE('',#752,#751,#430,.T.);
#947=EDGE_CURVE('',#699,#752,#431,.T.);
#948=EDGE_CURVE('',#749,#752,#432,.T.);
#949=EDGE_CURVE('',#701,#753,#433,.T.);
#950=EDGE_CURVE('',#754,#753,#434,.T.);
#951=EDGE_CURVE('',#700,#754,#435,.T.);
#952=EDGE_CURVE('',#755,#754,#436,.T.);
#953=EDGE_CURVE('',#702,#755,#437,.T.);
#954=EDGE_CURVE('',#756,#755,#438,.T.);
#955=EDGE_CURVE('',#703,#756,#439,.T.);
#956=EDGE_CURVE('',#753,#756,#440,.T.);
#957=EDGE_CURVE('',#705,#757,#441,.T.);
#958=EDGE_CURVE('',#758,#757,#442,.T.);
#959=EDGE_CURVE('',#704,#758,#443,.T.);
#960=EDGE_CURVE('',#759,#758,#444,.T.);
#961=EDGE_CURVE('',#706,#759,#445,.T.);
#962=EDGE_CURVE('',#760,#759,#446,.T.);
#963=EDGE_CURVE('',#707,#760,#447,.T.);
#964=EDGE_CURVE('',#757,#760,#448,.T.);
#965=ORIENTED_EDGE('',*,*,#761,.T.);
#966=ORIENTED_EDGE('',*,*,#762,.T.);
#967=ORIENTED_EDGE('',*,*,#763,.T.);
#968=ORIENTED_EDGE('',*,*,#764,.F.);
#969=ORIENTED_EDGE('',*,*,#765,.T.);
#970=ORIENTED_EDGE('',*,*,#766,.T.);
#971=ORIENTED_EDGE('',*,*,#767,.T.);
#972=ORIENTED_EDGE('',*,*,#762,.F.);
#973=ORIENTED_EDGE('',*,*,#768,.T.);
#974=ORIENTED_EDGE('',*,*,#769,.T.);
#975=ORIENTED_EDGE('',*,*,#770,.T.);
#976=ORIENTED_EDGE('',*,*,#766,.F.);
#977=ORIENTED_EDGE('',*,*,#771,.T.);
#978=ORIENTED_EDGE('',*,*,#772,.T.);
#979=ORIENTED_EDGE('',*,*,#773,.T.);
#980=ORIENTED_EDGE('',*,*,#769,.F.);
#981=ORIENTED_EDGE('',*,*,#774,.T.);
#982=ORIENTED_EDGE('',*,*,#775,.T.);
#983=ORIENTED_EDGE('',*,*,#776,.T.);
#984=ORIENTED_EDGE('',*,*,#772,.F.);
#985=ORIENTED_EDGE('',*,*,#777,.T.);
#986=ORIENTED_EDGE('',*,*,#778,.T.);
#987=ORIENTED_EDGE('',*,*,#779,.T.);
#988=ORIENTED_EDGE('',*,*,#780,.T.);
#989=ORIENTED_EDGE('',*,*,#781,.T.);
#990=ORIENTED_EDGE('',*,*,#778,.F.);
#991=ORIENTED_EDGE('',*,*,#782,.T.);
#992=ORIENTED_EDGE('',*,*,#783,.T.);
#993=ORIENTED_EDGE('',*,*,#784,.T.);
#994=ORIENTED_EDGE('',*,*,#780,.F.);
#995=ORIENTED_EDGE('',*,*,#785,.T.);
#996=ORIENTED_EDGE('',*,*,#775,.F.);
#997=ORIENTED_EDGE('',*,*,#786,.T.);
#998=ORIENTED_EDGE('',*,*,#783,.F.);
#999=ORIENTED_EDGE('',*,*,#787,.T.);
#1000=ORIENTED_EDGE('',*,*,#788,.T.);
#1001=ORIENTED_EDGE('',*,*,#789,.T.);
#1002=ORIENTED_EDGE('',*,*,#788,.F.);
#1003=ORIENTED_EDGE('',*,*,#790,.T.);
#1004=ORIENTED_EDGE('',*,*,#791,.T.);
#1005=ORIENTED_EDGE('',*,*,#792,.T.);
#1006=ORIENTED_EDGE('',*,*,#791,.F.);
#1007=ORIENTED_EDGE('',*,*,#793,.T.);
#1008=ORIENTED_EDGE('',*,*,#794,.T.);
#1009=ORIENTED_EDGE('',*,*,#795,.T.);
#1010=ORIENTED_EDGE('',*,*,#794,.F.);
#1011=ORIENTED_EDGE('',*,*,#796,.T.);
#1012=ORIENTED_EDGE('',*,*,#764,.T.);
#1013=ORIENTED_EDGE('',*,*,#767,.F.);
#1014=ORIENTED_EDGE('',*,*,#797,.T.);
#1015=ORIENTED_EDGE('',*,*,#798,.T.);
#1016=ORIENTED_EDGE('',*,*,#799,.F.);
#1017=ORIENTED_EDGE('',*,*,#770,.F.);
#1018=ORIENTED_EDGE('',*,*,#800,.T.);
#1019=ORIENTED_EDGE('',*,*,#801,.T.);
#1020=ORIENTED_EDGE('',*,*,#797,.F.);
#1021=ORIENTED_EDGE('',*,*,#773,.F.);
#1022=ORIENTED_EDGE('',*,*,#802,.T.);
#1023=ORIENTED_EDGE('',*,*,#803,.T.);
#1024=ORIENTED_EDGE('',*,*,#800,.F.);
#1025=ORIENTED_EDGE('',*,*,#776,.F.);
#1026=ORIENTED_EDGE('',*,*,#804,.T.);
#1027=ORIENTED_EDGE('',*,*,#805,.T.);
#1028=ORIENTED_EDGE('',*,*,#802,.F.);
#1029=ORIENTED_EDGE('',*,*,#785,.F.);
#1030=ORIENTED_EDGE('',*,*,#806,.T.);
#1031=ORIENTED_EDGE('',*,*,#807,.T.);
#1032=ORIENTED_EDGE('',*,*,#804,.F.);
#1033=ORIENTED_EDGE('',*,*,#779,.F.);
#1034=ORIENTED_EDGE('',*,*,#808,.T.);
#1035=ORIENTED_EDGE('',*,*,#809,.T.);
#1036=ORIENTED_EDGE('',*,*,#806,.F.);
#1037=ORIENTED_EDGE('',*,*,#810,.F.);
#1038=ORIENTED_EDGE('',*,*,#811,.F.);
#1039=ORIENTED_EDGE('',*,*,#812,.F.);
#1040=ORIENTED_EDGE('',*,*,#813,.F.);
#1041=ORIENTED_EDGE('',*,*,#777,.F.);
#1042=ORIENTED_EDGE('',*,*,#784,.F.);
#1043=ORIENTED_EDGE('',*,*,#774,.F.);
#1044=ORIENTED_EDGE('',*,*,#771,.F.);
#1045=ORIENTED_EDGE('',*,*,#768,.F.);
#1046=ORIENTED_EDGE('',*,*,#765,.F.);
#1047=ORIENTED_EDGE('',*,*,#761,.F.);
#1048=ORIENTED_EDGE('',*,*,#796,.F.);
#1049=ORIENTED_EDGE('',*,*,#793,.F.);
#1050=ORIENTED_EDGE('',*,*,#790,.F.);
#1051=ORIENTED_EDGE('',*,*,#787,.F.);
#1052=ORIENTED_EDGE('',*,*,#782,.F.);
#1053=ORIENTED_EDGE('',*,*,#814,.F.);
#1054=ORIENTED_EDGE('',*,*,#815,.F.);
#1055=ORIENTED_EDGE('',*,*,#816,.F.);
#1056=ORIENTED_EDGE('',*,*,#817,.F.);
#1057=ORIENTED_EDGE('',*,*,#818,.F.);
#1058=ORIENTED_EDGE('',*,*,#819,.F.);
#1059=ORIENTED_EDGE('',*,*,#818,.T.);
#1060=ORIENTED_EDGE('',*,*,#820,.T.);
#1061=ORIENTED_EDGE('',*,*,#816,.T.);
#1062=ORIENTED_EDGE('',*,*,#821,.T.);
#1063=ORIENTED_EDGE('',*,*,#822,.F.);
#1064=ORIENTED_EDGE('',*,*,#823,.F.);
#1065=ORIENTED_EDGE('',*,*,#824,.F.);
#1066=ORIENTED_EDGE('',*,*,#825,.F.);
#1067=ORIENTED_EDGE('',*,*,#826,.F.);
#1068=ORIENTED_EDGE('',*,*,#827,.F.);
#1069=ORIENTED_EDGE('',*,*,#826,.T.);
#1070=ORIENTED_EDGE('',*,*,#828,.T.);
#1071=ORIENTED_EDGE('',*,*,#814,.T.);
#1072=ORIENTED_EDGE('',*,*,#829,.T.);
#1073=ORIENTED_EDGE('',*,*,#830,.F.);
#1074=ORIENTED_EDGE('',*,*,#831,.F.);
#1075=ORIENTED_EDGE('',*,*,#832,.F.);
#1076=ORIENTED_EDGE('',*,*,#823,.T.);
#1077=ORIENTED_EDGE('',*,*,#833,.T.);
#1078=ORIENTED_EDGE('',*,*,#831,.T.);
#1079=ORIENTED_EDGE('',*,*,#834,.T.);
#1080=ORIENTED_EDGE('',*,*,#835,.F.);
#1081=ORIENTED_EDGE('',*,*,#836,.F.);
#1082=ORIENTED_EDGE('',*,*,#837,.F.);
#1083=ORIENTED_EDGE('',*,*,#836,.T.);
#1084=ORIENTED_EDGE('',*,*,#838,.T.);
#1085=ORIENTED_EDGE('',*,*,#817,.T.);
#1086=ORIENTED_EDGE('',*,*,#839,.T.);
#1087=ORIENTED_EDGE('',*,*,#840,.F.);
#1088=ORIENTED_EDGE('',*,*,#841,.F.);
#1089=ORIENTED_EDGE('',*,*,#842,.F.);
#1090=ORIENTED_EDGE('',*,*,#841,.T.);
#1091=ORIENTED_EDGE('',*,*,#843,.T.);
#1092=ORIENTED_EDGE('',*,*,#822,.T.);
#1093=ORIENTED_EDGE('',*,*,#844,.T.);
#1094=ORIENTED_EDGE('',*,*,#825,.T.);
#1095=ORIENTED_EDGE('',*,*,#810,.T.);
#1096=ORIENTED_EDGE('',*,*,#842,.T.);
#1097=ORIENTED_EDGE('',*,*,#845,.T.);
#1098=ORIENTED_EDGE('',*,*,#846,.F.);
#1099=ORIENTED_EDGE('',*,*,#847,.F.);
#1100=ORIENTED_EDGE('',*,*,#848,.F.);
#1101=ORIENTED_EDGE('',*,*,#847,.T.);
#1102=ORIENTED_EDGE('',*,*,#849,.T.);
#1103=ORIENTED_EDGE('',*,*,#832,.T.);
#1104=ORIENTED_EDGE('',*,*,#850,.T.);
#1105=ORIENTED_EDGE('',*,*,#840,.T.);
#1106=ORIENTED_EDGE('',*,*,#813,.T.);
#1107=ORIENTED_EDGE('',*,*,#848,.T.);
#1108=ORIENTED_EDGE('',*,*,#851,.T.);
#1109=ORIENTED_EDGE('',*,*,#846,.T.);
#1110=ORIENTED_EDGE('',*,*,#812,.T.);
#1111=ORIENTED_EDGE('',*,*,#837,.T.);
#1112=ORIENTED_EDGE('',*,*,#852,.T.);
#1113=ORIENTED_EDGE('',*,*,#835,.T.);
#1114=ORIENTED_EDGE('',*,*,#811,.T.);
#1115=ORIENTED_EDGE('',*,*,#827,.T.);
#1116=ORIENTED_EDGE('',*,*,#853,.T.);
#1117=ORIENTED_EDGE('',*,*,#830,.T.);
#1118=ORIENTED_EDGE('',*,*,#854,.T.);
#1119=ORIENTED_EDGE('',*,*,#819,.T.);
#1120=ORIENTED_EDGE('',*,*,#855,.T.);
#1121=ORIENTED_EDGE('',*,*,#815,.T.);
#1122=ORIENTED_EDGE('',*,*,#856,.T.);
#1123=ORIENTED_EDGE('',*,*,#824,.T.);
#1124=ORIENTED_EDGE('',*,*,#857,.T.);
#1125=ORIENTED_EDGE('',*,*,#820,.F.);
#1126=ORIENTED_EDGE('',*,*,#838,.F.);
#1127=ORIENTED_EDGE('',*,*,#853,.F.);
#1128=ORIENTED_EDGE('',*,*,#829,.F.);
#1129=ORIENTED_EDGE('',*,*,#834,.F.);
#1130=ORIENTED_EDGE('',*,*,#855,.F.);
#1131=ORIENTED_EDGE('',*,*,#821,.F.);
#1132=ORIENTED_EDGE('',*,*,#857,.F.);
#1133=ORIENTED_EDGE('',*,*,#858,.F.);
#1134=ORIENTED_EDGE('',*,*,#859,.F.);
#1135=ORIENTED_EDGE('',*,*,#860,.F.);
#1136=ORIENTED_EDGE('',*,*,#861,.F.);
#1137=ORIENTED_EDGE('',*,*,#862,.T.);
#1138=ORIENTED_EDGE('',*,*,#863,.T.);
#1139=ORIENTED_EDGE('',*,*,#864,.T.);
#1140=ORIENTED_EDGE('',*,*,#865,.T.);
#1141=ORIENTED_EDGE('',*,*,#866,.F.);
#1142=ORIENTED_EDGE('',*,*,#867,.F.);
#1143=ORIENTED_EDGE('',*,*,#868,.F.);
#1144=ORIENTED_EDGE('',*,*,#869,.F.);
#1145=ORIENTED_EDGE('',*,*,#870,.F.);
#1146=ORIENTED_EDGE('',*,*,#871,.F.);
#1147=ORIENTED_EDGE('',*,*,#872,.F.);
#1148=ORIENTED_EDGE('',*,*,#873,.F.);
#1149=ORIENTED_EDGE('',*,*,#833,.F.);
#1150=ORIENTED_EDGE('',*,*,#843,.F.);
#1151=ORIENTED_EDGE('',*,*,#851,.F.);
#1152=ORIENTED_EDGE('',*,*,#850,.F.);
#1153=ORIENTED_EDGE('',*,*,#844,.F.);
#1154=ORIENTED_EDGE('',*,*,#856,.F.);
#1155=ORIENTED_EDGE('',*,*,#828,.F.);
#1156=ORIENTED_EDGE('',*,*,#845,.F.);
#1157=ORIENTED_EDGE('',*,*,#849,.F.);
#1158=ORIENTED_EDGE('',*,*,#852,.F.);
#1159=ORIENTED_EDGE('',*,*,#839,.F.);
#1160=ORIENTED_EDGE('',*,*,#854,.F.);
#1161=ORIENTED_EDGE('',*,*,#874,.T.);
#1162=ORIENTED_EDGE('',*,*,#875,.T.);
#1163=ORIENTED_EDGE('',*,*,#876,.T.);
#1164=ORIENTED_EDGE('',*,*,#877,.T.);
#1165=ORIENTED_EDGE('',*,*,#877,.F.);
#1166=ORIENTED_EDGE('',*,*,#878,.F.);
#1167=ORIENTED_EDGE('',*,*,#879,.F.);
#1168=ORIENTED_EDGE('',*,*,#880,.F.);
#1169=ORIENTED_EDGE('',*,*,#876,.F.);
#1170=ORIENTED_EDGE('',*,*,#881,.T.);
#1171=ORIENTED_EDGE('',*,*,#882,.T.);
#1172=ORIENTED_EDGE('',*,*,#883,.F.);
#1173=ORIENTED_EDGE('',*,*,#884,.F.);
#1174=ORIENTED_EDGE('',*,*,#878,.T.);
#1175=ORIENTED_EDGE('',*,*,#884,.T.);
#1176=ORIENTED_EDGE('',*,*,#885,.T.);
#1177=ORIENTED_EDGE('',*,*,#886,.T.);
#1178=ORIENTED_EDGE('',*,*,#879,.T.);
#1179=ORIENTED_EDGE('',*,*,#887,.T.);
#1180=ORIENTED_EDGE('',*,*,#888,.T.);
#1181=ORIENTED_EDGE('',*,*,#889,.T.);
#1182=ORIENTED_EDGE('',*,*,#890,.T.);
#1183=ORIENTED_EDGE('',*,*,#890,.F.);
#1184=ORIENTED_EDGE('',*,*,#891,.F.);
#1185=ORIENTED_EDGE('',*,*,#892,.F.);
#1186=ORIENTED_EDGE('',*,*,#893,.F.);
#1187=ORIENTED_EDGE('',*,*,#889,.F.);
#1188=ORIENTED_EDGE('',*,*,#894,.T.);
#1189=ORIENTED_EDGE('',*,*,#895,.T.);
#1190=ORIENTED_EDGE('',*,*,#896,.F.);
#1191=ORIENTED_EDGE('',*,*,#897,.F.);
#1192=ORIENTED_EDGE('',*,*,#891,.T.);
#1193=ORIENTED_EDGE('',*,*,#897,.T.);
#1194=ORIENTED_EDGE('',*,*,#898,.T.);
#1195=ORIENTED_EDGE('',*,*,#899,.T.);
#1196=ORIENTED_EDGE('',*,*,#892,.T.);
#1197=ORIENTED_EDGE('',*,*,#900,.F.);
#1198=ORIENTED_EDGE('',*,*,#901,.F.);
#1199=ORIENTED_EDGE('',*,*,#902,.F.);
#1200=ORIENTED_EDGE('',*,*,#903,.F.);
#1201=ORIENTED_EDGE('',*,*,#888,.F.);
#1202=ORIENTED_EDGE('',*,*,#904,.T.);
#1203=ORIENTED_EDGE('',*,*,#905,.T.);
#1204=ORIENTED_EDGE('',*,*,#894,.F.);
#1205=ORIENTED_EDGE('',*,*,#901,.T.);
#1206=ORIENTED_EDGE('',*,*,#906,.T.);
#1207=ORIENTED_EDGE('',*,*,#907,.T.);
#1208=ORIENTED_EDGE('',*,*,#908,.F.);
#1209=ORIENTED_EDGE('',*,*,#900,.T.);
#1210=ORIENTED_EDGE('',*,*,#909,.T.);
#1211=ORIENTED_EDGE('',*,*,#910,.T.);
#1212=ORIENTED_EDGE('',*,*,#906,.F.);
#1213=ORIENTED_EDGE('',*,*,#874,.F.);
#1214=ORIENTED_EDGE('',*,*,#880,.T.);
#1215=ORIENTED_EDGE('',*,*,#886,.F.);
#1216=ORIENTED_EDGE('',*,*,#911,.T.);
#1217=ORIENTED_EDGE('',*,*,#912,.T.);
#1218=ORIENTED_EDGE('',*,*,#913,.F.);
#1219=ORIENTED_EDGE('',*,*,#885,.F.);
#1220=ORIENTED_EDGE('',*,*,#883,.T.);
#1221=ORIENTED_EDGE('',*,*,#914,.T.);
#1222=ORIENTED_EDGE('',*,*,#911,.F.);
#1223=ORIENTED_EDGE('',*,*,#875,.F.);
#1224=ORIENTED_EDGE('',*,*,#913,.T.);
#1225=ORIENTED_EDGE('',*,*,#915,.T.);
#1226=ORIENTED_EDGE('',*,*,#881,.F.);
#1227=ORIENTED_EDGE('',*,*,#903,.T.);
#1228=ORIENTED_EDGE('',*,*,#916,.T.);
#1229=ORIENTED_EDGE('',*,*,#917,.T.);
#1230=ORIENTED_EDGE('',*,*,#909,.F.);
#1231=ORIENTED_EDGE('',*,*,#902,.T.);
#1232=ORIENTED_EDGE('',*,*,#908,.T.);
#1233=ORIENTED_EDGE('',*,*,#918,.T.);
#1234=ORIENTED_EDGE('',*,*,#916,.F.);
#1235=ORIENTED_EDGE('',*,*,#887,.F.);
#1236=ORIENTED_EDGE('',*,*,#893,.T.);
#1237=ORIENTED_EDGE('',*,*,#899,.F.);
#1238=ORIENTED_EDGE('',*,*,#919,.T.);
#1239=ORIENTED_EDGE('',*,*,#920,.T.);
#1240=ORIENTED_EDGE('',*,*,#904,.F.);
#1241=ORIENTED_EDGE('',*,*,#898,.F.);
#1242=ORIENTED_EDGE('',*,*,#896,.T.);
#1243=ORIENTED_EDGE('',*,*,#921,.T.);
#1244=ORIENTED_EDGE('',*,*,#919,.F.);
#1245=ORIENTED_EDGE('',*,*,#781,.F.);
#1246=ORIENTED_EDGE('',*,*,#922,.T.);
#1247=ORIENTED_EDGE('',*,*,#923,.T.);
#1248=ORIENTED_EDGE('',*,*,#808,.F.);
#1249=ORIENTED_EDGE('',*,*,#786,.F.);
#1250=ORIENTED_EDGE('',*,*,#924,.T.);
#1251=ORIENTED_EDGE('',*,*,#925,.T.);
#1252=ORIENTED_EDGE('',*,*,#922,.F.);
#1253=ORIENTED_EDGE('',*,*,#789,.F.);
#1254=ORIENTED_EDGE('',*,*,#926,.T.);
#1255=ORIENTED_EDGE('',*,*,#927,.T.);
#1256=ORIENTED_EDGE('',*,*,#924,.F.);
#1257=ORIENTED_EDGE('',*,*,#792,.F.);
#1258=ORIENTED_EDGE('',*,*,#928,.T.);
#1259=ORIENTED_EDGE('',*,*,#929,.T.);
#1260=ORIENTED_EDGE('',*,*,#926,.F.);
#1261=ORIENTED_EDGE('',*,*,#795,.F.);
#1262=ORIENTED_EDGE('',*,*,#930,.T.);
#1263=ORIENTED_EDGE('',*,*,#931,.T.);
#1264=ORIENTED_EDGE('',*,*,#928,.F.);
#1265=ORIENTED_EDGE('',*,*,#763,.F.);
#1266=ORIENTED_EDGE('',*,*,#799,.T.);
#1267=ORIENTED_EDGE('',*,*,#932,.T.);
#1268=ORIENTED_EDGE('',*,*,#930,.F.);
#1269=ORIENTED_EDGE('',*,*,#807,.F.);
#1270=ORIENTED_EDGE('',*,*,#809,.F.);
#1271=ORIENTED_EDGE('',*,*,#923,.F.);
#1272=ORIENTED_EDGE('',*,*,#925,.F.);
#1273=ORIENTED_EDGE('',*,*,#927,.F.);
#1274=ORIENTED_EDGE('',*,*,#929,.F.);
#1275=ORIENTED_EDGE('',*,*,#931,.F.);
#1276=ORIENTED_EDGE('',*,*,#932,.F.);
#1277=ORIENTED_EDGE('',*,*,#798,.F.);
#1278=ORIENTED_EDGE('',*,*,#801,.F.);
#1279=ORIENTED_EDGE('',*,*,#803,.F.);
#1280=ORIENTED_EDGE('',*,*,#805,.F.);
#1281=ORIENTED_EDGE('',*,*,#895,.F.);
#1282=ORIENTED_EDGE('',*,*,#905,.F.);
#1283=ORIENTED_EDGE('',*,*,#920,.F.);
#1284=ORIENTED_EDGE('',*,*,#921,.F.);
#1285=ORIENTED_EDGE('',*,*,#907,.F.);
#1286=ORIENTED_EDGE('',*,*,#910,.F.);
#1287=ORIENTED_EDGE('',*,*,#917,.F.);
#1288=ORIENTED_EDGE('',*,*,#918,.F.);
#1289=ORIENTED_EDGE('',*,*,#912,.F.);
#1290=ORIENTED_EDGE('',*,*,#914,.F.);
#1291=ORIENTED_EDGE('',*,*,#882,.F.);
#1292=ORIENTED_EDGE('',*,*,#915,.F.);
#1293=ORIENTED_EDGE('',*,*,#858,.T.);
#1294=ORIENTED_EDGE('',*,*,#933,.T.);
#1295=ORIENTED_EDGE('',*,*,#934,.F.);
#1296=ORIENTED_EDGE('',*,*,#935,.F.);
#1297=ORIENTED_EDGE('',*,*,#859,.T.);
#1298=ORIENTED_EDGE('',*,*,#935,.T.);
#1299=ORIENTED_EDGE('',*,*,#936,.F.);
#1300=ORIENTED_EDGE('',*,*,#937,.F.);
#1301=ORIENTED_EDGE('',*,*,#860,.T.);
#1302=ORIENTED_EDGE('',*,*,#937,.T.);
#1303=ORIENTED_EDGE('',*,*,#938,.F.);
#1304=ORIENTED_EDGE('',*,*,#939,.F.);
#1305=ORIENTED_EDGE('',*,*,#861,.T.);
#1306=ORIENTED_EDGE('',*,*,#939,.T.);
#1307=ORIENTED_EDGE('',*,*,#940,.F.);
#1308=ORIENTED_EDGE('',*,*,#933,.F.);
#1309=ORIENTED_EDGE('',*,*,#940,.T.);
#1310=ORIENTED_EDGE('',*,*,#938,.T.);
#1311=ORIENTED_EDGE('',*,*,#936,.T.);
#1312=ORIENTED_EDGE('',*,*,#934,.T.);
#1313=ORIENTED_EDGE('',*,*,#862,.F.);
#1314=ORIENTED_EDGE('',*,*,#941,.T.);
#1315=ORIENTED_EDGE('',*,*,#942,.F.);
#1316=ORIENTED_EDGE('',*,*,#943,.F.);
#1317=ORIENTED_EDGE('',*,*,#863,.F.);
#1318=ORIENTED_EDGE('',*,*,#943,.T.);
#1319=ORIENTED_EDGE('',*,*,#944,.F.);
#1320=ORIENTED_EDGE('',*,*,#945,.F.);
#1321=ORIENTED_EDGE('',*,*,#864,.F.);
#1322=ORIENTED_EDGE('',*,*,#945,.T.);
#1323=ORIENTED_EDGE('',*,*,#946,.F.);
#1324=ORIENTED_EDGE('',*,*,#947,.F.);
#1325=ORIENTED_EDGE('',*,*,#865,.F.);
#1326=ORIENTED_EDGE('',*,*,#947,.T.);
#1327=ORIENTED_EDGE('',*,*,#948,.F.);
#1328=ORIENTED_EDGE('',*,*,#941,.F.);
#1329=ORIENTED_EDGE('',*,*,#948,.T.);
#1330=ORIENTED_EDGE('',*,*,#946,.T.);
#1331=ORIENTED_EDGE('',*,*,#944,.T.);
#1332=ORIENTED_EDGE('',*,*,#942,.T.);
#1333=ORIENTED_EDGE('',*,*,#866,.T.);
#1334=ORIENTED_EDGE('',*,*,#949,.T.);
#1335=ORIENTED_EDGE('',*,*,#950,.F.);
#1336=ORIENTED_EDGE('',*,*,#951,.F.);
#1337=ORIENTED_EDGE('',*,*,#867,.T.);
#1338=ORIENTED_EDGE('',*,*,#951,.T.);
#1339=ORIENTED_EDGE('',*,*,#952,.F.);
#1340=ORIENTED_EDGE('',*,*,#953,.F.);
#1341=ORIENTED_EDGE('',*,*,#868,.T.);
#1342=ORIENTED_EDGE('',*,*,#953,.T.);
#1343=ORIENTED_EDGE('',*,*,#954,.F.);
#1344=ORIENTED_EDGE('',*,*,#955,.F.);
#1345=ORIENTED_EDGE('',*,*,#869,.T.);
#1346=ORIENTED_EDGE('',*,*,#955,.T.);
#1347=ORIENTED_EDGE('',*,*,#956,.F.);
#1348=ORIENTED_EDGE('',*,*,#949,.F.);
#1349=ORIENTED_EDGE('',*,*,#956,.T.);
#1350=ORIENTED_EDGE('',*,*,#954,.T.);
#1351=ORIENTED_EDGE('',*,*,#952,.T.);
#1352=ORIENTED_EDGE('',*,*,#950,.T.);
#1353=ORIENTED_EDGE('',*,*,#870,.T.);
#1354=ORIENTED_EDGE('',*,*,#957,.T.);
#1355=ORIENTED_EDGE('',*,*,#958,.F.);
#1356=ORIENTED_EDGE('',*,*,#959,.F.);
#1357=ORIENTED_EDGE('',*,*,#871,.T.);
#1358=ORIENTED_EDGE('',*,*,#959,.T.);
#1359=ORIENTED_EDGE('',*,*,#960,.F.);
#1360=ORIENTED_EDGE('',*,*,#961,.F.);
#1361=ORIENTED_EDGE('',*,*,#872,.T.);
#1362=ORIENTED_EDGE('',*,*,#961,.T.);
#1363=ORIENTED_EDGE('',*,*,#962,.F.);
#1364=ORIENTED_EDGE('',*,*,#963,.F.);
#1365=ORIENTED_EDGE('',*,*,#873,.T.);
#1366=ORIENTED_EDGE('',*,*,#963,.T.);
#1367=ORIENTED_EDGE('',*,*,#964,.F.);
#1368=ORIENTED_EDGE('',*,*,#957,.F.);
#1369=ORIENTED_EDGE('',*,*,#964,.T.);
#1370=ORIENTED_EDGE('',*,*,#962,.T.);
#1371=ORIENTED_EDGE('',*,*,#960,.T.);
#1372=ORIENTED_EDGE('',*,*,#958,.T.);
#1373=PLANE('',#1563);
#1374=PLANE('',#1564);
#1375=PLANE('',#1565);
#1376=PLANE('',#1566);
#1377=PLANE('',#1567);
#1378=PLANE('',#1568);
#1379=PLANE('',#1569);
#1380=PLANE('',#1570);
#1381=PLANE('',#1571);
#1382=PLANE('',#1572);
#1383=PLANE('',#1573);
#1384=PLANE('',#1574);
#1385=PLANE('',#1575);
#1386=PLANE('',#1576);
#1387=PLANE('',#1577);
#1388=PLANE('',#1578);
#1389=PLANE('',#1579);
#1390=PLANE('',#1580);
#1391=PLANE('',#1581);
#1392=PLANE('',#1582);
#1393=PLANE('',#1583);
#1394=PLANE('',#1584);
#1395=PLANE('',#1585);
#1396=PLANE('',#1586);
#1397=PLANE('',#1587);
#1398=PLANE('',#1588);
#1399=PLANE('',#1589);
#1400=PLANE('',#1590);
#1401=PLANE('',#1591);
#1402=PLANE('',#1592);
#1403=PLANE('',#1593);
#1404=PLANE('',#1594);
#1405=PLANE('',#1595);
#1406=PLANE('',#1596);
#1407=PLANE('',#1597);
#1408=PLANE('',#1598);
#1409=PLANE('',#1599);
#1410=PLANE('',#1600);
#1411=PLANE('',#1601);
#1412=PLANE('',#1602);
#1413=PLANE('',#1603);
#1414=PLANE('',#1604);
#1415=PLANE('',#1605);
#1416=PLANE('',#1606);
#1417=PLANE('',#1607);
#1418=PLANE('',#1608);
#1419=PLANE('',#1609);
#1420=PLANE('',#1610);
#1421=PLANE('',#1611);
#1422=PLANE('',#1612);
#1423=PLANE('',#1613);
#1424=PLANE('',#1614);
#1425=PLANE('',#1615);
#1426=PLANE('',#1616);
#1427=PLANE('',#1617);
#1428=PLANE('',#1618);
#1429=PLANE('',#1619);
#1430=PLANE('',#1620);
#1431=PLANE('',#1621);
#1432=PLANE('',#1622);
#1433=PLANE('',#1623);
#1434=PLANE('',#1624);
#1435=PLANE('',#1625);
#1436=PLANE('',#1626);
#1437=PLANE('',#1627);
#1438=PLANE('',#1628);
#1439=PLANE('',#1629);
#1440=PLANE('',#1630);
#1441=PLANE('',#1631);
#1442=PLANE('',#1632);
#1443=PLANE('',#1633);
#1444=PLANE('',#1634);
#1445=PLANE('',#1635);
#1446=PLANE('',#1636);
#1447=PLANE('',#1637);
#1448=PLANE('',#1638);
#1449=PLANE('',#1639);
#1450=PLANE('',#1640);
#1451=PLANE('',#1641);
#1452=PLANE('',#1642);
#1453=PLANE('',#1643);
#1454=PLANE('',#1644);
#1455=PLANE('',#1645);
#1456=PLANE('',#1646);
#1457=PLANE('',#1647);
#1458=PLANE('',#1648);
#1459=ADVANCED_FACE('',(#73),#1373,.T.);
#1460=ADVANCED_FACE('',(#74),#1374,.T.);
#1461=ADVANCED_FACE('',(#75),#1375,.T.);
#1462=ADVANCED_FACE('',(#76),#1376,.T.);
#1463=ADVANCED_FACE('',(#77),#1377,.T.);
#1464=ADVANCED_FACE('',(#78),#1378,.T.);
#1465=ADVANCED_FACE('',(#79),#1379,.T.);
#1466=ADVANCED_FACE('',(#80),#1380,.T.);
#1467=ADVANCED_FACE('',(#81),#1381,.T.);
#1468=ADVANCED_FACE('',(#82),#1382,.T.);
#1469=ADVANCED_FACE('',(#83),#1383,.T.);
#1470=ADVANCED_FACE('',(#84),#1384,.T.);
#1471=ADVANCED_FACE('',(#85),#1385,.F.);
#1472=ADVANCED_FACE('',(#86),#1386,.F.);
#1473=ADVANCED_FACE('',(#87),#1387,.F.);
#1474=ADVANCED_FACE('',(#88),#1388,.F.);
#1475=ADVANCED_FACE('',(#89),#1389,.F.);
#1476=ADVANCED_FACE('',(#90),#1390,.F.);
#1477=ADVANCED_FACE('',(#91,#65),#1391,.T.);
#1478=ADVANCED_FACE('',(#92),#1392,.T.);
#1479=ADVANCED_FACE('',(#93),#1393,.T.);
#1480=ADVANCED_FACE('',(#94),#1394,.T.);
#1481=ADVANCED_FACE('',(#95),#1395,.T.);
#1482=ADVANCED_FACE('',(#96),#1396,.T.);
#1483=ADVANCED_FACE('',(#97),#1397,.T.);
#1484=ADVANCED_FACE('',(#98),#1398,.T.);
#1485=ADVANCED_FACE('',(#99),#1399,.T.);
#1486=ADVANCED_FACE('',(#100),#1400,.T.);
#1487=ADVANCED_FACE('',(#101),#1401,.T.);
#1488=ADVANCED_FACE('',(#102),#1402,.T.);
#1489=ADVANCED_FACE('',(#103),#1403,.T.);
#1490=ADVANCED_FACE('',(#104),#1404,.T.);
#1491=ADVANCED_FACE('',(#105),#1405,.T.);
#1492=ADVANCED_FACE('',(#106),#1406,.T.);
#1493=ADVANCED_FACE('',(#107),#1407,.T.);
#1494=ADVANCED_FACE('',(#108),#1408,.T.);
#1495=ADVANCED_FACE('',(#109),#1409,.T.);
#1496=ADVANCED_FACE('',(#110),#1410,.T.);
#1497=ADVANCED_FACE('',(#111),#1411,.T.);
#1498=ADVANCED_FACE('',(#112),#1412,.T.);
#1499=ADVANCED_FACE('',(#113,#66,#67,#68,#69),#1413,.F.);
#1500=ADVANCED_FACE('',(#114),#1414,.T.);
#1501=ADVANCED_FACE('',(#115),#1415,.T.);
#1502=ADVANCED_FACE('',(#116),#1416,.T.);
#1503=ADVANCED_FACE('',(#117),#30,.T.);
#1504=ADVANCED_FACE('',(#118),#1417,.F.);
#1505=ADVANCED_FACE('',(#119),#1418,.F.);
#1506=ADVANCED_FACE('',(#120),#31,.T.);
#1507=ADVANCED_FACE('',(#121),#32,.T.);
#1508=ADVANCED_FACE('',(#122),#1419,.F.);
#1509=ADVANCED_FACE('',(#123),#1420,.F.);
#1510=ADVANCED_FACE('',(#124),#33,.T.);
#1511=ADVANCED_FACE('',(#125),#1421,.F.);
#1512=ADVANCED_FACE('',(#126),#1422,.F.);
#1513=ADVANCED_FACE('',(#127),#1423,.F.);
#1514=ADVANCED_FACE('',(#128),#1424,.F.);
#1515=ADVANCED_FACE('',(#129),#1425,.F.);
#1516=ADVANCED_FACE('',(#130),#1426,.F.);
#1517=ADVANCED_FACE('',(#131),#1427,.F.);
#1518=ADVANCED_FACE('',(#132),#1428,.F.);
#1519=ADVANCED_FACE('',(#133),#1429,.F.);
#1520=ADVANCED_FACE('',(#134),#1430,.F.);
#1521=ADVANCED_FACE('',(#135),#1431,.F.);
#1522=ADVANCED_FACE('',(#136),#1432,.F.);
#1523=ADVANCED_FACE('',(#137),#1433,.F.);
#1524=ADVANCED_FACE('',(#138),#1434,.F.);
#1525=ADVANCED_FACE('',(#139),#1435,.F.);
#1526=ADVANCED_FACE('',(#140),#1436,.F.);
#1527=ADVANCED_FACE('',(#141),#1437,.F.);
#1528=ADVANCED_FACE('',(#142,#70,#71,#72),#1438,.F.);
#1529=ADVANCED_FACE('',(#143),#1439,.T.);
#1530=ADVANCED_FACE('',(#144),#1440,.T.);
#1531=ADVANCED_FACE('',(#145),#1441,.T.);
#1532=ADVANCED_FACE('',(#146),#1442,.T.);
#1533=ADVANCED_FACE('',(#147),#1443,.T.);
#1534=ADVANCED_FACE('',(#148),#1444,.T.);
#1535=ADVANCED_FACE('',(#149),#1445,.T.);
#1536=ADVANCED_FACE('',(#150),#1446,.T.);
#1537=ADVANCED_FACE('',(#151),#1447,.T.);
#1538=ADVANCED_FACE('',(#152),#1448,.T.);
#1539=ADVANCED_FACE('',(#153),#1449,.T.);
#1540=ADVANCED_FACE('',(#154),#1450,.T.);
#1541=ADVANCED_FACE('',(#155),#1451,.T.);
#1542=ADVANCED_FACE('',(#156),#1452,.T.);
#1543=ADVANCED_FACE('',(#157),#1453,.T.);
#1544=ADVANCED_FACE('',(#158),#1454,.T.);
#1545=ADVANCED_FACE('',(#159),#1455,.T.);
#1546=ADVANCED_FACE('',(#160),#1456,.T.);
#1547=ADVANCED_FACE('',(#161),#1457,.T.);
#1548=ADVANCED_FACE('',(#162),#1458,.T.);
#1549=CLOSED_SHELL('',(#1459,#1460,#1461,#1462,#1463,#1464,#1465,#1466,
#1467,#1468,#1469,#1470,#1471,#1472,#1473,#1474,#1475,#1476,#1477,#1478,
#1479,#1480,#1481,#1482,#1483,#1484,#1485,#1486,#1487,#1488,#1489,#1490,
#1491,#1492,#1493,#1494,#1495,#1496,#1497,#1498,#1499,#1500,#1501,#1502,
#1503,#1504,#1505,#1506,#1507,#1508,#1509,#1510,#1511,#1512,#1513,#1514,
#1515,#1516,#1517,#1518,#1519,#1520,#1521,#1522,#1523,#1524,#1525,#1526,
#1527,#1528,#1529,#1530,#1531,#1532,#1533,#1534,#1535,#1536,#1537,#1538,
#1539,#1540,#1541,#1542,#1543,#1544,#1545,#1546,#1547,#1548));
#1550=DERIVED_UNIT_ELEMENT(#1552,1.);
#1551=DERIVED_UNIT_ELEMENT(#2703,-3.);
#1552=(
MASS_UNIT()
NAMED_UNIT(*)
SI_UNIT(.KILO.,.GRAM.)
);
#1553=DERIVED_UNIT((#1550,#1551));
#1554=MEASURE_REPRESENTATION_ITEM('density measure',
POSITIVE_RATIO_MEASURE(7850.),#1553);
#1555=PROPERTY_DEFINITION_REPRESENTATION(#1560,#1557);
#1556=PROPERTY_DEFINITION_REPRESENTATION(#1561,#1558);
#1557=REPRESENTATION('material name',(#1559),#2700);
#1558=REPRESENTATION('density',(#1554),#2700);
#1559=DESCRIPTIVE_REPRESENTATION_ITEM('Steel','Steel');
#1560=PROPERTY_DEFINITION('material property','material name',#2710);
#1561=PROPERTY_DEFINITION('material property','density of part',#2710);
#1562=AXIS2_PLACEMENT_3D('',#2011,#1649,#1650);
#1563=AXIS2_PLACEMENT_3D('',#2012,#1651,#1652);
#1564=AXIS2_PLACEMENT_3D('',#2021,#1657,#1658);
#1565=AXIS2_PLACEMENT_3D('',#2027,#1662,#1663);
#1566=AXIS2_PLACEMENT_3D('',#2033,#1667,#1668);
#1567=AXIS2_PLACEMENT_3D('',#2039,#1672,#1673);
#1568=AXIS2_PLACEMENT_3D('',#2045,#1677,#1678);
#1569=AXIS2_PLACEMENT_3D('',#2054,#1683,#1684);
#1570=AXIS2_PLACEMENT_3D('',#2060,#1688,#1689);
#1571=AXIS2_PLACEMENT_3D('',#2063,#1692,#1693);
#1572=AXIS2_PLACEMENT_3D('',#2069,#1697,#1698);
#1573=AXIS2_PLACEMENT_3D('',#2075,#1702,#1703);
#1574=AXIS2_PLACEMENT_3D('',#2081,#1707,#1708);
#1575=AXIS2_PLACEMENT_3D('',#2084,#1711,#1712);
#1576=AXIS2_PLACEMENT_3D('',#2090,#1716,#1717);
#1577=AXIS2_PLACEMENT_3D('',#2094,#1720,#1721);
#1578=AXIS2_PLACEMENT_3D('',#2098,#1724,#1725);
#1579=AXIS2_PLACEMENT_3D('',#2102,#1728,#1729);
#1580=AXIS2_PLACEMENT_3D('',#2106,#1732,#1733);
#1581=AXIS2_PLACEMENT_3D('',#2110,#1736,#1737);
#1582=AXIS2_PLACEMENT_3D('',#2119,#1742,#1743);
#1583=AXIS2_PLACEMENT_3D('',#2126,#1747,#1748);
#1584=AXIS2_PLACEMENT_3D('',#2133,#1752,#1753);
#1585=AXIS2_PLACEMENT_3D('',#2136,#1756,#1757);
#1586=AXIS2_PLACEMENT_3D('',#2143,#1761,#1762);
#1587=AXIS2_PLACEMENT_3D('',#2149,#1766,#1767);
#1588=AXIS2_PLACEMENT_3D('',#2152,#1770,#1771);
#1589=AXIS2_PLACEMENT_3D('',#2159,#1775,#1776);
#1590=AXIS2_PLACEMENT_3D('',#2162,#1779,#1780);
#1591=AXIS2_PLACEMENT_3D('',#2168,#1784,#1785);
#1592=AXIS2_PLACEMENT_3D('',#2171,#1788,#1789);
#1593=AXIS2_PLACEMENT_3D('',#2177,#1793,#1794);
#1594=AXIS2_PLACEMENT_3D('',#2180,#1797,#1798);
#1595=AXIS2_PLACEMENT_3D('',#2182,#1800,#1801);
#1596=AXIS2_PLACEMENT_3D('',#2188,#1805,#1806);
#1597=AXIS2_PLACEMENT_3D('',#2191,#1809,#1810);
#1598=AXIS2_PLACEMENT_3D('',#2193,#1812,#1813);
#1599=AXIS2_PLACEMENT_3D('',#2195,#1815,#1816);
#1600=AXIS2_PLACEMENT_3D('',#2197,#1818,#1819);
#1601=AXIS2_PLACEMENT_3D('',#2200,#1822,#1823);
#1602=AXIS2_PLACEMENT_3D('',#2203,#1826,#1827);
#1603=AXIS2_PLACEMENT_3D('',#2204,#1828,#1829);
#1604=AXIS2_PLACEMENT_3D('',#2237,#1846,#1847);
#1605=AXIS2_PLACEMENT_3D('',#2238,#1848,#1849);
#1606=AXIS2_PLACEMENT_3D('',#2239,#1850,#1851);
#1607=AXIS2_PLACEMENT_3D('',#2316,#1852,#1853);
#1608=AXIS2_PLACEMENT_3D('',#2325,#1856,#1857);
#1609=AXIS2_PLACEMENT_3D('',#2477,#1861,#1862);
#1610=AXIS2_PLACEMENT_3D('',#2486,#1865,#1866);
#1611=AXIS2_PLACEMENT_3D('',#2562,#1870,#1871);
#1612=AXIS2_PLACEMENT_3D('',#2571,#1876,#1877);
#1613=AXIS2_PLACEMENT_3D('',#2575,#1880,#1881);
#1614=AXIS2_PLACEMENT_3D('',#2581,#1885,#1886);
#1615=AXIS2_PLACEMENT_3D('',#2585,#1889,#1890);
#1616=AXIS2_PLACEMENT_3D('',#2591,#1894,#1895);
#1617=AXIS2_PLACEMENT_3D('',#2593,#1897,#1898);
#1618=AXIS2_PLACEMENT_3D('',#2595,#1900,#1901);
#1619=AXIS2_PLACEMENT_3D('',#2599,#1904,#1905);
#1620=AXIS2_PLACEMENT_3D('',#2601,#1907,#1908);
#1621=AXIS2_PLACEMENT_3D('',#2605,#1911,#1912);
#1622=AXIS2_PLACEMENT_3D('',#2607,#1914,#1915);
#1623=AXIS2_PLACEMENT_3D('',#2611,#1918,#1919);
#1624=AXIS2_PLACEMENT_3D('',#2615,#1922,#1923);
#1625=AXIS2_PLACEMENT_3D('',#2619,#1926,#1927);
#1626=AXIS2_PLACEMENT_3D('',#2623,#1930,#1931);
#1627=AXIS2_PLACEMENT_3D('',#2627,#1934,#1935);
#1628=AXIS2_PLACEMENT_3D('',#2629,#1937,#1938);
#1629=AXIS2_PLACEMENT_3D('',#2630,#1939,#1940);
#1630=AXIS2_PLACEMENT_3D('',#2636,#1944,#1945);
#1631=AXIS2_PLACEMENT_3D('',#2640,#1948,#1949);
#1632=AXIS2_PLACEMENT_3D('',#2644,#1952,#1953);
#1633=AXIS2_PLACEMENT_3D('',#2646,#1955,#1956);
#1634=AXIS2_PLACEMENT_3D('',#2647,#1957,#1958);
#1635=AXIS2_PLACEMENT_3D('',#2653,#1962,#1963);
#1636=AXIS2_PLACEMENT_3D('',#2657,#1966,#1967);
#1637=AXIS2_PLACEMENT_3D('',#2661,#1970,#1971);
#1638=AXIS2_PLACEMENT_3D('',#2663,#1973,#1974);
#1639=AXIS2_PLACEMENT_3D('',#2664,#1975,#1976);
#1640=AXIS2_PLACEMENT_3D('',#2670,#1980,#1981);
#1641=AXIS2_PLACEMENT_3D('',#2674,#1984,#1985);
#1642=AXIS2_PLACEMENT_3D('',#2678,#1988,#1989);
#1643=AXIS2_PLACEMENT_3D('',#2680,#1991,#1992);
#1644=AXIS2_PLACEMENT_3D('',#2681,#1993,#1994);
#1645=AXIS2_PLACEMENT_3D('',#2687,#1998,#1999);
#1646=AXIS2_PLACEMENT_3D('',#2691,#2002,#2003);
#1647=AXIS2_PLACEMENT_3D('',#2695,#2006,#2007);
#1648=AXIS2_PLACEMENT_3D('',#2697,#2009,#2010);
#1649=DIRECTION('axis',(0.,0.,1.));
#1650=DIRECTION('refdir',(1.,0.,0.));
#1651=DIRECTION('center_axis',(0.,-0.707106781186548,0.707106781186548));
#1652=DIRECTION('ref_axis',(1.,0.,0.));
#1653=DIRECTION('',(-1.,0.,0.));
#1654=DIRECTION('',(-0.577350269189628,-0.577350269189625,-0.577350269189625));
#1655=DIRECTION('',(1.,0.,0.));
#1656=DIRECTION('',(0.577350269189616,-0.577350269189631,-0.577350269189631));
#1657=DIRECTION('center_axis',(-0.707106781186548,4.9065389333868E-15,0.707106781186547));
#1658=DIRECTION('ref_axis',(0.707106781186547,0.,0.707106781186548));
#1659=DIRECTION('',(6.93889390390723E-15,1.,0.));
#1660=DIRECTION('',(-0.577350269189628,-0.577350269189625,-0.577350269189625));
#1661=DIRECTION('',(-6.93889390390723E-15,-1.,0.));
#1662=DIRECTION('center_axis',(0.,-0.707106781186548,0.707106781186548));
#1663=DIRECTION('ref_axis',(1.,0.,0.));
#1664=DIRECTION('',(-1.,0.,0.));
#1665=DIRECTION('',(0.577350269189623,-0.577350269189627,-0.577350269189627));
#1666=DIRECTION('',(1.,0.,0.));
#1667=DIRECTION('center_axis',(0.707106781186548,-5.23364152894589E-15,
0.707106781186548));
#1668=DIRECTION('ref_axis',(0.707106781186548,0.,-0.707106781186548));
#1669=DIRECTION('',(-7.40148683083434E-15,-1.,0.));
#1670=DIRECTION('',(0.577350269189697,0.57735026918959,-0.57735026918959));
#1671=DIRECTION('',(7.40148683083434E-15,1.,0.));
#1672=DIRECTION('center_axis',(0.,0.707106781186548,0.707106781186548));
#1673=DIRECTION('ref_axis',(1.,0.,0.));
#1674=DIRECTION('',(1.,0.,0.));
#1675=DIRECTION('',(-0.577350269189634,0.577350269189622,-0.577350269189622));
#1676=DIRECTION('',(-1.,0.,0.));
#1677=DIRECTION('center_axis',(0.,0.707106781186548,0.707106781186548));
#1678=DIRECTION('ref_axis',(1.,0.,0.));
#1679=DIRECTION('',(1.,0.,0.));
#1680=DIRECTION('',(0.577350269189623,0.577350269189627,-0.577350269189627));
#1681=DIRECTION('',(-1.,0.,0.));
#1682=DIRECTION('',(0.577350269189634,-0.577350269189622,0.577350269189622));
#1683=DIRECTION('center_axis',(0.707106781186548,5.29906204805775E-15,0.707106781186547));
#1684=DIRECTION('ref_axis',(0.707106781186547,0.,-0.707106781186548));
#1685=DIRECTION('',(-7.49400541621981E-15,1.,0.));
#1686=DIRECTION('',(7.49400541621981E-15,-1.,0.));
#1687=DIRECTION('',(0.577350269189623,0.577350269189627,-0.577350269189627));
#1688=DIRECTION('center_axis',(-0.707106781186548,-1.45233552428249E-14,
0.707106781186547));
#1689=DIRECTION('ref_axis',(0.707106781186547,0.,0.707106781186548));
#1690=DIRECTION('',(-2.05391259555654E-14,1.,0.));
#1691=DIRECTION('',(2.05391259555654E-14,-1.,0.));
#1692=DIRECTION('center_axis',(0.,0.707106781186548,0.707106781186548));
#1693=DIRECTION('ref_axis',(1.,0.,0.));
#1694=DIRECTION('',(-1.,0.,0.));
#1695=DIRECTION('',(1.,0.,0.));
#1696=DIRECTION('',(-0.57735026918963,0.577350269189624,-0.577350269189624));
#1697=DIRECTION('center_axis',(-0.707106781186548,-7.27801156279087E-15,
0.707106781186548));
#1698=DIRECTION('ref_axis',(0.707106781186548,0.,0.707106781186548));
#1699=DIRECTION('',(1.02926626592071E-14,-1.,0.));
#1700=DIRECTION('',(-1.02926626592071E-14,1.,0.));
#1701=DIRECTION('',(-0.577350269189528,-0.577350269189674,-0.577350269189674));
#1702=DIRECTION('center_axis',(0.,-0.707106781186548,0.707106781186548));
#1703=DIRECTION('ref_axis',(1.,0.,0.));
#1704=DIRECTION('',(1.,0.,0.));
#1705=DIRECTION('',(-1.,0.,0.));
#1706=DIRECTION('',(0.577350269189616,-0.577350269189631,-0.577350269189631));
#1707=DIRECTION('center_axis',(0.707106781186548,-1.76635401601925E-14,
0.707106781186547));
#1708=DIRECTION('ref_axis',(0.707106781186547,0.,-0.707106781186548));
#1709=DIRECTION('',(2.4980018054066E-14,1.,0.));
#1710=DIRECTION('',(-2.4980018054066E-14,-1.,0.));
#1711=DIRECTION('center_axis',(1.,-6.93889390390723E-15,0.));
#1712=DIRECTION('ref_axis',(-6.93889390390723E-15,-1.,0.));
#1713=DIRECTION('',(0.,0.,-1.));
#1714=DIRECTION('',(-6.93889390390723E-15,-1.,0.));
#1715=DIRECTION('',(0.,0.,-1.));
#1716=DIRECTION('center_axis',(0.,1.,0.));
#1717=DIRECTION('ref_axis',(1.,0.,0.));
#1718=DIRECTION('',(0.,0.,-1.));
#1719=DIRECTION('',(1.,0.,0.));
#1720=DIRECTION('center_axis',(-1.,7.40148683083434E-15,0.));
#1721=DIRECTION('ref_axis',(7.40148683083434E-15,1.,0.));
#1722=DIRECTION('',(0.,0.,-1.));
#1723=DIRECTION('',(7.40148683083434E-15,1.,0.));
#1724=DIRECTION('center_axis',(0.,-1.,0.));
#1725=DIRECTION('ref_axis',(-1.,0.,0.));
#1726=DIRECTION('',(0.,0.,-1.));
#1727=DIRECTION('',(-1.,0.,0.));
#1728=DIRECTION('center_axis',(1.,2.05391259555654E-14,0.));
#1729=DIRECTION('ref_axis',(2.05391259555654E-14,-1.,0.));
#1730=DIRECTION('',(0.,0.,-1.));
#1731=DIRECTION('',(2.05391259555654E-14,-1.,0.));
#1732=DIRECTION('center_axis',(0.,-1.,0.));
#1733=DIRECTION('ref_axis',(-1.,0.,0.));
#1734=DIRECTION('',(0.,0.,-1.));
#1735=DIRECTION('',(-1.,0.,0.));
#1736=DIRECTION('center_axis',(0.,0.,1.));
#1737=DIRECTION('ref_axis',(1.,0.,0.));
#1738=DIRECTION('',(-1.,0.,0.));
#1739=DIRECTION('',(0.,-1.,0.));
#1740=DIRECTION('',(1.,8.07434927000114E-16,0.));
#1741=DIRECTION('',(0.,1.,0.));
#1742=DIRECTION('center_axis',(0.577350269189626,-0.577350269189626,-0.577350269189626));
#1743=DIRECTION('ref_axis',(-0.707106781186548,0.,-0.707106781186547));
#1744=DIRECTION('',(0.707106781186547,0.707106781186547,0.));
#1745=DIRECTION('',(0.,-0.707106781186548,0.707106781186547));
#1746=DIRECTION('',(-0.707106781186548,0.,-0.707106781186547));
#1747=DIRECTION('center_axis',(0.577350269189626,0.577350269189626,-0.577350269189626));
#1748=DIRECTION('ref_axis',(-0.707106781186548,0.,-0.707106781186547));
#1749=DIRECTION('',(-0.707106781186547,0.707106781186547,0.));
#1750=DIRECTION('',(0.707106781186548,0.,0.707106781186547));
#1751=DIRECTION('',(0.,-0.707106781186548,-0.707106781186547));
#1752=DIRECTION('center_axis',(0.707106781186547,0.,-0.707106781186548));
#1753=DIRECTION('ref_axis',(-0.707106781186548,0.,-0.707106781186547));
#1754=DIRECTION('',(0.,-1.,0.));
#1755=DIRECTION('',(0.,1.,0.));
#1756=DIRECTION('center_axis',(-0.577350269189627,-0.577350269189624,-0.577350269189627));
#1757=DIRECTION('ref_axis',(-0.707106781186548,0.,0.707106781186547));
#1758=DIRECTION('',(0.707106781186546,-0.707106781186549,0.));
#1759=DIRECTION('',(-0.707106781186548,0.,0.707106781186547));
#1760=DIRECTION('',(3.14018491736755E-15,0.707106781186548,-0.707106781186547));
#1761=DIRECTION('center_axis',(0.577350269189626,-0.577350269189626,0.577350269189626));
#1762=DIRECTION('ref_axis',(0.707106781186547,0.,-0.707106781186547));
#1763=DIRECTION('',(0.,0.707106781186547,0.707106781186547));
#1764=DIRECTION('',(-0.707106781186547,-0.707106781186547,0.));
#1765=DIRECTION('',(0.707106781186547,0.,-0.707106781186547));
#1766=DIRECTION('center_axis',(0.707106781186548,-0.707106781186548,0.));
#1767=DIRECTION('ref_axis',(0.,0.,-1.));
#1768=DIRECTION('',(0.,0.,-1.));
#1769=DIRECTION('',(0.,0.,1.));
#1770=DIRECTION('center_axis',(-0.577350269189626,0.577350269189626,-0.577350269189626));
#1771=DIRECTION('ref_axis',(-0.707106781186548,0.,0.707106781186547));
#1772=DIRECTION('',(0.,0.707106781186548,0.707106781186547));
#1773=DIRECTION('',(0.707106781186548,0.,-0.707106781186547));
#1774=DIRECTION('',(-0.707106781186547,-0.707106781186547,0.));
#1775=DIRECTION('center_axis',(-0.707106781186547,0.,-0.707106781186548));
#1776=DIRECTION('ref_axis',(-0.707106781186548,0.,0.707106781186547));
#1777=DIRECTION('',(0.,1.,0.));
#1778=DIRECTION('',(0.,-1.,0.));
#1779=DIRECTION('center_axis',(0.577350269189626,0.577350269189626,0.577350269189626));
#1780=DIRECTION('ref_axis',(0.707106781186547,0.,-0.707106781186547));
#1781=DIRECTION('',(-0.707106781186547,0.,0.707106781186547));
#1782=DIRECTION('',(0.707106781186547,-0.707106781186547,0.));
#1783=DIRECTION('',(0.,0.707106781186547,-0.707106781186547));
#1784=DIRECTION('center_axis',(0.707106781186548,0.707106781186548,0.));
#1785=DIRECTION('ref_axis',(0.,0.,-1.));
#1786=DIRECTION('',(0.,0.,-1.));
#1787=DIRECTION('',(0.,0.,1.));
#1788=DIRECTION('center_axis',(-0.577350269189627,-0.577350269189624,0.577350269189627));
#1789=DIRECTION('ref_axis',(0.707106781186547,0.,0.707106781186547));
#1790=DIRECTION('',(0.707106781186547,0.,0.707106781186547));
#1791=DIRECTION('',(-0.707106781186546,0.707106781186549,0.));
#1792=DIRECTION('',(-3.14018491736755E-15,-0.707106781186547,-0.707106781186547));
#1793=DIRECTION('center_axis',(-0.707106781186549,-0.707106781186546,0.));
#1794=DIRECTION('ref_axis',(0.,0.,1.));
#1795=DIRECTION('',(0.,0.,-1.));
#1796=DIRECTION('',(0.,0.,1.));
#1797=DIRECTION('center_axis',(0.,-0.707106781186548,0.707106781186548));
#1798=DIRECTION('ref_axis',(1.,0.,0.));
#1799=DIRECTION('',(1.,0.,0.));
#1800=DIRECTION('center_axis',(-0.577350269189626,0.577350269189626,0.577350269189625));
#1801=DIRECTION('ref_axis',(0.707106781186547,0.,0.707106781186548));
#1802=DIRECTION('',(0.,-0.707106781186547,0.707106781186547));
#1803=DIRECTION('',(0.707106781186547,0.707106781186547,0.));
#1804=DIRECTION('',(-0.707106781186547,-1.57009245868377E-15,-0.707106781186547));
#1805=DIRECTION('center_axis',(-0.707106781186548,0.707106781186548,0.));
#1806=DIRECTION('ref_axis',(0.,0.,1.));
#1807=DIRECTION('',(0.,0.,-1.));
#1808=DIRECTION('',(0.,0.,1.));
#1809=DIRECTION('center_axis',(-0.707106781186548,0.,0.707106781186548));
#1810=DIRECTION('ref_axis',(0.707106781186548,0.,0.707106781186548));
#1811=DIRECTION('',(0.,-1.,0.));
#1812=DIRECTION('center_axis',(-5.70942712248646E-16,0.707106781186548,
0.707106781186548));
#1813=DIRECTION('ref_axis',(1.,0.,8.07434927000114E-16));
#1814=DIRECTION('',(-1.,-8.07434927000114E-16,0.));
#1815=DIRECTION('center_axis',(0.707106781186548,0.,0.707106781186548));
#1816=DIRECTION('ref_axis',(0.707106781186548,0.,-0.707106781186548));
#1817=DIRECTION('',(0.,1.,0.));
#1818=DIRECTION('center_axis',(-5.70942712248645E-16,0.707106781186547,
-0.707106781186548));
#1819=DIRECTION('ref_axis',(-1.,0.,8.07434927000113E-16));
#1820=DIRECTION('',(1.,8.07434927000114E-16,0.));
#1821=DIRECTION('',(-1.,-8.07434927000114E-16,0.));
#1822=DIRECTION('center_axis',(0.,-0.707106781186547,-0.707106781186548));
#1823=DIRECTION('ref_axis',(-1.,0.,0.));
#1824=DIRECTION('',(-1.,0.,0.));
#1825=DIRECTION('',(1.,0.,0.));
#1826=DIRECTION('center_axis',(1.,0.,0.));
#1827=DIRECTION('ref_axis',(0.,1.,0.));
#1828=DIRECTION('center_axis',(0.,0.,1.));
#1829=DIRECTION('ref_axis',(1.,0.,0.));
#1830=DIRECTION('',(0.,-1.,0.));
#1831=DIRECTION('',(1.,0.,0.));
#1832=DIRECTION('',(1.11022302462516E-15,1.,0.));
#1833=DIRECTION('',(-1.,0.,0.));
#1834=DIRECTION('',(-1.,0.,0.));
#1835=DIRECTION('',(0.,-1.,0.));
#1836=DIRECTION('',(1.,0.,0.));
#1837=DIRECTION('',(1.29526019539602E-15,1.,0.));
#1838=DIRECTION('',(2.40548322002117E-15,-1.,0.));
#1839=DIRECTION('',(1.,0.,0.));
#1840=DIRECTION('',(0.,1.,0.));
#1841=DIRECTION('',(-1.,0.,0.));
#1842=DIRECTION('',(0.,-1.,0.));
#1843=DIRECTION('',(1.,0.,0.));
#1844=DIRECTION('',(1.29526019539602E-15,1.,0.));
#1845=DIRECTION('',(-1.,0.,0.));
#1846=DIRECTION('center_axis',(-1.,0.,0.));
#1847=DIRECTION('ref_axis',(0.,-1.,0.));
#1848=DIRECTION('center_axis',(0.,-1.,0.));
#1849=DIRECTION('ref_axis',(1.,0.,0.));
#1850=DIRECTION('center_axis',(-8.07434927000114E-16,1.,0.));
#1851=DIRECTION('ref_axis',(-1.,-8.07434927000114E-16,0.));
#1852=DIRECTION('center_axis',(0.,0.,-1.));
#1853=DIRECTION('ref_axis',(-1.,0.,0.));
#1854=DIRECTION('',(2.4980018054066E-14,1.,0.));
#1855=DIRECTION('',(-5.48014257307389E-15,-1.,0.));
#1856=DIRECTION('center_axis',(1.,-2.4980018054066E-14,0.));
#1857=DIRECTION('ref_axis',(-2.4980018054066E-14,-1.,0.));
#1858=DIRECTION('',(0.,0.,-1.));
#1859=DIRECTION('',(-2.4980018054066E-14,-1.,0.));
#1860=DIRECTION('',(0.,0.,-1.));
#1861=DIRECTION('center_axis',(0.,0.,-1.));
#1862=DIRECTION('ref_axis',(-1.,0.,0.));
#1863=DIRECTION('',(2.05391259555654E-14,-1.,0.));
#1864=DIRECTION('',(7.46877307475102E-15,1.,0.));
#1865=DIRECTION('center_axis',(-1.,-2.05391259555654E-14,0.));
#1866=DIRECTION('ref_axis',(-2.05391259555654E-14,1.,0.));
#1867=DIRECTION('',(0.,0.,-1.));
#1868=DIRECTION('',(-2.05391259555654E-14,1.,0.));
#1869=DIRECTION('',(0.,0.,-1.));
#1870=DIRECTION('center_axis',(0.,0.,-1.));
#1871=DIRECTION('ref_axis',(-1.,0.,0.));
#1872=DIRECTION('',(0.,-1.,0.));
#1873=DIRECTION('',(1.,0.,0.));
#1874=DIRECTION('',(0.,1.,0.));
#1875=DIRECTION('',(-1.,0.,0.));
#1876=DIRECTION('center_axis',(0.,1.,0.));
#1877=DIRECTION('ref_axis',(1.,0.,0.));
#1878=DIRECTION('',(0.,0.,-1.));
#1879=DIRECTION('',(1.,0.,0.));
#1880=DIRECTION('center_axis',(0.,-1.,0.));
#1881=DIRECTION('ref_axis',(-1.,0.,0.));
#1882=DIRECTION('',(0.,0.,-1.));
#1883=DIRECTION('',(-1.,0.,0.));
#1884=DIRECTION('',(0.,0.,-1.));
#1885=DIRECTION('center_axis',(-1.,0.,0.));
#1886=DIRECTION('ref_axis',(0.,1.,0.));
#1887=DIRECTION('',(0.,0.,-1.));
#1888=DIRECTION('',(0.,1.,0.));
#1889=DIRECTION('center_axis',(-1.,5.48014257307389E-15,0.));
#1890=DIRECTION('ref_axis',(5.48014257307389E-15,1.,0.));
#1891=DIRECTION('',(0.,0.,-1.));
#1892=DIRECTION('',(5.48014257307389E-15,1.,0.));
#1893=DIRECTION('',(0.,0.,-1.));
#1894=DIRECTION('center_axis',(0.,1.,0.));
#1895=DIRECTION('ref_axis',(1.,0.,0.));
#1896=DIRECTION('',(1.,0.,0.));
#1897=DIRECTION('center_axis',(0.,-1.,0.));
#1898=DIRECTION('ref_axis',(-1.,0.,0.));
#1899=DIRECTION('',(-1.,0.,0.));
#1900=DIRECTION('center_axis',(0.,1.,0.));
#1901=DIRECTION('ref_axis',(1.,0.,0.));
#1902=DIRECTION('',(0.,0.,-1.));
#1903=DIRECTION('',(1.,0.,0.));
#1904=DIRECTION('center_axis',(1.,0.,0.));
#1905=DIRECTION('ref_axis',(0.,-1.,0.));
#1906=DIRECTION('',(0.,-1.,0.));
#1907=DIRECTION('center_axis',(1.,-7.46877307475102E-15,0.));
#1908=DIRECTION('ref_axis',(-7.46877307475102E-15,-1.,0.));
#1909=DIRECTION('',(0.,0.,-1.));
#1910=DIRECTION('',(-7.46877307475102E-15,-1.,0.));
#1911=DIRECTION('center_axis',(0.,-1.,0.));
#1912=DIRECTION('ref_axis',(-1.,0.,0.));
#1913=DIRECTION('',(-1.,0.,0.));
#1914=DIRECTION('center_axis',(-1.,-7.49400541621981E-15,0.));
#1915=DIRECTION('ref_axis',(-7.49400541621981E-15,1.,0.));
#1916=DIRECTION('',(0.,0.,-1.));
#1917=DIRECTION('',(-7.49400541621981E-15,1.,0.));
#1918=DIRECTION('center_axis',(0.,-1.,0.));
#1919=DIRECTION('ref_axis',(-1.,0.,0.));
#1920=DIRECTION('',(0.,0.,-1.));
#1921=DIRECTION('',(-1.,0.,0.));
#1922=DIRECTION('center_axis',(1.,1.02926626592071E-14,0.));
#1923=DIRECTION('ref_axis',(1.02926626592071E-14,-1.,0.));
#1924=DIRECTION('',(0.,0.,-1.));
#1925=DIRECTION('',(1.02926626592071E-14,-1.,0.));
#1926=DIRECTION('center_axis',(0.,1.,0.));
#1927=DIRECTION('ref_axis',(1.,0.,0.));
#1928=DIRECTION('',(0.,0.,-1.));
#1929=DIRECTION('',(1.,0.,0.));
#1930=DIRECTION('center_axis',(-1.,2.4980018054066E-14,0.));
#1931=DIRECTION('ref_axis',(2.4980018054066E-14,1.,0.));
#1932=DIRECTION('',(0.,0.,-1.));
#1933=DIRECTION('',(2.4980018054066E-14,1.,0.));
#1934=DIRECTION('center_axis',(0.,1.,0.));
#1935=DIRECTION('ref_axis',(1.,0.,0.));
#1936=DIRECTION('',(1.,0.,0.));
#1937=DIRECTION('center_axis',(0.,0.,-1.));
#1938=DIRECTION('ref_axis',(-1.,0.,0.));
#1939=DIRECTION('center_axis',(1.,0.,0.));
#1940=DIRECTION('ref_axis',(0.,-1.,0.));
#1941=DIRECTION('',(0.,0.,-1.));
#1942=DIRECTION('',(0.,-1.,0.));
#1943=DIRECTION('',(0.,0.,-1.));
#1944=DIRECTION('center_axis',(0.,1.,0.));
#1945=DIRECTION('ref_axis',(1.,0.,0.));
#1946=DIRECTION('',(1.,0.,0.));
#1947=DIRECTION('',(0.,0.,-1.));
#1948=DIRECTION('center_axis',(-1.,1.11022302462516E-15,0.));
#1949=DIRECTION('ref_axis',(1.11022302462516E-15,1.,0.));
#1950=DIRECTION('',(1.11022302462516E-15,1.,0.));
#1951=DIRECTION('',(0.,0.,-1.));
#1952=DIRECTION('center_axis',(0.,-1.,0.));
#1953=DIRECTION('ref_axis',(-1.,0.,0.));
#1954=DIRECTION('',(-1.,0.,0.));
#1955=DIRECTION('center_axis',(0.,0.,-1.));
#1956=DIRECTION('ref_axis',(-1.,0.,0.));
#1957=DIRECTION('center_axis',(0.,1.,0.));
#1958=DIRECTION('ref_axis',(1.,0.,0.));
#1959=DIRECTION('',(0.,0.,-1.));
#1960=DIRECTION('',(1.,0.,0.));
#1961=DIRECTION('',(0.,0.,-1.));
#1962=DIRECTION('center_axis',(-1.,0.,0.));
#1963=DIRECTION('ref_axis',(0.,1.,0.));
#1964=DIRECTION('',(0.,1.,0.));
#1965=DIRECTION('',(0.,0.,-1.));
#1966=DIRECTION('center_axis',(0.,-1.,0.));
#1967=DIRECTION('ref_axis',(-1.,0.,0.));
#1968=DIRECTION('',(-1.,0.,0.));
#1969=DIRECTION('',(0.,0.,-1.));
#1970=DIRECTION('center_axis',(1.,-1.29526019539602E-15,0.));
#1971=DIRECTION('ref_axis',(-1.29526019539602E-15,-1.,0.));
#1972=DIRECTION('',(-1.29526019539602E-15,-1.,0.));
#1973=DIRECTION('center_axis',(0.,0.,-1.));
#1974=DIRECTION('ref_axis',(-1.,0.,0.));
#1975=DIRECTION('center_axis',(1.,2.40548322002117E-15,0.));
#1976=DIRECTION('ref_axis',(2.40548322002117E-15,-1.,0.));
#1977=DIRECTION('',(0.,0.,-1.));
#1978=DIRECTION('',(2.40548322002117E-15,-1.,0.));
#1979=DIRECTION('',(0.,0.,-1.));
#1980=DIRECTION('center_axis',(0.,1.,0.));
#1981=DIRECTION('ref_axis',(1.,0.,0.));
#1982=DIRECTION('',(1.,0.,0.));
#1983=DIRECTION('',(0.,0.,-1.));
#1984=DIRECTION('center_axis',(-1.,0.,0.));
#1985=DIRECTION('ref_axis',(0.,1.,0.));
#1986=DIRECTION('',(0.,1.,0.));
#1987=DIRECTION('',(0.,0.,-1.));
#1988=DIRECTION('center_axis',(0.,-1.,0.));
#1989=DIRECTION('ref_axis',(-1.,0.,0.));
#1990=DIRECTION('',(-1.,0.,0.));
#1991=DIRECTION('center_axis',(0.,0.,-1.));
#1992=DIRECTION('ref_axis',(-1.,0.,0.));
#1993=DIRECTION('center_axis',(1.,0.,0.));
#1994=DIRECTION('ref_axis',(0.,-1.,0.));
#1995=DIRECTION('',(0.,0.,-1.));
#1996=DIRECTION('',(0.,-1.,0.));
#1997=DIRECTION('',(0.,0.,-1.));
#1998=DIRECTION('center_axis',(0.,1.,0.));
#1999=DIRECTION('ref_axis',(1.,0.,0.));
#2000=DIRECTION('',(1.,0.,0.));
#2001=DIRECTION('',(0.,0.,-1.));
#2002=DIRECTION('center_axis',(-1.,1.29526019539602E-15,0.));
#2003=DIRECTION('ref_axis',(1.29526019539602E-15,1.,0.));
#2004=DIRECTION('',(1.29526019539602E-15,1.,0.));
#2005=DIRECTION('',(0.,0.,-1.));
#2006=DIRECTION('center_axis',(0.,-1.,0.));
#2007=DIRECTION('ref_axis',(-1.,0.,0.));
#2008=DIRECTION('',(-1.,0.,0.));
#2009=DIRECTION('center_axis',(0.,0.,-1.));
#2010=DIRECTION('ref_axis',(-1.,0.,0.));
#2011=CARTESIAN_POINT('',(0.,0.,0.));
#2012=CARTESIAN_POINT('Origin',(-1.15000000000001,5.25000000000004,17.75));
#2013=CARTESIAN_POINT('',(1.80000000000003,5.50000000000004,18.));
#2014=CARTESIAN_POINT('',(-1.79999999999996,5.50000000000004,18.));
#2015=CARTESIAN_POINT('',(-1.15000000000001,5.50000000000004,18.));
#2016=CARTESIAN_POINT('',(-2.29999999999997,5.00000000000004,17.5));
#2017=CARTESIAN_POINT('',(-1.79999999999996,5.50000000000004,18.));
#2018=CARTESIAN_POINT('',(2.30000000000002,5.00000000000004,17.5));
#2019=CARTESIAN_POINT('',(-1.15000000000001,5.00000000000004,17.5));
#2020=CARTESIAN_POINT('',(1.80000000000003,5.50000000000004,18.));
#2021=CARTESIAN_POINT('Origin',(-2.04999999999998,3.00000000000001,17.75));
#2022=CARTESIAN_POINT('',(-1.79999999999996,6.50000000000004,18.));
#2023=CARTESIAN_POINT('',(-1.79999999999998,3.00000000000001,18.));
#2024=CARTESIAN_POINT('',(-2.29999999999996,6.00000000000004,17.5));
#2025=CARTESIAN_POINT('',(-1.79999999999996,6.50000000000004,18.));
#2026=CARTESIAN_POINT('',(-2.29999999999998,3.00000000000001,17.5));
#2027=CARTESIAN_POINT('Origin',(-3.95,6.25000000000004,17.75));
#2028=CARTESIAN_POINT('',(-8.39999999999996,6.50000000000004,18.));
#2029=CARTESIAN_POINT('',(-3.95,6.50000000000004,18.));
#2030=CARTESIAN_POINT('',(-7.89999999999996,6.00000000000004,17.5));
#2031=CARTESIAN_POINT('',(-8.39999999999996,6.50000000000004,18.));
#2032=CARTESIAN_POINT('',(-3.95,6.00000000000004,17.5));
#2033=CARTESIAN_POINT('Origin',(-8.15000000000003,-2.99999999999996,17.75));
#2034=CARTESIAN_POINT('',(-8.40000000000005,-6.49999999999996,18.));
#2035=CARTESIAN_POINT('',(-8.40000000000003,-2.99999999999996,18.));
#2036=CARTESIAN_POINT('',(-7.89999999999996,-5.99999999999996,17.5));
#2037=CARTESIAN_POINT('',(-8.40000000000005,-6.49999999999996,18.));
#2038=CARTESIAN_POINT('',(-7.90000000000003,-2.99999999999997,17.5));
#2039=CARTESIAN_POINT('Origin',(-1.15,-6.24999999999996,17.75));
#2040=CARTESIAN_POINT('',(-1.79999999999995,-6.49999999999996,18.));
#2041=CARTESIAN_POINT('',(-1.15,-6.49999999999996,18.));
#2042=CARTESIAN_POINT('',(-2.29999999999996,-5.99999999999996,17.5));
#2043=CARTESIAN_POINT('',(-1.79999999999995,-6.49999999999996,18.));
#2044=CARTESIAN_POINT('',(-1.15,-5.99999999999996,17.5));
#2045=CARTESIAN_POINT('Origin',(1.14999999999999,-5.24999999999996,17.75));
#2046=CARTESIAN_POINT('',(-1.79999999999997,-5.49999999999996,18.));
#2047=CARTESIAN_POINT('',(1.80000000000004,-5.49999999999996,18.));
#2048=CARTESIAN_POINT('',(1.14999999999999,-5.49999999999996,18.));
#2049=CARTESIAN_POINT('',(2.30000000000003,-4.99999999999996,17.5));
#2050=CARTESIAN_POINT('',(1.80000000000004,-5.49999999999996,18.));
#2051=CARTESIAN_POINT('',(-2.29999999999998,-4.99999999999996,17.5));
#2052=CARTESIAN_POINT('',(1.14999999999999,-4.99999999999996,17.5));
#2053=CARTESIAN_POINT('',(-2.29999999999998,-4.99999999999996,17.5));
#2054=CARTESIAN_POINT('Origin',(2.05000000000002,-2.99999999999999,17.75));
#2055=CARTESIAN_POINT('',(2.30000000000004,-5.99999999999996,17.5));
#2056=CARTESIAN_POINT('',(2.30000000000002,-2.99999999999999,17.5));
#2057=CARTESIAN_POINT('',(1.80000000000005,-6.49999999999996,18.));
#2058=CARTESIAN_POINT('',(1.80000000000002,-2.99999999999999,18.));
#2059=CARTESIAN_POINT('',(1.80000000000005,-6.49999999999996,18.));
#2060=CARTESIAN_POINT('Origin',(-2.05000000000003,-2.50000000000001,17.75));
#2061=CARTESIAN_POINT('',(-1.80000000000003,-2.50000000000001,18.));
#2062=CARTESIAN_POINT('',(-2.30000000000003,-2.50000000000002,17.5));
#2063=CARTESIAN_POINT('Origin',(3.95,-6.24999999999996,17.75));
#2064=CARTESIAN_POINT('',(7.90000000000004,-5.99999999999996,17.5));
#2065=CARTESIAN_POINT('',(3.95,-5.99999999999996,17.5));
#2066=CARTESIAN_POINT('',(8.40000000000005,-6.49999999999996,18.));
#2067=CARTESIAN_POINT('',(3.95,-6.49999999999996,18.));
#2068=CARTESIAN_POINT('',(8.40000000000005,-6.49999999999996,18.));
#2069=CARTESIAN_POINT('Origin',(8.14999999999995,3.00000000000005,17.75));
#2070=CARTESIAN_POINT('',(7.90000000000004,6.00000000000004,17.5));
#2071=CARTESIAN_POINT('',(7.89999999999995,3.00000000000005,17.5));
#2072=CARTESIAN_POINT('',(8.39999999999991,6.50000000000004,18.));
#2073=CARTESIAN_POINT('',(8.39999999999995,3.00000000000005,18.));
#2074=CARTESIAN_POINT('',(8.39999999999991,6.50000000000004,18.));
#2075=CARTESIAN_POINT('Origin',(1.15,6.25000000000004,17.75));
#2076=CARTESIAN_POINT('',(2.30000000000005,6.00000000000004,17.5));
#2077=CARTESIAN_POINT('',(1.15,6.00000000000004,17.5));
#2078=CARTESIAN_POINT('',(1.80000000000006,6.50000000000004,18.));
#2079=CARTESIAN_POINT('',(1.15,6.50000000000004,18.));
#2080=CARTESIAN_POINT('',(1.80000000000006,6.50000000000004,18.));
#2081=CARTESIAN_POINT('Origin',(2.04999999999996,2.49999999999998,17.75));
#2082=CARTESIAN_POINT('',(2.29999999999996,2.49999999999998,17.5));
#2083=CARTESIAN_POINT('',(1.79999999999996,2.49999999999999,18.));
#2084=CARTESIAN_POINT('Origin',(-2.29999999999996,6.00000000000004,18.));
#2085=CARTESIAN_POINT('',(-2.29999999999996,6.00000000000004,13.));
#2086=CARTESIAN_POINT('',(-2.29999999999996,6.00000000000004,18.));
#2087=CARTESIAN_POINT('',(-2.29999999999997,5.00000000000004,13.));
#2088=CARTESIAN_POINT('',(-2.29999999999996,6.00000000000004,13.));
#2089=CARTESIAN_POINT('',(-2.29999999999997,5.00000000000004,18.));
#2090=CARTESIAN_POINT('Origin',(-7.89999999999996,6.00000000000004,18.));
#2091=CARTESIAN_POINT('',(-7.89999999999996,6.00000000000004,13.));
#2092=CARTESIAN_POINT('',(-7.89999999999996,6.00000000000004,18.));
#2093=CARTESIAN_POINT('',(-7.89999999999996,6.00000000000004,13.));
#2094=CARTESIAN_POINT('Origin',(-7.90000000000005,-5.99999999999996,18.));
#2095=CARTESIAN_POINT('',(-7.89999999999996,-5.99999999999996,13.));
#2096=CARTESIAN_POINT('',(-7.89999999999996,-5.99999999999996,18.));
#2097=CARTESIAN_POINT('',(-7.90000000000001,1.04083408558608E-14,13.));
#2098=CARTESIAN_POINT('Origin',(-2.29999999999996,-5.99999999999996,18.));
#2099=CARTESIAN_POINT('',(-2.29999999999996,-5.99999999999996,13.));
#2100=CARTESIAN_POINT('',(-2.29999999999996,-5.99999999999996,18.));
#2101=CARTESIAN_POINT('',(-2.29999999999996,-5.99999999999996,13.));
#2102=CARTESIAN_POINT('Origin',(-2.29999999999998,-4.99999999999996,18.));
#2103=CARTESIAN_POINT('',(-2.29999999999998,-4.99999999999996,13.));
#2104=CARTESIAN_POINT('',(-2.29999999999998,-4.99999999999996,18.));
#2105=CARTESIAN_POINT('',(-2.29999999999996,-5.99999999999996,13.));
#2106=CARTESIAN_POINT('Origin',(2.30000000000003,-4.99999999999996,18.));
#2107=CARTESIAN_POINT('',(2.30000000000003,-4.99999999999996,13.));
#2108=CARTESIAN_POINT('',(2.30000000000003,-4.99999999999996,18.));
#2109=CARTESIAN_POINT('',(2.30000000000003,-4.99999999999996,13.));
#2110=CARTESIAN_POINT('Origin',(-4.66293670342566E-14,-3.10862446895044E-14,
18.));
#2111=CARTESIAN_POINT('',(10.5,-8.50000000000003,18.));
#2112=CARTESIAN_POINT('',(-10.5,-8.50000000000003,18.));
#2113=CARTESIAN_POINT('',(-5.50000000000005,-8.50000000000003,18.));
#2114=CARTESIAN_POINT('',(10.5,8.49999999999997,18.));
#2115=CARTESIAN_POINT('',(10.5,-4.50000000000003,18.));
#2116=CARTESIAN_POINT('',(-10.5,8.49999999999995,18.));
#2117=CARTESIAN_POINT('',(5.49999999999995,8.49999999999996,18.));
#2118=CARTESIAN_POINT('',(-10.5,4.49999999999996,18.));
#2119=CARTESIAN_POINT('Origin',(10.5,-8.50000000000003,0.));
#2120=CARTESIAN_POINT('',(10.5,-9.00000000000003,0.5));
#2121=CARTESIAN_POINT('',(11.,-8.50000000000003,0.5));
#2122=CARTESIAN_POINT('',(10.5,-9.00000000000003,0.5));
#2123=CARTESIAN_POINT('',(10.5,-8.50000000000003,0.));
#2124=CARTESIAN_POINT('',(10.5,-8.50000000000003,0.));
#2125=CARTESIAN_POINT('',(11.,-8.50000000000003,0.5));
#2126=CARTESIAN_POINT('Origin',(10.5,8.49999999999997,0.));
#2127=CARTESIAN_POINT('',(11.,8.49999999999997,0.5));
#2128=CARTESIAN_POINT('',(10.5,8.99999999999997,0.5));
#2129=CARTESIAN_POINT('',(11.,8.49999999999997,0.5));
#2130=CARTESIAN_POINT('',(10.5,8.49999999999997,0.));
#2131=CARTESIAN_POINT('',(10.5,8.49999999999997,0.));
#2132=CARTESIAN_POINT('',(10.5,8.99999999999997,0.5));
#2133=CARTESIAN_POINT('Origin',(10.75,-4.50000000000003,0.25));
#2134=CARTESIAN_POINT('',(11.,-4.50000000000003,0.5));
#2135=CARTESIAN_POINT('',(10.5,-4.50000000000003,0.));
#2136=CARTESIAN_POINT('Origin',(-10.5,-8.50000000000003,0.));
#2137=CARTESIAN_POINT('',(-11.,-8.50000000000003,0.5));
#2138=CARTESIAN_POINT('',(-10.5,-9.00000000000003,0.5));
#2139=CARTESIAN_POINT('',(-11.,-8.50000000000003,0.5));
#2140=CARTESIAN_POINT('',(-10.5,-8.50000000000003,0.));
#2141=CARTESIAN_POINT('',(-10.5,-8.50000000000003,0.));
#2142=CARTESIAN_POINT('',(-10.5,-9.00000000000003,0.5));
#2143=CARTESIAN_POINT('Origin',(11.,-8.50000000000003,17.5));
#2144=CARTESIAN_POINT('',(10.5,-9.00000000000003,17.5));
#2145=CARTESIAN_POINT('',(10.5,-9.00000000000003,17.5));
#2146=CARTESIAN_POINT('',(11.,-8.50000000000003,17.5));
#2147=CARTESIAN_POINT('',(11.,-8.50000000000003,17.5));
#2148=CARTESIAN_POINT('',(10.5,-8.50000000000003,18.));
#2149=CARTESIAN_POINT('Origin',(10.75,-8.75000000000003,0.));
#2150=CARTESIAN_POINT('',(10.5,-9.00000000000003,0.));
#2151=CARTESIAN_POINT('',(11.,-8.50000000000003,0.));
#2152=CARTESIAN_POINT('Origin',(-11.,8.49999999999995,0.5));
#2153=CARTESIAN_POINT('',(-10.5,8.49999999999995,0.));
#2154=CARTESIAN_POINT('',(-10.5,8.99999999999995,0.5));
#2155=CARTESIAN_POINT('',(-10.5,8.49999999999995,0.));
#2156=CARTESIAN_POINT('',(-11.,8.49999999999995,0.5));
#2157=CARTESIAN_POINT('',(-11.,8.49999999999995,0.5));
#2158=CARTESIAN_POINT('',(-10.5,8.99999999999995,0.5));
#2159=CARTESIAN_POINT('Origin',(-10.75,4.49999999999996,0.25));
#2160=CARTESIAN_POINT('',(-11.,4.49999999999996,0.5));
#2161=CARTESIAN_POINT('',(-10.5,4.49999999999996,0.));
#2162=CARTESIAN_POINT('Origin',(10.5,8.99999999999997,17.5));
#2163=CARTESIAN_POINT('',(11.,8.49999999999997,17.5));
#2164=CARTESIAN_POINT('',(11.,8.49999999999997,17.5));
#2165=CARTESIAN_POINT('',(10.5,8.99999999999997,17.5));
#2166=CARTESIAN_POINT('',(10.5,8.99999999999997,17.5));
#2167=CARTESIAN_POINT('',(10.5,8.49999999999997,18.));
#2168=CARTESIAN_POINT('Origin',(10.75,8.74999999999997,0.));
#2169=CARTESIAN_POINT('',(11.,8.49999999999997,0.));
#2170=CARTESIAN_POINT('',(10.5,8.99999999999997,0.));
#2171=CARTESIAN_POINT('Origin',(-10.5,-9.00000000000003,17.5));
#2172=CARTESIAN_POINT('',(-11.,-8.50000000000003,17.5));
#2173=CARTESIAN_POINT('',(-11.,-8.50000000000003,17.5));
#2174=CARTESIAN_POINT('',(-10.5,-9.00000000000003,17.5));
#2175=CARTESIAN_POINT('',(-10.5,-9.00000000000003,17.5));
#2176=CARTESIAN_POINT('',(-10.5,-8.50000000000003,18.));
#2177=CARTESIAN_POINT('Origin',(-10.75,-8.75000000000003,0.));
#2178=CARTESIAN_POINT('',(-11.,-8.50000000000003,0.));
#2179=CARTESIAN_POINT('',(-10.5,-9.00000000000003,0.));
#2180=CARTESIAN_POINT('Origin',(-5.50000000000005,-8.75000000000003,17.75));
#2181=CARTESIAN_POINT('',(-5.50000000000005,-9.00000000000003,17.5));
#2182=CARTESIAN_POINT('Origin',(-11.,8.49999999999995,17.5));
#2183=CARTESIAN_POINT('',(-10.5,8.99999999999995,17.5));
#2184=CARTESIAN_POINT('',(-10.5,8.99999999999995,17.5));
#2185=CARTESIAN_POINT('',(-11.,8.49999999999995,17.5));
#2186=CARTESIAN_POINT('',(-11.,8.49999999999995,17.5));
#2187=CARTESIAN_POINT('',(-10.5,8.49999999999995,18.));
#2188=CARTESIAN_POINT('Origin',(-10.75,8.74999999999995,0.));
#2189=CARTESIAN_POINT('',(-10.5,8.99999999999995,0.));
#2190=CARTESIAN_POINT('',(-11.,8.49999999999995,0.));
#2191=CARTESIAN_POINT('Origin',(-10.75,4.49999999999996,17.75));
#2192=CARTESIAN_POINT('',(-11.,4.49999999999996,17.5));
#2193=CARTESIAN_POINT('Origin',(5.49999999999995,8.74999999999996,17.75));
#2194=CARTESIAN_POINT('',(5.49999999999995,8.99999999999996,17.5));
#2195=CARTESIAN_POINT('Origin',(10.75,-4.50000000000003,17.75));
#2196=CARTESIAN_POINT('',(11.,-4.50000000000003,17.5));
#2197=CARTESIAN_POINT('Origin',(5.49999999999995,8.74999999999996,0.25));
#2198=CARTESIAN_POINT('',(5.49999999999995,8.99999999999996,0.5));
#2199=CARTESIAN_POINT('',(5.49999999999995,8.49999999999996,0.));
#2200=CARTESIAN_POINT('Origin',(-5.50000000000005,-8.75000000000003,0.25));
#2201=CARTESIAN_POINT('',(-5.50000000000005,-9.00000000000003,0.5));
#2202=CARTESIAN_POINT('',(-5.50000000000005,-8.50000000000003,0.));
#2203=CARTESIAN_POINT('Origin',(11.,-9.00000000000003,0.));
#2204=CARTESIAN_POINT('Origin',(-4.66293670342566E-14,-3.10862446895044E-14,
0.));
#2205=CARTESIAN_POINT('',(7.9,-3.3,0.));
#2206=CARTESIAN_POINT('',(7.9,-4.8,0.));
#2207=CARTESIAN_POINT('',(7.9,-3.3,0.));
#2208=CARTESIAN_POINT('',(2.3,-3.3,0.));
#2209=CARTESIAN_POINT('',(2.3,-3.3,0.));
#2210=CARTESIAN_POINT('',(2.3,-4.8,0.));
#2211=CARTESIAN_POINT('',(2.3,-4.8,0.));
#2212=CARTESIAN_POINT('',(7.9,-4.8,0.));
#2213=CARTESIAN_POINT('',(-2.3,-3.3,0.));
#2214=CARTESIAN_POINT('',(-7.9,-3.3,0.));
#2215=CARTESIAN_POINT('',(-2.3,-3.3,0.));
#2216=CARTESIAN_POINT('',(-7.9,-4.8,0.));
#2217=CARTESIAN_POINT('',(-7.9,-3.3,0.));
#2218=CARTESIAN_POINT('',(-2.3,-4.8,0.));
#2219=CARTESIAN_POINT('',(-7.9,-4.8,0.));
#2220=CARTESIAN_POINT('',(-2.3,-4.8,0.));
#2221=CARTESIAN_POINT('',(-2.3,4.8,0.));
#2222=CARTESIAN_POINT('',(-2.3,3.3,0.));
#2223=CARTESIAN_POINT('',(-2.3,4.8,0.));
#2224=CARTESIAN_POINT('',(-7.9,4.8,0.));
#2225=CARTESIAN_POINT('',(-7.9,4.8,0.));
#2226=CARTESIAN_POINT('',(-7.9,3.3,0.));
#2227=CARTESIAN_POINT('',(-7.9,3.3,0.));
#2228=CARTESIAN_POINT('',(-2.3,3.3,0.));
#2229=CARTESIAN_POINT('',(7.9,4.8,0.));
#2230=CARTESIAN_POINT('',(7.9,3.3,0.));
#2231=CARTESIAN_POINT('',(7.9,4.8,0.));
#2232=CARTESIAN_POINT('',(2.3,4.8,0.));
#2233=CARTESIAN_POINT('',(2.3,4.8,0.));
#2234=CARTESIAN_POINT('',(2.3,3.3,0.));
#2235=CARTESIAN_POINT('',(2.3,3.3,0.));
#2236=CARTESIAN_POINT('',(7.9,3.3,0.));
#2237=CARTESIAN_POINT('Origin',(-11.,8.99999999999995,0.));
#2238=CARTESIAN_POINT('Origin',(-11.,-9.00000000000003,0.));
#2239=CARTESIAN_POINT('Origin',(11.,8.99999999999997,0.));
#2240=CARTESIAN_POINT('Ctrl Pts',(2.79999999999993,5.50000000000004,13.4998969388277));
#2241=CARTESIAN_POINT('Ctrl Pts',(4.33334797657483,5.50000000000004,13.4998969388277));
#2242=CARTESIAN_POINT('Ctrl Pts',(5.86665202348955,5.50000000000004,13.4998969388277));
#2243=CARTESIAN_POINT('Ctrl Pts',(7.40000000000004,5.50000000000004,13.4998969388277));
#2244=CARTESIAN_POINT('Ctrl Pts',(2.79999999999993,5.50000000000004,14.0386588435896));
#2245=CARTESIAN_POINT('Ctrl Pts',(4.33334797657483,5.50000000000004,14.0386588435896));
#2246=CARTESIAN_POINT('Ctrl Pts',(5.86665202348955,5.50000000000004,14.0386588435896));
#2247=CARTESIAN_POINT('Ctrl Pts',(7.40000000000004,5.50000000000004,14.0386588435896));
#2248=CARTESIAN_POINT('Ctrl Pts',(2.79999999999993,5.44697065956424,14.897442790179));
#2249=CARTESIAN_POINT('Ctrl Pts',(4.33334797657483,5.44697065956424,14.897442790179));
#2250=CARTESIAN_POINT('Ctrl Pts',(5.86665202348955,5.44697065956424,14.897442790179));
#2251=CARTESIAN_POINT('Ctrl Pts',(7.40000000000004,5.44697065956424,14.897442790179));
#2252=CARTESIAN_POINT('Ctrl Pts',(2.79999999999993,5.17237230661763,16.0940118173471));
#2253=CARTESIAN_POINT('Ctrl Pts',(4.33334797657483,5.17237230661763,16.0940118173471));
#2254=CARTESIAN_POINT('Ctrl Pts',(5.86665202348955,5.17237230661763,16.0940118173471));
#2255=CARTESIAN_POINT('Ctrl Pts',(7.40000000000004,5.17237230661763,16.0940118173471));
#2256=CARTESIAN_POINT('Ctrl Pts',(2.79999999999993,4.52469043254125,16.9765401344664));
#2257=CARTESIAN_POINT('Ctrl Pts',(4.33334797657482,4.52469043254125,16.9765401344664));
#2258=CARTESIAN_POINT('Ctrl Pts',(5.86665202348955,4.52469043254125,16.9765401344664));
#2259=CARTESIAN_POINT('Ctrl Pts',(7.40000000000004,4.52469043254125,16.9765401344664));
#2260=CARTESIAN_POINT('Ctrl Pts',(2.79999999999993,3.31837060558904,17.4195290407766));
#2261=CARTESIAN_POINT('Ctrl Pts',(4.33334797657483,3.31837060558904,17.4195290407766));
#2262=CARTESIAN_POINT('Ctrl Pts',(5.86665202348955,3.31837060558904,17.4195290407766));
#2263=CARTESIAN_POINT('Ctrl Pts',(7.40000000000004,3.31837060558904,17.4195290407766));
#2264=CARTESIAN_POINT('Ctrl Pts',(2.79999999999993,2.03865884358965,17.5));
#2265=CARTESIAN_POINT('Ctrl Pts',(4.33334797657482,2.03865884358965,17.5));
#2266=CARTESIAN_POINT('Ctrl Pts',(5.86665202348955,2.03865884358965,17.5));
#2267=CARTESIAN_POINT('Ctrl Pts',(7.40000000000004,2.03865884358965,17.5));
#2268=CARTESIAN_POINT('Ctrl Pts',(2.79999999999993,1.49989693882774,17.5));
#2269=CARTESIAN_POINT('Ctrl Pts',(4.33334797657483,1.49989693882774,17.5));
#2270=CARTESIAN_POINT('Ctrl Pts',(5.86665202348955,1.49989693882774,17.5));
#2271=CARTESIAN_POINT('Ctrl Pts',(7.40000000000004,1.49989693882774,17.5));
#2272=CARTESIAN_POINT('',(7.40000000000002,1.49989693882774,17.5));
#2273=CARTESIAN_POINT('',(7.40000000000003,5.50000000000004,13.4998969388277));
#2274=CARTESIAN_POINT('Ctrl Pts',(7.40000000000001,1.49989693882774,17.5));
#2275=CARTESIAN_POINT('Ctrl Pts',(7.40000000000001,2.03865884358965,17.5));
#2276=CARTESIAN_POINT('Ctrl Pts',(7.40000000000001,2.46522943092278,17.4731763469255));
#2277=CARTESIAN_POINT('Ctrl Pts',(7.40000000000001,2.83003114427501,17.4257613177886));
#2278=CARTESIAN_POINT('Ctrl Pts',(7.40000000000001,3.55963457097948,17.3309312595146));
#2279=CARTESIAN_POINT('Ctrl Pts',(7.40000000000002,4.04216250176037,17.1537356969905));
#2280=CARTESIAN_POINT('Ctrl Pts',(7.40000000000002,4.41296284196608,16.8886322523046));
#2281=CARTESIAN_POINT('Ctrl Pts',(7.40000000000002,4.7837631821718,16.6235288076187));
#2282=CARTESIAN_POINT('Ctrl Pts',(7.40000000000001,5.04283593180235,16.270517480771));
#2283=CARTESIAN_POINT('Ctrl Pts',(7.40000000000001,5.22072629932807,15.753990696099));
#2284=CARTESIAN_POINT('Ctrl Pts',(7.40000000000001,5.30967148309093,15.4957273037631));
#2285=CARTESIAN_POINT('Ctrl Pts',(7.40000000000001,5.37832107132758,15.196585046971));
#2286=CARTESIAN_POINT('Ctrl Pts',(7.40000000000001,5.42590320055486,14.8323179319277));
#2287=CARTESIAN_POINT('Ctrl Pts',(7.40000000000002,5.47348532978214,14.4680508168843));
#2288=CARTESIAN_POINT('Ctrl Pts',(7.40000000000002,5.50000000000004,14.0386588435896));
#2289=CARTESIAN_POINT('Ctrl Pts',(7.40000000000002,5.50000000000004,13.4998969388277));
#2290=CARTESIAN_POINT('',(2.79999999999998,5.50000000000004,13.4998969388277));
#2291=CARTESIAN_POINT('Ctrl Pts',(7.40000000000004,5.50000000000004,13.4998969388277));
#2292=CARTESIAN_POINT('Ctrl Pts',(5.86665202348955,5.50000000000004,13.4998969388277));
#2293=CARTESIAN_POINT('Ctrl Pts',(4.33334797657483,5.50000000000004,13.4998969388277));
#2294=CARTESIAN_POINT('Ctrl Pts',(2.79999999999993,5.50000000000004,13.4998969388277));
#2295=CARTESIAN_POINT('',(2.79999999999993,1.49989693882774,17.5));
#2296=CARTESIAN_POINT('Ctrl Pts',(2.80000000000003,5.50000000000004,13.4998969388277));
#2297=CARTESIAN_POINT('Ctrl Pts',(2.80000000000003,5.50000000000004,14.0386588435896));
#2298=CARTESIAN_POINT('Ctrl Pts',(2.80000000000003,5.47348532978214,14.4680508168843));
#2299=CARTESIAN_POINT('Ctrl Pts',(2.80000000000003,5.42590320055486,14.8323179319277));
#2300=CARTESIAN_POINT('Ctrl Pts',(2.80000000000003,5.37832107132758,15.196585046971));
#2301=CARTESIAN_POINT('Ctrl Pts',(2.80000000000003,5.30967148309093,15.4957273037631));
#2302=CARTESIAN_POINT('Ctrl Pts',(2.80000000000003,5.22072629932807,15.753990696099));
#2303=CARTESIAN_POINT('Ctrl Pts',(2.80000000000003,5.04283593180235,16.270517480771));
#2304=CARTESIAN_POINT('Ctrl Pts',(2.80000000000003,4.7837631821718,16.6235288076187));
#2305=CARTESIAN_POINT('Ctrl Pts',(2.80000000000003,4.41296284196609,16.8886322523046));
#2306=CARTESIAN_POINT('Ctrl Pts',(2.80000000000003,4.04216250176037,17.1537356969905));
#2307=CARTESIAN_POINT('Ctrl Pts',(2.80000000000004,3.55963457097948,17.3309312595146));
#2308=CARTESIAN_POINT('Ctrl Pts',(2.80000000000003,2.83003114427501,17.4257613177886));
#2309=CARTESIAN_POINT('Ctrl Pts',(2.80000000000003,2.46522943092278,17.4731763469255));
#2310=CARTESIAN_POINT('Ctrl Pts',(2.80000000000003,2.03865884358965,17.5));
#2311=CARTESIAN_POINT('Ctrl Pts',(2.80000000000003,1.49989693882774,17.5));
#2312=CARTESIAN_POINT('Ctrl Pts',(2.79999999999993,1.49989693882774,17.5));
#2313=CARTESIAN_POINT('Ctrl Pts',(4.33334797657483,1.49989693882774,17.5));
#2314=CARTESIAN_POINT('Ctrl Pts',(5.86665202348955,1.49989693882774,17.5));
#2315=CARTESIAN_POINT('Ctrl Pts',(7.40000000000004,1.49989693882774,17.5));
#2316=CARTESIAN_POINT('Origin',(-4.66293670342566E-14,-3.10862446895044E-14,
17.5));
#2317=CARTESIAN_POINT('',(2.79999999999986,-1.49989693882766,17.5));
#2318=CARTESIAN_POINT('',(2.79999999999996,2.74999999999997,17.5));
#2319=CARTESIAN_POINT('',(7.4,-1.49989693882766,17.5));
#2320=CARTESIAN_POINT('Ctrl Pts',(7.4,-1.49989693882766,17.5));
#2321=CARTESIAN_POINT('Ctrl Pts',(5.86665202347716,-1.49989693882766,17.5));
#2322=CARTESIAN_POINT('Ctrl Pts',(4.33334797651011,-1.49989693882766,17.5));
#2323=CARTESIAN_POINT('Ctrl Pts',(2.79999999999976,-1.49989693882766,17.5));
#2324=CARTESIAN_POINT('',(7.39999999999999,-2.75000000000002,17.5));
#2325=CARTESIAN_POINT('Origin',(2.80000000000003,5.50000000000004,18.));
#2326=CARTESIAN_POINT('',(2.80000000000003,5.50000000000004,13.));
#2327=CARTESIAN_POINT('',(2.80000000000003,5.50000000000004,18.));
#2328=CARTESIAN_POINT('',(2.80000000000004,-5.49999999999996,13.));
#2329=CARTESIAN_POINT('',(2.80000000000001,4.50000000000004,13.));
#2330=CARTESIAN_POINT('',(2.79999999999995,-5.49999999999996,13.4998969388277));
#2331=CARTESIAN_POINT('',(2.80000000000004,-5.49999999999996,18.));
#2332=CARTESIAN_POINT('Ctrl Pts',(2.79999999999986,-1.49989693882766,17.5));
#2333=CARTESIAN_POINT('Ctrl Pts',(2.79999999999986,-2.03865884358957,17.5));
#2334=CARTESIAN_POINT('Ctrl Pts',(2.79999999999986,-2.4652294309227,17.4731763469255));
#2335=CARTESIAN_POINT('Ctrl Pts',(2.79999999999986,-2.83003114427493,17.4257613177886));
#2336=CARTESIAN_POINT('Ctrl Pts',(2.79999999999986,-3.5596345709794,17.3309312595146));
#2337=CARTESIAN_POINT('Ctrl Pts',(2.79999999999986,-4.04216250176029,17.1537356969905));
#2338=CARTESIAN_POINT('Ctrl Pts',(2.79999999999986,-4.412962841966,16.8886322523046));
#2339=CARTESIAN_POINT('Ctrl Pts',(2.79999999999986,-4.78376318217172,16.6235288076187));
#2340=CARTESIAN_POINT('Ctrl Pts',(2.79999999999986,-5.04283593180227,16.270517480771));
#2341=CARTESIAN_POINT('Ctrl Pts',(2.79999999999986,-5.22072629932799,15.753990696099));
#2342=CARTESIAN_POINT('Ctrl Pts',(2.79999999999986,-5.30967148309085,15.4957273037631));
#2343=CARTESIAN_POINT('Ctrl Pts',(2.79999999999986,-5.37832107132751,15.196585046971));
#2344=CARTESIAN_POINT('Ctrl Pts',(2.79999999999986,-5.42590320055478,14.8323179319277));
#2345=CARTESIAN_POINT('Ctrl Pts',(2.79999999999986,-5.47348532978206,14.4680508168843));
#2346=CARTESIAN_POINT('Ctrl Pts',(2.79999999999986,-5.49999999999996,14.0386588435896));
#2347=CARTESIAN_POINT('Ctrl Pts',(2.79999999999986,-5.49999999999996,13.4998969388277));
#2348=CARTESIAN_POINT('Ctrl Pts',(7.4,-5.49999999999996,13.4998969388277));
#2349=CARTESIAN_POINT('Ctrl Pts',(5.86665202347716,-5.49999999999996,13.4998969388277));
#2350=CARTESIAN_POINT('Ctrl Pts',(4.33334797651011,-5.49999999999996,13.4998969388277));
#2351=CARTESIAN_POINT('Ctrl Pts',(2.79999999999976,-5.49999999999996,13.4998969388277));
#2352=CARTESIAN_POINT('Ctrl Pts',(7.4,-5.49999999999996,14.0386588435896));
#2353=CARTESIAN_POINT('Ctrl Pts',(5.86665202347716,-5.49999999999996,14.0386588435896));
#2354=CARTESIAN_POINT('Ctrl Pts',(4.33334797651011,-5.49999999999996,14.0386588435896));
#2355=CARTESIAN_POINT('Ctrl Pts',(2.79999999999976,-5.49999999999996,14.0386588435896));
#2356=CARTESIAN_POINT('Ctrl Pts',(7.4,-5.44697065956416,14.897442790179));
#2357=CARTESIAN_POINT('Ctrl Pts',(5.86665202347717,-5.44697065956416,14.897442790179));
#2358=CARTESIAN_POINT('Ctrl Pts',(4.33334797651011,-5.44697065956416,14.897442790179));
#2359=CARTESIAN_POINT('Ctrl Pts',(2.79999999999976,-5.44697065956416,14.897442790179));
#2360=CARTESIAN_POINT('Ctrl Pts',(7.4,-5.17237230661755,16.0940118173471));
#2361=CARTESIAN_POINT('Ctrl Pts',(5.86665202347716,-5.17237230661755,16.0940118173471));
#2362=CARTESIAN_POINT('Ctrl Pts',(4.3333479765101,-5.17237230661755,16.0940118173471));
#2363=CARTESIAN_POINT('Ctrl Pts',(2.79999999999976,-5.17237230661755,16.0940118173471));
#2364=CARTESIAN_POINT('Ctrl Pts',(7.4,-4.52469043254117,16.9765401344664));
#2365=CARTESIAN_POINT('Ctrl Pts',(5.86665202347717,-4.52469043254117,16.9765401344664));
#2366=CARTESIAN_POINT('Ctrl Pts',(4.33334797651011,-4.52469043254117,16.9765401344664));
#2367=CARTESIAN_POINT('Ctrl Pts',(2.79999999999976,-4.52469043254117,16.9765401344664));
#2368=CARTESIAN_POINT('Ctrl Pts',(7.4,-3.31837060558896,17.4195290407766));
#2369=CARTESIAN_POINT('Ctrl Pts',(5.86665202347716,-3.31837060558896,17.4195290407766));
#2370=CARTESIAN_POINT('Ctrl Pts',(4.3333479765101,-3.31837060558896,17.4195290407766));
#2371=CARTESIAN_POINT('Ctrl Pts',(2.79999999999976,-3.31837060558896,17.4195290407766));
#2372=CARTESIAN_POINT('Ctrl Pts',(7.4,-2.03865884358957,17.5));
#2373=CARTESIAN_POINT('Ctrl Pts',(5.86665202347717,-2.03865884358957,17.5));
#2374=CARTESIAN_POINT('Ctrl Pts',(4.33334797651011,-2.03865884358957,17.5));
#2375=CARTESIAN_POINT('Ctrl Pts',(2.79999999999976,-2.03865884358957,17.5));
#2376=CARTESIAN_POINT('Ctrl Pts',(7.4,-1.49989693882766,17.5));
#2377=CARTESIAN_POINT('Ctrl Pts',(5.86665202347716,-1.49989693882766,17.5));
#2378=CARTESIAN_POINT('Ctrl Pts',(4.33334797651011,-1.49989693882766,17.5));
#2379=CARTESIAN_POINT('Ctrl Pts',(2.79999999999976,-1.49989693882766,17.5));
#2380=CARTESIAN_POINT('',(7.40000000000002,-5.49999999999996,13.4998969388277));
#2381=CARTESIAN_POINT('Ctrl Pts',(2.79999999999976,-5.49999999999996,13.4998969388277));
#2382=CARTESIAN_POINT('Ctrl Pts',(4.33334797651011,-5.49999999999996,13.4998969388277));
#2383=CARTESIAN_POINT('Ctrl Pts',(5.86665202347716,-5.49999999999996,13.4998969388277));
#2384=CARTESIAN_POINT('Ctrl Pts',(7.4,-5.49999999999996,13.4998969388277));
#2385=CARTESIAN_POINT('Ctrl Pts',(7.39999999999998,-5.49999999999996,13.4998969388277));
#2386=CARTESIAN_POINT('Ctrl Pts',(7.39999999999998,-5.49999999999996,14.0386588435896));
#2387=CARTESIAN_POINT('Ctrl Pts',(7.39999999999998,-5.47348532978206,14.4680508168843));
#2388=CARTESIAN_POINT('Ctrl Pts',(7.39999999999998,-5.42590320055478,14.8323179319277));
#2389=CARTESIAN_POINT('Ctrl Pts',(7.39999999999998,-5.37832107132751,15.196585046971));
#2390=CARTESIAN_POINT('Ctrl Pts',(7.39999999999998,-5.30967148309085,15.4957273037631));
#2391=CARTESIAN_POINT('Ctrl Pts',(7.39999999999998,-5.22072629932799,15.753990696099));
#2392=CARTESIAN_POINT('Ctrl Pts',(7.39999999999998,-5.04283593180227,16.270517480771));
#2393=CARTESIAN_POINT('Ctrl Pts',(7.39999999999998,-4.78376318217172,16.6235288076187));
#2394=CARTESIAN_POINT('Ctrl Pts',(7.39999999999998,-4.412962841966,16.8886322523046));
#2395=CARTESIAN_POINT('Ctrl Pts',(7.39999999999998,-4.04216250176029,17.1537356969905));
#2396=CARTESIAN_POINT('Ctrl Pts',(7.39999999999998,-3.5596345709794,17.3309312595146));
#2397=CARTESIAN_POINT('Ctrl Pts',(7.39999999999998,-2.83003114427493,17.4257613177886));
#2398=CARTESIAN_POINT('Ctrl Pts',(7.39999999999998,-2.4652294309227,17.4731763469255));
#2399=CARTESIAN_POINT('Ctrl Pts',(7.39999999999998,-2.03865884358957,17.5));
#2400=CARTESIAN_POINT('Ctrl Pts',(7.39999999999998,-1.49989693882766,17.5));
#2401=CARTESIAN_POINT('Ctrl Pts',(-2.79999999999997,-5.49999999999996,13.4998969388277));
#2402=CARTESIAN_POINT('Ctrl Pts',(-4.3333479764996,-5.49999999999996,13.4998969388277));
#2403=CARTESIAN_POINT('Ctrl Pts',(-5.8666520234946,-5.49999999999996,13.4998969388277));
#2404=CARTESIAN_POINT('Ctrl Pts',(-7.40000000000005,-5.49999999999996,13.4998969388277));
#2405=CARTESIAN_POINT('Ctrl Pts',(-2.79999999999997,-5.49999999999996,14.0386588435896));
#2406=CARTESIAN_POINT('Ctrl Pts',(-4.3333479764996,-5.49999999999996,14.0386588435896));
#2407=CARTESIAN_POINT('Ctrl Pts',(-5.8666520234946,-5.49999999999996,14.0386588435896));
#2408=CARTESIAN_POINT('Ctrl Pts',(-7.40000000000005,-5.49999999999996,14.0386588435896));
#2409=CARTESIAN_POINT('Ctrl Pts',(-2.79999999999997,-5.44697065956416,14.897442790179));
#2410=CARTESIAN_POINT('Ctrl Pts',(-4.3333479764996,-5.44697065956416,14.897442790179));
#2411=CARTESIAN_POINT('Ctrl Pts',(-5.8666520234946,-5.44697065956416,14.897442790179));
#2412=CARTESIAN_POINT('Ctrl Pts',(-7.40000000000005,-5.44697065956416,14.897442790179));
#2413=CARTESIAN_POINT('Ctrl Pts',(-2.79999999999997,-5.17237230661755,16.0940118173471));
#2414=CARTESIAN_POINT('Ctrl Pts',(-4.3333479764996,-5.17237230661755,16.0940118173471));
#2415=CARTESIAN_POINT('Ctrl Pts',(-5.8666520234946,-5.17237230661755,16.0940118173471));
#2416=CARTESIAN_POINT('Ctrl Pts',(-7.40000000000005,-5.17237230661755,16.0940118173471));
#2417=CARTESIAN_POINT('Ctrl Pts',(-2.79999999999997,-4.52469043254117,16.9765401344664));
#2418=CARTESIAN_POINT('Ctrl Pts',(-4.3333479764996,-4.52469043254117,16.9765401344664));
#2419=CARTESIAN_POINT('Ctrl Pts',(-5.8666520234946,-4.52469043254117,16.9765401344664));
#2420=CARTESIAN_POINT('Ctrl Pts',(-7.40000000000005,-4.52469043254117,16.9765401344664));
#2421=CARTESIAN_POINT('Ctrl Pts',(-2.79999999999997,-3.31837060558896,17.4195290407766));
#2422=CARTESIAN_POINT('Ctrl Pts',(-4.3333479764996,-3.31837060558896,17.4195290407766));
#2423=CARTESIAN_POINT('Ctrl Pts',(-5.8666520234946,-3.31837060558896,17.4195290407766));
#2424=CARTESIAN_POINT('Ctrl Pts',(-7.40000000000005,-3.31837060558896,17.4195290407766));
#2425=CARTESIAN_POINT('Ctrl Pts',(-2.79999999999997,-2.03865884358957,17.5));
#2426=CARTESIAN_POINT('Ctrl Pts',(-4.3333479764996,-2.03865884358957,17.5));
#2427=CARTESIAN_POINT('Ctrl Pts',(-5.8666520234946,-2.03865884358957,17.5));
#2428=CARTESIAN_POINT('Ctrl Pts',(-7.40000000000005,-2.03865884358957,17.5));
#2429=CARTESIAN_POINT('Ctrl Pts',(-2.79999999999997,-1.49989693882766,17.5));
#2430=CARTESIAN_POINT('Ctrl Pts',(-4.3333479764996,-1.49989693882766,17.5));
#2431=CARTESIAN_POINT('Ctrl Pts',(-5.8666520234946,-1.49989693882766,17.5));
#2432=CARTESIAN_POINT('Ctrl Pts',(-7.40000000000005,-1.49989693882766,17.5));
#2433=CARTESIAN_POINT('',(-7.40000000000002,-1.49989693882766,17.5));
#2434=CARTESIAN_POINT('',(-7.39999999999999,-5.49999999999996,13.4998969388277));
#2435=CARTESIAN_POINT('Ctrl Pts',(-7.40000000000001,-1.49989693882766,17.5));
#2436=CARTESIAN_POINT('Ctrl Pts',(-7.40000000000001,-2.03865884358957,17.5));
#2437=CARTESIAN_POINT('Ctrl Pts',(-7.40000000000001,-2.4652294309227,17.4731763469255));
#2438=CARTESIAN_POINT('Ctrl Pts',(-7.40000000000001,-2.83003114427493,17.4257613177886));
#2439=CARTESIAN_POINT('Ctrl Pts',(-7.40000000000001,-3.5596345709794,17.3309312595146));
#2440=CARTESIAN_POINT('Ctrl Pts',(-7.40000000000001,-4.04216250176029,17.1537356969905));
#2441=CARTESIAN_POINT('Ctrl Pts',(-7.40000000000001,-4.412962841966,16.8886322523046));
#2442=CARTESIAN_POINT('Ctrl Pts',(-7.40000000000001,-4.78376318217172,16.6235288076187));
#2443=CARTESIAN_POINT('Ctrl Pts',(-7.40000000000001,-5.04283593180227,16.270517480771));
#2444=CARTESIAN_POINT('Ctrl Pts',(-7.40000000000001,-5.22072629932799,15.753990696099));
#2445=CARTESIAN_POINT('Ctrl Pts',(-7.40000000000001,-5.30967148309085,15.4957273037631));
#2446=CARTESIAN_POINT('Ctrl Pts',(-7.40000000000001,-5.3783210713275,15.196585046971));
#2447=CARTESIAN_POINT('Ctrl Pts',(-7.40000000000001,-5.42590320055478,14.8323179319277));
#2448=CARTESIAN_POINT('Ctrl Pts',(-7.40000000000001,-5.47348532978206,14.4680508168843));
#2449=CARTESIAN_POINT('Ctrl Pts',(-7.40000000000001,-5.49999999999996,14.0386588435896));
#2450=CARTESIAN_POINT('Ctrl Pts',(-7.40000000000001,-5.49999999999996,13.4998969388277));
#2451=CARTESIAN_POINT('',(-2.80000000000001,-5.49999999999996,13.4998969388277));
#2452=CARTESIAN_POINT('Ctrl Pts',(-7.40000000000005,-5.49999999999996,13.4998969388277));
#2453=CARTESIAN_POINT('Ctrl Pts',(-5.8666520234946,-5.49999999999996,13.4998969388277));
#2454=CARTESIAN_POINT('Ctrl Pts',(-4.3333479764996,-5.49999999999996,13.4998969388277));
#2455=CARTESIAN_POINT('Ctrl Pts',(-2.79999999999997,-5.49999999999996,13.4998969388277));
#2456=CARTESIAN_POINT('',(-2.80000000000005,-1.49989693882766,17.5));
#2457=CARTESIAN_POINT('Ctrl Pts',(-2.79999999999997,-5.49999999999996,13.4998969388277));
#2458=CARTESIAN_POINT('Ctrl Pts',(-2.79999999999997,-5.49999999999996,14.0386588435896));
#2459=CARTESIAN_POINT('Ctrl Pts',(-2.79999999999997,-5.47348532978206,14.4680508168843));
#2460=CARTESIAN_POINT('Ctrl Pts',(-2.79999999999997,-5.42590320055478,14.8323179319277));
#2461=CARTESIAN_POINT('Ctrl Pts',(-2.79999999999997,-5.3783210713275,15.196585046971));
#2462=CARTESIAN_POINT('Ctrl Pts',(-2.79999999999997,-5.30967148309085,15.4957273037631));
#2463=CARTESIAN_POINT('Ctrl Pts',(-2.79999999999997,-5.22072629932799,15.753990696099));
#2464=CARTESIAN_POINT('Ctrl Pts',(-2.79999999999997,-5.04283593180227,16.270517480771));
#2465=CARTESIAN_POINT('Ctrl Pts',(-2.79999999999997,-4.78376318217172,16.6235288076187));
#2466=CARTESIAN_POINT('Ctrl Pts',(-2.79999999999997,-4.412962841966,16.8886322523046));
#2467=CARTESIAN_POINT('Ctrl Pts',(-2.79999999999997,-4.04216250176029,17.1537356969905));
#2468=CARTESIAN_POINT('Ctrl Pts',(-2.79999999999997,-3.5596345709794,17.3309312595146));
#2469=CARTESIAN_POINT('Ctrl Pts',(-2.79999999999997,-2.83003114427493,17.4257613177885));
#2470=CARTESIAN_POINT('Ctrl Pts',(-2.79999999999997,-2.4652294309227,17.4731763469255));
#2471=CARTESIAN_POINT('Ctrl Pts',(-2.79999999999997,-2.03865884358957,17.5));
#2472=CARTESIAN_POINT('Ctrl Pts',(-2.79999999999997,-1.49989693882766,17.5));
#2473=CARTESIAN_POINT('Ctrl Pts',(-2.79999999999997,-1.49989693882766,17.5));
#2474=CARTESIAN_POINT('Ctrl Pts',(-4.3333479764996,-1.49989693882766,17.5));
#2475=CARTESIAN_POINT('Ctrl Pts',(-5.8666520234946,-1.49989693882766,17.5));
#2476=CARTESIAN_POINT('Ctrl Pts',(-7.40000000000005,-1.49989693882766,17.5));
#2477=CARTESIAN_POINT('Origin',(-4.66293670342566E-14,-3.10862446895044E-14,
17.5));
#2478=CARTESIAN_POINT('',(-2.80000000000011,1.49989693882774,17.5));
#2479=CARTESIAN_POINT('',(-2.80000000000003,-2.75000000000002,17.5));
#2480=CARTESIAN_POINT('',(-7.4,1.49989693882774,17.5));
#2481=CARTESIAN_POINT('Ctrl Pts',(-7.4,1.49989693882774,17.5));
#2482=CARTESIAN_POINT('Ctrl Pts',(-5.86665202347096,1.49989693882774,17.5));
#2483=CARTESIAN_POINT('Ctrl Pts',(-4.33334797651625,1.49989693882774,17.5));
#2484=CARTESIAN_POINT('Ctrl Pts',(-2.80000000000011,1.49989693882774,17.5));
#2485=CARTESIAN_POINT('',(-7.39999999999998,2.75000000000003,17.5));
#2486=CARTESIAN_POINT('Origin',(-2.79999999999997,-5.49999999999996,18.));
#2487=CARTESIAN_POINT('',(-2.79999999999997,-5.49999999999996,13.));
#2488=CARTESIAN_POINT('',(-2.79999999999997,-5.49999999999996,18.));
#2489=CARTESIAN_POINT('',(-2.79999999999996,5.50000000000004,13.));
#2490=CARTESIAN_POINT('',(-2.79999999999997,-5.49999999999996,13.));
#2491=CARTESIAN_POINT('',(-2.80000000000004,5.50000000000004,13.4998969388277));
#2492=CARTESIAN_POINT('',(-2.79999999999996,5.50000000000004,18.));
#2493=CARTESIAN_POINT('Ctrl Pts',(-2.80000000000012,1.49989693882774,17.5));
#2494=CARTESIAN_POINT('Ctrl Pts',(-2.80000000000012,2.03865884358965,17.5));
#2495=CARTESIAN_POINT('Ctrl Pts',(-2.80000000000012,2.46522943092278,17.4731763469255));
#2496=CARTESIAN_POINT('Ctrl Pts',(-2.80000000000012,2.83003114427501,17.4257613177886));
#2497=CARTESIAN_POINT('Ctrl Pts',(-2.80000000000012,3.55963457097948,17.3309312595146));
#2498=CARTESIAN_POINT('Ctrl Pts',(-2.80000000000012,4.04216250176037,17.1537356969905));
#2499=CARTESIAN_POINT('Ctrl Pts',(-2.80000000000012,4.41296284196609,16.8886322523046));
#2500=CARTESIAN_POINT('Ctrl Pts',(-2.80000000000012,4.7837631821718,16.6235288076187));
#2501=CARTESIAN_POINT('Ctrl Pts',(-2.80000000000012,5.04283593180235,16.270517480771));
#2502=CARTESIAN_POINT('Ctrl Pts',(-2.80000000000012,5.22072629932807,15.753990696099));
#2503=CARTESIAN_POINT('Ctrl Pts',(-2.80000000000012,5.30967148309093,15.4957273037631));
#2504=CARTESIAN_POINT('Ctrl Pts',(-2.80000000000012,5.37832107132759,15.196585046971));
#2505=CARTESIAN_POINT('Ctrl Pts',(-2.80000000000012,5.42590320055486,14.8323179319277));
#2506=CARTESIAN_POINT('Ctrl Pts',(-2.80000000000012,5.47348532978214,14.4680508168843));
#2507=CARTESIAN_POINT('Ctrl Pts',(-2.80000000000012,5.50000000000004,14.0386588435896));
#2508=CARTESIAN_POINT('Ctrl Pts',(-2.80000000000012,5.50000000000004,13.4998969388277));
#2509=CARTESIAN_POINT('Ctrl Pts',(-7.4,5.50000000000004,13.4998969388277));
#2510=CARTESIAN_POINT('Ctrl Pts',(-5.86665202347096,5.50000000000004,13.4998969388277));
#2511=CARTESIAN_POINT('Ctrl Pts',(-4.33334797651625,5.50000000000004,13.4998969388277));
#2512=CARTESIAN_POINT('Ctrl Pts',(-2.80000000000011,5.50000000000004,13.4998969388277));
#2513=CARTESIAN_POINT('Ctrl Pts',(-7.4,5.50000000000004,14.0386588435896));
#2514=CARTESIAN_POINT('Ctrl Pts',(-5.86665202347096,5.50000000000004,14.0386588435896));
#2515=CARTESIAN_POINT('Ctrl Pts',(-4.33334797651625,5.50000000000004,14.0386588435896));
#2516=CARTESIAN_POINT('Ctrl Pts',(-2.80000000000011,5.50000000000004,14.0386588435896));
#2517=CARTESIAN_POINT('Ctrl Pts',(-7.40000000000001,5.44697065956424,14.897442790179));
#2518=CARTESIAN_POINT('Ctrl Pts',(-5.86665202347096,5.44697065956424,14.897442790179));
#2519=CARTESIAN_POINT('Ctrl Pts',(-4.33334797651625,5.44697065956424,14.897442790179));
#2520=CARTESIAN_POINT('Ctrl Pts',(-2.80000000000011,5.44697065956424,14.897442790179));
#2521=CARTESIAN_POINT('Ctrl Pts',(-7.4,5.17237230661763,16.0940118173471));
#2522=CARTESIAN_POINT('Ctrl Pts',(-5.86665202347096,5.17237230661763,16.0940118173471));
#2523=CARTESIAN_POINT('Ctrl Pts',(-4.33334797651625,5.17237230661763,16.0940118173471));
#2524=CARTESIAN_POINT('Ctrl Pts',(-2.80000000000011,5.17237230661763,16.0940118173471));
#2525=CARTESIAN_POINT('Ctrl Pts',(-7.40000000000001,4.52469043254125,16.9765401344664));
#2526=CARTESIAN_POINT('Ctrl Pts',(-5.86665202347097,4.52469043254125,16.9765401344664));
#2527=CARTESIAN_POINT('Ctrl Pts',(-4.33334797651625,4.52469043254125,16.9765401344664));
#2528=CARTESIAN_POINT('Ctrl Pts',(-2.80000000000011,4.52469043254125,16.9765401344664));
#2529=CARTESIAN_POINT('Ctrl Pts',(-7.4,3.31837060558904,17.4195290407766));
#2530=CARTESIAN_POINT('Ctrl Pts',(-5.86665202347096,3.31837060558904,17.4195290407766));
#2531=CARTESIAN_POINT('Ctrl Pts',(-4.33334797651625,3.31837060558904,17.4195290407766));
#2532=CARTESIAN_POINT('Ctrl Pts',(-2.80000000000011,3.31837060558904,17.4195290407766));
#2533=CARTESIAN_POINT('Ctrl Pts',(-7.4,2.03865884358965,17.5));
#2534=CARTESIAN_POINT('Ctrl Pts',(-5.86665202347096,2.03865884358965,17.5));
#2535=CARTESIAN_POINT('Ctrl Pts',(-4.33334797651625,2.03865884358965,17.5));
#2536=CARTESIAN_POINT('Ctrl Pts',(-2.80000000000011,2.03865884358965,17.5));
#2537=CARTESIAN_POINT('Ctrl Pts',(-7.4,1.49989693882774,17.5));
#2538=CARTESIAN_POINT('Ctrl Pts',(-5.86665202347096,1.49989693882774,17.5));
#2539=CARTESIAN_POINT('Ctrl Pts',(-4.33334797651625,1.49989693882774,17.5));
#2540=CARTESIAN_POINT('Ctrl Pts',(-2.80000000000011,1.49989693882774,17.5));
#2541=CARTESIAN_POINT('',(-7.39999999999998,5.50000000000004,13.4998969388277));
#2542=CARTESIAN_POINT('Ctrl Pts',(-2.80000000000011,5.50000000000004,13.4998969388277));
#2543=CARTESIAN_POINT('Ctrl Pts',(-4.33334797651625,5.50000000000004,13.4998969388277));
#2544=CARTESIAN_POINT('Ctrl Pts',(-5.86665202347096,5.50000000000004,13.4998969388277));
#2545=CARTESIAN_POINT('Ctrl Pts',(-7.4,5.50000000000004,13.4998969388277));
#2546=CARTESIAN_POINT('Ctrl Pts',(-7.39999999999996,5.50000000000004,13.4998969388277));
#2547=CARTESIAN_POINT('Ctrl Pts',(-7.39999999999996,5.50000000000004,14.0386588435896));
#2548=CARTESIAN_POINT('Ctrl Pts',(-7.39999999999997,5.47348532978214,14.4680508168843));
#2549=CARTESIAN_POINT('Ctrl Pts',(-7.39999999999997,5.42590320055486,14.8323179319277));
#2550=CARTESIAN_POINT('Ctrl Pts',(-7.39999999999997,5.37832107132759,15.196585046971));
#2551=CARTESIAN_POINT('Ctrl Pts',(-7.39999999999997,5.30967148309093,15.4957273037631));
#2552=CARTESIAN_POINT('Ctrl Pts',(-7.39999999999997,5.22072629932807,15.753990696099));
#2553=CARTESIAN_POINT('Ctrl Pts',(-7.39999999999996,5.04283593180235,16.270517480771));
#2554=CARTESIAN_POINT('Ctrl Pts',(-7.39999999999997,4.7837631821718,16.6235288076187));
#2555=CARTESIAN_POINT('Ctrl Pts',(-7.39999999999997,4.41296284196609,16.8886322523046));
#2556=CARTESIAN_POINT('Ctrl Pts',(-7.39999999999997,4.04216250176037,17.1537356969905));
#2557=CARTESIAN_POINT('Ctrl Pts',(-7.39999999999997,3.55963457097948,17.3309312595146));
#2558=CARTESIAN_POINT('Ctrl Pts',(-7.39999999999996,2.83003114427501,17.4257613177886));
#2559=CARTESIAN_POINT('Ctrl Pts',(-7.39999999999996,2.46522943092278,17.4731763469255));
#2560=CARTESIAN_POINT('Ctrl Pts',(-7.39999999999996,2.03865884358965,17.5));
#2561=CARTESIAN_POINT('Ctrl Pts',(-7.39999999999996,1.49989693882774,17.5));
#2562=CARTESIAN_POINT('Origin',(-4.66293670342566E-14,-3.10862446895044E-14,
17.5));
#2563=CARTESIAN_POINT('',(2.25000000000002,4.50000000000004,17.5));
#2564=CARTESIAN_POINT('',(2.25000000000002,-4.49999999999996,17.5));
#2565=CARTESIAN_POINT('',(2.25000000000002,-2.25,17.5));
#2566=CARTESIAN_POINT('',(-2.24999999999998,4.50000000000004,17.5));
#2567=CARTESIAN_POINT('',(1.12499999999999,4.50000000000004,17.5));
#2568=CARTESIAN_POINT('',(-2.24999999999998,-4.49999999999996,17.5));
#2569=CARTESIAN_POINT('',(-2.24999999999998,2.25,17.5));
#2570=CARTESIAN_POINT('',(-1.12500000000001,-4.49999999999996,17.5));
#2571=CARTESIAN_POINT('Origin',(-7.39999999999996,-5.49999999999996,18.));
#2572=CARTESIAN_POINT('',(-7.39999999999996,-5.49999999999996,13.));
#2573=CARTESIAN_POINT('',(-7.39999999999996,-5.49999999999996,18.));
#2574=CARTESIAN_POINT('',(-2.79999999999997,-5.49999999999996,13.));
#2575=CARTESIAN_POINT('Origin',(2.25000000000002,4.50000000000004,18.));
#2576=CARTESIAN_POINT('',(2.25000000000002,4.50000000000004,13.));
#2577=CARTESIAN_POINT('',(2.25000000000002,4.50000000000004,18.));
#2578=CARTESIAN_POINT('',(-2.24999999999998,4.50000000000004,13.));
#2579=CARTESIAN_POINT('',(-2.79999999999997,4.50000000000004,13.));
#2580=CARTESIAN_POINT('',(-2.24999999999998,4.50000000000004,18.));
#2581=CARTESIAN_POINT('Origin',(2.25000000000002,-4.49999999999996,18.));
#2582=CARTESIAN_POINT('',(2.25000000000002,-4.49999999999996,13.));
#2583=CARTESIAN_POINT('',(2.25000000000002,-4.49999999999996,18.));
#2584=CARTESIAN_POINT('',(2.25000000000002,4.50000000000004,13.));
#2585=CARTESIAN_POINT('Origin',(7.39999999999998,-5.49999999999996,18.));
#2586=CARTESIAN_POINT('',(7.40000000000004,-5.49999999999996,13.));
#2587=CARTESIAN_POINT('',(7.40000000000004,-5.49999999999996,18.));
#2588=CARTESIAN_POINT('',(7.40000000000004,5.50000000000004,13.));
#2589=CARTESIAN_POINT('',(7.4,-1.79324617992316,13.));
#2590=CARTESIAN_POINT('',(7.40000000000004,5.50000000000004,18.));
#2591=CARTESIAN_POINT('Origin',(2.80000000000004,-5.49999999999996,18.));
#2592=CARTESIAN_POINT('',(7.40000000000004,-5.49999999999996,13.));
#2593=CARTESIAN_POINT('Origin',(7.40000000000004,5.50000000000004,18.));
#2594=CARTESIAN_POINT('',(7.40000000000004,5.50000000000004,13.));
#2595=CARTESIAN_POINT('Origin',(-2.24999999999998,-4.49999999999996,18.));
#2596=CARTESIAN_POINT('',(-2.24999999999998,-4.49999999999996,13.));
#2597=CARTESIAN_POINT('',(-2.24999999999998,-4.49999999999996,18.));
#2598=CARTESIAN_POINT('',(2.80000000000003,-4.49999999999996,13.));
#2599=CARTESIAN_POINT('Origin',(-2.24999999999998,4.50000000000004,18.));
#2600=CARTESIAN_POINT('',(-2.24999999999998,-4.49999999999996,13.));
#2601=CARTESIAN_POINT('Origin',(-7.39999999999996,5.50000000000004,18.));
#2602=CARTESIAN_POINT('',(-7.39999999999996,5.50000000000004,13.));
#2603=CARTESIAN_POINT('',(-7.39999999999996,5.50000000000004,18.));
#2604=CARTESIAN_POINT('',(-7.40000000000001,1.33226762955019E-14,13.));
#2605=CARTESIAN_POINT('Origin',(-2.79999999999996,5.50000000000004,18.));
#2606=CARTESIAN_POINT('',(-7.39999999999996,5.50000000000004,13.));
#2607=CARTESIAN_POINT('Origin',(2.30000000000004,-5.99999999999996,18.));
#2608=CARTESIAN_POINT('',(2.30000000000004,-5.99999999999996,13.));
#2609=CARTESIAN_POINT('',(2.30000000000004,-5.99999999999996,18.));
#2610=CARTESIAN_POINT('',(2.30000000000004,-5.99999999999996,13.));
#2611=CARTESIAN_POINT('Origin',(7.90000000000004,-5.99999999999996,18.));
#2612=CARTESIAN_POINT('',(7.90000000000004,-5.99999999999996,13.));
#2613=CARTESIAN_POINT('',(7.90000000000004,-5.99999999999996,18.));
#2614=CARTESIAN_POINT('',(7.90000000000004,-5.99999999999996,13.));
#2615=CARTESIAN_POINT('Origin',(7.89999999999992,6.00000000000004,18.));
#2616=CARTESIAN_POINT('',(7.90000000000004,6.00000000000004,13.));
#2617=CARTESIAN_POINT('',(7.90000000000004,6.00000000000004,18.));
#2618=CARTESIAN_POINT('',(7.9,-1.79324617992316,13.));
#2619=CARTESIAN_POINT('Origin',(2.30000000000005,6.00000000000004,18.));
#2620=CARTESIAN_POINT('',(2.30000000000005,6.00000000000004,13.));
#2621=CARTESIAN_POINT('',(2.30000000000005,6.00000000000004,18.));
#2622=CARTESIAN_POINT('',(7.90000000000004,6.00000000000004,13.));
#2623=CARTESIAN_POINT('Origin',(2.30000000000002,5.00000000000004,18.));
#2624=CARTESIAN_POINT('',(2.30000000000002,5.00000000000004,13.));
#2625=CARTESIAN_POINT('',(2.30000000000002,5.00000000000004,18.));
#2626=CARTESIAN_POINT('',(2.30000000000002,5.00000000000004,13.));
#2627=CARTESIAN_POINT('Origin',(-2.29999999999997,5.00000000000004,18.));
#2628=CARTESIAN_POINT('',(-2.29999999999997,5.00000000000004,13.));
#2629=CARTESIAN_POINT('Origin',(1.77635683940025E-14,3.99680288865056E-14,
13.));
#2630=CARTESIAN_POINT('Origin',(7.9,-3.3,0.));
#2631=CARTESIAN_POINT('',(7.9,-4.8,-3.5));
#2632=CARTESIAN_POINT('',(7.9,-4.8,0.));
#2633=CARTESIAN_POINT('',(7.9,-3.3,-3.5));
#2634=CARTESIAN_POINT('',(7.9,-3.3,-3.5));
#2635=CARTESIAN_POINT('',(7.9,-3.3,0.));
#2636=CARTESIAN_POINT('Origin',(2.3,-3.3,0.));
#2637=CARTESIAN_POINT('',(2.3,-3.3,-3.5));
#2638=CARTESIAN_POINT('',(2.3,-3.3,-3.5));
#2639=CARTESIAN_POINT('',(2.3,-3.3,0.));
#2640=CARTESIAN_POINT('Origin',(2.3,-4.8,0.));
#2641=CARTESIAN_POINT('',(2.3,-4.8,-3.5));
#2642=CARTESIAN_POINT('',(2.3,-4.8,-3.5));
#2643=CARTESIAN_POINT('',(2.3,-4.8,0.));
#2644=CARTESIAN_POINT('Origin',(7.9,-4.8,0.));
#2645=CARTESIAN_POINT('',(7.9,-4.8,-3.5));
#2646=CARTESIAN_POINT('Origin',(5.1,-4.05,-3.5));
#2647=CARTESIAN_POINT('Origin',(-7.9,-3.3,0.));
#2648=CARTESIAN_POINT('',(-2.3,-3.3,-3.5));
#2649=CARTESIAN_POINT('',(-2.3,-3.3,0.));
#2650=CARTESIAN_POINT('',(-7.9,-3.3,-3.5));
#2651=CARTESIAN_POINT('',(-2.3,-3.3,-3.5));
#2652=CARTESIAN_POINT('',(-7.9,-3.3,0.));
#2653=CARTESIAN_POINT('Origin',(-7.9,-4.8,0.));
#2654=CARTESIAN_POINT('',(-7.9,-4.8,-3.5));
#2655=CARTESIAN_POINT('',(-7.9,-3.3,-3.5));
#2656=CARTESIAN_POINT('',(-7.9,-4.8,0.));
#2657=CARTESIAN_POINT('Origin',(-2.3,-4.8,0.));
#2658=CARTESIAN_POINT('',(-2.3,-4.8,-3.5));
#2659=CARTESIAN_POINT('',(-7.9,-4.8,-3.5));
#2660=CARTESIAN_POINT('',(-2.3,-4.8,0.));
#2661=CARTESIAN_POINT('Origin',(-2.3,-3.3,0.));
#2662=CARTESIAN_POINT('',(-2.3,-4.8,-3.5));
#2663=CARTESIAN_POINT('Origin',(-5.1,-4.05,-3.5));
#2664=CARTESIAN_POINT('Origin',(-2.3,4.8,0.));
#2665=CARTESIAN_POINT('',(-2.3,3.3,-3.5));
#2666=CARTESIAN_POINT('',(-2.3,3.3,0.));
#2667=CARTESIAN_POINT('',(-2.3,4.8,-3.5));
#2668=CARTESIAN_POINT('',(-2.3,4.8,-3.5));
#2669=CARTESIAN_POINT('',(-2.3,4.8,0.));
#2670=CARTESIAN_POINT('Origin',(-7.9,4.8,0.));
#2671=CARTESIAN_POINT('',(-7.9,4.8,-3.5));
#2672=CARTESIAN_POINT('',(-7.9,4.8,-3.5));
#2673=CARTESIAN_POINT('',(-7.9,4.8,0.));
#2674=CARTESIAN_POINT('Origin',(-7.9,3.3,0.));
#2675=CARTESIAN_POINT('',(-7.9,3.3,-3.5));
#2676=CARTESIAN_POINT('',(-7.9,3.3,-3.5));
#2677=CARTESIAN_POINT('',(-7.9,3.3,0.));
#2678=CARTESIAN_POINT('Origin',(-2.3,3.3,0.));
#2679=CARTESIAN_POINT('',(-2.3,3.3,-3.5));
#2680=CARTESIAN_POINT('Origin',(-5.1,4.05,-3.5));
#2681=CARTESIAN_POINT('Origin',(7.9,4.8,0.));
#2682=CARTESIAN_POINT('',(7.9,3.3,-3.5));
#2683=CARTESIAN_POINT('',(7.9,3.3,0.));
#2684=CARTESIAN_POINT('',(7.9,4.8,-3.5));
#2685=CARTESIAN_POINT('',(7.9,4.8,-3.5));
#2686=CARTESIAN_POINT('',(7.9,4.8,0.));
#2687=CARTESIAN_POINT('Origin',(2.3,4.8,0.));
#2688=CARTESIAN_POINT('',(2.3,4.8,-3.5));
#2689=CARTESIAN_POINT('',(2.3,4.8,-3.5));
#2690=CARTESIAN_POINT('',(2.3,4.8,0.));
#2691=CARTESIAN_POINT('Origin',(2.3,3.3,0.));
#2692=CARTESIAN_POINT('',(2.3,3.3,-3.5));
#2693=CARTESIAN_POINT('',(2.3,3.3,-3.5));
#2694=CARTESIAN_POINT('',(2.3,3.3,0.));
#2695=CARTESIAN_POINT('Origin',(7.9,3.3,0.));
#2696=CARTESIAN_POINT('',(7.9,3.3,-3.5));
#2697=CARTESIAN_POINT('Origin',(5.1,4.05,-3.5));
#2698=UNCERTAINTY_MEASURE_WITH_UNIT(LENGTH_MEASURE(0.01),#2702,
'DISTANCE_ACCURACY_VALUE',
'Maximum model space distance between geometric entities at asserted c
onnectivities');
#2699=UNCERTAINTY_MEASURE_WITH_UNIT(LENGTH_MEASURE(0.01),#2702,
'DISTANCE_ACCURACY_VALUE',
'Maximum model space distance between geometric entities at asserted c
onnectivities');
#2700=(
GEOMETRIC_REPRESENTATION_CONTEXT(3)
GLOBAL_UNCERTAINTY_ASSIGNED_CONTEXT((#2698))
GLOBAL_UNIT_ASSIGNED_CONTEXT((#2702,#2704,#2705))
REPRESENTATION_CONTEXT('','3D')
);
#2701=(
GEOMETRIC_REPRESENTATION_CONTEXT(3)
GLOBAL_UNCERTAINTY_ASSIGNED_CONTEXT((#2699))
GLOBAL_UNIT_ASSIGNED_CONTEXT((#2702,#2704,#2705))
REPRESENTATION_CONTEXT('','3D')
);
#2702=(
LENGTH_UNIT()
NAMED_UNIT(*)
SI_UNIT(.MILLI.,.METRE.)
);
#2703=(
LENGTH_UNIT()
NAMED_UNIT(*)
SI_UNIT($,.METRE.)
);
#2704=(
NAMED_UNIT(*)
PLANE_ANGLE_UNIT()
SI_UNIT($,.RADIAN.)
);
#2705=(
NAMED_UNIT(*)
SI_UNIT($,.STERADIAN.)
SOLID_ANGLE_UNIT()
);
#2706=SHAPE_DEFINITION_REPRESENTATION(#2707,#2708);
#2707=PRODUCT_DEFINITION_SHAPE('',$,#2710);
#2708=SHAPE_REPRESENTATION('',(#1562),#2700);
#2709=PRODUCT_DEFINITION_CONTEXT('part definition',#2714,'design');
#2710=PRODUCT_DEFINITION('FC-DLF2218-2R5-100A-LF',
'FC-DLF2218-2R5-100A-LF v3',#2711,#2709);
#2711=PRODUCT_DEFINITION_FORMATION('',$,#2716);
#2712=PRODUCT_RELATED_PRODUCT_CATEGORY('FC-DLF2218-2R5-100A-LF v3',
'FC-DLF2218-2R5-100A-LF v3',(#2716));
#2713=APPLICATION_PROTOCOL_DEFINITION('international standard',
'automotive_design',2009,#2714);
#2714=APPLICATION_CONTEXT(
'Core Data for Automotive Mechanical Design Process');
#2715=PRODUCT_CONTEXT('part definition',#2714,'mechanical');
#2716=PRODUCT('FC-DLF2218-2R5-100A-LF','FC-DLF2218-2R5-100A-LF v3',$,(#2715));
#2717=PRESENTATION_STYLE_ASSIGNMENT((#2720));
#2718=PRESENTATION_STYLE_ASSIGNMENT((#2721));
#2719=PRESENTATION_STYLE_ASSIGNMENT((#2722));
#2720=SURFACE_STYLE_USAGE(.BOTH.,#2723);
#2721=SURFACE_STYLE_USAGE(.BOTH.,#2724);
#2722=SURFACE_STYLE_USAGE(.BOTH.,#2725);
#2723=SURFACE_SIDE_STYLE('',(#2726));
#2724=SURFACE_SIDE_STYLE('',(#2727));
#2725=SURFACE_SIDE_STYLE('',(#2728));
#2726=SURFACE_STYLE_FILL_AREA(#2729);
#2727=SURFACE_STYLE_FILL_AREA(#2730);
#2728=SURFACE_STYLE_FILL_AREA(#2731);
#2729=FILL_AREA_STYLE('Steel - Satin',(#2732));
#2730=FILL_AREA_STYLE('Steel - Satin',(#2733));
#2731=FILL_AREA_STYLE('Aluminum - Satin',(#2734));
#2732=FILL_AREA_STYLE_COLOUR('Steel - Satin',#2735);
#2733=FILL_AREA_STYLE_COLOUR('Steel - Satin',#2736);
#2734=FILL_AREA_STYLE_COLOUR('Aluminum - Satin',#2737);
#2735=COLOUR_RGB('Steel - Satin',0.627450980392157,0.627450980392157,0.627450980392157);
#2736=COLOUR_RGB('Steel - Satin',0.43921568627451,0.435294117647059,0.435294117647059);
#2737=COLOUR_RGB('Aluminum - Satin',0.96078431372549,0.96078431372549,0.964705882352941);
ENDSEC;
END-ISO-10303-21;
