ISO-10303-21;
HEADER;
FILE_DESCRIPTION (( 'STEP AP214' ),
    '1' );
FILE_NAME ('YFF18SC1H102M.STEP',
    '2021-08-23T13:51:19',
    ( '' ),
    ( '' ),
    'SwSTEP 2.0',
    'SolidWorks 2017',
    '' );
FILE_SCHEMA (( 'AUTOMOTIVE_DESIGN' ));
ENDSEC;

DATA;
#1 = FACE_OUTER_BOUND ( 'NONE', #2129, .T. ) ;
#2 = DIRECTION ( 'NONE',  ( 0.0000000000000000000, 0.0000000000000000000, -1.000000000000000000 ) ) ;
#3 = CARTESIAN_POINT ( 'NONE',  ( -5.421010862427523400E-017, 0.6750000000000000400, -0.4000000000000000800 ) ) ;
#4 = ORIENTED_EDGE ( 'NONE', *, *, #2472, .T. ) ;
#5 = SURFACE_STYLE_FILL_AREA ( #2724 ) ;
#6 = AXIS2_PLACEMENT_3D ( 'NONE', #1556, #2402, #337 ) ;
#7 = ORIENTED_EDGE ( 'NONE', *, *, #2235, .T. ) ;
#8 = ORIENTED_EDGE ( 'NONE', *, *, #1360, .F. ) ;
#9 = DIRECTION ( 'NONE',  ( -0.0000000000000000000, -1.000000000000000000, -0.0000000000000000000 ) ) ;
#10 = DIRECTION ( 'NONE',  ( 8.131516293641285200E-016, 0.0000000000000000000, -1.000000000000000000 ) ) ;
#11 = ORIENTED_EDGE ( 'NONE', *, *, #1308, .F. ) ;
#12 = ORIENTED_EDGE ( 'NONE', *, *, #2447, .F. ) ;
#13 = PLANE ( 'NONE',  #49 ) ;
#14 = ORIENTED_EDGE ( 'NONE', *, *, #641, .T. ) ;
#15 =( NAMED_UNIT ( * ) SI_UNIT ( $, .STERADIAN. ) SOLID_ANGLE_UNIT ( ) );
#16 = ORIENTED_EDGE ( 'NONE', *, *, #932, .F. ) ;
#17 = CIRCLE ( 'NONE', #621, 0.02500000000000001200 ) ;
#18 = CARTESIAN_POINT ( 'NONE',  ( -0.7750000000000002400, 0.02500000000000000100, 0.0000000000000000000 ) ) ;
#19 = ORIENTED_EDGE ( 'NONE', *, *, #130, .F. ) ;
#20 = DIRECTION ( 'NONE',  ( -1.355252715606879100E-016, 0.0000000000000000000, -1.000000000000000000 ) ) ;
#21 = VERTEX_POINT ( 'NONE', #2292 ) ;
#22 = SURFACE_STYLE_FILL_AREA ( #1147 ) ;
#23 = FACE_OUTER_BOUND ( 'NONE', #446, .T. ) ;
#24 =( NAMED_UNIT ( * ) PLANE_ANGLE_UNIT ( ) SI_UNIT ( $, .RADIAN. ) );
#25 = EDGE_CURVE ( 'NONE', #430, #2186, #1342, .T. ) ;
#26 = DIRECTION ( 'NONE',  ( -1.000000000000000000, 0.0000000000000000000, 1.355252715606880500E-016 ) ) ;
#27 = CYLINDRICAL_SURFACE ( 'NONE', #1248, 0.02500000000000001200 ) ;
#28 = DIRECTION ( 'NONE',  ( 0.0000000000000000000, 0.0000000000000000000, -1.000000000000000000 ) ) ;
#29 = PRESENTATION_LAYER_ASSIGNMENT (  '', '', ( #83 ) ) ;
#30 = DIRECTION ( 'NONE',  ( 1.355252715606879100E-016, 0.0000000000000000000, 1.000000000000000000 ) ) ;
#31 = CIRCLE ( 'NONE', #1496, 0.02499999999999995600 ) ;
#32 = AXIS2_PLACEMENT_3D ( 'NONE', #1050, #2067, #1436 ) ;
#33 =( LENGTH_UNIT ( ) NAMED_UNIT ( * ) SI_UNIT ( .MILLI., .METRE. ) );
#34 = DIRECTION ( 'NONE',  ( -1.301042606982604700E-014, 0.0000000000000000000, 1.000000000000000000 ) ) ;
#35 = DIRECTION ( 'NONE',  ( 0.0000000000000000000, 1.000000000000000000, 0.0000000000000000000 ) ) ;
#36 = CIRCLE ( 'NONE', #844, 0.02500000000000000100 ) ;
#37 = MANIFOLD_SOLID_BREP ( 'Pin 4', #2428 ) ;
#38 = ORIENTED_EDGE ( 'NONE', *, *, #1151, .T. ) ;
#39 = EDGE_CURVE ( 'NONE', #1184, #1380, #346, .T. ) ;
#40 =( NAMED_UNIT ( * ) PLANE_ANGLE_UNIT ( ) SI_UNIT ( $, .RADIAN. ) );
#41 = CIRCLE ( 'NONE', #1828, 0.02499999999999995600 ) ;
#42 = EDGE_LOOP ( 'NONE', ( #1904, #452, #1256, #1028 ) ) ;
#43 = ORIENTED_EDGE ( 'NONE', *, *, #1004, .F. ) ;
#44 = EDGE_CURVE ( 'NONE', #2003, #282, #716, .T. ) ;
#45 = VERTEX_POINT ( 'NONE', #652 ) ;
#46 = CARTESIAN_POINT ( 'NONE',  ( 0.7250000000000002000, 0.6750000000000000400, -0.3750000000000004400 ) ) ;
#47 = ORIENTED_EDGE ( 'NONE', *, *, #1803, .T. ) ;
#48 = FILL_AREA_STYLE_COLOUR ( '', #1813 ) ;
#49 = AXIS2_PLACEMENT_3D ( 'NONE', #1696, #1933, #1487 ) ;
#50 = ORIENTED_EDGE ( 'NONE', *, *, #702, .T. ) ;
#51 = LINE ( 'NONE', #1346, #89 ) ;
#52 = ORIENTED_EDGE ( 'NONE', *, *, #369, .F. ) ;
#53 = CARTESIAN_POINT ( 'NONE',  ( -0.7750000000000002400, 0.6750000000000000400, 0.3750000000000001100 ) ) ;
#54 =( GEOMETRIC_REPRESENTATION_CONTEXT ( 3 ) GLOBAL_UNCERTAINTY_ASSIGNED_CONTEXT ( ( #1120 ) ) GLOBAL_UNIT_ASSIGNED_CONTEXT ( ( #2120, #24, #1925 ) ) REPRESENTATION_CONTEXT ( 'NONE', 'WORKASPACE' ) );
#55 = CIRCLE ( 'NONE', #143, 0.02500000000000001200 ) ;
#56 = ORIENTED_EDGE ( 'NONE', *, *, #1604, .T. ) ;
#57 = FACE_OUTER_BOUND ( 'NONE', #1142, .T. ) ;
#58 = DIRECTION ( 'NONE',  ( -2.168404344971008100E-015, -0.0000000000000000000, -1.000000000000000000 ) ) ;
#59 = CARTESIAN_POINT ( 'NONE',  ( -0.2000000000000001800, 0.02500000000000001200, 0.3750000000000000600 ) ) ;
#60 = CARTESIAN_POINT ( 'NONE',  ( 2.032879073410347600E-015, 0.6750000000000000400, -0.3750000000000043300 ) ) ;
#61 = SPHERICAL_SURFACE ( 'NONE', #506, 0.02500000000000000100 ) ;
#62 = CARTESIAN_POINT ( 'NONE',  ( -0.1749999999999999900, 0.6999999999999999600, -0.3750000000000000600 ) ) ;
#63 = EDGE_CURVE ( 'NONE', #991, #2330, #2279, .T. ) ;
#64 = DIRECTION ( 'NONE',  ( 0.0000000000000000000, 1.000000000000000000, 0.0000000000000000000 ) ) ;
#65 = FACE_OUTER_BOUND ( 'NONE', #509, .T. ) ;
#66 = CARTESIAN_POINT ( 'NONE',  ( -0.1749999999999998800, 0.6750000000000000400, 4.743384504624079400E-017 ) ) ;
#67 = AXIS2_PLACEMENT_3D ( 'NONE', #750, #1591, #1392 ) ;
#68 = DIRECTION ( 'NONE',  ( 0.0000000000000000000, 0.0000000000000000000, -1.000000000000000000 ) ) ;
#69 = PLANE ( 'NONE',  #1335 ) ;
#70 = DIRECTION ( 'NONE',  ( 0.0000000000000000000, 1.000000000000000000, 0.0000000000000000000 ) ) ;
#71 = CIRCLE ( 'NONE', #158, 0.02500000000000001200 ) ;
#72 = DIRECTION ( 'NONE',  ( -3.252606517456519600E-015, 0.0000000000000000000, -1.000000000000000000 ) ) ;
#73 = VECTOR ( 'NONE', #1491, 1000.000000000000000 ) ;
#74 = CARTESIAN_POINT ( 'NONE',  ( 0.7000000000000002900, 0.02500000000000001200, 0.3750000000000000000 ) ) ;
#75 = DIRECTION ( 'NONE',  ( 1.355252715606880500E-016, -0.0000000000000000000, 1.000000000000000000 ) ) ;
#76 = ADVANCED_FACE ( 'NONE', ( #1 ), #1872, .T. ) ;
#77 = DIRECTION ( 'NONE',  ( -0.0000000000000000000, -1.000000000000000000, -0.0000000000000000000 ) ) ;
#78 = PRESENTATION_STYLE_ASSIGNMENT (( #420 ) ) ;
#79 = EDGE_CURVE ( 'NONE', #1910, #287, #1046, .T. ) ;
#80 = CARTESIAN_POINT ( 'NONE',  ( 0.7250000000000002000, 0.6750000000000000400, 0.3750000000000002200 ) ) ;
#81 = VERTEX_POINT ( 'NONE', #62 ) ;
#82 = ORIENTED_EDGE ( 'NONE', *, *, #1124, .F. ) ;
#83 = STYLED_ITEM ( 'NONE', ( #78 ), #37 ) ;
#84 = CARTESIAN_POINT ( 'NONE',  ( -0.1750000000000000700, 0.0000000000000000000, 0.3000000000000002100 ) ) ;
#85 = ORIENTED_EDGE ( 'NONE', *, *, #1047, .F. ) ;
#86 = VERTEX_POINT ( 'NONE', #2572 ) ;
#87 = DIRECTION ( 'NONE',  ( 5.421010862427535600E-015, 0.0000000000000000000, -1.000000000000000000 ) ) ;
#88 = ORIENTED_EDGE ( 'NONE', *, *, #44, .F. ) ;
#89 = VECTOR ( 'NONE', #2656, 1000.000000000000000 ) ;
#90 = AXIS2_PLACEMENT_3D ( 'NONE', #2638, #941, #1543 ) ;
#91 = ORIENTED_EDGE ( 'NONE', *, *, #1278, .F. ) ;
#92 = VECTOR ( 'NONE', #2336, 1000.000000000000000 ) ;
#93 = ADVANCED_FACE ( 'NONE', ( #2023 ), #2520, .T. ) ;
#94 = VECTOR ( 'NONE', #617, 1000.000000000000000 ) ;
#95 = CARTESIAN_POINT ( 'NONE',  ( -0.1749999999999999900, 0.6999999999999999600, -0.3750000000000000600 ) ) ;
#96 = LINE ( 'NONE', #2300, #2575 ) ;
#97 = SHAPE_DEFINITION_REPRESENTATION ( #724, #2586 ) ;
#98 = CARTESIAN_POINT ( 'NONE',  ( -0.1896446609406726700, -8.967268572796489600E-019, 0.3103553390593276100 ) ) ;
#99 = FACE_OUTER_BOUND ( 'NONE', #1353, .T. ) ;
#100 = DIRECTION ( 'NONE',  ( 0.0000000000000000000, -0.0000000000000000000, 1.000000000000000000 ) ) ;
#101 = EDGE_CURVE ( 'NONE', #1840, #1902, #1801, .T. ) ;
#102 = AXIS2_PLACEMENT_3D ( 'NONE', #2420, #1168, #1600 ) ;
#103 = ADVANCED_FACE ( 'NONE', ( #503 ), #1502, .T. ) ;
#104 = CARTESIAN_POINT ( 'NONE',  ( -0.2000000000000000100, 0.6750000000000000400, -0.4000000000000000800 ) ) ;
#105 = PLANE ( 'NONE',  #748 ) ;
#106 = LINE ( 'NONE', #376, #1304 ) ;
#107 = VERTEX_POINT ( 'NONE', #248 ) ;
#108 = LINE ( 'NONE', #984, #592 ) ;
#109 = EDGE_LOOP ( 'NONE', ( #1223, #1060, #666, #783 ) ) ;
#110 = CARTESIAN_POINT ( 'NONE',  ( -0.7250000000000003100, 0.02500000000000000100, -0.3750000000000000600 ) ) ;
#111 = ORIENTED_EDGE ( 'NONE', *, *, #311, .F. ) ;
#112 = DIRECTION ( 'NONE',  ( 2.710505431213761600E-016, 0.0000000000000000000, 1.000000000000000000 ) ) ;
#113 = CARTESIAN_POINT ( 'NONE',  ( 0.7750000000000001300, 0.02499999999999995600, 0.4000000000000000800 ) ) ;
#114 = EDGE_LOOP ( 'NONE', ( #2628, #1048, #514, #1562 ) ) ;
#115 = EDGE_CURVE ( 'NONE', #389, #636, #2556, .T. ) ;
#116 = VERTEX_POINT ( 'NONE', #489 ) ;
#117 = ADVANCED_FACE ( 'NONE', ( #444 ), #954, .T. ) ;
#118 = ORIENTED_EDGE ( 'NONE', *, *, #641, .F. ) ;
#119 = CYLINDRICAL_SURFACE ( 'NONE', #1111, 0.02500000000000001200 ) ;
#120 = ORIENTED_EDGE ( 'NONE', *, *, #880, .T. ) ;
#121 = ORIENTED_EDGE ( 'NONE', *, *, #2032, .T. ) ;
#122 = CYLINDRICAL_SURFACE ( 'NONE', #1099, 0.02499999999999995600 ) ;
#123 = CARTESIAN_POINT ( 'NONE',  ( 0.1749999999999998500, 0.6750000000000000400, 0.3750000000000003900 ) ) ;
#124 = SURFACE_STYLE_FILL_AREA ( #655 ) ;
#125 = CARTESIAN_POINT ( 'NONE',  ( 0.1999999999999998700, 0.6750000000000000400, 0.3750000000000000600 ) ) ;
#126 = CYLINDRICAL_SURFACE ( 'NONE', #1726, 0.02500000000000001200 ) ;
#127 = UNCERTAINTY_MEASURE_WITH_UNIT (LENGTH_MEASURE( 1.000000000000000100E-005 ), #1287, 'distance_accuracy_value', 'NONE');
#128 = DIRECTION ( 'NONE',  ( 1.000000000000000000, 0.0000000000000000000, -1.355252715606880500E-016 ) ) ;
#129 = ADVANCED_FACE ( 'NONE', ( #1531 ), #1467, .T. ) ;
#130 = EDGE_CURVE ( 'NONE', #1812, #86, #629, .T. ) ;
#131 = DIRECTION ( 'NONE',  ( 0.0000000000000000000, -1.000000000000000000, -0.0000000000000000000 ) ) ;
#132 = FACE_OUTER_BOUND ( 'NONE', #1316, .T. ) ;
#133 = EDGE_CURVE ( 'NONE', #319, #537, #1965, .T. ) ;
#134 = VECTOR ( 'NONE', #2144, 1000.000000000000000 ) ;
#135 = CARTESIAN_POINT ( 'NONE',  ( -0.1999999999999999800, 0.6750000000000000400, -0.3750000000000000600 ) ) ;
#136 = AXIS2_PLACEMENT_3D ( 'NONE', #1662, #2276, #1245 ) ;
#137 = DIRECTION ( 'NONE',  ( 0.0000000000000000000, 0.0000000000000000000, -1.000000000000000000 ) ) ;
#138 = CARTESIAN_POINT ( 'NONE',  ( -0.1750000000000001300, 0.02499999999999995600, 0.3750000000000001700 ) ) ;
#139 = FACE_OUTER_BOUND ( 'NONE', #312, .T. ) ;
#140 = CARTESIAN_POINT ( 'NONE',  ( 0.1749999999999998800, 0.6999999999999999600, 0.3250000000000004600 ) ) ;
#141 = DIRECTION ( 'NONE',  ( -1.084202172485505800E-015, 0.0000000000000000000, -1.000000000000000000 ) ) ;
#142 = VERTEX_POINT ( 'NONE', #1509 ) ;
#143 = AXIS2_PLACEMENT_3D ( 'NONE', #2471, #206, #1424 ) ;
#144 = ADVANCED_FACE ( 'NONE', ( #1339 ), #780, .T. ) ;
#145 = CARTESIAN_POINT ( 'NONE',  ( 0.1999999999999999800, 0.6750000000000000400, -0.3750000000000000600 ) ) ;
#146 = DIRECTION ( 'NONE',  ( -0.0000000000000000000, 1.000000000000000000, -0.0000000000000000000 ) ) ;
#147 = ORIENTED_EDGE ( 'NONE', *, *, #1735, .F. ) ;
#148 = CARTESIAN_POINT ( 'NONE',  ( -0.1750000000000001300, 0.0000000000000000000, 0.3750000000000001700 ) ) ;
#149 = ORIENTED_EDGE ( 'NONE', *, *, #1894, .T. ) ;
#150 = EDGE_LOOP ( 'NONE', ( #422, #1848, #888, #221 ) ) ;
#151 = EDGE_CURVE ( 'NONE', #2427, #784, #985, .T. ) ;
#152 = DIRECTION ( 'NONE',  ( 0.0000000000000000000, -1.000000000000000000, 0.0000000000000000000 ) ) ;
#153 = DIRECTION ( 'NONE',  ( 0.0000000000000000000, 0.0000000000000000000, -1.000000000000000000 ) ) ;
#154 = ORIENTED_EDGE ( 'NONE', *, *, #1768, .F. ) ;
#155 = FACE_OUTER_BOUND ( 'NONE', #2660, .T. ) ;
#156 = VERTEX_POINT ( 'NONE', #660 ) ;
#157 = FACE_OUTER_BOUND ( 'NONE', #254, .T. ) ;
#158 = AXIS2_PLACEMENT_3D ( 'NONE', #1876, #2082, #1041 ) ;
#159 = DIRECTION ( 'NONE',  ( 0.0000000000000000000, -1.000000000000000000, 0.0000000000000000000 ) ) ;
#160 = CARTESIAN_POINT ( 'NONE',  ( -0.7250000000000003100, 0.6750000000000000400, -0.3750000000000000600 ) ) ;
#161 = ADVANCED_FACE ( 'NONE', ( #1995 ), #2453, .T. ) ;
#162 = LINE ( 'NONE', #1222, #939 ) ;
#163 = STYLED_ITEM ( 'NONE', ( #2162 ), #2370 ) ;
#164 = CYLINDRICAL_SURFACE ( 'NONE', #375, 0.02500000000000001200 ) ;
#165 = DIRECTION ( 'NONE',  ( 1.000000000000000000, 0.0000000000000000000, -2.710505431213761600E-016 ) ) ;
#166 = MANIFOLD_SOLID_BREP ( 'Pin 3', #2659 ) ;
#167 = DIRECTION ( 'NONE',  ( -1.000000000000000000, 0.0000000000000000000, 0.0000000000000000000 ) ) ;
#168 = CARTESIAN_POINT ( 'NONE',  ( 0.1749999999999999900, 0.6750000000000000400, -0.3750000000000001100 ) ) ;
#169 = FACE_OUTER_BOUND ( 'NONE', #2493, .T. ) ;
#170 = DIRECTION ( 'NONE',  ( -1.761828530288943900E-015, -1.000000000000000000, -1.910178320086215400E-030 ) ) ;
#171 = EDGE_CURVE ( 'NONE', #2622, #220, #1737, .T. ) ;
#172 = DIRECTION ( 'NONE',  ( -1.000000000000000000, 0.0000000000000000000, -8.131516293641285200E-016 ) ) ;
#173 = DIRECTION ( 'NONE',  ( -1.000000000000000000, 0.0000000000000000000, -8.131516293641279300E-016 ) ) ;
#174 = DIRECTION ( 'NONE',  ( -1.000000000000000000, 0.0000000000000000000, -8.131516293641285200E-016 ) ) ;
#175 = ADVANCED_FACE ( 'NONE', ( #850 ), #708, .F. ) ;
#176 = AXIS2_PLACEMENT_3D ( 'NONE', #1493, #1309, #669 ) ;
#177 = ORIENTED_EDGE ( 'NONE', *, *, #2194, .F. ) ;
#178 = CARTESIAN_POINT ( 'NONE',  ( -0.7750000000000002400, 0.6750000000000000400, -0.3750000000000000600 ) ) ;
#179 = VECTOR ( 'NONE', #642, 1000.000000000000000 ) ;
#180 = PRESENTATION_LAYER_ASSIGNMENT (  '', '', ( #2639 ) ) ;
#181 = DIRECTION ( 'NONE',  ( -1.000000000000000000, 0.0000000000000000000, 4.336808689942016200E-015 ) ) ;
#182 = CARTESIAN_POINT ( 'NONE',  ( 0.0000000000000000000, 0.6999999999999999600, 0.0000000000000000000 ) ) ;
#183 = ORIENTED_EDGE ( 'NONE', *, *, #1803, .F. ) ;
#184 = ORIENTED_EDGE ( 'NONE', *, *, #779, .T. ) ;
#185 = ORIENTED_EDGE ( 'NONE', *, *, #2509, .F. ) ;
#186 = VERTEX_POINT ( 'NONE', #2597 ) ;
#187 = ORIENTED_EDGE ( 'NONE', *, *, #2270, .T. ) ;
#188 = EDGE_CURVE ( 'NONE', #701, #828, #2339, .T. ) ;
#189 = ORIENTED_EDGE ( 'NONE', *, *, #1751, .F. ) ;
#190 = CYLINDRICAL_SURFACE ( 'NONE', #1072, 0.02500000000000001200 ) ;
#191 = ADVANCED_FACE ( 'NONE', ( #417 ), #379, .T. ) ;
#192 = ORIENTED_EDGE ( 'NONE', *, *, #171, .T. ) ;
#193 = CARTESIAN_POINT ( 'NONE',  ( -0.2000000000000000900, 0.6999999999999999600, 0.3000000000000002100 ) ) ;
#194 = ORIENTED_EDGE ( 'NONE', *, *, #2562, .T. ) ;
#195 = LINE ( 'NONE', #861, #1852 ) ;
#196 = EDGE_CURVE ( 'NONE', #2153, #1473, #216, .T. ) ;
#197 = DIRECTION ( 'NONE',  ( 0.0000000000000000000, 1.000000000000000000, -0.0000000000000000000 ) ) ;
#198 = VECTOR ( 'NONE', #970, 1000.000000000000000 ) ;
#199 = AXIS2_PLACEMENT_3D ( 'NONE', #1665, #2683, #437 ) ;
#200 = DIRECTION ( 'NONE',  ( 0.0000000000000000000, 1.000000000000000000, 0.0000000000000000000 ) ) ;
#201 = CARTESIAN_POINT ( 'NONE',  ( -2.710505431213763100E-016, 0.02499999999999995600, 0.4000000000000003000 ) ) ;
#202 = DIRECTION ( 'NONE',  ( 0.0000000000000000000, 1.000000000000000000, 0.0000000000000000000 ) ) ;
#203 = PRODUCT_DEFINITION ( 'UNKNOWN', '', #400, #1211 ) ;
#204 = DIRECTION ( 'NONE',  ( 0.0000000000000000000, 0.0000000000000000000, -1.000000000000000000 ) ) ;
#205 = DIRECTION ( 'NONE',  ( 1.000000000000000000, 0.0000000000000000000, -1.355252715606880000E-016 ) ) ;
#206 = DIRECTION ( 'NONE',  ( -1.000000000000000000, 0.0000000000000000000, -4.336808689942006700E-015 ) ) ;
#207 = DIRECTION ( 'NONE',  ( 1.084202172485506200E-015, -0.0000000000000000000, -1.000000000000000000 ) ) ;
#208 = DIRECTION ( 'NONE',  ( 0.0000000000000000000, -1.000000000000000000, 0.0000000000000000000 ) ) ;
#209 = EDGE_CURVE ( 'NONE', #2533, #430, #2551, .T. ) ;
#210 = VECTOR ( 'NONE', #207, 1000.000000000000000 ) ;
#211 = CARTESIAN_POINT ( 'NONE',  ( 0.2000000000000001800, 0.6999999999999999600, 1.626303258728258400E-016 ) ) ;
#212 = DIRECTION ( 'NONE',  ( 2.710505431213761600E-016, 0.0000000000000000000, 1.000000000000000000 ) ) ;
#213 = PLANE ( 'NONE',  #136 ) ;
#214 = FACE_OUTER_BOUND ( 'NONE', #2321, .T. ) ;
#215 = ORIENTED_EDGE ( 'NONE', *, *, #842, .F. ) ;
#216 = CIRCLE ( 'NONE', #1703, 0.02500000000000001200 ) ;
#217 = AXIS2_PLACEMENT_3D ( 'NONE', #46, #2582, #1731 ) ;
#218 = ORIENTED_EDGE ( 'NONE', *, *, #1931, .F. ) ;
#219 = DIRECTION ( 'NONE',  ( -1.000000000000000000, 0.0000000000000000000, 1.084202172485506400E-015 ) ) ;
#220 = VERTEX_POINT ( 'NONE', #2579 ) ;
#221 = ORIENTED_EDGE ( 'NONE', *, *, #583, .F. ) ;
#222 = ORIENTED_EDGE ( 'NONE', *, *, #1688, .T. ) ;
#223 =( LENGTH_UNIT ( ) NAMED_UNIT ( * ) SI_UNIT ( .MILLI., .METRE. ) );
#224 = ORIENTED_EDGE ( 'NONE', *, *, #460, .F. ) ;
#225 = VECTOR ( 'NONE', #817, 1000.000000000000000 ) ;
#226 = EDGE_CURVE ( 'NONE', #721, #2003, #661, .T. ) ;
#227 = FACE_OUTER_BOUND ( 'NONE', #777, .T. ) ;
#228 = CARTESIAN_POINT ( 'NONE',  ( -0.7750000000000002400, 0.02500000000000000100, -0.3750000000000000000 ) ) ;
#229 = LINE ( 'NONE', #1207, #1619 ) ;
#230 = EDGE_CURVE ( 'NONE', #1184, #2531, #1077, .T. ) ;
#231 = DIRECTION ( 'NONE',  ( 2.710505431213761600E-016, 0.0000000000000000000, 1.000000000000000000 ) ) ;
#232 = VECTOR ( 'NONE', #2337, 1000.000000000000000 ) ;
#233 =( NAMED_UNIT ( * ) PLANE_ANGLE_UNIT ( ) SI_UNIT ( $, .RADIAN. ) );
#234 = AXIS2_PLACEMENT_3D ( 'NONE', #2550, #1721, #469 ) ;
#235 = DIRECTION ( 'NONE',  ( -8.131516293641285200E-016, -0.0000000000000000000, 1.000000000000000000 ) ) ;
#236 = DIRECTION ( 'NONE',  ( 1.000000000000000000, -0.0000000000000000000, -3.252606517456522400E-015 ) ) ;
#237 = CARTESIAN_POINT ( 'NONE',  ( 0.1749999999999998500, 0.0000000000000000000, 0.3750000000000004400 ) ) ;
#238 = DIRECTION ( 'NONE',  ( -1.000000000000000000, -1.761828530288947900E-015, -2.168404344971012800E-015 ) ) ;
#239 = CARTESIAN_POINT ( 'NONE',  ( 1.301042606982617500E-015, 0.02499999999999995600, 0.4000000000000026300 ) ) ;
#240 = FILL_AREA_STYLE_COLOUR ( '', #1892 ) ;
#241 = FACE_OUTER_BOUND ( 'NONE', #2383, .T. ) ;
#242 = EDGE_CURVE ( 'NONE', #1846, #1707, #344, .T. ) ;
#243 = EDGE_LOOP ( 'NONE', ( #1939, #952, #1542 ) ) ;
#244 = DIRECTION ( 'NONE',  ( 0.0000000000000000000, 0.0000000000000000000, 1.000000000000000000 ) ) ;
#245 = VERTEX_POINT ( 'NONE', #501 ) ;
#246 = UNCERTAINTY_MEASURE_WITH_UNIT (LENGTH_MEASURE( 1.000000000000000100E-005 ), #223, 'distance_accuracy_value', 'NONE');
#247 = AXIS2_PLACEMENT_3D ( 'NONE', #1297, #1108, #2576 ) ;
#248 = CARTESIAN_POINT ( 'NONE',  ( -0.1749999999999999600, 0.0000000000000000000, -0.3250000000000000700 ) ) ;
#249 = VERTEX_POINT ( 'NONE', #529 ) ;
#250 = ORIENTED_EDGE ( 'NONE', *, *, #2684, .F. ) ;
#251 = PLANE ( 'NONE',  #2679 ) ;
#252 = ORIENTED_EDGE ( 'NONE', *, *, #2477, .F. ) ;
#253 = CARTESIAN_POINT ( 'NONE',  ( -0.2000000000000000100, 0.6750000000000000400, -0.3750000000000000600 ) ) ;
#254 = EDGE_LOOP ( 'NONE', ( #987, #787, #215 ) ) ;
#255 = VECTOR ( 'NONE', #1390, 1000.000000000000000 ) ;
#256 = CARTESIAN_POINT ( 'NONE',  ( 0.7000000000000002900, 0.6750000000000000400, -0.3750000000000000600 ) ) ;
#257 = ORIENTED_EDGE ( 'NONE', *, *, #1700, .F. ) ;
#258 = CARTESIAN_POINT ( 'NONE',  ( -0.1999999999999999600, 0.01035533905932732900, -0.3000000000000000400 ) ) ;
#259 = ORIENTED_EDGE ( 'NONE', *, *, #2546, .T. ) ;
#260 = LINE ( 'NONE', #1116, #1654 ) ;
#261 = CARTESIAN_POINT ( 'NONE',  ( -0.7250000000000003100, 0.6999999999999999600, -0.4000000000000000800 ) ) ;
#262 = LINE ( 'NONE', #2002, #198 ) ;
#263 = PRODUCT_CONTEXT ( 'NONE', #1699, 'mechanical' ) ;
#264 = EDGE_CURVE ( 'NONE', #956, #1406, #474, .T. ) ;
#265 = LINE ( 'NONE', #2095, #2542 ) ;
#266 = CIRCLE ( 'NONE', #1757, 0.02499999999999999800 ) ;
#267 = DIRECTION ( 'NONE',  ( -2.710505431213761600E-016, 0.0000000000000000000, -1.000000000000000000 ) ) ;
#268 = AXIS2_PLACEMENT_3D ( 'NONE', #2717, #197, #2701 ) ;
#269 = CARTESIAN_POINT ( 'NONE',  ( 0.1749999999999998500, 0.6750000000000000400, 0.3750000000000003900 ) ) ;
#270 = DIRECTION ( 'NONE',  ( 1.000000000000000000, -1.761828530288943900E-015, -2.168404344971007700E-015 ) ) ;
#271 = DIRECTION ( 'NONE',  ( 1.000000000000000000, 0.0000000000000000000, -3.252606517456522400E-015 ) ) ;
#272 = CIRCLE ( 'NONE', #1792, 0.02500000000000001200 ) ;
#273 = EDGE_CURVE ( 'NONE', #2500, #1712, #2315, .T. ) ;
#274 = DIRECTION ( 'NONE',  ( 1.000000000000000000, 0.0000000000000000000, 0.0000000000000000000 ) ) ;
#275 = LINE ( 'NONE', #1588, #1113 ) ;
#276 = CARTESIAN_POINT ( 'NONE',  ( 0.7750000000000000200, 0.6750000000000000400, -0.3750000000000001100 ) ) ;
#277 = DIRECTION ( 'NONE',  ( -5.421010862427535600E-015, 0.0000000000000000000, 1.000000000000000000 ) ) ;
#278 = EDGE_CURVE ( 'NONE', #2125, #591, #1734, .T. ) ;
#279 = EDGE_LOOP ( 'NONE', ( #455, #2385, #1314 ) ) ;
#280 = CARTESIAN_POINT ( 'NONE',  ( 0.0000000000000000000, 0.02500000000000001200, 0.0000000000000000000 ) ) ;
#281 = AXIS2_PLACEMENT_3D ( 'NONE', #2511, #231, #465 ) ;
#282 = VERTEX_POINT ( 'NONE', #1798 ) ;
#283 = ORIENTED_EDGE ( 'NONE', *, *, #2032, .F. ) ;
#284 = ADVANCED_FACE ( 'NONE', ( #1239 ), #1593, .T. ) ;
#285 = ORIENTED_EDGE ( 'NONE', *, *, #1894, .F. ) ;
#286 = PRESENTATION_LAYER_ASSIGNMENT (  '', '', ( #342 ) ) ;
#287 = VERTEX_POINT ( 'NONE', #737 ) ;
#288 = LINE ( 'NONE', #1144, #1257 ) ;
#289 = DIRECTION ( 'NONE',  ( 1.000000000000000000, -0.0000000000000000000, -1.084202172485506400E-015 ) ) ;
#290 = CIRCLE ( 'NONE', #625, 0.02500000000000001200 ) ;
#291 = CARTESIAN_POINT ( 'NONE',  ( -0.1749999999999999900, 0.02500000000000000100, -0.4000000000000000800 ) ) ;
#292 = CARTESIAN_POINT ( 'NONE',  ( -0.1749999999999999900, 0.02499999999999995600, -0.3750000000000000600 ) ) ;
#293 = CIRCLE ( 'NONE', #2087, 0.02500000000000001200 ) ;
#294 = CIRCLE ( 'NONE', #2180, 0.02500000000000001200 ) ;
#295 = EDGE_CURVE ( 'NONE', #1712, #319, #2486, .T. ) ;
#296 = DIRECTION ( 'NONE',  ( -0.0000000000000000000, -1.000000000000000000, -1.761828530288944100E-015 ) ) ;
#297 = FACE_OUTER_BOUND ( 'NONE', #1606, .T. ) ;
#298 = AXIS2_PLACEMENT_3D ( 'NONE', #826, #650, #238 ) ;
#299 = DIRECTION ( 'NONE',  ( -0.0000000000000000000, 0.0000000000000000000, 1.000000000000000000 ) ) ;
#300 = ADVANCED_FACE ( 'NONE', ( #2648 ), #2209, .F. ) ;
#301 = CARTESIAN_POINT ( 'NONE',  ( 0.7000000000000002900, 0.6750000000000000400, 0.3750000000000000000 ) ) ;
#302 = CARTESIAN_POINT ( 'NONE',  ( 0.1999999999999998700, 0.6999999999999999600, 0.3750000000000003900 ) ) ;
#303 = AXIS2_PLACEMENT_3D ( 'NONE', #123, #1788, #2193 ) ;
#304 = VECTOR ( 'NONE', #235, 1000.000000000000000 ) ;
#305 = CIRCLE ( 'NONE', #2530, 0.02500000000000001200 ) ;
#306 = DIRECTION ( 'NONE',  ( -1.084202172485506400E-015, 0.0000000000000000000, -1.000000000000000000 ) ) ;
#307 = DIRECTION ( 'NONE',  ( -0.0000000000000000000, 1.000000000000000000, -0.0000000000000000000 ) ) ;
#308 = ORIENTED_EDGE ( 'NONE', *, *, #1308, .T. ) ;
#309 = PRESENTATION_STYLE_ASSIGNMENT (( #2544 ) ) ;
#310 = DIRECTION ( 'NONE',  ( 1.000000000000000000, 0.0000000000000000000, 0.0000000000000000000 ) ) ;
#311 = EDGE_CURVE ( 'NONE', #1736, #1186, #108, .T. ) ;
#312 = EDGE_LOOP ( 'NONE', ( #1179, #426, #1637, #2561 ) ) ;
#313 = CARTESIAN_POINT ( 'NONE',  ( 0.7000000000000001800, 0.0000000000000000000, -0.3750000000000004400 ) ) ;
#314 = VERTEX_POINT ( 'NONE', #972 ) ;
#315 = EDGE_CURVE ( 'NONE', #1444, #543, #527, .T. ) ;
#316 = CARTESIAN_POINT ( 'NONE',  ( -4.404571325722362400E-017, 0.02499999999999995600, -0.3250000000000000700 ) ) ;
#317 = ORIENTED_EDGE ( 'NONE', *, *, #2447, .T. ) ;
#318 = ORIENTED_EDGE ( 'NONE', *, *, #969, .F. ) ;
#319 = VERTEX_POINT ( 'NONE', #1171 ) ;
#320 = DIRECTION ( 'NONE',  ( 0.0000000000000000000, 0.0000000000000000000, 1.000000000000000000 ) ) ;
#321 = ORIENTED_EDGE ( 'NONE', *, *, #311, .T. ) ;
#322 = LINE ( 'NONE', #1523, #1684 ) ;
#323 = AXIS2_PLACEMENT_3D ( 'NONE', #1879, #1452, #34 ) ;
#324 = ORIENTED_EDGE ( 'NONE', *, *, #1625, .F. ) ;
#325 = DIRECTION ( 'NONE',  ( 0.0000000000000000000, 1.000000000000000000, 0.0000000000000000000 ) ) ;
#326 = ORIENTED_EDGE ( 'NONE', *, *, #603, .F. ) ;
#327 = VECTOR ( 'NONE', #1458, 1000.000000000000000 ) ;
#328 = CARTESIAN_POINT ( 'NONE',  ( 2.168404344971036100E-015, 0.6750000000000000400, -0.4000000000000043500 ) ) ;
#329 = ADVANCED_FACE ( 'NONE', ( #214 ), #1174, .T. ) ;
#330 = EDGE_CURVE ( 'NONE', #1941, #430, #2143, .T. ) ;
#331 = CARTESIAN_POINT ( 'NONE',  ( 0.1896446609406724500, -3.111718528606543400E-017, 0.3103553390593278300 ) ) ;
#332 =( BOUNDED_CURVE ( )  B_SPLINE_CURVE ( 3, ( #2650, #990, #2230, #976 ),
 .UNSPECIFIED., .F., .T. ) 
 B_SPLINE_CURVE_WITH_KNOTS ( ( 4, 4 ),
 ( 3.141592653589793100, 4.712388980384690600 ),
 .UNSPECIFIED. ) 
 CURVE ( )  GEOMETRIC_REPRESENTATION_ITEM ( )  RATIONAL_B_SPLINE_CURVE ( ( 1.000000000000000000, 0.8047378541243648300, 0.8047378541243648300, 1.000000000000000000 ) ) 
 REPRESENTATION_ITEM ( '' )  );
#333 = CYLINDRICAL_SURFACE ( 'NONE', #2110, 0.02500000000000001200 ) ;
#334 = EDGE_CURVE ( 'NONE', #862, #699, #275, .T. ) ;
#335 = CARTESIAN_POINT ( 'NONE',  ( 0.7000000000000002900, 0.02500000000000001200, -0.3750000000000000600 ) ) ;
#336 = AXIS2_PLACEMENT_3D ( 'NONE', #276, #2614, #1571 ) ;
#337 = DIRECTION ( 'NONE',  ( 0.0000000000000000000, 0.0000000000000000000, -1.000000000000000000 ) ) ;
#338 = CARTESIAN_POINT ( 'NONE',  ( -0.1999999999999999800, 0.6750000000000000400, -0.3750000000000000600 ) ) ;
#339 = DIRECTION ( 'NONE',  ( 1.084202172485503800E-015, 0.0000000000000000000, -1.000000000000000000 ) ) ;
#340 = DIRECTION ( 'NONE',  ( -2.710505431213761600E-016, -0.0000000000000000000, -1.000000000000000000 ) ) ;
#341 = FACE_OUTER_BOUND ( 'NONE', #1114, .T. ) ;
#342 = STYLED_ITEM ( 'NONE', ( #1800 ), #2586 ) ;
#343 = ADVANCED_FACE ( 'NONE', ( #1366 ), #1934, .T. ) ;
#344 = CIRCLE ( 'NONE', #1984, 0.02500000000000001200 ) ;
#345 = CARTESIAN_POINT ( 'NONE',  ( 0.2000000000000000100, 0.0000000000000000000, -0.3750000000000001100 ) ) ;
#346 = CIRCLE ( 'NONE', #2361, 0.02500000000000001200 ) ;
#347 = DIRECTION ( 'NONE',  ( -0.0000000000000000000, -0.0000000000000000000, -1.000000000000000000 ) ) ;
#348 = DIRECTION ( 'NONE',  ( -8.131516293641285200E-016, 0.0000000000000000000, 1.000000000000000000 ) ) ;
#349 = ORIENTED_EDGE ( 'NONE', *, *, #2412, .T. ) ;
#350 = CARTESIAN_POINT ( 'NONE',  ( 0.7999999999999999300, 0.6750000000000000400, -0.3750000000000001700 ) ) ;
#351 = EDGE_CURVE ( 'NONE', #480, #1910, #1701, .T. ) ;
#352 = VERTEX_POINT ( 'NONE', #994 ) ;
#353 = ORIENTED_EDGE ( 'NONE', *, *, #2207, .T. ) ;
#354 = ORIENTED_EDGE ( 'NONE', *, *, #878, .T. ) ;
#355 = EDGE_LOOP ( 'NONE', ( #1649, #1318, #1119, #1504 ) ) ;
#356 = ORIENTED_EDGE ( 'NONE', *, *, #1140, .F. ) ;
#357 = LINE ( 'NONE', #74, #2228 ) ;
#358 = CARTESIAN_POINT ( 'NONE',  ( 0.7999999999999998200, 0.0000000000000000000, -0.3750000000000000000 ) ) ;
#359 = ADVANCED_FACE ( 'NONE', ( #139 ), #624, .T. ) ;
#360 = DIRECTION ( 'NONE',  ( 1.000000000000000000, -1.761828530288943900E-015, 0.0000000000000000000 ) ) ;
#361 = AXIS2_PLACEMENT_3D ( 'NONE', #881, #2139, #903 ) ;
#362 = CARTESIAN_POINT ( 'NONE',  ( -0.1999999999999999800, 0.6750000000000000400, -0.3750000000000000600 ) ) ;
#363 = FACE_OUTER_BOUND ( 'NONE', #150, .T. ) ;
#364 = DIRECTION ( 'NONE',  ( 7.228014483236730100E-016, 0.0000000000000000000, -1.000000000000000000 ) ) ;
#365 = SPHERICAL_SURFACE ( 'NONE', #1960, 0.02500000000000000100 ) ;
#366 = FACE_OUTER_BOUND ( 'NONE', #1446, .T. ) ;
#367 = DIRECTION ( 'NONE',  ( 0.0000000000000000000, 0.0000000000000000000, 1.000000000000000000 ) ) ;
#368 = CARTESIAN_POINT ( 'NONE',  ( 0.2000000000000000400, 0.02499999999999995600, -0.3000000000000001000 ) ) ;
#369 = EDGE_CURVE ( 'NONE', #86, #287, #1765, .T. ) ;
#370 = CARTESIAN_POINT ( 'NONE',  ( 0.7000000000000002900, 0.6750000000000000400, -0.3750000000000000600 ) ) ;
#371 = DIRECTION ( 'NONE',  ( -0.0000000000000000000, -1.000000000000000000, -0.0000000000000000000 ) ) ;
#372 = DIRECTION ( 'NONE',  ( 1.000000000000000000, 0.0000000000000000000, -0.0000000000000000000 ) ) ;
#373 = ADVANCED_FACE ( 'NONE', ( #2346 ), #2687, .T. ) ;
#374 = AXIS2_PLACEMENT_3D ( 'NONE', #1482, #70, #879 ) ;
#375 = AXIS2_PLACEMENT_3D ( 'NONE', #60, #1959, #87 ) ;
#376 = CARTESIAN_POINT ( 'NONE',  ( -0.7000000000000002900, 0.6999999999999999600, -0.3750000000000000600 ) ) ;
#377 = VECTOR ( 'NONE', #1355, 1000.000000000000000 ) ;
#378 = DIRECTION ( 'NONE',  ( 0.0000000000000000000, -1.000000000000000000, 0.0000000000000000000 ) ) ;
#379 = SPHERICAL_SURFACE ( 'NONE', #1554, 0.02500000000000000100 ) ;
#380 = VERTEX_POINT ( 'NONE', #1834 ) ;
#381 = DIRECTION ( 'NONE',  ( 0.0000000000000000000, 1.000000000000000000, 0.0000000000000000000 ) ) ;
#382 = EDGE_LOOP ( 'NONE', ( #2151, #2497, #1416, #2567 ) ) ;
#383 = DIRECTION ( 'NONE',  ( -1.000000000000000000, 0.0000000000000000000, -2.168404344971007700E-015 ) ) ;
#384 = ADVANCED_FACE ( 'NONE', ( #818 ), #2244, .T. ) ;
#385 = ORIENTED_EDGE ( 'NONE', *, *, #2131, .T. ) ;
#386 = EDGE_LOOP ( 'NONE', ( #2104, #259, #2381 ) ) ;
#387 = CARTESIAN_POINT ( 'NONE',  ( -0.1750000000000001600, 0.6750000000000000400, 0.4000000000000001900 ) ) ;
#388 = ORIENTED_EDGE ( 'NONE', *, *, #1140, .T. ) ;
#389 = VERTEX_POINT ( 'NONE', #1441 ) ;
#390 = DIRECTION ( 'NONE',  ( -1.355252715606880000E-016, 0.0000000000000000000, -1.000000000000000000 ) ) ;
#391 = ORIENTED_EDGE ( 'NONE', *, *, #1489, .T. ) ;
#392 = CIRCLE ( 'NONE', #1655, 0.02500000000000001200 ) ;
#393 = EDGE_LOOP ( 'NONE', ( #2075, #2210, #1545, #2564 ) ) ;
#394 = ORIENTED_EDGE ( 'NONE', *, *, #369, .T. ) ;
#395 = LINE ( 'NONE', #1516, #1354 ) ;
#396 = LINE ( 'NONE', #1291, #304 ) ;
#397 = PLANE ( 'NONE',  #67 ) ;
#398 = CIRCLE ( 'NONE', #1617, 0.02500000000000001200 ) ;
#399 = DIRECTION ( 'NONE',  ( -1.000000000000000000, 0.0000000000000000000, -8.131516293641279300E-016 ) ) ;
#400 = PRODUCT_DEFINITION_FORMATION_WITH_SPECIFIED_SOURCE ( 'ANY', '', #2379, .NOT_KNOWN. ) ;
#401 = VECTOR ( 'NONE', #1079, 1000.000000000000000 ) ;
#402 = CARTESIAN_POINT ( 'NONE',  ( -0.2000000000000000900, 0.6896446609406727800, 0.3000000000000002100 ) ) ;
#403 = ADVANCED_FACE ( 'NONE', ( #1210 ), #688, .T. ) ;
#404 = DIRECTION ( 'NONE',  ( 1.000000000000000000, 0.0000000000000000000, 0.0000000000000000000 ) ) ;
#405 = DIRECTION ( 'NONE',  ( -0.0000000000000000000, 1.000000000000000000, -0.0000000000000000000 ) ) ;
#406 = DIRECTION ( 'NONE',  ( -1.000000000000000000, -0.0000000000000000000, -0.0000000000000000000 ) ) ;
#407 = EDGE_CURVE ( 'NONE', #282, #1942, #982, .T. ) ;
#408 = CARTESIAN_POINT ( 'NONE',  ( -0.7750000000000002400, 0.6750000000000000400, -0.3750000000000000000 ) ) ;
#409 = AXIS2_PLACEMENT_3D ( 'NONE', #2288, #2275, #2310 ) ;
#410 = CIRCLE ( 'NONE', #705, 0.02499999999999995600 ) ;
#411 = LINE ( 'NONE', #843, #557 ) ;
#412 = AXIS2_PLACEMENT_3D ( 'NONE', #2069, #1233, #1661 ) ;
#413 = DIRECTION ( 'NONE',  ( -4.336808689942015400E-015, 9.486769009248159900E-016, -1.000000000000000000 ) ) ;
#414 = ADVANCED_FACE ( 'NONE', ( #2178 ), #1021, .T. ) ;
#415 = DIRECTION ( 'NONE',  ( -1.000000000000000000, 0.0000000000000000000, 3.252606517456522400E-015 ) ) ;
#416 = EDGE_LOOP ( 'NONE', ( #2594, #185, #573, #2598 ) ) ;
#417 = FACE_OUTER_BOUND ( 'NONE', #2066, .T. ) ;
#418 = CARTESIAN_POINT ( 'NONE',  ( 0.7000000000000002900, 0.6750000000000000400, -0.3750000000000000600 ) ) ;
#419 = ORIENTED_EDGE ( 'NONE', *, *, #2472, .F. ) ;
#420 = SURFACE_STYLE_USAGE ( .BOTH. , #1465 ) ;
#421 = ORIENTED_EDGE ( 'NONE', *, *, #2399, .T. ) ;
#422 = ORIENTED_EDGE ( 'NONE', *, *, #424, .T. ) ;
#423 = DIRECTION ( 'NONE',  ( 1.000000000000000000, 0.0000000000000000000, 0.0000000000000000000 ) ) ;
#424 = EDGE_CURVE ( 'NONE', #1942, #1807, #2459, .T. ) ;
#425 = DIRECTION ( 'NONE',  ( 0.0000000000000000000, 1.000000000000000000, 0.0000000000000000000 ) ) ;
#426 = ORIENTED_EDGE ( 'NONE', *, *, #2613, .F. ) ;
#427 = DIRECTION ( 'NONE',  ( 1.000000000000000000, 0.0000000000000000000, 0.0000000000000000000 ) ) ;
#428 = EDGE_LOOP ( 'NONE', ( #2122, #2461, #218, #1950 ) ) ;
#429 = DIRECTION ( 'NONE',  ( 1.000000000000000000, -0.0000000000000000000, 1.084202172485506200E-015 ) ) ;
#430 = VERTEX_POINT ( 'NONE', #1070 ) ;
#431 = CIRCLE ( 'NONE', #1324, 0.02500000000000001200 ) ;
#432 = CARTESIAN_POINT ( 'NONE',  ( -0.1999999999999998400, 0.6750000000000000400, -1.626303258728255700E-016 ) ) ;
#433 = SPHERICAL_SURFACE ( 'NONE', #1558, 0.02500000000000000100 ) ;
#434 = PRESENTATION_LAYER_ASSIGNMENT (  '', '', ( #1385 ) ) ;
#435 = VECTOR ( 'NONE', #1201, 1000.000000000000000 ) ;
#436 = DIRECTION ( 'NONE',  ( -8.131516293641285200E-016, 0.0000000000000000000, 1.000000000000000000 ) ) ;
#437 = DIRECTION ( 'NONE',  ( 1.000000000000000000, 0.0000000000000000000, -2.168404344971012800E-015 ) ) ;
#438 = DIRECTION ( 'NONE',  ( -3.252606517456511700E-015, 0.0000000000000000000, 1.000000000000000000 ) ) ;
#439 = DIRECTION ( 'NONE',  ( 0.0000000000000000000, -0.0000000000000000000, 1.000000000000000000 ) ) ;
#440 = DIRECTION ( 'NONE',  ( 0.0000000000000000000, 0.0000000000000000000, -1.000000000000000000 ) ) ;
#441 = EDGE_CURVE ( 'NONE', #482, #487, #2119, .T. ) ;
#442 = CARTESIAN_POINT ( 'NONE',  ( 0.7250000000000002000, 0.6750000000000000400, -9.825582188149875300E-017 ) ) ;
#443 = VECTOR ( 'NONE', #2672, 1000.000000000000000 ) ;
#444 = FACE_OUTER_BOUND ( 'NONE', #1413, .T. ) ;
#445 = DIRECTION ( 'NONE',  ( 5.421010862427532400E-015, 0.0000000000000000000, -1.000000000000000000 ) ) ;
#446 = EDGE_LOOP ( 'NONE', ( #2149, #1209, #1536, #2261 ) ) ;
#447 = AXIS2_PLACEMENT_3D ( 'NONE', #2054, #2482, #773 ) ;
#448 = DIRECTION ( 'NONE',  ( 0.0000000000000000000, -1.000000000000000000, 0.0000000000000000000 ) ) ;
#449 = ORIENTED_EDGE ( 'NONE', *, *, #1651, .F. ) ;
#450 = ORIENTED_EDGE ( 'NONE', *, *, #470, .F. ) ;
#451 = CARTESIAN_POINT ( 'NONE',  ( 0.2000000000000000100, 0.01035533905932734000, -0.3000000000000001000 ) ) ;
#452 = ORIENTED_EDGE ( 'NONE', *, *, #2630, .F. ) ;
#453 = DIRECTION ( 'NONE',  ( 1.355252715606880000E-016, 0.0000000000000000000, 1.000000000000000000 ) ) ;
#454 = ORIENTED_EDGE ( 'NONE', *, *, #634, .T. ) ;
#455 = ORIENTED_EDGE ( 'NONE', *, *, #1382, .T. ) ;
#456 = FACE_OUTER_BOUND ( 'NONE', #2185, .T. ) ;
#457 = UNCERTAINTY_MEASURE_WITH_UNIT (LENGTH_MEASURE( 1.000000000000000100E-005 ), #2112, 'distance_accuracy_value', 'NONE');
#458 = ORIENTED_EDGE ( 'NONE', *, *, #242, .F. ) ;
#459 = DIRECTION ( 'NONE',  ( 1.000000000000000000, 0.0000000000000000000, -1.084202172485506400E-015 ) ) ;
#460 = EDGE_CURVE ( 'NONE', #1902, #956, #1634, .T. ) ;
#461 = EDGE_LOOP ( 'NONE', ( #2027, #930, #601, #477 ) ) ;
#462 = FACE_OUTER_BOUND ( 'NONE', #1370, .T. ) ;
#463 = FACE_OUTER_BOUND ( 'NONE', #1747, .T. ) ;
#464 = EDGE_CURVE ( 'NONE', #116, #487, #1305, .T. ) ;
#465 = DIRECTION ( 'NONE',  ( 1.000000000000000000, 0.0000000000000000000, -2.710505431213759600E-016 ) ) ;
#466 = FACE_OUTER_BOUND ( 'NONE', #2354, .T. ) ;
#467 = FILL_AREA_STYLE_COLOUR ( '', #2418 ) ;
#468 = APPLICATION_CONTEXT ( 'automotive_design' ) ;
#469 = DIRECTION ( 'NONE',  ( -1.000000000000000000, 0.0000000000000000000, 2.710505431213759600E-016 ) ) ;
#470 = EDGE_CURVE ( 'NONE', #1076, #430, #41, .T. ) ;
#471 =( NAMED_UNIT ( * ) SI_UNIT ( $, .STERADIAN. ) SOLID_ANGLE_UNIT ( ) );
#472 = VECTOR ( 'NONE', #597, 1000.000000000000000 ) ;
#473 = EDGE_CURVE ( 'NONE', #1473, #2227, #2061, .T. ) ;
#474 = CIRCLE ( 'NONE', #769, 0.02500000000000001200 ) ;
#475 = DIRECTION ( 'NONE',  ( 1.355252715606879100E-016, 0.0000000000000000000, 1.000000000000000000 ) ) ;
#476 = AXIS2_PLACEMENT_3D ( 'NONE', #711, #325, #310 ) ;
#477 = ORIENTED_EDGE ( 'NONE', *, *, #1587, .F. ) ;
#478 = ORIENTED_EDGE ( 'NONE', *, *, #1260, .F. ) ;
#479 = MECHANICAL_DESIGN_GEOMETRIC_PRESENTATION_REPRESENTATION (  '', ( #342 ), #1402 ) ;
#480 = VERTEX_POINT ( 'NONE', #1064 ) ;
#481 = DIRECTION ( 'NONE',  ( -1.000000000000000000, 0.0000000000000000000, 1.355252715606883000E-016 ) ) ;
#482 = VERTEX_POINT ( 'NONE', #2526 ) ;
#483 = CARTESIAN_POINT ( 'NONE',  ( -0.1999999999999999800, 0.6750000000000000400, -0.3000000000000000400 ) ) ;
#484 = ORIENTED_EDGE ( 'NONE', *, *, #441, .F. ) ;
#485 = DIRECTION ( 'NONE',  ( 0.0000000000000000000, 0.0000000000000000000, 1.000000000000000000 ) ) ;
#486 = LINE ( 'NONE', #2456, #2568 ) ;
#487 = VERTEX_POINT ( 'NONE', #2517 ) ;
#488 = VECTOR ( 'NONE', #1966, 1000.000000000000000 ) ;
#489 = CARTESIAN_POINT ( 'NONE',  ( 0.7000000000000001800, 0.02499999999999995600, -0.3750000000000004400 ) ) ;
#490 = LINE ( 'NONE', #785, #1450 ) ;
#491 = EDGE_CURVE ( 'NONE', #45, #963, #2726, .T. ) ;
#492 = VECTOR ( 'NONE', #1017, 1000.000000000000000 ) ;
#493 = CARTESIAN_POINT ( 'NONE',  ( 0.7250000000000002000, 0.6999999999999999600, -0.3750000000000004400 ) ) ;
#494 = CARTESIAN_POINT ( 'NONE',  ( 0.7999999999999998200, 0.6999999999999999600, 0.3750000000000000000 ) ) ;
#495 = CARTESIAN_POINT ( 'NONE',  ( -0.2000000000000000100, 0.02500000000000000100, -0.4000000000000000800 ) ) ;
#496 = ADVANCED_FACE ( 'NONE', ( #1560 ), #2620, .T. ) ;
#497 = DIRECTION ( 'NONE',  ( 0.0000000000000000000, 0.0000000000000000000, -1.000000000000000000 ) ) ;
#498 = DIRECTION ( 'NONE',  ( 1.000000000000000000, -0.0000000000000000000, -3.252606517456522400E-015 ) ) ;
#499 = DIRECTION ( 'NONE',  ( -0.0000000000000000000, -0.0000000000000000000, 1.000000000000000000 ) ) ;
#500 = EDGE_CURVE ( 'NONE', #116, #2533, #411, .T. ) ;
#501 = CARTESIAN_POINT ( 'NONE',  ( -0.8000000000000001600, 0.02500000000000000100, 0.3750000000000001100 ) ) ;
#502 = VERTEX_POINT ( 'NONE', #2103 ) ;
#503 = FACE_OUTER_BOUND ( 'NONE', #2595, .T. ) ;
#504 = EDGE_CURVE ( 'NONE', #795, #2451, #1045, .T. ) ;
#505 = ORIENTED_EDGE ( 'NONE', *, *, #1890, .T. ) ;
#506 = AXIS2_PLACEMENT_3D ( 'NONE', #2560, #64, #746 ) ;
#507 = ORIENTED_EDGE ( 'NONE', *, *, #1105, .T. ) ;
#508 = EDGE_LOOP ( 'NONE', ( #1508, #354, #2161, #2006 ) ) ;
#509 = EDGE_LOOP ( 'NONE', ( #1943, #1837, #147, #2158 ) ) ;
#510 = EDGE_LOOP ( 'NONE', ( #2254, #2323, #1049, #111 ) ) ;
#511 = VECTOR ( 'NONE', #1030, 1000.000000000000000 ) ;
#512 = ORIENTED_EDGE ( 'NONE', *, *, #2115, .T. ) ;
#513 = CARTESIAN_POINT ( 'NONE',  ( 0.2000000000000000400, 0.02500000000000001200, -0.3000000000000001000 ) ) ;
#514 = ORIENTED_EDGE ( 'NONE', *, *, #2318, .F. ) ;
#515 = SPHERICAL_SURFACE ( 'NONE', #1011, 0.02500000000000000100 ) ;
#516 = ADVANCED_FACE ( 'NONE', ( #2089 ), #1704, .F. ) ;
#517 = FACE_OUTER_BOUND ( 'NONE', #2591, .T. ) ;
#518 = DIRECTION ( 'NONE',  ( 0.0000000000000000000, 1.000000000000000000, 0.0000000000000000000 ) ) ;
#519 = CYLINDRICAL_SURFACE ( 'NONE', #921, 0.02500000000000001200 ) ;
#520 = EDGE_CURVE ( 'NONE', #1903, #186, #1867, .T. ) ;
#521 = DIRECTION ( 'NONE',  ( 0.0000000000000000000, 0.0000000000000000000, 1.000000000000000000 ) ) ;
#522 = DIRECTION ( 'NONE',  ( -0.0000000000000000000, -0.0000000000000000000, -1.000000000000000000 ) ) ;
#523 = CARTESIAN_POINT ( 'NONE',  ( 0.1999999999999998700, 0.01035533905932733300, 0.3000000000000004300 ) ) ;
#524 = LINE ( 'NONE', #2024, #2117 ) ;
#525 = CARTESIAN_POINT ( 'NONE',  ( 0.1749999999999998800, 0.6999999999999999600, 0.3250000000000004600 ) ) ;
#526 = ORIENTED_EDGE ( 'NONE', *, *, #878, .F. ) ;
#527 = CIRCLE ( 'NONE', #1755, 0.02499999999999995600 ) ;
#528 = EDGE_CURVE ( 'NONE', #1846, #1941, #815, .T. ) ;
#529 = CARTESIAN_POINT ( 'NONE',  ( -0.7250000000000004200, 0.02499999999999995600, 0.4000000000000003000 ) ) ;
#530 = ORIENTED_EDGE ( 'NONE', *, *, #1238, .F. ) ;
#531 = ORIENTED_EDGE ( 'NONE', *, *, #2284, .F. ) ;
#532 = VERTEX_POINT ( 'NONE', #656 ) ;
#533 = EDGE_CURVE ( 'NONE', #1680, #569, #272, .T. ) ;
#534 = FILL_AREA_STYLE_COLOUR ( '', #576 ) ;
#535 = CARTESIAN_POINT ( 'NONE',  ( -0.7250000000000003100, 0.6999999999999999600, 0.3750000000000002800 ) ) ;
#536 = ADVANCED_FACE ( 'NONE', ( #1208 ), #714, .T. ) ;
#537 = VERTEX_POINT ( 'NONE', #59 ) ;
#538 = AXIS2_PLACEMENT_3D ( 'NONE', #2476, #2269, #1217 ) ;
#539 = CARTESIAN_POINT ( 'NONE',  ( 0.7999999999999999300, 0.6750000000000000400, 0.3750000000000000600 ) ) ;
#540 = ORIENTED_EDGE ( 'NONE', *, *, #2596, .F. ) ;
#541 = EDGE_LOOP ( 'NONE', ( #1480, #1716, #794, #224 ) ) ;
#542 = CIRCLE ( 'NONE', #2240, 0.02499999999999995600 ) ;
#543 = VERTEX_POINT ( 'NONE', #1732 ) ;
#544 = VECTOR ( 'NONE', #498, 1000.000000000000000 ) ;
#545 = CIRCLE ( 'NONE', #957, 0.02500000000000001200 ) ;
#546 = DIRECTION ( 'NONE',  ( 1.355252715606880000E-016, 0.0000000000000000000, 1.000000000000000000 ) ) ;
#547 = LINE ( 'NONE', #1592, #435 ) ;
#548 = CARTESIAN_POINT ( 'NONE',  ( 0.2000000000000000400, 0.6896446609406727800, -0.3000000000000001000 ) ) ;
#549 = EDGE_CURVE ( 'NONE', #532, #1903, #2685, .T. ) ;
#550 = CARTESIAN_POINT ( 'NONE',  ( -0.7000000000000002900, 0.02500000000000000100, -0.3750000000000000600 ) ) ;
#551 = DIRECTION ( 'NONE',  ( 0.0000000000000000000, 1.000000000000000000, 0.0000000000000000000 ) ) ;
#552 = ADVANCED_FACE ( 'NONE', ( #685 ), #2553, .T. ) ;
#553 = EDGE_CURVE ( 'NONE', #1026, #631, #1428, .T. ) ;
#554 = AXIS2_PLACEMENT_3D ( 'NONE', #1861, #627, #440 ) ;
#555 = DIRECTION ( 'NONE',  ( -0.0000000000000000000, -1.000000000000000000, -0.0000000000000000000 ) ) ;
#556 = AXIS2_PLACEMENT_3D ( 'NONE', #1916, #1484, #2548 ) ;
#557 = VECTOR ( 'NONE', #30, 1000.000000000000000 ) ;
#558 = ORIENTED_EDGE ( 'NONE', *, *, #351, .F. ) ;
#559 = CARTESIAN_POINT ( 'NONE',  ( -2.710505431213763100E-016, 0.6999999999999999600, 0.4000000000000003000 ) ) ;
#560 = CARTESIAN_POINT ( 'NONE',  ( 0.7750000000000000200, 0.0000000000000000000, 0.0000000000000000000 ) ) ;
#561 = ORIENTED_EDGE ( 'NONE', *, *, #673, .T. ) ;
#562 = COLOUR_RGB ( '',0.7921568627450980000, 0.8196078431372548800, 0.9333333333333333500 ) ;
#563 = CARTESIAN_POINT ( 'NONE',  ( -0.1999999999999999800, 0.02500000000000001200, -0.3000000000000000400 ) ) ;
#564 = EDGE_CURVE ( 'NONE', #1937, #1085, #949, .T. ) ;
#565 = CARTESIAN_POINT ( 'NONE',  ( -0.7250000000000003100, 0.6750000000000000400, 0.3750000000000002800 ) ) ;
#566 = CARTESIAN_POINT ( 'NONE',  ( -0.1999999999999999800, 0.02500000000000001200, -0.3750000000000000600 ) ) ;
#567 = EDGE_LOOP ( 'NONE', ( #1513, #2730, #2034, #2000 ) ) ;
#568 = ORIENTED_EDGE ( 'NONE', *, *, #620, .F. ) ;
#569 = VERTEX_POINT ( 'NONE', #2140 ) ;
#570 = ORIENTED_EDGE ( 'NONE', *, *, #744, .T. ) ;
#571 = LINE ( 'NONE', #2514, #2294 ) ;
#572 = CARTESIAN_POINT ( 'NONE',  ( -0.7750000000000002400, 0.6750000000000000400, -0.4000000000000000200 ) ) ;
#573 = ORIENTED_EDGE ( 'NONE', *, *, #1375, .F. ) ;
#574 = MECHANICAL_DESIGN_GEOMETRIC_PRESENTATION_REPRESENTATION (  '', ( #163 ), #2405 ) ;
#575 = ORIENTED_EDGE ( 'NONE', *, *, #1723, .T. ) ;
#576 = COLOUR_RGB ( '',0.4862745098039215600, 0.2352941176470588200, 0.01568627450980392100 ) ;
#577 = DIRECTION ( 'NONE',  ( 0.0000000000000000000, 1.000000000000000000, 0.0000000000000000000 ) ) ;
#578 = DIRECTION ( 'NONE',  ( -6.776263578034399800E-016, 0.0000000000000000000, 1.000000000000000000 ) ) ;
#579 = ADVANCED_FACE ( 'NONE', ( #2241 ), #1093, .F. ) ;
#580 = CYLINDRICAL_SURFACE ( 'NONE', #2513, 0.02500000000000001200 ) ;
#581 = LINE ( 'NONE', #560, #1299 ) ;
#582 = CARTESIAN_POINT ( 'NONE',  ( -2.202285662861183300E-016, 0.6999999999999999600, 0.3250000000000003400 ) ) ;
#583 = EDGE_CURVE ( 'NONE', #1942, #1736, #1990, .T. ) ;
#584 = CARTESIAN_POINT ( 'NONE',  ( 0.2000000000000000100, 0.02500000000000000100, -0.4000000000000001300 ) ) ;
#585 = AXIS2_PLACEMENT_3D ( 'NONE', #1521, #2532, #1276 ) ;
#586 = AXIS2_PLACEMENT_3D ( 'NONE', #1817, #131, #731 ) ;
#587 = ADVANCED_FACE ( 'NONE', ( #1235 ), #882, .F. ) ;
#588 = CARTESIAN_POINT ( 'NONE',  ( -0.2000000000000000900, 0.6750000000000000400, 0.3000000000000002100 ) ) ;
#589 = CYLINDRICAL_SURFACE ( 'NONE', #1396, 0.02500000000000001200 ) ;
#590 = CARTESIAN_POINT ( 'NONE',  ( 0.1999999999999999300, 0.6750000000000000400, 0.3000000000000004300 ) ) ;
#591 = VERTEX_POINT ( 'NONE', #912 ) ;
#592 = VECTOR ( 'NONE', #1826, 1000.000000000000000 ) ;
#593 = ORIENTED_EDGE ( 'NONE', *, *, #1664, .T. ) ;
#594 = DIRECTION ( 'NONE',  ( -8.131516293641285200E-016, 0.0000000000000000000, 1.000000000000000000 ) ) ;
#595 = EDGE_CURVE ( 'NONE', #795, #1076, #2345, .T. ) ;
#596 = ORIENTED_EDGE ( 'NONE', *, *, #130, .T. ) ;
#597 = DIRECTION ( 'NONE',  ( 1.000000000000000000, 0.0000000000000000000, 5.421010862427532400E-015 ) ) ;
#598 = ORIENTED_EDGE ( 'NONE', *, *, #765, .F. ) ;
#599 = CARTESIAN_POINT ( 'NONE',  ( 0.7750000000000001300, 0.6999999999999999600, 0.4000000000000000800 ) ) ;
#600 = VERTEX_POINT ( 'NONE', #2133 ) ;
#601 = ORIENTED_EDGE ( 'NONE', *, *, #1227, .F. ) ;
#602 = ORIENTED_EDGE ( 'NONE', *, *, #786, .T. ) ;
#603 = EDGE_CURVE ( 'NONE', #2003, #502, #2587, .T. ) ;
#604 = DIRECTION ( 'NONE',  ( 0.0000000000000000000, 0.0000000000000000000, 1.000000000000000000 ) ) ;
#605 = CYLINDRICAL_SURFACE ( 'NONE', #1492, 0.02500000000000001200 ) ;
#606 = ADVANCED_FACE ( 'NONE', ( #657 ), #889, .T. ) ;
#607 = ORIENTED_EDGE ( 'NONE', *, *, #188, .F. ) ;
#608 = ORIENTED_EDGE ( 'NONE', *, *, #315, .T. ) ;
#609 = CYLINDRICAL_SURFACE ( 'NONE', #908, 0.02500000000000001200 ) ;
#610 = AXIS2_PLACEMENT_3D ( 'NONE', #138, #170, #360 ) ;
#611 = CARTESIAN_POINT ( 'NONE',  ( -0.7750000000000002400, 0.02500000000000000100, 0.3750000000000001100 ) ) ;
#612 = SPHERICAL_SURFACE ( 'NONE', #1926, 0.02500000000000000100 ) ;
#613 = DIRECTION ( 'NONE',  ( -1.000000000000000000, -0.0000000000000000000, -0.0000000000000000000 ) ) ;
#614 = CARTESIAN_POINT ( 'NONE',  ( 0.2000000000000000400, 0.6750000000000000400, -0.3000000000000001000 ) ) ;
#615 = CARTESIAN_POINT ( 'NONE',  ( 0.7000000000000002900, 0.02500000000000001200, 0.3750000000000000000 ) ) ;
#616 = CYLINDRICAL_SURFACE ( 'NONE', #1255, 0.02500000000000001200 ) ;
#617 = DIRECTION ( 'NONE',  ( -1.355252715606880000E-016, -0.0000000000000000000, -1.000000000000000000 ) ) ;
#618 = DIRECTION ( 'NONE',  ( 0.0000000000000000000, 1.000000000000000000, -0.0000000000000000000 ) ) ;
#619 = DIRECTION ( 'NONE',  ( -0.0000000000000000000, -1.000000000000000000, -0.0000000000000000000 ) ) ;
#620 = EDGE_CURVE ( 'NONE', #2030, #245, #36, .T. ) ;
#621 = AXIS2_PLACEMENT_3D ( 'NONE', #1820, #2443, #1970 ) ;
#622 = CIRCLE ( 'NONE', #1039, 0.02500000000000001200 ) ;
#623 = CARTESIAN_POINT ( 'NONE',  ( -0.7250000000000004200, 0.6999999999999999600, 9.825582188149885200E-017 ) ) ;
#624 = CYLINDRICAL_SURFACE ( 'NONE', #1808, 0.02500000000000001200 ) ;
#625 = AXIS2_PLACEMENT_3D ( 'NONE', #1629, #2669, #1833 ) ;
#626 = CARTESIAN_POINT ( 'NONE',  ( -0.2000000000000000900, 0.02500000000000000100, 0.3000000000000002100 ) ) ;
#627 = DIRECTION ( 'NONE',  ( 0.0000000000000000000, -1.000000000000000000, 0.0000000000000000000 ) ) ;
#628 = ORIENTED_EDGE ( 'NONE', *, *, #2729, .F. ) ;
#629 = LINE ( 'NONE', #261, #920 ) ;
#630 = SURFACE_STYLE_USAGE ( .BOTH. , #1697 ) ;
#631 = VERTEX_POINT ( 'NONE', #291 ) ;
#632 = ORIENTED_EDGE ( 'NONE', *, *, #2611, .F. ) ;
#633 = CARTESIAN_POINT ( 'NONE',  ( 2.168404344971036100E-015, 0.6999999999999999600, -0.4000000000000043500 ) ) ;
#634 = EDGE_CURVE ( 'NONE', #1544, #2396, #1075, .T. ) ;
#635 = DIRECTION ( 'NONE',  ( -1.000000000000000000, 0.0000000000000000000, -5.421010862427532400E-015 ) ) ;
#636 = VERTEX_POINT ( 'NONE', #2584 ) ;
#637 = ORIENTED_EDGE ( 'NONE', *, *, #528, .F. ) ;
#638 = DIRECTION ( 'NONE',  ( 2.710505431213761600E-016, 0.0000000000000000000, 1.000000000000000000 ) ) ;
#639 = ORIENTED_EDGE ( 'NONE', *, *, #2142, .F. ) ;
#640 = LINE ( 'NONE', #566, #1220 ) ;
#641 = EDGE_CURVE ( 'NONE', #1598, #1769, #798, .T. ) ;
#642 = DIRECTION ( 'NONE',  ( 1.000000000000000000, 0.0000000000000000000, 3.252606517456515700E-015 ) ) ;
#643 = ORIENTED_EDGE ( 'NONE', *, *, #473, .T. ) ;
#644 = LINE ( 'NONE', #959, #971 ) ;
#645 = AXIS2_PLACEMENT_3D ( 'NONE', #2413, #555, #2183 ) ;
#646 = VECTOR ( 'NONE', #2268, 1000.000000000000000 ) ;
#647 = LINE ( 'NONE', #1853, #2233 ) ;
#648 = FACE_OUTER_BOUND ( 'NONE', #1090, .T. ) ;
#649 = CARTESIAN_POINT ( 'NONE',  ( 0.1749999999999999900, 0.02500000000000000100, -0.3750000000000001100 ) ) ;
#650 = DIRECTION ( 'NONE',  ( -2.168404344971012400E-015, -0.0000000000000000000, 1.000000000000000000 ) ) ;
#651 = EDGE_CURVE ( 'NONE', #107, #1380, #1395, .T. ) ;
#652 = CARTESIAN_POINT ( 'NONE',  ( -0.7000000000000002900, 0.6750000000000000400, 0.3750000000000000000 ) ) ;
#653 = SURFACE_SIDE_STYLE ('',( #1236 ) ) ;
#654 = EDGE_CURVE ( 'NONE', #86, #1910, #1337, .T. ) ;
#655 = FILL_AREA_STYLE ('',( #2516 ) ) ;
#656 = CARTESIAN_POINT ( 'NONE',  ( -0.7750000000000002400, 0.6999999999999999600, -0.3750000000000000600 ) ) ;
#657 = FACE_OUTER_BOUND ( 'NONE', #2423, .T. ) ;
#658 = AXIS2_PLACEMENT_3D ( 'NONE', #2473, #1434, #1035 ) ;
#659 = EDGE_LOOP ( 'NONE', ( #2093, #252, #1973, #896 ) ) ;
#660 = CARTESIAN_POINT ( 'NONE',  ( 0.2000000000000000400, 0.6750000000000000400, -0.3000000000000001000 ) ) ;
#661 = LINE ( 'NONE', #1112, #2277 ) ;
#662 = APPLICATION_PROTOCOL_DEFINITION ( 'draft international standard', 'automotive_design', 1998, #468 ) ;
#663 = AXIS2_PLACEMENT_3D ( 'NONE', #110, #1771, #1599 ) ;
#664 = VERTEX_POINT ( 'NONE', #1794 ) ;
#665 = CARTESIAN_POINT ( 'NONE',  ( 0.1999999999999998700, 0.6999999999999999600, 0.3750000000000004400 ) ) ;
#666 = ORIENTED_EDGE ( 'NONE', *, *, #1718, .T. ) ;
#667 = DIRECTION ( 'NONE',  ( 0.0000000000000000000, 0.0000000000000000000, 1.000000000000000000 ) ) ;
#668 = ORIENTED_EDGE ( 'NONE', *, *, #2114, .T. ) ;
#669 = DIRECTION ( 'NONE',  ( 0.0000000000000000000, 1.000000000000000000, 2.168404344971008900E-015 ) ) ;
#670 = VECTOR ( 'NONE', #2682, 1000.000000000000000 ) ;
#671 = ORIENTED_EDGE ( 'NONE', *, *, #1911, .T. ) ;
#672 = CARTESIAN_POINT ( 'NONE',  ( 0.1749999999999999900, 0.02500000000000000100, -0.3750000000000000600 ) ) ;
#673 = EDGE_CURVE ( 'NONE', #2529, #2589, #883, .T. ) ;
#674 = ORIENTED_EDGE ( 'NONE', *, *, #196, .F. ) ;
#675 = LINE ( 'NONE', #84, #1098 ) ;
#676 = MECHANICAL_DESIGN_GEOMETRIC_PRESENTATION_REPRESENTATION (  '', ( #83 ), #2085 ) ;
#677 = CARTESIAN_POINT ( 'NONE',  ( 0.1749999999999998500, 0.02499999999999995600, 0.3750000000000003900 ) ) ;
#678 = DIRECTION ( 'NONE',  ( 0.0000000000000000000, 1.000000000000000000, 0.0000000000000000000 ) ) ;
#679 = CIRCLE ( 'NONE', #336, 0.02499999999999995600 ) ;
#680 = DIRECTION ( 'NONE',  ( -1.000000000000000000, 0.0000000000000000000, 0.0000000000000000000 ) ) ;
#681 = CARTESIAN_POINT ( 'NONE',  ( 0.7000000000000002900, 0.6750000000000000400, -0.3750000000000000600 ) ) ;
#682 = EDGE_CURVE ( 'NONE', #699, #636, #847, .T. ) ;
#683 = DIRECTION ( 'NONE',  ( -1.000000000000000000, -0.0000000000000000000, -5.421010862427532400E-015 ) ) ;
#684 = ADVANCED_FACE ( 'NONE', ( #1864 ), #2174, .T. ) ;
#685 = FACE_OUTER_BOUND ( 'NONE', #2314, .T. ) ;
#686 = CARTESIAN_POINT ( 'NONE',  ( 0.0000000000000000000, 0.0000000000000000000, 0.0000000000000000000 ) ) ;
#687 = AXIS2_PLACEMENT_3D ( 'NONE', #1780, #1759, #2160 ) ;
#688 = CYLINDRICAL_SURFACE ( 'NONE', #2290, 0.02500000000000001200 ) ;
#689 = CARTESIAN_POINT ( 'NONE',  ( -0.1999999999999999800, 0.6750000000000000400, -0.3750000000000000600 ) ) ;
#690 = AXIS2_PLACEMENT_3D ( 'NONE', #1725, #1715, #1741 ) ;
#691 = ORIENTED_EDGE ( 'NONE', *, *, #2505, .T. ) ;
#692 = PRODUCT_RELATED_PRODUCT_CATEGORY ( 'part', '', ( #2379 ) ) ;
#693 = ORIENTED_EDGE ( 'NONE', *, *, #2159, .T. ) ;
#694 = DIRECTION ( 'NONE',  ( 1.000000000000000000, 0.0000000000000000000, 6.776263578034402700E-016 ) ) ;
#695 = EDGE_LOOP ( 'NONE', ( #2225, #1572, #900, #222 ) ) ;
#696 = ORIENTED_EDGE ( 'NONE', *, *, #520, .F. ) ;
#697 = ORIENTED_EDGE ( 'NONE', *, *, #295, .F. ) ;
#698 = DIRECTION ( 'NONE',  ( -0.0000000000000000000, -1.000000000000000000, -1.761828530288943900E-015 ) ) ;
#699 = VERTEX_POINT ( 'NONE', #2010 ) ;
#700 = FACE_OUTER_BOUND ( 'NONE', #1293, .T. ) ;
#701 = VERTEX_POINT ( 'NONE', #1372 ) ;
#702 = EDGE_CURVE ( 'NONE', #1910, #543, #106, .T. ) ;
#703 = LINE ( 'NONE', #1462, #1161 ) ;
#704 = FACE_OUTER_BOUND ( 'NONE', #1775, .T. ) ;
#705 = AXIS2_PLACEMENT_3D ( 'NONE', #160, #1822, #2231 ) ;
#706 = DIRECTION ( 'NONE',  ( -1.000000000000000000, 0.0000000000000000000, 0.0000000000000000000 ) ) ;
#707 = CARTESIAN_POINT ( 'NONE',  ( 0.1999999999999999300, 0.02500000000000001200, 0.3000000000000004300 ) ) ;
#708 = PLANE ( 'NONE',  #687 ) ;
#709 = AXIS2_PLACEMENT_3D ( 'NONE', #2680, #2060, #1873 ) ;
#710 = ADVANCED_FACE ( 'NONE', ( #2375 ), #397, .F. ) ;
#711 = CARTESIAN_POINT ( 'NONE',  ( 0.7250000000000002000, 0.02500000000000000100, 0.3750000000000002200 ) ) ;
#712 = EDGE_CURVE ( 'NONE', #1941, #1076, #305, .T. ) ;
#713 = DIRECTION ( 'NONE',  ( 1.000000000000000000, -1.761828530288947900E-015, 0.0000000000000000000 ) ) ;
#714 = CYLINDRICAL_SURFACE ( 'NONE', #1936, 0.02499999999999995600 ) ;
#715 = ORIENTED_EDGE ( 'NONE', *, *, #1789, .T. ) ;
#716 = CIRCLE ( 'NONE', #2211, 0.02500000000000001200 ) ;
#717 = AXIS2_PLACEMENT_3D ( 'NONE', #1698, #1924, #497 ) ;
#718 = CARTESIAN_POINT ( 'NONE',  ( 0.7750000000000000200, 0.02500000000000000100, -0.3750000000000001100 ) ) ;
#719 = ORIENTED_EDGE ( 'NONE', *, *, #1481, .F. ) ;
#720 = CARTESIAN_POINT ( 'NONE',  ( 0.7750000000000000200, 0.02500000000000000100, -0.3750000000000001700 ) ) ;
#721 = VERTEX_POINT ( 'NONE', #762 ) ;
#722 = ORIENTED_EDGE ( 'NONE', *, *, #2015, .F. ) ;
#723 = EDGE_LOOP ( 'NONE', ( #184, #1646, #751, #999 ) ) ;
#724 = PRODUCT_DEFINITION_SHAPE ( 'NONE', 'NONE',  #203 ) ;
#725 =( LENGTH_UNIT ( ) NAMED_UNIT ( * ) SI_UNIT ( .MILLI., .METRE. ) );
#726 = VECTOR ( 'NONE', #2494, 1000.000000000000000 ) ;
#727 = ORIENTED_EDGE ( 'NONE', *, *, #1859, .F. ) ;
#728 = VECTOR ( 'NONE', #2, 1000.000000000000000 ) ;
#729 = DIRECTION ( 'NONE',  ( 0.0000000000000000000, -1.000000000000000000, -2.168404344971008900E-015 ) ) ;
#730 = EDGE_CURVE ( 'NONE', #2227, #1026, #1799, .T. ) ;
#731 = DIRECTION ( 'NONE',  ( 0.0000000000000000000, 0.0000000000000000000, -1.000000000000000000 ) ) ;
#732 = LINE ( 'NONE', #2425, #2078 ) ;
#733 = ADVANCED_FACE ( 'NONE', ( #1141 ), #1830, .F. ) ;
#734 = CIRCLE ( 'NONE', #1023, 0.02500000000000001200 ) ;
#735 = CARTESIAN_POINT ( 'NONE',  ( -4.336808689942035000E-016, 0.6999999999999999600, -0.4000000000000009100 ) ) ;
#736 = AXIS2_PLACEMENT_3D ( 'NONE', #2666, #2432, #1400 ) ;
#737 = CARTESIAN_POINT ( 'NONE',  ( -0.7250000000000003100, 0.0000000000000000000, -0.3750000000000001100 ) ) ;
#738 = AXIS2_PLACEMENT_3D ( 'NONE', #840, #2536, #1277 ) ;
#739 = LINE ( 'NONE', #2480, #210 ) ;
#740 = CARTESIAN_POINT ( 'NONE',  ( 0.1749999999999999900, 0.6999999999999999600, -0.4000000000000000800 ) ) ;
#741 = ADVANCED_FACE ( 'NONE', ( #2414 ), #1896, .T. ) ;
#742 = CARTESIAN_POINT ( 'NONE',  ( -0.2000000000000001500, 0.6999999999999999600, 0.3750000000000001700 ) ) ;
#743 = VECTOR ( 'NONE', #371, 1000.000000000000000 ) ;
#744 = EDGE_CURVE ( 'NONE', #1903, #352, #776, .T. ) ;
#745 = FACE_OUTER_BOUND ( 'NONE', #1378, .T. ) ;
#746 = DIRECTION ( 'NONE',  ( 1.000000000000000000, 0.0000000000000000000, 0.0000000000000000000 ) ) ;
#747 = VECTOR ( 'NONE', #1673, 1000.000000000000000 ) ;
#748 = AXIS2_PLACEMENT_3D ( 'NONE', #768, #174, #1758 ) ;
#749 = ORIENTED_EDGE ( 'NONE', *, *, #2306, .T. ) ;
#750 = CARTESIAN_POINT ( 'NONE',  ( -0.1999999999999999800, 0.6750000000000000400, -0.3750000000000000600 ) ) ;
#751 = ORIENTED_EDGE ( 'NONE', *, *, #115, .T. ) ;
#752 = DIRECTION ( 'NONE',  ( -1.000000000000000000, 0.0000000000000000000, 1.355252715606880500E-016 ) ) ;
#753 = AXIS2_PLACEMENT_3D ( 'NONE', #1327, #58, #270 ) ;
#754 = CARTESIAN_POINT ( 'NONE',  ( 0.7250000000000003100, 0.6750000000000000400, 0.4000000000000002400 ) ) ;
#755 = EDGE_LOOP ( 'NONE', ( #1054, #194, #602, #391 ) ) ;
#756 = ORIENTED_EDGE ( 'NONE', *, *, #2026, .T. ) ;
#757 = EDGE_LOOP ( 'NONE', ( #2250, #2322, #1777, #2073 ) ) ;
#758 = LINE ( 'NONE', #2702, #225 ) ;
#759 = ADVANCED_FACE ( 'NONE', ( #241 ), #1631, .T. ) ;
#760 = VECTOR ( 'NONE', #219, 1000.000000000000000 ) ;
#761 = CARTESIAN_POINT ( 'NONE',  ( 0.7250000000000003100, 0.6750000000000000400, -0.4000000000000004700 ) ) ;
#762 = CARTESIAN_POINT ( 'NONE',  ( 0.1749999999999998200, 0.6750000000000000400, 0.4000000000000004100 ) ) ;
#763 = VECTOR ( 'NONE', #2219, 1000.000000000000000 ) ;
#764 = CARTESIAN_POINT ( 'NONE',  ( -0.1749999999999998200, 0.02500000000000000100, -1.423015351387223600E-016 ) ) ;
#765 = EDGE_CURVE ( 'NONE', #1444, #1812, #410, .T. ) ;
#766 = DIRECTION ( 'NONE',  ( 1.000000000000000000, -0.0000000000000000000, -1.084202172485503400E-016 ) ) ;
#767 = CYLINDRICAL_SURFACE ( 'NONE', #977, 0.02500000000000001200 ) ;
#768 = CARTESIAN_POINT ( 'NONE',  ( -0.1999999999999998400, 0.6999999999999999600, -1.626303258728255700E-016 ) ) ;
#769 = AXIS2_PLACEMENT_3D ( 'NONE', #1594, #152, #2407 ) ;
#770 = DIRECTION ( 'NONE',  ( -0.0000000000000000000, 1.000000000000000000, -0.0000000000000000000 ) ) ;
#771 = AXIS2_PLACEMENT_3D ( 'NONE', #559, #1839, #2297 ) ;
#772 = ADVANCED_FACE ( 'NONE', ( #341 ), #589, .T. ) ;
#773 = DIRECTION ( 'NONE',  ( -7.228014483236699500E-016, 0.0000000000000000000, -1.000000000000000000 ) ) ;
#774 = DIRECTION ( 'NONE',  ( 0.0000000000000000000, 0.0000000000000000000, 1.000000000000000000 ) ) ;
#775 = CARTESIAN_POINT ( 'NONE',  ( -0.1999999999999999800, 0.6750000000000000400, -0.3750000000000000600 ) ) ;
#776 = CIRCLE ( 'NONE', #102, 0.02499999999999995600 ) ;
#777 = EDGE_LOOP ( 'NONE', ( #88, #2146, #2559 ) ) ;
#778 = CARTESIAN_POINT ( 'NONE',  ( -0.7750000000000002400, 0.02500000000000000100, -0.3750000000000000000 ) ) ;
#779 = EDGE_CURVE ( 'NONE', #1643, #1596, #524, .T. ) ;
#780 = SPHERICAL_SURFACE ( 'NONE', #1333, 0.02500000000000000100 ) ;
#781 = DIRECTION ( 'NONE',  ( 1.000000000000000000, 0.0000000000000000000, -1.355252715606883000E-016 ) ) ;
#782 = CARTESIAN_POINT ( 'NONE',  ( 0.7000000000000000700, 0.02500000000000000100, -0.4000000000000005800 ) ) ;
#783 = ORIENTED_EDGE ( 'NONE', *, *, #500, .F. ) ;
#784 = VERTEX_POINT ( 'NONE', #572 ) ;
#785 = CARTESIAN_POINT ( 'NONE',  ( -0.7000000000000002900, 0.0000000000000000000, 0.3750000000000002800 ) ) ;
#786 = EDGE_CURVE ( 'NONE', #487, #1117, #1832, .T. ) ;
#787 = ORIENTED_EDGE ( 'NONE', *, *, #264, .T. ) ;
#788 = ADVANCED_FACE ( 'NONE', ( #1499 ), #802, .F. ) ;
#789 = EDGE_LOOP ( 'NONE', ( #925, #540, #1644, #1641 ) ) ;
#790 = EDGE_LOOP ( 'NONE', ( #822, #2090, #2212, #512 ) ) ;
#791 = AXIS2_PLACEMENT_3D ( 'NONE', #1891, #2522, #1730 ) ;
#792 = ORIENTED_EDGE ( 'NONE', *, *, #2142, .T. ) ;
#793 = ORIENTED_EDGE ( 'NONE', *, *, #334, .T. ) ;
#794 = ORIENTED_EDGE ( 'NONE', *, *, #264, .F. ) ;
#795 = VERTEX_POINT ( 'NONE', #2487 ) ;
#796 = FACE_OUTER_BOUND ( 'NONE', #1538, .T. ) ;
#797 = SPHERICAL_SURFACE ( 'NONE', #1058, 0.02500000000000000100 ) ;
#798 =( BOUNDED_CURVE ( )  B_SPLINE_CURVE ( 3, ( #2368, #98, #1149, #1540 ),
 .UNSPECIFIED., .F., .T. ) 
 B_SPLINE_CURVE_WITH_KNOTS ( ( 4, 4 ),
 ( 1.570796326794896600, 3.141592653589791800 ),
 .UNSPECIFIED. ) 
 CURVE ( )  GEOMETRIC_REPRESENTATION_ITEM ( )  RATIONAL_B_SPLINE_CURVE ( ( 1.000000000000000000, 0.8047378541243652700, 0.8047378541243652700, 1.000000000000000000 ) ) 
 REPRESENTATION_ITEM ( '' )  );
#799 = FACE_OUTER_BOUND ( 'NONE', #924, .T. ) ;
#800 = LINE ( 'NONE', #104, #2366 ) ;
#801 = DIRECTION ( 'NONE',  ( -0.0000000000000000000, 1.000000000000000000, -0.0000000000000000000 ) ) ;
#802 = PLANE ( 'NONE',  #658 ) ;
#803 = ADVANCED_FACE ( 'NONE', ( #2484 ), #2058, .F. ) ;
#804 = CARTESIAN_POINT ( 'NONE',  ( 1.219727444046204500E-015, 0.0000000000000000000, 0.3750000000000026100 ) ) ;
#805 = EDGE_CURVE ( 'NONE', #828, #1769, #2615, .T. ) ;
#806 = CARTESIAN_POINT ( 'NONE',  ( -5.421010862427523400E-017, 0.6999999999999999600, -0.4000000000000000800 ) ) ;
#807 = VECTOR ( 'NONE', #128, 1000.000000000000000 ) ;
#808 = CYLINDRICAL_SURFACE ( 'NONE', #2537, 0.02500000000000001200 ) ;
#809 = CARTESIAN_POINT ( 'NONE',  ( -0.7250000000000003100, 0.02500000000000000100, -0.3750000000000001100 ) ) ;
#810 = STYLED_ITEM ( 'NONE', ( #309 ), #166 ) ;
#811 = DIRECTION ( 'NONE',  ( -1.000000000000000000, -0.0000000000000000000, -6.776263578034402700E-016 ) ) ;
#812 = AXIS2_PLACEMENT_3D ( 'NONE', #816, #2460, #438 ) ;
#813 = PLANE ( 'NONE',  #1505 ) ;
#814 = DIRECTION ( 'NONE',  ( -0.0000000000000000000, 1.000000000000000000, -0.0000000000000000000 ) ) ;
#815 = LINE ( 'NONE', #1678, #1274 ) ;
#816 = CARTESIAN_POINT ( 'NONE',  ( -1.219727444046202000E-015, 0.6750000000000000400, 0.3750000000000026100 ) ) ;
#817 = DIRECTION ( 'NONE',  ( 2.710505431213761600E-016, 0.0000000000000000000, 1.000000000000000000 ) ) ;
#818 = FACE_OUTER_BOUND ( 'NONE', #867, .T. ) ;
#819 = EDGE_CURVE ( 'NONE', #963, #1567, #739, .T. ) ;
#820 = ORIENTED_EDGE ( 'NONE', *, *, #1768, .T. ) ;
#821 = DIRECTION ( 'NONE',  ( 0.0000000000000000000, 1.000000000000000000, 0.0000000000000000000 ) ) ;
#822 = ORIENTED_EDGE ( 'NONE', *, *, #1037, .T. ) ;
#823 = SURFACE_SIDE_STYLE ('',( #124 ) ) ;
#824 = ORIENTED_EDGE ( 'NONE', *, *, #899, .T. ) ;
#825 = AXIS2_PLACEMENT_3D ( 'NONE', #2442, #577, #1790 ) ;
#826 = CARTESIAN_POINT ( 'NONE',  ( 0.7250000000000002000, 0.02500000000000000100, -0.3750000000000003900 ) ) ;
#827 = DIRECTION ( 'NONE',  ( -2.710505431213761600E-016, -0.0000000000000000000, -1.000000000000000000 ) ) ;
#828 = VERTEX_POINT ( 'NONE', #2245 ) ;
#829 = ORIENTED_EDGE ( 'NONE', *, *, #1360, .T. ) ;
#830 = ORIENTED_EDGE ( 'NONE', *, *, #654, .T. ) ;
#831 = FACE_OUTER_BOUND ( 'NONE', #2177, .T. ) ;
#832 = AXIS2_PLACEMENT_3D ( 'NONE', #2578, #1095, #1962 ) ;
#833 = CARTESIAN_POINT ( 'NONE',  ( -0.8000000000000001600, 0.6999999999999999600, 0.3750000000000001100 ) ) ;
#834 = CARTESIAN_POINT ( 'NONE',  ( 0.1750000000000000200, 0.6999999999999999600, -0.3250000000000000700 ) ) ;
#835 = LINE ( 'NONE', #2714, #760 ) ;
#836 = CARTESIAN_POINT ( 'NONE',  ( -0.7000000000000002900, 0.6750000000000000400, 0.3750000000000002800 ) ) ;
#837 = FACE_OUTER_BOUND ( 'NONE', #114, .T. ) ;
#838 = CARTESIAN_POINT ( 'NONE',  ( -0.1999999999999999800, 0.02499999999999995600, -0.3000000000000000400 ) ) ;
#839 = LINE ( 'NONE', #1104, #874 ) ;
#840 = CARTESIAN_POINT ( 'NONE',  ( -2.032879073410322800E-016, 0.6999999999999999600, 0.3000000000000003200 ) ) ;
#841 = CARTESIAN_POINT ( 'NONE',  ( 2.032879073410348000E-015, 0.02500000000000000100, -0.3750000000000043300 ) ) ;
#842 = EDGE_CURVE ( 'NONE', #1568, #1406, #622, .T. ) ;
#843 = CARTESIAN_POINT ( 'NONE',  ( 0.7000000000000001800, 0.02499999999999995600, -9.486769009248156400E-017 ) ) ;
#844 = AXIS2_PLACEMENT_3D ( 'NONE', #1986, #1130, #729 ) ;
#845 = DIRECTION ( 'NONE',  ( -0.0000000000000000000, 0.0000000000000000000, 1.000000000000000000 ) ) ;
#846 = DIRECTION ( 'NONE',  ( -1.000000000000000000, 0.0000000000000000000, 0.0000000000000000000 ) ) ;
#847 = CIRCLE ( 'NONE', #1774, 0.02500000000000001200 ) ;
#848 = AXIS2_PLACEMENT_3D ( 'NONE', #1228, #429, #1404 ) ;
#849 = PLANE ( 'NONE',  #2342 ) ;
#850 = FACE_OUTER_BOUND ( 'NONE', #1219, .T. ) ;
#851 = CARTESIAN_POINT ( 'NONE',  ( -0.1750000000000001300, 0.02500000000000000100, 0.3750000000000001700 ) ) ;
#852 = DIRECTION ( 'NONE',  ( 0.0000000000000000000, 0.0000000000000000000, 1.000000000000000000 ) ) ;
#853 = ORIENTED_EDGE ( 'NONE', *, *, #2524, .F. ) ;
#854 = ORIENTED_EDGE ( 'NONE', *, *, #2671, .F. ) ;
#855 = DIRECTION ( 'NONE',  ( -1.084202172485503800E-015, 0.0000000000000000000, 1.000000000000000000 ) ) ;
#856 = ORIENTED_EDGE ( 'NONE', *, *, #1344, .F. ) ;
#857 =( NAMED_UNIT ( * ) PLANE_ANGLE_UNIT ( ) SI_UNIT ( $, .RADIAN. ) );
#858 = EDGE_CURVE ( 'NONE', #569, #721, #1733, .T. ) ;
#859 = ORIENTED_EDGE ( 'NONE', *, *, #2412, .F. ) ;
#860 = EDGE_LOOP ( 'NONE', ( #1613, #2521, #719, #326 ) ) ;
#861 = CARTESIAN_POINT ( 'NONE',  ( -1.219727444046202000E-015, 0.0000000000000000000, 0.3750000000000026100 ) ) ;
#862 = VERTEX_POINT ( 'NONE', #834 ) ;
#863 = CIRCLE ( 'NONE', #791, 0.02500000000000001200 ) ;
#864 = AXIS2_PLACEMENT_3D ( 'NONE', #2113, #2312, #869 ) ;
#865 = DIRECTION ( 'NONE',  ( -8.673617379884030700E-015, 0.0000000000000000000, 1.000000000000000000 ) ) ;
#866 = CARTESIAN_POINT ( 'NONE',  ( -0.7000000000000002900, 0.6750000000000000400, 9.486769009248162600E-017 ) ) ;
#867 = EDGE_LOOP ( 'NONE', ( #2128, #853, #1897, #1125 ) ) ;
#868 = FACE_OUTER_BOUND ( 'NONE', #2603, .T. ) ;
#869 = DIRECTION ( 'NONE',  ( 0.0000000000000000000, 0.0000000000000000000, 1.000000000000000000 ) ) ;
#870 = AXIS2_PLACEMENT_3D ( 'NONE', #851, #2508, #1069 ) ;
#871 = LINE ( 'NONE', #362, #2502 ) ;
#872 = APPLICATION_PROTOCOL_DEFINITION ( 'draft international standard', 'automotive_design', 1998, #1699 ) ;
#873 = CIRCLE ( 'NONE', #1389, 0.02500000000000001200 ) ;
#874 = VECTOR ( 'NONE', #499, 1000.000000000000000 ) ;
#875 = DIRECTION ( 'NONE',  ( 6.776263578034399800E-016, 0.0000000000000000000, -1.000000000000000000 ) ) ;
#876 = DIRECTION ( 'NONE',  ( 0.0000000000000000000, 1.000000000000000000, -0.0000000000000000000 ) ) ;
#877 = CARTESIAN_POINT ( 'NONE',  ( 0.1999999999999999300, 0.02500000000000001200, 0.3000000000000004300 ) ) ;
#878 = EDGE_CURVE ( 'NONE', #502, #569, #2273, .T. ) ;
#879 = DIRECTION ( 'NONE',  ( 1.000000000000000000, 0.0000000000000000000, 0.0000000000000000000 ) ) ;
#880 = EDGE_CURVE ( 'NONE', #699, #2227, #1938, .T. ) ;
#881 = CARTESIAN_POINT ( 'NONE',  ( 0.1749999999999998500, 0.6750000000000000400, 0.3750000000000003900 ) ) ;
#882 = PLANE ( 'NONE',  #1456 ) ;
#883 = LINE ( 'NONE', #2388, #1963 ) ;
#884 = AXIS2_PLACEMENT_3D ( 'NONE', #1036, #1042, #1886 ) ;
#885 = DIRECTION ( 'NONE',  ( 1.000000000000000000, -0.0000000000000000000, 1.084202172485504200E-016 ) ) ;
#886 = ORIENTED_EDGE ( 'NONE', *, *, #504, .F. ) ;
#887 = AXIS2_PLACEMENT_3D ( 'NONE', #953, #2367, #1359 ) ;
#888 = ORIENTED_EDGE ( 'NONE', *, *, #1842, .F. ) ;
#889 = PLANE ( 'NONE',  #1214 ) ;
#890 = ADVANCED_FACE ( 'NONE', ( #745 ), #1994, .T. ) ;
#891 = DIRECTION ( 'NONE',  ( 0.0000000000000000000, -1.000000000000000000, -0.0000000000000000000 ) ) ;
#892 = ORIENTED_EDGE ( 'NONE', *, *, #2194, .T. ) ;
#893 = VERTEX_POINT ( 'NONE', #1648 ) ;
#894 = DIRECTION ( 'NONE',  ( -0.0000000000000000000, -0.0000000000000000000, 1.000000000000000000 ) ) ;
#895 = ORIENTED_EDGE ( 'NONE', *, *, #2051, .F. ) ;
#896 = ORIENTED_EDGE ( 'NONE', *, *, #1156, .T. ) ;
#897 = ORIENTED_EDGE ( 'NONE', *, *, #2340, .T. ) ;
#898 = ORIENTED_EDGE ( 'NONE', *, *, #1425, .T. ) ;
#899 = EDGE_CURVE ( 'NONE', #142, #784, #1363, .T. ) ;
#900 = ORIENTED_EDGE ( 'NONE', *, *, #1302, .T. ) ;
#901 = LINE ( 'NONE', #1905, #728 ) ;
#902 = DIRECTION ( 'NONE',  ( 0.0000000000000000000, 0.0000000000000000000, 1.000000000000000000 ) ) ;
#903 = DIRECTION ( 'NONE',  ( 0.0000000000000000000, -1.000000000000000000, -2.168404344971012800E-015 ) ) ;
#904 = FACE_OUTER_BOUND ( 'NONE', #2036, .T. ) ;
#905 = LINE ( 'NONE', #1191, #2540 ) ;
#906 = DIRECTION ( 'NONE',  ( 0.0000000000000000000, 0.0000000000000000000, 1.000000000000000000 ) ) ;
#907 = LINE ( 'NONE', #1660, #492 ) ;
#908 = AXIS2_PLACEMENT_3D ( 'NONE', #1088, #694, #875 ) ;
#909 = ADVANCED_FACE ( 'NONE', ( #2416 ), #1240, .F. ) ;
#910 = VECTOR ( 'NONE', #77, 1000.000000000000000 ) ;
#911 = CARTESIAN_POINT ( 'NONE',  ( -0.1999999999999999800, 0.6750000000000000400, -0.3000000000000000400 ) ) ;
#912 = CARTESIAN_POINT ( 'NONE',  ( -0.7250000000000004200, 0.6750000000000000400, 0.4000000000000003000 ) ) ;
#913 = EDGE_CURVE ( 'NONE', #1851, #2003, #71, .T. ) ;
#914 = CARTESIAN_POINT ( 'NONE',  ( -0.1999999999999999000, 0.02499999999999995600, 5.421010862427520300E-017 ) ) ;
#915 = AXIS2_PLACEMENT_3D ( 'NONE', #1303, #2333, #1719 ) ;
#916 = VECTOR ( 'NONE', #475, 1000.000000000000000 ) ;
#917 = DIRECTION ( 'NONE',  ( -2.168404344971021900E-015, 0.0000000000000000000, 1.000000000000000000 ) ) ;
#918 = ADVANCED_FACE ( 'NONE', ( #1666 ), #813, .F. ) ;
#919 = DIRECTION ( 'NONE',  ( 0.0000000000000000000, 0.0000000000000000000, 1.000000000000000000 ) ) ;
#920 = VECTOR ( 'NONE', #2136, 1000.000000000000000 ) ;
#921 = AXIS2_PLACEMENT_3D ( 'NONE', #968, #1343, #2404 ) ;
#922 = CARTESIAN_POINT ( 'NONE',  ( 0.7250000000000002000, 0.6999999999999999600, 0.3750000000000002200 ) ) ;
#923 = CARTESIAN_POINT ( 'NONE',  ( 0.1749999999999998800, 0.0000000000000000000, 0.3250000000000004600 ) ) ;
#924 = EDGE_LOOP ( 'NONE', ( #38, #1566, #1510, #897 ) ) ;
#925 = ORIENTED_EDGE ( 'NONE', *, *, #1004, .T. ) ;
#926 = DIRECTION ( 'NONE',  ( 0.0000000000000000000, -1.000000000000000000, 0.0000000000000000000 ) ) ;
#927 = ORIENTED_EDGE ( 'NONE', *, *, #1084, .F. ) ;
#928 = DIRECTION ( 'NONE',  ( 1.000000000000000000, 0.0000000000000000000, 0.0000000000000000000 ) ) ;
#929 = ORIENTED_EDGE ( 'NONE', *, *, #1206, .T. ) ;
#930 = ORIENTED_EDGE ( 'NONE', *, *, #2399, .F. ) ;
#931 = ORIENTED_EDGE ( 'NONE', *, *, #209, .T. ) ;
#932 = EDGE_CURVE ( 'NONE', #480, #249, #863, .T. ) ;
#933 = ORIENTED_EDGE ( 'NONE', *, *, #1260, .T. ) ;
#934 = SPHERICAL_SURFACE ( 'NONE', #476, 0.02500000000000000100 ) ;
#935 = ORIENTED_EDGE ( 'NONE', *, *, #744, .F. ) ;
#936 = ORIENTED_EDGE ( 'NONE', *, *, #491, .F. ) ;
#937 = ADVANCED_FACE ( 'NONE', ( #1610 ), #190, .T. ) ;
#938 = EDGE_CURVE ( 'NONE', #958, #287, #322, .T. ) ;
#939 = VECTOR ( 'NONE', #683, 1000.000000000000000 ) ;
#940 = AXIS2_PLACEMENT_3D ( 'NONE', #2496, #618, #2267 ) ;
#941 = DIRECTION ( 'NONE',  ( 0.0000000000000000000, -1.000000000000000000, 0.0000000000000000000 ) ) ;
#942 = DIRECTION ( 'NONE',  ( 4.336808689942015400E-015, 0.0000000000000000000, -1.000000000000000000 ) ) ;
#943 = AXIS2_PLACEMENT_3D ( 'NONE', #2636, #1793, #2204 ) ;
#944 = DIRECTION ( 'NONE',  ( 1.000000000000000000, -1.761828530288947900E-015, 0.0000000000000000000 ) ) ;
#945 = ADVANCED_FACE ( 'NONE', ( #997 ), #605, .T. ) ;
#946 = DIRECTION ( 'NONE',  ( 1.000000000000000000, 0.0000000000000000000, 3.252606517456515700E-015 ) ) ;
#947 = CARTESIAN_POINT ( 'NONE',  ( 0.1999999999999999300, 0.6750000000000000400, 0.3000000000000004300 ) ) ;
#948 = EDGE_CURVE ( 'NONE', #699, #81, #2255, .T. ) ;
#949 = LINE ( 'NONE', #681, #134 ) ;
#950 = VECTOR ( 'NONE', #1347, 1000.000000000000000 ) ;
#951 = EDGE_CURVE ( 'NONE', #2179, #893, #2466, .T. ) ;
#952 = ORIENTED_EDGE ( 'NONE', *, *, #2068, .F. ) ;
#953 = CARTESIAN_POINT ( 'NONE',  ( -0.1749999999999999900, 0.02500000000000000100, -0.3750000000000000600 ) ) ;
#954 = SPHERICAL_SURFACE ( 'NONE', #915, 0.02500000000000000100 ) ;
#955 = CARTESIAN_POINT ( 'NONE',  ( -0.1999999999999999800, 0.02500000000000001200, -0.3000000000000000400 ) ) ;
#956 = VERTEX_POINT ( 'NONE', #2307 ) ;
#957 = AXIS2_PLACEMENT_3D ( 'NONE', #649, #1038, #28 ) ;
#958 = VERTEX_POINT ( 'NONE', #1944 ) ;
#959 = CARTESIAN_POINT ( 'NONE',  ( 0.2000000000000000400, 0.6750000000000000400, -0.3000000000000001000 ) ) ;
#960 = DIRECTION ( 'NONE',  ( 1.301042606982604700E-014, 0.0000000000000000000, 1.000000000000000000 ) ) ;
#961 = ADVANCED_FACE ( 'NONE', ( #1951 ), #849, .F. ) ;
#962 = ORIENTED_EDGE ( 'NONE', *, *, #673, .F. ) ;
#963 = VERTEX_POINT ( 'NONE', #1059 ) ;
#964 = EDGE_LOOP ( 'NONE', ( #2285, #1409, #2004, #643 ) ) ;
#965 = CYLINDRICAL_SURFACE ( 'NONE', #1581, 0.02500000000000001200 ) ;
#966 = ORIENTED_EDGE ( 'NONE', *, *, #1863, .T. ) ;
#967 = CIRCLE ( 'NONE', #1040, 0.02499999999999995600 ) ;
#968 = CARTESIAN_POINT ( 'NONE',  ( -0.7750000000000002400, 0.6999999999999999600, 0.3750000000000001100 ) ) ;
#969 = EDGE_CURVE ( 'NONE', #1680, #828, #571, .T. ) ;
#970 = DIRECTION ( 'NONE',  ( -0.0000000000000000000, -1.000000000000000000, -0.0000000000000000000 ) ) ;
#971 = VECTOR ( 'NONE', #2627, 1000.000000000000000 ) ;
#972 = CARTESIAN_POINT ( 'NONE',  ( 0.7750000000000001300, 0.6750000000000000400, -0.4000000000000001900 ) ) ;
#973 = LINE ( 'NONE', #2053, #2163 ) ;
#974 = AXIS2_PLACEMENT_3D ( 'NONE', #2426, #2655, #141 ) ;
#975 = LINE ( 'NONE', #1225, #1198 ) ;
#976 = CARTESIAN_POINT ( 'NONE',  ( -0.1749999999999999600, 0.6999999999999999600, -0.3250000000000000700 ) ) ;
#977 = AXIS2_PLACEMENT_3D ( 'NONE', #1557, #946, #2619 ) ;
#978 = ADVANCED_FACE ( 'NONE', ( #1711 ), #1351, .T. ) ;
#979 = DIRECTION ( 'NONE',  ( -0.0000000000000000000, -0.0000000000000000000, -1.000000000000000000 ) ) ;
#980 = DIRECTION ( 'NONE',  ( 1.000000000000000000, -0.0000000000000000000, 7.228014483236730100E-016 ) ) ;
#981 = DIRECTION ( 'NONE',  ( -1.000000000000000000, -0.0000000000000000000, -5.421010862427532400E-015 ) ) ;
#982 = LINE ( 'NONE', #432, #443 ) ;
#983 = EDGE_CURVE ( 'NONE', #591, #2179, #51, .T. ) ;
#984 = CARTESIAN_POINT ( 'NONE',  ( 0.1999999999999998400, 0.6750000000000000400, 0.4000000000000004100 ) ) ;
#985 = CIRCLE ( 'NONE', #864, 0.02500000000000001200 ) ;
#986 = ADVANCED_FACE ( 'NONE', ( #456 ), #2020, .F. ) ;
#987 = ORIENTED_EDGE ( 'NONE', *, *, #1735, .T. ) ;
#988 = ORIENTED_EDGE ( 'NONE', *, *, #1302, .F. ) ;
#989 = AXIS2_PLACEMENT_3D ( 'NONE', #535, #1159, #2625 ) ;
#990 = CARTESIAN_POINT ( 'NONE',  ( -0.1999999999999999600, 0.6896446609406726700, -0.2999999999999999900 ) ) ;
#991 = VERTEX_POINT ( 'NONE', #1827 ) ;
#992 = CARTESIAN_POINT ( 'NONE',  ( -0.7750000000000002400, 0.0000000000000000000, 0.3750000000000000600 ) ) ;
#993 = ORIENTED_EDGE ( 'NONE', *, *, #1668, .F. ) ;
#994 = CARTESIAN_POINT ( 'NONE',  ( -0.8000000000000001600, 0.6750000000000000400, 0.3750000000000001100 ) ) ;
#995 = CARTESIAN_POINT ( 'NONE',  ( -0.2000000000000001800, 0.6750000000000000400, 0.3750000000000000600 ) ) ;
#996 = ORIENTED_EDGE ( 'NONE', *, *, #1312, .T. ) ;
#997 = FACE_OUTER_BOUND ( 'NONE', #2569, .T. ) ;
#998 = ORIENTED_EDGE ( 'NONE', *, *, #595, .T. ) ;
#999 = ORIENTED_EDGE ( 'NONE', *, *, #1170, .T. ) ;
#1000 = VECTOR ( 'NONE', #2152, 1000.000000000000000 ) ;
#1001 = DIRECTION ( 'NONE',  ( -0.0000000000000000000, -1.000000000000000000, -0.0000000000000000000 ) ) ;
#1002 = ADVANCED_FACE ( 'NONE', ( #2327 ), #1336, .F. ) ;
#1003 = FACE_OUTER_BOUND ( 'NONE', #416, .T. ) ;
#1004 = EDGE_CURVE ( 'NONE', #2328, #249, #392, .T. ) ;
#1005 = DIRECTION ( 'NONE',  ( -1.000000000000000000, 0.0000000000000000000, 3.252606517456522400E-015 ) ) ;
#1006 = CIRCLE ( 'NONE', #832, 0.02499999999999995600 ) ;
#1007 = CARTESIAN_POINT ( 'NONE',  ( -0.2000000000000000900, 0.6750000000000000400, 0.3000000000000002100 ) ) ;
#1008 = AXIS2_PLACEMENT_3D ( 'NONE', #720, #1331, #713 ) ;
#1009 = SPHERICAL_SURFACE ( 'NONE', #1636, 0.02500000000000000100 ) ;
#1010 = DIRECTION ( 'NONE',  ( 1.000000000000000000, 0.0000000000000000000, 3.252606517456515700E-015 ) ) ;
#1011 = AXIS2_PLACEMENT_3D ( 'NONE', #1062, #1463, #2286 ) ;
#1012 = ADVANCED_FACE ( 'NONE', ( #700 ), #105, .T. ) ;
#1013 = VECTOR ( 'NONE', #2547, 1000.000000000000000 ) ;
#1014 = CARTESIAN_POINT ( 'NONE',  ( 0.7250000000000003100, 0.0000000000000000000, -9.825582188149876500E-017 ) ) ;
#1015 = EDGE_CURVE ( 'NONE', #1479, #2528, #2601, .T. ) ;
#1016 = VECTOR ( 'NONE', #1244, 1000.000000000000000 ) ;
#1017 = DIRECTION ( 'NONE',  ( -0.0000000000000000000, 1.000000000000000000, -0.0000000000000000000 ) ) ;
#1018 = ORIENTED_EDGE ( 'NONE', *, *, #805, .F. ) ;
#1019 = PLANE ( 'NONE',  #1743 ) ;
#1020 = EDGE_CURVE ( 'NONE', #1186, #1680, #1057, .T. ) ;
#1021 = PLANE ( 'NONE',  #1270 ) ;
#1022 = ORIENTED_EDGE ( 'NONE', *, *, #2602, .F. ) ;
#1023 = AXIS2_PLACEMENT_3D ( 'NONE', #718, #1137, #1776 ) ;
#1024 = EDGE_LOOP ( 'NONE', ( #192, #996, #2633 ) ) ;
#1025 = CARTESIAN_POINT ( 'NONE',  ( 0.7750000000000001300, 0.02500000000000000100, -0.4000000000000001900 ) ) ;
#1026 = VERTEX_POINT ( 'NONE', #1405 ) ;
#1027 = ORIENTED_EDGE ( 'NONE', *, *, #278, .T. ) ;
#1028 = ORIENTED_EDGE ( 'NONE', *, *, #951, .F. ) ;
#1029 = LINE ( 'NONE', #513, #488 ) ;
#1030 = DIRECTION ( 'NONE',  ( -0.0000000000000000000, -1.000000000000000000, -0.0000000000000000000 ) ) ;
#1031 = FACE_OUTER_BOUND ( 'NONE', #695, .T. ) ;
#1032 = CIRCLE ( 'NONE', #2617, 0.02499999999999995600 ) ;
#1033 = CARTESIAN_POINT ( 'NONE',  ( -0.1750000000000001300, 0.02500000000000000100, 0.3750000000000001700 ) ) ;
#1034 = FACE_OUTER_BOUND ( 'NONE', #2523, .T. ) ;
#1035 = DIRECTION ( 'NONE',  ( -1.000000000000000000, 0.0000000000000000000, -3.252606517456515700E-015 ) ) ;
#1036 = CARTESIAN_POINT ( 'NONE',  ( 1.219727444046204500E-015, 0.6750000000000000400, 0.3750000000000026100 ) ) ;
#1037 = EDGE_CURVE ( 'NONE', #2030, #958, #288, .T. ) ;
#1038 = DIRECTION ( 'NONE',  ( -1.000000000000000000, -0.0000000000000000000, -0.0000000000000000000 ) ) ;
#1039 = AXIS2_PLACEMENT_3D ( 'NONE', #1216, #1854, #413 ) ;
#1040 = AXIS2_PLACEMENT_3D ( 'NONE', #1555, #1549, #944 ) ;
#1041 = DIRECTION ( 'NONE',  ( -1.084202172485503800E-015, 0.0000000000000000000, 1.000000000000000000 ) ) ;
#1042 = DIRECTION ( 'NONE',  ( -1.000000000000000000, 0.0000000000000000000, 3.252606517456522400E-015 ) ) ;
#1043 = SURFACE_STYLE_USAGE ( .BOTH. , #823 ) ;
#1044 =( NAMED_UNIT ( * ) SI_UNIT ( $, .STERADIAN. ) SOLID_ANGLE_UNIT ( ) );
#1045 = CIRCLE ( 'NONE', #2238, 0.02500000000000001200 ) ;
#1046 = CIRCLE ( 'NONE', #176, 0.02500000000000000100 ) ;
#1047 = EDGE_CURVE ( 'NONE', #2469, #1252, #1187, .T. ) ;
#1048 = ORIENTED_EDGE ( 'NONE', *, *, #2324, .F. ) ;
#1049 = ORIENTED_EDGE ( 'NONE', *, *, #2246, .F. ) ;
#1050 = CARTESIAN_POINT ( 'NONE',  ( 0.0000000000000000000, 0.6999999999999999600, 0.0000000000000000000 ) ) ;
#1051 = PLANE ( 'NONE',  #2077 ) ;
#1052 = ORIENTED_EDGE ( 'NONE', *, *, #858, .F. ) ;
#1053 = PRESENTATION_LAYER_ASSIGNMENT (  '', '', ( #810 ) ) ;
#1054 = ORIENTED_EDGE ( 'NONE', *, *, #1668, .T. ) ;
#1055 = CLOSED_SHELL ( 'NONE', ( #803, #2011, #175, #2677, #373, #1160, #384, #890, #117, #1311, #1373, #1231, #1728, #129, #2644, #1640, #2237, #191, #1823, #945, #937, #2446, #978, #2141, #1109, #2421 ) ) ;
#1056 = EDGE_LOOP ( 'NONE', ( #2429, #570, #1246 ) ) ;
#1057 = LINE ( 'NONE', #302, #255 ) ;
#1058 = AXIS2_PLACEMENT_3D ( 'NONE', #1138, #202, #2515 ) ;
#1059 = CARTESIAN_POINT ( 'NONE',  ( -0.2000000000000001800, 0.6750000000000000400, 0.3750000000000000600 ) ) ;
#1060 = ORIENTED_EDGE ( 'NONE', *, *, #2562, .F. ) ;
#1061 = LINE ( 'NONE', #328, #1128 ) ;
#1062 = CARTESIAN_POINT ( 'NONE',  ( 0.7250000000000002000, 0.02500000000000000100, -0.3750000000000004400 ) ) ;
#1063 = LINE ( 'NONE', #665, #2108 ) ;
#1064 = CARTESIAN_POINT ( 'NONE',  ( -0.7000000000000002900, 0.02500000000000000100, 0.3750000000000002800 ) ) ;
#1065 = DIRECTION ( 'NONE',  ( 1.000000000000000000, -0.0000000000000000000, 5.421010862427522200E-016 ) ) ;
#1066 = LINE ( 'NONE', #1329, #232 ) ;
#1067 = EDGE_CURVE ( 'NONE', #2528, #1712, #640, .T. ) ;
#1068 = DIRECTION ( 'NONE',  ( -0.0000000000000000000, 1.000000000000000000, -0.0000000000000000000 ) ) ;
#1069 = DIRECTION ( 'NONE',  ( -1.084202172485503800E-015, -1.761828530288943900E-015, 1.000000000000000000 ) ) ;
#1070 = CARTESIAN_POINT ( 'NONE',  ( 0.7000000000000001800, 0.6750000000000000400, 0.3750000000000002200 ) ) ;
#1071 = CARTESIAN_POINT ( 'NONE',  ( 0.2000000000000000400, 0.6999999999999999600, -0.3250000000000000700 ) ) ;
#1072 = AXIS2_PLACEMENT_3D ( 'NONE', #493, #2096, #902 ) ;
#1073 = SURFACE_SIDE_STYLE ('',( #1899 ) ) ;
#1074 = PLANE ( 'NONE',  #738 ) ;
#1075 = CIRCLE ( 'NONE', #1589, 0.02500000000000001200 ) ;
#1076 = VERTEX_POINT ( 'NONE', #922 ) ;
#1077 = LINE ( 'NONE', #914, #2689 ) ;
#1078 = CARTESIAN_POINT ( 'NONE',  ( -0.7750000000000002400, 0.6999999999999999600, 0.0000000000000000000 ) ) ;
#1079 = DIRECTION ( 'NONE',  ( 1.000000000000000000, -0.0000000000000000000, -1.355252715606880500E-016 ) ) ;
#1080 = ORIENTED_EDGE ( 'NONE', *, *, #819, .F. ) ;
#1081 = CLOSED_SHELL ( 'NONE', ( #1146, #2348, #414, #788, #1541, #909, #741, #93, #1356, #2039, #684, #2191, #1740, #343, #76, #496, #2593, #2408, #329, #1398, #1419, #759, #772, #2566, #2436, #536 ) ) ;
#1082 = ORIENTED_EDGE ( 'NONE', *, *, #171, .F. ) ;
#1083 = DIRECTION ( 'NONE',  ( 1.000000000000000000, 0.0000000000000000000, 0.0000000000000000000 ) ) ;
#1084 = EDGE_CURVE ( 'NONE', #2227, #636, #17, .T. ) ;
#1085 = VERTEX_POINT ( 'NONE', #2168 ) ;
#1086 = ORIENTED_EDGE ( 'NONE', *, *, #1859, .T. ) ;
#1087 = ORIENTED_EDGE ( 'NONE', *, *, #500, .T. ) ;
#1088 = CARTESIAN_POINT ( 'NONE',  ( -2.541098841762903000E-016, 0.02499999999999995600, 0.3750000000000002800 ) ) ;
#1089 = LINE ( 'NONE', #1691, #1754 ) ;
#1090 = EDGE_LOOP ( 'NONE', ( #1880, #1241, #1286, #1744 ) ) ;
#1091 = ORIENTED_EDGE ( 'NONE', *, *, #407, .T. ) ;
#1092 = MECHANICAL_DESIGN_GEOMETRIC_PRESENTATION_REPRESENTATION (  '', ( #810 ), #1106 ) ;
#1093 = PLANE ( 'NONE',  #247 ) ;
#1094 = ORIENTED_EDGE ( 'NONE', *, *, #1266, .F. ) ;
#1095 = DIRECTION ( 'NONE',  ( 0.0000000000000000000, 2.168404344971012400E-015, -1.000000000000000000 ) ) ;
#1096 = FACE_OUTER_BOUND ( 'NONE', #243, .T. ) ;
#1097 = ORIENTED_EDGE ( 'NONE', *, *, #209, .F. ) ;
#1098 = VECTOR ( 'NONE', #1107, 1000.000000000000000 ) ;
#1099 = AXIS2_PLACEMENT_3D ( 'NONE', #1295, #1927, #481 ) ;
#1100 = LINE ( 'NONE', #563, #1883 ) ;
#1101 = FACE_OUTER_BOUND ( 'NONE', #1843, .T. ) ;
#1102 = CARTESIAN_POINT ( 'NONE',  ( 0.7250000000000002000, 0.02499999999999995600, -0.3750000000000004400 ) ) ;
#1103 = DIRECTION ( 'NONE',  ( 0.0000000000000000000, 0.0000000000000000000, -1.000000000000000000 ) ) ;
#1104 = CARTESIAN_POINT ( 'NONE',  ( -0.8000000000000001600, 0.02500000000000000100, 0.4000000000000000200 ) ) ;
#1105 = EDGE_CURVE ( 'NONE', #963, #537, #2392, .T. ) ;
#1106 =( GEOMETRIC_REPRESENTATION_CONTEXT ( 3 ) GLOBAL_UNCERTAINTY_ASSIGNED_CONTEXT ( ( #127 ) ) GLOBAL_UNIT_ASSIGNED_CONTEXT ( ( #1287, #40, #1752 ) ) REPRESENTATION_CONTEXT ( 'NONE', 'WORKASPACE' ) );
#1107 = DIRECTION ( 'NONE',  ( 8.131516293641285200E-016, -0.0000000000000000000, -1.000000000000000000 ) ) ;
#1108 = DIRECTION ( 'NONE',  ( 1.084202172485504200E-016, 0.0000000000000000000, -1.000000000000000000 ) ) ;
#1109 = ADVANCED_FACE ( 'NONE', ( #1849 ), #934, .T. ) ;
#1110 = DIRECTION ( 'NONE',  ( 0.0000000000000000000, -1.000000000000000000, 0.0000000000000000000 ) ) ;
#1111 = AXIS2_PLACEMENT_3D ( 'NONE', #1195, #1608, #578 ) ;
#1112 = CARTESIAN_POINT ( 'NONE',  ( -0.2000000000000001800, 0.6750000000000000400, 0.4000000000000001900 ) ) ;
#1113 = VECTOR ( 'NONE', #340, 1000.000000000000000 ) ;
#1114 = EDGE_LOOP ( 'NONE', ( #2519, #1290, #257, #1533 ) ) ;
#1115 = ORIENTED_EDGE ( 'NONE', *, *, #2602, .T. ) ;
#1116 = CARTESIAN_POINT ( 'NONE',  ( -0.7250000000000002000, 0.0000000000000000000, 0.4000000000000003600 ) ) ;
#1117 = VERTEX_POINT ( 'NONE', #1766 ) ;
#1118 = CARTESIAN_POINT ( 'NONE',  ( 0.0000000000000000000, 0.6999999999999999600, 0.0000000000000000000 ) ) ;
#1119 = ORIENTED_EDGE ( 'NONE', *, *, #2630, .T. ) ;
#1120 = UNCERTAINTY_MEASURE_WITH_UNIT (LENGTH_MEASURE( 1.000000000000000100E-005 ), #2120, 'distance_accuracy_value', 'NONE');
#1121 = ORIENTED_EDGE ( 'NONE', *, *, #2100, .T. ) ;
#1122 = ORIENTED_EDGE ( 'NONE', *, *, #1124, .T. ) ;
#1123 = ORIENTED_EDGE ( 'NONE', *, *, #2546, .F. ) ;
#1124 = EDGE_CURVE ( 'NONE', #600, #2531, #2102, .T. ) ;
#1125 = ORIENTED_EDGE ( 'NONE', *, *, #101, .F. ) ;
#1126 = VECTOR ( 'NONE', #522, 1000.000000000000000 ) ;
#1127 = ORIENTED_EDGE ( 'NONE', *, *, #2235, .F. ) ;
#1128 = VECTOR ( 'NONE', #1364, 1000.000000000000000 ) ;
#1129 = AXIS2_PLACEMENT_3D ( 'NONE', #1188, #546, #781 ) ;
#1130 = DIRECTION ( 'NONE',  ( -0.0000000000000000000, 2.168404344971008900E-015, -1.000000000000000000 ) ) ;
#1131 = LINE ( 'NONE', #804, #2365 ) ;
#1132 = VECTOR ( 'NONE', #307, 1000.000000000000000 ) ;
#1133 = CARTESIAN_POINT ( 'NONE',  ( -0.2000000000000000900, 0.02499999999999995600, 0.3000000000000002100 ) ) ;
#1134 = DIRECTION ( 'NONE',  ( 1.000000000000000000, -0.0000000000000000000, -1.355252715606880500E-016 ) ) ;
#1135 = LINE ( 'NONE', #2609, #807 ) ;
#1136 = ADVANCED_FACE ( 'NONE', ( #1289 ), #119, .T. ) ;
#1137 = DIRECTION ( 'NONE',  ( -1.000000000000000000, -0.0000000000000000000, -4.336808689942006700E-015 ) ) ;
#1138 = CARTESIAN_POINT ( 'NONE',  ( 0.7750000000000000200, 0.02500000000000000100, 0.3750000000000000600 ) ) ;
#1139 = EDGE_CURVE ( 'NONE', #1596, #389, #2037, .T. ) ;
#1140 = EDGE_CURVE ( 'NONE', #2500, #45, #2534, .T. ) ;
#1141 = FACE_OUTER_BOUND ( 'NONE', #2044, .T. ) ;
#1142 = EDGE_LOOP ( 'NONE', ( #2022, #2033, #1546, #2604 ) ) ;
#1143 = AXIS2_PLACEMENT_3D ( 'NONE', #2563, #2351, #1724 ) ;
#1144 = CARTESIAN_POINT ( 'NONE',  ( -0.7750000000000002400, 0.0000000000000000000, -0.4000000000000000200 ) ) ;
#1145 = ORIENTED_EDGE ( 'NONE', *, *, #1501, .T. ) ;
#1146 = ADVANCED_FACE ( 'NONE', ( #1152 ), #1442, .T. ) ;
#1147 = FILL_AREA_STYLE ('',( #534 ) ) ;
#1148 = EDGE_LOOP ( 'NONE', ( #2187, #2247, #285, #2538 ) ) ;
#1149 = CARTESIAN_POINT ( 'NONE',  ( -0.2000000000000000900, 0.01035533905932735400, 0.3000000000000002100 ) ) ;
#1150 = ORIENTED_EDGE ( 'NONE', *, *, #25, .T. ) ;
#1151 = EDGE_CURVE ( 'NONE', #314, #2622, #2501, .T. ) ;
#1152 = FACE_OUTER_BOUND ( 'NONE', #2184, .T. ) ;
#1153 = ORIENTED_EDGE ( 'NONE', *, *, #441, .T. ) ;
#1154 = ORIENTED_EDGE ( 'NONE', *, *, #1015, .F. ) ;
#1155 = CIRCLE ( 'NONE', #361, 0.02499999999999995600 ) ;
#1156 = EDGE_CURVE ( 'NONE', #1937, #1804, #1881, .T. ) ;
#1157 = CARTESIAN_POINT ( 'NONE',  ( -0.7250000000000002000, 0.0000000000000000000, 0.3750000000000002200 ) ) ;
#1158 = AXIS2_PLACEMENT_3D ( 'NONE', #95, #1340, #2384 ) ;
#1159 = DIRECTION ( 'NONE',  ( 0.0000000000000000000, 1.000000000000000000, 0.0000000000000000000 ) ) ;
#1160 = ADVANCED_FACE ( 'NONE', ( #1975 ), #1230, .F. ) ;
#1161 = VECTOR ( 'NONE', #208, 1000.000000000000000 ) ;
#1162 = DIRECTION ( 'NONE',  ( -1.000000000000000000, 0.0000000000000000000, 0.0000000000000000000 ) ) ;
#1163 = DIRECTION ( 'NONE',  ( -1.000000000000000000, -0.0000000000000000000, 1.355252715606880500E-016 ) ) ;
#1164 = CARTESIAN_POINT ( 'NONE',  ( 0.7250000000000002000, 0.6750000000000000400, 0.3750000000000002200 ) ) ;
#1165 = VECTOR ( 'NONE', #801, 1000.000000000000000 ) ;
#1166 = CYLINDRICAL_SURFACE ( 'NONE', #1729, 0.02500000000000001200 ) ;
#1167 = DIRECTION ( 'NONE',  ( -1.000000000000000000, 0.0000000000000000000, 0.0000000000000000000 ) ) ;
#1168 = DIRECTION ( 'NONE',  ( 2.168404344971012400E-015, -0.0000000000000000000, 1.000000000000000000 ) ) ;
#1169 = CARTESIAN_POINT ( 'NONE',  ( 0.7750000000000001300, 0.6750000000000000400, 0.4000000000000000800 ) ) ;
#1170 = EDGE_CURVE ( 'NONE', #636, #1643, #758, .T. ) ;
#1171 = CARTESIAN_POINT ( 'NONE',  ( -0.7000000000000002900, 0.02500000000000001200, 0.3750000000000000000 ) ) ;
#1172 = VECTOR ( 'NONE', #405, 1000.000000000000000 ) ;
#1173 = ADVANCED_FACE ( 'NONE', ( #155 ), #213, .F. ) ;
#1174 = SPHERICAL_SURFACE ( 'NONE', #825, 0.02500000000000000100 ) ;
#1175 = EDGE_LOOP ( 'NONE', ( #1123, #530, #2662, #2213 ) ) ;
#1176 = CARTESIAN_POINT ( 'NONE',  ( -0.7000000000000002900, 0.6750000000000000400, -0.3750000000000000600 ) ) ;
#1177 = DIRECTION ( 'NONE',  ( 0.0000000000000000000, -1.000000000000000000, 0.0000000000000000000 ) ) ;
#1178 = CARTESIAN_POINT ( 'NONE',  ( -0.1999999999999999800, 0.6750000000000000400, -0.3000000000000000400 ) ) ;
#1179 = ORIENTED_EDGE ( 'NONE', *, *, #1190, .F. ) ;
#1180 = AXIS2_PLACEMENT_3D ( 'NONE', #1991, #917, #2400 ) ;
#1181 = ORIENTED_EDGE ( 'NONE', *, *, #226, .F. ) ;
#1182 = CARTESIAN_POINT ( 'NONE',  ( 0.7750000000000000200, 0.6750000000000000400, 0.3750000000000000600 ) ) ;
#1183 = ORIENTED_EDGE ( 'NONE', *, *, #2645, .F. ) ;
#1184 = VERTEX_POINT ( 'NONE', #2271 ) ;
#1185 = CARTESIAN_POINT ( 'NONE',  ( 0.7250000000000002000, 0.6999999999999999600, 0.3750000000000002200 ) ) ;
#1186 = VERTEX_POINT ( 'NONE', #2723 ) ;
#1187 = LINE ( 'NONE', #707, #2665 ) ;
#1188 = CARTESIAN_POINT ( 'NONE',  ( -0.7250000000000003100, 0.6750000000000000400, 9.825582188149882700E-017 ) ) ;
#1189 = ADVANCED_FACE ( 'NONE', ( #2360 ), #1748, .T. ) ;
#1190 = EDGE_CURVE ( 'NONE', #1851, #282, #1323, .T. ) ;
#1191 = CARTESIAN_POINT ( 'NONE',  ( -0.2000000000000000100, 0.0000000000000000000, -0.3750000000000000600 ) ) ;
#1192 = EDGE_LOOP ( 'NONE', ( #1677, #1650, #2623, #19 ) ) ;
#1193 = CYLINDRICAL_SURFACE ( 'NONE', #812, 0.02500000000000001200 ) ;
#1194 = DIRECTION ( 'NONE',  ( 0.0000000000000000000, 0.0000000000000000000, -1.000000000000000000 ) ) ;
#1195 = CARTESIAN_POINT ( 'NONE',  ( -2.541098841762903000E-016, 0.6750000000000000400, 0.3750000000000002800 ) ) ;
#1196 = LINE ( 'NONE', #2040, #2437 ) ;
#1197 = AXIS2_PLACEMENT_3D ( 'NONE', #1164, #2631, #1394 ) ;
#1198 = VECTOR ( 'NONE', #811, 1000.000000000000000 ) ;
#1199 = LINE ( 'NONE', #742, #1132 ) ;
#1200 = DIRECTION ( 'NONE',  ( -0.0000000000000000000, -1.000000000000000000, -0.0000000000000000000 ) ) ;
#1201 = DIRECTION ( 'NONE',  ( -0.0000000000000000000, -1.000000000000000000, -0.0000000000000000000 ) ) ;
#1202 = DIRECTION ( 'NONE',  ( 1.000000000000000000, 0.0000000000000000000, -2.710505431213759600E-016 ) ) ;
#1203 = ADVANCED_FACE ( 'NONE', ( #831 ), #2703, .T. ) ;
#1204 = MANIFOLD_SOLID_BREP ( 'Pin 1', #1081 ) ;
#1205 = DIRECTION ( 'NONE',  ( 0.0000000000000000000, -1.000000000000000000, 0.0000000000000000000 ) ) ;
#1206 = EDGE_CURVE ( 'NONE', #1567, #1979, #1089, .T. ) ;
#1207 = CARTESIAN_POINT ( 'NONE',  ( 0.1999999999999999000, 0.0000000000000000000, 0.3250000000000004600 ) ) ;
#1208 = FACE_OUTER_BOUND ( 'NONE', #2535, .T. ) ;
#1209 = ORIENTED_EDGE ( 'NONE', *, *, #1451, .F. ) ;
#1210 = FACE_OUTER_BOUND ( 'NONE', #567, .T. ) ;
#1211 = PRODUCT_DEFINITION_CONTEXT ( 'detailed design', #468, 'design' ) ;
#1212 = VERTEX_POINT ( 'NONE', #1269 ) ;
#1213 = ORIENTED_EDGE ( 'NONE', *, *, #948, .F. ) ;
#1214 = AXIS2_PLACEMENT_3D ( 'NONE', #1118, #876, #667 ) ;
#1215 = DIRECTION ( 'NONE',  ( -6.776263578034399800E-016, 0.0000000000000000000, 1.000000000000000000 ) ) ;
#1216 = CARTESIAN_POINT ( 'NONE',  ( 0.7750000000000000200, 0.02499999999999995600, 0.3750000000000000600 ) ) ;
#1217 = DIRECTION ( 'NONE',  ( -4.336808689942015400E-015, 0.0000000000000000000, 1.000000000000000000 ) ) ;
#1218 = EDGE_LOOP ( 'NONE', ( #1447, #1411, #250, #321 ) ) ;
#1219 = EDGE_LOOP ( 'NONE', ( #2352, #1683, #1121, #575 ) ) ;
#1220 = VECTOR ( 'NONE', #2606, 1000.000000000000000 ) ;
#1221 = VERTEX_POINT ( 'NONE', #2518 ) ;
#1222 = CARTESIAN_POINT ( 'NONE',  ( 2.032879073410348000E-015, 0.6999999999999999600, -0.3750000000000043300 ) ) ;
#1223 = ORIENTED_EDGE ( 'NONE', *, *, #464, .T. ) ;
#1224 = LINE ( 'NONE', #1945, #92 ) ;
#1225 = CARTESIAN_POINT ( 'NONE',  ( -2.541098841762903500E-016, 0.0000000000000000000, 0.3750000000000003300 ) ) ;
#1226 = FACE_OUTER_BOUND ( 'NONE', #2218, .T. ) ;
#1227 = EDGE_CURVE ( 'NONE', #107, #2531, #1399, .T. ) ;
#1228 = CARTESIAN_POINT ( 'NONE',  ( 0.1749999999999998500, 0.6750000000000000400, 0.3750000000000004400 ) ) ;
#1229 = CARTESIAN_POINT ( 'NONE',  ( -0.1750000000000001000, 0.6999999999999999600, 0.3250000000000001800 ) ) ;
#1230 = PLANE ( 'NONE',  #1866 ) ;
#1231 = ADVANCED_FACE ( 'NONE', ( #1958 ), #2304, .T. ) ;
#1232 = CARTESIAN_POINT ( 'NONE',  ( 0.1749999999999999900, 0.0000000000000000000, -0.3750000000000001100 ) ) ;
#1233 = DIRECTION ( 'NONE',  ( -0.0000000000000000000, -2.168404344971008900E-015, 1.000000000000000000 ) ) ;
#1234 = DIRECTION ( 'NONE',  ( -1.000000000000000000, -0.0000000000000000000, -0.0000000000000000000 ) ) ;
#1235 = FACE_OUTER_BOUND ( 'NONE', #2424, .T. ) ;
#1236 = SURFACE_STYLE_FILL_AREA ( #1901 ) ;
#1237 = DIRECTION ( 'NONE',  ( 0.0000000000000000000, 1.000000000000000000, 0.0000000000000000000 ) ) ;
#1238 = EDGE_CURVE ( 'NONE', #543, #2125, #1550, .T. ) ;
#1239 = FACE_OUTER_BOUND ( 'NONE', #860, .T. ) ;
#1240 = PLANE ( 'NONE',  #940 ) ;
#1241 = ORIENTED_EDGE ( 'NONE', *, *, #1156, .F. ) ;
#1242 = DIRECTION ( 'NONE',  ( 0.0000000000000000000, 0.0000000000000000000, -1.000000000000000000 ) ) ;
#1243 = AXIS2_PLACEMENT_3D ( 'NONE', #2071, #774, #1623 ) ;
#1244 = DIRECTION ( 'NONE',  ( 0.0000000000000000000, -1.000000000000000000, 0.0000000000000000000 ) ) ;
#1245 = DIRECTION ( 'NONE',  ( 0.0000000000000000000, 0.0000000000000000000, -1.000000000000000000 ) ) ;
#1246 = ORIENTED_EDGE ( 'NONE', *, *, #1825, .F. ) ;
#1247 = ORIENTED_EDGE ( 'NONE', *, *, #1952, .T. ) ;
#1248 = AXIS2_PLACEMENT_3D ( 'NONE', #1334, #678, #906 ) ;
#1249 = VERTEX_POINT ( 'NONE', #1283 ) ;
#1250 = DIRECTION ( 'NONE',  ( 0.0000000000000000000, -1.000000000000000000, -0.0000000000000000000 ) ) ;
#1251 = DIRECTION ( 'NONE',  ( 1.000000000000000000, 0.0000000000000000000, -1.355252715606879100E-016 ) ) ;
#1252 = VERTEX_POINT ( 'NONE', #877 ) ;
#1253 = CARTESIAN_POINT ( 'NONE',  ( -0.7000000000000002900, 0.02500000000000001200, -0.3750000000000000600 ) ) ;
#1254 = VERTEX_POINT ( 'NONE', #2329 ) ;
#1255 = AXIS2_PLACEMENT_3D ( 'NONE', #2265, #2243, #1215 ) ;
#1256 = ORIENTED_EDGE ( 'NONE', *, *, #2270, .F. ) ;
#1257 = VECTOR ( 'NONE', #153, 1000.000000000000000 ) ;
#1258 = DIRECTION ( 'NONE',  ( -1.000000000000000000, 0.0000000000000000000, -8.673617379884013400E-015 ) ) ;
#1259 = ORIENTED_EDGE ( 'NONE', *, *, #188, .T. ) ;
#1260 = EDGE_CURVE ( 'NONE', #2468, #862, #1457, .T. ) ;
#1261 = DIRECTION ( 'NONE',  ( -1.355252715606879100E-016, -0.0000000000000000000, -1.000000000000000000 ) ) ;
#1262 = LINE ( 'NONE', #582, #1722 ) ;
#1263 = DIRECTION ( 'NONE',  ( -0.0000000000000000000, -1.000000000000000000, -0.0000000000000000000 ) ) ;
#1264 = LINE ( 'NONE', #1449, #1988 ) ;
#1265 = CARTESIAN_POINT ( 'NONE',  ( -5.082197683525803900E-017, 0.6999999999999999600, -0.3750000000000001100 ) ) ;
#1266 = EDGE_CURVE ( 'NONE', #2186, #2451, #2438, .T. ) ;
#1267 = DIRECTION ( 'NONE',  ( 0.0000000000000000000, 0.0000000000000000000, 1.000000000000000000 ) ) ;
#1268 = DIRECTION ( 'NONE',  ( -1.000000000000000000, -0.0000000000000000000, 3.252606517456522400E-015 ) ) ;
#1269 = CARTESIAN_POINT ( 'NONE',  ( 0.2000000000000000400, 0.02500000000000001200, -0.3000000000000001000 ) ) ;
#1270 = AXIS2_PLACEMENT_3D ( 'NONE', #2681, #1418, #2483 ) ;
#1271 = DIRECTION ( 'NONE',  ( -1.000000000000000000, -1.761828530288943900E-015, 0.0000000000000000000 ) ) ;
#1272 = DIRECTION ( 'NONE',  ( -1.000000000000000000, 0.0000000000000000000, 1.355252715606880500E-016 ) ) ;
#1273 = CARTESIAN_POINT ( 'NONE',  ( -0.7750000000000002400, 0.6750000000000000400, 0.3750000000000001100 ) ) ;
#1274 = VECTOR ( 'NONE', #1268, 1000.000000000000000 ) ;
#1275 = ORIENTED_EDGE ( 'NONE', *, *, #2318, .T. ) ;
#1276 = DIRECTION ( 'NONE',  ( -1.355252715606879800E-016, 0.0000000000000000000, -1.000000000000000000 ) ) ;
#1277 = DIRECTION ( 'NONE',  ( -1.000000000000000000, 0.0000000000000000000, -6.776263578034402700E-016 ) ) ;
#1278 = EDGE_CURVE ( 'NONE', #1221, #245, #839, .T. ) ;
#1279 = ORIENTED_EDGE ( 'NONE', *, *, #1466, .F. ) ;
#1280 = VECTOR ( 'NONE', #1261, 1000.000000000000000 ) ;
#1281 = ORIENTED_EDGE ( 'NONE', *, *, #133, .T. ) ;
#1282 = DIRECTION ( 'NONE',  ( 0.0000000000000000000, 1.000000000000000000, 0.0000000000000000000 ) ) ;
#1283 = CARTESIAN_POINT ( 'NONE',  ( -0.1999999999999999800, 0.6750000000000000400, -0.3000000000000000400 ) ) ;
#1284 = EDGE_LOOP ( 'NONE', ( #820, #1087, #931, #1150 ) ) ;
#1285 = ORIENTED_EDGE ( 'NONE', *, *, #620, .T. ) ;
#1286 = ORIENTED_EDGE ( 'NONE', *, *, #2131, .F. ) ;
#1287 =( LENGTH_UNIT ( ) NAMED_UNIT ( * ) SI_UNIT ( .MILLI., .METRE. ) );
#1288 = EDGE_LOOP ( 'NONE', ( #596, #2555, #824, #1739 ) ) ;
#1289 = FACE_OUTER_BOUND ( 'NONE', #1745, .T. ) ;
#1290 = ORIENTED_EDGE ( 'NONE', *, *, #899, .F. ) ;
#1291 = CARTESIAN_POINT ( 'NONE',  ( -0.2000000000000001800, 0.02500000000000000100, 0.4000000000000001300 ) ) ;
#1292 = UNCERTAINTY_MEASURE_WITH_UNIT (LENGTH_MEASURE( 1.000000000000000100E-005 ), #1908, 'distance_accuracy_value', 'NONE');
#1293 = EDGE_LOOP ( 'NONE', ( #2462, #2349, #1609, #1091 ) ) ;
#1294 = CIRCLE ( 'NONE', #1367, 0.02500000000000001200 ) ;
#1295 = CARTESIAN_POINT ( 'NONE',  ( -0.7250000000000003100, 0.02500000000000000100, 9.825582188149883900E-017 ) ) ;
#1296 = FACE_OUTER_BOUND ( 'NONE', #723, .T. ) ;
#1297 = CARTESIAN_POINT ( 'NONE',  ( -0.2000000000000001800, 0.6750000000000000400, 0.3750000000000000600 ) ) ;
#1298 = DIRECTION ( 'NONE',  ( 0.0000000000000000000, -0.0000000000000000000, 1.000000000000000000 ) ) ;
#1299 = VECTOR ( 'NONE', #1841, 1000.000000000000000 ) ;
#1300 = EDGE_CURVE ( 'NONE', #1252, #2330, #1066, .T. ) ;
#1301 = CARTESIAN_POINT ( 'NONE',  ( -0.1749999999999999900, 0.6750000000000000400, -0.3750000000000000600 ) ) ;
#1302 = EDGE_CURVE ( 'NONE', #1403, #1406, #2577, .T. ) ;
#1303 = CARTESIAN_POINT ( 'NONE',  ( 0.7750000000000000200, 0.6750000000000000400, 0.3750000000000000600 ) ) ;
#1304 = VECTOR ( 'NONE', #146, 1000.000000000000000 ) ;
#1305 = CIRCLE ( 'NONE', #298, 0.02499999999999995600 ) ;
#1306 = CARTESIAN_POINT ( 'NONE',  ( 0.7250000000000002000, 0.02499999999999995600, 0.3750000000000002200 ) ) ;
#1307 = ORIENTED_EDGE ( 'NONE', *, *, #983, .F. ) ;
#1308 = EDGE_CURVE ( 'NONE', #2186, #795, #1006, .T. ) ;
#1309 = DIRECTION ( 'NONE',  ( 0.0000000000000000000, 2.168404344971008900E-015, -1.000000000000000000 ) ) ;
#1310 = ORIENTED_EDGE ( 'NONE', *, *, #295, .T. ) ;
#1311 = ADVANCED_FACE ( 'NONE', ( #1923 ), #27, .T. ) ;
#1312 = EDGE_CURVE ( 'NONE', #220, #1117, #266, .T. ) ;
#1313 = ORIENTED_EDGE ( 'NONE', *, *, #712, .T. ) ;
#1314 = ORIENTED_EDGE ( 'NONE', *, *, #1718, .F. ) ;
#1315 = CARTESIAN_POINT ( 'NONE',  ( 1.219727444046204500E-015, 0.02499999999999995600, 0.3750000000000026100 ) ) ;
#1316 = EDGE_LOOP ( 'NONE', ( #1445, #1097, #856, #449 ) ) ;
#1317 = EDGE_LOOP ( 'NONE', ( #2099, #1086, #2249 ) ) ;
#1318 = ORIENTED_EDGE ( 'NONE', *, *, #1278, .T. ) ;
#1319 = AXIS2_PLACEMENT_3D ( 'NONE', #2236, #165, #2394 ) ;
#1320 = ORIENTED_EDGE ( 'NONE', *, *, #1764, .F. ) ;
#1321 = DIRECTION ( 'NONE',  ( 0.0000000000000000000, 1.000000000000000000, 0.0000000000000000000 ) ) ;
#1322 = ORIENTED_EDGE ( 'NONE', *, *, #470, .T. ) ;
#1323 = CIRCLE ( 'NONE', #1431, 0.02500000000000001200 ) ;
#1324 = AXIS2_PLACEMENT_3D ( 'NONE', #1537, #2188, #521 ) ;
#1325 = LINE ( 'NONE', #193, #2398 ) ;
#1326 = LINE ( 'NONE', #1869, #646 ) ;
#1327 = CARTESIAN_POINT ( 'NONE',  ( 0.1749999999999998500, 0.02500000000000000100, 0.3750000000000004400 ) ) ;
#1328 = LINE ( 'NONE', #2422, #2166 ) ;
#1329 = CARTESIAN_POINT ( 'NONE',  ( 0.1999999999999998700, 0.02500000000000001200, 0.3750000000000000600 ) ) ;
#1330 = EDGE_CURVE ( 'NONE', #1979, #1252, #1622, .T. ) ;
#1331 = DIRECTION ( 'NONE',  ( -1.761828530288947900E-015, -1.000000000000000000, -7.640713280344878600E-030 ) ) ;
#1332 = FACE_OUTER_BOUND ( 'NONE', #109, .T. ) ;
#1333 = AXIS2_PLACEMENT_3D ( 'NONE', #1301, #2338, #274 ) ;
#1334 = CARTESIAN_POINT ( 'NONE',  ( 0.7750000000000000200, 0.6999999999999999600, -0.3750000000000001700 ) ) ;
#1335 = AXIS2_PLACEMENT_3D ( 'NONE', #301, #706, #320 ) ;
#1336 = PLANE ( 'NONE',  #2197 ) ;
#1337 = CIRCLE ( 'NONE', #6, 0.02500000000000001200 ) ;
#1338 = ORIENTED_EDGE ( 'NONE', *, *, #2684, .T. ) ;
#1339 = FACE_OUTER_BOUND ( 'NONE', #1471, .T. ) ;
#1340 = DIRECTION ( 'NONE',  ( 0.0000000000000000000, 1.000000000000000000, 0.0000000000000000000 ) ) ;
#1341 =( NAMED_UNIT ( * ) PLANE_ANGLE_UNIT ( ) SI_UNIT ( $, .RADIAN. ) );
#1342 = LINE ( 'NONE', #2512, #1280 ) ;
#1343 = DIRECTION ( 'NONE',  ( 0.0000000000000000000, 1.000000000000000000, 0.0000000000000000000 ) ) ;
#1344 = EDGE_CURVE ( 'NONE', #1403, #2533, #1887, .T. ) ;
#1345 = ORIENTED_EDGE ( 'NONE', *, *, #39, .F. ) ;
#1346 = CARTESIAN_POINT ( 'NONE',  ( -0.8000000000000001600, 0.6750000000000000400, 0.4000000000000000200 ) ) ;
#1347 = DIRECTION ( 'NONE',  ( -0.0000000000000000000, 1.000000000000000000, -0.0000000000000000000 ) ) ;
#1348 = ORIENTED_EDGE ( 'NONE', *, *, #2415, .F. ) ;
#1349 = ORIENTED_EDGE ( 'NONE', *, *, #1300, .F. ) ;
#1350 = ORIENTED_EDGE ( 'NONE', *, *, #2284, .T. ) ;
#1351 = CYLINDRICAL_SURFACE ( 'NONE', #2635, 0.02500000000000001200 ) ;
#1352 = ORIENTED_EDGE ( 'NONE', *, *, #2266, .T. ) ;
#1353 = EDGE_LOOP ( 'NONE', ( #966, #1052, #1401, #1440 ) ) ;
#1354 = VECTOR ( 'NONE', #1920, 1000.000000000000000 ) ;
#1355 = DIRECTION ( 'NONE',  ( -2.710505431213761600E-016, -0.0000000000000000000, -1.000000000000000000 ) ) ;
#1356 = ADVANCED_FACE ( 'NONE', ( #366 ), #2507, .T. ) ;
#1357 = PRESENTATION_STYLE_ASSIGNMENT (( #1043 ) ) ;
#1358 = CARTESIAN_POINT ( 'NONE',  ( -0.1749999999999999900, 0.6750000000000000400, -0.3750000000000000600 ) ) ;
#1359 = DIRECTION ( 'NONE',  ( 1.000000000000000000, 0.0000000000000000000, 0.0000000000000000000 ) ) ;
#1360 = EDGE_CURVE ( 'NONE', #314, #1840, #2234, .T. ) ;
#1361 = DIRECTION ( 'NONE',  ( -0.0000000000000000000, -0.0000000000000000000, 1.000000000000000000 ) ) ;
#1362 = AXIS2_PLACEMENT_3D ( 'NONE', #1659, #613, #2065 ) ;
#1363 = LINE ( 'NONE', #2282, #1172 ) ;
#1364 = DIRECTION ( 'NONE',  ( 1.000000000000000000, 0.0000000000000000000, 5.421010862427532400E-015 ) ) ;
#1365 = CARTESIAN_POINT ( 'NONE',  ( 0.2000000000000000400, 0.6750000000000000400, -0.3000000000000001000 ) ) ;
#1366 = FACE_OUTER_BOUND ( 'NONE', #382, .T. ) ;
#1367 = AXIS2_PLACEMENT_3D ( 'NONE', #1102, #296, #1710 ) ;
#1368 = CARTESIAN_POINT ( 'NONE',  ( 0.1749999999999998500, 0.02499999999999995600, 0.3750000000000003900 ) ) ;
#1369 = ORIENTED_EDGE ( 'NONE', *, *, #1139, .F. ) ;
#1370 = EDGE_LOOP ( 'NONE', ( #668, #1022, #727, #526 ) ) ;
#1371 = DIRECTION ( 'NONE',  ( 0.0000000000000000000, 0.0000000000000000000, -1.000000000000000000 ) ) ;
#1372 = CARTESIAN_POINT ( 'NONE',  ( 0.1749999999999998800, 0.0000000000000000000, 0.3250000000000004600 ) ) ;
#1373 = ADVANCED_FACE ( 'NONE', ( #466 ), #164, .T. ) ;
#1374 = PLANE ( 'NONE',  #2332 ) ;
#1375 = EDGE_CURVE ( 'NONE', #1184, #631, #294, .T. ) ;
#1376 = ORIENTED_EDGE ( 'NONE', *, *, #2711, .F. ) ;
#1377 = CLOSED_SHELL ( 'NONE', ( #1002, #1173, #579, #733, #2175, #300, #1753, #1391, #516, #1987, #587, #710, #1835, #552 ) ) ;
#1378 = EDGE_LOOP ( 'NONE', ( #859, #715, #8 ) ) ;
#1379 = DIRECTION ( 'NONE',  ( -0.0000000000000000000, -1.000000000000000000, 0.0000000000000000000 ) ) ;
#1380 = VERTEX_POINT ( 'NONE', #1530 ) ;
#1381 = VECTOR ( 'NONE', #1551, 1000.000000000000000 ) ;
#1382 = EDGE_CURVE ( 'NONE', #1574, #1403, #2543, .T. ) ;
#1383 = CYLINDRICAL_SURFACE ( 'NONE', #1796, 0.02500000000000001200 ) ;
#1384 = CARTESIAN_POINT ( 'NONE',  ( -0.2000000000000000900, 0.02500000000000001200, 0.3000000000000002100 ) ) ;
#1385 = STYLED_ITEM ( 'NONE', ( #1570 ), #1204 ) ;
#1386 = CYLINDRICAL_SURFACE ( 'NONE', #554, 0.02500000000000001200 ) ;
#1387 = DIRECTION ( 'NONE',  ( 0.0000000000000000000, 1.000000000000000000, -0.0000000000000000000 ) ) ;
#1388 = VECTOR ( 'NONE', #271, 1000.000000000000000 ) ;
#1389 = AXIS2_PLACEMENT_3D ( 'NONE', #53, #2295, #1672 ) ;
#1390 = DIRECTION ( 'NONE',  ( 0.0000000000000000000, -1.000000000000000000, 0.0000000000000000000 ) ) ;
#1391 = ADVANCED_FACE ( 'NONE', ( #648 ), #69, .F. ) ;
#1392 = DIRECTION ( 'NONE',  ( 0.0000000000000000000, 0.0000000000000000000, 1.000000000000000000 ) ) ;
#1393 = EDGE_CURVE ( 'NONE', #2622, #1117, #734, .T. ) ;
#1394 = DIRECTION ( 'NONE',  ( 0.0000000000000000000, 0.0000000000000000000, 1.000000000000000000 ) ) ;
#1395 = LINE ( 'NONE', #2377, #377 ) ;
#1396 = AXIS2_PLACEMENT_3D ( 'NONE', #1626, #1815, #137 ) ;
#1397 = CARTESIAN_POINT ( 'NONE',  ( -0.2000000000000000900, 0.6750000000000000400, 0.3000000000000002100 ) ) ;
#1398 = ADVANCED_FACE ( 'NONE', ( #2403 ), #519, .T. ) ;
#1399 =( BOUNDED_CURVE ( )  B_SPLINE_CURVE ( 3, ( #1895, #2086, #258, #838 ),
 .UNSPECIFIED., .F., .T. ) 
 B_SPLINE_CURVE_WITH_KNOTS ( ( 4, 4 ),
 ( 1.570796326794896600, 3.141592653589793100 ),
 .UNSPECIFIED. ) 
 CURVE ( )  GEOMETRIC_REPRESENTATION_ITEM ( )  RATIONAL_B_SPLINE_CURVE ( ( 1.000000000000000000, 0.8047378541243649400, 0.8047378541243649400, 1.000000000000000000 ) ) 
 REPRESENTATION_ITEM ( '' )  );
#1400 = DIRECTION ( 'NONE',  ( 1.355252715606879800E-016, 0.0000000000000000000, 1.000000000000000000 ) ) ;
#1401 = ORIENTED_EDGE ( 'NONE', *, *, #533, .F. ) ;
#1402 =( GEOMETRIC_REPRESENTATION_CONTEXT ( 3 ) GLOBAL_UNCERTAINTY_ASSIGNED_CONTEXT ( ( #1602 ) ) GLOBAL_UNIT_ASSIGNED_CONTEXT ( ( #33, #857, #471 ) ) REPRESENTATION_CONTEXT ( 'NONE', 'WORKASPACE' ) );
#1403 = VERTEX_POINT ( 'NONE', #2411 ) ;
#1404 = DIRECTION ( 'NONE',  ( 1.084202172485503800E-015, 0.0000000000000000000, -1.000000000000000000 ) ) ;
#1405 = CARTESIAN_POINT ( 'NONE',  ( 0.1749999999999999900, 0.02500000000000000100, -0.4000000000000000800 ) ) ;
#1406 = VERTEX_POINT ( 'NONE', #113 ) ;
#1407 = ORIENTED_EDGE ( 'NONE', *, *, #2309, .F. ) ;
#1408 = VERTEX_POINT ( 'NONE', #2001 ) ;
#1409 = ORIENTED_EDGE ( 'NONE', *, *, #553, .T. ) ;
#1410 = DIRECTION ( 'NONE',  ( 1.000000000000000000, 0.0000000000000000000, -1.355252715606883000E-016 ) ) ;
#1411 = ORIENTED_EDGE ( 'NONE', *, *, #969, .T. ) ;
#1412 = DIRECTION ( 'NONE',  ( -7.228014483236731100E-016, -0.0000000000000000000, 1.000000000000000000 ) ) ;
#1413 = EDGE_LOOP ( 'NONE', ( #2320, #2105, #458 ) ) ;
#1414 = EDGE_CURVE ( 'NONE', #701, #2091, #1328, .T. ) ;
#1415 = VECTOR ( 'NONE', #2305, 1000.000000000000000 ) ;
#1416 = ORIENTED_EDGE ( 'NONE', *, *, #2488, .F. ) ;
#1417 = FACE_OUTER_BOUND ( 'NONE', #1288, .T. ) ;
#1418 = DIRECTION ( 'NONE',  ( -1.000000000000000000, 0.0000000000000000000, 0.0000000000000000000 ) ) ;
#1419 = ADVANCED_FACE ( 'NONE', ( #1983 ), #767, .T. ) ;
#1420 = VECTOR ( 'NONE', #1242, 1000.000000000000000 ) ;
#1421 = VECTOR ( 'NONE', #459, 1000.000000000000000 ) ;
#1422 = DIRECTION ( 'NONE',  ( 1.000000000000000000, 0.0000000000000000000, 0.0000000000000000000 ) ) ;
#1423 = PLANE ( 'NONE',  #2495 ) ;
#1424 = DIRECTION ( 'NONE',  ( 4.336808689942015400E-015, 0.0000000000000000000, -1.000000000000000000 ) ) ;
#1425 = EDGE_CURVE ( 'NONE', #600, #2153, #800, .T. ) ;
#1426 = DIRECTION ( 'NONE',  ( -0.0000000000000000000, 1.000000000000000000, -0.0000000000000000000 ) ) ;
#1427 = ADVANCED_FACE ( 'NONE', ( #99 ), #1693, .T. ) ;
#1428 = LINE ( 'NONE', #495, #1760 ) ;
#1429 = EDGE_CURVE ( 'NONE', #2396, #282, #1199, .T. ) ;
#1430 = VECTOR ( 'NONE', #885, 1000.000000000000000 ) ;
#1431 = AXIS2_PLACEMENT_3D ( 'NONE', #2527, #1298, #1921 ) ;
#1432 = CARTESIAN_POINT ( 'NONE',  ( 0.7750000000000000200, 0.02499999999999995600, 0.0000000000000000000 ) ) ;
#1433 = ORIENTED_EDGE ( 'NONE', *, *, #2374, .F. ) ;
#1434 = DIRECTION ( 'NONE',  ( 3.252606517456515700E-015, 0.0000000000000000000, -1.000000000000000000 ) ) ;
#1435 = ORIENTED_EDGE ( 'NONE', *, *, #2171, .F. ) ;
#1436 = DIRECTION ( 'NONE',  ( 0.0000000000000000000, 0.0000000000000000000, 1.000000000000000000 ) ) ;
#1437 = AXIS2_PLACEMENT_3D ( 'NONE', #672, #1695, #1083 ) ;
#1438 = EDGE_LOOP ( 'NONE', ( #2698, #2391, #2121, #1917 ) ) ;
#1439 = DIRECTION ( 'NONE',  ( 0.0000000000000000000, 1.000000000000000000, -2.168404344971012800E-015 ) ) ;
#1440 = ORIENTED_EDGE ( 'NONE', *, *, #1020, .F. ) ;
#1441 = CARTESIAN_POINT ( 'NONE',  ( 0.2000000000000000100, 0.02500000000000000100, -0.3750000000000000600 ) ) ;
#1442 = PLANE ( 'NONE',  #2313 ) ;
#1443 = ORIENTED_EDGE ( 'NONE', *, *, #1964, .T. ) ;
#1444 = VERTEX_POINT ( 'NONE', #2167 ) ;
#1445 = ORIENTED_EDGE ( 'NONE', *, *, #330, .T. ) ;
#1446 = EDGE_LOOP ( 'NONE', ( #598, #608, #632 ) ) ;
#1447 = ORIENTED_EDGE ( 'NONE', *, *, #1020, .T. ) ;
#1448 = VECTOR ( 'NONE', #2362, 1000.000000000000000 ) ;
#1449 = CARTESIAN_POINT ( 'NONE',  ( -0.1749999999999998200, 0.6999999999999999600, -1.423015351387223600E-016 ) ) ;
#1450 = VECTOR ( 'NONE', #2316, 1000.000000000000000 ) ;
#1451 = EDGE_CURVE ( 'NONE', #1408, #1254, #2111, .T. ) ;
#1452 = DIRECTION ( 'NONE',  ( -0.0000000000000000000, -1.000000000000000000, -0.0000000000000000000 ) ) ;
#1453 = LINE ( 'NONE', #782, #2135 ) ;
#1454 = DIRECTION ( 'NONE',  ( 0.0000000000000000000, -1.000000000000000000, 0.0000000000000000000 ) ) ;
#1455 = CIRCLE ( 'NONE', #1871, 0.02500000000000001200 ) ;
#1456 = AXIS2_PLACEMENT_3D ( 'NONE', #483, #75, #1526 ) ;
#1457 = LINE ( 'NONE', #1071, #401 ) ;
#1458 = DIRECTION ( 'NONE',  ( -1.355252715606879100E-016, -0.0000000000000000000, -1.000000000000000000 ) ) ;
#1459 = AXIS2_PLACEMENT_3D ( 'NONE', #735, #306, #1756 ) ;
#1460 = CARTESIAN_POINT ( 'NONE',  ( 0.7000000000000001800, 0.6999999999999999600, -9.486769009248156400E-017 ) ) ;
#1461 = LINE ( 'NONE', #1786, #1553 ) ;
#1462 = CARTESIAN_POINT ( 'NONE',  ( 0.7250000000000003100, 0.6999999999999999600, 0.4000000000000002400 ) ) ;
#1463 = DIRECTION ( 'NONE',  ( 0.0000000000000000000, 1.000000000000000000, 0.0000000000000000000 ) ) ;
#1464 = DIRECTION ( 'NONE',  ( 1.000000000000000000, 0.0000000000000000000, -0.0000000000000000000 ) ) ;
#1465 = SURFACE_SIDE_STYLE ('',( #5 ) ) ;
#1466 = EDGE_CURVE ( 'NONE', #2259, #2500, #2675, .T. ) ;
#1467 = CYLINDRICAL_SURFACE ( 'NONE', #717, 0.02500000000000001200 ) ;
#1468 = AXIS2_PLACEMENT_3D ( 'NONE', #809, #1234, #2056 ) ;
#1469 = CARTESIAN_POINT ( 'NONE',  ( 0.7999999999999999300, 0.6999999999999999600, 0.3750000000000000600 ) ) ;
#1470 = DIRECTION ( 'NONE',  ( -1.000000000000000000, 0.0000000000000000000, 1.355252715606883000E-016 ) ) ;
#1471 = EDGE_LOOP ( 'NONE', ( #317, #792, #674 ) ) ;
#1472 = DIRECTION ( 'NONE',  ( -0.0000000000000000000, -1.000000000000000000, -0.0000000000000000000 ) ) ;
#1473 = VERTEX_POINT ( 'NONE', #2626 ) ;
#1474 = ORIENTED_EDGE ( 'NONE', *, *, #1227, .T. ) ;
#1475 = ORIENTED_EDGE ( 'NONE', *, *, #1964, .F. ) ;
#1476 = DIRECTION ( 'NONE',  ( -1.000000000000000000, 0.0000000000000000000, 0.0000000000000000000 ) ) ;
#1477 = EDGE_LOOP ( 'NONE', ( #2358, #2223, #1915, #637 ) ) ;
#1478 = CARTESIAN_POINT ( 'NONE',  ( 0.7250000000000000900, 0.6750000000000000400, -0.3750000000000003900 ) ) ;
#1479 = VERTEX_POINT ( 'NONE', #955 ) ;
#1480 = ORIENTED_EDGE ( 'NONE', *, *, #2081, .T. ) ;
#1481 = EDGE_CURVE ( 'NONE', #502, #2396, #2049, .T. ) ;
#1482 = CARTESIAN_POINT ( 'NONE',  ( -0.7250000000000003100, 0.6750000000000000400, 0.3750000000000002800 ) ) ;
#1483 = FACE_OUTER_BOUND ( 'NONE', #1317, .T. ) ;
#1484 = DIRECTION ( 'NONE',  ( 0.0000000000000000000, 0.0000000000000000000, 1.000000000000000000 ) ) ;
#1485 =( BOUNDED_CURVE ( )  B_SPLINE_CURVE ( 3, ( #947, #2433, #1797, #140 ),
 .UNSPECIFIED., .F., .T. ) 
 B_SPLINE_CURVE_WITH_KNOTS ( ( 4, 4 ),
 ( 3.141592653589793100, 4.712388980384690600 ),
 .UNSPECIFIED. ) 
 CURVE ( )  GEOMETRIC_REPRESENTATION_ITEM ( )  RATIONAL_B_SPLINE_CURVE ( ( 1.000000000000000000, 0.8047378541243648300, 0.8047378541243648300, 1.000000000000000000 ) ) 
 REPRESENTATION_ITEM ( '' )  );
#1486 = FACE_OUTER_BOUND ( 'NONE', #1874, .T. ) ;
#1487 = DIRECTION ( 'NONE',  ( -1.000000000000000000, 0.0000000000000000000, 1.084202172485503400E-016 ) ) ;
#1488 = FACE_OUTER_BOUND ( 'NONE', #2064, .T. ) ;
#1489 = EDGE_CURVE ( 'NONE', #1117, #1568, #581, .T. ) ;
#1490 = CARTESIAN_POINT ( 'NONE',  ( -0.1749999999999999900, 0.6750000000000000400, -0.3750000000000000600 ) ) ;
#1491 = DIRECTION ( 'NONE',  ( 1.000000000000000000, -0.0000000000000000000, 1.084202172485504200E-016 ) ) ;
#1492 = AXIS2_PLACEMENT_3D ( 'NONE', #841, #635, #277 ) ;
#1493 = CARTESIAN_POINT ( 'NONE',  ( -0.7250000000000003100, 0.02500000000000000100, -0.3750000000000000600 ) ) ;
#1494 = LINE ( 'NONE', #135, #2580 ) ;
#1495 = CARTESIAN_POINT ( 'NONE',  ( -0.8000000000000001600, 0.6750000000000000400, 0.0000000000000000000 ) ) ;
#1496 = AXIS2_PLACEMENT_3D ( 'NONE', #2386, #1575, #928 ) ;
#1497 = DIRECTION ( 'NONE',  ( 0.0000000000000000000, -1.000000000000000000, 0.0000000000000000000 ) ) ;
#1498 = CARTESIAN_POINT ( 'NONE',  ( 0.1999999999999999300, 0.6750000000000000400, 0.3000000000000004300 ) ) ;
#1499 = FACE_OUTER_BOUND ( 'NONE', #1438, .T. ) ;
#1500 = VECTOR ( 'NONE', #1690, 1000.000000000000000 ) ;
#1501 = EDGE_CURVE ( 'NONE', #1643, #862, #1978, .T. ) ;
#1502 = CYLINDRICAL_SURFACE ( 'NONE', #585, 0.02500000000000001200 ) ;
#1503 = PLANE ( 'NONE',  #1143 ) ;
#1504 = ORIENTED_EDGE ( 'NONE', *, *, #2729, .T. ) ;
#1505 = AXIS2_PLACEMENT_3D ( 'NONE', #1635, #2257, #1272 ) ;
#1506 = DIRECTION ( 'NONE',  ( 0.0000000000000000000, -1.000000000000000000, -0.0000000000000000000 ) ) ;
#1507 = ORIENTED_EDGE ( 'NONE', *, *, #25, .F. ) ;
#1508 = ORIENTED_EDGE ( 'NONE', *, *, #603, .T. ) ;
#1509 = CARTESIAN_POINT ( 'NONE',  ( -0.7750000000000002400, 0.02500000000000000100, -0.4000000000000000200 ) ) ;
#1510 = ORIENTED_EDGE ( 'NONE', *, *, #2171, .T. ) ;
#1511 = ORIENTED_EDGE ( 'NONE', *, *, #1850, .T. ) ;
#1512 = ORIENTED_EDGE ( 'NONE', *, *, #779, .F. ) ;
#1513 = ORIENTED_EDGE ( 'NONE', *, *, #682, .F. ) ;
#1514 = FACE_OUTER_BOUND ( 'NONE', #2070, .T. ) ;
#1515 = DIRECTION ( 'NONE',  ( 0.0000000000000000000, 1.000000000000000000, -0.0000000000000000000 ) ) ;
#1516 = CARTESIAN_POINT ( 'NONE',  ( -0.2000000000000000900, 0.02500000000000001200, 0.3000000000000002100 ) ) ;
#1517 = ADVANCED_FACE ( 'NONE', ( #1488 ), #580, .T. ) ;
#1518 = CARTESIAN_POINT ( 'NONE',  ( 0.7750000000000000200, 0.02499999999999995600, -0.3750000000000001700 ) ) ;
#1519 = LINE ( 'NONE', #599, #1583 ) ;
#1520 = EDGE_CURVE ( 'NONE', #2291, #1807, #1262, .T. ) ;
#1521 = CARTESIAN_POINT ( 'NONE',  ( -5.082197683525803300E-017, 0.6750000000000000400, -0.3750000000000000600 ) ) ;
#1522 = SPHERICAL_SURFACE ( 'NONE', #2382, 0.02500000000000000100 ) ;
#1523 = CARTESIAN_POINT ( 'NONE',  ( -0.7000000000000002900, 0.0000000000000000000, -0.3750000000000001100 ) ) ;
#1524 = AXIS2_PLACEMENT_3D ( 'NONE', #1898, #2706, #680 ) ;
#1525 = CIRCLE ( 'NONE', #943, 0.02500000000000001200 ) ;
#1526 = DIRECTION ( 'NONE',  ( 1.000000000000000000, 0.0000000000000000000, -1.355252715606880500E-016 ) ) ;
#1527 = DIRECTION ( 'NONE',  ( 0.0000000000000000000, 0.0000000000000000000, -1.000000000000000000 ) ) ;
#1528 = DIRECTION ( 'NONE',  ( 0.0000000000000000000, 0.0000000000000000000, 1.000000000000000000 ) ) ;
#1529 = DIRECTION ( 'NONE',  ( 1.000000000000000000, -0.0000000000000000000, -1.084202172485503400E-016 ) ) ;
#1530 = CARTESIAN_POINT ( 'NONE',  ( -0.1749999999999999900, 0.0000000000000000000, -0.3750000000000000600 ) ) ;
#1531 = FACE_OUTER_BOUND ( 'NONE', #541, .T. ) ;
#1532 = ORIENTED_EDGE ( 'NONE', *, *, #2524, .T. ) ;
#1533 = ORIENTED_EDGE ( 'NONE', *, *, #1630, .F. ) ;
#1534 = EDGE_CURVE ( 'NONE', #1979, #991, #1196, .T. ) ;
#1535 = DIRECTION ( 'NONE',  ( 1.000000000000000000, 0.0000000000000000000, 6.776263578034402700E-016 ) ) ;
#1536 = ORIENTED_EDGE ( 'NONE', *, *, #1850, .F. ) ;
#1537 = CARTESIAN_POINT ( 'NONE',  ( -0.1749999999999999900, 0.02500000000000000100, -0.3750000000000000600 ) ) ;
#1538 = EDGE_LOOP ( 'NONE', ( #308, #2693, #1094 ) ) ;
#1539 = AXIS2_PLACEMENT_3D ( 'NONE', #256, #2302, #1464 ) ;
#1540 = CARTESIAN_POINT ( 'NONE',  ( -0.2000000000000000900, 0.02499999999999995600, 0.3000000000000002100 ) ) ;
#1541 = ADVANCED_FACE ( 'NONE', ( #2012 ), #1374, .T. ) ;
#1542 = ORIENTED_EDGE ( 'NONE', *, *, #1997, .T. ) ;
#1543 = DIRECTION ( 'NONE',  ( 0.0000000000000000000, 0.0000000000000000000, -1.000000000000000000 ) ) ;
#1544 = VERTEX_POINT ( 'NONE', #148 ) ;
#1545 = ORIENTED_EDGE ( 'NONE', *, *, #1534, .F. ) ;
#1546 = ORIENTED_EDGE ( 'NONE', *, *, #1206, .F. ) ;
#1547 = SPHERICAL_SURFACE ( 'NONE', #217, 0.02500000000000000100 ) ;
#1548 = VECTOR ( 'NONE', #926, 1000.000000000000000 ) ;
#1549 = DIRECTION ( 'NONE',  ( -1.761828530288947900E-015, -1.000000000000000000, -7.640713280344878600E-030 ) ) ;
#1550 = LINE ( 'NONE', #866, #2014 ) ;
#1551 = DIRECTION ( 'NONE',  ( -0.0000000000000000000, -1.000000000000000000, -0.0000000000000000000 ) ) ;
#1552 = EDGE_CURVE ( 'NONE', #1249, #1479, #547, .T. ) ;
#1553 = VECTOR ( 'NONE', #1761, 1000.000000000000000 ) ;
#1554 = AXIS2_PLACEMENT_3D ( 'NONE', #80, #518, #2169 ) ;
#1555 = CARTESIAN_POINT ( 'NONE',  ( -0.7750000000000002400, 0.02499999999999995600, 0.3750000000000001100 ) ) ;
#1556 = CARTESIAN_POINT ( 'NONE',  ( -0.7250000000000003100, 0.02500000000000000100, -0.3750000000000000600 ) ) ;
#1557 = CARTESIAN_POINT ( 'NONE',  ( -1.219727444046201800E-015, 0.02499999999999995600, 0.3750000000000026100 ) ) ;
#1558 = AXIS2_PLACEMENT_3D ( 'NONE', #2406, #2013, #2621 ) ;
#1559 = VECTOR ( 'NONE', #1497, 1000.000000000000000 ) ;
#1560 = FACE_OUTER_BOUND ( 'NONE', #1056, .T. ) ;
#1561 = ORIENTED_EDGE ( 'NONE', *, *, #880, .F. ) ;
#1562 = ORIENTED_EDGE ( 'NONE', *, *, #553, .F. ) ;
#1563 = ADVANCED_FACE ( 'NONE', ( #837 ), #126, .T. ) ;
#1564 = CARTESIAN_POINT ( 'NONE',  ( 0.7000000000000002900, 0.6750000000000000400, 0.3750000000000000000 ) ) ;
#1565 = EDGE_CURVE ( 'NONE', #1643, #600, #2301, .T. ) ;
#1566 = ORIENTED_EDGE ( 'NONE', *, *, #1569, .T. ) ;
#1567 = VERTEX_POINT ( 'NONE', #588 ) ;
#1568 = VERTEX_POINT ( 'NONE', #2239 ) ;
#1569 = EDGE_CURVE ( 'NONE', #2622, #482, #1453, .T. ) ;
#1570 = PRESENTATION_STYLE_ASSIGNMENT (( #630 ) ) ;
#1571 = DIRECTION ( 'NONE',  ( -1.000000000000000000, 0.0000000000000000000, 2.168404344971012800E-015 ) ) ;
#1572 = ORIENTED_EDGE ( 'NONE', *, *, #1651, .T. ) ;
#1573 = ORIENTED_EDGE ( 'NONE', *, *, #1997, .F. ) ;
#1574 = VERTEX_POINT ( 'NONE', #2025 ) ;
#1575 = DIRECTION ( 'NONE',  ( 0.0000000000000000000, 0.0000000000000000000, 1.000000000000000000 ) ) ;
#1576 = LINE ( 'NONE', #145, #2632 ) ;
#1577 = ORIENTED_EDGE ( 'NONE', *, *, #151, .F. ) ;
#1578 = LINE ( 'NONE', #345, #1000 ) ;
#1579 = MECHANICAL_DESIGN_GEOMETRIC_PRESENTATION_REPRESENTATION (  '', ( #1385 ), #2038 ) ;
#1580 = CARTESIAN_POINT ( 'NONE',  ( -0.7250000000000004200, 0.6750000000000000400, -0.3750000000000000600 ) ) ;
#1581 = AXIS2_PLACEMENT_3D ( 'NONE', #2444, #159, #2643 ) ;
#1582 = ADVANCED_FACE ( 'NONE', ( #1101 ), #2637, .T. ) ;
#1583 = VECTOR ( 'NONE', #814, 1000.000000000000000 ) ;
#1584 = SPHERICAL_SURFACE ( 'NONE', #2335, 0.02500000000000000100 ) ;
#1585 = DIRECTION ( 'NONE',  ( 1.000000000000000000, 0.0000000000000000000, 0.0000000000000000000 ) ) ;
#1586 = DIRECTION ( 'NONE',  ( -1.000000000000000000, -0.0000000000000000000, -6.776263578034402700E-016 ) ) ;
#1587 = EDGE_CURVE ( 'NONE', #2589, #107, #973, .T. ) ;
#1588 = CARTESIAN_POINT ( 'NONE',  ( 0.1750000000000001000, 0.6999999999999999600, -4.743384504624085600E-017 ) ) ;
#1589 = AXIS2_PLACEMENT_3D ( 'NONE', #2610, #347, #2592 ) ;
#1590 = DIRECTION ( 'NONE',  ( 0.0000000000000000000, 0.0000000000000000000, 1.000000000000000000 ) ) ;
#1591 = DIRECTION ( 'NONE',  ( -1.000000000000000000, 0.0000000000000000000, 0.0000000000000000000 ) ) ;
#1592 = CARTESIAN_POINT ( 'NONE',  ( -0.1999999999999999800, 0.6750000000000000400, -0.3000000000000000400 ) ) ;
#1593 = CYLINDRICAL_SURFACE ( 'NONE', #1612, 0.02500000000000001200 ) ;
#1594 = CARTESIAN_POINT ( 'NONE',  ( 0.7750000000000000200, 0.02499999999999995600, 0.3750000000000000600 ) ) ;
#1595 = DIRECTION ( 'NONE',  ( 1.000000000000000000, -0.0000000000000000000, 5.421010862427522200E-016 ) ) ;
#1596 = VERTEX_POINT ( 'NONE', #368 ) ;
#1597 = UNCERTAINTY_MEASURE_WITH_UNIT (LENGTH_MEASURE( 1.000000000000000100E-005 ), #725, 'distance_accuracy_value', 'NONE');
#1598 = VERTEX_POINT ( 'NONE', #1603 ) ;
#1599 = DIRECTION ( 'NONE',  ( 1.000000000000000000, 0.0000000000000000000, 0.0000000000000000000 ) ) ;
#1600 = DIRECTION ( 'NONE',  ( 1.000000000000000000, 0.0000000000000000000, -2.168404344971012800E-015 ) ) ;
#1601 = EDGE_LOOP ( 'NONE', ( #353, #1153, #1968 ) ) ;
#1602 = UNCERTAINTY_MEASURE_WITH_UNIT (LENGTH_MEASURE( 1.000000000000000100E-005 ), #33, 'distance_accuracy_value', 'NONE');
#1603 = CARTESIAN_POINT ( 'NONE',  ( -0.1750000000000001000, 0.0000000000000000000, 0.3250000000000001800 ) ) ;
#1604 = EDGE_CURVE ( 'NONE', #1598, #701, #229, .T. ) ;
#1605 = CARTESIAN_POINT ( 'NONE',  ( -0.1750000000000001300, 0.6999999999999999600, 0.3750000000000001700 ) ) ;
#1606 = EDGE_LOOP ( 'NONE', ( #2649, #2041, #1573, #2031 ) ) ;
#1607 = DIRECTION ( 'NONE',  ( -1.355252715606880000E-016, -0.0000000000000000000, -1.000000000000000000 ) ) ;
#1608 = DIRECTION ( 'NONE',  ( -1.000000000000000000, 0.0000000000000000000, -6.776263578034402700E-016 ) ) ;
#1609 = ORIENTED_EDGE ( 'NONE', *, *, #1429, .T. ) ;
#1610 = FACE_OUTER_BOUND ( 'NONE', #2124, .T. ) ;
#1611 = ADVANCED_FACE ( 'NONE', ( #463 ), #2232, .T. ) ;
#1612 = AXIS2_PLACEMENT_3D ( 'NONE', #2016, #551, #1819 ) ;
#1613 = ORIENTED_EDGE ( 'NONE', *, *, #44, .T. ) ;
#1614 = ORIENTED_EDGE ( 'NONE', *, *, #634, .F. ) ;
#1615 = CIRCLE ( 'NONE', #2256, 0.02500000000000001200 ) ;
#1616 = CARTESIAN_POINT ( 'NONE',  ( -0.8000000000000001600, 0.6750000000000000400, -0.3750000000000000000 ) ) ;
#1617 = AXIS2_PLACEMENT_3D ( 'NONE', #1368, #2640, #339 ) ;
#1618 = CARTESIAN_POINT ( 'NONE',  ( -4.065758146820658400E-016, 0.02500000000000000100, -0.3750000000000008900 ) ) ;
#1619 = VECTOR ( 'NONE', #2678, 1000.000000000000000 ) ;
#1620 = DIRECTION ( 'NONE',  ( -1.000000000000000000, 0.0000000000000000000, 1.355252715606880500E-016 ) ) ;
#1621 = DIRECTION ( 'NONE',  ( -0.0000000000000000000, -2.168404344971012400E-015, -1.000000000000000000 ) ) ;
#1622 = LINE ( 'NONE', #1498, #910 ) ;
#1623 = DIRECTION ( 'NONE',  ( 1.000000000000000000, 0.0000000000000000000, 0.0000000000000000000 ) ) ;
#1624 = CARTESIAN_POINT ( 'NONE',  ( 0.7250000000000002000, 0.02499999999999995600, -9.825582188149876500E-017 ) ) ;
#1625 = EDGE_CURVE ( 'NONE', #249, #591, #1326, .T. ) ;
#1626 = CARTESIAN_POINT ( 'NONE',  ( -0.7750000000000002400, 0.6999999999999999600, -0.3750000000000000000 ) ) ;
#1627 = ADVANCED_FACE ( 'NONE', ( #1689 ), #2283, .T. ) ;
#1628 = DIRECTION ( 'NONE',  ( 8.131516293641285200E-016, -0.0000000000000000000, -1.000000000000000000 ) ) ;
#1629 = CARTESIAN_POINT ( 'NONE',  ( 0.1749999999999999900, 0.02500000000000000100, -0.3750000000000000600 ) ) ;
#1630 = EDGE_CURVE ( 'NONE', #2427, #1221, #96, .T. ) ;
#1631 = CYLINDRICAL_SURFACE ( 'NONE', #2106, 0.02500000000000001200 ) ;
#1632 = ORIENTED_EDGE ( 'NONE', *, *, #1067, .T. ) ;
#1633 = CARTESIAN_POINT ( 'NONE',  ( 0.7000000000000001800, 0.02499999999999995600, 0.3750000000000002200 ) ) ;
#1634 = LINE ( 'NONE', #1469, #1016 ) ;
#1635 = CARTESIAN_POINT ( 'NONE',  ( -4.065758146820642200E-017, 0.6999999999999999600, -0.3000000000000000400 ) ) ;
#1636 = AXIS2_PLACEMENT_3D ( 'NONE', #2663, #381, #1585 ) ;
#1637 = ORIENTED_EDGE ( 'NONE', *, *, #424, .F. ) ;
#1638 = CARTESIAN_POINT ( 'NONE',  ( 1.301042606982617500E-015, 0.6999999999999999600, 0.4000000000000026300 ) ) ;
#1639 = CARTESIAN_POINT ( 'NONE',  ( -0.1749999999999998200, 0.6750000000000000400, -1.423015351387223600E-016 ) ) ;
#1640 = ADVANCED_FACE ( 'NONE', ( #1657 ), #365, .T. ) ;
#1641 = ORIENTED_EDGE ( 'NONE', *, *, #2115, .F. ) ;
#1642 = PLANE ( 'NONE',  #771 ) ;
#1643 = VERTEX_POINT ( 'NONE', #614 ) ;
#1644 = ORIENTED_EDGE ( 'NONE', *, *, #1952, .F. ) ;
#1645 = CARTESIAN_POINT ( 'NONE',  ( -0.1999999999999999800, 0.02500000000000001200, -0.3750000000000000600 ) ) ;
#1646 = ORIENTED_EDGE ( 'NONE', *, *, #1139, .T. ) ;
#1647 = LINE ( 'NONE', #335, #2079 ) ;
#1648 = CARTESIAN_POINT ( 'NONE',  ( -0.7750000000000002400, 0.02499999999999995600, 0.4000000000000001300 ) ) ;
#1649 = ORIENTED_EDGE ( 'NONE', *, *, #1630, .T. ) ;
#1650 = ORIENTED_EDGE ( 'NONE', *, *, #702, .F. ) ;
#1651 = EDGE_CURVE ( 'NONE', #1941, #1403, #703, .T. ) ;
#1652 = CIRCLE ( 'NONE', #2274, 0.02500000000000001200 ) ;
#1653 = ORIENTED_EDGE ( 'NONE', *, *, #2164, .F. ) ;
#1654 = VECTOR ( 'NONE', #1961, 1000.000000000000000 ) ;
#1655 = AXIS2_PLACEMENT_3D ( 'NONE', #2371, #2452, #942 ) ;
#1656 = FILL_AREA_STYLE_COLOUR ( '', #562 ) ;
#1657 = FACE_OUTER_BOUND ( 'NONE', #1024, .T. ) ;
#1658 = CARTESIAN_POINT ( 'NONE',  ( -0.7250000000000003100, 0.6750000000000000400, -0.3750000000000000600 ) ) ;
#1659 = CARTESIAN_POINT ( 'NONE',  ( 0.1749999999999999900, 0.6750000000000000400, -0.3750000000000000600 ) ) ;
#1660 = CARTESIAN_POINT ( 'NONE',  ( 0.7999999999999999300, 0.6999999999999999600, -0.3750000000000001700 ) ) ;
#1661 = DIRECTION ( 'NONE',  ( 0.0000000000000000000, 1.000000000000000000, 2.168404344971008900E-015 ) ) ;
#1662 = CARTESIAN_POINT ( 'NONE',  ( -0.7000000000000002900, 0.6750000000000000400, 0.3750000000000000000 ) ) ;
#1663 = CARTESIAN_POINT ( 'NONE',  ( 0.1750000000000001600, 0.6750000000000000400, 1.423015351387226300E-016 ) ) ;
#1664 = EDGE_CURVE ( 'NONE', #142, #958, #2264, .T. ) ;
#1665 = CARTESIAN_POINT ( 'NONE',  ( 0.7750000000000000200, 0.02500000000000000100, 0.3750000000000001100 ) ) ;
#1666 = FACE_OUTER_BOUND ( 'NONE', #1714, .T. ) ;
#1667 = DIRECTION ( 'NONE',  ( -1.000000000000000000, -0.0000000000000000000, -3.252606517456515700E-015 ) ) ;
#1668 = EDGE_CURVE ( 'NONE', #1568, #1574, #1131, .T. ) ;
#1669 = VECTOR ( 'NONE', #1361, 1000.000000000000000 ) ;
#1670 = ORIENTED_EDGE ( 'NONE', *, *, #819, .T. ) ;
#1671 = VECTOR ( 'NONE', #1472, 1000.000000000000000 ) ;
#1672 = DIRECTION ( 'NONE',  ( -4.336808689942015400E-015, 0.0000000000000000000, 1.000000000000000000 ) ) ;
#1673 = DIRECTION ( 'NONE',  ( 1.000000000000000000, 0.0000000000000000000, 6.776263578034402700E-016 ) ) ;
#1674 = EDGE_LOOP ( 'NONE', ( #829, #2455, #1082, #1967 ) ) ;
#1675 = CARTESIAN_POINT ( 'NONE',  ( -0.7750000000000002400, 0.02500000000000000100, -0.3750000000000000000 ) ) ;
#1676 = CARTESIAN_POINT ( 'NONE',  ( 0.2000000000000000400, 0.02499999999999995600, -0.3000000000000001000 ) ) ;
#1677 = ORIENTED_EDGE ( 'NONE', *, *, #2611, .T. ) ;
#1678 = CARTESIAN_POINT ( 'NONE',  ( 0.7000000000000002900, 0.6750000000000000400, 0.4000000000000003600 ) ) ;
#1679 = FILL_AREA_STYLE ('',( #48 ) ) ;
#1680 = VERTEX_POINT ( 'NONE', #2728 ) ;
#1681 = ORIENTED_EDGE ( 'NONE', *, *, #583, .T. ) ;
#1682 = CARTESIAN_POINT ( 'NONE',  ( 0.1999999999999998700, 0.6750000000000000400, 0.3750000000000000600 ) ) ;
#1683 = ORIENTED_EDGE ( 'NONE', *, *, #460, .T. ) ;
#1684 = VECTOR ( 'NONE', #289, 1000.000000000000000 ) ;
#1685 = CARTESIAN_POINT ( 'NONE',  ( -4.336808689942035000E-016, 0.6750000000000000400, -0.4000000000000009100 ) ) ;
#1686 = ORIENTED_EDGE ( 'NONE', *, *, #1764, .T. ) ;
#1687 = FACE_OUTER_BOUND ( 'NONE', #1810, .T. ) ;
#1688 = EDGE_CURVE ( 'NONE', #1406, #1846, #1519, .T. ) ;
#1689 = FACE_OUTER_BOUND ( 'NONE', #1709, .T. ) ;
#1690 = DIRECTION ( 'NONE',  ( 1.000000000000000000, 0.0000000000000000000, -1.355252715606880500E-016 ) ) ;
#1691 = CARTESIAN_POINT ( 'NONE',  ( 0.1999999999999999300, 0.6750000000000000400, 0.3000000000000004300 ) ) ;
#1692 = AXIS2_PLACEMENT_3D ( 'NONE', #2052, #425, #1868 ) ;
#1693 = CYLINDRICAL_SURFACE ( 'NONE', #90, 0.02500000000000001200 ) ;
#1694 = CARTESIAN_POINT ( 'NONE',  ( -0.1750000000000001300, 0.6750000000000000400, 0.3750000000000001700 ) ) ;
#1695 = DIRECTION ( 'NONE',  ( 0.0000000000000000000, 1.000000000000000000, 0.0000000000000000000 ) ) ;
#1696 = CARTESIAN_POINT ( 'NONE',  ( 0.7000000000000002900, 0.6750000000000000400, 0.3750000000000000000 ) ) ;
#1697 = SURFACE_SIDE_STYLE ('',( #2126 ) ) ;
#1698 = CARTESIAN_POINT ( 'NONE',  ( 0.7750000000000000200, 0.6999999999999999600, 0.3750000000000000600 ) ) ;
#1699 = APPLICATION_CONTEXT ( 'automotive_design' ) ;
#1700 = EDGE_CURVE ( 'NONE', #1221, #142, #293, .T. ) ;
#1701 = LINE ( 'NONE', #2641, #2208 ) ;
#1702 = CARTESIAN_POINT ( 'NONE',  ( 0.1750000000000000200, 0.0000000000000000000, -0.3250000000000000700 ) ) ;
#1703 = AXIS2_PLACEMENT_3D ( 'NONE', #1358, #1989, #1528 ) ;
#1704 = PLANE ( 'NONE',  #1539 ) ;
#1705 = ORIENTED_EDGE ( 'NONE', *, *, #2435, .F. ) ;
#1706 = ORIENTED_EDGE ( 'NONE', *, *, #2340, .F. ) ;
#1707 = VERTEX_POINT ( 'NONE', #2258 ) ;
#1708 = ORIENTED_EDGE ( 'NONE', *, *, #1552, .F. ) ;
#1709 = EDGE_LOOP ( 'NONE', ( #2357, #1875, #2390, #1686 ) ) ;
#1710 = DIRECTION ( 'NONE',  ( 0.0000000000000000000, 1.761828530288943900E-015, -1.000000000000000000 ) ) ;
#1711 = FACE_OUTER_BOUND ( 'NONE', #2293, .T. ) ;
#1712 = VERTEX_POINT ( 'NONE', #1253 ) ;
#1713 = DIRECTION ( 'NONE',  ( 1.000000000000000000, 0.0000000000000000000, 0.0000000000000000000 ) ) ;
#1714 = EDGE_LOOP ( 'NONE', ( #1122, #421, #1512, #1845 ) ) ;
#1715 = DIRECTION ( 'NONE',  ( -0.0000000000000000000, -1.000000000000000000, -0.0000000000000000000 ) ) ;
#1716 = ORIENTED_EDGE ( 'NONE', *, *, #1688, .F. ) ;
#1717 = CIRCLE ( 'NONE', #870, 0.02500000000000001200 ) ;
#1718 = EDGE_CURVE ( 'NONE', #1574, #2533, #1032, .T. ) ;
#1719 = DIRECTION ( 'NONE',  ( 1.000000000000000000, 0.0000000000000000000, 0.0000000000000000000 ) ) ;
#1720 = VECTOR ( 'NONE', #204, 1000.000000000000000 ) ;
#1721 = DIRECTION ( 'NONE',  ( -2.710505431213761600E-016, 0.0000000000000000000, -1.000000000000000000 ) ) ;
#1722 = VECTOR ( 'NONE', #1586, 1000.000000000000000 ) ;
#1723 = EDGE_CURVE ( 'NONE', #220, #1840, #907, .T. ) ;
#1724 = DIRECTION ( 'NONE',  ( -1.000000000000000000, 0.0000000000000000000, -5.421010862427522200E-016 ) ) ;
#1725 = CARTESIAN_POINT ( 'NONE',  ( 0.7250000000000002000, 0.6750000000000000400, -0.3750000000000004400 ) ) ;
#1726 = AXIS2_PLACEMENT_3D ( 'NONE', #2206, #752, #1816 ) ;
#1727 = DIRECTION ( 'NONE',  ( 0.0000000000000000000, 1.000000000000000000, 0.0000000000000000000 ) ) ;
#1728 = ADVANCED_FACE ( 'NONE', ( #2605 ), #1750, .T. ) ;
#1729 = AXIS2_PLACEMENT_3D ( 'NONE', #1185, #1205, #2035 ) ;
#1730 = DIRECTION ( 'NONE',  ( 0.0000000000000000000, 1.761828530288943900E-015, -1.000000000000000000 ) ) ;
#1731 = DIRECTION ( 'NONE',  ( 1.000000000000000000, 0.0000000000000000000, 0.0000000000000000000 ) ) ;
#1732 = CARTESIAN_POINT ( 'NONE',  ( -0.7000000000000002900, 0.6750000000000000400, -0.3750000000000000600 ) ) ;
#1733 = LINE ( 'NONE', #2696, #2203 ) ;
#1734 = CIRCLE ( 'NONE', #2251, 0.02500000000000001200 ) ;
#1735 = EDGE_CURVE ( 'NONE', #1568, #956, #1956, .T. ) ;
#1736 = VERTEX_POINT ( 'NONE', #2481 ) ;
#1737 = CIRCLE ( 'NONE', #1008, 0.02499999999999995600 ) ;
#1738 = CARTESIAN_POINT ( 'NONE',  ( 0.1749999999999999900, 0.6750000000000000400, -0.4000000000000000800 ) ) ;
#1739 = ORIENTED_EDGE ( 'NONE', *, *, #2716, .T. ) ;
#1740 = ADVANCED_FACE ( 'NONE', ( #2503 ), #1386, .T. ) ;
#1741 = DIRECTION ( 'NONE',  ( 0.0000000000000000000, 0.0000000000000000000, 1.000000000000000000 ) ) ;
#1742 = DIRECTION ( 'NONE',  ( -1.000000000000000000, -0.0000000000000000000, -6.776263578034402700E-016 ) ) ;
#1743 = AXIS2_PLACEMENT_3D ( 'NONE', #211, #172, #2686 ) ;
#1744 = ORIENTED_EDGE ( 'NONE', *, *, #1451, .T. ) ;
#1745 = EDGE_LOOP ( 'NONE', ( #2148, #1181, #1475, #1320 ) ) ;
#1746 = ORIENTED_EDGE ( 'NONE', *, *, #1105, .F. ) ;
#1747 = EDGE_LOOP ( 'NONE', ( #693, #1779, #1259, #318 ) ) ;
#1748 = SPHERICAL_SURFACE ( 'NONE', #2134, 0.02500000000000000100 ) ;
#1749 = ORIENTED_EDGE ( 'NONE', *, *, #1569, .F. ) ;
#1750 = CYLINDRICAL_SURFACE ( 'NONE', #884, 0.02500000000000001200 ) ;
#1751 = EDGE_CURVE ( 'NONE', #81, #2468, #1884, .T. ) ;
#1752 =( NAMED_UNIT ( * ) SI_UNIT ( $, .STERADIAN. ) SOLID_ANGLE_UNIT ( ) );
#1753 = ADVANCED_FACE ( 'NONE', ( #23 ), #13, .F. ) ;
#1754 = VECTOR ( 'NONE', #1065, 1000.000000000000000 ) ;
#1755 = AXIS2_PLACEMENT_3D ( 'NONE', #1580, #1194, #2646 ) ;
#1756 = DIRECTION ( 'NONE',  ( -1.000000000000000000, 0.0000000000000000000, 1.084202172485506400E-015 ) ) ;
#1757 = AXIS2_PLACEMENT_3D ( 'NONE', #1518, #2369, #2364 ) ;
#1758 = DIRECTION ( 'NONE',  ( -8.131516293641285200E-016, 0.0000000000000000000, 1.000000000000000000 ) ) ;
#1759 = DIRECTION ( 'NONE',  ( -1.000000000000000000, 0.0000000000000000000, 0.0000000000000000000 ) ) ;
#1760 = VECTOR ( 'NONE', #1948, 1000.000000000000000 ) ;
#1761 = DIRECTION ( 'NONE',  ( -1.000000000000000000, -0.0000000000000000000, 1.084202172485506400E-015 ) ) ;
#1762 = ADVANCED_FACE ( 'NONE', ( #517 ), #1821, .T. ) ;
#1763 = ORIENTED_EDGE ( 'NONE', *, *, #2246, .T. ) ;
#1764 = EDGE_CURVE ( 'NONE', #1851, #21, #1063, .T. ) ;
#1765 = CIRCLE ( 'NONE', #1468, 0.02500000000000001200 ) ;
#1766 = CARTESIAN_POINT ( 'NONE',  ( 0.7750000000000000200, 0.0000000000000000000, -0.3750000000000001100 ) ) ;
#1767 = ORIENTED_EDGE ( 'NONE', *, *, #2355, .F. ) ;
#1768 = EDGE_CURVE ( 'NONE', #2186, #116, #2673, .T. ) ;
#1769 = VERTEX_POINT ( 'NONE', #1133 ) ;
#1770 = ORIENTED_EDGE ( 'NONE', *, *, #1481, .T. ) ;
#1771 = DIRECTION ( 'NONE',  ( 0.0000000000000000000, 1.000000000000000000, 0.0000000000000000000 ) ) ;
#1772 = ORIENTED_EDGE ( 'NONE', *, *, #1751, .T. ) ;
#1773 = ORIENTED_EDGE ( 'NONE', *, *, #1863, .F. ) ;
#1774 = AXIS2_PLACEMENT_3D ( 'NONE', #168, #1999, #383 ) ;
#1775 = EDGE_LOOP ( 'NONE', ( #749, #2393, #43 ) ) ;
#1776 = DIRECTION ( 'NONE',  ( 4.336808689942015400E-015, 0.0000000000000000000, -1.000000000000000000 ) ) ;
#1777 = ORIENTED_EDGE ( 'NONE', *, *, #2557, .T. ) ;
#1778 = VECTOR ( 'NONE', #827, 1000.000000000000000 ) ;
#1779 = ORIENTED_EDGE ( 'NONE', *, *, #1414, .F. ) ;
#1780 = CARTESIAN_POINT ( 'NONE',  ( 0.7999999999999999300, 0.6999999999999999600, 0.0000000000000000000 ) ) ;
#1781 = AXIS2_PLACEMENT_3D ( 'NONE', #2694, #2710, #2485 ) ;
#1782 = ORIENTED_EDGE ( 'NONE', *, *, #651, .T. ) ;
#1783 = LINE ( 'NONE', #2325, #2331 ) ;
#1784 = ADVANCED_FACE ( 'NONE', ( #1003 ), #2047, .T. ) ;
#1785 = FACE_OUTER_BOUND ( 'NONE', #1218, .T. ) ;
#1786 = CARTESIAN_POINT ( 'NONE',  ( -0.8000000000000001600, 0.02500000000000000100, -0.4000000000000000200 ) ) ;
#1787 = CARTESIAN_POINT ( 'NONE',  ( -0.7250000000000003100, 0.6750000000000000400, -0.4000000000000000800 ) ) ;
#1788 = DIRECTION ( 'NONE',  ( -0.0000000000000000000, -1.000000000000000000, 0.0000000000000000000 ) ) ;
#1789 = EDGE_CURVE ( 'NONE', #664, #1840, #679, .T. ) ;
#1790 = DIRECTION ( 'NONE',  ( 1.000000000000000000, 0.0000000000000000000, 0.0000000000000000000 ) ) ;
#1791 = FACE_OUTER_BOUND ( 'NONE', #510, .T. ) ;
#1792 = AXIS2_PLACEMENT_3D ( 'NONE', #677, #2343, #68 ) ;
#1793 = DIRECTION ( 'NONE',  ( -1.000000000000000000, 9.403954806578312700E-030, -4.336808689942016200E-015 ) ) ;
#1794 = CARTESIAN_POINT ( 'NONE',  ( 0.7750000000000000200, 0.6999999999999999600, -0.3750000000000001100 ) ) ;
#1795 = ADVANCED_FACE ( 'NONE', ( #1483 ), #61, .T. ) ;
#1796 = AXIS2_PLACEMENT_3D ( 'NONE', #2699, #2043, #2490 ) ;
#1797 = CARTESIAN_POINT ( 'NONE',  ( 0.1896446609406725000, 0.6999999999999998400, 0.3103553390593278300 ) ) ;
#1798 = CARTESIAN_POINT ( 'NONE',  ( -0.2000000000000001500, 0.6750000000000000400, 0.3750000000000001700 ) ) ;
#1799 = LINE ( 'NONE', #740, #2448 ) ;
#1800 = PRESENTATION_STYLE_ASSIGNMENT (( #2109 ) ) ;
#1801 = LINE ( 'NONE', #1930, #2147 ) ;
#1802 = DIRECTION ( 'NONE',  ( 1.000000000000000000, 0.0000000000000000000, 8.131516293641279300E-016 ) ) ;
#1803 = EDGE_CURVE ( 'NONE', #664, #795, #162, .T. ) ;
#1804 = VERTEX_POINT ( 'NONE', #2170 ) ;
#1805 = ORIENTED_EDGE ( 'NONE', *, *, #549, .F. ) ;
#1806 = ADVANCED_FACE ( 'NONE', ( #2196 ), #1642, .F. ) ;
#1807 = VERTEX_POINT ( 'NONE', #2045 ) ;
#1808 = AXIS2_PLACEMENT_3D ( 'NONE', #1639, #2463, #173 ) ;
#1809 = ORIENTED_EDGE ( 'NONE', *, *, #273, .F. ) ;
#1810 = EDGE_LOOP ( 'NONE', ( #1870, #558, #2097, #1407 ) ) ;
#1811 = DIRECTION ( 'NONE',  ( -0.0000000000000000000, -1.000000000000000000, -0.0000000000000000000 ) ) ;
#1812 = VERTEX_POINT ( 'NONE', #1787 ) ;
#1813 = COLOUR_RGB ( '',0.7921568627450980000, 0.8196078431372548800, 0.9333333333333333500 ) ;
#1814 = AXIS2_PLACEMENT_3D ( 'NONE', #1831, #1628, #399 ) ;
#1815 = DIRECTION ( 'NONE',  ( 0.0000000000000000000, -1.000000000000000000, 0.0000000000000000000 ) ) ;
#1816 = DIRECTION ( 'NONE',  ( 1.355252715606879800E-016, 0.0000000000000000000, 1.000000000000000000 ) ) ;
#1817 = CARTESIAN_POINT ( 'NONE',  ( 0.0000000000000000000, 0.6750000000000000400, 0.0000000000000000000 ) ) ;
#1818 = CIRCLE ( 'NONE', #323, 0.02500000000000001200 ) ;
#1819 = DIRECTION ( 'NONE',  ( 0.0000000000000000000, 0.0000000000000000000, 1.000000000000000000 ) ) ;
#1820 = CARTESIAN_POINT ( 'NONE',  ( 0.1749999999999999900, 0.6750000000000000400, -0.3750000000000000600 ) ) ;
#1821 = CYLINDRICAL_SURFACE ( 'NONE', #234, 0.02500000000000001200 ) ;
#1822 = DIRECTION ( 'NONE',  ( -1.000000000000000000, -4.336808689942025600E-015, -0.0000000000000000000 ) ) ;
#1823 = ADVANCED_FACE ( 'NONE', ( #157 ), #797, .T. ) ;
#1824 = DIRECTION ( 'NONE',  ( 0.0000000000000000000, 0.0000000000000000000, 1.000000000000000000 ) ) ;
#1825 = EDGE_CURVE ( 'NONE', #2179, #352, #2434, .T. ) ;
#1826 = DIRECTION ( 'NONE',  ( -8.131516293641285200E-016, -0.0000000000000000000, 1.000000000000000000 ) ) ;
#1827 = CARTESIAN_POINT ( 'NONE',  ( 0.1999999999999998700, 0.6750000000000000400, 0.3750000000000000600 ) ) ;
#1828 = AXIS2_PLACEMENT_3D ( 'NONE', #2541, #439, #1882 ) ;
#1829 = LINE ( 'NONE', #1685, #1421 ) ;
#1830 = PLANE ( 'NONE',  #1922 ) ;
#1831 = CARTESIAN_POINT ( 'NONE',  ( 0.1750000000000001600, 0.02499999999999995600, 1.423015351387226300E-016 ) ) ;
#1832 = LINE ( 'NONE', #358, #472 ) ;
#1833 = DIRECTION ( 'NONE',  ( 0.0000000000000000000, 0.0000000000000000000, -1.000000000000000000 ) ) ;
#1834 = CARTESIAN_POINT ( 'NONE',  ( 0.1999999999999999800, 0.02500000000000001200, -0.3750000000000000600 ) ) ;
#1835 = ADVANCED_FACE ( 'NONE', ( #2334 ), #2200, .F. ) ;
#1836 = EDGE_LOOP ( 'NONE', ( #1971, #388, #2705, #1670, #929, #2465, #1511, #385, #2670, #149, #1350, #1906 ) ) ;
#1837 = ORIENTED_EDGE ( 'NONE', *, *, #2100, .F. ) ;
#1838 = DIRECTION ( 'NONE',  ( 1.000000000000000000, 0.0000000000000000000, 0.0000000000000000000 ) ) ;
#1839 = DIRECTION ( 'NONE',  ( 6.776263578034402700E-016, 0.0000000000000000000, -1.000000000000000000 ) ) ;
#1840 = VERTEX_POINT ( 'NONE', #350 ) ;
#1841 = DIRECTION ( 'NONE',  ( -0.0000000000000000000, 0.0000000000000000000, 1.000000000000000000 ) ) ;
#1842 = EDGE_CURVE ( 'NONE', #1736, #2291, #1485, .T. ) ;
#1843 = EDGE_LOOP ( 'NONE', ( #1145, #478, #1705, #2600 ) ) ;
#1844 = PLANE ( 'NONE',  #2347 ) ;
#1845 = ORIENTED_EDGE ( 'NONE', *, *, #1565, .T. ) ;
#1846 = VERTEX_POINT ( 'NONE', #1169 ) ;
#1847 = CARTESIAN_POINT ( 'NONE',  ( -0.1896446609406727300, 0.6999999999999999600, 0.3103553390593275500 ) ) ;
#1848 = ORIENTED_EDGE ( 'NONE', *, *, #1520, .F. ) ;
#1849 = FACE_OUTER_BOUND ( 'NONE', #279, .T. ) ;
#1850 = EDGE_CURVE ( 'NONE', #991, #1408, #732, .T. ) ;
#1851 = VERTEX_POINT ( 'NONE', #1605 ) ;
#1852 = VECTOR ( 'NONE', #1667, 1000.000000000000000 ) ;
#1853 = CARTESIAN_POINT ( 'NONE',  ( -1.301042606982614600E-015, 0.02499999999999995600, 0.4000000000000026300 ) ) ;
#1854 = DIRECTION ( 'NONE',  ( -1.000000000000000000, 9.403954806578312700E-030, 4.336808689942016200E-015 ) ) ;
#1855 = ADVANCED_FACE ( 'NONE', ( #227 ), #433, .T. ) ;
#1856 = FACE_OUTER_BOUND ( 'NONE', #461, .T. ) ;
#1857 = DIRECTION ( 'NONE',  ( 0.0000000000000000000, 0.0000000000000000000, 1.000000000000000000 ) ) ;
#1858 = VECTOR ( 'NONE', #1992, 1000.000000000000000 ) ;
#1859 = EDGE_CURVE ( 'NONE', #569, #2091, #398, .T. ) ;
#1860 = DIRECTION ( 'NONE',  ( -1.000000000000000000, -0.0000000000000000000, -6.776263578034402700E-016 ) ) ;
#1861 = CARTESIAN_POINT ( 'NONE',  ( -0.7250000000000003100, 0.6999999999999999600, -0.3750000000000000600 ) ) ;
#1862 = DIRECTION ( 'NONE',  ( -3.252606517456522400E-015, 0.0000000000000000000, -1.000000000000000000 ) ) ;
#1863 = EDGE_CURVE ( 'NONE', #1186, #721, #2573, .T. ) ;
#1864 = FACE_OUTER_BOUND ( 'NONE', #2692, .T. ) ;
#1865 =( NAMED_UNIT ( * ) SI_UNIT ( $, .STERADIAN. ) SOLID_ANGLE_UNIT ( ) );
#1866 = AXIS2_PLACEMENT_3D ( 'NONE', #2464, #2688, #604 ) ;
#1867 = LINE ( 'NONE', #1889, #179 ) ;
#1868 = DIRECTION ( 'NONE',  ( 1.000000000000000000, 0.0000000000000000000, 0.0000000000000000000 ) ) ;
#1869 = CARTESIAN_POINT ( 'NONE',  ( -0.7250000000000004200, 0.6999999999999999600, 0.4000000000000003000 ) ) ;
#1870 = ORIENTED_EDGE ( 'NONE', *, *, #79, .F. ) ;
#1871 = AXIS2_PLACEMENT_3D ( 'NONE', #1658, #1250, #2080 ) ;
#1872 = CYLINDRICAL_SURFACE ( 'NONE', #1524, 0.02499999999999995600 ) ;
#1873 = DIRECTION ( 'NONE',  ( -2.710505431213761600E-016, 0.0000000000000000000, -1.000000000000000000 ) ) ;
#1874 = EDGE_LOOP ( 'NONE', ( #1338, #2457, #2127, #1681 ) ) ;
#1875 = ORIENTED_EDGE ( 'NONE', *, *, #1520, .T. ) ;
#1876 = CARTESIAN_POINT ( 'NONE',  ( -0.1750000000000001300, 0.6750000000000000400, 0.3750000000000001700 ) ) ;
#1877 = ORIENTED_EDGE ( 'NONE', *, *, #842, .T. ) ;
#1878 = DIRECTION ( 'NONE',  ( 0.0000000000000000000, 0.0000000000000000000, -1.000000000000000000 ) ) ;
#1879 = CARTESIAN_POINT ( 'NONE',  ( 0.7750000000000000200, 0.6750000000000000400, 0.3750000000000000600 ) ) ;
#1880 = ORIENTED_EDGE ( 'NONE', *, *, #2015, .T. ) ;
#1881 = LINE ( 'NONE', #418, #511 ) ;
#1882 = DIRECTION ( 'NONE',  ( 1.000000000000000000, 0.0000000000000000000, 0.0000000000000000000 ) ) ;
#1883 = VECTOR ( 'NONE', #1163, 1000.000000000000000 ) ;
#1884 = LINE ( 'NONE', #2506, #2715 ) ;
#1885 = PRESENTATION_LAYER_ASSIGNMENT (  '', '', ( #163 ) ) ;
#1886 = DIRECTION ( 'NONE',  ( 3.252606517456519600E-015, 0.0000000000000000000, 1.000000000000000000 ) ) ;
#1887 = CIRCLE ( 'NONE', #2419, 0.02500000000000001200 ) ;
#1888 =( NAMED_UNIT ( * ) PLANE_ANGLE_UNIT ( ) SI_UNIT ( $, .RADIAN. ) );
#1889 = CARTESIAN_POINT ( 'NONE',  ( -0.7000000000000000700, 0.6999999999999999600, 0.3750000000000003300 ) ) ;
#1890 = EDGE_CURVE ( 'NONE', #1212, #1479, #1100, .T. ) ;
#1891 = CARTESIAN_POINT ( 'NONE',  ( -0.7250000000000003100, 0.02500000000000000100, 0.3750000000000002800 ) ) ;
#1892 = COLOUR_RGB ( '',0.7921568627450980000, 0.8196078431372548800, 0.9333333333333333500 ) ;
#1893 = CARTESIAN_POINT ( 'NONE',  ( 0.7999999999999999300, 0.02499999999999995600, 0.0000000000000000000 ) ) ;
#1894 = EDGE_CURVE ( 'NONE', #1085, #156, #644, .T. ) ;
#1895 = CARTESIAN_POINT ( 'NONE',  ( -0.1749999999999999600, 0.0000000000000000000, -0.3250000000000000700 ) ) ;
#1896 = CYLINDRICAL_SURFACE ( 'NONE', #1129, 0.02499999999999995600 ) ;
#1897 = ORIENTED_EDGE ( 'NONE', *, *, #2395, .F. ) ;
#1898 = CARTESIAN_POINT ( 'NONE',  ( -0.7750000000000002400, 0.6750000000000000400, 0.0000000000000000000 ) ) ;
#1899 = SURFACE_STYLE_FILL_AREA ( #1912 ) ;
#1900 = AXIS2_PLACEMENT_3D ( 'NONE', #442, #20, #1470 ) ;
#1901 = FILL_AREA_STYLE ('',( #240 ) ) ;
#1902 = VERTEX_POINT ( 'NONE', #539 ) ;
#1903 = VERTEX_POINT ( 'NONE', #2018 ) ;
#1904 = ORIENTED_EDGE ( 'NONE', *, *, #1825, .T. ) ;
#1905 = CARTESIAN_POINT ( 'NONE',  ( 0.7000000000000002900, 0.6750000000000000400, 0.3750000000000000000 ) ) ;
#1906 = ORIENTED_EDGE ( 'NONE', *, *, #1931, .T. ) ;
#1907 = DIRECTION ( 'NONE',  ( 1.000000000000000000, 0.0000000000000000000, 0.0000000000000000000 ) ) ;
#1908 =( LENGTH_UNIT ( ) NAMED_UNIT ( * ) SI_UNIT ( .MILLI., .METRE. ) );
#1909 = ORIENTED_EDGE ( 'NONE', *, *, #1981, .T. ) ;
#1910 = VERTEX_POINT ( 'NONE', #550 ) ;
#1911 = EDGE_CURVE ( 'NONE', #2153, #1184, #905, .T. ) ;
#1912 = FILL_AREA_STYLE ('',( #467 ) ) ;
#1913 = ORIENTED_EDGE ( 'NONE', *, *, #1238, .T. ) ;
#1914 = VECTOR ( 'NONE', #448, 1000.000000000000000 ) ;
#1915 = ORIENTED_EDGE ( 'NONE', *, *, #712, .F. ) ;
#1916 = CARTESIAN_POINT ( 'NONE',  ( 0.0000000000000000000, 0.0000000000000000000, 0.0000000000000000000 ) ) ;
#1917 = ORIENTED_EDGE ( 'NONE', *, *, #983, .T. ) ;
#1918 = FACE_OUTER_BOUND ( 'NONE', #1601, .T. ) ;
#1919 = EDGE_CURVE ( 'NONE', #156, #1212, #262, .T. ) ;
#1920 = DIRECTION ( 'NONE',  ( 1.084202172485506200E-015, -0.0000000000000000000, -1.000000000000000000 ) ) ;
#1921 = DIRECTION ( 'NONE',  ( 1.000000000000000000, 0.0000000000000000000, 0.0000000000000000000 ) ) ;
#1922 = AXIS2_PLACEMENT_3D ( 'NONE', #1397, #2199, #2216 ) ;
#1923 = FACE_OUTER_BOUND ( 'NONE', #1674, .T. ) ;
#1924 = DIRECTION ( 'NONE',  ( 0.0000000000000000000, -1.000000000000000000, 0.0000000000000000000 ) ) ;
#1925 =( NAMED_UNIT ( * ) SI_UNIT ( $, .STERADIAN. ) SOLID_ANGLE_UNIT ( ) );
#1926 = AXIS2_PLACEMENT_3D ( 'NONE', #611, #200, #423 ) ;
#1927 = DIRECTION ( 'NONE',  ( -1.355252715606880000E-016, 0.0000000000000000000, -1.000000000000000000 ) ) ;
#1928 = CIRCLE ( 'NONE', #2574, 0.02500000000000001200 ) ;
#1929 = CARTESIAN_POINT ( 'NONE',  ( 0.7250000000000002000, 0.6999999999999999600, 0.4000000000000003600 ) ) ;
#1930 = CARTESIAN_POINT ( 'NONE',  ( 0.7999999999999999300, 0.6750000000000000400, 0.4000000000000000200 ) ) ;
#1931 = EDGE_CURVE ( 'NONE', #1249, #2259, #871, .T. ) ;
#1932 = VECTOR ( 'NONE', #1860, 1000.000000000000000 ) ;
#1933 = DIRECTION ( 'NONE',  ( -1.084202172485503400E-016, 0.0000000000000000000, -1.000000000000000000 ) ) ;
#1934 = CYLINDRICAL_SURFACE ( 'NONE', #974, 0.02500000000000001200 ) ;
#1935 = DIRECTION ( 'NONE',  ( -0.0000000000000000000, 1.000000000000000000, -0.0000000000000000000 ) ) ;
#1936 = AXIS2_PLACEMENT_3D ( 'NONE', #18, #852, #1713 ) ;
#1937 = VERTEX_POINT ( 'NONE', #370 ) ;
#1938 = CIRCLE ( 'NONE', #1362, 0.02500000000000001200 ) ;
#1939 = ORIENTED_EDGE ( 'NONE', *, *, #2026, .F. ) ;
#1940 = MECHANICAL_DESIGN_GEOMETRIC_PRESENTATION_REPRESENTATION (  '', ( #2639 ), #2296 ) ;
#1941 = VERTEX_POINT ( 'NONE', #754 ) ;
#1942 = VERTEX_POINT ( 'NONE', #2221 ) ;
#1943 = ORIENTED_EDGE ( 'NONE', *, *, #1312, .F. ) ;
#1944 = CARTESIAN_POINT ( 'NONE',  ( -0.7750000000000002400, 0.0000000000000000000, -0.3750000000000000000 ) ) ;
#1945 = CARTESIAN_POINT ( 'NONE',  ( -0.2000000000000000900, 0.6750000000000000400, 0.3000000000000002100 ) ) ;
#1946 = EDGE_LOOP ( 'NONE', ( #1763, #1443, #1773 ) ) ;
#1947 = ORIENTED_EDGE ( 'NONE', *, *, #79, .T. ) ;
#1948 = DIRECTION ( 'NONE',  ( -1.000000000000000000, -0.0000000000000000000, 1.355252715606880500E-016 ) ) ;
#1949 = EDGE_LOOP ( 'NONE', ( #450, #2278, #11, #1507 ) ) ;
#1950 = ORIENTED_EDGE ( 'NONE', *, *, #1552, .T. ) ;
#1951 = FACE_OUTER_BOUND ( 'NONE', #2653, .T. ) ;
#1952 = EDGE_CURVE ( 'NONE', #2030, #893, #2263, .T. ) ;
#1953 = CARTESIAN_POINT ( 'NONE',  ( -0.2000000000000001800, 0.02500000000000001200, 0.3750000000000000600 ) ) ;
#1954 = CIRCLE ( 'NONE', #848, 0.02500000000000001200 ) ;
#1955 = ADVANCED_FACE ( 'NONE', ( #1296 ), #2654, .T. ) ;
#1956 = CIRCLE ( 'NONE', #199, 0.02499999999999995600 ) ;
#1957 = CARTESIAN_POINT ( 'NONE',  ( 0.7000000000000001800, 0.6750000000000000400, -0.3750000000000004400 ) ) ;
#1958 = FACE_OUTER_BOUND ( 'NONE', #1949, .T. ) ;
#1959 = DIRECTION ( 'NONE',  ( 1.000000000000000000, 0.0000000000000000000, 5.421010862427532400E-015 ) ) ;
#1960 = AXIS2_PLACEMENT_3D ( 'NONE', #2059, #821, #1422 ) ;
#1961 = DIRECTION ( 'NONE',  ( 1.355252715606880000E-016, 0.0000000000000000000, 1.000000000000000000 ) ) ;
#1962 = DIRECTION ( 'NONE',  ( 0.0000000000000000000, 1.000000000000000000, 2.168404344971012800E-015 ) ) ;
#1963 = VECTOR ( 'NONE', #112, 1000.000000000000000 ) ;
#1964 = EDGE_CURVE ( 'NONE', #21, #721, #1954, .T. ) ;
#1965 = LINE ( 'NONE', #1953, #1430 ) ;
#1966 = DIRECTION ( 'NONE',  ( 7.228014483236698500E-016, -0.0000000000000000000, 1.000000000000000000 ) ) ;
#1967 = ORIENTED_EDGE ( 'NONE', *, *, #1151, .F. ) ;
#1968 = ORIENTED_EDGE ( 'NONE', *, *, #464, .F. ) ;
#1969 = EDGE_LOOP ( 'NONE', ( #927, #1561, #2661 ) ) ;
#1970 = DIRECTION ( 'NONE',  ( 0.0000000000000000000, 0.0000000000000000000, 1.000000000000000000 ) ) ;
#1971 = ORIENTED_EDGE ( 'NONE', *, *, #1466, .T. ) ;
#1972 = ADVANCED_FACE ( 'NONE', ( #2299 ), #1844, .T. ) ;
#1973 = ORIENTED_EDGE ( 'NONE', *, *, #564, .F. ) ;
#1974 = ORIENTED_EDGE ( 'NONE', *, *, #948, .T. ) ;
#1975 = FACE_OUTER_BOUND ( 'NONE', #755, .T. ) ;
#1976 = ORIENTED_EDGE ( 'NONE', *, *, #230, .T. ) ;
#1977 = CARTESIAN_POINT ( 'NONE',  ( 0.1999999999999998700, 0.02500000000000001200, 0.3750000000000000600 ) ) ;
#1978 =( BOUNDED_CURVE ( )  B_SPLINE_CURVE ( 3, ( #1365, #548, #2441, #2017 ),
 .UNSPECIFIED., .F., .F. ) 
 B_SPLINE_CURVE_WITH_KNOTS ( ( 4, 4 ),
 ( 0.0000000000000000000, 1.570796326794896600 ),
 .UNSPECIFIED. ) 
 CURVE ( )  GEOMETRIC_REPRESENTATION_ITEM ( )  RATIONAL_B_SPLINE_CURVE ( ( 1.000000000000000000, 0.8047378541243649400, 0.8047378541243649400, 1.000000000000000000 ) ) 
 REPRESENTATION_ITEM ( '' )  );
#1979 = VERTEX_POINT ( 'NONE', #590 ) ;
#1980 = LINE ( 'NONE', #1893, #1420 ) ;
#1981 = EDGE_CURVE ( 'NONE', #2427, #532, #2712, .T. ) ;
#1982 = LINE ( 'NONE', #2088, #2401 ) ;
#1983 = FACE_OUTER_BOUND ( 'NONE', #789, .T. ) ;
#1984 = AXIS2_PLACEMENT_3D ( 'NONE', #1182, #2029, #2195 ) ;
#1985 = SURFACE_STYLE_USAGE ( .BOTH. , #2376 ) ;
#1986 = CARTESIAN_POINT ( 'NONE',  ( -0.7750000000000002400, 0.02500000000000000100, 0.3750000000000001100 ) ) ;
#1987 = ADVANCED_FACE ( 'NONE', ( #2474 ), #2260, .F. ) ;
#1988 = VECTOR ( 'NONE', #594, 1000.000000000000000 ) ;
#1989 = DIRECTION ( 'NONE',  ( -0.0000000000000000000, -1.000000000000000000, -0.0000000000000000000 ) ) ;
#1990 = LINE ( 'NONE', #2116, #1013 ) ;
#1991 = CARTESIAN_POINT ( 'NONE',  ( -0.7250000000000002000, 0.02500000000000000100, 0.3750000000000002200 ) ) ;
#1992 = DIRECTION ( 'NONE',  ( -0.0000000000000000000, -1.000000000000000000, -0.0000000000000000000 ) ) ;
#1993 = EDGE_CURVE ( 'NONE', #1942, #1769, #1325, .T. ) ;
#1994 = SPHERICAL_SURFACE ( 'NONE', #1692, 0.02500000000000000100 ) ;
#1995 = FACE_OUTER_BOUND ( 'NONE', #1946, .T. ) ;
#1996 = ADVANCED_FACE ( 'NONE', ( #1785 ), #1019, .F. ) ;
#1997 = EDGE_CURVE ( 'NONE', #1026, #389, #290, .T. ) ;
#1998 = ORIENTED_EDGE ( 'NONE', *, *, #786, .F. ) ;
#1999 = DIRECTION ( 'NONE',  ( 2.168404344971008100E-015, 0.0000000000000000000, -1.000000000000000000 ) ) ;
#2000 = ORIENTED_EDGE ( 'NONE', *, *, #1170, .F. ) ;
#2001 = CARTESIAN_POINT ( 'NONE',  ( 0.7000000000000002900, 0.6750000000000000400, 0.3750000000000000000 ) ) ;
#2002 = CARTESIAN_POINT ( 'NONE',  ( 0.2000000000000000400, 0.6750000000000000400, -0.3000000000000001000 ) ) ;
#2003 = VERTEX_POINT ( 'NONE', #387 ) ;
#2004 = ORIENTED_EDGE ( 'NONE', *, *, #2509, .T. ) ;
#2005 = AXIS2_PLACEMENT_3D ( 'NONE', #1432, #2725, #846 ) ;
#2006 = ORIENTED_EDGE ( 'NONE', *, *, #226, .T. ) ;
#2007 = CIRCLE ( 'NONE', #1180, 0.02499999999999995600 ) ;
#2008 = LINE ( 'NONE', #615, #1720 ) ;
#2009 = DIRECTION ( 'NONE',  ( 1.355252715606879100E-016, 0.0000000000000000000, 1.000000000000000000 ) ) ;
#2010 = CARTESIAN_POINT ( 'NONE',  ( 0.1749999999999999900, 0.6999999999999999600, -0.3750000000000001100 ) ) ;
#2011 = ADVANCED_FACE ( 'NONE', ( #1031 ), #1423, .F. ) ;
#2012 = FACE_OUTER_BOUND ( 'NONE', #757, .T. ) ;
#2013 = DIRECTION ( 'NONE',  ( 0.0000000000000000000, 1.000000000000000000, 0.0000000000000000000 ) ) ;
#2014 = VECTOR ( 'NONE', #453, 1000.000000000000000 ) ;
#2015 = EDGE_CURVE ( 'NONE', #1254, #1804, #2008, .T. ) ;
#2016 = CARTESIAN_POINT ( 'NONE',  ( -0.1750000000000001300, 0.6999999999999999600, 0.3750000000000001700 ) ) ;
#2017 = CARTESIAN_POINT ( 'NONE',  ( 0.1750000000000000200, 0.6999999999999999600, -0.3250000000000000700 ) ) ;
#2018 = CARTESIAN_POINT ( 'NONE',  ( -0.7750000000000002400, 0.6999999999999999600, 0.3750000000000000600 ) ) ;
#2019 = CARTESIAN_POINT ( 'NONE',  ( -0.7000000000000002900, 0.02500000000000001200, 0.3750000000000000000 ) ) ;
#2020 = PLANE ( 'NONE',  #1319 ) ;
#2021 = ADVANCED_FACE ( 'NONE', ( #363 ), #1383, .T. ) ;
#2022 = ORIENTED_EDGE ( 'NONE', *, *, #1047, .T. ) ;
#2023 = FACE_OUTER_BOUND ( 'NONE', #386, .T. ) ;
#2024 = CARTESIAN_POINT ( 'NONE',  ( 0.2000000000000000400, 0.6999999999999999600, -0.3000000000000001000 ) ) ;
#2025 = CARTESIAN_POINT ( 'NONE',  ( 0.7250000000000003100, 0.0000000000000000000, 0.3750000000000002200 ) ) ;
#2026 = EDGE_CURVE ( 'NONE', #2529, #389, #2132, .T. ) ;
#2027 = ORIENTED_EDGE ( 'NONE', *, *, #2051, .T. ) ;
#2028 = DIRECTION ( 'NONE',  ( -1.355252715606880500E-016, 0.0000000000000000000, -1.000000000000000000 ) ) ;
#2029 = DIRECTION ( 'NONE',  ( -1.000000000000000000, -0.0000000000000000000, 4.336808689942016200E-015 ) ) ;
#2030 = VERTEX_POINT ( 'NONE', #992 ) ;
#2031 = ORIENTED_EDGE ( 'NONE', *, *, #730, .F. ) ;
#2032 = EDGE_CURVE ( 'NONE', #2125, #480, #490, .T. ) ;
#2033 = ORIENTED_EDGE ( 'NONE', *, *, #1330, .F. ) ;
#2034 = ORIENTED_EDGE ( 'NONE', *, *, #1501, .F. ) ;
#2035 = DIRECTION ( 'NONE',  ( 0.0000000000000000000, 0.0000000000000000000, -1.000000000000000000 ) ) ;
#2036 = EDGE_LOOP ( 'NONE', ( #1247, #187, #568 ) ) ;
#2037 = LINE ( 'NONE', #584, #1778 ) ;
#2038 =( GEOMETRIC_REPRESENTATION_CONTEXT ( 3 ) GLOBAL_UNCERTAINTY_ASSIGNED_CONTEXT ( ( #1292 ) ) GLOBAL_UNIT_ASSIGNED_CONTEXT ( ( #1908, #2303, #1044 ) ) REPRESENTATION_CONTEXT ( 'NONE', 'WORKASPACE' ) );
#2039 = ADVANCED_FACE ( 'NONE', ( #1226 ), #1193, .T. ) ;
#2040 = CARTESIAN_POINT ( 'NONE',  ( 0.1999999999999998700, 0.6750000000000000400, 0.3750000000000000600 ) ) ;
#2041 = ORIENTED_EDGE ( 'NONE', *, *, #115, .F. ) ;
#2042 = LINE ( 'NONE', #2076, #726 ) ;
#2043 = DIRECTION ( 'NONE',  ( 1.000000000000000000, 0.0000000000000000000, 6.776263578034402700E-016 ) ) ;
#2044 = EDGE_LOOP ( 'NONE', ( #7, #2220, #1080, #507 ) ) ;
#2045 = CARTESIAN_POINT ( 'NONE',  ( -0.1750000000000001000, 0.6999999999999999600, 0.3250000000000001800 ) ) ;
#2046 = CIRCLE ( 'NONE', #1781, 0.02499999999999995600 ) ;
#2047 = CYLINDRICAL_SURFACE ( 'NONE', #1158, 0.02500000000000001200 ) ;
#2048 = CYLINDRICAL_SURFACE ( 'NONE', #2005, 0.02499999999999995600 ) ;
#2049 = CIRCLE ( 'NONE', #610, 0.02500000000000001200 ) ;
#2050 = CARTESIAN_POINT ( 'NONE',  ( -0.7250000000000003100, 0.02500000000000000100, 0.3750000000000002800 ) ) ;
#2051 = EDGE_CURVE ( 'NONE', #2589, #1596, #2583, .T. ) ;
#2052 = CARTESIAN_POINT ( 'NONE',  ( 0.7750000000000000200, 0.6750000000000000400, -0.3750000000000001700 ) ) ;
#2053 = CARTESIAN_POINT ( 'NONE',  ( -4.404571325722362400E-017, 0.0000000000000000000, -0.3250000000000000700 ) ) ;
#2054 = CARTESIAN_POINT ( 'NONE',  ( 0.2000000000000000400, 0.6750000000000000400, -0.3000000000000001000 ) ) ;
#2055 = EDGE_CURVE ( 'NONE', #1444, #532, #835, .T. ) ;
#2056 = DIRECTION ( 'NONE',  ( 0.0000000000000000000, 0.0000000000000000000, -1.000000000000000000 ) ) ;
#2057 = CARTESIAN_POINT ( 'NONE',  ( -0.7000000000000002900, 0.6999999999999999600, 9.486769009248162600E-017 ) ) ;
#2058 = PLANE ( 'NONE',  #2492 ) ;
#2059 = CARTESIAN_POINT ( 'NONE',  ( 0.7750000000000000200, 0.02500000000000000100, -0.3750000000000001700 ) ) ;
#2060 = DIRECTION ( 'NONE',  ( 1.000000000000000000, 0.0000000000000000000, -2.710505431213761600E-016 ) ) ;
#2061 = LINE ( 'NONE', #3, #1500 ) ;
#2062 = MANIFOLD_SOLID_BREP ( 'Pin 2', #1055 ) ;
#2063 = CARTESIAN_POINT ( 'NONE',  ( 0.1750000000000000200, 0.0000000000000000000, -0.3250000000000000700 ) ) ;
#2064 = EDGE_LOOP ( 'NONE', ( #454, #1376, #118, #177 ) ) ;
#2065 = DIRECTION ( 'NONE',  ( 0.0000000000000000000, 0.0000000000000000000, -1.000000000000000000 ) ) ;
#2066 = EDGE_LOOP ( 'NONE', ( #1313, #1322, #2253 ) ) ;
#2067 = DIRECTION ( 'NONE',  ( 0.0000000000000000000, 1.000000000000000000, -0.0000000000000000000 ) ) ;
#2068 = EDGE_CURVE ( 'NONE', #1026, #2529, #545, .T. ) ;
#2069 = CARTESIAN_POINT ( 'NONE',  ( 0.1749999999999999900, 0.02500000000000000100, -0.3750000000000000600 ) ) ;
#2070 = EDGE_LOOP ( 'NONE', ( #2629, #189, #12, #2708 ) ) ;
#2071 = CARTESIAN_POINT ( 'NONE',  ( 0.7750000000000000200, 0.6750000000000000400, 0.0000000000000000000 ) ) ;
#2072 = CARTESIAN_POINT ( 'NONE',  ( 0.7750000000000001300, 0.0000000000000000000, -0.4000000000000001900 ) ) ;
#2073 = ORIENTED_EDGE ( 'NONE', *, *, #2055, .T. ) ;
#2074 = AXIS2_PLACEMENT_3D ( 'NONE', #280, #1506, #1103 ) ;
#2075 = ORIENTED_EDGE ( 'NONE', *, *, #1300, .T. ) ;
#2076 = CARTESIAN_POINT ( 'NONE',  ( 0.1749999999999999100, 0.6999999999999999600, 0.3000000000000004300 ) ) ;
#2077 = AXIS2_PLACEMENT_3D ( 'NONE', #2308, #2525, #1267 ) ;
#2078 = VECTOR ( 'NONE', #766, 1000.000000000000000 ) ;
#2079 = VECTOR ( 'NONE', #2165, 1000.000000000000000 ) ;
#2080 = DIRECTION ( 'NONE',  ( 0.0000000000000000000, 0.0000000000000000000, 1.000000000000000000 ) ) ;
#2081 = EDGE_CURVE ( 'NONE', #1902, #1846, #1818, .T. ) ;
#2082 = DIRECTION ( 'NONE',  ( 1.000000000000000000, -0.0000000000000000000, 1.084202172485504000E-015 ) ) ;
#2083 = SPHERICAL_SURFACE ( 'NONE', #663, 0.02500000000000000100 ) ;
#2084 = DIRECTION ( 'NONE',  ( 0.0000000000000000000, -1.000000000000000000, 0.0000000000000000000 ) ) ;
#2085 =( GEOMETRIC_REPRESENTATION_CONTEXT ( 3 ) GLOBAL_UNCERTAINTY_ASSIGNED_CONTEXT ( ( #246 ) ) GLOBAL_UNIT_ASSIGNED_CONTEXT ( ( #223, #233, #1865 ) ) REPRESENTATION_CONTEXT ( 'NONE', 'WORKASPACE' ) );
#2086 = CARTESIAN_POINT ( 'NONE',  ( -0.1896446609406726200, -4.155430832548605900E-017, -0.3103553390593272700 ) ) ;
#2087 = AXIS2_PLACEMENT_3D ( 'NONE', #228, #619, #1878 ) ;
#2088 = CARTESIAN_POINT ( 'NONE',  ( -0.7000000000000002900, 0.6750000000000000400, 0.3750000000000000000 ) ) ;
#2089 = FACE_OUTER_BOUND ( 'NONE', #659, .T. ) ;
#2090 = ORIENTED_EDGE ( 'NONE', *, *, #938, .T. ) ;
#2091 = VERTEX_POINT ( 'NONE', #237 ) ;
#2092 = CARTESIAN_POINT ( 'NONE',  ( -0.1749999999999999900, 0.02500000000000000100, -0.3750000000000000600 ) ) ;
#2093 = ORIENTED_EDGE ( 'NONE', *, *, #2374, .T. ) ;
#2094 = ORIENTED_EDGE ( 'NONE', *, *, #2645, .T. ) ;
#2095 = CARTESIAN_POINT ( 'NONE',  ( 0.1999999999999999300, 0.6999999999999999600, 0.3000000000000004300 ) ) ;
#2096 = DIRECTION ( 'NONE',  ( 0.0000000000000000000, 1.000000000000000000, 0.0000000000000000000 ) ) ;
#2097 = ORIENTED_EDGE ( 'NONE', *, *, #2306, .F. ) ;
#2098 = EDGE_LOOP ( 'NONE', ( #14, #1018, #607, #2667 ) ) ;
#2099 = ORIENTED_EDGE ( 'NONE', *, *, #533, .T. ) ;
#2100 = EDGE_CURVE ( 'NONE', #956, #220, #1980, .T. ) ;
#2101 = ORIENTED_EDGE ( 'NONE', *, *, #2324, .T. ) ;
#2102 = LINE ( 'NONE', #2612, #1381 ) ;
#2103 = CARTESIAN_POINT ( 'NONE',  ( -0.1750000000000001600, 0.02499999999999995600, 0.4000000000000001900 ) ) ;
#2104 = ORIENTED_EDGE ( 'NONE', *, *, #278, .F. ) ;
#2105 = ORIENTED_EDGE ( 'NONE', *, *, #2395, .T. ) ;
#2106 = AXIS2_PLACEMENT_3D ( 'NONE', #1618, #2445, #2440 ) ;
#2107 = LINE ( 'NONE', #1014, #327 ) ;
#2108 = VECTOR ( 'NONE', #1535, 1000.000000000000000 ) ;
#2109 = SURFACE_STYLE_USAGE ( .BOTH. , #653 ) ;
#2110 = AXIS2_PLACEMENT_3D ( 'NONE', #316, #1134, #2616 ) ;
#2111 = LINE ( 'NONE', #1564, #1858 ) ;
#2112 =( LENGTH_UNIT ( ) NAMED_UNIT ( * ) SI_UNIT ( .MILLI., .METRE. ) );
#2113 = CARTESIAN_POINT ( 'NONE',  ( -0.7750000000000002400, 0.6750000000000000400, -0.3750000000000000000 ) ) ;
#2114 = EDGE_CURVE ( 'NONE', #502, #1544, #1717, .T. ) ;
#2115 = EDGE_CURVE ( 'NONE', #2328, #2030, #195, .T. ) ;
#2116 = CARTESIAN_POINT ( 'NONE',  ( -2.032879073410322800E-016, 0.6750000000000000400, 0.3000000000000003200 ) ) ;
#2117 = VECTOR ( 'NONE', #1200, 1000.000000000000000 ) ;
#2118 = CARTESIAN_POINT ( 'NONE',  ( 0.2000000000000000100, 0.6999999999999999600, -0.3750000000000000600 ) ) ;
#2119 = CIRCLE ( 'NONE', #409, 0.02500000000000001200 ) ;
#2120 =( LENGTH_UNIT ( ) NAMED_UNIT ( * ) SI_UNIT ( .MILLI., .METRE. ) );
#2121 = ORIENTED_EDGE ( 'NONE', *, *, #1625, .T. ) ;
#2122 = ORIENTED_EDGE ( 'NONE', *, *, #1015, .T. ) ;
#2123 = ORIENTED_EDGE ( 'NONE', *, *, #1587, .T. ) ;
#2124 = EDGE_LOOP ( 'NONE', ( #2252, #1435, #2599, #154 ) ) ;
#2125 = VERTEX_POINT ( 'NONE', #836 ) ;
#2126 = SURFACE_STYLE_FILL_AREA ( #1679 ) ;
#2127 = ORIENTED_EDGE ( 'NONE', *, *, #1993, .F. ) ;
#2128 = ORIENTED_EDGE ( 'NONE', *, *, #1789, .F. ) ;
#2129 = EDGE_LOOP ( 'NONE', ( #935, #1805, #2458, #628 ) ) ;
#2130 = CIRCLE ( 'NONE', #753, 0.02500000000000001200 ) ;
#2131 = EDGE_CURVE ( 'NONE', #1408, #1937, #901, .T. ) ;
#2132 = CIRCLE ( 'NONE', #412, 0.02500000000000000100 ) ;
#2133 = CARTESIAN_POINT ( 'NONE',  ( -0.1999999999999999800, 0.6750000000000000400, -0.3000000000000000400 ) ) ;
#2134 = AXIS2_PLACEMENT_3D ( 'NONE', #2718, #35, #2311 ) ;
#2135 = VECTOR ( 'NONE', #981, 1000.000000000000000 ) ;
#2136 = DIRECTION ( 'NONE',  ( 0.0000000000000000000, -1.000000000000000000, 0.0000000000000000000 ) ) ;
#2137 = DIRECTION ( 'NONE',  ( 0.0000000000000000000, 0.0000000000000000000, 1.000000000000000000 ) ) ;
#2138 = FACE_OUTER_BOUND ( 'NONE', #2098, .T. ) ;
#2139 = DIRECTION ( 'NONE',  ( 0.0000000000000000000, -2.168404344971012800E-015, 1.000000000000000000 ) ) ;
#2140 = CARTESIAN_POINT ( 'NONE',  ( 0.1749999999999998200, 0.02499999999999995600, 0.4000000000000004100 ) ) ;
#2141 = ADVANCED_FACE ( 'NONE', ( #1918 ), #515, .T. ) ;
#2142 = EDGE_CURVE ( 'NONE', #81, #1473, #1615, .T. ) ;
#2143 = CIRCLE ( 'NONE', #1197, 0.02500000000000001200 ) ;
#2144 = DIRECTION ( 'NONE',  ( -1.000000000000000000, 0.0000000000000000000, 0.0000000000000000000 ) ) ;
#2145 = DIRECTION ( 'NONE',  ( 0.0000000000000000000, 1.761828530288943900E-015, -1.000000000000000000 ) ) ;
#2146 = ORIENTED_EDGE ( 'NONE', *, *, #913, .F. ) ;
#2147 = VECTOR ( 'NONE', #894, 1000.000000000000000 ) ;
#2148 = ORIENTED_EDGE ( 'NONE', *, *, #913, .T. ) ;
#2149 = ORIENTED_EDGE ( 'NONE', *, *, #2164, .T. ) ;
#2150 = ADVANCED_FACE ( 'NONE', ( #2570 ), #1051, .F. ) ;
#2151 = ORIENTED_EDGE ( 'NONE', *, *, #765, .T. ) ;
#2152 = DIRECTION ( 'NONE',  ( 1.000000000000000000, -0.0000000000000000000, -1.355252715606880500E-016 ) ) ;
#2153 = VERTEX_POINT ( 'NONE', #253 ) ;
#2154 = ORIENTED_EDGE ( 'NONE', *, *, #2488, .T. ) ;
#2155 = CARTESIAN_POINT ( 'NONE',  ( 0.7250000000000003100, 0.02500000000000000100, 0.3750000000000002200 ) ) ;
#2156 = ORIENTED_EDGE ( 'NONE', *, *, #1067, .F. ) ;
#2157 = VECTOR ( 'NONE', #26, 1000.000000000000000 ) ;
#2158 = ORIENTED_EDGE ( 'NONE', *, *, #1489, .F. ) ;
#2159 = EDGE_CURVE ( 'NONE', #1680, #2091, #2130, .T. ) ;
#2160 = DIRECTION ( 'NONE',  ( 0.0000000000000000000, 0.0000000000000000000, 1.000000000000000000 ) ) ;
#2161 = ORIENTED_EDGE ( 'NONE', *, *, #858, .T. ) ;
#2162 = PRESENTATION_STYLE_ASSIGNMENT (( #1985 ) ) ;
#2163 = VECTOR ( 'NONE', #1620, 1000.000000000000000 ) ;
#2164 = EDGE_CURVE ( 'NONE', #2330, #1254, #357, .T. ) ;
#2165 = DIRECTION ( 'NONE',  ( -1.000000000000000000, 0.0000000000000000000, 0.0000000000000000000 ) ) ;
#2166 = VECTOR ( 'NONE', #348, 1000.000000000000000 ) ;
#2167 = CARTESIAN_POINT ( 'NONE',  ( -0.7250000000000004200, 0.6999999999999999600, -0.3750000000000000600 ) ) ;
#2168 = CARTESIAN_POINT ( 'NONE',  ( 0.1999999999999999800, 0.6750000000000000400, -0.3750000000000000600 ) ) ;
#2169 = DIRECTION ( 'NONE',  ( 1.000000000000000000, 0.0000000000000000000, 0.0000000000000000000 ) ) ;
#2170 = CARTESIAN_POINT ( 'NONE',  ( 0.7000000000000002900, 0.02500000000000001200, -0.3750000000000000600 ) ) ;
#2171 = EDGE_CURVE ( 'NONE', #482, #2451, #1783, .T. ) ;
#2172 = CARTESIAN_POINT ( 'NONE',  ( -0.7000000000000002900, 0.6750000000000000400, 0.3750000000000000000 ) ) ;
#2173 = CARTESIAN_POINT ( 'NONE',  ( 0.1999999999999999300, 0.02499999999999995600, 0.3000000000000004300 ) ) ;
#2174 = CYLINDRICAL_SURFACE ( 'NONE', #989, 0.02500000000000001200 ) ;
#2175 = ADVANCED_FACE ( 'NONE', ( #57 ), #1503, .F. ) ;
#2176 = EDGE_CURVE ( 'NONE', #1567, #2469, #1224, .T. ) ;
#2177 = EDGE_LOOP ( 'NONE', ( #2317, #2242, #1474, #2657 ) ) ;
#2178 = FACE_OUTER_BOUND ( 'NONE', #355, .T. ) ;
#2179 = VERTEX_POINT ( 'NONE', #2552 ) ;
#2180 = AXIS2_PLACEMENT_3D ( 'NONE', #292, #698, #2145 ) ;
#2181 = EDGE_LOOP ( 'NONE', ( #1281, #1746, #936, #2094 ) ) ;
#2182 = ORIENTED_EDGE ( 'NONE', *, *, #2114, .F. ) ;
#2183 = DIRECTION ( 'NONE',  ( -4.336808689942015400E-015, 0.0000000000000000000, 1.000000000000000000 ) ) ;
#2184 = EDGE_LOOP ( 'NONE', ( #121, #2326, #50, #1913 ) ) ;
#2185 = EDGE_LOOP ( 'NONE', ( #671, #1976, #82, #898 ) ) ;
#2186 = VERTEX_POINT ( 'NONE', #1957 ) ;
#2187 = ORIENTED_EDGE ( 'NONE', *, *, #2355, .T. ) ;
#2188 = DIRECTION ( 'NONE',  ( -1.000000000000000000, -0.0000000000000000000, -0.0000000000000000000 ) ) ;
#2189 = LINE ( 'NONE', #2417, #2707 ) ;
#2190 = ORIENTED_EDGE ( 'NONE', *, *, #1664, .F. ) ;
#2191 = ADVANCED_FACE ( 'NONE', ( #1687 ), #122, .T. ) ;
#2192 = DIRECTION ( 'NONE',  ( -2.710505431213761600E-016, -0.0000000000000000000, -1.000000000000000000 ) ) ;
#2193 = DIRECTION ( 'NONE',  ( 2.168404344971007700E-015, 0.0000000000000000000, 1.000000000000000000 ) ) ;
#2194 = EDGE_CURVE ( 'NONE', #1544, #1598, #675, .T. ) ;
#2195 = DIRECTION ( 'NONE',  ( -4.336808689942015400E-015, 0.0000000000000000000, -1.000000000000000000 ) ) ;
#2196 = FACE_OUTER_BOUND ( 'NONE', #508, .T. ) ;
#2197 = AXIS2_PLACEMENT_3D ( 'NONE', #775, #100, #372 ) ;
#2198 = CARTESIAN_POINT ( 'NONE',  ( -0.1749999999999999600, 0.6999999999999999600, -0.3250000000000000700 ) ) ;
#2199 = DIRECTION ( 'NONE',  ( -1.000000000000000000, 0.0000000000000000000, -1.084202172485506200E-015 ) ) ;
#2200 = PLANE ( 'NONE',  #586 ) ;
#2201 = CARTESIAN_POINT ( 'NONE',  ( -0.7000000000000002900, 0.6750000000000000400, -0.3750000000000000600 ) ) ;
#2202 = ADVANCED_FACE ( 'NONE', ( #462 ), #609, .T. ) ;
#2203 = VECTOR ( 'NONE', #1426, 1000.000000000000000 ) ;
#2204 = DIRECTION ( 'NONE',  ( 4.336808689942015400E-015, 0.0000000000000000000, -1.000000000000000000 ) ) ;
#2205 = CARTESIAN_POINT ( 'NONE',  ( 0.7250000000000002000, 0.6750000000000000400, 0.3750000000000002200 ) ) ;
#2206 = CARTESIAN_POINT ( 'NONE',  ( -5.082197683525802700E-017, 0.02500000000000000100, -0.3750000000000000600 ) ) ;
#2207 = EDGE_CURVE ( 'NONE', #116, #482, #1294, .T. ) ;
#2208 = VECTOR ( 'NONE', #1607, 1000.000000000000000 ) ;
#2209 = PLANE ( 'NONE',  #2691 ) ;
#2210 = ORIENTED_EDGE ( 'NONE', *, *, #63, .F. ) ;
#2211 = AXIS2_PLACEMENT_3D ( 'NONE', #1694, #2719, #855 ) ;
#2212 = ORIENTED_EDGE ( 'NONE', *, *, #2309, .T. ) ;
#2213 = ORIENTED_EDGE ( 'NONE', *, *, #2557, .F. ) ;
#2214 = DIRECTION ( 'NONE',  ( 0.0000000000000000000, 0.0000000000000000000, -1.000000000000000000 ) ) ;
#2215 = ORIENTED_EDGE ( 'NONE', *, *, #2454, .T. ) ;
#2216 = DIRECTION ( 'NONE',  ( -1.084202172485506200E-015, 0.0000000000000000000, 1.000000000000000000 ) ) ;
#2217 = ADVANCED_FACE ( 'NONE', ( #1514 ), #2262, .T. ) ;
#2218 = EDGE_LOOP ( 'NONE', ( #691, #696, #854, #1307 ) ) ;
#2219 = DIRECTION ( 'NONE',  ( -1.000000000000000000, -0.0000000000000000000, 1.355252715606880500E-016 ) ) ;
#2220 = ORIENTED_EDGE ( 'NONE', *, *, #2176, .F. ) ;
#2221 = CARTESIAN_POINT ( 'NONE',  ( -0.2000000000000000900, 0.6750000000000000400, 0.3000000000000002100 ) ) ;
#2222 = ORIENTED_EDGE ( 'NONE', *, *, #1890, .F. ) ;
#2223 = ORIENTED_EDGE ( 'NONE', *, *, #2266, .F. ) ;
#2224 = CARTESIAN_POINT ( 'NONE',  ( -0.1999999999999999800, 0.02500000000000001200, -0.3750000000000000600 ) ) ;
#2225 = ORIENTED_EDGE ( 'NONE', *, *, #528, .T. ) ;
#2226 = VECTOR ( 'NONE', #2380, 1000.000000000000000 ) ;
#2227 = VERTEX_POINT ( 'NONE', #1738 ) ;
#2228 = VECTOR ( 'NONE', #1529, 1000.000000000000000 ) ;
#2229 = SPHERICAL_SURFACE ( 'NONE', #1437, 0.02500000000000000100 ) ;
#2230 = CARTESIAN_POINT ( 'NONE',  ( -0.1896446609406725600, 0.6999999999999998400, -0.3103553390593273300 ) ) ;
#2231 = DIRECTION ( 'NONE',  ( -4.336808689942025600E-015, 1.000000000000000000, 0.0000000000000000000 ) ) ;
#2232 = CYLINDRICAL_SURFACE ( 'NONE', #1814, 0.02500000000000001200 ) ;
#2233 = VECTOR ( 'NONE', #1010, 1000.000000000000000 ) ;
#2234 = CIRCLE ( 'NONE', #2478, 0.02500000000000001200 ) ;
#2235 = EDGE_CURVE ( 'NONE', #537, #2469, #395, .T. ) ;
#2236 = CARTESIAN_POINT ( 'NONE',  ( -0.1999999999999999000, 0.6999999999999999600, 5.421010862427520300E-017 ) ) ;
#2237 = ADVANCED_FACE ( 'NONE', ( #796 ), #1547, .T. ) ;
#2238 = AXIS2_PLACEMENT_3D ( 'NONE', #1478, #1258, #865 ) ;
#2239 = CARTESIAN_POINT ( 'NONE',  ( 0.7750000000000000200, 0.0000000000000000000, 0.3750000000000001100 ) ) ;
#2240 = AXIS2_PLACEMENT_3D ( 'NONE', #778, #1590, #167 ) ;
#2241 = FACE_OUTER_BOUND ( 'NONE', #2181, .T. ) ;
#2242 = ORIENTED_EDGE ( 'NONE', *, *, #651, .F. ) ;
#2243 = DIRECTION ( 'NONE',  ( -1.000000000000000000, 0.0000000000000000000, -6.776263578034402700E-016 ) ) ;
#2244 = CYLINDRICAL_SURFACE ( 'NONE', #1243, 0.02499999999999995600 ) ;
#2245 = CARTESIAN_POINT ( 'NONE',  ( 0.1999999999999999300, 0.02499999999999995600, 0.3000000000000004300 ) ) ;
#2246 = EDGE_CURVE ( 'NONE', #1186, #21, #1155, .T. ) ;
#2247 = ORIENTED_EDGE ( 'NONE', *, *, #1919, .F. ) ;
#2248 = DIRECTION ( 'NONE',  ( -0.0000000000000000000, -1.000000000000000000, -0.0000000000000000000 ) ) ;
#2249 = ORIENTED_EDGE ( 'NONE', *, *, #2159, .F. ) ;
#2250 = ORIENTED_EDGE ( 'NONE', *, *, #549, .T. ) ;
#2251 = AXIS2_PLACEMENT_3D ( 'NONE', #565, #1379, #960 ) ;
#2252 = ORIENTED_EDGE ( 'NONE', *, *, #1266, .T. ) ;
#2253 = ORIENTED_EDGE ( 'NONE', *, *, #330, .F. ) ;
#2254 = ORIENTED_EDGE ( 'NONE', *, *, #1842, .T. ) ;
#2255 = LINE ( 'NONE', #1265, #2157 ) ;
#2256 = AXIS2_PLACEMENT_3D ( 'NONE', #1490, #1476, #244 ) ;
#2257 = DIRECTION ( 'NONE',  ( -1.355252715606880500E-016, 0.0000000000000000000, -1.000000000000000000 ) ) ;
#2258 = CARTESIAN_POINT ( 'NONE',  ( 0.7750000000000000200, 0.6999999999999999600, 0.3750000000000000600 ) ) ;
#2259 = VERTEX_POINT ( 'NONE', #689 ) ;
#2260 = PLANE ( 'NONE',  #447 ) ;
#2261 = ORIENTED_EDGE ( 'NONE', *, *, #63, .T. ) ;
#2262 = CYLINDRICAL_SURFACE ( 'NONE', #2588, 0.02500000000000001200 ) ;
#2263 = CIRCLE ( 'NONE', #538, 0.02500000000000001200 ) ;
#2264 = CIRCLE ( 'NONE', #2652, 0.02500000000000001200 ) ;
#2265 = CARTESIAN_POINT ( 'NONE',  ( -2.202285662861182900E-016, 0.02500000000000000100, 0.3250000000000002900 ) ) ;
#2266 = EDGE_CURVE ( 'NONE', #1076, #1707, #2470, .T. ) ;
#2267 = DIRECTION ( 'NONE',  ( 0.0000000000000000000, 0.0000000000000000000, 1.000000000000000000 ) ) ;
#2268 = DIRECTION ( 'NONE',  ( -0.0000000000000000000, 1.000000000000000000, -0.0000000000000000000 ) ) ;
#2269 = DIRECTION ( 'NONE',  ( -1.000000000000000000, -0.0000000000000000000, -4.336808689942006700E-015 ) ) ;
#2270 = EDGE_CURVE ( 'NONE', #893, #245, #967, .T. ) ;
#2271 = CARTESIAN_POINT ( 'NONE',  ( -0.2000000000000000100, 0.02499999999999995600, -0.3750000000000000600 ) ) ;
#2272 = DIRECTION ( 'NONE',  ( 0.0000000000000000000, 1.000000000000000000, 0.0000000000000000000 ) ) ;
#2273 = LINE ( 'NONE', #201, #747 ) ;
#2274 = AXIS2_PLACEMENT_3D ( 'NONE', #178, #1167, #367 ) ;
#2275 = DIRECTION ( 'NONE',  ( -1.000000000000000000, -9.403954806578295900E-030, -4.336808689942016200E-015 ) ) ;
#2276 = DIRECTION ( 'NONE',  ( 1.000000000000000000, -0.0000000000000000000, 0.0000000000000000000 ) ) ;
#2277 = VECTOR ( 'NONE', #1742, 1000.000000000000000 ) ;
#2278 = ORIENTED_EDGE ( 'NONE', *, *, #595, .F. ) ;
#2279 = LINE ( 'NONE', #1682, #1671 ) ;
#2280 = DIRECTION ( 'NONE',  ( 1.000000000000000000, 0.0000000000000000000, 8.131516293641279300E-016 ) ) ;
#2281 = ORIENTED_EDGE ( 'NONE', *, *, #1700, .T. ) ;
#2282 = CARTESIAN_POINT ( 'NONE',  ( -0.7750000000000002400, 0.6999999999999999600, -0.4000000000000000200 ) ) ;
#2283 = PLANE ( 'NONE',  #32 ) ;
#2284 = EDGE_CURVE ( 'NONE', #156, #1249, #2709, .T. ) ;
#2285 = ORIENTED_EDGE ( 'NONE', *, *, #730, .T. ) ;
#2286 = DIRECTION ( 'NONE',  ( 1.000000000000000000, 0.0000000000000000000, 0.0000000000000000000 ) ) ;
#2287 = ORIENTED_EDGE ( 'NONE', *, *, #938, .F. ) ;
#2288 = CARTESIAN_POINT ( 'NONE',  ( 0.7250000000000002000, 0.02500000000000000100, -0.3750000000000004400 ) ) ;
#2289 = ORIENTED_EDGE ( 'NONE', *, *, #1382, .F. ) ;
#2290 = AXIS2_PLACEMENT_3D ( 'NONE', #2450, #212, #1202 ) ;
#2291 = VERTEX_POINT ( 'NONE', #525 ) ;
#2292 = CARTESIAN_POINT ( 'NONE',  ( 0.1749999999999998500, 0.6999999999999999600, 0.3750000000000004400 ) ) ;
#2293 = EDGE_LOOP ( 'NONE', ( #1877, #988, #2289, #993 ) ) ;
#2294 = VECTOR ( 'NONE', #10, 1000.000000000000000 ) ;
#2295 = DIRECTION ( 'NONE',  ( -1.000000000000000000, -9.403954806578312700E-030, -4.336808689942016200E-015 ) ) ;
#2296 =( GEOMETRIC_REPRESENTATION_CONTEXT ( 3 ) GLOBAL_UNCERTAINTY_ASSIGNED_CONTEXT ( ( #457 ) ) GLOBAL_UNIT_ASSIGNED_CONTEXT ( ( #2112, #1888, #15 ) ) REPRESENTATION_CONTEXT ( 'NONE', 'WORKASPACE' ) );
#2297 = DIRECTION ( 'NONE',  ( -1.000000000000000000, 0.0000000000000000000, -6.776263578034402700E-016 ) ) ;
#2298 = ORIENTED_EDGE ( 'NONE', *, *, #1393, .T. ) ;
#2299 = FACE_OUTER_BOUND ( 'NONE', #964, .T. ) ;
#2300 = CARTESIAN_POINT ( 'NONE',  ( -0.8000000000000001600, 0.6999999999999999600, -0.3750000000000000000 ) ) ;
#2301 = LINE ( 'NONE', #1178, #763 ) ;
#2302 = DIRECTION ( 'NONE',  ( 0.0000000000000000000, -0.0000000000000000000, 1.000000000000000000 ) ) ;
#2303 =( NAMED_UNIT ( * ) PLANE_ANGLE_UNIT ( ) SI_UNIT ( $, .RADIAN. ) );
#2304 = CYLINDRICAL_SURFACE ( 'NONE', #1900, 0.02499999999999995600 ) ;
#2305 = DIRECTION ( 'NONE',  ( 0.0000000000000000000, 0.0000000000000000000, -1.000000000000000000 ) ) ;
#2306 = EDGE_CURVE ( 'NONE', #2328, #480, #2007, .T. ) ;
#2307 = CARTESIAN_POINT ( 'NONE',  ( 0.7999999999999999300, 0.02499999999999995600, 0.3750000000000000600 ) ) ;
#2308 = CARTESIAN_POINT ( 'NONE',  ( 0.0000000000000000000, 0.0000000000000000000, 0.0000000000000000000 ) ) ;
#2309 = EDGE_CURVE ( 'NONE', #287, #2328, #260, .T. ) ;
#2310 = DIRECTION ( 'NONE',  ( -4.336808689942015400E-015, 0.0000000000000000000, 1.000000000000000000 ) ) ;
#2311 = DIRECTION ( 'NONE',  ( 1.000000000000000000, 0.0000000000000000000, 0.0000000000000000000 ) ) ;
#2312 = DIRECTION ( 'NONE',  ( -0.0000000000000000000, -1.000000000000000000, -0.0000000000000000000 ) ) ;
#2313 = AXIS2_PLACEMENT_3D ( 'NONE', #2057, #205, #390 ) ;
#2314 = EDGE_LOOP ( 'NONE', ( #2156, #1154, #2222, #1767, #1433, #722, #1653, #1349, #85, #1127, #2387, #697 ) ) ;
#2315 = LINE ( 'NONE', #2201, #743 ) ;
#2316 = DIRECTION ( 'NONE',  ( 0.0000000000000000000, -1.000000000000000000, 0.0000000000000000000 ) ) ;
#2317 = ORIENTED_EDGE ( 'NONE', *, *, #39, .T. ) ;
#2318 = EDGE_CURVE ( 'NONE', #631, #1380, #431, .T. ) ;
#2319 = DIRECTION ( 'NONE',  ( 1.000000000000000000, 0.0000000000000000000, 0.0000000000000000000 ) ) ;
#2320 = ORIENTED_EDGE ( 'NONE', *, *, #2081, .F. ) ;
#2321 = EDGE_LOOP ( 'NONE', ( #1909, #2154, #1577 ) ) ;
#2322 = ORIENTED_EDGE ( 'NONE', *, *, #520, .T. ) ;
#2323 = ORIENTED_EDGE ( 'NONE', *, *, #2581, .F. ) ;
#2324 = EDGE_CURVE ( 'NONE', #1380, #2529, #1578, .T. ) ;
#2325 = CARTESIAN_POINT ( 'NONE',  ( 0.7250000000000003100, 0.6999999999999999600, -0.4000000000000004700 ) ) ;
#2326 = ORIENTED_EDGE ( 'NONE', *, *, #351, .T. ) ;
#2327 = FACE_OUTER_BOUND ( 'NONE', #2664, .T. ) ;
#2328 = VERTEX_POINT ( 'NONE', #1157 ) ;
#2329 = CARTESIAN_POINT ( 'NONE',  ( 0.7000000000000002900, 0.02500000000000001200, 0.3750000000000000000 ) ) ;
#2330 = VERTEX_POINT ( 'NONE', #1977 ) ;
#2331 = VECTOR ( 'NONE', #1935, 1000.000000000000000 ) ;
#2332 = AXIS2_PLACEMENT_3D ( 'NONE', #182, #1387, #1824 ) ;
#2333 = DIRECTION ( 'NONE',  ( 0.0000000000000000000, 1.000000000000000000, 0.0000000000000000000 ) ) ;
#2334 = FACE_OUTER_BOUND ( 'NONE', #1836, .T. ) ;
#2335 = AXIS2_PLACEMENT_3D ( 'NONE', #2050, #2272, #1838 ) ;
#2336 = DIRECTION ( 'NONE',  ( -0.0000000000000000000, -1.000000000000000000, -0.0000000000000000000 ) ) ;
#2337 = DIRECTION ( 'NONE',  ( -7.228014483236731100E-016, -0.0000000000000000000, 1.000000000000000000 ) ) ;
#2338 = DIRECTION ( 'NONE',  ( 0.0000000000000000000, 1.000000000000000000, 0.0000000000000000000 ) ) ;
#2339 =( BOUNDED_CURVE ( )  B_SPLINE_CURVE ( 3, ( #923, #331, #523, #2173 ),
 .UNSPECIFIED., .F., .T. ) 
 B_SPLINE_CURVE_WITH_KNOTS ( ( 4, 4 ),
 ( 1.570796326794896100, 3.141592653589792200 ),
 .UNSPECIFIED. ) 
 CURVE ( )  GEOMETRIC_REPRESENTATION_ITEM ( )  RATIONAL_B_SPLINE_CURVE ( ( 1.000000000000000000, 0.8047378541243650500, 0.8047378541243650500, 1.000000000000000000 ) ) 
 REPRESENTATION_ITEM ( '' )  );
#2340 = EDGE_CURVE ( 'NONE', #2451, #314, #1061, .T. ) ;
#2341 = DIRECTION ( 'NONE',  ( -1.000000000000000000, 0.0000000000000000000, 2.710505431213759600E-016 ) ) ;
#2342 = AXIS2_PLACEMENT_3D ( 'NONE', #686, #1515, #2137 ) ;
#2343 = DIRECTION ( 'NONE',  ( 0.0000000000000000000, -1.000000000000000000, 0.0000000000000000000 ) ) ;
#2344 = DIRECTION ( 'NONE',  ( -1.000000000000000000, 0.0000000000000000000, 0.0000000000000000000 ) ) ;
#2345 = LINE ( 'NONE', #1929, #916 ) ;
#2346 = FACE_OUTER_BOUND ( 'NONE', #2558, .T. ) ;
#2347 = AXIS2_PLACEMENT_3D ( 'NONE', #806, #2028, #2449 ) ;
#2348 = ADVANCED_FACE ( 'NONE', ( #1417 ), #2590, .T. ) ;
#2349 = ORIENTED_EDGE ( 'NONE', *, *, #2711, .T. ) ;
#2350 = CARTESIAN_POINT ( 'NONE',  ( -0.7750000000000002400, 0.0000000000000000000, 0.4000000000000001300 ) ) ;
#2351 = DIRECTION ( 'NONE',  ( 5.421010862427522200E-016, 0.0000000000000000000, -1.000000000000000000 ) ) ;
#2352 = ORIENTED_EDGE ( 'NONE', *, *, #101, .T. ) ;
#2353 = CARTESIAN_POINT ( 'NONE',  ( -0.7250000000000003100, 0.6750000000000000400, -0.3750000000000000600 ) ) ;
#2354 = EDGE_LOOP ( 'NONE', ( #349, #1706, #886, #183 ) ) ;
#2355 = EDGE_CURVE ( 'NONE', #380, #1212, #1029, .T. ) ;
#2356 = DIRECTION ( 'NONE',  ( 2.710505431213761600E-016, 0.0000000000000000000, 1.000000000000000000 ) ) ;
#2357 = ORIENTED_EDGE ( 'NONE', *, *, #2581, .T. ) ;
#2358 = ORIENTED_EDGE ( 'NONE', *, *, #242, .T. ) ;
#2359 = ORIENTED_EDGE ( 'NONE', *, *, #1919, .T. ) ;
#2360 = FACE_OUTER_BOUND ( 'NONE', #1969, .T. ) ;
#2361 = AXIS2_PLACEMENT_3D ( 'NONE', #2092, #845, #1271 ) ;
#2362 = DIRECTION ( 'NONE',  ( -1.000000000000000000, -0.0000000000000000000, 1.355252715606880500E-016 ) ) ;
#2363 = COLOUR_RGB ( '',0.7921568627450980000, 0.8196078431372548800, 0.9333333333333333500 ) ;
#2364 = DIRECTION ( 'NONE',  ( 0.0000000000000000000, 1.000000000000000000, -2.168404344971008900E-015 ) ) ;
#2365 = VECTOR ( 'NONE', #415, 1000.000000000000000 ) ;
#2366 = VECTOR ( 'NONE', #2192, 1000.000000000000000 ) ;
#2367 = DIRECTION ( 'NONE',  ( 0.0000000000000000000, 1.000000000000000000, 0.0000000000000000000 ) ) ;
#2368 = CARTESIAN_POINT ( 'NONE',  ( -0.1750000000000001000, 0.0000000000000000000, 0.3250000000000001800 ) ) ;
#2369 = DIRECTION ( 'NONE',  ( 0.0000000000000000000, -2.168404344971012400E-015, -1.000000000000000000 ) ) ;
#2370 = MANIFOLD_SOLID_BREP ( 'Housing ', #1377 ) ;
#2371 = CARTESIAN_POINT ( 'NONE',  ( -0.7250000000000003100, 0.02499999999999995600, 0.3750000000000002800 ) ) ;
#2372 = CARTESIAN_POINT ( 'NONE',  ( 0.7000000000000001800, 0.6999999999999999600, 0.3750000000000002200 ) ) ;
#2373 = ADVANCED_FACE ( 'NONE', ( #868 ), #2397, .T. ) ;
#2374 = EDGE_CURVE ( 'NONE', #1804, #380, #1647, .T. ) ;
#2375 = FACE_OUTER_BOUND ( 'NONE', #428, .T. ) ;
#2376 = SURFACE_SIDE_STYLE ('',( #22 ) ) ;
#2377 = CARTESIAN_POINT ( 'NONE',  ( -0.1749999999999998800, 0.0000000000000000000, 4.743384504624079400E-017 ) ) ;
#2378 = ORIENTED_EDGE ( 'NONE', *, *, #473, .F. ) ;
#2379 = PRODUCT ( 'YFF18SC1H102M', 'YFF18SC1H102M', '', ( #263 ) ) ;
#2380 = DIRECTION ( 'NONE',  ( -0.0000000000000000000, -1.000000000000000000, -0.0000000000000000000 ) ) ;
#2381 = ORIENTED_EDGE ( 'NONE', *, *, #2505, .F. ) ;
#2382 = AXIS2_PLACEMENT_3D ( 'NONE', #1033, #1237, #404 ) ;
#2383 = EDGE_LOOP ( 'NONE', ( #394, #2287, #2190, #1348 ) ) ;
#2384 = DIRECTION ( 'NONE',  ( 0.0000000000000000000, 0.0000000000000000000, 1.000000000000000000 ) ) ;
#2385 = ORIENTED_EDGE ( 'NONE', *, *, #1344, .T. ) ;
#2386 = CARTESIAN_POINT ( 'NONE',  ( 0.7750000000000000200, 0.6750000000000000400, 0.3750000000000000600 ) ) ;
#2387 = ORIENTED_EDGE ( 'NONE', *, *, #133, .F. ) ;
#2388 = CARTESIAN_POINT ( 'NONE',  ( 0.1750000000000000200, 0.0000000000000000000, -0.3000000000000001000 ) ) ;
#2389 = ADVANCED_FACE ( 'NONE', ( #1856 ), #333, .T. ) ;
#2390 = ORIENTED_EDGE ( 'NONE', *, *, #2613, .T. ) ;
#2391 = ORIENTED_EDGE ( 'NONE', *, *, #2596, .T. ) ;
#2392 = LINE ( 'NONE', #995, #2226 ) ;
#2393 = ORIENTED_EDGE ( 'NONE', *, *, #932, .T. ) ;
#2394 = DIRECTION ( 'NONE',  ( -2.710505431213761600E-016, 0.0000000000000000000, -1.000000000000000000 ) ) ;
#2395 = EDGE_CURVE ( 'NONE', #1902, #1707, #31, .T. ) ;
#2396 = VERTEX_POINT ( 'NONE', #2410 ) ;
#2397 = SPHERICAL_SURFACE ( 'NONE', #887, 0.02500000000000000100 ) ;
#2398 = VECTOR ( 'NONE', #2248, 1000.000000000000000 ) ;
#2399 = EDGE_CURVE ( 'NONE', #2531, #1596, #1135, .T. ) ;
#2400 = DIRECTION ( 'NONE',  ( 1.000000000000000000, 0.0000000000000000000, 2.168404344971012800E-015 ) ) ;
#2401 = VECTOR ( 'NONE', #1263, 1000.000000000000000 ) ;
#2402 = DIRECTION ( 'NONE',  ( 0.0000000000000000000, -1.000000000000000000, 0.0000000000000000000 ) ) ;
#2403 = FACE_OUTER_BOUND ( 'NONE', #42, .T. ) ;
#2404 = DIRECTION ( 'NONE',  ( 0.0000000000000000000, 0.0000000000000000000, 1.000000000000000000 ) ) ;
#2405 =( GEOMETRIC_REPRESENTATION_CONTEXT ( 3 ) GLOBAL_UNCERTAINTY_ASSIGNED_CONTEXT ( ( #1597 ) ) GLOBAL_UNIT_ASSIGNED_CONTEXT ( ( #725, #1341, #2624 ) ) REPRESENTATION_CONTEXT ( 'NONE', 'WORKASPACE' ) );
#2406 = CARTESIAN_POINT ( 'NONE',  ( -0.1750000000000001300, 0.6750000000000000400, 0.3750000000000001700 ) ) ;
#2407 = DIRECTION ( 'NONE',  ( 0.0000000000000000000, 0.0000000000000000000, -1.000000000000000000 ) ) ;
#2408 = ADVANCED_FACE ( 'NONE', ( #2642 ), #2083, .T. ) ;
#2409 = CYLINDRICAL_SURFACE ( 'NONE', #2721, 0.02499999999999995600 ) ;
#2410 = CARTESIAN_POINT ( 'NONE',  ( -0.2000000000000001500, 0.02500000000000000100, 0.3750000000000001700 ) ) ;
#2411 = CARTESIAN_POINT ( 'NONE',  ( 0.7250000000000003100, 0.02499999999999995600, 0.4000000000000002400 ) ) ;
#2412 = EDGE_CURVE ( 'NONE', #664, #314, #1525, .T. ) ;
#2413 = CARTESIAN_POINT ( 'NONE',  ( -0.7750000000000002400, 0.6750000000000000400, 0.3750000000000001100 ) ) ;
#2414 = FACE_OUTER_BOUND ( 'NONE', #1175, .T. ) ;
#2415 = EDGE_CURVE ( 'NONE', #86, #142, #1461, .T. ) ;
#2416 = FACE_OUTER_BOUND ( 'NONE', #790, .T. ) ;
#2417 = CARTESIAN_POINT ( 'NONE',  ( -0.1749999999999999900, 0.6999999999999999600, -0.4000000000000000800 ) ) ;
#2418 = COLOUR_RGB ( '',0.7921568627450980000, 0.8196078431372548800, 0.9333333333333333500 ) ;
#2419 = AXIS2_PLACEMENT_3D ( 'NONE', #1306, #1110, #1527 ) ;
#2420 = CARTESIAN_POINT ( 'NONE',  ( -0.7750000000000002400, 0.6750000000000000400, 0.3750000000000000600 ) ) ;
#2421 = ADVANCED_FACE ( 'NONE', ( #1332 ), #2409, .T. ) ;
#2422 = CARTESIAN_POINT ( 'NONE',  ( 0.1750000000000001600, 0.0000000000000000000, 1.423015351387226300E-016 ) ) ;
#2423 = EDGE_LOOP ( 'NONE', ( #1772, #933, #793, #1974 ) ) ;
#2424 = EDGE_LOOP ( 'NONE', ( #505, #1708, #531, #2359 ) ) ;
#2425 = CARTESIAN_POINT ( 'NONE',  ( 0.7000000000000002900, 0.6750000000000000400, 0.3750000000000000000 ) ) ;
#2426 = CARTESIAN_POINT ( 'NONE',  ( -4.065758146820658400E-016, 0.6750000000000000400, -0.3750000000000008900 ) ) ;
#2427 = VERTEX_POINT ( 'NONE', #1616 ) ;
#2428 = CLOSED_SHELL ( 'NONE', ( #1012, #1806, #1996, #2658, #1627, #961, #359, #2021, #1855, #1136, #2634, #284, #161, #2607, #2202, #1427, #1517, #1795, #2618, #1611 ) ) ;
#2429 = ORIENTED_EDGE ( 'NONE', *, *, #2671, .T. ) ;
#2430 = VECTOR ( 'NONE', #1454, 1000.000000000000000 ) ;
#2431 = DIRECTION ( 'NONE',  ( 4.336808689942015400E-015, 0.0000000000000000000, 1.000000000000000000 ) ) ;
#2432 = DIRECTION ( 'NONE',  ( -1.000000000000000000, 0.0000000000000000000, 1.355252715606880500E-016 ) ) ;
#2433 = CARTESIAN_POINT ( 'NONE',  ( 0.1999999999999999300, 0.6896446609406726700, 0.3000000000000004300 ) ) ;
#2434 = CIRCLE ( 'NONE', #645, 0.02500000000000001200 ) ;
#2435 = EDGE_CURVE ( 'NONE', #600, #2468, #332, .T. ) ;
#2436 = ADVANCED_FACE ( 'NONE', ( #169 ), #1009, .T. ) ;
#2437 = VECTOR ( 'NONE', #1412, 1000.000000000000000 ) ;
#2438 = CIRCLE ( 'NONE', #690, 0.02500000000000001200 ) ;
#2439 = DIRECTION ( 'NONE',  ( -1.000000000000000000, 0.0000000000000000000, 0.0000000000000000000 ) ) ;
#2440 = DIRECTION ( 'NONE',  ( 1.084202172485505800E-015, 0.0000000000000000000, 1.000000000000000000 ) ) ;
#2441 = CARTESIAN_POINT ( 'NONE',  ( 0.1896446609406726200, 0.6999999999999999600, -0.3103553390593275000 ) ) ;
#2442 = CARTESIAN_POINT ( 'NONE',  ( -0.7750000000000002400, 0.6750000000000000400, -0.3750000000000000000 ) ) ;
#2443 = DIRECTION ( 'NONE',  ( 0.0000000000000000000, -1.000000000000000000, -0.0000000000000000000 ) ) ;
#2444 = CARTESIAN_POINT ( 'NONE',  ( 0.1749999999999999900, 0.6999999999999999600, -0.3750000000000000600 ) ) ;
#2445 = DIRECTION ( 'NONE',  ( -1.000000000000000000, 0.0000000000000000000, 1.084202172485506400E-015 ) ) ;
#2446 = ADVANCED_FACE ( 'NONE', ( #132 ), #1166, .T. ) ;
#2447 = EDGE_CURVE ( 'NONE', #2153, #81, #1928, .T. ) ;
#2448 = VECTOR ( 'NONE', #1177, 1000.000000000000000 ) ;
#2449 = DIRECTION ( 'NONE',  ( -1.000000000000000000, 0.0000000000000000000, 1.355252715606880500E-016 ) ) ;
#2450 = CARTESIAN_POINT ( 'NONE',  ( 0.1750000000000001000, 0.6750000000000000400, -4.743384504624085600E-017 ) ) ;
#2451 = VERTEX_POINT ( 'NONE', #761 ) ;
#2452 = DIRECTION ( 'NONE',  ( -1.000000000000000000, -4.336808689942016200E-015, -4.336808689942016200E-015 ) ) ;
#2453 = SPHERICAL_SURFACE ( 'NONE', #2647, 0.02500000000000000100 ) ;
#2454 = EDGE_CURVE ( 'NONE', #2259, #2528, #1494, .T. ) ;
#2455 = ORIENTED_EDGE ( 'NONE', *, *, #1723, .F. ) ;
#2456 = CARTESIAN_POINT ( 'NONE',  ( 0.7750000000000000200, 0.6999999999999999600, -0.4000000000000000200 ) ) ;
#2457 = ORIENTED_EDGE ( 'NONE', *, *, #805, .T. ) ;
#2458 = ORIENTED_EDGE ( 'NONE', *, *, #1981, .F. ) ;
#2459 =( BOUNDED_CURVE ( )  B_SPLINE_CURVE ( 3, ( #1007, #402, #1847, #1229 ),
 .UNSPECIFIED., .F., .T. ) 
 B_SPLINE_CURVE_WITH_KNOTS ( ( 4, 4 ),
 ( 0.0000000000000000000, 1.570796326794896600 ),
 .UNSPECIFIED. ) 
 CURVE ( )  GEOMETRIC_REPRESENTATION_ITEM ( )  RATIONAL_B_SPLINE_CURVE ( ( 1.000000000000000000, 0.8047378541243649400, 0.8047378541243649400, 1.000000000000000000 ) ) 
 REPRESENTATION_ITEM ( '' )  );
#2460 = DIRECTION ( 'NONE',  ( -1.000000000000000000, 0.0000000000000000000, -3.252606517456515700E-015 ) ) ;
#2461 = ORIENTED_EDGE ( 'NONE', *, *, #2454, .F. ) ;
#2462 = ORIENTED_EDGE ( 'NONE', *, *, #1993, .T. ) ;
#2463 = DIRECTION ( 'NONE',  ( 8.131516293641285200E-016, -0.0000000000000000000, -1.000000000000000000 ) ) ;
#2464 = CARTESIAN_POINT ( 'NONE',  ( 0.0000000000000000000, 0.0000000000000000000, 0.0000000000000000000 ) ) ;
#2465 = ORIENTED_EDGE ( 'NONE', *, *, #1534, .T. ) ;
#2466 = LINE ( 'NONE', #2350, #1914 ) ;
#2467 = ADVANCED_FACE ( 'NONE', ( #297 ), #965, .T. ) ;
#2468 = VERTEX_POINT ( 'NONE', #2198 ) ;
#2469 = VERTEX_POINT ( 'NONE', #1384 ) ;
#2470 = LINE ( 'NONE', #494, #544 ) ;
#2471 = CARTESIAN_POINT ( 'NONE',  ( -0.7250000000000003100, 0.6750000000000000400, 0.3750000000000002200 ) ) ;
#2472 = EDGE_CURVE ( 'NONE', #1221, #958, #542, .T. ) ;
#2473 = CARTESIAN_POINT ( 'NONE',  ( -1.301042606982614600E-015, 0.6999999999999999600, 0.4000000000000026300 ) ) ;
#2474 = FACE_OUTER_BOUND ( 'NONE', #1148, .T. ) ;
#2475 = DIRECTION ( 'NONE',  ( -8.131516293641285200E-016, 0.0000000000000000000, 1.000000000000000000 ) ) ;
#2476 = CARTESIAN_POINT ( 'NONE',  ( -0.7750000000000002400, 0.02500000000000000100, 0.3750000000000000600 ) ) ;
#2477 = EDGE_CURVE ( 'NONE', #1085, #380, #1576, .T. ) ;
#2478 = AXIS2_PLACEMENT_3D ( 'NONE', #2585, #891, #485 ) ;
#2479 = LINE ( 'NONE', #833, #1165 ) ;
#2480 = CARTESIAN_POINT ( 'NONE',  ( -0.2000000000000000900, 0.6750000000000000400, 0.3000000000000002100 ) ) ;
#2481 = CARTESIAN_POINT ( 'NONE',  ( 0.1999999999999999300, 0.6750000000000000400, 0.3000000000000004300 ) ) ;
#2482 = DIRECTION ( 'NONE',  ( 1.000000000000000000, 0.0000000000000000000, -7.228014483236699500E-016 ) ) ;
#2483 = DIRECTION ( 'NONE',  ( 0.0000000000000000000, 0.0000000000000000000, 1.000000000000000000 ) ) ;
#2484 = FACE_OUTER_BOUND ( 'NONE', #1284, .T. ) ;
#2485 = DIRECTION ( 'NONE',  ( 0.0000000000000000000, -1.000000000000000000, 2.168404344971012800E-015 ) ) ;
#2486 = LINE ( 'NONE', #2019, #1669 ) ;
#2487 = CARTESIAN_POINT ( 'NONE',  ( 0.7250000000000000900, 0.6999999999999999600, -0.3750000000000003900 ) ) ;
#2488 = EDGE_CURVE ( 'NONE', #532, #784, #1652, .T. ) ;
#2489 = ORIENTED_EDGE ( 'NONE', *, *, #1375, .T. ) ;
#2490 = DIRECTION ( 'NONE',  ( 6.776263578034399800E-016, 0.0000000000000000000, -1.000000000000000000 ) ) ;
#2491 = ORIENTED_EDGE ( 'NONE', *, *, #1414, .T. ) ;
#2492 = AXIS2_PLACEMENT_3D ( 'NONE', #1460, #1251, #2727 ) ;
#2493 = EDGE_LOOP ( 'NONE', ( #2281, #593, #419 ) ) ;
#2494 = DIRECTION ( 'NONE',  ( 8.131516293641285200E-016, -0.0000000000000000000, -1.000000000000000000 ) ) ;
#2495 = AXIS2_PLACEMENT_3D ( 'NONE', #1638, #1862, #1005 ) ;
#2496 = CARTESIAN_POINT ( 'NONE',  ( 0.0000000000000000000, 0.0000000000000000000, 0.0000000000000000000 ) ) ;
#2497 = ORIENTED_EDGE ( 'NONE', *, *, #2716, .F. ) ;
#2498 = DIRECTION ( 'NONE',  ( -0.0000000000000000000, -0.0000000000000000000, -1.000000000000000000 ) ) ;
#2499 = EDGE_LOOP ( 'NONE', ( #830, #1947, #52 ) ) ;
#2500 = VERTEX_POINT ( 'NONE', #1176 ) ;
#2501 = LINE ( 'NONE', #2072, #2430 ) ;
#2502 = VECTOR ( 'NONE', #979, 1000.000000000000000 ) ;
#2503 = FACE_OUTER_BOUND ( 'NONE', #1192, .T. ) ;
#2504 = CARTESIAN_POINT ( 'NONE',  ( -0.1999999999999999800, 0.02499999999999995600, -0.3000000000000000400 ) ) ;
#2505 = EDGE_CURVE ( 'NONE', #591, #186, #55, .T. ) ;
#2506 = CARTESIAN_POINT ( 'NONE',  ( -0.1749999999999999600, 0.6999999999999999600, -0.3000000000000000400 ) ) ;
#2507 = SPHERICAL_SURFACE ( 'NONE', #2571, 0.02500000000000000100 ) ;
#2508 = DIRECTION ( 'NONE',  ( 1.000000000000000000, 0.0000000000000000000, 1.084202172485504000E-015 ) ) ;
#2509 = EDGE_CURVE ( 'NONE', #631, #1473, #2189, .T. ) ;
#2510 = CARTESIAN_POINT ( 'NONE',  ( -0.2000000000000001800, 0.6750000000000000400, 0.3750000000000000600 ) ) ;
#2511 = CARTESIAN_POINT ( 'NONE',  ( -0.1749999999999998800, 0.02499999999999995600, 4.743384504624080000E-017 ) ) ;
#2512 = CARTESIAN_POINT ( 'NONE',  ( 0.7000000000000000700, 0.6750000000000000400, -0.4000000000000005800 ) ) ;
#2513 = AXIS2_PLACEMENT_3D ( 'NONE', #764, #2475, #1802 ) ;
#2514 = CARTESIAN_POINT ( 'NONE',  ( 0.2000000000000001800, 0.02499999999999995600, 1.626303258728258400E-016 ) ) ;
#2515 = DIRECTION ( 'NONE',  ( 1.000000000000000000, 0.0000000000000000000, 0.0000000000000000000 ) ) ;
#2516 = FILL_AREA_STYLE_COLOUR ( '', #2363 ) ;
#2517 = CARTESIAN_POINT ( 'NONE',  ( 0.7250000000000002000, 0.0000000000000000000, -0.3750000000000003900 ) ) ;
#2518 = CARTESIAN_POINT ( 'NONE',  ( -0.8000000000000001600, 0.02500000000000000100, -0.3750000000000000000 ) ) ;
#2519 = ORIENTED_EDGE ( 'NONE', *, *, #151, .T. ) ;
#2520 = SPHERICAL_SURFACE ( 'NONE', #374, 0.02500000000000000100 ) ;
#2521 = ORIENTED_EDGE ( 'NONE', *, *, #1429, .F. ) ;
#2522 = DIRECTION ( 'NONE',  ( 0.0000000000000000000, -1.000000000000000000, -1.761828530288944100E-015 ) ) ;
#2523 = EDGE_LOOP ( 'NONE', ( #1614, #2182, #1770 ) ) ;
#2524 = EDGE_CURVE ( 'NONE', #1707, #664, #486, .T. ) ;
#2525 = DIRECTION ( 'NONE',  ( 0.0000000000000000000, 1.000000000000000000, -0.0000000000000000000 ) ) ;
#2526 = CARTESIAN_POINT ( 'NONE',  ( 0.7250000000000003100, 0.02500000000000000100, -0.4000000000000004700 ) ) ;
#2527 = CARTESIAN_POINT ( 'NONE',  ( -0.1750000000000001300, 0.6750000000000000400, 0.3750000000000001700 ) ) ;
#2528 = VERTEX_POINT ( 'NONE', #1645 ) ;
#2529 = VERTEX_POINT ( 'NONE', #1232 ) ;
#2530 = AXIS2_PLACEMENT_3D ( 'NONE', #2205, #181, #2431 ) ;
#2531 = VERTEX_POINT ( 'NONE', #2504 ) ;
#2532 = DIRECTION ( 'NONE',  ( 1.000000000000000000, -0.0000000000000000000, -1.355252715606880500E-016 ) ) ;
#2533 = VERTEX_POINT ( 'NONE', #1633 ) ;
#2534 = LINE ( 'NONE', #2172, #670 ) ;
#2535 = EDGE_LOOP ( 'NONE', ( #1285, #91, #4, #2697 ) ) ;
#2536 = DIRECTION ( 'NONE',  ( 6.776263578034402700E-016, 0.0000000000000000000, -1.000000000000000000 ) ) ;
#2537 = AXIS2_PLACEMENT_3D ( 'NONE', #1663, #436, #2280 ) ;
#2538 = ORIENTED_EDGE ( 'NONE', *, *, #2477, .T. ) ;
#2539 = LINE ( 'NONE', #623, #94 ) ;
#2540 = VECTOR ( 'NONE', #378, 1000.000000000000000 ) ;
#2541 = CARTESIAN_POINT ( 'NONE',  ( 0.7250000000000002000, 0.6750000000000000400, 0.3750000000000002200 ) ) ;
#2542 = VECTOR ( 'NONE', #9, 1000.000000000000000 ) ;
#2543 = CIRCLE ( 'NONE', #2720, 0.02500000000000001200 ) ;
#2544 = SURFACE_STYLE_USAGE ( .BOTH. , #1073 ) ;
#2545 = DIRECTION ( 'NONE',  ( -1.000000000000000000, 0.0000000000000000000, -5.421010862427532400E-015 ) ) ;
#2546 = EDGE_CURVE ( 'NONE', #2125, #186, #2046, .T. ) ;
#2547 = DIRECTION ( 'NONE',  ( 1.000000000000000000, 0.0000000000000000000, 6.776263578034402700E-016 ) ) ;
#2548 = DIRECTION ( 'NONE',  ( 1.000000000000000000, 0.0000000000000000000, 0.0000000000000000000 ) ) ;
#2549 = VECTOR ( 'NONE', #299, 1000.000000000000000 ) ;
#2550 = CARTESIAN_POINT ( 'NONE',  ( 0.1750000000000001000, 0.02500000000000000100, -4.743384504624085600E-017 ) ) ;
#2551 = LINE ( 'NONE', #2372, #950 ) ;
#2552 = CARTESIAN_POINT ( 'NONE',  ( -0.7750000000000002400, 0.6750000000000000400, 0.4000000000000001300 ) ) ;
#2553 = PLANE ( 'NONE',  #2074 ) ;
#2554 = DIRECTION ( 'NONE',  ( 1.000000000000000000, 0.0000000000000000000, 0.0000000000000000000 ) ) ;
#2555 = ORIENTED_EDGE ( 'NONE', *, *, #2415, .T. ) ;
#2556 = LINE ( 'NONE', #2118, #2651 ) ;
#2557 = EDGE_CURVE ( 'NONE', #186, #1444, #2539, .T. ) ;
#2558 = EDGE_LOOP ( 'NONE', ( #1532, #47, #998, #1352 ) ) ;
#2559 = ORIENTED_EDGE ( 'NONE', *, *, #1190, .T. ) ;
#2560 = CARTESIAN_POINT ( 'NONE',  ( 0.1749999999999998500, 0.02500000000000000100, 0.3750000000000003900 ) ) ;
#2561 = ORIENTED_EDGE ( 'NONE', *, *, #407, .F. ) ;
#2562 = EDGE_CURVE ( 'NONE', #1574, #487, #2107, .T. ) ;
#2563 = CARTESIAN_POINT ( 'NONE',  ( 0.1999999999999999300, 0.6750000000000000400, 0.3000000000000004300 ) ) ;
#2564 = ORIENTED_EDGE ( 'NONE', *, *, #1330, .T. ) ;
#2565 = CARTESIAN_POINT ( 'NONE',  ( -0.1750000000000001600, 0.0000000000000000000, 0.4000000000000001900 ) ) ;
#2566 = ADVANCED_FACE ( 'NONE', ( #904 ), #612, .T. ) ;
#2567 = ORIENTED_EDGE ( 'NONE', *, *, #2055, .F. ) ;
#2568 = VECTOR ( 'NONE', #2214, 1000.000000000000000 ) ;
#2569 = EDGE_LOOP ( 'NONE', ( #2298, #1998, #484, #1749 ) ) ;
#2570 = FACE_OUTER_BOUND ( 'NONE', #2704, .T. ) ;
#2571 = AXIS2_PLACEMENT_3D ( 'NONE', #2353, #1321, #2554 ) ;
#2572 = CARTESIAN_POINT ( 'NONE',  ( -0.7250000000000003100, 0.02500000000000000100, -0.4000000000000000800 ) ) ;
#2573 = CIRCLE ( 'NONE', #303, 0.02500000000000001200 ) ;
#2574 = AXIS2_PLACEMENT_3D ( 'NONE', #2676, #1371, #2439 ) ;
#2575 = VECTOR ( 'NONE', #2084, 1000.000000000000000 ) ;
#2576 = DIRECTION ( 'NONE',  ( -1.000000000000000000, 0.0000000000000000000, -1.084202172485504200E-016 ) ) ;
#2577 = LINE ( 'NONE', #239, #1388 ) ;
#2578 = CARTESIAN_POINT ( 'NONE',  ( 0.7250000000000002000, 0.6750000000000000400, -0.3750000000000004400 ) ) ;
#2579 = CARTESIAN_POINT ( 'NONE',  ( 0.7999999999999999300, 0.02499999999999995600, -0.3750000000000001700 ) ) ;
#2580 = VECTOR ( 'NONE', #1811, 1000.000000000000000 ) ;
#2581 = EDGE_CURVE ( 'NONE', #21, #2291, #2042, .T. ) ;
#2582 = DIRECTION ( 'NONE',  ( 0.0000000000000000000, 1.000000000000000000, 0.0000000000000000000 ) ) ;
#2583 =( BOUNDED_CURVE ( )  B_SPLINE_CURVE ( 3, ( #1702, #2722, #451, #1676 ),
 .UNSPECIFIED., .F., .T. ) 
 B_SPLINE_CURVE_WITH_KNOTS ( ( 4, 4 ),
 ( 1.570796326794896600, 3.141592653589792200 ),
 .UNSPECIFIED. ) 
 CURVE ( )  GEOMETRIC_REPRESENTATION_ITEM ( )  RATIONAL_B_SPLINE_CURVE ( ( 1.000000000000000000, 0.8047378541243652700, 0.8047378541243652700, 1.000000000000000000 ) ) 
 REPRESENTATION_ITEM ( '' )  );
#2584 = CARTESIAN_POINT ( 'NONE',  ( 0.2000000000000000100, 0.6750000000000000400, -0.3750000000000000600 ) ) ;
#2585 = CARTESIAN_POINT ( 'NONE',  ( 0.7750000000000000200, 0.6750000000000000400, -0.3750000000000001700 ) ) ;
#2586 = ADVANCED_BREP_SHAPE_REPRESENTATION ( 'YFF18SC1H102M', ( #1204, #166, #2062, #37, #2370, #556 ), #54 ) ;
#2587 = LINE ( 'NONE', #2565, #1559 ) ;
#2588 = AXIS2_PLACEMENT_3D ( 'NONE', #66, #267, #2341 ) ;
#2589 = VERTEX_POINT ( 'NONE', #2063 ) ;
#2590 = PLANE ( 'NONE',  #1459 ) ;
#2591 = EDGE_LOOP ( 'NONE', ( #756, #1369, #895, #962 ) ) ;
#2592 = DIRECTION ( 'NONE',  ( 1.000000000000000000, 0.0000000000000000000, 0.0000000000000000000 ) ) ;
#2593 = ADVANCED_FACE ( 'NONE', ( #704 ), #1584, .T. ) ;
#2594 = ORIENTED_EDGE ( 'NONE', *, *, #196, .T. ) ;
#2595 = EDGE_LOOP ( 'NONE', ( #120, #2378, #639, #1213 ) ) ;
#2596 = EDGE_CURVE ( 'NONE', #893, #249, #647, .T. ) ;
#2597 = CARTESIAN_POINT ( 'NONE',  ( -0.7250000000000003100, 0.6999999999999999600, 0.3750000000000002200 ) ) ;
#2598 = ORIENTED_EDGE ( 'NONE', *, *, #1911, .F. ) ;
#2599 = ORIENTED_EDGE ( 'NONE', *, *, #2207, .F. ) ;
#2600 = ORIENTED_EDGE ( 'NONE', *, *, #1565, .F. ) ;
#2601 = LINE ( 'NONE', #2224, #1126 ) ;
#2602 = EDGE_CURVE ( 'NONE', #2091, #1544, #975, .T. ) ;
#2603 = EDGE_LOOP ( 'NONE', ( #2489, #1275, #1345 ) ) ;
#2604 = ORIENTED_EDGE ( 'NONE', *, *, #2176, .T. ) ;
#2605 = FACE_OUTER_BOUND ( 'NONE', #1477, .T. ) ;
#2606 = DIRECTION ( 'NONE',  ( -1.000000000000000000, 0.0000000000000000000, 0.0000000000000000000 ) ) ;
#2607 = ADVANCED_FACE ( 'NONE', ( #1034 ), #1522, .T. ) ;
#2608 = VECTOR ( 'NONE', #1162, 1000.000000000000000 ) ;
#2609 = CARTESIAN_POINT ( 'NONE',  ( -4.065758146820642200E-017, 0.02499999999999995600, -0.3000000000000000400 ) ) ;
#2610 = CARTESIAN_POINT ( 'NONE',  ( -0.1750000000000001300, 0.02500000000000000100, 0.3750000000000001700 ) ) ;
#2611 = EDGE_CURVE ( 'NONE', #1812, #543, #1455, .T. ) ;
#2612 = CARTESIAN_POINT ( 'NONE',  ( -0.1999999999999999800, 0.6999999999999999600, -0.3000000000000000400 ) ) ;
#2613 = EDGE_CURVE ( 'NONE', #1807, #1851, #1264, .T. ) ;
#2614 = DIRECTION ( 'NONE',  ( -2.168404344971012400E-015, 0.0000000000000000000, -1.000000000000000000 ) ) ;
#2615 = LINE ( 'NONE', #626, #1932 ) ;
#2616 = DIRECTION ( 'NONE',  ( -1.355252715606879800E-016, 0.0000000000000000000, -1.000000000000000000 ) ) ;
#2617 = AXIS2_PLACEMENT_3D ( 'NONE', #2713, #2498, #427 ) ;
#2618 = ADVANCED_FACE ( 'NONE', ( #2138 ), #616, .T. ) ;
#2619 = DIRECTION ( 'NONE',  ( 3.252606517456511700E-015, 0.0000000000000000000, -1.000000000000000000 ) ) ;
#2620 = SPHERICAL_SURFACE ( 'NONE', #2674, 0.02500000000000000100 ) ;
#2621 = DIRECTION ( 'NONE',  ( 1.000000000000000000, 0.0000000000000000000, 0.0000000000000000000 ) ) ;
#2622 = VERTEX_POINT ( 'NONE', #1025 ) ;
#2623 = ORIENTED_EDGE ( 'NONE', *, *, #654, .F. ) ;
#2624 =( NAMED_UNIT ( * ) SI_UNIT ( $, .STERADIAN. ) SOLID_ANGLE_UNIT ( ) );
#2625 = DIRECTION ( 'NONE',  ( 0.0000000000000000000, 0.0000000000000000000, 1.000000000000000000 ) ) ;
#2626 = CARTESIAN_POINT ( 'NONE',  ( -0.1749999999999999900, 0.6750000000000000400, -0.4000000000000000800 ) ) ;
#2627 = DIRECTION ( 'NONE',  ( 7.228014483236698500E-016, -0.0000000000000000000, 1.000000000000000000 ) ) ;
#2628 = ORIENTED_EDGE ( 'NONE', *, *, #2068, .T. ) ;
#2629 = ORIENTED_EDGE ( 'NONE', *, *, #2435, .T. ) ;
#2630 = EDGE_CURVE ( 'NONE', #245, #352, #2479, .T. ) ;
#2631 = DIRECTION ( 'NONE',  ( -0.0000000000000000000, -1.000000000000000000, 0.0000000000000000000 ) ) ;
#2632 = VECTOR ( 'NONE', #1001, 1000.000000000000000 ) ;
#2633 = ORIENTED_EDGE ( 'NONE', *, *, #1393, .F. ) ;
#2634 = ADVANCED_FACE ( 'NONE', ( #1791 ), #808, .T. ) ;
#2635 = AXIS2_PLACEMENT_3D ( 'NONE', #1315, #236, #72 ) ;
#2636 = CARTESIAN_POINT ( 'NONE',  ( 0.7750000000000000200, 0.6750000000000000400, -0.3750000000000001700 ) ) ;
#2637 = CYLINDRICAL_SURFACE ( 'NONE', #736, 0.02500000000000001200 ) ;
#2638 = CARTESIAN_POINT ( 'NONE',  ( 0.1749999999999998500, 0.6999999999999999600, 0.3750000000000003900 ) ) ;
#2639 = STYLED_ITEM ( 'NONE', ( #1357 ), #2062 ) ;
#2640 = DIRECTION ( 'NONE',  ( 1.000000000000000000, 2.350988701644578200E-030, 1.084202172485504000E-015 ) ) ;
#2641 = CARTESIAN_POINT ( 'NONE',  ( -0.7000000000000004000, 0.02500000000000000100, -0.4000000000000001300 ) ) ;
#2642 = FACE_OUTER_BOUND ( 'NONE', #2499, .T. ) ;
#2643 = DIRECTION ( 'NONE',  ( 0.0000000000000000000, 0.0000000000000000000, -1.000000000000000000 ) ) ;
#2644 = ADVANCED_FACE ( 'NONE', ( #65 ), #2048, .T. ) ;
#2645 = EDGE_CURVE ( 'NONE', #45, #319, #1982, .T. ) ;
#2646 = DIRECTION ( 'NONE',  ( -1.000000000000000000, 0.0000000000000000000, 0.0000000000000000000 ) ) ;
#2647 = AXIS2_PLACEMENT_3D ( 'NONE', #269, #1727, #2319 ) ;
#2648 = FACE_OUTER_BOUND ( 'NONE', #393, .T. ) ;
#2649 = ORIENTED_EDGE ( 'NONE', *, *, #1084, .T. ) ;
#2650 = CARTESIAN_POINT ( 'NONE',  ( -0.1999999999999999800, 0.6750000000000000400, -0.3000000000000000400 ) ) ;
#2651 = VECTOR ( 'NONE', #1068, 1000.000000000000000 ) ;
#2652 = AXIS2_PLACEMENT_3D ( 'NONE', #1675, #406, #1857 ) ;
#2653 = EDGE_LOOP ( 'NONE', ( #56, #2491, #1115, #892 ) ) ;
#2654 = PLANE ( 'NONE',  #709 ) ;
#2655 = DIRECTION ( 'NONE',  ( 1.000000000000000000, -0.0000000000000000000, -1.084202172485506400E-015 ) ) ;
#2656 = DIRECTION ( 'NONE',  ( -1.000000000000000000, -0.0000000000000000000, -3.252606517456515700E-015 ) ) ;
#2657 = ORIENTED_EDGE ( 'NONE', *, *, #230, .F. ) ;
#2658 = ADVANCED_FACE ( 'NONE', ( #1486 ), #1074, .T. ) ;
#2659 = CLOSED_SHELL ( 'NONE', ( #1955, #1972, #986, #918, #606, #2150, #403, #1582, #1189, #103, #2217, #2467, #144, #2690, #1563, #1784, #1762, #2373, #2389, #1203 ) ) ;
#2660 = EDGE_LOOP ( 'NONE', ( #1310, #1183, #356, #2700 ) ) ;
#2661 = ORIENTED_EDGE ( 'NONE', *, *, #682, .T. ) ;
#2662 = ORIENTED_EDGE ( 'NONE', *, *, #315, .F. ) ;
#2663 = CARTESIAN_POINT ( 'NONE',  ( -0.7750000000000002400, 0.02500000000000000100, -0.3750000000000000000 ) ) ;
#2664 = EDGE_LOOP ( 'NONE', ( #1632, #1809, #1279, #2215 ) ) ;
#2665 = VECTOR ( 'NONE', #1595, 1000.000000000000000 ) ;
#2666 = CARTESIAN_POINT ( 'NONE',  ( -4.404571325722362400E-017, 0.6750000000000000400, -0.3250000000000000700 ) ) ;
#2667 = ORIENTED_EDGE ( 'NONE', *, *, #1604, .F. ) ;
#2668 = LINE ( 'NONE', #1495, #1415 ) ;
#2669 = DIRECTION ( 'NONE',  ( 0.0000000000000000000, -1.000000000000000000, 0.0000000000000000000 ) ) ;
#2670 = ORIENTED_EDGE ( 'NONE', *, *, #564, .T. ) ;
#2671 = EDGE_CURVE ( 'NONE', #2179, #1903, #873, .T. ) ;
#2672 = DIRECTION ( 'NONE',  ( 8.131516293641285200E-016, 0.0000000000000000000, -1.000000000000000000 ) ) ;
#2673 = LINE ( 'NONE', #313, #1548 ) ;
#2674 = AXIS2_PLACEMENT_3D ( 'NONE', #1273, #1282, #1907 ) ;
#2675 = LINE ( 'NONE', #338, #2608 ) ;
#2676 = CARTESIAN_POINT ( 'NONE',  ( -0.1749999999999999900, 0.6750000000000000400, -0.3750000000000000600 ) ) ;
#2677 = ADVANCED_FACE ( 'NONE', ( #799 ), #251, .T. ) ;
#2678 = DIRECTION ( 'NONE',  ( 1.000000000000000000, 0.0000000000000000000, 6.776263578034402700E-016 ) ) ;
#2679 = AXIS2_PLACEMENT_3D ( 'NONE', #633, #445, #2545 ) ;
#2680 = CARTESIAN_POINT ( 'NONE',  ( 0.2000000000000001200, 0.6999999999999999600, -5.421010862427525900E-017 ) ) ;
#2681 = CARTESIAN_POINT ( 'NONE',  ( -0.8000000000000001600, 0.6999999999999999600, 0.0000000000000000000 ) ) ;
#2682 = DIRECTION ( 'NONE',  ( -0.0000000000000000000, -0.0000000000000000000, 1.000000000000000000 ) ) ;
#2683 = DIRECTION ( 'NONE',  ( 2.168404344971012400E-015, 0.0000000000000000000, 1.000000000000000000 ) ) ;
#2684 = EDGE_CURVE ( 'NONE', #1736, #828, #265, .T. ) ;
#2685 = LINE ( 'NONE', #1078, #2549 ) ;
#2686 = DIRECTION ( 'NONE',  ( -8.131516293641285200E-016, 0.0000000000000000000, 1.000000000000000000 ) ) ;
#2687 = PLANE ( 'NONE',  #268 ) ;
#2688 = DIRECTION ( 'NONE',  ( 0.0000000000000000000, 1.000000000000000000, -0.0000000000000000000 ) ) ;
#2689 = VECTOR ( 'NONE', #2356, 1000.000000000000000 ) ;
#2690 = ADVANCED_FACE ( 'NONE', ( #1096 ), #2229, .T. ) ;
#2691 = AXIS2_PLACEMENT_3D ( 'NONE', #125, #980, #364 ) ;
#2692 = EDGE_LOOP ( 'NONE', ( #1027, #324, #16, #283 ) ) ;
#2693 = ORIENTED_EDGE ( 'NONE', *, *, #504, .T. ) ;
#2694 = CARTESIAN_POINT ( 'NONE',  ( -0.7250000000000003100, 0.6750000000000000400, 0.3750000000000002800 ) ) ;
#2695 = AXIS2_PLACEMENT_3D ( 'NONE', #408, #1621, #1439 ) ;
#2696 = CARTESIAN_POINT ( 'NONE',  ( 0.1749999999999998200, 0.6999999999999999600, 0.4000000000000004100 ) ) ;
#2697 = ORIENTED_EDGE ( 'NONE', *, *, #1037, .F. ) ;
#2698 = ORIENTED_EDGE ( 'NONE', *, *, #951, .T. ) ;
#2699 = CARTESIAN_POINT ( 'NONE',  ( -2.202285662861182900E-016, 0.6750000000000000400, 0.3250000000000002900 ) ) ;
#2700 = ORIENTED_EDGE ( 'NONE', *, *, #273, .T. ) ;
#2701 = DIRECTION ( 'NONE',  ( 0.0000000000000000000, 0.0000000000000000000, 1.000000000000000000 ) ) ;
#2702 = CARTESIAN_POINT ( 'NONE',  ( 0.2000000000000001200, 0.6750000000000000400, -5.421010862427525900E-017 ) ) ;
#2703 = CYLINDRICAL_SURFACE ( 'NONE', #281, 0.02500000000000001200 ) ;
#2704 = EDGE_LOOP ( 'NONE', ( #2123, #1782, #2101, #561 ) ) ;
#2705 = ORIENTED_EDGE ( 'NONE', *, *, #491, .T. ) ;
#2706 = DIRECTION ( 'NONE',  ( 0.0000000000000000000, 0.0000000000000000000, -1.000000000000000000 ) ) ;
#2707 = VECTOR ( 'NONE', #770, 1000.000000000000000 ) ;
#2708 = ORIENTED_EDGE ( 'NONE', *, *, #1425, .F. ) ;
#2709 = LINE ( 'NONE', #911, #1448 ) ;
#2710 = DIRECTION ( 'NONE',  ( -0.0000000000000000000, 2.168404344971012400E-015, 1.000000000000000000 ) ) ;
#2711 = EDGE_CURVE ( 'NONE', #1769, #2396, #396, .T. ) ;
#2712 = CIRCLE ( 'NONE', #2695, 0.02499999999999995600 ) ;
#2713 = CARTESIAN_POINT ( 'NONE',  ( 0.7250000000000002000, 0.02499999999999995600, 0.3750000000000002200 ) ) ;
#2714 = CARTESIAN_POINT ( 'NONE',  ( -4.065758146820658400E-016, 0.6999999999999999600, -0.3750000000000008900 ) ) ;
#2715 = VECTOR ( 'NONE', #638, 1000.000000000000000 ) ;
#2716 = EDGE_CURVE ( 'NONE', #784, #1812, #1829, .T. ) ;
#2717 = CARTESIAN_POINT ( 'NONE',  ( 0.0000000000000000000, 0.6999999999999999600, 0.0000000000000000000 ) ) ;
#2718 = CARTESIAN_POINT ( 'NONE',  ( 0.1749999999999999900, 0.6750000000000000400, -0.3750000000000000600 ) ) ;
#2719 = DIRECTION ( 'NONE',  ( -0.0000000000000000000, -1.000000000000000000, -0.0000000000000000000 ) ) ;
#2720 = AXIS2_PLACEMENT_3D ( 'NONE', #2155, #2344, #919 ) ;
#2721 = AXIS2_PLACEMENT_3D ( 'NONE', #1624, #2009, #1410 ) ;
#2722 = CARTESIAN_POINT ( 'NONE',  ( 0.1896446609406726700, -2.122551759138286000E-017, -0.3103553390593275000 ) ) ;
#2723 = CARTESIAN_POINT ( 'NONE',  ( 0.1999999999999998700, 0.6750000000000000400, 0.3750000000000003900 ) ) ;
#2724 = FILL_AREA_STYLE ('',( #1656 ) ) ;
#2725 = DIRECTION ( 'NONE',  ( 0.0000000000000000000, 0.0000000000000000000, -1.000000000000000000 ) ) ;
#2726 = LINE ( 'NONE', #2510, #73 ) ;
#2727 = DIRECTION ( 'NONE',  ( -1.355252715606879100E-016, 0.0000000000000000000, -1.000000000000000000 ) ) ;
#2728 = CARTESIAN_POINT ( 'NONE',  ( 0.1999999999999998700, 0.02499999999999995600, 0.3750000000000003900 ) ) ;
#2729 = EDGE_CURVE ( 'NONE', #352, #2427, #2668, .T. ) ;
#2730 = ORIENTED_EDGE ( 'NONE', *, *, #334, .F. ) ;
ENDSEC;
END-ISO-10303-21;
