ISO-10303-21;
HEADER;
FILE_DESCRIPTION((''),'2;1');
FILE_NAME('C-440055-8','2019-03-28T02:29:56',('workeradm'),(
'TE Connectivity Ltd.'),'CREO PARAMETRIC BY PTC INC, 2018190',
'CREO PARAMETRIC BY PTC INC, 2018190','');
FILE_SCHEMA(('AUTOMOTIVE_DESIGN { 1 0 10303 214 1 1 1 1 }'));
ENDSEC;
DATA;
#2=DIRECTION('',(-1.E0,0.E0,0.E0));
#3=VECTOR('',#2,1.69E1);
#4=CARTESIAN_POINT('',(8.45E0,-2.138E0,0.E0));
#5=LINE('',#4,#3);
#6=DIRECTION('',(-1.E0,0.E0,0.E0));
#7=VECTOR('',#6,5.5E-1);
#8=CARTESIAN_POINT('',(9.E0,2.5E-2,0.E0));
#9=LINE('',#8,#7);
#10=DIRECTION('',(0.E0,1.E0,0.E0));
#11=VECTOR('',#10,2.5E0);
#12=CARTESIAN_POINT('',(9.E0,-2.475E0,0.E0));
#13=LINE('',#12,#11);
#14=DIRECTION('',(1.E0,0.E0,0.E0));
#15=VECTOR('',#14,1.8E1);
#16=CARTESIAN_POINT('',(-9.E0,-2.475E0,0.E0));
#17=LINE('',#16,#15);
#18=DIRECTION('',(0.E0,-1.E0,0.E0));
#19=VECTOR('',#18,2.5E0);
#20=CARTESIAN_POINT('',(-9.E0,2.5E-2,0.E0));
#21=LINE('',#20,#19);
#22=DIRECTION('',(-1.E0,0.E0,0.E0));
#23=VECTOR('',#22,5.5E-1);
#24=CARTESIAN_POINT('',(-8.45E0,2.5E-2,0.E0));
#25=LINE('',#24,#23);
#26=DIRECTION('',(0.E0,-1.E0,0.E0));
#27=VECTOR('',#26,3.37E-1);
#28=CARTESIAN_POINT('',(6.E0,2.475E0,0.E0));
#29=LINE('',#28,#27);
#30=DIRECTION('',(-1.E0,0.E0,0.E0));
#31=VECTOR('',#30,3.E0);
#32=CARTESIAN_POINT('',(9.E0,2.475E0,0.E0));
#33=LINE('',#32,#31);
#34=DIRECTION('',(0.E0,1.E0,0.E0));
#35=VECTOR('',#34,1.45E0);
#36=CARTESIAN_POINT('',(9.E0,1.025E0,0.E0));
#37=LINE('',#36,#35);
#38=DIRECTION('',(-1.E0,0.E0,0.E0));
#39=VECTOR('',#38,5.5E-1);
#40=CARTESIAN_POINT('',(9.E0,1.025E0,0.E0));
#41=LINE('',#40,#39);
#42=DIRECTION('',(1.E0,0.E0,0.E0));
#43=VECTOR('',#42,2.45E0);
#44=CARTESIAN_POINT('',(6.E0,2.138E0,0.E0));
#45=LINE('',#44,#43);
#46=DIRECTION('',(0.E0,-1.E0,0.E0));
#47=VECTOR('',#46,3.37E-1);
#48=CARTESIAN_POINT('',(-6.E0,2.475E0,0.E0));
#49=LINE('',#48,#47);
#50=DIRECTION('',(1.E0,0.E0,0.E0));
#51=VECTOR('',#50,2.45E0);
#52=CARTESIAN_POINT('',(-8.45E0,2.138E0,0.E0));
#53=LINE('',#52,#51);
#54=DIRECTION('',(-1.E0,0.E0,0.E0));
#55=VECTOR('',#54,5.5E-1);
#56=CARTESIAN_POINT('',(-8.45E0,1.025E0,0.E0));
#57=LINE('',#56,#55);
#58=DIRECTION('',(0.E0,-1.E0,0.E0));
#59=VECTOR('',#58,1.45E0);
#60=CARTESIAN_POINT('',(-9.E0,2.475E0,0.E0));
#61=LINE('',#60,#59);
#62=DIRECTION('',(-1.E0,0.E0,0.E0));
#63=VECTOR('',#62,3.E0);
#64=CARTESIAN_POINT('',(-6.E0,2.475E0,0.E0));
#65=LINE('',#64,#63);
#66=DIRECTION('',(0.E0,-7.071067811865E-1,7.071067811865E-1));
#67=VECTOR('',#66,4.780041840821E-1);
#68=CARTESIAN_POINT('',(8.45E0,-1.8E0,-3.38E-1));
#69=LINE('',#68,#67);
#70=DIRECTION('',(0.E0,7.071067811865E-1,-7.071067811865E-1));
#71=VECTOR('',#70,4.780041840821E-1);
#72=CARTESIAN_POINT('',(-8.45E0,-2.138E0,0.E0));
#73=LINE('',#72,#71);
#74=DIRECTION('',(-1.E0,0.E0,0.E0));
#75=VECTOR('',#74,1.69E1);
#76=CARTESIAN_POINT('',(8.45E0,-1.8E0,-3.38E-1));
#77=LINE('',#76,#75);
#78=DIRECTION('',(-1.E0,0.E0,0.E0));
#79=VECTOR('',#78,1.69E1);
#80=CARTESIAN_POINT('',(8.45E0,-1.8E0,-5.1E0));
#81=LINE('',#80,#79);
#82=DIRECTION('',(0.E0,0.E0,-1.E0));
#83=VECTOR('',#82,1.712E0);
#84=CARTESIAN_POINT('',(-8.45E0,1.8E0,-3.38E-1));
#85=LINE('',#84,#83);
#86=DIRECTION('',(0.E0,-1.E0,0.E0));
#87=VECTOR('',#86,2.485E0);
#88=CARTESIAN_POINT('',(-8.45E0,2.475E0,-4.3E0));
#89=LINE('',#88,#87);
#90=DIRECTION('',(0.E0,-7.071067811865E-1,-7.071067811865E-1));
#91=VECTOR('',#90,1.131370849898E0);
#92=CARTESIAN_POINT('',(-8.45E0,-1.E-2,-4.3E0));
#93=LINE('',#92,#91);
#94=DIRECTION('',(0.E0,-1.E0,0.E0));
#95=VECTOR('',#94,9.9E-1);
#96=CARTESIAN_POINT('',(-8.45E0,-8.1E-1,-5.1E0));
#97=LINE('',#96,#95);
#98=DIRECTION('',(0.E0,0.E0,1.E0));
#99=VECTOR('',#98,4.762E0);
#100=CARTESIAN_POINT('',(-8.45E0,-1.8E0,-5.1E0));
#101=LINE('',#100,#99);
#102=DIRECTION('',(0.E0,1.E0,0.E0));
#103=VECTOR('',#102,2.163E0);
#104=CARTESIAN_POINT('',(-8.45E0,-2.138E0,0.E0));
#105=LINE('',#104,#103);
#106=DIRECTION('',(0.E0,0.E0,-1.E0));
#107=VECTOR('',#106,2.5E0);
#108=CARTESIAN_POINT('',(-8.45E0,2.5E-2,0.E0));
#109=LINE('',#108,#107);
#110=DIRECTION('',(0.E0,-1.E0,0.E0));
#111=VECTOR('',#110,1.E0);
#112=CARTESIAN_POINT('',(-8.45E0,1.025E0,-2.5E0));
#113=LINE('',#112,#111);
#114=DIRECTION('',(0.E0,0.E0,-1.E0));
#115=VECTOR('',#114,2.5E0);
#116=CARTESIAN_POINT('',(-8.45E0,1.025E0,0.E0));
#117=LINE('',#116,#115);
#118=DIRECTION('',(0.E0,1.E0,0.E0));
#119=VECTOR('',#118,1.113E0);
#120=CARTESIAN_POINT('',(-8.45E0,1.025E0,0.E0));
#121=LINE('',#120,#119);
#122=DIRECTION('',(0.E0,0.E0,1.E0));
#123=VECTOR('',#122,2.25E0);
#124=CARTESIAN_POINT('',(7.25E0,1.8E0,-4.3E0));
#125=LINE('',#124,#123);
#126=DIRECTION('',(0.E0,0.E0,1.E0));
#127=VECTOR('',#126,3.962E0);
#128=CARTESIAN_POINT('',(6.E0,1.8E0,-4.3E0));
#129=LINE('',#128,#127);
#130=DIRECTION('',(1.E0,0.E0,0.E0));
#131=VECTOR('',#130,2.45E0);
#132=CARTESIAN_POINT('',(6.E0,1.8E0,-3.38E-1));
#133=LINE('',#132,#131);
#134=DIRECTION('',(0.E0,0.E0,-1.E0));
#135=VECTOR('',#134,1.712E0);
#136=CARTESIAN_POINT('',(8.45E0,1.8E0,-3.38E-1));
#137=LINE('',#136,#135);
#138=DIRECTION('',(-1.E0,0.E0,0.E0));
#139=VECTOR('',#138,1.2E0);
#140=CARTESIAN_POINT('',(8.45E0,1.8E0,-2.05E0));
#141=LINE('',#140,#139);
#142=DIRECTION('',(1.E0,0.E0,0.E0));
#143=VECTOR('',#142,1.2E0);
#144=CARTESIAN_POINT('',(-8.45E0,1.8E0,-2.05E0));
#145=LINE('',#144,#143);
#146=DIRECTION('',(1.E0,0.E0,0.E0));
#147=VECTOR('',#146,2.45E0);
#148=CARTESIAN_POINT('',(-8.45E0,1.8E0,-3.38E-1));
#149=LINE('',#148,#147);
#150=DIRECTION('',(0.E0,0.E0,1.E0));
#151=VECTOR('',#150,3.962E0);
#152=CARTESIAN_POINT('',(-6.E0,1.8E0,-4.3E0));
#153=LINE('',#152,#151);
#154=DIRECTION('',(0.E0,0.E0,1.E0));
#155=VECTOR('',#154,2.25E0);
#156=CARTESIAN_POINT('',(-7.25E0,1.8E0,-4.3E0));
#157=LINE('',#156,#155);
#158=DIRECTION('',(0.E0,-1.E0,0.E0));
#159=VECTOR('',#158,6.75E-1);
#160=CARTESIAN_POINT('',(7.25E0,2.475E0,-4.3E0));
#161=LINE('',#160,#159);
#162=DIRECTION('',(0.E0,-1.E0,0.E0));
#163=VECTOR('',#162,6.75E-1);
#164=CARTESIAN_POINT('',(-7.25E0,2.475E0,-4.3E0));
#165=LINE('',#164,#163);
#166=DIRECTION('',(-1.E0,0.E0,0.E0));
#167=VECTOR('',#166,1.25E0);
#168=CARTESIAN_POINT('',(-6.E0,1.8E0,-4.3E0));
#169=LINE('',#168,#167);
#170=DIRECTION('',(0.E0,-1.E0,0.E0));
#171=VECTOR('',#170,6.75E-1);
#172=CARTESIAN_POINT('',(6.E0,2.475E0,-4.3E0));
#173=LINE('',#172,#171);
#174=DIRECTION('',(-1.E0,0.E0,0.E0));
#175=VECTOR('',#174,1.25E0);
#176=CARTESIAN_POINT('',(7.25E0,1.8E0,-4.3E0));
#177=LINE('',#176,#175);
#178=DIRECTION('',(-1.E0,0.E0,0.E0));
#179=VECTOR('',#178,1.69E1);
#180=CARTESIAN_POINT('',(8.45E0,-1.E-2,-4.3E0));
#181=LINE('',#180,#179);
#182=DIRECTION('',(0.E0,1.E0,0.E0));
#183=VECTOR('',#182,5.E-1);
#184=CARTESIAN_POINT('',(7.25E0,3.5E-1,-4.3E0));
#185=LINE('',#184,#183);
#186=DIRECTION('',(-1.E0,0.E0,0.E0));
#187=VECTOR('',#186,5.E-1);
#188=CARTESIAN_POINT('',(7.25E0,8.5E-1,-4.3E0));
#189=LINE('',#188,#187);
#190=DIRECTION('',(0.E0,-1.E0,0.E0));
#191=VECTOR('',#190,5.E-1);
#192=CARTESIAN_POINT('',(6.75E0,8.5E-1,-4.3E0));
#193=LINE('',#192,#191);
#194=DIRECTION('',(1.E0,0.E0,0.E0));
#195=VECTOR('',#194,5.E-1);
#196=CARTESIAN_POINT('',(6.75E0,3.5E-1,-4.3E0));
#197=LINE('',#196,#195);
#198=DIRECTION('',(0.E0,1.E0,0.E0));
#199=VECTOR('',#198,5.E-1);
#200=CARTESIAN_POINT('',(-7.25E0,3.5E-1,-4.3E0));
#201=LINE('',#200,#199);
#202=DIRECTION('',(-1.E0,0.E0,0.E0));
#203=VECTOR('',#202,5.E-1);
#204=CARTESIAN_POINT('',(-6.75E0,3.5E-1,-4.3E0));
#205=LINE('',#204,#203);
#206=DIRECTION('',(0.E0,-1.E0,0.E0));
#207=VECTOR('',#206,5.E-1);
#208=CARTESIAN_POINT('',(-6.75E0,8.5E-1,-4.3E0));
#209=LINE('',#208,#207);
#210=DIRECTION('',(1.E0,0.E0,0.E0));
#211=VECTOR('',#210,5.E-1);
#212=CARTESIAN_POINT('',(-7.25E0,8.5E-1,-4.3E0));
#213=LINE('',#212,#211);
#214=DIRECTION('',(0.E0,1.E0,0.E0));
#215=VECTOR('',#214,5.E-1);
#216=CARTESIAN_POINT('',(4.75E0,3.5E-1,-4.3E0));
#217=LINE('',#216,#215);
#218=DIRECTION('',(-1.E0,0.E0,0.E0));
#219=VECTOR('',#218,5.E-1);
#220=CARTESIAN_POINT('',(5.25E0,3.5E-1,-4.3E0));
#221=LINE('',#220,#219);
#222=DIRECTION('',(0.E0,1.E0,0.E0));
#223=VECTOR('',#222,5.E-1);
#224=CARTESIAN_POINT('',(5.25E0,3.5E-1,-4.3E0));
#225=LINE('',#224,#223);
#226=DIRECTION('',(-1.E0,0.E0,0.E0));
#227=VECTOR('',#226,5.E-1);
#228=CARTESIAN_POINT('',(5.25E0,8.5E-1,-4.3E0));
#229=LINE('',#228,#227);
#230=DIRECTION('',(0.E0,1.E0,0.E0));
#231=VECTOR('',#230,5.E-1);
#232=CARTESIAN_POINT('',(2.75E0,3.5E-1,-4.3E0));
#233=LINE('',#232,#231);
#234=DIRECTION('',(-1.E0,0.E0,0.E0));
#235=VECTOR('',#234,5.E-1);
#236=CARTESIAN_POINT('',(3.25E0,3.5E-1,-4.3E0));
#237=LINE('',#236,#235);
#238=DIRECTION('',(0.E0,1.E0,0.E0));
#239=VECTOR('',#238,5.E-1);
#240=CARTESIAN_POINT('',(3.25E0,3.5E-1,-4.3E0));
#241=LINE('',#240,#239);
#242=DIRECTION('',(-1.E0,0.E0,0.E0));
#243=VECTOR('',#242,5.E-1);
#244=CARTESIAN_POINT('',(3.25E0,8.5E-1,-4.3E0));
#245=LINE('',#244,#243);
#246=DIRECTION('',(0.E0,1.E0,0.E0));
#247=VECTOR('',#246,5.E-1);
#248=CARTESIAN_POINT('',(7.5E-1,3.5E-1,-4.3E0));
#249=LINE('',#248,#247);
#250=DIRECTION('',(-1.E0,0.E0,0.E0));
#251=VECTOR('',#250,5.E-1);
#252=CARTESIAN_POINT('',(1.25E0,3.5E-1,-4.3E0));
#253=LINE('',#252,#251);
#254=DIRECTION('',(0.E0,1.E0,0.E0));
#255=VECTOR('',#254,5.E-1);
#256=CARTESIAN_POINT('',(1.25E0,3.5E-1,-4.3E0));
#257=LINE('',#256,#255);
#258=DIRECTION('',(-1.E0,0.E0,0.E0));
#259=VECTOR('',#258,5.E-1);
#260=CARTESIAN_POINT('',(1.25E0,8.5E-1,-4.3E0));
#261=LINE('',#260,#259);
#262=DIRECTION('',(0.E0,1.E0,0.E0));
#263=VECTOR('',#262,5.E-1);
#264=CARTESIAN_POINT('',(-1.25E0,3.5E-1,-4.3E0));
#265=LINE('',#264,#263);
#266=DIRECTION('',(-1.E0,0.E0,0.E0));
#267=VECTOR('',#266,5.E-1);
#268=CARTESIAN_POINT('',(-7.5E-1,3.5E-1,-4.3E0));
#269=LINE('',#268,#267);
#270=DIRECTION('',(0.E0,1.E0,0.E0));
#271=VECTOR('',#270,5.E-1);
#272=CARTESIAN_POINT('',(-7.5E-1,3.5E-1,-4.3E0));
#273=LINE('',#272,#271);
#274=DIRECTION('',(-1.E0,0.E0,0.E0));
#275=VECTOR('',#274,5.E-1);
#276=CARTESIAN_POINT('',(-7.5E-1,8.5E-1,-4.3E0));
#277=LINE('',#276,#275);
#278=DIRECTION('',(0.E0,1.E0,0.E0));
#279=VECTOR('',#278,5.E-1);
#280=CARTESIAN_POINT('',(-3.25E0,3.5E-1,-4.3E0));
#281=LINE('',#280,#279);
#282=DIRECTION('',(-1.E0,0.E0,0.E0));
#283=VECTOR('',#282,5.E-1);
#284=CARTESIAN_POINT('',(-2.75E0,3.5E-1,-4.3E0));
#285=LINE('',#284,#283);
#286=DIRECTION('',(0.E0,1.E0,0.E0));
#287=VECTOR('',#286,5.E-1);
#288=CARTESIAN_POINT('',(-2.75E0,3.5E-1,-4.3E0));
#289=LINE('',#288,#287);
#290=DIRECTION('',(-1.E0,0.E0,0.E0));
#291=VECTOR('',#290,5.E-1);
#292=CARTESIAN_POINT('',(-2.75E0,8.5E-1,-4.3E0));
#293=LINE('',#292,#291);
#294=DIRECTION('',(0.E0,1.E0,0.E0));
#295=VECTOR('',#294,5.E-1);
#296=CARTESIAN_POINT('',(-5.25E0,3.5E-1,-4.3E0));
#297=LINE('',#296,#295);
#298=DIRECTION('',(-1.E0,0.E0,0.E0));
#299=VECTOR('',#298,5.E-1);
#300=CARTESIAN_POINT('',(-4.75E0,3.5E-1,-4.3E0));
#301=LINE('',#300,#299);
#302=DIRECTION('',(0.E0,1.E0,0.E0));
#303=VECTOR('',#302,5.E-1);
#304=CARTESIAN_POINT('',(-4.75E0,3.5E-1,-4.3E0));
#305=LINE('',#304,#303);
#306=DIRECTION('',(-1.E0,0.E0,0.E0));
#307=VECTOR('',#306,5.E-1);
#308=CARTESIAN_POINT('',(-4.75E0,8.5E-1,-4.3E0));
#309=LINE('',#308,#307);
#310=DIRECTION('',(-1.E0,0.E0,0.E0));
#311=VECTOR('',#310,1.8E1);
#312=CARTESIAN_POINT('',(9.E0,2.475E0,-5.3E0));
#313=LINE('',#312,#311);
#314=DIRECTION('',(0.E0,0.E0,-1.E0));
#315=VECTOR('',#314,7.5E-1);
#316=CARTESIAN_POINT('',(9.E0,2.475E0,-5.3E0));
#317=LINE('',#316,#315);
#318=DIRECTION('',(0.E0,0.E0,-1.E0));
#319=VECTOR('',#318,4.3E0);
#320=CARTESIAN_POINT('',(6.E0,2.475E0,0.E0));
#321=LINE('',#320,#319);
#322=DIRECTION('',(-1.E0,0.E0,0.E0));
#323=VECTOR('',#322,1.2E1);
#324=CARTESIAN_POINT('',(6.E0,2.475E0,-4.3E0));
#325=LINE('',#324,#323);
#326=DIRECTION('',(0.E0,0.E0,-1.E0));
#327=VECTOR('',#326,4.3E0);
#328=CARTESIAN_POINT('',(-6.E0,2.475E0,0.E0));
#329=LINE('',#328,#327);
#330=DIRECTION('',(-1.E0,0.E0,0.E0));
#331=VECTOR('',#330,1.8E1);
#332=CARTESIAN_POINT('',(9.E0,2.475E0,-4.65E0));
#333=LINE('',#332,#331);
#334=DIRECTION('',(0.E0,0.E0,-1.E0));
#335=VECTOR('',#334,4.65E0);
#336=CARTESIAN_POINT('',(9.E0,2.475E0,0.E0));
#337=LINE('',#336,#335);
#338=DIRECTION('',(-1.E0,0.E0,0.E0));
#339=VECTOR('',#338,1.2E0);
#340=CARTESIAN_POINT('',(8.45E0,2.475E0,-4.3E0));
#341=LINE('',#340,#339);
#342=DIRECTION('',(0.E0,0.E0,1.E0));
#343=VECTOR('',#342,2.25E0);
#344=CARTESIAN_POINT('',(7.25E0,2.475E0,-4.3E0));
#345=LINE('',#344,#343);
#346=DIRECTION('',(1.E0,0.E0,0.E0));
#347=VECTOR('',#346,1.2E0);
#348=CARTESIAN_POINT('',(7.25E0,2.475E0,-2.05E0));
#349=LINE('',#348,#347);
#350=DIRECTION('',(0.E0,0.E0,-1.E0));
#351=VECTOR('',#350,2.25E0);
#352=CARTESIAN_POINT('',(8.45E0,2.475E0,-2.05E0));
#353=LINE('',#352,#351);
#354=DIRECTION('',(0.E0,0.E0,1.E0));
#355=VECTOR('',#354,2.25E0);
#356=CARTESIAN_POINT('',(-8.45E0,2.475E0,-4.3E0));
#357=LINE('',#356,#355);
#358=DIRECTION('',(1.E0,0.E0,0.E0));
#359=VECTOR('',#358,1.2E0);
#360=CARTESIAN_POINT('',(-8.45E0,2.475E0,-2.05E0));
#361=LINE('',#360,#359);
#362=DIRECTION('',(0.E0,0.E0,-1.E0));
#363=VECTOR('',#362,2.25E0);
#364=CARTESIAN_POINT('',(-7.25E0,2.475E0,-2.05E0));
#365=LINE('',#364,#363);
#366=DIRECTION('',(-1.E0,0.E0,0.E0));
#367=VECTOR('',#366,1.2E0);
#368=CARTESIAN_POINT('',(-7.25E0,2.475E0,-4.3E0));
#369=LINE('',#368,#367);
#370=DIRECTION('',(-1.E0,0.E0,0.E0));
#371=VECTOR('',#370,1.8E1);
#372=CARTESIAN_POINT('',(9.E0,2.275E0,-5.3E0));
#373=LINE('',#372,#371);
#374=DIRECTION('',(0.E0,0.E0,-1.E0));
#375=VECTOR('',#374,2.5E0);
#376=CARTESIAN_POINT('',(9.E0,1.025E0,0.E0));
#377=LINE('',#376,#375);
#378=DIRECTION('',(0.E0,-1.E0,0.E0));
#379=VECTOR('',#378,2.E-1);
#380=CARTESIAN_POINT('',(9.E0,2.475E0,-4.65E0));
#381=LINE('',#380,#379);
#382=DIRECTION('',(0.E0,0.E0,1.E0));
#383=VECTOR('',#382,6.5E-1);
#384=CARTESIAN_POINT('',(9.E0,2.275E0,-5.3E0));
#385=LINE('',#384,#383);
#386=DIRECTION('',(0.E0,-1.E0,0.E0));
#387=VECTOR('',#386,2.E-1);
#388=CARTESIAN_POINT('',(9.E0,2.475E0,-5.3E0));
#389=LINE('',#388,#387);
#390=DIRECTION('',(0.E0,-2.777770335630E-1,-9.606455744055E-1));
#391=VECTOR('',#390,1.717594963180E0);
#392=CARTESIAN_POINT('',(9.E0,1.425E0,-6.05E0));
#393=LINE('',#392,#391);
#394=DIRECTION('',(0.E0,-1.E0,0.E0));
#395=VECTOR('',#394,3.422891566265E0);
#396=CARTESIAN_POINT('',(9.E0,9.478915662651E-1,-7.7E0));
#397=LINE('',#396,#395);
#398=DIRECTION('',(0.E0,0.E0,-1.E0));
#399=VECTOR('',#398,2.5E0);
#400=CARTESIAN_POINT('',(9.E0,2.5E-2,0.E0));
#401=LINE('',#400,#399);
#402=DIRECTION('',(0.E0,-1.E0,0.E0));
#403=VECTOR('',#402,1.E0);
#404=CARTESIAN_POINT('',(9.E0,1.025E0,-2.5E0));
#405=LINE('',#404,#403);
#406=DIRECTION('',(-1.E0,0.E0,0.E0));
#407=VECTOR('',#406,5.5E-1);
#408=CARTESIAN_POINT('',(9.E0,1.025E0,-2.5E0));
#409=LINE('',#408,#407);
#410=DIRECTION('',(-1.E0,0.E0,0.E0));
#411=VECTOR('',#410,5.5E-1);
#412=CARTESIAN_POINT('',(-8.45E0,1.025E0,-2.5E0));
#413=LINE('',#412,#411);
#414=DIRECTION('',(-1.E0,0.E0,0.E0));
#415=VECTOR('',#414,5.5E-1);
#416=CARTESIAN_POINT('',(9.E0,2.5E-2,-2.5E0));
#417=LINE('',#416,#415);
#418=DIRECTION('',(-1.E0,0.E0,0.E0));
#419=VECTOR('',#418,5.5E-1);
#420=CARTESIAN_POINT('',(-8.45E0,2.5E-2,-2.5E0));
#421=LINE('',#420,#419);
#422=DIRECTION('',(0.E0,1.E0,0.E0));
#423=VECTOR('',#422,2.485E0);
#424=CARTESIAN_POINT('',(8.45E0,-1.E-2,-4.3E0));
#425=LINE('',#424,#423);
#426=DIRECTION('',(0.E0,-1.E0,0.E0));
#427=VECTOR('',#426,6.75E-1);
#428=CARTESIAN_POINT('',(8.45E0,2.475E0,-2.05E0));
#429=LINE('',#428,#427);
#430=DIRECTION('',(0.E0,-1.E0,0.E0));
#431=VECTOR('',#430,1.113E0);
#432=CARTESIAN_POINT('',(8.45E0,2.138E0,0.E0));
#433=LINE('',#432,#431);
#434=DIRECTION('',(0.E0,0.E0,-1.E0));
#435=VECTOR('',#434,2.5E0);
#436=CARTESIAN_POINT('',(8.45E0,1.025E0,0.E0));
#437=LINE('',#436,#435);
#438=DIRECTION('',(0.E0,-1.E0,0.E0));
#439=VECTOR('',#438,1.E0);
#440=CARTESIAN_POINT('',(8.45E0,1.025E0,-2.5E0));
#441=LINE('',#440,#439);
#442=DIRECTION('',(0.E0,0.E0,-1.E0));
#443=VECTOR('',#442,2.5E0);
#444=CARTESIAN_POINT('',(8.45E0,2.5E-2,0.E0));
#445=LINE('',#444,#443);
#446=DIRECTION('',(0.E0,-1.E0,0.E0));
#447=VECTOR('',#446,2.163E0);
#448=CARTESIAN_POINT('',(8.45E0,2.5E-2,0.E0));
#449=LINE('',#448,#447);
#450=DIRECTION('',(0.E0,0.E0,-1.E0));
#451=VECTOR('',#450,4.762E0);
#452=CARTESIAN_POINT('',(8.45E0,-1.8E0,-3.38E-1));
#453=LINE('',#452,#451);
#454=DIRECTION('',(0.E0,-1.E0,0.E0));
#455=VECTOR('',#454,9.9E-1);
#456=CARTESIAN_POINT('',(8.45E0,-8.1E-1,-5.1E0));
#457=LINE('',#456,#455);
#458=DIRECTION('',(0.E0,-7.071067811865E-1,-7.071067811865E-1));
#459=VECTOR('',#458,1.131370849898E0);
#460=CARTESIAN_POINT('',(8.45E0,-1.E-2,-4.3E0));
#461=LINE('',#460,#459);
#462=DIRECTION('',(0.E0,-1.E0,0.E0));
#463=VECTOR('',#462,6.75E-1);
#464=CARTESIAN_POINT('',(7.25E0,2.475E0,-2.05E0));
#465=LINE('',#464,#463);
#466=DIRECTION('',(0.E0,-7.071067811865E-1,-7.071067811865E-1));
#467=VECTOR('',#466,4.780041840821E-1);
#468=CARTESIAN_POINT('',(6.E0,2.138E0,0.E0));
#469=LINE('',#468,#467);
#470=DIRECTION('',(0.E0,-7.071067811865E-1,-7.071067811865E-1));
#471=VECTOR('',#470,4.780041840821E-1);
#472=CARTESIAN_POINT('',(8.45E0,2.138E0,0.E0));
#473=LINE('',#472,#471);
#474=DIRECTION('',(0.E0,-7.071067811865E-1,-7.071067811865E-1));
#475=VECTOR('',#474,4.780041840821E-1);
#476=CARTESIAN_POINT('',(-6.E0,2.138E0,0.E0));
#477=LINE('',#476,#475);
#478=DIRECTION('',(0.E0,7.071067811865E-1,7.071067811865E-1));
#479=VECTOR('',#478,4.780041840821E-1);
#480=CARTESIAN_POINT('',(-8.45E0,1.8E0,-3.38E-1));
#481=LINE('',#480,#479);
#482=DIRECTION('',(0.E0,-1.E0,0.E0));
#483=VECTOR('',#482,6.75E-1);
#484=CARTESIAN_POINT('',(-6.E0,2.475E0,-4.3E0));
#485=LINE('',#484,#483);
#486=DIRECTION('',(-1.E0,0.E0,0.E0));
#487=VECTOR('',#486,1.69E1);
#488=CARTESIAN_POINT('',(8.45E0,-8.1E-1,-5.1E0));
#489=LINE('',#488,#487);
#490=DIRECTION('',(0.E0,0.E0,-1.E0));
#491=VECTOR('',#490,2.5E0);
#492=CARTESIAN_POINT('',(-9.E0,1.025E0,0.E0));
#493=LINE('',#492,#491);
#494=DIRECTION('',(0.E0,-1.E0,0.E0));
#495=VECTOR('',#494,1.E0);
#496=CARTESIAN_POINT('',(-9.E0,1.025E0,-2.5E0));
#497=LINE('',#496,#495);
#498=DIRECTION('',(0.E0,0.E0,-1.E0));
#499=VECTOR('',#498,2.5E0);
#500=CARTESIAN_POINT('',(-9.E0,2.5E-2,0.E0));
#501=LINE('',#500,#499);
#502=DIRECTION('',(0.E0,-1.E0,0.E0));
#503=VECTOR('',#502,3.422891566265E0);
#504=CARTESIAN_POINT('',(-9.E0,9.478915662651E-1,-7.7E0));
#505=LINE('',#504,#503);
#506=DIRECTION('',(0.E0,-2.777770335630E-1,-9.606455744055E-1));
#507=VECTOR('',#506,1.717594963180E0);
#508=CARTESIAN_POINT('',(-9.E0,1.425E0,-6.05E0));
#509=LINE('',#508,#507);
#510=DIRECTION('',(0.E0,0.E0,-1.E0));
#511=VECTOR('',#510,7.5E-1);
#512=CARTESIAN_POINT('',(-9.E0,2.475E0,-5.3E0));
#513=LINE('',#512,#511);
#514=DIRECTION('',(0.E0,-1.E0,0.E0));
#515=VECTOR('',#514,2.E-1);
#516=CARTESIAN_POINT('',(-9.E0,2.475E0,-5.3E0));
#517=LINE('',#516,#515);
#518=DIRECTION('',(0.E0,0.E0,1.E0));
#519=VECTOR('',#518,6.5E-1);
#520=CARTESIAN_POINT('',(-9.E0,2.275E0,-5.3E0));
#521=LINE('',#520,#519);
#522=DIRECTION('',(0.E0,-1.E0,0.E0));
#523=VECTOR('',#522,2.E-1);
#524=CARTESIAN_POINT('',(-9.E0,2.475E0,-4.65E0));
#525=LINE('',#524,#523);
#526=DIRECTION('',(0.E0,0.E0,-1.E0));
#527=VECTOR('',#526,4.65E0);
#528=CARTESIAN_POINT('',(-9.E0,2.475E0,0.E0));
#529=LINE('',#528,#527);
#530=DIRECTION('',(0.E0,0.E0,-1.E0));
#531=VECTOR('',#530,7.7E0);
#532=CARTESIAN_POINT('',(9.E0,-2.475E0,0.E0));
#533=LINE('',#532,#531);
#534=DIRECTION('',(-1.E0,0.E0,0.E0));
#535=VECTOR('',#534,1.E0);
#536=CARTESIAN_POINT('',(9.E0,-2.475E0,-7.7E0));
#537=LINE('',#536,#535);
#538=DIRECTION('',(1.E0,0.E0,0.E0));
#539=VECTOR('',#538,1.6E1);
#540=CARTESIAN_POINT('',(-8.E0,-2.475E0,-5.3E0));
#541=LINE('',#540,#539);
#542=DIRECTION('',(1.E0,0.E0,0.E0));
#543=VECTOR('',#542,1.E0);
#544=CARTESIAN_POINT('',(-9.E0,-2.475E0,-7.7E0));
#545=LINE('',#544,#543);
#546=DIRECTION('',(0.E0,0.E0,1.E0));
#547=VECTOR('',#546,7.7E0);
#548=CARTESIAN_POINT('',(-9.E0,-2.475E0,-7.7E0));
#549=LINE('',#548,#547);
#550=DIRECTION('',(-1.E0,0.E0,0.E0));
#551=VECTOR('',#550,1.E0);
#552=CARTESIAN_POINT('',(9.E0,9.478915662651E-1,-7.7E0));
#553=LINE('',#552,#551);
#554=DIRECTION('',(-1.E0,0.E0,0.E0));
#555=VECTOR('',#554,1.E0);
#556=CARTESIAN_POINT('',(9.E0,1.425E0,-6.05E0));
#557=LINE('',#556,#555);
#558=DIRECTION('',(-1.E0,0.E0,0.E0));
#559=VECTOR('',#558,1.6E1);
#560=CARTESIAN_POINT('',(8.E0,2.275E0,-6.05E0));
#561=LINE('',#560,#559);
#562=DIRECTION('',(0.E0,1.E0,0.E0));
#563=VECTOR('',#562,1.05E0);
#564=CARTESIAN_POINT('',(9.E0,1.425E0,-6.05E0));
#565=LINE('',#564,#563);
#566=DIRECTION('',(-1.E0,0.E0,0.E0));
#567=VECTOR('',#566,1.8E1);
#568=CARTESIAN_POINT('',(9.E0,2.475E0,-6.05E0));
#569=LINE('',#568,#567);
#570=DIRECTION('',(0.E0,-1.E0,0.E0));
#571=VECTOR('',#570,1.05E0);
#572=CARTESIAN_POINT('',(-9.E0,2.475E0,-6.05E0));
#573=LINE('',#572,#571);
#574=DIRECTION('',(0.E0,0.E0,-1.E0));
#575=VECTOR('',#574,1.5E-1);
#576=CARTESIAN_POINT('',(8.E0,2.275E0,-5.9E0));
#577=LINE('',#576,#575);
#578=DIRECTION('',(0.E0,0.E0,-1.E0));
#579=VECTOR('',#578,1.5E-1);
#580=CARTESIAN_POINT('',(-8.E0,2.275E0,-5.9E0));
#581=LINE('',#580,#579);
#582=DIRECTION('',(-1.E0,0.E0,0.E0));
#583=VECTOR('',#582,1.6E1);
#584=CARTESIAN_POINT('',(8.E0,2.275E0,-5.9E0));
#585=LINE('',#584,#583);
#586=DIRECTION('',(0.E0,-1.E0,0.E0));
#587=VECTOR('',#586,8.5E-1);
#588=CARTESIAN_POINT('',(8.E0,2.275E0,-6.05E0));
#589=LINE('',#588,#587);
#590=DIRECTION('',(0.E0,0.E0,1.E0));
#591=VECTOR('',#590,2.4E0);
#592=CARTESIAN_POINT('',(8.E0,-2.475E0,-7.7E0));
#593=LINE('',#592,#591);
#594=DIRECTION('',(0.E0,-1.E0,0.E0));
#595=VECTOR('',#594,3.422891566265E0);
#596=CARTESIAN_POINT('',(8.E0,9.478915662651E-1,-7.7E0));
#597=LINE('',#596,#595);
#598=DIRECTION('',(0.E0,-2.777770335630E-1,-9.606455744055E-1));
#599=VECTOR('',#598,1.717594963180E0);
#600=CARTESIAN_POINT('',(8.E0,1.425E0,-6.05E0));
#601=LINE('',#600,#599);
#602=DIRECTION('',(0.E0,1.E0,0.E0));
#603=VECTOR('',#602,2.275E0);
#604=CARTESIAN_POINT('',(8.E0,0.E0,-5.9E0));
#605=LINE('',#604,#603);
#606=DIRECTION('',(0.E0,1.E0,0.E0));
#607=VECTOR('',#606,2.275E0);
#608=CARTESIAN_POINT('',(-8.E0,0.E0,-5.9E0));
#609=LINE('',#608,#607);
#610=DIRECTION('',(-1.E0,0.E0,0.E0));
#611=VECTOR('',#610,1.6E1);
#612=CARTESIAN_POINT('',(8.E0,0.E0,-5.9E0));
#613=LINE('',#612,#611);
#614=DIRECTION('',(0.E0,1.E0,0.E0));
#615=VECTOR('',#614,5.E-1);
#616=CARTESIAN_POINT('',(6.75E0,3.5E-1,-5.9E0));
#617=LINE('',#616,#615);
#618=DIRECTION('',(-1.E0,0.E0,0.E0));
#619=VECTOR('',#618,5.E-1);
#620=CARTESIAN_POINT('',(7.25E0,8.5E-1,-5.9E0));
#621=LINE('',#620,#619);
#622=DIRECTION('',(0.E0,1.E0,0.E0));
#623=VECTOR('',#622,5.E-1);
#624=CARTESIAN_POINT('',(7.25E0,3.5E-1,-5.9E0));
#625=LINE('',#624,#623);
#626=DIRECTION('',(-1.E0,0.E0,0.E0));
#627=VECTOR('',#626,5.E-1);
#628=CARTESIAN_POINT('',(7.25E0,3.5E-1,-5.9E0));
#629=LINE('',#628,#627);
#630=DIRECTION('',(0.E0,1.E0,0.E0));
#631=VECTOR('',#630,5.E-1);
#632=CARTESIAN_POINT('',(-6.75E0,3.5E-1,-5.9E0));
#633=LINE('',#632,#631);
#634=DIRECTION('',(1.E0,0.E0,0.E0));
#635=VECTOR('',#634,5.E-1);
#636=CARTESIAN_POINT('',(-7.25E0,3.5E-1,-5.9E0));
#637=LINE('',#636,#635);
#638=DIRECTION('',(0.E0,1.E0,0.E0));
#639=VECTOR('',#638,5.E-1);
#640=CARTESIAN_POINT('',(-7.25E0,3.5E-1,-5.9E0));
#641=LINE('',#640,#639);
#642=DIRECTION('',(1.E0,0.E0,0.E0));
#643=VECTOR('',#642,5.E-1);
#644=CARTESIAN_POINT('',(-7.25E0,8.5E-1,-5.9E0));
#645=LINE('',#644,#643);
#646=DIRECTION('',(0.E0,1.E0,0.E0));
#647=VECTOR('',#646,5.E-1);
#648=CARTESIAN_POINT('',(4.75E0,3.5E-1,-5.9E0));
#649=LINE('',#648,#647);
#650=DIRECTION('',(-1.E0,0.E0,0.E0));
#651=VECTOR('',#650,5.E-1);
#652=CARTESIAN_POINT('',(5.25E0,8.5E-1,-5.9E0));
#653=LINE('',#652,#651);
#654=DIRECTION('',(0.E0,1.E0,0.E0));
#655=VECTOR('',#654,5.E-1);
#656=CARTESIAN_POINT('',(5.25E0,3.5E-1,-5.9E0));
#657=LINE('',#656,#655);
#658=DIRECTION('',(-1.E0,0.E0,0.E0));
#659=VECTOR('',#658,5.E-1);
#660=CARTESIAN_POINT('',(5.25E0,3.5E-1,-5.9E0));
#661=LINE('',#660,#659);
#662=DIRECTION('',(0.E0,1.E0,0.E0));
#663=VECTOR('',#662,5.E-1);
#664=CARTESIAN_POINT('',(2.75E0,3.5E-1,-5.9E0));
#665=LINE('',#664,#663);
#666=DIRECTION('',(-1.E0,0.E0,0.E0));
#667=VECTOR('',#666,5.E-1);
#668=CARTESIAN_POINT('',(3.25E0,8.5E-1,-5.9E0));
#669=LINE('',#668,#667);
#670=DIRECTION('',(0.E0,1.E0,0.E0));
#671=VECTOR('',#670,5.E-1);
#672=CARTESIAN_POINT('',(3.25E0,3.5E-1,-5.9E0));
#673=LINE('',#672,#671);
#674=DIRECTION('',(-1.E0,0.E0,0.E0));
#675=VECTOR('',#674,5.E-1);
#676=CARTESIAN_POINT('',(3.25E0,3.5E-1,-5.9E0));
#677=LINE('',#676,#675);
#678=DIRECTION('',(0.E0,1.E0,0.E0));
#679=VECTOR('',#678,5.E-1);
#680=CARTESIAN_POINT('',(7.5E-1,3.5E-1,-5.9E0));
#681=LINE('',#680,#679);
#682=DIRECTION('',(-1.E0,0.E0,0.E0));
#683=VECTOR('',#682,5.E-1);
#684=CARTESIAN_POINT('',(1.25E0,8.5E-1,-5.9E0));
#685=LINE('',#684,#683);
#686=DIRECTION('',(0.E0,1.E0,0.E0));
#687=VECTOR('',#686,5.E-1);
#688=CARTESIAN_POINT('',(1.25E0,3.5E-1,-5.9E0));
#689=LINE('',#688,#687);
#690=DIRECTION('',(-1.E0,0.E0,0.E0));
#691=VECTOR('',#690,5.E-1);
#692=CARTESIAN_POINT('',(1.25E0,3.5E-1,-5.9E0));
#693=LINE('',#692,#691);
#694=DIRECTION('',(0.E0,1.E0,0.E0));
#695=VECTOR('',#694,5.E-1);
#696=CARTESIAN_POINT('',(-1.25E0,3.5E-1,-5.9E0));
#697=LINE('',#696,#695);
#698=DIRECTION('',(-1.E0,0.E0,0.E0));
#699=VECTOR('',#698,5.E-1);
#700=CARTESIAN_POINT('',(-7.5E-1,8.5E-1,-5.9E0));
#701=LINE('',#700,#699);
#702=DIRECTION('',(0.E0,1.E0,0.E0));
#703=VECTOR('',#702,5.E-1);
#704=CARTESIAN_POINT('',(-7.5E-1,3.5E-1,-5.9E0));
#705=LINE('',#704,#703);
#706=DIRECTION('',(-1.E0,0.E0,0.E0));
#707=VECTOR('',#706,5.E-1);
#708=CARTESIAN_POINT('',(-7.5E-1,3.5E-1,-5.9E0));
#709=LINE('',#708,#707);
#710=DIRECTION('',(0.E0,1.E0,0.E0));
#711=VECTOR('',#710,5.E-1);
#712=CARTESIAN_POINT('',(-3.25E0,3.5E-1,-5.9E0));
#713=LINE('',#712,#711);
#714=DIRECTION('',(-1.E0,0.E0,0.E0));
#715=VECTOR('',#714,5.E-1);
#716=CARTESIAN_POINT('',(-2.75E0,8.5E-1,-5.9E0));
#717=LINE('',#716,#715);
#718=DIRECTION('',(0.E0,1.E0,0.E0));
#719=VECTOR('',#718,5.E-1);
#720=CARTESIAN_POINT('',(-2.75E0,3.5E-1,-5.9E0));
#721=LINE('',#720,#719);
#722=DIRECTION('',(-1.E0,0.E0,0.E0));
#723=VECTOR('',#722,5.E-1);
#724=CARTESIAN_POINT('',(-2.75E0,3.5E-1,-5.9E0));
#725=LINE('',#724,#723);
#726=DIRECTION('',(0.E0,1.E0,0.E0));
#727=VECTOR('',#726,5.E-1);
#728=CARTESIAN_POINT('',(-5.25E0,3.5E-1,-5.9E0));
#729=LINE('',#728,#727);
#730=DIRECTION('',(-1.E0,0.E0,0.E0));
#731=VECTOR('',#730,5.E-1);
#732=CARTESIAN_POINT('',(-4.75E0,8.5E-1,-5.9E0));
#733=LINE('',#732,#731);
#734=DIRECTION('',(0.E0,1.E0,0.E0));
#735=VECTOR('',#734,5.E-1);
#736=CARTESIAN_POINT('',(-4.75E0,3.5E-1,-5.9E0));
#737=LINE('',#736,#735);
#738=DIRECTION('',(-1.E0,0.E0,0.E0));
#739=VECTOR('',#738,5.E-1);
#740=CARTESIAN_POINT('',(-4.75E0,3.5E-1,-5.9E0));
#741=LINE('',#740,#739);
#742=DIRECTION('',(0.E0,-1.E0,0.E0));
#743=VECTOR('',#742,8.5E-1);
#744=CARTESIAN_POINT('',(-8.E0,2.275E0,-6.05E0));
#745=LINE('',#744,#743);
#746=DIRECTION('',(0.E0,-2.777770335630E-1,-9.606455744055E-1));
#747=VECTOR('',#746,1.717594963180E0);
#748=CARTESIAN_POINT('',(-8.E0,1.425E0,-6.05E0));
#749=LINE('',#748,#747);
#750=DIRECTION('',(0.E0,-1.E0,0.E0));
#751=VECTOR('',#750,3.422891566265E0);
#752=CARTESIAN_POINT('',(-8.E0,9.478915662651E-1,-7.7E0));
#753=LINE('',#752,#751);
#754=DIRECTION('',(0.E0,0.E0,1.E0));
#755=VECTOR('',#754,2.4E0);
#756=CARTESIAN_POINT('',(-8.E0,-2.475E0,-7.7E0));
#757=LINE('',#756,#755);
#758=DIRECTION('',(1.E0,0.E0,0.E0));
#759=VECTOR('',#758,1.E0);
#760=CARTESIAN_POINT('',(-9.E0,1.425E0,-6.05E0));
#761=LINE('',#760,#759);
#762=DIRECTION('',(1.E0,0.E0,0.E0));
#763=VECTOR('',#762,1.E0);
#764=CARTESIAN_POINT('',(-9.E0,9.478915662651E-1,-7.7E0));
#765=LINE('',#764,#763);
#766=DIRECTION('',(0.E0,1.E0,0.E0));
#767=VECTOR('',#766,4.E-1);
#768=CARTESIAN_POINT('',(8.E0,-2.475E0,-5.3E0));
#769=LINE('',#768,#767);
#770=DIRECTION('',(0.E0,1.E0,0.E0));
#771=VECTOR('',#770,4.E-1);
#772=CARTESIAN_POINT('',(-8.E0,-2.475E0,-5.3E0));
#773=LINE('',#772,#771);
#774=DIRECTION('',(0.E0,9.606455744055E-1,-2.777770335630E-1));
#775=VECTOR('',#774,2.160005787029E0);
#776=CARTESIAN_POINT('',(8.E0,-2.075E0,-5.3E0));
#777=LINE('',#776,#775);
#778=DIRECTION('',(0.E0,9.606455744055E-1,-2.777770335630E-1));
#779=VECTOR('',#778,2.160005787029E0);
#780=CARTESIAN_POINT('',(-8.E0,-2.075E0,-5.3E0));
#781=LINE('',#780,#779);
#782=DIRECTION('',(-1.E0,0.E0,0.E0));
#783=VECTOR('',#782,1.6E1);
#784=CARTESIAN_POINT('',(8.E0,-2.075E0,-5.3E0));
#785=LINE('',#784,#783);
#786=DIRECTION('',(0.E0,0.E0,1.E0));
#787=VECTOR('',#786,8.930915111633E-2);
#788=CARTESIAN_POINT('',(6.75E0,8.5E-1,-5.989309151116E0));
#789=LINE('',#788,#787);
#790=DIRECTION('',(0.E0,0.E0,1.E0));
#791=VECTOR('',#790,8.930915111633E-2);
#792=CARTESIAN_POINT('',(6.75E0,3.5E-1,-5.989309151116E0));
#793=LINE('',#792,#791);
#794=CARTESIAN_POINT('',(6.75E0,3.393091511163E-1,-5.989309151116E0));
#795=DIRECTION('',(1.E0,0.E0,0.E0));
#796=DIRECTION('',(0.E0,0.E0,-1.E0));
#797=AXIS2_PLACEMENT_3D('',#794,#795,#796);
#799=DIRECTION('',(0.E0,1.E0,0.E0));
#800=VECTOR('',#799,2.769095149681E0);
#801=CARTESIAN_POINT('',(6.75E0,-2.429785998565E0,-6.E0));
#802=LINE('',#801,#800);
#803=DIRECTION('',(0.E0,-9.837782018659E-1,1.793891009329E-1));
#804=VECTOR('',#803,1.672342402296E0);
#805=CARTESIAN_POINT('',(6.75E0,-2.429785998565E0,-6.E0));
#806=LINE('',#805,#804);
#807=DIRECTION('',(0.E0,-9.857540543991E-1,-1.681931753540E-1));
#808=VECTOR('',#807,1.826013285938E0);
#809=CARTESIAN_POINT('',(6.75E0,-4.075E0,-5.7E0));
#810=LINE('',#809,#808);
#811=DIRECTION('',(0.E0,1.681931753540E-1,-9.857540543991E-1));
#812=VECTOR('',#811,5.E-1);
#813=CARTESIAN_POINT('',(6.75E0,-5.875E0,-6.007122972800E0));
#814=LINE('',#813,#812);
#815=DIRECTION('',(0.E0,9.857540543991E-1,1.681931753540E-1));
#816=VECTOR('',#815,1.737773483015E0);
#817=CARTESIAN_POINT('',(6.75E0,-5.790903412323E0,-6.5E0));
#818=LINE('',#817,#816);
#819=DIRECTION('',(0.E0,9.837782018659E-1,-1.793891009329E-1));
#820=VECTOR('',#819,1.629316600809E0);
#821=CARTESIAN_POINT('',(6.75E0,-4.077886155814E0,-6.207718359846E0));
#822=LINE('',#821,#820);
#823=DIRECTION('',(0.E0,1.E0,0.E0));
#824=VECTOR('',#823,2.814309151116E0);
#825=CARTESIAN_POINT('',(6.75E0,-2.475E0,-6.5E0));
#826=LINE('',#825,#824);
#827=CARTESIAN_POINT('',(6.75E0,3.393091511163E-1,-5.989309151116E0));
#828=DIRECTION('',(-1.E0,0.E0,0.E0));
#829=DIRECTION('',(0.E0,1.E0,0.E0));
#830=AXIS2_PLACEMENT_3D('',#827,#828,#829);
#832=DIRECTION('',(1.E0,0.E0,0.E0));
#833=VECTOR('',#832,5.E-1);
#834=CARTESIAN_POINT('',(6.75E0,8.5E-1,-5.989309151116E0));
#835=LINE('',#834,#833);
#836=DIRECTION('',(1.E0,0.E0,0.E0));
#837=VECTOR('',#836,5.E-1);
#838=CARTESIAN_POINT('',(6.75E0,3.393091511163E-1,-6.5E0));
#839=LINE('',#838,#837);
#840=DIRECTION('',(-1.E0,-1.065814103640E-14,0.E0));
#841=VECTOR('',#840,5.E-1);
#842=CARTESIAN_POINT('',(7.25E0,-2.475E0,-6.5E0));
#843=LINE('',#842,#841);
#844=DIRECTION('',(-1.E0,-1.065814103640E-14,0.E0));
#845=VECTOR('',#844,5.E-1);
#846=CARTESIAN_POINT('',(7.25E0,-4.077886155814E0,-6.207718359846E0));
#847=LINE('',#846,#845);
#848=DIRECTION('',(-1.E0,0.E0,0.E0));
#849=VECTOR('',#848,5.E-1);
#850=CARTESIAN_POINT('',(7.25E0,-5.790903412323E0,-6.5E0));
#851=LINE('',#850,#849);
#852=DIRECTION('',(-1.E0,0.E0,0.E0));
#853=VECTOR('',#852,5.E-1);
#854=CARTESIAN_POINT('',(7.25E0,-5.875E0,-6.007122972800E0));
#855=LINE('',#854,#853);
#856=DIRECTION('',(-1.E0,0.E0,0.E0));
#857=VECTOR('',#856,5.E-1);
#858=CARTESIAN_POINT('',(7.25E0,-4.075E0,-5.7E0));
#859=LINE('',#858,#857);
#860=DIRECTION('',(1.E0,0.E0,0.E0));
#861=VECTOR('',#860,5.E-1);
#862=CARTESIAN_POINT('',(6.75E0,-2.429785998565E0,-6.E0));
#863=LINE('',#862,#861);
#864=DIRECTION('',(1.E0,0.E0,0.E0));
#865=VECTOR('',#864,5.E-1);
#866=CARTESIAN_POINT('',(6.75E0,3.393091511163E-1,-6.E0));
#867=LINE('',#866,#865);
#868=DIRECTION('',(1.E0,0.E0,0.E0));
#869=VECTOR('',#868,5.E-1);
#870=CARTESIAN_POINT('',(6.75E0,3.5E-1,-5.989309151116E0));
#871=LINE('',#870,#869);
#872=DIRECTION('',(0.E0,0.E0,1.E0));
#873=VECTOR('',#872,8.930915111633E-2);
#874=CARTESIAN_POINT('',(7.25E0,8.5E-1,-5.989309151116E0));
#875=LINE('',#874,#873);
#876=CARTESIAN_POINT('',(7.25E0,3.393091511163E-1,-5.989309151116E0));
#877=DIRECTION('',(-1.E0,0.E0,0.E0));
#878=DIRECTION('',(0.E0,1.E0,0.E0));
#879=AXIS2_PLACEMENT_3D('',#876,#877,#878);
#881=DIRECTION('',(0.E0,1.E0,0.E0));
#882=VECTOR('',#881,2.814309151116E0);
#883=CARTESIAN_POINT('',(7.25E0,-2.475E0,-6.5E0));
#884=LINE('',#883,#882);
#885=DIRECTION('',(0.E0,9.837782018659E-1,-1.793891009329E-1));
#886=VECTOR('',#885,1.629316600809E0);
#887=CARTESIAN_POINT('',(7.25E0,-4.077886155814E0,-6.207718359846E0));
#888=LINE('',#887,#886);
#889=DIRECTION('',(0.E0,9.857540543991E-1,1.681931753540E-1));
#890=VECTOR('',#889,1.737773483015E0);
#891=CARTESIAN_POINT('',(7.25E0,-5.790903412323E0,-6.5E0));
#892=LINE('',#891,#890);
#893=DIRECTION('',(0.E0,1.681931753540E-1,-9.857540543991E-1));
#894=VECTOR('',#893,5.E-1);
#895=CARTESIAN_POINT('',(7.25E0,-5.875E0,-6.007122972800E0));
#896=LINE('',#895,#894);
#897=DIRECTION('',(0.E0,-9.857540543991E-1,-1.681931753540E-1));
#898=VECTOR('',#897,1.826013285938E0);
#899=CARTESIAN_POINT('',(7.25E0,-4.075E0,-5.7E0));
#900=LINE('',#899,#898);
#901=DIRECTION('',(0.E0,-9.837782018659E-1,1.793891009329E-1));
#902=VECTOR('',#901,1.672342402296E0);
#903=CARTESIAN_POINT('',(7.25E0,-2.429785998565E0,-6.E0));
#904=LINE('',#903,#902);
#905=DIRECTION('',(0.E0,1.E0,0.E0));
#906=VECTOR('',#905,2.769095149681E0);
#907=CARTESIAN_POINT('',(7.25E0,-2.429785998565E0,-6.E0));
#908=LINE('',#907,#906);
#909=CARTESIAN_POINT('',(7.25E0,3.393091511163E-1,-5.989309151116E0));
#910=DIRECTION('',(1.E0,0.E0,0.E0));
#911=DIRECTION('',(0.E0,0.E0,-1.E0));
#912=AXIS2_PLACEMENT_3D('',#909,#910,#911);
#914=DIRECTION('',(0.E0,0.E0,1.E0));
#915=VECTOR('',#914,8.930915111633E-2);
#916=CARTESIAN_POINT('',(7.25E0,3.5E-1,-5.989309151116E0));
#917=LINE('',#916,#915);
#918=DIRECTION('',(0.E0,0.E0,-1.E0));
#919=VECTOR('',#918,8.930915111633E-2);
#920=CARTESIAN_POINT('',(-6.75E0,8.5E-1,-5.9E0));
#921=LINE('',#920,#919);
#922=CARTESIAN_POINT('',(-6.75E0,3.393091511163E-1,-5.989309151116E0));
#923=DIRECTION('',(-1.E0,0.E0,0.E0));
#924=DIRECTION('',(0.E0,1.E0,0.E0));
#925=AXIS2_PLACEMENT_3D('',#922,#923,#924);
#927=DIRECTION('',(0.E0,-1.E0,0.E0));
#928=VECTOR('',#927,2.814309151116E0);
#929=CARTESIAN_POINT('',(-6.75E0,3.393091511163E-1,-6.5E0));
#930=LINE('',#929,#928);
#931=DIRECTION('',(0.E0,-9.837782018659E-1,1.793891009329E-1));
#932=VECTOR('',#931,1.629316600809E0);
#933=CARTESIAN_POINT('',(-6.75E0,-2.475E0,-6.5E0));
#934=LINE('',#933,#932);
#935=DIRECTION('',(0.E0,-9.857540543991E-1,-1.681931753540E-1));
#936=VECTOR('',#935,1.737773483015E0);
#937=CARTESIAN_POINT('',(-6.75E0,-4.077886155814E0,-6.207718359846E0));
#938=LINE('',#937,#936);
#939=DIRECTION('',(0.E0,-1.681931753540E-1,9.857540543991E-1));
#940=VECTOR('',#939,5.E-1);
#941=CARTESIAN_POINT('',(-6.75E0,-5.790903412323E0,-6.5E0));
#942=LINE('',#941,#940);
#943=DIRECTION('',(0.E0,9.857540543991E-1,1.681931753540E-1));
#944=VECTOR('',#943,1.826013285938E0);
#945=CARTESIAN_POINT('',(-6.75E0,-5.875E0,-6.007122972800E0));
#946=LINE('',#945,#944);
#947=DIRECTION('',(0.E0,9.837782018659E-1,-1.793891009329E-1));
#948=VECTOR('',#947,1.672342402296E0);
#949=CARTESIAN_POINT('',(-6.75E0,-4.075E0,-5.7E0));
#950=LINE('',#949,#948);
#951=DIRECTION('',(0.E0,1.E0,0.E0));
#952=VECTOR('',#951,2.769095149681E0);
#953=CARTESIAN_POINT('',(-6.75E0,-2.429785998565E0,-6.E0));
#954=LINE('',#953,#952);
#955=CARTESIAN_POINT('',(-6.75E0,3.393091511163E-1,-5.989309151116E0));
#956=DIRECTION('',(1.E0,0.E0,0.E0));
#957=DIRECTION('',(0.E0,0.E0,-1.E0));
#958=AXIS2_PLACEMENT_3D('',#955,#956,#957);
#960=DIRECTION('',(0.E0,0.E0,1.E0));
#961=VECTOR('',#960,8.930915111633E-2);
#962=CARTESIAN_POINT('',(-6.75E0,3.5E-1,-5.989309151116E0));
#963=LINE('',#962,#961);
#964=DIRECTION('',(0.E0,0.E0,-1.E0));
#965=VECTOR('',#964,8.930915111633E-2);
#966=CARTESIAN_POINT('',(-7.25E0,8.5E-1,-5.9E0));
#967=LINE('',#966,#965);
#968=DIRECTION('',(0.E0,0.E0,1.E0));
#969=VECTOR('',#968,8.930915111633E-2);
#970=CARTESIAN_POINT('',(-7.25E0,3.5E-1,-5.989309151116E0));
#971=LINE('',#970,#969);
#972=CARTESIAN_POINT('',(-7.25E0,3.393091511163E-1,-5.989309151116E0));
#973=DIRECTION('',(1.E0,0.E0,0.E0));
#974=DIRECTION('',(0.E0,0.E0,-1.E0));
#975=AXIS2_PLACEMENT_3D('',#972,#973,#974);
#977=DIRECTION('',(0.E0,1.E0,0.E0));
#978=VECTOR('',#977,2.769095149681E0);
#979=CARTESIAN_POINT('',(-7.25E0,-2.429785998565E0,-6.E0));
#980=LINE('',#979,#978);
#981=DIRECTION('',(0.E0,9.837782018659E-1,-1.793891009329E-1));
#982=VECTOR('',#981,1.672342402296E0);
#983=CARTESIAN_POINT('',(-7.25E0,-4.075E0,-5.7E0));
#984=LINE('',#983,#982);
#985=DIRECTION('',(0.E0,9.857540543991E-1,1.681931753540E-1));
#986=VECTOR('',#985,1.826013285938E0);
#987=CARTESIAN_POINT('',(-7.25E0,-5.875E0,-6.007122972800E0));
#988=LINE('',#987,#986);
#989=DIRECTION('',(0.E0,-1.681931753540E-1,9.857540543991E-1));
#990=VECTOR('',#989,5.E-1);
#991=CARTESIAN_POINT('',(-7.25E0,-5.790903412323E0,-6.5E0));
#992=LINE('',#991,#990);
#993=DIRECTION('',(0.E0,-9.857540543991E-1,-1.681931753540E-1));
#994=VECTOR('',#993,1.737773483015E0);
#995=CARTESIAN_POINT('',(-7.25E0,-4.077886155814E0,-6.207718359846E0));
#996=LINE('',#995,#994);
#997=DIRECTION('',(0.E0,-9.837782018659E-1,1.793891009329E-1));
#998=VECTOR('',#997,1.629316600809E0);
#999=CARTESIAN_POINT('',(-7.25E0,-2.475E0,-6.5E0));
#1000=LINE('',#999,#998);
#1001=DIRECTION('',(0.E0,-1.E0,0.E0));
#1002=VECTOR('',#1001,2.814309151116E0);
#1003=CARTESIAN_POINT('',(-7.25E0,3.393091511163E-1,-6.5E0));
#1004=LINE('',#1003,#1002);
#1005=CARTESIAN_POINT('',(-7.25E0,3.393091511163E-1,-5.989309151116E0));
#1006=DIRECTION('',(-1.E0,0.E0,0.E0));
#1007=DIRECTION('',(0.E0,1.E0,0.E0));
#1008=AXIS2_PLACEMENT_3D('',#1005,#1006,#1007);
#1010=DIRECTION('',(-1.E0,0.E0,0.E0));
#1011=VECTOR('',#1010,5.E-1);
#1012=CARTESIAN_POINT('',(-6.75E0,3.5E-1,-5.989309151116E0));
#1013=LINE('',#1012,#1011);
#1014=DIRECTION('',(-1.E0,0.E0,0.E0));
#1015=VECTOR('',#1014,5.E-1);
#1016=CARTESIAN_POINT('',(-6.75E0,3.393091511163E-1,-6.E0));
#1017=LINE('',#1016,#1015);
#1018=DIRECTION('',(-1.E0,0.E0,0.E0));
#1019=VECTOR('',#1018,5.E-1);
#1020=CARTESIAN_POINT('',(-6.75E0,-2.429785998565E0,-6.E0));
#1021=LINE('',#1020,#1019);
#1022=DIRECTION('',(-1.E0,0.E0,0.E0));
#1023=VECTOR('',#1022,5.E-1);
#1024=CARTESIAN_POINT('',(-6.75E0,-4.075E0,-5.7E0));
#1025=LINE('',#1024,#1023);
#1026=DIRECTION('',(-1.E0,0.E0,0.E0));
#1027=VECTOR('',#1026,5.E-1);
#1028=CARTESIAN_POINT('',(-6.75E0,-5.875E0,-6.007122972800E0));
#1029=LINE('',#1028,#1027);
#1030=DIRECTION('',(-1.E0,0.E0,0.E0));
#1031=VECTOR('',#1030,5.E-1);
#1032=CARTESIAN_POINT('',(-6.75E0,-5.790903412323E0,-6.5E0));
#1033=LINE('',#1032,#1031);
#1034=DIRECTION('',(-1.E0,1.065814103640E-14,0.E0));
#1035=VECTOR('',#1034,5.E-1);
#1036=CARTESIAN_POINT('',(-6.75E0,-4.077886155814E0,-6.207718359846E0));
#1037=LINE('',#1036,#1035);
#1038=DIRECTION('',(-1.E0,1.065814103640E-14,0.E0));
#1039=VECTOR('',#1038,5.E-1);
#1040=CARTESIAN_POINT('',(-6.75E0,-2.475E0,-6.5E0));
#1041=LINE('',#1040,#1039);
#1042=DIRECTION('',(-1.E0,0.E0,0.E0));
#1043=VECTOR('',#1042,5.E-1);
#1044=CARTESIAN_POINT('',(-6.75E0,3.393091511163E-1,-6.5E0));
#1045=LINE('',#1044,#1043);
#1046=DIRECTION('',(-1.E0,0.E0,0.E0));
#1047=VECTOR('',#1046,5.E-1);
#1048=CARTESIAN_POINT('',(-6.75E0,8.5E-1,-5.989309151116E0));
#1049=LINE('',#1048,#1047);
#1050=DIRECTION('',(0.E0,0.E0,1.E0));
#1051=VECTOR('',#1050,3.5E0);
#1052=CARTESIAN_POINT('',(4.75E0,3.5E-1,-4.3E0));
#1053=LINE('',#1052,#1051);
#1054=DIRECTION('',(0.E0,0.E0,-1.E0));
#1055=VECTOR('',#1054,3.5E0);
#1056=CARTESIAN_POINT('',(4.75E0,8.5E-1,-8.E-1));
#1057=LINE('',#1056,#1055);
#1058=DIRECTION('',(0.E0,1.E0,0.E0));
#1059=VECTOR('',#1058,5.E-1);
#1060=CARTESIAN_POINT('',(4.75E0,3.5E-1,-8.E-1));
#1061=LINE('',#1060,#1059);
#1062=DIRECTION('',(0.E0,0.E0,-1.E0));
#1063=VECTOR('',#1062,8.930915111633E-2);
#1064=CARTESIAN_POINT('',(4.75E0,8.5E-1,-5.9E0));
#1065=LINE('',#1064,#1063);
#1066=DIRECTION('',(0.E0,0.E0,1.E0));
#1067=VECTOR('',#1066,8.930915111633E-2);
#1068=CARTESIAN_POINT('',(4.75E0,3.5E-1,-5.989309151116E0));
#1069=LINE('',#1068,#1067);
#1070=CARTESIAN_POINT('',(4.75E0,3.393091511163E-1,-5.989309151116E0));
#1071=DIRECTION('',(1.E0,0.E0,0.E0));
#1072=DIRECTION('',(0.E0,0.E0,-1.E0));
#1073=AXIS2_PLACEMENT_3D('',#1070,#1071,#1072);
#1075=DIRECTION('',(0.E0,1.E0,0.E0));
#1076=VECTOR('',#1075,6.214309151116E0);
#1077=CARTESIAN_POINT('',(4.75E0,-5.875E0,-6.E0));
#1078=LINE('',#1077,#1076);
#1079=DIRECTION('',(0.E0,0.E0,1.E0));
#1080=VECTOR('',#1079,5.E-1);
#1081=CARTESIAN_POINT('',(4.75E0,-5.875E0,-6.5E0));
#1082=LINE('',#1081,#1080);
#1083=DIRECTION('',(0.E0,-1.E0,0.E0));
#1084=VECTOR('',#1083,6.214309151116E0);
#1085=CARTESIAN_POINT('',(4.75E0,3.393091511163E-1,-6.5E0));
#1086=LINE('',#1085,#1084);
#1087=CARTESIAN_POINT('',(4.75E0,3.393091511163E-1,-5.989309151116E0));
#1088=DIRECTION('',(-1.E0,0.E0,0.E0));
#1089=DIRECTION('',(0.E0,1.E0,0.E0));
#1090=AXIS2_PLACEMENT_3D('',#1087,#1088,#1089);
#1092=DIRECTION('',(1.E0,0.E0,0.E0));
#1093=VECTOR('',#1092,5.E-1);
#1094=CARTESIAN_POINT('',(4.75E0,3.5E-1,-8.E-1));
#1095=LINE('',#1094,#1093);
#1096=DIRECTION('',(1.E0,0.E0,0.E0));
#1097=VECTOR('',#1096,5.E-1);
#1098=CARTESIAN_POINT('',(4.75E0,8.5E-1,-8.E-1));
#1099=LINE('',#1098,#1097);
#1100=DIRECTION('',(0.E0,0.E0,1.E0));
#1101=VECTOR('',#1100,3.5E0);
#1102=CARTESIAN_POINT('',(5.25E0,3.5E-1,-4.3E0));
#1103=LINE('',#1102,#1101);
#1104=DIRECTION('',(0.E0,1.E0,0.E0));
#1105=VECTOR('',#1104,5.E-1);
#1106=CARTESIAN_POINT('',(5.25E0,3.5E-1,-8.E-1));
#1107=LINE('',#1106,#1105);
#1108=DIRECTION('',(0.E0,0.E0,-1.E0));
#1109=VECTOR('',#1108,3.5E0);
#1110=CARTESIAN_POINT('',(5.25E0,8.5E-1,-8.E-1));
#1111=LINE('',#1110,#1109);
#1112=DIRECTION('',(0.E0,0.E0,-1.E0));
#1113=VECTOR('',#1112,8.930915111633E-2);
#1114=CARTESIAN_POINT('',(5.25E0,8.5E-1,-5.9E0));
#1115=LINE('',#1114,#1113);
#1116=CARTESIAN_POINT('',(5.25E0,3.393091511163E-1,-5.989309151116E0));
#1117=DIRECTION('',(-1.E0,0.E0,0.E0));
#1118=DIRECTION('',(0.E0,1.E0,0.E0));
#1119=AXIS2_PLACEMENT_3D('',#1116,#1117,#1118);
#1121=DIRECTION('',(0.E0,-1.E0,0.E0));
#1122=VECTOR('',#1121,6.214309151116E0);
#1123=CARTESIAN_POINT('',(5.25E0,3.393091511163E-1,-6.5E0));
#1124=LINE('',#1123,#1122);
#1125=DIRECTION('',(0.E0,0.E0,1.E0));
#1126=VECTOR('',#1125,5.E-1);
#1127=CARTESIAN_POINT('',(5.25E0,-5.875E0,-6.5E0));
#1128=LINE('',#1127,#1126);
#1129=DIRECTION('',(0.E0,1.E0,0.E0));
#1130=VECTOR('',#1129,6.214309151116E0);
#1131=CARTESIAN_POINT('',(5.25E0,-5.875E0,-6.E0));
#1132=LINE('',#1131,#1130);
#1133=CARTESIAN_POINT('',(5.25E0,3.393091511163E-1,-5.989309151116E0));
#1134=DIRECTION('',(1.E0,0.E0,0.E0));
#1135=DIRECTION('',(0.E0,0.E0,-1.E0));
#1136=AXIS2_PLACEMENT_3D('',#1133,#1134,#1135);
#1138=DIRECTION('',(0.E0,0.E0,1.E0));
#1139=VECTOR('',#1138,8.930915111633E-2);
#1140=CARTESIAN_POINT('',(5.25E0,3.5E-1,-5.989309151116E0));
#1141=LINE('',#1140,#1139);
#1142=DIRECTION('',(1.E0,0.E0,0.E0));
#1143=VECTOR('',#1142,5.E-1);
#1144=CARTESIAN_POINT('',(4.75E0,8.5E-1,-5.989309151116E0));
#1145=LINE('',#1144,#1143);
#1146=DIRECTION('',(1.E0,0.E0,0.E0));
#1147=VECTOR('',#1146,5.E-1);
#1148=CARTESIAN_POINT('',(4.75E0,3.393091511163E-1,-6.5E0));
#1149=LINE('',#1148,#1147);
#1150=DIRECTION('',(1.E0,0.E0,0.E0));
#1151=VECTOR('',#1150,5.E-1);
#1152=CARTESIAN_POINT('',(4.75E0,-5.875E0,-6.5E0));
#1153=LINE('',#1152,#1151);
#1154=DIRECTION('',(1.E0,0.E0,0.E0));
#1155=VECTOR('',#1154,5.E-1);
#1156=CARTESIAN_POINT('',(4.75E0,-5.875E0,-6.E0));
#1157=LINE('',#1156,#1155);
#1158=DIRECTION('',(1.E0,0.E0,0.E0));
#1159=VECTOR('',#1158,5.E-1);
#1160=CARTESIAN_POINT('',(4.75E0,3.393091511163E-1,-6.E0));
#1161=LINE('',#1160,#1159);
#1162=DIRECTION('',(1.E0,0.E0,0.E0));
#1163=VECTOR('',#1162,5.E-1);
#1164=CARTESIAN_POINT('',(4.75E0,3.5E-1,-5.989309151116E0));
#1165=LINE('',#1164,#1163);
#1166=DIRECTION('',(0.E0,0.E0,1.E0));
#1167=VECTOR('',#1166,3.5E0);
#1168=CARTESIAN_POINT('',(2.75E0,3.5E-1,-4.3E0));
#1169=LINE('',#1168,#1167);
#1170=DIRECTION('',(0.E0,0.E0,-1.E0));
#1171=VECTOR('',#1170,3.5E0);
#1172=CARTESIAN_POINT('',(2.75E0,8.5E-1,-8.E-1));
#1173=LINE('',#1172,#1171);
#1174=DIRECTION('',(0.E0,1.E0,0.E0));
#1175=VECTOR('',#1174,5.E-1);
#1176=CARTESIAN_POINT('',(2.75E0,3.5E-1,-8.E-1));
#1177=LINE('',#1176,#1175);
#1178=DIRECTION('',(0.E0,0.E0,-1.E0));
#1179=VECTOR('',#1178,8.930915111633E-2);
#1180=CARTESIAN_POINT('',(2.75E0,8.5E-1,-5.9E0));
#1181=LINE('',#1180,#1179);
#1182=DIRECTION('',(0.E0,0.E0,1.E0));
#1183=VECTOR('',#1182,8.930915111633E-2);
#1184=CARTESIAN_POINT('',(2.75E0,3.5E-1,-5.989309151116E0));
#1185=LINE('',#1184,#1183);
#1186=CARTESIAN_POINT('',(2.75E0,3.393091511163E-1,-5.989309151116E0));
#1187=DIRECTION('',(1.E0,0.E0,0.E0));
#1188=DIRECTION('',(0.E0,0.E0,-1.E0));
#1189=AXIS2_PLACEMENT_3D('',#1186,#1187,#1188);
#1191=DIRECTION('',(0.E0,1.E0,0.E0));
#1192=VECTOR('',#1191,6.214309151116E0);
#1193=CARTESIAN_POINT('',(2.75E0,-5.875E0,-6.E0));
#1194=LINE('',#1193,#1192);
#1195=DIRECTION('',(0.E0,0.E0,1.E0));
#1196=VECTOR('',#1195,5.E-1);
#1197=CARTESIAN_POINT('',(2.75E0,-5.875E0,-6.5E0));
#1198=LINE('',#1197,#1196);
#1199=DIRECTION('',(0.E0,-1.E0,0.E0));
#1200=VECTOR('',#1199,6.214309151116E0);
#1201=CARTESIAN_POINT('',(2.75E0,3.393091511163E-1,-6.5E0));
#1202=LINE('',#1201,#1200);
#1203=CARTESIAN_POINT('',(2.75E0,3.393091511163E-1,-5.989309151116E0));
#1204=DIRECTION('',(-1.E0,0.E0,0.E0));
#1205=DIRECTION('',(0.E0,1.E0,0.E0));
#1206=AXIS2_PLACEMENT_3D('',#1203,#1204,#1205);
#1208=DIRECTION('',(1.E0,0.E0,0.E0));
#1209=VECTOR('',#1208,5.E-1);
#1210=CARTESIAN_POINT('',(2.75E0,3.5E-1,-8.E-1));
#1211=LINE('',#1210,#1209);
#1212=DIRECTION('',(1.E0,0.E0,0.E0));
#1213=VECTOR('',#1212,5.E-1);
#1214=CARTESIAN_POINT('',(2.75E0,8.5E-1,-8.E-1));
#1215=LINE('',#1214,#1213);
#1216=DIRECTION('',(0.E0,0.E0,1.E0));
#1217=VECTOR('',#1216,3.5E0);
#1218=CARTESIAN_POINT('',(3.25E0,3.5E-1,-4.3E0));
#1219=LINE('',#1218,#1217);
#1220=DIRECTION('',(0.E0,1.E0,0.E0));
#1221=VECTOR('',#1220,5.E-1);
#1222=CARTESIAN_POINT('',(3.25E0,3.5E-1,-8.E-1));
#1223=LINE('',#1222,#1221);
#1224=DIRECTION('',(0.E0,0.E0,-1.E0));
#1225=VECTOR('',#1224,3.5E0);
#1226=CARTESIAN_POINT('',(3.25E0,8.5E-1,-8.E-1));
#1227=LINE('',#1226,#1225);
#1228=DIRECTION('',(0.E0,0.E0,-1.E0));
#1229=VECTOR('',#1228,8.930915111633E-2);
#1230=CARTESIAN_POINT('',(3.25E0,8.5E-1,-5.9E0));
#1231=LINE('',#1230,#1229);
#1232=CARTESIAN_POINT('',(3.25E0,3.393091511163E-1,-5.989309151116E0));
#1233=DIRECTION('',(-1.E0,0.E0,0.E0));
#1234=DIRECTION('',(0.E0,1.E0,0.E0));
#1235=AXIS2_PLACEMENT_3D('',#1232,#1233,#1234);
#1237=DIRECTION('',(0.E0,-1.E0,0.E0));
#1238=VECTOR('',#1237,6.214309151116E0);
#1239=CARTESIAN_POINT('',(3.25E0,3.393091511163E-1,-6.5E0));
#1240=LINE('',#1239,#1238);
#1241=DIRECTION('',(0.E0,0.E0,1.E0));
#1242=VECTOR('',#1241,5.E-1);
#1243=CARTESIAN_POINT('',(3.25E0,-5.875E0,-6.5E0));
#1244=LINE('',#1243,#1242);
#1245=DIRECTION('',(0.E0,1.E0,0.E0));
#1246=VECTOR('',#1245,6.214309151116E0);
#1247=CARTESIAN_POINT('',(3.25E0,-5.875E0,-6.E0));
#1248=LINE('',#1247,#1246);
#1249=CARTESIAN_POINT('',(3.25E0,3.393091511163E-1,-5.989309151116E0));
#1250=DIRECTION('',(1.E0,0.E0,0.E0));
#1251=DIRECTION('',(0.E0,0.E0,-1.E0));
#1252=AXIS2_PLACEMENT_3D('',#1249,#1250,#1251);
#1254=DIRECTION('',(0.E0,0.E0,1.E0));
#1255=VECTOR('',#1254,8.930915111633E-2);
#1256=CARTESIAN_POINT('',(3.25E0,3.5E-1,-5.989309151116E0));
#1257=LINE('',#1256,#1255);
#1258=DIRECTION('',(1.E0,0.E0,0.E0));
#1259=VECTOR('',#1258,5.E-1);
#1260=CARTESIAN_POINT('',(2.75E0,8.5E-1,-5.989309151116E0));
#1261=LINE('',#1260,#1259);
#1262=DIRECTION('',(1.E0,0.E0,0.E0));
#1263=VECTOR('',#1262,5.E-1);
#1264=CARTESIAN_POINT('',(2.75E0,3.393091511163E-1,-6.5E0));
#1265=LINE('',#1264,#1263);
#1266=DIRECTION('',(1.E0,0.E0,0.E0));
#1267=VECTOR('',#1266,5.E-1);
#1268=CARTESIAN_POINT('',(2.75E0,-5.875E0,-6.5E0));
#1269=LINE('',#1268,#1267);
#1270=DIRECTION('',(1.E0,0.E0,0.E0));
#1271=VECTOR('',#1270,5.E-1);
#1272=CARTESIAN_POINT('',(2.75E0,-5.875E0,-6.E0));
#1273=LINE('',#1272,#1271);
#1274=DIRECTION('',(1.E0,0.E0,0.E0));
#1275=VECTOR('',#1274,5.E-1);
#1276=CARTESIAN_POINT('',(2.75E0,3.393091511163E-1,-6.E0));
#1277=LINE('',#1276,#1275);
#1278=DIRECTION('',(1.E0,0.E0,0.E0));
#1279=VECTOR('',#1278,5.E-1);
#1280=CARTESIAN_POINT('',(2.75E0,3.5E-1,-5.989309151116E0));
#1281=LINE('',#1280,#1279);
#1282=DIRECTION('',(0.E0,0.E0,1.E0));
#1283=VECTOR('',#1282,3.5E0);
#1284=CARTESIAN_POINT('',(7.5E-1,3.5E-1,-4.3E0));
#1285=LINE('',#1284,#1283);
#1286=DIRECTION('',(0.E0,0.E0,-1.E0));
#1287=VECTOR('',#1286,3.5E0);
#1288=CARTESIAN_POINT('',(7.5E-1,8.5E-1,-8.E-1));
#1289=LINE('',#1288,#1287);
#1290=DIRECTION('',(0.E0,1.E0,0.E0));
#1291=VECTOR('',#1290,5.E-1);
#1292=CARTESIAN_POINT('',(7.5E-1,3.5E-1,-8.E-1));
#1293=LINE('',#1292,#1291);
#1294=DIRECTION('',(0.E0,0.E0,-1.E0));
#1295=VECTOR('',#1294,8.930915111633E-2);
#1296=CARTESIAN_POINT('',(7.5E-1,8.5E-1,-5.9E0));
#1297=LINE('',#1296,#1295);
#1298=DIRECTION('',(0.E0,0.E0,1.E0));
#1299=VECTOR('',#1298,8.930915111633E-2);
#1300=CARTESIAN_POINT('',(7.5E-1,3.5E-1,-5.989309151116E0));
#1301=LINE('',#1300,#1299);
#1302=CARTESIAN_POINT('',(7.5E-1,3.393091511163E-1,-5.989309151116E0));
#1303=DIRECTION('',(1.E0,0.E0,0.E0));
#1304=DIRECTION('',(0.E0,0.E0,-1.E0));
#1305=AXIS2_PLACEMENT_3D('',#1302,#1303,#1304);
#1307=DIRECTION('',(0.E0,1.E0,0.E0));
#1308=VECTOR('',#1307,6.214309151116E0);
#1309=CARTESIAN_POINT('',(7.5E-1,-5.875E0,-6.E0));
#1310=LINE('',#1309,#1308);
#1311=DIRECTION('',(0.E0,0.E0,1.E0));
#1312=VECTOR('',#1311,5.E-1);
#1313=CARTESIAN_POINT('',(7.5E-1,-5.875E0,-6.5E0));
#1314=LINE('',#1313,#1312);
#1315=DIRECTION('',(0.E0,-1.E0,0.E0));
#1316=VECTOR('',#1315,6.214309151116E0);
#1317=CARTESIAN_POINT('',(7.5E-1,3.393091511163E-1,-6.5E0));
#1318=LINE('',#1317,#1316);
#1319=CARTESIAN_POINT('',(7.5E-1,3.393091511163E-1,-5.989309151116E0));
#1320=DIRECTION('',(-1.E0,0.E0,0.E0));
#1321=DIRECTION('',(0.E0,1.E0,0.E0));
#1322=AXIS2_PLACEMENT_3D('',#1319,#1320,#1321);
#1324=DIRECTION('',(1.E0,0.E0,0.E0));
#1325=VECTOR('',#1324,5.E-1);
#1326=CARTESIAN_POINT('',(7.5E-1,3.5E-1,-8.E-1));
#1327=LINE('',#1326,#1325);
#1328=DIRECTION('',(1.E0,0.E0,0.E0));
#1329=VECTOR('',#1328,5.E-1);
#1330=CARTESIAN_POINT('',(7.5E-1,8.5E-1,-8.E-1));
#1331=LINE('',#1330,#1329);
#1332=DIRECTION('',(0.E0,0.E0,1.E0));
#1333=VECTOR('',#1332,3.5E0);
#1334=CARTESIAN_POINT('',(1.25E0,3.5E-1,-4.3E0));
#1335=LINE('',#1334,#1333);
#1336=DIRECTION('',(0.E0,1.E0,0.E0));
#1337=VECTOR('',#1336,5.E-1);
#1338=CARTESIAN_POINT('',(1.25E0,3.5E-1,-8.E-1));
#1339=LINE('',#1338,#1337);
#1340=DIRECTION('',(0.E0,0.E0,-1.E0));
#1341=VECTOR('',#1340,3.5E0);
#1342=CARTESIAN_POINT('',(1.25E0,8.5E-1,-8.E-1));
#1343=LINE('',#1342,#1341);
#1344=DIRECTION('',(0.E0,0.E0,-1.E0));
#1345=VECTOR('',#1344,8.930915111633E-2);
#1346=CARTESIAN_POINT('',(1.25E0,8.5E-1,-5.9E0));
#1347=LINE('',#1346,#1345);
#1348=CARTESIAN_POINT('',(1.25E0,3.393091511163E-1,-5.989309151116E0));
#1349=DIRECTION('',(-1.E0,0.E0,0.E0));
#1350=DIRECTION('',(0.E0,1.E0,0.E0));
#1351=AXIS2_PLACEMENT_3D('',#1348,#1349,#1350);
#1353=DIRECTION('',(0.E0,-1.E0,0.E0));
#1354=VECTOR('',#1353,6.214309151116E0);
#1355=CARTESIAN_POINT('',(1.25E0,3.393091511163E-1,-6.5E0));
#1356=LINE('',#1355,#1354);
#1357=DIRECTION('',(0.E0,0.E0,1.E0));
#1358=VECTOR('',#1357,5.E-1);
#1359=CARTESIAN_POINT('',(1.25E0,-5.875E0,-6.5E0));
#1360=LINE('',#1359,#1358);
#1361=DIRECTION('',(0.E0,1.E0,0.E0));
#1362=VECTOR('',#1361,6.214309151116E0);
#1363=CARTESIAN_POINT('',(1.25E0,-5.875E0,-6.E0));
#1364=LINE('',#1363,#1362);
#1365=CARTESIAN_POINT('',(1.25E0,3.393091511163E-1,-5.989309151116E0));
#1366=DIRECTION('',(1.E0,0.E0,0.E0));
#1367=DIRECTION('',(0.E0,0.E0,-1.E0));
#1368=AXIS2_PLACEMENT_3D('',#1365,#1366,#1367);
#1370=DIRECTION('',(0.E0,0.E0,1.E0));
#1371=VECTOR('',#1370,8.930915111633E-2);
#1372=CARTESIAN_POINT('',(1.25E0,3.5E-1,-5.989309151116E0));
#1373=LINE('',#1372,#1371);
#1374=DIRECTION('',(1.E0,0.E0,0.E0));
#1375=VECTOR('',#1374,5.E-1);
#1376=CARTESIAN_POINT('',(7.5E-1,8.5E-1,-5.989309151116E0));
#1377=LINE('',#1376,#1375);
#1378=DIRECTION('',(1.E0,0.E0,0.E0));
#1379=VECTOR('',#1378,5.E-1);
#1380=CARTESIAN_POINT('',(7.5E-1,3.393091511163E-1,-6.5E0));
#1381=LINE('',#1380,#1379);
#1382=DIRECTION('',(1.E0,0.E0,0.E0));
#1383=VECTOR('',#1382,5.E-1);
#1384=CARTESIAN_POINT('',(7.5E-1,-5.875E0,-6.5E0));
#1385=LINE('',#1384,#1383);
#1386=DIRECTION('',(1.E0,0.E0,0.E0));
#1387=VECTOR('',#1386,5.E-1);
#1388=CARTESIAN_POINT('',(7.5E-1,-5.875E0,-6.E0));
#1389=LINE('',#1388,#1387);
#1390=DIRECTION('',(1.E0,0.E0,0.E0));
#1391=VECTOR('',#1390,5.E-1);
#1392=CARTESIAN_POINT('',(7.5E-1,3.393091511163E-1,-6.E0));
#1393=LINE('',#1392,#1391);
#1394=DIRECTION('',(1.E0,0.E0,0.E0));
#1395=VECTOR('',#1394,5.E-1);
#1396=CARTESIAN_POINT('',(7.5E-1,3.5E-1,-5.989309151116E0));
#1397=LINE('',#1396,#1395);
#1398=DIRECTION('',(0.E0,0.E0,1.E0));
#1399=VECTOR('',#1398,3.5E0);
#1400=CARTESIAN_POINT('',(-1.25E0,3.5E-1,-4.3E0));
#1401=LINE('',#1400,#1399);
#1402=DIRECTION('',(0.E0,0.E0,-1.E0));
#1403=VECTOR('',#1402,3.5E0);
#1404=CARTESIAN_POINT('',(-1.25E0,8.5E-1,-8.E-1));
#1405=LINE('',#1404,#1403);
#1406=DIRECTION('',(0.E0,1.E0,0.E0));
#1407=VECTOR('',#1406,5.E-1);
#1408=CARTESIAN_POINT('',(-1.25E0,3.5E-1,-8.E-1));
#1409=LINE('',#1408,#1407);
#1410=DIRECTION('',(0.E0,0.E0,-1.E0));
#1411=VECTOR('',#1410,8.930915111633E-2);
#1412=CARTESIAN_POINT('',(-1.25E0,8.5E-1,-5.9E0));
#1413=LINE('',#1412,#1411);
#1414=DIRECTION('',(0.E0,0.E0,1.E0));
#1415=VECTOR('',#1414,8.930915111633E-2);
#1416=CARTESIAN_POINT('',(-1.25E0,3.5E-1,-5.989309151116E0));
#1417=LINE('',#1416,#1415);
#1418=CARTESIAN_POINT('',(-1.25E0,3.393091511163E-1,-5.989309151116E0));
#1419=DIRECTION('',(1.E0,0.E0,0.E0));
#1420=DIRECTION('',(0.E0,0.E0,-1.E0));
#1421=AXIS2_PLACEMENT_3D('',#1418,#1419,#1420);
#1423=DIRECTION('',(0.E0,1.E0,0.E0));
#1424=VECTOR('',#1423,6.214309151116E0);
#1425=CARTESIAN_POINT('',(-1.25E0,-5.875E0,-6.E0));
#1426=LINE('',#1425,#1424);
#1427=DIRECTION('',(0.E0,0.E0,1.E0));
#1428=VECTOR('',#1427,5.E-1);
#1429=CARTESIAN_POINT('',(-1.25E0,-5.875E0,-6.5E0));
#1430=LINE('',#1429,#1428);
#1431=DIRECTION('',(0.E0,-1.E0,0.E0));
#1432=VECTOR('',#1431,6.214309151116E0);
#1433=CARTESIAN_POINT('',(-1.25E0,3.393091511163E-1,-6.5E0));
#1434=LINE('',#1433,#1432);
#1435=CARTESIAN_POINT('',(-1.25E0,3.393091511163E-1,-5.989309151116E0));
#1436=DIRECTION('',(-1.E0,0.E0,0.E0));
#1437=DIRECTION('',(0.E0,1.E0,0.E0));
#1438=AXIS2_PLACEMENT_3D('',#1435,#1436,#1437);
#1440=DIRECTION('',(1.E0,0.E0,0.E0));
#1441=VECTOR('',#1440,5.E-1);
#1442=CARTESIAN_POINT('',(-1.25E0,3.5E-1,-8.E-1));
#1443=LINE('',#1442,#1441);
#1444=DIRECTION('',(1.E0,0.E0,0.E0));
#1445=VECTOR('',#1444,5.E-1);
#1446=CARTESIAN_POINT('',(-1.25E0,8.5E-1,-8.E-1));
#1447=LINE('',#1446,#1445);
#1448=DIRECTION('',(0.E0,0.E0,1.E0));
#1449=VECTOR('',#1448,3.5E0);
#1450=CARTESIAN_POINT('',(-7.5E-1,3.5E-1,-4.3E0));
#1451=LINE('',#1450,#1449);
#1452=DIRECTION('',(0.E0,1.E0,0.E0));
#1453=VECTOR('',#1452,5.E-1);
#1454=CARTESIAN_POINT('',(-7.5E-1,3.5E-1,-8.E-1));
#1455=LINE('',#1454,#1453);
#1456=DIRECTION('',(0.E0,0.E0,-1.E0));
#1457=VECTOR('',#1456,3.5E0);
#1458=CARTESIAN_POINT('',(-7.5E-1,8.5E-1,-8.E-1));
#1459=LINE('',#1458,#1457);
#1460=DIRECTION('',(0.E0,0.E0,-1.E0));
#1461=VECTOR('',#1460,8.930915111633E-2);
#1462=CARTESIAN_POINT('',(-7.5E-1,8.5E-1,-5.9E0));
#1463=LINE('',#1462,#1461);
#1464=CARTESIAN_POINT('',(-7.5E-1,3.393091511163E-1,-5.989309151116E0));
#1465=DIRECTION('',(-1.E0,0.E0,0.E0));
#1466=DIRECTION('',(0.E0,1.E0,0.E0));
#1467=AXIS2_PLACEMENT_3D('',#1464,#1465,#1466);
#1469=DIRECTION('',(0.E0,-1.E0,0.E0));
#1470=VECTOR('',#1469,6.214309151116E0);
#1471=CARTESIAN_POINT('',(-7.5E-1,3.393091511163E-1,-6.5E0));
#1472=LINE('',#1471,#1470);
#1473=DIRECTION('',(0.E0,0.E0,1.E0));
#1474=VECTOR('',#1473,5.E-1);
#1475=CARTESIAN_POINT('',(-7.5E-1,-5.875E0,-6.5E0));
#1476=LINE('',#1475,#1474);
#1477=DIRECTION('',(0.E0,1.E0,0.E0));
#1478=VECTOR('',#1477,6.214309151116E0);
#1479=CARTESIAN_POINT('',(-7.5E-1,-5.875E0,-6.E0));
#1480=LINE('',#1479,#1478);
#1481=CARTESIAN_POINT('',(-7.5E-1,3.393091511163E-1,-5.989309151116E0));
#1482=DIRECTION('',(1.E0,0.E0,0.E0));
#1483=DIRECTION('',(0.E0,0.E0,-1.E0));
#1484=AXIS2_PLACEMENT_3D('',#1481,#1482,#1483);
#1486=DIRECTION('',(0.E0,0.E0,1.E0));
#1487=VECTOR('',#1486,8.930915111633E-2);
#1488=CARTESIAN_POINT('',(-7.5E-1,3.5E-1,-5.989309151116E0));
#1489=LINE('',#1488,#1487);
#1490=DIRECTION('',(1.E0,0.E0,0.E0));
#1491=VECTOR('',#1490,5.E-1);
#1492=CARTESIAN_POINT('',(-1.25E0,8.5E-1,-5.989309151116E0));
#1493=LINE('',#1492,#1491);
#1494=DIRECTION('',(1.E0,0.E0,0.E0));
#1495=VECTOR('',#1494,5.E-1);
#1496=CARTESIAN_POINT('',(-1.25E0,3.393091511163E-1,-6.5E0));
#1497=LINE('',#1496,#1495);
#1498=DIRECTION('',(1.E0,0.E0,0.E0));
#1499=VECTOR('',#1498,5.E-1);
#1500=CARTESIAN_POINT('',(-1.25E0,-5.875E0,-6.5E0));
#1501=LINE('',#1500,#1499);
#1502=DIRECTION('',(1.E0,0.E0,0.E0));
#1503=VECTOR('',#1502,5.E-1);
#1504=CARTESIAN_POINT('',(-1.25E0,-5.875E0,-6.E0));
#1505=LINE('',#1504,#1503);
#1506=DIRECTION('',(1.E0,0.E0,0.E0));
#1507=VECTOR('',#1506,5.E-1);
#1508=CARTESIAN_POINT('',(-1.25E0,3.393091511163E-1,-6.E0));
#1509=LINE('',#1508,#1507);
#1510=DIRECTION('',(1.E0,0.E0,0.E0));
#1511=VECTOR('',#1510,5.E-1);
#1512=CARTESIAN_POINT('',(-1.25E0,3.5E-1,-5.989309151116E0));
#1513=LINE('',#1512,#1511);
#1514=DIRECTION('',(0.E0,0.E0,1.E0));
#1515=VECTOR('',#1514,3.5E0);
#1516=CARTESIAN_POINT('',(-3.25E0,3.5E-1,-4.3E0));
#1517=LINE('',#1516,#1515);
#1518=DIRECTION('',(0.E0,0.E0,-1.E0));
#1519=VECTOR('',#1518,3.5E0);
#1520=CARTESIAN_POINT('',(-3.25E0,8.5E-1,-8.E-1));
#1521=LINE('',#1520,#1519);
#1522=DIRECTION('',(0.E0,1.E0,0.E0));
#1523=VECTOR('',#1522,5.E-1);
#1524=CARTESIAN_POINT('',(-3.25E0,3.5E-1,-8.E-1));
#1525=LINE('',#1524,#1523);
#1526=DIRECTION('',(0.E0,0.E0,-1.E0));
#1527=VECTOR('',#1526,8.930915111633E-2);
#1528=CARTESIAN_POINT('',(-3.25E0,8.5E-1,-5.9E0));
#1529=LINE('',#1528,#1527);
#1530=DIRECTION('',(0.E0,0.E0,1.E0));
#1531=VECTOR('',#1530,8.930915111633E-2);
#1532=CARTESIAN_POINT('',(-3.25E0,3.5E-1,-5.989309151116E0));
#1533=LINE('',#1532,#1531);
#1534=CARTESIAN_POINT('',(-3.25E0,3.393091511163E-1,-5.989309151116E0));
#1535=DIRECTION('',(1.E0,0.E0,0.E0));
#1536=DIRECTION('',(0.E0,0.E0,-1.E0));
#1537=AXIS2_PLACEMENT_3D('',#1534,#1535,#1536);
#1539=DIRECTION('',(0.E0,1.E0,0.E0));
#1540=VECTOR('',#1539,6.214309151116E0);
#1541=CARTESIAN_POINT('',(-3.25E0,-5.875E0,-6.E0));
#1542=LINE('',#1541,#1540);
#1543=DIRECTION('',(0.E0,0.E0,1.E0));
#1544=VECTOR('',#1543,5.E-1);
#1545=CARTESIAN_POINT('',(-3.25E0,-5.875E0,-6.5E0));
#1546=LINE('',#1545,#1544);
#1547=DIRECTION('',(0.E0,-1.E0,0.E0));
#1548=VECTOR('',#1547,6.214309151116E0);
#1549=CARTESIAN_POINT('',(-3.25E0,3.393091511163E-1,-6.5E0));
#1550=LINE('',#1549,#1548);
#1551=CARTESIAN_POINT('',(-3.25E0,3.393091511163E-1,-5.989309151116E0));
#1552=DIRECTION('',(-1.E0,0.E0,0.E0));
#1553=DIRECTION('',(0.E0,1.E0,0.E0));
#1554=AXIS2_PLACEMENT_3D('',#1551,#1552,#1553);
#1556=DIRECTION('',(1.E0,0.E0,0.E0));
#1557=VECTOR('',#1556,5.E-1);
#1558=CARTESIAN_POINT('',(-3.25E0,3.5E-1,-8.E-1));
#1559=LINE('',#1558,#1557);
#1560=DIRECTION('',(1.E0,0.E0,0.E0));
#1561=VECTOR('',#1560,5.E-1);
#1562=CARTESIAN_POINT('',(-3.25E0,8.5E-1,-8.E-1));
#1563=LINE('',#1562,#1561);
#1564=DIRECTION('',(0.E0,0.E0,1.E0));
#1565=VECTOR('',#1564,3.5E0);
#1566=CARTESIAN_POINT('',(-2.75E0,3.5E-1,-4.3E0));
#1567=LINE('',#1566,#1565);
#1568=DIRECTION('',(0.E0,1.E0,0.E0));
#1569=VECTOR('',#1568,5.E-1);
#1570=CARTESIAN_POINT('',(-2.75E0,3.5E-1,-8.E-1));
#1571=LINE('',#1570,#1569);
#1572=DIRECTION('',(0.E0,0.E0,-1.E0));
#1573=VECTOR('',#1572,3.5E0);
#1574=CARTESIAN_POINT('',(-2.75E0,8.5E-1,-8.E-1));
#1575=LINE('',#1574,#1573);
#1576=DIRECTION('',(0.E0,0.E0,-1.E0));
#1577=VECTOR('',#1576,8.930915111633E-2);
#1578=CARTESIAN_POINT('',(-2.75E0,8.5E-1,-5.9E0));
#1579=LINE('',#1578,#1577);
#1580=CARTESIAN_POINT('',(-2.75E0,3.393091511163E-1,-5.989309151116E0));
#1581=DIRECTION('',(-1.E0,0.E0,0.E0));
#1582=DIRECTION('',(0.E0,1.E0,0.E0));
#1583=AXIS2_PLACEMENT_3D('',#1580,#1581,#1582);
#1585=DIRECTION('',(0.E0,-1.E0,0.E0));
#1586=VECTOR('',#1585,6.214309151116E0);
#1587=CARTESIAN_POINT('',(-2.75E0,3.393091511163E-1,-6.5E0));
#1588=LINE('',#1587,#1586);
#1589=DIRECTION('',(0.E0,0.E0,1.E0));
#1590=VECTOR('',#1589,5.E-1);
#1591=CARTESIAN_POINT('',(-2.75E0,-5.875E0,-6.5E0));
#1592=LINE('',#1591,#1590);
#1593=DIRECTION('',(0.E0,1.E0,0.E0));
#1594=VECTOR('',#1593,6.214309151116E0);
#1595=CARTESIAN_POINT('',(-2.75E0,-5.875E0,-6.E0));
#1596=LINE('',#1595,#1594);
#1597=CARTESIAN_POINT('',(-2.75E0,3.393091511163E-1,-5.989309151116E0));
#1598=DIRECTION('',(1.E0,0.E0,0.E0));
#1599=DIRECTION('',(0.E0,0.E0,-1.E0));
#1600=AXIS2_PLACEMENT_3D('',#1597,#1598,#1599);
#1602=DIRECTION('',(0.E0,0.E0,1.E0));
#1603=VECTOR('',#1602,8.930915111633E-2);
#1604=CARTESIAN_POINT('',(-2.75E0,3.5E-1,-5.989309151116E0));
#1605=LINE('',#1604,#1603);
#1606=DIRECTION('',(1.E0,0.E0,0.E0));
#1607=VECTOR('',#1606,5.E-1);
#1608=CARTESIAN_POINT('',(-3.25E0,8.5E-1,-5.989309151116E0));
#1609=LINE('',#1608,#1607);
#1610=DIRECTION('',(1.E0,0.E0,0.E0));
#1611=VECTOR('',#1610,5.E-1);
#1612=CARTESIAN_POINT('',(-3.25E0,3.393091511163E-1,-6.5E0));
#1613=LINE('',#1612,#1611);
#1614=DIRECTION('',(1.E0,0.E0,0.E0));
#1615=VECTOR('',#1614,5.E-1);
#1616=CARTESIAN_POINT('',(-3.25E0,-5.875E0,-6.5E0));
#1617=LINE('',#1616,#1615);
#1618=DIRECTION('',(1.E0,0.E0,0.E0));
#1619=VECTOR('',#1618,5.E-1);
#1620=CARTESIAN_POINT('',(-3.25E0,-5.875E0,-6.E0));
#1621=LINE('',#1620,#1619);
#1622=DIRECTION('',(1.E0,0.E0,0.E0));
#1623=VECTOR('',#1622,5.E-1);
#1624=CARTESIAN_POINT('',(-3.25E0,3.393091511163E-1,-6.E0));
#1625=LINE('',#1624,#1623);
#1626=DIRECTION('',(1.E0,0.E0,0.E0));
#1627=VECTOR('',#1626,5.E-1);
#1628=CARTESIAN_POINT('',(-3.25E0,3.5E-1,-5.989309151116E0));
#1629=LINE('',#1628,#1627);
#1630=DIRECTION('',(0.E0,0.E0,1.E0));
#1631=VECTOR('',#1630,3.5E0);
#1632=CARTESIAN_POINT('',(-5.25E0,3.5E-1,-4.3E0));
#1633=LINE('',#1632,#1631);
#1634=DIRECTION('',(0.E0,0.E0,-1.E0));
#1635=VECTOR('',#1634,3.5E0);
#1636=CARTESIAN_POINT('',(-5.25E0,8.5E-1,-8.E-1));
#1637=LINE('',#1636,#1635);
#1638=DIRECTION('',(0.E0,1.E0,0.E0));
#1639=VECTOR('',#1638,5.E-1);
#1640=CARTESIAN_POINT('',(-5.25E0,3.5E-1,-8.E-1));
#1641=LINE('',#1640,#1639);
#1642=DIRECTION('',(0.E0,0.E0,-1.E0));
#1643=VECTOR('',#1642,8.930915111633E-2);
#1644=CARTESIAN_POINT('',(-5.25E0,8.5E-1,-5.9E0));
#1645=LINE('',#1644,#1643);
#1646=DIRECTION('',(0.E0,0.E0,1.E0));
#1647=VECTOR('',#1646,8.930915111633E-2);
#1648=CARTESIAN_POINT('',(-5.25E0,3.5E-1,-5.989309151116E0));
#1649=LINE('',#1648,#1647);
#1650=CARTESIAN_POINT('',(-5.25E0,3.393091511163E-1,-5.989309151116E0));
#1651=DIRECTION('',(1.E0,0.E0,0.E0));
#1652=DIRECTION('',(0.E0,0.E0,-1.E0));
#1653=AXIS2_PLACEMENT_3D('',#1650,#1651,#1652);
#1655=DIRECTION('',(0.E0,1.E0,0.E0));
#1656=VECTOR('',#1655,6.214309151116E0);
#1657=CARTESIAN_POINT('',(-5.25E0,-5.875E0,-6.E0));
#1658=LINE('',#1657,#1656);
#1659=DIRECTION('',(0.E0,0.E0,1.E0));
#1660=VECTOR('',#1659,5.E-1);
#1661=CARTESIAN_POINT('',(-5.25E0,-5.875E0,-6.5E0));
#1662=LINE('',#1661,#1660);
#1663=DIRECTION('',(0.E0,-1.E0,0.E0));
#1664=VECTOR('',#1663,6.214309151116E0);
#1665=CARTESIAN_POINT('',(-5.25E0,3.393091511163E-1,-6.5E0));
#1666=LINE('',#1665,#1664);
#1667=CARTESIAN_POINT('',(-5.25E0,3.393091511163E-1,-5.989309151116E0));
#1668=DIRECTION('',(-1.E0,0.E0,0.E0));
#1669=DIRECTION('',(0.E0,1.E0,0.E0));
#1670=AXIS2_PLACEMENT_3D('',#1667,#1668,#1669);
#1672=DIRECTION('',(1.E0,0.E0,0.E0));
#1673=VECTOR('',#1672,5.E-1);
#1674=CARTESIAN_POINT('',(-5.25E0,3.5E-1,-8.E-1));
#1675=LINE('',#1674,#1673);
#1676=DIRECTION('',(1.E0,0.E0,0.E0));
#1677=VECTOR('',#1676,5.E-1);
#1678=CARTESIAN_POINT('',(-5.25E0,8.5E-1,-8.E-1));
#1679=LINE('',#1678,#1677);
#1680=DIRECTION('',(0.E0,0.E0,1.E0));
#1681=VECTOR('',#1680,3.5E0);
#1682=CARTESIAN_POINT('',(-4.75E0,3.5E-1,-4.3E0));
#1683=LINE('',#1682,#1681);
#1684=DIRECTION('',(0.E0,1.E0,0.E0));
#1685=VECTOR('',#1684,5.E-1);
#1686=CARTESIAN_POINT('',(-4.75E0,3.5E-1,-8.E-1));
#1687=LINE('',#1686,#1685);
#1688=DIRECTION('',(0.E0,0.E0,-1.E0));
#1689=VECTOR('',#1688,3.5E0);
#1690=CARTESIAN_POINT('',(-4.75E0,8.5E-1,-8.E-1));
#1691=LINE('',#1690,#1689);
#1692=DIRECTION('',(0.E0,0.E0,-1.E0));
#1693=VECTOR('',#1692,8.930915111633E-2);
#1694=CARTESIAN_POINT('',(-4.75E0,8.5E-1,-5.9E0));
#1695=LINE('',#1694,#1693);
#1696=CARTESIAN_POINT('',(-4.75E0,3.393091511163E-1,-5.989309151116E0));
#1697=DIRECTION('',(-1.E0,0.E0,0.E0));
#1698=DIRECTION('',(0.E0,1.E0,0.E0));
#1699=AXIS2_PLACEMENT_3D('',#1696,#1697,#1698);
#1701=DIRECTION('',(0.E0,-1.E0,0.E0));
#1702=VECTOR('',#1701,6.214309151116E0);
#1703=CARTESIAN_POINT('',(-4.75E0,3.393091511163E-1,-6.5E0));
#1704=LINE('',#1703,#1702);
#1705=DIRECTION('',(0.E0,0.E0,1.E0));
#1706=VECTOR('',#1705,5.E-1);
#1707=CARTESIAN_POINT('',(-4.75E0,-5.875E0,-6.5E0));
#1708=LINE('',#1707,#1706);
#1709=DIRECTION('',(0.E0,1.E0,0.E0));
#1710=VECTOR('',#1709,6.214309151116E0);
#1711=CARTESIAN_POINT('',(-4.75E0,-5.875E0,-6.E0));
#1712=LINE('',#1711,#1710);
#1713=CARTESIAN_POINT('',(-4.75E0,3.393091511163E-1,-5.989309151116E0));
#1714=DIRECTION('',(1.E0,0.E0,0.E0));
#1715=DIRECTION('',(0.E0,0.E0,-1.E0));
#1716=AXIS2_PLACEMENT_3D('',#1713,#1714,#1715);
#1718=DIRECTION('',(0.E0,0.E0,1.E0));
#1719=VECTOR('',#1718,8.930915111633E-2);
#1720=CARTESIAN_POINT('',(-4.75E0,3.5E-1,-5.989309151116E0));
#1721=LINE('',#1720,#1719);
#1722=DIRECTION('',(1.E0,0.E0,0.E0));
#1723=VECTOR('',#1722,5.E-1);
#1724=CARTESIAN_POINT('',(-5.25E0,8.5E-1,-5.989309151116E0));
#1725=LINE('',#1724,#1723);
#1726=DIRECTION('',(1.E0,0.E0,0.E0));
#1727=VECTOR('',#1726,5.E-1);
#1728=CARTESIAN_POINT('',(-5.25E0,3.393091511163E-1,-6.5E0));
#1729=LINE('',#1728,#1727);
#1730=DIRECTION('',(1.E0,0.E0,0.E0));
#1731=VECTOR('',#1730,5.E-1);
#1732=CARTESIAN_POINT('',(-5.25E0,-5.875E0,-6.5E0));
#1733=LINE('',#1732,#1731);
#1734=DIRECTION('',(1.E0,0.E0,0.E0));
#1735=VECTOR('',#1734,5.E-1);
#1736=CARTESIAN_POINT('',(-5.25E0,-5.875E0,-6.E0));
#1737=LINE('',#1736,#1735);
#1738=DIRECTION('',(1.E0,0.E0,0.E0));
#1739=VECTOR('',#1738,5.E-1);
#1740=CARTESIAN_POINT('',(-5.25E0,3.393091511163E-1,-6.E0));
#1741=LINE('',#1740,#1739);
#1742=DIRECTION('',(1.E0,0.E0,0.E0));
#1743=VECTOR('',#1742,5.E-1);
#1744=CARTESIAN_POINT('',(-5.25E0,3.5E-1,-5.989309151116E0));
#1745=LINE('',#1744,#1743);
#1746=DIRECTION('',(-1.E0,0.E0,0.E0));
#1747=VECTOR('',#1746,1.8E1);
#1748=CARTESIAN_POINT('',(9.E0,2.275E0,-4.65E0));
#1749=LINE('',#1748,#1747);
#1750=DIRECTION('',(0.E0,-1.E0,0.E0));
#1751=VECTOR('',#1750,6.75E-1);
#1752=CARTESIAN_POINT('',(-8.45E0,2.475E0,-2.05E0));
#1753=LINE('',#1752,#1751);
#1754=DIRECTION('',(0.E0,-1.E0,0.E0));
#1755=VECTOR('',#1754,6.75E-1);
#1756=CARTESIAN_POINT('',(-7.25E0,2.475E0,-2.05E0));
#1757=LINE('',#1756,#1755);
#1758=DIRECTION('',(0.E0,0.E0,1.E0));
#1759=VECTOR('',#1758,3.5E0);
#1760=CARTESIAN_POINT('',(7.25E0,3.5E-1,-4.3E0));
#1761=LINE('',#1760,#1759);
#1762=DIRECTION('',(0.E0,0.E0,1.E0));
#1763=VECTOR('',#1762,3.5E0);
#1764=CARTESIAN_POINT('',(6.75E0,3.5E-1,-4.3E0));
#1765=LINE('',#1764,#1763);
#1766=DIRECTION('',(0.E0,0.E0,1.E0));
#1767=VECTOR('',#1766,3.5E0);
#1768=CARTESIAN_POINT('',(6.75E0,8.5E-1,-4.3E0));
#1769=LINE('',#1768,#1767);
#1770=DIRECTION('',(0.E0,0.E0,1.E0));
#1771=VECTOR('',#1770,3.5E0);
#1772=CARTESIAN_POINT('',(7.25E0,8.5E-1,-4.3E0));
#1773=LINE('',#1772,#1771);
#1774=DIRECTION('',(0.E0,1.E0,0.E0));
#1775=VECTOR('',#1774,5.E-1);
#1776=CARTESIAN_POINT('',(7.25E0,3.5E-1,-8.E-1));
#1777=LINE('',#1776,#1775);
#1778=DIRECTION('',(1.E0,0.E0,0.E0));
#1779=VECTOR('',#1778,5.E-1);
#1780=CARTESIAN_POINT('',(6.75E0,3.5E-1,-8.E-1));
#1781=LINE('',#1780,#1779);
#1782=DIRECTION('',(0.E0,-1.E0,0.E0));
#1783=VECTOR('',#1782,5.E-1);
#1784=CARTESIAN_POINT('',(6.75E0,8.5E-1,-8.E-1));
#1785=LINE('',#1784,#1783);
#1786=DIRECTION('',(-1.E0,0.E0,0.E0));
#1787=VECTOR('',#1786,5.E-1);
#1788=CARTESIAN_POINT('',(7.25E0,8.5E-1,-8.E-1));
#1789=LINE('',#1788,#1787);
#1790=DIRECTION('',(0.E0,0.E0,1.E0));
#1791=VECTOR('',#1790,3.5E0);
#1792=CARTESIAN_POINT('',(-7.25E0,3.5E-1,-4.3E0));
#1793=LINE('',#1792,#1791);
#1794=DIRECTION('',(0.E0,0.E0,1.E0));
#1795=VECTOR('',#1794,3.5E0);
#1796=CARTESIAN_POINT('',(-6.75E0,3.5E-1,-4.3E0));
#1797=LINE('',#1796,#1795);
#1798=DIRECTION('',(0.E0,1.E0,0.E0));
#1799=VECTOR('',#1798,5.E-1);
#1800=CARTESIAN_POINT('',(-7.25E0,3.5E-1,-8.E-1));
#1801=LINE('',#1800,#1799);
#1802=DIRECTION('',(1.E0,0.E0,0.E0));
#1803=VECTOR('',#1802,5.E-1);
#1804=CARTESIAN_POINT('',(-7.25E0,8.5E-1,-8.E-1));
#1805=LINE('',#1804,#1803);
#1806=DIRECTION('',(0.E0,-1.E0,0.E0));
#1807=VECTOR('',#1806,5.E-1);
#1808=CARTESIAN_POINT('',(-6.75E0,8.5E-1,-8.E-1));
#1809=LINE('',#1808,#1807);
#1810=DIRECTION('',(-1.E0,0.E0,0.E0));
#1811=VECTOR('',#1810,5.E-1);
#1812=CARTESIAN_POINT('',(-6.75E0,3.5E-1,-8.E-1));
#1813=LINE('',#1812,#1811);
#1814=DIRECTION('',(0.E0,0.E0,1.E0));
#1815=VECTOR('',#1814,3.5E0);
#1816=CARTESIAN_POINT('',(-7.25E0,8.5E-1,-4.3E0));
#1817=LINE('',#1816,#1815);
#1818=DIRECTION('',(0.E0,0.E0,1.E0));
#1819=VECTOR('',#1818,3.5E0);
#1820=CARTESIAN_POINT('',(-6.75E0,8.5E-1,-4.3E0));
#1821=LINE('',#1820,#1819);
#1822=CARTESIAN_POINT('',(-9.E0,-2.475E0,0.E0));
#1823=CARTESIAN_POINT('',(9.E0,-2.475E0,0.E0));
#1824=VERTEX_POINT('',#1822);
#1825=VERTEX_POINT('',#1823);
#1826=CARTESIAN_POINT('',(9.E0,2.475E0,-6.05E0));
#1827=CARTESIAN_POINT('',(-9.E0,2.475E0,-6.05E0));
#1828=VERTEX_POINT('',#1826);
#1829=VERTEX_POINT('',#1827);
#1830=CARTESIAN_POINT('',(8.45E0,-8.1E-1,-5.1E0));
#1831=CARTESIAN_POINT('',(8.45E0,-1.8E0,-5.1E0));
#1832=VERTEX_POINT('',#1830);
#1833=VERTEX_POINT('',#1831);
#1834=CARTESIAN_POINT('',(-8.45E0,-8.1E-1,-5.1E0));
#1835=CARTESIAN_POINT('',(-8.45E0,-1.8E0,-5.1E0));
#1836=VERTEX_POINT('',#1834);
#1837=VERTEX_POINT('',#1835);
#1838=CARTESIAN_POINT('',(8.45E0,-1.E-2,-4.3E0));
#1839=VERTEX_POINT('',#1838);
#1840=CARTESIAN_POINT('',(-8.45E0,-1.E-2,-4.3E0));
#1841=VERTEX_POINT('',#1840);
#1842=CARTESIAN_POINT('',(9.E0,2.275E0,-5.3E0));
#1843=CARTESIAN_POINT('',(-9.E0,2.275E0,-5.3E0));
#1844=VERTEX_POINT('',#1842);
#1845=VERTEX_POINT('',#1843);
#1846=CARTESIAN_POINT('',(9.E0,2.275E0,-4.65E0));
#1847=CARTESIAN_POINT('',(-9.E0,2.275E0,-4.65E0));
#1848=VERTEX_POINT('',#1846);
#1849=VERTEX_POINT('',#1847);
#1850=CARTESIAN_POINT('',(-9.E0,1.425E0,-6.05E0));
#1851=CARTESIAN_POINT('',(-9.E0,9.478915662651E-1,-7.7E0));
#1852=VERTEX_POINT('',#1850);
#1853=VERTEX_POINT('',#1851);
#1854=CARTESIAN_POINT('',(-9.E0,-2.475E0,-7.7E0));
#1855=VERTEX_POINT('',#1854);
#1856=CARTESIAN_POINT('',(-8.E0,1.425E0,-6.05E0));
#1857=CARTESIAN_POINT('',(-8.E0,9.478915662651E-1,-7.7E0));
#1858=VERTEX_POINT('',#1856);
#1859=VERTEX_POINT('',#1857);
#1860=CARTESIAN_POINT('',(-8.E0,-2.475E0,-7.7E0));
#1861=VERTEX_POINT('',#1860);
#1862=CARTESIAN_POINT('',(-8.E0,2.275E0,-6.05E0));
#1863=VERTEX_POINT('',#1862);
#1864=CARTESIAN_POINT('',(-8.E0,-2.475E0,-5.3E0));
#1865=VERTEX_POINT('',#1864);
#1866=CARTESIAN_POINT('',(9.E0,1.425E0,-6.05E0));
#1867=CARTESIAN_POINT('',(9.E0,9.478915662651E-1,-7.7E0));
#1868=VERTEX_POINT('',#1866);
#1869=VERTEX_POINT('',#1867);
#1870=CARTESIAN_POINT('',(9.E0,-2.475E0,-7.7E0));
#1871=VERTEX_POINT('',#1870);
#1872=CARTESIAN_POINT('',(8.E0,1.425E0,-6.05E0));
#1873=CARTESIAN_POINT('',(8.E0,9.478915662651E-1,-7.7E0));
#1874=VERTEX_POINT('',#1872);
#1875=VERTEX_POINT('',#1873);
#1876=CARTESIAN_POINT('',(8.E0,-2.475E0,-7.7E0));
#1877=VERTEX_POINT('',#1876);
#1878=CARTESIAN_POINT('',(8.E0,2.275E0,-6.05E0));
#1879=VERTEX_POINT('',#1878);
#1880=CARTESIAN_POINT('',(8.E0,-2.475E0,-5.3E0));
#1881=VERTEX_POINT('',#1880);
#1882=CARTESIAN_POINT('',(9.E0,1.025E0,-2.5E0));
#1883=CARTESIAN_POINT('',(8.45E0,1.025E0,-2.5E0));
#1884=VERTEX_POINT('',#1882);
#1885=VERTEX_POINT('',#1883);
#1886=CARTESIAN_POINT('',(-8.45E0,1.025E0,-2.5E0));
#1887=CARTESIAN_POINT('',(-9.E0,1.025E0,-2.5E0));
#1888=VERTEX_POINT('',#1886);
#1889=VERTEX_POINT('',#1887);
#1890=CARTESIAN_POINT('',(9.E0,2.5E-2,-2.5E0));
#1891=CARTESIAN_POINT('',(8.45E0,2.5E-2,-2.5E0));
#1892=VERTEX_POINT('',#1890);
#1893=VERTEX_POINT('',#1891);
#1894=CARTESIAN_POINT('',(-8.45E0,2.5E-2,-2.5E0));
#1895=CARTESIAN_POINT('',(-9.E0,2.5E-2,-2.5E0));
#1896=VERTEX_POINT('',#1894);
#1897=VERTEX_POINT('',#1895);
#1898=CARTESIAN_POINT('',(6.E0,2.475E0,-4.3E0));
#1899=CARTESIAN_POINT('',(6.E0,1.8E0,-4.3E0));
#1900=VERTEX_POINT('',#1898);
#1901=VERTEX_POINT('',#1899);
#1902=CARTESIAN_POINT('',(-6.E0,2.475E0,-4.3E0));
#1903=CARTESIAN_POINT('',(-6.E0,1.8E0,-4.3E0));
#1904=VERTEX_POINT('',#1902);
#1905=VERTEX_POINT('',#1903);
#1906=CARTESIAN_POINT('',(7.25E0,2.475E0,-4.3E0));
#1907=CARTESIAN_POINT('',(7.25E0,1.8E0,-4.3E0));
#1908=VERTEX_POINT('',#1906);
#1909=VERTEX_POINT('',#1907);
#1910=CARTESIAN_POINT('',(7.25E0,2.475E0,-2.05E0));
#1911=CARTESIAN_POINT('',(7.25E0,1.8E0,-2.05E0));
#1912=VERTEX_POINT('',#1910);
#1913=VERTEX_POINT('',#1911);
#1914=CARTESIAN_POINT('',(8.45E0,2.475E0,-2.05E0));
#1915=CARTESIAN_POINT('',(8.45E0,1.8E0,-2.05E0));
#1916=VERTEX_POINT('',#1914);
#1917=VERTEX_POINT('',#1915);
#1918=CARTESIAN_POINT('',(-8.45E0,2.475E0,-2.05E0));
#1919=CARTESIAN_POINT('',(-8.45E0,1.8E0,-2.05E0));
#1920=VERTEX_POINT('',#1918);
#1921=VERTEX_POINT('',#1919);
#1922=CARTESIAN_POINT('',(-7.25E0,2.475E0,-2.05E0));
#1923=CARTESIAN_POINT('',(-7.25E0,1.8E0,-2.05E0));
#1924=VERTEX_POINT('',#1922);
#1925=VERTEX_POINT('',#1923);
#1926=CARTESIAN_POINT('',(-7.25E0,2.475E0,-4.3E0));
#1927=CARTESIAN_POINT('',(-7.25E0,1.8E0,-4.3E0));
#1928=VERTEX_POINT('',#1926);
#1929=VERTEX_POINT('',#1927);
#1930=CARTESIAN_POINT('',(7.25E0,3.5E-1,-8.E-1));
#1931=CARTESIAN_POINT('',(7.25E0,8.5E-1,-8.E-1));
#1932=VERTEX_POINT('',#1930);
#1933=VERTEX_POINT('',#1931);
#1934=CARTESIAN_POINT('',(6.75E0,8.5E-1,-8.E-1));
#1935=VERTEX_POINT('',#1934);
#1936=CARTESIAN_POINT('',(6.75E0,3.5E-1,-8.E-1));
#1937=VERTEX_POINT('',#1936);
#1938=CARTESIAN_POINT('',(7.25E0,3.5E-1,-4.3E0));
#1939=VERTEX_POINT('',#1938);
#1940=CARTESIAN_POINT('',(7.25E0,8.5E-1,-4.3E0));
#1941=VERTEX_POINT('',#1940);
#1942=CARTESIAN_POINT('',(6.75E0,8.5E-1,-4.3E0));
#1943=VERTEX_POINT('',#1942);
#1944=CARTESIAN_POINT('',(6.75E0,3.5E-1,-4.3E0));
#1945=VERTEX_POINT('',#1944);
#1946=CARTESIAN_POINT('',(6.75E0,-2.475E0,-6.5E0));
#1947=CARTESIAN_POINT('',(6.75E0,3.393091511163E-1,-6.5E0));
#1948=VERTEX_POINT('',#1946);
#1949=VERTEX_POINT('',#1947);
#1950=CARTESIAN_POINT('',(6.75E0,-4.077886155814E0,-6.207718359846E0));
#1951=VERTEX_POINT('',#1950);
#1952=CARTESIAN_POINT('',(6.75E0,-5.790903412323E0,-6.5E0));
#1953=VERTEX_POINT('',#1952);
#1954=CARTESIAN_POINT('',(6.75E0,-5.875E0,-6.007122972800E0));
#1955=VERTEX_POINT('',#1954);
#1956=CARTESIAN_POINT('',(6.75E0,-4.075E0,-5.7E0));
#1957=VERTEX_POINT('',#1956);
#1958=CARTESIAN_POINT('',(6.75E0,-2.429785998565E0,-6.E0));
#1959=VERTEX_POINT('',#1958);
#1960=CARTESIAN_POINT('',(7.25E0,-2.475E0,-6.5E0));
#1961=CARTESIAN_POINT('',(7.25E0,3.393091511163E-1,-6.5E0));
#1962=VERTEX_POINT('',#1960);
#1963=VERTEX_POINT('',#1961);
#1964=CARTESIAN_POINT('',(7.25E0,-4.077886155814E0,-6.207718359846E0));
#1965=VERTEX_POINT('',#1964);
#1966=CARTESIAN_POINT('',(7.25E0,-5.790903412323E0,-6.5E0));
#1967=VERTEX_POINT('',#1966);
#1968=CARTESIAN_POINT('',(7.25E0,-5.875E0,-6.007122972800E0));
#1969=VERTEX_POINT('',#1968);
#1970=CARTESIAN_POINT('',(7.25E0,-4.075E0,-5.7E0));
#1971=VERTEX_POINT('',#1970);
#1972=CARTESIAN_POINT('',(7.25E0,-2.429785998565E0,-6.E0));
#1973=VERTEX_POINT('',#1972);
#1974=CARTESIAN_POINT('',(6.75E0,8.5E-1,-5.989309151116E0));
#1975=CARTESIAN_POINT('',(6.75E0,8.5E-1,-5.9E0));
#1976=VERTEX_POINT('',#1974);
#1977=VERTEX_POINT('',#1975);
#1978=CARTESIAN_POINT('',(7.25E0,8.5E-1,-5.989309151116E0));
#1979=CARTESIAN_POINT('',(7.25E0,8.5E-1,-5.9E0));
#1980=VERTEX_POINT('',#1978);
#1981=VERTEX_POINT('',#1979);
#1982=CARTESIAN_POINT('',(6.75E0,3.393091511163E-1,-6.E0));
#1983=VERTEX_POINT('',#1982);
#1984=CARTESIAN_POINT('',(6.75E0,3.5E-1,-5.989309151116E0));
#1985=VERTEX_POINT('',#1984);
#1986=CARTESIAN_POINT('',(7.25E0,3.393091511163E-1,-6.E0));
#1987=VERTEX_POINT('',#1986);
#1988=CARTESIAN_POINT('',(7.25E0,3.5E-1,-5.989309151116E0));
#1989=VERTEX_POINT('',#1988);
#1990=CARTESIAN_POINT('',(6.75E0,3.5E-1,-5.9E0));
#1991=VERTEX_POINT('',#1990);
#1992=CARTESIAN_POINT('',(7.25E0,3.5E-1,-5.9E0));
#1993=VERTEX_POINT('',#1992);
#1994=CARTESIAN_POINT('',(-7.25E0,3.5E-1,-8.E-1));
#1995=CARTESIAN_POINT('',(-7.25E0,8.5E-1,-8.E-1));
#1996=VERTEX_POINT('',#1994);
#1997=VERTEX_POINT('',#1995);
#1998=CARTESIAN_POINT('',(-6.75E0,8.5E-1,-8.E-1));
#1999=VERTEX_POINT('',#1998);
#2000=CARTESIAN_POINT('',(-6.75E0,3.5E-1,-8.E-1));
#2001=VERTEX_POINT('',#2000);
#2002=CARTESIAN_POINT('',(-7.25E0,3.5E-1,-4.3E0));
#2003=VERTEX_POINT('',#2002);
#2004=CARTESIAN_POINT('',(-7.25E0,8.5E-1,-4.3E0));
#2005=VERTEX_POINT('',#2004);
#2006=CARTESIAN_POINT('',(-6.75E0,8.5E-1,-4.3E0));
#2007=VERTEX_POINT('',#2006);
#2008=CARTESIAN_POINT('',(-6.75E0,3.5E-1,-4.3E0));
#2009=VERTEX_POINT('',#2008);
#2010=CARTESIAN_POINT('',(-6.75E0,3.393091511163E-1,-6.5E0));
#2011=CARTESIAN_POINT('',(-6.75E0,-2.475E0,-6.5E0));
#2012=VERTEX_POINT('',#2010);
#2013=VERTEX_POINT('',#2011);
#2014=CARTESIAN_POINT('',(-6.75E0,-4.077886155814E0,-6.207718359846E0));
#2015=VERTEX_POINT('',#2014);
#2016=CARTESIAN_POINT('',(-6.75E0,-5.790903412323E0,-6.5E0));
#2017=VERTEX_POINT('',#2016);
#2018=CARTESIAN_POINT('',(-6.75E0,-5.875E0,-6.007122972800E0));
#2019=VERTEX_POINT('',#2018);
#2020=CARTESIAN_POINT('',(-6.75E0,-4.075E0,-5.7E0));
#2021=VERTEX_POINT('',#2020);
#2022=CARTESIAN_POINT('',(-6.75E0,-2.429785998565E0,-6.E0));
#2023=VERTEX_POINT('',#2022);
#2024=CARTESIAN_POINT('',(-7.25E0,3.393091511163E-1,-6.5E0));
#2025=CARTESIAN_POINT('',(-7.25E0,-2.475E0,-6.5E0));
#2026=VERTEX_POINT('',#2024);
#2027=VERTEX_POINT('',#2025);
#2028=CARTESIAN_POINT('',(-7.25E0,-4.077886155814E0,-6.207718359846E0));
#2029=VERTEX_POINT('',#2028);
#2030=CARTESIAN_POINT('',(-7.25E0,-5.790903412323E0,-6.5E0));
#2031=VERTEX_POINT('',#2030);
#2032=CARTESIAN_POINT('',(-7.25E0,-5.875E0,-6.007122972800E0));
#2033=VERTEX_POINT('',#2032);
#2034=CARTESIAN_POINT('',(-7.25E0,-4.075E0,-5.7E0));
#2035=VERTEX_POINT('',#2034);
#2036=CARTESIAN_POINT('',(-7.25E0,-2.429785998565E0,-6.E0));
#2037=VERTEX_POINT('',#2036);
#2038=CARTESIAN_POINT('',(-6.75E0,8.5E-1,-5.9E0));
#2039=CARTESIAN_POINT('',(-6.75E0,8.5E-1,-5.989309151116E0));
#2040=VERTEX_POINT('',#2038);
#2041=VERTEX_POINT('',#2039);
#2042=CARTESIAN_POINT('',(-7.25E0,8.5E-1,-5.9E0));
#2043=CARTESIAN_POINT('',(-7.25E0,8.5E-1,-5.989309151116E0));
#2044=VERTEX_POINT('',#2042);
#2045=VERTEX_POINT('',#2043);
#2046=CARTESIAN_POINT('',(-6.75E0,3.393091511163E-1,-6.E0));
#2047=VERTEX_POINT('',#2046);
#2048=CARTESIAN_POINT('',(-6.75E0,3.5E-1,-5.989309151116E0));
#2049=VERTEX_POINT('',#2048);
#2050=CARTESIAN_POINT('',(-7.25E0,3.393091511163E-1,-6.E0));
#2051=VERTEX_POINT('',#2050);
#2052=CARTESIAN_POINT('',(-7.25E0,3.5E-1,-5.989309151116E0));
#2053=VERTEX_POINT('',#2052);
#2054=CARTESIAN_POINT('',(-6.75E0,3.5E-1,-5.9E0));
#2055=VERTEX_POINT('',#2054);
#2056=CARTESIAN_POINT('',(-7.25E0,3.5E-1,-5.9E0));
#2057=VERTEX_POINT('',#2056);
#2058=CARTESIAN_POINT('',(4.75E0,3.5E-1,-8.E-1));
#2059=CARTESIAN_POINT('',(4.75E0,8.5E-1,-8.E-1));
#2060=VERTEX_POINT('',#2058);
#2061=VERTEX_POINT('',#2059);
#2062=CARTESIAN_POINT('',(4.75E0,8.5E-1,-5.989309151116E0));
#2063=CARTESIAN_POINT('',(4.75E0,3.393091511163E-1,-6.5E0));
#2064=VERTEX_POINT('',#2062);
#2065=VERTEX_POINT('',#2063);
#2066=CARTESIAN_POINT('',(4.75E0,-5.875E0,-6.5E0));
#2067=VERTEX_POINT('',#2066);
#2068=CARTESIAN_POINT('',(4.75E0,-5.875E0,-6.E0));
#2069=VERTEX_POINT('',#2068);
#2070=CARTESIAN_POINT('',(4.75E0,3.393091511163E-1,-6.E0));
#2071=VERTEX_POINT('',#2070);
#2072=CARTESIAN_POINT('',(4.75E0,3.5E-1,-5.989309151116E0));
#2073=VERTEX_POINT('',#2072);
#2074=CARTESIAN_POINT('',(5.25E0,3.5E-1,-8.E-1));
#2075=CARTESIAN_POINT('',(5.25E0,8.5E-1,-8.E-1));
#2076=VERTEX_POINT('',#2074);
#2077=VERTEX_POINT('',#2075);
#2078=CARTESIAN_POINT('',(5.25E0,8.5E-1,-5.989309151116E0));
#2079=CARTESIAN_POINT('',(5.25E0,3.393091511163E-1,-6.5E0));
#2080=VERTEX_POINT('',#2078);
#2081=VERTEX_POINT('',#2079);
#2082=CARTESIAN_POINT('',(5.25E0,-5.875E0,-6.5E0));
#2083=VERTEX_POINT('',#2082);
#2084=CARTESIAN_POINT('',(5.25E0,-5.875E0,-6.E0));
#2085=VERTEX_POINT('',#2084);
#2086=CARTESIAN_POINT('',(5.25E0,3.393091511163E-1,-6.E0));
#2087=VERTEX_POINT('',#2086);
#2088=CARTESIAN_POINT('',(5.25E0,3.5E-1,-5.989309151116E0));
#2089=VERTEX_POINT('',#2088);
#2090=CARTESIAN_POINT('',(4.75E0,3.5E-1,-4.3E0));
#2091=VERTEX_POINT('',#2090);
#2092=CARTESIAN_POINT('',(4.75E0,8.5E-1,-4.3E0));
#2093=VERTEX_POINT('',#2092);
#2094=CARTESIAN_POINT('',(4.75E0,8.5E-1,-5.9E0));
#2095=VERTEX_POINT('',#2094);
#2096=CARTESIAN_POINT('',(4.75E0,3.5E-1,-5.9E0));
#2097=VERTEX_POINT('',#2096);
#2098=CARTESIAN_POINT('',(5.25E0,3.5E-1,-4.3E0));
#2099=VERTEX_POINT('',#2098);
#2100=CARTESIAN_POINT('',(5.25E0,8.5E-1,-4.3E0));
#2101=VERTEX_POINT('',#2100);
#2102=CARTESIAN_POINT('',(5.25E0,8.5E-1,-5.9E0));
#2103=VERTEX_POINT('',#2102);
#2104=CARTESIAN_POINT('',(5.25E0,3.5E-1,-5.9E0));
#2105=VERTEX_POINT('',#2104);
#2106=CARTESIAN_POINT('',(2.75E0,3.5E-1,-8.E-1));
#2107=CARTESIAN_POINT('',(2.75E0,8.5E-1,-8.E-1));
#2108=VERTEX_POINT('',#2106);
#2109=VERTEX_POINT('',#2107);
#2110=CARTESIAN_POINT('',(2.75E0,8.5E-1,-5.989309151116E0));
#2111=CARTESIAN_POINT('',(2.75E0,3.393091511163E-1,-6.5E0));
#2112=VERTEX_POINT('',#2110);
#2113=VERTEX_POINT('',#2111);
#2114=CARTESIAN_POINT('',(2.75E0,-5.875E0,-6.5E0));
#2115=VERTEX_POINT('',#2114);
#2116=CARTESIAN_POINT('',(2.75E0,-5.875E0,-6.E0));
#2117=VERTEX_POINT('',#2116);
#2118=CARTESIAN_POINT('',(2.75E0,3.393091511163E-1,-6.E0));
#2119=VERTEX_POINT('',#2118);
#2120=CARTESIAN_POINT('',(2.75E0,3.5E-1,-5.989309151116E0));
#2121=VERTEX_POINT('',#2120);
#2122=CARTESIAN_POINT('',(3.25E0,3.5E-1,-8.E-1));
#2123=CARTESIAN_POINT('',(3.25E0,8.5E-1,-8.E-1));
#2124=VERTEX_POINT('',#2122);
#2125=VERTEX_POINT('',#2123);
#2126=CARTESIAN_POINT('',(3.25E0,8.5E-1,-5.989309151116E0));
#2127=CARTESIAN_POINT('',(3.25E0,3.393091511163E-1,-6.5E0));
#2128=VERTEX_POINT('',#2126);
#2129=VERTEX_POINT('',#2127);
#2130=CARTESIAN_POINT('',(3.25E0,-5.875E0,-6.5E0));
#2131=VERTEX_POINT('',#2130);
#2132=CARTESIAN_POINT('',(3.25E0,-5.875E0,-6.E0));
#2133=VERTEX_POINT('',#2132);
#2134=CARTESIAN_POINT('',(3.25E0,3.393091511163E-1,-6.E0));
#2135=VERTEX_POINT('',#2134);
#2136=CARTESIAN_POINT('',(3.25E0,3.5E-1,-5.989309151116E0));
#2137=VERTEX_POINT('',#2136);
#2138=CARTESIAN_POINT('',(2.75E0,3.5E-1,-4.3E0));
#2139=VERTEX_POINT('',#2138);
#2140=CARTESIAN_POINT('',(2.75E0,8.5E-1,-4.3E0));
#2141=VERTEX_POINT('',#2140);
#2142=CARTESIAN_POINT('',(2.75E0,8.5E-1,-5.9E0));
#2143=VERTEX_POINT('',#2142);
#2144=CARTESIAN_POINT('',(2.75E0,3.5E-1,-5.9E0));
#2145=VERTEX_POINT('',#2144);
#2146=CARTESIAN_POINT('',(3.25E0,3.5E-1,-4.3E0));
#2147=VERTEX_POINT('',#2146);
#2148=CARTESIAN_POINT('',(3.25E0,8.5E-1,-4.3E0));
#2149=VERTEX_POINT('',#2148);
#2150=CARTESIAN_POINT('',(3.25E0,8.5E-1,-5.9E0));
#2151=VERTEX_POINT('',#2150);
#2152=CARTESIAN_POINT('',(3.25E0,3.5E-1,-5.9E0));
#2153=VERTEX_POINT('',#2152);
#2154=CARTESIAN_POINT('',(7.5E-1,3.5E-1,-8.E-1));
#2155=CARTESIAN_POINT('',(7.5E-1,8.5E-1,-8.E-1));
#2156=VERTEX_POINT('',#2154);
#2157=VERTEX_POINT('',#2155);
#2158=CARTESIAN_POINT('',(7.5E-1,8.5E-1,-5.989309151116E0));
#2159=CARTESIAN_POINT('',(7.5E-1,3.393091511163E-1,-6.5E0));
#2160=VERTEX_POINT('',#2158);
#2161=VERTEX_POINT('',#2159);
#2162=CARTESIAN_POINT('',(7.5E-1,-5.875E0,-6.5E0));
#2163=VERTEX_POINT('',#2162);
#2164=CARTESIAN_POINT('',(7.5E-1,-5.875E0,-6.E0));
#2165=VERTEX_POINT('',#2164);
#2166=CARTESIAN_POINT('',(7.5E-1,3.393091511163E-1,-6.E0));
#2167=VERTEX_POINT('',#2166);
#2168=CARTESIAN_POINT('',(7.5E-1,3.5E-1,-5.989309151116E0));
#2169=VERTEX_POINT('',#2168);
#2170=CARTESIAN_POINT('',(1.25E0,3.5E-1,-8.E-1));
#2171=CARTESIAN_POINT('',(1.25E0,8.5E-1,-8.E-1));
#2172=VERTEX_POINT('',#2170);
#2173=VERTEX_POINT('',#2171);
#2174=CARTESIAN_POINT('',(1.25E0,8.5E-1,-5.989309151116E0));
#2175=CARTESIAN_POINT('',(1.25E0,3.393091511163E-1,-6.5E0));
#2176=VERTEX_POINT('',#2174);
#2177=VERTEX_POINT('',#2175);
#2178=CARTESIAN_POINT('',(1.25E0,-5.875E0,-6.5E0));
#2179=VERTEX_POINT('',#2178);
#2180=CARTESIAN_POINT('',(1.25E0,-5.875E0,-6.E0));
#2181=VERTEX_POINT('',#2180);
#2182=CARTESIAN_POINT('',(1.25E0,3.393091511163E-1,-6.E0));
#2183=VERTEX_POINT('',#2182);
#2184=CARTESIAN_POINT('',(1.25E0,3.5E-1,-5.989309151116E0));
#2185=VERTEX_POINT('',#2184);
#2186=CARTESIAN_POINT('',(7.5E-1,3.5E-1,-4.3E0));
#2187=VERTEX_POINT('',#2186);
#2188=CARTESIAN_POINT('',(7.5E-1,8.5E-1,-4.3E0));
#2189=VERTEX_POINT('',#2188);
#2190=CARTESIAN_POINT('',(7.5E-1,8.5E-1,-5.9E0));
#2191=VERTEX_POINT('',#2190);
#2192=CARTESIAN_POINT('',(7.5E-1,3.5E-1,-5.9E0));
#2193=VERTEX_POINT('',#2192);
#2194=CARTESIAN_POINT('',(1.25E0,3.5E-1,-4.3E0));
#2195=VERTEX_POINT('',#2194);
#2196=CARTESIAN_POINT('',(1.25E0,8.5E-1,-4.3E0));
#2197=VERTEX_POINT('',#2196);
#2198=CARTESIAN_POINT('',(1.25E0,8.5E-1,-5.9E0));
#2199=VERTEX_POINT('',#2198);
#2200=CARTESIAN_POINT('',(1.25E0,3.5E-1,-5.9E0));
#2201=VERTEX_POINT('',#2200);
#2202=CARTESIAN_POINT('',(-1.25E0,3.5E-1,-8.E-1));
#2203=CARTESIAN_POINT('',(-1.25E0,8.5E-1,-8.E-1));
#2204=VERTEX_POINT('',#2202);
#2205=VERTEX_POINT('',#2203);
#2206=CARTESIAN_POINT('',(-1.25E0,8.5E-1,-5.989309151116E0));
#2207=CARTESIAN_POINT('',(-1.25E0,3.393091511163E-1,-6.5E0));
#2208=VERTEX_POINT('',#2206);
#2209=VERTEX_POINT('',#2207);
#2210=CARTESIAN_POINT('',(-1.25E0,-5.875E0,-6.5E0));
#2211=VERTEX_POINT('',#2210);
#2212=CARTESIAN_POINT('',(-1.25E0,-5.875E0,-6.E0));
#2213=VERTEX_POINT('',#2212);
#2214=CARTESIAN_POINT('',(-1.25E0,3.393091511163E-1,-6.E0));
#2215=VERTEX_POINT('',#2214);
#2216=CARTESIAN_POINT('',(-1.25E0,3.5E-1,-5.989309151116E0));
#2217=VERTEX_POINT('',#2216);
#2218=CARTESIAN_POINT('',(-7.5E-1,3.5E-1,-8.E-1));
#2219=CARTESIAN_POINT('',(-7.5E-1,8.5E-1,-8.E-1));
#2220=VERTEX_POINT('',#2218);
#2221=VERTEX_POINT('',#2219);
#2222=CARTESIAN_POINT('',(-7.5E-1,8.5E-1,-5.989309151116E0));
#2223=CARTESIAN_POINT('',(-7.5E-1,3.393091511163E-1,-6.5E0));
#2224=VERTEX_POINT('',#2222);
#2225=VERTEX_POINT('',#2223);
#2226=CARTESIAN_POINT('',(-7.5E-1,-5.875E0,-6.5E0));
#2227=VERTEX_POINT('',#2226);
#2228=CARTESIAN_POINT('',(-7.5E-1,-5.875E0,-6.E0));
#2229=VERTEX_POINT('',#2228);
#2230=CARTESIAN_POINT('',(-7.5E-1,3.393091511163E-1,-6.E0));
#2231=VERTEX_POINT('',#2230);
#2232=CARTESIAN_POINT('',(-7.5E-1,3.5E-1,-5.989309151116E0));
#2233=VERTEX_POINT('',#2232);
#2234=CARTESIAN_POINT('',(-1.25E0,3.5E-1,-4.3E0));
#2235=VERTEX_POINT('',#2234);
#2236=CARTESIAN_POINT('',(-1.25E0,8.5E-1,-4.3E0));
#2237=VERTEX_POINT('',#2236);
#2238=CARTESIAN_POINT('',(-1.25E0,8.5E-1,-5.9E0));
#2239=VERTEX_POINT('',#2238);
#2240=CARTESIAN_POINT('',(-1.25E0,3.5E-1,-5.9E0));
#2241=VERTEX_POINT('',#2240);
#2242=CARTESIAN_POINT('',(-7.5E-1,3.5E-1,-4.3E0));
#2243=VERTEX_POINT('',#2242);
#2244=CARTESIAN_POINT('',(-7.5E-1,8.5E-1,-4.3E0));
#2245=VERTEX_POINT('',#2244);
#2246=CARTESIAN_POINT('',(-7.5E-1,8.5E-1,-5.9E0));
#2247=VERTEX_POINT('',#2246);
#2248=CARTESIAN_POINT('',(-7.5E-1,3.5E-1,-5.9E0));
#2249=VERTEX_POINT('',#2248);
#2250=CARTESIAN_POINT('',(-3.25E0,3.5E-1,-8.E-1));
#2251=CARTESIAN_POINT('',(-3.25E0,8.5E-1,-8.E-1));
#2252=VERTEX_POINT('',#2250);
#2253=VERTEX_POINT('',#2251);
#2254=CARTESIAN_POINT('',(-3.25E0,8.5E-1,-5.989309151116E0));
#2255=CARTESIAN_POINT('',(-3.25E0,3.393091511163E-1,-6.5E0));
#2256=VERTEX_POINT('',#2254);
#2257=VERTEX_POINT('',#2255);
#2258=CARTESIAN_POINT('',(-3.25E0,-5.875E0,-6.5E0));
#2259=VERTEX_POINT('',#2258);
#2260=CARTESIAN_POINT('',(-3.25E0,-5.875E0,-6.E0));
#2261=VERTEX_POINT('',#2260);
#2262=CARTESIAN_POINT('',(-3.25E0,3.393091511163E-1,-6.E0));
#2263=VERTEX_POINT('',#2262);
#2264=CARTESIAN_POINT('',(-3.25E0,3.5E-1,-5.989309151116E0));
#2265=VERTEX_POINT('',#2264);
#2266=CARTESIAN_POINT('',(-2.75E0,3.5E-1,-8.E-1));
#2267=CARTESIAN_POINT('',(-2.75E0,8.5E-1,-8.E-1));
#2268=VERTEX_POINT('',#2266);
#2269=VERTEX_POINT('',#2267);
#2270=CARTESIAN_POINT('',(-2.75E0,8.5E-1,-5.989309151116E0));
#2271=CARTESIAN_POINT('',(-2.75E0,3.393091511163E-1,-6.5E0));
#2272=VERTEX_POINT('',#2270);
#2273=VERTEX_POINT('',#2271);
#2274=CARTESIAN_POINT('',(-2.75E0,-5.875E0,-6.5E0));
#2275=VERTEX_POINT('',#2274);
#2276=CARTESIAN_POINT('',(-2.75E0,-5.875E0,-6.E0));
#2277=VERTEX_POINT('',#2276);
#2278=CARTESIAN_POINT('',(-2.75E0,3.393091511163E-1,-6.E0));
#2279=VERTEX_POINT('',#2278);
#2280=CARTESIAN_POINT('',(-2.75E0,3.5E-1,-5.989309151116E0));
#2281=VERTEX_POINT('',#2280);
#2282=CARTESIAN_POINT('',(-3.25E0,3.5E-1,-4.3E0));
#2283=VERTEX_POINT('',#2282);
#2284=CARTESIAN_POINT('',(-3.25E0,8.5E-1,-4.3E0));
#2285=VERTEX_POINT('',#2284);
#2286=CARTESIAN_POINT('',(-3.25E0,8.5E-1,-5.9E0));
#2287=VERTEX_POINT('',#2286);
#2288=CARTESIAN_POINT('',(-3.25E0,3.5E-1,-5.9E0));
#2289=VERTEX_POINT('',#2288);
#2290=CARTESIAN_POINT('',(-2.75E0,3.5E-1,-4.3E0));
#2291=VERTEX_POINT('',#2290);
#2292=CARTESIAN_POINT('',(-2.75E0,8.5E-1,-4.3E0));
#2293=VERTEX_POINT('',#2292);
#2294=CARTESIAN_POINT('',(-2.75E0,8.5E-1,-5.9E0));
#2295=VERTEX_POINT('',#2294);
#2296=CARTESIAN_POINT('',(-2.75E0,3.5E-1,-5.9E0));
#2297=VERTEX_POINT('',#2296);
#2298=CARTESIAN_POINT('',(-5.25E0,3.5E-1,-8.E-1));
#2299=CARTESIAN_POINT('',(-5.25E0,8.5E-1,-8.E-1));
#2300=VERTEX_POINT('',#2298);
#2301=VERTEX_POINT('',#2299);
#2302=CARTESIAN_POINT('',(-5.25E0,8.5E-1,-5.989309151116E0));
#2303=CARTESIAN_POINT('',(-5.25E0,3.393091511163E-1,-6.5E0));
#2304=VERTEX_POINT('',#2302);
#2305=VERTEX_POINT('',#2303);
#2306=CARTESIAN_POINT('',(-5.25E0,-5.875E0,-6.5E0));
#2307=VERTEX_POINT('',#2306);
#2308=CARTESIAN_POINT('',(-5.25E0,-5.875E0,-6.E0));
#2309=VERTEX_POINT('',#2308);
#2310=CARTESIAN_POINT('',(-5.25E0,3.393091511163E-1,-6.E0));
#2311=VERTEX_POINT('',#2310);
#2312=CARTESIAN_POINT('',(-5.25E0,3.5E-1,-5.989309151116E0));
#2313=VERTEX_POINT('',#2312);
#2314=CARTESIAN_POINT('',(-4.75E0,3.5E-1,-8.E-1));
#2315=CARTESIAN_POINT('',(-4.75E0,8.5E-1,-8.E-1));
#2316=VERTEX_POINT('',#2314);
#2317=VERTEX_POINT('',#2315);
#2318=CARTESIAN_POINT('',(-4.75E0,8.5E-1,-5.989309151116E0));
#2319=CARTESIAN_POINT('',(-4.75E0,3.393091511163E-1,-6.5E0));
#2320=VERTEX_POINT('',#2318);
#2321=VERTEX_POINT('',#2319);
#2322=CARTESIAN_POINT('',(-4.75E0,-5.875E0,-6.5E0));
#2323=VERTEX_POINT('',#2322);
#2324=CARTESIAN_POINT('',(-4.75E0,-5.875E0,-6.E0));
#2325=VERTEX_POINT('',#2324);
#2326=CARTESIAN_POINT('',(-4.75E0,3.393091511163E-1,-6.E0));
#2327=VERTEX_POINT('',#2326);
#2328=CARTESIAN_POINT('',(-4.75E0,3.5E-1,-5.989309151116E0));
#2329=VERTEX_POINT('',#2328);
#2330=CARTESIAN_POINT('',(-5.25E0,3.5E-1,-4.3E0));
#2331=VERTEX_POINT('',#2330);
#2332=CARTESIAN_POINT('',(-5.25E0,8.5E-1,-4.3E0));
#2333=VERTEX_POINT('',#2332);
#2334=CARTESIAN_POINT('',(-5.25E0,8.5E-1,-5.9E0));
#2335=VERTEX_POINT('',#2334);
#2336=CARTESIAN_POINT('',(-5.25E0,3.5E-1,-5.9E0));
#2337=VERTEX_POINT('',#2336);
#2338=CARTESIAN_POINT('',(-4.75E0,3.5E-1,-4.3E0));
#2339=VERTEX_POINT('',#2338);
#2340=CARTESIAN_POINT('',(-4.75E0,8.5E-1,-4.3E0));
#2341=VERTEX_POINT('',#2340);
#2342=CARTESIAN_POINT('',(-4.75E0,8.5E-1,-5.9E0));
#2343=VERTEX_POINT('',#2342);
#2344=CARTESIAN_POINT('',(-4.75E0,3.5E-1,-5.9E0));
#2345=VERTEX_POINT('',#2344);
#2346=CARTESIAN_POINT('',(9.E0,2.475E0,-5.3E0));
#2347=VERTEX_POINT('',#2346);
#2348=CARTESIAN_POINT('',(9.E0,2.475E0,-4.65E0));
#2349=VERTEX_POINT('',#2348);
#2350=CARTESIAN_POINT('',(-9.E0,2.475E0,-5.3E0));
#2351=VERTEX_POINT('',#2350);
#2352=CARTESIAN_POINT('',(-9.E0,2.475E0,-4.65E0));
#2353=VERTEX_POINT('',#2352);
#2354=CARTESIAN_POINT('',(9.E0,2.475E0,0.E0));
#2355=VERTEX_POINT('',#2354);
#2356=CARTESIAN_POINT('',(-9.E0,2.475E0,0.E0));
#2357=VERTEX_POINT('',#2356);
#2358=CARTESIAN_POINT('',(-8.E0,-2.075E0,-5.3E0));
#2359=VERTEX_POINT('',#2358);
#2360=CARTESIAN_POINT('',(-8.E0,0.E0,-5.9E0));
#2361=VERTEX_POINT('',#2360);
#2362=CARTESIAN_POINT('',(-8.E0,2.275E0,-5.9E0));
#2363=VERTEX_POINT('',#2362);
#2364=CARTESIAN_POINT('',(8.E0,-2.075E0,-5.3E0));
#2365=VERTEX_POINT('',#2364);
#2366=CARTESIAN_POINT('',(8.E0,0.E0,-5.9E0));
#2367=VERTEX_POINT('',#2366);
#2368=CARTESIAN_POINT('',(8.E0,2.275E0,-5.9E0));
#2369=VERTEX_POINT('',#2368);
#2370=CARTESIAN_POINT('',(9.E0,1.025E0,0.E0));
#2371=CARTESIAN_POINT('',(8.45E0,1.025E0,0.E0));
#2372=VERTEX_POINT('',#2370);
#2373=VERTEX_POINT('',#2371);
#2374=CARTESIAN_POINT('',(-8.45E0,1.025E0,0.E0));
#2375=CARTESIAN_POINT('',(-9.E0,1.025E0,0.E0));
#2376=VERTEX_POINT('',#2374);
#2377=VERTEX_POINT('',#2375);
#2378=CARTESIAN_POINT('',(9.E0,2.5E-2,0.E0));
#2379=CARTESIAN_POINT('',(8.45E0,2.5E-2,0.E0));
#2380=VERTEX_POINT('',#2378);
#2381=VERTEX_POINT('',#2379);
#2382=CARTESIAN_POINT('',(-8.45E0,2.5E-2,0.E0));
#2383=CARTESIAN_POINT('',(-9.E0,2.5E-2,0.E0));
#2384=VERTEX_POINT('',#2382);
#2385=VERTEX_POINT('',#2383);
#2386=CARTESIAN_POINT('',(8.45E0,-1.8E0,-3.38E-1));
#2387=CARTESIAN_POINT('',(-8.45E0,-1.8E0,-3.38E-1));
#2388=VERTEX_POINT('',#2386);
#2389=VERTEX_POINT('',#2387);
#2390=CARTESIAN_POINT('',(8.45E0,-2.138E0,0.E0));
#2391=CARTESIAN_POINT('',(-8.45E0,-2.138E0,0.E0));
#2392=VERTEX_POINT('',#2390);
#2393=VERTEX_POINT('',#2391);
#2394=CARTESIAN_POINT('',(-8.45E0,1.8E0,-3.38E-1));
#2395=CARTESIAN_POINT('',(-8.45E0,2.138E0,0.E0));
#2396=VERTEX_POINT('',#2394);
#2397=VERTEX_POINT('',#2395);
#2398=CARTESIAN_POINT('',(8.45E0,2.138E0,0.E0));
#2399=CARTESIAN_POINT('',(8.45E0,1.8E0,-3.38E-1));
#2400=VERTEX_POINT('',#2398);
#2401=VERTEX_POINT('',#2399);
#2402=CARTESIAN_POINT('',(6.E0,2.475E0,0.E0));
#2403=CARTESIAN_POINT('',(6.E0,2.138E0,0.E0));
#2404=VERTEX_POINT('',#2402);
#2405=VERTEX_POINT('',#2403);
#2406=CARTESIAN_POINT('',(-6.E0,2.475E0,0.E0));
#2407=CARTESIAN_POINT('',(-6.E0,2.138E0,0.E0));
#2408=VERTEX_POINT('',#2406);
#2409=VERTEX_POINT('',#2407);
#2410=CARTESIAN_POINT('',(6.E0,1.8E0,-3.38E-1));
#2411=VERTEX_POINT('',#2410);
#2412=CARTESIAN_POINT('',(-6.E0,1.8E0,-3.38E-1));
#2413=VERTEX_POINT('',#2412);
#2414=CARTESIAN_POINT('',(8.45E0,2.475E0,-4.3E0));
#2415=VERTEX_POINT('',#2414);
#2416=CARTESIAN_POINT('',(-8.45E0,2.475E0,-4.3E0));
#2417=VERTEX_POINT('',#2416);
#2418=CARTESIAN_POINT('',(0.E0,0.E0,0.E0));
#2419=DIRECTION('',(0.E0,0.E0,1.E0));
#2420=DIRECTION('',(-1.E0,0.E0,0.E0));
#2421=AXIS2_PLACEMENT_3D('',#2418,#2419,#2420);
#2422=PLANE('',#2421);
#2424=ORIENTED_EDGE('',*,*,#2423,.F.);
#2426=ORIENTED_EDGE('',*,*,#2425,.F.);
#2428=ORIENTED_EDGE('',*,*,#2427,.F.);
#2430=ORIENTED_EDGE('',*,*,#2429,.F.);
#2432=ORIENTED_EDGE('',*,*,#2431,.F.);
#2434=ORIENTED_EDGE('',*,*,#2433,.F.);
#2436=ORIENTED_EDGE('',*,*,#2435,.F.);
#2438=ORIENTED_EDGE('',*,*,#2437,.F.);
#2439=EDGE_LOOP('',(#2424,#2426,#2428,#2430,#2432,#2434,#2436,#2438));
#2440=FACE_OUTER_BOUND('',#2439,.F.);
#2442=CARTESIAN_POINT('',(0.E0,0.E0,0.E0));
#2443=DIRECTION('',(0.E0,0.E0,1.E0));
#2444=DIRECTION('',(-1.E0,0.E0,0.E0));
#2445=AXIS2_PLACEMENT_3D('',#2442,#2443,#2444);
#2446=PLANE('',#2445);
#2448=ORIENTED_EDGE('',*,*,#2447,.F.);
#2450=ORIENTED_EDGE('',*,*,#2449,.F.);
#2452=ORIENTED_EDGE('',*,*,#2451,.F.);
#2454=ORIENTED_EDGE('',*,*,#2453,.T.);
#2456=ORIENTED_EDGE('',*,*,#2455,.F.);
#2458=ORIENTED_EDGE('',*,*,#2457,.F.);
#2459=EDGE_LOOP('',(#2448,#2450,#2452,#2454,#2456,#2458));
#2460=FACE_OUTER_BOUND('',#2459,.F.);
#2462=CARTESIAN_POINT('',(0.E0,0.E0,0.E0));
#2463=DIRECTION('',(0.E0,0.E0,1.E0));
#2464=DIRECTION('',(-1.E0,0.E0,0.E0));
#2465=AXIS2_PLACEMENT_3D('',#2462,#2463,#2464);
#2466=PLANE('',#2465);
#2468=ORIENTED_EDGE('',*,*,#2467,.T.);
#2470=ORIENTED_EDGE('',*,*,#2469,.F.);
#2472=ORIENTED_EDGE('',*,*,#2471,.F.);
#2474=ORIENTED_EDGE('',*,*,#2473,.T.);
#2476=ORIENTED_EDGE('',*,*,#2475,.F.);
#2478=ORIENTED_EDGE('',*,*,#2477,.F.);
#2479=EDGE_LOOP('',(#2468,#2470,#2472,#2474,#2476,#2478));
#2480=FACE_OUTER_BOUND('',#2479,.F.);
#2482=CARTESIAN_POINT('',(0.E0,-1.969E0,-1.69E-1));
#2483=DIRECTION('',(0.E0,7.071067811865E-1,7.071067811865E-1));
#2484=DIRECTION('',(0.E0,7.071067811865E-1,-7.071067811865E-1));
#2485=AXIS2_PLACEMENT_3D('',#2482,#2483,#2484);
#2486=PLANE('',#2485);
#2488=ORIENTED_EDGE('',*,*,#2487,.F.);
#2490=ORIENTED_EDGE('',*,*,#2489,.T.);
#2491=ORIENTED_EDGE('',*,*,#2423,.T.);
#2493=ORIENTED_EDGE('',*,*,#2492,.T.);
#2494=EDGE_LOOP('',(#2488,#2490,#2491,#2493));
#2495=FACE_OUTER_BOUND('',#2494,.F.);
#2497=CARTESIAN_POINT('',(-8.45E0,-1.8E0,0.E0));
#2498=DIRECTION('',(0.E0,-1.E0,0.E0));
#2499=DIRECTION('',(1.E0,0.E0,0.E0));
#2500=AXIS2_PLACEMENT_3D('',#2497,#2498,#2499);
#2501=PLANE('',#2500);
#2502=ORIENTED_EDGE('',*,*,#2487,.T.);
#2504=ORIENTED_EDGE('',*,*,#2503,.F.);
#2506=ORIENTED_EDGE('',*,*,#2505,.F.);
#2508=ORIENTED_EDGE('',*,*,#2507,.F.);
#2509=EDGE_LOOP('',(#2502,#2504,#2506,#2508));
#2510=FACE_OUTER_BOUND('',#2509,.F.);
#2512=CARTESIAN_POINT('',(-8.45E0,1.8E0,0.E0));
#2513=DIRECTION('',(-1.E0,0.E0,0.E0));
#2514=DIRECTION('',(0.E0,-1.E0,0.E0));
#2515=AXIS2_PLACEMENT_3D('',#2512,#2513,#2514);
#2516=PLANE('',#2515);
#2518=ORIENTED_EDGE('',*,*,#2517,.T.);
#2520=ORIENTED_EDGE('',*,*,#2519,.F.);
#2522=ORIENTED_EDGE('',*,*,#2521,.F.);
#2524=ORIENTED_EDGE('',*,*,#2523,.T.);
#2526=ORIENTED_EDGE('',*,*,#2525,.T.);
#2528=ORIENTED_EDGE('',*,*,#2527,.T.);
#2529=ORIENTED_EDGE('',*,*,#2503,.T.);
#2530=ORIENTED_EDGE('',*,*,#2492,.F.);
#2531=ORIENTED_EDGE('',*,*,#2437,.T.);
#2533=ORIENTED_EDGE('',*,*,#2532,.T.);
#2535=ORIENTED_EDGE('',*,*,#2534,.F.);
#2537=ORIENTED_EDGE('',*,*,#2536,.F.);
#2538=ORIENTED_EDGE('',*,*,#2471,.T.);
#2540=ORIENTED_EDGE('',*,*,#2539,.F.);
#2541=EDGE_LOOP('',(#2518,#2520,#2522,#2524,#2526,#2528,#2529,#2530,#2531,#2533,
#2535,#2537,#2538,#2540));
#2542=FACE_OUTER_BOUND('',#2541,.F.);
#2544=CARTESIAN_POINT('',(8.45E0,1.8E0,0.E0));
#2545=DIRECTION('',(0.E0,1.E0,0.E0));
#2546=DIRECTION('',(-1.E0,0.E0,0.E0));
#2547=AXIS2_PLACEMENT_3D('',#2544,#2545,#2546);
#2548=PLANE('',#2547);
#2550=ORIENTED_EDGE('',*,*,#2549,.F.);
#2552=ORIENTED_EDGE('',*,*,#2551,.T.);
#2554=ORIENTED_EDGE('',*,*,#2553,.T.);
#2556=ORIENTED_EDGE('',*,*,#2555,.T.);
#2558=ORIENTED_EDGE('',*,*,#2557,.T.);
#2560=ORIENTED_EDGE('',*,*,#2559,.T.);
#2561=EDGE_LOOP('',(#2550,#2552,#2554,#2556,#2558,#2560));
#2562=FACE_OUTER_BOUND('',#2561,.F.);
#2564=CARTESIAN_POINT('',(8.45E0,1.8E0,0.E0));
#2565=DIRECTION('',(0.E0,1.E0,0.E0));
#2566=DIRECTION('',(-1.E0,0.E0,0.E0));
#2567=AXIS2_PLACEMENT_3D('',#2564,#2565,#2566);
#2568=PLANE('',#2567);
#2570=ORIENTED_EDGE('',*,*,#2569,.F.);
#2571=ORIENTED_EDGE('',*,*,#2517,.F.);
#2573=ORIENTED_EDGE('',*,*,#2572,.T.);
#2575=ORIENTED_EDGE('',*,*,#2574,.F.);
#2577=ORIENTED_EDGE('',*,*,#2576,.T.);
#2579=ORIENTED_EDGE('',*,*,#2578,.T.);
#2580=EDGE_LOOP('',(#2570,#2571,#2573,#2575,#2577,#2579));
#2581=FACE_OUTER_BOUND('',#2580,.F.);
#2583=CARTESIAN_POINT('',(7.25E0,2.475E0,-4.3E0));
#2584=DIRECTION('',(-1.E0,0.E0,0.E0));
#2585=DIRECTION('',(0.E0,0.E0,1.E0));
#2586=AXIS2_PLACEMENT_3D('',#2583,#2584,#2585);
#2587=PLANE('',#2586);
#2589=ORIENTED_EDGE('',*,*,#2588,.T.);
#2590=ORIENTED_EDGE('',*,*,#2549,.T.);
#2592=ORIENTED_EDGE('',*,*,#2591,.F.);
#2594=ORIENTED_EDGE('',*,*,#2593,.F.);
#2595=EDGE_LOOP('',(#2589,#2590,#2592,#2594));
#2596=FACE_OUTER_BOUND('',#2595,.F.);
#2598=CARTESIAN_POINT('',(0.E0,0.E0,-4.3E0));
#2599=DIRECTION('',(0.E0,0.E0,1.E0));
#2600=DIRECTION('',(-1.E0,0.E0,0.E0));
#2601=AXIS2_PLACEMENT_3D('',#2598,#2599,#2600);
#2602=PLANE('',#2601);
#2603=ORIENTED_EDGE('',*,*,#2523,.F.);
#2605=ORIENTED_EDGE('',*,*,#2604,.F.);
#2607=ORIENTED_EDGE('',*,*,#2606,.T.);
#2608=ORIENTED_EDGE('',*,*,#2576,.F.);
#2610=ORIENTED_EDGE('',*,*,#2609,.F.);
#2612=ORIENTED_EDGE('',*,*,#2611,.F.);
#2614=ORIENTED_EDGE('',*,*,#2613,.T.);
#2615=ORIENTED_EDGE('',*,*,#2551,.F.);
#2616=ORIENTED_EDGE('',*,*,#2588,.F.);
#2618=ORIENTED_EDGE('',*,*,#2617,.F.);
#2620=ORIENTED_EDGE('',*,*,#2619,.F.);
#2622=ORIENTED_EDGE('',*,*,#2621,.T.);
#2623=EDGE_LOOP('',(#2603,#2605,#2607,#2608,#2610,#2612,#2614,#2615,#2616,#2618,
#2620,#2622));
#2624=FACE_OUTER_BOUND('',#2623,.F.);
#2626=ORIENTED_EDGE('',*,*,#2625,.T.);
#2628=ORIENTED_EDGE('',*,*,#2627,.T.);
#2630=ORIENTED_EDGE('',*,*,#2629,.T.);
#2632=ORIENTED_EDGE('',*,*,#2631,.T.);
#2633=EDGE_LOOP('',(#2626,#2628,#2630,#2632));
#2634=FACE_BOUND('',#2633,.F.);
#2636=ORIENTED_EDGE('',*,*,#2635,.F.);
#2638=ORIENTED_EDGE('',*,*,#2637,.F.);
#2640=ORIENTED_EDGE('',*,*,#2639,.F.);
#2642=ORIENTED_EDGE('',*,*,#2641,.F.);
#2643=EDGE_LOOP('',(#2636,#2638,#2640,#2642));
#2644=FACE_BOUND('',#2643,.F.);
#2646=ORIENTED_EDGE('',*,*,#2645,.F.);
#2648=ORIENTED_EDGE('',*,*,#2647,.F.);
#2650=ORIENTED_EDGE('',*,*,#2649,.T.);
#2652=ORIENTED_EDGE('',*,*,#2651,.T.);
#2653=EDGE_LOOP('',(#2646,#2648,#2650,#2652));
#2654=FACE_BOUND('',#2653,.F.);
#2656=ORIENTED_EDGE('',*,*,#2655,.F.);
#2658=ORIENTED_EDGE('',*,*,#2657,.F.);
#2660=ORIENTED_EDGE('',*,*,#2659,.T.);
#2662=ORIENTED_EDGE('',*,*,#2661,.T.);
#2663=EDGE_LOOP('',(#2656,#2658,#2660,#2662));
#2664=FACE_BOUND('',#2663,.F.);
#2666=ORIENTED_EDGE('',*,*,#2665,.F.);
#2668=ORIENTED_EDGE('',*,*,#2667,.F.);
#2670=ORIENTED_EDGE('',*,*,#2669,.T.);
#2672=ORIENTED_EDGE('',*,*,#2671,.T.);
#2673=EDGE_LOOP('',(#2666,#2668,#2670,#2672));
#2674=FACE_BOUND('',#2673,.F.);
#2676=ORIENTED_EDGE('',*,*,#2675,.F.);
#2678=ORIENTED_EDGE('',*,*,#2677,.F.);
#2680=ORIENTED_EDGE('',*,*,#2679,.T.);
#2682=ORIENTED_EDGE('',*,*,#2681,.T.);
#2683=EDGE_LOOP('',(#2676,#2678,#2680,#2682));
#2684=FACE_BOUND('',#2683,.F.);
#2686=ORIENTED_EDGE('',*,*,#2685,.F.);
#2688=ORIENTED_EDGE('',*,*,#2687,.F.);
#2690=ORIENTED_EDGE('',*,*,#2689,.T.);
#2692=ORIENTED_EDGE('',*,*,#2691,.T.);
#2693=EDGE_LOOP('',(#2686,#2688,#2690,#2692));
#2694=FACE_BOUND('',#2693,.F.);
#2696=ORIENTED_EDGE('',*,*,#2695,.F.);
#2698=ORIENTED_EDGE('',*,*,#2697,.F.);
#2700=ORIENTED_EDGE('',*,*,#2699,.T.);
#2702=ORIENTED_EDGE('',*,*,#2701,.T.);
#2703=EDGE_LOOP('',(#2696,#2698,#2700,#2702));
#2704=FACE_BOUND('',#2703,.F.);
#2706=CARTESIAN_POINT('',(9.E0,2.475E0,0.E0));
#2707=DIRECTION('',(0.E0,1.E0,0.E0));
#2708=DIRECTION('',(-1.E0,0.E0,0.E0));
#2709=AXIS2_PLACEMENT_3D('',#2706,#2707,#2708);
#2710=PLANE('',#2709);
#2712=ORIENTED_EDGE('',*,*,#2711,.T.);
#2714=ORIENTED_EDGE('',*,*,#2713,.T.);
#2716=ORIENTED_EDGE('',*,*,#2715,.F.);
#2718=ORIENTED_EDGE('',*,*,#2717,.F.);
#2719=EDGE_LOOP('',(#2712,#2714,#2716,#2718));
#2720=FACE_OUTER_BOUND('',#2719,.F.);
#2722=CARTESIAN_POINT('',(9.E0,2.475E0,0.E0));
#2723=DIRECTION('',(0.E0,1.E0,0.E0));
#2724=DIRECTION('',(-1.E0,0.E0,0.E0));
#2725=AXIS2_PLACEMENT_3D('',#2722,#2723,#2724);
#2726=PLANE('',#2725);
#2728=ORIENTED_EDGE('',*,*,#2727,.T.);
#2729=ORIENTED_EDGE('',*,*,#2611,.T.);
#2731=ORIENTED_EDGE('',*,*,#2730,.F.);
#2732=ORIENTED_EDGE('',*,*,#2477,.T.);
#2734=ORIENTED_EDGE('',*,*,#2733,.T.);
#2736=ORIENTED_EDGE('',*,*,#2735,.F.);
#2738=ORIENTED_EDGE('',*,*,#2737,.F.);
#2739=ORIENTED_EDGE('',*,*,#2449,.T.);
#2740=EDGE_LOOP('',(#2728,#2729,#2731,#2732,#2734,#2736,#2738,#2739));
#2741=FACE_OUTER_BOUND('',#2740,.F.);
#2742=ORIENTED_EDGE('',*,*,#2617,.T.);
#2743=ORIENTED_EDGE('',*,*,#2593,.T.);
#2745=ORIENTED_EDGE('',*,*,#2744,.T.);
#2747=ORIENTED_EDGE('',*,*,#2746,.T.);
#2748=EDGE_LOOP('',(#2742,#2743,#2745,#2747));
#2749=FACE_BOUND('',#2748,.F.);
#2750=ORIENTED_EDGE('',*,*,#2521,.T.);
#2752=ORIENTED_EDGE('',*,*,#2751,.T.);
#2754=ORIENTED_EDGE('',*,*,#2753,.T.);
#2755=ORIENTED_EDGE('',*,*,#2604,.T.);
#2756=EDGE_LOOP('',(#2750,#2752,#2754,#2755));
#2757=FACE_BOUND('',#2756,.F.);
#2759=CARTESIAN_POINT('',(1.08E1,2.475E0,-5.3E0));
#2760=DIRECTION('',(0.E0,0.E0,-1.E0));
#2761=DIRECTION('',(0.E0,-1.E0,0.E0));
#2762=AXIS2_PLACEMENT_3D('',#2759,#2760,#2761);
#2763=PLANE('',#2762);
#2765=ORIENTED_EDGE('',*,*,#2764,.T.);
#2767=ORIENTED_EDGE('',*,*,#2766,.F.);
#2768=ORIENTED_EDGE('',*,*,#2711,.F.);
#2770=ORIENTED_EDGE('',*,*,#2769,.T.);
#2771=EDGE_LOOP('',(#2765,#2767,#2768,#2770));
#2772=FACE_OUTER_BOUND('',#2771,.F.);
#2774=CARTESIAN_POINT('',(1.08E1,2.275E0,-5.3E0));
#2775=DIRECTION('',(0.E0,-1.E0,0.E0));
#2776=DIRECTION('',(0.E0,0.E0,1.E0));
#2777=AXIS2_PLACEMENT_3D('',#2774,#2775,#2776);
#2778=PLANE('',#2777);
#2779=ORIENTED_EDGE('',*,*,#2764,.F.);
#2781=ORIENTED_EDGE('',*,*,#2780,.T.);
#2783=ORIENTED_EDGE('',*,*,#2782,.T.);
#2785=ORIENTED_EDGE('',*,*,#2784,.F.);
#2786=EDGE_LOOP('',(#2779,#2781,#2783,#2785));
#2787=FACE_OUTER_BOUND('',#2786,.F.);
#2789=CARTESIAN_POINT('',(9.E0,-2.475E0,0.E0));
#2790=DIRECTION('',(1.E0,0.E0,0.E0));
#2791=DIRECTION('',(0.E0,1.E0,0.E0));
#2792=AXIS2_PLACEMENT_3D('',#2789,#2790,#2791);
#2793=PLANE('',#2792);
#2795=ORIENTED_EDGE('',*,*,#2794,.F.);
#2796=ORIENTED_EDGE('',*,*,#2451,.T.);
#2797=ORIENTED_EDGE('',*,*,#2737,.T.);
#2799=ORIENTED_EDGE('',*,*,#2798,.T.);
#2800=ORIENTED_EDGE('',*,*,#2780,.F.);
#2801=ORIENTED_EDGE('',*,*,#2769,.F.);
#2802=ORIENTED_EDGE('',*,*,#2717,.T.);
#2804=ORIENTED_EDGE('',*,*,#2803,.F.);
#2806=ORIENTED_EDGE('',*,*,#2805,.T.);
#2808=ORIENTED_EDGE('',*,*,#2807,.T.);
#2810=ORIENTED_EDGE('',*,*,#2809,.F.);
#2811=ORIENTED_EDGE('',*,*,#2429,.T.);
#2813=ORIENTED_EDGE('',*,*,#2812,.T.);
#2815=ORIENTED_EDGE('',*,*,#2814,.F.);
#2816=EDGE_LOOP('',(#2795,#2796,#2797,#2799,#2800,#2801,#2802,#2804,#2806,#2808,
#2810,#2811,#2813,#2815));
#2817=FACE_OUTER_BOUND('',#2816,.F.);
#2819=CARTESIAN_POINT('',(1.08E1,1.025E0,0.E0));
#2820=DIRECTION('',(0.E0,1.E0,0.E0));
#2821=DIRECTION('',(0.E0,0.E0,-1.E0));
#2822=AXIS2_PLACEMENT_3D('',#2819,#2820,#2821);
#2823=PLANE('',#2822);
#2825=ORIENTED_EDGE('',*,*,#2824,.T.);
#2827=ORIENTED_EDGE('',*,*,#2826,.F.);
#2828=ORIENTED_EDGE('',*,*,#2453,.F.);
#2829=ORIENTED_EDGE('',*,*,#2794,.T.);
#2830=EDGE_LOOP('',(#2825,#2827,#2828,#2829));
#2831=FACE_OUTER_BOUND('',#2830,.F.);
#2833=CARTESIAN_POINT('',(1.08E1,1.025E0,0.E0));
#2834=DIRECTION('',(0.E0,1.E0,0.E0));
#2835=DIRECTION('',(0.E0,0.E0,-1.E0));
#2836=AXIS2_PLACEMENT_3D('',#2833,#2834,#2835);
#2837=PLANE('',#2836);
#2839=ORIENTED_EDGE('',*,*,#2838,.T.);
#2841=ORIENTED_EDGE('',*,*,#2840,.F.);
#2842=ORIENTED_EDGE('',*,*,#2473,.F.);
#2843=ORIENTED_EDGE('',*,*,#2536,.T.);
#2844=EDGE_LOOP('',(#2839,#2841,#2842,#2843));
#2845=FACE_OUTER_BOUND('',#2844,.F.);
#2847=CARTESIAN_POINT('',(1.08E1,1.025E0,-2.5E0));
#2848=DIRECTION('',(0.E0,0.E0,-1.E0));
#2849=DIRECTION('',(0.E0,-1.E0,0.E0));
#2850=AXIS2_PLACEMENT_3D('',#2847,#2848,#2849);
#2851=PLANE('',#2850);
#2852=ORIENTED_EDGE('',*,*,#2824,.F.);
#2853=ORIENTED_EDGE('',*,*,#2814,.T.);
#2855=ORIENTED_EDGE('',*,*,#2854,.T.);
#2857=ORIENTED_EDGE('',*,*,#2856,.F.);
#2858=EDGE_LOOP('',(#2852,#2853,#2855,#2857));
#2859=FACE_OUTER_BOUND('',#2858,.F.);
#2861=CARTESIAN_POINT('',(1.08E1,1.025E0,-2.5E0));
#2862=DIRECTION('',(0.E0,0.E0,-1.E0));
#2863=DIRECTION('',(0.E0,-1.E0,0.E0));
#2864=AXIS2_PLACEMENT_3D('',#2861,#2862,#2863);
#2865=PLANE('',#2864);
#2866=ORIENTED_EDGE('',*,*,#2838,.F.);
#2867=ORIENTED_EDGE('',*,*,#2534,.T.);
#2869=ORIENTED_EDGE('',*,*,#2868,.T.);
#2871=ORIENTED_EDGE('',*,*,#2870,.F.);
#2872=EDGE_LOOP('',(#2866,#2867,#2869,#2871));
#2873=FACE_OUTER_BOUND('',#2872,.F.);
#2875=CARTESIAN_POINT('',(1.08E1,2.5E-2,-2.5E0));
#2876=DIRECTION('',(0.E0,-1.E0,0.E0));
#2877=DIRECTION('',(0.E0,0.E0,1.E0));
#2878=AXIS2_PLACEMENT_3D('',#2875,#2876,#2877);
#2879=PLANE('',#2878);
#2880=ORIENTED_EDGE('',*,*,#2854,.F.);
#2881=ORIENTED_EDGE('',*,*,#2812,.F.);
#2882=ORIENTED_EDGE('',*,*,#2427,.T.);
#2884=ORIENTED_EDGE('',*,*,#2883,.T.);
#2885=EDGE_LOOP('',(#2880,#2881,#2882,#2884));
#2886=FACE_OUTER_BOUND('',#2885,.F.);
#2888=CARTESIAN_POINT('',(1.08E1,2.5E-2,-2.5E0));
#2889=DIRECTION('',(0.E0,-1.E0,0.E0));
#2890=DIRECTION('',(0.E0,0.E0,1.E0));
#2891=AXIS2_PLACEMENT_3D('',#2888,#2889,#2890);
#2892=PLANE('',#2891);
#2893=ORIENTED_EDGE('',*,*,#2868,.F.);
#2894=ORIENTED_EDGE('',*,*,#2532,.F.);
#2895=ORIENTED_EDGE('',*,*,#2435,.T.);
#2897=ORIENTED_EDGE('',*,*,#2896,.T.);
#2898=EDGE_LOOP('',(#2893,#2894,#2895,#2897));
#2899=FACE_OUTER_BOUND('',#2898,.F.);
#2901=CARTESIAN_POINT('',(8.45E0,-1.8E0,0.E0));
#2902=DIRECTION('',(1.E0,0.E0,0.E0));
#2903=DIRECTION('',(0.E0,1.E0,0.E0));
#2904=AXIS2_PLACEMENT_3D('',#2901,#2902,#2903);
#2905=PLANE('',#2904);
#2906=ORIENTED_EDGE('',*,*,#2619,.T.);
#2907=ORIENTED_EDGE('',*,*,#2746,.F.);
#2909=ORIENTED_EDGE('',*,*,#2908,.T.);
#2910=ORIENTED_EDGE('',*,*,#2557,.F.);
#2912=ORIENTED_EDGE('',*,*,#2911,.F.);
#2913=ORIENTED_EDGE('',*,*,#2455,.T.);
#2914=ORIENTED_EDGE('',*,*,#2826,.T.);
#2915=ORIENTED_EDGE('',*,*,#2856,.T.);
#2916=ORIENTED_EDGE('',*,*,#2883,.F.);
#2917=ORIENTED_EDGE('',*,*,#2425,.T.);
#2918=ORIENTED_EDGE('',*,*,#2489,.F.);
#2919=ORIENTED_EDGE('',*,*,#2507,.T.);
#2921=ORIENTED_EDGE('',*,*,#2920,.F.);
#2923=ORIENTED_EDGE('',*,*,#2922,.F.);
#2924=EDGE_LOOP('',(#2906,#2907,#2909,#2910,#2912,#2913,#2914,#2915,#2916,#2917,
#2918,#2919,#2921,#2923));
#2925=FACE_OUTER_BOUND('',#2924,.F.);
#2927=CARTESIAN_POINT('',(7.25E0,2.475E0,-2.05E0));
#2928=DIRECTION('',(0.E0,0.E0,1.E0));
#2929=DIRECTION('',(1.E0,0.E0,0.E0));
#2930=AXIS2_PLACEMENT_3D('',#2927,#2928,#2929);
#2931=PLANE('',#2930);
#2932=ORIENTED_EDGE('',*,*,#2591,.T.);
#2933=ORIENTED_EDGE('',*,*,#2559,.F.);
#2934=ORIENTED_EDGE('',*,*,#2908,.F.);
#2935=ORIENTED_EDGE('',*,*,#2744,.F.);
#2936=EDGE_LOOP('',(#2932,#2933,#2934,#2935));
#2937=FACE_OUTER_BOUND('',#2936,.F.);
#2939=CARTESIAN_POINT('',(0.E0,1.969E0,-1.69E-1));
#2940=DIRECTION('',(0.E0,-7.071067811865E-1,7.071067811865E-1));
#2941=DIRECTION('',(0.E0,-7.071067811865E-1,-7.071067811865E-1));
#2942=AXIS2_PLACEMENT_3D('',#2939,#2940,#2941);
#2943=PLANE('',#2942);
#2945=ORIENTED_EDGE('',*,*,#2944,.F.);
#2946=ORIENTED_EDGE('',*,*,#2457,.T.);
#2947=ORIENTED_EDGE('',*,*,#2911,.T.);
#2948=ORIENTED_EDGE('',*,*,#2555,.F.);
#2949=EDGE_LOOP('',(#2945,#2946,#2947,#2948));
#2950=FACE_OUTER_BOUND('',#2949,.F.);
#2952=CARTESIAN_POINT('',(0.E0,1.969E0,-1.69E-1));
#2953=DIRECTION('',(0.E0,-7.071067811865E-1,7.071067811865E-1));
#2954=DIRECTION('',(0.E0,-7.071067811865E-1,-7.071067811865E-1));
#2955=AXIS2_PLACEMENT_3D('',#2952,#2953,#2954);
#2956=PLANE('',#2955);
#2958=ORIENTED_EDGE('',*,*,#2957,.T.);
#2959=ORIENTED_EDGE('',*,*,#2572,.F.);
#2960=ORIENTED_EDGE('',*,*,#2539,.T.);
#2961=ORIENTED_EDGE('',*,*,#2469,.T.);
#2962=EDGE_LOOP('',(#2958,#2959,#2960,#2961));
#2963=FACE_OUTER_BOUND('',#2962,.F.);
#2965=CARTESIAN_POINT('',(6.E0,2.475E0,0.E0));
#2966=DIRECTION('',(1.E0,0.E0,0.E0));
#2967=DIRECTION('',(0.E0,0.E0,-1.E0));
#2968=AXIS2_PLACEMENT_3D('',#2965,#2966,#2967);
#2969=PLANE('',#2968);
#2970=ORIENTED_EDGE('',*,*,#2613,.F.);
#2971=ORIENTED_EDGE('',*,*,#2727,.F.);
#2972=ORIENTED_EDGE('',*,*,#2447,.T.);
#2973=ORIENTED_EDGE('',*,*,#2944,.T.);
#2974=ORIENTED_EDGE('',*,*,#2553,.F.);
#2975=EDGE_LOOP('',(#2970,#2971,#2972,#2973,#2974));
#2976=FACE_OUTER_BOUND('',#2975,.F.);
#2978=CARTESIAN_POINT('',(-6.E0,2.475E0,-4.3E0));
#2979=DIRECTION('',(-1.E0,0.E0,0.E0));
#2980=DIRECTION('',(0.E0,0.E0,1.E0));
#2981=AXIS2_PLACEMENT_3D('',#2978,#2979,#2980);
#2982=PLANE('',#2981);
#2983=ORIENTED_EDGE('',*,*,#2609,.T.);
#2984=ORIENTED_EDGE('',*,*,#2574,.T.);
#2985=ORIENTED_EDGE('',*,*,#2957,.F.);
#2986=ORIENTED_EDGE('',*,*,#2467,.F.);
#2987=ORIENTED_EDGE('',*,*,#2730,.T.);
#2988=EDGE_LOOP('',(#2983,#2984,#2985,#2986,#2987));
#2989=FACE_OUTER_BOUND('',#2988,.F.);
#2991=CARTESIAN_POINT('',(8.45E0,-8.1E-1,-5.1E0));
#2992=DIRECTION('',(0.E0,0.E0,-1.E0));
#2993=DIRECTION('',(0.E0,-1.E0,0.E0));
#2994=AXIS2_PLACEMENT_3D('',#2991,#2992,#2993);
#2995=PLANE('',#2994);
#2996=ORIENTED_EDGE('',*,*,#2920,.T.);
#2997=ORIENTED_EDGE('',*,*,#2505,.T.);
#2998=ORIENTED_EDGE('',*,*,#2527,.F.);
#3000=ORIENTED_EDGE('',*,*,#2999,.F.);
#3001=EDGE_LOOP('',(#2996,#2997,#2998,#3000));
#3002=FACE_OUTER_BOUND('',#3001,.F.);
#3004=CARTESIAN_POINT('',(8.45E0,-1.E-2,-4.3E0));
#3005=DIRECTION('',(0.E0,7.071067811865E-1,-7.071067811865E-1));
#3006=DIRECTION('',(0.E0,-7.071067811865E-1,-7.071067811865E-1));
#3007=AXIS2_PLACEMENT_3D('',#3004,#3005,#3006);
#3008=PLANE('',#3007);
#3009=ORIENTED_EDGE('',*,*,#2922,.T.);
#3010=ORIENTED_EDGE('',*,*,#2999,.T.);
#3011=ORIENTED_EDGE('',*,*,#2525,.F.);
#3012=ORIENTED_EDGE('',*,*,#2621,.F.);
#3013=EDGE_LOOP('',(#3009,#3010,#3011,#3012));
#3014=FACE_OUTER_BOUND('',#3013,.F.);
#3016=CARTESIAN_POINT('',(-9.E0,2.475E0,0.E0));
#3017=DIRECTION('',(-1.E0,0.E0,0.E0));
#3018=DIRECTION('',(0.E0,-1.E0,0.E0));
#3019=AXIS2_PLACEMENT_3D('',#3016,#3017,#3018);
#3020=PLANE('',#3019);
#3021=ORIENTED_EDGE('',*,*,#2840,.T.);
#3022=ORIENTED_EDGE('',*,*,#2870,.T.);
#3023=ORIENTED_EDGE('',*,*,#2896,.F.);
#3024=ORIENTED_EDGE('',*,*,#2433,.T.);
#3026=ORIENTED_EDGE('',*,*,#3025,.F.);
#3028=ORIENTED_EDGE('',*,*,#3027,.F.);
#3030=ORIENTED_EDGE('',*,*,#3029,.F.);
#3032=ORIENTED_EDGE('',*,*,#3031,.F.);
#3033=ORIENTED_EDGE('',*,*,#2713,.F.);
#3034=ORIENTED_EDGE('',*,*,#2766,.T.);
#3035=ORIENTED_EDGE('',*,*,#2784,.T.);
#3037=ORIENTED_EDGE('',*,*,#3036,.F.);
#3038=ORIENTED_EDGE('',*,*,#2733,.F.);
#3039=ORIENTED_EDGE('',*,*,#2475,.T.);
#3040=EDGE_LOOP('',(#3021,#3022,#3023,#3024,#3026,#3028,#3030,#3032,#3033,#3034,
#3035,#3037,#3038,#3039));
#3041=FACE_OUTER_BOUND('',#3040,.F.);
#3043=CARTESIAN_POINT('',(-9.E0,-2.475E0,0.E0));
#3044=DIRECTION('',(0.E0,-1.E0,0.E0));
#3045=DIRECTION('',(1.E0,0.E0,0.E0));
#3046=AXIS2_PLACEMENT_3D('',#3043,#3044,#3045);
#3047=PLANE('',#3046);
#3048=ORIENTED_EDGE('',*,*,#2809,.T.);
#3050=ORIENTED_EDGE('',*,*,#3049,.T.);
#3052=ORIENTED_EDGE('',*,*,#3051,.T.);
#3054=ORIENTED_EDGE('',*,*,#3053,.F.);
#3056=ORIENTED_EDGE('',*,*,#3055,.F.);
#3058=ORIENTED_EDGE('',*,*,#3057,.F.);
#3059=ORIENTED_EDGE('',*,*,#3025,.T.);
#3060=ORIENTED_EDGE('',*,*,#2431,.T.);
#3061=EDGE_LOOP('',(#3048,#3050,#3052,#3054,#3056,#3058,#3059,#3060));
#3062=FACE_OUTER_BOUND('',#3061,.F.);
#3064=CARTESIAN_POINT('',(9.E0,9.478915662651E-1,-7.7E0));
#3065=DIRECTION('',(0.E0,0.E0,1.E0));
#3066=DIRECTION('',(0.E0,-1.E0,0.E0));
#3067=AXIS2_PLACEMENT_3D('',#3064,#3065,#3066);
#3068=PLANE('',#3067);
#3069=ORIENTED_EDGE('',*,*,#2807,.F.);
#3071=ORIENTED_EDGE('',*,*,#3070,.T.);
#3073=ORIENTED_EDGE('',*,*,#3072,.T.);
#3074=ORIENTED_EDGE('',*,*,#3049,.F.);
#3075=EDGE_LOOP('',(#3069,#3071,#3073,#3074));
#3076=FACE_OUTER_BOUND('',#3075,.F.);
#3078=CARTESIAN_POINT('',(9.E0,1.425E0,-6.05E0));
#3079=DIRECTION('',(0.E0,-9.606455744055E-1,2.777770335630E-1));
#3080=DIRECTION('',(0.E0,-2.777770335630E-1,-9.606455744055E-1));
#3081=AXIS2_PLACEMENT_3D('',#3078,#3079,#3080);
#3082=PLANE('',#3081);
#3083=ORIENTED_EDGE('',*,*,#2805,.F.);
#3085=ORIENTED_EDGE('',*,*,#3084,.T.);
#3087=ORIENTED_EDGE('',*,*,#3086,.T.);
#3088=ORIENTED_EDGE('',*,*,#3070,.F.);
#3089=EDGE_LOOP('',(#3083,#3085,#3087,#3088));
#3090=FACE_OUTER_BOUND('',#3089,.F.);
#3092=CARTESIAN_POINT('',(0.E0,0.E0,-6.05E0));
#3093=DIRECTION('',(0.E0,0.E0,1.E0));
#3094=DIRECTION('',(-1.E0,0.E0,0.E0));
#3095=AXIS2_PLACEMENT_3D('',#3092,#3093,#3094);
#3096=PLANE('',#3095);
#3098=ORIENTED_EDGE('',*,*,#3097,.F.);
#3100=ORIENTED_EDGE('',*,*,#3099,.T.);
#3101=ORIENTED_EDGE('',*,*,#3084,.F.);
#3102=ORIENTED_EDGE('',*,*,#2803,.T.);
#3103=ORIENTED_EDGE('',*,*,#2715,.T.);
#3104=ORIENTED_EDGE('',*,*,#3031,.T.);
#3106=ORIENTED_EDGE('',*,*,#3105,.T.);
#3108=ORIENTED_EDGE('',*,*,#3107,.F.);
#3109=EDGE_LOOP('',(#3098,#3100,#3101,#3102,#3103,#3104,#3106,#3108));
#3110=FACE_OUTER_BOUND('',#3109,.F.);
#3112=CARTESIAN_POINT('',(1.08E1,2.275E0,-5.9E0));
#3113=DIRECTION('',(0.E0,1.E0,0.E0));
#3114=DIRECTION('',(0.E0,0.E0,-1.E0));
#3115=AXIS2_PLACEMENT_3D('',#3112,#3113,#3114);
#3116=PLANE('',#3115);
#3118=ORIENTED_EDGE('',*,*,#3117,.T.);
#3119=ORIENTED_EDGE('',*,*,#3097,.T.);
#3121=ORIENTED_EDGE('',*,*,#3120,.F.);
#3123=ORIENTED_EDGE('',*,*,#3122,.F.);
#3124=EDGE_LOOP('',(#3118,#3119,#3121,#3123));
#3125=FACE_OUTER_BOUND('',#3124,.F.);
#3127=CARTESIAN_POINT('',(8.E0,0.E0,0.E0));
#3128=DIRECTION('',(-1.E0,0.E0,0.E0));
#3129=DIRECTION('',(0.E0,0.E0,-1.E0));
#3130=AXIS2_PLACEMENT_3D('',#3127,#3128,#3129);
#3131=PLANE('',#3130);
#3132=ORIENTED_EDGE('',*,*,#3099,.F.);
#3133=ORIENTED_EDGE('',*,*,#3117,.F.);
#3135=ORIENTED_EDGE('',*,*,#3134,.F.);
#3137=ORIENTED_EDGE('',*,*,#3136,.F.);
#3139=ORIENTED_EDGE('',*,*,#3138,.F.);
#3140=ORIENTED_EDGE('',*,*,#3051,.F.);
#3141=ORIENTED_EDGE('',*,*,#3072,.F.);
#3142=ORIENTED_EDGE('',*,*,#3086,.F.);
#3143=EDGE_LOOP('',(#3132,#3133,#3135,#3137,#3139,#3140,#3141,#3142));
#3144=FACE_OUTER_BOUND('',#3143,.F.);
#3146=CARTESIAN_POINT('',(1.08E1,0.E0,-5.9E0));
#3147=DIRECTION('',(0.E0,0.E0,1.E0));
#3148=DIRECTION('',(0.E0,1.E0,0.E0));
#3149=AXIS2_PLACEMENT_3D('',#3146,#3147,#3148);
#3150=PLANE('',#3149);
#3151=ORIENTED_EDGE('',*,*,#3134,.T.);
#3152=ORIENTED_EDGE('',*,*,#3122,.T.);
#3154=ORIENTED_EDGE('',*,*,#3153,.F.);
#3156=ORIENTED_EDGE('',*,*,#3155,.F.);
#3157=EDGE_LOOP('',(#3151,#3152,#3154,#3156));
#3158=FACE_OUTER_BOUND('',#3157,.F.);
#3160=ORIENTED_EDGE('',*,*,#3159,.T.);
#3162=ORIENTED_EDGE('',*,*,#3161,.F.);
#3164=ORIENTED_EDGE('',*,*,#3163,.F.);
#3166=ORIENTED_EDGE('',*,*,#3165,.T.);
#3167=EDGE_LOOP('',(#3160,#3162,#3164,#3166));
#3168=FACE_BOUND('',#3167,.F.);
#3170=ORIENTED_EDGE('',*,*,#3169,.F.);
#3172=ORIENTED_EDGE('',*,*,#3171,.F.);
#3174=ORIENTED_EDGE('',*,*,#3173,.T.);
#3176=ORIENTED_EDGE('',*,*,#3175,.T.);
#3177=EDGE_LOOP('',(#3170,#3172,#3174,#3176));
#3178=FACE_BOUND('',#3177,.F.);
#3180=ORIENTED_EDGE('',*,*,#3179,.T.);
#3182=ORIENTED_EDGE('',*,*,#3181,.F.);
#3184=ORIENTED_EDGE('',*,*,#3183,.F.);
#3186=ORIENTED_EDGE('',*,*,#3185,.T.);
#3187=EDGE_LOOP('',(#3180,#3182,#3184,#3186));
#3188=FACE_BOUND('',#3187,.F.);
#3190=ORIENTED_EDGE('',*,*,#3189,.T.);
#3192=ORIENTED_EDGE('',*,*,#3191,.F.);
#3194=ORIENTED_EDGE('',*,*,#3193,.F.);
#3196=ORIENTED_EDGE('',*,*,#3195,.T.);
#3197=EDGE_LOOP('',(#3190,#3192,#3194,#3196));
#3198=FACE_BOUND('',#3197,.F.);
#3200=ORIENTED_EDGE('',*,*,#3199,.T.);
#3202=ORIENTED_EDGE('',*,*,#3201,.F.);
#3204=ORIENTED_EDGE('',*,*,#3203,.F.);
#3206=ORIENTED_EDGE('',*,*,#3205,.T.);
#3207=EDGE_LOOP('',(#3200,#3202,#3204,#3206));
#3208=FACE_BOUND('',#3207,.F.);
#3210=ORIENTED_EDGE('',*,*,#3209,.T.);
#3212=ORIENTED_EDGE('',*,*,#3211,.F.);
#3214=ORIENTED_EDGE('',*,*,#3213,.F.);
#3216=ORIENTED_EDGE('',*,*,#3215,.T.);
#3217=EDGE_LOOP('',(#3210,#3212,#3214,#3216));
#3218=FACE_BOUND('',#3217,.F.);
#3220=ORIENTED_EDGE('',*,*,#3219,.T.);
#3222=ORIENTED_EDGE('',*,*,#3221,.F.);
#3224=ORIENTED_EDGE('',*,*,#3223,.F.);
#3226=ORIENTED_EDGE('',*,*,#3225,.T.);
#3227=EDGE_LOOP('',(#3220,#3222,#3224,#3226));
#3228=FACE_BOUND('',#3227,.F.);
#3230=ORIENTED_EDGE('',*,*,#3229,.T.);
#3232=ORIENTED_EDGE('',*,*,#3231,.F.);
#3234=ORIENTED_EDGE('',*,*,#3233,.F.);
#3236=ORIENTED_EDGE('',*,*,#3235,.T.);
#3237=EDGE_LOOP('',(#3230,#3232,#3234,#3236));
#3238=FACE_BOUND('',#3237,.F.);
#3240=CARTESIAN_POINT('',(-8.E0,0.E0,0.E0));
#3241=DIRECTION('',(-1.E0,0.E0,0.E0));
#3242=DIRECTION('',(0.E0,0.E0,-1.E0));
#3243=AXIS2_PLACEMENT_3D('',#3240,#3241,#3242);
#3244=PLANE('',#3243);
#3245=ORIENTED_EDGE('',*,*,#3107,.T.);
#3247=ORIENTED_EDGE('',*,*,#3246,.T.);
#3249=ORIENTED_EDGE('',*,*,#3248,.T.);
#3250=ORIENTED_EDGE('',*,*,#3055,.T.);
#3252=ORIENTED_EDGE('',*,*,#3251,.T.);
#3254=ORIENTED_EDGE('',*,*,#3253,.T.);
#3255=ORIENTED_EDGE('',*,*,#3153,.T.);
#3256=ORIENTED_EDGE('',*,*,#3120,.T.);
#3257=EDGE_LOOP('',(#3245,#3247,#3249,#3250,#3252,#3254,#3255,#3256));
#3258=FACE_OUTER_BOUND('',#3257,.F.);
#3260=CARTESIAN_POINT('',(-9.E0,1.425E0,-6.05E0));
#3261=DIRECTION('',(0.E0,9.606455744055E-1,-2.777770335630E-1));
#3262=DIRECTION('',(0.E0,-2.777770335630E-1,-9.606455744055E-1));
#3263=AXIS2_PLACEMENT_3D('',#3260,#3261,#3262);
#3264=PLANE('',#3263);
#3265=ORIENTED_EDGE('',*,*,#3029,.T.);
#3267=ORIENTED_EDGE('',*,*,#3266,.T.);
#3268=ORIENTED_EDGE('',*,*,#3246,.F.);
#3269=ORIENTED_EDGE('',*,*,#3105,.F.);
#3270=EDGE_LOOP('',(#3265,#3267,#3268,#3269));
#3271=FACE_OUTER_BOUND('',#3270,.F.);
#3273=CARTESIAN_POINT('',(-9.E0,9.478915662651E-1,-7.7E0));
#3274=DIRECTION('',(0.E0,0.E0,-1.E0));
#3275=DIRECTION('',(0.E0,-1.E0,0.E0));
#3276=AXIS2_PLACEMENT_3D('',#3273,#3274,#3275);
#3277=PLANE('',#3276);
#3278=ORIENTED_EDGE('',*,*,#3027,.T.);
#3279=ORIENTED_EDGE('',*,*,#3057,.T.);
#3280=ORIENTED_EDGE('',*,*,#3248,.F.);
#3281=ORIENTED_EDGE('',*,*,#3266,.F.);
#3282=EDGE_LOOP('',(#3278,#3279,#3280,#3281));
#3283=FACE_OUTER_BOUND('',#3282,.F.);
#3285=CARTESIAN_POINT('',(1.08E1,-2.475E0,-5.3E0));
#3286=DIRECTION('',(0.E0,0.E0,1.E0));
#3287=DIRECTION('',(0.E0,1.E0,0.E0));
#3288=AXIS2_PLACEMENT_3D('',#3285,#3286,#3287);
#3289=PLANE('',#3288);
#3290=ORIENTED_EDGE('',*,*,#3138,.T.);
#3292=ORIENTED_EDGE('',*,*,#3291,.T.);
#3293=ORIENTED_EDGE('',*,*,#3251,.F.);
#3294=ORIENTED_EDGE('',*,*,#3053,.T.);
#3295=EDGE_LOOP('',(#3290,#3292,#3293,#3294));
#3296=FACE_OUTER_BOUND('',#3295,.F.);
#3298=CARTESIAN_POINT('',(1.08E1,-2.075E0,-5.3E0));
#3299=DIRECTION('',(0.E0,2.777770335630E-1,9.606455744055E-1));
#3300=DIRECTION('',(0.E0,9.606455744055E-1,-2.777770335630E-1));
#3301=AXIS2_PLACEMENT_3D('',#3298,#3299,#3300);
#3302=PLANE('',#3301);
#3303=ORIENTED_EDGE('',*,*,#3136,.T.);
#3304=ORIENTED_EDGE('',*,*,#3155,.T.);
#3305=ORIENTED_EDGE('',*,*,#3253,.F.);
#3306=ORIENTED_EDGE('',*,*,#3291,.F.);
#3307=EDGE_LOOP('',(#3303,#3304,#3305,#3306));
#3308=FACE_OUTER_BOUND('',#3307,.F.);
#3310=CARTESIAN_POINT('',(6.75E0,0.E0,-8.E-1));
#3311=DIRECTION('',(-1.E0,0.E0,0.E0));
#3312=DIRECTION('',(0.E0,0.E0,-1.E0));
#3313=AXIS2_PLACEMENT_3D('',#3310,#3311,#3312);
#3314=PLANE('',#3313);
#3316=ORIENTED_EDGE('',*,*,#3315,.T.);
#3317=ORIENTED_EDGE('',*,*,#3159,.F.);
#3319=ORIENTED_EDGE('',*,*,#3318,.F.);
#3321=ORIENTED_EDGE('',*,*,#3320,.F.);
#3323=ORIENTED_EDGE('',*,*,#3322,.F.);
#3325=ORIENTED_EDGE('',*,*,#3324,.T.);
#3327=ORIENTED_EDGE('',*,*,#3326,.T.);
#3329=ORIENTED_EDGE('',*,*,#3328,.T.);
#3331=ORIENTED_EDGE('',*,*,#3330,.T.);
#3333=ORIENTED_EDGE('',*,*,#3332,.T.);
#3335=ORIENTED_EDGE('',*,*,#3334,.T.);
#3337=ORIENTED_EDGE('',*,*,#3336,.F.);
#3338=EDGE_LOOP('',(#3316,#3317,#3319,#3321,#3323,#3325,#3327,#3329,#3331,#3333,
#3335,#3337));
#3339=FACE_OUTER_BOUND('',#3338,.F.);
#3341=CARTESIAN_POINT('',(6.75E0,8.5E-1,-5.9E0));
#3342=DIRECTION('',(0.E0,1.E0,0.E0));
#3343=DIRECTION('',(0.E0,0.E0,-1.E0));
#3344=AXIS2_PLACEMENT_3D('',#3341,#3342,#3343);
#3345=PLANE('',#3344);
#3346=ORIENTED_EDGE('',*,*,#3315,.F.);
#3348=ORIENTED_EDGE('',*,*,#3347,.T.);
#3350=ORIENTED_EDGE('',*,*,#3349,.T.);
#3351=ORIENTED_EDGE('',*,*,#3161,.T.);
#3352=EDGE_LOOP('',(#3346,#3348,#3350,#3351));
#3353=FACE_OUTER_BOUND('',#3352,.F.);
#3355=CARTESIAN_POINT('',(6.75E0,3.393091511163E-1,-5.989309151116E0));
#3356=DIRECTION('',(-1.E0,0.E0,0.E0));
#3357=DIRECTION('',(0.E0,0.E0,-1.E0));
#3358=AXIS2_PLACEMENT_3D('',#3355,#3356,#3357);
#3359=CYLINDRICAL_SURFACE('',#3358,5.106908488837E-1);
#3360=ORIENTED_EDGE('',*,*,#3336,.T.);
#3362=ORIENTED_EDGE('',*,*,#3361,.T.);
#3364=ORIENTED_EDGE('',*,*,#3363,.F.);
#3365=ORIENTED_EDGE('',*,*,#3347,.F.);
#3366=EDGE_LOOP('',(#3360,#3362,#3364,#3365));
#3367=FACE_OUTER_BOUND('',#3366,.F.);
#3369=CARTESIAN_POINT('',(6.75E0,3.393091511163E-1,-6.5E0));
#3370=DIRECTION('',(0.E0,0.E0,-1.E0));
#3371=DIRECTION('',(0.E0,-1.E0,0.E0));
#3372=AXIS2_PLACEMENT_3D('',#3369,#3370,#3371);
#3373=PLANE('',#3372);
#3374=ORIENTED_EDGE('',*,*,#3334,.F.);
#3376=ORIENTED_EDGE('',*,*,#3375,.F.);
#3378=ORIENTED_EDGE('',*,*,#3377,.T.);
#3379=ORIENTED_EDGE('',*,*,#3361,.F.);
#3380=EDGE_LOOP('',(#3374,#3376,#3378,#3379));
#3381=FACE_OUTER_BOUND('',#3380,.F.);
#3383=CARTESIAN_POINT('',(6.75E0,-2.475E0,-6.5E0));
#3384=DIRECTION('',(0.E0,-1.793891009329E-1,-9.837782018659E-1));
#3385=DIRECTION('',(0.E0,-9.837782018659E-1,1.793891009329E-1));
#3386=AXIS2_PLACEMENT_3D('',#3383,#3384,#3385);
#3387=PLANE('',#3386);
#3388=ORIENTED_EDGE('',*,*,#3332,.F.);
#3390=ORIENTED_EDGE('',*,*,#3389,.F.);
#3392=ORIENTED_EDGE('',*,*,#3391,.T.);
#3393=ORIENTED_EDGE('',*,*,#3375,.T.);
#3394=EDGE_LOOP('',(#3388,#3390,#3392,#3393));
#3395=FACE_OUTER_BOUND('',#3394,.F.);
#3397=CARTESIAN_POINT('',(6.75E0,-4.077886155814E0,-6.207718359846E0));
#3398=DIRECTION('',(0.E0,1.681931753540E-1,-9.857540543991E-1));
#3399=DIRECTION('',(0.E0,-9.857540543991E-1,-1.681931753540E-1));
#3400=AXIS2_PLACEMENT_3D('',#3397,#3398,#3399);
#3401=PLANE('',#3400);
#3402=ORIENTED_EDGE('',*,*,#3330,.F.);
#3404=ORIENTED_EDGE('',*,*,#3403,.F.);
#3406=ORIENTED_EDGE('',*,*,#3405,.T.);
#3407=ORIENTED_EDGE('',*,*,#3389,.T.);
#3408=EDGE_LOOP('',(#3402,#3404,#3406,#3407));
#3409=FACE_OUTER_BOUND('',#3408,.F.);
#3411=CARTESIAN_POINT('',(6.75E0,-5.790903412323E0,-6.5E0));
#3412=DIRECTION('',(0.E0,-9.857540543991E-1,-1.681931753540E-1));
#3413=DIRECTION('',(0.E0,-1.681931753540E-1,9.857540543991E-1));
#3414=AXIS2_PLACEMENT_3D('',#3411,#3412,#3413);
#3415=PLANE('',#3414);
#3416=ORIENTED_EDGE('',*,*,#3328,.F.);
#3418=ORIENTED_EDGE('',*,*,#3417,.F.);
#3420=ORIENTED_EDGE('',*,*,#3419,.T.);
#3421=ORIENTED_EDGE('',*,*,#3403,.T.);
#3422=EDGE_LOOP('',(#3416,#3418,#3420,#3421));
#3423=FACE_OUTER_BOUND('',#3422,.F.);
#3425=CARTESIAN_POINT('',(6.75E0,-5.875E0,-6.007122972800E0));
#3426=DIRECTION('',(0.E0,-1.681931753540E-1,9.857540543991E-1));
#3427=DIRECTION('',(0.E0,9.857540543991E-1,1.681931753540E-1));
#3428=AXIS2_PLACEMENT_3D('',#3425,#3426,#3427);
#3429=PLANE('',#3428);
#3430=ORIENTED_EDGE('',*,*,#3326,.F.);
#3432=ORIENTED_EDGE('',*,*,#3431,.F.);
#3434=ORIENTED_EDGE('',*,*,#3433,.T.);
#3435=ORIENTED_EDGE('',*,*,#3417,.T.);
#3436=EDGE_LOOP('',(#3430,#3432,#3434,#3435));
#3437=FACE_OUTER_BOUND('',#3436,.F.);
#3439=CARTESIAN_POINT('',(6.75E0,-4.075E0,-5.7E0));
#3440=DIRECTION('',(0.E0,1.793891009329E-1,9.837782018659E-1));
#3441=DIRECTION('',(0.E0,9.837782018659E-1,-1.793891009329E-1));
#3442=AXIS2_PLACEMENT_3D('',#3439,#3440,#3441);
#3443=PLANE('',#3442);
#3444=ORIENTED_EDGE('',*,*,#3324,.F.);
#3446=ORIENTED_EDGE('',*,*,#3445,.T.);
#3448=ORIENTED_EDGE('',*,*,#3447,.T.);
#3449=ORIENTED_EDGE('',*,*,#3431,.T.);
#3450=EDGE_LOOP('',(#3444,#3446,#3448,#3449));
#3451=FACE_OUTER_BOUND('',#3450,.F.);
#3453=CARTESIAN_POINT('',(6.75E0,-2.429785998565E0,-6.E0));
#3454=DIRECTION('',(0.E0,0.E0,1.E0));
#3455=DIRECTION('',(0.E0,1.E0,0.E0));
#3456=AXIS2_PLACEMENT_3D('',#3453,#3454,#3455);
#3457=PLANE('',#3456);
#3458=ORIENTED_EDGE('',*,*,#3322,.T.);
#3460=ORIENTED_EDGE('',*,*,#3459,.T.);
#3462=ORIENTED_EDGE('',*,*,#3461,.F.);
#3463=ORIENTED_EDGE('',*,*,#3445,.F.);
#3464=EDGE_LOOP('',(#3458,#3460,#3462,#3463));
#3465=FACE_OUTER_BOUND('',#3464,.F.);
#3467=CARTESIAN_POINT('',(6.75E0,3.393091511163E-1,-5.989309151116E0));
#3468=DIRECTION('',(-1.E0,0.E0,0.E0));
#3469=DIRECTION('',(0.E0,0.E0,-1.E0));
#3470=AXIS2_PLACEMENT_3D('',#3467,#3468,#3469);
#3471=CYLINDRICAL_SURFACE('',#3470,1.069084888367E-2);
#3472=ORIENTED_EDGE('',*,*,#3320,.T.);
#3474=ORIENTED_EDGE('',*,*,#3473,.T.);
#3476=ORIENTED_EDGE('',*,*,#3475,.F.);
#3477=ORIENTED_EDGE('',*,*,#3459,.F.);
#3478=EDGE_LOOP('',(#3472,#3474,#3476,#3477));
#3479=FACE_OUTER_BOUND('',#3478,.F.);
#3481=CARTESIAN_POINT('',(6.75E0,3.5E-1,-5.989309151116E0));
#3482=DIRECTION('',(0.E0,-1.E0,0.E0));
#3483=DIRECTION('',(0.E0,0.E0,1.E0));
#3484=AXIS2_PLACEMENT_3D('',#3481,#3482,#3483);
#3485=PLANE('',#3484);
#3486=ORIENTED_EDGE('',*,*,#3318,.T.);
#3487=ORIENTED_EDGE('',*,*,#3165,.F.);
#3489=ORIENTED_EDGE('',*,*,#3488,.F.);
#3490=ORIENTED_EDGE('',*,*,#3473,.F.);
#3491=EDGE_LOOP('',(#3486,#3487,#3489,#3490));
#3492=FACE_OUTER_BOUND('',#3491,.F.);
#3494=CARTESIAN_POINT('',(7.25E0,3.5E-1,-4.3E0));
#3495=DIRECTION('',(1.E0,0.E0,0.E0));
#3496=DIRECTION('',(0.E0,1.E0,0.E0));
#3497=AXIS2_PLACEMENT_3D('',#3494,#3495,#3496);
#3498=PLANE('',#3497);
#3499=ORIENTED_EDGE('',*,*,#3349,.F.);
#3500=ORIENTED_EDGE('',*,*,#3363,.T.);
#3501=ORIENTED_EDGE('',*,*,#3377,.F.);
#3502=ORIENTED_EDGE('',*,*,#3391,.F.);
#3503=ORIENTED_EDGE('',*,*,#3405,.F.);
#3504=ORIENTED_EDGE('',*,*,#3419,.F.);
#3505=ORIENTED_EDGE('',*,*,#3433,.F.);
#3506=ORIENTED_EDGE('',*,*,#3447,.F.);
#3507=ORIENTED_EDGE('',*,*,#3461,.T.);
#3508=ORIENTED_EDGE('',*,*,#3475,.T.);
#3509=ORIENTED_EDGE('',*,*,#3488,.T.);
#3510=ORIENTED_EDGE('',*,*,#3163,.T.);
#3511=EDGE_LOOP('',(#3499,#3500,#3501,#3502,#3503,#3504,#3505,#3506,#3507,#3508,
#3509,#3510));
#3512=FACE_OUTER_BOUND('',#3511,.F.);
#3514=CARTESIAN_POINT('',(-6.75E0,0.E0,-8.E-1));
#3515=DIRECTION('',(-1.E0,0.E0,0.E0));
#3516=DIRECTION('',(0.E0,0.E0,-1.E0));
#3517=AXIS2_PLACEMENT_3D('',#3514,#3515,#3516);
#3518=PLANE('',#3517);
#3520=ORIENTED_EDGE('',*,*,#3519,.T.);
#3522=ORIENTED_EDGE('',*,*,#3521,.T.);
#3524=ORIENTED_EDGE('',*,*,#3523,.T.);
#3526=ORIENTED_EDGE('',*,*,#3525,.T.);
#3528=ORIENTED_EDGE('',*,*,#3527,.T.);
#3530=ORIENTED_EDGE('',*,*,#3529,.T.);
#3532=ORIENTED_EDGE('',*,*,#3531,.T.);
#3534=ORIENTED_EDGE('',*,*,#3533,.T.);
#3536=ORIENTED_EDGE('',*,*,#3535,.T.);
#3538=ORIENTED_EDGE('',*,*,#3537,.T.);
#3540=ORIENTED_EDGE('',*,*,#3539,.T.);
#3541=ORIENTED_EDGE('',*,*,#3169,.T.);
#3542=EDGE_LOOP('',(#3520,#3522,#3524,#3526,#3528,#3530,#3532,#3534,#3536,#3538,
#3540,#3541));
#3543=FACE_OUTER_BOUND('',#3542,.F.);
#3545=CARTESIAN_POINT('',(-6.75E0,8.5E-1,-5.9E0));
#3546=DIRECTION('',(0.E0,-1.E0,0.E0));
#3547=DIRECTION('',(0.E0,0.E0,-1.E0));
#3548=AXIS2_PLACEMENT_3D('',#3545,#3546,#3547);
#3549=PLANE('',#3548);
#3550=ORIENTED_EDGE('',*,*,#3519,.F.);
#3551=ORIENTED_EDGE('',*,*,#3175,.F.);
#3553=ORIENTED_EDGE('',*,*,#3552,.T.);
#3555=ORIENTED_EDGE('',*,*,#3554,.F.);
#3556=EDGE_LOOP('',(#3550,#3551,#3553,#3555));
#3557=FACE_OUTER_BOUND('',#3556,.F.);
#3559=CARTESIAN_POINT('',(-7.25E0,3.5E-1,-4.3E0));
#3560=DIRECTION('',(1.E0,0.E0,0.E0));
#3561=DIRECTION('',(0.E0,1.E0,0.E0));
#3562=AXIS2_PLACEMENT_3D('',#3559,#3560,#3561);
#3563=PLANE('',#3562);
#3564=ORIENTED_EDGE('',*,*,#3552,.F.);
#3565=ORIENTED_EDGE('',*,*,#3173,.F.);
#3567=ORIENTED_EDGE('',*,*,#3566,.F.);
#3569=ORIENTED_EDGE('',*,*,#3568,.F.);
#3571=ORIENTED_EDGE('',*,*,#3570,.F.);
#3573=ORIENTED_EDGE('',*,*,#3572,.F.);
#3575=ORIENTED_EDGE('',*,*,#3574,.F.);
#3577=ORIENTED_EDGE('',*,*,#3576,.F.);
#3579=ORIENTED_EDGE('',*,*,#3578,.F.);
#3581=ORIENTED_EDGE('',*,*,#3580,.F.);
#3583=ORIENTED_EDGE('',*,*,#3582,.F.);
#3585=ORIENTED_EDGE('',*,*,#3584,.F.);
#3586=EDGE_LOOP('',(#3564,#3565,#3567,#3569,#3571,#3573,#3575,#3577,#3579,#3581,
#3583,#3585));
#3587=FACE_OUTER_BOUND('',#3586,.F.);
#3589=CARTESIAN_POINT('',(-6.75E0,3.5E-1,-5.989309151116E0));
#3590=DIRECTION('',(0.E0,1.E0,0.E0));
#3591=DIRECTION('',(0.E0,0.E0,1.E0));
#3592=AXIS2_PLACEMENT_3D('',#3589,#3590,#3591);
#3593=PLANE('',#3592);
#3594=ORIENTED_EDGE('',*,*,#3539,.F.);
#3596=ORIENTED_EDGE('',*,*,#3595,.T.);
#3597=ORIENTED_EDGE('',*,*,#3566,.T.);
#3598=ORIENTED_EDGE('',*,*,#3171,.T.);
#3599=EDGE_LOOP('',(#3594,#3596,#3597,#3598));
#3600=FACE_OUTER_BOUND('',#3599,.F.);
#3602=CARTESIAN_POINT('',(-6.75E0,3.393091511163E-1,-5.989309151116E0));
#3603=DIRECTION('',(-1.E0,0.E0,0.E0));
#3604=DIRECTION('',(0.E0,0.E0,-1.E0));
#3605=AXIS2_PLACEMENT_3D('',#3602,#3603,#3604);
#3606=CYLINDRICAL_SURFACE('',#3605,1.069084888367E-2);
#3607=ORIENTED_EDGE('',*,*,#3537,.F.);
#3609=ORIENTED_EDGE('',*,*,#3608,.T.);
#3610=ORIENTED_EDGE('',*,*,#3568,.T.);
#3611=ORIENTED_EDGE('',*,*,#3595,.F.);
#3612=EDGE_LOOP('',(#3607,#3609,#3610,#3611));
#3613=FACE_OUTER_BOUND('',#3612,.F.);
#3615=CARTESIAN_POINT('',(-6.75E0,-2.429785998565E0,-6.E0));
#3616=DIRECTION('',(0.E0,0.E0,-1.E0));
#3617=DIRECTION('',(0.E0,1.E0,0.E0));
#3618=AXIS2_PLACEMENT_3D('',#3615,#3616,#3617);
#3619=PLANE('',#3618);
#3620=ORIENTED_EDGE('',*,*,#3535,.F.);
#3622=ORIENTED_EDGE('',*,*,#3621,.T.);
#3623=ORIENTED_EDGE('',*,*,#3570,.T.);
#3624=ORIENTED_EDGE('',*,*,#3608,.F.);
#3625=EDGE_LOOP('',(#3620,#3622,#3623,#3624));
#3626=FACE_OUTER_BOUND('',#3625,.F.);
#3628=CARTESIAN_POINT('',(-6.75E0,-4.075E0,-5.7E0));
#3629=DIRECTION('',(0.E0,-1.793891009329E-1,-9.837782018659E-1));
#3630=DIRECTION('',(0.E0,9.837782018659E-1,-1.793891009329E-1));
#3631=AXIS2_PLACEMENT_3D('',#3628,#3629,#3630);
#3632=PLANE('',#3631);
#3633=ORIENTED_EDGE('',*,*,#3533,.F.);
#3635=ORIENTED_EDGE('',*,*,#3634,.T.);
#3636=ORIENTED_EDGE('',*,*,#3572,.T.);
#3637=ORIENTED_EDGE('',*,*,#3621,.F.);
#3638=EDGE_LOOP('',(#3633,#3635,#3636,#3637));
#3639=FACE_OUTER_BOUND('',#3638,.F.);
#3641=CARTESIAN_POINT('',(-6.75E0,-5.875E0,-6.007122972800E0));
#3642=DIRECTION('',(0.E0,1.681931753540E-1,-9.857540543991E-1));
#3643=DIRECTION('',(0.E0,9.857540543991E-1,1.681931753540E-1));
#3644=AXIS2_PLACEMENT_3D('',#3641,#3642,#3643);
#3645=PLANE('',#3644);
#3646=ORIENTED_EDGE('',*,*,#3531,.F.);
#3648=ORIENTED_EDGE('',*,*,#3647,.T.);
#3649=ORIENTED_EDGE('',*,*,#3574,.T.);
#3650=ORIENTED_EDGE('',*,*,#3634,.F.);
#3651=EDGE_LOOP('',(#3646,#3648,#3649,#3650));
#3652=FACE_OUTER_BOUND('',#3651,.F.);
#3654=CARTESIAN_POINT('',(-6.75E0,-5.790903412323E0,-6.5E0));
#3655=DIRECTION('',(0.E0,9.857540543991E-1,1.681931753540E-1));
#3656=DIRECTION('',(0.E0,-1.681931753540E-1,9.857540543991E-1));
#3657=AXIS2_PLACEMENT_3D('',#3654,#3655,#3656);
#3658=PLANE('',#3657);
#3659=ORIENTED_EDGE('',*,*,#3529,.F.);
#3661=ORIENTED_EDGE('',*,*,#3660,.T.);
#3662=ORIENTED_EDGE('',*,*,#3576,.T.);
#3663=ORIENTED_EDGE('',*,*,#3647,.F.);
#3664=EDGE_LOOP('',(#3659,#3661,#3662,#3663));
#3665=FACE_OUTER_BOUND('',#3664,.F.);
#3667=CARTESIAN_POINT('',(-6.75E0,-4.077886155814E0,-6.207718359846E0));
#3668=DIRECTION('',(0.E0,-1.681931753540E-1,9.857540543991E-1));
#3669=DIRECTION('',(0.E0,-9.857540543991E-1,-1.681931753540E-1));
#3670=AXIS2_PLACEMENT_3D('',#3667,#3668,#3669);
#3671=PLANE('',#3670);
#3672=ORIENTED_EDGE('',*,*,#3527,.F.);
#3674=ORIENTED_EDGE('',*,*,#3673,.T.);
#3675=ORIENTED_EDGE('',*,*,#3578,.T.);
#3676=ORIENTED_EDGE('',*,*,#3660,.F.);
#3677=EDGE_LOOP('',(#3672,#3674,#3675,#3676));
#3678=FACE_OUTER_BOUND('',#3677,.F.);
#3680=CARTESIAN_POINT('',(-6.75E0,-2.475E0,-6.5E0));
#3681=DIRECTION('',(0.E0,1.793891009329E-1,9.837782018659E-1));
#3682=DIRECTION('',(0.E0,-9.837782018659E-1,1.793891009329E-1));
#3683=AXIS2_PLACEMENT_3D('',#3680,#3681,#3682);
#3684=PLANE('',#3683);
#3685=ORIENTED_EDGE('',*,*,#3525,.F.);
#3687=ORIENTED_EDGE('',*,*,#3686,.T.);
#3688=ORIENTED_EDGE('',*,*,#3580,.T.);
#3689=ORIENTED_EDGE('',*,*,#3673,.F.);
#3690=EDGE_LOOP('',(#3685,#3687,#3688,#3689));
#3691=FACE_OUTER_BOUND('',#3690,.F.);
#3693=CARTESIAN_POINT('',(-6.75E0,3.393091511163E-1,-6.5E0));
#3694=DIRECTION('',(0.E0,0.E0,1.E0));
#3695=DIRECTION('',(0.E0,-1.E0,0.E0));
#3696=AXIS2_PLACEMENT_3D('',#3693,#3694,#3695);
#3697=PLANE('',#3696);
#3698=ORIENTED_EDGE('',*,*,#3523,.F.);
#3700=ORIENTED_EDGE('',*,*,#3699,.T.);
#3701=ORIENTED_EDGE('',*,*,#3582,.T.);
#3702=ORIENTED_EDGE('',*,*,#3686,.F.);
#3703=EDGE_LOOP('',(#3698,#3700,#3701,#3702));
#3704=FACE_OUTER_BOUND('',#3703,.F.);
#3706=CARTESIAN_POINT('',(-6.75E0,3.393091511163E-1,-5.989309151116E0));
#3707=DIRECTION('',(-1.E0,0.E0,0.E0));
#3708=DIRECTION('',(0.E0,0.E0,-1.E0));
#3709=AXIS2_PLACEMENT_3D('',#3706,#3707,#3708);
#3710=CYLINDRICAL_SURFACE('',#3709,5.106908488837E-1);
#3711=ORIENTED_EDGE('',*,*,#3521,.F.);
#3712=ORIENTED_EDGE('',*,*,#3554,.T.);
#3713=ORIENTED_EDGE('',*,*,#3584,.T.);
#3714=ORIENTED_EDGE('',*,*,#3699,.F.);
#3715=EDGE_LOOP('',(#3711,#3712,#3713,#3714));
#3716=FACE_OUTER_BOUND('',#3715,.F.);
#3718=CARTESIAN_POINT('',(4.75E0,0.E0,-8.E-1));
#3719=DIRECTION('',(-1.E0,0.E0,0.E0));
#3720=DIRECTION('',(0.E0,0.E0,-1.E0));
#3721=AXIS2_PLACEMENT_3D('',#3718,#3719,#3720);
#3722=PLANE('',#3721);
#3724=ORIENTED_EDGE('',*,*,#3723,.F.);
#3725=ORIENTED_EDGE('',*,*,#2645,.T.);
#3727=ORIENTED_EDGE('',*,*,#3726,.F.);
#3729=ORIENTED_EDGE('',*,*,#3728,.F.);
#3730=EDGE_LOOP('',(#3724,#3725,#3727,#3729));
#3731=FACE_OUTER_BOUND('',#3730,.F.);
#3733=CARTESIAN_POINT('',(4.75E0,0.E0,-8.E-1));
#3734=DIRECTION('',(-1.E0,0.E0,0.E0));
#3735=DIRECTION('',(0.E0,0.E0,-1.E0));
#3736=AXIS2_PLACEMENT_3D('',#3733,#3734,#3735);
#3737=PLANE('',#3736);
#3739=ORIENTED_EDGE('',*,*,#3738,.F.);
#3740=ORIENTED_EDGE('',*,*,#3179,.F.);
#3742=ORIENTED_EDGE('',*,*,#3741,.F.);
#3744=ORIENTED_EDGE('',*,*,#3743,.F.);
#3746=ORIENTED_EDGE('',*,*,#3745,.F.);
#3748=ORIENTED_EDGE('',*,*,#3747,.F.);
#3750=ORIENTED_EDGE('',*,*,#3749,.F.);
#3752=ORIENTED_EDGE('',*,*,#3751,.F.);
#3753=EDGE_LOOP('',(#3739,#3740,#3742,#3744,#3746,#3748,#3750,#3752));
#3754=FACE_OUTER_BOUND('',#3753,.F.);
#3756=CARTESIAN_POINT('',(4.75E0,3.5E-1,-4.3E0));
#3757=DIRECTION('',(0.E0,-1.E0,0.E0));
#3758=DIRECTION('',(0.E0,0.E0,1.E0));
#3759=AXIS2_PLACEMENT_3D('',#3756,#3757,#3758);
#3760=PLANE('',#3759);
#3761=ORIENTED_EDGE('',*,*,#3723,.T.);
#3763=ORIENTED_EDGE('',*,*,#3762,.T.);
#3765=ORIENTED_EDGE('',*,*,#3764,.F.);
#3766=ORIENTED_EDGE('',*,*,#2647,.T.);
#3767=EDGE_LOOP('',(#3761,#3763,#3765,#3766));
#3768=FACE_OUTER_BOUND('',#3767,.F.);
#3770=CARTESIAN_POINT('',(4.75E0,3.5E-1,-8.E-1));
#3771=DIRECTION('',(0.E0,0.E0,1.E0));
#3772=DIRECTION('',(0.E0,1.E0,0.E0));
#3773=AXIS2_PLACEMENT_3D('',#3770,#3771,#3772);
#3774=PLANE('',#3773);
#3775=ORIENTED_EDGE('',*,*,#3728,.T.);
#3777=ORIENTED_EDGE('',*,*,#3776,.T.);
#3779=ORIENTED_EDGE('',*,*,#3778,.F.);
#3780=ORIENTED_EDGE('',*,*,#3762,.F.);
#3781=EDGE_LOOP('',(#3775,#3777,#3779,#3780));
#3782=FACE_OUTER_BOUND('',#3781,.F.);
#3784=CARTESIAN_POINT('',(4.75E0,8.5E-1,-8.E-1));
#3785=DIRECTION('',(0.E0,1.E0,0.E0));
#3786=DIRECTION('',(0.E0,0.E0,-1.E0));
#3787=AXIS2_PLACEMENT_3D('',#3784,#3785,#3786);
#3788=PLANE('',#3787);
#3789=ORIENTED_EDGE('',*,*,#3726,.T.);
#3790=ORIENTED_EDGE('',*,*,#2651,.F.);
#3792=ORIENTED_EDGE('',*,*,#3791,.F.);
#3793=ORIENTED_EDGE('',*,*,#3776,.F.);
#3794=EDGE_LOOP('',(#3789,#3790,#3792,#3793));
#3795=FACE_OUTER_BOUND('',#3794,.F.);
#3797=CARTESIAN_POINT('',(5.25E0,0.E0,-8.E-1));
#3798=DIRECTION('',(-1.E0,0.E0,0.E0));
#3799=DIRECTION('',(0.E0,0.E0,-1.E0));
#3800=AXIS2_PLACEMENT_3D('',#3797,#3798,#3799);
#3801=PLANE('',#3800);
#3802=ORIENTED_EDGE('',*,*,#3764,.T.);
#3803=ORIENTED_EDGE('',*,*,#3778,.T.);
#3804=ORIENTED_EDGE('',*,*,#3791,.T.);
#3805=ORIENTED_EDGE('',*,*,#2649,.F.);
#3806=EDGE_LOOP('',(#3802,#3803,#3804,#3805));
#3807=FACE_OUTER_BOUND('',#3806,.F.);
#3809=CARTESIAN_POINT('',(5.25E0,0.E0,-8.E-1));
#3810=DIRECTION('',(-1.E0,0.E0,0.E0));
#3811=DIRECTION('',(0.E0,0.E0,-1.E0));
#3812=AXIS2_PLACEMENT_3D('',#3809,#3810,#3811);
#3813=PLANE('',#3812);
#3815=ORIENTED_EDGE('',*,*,#3814,.T.);
#3817=ORIENTED_EDGE('',*,*,#3816,.T.);
#3819=ORIENTED_EDGE('',*,*,#3818,.T.);
#3821=ORIENTED_EDGE('',*,*,#3820,.T.);
#3823=ORIENTED_EDGE('',*,*,#3822,.T.);
#3825=ORIENTED_EDGE('',*,*,#3824,.T.);
#3827=ORIENTED_EDGE('',*,*,#3826,.T.);
#3828=ORIENTED_EDGE('',*,*,#3183,.T.);
#3829=EDGE_LOOP('',(#3815,#3817,#3819,#3821,#3823,#3825,#3827,#3828));
#3830=FACE_OUTER_BOUND('',#3829,.F.);
#3832=CARTESIAN_POINT('',(4.75E0,8.5E-1,-5.9E0));
#3833=DIRECTION('',(0.E0,1.E0,0.E0));
#3834=DIRECTION('',(0.E0,0.E0,-1.E0));
#3835=AXIS2_PLACEMENT_3D('',#3832,#3833,#3834);
#3836=PLANE('',#3835);
#3837=ORIENTED_EDGE('',*,*,#3738,.T.);
#3839=ORIENTED_EDGE('',*,*,#3838,.T.);
#3840=ORIENTED_EDGE('',*,*,#3814,.F.);
#3841=ORIENTED_EDGE('',*,*,#3181,.T.);
#3842=EDGE_LOOP('',(#3837,#3839,#3840,#3841));
#3843=FACE_OUTER_BOUND('',#3842,.F.);
#3845=CARTESIAN_POINT('',(4.75E0,3.393091511163E-1,-5.989309151116E0));
#3846=DIRECTION('',(-1.E0,0.E0,0.E0));
#3847=DIRECTION('',(0.E0,0.E0,-1.E0));
#3848=AXIS2_PLACEMENT_3D('',#3845,#3846,#3847);
#3849=CYLINDRICAL_SURFACE('',#3848,5.106908488837E-1);
#3850=ORIENTED_EDGE('',*,*,#3751,.T.);
#3852=ORIENTED_EDGE('',*,*,#3851,.T.);
#3853=ORIENTED_EDGE('',*,*,#3816,.F.);
#3854=ORIENTED_EDGE('',*,*,#3838,.F.);
#3855=EDGE_LOOP('',(#3850,#3852,#3853,#3854));
#3856=FACE_OUTER_BOUND('',#3855,.F.);
#3858=CARTESIAN_POINT('',(4.75E0,3.393091511163E-1,-6.5E0));
#3859=DIRECTION('',(0.E0,0.E0,-1.E0));
#3860=DIRECTION('',(0.E0,-1.E0,0.E0));
#3861=AXIS2_PLACEMENT_3D('',#3858,#3859,#3860);
#3862=PLANE('',#3861);
#3863=ORIENTED_EDGE('',*,*,#3749,.T.);
#3865=ORIENTED_EDGE('',*,*,#3864,.T.);
#3866=ORIENTED_EDGE('',*,*,#3818,.F.);
#3867=ORIENTED_EDGE('',*,*,#3851,.F.);
#3868=EDGE_LOOP('',(#3863,#3865,#3866,#3867));
#3869=FACE_OUTER_BOUND('',#3868,.F.);
#3871=CARTESIAN_POINT('',(4.75E0,-5.875E0,-6.5E0));
#3872=DIRECTION('',(0.E0,-1.E0,0.E0));
#3873=DIRECTION('',(0.E0,0.E0,1.E0));
#3874=AXIS2_PLACEMENT_3D('',#3871,#3872,#3873);
#3875=PLANE('',#3874);
#3876=ORIENTED_EDGE('',*,*,#3747,.T.);
#3878=ORIENTED_EDGE('',*,*,#3877,.T.);
#3879=ORIENTED_EDGE('',*,*,#3820,.F.);
#3880=ORIENTED_EDGE('',*,*,#3864,.F.);
#3881=EDGE_LOOP('',(#3876,#3878,#3879,#3880));
#3882=FACE_OUTER_BOUND('',#3881,.F.);
#3884=CARTESIAN_POINT('',(4.75E0,-5.875E0,-6.E0));
#3885=DIRECTION('',(0.E0,0.E0,1.E0));
#3886=DIRECTION('',(0.E0,1.E0,0.E0));
#3887=AXIS2_PLACEMENT_3D('',#3884,#3885,#3886);
#3888=PLANE('',#3887);
#3889=ORIENTED_EDGE('',*,*,#3745,.T.);
#3891=ORIENTED_EDGE('',*,*,#3890,.T.);
#3892=ORIENTED_EDGE('',*,*,#3822,.F.);
#3893=ORIENTED_EDGE('',*,*,#3877,.F.);
#3894=EDGE_LOOP('',(#3889,#3891,#3892,#3893));
#3895=FACE_OUTER_BOUND('',#3894,.F.);
#3897=CARTESIAN_POINT('',(4.75E0,3.393091511163E-1,-5.989309151116E0));
#3898=DIRECTION('',(-1.E0,0.E0,0.E0));
#3899=DIRECTION('',(0.E0,0.E0,-1.E0));
#3900=AXIS2_PLACEMENT_3D('',#3897,#3898,#3899);
#3901=CYLINDRICAL_SURFACE('',#3900,1.069084888367E-2);
#3902=ORIENTED_EDGE('',*,*,#3743,.T.);
#3904=ORIENTED_EDGE('',*,*,#3903,.T.);
#3905=ORIENTED_EDGE('',*,*,#3824,.F.);
#3906=ORIENTED_EDGE('',*,*,#3890,.F.);
#3907=EDGE_LOOP('',(#3902,#3904,#3905,#3906));
#3908=FACE_OUTER_BOUND('',#3907,.F.);
#3910=CARTESIAN_POINT('',(4.75E0,3.5E-1,-5.989309151116E0));
#3911=DIRECTION('',(0.E0,-1.E0,0.E0));
#3912=DIRECTION('',(0.E0,0.E0,1.E0));
#3913=AXIS2_PLACEMENT_3D('',#3910,#3911,#3912);
#3914=PLANE('',#3913);
#3915=ORIENTED_EDGE('',*,*,#3741,.T.);
#3916=ORIENTED_EDGE('',*,*,#3185,.F.);
#3917=ORIENTED_EDGE('',*,*,#3826,.F.);
#3918=ORIENTED_EDGE('',*,*,#3903,.F.);
#3919=EDGE_LOOP('',(#3915,#3916,#3917,#3918));
#3920=FACE_OUTER_BOUND('',#3919,.F.);
#3922=CARTESIAN_POINT('',(2.75E0,0.E0,-8.E-1));
#3923=DIRECTION('',(-1.E0,0.E0,0.E0));
#3924=DIRECTION('',(0.E0,0.E0,-1.E0));
#3925=AXIS2_PLACEMENT_3D('',#3922,#3923,#3924);
#3926=PLANE('',#3925);
#3928=ORIENTED_EDGE('',*,*,#3927,.F.);
#3929=ORIENTED_EDGE('',*,*,#2655,.T.);
#3931=ORIENTED_EDGE('',*,*,#3930,.F.);
#3933=ORIENTED_EDGE('',*,*,#3932,.F.);
#3934=EDGE_LOOP('',(#3928,#3929,#3931,#3933));
#3935=FACE_OUTER_BOUND('',#3934,.F.);
#3937=CARTESIAN_POINT('',(2.75E0,0.E0,-8.E-1));
#3938=DIRECTION('',(-1.E0,0.E0,0.E0));
#3939=DIRECTION('',(0.E0,0.E0,-1.E0));
#3940=AXIS2_PLACEMENT_3D('',#3937,#3938,#3939);
#3941=PLANE('',#3940);
#3943=ORIENTED_EDGE('',*,*,#3942,.F.);
#3944=ORIENTED_EDGE('',*,*,#3189,.F.);
#3946=ORIENTED_EDGE('',*,*,#3945,.F.);
#3948=ORIENTED_EDGE('',*,*,#3947,.F.);
#3950=ORIENTED_EDGE('',*,*,#3949,.F.);
#3952=ORIENTED_EDGE('',*,*,#3951,.F.);
#3954=ORIENTED_EDGE('',*,*,#3953,.F.);
#3956=ORIENTED_EDGE('',*,*,#3955,.F.);
#3957=EDGE_LOOP('',(#3943,#3944,#3946,#3948,#3950,#3952,#3954,#3956));
#3958=FACE_OUTER_BOUND('',#3957,.F.);
#3960=CARTESIAN_POINT('',(2.75E0,3.5E-1,-4.3E0));
#3961=DIRECTION('',(0.E0,-1.E0,0.E0));
#3962=DIRECTION('',(0.E0,0.E0,1.E0));
#3963=AXIS2_PLACEMENT_3D('',#3960,#3961,#3962);
#3964=PLANE('',#3963);
#3965=ORIENTED_EDGE('',*,*,#3927,.T.);
#3967=ORIENTED_EDGE('',*,*,#3966,.T.);
#3969=ORIENTED_EDGE('',*,*,#3968,.F.);
#3970=ORIENTED_EDGE('',*,*,#2657,.T.);
#3971=EDGE_LOOP('',(#3965,#3967,#3969,#3970));
#3972=FACE_OUTER_BOUND('',#3971,.F.);
#3974=CARTESIAN_POINT('',(2.75E0,3.5E-1,-8.E-1));
#3975=DIRECTION('',(0.E0,0.E0,1.E0));
#3976=DIRECTION('',(0.E0,1.E0,0.E0));
#3977=AXIS2_PLACEMENT_3D('',#3974,#3975,#3976);
#3978=PLANE('',#3977);
#3979=ORIENTED_EDGE('',*,*,#3932,.T.);
#3981=ORIENTED_EDGE('',*,*,#3980,.T.);
#3983=ORIENTED_EDGE('',*,*,#3982,.F.);
#3984=ORIENTED_EDGE('',*,*,#3966,.F.);
#3985=EDGE_LOOP('',(#3979,#3981,#3983,#3984));
#3986=FACE_OUTER_BOUND('',#3985,.F.);
#3988=CARTESIAN_POINT('',(2.75E0,8.5E-1,-8.E-1));
#3989=DIRECTION('',(0.E0,1.E0,0.E0));
#3990=DIRECTION('',(0.E0,0.E0,-1.E0));
#3991=AXIS2_PLACEMENT_3D('',#3988,#3989,#3990);
#3992=PLANE('',#3991);
#3993=ORIENTED_EDGE('',*,*,#3930,.T.);
#3994=ORIENTED_EDGE('',*,*,#2661,.F.);
#3996=ORIENTED_EDGE('',*,*,#3995,.F.);
#3997=ORIENTED_EDGE('',*,*,#3980,.F.);
#3998=EDGE_LOOP('',(#3993,#3994,#3996,#3997));
#3999=FACE_OUTER_BOUND('',#3998,.F.);
#4001=CARTESIAN_POINT('',(3.25E0,0.E0,-8.E-1));
#4002=DIRECTION('',(-1.E0,0.E0,0.E0));
#4003=DIRECTION('',(0.E0,0.E0,-1.E0));
#4004=AXIS2_PLACEMENT_3D('',#4001,#4002,#4003);
#4005=PLANE('',#4004);
#4006=ORIENTED_EDGE('',*,*,#3968,.T.);
#4007=ORIENTED_EDGE('',*,*,#3982,.T.);
#4008=ORIENTED_EDGE('',*,*,#3995,.T.);
#4009=ORIENTED_EDGE('',*,*,#2659,.F.);
#4010=EDGE_LOOP('',(#4006,#4007,#4008,#4009));
#4011=FACE_OUTER_BOUND('',#4010,.F.);
#4013=CARTESIAN_POINT('',(3.25E0,0.E0,-8.E-1));
#4014=DIRECTION('',(-1.E0,0.E0,0.E0));
#4015=DIRECTION('',(0.E0,0.E0,-1.E0));
#4016=AXIS2_PLACEMENT_3D('',#4013,#4014,#4015);
#4017=PLANE('',#4016);
#4019=ORIENTED_EDGE('',*,*,#4018,.T.);
#4021=ORIENTED_EDGE('',*,*,#4020,.T.);
#4023=ORIENTED_EDGE('',*,*,#4022,.T.);
#4025=ORIENTED_EDGE('',*,*,#4024,.T.);
#4027=ORIENTED_EDGE('',*,*,#4026,.T.);
#4029=ORIENTED_EDGE('',*,*,#4028,.T.);
#4031=ORIENTED_EDGE('',*,*,#4030,.T.);
#4032=ORIENTED_EDGE('',*,*,#3193,.T.);
#4033=EDGE_LOOP('',(#4019,#4021,#4023,#4025,#4027,#4029,#4031,#4032));
#4034=FACE_OUTER_BOUND('',#4033,.F.);
#4036=CARTESIAN_POINT('',(2.75E0,8.5E-1,-5.9E0));
#4037=DIRECTION('',(0.E0,1.E0,0.E0));
#4038=DIRECTION('',(0.E0,0.E0,-1.E0));
#4039=AXIS2_PLACEMENT_3D('',#4036,#4037,#4038);
#4040=PLANE('',#4039);
#4041=ORIENTED_EDGE('',*,*,#3942,.T.);
#4043=ORIENTED_EDGE('',*,*,#4042,.T.);
#4044=ORIENTED_EDGE('',*,*,#4018,.F.);
#4045=ORIENTED_EDGE('',*,*,#3191,.T.);
#4046=EDGE_LOOP('',(#4041,#4043,#4044,#4045));
#4047=FACE_OUTER_BOUND('',#4046,.F.);
#4049=CARTESIAN_POINT('',(2.75E0,3.393091511163E-1,-5.989309151116E0));
#4050=DIRECTION('',(-1.E0,0.E0,0.E0));
#4051=DIRECTION('',(0.E0,0.E0,-1.E0));
#4052=AXIS2_PLACEMENT_3D('',#4049,#4050,#4051);
#4053=CYLINDRICAL_SURFACE('',#4052,5.106908488837E-1);
#4054=ORIENTED_EDGE('',*,*,#3955,.T.);
#4056=ORIENTED_EDGE('',*,*,#4055,.T.);
#4057=ORIENTED_EDGE('',*,*,#4020,.F.);
#4058=ORIENTED_EDGE('',*,*,#4042,.F.);
#4059=EDGE_LOOP('',(#4054,#4056,#4057,#4058));
#4060=FACE_OUTER_BOUND('',#4059,.F.);
#4062=CARTESIAN_POINT('',(2.75E0,3.393091511163E-1,-6.5E0));
#4063=DIRECTION('',(0.E0,0.E0,-1.E0));
#4064=DIRECTION('',(0.E0,-1.E0,0.E0));
#4065=AXIS2_PLACEMENT_3D('',#4062,#4063,#4064);
#4066=PLANE('',#4065);
#4067=ORIENTED_EDGE('',*,*,#3953,.T.);
#4069=ORIENTED_EDGE('',*,*,#4068,.T.);
#4070=ORIENTED_EDGE('',*,*,#4022,.F.);
#4071=ORIENTED_EDGE('',*,*,#4055,.F.);
#4072=EDGE_LOOP('',(#4067,#4069,#4070,#4071));
#4073=FACE_OUTER_BOUND('',#4072,.F.);
#4075=CARTESIAN_POINT('',(2.75E0,-5.875E0,-6.5E0));
#4076=DIRECTION('',(0.E0,-1.E0,0.E0));
#4077=DIRECTION('',(0.E0,0.E0,1.E0));
#4078=AXIS2_PLACEMENT_3D('',#4075,#4076,#4077);
#4079=PLANE('',#4078);
#4080=ORIENTED_EDGE('',*,*,#3951,.T.);
#4082=ORIENTED_EDGE('',*,*,#4081,.T.);
#4083=ORIENTED_EDGE('',*,*,#4024,.F.);
#4084=ORIENTED_EDGE('',*,*,#4068,.F.);
#4085=EDGE_LOOP('',(#4080,#4082,#4083,#4084));
#4086=FACE_OUTER_BOUND('',#4085,.F.);
#4088=CARTESIAN_POINT('',(2.75E0,-5.875E0,-6.E0));
#4089=DIRECTION('',(0.E0,0.E0,1.E0));
#4090=DIRECTION('',(0.E0,1.E0,0.E0));
#4091=AXIS2_PLACEMENT_3D('',#4088,#4089,#4090);
#4092=PLANE('',#4091);
#4093=ORIENTED_EDGE('',*,*,#3949,.T.);
#4095=ORIENTED_EDGE('',*,*,#4094,.T.);
#4096=ORIENTED_EDGE('',*,*,#4026,.F.);
#4097=ORIENTED_EDGE('',*,*,#4081,.F.);
#4098=EDGE_LOOP('',(#4093,#4095,#4096,#4097));
#4099=FACE_OUTER_BOUND('',#4098,.F.);
#4101=CARTESIAN_POINT('',(2.75E0,3.393091511163E-1,-5.989309151116E0));
#4102=DIRECTION('',(-1.E0,0.E0,0.E0));
#4103=DIRECTION('',(0.E0,0.E0,-1.E0));
#4104=AXIS2_PLACEMENT_3D('',#4101,#4102,#4103);
#4105=CYLINDRICAL_SURFACE('',#4104,1.069084888367E-2);
#4106=ORIENTED_EDGE('',*,*,#3947,.T.);
#4108=ORIENTED_EDGE('',*,*,#4107,.T.);
#4109=ORIENTED_EDGE('',*,*,#4028,.F.);
#4110=ORIENTED_EDGE('',*,*,#4094,.F.);
#4111=EDGE_LOOP('',(#4106,#4108,#4109,#4110));
#4112=FACE_OUTER_BOUND('',#4111,.F.);
#4114=CARTESIAN_POINT('',(2.75E0,3.5E-1,-5.989309151116E0));
#4115=DIRECTION('',(0.E0,-1.E0,0.E0));
#4116=DIRECTION('',(0.E0,0.E0,1.E0));
#4117=AXIS2_PLACEMENT_3D('',#4114,#4115,#4116);
#4118=PLANE('',#4117);
#4119=ORIENTED_EDGE('',*,*,#3945,.T.);
#4120=ORIENTED_EDGE('',*,*,#3195,.F.);
#4121=ORIENTED_EDGE('',*,*,#4030,.F.);
#4122=ORIENTED_EDGE('',*,*,#4107,.F.);
#4123=EDGE_LOOP('',(#4119,#4120,#4121,#4122));
#4124=FACE_OUTER_BOUND('',#4123,.F.);
#4126=CARTESIAN_POINT('',(7.5E-1,0.E0,-8.E-1));
#4127=DIRECTION('',(-1.E0,0.E0,0.E0));
#4128=DIRECTION('',(0.E0,0.E0,-1.E0));
#4129=AXIS2_PLACEMENT_3D('',#4126,#4127,#4128);
#4130=PLANE('',#4129);
#4132=ORIENTED_EDGE('',*,*,#4131,.F.);
#4133=ORIENTED_EDGE('',*,*,#2665,.T.);
#4135=ORIENTED_EDGE('',*,*,#4134,.F.);
#4137=ORIENTED_EDGE('',*,*,#4136,.F.);
#4138=EDGE_LOOP('',(#4132,#4133,#4135,#4137));
#4139=FACE_OUTER_BOUND('',#4138,.F.);
#4141=CARTESIAN_POINT('',(7.5E-1,0.E0,-8.E-1));
#4142=DIRECTION('',(-1.E0,0.E0,0.E0));
#4143=DIRECTION('',(0.E0,0.E0,-1.E0));
#4144=AXIS2_PLACEMENT_3D('',#4141,#4142,#4143);
#4145=PLANE('',#4144);
#4147=ORIENTED_EDGE('',*,*,#4146,.F.);
#4148=ORIENTED_EDGE('',*,*,#3199,.F.);
#4150=ORIENTED_EDGE('',*,*,#4149,.F.);
#4152=ORIENTED_EDGE('',*,*,#4151,.F.);
#4154=ORIENTED_EDGE('',*,*,#4153,.F.);
#4156=ORIENTED_EDGE('',*,*,#4155,.F.);
#4158=ORIENTED_EDGE('',*,*,#4157,.F.);
#4160=ORIENTED_EDGE('',*,*,#4159,.F.);
#4161=EDGE_LOOP('',(#4147,#4148,#4150,#4152,#4154,#4156,#4158,#4160));
#4162=FACE_OUTER_BOUND('',#4161,.F.);
#4164=CARTESIAN_POINT('',(7.5E-1,3.5E-1,-4.3E0));
#4165=DIRECTION('',(0.E0,-1.E0,0.E0));
#4166=DIRECTION('',(0.E0,0.E0,1.E0));
#4167=AXIS2_PLACEMENT_3D('',#4164,#4165,#4166);
#4168=PLANE('',#4167);
#4169=ORIENTED_EDGE('',*,*,#4131,.T.);
#4171=ORIENTED_EDGE('',*,*,#4170,.T.);
#4173=ORIENTED_EDGE('',*,*,#4172,.F.);
#4174=ORIENTED_EDGE('',*,*,#2667,.T.);
#4175=EDGE_LOOP('',(#4169,#4171,#4173,#4174));
#4176=FACE_OUTER_BOUND('',#4175,.F.);
#4178=CARTESIAN_POINT('',(7.5E-1,3.5E-1,-8.E-1));
#4179=DIRECTION('',(0.E0,0.E0,1.E0));
#4180=DIRECTION('',(0.E0,1.E0,0.E0));
#4181=AXIS2_PLACEMENT_3D('',#4178,#4179,#4180);
#4182=PLANE('',#4181);
#4183=ORIENTED_EDGE('',*,*,#4136,.T.);
#4185=ORIENTED_EDGE('',*,*,#4184,.T.);
#4187=ORIENTED_EDGE('',*,*,#4186,.F.);
#4188=ORIENTED_EDGE('',*,*,#4170,.F.);
#4189=EDGE_LOOP('',(#4183,#4185,#4187,#4188));
#4190=FACE_OUTER_BOUND('',#4189,.F.);
#4192=CARTESIAN_POINT('',(7.5E-1,8.5E-1,-8.E-1));
#4193=DIRECTION('',(0.E0,1.E0,0.E0));
#4194=DIRECTION('',(0.E0,0.E0,-1.E0));
#4195=AXIS2_PLACEMENT_3D('',#4192,#4193,#4194);
#4196=PLANE('',#4195);
#4197=ORIENTED_EDGE('',*,*,#4134,.T.);
#4198=ORIENTED_EDGE('',*,*,#2671,.F.);
#4200=ORIENTED_EDGE('',*,*,#4199,.F.);
#4201=ORIENTED_EDGE('',*,*,#4184,.F.);
#4202=EDGE_LOOP('',(#4197,#4198,#4200,#4201));
#4203=FACE_OUTER_BOUND('',#4202,.F.);
#4205=CARTESIAN_POINT('',(1.25E0,0.E0,-8.E-1));
#4206=DIRECTION('',(-1.E0,0.E0,0.E0));
#4207=DIRECTION('',(0.E0,0.E0,-1.E0));
#4208=AXIS2_PLACEMENT_3D('',#4205,#4206,#4207);
#4209=PLANE('',#4208);
#4210=ORIENTED_EDGE('',*,*,#4172,.T.);
#4211=ORIENTED_EDGE('',*,*,#4186,.T.);
#4212=ORIENTED_EDGE('',*,*,#4199,.T.);
#4213=ORIENTED_EDGE('',*,*,#2669,.F.);
#4214=EDGE_LOOP('',(#4210,#4211,#4212,#4213));
#4215=FACE_OUTER_BOUND('',#4214,.F.);
#4217=CARTESIAN_POINT('',(1.25E0,0.E0,-8.E-1));
#4218=DIRECTION('',(-1.E0,0.E0,0.E0));
#4219=DIRECTION('',(0.E0,0.E0,-1.E0));
#4220=AXIS2_PLACEMENT_3D('',#4217,#4218,#4219);
#4221=PLANE('',#4220);
#4223=ORIENTED_EDGE('',*,*,#4222,.T.);
#4225=ORIENTED_EDGE('',*,*,#4224,.T.);
#4227=ORIENTED_EDGE('',*,*,#4226,.T.);
#4229=ORIENTED_EDGE('',*,*,#4228,.T.);
#4231=ORIENTED_EDGE('',*,*,#4230,.T.);
#4233=ORIENTED_EDGE('',*,*,#4232,.T.);
#4235=ORIENTED_EDGE('',*,*,#4234,.T.);
#4236=ORIENTED_EDGE('',*,*,#3203,.T.);
#4237=EDGE_LOOP('',(#4223,#4225,#4227,#4229,#4231,#4233,#4235,#4236));
#4238=FACE_OUTER_BOUND('',#4237,.F.);
#4240=CARTESIAN_POINT('',(7.5E-1,8.5E-1,-5.9E0));
#4241=DIRECTION('',(0.E0,1.E0,0.E0));
#4242=DIRECTION('',(0.E0,0.E0,-1.E0));
#4243=AXIS2_PLACEMENT_3D('',#4240,#4241,#4242);
#4244=PLANE('',#4243);
#4245=ORIENTED_EDGE('',*,*,#4146,.T.);
#4247=ORIENTED_EDGE('',*,*,#4246,.T.);
#4248=ORIENTED_EDGE('',*,*,#4222,.F.);
#4249=ORIENTED_EDGE('',*,*,#3201,.T.);
#4250=EDGE_LOOP('',(#4245,#4247,#4248,#4249));
#4251=FACE_OUTER_BOUND('',#4250,.F.);
#4253=CARTESIAN_POINT('',(7.5E-1,3.393091511163E-1,-5.989309151116E0));
#4254=DIRECTION('',(-1.E0,0.E0,0.E0));
#4255=DIRECTION('',(0.E0,0.E0,-1.E0));
#4256=AXIS2_PLACEMENT_3D('',#4253,#4254,#4255);
#4257=CYLINDRICAL_SURFACE('',#4256,5.106908488837E-1);
#4258=ORIENTED_EDGE('',*,*,#4159,.T.);
#4260=ORIENTED_EDGE('',*,*,#4259,.T.);
#4261=ORIENTED_EDGE('',*,*,#4224,.F.);
#4262=ORIENTED_EDGE('',*,*,#4246,.F.);
#4263=EDGE_LOOP('',(#4258,#4260,#4261,#4262));
#4264=FACE_OUTER_BOUND('',#4263,.F.);
#4266=CARTESIAN_POINT('',(7.5E-1,3.393091511163E-1,-6.5E0));
#4267=DIRECTION('',(0.E0,0.E0,-1.E0));
#4268=DIRECTION('',(0.E0,-1.E0,0.E0));
#4269=AXIS2_PLACEMENT_3D('',#4266,#4267,#4268);
#4270=PLANE('',#4269);
#4271=ORIENTED_EDGE('',*,*,#4157,.T.);
#4273=ORIENTED_EDGE('',*,*,#4272,.T.);
#4274=ORIENTED_EDGE('',*,*,#4226,.F.);
#4275=ORIENTED_EDGE('',*,*,#4259,.F.);
#4276=EDGE_LOOP('',(#4271,#4273,#4274,#4275));
#4277=FACE_OUTER_BOUND('',#4276,.F.);
#4279=CARTESIAN_POINT('',(7.5E-1,-5.875E0,-6.5E0));
#4280=DIRECTION('',(0.E0,-1.E0,0.E0));
#4281=DIRECTION('',(0.E0,0.E0,1.E0));
#4282=AXIS2_PLACEMENT_3D('',#4279,#4280,#4281);
#4283=PLANE('',#4282);
#4284=ORIENTED_EDGE('',*,*,#4155,.T.);
#4286=ORIENTED_EDGE('',*,*,#4285,.T.);
#4287=ORIENTED_EDGE('',*,*,#4228,.F.);
#4288=ORIENTED_EDGE('',*,*,#4272,.F.);
#4289=EDGE_LOOP('',(#4284,#4286,#4287,#4288));
#4290=FACE_OUTER_BOUND('',#4289,.F.);
#4292=CARTESIAN_POINT('',(7.5E-1,-5.875E0,-6.E0));
#4293=DIRECTION('',(0.E0,0.E0,1.E0));
#4294=DIRECTION('',(0.E0,1.E0,0.E0));
#4295=AXIS2_PLACEMENT_3D('',#4292,#4293,#4294);
#4296=PLANE('',#4295);
#4297=ORIENTED_EDGE('',*,*,#4153,.T.);
#4299=ORIENTED_EDGE('',*,*,#4298,.T.);
#4300=ORIENTED_EDGE('',*,*,#4230,.F.);
#4301=ORIENTED_EDGE('',*,*,#4285,.F.);
#4302=EDGE_LOOP('',(#4297,#4299,#4300,#4301));
#4303=FACE_OUTER_BOUND('',#4302,.F.);
#4305=CARTESIAN_POINT('',(7.5E-1,3.393091511163E-1,-5.989309151116E0));
#4306=DIRECTION('',(-1.E0,0.E0,0.E0));
#4307=DIRECTION('',(0.E0,0.E0,-1.E0));
#4308=AXIS2_PLACEMENT_3D('',#4305,#4306,#4307);
#4309=CYLINDRICAL_SURFACE('',#4308,1.069084888367E-2);
#4310=ORIENTED_EDGE('',*,*,#4151,.T.);
#4312=ORIENTED_EDGE('',*,*,#4311,.T.);
#4313=ORIENTED_EDGE('',*,*,#4232,.F.);
#4314=ORIENTED_EDGE('',*,*,#4298,.F.);
#4315=EDGE_LOOP('',(#4310,#4312,#4313,#4314));
#4316=FACE_OUTER_BOUND('',#4315,.F.);
#4318=CARTESIAN_POINT('',(7.5E-1,3.5E-1,-5.989309151116E0));
#4319=DIRECTION('',(0.E0,-1.E0,0.E0));
#4320=DIRECTION('',(0.E0,0.E0,1.E0));
#4321=AXIS2_PLACEMENT_3D('',#4318,#4319,#4320);
#4322=PLANE('',#4321);
#4323=ORIENTED_EDGE('',*,*,#4149,.T.);
#4324=ORIENTED_EDGE('',*,*,#3205,.F.);
#4325=ORIENTED_EDGE('',*,*,#4234,.F.);
#4326=ORIENTED_EDGE('',*,*,#4311,.F.);
#4327=EDGE_LOOP('',(#4323,#4324,#4325,#4326));
#4328=FACE_OUTER_BOUND('',#4327,.F.);
#4330=CARTESIAN_POINT('',(-1.25E0,0.E0,-8.E-1));
#4331=DIRECTION('',(-1.E0,0.E0,0.E0));
#4332=DIRECTION('',(0.E0,0.E0,-1.E0));
#4333=AXIS2_PLACEMENT_3D('',#4330,#4331,#4332);
#4334=PLANE('',#4333);
#4336=ORIENTED_EDGE('',*,*,#4335,.F.);
#4337=ORIENTED_EDGE('',*,*,#2675,.T.);
#4339=ORIENTED_EDGE('',*,*,#4338,.F.);
#4341=ORIENTED_EDGE('',*,*,#4340,.F.);
#4342=EDGE_LOOP('',(#4336,#4337,#4339,#4341));
#4343=FACE_OUTER_BOUND('',#4342,.F.);
#4345=CARTESIAN_POINT('',(-1.25E0,0.E0,-8.E-1));
#4346=DIRECTION('',(-1.E0,0.E0,0.E0));
#4347=DIRECTION('',(0.E0,0.E0,-1.E0));
#4348=AXIS2_PLACEMENT_3D('',#4345,#4346,#4347);
#4349=PLANE('',#4348);
#4351=ORIENTED_EDGE('',*,*,#4350,.F.);
#4352=ORIENTED_EDGE('',*,*,#3209,.F.);
#4354=ORIENTED_EDGE('',*,*,#4353,.F.);
#4356=ORIENTED_EDGE('',*,*,#4355,.F.);
#4358=ORIENTED_EDGE('',*,*,#4357,.F.);
#4360=ORIENTED_EDGE('',*,*,#4359,.F.);
#4362=ORIENTED_EDGE('',*,*,#4361,.F.);
#4364=ORIENTED_EDGE('',*,*,#4363,.F.);
#4365=EDGE_LOOP('',(#4351,#4352,#4354,#4356,#4358,#4360,#4362,#4364));
#4366=FACE_OUTER_BOUND('',#4365,.F.);
#4368=CARTESIAN_POINT('',(-1.25E0,3.5E-1,-4.3E0));
#4369=DIRECTION('',(0.E0,-1.E0,0.E0));
#4370=DIRECTION('',(0.E0,0.E0,1.E0));
#4371=AXIS2_PLACEMENT_3D('',#4368,#4369,#4370);
#4372=PLANE('',#4371);
#4373=ORIENTED_EDGE('',*,*,#4335,.T.);
#4375=ORIENTED_EDGE('',*,*,#4374,.T.);
#4377=ORIENTED_EDGE('',*,*,#4376,.F.);
#4378=ORIENTED_EDGE('',*,*,#2677,.T.);
#4379=EDGE_LOOP('',(#4373,#4375,#4377,#4378));
#4380=FACE_OUTER_BOUND('',#4379,.F.);
#4382=CARTESIAN_POINT('',(-1.25E0,3.5E-1,-8.E-1));
#4383=DIRECTION('',(0.E0,0.E0,1.E0));
#4384=DIRECTION('',(0.E0,1.E0,0.E0));
#4385=AXIS2_PLACEMENT_3D('',#4382,#4383,#4384);
#4386=PLANE('',#4385);
#4387=ORIENTED_EDGE('',*,*,#4340,.T.);
#4389=ORIENTED_EDGE('',*,*,#4388,.T.);
#4391=ORIENTED_EDGE('',*,*,#4390,.F.);
#4392=ORIENTED_EDGE('',*,*,#4374,.F.);
#4393=EDGE_LOOP('',(#4387,#4389,#4391,#4392));
#4394=FACE_OUTER_BOUND('',#4393,.F.);
#4396=CARTESIAN_POINT('',(-1.25E0,8.5E-1,-8.E-1));
#4397=DIRECTION('',(0.E0,1.E0,0.E0));
#4398=DIRECTION('',(0.E0,0.E0,-1.E0));
#4399=AXIS2_PLACEMENT_3D('',#4396,#4397,#4398);
#4400=PLANE('',#4399);
#4401=ORIENTED_EDGE('',*,*,#4338,.T.);
#4402=ORIENTED_EDGE('',*,*,#2681,.F.);
#4404=ORIENTED_EDGE('',*,*,#4403,.F.);
#4405=ORIENTED_EDGE('',*,*,#4388,.F.);
#4406=EDGE_LOOP('',(#4401,#4402,#4404,#4405));
#4407=FACE_OUTER_BOUND('',#4406,.F.);
#4409=CARTESIAN_POINT('',(-7.5E-1,0.E0,-8.E-1));
#4410=DIRECTION('',(-1.E0,0.E0,0.E0));
#4411=DIRECTION('',(0.E0,0.E0,-1.E0));
#4412=AXIS2_PLACEMENT_3D('',#4409,#4410,#4411);
#4413=PLANE('',#4412);
#4414=ORIENTED_EDGE('',*,*,#4376,.T.);
#4415=ORIENTED_EDGE('',*,*,#4390,.T.);
#4416=ORIENTED_EDGE('',*,*,#4403,.T.);
#4417=ORIENTED_EDGE('',*,*,#2679,.F.);
#4418=EDGE_LOOP('',(#4414,#4415,#4416,#4417));
#4419=FACE_OUTER_BOUND('',#4418,.F.);
#4421=CARTESIAN_POINT('',(-7.5E-1,0.E0,-8.E-1));
#4422=DIRECTION('',(-1.E0,0.E0,0.E0));
#4423=DIRECTION('',(0.E0,0.E0,-1.E0));
#4424=AXIS2_PLACEMENT_3D('',#4421,#4422,#4423);
#4425=PLANE('',#4424);
#4427=ORIENTED_EDGE('',*,*,#4426,.T.);
#4429=ORIENTED_EDGE('',*,*,#4428,.T.);
#4431=ORIENTED_EDGE('',*,*,#4430,.T.);
#4433=ORIENTED_EDGE('',*,*,#4432,.T.);
#4435=ORIENTED_EDGE('',*,*,#4434,.T.);
#4437=ORIENTED_EDGE('',*,*,#4436,.T.);
#4439=ORIENTED_EDGE('',*,*,#4438,.T.);
#4440=ORIENTED_EDGE('',*,*,#3213,.T.);
#4441=EDGE_LOOP('',(#4427,#4429,#4431,#4433,#4435,#4437,#4439,#4440));
#4442=FACE_OUTER_BOUND('',#4441,.F.);
#4444=CARTESIAN_POINT('',(-1.25E0,8.5E-1,-5.9E0));
#4445=DIRECTION('',(0.E0,1.E0,0.E0));
#4446=DIRECTION('',(0.E0,0.E0,-1.E0));
#4447=AXIS2_PLACEMENT_3D('',#4444,#4445,#4446);
#4448=PLANE('',#4447);
#4449=ORIENTED_EDGE('',*,*,#4350,.T.);
#4451=ORIENTED_EDGE('',*,*,#4450,.T.);
#4452=ORIENTED_EDGE('',*,*,#4426,.F.);
#4453=ORIENTED_EDGE('',*,*,#3211,.T.);
#4454=EDGE_LOOP('',(#4449,#4451,#4452,#4453));
#4455=FACE_OUTER_BOUND('',#4454,.F.);
#4457=CARTESIAN_POINT('',(-1.25E0,3.393091511163E-1,-5.989309151116E0));
#4458=DIRECTION('',(-1.E0,0.E0,0.E0));
#4459=DIRECTION('',(0.E0,0.E0,-1.E0));
#4460=AXIS2_PLACEMENT_3D('',#4457,#4458,#4459);
#4461=CYLINDRICAL_SURFACE('',#4460,5.106908488837E-1);
#4462=ORIENTED_EDGE('',*,*,#4363,.T.);
#4464=ORIENTED_EDGE('',*,*,#4463,.T.);
#4465=ORIENTED_EDGE('',*,*,#4428,.F.);
#4466=ORIENTED_EDGE('',*,*,#4450,.F.);
#4467=EDGE_LOOP('',(#4462,#4464,#4465,#4466));
#4468=FACE_OUTER_BOUND('',#4467,.F.);
#4470=CARTESIAN_POINT('',(-1.25E0,3.393091511163E-1,-6.5E0));
#4471=DIRECTION('',(0.E0,0.E0,-1.E0));
#4472=DIRECTION('',(0.E0,-1.E0,0.E0));
#4473=AXIS2_PLACEMENT_3D('',#4470,#4471,#4472);
#4474=PLANE('',#4473);
#4475=ORIENTED_EDGE('',*,*,#4361,.T.);
#4477=ORIENTED_EDGE('',*,*,#4476,.T.);
#4478=ORIENTED_EDGE('',*,*,#4430,.F.);
#4479=ORIENTED_EDGE('',*,*,#4463,.F.);
#4480=EDGE_LOOP('',(#4475,#4477,#4478,#4479));
#4481=FACE_OUTER_BOUND('',#4480,.F.);
#4483=CARTESIAN_POINT('',(-1.25E0,-5.875E0,-6.5E0));
#4484=DIRECTION('',(0.E0,-1.E0,0.E0));
#4485=DIRECTION('',(0.E0,0.E0,1.E0));
#4486=AXIS2_PLACEMENT_3D('',#4483,#4484,#4485);
#4487=PLANE('',#4486);
#4488=ORIENTED_EDGE('',*,*,#4359,.T.);
#4490=ORIENTED_EDGE('',*,*,#4489,.T.);
#4491=ORIENTED_EDGE('',*,*,#4432,.F.);
#4492=ORIENTED_EDGE('',*,*,#4476,.F.);
#4493=EDGE_LOOP('',(#4488,#4490,#4491,#4492));
#4494=FACE_OUTER_BOUND('',#4493,.F.);
#4496=CARTESIAN_POINT('',(-1.25E0,-5.875E0,-6.E0));
#4497=DIRECTION('',(0.E0,0.E0,1.E0));
#4498=DIRECTION('',(0.E0,1.E0,0.E0));
#4499=AXIS2_PLACEMENT_3D('',#4496,#4497,#4498);
#4500=PLANE('',#4499);
#4501=ORIENTED_EDGE('',*,*,#4357,.T.);
#4503=ORIENTED_EDGE('',*,*,#4502,.T.);
#4504=ORIENTED_EDGE('',*,*,#4434,.F.);
#4505=ORIENTED_EDGE('',*,*,#4489,.F.);
#4506=EDGE_LOOP('',(#4501,#4503,#4504,#4505));
#4507=FACE_OUTER_BOUND('',#4506,.F.);
#4509=CARTESIAN_POINT('',(-1.25E0,3.393091511163E-1,-5.989309151116E0));
#4510=DIRECTION('',(-1.E0,0.E0,0.E0));
#4511=DIRECTION('',(0.E0,0.E0,-1.E0));
#4512=AXIS2_PLACEMENT_3D('',#4509,#4510,#4511);
#4513=CYLINDRICAL_SURFACE('',#4512,1.069084888367E-2);
#4514=ORIENTED_EDGE('',*,*,#4355,.T.);
#4516=ORIENTED_EDGE('',*,*,#4515,.T.);
#4517=ORIENTED_EDGE('',*,*,#4436,.F.);
#4518=ORIENTED_EDGE('',*,*,#4502,.F.);
#4519=EDGE_LOOP('',(#4514,#4516,#4517,#4518));
#4520=FACE_OUTER_BOUND('',#4519,.F.);
#4522=CARTESIAN_POINT('',(-1.25E0,3.5E-1,-5.989309151116E0));
#4523=DIRECTION('',(0.E0,-1.E0,0.E0));
#4524=DIRECTION('',(0.E0,0.E0,1.E0));
#4525=AXIS2_PLACEMENT_3D('',#4522,#4523,#4524);
#4526=PLANE('',#4525);
#4527=ORIENTED_EDGE('',*,*,#4353,.T.);
#4528=ORIENTED_EDGE('',*,*,#3215,.F.);
#4529=ORIENTED_EDGE('',*,*,#4438,.F.);
#4530=ORIENTED_EDGE('',*,*,#4515,.F.);
#4531=EDGE_LOOP('',(#4527,#4528,#4529,#4530));
#4532=FACE_OUTER_BOUND('',#4531,.F.);
#4534=CARTESIAN_POINT('',(-3.25E0,0.E0,-8.E-1));
#4535=DIRECTION('',(-1.E0,0.E0,0.E0));
#4536=DIRECTION('',(0.E0,0.E0,-1.E0));
#4537=AXIS2_PLACEMENT_3D('',#4534,#4535,#4536);
#4538=PLANE('',#4537);
#4540=ORIENTED_EDGE('',*,*,#4539,.F.);
#4541=ORIENTED_EDGE('',*,*,#2685,.T.);
#4543=ORIENTED_EDGE('',*,*,#4542,.F.);
#4545=ORIENTED_EDGE('',*,*,#4544,.F.);
#4546=EDGE_LOOP('',(#4540,#4541,#4543,#4545));
#4547=FACE_OUTER_BOUND('',#4546,.F.);
#4549=CARTESIAN_POINT('',(-3.25E0,0.E0,-8.E-1));
#4550=DIRECTION('',(-1.E0,0.E0,0.E0));
#4551=DIRECTION('',(0.E0,0.E0,-1.E0));
#4552=AXIS2_PLACEMENT_3D('',#4549,#4550,#4551);
#4553=PLANE('',#4552);
#4555=ORIENTED_EDGE('',*,*,#4554,.F.);
#4556=ORIENTED_EDGE('',*,*,#3219,.F.);
#4558=ORIENTED_EDGE('',*,*,#4557,.F.);
#4560=ORIENTED_EDGE('',*,*,#4559,.F.);
#4562=ORIENTED_EDGE('',*,*,#4561,.F.);
#4564=ORIENTED_EDGE('',*,*,#4563,.F.);
#4566=ORIENTED_EDGE('',*,*,#4565,.F.);
#4568=ORIENTED_EDGE('',*,*,#4567,.F.);
#4569=EDGE_LOOP('',(#4555,#4556,#4558,#4560,#4562,#4564,#4566,#4568));
#4570=FACE_OUTER_BOUND('',#4569,.F.);
#4572=CARTESIAN_POINT('',(-3.25E0,3.5E-1,-4.3E0));
#4573=DIRECTION('',(0.E0,-1.E0,0.E0));
#4574=DIRECTION('',(0.E0,0.E0,1.E0));
#4575=AXIS2_PLACEMENT_3D('',#4572,#4573,#4574);
#4576=PLANE('',#4575);
#4577=ORIENTED_EDGE('',*,*,#4539,.T.);
#4579=ORIENTED_EDGE('',*,*,#4578,.T.);
#4581=ORIENTED_EDGE('',*,*,#4580,.F.);
#4582=ORIENTED_EDGE('',*,*,#2687,.T.);
#4583=EDGE_LOOP('',(#4577,#4579,#4581,#4582));
#4584=FACE_OUTER_BOUND('',#4583,.F.);
#4586=CARTESIAN_POINT('',(-3.25E0,3.5E-1,-8.E-1));
#4587=DIRECTION('',(0.E0,0.E0,1.E0));
#4588=DIRECTION('',(0.E0,1.E0,0.E0));
#4589=AXIS2_PLACEMENT_3D('',#4586,#4587,#4588);
#4590=PLANE('',#4589);
#4591=ORIENTED_EDGE('',*,*,#4544,.T.);
#4593=ORIENTED_EDGE('',*,*,#4592,.T.);
#4595=ORIENTED_EDGE('',*,*,#4594,.F.);
#4596=ORIENTED_EDGE('',*,*,#4578,.F.);
#4597=EDGE_LOOP('',(#4591,#4593,#4595,#4596));
#4598=FACE_OUTER_BOUND('',#4597,.F.);
#4600=CARTESIAN_POINT('',(-3.25E0,8.5E-1,-8.E-1));
#4601=DIRECTION('',(0.E0,1.E0,0.E0));
#4602=DIRECTION('',(0.E0,0.E0,-1.E0));
#4603=AXIS2_PLACEMENT_3D('',#4600,#4601,#4602);
#4604=PLANE('',#4603);
#4605=ORIENTED_EDGE('',*,*,#4542,.T.);
#4606=ORIENTED_EDGE('',*,*,#2691,.F.);
#4608=ORIENTED_EDGE('',*,*,#4607,.F.);
#4609=ORIENTED_EDGE('',*,*,#4592,.F.);
#4610=EDGE_LOOP('',(#4605,#4606,#4608,#4609));
#4611=FACE_OUTER_BOUND('',#4610,.F.);
#4613=CARTESIAN_POINT('',(-2.75E0,0.E0,-8.E-1));
#4614=DIRECTION('',(-1.E0,0.E0,0.E0));
#4615=DIRECTION('',(0.E0,0.E0,-1.E0));
#4616=AXIS2_PLACEMENT_3D('',#4613,#4614,#4615);
#4617=PLANE('',#4616);
#4618=ORIENTED_EDGE('',*,*,#4580,.T.);
#4619=ORIENTED_EDGE('',*,*,#4594,.T.);
#4620=ORIENTED_EDGE('',*,*,#4607,.T.);
#4621=ORIENTED_EDGE('',*,*,#2689,.F.);
#4622=EDGE_LOOP('',(#4618,#4619,#4620,#4621));
#4623=FACE_OUTER_BOUND('',#4622,.F.);
#4625=CARTESIAN_POINT('',(-2.75E0,0.E0,-8.E-1));
#4626=DIRECTION('',(-1.E0,0.E0,0.E0));
#4627=DIRECTION('',(0.E0,0.E0,-1.E0));
#4628=AXIS2_PLACEMENT_3D('',#4625,#4626,#4627);
#4629=PLANE('',#4628);
#4631=ORIENTED_EDGE('',*,*,#4630,.T.);
#4633=ORIENTED_EDGE('',*,*,#4632,.T.);
#4635=ORIENTED_EDGE('',*,*,#4634,.T.);
#4637=ORIENTED_EDGE('',*,*,#4636,.T.);
#4639=ORIENTED_EDGE('',*,*,#4638,.T.);
#4641=ORIENTED_EDGE('',*,*,#4640,.T.);
#4643=ORIENTED_EDGE('',*,*,#4642,.T.);
#4644=ORIENTED_EDGE('',*,*,#3223,.T.);
#4645=EDGE_LOOP('',(#4631,#4633,#4635,#4637,#4639,#4641,#4643,#4644));
#4646=FACE_OUTER_BOUND('',#4645,.F.);
#4648=CARTESIAN_POINT('',(-3.25E0,8.5E-1,-5.9E0));
#4649=DIRECTION('',(0.E0,1.E0,0.E0));
#4650=DIRECTION('',(0.E0,0.E0,-1.E0));
#4651=AXIS2_PLACEMENT_3D('',#4648,#4649,#4650);
#4652=PLANE('',#4651);
#4653=ORIENTED_EDGE('',*,*,#4554,.T.);
#4655=ORIENTED_EDGE('',*,*,#4654,.T.);
#4656=ORIENTED_EDGE('',*,*,#4630,.F.);
#4657=ORIENTED_EDGE('',*,*,#3221,.T.);
#4658=EDGE_LOOP('',(#4653,#4655,#4656,#4657));
#4659=FACE_OUTER_BOUND('',#4658,.F.);
#4661=CARTESIAN_POINT('',(-3.25E0,3.393091511163E-1,-5.989309151116E0));
#4662=DIRECTION('',(-1.E0,0.E0,0.E0));
#4663=DIRECTION('',(0.E0,0.E0,-1.E0));
#4664=AXIS2_PLACEMENT_3D('',#4661,#4662,#4663);
#4665=CYLINDRICAL_SURFACE('',#4664,5.106908488837E-1);
#4666=ORIENTED_EDGE('',*,*,#4567,.T.);
#4668=ORIENTED_EDGE('',*,*,#4667,.T.);
#4669=ORIENTED_EDGE('',*,*,#4632,.F.);
#4670=ORIENTED_EDGE('',*,*,#4654,.F.);
#4671=EDGE_LOOP('',(#4666,#4668,#4669,#4670));
#4672=FACE_OUTER_BOUND('',#4671,.F.);
#4674=CARTESIAN_POINT('',(-3.25E0,3.393091511163E-1,-6.5E0));
#4675=DIRECTION('',(0.E0,0.E0,-1.E0));
#4676=DIRECTION('',(0.E0,-1.E0,0.E0));
#4677=AXIS2_PLACEMENT_3D('',#4674,#4675,#4676);
#4678=PLANE('',#4677);
#4679=ORIENTED_EDGE('',*,*,#4565,.T.);
#4681=ORIENTED_EDGE('',*,*,#4680,.T.);
#4682=ORIENTED_EDGE('',*,*,#4634,.F.);
#4683=ORIENTED_EDGE('',*,*,#4667,.F.);
#4684=EDGE_LOOP('',(#4679,#4681,#4682,#4683));
#4685=FACE_OUTER_BOUND('',#4684,.F.);
#4687=CARTESIAN_POINT('',(-3.25E0,-5.875E0,-6.5E0));
#4688=DIRECTION('',(0.E0,-1.E0,0.E0));
#4689=DIRECTION('',(0.E0,0.E0,1.E0));
#4690=AXIS2_PLACEMENT_3D('',#4687,#4688,#4689);
#4691=PLANE('',#4690);
#4692=ORIENTED_EDGE('',*,*,#4563,.T.);
#4694=ORIENTED_EDGE('',*,*,#4693,.T.);
#4695=ORIENTED_EDGE('',*,*,#4636,.F.);
#4696=ORIENTED_EDGE('',*,*,#4680,.F.);
#4697=EDGE_LOOP('',(#4692,#4694,#4695,#4696));
#4698=FACE_OUTER_BOUND('',#4697,.F.);
#4700=CARTESIAN_POINT('',(-3.25E0,-5.875E0,-6.E0));
#4701=DIRECTION('',(0.E0,0.E0,1.E0));
#4702=DIRECTION('',(0.E0,1.E0,0.E0));
#4703=AXIS2_PLACEMENT_3D('',#4700,#4701,#4702);
#4704=PLANE('',#4703);
#4705=ORIENTED_EDGE('',*,*,#4561,.T.);
#4707=ORIENTED_EDGE('',*,*,#4706,.T.);
#4708=ORIENTED_EDGE('',*,*,#4638,.F.);
#4709=ORIENTED_EDGE('',*,*,#4693,.F.);
#4710=EDGE_LOOP('',(#4705,#4707,#4708,#4709));
#4711=FACE_OUTER_BOUND('',#4710,.F.);
#4713=CARTESIAN_POINT('',(-3.25E0,3.393091511163E-1,-5.989309151116E0));
#4714=DIRECTION('',(-1.E0,0.E0,0.E0));
#4715=DIRECTION('',(0.E0,0.E0,-1.E0));
#4716=AXIS2_PLACEMENT_3D('',#4713,#4714,#4715);
#4717=CYLINDRICAL_SURFACE('',#4716,1.069084888367E-2);
#4718=ORIENTED_EDGE('',*,*,#4559,.T.);
#4720=ORIENTED_EDGE('',*,*,#4719,.T.);
#4721=ORIENTED_EDGE('',*,*,#4640,.F.);
#4722=ORIENTED_EDGE('',*,*,#4706,.F.);
#4723=EDGE_LOOP('',(#4718,#4720,#4721,#4722));
#4724=FACE_OUTER_BOUND('',#4723,.F.);
#4726=CARTESIAN_POINT('',(-3.25E0,3.5E-1,-5.989309151116E0));
#4727=DIRECTION('',(0.E0,-1.E0,0.E0));
#4728=DIRECTION('',(0.E0,0.E0,1.E0));
#4729=AXIS2_PLACEMENT_3D('',#4726,#4727,#4728);
#4730=PLANE('',#4729);
#4731=ORIENTED_EDGE('',*,*,#4557,.T.);
#4732=ORIENTED_EDGE('',*,*,#3225,.F.);
#4733=ORIENTED_EDGE('',*,*,#4642,.F.);
#4734=ORIENTED_EDGE('',*,*,#4719,.F.);
#4735=EDGE_LOOP('',(#4731,#4732,#4733,#4734));
#4736=FACE_OUTER_BOUND('',#4735,.F.);
#4738=CARTESIAN_POINT('',(-5.25E0,0.E0,-8.E-1));
#4739=DIRECTION('',(-1.E0,0.E0,0.E0));
#4740=DIRECTION('',(0.E0,0.E0,-1.E0));
#4741=AXIS2_PLACEMENT_3D('',#4738,#4739,#4740);
#4742=PLANE('',#4741);
#4744=ORIENTED_EDGE('',*,*,#4743,.F.);
#4745=ORIENTED_EDGE('',*,*,#2695,.T.);
#4747=ORIENTED_EDGE('',*,*,#4746,.F.);
#4749=ORIENTED_EDGE('',*,*,#4748,.F.);
#4750=EDGE_LOOP('',(#4744,#4745,#4747,#4749));
#4751=FACE_OUTER_BOUND('',#4750,.F.);
#4753=CARTESIAN_POINT('',(-5.25E0,0.E0,-8.E-1));
#4754=DIRECTION('',(-1.E0,0.E0,0.E0));
#4755=DIRECTION('',(0.E0,0.E0,-1.E0));
#4756=AXIS2_PLACEMENT_3D('',#4753,#4754,#4755);
#4757=PLANE('',#4756);
#4759=ORIENTED_EDGE('',*,*,#4758,.F.);
#4760=ORIENTED_EDGE('',*,*,#3229,.F.);
#4762=ORIENTED_EDGE('',*,*,#4761,.F.);
#4764=ORIENTED_EDGE('',*,*,#4763,.F.);
#4766=ORIENTED_EDGE('',*,*,#4765,.F.);
#4768=ORIENTED_EDGE('',*,*,#4767,.F.);
#4770=ORIENTED_EDGE('',*,*,#4769,.F.);
#4772=ORIENTED_EDGE('',*,*,#4771,.F.);
#4773=EDGE_LOOP('',(#4759,#4760,#4762,#4764,#4766,#4768,#4770,#4772));
#4774=FACE_OUTER_BOUND('',#4773,.F.);
#4776=CARTESIAN_POINT('',(-5.25E0,3.5E-1,-4.3E0));
#4777=DIRECTION('',(0.E0,-1.E0,0.E0));
#4778=DIRECTION('',(0.E0,0.E0,1.E0));
#4779=AXIS2_PLACEMENT_3D('',#4776,#4777,#4778);
#4780=PLANE('',#4779);
#4781=ORIENTED_EDGE('',*,*,#4743,.T.);
#4783=ORIENTED_EDGE('',*,*,#4782,.T.);
#4785=ORIENTED_EDGE('',*,*,#4784,.F.);
#4786=ORIENTED_EDGE('',*,*,#2697,.T.);
#4787=EDGE_LOOP('',(#4781,#4783,#4785,#4786));
#4788=FACE_OUTER_BOUND('',#4787,.F.);
#4790=CARTESIAN_POINT('',(-5.25E0,3.5E-1,-8.E-1));
#4791=DIRECTION('',(0.E0,0.E0,1.E0));
#4792=DIRECTION('',(0.E0,1.E0,0.E0));
#4793=AXIS2_PLACEMENT_3D('',#4790,#4791,#4792);
#4794=PLANE('',#4793);
#4795=ORIENTED_EDGE('',*,*,#4748,.T.);
#4797=ORIENTED_EDGE('',*,*,#4796,.T.);
#4799=ORIENTED_EDGE('',*,*,#4798,.F.);
#4800=ORIENTED_EDGE('',*,*,#4782,.F.);
#4801=EDGE_LOOP('',(#4795,#4797,#4799,#4800));
#4802=FACE_OUTER_BOUND('',#4801,.F.);
#4804=CARTESIAN_POINT('',(-5.25E0,8.5E-1,-8.E-1));
#4805=DIRECTION('',(0.E0,1.E0,0.E0));
#4806=DIRECTION('',(0.E0,0.E0,-1.E0));
#4807=AXIS2_PLACEMENT_3D('',#4804,#4805,#4806);
#4808=PLANE('',#4807);
#4809=ORIENTED_EDGE('',*,*,#4746,.T.);
#4810=ORIENTED_EDGE('',*,*,#2701,.F.);
#4812=ORIENTED_EDGE('',*,*,#4811,.F.);
#4813=ORIENTED_EDGE('',*,*,#4796,.F.);
#4814=EDGE_LOOP('',(#4809,#4810,#4812,#4813));
#4815=FACE_OUTER_BOUND('',#4814,.F.);
#4817=CARTESIAN_POINT('',(-4.75E0,0.E0,-8.E-1));
#4818=DIRECTION('',(-1.E0,0.E0,0.E0));
#4819=DIRECTION('',(0.E0,0.E0,-1.E0));
#4820=AXIS2_PLACEMENT_3D('',#4817,#4818,#4819);
#4821=PLANE('',#4820);
#4822=ORIENTED_EDGE('',*,*,#4784,.T.);
#4823=ORIENTED_EDGE('',*,*,#4798,.T.);
#4824=ORIENTED_EDGE('',*,*,#4811,.T.);
#4825=ORIENTED_EDGE('',*,*,#2699,.F.);
#4826=EDGE_LOOP('',(#4822,#4823,#4824,#4825));
#4827=FACE_OUTER_BOUND('',#4826,.F.);
#4829=CARTESIAN_POINT('',(-4.75E0,0.E0,-8.E-1));
#4830=DIRECTION('',(-1.E0,0.E0,0.E0));
#4831=DIRECTION('',(0.E0,0.E0,-1.E0));
#4832=AXIS2_PLACEMENT_3D('',#4829,#4830,#4831);
#4833=PLANE('',#4832);
#4835=ORIENTED_EDGE('',*,*,#4834,.T.);
#4837=ORIENTED_EDGE('',*,*,#4836,.T.);
#4839=ORIENTED_EDGE('',*,*,#4838,.T.);
#4841=ORIENTED_EDGE('',*,*,#4840,.T.);
#4843=ORIENTED_EDGE('',*,*,#4842,.T.);
#4845=ORIENTED_EDGE('',*,*,#4844,.T.);
#4847=ORIENTED_EDGE('',*,*,#4846,.T.);
#4848=ORIENTED_EDGE('',*,*,#3233,.T.);
#4849=EDGE_LOOP('',(#4835,#4837,#4839,#4841,#4843,#4845,#4847,#4848));
#4850=FACE_OUTER_BOUND('',#4849,.F.);
#4852=CARTESIAN_POINT('',(-5.25E0,8.5E-1,-5.9E0));
#4853=DIRECTION('',(0.E0,1.E0,0.E0));
#4854=DIRECTION('',(0.E0,0.E0,-1.E0));
#4855=AXIS2_PLACEMENT_3D('',#4852,#4853,#4854);
#4856=PLANE('',#4855);
#4857=ORIENTED_EDGE('',*,*,#4758,.T.);
#4859=ORIENTED_EDGE('',*,*,#4858,.T.);
#4860=ORIENTED_EDGE('',*,*,#4834,.F.);
#4861=ORIENTED_EDGE('',*,*,#3231,.T.);
#4862=EDGE_LOOP('',(#4857,#4859,#4860,#4861));
#4863=FACE_OUTER_BOUND('',#4862,.F.);
#4865=CARTESIAN_POINT('',(-5.25E0,3.393091511163E-1,-5.989309151116E0));
#4866=DIRECTION('',(-1.E0,0.E0,0.E0));
#4867=DIRECTION('',(0.E0,0.E0,-1.E0));
#4868=AXIS2_PLACEMENT_3D('',#4865,#4866,#4867);
#4869=CYLINDRICAL_SURFACE('',#4868,5.106908488837E-1);
#4870=ORIENTED_EDGE('',*,*,#4771,.T.);
#4872=ORIENTED_EDGE('',*,*,#4871,.T.);
#4873=ORIENTED_EDGE('',*,*,#4836,.F.);
#4874=ORIENTED_EDGE('',*,*,#4858,.F.);
#4875=EDGE_LOOP('',(#4870,#4872,#4873,#4874));
#4876=FACE_OUTER_BOUND('',#4875,.F.);
#4878=CARTESIAN_POINT('',(-5.25E0,3.393091511163E-1,-6.5E0));
#4879=DIRECTION('',(0.E0,0.E0,-1.E0));
#4880=DIRECTION('',(0.E0,-1.E0,0.E0));
#4881=AXIS2_PLACEMENT_3D('',#4878,#4879,#4880);
#4882=PLANE('',#4881);
#4883=ORIENTED_EDGE('',*,*,#4769,.T.);
#4885=ORIENTED_EDGE('',*,*,#4884,.T.);
#4886=ORIENTED_EDGE('',*,*,#4838,.F.);
#4887=ORIENTED_EDGE('',*,*,#4871,.F.);
#4888=EDGE_LOOP('',(#4883,#4885,#4886,#4887));
#4889=FACE_OUTER_BOUND('',#4888,.F.);
#4891=CARTESIAN_POINT('',(-5.25E0,-5.875E0,-6.5E0));
#4892=DIRECTION('',(0.E0,-1.E0,0.E0));
#4893=DIRECTION('',(0.E0,0.E0,1.E0));
#4894=AXIS2_PLACEMENT_3D('',#4891,#4892,#4893);
#4895=PLANE('',#4894);
#4896=ORIENTED_EDGE('',*,*,#4767,.T.);
#4898=ORIENTED_EDGE('',*,*,#4897,.T.);
#4899=ORIENTED_EDGE('',*,*,#4840,.F.);
#4900=ORIENTED_EDGE('',*,*,#4884,.F.);
#4901=EDGE_LOOP('',(#4896,#4898,#4899,#4900));
#4902=FACE_OUTER_BOUND('',#4901,.F.);
#4904=CARTESIAN_POINT('',(-5.25E0,-5.875E0,-6.E0));
#4905=DIRECTION('',(0.E0,0.E0,1.E0));
#4906=DIRECTION('',(0.E0,1.E0,0.E0));
#4907=AXIS2_PLACEMENT_3D('',#4904,#4905,#4906);
#4908=PLANE('',#4907);
#4909=ORIENTED_EDGE('',*,*,#4765,.T.);
#4911=ORIENTED_EDGE('',*,*,#4910,.T.);
#4912=ORIENTED_EDGE('',*,*,#4842,.F.);
#4913=ORIENTED_EDGE('',*,*,#4897,.F.);
#4914=EDGE_LOOP('',(#4909,#4911,#4912,#4913));
#4915=FACE_OUTER_BOUND('',#4914,.F.);
#4917=CARTESIAN_POINT('',(-5.25E0,3.393091511163E-1,-5.989309151116E0));
#4918=DIRECTION('',(-1.E0,0.E0,0.E0));
#4919=DIRECTION('',(0.E0,0.E0,-1.E0));
#4920=AXIS2_PLACEMENT_3D('',#4917,#4918,#4919);
#4921=CYLINDRICAL_SURFACE('',#4920,1.069084888367E-2);
#4922=ORIENTED_EDGE('',*,*,#4763,.T.);
#4924=ORIENTED_EDGE('',*,*,#4923,.T.);
#4925=ORIENTED_EDGE('',*,*,#4844,.F.);
#4926=ORIENTED_EDGE('',*,*,#4910,.F.);
#4927=EDGE_LOOP('',(#4922,#4924,#4925,#4926));
#4928=FACE_OUTER_BOUND('',#4927,.F.);
#4930=CARTESIAN_POINT('',(-5.25E0,3.5E-1,-5.989309151116E0));
#4931=DIRECTION('',(0.E0,-1.E0,0.E0));
#4932=DIRECTION('',(0.E0,0.E0,1.E0));
#4933=AXIS2_PLACEMENT_3D('',#4930,#4931,#4932);
#4934=PLANE('',#4933);
#4935=ORIENTED_EDGE('',*,*,#4761,.T.);
#4936=ORIENTED_EDGE('',*,*,#3235,.F.);
#4937=ORIENTED_EDGE('',*,*,#4846,.F.);
#4938=ORIENTED_EDGE('',*,*,#4923,.F.);
#4939=EDGE_LOOP('',(#4935,#4936,#4937,#4938));
#4940=FACE_OUTER_BOUND('',#4939,.F.);
#4942=CARTESIAN_POINT('',(1.08E1,2.275E0,-4.65E0));
#4943=DIRECTION('',(0.E0,0.E0,1.E0));
#4944=DIRECTION('',(0.E0,1.E0,0.E0));
#4945=AXIS2_PLACEMENT_3D('',#4942,#4943,#4944);
#4946=PLANE('',#4945);
#4947=ORIENTED_EDGE('',*,*,#2782,.F.);
#4948=ORIENTED_EDGE('',*,*,#2798,.F.);
#4949=ORIENTED_EDGE('',*,*,#2735,.T.);
#4950=ORIENTED_EDGE('',*,*,#3036,.T.);
#4951=EDGE_LOOP('',(#4947,#4948,#4949,#4950));
#4952=FACE_OUTER_BOUND('',#4951,.F.);
#4954=CARTESIAN_POINT('',(-8.45E0,2.475E0,-2.05E0));
#4955=DIRECTION('',(0.E0,0.E0,1.E0));
#4956=DIRECTION('',(1.E0,0.E0,0.E0));
#4957=AXIS2_PLACEMENT_3D('',#4954,#4955,#4956);
#4958=PLANE('',#4957);
#4959=ORIENTED_EDGE('',*,*,#2519,.T.);
#4960=ORIENTED_EDGE('',*,*,#2569,.T.);
#4962=ORIENTED_EDGE('',*,*,#4961,.F.);
#4963=ORIENTED_EDGE('',*,*,#2751,.F.);
#4964=EDGE_LOOP('',(#4959,#4960,#4962,#4963));
#4965=FACE_OUTER_BOUND('',#4964,.F.);
#4967=CARTESIAN_POINT('',(-7.25E0,2.475E0,-2.05E0));
#4968=DIRECTION('',(1.E0,0.E0,0.E0));
#4969=DIRECTION('',(0.E0,0.E0,-1.E0));
#4970=AXIS2_PLACEMENT_3D('',#4967,#4968,#4969);
#4971=PLANE('',#4970);
#4972=ORIENTED_EDGE('',*,*,#4961,.T.);
#4973=ORIENTED_EDGE('',*,*,#2578,.F.);
#4974=ORIENTED_EDGE('',*,*,#2606,.F.);
#4975=ORIENTED_EDGE('',*,*,#2753,.F.);
#4976=EDGE_LOOP('',(#4972,#4973,#4974,#4975));
#4977=FACE_OUTER_BOUND('',#4976,.F.);
#4979=CARTESIAN_POINT('',(7.25E0,3.5E-1,-4.3E0));
#4980=DIRECTION('',(1.E0,0.E0,0.E0));
#4981=DIRECTION('',(0.E0,1.E0,0.E0));
#4982=AXIS2_PLACEMENT_3D('',#4979,#4980,#4981);
#4983=PLANE('',#4982);
#4985=ORIENTED_EDGE('',*,*,#4984,.T.);
#4987=ORIENTED_EDGE('',*,*,#4986,.T.);
#4989=ORIENTED_EDGE('',*,*,#4988,.F.);
#4990=ORIENTED_EDGE('',*,*,#2625,.F.);
#4991=EDGE_LOOP('',(#4985,#4987,#4989,#4990));
#4992=FACE_OUTER_BOUND('',#4991,.F.);
#4994=CARTESIAN_POINT('',(6.75E0,3.5E-1,-4.3E0));
#4995=DIRECTION('',(0.E0,-1.E0,0.E0));
#4996=DIRECTION('',(1.E0,0.E0,0.E0));
#4997=AXIS2_PLACEMENT_3D('',#4994,#4995,#4996);
#4998=PLANE('',#4997);
#4999=ORIENTED_EDGE('',*,*,#4984,.F.);
#5000=ORIENTED_EDGE('',*,*,#2631,.F.);
#5002=ORIENTED_EDGE('',*,*,#5001,.T.);
#5004=ORIENTED_EDGE('',*,*,#5003,.T.);
#5005=EDGE_LOOP('',(#4999,#5000,#5002,#5004));
#5006=FACE_OUTER_BOUND('',#5005,.F.);
#5008=CARTESIAN_POINT('',(6.75E0,8.5E-1,-4.3E0));
#5009=DIRECTION('',(-1.E0,0.E0,0.E0));
#5010=DIRECTION('',(0.E0,-1.E0,0.E0));
#5011=AXIS2_PLACEMENT_3D('',#5008,#5009,#5010);
#5012=PLANE('',#5011);
#5014=ORIENTED_EDGE('',*,*,#5013,.T.);
#5016=ORIENTED_EDGE('',*,*,#5015,.T.);
#5017=ORIENTED_EDGE('',*,*,#5001,.F.);
#5018=ORIENTED_EDGE('',*,*,#2629,.F.);
#5019=EDGE_LOOP('',(#5014,#5016,#5017,#5018));
#5020=FACE_OUTER_BOUND('',#5019,.F.);
#5022=CARTESIAN_POINT('',(7.25E0,8.5E-1,-4.3E0));
#5023=DIRECTION('',(0.E0,1.E0,0.E0));
#5024=DIRECTION('',(-1.E0,0.E0,0.E0));
#5025=AXIS2_PLACEMENT_3D('',#5022,#5023,#5024);
#5026=PLANE('',#5025);
#5027=ORIENTED_EDGE('',*,*,#4988,.T.);
#5029=ORIENTED_EDGE('',*,*,#5028,.T.);
#5030=ORIENTED_EDGE('',*,*,#5013,.F.);
#5031=ORIENTED_EDGE('',*,*,#2627,.F.);
#5032=EDGE_LOOP('',(#5027,#5029,#5030,#5031));
#5033=FACE_OUTER_BOUND('',#5032,.F.);
#5035=CARTESIAN_POINT('',(0.E0,0.E0,-8.E-1));
#5036=DIRECTION('',(0.E0,0.E0,1.E0));
#5037=DIRECTION('',(-1.E0,0.E0,0.E0));
#5038=AXIS2_PLACEMENT_3D('',#5035,#5036,#5037);
#5039=PLANE('',#5038);
#5040=ORIENTED_EDGE('',*,*,#4986,.F.);
#5041=ORIENTED_EDGE('',*,*,#5003,.F.);
#5042=ORIENTED_EDGE('',*,*,#5015,.F.);
#5043=ORIENTED_EDGE('',*,*,#5028,.F.);
#5044=EDGE_LOOP('',(#5040,#5041,#5042,#5043));
#5045=FACE_OUTER_BOUND('',#5044,.F.);
#5047=CARTESIAN_POINT('',(-7.25E0,3.5E-1,-4.3E0));
#5048=DIRECTION('',(1.E0,0.E0,0.E0));
#5049=DIRECTION('',(0.E0,1.E0,0.E0));
#5050=AXIS2_PLACEMENT_3D('',#5047,#5048,#5049);
#5051=PLANE('',#5050);
#5053=ORIENTED_EDGE('',*,*,#5052,.F.);
#5054=ORIENTED_EDGE('',*,*,#2635,.T.);
#5056=ORIENTED_EDGE('',*,*,#5055,.T.);
#5058=ORIENTED_EDGE('',*,*,#5057,.F.);
#5059=EDGE_LOOP('',(#5053,#5054,#5056,#5058));
#5060=FACE_OUTER_BOUND('',#5059,.F.);
#5062=CARTESIAN_POINT('',(-6.75E0,3.5E-1,-4.3E0));
#5063=DIRECTION('',(0.E0,1.E0,0.E0));
#5064=DIRECTION('',(-1.E0,0.E0,0.E0));
#5065=AXIS2_PLACEMENT_3D('',#5062,#5063,#5064);
#5066=PLANE('',#5065);
#5067=ORIENTED_EDGE('',*,*,#5052,.T.);
#5069=ORIENTED_EDGE('',*,*,#5068,.F.);
#5071=ORIENTED_EDGE('',*,*,#5070,.F.);
#5072=ORIENTED_EDGE('',*,*,#2637,.T.);
#5073=EDGE_LOOP('',(#5067,#5069,#5071,#5072));
#5074=FACE_OUTER_BOUND('',#5073,.F.);
#5076=CARTESIAN_POINT('',(0.E0,0.E0,-8.E-1));
#5077=DIRECTION('',(0.E0,0.E0,-1.E0));
#5078=DIRECTION('',(1.E0,0.E0,0.E0));
#5079=AXIS2_PLACEMENT_3D('',#5076,#5077,#5078);
#5080=PLANE('',#5079);
#5081=ORIENTED_EDGE('',*,*,#5057,.T.);
#5083=ORIENTED_EDGE('',*,*,#5082,.T.);
#5085=ORIENTED_EDGE('',*,*,#5084,.T.);
#5086=ORIENTED_EDGE('',*,*,#5068,.T.);
#5087=EDGE_LOOP('',(#5081,#5083,#5085,#5086));
#5088=FACE_OUTER_BOUND('',#5087,.F.);
#5090=CARTESIAN_POINT('',(-7.25E0,8.5E-1,-4.3E0));
#5091=DIRECTION('',(0.E0,-1.E0,0.E0));
#5092=DIRECTION('',(1.E0,0.E0,0.E0));
#5093=AXIS2_PLACEMENT_3D('',#5090,#5091,#5092);
#5094=PLANE('',#5093);
#5095=ORIENTED_EDGE('',*,*,#5055,.F.);
#5096=ORIENTED_EDGE('',*,*,#2641,.T.);
#5098=ORIENTED_EDGE('',*,*,#5097,.T.);
#5099=ORIENTED_EDGE('',*,*,#5082,.F.);
#5100=EDGE_LOOP('',(#5095,#5096,#5098,#5099));
#5101=FACE_OUTER_BOUND('',#5100,.F.);
#5103=CARTESIAN_POINT('',(-6.75E0,8.5E-1,-4.3E0));
#5104=DIRECTION('',(-1.E0,0.E0,0.E0));
#5105=DIRECTION('',(0.E0,-1.E0,0.E0));
#5106=AXIS2_PLACEMENT_3D('',#5103,#5104,#5105);
#5107=PLANE('',#5106);
#5108=ORIENTED_EDGE('',*,*,#5097,.F.);
#5109=ORIENTED_EDGE('',*,*,#2639,.T.);
#5110=ORIENTED_EDGE('',*,*,#5070,.T.);
#5111=ORIENTED_EDGE('',*,*,#5084,.F.);
#5112=EDGE_LOOP('',(#5108,#5109,#5110,#5111));
#5113=FACE_OUTER_BOUND('',#5112,.F.);
#5115=CLOSED_SHELL('',(#2441,#2461,#2481,#2496,#2511,#2543,#2563,#2582,#2597,
#2705,#2721,#2758,#2773,#2788,#2818,#2832,#2846,#2860,#2874,#2887,#2900,#2926,
#2938,#2951,#2964,#2977,#2990,#3003,#3015,#3042,#3063,#3077,#3091,#3111,#3126,
#3145,#3239,#3259,#3272,#3284,#3297,#3309,#3340,#3354,#3368,#3382,#3396,#3410,
#3424,#3438,#3452,#3466,#3480,#3493,#3513,#3544,#3558,#3588,#3601,#3614,#3627,
#3640,#3653,#3666,#3679,#3692,#3705,#3717,#3732,#3755,#3769,#3783,#3796,#3808,
#3831,#3844,#3857,#3870,#3883,#3896,#3909,#3921,#3936,#3959,#3973,#3987,#4000,
#4012,#4035,#4048,#4061,#4074,#4087,#4100,#4113,#4125,#4140,#4163,#4177,#4191,
#4204,#4216,#4239,#4252,#4265,#4278,#4291,#4304,#4317,#4329,#4344,#4367,#4381,
#4395,#4408,#4420,#4443,#4456,#4469,#4482,#4495,#4508,#4521,#4533,#4548,#4571,
#4585,#4599,#4612,#4624,#4647,#4660,#4673,#4686,#4699,#4712,#4725,#4737,#4752,
#4775,#4789,#4803,#4816,#4828,#4851,#4864,#4877,#4890,#4903,#4916,#4929,#4941,
#4953,#4966,#4978,#4993,#5007,#5021,#5034,#5046,#5061,#5075,#5089,#5102,#5114));
#5116=MANIFOLD_SOLID_BREP('',#5115);
#5119=PLANE_ANGLE_MEASURE_WITH_UNIT(PLANE_ANGLE_MEASURE(1.745329251994E-2),
#5118);
#5120=(CONVERSION_BASED_UNIT('DEGREE',#5119)NAMED_UNIT(*)PLANE_ANGLE_UNIT());
#5122=UNCERTAINTY_MEASURE_WITH_UNIT(LENGTH_MEASURE(1.E-3),#5117,
'distance_accuracy_value',
'Maximum model space distance between geometric entities at asserted connectivities');
#5125=APPLICATION_CONTEXT('automotive_design');
#5126=APPLICATION_PROTOCOL_DEFINITION('international standard',
'automotive_design',2001,#5125);
#5127=PRODUCT_DEFINITION_CONTEXT('part definition',#5125,'design');
#5128=PRODUCT_CONTEXT('',#5125,'mechanical');
#5129=PRODUCT('C-440055-8','C-440055-8','NOT SPECIFIED',(#5128));
#5130=PRODUCT_DEFINITION_FORMATION('1','LAST_VERSION',#5129);
#5138=DERIVED_UNIT_ELEMENT(#5137,2.E0);
#5139=DERIVED_UNIT((#5138));
#5140=MEASURE_REPRESENTATION_ITEM('surface area measure',AREA_MEASURE(
7.412039424172E2),#5139);
#5145=DERIVED_UNIT_ELEMENT(#5144,3.E0);
#5146=DERIVED_UNIT((#5145));
#5147=MEASURE_REPRESENTATION_ITEM('volume measure',VOLUME_MEASURE(
2.211539898190E2),#5146);
#5151=CARTESIAN_POINT('centre point',(0.E0,-3.673723805270E-1,
-4.145555083461E0));
#5156=DERIVED_UNIT_ELEMENT(#5155,2.E0);
#5157=DERIVED_UNIT((#5156));
#5158=MEASURE_REPRESENTATION_ITEM('surface area measure',AREA_MEASURE(
7.412039424172E2),#5157);
#5163=DERIVED_UNIT_ELEMENT(#5162,3.E0);
#5164=DERIVED_UNIT((#5163));
#5165=MEASURE_REPRESENTATION_ITEM('volume measure',VOLUME_MEASURE(
2.211539898190E2),#5164);
#5169=CARTESIAN_POINT('centre point',(0.E0,-3.673723805270E-1,
-4.145555083461E0));
#5174=PRODUCT_RELATED_PRODUCT_CATEGORY('part','',(#5129));
#1=COLOUR_RGB('',8.784E-1,9.49E-1,1.E0);
#798=CIRCLE('',#797,1.069084888367E-2);
#831=CIRCLE('',#830,5.106908488837E-1);
#880=CIRCLE('',#879,5.106908488837E-1);
#913=CIRCLE('',#912,1.069084888367E-2);
#926=CIRCLE('',#925,5.106908488837E-1);
#959=CIRCLE('',#958,1.069084888367E-2);
#976=CIRCLE('',#975,1.069084888367E-2);
#1009=CIRCLE('',#1008,5.106908488837E-1);
#1074=CIRCLE('',#1073,1.069084888367E-2);
#1091=CIRCLE('',#1090,5.106908488837E-1);
#1120=CIRCLE('',#1119,5.106908488837E-1);
#1137=CIRCLE('',#1136,1.069084888367E-2);
#1190=CIRCLE('',#1189,1.069084888367E-2);
#1207=CIRCLE('',#1206,5.106908488837E-1);
#1236=CIRCLE('',#1235,5.106908488837E-1);
#1253=CIRCLE('',#1252,1.069084888367E-2);
#1306=CIRCLE('',#1305,1.069084888367E-2);
#1323=CIRCLE('',#1322,5.106908488837E-1);
#1352=CIRCLE('',#1351,5.106908488837E-1);
#1369=CIRCLE('',#1368,1.069084888367E-2);
#1422=CIRCLE('',#1421,1.069084888367E-2);
#1439=CIRCLE('',#1438,5.106908488837E-1);
#1468=CIRCLE('',#1467,5.106908488837E-1);
#1485=CIRCLE('',#1484,1.069084888367E-2);
#1538=CIRCLE('',#1537,1.069084888367E-2);
#1555=CIRCLE('',#1554,5.106908488837E-1);
#1584=CIRCLE('',#1583,5.106908488837E-1);
#1601=CIRCLE('',#1600,1.069084888367E-2);
#1654=CIRCLE('',#1653,1.069084888367E-2);
#1671=CIRCLE('',#1670,5.106908488837E-1);
#1700=CIRCLE('',#1699,5.106908488837E-1);
#1717=CIRCLE('',#1716,1.069084888367E-2);
#2423=EDGE_CURVE('',#2392,#2393,#5,.T.);
#2425=EDGE_CURVE('',#2381,#2392,#449,.T.);
#2427=EDGE_CURVE('',#2380,#2381,#9,.T.);
#2429=EDGE_CURVE('',#1825,#2380,#13,.T.);
#2431=EDGE_CURVE('',#1824,#1825,#17,.T.);
#2433=EDGE_CURVE('',#2385,#1824,#21,.T.);
#2435=EDGE_CURVE('',#2384,#2385,#25,.T.);
#2437=EDGE_CURVE('',#2393,#2384,#105,.T.);
#2441=ADVANCED_FACE('',(#2440),#2422,.T.);
#2447=EDGE_CURVE('',#2404,#2405,#29,.T.);
#2449=EDGE_CURVE('',#2355,#2404,#33,.T.);
#2451=EDGE_CURVE('',#2372,#2355,#37,.T.);
#2453=EDGE_CURVE('',#2372,#2373,#41,.T.);
#2455=EDGE_CURVE('',#2400,#2373,#433,.T.);
#2457=EDGE_CURVE('',#2405,#2400,#45,.T.);
#2461=ADVANCED_FACE('',(#2460),#2446,.T.);
#2467=EDGE_CURVE('',#2408,#2409,#49,.T.);
#2469=EDGE_CURVE('',#2397,#2409,#53,.T.);
#2471=EDGE_CURVE('',#2376,#2397,#121,.T.);
#2473=EDGE_CURVE('',#2376,#2377,#57,.T.);
#2475=EDGE_CURVE('',#2357,#2377,#61,.T.);
#2477=EDGE_CURVE('',#2408,#2357,#65,.T.);
#2481=ADVANCED_FACE('',(#2480),#2466,.T.);
#2487=EDGE_CURVE('',#2388,#2389,#77,.T.);
#2489=EDGE_CURVE('',#2388,#2392,#69,.T.);
#2492=EDGE_CURVE('',#2393,#2389,#73,.T.);
#2496=ADVANCED_FACE('',(#2495),#2486,.T.);
#2503=EDGE_CURVE('',#1837,#2389,#101,.T.);
#2505=EDGE_CURVE('',#1833,#1837,#81,.T.);
#2507=EDGE_CURVE('',#2388,#1833,#453,.T.);
#2511=ADVANCED_FACE('',(#2510),#2501,.F.);
#2517=EDGE_CURVE('',#2396,#1921,#85,.T.);
#2519=EDGE_CURVE('',#1920,#1921,#1753,.T.);
#2521=EDGE_CURVE('',#2417,#1920,#357,.T.);
#2523=EDGE_CURVE('',#2417,#1841,#89,.T.);
#2525=EDGE_CURVE('',#1841,#1836,#93,.T.);
#2527=EDGE_CURVE('',#1836,#1837,#97,.T.);
#2532=EDGE_CURVE('',#2384,#1896,#109,.T.);
#2534=EDGE_CURVE('',#1888,#1896,#113,.T.);
#2536=EDGE_CURVE('',#2376,#1888,#117,.T.);
#2539=EDGE_CURVE('',#2396,#2397,#481,.T.);
#2543=ADVANCED_FACE('',(#2542),#2516,.F.);
#2549=EDGE_CURVE('',#1909,#1913,#125,.T.);
#2551=EDGE_CURVE('',#1909,#1901,#177,.T.);
#2553=EDGE_CURVE('',#1901,#2411,#129,.T.);
#2555=EDGE_CURVE('',#2411,#2401,#133,.T.);
#2557=EDGE_CURVE('',#2401,#1917,#137,.T.);
#2559=EDGE_CURVE('',#1917,#1913,#141,.T.);
#2563=ADVANCED_FACE('',(#2562),#2548,.F.);
#2569=EDGE_CURVE('',#1921,#1925,#145,.T.);
#2572=EDGE_CURVE('',#2396,#2413,#149,.T.);
#2574=EDGE_CURVE('',#1905,#2413,#153,.T.);
#2576=EDGE_CURVE('',#1905,#1929,#169,.T.);
#2578=EDGE_CURVE('',#1929,#1925,#157,.T.);
#2582=ADVANCED_FACE('',(#2581),#2568,.F.);
#2588=EDGE_CURVE('',#1908,#1909,#161,.T.);
#2591=EDGE_CURVE('',#1912,#1913,#465,.T.);
#2593=EDGE_CURVE('',#1908,#1912,#345,.T.);
#2597=ADVANCED_FACE('',(#2596),#2587,.F.);
#2604=EDGE_CURVE('',#1928,#2417,#369,.T.);
#2606=EDGE_CURVE('',#1928,#1929,#165,.T.);
#2609=EDGE_CURVE('',#1904,#1905,#485,.T.);
#2611=EDGE_CURVE('',#1900,#1904,#325,.T.);
#2613=EDGE_CURVE('',#1900,#1901,#173,.T.);
#2617=EDGE_CURVE('',#2415,#1908,#341,.T.);
#2619=EDGE_CURVE('',#1839,#2415,#425,.T.);
#2621=EDGE_CURVE('',#1839,#1841,#181,.T.);
#2625=EDGE_CURVE('',#1939,#1941,#185,.T.);
#2627=EDGE_CURVE('',#1941,#1943,#189,.T.);
#2629=EDGE_CURVE('',#1943,#1945,#193,.T.);
#2631=EDGE_CURVE('',#1945,#1939,#197,.T.);
#2635=EDGE_CURVE('',#2003,#2005,#201,.T.);
#2637=EDGE_CURVE('',#2009,#2003,#205,.T.);
#2639=EDGE_CURVE('',#2007,#2009,#209,.T.);
#2641=EDGE_CURVE('',#2005,#2007,#213,.T.);
#2645=EDGE_CURVE('',#2091,#2093,#217,.T.);
#2647=EDGE_CURVE('',#2099,#2091,#221,.T.);
#2649=EDGE_CURVE('',#2099,#2101,#225,.T.);
#2651=EDGE_CURVE('',#2101,#2093,#229,.T.);
#2655=EDGE_CURVE('',#2139,#2141,#233,.T.);
#2657=EDGE_CURVE('',#2147,#2139,#237,.T.);
#2659=EDGE_CURVE('',#2147,#2149,#241,.T.);
#2661=EDGE_CURVE('',#2149,#2141,#245,.T.);
#2665=EDGE_CURVE('',#2187,#2189,#249,.T.);
#2667=EDGE_CURVE('',#2195,#2187,#253,.T.);
#2669=EDGE_CURVE('',#2195,#2197,#257,.T.);
#2671=EDGE_CURVE('',#2197,#2189,#261,.T.);
#2675=EDGE_CURVE('',#2235,#2237,#265,.T.);
#2677=EDGE_CURVE('',#2243,#2235,#269,.T.);
#2679=EDGE_CURVE('',#2243,#2245,#273,.T.);
#2681=EDGE_CURVE('',#2245,#2237,#277,.T.);
#2685=EDGE_CURVE('',#2283,#2285,#281,.T.);
#2687=EDGE_CURVE('',#2291,#2283,#285,.T.);
#2689=EDGE_CURVE('',#2291,#2293,#289,.T.);
#2691=EDGE_CURVE('',#2293,#2285,#293,.T.);
#2695=EDGE_CURVE('',#2331,#2333,#297,.T.);
#2697=EDGE_CURVE('',#2339,#2331,#301,.T.);
#2699=EDGE_CURVE('',#2339,#2341,#305,.T.);
#2701=EDGE_CURVE('',#2341,#2333,#309,.T.);
#2705=ADVANCED_FACE('',(#2624,#2634,#2644,#2654,#2664,#2674,#2684,#2694,#2704),
#2602,.T.);
#2711=EDGE_CURVE('',#2347,#2351,#313,.T.);
#2713=EDGE_CURVE('',#2351,#1829,#513,.T.);
#2715=EDGE_CURVE('',#1828,#1829,#569,.T.);
#2717=EDGE_CURVE('',#2347,#1828,#317,.T.);
#2721=ADVANCED_FACE('',(#2720),#2710,.T.);
#2727=EDGE_CURVE('',#2404,#1900,#321,.T.);
#2730=EDGE_CURVE('',#2408,#1904,#329,.T.);
#2733=EDGE_CURVE('',#2357,#2353,#529,.T.);
#2735=EDGE_CURVE('',#2349,#2353,#333,.T.);
#2737=EDGE_CURVE('',#2355,#2349,#337,.T.);
#2744=EDGE_CURVE('',#1912,#1916,#349,.T.);
#2746=EDGE_CURVE('',#1916,#2415,#353,.T.);
#2751=EDGE_CURVE('',#1920,#1924,#361,.T.);
#2753=EDGE_CURVE('',#1924,#1928,#365,.T.);
#2758=ADVANCED_FACE('',(#2741,#2749,#2757),#2726,.T.);
#2764=EDGE_CURVE('',#1844,#1845,#373,.T.);
#2766=EDGE_CURVE('',#2351,#1845,#517,.T.);
#2769=EDGE_CURVE('',#2347,#1844,#389,.T.);
#2773=ADVANCED_FACE('',(#2772),#2763,.F.);
#2780=EDGE_CURVE('',#1844,#1848,#385,.T.);
#2782=EDGE_CURVE('',#1848,#1849,#1749,.T.);
#2784=EDGE_CURVE('',#1845,#1849,#521,.T.);
#2788=ADVANCED_FACE('',(#2787),#2778,.F.);
#2794=EDGE_CURVE('',#2372,#1884,#377,.T.);
#2798=EDGE_CURVE('',#2349,#1848,#381,.T.);
#2803=EDGE_CURVE('',#1868,#1828,#565,.T.);
#2805=EDGE_CURVE('',#1868,#1869,#393,.T.);
#2807=EDGE_CURVE('',#1869,#1871,#397,.T.);
#2809=EDGE_CURVE('',#1825,#1871,#533,.T.);
#2812=EDGE_CURVE('',#2380,#1892,#401,.T.);
#2814=EDGE_CURVE('',#1884,#1892,#405,.T.);
#2818=ADVANCED_FACE('',(#2817),#2793,.T.);
#2824=EDGE_CURVE('',#1884,#1885,#409,.T.);
#2826=EDGE_CURVE('',#2373,#1885,#437,.T.);
#2832=ADVANCED_FACE('',(#2831),#2823,.F.);
#2838=EDGE_CURVE('',#1888,#1889,#413,.T.);
#2840=EDGE_CURVE('',#2377,#1889,#493,.T.);
#2846=ADVANCED_FACE('',(#2845),#2837,.F.);
#2854=EDGE_CURVE('',#1892,#1893,#417,.T.);
#2856=EDGE_CURVE('',#1885,#1893,#441,.T.);
#2860=ADVANCED_FACE('',(#2859),#2851,.F.);
#2868=EDGE_CURVE('',#1896,#1897,#421,.T.);
#2870=EDGE_CURVE('',#1889,#1897,#497,.T.);
#2874=ADVANCED_FACE('',(#2873),#2865,.F.);
#2883=EDGE_CURVE('',#2381,#1893,#445,.T.);
#2887=ADVANCED_FACE('',(#2886),#2879,.F.);
#2896=EDGE_CURVE('',#2385,#1897,#501,.T.);
#2900=ADVANCED_FACE('',(#2899),#2892,.F.);
#2908=EDGE_CURVE('',#1916,#1917,#429,.T.);
#2911=EDGE_CURVE('',#2400,#2401,#473,.T.);
#2920=EDGE_CURVE('',#1832,#1833,#457,.T.);
#2922=EDGE_CURVE('',#1839,#1832,#461,.T.);
#2926=ADVANCED_FACE('',(#2925),#2905,.F.);
#2938=ADVANCED_FACE('',(#2937),#2931,.F.);
#2944=EDGE_CURVE('',#2405,#2411,#469,.T.);
#2951=ADVANCED_FACE('',(#2950),#2943,.T.);
#2957=EDGE_CURVE('',#2409,#2413,#477,.T.);
#2964=ADVANCED_FACE('',(#2963),#2956,.T.);
#2977=ADVANCED_FACE('',(#2976),#2969,.F.);
#2990=ADVANCED_FACE('',(#2989),#2982,.F.);
#2999=EDGE_CURVE('',#1832,#1836,#489,.T.);
#3003=ADVANCED_FACE('',(#3002),#2995,.F.);
#3015=ADVANCED_FACE('',(#3014),#3008,.F.);
#3025=EDGE_CURVE('',#1855,#1824,#549,.T.);
#3027=EDGE_CURVE('',#1853,#1855,#505,.T.);
#3029=EDGE_CURVE('',#1852,#1853,#509,.T.);
#3031=EDGE_CURVE('',#1829,#1852,#573,.T.);
#3036=EDGE_CURVE('',#2353,#1849,#525,.T.);
#3042=ADVANCED_FACE('',(#3041),#3020,.T.);
#3049=EDGE_CURVE('',#1871,#1877,#537,.T.);
#3051=EDGE_CURVE('',#1877,#1881,#593,.T.);
#3053=EDGE_CURVE('',#1865,#1881,#541,.T.);
#3055=EDGE_CURVE('',#1861,#1865,#757,.T.);
#3057=EDGE_CURVE('',#1855,#1861,#545,.T.);
#3063=ADVANCED_FACE('',(#3062),#3047,.T.);
#3070=EDGE_CURVE('',#1869,#1875,#553,.T.);
#3072=EDGE_CURVE('',#1875,#1877,#597,.T.);
#3077=ADVANCED_FACE('',(#3076),#3068,.F.);
#3084=EDGE_CURVE('',#1868,#1874,#557,.T.);
#3086=EDGE_CURVE('',#1874,#1875,#601,.T.);
#3091=ADVANCED_FACE('',(#3090),#3082,.F.);
#3097=EDGE_CURVE('',#1879,#1863,#561,.T.);
#3099=EDGE_CURVE('',#1879,#1874,#589,.T.);
#3105=EDGE_CURVE('',#1852,#1858,#761,.T.);
#3107=EDGE_CURVE('',#1863,#1858,#745,.T.);
#3111=ADVANCED_FACE('',(#3110),#3096,.F.);
#3117=EDGE_CURVE('',#2369,#1879,#577,.T.);
#3120=EDGE_CURVE('',#2363,#1863,#581,.T.);
#3122=EDGE_CURVE('',#2369,#2363,#585,.T.);
#3126=ADVANCED_FACE('',(#3125),#3116,.F.);
#3134=EDGE_CURVE('',#2367,#2369,#605,.T.);
#3136=EDGE_CURVE('',#2365,#2367,#777,.T.);
#3138=EDGE_CURVE('',#1881,#2365,#769,.T.);
#3145=ADVANCED_FACE('',(#3144),#3131,.T.);
#3153=EDGE_CURVE('',#2361,#2363,#609,.T.);
#3155=EDGE_CURVE('',#2367,#2361,#613,.T.);
#3159=EDGE_CURVE('',#1991,#1977,#617,.T.);
#3161=EDGE_CURVE('',#1981,#1977,#621,.T.);
#3163=EDGE_CURVE('',#1993,#1981,#625,.T.);
#3165=EDGE_CURVE('',#1993,#1991,#629,.T.);
#3169=EDGE_CURVE('',#2055,#2040,#633,.T.);
#3171=EDGE_CURVE('',#2057,#2055,#637,.T.);
#3173=EDGE_CURVE('',#2057,#2044,#641,.T.);
#3175=EDGE_CURVE('',#2044,#2040,#645,.T.);
#3179=EDGE_CURVE('',#2097,#2095,#649,.T.);
#3181=EDGE_CURVE('',#2103,#2095,#653,.T.);
#3183=EDGE_CURVE('',#2105,#2103,#657,.T.);
#3185=EDGE_CURVE('',#2105,#2097,#661,.T.);
#3189=EDGE_CURVE('',#2145,#2143,#665,.T.);
#3191=EDGE_CURVE('',#2151,#2143,#669,.T.);
#3193=EDGE_CURVE('',#2153,#2151,#673,.T.);
#3195=EDGE_CURVE('',#2153,#2145,#677,.T.);
#3199=EDGE_CURVE('',#2193,#2191,#681,.T.);
#3201=EDGE_CURVE('',#2199,#2191,#685,.T.);
#3203=EDGE_CURVE('',#2201,#2199,#689,.T.);
#3205=EDGE_CURVE('',#2201,#2193,#693,.T.);
#3209=EDGE_CURVE('',#2241,#2239,#697,.T.);
#3211=EDGE_CURVE('',#2247,#2239,#701,.T.);
#3213=EDGE_CURVE('',#2249,#2247,#705,.T.);
#3215=EDGE_CURVE('',#2249,#2241,#709,.T.);
#3219=EDGE_CURVE('',#2289,#2287,#713,.T.);
#3221=EDGE_CURVE('',#2295,#2287,#717,.T.);
#3223=EDGE_CURVE('',#2297,#2295,#721,.T.);
#3225=EDGE_CURVE('',#2297,#2289,#725,.T.);
#3229=EDGE_CURVE('',#2337,#2335,#729,.T.);
#3231=EDGE_CURVE('',#2343,#2335,#733,.T.);
#3233=EDGE_CURVE('',#2345,#2343,#737,.T.);
#3235=EDGE_CURVE('',#2345,#2337,#741,.T.);
#3239=ADVANCED_FACE('',(#3158,#3168,#3178,#3188,#3198,#3208,#3218,#3228,#3238),
#3150,.F.);
#3246=EDGE_CURVE('',#1858,#1859,#749,.T.);
#3248=EDGE_CURVE('',#1859,#1861,#753,.T.);
#3251=EDGE_CURVE('',#1865,#2359,#773,.T.);
#3253=EDGE_CURVE('',#2359,#2361,#781,.T.);
#3259=ADVANCED_FACE('',(#3258),#3244,.F.);
#3266=EDGE_CURVE('',#1853,#1859,#765,.T.);
#3272=ADVANCED_FACE('',(#3271),#3264,.T.);
#3284=ADVANCED_FACE('',(#3283),#3277,.T.);
#3291=EDGE_CURVE('',#2365,#2359,#785,.T.);
#3297=ADVANCED_FACE('',(#3296),#3289,.F.);
#3309=ADVANCED_FACE('',(#3308),#3302,.F.);
#3315=EDGE_CURVE('',#1976,#1977,#789,.T.);
#3318=EDGE_CURVE('',#1985,#1991,#793,.T.);
#3320=EDGE_CURVE('',#1983,#1985,#798,.T.);
#3322=EDGE_CURVE('',#1959,#1983,#802,.T.);
#3324=EDGE_CURVE('',#1959,#1957,#806,.T.);
#3326=EDGE_CURVE('',#1957,#1955,#810,.T.);
#3328=EDGE_CURVE('',#1955,#1953,#814,.T.);
#3330=EDGE_CURVE('',#1953,#1951,#818,.T.);
#3332=EDGE_CURVE('',#1951,#1948,#822,.T.);
#3334=EDGE_CURVE('',#1948,#1949,#826,.T.);
#3336=EDGE_CURVE('',#1976,#1949,#831,.T.);
#3340=ADVANCED_FACE('',(#3339),#3314,.T.);
#3347=EDGE_CURVE('',#1976,#1980,#835,.T.);
#3349=EDGE_CURVE('',#1980,#1981,#875,.T.);
#3354=ADVANCED_FACE('',(#3353),#3345,.T.);
#3361=EDGE_CURVE('',#1949,#1963,#839,.T.);
#3363=EDGE_CURVE('',#1980,#1963,#880,.T.);
#3368=ADVANCED_FACE('',(#3367),#3359,.T.);
#3375=EDGE_CURVE('',#1962,#1948,#843,.T.);
#3377=EDGE_CURVE('',#1962,#1963,#884,.T.);
#3382=ADVANCED_FACE('',(#3381),#3373,.T.);
#3389=EDGE_CURVE('',#1965,#1951,#847,.T.);
#3391=EDGE_CURVE('',#1965,#1962,#888,.T.);
#3396=ADVANCED_FACE('',(#3395),#3387,.T.);
#3403=EDGE_CURVE('',#1967,#1953,#851,.T.);
#3405=EDGE_CURVE('',#1967,#1965,#892,.T.);
#3410=ADVANCED_FACE('',(#3409),#3401,.T.);
#3417=EDGE_CURVE('',#1969,#1955,#855,.T.);
#3419=EDGE_CURVE('',#1969,#1967,#896,.T.);
#3424=ADVANCED_FACE('',(#3423),#3415,.T.);
#3431=EDGE_CURVE('',#1971,#1957,#859,.T.);
#3433=EDGE_CURVE('',#1971,#1969,#900,.T.);
#3438=ADVANCED_FACE('',(#3437),#3429,.T.);
#3445=EDGE_CURVE('',#1959,#1973,#863,.T.);
#3447=EDGE_CURVE('',#1973,#1971,#904,.T.);
#3452=ADVANCED_FACE('',(#3451),#3443,.T.);
#3459=EDGE_CURVE('',#1983,#1987,#867,.T.);
#3461=EDGE_CURVE('',#1973,#1987,#908,.T.);
#3466=ADVANCED_FACE('',(#3465),#3457,.T.);
#3473=EDGE_CURVE('',#1985,#1989,#871,.T.);
#3475=EDGE_CURVE('',#1987,#1989,#913,.T.);
#3480=ADVANCED_FACE('',(#3479),#3471,.F.);
#3488=EDGE_CURVE('',#1989,#1993,#917,.T.);
#3493=ADVANCED_FACE('',(#3492),#3485,.T.);
#3513=ADVANCED_FACE('',(#3512),#3498,.T.);
#3519=EDGE_CURVE('',#2040,#2041,#921,.T.);
#3521=EDGE_CURVE('',#2041,#2012,#926,.T.);
#3523=EDGE_CURVE('',#2012,#2013,#930,.T.);
#3525=EDGE_CURVE('',#2013,#2015,#934,.T.);
#3527=EDGE_CURVE('',#2015,#2017,#938,.T.);
#3529=EDGE_CURVE('',#2017,#2019,#942,.T.);
#3531=EDGE_CURVE('',#2019,#2021,#946,.T.);
#3533=EDGE_CURVE('',#2021,#2023,#950,.T.);
#3535=EDGE_CURVE('',#2023,#2047,#954,.T.);
#3537=EDGE_CURVE('',#2047,#2049,#959,.T.);
#3539=EDGE_CURVE('',#2049,#2055,#963,.T.);
#3544=ADVANCED_FACE('',(#3543),#3518,.F.);
#3552=EDGE_CURVE('',#2044,#2045,#967,.T.);
#3554=EDGE_CURVE('',#2041,#2045,#1049,.T.);
#3558=ADVANCED_FACE('',(#3557),#3549,.F.);
#3566=EDGE_CURVE('',#2053,#2057,#971,.T.);
#3568=EDGE_CURVE('',#2051,#2053,#976,.T.);
#3570=EDGE_CURVE('',#2037,#2051,#980,.T.);
#3572=EDGE_CURVE('',#2035,#2037,#984,.T.);
#3574=EDGE_CURVE('',#2033,#2035,#988,.T.);
#3576=EDGE_CURVE('',#2031,#2033,#992,.T.);
#3578=EDGE_CURVE('',#2029,#2031,#996,.T.);
#3580=EDGE_CURVE('',#2027,#2029,#1000,.T.);
#3582=EDGE_CURVE('',#2026,#2027,#1004,.T.);
#3584=EDGE_CURVE('',#2045,#2026,#1009,.T.);
#3588=ADVANCED_FACE('',(#3587),#3563,.F.);
#3595=EDGE_CURVE('',#2049,#2053,#1013,.T.);
#3601=ADVANCED_FACE('',(#3600),#3593,.F.);
#3608=EDGE_CURVE('',#2047,#2051,#1017,.T.);
#3614=ADVANCED_FACE('',(#3613),#3606,.F.);
#3621=EDGE_CURVE('',#2023,#2037,#1021,.T.);
#3627=ADVANCED_FACE('',(#3626),#3619,.F.);
#3634=EDGE_CURVE('',#2021,#2035,#1025,.T.);
#3640=ADVANCED_FACE('',(#3639),#3632,.F.);
#3647=EDGE_CURVE('',#2019,#2033,#1029,.T.);
#3653=ADVANCED_FACE('',(#3652),#3645,.F.);
#3660=EDGE_CURVE('',#2017,#2031,#1033,.T.);
#3666=ADVANCED_FACE('',(#3665),#3658,.F.);
#3673=EDGE_CURVE('',#2015,#2029,#1037,.T.);
#3679=ADVANCED_FACE('',(#3678),#3671,.F.);
#3686=EDGE_CURVE('',#2013,#2027,#1041,.T.);
#3692=ADVANCED_FACE('',(#3691),#3684,.F.);
#3699=EDGE_CURVE('',#2012,#2026,#1045,.T.);
#3705=ADVANCED_FACE('',(#3704),#3697,.F.);
#3717=ADVANCED_FACE('',(#3716),#3710,.T.);
#3723=EDGE_CURVE('',#2091,#2060,#1053,.T.);
#3726=EDGE_CURVE('',#2061,#2093,#1057,.T.);
#3728=EDGE_CURVE('',#2060,#2061,#1061,.T.);
#3732=ADVANCED_FACE('',(#3731),#3722,.T.);
#3738=EDGE_CURVE('',#2095,#2064,#1065,.T.);
#3741=EDGE_CURVE('',#2073,#2097,#1069,.T.);
#3743=EDGE_CURVE('',#2071,#2073,#1074,.T.);
#3745=EDGE_CURVE('',#2069,#2071,#1078,.T.);
#3747=EDGE_CURVE('',#2067,#2069,#1082,.T.);
#3749=EDGE_CURVE('',#2065,#2067,#1086,.T.);
#3751=EDGE_CURVE('',#2064,#2065,#1091,.T.);
#3755=ADVANCED_FACE('',(#3754),#3737,.T.);
#3762=EDGE_CURVE('',#2060,#2076,#1095,.T.);
#3764=EDGE_CURVE('',#2099,#2076,#1103,.T.);
#3769=ADVANCED_FACE('',(#3768),#3760,.T.);
#3776=EDGE_CURVE('',#2061,#2077,#1099,.T.);
#3778=EDGE_CURVE('',#2076,#2077,#1107,.T.);
#3783=ADVANCED_FACE('',(#3782),#3774,.T.);
#3791=EDGE_CURVE('',#2077,#2101,#1111,.T.);
#3796=ADVANCED_FACE('',(#3795),#3788,.T.);
#3808=ADVANCED_FACE('',(#3807),#3801,.F.);
#3814=EDGE_CURVE('',#2103,#2080,#1115,.T.);
#3816=EDGE_CURVE('',#2080,#2081,#1120,.T.);
#3818=EDGE_CURVE('',#2081,#2083,#1124,.T.);
#3820=EDGE_CURVE('',#2083,#2085,#1128,.T.);
#3822=EDGE_CURVE('',#2085,#2087,#1132,.T.);
#3824=EDGE_CURVE('',#2087,#2089,#1137,.T.);
#3826=EDGE_CURVE('',#2089,#2105,#1141,.T.);
#3831=ADVANCED_FACE('',(#3830),#3813,.F.);
#3838=EDGE_CURVE('',#2064,#2080,#1145,.T.);
#3844=ADVANCED_FACE('',(#3843),#3836,.T.);
#3851=EDGE_CURVE('',#2065,#2081,#1149,.T.);
#3857=ADVANCED_FACE('',(#3856),#3849,.T.);
#3864=EDGE_CURVE('',#2067,#2083,#1153,.T.);
#3870=ADVANCED_FACE('',(#3869),#3862,.T.);
#3877=EDGE_CURVE('',#2069,#2085,#1157,.T.);
#3883=ADVANCED_FACE('',(#3882),#3875,.T.);
#3890=EDGE_CURVE('',#2071,#2087,#1161,.T.);
#3896=ADVANCED_FACE('',(#3895),#3888,.T.);
#3903=EDGE_CURVE('',#2073,#2089,#1165,.T.);
#3909=ADVANCED_FACE('',(#3908),#3901,.F.);
#3921=ADVANCED_FACE('',(#3920),#3914,.T.);
#3927=EDGE_CURVE('',#2139,#2108,#1169,.T.);
#3930=EDGE_CURVE('',#2109,#2141,#1173,.T.);
#3932=EDGE_CURVE('',#2108,#2109,#1177,.T.);
#3936=ADVANCED_FACE('',(#3935),#3926,.T.);
#3942=EDGE_CURVE('',#2143,#2112,#1181,.T.);
#3945=EDGE_CURVE('',#2121,#2145,#1185,.T.);
#3947=EDGE_CURVE('',#2119,#2121,#1190,.T.);
#3949=EDGE_CURVE('',#2117,#2119,#1194,.T.);
#3951=EDGE_CURVE('',#2115,#2117,#1198,.T.);
#3953=EDGE_CURVE('',#2113,#2115,#1202,.T.);
#3955=EDGE_CURVE('',#2112,#2113,#1207,.T.);
#3959=ADVANCED_FACE('',(#3958),#3941,.T.);
#3966=EDGE_CURVE('',#2108,#2124,#1211,.T.);
#3968=EDGE_CURVE('',#2147,#2124,#1219,.T.);
#3973=ADVANCED_FACE('',(#3972),#3964,.T.);
#3980=EDGE_CURVE('',#2109,#2125,#1215,.T.);
#3982=EDGE_CURVE('',#2124,#2125,#1223,.T.);
#3987=ADVANCED_FACE('',(#3986),#3978,.T.);
#3995=EDGE_CURVE('',#2125,#2149,#1227,.T.);
#4000=ADVANCED_FACE('',(#3999),#3992,.T.);
#4012=ADVANCED_FACE('',(#4011),#4005,.F.);
#4018=EDGE_CURVE('',#2151,#2128,#1231,.T.);
#4020=EDGE_CURVE('',#2128,#2129,#1236,.T.);
#4022=EDGE_CURVE('',#2129,#2131,#1240,.T.);
#4024=EDGE_CURVE('',#2131,#2133,#1244,.T.);
#4026=EDGE_CURVE('',#2133,#2135,#1248,.T.);
#4028=EDGE_CURVE('',#2135,#2137,#1253,.T.);
#4030=EDGE_CURVE('',#2137,#2153,#1257,.T.);
#4035=ADVANCED_FACE('',(#4034),#4017,.F.);
#4042=EDGE_CURVE('',#2112,#2128,#1261,.T.);
#4048=ADVANCED_FACE('',(#4047),#4040,.T.);
#4055=EDGE_CURVE('',#2113,#2129,#1265,.T.);
#4061=ADVANCED_FACE('',(#4060),#4053,.T.);
#4068=EDGE_CURVE('',#2115,#2131,#1269,.T.);
#4074=ADVANCED_FACE('',(#4073),#4066,.T.);
#4081=EDGE_CURVE('',#2117,#2133,#1273,.T.);
#4087=ADVANCED_FACE('',(#4086),#4079,.T.);
#4094=EDGE_CURVE('',#2119,#2135,#1277,.T.);
#4100=ADVANCED_FACE('',(#4099),#4092,.T.);
#4107=EDGE_CURVE('',#2121,#2137,#1281,.T.);
#4113=ADVANCED_FACE('',(#4112),#4105,.F.);
#4125=ADVANCED_FACE('',(#4124),#4118,.T.);
#4131=EDGE_CURVE('',#2187,#2156,#1285,.T.);
#4134=EDGE_CURVE('',#2157,#2189,#1289,.T.);
#4136=EDGE_CURVE('',#2156,#2157,#1293,.T.);
#4140=ADVANCED_FACE('',(#4139),#4130,.T.);
#4146=EDGE_CURVE('',#2191,#2160,#1297,.T.);
#4149=EDGE_CURVE('',#2169,#2193,#1301,.T.);
#4151=EDGE_CURVE('',#2167,#2169,#1306,.T.);
#4153=EDGE_CURVE('',#2165,#2167,#1310,.T.);
#4155=EDGE_CURVE('',#2163,#2165,#1314,.T.);
#4157=EDGE_CURVE('',#2161,#2163,#1318,.T.);
#4159=EDGE_CURVE('',#2160,#2161,#1323,.T.);
#4163=ADVANCED_FACE('',(#4162),#4145,.T.);
#4170=EDGE_CURVE('',#2156,#2172,#1327,.T.);
#4172=EDGE_CURVE('',#2195,#2172,#1335,.T.);
#4177=ADVANCED_FACE('',(#4176),#4168,.T.);
#4184=EDGE_CURVE('',#2157,#2173,#1331,.T.);
#4186=EDGE_CURVE('',#2172,#2173,#1339,.T.);
#4191=ADVANCED_FACE('',(#4190),#4182,.T.);
#4199=EDGE_CURVE('',#2173,#2197,#1343,.T.);
#4204=ADVANCED_FACE('',(#4203),#4196,.T.);
#4216=ADVANCED_FACE('',(#4215),#4209,.F.);
#4222=EDGE_CURVE('',#2199,#2176,#1347,.T.);
#4224=EDGE_CURVE('',#2176,#2177,#1352,.T.);
#4226=EDGE_CURVE('',#2177,#2179,#1356,.T.);
#4228=EDGE_CURVE('',#2179,#2181,#1360,.T.);
#4230=EDGE_CURVE('',#2181,#2183,#1364,.T.);
#4232=EDGE_CURVE('',#2183,#2185,#1369,.T.);
#4234=EDGE_CURVE('',#2185,#2201,#1373,.T.);
#4239=ADVANCED_FACE('',(#4238),#4221,.F.);
#4246=EDGE_CURVE('',#2160,#2176,#1377,.T.);
#4252=ADVANCED_FACE('',(#4251),#4244,.T.);
#4259=EDGE_CURVE('',#2161,#2177,#1381,.T.);
#4265=ADVANCED_FACE('',(#4264),#4257,.T.);
#4272=EDGE_CURVE('',#2163,#2179,#1385,.T.);
#4278=ADVANCED_FACE('',(#4277),#4270,.T.);
#4285=EDGE_CURVE('',#2165,#2181,#1389,.T.);
#4291=ADVANCED_FACE('',(#4290),#4283,.T.);
#4298=EDGE_CURVE('',#2167,#2183,#1393,.T.);
#4304=ADVANCED_FACE('',(#4303),#4296,.T.);
#4311=EDGE_CURVE('',#2169,#2185,#1397,.T.);
#4317=ADVANCED_FACE('',(#4316),#4309,.F.);
#4329=ADVANCED_FACE('',(#4328),#4322,.T.);
#4335=EDGE_CURVE('',#2235,#2204,#1401,.T.);
#4338=EDGE_CURVE('',#2205,#2237,#1405,.T.);
#4340=EDGE_CURVE('',#2204,#2205,#1409,.T.);
#4344=ADVANCED_FACE('',(#4343),#4334,.T.);
#4350=EDGE_CURVE('',#2239,#2208,#1413,.T.);
#4353=EDGE_CURVE('',#2217,#2241,#1417,.T.);
#4355=EDGE_CURVE('',#2215,#2217,#1422,.T.);
#4357=EDGE_CURVE('',#2213,#2215,#1426,.T.);
#4359=EDGE_CURVE('',#2211,#2213,#1430,.T.);
#4361=EDGE_CURVE('',#2209,#2211,#1434,.T.);
#4363=EDGE_CURVE('',#2208,#2209,#1439,.T.);
#4367=ADVANCED_FACE('',(#4366),#4349,.T.);
#4374=EDGE_CURVE('',#2204,#2220,#1443,.T.);
#4376=EDGE_CURVE('',#2243,#2220,#1451,.T.);
#4381=ADVANCED_FACE('',(#4380),#4372,.T.);
#4388=EDGE_CURVE('',#2205,#2221,#1447,.T.);
#4390=EDGE_CURVE('',#2220,#2221,#1455,.T.);
#4395=ADVANCED_FACE('',(#4394),#4386,.T.);
#4403=EDGE_CURVE('',#2221,#2245,#1459,.T.);
#4408=ADVANCED_FACE('',(#4407),#4400,.T.);
#4420=ADVANCED_FACE('',(#4419),#4413,.F.);
#4426=EDGE_CURVE('',#2247,#2224,#1463,.T.);
#4428=EDGE_CURVE('',#2224,#2225,#1468,.T.);
#4430=EDGE_CURVE('',#2225,#2227,#1472,.T.);
#4432=EDGE_CURVE('',#2227,#2229,#1476,.T.);
#4434=EDGE_CURVE('',#2229,#2231,#1480,.T.);
#4436=EDGE_CURVE('',#2231,#2233,#1485,.T.);
#4438=EDGE_CURVE('',#2233,#2249,#1489,.T.);
#4443=ADVANCED_FACE('',(#4442),#4425,.F.);
#4450=EDGE_CURVE('',#2208,#2224,#1493,.T.);
#4456=ADVANCED_FACE('',(#4455),#4448,.T.);
#4463=EDGE_CURVE('',#2209,#2225,#1497,.T.);
#4469=ADVANCED_FACE('',(#4468),#4461,.T.);
#4476=EDGE_CURVE('',#2211,#2227,#1501,.T.);
#4482=ADVANCED_FACE('',(#4481),#4474,.T.);
#4489=EDGE_CURVE('',#2213,#2229,#1505,.T.);
#4495=ADVANCED_FACE('',(#4494),#4487,.T.);
#4502=EDGE_CURVE('',#2215,#2231,#1509,.T.);
#4508=ADVANCED_FACE('',(#4507),#4500,.T.);
#4515=EDGE_CURVE('',#2217,#2233,#1513,.T.);
#4521=ADVANCED_FACE('',(#4520),#4513,.F.);
#4533=ADVANCED_FACE('',(#4532),#4526,.T.);
#4539=EDGE_CURVE('',#2283,#2252,#1517,.T.);
#4542=EDGE_CURVE('',#2253,#2285,#1521,.T.);
#4544=EDGE_CURVE('',#2252,#2253,#1525,.T.);
#4548=ADVANCED_FACE('',(#4547),#4538,.T.);
#4554=EDGE_CURVE('',#2287,#2256,#1529,.T.);
#4557=EDGE_CURVE('',#2265,#2289,#1533,.T.);
#4559=EDGE_CURVE('',#2263,#2265,#1538,.T.);
#4561=EDGE_CURVE('',#2261,#2263,#1542,.T.);
#4563=EDGE_CURVE('',#2259,#2261,#1546,.T.);
#4565=EDGE_CURVE('',#2257,#2259,#1550,.T.);
#4567=EDGE_CURVE('',#2256,#2257,#1555,.T.);
#4571=ADVANCED_FACE('',(#4570),#4553,.T.);
#4578=EDGE_CURVE('',#2252,#2268,#1559,.T.);
#4580=EDGE_CURVE('',#2291,#2268,#1567,.T.);
#4585=ADVANCED_FACE('',(#4584),#4576,.T.);
#4592=EDGE_CURVE('',#2253,#2269,#1563,.T.);
#4594=EDGE_CURVE('',#2268,#2269,#1571,.T.);
#4599=ADVANCED_FACE('',(#4598),#4590,.T.);
#4607=EDGE_CURVE('',#2269,#2293,#1575,.T.);
#4612=ADVANCED_FACE('',(#4611),#4604,.T.);
#4624=ADVANCED_FACE('',(#4623),#4617,.F.);
#4630=EDGE_CURVE('',#2295,#2272,#1579,.T.);
#4632=EDGE_CURVE('',#2272,#2273,#1584,.T.);
#4634=EDGE_CURVE('',#2273,#2275,#1588,.T.);
#4636=EDGE_CURVE('',#2275,#2277,#1592,.T.);
#4638=EDGE_CURVE('',#2277,#2279,#1596,.T.);
#4640=EDGE_CURVE('',#2279,#2281,#1601,.T.);
#4642=EDGE_CURVE('',#2281,#2297,#1605,.T.);
#4647=ADVANCED_FACE('',(#4646),#4629,.F.);
#4654=EDGE_CURVE('',#2256,#2272,#1609,.T.);
#4660=ADVANCED_FACE('',(#4659),#4652,.T.);
#4667=EDGE_CURVE('',#2257,#2273,#1613,.T.);
#4673=ADVANCED_FACE('',(#4672),#4665,.T.);
#4680=EDGE_CURVE('',#2259,#2275,#1617,.T.);
#4686=ADVANCED_FACE('',(#4685),#4678,.T.);
#4693=EDGE_CURVE('',#2261,#2277,#1621,.T.);
#4699=ADVANCED_FACE('',(#4698),#4691,.T.);
#4706=EDGE_CURVE('',#2263,#2279,#1625,.T.);
#4712=ADVANCED_FACE('',(#4711),#4704,.T.);
#4719=EDGE_CURVE('',#2265,#2281,#1629,.T.);
#4725=ADVANCED_FACE('',(#4724),#4717,.F.);
#4737=ADVANCED_FACE('',(#4736),#4730,.T.);
#4743=EDGE_CURVE('',#2331,#2300,#1633,.T.);
#4746=EDGE_CURVE('',#2301,#2333,#1637,.T.);
#4748=EDGE_CURVE('',#2300,#2301,#1641,.T.);
#4752=ADVANCED_FACE('',(#4751),#4742,.T.);
#4758=EDGE_CURVE('',#2335,#2304,#1645,.T.);
#4761=EDGE_CURVE('',#2313,#2337,#1649,.T.);
#4763=EDGE_CURVE('',#2311,#2313,#1654,.T.);
#4765=EDGE_CURVE('',#2309,#2311,#1658,.T.);
#4767=EDGE_CURVE('',#2307,#2309,#1662,.T.);
#4769=EDGE_CURVE('',#2305,#2307,#1666,.T.);
#4771=EDGE_CURVE('',#2304,#2305,#1671,.T.);
#4775=ADVANCED_FACE('',(#4774),#4757,.T.);
#4782=EDGE_CURVE('',#2300,#2316,#1675,.T.);
#4784=EDGE_CURVE('',#2339,#2316,#1683,.T.);
#4789=ADVANCED_FACE('',(#4788),#4780,.T.);
#4796=EDGE_CURVE('',#2301,#2317,#1679,.T.);
#4798=EDGE_CURVE('',#2316,#2317,#1687,.T.);
#4803=ADVANCED_FACE('',(#4802),#4794,.T.);
#4811=EDGE_CURVE('',#2317,#2341,#1691,.T.);
#4816=ADVANCED_FACE('',(#4815),#4808,.T.);
#4828=ADVANCED_FACE('',(#4827),#4821,.F.);
#4834=EDGE_CURVE('',#2343,#2320,#1695,.T.);
#4836=EDGE_CURVE('',#2320,#2321,#1700,.T.);
#4838=EDGE_CURVE('',#2321,#2323,#1704,.T.);
#4840=EDGE_CURVE('',#2323,#2325,#1708,.T.);
#4842=EDGE_CURVE('',#2325,#2327,#1712,.T.);
#4844=EDGE_CURVE('',#2327,#2329,#1717,.T.);
#4846=EDGE_CURVE('',#2329,#2345,#1721,.T.);
#4851=ADVANCED_FACE('',(#4850),#4833,.F.);
#4858=EDGE_CURVE('',#2304,#2320,#1725,.T.);
#4864=ADVANCED_FACE('',(#4863),#4856,.T.);
#4871=EDGE_CURVE('',#2305,#2321,#1729,.T.);
#4877=ADVANCED_FACE('',(#4876),#4869,.T.);
#4884=EDGE_CURVE('',#2307,#2323,#1733,.T.);
#4890=ADVANCED_FACE('',(#4889),#4882,.T.);
#4897=EDGE_CURVE('',#2309,#2325,#1737,.T.);
#4903=ADVANCED_FACE('',(#4902),#4895,.T.);
#4910=EDGE_CURVE('',#2311,#2327,#1741,.T.);
#4916=ADVANCED_FACE('',(#4915),#4908,.T.);
#4923=EDGE_CURVE('',#2313,#2329,#1745,.T.);
#4929=ADVANCED_FACE('',(#4928),#4921,.F.);
#4941=ADVANCED_FACE('',(#4940),#4934,.T.);
#4953=ADVANCED_FACE('',(#4952),#4946,.F.);
#4961=EDGE_CURVE('',#1924,#1925,#1757,.T.);
#4966=ADVANCED_FACE('',(#4965),#4958,.F.);
#4978=ADVANCED_FACE('',(#4977),#4971,.F.);
#4984=EDGE_CURVE('',#1939,#1932,#1761,.T.);
#4986=EDGE_CURVE('',#1932,#1933,#1777,.T.);
#4988=EDGE_CURVE('',#1941,#1933,#1773,.T.);
#4993=ADVANCED_FACE('',(#4992),#4983,.T.);
#5001=EDGE_CURVE('',#1945,#1937,#1765,.T.);
#5003=EDGE_CURVE('',#1937,#1932,#1781,.T.);
#5007=ADVANCED_FACE('',(#5006),#4998,.T.);
#5013=EDGE_CURVE('',#1943,#1935,#1769,.T.);
#5015=EDGE_CURVE('',#1935,#1937,#1785,.T.);
#5021=ADVANCED_FACE('',(#5020),#5012,.T.);
#5028=EDGE_CURVE('',#1933,#1935,#1789,.T.);
#5034=ADVANCED_FACE('',(#5033),#5026,.T.);
#5046=ADVANCED_FACE('',(#5045),#5039,.T.);
#5052=EDGE_CURVE('',#2003,#1996,#1793,.T.);
#5055=EDGE_CURVE('',#2005,#1997,#1817,.T.);
#5057=EDGE_CURVE('',#1996,#1997,#1801,.T.);
#5061=ADVANCED_FACE('',(#5060),#5051,.F.);
#5068=EDGE_CURVE('',#2001,#1996,#1813,.T.);
#5070=EDGE_CURVE('',#2009,#2001,#1797,.T.);
#5075=ADVANCED_FACE('',(#5074),#5066,.F.);
#5082=EDGE_CURVE('',#1997,#1999,#1805,.T.);
#5084=EDGE_CURVE('',#1999,#2001,#1809,.T.);
#5089=ADVANCED_FACE('',(#5088),#5080,.F.);
#5097=EDGE_CURVE('',#2007,#1999,#1821,.T.);
#5102=ADVANCED_FACE('',(#5101),#5094,.F.);
#5114=ADVANCED_FACE('',(#5113),#5107,.F.);
#5117=(LENGTH_UNIT()NAMED_UNIT(*)SI_UNIT(.MILLI.,.METRE.));
#5118=(NAMED_UNIT(*)PLANE_ANGLE_UNIT()SI_UNIT($,.RADIAN.));
#5121=(NAMED_UNIT(*)SI_UNIT($,.STERADIAN.)SOLID_ANGLE_UNIT());
#5123=(GEOMETRIC_REPRESENTATION_CONTEXT(3)GLOBAL_UNCERTAINTY_ASSIGNED_CONTEXT((
#5122))GLOBAL_UNIT_ASSIGNED_CONTEXT((#5117,#5120,#5121))REPRESENTATION_CONTEXT(
'ID1','3'));
#5124=ADVANCED_BREP_SHAPE_REPRESENTATION('',(#5116),#5123);
#5131=PRODUCT_DEFINITION('part definition','',#5130,#5127);
#5132=PRODUCT_DEFINITION_SHAPE('','SHAPE FOR C-440055-8.',#5131);
#5133=SHAPE_ASPECT('','solid data associated with C-440055-8',#5132,.F.);
#5134=PROPERTY_DEFINITION('',
'shape for solid data with which properties are associated',#5133);
#5135=SHAPE_REPRESENTATION('',(#5116),#5123);
#5136=SHAPE_DEFINITION_REPRESENTATION(#5134,#5135);
#5137=(LENGTH_UNIT()NAMED_UNIT(*)SI_UNIT(.MILLI.,.METRE.));
#5141=PROPERTY_DEFINITION('geometric validation property','area of C-440055-8',
#5133);
#5142=REPRESENTATION('surface area',(#5140),#5123);
#5143=PROPERTY_DEFINITION_REPRESENTATION(#5141,#5142);
#5144=(LENGTH_UNIT()NAMED_UNIT(*)SI_UNIT(.MILLI.,.METRE.));
#5148=PROPERTY_DEFINITION('geometric validation property',
'volume of C-440055-8',#5133);
#5149=REPRESENTATION('volume',(#5147),#5123);
#5150=PROPERTY_DEFINITION_REPRESENTATION(#5148,#5149);
#5152=PROPERTY_DEFINITION('geometric validation property',
'centroid of C-440055-8',#5133);
#5153=REPRESENTATION('centroid',(#5151),#5123);
#5154=PROPERTY_DEFINITION_REPRESENTATION(#5152,#5153);
#5155=(LENGTH_UNIT()NAMED_UNIT(*)SI_UNIT(.MILLI.,.METRE.));
#5159=PROPERTY_DEFINITION('geometric validation property','area of C-440055-8',
#5132);
#5160=REPRESENTATION('surface area',(#5158),#5123);
#5161=PROPERTY_DEFINITION_REPRESENTATION(#5159,#5160);
#5162=(LENGTH_UNIT()NAMED_UNIT(*)SI_UNIT(.MILLI.,.METRE.));
#5166=PROPERTY_DEFINITION('geometric validation property',
'volume of C-440055-8',#5132);
#5167=REPRESENTATION('volume',(#5165),#5123);
#5168=PROPERTY_DEFINITION_REPRESENTATION(#5166,#5167);
#5170=PROPERTY_DEFINITION('geometric validation property',
'centroid of C-440055-8',#5132);
#5171=REPRESENTATION('centroid',(#5169),#5123);
#5172=PROPERTY_DEFINITION_REPRESENTATION(#5170,#5171);
#5173=SHAPE_DEFINITION_REPRESENTATION(#5132,#5124);
ENDSEC;
END-ISO-10303-21;
