#VRML V2.0 utf8
# Generated radial electrolytic capacitor: CP_Radial_D6.0mm_L5.0mm_P2.5mm
# Nominal body envelope: D=6.0000 mm, H=5.0000 mm; lead pitch=2.5000 mm
# Geometry inputs are millimetres, encoded as KiCad legacy VRML
# units (0.1 inch / 2.54 mm) for correct footprint-model sizing.
DEF SLEEVE Appearance { material Material { diffuseColor 0.022 0.025 0.029 specularColor 0.100 0.110 0.120 ambientIntensity 0.200 shininess 0.160 } }
DEF POLARITY_STRIPE Appearance { material Material { diffuseColor 0.460 0.510 0.560 specularColor 0.130 0.140 0.150 ambientIntensity 0.200 shininess 0.140 } }
DEF MARKING Appearance { material Material { diffuseColor 0.025 0.028 0.032 specularColor 0.050 0.050 0.050 ambientIntensity 0.200 shininess 0.080 } }
DEF CRIMP_METAL Appearance { material Material { diffuseColor 0.180 0.190 0.210 specularColor 0.300 0.310 0.330 ambientIntensity 0.200 shininess 0.360 } }
DEF ALUMINIUM Appearance { material Material { diffuseColor 0.480 0.490 0.510 specularColor 0.220 0.230 0.250 ambientIntensity 0.200 shininess 0.320 } }
DEF VENT Appearance { material Material { diffuseColor 0.130 0.140 0.160 specularColor 0.070 0.070 0.080 ambientIntensity 0.200 shininess 0.120 } }
DEF BUNG Appearance { material Material { diffuseColor 0.025 0.027 0.030 specularColor 0.030 0.030 0.030 ambientIntensity 0.200 shininess 0.040 } }
DEF LEAD Appearance { material Material { diffuseColor 0.560 0.575 0.590 specularColor 0.480 0.490 0.500 ambientIntensity 0.200 shininess 0.620 } }
Transform {
  scale 1.0 1.0 1.0
  children [
# Bottom rubber bung
Transform { translation 0.0000 0.0000 0.0150 children [
  Shape { appearance USE BUNG geometry IndexedFaceSet {
    coord Coordinate { point [
        0.9166 0.0000 -0.0150,
        0.9087 0.1196 -0.0150,
        0.8853 0.2372 -0.0150,
        0.8468 0.3508 -0.0150,
        0.7938 0.4583 -0.0150,
        0.7272 0.5580 -0.0150,
        0.6481 0.6481 -0.0150,
        0.5580 0.7272 -0.0150,
        0.4583 0.7938 -0.0150,
        0.3508 0.8468 -0.0150,
        0.2372 0.8853 -0.0150,
        0.1196 0.9087 -0.0150,
        0.0000 0.9166 -0.0150,
        -0.1196 0.9087 -0.0150,
        -0.2372 0.8853 -0.0150,
        -0.3508 0.8468 -0.0150,
        -0.4583 0.7938 -0.0150,
        -0.5580 0.7272 -0.0150,
        -0.6481 0.6481 -0.0150,
        -0.7272 0.5580 -0.0150,
        -0.7938 0.4583 -0.0150,
        -0.8468 0.3508 -0.0150,
        -0.8853 0.2372 -0.0150,
        -0.9087 0.1196 -0.0150,
        -0.9166 0.0000 -0.0150,
        -0.9087 -0.1196 -0.0150,
        -0.8853 -0.2372 -0.0150,
        -0.8468 -0.3508 -0.0150,
        -0.7938 -0.4583 -0.0150,
        -0.7272 -0.5580 -0.0150,
        -0.6481 -0.6481 -0.0150,
        -0.5580 -0.7272 -0.0150,
        -0.4583 -0.7938 -0.0150,
        -0.3508 -0.8468 -0.0150,
        -0.2372 -0.8853 -0.0150,
        -0.1196 -0.9087 -0.0150,
        -0.0000 -0.9166 -0.0150,
        0.1196 -0.9087 -0.0150,
        0.2372 -0.8853 -0.0150,
        0.3508 -0.8468 -0.0150,
        0.4583 -0.7938 -0.0150,
        0.5580 -0.7272 -0.0150,
        0.6481 -0.6481 -0.0150,
        0.7272 -0.5580 -0.0150,
        0.7938 -0.4583 -0.0150,
        0.8468 -0.3508 -0.0150,
        0.8853 -0.2372 -0.0150,
        0.9087 -0.1196 -0.0150,
        0.9178 0.0000 -0.0148,
        0.9099 0.1198 -0.0148,
        0.8865 0.2375 -0.0148,
        0.8479 0.3512 -0.0148,
        0.7948 0.4589 -0.0148,
        0.7281 0.5587 -0.0148,
        0.6490 0.6490 -0.0148,
        0.5587 0.7281 -0.0148,
        0.4589 0.7948 -0.0148,
        0.3512 0.8479 -0.0148,
        0.2375 0.8865 -0.0148,
        0.1198 0.9099 -0.0148,
        0.0000 0.9178 -0.0148,
        -0.1198 0.9099 -0.0148,
        -0.2375 0.8865 -0.0148,
        -0.3512 0.8479 -0.0148,
        -0.4589 0.7948 -0.0148,
        -0.5587 0.7281 -0.0148,
        -0.6490 0.6490 -0.0148,
        -0.7281 0.5587 -0.0148,
        -0.7948 0.4589 -0.0148,
        -0.8479 0.3512 -0.0148,
        -0.8865 0.2375 -0.0148,
        -0.9099 0.1198 -0.0148,
        -0.9178 0.0000 -0.0148,
        -0.9099 -0.1198 -0.0148,
        -0.8865 -0.2375 -0.0148,
        -0.8479 -0.3512 -0.0148,
        -0.7948 -0.4589 -0.0148,
        -0.7281 -0.5587 -0.0148,
        -0.6490 -0.6490 -0.0148,
        -0.5587 -0.7281 -0.0148,
        -0.4589 -0.7948 -0.0148,
        -0.3512 -0.8479 -0.0148,
        -0.2375 -0.8865 -0.0148,
        -0.1198 -0.9099 -0.0148,
        -0.0000 -0.9178 -0.0148,
        0.1198 -0.9099 -0.0148,
        0.2375 -0.8865 -0.0148,
        0.3512 -0.8479 -0.0148,
        0.4589 -0.7948 -0.0148,
        0.5587 -0.7281 -0.0148,
        0.6490 -0.6490 -0.0148,
        0.7281 -0.5587 -0.0148,
        0.7948 -0.4589 -0.0148,
        0.8479 -0.3512 -0.0148,
        0.8865 -0.2375 -0.0148,
        0.9099 -0.1198 -0.0148,
        0.9189 0.0000 -0.0144,
        0.9111 0.1199 -0.0144,
        0.8876 0.2378 -0.0144,
        0.8490 0.3517 -0.0144,
        0.7958 0.4595 -0.0144,
        0.7290 0.5594 -0.0144,
        0.6498 0.6498 -0.0144,
        0.5594 0.7290 -0.0144,
        0.4595 0.7958 -0.0144,
        0.3517 0.8490 -0.0144,
        0.2378 0.8876 -0.0144,
        0.1199 0.9111 -0.0144,
        0.0000 0.9189 -0.0144,
        -0.1199 0.9111 -0.0144,
        -0.2378 0.8876 -0.0144,
        -0.3517 0.8490 -0.0144,
        -0.4595 0.7958 -0.0144,
        -0.5594 0.7290 -0.0144,
        -0.6498 0.6498 -0.0144,
        -0.7290 0.5594 -0.0144,
        -0.7958 0.4595 -0.0144,
        -0.8490 0.3517 -0.0144,
        -0.8876 0.2378 -0.0144,
        -0.9111 0.1199 -0.0144,
        -0.9189 0.0000 -0.0144,
        -0.9111 -0.1199 -0.0144,
        -0.8876 -0.2378 -0.0144,
        -0.8490 -0.3517 -0.0144,
        -0.7958 -0.4595 -0.0144,
        -0.7290 -0.5594 -0.0144,
        -0.6498 -0.6498 -0.0144,
        -0.5594 -0.7290 -0.0144,
        -0.4595 -0.7958 -0.0144,
        -0.3517 -0.8490 -0.0144,
        -0.2378 -0.8876 -0.0144,
        -0.1199 -0.9111 -0.0144,
        -0.0000 -0.9189 -0.0144,
        0.1199 -0.9111 -0.0144,
        0.2378 -0.8876 -0.0144,
        0.3517 -0.8490 -0.0144,
        0.4595 -0.7958 -0.0144,
        0.5594 -0.7290 -0.0144,
        0.6498 -0.6498 -0.0144,
        0.7290 -0.5594 -0.0144,
        0.7958 -0.4595 -0.0144,
        0.8490 -0.3517 -0.0144,
        0.8876 -0.2378 -0.0144,
        0.9111 -0.1199 -0.0144,
        0.9199 0.0000 -0.0136,
        0.9120 0.1201 -0.0136,
        0.8885 0.2381 -0.0136,
        0.8499 0.3520 -0.0136,
        0.7966 0.4599 -0.0136,
        0.7298 0.5600 -0.0136,
        0.6505 0.6505 -0.0136,
        0.5600 0.7298 -0.0136,
        0.4599 0.7966 -0.0136,
        0.3520 0.8499 -0.0136,
        0.2381 0.8885 -0.0136,
        0.1201 0.9120 -0.0136,
        0.0000 0.9199 -0.0136,
        -0.1201 0.9120 -0.0136,
        -0.2381 0.8885 -0.0136,
        -0.3520 0.8499 -0.0136,
        -0.4599 0.7966 -0.0136,
        -0.5600 0.7298 -0.0136,
        -0.6505 0.6505 -0.0136,
        -0.7298 0.5600 -0.0136,
        -0.7966 0.4599 -0.0136,
        -0.8499 0.3520 -0.0136,
        -0.8885 0.2381 -0.0136,
        -0.9120 0.1201 -0.0136,
        -0.9199 0.0000 -0.0136,
        -0.9120 -0.1201 -0.0136,
        -0.8885 -0.2381 -0.0136,
        -0.8499 -0.3520 -0.0136,
        -0.7966 -0.4599 -0.0136,
        -0.7298 -0.5600 -0.0136,
        -0.6505 -0.6505 -0.0136,
        -0.5600 -0.7298 -0.0136,
        -0.4599 -0.7966 -0.0136,
        -0.3520 -0.8499 -0.0136,
        -0.2381 -0.8885 -0.0136,
        -0.1201 -0.9120 -0.0136,
        -0.0000 -0.9199 -0.0136,
        0.1201 -0.9120 -0.0136,
        0.2381 -0.8885 -0.0136,
        0.3520 -0.8499 -0.0136,
        0.4599 -0.7966 -0.0136,
        0.5600 -0.7298 -0.0136,
        0.6505 -0.6505 -0.0136,
        0.7298 -0.5600 -0.0136,
        0.7966 -0.4599 -0.0136,
        0.8499 -0.3520 -0.0136,
        0.8885 -0.2381 -0.0136,
        0.9120 -0.1201 -0.0136,
        0.9206 0.0000 -0.0127,
        0.9128 0.1202 -0.0127,
        0.8893 0.2383 -0.0127,
        0.8506 0.3523 -0.0127,
        0.7973 0.4603 -0.0127,
        0.7304 0.5604 -0.0127,
        0.6510 0.6510 -0.0127,
        0.5604 0.7304 -0.0127,
        0.4603 0.7973 -0.0127,
        0.3523 0.8506 -0.0127,
        0.2383 0.8893 -0.0127,
        0.1202 0.9128 -0.0127,
        0.0000 0.9206 -0.0127,
        -0.1202 0.9128 -0.0127,
        -0.2383 0.8893 -0.0127,
        -0.3523 0.8506 -0.0127,
        -0.4603 0.7973 -0.0127,
        -0.5604 0.7304 -0.0127,
        -0.6510 0.6510 -0.0127,
        -0.7304 0.5604 -0.0127,
        -0.7973 0.4603 -0.0127,
        -0.8506 0.3523 -0.0127,
        -0.8893 0.2383 -0.0127,
        -0.9128 0.1202 -0.0127,
        -0.9206 0.0000 -0.0127,
        -0.9128 -0.1202 -0.0127,
        -0.8893 -0.2383 -0.0127,
        -0.8506 -0.3523 -0.0127,
        -0.7973 -0.4603 -0.0127,
        -0.7304 -0.5604 -0.0127,
        -0.6510 -0.6510 -0.0127,
        -0.5604 -0.7304 -0.0127,
        -0.4603 -0.7973 -0.0127,
        -0.3523 -0.8506 -0.0127,
        -0.2383 -0.8893 -0.0127,
        -0.1202 -0.9128 -0.0127,
        -0.0000 -0.9206 -0.0127,
        0.1202 -0.9128 -0.0127,
        0.2383 -0.8893 -0.0127,
        0.3523 -0.8506 -0.0127,
        0.4603 -0.7973 -0.0127,
        0.5604 -0.7304 -0.0127,
        0.6510 -0.6510 -0.0127,
        0.7304 -0.5604 -0.0127,
        0.7973 -0.4603 -0.0127,
        0.8506 -0.3523 -0.0127,
        0.8893 -0.2383 -0.0127,
        0.9128 -0.1202 -0.0127,
        0.9211 0.0000 -0.0115,
        0.9132 0.1202 -0.0115,
        0.8897 0.2384 -0.0115,
        0.8510 0.3525 -0.0115,
        0.7977 0.4606 -0.0115,
        0.7308 0.5607 -0.0115,
        0.6513 0.6513 -0.0115,
        0.5607 0.7308 -0.0115,
        0.4606 0.7977 -0.0115,
        0.3525 0.8510 -0.0115,
        0.2384 0.8897 -0.0115,
        0.1202 0.9132 -0.0115,
        0.0000 0.9211 -0.0115,
        -0.1202 0.9132 -0.0115,
        -0.2384 0.8897 -0.0115,
        -0.3525 0.8510 -0.0115,
        -0.4606 0.7977 -0.0115,
        -0.5607 0.7308 -0.0115,
        -0.6513 0.6513 -0.0115,
        -0.7308 0.5607 -0.0115,
        -0.7977 0.4606 -0.0115,
        -0.8510 0.3525 -0.0115,
        -0.8897 0.2384 -0.0115,
        -0.9132 0.1202 -0.0115,
        -0.9211 0.0000 -0.0115,
        -0.9132 -0.1202 -0.0115,
        -0.8897 -0.2384 -0.0115,
        -0.8510 -0.3525 -0.0115,
        -0.7977 -0.4606 -0.0115,
        -0.7308 -0.5607 -0.0115,
        -0.6513 -0.6513 -0.0115,
        -0.5607 -0.7308 -0.0115,
        -0.4606 -0.7977 -0.0115,
        -0.3525 -0.8510 -0.0115,
        -0.2384 -0.8897 -0.0115,
        -0.1202 -0.9132 -0.0115,
        -0.0000 -0.9211 -0.0115,
        0.1202 -0.9132 -0.0115,
        0.2384 -0.8897 -0.0115,
        0.3525 -0.8510 -0.0115,
        0.4606 -0.7977 -0.0115,
        0.5607 -0.7308 -0.0115,
        0.6513 -0.6513 -0.0115,
        0.7308 -0.5607 -0.0115,
        0.7977 -0.4606 -0.0115,
        0.8510 -0.3525 -0.0115,
        0.8897 -0.2384 -0.0115,
        0.9132 -0.1202 -0.0115,
        0.9213 0.0000 -0.0103,
        0.9134 0.1202 -0.0103,
        0.8899 0.2384 -0.0103,
        0.8511 0.3526 -0.0103,
        0.7978 0.4606 -0.0103,
        0.7309 0.5608 -0.0103,
        0.6514 0.6514 -0.0103,
        0.5608 0.7309 -0.0103,
        0.4606 0.7978 -0.0103,
        0.3526 0.8511 -0.0103,
        0.2384 0.8899 -0.0103,
        0.1202 0.9134 -0.0103,
        0.0000 0.9213 -0.0103,
        -0.1202 0.9134 -0.0103,
        -0.2384 0.8899 -0.0103,
        -0.3526 0.8511 -0.0103,
        -0.4606 0.7978 -0.0103,
        -0.5608 0.7309 -0.0103,
        -0.6514 0.6514 -0.0103,
        -0.7309 0.5608 -0.0103,
        -0.7978 0.4606 -0.0103,
        -0.8511 0.3526 -0.0103,
        -0.8899 0.2384 -0.0103,
        -0.9134 0.1202 -0.0103,
        -0.9213 0.0000 -0.0103,
        -0.9134 -0.1202 -0.0103,
        -0.8899 -0.2384 -0.0103,
        -0.8511 -0.3526 -0.0103,
        -0.7978 -0.4606 -0.0103,
        -0.7309 -0.5608 -0.0103,
        -0.6514 -0.6514 -0.0103,
        -0.5608 -0.7309 -0.0103,
        -0.4606 -0.7978 -0.0103,
        -0.3526 -0.8511 -0.0103,
        -0.2384 -0.8899 -0.0103,
        -0.1202 -0.9134 -0.0103,
        -0.0000 -0.9213 -0.0103,
        0.1202 -0.9134 -0.0103,
        0.2384 -0.8899 -0.0103,
        0.3526 -0.8511 -0.0103,
        0.4606 -0.7978 -0.0103,
        0.5608 -0.7309 -0.0103,
        0.6514 -0.6514 -0.0103,
        0.7309 -0.5608 -0.0103,
        0.7978 -0.4606 -0.0103,
        0.8511 -0.3526 -0.0103,
        0.8899 -0.2384 -0.0103,
        0.9134 -0.1202 -0.0103,
        0.9213 0.0000 0.0103,
        0.9134 0.1202 0.0103,
        0.8899 0.2384 0.0103,
        0.8511 0.3526 0.0103,
        0.7978 0.4606 0.0103,
        0.7309 0.5608 0.0103,
        0.6514 0.6514 0.0103,
        0.5608 0.7309 0.0103,
        0.4606 0.7978 0.0103,
        0.3526 0.8511 0.0103,
        0.2384 0.8899 0.0103,
        0.1202 0.9134 0.0103,
        0.0000 0.9213 0.0103,
        -0.1202 0.9134 0.0103,
        -0.2384 0.8899 0.0103,
        -0.3526 0.8511 0.0103,
        -0.4606 0.7978 0.0103,
        -0.5608 0.7309 0.0103,
        -0.6514 0.6514 0.0103,
        -0.7309 0.5608 0.0103,
        -0.7978 0.4606 0.0103,
        -0.8511 0.3526 0.0103,
        -0.8899 0.2384 0.0103,
        -0.9134 0.1202 0.0103,
        -0.9213 0.0000 0.0103,
        -0.9134 -0.1202 0.0103,
        -0.8899 -0.2384 0.0103,
        -0.8511 -0.3526 0.0103,
        -0.7978 -0.4606 0.0103,
        -0.7309 -0.5608 0.0103,
        -0.6514 -0.6514 0.0103,
        -0.5608 -0.7309 0.0103,
        -0.4606 -0.7978 0.0103,
        -0.3526 -0.8511 0.0103,
        -0.2384 -0.8899 0.0103,
        -0.1202 -0.9134 0.0103,
        -0.0000 -0.9213 0.0103,
        0.1202 -0.9134 0.0103,
        0.2384 -0.8899 0.0103,
        0.3526 -0.8511 0.0103,
        0.4606 -0.7978 0.0103,
        0.5608 -0.7309 0.0103,
        0.6514 -0.6514 0.0103,
        0.7309 -0.5608 0.0103,
        0.7978 -0.4606 0.0103,
        0.8511 -0.3526 0.0103,
        0.8899 -0.2384 0.0103,
        0.9134 -0.1202 0.0103,
        0.9211 0.0000 0.0115,
        0.9132 0.1202 0.0115,
        0.8897 0.2384 0.0115,
        0.8510 0.3525 0.0115,
        0.7977 0.4606 0.0115,
        0.7308 0.5607 0.0115,
        0.6513 0.6513 0.0115,
        0.5607 0.7308 0.0115,
        0.4606 0.7977 0.0115,
        0.3525 0.8510 0.0115,
        0.2384 0.8897 0.0115,
        0.1202 0.9132 0.0115,
        0.0000 0.9211 0.0115,
        -0.1202 0.9132 0.0115,
        -0.2384 0.8897 0.0115,
        -0.3525 0.8510 0.0115,
        -0.4606 0.7977 0.0115,
        -0.5607 0.7308 0.0115,
        -0.6513 0.6513 0.0115,
        -0.7308 0.5607 0.0115,
        -0.7977 0.4606 0.0115,
        -0.8510 0.3525 0.0115,
        -0.8897 0.2384 0.0115,
        -0.9132 0.1202 0.0115,
        -0.9211 0.0000 0.0115,
        -0.9132 -0.1202 0.0115,
        -0.8897 -0.2384 0.0115,
        -0.8510 -0.3525 0.0115,
        -0.7977 -0.4606 0.0115,
        -0.7308 -0.5607 0.0115,
        -0.6513 -0.6513 0.0115,
        -0.5607 -0.7308 0.0115,
        -0.4606 -0.7977 0.0115,
        -0.3525 -0.8510 0.0115,
        -0.2384 -0.8897 0.0115,
        -0.1202 -0.9132 0.0115,
        -0.0000 -0.9211 0.0115,
        0.1202 -0.9132 0.0115,
        0.2384 -0.8897 0.0115,
        0.3525 -0.8510 0.0115,
        0.4606 -0.7977 0.0115,
        0.5607 -0.7308 0.0115,
        0.6513 -0.6513 0.0115,
        0.7308 -0.5607 0.0115,
        0.7977 -0.4606 0.0115,
        0.8510 -0.3525 0.0115,
        0.8897 -0.2384 0.0115,
        0.9132 -0.1202 0.0115,
        0.9206 0.0000 0.0127,
        0.9128 0.1202 0.0127,
        0.8893 0.2383 0.0127,
        0.8506 0.3523 0.0127,
        0.7973 0.4603 0.0127,
        0.7304 0.5604 0.0127,
        0.6510 0.6510 0.0127,
        0.5604 0.7304 0.0127,
        0.4603 0.7973 0.0127,
        0.3523 0.8506 0.0127,
        0.2383 0.8893 0.0127,
        0.1202 0.9128 0.0127,
        0.0000 0.9206 0.0127,
        -0.1202 0.9128 0.0127,
        -0.2383 0.8893 0.0127,
        -0.3523 0.8506 0.0127,
        -0.4603 0.7973 0.0127,
        -0.5604 0.7304 0.0127,
        -0.6510 0.6510 0.0127,
        -0.7304 0.5604 0.0127,
        -0.7973 0.4603 0.0127,
        -0.8506 0.3523 0.0127,
        -0.8893 0.2383 0.0127,
        -0.9128 0.1202 0.0127,
        -0.9206 0.0000 0.0127,
        -0.9128 -0.1202 0.0127,
        -0.8893 -0.2383 0.0127,
        -0.8506 -0.3523 0.0127,
        -0.7973 -0.4603 0.0127,
        -0.7304 -0.5604 0.0127,
        -0.6510 -0.6510 0.0127,
        -0.5604 -0.7304 0.0127,
        -0.4603 -0.7973 0.0127,
        -0.3523 -0.8506 0.0127,
        -0.2383 -0.8893 0.0127,
        -0.1202 -0.9128 0.0127,
        -0.0000 -0.9206 0.0127,
        0.1202 -0.9128 0.0127,
        0.2383 -0.8893 0.0127,
        0.3523 -0.8506 0.0127,
        0.4603 -0.7973 0.0127,
        0.5604 -0.7304 0.0127,
        0.6510 -0.6510 0.0127,
        0.7304 -0.5604 0.0127,
        0.7973 -0.4603 0.0127,
        0.8506 -0.3523 0.0127,
        0.8893 -0.2383 0.0127,
        0.9128 -0.1202 0.0127,
        0.9199 0.0000 0.0136,
        0.9120 0.1201 0.0136,
        0.8885 0.2381 0.0136,
        0.8499 0.3520 0.0136,
        0.7966 0.4599 0.0136,
        0.7298 0.5600 0.0136,
        0.6505 0.6505 0.0136,
        0.5600 0.7298 0.0136,
        0.4599 0.7966 0.0136,
        0.3520 0.8499 0.0136,
        0.2381 0.8885 0.0136,
        0.1201 0.9120 0.0136,
        0.0000 0.9199 0.0136,
        -0.1201 0.9120 0.0136,
        -0.2381 0.8885 0.0136,
        -0.3520 0.8499 0.0136,
        -0.4599 0.7966 0.0136,
        -0.5600 0.7298 0.0136,
        -0.6505 0.6505 0.0136,
        -0.7298 0.5600 0.0136,
        -0.7966 0.4599 0.0136,
        -0.8499 0.3520 0.0136,
        -0.8885 0.2381 0.0136,
        -0.9120 0.1201 0.0136,
        -0.9199 0.0000 0.0136,
        -0.9120 -0.1201 0.0136,
        -0.8885 -0.2381 0.0136,
        -0.8499 -0.3520 0.0136,
        -0.7966 -0.4599 0.0136,
        -0.7298 -0.5600 0.0136,
        -0.6505 -0.6505 0.0136,
        -0.5600 -0.7298 0.0136,
        -0.4599 -0.7966 0.0136,
        -0.3520 -0.8499 0.0136,
        -0.2381 -0.8885 0.0136,
        -0.1201 -0.9120 0.0136,
        -0.0000 -0.9199 0.0136,
        0.1201 -0.9120 0.0136,
        0.2381 -0.8885 0.0136,
        0.3520 -0.8499 0.0136,
        0.4599 -0.7966 0.0136,
        0.5600 -0.7298 0.0136,
        0.6505 -0.6505 0.0136,
        0.7298 -0.5600 0.0136,
        0.7966 -0.4599 0.0136,
        0.8499 -0.3520 0.0136,
        0.8885 -0.2381 0.0136,
        0.9120 -0.1201 0.0136,
        0.9189 0.0000 0.0144,
        0.9111 0.1199 0.0144,
        0.8876 0.2378 0.0144,
        0.8490 0.3517 0.0144,
        0.7958 0.4595 0.0144,
        0.7290 0.5594 0.0144,
        0.6498 0.6498 0.0144,
        0.5594 0.7290 0.0144,
        0.4595 0.7958 0.0144,
        0.3517 0.8490 0.0144,
        0.2378 0.8876 0.0144,
        0.1199 0.9111 0.0144,
        0.0000 0.9189 0.0144,
        -0.1199 0.9111 0.0144,
        -0.2378 0.8876 0.0144,
        -0.3517 0.8490 0.0144,
        -0.4595 0.7958 0.0144,
        -0.5594 0.7290 0.0144,
        -0.6498 0.6498 0.0144,
        -0.7290 0.5594 0.0144,
        -0.7958 0.4595 0.0144,
        -0.8490 0.3517 0.0144,
        -0.8876 0.2378 0.0144,
        -0.9111 0.1199 0.0144,
        -0.9189 0.0000 0.0144,
        -0.9111 -0.1199 0.0144,
        -0.8876 -0.2378 0.0144,
        -0.8490 -0.3517 0.0144,
        -0.7958 -0.4595 0.0144,
        -0.7290 -0.5594 0.0144,
        -0.6498 -0.6498 0.0144,
        -0.5594 -0.7290 0.0144,
        -0.4595 -0.7958 0.0144,
        -0.3517 -0.8490 0.0144,
        -0.2378 -0.8876 0.0144,
        -0.1199 -0.9111 0.0144,
        -0.0000 -0.9189 0.0144,
        0.1199 -0.9111 0.0144,
        0.2378 -0.8876 0.0144,
        0.3517 -0.8490 0.0144,
        0.4595 -0.7958 0.0144,
        0.5594 -0.7290 0.0144,
        0.6498 -0.6498 0.0144,
        0.7290 -0.5594 0.0144,
        0.7958 -0.4595 0.0144,
        0.8490 -0.3517 0.0144,
        0.8876 -0.2378 0.0144,
        0.9111 -0.1199 0.0144,
        0.9178 0.0000 0.0148,
        0.9099 0.1198 0.0148,
        0.8865 0.2375 0.0148,
        0.8479 0.3512 0.0148,
        0.7948 0.4589 0.0148,
        0.7281 0.5587 0.0148,
        0.6490 0.6490 0.0148,
        0.5587 0.7281 0.0148,
        0.4589 0.7948 0.0148,
        0.3512 0.8479 0.0148,
        0.2375 0.8865 0.0148,
        0.1198 0.9099 0.0148,
        0.0000 0.9178 0.0148,
        -0.1198 0.9099 0.0148,
        -0.2375 0.8865 0.0148,
        -0.3512 0.8479 0.0148,
        -0.4589 0.7948 0.0148,
        -0.5587 0.7281 0.0148,
        -0.6490 0.6490 0.0148,
        -0.7281 0.5587 0.0148,
        -0.7948 0.4589 0.0148,
        -0.8479 0.3512 0.0148,
        -0.8865 0.2375 0.0148,
        -0.9099 0.1198 0.0148,
        -0.9178 0.0000 0.0148,
        -0.9099 -0.1198 0.0148,
        -0.8865 -0.2375 0.0148,
        -0.8479 -0.3512 0.0148,
        -0.7948 -0.4589 0.0148,
        -0.7281 -0.5587 0.0148,
        -0.6490 -0.6490 0.0148,
        -0.5587 -0.7281 0.0148,
        -0.4589 -0.7948 0.0148,
        -0.3512 -0.8479 0.0148,
        -0.2375 -0.8865 0.0148,
        -0.1198 -0.9099 0.0148,
        -0.0000 -0.9178 0.0148,
        0.1198 -0.9099 0.0148,
        0.2375 -0.8865 0.0148,
        0.3512 -0.8479 0.0148,
        0.4589 -0.7948 0.0148,
        0.5587 -0.7281 0.0148,
        0.6490 -0.6490 0.0148,
        0.7281 -0.5587 0.0148,
        0.7948 -0.4589 0.0148,
        0.8479 -0.3512 0.0148,
        0.8865 -0.2375 0.0148,
        0.9099 -0.1198 0.0148,
        0.9166 0.0000 0.0150,
        0.9087 0.1196 0.0150,
        0.8853 0.2372 0.0150,
        0.8468 0.3508 0.0150,
        0.7938 0.4583 0.0150,
        0.7272 0.5580 0.0150,
        0.6481 0.6481 0.0150,
        0.5580 0.7272 0.0150,
        0.4583 0.7938 0.0150,
        0.3508 0.8468 0.0150,
        0.2372 0.8853 0.0150,
        0.1196 0.9087 0.0150,
        0.0000 0.9166 0.0150,
        -0.1196 0.9087 0.0150,
        -0.2372 0.8853 0.0150,
        -0.3508 0.8468 0.0150,
        -0.4583 0.7938 0.0150,
        -0.5580 0.7272 0.0150,
        -0.6481 0.6481 0.0150,
        -0.7272 0.5580 0.0150,
        -0.7938 0.4583 0.0150,
        -0.8468 0.3508 0.0150,
        -0.8853 0.2372 0.0150,
        -0.9087 0.1196 0.0150,
        -0.9166 0.0000 0.0150,
        -0.9087 -0.1196 0.0150,
        -0.8853 -0.2372 0.0150,
        -0.8468 -0.3508 0.0150,
        -0.7938 -0.4583 0.0150,
        -0.7272 -0.5580 0.0150,
        -0.6481 -0.6481 0.0150,
        -0.5580 -0.7272 0.0150,
        -0.4583 -0.7938 0.0150,
        -0.3508 -0.8468 0.0150,
        -0.2372 -0.8853 0.0150,
        -0.1196 -0.9087 0.0150,
        -0.0000 -0.9166 0.0150,
        0.1196 -0.9087 0.0150,
        0.2372 -0.8853 0.0150,
        0.3508 -0.8468 0.0150,
        0.4583 -0.7938 0.0150,
        0.5580 -0.7272 0.0150,
        0.6481 -0.6481 0.0150,
        0.7272 -0.5580 0.0150,
        0.7938 -0.4583 0.0150,
        0.8468 -0.3508 0.0150,
        0.8853 -0.2372 0.0150,
        0.9087 -0.1196 0.0150,
        0.0000 0.0000 -0.0150,
        0.0000 0.0000 0.0150
    ] }
    coordIndex [
        0, 1, 49, 48, -1,
        1, 2, 50, 49, -1,
        2, 3, 51, 50, -1,
        3, 4, 52, 51, -1,
        4, 5, 53, 52, -1,
        5, 6, 54, 53, -1,
        6, 7, 55, 54, -1,
        7, 8, 56, 55, -1,
        8, 9, 57, 56, -1,
        9, 10, 58, 57, -1,
        10, 11, 59, 58, -1,
        11, 12, 60, 59, -1,
        12, 13, 61, 60, -1,
        13, 14, 62, 61, -1,
        14, 15, 63, 62, -1,
        15, 16, 64, 63, -1,
        16, 17, 65, 64, -1,
        17, 18, 66, 65, -1,
        18, 19, 67, 66, -1,
        19, 20, 68, 67, -1,
        20, 21, 69, 68, -1,
        21, 22, 70, 69, -1,
        22, 23, 71, 70, -1,
        23, 24, 72, 71, -1,
        24, 25, 73, 72, -1,
        25, 26, 74, 73, -1,
        26, 27, 75, 74, -1,
        27, 28, 76, 75, -1,
        28, 29, 77, 76, -1,
        29, 30, 78, 77, -1,
        30, 31, 79, 78, -1,
        31, 32, 80, 79, -1,
        32, 33, 81, 80, -1,
        33, 34, 82, 81, -1,
        34, 35, 83, 82, -1,
        35, 36, 84, 83, -1,
        36, 37, 85, 84, -1,
        37, 38, 86, 85, -1,
        38, 39, 87, 86, -1,
        39, 40, 88, 87, -1,
        40, 41, 89, 88, -1,
        41, 42, 90, 89, -1,
        42, 43, 91, 90, -1,
        43, 44, 92, 91, -1,
        44, 45, 93, 92, -1,
        45, 46, 94, 93, -1,
        46, 47, 95, 94, -1,
        47, 0, 48, 95, -1,
        48, 49, 97, 96, -1,
        49, 50, 98, 97, -1,
        50, 51, 99, 98, -1,
        51, 52, 100, 99, -1,
        52, 53, 101, 100, -1,
        53, 54, 102, 101, -1,
        54, 55, 103, 102, -1,
        55, 56, 104, 103, -1,
        56, 57, 105, 104, -1,
        57, 58, 106, 105, -1,
        58, 59, 107, 106, -1,
        59, 60, 108, 107, -1,
        60, 61, 109, 108, -1,
        61, 62, 110, 109, -1,
        62, 63, 111, 110, -1,
        63, 64, 112, 111, -1,
        64, 65, 113, 112, -1,
        65, 66, 114, 113, -1,
        66, 67, 115, 114, -1,
        67, 68, 116, 115, -1,
        68, 69, 117, 116, -1,
        69, 70, 118, 117, -1,
        70, 71, 119, 118, -1,
        71, 72, 120, 119, -1,
        72, 73, 121, 120, -1,
        73, 74, 122, 121, -1,
        74, 75, 123, 122, -1,
        75, 76, 124, 123, -1,
        76, 77, 125, 124, -1,
        77, 78, 126, 125, -1,
        78, 79, 127, 126, -1,
        79, 80, 128, 127, -1,
        80, 81, 129, 128, -1,
        81, 82, 130, 129, -1,
        82, 83, 131, 130, -1,
        83, 84, 132, 131, -1,
        84, 85, 133, 132, -1,
        85, 86, 134, 133, -1,
        86, 87, 135, 134, -1,
        87, 88, 136, 135, -1,
        88, 89, 137, 136, -1,
        89, 90, 138, 137, -1,
        90, 91, 139, 138, -1,
        91, 92, 140, 139, -1,
        92, 93, 141, 140, -1,
        93, 94, 142, 141, -1,
        94, 95, 143, 142, -1,
        95, 48, 96, 143, -1,
        96, 97, 145, 144, -1,
        97, 98, 146, 145, -1,
        98, 99, 147, 146, -1,
        99, 100, 148, 147, -1,
        100, 101, 149, 148, -1,
        101, 102, 150, 149, -1,
        102, 103, 151, 150, -1,
        103, 104, 152, 151, -1,
        104, 105, 153, 152, -1,
        105, 106, 154, 153, -1,
        106, 107, 155, 154, -1,
        107, 108, 156, 155, -1,
        108, 109, 157, 156, -1,
        109, 110, 158, 157, -1,
        110, 111, 159, 158, -1,
        111, 112, 160, 159, -1,
        112, 113, 161, 160, -1,
        113, 114, 162, 161, -1,
        114, 115, 163, 162, -1,
        115, 116, 164, 163, -1,
        116, 117, 165, 164, -1,
        117, 118, 166, 165, -1,
        118, 119, 167, 166, -1,
        119, 120, 168, 167, -1,
        120, 121, 169, 168, -1,
        121, 122, 170, 169, -1,
        122, 123, 171, 170, -1,
        123, 124, 172, 171, -1,
        124, 125, 173, 172, -1,
        125, 126, 174, 173, -1,
        126, 127, 175, 174, -1,
        127, 128, 176, 175, -1,
        128, 129, 177, 176, -1,
        129, 130, 178, 177, -1,
        130, 131, 179, 178, -1,
        131, 132, 180, 179, -1,
        132, 133, 181, 180, -1,
        133, 134, 182, 181, -1,
        134, 135, 183, 182, -1,
        135, 136, 184, 183, -1,
        136, 137, 185, 184, -1,
        137, 138, 186, 185, -1,
        138, 139, 187, 186, -1,
        139, 140, 188, 187, -1,
        140, 141, 189, 188, -1,
        141, 142, 190, 189, -1,
        142, 143, 191, 190, -1,
        143, 96, 144, 191, -1,
        144, 145, 193, 192, -1,
        145, 146, 194, 193, -1,
        146, 147, 195, 194, -1,
        147, 148, 196, 195, -1,
        148, 149, 197, 196, -1,
        149, 150, 198, 197, -1,
        150, 151, 199, 198, -1,
        151, 152, 200, 199, -1,
        152, 153, 201, 200, -1,
        153, 154, 202, 201, -1,
        154, 155, 203, 202, -1,
        155, 156, 204, 203, -1,
        156, 157, 205, 204, -1,
        157, 158, 206, 205, -1,
        158, 159, 207, 206, -1,
        159, 160, 208, 207, -1,
        160, 161, 209, 208, -1,
        161, 162, 210, 209, -1,
        162, 163, 211, 210, -1,
        163, 164, 212, 211, -1,
        164, 165, 213, 212, -1,
        165, 166, 214, 213, -1,
        166, 167, 215, 214, -1,
        167, 168, 216, 215, -1,
        168, 169, 217, 216, -1,
        169, 170, 218, 217, -1,
        170, 171, 219, 218, -1,
        171, 172, 220, 219, -1,
        172, 173, 221, 220, -1,
        173, 174, 222, 221, -1,
        174, 175, 223, 222, -1,
        175, 176, 224, 223, -1,
        176, 177, 225, 224, -1,
        177, 178, 226, 225, -1,
        178, 179, 227, 226, -1,
        179, 180, 228, 227, -1,
        180, 181, 229, 228, -1,
        181, 182, 230, 229, -1,
        182, 183, 231, 230, -1,
        183, 184, 232, 231, -1,
        184, 185, 233, 232, -1,
        185, 186, 234, 233, -1,
        186, 187, 235, 234, -1,
        187, 188, 236, 235, -1,
        188, 189, 237, 236, -1,
        189, 190, 238, 237, -1,
        190, 191, 239, 238, -1,
        191, 144, 192, 239, -1,
        192, 193, 241, 240, -1,
        193, 194, 242, 241, -1,
        194, 195, 243, 242, -1,
        195, 196, 244, 243, -1,
        196, 197, 245, 244, -1,
        197, 198, 246, 245, -1,
        198, 199, 247, 246, -1,
        199, 200, 248, 247, -1,
        200, 201, 249, 248, -1,
        201, 202, 250, 249, -1,
        202, 203, 251, 250, -1,
        203, 204, 252, 251, -1,
        204, 205, 253, 252, -1,
        205, 206, 254, 253, -1,
        206, 207, 255, 254, -1,
        207, 208, 256, 255, -1,
        208, 209, 257, 256, -1,
        209, 210, 258, 257, -1,
        210, 211, 259, 258, -1,
        211, 212, 260, 259, -1,
        212, 213, 261, 260, -1,
        213, 214, 262, 261, -1,
        214, 215, 263, 262, -1,
        215, 216, 264, 263, -1,
        216, 217, 265, 264, -1,
        217, 218, 266, 265, -1,
        218, 219, 267, 266, -1,
        219, 220, 268, 267, -1,
        220, 221, 269, 268, -1,
        221, 222, 270, 269, -1,
        222, 223, 271, 270, -1,
        223, 224, 272, 271, -1,
        224, 225, 273, 272, -1,
        225, 226, 274, 273, -1,
        226, 227, 275, 274, -1,
        227, 228, 276, 275, -1,
        228, 229, 277, 276, -1,
        229, 230, 278, 277, -1,
        230, 231, 279, 278, -1,
        231, 232, 280, 279, -1,
        232, 233, 281, 280, -1,
        233, 234, 282, 281, -1,
        234, 235, 283, 282, -1,
        235, 236, 284, 283, -1,
        236, 237, 285, 284, -1,
        237, 238, 286, 285, -1,
        238, 239, 287, 286, -1,
        239, 192, 240, 287, -1,
        240, 241, 289, 288, -1,
        241, 242, 290, 289, -1,
        242, 243, 291, 290, -1,
        243, 244, 292, 291, -1,
        244, 245, 293, 292, -1,
        245, 246, 294, 293, -1,
        246, 247, 295, 294, -1,
        247, 248, 296, 295, -1,
        248, 249, 297, 296, -1,
        249, 250, 298, 297, -1,
        250, 251, 299, 298, -1,
        251, 252, 300, 299, -1,
        252, 253, 301, 300, -1,
        253, 254, 302, 301, -1,
        254, 255, 303, 302, -1,
        255, 256, 304, 303, -1,
        256, 257, 305, 304, -1,
        257, 258, 306, 305, -1,
        258, 259, 307, 306, -1,
        259, 260, 308, 307, -1,
        260, 261, 309, 308, -1,
        261, 262, 310, 309, -1,
        262, 263, 311, 310, -1,
        263, 264, 312, 311, -1,
        264, 265, 313, 312, -1,
        265, 266, 314, 313, -1,
        266, 267, 315, 314, -1,
        267, 268, 316, 315, -1,
        268, 269, 317, 316, -1,
        269, 270, 318, 317, -1,
        270, 271, 319, 318, -1,
        271, 272, 320, 319, -1,
        272, 273, 321, 320, -1,
        273, 274, 322, 321, -1,
        274, 275, 323, 322, -1,
        275, 276, 324, 323, -1,
        276, 277, 325, 324, -1,
        277, 278, 326, 325, -1,
        278, 279, 327, 326, -1,
        279, 280, 328, 327, -1,
        280, 281, 329, 328, -1,
        281, 282, 330, 329, -1,
        282, 283, 331, 330, -1,
        283, 284, 332, 331, -1,
        284, 285, 333, 332, -1,
        285, 286, 334, 333, -1,
        286, 287, 335, 334, -1,
        287, 240, 288, 335, -1,
        288, 289, 337, 336, -1,
        289, 290, 338, 337, -1,
        290, 291, 339, 338, -1,
        291, 292, 340, 339, -1,
        292, 293, 341, 340, -1,
        293, 294, 342, 341, -1,
        294, 295, 343, 342, -1,
        295, 296, 344, 343, -1,
        296, 297, 345, 344, -1,
        297, 298, 346, 345, -1,
        298, 299, 347, 346, -1,
        299, 300, 348, 347, -1,
        300, 301, 349, 348, -1,
        301, 302, 350, 349, -1,
        302, 303, 351, 350, -1,
        303, 304, 352, 351, -1,
        304, 305, 353, 352, -1,
        305, 306, 354, 353, -1,
        306, 307, 355, 354, -1,
        307, 308, 356, 355, -1,
        308, 309, 357, 356, -1,
        309, 310, 358, 357, -1,
        310, 311, 359, 358, -1,
        311, 312, 360, 359, -1,
        312, 313, 361, 360, -1,
        313, 314, 362, 361, -1,
        314, 315, 363, 362, -1,
        315, 316, 364, 363, -1,
        316, 317, 365, 364, -1,
        317, 318, 366, 365, -1,
        318, 319, 367, 366, -1,
        319, 320, 368, 367, -1,
        320, 321, 369, 368, -1,
        321, 322, 370, 369, -1,
        322, 323, 371, 370, -1,
        323, 324, 372, 371, -1,
        324, 325, 373, 372, -1,
        325, 326, 374, 373, -1,
        326, 327, 375, 374, -1,
        327, 328, 376, 375, -1,
        328, 329, 377, 376, -1,
        329, 330, 378, 377, -1,
        330, 331, 379, 378, -1,
        331, 332, 380, 379, -1,
        332, 333, 381, 380, -1,
        333, 334, 382, 381, -1,
        334, 335, 383, 382, -1,
        335, 288, 336, 383, -1,
        336, 337, 385, 384, -1,
        337, 338, 386, 385, -1,
        338, 339, 387, 386, -1,
        339, 340, 388, 387, -1,
        340, 341, 389, 388, -1,
        341, 342, 390, 389, -1,
        342, 343, 391, 390, -1,
        343, 344, 392, 391, -1,
        344, 345, 393, 392, -1,
        345, 346, 394, 393, -1,
        346, 347, 395, 394, -1,
        347, 348, 396, 395, -1,
        348, 349, 397, 396, -1,
        349, 350, 398, 397, -1,
        350, 351, 399, 398, -1,
        351, 352, 400, 399, -1,
        352, 353, 401, 400, -1,
        353, 354, 402, 401, -1,
        354, 355, 403, 402, -1,
        355, 356, 404, 403, -1,
        356, 357, 405, 404, -1,
        357, 358, 406, 405, -1,
        358, 359, 407, 406, -1,
        359, 360, 408, 407, -1,
        360, 361, 409, 408, -1,
        361, 362, 410, 409, -1,
        362, 363, 411, 410, -1,
        363, 364, 412, 411, -1,
        364, 365, 413, 412, -1,
        365, 366, 414, 413, -1,
        366, 367, 415, 414, -1,
        367, 368, 416, 415, -1,
        368, 369, 417, 416, -1,
        369, 370, 418, 417, -1,
        370, 371, 419, 418, -1,
        371, 372, 420, 419, -1,
        372, 373, 421, 420, -1,
        373, 374, 422, 421, -1,
        374, 375, 423, 422, -1,
        375, 376, 424, 423, -1,
        376, 377, 425, 424, -1,
        377, 378, 426, 425, -1,
        378, 379, 427, 426, -1,
        379, 380, 428, 427, -1,
        380, 381, 429, 428, -1,
        381, 382, 430, 429, -1,
        382, 383, 431, 430, -1,
        383, 336, 384, 431, -1,
        384, 385, 433, 432, -1,
        385, 386, 434, 433, -1,
        386, 387, 435, 434, -1,
        387, 388, 436, 435, -1,
        388, 389, 437, 436, -1,
        389, 390, 438, 437, -1,
        390, 391, 439, 438, -1,
        391, 392, 440, 439, -1,
        392, 393, 441, 440, -1,
        393, 394, 442, 441, -1,
        394, 395, 443, 442, -1,
        395, 396, 444, 443, -1,
        396, 397, 445, 444, -1,
        397, 398, 446, 445, -1,
        398, 399, 447, 446, -1,
        399, 400, 448, 447, -1,
        400, 401, 449, 448, -1,
        401, 402, 450, 449, -1,
        402, 403, 451, 450, -1,
        403, 404, 452, 451, -1,
        404, 405, 453, 452, -1,
        405, 406, 454, 453, -1,
        406, 407, 455, 454, -1,
        407, 408, 456, 455, -1,
        408, 409, 457, 456, -1,
        409, 410, 458, 457, -1,
        410, 411, 459, 458, -1,
        411, 412, 460, 459, -1,
        412, 413, 461, 460, -1,
        413, 414, 462, 461, -1,
        414, 415, 463, 462, -1,
        415, 416, 464, 463, -1,
        416, 417, 465, 464, -1,
        417, 418, 466, 465, -1,
        418, 419, 467, 466, -1,
        419, 420, 468, 467, -1,
        420, 421, 469, 468, -1,
        421, 422, 470, 469, -1,
        422, 423, 471, 470, -1,
        423, 424, 472, 471, -1,
        424, 425, 473, 472, -1,
        425, 426, 474, 473, -1,
        426, 427, 475, 474, -1,
        427, 428, 476, 475, -1,
        428, 429, 477, 476, -1,
        429, 430, 478, 477, -1,
        430, 431, 479, 478, -1,
        431, 384, 432, 479, -1,
        432, 433, 481, 480, -1,
        433, 434, 482, 481, -1,
        434, 435, 483, 482, -1,
        435, 436, 484, 483, -1,
        436, 437, 485, 484, -1,
        437, 438, 486, 485, -1,
        438, 439, 487, 486, -1,
        439, 440, 488, 487, -1,
        440, 441, 489, 488, -1,
        441, 442, 490, 489, -1,
        442, 443, 491, 490, -1,
        443, 444, 492, 491, -1,
        444, 445, 493, 492, -1,
        445, 446, 494, 493, -1,
        446, 447, 495, 494, -1,
        447, 448, 496, 495, -1,
        448, 449, 497, 496, -1,
        449, 450, 498, 497, -1,
        450, 451, 499, 498, -1,
        451, 452, 500, 499, -1,
        452, 453, 501, 500, -1,
        453, 454, 502, 501, -1,
        454, 455, 503, 502, -1,
        455, 456, 504, 503, -1,
        456, 457, 505, 504, -1,
        457, 458, 506, 505, -1,
        458, 459, 507, 506, -1,
        459, 460, 508, 507, -1,
        460, 461, 509, 508, -1,
        461, 462, 510, 509, -1,
        462, 463, 511, 510, -1,
        463, 464, 512, 511, -1,
        464, 465, 513, 512, -1,
        465, 466, 514, 513, -1,
        466, 467, 515, 514, -1,
        467, 468, 516, 515, -1,
        468, 469, 517, 516, -1,
        469, 470, 518, 517, -1,
        470, 471, 519, 518, -1,
        471, 472, 520, 519, -1,
        472, 473, 521, 520, -1,
        473, 474, 522, 521, -1,
        474, 475, 523, 522, -1,
        475, 476, 524, 523, -1,
        476, 477, 525, 524, -1,
        477, 478, 526, 525, -1,
        478, 479, 527, 526, -1,
        479, 432, 480, 527, -1,
        480, 481, 529, 528, -1,
        481, 482, 530, 529, -1,
        482, 483, 531, 530, -1,
        483, 484, 532, 531, -1,
        484, 485, 533, 532, -1,
        485, 486, 534, 533, -1,
        486, 487, 535, 534, -1,
        487, 488, 536, 535, -1,
        488, 489, 537, 536, -1,
        489, 490, 538, 537, -1,
        490, 491, 539, 538, -1,
        491, 492, 540, 539, -1,
        492, 493, 541, 540, -1,
        493, 494, 542, 541, -1,
        494, 495, 543, 542, -1,
        495, 496, 544, 543, -1,
        496, 497, 545, 544, -1,
        497, 498, 546, 545, -1,
        498, 499, 547, 546, -1,
        499, 500, 548, 547, -1,
        500, 501, 549, 548, -1,
        501, 502, 550, 549, -1,
        502, 503, 551, 550, -1,
        503, 504, 552, 551, -1,
        504, 505, 553, 552, -1,
        505, 506, 554, 553, -1,
        506, 507, 555, 554, -1,
        507, 508, 556, 555, -1,
        508, 509, 557, 556, -1,
        509, 510, 558, 557, -1,
        510, 511, 559, 558, -1,
        511, 512, 560, 559, -1,
        512, 513, 561, 560, -1,
        513, 514, 562, 561, -1,
        514, 515, 563, 562, -1,
        515, 516, 564, 563, -1,
        516, 517, 565, 564, -1,
        517, 518, 566, 565, -1,
        518, 519, 567, 566, -1,
        519, 520, 568, 567, -1,
        520, 521, 569, 568, -1,
        521, 522, 570, 569, -1,
        522, 523, 571, 570, -1,
        523, 524, 572, 571, -1,
        524, 525, 573, 572, -1,
        525, 526, 574, 573, -1,
        526, 527, 575, 574, -1,
        527, 480, 528, 575, -1,
        528, 529, 577, 576, -1,
        529, 530, 578, 577, -1,
        530, 531, 579, 578, -1,
        531, 532, 580, 579, -1,
        532, 533, 581, 580, -1,
        533, 534, 582, 581, -1,
        534, 535, 583, 582, -1,
        535, 536, 584, 583, -1,
        536, 537, 585, 584, -1,
        537, 538, 586, 585, -1,
        538, 539, 587, 586, -1,
        539, 540, 588, 587, -1,
        540, 541, 589, 588, -1,
        541, 542, 590, 589, -1,
        542, 543, 591, 590, -1,
        543, 544, 592, 591, -1,
        544, 545, 593, 592, -1,
        545, 546, 594, 593, -1,
        546, 547, 595, 594, -1,
        547, 548, 596, 595, -1,
        548, 549, 597, 596, -1,
        549, 550, 598, 597, -1,
        550, 551, 599, 598, -1,
        551, 552, 600, 599, -1,
        552, 553, 601, 600, -1,
        553, 554, 602, 601, -1,
        554, 555, 603, 602, -1,
        555, 556, 604, 603, -1,
        556, 557, 605, 604, -1,
        557, 558, 606, 605, -1,
        558, 559, 607, 606, -1,
        559, 560, 608, 607, -1,
        560, 561, 609, 608, -1,
        561, 562, 610, 609, -1,
        562, 563, 611, 610, -1,
        563, 564, 612, 611, -1,
        564, 565, 613, 612, -1,
        565, 566, 614, 613, -1,
        566, 567, 615, 614, -1,
        567, 568, 616, 615, -1,
        568, 569, 617, 616, -1,
        569, 570, 618, 617, -1,
        570, 571, 619, 618, -1,
        571, 572, 620, 619, -1,
        572, 573, 621, 620, -1,
        573, 574, 622, 621, -1,
        574, 575, 623, 622, -1,
        575, 528, 576, 623, -1,
        576, 577, 625, 624, -1,
        577, 578, 626, 625, -1,
        578, 579, 627, 626, -1,
        579, 580, 628, 627, -1,
        580, 581, 629, 628, -1,
        581, 582, 630, 629, -1,
        582, 583, 631, 630, -1,
        583, 584, 632, 631, -1,
        584, 585, 633, 632, -1,
        585, 586, 634, 633, -1,
        586, 587, 635, 634, -1,
        587, 588, 636, 635, -1,
        588, 589, 637, 636, -1,
        589, 590, 638, 637, -1,
        590, 591, 639, 638, -1,
        591, 592, 640, 639, -1,
        592, 593, 641, 640, -1,
        593, 594, 642, 641, -1,
        594, 595, 643, 642, -1,
        595, 596, 644, 643, -1,
        596, 597, 645, 644, -1,
        597, 598, 646, 645, -1,
        598, 599, 647, 646, -1,
        599, 600, 648, 647, -1,
        600, 601, 649, 648, -1,
        601, 602, 650, 649, -1,
        602, 603, 651, 650, -1,
        603, 604, 652, 651, -1,
        604, 605, 653, 652, -1,
        605, 606, 654, 653, -1,
        606, 607, 655, 654, -1,
        607, 608, 656, 655, -1,
        608, 609, 657, 656, -1,
        609, 610, 658, 657, -1,
        610, 611, 659, 658, -1,
        611, 612, 660, 659, -1,
        612, 613, 661, 660, -1,
        613, 614, 662, 661, -1,
        614, 615, 663, 662, -1,
        615, 616, 664, 663, -1,
        616, 617, 665, 664, -1,
        617, 618, 666, 665, -1,
        618, 619, 667, 666, -1,
        619, 620, 668, 667, -1,
        620, 621, 669, 668, -1,
        621, 622, 670, 669, -1,
        622, 623, 671, 670, -1,
        623, 576, 624, 671, -1,
        672, 1, 0, -1,
        673, 624, 625, -1,
        672, 2, 1, -1,
        673, 625, 626, -1,
        672, 3, 2, -1,
        673, 626, 627, -1,
        672, 4, 3, -1,
        673, 627, 628, -1,
        672, 5, 4, -1,
        673, 628, 629, -1,
        672, 6, 5, -1,
        673, 629, 630, -1,
        672, 7, 6, -1,
        673, 630, 631, -1,
        672, 8, 7, -1,
        673, 631, 632, -1,
        672, 9, 8, -1,
        673, 632, 633, -1,
        672, 10, 9, -1,
        673, 633, 634, -1,
        672, 11, 10, -1,
        673, 634, 635, -1,
        672, 12, 11, -1,
        673, 635, 636, -1,
        672, 13, 12, -1,
        673, 636, 637, -1,
        672, 14, 13, -1,
        673, 637, 638, -1,
        672, 15, 14, -1,
        673, 638, 639, -1,
        672, 16, 15, -1,
        673, 639, 640, -1,
        672, 17, 16, -1,
        673, 640, 641, -1,
        672, 18, 17, -1,
        673, 641, 642, -1,
        672, 19, 18, -1,
        673, 642, 643, -1,
        672, 20, 19, -1,
        673, 643, 644, -1,
        672, 21, 20, -1,
        673, 644, 645, -1,
        672, 22, 21, -1,
        673, 645, 646, -1,
        672, 23, 22, -1,
        673, 646, 647, -1,
        672, 24, 23, -1,
        673, 647, 648, -1,
        672, 25, 24, -1,
        673, 648, 649, -1,
        672, 26, 25, -1,
        673, 649, 650, -1,
        672, 27, 26, -1,
        673, 650, 651, -1,
        672, 28, 27, -1,
        673, 651, 652, -1,
        672, 29, 28, -1,
        673, 652, 653, -1,
        672, 30, 29, -1,
        673, 653, 654, -1,
        672, 31, 30, -1,
        673, 654, 655, -1,
        672, 32, 31, -1,
        673, 655, 656, -1,
        672, 33, 32, -1,
        673, 656, 657, -1,
        672, 34, 33, -1,
        673, 657, 658, -1,
        672, 35, 34, -1,
        673, 658, 659, -1,
        672, 36, 35, -1,
        673, 659, 660, -1,
        672, 37, 36, -1,
        673, 660, 661, -1,
        672, 38, 37, -1,
        673, 661, 662, -1,
        672, 39, 38, -1,
        673, 662, 663, -1,
        672, 40, 39, -1,
        673, 663, 664, -1,
        672, 41, 40, -1,
        673, 664, 665, -1,
        672, 42, 41, -1,
        673, 665, 666, -1,
        672, 43, 42, -1,
        673, 666, 667, -1,
        672, 44, 43, -1,
        673, 667, 668, -1,
        672, 45, 44, -1,
        673, 668, 669, -1,
        672, 46, 45, -1,
        673, 669, 670, -1,
        672, 47, 46, -1,
        673, 670, 671, -1,
        672, 0, 47, -1,
        673, 671, 624, -1
    ]
    creaseAngle 0.80
    solid TRUE
  } }
] }
# Rolled lower crimp and retaining bead
Shape { appearance USE CRIMP_METAL geometry IndexedFaceSet {
  coord Coordinate { point [
      1.1202 0.0000 0.0037,
      1.1159 0.0976 0.0037,
      1.1032 0.1945 0.0037,
      1.0820 0.2899 0.0037,
      1.0526 0.3831 0.0037,
      1.0152 0.4734 0.0037,
      0.9701 0.5601 0.0037,
      0.9176 0.6425 0.0037,
      0.8581 0.7200 0.0037,
      0.7921 0.7921 0.0037,
      0.7200 0.8581 0.0037,
      0.6425 0.9176 0.0037,
      0.5601 0.9701 0.0037,
      0.4734 1.0152 0.0037,
      0.3831 1.0526 0.0037,
      0.2899 1.0820 0.0037,
      0.1945 1.1032 0.0037,
      0.0976 1.1159 0.0037,
      0.0000 1.1202 0.0037,
      -0.0976 1.1159 0.0037,
      -0.1945 1.1032 0.0037,
      -0.2899 1.0820 0.0037,
      -0.3831 1.0526 0.0037,
      -0.4734 1.0152 0.0037,
      -0.5601 0.9701 0.0037,
      -0.6425 0.9176 0.0037,
      -0.7200 0.8581 0.0037,
      -0.7921 0.7921 0.0037,
      -0.8581 0.7200 0.0037,
      -0.9176 0.6425 0.0037,
      -0.9701 0.5601 0.0037,
      -1.0152 0.4734 0.0037,
      -1.0526 0.3831 0.0037,
      -1.0820 0.2899 0.0037,
      -1.1032 0.1945 0.0037,
      -1.1159 0.0976 0.0037,
      -1.1202 0.0000 0.0037,
      -1.1159 -0.0976 0.0037,
      -1.1032 -0.1945 0.0037,
      -1.0820 -0.2899 0.0037,
      -1.0526 -0.3831 0.0037,
      -1.0152 -0.4734 0.0037,
      -0.9701 -0.5601 0.0037,
      -0.9176 -0.6425 0.0037,
      -0.8581 -0.7200 0.0037,
      -0.7921 -0.7921 0.0037,
      -0.7200 -0.8581 0.0037,
      -0.6425 -0.9176 0.0037,
      -0.5601 -0.9701 0.0037,
      -0.4734 -1.0152 0.0037,
      -0.3831 -1.0526 0.0037,
      -0.2899 -1.0820 0.0037,
      -0.1945 -1.1032 0.0037,
      -0.0976 -1.1159 0.0037,
      -0.0000 -1.1202 0.0037,
      0.0976 -1.1159 0.0037,
      0.1945 -1.1032 0.0037,
      0.2899 -1.0820 0.0037,
      0.3831 -1.0526 0.0037,
      0.4734 -1.0152 0.0037,
      0.5601 -0.9701 0.0037,
      0.6425 -0.9176 0.0037,
      0.7200 -0.8581 0.0037,
      0.7921 -0.7921 0.0037,
      0.8581 -0.7200 0.0037,
      0.9176 -0.6425 0.0037,
      0.9701 -0.5601 0.0037,
      1.0152 -0.4734 0.0037,
      1.0526 -0.3831 0.0037,
      1.0820 -0.2899 0.0037,
      1.1032 -0.1945 0.0037,
      1.1159 -0.0976 0.0037,
      1.1539 0.0000 0.0103,
      1.1495 0.1006 0.0103,
      1.1364 0.2004 0.0103,
      1.1146 0.2987 0.0103,
      1.0843 0.3947 0.0103,
      1.0458 0.4877 0.0103,
      0.9993 0.5770 0.0103,
      0.9452 0.6619 0.0103,
      0.8840 0.7417 0.0103,
      0.8159 0.8159 0.0103,
      0.7417 0.8840 0.0103,
      0.6619 0.9452 0.0103,
      0.5770 0.9993 0.0103,
      0.4877 1.0458 0.0103,
      0.3947 1.0843 0.0103,
      0.2987 1.1146 0.0103,
      0.2004 1.1364 0.0103,
      0.1006 1.1495 0.0103,
      0.0000 1.1539 0.0103,
      -0.1006 1.1495 0.0103,
      -0.2004 1.1364 0.0103,
      -0.2987 1.1146 0.0103,
      -0.3947 1.0843 0.0103,
      -0.4877 1.0458 0.0103,
      -0.5770 0.9993 0.0103,
      -0.6619 0.9452 0.0103,
      -0.7417 0.8840 0.0103,
      -0.8159 0.8159 0.0103,
      -0.8840 0.7417 0.0103,
      -0.9452 0.6619 0.0103,
      -0.9993 0.5770 0.0103,
      -1.0458 0.4877 0.0103,
      -1.0843 0.3947 0.0103,
      -1.1146 0.2987 0.0103,
      -1.1364 0.2004 0.0103,
      -1.1495 0.1006 0.0103,
      -1.1539 0.0000 0.0103,
      -1.1495 -0.1006 0.0103,
      -1.1364 -0.2004 0.0103,
      -1.1146 -0.2987 0.0103,
      -1.0843 -0.3947 0.0103,
      -1.0458 -0.4877 0.0103,
      -0.9993 -0.5770 0.0103,
      -0.9452 -0.6619 0.0103,
      -0.8840 -0.7417 0.0103,
      -0.8159 -0.8159 0.0103,
      -0.7417 -0.8840 0.0103,
      -0.6619 -0.9452 0.0103,
      -0.5770 -0.9993 0.0103,
      -0.4877 -1.0458 0.0103,
      -0.3947 -1.0843 0.0103,
      -0.2987 -1.1146 0.0103,
      -0.2004 -1.1364 0.0103,
      -0.1006 -1.1495 0.0103,
      -0.0000 -1.1539 0.0103,
      0.1006 -1.1495 0.0103,
      0.2004 -1.1364 0.0103,
      0.2987 -1.1146 0.0103,
      0.3947 -1.0843 0.0103,
      0.4877 -1.0458 0.0103,
      0.5770 -0.9993 0.0103,
      0.6619 -0.9452 0.0103,
      0.7417 -0.8840 0.0103,
      0.8159 -0.8159 0.0103,
      0.8840 -0.7417 0.0103,
      0.9452 -0.6619 0.0103,
      0.9993 -0.5770 0.0103,
      1.0458 -0.4877 0.0103,
      1.0843 -0.3947 0.0103,
      1.1146 -0.2987 0.0103,
      1.1364 -0.2004 0.0103,
      1.1495 -0.1006 0.0103,
      1.1783 0.0000 0.0319,
      1.1738 0.1027 0.0319,
      1.1604 0.2046 0.0319,
      1.1381 0.3050 0.0319,
      1.1072 0.4030 0.0319,
      1.0679 0.4980 0.0319,
      1.0204 0.5891 0.0319,
      0.9652 0.6758 0.0319,
      0.9026 0.7574 0.0319,
      0.8332 0.8332 0.0319,
      0.7574 0.9026 0.0319,
      0.6758 0.9652 0.0319,
      0.5891 1.0204 0.0319,
      0.4980 1.0679 0.0319,
      0.4030 1.1072 0.0319,
      0.3050 1.1381 0.0319,
      0.2046 1.1604 0.0319,
      0.1027 1.1738 0.0319,
      0.0000 1.1783 0.0319,
      -0.1027 1.1738 0.0319,
      -0.2046 1.1604 0.0319,
      -0.3050 1.1381 0.0319,
      -0.4030 1.1072 0.0319,
      -0.4980 1.0679 0.0319,
      -0.5891 1.0204 0.0319,
      -0.6758 0.9652 0.0319,
      -0.7574 0.9026 0.0319,
      -0.8332 0.8332 0.0319,
      -0.9026 0.7574 0.0319,
      -0.9652 0.6758 0.0319,
      -1.0204 0.5891 0.0319,
      -1.0679 0.4980 0.0319,
      -1.1072 0.4030 0.0319,
      -1.1381 0.3050 0.0319,
      -1.1604 0.2046 0.0319,
      -1.1738 0.1027 0.0319,
      -1.1783 0.0000 0.0319,
      -1.1738 -0.1027 0.0319,
      -1.1604 -0.2046 0.0319,
      -1.1381 -0.3050 0.0319,
      -1.1072 -0.4030 0.0319,
      -1.0679 -0.4980 0.0319,
      -1.0204 -0.5891 0.0319,
      -0.9652 -0.6758 0.0319,
      -0.9026 -0.7574 0.0319,
      -0.8332 -0.8332 0.0319,
      -0.7574 -0.9026 0.0319,
      -0.6758 -0.9652 0.0319,
      -0.5891 -1.0204 0.0319,
      -0.4980 -1.0679 0.0319,
      -0.4030 -1.1072 0.0319,
      -0.3050 -1.1381 0.0319,
      -0.2046 -1.1604 0.0319,
      -0.1027 -1.1738 0.0319,
      -0.0000 -1.1783 0.0319,
      0.1027 -1.1738 0.0319,
      0.2046 -1.1604 0.0319,
      0.3050 -1.1381 0.0319,
      0.4030 -1.1072 0.0319,
      0.4980 -1.0679 0.0319,
      0.5891 -1.0204 0.0319,
      0.6758 -0.9652 0.0319,
      0.7574 -0.9026 0.0319,
      0.8332 -0.8332 0.0319,
      0.9026 -0.7574 0.0319,
      0.9652 -0.6758 0.0319,
      1.0204 -0.5891 0.0319,
      1.0679 -0.4980 0.0319,
      1.1072 -0.4030 0.0319,
      1.1381 -0.3050 0.0319,
      1.1604 -0.2046 0.0319,
      1.1738 -0.1027 0.0319,
      1.1811 0.0000 0.0469,
      1.1766 0.1029 0.0469,
      1.1632 0.2051 0.0469,
      1.1409 0.3057 0.0469,
      1.1099 0.4040 0.0469,
      1.0704 0.4992 0.0469,
      1.0229 0.5906 0.0469,
      0.9675 0.6775 0.0469,
      0.9048 0.7592 0.0469,
      0.8352 0.8352 0.0469,
      0.7592 0.9048 0.0469,
      0.6775 0.9675 0.0469,
      0.5906 1.0229 0.0469,
      0.4992 1.0704 0.0469,
      0.4040 1.1099 0.0469,
      0.3057 1.1409 0.0469,
      0.2051 1.1632 0.0469,
      0.1029 1.1766 0.0469,
      0.0000 1.1811 0.0469,
      -0.1029 1.1766 0.0469,
      -0.2051 1.1632 0.0469,
      -0.3057 1.1409 0.0469,
      -0.4040 1.1099 0.0469,
      -0.4992 1.0704 0.0469,
      -0.5906 1.0229 0.0469,
      -0.6775 0.9675 0.0469,
      -0.7592 0.9048 0.0469,
      -0.8352 0.8352 0.0469,
      -0.9048 0.7592 0.0469,
      -0.9675 0.6775 0.0469,
      -1.0229 0.5906 0.0469,
      -1.0704 0.4992 0.0469,
      -1.1099 0.4040 0.0469,
      -1.1409 0.3057 0.0469,
      -1.1632 0.2051 0.0469,
      -1.1766 0.1029 0.0469,
      -1.1811 0.0000 0.0469,
      -1.1766 -0.1029 0.0469,
      -1.1632 -0.2051 0.0469,
      -1.1409 -0.3057 0.0469,
      -1.1099 -0.4040 0.0469,
      -1.0704 -0.4992 0.0469,
      -1.0229 -0.5906 0.0469,
      -0.9675 -0.6775 0.0469,
      -0.9048 -0.7592 0.0469,
      -0.8352 -0.8352 0.0469,
      -0.7592 -0.9048 0.0469,
      -0.6775 -0.9675 0.0469,
      -0.5906 -1.0229 0.0469,
      -0.4992 -1.0704 0.0469,
      -0.4040 -1.1099 0.0469,
      -0.3057 -1.1409 0.0469,
      -0.2051 -1.1632 0.0469,
      -0.1029 -1.1766 0.0469,
      -0.0000 -1.1811 0.0469,
      0.1029 -1.1766 0.0469,
      0.2051 -1.1632 0.0469,
      0.3057 -1.1409 0.0469,
      0.4040 -1.1099 0.0469,
      0.4992 -1.0704 0.0469,
      0.5906 -1.0229 0.0469,
      0.6775 -0.9675 0.0469,
      0.7592 -0.9048 0.0469,
      0.8352 -0.8352 0.0469,
      0.9048 -0.7592 0.0469,
      0.9675 -0.6775 0.0469,
      1.0229 -0.5906 0.0469,
      1.0704 -0.4992 0.0469,
      1.1099 -0.4040 0.0469,
      1.1409 -0.3057 0.0469,
      1.1632 -0.2051 0.0469,
      1.1766 -0.1029 0.0469,
      1.1802 0.0000 0.0600,
      1.1757 0.1029 0.0600,
      1.1622 0.2049 0.0600,
      1.1400 0.3054 0.0600,
      1.1090 0.4036 0.0600,
      1.0696 0.4988 0.0600,
      1.0221 0.5901 0.0600,
      0.9667 0.6769 0.0600,
      0.9041 0.7586 0.0600,
      0.8345 0.8345 0.0600,
      0.7586 0.9041 0.0600,
      0.6769 0.9667 0.0600,
      0.5901 1.0221 0.0600,
      0.4988 1.0696 0.0600,
      0.4036 1.1090 0.0600,
      0.3054 1.1400 0.0600,
      0.2049 1.1622 0.0600,
      0.1029 1.1757 0.0600,
      0.0000 1.1802 0.0600,
      -0.1029 1.1757 0.0600,
      -0.2049 1.1622 0.0600,
      -0.3054 1.1400 0.0600,
      -0.4036 1.1090 0.0600,
      -0.4988 1.0696 0.0600,
      -0.5901 1.0221 0.0600,
      -0.6769 0.9667 0.0600,
      -0.7586 0.9041 0.0600,
      -0.8345 0.8345 0.0600,
      -0.9041 0.7586 0.0600,
      -0.9667 0.6769 0.0600,
      -1.0221 0.5901 0.0600,
      -1.0696 0.4988 0.0600,
      -1.1090 0.4036 0.0600,
      -1.1400 0.3054 0.0600,
      -1.1622 0.2049 0.0600,
      -1.1757 0.1029 0.0600,
      -1.1802 0.0000 0.0600,
      -1.1757 -0.1029 0.0600,
      -1.1622 -0.2049 0.0600,
      -1.1400 -0.3054 0.0600,
      -1.1090 -0.4036 0.0600,
      -1.0696 -0.4988 0.0600,
      -1.0221 -0.5901 0.0600,
      -0.9667 -0.6769 0.0600,
      -0.9041 -0.7586 0.0600,
      -0.8345 -0.8345 0.0600,
      -0.7586 -0.9041 0.0600,
      -0.6769 -0.9667 0.0600,
      -0.5901 -1.0221 0.0600,
      -0.4988 -1.0696 0.0600,
      -0.4036 -1.1090 0.0600,
      -0.3054 -1.1400 0.0600,
      -0.2049 -1.1622 0.0600,
      -0.1029 -1.1757 0.0600,
      -0.0000 -1.1802 0.0600,
      0.1029 -1.1757 0.0600,
      0.2049 -1.1622 0.0600,
      0.3054 -1.1400 0.0600,
      0.4036 -1.1090 0.0600,
      0.4988 -1.0696 0.0600,
      0.5901 -1.0221 0.0600,
      0.6769 -0.9667 0.0600,
      0.7586 -0.9041 0.0600,
      0.8345 -0.8345 0.0600,
      0.9041 -0.7586 0.0600,
      0.9667 -0.6769 0.0600,
      1.0221 -0.5901 0.0600,
      1.0696 -0.4988 0.0600,
      1.1090 -0.4036 0.0600,
      1.1400 -0.3054 0.0600,
      1.1622 -0.2049 0.0600,
      1.1757 -0.1029 0.0600,
      1.1633 0.0000 0.0806,
      1.1589 0.1014 0.0806,
      1.1456 0.2020 0.0806,
      1.1237 0.3011 0.0806,
      1.0931 0.3979 0.0806,
      1.0543 0.4916 0.0806,
      1.0074 0.5816 0.0806,
      0.9529 0.6672 0.0806,
      0.8911 0.7477 0.0806,
      0.8226 0.8226 0.0806,
      0.7477 0.8911 0.0806,
      0.6672 0.9529 0.0806,
      0.5816 1.0074 0.0806,
      0.4916 1.0543 0.0806,
      0.3979 1.0931 0.0806,
      0.3011 1.1237 0.0806,
      0.2020 1.1456 0.0806,
      0.1014 1.1589 0.0806,
      0.0000 1.1633 0.0806,
      -0.1014 1.1589 0.0806,
      -0.2020 1.1456 0.0806,
      -0.3011 1.1237 0.0806,
      -0.3979 1.0931 0.0806,
      -0.4916 1.0543 0.0806,
      -0.5816 1.0074 0.0806,
      -0.6672 0.9529 0.0806,
      -0.7477 0.8911 0.0806,
      -0.8226 0.8226 0.0806,
      -0.8911 0.7477 0.0806,
      -0.9529 0.6672 0.0806,
      -1.0074 0.5816 0.0806,
      -1.0543 0.4916 0.0806,
      -1.0931 0.3979 0.0806,
      -1.1237 0.3011 0.0806,
      -1.1456 0.2020 0.0806,
      -1.1589 0.1014 0.0806,
      -1.1633 0.0000 0.0806,
      -1.1589 -0.1014 0.0806,
      -1.1456 -0.2020 0.0806,
      -1.1237 -0.3011 0.0806,
      -1.0931 -0.3979 0.0806,
      -1.0543 -0.4916 0.0806,
      -1.0074 -0.5816 0.0806,
      -0.9529 -0.6672 0.0806,
      -0.8911 -0.7477 0.0806,
      -0.8226 -0.8226 0.0806,
      -0.7477 -0.8911 0.0806,
      -0.6672 -0.9529 0.0806,
      -0.5816 -1.0074 0.0806,
      -0.4916 -1.0543 0.0806,
      -0.3979 -1.0931 0.0806,
      -0.3011 -1.1237 0.0806,
      -0.2020 -1.1456 0.0806,
      -0.1014 -1.1589 0.0806,
      -0.0000 -1.1633 0.0806,
      0.1014 -1.1589 0.0806,
      0.2020 -1.1456 0.0806,
      0.3011 -1.1237 0.0806,
      0.3979 -1.0931 0.0806,
      0.4916 -1.0543 0.0806,
      0.5816 -1.0074 0.0806,
      0.6672 -0.9529 0.0806,
      0.7477 -0.8911 0.0806,
      0.8226 -0.8226 0.0806,
      0.8911 -0.7477 0.0806,
      0.9529 -0.6672 0.0806,
      1.0074 -0.5816 0.0806,
      1.0543 -0.4916 0.0806,
      1.0931 -0.3979 0.0806,
      1.1237 -0.3011 0.0806,
      1.1456 -0.2020 0.0806,
      1.1589 -0.1014 0.0806,
      1.1595 0.0000 0.0919,
      1.1551 0.1011 0.0919,
      1.1419 0.2014 0.0919,
      1.1200 0.3001 0.0919,
      1.0896 0.3966 0.0919,
      1.0509 0.4900 0.0919,
      1.0042 0.5798 0.0919,
      0.9498 0.6651 0.0919,
      0.8883 0.7453 0.0919,
      0.8199 0.8199 0.0919,
      0.7453 0.8883 0.0919,
      0.6651 0.9498 0.0919,
      0.5798 1.0042 0.0919,
      0.4900 1.0509 0.0919,
      0.3966 1.0896 0.0919,
      0.3001 1.1200 0.0919,
      0.2014 1.1419 0.0919,
      0.1011 1.1551 0.0919,
      0.0000 1.1595 0.0919,
      -0.1011 1.1551 0.0919,
      -0.2014 1.1419 0.0919,
      -0.3001 1.1200 0.0919,
      -0.3966 1.0896 0.0919,
      -0.4900 1.0509 0.0919,
      -0.5798 1.0042 0.0919,
      -0.6651 0.9498 0.0919,
      -0.7453 0.8883 0.0919,
      -0.8199 0.8199 0.0919,
      -0.8883 0.7453 0.0919,
      -0.9498 0.6651 0.0919,
      -1.0042 0.5798 0.0919,
      -1.0509 0.4900 0.0919,
      -1.0896 0.3966 0.0919,
      -1.1200 0.3001 0.0919,
      -1.1419 0.2014 0.0919,
      -1.1551 0.1011 0.0919,
      -1.1595 0.0000 0.0919,
      -1.1551 -0.1011 0.0919,
      -1.1419 -0.2014 0.0919,
      -1.1200 -0.3001 0.0919,
      -1.0896 -0.3966 0.0919,
      -1.0509 -0.4900 0.0919,
      -1.0042 -0.5798 0.0919,
      -0.9498 -0.6651 0.0919,
      -0.8883 -0.7453 0.0919,
      -0.8199 -0.8199 0.0919,
      -0.7453 -0.8883 0.0919,
      -0.6651 -0.9498 0.0919,
      -0.5798 -1.0042 0.0919,
      -0.4900 -1.0509 0.0919,
      -0.3966 -1.0896 0.0919,
      -0.3001 -1.1200 0.0919,
      -0.2014 -1.1419 0.0919,
      -0.1011 -1.1551 0.0919,
      -0.0000 -1.1595 0.0919,
      0.1011 -1.1551 0.0919,
      0.2014 -1.1419 0.0919,
      0.3001 -1.1200 0.0919,
      0.3966 -1.0896 0.0919,
      0.4900 -1.0509 0.0919,
      0.5798 -1.0042 0.0919,
      0.6651 -0.9498 0.0919,
      0.7453 -0.8883 0.0919,
      0.8199 -0.8199 0.0919,
      0.8883 -0.7453 0.0919,
      0.9498 -0.6651 0.0919,
      1.0042 -0.5798 0.0919,
      1.0509 -0.4900 0.0919,
      1.0896 -0.3966 0.0919,
      1.1200 -0.3001 0.0919,
      1.1419 -0.2014 0.0919,
      1.1551 -0.1011 0.0919,
      1.1727 0.0000 0.1106,
      1.1682 0.1022 0.1106,
      1.1549 0.2036 0.1106,
      1.1327 0.3035 0.1106,
      1.1019 0.4011 0.1106,
      1.0628 0.4956 0.1106,
      1.0156 0.5863 0.1106,
      0.9606 0.6726 0.1106,
      0.8983 0.7538 0.1106,
      0.8292 0.8292 0.1106,
      0.7538 0.8983 0.1106,
      0.6726 0.9606 0.1106,
      0.5863 1.0156 0.1106,
      0.4956 1.0628 0.1106,
      0.4011 1.1019 0.1106,
      0.3035 1.1327 0.1106,
      0.2036 1.1549 0.1106,
      0.1022 1.1682 0.1106,
      0.0000 1.1727 0.1106,
      -0.1022 1.1682 0.1106,
      -0.2036 1.1549 0.1106,
      -0.3035 1.1327 0.1106,
      -0.4011 1.1019 0.1106,
      -0.4956 1.0628 0.1106,
      -0.5863 1.0156 0.1106,
      -0.6726 0.9606 0.1106,
      -0.7538 0.8983 0.1106,
      -0.8292 0.8292 0.1106,
      -0.8983 0.7538 0.1106,
      -0.9606 0.6726 0.1106,
      -1.0156 0.5863 0.1106,
      -1.0628 0.4956 0.1106,
      -1.1019 0.4011 0.1106,
      -1.1327 0.3035 0.1106,
      -1.1549 0.2036 0.1106,
      -1.1682 0.1022 0.1106,
      -1.1727 0.0000 0.1106,
      -1.1682 -0.1022 0.1106,
      -1.1549 -0.2036 0.1106,
      -1.1327 -0.3035 0.1106,
      -1.1019 -0.4011 0.1106,
      -1.0628 -0.4956 0.1106,
      -1.0156 -0.5863 0.1106,
      -0.9606 -0.6726 0.1106,
      -0.8983 -0.7538 0.1106,
      -0.8292 -0.8292 0.1106,
      -0.7538 -0.8983 0.1106,
      -0.6726 -0.9606 0.1106,
      -0.5863 -1.0156 0.1106,
      -0.4956 -1.0628 0.1106,
      -0.4011 -1.1019 0.1106,
      -0.3035 -1.1327 0.1106,
      -0.2036 -1.1549 0.1106,
      -0.1022 -1.1682 0.1106,
      -0.0000 -1.1727 0.1106,
      0.1022 -1.1682 0.1106,
      0.2036 -1.1549 0.1106,
      0.3035 -1.1327 0.1106,
      0.4011 -1.1019 0.1106,
      0.4956 -1.0628 0.1106,
      0.5863 -1.0156 0.1106,
      0.6726 -0.9606 0.1106,
      0.7538 -0.8983 0.1106,
      0.8292 -0.8292 0.1106,
      0.8983 -0.7538 0.1106,
      0.9606 -0.6726 0.1106,
      1.0156 -0.5863 0.1106,
      1.0628 -0.4956 0.1106,
      1.1019 -0.4011 0.1106,
      1.1327 -0.3035 0.1106,
      1.1549 -0.2036 0.1106,
      1.1682 -0.1022 0.1106,
      0.0000 0.0000 0.0037,
      0.0000 0.0000 0.1106
  ] }
  coordIndex [
      0, 1, 73, 72, -1,
      1, 2, 74, 73, -1,
      2, 3, 75, 74, -1,
      3, 4, 76, 75, -1,
      4, 5, 77, 76, -1,
      5, 6, 78, 77, -1,
      6, 7, 79, 78, -1,
      7, 8, 80, 79, -1,
      8, 9, 81, 80, -1,
      9, 10, 82, 81, -1,
      10, 11, 83, 82, -1,
      11, 12, 84, 83, -1,
      12, 13, 85, 84, -1,
      13, 14, 86, 85, -1,
      14, 15, 87, 86, -1,
      15, 16, 88, 87, -1,
      16, 17, 89, 88, -1,
      17, 18, 90, 89, -1,
      18, 19, 91, 90, -1,
      19, 20, 92, 91, -1,
      20, 21, 93, 92, -1,
      21, 22, 94, 93, -1,
      22, 23, 95, 94, -1,
      23, 24, 96, 95, -1,
      24, 25, 97, 96, -1,
      25, 26, 98, 97, -1,
      26, 27, 99, 98, -1,
      27, 28, 100, 99, -1,
      28, 29, 101, 100, -1,
      29, 30, 102, 101, -1,
      30, 31, 103, 102, -1,
      31, 32, 104, 103, -1,
      32, 33, 105, 104, -1,
      33, 34, 106, 105, -1,
      34, 35, 107, 106, -1,
      35, 36, 108, 107, -1,
      36, 37, 109, 108, -1,
      37, 38, 110, 109, -1,
      38, 39, 111, 110, -1,
      39, 40, 112, 111, -1,
      40, 41, 113, 112, -1,
      41, 42, 114, 113, -1,
      42, 43, 115, 114, -1,
      43, 44, 116, 115, -1,
      44, 45, 117, 116, -1,
      45, 46, 118, 117, -1,
      46, 47, 119, 118, -1,
      47, 48, 120, 119, -1,
      48, 49, 121, 120, -1,
      49, 50, 122, 121, -1,
      50, 51, 123, 122, -1,
      51, 52, 124, 123, -1,
      52, 53, 125, 124, -1,
      53, 54, 126, 125, -1,
      54, 55, 127, 126, -1,
      55, 56, 128, 127, -1,
      56, 57, 129, 128, -1,
      57, 58, 130, 129, -1,
      58, 59, 131, 130, -1,
      59, 60, 132, 131, -1,
      60, 61, 133, 132, -1,
      61, 62, 134, 133, -1,
      62, 63, 135, 134, -1,
      63, 64, 136, 135, -1,
      64, 65, 137, 136, -1,
      65, 66, 138, 137, -1,
      66, 67, 139, 138, -1,
      67, 68, 140, 139, -1,
      68, 69, 141, 140, -1,
      69, 70, 142, 141, -1,
      70, 71, 143, 142, -1,
      71, 0, 72, 143, -1,
      72, 73, 145, 144, -1,
      73, 74, 146, 145, -1,
      74, 75, 147, 146, -1,
      75, 76, 148, 147, -1,
      76, 77, 149, 148, -1,
      77, 78, 150, 149, -1,
      78, 79, 151, 150, -1,
      79, 80, 152, 151, -1,
      80, 81, 153, 152, -1,
      81, 82, 154, 153, -1,
      82, 83, 155, 154, -1,
      83, 84, 156, 155, -1,
      84, 85, 157, 156, -1,
      85, 86, 158, 157, -1,
      86, 87, 159, 158, -1,
      87, 88, 160, 159, -1,
      88, 89, 161, 160, -1,
      89, 90, 162, 161, -1,
      90, 91, 163, 162, -1,
      91, 92, 164, 163, -1,
      92, 93, 165, 164, -1,
      93, 94, 166, 165, -1,
      94, 95, 167, 166, -1,
      95, 96, 168, 167, -1,
      96, 97, 169, 168, -1,
      97, 98, 170, 169, -1,
      98, 99, 171, 170, -1,
      99, 100, 172, 171, -1,
      100, 101, 173, 172, -1,
      101, 102, 174, 173, -1,
      102, 103, 175, 174, -1,
      103, 104, 176, 175, -1,
      104, 105, 177, 176, -1,
      105, 106, 178, 177, -1,
      106, 107, 179, 178, -1,
      107, 108, 180, 179, -1,
      108, 109, 181, 180, -1,
      109, 110, 182, 181, -1,
      110, 111, 183, 182, -1,
      111, 112, 184, 183, -1,
      112, 113, 185, 184, -1,
      113, 114, 186, 185, -1,
      114, 115, 187, 186, -1,
      115, 116, 188, 187, -1,
      116, 117, 189, 188, -1,
      117, 118, 190, 189, -1,
      118, 119, 191, 190, -1,
      119, 120, 192, 191, -1,
      120, 121, 193, 192, -1,
      121, 122, 194, 193, -1,
      122, 123, 195, 194, -1,
      123, 124, 196, 195, -1,
      124, 125, 197, 196, -1,
      125, 126, 198, 197, -1,
      126, 127, 199, 198, -1,
      127, 128, 200, 199, -1,
      128, 129, 201, 200, -1,
      129, 130, 202, 201, -1,
      130, 131, 203, 202, -1,
      131, 132, 204, 203, -1,
      132, 133, 205, 204, -1,
      133, 134, 206, 205, -1,
      134, 135, 207, 206, -1,
      135, 136, 208, 207, -1,
      136, 137, 209, 208, -1,
      137, 138, 210, 209, -1,
      138, 139, 211, 210, -1,
      139, 140, 212, 211, -1,
      140, 141, 213, 212, -1,
      141, 142, 214, 213, -1,
      142, 143, 215, 214, -1,
      143, 72, 144, 215, -1,
      144, 145, 217, 216, -1,
      145, 146, 218, 217, -1,
      146, 147, 219, 218, -1,
      147, 148, 220, 219, -1,
      148, 149, 221, 220, -1,
      149, 150, 222, 221, -1,
      150, 151, 223, 222, -1,
      151, 152, 224, 223, -1,
      152, 153, 225, 224, -1,
      153, 154, 226, 225, -1,
      154, 155, 227, 226, -1,
      155, 156, 228, 227, -1,
      156, 157, 229, 228, -1,
      157, 158, 230, 229, -1,
      158, 159, 231, 230, -1,
      159, 160, 232, 231, -1,
      160, 161, 233, 232, -1,
      161, 162, 234, 233, -1,
      162, 163, 235, 234, -1,
      163, 164, 236, 235, -1,
      164, 165, 237, 236, -1,
      165, 166, 238, 237, -1,
      166, 167, 239, 238, -1,
      167, 168, 240, 239, -1,
      168, 169, 241, 240, -1,
      169, 170, 242, 241, -1,
      170, 171, 243, 242, -1,
      171, 172, 244, 243, -1,
      172, 173, 245, 244, -1,
      173, 174, 246, 245, -1,
      174, 175, 247, 246, -1,
      175, 176, 248, 247, -1,
      176, 177, 249, 248, -1,
      177, 178, 250, 249, -1,
      178, 179, 251, 250, -1,
      179, 180, 252, 251, -1,
      180, 181, 253, 252, -1,
      181, 182, 254, 253, -1,
      182, 183, 255, 254, -1,
      183, 184, 256, 255, -1,
      184, 185, 257, 256, -1,
      185, 186, 258, 257, -1,
      186, 187, 259, 258, -1,
      187, 188, 260, 259, -1,
      188, 189, 261, 260, -1,
      189, 190, 262, 261, -1,
      190, 191, 263, 262, -1,
      191, 192, 264, 263, -1,
      192, 193, 265, 264, -1,
      193, 194, 266, 265, -1,
      194, 195, 267, 266, -1,
      195, 196, 268, 267, -1,
      196, 197, 269, 268, -1,
      197, 198, 270, 269, -1,
      198, 199, 271, 270, -1,
      199, 200, 272, 271, -1,
      200, 201, 273, 272, -1,
      201, 202, 274, 273, -1,
      202, 203, 275, 274, -1,
      203, 204, 276, 275, -1,
      204, 205, 277, 276, -1,
      205, 206, 278, 277, -1,
      206, 207, 279, 278, -1,
      207, 208, 280, 279, -1,
      208, 209, 281, 280, -1,
      209, 210, 282, 281, -1,
      210, 211, 283, 282, -1,
      211, 212, 284, 283, -1,
      212, 213, 285, 284, -1,
      213, 214, 286, 285, -1,
      214, 215, 287, 286, -1,
      215, 144, 216, 287, -1,
      216, 217, 289, 288, -1,
      217, 218, 290, 289, -1,
      218, 219, 291, 290, -1,
      219, 220, 292, 291, -1,
      220, 221, 293, 292, -1,
      221, 222, 294, 293, -1,
      222, 223, 295, 294, -1,
      223, 224, 296, 295, -1,
      224, 225, 297, 296, -1,
      225, 226, 298, 297, -1,
      226, 227, 299, 298, -1,
      227, 228, 300, 299, -1,
      228, 229, 301, 300, -1,
      229, 230, 302, 301, -1,
      230, 231, 303, 302, -1,
      231, 232, 304, 303, -1,
      232, 233, 305, 304, -1,
      233, 234, 306, 305, -1,
      234, 235, 307, 306, -1,
      235, 236, 308, 307, -1,
      236, 237, 309, 308, -1,
      237, 238, 310, 309, -1,
      238, 239, 311, 310, -1,
      239, 240, 312, 311, -1,
      240, 241, 313, 312, -1,
      241, 242, 314, 313, -1,
      242, 243, 315, 314, -1,
      243, 244, 316, 315, -1,
      244, 245, 317, 316, -1,
      245, 246, 318, 317, -1,
      246, 247, 319, 318, -1,
      247, 248, 320, 319, -1,
      248, 249, 321, 320, -1,
      249, 250, 322, 321, -1,
      250, 251, 323, 322, -1,
      251, 252, 324, 323, -1,
      252, 253, 325, 324, -1,
      253, 254, 326, 325, -1,
      254, 255, 327, 326, -1,
      255, 256, 328, 327, -1,
      256, 257, 329, 328, -1,
      257, 258, 330, 329, -1,
      258, 259, 331, 330, -1,
      259, 260, 332, 331, -1,
      260, 261, 333, 332, -1,
      261, 262, 334, 333, -1,
      262, 263, 335, 334, -1,
      263, 264, 336, 335, -1,
      264, 265, 337, 336, -1,
      265, 266, 338, 337, -1,
      266, 267, 339, 338, -1,
      267, 268, 340, 339, -1,
      268, 269, 341, 340, -1,
      269, 270, 342, 341, -1,
      270, 271, 343, 342, -1,
      271, 272, 344, 343, -1,
      272, 273, 345, 344, -1,
      273, 274, 346, 345, -1,
      274, 275, 347, 346, -1,
      275, 276, 348, 347, -1,
      276, 277, 349, 348, -1,
      277, 278, 350, 349, -1,
      278, 279, 351, 350, -1,
      279, 280, 352, 351, -1,
      280, 281, 353, 352, -1,
      281, 282, 354, 353, -1,
      282, 283, 355, 354, -1,
      283, 284, 356, 355, -1,
      284, 285, 357, 356, -1,
      285, 286, 358, 357, -1,
      286, 287, 359, 358, -1,
      287, 216, 288, 359, -1,
      288, 289, 361, 360, -1,
      289, 290, 362, 361, -1,
      290, 291, 363, 362, -1,
      291, 292, 364, 363, -1,
      292, 293, 365, 364, -1,
      293, 294, 366, 365, -1,
      294, 295, 367, 366, -1,
      295, 296, 368, 367, -1,
      296, 297, 369, 368, -1,
      297, 298, 370, 369, -1,
      298, 299, 371, 370, -1,
      299, 300, 372, 371, -1,
      300, 301, 373, 372, -1,
      301, 302, 374, 373, -1,
      302, 303, 375, 374, -1,
      303, 304, 376, 375, -1,
      304, 305, 377, 376, -1,
      305, 306, 378, 377, -1,
      306, 307, 379, 378, -1,
      307, 308, 380, 379, -1,
      308, 309, 381, 380, -1,
      309, 310, 382, 381, -1,
      310, 311, 383, 382, -1,
      311, 312, 384, 383, -1,
      312, 313, 385, 384, -1,
      313, 314, 386, 385, -1,
      314, 315, 387, 386, -1,
      315, 316, 388, 387, -1,
      316, 317, 389, 388, -1,
      317, 318, 390, 389, -1,
      318, 319, 391, 390, -1,
      319, 320, 392, 391, -1,
      320, 321, 393, 392, -1,
      321, 322, 394, 393, -1,
      322, 323, 395, 394, -1,
      323, 324, 396, 395, -1,
      324, 325, 397, 396, -1,
      325, 326, 398, 397, -1,
      326, 327, 399, 398, -1,
      327, 328, 400, 399, -1,
      328, 329, 401, 400, -1,
      329, 330, 402, 401, -1,
      330, 331, 403, 402, -1,
      331, 332, 404, 403, -1,
      332, 333, 405, 404, -1,
      333, 334, 406, 405, -1,
      334, 335, 407, 406, -1,
      335, 336, 408, 407, -1,
      336, 337, 409, 408, -1,
      337, 338, 410, 409, -1,
      338, 339, 411, 410, -1,
      339, 340, 412, 411, -1,
      340, 341, 413, 412, -1,
      341, 342, 414, 413, -1,
      342, 343, 415, 414, -1,
      343, 344, 416, 415, -1,
      344, 345, 417, 416, -1,
      345, 346, 418, 417, -1,
      346, 347, 419, 418, -1,
      347, 348, 420, 419, -1,
      348, 349, 421, 420, -1,
      349, 350, 422, 421, -1,
      350, 351, 423, 422, -1,
      351, 352, 424, 423, -1,
      352, 353, 425, 424, -1,
      353, 354, 426, 425, -1,
      354, 355, 427, 426, -1,
      355, 356, 428, 427, -1,
      356, 357, 429, 428, -1,
      357, 358, 430, 429, -1,
      358, 359, 431, 430, -1,
      359, 288, 360, 431, -1,
      360, 361, 433, 432, -1,
      361, 362, 434, 433, -1,
      362, 363, 435, 434, -1,
      363, 364, 436, 435, -1,
      364, 365, 437, 436, -1,
      365, 366, 438, 437, -1,
      366, 367, 439, 438, -1,
      367, 368, 440, 439, -1,
      368, 369, 441, 440, -1,
      369, 370, 442, 441, -1,
      370, 371, 443, 442, -1,
      371, 372, 444, 443, -1,
      372, 373, 445, 444, -1,
      373, 374, 446, 445, -1,
      374, 375, 447, 446, -1,
      375, 376, 448, 447, -1,
      376, 377, 449, 448, -1,
      377, 378, 450, 449, -1,
      378, 379, 451, 450, -1,
      379, 380, 452, 451, -1,
      380, 381, 453, 452, -1,
      381, 382, 454, 453, -1,
      382, 383, 455, 454, -1,
      383, 384, 456, 455, -1,
      384, 385, 457, 456, -1,
      385, 386, 458, 457, -1,
      386, 387, 459, 458, -1,
      387, 388, 460, 459, -1,
      388, 389, 461, 460, -1,
      389, 390, 462, 461, -1,
      390, 391, 463, 462, -1,
      391, 392, 464, 463, -1,
      392, 393, 465, 464, -1,
      393, 394, 466, 465, -1,
      394, 395, 467, 466, -1,
      395, 396, 468, 467, -1,
      396, 397, 469, 468, -1,
      397, 398, 470, 469, -1,
      398, 399, 471, 470, -1,
      399, 400, 472, 471, -1,
      400, 401, 473, 472, -1,
      401, 402, 474, 473, -1,
      402, 403, 475, 474, -1,
      403, 404, 476, 475, -1,
      404, 405, 477, 476, -1,
      405, 406, 478, 477, -1,
      406, 407, 479, 478, -1,
      407, 408, 480, 479, -1,
      408, 409, 481, 480, -1,
      409, 410, 482, 481, -1,
      410, 411, 483, 482, -1,
      411, 412, 484, 483, -1,
      412, 413, 485, 484, -1,
      413, 414, 486, 485, -1,
      414, 415, 487, 486, -1,
      415, 416, 488, 487, -1,
      416, 417, 489, 488, -1,
      417, 418, 490, 489, -1,
      418, 419, 491, 490, -1,
      419, 420, 492, 491, -1,
      420, 421, 493, 492, -1,
      421, 422, 494, 493, -1,
      422, 423, 495, 494, -1,
      423, 424, 496, 495, -1,
      424, 425, 497, 496, -1,
      425, 426, 498, 497, -1,
      426, 427, 499, 498, -1,
      427, 428, 500, 499, -1,
      428, 429, 501, 500, -1,
      429, 430, 502, 501, -1,
      430, 431, 503, 502, -1,
      431, 360, 432, 503, -1,
      432, 433, 505, 504, -1,
      433, 434, 506, 505, -1,
      434, 435, 507, 506, -1,
      435, 436, 508, 507, -1,
      436, 437, 509, 508, -1,
      437, 438, 510, 509, -1,
      438, 439, 511, 510, -1,
      439, 440, 512, 511, -1,
      440, 441, 513, 512, -1,
      441, 442, 514, 513, -1,
      442, 443, 515, 514, -1,
      443, 444, 516, 515, -1,
      444, 445, 517, 516, -1,
      445, 446, 518, 517, -1,
      446, 447, 519, 518, -1,
      447, 448, 520, 519, -1,
      448, 449, 521, 520, -1,
      449, 450, 522, 521, -1,
      450, 451, 523, 522, -1,
      451, 452, 524, 523, -1,
      452, 453, 525, 524, -1,
      453, 454, 526, 525, -1,
      454, 455, 527, 526, -1,
      455, 456, 528, 527, -1,
      456, 457, 529, 528, -1,
      457, 458, 530, 529, -1,
      458, 459, 531, 530, -1,
      459, 460, 532, 531, -1,
      460, 461, 533, 532, -1,
      461, 462, 534, 533, -1,
      462, 463, 535, 534, -1,
      463, 464, 536, 535, -1,
      464, 465, 537, 536, -1,
      465, 466, 538, 537, -1,
      466, 467, 539, 538, -1,
      467, 468, 540, 539, -1,
      468, 469, 541, 540, -1,
      469, 470, 542, 541, -1,
      470, 471, 543, 542, -1,
      471, 472, 544, 543, -1,
      472, 473, 545, 544, -1,
      473, 474, 546, 545, -1,
      474, 475, 547, 546, -1,
      475, 476, 548, 547, -1,
      476, 477, 549, 548, -1,
      477, 478, 550, 549, -1,
      478, 479, 551, 550, -1,
      479, 480, 552, 551, -1,
      480, 481, 553, 552, -1,
      481, 482, 554, 553, -1,
      482, 483, 555, 554, -1,
      483, 484, 556, 555, -1,
      484, 485, 557, 556, -1,
      485, 486, 558, 557, -1,
      486, 487, 559, 558, -1,
      487, 488, 560, 559, -1,
      488, 489, 561, 560, -1,
      489, 490, 562, 561, -1,
      490, 491, 563, 562, -1,
      491, 492, 564, 563, -1,
      492, 493, 565, 564, -1,
      493, 494, 566, 565, -1,
      494, 495, 567, 566, -1,
      495, 496, 568, 567, -1,
      496, 497, 569, 568, -1,
      497, 498, 570, 569, -1,
      498, 499, 571, 570, -1,
      499, 500, 572, 571, -1,
      500, 501, 573, 572, -1,
      501, 502, 574, 573, -1,
      502, 503, 575, 574, -1,
      503, 432, 504, 575, -1,
      576, 1, 0, -1,
      577, 504, 505, -1,
      576, 2, 1, -1,
      577, 505, 506, -1,
      576, 3, 2, -1,
      577, 506, 507, -1,
      576, 4, 3, -1,
      577, 507, 508, -1,
      576, 5, 4, -1,
      577, 508, 509, -1,
      576, 6, 5, -1,
      577, 509, 510, -1,
      576, 7, 6, -1,
      577, 510, 511, -1,
      576, 8, 7, -1,
      577, 511, 512, -1,
      576, 9, 8, -1,
      577, 512, 513, -1,
      576, 10, 9, -1,
      577, 513, 514, -1,
      576, 11, 10, -1,
      577, 514, 515, -1,
      576, 12, 11, -1,
      577, 515, 516, -1,
      576, 13, 12, -1,
      577, 516, 517, -1,
      576, 14, 13, -1,
      577, 517, 518, -1,
      576, 15, 14, -1,
      577, 518, 519, -1,
      576, 16, 15, -1,
      577, 519, 520, -1,
      576, 17, 16, -1,
      577, 520, 521, -1,
      576, 18, 17, -1,
      577, 521, 522, -1,
      576, 19, 18, -1,
      577, 522, 523, -1,
      576, 20, 19, -1,
      577, 523, 524, -1,
      576, 21, 20, -1,
      577, 524, 525, -1,
      576, 22, 21, -1,
      577, 525, 526, -1,
      576, 23, 22, -1,
      577, 526, 527, -1,
      576, 24, 23, -1,
      577, 527, 528, -1,
      576, 25, 24, -1,
      577, 528, 529, -1,
      576, 26, 25, -1,
      577, 529, 530, -1,
      576, 27, 26, -1,
      577, 530, 531, -1,
      576, 28, 27, -1,
      577, 531, 532, -1,
      576, 29, 28, -1,
      577, 532, 533, -1,
      576, 30, 29, -1,
      577, 533, 534, -1,
      576, 31, 30, -1,
      577, 534, 535, -1,
      576, 32, 31, -1,
      577, 535, 536, -1,
      576, 33, 32, -1,
      577, 536, 537, -1,
      576, 34, 33, -1,
      577, 537, 538, -1,
      576, 35, 34, -1,
      577, 538, 539, -1,
      576, 36, 35, -1,
      577, 539, 540, -1,
      576, 37, 36, -1,
      577, 540, 541, -1,
      576, 38, 37, -1,
      577, 541, 542, -1,
      576, 39, 38, -1,
      577, 542, 543, -1,
      576, 40, 39, -1,
      577, 543, 544, -1,
      576, 41, 40, -1,
      577, 544, 545, -1,
      576, 42, 41, -1,
      577, 545, 546, -1,
      576, 43, 42, -1,
      577, 546, 547, -1,
      576, 44, 43, -1,
      577, 547, 548, -1,
      576, 45, 44, -1,
      577, 548, 549, -1,
      576, 46, 45, -1,
      577, 549, 550, -1,
      576, 47, 46, -1,
      577, 550, 551, -1,
      576, 48, 47, -1,
      577, 551, 552, -1,
      576, 49, 48, -1,
      577, 552, 553, -1,
      576, 50, 49, -1,
      577, 553, 554, -1,
      576, 51, 50, -1,
      577, 554, 555, -1,
      576, 52, 51, -1,
      577, 555, 556, -1,
      576, 53, 52, -1,
      577, 556, 557, -1,
      576, 54, 53, -1,
      577, 557, 558, -1,
      576, 55, 54, -1,
      577, 558, 559, -1,
      576, 56, 55, -1,
      577, 559, 560, -1,
      576, 57, 56, -1,
      577, 560, 561, -1,
      576, 58, 57, -1,
      577, 561, 562, -1,
      576, 59, 58, -1,
      577, 562, 563, -1,
      576, 60, 59, -1,
      577, 563, 564, -1,
      576, 61, 60, -1,
      577, 564, 565, -1,
      576, 62, 61, -1,
      577, 565, 566, -1,
      576, 63, 62, -1,
      577, 566, 567, -1,
      576, 64, 63, -1,
      577, 567, 568, -1,
      576, 65, 64, -1,
      577, 568, 569, -1,
      576, 66, 65, -1,
      577, 569, 570, -1,
      576, 67, 66, -1,
      577, 570, 571, -1,
      576, 68, 67, -1,
      577, 571, 572, -1,
      576, 69, 68, -1,
      577, 572, 573, -1,
      576, 70, 69, -1,
      577, 573, 574, -1,
      576, 71, 70, -1,
      577, 574, 575, -1,
      576, 0, 71, -1,
      577, 575, 504, -1
  ]
  creaseAngle 1.15
  solid TRUE
} }
# Black sleeve and rounded top shoulder
Shape { appearance USE SLEEVE geometry IndexedFaceSet {
  coord Coordinate { point [
      1.1239 0.0000 0.0450,
      1.1196 0.0980 0.0450,
      1.1068 0.1952 0.0450,
      1.0856 0.2909 0.0450,
      1.0561 0.3844 0.0450,
      1.0186 0.4750 0.0450,
      0.9733 0.5620 0.0450,
      0.9207 0.6447 0.0450,
      0.8610 0.7224 0.0450,
      0.7947 0.7947 0.0450,
      0.7224 0.8610 0.0450,
      0.6447 0.9207 0.0450,
      0.5620 0.9733 0.0450,
      0.4750 1.0186 0.0450,
      0.3844 1.0561 0.0450,
      0.2909 1.0856 0.0450,
      0.1952 1.1068 0.0450,
      0.0980 1.1196 0.0450,
      0.0000 1.1239 0.0450,
      -0.0980 1.1196 0.0450,
      -0.1952 1.1068 0.0450,
      -0.2909 1.0856 0.0450,
      -0.3844 1.0561 0.0450,
      -0.4750 1.0186 0.0450,
      -0.5620 0.9733 0.0450,
      -0.6447 0.9207 0.0450,
      -0.7224 0.8610 0.0450,
      -0.7947 0.7947 0.0450,
      -0.8610 0.7224 0.0450,
      -0.9207 0.6447 0.0450,
      -0.9733 0.5620 0.0450,
      -1.0186 0.4750 0.0450,
      -1.0561 0.3844 0.0450,
      -1.0856 0.2909 0.0450,
      -1.1068 0.1952 0.0450,
      -1.1196 0.0980 0.0450,
      -1.1239 0.0000 0.0450,
      -1.1196 -0.0980 0.0450,
      -1.1068 -0.1952 0.0450,
      -1.0856 -0.2909 0.0450,
      -1.0561 -0.3844 0.0450,
      -1.0186 -0.4750 0.0450,
      -0.9733 -0.5620 0.0450,
      -0.9207 -0.6447 0.0450,
      -0.8610 -0.7224 0.0450,
      -0.7947 -0.7947 0.0450,
      -0.7224 -0.8610 0.0450,
      -0.6447 -0.9207 0.0450,
      -0.5620 -0.9733 0.0450,
      -0.4750 -1.0186 0.0450,
      -0.3844 -1.0561 0.0450,
      -0.2909 -1.0856 0.0450,
      -0.1952 -1.1068 0.0450,
      -0.0980 -1.1196 0.0450,
      -0.0000 -1.1239 0.0450,
      0.0980 -1.1196 0.0450,
      0.1952 -1.1068 0.0450,
      0.2909 -1.0856 0.0450,
      0.3844 -1.0561 0.0450,
      0.4750 -1.0186 0.0450,
      0.5620 -0.9733 0.0450,
      0.6447 -0.9207 0.0450,
      0.7224 -0.8610 0.0450,
      0.7947 -0.7947 0.0450,
      0.8610 -0.7224 0.0450,
      0.9207 -0.6447 0.0450,
      0.9733 -0.5620 0.0450,
      1.0186 -0.4750 0.0450,
      1.0561 -0.3844 0.0450,
      1.0856 -0.2909 0.0450,
      1.1068 -0.1952 0.0450,
      1.1196 -0.0980 0.0450,
      1.1502 0.0000 0.0600,
      1.1458 0.1002 0.0600,
      1.1327 0.1997 0.0600,
      1.1110 0.2977 0.0600,
      1.0808 0.3934 0.0600,
      1.0424 0.4861 0.0600,
      0.9961 0.5751 0.0600,
      0.9422 0.6597 0.0600,
      0.8811 0.7393 0.0600,
      0.8133 0.8133 0.0600,
      0.7393 0.8811 0.0600,
      0.6597 0.9422 0.0600,
      0.5751 0.9961 0.0600,
      0.4861 1.0424 0.0600,
      0.3934 1.0808 0.0600,
      0.2977 1.1110 0.0600,
      0.1997 1.1327 0.0600,
      0.1002 1.1458 0.0600,
      0.0000 1.1502 0.0600,
      -0.1002 1.1458 0.0600,
      -0.1997 1.1327 0.0600,
      -0.2977 1.1110 0.0600,
      -0.3934 1.0808 0.0600,
      -0.4861 1.0424 0.0600,
      -0.5751 0.9961 0.0600,
      -0.6597 0.9422 0.0600,
      -0.7393 0.8811 0.0600,
      -0.8133 0.8133 0.0600,
      -0.8811 0.7393 0.0600,
      -0.9422 0.6597 0.0600,
      -0.9961 0.5751 0.0600,
      -1.0424 0.4861 0.0600,
      -1.0808 0.3934 0.0600,
      -1.1110 0.2977 0.0600,
      -1.1327 0.1997 0.0600,
      -1.1458 0.1002 0.0600,
      -1.1502 0.0000 0.0600,
      -1.1458 -0.1002 0.0600,
      -1.1327 -0.1997 0.0600,
      -1.1110 -0.2977 0.0600,
      -1.0808 -0.3934 0.0600,
      -1.0424 -0.4861 0.0600,
      -0.9961 -0.5751 0.0600,
      -0.9422 -0.6597 0.0600,
      -0.8811 -0.7393 0.0600,
      -0.8133 -0.8133 0.0600,
      -0.7393 -0.8811 0.0600,
      -0.6597 -0.9422 0.0600,
      -0.5751 -0.9961 0.0600,
      -0.4861 -1.0424 0.0600,
      -0.3934 -1.0808 0.0600,
      -0.2977 -1.1110 0.0600,
      -0.1997 -1.1327 0.0600,
      -0.1002 -1.1458 0.0600,
      -0.0000 -1.1502 0.0600,
      0.1002 -1.1458 0.0600,
      0.1997 -1.1327 0.0600,
      0.2977 -1.1110 0.0600,
      0.3934 -1.0808 0.0600,
      0.4861 -1.0424 0.0600,
      0.5751 -0.9961 0.0600,
      0.6597 -0.9422 0.0600,
      0.7393 -0.8811 0.0600,
      0.8133 -0.8133 0.0600,
      0.8811 -0.7393 0.0600,
      0.9422 -0.6597 0.0600,
      0.9961 -0.5751 0.0600,
      1.0424 -0.4861 0.0600,
      1.0808 -0.3934 0.0600,
      1.1110 -0.2977 0.0600,
      1.1327 -0.1997 0.0600,
      1.1458 -0.1002 0.0600,
      1.1680 0.0000 0.0862,
      1.1635 0.1018 0.0862,
      1.1502 0.2028 0.0862,
      1.1282 0.3023 0.0862,
      1.0975 0.3995 0.0862,
      1.0585 0.4936 0.0862,
      1.0115 0.5840 0.0862,
      0.9568 0.6699 0.0862,
      0.8947 0.7508 0.0862,
      0.8259 0.8259 0.0862,
      0.7508 0.8947 0.0862,
      0.6699 0.9568 0.0862,
      0.5840 1.0115 0.0862,
      0.4936 1.0585 0.0862,
      0.3995 1.0975 0.0862,
      0.3023 1.1282 0.0862,
      0.2028 1.1502 0.0862,
      0.1018 1.1635 0.0862,
      0.0000 1.1680 0.0862,
      -0.1018 1.1635 0.0862,
      -0.2028 1.1502 0.0862,
      -0.3023 1.1282 0.0862,
      -0.3995 1.0975 0.0862,
      -0.4936 1.0585 0.0862,
      -0.5840 1.0115 0.0862,
      -0.6699 0.9568 0.0862,
      -0.7508 0.8947 0.0862,
      -0.8259 0.8259 0.0862,
      -0.8947 0.7508 0.0862,
      -0.9568 0.6699 0.0862,
      -1.0115 0.5840 0.0862,
      -1.0585 0.4936 0.0862,
      -1.0975 0.3995 0.0862,
      -1.1282 0.3023 0.0862,
      -1.1502 0.2028 0.0862,
      -1.1635 0.1018 0.0862,
      -1.1680 0.0000 0.0862,
      -1.1635 -0.1018 0.0862,
      -1.1502 -0.2028 0.0862,
      -1.1282 -0.3023 0.0862,
      -1.0975 -0.3995 0.0862,
      -1.0585 -0.4936 0.0862,
      -1.0115 -0.5840 0.0862,
      -0.9568 -0.6699 0.0862,
      -0.8947 -0.7508 0.0862,
      -0.8259 -0.8259 0.0862,
      -0.7508 -0.8947 0.0862,
      -0.6699 -0.9568 0.0862,
      -0.5840 -1.0115 0.0862,
      -0.4936 -1.0585 0.0862,
      -0.3995 -1.0975 0.0862,
      -0.3023 -1.1282 0.0862,
      -0.2028 -1.1502 0.0862,
      -0.1018 -1.1635 0.0862,
      -0.0000 -1.1680 0.0862,
      0.1018 -1.1635 0.0862,
      0.2028 -1.1502 0.0862,
      0.3023 -1.1282 0.0862,
      0.3995 -1.0975 0.0862,
      0.4936 -1.0585 0.0862,
      0.5840 -1.0115 0.0862,
      0.6699 -0.9568 0.0862,
      0.7508 -0.8947 0.0862,
      0.8259 -0.8259 0.0862,
      0.8947 -0.7508 0.0862,
      0.9568 -0.6699 0.0862,
      1.0115 -0.5840 0.0862,
      1.0585 -0.4936 0.0862,
      1.0975 -0.3995 0.0862,
      1.1282 -0.3023 0.0862,
      1.1502 -0.2028 0.0862,
      1.1635 -0.1018 0.0862,
      1.1764 0.0000 0.1275,
      1.1719 0.1025 0.1275,
      1.1585 0.2043 0.1275,
      1.1363 0.3045 0.1275,
      1.1055 0.4024 0.1275,
      1.0662 0.4972 0.1275,
      1.0188 0.5882 0.1275,
      0.9637 0.6748 0.1275,
      0.9012 0.7562 0.1275,
      0.8319 0.8319 0.1275,
      0.7562 0.9012 0.1275,
      0.6748 0.9637 0.1275,
      0.5882 1.0188 0.1275,
      0.4972 1.0662 0.1275,
      0.4024 1.1055 0.1275,
      0.3045 1.1363 0.1275,
      0.2043 1.1585 0.1275,
      0.1025 1.1719 0.1275,
      0.0000 1.1764 0.1275,
      -0.1025 1.1719 0.1275,
      -0.2043 1.1585 0.1275,
      -0.3045 1.1363 0.1275,
      -0.4024 1.1055 0.1275,
      -0.4972 1.0662 0.1275,
      -0.5882 1.0188 0.1275,
      -0.6748 0.9637 0.1275,
      -0.7562 0.9012 0.1275,
      -0.8319 0.8319 0.1275,
      -0.9012 0.7562 0.1275,
      -0.9637 0.6748 0.1275,
      -1.0188 0.5882 0.1275,
      -1.0662 0.4972 0.1275,
      -1.1055 0.4024 0.1275,
      -1.1363 0.3045 0.1275,
      -1.1585 0.2043 0.1275,
      -1.1719 0.1025 0.1275,
      -1.1764 0.0000 0.1275,
      -1.1719 -0.1025 0.1275,
      -1.1585 -0.2043 0.1275,
      -1.1363 -0.3045 0.1275,
      -1.1055 -0.4024 0.1275,
      -1.0662 -0.4972 0.1275,
      -1.0188 -0.5882 0.1275,
      -0.9637 -0.6748 0.1275,
      -0.9012 -0.7562 0.1275,
      -0.8319 -0.8319 0.1275,
      -0.7562 -0.9012 0.1275,
      -0.6748 -0.9637 0.1275,
      -0.5882 -1.0188 0.1275,
      -0.4972 -1.0662 0.1275,
      -0.4024 -1.1055 0.1275,
      -0.3045 -1.1363 0.1275,
      -0.2043 -1.1585 0.1275,
      -0.1025 -1.1719 0.1275,
      -0.0000 -1.1764 0.1275,
      0.1025 -1.1719 0.1275,
      0.2043 -1.1585 0.1275,
      0.3045 -1.1363 0.1275,
      0.4024 -1.1055 0.1275,
      0.4972 -1.0662 0.1275,
      0.5882 -1.0188 0.1275,
      0.6748 -0.9637 0.1275,
      0.7562 -0.9012 0.1275,
      0.8319 -0.8319 0.1275,
      0.9012 -0.7562 0.1275,
      0.9637 -0.6748 0.1275,
      1.0188 -0.5882 0.1275,
      1.0662 -0.4972 0.1275,
      1.1055 -0.4024 0.1275,
      1.1363 -0.3045 0.1275,
      1.1585 -0.2043 0.1275,
      1.1719 -0.1025 0.1275,
      1.1764 0.0000 1.8298,
      1.1719 0.1025 1.8298,
      1.1585 0.2043 1.8298,
      1.1363 0.3045 1.8298,
      1.1055 0.4024 1.8298,
      1.0662 0.4972 1.8298,
      1.0188 0.5882 1.8298,
      0.9637 0.6748 1.8298,
      0.9012 0.7562 1.8298,
      0.8319 0.8319 1.8298,
      0.7562 0.9012 1.8298,
      0.6748 0.9637 1.8298,
      0.5882 1.0188 1.8298,
      0.4972 1.0662 1.8298,
      0.4024 1.1055 1.8298,
      0.3045 1.1363 1.8298,
      0.2043 1.1585 1.8298,
      0.1025 1.1719 1.8298,
      0.0000 1.1764 1.8298,
      -0.1025 1.1719 1.8298,
      -0.2043 1.1585 1.8298,
      -0.3045 1.1363 1.8298,
      -0.4024 1.1055 1.8298,
      -0.4972 1.0662 1.8298,
      -0.5882 1.0188 1.8298,
      -0.6748 0.9637 1.8298,
      -0.7562 0.9012 1.8298,
      -0.8319 0.8319 1.8298,
      -0.9012 0.7562 1.8298,
      -0.9637 0.6748 1.8298,
      -1.0188 0.5882 1.8298,
      -1.0662 0.4972 1.8298,
      -1.1055 0.4024 1.8298,
      -1.1363 0.3045 1.8298,
      -1.1585 0.2043 1.8298,
      -1.1719 0.1025 1.8298,
      -1.1764 0.0000 1.8298,
      -1.1719 -0.1025 1.8298,
      -1.1585 -0.2043 1.8298,
      -1.1363 -0.3045 1.8298,
      -1.1055 -0.4024 1.8298,
      -1.0662 -0.4972 1.8298,
      -1.0188 -0.5882 1.8298,
      -0.9637 -0.6748 1.8298,
      -0.9012 -0.7562 1.8298,
      -0.8319 -0.8319 1.8298,
      -0.7562 -0.9012 1.8298,
      -0.6748 -0.9637 1.8298,
      -0.5882 -1.0188 1.8298,
      -0.4972 -1.0662 1.8298,
      -0.4024 -1.1055 1.8298,
      -0.3045 -1.1363 1.8298,
      -0.2043 -1.1585 1.8298,
      -0.1025 -1.1719 1.8298,
      -0.0000 -1.1764 1.8298,
      0.1025 -1.1719 1.8298,
      0.2043 -1.1585 1.8298,
      0.3045 -1.1363 1.8298,
      0.4024 -1.1055 1.8298,
      0.4972 -1.0662 1.8298,
      0.5882 -1.0188 1.8298,
      0.6748 -0.9637 1.8298,
      0.7562 -0.9012 1.8298,
      0.8319 -0.8319 1.8298,
      0.9012 -0.7562 1.8298,
      0.9637 -0.6748 1.8298,
      1.0188 -0.5882 1.8298,
      1.0662 -0.4972 1.8298,
      1.1055 -0.4024 1.8298,
      1.1363 -0.3045 1.8298,
      1.1585 -0.2043 1.8298,
      1.1719 -0.1025 1.8298,
      1.1730 0.0000 1.8654,
      1.1686 0.1022 1.8654,
      1.1552 0.2037 1.8654,
      1.1331 0.3036 1.8654,
      1.1023 0.4012 1.8654,
      1.0631 0.4957 1.8654,
      1.0159 0.5865 1.8654,
      0.9609 0.6728 1.8654,
      0.8986 0.7540 1.8654,
      0.8295 0.8295 1.8654,
      0.7540 0.8986 1.8654,
      0.6728 0.9609 1.8654,
      0.5865 1.0159 1.8654,
      0.4957 1.0631 1.8654,
      0.4012 1.1023 1.8654,
      0.3036 1.1331 1.8654,
      0.2037 1.1552 1.8654,
      0.1022 1.1686 1.8654,
      0.0000 1.1730 1.8654,
      -0.1022 1.1686 1.8654,
      -0.2037 1.1552 1.8654,
      -0.3036 1.1331 1.8654,
      -0.4012 1.1023 1.8654,
      -0.4957 1.0631 1.8654,
      -0.5865 1.0159 1.8654,
      -0.6728 0.9609 1.8654,
      -0.7540 0.8986 1.8654,
      -0.8295 0.8295 1.8654,
      -0.8986 0.7540 1.8654,
      -0.9609 0.6728 1.8654,
      -1.0159 0.5865 1.8654,
      -1.0631 0.4957 1.8654,
      -1.1023 0.4012 1.8654,
      -1.1331 0.3036 1.8654,
      -1.1552 0.2037 1.8654,
      -1.1686 0.1022 1.8654,
      -1.1730 0.0000 1.8654,
      -1.1686 -0.1022 1.8654,
      -1.1552 -0.2037 1.8654,
      -1.1331 -0.3036 1.8654,
      -1.1023 -0.4012 1.8654,
      -1.0631 -0.4957 1.8654,
      -1.0159 -0.5865 1.8654,
      -0.9609 -0.6728 1.8654,
      -0.8986 -0.7540 1.8654,
      -0.8295 -0.8295 1.8654,
      -0.7540 -0.8986 1.8654,
      -0.6728 -0.9609 1.8654,
      -0.5865 -1.0159 1.8654,
      -0.4957 -1.0631 1.8654,
      -0.4012 -1.1023 1.8654,
      -0.3036 -1.1331 1.8654,
      -0.2037 -1.1552 1.8654,
      -0.1022 -1.1686 1.8654,
      -0.0000 -1.1730 1.8654,
      0.1022 -1.1686 1.8654,
      0.2037 -1.1552 1.8654,
      0.3036 -1.1331 1.8654,
      0.4012 -1.1023 1.8654,
      0.4957 -1.0631 1.8654,
      0.5865 -1.0159 1.8654,
      0.6728 -0.9609 1.8654,
      0.7540 -0.8986 1.8654,
      0.8295 -0.8295 1.8654,
      0.8986 -0.7540 1.8654,
      0.9609 -0.6728 1.8654,
      1.0159 -0.5865 1.8654,
      1.0631 -0.4957 1.8654,
      1.1023 -0.4012 1.8654,
      1.1331 -0.3036 1.8654,
      1.1552 -0.2037 1.8654,
      1.1686 -0.1022 1.8654,
      1.1595 0.0000 1.8973,
      1.1551 0.1011 1.8973,
      1.1419 0.2014 1.8973,
      1.1200 0.3001 1.8973,
      1.0896 0.3966 1.8973,
      1.0509 0.4900 1.8973,
      1.0042 0.5798 1.8973,
      0.9498 0.6651 1.8973,
      0.8883 0.7453 1.8973,
      0.8199 0.8199 1.8973,
      0.7453 0.8883 1.8973,
      0.6651 0.9498 1.8973,
      0.5798 1.0042 1.8973,
      0.4900 1.0509 1.8973,
      0.3966 1.0896 1.8973,
      0.3001 1.1200 1.8973,
      0.2014 1.1419 1.8973,
      0.1011 1.1551 1.8973,
      0.0000 1.1595 1.8973,
      -0.1011 1.1551 1.8973,
      -0.2014 1.1419 1.8973,
      -0.3001 1.1200 1.8973,
      -0.3966 1.0896 1.8973,
      -0.4900 1.0509 1.8973,
      -0.5798 1.0042 1.8973,
      -0.6651 0.9498 1.8973,
      -0.7453 0.8883 1.8973,
      -0.8199 0.8199 1.8973,
      -0.8883 0.7453 1.8973,
      -0.9498 0.6651 1.8973,
      -1.0042 0.5798 1.8973,
      -1.0509 0.4900 1.8973,
      -1.0896 0.3966 1.8973,
      -1.1200 0.3001 1.8973,
      -1.1419 0.2014 1.8973,
      -1.1551 0.1011 1.8973,
      -1.1595 0.0000 1.8973,
      -1.1551 -0.1011 1.8973,
      -1.1419 -0.2014 1.8973,
      -1.1200 -0.3001 1.8973,
      -1.0896 -0.3966 1.8973,
      -1.0509 -0.4900 1.8973,
      -1.0042 -0.5798 1.8973,
      -0.9498 -0.6651 1.8973,
      -0.8883 -0.7453 1.8973,
      -0.8199 -0.8199 1.8973,
      -0.7453 -0.8883 1.8973,
      -0.6651 -0.9498 1.8973,
      -0.5798 -1.0042 1.8973,
      -0.4900 -1.0509 1.8973,
      -0.3966 -1.0896 1.8973,
      -0.3001 -1.1200 1.8973,
      -0.2014 -1.1419 1.8973,
      -0.1011 -1.1551 1.8973,
      -0.0000 -1.1595 1.8973,
      0.1011 -1.1551 1.8973,
      0.2014 -1.1419 1.8973,
      0.3001 -1.1200 1.8973,
      0.3966 -1.0896 1.8973,
      0.4900 -1.0509 1.8973,
      0.5798 -1.0042 1.8973,
      0.6651 -0.9498 1.8973,
      0.7453 -0.8883 1.8973,
      0.8199 -0.8199 1.8973,
      0.8883 -0.7453 1.8973,
      0.9498 -0.6651 1.8973,
      1.0042 -0.5798 1.8973,
      1.0509 -0.4900 1.8973,
      1.0896 -0.3966 1.8973,
      1.1200 -0.3001 1.8973,
      1.1419 -0.2014 1.8973,
      1.1551 -0.1011 1.8973,
      1.1333 0.0000 1.9329,
      1.1290 0.0988 1.9329,
      1.1161 0.1968 1.9329,
      1.0947 0.2933 1.9329,
      1.0649 0.3876 1.9329,
      1.0271 0.4790 1.9329,
      0.9815 0.5666 1.9329,
      0.9283 0.6500 1.9329,
      0.8682 0.7285 1.9329,
      0.8014 0.8014 1.9329,
      0.7285 0.8682 1.9329,
      0.6500 0.9283 1.9329,
      0.5666 0.9815 1.9329,
      0.4790 1.0271 1.9329,
      0.3876 1.0649 1.9329,
      0.2933 1.0947 1.9329,
      0.1968 1.1161 1.9329,
      0.0988 1.1290 1.9329,
      0.0000 1.1333 1.9329,
      -0.0988 1.1290 1.9329,
      -0.1968 1.1161 1.9329,
      -0.2933 1.0947 1.9329,
      -0.3876 1.0649 1.9329,
      -0.4790 1.0271 1.9329,
      -0.5666 0.9815 1.9329,
      -0.6500 0.9283 1.9329,
      -0.7285 0.8682 1.9329,
      -0.8014 0.8014 1.9329,
      -0.8682 0.7285 1.9329,
      -0.9283 0.6500 1.9329,
      -0.9815 0.5666 1.9329,
      -1.0271 0.4790 1.9329,
      -1.0649 0.3876 1.9329,
      -1.0947 0.2933 1.9329,
      -1.1161 0.1968 1.9329,
      -1.1290 0.0988 1.9329,
      -1.1333 0.0000 1.9329,
      -1.1290 -0.0988 1.9329,
      -1.1161 -0.1968 1.9329,
      -1.0947 -0.2933 1.9329,
      -1.0649 -0.3876 1.9329,
      -1.0271 -0.4790 1.9329,
      -0.9815 -0.5666 1.9329,
      -0.9283 -0.6500 1.9329,
      -0.8682 -0.7285 1.9329,
      -0.8014 -0.8014 1.9329,
      -0.7285 -0.8682 1.9329,
      -0.6500 -0.9283 1.9329,
      -0.5666 -0.9815 1.9329,
      -0.4790 -1.0271 1.9329,
      -0.3876 -1.0649 1.9329,
      -0.2933 -1.0947 1.9329,
      -0.1968 -1.1161 1.9329,
      -0.0988 -1.1290 1.9329,
      -0.0000 -1.1333 1.9329,
      0.0988 -1.1290 1.9329,
      0.1968 -1.1161 1.9329,
      0.2933 -1.0947 1.9329,
      0.3876 -1.0649 1.9329,
      0.4790 -1.0271 1.9329,
      0.5666 -0.9815 1.9329,
      0.6500 -0.9283 1.9329,
      0.7285 -0.8682 1.9329,
      0.8014 -0.8014 1.9329,
      0.8682 -0.7285 1.9329,
      0.9283 -0.6500 1.9329,
      0.9815 -0.5666 1.9329,
      1.0271 -0.4790 1.9329,
      1.0649 -0.3876 1.9329,
      1.0947 -0.2933 1.9329,
      1.1161 -0.1968 1.9329,
      1.1290 -0.0988 1.9329,
      1.0996 0.0000 1.9582,
      1.0954 0.0958 1.9582,
      1.0828 0.1909 1.9582,
      1.0621 0.2846 1.9582,
      1.0332 0.3761 1.9582,
      0.9965 0.4647 1.9582,
      0.9522 0.5498 1.9582,
      0.9007 0.6307 1.9582,
      0.8423 0.7068 1.9582,
      0.7775 0.7775 1.9582,
      0.7068 0.8423 1.9582,
      0.6307 0.9007 1.9582,
      0.5498 0.9522 1.9582,
      0.4647 0.9965 1.9582,
      0.3761 1.0332 1.9582,
      0.2846 1.0621 1.9582,
      0.1909 1.0828 1.9582,
      0.0958 1.0954 1.9582,
      0.0000 1.0996 1.9582,
      -0.0958 1.0954 1.9582,
      -0.1909 1.0828 1.9582,
      -0.2846 1.0621 1.9582,
      -0.3761 1.0332 1.9582,
      -0.4647 0.9965 1.9582,
      -0.5498 0.9522 1.9582,
      -0.6307 0.9007 1.9582,
      -0.7068 0.8423 1.9582,
      -0.7775 0.7775 1.9582,
      -0.8423 0.7068 1.9582,
      -0.9007 0.6307 1.9582,
      -0.9522 0.5498 1.9582,
      -0.9965 0.4647 1.9582,
      -1.0332 0.3761 1.9582,
      -1.0621 0.2846 1.9582,
      -1.0828 0.1909 1.9582,
      -1.0954 0.0958 1.9582,
      -1.0996 0.0000 1.9582,
      -1.0954 -0.0958 1.9582,
      -1.0828 -0.1909 1.9582,
      -1.0621 -0.2846 1.9582,
      -1.0332 -0.3761 1.9582,
      -0.9965 -0.4647 1.9582,
      -0.9522 -0.5498 1.9582,
      -0.9007 -0.6307 1.9582,
      -0.8423 -0.7068 1.9582,
      -0.7775 -0.7775 1.9582,
      -0.7068 -0.8423 1.9582,
      -0.6307 -0.9007 1.9582,
      -0.5498 -0.9522 1.9582,
      -0.4647 -0.9965 1.9582,
      -0.3761 -1.0332 1.9582,
      -0.2846 -1.0621 1.9582,
      -0.1909 -1.0828 1.9582,
      -0.0958 -1.0954 1.9582,
      -0.0000 -1.0996 1.9582,
      0.0958 -1.0954 1.9582,
      0.1909 -1.0828 1.9582,
      0.2846 -1.0621 1.9582,
      0.3761 -1.0332 1.9582,
      0.4647 -0.9965 1.9582,
      0.5498 -0.9522 1.9582,
      0.6307 -0.9007 1.9582,
      0.7068 -0.8423 1.9582,
      0.7775 -0.7775 1.9582,
      0.8423 -0.7068 1.9582,
      0.9007 -0.6307 1.9582,
      0.9522 -0.5498 1.9582,
      0.9965 -0.4647 1.9582,
      1.0332 -0.3761 1.9582,
      1.0621 -0.2846 1.9582,
      1.0828 -0.1909 1.9582,
      1.0954 -0.0958 1.9582,
      1.0696 0.0000 1.9685,
      1.0655 0.0932 1.9685,
      1.0533 0.1857 1.9685,
      1.0331 0.2768 1.9685,
      1.0051 0.3658 1.9685,
      0.9693 0.4520 1.9685,
      0.9263 0.5348 1.9685,
      0.8761 0.6135 1.9685,
      0.8193 0.6875 1.9685,
      0.7563 0.7563 1.9685,
      0.6875 0.8193 1.9685,
      0.6135 0.8761 1.9685,
      0.5348 0.9263 1.9685,
      0.4520 0.9693 1.9685,
      0.3658 1.0051 1.9685,
      0.2768 1.0331 1.9685,
      0.1857 1.0533 1.9685,
      0.0932 1.0655 1.9685,
      0.0000 1.0696 1.9685,
      -0.0932 1.0655 1.9685,
      -0.1857 1.0533 1.9685,
      -0.2768 1.0331 1.9685,
      -0.3658 1.0051 1.9685,
      -0.4520 0.9693 1.9685,
      -0.5348 0.9263 1.9685,
      -0.6135 0.8761 1.9685,
      -0.6875 0.8193 1.9685,
      -0.7563 0.7563 1.9685,
      -0.8193 0.6875 1.9685,
      -0.8761 0.6135 1.9685,
      -0.9263 0.5348 1.9685,
      -0.9693 0.4520 1.9685,
      -1.0051 0.3658 1.9685,
      -1.0331 0.2768 1.9685,
      -1.0533 0.1857 1.9685,
      -1.0655 0.0932 1.9685,
      -1.0696 0.0000 1.9685,
      -1.0655 -0.0932 1.9685,
      -1.0533 -0.1857 1.9685,
      -1.0331 -0.2768 1.9685,
      -1.0051 -0.3658 1.9685,
      -0.9693 -0.4520 1.9685,
      -0.9263 -0.5348 1.9685,
      -0.8761 -0.6135 1.9685,
      -0.8193 -0.6875 1.9685,
      -0.7563 -0.7563 1.9685,
      -0.6875 -0.8193 1.9685,
      -0.6135 -0.8761 1.9685,
      -0.5348 -0.9263 1.9685,
      -0.4520 -0.9693 1.9685,
      -0.3658 -1.0051 1.9685,
      -0.2768 -1.0331 1.9685,
      -0.1857 -1.0533 1.9685,
      -0.0932 -1.0655 1.9685,
      -0.0000 -1.0696 1.9685,
      0.0932 -1.0655 1.9685,
      0.1857 -1.0533 1.9685,
      0.2768 -1.0331 1.9685,
      0.3658 -1.0051 1.9685,
      0.4520 -0.9693 1.9685,
      0.5348 -0.9263 1.9685,
      0.6135 -0.8761 1.9685,
      0.6875 -0.8193 1.9685,
      0.7563 -0.7563 1.9685,
      0.8193 -0.6875 1.9685,
      0.8761 -0.6135 1.9685,
      0.9263 -0.5348 1.9685,
      0.9693 -0.4520 1.9685,
      1.0051 -0.3658 1.9685,
      1.0331 -0.2768 1.9685,
      1.0533 -0.1857 1.9685,
      1.0655 -0.0932 1.9685,
      1.0471 0.0000 1.9619,
      1.0431 0.0913 1.9619,
      1.0311 0.1818 1.9619,
      1.0114 0.2710 1.9619,
      0.9839 0.3581 1.9619,
      0.9490 0.4425 1.9619,
      0.9068 0.5235 1.9619,
      0.8577 0.6006 1.9619,
      0.8021 0.6730 1.9619,
      0.7404 0.7404 1.9619,
      0.6730 0.8021 1.9619,
      0.6006 0.8577 1.9619,
      0.5235 0.9068 1.9619,
      0.4425 0.9490 1.9619,
      0.3581 0.9839 1.9619,
      0.2710 1.0114 1.9619,
      0.1818 1.0311 1.9619,
      0.0913 1.0431 1.9619,
      0.0000 1.0471 1.9619,
      -0.0913 1.0431 1.9619,
      -0.1818 1.0311 1.9619,
      -0.2710 1.0114 1.9619,
      -0.3581 0.9839 1.9619,
      -0.4425 0.9490 1.9619,
      -0.5235 0.9068 1.9619,
      -0.6006 0.8577 1.9619,
      -0.6730 0.8021 1.9619,
      -0.7404 0.7404 1.9619,
      -0.8021 0.6730 1.9619,
      -0.8577 0.6006 1.9619,
      -0.9068 0.5235 1.9619,
      -0.9490 0.4425 1.9619,
      -0.9839 0.3581 1.9619,
      -1.0114 0.2710 1.9619,
      -1.0311 0.1818 1.9619,
      -1.0431 0.0913 1.9619,
      -1.0471 0.0000 1.9619,
      -1.0431 -0.0913 1.9619,
      -1.0311 -0.1818 1.9619,
      -1.0114 -0.2710 1.9619,
      -0.9839 -0.3581 1.9619,
      -0.9490 -0.4425 1.9619,
      -0.9068 -0.5235 1.9619,
      -0.8577 -0.6006 1.9619,
      -0.8021 -0.6730 1.9619,
      -0.7404 -0.7404 1.9619,
      -0.6730 -0.8021 1.9619,
      -0.6006 -0.8577 1.9619,
      -0.5235 -0.9068 1.9619,
      -0.4425 -0.9490 1.9619,
      -0.3581 -0.9839 1.9619,
      -0.2710 -1.0114 1.9619,
      -0.1818 -1.0311 1.9619,
      -0.0913 -1.0431 1.9619,
      -0.0000 -1.0471 1.9619,
      0.0913 -1.0431 1.9619,
      0.1818 -1.0311 1.9619,
      0.2710 -1.0114 1.9619,
      0.3581 -0.9839 1.9619,
      0.4425 -0.9490 1.9619,
      0.5235 -0.9068 1.9619,
      0.6006 -0.8577 1.9619,
      0.6730 -0.8021 1.9619,
      0.7404 -0.7404 1.9619,
      0.8021 -0.6730 1.9619,
      0.8577 -0.6006 1.9619,
      0.9068 -0.5235 1.9619,
      0.9490 -0.4425 1.9619,
      0.9839 -0.3581 1.9619,
      1.0114 -0.2710 1.9619,
      1.0311 -0.1818 1.9619,
      1.0431 -0.0913 1.9619,
      1.0414 0.0000 1.9423,
      1.0375 0.0908 1.9423,
      1.0256 0.1808 1.9423,
      1.0059 0.2695 1.9423,
      0.9786 0.3562 1.9423,
      0.9439 0.4401 1.9423,
      0.9019 0.5207 1.9423,
      0.8531 0.5973 1.9423,
      0.7978 0.6694 1.9423,
      0.7364 0.7364 1.9423,
      0.6694 0.7978 1.9423,
      0.5973 0.8531 1.9423,
      0.5207 0.9019 1.9423,
      0.4401 0.9439 1.9423,
      0.3562 0.9786 1.9423,
      0.2695 1.0059 1.9423,
      0.1808 1.0256 1.9423,
      0.0908 1.0375 1.9423,
      0.0000 1.0414 1.9423,
      -0.0908 1.0375 1.9423,
      -0.1808 1.0256 1.9423,
      -0.2695 1.0059 1.9423,
      -0.3562 0.9786 1.9423,
      -0.4401 0.9439 1.9423,
      -0.5207 0.9019 1.9423,
      -0.5973 0.8531 1.9423,
      -0.6694 0.7978 1.9423,
      -0.7364 0.7364 1.9423,
      -0.7978 0.6694 1.9423,
      -0.8531 0.5973 1.9423,
      -0.9019 0.5207 1.9423,
      -0.9439 0.4401 1.9423,
      -0.9786 0.3562 1.9423,
      -1.0059 0.2695 1.9423,
      -1.0256 0.1808 1.9423,
      -1.0375 0.0908 1.9423,
      -1.0414 0.0000 1.9423,
      -1.0375 -0.0908 1.9423,
      -1.0256 -0.1808 1.9423,
      -1.0059 -0.2695 1.9423,
      -0.9786 -0.3562 1.9423,
      -0.9439 -0.4401 1.9423,
      -0.9019 -0.5207 1.9423,
      -0.8531 -0.5973 1.9423,
      -0.7978 -0.6694 1.9423,
      -0.7364 -0.7364 1.9423,
      -0.6694 -0.7978 1.9423,
      -0.5973 -0.8531 1.9423,
      -0.5207 -0.9019 1.9423,
      -0.4401 -0.9439 1.9423,
      -0.3562 -0.9786 1.9423,
      -0.2695 -1.0059 1.9423,
      -0.1808 -1.0256 1.9423,
      -0.0908 -1.0375 1.9423,
      -0.0000 -1.0414 1.9423,
      0.0908 -1.0375 1.9423,
      0.1808 -1.0256 1.9423,
      0.2695 -1.0059 1.9423,
      0.3562 -0.9786 1.9423,
      0.4401 -0.9439 1.9423,
      0.5207 -0.9019 1.9423,
      0.5973 -0.8531 1.9423,
      0.6694 -0.7978 1.9423,
      0.7364 -0.7364 1.9423,
      0.7978 -0.6694 1.9423,
      0.8531 -0.5973 1.9423,
      0.9019 -0.5207 1.9423,
      0.9439 -0.4401 1.9423,
      0.9786 -0.3562 1.9423,
      1.0059 -0.2695 1.9423,
      1.0256 -0.1808 1.9423,
      1.0375 -0.0908 1.9423,
      1.0414 0.0000 1.9179,
      1.0375 0.0908 1.9179,
      1.0256 0.1808 1.9179,
      1.0059 0.2695 1.9179,
      0.9786 0.3562 1.9179,
      0.9439 0.4401 1.9179,
      0.9019 0.5207 1.9179,
      0.8531 0.5973 1.9179,
      0.7978 0.6694 1.9179,
      0.7364 0.7364 1.9179,
      0.6694 0.7978 1.9179,
      0.5973 0.8531 1.9179,
      0.5207 0.9019 1.9179,
      0.4401 0.9439 1.9179,
      0.3562 0.9786 1.9179,
      0.2695 1.0059 1.9179,
      0.1808 1.0256 1.9179,
      0.0908 1.0375 1.9179,
      0.0000 1.0414 1.9179,
      -0.0908 1.0375 1.9179,
      -0.1808 1.0256 1.9179,
      -0.2695 1.0059 1.9179,
      -0.3562 0.9786 1.9179,
      -0.4401 0.9439 1.9179,
      -0.5207 0.9019 1.9179,
      -0.5973 0.8531 1.9179,
      -0.6694 0.7978 1.9179,
      -0.7364 0.7364 1.9179,
      -0.7978 0.6694 1.9179,
      -0.8531 0.5973 1.9179,
      -0.9019 0.5207 1.9179,
      -0.9439 0.4401 1.9179,
      -0.9786 0.3562 1.9179,
      -1.0059 0.2695 1.9179,
      -1.0256 0.1808 1.9179,
      -1.0375 0.0908 1.9179,
      -1.0414 0.0000 1.9179,
      -1.0375 -0.0908 1.9179,
      -1.0256 -0.1808 1.9179,
      -1.0059 -0.2695 1.9179,
      -0.9786 -0.3562 1.9179,
      -0.9439 -0.4401 1.9179,
      -0.9019 -0.5207 1.9179,
      -0.8531 -0.5973 1.9179,
      -0.7978 -0.6694 1.9179,
      -0.7364 -0.7364 1.9179,
      -0.6694 -0.7978 1.9179,
      -0.5973 -0.8531 1.9179,
      -0.5207 -0.9019 1.9179,
      -0.4401 -0.9439 1.9179,
      -0.3562 -0.9786 1.9179,
      -0.2695 -1.0059 1.9179,
      -0.1808 -1.0256 1.9179,
      -0.0908 -1.0375 1.9179,
      -0.0000 -1.0414 1.9179,
      0.0908 -1.0375 1.9179,
      0.1808 -1.0256 1.9179,
      0.2695 -1.0059 1.9179,
      0.3562 -0.9786 1.9179,
      0.4401 -0.9439 1.9179,
      0.5207 -0.9019 1.9179,
      0.5973 -0.8531 1.9179,
      0.6694 -0.7978 1.9179,
      0.7364 -0.7364 1.9179,
      0.7978 -0.6694 1.9179,
      0.8531 -0.5973 1.9179,
      0.9019 -0.5207 1.9179,
      0.9439 -0.4401 1.9179,
      0.9786 -0.3562 1.9179,
      1.0059 -0.2695 1.9179,
      1.0256 -0.1808 1.9179,
      1.0375 -0.0908 1.9179,
      0.0000 0.0000 0.0450,
      0.0000 0.0000 1.9179
  ] }
  coordIndex [
      0, 1, 73, 72, -1,
      1, 2, 74, 73, -1,
      2, 3, 75, 74, -1,
      3, 4, 76, 75, -1,
      4, 5, 77, 76, -1,
      5, 6, 78, 77, -1,
      6, 7, 79, 78, -1,
      7, 8, 80, 79, -1,
      8, 9, 81, 80, -1,
      9, 10, 82, 81, -1,
      10, 11, 83, 82, -1,
      11, 12, 84, 83, -1,
      12, 13, 85, 84, -1,
      13, 14, 86, 85, -1,
      14, 15, 87, 86, -1,
      15, 16, 88, 87, -1,
      16, 17, 89, 88, -1,
      17, 18, 90, 89, -1,
      18, 19, 91, 90, -1,
      19, 20, 92, 91, -1,
      20, 21, 93, 92, -1,
      21, 22, 94, 93, -1,
      22, 23, 95, 94, -1,
      23, 24, 96, 95, -1,
      24, 25, 97, 96, -1,
      25, 26, 98, 97, -1,
      26, 27, 99, 98, -1,
      27, 28, 100, 99, -1,
      28, 29, 101, 100, -1,
      29, 30, 102, 101, -1,
      30, 31, 103, 102, -1,
      31, 32, 104, 103, -1,
      32, 33, 105, 104, -1,
      33, 34, 106, 105, -1,
      34, 35, 107, 106, -1,
      35, 36, 108, 107, -1,
      36, 37, 109, 108, -1,
      37, 38, 110, 109, -1,
      38, 39, 111, 110, -1,
      39, 40, 112, 111, -1,
      40, 41, 113, 112, -1,
      41, 42, 114, 113, -1,
      42, 43, 115, 114, -1,
      43, 44, 116, 115, -1,
      44, 45, 117, 116, -1,
      45, 46, 118, 117, -1,
      46, 47, 119, 118, -1,
      47, 48, 120, 119, -1,
      48, 49, 121, 120, -1,
      49, 50, 122, 121, -1,
      50, 51, 123, 122, -1,
      51, 52, 124, 123, -1,
      52, 53, 125, 124, -1,
      53, 54, 126, 125, -1,
      54, 55, 127, 126, -1,
      55, 56, 128, 127, -1,
      56, 57, 129, 128, -1,
      57, 58, 130, 129, -1,
      58, 59, 131, 130, -1,
      59, 60, 132, 131, -1,
      60, 61, 133, 132, -1,
      61, 62, 134, 133, -1,
      62, 63, 135, 134, -1,
      63, 64, 136, 135, -1,
      64, 65, 137, 136, -1,
      65, 66, 138, 137, -1,
      66, 67, 139, 138, -1,
      67, 68, 140, 139, -1,
      68, 69, 141, 140, -1,
      69, 70, 142, 141, -1,
      70, 71, 143, 142, -1,
      71, 0, 72, 143, -1,
      72, 73, 145, 144, -1,
      73, 74, 146, 145, -1,
      74, 75, 147, 146, -1,
      75, 76, 148, 147, -1,
      76, 77, 149, 148, -1,
      77, 78, 150, 149, -1,
      78, 79, 151, 150, -1,
      79, 80, 152, 151, -1,
      80, 81, 153, 152, -1,
      81, 82, 154, 153, -1,
      82, 83, 155, 154, -1,
      83, 84, 156, 155, -1,
      84, 85, 157, 156, -1,
      85, 86, 158, 157, -1,
      86, 87, 159, 158, -1,
      87, 88, 160, 159, -1,
      88, 89, 161, 160, -1,
      89, 90, 162, 161, -1,
      90, 91, 163, 162, -1,
      91, 92, 164, 163, -1,
      92, 93, 165, 164, -1,
      93, 94, 166, 165, -1,
      94, 95, 167, 166, -1,
      95, 96, 168, 167, -1,
      96, 97, 169, 168, -1,
      97, 98, 170, 169, -1,
      98, 99, 171, 170, -1,
      99, 100, 172, 171, -1,
      100, 101, 173, 172, -1,
      101, 102, 174, 173, -1,
      102, 103, 175, 174, -1,
      103, 104, 176, 175, -1,
      104, 105, 177, 176, -1,
      105, 106, 178, 177, -1,
      106, 107, 179, 178, -1,
      107, 108, 180, 179, -1,
      108, 109, 181, 180, -1,
      109, 110, 182, 181, -1,
      110, 111, 183, 182, -1,
      111, 112, 184, 183, -1,
      112, 113, 185, 184, -1,
      113, 114, 186, 185, -1,
      114, 115, 187, 186, -1,
      115, 116, 188, 187, -1,
      116, 117, 189, 188, -1,
      117, 118, 190, 189, -1,
      118, 119, 191, 190, -1,
      119, 120, 192, 191, -1,
      120, 121, 193, 192, -1,
      121, 122, 194, 193, -1,
      122, 123, 195, 194, -1,
      123, 124, 196, 195, -1,
      124, 125, 197, 196, -1,
      125, 126, 198, 197, -1,
      126, 127, 199, 198, -1,
      127, 128, 200, 199, -1,
      128, 129, 201, 200, -1,
      129, 130, 202, 201, -1,
      130, 131, 203, 202, -1,
      131, 132, 204, 203, -1,
      132, 133, 205, 204, -1,
      133, 134, 206, 205, -1,
      134, 135, 207, 206, -1,
      135, 136, 208, 207, -1,
      136, 137, 209, 208, -1,
      137, 138, 210, 209, -1,
      138, 139, 211, 210, -1,
      139, 140, 212, 211, -1,
      140, 141, 213, 212, -1,
      141, 142, 214, 213, -1,
      142, 143, 215, 214, -1,
      143, 72, 144, 215, -1,
      144, 145, 217, 216, -1,
      145, 146, 218, 217, -1,
      146, 147, 219, 218, -1,
      147, 148, 220, 219, -1,
      148, 149, 221, 220, -1,
      149, 150, 222, 221, -1,
      150, 151, 223, 222, -1,
      151, 152, 224, 223, -1,
      152, 153, 225, 224, -1,
      153, 154, 226, 225, -1,
      154, 155, 227, 226, -1,
      155, 156, 228, 227, -1,
      156, 157, 229, 228, -1,
      157, 158, 230, 229, -1,
      158, 159, 231, 230, -1,
      159, 160, 232, 231, -1,
      160, 161, 233, 232, -1,
      161, 162, 234, 233, -1,
      162, 163, 235, 234, -1,
      163, 164, 236, 235, -1,
      164, 165, 237, 236, -1,
      165, 166, 238, 237, -1,
      166, 167, 239, 238, -1,
      167, 168, 240, 239, -1,
      168, 169, 241, 240, -1,
      169, 170, 242, 241, -1,
      170, 171, 243, 242, -1,
      171, 172, 244, 243, -1,
      172, 173, 245, 244, -1,
      173, 174, 246, 245, -1,
      174, 175, 247, 246, -1,
      175, 176, 248, 247, -1,
      176, 177, 249, 248, -1,
      177, 178, 250, 249, -1,
      178, 179, 251, 250, -1,
      179, 180, 252, 251, -1,
      180, 181, 253, 252, -1,
      181, 182, 254, 253, -1,
      182, 183, 255, 254, -1,
      183, 184, 256, 255, -1,
      184, 185, 257, 256, -1,
      185, 186, 258, 257, -1,
      186, 187, 259, 258, -1,
      187, 188, 260, 259, -1,
      188, 189, 261, 260, -1,
      189, 190, 262, 261, -1,
      190, 191, 263, 262, -1,
      191, 192, 264, 263, -1,
      192, 193, 265, 264, -1,
      193, 194, 266, 265, -1,
      194, 195, 267, 266, -1,
      195, 196, 268, 267, -1,
      196, 197, 269, 268, -1,
      197, 198, 270, 269, -1,
      198, 199, 271, 270, -1,
      199, 200, 272, 271, -1,
      200, 201, 273, 272, -1,
      201, 202, 274, 273, -1,
      202, 203, 275, 274, -1,
      203, 204, 276, 275, -1,
      204, 205, 277, 276, -1,
      205, 206, 278, 277, -1,
      206, 207, 279, 278, -1,
      207, 208, 280, 279, -1,
      208, 209, 281, 280, -1,
      209, 210, 282, 281, -1,
      210, 211, 283, 282, -1,
      211, 212, 284, 283, -1,
      212, 213, 285, 284, -1,
      213, 214, 286, 285, -1,
      214, 215, 287, 286, -1,
      215, 144, 216, 287, -1,
      216, 217, 289, 288, -1,
      217, 218, 290, 289, -1,
      218, 219, 291, 290, -1,
      219, 220, 292, 291, -1,
      220, 221, 293, 292, -1,
      221, 222, 294, 293, -1,
      222, 223, 295, 294, -1,
      223, 224, 296, 295, -1,
      224, 225, 297, 296, -1,
      225, 226, 298, 297, -1,
      226, 227, 299, 298, -1,
      227, 228, 300, 299, -1,
      228, 229, 301, 300, -1,
      229, 230, 302, 301, -1,
      230, 231, 303, 302, -1,
      231, 232, 304, 303, -1,
      232, 233, 305, 304, -1,
      233, 234, 306, 305, -1,
      234, 235, 307, 306, -1,
      235, 236, 308, 307, -1,
      236, 237, 309, 308, -1,
      237, 238, 310, 309, -1,
      238, 239, 311, 310, -1,
      239, 240, 312, 311, -1,
      240, 241, 313, 312, -1,
      241, 242, 314, 313, -1,
      242, 243, 315, 314, -1,
      243, 244, 316, 315, -1,
      244, 245, 317, 316, -1,
      245, 246, 318, 317, -1,
      246, 247, 319, 318, -1,
      247, 248, 320, 319, -1,
      248, 249, 321, 320, -1,
      249, 250, 322, 321, -1,
      250, 251, 323, 322, -1,
      251, 252, 324, 323, -1,
      252, 253, 325, 324, -1,
      253, 254, 326, 325, -1,
      254, 255, 327, 326, -1,
      255, 256, 328, 327, -1,
      256, 257, 329, 328, -1,
      257, 258, 330, 329, -1,
      258, 259, 331, 330, -1,
      259, 260, 332, 331, -1,
      260, 261, 333, 332, -1,
      261, 262, 334, 333, -1,
      262, 263, 335, 334, -1,
      263, 264, 336, 335, -1,
      264, 265, 337, 336, -1,
      265, 266, 338, 337, -1,
      266, 267, 339, 338, -1,
      267, 268, 340, 339, -1,
      268, 269, 341, 340, -1,
      269, 270, 342, 341, -1,
      270, 271, 343, 342, -1,
      271, 272, 344, 343, -1,
      272, 273, 345, 344, -1,
      273, 274, 346, 345, -1,
      274, 275, 347, 346, -1,
      275, 276, 348, 347, -1,
      276, 277, 349, 348, -1,
      277, 278, 350, 349, -1,
      278, 279, 351, 350, -1,
      279, 280, 352, 351, -1,
      280, 281, 353, 352, -1,
      281, 282, 354, 353, -1,
      282, 283, 355, 354, -1,
      283, 284, 356, 355, -1,
      284, 285, 357, 356, -1,
      285, 286, 358, 357, -1,
      286, 287, 359, 358, -1,
      287, 216, 288, 359, -1,
      288, 289, 361, 360, -1,
      289, 290, 362, 361, -1,
      290, 291, 363, 362, -1,
      291, 292, 364, 363, -1,
      292, 293, 365, 364, -1,
      293, 294, 366, 365, -1,
      294, 295, 367, 366, -1,
      295, 296, 368, 367, -1,
      296, 297, 369, 368, -1,
      297, 298, 370, 369, -1,
      298, 299, 371, 370, -1,
      299, 300, 372, 371, -1,
      300, 301, 373, 372, -1,
      301, 302, 374, 373, -1,
      302, 303, 375, 374, -1,
      303, 304, 376, 375, -1,
      304, 305, 377, 376, -1,
      305, 306, 378, 377, -1,
      306, 307, 379, 378, -1,
      307, 308, 380, 379, -1,
      308, 309, 381, 380, -1,
      309, 310, 382, 381, -1,
      310, 311, 383, 382, -1,
      311, 312, 384, 383, -1,
      312, 313, 385, 384, -1,
      313, 314, 386, 385, -1,
      314, 315, 387, 386, -1,
      315, 316, 388, 387, -1,
      316, 317, 389, 388, -1,
      317, 318, 390, 389, -1,
      318, 319, 391, 390, -1,
      319, 320, 392, 391, -1,
      320, 321, 393, 392, -1,
      321, 322, 394, 393, -1,
      322, 323, 395, 394, -1,
      323, 324, 396, 395, -1,
      324, 325, 397, 396, -1,
      325, 326, 398, 397, -1,
      326, 327, 399, 398, -1,
      327, 328, 400, 399, -1,
      328, 329, 401, 400, -1,
      329, 330, 402, 401, -1,
      330, 331, 403, 402, -1,
      331, 332, 404, 403, -1,
      332, 333, 405, 404, -1,
      333, 334, 406, 405, -1,
      334, 335, 407, 406, -1,
      335, 336, 408, 407, -1,
      336, 337, 409, 408, -1,
      337, 338, 410, 409, -1,
      338, 339, 411, 410, -1,
      339, 340, 412, 411, -1,
      340, 341, 413, 412, -1,
      341, 342, 414, 413, -1,
      342, 343, 415, 414, -1,
      343, 344, 416, 415, -1,
      344, 345, 417, 416, -1,
      345, 346, 418, 417, -1,
      346, 347, 419, 418, -1,
      347, 348, 420, 419, -1,
      348, 349, 421, 420, -1,
      349, 350, 422, 421, -1,
      350, 351, 423, 422, -1,
      351, 352, 424, 423, -1,
      352, 353, 425, 424, -1,
      353, 354, 426, 425, -1,
      354, 355, 427, 426, -1,
      355, 356, 428, 427, -1,
      356, 357, 429, 428, -1,
      357, 358, 430, 429, -1,
      358, 359, 431, 430, -1,
      359, 288, 360, 431, -1,
      360, 361, 433, 432, -1,
      361, 362, 434, 433, -1,
      362, 363, 435, 434, -1,
      363, 364, 436, 435, -1,
      364, 365, 437, 436, -1,
      365, 366, 438, 437, -1,
      366, 367, 439, 438, -1,
      367, 368, 440, 439, -1,
      368, 369, 441, 440, -1,
      369, 370, 442, 441, -1,
      370, 371, 443, 442, -1,
      371, 372, 444, 443, -1,
      372, 373, 445, 444, -1,
      373, 374, 446, 445, -1,
      374, 375, 447, 446, -1,
      375, 376, 448, 447, -1,
      376, 377, 449, 448, -1,
      377, 378, 450, 449, -1,
      378, 379, 451, 450, -1,
      379, 380, 452, 451, -1,
      380, 381, 453, 452, -1,
      381, 382, 454, 453, -1,
      382, 383, 455, 454, -1,
      383, 384, 456, 455, -1,
      384, 385, 457, 456, -1,
      385, 386, 458, 457, -1,
      386, 387, 459, 458, -1,
      387, 388, 460, 459, -1,
      388, 389, 461, 460, -1,
      389, 390, 462, 461, -1,
      390, 391, 463, 462, -1,
      391, 392, 464, 463, -1,
      392, 393, 465, 464, -1,
      393, 394, 466, 465, -1,
      394, 395, 467, 466, -1,
      395, 396, 468, 467, -1,
      396, 397, 469, 468, -1,
      397, 398, 470, 469, -1,
      398, 399, 471, 470, -1,
      399, 400, 472, 471, -1,
      400, 401, 473, 472, -1,
      401, 402, 474, 473, -1,
      402, 403, 475, 474, -1,
      403, 404, 476, 475, -1,
      404, 405, 477, 476, -1,
      405, 406, 478, 477, -1,
      406, 407, 479, 478, -1,
      407, 408, 480, 479, -1,
      408, 409, 481, 480, -1,
      409, 410, 482, 481, -1,
      410, 411, 483, 482, -1,
      411, 412, 484, 483, -1,
      412, 413, 485, 484, -1,
      413, 414, 486, 485, -1,
      414, 415, 487, 486, -1,
      415, 416, 488, 487, -1,
      416, 417, 489, 488, -1,
      417, 418, 490, 489, -1,
      418, 419, 491, 490, -1,
      419, 420, 492, 491, -1,
      420, 421, 493, 492, -1,
      421, 422, 494, 493, -1,
      422, 423, 495, 494, -1,
      423, 424, 496, 495, -1,
      424, 425, 497, 496, -1,
      425, 426, 498, 497, -1,
      426, 427, 499, 498, -1,
      427, 428, 500, 499, -1,
      428, 429, 501, 500, -1,
      429, 430, 502, 501, -1,
      430, 431, 503, 502, -1,
      431, 360, 432, 503, -1,
      432, 433, 505, 504, -1,
      433, 434, 506, 505, -1,
      434, 435, 507, 506, -1,
      435, 436, 508, 507, -1,
      436, 437, 509, 508, -1,
      437, 438, 510, 509, -1,
      438, 439, 511, 510, -1,
      439, 440, 512, 511, -1,
      440, 441, 513, 512, -1,
      441, 442, 514, 513, -1,
      442, 443, 515, 514, -1,
      443, 444, 516, 515, -1,
      444, 445, 517, 516, -1,
      445, 446, 518, 517, -1,
      446, 447, 519, 518, -1,
      447, 448, 520, 519, -1,
      448, 449, 521, 520, -1,
      449, 450, 522, 521, -1,
      450, 451, 523, 522, -1,
      451, 452, 524, 523, -1,
      452, 453, 525, 524, -1,
      453, 454, 526, 525, -1,
      454, 455, 527, 526, -1,
      455, 456, 528, 527, -1,
      456, 457, 529, 528, -1,
      457, 458, 530, 529, -1,
      458, 459, 531, 530, -1,
      459, 460, 532, 531, -1,
      460, 461, 533, 532, -1,
      461, 462, 534, 533, -1,
      462, 463, 535, 534, -1,
      463, 464, 536, 535, -1,
      464, 465, 537, 536, -1,
      465, 466, 538, 537, -1,
      466, 467, 539, 538, -1,
      467, 468, 540, 539, -1,
      468, 469, 541, 540, -1,
      469, 470, 542, 541, -1,
      470, 471, 543, 542, -1,
      471, 472, 544, 543, -1,
      472, 473, 545, 544, -1,
      473, 474, 546, 545, -1,
      474, 475, 547, 546, -1,
      475, 476, 548, 547, -1,
      476, 477, 549, 548, -1,
      477, 478, 550, 549, -1,
      478, 479, 551, 550, -1,
      479, 480, 552, 551, -1,
      480, 481, 553, 552, -1,
      481, 482, 554, 553, -1,
      482, 483, 555, 554, -1,
      483, 484, 556, 555, -1,
      484, 485, 557, 556, -1,
      485, 486, 558, 557, -1,
      486, 487, 559, 558, -1,
      487, 488, 560, 559, -1,
      488, 489, 561, 560, -1,
      489, 490, 562, 561, -1,
      490, 491, 563, 562, -1,
      491, 492, 564, 563, -1,
      492, 493, 565, 564, -1,
      493, 494, 566, 565, -1,
      494, 495, 567, 566, -1,
      495, 496, 568, 567, -1,
      496, 497, 569, 568, -1,
      497, 498, 570, 569, -1,
      498, 499, 571, 570, -1,
      499, 500, 572, 571, -1,
      500, 501, 573, 572, -1,
      501, 502, 574, 573, -1,
      502, 503, 575, 574, -1,
      503, 432, 504, 575, -1,
      504, 505, 577, 576, -1,
      505, 506, 578, 577, -1,
      506, 507, 579, 578, -1,
      507, 508, 580, 579, -1,
      508, 509, 581, 580, -1,
      509, 510, 582, 581, -1,
      510, 511, 583, 582, -1,
      511, 512, 584, 583, -1,
      512, 513, 585, 584, -1,
      513, 514, 586, 585, -1,
      514, 515, 587, 586, -1,
      515, 516, 588, 587, -1,
      516, 517, 589, 588, -1,
      517, 518, 590, 589, -1,
      518, 519, 591, 590, -1,
      519, 520, 592, 591, -1,
      520, 521, 593, 592, -1,
      521, 522, 594, 593, -1,
      522, 523, 595, 594, -1,
      523, 524, 596, 595, -1,
      524, 525, 597, 596, -1,
      525, 526, 598, 597, -1,
      526, 527, 599, 598, -1,
      527, 528, 600, 599, -1,
      528, 529, 601, 600, -1,
      529, 530, 602, 601, -1,
      530, 531, 603, 602, -1,
      531, 532, 604, 603, -1,
      532, 533, 605, 604, -1,
      533, 534, 606, 605, -1,
      534, 535, 607, 606, -1,
      535, 536, 608, 607, -1,
      536, 537, 609, 608, -1,
      537, 538, 610, 609, -1,
      538, 539, 611, 610, -1,
      539, 540, 612, 611, -1,
      540, 541, 613, 612, -1,
      541, 542, 614, 613, -1,
      542, 543, 615, 614, -1,
      543, 544, 616, 615, -1,
      544, 545, 617, 616, -1,
      545, 546, 618, 617, -1,
      546, 547, 619, 618, -1,
      547, 548, 620, 619, -1,
      548, 549, 621, 620, -1,
      549, 550, 622, 621, -1,
      550, 551, 623, 622, -1,
      551, 552, 624, 623, -1,
      552, 553, 625, 624, -1,
      553, 554, 626, 625, -1,
      554, 555, 627, 626, -1,
      555, 556, 628, 627, -1,
      556, 557, 629, 628, -1,
      557, 558, 630, 629, -1,
      558, 559, 631, 630, -1,
      559, 560, 632, 631, -1,
      560, 561, 633, 632, -1,
      561, 562, 634, 633, -1,
      562, 563, 635, 634, -1,
      563, 564, 636, 635, -1,
      564, 565, 637, 636, -1,
      565, 566, 638, 637, -1,
      566, 567, 639, 638, -1,
      567, 568, 640, 639, -1,
      568, 569, 641, 640, -1,
      569, 570, 642, 641, -1,
      570, 571, 643, 642, -1,
      571, 572, 644, 643, -1,
      572, 573, 645, 644, -1,
      573, 574, 646, 645, -1,
      574, 575, 647, 646, -1,
      575, 504, 576, 647, -1,
      576, 577, 649, 648, -1,
      577, 578, 650, 649, -1,
      578, 579, 651, 650, -1,
      579, 580, 652, 651, -1,
      580, 581, 653, 652, -1,
      581, 582, 654, 653, -1,
      582, 583, 655, 654, -1,
      583, 584, 656, 655, -1,
      584, 585, 657, 656, -1,
      585, 586, 658, 657, -1,
      586, 587, 659, 658, -1,
      587, 588, 660, 659, -1,
      588, 589, 661, 660, -1,
      589, 590, 662, 661, -1,
      590, 591, 663, 662, -1,
      591, 592, 664, 663, -1,
      592, 593, 665, 664, -1,
      593, 594, 666, 665, -1,
      594, 595, 667, 666, -1,
      595, 596, 668, 667, -1,
      596, 597, 669, 668, -1,
      597, 598, 670, 669, -1,
      598, 599, 671, 670, -1,
      599, 600, 672, 671, -1,
      600, 601, 673, 672, -1,
      601, 602, 674, 673, -1,
      602, 603, 675, 674, -1,
      603, 604, 676, 675, -1,
      604, 605, 677, 676, -1,
      605, 606, 678, 677, -1,
      606, 607, 679, 678, -1,
      607, 608, 680, 679, -1,
      608, 609, 681, 680, -1,
      609, 610, 682, 681, -1,
      610, 611, 683, 682, -1,
      611, 612, 684, 683, -1,
      612, 613, 685, 684, -1,
      613, 614, 686, 685, -1,
      614, 615, 687, 686, -1,
      615, 616, 688, 687, -1,
      616, 617, 689, 688, -1,
      617, 618, 690, 689, -1,
      618, 619, 691, 690, -1,
      619, 620, 692, 691, -1,
      620, 621, 693, 692, -1,
      621, 622, 694, 693, -1,
      622, 623, 695, 694, -1,
      623, 624, 696, 695, -1,
      624, 625, 697, 696, -1,
      625, 626, 698, 697, -1,
      626, 627, 699, 698, -1,
      627, 628, 700, 699, -1,
      628, 629, 701, 700, -1,
      629, 630, 702, 701, -1,
      630, 631, 703, 702, -1,
      631, 632, 704, 703, -1,
      632, 633, 705, 704, -1,
      633, 634, 706, 705, -1,
      634, 635, 707, 706, -1,
      635, 636, 708, 707, -1,
      636, 637, 709, 708, -1,
      637, 638, 710, 709, -1,
      638, 639, 711, 710, -1,
      639, 640, 712, 711, -1,
      640, 641, 713, 712, -1,
      641, 642, 714, 713, -1,
      642, 643, 715, 714, -1,
      643, 644, 716, 715, -1,
      644, 645, 717, 716, -1,
      645, 646, 718, 717, -1,
      646, 647, 719, 718, -1,
      647, 576, 648, 719, -1,
      648, 649, 721, 720, -1,
      649, 650, 722, 721, -1,
      650, 651, 723, 722, -1,
      651, 652, 724, 723, -1,
      652, 653, 725, 724, -1,
      653, 654, 726, 725, -1,
      654, 655, 727, 726, -1,
      655, 656, 728, 727, -1,
      656, 657, 729, 728, -1,
      657, 658, 730, 729, -1,
      658, 659, 731, 730, -1,
      659, 660, 732, 731, -1,
      660, 661, 733, 732, -1,
      661, 662, 734, 733, -1,
      662, 663, 735, 734, -1,
      663, 664, 736, 735, -1,
      664, 665, 737, 736, -1,
      665, 666, 738, 737, -1,
      666, 667, 739, 738, -1,
      667, 668, 740, 739, -1,
      668, 669, 741, 740, -1,
      669, 670, 742, 741, -1,
      670, 671, 743, 742, -1,
      671, 672, 744, 743, -1,
      672, 673, 745, 744, -1,
      673, 674, 746, 745, -1,
      674, 675, 747, 746, -1,
      675, 676, 748, 747, -1,
      676, 677, 749, 748, -1,
      677, 678, 750, 749, -1,
      678, 679, 751, 750, -1,
      679, 680, 752, 751, -1,
      680, 681, 753, 752, -1,
      681, 682, 754, 753, -1,
      682, 683, 755, 754, -1,
      683, 684, 756, 755, -1,
      684, 685, 757, 756, -1,
      685, 686, 758, 757, -1,
      686, 687, 759, 758, -1,
      687, 688, 760, 759, -1,
      688, 689, 761, 760, -1,
      689, 690, 762, 761, -1,
      690, 691, 763, 762, -1,
      691, 692, 764, 763, -1,
      692, 693, 765, 764, -1,
      693, 694, 766, 765, -1,
      694, 695, 767, 766, -1,
      695, 696, 768, 767, -1,
      696, 697, 769, 768, -1,
      697, 698, 770, 769, -1,
      698, 699, 771, 770, -1,
      699, 700, 772, 771, -1,
      700, 701, 773, 772, -1,
      701, 702, 774, 773, -1,
      702, 703, 775, 774, -1,
      703, 704, 776, 775, -1,
      704, 705, 777, 776, -1,
      705, 706, 778, 777, -1,
      706, 707, 779, 778, -1,
      707, 708, 780, 779, -1,
      708, 709, 781, 780, -1,
      709, 710, 782, 781, -1,
      710, 711, 783, 782, -1,
      711, 712, 784, 783, -1,
      712, 713, 785, 784, -1,
      713, 714, 786, 785, -1,
      714, 715, 787, 786, -1,
      715, 716, 788, 787, -1,
      716, 717, 789, 788, -1,
      717, 718, 790, 789, -1,
      718, 719, 791, 790, -1,
      719, 648, 720, 791, -1,
      720, 721, 793, 792, -1,
      721, 722, 794, 793, -1,
      722, 723, 795, 794, -1,
      723, 724, 796, 795, -1,
      724, 725, 797, 796, -1,
      725, 726, 798, 797, -1,
      726, 727, 799, 798, -1,
      727, 728, 800, 799, -1,
      728, 729, 801, 800, -1,
      729, 730, 802, 801, -1,
      730, 731, 803, 802, -1,
      731, 732, 804, 803, -1,
      732, 733, 805, 804, -1,
      733, 734, 806, 805, -1,
      734, 735, 807, 806, -1,
      735, 736, 808, 807, -1,
      736, 737, 809, 808, -1,
      737, 738, 810, 809, -1,
      738, 739, 811, 810, -1,
      739, 740, 812, 811, -1,
      740, 741, 813, 812, -1,
      741, 742, 814, 813, -1,
      742, 743, 815, 814, -1,
      743, 744, 816, 815, -1,
      744, 745, 817, 816, -1,
      745, 746, 818, 817, -1,
      746, 747, 819, 818, -1,
      747, 748, 820, 819, -1,
      748, 749, 821, 820, -1,
      749, 750, 822, 821, -1,
      750, 751, 823, 822, -1,
      751, 752, 824, 823, -1,
      752, 753, 825, 824, -1,
      753, 754, 826, 825, -1,
      754, 755, 827, 826, -1,
      755, 756, 828, 827, -1,
      756, 757, 829, 828, -1,
      757, 758, 830, 829, -1,
      758, 759, 831, 830, -1,
      759, 760, 832, 831, -1,
      760, 761, 833, 832, -1,
      761, 762, 834, 833, -1,
      762, 763, 835, 834, -1,
      763, 764, 836, 835, -1,
      764, 765, 837, 836, -1,
      765, 766, 838, 837, -1,
      766, 767, 839, 838, -1,
      767, 768, 840, 839, -1,
      768, 769, 841, 840, -1,
      769, 770, 842, 841, -1,
      770, 771, 843, 842, -1,
      771, 772, 844, 843, -1,
      772, 773, 845, 844, -1,
      773, 774, 846, 845, -1,
      774, 775, 847, 846, -1,
      775, 776, 848, 847, -1,
      776, 777, 849, 848, -1,
      777, 778, 850, 849, -1,
      778, 779, 851, 850, -1,
      779, 780, 852, 851, -1,
      780, 781, 853, 852, -1,
      781, 782, 854, 853, -1,
      782, 783, 855, 854, -1,
      783, 784, 856, 855, -1,
      784, 785, 857, 856, -1,
      785, 786, 858, 857, -1,
      786, 787, 859, 858, -1,
      787, 788, 860, 859, -1,
      788, 789, 861, 860, -1,
      789, 790, 862, 861, -1,
      790, 791, 863, 862, -1,
      791, 720, 792, 863, -1,
      792, 793, 865, 864, -1,
      793, 794, 866, 865, -1,
      794, 795, 867, 866, -1,
      795, 796, 868, 867, -1,
      796, 797, 869, 868, -1,
      797, 798, 870, 869, -1,
      798, 799, 871, 870, -1,
      799, 800, 872, 871, -1,
      800, 801, 873, 872, -1,
      801, 802, 874, 873, -1,
      802, 803, 875, 874, -1,
      803, 804, 876, 875, -1,
      804, 805, 877, 876, -1,
      805, 806, 878, 877, -1,
      806, 807, 879, 878, -1,
      807, 808, 880, 879, -1,
      808, 809, 881, 880, -1,
      809, 810, 882, 881, -1,
      810, 811, 883, 882, -1,
      811, 812, 884, 883, -1,
      812, 813, 885, 884, -1,
      813, 814, 886, 885, -1,
      814, 815, 887, 886, -1,
      815, 816, 888, 887, -1,
      816, 817, 889, 888, -1,
      817, 818, 890, 889, -1,
      818, 819, 891, 890, -1,
      819, 820, 892, 891, -1,
      820, 821, 893, 892, -1,
      821, 822, 894, 893, -1,
      822, 823, 895, 894, -1,
      823, 824, 896, 895, -1,
      824, 825, 897, 896, -1,
      825, 826, 898, 897, -1,
      826, 827, 899, 898, -1,
      827, 828, 900, 899, -1,
      828, 829, 901, 900, -1,
      829, 830, 902, 901, -1,
      830, 831, 903, 902, -1,
      831, 832, 904, 903, -1,
      832, 833, 905, 904, -1,
      833, 834, 906, 905, -1,
      834, 835, 907, 906, -1,
      835, 836, 908, 907, -1,
      836, 837, 909, 908, -1,
      837, 838, 910, 909, -1,
      838, 839, 911, 910, -1,
      839, 840, 912, 911, -1,
      840, 841, 913, 912, -1,
      841, 842, 914, 913, -1,
      842, 843, 915, 914, -1,
      843, 844, 916, 915, -1,
      844, 845, 917, 916, -1,
      845, 846, 918, 917, -1,
      846, 847, 919, 918, -1,
      847, 848, 920, 919, -1,
      848, 849, 921, 920, -1,
      849, 850, 922, 921, -1,
      850, 851, 923, 922, -1,
      851, 852, 924, 923, -1,
      852, 853, 925, 924, -1,
      853, 854, 926, 925, -1,
      854, 855, 927, 926, -1,
      855, 856, 928, 927, -1,
      856, 857, 929, 928, -1,
      857, 858, 930, 929, -1,
      858, 859, 931, 930, -1,
      859, 860, 932, 931, -1,
      860, 861, 933, 932, -1,
      861, 862, 934, 933, -1,
      862, 863, 935, 934, -1,
      863, 792, 864, 935, -1,
      936, 1, 0, -1,
      937, 864, 865, -1,
      936, 2, 1, -1,
      937, 865, 866, -1,
      936, 3, 2, -1,
      937, 866, 867, -1,
      936, 4, 3, -1,
      937, 867, 868, -1,
      936, 5, 4, -1,
      937, 868, 869, -1,
      936, 6, 5, -1,
      937, 869, 870, -1,
      936, 7, 6, -1,
      937, 870, 871, -1,
      936, 8, 7, -1,
      937, 871, 872, -1,
      936, 9, 8, -1,
      937, 872, 873, -1,
      936, 10, 9, -1,
      937, 873, 874, -1,
      936, 11, 10, -1,
      937, 874, 875, -1,
      936, 12, 11, -1,
      937, 875, 876, -1,
      936, 13, 12, -1,
      937, 876, 877, -1,
      936, 14, 13, -1,
      937, 877, 878, -1,
      936, 15, 14, -1,
      937, 878, 879, -1,
      936, 16, 15, -1,
      937, 879, 880, -1,
      936, 17, 16, -1,
      937, 880, 881, -1,
      936, 18, 17, -1,
      937, 881, 882, -1,
      936, 19, 18, -1,
      937, 882, 883, -1,
      936, 20, 19, -1,
      937, 883, 884, -1,
      936, 21, 20, -1,
      937, 884, 885, -1,
      936, 22, 21, -1,
      937, 885, 886, -1,
      936, 23, 22, -1,
      937, 886, 887, -1,
      936, 24, 23, -1,
      937, 887, 888, -1,
      936, 25, 24, -1,
      937, 888, 889, -1,
      936, 26, 25, -1,
      937, 889, 890, -1,
      936, 27, 26, -1,
      937, 890, 891, -1,
      936, 28, 27, -1,
      937, 891, 892, -1,
      936, 29, 28, -1,
      937, 892, 893, -1,
      936, 30, 29, -1,
      937, 893, 894, -1,
      936, 31, 30, -1,
      937, 894, 895, -1,
      936, 32, 31, -1,
      937, 895, 896, -1,
      936, 33, 32, -1,
      937, 896, 897, -1,
      936, 34, 33, -1,
      937, 897, 898, -1,
      936, 35, 34, -1,
      937, 898, 899, -1,
      936, 36, 35, -1,
      937, 899, 900, -1,
      936, 37, 36, -1,
      937, 900, 901, -1,
      936, 38, 37, -1,
      937, 901, 902, -1,
      936, 39, 38, -1,
      937, 902, 903, -1,
      936, 40, 39, -1,
      937, 903, 904, -1,
      936, 41, 40, -1,
      937, 904, 905, -1,
      936, 42, 41, -1,
      937, 905, 906, -1,
      936, 43, 42, -1,
      937, 906, 907, -1,
      936, 44, 43, -1,
      937, 907, 908, -1,
      936, 45, 44, -1,
      937, 908, 909, -1,
      936, 46, 45, -1,
      937, 909, 910, -1,
      936, 47, 46, -1,
      937, 910, 911, -1,
      936, 48, 47, -1,
      937, 911, 912, -1,
      936, 49, 48, -1,
      937, 912, 913, -1,
      936, 50, 49, -1,
      937, 913, 914, -1,
      936, 51, 50, -1,
      937, 914, 915, -1,
      936, 52, 51, -1,
      937, 915, 916, -1,
      936, 53, 52, -1,
      937, 916, 917, -1,
      936, 54, 53, -1,
      937, 917, 918, -1,
      936, 55, 54, -1,
      937, 918, 919, -1,
      936, 56, 55, -1,
      937, 919, 920, -1,
      936, 57, 56, -1,
      937, 920, 921, -1,
      936, 58, 57, -1,
      937, 921, 922, -1,
      936, 59, 58, -1,
      937, 922, 923, -1,
      936, 60, 59, -1,
      937, 923, 924, -1,
      936, 61, 60, -1,
      937, 924, 925, -1,
      936, 62, 61, -1,
      937, 925, 926, -1,
      936, 63, 62, -1,
      937, 926, 927, -1,
      936, 64, 63, -1,
      937, 927, 928, -1,
      936, 65, 64, -1,
      937, 928, 929, -1,
      936, 66, 65, -1,
      937, 929, 930, -1,
      936, 67, 66, -1,
      937, 930, 931, -1,
      936, 68, 67, -1,
      937, 931, 932, -1,
      936, 69, 68, -1,
      937, 932, 933, -1,
      936, 70, 69, -1,
      937, 933, 934, -1,
      936, 71, 70, -1,
      937, 934, 935, -1,
      936, 0, 71, -1,
      937, 935, 864, -1
  ]
  creaseAngle 1.15
  solid TRUE
} }
# Curved negative polarity band
Shape { appearance USE POLARITY_STRIPE geometry IndexedFaceSet {
  coord Coordinate { point [
      1.1189 -0.3636 0.1106,
      1.1324 -0.3194 0.1106,
      1.1440 -0.2747 0.1106,
      1.1539 -0.2295 0.1106,
      1.1620 -0.1840 0.1106,
      1.1684 -0.1383 0.1106,
      1.1729 -0.0923 0.1106,
      1.1756 -0.0462 0.1106,
      1.1765 0.0000 0.1106,
      1.1756 0.0462 0.1106,
      1.1729 0.0923 0.1106,
      1.1684 0.1383 0.1106,
      1.1620 0.1840 0.1106,
      1.1539 0.2295 0.1106,
      1.1440 0.2747 0.1106,
      1.1324 0.3194 0.1106,
      1.1189 0.3636 0.1106,
      1.1222 -0.3646 0.1275,
      1.1357 -0.3203 0.1275,
      1.1474 -0.2755 0.1275,
      1.1573 -0.2302 0.1275,
      1.1655 -0.1846 0.1275,
      1.1718 -0.1387 0.1275,
      1.1763 -0.0926 0.1275,
      1.1791 -0.0463 0.1275,
      1.1800 0.0000 0.1275,
      1.1791 0.0463 0.1275,
      1.1763 0.0926 0.1275,
      1.1718 0.1387 0.1275,
      1.1655 0.1846 0.1275,
      1.1573 0.2302 0.1275,
      1.1474 0.2755 0.1275,
      1.1357 0.3203 0.1275,
      1.1222 0.3646 0.1275,
      1.1222 -0.3646 1.8298,
      1.1357 -0.3203 1.8298,
      1.1474 -0.2755 1.8298,
      1.1573 -0.2302 1.8298,
      1.1655 -0.1846 1.8298,
      1.1718 -0.1387 1.8298,
      1.1763 -0.0926 1.8298,
      1.1791 -0.0463 1.8298,
      1.1800 0.0000 1.8298,
      1.1791 0.0463 1.8298,
      1.1763 0.0926 1.8298,
      1.1718 0.1387 1.8298,
      1.1655 0.1846 1.8298,
      1.1573 0.2302 1.8298,
      1.1474 0.2755 1.8298,
      1.1357 0.3203 1.8298,
      1.1222 0.3646 1.8298,
      1.1190 -0.3636 1.8654,
      1.1324 -0.3194 1.8654,
      1.1441 -0.2747 1.8654,
      1.1540 -0.2295 1.8654,
      1.1621 -0.1841 1.8654,
      1.1684 -0.1383 1.8654,
      1.1730 -0.0923 1.8654,
      1.1757 -0.0462 1.8654,
      1.1766 0.0000 1.8654,
      1.1757 0.0462 1.8654,
      1.1730 0.0923 1.8654,
      1.1684 0.1383 1.8654,
      1.1621 0.1841 1.8654,
      1.1540 0.2295 1.8654,
      1.1441 0.2747 1.8654,
      1.1324 0.3194 1.8654,
      1.1190 0.3636 1.8654,
      1.1062 -0.3594 1.8973,
      1.1194 -0.3157 1.8973,
      1.1310 -0.2715 1.8973,
      1.1408 -0.2269 1.8973,
      1.1488 -0.1819 1.8973,
      1.1550 -0.1367 1.8973,
      1.1595 -0.0913 1.8973,
      1.1622 -0.0457 1.8973,
      1.1631 0.0000 1.8973,
      1.1622 0.0457 1.8973,
      1.1595 0.0913 1.8973,
      1.1550 0.1367 1.8973,
      1.1488 0.1819 1.8973,
      1.1408 0.2269 1.8973,
      1.1310 0.2715 1.8973,
      1.1194 0.3157 1.8973,
      1.1062 0.3594 1.8973,
      1.0917 -0.3547 1.9179,
      1.1048 -0.3116 1.9179,
      1.1162 -0.2680 1.9179,
      1.1259 -0.2239 1.9179,
      1.1338 -0.1796 1.9179,
      1.1400 -0.1349 1.9179,
      1.1444 -0.0901 1.9179,
      1.1470 -0.0451 1.9179,
      1.1479 0.0000 1.9179,
      1.1470 0.0451 1.9179,
      1.1444 0.0901 1.9179,
      1.1400 0.1349 1.9179,
      1.1338 0.1796 1.9179,
      1.1259 0.2239 1.9179,
      1.1162 0.2680 1.9179,
      1.1048 0.3116 1.9179,
      1.0917 0.3547 1.9179
  ] }
  coordIndex [
      0, 1, 18, 17, -1,
      1, 2, 19, 18, -1,
      2, 3, 20, 19, -1,
      3, 4, 21, 20, -1,
      4, 5, 22, 21, -1,
      5, 6, 23, 22, -1,
      6, 7, 24, 23, -1,
      7, 8, 25, 24, -1,
      8, 9, 26, 25, -1,
      9, 10, 27, 26, -1,
      10, 11, 28, 27, -1,
      11, 12, 29, 28, -1,
      12, 13, 30, 29, -1,
      13, 14, 31, 30, -1,
      14, 15, 32, 31, -1,
      15, 16, 33, 32, -1,
      17, 18, 35, 34, -1,
      18, 19, 36, 35, -1,
      19, 20, 37, 36, -1,
      20, 21, 38, 37, -1,
      21, 22, 39, 38, -1,
      22, 23, 40, 39, -1,
      23, 24, 41, 40, -1,
      24, 25, 42, 41, -1,
      25, 26, 43, 42, -1,
      26, 27, 44, 43, -1,
      27, 28, 45, 44, -1,
      28, 29, 46, 45, -1,
      29, 30, 47, 46, -1,
      30, 31, 48, 47, -1,
      31, 32, 49, 48, -1,
      32, 33, 50, 49, -1,
      34, 35, 52, 51, -1,
      35, 36, 53, 52, -1,
      36, 37, 54, 53, -1,
      37, 38, 55, 54, -1,
      38, 39, 56, 55, -1,
      39, 40, 57, 56, -1,
      40, 41, 58, 57, -1,
      41, 42, 59, 58, -1,
      42, 43, 60, 59, -1,
      43, 44, 61, 60, -1,
      44, 45, 62, 61, -1,
      45, 46, 63, 62, -1,
      46, 47, 64, 63, -1,
      47, 48, 65, 64, -1,
      48, 49, 66, 65, -1,
      49, 50, 67, 66, -1,
      51, 52, 69, 68, -1,
      52, 53, 70, 69, -1,
      53, 54, 71, 70, -1,
      54, 55, 72, 71, -1,
      55, 56, 73, 72, -1,
      56, 57, 74, 73, -1,
      57, 58, 75, 74, -1,
      58, 59, 76, 75, -1,
      59, 60, 77, 76, -1,
      60, 61, 78, 77, -1,
      61, 62, 79, 78, -1,
      62, 63, 80, 79, -1,
      63, 64, 81, 80, -1,
      64, 65, 82, 81, -1,
      65, 66, 83, 82, -1,
      66, 67, 84, 83, -1,
      68, 69, 86, 85, -1,
      69, 70, 87, 86, -1,
      70, 71, 88, 87, -1,
      71, 72, 89, 88, -1,
      72, 73, 90, 89, -1,
      73, 74, 91, 90, -1,
      74, 75, 92, 91, -1,
      75, 76, 93, 92, -1,
      76, 77, 94, 93, -1,
      77, 78, 95, 94, -1,
      78, 79, 96, 95, -1,
      79, 80, 97, 96, -1,
      80, 81, 98, 97, -1,
      81, 82, 99, 98, -1,
      82, 83, 100, 99, -1,
      83, 84, 101, 100, -1
  ]
  creaseAngle 1.15
  solid FALSE
} }
# Polarity band minus marking 1
Shape { appearance USE MARKING geometry IndexedFaceSet {
  coord Coordinate { point [
      1.1617 -0.2141 0.4381,
      1.1677 -0.1787 0.4381,
      1.1726 -0.1431 0.4381,
      1.1764 -0.1075 0.4381,
      1.1791 -0.0717 0.4381,
      1.1807 -0.0359 0.4381,
      1.1813 0.0000 0.4381,
      1.1807 0.0359 0.4381,
      1.1791 0.0717 0.4381,
      1.1764 0.1075 0.4381,
      1.1726 0.1431 0.4381,
      1.1677 0.1787 0.4381,
      1.1617 0.2141 0.4381,
      1.1617 -0.2141 0.4699,
      1.1677 -0.1787 0.4699,
      1.1726 -0.1431 0.4699,
      1.1764 -0.1075 0.4699,
      1.1791 -0.0717 0.4699,
      1.1807 -0.0359 0.4699,
      1.1813 0.0000 0.4699,
      1.1807 0.0359 0.4699,
      1.1791 0.0717 0.4699,
      1.1764 0.1075 0.4699,
      1.1726 0.1431 0.4699,
      1.1677 0.1787 0.4699,
      1.1617 0.2141 0.4699
  ] }
  coordIndex [
      0, 1, 14, 13, -1,
      1, 2, 15, 14, -1,
      2, 3, 16, 15, -1,
      3, 4, 17, 16, -1,
      4, 5, 18, 17, -1,
      5, 6, 19, 18, -1,
      6, 7, 20, 19, -1,
      7, 8, 21, 20, -1,
      8, 9, 22, 21, -1,
      9, 10, 23, 22, -1,
      10, 11, 24, 23, -1,
      11, 12, 25, 24, -1
  ]
  creaseAngle 1.15
  solid FALSE
} }
# Polarity band minus marking 2
Shape { appearance USE MARKING geometry IndexedFaceSet {
  coord Coordinate { point [
      1.1617 -0.2141 0.9441,
      1.1677 -0.1787 0.9441,
      1.1726 -0.1431 0.9441,
      1.1764 -0.1075 0.9441,
      1.1791 -0.0717 0.9441,
      1.1807 -0.0359 0.9441,
      1.1813 0.0000 0.9441,
      1.1807 0.0359 0.9441,
      1.1791 0.0717 0.9441,
      1.1764 0.1075 0.9441,
      1.1726 0.1431 0.9441,
      1.1677 0.1787 0.9441,
      1.1617 0.2141 0.9441,
      1.1617 -0.2141 0.9760,
      1.1677 -0.1787 0.9760,
      1.1726 -0.1431 0.9760,
      1.1764 -0.1075 0.9760,
      1.1791 -0.0717 0.9760,
      1.1807 -0.0359 0.9760,
      1.1813 0.0000 0.9760,
      1.1807 0.0359 0.9760,
      1.1791 0.0717 0.9760,
      1.1764 0.1075 0.9760,
      1.1726 0.1431 0.9760,
      1.1677 0.1787 0.9760,
      1.1617 0.2141 0.9760
  ] }
  coordIndex [
      0, 1, 14, 13, -1,
      1, 2, 15, 14, -1,
      2, 3, 16, 15, -1,
      3, 4, 17, 16, -1,
      4, 5, 18, 17, -1,
      5, 6, 19, 18, -1,
      6, 7, 20, 19, -1,
      7, 8, 21, 20, -1,
      8, 9, 22, 21, -1,
      9, 10, 23, 22, -1,
      10, 11, 24, 23, -1,
      11, 12, 25, 24, -1
  ]
  creaseAngle 1.15
  solid FALSE
} }
# Polarity band minus marking 3
Shape { appearance USE MARKING geometry IndexedFaceSet {
  coord Coordinate { point [
      1.1617 -0.2141 1.4501,
      1.1677 -0.1787 1.4501,
      1.1726 -0.1431 1.4501,
      1.1764 -0.1075 1.4501,
      1.1791 -0.0717 1.4501,
      1.1807 -0.0359 1.4501,
      1.1813 0.0000 1.4501,
      1.1807 0.0359 1.4501,
      1.1791 0.0717 1.4501,
      1.1764 0.1075 1.4501,
      1.1726 0.1431 1.4501,
      1.1677 0.1787 1.4501,
      1.1617 0.2141 1.4501,
      1.1617 -0.2141 1.4820,
      1.1677 -0.1787 1.4820,
      1.1726 -0.1431 1.4820,
      1.1764 -0.1075 1.4820,
      1.1791 -0.0717 1.4820,
      1.1807 -0.0359 1.4820,
      1.1813 0.0000 1.4820,
      1.1807 0.0359 1.4820,
      1.1791 0.0717 1.4820,
      1.1764 0.1075 1.4820,
      1.1726 0.1431 1.4820,
      1.1677 0.1787 1.4820,
      1.1617 0.2141 1.4820
  ] }
  coordIndex [
      0, 1, 14, 13, -1,
      1, 2, 15, 14, -1,
      2, 3, 16, 15, -1,
      3, 4, 17, 16, -1,
      4, 5, 18, 17, -1,
      5, 6, 19, 18, -1,
      6, 7, 20, 19, -1,
      7, 8, 21, 20, -1,
      8, 9, 22, 21, -1,
      9, 10, 23, 22, -1,
      10, 11, 24, 23, -1,
      11, 12, 25, 24, -1
  ]
  creaseAngle 1.15
  solid FALSE
} }
# Polarity band chevron 1
Shape { appearance USE MARKING geometry IndexedFaceSet {
  coord Coordinate { point [
      1.1442 -0.2938 0.7276,
      1.1442 -0.2938 0.7501,
      1.1528 -0.2577 0.7197,
      1.1528 -0.2577 0.7422,
      1.1604 -0.2214 0.7117,
      1.1604 -0.2214 0.7342,
      1.1667 -0.1848 0.7037,
      1.1667 -0.1848 0.7262,
      1.1720 -0.1481 0.6958,
      1.1720 -0.1481 0.7183,
      1.1760 -0.1112 0.6878,
      1.1760 -0.1112 0.7103,
      1.1790 -0.0742 0.6798,
      1.1790 -0.0742 0.7023,
      1.1807 -0.0371 0.6719,
      1.1807 -0.0371 0.6944,
      1.1813 0.0000 0.6639,
      1.1813 0.0000 0.6864,
      1.1813 0.0000 0.6639,
      1.1813 0.0000 0.6864,
      1.1807 0.0371 0.6719,
      1.1807 0.0371 0.6944,
      1.1790 0.0742 0.6798,
      1.1790 0.0742 0.7023,
      1.1760 0.1112 0.6878,
      1.1760 0.1112 0.7103,
      1.1720 0.1481 0.6958,
      1.1720 0.1481 0.7183,
      1.1667 0.1848 0.7037,
      1.1667 0.1848 0.7262,
      1.1604 0.2214 0.7117,
      1.1604 0.2214 0.7342,
      1.1528 0.2577 0.7197,
      1.1528 0.2577 0.7422,
      1.1442 0.2938 0.7276,
      1.1442 0.2938 0.7501
  ] }
  coordIndex [
      0, 2, 3, 1, -1,
      2, 4, 5, 3, -1,
      4, 6, 7, 5, -1,
      6, 8, 9, 7, -1,
      8, 10, 11, 9, -1,
      10, 12, 13, 11, -1,
      12, 14, 15, 13, -1,
      14, 16, 17, 15, -1,
      18, 20, 21, 19, -1,
      20, 22, 23, 21, -1,
      22, 24, 25, 23, -1,
      24, 26, 27, 25, -1,
      26, 28, 29, 27, -1,
      28, 30, 31, 29, -1,
      30, 32, 33, 31, -1,
      32, 34, 35, 33, -1
  ]
  creaseAngle 1.15
  solid FALSE
} }
# Polarity band chevron 2
Shape { appearance USE MARKING geometry IndexedFaceSet {
  coord Coordinate { point [
      1.1442 -0.2938 1.2337,
      1.1442 -0.2938 1.2562,
      1.1528 -0.2577 1.2257,
      1.1528 -0.2577 1.2482,
      1.1604 -0.2214 1.2177,
      1.1604 -0.2214 1.2402,
      1.1667 -0.1848 1.2098,
      1.1667 -0.1848 1.2323,
      1.1720 -0.1481 1.2018,
      1.1720 -0.1481 1.2243,
      1.1760 -0.1112 1.1938,
      1.1760 -0.1112 1.2163,
      1.1790 -0.0742 1.1859,
      1.1790 -0.0742 1.2084,
      1.1807 -0.0371 1.1779,
      1.1807 -0.0371 1.2004,
      1.1813 0.0000 1.1699,
      1.1813 0.0000 1.1924,
      1.1813 0.0000 1.1699,
      1.1813 0.0000 1.1924,
      1.1807 0.0371 1.1779,
      1.1807 0.0371 1.2004,
      1.1790 0.0742 1.1859,
      1.1790 0.0742 1.2084,
      1.1760 0.1112 1.1938,
      1.1760 0.1112 1.2163,
      1.1720 0.1481 1.2018,
      1.1720 0.1481 1.2243,
      1.1667 0.1848 1.2098,
      1.1667 0.1848 1.2323,
      1.1604 0.2214 1.2177,
      1.1604 0.2214 1.2402,
      1.1528 0.2577 1.2257,
      1.1528 0.2577 1.2482,
      1.1442 0.2938 1.2337,
      1.1442 0.2938 1.2562
  ] }
  coordIndex [
      0, 2, 3, 1, -1,
      2, 4, 5, 3, -1,
      4, 6, 7, 5, -1,
      6, 8, 9, 7, -1,
      8, 10, 11, 9, -1,
      10, 12, 13, 11, -1,
      12, 14, 15, 13, -1,
      14, 16, 17, 15, -1,
      18, 20, 21, 19, -1,
      20, 22, 23, 21, -1,
      22, 24, 25, 23, -1,
      24, 26, 27, 25, -1,
      26, 28, 29, 27, -1,
      28, 30, 31, 29, -1,
      30, 32, 33, 31, -1,
      32, 34, 35, 33, -1
  ]
  creaseAngle 1.15
  solid FALSE
} }
# Polarity band chevron 3
Shape { appearance USE MARKING geometry IndexedFaceSet {
  coord Coordinate { point [
      1.1442 -0.2938 1.7397,
      1.1442 -0.2938 1.7622,
      1.1528 -0.2577 1.7317,
      1.1528 -0.2577 1.7542,
      1.1604 -0.2214 1.7238,
      1.1604 -0.2214 1.7463,
      1.1667 -0.1848 1.7158,
      1.1667 -0.1848 1.7383,
      1.1720 -0.1481 1.7078,
      1.1720 -0.1481 1.7303,
      1.1760 -0.1112 1.6999,
      1.1760 -0.1112 1.7224,
      1.1790 -0.0742 1.6919,
      1.1790 -0.0742 1.7144,
      1.1807 -0.0371 1.6839,
      1.1807 -0.0371 1.7064,
      1.1813 0.0000 1.6760,
      1.1813 0.0000 1.6985,
      1.1813 0.0000 1.6760,
      1.1813 0.0000 1.6985,
      1.1807 0.0371 1.6839,
      1.1807 0.0371 1.7064,
      1.1790 0.0742 1.6919,
      1.1790 0.0742 1.7144,
      1.1760 0.1112 1.6999,
      1.1760 0.1112 1.7224,
      1.1720 0.1481 1.7078,
      1.1720 0.1481 1.7303,
      1.1667 0.1848 1.7158,
      1.1667 0.1848 1.7383,
      1.1604 0.2214 1.7238,
      1.1604 0.2214 1.7463,
      1.1528 0.2577 1.7317,
      1.1528 0.2577 1.7542,
      1.1442 0.2938 1.7397,
      1.1442 0.2938 1.7622
  ] }
  coordIndex [
      0, 2, 3, 1, -1,
      2, 4, 5, 3, -1,
      4, 6, 7, 5, -1,
      6, 8, 9, 7, -1,
      8, 10, 11, 9, -1,
      10, 12, 13, 11, -1,
      12, 14, 15, 13, -1,
      14, 16, 17, 15, -1,
      18, 20, 21, 19, -1,
      20, 22, 23, 21, -1,
      22, 24, 25, 23, -1,
      24, 26, 27, 25, -1,
      26, 28, 29, 27, -1,
      28, 30, 31, 29, -1,
      30, 32, 33, 31, -1,
      32, 34, 35, 33, -1
  ]
  creaseAngle 1.15
  solid FALSE
} }
# Recessed top aluminium cap
Transform { translation 0.0000 0.0000 1.9244 children [
  Shape { appearance USE ALUMINIUM geometry IndexedFaceSet {
    coord Coordinate { point [
        1.0390 0.0000 -0.0066,
        1.0301 0.1356 -0.0066,
        1.0036 0.2689 -0.0066,
        0.9599 0.3976 -0.0066,
        0.8998 0.5195 -0.0066,
        0.8243 0.6325 -0.0066,
        0.7347 0.7347 -0.0066,
        0.6325 0.8243 -0.0066,
        0.5195 0.8998 -0.0066,
        0.3976 0.9599 -0.0066,
        0.2689 1.0036 -0.0066,
        0.1356 1.0301 -0.0066,
        0.0000 1.0390 -0.0066,
        -0.1356 1.0301 -0.0066,
        -0.2689 1.0036 -0.0066,
        -0.3976 0.9599 -0.0066,
        -0.5195 0.8998 -0.0066,
        -0.6325 0.8243 -0.0066,
        -0.7347 0.7347 -0.0066,
        -0.8243 0.6325 -0.0066,
        -0.8998 0.5195 -0.0066,
        -0.9599 0.3976 -0.0066,
        -1.0036 0.2689 -0.0066,
        -1.0301 0.1356 -0.0066,
        -1.0390 0.0000 -0.0066,
        -1.0301 -0.1356 -0.0066,
        -1.0036 -0.2689 -0.0066,
        -0.9599 -0.3976 -0.0066,
        -0.8998 -0.5195 -0.0066,
        -0.8243 -0.6325 -0.0066,
        -0.7347 -0.7347 -0.0066,
        -0.6325 -0.8243 -0.0066,
        -0.5195 -0.8998 -0.0066,
        -0.3976 -0.9599 -0.0066,
        -0.2689 -1.0036 -0.0066,
        -0.1356 -1.0301 -0.0066,
        -0.0000 -1.0390 -0.0066,
        0.1356 -1.0301 -0.0066,
        0.2689 -1.0036 -0.0066,
        0.3976 -0.9599 -0.0066,
        0.5195 -0.8998 -0.0066,
        0.6325 -0.8243 -0.0066,
        0.7347 -0.7347 -0.0066,
        0.8243 -0.6325 -0.0066,
        0.8998 -0.5195 -0.0066,
        0.9599 -0.3976 -0.0066,
        1.0036 -0.2689 -0.0066,
        1.0301 -0.1356 -0.0066,
        1.0394 0.0000 -0.0065,
        1.0305 0.1357 -0.0065,
        1.0040 0.2690 -0.0065,
        0.9603 0.3978 -0.0065,
        0.9001 0.5197 -0.0065,
        0.8246 0.6327 -0.0065,
        0.7350 0.7350 -0.0065,
        0.6327 0.8246 -0.0065,
        0.5197 0.9001 -0.0065,
        0.3978 0.9603 -0.0065,
        0.2690 1.0040 -0.0065,
        0.1357 1.0305 -0.0065,
        0.0000 1.0394 -0.0065,
        -0.1357 1.0305 -0.0065,
        -0.2690 1.0040 -0.0065,
        -0.3978 0.9603 -0.0065,
        -0.5197 0.9001 -0.0065,
        -0.6327 0.8246 -0.0065,
        -0.7350 0.7350 -0.0065,
        -0.8246 0.6327 -0.0065,
        -0.9001 0.5197 -0.0065,
        -0.9603 0.3978 -0.0065,
        -1.0040 0.2690 -0.0065,
        -1.0305 0.1357 -0.0065,
        -1.0394 0.0000 -0.0065,
        -1.0305 -0.1357 -0.0065,
        -1.0040 -0.2690 -0.0065,
        -0.9603 -0.3978 -0.0065,
        -0.9001 -0.5197 -0.0065,
        -0.8246 -0.6327 -0.0065,
        -0.7350 -0.7350 -0.0065,
        -0.6327 -0.8246 -0.0065,
        -0.5197 -0.9001 -0.0065,
        -0.3978 -0.9603 -0.0065,
        -0.2690 -1.0040 -0.0065,
        -0.1357 -1.0305 -0.0065,
        -0.0000 -1.0394 -0.0065,
        0.1357 -1.0305 -0.0065,
        0.2690 -1.0040 -0.0065,
        0.3978 -0.9603 -0.0065,
        0.5197 -0.9001 -0.0065,
        0.6327 -0.8246 -0.0065,
        0.7350 -0.7350 -0.0065,
        0.8246 -0.6327 -0.0065,
        0.9001 -0.5197 -0.0065,
        0.9603 -0.3978 -0.0065,
        1.0040 -0.2690 -0.0065,
        1.0305 -0.1357 -0.0065,
        1.0397 0.0000 -0.0064,
        1.0308 0.1357 -0.0064,
        1.0043 0.2691 -0.0064,
        0.9606 0.3979 -0.0064,
        0.9004 0.5199 -0.0064,
        0.8249 0.6330 -0.0064,
        0.7352 0.7352 -0.0064,
        0.6330 0.8249 -0.0064,
        0.5199 0.9004 -0.0064,
        0.3979 0.9606 -0.0064,
        0.2691 1.0043 -0.0064,
        0.1357 1.0308 -0.0064,
        0.0000 1.0397 -0.0064,
        -0.1357 1.0308 -0.0064,
        -0.2691 1.0043 -0.0064,
        -0.3979 0.9606 -0.0064,
        -0.5199 0.9004 -0.0064,
        -0.6330 0.8249 -0.0064,
        -0.7352 0.7352 -0.0064,
        -0.8249 0.6330 -0.0064,
        -0.9004 0.5199 -0.0064,
        -0.9606 0.3979 -0.0064,
        -1.0043 0.2691 -0.0064,
        -1.0308 0.1357 -0.0064,
        -1.0397 0.0000 -0.0064,
        -1.0308 -0.1357 -0.0064,
        -1.0043 -0.2691 -0.0064,
        -0.9606 -0.3979 -0.0064,
        -0.9004 -0.5199 -0.0064,
        -0.8249 -0.6330 -0.0064,
        -0.7352 -0.7352 -0.0064,
        -0.6330 -0.8249 -0.0064,
        -0.5199 -0.9004 -0.0064,
        -0.3979 -0.9606 -0.0064,
        -0.2691 -1.0043 -0.0064,
        -0.1357 -1.0308 -0.0064,
        -0.0000 -1.0397 -0.0064,
        0.1357 -1.0308 -0.0064,
        0.2691 -1.0043 -0.0064,
        0.3979 -0.9606 -0.0064,
        0.5199 -0.9004 -0.0064,
        0.6330 -0.8249 -0.0064,
        0.7352 -0.7352 -0.0064,
        0.8249 -0.6330 -0.0064,
        0.9004 -0.5199 -0.0064,
        0.9606 -0.3979 -0.0064,
        1.0043 -0.2691 -0.0064,
        1.0308 -0.1357 -0.0064,
        1.0401 0.0000 -0.0061,
        1.0312 0.1358 -0.0061,
        1.0046 0.2692 -0.0061,
        0.9609 0.3980 -0.0061,
        0.9007 0.5200 -0.0061,
        0.8251 0.6331 -0.0061,
        0.7354 0.7354 -0.0061,
        0.6331 0.8251 -0.0061,
        0.5200 0.9007 -0.0061,
        0.3980 0.9609 -0.0061,
        0.2692 1.0046 -0.0061,
        0.1358 1.0312 -0.0061,
        0.0000 1.0401 -0.0061,
        -0.1358 1.0312 -0.0061,
        -0.2692 1.0046 -0.0061,
        -0.3980 0.9609 -0.0061,
        -0.5200 0.9007 -0.0061,
        -0.6331 0.8251 -0.0061,
        -0.7354 0.7354 -0.0061,
        -0.8251 0.6331 -0.0061,
        -0.9007 0.5200 -0.0061,
        -0.9609 0.3980 -0.0061,
        -1.0046 0.2692 -0.0061,
        -1.0312 0.1358 -0.0061,
        -1.0401 0.0000 -0.0061,
        -1.0312 -0.1358 -0.0061,
        -1.0046 -0.2692 -0.0061,
        -0.9609 -0.3980 -0.0061,
        -0.9007 -0.5200 -0.0061,
        -0.8251 -0.6331 -0.0061,
        -0.7354 -0.7354 -0.0061,
        -0.6331 -0.8251 -0.0061,
        -0.5200 -0.9007 -0.0061,
        -0.3980 -0.9609 -0.0061,
        -0.2692 -1.0046 -0.0061,
        -0.1358 -1.0312 -0.0061,
        -0.0000 -1.0401 -0.0061,
        0.1358 -1.0312 -0.0061,
        0.2692 -1.0046 -0.0061,
        0.3980 -0.9609 -0.0061,
        0.5200 -0.9007 -0.0061,
        0.6331 -0.8251 -0.0061,
        0.7354 -0.7354 -0.0061,
        0.8251 -0.6331 -0.0061,
        0.9007 -0.5200 -0.0061,
        0.9609 -0.3980 -0.0061,
        1.0046 -0.2692 -0.0061,
        1.0312 -0.1358 -0.0061,
        1.0403 0.0000 -0.0058,
        1.0314 0.1358 -0.0058,
        1.0048 0.2692 -0.0058,
        0.9611 0.3981 -0.0058,
        0.9009 0.5201 -0.0058,
        0.8253 0.6333 -0.0058,
        0.7356 0.7356 -0.0058,
        0.6333 0.8253 -0.0058,
        0.5201 0.9009 -0.0058,
        0.3981 0.9611 -0.0058,
        0.2692 1.0048 -0.0058,
        0.1358 1.0314 -0.0058,
        0.0000 1.0403 -0.0058,
        -0.1358 1.0314 -0.0058,
        -0.2692 1.0048 -0.0058,
        -0.3981 0.9611 -0.0058,
        -0.5201 0.9009 -0.0058,
        -0.6333 0.8253 -0.0058,
        -0.7356 0.7356 -0.0058,
        -0.8253 0.6333 -0.0058,
        -0.9009 0.5201 -0.0058,
        -0.9611 0.3981 -0.0058,
        -1.0048 0.2692 -0.0058,
        -1.0314 0.1358 -0.0058,
        -1.0403 0.0000 -0.0058,
        -1.0314 -0.1358 -0.0058,
        -1.0048 -0.2692 -0.0058,
        -0.9611 -0.3981 -0.0058,
        -0.9009 -0.5201 -0.0058,
        -0.8253 -0.6333 -0.0058,
        -0.7356 -0.7356 -0.0058,
        -0.6333 -0.8253 -0.0058,
        -0.5201 -0.9009 -0.0058,
        -0.3981 -0.9611 -0.0058,
        -0.2692 -1.0048 -0.0058,
        -0.1358 -1.0314 -0.0058,
        -0.0000 -1.0403 -0.0058,
        0.1358 -1.0314 -0.0058,
        0.2692 -1.0048 -0.0058,
        0.3981 -0.9611 -0.0058,
        0.5201 -0.9009 -0.0058,
        0.6333 -0.8253 -0.0058,
        0.7356 -0.7356 -0.0058,
        0.8253 -0.6333 -0.0058,
        0.9009 -0.5201 -0.0058,
        0.9611 -0.3981 -0.0058,
        1.0048 -0.2692 -0.0058,
        1.0314 -0.1358 -0.0058,
        1.0404 0.0000 -0.0055,
        1.0315 0.1358 -0.0055,
        1.0050 0.2693 -0.0055,
        0.9612 0.3982 -0.0055,
        0.9011 0.5202 -0.0055,
        0.8254 0.6334 -0.0055,
        0.7357 0.7357 -0.0055,
        0.6334 0.8254 -0.0055,
        0.5202 0.9011 -0.0055,
        0.3982 0.9612 -0.0055,
        0.2693 1.0050 -0.0055,
        0.1358 1.0315 -0.0055,
        0.0000 1.0404 -0.0055,
        -0.1358 1.0315 -0.0055,
        -0.2693 1.0050 -0.0055,
        -0.3982 0.9612 -0.0055,
        -0.5202 0.9011 -0.0055,
        -0.6334 0.8254 -0.0055,
        -0.7357 0.7357 -0.0055,
        -0.8254 0.6334 -0.0055,
        -0.9011 0.5202 -0.0055,
        -0.9612 0.3982 -0.0055,
        -1.0050 0.2693 -0.0055,
        -1.0315 0.1358 -0.0055,
        -1.0404 0.0000 -0.0055,
        -1.0315 -0.1358 -0.0055,
        -1.0050 -0.2693 -0.0055,
        -0.9612 -0.3982 -0.0055,
        -0.9011 -0.5202 -0.0055,
        -0.8254 -0.6334 -0.0055,
        -0.7357 -0.7357 -0.0055,
        -0.6334 -0.8254 -0.0055,
        -0.5202 -0.9011 -0.0055,
        -0.3982 -0.9612 -0.0055,
        -0.2693 -1.0050 -0.0055,
        -0.1358 -1.0315 -0.0055,
        -0.0000 -1.0404 -0.0055,
        0.1358 -1.0315 -0.0055,
        0.2693 -1.0050 -0.0055,
        0.3982 -0.9612 -0.0055,
        0.5202 -0.9011 -0.0055,
        0.6334 -0.8254 -0.0055,
        0.7357 -0.7357 -0.0055,
        0.8254 -0.6334 -0.0055,
        0.9011 -0.5202 -0.0055,
        0.9612 -0.3982 -0.0055,
        1.0050 -0.2693 -0.0055,
        1.0315 -0.1358 -0.0055,
        1.0405 0.0000 -0.0051,
        1.0316 0.1358 -0.0051,
        1.0050 0.2693 -0.0051,
        0.9613 0.3982 -0.0051,
        0.9011 0.5202 -0.0051,
        0.8255 0.6334 -0.0051,
        0.7357 0.7357 -0.0051,
        0.6334 0.8255 -0.0051,
        0.5202 0.9011 -0.0051,
        0.3982 0.9613 -0.0051,
        0.2693 1.0050 -0.0051,
        0.1358 1.0316 -0.0051,
        0.0000 1.0405 -0.0051,
        -0.1358 1.0316 -0.0051,
        -0.2693 1.0050 -0.0051,
        -0.3982 0.9613 -0.0051,
        -0.5202 0.9011 -0.0051,
        -0.6334 0.8255 -0.0051,
        -0.7357 0.7357 -0.0051,
        -0.8255 0.6334 -0.0051,
        -0.9011 0.5202 -0.0051,
        -0.9613 0.3982 -0.0051,
        -1.0050 0.2693 -0.0051,
        -1.0316 0.1358 -0.0051,
        -1.0405 0.0000 -0.0051,
        -1.0316 -0.1358 -0.0051,
        -1.0050 -0.2693 -0.0051,
        -0.9613 -0.3982 -0.0051,
        -0.9011 -0.5202 -0.0051,
        -0.8255 -0.6334 -0.0051,
        -0.7357 -0.7357 -0.0051,
        -0.6334 -0.8255 -0.0051,
        -0.5202 -0.9011 -0.0051,
        -0.3982 -0.9613 -0.0051,
        -0.2693 -1.0050 -0.0051,
        -0.1358 -1.0316 -0.0051,
        -0.0000 -1.0405 -0.0051,
        0.1358 -1.0316 -0.0051,
        0.2693 -1.0050 -0.0051,
        0.3982 -0.9613 -0.0051,
        0.5202 -0.9011 -0.0051,
        0.6334 -0.8255 -0.0051,
        0.7357 -0.7357 -0.0051,
        0.8255 -0.6334 -0.0051,
        0.9011 -0.5202 -0.0051,
        0.9613 -0.3982 -0.0051,
        1.0050 -0.2693 -0.0051,
        1.0316 -0.1358 -0.0051,
        1.0405 0.0000 0.0051,
        1.0316 0.1358 0.0051,
        1.0050 0.2693 0.0051,
        0.9613 0.3982 0.0051,
        0.9011 0.5202 0.0051,
        0.8255 0.6334 0.0051,
        0.7357 0.7357 0.0051,
        0.6334 0.8255 0.0051,
        0.5202 0.9011 0.0051,
        0.3982 0.9613 0.0051,
        0.2693 1.0050 0.0051,
        0.1358 1.0316 0.0051,
        0.0000 1.0405 0.0051,
        -0.1358 1.0316 0.0051,
        -0.2693 1.0050 0.0051,
        -0.3982 0.9613 0.0051,
        -0.5202 0.9011 0.0051,
        -0.6334 0.8255 0.0051,
        -0.7357 0.7357 0.0051,
        -0.8255 0.6334 0.0051,
        -0.9011 0.5202 0.0051,
        -0.9613 0.3982 0.0051,
        -1.0050 0.2693 0.0051,
        -1.0316 0.1358 0.0051,
        -1.0405 0.0000 0.0051,
        -1.0316 -0.1358 0.0051,
        -1.0050 -0.2693 0.0051,
        -0.9613 -0.3982 0.0051,
        -0.9011 -0.5202 0.0051,
        -0.8255 -0.6334 0.0051,
        -0.7357 -0.7357 0.0051,
        -0.6334 -0.8255 0.0051,
        -0.5202 -0.9011 0.0051,
        -0.3982 -0.9613 0.0051,
        -0.2693 -1.0050 0.0051,
        -0.1358 -1.0316 0.0051,
        -0.0000 -1.0405 0.0051,
        0.1358 -1.0316 0.0051,
        0.2693 -1.0050 0.0051,
        0.3982 -0.9613 0.0051,
        0.5202 -0.9011 0.0051,
        0.6334 -0.8255 0.0051,
        0.7357 -0.7357 0.0051,
        0.8255 -0.6334 0.0051,
        0.9011 -0.5202 0.0051,
        0.9613 -0.3982 0.0051,
        1.0050 -0.2693 0.0051,
        1.0316 -0.1358 0.0051,
        1.0404 0.0000 0.0055,
        1.0315 0.1358 0.0055,
        1.0050 0.2693 0.0055,
        0.9612 0.3982 0.0055,
        0.9011 0.5202 0.0055,
        0.8254 0.6334 0.0055,
        0.7357 0.7357 0.0055,
        0.6334 0.8254 0.0055,
        0.5202 0.9011 0.0055,
        0.3982 0.9612 0.0055,
        0.2693 1.0050 0.0055,
        0.1358 1.0315 0.0055,
        0.0000 1.0404 0.0055,
        -0.1358 1.0315 0.0055,
        -0.2693 1.0050 0.0055,
        -0.3982 0.9612 0.0055,
        -0.5202 0.9011 0.0055,
        -0.6334 0.8254 0.0055,
        -0.7357 0.7357 0.0055,
        -0.8254 0.6334 0.0055,
        -0.9011 0.5202 0.0055,
        -0.9612 0.3982 0.0055,
        -1.0050 0.2693 0.0055,
        -1.0315 0.1358 0.0055,
        -1.0404 0.0000 0.0055,
        -1.0315 -0.1358 0.0055,
        -1.0050 -0.2693 0.0055,
        -0.9612 -0.3982 0.0055,
        -0.9011 -0.5202 0.0055,
        -0.8254 -0.6334 0.0055,
        -0.7357 -0.7357 0.0055,
        -0.6334 -0.8254 0.0055,
        -0.5202 -0.9011 0.0055,
        -0.3982 -0.9612 0.0055,
        -0.2693 -1.0050 0.0055,
        -0.1358 -1.0315 0.0055,
        -0.0000 -1.0404 0.0055,
        0.1358 -1.0315 0.0055,
        0.2693 -1.0050 0.0055,
        0.3982 -0.9612 0.0055,
        0.5202 -0.9011 0.0055,
        0.6334 -0.8254 0.0055,
        0.7357 -0.7357 0.0055,
        0.8254 -0.6334 0.0055,
        0.9011 -0.5202 0.0055,
        0.9612 -0.3982 0.0055,
        1.0050 -0.2693 0.0055,
        1.0315 -0.1358 0.0055,
        1.0403 0.0000 0.0058,
        1.0314 0.1358 0.0058,
        1.0048 0.2692 0.0058,
        0.9611 0.3981 0.0058,
        0.9009 0.5201 0.0058,
        0.8253 0.6333 0.0058,
        0.7356 0.7356 0.0058,
        0.6333 0.8253 0.0058,
        0.5201 0.9009 0.0058,
        0.3981 0.9611 0.0058,
        0.2692 1.0048 0.0058,
        0.1358 1.0314 0.0058,
        0.0000 1.0403 0.0058,
        -0.1358 1.0314 0.0058,
        -0.2692 1.0048 0.0058,
        -0.3981 0.9611 0.0058,
        -0.5201 0.9009 0.0058,
        -0.6333 0.8253 0.0058,
        -0.7356 0.7356 0.0058,
        -0.8253 0.6333 0.0058,
        -0.9009 0.5201 0.0058,
        -0.9611 0.3981 0.0058,
        -1.0048 0.2692 0.0058,
        -1.0314 0.1358 0.0058,
        -1.0403 0.0000 0.0058,
        -1.0314 -0.1358 0.0058,
        -1.0048 -0.2692 0.0058,
        -0.9611 -0.3981 0.0058,
        -0.9009 -0.5201 0.0058,
        -0.8253 -0.6333 0.0058,
        -0.7356 -0.7356 0.0058,
        -0.6333 -0.8253 0.0058,
        -0.5201 -0.9009 0.0058,
        -0.3981 -0.9611 0.0058,
        -0.2692 -1.0048 0.0058,
        -0.1358 -1.0314 0.0058,
        -0.0000 -1.0403 0.0058,
        0.1358 -1.0314 0.0058,
        0.2692 -1.0048 0.0058,
        0.3981 -0.9611 0.0058,
        0.5201 -0.9009 0.0058,
        0.6333 -0.8253 0.0058,
        0.7356 -0.7356 0.0058,
        0.8253 -0.6333 0.0058,
        0.9009 -0.5201 0.0058,
        0.9611 -0.3981 0.0058,
        1.0048 -0.2692 0.0058,
        1.0314 -0.1358 0.0058,
        1.0401 0.0000 0.0061,
        1.0312 0.1358 0.0061,
        1.0046 0.2692 0.0061,
        0.9609 0.3980 0.0061,
        0.9007 0.5200 0.0061,
        0.8251 0.6331 0.0061,
        0.7354 0.7354 0.0061,
        0.6331 0.8251 0.0061,
        0.5200 0.9007 0.0061,
        0.3980 0.9609 0.0061,
        0.2692 1.0046 0.0061,
        0.1358 1.0312 0.0061,
        0.0000 1.0401 0.0061,
        -0.1358 1.0312 0.0061,
        -0.2692 1.0046 0.0061,
        -0.3980 0.9609 0.0061,
        -0.5200 0.9007 0.0061,
        -0.6331 0.8251 0.0061,
        -0.7354 0.7354 0.0061,
        -0.8251 0.6331 0.0061,
        -0.9007 0.5200 0.0061,
        -0.9609 0.3980 0.0061,
        -1.0046 0.2692 0.0061,
        -1.0312 0.1358 0.0061,
        -1.0401 0.0000 0.0061,
        -1.0312 -0.1358 0.0061,
        -1.0046 -0.2692 0.0061,
        -0.9609 -0.3980 0.0061,
        -0.9007 -0.5200 0.0061,
        -0.8251 -0.6331 0.0061,
        -0.7354 -0.7354 0.0061,
        -0.6331 -0.8251 0.0061,
        -0.5200 -0.9007 0.0061,
        -0.3980 -0.9609 0.0061,
        -0.2692 -1.0046 0.0061,
        -0.1358 -1.0312 0.0061,
        -0.0000 -1.0401 0.0061,
        0.1358 -1.0312 0.0061,
        0.2692 -1.0046 0.0061,
        0.3980 -0.9609 0.0061,
        0.5200 -0.9007 0.0061,
        0.6331 -0.8251 0.0061,
        0.7354 -0.7354 0.0061,
        0.8251 -0.6331 0.0061,
        0.9007 -0.5200 0.0061,
        0.9609 -0.3980 0.0061,
        1.0046 -0.2692 0.0061,
        1.0312 -0.1358 0.0061,
        1.0397 0.0000 0.0064,
        1.0308 0.1357 0.0064,
        1.0043 0.2691 0.0064,
        0.9606 0.3979 0.0064,
        0.9004 0.5199 0.0064,
        0.8249 0.6330 0.0064,
        0.7352 0.7352 0.0064,
        0.6330 0.8249 0.0064,
        0.5199 0.9004 0.0064,
        0.3979 0.9606 0.0064,
        0.2691 1.0043 0.0064,
        0.1357 1.0308 0.0064,
        0.0000 1.0397 0.0064,
        -0.1357 1.0308 0.0064,
        -0.2691 1.0043 0.0064,
        -0.3979 0.9606 0.0064,
        -0.5199 0.9004 0.0064,
        -0.6330 0.8249 0.0064,
        -0.7352 0.7352 0.0064,
        -0.8249 0.6330 0.0064,
        -0.9004 0.5199 0.0064,
        -0.9606 0.3979 0.0064,
        -1.0043 0.2691 0.0064,
        -1.0308 0.1357 0.0064,
        -1.0397 0.0000 0.0064,
        -1.0308 -0.1357 0.0064,
        -1.0043 -0.2691 0.0064,
        -0.9606 -0.3979 0.0064,
        -0.9004 -0.5199 0.0064,
        -0.8249 -0.6330 0.0064,
        -0.7352 -0.7352 0.0064,
        -0.6330 -0.8249 0.0064,
        -0.5199 -0.9004 0.0064,
        -0.3979 -0.9606 0.0064,
        -0.2691 -1.0043 0.0064,
        -0.1357 -1.0308 0.0064,
        -0.0000 -1.0397 0.0064,
        0.1357 -1.0308 0.0064,
        0.2691 -1.0043 0.0064,
        0.3979 -0.9606 0.0064,
        0.5199 -0.9004 0.0064,
        0.6330 -0.8249 0.0064,
        0.7352 -0.7352 0.0064,
        0.8249 -0.6330 0.0064,
        0.9004 -0.5199 0.0064,
        0.9606 -0.3979 0.0064,
        1.0043 -0.2691 0.0064,
        1.0308 -0.1357 0.0064,
        1.0394 0.0000 0.0065,
        1.0305 0.1357 0.0065,
        1.0040 0.2690 0.0065,
        0.9603 0.3978 0.0065,
        0.9001 0.5197 0.0065,
        0.8246 0.6327 0.0065,
        0.7350 0.7350 0.0065,
        0.6327 0.8246 0.0065,
        0.5197 0.9001 0.0065,
        0.3978 0.9603 0.0065,
        0.2690 1.0040 0.0065,
        0.1357 1.0305 0.0065,
        0.0000 1.0394 0.0065,
        -0.1357 1.0305 0.0065,
        -0.2690 1.0040 0.0065,
        -0.3978 0.9603 0.0065,
        -0.5197 0.9001 0.0065,
        -0.6327 0.8246 0.0065,
        -0.7350 0.7350 0.0065,
        -0.8246 0.6327 0.0065,
        -0.9001 0.5197 0.0065,
        -0.9603 0.3978 0.0065,
        -1.0040 0.2690 0.0065,
        -1.0305 0.1357 0.0065,
        -1.0394 0.0000 0.0065,
        -1.0305 -0.1357 0.0065,
        -1.0040 -0.2690 0.0065,
        -0.9603 -0.3978 0.0065,
        -0.9001 -0.5197 0.0065,
        -0.8246 -0.6327 0.0065,
        -0.7350 -0.7350 0.0065,
        -0.6327 -0.8246 0.0065,
        -0.5197 -0.9001 0.0065,
        -0.3978 -0.9603 0.0065,
        -0.2690 -1.0040 0.0065,
        -0.1357 -1.0305 0.0065,
        -0.0000 -1.0394 0.0065,
        0.1357 -1.0305 0.0065,
        0.2690 -1.0040 0.0065,
        0.3978 -0.9603 0.0065,
        0.5197 -0.9001 0.0065,
        0.6327 -0.8246 0.0065,
        0.7350 -0.7350 0.0065,
        0.8246 -0.6327 0.0065,
        0.9001 -0.5197 0.0065,
        0.9603 -0.3978 0.0065,
        1.0040 -0.2690 0.0065,
        1.0305 -0.1357 0.0065,
        1.0390 0.0000 0.0066,
        1.0301 0.1356 0.0066,
        1.0036 0.2689 0.0066,
        0.9599 0.3976 0.0066,
        0.8998 0.5195 0.0066,
        0.8243 0.6325 0.0066,
        0.7347 0.7347 0.0066,
        0.6325 0.8243 0.0066,
        0.5195 0.8998 0.0066,
        0.3976 0.9599 0.0066,
        0.2689 1.0036 0.0066,
        0.1356 1.0301 0.0066,
        0.0000 1.0390 0.0066,
        -0.1356 1.0301 0.0066,
        -0.2689 1.0036 0.0066,
        -0.3976 0.9599 0.0066,
        -0.5195 0.8998 0.0066,
        -0.6325 0.8243 0.0066,
        -0.7347 0.7347 0.0066,
        -0.8243 0.6325 0.0066,
        -0.8998 0.5195 0.0066,
        -0.9599 0.3976 0.0066,
        -1.0036 0.2689 0.0066,
        -1.0301 0.1356 0.0066,
        -1.0390 0.0000 0.0066,
        -1.0301 -0.1356 0.0066,
        -1.0036 -0.2689 0.0066,
        -0.9599 -0.3976 0.0066,
        -0.8998 -0.5195 0.0066,
        -0.8243 -0.6325 0.0066,
        -0.7347 -0.7347 0.0066,
        -0.6325 -0.8243 0.0066,
        -0.5195 -0.8998 0.0066,
        -0.3976 -0.9599 0.0066,
        -0.2689 -1.0036 0.0066,
        -0.1356 -1.0301 0.0066,
        -0.0000 -1.0390 0.0066,
        0.1356 -1.0301 0.0066,
        0.2689 -1.0036 0.0066,
        0.3976 -0.9599 0.0066,
        0.5195 -0.8998 0.0066,
        0.6325 -0.8243 0.0066,
        0.7347 -0.7347 0.0066,
        0.8243 -0.6325 0.0066,
        0.8998 -0.5195 0.0066,
        0.9599 -0.3976 0.0066,
        1.0036 -0.2689 0.0066,
        1.0301 -0.1356 0.0066,
        0.0000 0.0000 -0.0066,
        0.0000 0.0000 0.0066
    ] }
    coordIndex [
        0, 1, 49, 48, -1,
        1, 2, 50, 49, -1,
        2, 3, 51, 50, -1,
        3, 4, 52, 51, -1,
        4, 5, 53, 52, -1,
        5, 6, 54, 53, -1,
        6, 7, 55, 54, -1,
        7, 8, 56, 55, -1,
        8, 9, 57, 56, -1,
        9, 10, 58, 57, -1,
        10, 11, 59, 58, -1,
        11, 12, 60, 59, -1,
        12, 13, 61, 60, -1,
        13, 14, 62, 61, -1,
        14, 15, 63, 62, -1,
        15, 16, 64, 63, -1,
        16, 17, 65, 64, -1,
        17, 18, 66, 65, -1,
        18, 19, 67, 66, -1,
        19, 20, 68, 67, -1,
        20, 21, 69, 68, -1,
        21, 22, 70, 69, -1,
        22, 23, 71, 70, -1,
        23, 24, 72, 71, -1,
        24, 25, 73, 72, -1,
        25, 26, 74, 73, -1,
        26, 27, 75, 74, -1,
        27, 28, 76, 75, -1,
        28, 29, 77, 76, -1,
        29, 30, 78, 77, -1,
        30, 31, 79, 78, -1,
        31, 32, 80, 79, -1,
        32, 33, 81, 80, -1,
        33, 34, 82, 81, -1,
        34, 35, 83, 82, -1,
        35, 36, 84, 83, -1,
        36, 37, 85, 84, -1,
        37, 38, 86, 85, -1,
        38, 39, 87, 86, -1,
        39, 40, 88, 87, -1,
        40, 41, 89, 88, -1,
        41, 42, 90, 89, -1,
        42, 43, 91, 90, -1,
        43, 44, 92, 91, -1,
        44, 45, 93, 92, -1,
        45, 46, 94, 93, -1,
        46, 47, 95, 94, -1,
        47, 0, 48, 95, -1,
        48, 49, 97, 96, -1,
        49, 50, 98, 97, -1,
        50, 51, 99, 98, -1,
        51, 52, 100, 99, -1,
        52, 53, 101, 100, -1,
        53, 54, 102, 101, -1,
        54, 55, 103, 102, -1,
        55, 56, 104, 103, -1,
        56, 57, 105, 104, -1,
        57, 58, 106, 105, -1,
        58, 59, 107, 106, -1,
        59, 60, 108, 107, -1,
        60, 61, 109, 108, -1,
        61, 62, 110, 109, -1,
        62, 63, 111, 110, -1,
        63, 64, 112, 111, -1,
        64, 65, 113, 112, -1,
        65, 66, 114, 113, -1,
        66, 67, 115, 114, -1,
        67, 68, 116, 115, -1,
        68, 69, 117, 116, -1,
        69, 70, 118, 117, -1,
        70, 71, 119, 118, -1,
        71, 72, 120, 119, -1,
        72, 73, 121, 120, -1,
        73, 74, 122, 121, -1,
        74, 75, 123, 122, -1,
        75, 76, 124, 123, -1,
        76, 77, 125, 124, -1,
        77, 78, 126, 125, -1,
        78, 79, 127, 126, -1,
        79, 80, 128, 127, -1,
        80, 81, 129, 128, -1,
        81, 82, 130, 129, -1,
        82, 83, 131, 130, -1,
        83, 84, 132, 131, -1,
        84, 85, 133, 132, -1,
        85, 86, 134, 133, -1,
        86, 87, 135, 134, -1,
        87, 88, 136, 135, -1,
        88, 89, 137, 136, -1,
        89, 90, 138, 137, -1,
        90, 91, 139, 138, -1,
        91, 92, 140, 139, -1,
        92, 93, 141, 140, -1,
        93, 94, 142, 141, -1,
        94, 95, 143, 142, -1,
        95, 48, 96, 143, -1,
        96, 97, 145, 144, -1,
        97, 98, 146, 145, -1,
        98, 99, 147, 146, -1,
        99, 100, 148, 147, -1,
        100, 101, 149, 148, -1,
        101, 102, 150, 149, -1,
        102, 103, 151, 150, -1,
        103, 104, 152, 151, -1,
        104, 105, 153, 152, -1,
        105, 106, 154, 153, -1,
        106, 107, 155, 154, -1,
        107, 108, 156, 155, -1,
        108, 109, 157, 156, -1,
        109, 110, 158, 157, -1,
        110, 111, 159, 158, -1,
        111, 112, 160, 159, -1,
        112, 113, 161, 160, -1,
        113, 114, 162, 161, -1,
        114, 115, 163, 162, -1,
        115, 116, 164, 163, -1,
        116, 117, 165, 164, -1,
        117, 118, 166, 165, -1,
        118, 119, 167, 166, -1,
        119, 120, 168, 167, -1,
        120, 121, 169, 168, -1,
        121, 122, 170, 169, -1,
        122, 123, 171, 170, -1,
        123, 124, 172, 171, -1,
        124, 125, 173, 172, -1,
        125, 126, 174, 173, -1,
        126, 127, 175, 174, -1,
        127, 128, 176, 175, -1,
        128, 129, 177, 176, -1,
        129, 130, 178, 177, -1,
        130, 131, 179, 178, -1,
        131, 132, 180, 179, -1,
        132, 133, 181, 180, -1,
        133, 134, 182, 181, -1,
        134, 135, 183, 182, -1,
        135, 136, 184, 183, -1,
        136, 137, 185, 184, -1,
        137, 138, 186, 185, -1,
        138, 139, 187, 186, -1,
        139, 140, 188, 187, -1,
        140, 141, 189, 188, -1,
        141, 142, 190, 189, -1,
        142, 143, 191, 190, -1,
        143, 96, 144, 191, -1,
        144, 145, 193, 192, -1,
        145, 146, 194, 193, -1,
        146, 147, 195, 194, -1,
        147, 148, 196, 195, -1,
        148, 149, 197, 196, -1,
        149, 150, 198, 197, -1,
        150, 151, 199, 198, -1,
        151, 152, 200, 199, -1,
        152, 153, 201, 200, -1,
        153, 154, 202, 201, -1,
        154, 155, 203, 202, -1,
        155, 156, 204, 203, -1,
        156, 157, 205, 204, -1,
        157, 158, 206, 205, -1,
        158, 159, 207, 206, -1,
        159, 160, 208, 207, -1,
        160, 161, 209, 208, -1,
        161, 162, 210, 209, -1,
        162, 163, 211, 210, -1,
        163, 164, 212, 211, -1,
        164, 165, 213, 212, -1,
        165, 166, 214, 213, -1,
        166, 167, 215, 214, -1,
        167, 168, 216, 215, -1,
        168, 169, 217, 216, -1,
        169, 170, 218, 217, -1,
        170, 171, 219, 218, -1,
        171, 172, 220, 219, -1,
        172, 173, 221, 220, -1,
        173, 174, 222, 221, -1,
        174, 175, 223, 222, -1,
        175, 176, 224, 223, -1,
        176, 177, 225, 224, -1,
        177, 178, 226, 225, -1,
        178, 179, 227, 226, -1,
        179, 180, 228, 227, -1,
        180, 181, 229, 228, -1,
        181, 182, 230, 229, -1,
        182, 183, 231, 230, -1,
        183, 184, 232, 231, -1,
        184, 185, 233, 232, -1,
        185, 186, 234, 233, -1,
        186, 187, 235, 234, -1,
        187, 188, 236, 235, -1,
        188, 189, 237, 236, -1,
        189, 190, 238, 237, -1,
        190, 191, 239, 238, -1,
        191, 144, 192, 239, -1,
        192, 193, 241, 240, -1,
        193, 194, 242, 241, -1,
        194, 195, 243, 242, -1,
        195, 196, 244, 243, -1,
        196, 197, 245, 244, -1,
        197, 198, 246, 245, -1,
        198, 199, 247, 246, -1,
        199, 200, 248, 247, -1,
        200, 201, 249, 248, -1,
        201, 202, 250, 249, -1,
        202, 203, 251, 250, -1,
        203, 204, 252, 251, -1,
        204, 205, 253, 252, -1,
        205, 206, 254, 253, -1,
        206, 207, 255, 254, -1,
        207, 208, 256, 255, -1,
        208, 209, 257, 256, -1,
        209, 210, 258, 257, -1,
        210, 211, 259, 258, -1,
        211, 212, 260, 259, -1,
        212, 213, 261, 260, -1,
        213, 214, 262, 261, -1,
        214, 215, 263, 262, -1,
        215, 216, 264, 263, -1,
        216, 217, 265, 264, -1,
        217, 218, 266, 265, -1,
        218, 219, 267, 266, -1,
        219, 220, 268, 267, -1,
        220, 221, 269, 268, -1,
        221, 222, 270, 269, -1,
        222, 223, 271, 270, -1,
        223, 224, 272, 271, -1,
        224, 225, 273, 272, -1,
        225, 226, 274, 273, -1,
        226, 227, 275, 274, -1,
        227, 228, 276, 275, -1,
        228, 229, 277, 276, -1,
        229, 230, 278, 277, -1,
        230, 231, 279, 278, -1,
        231, 232, 280, 279, -1,
        232, 233, 281, 280, -1,
        233, 234, 282, 281, -1,
        234, 235, 283, 282, -1,
        235, 236, 284, 283, -1,
        236, 237, 285, 284, -1,
        237, 238, 286, 285, -1,
        238, 239, 287, 286, -1,
        239, 192, 240, 287, -1,
        240, 241, 289, 288, -1,
        241, 242, 290, 289, -1,
        242, 243, 291, 290, -1,
        243, 244, 292, 291, -1,
        244, 245, 293, 292, -1,
        245, 246, 294, 293, -1,
        246, 247, 295, 294, -1,
        247, 248, 296, 295, -1,
        248, 249, 297, 296, -1,
        249, 250, 298, 297, -1,
        250, 251, 299, 298, -1,
        251, 252, 300, 299, -1,
        252, 253, 301, 300, -1,
        253, 254, 302, 301, -1,
        254, 255, 303, 302, -1,
        255, 256, 304, 303, -1,
        256, 257, 305, 304, -1,
        257, 258, 306, 305, -1,
        258, 259, 307, 306, -1,
        259, 260, 308, 307, -1,
        260, 261, 309, 308, -1,
        261, 262, 310, 309, -1,
        262, 263, 311, 310, -1,
        263, 264, 312, 311, -1,
        264, 265, 313, 312, -1,
        265, 266, 314, 313, -1,
        266, 267, 315, 314, -1,
        267, 268, 316, 315, -1,
        268, 269, 317, 316, -1,
        269, 270, 318, 317, -1,
        270, 271, 319, 318, -1,
        271, 272, 320, 319, -1,
        272, 273, 321, 320, -1,
        273, 274, 322, 321, -1,
        274, 275, 323, 322, -1,
        275, 276, 324, 323, -1,
        276, 277, 325, 324, -1,
        277, 278, 326, 325, -1,
        278, 279, 327, 326, -1,
        279, 280, 328, 327, -1,
        280, 281, 329, 328, -1,
        281, 282, 330, 329, -1,
        282, 283, 331, 330, -1,
        283, 284, 332, 331, -1,
        284, 285, 333, 332, -1,
        285, 286, 334, 333, -1,
        286, 287, 335, 334, -1,
        287, 240, 288, 335, -1,
        288, 289, 337, 336, -1,
        289, 290, 338, 337, -1,
        290, 291, 339, 338, -1,
        291, 292, 340, 339, -1,
        292, 293, 341, 340, -1,
        293, 294, 342, 341, -1,
        294, 295, 343, 342, -1,
        295, 296, 344, 343, -1,
        296, 297, 345, 344, -1,
        297, 298, 346, 345, -1,
        298, 299, 347, 346, -1,
        299, 300, 348, 347, -1,
        300, 301, 349, 348, -1,
        301, 302, 350, 349, -1,
        302, 303, 351, 350, -1,
        303, 304, 352, 351, -1,
        304, 305, 353, 352, -1,
        305, 306, 354, 353, -1,
        306, 307, 355, 354, -1,
        307, 308, 356, 355, -1,
        308, 309, 357, 356, -1,
        309, 310, 358, 357, -1,
        310, 311, 359, 358, -1,
        311, 312, 360, 359, -1,
        312, 313, 361, 360, -1,
        313, 314, 362, 361, -1,
        314, 315, 363, 362, -1,
        315, 316, 364, 363, -1,
        316, 317, 365, 364, -1,
        317, 318, 366, 365, -1,
        318, 319, 367, 366, -1,
        319, 320, 368, 367, -1,
        320, 321, 369, 368, -1,
        321, 322, 370, 369, -1,
        322, 323, 371, 370, -1,
        323, 324, 372, 371, -1,
        324, 325, 373, 372, -1,
        325, 326, 374, 373, -1,
        326, 327, 375, 374, -1,
        327, 328, 376, 375, -1,
        328, 329, 377, 376, -1,
        329, 330, 378, 377, -1,
        330, 331, 379, 378, -1,
        331, 332, 380, 379, -1,
        332, 333, 381, 380, -1,
        333, 334, 382, 381, -1,
        334, 335, 383, 382, -1,
        335, 288, 336, 383, -1,
        336, 337, 385, 384, -1,
        337, 338, 386, 385, -1,
        338, 339, 387, 386, -1,
        339, 340, 388, 387, -1,
        340, 341, 389, 388, -1,
        341, 342, 390, 389, -1,
        342, 343, 391, 390, -1,
        343, 344, 392, 391, -1,
        344, 345, 393, 392, -1,
        345, 346, 394, 393, -1,
        346, 347, 395, 394, -1,
        347, 348, 396, 395, -1,
        348, 349, 397, 396, -1,
        349, 350, 398, 397, -1,
        350, 351, 399, 398, -1,
        351, 352, 400, 399, -1,
        352, 353, 401, 400, -1,
        353, 354, 402, 401, -1,
        354, 355, 403, 402, -1,
        355, 356, 404, 403, -1,
        356, 357, 405, 404, -1,
        357, 358, 406, 405, -1,
        358, 359, 407, 406, -1,
        359, 360, 408, 407, -1,
        360, 361, 409, 408, -1,
        361, 362, 410, 409, -1,
        362, 363, 411, 410, -1,
        363, 364, 412, 411, -1,
        364, 365, 413, 412, -1,
        365, 366, 414, 413, -1,
        366, 367, 415, 414, -1,
        367, 368, 416, 415, -1,
        368, 369, 417, 416, -1,
        369, 370, 418, 417, -1,
        370, 371, 419, 418, -1,
        371, 372, 420, 419, -1,
        372, 373, 421, 420, -1,
        373, 374, 422, 421, -1,
        374, 375, 423, 422, -1,
        375, 376, 424, 423, -1,
        376, 377, 425, 424, -1,
        377, 378, 426, 425, -1,
        378, 379, 427, 426, -1,
        379, 380, 428, 427, -1,
        380, 381, 429, 428, -1,
        381, 382, 430, 429, -1,
        382, 383, 431, 430, -1,
        383, 336, 384, 431, -1,
        384, 385, 433, 432, -1,
        385, 386, 434, 433, -1,
        386, 387, 435, 434, -1,
        387, 388, 436, 435, -1,
        388, 389, 437, 436, -1,
        389, 390, 438, 437, -1,
        390, 391, 439, 438, -1,
        391, 392, 440, 439, -1,
        392, 393, 441, 440, -1,
        393, 394, 442, 441, -1,
        394, 395, 443, 442, -1,
        395, 396, 444, 443, -1,
        396, 397, 445, 444, -1,
        397, 398, 446, 445, -1,
        398, 399, 447, 446, -1,
        399, 400, 448, 447, -1,
        400, 401, 449, 448, -1,
        401, 402, 450, 449, -1,
        402, 403, 451, 450, -1,
        403, 404, 452, 451, -1,
        404, 405, 453, 452, -1,
        405, 406, 454, 453, -1,
        406, 407, 455, 454, -1,
        407, 408, 456, 455, -1,
        408, 409, 457, 456, -1,
        409, 410, 458, 457, -1,
        410, 411, 459, 458, -1,
        411, 412, 460, 459, -1,
        412, 413, 461, 460, -1,
        413, 414, 462, 461, -1,
        414, 415, 463, 462, -1,
        415, 416, 464, 463, -1,
        416, 417, 465, 464, -1,
        417, 418, 466, 465, -1,
        418, 419, 467, 466, -1,
        419, 420, 468, 467, -1,
        420, 421, 469, 468, -1,
        421, 422, 470, 469, -1,
        422, 423, 471, 470, -1,
        423, 424, 472, 471, -1,
        424, 425, 473, 472, -1,
        425, 426, 474, 473, -1,
        426, 427, 475, 474, -1,
        427, 428, 476, 475, -1,
        428, 429, 477, 476, -1,
        429, 430, 478, 477, -1,
        430, 431, 479, 478, -1,
        431, 384, 432, 479, -1,
        432, 433, 481, 480, -1,
        433, 434, 482, 481, -1,
        434, 435, 483, 482, -1,
        435, 436, 484, 483, -1,
        436, 437, 485, 484, -1,
        437, 438, 486, 485, -1,
        438, 439, 487, 486, -1,
        439, 440, 488, 487, -1,
        440, 441, 489, 488, -1,
        441, 442, 490, 489, -1,
        442, 443, 491, 490, -1,
        443, 444, 492, 491, -1,
        444, 445, 493, 492, -1,
        445, 446, 494, 493, -1,
        446, 447, 495, 494, -1,
        447, 448, 496, 495, -1,
        448, 449, 497, 496, -1,
        449, 450, 498, 497, -1,
        450, 451, 499, 498, -1,
        451, 452, 500, 499, -1,
        452, 453, 501, 500, -1,
        453, 454, 502, 501, -1,
        454, 455, 503, 502, -1,
        455, 456, 504, 503, -1,
        456, 457, 505, 504, -1,
        457, 458, 506, 505, -1,
        458, 459, 507, 506, -1,
        459, 460, 508, 507, -1,
        460, 461, 509, 508, -1,
        461, 462, 510, 509, -1,
        462, 463, 511, 510, -1,
        463, 464, 512, 511, -1,
        464, 465, 513, 512, -1,
        465, 466, 514, 513, -1,
        466, 467, 515, 514, -1,
        467, 468, 516, 515, -1,
        468, 469, 517, 516, -1,
        469, 470, 518, 517, -1,
        470, 471, 519, 518, -1,
        471, 472, 520, 519, -1,
        472, 473, 521, 520, -1,
        473, 474, 522, 521, -1,
        474, 475, 523, 522, -1,
        475, 476, 524, 523, -1,
        476, 477, 525, 524, -1,
        477, 478, 526, 525, -1,
        478, 479, 527, 526, -1,
        479, 432, 480, 527, -1,
        480, 481, 529, 528, -1,
        481, 482, 530, 529, -1,
        482, 483, 531, 530, -1,
        483, 484, 532, 531, -1,
        484, 485, 533, 532, -1,
        485, 486, 534, 533, -1,
        486, 487, 535, 534, -1,
        487, 488, 536, 535, -1,
        488, 489, 537, 536, -1,
        489, 490, 538, 537, -1,
        490, 491, 539, 538, -1,
        491, 492, 540, 539, -1,
        492, 493, 541, 540, -1,
        493, 494, 542, 541, -1,
        494, 495, 543, 542, -1,
        495, 496, 544, 543, -1,
        496, 497, 545, 544, -1,
        497, 498, 546, 545, -1,
        498, 499, 547, 546, -1,
        499, 500, 548, 547, -1,
        500, 501, 549, 548, -1,
        501, 502, 550, 549, -1,
        502, 503, 551, 550, -1,
        503, 504, 552, 551, -1,
        504, 505, 553, 552, -1,
        505, 506, 554, 553, -1,
        506, 507, 555, 554, -1,
        507, 508, 556, 555, -1,
        508, 509, 557, 556, -1,
        509, 510, 558, 557, -1,
        510, 511, 559, 558, -1,
        511, 512, 560, 559, -1,
        512, 513, 561, 560, -1,
        513, 514, 562, 561, -1,
        514, 515, 563, 562, -1,
        515, 516, 564, 563, -1,
        516, 517, 565, 564, -1,
        517, 518, 566, 565, -1,
        518, 519, 567, 566, -1,
        519, 520, 568, 567, -1,
        520, 521, 569, 568, -1,
        521, 522, 570, 569, -1,
        522, 523, 571, 570, -1,
        523, 524, 572, 571, -1,
        524, 525, 573, 572, -1,
        525, 526, 574, 573, -1,
        526, 527, 575, 574, -1,
        527, 480, 528, 575, -1,
        528, 529, 577, 576, -1,
        529, 530, 578, 577, -1,
        530, 531, 579, 578, -1,
        531, 532, 580, 579, -1,
        532, 533, 581, 580, -1,
        533, 534, 582, 581, -1,
        534, 535, 583, 582, -1,
        535, 536, 584, 583, -1,
        536, 537, 585, 584, -1,
        537, 538, 586, 585, -1,
        538, 539, 587, 586, -1,
        539, 540, 588, 587, -1,
        540, 541, 589, 588, -1,
        541, 542, 590, 589, -1,
        542, 543, 591, 590, -1,
        543, 544, 592, 591, -1,
        544, 545, 593, 592, -1,
        545, 546, 594, 593, -1,
        546, 547, 595, 594, -1,
        547, 548, 596, 595, -1,
        548, 549, 597, 596, -1,
        549, 550, 598, 597, -1,
        550, 551, 599, 598, -1,
        551, 552, 600, 599, -1,
        552, 553, 601, 600, -1,
        553, 554, 602, 601, -1,
        554, 555, 603, 602, -1,
        555, 556, 604, 603, -1,
        556, 557, 605, 604, -1,
        557, 558, 606, 605, -1,
        558, 559, 607, 606, -1,
        559, 560, 608, 607, -1,
        560, 561, 609, 608, -1,
        561, 562, 610, 609, -1,
        562, 563, 611, 610, -1,
        563, 564, 612, 611, -1,
        564, 565, 613, 612, -1,
        565, 566, 614, 613, -1,
        566, 567, 615, 614, -1,
        567, 568, 616, 615, -1,
        568, 569, 617, 616, -1,
        569, 570, 618, 617, -1,
        570, 571, 619, 618, -1,
        571, 572, 620, 619, -1,
        572, 573, 621, 620, -1,
        573, 574, 622, 621, -1,
        574, 575, 623, 622, -1,
        575, 528, 576, 623, -1,
        576, 577, 625, 624, -1,
        577, 578, 626, 625, -1,
        578, 579, 627, 626, -1,
        579, 580, 628, 627, -1,
        580, 581, 629, 628, -1,
        581, 582, 630, 629, -1,
        582, 583, 631, 630, -1,
        583, 584, 632, 631, -1,
        584, 585, 633, 632, -1,
        585, 586, 634, 633, -1,
        586, 587, 635, 634, -1,
        587, 588, 636, 635, -1,
        588, 589, 637, 636, -1,
        589, 590, 638, 637, -1,
        590, 591, 639, 638, -1,
        591, 592, 640, 639, -1,
        592, 593, 641, 640, -1,
        593, 594, 642, 641, -1,
        594, 595, 643, 642, -1,
        595, 596, 644, 643, -1,
        596, 597, 645, 644, -1,
        597, 598, 646, 645, -1,
        598, 599, 647, 646, -1,
        599, 600, 648, 647, -1,
        600, 601, 649, 648, -1,
        601, 602, 650, 649, -1,
        602, 603, 651, 650, -1,
        603, 604, 652, 651, -1,
        604, 605, 653, 652, -1,
        605, 606, 654, 653, -1,
        606, 607, 655, 654, -1,
        607, 608, 656, 655, -1,
        608, 609, 657, 656, -1,
        609, 610, 658, 657, -1,
        610, 611, 659, 658, -1,
        611, 612, 660, 659, -1,
        612, 613, 661, 660, -1,
        613, 614, 662, 661, -1,
        614, 615, 663, 662, -1,
        615, 616, 664, 663, -1,
        616, 617, 665, 664, -1,
        617, 618, 666, 665, -1,
        618, 619, 667, 666, -1,
        619, 620, 668, 667, -1,
        620, 621, 669, 668, -1,
        621, 622, 670, 669, -1,
        622, 623, 671, 670, -1,
        623, 576, 624, 671, -1,
        672, 1, 0, -1,
        673, 624, 625, -1,
        672, 2, 1, -1,
        673, 625, 626, -1,
        672, 3, 2, -1,
        673, 626, 627, -1,
        672, 4, 3, -1,
        673, 627, 628, -1,
        672, 5, 4, -1,
        673, 628, 629, -1,
        672, 6, 5, -1,
        673, 629, 630, -1,
        672, 7, 6, -1,
        673, 630, 631, -1,
        672, 8, 7, -1,
        673, 631, 632, -1,
        672, 9, 8, -1,
        673, 632, 633, -1,
        672, 10, 9, -1,
        673, 633, 634, -1,
        672, 11, 10, -1,
        673, 634, 635, -1,
        672, 12, 11, -1,
        673, 635, 636, -1,
        672, 13, 12, -1,
        673, 636, 637, -1,
        672, 14, 13, -1,
        673, 637, 638, -1,
        672, 15, 14, -1,
        673, 638, 639, -1,
        672, 16, 15, -1,
        673, 639, 640, -1,
        672, 17, 16, -1,
        673, 640, 641, -1,
        672, 18, 17, -1,
        673, 641, 642, -1,
        672, 19, 18, -1,
        673, 642, 643, -1,
        672, 20, 19, -1,
        673, 643, 644, -1,
        672, 21, 20, -1,
        673, 644, 645, -1,
        672, 22, 21, -1,
        673, 645, 646, -1,
        672, 23, 22, -1,
        673, 646, 647, -1,
        672, 24, 23, -1,
        673, 647, 648, -1,
        672, 25, 24, -1,
        673, 648, 649, -1,
        672, 26, 25, -1,
        673, 649, 650, -1,
        672, 27, 26, -1,
        673, 650, 651, -1,
        672, 28, 27, -1,
        673, 651, 652, -1,
        672, 29, 28, -1,
        673, 652, 653, -1,
        672, 30, 29, -1,
        673, 653, 654, -1,
        672, 31, 30, -1,
        673, 654, 655, -1,
        672, 32, 31, -1,
        673, 655, 656, -1,
        672, 33, 32, -1,
        673, 656, 657, -1,
        672, 34, 33, -1,
        673, 657, 658, -1,
        672, 35, 34, -1,
        673, 658, 659, -1,
        672, 36, 35, -1,
        673, 659, 660, -1,
        672, 37, 36, -1,
        673, 660, 661, -1,
        672, 38, 37, -1,
        673, 661, 662, -1,
        672, 39, 38, -1,
        673, 662, 663, -1,
        672, 40, 39, -1,
        673, 663, 664, -1,
        672, 41, 40, -1,
        673, 664, 665, -1,
        672, 42, 41, -1,
        673, 665, 666, -1,
        672, 43, 42, -1,
        673, 666, 667, -1,
        672, 44, 43, -1,
        673, 667, 668, -1,
        672, 45, 44, -1,
        673, 668, 669, -1,
        672, 46, 45, -1,
        673, 669, 670, -1,
        672, 47, 46, -1,
        673, 670, 671, -1,
        672, 0, 47, -1,
        673, 671, 624, -1
    ]
    creaseAngle 0.80
    solid TRUE
  } }
] }
# Stamped X vent groove 1
Transform { translation 0.0000 0.0000 1.9318 rotation 0 0 1 0.785398 children [
  Shape { appearance USE VENT geometry Box { size 1.9310 0.0122 0.0015 } }
] }
# Stamped X vent groove 2
Transform { translation 0.0000 0.0000 1.9318 rotation 0 0 1 -0.785398 children [
  Shape { appearance USE VENT geometry Box { size 1.9310 0.0122 0.0015 } }
] }
# Positive lead
Transform { translation -0.4921 0.0000 -0.5999 children [
  Shape { appearance USE LEAD geometry IndexedFaceSet {
    coord Coordinate { point [
        0.0827 0.0000 -0.6299,
        0.0820 0.0108 -0.6299,
        0.0799 0.0214 -0.6299,
        0.0764 0.0316 -0.6299,
        0.0716 0.0413 -0.6299,
        0.0656 0.0503 -0.6299,
        0.0585 0.0585 -0.6299,
        0.0503 0.0656 -0.6299,
        0.0413 0.0716 -0.6299,
        0.0316 0.0764 -0.6299,
        0.0214 0.0799 -0.6299,
        0.0108 0.0820 -0.6299,
        0.0000 0.0827 -0.6299,
        -0.0108 0.0820 -0.6299,
        -0.0214 0.0799 -0.6299,
        -0.0316 0.0764 -0.6299,
        -0.0413 0.0716 -0.6299,
        -0.0503 0.0656 -0.6299,
        -0.0585 0.0585 -0.6299,
        -0.0656 0.0503 -0.6299,
        -0.0716 0.0413 -0.6299,
        -0.0764 0.0316 -0.6299,
        -0.0799 0.0214 -0.6299,
        -0.0820 0.0108 -0.6299,
        -0.0827 0.0000 -0.6299,
        -0.0820 -0.0108 -0.6299,
        -0.0799 -0.0214 -0.6299,
        -0.0764 -0.0316 -0.6299,
        -0.0716 -0.0413 -0.6299,
        -0.0656 -0.0503 -0.6299,
        -0.0585 -0.0585 -0.6299,
        -0.0503 -0.0656 -0.6299,
        -0.0413 -0.0716 -0.6299,
        -0.0316 -0.0764 -0.6299,
        -0.0214 -0.0799 -0.6299,
        -0.0108 -0.0820 -0.6299,
        -0.0000 -0.0827 -0.6299,
        0.0108 -0.0820 -0.6299,
        0.0214 -0.0799 -0.6299,
        0.0316 -0.0764 -0.6299,
        0.0413 -0.0716 -0.6299,
        0.0503 -0.0656 -0.6299,
        0.0585 -0.0585 -0.6299,
        0.0656 -0.0503 -0.6299,
        0.0716 -0.0413 -0.6299,
        0.0764 -0.0316 -0.6299,
        0.0799 -0.0214 -0.6299,
        0.0820 -0.0108 -0.6299,
        0.0868 0.0000 -0.6294,
        0.0860 0.0113 -0.6294,
        0.0838 0.0225 -0.6294,
        0.0801 0.0332 -0.6294,
        0.0751 0.0434 -0.6294,
        0.0688 0.0528 -0.6294,
        0.0613 0.0613 -0.6294,
        0.0528 0.0688 -0.6294,
        0.0434 0.0751 -0.6294,
        0.0332 0.0801 -0.6294,
        0.0225 0.0838 -0.6294,
        0.0113 0.0860 -0.6294,
        0.0000 0.0868 -0.6294,
        -0.0113 0.0860 -0.6294,
        -0.0225 0.0838 -0.6294,
        -0.0332 0.0801 -0.6294,
        -0.0434 0.0751 -0.6294,
        -0.0528 0.0688 -0.6294,
        -0.0613 0.0613 -0.6294,
        -0.0688 0.0528 -0.6294,
        -0.0751 0.0434 -0.6294,
        -0.0801 0.0332 -0.6294,
        -0.0838 0.0225 -0.6294,
        -0.0860 0.0113 -0.6294,
        -0.0868 0.0000 -0.6294,
        -0.0860 -0.0113 -0.6294,
        -0.0838 -0.0225 -0.6294,
        -0.0801 -0.0332 -0.6294,
        -0.0751 -0.0434 -0.6294,
        -0.0688 -0.0528 -0.6294,
        -0.0613 -0.0613 -0.6294,
        -0.0528 -0.0688 -0.6294,
        -0.0434 -0.0751 -0.6294,
        -0.0332 -0.0801 -0.6294,
        -0.0225 -0.0838 -0.6294,
        -0.0113 -0.0860 -0.6294,
        -0.0000 -0.0868 -0.6294,
        0.0113 -0.0860 -0.6294,
        0.0225 -0.0838 -0.6294,
        0.0332 -0.0801 -0.6294,
        0.0434 -0.0751 -0.6294,
        0.0528 -0.0688 -0.6294,
        0.0613 -0.0613 -0.6294,
        0.0688 -0.0528 -0.6294,
        0.0751 -0.0434 -0.6294,
        0.0801 -0.0332 -0.6294,
        0.0838 -0.0225 -0.6294,
        0.0860 -0.0113 -0.6294,
        0.0906 0.0000 -0.6278,
        0.0898 0.0118 -0.6278,
        0.0875 0.0234 -0.6278,
        0.0837 0.0347 -0.6278,
        0.0784 0.0453 -0.6278,
        0.0718 0.0551 -0.6278,
        0.0640 0.0640 -0.6278,
        0.0551 0.0718 -0.6278,
        0.0453 0.0784 -0.6278,
        0.0347 0.0837 -0.6278,
        0.0234 0.0875 -0.6278,
        0.0118 0.0898 -0.6278,
        0.0000 0.0906 -0.6278,
        -0.0118 0.0898 -0.6278,
        -0.0234 0.0875 -0.6278,
        -0.0347 0.0837 -0.6278,
        -0.0453 0.0784 -0.6278,
        -0.0551 0.0718 -0.6278,
        -0.0640 0.0640 -0.6278,
        -0.0718 0.0551 -0.6278,
        -0.0784 0.0453 -0.6278,
        -0.0837 0.0347 -0.6278,
        -0.0875 0.0234 -0.6278,
        -0.0898 0.0118 -0.6278,
        -0.0906 0.0000 -0.6278,
        -0.0898 -0.0118 -0.6278,
        -0.0875 -0.0234 -0.6278,
        -0.0837 -0.0347 -0.6278,
        -0.0784 -0.0453 -0.6278,
        -0.0718 -0.0551 -0.6278,
        -0.0640 -0.0640 -0.6278,
        -0.0551 -0.0718 -0.6278,
        -0.0453 -0.0784 -0.6278,
        -0.0347 -0.0837 -0.6278,
        -0.0234 -0.0875 -0.6278,
        -0.0118 -0.0898 -0.6278,
        -0.0000 -0.0906 -0.6278,
        0.0118 -0.0898 -0.6278,
        0.0234 -0.0875 -0.6278,
        0.0347 -0.0837 -0.6278,
        0.0453 -0.0784 -0.6278,
        0.0551 -0.0718 -0.6278,
        0.0640 -0.0640 -0.6278,
        0.0718 -0.0551 -0.6278,
        0.0784 -0.0453 -0.6278,
        0.0837 -0.0347 -0.6278,
        0.0875 -0.0234 -0.6278,
        0.0898 -0.0118 -0.6278,
        0.0938 0.0000 -0.6253,
        0.0930 0.0122 -0.6253,
        0.0906 0.0243 -0.6253,
        0.0867 0.0359 -0.6253,
        0.0812 0.0469 -0.6253,
        0.0744 0.0571 -0.6253,
        0.0663 0.0663 -0.6253,
        0.0571 0.0744 -0.6253,
        0.0469 0.0812 -0.6253,
        0.0359 0.0867 -0.6253,
        0.0243 0.0906 -0.6253,
        0.0122 0.0930 -0.6253,
        0.0000 0.0938 -0.6253,
        -0.0122 0.0930 -0.6253,
        -0.0243 0.0906 -0.6253,
        -0.0359 0.0867 -0.6253,
        -0.0469 0.0812 -0.6253,
        -0.0571 0.0744 -0.6253,
        -0.0663 0.0663 -0.6253,
        -0.0744 0.0571 -0.6253,
        -0.0812 0.0469 -0.6253,
        -0.0867 0.0359 -0.6253,
        -0.0906 0.0243 -0.6253,
        -0.0930 0.0122 -0.6253,
        -0.0938 0.0000 -0.6253,
        -0.0930 -0.0122 -0.6253,
        -0.0906 -0.0243 -0.6253,
        -0.0867 -0.0359 -0.6253,
        -0.0812 -0.0469 -0.6253,
        -0.0744 -0.0571 -0.6253,
        -0.0663 -0.0663 -0.6253,
        -0.0571 -0.0744 -0.6253,
        -0.0469 -0.0812 -0.6253,
        -0.0359 -0.0867 -0.6253,
        -0.0243 -0.0906 -0.6253,
        -0.0122 -0.0930 -0.6253,
        -0.0000 -0.0938 -0.6253,
        0.0122 -0.0930 -0.6253,
        0.0243 -0.0906 -0.6253,
        0.0359 -0.0867 -0.6253,
        0.0469 -0.0812 -0.6253,
        0.0571 -0.0744 -0.6253,
        0.0663 -0.0663 -0.6253,
        0.0744 -0.0571 -0.6253,
        0.0812 -0.0469 -0.6253,
        0.0867 -0.0359 -0.6253,
        0.0906 -0.0243 -0.6253,
        0.0930 -0.0122 -0.6253,
        0.0963 0.0000 -0.6220,
        0.0955 0.0126 -0.6220,
        0.0930 0.0249 -0.6220,
        0.0890 0.0369 -0.6220,
        0.0834 0.0482 -0.6220,
        0.0764 0.0586 -0.6220,
        0.0681 0.0681 -0.6220,
        0.0586 0.0764 -0.6220,
        0.0482 0.0834 -0.6220,
        0.0369 0.0890 -0.6220,
        0.0249 0.0930 -0.6220,
        0.0126 0.0955 -0.6220,
        0.0000 0.0963 -0.6220,
        -0.0126 0.0955 -0.6220,
        -0.0249 0.0930 -0.6220,
        -0.0369 0.0890 -0.6220,
        -0.0482 0.0834 -0.6220,
        -0.0586 0.0764 -0.6220,
        -0.0681 0.0681 -0.6220,
        -0.0764 0.0586 -0.6220,
        -0.0834 0.0482 -0.6220,
        -0.0890 0.0369 -0.6220,
        -0.0930 0.0249 -0.6220,
        -0.0955 0.0126 -0.6220,
        -0.0963 0.0000 -0.6220,
        -0.0955 -0.0126 -0.6220,
        -0.0930 -0.0249 -0.6220,
        -0.0890 -0.0369 -0.6220,
        -0.0834 -0.0482 -0.6220,
        -0.0764 -0.0586 -0.6220,
        -0.0681 -0.0681 -0.6220,
        -0.0586 -0.0764 -0.6220,
        -0.0482 -0.0834 -0.6220,
        -0.0369 -0.0890 -0.6220,
        -0.0249 -0.0930 -0.6220,
        -0.0126 -0.0955 -0.6220,
        -0.0000 -0.0963 -0.6220,
        0.0126 -0.0955 -0.6220,
        0.0249 -0.0930 -0.6220,
        0.0369 -0.0890 -0.6220,
        0.0482 -0.0834 -0.6220,
        0.0586 -0.0764 -0.6220,
        0.0681 -0.0681 -0.6220,
        0.0764 -0.0586 -0.6220,
        0.0834 -0.0482 -0.6220,
        0.0890 -0.0369 -0.6220,
        0.0930 -0.0249 -0.6220,
        0.0955 -0.0126 -0.6220,
        0.0979 0.0000 -0.6182,
        0.0971 0.0128 -0.6182,
        0.0946 0.0253 -0.6182,
        0.0904 0.0375 -0.6182,
        0.0848 0.0489 -0.6182,
        0.0777 0.0596 -0.6182,
        0.0692 0.0692 -0.6182,
        0.0596 0.0777 -0.6182,
        0.0489 0.0848 -0.6182,
        0.0375 0.0904 -0.6182,
        0.0253 0.0946 -0.6182,
        0.0128 0.0971 -0.6182,
        0.0000 0.0979 -0.6182,
        -0.0128 0.0971 -0.6182,
        -0.0253 0.0946 -0.6182,
        -0.0375 0.0904 -0.6182,
        -0.0489 0.0848 -0.6182,
        -0.0596 0.0777 -0.6182,
        -0.0692 0.0692 -0.6182,
        -0.0777 0.0596 -0.6182,
        -0.0848 0.0489 -0.6182,
        -0.0904 0.0375 -0.6182,
        -0.0946 0.0253 -0.6182,
        -0.0971 0.0128 -0.6182,
        -0.0979 0.0000 -0.6182,
        -0.0971 -0.0128 -0.6182,
        -0.0946 -0.0253 -0.6182,
        -0.0904 -0.0375 -0.6182,
        -0.0848 -0.0489 -0.6182,
        -0.0777 -0.0596 -0.6182,
        -0.0692 -0.0692 -0.6182,
        -0.0596 -0.0777 -0.6182,
        -0.0489 -0.0848 -0.6182,
        -0.0375 -0.0904 -0.6182,
        -0.0253 -0.0946 -0.6182,
        -0.0128 -0.0971 -0.6182,
        -0.0000 -0.0979 -0.6182,
        0.0128 -0.0971 -0.6182,
        0.0253 -0.0946 -0.6182,
        0.0375 -0.0904 -0.6182,
        0.0489 -0.0848 -0.6182,
        0.0596 -0.0777 -0.6182,
        0.0692 -0.0692 -0.6182,
        0.0777 -0.0596 -0.6182,
        0.0848 -0.0489 -0.6182,
        0.0904 -0.0375 -0.6182,
        0.0946 -0.0253 -0.6182,
        0.0971 -0.0128 -0.6182,
        0.0984 0.0000 -0.6142,
        0.0976 0.0128 -0.6142,
        0.0951 0.0255 -0.6142,
        0.0909 0.0377 -0.6142,
        0.0852 0.0492 -0.6142,
        0.0781 0.0599 -0.6142,
        0.0696 0.0696 -0.6142,
        0.0599 0.0781 -0.6142,
        0.0492 0.0852 -0.6142,
        0.0377 0.0909 -0.6142,
        0.0255 0.0951 -0.6142,
        0.0128 0.0976 -0.6142,
        0.0000 0.0984 -0.6142,
        -0.0128 0.0976 -0.6142,
        -0.0255 0.0951 -0.6142,
        -0.0377 0.0909 -0.6142,
        -0.0492 0.0852 -0.6142,
        -0.0599 0.0781 -0.6142,
        -0.0696 0.0696 -0.6142,
        -0.0781 0.0599 -0.6142,
        -0.0852 0.0492 -0.6142,
        -0.0909 0.0377 -0.6142,
        -0.0951 0.0255 -0.6142,
        -0.0976 0.0128 -0.6142,
        -0.0984 0.0000 -0.6142,
        -0.0976 -0.0128 -0.6142,
        -0.0951 -0.0255 -0.6142,
        -0.0909 -0.0377 -0.6142,
        -0.0852 -0.0492 -0.6142,
        -0.0781 -0.0599 -0.6142,
        -0.0696 -0.0696 -0.6142,
        -0.0599 -0.0781 -0.6142,
        -0.0492 -0.0852 -0.6142,
        -0.0377 -0.0909 -0.6142,
        -0.0255 -0.0951 -0.6142,
        -0.0128 -0.0976 -0.6142,
        -0.0000 -0.0984 -0.6142,
        0.0128 -0.0976 -0.6142,
        0.0255 -0.0951 -0.6142,
        0.0377 -0.0909 -0.6142,
        0.0492 -0.0852 -0.6142,
        0.0599 -0.0781 -0.6142,
        0.0696 -0.0696 -0.6142,
        0.0781 -0.0599 -0.6142,
        0.0852 -0.0492 -0.6142,
        0.0909 -0.0377 -0.6142,
        0.0951 -0.0255 -0.6142,
        0.0976 -0.0128 -0.6142,
        0.0984 0.0000 0.6142,
        0.0976 0.0128 0.6142,
        0.0951 0.0255 0.6142,
        0.0909 0.0377 0.6142,
        0.0852 0.0492 0.6142,
        0.0781 0.0599 0.6142,
        0.0696 0.0696 0.6142,
        0.0599 0.0781 0.6142,
        0.0492 0.0852 0.6142,
        0.0377 0.0909 0.6142,
        0.0255 0.0951 0.6142,
        0.0128 0.0976 0.6142,
        0.0000 0.0984 0.6142,
        -0.0128 0.0976 0.6142,
        -0.0255 0.0951 0.6142,
        -0.0377 0.0909 0.6142,
        -0.0492 0.0852 0.6142,
        -0.0599 0.0781 0.6142,
        -0.0696 0.0696 0.6142,
        -0.0781 0.0599 0.6142,
        -0.0852 0.0492 0.6142,
        -0.0909 0.0377 0.6142,
        -0.0951 0.0255 0.6142,
        -0.0976 0.0128 0.6142,
        -0.0984 0.0000 0.6142,
        -0.0976 -0.0128 0.6142,
        -0.0951 -0.0255 0.6142,
        -0.0909 -0.0377 0.6142,
        -0.0852 -0.0492 0.6142,
        -0.0781 -0.0599 0.6142,
        -0.0696 -0.0696 0.6142,
        -0.0599 -0.0781 0.6142,
        -0.0492 -0.0852 0.6142,
        -0.0377 -0.0909 0.6142,
        -0.0255 -0.0951 0.6142,
        -0.0128 -0.0976 0.6142,
        -0.0000 -0.0984 0.6142,
        0.0128 -0.0976 0.6142,
        0.0255 -0.0951 0.6142,
        0.0377 -0.0909 0.6142,
        0.0492 -0.0852 0.6142,
        0.0599 -0.0781 0.6142,
        0.0696 -0.0696 0.6142,
        0.0781 -0.0599 0.6142,
        0.0852 -0.0492 0.6142,
        0.0909 -0.0377 0.6142,
        0.0951 -0.0255 0.6142,
        0.0976 -0.0128 0.6142,
        0.0979 0.0000 0.6182,
        0.0971 0.0128 0.6182,
        0.0946 0.0253 0.6182,
        0.0904 0.0375 0.6182,
        0.0848 0.0489 0.6182,
        0.0777 0.0596 0.6182,
        0.0692 0.0692 0.6182,
        0.0596 0.0777 0.6182,
        0.0489 0.0848 0.6182,
        0.0375 0.0904 0.6182,
        0.0253 0.0946 0.6182,
        0.0128 0.0971 0.6182,
        0.0000 0.0979 0.6182,
        -0.0128 0.0971 0.6182,
        -0.0253 0.0946 0.6182,
        -0.0375 0.0904 0.6182,
        -0.0489 0.0848 0.6182,
        -0.0596 0.0777 0.6182,
        -0.0692 0.0692 0.6182,
        -0.0777 0.0596 0.6182,
        -0.0848 0.0489 0.6182,
        -0.0904 0.0375 0.6182,
        -0.0946 0.0253 0.6182,
        -0.0971 0.0128 0.6182,
        -0.0979 0.0000 0.6182,
        -0.0971 -0.0128 0.6182,
        -0.0946 -0.0253 0.6182,
        -0.0904 -0.0375 0.6182,
        -0.0848 -0.0489 0.6182,
        -0.0777 -0.0596 0.6182,
        -0.0692 -0.0692 0.6182,
        -0.0596 -0.0777 0.6182,
        -0.0489 -0.0848 0.6182,
        -0.0375 -0.0904 0.6182,
        -0.0253 -0.0946 0.6182,
        -0.0128 -0.0971 0.6182,
        -0.0000 -0.0979 0.6182,
        0.0128 -0.0971 0.6182,
        0.0253 -0.0946 0.6182,
        0.0375 -0.0904 0.6182,
        0.0489 -0.0848 0.6182,
        0.0596 -0.0777 0.6182,
        0.0692 -0.0692 0.6182,
        0.0777 -0.0596 0.6182,
        0.0848 -0.0489 0.6182,
        0.0904 -0.0375 0.6182,
        0.0946 -0.0253 0.6182,
        0.0971 -0.0128 0.6182,
        0.0963 0.0000 0.6220,
        0.0955 0.0126 0.6220,
        0.0930 0.0249 0.6220,
        0.0890 0.0369 0.6220,
        0.0834 0.0482 0.6220,
        0.0764 0.0586 0.6220,
        0.0681 0.0681 0.6220,
        0.0586 0.0764 0.6220,
        0.0482 0.0834 0.6220,
        0.0369 0.0890 0.6220,
        0.0249 0.0930 0.6220,
        0.0126 0.0955 0.6220,
        0.0000 0.0963 0.6220,
        -0.0126 0.0955 0.6220,
        -0.0249 0.0930 0.6220,
        -0.0369 0.0890 0.6220,
        -0.0482 0.0834 0.6220,
        -0.0586 0.0764 0.6220,
        -0.0681 0.0681 0.6220,
        -0.0764 0.0586 0.6220,
        -0.0834 0.0482 0.6220,
        -0.0890 0.0369 0.6220,
        -0.0930 0.0249 0.6220,
        -0.0955 0.0126 0.6220,
        -0.0963 0.0000 0.6220,
        -0.0955 -0.0126 0.6220,
        -0.0930 -0.0249 0.6220,
        -0.0890 -0.0369 0.6220,
        -0.0834 -0.0482 0.6220,
        -0.0764 -0.0586 0.6220,
        -0.0681 -0.0681 0.6220,
        -0.0586 -0.0764 0.6220,
        -0.0482 -0.0834 0.6220,
        -0.0369 -0.0890 0.6220,
        -0.0249 -0.0930 0.6220,
        -0.0126 -0.0955 0.6220,
        -0.0000 -0.0963 0.6220,
        0.0126 -0.0955 0.6220,
        0.0249 -0.0930 0.6220,
        0.0369 -0.0890 0.6220,
        0.0482 -0.0834 0.6220,
        0.0586 -0.0764 0.6220,
        0.0681 -0.0681 0.6220,
        0.0764 -0.0586 0.6220,
        0.0834 -0.0482 0.6220,
        0.0890 -0.0369 0.6220,
        0.0930 -0.0249 0.6220,
        0.0955 -0.0126 0.6220,
        0.0938 0.0000 0.6253,
        0.0930 0.0122 0.6253,
        0.0906 0.0243 0.6253,
        0.0867 0.0359 0.6253,
        0.0812 0.0469 0.6253,
        0.0744 0.0571 0.6253,
        0.0663 0.0663 0.6253,
        0.0571 0.0744 0.6253,
        0.0469 0.0812 0.6253,
        0.0359 0.0867 0.6253,
        0.0243 0.0906 0.6253,
        0.0122 0.0930 0.6253,
        0.0000 0.0938 0.6253,
        -0.0122 0.0930 0.6253,
        -0.0243 0.0906 0.6253,
        -0.0359 0.0867 0.6253,
        -0.0469 0.0812 0.6253,
        -0.0571 0.0744 0.6253,
        -0.0663 0.0663 0.6253,
        -0.0744 0.0571 0.6253,
        -0.0812 0.0469 0.6253,
        -0.0867 0.0359 0.6253,
        -0.0906 0.0243 0.6253,
        -0.0930 0.0122 0.6253,
        -0.0938 0.0000 0.6253,
        -0.0930 -0.0122 0.6253,
        -0.0906 -0.0243 0.6253,
        -0.0867 -0.0359 0.6253,
        -0.0812 -0.0469 0.6253,
        -0.0744 -0.0571 0.6253,
        -0.0663 -0.0663 0.6253,
        -0.0571 -0.0744 0.6253,
        -0.0469 -0.0812 0.6253,
        -0.0359 -0.0867 0.6253,
        -0.0243 -0.0906 0.6253,
        -0.0122 -0.0930 0.6253,
        -0.0000 -0.0938 0.6253,
        0.0122 -0.0930 0.6253,
        0.0243 -0.0906 0.6253,
        0.0359 -0.0867 0.6253,
        0.0469 -0.0812 0.6253,
        0.0571 -0.0744 0.6253,
        0.0663 -0.0663 0.6253,
        0.0744 -0.0571 0.6253,
        0.0812 -0.0469 0.6253,
        0.0867 -0.0359 0.6253,
        0.0906 -0.0243 0.6253,
        0.0930 -0.0122 0.6253,
        0.0906 0.0000 0.6278,
        0.0898 0.0118 0.6278,
        0.0875 0.0234 0.6278,
        0.0837 0.0347 0.6278,
        0.0784 0.0453 0.6278,
        0.0718 0.0551 0.6278,
        0.0640 0.0640 0.6278,
        0.0551 0.0718 0.6278,
        0.0453 0.0784 0.6278,
        0.0347 0.0837 0.6278,
        0.0234 0.0875 0.6278,
        0.0118 0.0898 0.6278,
        0.0000 0.0906 0.6278,
        -0.0118 0.0898 0.6278,
        -0.0234 0.0875 0.6278,
        -0.0347 0.0837 0.6278,
        -0.0453 0.0784 0.6278,
        -0.0551 0.0718 0.6278,
        -0.0640 0.0640 0.6278,
        -0.0718 0.0551 0.6278,
        -0.0784 0.0453 0.6278,
        -0.0837 0.0347 0.6278,
        -0.0875 0.0234 0.6278,
        -0.0898 0.0118 0.6278,
        -0.0906 0.0000 0.6278,
        -0.0898 -0.0118 0.6278,
        -0.0875 -0.0234 0.6278,
        -0.0837 -0.0347 0.6278,
        -0.0784 -0.0453 0.6278,
        -0.0718 -0.0551 0.6278,
        -0.0640 -0.0640 0.6278,
        -0.0551 -0.0718 0.6278,
        -0.0453 -0.0784 0.6278,
        -0.0347 -0.0837 0.6278,
        -0.0234 -0.0875 0.6278,
        -0.0118 -0.0898 0.6278,
        -0.0000 -0.0906 0.6278,
        0.0118 -0.0898 0.6278,
        0.0234 -0.0875 0.6278,
        0.0347 -0.0837 0.6278,
        0.0453 -0.0784 0.6278,
        0.0551 -0.0718 0.6278,
        0.0640 -0.0640 0.6278,
        0.0718 -0.0551 0.6278,
        0.0784 -0.0453 0.6278,
        0.0837 -0.0347 0.6278,
        0.0875 -0.0234 0.6278,
        0.0898 -0.0118 0.6278,
        0.0868 0.0000 0.6294,
        0.0860 0.0113 0.6294,
        0.0838 0.0225 0.6294,
        0.0801 0.0332 0.6294,
        0.0751 0.0434 0.6294,
        0.0688 0.0528 0.6294,
        0.0613 0.0613 0.6294,
        0.0528 0.0688 0.6294,
        0.0434 0.0751 0.6294,
        0.0332 0.0801 0.6294,
        0.0225 0.0838 0.6294,
        0.0113 0.0860 0.6294,
        0.0000 0.0868 0.6294,
        -0.0113 0.0860 0.6294,
        -0.0225 0.0838 0.6294,
        -0.0332 0.0801 0.6294,
        -0.0434 0.0751 0.6294,
        -0.0528 0.0688 0.6294,
        -0.0613 0.0613 0.6294,
        -0.0688 0.0528 0.6294,
        -0.0751 0.0434 0.6294,
        -0.0801 0.0332 0.6294,
        -0.0838 0.0225 0.6294,
        -0.0860 0.0113 0.6294,
        -0.0868 0.0000 0.6294,
        -0.0860 -0.0113 0.6294,
        -0.0838 -0.0225 0.6294,
        -0.0801 -0.0332 0.6294,
        -0.0751 -0.0434 0.6294,
        -0.0688 -0.0528 0.6294,
        -0.0613 -0.0613 0.6294,
        -0.0528 -0.0688 0.6294,
        -0.0434 -0.0751 0.6294,
        -0.0332 -0.0801 0.6294,
        -0.0225 -0.0838 0.6294,
        -0.0113 -0.0860 0.6294,
        -0.0000 -0.0868 0.6294,
        0.0113 -0.0860 0.6294,
        0.0225 -0.0838 0.6294,
        0.0332 -0.0801 0.6294,
        0.0434 -0.0751 0.6294,
        0.0528 -0.0688 0.6294,
        0.0613 -0.0613 0.6294,
        0.0688 -0.0528 0.6294,
        0.0751 -0.0434 0.6294,
        0.0801 -0.0332 0.6294,
        0.0838 -0.0225 0.6294,
        0.0860 -0.0113 0.6294,
        0.0827 0.0000 0.6299,
        0.0820 0.0108 0.6299,
        0.0799 0.0214 0.6299,
        0.0764 0.0316 0.6299,
        0.0716 0.0413 0.6299,
        0.0656 0.0503 0.6299,
        0.0585 0.0585 0.6299,
        0.0503 0.0656 0.6299,
        0.0413 0.0716 0.6299,
        0.0316 0.0764 0.6299,
        0.0214 0.0799 0.6299,
        0.0108 0.0820 0.6299,
        0.0000 0.0827 0.6299,
        -0.0108 0.0820 0.6299,
        -0.0214 0.0799 0.6299,
        -0.0316 0.0764 0.6299,
        -0.0413 0.0716 0.6299,
        -0.0503 0.0656 0.6299,
        -0.0585 0.0585 0.6299,
        -0.0656 0.0503 0.6299,
        -0.0716 0.0413 0.6299,
        -0.0764 0.0316 0.6299,
        -0.0799 0.0214 0.6299,
        -0.0820 0.0108 0.6299,
        -0.0827 0.0000 0.6299,
        -0.0820 -0.0108 0.6299,
        -0.0799 -0.0214 0.6299,
        -0.0764 -0.0316 0.6299,
        -0.0716 -0.0413 0.6299,
        -0.0656 -0.0503 0.6299,
        -0.0585 -0.0585 0.6299,
        -0.0503 -0.0656 0.6299,
        -0.0413 -0.0716 0.6299,
        -0.0316 -0.0764 0.6299,
        -0.0214 -0.0799 0.6299,
        -0.0108 -0.0820 0.6299,
        -0.0000 -0.0827 0.6299,
        0.0108 -0.0820 0.6299,
        0.0214 -0.0799 0.6299,
        0.0316 -0.0764 0.6299,
        0.0413 -0.0716 0.6299,
        0.0503 -0.0656 0.6299,
        0.0585 -0.0585 0.6299,
        0.0656 -0.0503 0.6299,
        0.0716 -0.0413 0.6299,
        0.0764 -0.0316 0.6299,
        0.0799 -0.0214 0.6299,
        0.0820 -0.0108 0.6299,
        0.0000 0.0000 -0.6299,
        0.0000 0.0000 0.6299
    ] }
    coordIndex [
        0, 1, 49, 48, -1,
        1, 2, 50, 49, -1,
        2, 3, 51, 50, -1,
        3, 4, 52, 51, -1,
        4, 5, 53, 52, -1,
        5, 6, 54, 53, -1,
        6, 7, 55, 54, -1,
        7, 8, 56, 55, -1,
        8, 9, 57, 56, -1,
        9, 10, 58, 57, -1,
        10, 11, 59, 58, -1,
        11, 12, 60, 59, -1,
        12, 13, 61, 60, -1,
        13, 14, 62, 61, -1,
        14, 15, 63, 62, -1,
        15, 16, 64, 63, -1,
        16, 17, 65, 64, -1,
        17, 18, 66, 65, -1,
        18, 19, 67, 66, -1,
        19, 20, 68, 67, -1,
        20, 21, 69, 68, -1,
        21, 22, 70, 69, -1,
        22, 23, 71, 70, -1,
        23, 24, 72, 71, -1,
        24, 25, 73, 72, -1,
        25, 26, 74, 73, -1,
        26, 27, 75, 74, -1,
        27, 28, 76, 75, -1,
        28, 29, 77, 76, -1,
        29, 30, 78, 77, -1,
        30, 31, 79, 78, -1,
        31, 32, 80, 79, -1,
        32, 33, 81, 80, -1,
        33, 34, 82, 81, -1,
        34, 35, 83, 82, -1,
        35, 36, 84, 83, -1,
        36, 37, 85, 84, -1,
        37, 38, 86, 85, -1,
        38, 39, 87, 86, -1,
        39, 40, 88, 87, -1,
        40, 41, 89, 88, -1,
        41, 42, 90, 89, -1,
        42, 43, 91, 90, -1,
        43, 44, 92, 91, -1,
        44, 45, 93, 92, -1,
        45, 46, 94, 93, -1,
        46, 47, 95, 94, -1,
        47, 0, 48, 95, -1,
        48, 49, 97, 96, -1,
        49, 50, 98, 97, -1,
        50, 51, 99, 98, -1,
        51, 52, 100, 99, -1,
        52, 53, 101, 100, -1,
        53, 54, 102, 101, -1,
        54, 55, 103, 102, -1,
        55, 56, 104, 103, -1,
        56, 57, 105, 104, -1,
        57, 58, 106, 105, -1,
        58, 59, 107, 106, -1,
        59, 60, 108, 107, -1,
        60, 61, 109, 108, -1,
        61, 62, 110, 109, -1,
        62, 63, 111, 110, -1,
        63, 64, 112, 111, -1,
        64, 65, 113, 112, -1,
        65, 66, 114, 113, -1,
        66, 67, 115, 114, -1,
        67, 68, 116, 115, -1,
        68, 69, 117, 116, -1,
        69, 70, 118, 117, -1,
        70, 71, 119, 118, -1,
        71, 72, 120, 119, -1,
        72, 73, 121, 120, -1,
        73, 74, 122, 121, -1,
        74, 75, 123, 122, -1,
        75, 76, 124, 123, -1,
        76, 77, 125, 124, -1,
        77, 78, 126, 125, -1,
        78, 79, 127, 126, -1,
        79, 80, 128, 127, -1,
        80, 81, 129, 128, -1,
        81, 82, 130, 129, -1,
        82, 83, 131, 130, -1,
        83, 84, 132, 131, -1,
        84, 85, 133, 132, -1,
        85, 86, 134, 133, -1,
        86, 87, 135, 134, -1,
        87, 88, 136, 135, -1,
        88, 89, 137, 136, -1,
        89, 90, 138, 137, -1,
        90, 91, 139, 138, -1,
        91, 92, 140, 139, -1,
        92, 93, 141, 140, -1,
        93, 94, 142, 141, -1,
        94, 95, 143, 142, -1,
        95, 48, 96, 143, -1,
        96, 97, 145, 144, -1,
        97, 98, 146, 145, -1,
        98, 99, 147, 146, -1,
        99, 100, 148, 147, -1,
        100, 101, 149, 148, -1,
        101, 102, 150, 149, -1,
        102, 103, 151, 150, -1,
        103, 104, 152, 151, -1,
        104, 105, 153, 152, -1,
        105, 106, 154, 153, -1,
        106, 107, 155, 154, -1,
        107, 108, 156, 155, -1,
        108, 109, 157, 156, -1,
        109, 110, 158, 157, -1,
        110, 111, 159, 158, -1,
        111, 112, 160, 159, -1,
        112, 113, 161, 160, -1,
        113, 114, 162, 161, -1,
        114, 115, 163, 162, -1,
        115, 116, 164, 163, -1,
        116, 117, 165, 164, -1,
        117, 118, 166, 165, -1,
        118, 119, 167, 166, -1,
        119, 120, 168, 167, -1,
        120, 121, 169, 168, -1,
        121, 122, 170, 169, -1,
        122, 123, 171, 170, -1,
        123, 124, 172, 171, -1,
        124, 125, 173, 172, -1,
        125, 126, 174, 173, -1,
        126, 127, 175, 174, -1,
        127, 128, 176, 175, -1,
        128, 129, 177, 176, -1,
        129, 130, 178, 177, -1,
        130, 131, 179, 178, -1,
        131, 132, 180, 179, -1,
        132, 133, 181, 180, -1,
        133, 134, 182, 181, -1,
        134, 135, 183, 182, -1,
        135, 136, 184, 183, -1,
        136, 137, 185, 184, -1,
        137, 138, 186, 185, -1,
        138, 139, 187, 186, -1,
        139, 140, 188, 187, -1,
        140, 141, 189, 188, -1,
        141, 142, 190, 189, -1,
        142, 143, 191, 190, -1,
        143, 96, 144, 191, -1,
        144, 145, 193, 192, -1,
        145, 146, 194, 193, -1,
        146, 147, 195, 194, -1,
        147, 148, 196, 195, -1,
        148, 149, 197, 196, -1,
        149, 150, 198, 197, -1,
        150, 151, 199, 198, -1,
        151, 152, 200, 199, -1,
        152, 153, 201, 200, -1,
        153, 154, 202, 201, -1,
        154, 155, 203, 202, -1,
        155, 156, 204, 203, -1,
        156, 157, 205, 204, -1,
        157, 158, 206, 205, -1,
        158, 159, 207, 206, -1,
        159, 160, 208, 207, -1,
        160, 161, 209, 208, -1,
        161, 162, 210, 209, -1,
        162, 163, 211, 210, -1,
        163, 164, 212, 211, -1,
        164, 165, 213, 212, -1,
        165, 166, 214, 213, -1,
        166, 167, 215, 214, -1,
        167, 168, 216, 215, -1,
        168, 169, 217, 216, -1,
        169, 170, 218, 217, -1,
        170, 171, 219, 218, -1,
        171, 172, 220, 219, -1,
        172, 173, 221, 220, -1,
        173, 174, 222, 221, -1,
        174, 175, 223, 222, -1,
        175, 176, 224, 223, -1,
        176, 177, 225, 224, -1,
        177, 178, 226, 225, -1,
        178, 179, 227, 226, -1,
        179, 180, 228, 227, -1,
        180, 181, 229, 228, -1,
        181, 182, 230, 229, -1,
        182, 183, 231, 230, -1,
        183, 184, 232, 231, -1,
        184, 185, 233, 232, -1,
        185, 186, 234, 233, -1,
        186, 187, 235, 234, -1,
        187, 188, 236, 235, -1,
        188, 189, 237, 236, -1,
        189, 190, 238, 237, -1,
        190, 191, 239, 238, -1,
        191, 144, 192, 239, -1,
        192, 193, 241, 240, -1,
        193, 194, 242, 241, -1,
        194, 195, 243, 242, -1,
        195, 196, 244, 243, -1,
        196, 197, 245, 244, -1,
        197, 198, 246, 245, -1,
        198, 199, 247, 246, -1,
        199, 200, 248, 247, -1,
        200, 201, 249, 248, -1,
        201, 202, 250, 249, -1,
        202, 203, 251, 250, -1,
        203, 204, 252, 251, -1,
        204, 205, 253, 252, -1,
        205, 206, 254, 253, -1,
        206, 207, 255, 254, -1,
        207, 208, 256, 255, -1,
        208, 209, 257, 256, -1,
        209, 210, 258, 257, -1,
        210, 211, 259, 258, -1,
        211, 212, 260, 259, -1,
        212, 213, 261, 260, -1,
        213, 214, 262, 261, -1,
        214, 215, 263, 262, -1,
        215, 216, 264, 263, -1,
        216, 217, 265, 264, -1,
        217, 218, 266, 265, -1,
        218, 219, 267, 266, -1,
        219, 220, 268, 267, -1,
        220, 221, 269, 268, -1,
        221, 222, 270, 269, -1,
        222, 223, 271, 270, -1,
        223, 224, 272, 271, -1,
        224, 225, 273, 272, -1,
        225, 226, 274, 273, -1,
        226, 227, 275, 274, -1,
        227, 228, 276, 275, -1,
        228, 229, 277, 276, -1,
        229, 230, 278, 277, -1,
        230, 231, 279, 278, -1,
        231, 232, 280, 279, -1,
        232, 233, 281, 280, -1,
        233, 234, 282, 281, -1,
        234, 235, 283, 282, -1,
        235, 236, 284, 283, -1,
        236, 237, 285, 284, -1,
        237, 238, 286, 285, -1,
        238, 239, 287, 286, -1,
        239, 192, 240, 287, -1,
        240, 241, 289, 288, -1,
        241, 242, 290, 289, -1,
        242, 243, 291, 290, -1,
        243, 244, 292, 291, -1,
        244, 245, 293, 292, -1,
        245, 246, 294, 293, -1,
        246, 247, 295, 294, -1,
        247, 248, 296, 295, -1,
        248, 249, 297, 296, -1,
        249, 250, 298, 297, -1,
        250, 251, 299, 298, -1,
        251, 252, 300, 299, -1,
        252, 253, 301, 300, -1,
        253, 254, 302, 301, -1,
        254, 255, 303, 302, -1,
        255, 256, 304, 303, -1,
        256, 257, 305, 304, -1,
        257, 258, 306, 305, -1,
        258, 259, 307, 306, -1,
        259, 260, 308, 307, -1,
        260, 261, 309, 308, -1,
        261, 262, 310, 309, -1,
        262, 263, 311, 310, -1,
        263, 264, 312, 311, -1,
        264, 265, 313, 312, -1,
        265, 266, 314, 313, -1,
        266, 267, 315, 314, -1,
        267, 268, 316, 315, -1,
        268, 269, 317, 316, -1,
        269, 270, 318, 317, -1,
        270, 271, 319, 318, -1,
        271, 272, 320, 319, -1,
        272, 273, 321, 320, -1,
        273, 274, 322, 321, -1,
        274, 275, 323, 322, -1,
        275, 276, 324, 323, -1,
        276, 277, 325, 324, -1,
        277, 278, 326, 325, -1,
        278, 279, 327, 326, -1,
        279, 280, 328, 327, -1,
        280, 281, 329, 328, -1,
        281, 282, 330, 329, -1,
        282, 283, 331, 330, -1,
        283, 284, 332, 331, -1,
        284, 285, 333, 332, -1,
        285, 286, 334, 333, -1,
        286, 287, 335, 334, -1,
        287, 240, 288, 335, -1,
        288, 289, 337, 336, -1,
        289, 290, 338, 337, -1,
        290, 291, 339, 338, -1,
        291, 292, 340, 339, -1,
        292, 293, 341, 340, -1,
        293, 294, 342, 341, -1,
        294, 295, 343, 342, -1,
        295, 296, 344, 343, -1,
        296, 297, 345, 344, -1,
        297, 298, 346, 345, -1,
        298, 299, 347, 346, -1,
        299, 300, 348, 347, -1,
        300, 301, 349, 348, -1,
        301, 302, 350, 349, -1,
        302, 303, 351, 350, -1,
        303, 304, 352, 351, -1,
        304, 305, 353, 352, -1,
        305, 306, 354, 353, -1,
        306, 307, 355, 354, -1,
        307, 308, 356, 355, -1,
        308, 309, 357, 356, -1,
        309, 310, 358, 357, -1,
        310, 311, 359, 358, -1,
        311, 312, 360, 359, -1,
        312, 313, 361, 360, -1,
        313, 314, 362, 361, -1,
        314, 315, 363, 362, -1,
        315, 316, 364, 363, -1,
        316, 317, 365, 364, -1,
        317, 318, 366, 365, -1,
        318, 319, 367, 366, -1,
        319, 320, 368, 367, -1,
        320, 321, 369, 368, -1,
        321, 322, 370, 369, -1,
        322, 323, 371, 370, -1,
        323, 324, 372, 371, -1,
        324, 325, 373, 372, -1,
        325, 326, 374, 373, -1,
        326, 327, 375, 374, -1,
        327, 328, 376, 375, -1,
        328, 329, 377, 376, -1,
        329, 330, 378, 377, -1,
        330, 331, 379, 378, -1,
        331, 332, 380, 379, -1,
        332, 333, 381, 380, -1,
        333, 334, 382, 381, -1,
        334, 335, 383, 382, -1,
        335, 288, 336, 383, -1,
        336, 337, 385, 384, -1,
        337, 338, 386, 385, -1,
        338, 339, 387, 386, -1,
        339, 340, 388, 387, -1,
        340, 341, 389, 388, -1,
        341, 342, 390, 389, -1,
        342, 343, 391, 390, -1,
        343, 344, 392, 391, -1,
        344, 345, 393, 392, -1,
        345, 346, 394, 393, -1,
        346, 347, 395, 394, -1,
        347, 348, 396, 395, -1,
        348, 349, 397, 396, -1,
        349, 350, 398, 397, -1,
        350, 351, 399, 398, -1,
        351, 352, 400, 399, -1,
        352, 353, 401, 400, -1,
        353, 354, 402, 401, -1,
        354, 355, 403, 402, -1,
        355, 356, 404, 403, -1,
        356, 357, 405, 404, -1,
        357, 358, 406, 405, -1,
        358, 359, 407, 406, -1,
        359, 360, 408, 407, -1,
        360, 361, 409, 408, -1,
        361, 362, 410, 409, -1,
        362, 363, 411, 410, -1,
        363, 364, 412, 411, -1,
        364, 365, 413, 412, -1,
        365, 366, 414, 413, -1,
        366, 367, 415, 414, -1,
        367, 368, 416, 415, -1,
        368, 369, 417, 416, -1,
        369, 370, 418, 417, -1,
        370, 371, 419, 418, -1,
        371, 372, 420, 419, -1,
        372, 373, 421, 420, -1,
        373, 374, 422, 421, -1,
        374, 375, 423, 422, -1,
        375, 376, 424, 423, -1,
        376, 377, 425, 424, -1,
        377, 378, 426, 425, -1,
        378, 379, 427, 426, -1,
        379, 380, 428, 427, -1,
        380, 381, 429, 428, -1,
        381, 382, 430, 429, -1,
        382, 383, 431, 430, -1,
        383, 336, 384, 431, -1,
        384, 385, 433, 432, -1,
        385, 386, 434, 433, -1,
        386, 387, 435, 434, -1,
        387, 388, 436, 435, -1,
        388, 389, 437, 436, -1,
        389, 390, 438, 437, -1,
        390, 391, 439, 438, -1,
        391, 392, 440, 439, -1,
        392, 393, 441, 440, -1,
        393, 394, 442, 441, -1,
        394, 395, 443, 442, -1,
        395, 396, 444, 443, -1,
        396, 397, 445, 444, -1,
        397, 398, 446, 445, -1,
        398, 399, 447, 446, -1,
        399, 400, 448, 447, -1,
        400, 401, 449, 448, -1,
        401, 402, 450, 449, -1,
        402, 403, 451, 450, -1,
        403, 404, 452, 451, -1,
        404, 405, 453, 452, -1,
        405, 406, 454, 453, -1,
        406, 407, 455, 454, -1,
        407, 408, 456, 455, -1,
        408, 409, 457, 456, -1,
        409, 410, 458, 457, -1,
        410, 411, 459, 458, -1,
        411, 412, 460, 459, -1,
        412, 413, 461, 460, -1,
        413, 414, 462, 461, -1,
        414, 415, 463, 462, -1,
        415, 416, 464, 463, -1,
        416, 417, 465, 464, -1,
        417, 418, 466, 465, -1,
        418, 419, 467, 466, -1,
        419, 420, 468, 467, -1,
        420, 421, 469, 468, -1,
        421, 422, 470, 469, -1,
        422, 423, 471, 470, -1,
        423, 424, 472, 471, -1,
        424, 425, 473, 472, -1,
        425, 426, 474, 473, -1,
        426, 427, 475, 474, -1,
        427, 428, 476, 475, -1,
        428, 429, 477, 476, -1,
        429, 430, 478, 477, -1,
        430, 431, 479, 478, -1,
        431, 384, 432, 479, -1,
        432, 433, 481, 480, -1,
        433, 434, 482, 481, -1,
        434, 435, 483, 482, -1,
        435, 436, 484, 483, -1,
        436, 437, 485, 484, -1,
        437, 438, 486, 485, -1,
        438, 439, 487, 486, -1,
        439, 440, 488, 487, -1,
        440, 441, 489, 488, -1,
        441, 442, 490, 489, -1,
        442, 443, 491, 490, -1,
        443, 444, 492, 491, -1,
        444, 445, 493, 492, -1,
        445, 446, 494, 493, -1,
        446, 447, 495, 494, -1,
        447, 448, 496, 495, -1,
        448, 449, 497, 496, -1,
        449, 450, 498, 497, -1,
        450, 451, 499, 498, -1,
        451, 452, 500, 499, -1,
        452, 453, 501, 500, -1,
        453, 454, 502, 501, -1,
        454, 455, 503, 502, -1,
        455, 456, 504, 503, -1,
        456, 457, 505, 504, -1,
        457, 458, 506, 505, -1,
        458, 459, 507, 506, -1,
        459, 460, 508, 507, -1,
        460, 461, 509, 508, -1,
        461, 462, 510, 509, -1,
        462, 463, 511, 510, -1,
        463, 464, 512, 511, -1,
        464, 465, 513, 512, -1,
        465, 466, 514, 513, -1,
        466, 467, 515, 514, -1,
        467, 468, 516, 515, -1,
        468, 469, 517, 516, -1,
        469, 470, 518, 517, -1,
        470, 471, 519, 518, -1,
        471, 472, 520, 519, -1,
        472, 473, 521, 520, -1,
        473, 474, 522, 521, -1,
        474, 475, 523, 522, -1,
        475, 476, 524, 523, -1,
        476, 477, 525, 524, -1,
        477, 478, 526, 525, -1,
        478, 479, 527, 526, -1,
        479, 432, 480, 527, -1,
        480, 481, 529, 528, -1,
        481, 482, 530, 529, -1,
        482, 483, 531, 530, -1,
        483, 484, 532, 531, -1,
        484, 485, 533, 532, -1,
        485, 486, 534, 533, -1,
        486, 487, 535, 534, -1,
        487, 488, 536, 535, -1,
        488, 489, 537, 536, -1,
        489, 490, 538, 537, -1,
        490, 491, 539, 538, -1,
        491, 492, 540, 539, -1,
        492, 493, 541, 540, -1,
        493, 494, 542, 541, -1,
        494, 495, 543, 542, -1,
        495, 496, 544, 543, -1,
        496, 497, 545, 544, -1,
        497, 498, 546, 545, -1,
        498, 499, 547, 546, -1,
        499, 500, 548, 547, -1,
        500, 501, 549, 548, -1,
        501, 502, 550, 549, -1,
        502, 503, 551, 550, -1,
        503, 504, 552, 551, -1,
        504, 505, 553, 552, -1,
        505, 506, 554, 553, -1,
        506, 507, 555, 554, -1,
        507, 508, 556, 555, -1,
        508, 509, 557, 556, -1,
        509, 510, 558, 557, -1,
        510, 511, 559, 558, -1,
        511, 512, 560, 559, -1,
        512, 513, 561, 560, -1,
        513, 514, 562, 561, -1,
        514, 515, 563, 562, -1,
        515, 516, 564, 563, -1,
        516, 517, 565, 564, -1,
        517, 518, 566, 565, -1,
        518, 519, 567, 566, -1,
        519, 520, 568, 567, -1,
        520, 521, 569, 568, -1,
        521, 522, 570, 569, -1,
        522, 523, 571, 570, -1,
        523, 524, 572, 571, -1,
        524, 525, 573, 572, -1,
        525, 526, 574, 573, -1,
        526, 527, 575, 574, -1,
        527, 480, 528, 575, -1,
        528, 529, 577, 576, -1,
        529, 530, 578, 577, -1,
        530, 531, 579, 578, -1,
        531, 532, 580, 579, -1,
        532, 533, 581, 580, -1,
        533, 534, 582, 581, -1,
        534, 535, 583, 582, -1,
        535, 536, 584, 583, -1,
        536, 537, 585, 584, -1,
        537, 538, 586, 585, -1,
        538, 539, 587, 586, -1,
        539, 540, 588, 587, -1,
        540, 541, 589, 588, -1,
        541, 542, 590, 589, -1,
        542, 543, 591, 590, -1,
        543, 544, 592, 591, -1,
        544, 545, 593, 592, -1,
        545, 546, 594, 593, -1,
        546, 547, 595, 594, -1,
        547, 548, 596, 595, -1,
        548, 549, 597, 596, -1,
        549, 550, 598, 597, -1,
        550, 551, 599, 598, -1,
        551, 552, 600, 599, -1,
        552, 553, 601, 600, -1,
        553, 554, 602, 601, -1,
        554, 555, 603, 602, -1,
        555, 556, 604, 603, -1,
        556, 557, 605, 604, -1,
        557, 558, 606, 605, -1,
        558, 559, 607, 606, -1,
        559, 560, 608, 607, -1,
        560, 561, 609, 608, -1,
        561, 562, 610, 609, -1,
        562, 563, 611, 610, -1,
        563, 564, 612, 611, -1,
        564, 565, 613, 612, -1,
        565, 566, 614, 613, -1,
        566, 567, 615, 614, -1,
        567, 568, 616, 615, -1,
        568, 569, 617, 616, -1,
        569, 570, 618, 617, -1,
        570, 571, 619, 618, -1,
        571, 572, 620, 619, -1,
        572, 573, 621, 620, -1,
        573, 574, 622, 621, -1,
        574, 575, 623, 622, -1,
        575, 528, 576, 623, -1,
        576, 577, 625, 624, -1,
        577, 578, 626, 625, -1,
        578, 579, 627, 626, -1,
        579, 580, 628, 627, -1,
        580, 581, 629, 628, -1,
        581, 582, 630, 629, -1,
        582, 583, 631, 630, -1,
        583, 584, 632, 631, -1,
        584, 585, 633, 632, -1,
        585, 586, 634, 633, -1,
        586, 587, 635, 634, -1,
        587, 588, 636, 635, -1,
        588, 589, 637, 636, -1,
        589, 590, 638, 637, -1,
        590, 591, 639, 638, -1,
        591, 592, 640, 639, -1,
        592, 593, 641, 640, -1,
        593, 594, 642, 641, -1,
        594, 595, 643, 642, -1,
        595, 596, 644, 643, -1,
        596, 597, 645, 644, -1,
        597, 598, 646, 645, -1,
        598, 599, 647, 646, -1,
        599, 600, 648, 647, -1,
        600, 601, 649, 648, -1,
        601, 602, 650, 649, -1,
        602, 603, 651, 650, -1,
        603, 604, 652, 651, -1,
        604, 605, 653, 652, -1,
        605, 606, 654, 653, -1,
        606, 607, 655, 654, -1,
        607, 608, 656, 655, -1,
        608, 609, 657, 656, -1,
        609, 610, 658, 657, -1,
        610, 611, 659, 658, -1,
        611, 612, 660, 659, -1,
        612, 613, 661, 660, -1,
        613, 614, 662, 661, -1,
        614, 615, 663, 662, -1,
        615, 616, 664, 663, -1,
        616, 617, 665, 664, -1,
        617, 618, 666, 665, -1,
        618, 619, 667, 666, -1,
        619, 620, 668, 667, -1,
        620, 621, 669, 668, -1,
        621, 622, 670, 669, -1,
        622, 623, 671, 670, -1,
        623, 576, 624, 671, -1,
        672, 1, 0, -1,
        673, 624, 625, -1,
        672, 2, 1, -1,
        673, 625, 626, -1,
        672, 3, 2, -1,
        673, 626, 627, -1,
        672, 4, 3, -1,
        673, 627, 628, -1,
        672, 5, 4, -1,
        673, 628, 629, -1,
        672, 6, 5, -1,
        673, 629, 630, -1,
        672, 7, 6, -1,
        673, 630, 631, -1,
        672, 8, 7, -1,
        673, 631, 632, -1,
        672, 9, 8, -1,
        673, 632, 633, -1,
        672, 10, 9, -1,
        673, 633, 634, -1,
        672, 11, 10, -1,
        673, 634, 635, -1,
        672, 12, 11, -1,
        673, 635, 636, -1,
        672, 13, 12, -1,
        673, 636, 637, -1,
        672, 14, 13, -1,
        673, 637, 638, -1,
        672, 15, 14, -1,
        673, 638, 639, -1,
        672, 16, 15, -1,
        673, 639, 640, -1,
        672, 17, 16, -1,
        673, 640, 641, -1,
        672, 18, 17, -1,
        673, 641, 642, -1,
        672, 19, 18, -1,
        673, 642, 643, -1,
        672, 20, 19, -1,
        673, 643, 644, -1,
        672, 21, 20, -1,
        673, 644, 645, -1,
        672, 22, 21, -1,
        673, 645, 646, -1,
        672, 23, 22, -1,
        673, 646, 647, -1,
        672, 24, 23, -1,
        673, 647, 648, -1,
        672, 25, 24, -1,
        673, 648, 649, -1,
        672, 26, 25, -1,
        673, 649, 650, -1,
        672, 27, 26, -1,
        673, 650, 651, -1,
        672, 28, 27, -1,
        673, 651, 652, -1,
        672, 29, 28, -1,
        673, 652, 653, -1,
        672, 30, 29, -1,
        673, 653, 654, -1,
        672, 31, 30, -1,
        673, 654, 655, -1,
        672, 32, 31, -1,
        673, 655, 656, -1,
        672, 33, 32, -1,
        673, 656, 657, -1,
        672, 34, 33, -1,
        673, 657, 658, -1,
        672, 35, 34, -1,
        673, 658, 659, -1,
        672, 36, 35, -1,
        673, 659, 660, -1,
        672, 37, 36, -1,
        673, 660, 661, -1,
        672, 38, 37, -1,
        673, 661, 662, -1,
        672, 39, 38, -1,
        673, 662, 663, -1,
        672, 40, 39, -1,
        673, 663, 664, -1,
        672, 41, 40, -1,
        673, 664, 665, -1,
        672, 42, 41, -1,
        673, 665, 666, -1,
        672, 43, 42, -1,
        673, 666, 667, -1,
        672, 44, 43, -1,
        673, 667, 668, -1,
        672, 45, 44, -1,
        673, 668, 669, -1,
        672, 46, 45, -1,
        673, 669, 670, -1,
        672, 47, 46, -1,
        673, 670, 671, -1,
        672, 0, 47, -1,
        673, 671, 624, -1
    ]
    creaseAngle 0.80
    solid TRUE
  } }
] }
# Negative lead
Transform { translation 0.4921 0.0000 -0.5999 children [
  Shape { appearance USE LEAD geometry IndexedFaceSet {
    coord Coordinate { point [
        0.0827 0.0000 -0.6299,
        0.0820 0.0108 -0.6299,
        0.0799 0.0214 -0.6299,
        0.0764 0.0316 -0.6299,
        0.0716 0.0413 -0.6299,
        0.0656 0.0503 -0.6299,
        0.0585 0.0585 -0.6299,
        0.0503 0.0656 -0.6299,
        0.0413 0.0716 -0.6299,
        0.0316 0.0764 -0.6299,
        0.0214 0.0799 -0.6299,
        0.0108 0.0820 -0.6299,
        0.0000 0.0827 -0.6299,
        -0.0108 0.0820 -0.6299,
        -0.0214 0.0799 -0.6299,
        -0.0316 0.0764 -0.6299,
        -0.0413 0.0716 -0.6299,
        -0.0503 0.0656 -0.6299,
        -0.0585 0.0585 -0.6299,
        -0.0656 0.0503 -0.6299,
        -0.0716 0.0413 -0.6299,
        -0.0764 0.0316 -0.6299,
        -0.0799 0.0214 -0.6299,
        -0.0820 0.0108 -0.6299,
        -0.0827 0.0000 -0.6299,
        -0.0820 -0.0108 -0.6299,
        -0.0799 -0.0214 -0.6299,
        -0.0764 -0.0316 -0.6299,
        -0.0716 -0.0413 -0.6299,
        -0.0656 -0.0503 -0.6299,
        -0.0585 -0.0585 -0.6299,
        -0.0503 -0.0656 -0.6299,
        -0.0413 -0.0716 -0.6299,
        -0.0316 -0.0764 -0.6299,
        -0.0214 -0.0799 -0.6299,
        -0.0108 -0.0820 -0.6299,
        -0.0000 -0.0827 -0.6299,
        0.0108 -0.0820 -0.6299,
        0.0214 -0.0799 -0.6299,
        0.0316 -0.0764 -0.6299,
        0.0413 -0.0716 -0.6299,
        0.0503 -0.0656 -0.6299,
        0.0585 -0.0585 -0.6299,
        0.0656 -0.0503 -0.6299,
        0.0716 -0.0413 -0.6299,
        0.0764 -0.0316 -0.6299,
        0.0799 -0.0214 -0.6299,
        0.0820 -0.0108 -0.6299,
        0.0868 0.0000 -0.6294,
        0.0860 0.0113 -0.6294,
        0.0838 0.0225 -0.6294,
        0.0801 0.0332 -0.6294,
        0.0751 0.0434 -0.6294,
        0.0688 0.0528 -0.6294,
        0.0613 0.0613 -0.6294,
        0.0528 0.0688 -0.6294,
        0.0434 0.0751 -0.6294,
        0.0332 0.0801 -0.6294,
        0.0225 0.0838 -0.6294,
        0.0113 0.0860 -0.6294,
        0.0000 0.0868 -0.6294,
        -0.0113 0.0860 -0.6294,
        -0.0225 0.0838 -0.6294,
        -0.0332 0.0801 -0.6294,
        -0.0434 0.0751 -0.6294,
        -0.0528 0.0688 -0.6294,
        -0.0613 0.0613 -0.6294,
        -0.0688 0.0528 -0.6294,
        -0.0751 0.0434 -0.6294,
        -0.0801 0.0332 -0.6294,
        -0.0838 0.0225 -0.6294,
        -0.0860 0.0113 -0.6294,
        -0.0868 0.0000 -0.6294,
        -0.0860 -0.0113 -0.6294,
        -0.0838 -0.0225 -0.6294,
        -0.0801 -0.0332 -0.6294,
        -0.0751 -0.0434 -0.6294,
        -0.0688 -0.0528 -0.6294,
        -0.0613 -0.0613 -0.6294,
        -0.0528 -0.0688 -0.6294,
        -0.0434 -0.0751 -0.6294,
        -0.0332 -0.0801 -0.6294,
        -0.0225 -0.0838 -0.6294,
        -0.0113 -0.0860 -0.6294,
        -0.0000 -0.0868 -0.6294,
        0.0113 -0.0860 -0.6294,
        0.0225 -0.0838 -0.6294,
        0.0332 -0.0801 -0.6294,
        0.0434 -0.0751 -0.6294,
        0.0528 -0.0688 -0.6294,
        0.0613 -0.0613 -0.6294,
        0.0688 -0.0528 -0.6294,
        0.0751 -0.0434 -0.6294,
        0.0801 -0.0332 -0.6294,
        0.0838 -0.0225 -0.6294,
        0.0860 -0.0113 -0.6294,
        0.0906 0.0000 -0.6278,
        0.0898 0.0118 -0.6278,
        0.0875 0.0234 -0.6278,
        0.0837 0.0347 -0.6278,
        0.0784 0.0453 -0.6278,
        0.0718 0.0551 -0.6278,
        0.0640 0.0640 -0.6278,
        0.0551 0.0718 -0.6278,
        0.0453 0.0784 -0.6278,
        0.0347 0.0837 -0.6278,
        0.0234 0.0875 -0.6278,
        0.0118 0.0898 -0.6278,
        0.0000 0.0906 -0.6278,
        -0.0118 0.0898 -0.6278,
        -0.0234 0.0875 -0.6278,
        -0.0347 0.0837 -0.6278,
        -0.0453 0.0784 -0.6278,
        -0.0551 0.0718 -0.6278,
        -0.0640 0.0640 -0.6278,
        -0.0718 0.0551 -0.6278,
        -0.0784 0.0453 -0.6278,
        -0.0837 0.0347 -0.6278,
        -0.0875 0.0234 -0.6278,
        -0.0898 0.0118 -0.6278,
        -0.0906 0.0000 -0.6278,
        -0.0898 -0.0118 -0.6278,
        -0.0875 -0.0234 -0.6278,
        -0.0837 -0.0347 -0.6278,
        -0.0784 -0.0453 -0.6278,
        -0.0718 -0.0551 -0.6278,
        -0.0640 -0.0640 -0.6278,
        -0.0551 -0.0718 -0.6278,
        -0.0453 -0.0784 -0.6278,
        -0.0347 -0.0837 -0.6278,
        -0.0234 -0.0875 -0.6278,
        -0.0118 -0.0898 -0.6278,
        -0.0000 -0.0906 -0.6278,
        0.0118 -0.0898 -0.6278,
        0.0234 -0.0875 -0.6278,
        0.0347 -0.0837 -0.6278,
        0.0453 -0.0784 -0.6278,
        0.0551 -0.0718 -0.6278,
        0.0640 -0.0640 -0.6278,
        0.0718 -0.0551 -0.6278,
        0.0784 -0.0453 -0.6278,
        0.0837 -0.0347 -0.6278,
        0.0875 -0.0234 -0.6278,
        0.0898 -0.0118 -0.6278,
        0.0938 0.0000 -0.6253,
        0.0930 0.0122 -0.6253,
        0.0906 0.0243 -0.6253,
        0.0867 0.0359 -0.6253,
        0.0812 0.0469 -0.6253,
        0.0744 0.0571 -0.6253,
        0.0663 0.0663 -0.6253,
        0.0571 0.0744 -0.6253,
        0.0469 0.0812 -0.6253,
        0.0359 0.0867 -0.6253,
        0.0243 0.0906 -0.6253,
        0.0122 0.0930 -0.6253,
        0.0000 0.0938 -0.6253,
        -0.0122 0.0930 -0.6253,
        -0.0243 0.0906 -0.6253,
        -0.0359 0.0867 -0.6253,
        -0.0469 0.0812 -0.6253,
        -0.0571 0.0744 -0.6253,
        -0.0663 0.0663 -0.6253,
        -0.0744 0.0571 -0.6253,
        -0.0812 0.0469 -0.6253,
        -0.0867 0.0359 -0.6253,
        -0.0906 0.0243 -0.6253,
        -0.0930 0.0122 -0.6253,
        -0.0938 0.0000 -0.6253,
        -0.0930 -0.0122 -0.6253,
        -0.0906 -0.0243 -0.6253,
        -0.0867 -0.0359 -0.6253,
        -0.0812 -0.0469 -0.6253,
        -0.0744 -0.0571 -0.6253,
        -0.0663 -0.0663 -0.6253,
        -0.0571 -0.0744 -0.6253,
        -0.0469 -0.0812 -0.6253,
        -0.0359 -0.0867 -0.6253,
        -0.0243 -0.0906 -0.6253,
        -0.0122 -0.0930 -0.6253,
        -0.0000 -0.0938 -0.6253,
        0.0122 -0.0930 -0.6253,
        0.0243 -0.0906 -0.6253,
        0.0359 -0.0867 -0.6253,
        0.0469 -0.0812 -0.6253,
        0.0571 -0.0744 -0.6253,
        0.0663 -0.0663 -0.6253,
        0.0744 -0.0571 -0.6253,
        0.0812 -0.0469 -0.6253,
        0.0867 -0.0359 -0.6253,
        0.0906 -0.0243 -0.6253,
        0.0930 -0.0122 -0.6253,
        0.0963 0.0000 -0.6220,
        0.0955 0.0126 -0.6220,
        0.0930 0.0249 -0.6220,
        0.0890 0.0369 -0.6220,
        0.0834 0.0482 -0.6220,
        0.0764 0.0586 -0.6220,
        0.0681 0.0681 -0.6220,
        0.0586 0.0764 -0.6220,
        0.0482 0.0834 -0.6220,
        0.0369 0.0890 -0.6220,
        0.0249 0.0930 -0.6220,
        0.0126 0.0955 -0.6220,
        0.0000 0.0963 -0.6220,
        -0.0126 0.0955 -0.6220,
        -0.0249 0.0930 -0.6220,
        -0.0369 0.0890 -0.6220,
        -0.0482 0.0834 -0.6220,
        -0.0586 0.0764 -0.6220,
        -0.0681 0.0681 -0.6220,
        -0.0764 0.0586 -0.6220,
        -0.0834 0.0482 -0.6220,
        -0.0890 0.0369 -0.6220,
        -0.0930 0.0249 -0.6220,
        -0.0955 0.0126 -0.6220,
        -0.0963 0.0000 -0.6220,
        -0.0955 -0.0126 -0.6220,
        -0.0930 -0.0249 -0.6220,
        -0.0890 -0.0369 -0.6220,
        -0.0834 -0.0482 -0.6220,
        -0.0764 -0.0586 -0.6220,
        -0.0681 -0.0681 -0.6220,
        -0.0586 -0.0764 -0.6220,
        -0.0482 -0.0834 -0.6220,
        -0.0369 -0.0890 -0.6220,
        -0.0249 -0.0930 -0.6220,
        -0.0126 -0.0955 -0.6220,
        -0.0000 -0.0963 -0.6220,
        0.0126 -0.0955 -0.6220,
        0.0249 -0.0930 -0.6220,
        0.0369 -0.0890 -0.6220,
        0.0482 -0.0834 -0.6220,
        0.0586 -0.0764 -0.6220,
        0.0681 -0.0681 -0.6220,
        0.0764 -0.0586 -0.6220,
        0.0834 -0.0482 -0.6220,
        0.0890 -0.0369 -0.6220,
        0.0930 -0.0249 -0.6220,
        0.0955 -0.0126 -0.6220,
        0.0979 0.0000 -0.6182,
        0.0971 0.0128 -0.6182,
        0.0946 0.0253 -0.6182,
        0.0904 0.0375 -0.6182,
        0.0848 0.0489 -0.6182,
        0.0777 0.0596 -0.6182,
        0.0692 0.0692 -0.6182,
        0.0596 0.0777 -0.6182,
        0.0489 0.0848 -0.6182,
        0.0375 0.0904 -0.6182,
        0.0253 0.0946 -0.6182,
        0.0128 0.0971 -0.6182,
        0.0000 0.0979 -0.6182,
        -0.0128 0.0971 -0.6182,
        -0.0253 0.0946 -0.6182,
        -0.0375 0.0904 -0.6182,
        -0.0489 0.0848 -0.6182,
        -0.0596 0.0777 -0.6182,
        -0.0692 0.0692 -0.6182,
        -0.0777 0.0596 -0.6182,
        -0.0848 0.0489 -0.6182,
        -0.0904 0.0375 -0.6182,
        -0.0946 0.0253 -0.6182,
        -0.0971 0.0128 -0.6182,
        -0.0979 0.0000 -0.6182,
        -0.0971 -0.0128 -0.6182,
        -0.0946 -0.0253 -0.6182,
        -0.0904 -0.0375 -0.6182,
        -0.0848 -0.0489 -0.6182,
        -0.0777 -0.0596 -0.6182,
        -0.0692 -0.0692 -0.6182,
        -0.0596 -0.0777 -0.6182,
        -0.0489 -0.0848 -0.6182,
        -0.0375 -0.0904 -0.6182,
        -0.0253 -0.0946 -0.6182,
        -0.0128 -0.0971 -0.6182,
        -0.0000 -0.0979 -0.6182,
        0.0128 -0.0971 -0.6182,
        0.0253 -0.0946 -0.6182,
        0.0375 -0.0904 -0.6182,
        0.0489 -0.0848 -0.6182,
        0.0596 -0.0777 -0.6182,
        0.0692 -0.0692 -0.6182,
        0.0777 -0.0596 -0.6182,
        0.0848 -0.0489 -0.6182,
        0.0904 -0.0375 -0.6182,
        0.0946 -0.0253 -0.6182,
        0.0971 -0.0128 -0.6182,
        0.0984 0.0000 -0.6142,
        0.0976 0.0128 -0.6142,
        0.0951 0.0255 -0.6142,
        0.0909 0.0377 -0.6142,
        0.0852 0.0492 -0.6142,
        0.0781 0.0599 -0.6142,
        0.0696 0.0696 -0.6142,
        0.0599 0.0781 -0.6142,
        0.0492 0.0852 -0.6142,
        0.0377 0.0909 -0.6142,
        0.0255 0.0951 -0.6142,
        0.0128 0.0976 -0.6142,
        0.0000 0.0984 -0.6142,
        -0.0128 0.0976 -0.6142,
        -0.0255 0.0951 -0.6142,
        -0.0377 0.0909 -0.6142,
        -0.0492 0.0852 -0.6142,
        -0.0599 0.0781 -0.6142,
        -0.0696 0.0696 -0.6142,
        -0.0781 0.0599 -0.6142,
        -0.0852 0.0492 -0.6142,
        -0.0909 0.0377 -0.6142,
        -0.0951 0.0255 -0.6142,
        -0.0976 0.0128 -0.6142,
        -0.0984 0.0000 -0.6142,
        -0.0976 -0.0128 -0.6142,
        -0.0951 -0.0255 -0.6142,
        -0.0909 -0.0377 -0.6142,
        -0.0852 -0.0492 -0.6142,
        -0.0781 -0.0599 -0.6142,
        -0.0696 -0.0696 -0.6142,
        -0.0599 -0.0781 -0.6142,
        -0.0492 -0.0852 -0.6142,
        -0.0377 -0.0909 -0.6142,
        -0.0255 -0.0951 -0.6142,
        -0.0128 -0.0976 -0.6142,
        -0.0000 -0.0984 -0.6142,
        0.0128 -0.0976 -0.6142,
        0.0255 -0.0951 -0.6142,
        0.0377 -0.0909 -0.6142,
        0.0492 -0.0852 -0.6142,
        0.0599 -0.0781 -0.6142,
        0.0696 -0.0696 -0.6142,
        0.0781 -0.0599 -0.6142,
        0.0852 -0.0492 -0.6142,
        0.0909 -0.0377 -0.6142,
        0.0951 -0.0255 -0.6142,
        0.0976 -0.0128 -0.6142,
        0.0984 0.0000 0.6142,
        0.0976 0.0128 0.6142,
        0.0951 0.0255 0.6142,
        0.0909 0.0377 0.6142,
        0.0852 0.0492 0.6142,
        0.0781 0.0599 0.6142,
        0.0696 0.0696 0.6142,
        0.0599 0.0781 0.6142,
        0.0492 0.0852 0.6142,
        0.0377 0.0909 0.6142,
        0.0255 0.0951 0.6142,
        0.0128 0.0976 0.6142,
        0.0000 0.0984 0.6142,
        -0.0128 0.0976 0.6142,
        -0.0255 0.0951 0.6142,
        -0.0377 0.0909 0.6142,
        -0.0492 0.0852 0.6142,
        -0.0599 0.0781 0.6142,
        -0.0696 0.0696 0.6142,
        -0.0781 0.0599 0.6142,
        -0.0852 0.0492 0.6142,
        -0.0909 0.0377 0.6142,
        -0.0951 0.0255 0.6142,
        -0.0976 0.0128 0.6142,
        -0.0984 0.0000 0.6142,
        -0.0976 -0.0128 0.6142,
        -0.0951 -0.0255 0.6142,
        -0.0909 -0.0377 0.6142,
        -0.0852 -0.0492 0.6142,
        -0.0781 -0.0599 0.6142,
        -0.0696 -0.0696 0.6142,
        -0.0599 -0.0781 0.6142,
        -0.0492 -0.0852 0.6142,
        -0.0377 -0.0909 0.6142,
        -0.0255 -0.0951 0.6142,
        -0.0128 -0.0976 0.6142,
        -0.0000 -0.0984 0.6142,
        0.0128 -0.0976 0.6142,
        0.0255 -0.0951 0.6142,
        0.0377 -0.0909 0.6142,
        0.0492 -0.0852 0.6142,
        0.0599 -0.0781 0.6142,
        0.0696 -0.0696 0.6142,
        0.0781 -0.0599 0.6142,
        0.0852 -0.0492 0.6142,
        0.0909 -0.0377 0.6142,
        0.0951 -0.0255 0.6142,
        0.0976 -0.0128 0.6142,
        0.0979 0.0000 0.6182,
        0.0971 0.0128 0.6182,
        0.0946 0.0253 0.6182,
        0.0904 0.0375 0.6182,
        0.0848 0.0489 0.6182,
        0.0777 0.0596 0.6182,
        0.0692 0.0692 0.6182,
        0.0596 0.0777 0.6182,
        0.0489 0.0848 0.6182,
        0.0375 0.0904 0.6182,
        0.0253 0.0946 0.6182,
        0.0128 0.0971 0.6182,
        0.0000 0.0979 0.6182,
        -0.0128 0.0971 0.6182,
        -0.0253 0.0946 0.6182,
        -0.0375 0.0904 0.6182,
        -0.0489 0.0848 0.6182,
        -0.0596 0.0777 0.6182,
        -0.0692 0.0692 0.6182,
        -0.0777 0.0596 0.6182,
        -0.0848 0.0489 0.6182,
        -0.0904 0.0375 0.6182,
        -0.0946 0.0253 0.6182,
        -0.0971 0.0128 0.6182,
        -0.0979 0.0000 0.6182,
        -0.0971 -0.0128 0.6182,
        -0.0946 -0.0253 0.6182,
        -0.0904 -0.0375 0.6182,
        -0.0848 -0.0489 0.6182,
        -0.0777 -0.0596 0.6182,
        -0.0692 -0.0692 0.6182,
        -0.0596 -0.0777 0.6182,
        -0.0489 -0.0848 0.6182,
        -0.0375 -0.0904 0.6182,
        -0.0253 -0.0946 0.6182,
        -0.0128 -0.0971 0.6182,
        -0.0000 -0.0979 0.6182,
        0.0128 -0.0971 0.6182,
        0.0253 -0.0946 0.6182,
        0.0375 -0.0904 0.6182,
        0.0489 -0.0848 0.6182,
        0.0596 -0.0777 0.6182,
        0.0692 -0.0692 0.6182,
        0.0777 -0.0596 0.6182,
        0.0848 -0.0489 0.6182,
        0.0904 -0.0375 0.6182,
        0.0946 -0.0253 0.6182,
        0.0971 -0.0128 0.6182,
        0.0963 0.0000 0.6220,
        0.0955 0.0126 0.6220,
        0.0930 0.0249 0.6220,
        0.0890 0.0369 0.6220,
        0.0834 0.0482 0.6220,
        0.0764 0.0586 0.6220,
        0.0681 0.0681 0.6220,
        0.0586 0.0764 0.6220,
        0.0482 0.0834 0.6220,
        0.0369 0.0890 0.6220,
        0.0249 0.0930 0.6220,
        0.0126 0.0955 0.6220,
        0.0000 0.0963 0.6220,
        -0.0126 0.0955 0.6220,
        -0.0249 0.0930 0.6220,
        -0.0369 0.0890 0.6220,
        -0.0482 0.0834 0.6220,
        -0.0586 0.0764 0.6220,
        -0.0681 0.0681 0.6220,
        -0.0764 0.0586 0.6220,
        -0.0834 0.0482 0.6220,
        -0.0890 0.0369 0.6220,
        -0.0930 0.0249 0.6220,
        -0.0955 0.0126 0.6220,
        -0.0963 0.0000 0.6220,
        -0.0955 -0.0126 0.6220,
        -0.0930 -0.0249 0.6220,
        -0.0890 -0.0369 0.6220,
        -0.0834 -0.0482 0.6220,
        -0.0764 -0.0586 0.6220,
        -0.0681 -0.0681 0.6220,
        -0.0586 -0.0764 0.6220,
        -0.0482 -0.0834 0.6220,
        -0.0369 -0.0890 0.6220,
        -0.0249 -0.0930 0.6220,
        -0.0126 -0.0955 0.6220,
        -0.0000 -0.0963 0.6220,
        0.0126 -0.0955 0.6220,
        0.0249 -0.0930 0.6220,
        0.0369 -0.0890 0.6220,
        0.0482 -0.0834 0.6220,
        0.0586 -0.0764 0.6220,
        0.0681 -0.0681 0.6220,
        0.0764 -0.0586 0.6220,
        0.0834 -0.0482 0.6220,
        0.0890 -0.0369 0.6220,
        0.0930 -0.0249 0.6220,
        0.0955 -0.0126 0.6220,
        0.0938 0.0000 0.6253,
        0.0930 0.0122 0.6253,
        0.0906 0.0243 0.6253,
        0.0867 0.0359 0.6253,
        0.0812 0.0469 0.6253,
        0.0744 0.0571 0.6253,
        0.0663 0.0663 0.6253,
        0.0571 0.0744 0.6253,
        0.0469 0.0812 0.6253,
        0.0359 0.0867 0.6253,
        0.0243 0.0906 0.6253,
        0.0122 0.0930 0.6253,
        0.0000 0.0938 0.6253,
        -0.0122 0.0930 0.6253,
        -0.0243 0.0906 0.6253,
        -0.0359 0.0867 0.6253,
        -0.0469 0.0812 0.6253,
        -0.0571 0.0744 0.6253,
        -0.0663 0.0663 0.6253,
        -0.0744 0.0571 0.6253,
        -0.0812 0.0469 0.6253,
        -0.0867 0.0359 0.6253,
        -0.0906 0.0243 0.6253,
        -0.0930 0.0122 0.6253,
        -0.0938 0.0000 0.6253,
        -0.0930 -0.0122 0.6253,
        -0.0906 -0.0243 0.6253,
        -0.0867 -0.0359 0.6253,
        -0.0812 -0.0469 0.6253,
        -0.0744 -0.0571 0.6253,
        -0.0663 -0.0663 0.6253,
        -0.0571 -0.0744 0.6253,
        -0.0469 -0.0812 0.6253,
        -0.0359 -0.0867 0.6253,
        -0.0243 -0.0906 0.6253,
        -0.0122 -0.0930 0.6253,
        -0.0000 -0.0938 0.6253,
        0.0122 -0.0930 0.6253,
        0.0243 -0.0906 0.6253,
        0.0359 -0.0867 0.6253,
        0.0469 -0.0812 0.6253,
        0.0571 -0.0744 0.6253,
        0.0663 -0.0663 0.6253,
        0.0744 -0.0571 0.6253,
        0.0812 -0.0469 0.6253,
        0.0867 -0.0359 0.6253,
        0.0906 -0.0243 0.6253,
        0.0930 -0.0122 0.6253,
        0.0906 0.0000 0.6278,
        0.0898 0.0118 0.6278,
        0.0875 0.0234 0.6278,
        0.0837 0.0347 0.6278,
        0.0784 0.0453 0.6278,
        0.0718 0.0551 0.6278,
        0.0640 0.0640 0.6278,
        0.0551 0.0718 0.6278,
        0.0453 0.0784 0.6278,
        0.0347 0.0837 0.6278,
        0.0234 0.0875 0.6278,
        0.0118 0.0898 0.6278,
        0.0000 0.0906 0.6278,
        -0.0118 0.0898 0.6278,
        -0.0234 0.0875 0.6278,
        -0.0347 0.0837 0.6278,
        -0.0453 0.0784 0.6278,
        -0.0551 0.0718 0.6278,
        -0.0640 0.0640 0.6278,
        -0.0718 0.0551 0.6278,
        -0.0784 0.0453 0.6278,
        -0.0837 0.0347 0.6278,
        -0.0875 0.0234 0.6278,
        -0.0898 0.0118 0.6278,
        -0.0906 0.0000 0.6278,
        -0.0898 -0.0118 0.6278,
        -0.0875 -0.0234 0.6278,
        -0.0837 -0.0347 0.6278,
        -0.0784 -0.0453 0.6278,
        -0.0718 -0.0551 0.6278,
        -0.0640 -0.0640 0.6278,
        -0.0551 -0.0718 0.6278,
        -0.0453 -0.0784 0.6278,
        -0.0347 -0.0837 0.6278,
        -0.0234 -0.0875 0.6278,
        -0.0118 -0.0898 0.6278,
        -0.0000 -0.0906 0.6278,
        0.0118 -0.0898 0.6278,
        0.0234 -0.0875 0.6278,
        0.0347 -0.0837 0.6278,
        0.0453 -0.0784 0.6278,
        0.0551 -0.0718 0.6278,
        0.0640 -0.0640 0.6278,
        0.0718 -0.0551 0.6278,
        0.0784 -0.0453 0.6278,
        0.0837 -0.0347 0.6278,
        0.0875 -0.0234 0.6278,
        0.0898 -0.0118 0.6278,
        0.0868 0.0000 0.6294,
        0.0860 0.0113 0.6294,
        0.0838 0.0225 0.6294,
        0.0801 0.0332 0.6294,
        0.0751 0.0434 0.6294,
        0.0688 0.0528 0.6294,
        0.0613 0.0613 0.6294,
        0.0528 0.0688 0.6294,
        0.0434 0.0751 0.6294,
        0.0332 0.0801 0.6294,
        0.0225 0.0838 0.6294,
        0.0113 0.0860 0.6294,
        0.0000 0.0868 0.6294,
        -0.0113 0.0860 0.6294,
        -0.0225 0.0838 0.6294,
        -0.0332 0.0801 0.6294,
        -0.0434 0.0751 0.6294,
        -0.0528 0.0688 0.6294,
        -0.0613 0.0613 0.6294,
        -0.0688 0.0528 0.6294,
        -0.0751 0.0434 0.6294,
        -0.0801 0.0332 0.6294,
        -0.0838 0.0225 0.6294,
        -0.0860 0.0113 0.6294,
        -0.0868 0.0000 0.6294,
        -0.0860 -0.0113 0.6294,
        -0.0838 -0.0225 0.6294,
        -0.0801 -0.0332 0.6294,
        -0.0751 -0.0434 0.6294,
        -0.0688 -0.0528 0.6294,
        -0.0613 -0.0613 0.6294,
        -0.0528 -0.0688 0.6294,
        -0.0434 -0.0751 0.6294,
        -0.0332 -0.0801 0.6294,
        -0.0225 -0.0838 0.6294,
        -0.0113 -0.0860 0.6294,
        -0.0000 -0.0868 0.6294,
        0.0113 -0.0860 0.6294,
        0.0225 -0.0838 0.6294,
        0.0332 -0.0801 0.6294,
        0.0434 -0.0751 0.6294,
        0.0528 -0.0688 0.6294,
        0.0613 -0.0613 0.6294,
        0.0688 -0.0528 0.6294,
        0.0751 -0.0434 0.6294,
        0.0801 -0.0332 0.6294,
        0.0838 -0.0225 0.6294,
        0.0860 -0.0113 0.6294,
        0.0827 0.0000 0.6299,
        0.0820 0.0108 0.6299,
        0.0799 0.0214 0.6299,
        0.0764 0.0316 0.6299,
        0.0716 0.0413 0.6299,
        0.0656 0.0503 0.6299,
        0.0585 0.0585 0.6299,
        0.0503 0.0656 0.6299,
        0.0413 0.0716 0.6299,
        0.0316 0.0764 0.6299,
        0.0214 0.0799 0.6299,
        0.0108 0.0820 0.6299,
        0.0000 0.0827 0.6299,
        -0.0108 0.0820 0.6299,
        -0.0214 0.0799 0.6299,
        -0.0316 0.0764 0.6299,
        -0.0413 0.0716 0.6299,
        -0.0503 0.0656 0.6299,
        -0.0585 0.0585 0.6299,
        -0.0656 0.0503 0.6299,
        -0.0716 0.0413 0.6299,
        -0.0764 0.0316 0.6299,
        -0.0799 0.0214 0.6299,
        -0.0820 0.0108 0.6299,
        -0.0827 0.0000 0.6299,
        -0.0820 -0.0108 0.6299,
        -0.0799 -0.0214 0.6299,
        -0.0764 -0.0316 0.6299,
        -0.0716 -0.0413 0.6299,
        -0.0656 -0.0503 0.6299,
        -0.0585 -0.0585 0.6299,
        -0.0503 -0.0656 0.6299,
        -0.0413 -0.0716 0.6299,
        -0.0316 -0.0764 0.6299,
        -0.0214 -0.0799 0.6299,
        -0.0108 -0.0820 0.6299,
        -0.0000 -0.0827 0.6299,
        0.0108 -0.0820 0.6299,
        0.0214 -0.0799 0.6299,
        0.0316 -0.0764 0.6299,
        0.0413 -0.0716 0.6299,
        0.0503 -0.0656 0.6299,
        0.0585 -0.0585 0.6299,
        0.0656 -0.0503 0.6299,
        0.0716 -0.0413 0.6299,
        0.0764 -0.0316 0.6299,
        0.0799 -0.0214 0.6299,
        0.0820 -0.0108 0.6299,
        0.0000 0.0000 -0.6299,
        0.0000 0.0000 0.6299
    ] }
    coordIndex [
        0, 1, 49, 48, -1,
        1, 2, 50, 49, -1,
        2, 3, 51, 50, -1,
        3, 4, 52, 51, -1,
        4, 5, 53, 52, -1,
        5, 6, 54, 53, -1,
        6, 7, 55, 54, -1,
        7, 8, 56, 55, -1,
        8, 9, 57, 56, -1,
        9, 10, 58, 57, -1,
        10, 11, 59, 58, -1,
        11, 12, 60, 59, -1,
        12, 13, 61, 60, -1,
        13, 14, 62, 61, -1,
        14, 15, 63, 62, -1,
        15, 16, 64, 63, -1,
        16, 17, 65, 64, -1,
        17, 18, 66, 65, -1,
        18, 19, 67, 66, -1,
        19, 20, 68, 67, -1,
        20, 21, 69, 68, -1,
        21, 22, 70, 69, -1,
        22, 23, 71, 70, -1,
        23, 24, 72, 71, -1,
        24, 25, 73, 72, -1,
        25, 26, 74, 73, -1,
        26, 27, 75, 74, -1,
        27, 28, 76, 75, -1,
        28, 29, 77, 76, -1,
        29, 30, 78, 77, -1,
        30, 31, 79, 78, -1,
        31, 32, 80, 79, -1,
        32, 33, 81, 80, -1,
        33, 34, 82, 81, -1,
        34, 35, 83, 82, -1,
        35, 36, 84, 83, -1,
        36, 37, 85, 84, -1,
        37, 38, 86, 85, -1,
        38, 39, 87, 86, -1,
        39, 40, 88, 87, -1,
        40, 41, 89, 88, -1,
        41, 42, 90, 89, -1,
        42, 43, 91, 90, -1,
        43, 44, 92, 91, -1,
        44, 45, 93, 92, -1,
        45, 46, 94, 93, -1,
        46, 47, 95, 94, -1,
        47, 0, 48, 95, -1,
        48, 49, 97, 96, -1,
        49, 50, 98, 97, -1,
        50, 51, 99, 98, -1,
        51, 52, 100, 99, -1,
        52, 53, 101, 100, -1,
        53, 54, 102, 101, -1,
        54, 55, 103, 102, -1,
        55, 56, 104, 103, -1,
        56, 57, 105, 104, -1,
        57, 58, 106, 105, -1,
        58, 59, 107, 106, -1,
        59, 60, 108, 107, -1,
        60, 61, 109, 108, -1,
        61, 62, 110, 109, -1,
        62, 63, 111, 110, -1,
        63, 64, 112, 111, -1,
        64, 65, 113, 112, -1,
        65, 66, 114, 113, -1,
        66, 67, 115, 114, -1,
        67, 68, 116, 115, -1,
        68, 69, 117, 116, -1,
        69, 70, 118, 117, -1,
        70, 71, 119, 118, -1,
        71, 72, 120, 119, -1,
        72, 73, 121, 120, -1,
        73, 74, 122, 121, -1,
        74, 75, 123, 122, -1,
        75, 76, 124, 123, -1,
        76, 77, 125, 124, -1,
        77, 78, 126, 125, -1,
        78, 79, 127, 126, -1,
        79, 80, 128, 127, -1,
        80, 81, 129, 128, -1,
        81, 82, 130, 129, -1,
        82, 83, 131, 130, -1,
        83, 84, 132, 131, -1,
        84, 85, 133, 132, -1,
        85, 86, 134, 133, -1,
        86, 87, 135, 134, -1,
        87, 88, 136, 135, -1,
        88, 89, 137, 136, -1,
        89, 90, 138, 137, -1,
        90, 91, 139, 138, -1,
        91, 92, 140, 139, -1,
        92, 93, 141, 140, -1,
        93, 94, 142, 141, -1,
        94, 95, 143, 142, -1,
        95, 48, 96, 143, -1,
        96, 97, 145, 144, -1,
        97, 98, 146, 145, -1,
        98, 99, 147, 146, -1,
        99, 100, 148, 147, -1,
        100, 101, 149, 148, -1,
        101, 102, 150, 149, -1,
        102, 103, 151, 150, -1,
        103, 104, 152, 151, -1,
        104, 105, 153, 152, -1,
        105, 106, 154, 153, -1,
        106, 107, 155, 154, -1,
        107, 108, 156, 155, -1,
        108, 109, 157, 156, -1,
        109, 110, 158, 157, -1,
        110, 111, 159, 158, -1,
        111, 112, 160, 159, -1,
        112, 113, 161, 160, -1,
        113, 114, 162, 161, -1,
        114, 115, 163, 162, -1,
        115, 116, 164, 163, -1,
        116, 117, 165, 164, -1,
        117, 118, 166, 165, -1,
        118, 119, 167, 166, -1,
        119, 120, 168, 167, -1,
        120, 121, 169, 168, -1,
        121, 122, 170, 169, -1,
        122, 123, 171, 170, -1,
        123, 124, 172, 171, -1,
        124, 125, 173, 172, -1,
        125, 126, 174, 173, -1,
        126, 127, 175, 174, -1,
        127, 128, 176, 175, -1,
        128, 129, 177, 176, -1,
        129, 130, 178, 177, -1,
        130, 131, 179, 178, -1,
        131, 132, 180, 179, -1,
        132, 133, 181, 180, -1,
        133, 134, 182, 181, -1,
        134, 135, 183, 182, -1,
        135, 136, 184, 183, -1,
        136, 137, 185, 184, -1,
        137, 138, 186, 185, -1,
        138, 139, 187, 186, -1,
        139, 140, 188, 187, -1,
        140, 141, 189, 188, -1,
        141, 142, 190, 189, -1,
        142, 143, 191, 190, -1,
        143, 96, 144, 191, -1,
        144, 145, 193, 192, -1,
        145, 146, 194, 193, -1,
        146, 147, 195, 194, -1,
        147, 148, 196, 195, -1,
        148, 149, 197, 196, -1,
        149, 150, 198, 197, -1,
        150, 151, 199, 198, -1,
        151, 152, 200, 199, -1,
        152, 153, 201, 200, -1,
        153, 154, 202, 201, -1,
        154, 155, 203, 202, -1,
        155, 156, 204, 203, -1,
        156, 157, 205, 204, -1,
        157, 158, 206, 205, -1,
        158, 159, 207, 206, -1,
        159, 160, 208, 207, -1,
        160, 161, 209, 208, -1,
        161, 162, 210, 209, -1,
        162, 163, 211, 210, -1,
        163, 164, 212, 211, -1,
        164, 165, 213, 212, -1,
        165, 166, 214, 213, -1,
        166, 167, 215, 214, -1,
        167, 168, 216, 215, -1,
        168, 169, 217, 216, -1,
        169, 170, 218, 217, -1,
        170, 171, 219, 218, -1,
        171, 172, 220, 219, -1,
        172, 173, 221, 220, -1,
        173, 174, 222, 221, -1,
        174, 175, 223, 222, -1,
        175, 176, 224, 223, -1,
        176, 177, 225, 224, -1,
        177, 178, 226, 225, -1,
        178, 179, 227, 226, -1,
        179, 180, 228, 227, -1,
        180, 181, 229, 228, -1,
        181, 182, 230, 229, -1,
        182, 183, 231, 230, -1,
        183, 184, 232, 231, -1,
        184, 185, 233, 232, -1,
        185, 186, 234, 233, -1,
        186, 187, 235, 234, -1,
        187, 188, 236, 235, -1,
        188, 189, 237, 236, -1,
        189, 190, 238, 237, -1,
        190, 191, 239, 238, -1,
        191, 144, 192, 239, -1,
        192, 193, 241, 240, -1,
        193, 194, 242, 241, -1,
        194, 195, 243, 242, -1,
        195, 196, 244, 243, -1,
        196, 197, 245, 244, -1,
        197, 198, 246, 245, -1,
        198, 199, 247, 246, -1,
        199, 200, 248, 247, -1,
        200, 201, 249, 248, -1,
        201, 202, 250, 249, -1,
        202, 203, 251, 250, -1,
        203, 204, 252, 251, -1,
        204, 205, 253, 252, -1,
        205, 206, 254, 253, -1,
        206, 207, 255, 254, -1,
        207, 208, 256, 255, -1,
        208, 209, 257, 256, -1,
        209, 210, 258, 257, -1,
        210, 211, 259, 258, -1,
        211, 212, 260, 259, -1,
        212, 213, 261, 260, -1,
        213, 214, 262, 261, -1,
        214, 215, 263, 262, -1,
        215, 216, 264, 263, -1,
        216, 217, 265, 264, -1,
        217, 218, 266, 265, -1,
        218, 219, 267, 266, -1,
        219, 220, 268, 267, -1,
        220, 221, 269, 268, -1,
        221, 222, 270, 269, -1,
        222, 223, 271, 270, -1,
        223, 224, 272, 271, -1,
        224, 225, 273, 272, -1,
        225, 226, 274, 273, -1,
        226, 227, 275, 274, -1,
        227, 228, 276, 275, -1,
        228, 229, 277, 276, -1,
        229, 230, 278, 277, -1,
        230, 231, 279, 278, -1,
        231, 232, 280, 279, -1,
        232, 233, 281, 280, -1,
        233, 234, 282, 281, -1,
        234, 235, 283, 282, -1,
        235, 236, 284, 283, -1,
        236, 237, 285, 284, -1,
        237, 238, 286, 285, -1,
        238, 239, 287, 286, -1,
        239, 192, 240, 287, -1,
        240, 241, 289, 288, -1,
        241, 242, 290, 289, -1,
        242, 243, 291, 290, -1,
        243, 244, 292, 291, -1,
        244, 245, 293, 292, -1,
        245, 246, 294, 293, -1,
        246, 247, 295, 294, -1,
        247, 248, 296, 295, -1,
        248, 249, 297, 296, -1,
        249, 250, 298, 297, -1,
        250, 251, 299, 298, -1,
        251, 252, 300, 299, -1,
        252, 253, 301, 300, -1,
        253, 254, 302, 301, -1,
        254, 255, 303, 302, -1,
        255, 256, 304, 303, -1,
        256, 257, 305, 304, -1,
        257, 258, 306, 305, -1,
        258, 259, 307, 306, -1,
        259, 260, 308, 307, -1,
        260, 261, 309, 308, -1,
        261, 262, 310, 309, -1,
        262, 263, 311, 310, -1,
        263, 264, 312, 311, -1,
        264, 265, 313, 312, -1,
        265, 266, 314, 313, -1,
        266, 267, 315, 314, -1,
        267, 268, 316, 315, -1,
        268, 269, 317, 316, -1,
        269, 270, 318, 317, -1,
        270, 271, 319, 318, -1,
        271, 272, 320, 319, -1,
        272, 273, 321, 320, -1,
        273, 274, 322, 321, -1,
        274, 275, 323, 322, -1,
        275, 276, 324, 323, -1,
        276, 277, 325, 324, -1,
        277, 278, 326, 325, -1,
        278, 279, 327, 326, -1,
        279, 280, 328, 327, -1,
        280, 281, 329, 328, -1,
        281, 282, 330, 329, -1,
        282, 283, 331, 330, -1,
        283, 284, 332, 331, -1,
        284, 285, 333, 332, -1,
        285, 286, 334, 333, -1,
        286, 287, 335, 334, -1,
        287, 240, 288, 335, -1,
        288, 289, 337, 336, -1,
        289, 290, 338, 337, -1,
        290, 291, 339, 338, -1,
        291, 292, 340, 339, -1,
        292, 293, 341, 340, -1,
        293, 294, 342, 341, -1,
        294, 295, 343, 342, -1,
        295, 296, 344, 343, -1,
        296, 297, 345, 344, -1,
        297, 298, 346, 345, -1,
        298, 299, 347, 346, -1,
        299, 300, 348, 347, -1,
        300, 301, 349, 348, -1,
        301, 302, 350, 349, -1,
        302, 303, 351, 350, -1,
        303, 304, 352, 351, -1,
        304, 305, 353, 352, -1,
        305, 306, 354, 353, -1,
        306, 307, 355, 354, -1,
        307, 308, 356, 355, -1,
        308, 309, 357, 356, -1,
        309, 310, 358, 357, -1,
        310, 311, 359, 358, -1,
        311, 312, 360, 359, -1,
        312, 313, 361, 360, -1,
        313, 314, 362, 361, -1,
        314, 315, 363, 362, -1,
        315, 316, 364, 363, -1,
        316, 317, 365, 364, -1,
        317, 318, 366, 365, -1,
        318, 319, 367, 366, -1,
        319, 320, 368, 367, -1,
        320, 321, 369, 368, -1,
        321, 322, 370, 369, -1,
        322, 323, 371, 370, -1,
        323, 324, 372, 371, -1,
        324, 325, 373, 372, -1,
        325, 326, 374, 373, -1,
        326, 327, 375, 374, -1,
        327, 328, 376, 375, -1,
        328, 329, 377, 376, -1,
        329, 330, 378, 377, -1,
        330, 331, 379, 378, -1,
        331, 332, 380, 379, -1,
        332, 333, 381, 380, -1,
        333, 334, 382, 381, -1,
        334, 335, 383, 382, -1,
        335, 288, 336, 383, -1,
        336, 337, 385, 384, -1,
        337, 338, 386, 385, -1,
        338, 339, 387, 386, -1,
        339, 340, 388, 387, -1,
        340, 341, 389, 388, -1,
        341, 342, 390, 389, -1,
        342, 343, 391, 390, -1,
        343, 344, 392, 391, -1,
        344, 345, 393, 392, -1,
        345, 346, 394, 393, -1,
        346, 347, 395, 394, -1,
        347, 348, 396, 395, -1,
        348, 349, 397, 396, -1,
        349, 350, 398, 397, -1,
        350, 351, 399, 398, -1,
        351, 352, 400, 399, -1,
        352, 353, 401, 400, -1,
        353, 354, 402, 401, -1,
        354, 355, 403, 402, -1,
        355, 356, 404, 403, -1,
        356, 357, 405, 404, -1,
        357, 358, 406, 405, -1,
        358, 359, 407, 406, -1,
        359, 360, 408, 407, -1,
        360, 361, 409, 408, -1,
        361, 362, 410, 409, -1,
        362, 363, 411, 410, -1,
        363, 364, 412, 411, -1,
        364, 365, 413, 412, -1,
        365, 366, 414, 413, -1,
        366, 367, 415, 414, -1,
        367, 368, 416, 415, -1,
        368, 369, 417, 416, -1,
        369, 370, 418, 417, -1,
        370, 371, 419, 418, -1,
        371, 372, 420, 419, -1,
        372, 373, 421, 420, -1,
        373, 374, 422, 421, -1,
        374, 375, 423, 422, -1,
        375, 376, 424, 423, -1,
        376, 377, 425, 424, -1,
        377, 378, 426, 425, -1,
        378, 379, 427, 426, -1,
        379, 380, 428, 427, -1,
        380, 381, 429, 428, -1,
        381, 382, 430, 429, -1,
        382, 383, 431, 430, -1,
        383, 336, 384, 431, -1,
        384, 385, 433, 432, -1,
        385, 386, 434, 433, -1,
        386, 387, 435, 434, -1,
        387, 388, 436, 435, -1,
        388, 389, 437, 436, -1,
        389, 390, 438, 437, -1,
        390, 391, 439, 438, -1,
        391, 392, 440, 439, -1,
        392, 393, 441, 440, -1,
        393, 394, 442, 441, -1,
        394, 395, 443, 442, -1,
        395, 396, 444, 443, -1,
        396, 397, 445, 444, -1,
        397, 398, 446, 445, -1,
        398, 399, 447, 446, -1,
        399, 400, 448, 447, -1,
        400, 401, 449, 448, -1,
        401, 402, 450, 449, -1,
        402, 403, 451, 450, -1,
        403, 404, 452, 451, -1,
        404, 405, 453, 452, -1,
        405, 406, 454, 453, -1,
        406, 407, 455, 454, -1,
        407, 408, 456, 455, -1,
        408, 409, 457, 456, -1,
        409, 410, 458, 457, -1,
        410, 411, 459, 458, -1,
        411, 412, 460, 459, -1,
        412, 413, 461, 460, -1,
        413, 414, 462, 461, -1,
        414, 415, 463, 462, -1,
        415, 416, 464, 463, -1,
        416, 417, 465, 464, -1,
        417, 418, 466, 465, -1,
        418, 419, 467, 466, -1,
        419, 420, 468, 467, -1,
        420, 421, 469, 468, -1,
        421, 422, 470, 469, -1,
        422, 423, 471, 470, -1,
        423, 424, 472, 471, -1,
        424, 425, 473, 472, -1,
        425, 426, 474, 473, -1,
        426, 427, 475, 474, -1,
        427, 428, 476, 475, -1,
        428, 429, 477, 476, -1,
        429, 430, 478, 477, -1,
        430, 431, 479, 478, -1,
        431, 384, 432, 479, -1,
        432, 433, 481, 480, -1,
        433, 434, 482, 481, -1,
        434, 435, 483, 482, -1,
        435, 436, 484, 483, -1,
        436, 437, 485, 484, -1,
        437, 438, 486, 485, -1,
        438, 439, 487, 486, -1,
        439, 440, 488, 487, -1,
        440, 441, 489, 488, -1,
        441, 442, 490, 489, -1,
        442, 443, 491, 490, -1,
        443, 444, 492, 491, -1,
        444, 445, 493, 492, -1,
        445, 446, 494, 493, -1,
        446, 447, 495, 494, -1,
        447, 448, 496, 495, -1,
        448, 449, 497, 496, -1,
        449, 450, 498, 497, -1,
        450, 451, 499, 498, -1,
        451, 452, 500, 499, -1,
        452, 453, 501, 500, -1,
        453, 454, 502, 501, -1,
        454, 455, 503, 502, -1,
        455, 456, 504, 503, -1,
        456, 457, 505, 504, -1,
        457, 458, 506, 505, -1,
        458, 459, 507, 506, -1,
        459, 460, 508, 507, -1,
        460, 461, 509, 508, -1,
        461, 462, 510, 509, -1,
        462, 463, 511, 510, -1,
        463, 464, 512, 511, -1,
        464, 465, 513, 512, -1,
        465, 466, 514, 513, -1,
        466, 467, 515, 514, -1,
        467, 468, 516, 515, -1,
        468, 469, 517, 516, -1,
        469, 470, 518, 517, -1,
        470, 471, 519, 518, -1,
        471, 472, 520, 519, -1,
        472, 473, 521, 520, -1,
        473, 474, 522, 521, -1,
        474, 475, 523, 522, -1,
        475, 476, 524, 523, -1,
        476, 477, 525, 524, -1,
        477, 478, 526, 525, -1,
        478, 479, 527, 526, -1,
        479, 432, 480, 527, -1,
        480, 481, 529, 528, -1,
        481, 482, 530, 529, -1,
        482, 483, 531, 530, -1,
        483, 484, 532, 531, -1,
        484, 485, 533, 532, -1,
        485, 486, 534, 533, -1,
        486, 487, 535, 534, -1,
        487, 488, 536, 535, -1,
        488, 489, 537, 536, -1,
        489, 490, 538, 537, -1,
        490, 491, 539, 538, -1,
        491, 492, 540, 539, -1,
        492, 493, 541, 540, -1,
        493, 494, 542, 541, -1,
        494, 495, 543, 542, -1,
        495, 496, 544, 543, -1,
        496, 497, 545, 544, -1,
        497, 498, 546, 545, -1,
        498, 499, 547, 546, -1,
        499, 500, 548, 547, -1,
        500, 501, 549, 548, -1,
        501, 502, 550, 549, -1,
        502, 503, 551, 550, -1,
        503, 504, 552, 551, -1,
        504, 505, 553, 552, -1,
        505, 506, 554, 553, -1,
        506, 507, 555, 554, -1,
        507, 508, 556, 555, -1,
        508, 509, 557, 556, -1,
        509, 510, 558, 557, -1,
        510, 511, 559, 558, -1,
        511, 512, 560, 559, -1,
        512, 513, 561, 560, -1,
        513, 514, 562, 561, -1,
        514, 515, 563, 562, -1,
        515, 516, 564, 563, -1,
        516, 517, 565, 564, -1,
        517, 518, 566, 565, -1,
        518, 519, 567, 566, -1,
        519, 520, 568, 567, -1,
        520, 521, 569, 568, -1,
        521, 522, 570, 569, -1,
        522, 523, 571, 570, -1,
        523, 524, 572, 571, -1,
        524, 525, 573, 572, -1,
        525, 526, 574, 573, -1,
        526, 527, 575, 574, -1,
        527, 480, 528, 575, -1,
        528, 529, 577, 576, -1,
        529, 530, 578, 577, -1,
        530, 531, 579, 578, -1,
        531, 532, 580, 579, -1,
        532, 533, 581, 580, -1,
        533, 534, 582, 581, -1,
        534, 535, 583, 582, -1,
        535, 536, 584, 583, -1,
        536, 537, 585, 584, -1,
        537, 538, 586, 585, -1,
        538, 539, 587, 586, -1,
        539, 540, 588, 587, -1,
        540, 541, 589, 588, -1,
        541, 542, 590, 589, -1,
        542, 543, 591, 590, -1,
        543, 544, 592, 591, -1,
        544, 545, 593, 592, -1,
        545, 546, 594, 593, -1,
        546, 547, 595, 594, -1,
        547, 548, 596, 595, -1,
        548, 549, 597, 596, -1,
        549, 550, 598, 597, -1,
        550, 551, 599, 598, -1,
        551, 552, 600, 599, -1,
        552, 553, 601, 600, -1,
        553, 554, 602, 601, -1,
        554, 555, 603, 602, -1,
        555, 556, 604, 603, -1,
        556, 557, 605, 604, -1,
        557, 558, 606, 605, -1,
        558, 559, 607, 606, -1,
        559, 560, 608, 607, -1,
        560, 561, 609, 608, -1,
        561, 562, 610, 609, -1,
        562, 563, 611, 610, -1,
        563, 564, 612, 611, -1,
        564, 565, 613, 612, -1,
        565, 566, 614, 613, -1,
        566, 567, 615, 614, -1,
        567, 568, 616, 615, -1,
        568, 569, 617, 616, -1,
        569, 570, 618, 617, -1,
        570, 571, 619, 618, -1,
        571, 572, 620, 619, -1,
        572, 573, 621, 620, -1,
        573, 574, 622, 621, -1,
        574, 575, 623, 622, -1,
        575, 528, 576, 623, -1,
        576, 577, 625, 624, -1,
        577, 578, 626, 625, -1,
        578, 579, 627, 626, -1,
        579, 580, 628, 627, -1,
        580, 581, 629, 628, -1,
        581, 582, 630, 629, -1,
        582, 583, 631, 630, -1,
        583, 584, 632, 631, -1,
        584, 585, 633, 632, -1,
        585, 586, 634, 633, -1,
        586, 587, 635, 634, -1,
        587, 588, 636, 635, -1,
        588, 589, 637, 636, -1,
        589, 590, 638, 637, -1,
        590, 591, 639, 638, -1,
        591, 592, 640, 639, -1,
        592, 593, 641, 640, -1,
        593, 594, 642, 641, -1,
        594, 595, 643, 642, -1,
        595, 596, 644, 643, -1,
        596, 597, 645, 644, -1,
        597, 598, 646, 645, -1,
        598, 599, 647, 646, -1,
        599, 600, 648, 647, -1,
        600, 601, 649, 648, -1,
        601, 602, 650, 649, -1,
        602, 603, 651, 650, -1,
        603, 604, 652, 651, -1,
        604, 605, 653, 652, -1,
        605, 606, 654, 653, -1,
        606, 607, 655, 654, -1,
        607, 608, 656, 655, -1,
        608, 609, 657, 656, -1,
        609, 610, 658, 657, -1,
        610, 611, 659, 658, -1,
        611, 612, 660, 659, -1,
        612, 613, 661, 660, -1,
        613, 614, 662, 661, -1,
        614, 615, 663, 662, -1,
        615, 616, 664, 663, -1,
        616, 617, 665, 664, -1,
        617, 618, 666, 665, -1,
        618, 619, 667, 666, -1,
        619, 620, 668, 667, -1,
        620, 621, 669, 668, -1,
        621, 622, 670, 669, -1,
        622, 623, 671, 670, -1,
        623, 576, 624, 671, -1,
        672, 1, 0, -1,
        673, 624, 625, -1,
        672, 2, 1, -1,
        673, 625, 626, -1,
        672, 3, 2, -1,
        673, 626, 627, -1,
        672, 4, 3, -1,
        673, 627, 628, -1,
        672, 5, 4, -1,
        673, 628, 629, -1,
        672, 6, 5, -1,
        673, 629, 630, -1,
        672, 7, 6, -1,
        673, 630, 631, -1,
        672, 8, 7, -1,
        673, 631, 632, -1,
        672, 9, 8, -1,
        673, 632, 633, -1,
        672, 10, 9, -1,
        673, 633, 634, -1,
        672, 11, 10, -1,
        673, 634, 635, -1,
        672, 12, 11, -1,
        673, 635, 636, -1,
        672, 13, 12, -1,
        673, 636, 637, -1,
        672, 14, 13, -1,
        673, 637, 638, -1,
        672, 15, 14, -1,
        673, 638, 639, -1,
        672, 16, 15, -1,
        673, 639, 640, -1,
        672, 17, 16, -1,
        673, 640, 641, -1,
        672, 18, 17, -1,
        673, 641, 642, -1,
        672, 19, 18, -1,
        673, 642, 643, -1,
        672, 20, 19, -1,
        673, 643, 644, -1,
        672, 21, 20, -1,
        673, 644, 645, -1,
        672, 22, 21, -1,
        673, 645, 646, -1,
        672, 23, 22, -1,
        673, 646, 647, -1,
        672, 24, 23, -1,
        673, 647, 648, -1,
        672, 25, 24, -1,
        673, 648, 649, -1,
        672, 26, 25, -1,
        673, 649, 650, -1,
        672, 27, 26, -1,
        673, 650, 651, -1,
        672, 28, 27, -1,
        673, 651, 652, -1,
        672, 29, 28, -1,
        673, 652, 653, -1,
        672, 30, 29, -1,
        673, 653, 654, -1,
        672, 31, 30, -1,
        673, 654, 655, -1,
        672, 32, 31, -1,
        673, 655, 656, -1,
        672, 33, 32, -1,
        673, 656, 657, -1,
        672, 34, 33, -1,
        673, 657, 658, -1,
        672, 35, 34, -1,
        673, 658, 659, -1,
        672, 36, 35, -1,
        673, 659, 660, -1,
        672, 37, 36, -1,
        673, 660, 661, -1,
        672, 38, 37, -1,
        673, 661, 662, -1,
        672, 39, 38, -1,
        673, 662, 663, -1,
        672, 40, 39, -1,
        673, 663, 664, -1,
        672, 41, 40, -1,
        673, 664, 665, -1,
        672, 42, 41, -1,
        673, 665, 666, -1,
        672, 43, 42, -1,
        673, 666, 667, -1,
        672, 44, 43, -1,
        673, 667, 668, -1,
        672, 45, 44, -1,
        673, 668, 669, -1,
        672, 46, 45, -1,
        673, 669, 670, -1,
        672, 47, 46, -1,
        673, 670, 671, -1,
        672, 0, 47, -1,
        673, 671, 624, -1
    ]
    creaseAngle 0.80
    solid TRUE
  } }
] }
  ]
}
