#VRML V2.0 utf8
# Generated radial electrolytic capacitor: CP_Radial_D25.0mm_L37.0mm_P10.0mm_SnapIn
# Nominal body envelope: D=25.0000 mm, H=37.0000 mm; lead pitch=10.0000 mm
# Geometry inputs are millimetres, encoded as KiCad legacy VRML
# units (0.1 inch / 2.54 mm) for correct footprint-model sizing.
DEF SLEEVE Appearance { material Material { diffuseColor 0.022 0.025 0.029 specularColor 0.100 0.110 0.120 ambientIntensity 0.200 shininess 0.160 } }
DEF POLARITY_STRIPE Appearance { material Material { diffuseColor 0.460 0.510 0.560 specularColor 0.130 0.140 0.150 ambientIntensity 0.200 shininess 0.140 } }
DEF MARKING Appearance { material Material { diffuseColor 0.025 0.028 0.032 specularColor 0.050 0.050 0.050 ambientIntensity 0.200 shininess 0.080 } }
DEF CRIMP_METAL Appearance { material Material { diffuseColor 0.180 0.190 0.210 specularColor 0.300 0.310 0.330 ambientIntensity 0.200 shininess 0.360 } }
DEF ALUMINIUM Appearance { material Material { diffuseColor 0.480 0.490 0.510 specularColor 0.220 0.230 0.250 ambientIntensity 0.200 shininess 0.320 } }
DEF VENT Appearance { material Material { diffuseColor 0.130 0.140 0.160 specularColor 0.070 0.070 0.080 ambientIntensity 0.200 shininess 0.120 } }
DEF BUNG Appearance { material Material { diffuseColor 0.025 0.027 0.030 specularColor 0.030 0.030 0.030 ambientIntensity 0.200 shininess 0.040 } }
DEF LEAD Appearance { material Material { diffuseColor 0.560 0.575 0.590 specularColor 0.480 0.490 0.500 ambientIntensity 0.200 shininess 0.620 } }
Transform {
  scale 1.0 1.0 1.0
  children [
# Bottom rubber bung
Transform { translation 0.0000 0.0000 0.0315 children [
  Shape { appearance USE BUNG geometry IndexedFaceSet {
    coord Coordinate { point [
        3.8287 0.0000 -0.0315,
        3.7960 0.4998 -0.0315,
        3.6983 0.9910 -0.0315,
        3.5373 1.4652 -0.0315,
        3.3158 1.9144 -0.0315,
        3.0375 2.3308 -0.0315,
        2.7073 2.7073 -0.0315,
        2.3308 3.0375 -0.0315,
        1.9144 3.3158 -0.0315,
        1.4652 3.5373 -0.0315,
        0.9910 3.6983 -0.0315,
        0.4998 3.7960 -0.0315,
        0.0000 3.8287 -0.0315,
        -0.4998 3.7960 -0.0315,
        -0.9910 3.6983 -0.0315,
        -1.4652 3.5373 -0.0315,
        -1.9144 3.3158 -0.0315,
        -2.3308 3.0375 -0.0315,
        -2.7073 2.7073 -0.0315,
        -3.0375 2.3308 -0.0315,
        -3.3158 1.9144 -0.0315,
        -3.5373 1.4652 -0.0315,
        -3.6983 0.9910 -0.0315,
        -3.7960 0.4998 -0.0315,
        -3.8287 0.0000 -0.0315,
        -3.7960 -0.4998 -0.0315,
        -3.6983 -0.9910 -0.0315,
        -3.5373 -1.4652 -0.0315,
        -3.3158 -1.9144 -0.0315,
        -3.0375 -2.3308 -0.0315,
        -2.7073 -2.7073 -0.0315,
        -2.3308 -3.0375 -0.0315,
        -1.9144 -3.3158 -0.0315,
        -1.4652 -3.5373 -0.0315,
        -0.9910 -3.6983 -0.0315,
        -0.4998 -3.7960 -0.0315,
        -0.0000 -3.8287 -0.0315,
        0.4998 -3.7960 -0.0315,
        0.9910 -3.6983 -0.0315,
        1.4652 -3.5373 -0.0315,
        1.9144 -3.3158 -0.0315,
        2.3308 -3.0375 -0.0315,
        2.7073 -2.7073 -0.0315,
        3.0375 -2.3308 -0.0315,
        3.3158 -1.9144 -0.0315,
        3.5373 -1.4652 -0.0315,
        3.6983 -0.9910 -0.0315,
        3.7960 -0.4998 -0.0315,
        3.8313 0.0000 -0.0312,
        3.7985 0.5001 -0.0312,
        3.7007 0.9916 -0.0312,
        3.5396 1.4662 -0.0312,
        3.3180 1.9156 -0.0312,
        3.0396 2.3323 -0.0312,
        2.7091 2.7091 -0.0312,
        2.3323 3.0396 -0.0312,
        1.9156 3.3180 -0.0312,
        1.4662 3.5396 -0.0312,
        0.9916 3.7007 -0.0312,
        0.5001 3.7985 -0.0312,
        0.0000 3.8313 -0.0312,
        -0.5001 3.7985 -0.0312,
        -0.9916 3.7007 -0.0312,
        -1.4662 3.5396 -0.0312,
        -1.9156 3.3180 -0.0312,
        -2.3323 3.0396 -0.0312,
        -2.7091 2.7091 -0.0312,
        -3.0396 2.3323 -0.0312,
        -3.3180 1.9156 -0.0312,
        -3.5396 1.4662 -0.0312,
        -3.7007 0.9916 -0.0312,
        -3.7985 0.5001 -0.0312,
        -3.8313 0.0000 -0.0312,
        -3.7985 -0.5001 -0.0312,
        -3.7007 -0.9916 -0.0312,
        -3.5396 -1.4662 -0.0312,
        -3.3180 -1.9156 -0.0312,
        -3.0396 -2.3323 -0.0312,
        -2.7091 -2.7091 -0.0312,
        -2.3323 -3.0396 -0.0312,
        -1.9156 -3.3180 -0.0312,
        -1.4662 -3.5396 -0.0312,
        -0.9916 -3.7007 -0.0312,
        -0.5001 -3.7985 -0.0312,
        -0.0000 -3.8313 -0.0312,
        0.5001 -3.7985 -0.0312,
        0.9916 -3.7007 -0.0312,
        1.4662 -3.5396 -0.0312,
        1.9156 -3.3180 -0.0312,
        2.3323 -3.0396 -0.0312,
        2.7091 -2.7091 -0.0312,
        3.0396 -2.3323 -0.0312,
        3.3180 -1.9156 -0.0312,
        3.5396 -1.4662 -0.0312,
        3.7007 -0.9916 -0.0312,
        3.7985 -0.5001 -0.0312,
        3.8337 0.0000 -0.0302,
        3.8009 0.5004 -0.0302,
        3.7030 0.9922 -0.0302,
        3.5418 1.4671 -0.0302,
        3.3200 1.9168 -0.0302,
        3.0414 2.3338 -0.0302,
        2.7108 2.7108 -0.0302,
        2.3338 3.0414 -0.0302,
        1.9168 3.3200 -0.0302,
        1.4671 3.5418 -0.0302,
        0.9922 3.7030 -0.0302,
        0.5004 3.8009 -0.0302,
        0.0000 3.8337 -0.0302,
        -0.5004 3.8009 -0.0302,
        -0.9922 3.7030 -0.0302,
        -1.4671 3.5418 -0.0302,
        -1.9168 3.3200 -0.0302,
        -2.3338 3.0414 -0.0302,
        -2.7108 2.7108 -0.0302,
        -3.0414 2.3338 -0.0302,
        -3.3200 1.9168 -0.0302,
        -3.5418 1.4671 -0.0302,
        -3.7030 0.9922 -0.0302,
        -3.8009 0.5004 -0.0302,
        -3.8337 0.0000 -0.0302,
        -3.8009 -0.5004 -0.0302,
        -3.7030 -0.9922 -0.0302,
        -3.5418 -1.4671 -0.0302,
        -3.3200 -1.9168 -0.0302,
        -3.0414 -2.3338 -0.0302,
        -2.7108 -2.7108 -0.0302,
        -2.3338 -3.0414 -0.0302,
        -1.9168 -3.3200 -0.0302,
        -1.4671 -3.5418 -0.0302,
        -0.9922 -3.7030 -0.0302,
        -0.5004 -3.8009 -0.0302,
        -0.0000 -3.8337 -0.0302,
        0.5004 -3.8009 -0.0302,
        0.9922 -3.7030 -0.0302,
        1.4671 -3.5418 -0.0302,
        1.9168 -3.3200 -0.0302,
        2.3338 -3.0414 -0.0302,
        2.7108 -2.7108 -0.0302,
        3.0414 -2.3338 -0.0302,
        3.3200 -1.9168 -0.0302,
        3.5418 -1.4671 -0.0302,
        3.7030 -0.9922 -0.0302,
        3.8009 -0.5004 -0.0302,
        3.8357 0.0000 -0.0286,
        3.8029 0.5007 -0.0286,
        3.7050 0.9928 -0.0286,
        3.5437 1.4679 -0.0286,
        3.3218 1.9178 -0.0286,
        3.0431 2.3350 -0.0286,
        2.7122 2.7122 -0.0286,
        2.3350 3.0431 -0.0286,
        1.9178 3.3218 -0.0286,
        1.4679 3.5437 -0.0286,
        0.9928 3.7050 -0.0286,
        0.5007 3.8029 -0.0286,
        0.0000 3.8357 -0.0286,
        -0.5007 3.8029 -0.0286,
        -0.9928 3.7050 -0.0286,
        -1.4679 3.5437 -0.0286,
        -1.9178 3.3218 -0.0286,
        -2.3350 3.0431 -0.0286,
        -2.7122 2.7122 -0.0286,
        -3.0431 2.3350 -0.0286,
        -3.3218 1.9178 -0.0286,
        -3.5437 1.4679 -0.0286,
        -3.7050 0.9928 -0.0286,
        -3.8029 0.5007 -0.0286,
        -3.8357 0.0000 -0.0286,
        -3.8029 -0.5007 -0.0286,
        -3.7050 -0.9928 -0.0286,
        -3.5437 -1.4679 -0.0286,
        -3.3218 -1.9178 -0.0286,
        -3.0431 -2.3350 -0.0286,
        -2.7122 -2.7122 -0.0286,
        -2.3350 -3.0431 -0.0286,
        -1.9178 -3.3218 -0.0286,
        -1.4679 -3.5437 -0.0286,
        -0.9928 -3.7050 -0.0286,
        -0.5007 -3.8029 -0.0286,
        -0.0000 -3.8357 -0.0286,
        0.5007 -3.8029 -0.0286,
        0.9928 -3.7050 -0.0286,
        1.4679 -3.5437 -0.0286,
        1.9178 -3.3218 -0.0286,
        2.3350 -3.0431 -0.0286,
        2.7122 -2.7122 -0.0286,
        3.0431 -2.3350 -0.0286,
        3.3218 -1.9178 -0.0286,
        3.5437 -1.4679 -0.0286,
        3.7050 -0.9928 -0.0286,
        3.8029 -0.5007 -0.0286,
        3.8373 0.0000 -0.0266,
        3.8044 0.5009 -0.0266,
        3.7065 0.9932 -0.0266,
        3.5452 1.4685 -0.0266,
        3.3232 1.9186 -0.0266,
        3.0443 2.3360 -0.0266,
        2.7134 2.7134 -0.0266,
        2.3360 3.0443 -0.0266,
        1.9186 3.3232 -0.0266,
        1.4685 3.5452 -0.0266,
        0.9932 3.7065 -0.0266,
        0.5009 3.8044 -0.0266,
        0.0000 3.8373 -0.0266,
        -0.5009 3.8044 -0.0266,
        -0.9932 3.7065 -0.0266,
        -1.4685 3.5452 -0.0266,
        -1.9186 3.3232 -0.0266,
        -2.3360 3.0443 -0.0266,
        -2.7134 2.7134 -0.0266,
        -3.0443 2.3360 -0.0266,
        -3.3232 1.9186 -0.0266,
        -3.5452 1.4685 -0.0266,
        -3.7065 0.9932 -0.0266,
        -3.8044 0.5009 -0.0266,
        -3.8373 0.0000 -0.0266,
        -3.8044 -0.5009 -0.0266,
        -3.7065 -0.9932 -0.0266,
        -3.5452 -1.4685 -0.0266,
        -3.3232 -1.9186 -0.0266,
        -3.0443 -2.3360 -0.0266,
        -2.7134 -2.7134 -0.0266,
        -2.3360 -3.0443 -0.0266,
        -1.9186 -3.3232 -0.0266,
        -1.4685 -3.5452 -0.0266,
        -0.9932 -3.7065 -0.0266,
        -0.5009 -3.8044 -0.0266,
        -0.0000 -3.8373 -0.0266,
        0.5009 -3.8044 -0.0266,
        0.9932 -3.7065 -0.0266,
        1.4685 -3.5452 -0.0266,
        1.9186 -3.3232 -0.0266,
        2.3360 -3.0443 -0.0266,
        2.7134 -2.7134 -0.0266,
        3.0443 -2.3360 -0.0266,
        3.3232 -1.9186 -0.0266,
        3.5452 -1.4685 -0.0266,
        3.7065 -0.9932 -0.0266,
        3.8044 -0.5009 -0.0266,
        3.8382 0.0000 -0.0242,
        3.8054 0.5010 -0.0242,
        3.7075 0.9934 -0.0242,
        3.5461 1.4688 -0.0242,
        3.3240 1.9191 -0.0242,
        3.0451 2.3366 -0.0242,
        2.7141 2.7141 -0.0242,
        2.3366 3.0451 -0.0242,
        1.9191 3.3240 -0.0242,
        1.4688 3.5461 -0.0242,
        0.9934 3.7075 -0.0242,
        0.5010 3.8054 -0.0242,
        0.0000 3.8382 -0.0242,
        -0.5010 3.8054 -0.0242,
        -0.9934 3.7075 -0.0242,
        -1.4688 3.5461 -0.0242,
        -1.9191 3.3240 -0.0242,
        -2.3366 3.0451 -0.0242,
        -2.7141 2.7141 -0.0242,
        -3.0451 2.3366 -0.0242,
        -3.3240 1.9191 -0.0242,
        -3.5461 1.4688 -0.0242,
        -3.7075 0.9934 -0.0242,
        -3.8054 0.5010 -0.0242,
        -3.8382 0.0000 -0.0242,
        -3.8054 -0.5010 -0.0242,
        -3.7075 -0.9934 -0.0242,
        -3.5461 -1.4688 -0.0242,
        -3.3240 -1.9191 -0.0242,
        -3.0451 -2.3366 -0.0242,
        -2.7141 -2.7141 -0.0242,
        -2.3366 -3.0451 -0.0242,
        -1.9191 -3.3240 -0.0242,
        -1.4688 -3.5461 -0.0242,
        -0.9934 -3.7075 -0.0242,
        -0.5010 -3.8054 -0.0242,
        -0.0000 -3.8382 -0.0242,
        0.5010 -3.8054 -0.0242,
        0.9934 -3.7075 -0.0242,
        1.4688 -3.5461 -0.0242,
        1.9191 -3.3240 -0.0242,
        2.3366 -3.0451 -0.0242,
        2.7141 -2.7141 -0.0242,
        3.0451 -2.3366 -0.0242,
        3.3240 -1.9191 -0.0242,
        3.5461 -1.4688 -0.0242,
        3.7075 -0.9934 -0.0242,
        3.8054 -0.5010 -0.0242,
        3.8386 0.0000 -0.0217,
        3.8057 0.5010 -0.0217,
        3.7078 0.9935 -0.0217,
        3.5464 1.4690 -0.0217,
        3.3243 1.9193 -0.0217,
        3.0454 2.3368 -0.0217,
        2.7143 2.7143 -0.0217,
        2.3368 3.0454 -0.0217,
        1.9193 3.3243 -0.0217,
        1.4690 3.5464 -0.0217,
        0.9935 3.7078 -0.0217,
        0.5010 3.8057 -0.0217,
        0.0000 3.8386 -0.0217,
        -0.5010 3.8057 -0.0217,
        -0.9935 3.7078 -0.0217,
        -1.4690 3.5464 -0.0217,
        -1.9193 3.3243 -0.0217,
        -2.3368 3.0454 -0.0217,
        -2.7143 2.7143 -0.0217,
        -3.0454 2.3368 -0.0217,
        -3.3243 1.9193 -0.0217,
        -3.5464 1.4690 -0.0217,
        -3.7078 0.9935 -0.0217,
        -3.8057 0.5010 -0.0217,
        -3.8386 0.0000 -0.0217,
        -3.8057 -0.5010 -0.0217,
        -3.7078 -0.9935 -0.0217,
        -3.5464 -1.4690 -0.0217,
        -3.3243 -1.9193 -0.0217,
        -3.0454 -2.3368 -0.0217,
        -2.7143 -2.7143 -0.0217,
        -2.3368 -3.0454 -0.0217,
        -1.9193 -3.3243 -0.0217,
        -1.4690 -3.5464 -0.0217,
        -0.9935 -3.7078 -0.0217,
        -0.5010 -3.8057 -0.0217,
        -0.0000 -3.8386 -0.0217,
        0.5010 -3.8057 -0.0217,
        0.9935 -3.7078 -0.0217,
        1.4690 -3.5464 -0.0217,
        1.9193 -3.3243 -0.0217,
        2.3368 -3.0454 -0.0217,
        2.7143 -2.7143 -0.0217,
        3.0454 -2.3368 -0.0217,
        3.3243 -1.9193 -0.0217,
        3.5464 -1.4690 -0.0217,
        3.7078 -0.9935 -0.0217,
        3.8057 -0.5010 -0.0217,
        3.8386 0.0000 0.0217,
        3.8057 0.5010 0.0217,
        3.7078 0.9935 0.0217,
        3.5464 1.4690 0.0217,
        3.3243 1.9193 0.0217,
        3.0454 2.3368 0.0217,
        2.7143 2.7143 0.0217,
        2.3368 3.0454 0.0217,
        1.9193 3.3243 0.0217,
        1.4690 3.5464 0.0217,
        0.9935 3.7078 0.0217,
        0.5010 3.8057 0.0217,
        0.0000 3.8386 0.0217,
        -0.5010 3.8057 0.0217,
        -0.9935 3.7078 0.0217,
        -1.4690 3.5464 0.0217,
        -1.9193 3.3243 0.0217,
        -2.3368 3.0454 0.0217,
        -2.7143 2.7143 0.0217,
        -3.0454 2.3368 0.0217,
        -3.3243 1.9193 0.0217,
        -3.5464 1.4690 0.0217,
        -3.7078 0.9935 0.0217,
        -3.8057 0.5010 0.0217,
        -3.8386 0.0000 0.0217,
        -3.8057 -0.5010 0.0217,
        -3.7078 -0.9935 0.0217,
        -3.5464 -1.4690 0.0217,
        -3.3243 -1.9193 0.0217,
        -3.0454 -2.3368 0.0217,
        -2.7143 -2.7143 0.0217,
        -2.3368 -3.0454 0.0217,
        -1.9193 -3.3243 0.0217,
        -1.4690 -3.5464 0.0217,
        -0.9935 -3.7078 0.0217,
        -0.5010 -3.8057 0.0217,
        -0.0000 -3.8386 0.0217,
        0.5010 -3.8057 0.0217,
        0.9935 -3.7078 0.0217,
        1.4690 -3.5464 0.0217,
        1.9193 -3.3243 0.0217,
        2.3368 -3.0454 0.0217,
        2.7143 -2.7143 0.0217,
        3.0454 -2.3368 0.0217,
        3.3243 -1.9193 0.0217,
        3.5464 -1.4690 0.0217,
        3.7078 -0.9935 0.0217,
        3.8057 -0.5010 0.0217,
        3.8382 0.0000 0.0242,
        3.8054 0.5010 0.0242,
        3.7075 0.9934 0.0242,
        3.5461 1.4688 0.0242,
        3.3240 1.9191 0.0242,
        3.0451 2.3366 0.0242,
        2.7141 2.7141 0.0242,
        2.3366 3.0451 0.0242,
        1.9191 3.3240 0.0242,
        1.4688 3.5461 0.0242,
        0.9934 3.7075 0.0242,
        0.5010 3.8054 0.0242,
        0.0000 3.8382 0.0242,
        -0.5010 3.8054 0.0242,
        -0.9934 3.7075 0.0242,
        -1.4688 3.5461 0.0242,
        -1.9191 3.3240 0.0242,
        -2.3366 3.0451 0.0242,
        -2.7141 2.7141 0.0242,
        -3.0451 2.3366 0.0242,
        -3.3240 1.9191 0.0242,
        -3.5461 1.4688 0.0242,
        -3.7075 0.9934 0.0242,
        -3.8054 0.5010 0.0242,
        -3.8382 0.0000 0.0242,
        -3.8054 -0.5010 0.0242,
        -3.7075 -0.9934 0.0242,
        -3.5461 -1.4688 0.0242,
        -3.3240 -1.9191 0.0242,
        -3.0451 -2.3366 0.0242,
        -2.7141 -2.7141 0.0242,
        -2.3366 -3.0451 0.0242,
        -1.9191 -3.3240 0.0242,
        -1.4688 -3.5461 0.0242,
        -0.9934 -3.7075 0.0242,
        -0.5010 -3.8054 0.0242,
        -0.0000 -3.8382 0.0242,
        0.5010 -3.8054 0.0242,
        0.9934 -3.7075 0.0242,
        1.4688 -3.5461 0.0242,
        1.9191 -3.3240 0.0242,
        2.3366 -3.0451 0.0242,
        2.7141 -2.7141 0.0242,
        3.0451 -2.3366 0.0242,
        3.3240 -1.9191 0.0242,
        3.5461 -1.4688 0.0242,
        3.7075 -0.9934 0.0242,
        3.8054 -0.5010 0.0242,
        3.8373 0.0000 0.0266,
        3.8044 0.5009 0.0266,
        3.7065 0.9932 0.0266,
        3.5452 1.4685 0.0266,
        3.3232 1.9186 0.0266,
        3.0443 2.3360 0.0266,
        2.7134 2.7134 0.0266,
        2.3360 3.0443 0.0266,
        1.9186 3.3232 0.0266,
        1.4685 3.5452 0.0266,
        0.9932 3.7065 0.0266,
        0.5009 3.8044 0.0266,
        0.0000 3.8373 0.0266,
        -0.5009 3.8044 0.0266,
        -0.9932 3.7065 0.0266,
        -1.4685 3.5452 0.0266,
        -1.9186 3.3232 0.0266,
        -2.3360 3.0443 0.0266,
        -2.7134 2.7134 0.0266,
        -3.0443 2.3360 0.0266,
        -3.3232 1.9186 0.0266,
        -3.5452 1.4685 0.0266,
        -3.7065 0.9932 0.0266,
        -3.8044 0.5009 0.0266,
        -3.8373 0.0000 0.0266,
        -3.8044 -0.5009 0.0266,
        -3.7065 -0.9932 0.0266,
        -3.5452 -1.4685 0.0266,
        -3.3232 -1.9186 0.0266,
        -3.0443 -2.3360 0.0266,
        -2.7134 -2.7134 0.0266,
        -2.3360 -3.0443 0.0266,
        -1.9186 -3.3232 0.0266,
        -1.4685 -3.5452 0.0266,
        -0.9932 -3.7065 0.0266,
        -0.5009 -3.8044 0.0266,
        -0.0000 -3.8373 0.0266,
        0.5009 -3.8044 0.0266,
        0.9932 -3.7065 0.0266,
        1.4685 -3.5452 0.0266,
        1.9186 -3.3232 0.0266,
        2.3360 -3.0443 0.0266,
        2.7134 -2.7134 0.0266,
        3.0443 -2.3360 0.0266,
        3.3232 -1.9186 0.0266,
        3.5452 -1.4685 0.0266,
        3.7065 -0.9932 0.0266,
        3.8044 -0.5009 0.0266,
        3.8357 0.0000 0.0286,
        3.8029 0.5007 0.0286,
        3.7050 0.9928 0.0286,
        3.5437 1.4679 0.0286,
        3.3218 1.9178 0.0286,
        3.0431 2.3350 0.0286,
        2.7122 2.7122 0.0286,
        2.3350 3.0431 0.0286,
        1.9178 3.3218 0.0286,
        1.4679 3.5437 0.0286,
        0.9928 3.7050 0.0286,
        0.5007 3.8029 0.0286,
        0.0000 3.8357 0.0286,
        -0.5007 3.8029 0.0286,
        -0.9928 3.7050 0.0286,
        -1.4679 3.5437 0.0286,
        -1.9178 3.3218 0.0286,
        -2.3350 3.0431 0.0286,
        -2.7122 2.7122 0.0286,
        -3.0431 2.3350 0.0286,
        -3.3218 1.9178 0.0286,
        -3.5437 1.4679 0.0286,
        -3.7050 0.9928 0.0286,
        -3.8029 0.5007 0.0286,
        -3.8357 0.0000 0.0286,
        -3.8029 -0.5007 0.0286,
        -3.7050 -0.9928 0.0286,
        -3.5437 -1.4679 0.0286,
        -3.3218 -1.9178 0.0286,
        -3.0431 -2.3350 0.0286,
        -2.7122 -2.7122 0.0286,
        -2.3350 -3.0431 0.0286,
        -1.9178 -3.3218 0.0286,
        -1.4679 -3.5437 0.0286,
        -0.9928 -3.7050 0.0286,
        -0.5007 -3.8029 0.0286,
        -0.0000 -3.8357 0.0286,
        0.5007 -3.8029 0.0286,
        0.9928 -3.7050 0.0286,
        1.4679 -3.5437 0.0286,
        1.9178 -3.3218 0.0286,
        2.3350 -3.0431 0.0286,
        2.7122 -2.7122 0.0286,
        3.0431 -2.3350 0.0286,
        3.3218 -1.9178 0.0286,
        3.5437 -1.4679 0.0286,
        3.7050 -0.9928 0.0286,
        3.8029 -0.5007 0.0286,
        3.8337 0.0000 0.0302,
        3.8009 0.5004 0.0302,
        3.7030 0.9922 0.0302,
        3.5418 1.4671 0.0302,
        3.3200 1.9168 0.0302,
        3.0414 2.3338 0.0302,
        2.7108 2.7108 0.0302,
        2.3338 3.0414 0.0302,
        1.9168 3.3200 0.0302,
        1.4671 3.5418 0.0302,
        0.9922 3.7030 0.0302,
        0.5004 3.8009 0.0302,
        0.0000 3.8337 0.0302,
        -0.5004 3.8009 0.0302,
        -0.9922 3.7030 0.0302,
        -1.4671 3.5418 0.0302,
        -1.9168 3.3200 0.0302,
        -2.3338 3.0414 0.0302,
        -2.7108 2.7108 0.0302,
        -3.0414 2.3338 0.0302,
        -3.3200 1.9168 0.0302,
        -3.5418 1.4671 0.0302,
        -3.7030 0.9922 0.0302,
        -3.8009 0.5004 0.0302,
        -3.8337 0.0000 0.0302,
        -3.8009 -0.5004 0.0302,
        -3.7030 -0.9922 0.0302,
        -3.5418 -1.4671 0.0302,
        -3.3200 -1.9168 0.0302,
        -3.0414 -2.3338 0.0302,
        -2.7108 -2.7108 0.0302,
        -2.3338 -3.0414 0.0302,
        -1.9168 -3.3200 0.0302,
        -1.4671 -3.5418 0.0302,
        -0.9922 -3.7030 0.0302,
        -0.5004 -3.8009 0.0302,
        -0.0000 -3.8337 0.0302,
        0.5004 -3.8009 0.0302,
        0.9922 -3.7030 0.0302,
        1.4671 -3.5418 0.0302,
        1.9168 -3.3200 0.0302,
        2.3338 -3.0414 0.0302,
        2.7108 -2.7108 0.0302,
        3.0414 -2.3338 0.0302,
        3.3200 -1.9168 0.0302,
        3.5418 -1.4671 0.0302,
        3.7030 -0.9922 0.0302,
        3.8009 -0.5004 0.0302,
        3.8313 0.0000 0.0312,
        3.7985 0.5001 0.0312,
        3.7007 0.9916 0.0312,
        3.5396 1.4662 0.0312,
        3.3180 1.9156 0.0312,
        3.0396 2.3323 0.0312,
        2.7091 2.7091 0.0312,
        2.3323 3.0396 0.0312,
        1.9156 3.3180 0.0312,
        1.4662 3.5396 0.0312,
        0.9916 3.7007 0.0312,
        0.5001 3.7985 0.0312,
        0.0000 3.8313 0.0312,
        -0.5001 3.7985 0.0312,
        -0.9916 3.7007 0.0312,
        -1.4662 3.5396 0.0312,
        -1.9156 3.3180 0.0312,
        -2.3323 3.0396 0.0312,
        -2.7091 2.7091 0.0312,
        -3.0396 2.3323 0.0312,
        -3.3180 1.9156 0.0312,
        -3.5396 1.4662 0.0312,
        -3.7007 0.9916 0.0312,
        -3.7985 0.5001 0.0312,
        -3.8313 0.0000 0.0312,
        -3.7985 -0.5001 0.0312,
        -3.7007 -0.9916 0.0312,
        -3.5396 -1.4662 0.0312,
        -3.3180 -1.9156 0.0312,
        -3.0396 -2.3323 0.0312,
        -2.7091 -2.7091 0.0312,
        -2.3323 -3.0396 0.0312,
        -1.9156 -3.3180 0.0312,
        -1.4662 -3.5396 0.0312,
        -0.9916 -3.7007 0.0312,
        -0.5001 -3.7985 0.0312,
        -0.0000 -3.8313 0.0312,
        0.5001 -3.7985 0.0312,
        0.9916 -3.7007 0.0312,
        1.4662 -3.5396 0.0312,
        1.9156 -3.3180 0.0312,
        2.3323 -3.0396 0.0312,
        2.7091 -2.7091 0.0312,
        3.0396 -2.3323 0.0312,
        3.3180 -1.9156 0.0312,
        3.5396 -1.4662 0.0312,
        3.7007 -0.9916 0.0312,
        3.7985 -0.5001 0.0312,
        3.8287 0.0000 0.0315,
        3.7960 0.4998 0.0315,
        3.6983 0.9910 0.0315,
        3.5373 1.4652 0.0315,
        3.3158 1.9144 0.0315,
        3.0375 2.3308 0.0315,
        2.7073 2.7073 0.0315,
        2.3308 3.0375 0.0315,
        1.9144 3.3158 0.0315,
        1.4652 3.5373 0.0315,
        0.9910 3.6983 0.0315,
        0.4998 3.7960 0.0315,
        0.0000 3.8287 0.0315,
        -0.4998 3.7960 0.0315,
        -0.9910 3.6983 0.0315,
        -1.4652 3.5373 0.0315,
        -1.9144 3.3158 0.0315,
        -2.3308 3.0375 0.0315,
        -2.7073 2.7073 0.0315,
        -3.0375 2.3308 0.0315,
        -3.3158 1.9144 0.0315,
        -3.5373 1.4652 0.0315,
        -3.6983 0.9910 0.0315,
        -3.7960 0.4998 0.0315,
        -3.8287 0.0000 0.0315,
        -3.7960 -0.4998 0.0315,
        -3.6983 -0.9910 0.0315,
        -3.5373 -1.4652 0.0315,
        -3.3158 -1.9144 0.0315,
        -3.0375 -2.3308 0.0315,
        -2.7073 -2.7073 0.0315,
        -2.3308 -3.0375 0.0315,
        -1.9144 -3.3158 0.0315,
        -1.4652 -3.5373 0.0315,
        -0.9910 -3.6983 0.0315,
        -0.4998 -3.7960 0.0315,
        -0.0000 -3.8287 0.0315,
        0.4998 -3.7960 0.0315,
        0.9910 -3.6983 0.0315,
        1.4652 -3.5373 0.0315,
        1.9144 -3.3158 0.0315,
        2.3308 -3.0375 0.0315,
        2.7073 -2.7073 0.0315,
        3.0375 -2.3308 0.0315,
        3.3158 -1.9144 0.0315,
        3.5373 -1.4652 0.0315,
        3.6983 -0.9910 0.0315,
        3.7960 -0.4998 0.0315,
        0.0000 0.0000 -0.0315,
        0.0000 0.0000 0.0315
    ] }
    coordIndex [
        0, 1, 49, 48, -1,
        1, 2, 50, 49, -1,
        2, 3, 51, 50, -1,
        3, 4, 52, 51, -1,
        4, 5, 53, 52, -1,
        5, 6, 54, 53, -1,
        6, 7, 55, 54, -1,
        7, 8, 56, 55, -1,
        8, 9, 57, 56, -1,
        9, 10, 58, 57, -1,
        10, 11, 59, 58, -1,
        11, 12, 60, 59, -1,
        12, 13, 61, 60, -1,
        13, 14, 62, 61, -1,
        14, 15, 63, 62, -1,
        15, 16, 64, 63, -1,
        16, 17, 65, 64, -1,
        17, 18, 66, 65, -1,
        18, 19, 67, 66, -1,
        19, 20, 68, 67, -1,
        20, 21, 69, 68, -1,
        21, 22, 70, 69, -1,
        22, 23, 71, 70, -1,
        23, 24, 72, 71, -1,
        24, 25, 73, 72, -1,
        25, 26, 74, 73, -1,
        26, 27, 75, 74, -1,
        27, 28, 76, 75, -1,
        28, 29, 77, 76, -1,
        29, 30, 78, 77, -1,
        30, 31, 79, 78, -1,
        31, 32, 80, 79, -1,
        32, 33, 81, 80, -1,
        33, 34, 82, 81, -1,
        34, 35, 83, 82, -1,
        35, 36, 84, 83, -1,
        36, 37, 85, 84, -1,
        37, 38, 86, 85, -1,
        38, 39, 87, 86, -1,
        39, 40, 88, 87, -1,
        40, 41, 89, 88, -1,
        41, 42, 90, 89, -1,
        42, 43, 91, 90, -1,
        43, 44, 92, 91, -1,
        44, 45, 93, 92, -1,
        45, 46, 94, 93, -1,
        46, 47, 95, 94, -1,
        47, 0, 48, 95, -1,
        48, 49, 97, 96, -1,
        49, 50, 98, 97, -1,
        50, 51, 99, 98, -1,
        51, 52, 100, 99, -1,
        52, 53, 101, 100, -1,
        53, 54, 102, 101, -1,
        54, 55, 103, 102, -1,
        55, 56, 104, 103, -1,
        56, 57, 105, 104, -1,
        57, 58, 106, 105, -1,
        58, 59, 107, 106, -1,
        59, 60, 108, 107, -1,
        60, 61, 109, 108, -1,
        61, 62, 110, 109, -1,
        62, 63, 111, 110, -1,
        63, 64, 112, 111, -1,
        64, 65, 113, 112, -1,
        65, 66, 114, 113, -1,
        66, 67, 115, 114, -1,
        67, 68, 116, 115, -1,
        68, 69, 117, 116, -1,
        69, 70, 118, 117, -1,
        70, 71, 119, 118, -1,
        71, 72, 120, 119, -1,
        72, 73, 121, 120, -1,
        73, 74, 122, 121, -1,
        74, 75, 123, 122, -1,
        75, 76, 124, 123, -1,
        76, 77, 125, 124, -1,
        77, 78, 126, 125, -1,
        78, 79, 127, 126, -1,
        79, 80, 128, 127, -1,
        80, 81, 129, 128, -1,
        81, 82, 130, 129, -1,
        82, 83, 131, 130, -1,
        83, 84, 132, 131, -1,
        84, 85, 133, 132, -1,
        85, 86, 134, 133, -1,
        86, 87, 135, 134, -1,
        87, 88, 136, 135, -1,
        88, 89, 137, 136, -1,
        89, 90, 138, 137, -1,
        90, 91, 139, 138, -1,
        91, 92, 140, 139, -1,
        92, 93, 141, 140, -1,
        93, 94, 142, 141, -1,
        94, 95, 143, 142, -1,
        95, 48, 96, 143, -1,
        96, 97, 145, 144, -1,
        97, 98, 146, 145, -1,
        98, 99, 147, 146, -1,
        99, 100, 148, 147, -1,
        100, 101, 149, 148, -1,
        101, 102, 150, 149, -1,
        102, 103, 151, 150, -1,
        103, 104, 152, 151, -1,
        104, 105, 153, 152, -1,
        105, 106, 154, 153, -1,
        106, 107, 155, 154, -1,
        107, 108, 156, 155, -1,
        108, 109, 157, 156, -1,
        109, 110, 158, 157, -1,
        110, 111, 159, 158, -1,
        111, 112, 160, 159, -1,
        112, 113, 161, 160, -1,
        113, 114, 162, 161, -1,
        114, 115, 163, 162, -1,
        115, 116, 164, 163, -1,
        116, 117, 165, 164, -1,
        117, 118, 166, 165, -1,
        118, 119, 167, 166, -1,
        119, 120, 168, 167, -1,
        120, 121, 169, 168, -1,
        121, 122, 170, 169, -1,
        122, 123, 171, 170, -1,
        123, 124, 172, 171, -1,
        124, 125, 173, 172, -1,
        125, 126, 174, 173, -1,
        126, 127, 175, 174, -1,
        127, 128, 176, 175, -1,
        128, 129, 177, 176, -1,
        129, 130, 178, 177, -1,
        130, 131, 179, 178, -1,
        131, 132, 180, 179, -1,
        132, 133, 181, 180, -1,
        133, 134, 182, 181, -1,
        134, 135, 183, 182, -1,
        135, 136, 184, 183, -1,
        136, 137, 185, 184, -1,
        137, 138, 186, 185, -1,
        138, 139, 187, 186, -1,
        139, 140, 188, 187, -1,
        140, 141, 189, 188, -1,
        141, 142, 190, 189, -1,
        142, 143, 191, 190, -1,
        143, 96, 144, 191, -1,
        144, 145, 193, 192, -1,
        145, 146, 194, 193, -1,
        146, 147, 195, 194, -1,
        147, 148, 196, 195, -1,
        148, 149, 197, 196, -1,
        149, 150, 198, 197, -1,
        150, 151, 199, 198, -1,
        151, 152, 200, 199, -1,
        152, 153, 201, 200, -1,
        153, 154, 202, 201, -1,
        154, 155, 203, 202, -1,
        155, 156, 204, 203, -1,
        156, 157, 205, 204, -1,
        157, 158, 206, 205, -1,
        158, 159, 207, 206, -1,
        159, 160, 208, 207, -1,
        160, 161, 209, 208, -1,
        161, 162, 210, 209, -1,
        162, 163, 211, 210, -1,
        163, 164, 212, 211, -1,
        164, 165, 213, 212, -1,
        165, 166, 214, 213, -1,
        166, 167, 215, 214, -1,
        167, 168, 216, 215, -1,
        168, 169, 217, 216, -1,
        169, 170, 218, 217, -1,
        170, 171, 219, 218, -1,
        171, 172, 220, 219, -1,
        172, 173, 221, 220, -1,
        173, 174, 222, 221, -1,
        174, 175, 223, 222, -1,
        175, 176, 224, 223, -1,
        176, 177, 225, 224, -1,
        177, 178, 226, 225, -1,
        178, 179, 227, 226, -1,
        179, 180, 228, 227, -1,
        180, 181, 229, 228, -1,
        181, 182, 230, 229, -1,
        182, 183, 231, 230, -1,
        183, 184, 232, 231, -1,
        184, 185, 233, 232, -1,
        185, 186, 234, 233, -1,
        186, 187, 235, 234, -1,
        187, 188, 236, 235, -1,
        188, 189, 237, 236, -1,
        189, 190, 238, 237, -1,
        190, 191, 239, 238, -1,
        191, 144, 192, 239, -1,
        192, 193, 241, 240, -1,
        193, 194, 242, 241, -1,
        194, 195, 243, 242, -1,
        195, 196, 244, 243, -1,
        196, 197, 245, 244, -1,
        197, 198, 246, 245, -1,
        198, 199, 247, 246, -1,
        199, 200, 248, 247, -1,
        200, 201, 249, 248, -1,
        201, 202, 250, 249, -1,
        202, 203, 251, 250, -1,
        203, 204, 252, 251, -1,
        204, 205, 253, 252, -1,
        205, 206, 254, 253, -1,
        206, 207, 255, 254, -1,
        207, 208, 256, 255, -1,
        208, 209, 257, 256, -1,
        209, 210, 258, 257, -1,
        210, 211, 259, 258, -1,
        211, 212, 260, 259, -1,
        212, 213, 261, 260, -1,
        213, 214, 262, 261, -1,
        214, 215, 263, 262, -1,
        215, 216, 264, 263, -1,
        216, 217, 265, 264, -1,
        217, 218, 266, 265, -1,
        218, 219, 267, 266, -1,
        219, 220, 268, 267, -1,
        220, 221, 269, 268, -1,
        221, 222, 270, 269, -1,
        222, 223, 271, 270, -1,
        223, 224, 272, 271, -1,
        224, 225, 273, 272, -1,
        225, 226, 274, 273, -1,
        226, 227, 275, 274, -1,
        227, 228, 276, 275, -1,
        228, 229, 277, 276, -1,
        229, 230, 278, 277, -1,
        230, 231, 279, 278, -1,
        231, 232, 280, 279, -1,
        232, 233, 281, 280, -1,
        233, 234, 282, 281, -1,
        234, 235, 283, 282, -1,
        235, 236, 284, 283, -1,
        236, 237, 285, 284, -1,
        237, 238, 286, 285, -1,
        238, 239, 287, 286, -1,
        239, 192, 240, 287, -1,
        240, 241, 289, 288, -1,
        241, 242, 290, 289, -1,
        242, 243, 291, 290, -1,
        243, 244, 292, 291, -1,
        244, 245, 293, 292, -1,
        245, 246, 294, 293, -1,
        246, 247, 295, 294, -1,
        247, 248, 296, 295, -1,
        248, 249, 297, 296, -1,
        249, 250, 298, 297, -1,
        250, 251, 299, 298, -1,
        251, 252, 300, 299, -1,
        252, 253, 301, 300, -1,
        253, 254, 302, 301, -1,
        254, 255, 303, 302, -1,
        255, 256, 304, 303, -1,
        256, 257, 305, 304, -1,
        257, 258, 306, 305, -1,
        258, 259, 307, 306, -1,
        259, 260, 308, 307, -1,
        260, 261, 309, 308, -1,
        261, 262, 310, 309, -1,
        262, 263, 311, 310, -1,
        263, 264, 312, 311, -1,
        264, 265, 313, 312, -1,
        265, 266, 314, 313, -1,
        266, 267, 315, 314, -1,
        267, 268, 316, 315, -1,
        268, 269, 317, 316, -1,
        269, 270, 318, 317, -1,
        270, 271, 319, 318, -1,
        271, 272, 320, 319, -1,
        272, 273, 321, 320, -1,
        273, 274, 322, 321, -1,
        274, 275, 323, 322, -1,
        275, 276, 324, 323, -1,
        276, 277, 325, 324, -1,
        277, 278, 326, 325, -1,
        278, 279, 327, 326, -1,
        279, 280, 328, 327, -1,
        280, 281, 329, 328, -1,
        281, 282, 330, 329, -1,
        282, 283, 331, 330, -1,
        283, 284, 332, 331, -1,
        284, 285, 333, 332, -1,
        285, 286, 334, 333, -1,
        286, 287, 335, 334, -1,
        287, 240, 288, 335, -1,
        288, 289, 337, 336, -1,
        289, 290, 338, 337, -1,
        290, 291, 339, 338, -1,
        291, 292, 340, 339, -1,
        292, 293, 341, 340, -1,
        293, 294, 342, 341, -1,
        294, 295, 343, 342, -1,
        295, 296, 344, 343, -1,
        296, 297, 345, 344, -1,
        297, 298, 346, 345, -1,
        298, 299, 347, 346, -1,
        299, 300, 348, 347, -1,
        300, 301, 349, 348, -1,
        301, 302, 350, 349, -1,
        302, 303, 351, 350, -1,
        303, 304, 352, 351, -1,
        304, 305, 353, 352, -1,
        305, 306, 354, 353, -1,
        306, 307, 355, 354, -1,
        307, 308, 356, 355, -1,
        308, 309, 357, 356, -1,
        309, 310, 358, 357, -1,
        310, 311, 359, 358, -1,
        311, 312, 360, 359, -1,
        312, 313, 361, 360, -1,
        313, 314, 362, 361, -1,
        314, 315, 363, 362, -1,
        315, 316, 364, 363, -1,
        316, 317, 365, 364, -1,
        317, 318, 366, 365, -1,
        318, 319, 367, 366, -1,
        319, 320, 368, 367, -1,
        320, 321, 369, 368, -1,
        321, 322, 370, 369, -1,
        322, 323, 371, 370, -1,
        323, 324, 372, 371, -1,
        324, 325, 373, 372, -1,
        325, 326, 374, 373, -1,
        326, 327, 375, 374, -1,
        327, 328, 376, 375, -1,
        328, 329, 377, 376, -1,
        329, 330, 378, 377, -1,
        330, 331, 379, 378, -1,
        331, 332, 380, 379, -1,
        332, 333, 381, 380, -1,
        333, 334, 382, 381, -1,
        334, 335, 383, 382, -1,
        335, 288, 336, 383, -1,
        336, 337, 385, 384, -1,
        337, 338, 386, 385, -1,
        338, 339, 387, 386, -1,
        339, 340, 388, 387, -1,
        340, 341, 389, 388, -1,
        341, 342, 390, 389, -1,
        342, 343, 391, 390, -1,
        343, 344, 392, 391, -1,
        344, 345, 393, 392, -1,
        345, 346, 394, 393, -1,
        346, 347, 395, 394, -1,
        347, 348, 396, 395, -1,
        348, 349, 397, 396, -1,
        349, 350, 398, 397, -1,
        350, 351, 399, 398, -1,
        351, 352, 400, 399, -1,
        352, 353, 401, 400, -1,
        353, 354, 402, 401, -1,
        354, 355, 403, 402, -1,
        355, 356, 404, 403, -1,
        356, 357, 405, 404, -1,
        357, 358, 406, 405, -1,
        358, 359, 407, 406, -1,
        359, 360, 408, 407, -1,
        360, 361, 409, 408, -1,
        361, 362, 410, 409, -1,
        362, 363, 411, 410, -1,
        363, 364, 412, 411, -1,
        364, 365, 413, 412, -1,
        365, 366, 414, 413, -1,
        366, 367, 415, 414, -1,
        367, 368, 416, 415, -1,
        368, 369, 417, 416, -1,
        369, 370, 418, 417, -1,
        370, 371, 419, 418, -1,
        371, 372, 420, 419, -1,
        372, 373, 421, 420, -1,
        373, 374, 422, 421, -1,
        374, 375, 423, 422, -1,
        375, 376, 424, 423, -1,
        376, 377, 425, 424, -1,
        377, 378, 426, 425, -1,
        378, 379, 427, 426, -1,
        379, 380, 428, 427, -1,
        380, 381, 429, 428, -1,
        381, 382, 430, 429, -1,
        382, 383, 431, 430, -1,
        383, 336, 384, 431, -1,
        384, 385, 433, 432, -1,
        385, 386, 434, 433, -1,
        386, 387, 435, 434, -1,
        387, 388, 436, 435, -1,
        388, 389, 437, 436, -1,
        389, 390, 438, 437, -1,
        390, 391, 439, 438, -1,
        391, 392, 440, 439, -1,
        392, 393, 441, 440, -1,
        393, 394, 442, 441, -1,
        394, 395, 443, 442, -1,
        395, 396, 444, 443, -1,
        396, 397, 445, 444, -1,
        397, 398, 446, 445, -1,
        398, 399, 447, 446, -1,
        399, 400, 448, 447, -1,
        400, 401, 449, 448, -1,
        401, 402, 450, 449, -1,
        402, 403, 451, 450, -1,
        403, 404, 452, 451, -1,
        404, 405, 453, 452, -1,
        405, 406, 454, 453, -1,
        406, 407, 455, 454, -1,
        407, 408, 456, 455, -1,
        408, 409, 457, 456, -1,
        409, 410, 458, 457, -1,
        410, 411, 459, 458, -1,
        411, 412, 460, 459, -1,
        412, 413, 461, 460, -1,
        413, 414, 462, 461, -1,
        414, 415, 463, 462, -1,
        415, 416, 464, 463, -1,
        416, 417, 465, 464, -1,
        417, 418, 466, 465, -1,
        418, 419, 467, 466, -1,
        419, 420, 468, 467, -1,
        420, 421, 469, 468, -1,
        421, 422, 470, 469, -1,
        422, 423, 471, 470, -1,
        423, 424, 472, 471, -1,
        424, 425, 473, 472, -1,
        425, 426, 474, 473, -1,
        426, 427, 475, 474, -1,
        427, 428, 476, 475, -1,
        428, 429, 477, 476, -1,
        429, 430, 478, 477, -1,
        430, 431, 479, 478, -1,
        431, 384, 432, 479, -1,
        432, 433, 481, 480, -1,
        433, 434, 482, 481, -1,
        434, 435, 483, 482, -1,
        435, 436, 484, 483, -1,
        436, 437, 485, 484, -1,
        437, 438, 486, 485, -1,
        438, 439, 487, 486, -1,
        439, 440, 488, 487, -1,
        440, 441, 489, 488, -1,
        441, 442, 490, 489, -1,
        442, 443, 491, 490, -1,
        443, 444, 492, 491, -1,
        444, 445, 493, 492, -1,
        445, 446, 494, 493, -1,
        446, 447, 495, 494, -1,
        447, 448, 496, 495, -1,
        448, 449, 497, 496, -1,
        449, 450, 498, 497, -1,
        450, 451, 499, 498, -1,
        451, 452, 500, 499, -1,
        452, 453, 501, 500, -1,
        453, 454, 502, 501, -1,
        454, 455, 503, 502, -1,
        455, 456, 504, 503, -1,
        456, 457, 505, 504, -1,
        457, 458, 506, 505, -1,
        458, 459, 507, 506, -1,
        459, 460, 508, 507, -1,
        460, 461, 509, 508, -1,
        461, 462, 510, 509, -1,
        462, 463, 511, 510, -1,
        463, 464, 512, 511, -1,
        464, 465, 513, 512, -1,
        465, 466, 514, 513, -1,
        466, 467, 515, 514, -1,
        467, 468, 516, 515, -1,
        468, 469, 517, 516, -1,
        469, 470, 518, 517, -1,
        470, 471, 519, 518, -1,
        471, 472, 520, 519, -1,
        472, 473, 521, 520, -1,
        473, 474, 522, 521, -1,
        474, 475, 523, 522, -1,
        475, 476, 524, 523, -1,
        476, 477, 525, 524, -1,
        477, 478, 526, 525, -1,
        478, 479, 527, 526, -1,
        479, 432, 480, 527, -1,
        480, 481, 529, 528, -1,
        481, 482, 530, 529, -1,
        482, 483, 531, 530, -1,
        483, 484, 532, 531, -1,
        484, 485, 533, 532, -1,
        485, 486, 534, 533, -1,
        486, 487, 535, 534, -1,
        487, 488, 536, 535, -1,
        488, 489, 537, 536, -1,
        489, 490, 538, 537, -1,
        490, 491, 539, 538, -1,
        491, 492, 540, 539, -1,
        492, 493, 541, 540, -1,
        493, 494, 542, 541, -1,
        494, 495, 543, 542, -1,
        495, 496, 544, 543, -1,
        496, 497, 545, 544, -1,
        497, 498, 546, 545, -1,
        498, 499, 547, 546, -1,
        499, 500, 548, 547, -1,
        500, 501, 549, 548, -1,
        501, 502, 550, 549, -1,
        502, 503, 551, 550, -1,
        503, 504, 552, 551, -1,
        504, 505, 553, 552, -1,
        505, 506, 554, 553, -1,
        506, 507, 555, 554, -1,
        507, 508, 556, 555, -1,
        508, 509, 557, 556, -1,
        509, 510, 558, 557, -1,
        510, 511, 559, 558, -1,
        511, 512, 560, 559, -1,
        512, 513, 561, 560, -1,
        513, 514, 562, 561, -1,
        514, 515, 563, 562, -1,
        515, 516, 564, 563, -1,
        516, 517, 565, 564, -1,
        517, 518, 566, 565, -1,
        518, 519, 567, 566, -1,
        519, 520, 568, 567, -1,
        520, 521, 569, 568, -1,
        521, 522, 570, 569, -1,
        522, 523, 571, 570, -1,
        523, 524, 572, 571, -1,
        524, 525, 573, 572, -1,
        525, 526, 574, 573, -1,
        526, 527, 575, 574, -1,
        527, 480, 528, 575, -1,
        528, 529, 577, 576, -1,
        529, 530, 578, 577, -1,
        530, 531, 579, 578, -1,
        531, 532, 580, 579, -1,
        532, 533, 581, 580, -1,
        533, 534, 582, 581, -1,
        534, 535, 583, 582, -1,
        535, 536, 584, 583, -1,
        536, 537, 585, 584, -1,
        537, 538, 586, 585, -1,
        538, 539, 587, 586, -1,
        539, 540, 588, 587, -1,
        540, 541, 589, 588, -1,
        541, 542, 590, 589, -1,
        542, 543, 591, 590, -1,
        543, 544, 592, 591, -1,
        544, 545, 593, 592, -1,
        545, 546, 594, 593, -1,
        546, 547, 595, 594, -1,
        547, 548, 596, 595, -1,
        548, 549, 597, 596, -1,
        549, 550, 598, 597, -1,
        550, 551, 599, 598, -1,
        551, 552, 600, 599, -1,
        552, 553, 601, 600, -1,
        553, 554, 602, 601, -1,
        554, 555, 603, 602, -1,
        555, 556, 604, 603, -1,
        556, 557, 605, 604, -1,
        557, 558, 606, 605, -1,
        558, 559, 607, 606, -1,
        559, 560, 608, 607, -1,
        560, 561, 609, 608, -1,
        561, 562, 610, 609, -1,
        562, 563, 611, 610, -1,
        563, 564, 612, 611, -1,
        564, 565, 613, 612, -1,
        565, 566, 614, 613, -1,
        566, 567, 615, 614, -1,
        567, 568, 616, 615, -1,
        568, 569, 617, 616, -1,
        569, 570, 618, 617, -1,
        570, 571, 619, 618, -1,
        571, 572, 620, 619, -1,
        572, 573, 621, 620, -1,
        573, 574, 622, 621, -1,
        574, 575, 623, 622, -1,
        575, 528, 576, 623, -1,
        576, 577, 625, 624, -1,
        577, 578, 626, 625, -1,
        578, 579, 627, 626, -1,
        579, 580, 628, 627, -1,
        580, 581, 629, 628, -1,
        581, 582, 630, 629, -1,
        582, 583, 631, 630, -1,
        583, 584, 632, 631, -1,
        584, 585, 633, 632, -1,
        585, 586, 634, 633, -1,
        586, 587, 635, 634, -1,
        587, 588, 636, 635, -1,
        588, 589, 637, 636, -1,
        589, 590, 638, 637, -1,
        590, 591, 639, 638, -1,
        591, 592, 640, 639, -1,
        592, 593, 641, 640, -1,
        593, 594, 642, 641, -1,
        594, 595, 643, 642, -1,
        595, 596, 644, 643, -1,
        596, 597, 645, 644, -1,
        597, 598, 646, 645, -1,
        598, 599, 647, 646, -1,
        599, 600, 648, 647, -1,
        600, 601, 649, 648, -1,
        601, 602, 650, 649, -1,
        602, 603, 651, 650, -1,
        603, 604, 652, 651, -1,
        604, 605, 653, 652, -1,
        605, 606, 654, 653, -1,
        606, 607, 655, 654, -1,
        607, 608, 656, 655, -1,
        608, 609, 657, 656, -1,
        609, 610, 658, 657, -1,
        610, 611, 659, 658, -1,
        611, 612, 660, 659, -1,
        612, 613, 661, 660, -1,
        613, 614, 662, 661, -1,
        614, 615, 663, 662, -1,
        615, 616, 664, 663, -1,
        616, 617, 665, 664, -1,
        617, 618, 666, 665, -1,
        618, 619, 667, 666, -1,
        619, 620, 668, 667, -1,
        620, 621, 669, 668, -1,
        621, 622, 670, 669, -1,
        622, 623, 671, 670, -1,
        623, 576, 624, 671, -1,
        672, 1, 0, -1,
        673, 624, 625, -1,
        672, 2, 1, -1,
        673, 625, 626, -1,
        672, 3, 2, -1,
        673, 626, 627, -1,
        672, 4, 3, -1,
        673, 627, 628, -1,
        672, 5, 4, -1,
        673, 628, 629, -1,
        672, 6, 5, -1,
        673, 629, 630, -1,
        672, 7, 6, -1,
        673, 630, 631, -1,
        672, 8, 7, -1,
        673, 631, 632, -1,
        672, 9, 8, -1,
        673, 632, 633, -1,
        672, 10, 9, -1,
        673, 633, 634, -1,
        672, 11, 10, -1,
        673, 634, 635, -1,
        672, 12, 11, -1,
        673, 635, 636, -1,
        672, 13, 12, -1,
        673, 636, 637, -1,
        672, 14, 13, -1,
        673, 637, 638, -1,
        672, 15, 14, -1,
        673, 638, 639, -1,
        672, 16, 15, -1,
        673, 639, 640, -1,
        672, 17, 16, -1,
        673, 640, 641, -1,
        672, 18, 17, -1,
        673, 641, 642, -1,
        672, 19, 18, -1,
        673, 642, 643, -1,
        672, 20, 19, -1,
        673, 643, 644, -1,
        672, 21, 20, -1,
        673, 644, 645, -1,
        672, 22, 21, -1,
        673, 645, 646, -1,
        672, 23, 22, -1,
        673, 646, 647, -1,
        672, 24, 23, -1,
        673, 647, 648, -1,
        672, 25, 24, -1,
        673, 648, 649, -1,
        672, 26, 25, -1,
        673, 649, 650, -1,
        672, 27, 26, -1,
        673, 650, 651, -1,
        672, 28, 27, -1,
        673, 651, 652, -1,
        672, 29, 28, -1,
        673, 652, 653, -1,
        672, 30, 29, -1,
        673, 653, 654, -1,
        672, 31, 30, -1,
        673, 654, 655, -1,
        672, 32, 31, -1,
        673, 655, 656, -1,
        672, 33, 32, -1,
        673, 656, 657, -1,
        672, 34, 33, -1,
        673, 657, 658, -1,
        672, 35, 34, -1,
        673, 658, 659, -1,
        672, 36, 35, -1,
        673, 659, 660, -1,
        672, 37, 36, -1,
        673, 660, 661, -1,
        672, 38, 37, -1,
        673, 661, 662, -1,
        672, 39, 38, -1,
        673, 662, 663, -1,
        672, 40, 39, -1,
        673, 663, 664, -1,
        672, 41, 40, -1,
        673, 664, 665, -1,
        672, 42, 41, -1,
        673, 665, 666, -1,
        672, 43, 42, -1,
        673, 666, 667, -1,
        672, 44, 43, -1,
        673, 667, 668, -1,
        672, 45, 44, -1,
        673, 668, 669, -1,
        672, 46, 45, -1,
        673, 669, 670, -1,
        672, 47, 46, -1,
        673, 670, 671, -1,
        672, 0, 47, -1,
        673, 671, 624, -1
    ]
    creaseAngle 0.80
    solid TRUE
  } }
] }
# Rolled lower crimp and retaining bead
Shape { appearance USE CRIMP_METAL geometry IndexedFaceSet {
  coord Coordinate { point [
      4.7933 0.0000 0.0079,
      4.7751 0.4178 0.0079,
      4.7205 0.8323 0.0079,
      4.6300 1.2406 0.0079,
      4.5042 1.6394 0.0079,
      4.3442 2.0257 0.0079,
      4.1511 2.3967 0.0079,
      3.9264 2.7493 0.0079,
      3.6719 3.0811 0.0079,
      3.3894 3.3894 0.0079,
      3.0811 3.6719 0.0079,
      2.7493 3.9264 0.0079,
      2.3967 4.1511 0.0079,
      2.0257 4.3442 0.0079,
      1.6394 4.5042 0.0079,
      1.2406 4.6300 0.0079,
      0.8323 4.7205 0.0079,
      0.4178 4.7751 0.0079,
      0.0000 4.7933 0.0079,
      -0.4178 4.7751 0.0079,
      -0.8323 4.7205 0.0079,
      -1.2406 4.6300 0.0079,
      -1.6394 4.5042 0.0079,
      -2.0257 4.3442 0.0079,
      -2.3967 4.1511 0.0079,
      -2.7493 3.9264 0.0079,
      -3.0811 3.6719 0.0079,
      -3.3894 3.3894 0.0079,
      -3.6719 3.0811 0.0079,
      -3.9264 2.7493 0.0079,
      -4.1511 2.3967 0.0079,
      -4.3442 2.0257 0.0079,
      -4.5042 1.6394 0.0079,
      -4.6300 1.2406 0.0079,
      -4.7205 0.8323 0.0079,
      -4.7751 0.4178 0.0079,
      -4.7933 0.0000 0.0079,
      -4.7751 -0.4178 0.0079,
      -4.7205 -0.8323 0.0079,
      -4.6300 -1.2406 0.0079,
      -4.5042 -1.6394 0.0079,
      -4.3442 -2.0257 0.0079,
      -4.1511 -2.3967 0.0079,
      -3.9264 -2.7493 0.0079,
      -3.6719 -3.0811 0.0079,
      -3.3894 -3.3894 0.0079,
      -3.0811 -3.6719 0.0079,
      -2.7493 -3.9264 0.0079,
      -2.3967 -4.1511 0.0079,
      -2.0257 -4.3442 0.0079,
      -1.6394 -4.5042 0.0079,
      -1.2406 -4.6300 0.0079,
      -0.8323 -4.7205 0.0079,
      -0.4178 -4.7751 0.0079,
      -0.0000 -4.7933 0.0079,
      0.4178 -4.7751 0.0079,
      0.8323 -4.7205 0.0079,
      1.2406 -4.6300 0.0079,
      1.6394 -4.5042 0.0079,
      2.0257 -4.3442 0.0079,
      2.3967 -4.1511 0.0079,
      2.7493 -3.9264 0.0079,
      3.0811 -3.6719 0.0079,
      3.3894 -3.3894 0.0079,
      3.6719 -3.0811 0.0079,
      3.9264 -2.7493 0.0079,
      4.1511 -2.3967 0.0079,
      4.3442 -2.0257 0.0079,
      4.5042 -1.6394 0.0079,
      4.6300 -1.2406 0.0079,
      4.7205 -0.8323 0.0079,
      4.7751 -0.4178 0.0079,
      4.8642 0.0000 0.0217,
      4.8457 0.4239 0.0217,
      4.7903 0.8447 0.0217,
      4.6984 1.2589 0.0217,
      4.5708 1.6636 0.0217,
      4.4084 2.0557 0.0217,
      4.2125 2.4321 0.0217,
      3.9845 2.7900 0.0217,
      3.7262 3.1266 0.0217,
      3.4395 3.4395 0.0217,
      3.1266 3.7262 0.0217,
      2.7900 3.9845 0.0217,
      2.4321 4.2125 0.0217,
      2.0557 4.4084 0.0217,
      1.6636 4.5708 0.0217,
      1.2589 4.6984 0.0217,
      0.8447 4.7903 0.0217,
      0.4239 4.8457 0.0217,
      0.0000 4.8642 0.0217,
      -0.4239 4.8457 0.0217,
      -0.8447 4.7903 0.0217,
      -1.2589 4.6984 0.0217,
      -1.6636 4.5708 0.0217,
      -2.0557 4.4084 0.0217,
      -2.4321 4.2125 0.0217,
      -2.7900 3.9845 0.0217,
      -3.1266 3.7262 0.0217,
      -3.4395 3.4395 0.0217,
      -3.7262 3.1266 0.0217,
      -3.9845 2.7900 0.0217,
      -4.2125 2.4321 0.0217,
      -4.4084 2.0557 0.0217,
      -4.5708 1.6636 0.0217,
      -4.6984 1.2589 0.0217,
      -4.7903 0.8447 0.0217,
      -4.8457 0.4239 0.0217,
      -4.8642 0.0000 0.0217,
      -4.8457 -0.4239 0.0217,
      -4.7903 -0.8447 0.0217,
      -4.6984 -1.2589 0.0217,
      -4.5708 -1.6636 0.0217,
      -4.4084 -2.0557 0.0217,
      -4.2125 -2.4321 0.0217,
      -3.9845 -2.7900 0.0217,
      -3.7262 -3.1266 0.0217,
      -3.4395 -3.4395 0.0217,
      -3.1266 -3.7262 0.0217,
      -2.7900 -3.9845 0.0217,
      -2.4321 -4.2125 0.0217,
      -2.0557 -4.4084 0.0217,
      -1.6636 -4.5708 0.0217,
      -1.2589 -4.6984 0.0217,
      -0.8447 -4.7903 0.0217,
      -0.4239 -4.8457 0.0217,
      -0.0000 -4.8642 0.0217,
      0.4239 -4.8457 0.0217,
      0.8447 -4.7903 0.0217,
      1.2589 -4.6984 0.0217,
      1.6636 -4.5708 0.0217,
      2.0557 -4.4084 0.0217,
      2.4321 -4.2125 0.0217,
      2.7900 -3.9845 0.0217,
      3.1266 -3.7262 0.0217,
      3.4395 -3.4395 0.0217,
      3.7262 -3.1266 0.0217,
      3.9845 -2.7900 0.0217,
      4.2125 -2.4321 0.0217,
      4.4084 -2.0557 0.0217,
      4.5708 -1.6636 0.0217,
      4.6984 -1.2589 0.0217,
      4.7903 -0.8447 0.0217,
      4.8457 -0.4239 0.0217,
      4.9154 0.0000 0.0669,
      4.8966 0.4284 0.0669,
      4.8407 0.8535 0.0669,
      4.7479 1.2722 0.0669,
      4.6189 1.6812 0.0669,
      4.4548 2.0773 0.0669,
      4.2568 2.4577 0.0669,
      4.0264 2.8193 0.0669,
      3.7654 3.1595 0.0669,
      3.4757 3.4757 0.0669,
      3.1595 3.7654 0.0669,
      2.8193 4.0264 0.0669,
      2.4577 4.2568 0.0669,
      2.0773 4.4548 0.0669,
      1.6812 4.6189 0.0669,
      1.2722 4.7479 0.0669,
      0.8535 4.8407 0.0669,
      0.4284 4.8966 0.0669,
      0.0000 4.9154 0.0669,
      -0.4284 4.8966 0.0669,
      -0.8535 4.8407 0.0669,
      -1.2722 4.7479 0.0669,
      -1.6812 4.6189 0.0669,
      -2.0773 4.4548 0.0669,
      -2.4577 4.2568 0.0669,
      -2.8193 4.0264 0.0669,
      -3.1595 3.7654 0.0669,
      -3.4757 3.4757 0.0669,
      -3.7654 3.1595 0.0669,
      -4.0264 2.8193 0.0669,
      -4.2568 2.4577 0.0669,
      -4.4548 2.0773 0.0669,
      -4.6189 1.6812 0.0669,
      -4.7479 1.2722 0.0669,
      -4.8407 0.8535 0.0669,
      -4.8966 0.4284 0.0669,
      -4.9154 0.0000 0.0669,
      -4.8966 -0.4284 0.0669,
      -4.8407 -0.8535 0.0669,
      -4.7479 -1.2722 0.0669,
      -4.6189 -1.6812 0.0669,
      -4.4548 -2.0773 0.0669,
      -4.2568 -2.4577 0.0669,
      -4.0264 -2.8193 0.0669,
      -3.7654 -3.1595 0.0669,
      -3.4757 -3.4757 0.0669,
      -3.1595 -3.7654 0.0669,
      -2.8193 -4.0264 0.0669,
      -2.4577 -4.2568 0.0669,
      -2.0773 -4.4548 0.0669,
      -1.6812 -4.6189 0.0669,
      -1.2722 -4.7479 0.0669,
      -0.8535 -4.8407 0.0669,
      -0.4284 -4.8966 0.0669,
      -0.0000 -4.9154 0.0669,
      0.4284 -4.8966 0.0669,
      0.8535 -4.8407 0.0669,
      1.2722 -4.7479 0.0669,
      1.6812 -4.6189 0.0669,
      2.0773 -4.4548 0.0669,
      2.4577 -4.2568 0.0669,
      2.8193 -4.0264 0.0669,
      3.1595 -3.7654 0.0669,
      3.4757 -3.4757 0.0669,
      3.7654 -3.1595 0.0669,
      4.0264 -2.8193 0.0669,
      4.2568 -2.4577 0.0669,
      4.4548 -2.0773 0.0669,
      4.6189 -1.6812 0.0669,
      4.7479 -1.2722 0.0669,
      4.8407 -0.8535 0.0669,
      4.8966 -0.4284 0.0669,
      4.9213 0.0000 0.0984,
      4.9025 0.4289 0.0984,
      4.8465 0.8546 0.0984,
      4.7536 1.2737 0.0984,
      4.6245 1.6832 0.0984,
      4.4602 2.0798 0.0984,
      4.2619 2.4606 0.0984,
      4.0313 2.8227 0.0984,
      3.7699 3.1633 0.0984,
      3.4799 3.4799 0.0984,
      3.1633 3.7699 0.0984,
      2.8227 4.0313 0.0984,
      2.4606 4.2619 0.0984,
      2.0798 4.4602 0.0984,
      1.6832 4.6245 0.0984,
      1.2737 4.7536 0.0984,
      0.8546 4.8465 0.0984,
      0.4289 4.9025 0.0984,
      0.0000 4.9213 0.0984,
      -0.4289 4.9025 0.0984,
      -0.8546 4.8465 0.0984,
      -1.2737 4.7536 0.0984,
      -1.6832 4.6245 0.0984,
      -2.0798 4.4602 0.0984,
      -2.4606 4.2619 0.0984,
      -2.8227 4.0313 0.0984,
      -3.1633 3.7699 0.0984,
      -3.4799 3.4799 0.0984,
      -3.7699 3.1633 0.0984,
      -4.0313 2.8227 0.0984,
      -4.2619 2.4606 0.0984,
      -4.4602 2.0798 0.0984,
      -4.6245 1.6832 0.0984,
      -4.7536 1.2737 0.0984,
      -4.8465 0.8546 0.0984,
      -4.9025 0.4289 0.0984,
      -4.9213 0.0000 0.0984,
      -4.9025 -0.4289 0.0984,
      -4.8465 -0.8546 0.0984,
      -4.7536 -1.2737 0.0984,
      -4.6245 -1.6832 0.0984,
      -4.4602 -2.0798 0.0984,
      -4.2619 -2.4606 0.0984,
      -4.0313 -2.8227 0.0984,
      -3.7699 -3.1633 0.0984,
      -3.4799 -3.4799 0.0984,
      -3.1633 -3.7699 0.0984,
      -2.8227 -4.0313 0.0984,
      -2.4606 -4.2619 0.0984,
      -2.0798 -4.4602 0.0984,
      -1.6832 -4.6245 0.0984,
      -1.2737 -4.7536 0.0984,
      -0.8546 -4.8465 0.0984,
      -0.4289 -4.9025 0.0984,
      -0.0000 -4.9213 0.0984,
      0.4289 -4.9025 0.0984,
      0.8546 -4.8465 0.0984,
      1.2737 -4.7536 0.0984,
      1.6832 -4.6245 0.0984,
      2.0798 -4.4602 0.0984,
      2.4606 -4.2619 0.0984,
      2.8227 -4.0313 0.0984,
      3.1633 -3.7699 0.0984,
      3.4799 -3.4799 0.0984,
      3.7699 -3.1633 0.0984,
      4.0313 -2.8227 0.0984,
      4.2619 -2.4606 0.0984,
      4.4602 -2.0798 0.0984,
      4.6245 -1.6832 0.0984,
      4.7536 -1.2737 0.0984,
      4.8465 -0.8546 0.0984,
      4.9025 -0.4289 0.0984,
      4.9193 0.0000 0.1260,
      4.9006 0.4287 0.1260,
      4.8446 0.8542 0.1260,
      4.7517 1.2732 0.1260,
      4.6226 1.6825 0.1260,
      4.4584 2.0790 0.1260,
      4.2602 2.4596 0.1260,
      4.0296 2.8216 0.1260,
      3.7684 3.1621 0.1260,
      3.4785 3.4785 0.1260,
      3.1621 3.7684 0.1260,
      2.8216 4.0296 0.1260,
      2.4596 4.2602 0.1260,
      2.0790 4.4584 0.1260,
      1.6825 4.6226 0.1260,
      1.2732 4.7517 0.1260,
      0.8542 4.8446 0.1260,
      0.4287 4.9006 0.1260,
      0.0000 4.9193 0.1260,
      -0.4287 4.9006 0.1260,
      -0.8542 4.8446 0.1260,
      -1.2732 4.7517 0.1260,
      -1.6825 4.6226 0.1260,
      -2.0790 4.4584 0.1260,
      -2.4596 4.2602 0.1260,
      -2.8216 4.0296 0.1260,
      -3.1621 3.7684 0.1260,
      -3.4785 3.4785 0.1260,
      -3.7684 3.1621 0.1260,
      -4.0296 2.8216 0.1260,
      -4.2602 2.4596 0.1260,
      -4.4584 2.0790 0.1260,
      -4.6226 1.6825 0.1260,
      -4.7517 1.2732 0.1260,
      -4.8446 0.8542 0.1260,
      -4.9006 0.4287 0.1260,
      -4.9193 0.0000 0.1260,
      -4.9006 -0.4287 0.1260,
      -4.8446 -0.8542 0.1260,
      -4.7517 -1.2732 0.1260,
      -4.6226 -1.6825 0.1260,
      -4.4584 -2.0790 0.1260,
      -4.2602 -2.4596 0.1260,
      -4.0296 -2.8216 0.1260,
      -3.7684 -3.1621 0.1260,
      -3.4785 -3.4785 0.1260,
      -3.1621 -3.7684 0.1260,
      -2.8216 -4.0296 0.1260,
      -2.4596 -4.2602 0.1260,
      -2.0790 -4.4584 0.1260,
      -1.6825 -4.6226 0.1260,
      -1.2732 -4.7517 0.1260,
      -0.8542 -4.8446 0.1260,
      -0.4287 -4.9006 0.1260,
      -0.0000 -4.9193 0.1260,
      0.4287 -4.9006 0.1260,
      0.8542 -4.8446 0.1260,
      1.2732 -4.7517 0.1260,
      1.6825 -4.6226 0.1260,
      2.0790 -4.4584 0.1260,
      2.4596 -4.2602 0.1260,
      2.8216 -4.0296 0.1260,
      3.1621 -3.7684 0.1260,
      3.4785 -3.4785 0.1260,
      3.7684 -3.1621 0.1260,
      4.0296 -2.8216 0.1260,
      4.2602 -2.4596 0.1260,
      4.4584 -2.0790 0.1260,
      4.6226 -1.6825 0.1260,
      4.7517 -1.2732 0.1260,
      4.8446 -0.8542 0.1260,
      4.9006 -0.4287 0.1260,
      4.8839 0.0000 0.1693,
      4.8653 0.4257 0.1693,
      4.8097 0.8481 0.1693,
      4.7174 1.2640 0.1693,
      4.5893 1.6704 0.1693,
      4.4263 2.0640 0.1693,
      4.2295 2.4419 0.1693,
      4.0006 2.8013 0.1693,
      3.7413 3.1393 0.1693,
      3.4534 3.4534 0.1693,
      3.1393 3.7413 0.1693,
      2.8013 4.0006 0.1693,
      2.4419 4.2295 0.1693,
      2.0640 4.4263 0.1693,
      1.6704 4.5893 0.1693,
      1.2640 4.7174 0.1693,
      0.8481 4.8097 0.1693,
      0.4257 4.8653 0.1693,
      0.0000 4.8839 0.1693,
      -0.4257 4.8653 0.1693,
      -0.8481 4.8097 0.1693,
      -1.2640 4.7174 0.1693,
      -1.6704 4.5893 0.1693,
      -2.0640 4.4263 0.1693,
      -2.4419 4.2295 0.1693,
      -2.8013 4.0006 0.1693,
      -3.1393 3.7413 0.1693,
      -3.4534 3.4534 0.1693,
      -3.7413 3.1393 0.1693,
      -4.0006 2.8013 0.1693,
      -4.2295 2.4419 0.1693,
      -4.4263 2.0640 0.1693,
      -4.5893 1.6704 0.1693,
      -4.7174 1.2640 0.1693,
      -4.8097 0.8481 0.1693,
      -4.8653 0.4257 0.1693,
      -4.8839 0.0000 0.1693,
      -4.8653 -0.4257 0.1693,
      -4.8097 -0.8481 0.1693,
      -4.7174 -1.2640 0.1693,
      -4.5893 -1.6704 0.1693,
      -4.4263 -2.0640 0.1693,
      -4.2295 -2.4419 0.1693,
      -4.0006 -2.8013 0.1693,
      -3.7413 -3.1393 0.1693,
      -3.4534 -3.4534 0.1693,
      -3.1393 -3.7413 0.1693,
      -2.8013 -4.0006 0.1693,
      -2.4419 -4.2295 0.1693,
      -2.0640 -4.4263 0.1693,
      -1.6704 -4.5893 0.1693,
      -1.2640 -4.7174 0.1693,
      -0.8481 -4.8097 0.1693,
      -0.4257 -4.8653 0.1693,
      -0.0000 -4.8839 0.1693,
      0.4257 -4.8653 0.1693,
      0.8481 -4.8097 0.1693,
      1.2640 -4.7174 0.1693,
      1.6704 -4.5893 0.1693,
      2.0640 -4.4263 0.1693,
      2.4419 -4.2295 0.1693,
      2.8013 -4.0006 0.1693,
      3.1393 -3.7413 0.1693,
      3.4534 -3.4534 0.1693,
      3.7413 -3.1393 0.1693,
      4.0006 -2.8013 0.1693,
      4.2295 -2.4419 0.1693,
      4.4263 -2.0640 0.1693,
      4.5893 -1.6704 0.1693,
      4.7174 -1.2640 0.1693,
      4.8097 -0.8481 0.1693,
      4.8653 -0.4257 0.1693,
      4.8760 0.0000 0.1929,
      4.8574 0.4250 0.1929,
      4.8019 0.8467 0.1929,
      4.7098 1.2620 0.1929,
      4.5819 1.6677 0.1929,
      4.4191 2.0607 0.1929,
      4.2227 2.4380 0.1929,
      3.9942 2.7967 0.1929,
      3.7352 3.1342 0.1929,
      3.4478 3.4478 0.1929,
      3.1342 3.7352 0.1929,
      2.7967 3.9942 0.1929,
      2.4380 4.2227 0.1929,
      2.0607 4.4191 0.1929,
      1.6677 4.5819 0.1929,
      1.2620 4.7098 0.1929,
      0.8467 4.8019 0.1929,
      0.4250 4.8574 0.1929,
      0.0000 4.8760 0.1929,
      -0.4250 4.8574 0.1929,
      -0.8467 4.8019 0.1929,
      -1.2620 4.7098 0.1929,
      -1.6677 4.5819 0.1929,
      -2.0607 4.4191 0.1929,
      -2.4380 4.2227 0.1929,
      -2.7967 3.9942 0.1929,
      -3.1342 3.7352 0.1929,
      -3.4478 3.4478 0.1929,
      -3.7352 3.1342 0.1929,
      -3.9942 2.7967 0.1929,
      -4.2227 2.4380 0.1929,
      -4.4191 2.0607 0.1929,
      -4.5819 1.6677 0.1929,
      -4.7098 1.2620 0.1929,
      -4.8019 0.8467 0.1929,
      -4.8574 0.4250 0.1929,
      -4.8760 0.0000 0.1929,
      -4.8574 -0.4250 0.1929,
      -4.8019 -0.8467 0.1929,
      -4.7098 -1.2620 0.1929,
      -4.5819 -1.6677 0.1929,
      -4.4191 -2.0607 0.1929,
      -4.2227 -2.4380 0.1929,
      -3.9942 -2.7967 0.1929,
      -3.7352 -3.1342 0.1929,
      -3.4478 -3.4478 0.1929,
      -3.1342 -3.7352 0.1929,
      -2.7967 -3.9942 0.1929,
      -2.4380 -4.2227 0.1929,
      -2.0607 -4.4191 0.1929,
      -1.6677 -4.5819 0.1929,
      -1.2620 -4.7098 0.1929,
      -0.8467 -4.8019 0.1929,
      -0.4250 -4.8574 0.1929,
      -0.0000 -4.8760 0.1929,
      0.4250 -4.8574 0.1929,
      0.8467 -4.8019 0.1929,
      1.2620 -4.7098 0.1929,
      1.6677 -4.5819 0.1929,
      2.0607 -4.4191 0.1929,
      2.4380 -4.2227 0.1929,
      2.7967 -3.9942 0.1929,
      3.1342 -3.7352 0.1929,
      3.4478 -3.4478 0.1929,
      3.7352 -3.1342 0.1929,
      3.9942 -2.7967 0.1929,
      4.2227 -2.4380 0.1929,
      4.4191 -2.0607 0.1929,
      4.5819 -1.6677 0.1929,
      4.7098 -1.2620 0.1929,
      4.8019 -0.8467 0.1929,
      4.8574 -0.4250 0.1929,
      4.9035 0.0000 0.2323,
      4.8849 0.4274 0.2323,
      4.8290 0.8515 0.2323,
      4.7365 1.2691 0.2323,
      4.6078 1.6771 0.2323,
      4.4441 2.0723 0.2323,
      4.2466 2.4518 0.2323,
      4.0167 2.8126 0.2323,
      3.7563 3.1519 0.2323,
      3.4673 3.4673 0.2323,
      3.1519 3.7563 0.2323,
      2.8126 4.0167 0.2323,
      2.4518 4.2466 0.2323,
      2.0723 4.4441 0.2323,
      1.6771 4.6078 0.2323,
      1.2691 4.7365 0.2323,
      0.8515 4.8290 0.2323,
      0.4274 4.8849 0.2323,
      0.0000 4.9035 0.2323,
      -0.4274 4.8849 0.2323,
      -0.8515 4.8290 0.2323,
      -1.2691 4.7365 0.2323,
      -1.6771 4.6078 0.2323,
      -2.0723 4.4441 0.2323,
      -2.4518 4.2466 0.2323,
      -2.8126 4.0167 0.2323,
      -3.1519 3.7563 0.2323,
      -3.4673 3.4673 0.2323,
      -3.7563 3.1519 0.2323,
      -4.0167 2.8126 0.2323,
      -4.2466 2.4518 0.2323,
      -4.4441 2.0723 0.2323,
      -4.6078 1.6771 0.2323,
      -4.7365 1.2691 0.2323,
      -4.8290 0.8515 0.2323,
      -4.8849 0.4274 0.2323,
      -4.9035 0.0000 0.2323,
      -4.8849 -0.4274 0.2323,
      -4.8290 -0.8515 0.2323,
      -4.7365 -1.2691 0.2323,
      -4.6078 -1.6771 0.2323,
      -4.4441 -2.0723 0.2323,
      -4.2466 -2.4518 0.2323,
      -4.0167 -2.8126 0.2323,
      -3.7563 -3.1519 0.2323,
      -3.4673 -3.4673 0.2323,
      -3.1519 -3.7563 0.2323,
      -2.8126 -4.0167 0.2323,
      -2.4518 -4.2466 0.2323,
      -2.0723 -4.4441 0.2323,
      -1.6771 -4.6078 0.2323,
      -1.2691 -4.7365 0.2323,
      -0.8515 -4.8290 0.2323,
      -0.4274 -4.8849 0.2323,
      -0.0000 -4.9035 0.2323,
      0.4274 -4.8849 0.2323,
      0.8515 -4.8290 0.2323,
      1.2691 -4.7365 0.2323,
      1.6771 -4.6078 0.2323,
      2.0723 -4.4441 0.2323,
      2.4518 -4.2466 0.2323,
      2.8126 -4.0167 0.2323,
      3.1519 -3.7563 0.2323,
      3.4673 -3.4673 0.2323,
      3.7563 -3.1519 0.2323,
      4.0167 -2.8126 0.2323,
      4.2466 -2.4518 0.2323,
      4.4441 -2.0723 0.2323,
      4.6078 -1.6771 0.2323,
      4.7365 -1.2691 0.2323,
      4.8290 -0.8515 0.2323,
      4.8849 -0.4274 0.2323,
      0.0000 0.0000 0.0079,
      0.0000 0.0000 0.2323
  ] }
  coordIndex [
      0, 1, 73, 72, -1,
      1, 2, 74, 73, -1,
      2, 3, 75, 74, -1,
      3, 4, 76, 75, -1,
      4, 5, 77, 76, -1,
      5, 6, 78, 77, -1,
      6, 7, 79, 78, -1,
      7, 8, 80, 79, -1,
      8, 9, 81, 80, -1,
      9, 10, 82, 81, -1,
      10, 11, 83, 82, -1,
      11, 12, 84, 83, -1,
      12, 13, 85, 84, -1,
      13, 14, 86, 85, -1,
      14, 15, 87, 86, -1,
      15, 16, 88, 87, -1,
      16, 17, 89, 88, -1,
      17, 18, 90, 89, -1,
      18, 19, 91, 90, -1,
      19, 20, 92, 91, -1,
      20, 21, 93, 92, -1,
      21, 22, 94, 93, -1,
      22, 23, 95, 94, -1,
      23, 24, 96, 95, -1,
      24, 25, 97, 96, -1,
      25, 26, 98, 97, -1,
      26, 27, 99, 98, -1,
      27, 28, 100, 99, -1,
      28, 29, 101, 100, -1,
      29, 30, 102, 101, -1,
      30, 31, 103, 102, -1,
      31, 32, 104, 103, -1,
      32, 33, 105, 104, -1,
      33, 34, 106, 105, -1,
      34, 35, 107, 106, -1,
      35, 36, 108, 107, -1,
      36, 37, 109, 108, -1,
      37, 38, 110, 109, -1,
      38, 39, 111, 110, -1,
      39, 40, 112, 111, -1,
      40, 41, 113, 112, -1,
      41, 42, 114, 113, -1,
      42, 43, 115, 114, -1,
      43, 44, 116, 115, -1,
      44, 45, 117, 116, -1,
      45, 46, 118, 117, -1,
      46, 47, 119, 118, -1,
      47, 48, 120, 119, -1,
      48, 49, 121, 120, -1,
      49, 50, 122, 121, -1,
      50, 51, 123, 122, -1,
      51, 52, 124, 123, -1,
      52, 53, 125, 124, -1,
      53, 54, 126, 125, -1,
      54, 55, 127, 126, -1,
      55, 56, 128, 127, -1,
      56, 57, 129, 128, -1,
      57, 58, 130, 129, -1,
      58, 59, 131, 130, -1,
      59, 60, 132, 131, -1,
      60, 61, 133, 132, -1,
      61, 62, 134, 133, -1,
      62, 63, 135, 134, -1,
      63, 64, 136, 135, -1,
      64, 65, 137, 136, -1,
      65, 66, 138, 137, -1,
      66, 67, 139, 138, -1,
      67, 68, 140, 139, -1,
      68, 69, 141, 140, -1,
      69, 70, 142, 141, -1,
      70, 71, 143, 142, -1,
      71, 0, 72, 143, -1,
      72, 73, 145, 144, -1,
      73, 74, 146, 145, -1,
      74, 75, 147, 146, -1,
      75, 76, 148, 147, -1,
      76, 77, 149, 148, -1,
      77, 78, 150, 149, -1,
      78, 79, 151, 150, -1,
      79, 80, 152, 151, -1,
      80, 81, 153, 152, -1,
      81, 82, 154, 153, -1,
      82, 83, 155, 154, -1,
      83, 84, 156, 155, -1,
      84, 85, 157, 156, -1,
      85, 86, 158, 157, -1,
      86, 87, 159, 158, -1,
      87, 88, 160, 159, -1,
      88, 89, 161, 160, -1,
      89, 90, 162, 161, -1,
      90, 91, 163, 162, -1,
      91, 92, 164, 163, -1,
      92, 93, 165, 164, -1,
      93, 94, 166, 165, -1,
      94, 95, 167, 166, -1,
      95, 96, 168, 167, -1,
      96, 97, 169, 168, -1,
      97, 98, 170, 169, -1,
      98, 99, 171, 170, -1,
      99, 100, 172, 171, -1,
      100, 101, 173, 172, -1,
      101, 102, 174, 173, -1,
      102, 103, 175, 174, -1,
      103, 104, 176, 175, -1,
      104, 105, 177, 176, -1,
      105, 106, 178, 177, -1,
      106, 107, 179, 178, -1,
      107, 108, 180, 179, -1,
      108, 109, 181, 180, -1,
      109, 110, 182, 181, -1,
      110, 111, 183, 182, -1,
      111, 112, 184, 183, -1,
      112, 113, 185, 184, -1,
      113, 114, 186, 185, -1,
      114, 115, 187, 186, -1,
      115, 116, 188, 187, -1,
      116, 117, 189, 188, -1,
      117, 118, 190, 189, -1,
      118, 119, 191, 190, -1,
      119, 120, 192, 191, -1,
      120, 121, 193, 192, -1,
      121, 122, 194, 193, -1,
      122, 123, 195, 194, -1,
      123, 124, 196, 195, -1,
      124, 125, 197, 196, -1,
      125, 126, 198, 197, -1,
      126, 127, 199, 198, -1,
      127, 128, 200, 199, -1,
      128, 129, 201, 200, -1,
      129, 130, 202, 201, -1,
      130, 131, 203, 202, -1,
      131, 132, 204, 203, -1,
      132, 133, 205, 204, -1,
      133, 134, 206, 205, -1,
      134, 135, 207, 206, -1,
      135, 136, 208, 207, -1,
      136, 137, 209, 208, -1,
      137, 138, 210, 209, -1,
      138, 139, 211, 210, -1,
      139, 140, 212, 211, -1,
      140, 141, 213, 212, -1,
      141, 142, 214, 213, -1,
      142, 143, 215, 214, -1,
      143, 72, 144, 215, -1,
      144, 145, 217, 216, -1,
      145, 146, 218, 217, -1,
      146, 147, 219, 218, -1,
      147, 148, 220, 219, -1,
      148, 149, 221, 220, -1,
      149, 150, 222, 221, -1,
      150, 151, 223, 222, -1,
      151, 152, 224, 223, -1,
      152, 153, 225, 224, -1,
      153, 154, 226, 225, -1,
      154, 155, 227, 226, -1,
      155, 156, 228, 227, -1,
      156, 157, 229, 228, -1,
      157, 158, 230, 229, -1,
      158, 159, 231, 230, -1,
      159, 160, 232, 231, -1,
      160, 161, 233, 232, -1,
      161, 162, 234, 233, -1,
      162, 163, 235, 234, -1,
      163, 164, 236, 235, -1,
      164, 165, 237, 236, -1,
      165, 166, 238, 237, -1,
      166, 167, 239, 238, -1,
      167, 168, 240, 239, -1,
      168, 169, 241, 240, -1,
      169, 170, 242, 241, -1,
      170, 171, 243, 242, -1,
      171, 172, 244, 243, -1,
      172, 173, 245, 244, -1,
      173, 174, 246, 245, -1,
      174, 175, 247, 246, -1,
      175, 176, 248, 247, -1,
      176, 177, 249, 248, -1,
      177, 178, 250, 249, -1,
      178, 179, 251, 250, -1,
      179, 180, 252, 251, -1,
      180, 181, 253, 252, -1,
      181, 182, 254, 253, -1,
      182, 183, 255, 254, -1,
      183, 184, 256, 255, -1,
      184, 185, 257, 256, -1,
      185, 186, 258, 257, -1,
      186, 187, 259, 258, -1,
      187, 188, 260, 259, -1,
      188, 189, 261, 260, -1,
      189, 190, 262, 261, -1,
      190, 191, 263, 262, -1,
      191, 192, 264, 263, -1,
      192, 193, 265, 264, -1,
      193, 194, 266, 265, -1,
      194, 195, 267, 266, -1,
      195, 196, 268, 267, -1,
      196, 197, 269, 268, -1,
      197, 198, 270, 269, -1,
      198, 199, 271, 270, -1,
      199, 200, 272, 271, -1,
      200, 201, 273, 272, -1,
      201, 202, 274, 273, -1,
      202, 203, 275, 274, -1,
      203, 204, 276, 275, -1,
      204, 205, 277, 276, -1,
      205, 206, 278, 277, -1,
      206, 207, 279, 278, -1,
      207, 208, 280, 279, -1,
      208, 209, 281, 280, -1,
      209, 210, 282, 281, -1,
      210, 211, 283, 282, -1,
      211, 212, 284, 283, -1,
      212, 213, 285, 284, -1,
      213, 214, 286, 285, -1,
      214, 215, 287, 286, -1,
      215, 144, 216, 287, -1,
      216, 217, 289, 288, -1,
      217, 218, 290, 289, -1,
      218, 219, 291, 290, -1,
      219, 220, 292, 291, -1,
      220, 221, 293, 292, -1,
      221, 222, 294, 293, -1,
      222, 223, 295, 294, -1,
      223, 224, 296, 295, -1,
      224, 225, 297, 296, -1,
      225, 226, 298, 297, -1,
      226, 227, 299, 298, -1,
      227, 228, 300, 299, -1,
      228, 229, 301, 300, -1,
      229, 230, 302, 301, -1,
      230, 231, 303, 302, -1,
      231, 232, 304, 303, -1,
      232, 233, 305, 304, -1,
      233, 234, 306, 305, -1,
      234, 235, 307, 306, -1,
      235, 236, 308, 307, -1,
      236, 237, 309, 308, -1,
      237, 238, 310, 309, -1,
      238, 239, 311, 310, -1,
      239, 240, 312, 311, -1,
      240, 241, 313, 312, -1,
      241, 242, 314, 313, -1,
      242, 243, 315, 314, -1,
      243, 244, 316, 315, -1,
      244, 245, 317, 316, -1,
      245, 246, 318, 317, -1,
      246, 247, 319, 318, -1,
      247, 248, 320, 319, -1,
      248, 249, 321, 320, -1,
      249, 250, 322, 321, -1,
      250, 251, 323, 322, -1,
      251, 252, 324, 323, -1,
      252, 253, 325, 324, -1,
      253, 254, 326, 325, -1,
      254, 255, 327, 326, -1,
      255, 256, 328, 327, -1,
      256, 257, 329, 328, -1,
      257, 258, 330, 329, -1,
      258, 259, 331, 330, -1,
      259, 260, 332, 331, -1,
      260, 261, 333, 332, -1,
      261, 262, 334, 333, -1,
      262, 263, 335, 334, -1,
      263, 264, 336, 335, -1,
      264, 265, 337, 336, -1,
      265, 266, 338, 337, -1,
      266, 267, 339, 338, -1,
      267, 268, 340, 339, -1,
      268, 269, 341, 340, -1,
      269, 270, 342, 341, -1,
      270, 271, 343, 342, -1,
      271, 272, 344, 343, -1,
      272, 273, 345, 344, -1,
      273, 274, 346, 345, -1,
      274, 275, 347, 346, -1,
      275, 276, 348, 347, -1,
      276, 277, 349, 348, -1,
      277, 278, 350, 349, -1,
      278, 279, 351, 350, -1,
      279, 280, 352, 351, -1,
      280, 281, 353, 352, -1,
      281, 282, 354, 353, -1,
      282, 283, 355, 354, -1,
      283, 284, 356, 355, -1,
      284, 285, 357, 356, -1,
      285, 286, 358, 357, -1,
      286, 287, 359, 358, -1,
      287, 216, 288, 359, -1,
      288, 289, 361, 360, -1,
      289, 290, 362, 361, -1,
      290, 291, 363, 362, -1,
      291, 292, 364, 363, -1,
      292, 293, 365, 364, -1,
      293, 294, 366, 365, -1,
      294, 295, 367, 366, -1,
      295, 296, 368, 367, -1,
      296, 297, 369, 368, -1,
      297, 298, 370, 369, -1,
      298, 299, 371, 370, -1,
      299, 300, 372, 371, -1,
      300, 301, 373, 372, -1,
      301, 302, 374, 373, -1,
      302, 303, 375, 374, -1,
      303, 304, 376, 375, -1,
      304, 305, 377, 376, -1,
      305, 306, 378, 377, -1,
      306, 307, 379, 378, -1,
      307, 308, 380, 379, -1,
      308, 309, 381, 380, -1,
      309, 310, 382, 381, -1,
      310, 311, 383, 382, -1,
      311, 312, 384, 383, -1,
      312, 313, 385, 384, -1,
      313, 314, 386, 385, -1,
      314, 315, 387, 386, -1,
      315, 316, 388, 387, -1,
      316, 317, 389, 388, -1,
      317, 318, 390, 389, -1,
      318, 319, 391, 390, -1,
      319, 320, 392, 391, -1,
      320, 321, 393, 392, -1,
      321, 322, 394, 393, -1,
      322, 323, 395, 394, -1,
      323, 324, 396, 395, -1,
      324, 325, 397, 396, -1,
      325, 326, 398, 397, -1,
      326, 327, 399, 398, -1,
      327, 328, 400, 399, -1,
      328, 329, 401, 400, -1,
      329, 330, 402, 401, -1,
      330, 331, 403, 402, -1,
      331, 332, 404, 403, -1,
      332, 333, 405, 404, -1,
      333, 334, 406, 405, -1,
      334, 335, 407, 406, -1,
      335, 336, 408, 407, -1,
      336, 337, 409, 408, -1,
      337, 338, 410, 409, -1,
      338, 339, 411, 410, -1,
      339, 340, 412, 411, -1,
      340, 341, 413, 412, -1,
      341, 342, 414, 413, -1,
      342, 343, 415, 414, -1,
      343, 344, 416, 415, -1,
      344, 345, 417, 416, -1,
      345, 346, 418, 417, -1,
      346, 347, 419, 418, -1,
      347, 348, 420, 419, -1,
      348, 349, 421, 420, -1,
      349, 350, 422, 421, -1,
      350, 351, 423, 422, -1,
      351, 352, 424, 423, -1,
      352, 353, 425, 424, -1,
      353, 354, 426, 425, -1,
      354, 355, 427, 426, -1,
      355, 356, 428, 427, -1,
      356, 357, 429, 428, -1,
      357, 358, 430, 429, -1,
      358, 359, 431, 430, -1,
      359, 288, 360, 431, -1,
      360, 361, 433, 432, -1,
      361, 362, 434, 433, -1,
      362, 363, 435, 434, -1,
      363, 364, 436, 435, -1,
      364, 365, 437, 436, -1,
      365, 366, 438, 437, -1,
      366, 367, 439, 438, -1,
      367, 368, 440, 439, -1,
      368, 369, 441, 440, -1,
      369, 370, 442, 441, -1,
      370, 371, 443, 442, -1,
      371, 372, 444, 443, -1,
      372, 373, 445, 444, -1,
      373, 374, 446, 445, -1,
      374, 375, 447, 446, -1,
      375, 376, 448, 447, -1,
      376, 377, 449, 448, -1,
      377, 378, 450, 449, -1,
      378, 379, 451, 450, -1,
      379, 380, 452, 451, -1,
      380, 381, 453, 452, -1,
      381, 382, 454, 453, -1,
      382, 383, 455, 454, -1,
      383, 384, 456, 455, -1,
      384, 385, 457, 456, -1,
      385, 386, 458, 457, -1,
      386, 387, 459, 458, -1,
      387, 388, 460, 459, -1,
      388, 389, 461, 460, -1,
      389, 390, 462, 461, -1,
      390, 391, 463, 462, -1,
      391, 392, 464, 463, -1,
      392, 393, 465, 464, -1,
      393, 394, 466, 465, -1,
      394, 395, 467, 466, -1,
      395, 396, 468, 467, -1,
      396, 397, 469, 468, -1,
      397, 398, 470, 469, -1,
      398, 399, 471, 470, -1,
      399, 400, 472, 471, -1,
      400, 401, 473, 472, -1,
      401, 402, 474, 473, -1,
      402, 403, 475, 474, -1,
      403, 404, 476, 475, -1,
      404, 405, 477, 476, -1,
      405, 406, 478, 477, -1,
      406, 407, 479, 478, -1,
      407, 408, 480, 479, -1,
      408, 409, 481, 480, -1,
      409, 410, 482, 481, -1,
      410, 411, 483, 482, -1,
      411, 412, 484, 483, -1,
      412, 413, 485, 484, -1,
      413, 414, 486, 485, -1,
      414, 415, 487, 486, -1,
      415, 416, 488, 487, -1,
      416, 417, 489, 488, -1,
      417, 418, 490, 489, -1,
      418, 419, 491, 490, -1,
      419, 420, 492, 491, -1,
      420, 421, 493, 492, -1,
      421, 422, 494, 493, -1,
      422, 423, 495, 494, -1,
      423, 424, 496, 495, -1,
      424, 425, 497, 496, -1,
      425, 426, 498, 497, -1,
      426, 427, 499, 498, -1,
      427, 428, 500, 499, -1,
      428, 429, 501, 500, -1,
      429, 430, 502, 501, -1,
      430, 431, 503, 502, -1,
      431, 360, 432, 503, -1,
      432, 433, 505, 504, -1,
      433, 434, 506, 505, -1,
      434, 435, 507, 506, -1,
      435, 436, 508, 507, -1,
      436, 437, 509, 508, -1,
      437, 438, 510, 509, -1,
      438, 439, 511, 510, -1,
      439, 440, 512, 511, -1,
      440, 441, 513, 512, -1,
      441, 442, 514, 513, -1,
      442, 443, 515, 514, -1,
      443, 444, 516, 515, -1,
      444, 445, 517, 516, -1,
      445, 446, 518, 517, -1,
      446, 447, 519, 518, -1,
      447, 448, 520, 519, -1,
      448, 449, 521, 520, -1,
      449, 450, 522, 521, -1,
      450, 451, 523, 522, -1,
      451, 452, 524, 523, -1,
      452, 453, 525, 524, -1,
      453, 454, 526, 525, -1,
      454, 455, 527, 526, -1,
      455, 456, 528, 527, -1,
      456, 457, 529, 528, -1,
      457, 458, 530, 529, -1,
      458, 459, 531, 530, -1,
      459, 460, 532, 531, -1,
      460, 461, 533, 532, -1,
      461, 462, 534, 533, -1,
      462, 463, 535, 534, -1,
      463, 464, 536, 535, -1,
      464, 465, 537, 536, -1,
      465, 466, 538, 537, -1,
      466, 467, 539, 538, -1,
      467, 468, 540, 539, -1,
      468, 469, 541, 540, -1,
      469, 470, 542, 541, -1,
      470, 471, 543, 542, -1,
      471, 472, 544, 543, -1,
      472, 473, 545, 544, -1,
      473, 474, 546, 545, -1,
      474, 475, 547, 546, -1,
      475, 476, 548, 547, -1,
      476, 477, 549, 548, -1,
      477, 478, 550, 549, -1,
      478, 479, 551, 550, -1,
      479, 480, 552, 551, -1,
      480, 481, 553, 552, -1,
      481, 482, 554, 553, -1,
      482, 483, 555, 554, -1,
      483, 484, 556, 555, -1,
      484, 485, 557, 556, -1,
      485, 486, 558, 557, -1,
      486, 487, 559, 558, -1,
      487, 488, 560, 559, -1,
      488, 489, 561, 560, -1,
      489, 490, 562, 561, -1,
      490, 491, 563, 562, -1,
      491, 492, 564, 563, -1,
      492, 493, 565, 564, -1,
      493, 494, 566, 565, -1,
      494, 495, 567, 566, -1,
      495, 496, 568, 567, -1,
      496, 497, 569, 568, -1,
      497, 498, 570, 569, -1,
      498, 499, 571, 570, -1,
      499, 500, 572, 571, -1,
      500, 501, 573, 572, -1,
      501, 502, 574, 573, -1,
      502, 503, 575, 574, -1,
      503, 432, 504, 575, -1,
      576, 1, 0, -1,
      577, 504, 505, -1,
      576, 2, 1, -1,
      577, 505, 506, -1,
      576, 3, 2, -1,
      577, 506, 507, -1,
      576, 4, 3, -1,
      577, 507, 508, -1,
      576, 5, 4, -1,
      577, 508, 509, -1,
      576, 6, 5, -1,
      577, 509, 510, -1,
      576, 7, 6, -1,
      577, 510, 511, -1,
      576, 8, 7, -1,
      577, 511, 512, -1,
      576, 9, 8, -1,
      577, 512, 513, -1,
      576, 10, 9, -1,
      577, 513, 514, -1,
      576, 11, 10, -1,
      577, 514, 515, -1,
      576, 12, 11, -1,
      577, 515, 516, -1,
      576, 13, 12, -1,
      577, 516, 517, -1,
      576, 14, 13, -1,
      577, 517, 518, -1,
      576, 15, 14, -1,
      577, 518, 519, -1,
      576, 16, 15, -1,
      577, 519, 520, -1,
      576, 17, 16, -1,
      577, 520, 521, -1,
      576, 18, 17, -1,
      577, 521, 522, -1,
      576, 19, 18, -1,
      577, 522, 523, -1,
      576, 20, 19, -1,
      577, 523, 524, -1,
      576, 21, 20, -1,
      577, 524, 525, -1,
      576, 22, 21, -1,
      577, 525, 526, -1,
      576, 23, 22, -1,
      577, 526, 527, -1,
      576, 24, 23, -1,
      577, 527, 528, -1,
      576, 25, 24, -1,
      577, 528, 529, -1,
      576, 26, 25, -1,
      577, 529, 530, -1,
      576, 27, 26, -1,
      577, 530, 531, -1,
      576, 28, 27, -1,
      577, 531, 532, -1,
      576, 29, 28, -1,
      577, 532, 533, -1,
      576, 30, 29, -1,
      577, 533, 534, -1,
      576, 31, 30, -1,
      577, 534, 535, -1,
      576, 32, 31, -1,
      577, 535, 536, -1,
      576, 33, 32, -1,
      577, 536, 537, -1,
      576, 34, 33, -1,
      577, 537, 538, -1,
      576, 35, 34, -1,
      577, 538, 539, -1,
      576, 36, 35, -1,
      577, 539, 540, -1,
      576, 37, 36, -1,
      577, 540, 541, -1,
      576, 38, 37, -1,
      577, 541, 542, -1,
      576, 39, 38, -1,
      577, 542, 543, -1,
      576, 40, 39, -1,
      577, 543, 544, -1,
      576, 41, 40, -1,
      577, 544, 545, -1,
      576, 42, 41, -1,
      577, 545, 546, -1,
      576, 43, 42, -1,
      577, 546, 547, -1,
      576, 44, 43, -1,
      577, 547, 548, -1,
      576, 45, 44, -1,
      577, 548, 549, -1,
      576, 46, 45, -1,
      577, 549, 550, -1,
      576, 47, 46, -1,
      577, 550, 551, -1,
      576, 48, 47, -1,
      577, 551, 552, -1,
      576, 49, 48, -1,
      577, 552, 553, -1,
      576, 50, 49, -1,
      577, 553, 554, -1,
      576, 51, 50, -1,
      577, 554, 555, -1,
      576, 52, 51, -1,
      577, 555, 556, -1,
      576, 53, 52, -1,
      577, 556, 557, -1,
      576, 54, 53, -1,
      577, 557, 558, -1,
      576, 55, 54, -1,
      577, 558, 559, -1,
      576, 56, 55, -1,
      577, 559, 560, -1,
      576, 57, 56, -1,
      577, 560, 561, -1,
      576, 58, 57, -1,
      577, 561, 562, -1,
      576, 59, 58, -1,
      577, 562, 563, -1,
      576, 60, 59, -1,
      577, 563, 564, -1,
      576, 61, 60, -1,
      577, 564, 565, -1,
      576, 62, 61, -1,
      577, 565, 566, -1,
      576, 63, 62, -1,
      577, 566, 567, -1,
      576, 64, 63, -1,
      577, 567, 568, -1,
      576, 65, 64, -1,
      577, 568, 569, -1,
      576, 66, 65, -1,
      577, 569, 570, -1,
      576, 67, 66, -1,
      577, 570, 571, -1,
      576, 68, 67, -1,
      577, 571, 572, -1,
      576, 69, 68, -1,
      577, 572, 573, -1,
      576, 70, 69, -1,
      577, 573, 574, -1,
      576, 71, 70, -1,
      577, 574, 575, -1,
      576, 0, 71, -1,
      577, 575, 504, -1
  ]
  creaseAngle 1.15
  solid TRUE
} }
# Black sleeve and rounded top shoulder
Shape { appearance USE SLEEVE geometry IndexedFaceSet {
  coord Coordinate { point [
      4.8012 0.0000 0.0945,
      4.7829 0.4185 0.0945,
      4.7282 0.8337 0.0945,
      4.6376 1.2426 0.0945,
      4.5116 1.6421 0.0945,
      4.3513 2.0291 0.0945,
      4.1579 2.4006 0.0945,
      3.9329 2.7538 0.0945,
      3.6779 3.0861 0.0945,
      3.3949 3.3949 0.0945,
      3.0861 3.6779 0.0945,
      2.7538 3.9329 0.0945,
      2.4006 4.1579 0.0945,
      2.0291 4.3513 0.0945,
      1.6421 4.5116 0.0945,
      1.2426 4.6376 0.0945,
      0.8337 4.7282 0.0945,
      0.4185 4.7829 0.0945,
      0.0000 4.8012 0.0945,
      -0.4185 4.7829 0.0945,
      -0.8337 4.7282 0.0945,
      -1.2426 4.6376 0.0945,
      -1.6421 4.5116 0.0945,
      -2.0291 4.3513 0.0945,
      -2.4006 4.1579 0.0945,
      -2.7538 3.9329 0.0945,
      -3.0861 3.6779 0.0945,
      -3.3949 3.3949 0.0945,
      -3.6779 3.0861 0.0945,
      -3.9329 2.7538 0.0945,
      -4.1579 2.4006 0.0945,
      -4.3513 2.0291 0.0945,
      -4.5116 1.6421 0.0945,
      -4.6376 1.2426 0.0945,
      -4.7282 0.8337 0.0945,
      -4.7829 0.4185 0.0945,
      -4.8012 0.0000 0.0945,
      -4.7829 -0.4185 0.0945,
      -4.7282 -0.8337 0.0945,
      -4.6376 -1.2426 0.0945,
      -4.5116 -1.6421 0.0945,
      -4.3513 -2.0291 0.0945,
      -4.1579 -2.4006 0.0945,
      -3.9329 -2.7538 0.0945,
      -3.6779 -3.0861 0.0945,
      -3.3949 -3.3949 0.0945,
      -3.0861 -3.6779 0.0945,
      -2.7538 -3.9329 0.0945,
      -2.4006 -4.1579 0.0945,
      -2.0291 -4.3513 0.0945,
      -1.6421 -4.5116 0.0945,
      -1.2426 -4.6376 0.0945,
      -0.8337 -4.7282 0.0945,
      -0.4185 -4.7829 0.0945,
      -0.0000 -4.8012 0.0945,
      0.4185 -4.7829 0.0945,
      0.8337 -4.7282 0.0945,
      1.2426 -4.6376 0.0945,
      1.6421 -4.5116 0.0945,
      2.0291 -4.3513 0.0945,
      2.4006 -4.1579 0.0945,
      2.7538 -3.9329 0.0945,
      3.0861 -3.6779 0.0945,
      3.3949 -3.3949 0.0945,
      3.6779 -3.0861 0.0945,
      3.9329 -2.7538 0.0945,
      4.1579 -2.4006 0.0945,
      4.3513 -2.0291 0.0945,
      4.5116 -1.6421 0.0945,
      4.6376 -1.2426 0.0945,
      4.7282 -0.8337 0.0945,
      4.7829 -0.4185 0.0945,
      4.8563 0.0000 0.1260,
      4.8378 0.4233 0.1260,
      4.7825 0.8433 0.1260,
      4.6908 1.2569 0.1260,
      4.5634 1.6610 0.1260,
      4.4013 2.0524 0.1260,
      4.2057 2.4281 0.1260,
      3.9780 2.7855 0.1260,
      3.7201 3.1216 0.1260,
      3.4339 3.4339 0.1260,
      3.1216 3.7201 0.1260,
      2.7855 3.9780 0.1260,
      2.4281 4.2057 0.1260,
      2.0524 4.4013 0.1260,
      1.6610 4.5634 0.1260,
      1.2569 4.6908 0.1260,
      0.8433 4.7825 0.1260,
      0.4233 4.8378 0.1260,
      0.0000 4.8563 0.1260,
      -0.4233 4.8378 0.1260,
      -0.8433 4.7825 0.1260,
      -1.2569 4.6908 0.1260,
      -1.6610 4.5634 0.1260,
      -2.0524 4.4013 0.1260,
      -2.4281 4.2057 0.1260,
      -2.7855 3.9780 0.1260,
      -3.1216 3.7201 0.1260,
      -3.4339 3.4339 0.1260,
      -3.7201 3.1216 0.1260,
      -3.9780 2.7855 0.1260,
      -4.2057 2.4281 0.1260,
      -4.4013 2.0524 0.1260,
      -4.5634 1.6610 0.1260,
      -4.6908 1.2569 0.1260,
      -4.7825 0.8433 0.1260,
      -4.8378 0.4233 0.1260,
      -4.8563 0.0000 0.1260,
      -4.8378 -0.4233 0.1260,
      -4.7825 -0.8433 0.1260,
      -4.6908 -1.2569 0.1260,
      -4.5634 -1.6610 0.1260,
      -4.4013 -2.0524 0.1260,
      -4.2057 -2.4281 0.1260,
      -3.9780 -2.7855 0.1260,
      -3.7201 -3.1216 0.1260,
      -3.4339 -3.4339 0.1260,
      -3.1216 -3.7201 0.1260,
      -2.7855 -3.9780 0.1260,
      -2.4281 -4.2057 0.1260,
      -2.0524 -4.4013 0.1260,
      -1.6610 -4.5634 0.1260,
      -1.2569 -4.6908 0.1260,
      -0.8433 -4.7825 0.1260,
      -0.4233 -4.8378 0.1260,
      -0.0000 -4.8563 0.1260,
      0.4233 -4.8378 0.1260,
      0.8433 -4.7825 0.1260,
      1.2569 -4.6908 0.1260,
      1.6610 -4.5634 0.1260,
      2.0524 -4.4013 0.1260,
      2.4281 -4.2057 0.1260,
      2.7855 -3.9780 0.1260,
      3.1216 -3.7201 0.1260,
      3.4339 -3.4339 0.1260,
      3.7201 -3.1216 0.1260,
      3.9780 -2.7855 0.1260,
      4.2057 -2.4281 0.1260,
      4.4013 -2.0524 0.1260,
      4.5634 -1.6610 0.1260,
      4.6908 -1.2569 0.1260,
      4.7825 -0.8433 0.1260,
      4.8378 -0.4233 0.1260,
      4.8937 0.0000 0.1811,
      4.8751 0.4265 0.1811,
      4.8194 0.8498 0.1811,
      4.7270 1.2666 0.1811,
      4.5986 1.6737 0.1811,
      4.4352 2.0682 0.1811,
      4.2381 2.4469 0.1811,
      4.0087 2.8069 0.1811,
      3.7488 3.1456 0.1811,
      3.4604 3.4604 0.1811,
      3.1456 3.7488 0.1811,
      2.8069 4.0087 0.1811,
      2.4469 4.2381 0.1811,
      2.0682 4.4352 0.1811,
      1.6737 4.5986 0.1811,
      1.2666 4.7270 0.1811,
      0.8498 4.8194 0.1811,
      0.4265 4.8751 0.1811,
      0.0000 4.8937 0.1811,
      -0.4265 4.8751 0.1811,
      -0.8498 4.8194 0.1811,
      -1.2666 4.7270 0.1811,
      -1.6737 4.5986 0.1811,
      -2.0682 4.4352 0.1811,
      -2.4469 4.2381 0.1811,
      -2.8069 4.0087 0.1811,
      -3.1456 3.7488 0.1811,
      -3.4604 3.4604 0.1811,
      -3.7488 3.1456 0.1811,
      -4.0087 2.8069 0.1811,
      -4.2381 2.4469 0.1811,
      -4.4352 2.0682 0.1811,
      -4.5986 1.6737 0.1811,
      -4.7270 1.2666 0.1811,
      -4.8194 0.8498 0.1811,
      -4.8751 0.4265 0.1811,
      -4.8937 0.0000 0.1811,
      -4.8751 -0.4265 0.1811,
      -4.8194 -0.8498 0.1811,
      -4.7270 -1.2666 0.1811,
      -4.5986 -1.6737 0.1811,
      -4.4352 -2.0682 0.1811,
      -4.2381 -2.4469 0.1811,
      -4.0087 -2.8069 0.1811,
      -3.7488 -3.1456 0.1811,
      -3.4604 -3.4604 0.1811,
      -3.1456 -3.7488 0.1811,
      -2.8069 -4.0087 0.1811,
      -2.4469 -4.2381 0.1811,
      -2.0682 -4.4352 0.1811,
      -1.6737 -4.5986 0.1811,
      -1.2666 -4.7270 0.1811,
      -0.8498 -4.8194 0.1811,
      -0.4265 -4.8751 0.1811,
      -0.0000 -4.8937 0.1811,
      0.4265 -4.8751 0.1811,
      0.8498 -4.8194 0.1811,
      1.2666 -4.7270 0.1811,
      1.6737 -4.5986 0.1811,
      2.0682 -4.4352 0.1811,
      2.4469 -4.2381 0.1811,
      2.8069 -4.0087 0.1811,
      3.1456 -3.7488 0.1811,
      3.4604 -3.4604 0.1811,
      3.7488 -3.1456 0.1811,
      4.0087 -2.8069 0.1811,
      4.2381 -2.4469 0.1811,
      4.4352 -2.0682 0.1811,
      4.5986 -1.6737 0.1811,
      4.7270 -1.2666 0.1811,
      4.8194 -0.8498 0.1811,
      4.8751 -0.4265 0.1811,
      4.9114 0.0000 0.2677,
      4.8927 0.4281 0.2677,
      4.8368 0.8529 0.2677,
      4.7441 1.2712 0.2677,
      4.6152 1.6798 0.2677,
      4.4513 2.0757 0.2677,
      4.2534 2.4557 0.2677,
      4.0232 2.8171 0.2677,
      3.7624 3.1570 0.2677,
      3.4729 3.4729 0.2677,
      3.1570 3.7624 0.2677,
      2.8171 4.0232 0.2677,
      2.4557 4.2534 0.2677,
      2.0757 4.4513 0.2677,
      1.6798 4.6152 0.2677,
      1.2712 4.7441 0.2677,
      0.8529 4.8368 0.2677,
      0.4281 4.8927 0.2677,
      0.0000 4.9114 0.2677,
      -0.4281 4.8927 0.2677,
      -0.8529 4.8368 0.2677,
      -1.2712 4.7441 0.2677,
      -1.6798 4.6152 0.2677,
      -2.0757 4.4513 0.2677,
      -2.4557 4.2534 0.2677,
      -2.8171 4.0232 0.2677,
      -3.1570 3.7624 0.2677,
      -3.4729 3.4729 0.2677,
      -3.7624 3.1570 0.2677,
      -4.0232 2.8171 0.2677,
      -4.2534 2.4557 0.2677,
      -4.4513 2.0757 0.2677,
      -4.6152 1.6798 0.2677,
      -4.7441 1.2712 0.2677,
      -4.8368 0.8529 0.2677,
      -4.8927 0.4281 0.2677,
      -4.9114 0.0000 0.2677,
      -4.8927 -0.4281 0.2677,
      -4.8368 -0.8529 0.2677,
      -4.7441 -1.2712 0.2677,
      -4.6152 -1.6798 0.2677,
      -4.4513 -2.0757 0.2677,
      -4.2534 -2.4557 0.2677,
      -4.0232 -2.8171 0.2677,
      -3.7624 -3.1570 0.2677,
      -3.4729 -3.4729 0.2677,
      -3.1570 -3.7624 0.2677,
      -2.8171 -4.0232 0.2677,
      -2.4557 -4.2534 0.2677,
      -2.0757 -4.4513 0.2677,
      -1.6798 -4.6152 0.2677,
      -1.2712 -4.7441 0.2677,
      -0.8529 -4.8368 0.2677,
      -0.4281 -4.8927 0.2677,
      -0.0000 -4.9114 0.2677,
      0.4281 -4.8927 0.2677,
      0.8529 -4.8368 0.2677,
      1.2712 -4.7441 0.2677,
      1.6798 -4.6152 0.2677,
      2.0757 -4.4513 0.2677,
      2.4557 -4.2534 0.2677,
      2.8171 -4.0232 0.2677,
      3.1570 -3.7624 0.2677,
      3.4729 -3.4729 0.2677,
      3.7624 -3.1570 0.2677,
      4.0232 -2.8171 0.2677,
      4.2534 -2.4557 0.2677,
      4.4513 -2.0757 0.2677,
      4.6152 -1.6798 0.2677,
      4.7441 -1.2712 0.2677,
      4.8368 -0.8529 0.2677,
      4.8927 -0.4281 0.2677,
      4.9114 0.0000 14.2756,
      4.8927 0.4281 14.2756,
      4.8368 0.8529 14.2756,
      4.7441 1.2712 14.2756,
      4.6152 1.6798 14.2756,
      4.4513 2.0757 14.2756,
      4.2534 2.4557 14.2756,
      4.0232 2.8171 14.2756,
      3.7624 3.1570 14.2756,
      3.4729 3.4729 14.2756,
      3.1570 3.7624 14.2756,
      2.8171 4.0232 14.2756,
      2.4557 4.2534 14.2756,
      2.0757 4.4513 14.2756,
      1.6798 4.6152 14.2756,
      1.2712 4.7441 14.2756,
      0.8529 4.8368 14.2756,
      0.4281 4.8927 14.2756,
      0.0000 4.9114 14.2756,
      -0.4281 4.8927 14.2756,
      -0.8529 4.8368 14.2756,
      -1.2712 4.7441 14.2756,
      -1.6798 4.6152 14.2756,
      -2.0757 4.4513 14.2756,
      -2.4557 4.2534 14.2756,
      -2.8171 4.0232 14.2756,
      -3.1570 3.7624 14.2756,
      -3.4729 3.4729 14.2756,
      -3.7624 3.1570 14.2756,
      -4.0232 2.8171 14.2756,
      -4.2534 2.4557 14.2756,
      -4.4513 2.0757 14.2756,
      -4.6152 1.6798 14.2756,
      -4.7441 1.2712 14.2756,
      -4.8368 0.8529 14.2756,
      -4.8927 0.4281 14.2756,
      -4.9114 0.0000 14.2756,
      -4.8927 -0.4281 14.2756,
      -4.8368 -0.8529 14.2756,
      -4.7441 -1.2712 14.2756,
      -4.6152 -1.6798 14.2756,
      -4.4513 -2.0757 14.2756,
      -4.2534 -2.4557 14.2756,
      -4.0232 -2.8171 14.2756,
      -3.7624 -3.1570 14.2756,
      -3.4729 -3.4729 14.2756,
      -3.1570 -3.7624 14.2756,
      -2.8171 -4.0232 14.2756,
      -2.4557 -4.2534 14.2756,
      -2.0757 -4.4513 14.2756,
      -1.6798 -4.6152 14.2756,
      -1.2712 -4.7441 14.2756,
      -0.8529 -4.8368 14.2756,
      -0.4281 -4.8927 14.2756,
      -0.0000 -4.9114 14.2756,
      0.4281 -4.8927 14.2756,
      0.8529 -4.8368 14.2756,
      1.2712 -4.7441 14.2756,
      1.6798 -4.6152 14.2756,
      2.0757 -4.4513 14.2756,
      2.4557 -4.2534 14.2756,
      2.8171 -4.0232 14.2756,
      3.1570 -3.7624 14.2756,
      3.4729 -3.4729 14.2756,
      3.7624 -3.1570 14.2756,
      4.0232 -2.8171 14.2756,
      4.2534 -2.4557 14.2756,
      4.4513 -2.0757 14.2756,
      4.6152 -1.6798 14.2756,
      4.7441 -1.2712 14.2756,
      4.8368 -0.8529 14.2756,
      4.8927 -0.4281 14.2756,
      4.9043 0.0000 14.3504,
      4.8857 0.4274 14.3504,
      4.8298 0.8516 14.3504,
      4.7372 1.2693 14.3504,
      4.6086 1.6774 14.3504,
      4.4448 2.0727 14.3504,
      4.2473 2.4522 14.3504,
      4.0174 2.8130 14.3504,
      3.7569 3.1524 14.3504,
      3.4679 3.4679 14.3504,
      3.1524 3.7569 14.3504,
      2.8130 4.0174 14.3504,
      2.4522 4.2473 14.3504,
      2.0727 4.4448 14.3504,
      1.6774 4.6086 14.3504,
      1.2693 4.7372 14.3504,
      0.8516 4.8298 14.3504,
      0.4274 4.8857 14.3504,
      0.0000 4.9043 14.3504,
      -0.4274 4.8857 14.3504,
      -0.8516 4.8298 14.3504,
      -1.2693 4.7372 14.3504,
      -1.6774 4.6086 14.3504,
      -2.0727 4.4448 14.3504,
      -2.4522 4.2473 14.3504,
      -2.8130 4.0174 14.3504,
      -3.1524 3.7569 14.3504,
      -3.4679 3.4679 14.3504,
      -3.7569 3.1524 14.3504,
      -4.0174 2.8130 14.3504,
      -4.2473 2.4522 14.3504,
      -4.4448 2.0727 14.3504,
      -4.6086 1.6774 14.3504,
      -4.7372 1.2693 14.3504,
      -4.8298 0.8516 14.3504,
      -4.8857 0.4274 14.3504,
      -4.9043 0.0000 14.3504,
      -4.8857 -0.4274 14.3504,
      -4.8298 -0.8516 14.3504,
      -4.7372 -1.2693 14.3504,
      -4.6086 -1.6774 14.3504,
      -4.4448 -2.0727 14.3504,
      -4.2473 -2.4522 14.3504,
      -4.0174 -2.8130 14.3504,
      -3.7569 -3.1524 14.3504,
      -3.4679 -3.4679 14.3504,
      -3.1524 -3.7569 14.3504,
      -2.8130 -4.0174 14.3504,
      -2.4522 -4.2473 14.3504,
      -2.0727 -4.4448 14.3504,
      -1.6774 -4.6086 14.3504,
      -1.2693 -4.7372 14.3504,
      -0.8516 -4.8298 14.3504,
      -0.4274 -4.8857 14.3504,
      -0.0000 -4.9043 14.3504,
      0.4274 -4.8857 14.3504,
      0.8516 -4.8298 14.3504,
      1.2693 -4.7372 14.3504,
      1.6774 -4.6086 14.3504,
      2.0727 -4.4448 14.3504,
      2.4522 -4.2473 14.3504,
      2.8130 -4.0174 14.3504,
      3.1524 -3.7569 14.3504,
      3.4679 -3.4679 14.3504,
      3.7569 -3.1524 14.3504,
      4.0174 -2.8130 14.3504,
      4.2473 -2.4522 14.3504,
      4.4448 -2.0727 14.3504,
      4.6086 -1.6774 14.3504,
      4.7372 -1.2693 14.3504,
      4.8298 -0.8516 14.3504,
      4.8857 -0.4274 14.3504,
      4.8760 0.0000 14.4173,
      4.8574 0.4250 14.4173,
      4.8019 0.8467 14.4173,
      4.7098 1.2620 14.4173,
      4.5819 1.6677 14.4173,
      4.4191 2.0607 14.4173,
      4.2227 2.4380 14.4173,
      3.9942 2.7967 14.4173,
      3.7352 3.1342 14.4173,
      3.4478 3.4478 14.4173,
      3.1342 3.7352 14.4173,
      2.7967 3.9942 14.4173,
      2.4380 4.2227 14.4173,
      2.0607 4.4191 14.4173,
      1.6677 4.5819 14.4173,
      1.2620 4.7098 14.4173,
      0.8467 4.8019 14.4173,
      0.4250 4.8574 14.4173,
      0.0000 4.8760 14.4173,
      -0.4250 4.8574 14.4173,
      -0.8467 4.8019 14.4173,
      -1.2620 4.7098 14.4173,
      -1.6677 4.5819 14.4173,
      -2.0607 4.4191 14.4173,
      -2.4380 4.2227 14.4173,
      -2.7967 3.9942 14.4173,
      -3.1342 3.7352 14.4173,
      -3.4478 3.4478 14.4173,
      -3.7352 3.1342 14.4173,
      -3.9942 2.7967 14.4173,
      -4.2227 2.4380 14.4173,
      -4.4191 2.0607 14.4173,
      -4.5819 1.6677 14.4173,
      -4.7098 1.2620 14.4173,
      -4.8019 0.8467 14.4173,
      -4.8574 0.4250 14.4173,
      -4.8760 0.0000 14.4173,
      -4.8574 -0.4250 14.4173,
      -4.8019 -0.8467 14.4173,
      -4.7098 -1.2620 14.4173,
      -4.5819 -1.6677 14.4173,
      -4.4191 -2.0607 14.4173,
      -4.2227 -2.4380 14.4173,
      -3.9942 -2.7967 14.4173,
      -3.7352 -3.1342 14.4173,
      -3.4478 -3.4478 14.4173,
      -3.1342 -3.7352 14.4173,
      -2.7967 -3.9942 14.4173,
      -2.4380 -4.2227 14.4173,
      -2.0607 -4.4191 14.4173,
      -1.6677 -4.5819 14.4173,
      -1.2620 -4.7098 14.4173,
      -0.8467 -4.8019 14.4173,
      -0.4250 -4.8574 14.4173,
      -0.0000 -4.8760 14.4173,
      0.4250 -4.8574 14.4173,
      0.8467 -4.8019 14.4173,
      1.2620 -4.7098 14.4173,
      1.6677 -4.5819 14.4173,
      2.0607 -4.4191 14.4173,
      2.4380 -4.2227 14.4173,
      2.7967 -3.9942 14.4173,
      3.1342 -3.7352 14.4173,
      3.4478 -3.4478 14.4173,
      3.7352 -3.1342 14.4173,
      3.9942 -2.7967 14.4173,
      4.2227 -2.4380 14.4173,
      4.4191 -2.0607 14.4173,
      4.5819 -1.6677 14.4173,
      4.7098 -1.2620 14.4173,
      4.8019 -0.8467 14.4173,
      4.8574 -0.4250 14.4173,
      4.8209 0.0000 14.4921,
      4.8025 0.4202 14.4921,
      4.7476 0.8371 14.4921,
      4.6566 1.2477 14.4921,
      4.5301 1.6488 14.4921,
      4.3692 2.0374 14.4921,
      4.1750 2.4104 14.4921,
      3.9490 2.7651 14.4921,
      3.6930 3.0988 14.4921,
      3.4089 3.4089 14.4921,
      3.0988 3.6930 14.4921,
      2.7651 3.9490 14.4921,
      2.4104 4.1750 14.4921,
      2.0374 4.3692 14.4921,
      1.6488 4.5301 14.4921,
      1.2477 4.6566 14.4921,
      0.8371 4.7476 14.4921,
      0.4202 4.8025 14.4921,
      0.0000 4.8209 14.4921,
      -0.4202 4.8025 14.4921,
      -0.8371 4.7476 14.4921,
      -1.2477 4.6566 14.4921,
      -1.6488 4.5301 14.4921,
      -2.0374 4.3692 14.4921,
      -2.4104 4.1750 14.4921,
      -2.7651 3.9490 14.4921,
      -3.0988 3.6930 14.4921,
      -3.4089 3.4089 14.4921,
      -3.6930 3.0988 14.4921,
      -3.9490 2.7651 14.4921,
      -4.1750 2.4104 14.4921,
      -4.3692 2.0374 14.4921,
      -4.5301 1.6488 14.4921,
      -4.6566 1.2477 14.4921,
      -4.7476 0.8371 14.4921,
      -4.8025 0.4202 14.4921,
      -4.8209 0.0000 14.4921,
      -4.8025 -0.4202 14.4921,
      -4.7476 -0.8371 14.4921,
      -4.6566 -1.2477 14.4921,
      -4.5301 -1.6488 14.4921,
      -4.3692 -2.0374 14.4921,
      -4.1750 -2.4104 14.4921,
      -3.9490 -2.7651 14.4921,
      -3.6930 -3.0988 14.4921,
      -3.4089 -3.4089 14.4921,
      -3.0988 -3.6930 14.4921,
      -2.7651 -3.9490 14.4921,
      -2.4104 -4.1750 14.4921,
      -2.0374 -4.3692 14.4921,
      -1.6488 -4.5301 14.4921,
      -1.2477 -4.6566 14.4921,
      -0.8371 -4.7476 14.4921,
      -0.4202 -4.8025 14.4921,
      -0.0000 -4.8209 14.4921,
      0.4202 -4.8025 14.4921,
      0.8371 -4.7476 14.4921,
      1.2477 -4.6566 14.4921,
      1.6488 -4.5301 14.4921,
      2.0374 -4.3692 14.4921,
      2.4104 -4.1750 14.4921,
      2.7651 -3.9490 14.4921,
      3.0988 -3.6930 14.4921,
      3.4089 -3.4089 14.4921,
      3.6930 -3.0988 14.4921,
      3.9490 -2.7651 14.4921,
      4.1750 -2.4104 14.4921,
      4.3692 -2.0374 14.4921,
      4.5301 -1.6488 14.4921,
      4.6566 -1.2477 14.4921,
      4.7476 -0.8371 14.4921,
      4.8025 -0.4202 14.4921,
      4.7500 0.0000 14.5453,
      4.7319 0.4140 14.5453,
      4.6778 0.8248 14.5453,
      4.5881 1.2294 14.5453,
      4.4635 1.6246 14.5453,
      4.3050 2.0074 14.5453,
      4.1136 2.3750 14.5453,
      3.8910 2.7245 14.5453,
      3.6387 3.0532 14.5453,
      3.3588 3.3588 14.5453,
      3.0532 3.6387 14.5453,
      2.7245 3.8910 14.5453,
      2.3750 4.1136 14.5453,
      2.0074 4.3050 14.5453,
      1.6246 4.4635 14.5453,
      1.2294 4.5881 14.5453,
      0.8248 4.6778 14.5453,
      0.4140 4.7319 14.5453,
      0.0000 4.7500 14.5453,
      -0.4140 4.7319 14.5453,
      -0.8248 4.6778 14.5453,
      -1.2294 4.5881 14.5453,
      -1.6246 4.4635 14.5453,
      -2.0074 4.3050 14.5453,
      -2.3750 4.1136 14.5453,
      -2.7245 3.8910 14.5453,
      -3.0532 3.6387 14.5453,
      -3.3588 3.3588 14.5453,
      -3.6387 3.0532 14.5453,
      -3.8910 2.7245 14.5453,
      -4.1136 2.3750 14.5453,
      -4.3050 2.0074 14.5453,
      -4.4635 1.6246 14.5453,
      -4.5881 1.2294 14.5453,
      -4.6778 0.8248 14.5453,
      -4.7319 0.4140 14.5453,
      -4.7500 0.0000 14.5453,
      -4.7319 -0.4140 14.5453,
      -4.6778 -0.8248 14.5453,
      -4.5881 -1.2294 14.5453,
      -4.4635 -1.6246 14.5453,
      -4.3050 -2.0074 14.5453,
      -4.1136 -2.3750 14.5453,
      -3.8910 -2.7245 14.5453,
      -3.6387 -3.0532 14.5453,
      -3.3588 -3.3588 14.5453,
      -3.0532 -3.6387 14.5453,
      -2.7245 -3.8910 14.5453,
      -2.3750 -4.1136 14.5453,
      -2.0074 -4.3050 14.5453,
      -1.6246 -4.4635 14.5453,
      -1.2294 -4.5881 14.5453,
      -0.8248 -4.6778 14.5453,
      -0.4140 -4.7319 14.5453,
      -0.0000 -4.7500 14.5453,
      0.4140 -4.7319 14.5453,
      0.8248 -4.6778 14.5453,
      1.2294 -4.5881 14.5453,
      1.6246 -4.4635 14.5453,
      2.0074 -4.3050 14.5453,
      2.3750 -4.1136 14.5453,
      2.7245 -3.8910 14.5453,
      3.0532 -3.6387 14.5453,
      3.3588 -3.3588 14.5453,
      3.6387 -3.0532 14.5453,
      3.8910 -2.7245 14.5453,
      4.1136 -2.3750 14.5453,
      4.3050 -2.0074 14.5453,
      4.4635 -1.6246 14.5453,
      4.5881 -1.2294 14.5453,
      4.6778 -0.8248 14.5453,
      4.7319 -0.4140 14.5453,
      4.6870 0.0000 14.5669,
      4.6692 0.4085 14.5669,
      4.6158 0.8139 14.5669,
      4.5273 1.2131 14.5669,
      4.4043 1.6031 14.5669,
      4.2479 1.9808 14.5669,
      4.0591 2.3435 14.5669,
      3.8394 2.6884 14.5669,
      3.5905 3.0128 14.5669,
      3.3142 3.3142 14.5669,
      3.0128 3.5905 14.5669,
      2.6884 3.8394 14.5669,
      2.3435 4.0591 14.5669,
      1.9808 4.2479 14.5669,
      1.6031 4.4043 14.5669,
      1.2131 4.5273 14.5669,
      0.8139 4.6158 14.5669,
      0.4085 4.6692 14.5669,
      0.0000 4.6870 14.5669,
      -0.4085 4.6692 14.5669,
      -0.8139 4.6158 14.5669,
      -1.2131 4.5273 14.5669,
      -1.6031 4.4043 14.5669,
      -1.9808 4.2479 14.5669,
      -2.3435 4.0591 14.5669,
      -2.6884 3.8394 14.5669,
      -3.0128 3.5905 14.5669,
      -3.3142 3.3142 14.5669,
      -3.5905 3.0128 14.5669,
      -3.8394 2.6884 14.5669,
      -4.0591 2.3435 14.5669,
      -4.2479 1.9808 14.5669,
      -4.4043 1.6031 14.5669,
      -4.5273 1.2131 14.5669,
      -4.6158 0.8139 14.5669,
      -4.6692 0.4085 14.5669,
      -4.6870 0.0000 14.5669,
      -4.6692 -0.4085 14.5669,
      -4.6158 -0.8139 14.5669,
      -4.5273 -1.2131 14.5669,
      -4.4043 -1.6031 14.5669,
      -4.2479 -1.9808 14.5669,
      -4.0591 -2.3435 14.5669,
      -3.8394 -2.6884 14.5669,
      -3.5905 -3.0128 14.5669,
      -3.3142 -3.3142 14.5669,
      -3.0128 -3.5905 14.5669,
      -2.6884 -3.8394 14.5669,
      -2.3435 -4.0591 14.5669,
      -1.9808 -4.2479 14.5669,
      -1.6031 -4.4043 14.5669,
      -1.2131 -4.5273 14.5669,
      -0.8139 -4.6158 14.5669,
      -0.4085 -4.6692 14.5669,
      -0.0000 -4.6870 14.5669,
      0.4085 -4.6692 14.5669,
      0.8139 -4.6158 14.5669,
      1.2131 -4.5273 14.5669,
      1.6031 -4.4043 14.5669,
      1.9808 -4.2479 14.5669,
      2.3435 -4.0591 14.5669,
      2.6884 -3.8394 14.5669,
      3.0128 -3.5905 14.5669,
      3.3142 -3.3142 14.5669,
      3.5905 -3.0128 14.5669,
      3.8394 -2.6884 14.5669,
      4.0591 -2.3435 14.5669,
      4.2479 -1.9808 14.5669,
      4.4043 -1.6031 14.5669,
      4.5273 -1.2131 14.5669,
      4.6158 -0.8139 14.5669,
      4.6692 -0.4085 14.5669,
      4.6398 0.0000 14.5531,
      4.6221 0.4044 14.5531,
      4.5693 0.8057 14.5531,
      4.4817 1.2009 14.5531,
      4.3600 1.5869 14.5531,
      4.2051 1.9608 14.5531,
      4.0182 2.3199 14.5531,
      3.8007 2.6613 14.5531,
      3.5543 2.9824 14.5531,
      3.2808 3.2808 14.5531,
      2.9824 3.5543 14.5531,
      2.6613 3.8007 14.5531,
      2.3199 4.0182 14.5531,
      1.9608 4.2051 14.5531,
      1.5869 4.3600 14.5531,
      1.2009 4.4817 14.5531,
      0.8057 4.5693 14.5531,
      0.4044 4.6221 14.5531,
      0.0000 4.6398 14.5531,
      -0.4044 4.6221 14.5531,
      -0.8057 4.5693 14.5531,
      -1.2009 4.4817 14.5531,
      -1.5869 4.3600 14.5531,
      -1.9608 4.2051 14.5531,
      -2.3199 4.0182 14.5531,
      -2.6613 3.8007 14.5531,
      -2.9824 3.5543 14.5531,
      -3.2808 3.2808 14.5531,
      -3.5543 2.9824 14.5531,
      -3.8007 2.6613 14.5531,
      -4.0182 2.3199 14.5531,
      -4.2051 1.9608 14.5531,
      -4.3600 1.5869 14.5531,
      -4.4817 1.2009 14.5531,
      -4.5693 0.8057 14.5531,
      -4.6221 0.4044 14.5531,
      -4.6398 0.0000 14.5531,
      -4.6221 -0.4044 14.5531,
      -4.5693 -0.8057 14.5531,
      -4.4817 -1.2009 14.5531,
      -4.3600 -1.5869 14.5531,
      -4.2051 -1.9608 14.5531,
      -4.0182 -2.3199 14.5531,
      -3.8007 -2.6613 14.5531,
      -3.5543 -2.9824 14.5531,
      -3.2808 -3.2808 14.5531,
      -2.9824 -3.5543 14.5531,
      -2.6613 -3.8007 14.5531,
      -2.3199 -4.0182 14.5531,
      -1.9608 -4.2051 14.5531,
      -1.5869 -4.3600 14.5531,
      -1.2009 -4.4817 14.5531,
      -0.8057 -4.5693 14.5531,
      -0.4044 -4.6221 14.5531,
      -0.0000 -4.6398 14.5531,
      0.4044 -4.6221 14.5531,
      0.8057 -4.5693 14.5531,
      1.2009 -4.4817 14.5531,
      1.5869 -4.3600 14.5531,
      1.9608 -4.2051 14.5531,
      2.3199 -4.0182 14.5531,
      2.6613 -3.8007 14.5531,
      2.9824 -3.5543 14.5531,
      3.2808 -3.2808 14.5531,
      3.5543 -2.9824 14.5531,
      3.8007 -2.6613 14.5531,
      4.0182 -2.3199 14.5531,
      4.2051 -1.9608 14.5531,
      4.3600 -1.5869 14.5531,
      4.4817 -1.2009 14.5531,
      4.5693 -0.8057 14.5531,
      4.6221 -0.4044 14.5531,
      4.6280 0.0000 14.5118,
      4.6103 0.4034 14.5118,
      4.5576 0.8036 14.5118,
      4.4703 1.1978 14.5118,
      4.3489 1.5829 14.5118,
      4.1943 1.9559 14.5118,
      4.0079 2.3140 14.5118,
      3.7910 2.6545 14.5118,
      3.5452 2.9748 14.5118,
      3.2725 3.2725 14.5118,
      2.9748 3.5452 14.5118,
      2.6545 3.7910 14.5118,
      2.3140 4.0079 14.5118,
      1.9559 4.1943 14.5118,
      1.5829 4.3489 14.5118,
      1.1978 4.4703 14.5118,
      0.8036 4.5576 14.5118,
      0.4034 4.6103 14.5118,
      0.0000 4.6280 14.5118,
      -0.4034 4.6103 14.5118,
      -0.8036 4.5576 14.5118,
      -1.1978 4.4703 14.5118,
      -1.5829 4.3489 14.5118,
      -1.9559 4.1943 14.5118,
      -2.3140 4.0079 14.5118,
      -2.6545 3.7910 14.5118,
      -2.9748 3.5452 14.5118,
      -3.2725 3.2725 14.5118,
      -3.5452 2.9748 14.5118,
      -3.7910 2.6545 14.5118,
      -4.0079 2.3140 14.5118,
      -4.1943 1.9559 14.5118,
      -4.3489 1.5829 14.5118,
      -4.4703 1.1978 14.5118,
      -4.5576 0.8036 14.5118,
      -4.6103 0.4034 14.5118,
      -4.6280 0.0000 14.5118,
      -4.6103 -0.4034 14.5118,
      -4.5576 -0.8036 14.5118,
      -4.4703 -1.1978 14.5118,
      -4.3489 -1.5829 14.5118,
      -4.1943 -1.9559 14.5118,
      -4.0079 -2.3140 14.5118,
      -3.7910 -2.6545 14.5118,
      -3.5452 -2.9748 14.5118,
      -3.2725 -3.2725 14.5118,
      -2.9748 -3.5452 14.5118,
      -2.6545 -3.7910 14.5118,
      -2.3140 -4.0079 14.5118,
      -1.9559 -4.1943 14.5118,
      -1.5829 -4.3489 14.5118,
      -1.1978 -4.4703 14.5118,
      -0.8036 -4.5576 14.5118,
      -0.4034 -4.6103 14.5118,
      -0.0000 -4.6280 14.5118,
      0.4034 -4.6103 14.5118,
      0.8036 -4.5576 14.5118,
      1.1978 -4.4703 14.5118,
      1.5829 -4.3489 14.5118,
      1.9559 -4.1943 14.5118,
      2.3140 -4.0079 14.5118,
      2.6545 -3.7910 14.5118,
      2.9748 -3.5452 14.5118,
      3.2725 -3.2725 14.5118,
      3.5452 -2.9748 14.5118,
      3.7910 -2.6545 14.5118,
      4.0079 -2.3140 14.5118,
      4.1943 -1.9559 14.5118,
      4.3489 -1.5829 14.5118,
      4.4703 -1.1978 14.5118,
      4.5576 -0.8036 14.5118,
      4.6103 -0.4034 14.5118,
      4.6280 0.0000 14.4606,
      4.6103 0.4034 14.4606,
      4.5576 0.8036 14.4606,
      4.4703 1.1978 14.4606,
      4.3489 1.5829 14.4606,
      4.1943 1.9559 14.4606,
      4.0079 2.3140 14.4606,
      3.7910 2.6545 14.4606,
      3.5452 2.9748 14.4606,
      3.2725 3.2725 14.4606,
      2.9748 3.5452 14.4606,
      2.6545 3.7910 14.4606,
      2.3140 4.0079 14.4606,
      1.9559 4.1943 14.4606,
      1.5829 4.3489 14.4606,
      1.1978 4.4703 14.4606,
      0.8036 4.5576 14.4606,
      0.4034 4.6103 14.4606,
      0.0000 4.6280 14.4606,
      -0.4034 4.6103 14.4606,
      -0.8036 4.5576 14.4606,
      -1.1978 4.4703 14.4606,
      -1.5829 4.3489 14.4606,
      -1.9559 4.1943 14.4606,
      -2.3140 4.0079 14.4606,
      -2.6545 3.7910 14.4606,
      -2.9748 3.5452 14.4606,
      -3.2725 3.2725 14.4606,
      -3.5452 2.9748 14.4606,
      -3.7910 2.6545 14.4606,
      -4.0079 2.3140 14.4606,
      -4.1943 1.9559 14.4606,
      -4.3489 1.5829 14.4606,
      -4.4703 1.1978 14.4606,
      -4.5576 0.8036 14.4606,
      -4.6103 0.4034 14.4606,
      -4.6280 0.0000 14.4606,
      -4.6103 -0.4034 14.4606,
      -4.5576 -0.8036 14.4606,
      -4.4703 -1.1978 14.4606,
      -4.3489 -1.5829 14.4606,
      -4.1943 -1.9559 14.4606,
      -4.0079 -2.3140 14.4606,
      -3.7910 -2.6545 14.4606,
      -3.5452 -2.9748 14.4606,
      -3.2725 -3.2725 14.4606,
      -2.9748 -3.5452 14.4606,
      -2.6545 -3.7910 14.4606,
      -2.3140 -4.0079 14.4606,
      -1.9559 -4.1943 14.4606,
      -1.5829 -4.3489 14.4606,
      -1.1978 -4.4703 14.4606,
      -0.8036 -4.5576 14.4606,
      -0.4034 -4.6103 14.4606,
      -0.0000 -4.6280 14.4606,
      0.4034 -4.6103 14.4606,
      0.8036 -4.5576 14.4606,
      1.1978 -4.4703 14.4606,
      1.5829 -4.3489 14.4606,
      1.9559 -4.1943 14.4606,
      2.3140 -4.0079 14.4606,
      2.6545 -3.7910 14.4606,
      2.9748 -3.5452 14.4606,
      3.2725 -3.2725 14.4606,
      3.5452 -2.9748 14.4606,
      3.7910 -2.6545 14.4606,
      4.0079 -2.3140 14.4606,
      4.1943 -1.9559 14.4606,
      4.3489 -1.5829 14.4606,
      4.4703 -1.1978 14.4606,
      4.5576 -0.8036 14.4606,
      4.6103 -0.4034 14.4606,
      0.0000 0.0000 0.0945,
      0.0000 0.0000 14.4606
  ] }
  coordIndex [
      0, 1, 73, 72, -1,
      1, 2, 74, 73, -1,
      2, 3, 75, 74, -1,
      3, 4, 76, 75, -1,
      4, 5, 77, 76, -1,
      5, 6, 78, 77, -1,
      6, 7, 79, 78, -1,
      7, 8, 80, 79, -1,
      8, 9, 81, 80, -1,
      9, 10, 82, 81, -1,
      10, 11, 83, 82, -1,
      11, 12, 84, 83, -1,
      12, 13, 85, 84, -1,
      13, 14, 86, 85, -1,
      14, 15, 87, 86, -1,
      15, 16, 88, 87, -1,
      16, 17, 89, 88, -1,
      17, 18, 90, 89, -1,
      18, 19, 91, 90, -1,
      19, 20, 92, 91, -1,
      20, 21, 93, 92, -1,
      21, 22, 94, 93, -1,
      22, 23, 95, 94, -1,
      23, 24, 96, 95, -1,
      24, 25, 97, 96, -1,
      25, 26, 98, 97, -1,
      26, 27, 99, 98, -1,
      27, 28, 100, 99, -1,
      28, 29, 101, 100, -1,
      29, 30, 102, 101, -1,
      30, 31, 103, 102, -1,
      31, 32, 104, 103, -1,
      32, 33, 105, 104, -1,
      33, 34, 106, 105, -1,
      34, 35, 107, 106, -1,
      35, 36, 108, 107, -1,
      36, 37, 109, 108, -1,
      37, 38, 110, 109, -1,
      38, 39, 111, 110, -1,
      39, 40, 112, 111, -1,
      40, 41, 113, 112, -1,
      41, 42, 114, 113, -1,
      42, 43, 115, 114, -1,
      43, 44, 116, 115, -1,
      44, 45, 117, 116, -1,
      45, 46, 118, 117, -1,
      46, 47, 119, 118, -1,
      47, 48, 120, 119, -1,
      48, 49, 121, 120, -1,
      49, 50, 122, 121, -1,
      50, 51, 123, 122, -1,
      51, 52, 124, 123, -1,
      52, 53, 125, 124, -1,
      53, 54, 126, 125, -1,
      54, 55, 127, 126, -1,
      55, 56, 128, 127, -1,
      56, 57, 129, 128, -1,
      57, 58, 130, 129, -1,
      58, 59, 131, 130, -1,
      59, 60, 132, 131, -1,
      60, 61, 133, 132, -1,
      61, 62, 134, 133, -1,
      62, 63, 135, 134, -1,
      63, 64, 136, 135, -1,
      64, 65, 137, 136, -1,
      65, 66, 138, 137, -1,
      66, 67, 139, 138, -1,
      67, 68, 140, 139, -1,
      68, 69, 141, 140, -1,
      69, 70, 142, 141, -1,
      70, 71, 143, 142, -1,
      71, 0, 72, 143, -1,
      72, 73, 145, 144, -1,
      73, 74, 146, 145, -1,
      74, 75, 147, 146, -1,
      75, 76, 148, 147, -1,
      76, 77, 149, 148, -1,
      77, 78, 150, 149, -1,
      78, 79, 151, 150, -1,
      79, 80, 152, 151, -1,
      80, 81, 153, 152, -1,
      81, 82, 154, 153, -1,
      82, 83, 155, 154, -1,
      83, 84, 156, 155, -1,
      84, 85, 157, 156, -1,
      85, 86, 158, 157, -1,
      86, 87, 159, 158, -1,
      87, 88, 160, 159, -1,
      88, 89, 161, 160, -1,
      89, 90, 162, 161, -1,
      90, 91, 163, 162, -1,
      91, 92, 164, 163, -1,
      92, 93, 165, 164, -1,
      93, 94, 166, 165, -1,
      94, 95, 167, 166, -1,
      95, 96, 168, 167, -1,
      96, 97, 169, 168, -1,
      97, 98, 170, 169, -1,
      98, 99, 171, 170, -1,
      99, 100, 172, 171, -1,
      100, 101, 173, 172, -1,
      101, 102, 174, 173, -1,
      102, 103, 175, 174, -1,
      103, 104, 176, 175, -1,
      104, 105, 177, 176, -1,
      105, 106, 178, 177, -1,
      106, 107, 179, 178, -1,
      107, 108, 180, 179, -1,
      108, 109, 181, 180, -1,
      109, 110, 182, 181, -1,
      110, 111, 183, 182, -1,
      111, 112, 184, 183, -1,
      112, 113, 185, 184, -1,
      113, 114, 186, 185, -1,
      114, 115, 187, 186, -1,
      115, 116, 188, 187, -1,
      116, 117, 189, 188, -1,
      117, 118, 190, 189, -1,
      118, 119, 191, 190, -1,
      119, 120, 192, 191, -1,
      120, 121, 193, 192, -1,
      121, 122, 194, 193, -1,
      122, 123, 195, 194, -1,
      123, 124, 196, 195, -1,
      124, 125, 197, 196, -1,
      125, 126, 198, 197, -1,
      126, 127, 199, 198, -1,
      127, 128, 200, 199, -1,
      128, 129, 201, 200, -1,
      129, 130, 202, 201, -1,
      130, 131, 203, 202, -1,
      131, 132, 204, 203, -1,
      132, 133, 205, 204, -1,
      133, 134, 206, 205, -1,
      134, 135, 207, 206, -1,
      135, 136, 208, 207, -1,
      136, 137, 209, 208, -1,
      137, 138, 210, 209, -1,
      138, 139, 211, 210, -1,
      139, 140, 212, 211, -1,
      140, 141, 213, 212, -1,
      141, 142, 214, 213, -1,
      142, 143, 215, 214, -1,
      143, 72, 144, 215, -1,
      144, 145, 217, 216, -1,
      145, 146, 218, 217, -1,
      146, 147, 219, 218, -1,
      147, 148, 220, 219, -1,
      148, 149, 221, 220, -1,
      149, 150, 222, 221, -1,
      150, 151, 223, 222, -1,
      151, 152, 224, 223, -1,
      152, 153, 225, 224, -1,
      153, 154, 226, 225, -1,
      154, 155, 227, 226, -1,
      155, 156, 228, 227, -1,
      156, 157, 229, 228, -1,
      157, 158, 230, 229, -1,
      158, 159, 231, 230, -1,
      159, 160, 232, 231, -1,
      160, 161, 233, 232, -1,
      161, 162, 234, 233, -1,
      162, 163, 235, 234, -1,
      163, 164, 236, 235, -1,
      164, 165, 237, 236, -1,
      165, 166, 238, 237, -1,
      166, 167, 239, 238, -1,
      167, 168, 240, 239, -1,
      168, 169, 241, 240, -1,
      169, 170, 242, 241, -1,
      170, 171, 243, 242, -1,
      171, 172, 244, 243, -1,
      172, 173, 245, 244, -1,
      173, 174, 246, 245, -1,
      174, 175, 247, 246, -1,
      175, 176, 248, 247, -1,
      176, 177, 249, 248, -1,
      177, 178, 250, 249, -1,
      178, 179, 251, 250, -1,
      179, 180, 252, 251, -1,
      180, 181, 253, 252, -1,
      181, 182, 254, 253, -1,
      182, 183, 255, 254, -1,
      183, 184, 256, 255, -1,
      184, 185, 257, 256, -1,
      185, 186, 258, 257, -1,
      186, 187, 259, 258, -1,
      187, 188, 260, 259, -1,
      188, 189, 261, 260, -1,
      189, 190, 262, 261, -1,
      190, 191, 263, 262, -1,
      191, 192, 264, 263, -1,
      192, 193, 265, 264, -1,
      193, 194, 266, 265, -1,
      194, 195, 267, 266, -1,
      195, 196, 268, 267, -1,
      196, 197, 269, 268, -1,
      197, 198, 270, 269, -1,
      198, 199, 271, 270, -1,
      199, 200, 272, 271, -1,
      200, 201, 273, 272, -1,
      201, 202, 274, 273, -1,
      202, 203, 275, 274, -1,
      203, 204, 276, 275, -1,
      204, 205, 277, 276, -1,
      205, 206, 278, 277, -1,
      206, 207, 279, 278, -1,
      207, 208, 280, 279, -1,
      208, 209, 281, 280, -1,
      209, 210, 282, 281, -1,
      210, 211, 283, 282, -1,
      211, 212, 284, 283, -1,
      212, 213, 285, 284, -1,
      213, 214, 286, 285, -1,
      214, 215, 287, 286, -1,
      215, 144, 216, 287, -1,
      216, 217, 289, 288, -1,
      217, 218, 290, 289, -1,
      218, 219, 291, 290, -1,
      219, 220, 292, 291, -1,
      220, 221, 293, 292, -1,
      221, 222, 294, 293, -1,
      222, 223, 295, 294, -1,
      223, 224, 296, 295, -1,
      224, 225, 297, 296, -1,
      225, 226, 298, 297, -1,
      226, 227, 299, 298, -1,
      227, 228, 300, 299, -1,
      228, 229, 301, 300, -1,
      229, 230, 302, 301, -1,
      230, 231, 303, 302, -1,
      231, 232, 304, 303, -1,
      232, 233, 305, 304, -1,
      233, 234, 306, 305, -1,
      234, 235, 307, 306, -1,
      235, 236, 308, 307, -1,
      236, 237, 309, 308, -1,
      237, 238, 310, 309, -1,
      238, 239, 311, 310, -1,
      239, 240, 312, 311, -1,
      240, 241, 313, 312, -1,
      241, 242, 314, 313, -1,
      242, 243, 315, 314, -1,
      243, 244, 316, 315, -1,
      244, 245, 317, 316, -1,
      245, 246, 318, 317, -1,
      246, 247, 319, 318, -1,
      247, 248, 320, 319, -1,
      248, 249, 321, 320, -1,
      249, 250, 322, 321, -1,
      250, 251, 323, 322, -1,
      251, 252, 324, 323, -1,
      252, 253, 325, 324, -1,
      253, 254, 326, 325, -1,
      254, 255, 327, 326, -1,
      255, 256, 328, 327, -1,
      256, 257, 329, 328, -1,
      257, 258, 330, 329, -1,
      258, 259, 331, 330, -1,
      259, 260, 332, 331, -1,
      260, 261, 333, 332, -1,
      261, 262, 334, 333, -1,
      262, 263, 335, 334, -1,
      263, 264, 336, 335, -1,
      264, 265, 337, 336, -1,
      265, 266, 338, 337, -1,
      266, 267, 339, 338, -1,
      267, 268, 340, 339, -1,
      268, 269, 341, 340, -1,
      269, 270, 342, 341, -1,
      270, 271, 343, 342, -1,
      271, 272, 344, 343, -1,
      272, 273, 345, 344, -1,
      273, 274, 346, 345, -1,
      274, 275, 347, 346, -1,
      275, 276, 348, 347, -1,
      276, 277, 349, 348, -1,
      277, 278, 350, 349, -1,
      278, 279, 351, 350, -1,
      279, 280, 352, 351, -1,
      280, 281, 353, 352, -1,
      281, 282, 354, 353, -1,
      282, 283, 355, 354, -1,
      283, 284, 356, 355, -1,
      284, 285, 357, 356, -1,
      285, 286, 358, 357, -1,
      286, 287, 359, 358, -1,
      287, 216, 288, 359, -1,
      288, 289, 361, 360, -1,
      289, 290, 362, 361, -1,
      290, 291, 363, 362, -1,
      291, 292, 364, 363, -1,
      292, 293, 365, 364, -1,
      293, 294, 366, 365, -1,
      294, 295, 367, 366, -1,
      295, 296, 368, 367, -1,
      296, 297, 369, 368, -1,
      297, 298, 370, 369, -1,
      298, 299, 371, 370, -1,
      299, 300, 372, 371, -1,
      300, 301, 373, 372, -1,
      301, 302, 374, 373, -1,
      302, 303, 375, 374, -1,
      303, 304, 376, 375, -1,
      304, 305, 377, 376, -1,
      305, 306, 378, 377, -1,
      306, 307, 379, 378, -1,
      307, 308, 380, 379, -1,
      308, 309, 381, 380, -1,
      309, 310, 382, 381, -1,
      310, 311, 383, 382, -1,
      311, 312, 384, 383, -1,
      312, 313, 385, 384, -1,
      313, 314, 386, 385, -1,
      314, 315, 387, 386, -1,
      315, 316, 388, 387, -1,
      316, 317, 389, 388, -1,
      317, 318, 390, 389, -1,
      318, 319, 391, 390, -1,
      319, 320, 392, 391, -1,
      320, 321, 393, 392, -1,
      321, 322, 394, 393, -1,
      322, 323, 395, 394, -1,
      323, 324, 396, 395, -1,
      324, 325, 397, 396, -1,
      325, 326, 398, 397, -1,
      326, 327, 399, 398, -1,
      327, 328, 400, 399, -1,
      328, 329, 401, 400, -1,
      329, 330, 402, 401, -1,
      330, 331, 403, 402, -1,
      331, 332, 404, 403, -1,
      332, 333, 405, 404, -1,
      333, 334, 406, 405, -1,
      334, 335, 407, 406, -1,
      335, 336, 408, 407, -1,
      336, 337, 409, 408, -1,
      337, 338, 410, 409, -1,
      338, 339, 411, 410, -1,
      339, 340, 412, 411, -1,
      340, 341, 413, 412, -1,
      341, 342, 414, 413, -1,
      342, 343, 415, 414, -1,
      343, 344, 416, 415, -1,
      344, 345, 417, 416, -1,
      345, 346, 418, 417, -1,
      346, 347, 419, 418, -1,
      347, 348, 420, 419, -1,
      348, 349, 421, 420, -1,
      349, 350, 422, 421, -1,
      350, 351, 423, 422, -1,
      351, 352, 424, 423, -1,
      352, 353, 425, 424, -1,
      353, 354, 426, 425, -1,
      354, 355, 427, 426, -1,
      355, 356, 428, 427, -1,
      356, 357, 429, 428, -1,
      357, 358, 430, 429, -1,
      358, 359, 431, 430, -1,
      359, 288, 360, 431, -1,
      360, 361, 433, 432, -1,
      361, 362, 434, 433, -1,
      362, 363, 435, 434, -1,
      363, 364, 436, 435, -1,
      364, 365, 437, 436, -1,
      365, 366, 438, 437, -1,
      366, 367, 439, 438, -1,
      367, 368, 440, 439, -1,
      368, 369, 441, 440, -1,
      369, 370, 442, 441, -1,
      370, 371, 443, 442, -1,
      371, 372, 444, 443, -1,
      372, 373, 445, 444, -1,
      373, 374, 446, 445, -1,
      374, 375, 447, 446, -1,
      375, 376, 448, 447, -1,
      376, 377, 449, 448, -1,
      377, 378, 450, 449, -1,
      378, 379, 451, 450, -1,
      379, 380, 452, 451, -1,
      380, 381, 453, 452, -1,
      381, 382, 454, 453, -1,
      382, 383, 455, 454, -1,
      383, 384, 456, 455, -1,
      384, 385, 457, 456, -1,
      385, 386, 458, 457, -1,
      386, 387, 459, 458, -1,
      387, 388, 460, 459, -1,
      388, 389, 461, 460, -1,
      389, 390, 462, 461, -1,
      390, 391, 463, 462, -1,
      391, 392, 464, 463, -1,
      392, 393, 465, 464, -1,
      393, 394, 466, 465, -1,
      394, 395, 467, 466, -1,
      395, 396, 468, 467, -1,
      396, 397, 469, 468, -1,
      397, 398, 470, 469, -1,
      398, 399, 471, 470, -1,
      399, 400, 472, 471, -1,
      400, 401, 473, 472, -1,
      401, 402, 474, 473, -1,
      402, 403, 475, 474, -1,
      403, 404, 476, 475, -1,
      404, 405, 477, 476, -1,
      405, 406, 478, 477, -1,
      406, 407, 479, 478, -1,
      407, 408, 480, 479, -1,
      408, 409, 481, 480, -1,
      409, 410, 482, 481, -1,
      410, 411, 483, 482, -1,
      411, 412, 484, 483, -1,
      412, 413, 485, 484, -1,
      413, 414, 486, 485, -1,
      414, 415, 487, 486, -1,
      415, 416, 488, 487, -1,
      416, 417, 489, 488, -1,
      417, 418, 490, 489, -1,
      418, 419, 491, 490, -1,
      419, 420, 492, 491, -1,
      420, 421, 493, 492, -1,
      421, 422, 494, 493, -1,
      422, 423, 495, 494, -1,
      423, 424, 496, 495, -1,
      424, 425, 497, 496, -1,
      425, 426, 498, 497, -1,
      426, 427, 499, 498, -1,
      427, 428, 500, 499, -1,
      428, 429, 501, 500, -1,
      429, 430, 502, 501, -1,
      430, 431, 503, 502, -1,
      431, 360, 432, 503, -1,
      432, 433, 505, 504, -1,
      433, 434, 506, 505, -1,
      434, 435, 507, 506, -1,
      435, 436, 508, 507, -1,
      436, 437, 509, 508, -1,
      437, 438, 510, 509, -1,
      438, 439, 511, 510, -1,
      439, 440, 512, 511, -1,
      440, 441, 513, 512, -1,
      441, 442, 514, 513, -1,
      442, 443, 515, 514, -1,
      443, 444, 516, 515, -1,
      444, 445, 517, 516, -1,
      445, 446, 518, 517, -1,
      446, 447, 519, 518, -1,
      447, 448, 520, 519, -1,
      448, 449, 521, 520, -1,
      449, 450, 522, 521, -1,
      450, 451, 523, 522, -1,
      451, 452, 524, 523, -1,
      452, 453, 525, 524, -1,
      453, 454, 526, 525, -1,
      454, 455, 527, 526, -1,
      455, 456, 528, 527, -1,
      456, 457, 529, 528, -1,
      457, 458, 530, 529, -1,
      458, 459, 531, 530, -1,
      459, 460, 532, 531, -1,
      460, 461, 533, 532, -1,
      461, 462, 534, 533, -1,
      462, 463, 535, 534, -1,
      463, 464, 536, 535, -1,
      464, 465, 537, 536, -1,
      465, 466, 538, 537, -1,
      466, 467, 539, 538, -1,
      467, 468, 540, 539, -1,
      468, 469, 541, 540, -1,
      469, 470, 542, 541, -1,
      470, 471, 543, 542, -1,
      471, 472, 544, 543, -1,
      472, 473, 545, 544, -1,
      473, 474, 546, 545, -1,
      474, 475, 547, 546, -1,
      475, 476, 548, 547, -1,
      476, 477, 549, 548, -1,
      477, 478, 550, 549, -1,
      478, 479, 551, 550, -1,
      479, 480, 552, 551, -1,
      480, 481, 553, 552, -1,
      481, 482, 554, 553, -1,
      482, 483, 555, 554, -1,
      483, 484, 556, 555, -1,
      484, 485, 557, 556, -1,
      485, 486, 558, 557, -1,
      486, 487, 559, 558, -1,
      487, 488, 560, 559, -1,
      488, 489, 561, 560, -1,
      489, 490, 562, 561, -1,
      490, 491, 563, 562, -1,
      491, 492, 564, 563, -1,
      492, 493, 565, 564, -1,
      493, 494, 566, 565, -1,
      494, 495, 567, 566, -1,
      495, 496, 568, 567, -1,
      496, 497, 569, 568, -1,
      497, 498, 570, 569, -1,
      498, 499, 571, 570, -1,
      499, 500, 572, 571, -1,
      500, 501, 573, 572, -1,
      501, 502, 574, 573, -1,
      502, 503, 575, 574, -1,
      503, 432, 504, 575, -1,
      504, 505, 577, 576, -1,
      505, 506, 578, 577, -1,
      506, 507, 579, 578, -1,
      507, 508, 580, 579, -1,
      508, 509, 581, 580, -1,
      509, 510, 582, 581, -1,
      510, 511, 583, 582, -1,
      511, 512, 584, 583, -1,
      512, 513, 585, 584, -1,
      513, 514, 586, 585, -1,
      514, 515, 587, 586, -1,
      515, 516, 588, 587, -1,
      516, 517, 589, 588, -1,
      517, 518, 590, 589, -1,
      518, 519, 591, 590, -1,
      519, 520, 592, 591, -1,
      520, 521, 593, 592, -1,
      521, 522, 594, 593, -1,
      522, 523, 595, 594, -1,
      523, 524, 596, 595, -1,
      524, 525, 597, 596, -1,
      525, 526, 598, 597, -1,
      526, 527, 599, 598, -1,
      527, 528, 600, 599, -1,
      528, 529, 601, 600, -1,
      529, 530, 602, 601, -1,
      530, 531, 603, 602, -1,
      531, 532, 604, 603, -1,
      532, 533, 605, 604, -1,
      533, 534, 606, 605, -1,
      534, 535, 607, 606, -1,
      535, 536, 608, 607, -1,
      536, 537, 609, 608, -1,
      537, 538, 610, 609, -1,
      538, 539, 611, 610, -1,
      539, 540, 612, 611, -1,
      540, 541, 613, 612, -1,
      541, 542, 614, 613, -1,
      542, 543, 615, 614, -1,
      543, 544, 616, 615, -1,
      544, 545, 617, 616, -1,
      545, 546, 618, 617, -1,
      546, 547, 619, 618, -1,
      547, 548, 620, 619, -1,
      548, 549, 621, 620, -1,
      549, 550, 622, 621, -1,
      550, 551, 623, 622, -1,
      551, 552, 624, 623, -1,
      552, 553, 625, 624, -1,
      553, 554, 626, 625, -1,
      554, 555, 627, 626, -1,
      555, 556, 628, 627, -1,
      556, 557, 629, 628, -1,
      557, 558, 630, 629, -1,
      558, 559, 631, 630, -1,
      559, 560, 632, 631, -1,
      560, 561, 633, 632, -1,
      561, 562, 634, 633, -1,
      562, 563, 635, 634, -1,
      563, 564, 636, 635, -1,
      564, 565, 637, 636, -1,
      565, 566, 638, 637, -1,
      566, 567, 639, 638, -1,
      567, 568, 640, 639, -1,
      568, 569, 641, 640, -1,
      569, 570, 642, 641, -1,
      570, 571, 643, 642, -1,
      571, 572, 644, 643, -1,
      572, 573, 645, 644, -1,
      573, 574, 646, 645, -1,
      574, 575, 647, 646, -1,
      575, 504, 576, 647, -1,
      576, 577, 649, 648, -1,
      577, 578, 650, 649, -1,
      578, 579, 651, 650, -1,
      579, 580, 652, 651, -1,
      580, 581, 653, 652, -1,
      581, 582, 654, 653, -1,
      582, 583, 655, 654, -1,
      583, 584, 656, 655, -1,
      584, 585, 657, 656, -1,
      585, 586, 658, 657, -1,
      586, 587, 659, 658, -1,
      587, 588, 660, 659, -1,
      588, 589, 661, 660, -1,
      589, 590, 662, 661, -1,
      590, 591, 663, 662, -1,
      591, 592, 664, 663, -1,
      592, 593, 665, 664, -1,
      593, 594, 666, 665, -1,
      594, 595, 667, 666, -1,
      595, 596, 668, 667, -1,
      596, 597, 669, 668, -1,
      597, 598, 670, 669, -1,
      598, 599, 671, 670, -1,
      599, 600, 672, 671, -1,
      600, 601, 673, 672, -1,
      601, 602, 674, 673, -1,
      602, 603, 675, 674, -1,
      603, 604, 676, 675, -1,
      604, 605, 677, 676, -1,
      605, 606, 678, 677, -1,
      606, 607, 679, 678, -1,
      607, 608, 680, 679, -1,
      608, 609, 681, 680, -1,
      609, 610, 682, 681, -1,
      610, 611, 683, 682, -1,
      611, 612, 684, 683, -1,
      612, 613, 685, 684, -1,
      613, 614, 686, 685, -1,
      614, 615, 687, 686, -1,
      615, 616, 688, 687, -1,
      616, 617, 689, 688, -1,
      617, 618, 690, 689, -1,
      618, 619, 691, 690, -1,
      619, 620, 692, 691, -1,
      620, 621, 693, 692, -1,
      621, 622, 694, 693, -1,
      622, 623, 695, 694, -1,
      623, 624, 696, 695, -1,
      624, 625, 697, 696, -1,
      625, 626, 698, 697, -1,
      626, 627, 699, 698, -1,
      627, 628, 700, 699, -1,
      628, 629, 701, 700, -1,
      629, 630, 702, 701, -1,
      630, 631, 703, 702, -1,
      631, 632, 704, 703, -1,
      632, 633, 705, 704, -1,
      633, 634, 706, 705, -1,
      634, 635, 707, 706, -1,
      635, 636, 708, 707, -1,
      636, 637, 709, 708, -1,
      637, 638, 710, 709, -1,
      638, 639, 711, 710, -1,
      639, 640, 712, 711, -1,
      640, 641, 713, 712, -1,
      641, 642, 714, 713, -1,
      642, 643, 715, 714, -1,
      643, 644, 716, 715, -1,
      644, 645, 717, 716, -1,
      645, 646, 718, 717, -1,
      646, 647, 719, 718, -1,
      647, 576, 648, 719, -1,
      648, 649, 721, 720, -1,
      649, 650, 722, 721, -1,
      650, 651, 723, 722, -1,
      651, 652, 724, 723, -1,
      652, 653, 725, 724, -1,
      653, 654, 726, 725, -1,
      654, 655, 727, 726, -1,
      655, 656, 728, 727, -1,
      656, 657, 729, 728, -1,
      657, 658, 730, 729, -1,
      658, 659, 731, 730, -1,
      659, 660, 732, 731, -1,
      660, 661, 733, 732, -1,
      661, 662, 734, 733, -1,
      662, 663, 735, 734, -1,
      663, 664, 736, 735, -1,
      664, 665, 737, 736, -1,
      665, 666, 738, 737, -1,
      666, 667, 739, 738, -1,
      667, 668, 740, 739, -1,
      668, 669, 741, 740, -1,
      669, 670, 742, 741, -1,
      670, 671, 743, 742, -1,
      671, 672, 744, 743, -1,
      672, 673, 745, 744, -1,
      673, 674, 746, 745, -1,
      674, 675, 747, 746, -1,
      675, 676, 748, 747, -1,
      676, 677, 749, 748, -1,
      677, 678, 750, 749, -1,
      678, 679, 751, 750, -1,
      679, 680, 752, 751, -1,
      680, 681, 753, 752, -1,
      681, 682, 754, 753, -1,
      682, 683, 755, 754, -1,
      683, 684, 756, 755, -1,
      684, 685, 757, 756, -1,
      685, 686, 758, 757, -1,
      686, 687, 759, 758, -1,
      687, 688, 760, 759, -1,
      688, 689, 761, 760, -1,
      689, 690, 762, 761, -1,
      690, 691, 763, 762, -1,
      691, 692, 764, 763, -1,
      692, 693, 765, 764, -1,
      693, 694, 766, 765, -1,
      694, 695, 767, 766, -1,
      695, 696, 768, 767, -1,
      696, 697, 769, 768, -1,
      697, 698, 770, 769, -1,
      698, 699, 771, 770, -1,
      699, 700, 772, 771, -1,
      700, 701, 773, 772, -1,
      701, 702, 774, 773, -1,
      702, 703, 775, 774, -1,
      703, 704, 776, 775, -1,
      704, 705, 777, 776, -1,
      705, 706, 778, 777, -1,
      706, 707, 779, 778, -1,
      707, 708, 780, 779, -1,
      708, 709, 781, 780, -1,
      709, 710, 782, 781, -1,
      710, 711, 783, 782, -1,
      711, 712, 784, 783, -1,
      712, 713, 785, 784, -1,
      713, 714, 786, 785, -1,
      714, 715, 787, 786, -1,
      715, 716, 788, 787, -1,
      716, 717, 789, 788, -1,
      717, 718, 790, 789, -1,
      718, 719, 791, 790, -1,
      719, 648, 720, 791, -1,
      720, 721, 793, 792, -1,
      721, 722, 794, 793, -1,
      722, 723, 795, 794, -1,
      723, 724, 796, 795, -1,
      724, 725, 797, 796, -1,
      725, 726, 798, 797, -1,
      726, 727, 799, 798, -1,
      727, 728, 800, 799, -1,
      728, 729, 801, 800, -1,
      729, 730, 802, 801, -1,
      730, 731, 803, 802, -1,
      731, 732, 804, 803, -1,
      732, 733, 805, 804, -1,
      733, 734, 806, 805, -1,
      734, 735, 807, 806, -1,
      735, 736, 808, 807, -1,
      736, 737, 809, 808, -1,
      737, 738, 810, 809, -1,
      738, 739, 811, 810, -1,
      739, 740, 812, 811, -1,
      740, 741, 813, 812, -1,
      741, 742, 814, 813, -1,
      742, 743, 815, 814, -1,
      743, 744, 816, 815, -1,
      744, 745, 817, 816, -1,
      745, 746, 818, 817, -1,
      746, 747, 819, 818, -1,
      747, 748, 820, 819, -1,
      748, 749, 821, 820, -1,
      749, 750, 822, 821, -1,
      750, 751, 823, 822, -1,
      751, 752, 824, 823, -1,
      752, 753, 825, 824, -1,
      753, 754, 826, 825, -1,
      754, 755, 827, 826, -1,
      755, 756, 828, 827, -1,
      756, 757, 829, 828, -1,
      757, 758, 830, 829, -1,
      758, 759, 831, 830, -1,
      759, 760, 832, 831, -1,
      760, 761, 833, 832, -1,
      761, 762, 834, 833, -1,
      762, 763, 835, 834, -1,
      763, 764, 836, 835, -1,
      764, 765, 837, 836, -1,
      765, 766, 838, 837, -1,
      766, 767, 839, 838, -1,
      767, 768, 840, 839, -1,
      768, 769, 841, 840, -1,
      769, 770, 842, 841, -1,
      770, 771, 843, 842, -1,
      771, 772, 844, 843, -1,
      772, 773, 845, 844, -1,
      773, 774, 846, 845, -1,
      774, 775, 847, 846, -1,
      775, 776, 848, 847, -1,
      776, 777, 849, 848, -1,
      777, 778, 850, 849, -1,
      778, 779, 851, 850, -1,
      779, 780, 852, 851, -1,
      780, 781, 853, 852, -1,
      781, 782, 854, 853, -1,
      782, 783, 855, 854, -1,
      783, 784, 856, 855, -1,
      784, 785, 857, 856, -1,
      785, 786, 858, 857, -1,
      786, 787, 859, 858, -1,
      787, 788, 860, 859, -1,
      788, 789, 861, 860, -1,
      789, 790, 862, 861, -1,
      790, 791, 863, 862, -1,
      791, 720, 792, 863, -1,
      792, 793, 865, 864, -1,
      793, 794, 866, 865, -1,
      794, 795, 867, 866, -1,
      795, 796, 868, 867, -1,
      796, 797, 869, 868, -1,
      797, 798, 870, 869, -1,
      798, 799, 871, 870, -1,
      799, 800, 872, 871, -1,
      800, 801, 873, 872, -1,
      801, 802, 874, 873, -1,
      802, 803, 875, 874, -1,
      803, 804, 876, 875, -1,
      804, 805, 877, 876, -1,
      805, 806, 878, 877, -1,
      806, 807, 879, 878, -1,
      807, 808, 880, 879, -1,
      808, 809, 881, 880, -1,
      809, 810, 882, 881, -1,
      810, 811, 883, 882, -1,
      811, 812, 884, 883, -1,
      812, 813, 885, 884, -1,
      813, 814, 886, 885, -1,
      814, 815, 887, 886, -1,
      815, 816, 888, 887, -1,
      816, 817, 889, 888, -1,
      817, 818, 890, 889, -1,
      818, 819, 891, 890, -1,
      819, 820, 892, 891, -1,
      820, 821, 893, 892, -1,
      821, 822, 894, 893, -1,
      822, 823, 895, 894, -1,
      823, 824, 896, 895, -1,
      824, 825, 897, 896, -1,
      825, 826, 898, 897, -1,
      826, 827, 899, 898, -1,
      827, 828, 900, 899, -1,
      828, 829, 901, 900, -1,
      829, 830, 902, 901, -1,
      830, 831, 903, 902, -1,
      831, 832, 904, 903, -1,
      832, 833, 905, 904, -1,
      833, 834, 906, 905, -1,
      834, 835, 907, 906, -1,
      835, 836, 908, 907, -1,
      836, 837, 909, 908, -1,
      837, 838, 910, 909, -1,
      838, 839, 911, 910, -1,
      839, 840, 912, 911, -1,
      840, 841, 913, 912, -1,
      841, 842, 914, 913, -1,
      842, 843, 915, 914, -1,
      843, 844, 916, 915, -1,
      844, 845, 917, 916, -1,
      845, 846, 918, 917, -1,
      846, 847, 919, 918, -1,
      847, 848, 920, 919, -1,
      848, 849, 921, 920, -1,
      849, 850, 922, 921, -1,
      850, 851, 923, 922, -1,
      851, 852, 924, 923, -1,
      852, 853, 925, 924, -1,
      853, 854, 926, 925, -1,
      854, 855, 927, 926, -1,
      855, 856, 928, 927, -1,
      856, 857, 929, 928, -1,
      857, 858, 930, 929, -1,
      858, 859, 931, 930, -1,
      859, 860, 932, 931, -1,
      860, 861, 933, 932, -1,
      861, 862, 934, 933, -1,
      862, 863, 935, 934, -1,
      863, 792, 864, 935, -1,
      936, 1, 0, -1,
      937, 864, 865, -1,
      936, 2, 1, -1,
      937, 865, 866, -1,
      936, 3, 2, -1,
      937, 866, 867, -1,
      936, 4, 3, -1,
      937, 867, 868, -1,
      936, 5, 4, -1,
      937, 868, 869, -1,
      936, 6, 5, -1,
      937, 869, 870, -1,
      936, 7, 6, -1,
      937, 870, 871, -1,
      936, 8, 7, -1,
      937, 871, 872, -1,
      936, 9, 8, -1,
      937, 872, 873, -1,
      936, 10, 9, -1,
      937, 873, 874, -1,
      936, 11, 10, -1,
      937, 874, 875, -1,
      936, 12, 11, -1,
      937, 875, 876, -1,
      936, 13, 12, -1,
      937, 876, 877, -1,
      936, 14, 13, -1,
      937, 877, 878, -1,
      936, 15, 14, -1,
      937, 878, 879, -1,
      936, 16, 15, -1,
      937, 879, 880, -1,
      936, 17, 16, -1,
      937, 880, 881, -1,
      936, 18, 17, -1,
      937, 881, 882, -1,
      936, 19, 18, -1,
      937, 882, 883, -1,
      936, 20, 19, -1,
      937, 883, 884, -1,
      936, 21, 20, -1,
      937, 884, 885, -1,
      936, 22, 21, -1,
      937, 885, 886, -1,
      936, 23, 22, -1,
      937, 886, 887, -1,
      936, 24, 23, -1,
      937, 887, 888, -1,
      936, 25, 24, -1,
      937, 888, 889, -1,
      936, 26, 25, -1,
      937, 889, 890, -1,
      936, 27, 26, -1,
      937, 890, 891, -1,
      936, 28, 27, -1,
      937, 891, 892, -1,
      936, 29, 28, -1,
      937, 892, 893, -1,
      936, 30, 29, -1,
      937, 893, 894, -1,
      936, 31, 30, -1,
      937, 894, 895, -1,
      936, 32, 31, -1,
      937, 895, 896, -1,
      936, 33, 32, -1,
      937, 896, 897, -1,
      936, 34, 33, -1,
      937, 897, 898, -1,
      936, 35, 34, -1,
      937, 898, 899, -1,
      936, 36, 35, -1,
      937, 899, 900, -1,
      936, 37, 36, -1,
      937, 900, 901, -1,
      936, 38, 37, -1,
      937, 901, 902, -1,
      936, 39, 38, -1,
      937, 902, 903, -1,
      936, 40, 39, -1,
      937, 903, 904, -1,
      936, 41, 40, -1,
      937, 904, 905, -1,
      936, 42, 41, -1,
      937, 905, 906, -1,
      936, 43, 42, -1,
      937, 906, 907, -1,
      936, 44, 43, -1,
      937, 907, 908, -1,
      936, 45, 44, -1,
      937, 908, 909, -1,
      936, 46, 45, -1,
      937, 909, 910, -1,
      936, 47, 46, -1,
      937, 910, 911, -1,
      936, 48, 47, -1,
      937, 911, 912, -1,
      936, 49, 48, -1,
      937, 912, 913, -1,
      936, 50, 49, -1,
      937, 913, 914, -1,
      936, 51, 50, -1,
      937, 914, 915, -1,
      936, 52, 51, -1,
      937, 915, 916, -1,
      936, 53, 52, -1,
      937, 916, 917, -1,
      936, 54, 53, -1,
      937, 917, 918, -1,
      936, 55, 54, -1,
      937, 918, 919, -1,
      936, 56, 55, -1,
      937, 919, 920, -1,
      936, 57, 56, -1,
      937, 920, 921, -1,
      936, 58, 57, -1,
      937, 921, 922, -1,
      936, 59, 58, -1,
      937, 922, 923, -1,
      936, 60, 59, -1,
      937, 923, 924, -1,
      936, 61, 60, -1,
      937, 924, 925, -1,
      936, 62, 61, -1,
      937, 925, 926, -1,
      936, 63, 62, -1,
      937, 926, 927, -1,
      936, 64, 63, -1,
      937, 927, 928, -1,
      936, 65, 64, -1,
      937, 928, 929, -1,
      936, 66, 65, -1,
      937, 929, 930, -1,
      936, 67, 66, -1,
      937, 930, 931, -1,
      936, 68, 67, -1,
      937, 931, 932, -1,
      936, 69, 68, -1,
      937, 932, 933, -1,
      936, 70, 69, -1,
      937, 933, 934, -1,
      936, 71, 70, -1,
      937, 934, 935, -1,
      936, 0, 71, -1,
      937, 935, 864, -1
  ]
  creaseAngle 1.15
  solid TRUE
} }
# Curved negative polarity band
Shape { appearance USE POLARITY_STRIPE geometry IndexedFaceSet {
  coord Coordinate { point [
      4.6713 -1.5178 0.2323,
      4.7272 -1.3332 0.2323,
      4.7759 -1.1466 0.2323,
      4.8173 -0.9582 0.2323,
      4.8512 -0.7684 0.2323,
      4.8776 -0.5773 0.2323,
      4.8965 -0.3854 0.2323,
      4.9079 -0.1928 0.2323,
      4.9116 0.0000 0.2323,
      4.9079 0.1928 0.2323,
      4.8965 0.3854 0.2323,
      4.8776 0.5773 0.2323,
      4.8512 0.7684 0.2323,
      4.8173 0.9582 0.2323,
      4.7759 1.1466 0.2323,
      4.7272 1.3332 0.2323,
      4.6713 1.5178 0.2323,
      4.6781 -1.5200 0.2677,
      4.7342 -1.3352 0.2677,
      4.7830 -1.1483 0.2677,
      4.8244 -0.9596 0.2677,
      4.8583 -0.7695 0.2677,
      4.8848 -0.5782 0.2677,
      4.9037 -0.3859 0.2677,
      4.9151 -0.1931 0.2677,
      4.9189 0.0000 0.2677,
      4.9151 0.1931 0.2677,
      4.9037 0.3859 0.2677,
      4.8848 0.5782 0.2677,
      4.8583 0.7695 0.2677,
      4.8244 0.9596 0.2677,
      4.7830 1.1483 0.2677,
      4.7342 1.3352 0.2677,
      4.6781 1.5200 0.2677,
      4.6781 -1.5200 14.2756,
      4.7342 -1.3352 14.2756,
      4.7830 -1.1483 14.2756,
      4.8244 -0.9596 14.2756,
      4.8583 -0.7695 14.2756,
      4.8848 -0.5782 14.2756,
      4.9037 -0.3859 14.2756,
      4.9151 -0.1931 14.2756,
      4.9189 0.0000 14.2756,
      4.9151 0.1931 14.2756,
      4.9037 0.3859 14.2756,
      4.8848 0.5782 14.2756,
      4.8583 0.7695 14.2756,
      4.8244 0.9596 14.2756,
      4.7830 1.1483 14.2756,
      4.7342 1.3352 14.2756,
      4.6781 1.5200 14.2756,
      4.6714 -1.5178 14.3504,
      4.7274 -1.3333 14.3504,
      4.7761 -1.1466 14.3504,
      4.8174 -0.9582 14.3504,
      4.8513 -0.7684 14.3504,
      4.8778 -0.5773 14.3504,
      4.8967 -0.3854 14.3504,
      4.9080 -0.1928 14.3504,
      4.9118 0.0000 14.3504,
      4.9080 0.1928 14.3504,
      4.8967 0.3854 14.3504,
      4.8778 0.5773 14.3504,
      4.8513 0.7684 14.3504,
      4.8174 0.9582 14.3504,
      4.7761 1.1466 14.3504,
      4.7274 1.3333 14.3504,
      4.6714 1.5178 14.3504,
      4.6445 -1.5091 14.4173,
      4.7001 -1.3256 14.4173,
      4.7485 -1.1400 14.4173,
      4.7896 -0.9527 14.4173,
      4.8233 -0.7639 14.4173,
      4.8496 -0.5740 14.4173,
      4.8684 -0.3832 14.4173,
      4.8797 -0.1917 14.4173,
      4.8835 0.0000 14.4173,
      4.8797 0.1917 14.4173,
      4.8684 0.3832 14.4173,
      4.8496 0.5740 14.4173,
      4.8233 0.7639 14.4173,
      4.7896 0.9527 14.4173,
      4.7485 1.1400 14.4173,
      4.7001 1.3256 14.4173,
      4.6445 1.5091 14.4173,
      4.6141 -1.4992 14.4606,
      4.6694 -1.3169 14.4606,
      4.7175 -1.1326 14.4606,
      4.7583 -0.9465 14.4606,
      4.7918 -0.7590 14.4606,
      4.8179 -0.5702 14.4606,
      4.8366 -0.3806 14.4606,
      4.8478 -0.1905 14.4606,
      4.8516 0.0000 14.4606,
      4.8478 0.1905 14.4606,
      4.8366 0.3806 14.4606,
      4.8179 0.5702 14.4606,
      4.7918 0.7590 14.4606,
      4.7583 0.9465 14.4606,
      4.7175 1.1326 14.4606,
      4.6694 1.3169 14.4606,
      4.6141 1.4992 14.4606
  ] }
  coordIndex [
      0, 1, 18, 17, -1,
      1, 2, 19, 18, -1,
      2, 3, 20, 19, -1,
      3, 4, 21, 20, -1,
      4, 5, 22, 21, -1,
      5, 6, 23, 22, -1,
      6, 7, 24, 23, -1,
      7, 8, 25, 24, -1,
      8, 9, 26, 25, -1,
      9, 10, 27, 26, -1,
      10, 11, 28, 27, -1,
      11, 12, 29, 28, -1,
      12, 13, 30, 29, -1,
      13, 14, 31, 30, -1,
      14, 15, 32, 31, -1,
      15, 16, 33, 32, -1,
      17, 18, 35, 34, -1,
      18, 19, 36, 35, -1,
      19, 20, 37, 36, -1,
      20, 21, 38, 37, -1,
      21, 22, 39, 38, -1,
      22, 23, 40, 39, -1,
      23, 24, 41, 40, -1,
      24, 25, 42, 41, -1,
      25, 26, 43, 42, -1,
      26, 27, 44, 43, -1,
      27, 28, 45, 44, -1,
      28, 29, 46, 45, -1,
      29, 30, 47, 46, -1,
      30, 31, 48, 47, -1,
      31, 32, 49, 48, -1,
      32, 33, 50, 49, -1,
      34, 35, 52, 51, -1,
      35, 36, 53, 52, -1,
      36, 37, 54, 53, -1,
      37, 38, 55, 54, -1,
      38, 39, 56, 55, -1,
      39, 40, 57, 56, -1,
      40, 41, 58, 57, -1,
      41, 42, 59, 58, -1,
      42, 43, 60, 59, -1,
      43, 44, 61, 60, -1,
      44, 45, 62, 61, -1,
      45, 46, 63, 62, -1,
      46, 47, 64, 63, -1,
      47, 48, 65, 64, -1,
      48, 49, 66, 65, -1,
      49, 50, 67, 66, -1,
      51, 52, 69, 68, -1,
      52, 53, 70, 69, -1,
      53, 54, 71, 70, -1,
      54, 55, 72, 71, -1,
      55, 56, 73, 72, -1,
      56, 57, 74, 73, -1,
      57, 58, 75, 74, -1,
      58, 59, 76, 75, -1,
      59, 60, 77, 76, -1,
      60, 61, 78, 77, -1,
      61, 62, 79, 78, -1,
      62, 63, 80, 79, -1,
      63, 64, 81, 80, -1,
      64, 65, 82, 81, -1,
      65, 66, 83, 82, -1,
      66, 67, 84, 83, -1,
      68, 69, 86, 85, -1,
      69, 70, 87, 86, -1,
      70, 71, 88, 87, -1,
      71, 72, 89, 88, -1,
      72, 73, 90, 89, -1,
      73, 74, 91, 90, -1,
      74, 75, 92, 91, -1,
      75, 76, 93, 92, -1,
      76, 77, 94, 93, -1,
      77, 78, 95, 94, -1,
      78, 79, 96, 95, -1,
      79, 80, 97, 96, -1,
      80, 81, 98, 97, -1,
      81, 82, 99, 98, -1,
      82, 83, 100, 99, -1,
      83, 84, 101, 100, -1
  ]
  creaseAngle 1.15
  solid FALSE
} }
# Polarity band minus marking 1
Shape { appearance USE MARKING geometry IndexedFaceSet {
  coord Coordinate { point [
      4.8402 -0.8918 2.9022,
      4.8650 -0.7445 2.9022,
      4.8854 -0.5964 2.9022,
      4.9012 -0.4478 2.9022,
      4.9126 -0.2987 2.9022,
      4.9194 -0.1494 2.9022,
      4.9217 0.0000 2.9022,
      4.9194 0.1494 2.9022,
      4.9126 0.2987 2.9022,
      4.9012 0.4478 2.9022,
      4.8854 0.5964 2.9022,
      4.8650 0.7445 2.9022,
      4.8402 0.8918 2.9022,
      4.8402 -0.8918 2.9691,
      4.8650 -0.7445 2.9691,
      4.8854 -0.5964 2.9691,
      4.9012 -0.4478 2.9691,
      4.9126 -0.2987 2.9691,
      4.9194 -0.1494 2.9691,
      4.9217 0.0000 2.9691,
      4.9194 0.1494 2.9691,
      4.9126 0.2987 2.9691,
      4.9012 0.4478 2.9691,
      4.8854 0.5964 2.9691,
      4.8650 0.7445 2.9691,
      4.8402 0.8918 2.9691
  ] }
  coordIndex [
      0, 1, 14, 13, -1,
      1, 2, 15, 14, -1,
      2, 3, 16, 15, -1,
      3, 4, 17, 16, -1,
      4, 5, 18, 17, -1,
      5, 6, 19, 18, -1,
      6, 7, 20, 19, -1,
      7, 8, 21, 20, -1,
      8, 9, 22, 21, -1,
      9, 10, 23, 22, -1,
      10, 11, 24, 23, -1,
      11, 12, 25, 24, -1
  ]
  creaseAngle 1.15
  solid FALSE
} }
# Polarity band minus marking 2
Shape { appearance USE MARKING geometry IndexedFaceSet {
  coord Coordinate { point [
      4.8402 -0.8918 6.8861,
      4.8650 -0.7445 6.8861,
      4.8854 -0.5964 6.8861,
      4.9012 -0.4478 6.8861,
      4.9126 -0.2987 6.8861,
      4.9194 -0.1494 6.8861,
      4.9217 0.0000 6.8861,
      4.9194 0.1494 6.8861,
      4.9126 0.2987 6.8861,
      4.9012 0.4478 6.8861,
      4.8854 0.5964 6.8861,
      4.8650 0.7445 6.8861,
      4.8402 0.8918 6.8861,
      4.8402 -0.8918 6.9531,
      4.8650 -0.7445 6.9531,
      4.8854 -0.5964 6.9531,
      4.9012 -0.4478 6.9531,
      4.9126 -0.2987 6.9531,
      4.9194 -0.1494 6.9531,
      4.9217 0.0000 6.9531,
      4.9194 0.1494 6.9531,
      4.9126 0.2987 6.9531,
      4.9012 0.4478 6.9531,
      4.8854 0.5964 6.9531,
      4.8650 0.7445 6.9531,
      4.8402 0.8918 6.9531
  ] }
  coordIndex [
      0, 1, 14, 13, -1,
      1, 2, 15, 14, -1,
      2, 3, 16, 15, -1,
      3, 4, 17, 16, -1,
      4, 5, 18, 17, -1,
      5, 6, 19, 18, -1,
      6, 7, 20, 19, -1,
      7, 8, 21, 20, -1,
      8, 9, 22, 21, -1,
      9, 10, 23, 22, -1,
      10, 11, 24, 23, -1,
      11, 12, 25, 24, -1
  ]
  creaseAngle 1.15
  solid FALSE
} }
# Polarity band minus marking 3
Shape { appearance USE MARKING geometry IndexedFaceSet {
  coord Coordinate { point [
      4.8402 -0.8918 10.8701,
      4.8650 -0.7445 10.8701,
      4.8854 -0.5964 10.8701,
      4.9012 -0.4478 10.8701,
      4.9126 -0.2987 10.8701,
      4.9194 -0.1494 10.8701,
      4.9217 0.0000 10.8701,
      4.9194 0.1494 10.8701,
      4.9126 0.2987 10.8701,
      4.9012 0.4478 10.8701,
      4.8854 0.5964 10.8701,
      4.8650 0.7445 10.8701,
      4.8402 0.8918 10.8701,
      4.8402 -0.8918 10.9370,
      4.8650 -0.7445 10.9370,
      4.8854 -0.5964 10.9370,
      4.9012 -0.4478 10.9370,
      4.9126 -0.2987 10.9370,
      4.9194 -0.1494 10.9370,
      4.9217 0.0000 10.9370,
      4.9194 0.1494 10.9370,
      4.9126 0.2987 10.9370,
      4.9012 0.4478 10.9370,
      4.8854 0.5964 10.9370,
      4.8650 0.7445 10.9370,
      4.8402 0.8918 10.9370
  ] }
  coordIndex [
      0, 1, 14, 13, -1,
      1, 2, 15, 14, -1,
      2, 3, 16, 15, -1,
      3, 4, 17, 16, -1,
      4, 5, 18, 17, -1,
      5, 6, 19, 18, -1,
      6, 7, 20, 19, -1,
      7, 8, 21, 20, -1,
      8, 9, 22, 21, -1,
      9, 10, 23, 22, -1,
      10, 11, 24, 23, -1,
      11, 12, 25, 24, -1
  ]
  creaseAngle 1.15
  solid FALSE
} }
# Polarity band chevron 1
Shape { appearance USE MARKING geometry IndexedFaceSet {
  coord Coordinate { point [
      4.7670 -1.2240 4.9709,
      4.7670 -1.2240 5.0182,
      4.8031 -1.0736 4.9542,
      4.8031 -1.0736 5.0015,
      4.8345 -0.9222 4.9375,
      4.8345 -0.9222 4.9847,
      4.8611 -0.7699 4.9207,
      4.8611 -0.7699 4.9680,
      4.8828 -0.6168 4.9040,
      4.8828 -0.6168 4.9513,
      4.8998 -0.4632 4.8873,
      4.8998 -0.4632 4.9345,
      4.9119 -0.3090 4.8706,
      4.9119 -0.3090 4.9178,
      4.9192 -0.1546 4.8538,
      4.9192 -0.1546 4.9011,
      4.9217 0.0000 4.8371,
      4.9217 0.0000 4.8843,
      4.9217 0.0000 4.8371,
      4.9217 0.0000 4.8843,
      4.9192 0.1546 4.8538,
      4.9192 0.1546 4.9011,
      4.9119 0.3090 4.8706,
      4.9119 0.3090 4.9178,
      4.8998 0.4632 4.8873,
      4.8998 0.4632 4.9345,
      4.8828 0.6168 4.9040,
      4.8828 0.6168 4.9513,
      4.8611 0.7699 4.9207,
      4.8611 0.7699 4.9680,
      4.8345 0.9222 4.9375,
      4.8345 0.9222 4.9847,
      4.8031 1.0736 4.9542,
      4.8031 1.0736 5.0015,
      4.7670 1.2240 4.9709,
      4.7670 1.2240 5.0182
  ] }
  coordIndex [
      0, 2, 3, 1, -1,
      2, 4, 5, 3, -1,
      4, 6, 7, 5, -1,
      6, 8, 9, 7, -1,
      8, 10, 11, 9, -1,
      10, 12, 13, 11, -1,
      12, 14, 15, 13, -1,
      14, 16, 17, 15, -1,
      18, 20, 21, 19, -1,
      20, 22, 23, 21, -1,
      22, 24, 25, 23, -1,
      24, 26, 27, 25, -1,
      26, 28, 29, 27, -1,
      28, 30, 31, 29, -1,
      30, 32, 33, 31, -1,
      32, 34, 35, 33, -1
  ]
  creaseAngle 1.15
  solid FALSE
} }
# Polarity band chevron 2
Shape { appearance USE MARKING geometry IndexedFaceSet {
  coord Coordinate { point [
      4.7670 -1.2240 8.9549,
      4.7670 -1.2240 9.0021,
      4.8031 -1.0736 8.9381,
      4.8031 -1.0736 8.9854,
      4.8345 -0.9222 8.9214,
      4.8345 -0.9222 8.9687,
      4.8611 -0.7699 8.9047,
      4.8611 -0.7699 8.9519,
      4.8828 -0.6168 8.8880,
      4.8828 -0.6168 8.9352,
      4.8998 -0.4632 8.8712,
      4.8998 -0.4632 8.9185,
      4.9119 -0.3090 8.8545,
      4.9119 -0.3090 8.9017,
      4.9192 -0.1546 8.8378,
      4.9192 -0.1546 8.8850,
      4.9217 0.0000 8.8210,
      4.9217 0.0000 8.8683,
      4.9217 0.0000 8.8210,
      4.9217 0.0000 8.8683,
      4.9192 0.1546 8.8378,
      4.9192 0.1546 8.8850,
      4.9119 0.3090 8.8545,
      4.9119 0.3090 8.9017,
      4.8998 0.4632 8.8712,
      4.8998 0.4632 8.9185,
      4.8828 0.6168 8.8880,
      4.8828 0.6168 8.9352,
      4.8611 0.7699 8.9047,
      4.8611 0.7699 8.9519,
      4.8345 0.9222 8.9214,
      4.8345 0.9222 8.9687,
      4.8031 1.0736 8.9381,
      4.8031 1.0736 8.9854,
      4.7670 1.2240 8.9549,
      4.7670 1.2240 9.0021
  ] }
  coordIndex [
      0, 2, 3, 1, -1,
      2, 4, 5, 3, -1,
      4, 6, 7, 5, -1,
      6, 8, 9, 7, -1,
      8, 10, 11, 9, -1,
      10, 12, 13, 11, -1,
      12, 14, 15, 13, -1,
      14, 16, 17, 15, -1,
      18, 20, 21, 19, -1,
      20, 22, 23, 21, -1,
      22, 24, 25, 23, -1,
      24, 26, 27, 25, -1,
      26, 28, 29, 27, -1,
      28, 30, 31, 29, -1,
      30, 32, 33, 31, -1,
      32, 34, 35, 33, -1
  ]
  creaseAngle 1.15
  solid FALSE
} }
# Polarity band chevron 3
Shape { appearance USE MARKING geometry IndexedFaceSet {
  coord Coordinate { point [
      4.7670 -1.2240 12.9388,
      4.7670 -1.2240 12.9861,
      4.8031 -1.0736 12.9221,
      4.8031 -1.0736 12.9693,
      4.8345 -0.9222 12.9054,
      4.8345 -0.9222 12.9526,
      4.8611 -0.7699 12.8886,
      4.8611 -0.7699 12.9359,
      4.8828 -0.6168 12.8719,
      4.8828 -0.6168 12.9191,
      4.8998 -0.4632 12.8552,
      4.8998 -0.4632 12.9024,
      4.9119 -0.3090 12.8384,
      4.9119 -0.3090 12.8857,
      4.9192 -0.1546 12.8217,
      4.9192 -0.1546 12.8689,
      4.9217 0.0000 12.8050,
      4.9217 0.0000 12.8522,
      4.9217 0.0000 12.8050,
      4.9217 0.0000 12.8522,
      4.9192 0.1546 12.8217,
      4.9192 0.1546 12.8689,
      4.9119 0.3090 12.8384,
      4.9119 0.3090 12.8857,
      4.8998 0.4632 12.8552,
      4.8998 0.4632 12.9024,
      4.8828 0.6168 12.8719,
      4.8828 0.6168 12.9191,
      4.8611 0.7699 12.8886,
      4.8611 0.7699 12.9359,
      4.8345 0.9222 12.9054,
      4.8345 0.9222 12.9526,
      4.8031 1.0736 12.9221,
      4.8031 1.0736 12.9693,
      4.7670 1.2240 12.9388,
      4.7670 1.2240 12.9861
  ] }
  coordIndex [
      0, 2, 3, 1, -1,
      2, 4, 5, 3, -1,
      4, 6, 7, 5, -1,
      6, 8, 9, 7, -1,
      8, 10, 11, 9, -1,
      10, 12, 13, 11, -1,
      12, 14, 15, 13, -1,
      14, 16, 17, 15, -1,
      18, 20, 21, 19, -1,
      20, 22, 23, 21, -1,
      22, 24, 25, 23, -1,
      24, 26, 27, 25, -1,
      26, 28, 29, 27, -1,
      28, 30, 31, 29, -1,
      30, 32, 33, 31, -1,
      32, 34, 35, 33, -1
  ]
  creaseAngle 1.15
  solid FALSE
} }
# Recessed top aluminium cap
Transform { translation 0.0000 0.0000 14.4744 children [
  Shape { appearance USE ALUMINIUM geometry IndexedFaceSet {
    coord Coordinate { point [
        4.6228 0.0000 -0.0138,
        4.5833 0.6034 -0.0138,
        4.4653 1.1965 -0.0138,
        4.2709 1.7691 -0.0138,
        4.0035 2.3114 -0.0138,
        3.6675 2.8142 -0.0138,
        3.2688 3.2688 -0.0138,
        2.8142 3.6675 -0.0138,
        2.3114 4.0035 -0.0138,
        1.7691 4.2709 -0.0138,
        1.1965 4.4653 -0.0138,
        0.6034 4.5833 -0.0138,
        0.0000 4.6228 -0.0138,
        -0.6034 4.5833 -0.0138,
        -1.1965 4.4653 -0.0138,
        -1.7691 4.2709 -0.0138,
        -2.3114 4.0035 -0.0138,
        -2.8142 3.6675 -0.0138,
        -3.2688 3.2688 -0.0138,
        -3.6675 2.8142 -0.0138,
        -4.0035 2.3114 -0.0138,
        -4.2709 1.7691 -0.0138,
        -4.4653 1.1965 -0.0138,
        -4.5833 0.6034 -0.0138,
        -4.6228 0.0000 -0.0138,
        -4.5833 -0.6034 -0.0138,
        -4.4653 -1.1965 -0.0138,
        -4.2709 -1.7691 -0.0138,
        -4.0035 -2.3114 -0.0138,
        -3.6675 -2.8142 -0.0138,
        -3.2688 -3.2688 -0.0138,
        -2.8142 -3.6675 -0.0138,
        -2.3114 -4.0035 -0.0138,
        -1.7691 -4.2709 -0.0138,
        -1.1965 -4.4653 -0.0138,
        -0.6034 -4.5833 -0.0138,
        -0.0000 -4.6228 -0.0138,
        0.6034 -4.5833 -0.0138,
        1.1965 -4.4653 -0.0138,
        1.7691 -4.2709 -0.0138,
        2.3114 -4.0035 -0.0138,
        2.8142 -3.6675 -0.0138,
        3.2688 -3.2688 -0.0138,
        3.6675 -2.8142 -0.0138,
        4.0035 -2.3114 -0.0138,
        4.2709 -1.7691 -0.0138,
        4.4653 -1.1965 -0.0138,
        4.5833 -0.6034 -0.0138,
        4.6236 0.0000 -0.0137,
        4.5841 0.6035 -0.0137,
        4.4661 1.1967 -0.0137,
        4.2717 1.7694 -0.0137,
        4.0042 2.3118 -0.0137,
        3.6682 2.8147 -0.0137,
        3.2694 3.2694 -0.0137,
        2.8147 3.6682 -0.0137,
        2.3118 4.0042 -0.0137,
        1.7694 4.2717 -0.0137,
        1.1967 4.4661 -0.0137,
        0.6035 4.5841 -0.0137,
        0.0000 4.6236 -0.0137,
        -0.6035 4.5841 -0.0137,
        -1.1967 4.4661 -0.0137,
        -1.7694 4.2717 -0.0137,
        -2.3118 4.0042 -0.0137,
        -2.8147 3.6682 -0.0137,
        -3.2694 3.2694 -0.0137,
        -3.6682 2.8147 -0.0137,
        -4.0042 2.3118 -0.0137,
        -4.2717 1.7694 -0.0137,
        -4.4661 1.1967 -0.0137,
        -4.5841 0.6035 -0.0137,
        -4.6236 0.0000 -0.0137,
        -4.5841 -0.6035 -0.0137,
        -4.4661 -1.1967 -0.0137,
        -4.2717 -1.7694 -0.0137,
        -4.0042 -2.3118 -0.0137,
        -3.6682 -2.8147 -0.0137,
        -3.2694 -3.2694 -0.0137,
        -2.8147 -3.6682 -0.0137,
        -2.3118 -4.0042 -0.0137,
        -1.7694 -4.2717 -0.0137,
        -1.1967 -4.4661 -0.0137,
        -0.6035 -4.5841 -0.0137,
        -0.0000 -4.6236 -0.0137,
        0.6035 -4.5841 -0.0137,
        1.1967 -4.4661 -0.0137,
        1.7694 -4.2717 -0.0137,
        2.3118 -4.0042 -0.0137,
        2.8147 -3.6682 -0.0137,
        3.2694 -3.2694 -0.0137,
        3.6682 -2.8147 -0.0137,
        4.0042 -2.3118 -0.0137,
        4.2717 -1.7694 -0.0137,
        4.4661 -1.1967 -0.0137,
        4.5841 -0.6035 -0.0137,
        4.6244 0.0000 -0.0134,
        4.5848 0.6036 -0.0134,
        4.4668 1.1969 -0.0134,
        4.2724 1.7697 -0.0134,
        4.0049 2.3122 -0.0134,
        3.6688 2.8152 -0.0134,
        3.2700 3.2700 -0.0134,
        2.8152 3.6688 -0.0134,
        2.3122 4.0049 -0.0134,
        1.7697 4.2724 -0.0134,
        1.1969 4.4668 -0.0134,
        0.6036 4.5848 -0.0134,
        0.0000 4.6244 -0.0134,
        -0.6036 4.5848 -0.0134,
        -1.1969 4.4668 -0.0134,
        -1.7697 4.2724 -0.0134,
        -2.3122 4.0049 -0.0134,
        -2.8152 3.6688 -0.0134,
        -3.2700 3.2700 -0.0134,
        -3.6688 2.8152 -0.0134,
        -4.0049 2.3122 -0.0134,
        -4.2724 1.7697 -0.0134,
        -4.4668 1.1969 -0.0134,
        -4.5848 0.6036 -0.0134,
        -4.6244 0.0000 -0.0134,
        -4.5848 -0.6036 -0.0134,
        -4.4668 -1.1969 -0.0134,
        -4.2724 -1.7697 -0.0134,
        -4.0049 -2.3122 -0.0134,
        -3.6688 -2.8152 -0.0134,
        -3.2700 -3.2700 -0.0134,
        -2.8152 -3.6688 -0.0134,
        -2.3122 -4.0049 -0.0134,
        -1.7697 -4.2724 -0.0134,
        -1.1969 -4.4668 -0.0134,
        -0.6036 -4.5848 -0.0134,
        -0.0000 -4.6244 -0.0134,
        0.6036 -4.5848 -0.0134,
        1.1969 -4.4668 -0.0134,
        1.7697 -4.2724 -0.0134,
        2.3122 -4.0049 -0.0134,
        2.8152 -3.6688 -0.0134,
        3.2700 -3.2700 -0.0134,
        3.6688 -2.8152 -0.0134,
        4.0049 -2.3122 -0.0134,
        4.2724 -1.7697 -0.0134,
        4.4668 -1.1969 -0.0134,
        4.5848 -0.6036 -0.0134,
        4.6251 0.0000 -0.0129,
        4.5855 0.6037 -0.0129,
        4.4675 1.1971 -0.0129,
        4.2730 1.7699 -0.0129,
        4.0054 2.3125 -0.0129,
        3.6693 2.8156 -0.0129,
        3.2704 3.2704 -0.0129,
        2.8156 3.6693 -0.0129,
        2.3125 4.0054 -0.0129,
        1.7699 4.2730 -0.0129,
        1.1971 4.4675 -0.0129,
        0.6037 4.5855 -0.0129,
        0.0000 4.6251 -0.0129,
        -0.6037 4.5855 -0.0129,
        -1.1971 4.4675 -0.0129,
        -1.7699 4.2730 -0.0129,
        -2.3125 4.0054 -0.0129,
        -2.8156 3.6693 -0.0129,
        -3.2704 3.2704 -0.0129,
        -3.6693 2.8156 -0.0129,
        -4.0054 2.3125 -0.0129,
        -4.2730 1.7699 -0.0129,
        -4.4675 1.1971 -0.0129,
        -4.5855 0.6037 -0.0129,
        -4.6251 0.0000 -0.0129,
        -4.5855 -0.6037 -0.0129,
        -4.4675 -1.1971 -0.0129,
        -4.2730 -1.7699 -0.0129,
        -4.0054 -2.3125 -0.0129,
        -3.6693 -2.8156 -0.0129,
        -3.2704 -3.2704 -0.0129,
        -2.8156 -3.6693 -0.0129,
        -2.3125 -4.0054 -0.0129,
        -1.7699 -4.2730 -0.0129,
        -1.1971 -4.4675 -0.0129,
        -0.6037 -4.5855 -0.0129,
        -0.0000 -4.6251 -0.0129,
        0.6037 -4.5855 -0.0129,
        1.1971 -4.4675 -0.0129,
        1.7699 -4.2730 -0.0129,
        2.3125 -4.0054 -0.0129,
        2.8156 -3.6693 -0.0129,
        3.2704 -3.2704 -0.0129,
        3.6693 -2.8156 -0.0129,
        4.0054 -2.3125 -0.0129,
        4.2730 -1.7699 -0.0129,
        4.4675 -1.1971 -0.0129,
        4.5855 -0.6037 -0.0129,
        4.6256 0.0000 -0.0122,
        4.5860 0.6038 -0.0122,
        4.4680 1.1972 -0.0122,
        4.2735 1.7701 -0.0122,
        4.0059 2.3128 -0.0122,
        3.6697 2.8159 -0.0122,
        3.2708 3.2708 -0.0122,
        2.8159 3.6697 -0.0122,
        2.3128 4.0059 -0.0122,
        1.7701 4.2735 -0.0122,
        1.1972 4.4680 -0.0122,
        0.6038 4.5860 -0.0122,
        0.0000 4.6256 -0.0122,
        -0.6038 4.5860 -0.0122,
        -1.1972 4.4680 -0.0122,
        -1.7701 4.2735 -0.0122,
        -2.3128 4.0059 -0.0122,
        -2.8159 3.6697 -0.0122,
        -3.2708 3.2708 -0.0122,
        -3.6697 2.8159 -0.0122,
        -4.0059 2.3128 -0.0122,
        -4.2735 1.7701 -0.0122,
        -4.4680 1.1972 -0.0122,
        -4.5860 0.6038 -0.0122,
        -4.6256 0.0000 -0.0122,
        -4.5860 -0.6038 -0.0122,
        -4.4680 -1.1972 -0.0122,
        -4.2735 -1.7701 -0.0122,
        -4.0059 -2.3128 -0.0122,
        -3.6697 -2.8159 -0.0122,
        -3.2708 -3.2708 -0.0122,
        -2.8159 -3.6697 -0.0122,
        -2.3128 -4.0059 -0.0122,
        -1.7701 -4.2735 -0.0122,
        -1.1972 -4.4680 -0.0122,
        -0.6038 -4.5860 -0.0122,
        -0.0000 -4.6256 -0.0122,
        0.6038 -4.5860 -0.0122,
        1.1972 -4.4680 -0.0122,
        1.7701 -4.2735 -0.0122,
        2.3128 -4.0059 -0.0122,
        2.8159 -3.6697 -0.0122,
        3.2708 -3.2708 -0.0122,
        3.6697 -2.8159 -0.0122,
        4.0059 -2.3128 -0.0122,
        4.2735 -1.7701 -0.0122,
        4.4680 -1.1972 -0.0122,
        4.5860 -0.6038 -0.0122,
        4.6259 0.0000 -0.0114,
        4.5863 0.6038 -0.0114,
        4.4683 1.1973 -0.0114,
        4.2738 1.7702 -0.0114,
        4.0061 2.3129 -0.0114,
        3.6700 2.8161 -0.0114,
        3.2710 3.2710 -0.0114,
        2.8161 3.6700 -0.0114,
        2.3129 4.0061 -0.0114,
        1.7702 4.2738 -0.0114,
        1.1973 4.4683 -0.0114,
        0.6038 4.5863 -0.0114,
        0.0000 4.6259 -0.0114,
        -0.6038 4.5863 -0.0114,
        -1.1973 4.4683 -0.0114,
        -1.7702 4.2738 -0.0114,
        -2.3129 4.0061 -0.0114,
        -2.8161 3.6700 -0.0114,
        -3.2710 3.2710 -0.0114,
        -3.6700 2.8161 -0.0114,
        -4.0061 2.3129 -0.0114,
        -4.2738 1.7702 -0.0114,
        -4.4683 1.1973 -0.0114,
        -4.5863 0.6038 -0.0114,
        -4.6259 0.0000 -0.0114,
        -4.5863 -0.6038 -0.0114,
        -4.4683 -1.1973 -0.0114,
        -4.2738 -1.7702 -0.0114,
        -4.0061 -2.3129 -0.0114,
        -3.6700 -2.8161 -0.0114,
        -3.2710 -3.2710 -0.0114,
        -2.8161 -3.6700 -0.0114,
        -2.3129 -4.0061 -0.0114,
        -1.7702 -4.2738 -0.0114,
        -1.1973 -4.4683 -0.0114,
        -0.6038 -4.5863 -0.0114,
        -0.0000 -4.6259 -0.0114,
        0.6038 -4.5863 -0.0114,
        1.1973 -4.4683 -0.0114,
        1.7702 -4.2738 -0.0114,
        2.3129 -4.0061 -0.0114,
        2.8161 -3.6700 -0.0114,
        3.2710 -3.2710 -0.0114,
        3.6700 -2.8161 -0.0114,
        4.0061 -2.3129 -0.0114,
        4.2738 -1.7702 -0.0114,
        4.4683 -1.1973 -0.0114,
        4.5863 -0.6038 -0.0114,
        4.6260 0.0000 -0.0106,
        4.5864 0.6038 -0.0106,
        4.4684 1.1973 -0.0106,
        4.2739 1.7703 -0.0106,
        4.0062 2.3130 -0.0106,
        3.6700 2.8161 -0.0106,
        3.2711 3.2711 -0.0106,
        2.8161 3.6700 -0.0106,
        2.3130 4.0062 -0.0106,
        1.7703 4.2739 -0.0106,
        1.1973 4.4684 -0.0106,
        0.6038 4.5864 -0.0106,
        0.0000 4.6260 -0.0106,
        -0.6038 4.5864 -0.0106,
        -1.1973 4.4684 -0.0106,
        -1.7703 4.2739 -0.0106,
        -2.3130 4.0062 -0.0106,
        -2.8161 3.6700 -0.0106,
        -3.2711 3.2711 -0.0106,
        -3.6700 2.8161 -0.0106,
        -4.0062 2.3130 -0.0106,
        -4.2739 1.7703 -0.0106,
        -4.4684 1.1973 -0.0106,
        -4.5864 0.6038 -0.0106,
        -4.6260 0.0000 -0.0106,
        -4.5864 -0.6038 -0.0106,
        -4.4684 -1.1973 -0.0106,
        -4.2739 -1.7703 -0.0106,
        -4.0062 -2.3130 -0.0106,
        -3.6700 -2.8161 -0.0106,
        -3.2711 -3.2711 -0.0106,
        -2.8161 -3.6700 -0.0106,
        -2.3130 -4.0062 -0.0106,
        -1.7703 -4.2739 -0.0106,
        -1.1973 -4.4684 -0.0106,
        -0.6038 -4.5864 -0.0106,
        -0.0000 -4.6260 -0.0106,
        0.6038 -4.5864 -0.0106,
        1.1973 -4.4684 -0.0106,
        1.7703 -4.2739 -0.0106,
        2.3130 -4.0062 -0.0106,
        2.8161 -3.6700 -0.0106,
        3.2711 -3.2711 -0.0106,
        3.6700 -2.8161 -0.0106,
        4.0062 -2.3130 -0.0106,
        4.2739 -1.7703 -0.0106,
        4.4684 -1.1973 -0.0106,
        4.5864 -0.6038 -0.0106,
        4.6260 0.0000 0.0106,
        4.5864 0.6038 0.0106,
        4.4684 1.1973 0.0106,
        4.2739 1.7703 0.0106,
        4.0062 2.3130 0.0106,
        3.6700 2.8161 0.0106,
        3.2711 3.2711 0.0106,
        2.8161 3.6700 0.0106,
        2.3130 4.0062 0.0106,
        1.7703 4.2739 0.0106,
        1.1973 4.4684 0.0106,
        0.6038 4.5864 0.0106,
        0.0000 4.6260 0.0106,
        -0.6038 4.5864 0.0106,
        -1.1973 4.4684 0.0106,
        -1.7703 4.2739 0.0106,
        -2.3130 4.0062 0.0106,
        -2.8161 3.6700 0.0106,
        -3.2711 3.2711 0.0106,
        -3.6700 2.8161 0.0106,
        -4.0062 2.3130 0.0106,
        -4.2739 1.7703 0.0106,
        -4.4684 1.1973 0.0106,
        -4.5864 0.6038 0.0106,
        -4.6260 0.0000 0.0106,
        -4.5864 -0.6038 0.0106,
        -4.4684 -1.1973 0.0106,
        -4.2739 -1.7703 0.0106,
        -4.0062 -2.3130 0.0106,
        -3.6700 -2.8161 0.0106,
        -3.2711 -3.2711 0.0106,
        -2.8161 -3.6700 0.0106,
        -2.3130 -4.0062 0.0106,
        -1.7703 -4.2739 0.0106,
        -1.1973 -4.4684 0.0106,
        -0.6038 -4.5864 0.0106,
        -0.0000 -4.6260 0.0106,
        0.6038 -4.5864 0.0106,
        1.1973 -4.4684 0.0106,
        1.7703 -4.2739 0.0106,
        2.3130 -4.0062 0.0106,
        2.8161 -3.6700 0.0106,
        3.2711 -3.2711 0.0106,
        3.6700 -2.8161 0.0106,
        4.0062 -2.3130 0.0106,
        4.2739 -1.7703 0.0106,
        4.4684 -1.1973 0.0106,
        4.5864 -0.6038 0.0106,
        4.6259 0.0000 0.0114,
        4.5863 0.6038 0.0114,
        4.4683 1.1973 0.0114,
        4.2738 1.7702 0.0114,
        4.0061 2.3129 0.0114,
        3.6700 2.8161 0.0114,
        3.2710 3.2710 0.0114,
        2.8161 3.6700 0.0114,
        2.3129 4.0061 0.0114,
        1.7702 4.2738 0.0114,
        1.1973 4.4683 0.0114,
        0.6038 4.5863 0.0114,
        0.0000 4.6259 0.0114,
        -0.6038 4.5863 0.0114,
        -1.1973 4.4683 0.0114,
        -1.7702 4.2738 0.0114,
        -2.3129 4.0061 0.0114,
        -2.8161 3.6700 0.0114,
        -3.2710 3.2710 0.0114,
        -3.6700 2.8161 0.0114,
        -4.0061 2.3129 0.0114,
        -4.2738 1.7702 0.0114,
        -4.4683 1.1973 0.0114,
        -4.5863 0.6038 0.0114,
        -4.6259 0.0000 0.0114,
        -4.5863 -0.6038 0.0114,
        -4.4683 -1.1973 0.0114,
        -4.2738 -1.7702 0.0114,
        -4.0061 -2.3129 0.0114,
        -3.6700 -2.8161 0.0114,
        -3.2710 -3.2710 0.0114,
        -2.8161 -3.6700 0.0114,
        -2.3129 -4.0061 0.0114,
        -1.7702 -4.2738 0.0114,
        -1.1973 -4.4683 0.0114,
        -0.6038 -4.5863 0.0114,
        -0.0000 -4.6259 0.0114,
        0.6038 -4.5863 0.0114,
        1.1973 -4.4683 0.0114,
        1.7702 -4.2738 0.0114,
        2.3129 -4.0061 0.0114,
        2.8161 -3.6700 0.0114,
        3.2710 -3.2710 0.0114,
        3.6700 -2.8161 0.0114,
        4.0061 -2.3129 0.0114,
        4.2738 -1.7702 0.0114,
        4.4683 -1.1973 0.0114,
        4.5863 -0.6038 0.0114,
        4.6256 0.0000 0.0122,
        4.5860 0.6038 0.0122,
        4.4680 1.1972 0.0122,
        4.2735 1.7701 0.0122,
        4.0059 2.3128 0.0122,
        3.6697 2.8159 0.0122,
        3.2708 3.2708 0.0122,
        2.8159 3.6697 0.0122,
        2.3128 4.0059 0.0122,
        1.7701 4.2735 0.0122,
        1.1972 4.4680 0.0122,
        0.6038 4.5860 0.0122,
        0.0000 4.6256 0.0122,
        -0.6038 4.5860 0.0122,
        -1.1972 4.4680 0.0122,
        -1.7701 4.2735 0.0122,
        -2.3128 4.0059 0.0122,
        -2.8159 3.6697 0.0122,
        -3.2708 3.2708 0.0122,
        -3.6697 2.8159 0.0122,
        -4.0059 2.3128 0.0122,
        -4.2735 1.7701 0.0122,
        -4.4680 1.1972 0.0122,
        -4.5860 0.6038 0.0122,
        -4.6256 0.0000 0.0122,
        -4.5860 -0.6038 0.0122,
        -4.4680 -1.1972 0.0122,
        -4.2735 -1.7701 0.0122,
        -4.0059 -2.3128 0.0122,
        -3.6697 -2.8159 0.0122,
        -3.2708 -3.2708 0.0122,
        -2.8159 -3.6697 0.0122,
        -2.3128 -4.0059 0.0122,
        -1.7701 -4.2735 0.0122,
        -1.1972 -4.4680 0.0122,
        -0.6038 -4.5860 0.0122,
        -0.0000 -4.6256 0.0122,
        0.6038 -4.5860 0.0122,
        1.1972 -4.4680 0.0122,
        1.7701 -4.2735 0.0122,
        2.3128 -4.0059 0.0122,
        2.8159 -3.6697 0.0122,
        3.2708 -3.2708 0.0122,
        3.6697 -2.8159 0.0122,
        4.0059 -2.3128 0.0122,
        4.2735 -1.7701 0.0122,
        4.4680 -1.1972 0.0122,
        4.5860 -0.6038 0.0122,
        4.6251 0.0000 0.0129,
        4.5855 0.6037 0.0129,
        4.4675 1.1971 0.0129,
        4.2730 1.7699 0.0129,
        4.0054 2.3125 0.0129,
        3.6693 2.8156 0.0129,
        3.2704 3.2704 0.0129,
        2.8156 3.6693 0.0129,
        2.3125 4.0054 0.0129,
        1.7699 4.2730 0.0129,
        1.1971 4.4675 0.0129,
        0.6037 4.5855 0.0129,
        0.0000 4.6251 0.0129,
        -0.6037 4.5855 0.0129,
        -1.1971 4.4675 0.0129,
        -1.7699 4.2730 0.0129,
        -2.3125 4.0054 0.0129,
        -2.8156 3.6693 0.0129,
        -3.2704 3.2704 0.0129,
        -3.6693 2.8156 0.0129,
        -4.0054 2.3125 0.0129,
        -4.2730 1.7699 0.0129,
        -4.4675 1.1971 0.0129,
        -4.5855 0.6037 0.0129,
        -4.6251 0.0000 0.0129,
        -4.5855 -0.6037 0.0129,
        -4.4675 -1.1971 0.0129,
        -4.2730 -1.7699 0.0129,
        -4.0054 -2.3125 0.0129,
        -3.6693 -2.8156 0.0129,
        -3.2704 -3.2704 0.0129,
        -2.8156 -3.6693 0.0129,
        -2.3125 -4.0054 0.0129,
        -1.7699 -4.2730 0.0129,
        -1.1971 -4.4675 0.0129,
        -0.6037 -4.5855 0.0129,
        -0.0000 -4.6251 0.0129,
        0.6037 -4.5855 0.0129,
        1.1971 -4.4675 0.0129,
        1.7699 -4.2730 0.0129,
        2.3125 -4.0054 0.0129,
        2.8156 -3.6693 0.0129,
        3.2704 -3.2704 0.0129,
        3.6693 -2.8156 0.0129,
        4.0054 -2.3125 0.0129,
        4.2730 -1.7699 0.0129,
        4.4675 -1.1971 0.0129,
        4.5855 -0.6037 0.0129,
        4.6244 0.0000 0.0134,
        4.5848 0.6036 0.0134,
        4.4668 1.1969 0.0134,
        4.2724 1.7697 0.0134,
        4.0049 2.3122 0.0134,
        3.6688 2.8152 0.0134,
        3.2700 3.2700 0.0134,
        2.8152 3.6688 0.0134,
        2.3122 4.0049 0.0134,
        1.7697 4.2724 0.0134,
        1.1969 4.4668 0.0134,
        0.6036 4.5848 0.0134,
        0.0000 4.6244 0.0134,
        -0.6036 4.5848 0.0134,
        -1.1969 4.4668 0.0134,
        -1.7697 4.2724 0.0134,
        -2.3122 4.0049 0.0134,
        -2.8152 3.6688 0.0134,
        -3.2700 3.2700 0.0134,
        -3.6688 2.8152 0.0134,
        -4.0049 2.3122 0.0134,
        -4.2724 1.7697 0.0134,
        -4.4668 1.1969 0.0134,
        -4.5848 0.6036 0.0134,
        -4.6244 0.0000 0.0134,
        -4.5848 -0.6036 0.0134,
        -4.4668 -1.1969 0.0134,
        -4.2724 -1.7697 0.0134,
        -4.0049 -2.3122 0.0134,
        -3.6688 -2.8152 0.0134,
        -3.2700 -3.2700 0.0134,
        -2.8152 -3.6688 0.0134,
        -2.3122 -4.0049 0.0134,
        -1.7697 -4.2724 0.0134,
        -1.1969 -4.4668 0.0134,
        -0.6036 -4.5848 0.0134,
        -0.0000 -4.6244 0.0134,
        0.6036 -4.5848 0.0134,
        1.1969 -4.4668 0.0134,
        1.7697 -4.2724 0.0134,
        2.3122 -4.0049 0.0134,
        2.8152 -3.6688 0.0134,
        3.2700 -3.2700 0.0134,
        3.6688 -2.8152 0.0134,
        4.0049 -2.3122 0.0134,
        4.2724 -1.7697 0.0134,
        4.4668 -1.1969 0.0134,
        4.5848 -0.6036 0.0134,
        4.6236 0.0000 0.0137,
        4.5841 0.6035 0.0137,
        4.4661 1.1967 0.0137,
        4.2717 1.7694 0.0137,
        4.0042 2.3118 0.0137,
        3.6682 2.8147 0.0137,
        3.2694 3.2694 0.0137,
        2.8147 3.6682 0.0137,
        2.3118 4.0042 0.0137,
        1.7694 4.2717 0.0137,
        1.1967 4.4661 0.0137,
        0.6035 4.5841 0.0137,
        0.0000 4.6236 0.0137,
        -0.6035 4.5841 0.0137,
        -1.1967 4.4661 0.0137,
        -1.7694 4.2717 0.0137,
        -2.3118 4.0042 0.0137,
        -2.8147 3.6682 0.0137,
        -3.2694 3.2694 0.0137,
        -3.6682 2.8147 0.0137,
        -4.0042 2.3118 0.0137,
        -4.2717 1.7694 0.0137,
        -4.4661 1.1967 0.0137,
        -4.5841 0.6035 0.0137,
        -4.6236 0.0000 0.0137,
        -4.5841 -0.6035 0.0137,
        -4.4661 -1.1967 0.0137,
        -4.2717 -1.7694 0.0137,
        -4.0042 -2.3118 0.0137,
        -3.6682 -2.8147 0.0137,
        -3.2694 -3.2694 0.0137,
        -2.8147 -3.6682 0.0137,
        -2.3118 -4.0042 0.0137,
        -1.7694 -4.2717 0.0137,
        -1.1967 -4.4661 0.0137,
        -0.6035 -4.5841 0.0137,
        -0.0000 -4.6236 0.0137,
        0.6035 -4.5841 0.0137,
        1.1967 -4.4661 0.0137,
        1.7694 -4.2717 0.0137,
        2.3118 -4.0042 0.0137,
        2.8147 -3.6682 0.0137,
        3.2694 -3.2694 0.0137,
        3.6682 -2.8147 0.0137,
        4.0042 -2.3118 0.0137,
        4.2717 -1.7694 0.0137,
        4.4661 -1.1967 0.0137,
        4.5841 -0.6035 0.0137,
        4.6228 0.0000 0.0138,
        4.5833 0.6034 0.0138,
        4.4653 1.1965 0.0138,
        4.2709 1.7691 0.0138,
        4.0035 2.3114 0.0138,
        3.6675 2.8142 0.0138,
        3.2688 3.2688 0.0138,
        2.8142 3.6675 0.0138,
        2.3114 4.0035 0.0138,
        1.7691 4.2709 0.0138,
        1.1965 4.4653 0.0138,
        0.6034 4.5833 0.0138,
        0.0000 4.6228 0.0138,
        -0.6034 4.5833 0.0138,
        -1.1965 4.4653 0.0138,
        -1.7691 4.2709 0.0138,
        -2.3114 4.0035 0.0138,
        -2.8142 3.6675 0.0138,
        -3.2688 3.2688 0.0138,
        -3.6675 2.8142 0.0138,
        -4.0035 2.3114 0.0138,
        -4.2709 1.7691 0.0138,
        -4.4653 1.1965 0.0138,
        -4.5833 0.6034 0.0138,
        -4.6228 0.0000 0.0138,
        -4.5833 -0.6034 0.0138,
        -4.4653 -1.1965 0.0138,
        -4.2709 -1.7691 0.0138,
        -4.0035 -2.3114 0.0138,
        -3.6675 -2.8142 0.0138,
        -3.2688 -3.2688 0.0138,
        -2.8142 -3.6675 0.0138,
        -2.3114 -4.0035 0.0138,
        -1.7691 -4.2709 0.0138,
        -1.1965 -4.4653 0.0138,
        -0.6034 -4.5833 0.0138,
        -0.0000 -4.6228 0.0138,
        0.6034 -4.5833 0.0138,
        1.1965 -4.4653 0.0138,
        1.7691 -4.2709 0.0138,
        2.3114 -4.0035 0.0138,
        2.8142 -3.6675 0.0138,
        3.2688 -3.2688 0.0138,
        3.6675 -2.8142 0.0138,
        4.0035 -2.3114 0.0138,
        4.2709 -1.7691 0.0138,
        4.4653 -1.1965 0.0138,
        4.5833 -0.6034 0.0138,
        0.0000 0.0000 -0.0138,
        0.0000 0.0000 0.0138
    ] }
    coordIndex [
        0, 1, 49, 48, -1,
        1, 2, 50, 49, -1,
        2, 3, 51, 50, -1,
        3, 4, 52, 51, -1,
        4, 5, 53, 52, -1,
        5, 6, 54, 53, -1,
        6, 7, 55, 54, -1,
        7, 8, 56, 55, -1,
        8, 9, 57, 56, -1,
        9, 10, 58, 57, -1,
        10, 11, 59, 58, -1,
        11, 12, 60, 59, -1,
        12, 13, 61, 60, -1,
        13, 14, 62, 61, -1,
        14, 15, 63, 62, -1,
        15, 16, 64, 63, -1,
        16, 17, 65, 64, -1,
        17, 18, 66, 65, -1,
        18, 19, 67, 66, -1,
        19, 20, 68, 67, -1,
        20, 21, 69, 68, -1,
        21, 22, 70, 69, -1,
        22, 23, 71, 70, -1,
        23, 24, 72, 71, -1,
        24, 25, 73, 72, -1,
        25, 26, 74, 73, -1,
        26, 27, 75, 74, -1,
        27, 28, 76, 75, -1,
        28, 29, 77, 76, -1,
        29, 30, 78, 77, -1,
        30, 31, 79, 78, -1,
        31, 32, 80, 79, -1,
        32, 33, 81, 80, -1,
        33, 34, 82, 81, -1,
        34, 35, 83, 82, -1,
        35, 36, 84, 83, -1,
        36, 37, 85, 84, -1,
        37, 38, 86, 85, -1,
        38, 39, 87, 86, -1,
        39, 40, 88, 87, -1,
        40, 41, 89, 88, -1,
        41, 42, 90, 89, -1,
        42, 43, 91, 90, -1,
        43, 44, 92, 91, -1,
        44, 45, 93, 92, -1,
        45, 46, 94, 93, -1,
        46, 47, 95, 94, -1,
        47, 0, 48, 95, -1,
        48, 49, 97, 96, -1,
        49, 50, 98, 97, -1,
        50, 51, 99, 98, -1,
        51, 52, 100, 99, -1,
        52, 53, 101, 100, -1,
        53, 54, 102, 101, -1,
        54, 55, 103, 102, -1,
        55, 56, 104, 103, -1,
        56, 57, 105, 104, -1,
        57, 58, 106, 105, -1,
        58, 59, 107, 106, -1,
        59, 60, 108, 107, -1,
        60, 61, 109, 108, -1,
        61, 62, 110, 109, -1,
        62, 63, 111, 110, -1,
        63, 64, 112, 111, -1,
        64, 65, 113, 112, -1,
        65, 66, 114, 113, -1,
        66, 67, 115, 114, -1,
        67, 68, 116, 115, -1,
        68, 69, 117, 116, -1,
        69, 70, 118, 117, -1,
        70, 71, 119, 118, -1,
        71, 72, 120, 119, -1,
        72, 73, 121, 120, -1,
        73, 74, 122, 121, -1,
        74, 75, 123, 122, -1,
        75, 76, 124, 123, -1,
        76, 77, 125, 124, -1,
        77, 78, 126, 125, -1,
        78, 79, 127, 126, -1,
        79, 80, 128, 127, -1,
        80, 81, 129, 128, -1,
        81, 82, 130, 129, -1,
        82, 83, 131, 130, -1,
        83, 84, 132, 131, -1,
        84, 85, 133, 132, -1,
        85, 86, 134, 133, -1,
        86, 87, 135, 134, -1,
        87, 88, 136, 135, -1,
        88, 89, 137, 136, -1,
        89, 90, 138, 137, -1,
        90, 91, 139, 138, -1,
        91, 92, 140, 139, -1,
        92, 93, 141, 140, -1,
        93, 94, 142, 141, -1,
        94, 95, 143, 142, -1,
        95, 48, 96, 143, -1,
        96, 97, 145, 144, -1,
        97, 98, 146, 145, -1,
        98, 99, 147, 146, -1,
        99, 100, 148, 147, -1,
        100, 101, 149, 148, -1,
        101, 102, 150, 149, -1,
        102, 103, 151, 150, -1,
        103, 104, 152, 151, -1,
        104, 105, 153, 152, -1,
        105, 106, 154, 153, -1,
        106, 107, 155, 154, -1,
        107, 108, 156, 155, -1,
        108, 109, 157, 156, -1,
        109, 110, 158, 157, -1,
        110, 111, 159, 158, -1,
        111, 112, 160, 159, -1,
        112, 113, 161, 160, -1,
        113, 114, 162, 161, -1,
        114, 115, 163, 162, -1,
        115, 116, 164, 163, -1,
        116, 117, 165, 164, -1,
        117, 118, 166, 165, -1,
        118, 119, 167, 166, -1,
        119, 120, 168, 167, -1,
        120, 121, 169, 168, -1,
        121, 122, 170, 169, -1,
        122, 123, 171, 170, -1,
        123, 124, 172, 171, -1,
        124, 125, 173, 172, -1,
        125, 126, 174, 173, -1,
        126, 127, 175, 174, -1,
        127, 128, 176, 175, -1,
        128, 129, 177, 176, -1,
        129, 130, 178, 177, -1,
        130, 131, 179, 178, -1,
        131, 132, 180, 179, -1,
        132, 133, 181, 180, -1,
        133, 134, 182, 181, -1,
        134, 135, 183, 182, -1,
        135, 136, 184, 183, -1,
        136, 137, 185, 184, -1,
        137, 138, 186, 185, -1,
        138, 139, 187, 186, -1,
        139, 140, 188, 187, -1,
        140, 141, 189, 188, -1,
        141, 142, 190, 189, -1,
        142, 143, 191, 190, -1,
        143, 96, 144, 191, -1,
        144, 145, 193, 192, -1,
        145, 146, 194, 193, -1,
        146, 147, 195, 194, -1,
        147, 148, 196, 195, -1,
        148, 149, 197, 196, -1,
        149, 150, 198, 197, -1,
        150, 151, 199, 198, -1,
        151, 152, 200, 199, -1,
        152, 153, 201, 200, -1,
        153, 154, 202, 201, -1,
        154, 155, 203, 202, -1,
        155, 156, 204, 203, -1,
        156, 157, 205, 204, -1,
        157, 158, 206, 205, -1,
        158, 159, 207, 206, -1,
        159, 160, 208, 207, -1,
        160, 161, 209, 208, -1,
        161, 162, 210, 209, -1,
        162, 163, 211, 210, -1,
        163, 164, 212, 211, -1,
        164, 165, 213, 212, -1,
        165, 166, 214, 213, -1,
        166, 167, 215, 214, -1,
        167, 168, 216, 215, -1,
        168, 169, 217, 216, -1,
        169, 170, 218, 217, -1,
        170, 171, 219, 218, -1,
        171, 172, 220, 219, -1,
        172, 173, 221, 220, -1,
        173, 174, 222, 221, -1,
        174, 175, 223, 222, -1,
        175, 176, 224, 223, -1,
        176, 177, 225, 224, -1,
        177, 178, 226, 225, -1,
        178, 179, 227, 226, -1,
        179, 180, 228, 227, -1,
        180, 181, 229, 228, -1,
        181, 182, 230, 229, -1,
        182, 183, 231, 230, -1,
        183, 184, 232, 231, -1,
        184, 185, 233, 232, -1,
        185, 186, 234, 233, -1,
        186, 187, 235, 234, -1,
        187, 188, 236, 235, -1,
        188, 189, 237, 236, -1,
        189, 190, 238, 237, -1,
        190, 191, 239, 238, -1,
        191, 144, 192, 239, -1,
        192, 193, 241, 240, -1,
        193, 194, 242, 241, -1,
        194, 195, 243, 242, -1,
        195, 196, 244, 243, -1,
        196, 197, 245, 244, -1,
        197, 198, 246, 245, -1,
        198, 199, 247, 246, -1,
        199, 200, 248, 247, -1,
        200, 201, 249, 248, -1,
        201, 202, 250, 249, -1,
        202, 203, 251, 250, -1,
        203, 204, 252, 251, -1,
        204, 205, 253, 252, -1,
        205, 206, 254, 253, -1,
        206, 207, 255, 254, -1,
        207, 208, 256, 255, -1,
        208, 209, 257, 256, -1,
        209, 210, 258, 257, -1,
        210, 211, 259, 258, -1,
        211, 212, 260, 259, -1,
        212, 213, 261, 260, -1,
        213, 214, 262, 261, -1,
        214, 215, 263, 262, -1,
        215, 216, 264, 263, -1,
        216, 217, 265, 264, -1,
        217, 218, 266, 265, -1,
        218, 219, 267, 266, -1,
        219, 220, 268, 267, -1,
        220, 221, 269, 268, -1,
        221, 222, 270, 269, -1,
        222, 223, 271, 270, -1,
        223, 224, 272, 271, -1,
        224, 225, 273, 272, -1,
        225, 226, 274, 273, -1,
        226, 227, 275, 274, -1,
        227, 228, 276, 275, -1,
        228, 229, 277, 276, -1,
        229, 230, 278, 277, -1,
        230, 231, 279, 278, -1,
        231, 232, 280, 279, -1,
        232, 233, 281, 280, -1,
        233, 234, 282, 281, -1,
        234, 235, 283, 282, -1,
        235, 236, 284, 283, -1,
        236, 237, 285, 284, -1,
        237, 238, 286, 285, -1,
        238, 239, 287, 286, -1,
        239, 192, 240, 287, -1,
        240, 241, 289, 288, -1,
        241, 242, 290, 289, -1,
        242, 243, 291, 290, -1,
        243, 244, 292, 291, -1,
        244, 245, 293, 292, -1,
        245, 246, 294, 293, -1,
        246, 247, 295, 294, -1,
        247, 248, 296, 295, -1,
        248, 249, 297, 296, -1,
        249, 250, 298, 297, -1,
        250, 251, 299, 298, -1,
        251, 252, 300, 299, -1,
        252, 253, 301, 300, -1,
        253, 254, 302, 301, -1,
        254, 255, 303, 302, -1,
        255, 256, 304, 303, -1,
        256, 257, 305, 304, -1,
        257, 258, 306, 305, -1,
        258, 259, 307, 306, -1,
        259, 260, 308, 307, -1,
        260, 261, 309, 308, -1,
        261, 262, 310, 309, -1,
        262, 263, 311, 310, -1,
        263, 264, 312, 311, -1,
        264, 265, 313, 312, -1,
        265, 266, 314, 313, -1,
        266, 267, 315, 314, -1,
        267, 268, 316, 315, -1,
        268, 269, 317, 316, -1,
        269, 270, 318, 317, -1,
        270, 271, 319, 318, -1,
        271, 272, 320, 319, -1,
        272, 273, 321, 320, -1,
        273, 274, 322, 321, -1,
        274, 275, 323, 322, -1,
        275, 276, 324, 323, -1,
        276, 277, 325, 324, -1,
        277, 278, 326, 325, -1,
        278, 279, 327, 326, -1,
        279, 280, 328, 327, -1,
        280, 281, 329, 328, -1,
        281, 282, 330, 329, -1,
        282, 283, 331, 330, -1,
        283, 284, 332, 331, -1,
        284, 285, 333, 332, -1,
        285, 286, 334, 333, -1,
        286, 287, 335, 334, -1,
        287, 240, 288, 335, -1,
        288, 289, 337, 336, -1,
        289, 290, 338, 337, -1,
        290, 291, 339, 338, -1,
        291, 292, 340, 339, -1,
        292, 293, 341, 340, -1,
        293, 294, 342, 341, -1,
        294, 295, 343, 342, -1,
        295, 296, 344, 343, -1,
        296, 297, 345, 344, -1,
        297, 298, 346, 345, -1,
        298, 299, 347, 346, -1,
        299, 300, 348, 347, -1,
        300, 301, 349, 348, -1,
        301, 302, 350, 349, -1,
        302, 303, 351, 350, -1,
        303, 304, 352, 351, -1,
        304, 305, 353, 352, -1,
        305, 306, 354, 353, -1,
        306, 307, 355, 354, -1,
        307, 308, 356, 355, -1,
        308, 309, 357, 356, -1,
        309, 310, 358, 357, -1,
        310, 311, 359, 358, -1,
        311, 312, 360, 359, -1,
        312, 313, 361, 360, -1,
        313, 314, 362, 361, -1,
        314, 315, 363, 362, -1,
        315, 316, 364, 363, -1,
        316, 317, 365, 364, -1,
        317, 318, 366, 365, -1,
        318, 319, 367, 366, -1,
        319, 320, 368, 367, -1,
        320, 321, 369, 368, -1,
        321, 322, 370, 369, -1,
        322, 323, 371, 370, -1,
        323, 324, 372, 371, -1,
        324, 325, 373, 372, -1,
        325, 326, 374, 373, -1,
        326, 327, 375, 374, -1,
        327, 328, 376, 375, -1,
        328, 329, 377, 376, -1,
        329, 330, 378, 377, -1,
        330, 331, 379, 378, -1,
        331, 332, 380, 379, -1,
        332, 333, 381, 380, -1,
        333, 334, 382, 381, -1,
        334, 335, 383, 382, -1,
        335, 288, 336, 383, -1,
        336, 337, 385, 384, -1,
        337, 338, 386, 385, -1,
        338, 339, 387, 386, -1,
        339, 340, 388, 387, -1,
        340, 341, 389, 388, -1,
        341, 342, 390, 389, -1,
        342, 343, 391, 390, -1,
        343, 344, 392, 391, -1,
        344, 345, 393, 392, -1,
        345, 346, 394, 393, -1,
        346, 347, 395, 394, -1,
        347, 348, 396, 395, -1,
        348, 349, 397, 396, -1,
        349, 350, 398, 397, -1,
        350, 351, 399, 398, -1,
        351, 352, 400, 399, -1,
        352, 353, 401, 400, -1,
        353, 354, 402, 401, -1,
        354, 355, 403, 402, -1,
        355, 356, 404, 403, -1,
        356, 357, 405, 404, -1,
        357, 358, 406, 405, -1,
        358, 359, 407, 406, -1,
        359, 360, 408, 407, -1,
        360, 361, 409, 408, -1,
        361, 362, 410, 409, -1,
        362, 363, 411, 410, -1,
        363, 364, 412, 411, -1,
        364, 365, 413, 412, -1,
        365, 366, 414, 413, -1,
        366, 367, 415, 414, -1,
        367, 368, 416, 415, -1,
        368, 369, 417, 416, -1,
        369, 370, 418, 417, -1,
        370, 371, 419, 418, -1,
        371, 372, 420, 419, -1,
        372, 373, 421, 420, -1,
        373, 374, 422, 421, -1,
        374, 375, 423, 422, -1,
        375, 376, 424, 423, -1,
        376, 377, 425, 424, -1,
        377, 378, 426, 425, -1,
        378, 379, 427, 426, -1,
        379, 380, 428, 427, -1,
        380, 381, 429, 428, -1,
        381, 382, 430, 429, -1,
        382, 383, 431, 430, -1,
        383, 336, 384, 431, -1,
        384, 385, 433, 432, -1,
        385, 386, 434, 433, -1,
        386, 387, 435, 434, -1,
        387, 388, 436, 435, -1,
        388, 389, 437, 436, -1,
        389, 390, 438, 437, -1,
        390, 391, 439, 438, -1,
        391, 392, 440, 439, -1,
        392, 393, 441, 440, -1,
        393, 394, 442, 441, -1,
        394, 395, 443, 442, -1,
        395, 396, 444, 443, -1,
        396, 397, 445, 444, -1,
        397, 398, 446, 445, -1,
        398, 399, 447, 446, -1,
        399, 400, 448, 447, -1,
        400, 401, 449, 448, -1,
        401, 402, 450, 449, -1,
        402, 403, 451, 450, -1,
        403, 404, 452, 451, -1,
        404, 405, 453, 452, -1,
        405, 406, 454, 453, -1,
        406, 407, 455, 454, -1,
        407, 408, 456, 455, -1,
        408, 409, 457, 456, -1,
        409, 410, 458, 457, -1,
        410, 411, 459, 458, -1,
        411, 412, 460, 459, -1,
        412, 413, 461, 460, -1,
        413, 414, 462, 461, -1,
        414, 415, 463, 462, -1,
        415, 416, 464, 463, -1,
        416, 417, 465, 464, -1,
        417, 418, 466, 465, -1,
        418, 419, 467, 466, -1,
        419, 420, 468, 467, -1,
        420, 421, 469, 468, -1,
        421, 422, 470, 469, -1,
        422, 423, 471, 470, -1,
        423, 424, 472, 471, -1,
        424, 425, 473, 472, -1,
        425, 426, 474, 473, -1,
        426, 427, 475, 474, -1,
        427, 428, 476, 475, -1,
        428, 429, 477, 476, -1,
        429, 430, 478, 477, -1,
        430, 431, 479, 478, -1,
        431, 384, 432, 479, -1,
        432, 433, 481, 480, -1,
        433, 434, 482, 481, -1,
        434, 435, 483, 482, -1,
        435, 436, 484, 483, -1,
        436, 437, 485, 484, -1,
        437, 438, 486, 485, -1,
        438, 439, 487, 486, -1,
        439, 440, 488, 487, -1,
        440, 441, 489, 488, -1,
        441, 442, 490, 489, -1,
        442, 443, 491, 490, -1,
        443, 444, 492, 491, -1,
        444, 445, 493, 492, -1,
        445, 446, 494, 493, -1,
        446, 447, 495, 494, -1,
        447, 448, 496, 495, -1,
        448, 449, 497, 496, -1,
        449, 450, 498, 497, -1,
        450, 451, 499, 498, -1,
        451, 452, 500, 499, -1,
        452, 453, 501, 500, -1,
        453, 454, 502, 501, -1,
        454, 455, 503, 502, -1,
        455, 456, 504, 503, -1,
        456, 457, 505, 504, -1,
        457, 458, 506, 505, -1,
        458, 459, 507, 506, -1,
        459, 460, 508, 507, -1,
        460, 461, 509, 508, -1,
        461, 462, 510, 509, -1,
        462, 463, 511, 510, -1,
        463, 464, 512, 511, -1,
        464, 465, 513, 512, -1,
        465, 466, 514, 513, -1,
        466, 467, 515, 514, -1,
        467, 468, 516, 515, -1,
        468, 469, 517, 516, -1,
        469, 470, 518, 517, -1,
        470, 471, 519, 518, -1,
        471, 472, 520, 519, -1,
        472, 473, 521, 520, -1,
        473, 474, 522, 521, -1,
        474, 475, 523, 522, -1,
        475, 476, 524, 523, -1,
        476, 477, 525, 524, -1,
        477, 478, 526, 525, -1,
        478, 479, 527, 526, -1,
        479, 432, 480, 527, -1,
        480, 481, 529, 528, -1,
        481, 482, 530, 529, -1,
        482, 483, 531, 530, -1,
        483, 484, 532, 531, -1,
        484, 485, 533, 532, -1,
        485, 486, 534, 533, -1,
        486, 487, 535, 534, -1,
        487, 488, 536, 535, -1,
        488, 489, 537, 536, -1,
        489, 490, 538, 537, -1,
        490, 491, 539, 538, -1,
        491, 492, 540, 539, -1,
        492, 493, 541, 540, -1,
        493, 494, 542, 541, -1,
        494, 495, 543, 542, -1,
        495, 496, 544, 543, -1,
        496, 497, 545, 544, -1,
        497, 498, 546, 545, -1,
        498, 499, 547, 546, -1,
        499, 500, 548, 547, -1,
        500, 501, 549, 548, -1,
        501, 502, 550, 549, -1,
        502, 503, 551, 550, -1,
        503, 504, 552, 551, -1,
        504, 505, 553, 552, -1,
        505, 506, 554, 553, -1,
        506, 507, 555, 554, -1,
        507, 508, 556, 555, -1,
        508, 509, 557, 556, -1,
        509, 510, 558, 557, -1,
        510, 511, 559, 558, -1,
        511, 512, 560, 559, -1,
        512, 513, 561, 560, -1,
        513, 514, 562, 561, -1,
        514, 515, 563, 562, -1,
        515, 516, 564, 563, -1,
        516, 517, 565, 564, -1,
        517, 518, 566, 565, -1,
        518, 519, 567, 566, -1,
        519, 520, 568, 567, -1,
        520, 521, 569, 568, -1,
        521, 522, 570, 569, -1,
        522, 523, 571, 570, -1,
        523, 524, 572, 571, -1,
        524, 525, 573, 572, -1,
        525, 526, 574, 573, -1,
        526, 527, 575, 574, -1,
        527, 480, 528, 575, -1,
        528, 529, 577, 576, -1,
        529, 530, 578, 577, -1,
        530, 531, 579, 578, -1,
        531, 532, 580, 579, -1,
        532, 533, 581, 580, -1,
        533, 534, 582, 581, -1,
        534, 535, 583, 582, -1,
        535, 536, 584, 583, -1,
        536, 537, 585, 584, -1,
        537, 538, 586, 585, -1,
        538, 539, 587, 586, -1,
        539, 540, 588, 587, -1,
        540, 541, 589, 588, -1,
        541, 542, 590, 589, -1,
        542, 543, 591, 590, -1,
        543, 544, 592, 591, -1,
        544, 545, 593, 592, -1,
        545, 546, 594, 593, -1,
        546, 547, 595, 594, -1,
        547, 548, 596, 595, -1,
        548, 549, 597, 596, -1,
        549, 550, 598, 597, -1,
        550, 551, 599, 598, -1,
        551, 552, 600, 599, -1,
        552, 553, 601, 600, -1,
        553, 554, 602, 601, -1,
        554, 555, 603, 602, -1,
        555, 556, 604, 603, -1,
        556, 557, 605, 604, -1,
        557, 558, 606, 605, -1,
        558, 559, 607, 606, -1,
        559, 560, 608, 607, -1,
        560, 561, 609, 608, -1,
        561, 562, 610, 609, -1,
        562, 563, 611, 610, -1,
        563, 564, 612, 611, -1,
        564, 565, 613, 612, -1,
        565, 566, 614, 613, -1,
        566, 567, 615, 614, -1,
        567, 568, 616, 615, -1,
        568, 569, 617, 616, -1,
        569, 570, 618, 617, -1,
        570, 571, 619, 618, -1,
        571, 572, 620, 619, -1,
        572, 573, 621, 620, -1,
        573, 574, 622, 621, -1,
        574, 575, 623, 622, -1,
        575, 528, 576, 623, -1,
        576, 577, 625, 624, -1,
        577, 578, 626, 625, -1,
        578, 579, 627, 626, -1,
        579, 580, 628, 627, -1,
        580, 581, 629, 628, -1,
        581, 582, 630, 629, -1,
        582, 583, 631, 630, -1,
        583, 584, 632, 631, -1,
        584, 585, 633, 632, -1,
        585, 586, 634, 633, -1,
        586, 587, 635, 634, -1,
        587, 588, 636, 635, -1,
        588, 589, 637, 636, -1,
        589, 590, 638, 637, -1,
        590, 591, 639, 638, -1,
        591, 592, 640, 639, -1,
        592, 593, 641, 640, -1,
        593, 594, 642, 641, -1,
        594, 595, 643, 642, -1,
        595, 596, 644, 643, -1,
        596, 597, 645, 644, -1,
        597, 598, 646, 645, -1,
        598, 599, 647, 646, -1,
        599, 600, 648, 647, -1,
        600, 601, 649, 648, -1,
        601, 602, 650, 649, -1,
        602, 603, 651, 650, -1,
        603, 604, 652, 651, -1,
        604, 605, 653, 652, -1,
        605, 606, 654, 653, -1,
        606, 607, 655, 654, -1,
        607, 608, 656, 655, -1,
        608, 609, 657, 656, -1,
        609, 610, 658, 657, -1,
        610, 611, 659, 658, -1,
        611, 612, 660, 659, -1,
        612, 613, 661, 660, -1,
        613, 614, 662, 661, -1,
        614, 615, 663, 662, -1,
        615, 616, 664, 663, -1,
        616, 617, 665, 664, -1,
        617, 618, 666, 665, -1,
        618, 619, 667, 666, -1,
        619, 620, 668, 667, -1,
        620, 621, 669, 668, -1,
        621, 622, 670, 669, -1,
        622, 623, 671, 670, -1,
        623, 576, 624, 671, -1,
        672, 1, 0, -1,
        673, 624, 625, -1,
        672, 2, 1, -1,
        673, 625, 626, -1,
        672, 3, 2, -1,
        673, 626, 627, -1,
        672, 4, 3, -1,
        673, 627, 628, -1,
        672, 5, 4, -1,
        673, 628, 629, -1,
        672, 6, 5, -1,
        673, 629, 630, -1,
        672, 7, 6, -1,
        673, 630, 631, -1,
        672, 8, 7, -1,
        673, 631, 632, -1,
        672, 9, 8, -1,
        673, 632, 633, -1,
        672, 10, 9, -1,
        673, 633, 634, -1,
        672, 11, 10, -1,
        673, 634, 635, -1,
        672, 12, 11, -1,
        673, 635, 636, -1,
        672, 13, 12, -1,
        673, 636, 637, -1,
        672, 14, 13, -1,
        673, 637, 638, -1,
        672, 15, 14, -1,
        673, 638, 639, -1,
        672, 16, 15, -1,
        673, 639, 640, -1,
        672, 17, 16, -1,
        673, 640, 641, -1,
        672, 18, 17, -1,
        673, 641, 642, -1,
        672, 19, 18, -1,
        673, 642, 643, -1,
        672, 20, 19, -1,
        673, 643, 644, -1,
        672, 21, 20, -1,
        673, 644, 645, -1,
        672, 22, 21, -1,
        673, 645, 646, -1,
        672, 23, 22, -1,
        673, 646, 647, -1,
        672, 24, 23, -1,
        673, 647, 648, -1,
        672, 25, 24, -1,
        673, 648, 649, -1,
        672, 26, 25, -1,
        673, 649, 650, -1,
        672, 27, 26, -1,
        673, 650, 651, -1,
        672, 28, 27, -1,
        673, 651, 652, -1,
        672, 29, 28, -1,
        673, 652, 653, -1,
        672, 30, 29, -1,
        673, 653, 654, -1,
        672, 31, 30, -1,
        673, 654, 655, -1,
        672, 32, 31, -1,
        673, 655, 656, -1,
        672, 33, 32, -1,
        673, 656, 657, -1,
        672, 34, 33, -1,
        673, 657, 658, -1,
        672, 35, 34, -1,
        673, 658, 659, -1,
        672, 36, 35, -1,
        673, 659, 660, -1,
        672, 37, 36, -1,
        673, 660, 661, -1,
        672, 38, 37, -1,
        673, 661, 662, -1,
        672, 39, 38, -1,
        673, 662, 663, -1,
        672, 40, 39, -1,
        673, 663, 664, -1,
        672, 41, 40, -1,
        673, 664, 665, -1,
        672, 42, 41, -1,
        673, 665, 666, -1,
        672, 43, 42, -1,
        673, 666, 667, -1,
        672, 44, 43, -1,
        673, 667, 668, -1,
        672, 45, 44, -1,
        673, 668, 669, -1,
        672, 46, 45, -1,
        673, 669, 670, -1,
        672, 47, 46, -1,
        673, 670, 671, -1,
        672, 0, 47, -1,
        673, 671, 624, -1
    ]
    creaseAngle 0.80
    solid TRUE
  } }
] }
# Stamped X vent groove 1
Transform { translation 0.0000 0.0000 14.4898 rotation 0 0 1 0.785398 children [
  Shape { appearance USE VENT geometry Box { size 8.9370 0.0256 0.0031 } }
] }
# Stamped X vent groove 2
Transform { translation 0.0000 0.0000 14.4898 rotation 0 0 1 -0.785398 children [
  Shape { appearance USE VENT geometry Box { size 8.9370 0.0256 0.0031 } }
] }
# Positive snap-in terminal
Transform { translation -1.9685 0.0000 -0.5669 children [
  Shape { appearance USE LEAD geometry Box { size 0.3150 0.6299 1.2598 } }
] }
# Negative snap-in terminal
Transform { translation 1.9685 0.0000 -0.5669 children [
  Shape { appearance USE LEAD geometry Box { size 0.3150 0.6299 1.2598 } }
] }
  ]
}
