#VRML V2.0 utf8
# Generated radial electrolytic capacitor: CP_Radial_D16.0mm_L26.5mm_P7.5mm
# Nominal body envelope: D=16.0000 mm, H=26.5000 mm; lead pitch=7.5000 mm
# Geometry inputs are millimetres, encoded as KiCad legacy VRML
# units (0.1 inch / 2.54 mm) for correct footprint-model sizing.
DEF SLEEVE Appearance { material Material { diffuseColor 0.022 0.025 0.029 specularColor 0.100 0.110 0.120 ambientIntensity 0.200 shininess 0.160 } }
DEF POLARITY_STRIPE Appearance { material Material { diffuseColor 0.460 0.510 0.560 specularColor 0.130 0.140 0.150 ambientIntensity 0.200 shininess 0.140 } }
DEF MARKING Appearance { material Material { diffuseColor 0.025 0.028 0.032 specularColor 0.050 0.050 0.050 ambientIntensity 0.200 shininess 0.080 } }
DEF CRIMP_METAL Appearance { material Material { diffuseColor 0.180 0.190 0.210 specularColor 0.300 0.310 0.330 ambientIntensity 0.200 shininess 0.360 } }
DEF ALUMINIUM Appearance { material Material { diffuseColor 0.480 0.490 0.510 specularColor 0.220 0.230 0.250 ambientIntensity 0.200 shininess 0.320 } }
DEF VENT Appearance { material Material { diffuseColor 0.130 0.140 0.160 specularColor 0.070 0.070 0.080 ambientIntensity 0.200 shininess 0.120 } }
DEF BUNG Appearance { material Material { diffuseColor 0.025 0.027 0.030 specularColor 0.030 0.030 0.030 ambientIntensity 0.200 shininess 0.040 } }
DEF LEAD Appearance { material Material { diffuseColor 0.560 0.575 0.590 specularColor 0.480 0.490 0.500 ambientIntensity 0.200 shininess 0.620 } }
Transform {
  scale 1.0 1.0 1.0
  children [
# Bottom rubber bung
Transform { translation 0.0000 0.0000 0.0315 children [
  Shape { appearance USE BUNG geometry IndexedFaceSet {
    coord Coordinate { point [
        2.4469 0.0000 -0.0315,
        2.4259 0.3194 -0.0315,
        2.3635 0.6333 -0.0315,
        2.2606 0.9364 -0.0315,
        2.1190 1.2234 -0.0315,
        1.9412 1.4895 -0.0315,
        1.7302 1.7302 -0.0315,
        1.4895 1.9412 -0.0315,
        1.2234 2.1190 -0.0315,
        0.9364 2.2606 -0.0315,
        0.6333 2.3635 -0.0315,
        0.3194 2.4259 -0.0315,
        0.0000 2.4469 -0.0315,
        -0.3194 2.4259 -0.0315,
        -0.6333 2.3635 -0.0315,
        -0.9364 2.2606 -0.0315,
        -1.2234 2.1190 -0.0315,
        -1.4895 1.9412 -0.0315,
        -1.7302 1.7302 -0.0315,
        -1.9412 1.4895 -0.0315,
        -2.1190 1.2234 -0.0315,
        -2.2606 0.9364 -0.0315,
        -2.3635 0.6333 -0.0315,
        -2.4259 0.3194 -0.0315,
        -2.4469 0.0000 -0.0315,
        -2.4259 -0.3194 -0.0315,
        -2.3635 -0.6333 -0.0315,
        -2.2606 -0.9364 -0.0315,
        -2.1190 -1.2234 -0.0315,
        -1.9412 -1.4895 -0.0315,
        -1.7302 -1.7302 -0.0315,
        -1.4895 -1.9412 -0.0315,
        -1.2234 -2.1190 -0.0315,
        -0.9364 -2.2606 -0.0315,
        -0.6333 -2.3635 -0.0315,
        -0.3194 -2.4259 -0.0315,
        -0.0000 -2.4469 -0.0315,
        0.3194 -2.4259 -0.0315,
        0.6333 -2.3635 -0.0315,
        0.9364 -2.2606 -0.0315,
        1.2234 -2.1190 -0.0315,
        1.4895 -1.9412 -0.0315,
        1.7302 -1.7302 -0.0315,
        1.9412 -1.4895 -0.0315,
        2.1190 -1.2234 -0.0315,
        2.2606 -0.9364 -0.0315,
        2.3635 -0.6333 -0.0315,
        2.4259 -0.3194 -0.0315,
        2.4494 0.0000 -0.0312,
        2.4284 0.3197 -0.0312,
        2.3659 0.6340 -0.0312,
        2.2629 0.9373 -0.0312,
        2.1212 1.2247 -0.0312,
        1.9432 1.4911 -0.0312,
        1.7320 1.7320 -0.0312,
        1.4911 1.9432 -0.0312,
        1.2247 2.1212 -0.0312,
        0.9373 2.2629 -0.0312,
        0.6340 2.3659 -0.0312,
        0.3197 2.4284 -0.0312,
        0.0000 2.4494 -0.0312,
        -0.3197 2.4284 -0.0312,
        -0.6340 2.3659 -0.0312,
        -0.9373 2.2629 -0.0312,
        -1.2247 2.1212 -0.0312,
        -1.4911 1.9432 -0.0312,
        -1.7320 1.7320 -0.0312,
        -1.9432 1.4911 -0.0312,
        -2.1212 1.2247 -0.0312,
        -2.2629 0.9373 -0.0312,
        -2.3659 0.6340 -0.0312,
        -2.4284 0.3197 -0.0312,
        -2.4494 0.0000 -0.0312,
        -2.4284 -0.3197 -0.0312,
        -2.3659 -0.6340 -0.0312,
        -2.2629 -0.9373 -0.0312,
        -2.1212 -1.2247 -0.0312,
        -1.9432 -1.4911 -0.0312,
        -1.7320 -1.7320 -0.0312,
        -1.4911 -1.9432 -0.0312,
        -1.2247 -2.1212 -0.0312,
        -0.9373 -2.2629 -0.0312,
        -0.6340 -2.3659 -0.0312,
        -0.3197 -2.4284 -0.0312,
        -0.0000 -2.4494 -0.0312,
        0.3197 -2.4284 -0.0312,
        0.6340 -2.3659 -0.0312,
        0.9373 -2.2629 -0.0312,
        1.2247 -2.1212 -0.0312,
        1.4911 -1.9432 -0.0312,
        1.7320 -1.7320 -0.0312,
        1.9432 -1.4911 -0.0312,
        2.1212 -1.2247 -0.0312,
        2.2629 -0.9373 -0.0312,
        2.3659 -0.6340 -0.0312,
        2.4284 -0.3197 -0.0312,
        2.4518 0.0000 -0.0302,
        2.4308 0.3200 -0.0302,
        2.3682 0.6346 -0.0302,
        2.2651 0.9383 -0.0302,
        2.1233 1.2259 -0.0302,
        1.9451 1.4925 -0.0302,
        1.7337 1.7337 -0.0302,
        1.4925 1.9451 -0.0302,
        1.2259 2.1233 -0.0302,
        0.9383 2.2651 -0.0302,
        0.6346 2.3682 -0.0302,
        0.3200 2.4308 -0.0302,
        0.0000 2.4518 -0.0302,
        -0.3200 2.4308 -0.0302,
        -0.6346 2.3682 -0.0302,
        -0.9383 2.2651 -0.0302,
        -1.2259 2.1233 -0.0302,
        -1.4925 1.9451 -0.0302,
        -1.7337 1.7337 -0.0302,
        -1.9451 1.4925 -0.0302,
        -2.1233 1.2259 -0.0302,
        -2.2651 0.9383 -0.0302,
        -2.3682 0.6346 -0.0302,
        -2.4308 0.3200 -0.0302,
        -2.4518 0.0000 -0.0302,
        -2.4308 -0.3200 -0.0302,
        -2.3682 -0.6346 -0.0302,
        -2.2651 -0.9383 -0.0302,
        -2.1233 -1.2259 -0.0302,
        -1.9451 -1.4925 -0.0302,
        -1.7337 -1.7337 -0.0302,
        -1.4925 -1.9451 -0.0302,
        -1.2259 -2.1233 -0.0302,
        -0.9383 -2.2651 -0.0302,
        -0.6346 -2.3682 -0.0302,
        -0.3200 -2.4308 -0.0302,
        -0.0000 -2.4518 -0.0302,
        0.3200 -2.4308 -0.0302,
        0.6346 -2.3682 -0.0302,
        0.9383 -2.2651 -0.0302,
        1.2259 -2.1233 -0.0302,
        1.4925 -1.9451 -0.0302,
        1.7337 -1.7337 -0.0302,
        1.9451 -1.4925 -0.0302,
        2.1233 -1.2259 -0.0302,
        2.2651 -0.9383 -0.0302,
        2.3682 -0.6346 -0.0302,
        2.4308 -0.3200 -0.0302,
        2.4538 0.0000 -0.0286,
        2.4328 0.3203 -0.0286,
        2.3702 0.6351 -0.0286,
        2.2670 0.9390 -0.0286,
        2.1251 1.2269 -0.0286,
        1.9467 1.4938 -0.0286,
        1.7351 1.7351 -0.0286,
        1.4938 1.9467 -0.0286,
        1.2269 2.1251 -0.0286,
        0.9390 2.2670 -0.0286,
        0.6351 2.3702 -0.0286,
        0.3203 2.4328 -0.0286,
        0.0000 2.4538 -0.0286,
        -0.3203 2.4328 -0.0286,
        -0.6351 2.3702 -0.0286,
        -0.9390 2.2670 -0.0286,
        -1.2269 2.1251 -0.0286,
        -1.4938 1.9467 -0.0286,
        -1.7351 1.7351 -0.0286,
        -1.9467 1.4938 -0.0286,
        -2.1251 1.2269 -0.0286,
        -2.2670 0.9390 -0.0286,
        -2.3702 0.6351 -0.0286,
        -2.4328 0.3203 -0.0286,
        -2.4538 0.0000 -0.0286,
        -2.4328 -0.3203 -0.0286,
        -2.3702 -0.6351 -0.0286,
        -2.2670 -0.9390 -0.0286,
        -2.1251 -1.2269 -0.0286,
        -1.9467 -1.4938 -0.0286,
        -1.7351 -1.7351 -0.0286,
        -1.4938 -1.9467 -0.0286,
        -1.2269 -2.1251 -0.0286,
        -0.9390 -2.2670 -0.0286,
        -0.6351 -2.3702 -0.0286,
        -0.3203 -2.4328 -0.0286,
        -0.0000 -2.4538 -0.0286,
        0.3203 -2.4328 -0.0286,
        0.6351 -2.3702 -0.0286,
        0.9390 -2.2670 -0.0286,
        1.2269 -2.1251 -0.0286,
        1.4938 -1.9467 -0.0286,
        1.7351 -1.7351 -0.0286,
        1.9467 -1.4938 -0.0286,
        2.1251 -1.2269 -0.0286,
        2.2670 -0.9390 -0.0286,
        2.3702 -0.6351 -0.0286,
        2.4328 -0.3203 -0.0286,
        2.4554 0.0000 -0.0266,
        2.4344 0.3205 -0.0266,
        2.3717 0.6355 -0.0266,
        2.2685 0.9396 -0.0266,
        2.1264 1.2277 -0.0266,
        1.9480 1.4947 -0.0266,
        1.7362 1.7362 -0.0266,
        1.4947 1.9480 -0.0266,
        1.2277 2.1264 -0.0266,
        0.9396 2.2685 -0.0266,
        0.6355 2.3717 -0.0266,
        0.3205 2.4344 -0.0266,
        0.0000 2.4554 -0.0266,
        -0.3205 2.4344 -0.0266,
        -0.6355 2.3717 -0.0266,
        -0.9396 2.2685 -0.0266,
        -1.2277 2.1264 -0.0266,
        -1.4947 1.9480 -0.0266,
        -1.7362 1.7362 -0.0266,
        -1.9480 1.4947 -0.0266,
        -2.1264 1.2277 -0.0266,
        -2.2685 0.9396 -0.0266,
        -2.3717 0.6355 -0.0266,
        -2.4344 0.3205 -0.0266,
        -2.4554 0.0000 -0.0266,
        -2.4344 -0.3205 -0.0266,
        -2.3717 -0.6355 -0.0266,
        -2.2685 -0.9396 -0.0266,
        -2.1264 -1.2277 -0.0266,
        -1.9480 -1.4947 -0.0266,
        -1.7362 -1.7362 -0.0266,
        -1.4947 -1.9480 -0.0266,
        -1.2277 -2.1264 -0.0266,
        -0.9396 -2.2685 -0.0266,
        -0.6355 -2.3717 -0.0266,
        -0.3205 -2.4344 -0.0266,
        -0.0000 -2.4554 -0.0266,
        0.3205 -2.4344 -0.0266,
        0.6355 -2.3717 -0.0266,
        0.9396 -2.2685 -0.0266,
        1.2277 -2.1264 -0.0266,
        1.4947 -1.9480 -0.0266,
        1.7362 -1.7362 -0.0266,
        1.9480 -1.4947 -0.0266,
        2.1264 -1.2277 -0.0266,
        2.2685 -0.9396 -0.0266,
        2.3717 -0.6355 -0.0266,
        2.4344 -0.3205 -0.0266,
        2.4564 0.0000 -0.0242,
        2.4353 0.3206 -0.0242,
        2.3727 0.6358 -0.0242,
        2.2694 0.9400 -0.0242,
        2.1273 1.2282 -0.0242,
        1.9488 1.4953 -0.0242,
        1.7369 1.7369 -0.0242,
        1.4953 1.9488 -0.0242,
        1.2282 2.1273 -0.0242,
        0.9400 2.2694 -0.0242,
        0.6358 2.3727 -0.0242,
        0.3206 2.4353 -0.0242,
        0.0000 2.4564 -0.0242,
        -0.3206 2.4353 -0.0242,
        -0.6358 2.3727 -0.0242,
        -0.9400 2.2694 -0.0242,
        -1.2282 2.1273 -0.0242,
        -1.4953 1.9488 -0.0242,
        -1.7369 1.7369 -0.0242,
        -1.9488 1.4953 -0.0242,
        -2.1273 1.2282 -0.0242,
        -2.2694 0.9400 -0.0242,
        -2.3727 0.6358 -0.0242,
        -2.4353 0.3206 -0.0242,
        -2.4564 0.0000 -0.0242,
        -2.4353 -0.3206 -0.0242,
        -2.3727 -0.6358 -0.0242,
        -2.2694 -0.9400 -0.0242,
        -2.1273 -1.2282 -0.0242,
        -1.9488 -1.4953 -0.0242,
        -1.7369 -1.7369 -0.0242,
        -1.4953 -1.9488 -0.0242,
        -1.2282 -2.1273 -0.0242,
        -0.9400 -2.2694 -0.0242,
        -0.6358 -2.3727 -0.0242,
        -0.3206 -2.4353 -0.0242,
        -0.0000 -2.4564 -0.0242,
        0.3206 -2.4353 -0.0242,
        0.6358 -2.3727 -0.0242,
        0.9400 -2.2694 -0.0242,
        1.2282 -2.1273 -0.0242,
        1.4953 -1.9488 -0.0242,
        1.7369 -1.7369 -0.0242,
        1.9488 -1.4953 -0.0242,
        2.1273 -1.2282 -0.0242,
        2.2694 -0.9400 -0.0242,
        2.3727 -0.6358 -0.0242,
        2.4353 -0.3206 -0.0242,
        2.4567 0.0000 -0.0217,
        2.4357 0.3207 -0.0217,
        2.3730 0.6358 -0.0217,
        2.2697 0.9401 -0.0217,
        2.1276 1.2283 -0.0217,
        1.9490 1.4955 -0.0217,
        1.7371 1.7371 -0.0217,
        1.4955 1.9490 -0.0217,
        1.2283 2.1276 -0.0217,
        0.9401 2.2697 -0.0217,
        0.6358 2.3730 -0.0217,
        0.3207 2.4357 -0.0217,
        0.0000 2.4567 -0.0217,
        -0.3207 2.4357 -0.0217,
        -0.6358 2.3730 -0.0217,
        -0.9401 2.2697 -0.0217,
        -1.2283 2.1276 -0.0217,
        -1.4955 1.9490 -0.0217,
        -1.7371 1.7371 -0.0217,
        -1.9490 1.4955 -0.0217,
        -2.1276 1.2283 -0.0217,
        -2.2697 0.9401 -0.0217,
        -2.3730 0.6358 -0.0217,
        -2.4357 0.3207 -0.0217,
        -2.4567 0.0000 -0.0217,
        -2.4357 -0.3207 -0.0217,
        -2.3730 -0.6358 -0.0217,
        -2.2697 -0.9401 -0.0217,
        -2.1276 -1.2283 -0.0217,
        -1.9490 -1.4955 -0.0217,
        -1.7371 -1.7371 -0.0217,
        -1.4955 -1.9490 -0.0217,
        -1.2283 -2.1276 -0.0217,
        -0.9401 -2.2697 -0.0217,
        -0.6358 -2.3730 -0.0217,
        -0.3207 -2.4357 -0.0217,
        -0.0000 -2.4567 -0.0217,
        0.3207 -2.4357 -0.0217,
        0.6358 -2.3730 -0.0217,
        0.9401 -2.2697 -0.0217,
        1.2283 -2.1276 -0.0217,
        1.4955 -1.9490 -0.0217,
        1.7371 -1.7371 -0.0217,
        1.9490 -1.4955 -0.0217,
        2.1276 -1.2283 -0.0217,
        2.2697 -0.9401 -0.0217,
        2.3730 -0.6358 -0.0217,
        2.4357 -0.3207 -0.0217,
        2.4567 0.0000 0.0217,
        2.4357 0.3207 0.0217,
        2.3730 0.6358 0.0217,
        2.2697 0.9401 0.0217,
        2.1276 1.2283 0.0217,
        1.9490 1.4955 0.0217,
        1.7371 1.7371 0.0217,
        1.4955 1.9490 0.0217,
        1.2283 2.1276 0.0217,
        0.9401 2.2697 0.0217,
        0.6358 2.3730 0.0217,
        0.3207 2.4357 0.0217,
        0.0000 2.4567 0.0217,
        -0.3207 2.4357 0.0217,
        -0.6358 2.3730 0.0217,
        -0.9401 2.2697 0.0217,
        -1.2283 2.1276 0.0217,
        -1.4955 1.9490 0.0217,
        -1.7371 1.7371 0.0217,
        -1.9490 1.4955 0.0217,
        -2.1276 1.2283 0.0217,
        -2.2697 0.9401 0.0217,
        -2.3730 0.6358 0.0217,
        -2.4357 0.3207 0.0217,
        -2.4567 0.0000 0.0217,
        -2.4357 -0.3207 0.0217,
        -2.3730 -0.6358 0.0217,
        -2.2697 -0.9401 0.0217,
        -2.1276 -1.2283 0.0217,
        -1.9490 -1.4955 0.0217,
        -1.7371 -1.7371 0.0217,
        -1.4955 -1.9490 0.0217,
        -1.2283 -2.1276 0.0217,
        -0.9401 -2.2697 0.0217,
        -0.6358 -2.3730 0.0217,
        -0.3207 -2.4357 0.0217,
        -0.0000 -2.4567 0.0217,
        0.3207 -2.4357 0.0217,
        0.6358 -2.3730 0.0217,
        0.9401 -2.2697 0.0217,
        1.2283 -2.1276 0.0217,
        1.4955 -1.9490 0.0217,
        1.7371 -1.7371 0.0217,
        1.9490 -1.4955 0.0217,
        2.1276 -1.2283 0.0217,
        2.2697 -0.9401 0.0217,
        2.3730 -0.6358 0.0217,
        2.4357 -0.3207 0.0217,
        2.4564 0.0000 0.0242,
        2.4353 0.3206 0.0242,
        2.3727 0.6358 0.0242,
        2.2694 0.9400 0.0242,
        2.1273 1.2282 0.0242,
        1.9488 1.4953 0.0242,
        1.7369 1.7369 0.0242,
        1.4953 1.9488 0.0242,
        1.2282 2.1273 0.0242,
        0.9400 2.2694 0.0242,
        0.6358 2.3727 0.0242,
        0.3206 2.4353 0.0242,
        0.0000 2.4564 0.0242,
        -0.3206 2.4353 0.0242,
        -0.6358 2.3727 0.0242,
        -0.9400 2.2694 0.0242,
        -1.2282 2.1273 0.0242,
        -1.4953 1.9488 0.0242,
        -1.7369 1.7369 0.0242,
        -1.9488 1.4953 0.0242,
        -2.1273 1.2282 0.0242,
        -2.2694 0.9400 0.0242,
        -2.3727 0.6358 0.0242,
        -2.4353 0.3206 0.0242,
        -2.4564 0.0000 0.0242,
        -2.4353 -0.3206 0.0242,
        -2.3727 -0.6358 0.0242,
        -2.2694 -0.9400 0.0242,
        -2.1273 -1.2282 0.0242,
        -1.9488 -1.4953 0.0242,
        -1.7369 -1.7369 0.0242,
        -1.4953 -1.9488 0.0242,
        -1.2282 -2.1273 0.0242,
        -0.9400 -2.2694 0.0242,
        -0.6358 -2.3727 0.0242,
        -0.3206 -2.4353 0.0242,
        -0.0000 -2.4564 0.0242,
        0.3206 -2.4353 0.0242,
        0.6358 -2.3727 0.0242,
        0.9400 -2.2694 0.0242,
        1.2282 -2.1273 0.0242,
        1.4953 -1.9488 0.0242,
        1.7369 -1.7369 0.0242,
        1.9488 -1.4953 0.0242,
        2.1273 -1.2282 0.0242,
        2.2694 -0.9400 0.0242,
        2.3727 -0.6358 0.0242,
        2.4353 -0.3206 0.0242,
        2.4554 0.0000 0.0266,
        2.4344 0.3205 0.0266,
        2.3717 0.6355 0.0266,
        2.2685 0.9396 0.0266,
        2.1264 1.2277 0.0266,
        1.9480 1.4947 0.0266,
        1.7362 1.7362 0.0266,
        1.4947 1.9480 0.0266,
        1.2277 2.1264 0.0266,
        0.9396 2.2685 0.0266,
        0.6355 2.3717 0.0266,
        0.3205 2.4344 0.0266,
        0.0000 2.4554 0.0266,
        -0.3205 2.4344 0.0266,
        -0.6355 2.3717 0.0266,
        -0.9396 2.2685 0.0266,
        -1.2277 2.1264 0.0266,
        -1.4947 1.9480 0.0266,
        -1.7362 1.7362 0.0266,
        -1.9480 1.4947 0.0266,
        -2.1264 1.2277 0.0266,
        -2.2685 0.9396 0.0266,
        -2.3717 0.6355 0.0266,
        -2.4344 0.3205 0.0266,
        -2.4554 0.0000 0.0266,
        -2.4344 -0.3205 0.0266,
        -2.3717 -0.6355 0.0266,
        -2.2685 -0.9396 0.0266,
        -2.1264 -1.2277 0.0266,
        -1.9480 -1.4947 0.0266,
        -1.7362 -1.7362 0.0266,
        -1.4947 -1.9480 0.0266,
        -1.2277 -2.1264 0.0266,
        -0.9396 -2.2685 0.0266,
        -0.6355 -2.3717 0.0266,
        -0.3205 -2.4344 0.0266,
        -0.0000 -2.4554 0.0266,
        0.3205 -2.4344 0.0266,
        0.6355 -2.3717 0.0266,
        0.9396 -2.2685 0.0266,
        1.2277 -2.1264 0.0266,
        1.4947 -1.9480 0.0266,
        1.7362 -1.7362 0.0266,
        1.9480 -1.4947 0.0266,
        2.1264 -1.2277 0.0266,
        2.2685 -0.9396 0.0266,
        2.3717 -0.6355 0.0266,
        2.4344 -0.3205 0.0266,
        2.4538 0.0000 0.0286,
        2.4328 0.3203 0.0286,
        2.3702 0.6351 0.0286,
        2.2670 0.9390 0.0286,
        2.1251 1.2269 0.0286,
        1.9467 1.4938 0.0286,
        1.7351 1.7351 0.0286,
        1.4938 1.9467 0.0286,
        1.2269 2.1251 0.0286,
        0.9390 2.2670 0.0286,
        0.6351 2.3702 0.0286,
        0.3203 2.4328 0.0286,
        0.0000 2.4538 0.0286,
        -0.3203 2.4328 0.0286,
        -0.6351 2.3702 0.0286,
        -0.9390 2.2670 0.0286,
        -1.2269 2.1251 0.0286,
        -1.4938 1.9467 0.0286,
        -1.7351 1.7351 0.0286,
        -1.9467 1.4938 0.0286,
        -2.1251 1.2269 0.0286,
        -2.2670 0.9390 0.0286,
        -2.3702 0.6351 0.0286,
        -2.4328 0.3203 0.0286,
        -2.4538 0.0000 0.0286,
        -2.4328 -0.3203 0.0286,
        -2.3702 -0.6351 0.0286,
        -2.2670 -0.9390 0.0286,
        -2.1251 -1.2269 0.0286,
        -1.9467 -1.4938 0.0286,
        -1.7351 -1.7351 0.0286,
        -1.4938 -1.9467 0.0286,
        -1.2269 -2.1251 0.0286,
        -0.9390 -2.2670 0.0286,
        -0.6351 -2.3702 0.0286,
        -0.3203 -2.4328 0.0286,
        -0.0000 -2.4538 0.0286,
        0.3203 -2.4328 0.0286,
        0.6351 -2.3702 0.0286,
        0.9390 -2.2670 0.0286,
        1.2269 -2.1251 0.0286,
        1.4938 -1.9467 0.0286,
        1.7351 -1.7351 0.0286,
        1.9467 -1.4938 0.0286,
        2.1251 -1.2269 0.0286,
        2.2670 -0.9390 0.0286,
        2.3702 -0.6351 0.0286,
        2.4328 -0.3203 0.0286,
        2.4518 0.0000 0.0302,
        2.4308 0.3200 0.0302,
        2.3682 0.6346 0.0302,
        2.2651 0.9383 0.0302,
        2.1233 1.2259 0.0302,
        1.9451 1.4925 0.0302,
        1.7337 1.7337 0.0302,
        1.4925 1.9451 0.0302,
        1.2259 2.1233 0.0302,
        0.9383 2.2651 0.0302,
        0.6346 2.3682 0.0302,
        0.3200 2.4308 0.0302,
        0.0000 2.4518 0.0302,
        -0.3200 2.4308 0.0302,
        -0.6346 2.3682 0.0302,
        -0.9383 2.2651 0.0302,
        -1.2259 2.1233 0.0302,
        -1.4925 1.9451 0.0302,
        -1.7337 1.7337 0.0302,
        -1.9451 1.4925 0.0302,
        -2.1233 1.2259 0.0302,
        -2.2651 0.9383 0.0302,
        -2.3682 0.6346 0.0302,
        -2.4308 0.3200 0.0302,
        -2.4518 0.0000 0.0302,
        -2.4308 -0.3200 0.0302,
        -2.3682 -0.6346 0.0302,
        -2.2651 -0.9383 0.0302,
        -2.1233 -1.2259 0.0302,
        -1.9451 -1.4925 0.0302,
        -1.7337 -1.7337 0.0302,
        -1.4925 -1.9451 0.0302,
        -1.2259 -2.1233 0.0302,
        -0.9383 -2.2651 0.0302,
        -0.6346 -2.3682 0.0302,
        -0.3200 -2.4308 0.0302,
        -0.0000 -2.4518 0.0302,
        0.3200 -2.4308 0.0302,
        0.6346 -2.3682 0.0302,
        0.9383 -2.2651 0.0302,
        1.2259 -2.1233 0.0302,
        1.4925 -1.9451 0.0302,
        1.7337 -1.7337 0.0302,
        1.9451 -1.4925 0.0302,
        2.1233 -1.2259 0.0302,
        2.2651 -0.9383 0.0302,
        2.3682 -0.6346 0.0302,
        2.4308 -0.3200 0.0302,
        2.4494 0.0000 0.0312,
        2.4284 0.3197 0.0312,
        2.3659 0.6340 0.0312,
        2.2629 0.9373 0.0312,
        2.1212 1.2247 0.0312,
        1.9432 1.4911 0.0312,
        1.7320 1.7320 0.0312,
        1.4911 1.9432 0.0312,
        1.2247 2.1212 0.0312,
        0.9373 2.2629 0.0312,
        0.6340 2.3659 0.0312,
        0.3197 2.4284 0.0312,
        0.0000 2.4494 0.0312,
        -0.3197 2.4284 0.0312,
        -0.6340 2.3659 0.0312,
        -0.9373 2.2629 0.0312,
        -1.2247 2.1212 0.0312,
        -1.4911 1.9432 0.0312,
        -1.7320 1.7320 0.0312,
        -1.9432 1.4911 0.0312,
        -2.1212 1.2247 0.0312,
        -2.2629 0.9373 0.0312,
        -2.3659 0.6340 0.0312,
        -2.4284 0.3197 0.0312,
        -2.4494 0.0000 0.0312,
        -2.4284 -0.3197 0.0312,
        -2.3659 -0.6340 0.0312,
        -2.2629 -0.9373 0.0312,
        -2.1212 -1.2247 0.0312,
        -1.9432 -1.4911 0.0312,
        -1.7320 -1.7320 0.0312,
        -1.4911 -1.9432 0.0312,
        -1.2247 -2.1212 0.0312,
        -0.9373 -2.2629 0.0312,
        -0.6340 -2.3659 0.0312,
        -0.3197 -2.4284 0.0312,
        -0.0000 -2.4494 0.0312,
        0.3197 -2.4284 0.0312,
        0.6340 -2.3659 0.0312,
        0.9373 -2.2629 0.0312,
        1.2247 -2.1212 0.0312,
        1.4911 -1.9432 0.0312,
        1.7320 -1.7320 0.0312,
        1.9432 -1.4911 0.0312,
        2.1212 -1.2247 0.0312,
        2.2629 -0.9373 0.0312,
        2.3659 -0.6340 0.0312,
        2.4284 -0.3197 0.0312,
        2.4469 0.0000 0.0315,
        2.4259 0.3194 0.0315,
        2.3635 0.6333 0.0315,
        2.2606 0.9364 0.0315,
        2.1190 1.2234 0.0315,
        1.9412 1.4895 0.0315,
        1.7302 1.7302 0.0315,
        1.4895 1.9412 0.0315,
        1.2234 2.1190 0.0315,
        0.9364 2.2606 0.0315,
        0.6333 2.3635 0.0315,
        0.3194 2.4259 0.0315,
        0.0000 2.4469 0.0315,
        -0.3194 2.4259 0.0315,
        -0.6333 2.3635 0.0315,
        -0.9364 2.2606 0.0315,
        -1.2234 2.1190 0.0315,
        -1.4895 1.9412 0.0315,
        -1.7302 1.7302 0.0315,
        -1.9412 1.4895 0.0315,
        -2.1190 1.2234 0.0315,
        -2.2606 0.9364 0.0315,
        -2.3635 0.6333 0.0315,
        -2.4259 0.3194 0.0315,
        -2.4469 0.0000 0.0315,
        -2.4259 -0.3194 0.0315,
        -2.3635 -0.6333 0.0315,
        -2.2606 -0.9364 0.0315,
        -2.1190 -1.2234 0.0315,
        -1.9412 -1.4895 0.0315,
        -1.7302 -1.7302 0.0315,
        -1.4895 -1.9412 0.0315,
        -1.2234 -2.1190 0.0315,
        -0.9364 -2.2606 0.0315,
        -0.6333 -2.3635 0.0315,
        -0.3194 -2.4259 0.0315,
        -0.0000 -2.4469 0.0315,
        0.3194 -2.4259 0.0315,
        0.6333 -2.3635 0.0315,
        0.9364 -2.2606 0.0315,
        1.2234 -2.1190 0.0315,
        1.4895 -1.9412 0.0315,
        1.7302 -1.7302 0.0315,
        1.9412 -1.4895 0.0315,
        2.1190 -1.2234 0.0315,
        2.2606 -0.9364 0.0315,
        2.3635 -0.6333 0.0315,
        2.4259 -0.3194 0.0315,
        0.0000 0.0000 -0.0315,
        0.0000 0.0000 0.0315
    ] }
    coordIndex [
        0, 1, 49, 48, -1,
        1, 2, 50, 49, -1,
        2, 3, 51, 50, -1,
        3, 4, 52, 51, -1,
        4, 5, 53, 52, -1,
        5, 6, 54, 53, -1,
        6, 7, 55, 54, -1,
        7, 8, 56, 55, -1,
        8, 9, 57, 56, -1,
        9, 10, 58, 57, -1,
        10, 11, 59, 58, -1,
        11, 12, 60, 59, -1,
        12, 13, 61, 60, -1,
        13, 14, 62, 61, -1,
        14, 15, 63, 62, -1,
        15, 16, 64, 63, -1,
        16, 17, 65, 64, -1,
        17, 18, 66, 65, -1,
        18, 19, 67, 66, -1,
        19, 20, 68, 67, -1,
        20, 21, 69, 68, -1,
        21, 22, 70, 69, -1,
        22, 23, 71, 70, -1,
        23, 24, 72, 71, -1,
        24, 25, 73, 72, -1,
        25, 26, 74, 73, -1,
        26, 27, 75, 74, -1,
        27, 28, 76, 75, -1,
        28, 29, 77, 76, -1,
        29, 30, 78, 77, -1,
        30, 31, 79, 78, -1,
        31, 32, 80, 79, -1,
        32, 33, 81, 80, -1,
        33, 34, 82, 81, -1,
        34, 35, 83, 82, -1,
        35, 36, 84, 83, -1,
        36, 37, 85, 84, -1,
        37, 38, 86, 85, -1,
        38, 39, 87, 86, -1,
        39, 40, 88, 87, -1,
        40, 41, 89, 88, -1,
        41, 42, 90, 89, -1,
        42, 43, 91, 90, -1,
        43, 44, 92, 91, -1,
        44, 45, 93, 92, -1,
        45, 46, 94, 93, -1,
        46, 47, 95, 94, -1,
        47, 0, 48, 95, -1,
        48, 49, 97, 96, -1,
        49, 50, 98, 97, -1,
        50, 51, 99, 98, -1,
        51, 52, 100, 99, -1,
        52, 53, 101, 100, -1,
        53, 54, 102, 101, -1,
        54, 55, 103, 102, -1,
        55, 56, 104, 103, -1,
        56, 57, 105, 104, -1,
        57, 58, 106, 105, -1,
        58, 59, 107, 106, -1,
        59, 60, 108, 107, -1,
        60, 61, 109, 108, -1,
        61, 62, 110, 109, -1,
        62, 63, 111, 110, -1,
        63, 64, 112, 111, -1,
        64, 65, 113, 112, -1,
        65, 66, 114, 113, -1,
        66, 67, 115, 114, -1,
        67, 68, 116, 115, -1,
        68, 69, 117, 116, -1,
        69, 70, 118, 117, -1,
        70, 71, 119, 118, -1,
        71, 72, 120, 119, -1,
        72, 73, 121, 120, -1,
        73, 74, 122, 121, -1,
        74, 75, 123, 122, -1,
        75, 76, 124, 123, -1,
        76, 77, 125, 124, -1,
        77, 78, 126, 125, -1,
        78, 79, 127, 126, -1,
        79, 80, 128, 127, -1,
        80, 81, 129, 128, -1,
        81, 82, 130, 129, -1,
        82, 83, 131, 130, -1,
        83, 84, 132, 131, -1,
        84, 85, 133, 132, -1,
        85, 86, 134, 133, -1,
        86, 87, 135, 134, -1,
        87, 88, 136, 135, -1,
        88, 89, 137, 136, -1,
        89, 90, 138, 137, -1,
        90, 91, 139, 138, -1,
        91, 92, 140, 139, -1,
        92, 93, 141, 140, -1,
        93, 94, 142, 141, -1,
        94, 95, 143, 142, -1,
        95, 48, 96, 143, -1,
        96, 97, 145, 144, -1,
        97, 98, 146, 145, -1,
        98, 99, 147, 146, -1,
        99, 100, 148, 147, -1,
        100, 101, 149, 148, -1,
        101, 102, 150, 149, -1,
        102, 103, 151, 150, -1,
        103, 104, 152, 151, -1,
        104, 105, 153, 152, -1,
        105, 106, 154, 153, -1,
        106, 107, 155, 154, -1,
        107, 108, 156, 155, -1,
        108, 109, 157, 156, -1,
        109, 110, 158, 157, -1,
        110, 111, 159, 158, -1,
        111, 112, 160, 159, -1,
        112, 113, 161, 160, -1,
        113, 114, 162, 161, -1,
        114, 115, 163, 162, -1,
        115, 116, 164, 163, -1,
        116, 117, 165, 164, -1,
        117, 118, 166, 165, -1,
        118, 119, 167, 166, -1,
        119, 120, 168, 167, -1,
        120, 121, 169, 168, -1,
        121, 122, 170, 169, -1,
        122, 123, 171, 170, -1,
        123, 124, 172, 171, -1,
        124, 125, 173, 172, -1,
        125, 126, 174, 173, -1,
        126, 127, 175, 174, -1,
        127, 128, 176, 175, -1,
        128, 129, 177, 176, -1,
        129, 130, 178, 177, -1,
        130, 131, 179, 178, -1,
        131, 132, 180, 179, -1,
        132, 133, 181, 180, -1,
        133, 134, 182, 181, -1,
        134, 135, 183, 182, -1,
        135, 136, 184, 183, -1,
        136, 137, 185, 184, -1,
        137, 138, 186, 185, -1,
        138, 139, 187, 186, -1,
        139, 140, 188, 187, -1,
        140, 141, 189, 188, -1,
        141, 142, 190, 189, -1,
        142, 143, 191, 190, -1,
        143, 96, 144, 191, -1,
        144, 145, 193, 192, -1,
        145, 146, 194, 193, -1,
        146, 147, 195, 194, -1,
        147, 148, 196, 195, -1,
        148, 149, 197, 196, -1,
        149, 150, 198, 197, -1,
        150, 151, 199, 198, -1,
        151, 152, 200, 199, -1,
        152, 153, 201, 200, -1,
        153, 154, 202, 201, -1,
        154, 155, 203, 202, -1,
        155, 156, 204, 203, -1,
        156, 157, 205, 204, -1,
        157, 158, 206, 205, -1,
        158, 159, 207, 206, -1,
        159, 160, 208, 207, -1,
        160, 161, 209, 208, -1,
        161, 162, 210, 209, -1,
        162, 163, 211, 210, -1,
        163, 164, 212, 211, -1,
        164, 165, 213, 212, -1,
        165, 166, 214, 213, -1,
        166, 167, 215, 214, -1,
        167, 168, 216, 215, -1,
        168, 169, 217, 216, -1,
        169, 170, 218, 217, -1,
        170, 171, 219, 218, -1,
        171, 172, 220, 219, -1,
        172, 173, 221, 220, -1,
        173, 174, 222, 221, -1,
        174, 175, 223, 222, -1,
        175, 176, 224, 223, -1,
        176, 177, 225, 224, -1,
        177, 178, 226, 225, -1,
        178, 179, 227, 226, -1,
        179, 180, 228, 227, -1,
        180, 181, 229, 228, -1,
        181, 182, 230, 229, -1,
        182, 183, 231, 230, -1,
        183, 184, 232, 231, -1,
        184, 185, 233, 232, -1,
        185, 186, 234, 233, -1,
        186, 187, 235, 234, -1,
        187, 188, 236, 235, -1,
        188, 189, 237, 236, -1,
        189, 190, 238, 237, -1,
        190, 191, 239, 238, -1,
        191, 144, 192, 239, -1,
        192, 193, 241, 240, -1,
        193, 194, 242, 241, -1,
        194, 195, 243, 242, -1,
        195, 196, 244, 243, -1,
        196, 197, 245, 244, -1,
        197, 198, 246, 245, -1,
        198, 199, 247, 246, -1,
        199, 200, 248, 247, -1,
        200, 201, 249, 248, -1,
        201, 202, 250, 249, -1,
        202, 203, 251, 250, -1,
        203, 204, 252, 251, -1,
        204, 205, 253, 252, -1,
        205, 206, 254, 253, -1,
        206, 207, 255, 254, -1,
        207, 208, 256, 255, -1,
        208, 209, 257, 256, -1,
        209, 210, 258, 257, -1,
        210, 211, 259, 258, -1,
        211, 212, 260, 259, -1,
        212, 213, 261, 260, -1,
        213, 214, 262, 261, -1,
        214, 215, 263, 262, -1,
        215, 216, 264, 263, -1,
        216, 217, 265, 264, -1,
        217, 218, 266, 265, -1,
        218, 219, 267, 266, -1,
        219, 220, 268, 267, -1,
        220, 221, 269, 268, -1,
        221, 222, 270, 269, -1,
        222, 223, 271, 270, -1,
        223, 224, 272, 271, -1,
        224, 225, 273, 272, -1,
        225, 226, 274, 273, -1,
        226, 227, 275, 274, -1,
        227, 228, 276, 275, -1,
        228, 229, 277, 276, -1,
        229, 230, 278, 277, -1,
        230, 231, 279, 278, -1,
        231, 232, 280, 279, -1,
        232, 233, 281, 280, -1,
        233, 234, 282, 281, -1,
        234, 235, 283, 282, -1,
        235, 236, 284, 283, -1,
        236, 237, 285, 284, -1,
        237, 238, 286, 285, -1,
        238, 239, 287, 286, -1,
        239, 192, 240, 287, -1,
        240, 241, 289, 288, -1,
        241, 242, 290, 289, -1,
        242, 243, 291, 290, -1,
        243, 244, 292, 291, -1,
        244, 245, 293, 292, -1,
        245, 246, 294, 293, -1,
        246, 247, 295, 294, -1,
        247, 248, 296, 295, -1,
        248, 249, 297, 296, -1,
        249, 250, 298, 297, -1,
        250, 251, 299, 298, -1,
        251, 252, 300, 299, -1,
        252, 253, 301, 300, -1,
        253, 254, 302, 301, -1,
        254, 255, 303, 302, -1,
        255, 256, 304, 303, -1,
        256, 257, 305, 304, -1,
        257, 258, 306, 305, -1,
        258, 259, 307, 306, -1,
        259, 260, 308, 307, -1,
        260, 261, 309, 308, -1,
        261, 262, 310, 309, -1,
        262, 263, 311, 310, -1,
        263, 264, 312, 311, -1,
        264, 265, 313, 312, -1,
        265, 266, 314, 313, -1,
        266, 267, 315, 314, -1,
        267, 268, 316, 315, -1,
        268, 269, 317, 316, -1,
        269, 270, 318, 317, -1,
        270, 271, 319, 318, -1,
        271, 272, 320, 319, -1,
        272, 273, 321, 320, -1,
        273, 274, 322, 321, -1,
        274, 275, 323, 322, -1,
        275, 276, 324, 323, -1,
        276, 277, 325, 324, -1,
        277, 278, 326, 325, -1,
        278, 279, 327, 326, -1,
        279, 280, 328, 327, -1,
        280, 281, 329, 328, -1,
        281, 282, 330, 329, -1,
        282, 283, 331, 330, -1,
        283, 284, 332, 331, -1,
        284, 285, 333, 332, -1,
        285, 286, 334, 333, -1,
        286, 287, 335, 334, -1,
        287, 240, 288, 335, -1,
        288, 289, 337, 336, -1,
        289, 290, 338, 337, -1,
        290, 291, 339, 338, -1,
        291, 292, 340, 339, -1,
        292, 293, 341, 340, -1,
        293, 294, 342, 341, -1,
        294, 295, 343, 342, -1,
        295, 296, 344, 343, -1,
        296, 297, 345, 344, -1,
        297, 298, 346, 345, -1,
        298, 299, 347, 346, -1,
        299, 300, 348, 347, -1,
        300, 301, 349, 348, -1,
        301, 302, 350, 349, -1,
        302, 303, 351, 350, -1,
        303, 304, 352, 351, -1,
        304, 305, 353, 352, -1,
        305, 306, 354, 353, -1,
        306, 307, 355, 354, -1,
        307, 308, 356, 355, -1,
        308, 309, 357, 356, -1,
        309, 310, 358, 357, -1,
        310, 311, 359, 358, -1,
        311, 312, 360, 359, -1,
        312, 313, 361, 360, -1,
        313, 314, 362, 361, -1,
        314, 315, 363, 362, -1,
        315, 316, 364, 363, -1,
        316, 317, 365, 364, -1,
        317, 318, 366, 365, -1,
        318, 319, 367, 366, -1,
        319, 320, 368, 367, -1,
        320, 321, 369, 368, -1,
        321, 322, 370, 369, -1,
        322, 323, 371, 370, -1,
        323, 324, 372, 371, -1,
        324, 325, 373, 372, -1,
        325, 326, 374, 373, -1,
        326, 327, 375, 374, -1,
        327, 328, 376, 375, -1,
        328, 329, 377, 376, -1,
        329, 330, 378, 377, -1,
        330, 331, 379, 378, -1,
        331, 332, 380, 379, -1,
        332, 333, 381, 380, -1,
        333, 334, 382, 381, -1,
        334, 335, 383, 382, -1,
        335, 288, 336, 383, -1,
        336, 337, 385, 384, -1,
        337, 338, 386, 385, -1,
        338, 339, 387, 386, -1,
        339, 340, 388, 387, -1,
        340, 341, 389, 388, -1,
        341, 342, 390, 389, -1,
        342, 343, 391, 390, -1,
        343, 344, 392, 391, -1,
        344, 345, 393, 392, -1,
        345, 346, 394, 393, -1,
        346, 347, 395, 394, -1,
        347, 348, 396, 395, -1,
        348, 349, 397, 396, -1,
        349, 350, 398, 397, -1,
        350, 351, 399, 398, -1,
        351, 352, 400, 399, -1,
        352, 353, 401, 400, -1,
        353, 354, 402, 401, -1,
        354, 355, 403, 402, -1,
        355, 356, 404, 403, -1,
        356, 357, 405, 404, -1,
        357, 358, 406, 405, -1,
        358, 359, 407, 406, -1,
        359, 360, 408, 407, -1,
        360, 361, 409, 408, -1,
        361, 362, 410, 409, -1,
        362, 363, 411, 410, -1,
        363, 364, 412, 411, -1,
        364, 365, 413, 412, -1,
        365, 366, 414, 413, -1,
        366, 367, 415, 414, -1,
        367, 368, 416, 415, -1,
        368, 369, 417, 416, -1,
        369, 370, 418, 417, -1,
        370, 371, 419, 418, -1,
        371, 372, 420, 419, -1,
        372, 373, 421, 420, -1,
        373, 374, 422, 421, -1,
        374, 375, 423, 422, -1,
        375, 376, 424, 423, -1,
        376, 377, 425, 424, -1,
        377, 378, 426, 425, -1,
        378, 379, 427, 426, -1,
        379, 380, 428, 427, -1,
        380, 381, 429, 428, -1,
        381, 382, 430, 429, -1,
        382, 383, 431, 430, -1,
        383, 336, 384, 431, -1,
        384, 385, 433, 432, -1,
        385, 386, 434, 433, -1,
        386, 387, 435, 434, -1,
        387, 388, 436, 435, -1,
        388, 389, 437, 436, -1,
        389, 390, 438, 437, -1,
        390, 391, 439, 438, -1,
        391, 392, 440, 439, -1,
        392, 393, 441, 440, -1,
        393, 394, 442, 441, -1,
        394, 395, 443, 442, -1,
        395, 396, 444, 443, -1,
        396, 397, 445, 444, -1,
        397, 398, 446, 445, -1,
        398, 399, 447, 446, -1,
        399, 400, 448, 447, -1,
        400, 401, 449, 448, -1,
        401, 402, 450, 449, -1,
        402, 403, 451, 450, -1,
        403, 404, 452, 451, -1,
        404, 405, 453, 452, -1,
        405, 406, 454, 453, -1,
        406, 407, 455, 454, -1,
        407, 408, 456, 455, -1,
        408, 409, 457, 456, -1,
        409, 410, 458, 457, -1,
        410, 411, 459, 458, -1,
        411, 412, 460, 459, -1,
        412, 413, 461, 460, -1,
        413, 414, 462, 461, -1,
        414, 415, 463, 462, -1,
        415, 416, 464, 463, -1,
        416, 417, 465, 464, -1,
        417, 418, 466, 465, -1,
        418, 419, 467, 466, -1,
        419, 420, 468, 467, -1,
        420, 421, 469, 468, -1,
        421, 422, 470, 469, -1,
        422, 423, 471, 470, -1,
        423, 424, 472, 471, -1,
        424, 425, 473, 472, -1,
        425, 426, 474, 473, -1,
        426, 427, 475, 474, -1,
        427, 428, 476, 475, -1,
        428, 429, 477, 476, -1,
        429, 430, 478, 477, -1,
        430, 431, 479, 478, -1,
        431, 384, 432, 479, -1,
        432, 433, 481, 480, -1,
        433, 434, 482, 481, -1,
        434, 435, 483, 482, -1,
        435, 436, 484, 483, -1,
        436, 437, 485, 484, -1,
        437, 438, 486, 485, -1,
        438, 439, 487, 486, -1,
        439, 440, 488, 487, -1,
        440, 441, 489, 488, -1,
        441, 442, 490, 489, -1,
        442, 443, 491, 490, -1,
        443, 444, 492, 491, -1,
        444, 445, 493, 492, -1,
        445, 446, 494, 493, -1,
        446, 447, 495, 494, -1,
        447, 448, 496, 495, -1,
        448, 449, 497, 496, -1,
        449, 450, 498, 497, -1,
        450, 451, 499, 498, -1,
        451, 452, 500, 499, -1,
        452, 453, 501, 500, -1,
        453, 454, 502, 501, -1,
        454, 455, 503, 502, -1,
        455, 456, 504, 503, -1,
        456, 457, 505, 504, -1,
        457, 458, 506, 505, -1,
        458, 459, 507, 506, -1,
        459, 460, 508, 507, -1,
        460, 461, 509, 508, -1,
        461, 462, 510, 509, -1,
        462, 463, 511, 510, -1,
        463, 464, 512, 511, -1,
        464, 465, 513, 512, -1,
        465, 466, 514, 513, -1,
        466, 467, 515, 514, -1,
        467, 468, 516, 515, -1,
        468, 469, 517, 516, -1,
        469, 470, 518, 517, -1,
        470, 471, 519, 518, -1,
        471, 472, 520, 519, -1,
        472, 473, 521, 520, -1,
        473, 474, 522, 521, -1,
        474, 475, 523, 522, -1,
        475, 476, 524, 523, -1,
        476, 477, 525, 524, -1,
        477, 478, 526, 525, -1,
        478, 479, 527, 526, -1,
        479, 432, 480, 527, -1,
        480, 481, 529, 528, -1,
        481, 482, 530, 529, -1,
        482, 483, 531, 530, -1,
        483, 484, 532, 531, -1,
        484, 485, 533, 532, -1,
        485, 486, 534, 533, -1,
        486, 487, 535, 534, -1,
        487, 488, 536, 535, -1,
        488, 489, 537, 536, -1,
        489, 490, 538, 537, -1,
        490, 491, 539, 538, -1,
        491, 492, 540, 539, -1,
        492, 493, 541, 540, -1,
        493, 494, 542, 541, -1,
        494, 495, 543, 542, -1,
        495, 496, 544, 543, -1,
        496, 497, 545, 544, -1,
        497, 498, 546, 545, -1,
        498, 499, 547, 546, -1,
        499, 500, 548, 547, -1,
        500, 501, 549, 548, -1,
        501, 502, 550, 549, -1,
        502, 503, 551, 550, -1,
        503, 504, 552, 551, -1,
        504, 505, 553, 552, -1,
        505, 506, 554, 553, -1,
        506, 507, 555, 554, -1,
        507, 508, 556, 555, -1,
        508, 509, 557, 556, -1,
        509, 510, 558, 557, -1,
        510, 511, 559, 558, -1,
        511, 512, 560, 559, -1,
        512, 513, 561, 560, -1,
        513, 514, 562, 561, -1,
        514, 515, 563, 562, -1,
        515, 516, 564, 563, -1,
        516, 517, 565, 564, -1,
        517, 518, 566, 565, -1,
        518, 519, 567, 566, -1,
        519, 520, 568, 567, -1,
        520, 521, 569, 568, -1,
        521, 522, 570, 569, -1,
        522, 523, 571, 570, -1,
        523, 524, 572, 571, -1,
        524, 525, 573, 572, -1,
        525, 526, 574, 573, -1,
        526, 527, 575, 574, -1,
        527, 480, 528, 575, -1,
        528, 529, 577, 576, -1,
        529, 530, 578, 577, -1,
        530, 531, 579, 578, -1,
        531, 532, 580, 579, -1,
        532, 533, 581, 580, -1,
        533, 534, 582, 581, -1,
        534, 535, 583, 582, -1,
        535, 536, 584, 583, -1,
        536, 537, 585, 584, -1,
        537, 538, 586, 585, -1,
        538, 539, 587, 586, -1,
        539, 540, 588, 587, -1,
        540, 541, 589, 588, -1,
        541, 542, 590, 589, -1,
        542, 543, 591, 590, -1,
        543, 544, 592, 591, -1,
        544, 545, 593, 592, -1,
        545, 546, 594, 593, -1,
        546, 547, 595, 594, -1,
        547, 548, 596, 595, -1,
        548, 549, 597, 596, -1,
        549, 550, 598, 597, -1,
        550, 551, 599, 598, -1,
        551, 552, 600, 599, -1,
        552, 553, 601, 600, -1,
        553, 554, 602, 601, -1,
        554, 555, 603, 602, -1,
        555, 556, 604, 603, -1,
        556, 557, 605, 604, -1,
        557, 558, 606, 605, -1,
        558, 559, 607, 606, -1,
        559, 560, 608, 607, -1,
        560, 561, 609, 608, -1,
        561, 562, 610, 609, -1,
        562, 563, 611, 610, -1,
        563, 564, 612, 611, -1,
        564, 565, 613, 612, -1,
        565, 566, 614, 613, -1,
        566, 567, 615, 614, -1,
        567, 568, 616, 615, -1,
        568, 569, 617, 616, -1,
        569, 570, 618, 617, -1,
        570, 571, 619, 618, -1,
        571, 572, 620, 619, -1,
        572, 573, 621, 620, -1,
        573, 574, 622, 621, -1,
        574, 575, 623, 622, -1,
        575, 528, 576, 623, -1,
        576, 577, 625, 624, -1,
        577, 578, 626, 625, -1,
        578, 579, 627, 626, -1,
        579, 580, 628, 627, -1,
        580, 581, 629, 628, -1,
        581, 582, 630, 629, -1,
        582, 583, 631, 630, -1,
        583, 584, 632, 631, -1,
        584, 585, 633, 632, -1,
        585, 586, 634, 633, -1,
        586, 587, 635, 634, -1,
        587, 588, 636, 635, -1,
        588, 589, 637, 636, -1,
        589, 590, 638, 637, -1,
        590, 591, 639, 638, -1,
        591, 592, 640, 639, -1,
        592, 593, 641, 640, -1,
        593, 594, 642, 641, -1,
        594, 595, 643, 642, -1,
        595, 596, 644, 643, -1,
        596, 597, 645, 644, -1,
        597, 598, 646, 645, -1,
        598, 599, 647, 646, -1,
        599, 600, 648, 647, -1,
        600, 601, 649, 648, -1,
        601, 602, 650, 649, -1,
        602, 603, 651, 650, -1,
        603, 604, 652, 651, -1,
        604, 605, 653, 652, -1,
        605, 606, 654, 653, -1,
        606, 607, 655, 654, -1,
        607, 608, 656, 655, -1,
        608, 609, 657, 656, -1,
        609, 610, 658, 657, -1,
        610, 611, 659, 658, -1,
        611, 612, 660, 659, -1,
        612, 613, 661, 660, -1,
        613, 614, 662, 661, -1,
        614, 615, 663, 662, -1,
        615, 616, 664, 663, -1,
        616, 617, 665, 664, -1,
        617, 618, 666, 665, -1,
        618, 619, 667, 666, -1,
        619, 620, 668, 667, -1,
        620, 621, 669, 668, -1,
        621, 622, 670, 669, -1,
        622, 623, 671, 670, -1,
        623, 576, 624, 671, -1,
        672, 1, 0, -1,
        673, 624, 625, -1,
        672, 2, 1, -1,
        673, 625, 626, -1,
        672, 3, 2, -1,
        673, 626, 627, -1,
        672, 4, 3, -1,
        673, 627, 628, -1,
        672, 5, 4, -1,
        673, 628, 629, -1,
        672, 6, 5, -1,
        673, 629, 630, -1,
        672, 7, 6, -1,
        673, 630, 631, -1,
        672, 8, 7, -1,
        673, 631, 632, -1,
        672, 9, 8, -1,
        673, 632, 633, -1,
        672, 10, 9, -1,
        673, 633, 634, -1,
        672, 11, 10, -1,
        673, 634, 635, -1,
        672, 12, 11, -1,
        673, 635, 636, -1,
        672, 13, 12, -1,
        673, 636, 637, -1,
        672, 14, 13, -1,
        673, 637, 638, -1,
        672, 15, 14, -1,
        673, 638, 639, -1,
        672, 16, 15, -1,
        673, 639, 640, -1,
        672, 17, 16, -1,
        673, 640, 641, -1,
        672, 18, 17, -1,
        673, 641, 642, -1,
        672, 19, 18, -1,
        673, 642, 643, -1,
        672, 20, 19, -1,
        673, 643, 644, -1,
        672, 21, 20, -1,
        673, 644, 645, -1,
        672, 22, 21, -1,
        673, 645, 646, -1,
        672, 23, 22, -1,
        673, 646, 647, -1,
        672, 24, 23, -1,
        673, 647, 648, -1,
        672, 25, 24, -1,
        673, 648, 649, -1,
        672, 26, 25, -1,
        673, 649, 650, -1,
        672, 27, 26, -1,
        673, 650, 651, -1,
        672, 28, 27, -1,
        673, 651, 652, -1,
        672, 29, 28, -1,
        673, 652, 653, -1,
        672, 30, 29, -1,
        673, 653, 654, -1,
        672, 31, 30, -1,
        673, 654, 655, -1,
        672, 32, 31, -1,
        673, 655, 656, -1,
        672, 33, 32, -1,
        673, 656, 657, -1,
        672, 34, 33, -1,
        673, 657, 658, -1,
        672, 35, 34, -1,
        673, 658, 659, -1,
        672, 36, 35, -1,
        673, 659, 660, -1,
        672, 37, 36, -1,
        673, 660, 661, -1,
        672, 38, 37, -1,
        673, 661, 662, -1,
        672, 39, 38, -1,
        673, 662, 663, -1,
        672, 40, 39, -1,
        673, 663, 664, -1,
        672, 41, 40, -1,
        673, 664, 665, -1,
        672, 42, 41, -1,
        673, 665, 666, -1,
        672, 43, 42, -1,
        673, 666, 667, -1,
        672, 44, 43, -1,
        673, 667, 668, -1,
        672, 45, 44, -1,
        673, 668, 669, -1,
        672, 46, 45, -1,
        673, 669, 670, -1,
        672, 47, 46, -1,
        673, 670, 671, -1,
        672, 0, 47, -1,
        673, 671, 624, -1
    ]
    creaseAngle 0.80
    solid TRUE
  } }
] }
# Rolled lower crimp and retaining bead
Shape { appearance USE CRIMP_METAL geometry IndexedFaceSet {
  coord Coordinate { point [
      3.0217 0.0000 0.0079,
      3.0102 0.2634 0.0079,
      2.9757 0.5247 0.0079,
      2.9187 0.7821 0.0079,
      2.8394 1.0335 0.0079,
      2.7385 1.2770 0.0079,
      2.6168 1.5108 0.0079,
      2.4752 1.7331 0.0079,
      2.3147 1.9423 0.0079,
      2.1366 2.1366 0.0079,
      1.9423 2.3147 0.0079,
      1.7331 2.4752 0.0079,
      1.5108 2.6168 0.0079,
      1.2770 2.7385 0.0079,
      1.0335 2.8394 0.0079,
      0.7821 2.9187 0.0079,
      0.5247 2.9757 0.0079,
      0.2634 3.0102 0.0079,
      0.0000 3.0217 0.0079,
      -0.2634 3.0102 0.0079,
      -0.5247 2.9757 0.0079,
      -0.7821 2.9187 0.0079,
      -1.0335 2.8394 0.0079,
      -1.2770 2.7385 0.0079,
      -1.5108 2.6168 0.0079,
      -1.7331 2.4752 0.0079,
      -1.9423 2.3147 0.0079,
      -2.1366 2.1366 0.0079,
      -2.3147 1.9423 0.0079,
      -2.4752 1.7331 0.0079,
      -2.6168 1.5108 0.0079,
      -2.7385 1.2770 0.0079,
      -2.8394 1.0335 0.0079,
      -2.9187 0.7821 0.0079,
      -2.9757 0.5247 0.0079,
      -3.0102 0.2634 0.0079,
      -3.0217 0.0000 0.0079,
      -3.0102 -0.2634 0.0079,
      -2.9757 -0.5247 0.0079,
      -2.9187 -0.7821 0.0079,
      -2.8394 -1.0335 0.0079,
      -2.7385 -1.2770 0.0079,
      -2.6168 -1.5108 0.0079,
      -2.4752 -1.7331 0.0079,
      -2.3147 -1.9423 0.0079,
      -2.1366 -2.1366 0.0079,
      -1.9423 -2.3147 0.0079,
      -1.7331 -2.4752 0.0079,
      -1.5108 -2.6168 0.0079,
      -1.2770 -2.7385 0.0079,
      -1.0335 -2.8394 0.0079,
      -0.7821 -2.9187 0.0079,
      -0.5247 -2.9757 0.0079,
      -0.2634 -3.0102 0.0079,
      -0.0000 -3.0217 0.0079,
      0.2634 -3.0102 0.0079,
      0.5247 -2.9757 0.0079,
      0.7821 -2.9187 0.0079,
      1.0335 -2.8394 0.0079,
      1.2770 -2.7385 0.0079,
      1.5108 -2.6168 0.0079,
      1.7331 -2.4752 0.0079,
      1.9423 -2.3147 0.0079,
      2.1366 -2.1366 0.0079,
      2.3147 -1.9423 0.0079,
      2.4752 -1.7331 0.0079,
      2.6168 -1.5108 0.0079,
      2.7385 -1.2770 0.0079,
      2.8394 -1.0335 0.0079,
      2.9187 -0.7821 0.0079,
      2.9757 -0.5247 0.0079,
      3.0102 -0.2634 0.0079,
      3.0925 0.0000 0.0217,
      3.0808 0.2695 0.0217,
      3.0455 0.5370 0.0217,
      2.9871 0.8004 0.0217,
      2.9060 1.0577 0.0217,
      2.8028 1.3070 0.0217,
      2.6782 1.5463 0.0217,
      2.5332 1.7738 0.0217,
      2.3690 1.9878 0.0217,
      2.1867 2.1867 0.0217,
      1.9878 2.3690 0.0217,
      1.7738 2.5332 0.0217,
      1.5463 2.6782 0.0217,
      1.3070 2.8028 0.0217,
      1.0577 2.9060 0.0217,
      0.8004 2.9871 0.0217,
      0.5370 3.0455 0.0217,
      0.2695 3.0808 0.0217,
      0.0000 3.0925 0.0217,
      -0.2695 3.0808 0.0217,
      -0.5370 3.0455 0.0217,
      -0.8004 2.9871 0.0217,
      -1.0577 2.9060 0.0217,
      -1.3070 2.8028 0.0217,
      -1.5463 2.6782 0.0217,
      -1.7738 2.5332 0.0217,
      -1.9878 2.3690 0.0217,
      -2.1867 2.1867 0.0217,
      -2.3690 1.9878 0.0217,
      -2.5332 1.7738 0.0217,
      -2.6782 1.5463 0.0217,
      -2.8028 1.3070 0.0217,
      -2.9060 1.0577 0.0217,
      -2.9871 0.8004 0.0217,
      -3.0455 0.5370 0.0217,
      -3.0808 0.2695 0.0217,
      -3.0925 0.0000 0.0217,
      -3.0808 -0.2695 0.0217,
      -3.0455 -0.5370 0.0217,
      -2.9871 -0.8004 0.0217,
      -2.9060 -1.0577 0.0217,
      -2.8028 -1.3070 0.0217,
      -2.6782 -1.5463 0.0217,
      -2.5332 -1.7738 0.0217,
      -2.3690 -1.9878 0.0217,
      -2.1867 -2.1867 0.0217,
      -1.9878 -2.3690 0.0217,
      -1.7738 -2.5332 0.0217,
      -1.5463 -2.6782 0.0217,
      -1.3070 -2.8028 0.0217,
      -1.0577 -2.9060 0.0217,
      -0.8004 -2.9871 0.0217,
      -0.5370 -3.0455 0.0217,
      -0.2695 -3.0808 0.0217,
      -0.0000 -3.0925 0.0217,
      0.2695 -3.0808 0.0217,
      0.5370 -3.0455 0.0217,
      0.8004 -2.9871 0.0217,
      1.0577 -2.9060 0.0217,
      1.3070 -2.8028 0.0217,
      1.5463 -2.6782 0.0217,
      1.7738 -2.5332 0.0217,
      1.9878 -2.3690 0.0217,
      2.1867 -2.1867 0.0217,
      2.3690 -1.9878 0.0217,
      2.5332 -1.7738 0.0217,
      2.6782 -1.5463 0.0217,
      2.8028 -1.3070 0.0217,
      2.9060 -1.0577 0.0217,
      2.9871 -0.8004 0.0217,
      3.0455 -0.5370 0.0217,
      3.0808 -0.2695 0.0217,
      3.1437 0.0000 0.0669,
      3.1317 0.2740 0.0669,
      3.0959 0.5459 0.0669,
      3.0366 0.8136 0.0669,
      2.9541 1.0752 0.0669,
      2.8492 1.3286 0.0669,
      2.7225 1.5719 0.0669,
      2.5752 1.8032 0.0669,
      2.4082 2.0207 0.0669,
      2.2229 2.2229 0.0669,
      2.0207 2.4082 0.0669,
      1.8032 2.5752 0.0669,
      1.5719 2.7225 0.0669,
      1.3286 2.8492 0.0669,
      1.0752 2.9541 0.0669,
      0.8136 3.0366 0.0669,
      0.5459 3.0959 0.0669,
      0.2740 3.1317 0.0669,
      0.0000 3.1437 0.0669,
      -0.2740 3.1317 0.0669,
      -0.5459 3.0959 0.0669,
      -0.8136 3.0366 0.0669,
      -1.0752 2.9541 0.0669,
      -1.3286 2.8492 0.0669,
      -1.5719 2.7225 0.0669,
      -1.8032 2.5752 0.0669,
      -2.0207 2.4082 0.0669,
      -2.2229 2.2229 0.0669,
      -2.4082 2.0207 0.0669,
      -2.5752 1.8032 0.0669,
      -2.7225 1.5719 0.0669,
      -2.8492 1.3286 0.0669,
      -2.9541 1.0752 0.0669,
      -3.0366 0.8136 0.0669,
      -3.0959 0.5459 0.0669,
      -3.1317 0.2740 0.0669,
      -3.1437 0.0000 0.0669,
      -3.1317 -0.2740 0.0669,
      -3.0959 -0.5459 0.0669,
      -3.0366 -0.8136 0.0669,
      -2.9541 -1.0752 0.0669,
      -2.8492 -1.3286 0.0669,
      -2.7225 -1.5719 0.0669,
      -2.5752 -1.8032 0.0669,
      -2.4082 -2.0207 0.0669,
      -2.2229 -2.2229 0.0669,
      -2.0207 -2.4082 0.0669,
      -1.8032 -2.5752 0.0669,
      -1.5719 -2.7225 0.0669,
      -1.3286 -2.8492 0.0669,
      -1.0752 -2.9541 0.0669,
      -0.8136 -3.0366 0.0669,
      -0.5459 -3.0959 0.0669,
      -0.2740 -3.1317 0.0669,
      -0.0000 -3.1437 0.0669,
      0.2740 -3.1317 0.0669,
      0.5459 -3.0959 0.0669,
      0.8136 -3.0366 0.0669,
      1.0752 -2.9541 0.0669,
      1.3286 -2.8492 0.0669,
      1.5719 -2.7225 0.0669,
      1.8032 -2.5752 0.0669,
      2.0207 -2.4082 0.0669,
      2.2229 -2.2229 0.0669,
      2.4082 -2.0207 0.0669,
      2.5752 -1.8032 0.0669,
      2.7225 -1.5719 0.0669,
      2.8492 -1.3286 0.0669,
      2.9541 -1.0752 0.0669,
      3.0366 -0.8136 0.0669,
      3.0959 -0.5459 0.0669,
      3.1317 -0.2740 0.0669,
      3.1496 0.0000 0.0984,
      3.1376 0.2745 0.0984,
      3.1018 0.5469 0.0984,
      3.0423 0.8152 0.0984,
      2.9597 1.0772 0.0984,
      2.8545 1.3311 0.0984,
      2.7276 1.5748 0.0984,
      2.5800 1.8065 0.0984,
      2.4127 2.0245 0.0984,
      2.2271 2.2271 0.0984,
      2.0245 2.4127 0.0984,
      1.8065 2.5800 0.0984,
      1.5748 2.7276 0.0984,
      1.3311 2.8545 0.0984,
      1.0772 2.9597 0.0984,
      0.8152 3.0423 0.0984,
      0.5469 3.1018 0.0984,
      0.2745 3.1376 0.0984,
      0.0000 3.1496 0.0984,
      -0.2745 3.1376 0.0984,
      -0.5469 3.1018 0.0984,
      -0.8152 3.0423 0.0984,
      -1.0772 2.9597 0.0984,
      -1.3311 2.8545 0.0984,
      -1.5748 2.7276 0.0984,
      -1.8065 2.5800 0.0984,
      -2.0245 2.4127 0.0984,
      -2.2271 2.2271 0.0984,
      -2.4127 2.0245 0.0984,
      -2.5800 1.8065 0.0984,
      -2.7276 1.5748 0.0984,
      -2.8545 1.3311 0.0984,
      -2.9597 1.0772 0.0984,
      -3.0423 0.8152 0.0984,
      -3.1018 0.5469 0.0984,
      -3.1376 0.2745 0.0984,
      -3.1496 0.0000 0.0984,
      -3.1376 -0.2745 0.0984,
      -3.1018 -0.5469 0.0984,
      -3.0423 -0.8152 0.0984,
      -2.9597 -1.0772 0.0984,
      -2.8545 -1.3311 0.0984,
      -2.7276 -1.5748 0.0984,
      -2.5800 -1.8065 0.0984,
      -2.4127 -2.0245 0.0984,
      -2.2271 -2.2271 0.0984,
      -2.0245 -2.4127 0.0984,
      -1.8065 -2.5800 0.0984,
      -1.5748 -2.7276 0.0984,
      -1.3311 -2.8545 0.0984,
      -1.0772 -2.9597 0.0984,
      -0.8152 -3.0423 0.0984,
      -0.5469 -3.1018 0.0984,
      -0.2745 -3.1376 0.0984,
      -0.0000 -3.1496 0.0984,
      0.2745 -3.1376 0.0984,
      0.5469 -3.1018 0.0984,
      0.8152 -3.0423 0.0984,
      1.0772 -2.9597 0.0984,
      1.3311 -2.8545 0.0984,
      1.5748 -2.7276 0.0984,
      1.8065 -2.5800 0.0984,
      2.0245 -2.4127 0.0984,
      2.2271 -2.2271 0.0984,
      2.4127 -2.0245 0.0984,
      2.5800 -1.8065 0.0984,
      2.7276 -1.5748 0.0984,
      2.8545 -1.3311 0.0984,
      2.9597 -1.0772 0.0984,
      3.0423 -0.8152 0.0984,
      3.1018 -0.5469 0.0984,
      3.1376 -0.2745 0.0984,
      3.1476 0.0000 0.1260,
      3.1357 0.2743 0.1260,
      3.0998 0.5466 0.1260,
      3.0404 0.8147 0.1260,
      2.9578 1.0766 0.1260,
      2.8527 1.3302 0.1260,
      2.7259 1.5738 0.1260,
      2.5784 1.8054 0.1260,
      2.4112 2.0233 0.1260,
      2.2257 2.2257 0.1260,
      2.0233 2.4112 0.1260,
      1.8054 2.5784 0.1260,
      1.5738 2.7259 0.1260,
      1.3302 2.8527 0.1260,
      1.0766 2.9578 0.1260,
      0.8147 3.0404 0.1260,
      0.5466 3.0998 0.1260,
      0.2743 3.1357 0.1260,
      0.0000 3.1476 0.1260,
      -0.2743 3.1357 0.1260,
      -0.5466 3.0998 0.1260,
      -0.8147 3.0404 0.1260,
      -1.0766 2.9578 0.1260,
      -1.3302 2.8527 0.1260,
      -1.5738 2.7259 0.1260,
      -1.8054 2.5784 0.1260,
      -2.0233 2.4112 0.1260,
      -2.2257 2.2257 0.1260,
      -2.4112 2.0233 0.1260,
      -2.5784 1.8054 0.1260,
      -2.7259 1.5738 0.1260,
      -2.8527 1.3302 0.1260,
      -2.9578 1.0766 0.1260,
      -3.0404 0.8147 0.1260,
      -3.0998 0.5466 0.1260,
      -3.1357 0.2743 0.1260,
      -3.1476 0.0000 0.1260,
      -3.1357 -0.2743 0.1260,
      -3.0998 -0.5466 0.1260,
      -3.0404 -0.8147 0.1260,
      -2.9578 -1.0766 0.1260,
      -2.8527 -1.3302 0.1260,
      -2.7259 -1.5738 0.1260,
      -2.5784 -1.8054 0.1260,
      -2.4112 -2.0233 0.1260,
      -2.2257 -2.2257 0.1260,
      -2.0233 -2.4112 0.1260,
      -1.8054 -2.5784 0.1260,
      -1.5738 -2.7259 0.1260,
      -1.3302 -2.8527 0.1260,
      -1.0766 -2.9578 0.1260,
      -0.8147 -3.0404 0.1260,
      -0.5466 -3.0998 0.1260,
      -0.2743 -3.1357 0.1260,
      -0.0000 -3.1476 0.1260,
      0.2743 -3.1357 0.1260,
      0.5466 -3.0998 0.1260,
      0.8147 -3.0404 0.1260,
      1.0766 -2.9578 0.1260,
      1.3302 -2.8527 0.1260,
      1.5738 -2.7259 0.1260,
      1.8054 -2.5784 0.1260,
      2.0233 -2.4112 0.1260,
      2.2257 -2.2257 0.1260,
      2.4112 -2.0233 0.1260,
      2.5784 -1.8054 0.1260,
      2.7259 -1.5738 0.1260,
      2.8527 -1.3302 0.1260,
      2.9578 -1.0766 0.1260,
      3.0404 -0.8147 0.1260,
      3.0998 -0.5466 0.1260,
      3.1357 -0.2743 0.1260,
      3.1122 0.0000 0.1693,
      3.1004 0.2712 0.1693,
      3.0649 0.5404 0.1693,
      3.0062 0.8055 0.1693,
      2.9245 1.0644 0.1693,
      2.8206 1.3153 0.1693,
      2.6952 1.5561 0.1693,
      2.5494 1.7851 0.1693,
      2.3841 2.0005 0.1693,
      2.2007 2.2007 0.1693,
      2.0005 2.3841 0.1693,
      1.7851 2.5494 0.1693,
      1.5561 2.6952 0.1693,
      1.3153 2.8206 0.1693,
      1.0644 2.9245 0.1693,
      0.8055 3.0062 0.1693,
      0.5404 3.0649 0.1693,
      0.2712 3.1004 0.1693,
      0.0000 3.1122 0.1693,
      -0.2712 3.1004 0.1693,
      -0.5404 3.0649 0.1693,
      -0.8055 3.0062 0.1693,
      -1.0644 2.9245 0.1693,
      -1.3153 2.8206 0.1693,
      -1.5561 2.6952 0.1693,
      -1.7851 2.5494 0.1693,
      -2.0005 2.3841 0.1693,
      -2.2007 2.2007 0.1693,
      -2.3841 2.0005 0.1693,
      -2.5494 1.7851 0.1693,
      -2.6952 1.5561 0.1693,
      -2.8206 1.3153 0.1693,
      -2.9245 1.0644 0.1693,
      -3.0062 0.8055 0.1693,
      -3.0649 0.5404 0.1693,
      -3.1004 0.2712 0.1693,
      -3.1122 0.0000 0.1693,
      -3.1004 -0.2712 0.1693,
      -3.0649 -0.5404 0.1693,
      -3.0062 -0.8055 0.1693,
      -2.9245 -1.0644 0.1693,
      -2.8206 -1.3153 0.1693,
      -2.6952 -1.5561 0.1693,
      -2.5494 -1.7851 0.1693,
      -2.3841 -2.0005 0.1693,
      -2.2007 -2.2007 0.1693,
      -2.0005 -2.3841 0.1693,
      -1.7851 -2.5494 0.1693,
      -1.5561 -2.6952 0.1693,
      -1.3153 -2.8206 0.1693,
      -1.0644 -2.9245 0.1693,
      -0.8055 -3.0062 0.1693,
      -0.5404 -3.0649 0.1693,
      -0.2712 -3.1004 0.1693,
      -0.0000 -3.1122 0.1693,
      0.2712 -3.1004 0.1693,
      0.5404 -3.0649 0.1693,
      0.8055 -3.0062 0.1693,
      1.0644 -2.9245 0.1693,
      1.3153 -2.8206 0.1693,
      1.5561 -2.6952 0.1693,
      1.7851 -2.5494 0.1693,
      2.0005 -2.3841 0.1693,
      2.2007 -2.2007 0.1693,
      2.3841 -2.0005 0.1693,
      2.5494 -1.7851 0.1693,
      2.6952 -1.5561 0.1693,
      2.8206 -1.3153 0.1693,
      2.9245 -1.0644 0.1693,
      3.0062 -0.8055 0.1693,
      3.0649 -0.5404 0.1693,
      3.1004 -0.2712 0.1693,
      3.1043 0.0000 0.1929,
      3.0925 0.2706 0.1929,
      3.0572 0.5391 0.1929,
      2.9986 0.8035 0.1929,
      2.9171 1.0617 0.1929,
      2.8135 1.3119 0.1929,
      2.6884 1.5522 0.1929,
      2.5429 1.7806 0.1929,
      2.3781 1.9954 0.1929,
      2.1951 2.1951 0.1929,
      1.9954 2.3781 0.1929,
      1.7806 2.5429 0.1929,
      1.5522 2.6884 0.1929,
      1.3119 2.8135 0.1929,
      1.0617 2.9171 0.1929,
      0.8035 2.9986 0.1929,
      0.5391 3.0572 0.1929,
      0.2706 3.0925 0.1929,
      0.0000 3.1043 0.1929,
      -0.2706 3.0925 0.1929,
      -0.5391 3.0572 0.1929,
      -0.8035 2.9986 0.1929,
      -1.0617 2.9171 0.1929,
      -1.3119 2.8135 0.1929,
      -1.5522 2.6884 0.1929,
      -1.7806 2.5429 0.1929,
      -1.9954 2.3781 0.1929,
      -2.1951 2.1951 0.1929,
      -2.3781 1.9954 0.1929,
      -2.5429 1.7806 0.1929,
      -2.6884 1.5522 0.1929,
      -2.8135 1.3119 0.1929,
      -2.9171 1.0617 0.1929,
      -2.9986 0.8035 0.1929,
      -3.0572 0.5391 0.1929,
      -3.0925 0.2706 0.1929,
      -3.1043 0.0000 0.1929,
      -3.0925 -0.2706 0.1929,
      -3.0572 -0.5391 0.1929,
      -2.9986 -0.8035 0.1929,
      -2.9171 -1.0617 0.1929,
      -2.8135 -1.3119 0.1929,
      -2.6884 -1.5522 0.1929,
      -2.5429 -1.7806 0.1929,
      -2.3781 -1.9954 0.1929,
      -2.1951 -2.1951 0.1929,
      -1.9954 -2.3781 0.1929,
      -1.7806 -2.5429 0.1929,
      -1.5522 -2.6884 0.1929,
      -1.3119 -2.8135 0.1929,
      -1.0617 -2.9171 0.1929,
      -0.8035 -2.9986 0.1929,
      -0.5391 -3.0572 0.1929,
      -0.2706 -3.0925 0.1929,
      -0.0000 -3.1043 0.1929,
      0.2706 -3.0925 0.1929,
      0.5391 -3.0572 0.1929,
      0.8035 -2.9986 0.1929,
      1.0617 -2.9171 0.1929,
      1.3119 -2.8135 0.1929,
      1.5522 -2.6884 0.1929,
      1.7806 -2.5429 0.1929,
      1.9954 -2.3781 0.1929,
      2.1951 -2.1951 0.1929,
      2.3781 -1.9954 0.1929,
      2.5429 -1.7806 0.1929,
      2.6884 -1.5522 0.1929,
      2.8135 -1.3119 0.1929,
      2.9171 -1.0617 0.1929,
      2.9986 -0.8035 0.1929,
      3.0572 -0.5391 0.1929,
      3.0925 -0.2706 0.1929,
      3.1319 0.0000 0.2323,
      3.1200 0.2730 0.2323,
      3.0843 0.5438 0.2323,
      3.0252 0.8106 0.2323,
      2.9430 1.0712 0.2323,
      2.8385 1.3236 0.2323,
      2.7123 1.5659 0.2323,
      2.5655 1.7964 0.2323,
      2.3992 2.0131 0.2323,
      2.2146 2.2146 0.2323,
      2.0131 2.3992 0.2323,
      1.7964 2.5655 0.2323,
      1.5659 2.7123 0.2323,
      1.3236 2.8385 0.2323,
      1.0712 2.9430 0.2323,
      0.8106 3.0252 0.2323,
      0.5438 3.0843 0.2323,
      0.2730 3.1200 0.2323,
      0.0000 3.1319 0.2323,
      -0.2730 3.1200 0.2323,
      -0.5438 3.0843 0.2323,
      -0.8106 3.0252 0.2323,
      -1.0712 2.9430 0.2323,
      -1.3236 2.8385 0.2323,
      -1.5659 2.7123 0.2323,
      -1.7964 2.5655 0.2323,
      -2.0131 2.3992 0.2323,
      -2.2146 2.2146 0.2323,
      -2.3992 2.0131 0.2323,
      -2.5655 1.7964 0.2323,
      -2.7123 1.5659 0.2323,
      -2.8385 1.3236 0.2323,
      -2.9430 1.0712 0.2323,
      -3.0252 0.8106 0.2323,
      -3.0843 0.5438 0.2323,
      -3.1200 0.2730 0.2323,
      -3.1319 0.0000 0.2323,
      -3.1200 -0.2730 0.2323,
      -3.0843 -0.5438 0.2323,
      -3.0252 -0.8106 0.2323,
      -2.9430 -1.0712 0.2323,
      -2.8385 -1.3236 0.2323,
      -2.7123 -1.5659 0.2323,
      -2.5655 -1.7964 0.2323,
      -2.3992 -2.0131 0.2323,
      -2.2146 -2.2146 0.2323,
      -2.0131 -2.3992 0.2323,
      -1.7964 -2.5655 0.2323,
      -1.5659 -2.7123 0.2323,
      -1.3236 -2.8385 0.2323,
      -1.0712 -2.9430 0.2323,
      -0.8106 -3.0252 0.2323,
      -0.5438 -3.0843 0.2323,
      -0.2730 -3.1200 0.2323,
      -0.0000 -3.1319 0.2323,
      0.2730 -3.1200 0.2323,
      0.5438 -3.0843 0.2323,
      0.8106 -3.0252 0.2323,
      1.0712 -2.9430 0.2323,
      1.3236 -2.8385 0.2323,
      1.5659 -2.7123 0.2323,
      1.7964 -2.5655 0.2323,
      2.0131 -2.3992 0.2323,
      2.2146 -2.2146 0.2323,
      2.3992 -2.0131 0.2323,
      2.5655 -1.7964 0.2323,
      2.7123 -1.5659 0.2323,
      2.8385 -1.3236 0.2323,
      2.9430 -1.0712 0.2323,
      3.0252 -0.8106 0.2323,
      3.0843 -0.5438 0.2323,
      3.1200 -0.2730 0.2323,
      0.0000 0.0000 0.0079,
      0.0000 0.0000 0.2323
  ] }
  coordIndex [
      0, 1, 73, 72, -1,
      1, 2, 74, 73, -1,
      2, 3, 75, 74, -1,
      3, 4, 76, 75, -1,
      4, 5, 77, 76, -1,
      5, 6, 78, 77, -1,
      6, 7, 79, 78, -1,
      7, 8, 80, 79, -1,
      8, 9, 81, 80, -1,
      9, 10, 82, 81, -1,
      10, 11, 83, 82, -1,
      11, 12, 84, 83, -1,
      12, 13, 85, 84, -1,
      13, 14, 86, 85, -1,
      14, 15, 87, 86, -1,
      15, 16, 88, 87, -1,
      16, 17, 89, 88, -1,
      17, 18, 90, 89, -1,
      18, 19, 91, 90, -1,
      19, 20, 92, 91, -1,
      20, 21, 93, 92, -1,
      21, 22, 94, 93, -1,
      22, 23, 95, 94, -1,
      23, 24, 96, 95, -1,
      24, 25, 97, 96, -1,
      25, 26, 98, 97, -1,
      26, 27, 99, 98, -1,
      27, 28, 100, 99, -1,
      28, 29, 101, 100, -1,
      29, 30, 102, 101, -1,
      30, 31, 103, 102, -1,
      31, 32, 104, 103, -1,
      32, 33, 105, 104, -1,
      33, 34, 106, 105, -1,
      34, 35, 107, 106, -1,
      35, 36, 108, 107, -1,
      36, 37, 109, 108, -1,
      37, 38, 110, 109, -1,
      38, 39, 111, 110, -1,
      39, 40, 112, 111, -1,
      40, 41, 113, 112, -1,
      41, 42, 114, 113, -1,
      42, 43, 115, 114, -1,
      43, 44, 116, 115, -1,
      44, 45, 117, 116, -1,
      45, 46, 118, 117, -1,
      46, 47, 119, 118, -1,
      47, 48, 120, 119, -1,
      48, 49, 121, 120, -1,
      49, 50, 122, 121, -1,
      50, 51, 123, 122, -1,
      51, 52, 124, 123, -1,
      52, 53, 125, 124, -1,
      53, 54, 126, 125, -1,
      54, 55, 127, 126, -1,
      55, 56, 128, 127, -1,
      56, 57, 129, 128, -1,
      57, 58, 130, 129, -1,
      58, 59, 131, 130, -1,
      59, 60, 132, 131, -1,
      60, 61, 133, 132, -1,
      61, 62, 134, 133, -1,
      62, 63, 135, 134, -1,
      63, 64, 136, 135, -1,
      64, 65, 137, 136, -1,
      65, 66, 138, 137, -1,
      66, 67, 139, 138, -1,
      67, 68, 140, 139, -1,
      68, 69, 141, 140, -1,
      69, 70, 142, 141, -1,
      70, 71, 143, 142, -1,
      71, 0, 72, 143, -1,
      72, 73, 145, 144, -1,
      73, 74, 146, 145, -1,
      74, 75, 147, 146, -1,
      75, 76, 148, 147, -1,
      76, 77, 149, 148, -1,
      77, 78, 150, 149, -1,
      78, 79, 151, 150, -1,
      79, 80, 152, 151, -1,
      80, 81, 153, 152, -1,
      81, 82, 154, 153, -1,
      82, 83, 155, 154, -1,
      83, 84, 156, 155, -1,
      84, 85, 157, 156, -1,
      85, 86, 158, 157, -1,
      86, 87, 159, 158, -1,
      87, 88, 160, 159, -1,
      88, 89, 161, 160, -1,
      89, 90, 162, 161, -1,
      90, 91, 163, 162, -1,
      91, 92, 164, 163, -1,
      92, 93, 165, 164, -1,
      93, 94, 166, 165, -1,
      94, 95, 167, 166, -1,
      95, 96, 168, 167, -1,
      96, 97, 169, 168, -1,
      97, 98, 170, 169, -1,
      98, 99, 171, 170, -1,
      99, 100, 172, 171, -1,
      100, 101, 173, 172, -1,
      101, 102, 174, 173, -1,
      102, 103, 175, 174, -1,
      103, 104, 176, 175, -1,
      104, 105, 177, 176, -1,
      105, 106, 178, 177, -1,
      106, 107, 179, 178, -1,
      107, 108, 180, 179, -1,
      108, 109, 181, 180, -1,
      109, 110, 182, 181, -1,
      110, 111, 183, 182, -1,
      111, 112, 184, 183, -1,
      112, 113, 185, 184, -1,
      113, 114, 186, 185, -1,
      114, 115, 187, 186, -1,
      115, 116, 188, 187, -1,
      116, 117, 189, 188, -1,
      117, 118, 190, 189, -1,
      118, 119, 191, 190, -1,
      119, 120, 192, 191, -1,
      120, 121, 193, 192, -1,
      121, 122, 194, 193, -1,
      122, 123, 195, 194, -1,
      123, 124, 196, 195, -1,
      124, 125, 197, 196, -1,
      125, 126, 198, 197, -1,
      126, 127, 199, 198, -1,
      127, 128, 200, 199, -1,
      128, 129, 201, 200, -1,
      129, 130, 202, 201, -1,
      130, 131, 203, 202, -1,
      131, 132, 204, 203, -1,
      132, 133, 205, 204, -1,
      133, 134, 206, 205, -1,
      134, 135, 207, 206, -1,
      135, 136, 208, 207, -1,
      136, 137, 209, 208, -1,
      137, 138, 210, 209, -1,
      138, 139, 211, 210, -1,
      139, 140, 212, 211, -1,
      140, 141, 213, 212, -1,
      141, 142, 214, 213, -1,
      142, 143, 215, 214, -1,
      143, 72, 144, 215, -1,
      144, 145, 217, 216, -1,
      145, 146, 218, 217, -1,
      146, 147, 219, 218, -1,
      147, 148, 220, 219, -1,
      148, 149, 221, 220, -1,
      149, 150, 222, 221, -1,
      150, 151, 223, 222, -1,
      151, 152, 224, 223, -1,
      152, 153, 225, 224, -1,
      153, 154, 226, 225, -1,
      154, 155, 227, 226, -1,
      155, 156, 228, 227, -1,
      156, 157, 229, 228, -1,
      157, 158, 230, 229, -1,
      158, 159, 231, 230, -1,
      159, 160, 232, 231, -1,
      160, 161, 233, 232, -1,
      161, 162, 234, 233, -1,
      162, 163, 235, 234, -1,
      163, 164, 236, 235, -1,
      164, 165, 237, 236, -1,
      165, 166, 238, 237, -1,
      166, 167, 239, 238, -1,
      167, 168, 240, 239, -1,
      168, 169, 241, 240, -1,
      169, 170, 242, 241, -1,
      170, 171, 243, 242, -1,
      171, 172, 244, 243, -1,
      172, 173, 245, 244, -1,
      173, 174, 246, 245, -1,
      174, 175, 247, 246, -1,
      175, 176, 248, 247, -1,
      176, 177, 249, 248, -1,
      177, 178, 250, 249, -1,
      178, 179, 251, 250, -1,
      179, 180, 252, 251, -1,
      180, 181, 253, 252, -1,
      181, 182, 254, 253, -1,
      182, 183, 255, 254, -1,
      183, 184, 256, 255, -1,
      184, 185, 257, 256, -1,
      185, 186, 258, 257, -1,
      186, 187, 259, 258, -1,
      187, 188, 260, 259, -1,
      188, 189, 261, 260, -1,
      189, 190, 262, 261, -1,
      190, 191, 263, 262, -1,
      191, 192, 264, 263, -1,
      192, 193, 265, 264, -1,
      193, 194, 266, 265, -1,
      194, 195, 267, 266, -1,
      195, 196, 268, 267, -1,
      196, 197, 269, 268, -1,
      197, 198, 270, 269, -1,
      198, 199, 271, 270, -1,
      199, 200, 272, 271, -1,
      200, 201, 273, 272, -1,
      201, 202, 274, 273, -1,
      202, 203, 275, 274, -1,
      203, 204, 276, 275, -1,
      204, 205, 277, 276, -1,
      205, 206, 278, 277, -1,
      206, 207, 279, 278, -1,
      207, 208, 280, 279, -1,
      208, 209, 281, 280, -1,
      209, 210, 282, 281, -1,
      210, 211, 283, 282, -1,
      211, 212, 284, 283, -1,
      212, 213, 285, 284, -1,
      213, 214, 286, 285, -1,
      214, 215, 287, 286, -1,
      215, 144, 216, 287, -1,
      216, 217, 289, 288, -1,
      217, 218, 290, 289, -1,
      218, 219, 291, 290, -1,
      219, 220, 292, 291, -1,
      220, 221, 293, 292, -1,
      221, 222, 294, 293, -1,
      222, 223, 295, 294, -1,
      223, 224, 296, 295, -1,
      224, 225, 297, 296, -1,
      225, 226, 298, 297, -1,
      226, 227, 299, 298, -1,
      227, 228, 300, 299, -1,
      228, 229, 301, 300, -1,
      229, 230, 302, 301, -1,
      230, 231, 303, 302, -1,
      231, 232, 304, 303, -1,
      232, 233, 305, 304, -1,
      233, 234, 306, 305, -1,
      234, 235, 307, 306, -1,
      235, 236, 308, 307, -1,
      236, 237, 309, 308, -1,
      237, 238, 310, 309, -1,
      238, 239, 311, 310, -1,
      239, 240, 312, 311, -1,
      240, 241, 313, 312, -1,
      241, 242, 314, 313, -1,
      242, 243, 315, 314, -1,
      243, 244, 316, 315, -1,
      244, 245, 317, 316, -1,
      245, 246, 318, 317, -1,
      246, 247, 319, 318, -1,
      247, 248, 320, 319, -1,
      248, 249, 321, 320, -1,
      249, 250, 322, 321, -1,
      250, 251, 323, 322, -1,
      251, 252, 324, 323, -1,
      252, 253, 325, 324, -1,
      253, 254, 326, 325, -1,
      254, 255, 327, 326, -1,
      255, 256, 328, 327, -1,
      256, 257, 329, 328, -1,
      257, 258, 330, 329, -1,
      258, 259, 331, 330, -1,
      259, 260, 332, 331, -1,
      260, 261, 333, 332, -1,
      261, 262, 334, 333, -1,
      262, 263, 335, 334, -1,
      263, 264, 336, 335, -1,
      264, 265, 337, 336, -1,
      265, 266, 338, 337, -1,
      266, 267, 339, 338, -1,
      267, 268, 340, 339, -1,
      268, 269, 341, 340, -1,
      269, 270, 342, 341, -1,
      270, 271, 343, 342, -1,
      271, 272, 344, 343, -1,
      272, 273, 345, 344, -1,
      273, 274, 346, 345, -1,
      274, 275, 347, 346, -1,
      275, 276, 348, 347, -1,
      276, 277, 349, 348, -1,
      277, 278, 350, 349, -1,
      278, 279, 351, 350, -1,
      279, 280, 352, 351, -1,
      280, 281, 353, 352, -1,
      281, 282, 354, 353, -1,
      282, 283, 355, 354, -1,
      283, 284, 356, 355, -1,
      284, 285, 357, 356, -1,
      285, 286, 358, 357, -1,
      286, 287, 359, 358, -1,
      287, 216, 288, 359, -1,
      288, 289, 361, 360, -1,
      289, 290, 362, 361, -1,
      290, 291, 363, 362, -1,
      291, 292, 364, 363, -1,
      292, 293, 365, 364, -1,
      293, 294, 366, 365, -1,
      294, 295, 367, 366, -1,
      295, 296, 368, 367, -1,
      296, 297, 369, 368, -1,
      297, 298, 370, 369, -1,
      298, 299, 371, 370, -1,
      299, 300, 372, 371, -1,
      300, 301, 373, 372, -1,
      301, 302, 374, 373, -1,
      302, 303, 375, 374, -1,
      303, 304, 376, 375, -1,
      304, 305, 377, 376, -1,
      305, 306, 378, 377, -1,
      306, 307, 379, 378, -1,
      307, 308, 380, 379, -1,
      308, 309, 381, 380, -1,
      309, 310, 382, 381, -1,
      310, 311, 383, 382, -1,
      311, 312, 384, 383, -1,
      312, 313, 385, 384, -1,
      313, 314, 386, 385, -1,
      314, 315, 387, 386, -1,
      315, 316, 388, 387, -1,
      316, 317, 389, 388, -1,
      317, 318, 390, 389, -1,
      318, 319, 391, 390, -1,
      319, 320, 392, 391, -1,
      320, 321, 393, 392, -1,
      321, 322, 394, 393, -1,
      322, 323, 395, 394, -1,
      323, 324, 396, 395, -1,
      324, 325, 397, 396, -1,
      325, 326, 398, 397, -1,
      326, 327, 399, 398, -1,
      327, 328, 400, 399, -1,
      328, 329, 401, 400, -1,
      329, 330, 402, 401, -1,
      330, 331, 403, 402, -1,
      331, 332, 404, 403, -1,
      332, 333, 405, 404, -1,
      333, 334, 406, 405, -1,
      334, 335, 407, 406, -1,
      335, 336, 408, 407, -1,
      336, 337, 409, 408, -1,
      337, 338, 410, 409, -1,
      338, 339, 411, 410, -1,
      339, 340, 412, 411, -1,
      340, 341, 413, 412, -1,
      341, 342, 414, 413, -1,
      342, 343, 415, 414, -1,
      343, 344, 416, 415, -1,
      344, 345, 417, 416, -1,
      345, 346, 418, 417, -1,
      346, 347, 419, 418, -1,
      347, 348, 420, 419, -1,
      348, 349, 421, 420, -1,
      349, 350, 422, 421, -1,
      350, 351, 423, 422, -1,
      351, 352, 424, 423, -1,
      352, 353, 425, 424, -1,
      353, 354, 426, 425, -1,
      354, 355, 427, 426, -1,
      355, 356, 428, 427, -1,
      356, 357, 429, 428, -1,
      357, 358, 430, 429, -1,
      358, 359, 431, 430, -1,
      359, 288, 360, 431, -1,
      360, 361, 433, 432, -1,
      361, 362, 434, 433, -1,
      362, 363, 435, 434, -1,
      363, 364, 436, 435, -1,
      364, 365, 437, 436, -1,
      365, 366, 438, 437, -1,
      366, 367, 439, 438, -1,
      367, 368, 440, 439, -1,
      368, 369, 441, 440, -1,
      369, 370, 442, 441, -1,
      370, 371, 443, 442, -1,
      371, 372, 444, 443, -1,
      372, 373, 445, 444, -1,
      373, 374, 446, 445, -1,
      374, 375, 447, 446, -1,
      375, 376, 448, 447, -1,
      376, 377, 449, 448, -1,
      377, 378, 450, 449, -1,
      378, 379, 451, 450, -1,
      379, 380, 452, 451, -1,
      380, 381, 453, 452, -1,
      381, 382, 454, 453, -1,
      382, 383, 455, 454, -1,
      383, 384, 456, 455, -1,
      384, 385, 457, 456, -1,
      385, 386, 458, 457, -1,
      386, 387, 459, 458, -1,
      387, 388, 460, 459, -1,
      388, 389, 461, 460, -1,
      389, 390, 462, 461, -1,
      390, 391, 463, 462, -1,
      391, 392, 464, 463, -1,
      392, 393, 465, 464, -1,
      393, 394, 466, 465, -1,
      394, 395, 467, 466, -1,
      395, 396, 468, 467, -1,
      396, 397, 469, 468, -1,
      397, 398, 470, 469, -1,
      398, 399, 471, 470, -1,
      399, 400, 472, 471, -1,
      400, 401, 473, 472, -1,
      401, 402, 474, 473, -1,
      402, 403, 475, 474, -1,
      403, 404, 476, 475, -1,
      404, 405, 477, 476, -1,
      405, 406, 478, 477, -1,
      406, 407, 479, 478, -1,
      407, 408, 480, 479, -1,
      408, 409, 481, 480, -1,
      409, 410, 482, 481, -1,
      410, 411, 483, 482, -1,
      411, 412, 484, 483, -1,
      412, 413, 485, 484, -1,
      413, 414, 486, 485, -1,
      414, 415, 487, 486, -1,
      415, 416, 488, 487, -1,
      416, 417, 489, 488, -1,
      417, 418, 490, 489, -1,
      418, 419, 491, 490, -1,
      419, 420, 492, 491, -1,
      420, 421, 493, 492, -1,
      421, 422, 494, 493, -1,
      422, 423, 495, 494, -1,
      423, 424, 496, 495, -1,
      424, 425, 497, 496, -1,
      425, 426, 498, 497, -1,
      426, 427, 499, 498, -1,
      427, 428, 500, 499, -1,
      428, 429, 501, 500, -1,
      429, 430, 502, 501, -1,
      430, 431, 503, 502, -1,
      431, 360, 432, 503, -1,
      432, 433, 505, 504, -1,
      433, 434, 506, 505, -1,
      434, 435, 507, 506, -1,
      435, 436, 508, 507, -1,
      436, 437, 509, 508, -1,
      437, 438, 510, 509, -1,
      438, 439, 511, 510, -1,
      439, 440, 512, 511, -1,
      440, 441, 513, 512, -1,
      441, 442, 514, 513, -1,
      442, 443, 515, 514, -1,
      443, 444, 516, 515, -1,
      444, 445, 517, 516, -1,
      445, 446, 518, 517, -1,
      446, 447, 519, 518, -1,
      447, 448, 520, 519, -1,
      448, 449, 521, 520, -1,
      449, 450, 522, 521, -1,
      450, 451, 523, 522, -1,
      451, 452, 524, 523, -1,
      452, 453, 525, 524, -1,
      453, 454, 526, 525, -1,
      454, 455, 527, 526, -1,
      455, 456, 528, 527, -1,
      456, 457, 529, 528, -1,
      457, 458, 530, 529, -1,
      458, 459, 531, 530, -1,
      459, 460, 532, 531, -1,
      460, 461, 533, 532, -1,
      461, 462, 534, 533, -1,
      462, 463, 535, 534, -1,
      463, 464, 536, 535, -1,
      464, 465, 537, 536, -1,
      465, 466, 538, 537, -1,
      466, 467, 539, 538, -1,
      467, 468, 540, 539, -1,
      468, 469, 541, 540, -1,
      469, 470, 542, 541, -1,
      470, 471, 543, 542, -1,
      471, 472, 544, 543, -1,
      472, 473, 545, 544, -1,
      473, 474, 546, 545, -1,
      474, 475, 547, 546, -1,
      475, 476, 548, 547, -1,
      476, 477, 549, 548, -1,
      477, 478, 550, 549, -1,
      478, 479, 551, 550, -1,
      479, 480, 552, 551, -1,
      480, 481, 553, 552, -1,
      481, 482, 554, 553, -1,
      482, 483, 555, 554, -1,
      483, 484, 556, 555, -1,
      484, 485, 557, 556, -1,
      485, 486, 558, 557, -1,
      486, 487, 559, 558, -1,
      487, 488, 560, 559, -1,
      488, 489, 561, 560, -1,
      489, 490, 562, 561, -1,
      490, 491, 563, 562, -1,
      491, 492, 564, 563, -1,
      492, 493, 565, 564, -1,
      493, 494, 566, 565, -1,
      494, 495, 567, 566, -1,
      495, 496, 568, 567, -1,
      496, 497, 569, 568, -1,
      497, 498, 570, 569, -1,
      498, 499, 571, 570, -1,
      499, 500, 572, 571, -1,
      500, 501, 573, 572, -1,
      501, 502, 574, 573, -1,
      502, 503, 575, 574, -1,
      503, 432, 504, 575, -1,
      576, 1, 0, -1,
      577, 504, 505, -1,
      576, 2, 1, -1,
      577, 505, 506, -1,
      576, 3, 2, -1,
      577, 506, 507, -1,
      576, 4, 3, -1,
      577, 507, 508, -1,
      576, 5, 4, -1,
      577, 508, 509, -1,
      576, 6, 5, -1,
      577, 509, 510, -1,
      576, 7, 6, -1,
      577, 510, 511, -1,
      576, 8, 7, -1,
      577, 511, 512, -1,
      576, 9, 8, -1,
      577, 512, 513, -1,
      576, 10, 9, -1,
      577, 513, 514, -1,
      576, 11, 10, -1,
      577, 514, 515, -1,
      576, 12, 11, -1,
      577, 515, 516, -1,
      576, 13, 12, -1,
      577, 516, 517, -1,
      576, 14, 13, -1,
      577, 517, 518, -1,
      576, 15, 14, -1,
      577, 518, 519, -1,
      576, 16, 15, -1,
      577, 519, 520, -1,
      576, 17, 16, -1,
      577, 520, 521, -1,
      576, 18, 17, -1,
      577, 521, 522, -1,
      576, 19, 18, -1,
      577, 522, 523, -1,
      576, 20, 19, -1,
      577, 523, 524, -1,
      576, 21, 20, -1,
      577, 524, 525, -1,
      576, 22, 21, -1,
      577, 525, 526, -1,
      576, 23, 22, -1,
      577, 526, 527, -1,
      576, 24, 23, -1,
      577, 527, 528, -1,
      576, 25, 24, -1,
      577, 528, 529, -1,
      576, 26, 25, -1,
      577, 529, 530, -1,
      576, 27, 26, -1,
      577, 530, 531, -1,
      576, 28, 27, -1,
      577, 531, 532, -1,
      576, 29, 28, -1,
      577, 532, 533, -1,
      576, 30, 29, -1,
      577, 533, 534, -1,
      576, 31, 30, -1,
      577, 534, 535, -1,
      576, 32, 31, -1,
      577, 535, 536, -1,
      576, 33, 32, -1,
      577, 536, 537, -1,
      576, 34, 33, -1,
      577, 537, 538, -1,
      576, 35, 34, -1,
      577, 538, 539, -1,
      576, 36, 35, -1,
      577, 539, 540, -1,
      576, 37, 36, -1,
      577, 540, 541, -1,
      576, 38, 37, -1,
      577, 541, 542, -1,
      576, 39, 38, -1,
      577, 542, 543, -1,
      576, 40, 39, -1,
      577, 543, 544, -1,
      576, 41, 40, -1,
      577, 544, 545, -1,
      576, 42, 41, -1,
      577, 545, 546, -1,
      576, 43, 42, -1,
      577, 546, 547, -1,
      576, 44, 43, -1,
      577, 547, 548, -1,
      576, 45, 44, -1,
      577, 548, 549, -1,
      576, 46, 45, -1,
      577, 549, 550, -1,
      576, 47, 46, -1,
      577, 550, 551, -1,
      576, 48, 47, -1,
      577, 551, 552, -1,
      576, 49, 48, -1,
      577, 552, 553, -1,
      576, 50, 49, -1,
      577, 553, 554, -1,
      576, 51, 50, -1,
      577, 554, 555, -1,
      576, 52, 51, -1,
      577, 555, 556, -1,
      576, 53, 52, -1,
      577, 556, 557, -1,
      576, 54, 53, -1,
      577, 557, 558, -1,
      576, 55, 54, -1,
      577, 558, 559, -1,
      576, 56, 55, -1,
      577, 559, 560, -1,
      576, 57, 56, -1,
      577, 560, 561, -1,
      576, 58, 57, -1,
      577, 561, 562, -1,
      576, 59, 58, -1,
      577, 562, 563, -1,
      576, 60, 59, -1,
      577, 563, 564, -1,
      576, 61, 60, -1,
      577, 564, 565, -1,
      576, 62, 61, -1,
      577, 565, 566, -1,
      576, 63, 62, -1,
      577, 566, 567, -1,
      576, 64, 63, -1,
      577, 567, 568, -1,
      576, 65, 64, -1,
      577, 568, 569, -1,
      576, 66, 65, -1,
      577, 569, 570, -1,
      576, 67, 66, -1,
      577, 570, 571, -1,
      576, 68, 67, -1,
      577, 571, 572, -1,
      576, 69, 68, -1,
      577, 572, 573, -1,
      576, 70, 69, -1,
      577, 573, 574, -1,
      576, 71, 70, -1,
      577, 574, 575, -1,
      576, 0, 71, -1,
      577, 575, 504, -1
  ]
  creaseAngle 1.15
  solid TRUE
} }
# Black sleeve and rounded top shoulder
Shape { appearance USE SLEEVE geometry IndexedFaceSet {
  coord Coordinate { point [
      3.0295 0.0000 0.0945,
      3.0180 0.2640 0.0945,
      2.9835 0.5261 0.0945,
      2.9263 0.7841 0.0945,
      2.8468 1.0362 0.0945,
      2.7457 1.2803 0.0945,
      2.6236 1.5148 0.0945,
      2.4816 1.7377 0.0945,
      2.3208 1.9473 0.0945,
      2.1422 2.1422 0.0945,
      1.9473 2.3208 0.0945,
      1.7377 2.4816 0.0945,
      1.5148 2.6236 0.0945,
      1.2803 2.7457 0.0945,
      1.0362 2.8468 0.0945,
      0.7841 2.9263 0.0945,
      0.5261 2.9835 0.0945,
      0.2640 3.0180 0.0945,
      0.0000 3.0295 0.0945,
      -0.2640 3.0180 0.0945,
      -0.5261 2.9835 0.0945,
      -0.7841 2.9263 0.0945,
      -1.0362 2.8468 0.0945,
      -1.2803 2.7457 0.0945,
      -1.5148 2.6236 0.0945,
      -1.7377 2.4816 0.0945,
      -1.9473 2.3208 0.0945,
      -2.1422 2.1422 0.0945,
      -2.3208 1.9473 0.0945,
      -2.4816 1.7377 0.0945,
      -2.6236 1.5148 0.0945,
      -2.7457 1.2803 0.0945,
      -2.8468 1.0362 0.0945,
      -2.9263 0.7841 0.0945,
      -2.9835 0.5261 0.0945,
      -3.0180 0.2640 0.0945,
      -3.0295 0.0000 0.0945,
      -3.0180 -0.2640 0.0945,
      -2.9835 -0.5261 0.0945,
      -2.9263 -0.7841 0.0945,
      -2.8468 -1.0362 0.0945,
      -2.7457 -1.2803 0.0945,
      -2.6236 -1.5148 0.0945,
      -2.4816 -1.7377 0.0945,
      -2.3208 -1.9473 0.0945,
      -2.1422 -2.1422 0.0945,
      -1.9473 -2.3208 0.0945,
      -1.7377 -2.4816 0.0945,
      -1.5148 -2.6236 0.0945,
      -1.2803 -2.7457 0.0945,
      -1.0362 -2.8468 0.0945,
      -0.7841 -2.9263 0.0945,
      -0.5261 -2.9835 0.0945,
      -0.2640 -3.0180 0.0945,
      -0.0000 -3.0295 0.0945,
      0.2640 -3.0180 0.0945,
      0.5261 -2.9835 0.0945,
      0.7841 -2.9263 0.0945,
      1.0362 -2.8468 0.0945,
      1.2803 -2.7457 0.0945,
      1.5148 -2.6236 0.0945,
      1.7377 -2.4816 0.0945,
      1.9473 -2.3208 0.0945,
      2.1422 -2.1422 0.0945,
      2.3208 -1.9473 0.0945,
      2.4816 -1.7377 0.0945,
      2.6236 -1.5148 0.0945,
      2.7457 -1.2803 0.0945,
      2.8468 -1.0362 0.0945,
      2.9263 -0.7841 0.0945,
      2.9835 -0.5261 0.0945,
      3.0180 -0.2640 0.0945,
      3.0846 0.0000 0.1260,
      3.0729 0.2688 0.1260,
      3.0378 0.5356 0.1260,
      2.9795 0.7984 0.1260,
      2.8986 1.0550 0.1260,
      2.7956 1.3036 0.1260,
      2.6714 1.5423 0.1260,
      2.5268 1.7693 0.1260,
      2.3630 1.9828 0.1260,
      2.1812 2.1812 0.1260,
      1.9828 2.3630 0.1260,
      1.7693 2.5268 0.1260,
      1.5423 2.6714 0.1260,
      1.3036 2.7956 0.1260,
      1.0550 2.8986 0.1260,
      0.7984 2.9795 0.1260,
      0.5356 3.0378 0.1260,
      0.2688 3.0729 0.1260,
      0.0000 3.0846 0.1260,
      -0.2688 3.0729 0.1260,
      -0.5356 3.0378 0.1260,
      -0.7984 2.9795 0.1260,
      -1.0550 2.8986 0.1260,
      -1.3036 2.7956 0.1260,
      -1.5423 2.6714 0.1260,
      -1.7693 2.5268 0.1260,
      -1.9828 2.3630 0.1260,
      -2.1812 2.1812 0.1260,
      -2.3630 1.9828 0.1260,
      -2.5268 1.7693 0.1260,
      -2.6714 1.5423 0.1260,
      -2.7956 1.3036 0.1260,
      -2.8986 1.0550 0.1260,
      -2.9795 0.7984 0.1260,
      -3.0378 0.5356 0.1260,
      -3.0729 0.2688 0.1260,
      -3.0846 0.0000 0.1260,
      -3.0729 -0.2688 0.1260,
      -3.0378 -0.5356 0.1260,
      -2.9795 -0.7984 0.1260,
      -2.8986 -1.0550 0.1260,
      -2.7956 -1.3036 0.1260,
      -2.6714 -1.5423 0.1260,
      -2.5268 -1.7693 0.1260,
      -2.3630 -1.9828 0.1260,
      -2.1812 -2.1812 0.1260,
      -1.9828 -2.3630 0.1260,
      -1.7693 -2.5268 0.1260,
      -1.5423 -2.6714 0.1260,
      -1.3036 -2.7956 0.1260,
      -1.0550 -2.8986 0.1260,
      -0.7984 -2.9795 0.1260,
      -0.5356 -3.0378 0.1260,
      -0.2688 -3.0729 0.1260,
      -0.0000 -3.0846 0.1260,
      0.2688 -3.0729 0.1260,
      0.5356 -3.0378 0.1260,
      0.7984 -2.9795 0.1260,
      1.0550 -2.8986 0.1260,
      1.3036 -2.7956 0.1260,
      1.5423 -2.6714 0.1260,
      1.7693 -2.5268 0.1260,
      1.9828 -2.3630 0.1260,
      2.1812 -2.1812 0.1260,
      2.3630 -1.9828 0.1260,
      2.5268 -1.7693 0.1260,
      2.6714 -1.5423 0.1260,
      2.7956 -1.3036 0.1260,
      2.8986 -1.0550 0.1260,
      2.9795 -0.7984 0.1260,
      3.0378 -0.5356 0.1260,
      3.0729 -0.2688 0.1260,
      3.1220 0.0000 0.1811,
      3.1102 0.2721 0.1811,
      3.0746 0.5421 0.1811,
      3.0157 0.8080 0.1811,
      2.9338 1.0678 0.1811,
      2.8295 1.3194 0.1811,
      2.7038 1.5610 0.1811,
      2.5574 1.7907 0.1811,
      2.3916 2.0068 0.1811,
      2.2076 2.2076 0.1811,
      2.0068 2.3916 0.1811,
      1.7907 2.5574 0.1811,
      1.5610 2.7038 0.1811,
      1.3194 2.8295 0.1811,
      1.0678 2.9338 0.1811,
      0.8080 3.0157 0.1811,
      0.5421 3.0746 0.1811,
      0.2721 3.1102 0.1811,
      0.0000 3.1220 0.1811,
      -0.2721 3.1102 0.1811,
      -0.5421 3.0746 0.1811,
      -0.8080 3.0157 0.1811,
      -1.0678 2.9338 0.1811,
      -1.3194 2.8295 0.1811,
      -1.5610 2.7038 0.1811,
      -1.7907 2.5574 0.1811,
      -2.0068 2.3916 0.1811,
      -2.2076 2.2076 0.1811,
      -2.3916 2.0068 0.1811,
      -2.5574 1.7907 0.1811,
      -2.7038 1.5610 0.1811,
      -2.8295 1.3194 0.1811,
      -2.9338 1.0678 0.1811,
      -3.0157 0.8080 0.1811,
      -3.0746 0.5421 0.1811,
      -3.1102 0.2721 0.1811,
      -3.1220 0.0000 0.1811,
      -3.1102 -0.2721 0.1811,
      -3.0746 -0.5421 0.1811,
      -3.0157 -0.8080 0.1811,
      -2.9338 -1.0678 0.1811,
      -2.8295 -1.3194 0.1811,
      -2.7038 -1.5610 0.1811,
      -2.5574 -1.7907 0.1811,
      -2.3916 -2.0068 0.1811,
      -2.2076 -2.2076 0.1811,
      -2.0068 -2.3916 0.1811,
      -1.7907 -2.5574 0.1811,
      -1.5610 -2.7038 0.1811,
      -1.3194 -2.8295 0.1811,
      -1.0678 -2.9338 0.1811,
      -0.8080 -3.0157 0.1811,
      -0.5421 -3.0746 0.1811,
      -0.2721 -3.1102 0.1811,
      -0.0000 -3.1220 0.1811,
      0.2721 -3.1102 0.1811,
      0.5421 -3.0746 0.1811,
      0.8080 -3.0157 0.1811,
      1.0678 -2.9338 0.1811,
      1.3194 -2.8295 0.1811,
      1.5610 -2.7038 0.1811,
      1.7907 -2.5574 0.1811,
      2.0068 -2.3916 0.1811,
      2.2076 -2.2076 0.1811,
      2.3916 -2.0068 0.1811,
      2.5574 -1.7907 0.1811,
      2.7038 -1.5610 0.1811,
      2.8295 -1.3194 0.1811,
      2.9338 -1.0678 0.1811,
      3.0157 -0.8080 0.1811,
      3.0746 -0.5421 0.1811,
      3.1102 -0.2721 0.1811,
      3.1398 0.0000 0.2677,
      3.1278 0.2736 0.2677,
      3.0921 0.5452 0.2677,
      3.0328 0.8126 0.2677,
      2.9504 1.0739 0.2677,
      2.8456 1.3269 0.2677,
      2.7191 1.5699 0.2677,
      2.5719 1.8009 0.2677,
      2.4052 2.0182 0.2677,
      2.2201 2.2201 0.2677,
      2.0182 2.4052 0.2677,
      1.8009 2.5719 0.2677,
      1.5699 2.7191 0.2677,
      1.3269 2.8456 0.2677,
      1.0739 2.9504 0.2677,
      0.8126 3.0328 0.2677,
      0.5452 3.0921 0.2677,
      0.2736 3.1278 0.2677,
      0.0000 3.1398 0.2677,
      -0.2736 3.1278 0.2677,
      -0.5452 3.0921 0.2677,
      -0.8126 3.0328 0.2677,
      -1.0739 2.9504 0.2677,
      -1.3269 2.8456 0.2677,
      -1.5699 2.7191 0.2677,
      -1.8009 2.5719 0.2677,
      -2.0182 2.4052 0.2677,
      -2.2201 2.2201 0.2677,
      -2.4052 2.0182 0.2677,
      -2.5719 1.8009 0.2677,
      -2.7191 1.5699 0.2677,
      -2.8456 1.3269 0.2677,
      -2.9504 1.0739 0.2677,
      -3.0328 0.8126 0.2677,
      -3.0921 0.5452 0.2677,
      -3.1278 0.2736 0.2677,
      -3.1398 0.0000 0.2677,
      -3.1278 -0.2736 0.2677,
      -3.0921 -0.5452 0.2677,
      -3.0328 -0.8126 0.2677,
      -2.9504 -1.0739 0.2677,
      -2.8456 -1.3269 0.2677,
      -2.7191 -1.5699 0.2677,
      -2.5719 -1.8009 0.2677,
      -2.4052 -2.0182 0.2677,
      -2.2201 -2.2201 0.2677,
      -2.0182 -2.4052 0.2677,
      -1.8009 -2.5719 0.2677,
      -1.5699 -2.7191 0.2677,
      -1.3269 -2.8456 0.2677,
      -1.0739 -2.9504 0.2677,
      -0.8126 -3.0328 0.2677,
      -0.5452 -3.0921 0.2677,
      -0.2736 -3.1278 0.2677,
      -0.0000 -3.1398 0.2677,
      0.2736 -3.1278 0.2677,
      0.5452 -3.0921 0.2677,
      0.8126 -3.0328 0.2677,
      1.0739 -2.9504 0.2677,
      1.3269 -2.8456 0.2677,
      1.5699 -2.7191 0.2677,
      1.8009 -2.5719 0.2677,
      2.0182 -2.4052 0.2677,
      2.2201 -2.2201 0.2677,
      2.4052 -2.0182 0.2677,
      2.5719 -1.8009 0.2677,
      2.7191 -1.5699 0.2677,
      2.8456 -1.3269 0.2677,
      2.9504 -1.0739 0.2677,
      3.0328 -0.8126 0.2677,
      3.0921 -0.5452 0.2677,
      3.1278 -0.2736 0.2677,
      3.1398 0.0000 10.1417,
      3.1278 0.2736 10.1417,
      3.0921 0.5452 10.1417,
      3.0328 0.8126 10.1417,
      2.9504 1.0739 10.1417,
      2.8456 1.3269 10.1417,
      2.7191 1.5699 10.1417,
      2.5719 1.8009 10.1417,
      2.4052 2.0182 10.1417,
      2.2201 2.2201 10.1417,
      2.0182 2.4052 10.1417,
      1.8009 2.5719 10.1417,
      1.5699 2.7191 10.1417,
      1.3269 2.8456 10.1417,
      1.0739 2.9504 10.1417,
      0.8126 3.0328 10.1417,
      0.5452 3.0921 10.1417,
      0.2736 3.1278 10.1417,
      0.0000 3.1398 10.1417,
      -0.2736 3.1278 10.1417,
      -0.5452 3.0921 10.1417,
      -0.8126 3.0328 10.1417,
      -1.0739 2.9504 10.1417,
      -1.3269 2.8456 10.1417,
      -1.5699 2.7191 10.1417,
      -1.8009 2.5719 10.1417,
      -2.0182 2.4052 10.1417,
      -2.2201 2.2201 10.1417,
      -2.4052 2.0182 10.1417,
      -2.5719 1.8009 10.1417,
      -2.7191 1.5699 10.1417,
      -2.8456 1.3269 10.1417,
      -2.9504 1.0739 10.1417,
      -3.0328 0.8126 10.1417,
      -3.0921 0.5452 10.1417,
      -3.1278 0.2736 10.1417,
      -3.1398 0.0000 10.1417,
      -3.1278 -0.2736 10.1417,
      -3.0921 -0.5452 10.1417,
      -3.0328 -0.8126 10.1417,
      -2.9504 -1.0739 10.1417,
      -2.8456 -1.3269 10.1417,
      -2.7191 -1.5699 10.1417,
      -2.5719 -1.8009 10.1417,
      -2.4052 -2.0182 10.1417,
      -2.2201 -2.2201 10.1417,
      -2.0182 -2.4052 10.1417,
      -1.8009 -2.5719 10.1417,
      -1.5699 -2.7191 10.1417,
      -1.3269 -2.8456 10.1417,
      -1.0739 -2.9504 10.1417,
      -0.8126 -3.0328 10.1417,
      -0.5452 -3.0921 10.1417,
      -0.2736 -3.1278 10.1417,
      -0.0000 -3.1398 10.1417,
      0.2736 -3.1278 10.1417,
      0.5452 -3.0921 10.1417,
      0.8126 -3.0328 10.1417,
      1.0739 -2.9504 10.1417,
      1.3269 -2.8456 10.1417,
      1.5699 -2.7191 10.1417,
      1.8009 -2.5719 10.1417,
      2.0182 -2.4052 10.1417,
      2.2201 -2.2201 10.1417,
      2.4052 -2.0182 10.1417,
      2.5719 -1.8009 10.1417,
      2.7191 -1.5699 10.1417,
      2.8456 -1.3269 10.1417,
      2.9504 -1.0739 10.1417,
      3.0328 -0.8126 10.1417,
      3.0921 -0.5452 10.1417,
      3.1278 -0.2736 10.1417,
      3.1327 0.0000 10.2165,
      3.1208 0.2730 10.2165,
      3.0851 0.5440 10.2165,
      3.0259 0.8108 10.2165,
      2.9438 1.0714 10.2165,
      2.8392 1.3239 10.2165,
      2.7130 1.5663 10.2165,
      2.5661 1.7968 10.2165,
      2.3998 2.0136 10.2165,
      2.2151 2.2151 10.2165,
      2.0136 2.3998 10.2165,
      1.7968 2.5661 10.2165,
      1.5663 2.7130 10.2165,
      1.3239 2.8392 10.2165,
      1.0714 2.9438 10.2165,
      0.8108 3.0259 10.2165,
      0.5440 3.0851 10.2165,
      0.2730 3.1208 10.2165,
      0.0000 3.1327 10.2165,
      -0.2730 3.1208 10.2165,
      -0.5440 3.0851 10.2165,
      -0.8108 3.0259 10.2165,
      -1.0714 2.9438 10.2165,
      -1.3239 2.8392 10.2165,
      -1.5663 2.7130 10.2165,
      -1.7968 2.5661 10.2165,
      -2.0136 2.3998 10.2165,
      -2.2151 2.2151 10.2165,
      -2.3998 2.0136 10.2165,
      -2.5661 1.7968 10.2165,
      -2.7130 1.5663 10.2165,
      -2.8392 1.3239 10.2165,
      -2.9438 1.0714 10.2165,
      -3.0259 0.8108 10.2165,
      -3.0851 0.5440 10.2165,
      -3.1208 0.2730 10.2165,
      -3.1327 0.0000 10.2165,
      -3.1208 -0.2730 10.2165,
      -3.0851 -0.5440 10.2165,
      -3.0259 -0.8108 10.2165,
      -2.9438 -1.0714 10.2165,
      -2.8392 -1.3239 10.2165,
      -2.7130 -1.5663 10.2165,
      -2.5661 -1.7968 10.2165,
      -2.3998 -2.0136 10.2165,
      -2.2151 -2.2151 10.2165,
      -2.0136 -2.3998 10.2165,
      -1.7968 -2.5661 10.2165,
      -1.5663 -2.7130 10.2165,
      -1.3239 -2.8392 10.2165,
      -1.0714 -2.9438 10.2165,
      -0.8108 -3.0259 10.2165,
      -0.5440 -3.0851 10.2165,
      -0.2730 -3.1208 10.2165,
      -0.0000 -3.1327 10.2165,
      0.2730 -3.1208 10.2165,
      0.5440 -3.0851 10.2165,
      0.8108 -3.0259 10.2165,
      1.0714 -2.9438 10.2165,
      1.3239 -2.8392 10.2165,
      1.5663 -2.7130 10.2165,
      1.7968 -2.5661 10.2165,
      2.0136 -2.3998 10.2165,
      2.2151 -2.2151 10.2165,
      2.3998 -2.0136 10.2165,
      2.5661 -1.7968 10.2165,
      2.7130 -1.5663 10.2165,
      2.8392 -1.3239 10.2165,
      2.9438 -1.0714 10.2165,
      3.0259 -0.8108 10.2165,
      3.0851 -0.5440 10.2165,
      3.1208 -0.2730 10.2165,
      3.1043 0.0000 10.2835,
      3.0925 0.2706 10.2835,
      3.0572 0.5391 10.2835,
      2.9986 0.8035 10.2835,
      2.9171 1.0617 10.2835,
      2.8135 1.3119 10.2835,
      2.6884 1.5522 10.2835,
      2.5429 1.7806 10.2835,
      2.3781 1.9954 10.2835,
      2.1951 2.1951 10.2835,
      1.9954 2.3781 10.2835,
      1.7806 2.5429 10.2835,
      1.5522 2.6884 10.2835,
      1.3119 2.8135 10.2835,
      1.0617 2.9171 10.2835,
      0.8035 2.9986 10.2835,
      0.5391 3.0572 10.2835,
      0.2706 3.0925 10.2835,
      0.0000 3.1043 10.2835,
      -0.2706 3.0925 10.2835,
      -0.5391 3.0572 10.2835,
      -0.8035 2.9986 10.2835,
      -1.0617 2.9171 10.2835,
      -1.3119 2.8135 10.2835,
      -1.5522 2.6884 10.2835,
      -1.7806 2.5429 10.2835,
      -1.9954 2.3781 10.2835,
      -2.1951 2.1951 10.2835,
      -2.3781 1.9954 10.2835,
      -2.5429 1.7806 10.2835,
      -2.6884 1.5522 10.2835,
      -2.8135 1.3119 10.2835,
      -2.9171 1.0617 10.2835,
      -2.9986 0.8035 10.2835,
      -3.0572 0.5391 10.2835,
      -3.0925 0.2706 10.2835,
      -3.1043 0.0000 10.2835,
      -3.0925 -0.2706 10.2835,
      -3.0572 -0.5391 10.2835,
      -2.9986 -0.8035 10.2835,
      -2.9171 -1.0617 10.2835,
      -2.8135 -1.3119 10.2835,
      -2.6884 -1.5522 10.2835,
      -2.5429 -1.7806 10.2835,
      -2.3781 -1.9954 10.2835,
      -2.1951 -2.1951 10.2835,
      -1.9954 -2.3781 10.2835,
      -1.7806 -2.5429 10.2835,
      -1.5522 -2.6884 10.2835,
      -1.3119 -2.8135 10.2835,
      -1.0617 -2.9171 10.2835,
      -0.8035 -2.9986 10.2835,
      -0.5391 -3.0572 10.2835,
      -0.2706 -3.0925 10.2835,
      -0.0000 -3.1043 10.2835,
      0.2706 -3.0925 10.2835,
      0.5391 -3.0572 10.2835,
      0.8035 -2.9986 10.2835,
      1.0617 -2.9171 10.2835,
      1.3119 -2.8135 10.2835,
      1.5522 -2.6884 10.2835,
      1.7806 -2.5429 10.2835,
      1.9954 -2.3781 10.2835,
      2.1951 -2.1951 10.2835,
      2.3781 -1.9954 10.2835,
      2.5429 -1.7806 10.2835,
      2.6884 -1.5522 10.2835,
      2.8135 -1.3119 10.2835,
      2.9171 -1.0617 10.2835,
      2.9986 -0.8035 10.2835,
      3.0572 -0.5391 10.2835,
      3.0925 -0.2706 10.2835,
      3.0492 0.0000 10.3583,
      3.0376 0.2658 10.3583,
      3.0029 0.5295 10.3583,
      2.9453 0.7892 10.3583,
      2.8653 1.0429 10.3583,
      2.7635 1.2887 10.3583,
      2.6407 1.5246 10.3583,
      2.4978 1.7490 10.3583,
      2.3358 1.9600 10.3583,
      2.1561 2.1561 10.3583,
      1.9600 2.3358 10.3583,
      1.7490 2.4978 10.3583,
      1.5246 2.6407 10.3583,
      1.2887 2.7635 10.3583,
      1.0429 2.8653 10.3583,
      0.7892 2.9453 10.3583,
      0.5295 3.0029 10.3583,
      0.2658 3.0376 10.3583,
      0.0000 3.0492 10.3583,
      -0.2658 3.0376 10.3583,
      -0.5295 3.0029 10.3583,
      -0.7892 2.9453 10.3583,
      -1.0429 2.8653 10.3583,
      -1.2887 2.7635 10.3583,
      -1.5246 2.6407 10.3583,
      -1.7490 2.4978 10.3583,
      -1.9600 2.3358 10.3583,
      -2.1561 2.1561 10.3583,
      -2.3358 1.9600 10.3583,
      -2.4978 1.7490 10.3583,
      -2.6407 1.5246 10.3583,
      -2.7635 1.2887 10.3583,
      -2.8653 1.0429 10.3583,
      -2.9453 0.7892 10.3583,
      -3.0029 0.5295 10.3583,
      -3.0376 0.2658 10.3583,
      -3.0492 0.0000 10.3583,
      -3.0376 -0.2658 10.3583,
      -3.0029 -0.5295 10.3583,
      -2.9453 -0.7892 10.3583,
      -2.8653 -1.0429 10.3583,
      -2.7635 -1.2887 10.3583,
      -2.6407 -1.5246 10.3583,
      -2.4978 -1.7490 10.3583,
      -2.3358 -1.9600 10.3583,
      -2.1561 -2.1561 10.3583,
      -1.9600 -2.3358 10.3583,
      -1.7490 -2.4978 10.3583,
      -1.5246 -2.6407 10.3583,
      -1.2887 -2.7635 10.3583,
      -1.0429 -2.8653 10.3583,
      -0.7892 -2.9453 10.3583,
      -0.5295 -3.0029 10.3583,
      -0.2658 -3.0376 10.3583,
      -0.0000 -3.0492 10.3583,
      0.2658 -3.0376 10.3583,
      0.5295 -3.0029 10.3583,
      0.7892 -2.9453 10.3583,
      1.0429 -2.8653 10.3583,
      1.2887 -2.7635 10.3583,
      1.5246 -2.6407 10.3583,
      1.7490 -2.4978 10.3583,
      1.9600 -2.3358 10.3583,
      2.1561 -2.1561 10.3583,
      2.3358 -1.9600 10.3583,
      2.4978 -1.7490 10.3583,
      2.6407 -1.5246 10.3583,
      2.7635 -1.2887 10.3583,
      2.8653 -1.0429 10.3583,
      2.9453 -0.7892 10.3583,
      3.0029 -0.5295 10.3583,
      3.0376 -0.2658 10.3583,
      2.9783 0.0000 10.4114,
      2.9670 0.2596 10.4114,
      2.9331 0.5172 10.4114,
      2.8769 0.7709 10.4114,
      2.7987 1.0187 10.4114,
      2.6993 1.2587 10.4114,
      2.5793 1.4892 10.4114,
      2.4397 1.7083 10.4114,
      2.2815 1.9144 10.4114,
      2.1060 2.1060 10.4114,
      1.9144 2.2815 10.4114,
      1.7083 2.4397 10.4114,
      1.4892 2.5793 10.4114,
      1.2587 2.6993 10.4114,
      1.0187 2.7987 10.4114,
      0.7709 2.8769 10.4114,
      0.5172 2.9331 10.4114,
      0.2596 2.9670 10.4114,
      0.0000 2.9783 10.4114,
      -0.2596 2.9670 10.4114,
      -0.5172 2.9331 10.4114,
      -0.7709 2.8769 10.4114,
      -1.0187 2.7987 10.4114,
      -1.2587 2.6993 10.4114,
      -1.4892 2.5793 10.4114,
      -1.7083 2.4397 10.4114,
      -1.9144 2.2815 10.4114,
      -2.1060 2.1060 10.4114,
      -2.2815 1.9144 10.4114,
      -2.4397 1.7083 10.4114,
      -2.5793 1.4892 10.4114,
      -2.6993 1.2587 10.4114,
      -2.7987 1.0187 10.4114,
      -2.8769 0.7709 10.4114,
      -2.9331 0.5172 10.4114,
      -2.9670 0.2596 10.4114,
      -2.9783 0.0000 10.4114,
      -2.9670 -0.2596 10.4114,
      -2.9331 -0.5172 10.4114,
      -2.8769 -0.7709 10.4114,
      -2.7987 -1.0187 10.4114,
      -2.6993 -1.2587 10.4114,
      -2.5793 -1.4892 10.4114,
      -2.4397 -1.7083 10.4114,
      -2.2815 -1.9144 10.4114,
      -2.1060 -2.1060 10.4114,
      -1.9144 -2.2815 10.4114,
      -1.7083 -2.4397 10.4114,
      -1.4892 -2.5793 10.4114,
      -1.2587 -2.6993 10.4114,
      -1.0187 -2.7987 10.4114,
      -0.7709 -2.8769 10.4114,
      -0.5172 -2.9331 10.4114,
      -0.2596 -2.9670 10.4114,
      -0.0000 -2.9783 10.4114,
      0.2596 -2.9670 10.4114,
      0.5172 -2.9331 10.4114,
      0.7709 -2.8769 10.4114,
      1.0187 -2.7987 10.4114,
      1.2587 -2.6993 10.4114,
      1.4892 -2.5793 10.4114,
      1.7083 -2.4397 10.4114,
      1.9144 -2.2815 10.4114,
      2.1060 -2.1060 10.4114,
      2.2815 -1.9144 10.4114,
      2.4397 -1.7083 10.4114,
      2.5793 -1.4892 10.4114,
      2.6993 -1.2587 10.4114,
      2.7987 -1.0187 10.4114,
      2.8769 -0.7709 10.4114,
      2.9331 -0.5172 10.4114,
      2.9670 -0.2596 10.4114,
      2.9154 0.0000 10.4331,
      2.9043 0.2541 10.4331,
      2.8711 0.5062 10.4331,
      2.8160 0.7545 10.4331,
      2.7395 0.9971 10.4331,
      2.6422 1.2321 10.4331,
      2.5248 1.4577 10.4331,
      2.3881 1.6722 10.4331,
      2.2333 1.8740 10.4331,
      2.0615 2.0615 10.4331,
      1.8740 2.2333 10.4331,
      1.6722 2.3881 10.4331,
      1.4577 2.5248 10.4331,
      1.2321 2.6422 10.4331,
      0.9971 2.7395 10.4331,
      0.7545 2.8160 10.4331,
      0.5062 2.8711 10.4331,
      0.2541 2.9043 10.4331,
      0.0000 2.9154 10.4331,
      -0.2541 2.9043 10.4331,
      -0.5062 2.8711 10.4331,
      -0.7545 2.8160 10.4331,
      -0.9971 2.7395 10.4331,
      -1.2321 2.6422 10.4331,
      -1.4577 2.5248 10.4331,
      -1.6722 2.3881 10.4331,
      -1.8740 2.2333 10.4331,
      -2.0615 2.0615 10.4331,
      -2.2333 1.8740 10.4331,
      -2.3881 1.6722 10.4331,
      -2.5248 1.4577 10.4331,
      -2.6422 1.2321 10.4331,
      -2.7395 0.9971 10.4331,
      -2.8160 0.7545 10.4331,
      -2.8711 0.5062 10.4331,
      -2.9043 0.2541 10.4331,
      -2.9154 0.0000 10.4331,
      -2.9043 -0.2541 10.4331,
      -2.8711 -0.5062 10.4331,
      -2.8160 -0.7545 10.4331,
      -2.7395 -0.9971 10.4331,
      -2.6422 -1.2321 10.4331,
      -2.5248 -1.4577 10.4331,
      -2.3881 -1.6722 10.4331,
      -2.2333 -1.8740 10.4331,
      -2.0615 -2.0615 10.4331,
      -1.8740 -2.2333 10.4331,
      -1.6722 -2.3881 10.4331,
      -1.4577 -2.5248 10.4331,
      -1.2321 -2.6422 10.4331,
      -0.9971 -2.7395 10.4331,
      -0.7545 -2.8160 10.4331,
      -0.5062 -2.8711 10.4331,
      -0.2541 -2.9043 10.4331,
      -0.0000 -2.9154 10.4331,
      0.2541 -2.9043 10.4331,
      0.5062 -2.8711 10.4331,
      0.7545 -2.8160 10.4331,
      0.9971 -2.7395 10.4331,
      1.2321 -2.6422 10.4331,
      1.4577 -2.5248 10.4331,
      1.6722 -2.3881 10.4331,
      1.8740 -2.2333 10.4331,
      2.0615 -2.0615 10.4331,
      2.2333 -1.8740 10.4331,
      2.3881 -1.6722 10.4331,
      2.5248 -1.4577 10.4331,
      2.6422 -1.2321 10.4331,
      2.7395 -0.9971 10.4331,
      2.8160 -0.7545 10.4331,
      2.8711 -0.5062 10.4331,
      2.9043 -0.2541 10.4331,
      2.8681 0.0000 10.4193,
      2.8572 0.2500 10.4193,
      2.8245 0.4980 10.4193,
      2.7704 0.7423 10.4193,
      2.6951 0.9810 10.4193,
      2.5994 1.2121 10.4193,
      2.4839 1.4341 10.4193,
      2.3494 1.6451 10.4193,
      2.1971 1.8436 10.4193,
      2.0281 2.0281 10.4193,
      1.8436 2.1971 10.4193,
      1.6451 2.3494 10.4193,
      1.4341 2.4839 10.4193,
      1.2121 2.5994 10.4193,
      0.9810 2.6951 10.4193,
      0.7423 2.7704 10.4193,
      0.4980 2.8245 10.4193,
      0.2500 2.8572 10.4193,
      0.0000 2.8681 10.4193,
      -0.2500 2.8572 10.4193,
      -0.4980 2.8245 10.4193,
      -0.7423 2.7704 10.4193,
      -0.9810 2.6951 10.4193,
      -1.2121 2.5994 10.4193,
      -1.4341 2.4839 10.4193,
      -1.6451 2.3494 10.4193,
      -1.8436 2.1971 10.4193,
      -2.0281 2.0281 10.4193,
      -2.1971 1.8436 10.4193,
      -2.3494 1.6451 10.4193,
      -2.4839 1.4341 10.4193,
      -2.5994 1.2121 10.4193,
      -2.6951 0.9810 10.4193,
      -2.7704 0.7423 10.4193,
      -2.8245 0.4980 10.4193,
      -2.8572 0.2500 10.4193,
      -2.8681 0.0000 10.4193,
      -2.8572 -0.2500 10.4193,
      -2.8245 -0.4980 10.4193,
      -2.7704 -0.7423 10.4193,
      -2.6951 -0.9810 10.4193,
      -2.5994 -1.2121 10.4193,
      -2.4839 -1.4341 10.4193,
      -2.3494 -1.6451 10.4193,
      -2.1971 -1.8436 10.4193,
      -2.0281 -2.0281 10.4193,
      -1.8436 -2.1971 10.4193,
      -1.6451 -2.3494 10.4193,
      -1.4341 -2.4839 10.4193,
      -1.2121 -2.5994 10.4193,
      -0.9810 -2.6951 10.4193,
      -0.7423 -2.7704 10.4193,
      -0.4980 -2.8245 10.4193,
      -0.2500 -2.8572 10.4193,
      -0.0000 -2.8681 10.4193,
      0.2500 -2.8572 10.4193,
      0.4980 -2.8245 10.4193,
      0.7423 -2.7704 10.4193,
      0.9810 -2.6951 10.4193,
      1.2121 -2.5994 10.4193,
      1.4341 -2.4839 10.4193,
      1.6451 -2.3494 10.4193,
      1.8436 -2.1971 10.4193,
      2.0281 -2.0281 10.4193,
      2.1971 -1.8436 10.4193,
      2.3494 -1.6451 10.4193,
      2.4839 -1.4341 10.4193,
      2.5994 -1.2121 10.4193,
      2.6951 -0.9810 10.4193,
      2.7704 -0.7423 10.4193,
      2.8245 -0.4980 10.4193,
      2.8572 -0.2500 10.4193,
      2.8563 0.0000 10.3780,
      2.8454 0.2489 10.3780,
      2.8129 0.4960 10.3780,
      2.7590 0.7393 10.3780,
      2.6840 0.9769 10.3780,
      2.5887 1.2071 10.3780,
      2.4736 1.4281 10.3780,
      2.3397 1.6383 10.3780,
      2.1881 1.8360 10.3780,
      2.0197 2.0197 10.3780,
      1.8360 2.1881 10.3780,
      1.6383 2.3397 10.3780,
      1.4281 2.4736 10.3780,
      1.2071 2.5887 10.3780,
      0.9769 2.6840 10.3780,
      0.7393 2.7590 10.3780,
      0.4960 2.8129 10.3780,
      0.2489 2.8454 10.3780,
      0.0000 2.8563 10.3780,
      -0.2489 2.8454 10.3780,
      -0.4960 2.8129 10.3780,
      -0.7393 2.7590 10.3780,
      -0.9769 2.6840 10.3780,
      -1.2071 2.5887 10.3780,
      -1.4281 2.4736 10.3780,
      -1.6383 2.3397 10.3780,
      -1.8360 2.1881 10.3780,
      -2.0197 2.0197 10.3780,
      -2.1881 1.8360 10.3780,
      -2.3397 1.6383 10.3780,
      -2.4736 1.4281 10.3780,
      -2.5887 1.2071 10.3780,
      -2.6840 0.9769 10.3780,
      -2.7590 0.7393 10.3780,
      -2.8129 0.4960 10.3780,
      -2.8454 0.2489 10.3780,
      -2.8563 0.0000 10.3780,
      -2.8454 -0.2489 10.3780,
      -2.8129 -0.4960 10.3780,
      -2.7590 -0.7393 10.3780,
      -2.6840 -0.9769 10.3780,
      -2.5887 -1.2071 10.3780,
      -2.4736 -1.4281 10.3780,
      -2.3397 -1.6383 10.3780,
      -2.1881 -1.8360 10.3780,
      -2.0197 -2.0197 10.3780,
      -1.8360 -2.1881 10.3780,
      -1.6383 -2.3397 10.3780,
      -1.4281 -2.4736 10.3780,
      -1.2071 -2.5887 10.3780,
      -0.9769 -2.6840 10.3780,
      -0.7393 -2.7590 10.3780,
      -0.4960 -2.8129 10.3780,
      -0.2489 -2.8454 10.3780,
      -0.0000 -2.8563 10.3780,
      0.2489 -2.8454 10.3780,
      0.4960 -2.8129 10.3780,
      0.7393 -2.7590 10.3780,
      0.9769 -2.6840 10.3780,
      1.2071 -2.5887 10.3780,
      1.4281 -2.4736 10.3780,
      1.6383 -2.3397 10.3780,
      1.8360 -2.1881 10.3780,
      2.0197 -2.0197 10.3780,
      2.1881 -1.8360 10.3780,
      2.3397 -1.6383 10.3780,
      2.4736 -1.4281 10.3780,
      2.5887 -1.2071 10.3780,
      2.6840 -0.9769 10.3780,
      2.7590 -0.7393 10.3780,
      2.8129 -0.4960 10.3780,
      2.8454 -0.2489 10.3780,
      2.8563 0.0000 10.3268,
      2.8454 0.2489 10.3268,
      2.8129 0.4960 10.3268,
      2.7590 0.7393 10.3268,
      2.6840 0.9769 10.3268,
      2.5887 1.2071 10.3268,
      2.4736 1.4281 10.3268,
      2.3397 1.6383 10.3268,
      2.1881 1.8360 10.3268,
      2.0197 2.0197 10.3268,
      1.8360 2.1881 10.3268,
      1.6383 2.3397 10.3268,
      1.4281 2.4736 10.3268,
      1.2071 2.5887 10.3268,
      0.9769 2.6840 10.3268,
      0.7393 2.7590 10.3268,
      0.4960 2.8129 10.3268,
      0.2489 2.8454 10.3268,
      0.0000 2.8563 10.3268,
      -0.2489 2.8454 10.3268,
      -0.4960 2.8129 10.3268,
      -0.7393 2.7590 10.3268,
      -0.9769 2.6840 10.3268,
      -1.2071 2.5887 10.3268,
      -1.4281 2.4736 10.3268,
      -1.6383 2.3397 10.3268,
      -1.8360 2.1881 10.3268,
      -2.0197 2.0197 10.3268,
      -2.1881 1.8360 10.3268,
      -2.3397 1.6383 10.3268,
      -2.4736 1.4281 10.3268,
      -2.5887 1.2071 10.3268,
      -2.6840 0.9769 10.3268,
      -2.7590 0.7393 10.3268,
      -2.8129 0.4960 10.3268,
      -2.8454 0.2489 10.3268,
      -2.8563 0.0000 10.3268,
      -2.8454 -0.2489 10.3268,
      -2.8129 -0.4960 10.3268,
      -2.7590 -0.7393 10.3268,
      -2.6840 -0.9769 10.3268,
      -2.5887 -1.2071 10.3268,
      -2.4736 -1.4281 10.3268,
      -2.3397 -1.6383 10.3268,
      -2.1881 -1.8360 10.3268,
      -2.0197 -2.0197 10.3268,
      -1.8360 -2.1881 10.3268,
      -1.6383 -2.3397 10.3268,
      -1.4281 -2.4736 10.3268,
      -1.2071 -2.5887 10.3268,
      -0.9769 -2.6840 10.3268,
      -0.7393 -2.7590 10.3268,
      -0.4960 -2.8129 10.3268,
      -0.2489 -2.8454 10.3268,
      -0.0000 -2.8563 10.3268,
      0.2489 -2.8454 10.3268,
      0.4960 -2.8129 10.3268,
      0.7393 -2.7590 10.3268,
      0.9769 -2.6840 10.3268,
      1.2071 -2.5887 10.3268,
      1.4281 -2.4736 10.3268,
      1.6383 -2.3397 10.3268,
      1.8360 -2.1881 10.3268,
      2.0197 -2.0197 10.3268,
      2.1881 -1.8360 10.3268,
      2.3397 -1.6383 10.3268,
      2.4736 -1.4281 10.3268,
      2.5887 -1.2071 10.3268,
      2.6840 -0.9769 10.3268,
      2.7590 -0.7393 10.3268,
      2.8129 -0.4960 10.3268,
      2.8454 -0.2489 10.3268,
      0.0000 0.0000 0.0945,
      0.0000 0.0000 10.3268
  ] }
  coordIndex [
      0, 1, 73, 72, -1,
      1, 2, 74, 73, -1,
      2, 3, 75, 74, -1,
      3, 4, 76, 75, -1,
      4, 5, 77, 76, -1,
      5, 6, 78, 77, -1,
      6, 7, 79, 78, -1,
      7, 8, 80, 79, -1,
      8, 9, 81, 80, -1,
      9, 10, 82, 81, -1,
      10, 11, 83, 82, -1,
      11, 12, 84, 83, -1,
      12, 13, 85, 84, -1,
      13, 14, 86, 85, -1,
      14, 15, 87, 86, -1,
      15, 16, 88, 87, -1,
      16, 17, 89, 88, -1,
      17, 18, 90, 89, -1,
      18, 19, 91, 90, -1,
      19, 20, 92, 91, -1,
      20, 21, 93, 92, -1,
      21, 22, 94, 93, -1,
      22, 23, 95, 94, -1,
      23, 24, 96, 95, -1,
      24, 25, 97, 96, -1,
      25, 26, 98, 97, -1,
      26, 27, 99, 98, -1,
      27, 28, 100, 99, -1,
      28, 29, 101, 100, -1,
      29, 30, 102, 101, -1,
      30, 31, 103, 102, -1,
      31, 32, 104, 103, -1,
      32, 33, 105, 104, -1,
      33, 34, 106, 105, -1,
      34, 35, 107, 106, -1,
      35, 36, 108, 107, -1,
      36, 37, 109, 108, -1,
      37, 38, 110, 109, -1,
      38, 39, 111, 110, -1,
      39, 40, 112, 111, -1,
      40, 41, 113, 112, -1,
      41, 42, 114, 113, -1,
      42, 43, 115, 114, -1,
      43, 44, 116, 115, -1,
      44, 45, 117, 116, -1,
      45, 46, 118, 117, -1,
      46, 47, 119, 118, -1,
      47, 48, 120, 119, -1,
      48, 49, 121, 120, -1,
      49, 50, 122, 121, -1,
      50, 51, 123, 122, -1,
      51, 52, 124, 123, -1,
      52, 53, 125, 124, -1,
      53, 54, 126, 125, -1,
      54, 55, 127, 126, -1,
      55, 56, 128, 127, -1,
      56, 57, 129, 128, -1,
      57, 58, 130, 129, -1,
      58, 59, 131, 130, -1,
      59, 60, 132, 131, -1,
      60, 61, 133, 132, -1,
      61, 62, 134, 133, -1,
      62, 63, 135, 134, -1,
      63, 64, 136, 135, -1,
      64, 65, 137, 136, -1,
      65, 66, 138, 137, -1,
      66, 67, 139, 138, -1,
      67, 68, 140, 139, -1,
      68, 69, 141, 140, -1,
      69, 70, 142, 141, -1,
      70, 71, 143, 142, -1,
      71, 0, 72, 143, -1,
      72, 73, 145, 144, -1,
      73, 74, 146, 145, -1,
      74, 75, 147, 146, -1,
      75, 76, 148, 147, -1,
      76, 77, 149, 148, -1,
      77, 78, 150, 149, -1,
      78, 79, 151, 150, -1,
      79, 80, 152, 151, -1,
      80, 81, 153, 152, -1,
      81, 82, 154, 153, -1,
      82, 83, 155, 154, -1,
      83, 84, 156, 155, -1,
      84, 85, 157, 156, -1,
      85, 86, 158, 157, -1,
      86, 87, 159, 158, -1,
      87, 88, 160, 159, -1,
      88, 89, 161, 160, -1,
      89, 90, 162, 161, -1,
      90, 91, 163, 162, -1,
      91, 92, 164, 163, -1,
      92, 93, 165, 164, -1,
      93, 94, 166, 165, -1,
      94, 95, 167, 166, -1,
      95, 96, 168, 167, -1,
      96, 97, 169, 168, -1,
      97, 98, 170, 169, -1,
      98, 99, 171, 170, -1,
      99, 100, 172, 171, -1,
      100, 101, 173, 172, -1,
      101, 102, 174, 173, -1,
      102, 103, 175, 174, -1,
      103, 104, 176, 175, -1,
      104, 105, 177, 176, -1,
      105, 106, 178, 177, -1,
      106, 107, 179, 178, -1,
      107, 108, 180, 179, -1,
      108, 109, 181, 180, -1,
      109, 110, 182, 181, -1,
      110, 111, 183, 182, -1,
      111, 112, 184, 183, -1,
      112, 113, 185, 184, -1,
      113, 114, 186, 185, -1,
      114, 115, 187, 186, -1,
      115, 116, 188, 187, -1,
      116, 117, 189, 188, -1,
      117, 118, 190, 189, -1,
      118, 119, 191, 190, -1,
      119, 120, 192, 191, -1,
      120, 121, 193, 192, -1,
      121, 122, 194, 193, -1,
      122, 123, 195, 194, -1,
      123, 124, 196, 195, -1,
      124, 125, 197, 196, -1,
      125, 126, 198, 197, -1,
      126, 127, 199, 198, -1,
      127, 128, 200, 199, -1,
      128, 129, 201, 200, -1,
      129, 130, 202, 201, -1,
      130, 131, 203, 202, -1,
      131, 132, 204, 203, -1,
      132, 133, 205, 204, -1,
      133, 134, 206, 205, -1,
      134, 135, 207, 206, -1,
      135, 136, 208, 207, -1,
      136, 137, 209, 208, -1,
      137, 138, 210, 209, -1,
      138, 139, 211, 210, -1,
      139, 140, 212, 211, -1,
      140, 141, 213, 212, -1,
      141, 142, 214, 213, -1,
      142, 143, 215, 214, -1,
      143, 72, 144, 215, -1,
      144, 145, 217, 216, -1,
      145, 146, 218, 217, -1,
      146, 147, 219, 218, -1,
      147, 148, 220, 219, -1,
      148, 149, 221, 220, -1,
      149, 150, 222, 221, -1,
      150, 151, 223, 222, -1,
      151, 152, 224, 223, -1,
      152, 153, 225, 224, -1,
      153, 154, 226, 225, -1,
      154, 155, 227, 226, -1,
      155, 156, 228, 227, -1,
      156, 157, 229, 228, -1,
      157, 158, 230, 229, -1,
      158, 159, 231, 230, -1,
      159, 160, 232, 231, -1,
      160, 161, 233, 232, -1,
      161, 162, 234, 233, -1,
      162, 163, 235, 234, -1,
      163, 164, 236, 235, -1,
      164, 165, 237, 236, -1,
      165, 166, 238, 237, -1,
      166, 167, 239, 238, -1,
      167, 168, 240, 239, -1,
      168, 169, 241, 240, -1,
      169, 170, 242, 241, -1,
      170, 171, 243, 242, -1,
      171, 172, 244, 243, -1,
      172, 173, 245, 244, -1,
      173, 174, 246, 245, -1,
      174, 175, 247, 246, -1,
      175, 176, 248, 247, -1,
      176, 177, 249, 248, -1,
      177, 178, 250, 249, -1,
      178, 179, 251, 250, -1,
      179, 180, 252, 251, -1,
      180, 181, 253, 252, -1,
      181, 182, 254, 253, -1,
      182, 183, 255, 254, -1,
      183, 184, 256, 255, -1,
      184, 185, 257, 256, -1,
      185, 186, 258, 257, -1,
      186, 187, 259, 258, -1,
      187, 188, 260, 259, -1,
      188, 189, 261, 260, -1,
      189, 190, 262, 261, -1,
      190, 191, 263, 262, -1,
      191, 192, 264, 263, -1,
      192, 193, 265, 264, -1,
      193, 194, 266, 265, -1,
      194, 195, 267, 266, -1,
      195, 196, 268, 267, -1,
      196, 197, 269, 268, -1,
      197, 198, 270, 269, -1,
      198, 199, 271, 270, -1,
      199, 200, 272, 271, -1,
      200, 201, 273, 272, -1,
      201, 202, 274, 273, -1,
      202, 203, 275, 274, -1,
      203, 204, 276, 275, -1,
      204, 205, 277, 276, -1,
      205, 206, 278, 277, -1,
      206, 207, 279, 278, -1,
      207, 208, 280, 279, -1,
      208, 209, 281, 280, -1,
      209, 210, 282, 281, -1,
      210, 211, 283, 282, -1,
      211, 212, 284, 283, -1,
      212, 213, 285, 284, -1,
      213, 214, 286, 285, -1,
      214, 215, 287, 286, -1,
      215, 144, 216, 287, -1,
      216, 217, 289, 288, -1,
      217, 218, 290, 289, -1,
      218, 219, 291, 290, -1,
      219, 220, 292, 291, -1,
      220, 221, 293, 292, -1,
      221, 222, 294, 293, -1,
      222, 223, 295, 294, -1,
      223, 224, 296, 295, -1,
      224, 225, 297, 296, -1,
      225, 226, 298, 297, -1,
      226, 227, 299, 298, -1,
      227, 228, 300, 299, -1,
      228, 229, 301, 300, -1,
      229, 230, 302, 301, -1,
      230, 231, 303, 302, -1,
      231, 232, 304, 303, -1,
      232, 233, 305, 304, -1,
      233, 234, 306, 305, -1,
      234, 235, 307, 306, -1,
      235, 236, 308, 307, -1,
      236, 237, 309, 308, -1,
      237, 238, 310, 309, -1,
      238, 239, 311, 310, -1,
      239, 240, 312, 311, -1,
      240, 241, 313, 312, -1,
      241, 242, 314, 313, -1,
      242, 243, 315, 314, -1,
      243, 244, 316, 315, -1,
      244, 245, 317, 316, -1,
      245, 246, 318, 317, -1,
      246, 247, 319, 318, -1,
      247, 248, 320, 319, -1,
      248, 249, 321, 320, -1,
      249, 250, 322, 321, -1,
      250, 251, 323, 322, -1,
      251, 252, 324, 323, -1,
      252, 253, 325, 324, -1,
      253, 254, 326, 325, -1,
      254, 255, 327, 326, -1,
      255, 256, 328, 327, -1,
      256, 257, 329, 328, -1,
      257, 258, 330, 329, -1,
      258, 259, 331, 330, -1,
      259, 260, 332, 331, -1,
      260, 261, 333, 332, -1,
      261, 262, 334, 333, -1,
      262, 263, 335, 334, -1,
      263, 264, 336, 335, -1,
      264, 265, 337, 336, -1,
      265, 266, 338, 337, -1,
      266, 267, 339, 338, -1,
      267, 268, 340, 339, -1,
      268, 269, 341, 340, -1,
      269, 270, 342, 341, -1,
      270, 271, 343, 342, -1,
      271, 272, 344, 343, -1,
      272, 273, 345, 344, -1,
      273, 274, 346, 345, -1,
      274, 275, 347, 346, -1,
      275, 276, 348, 347, -1,
      276, 277, 349, 348, -1,
      277, 278, 350, 349, -1,
      278, 279, 351, 350, -1,
      279, 280, 352, 351, -1,
      280, 281, 353, 352, -1,
      281, 282, 354, 353, -1,
      282, 283, 355, 354, -1,
      283, 284, 356, 355, -1,
      284, 285, 357, 356, -1,
      285, 286, 358, 357, -1,
      286, 287, 359, 358, -1,
      287, 216, 288, 359, -1,
      288, 289, 361, 360, -1,
      289, 290, 362, 361, -1,
      290, 291, 363, 362, -1,
      291, 292, 364, 363, -1,
      292, 293, 365, 364, -1,
      293, 294, 366, 365, -1,
      294, 295, 367, 366, -1,
      295, 296, 368, 367, -1,
      296, 297, 369, 368, -1,
      297, 298, 370, 369, -1,
      298, 299, 371, 370, -1,
      299, 300, 372, 371, -1,
      300, 301, 373, 372, -1,
      301, 302, 374, 373, -1,
      302, 303, 375, 374, -1,
      303, 304, 376, 375, -1,
      304, 305, 377, 376, -1,
      305, 306, 378, 377, -1,
      306, 307, 379, 378, -1,
      307, 308, 380, 379, -1,
      308, 309, 381, 380, -1,
      309, 310, 382, 381, -1,
      310, 311, 383, 382, -1,
      311, 312, 384, 383, -1,
      312, 313, 385, 384, -1,
      313, 314, 386, 385, -1,
      314, 315, 387, 386, -1,
      315, 316, 388, 387, -1,
      316, 317, 389, 388, -1,
      317, 318, 390, 389, -1,
      318, 319, 391, 390, -1,
      319, 320, 392, 391, -1,
      320, 321, 393, 392, -1,
      321, 322, 394, 393, -1,
      322, 323, 395, 394, -1,
      323, 324, 396, 395, -1,
      324, 325, 397, 396, -1,
      325, 326, 398, 397, -1,
      326, 327, 399, 398, -1,
      327, 328, 400, 399, -1,
      328, 329, 401, 400, -1,
      329, 330, 402, 401, -1,
      330, 331, 403, 402, -1,
      331, 332, 404, 403, -1,
      332, 333, 405, 404, -1,
      333, 334, 406, 405, -1,
      334, 335, 407, 406, -1,
      335, 336, 408, 407, -1,
      336, 337, 409, 408, -1,
      337, 338, 410, 409, -1,
      338, 339, 411, 410, -1,
      339, 340, 412, 411, -1,
      340, 341, 413, 412, -1,
      341, 342, 414, 413, -1,
      342, 343, 415, 414, -1,
      343, 344, 416, 415, -1,
      344, 345, 417, 416, -1,
      345, 346, 418, 417, -1,
      346, 347, 419, 418, -1,
      347, 348, 420, 419, -1,
      348, 349, 421, 420, -1,
      349, 350, 422, 421, -1,
      350, 351, 423, 422, -1,
      351, 352, 424, 423, -1,
      352, 353, 425, 424, -1,
      353, 354, 426, 425, -1,
      354, 355, 427, 426, -1,
      355, 356, 428, 427, -1,
      356, 357, 429, 428, -1,
      357, 358, 430, 429, -1,
      358, 359, 431, 430, -1,
      359, 288, 360, 431, -1,
      360, 361, 433, 432, -1,
      361, 362, 434, 433, -1,
      362, 363, 435, 434, -1,
      363, 364, 436, 435, -1,
      364, 365, 437, 436, -1,
      365, 366, 438, 437, -1,
      366, 367, 439, 438, -1,
      367, 368, 440, 439, -1,
      368, 369, 441, 440, -1,
      369, 370, 442, 441, -1,
      370, 371, 443, 442, -1,
      371, 372, 444, 443, -1,
      372, 373, 445, 444, -1,
      373, 374, 446, 445, -1,
      374, 375, 447, 446, -1,
      375, 376, 448, 447, -1,
      376, 377, 449, 448, -1,
      377, 378, 450, 449, -1,
      378, 379, 451, 450, -1,
      379, 380, 452, 451, -1,
      380, 381, 453, 452, -1,
      381, 382, 454, 453, -1,
      382, 383, 455, 454, -1,
      383, 384, 456, 455, -1,
      384, 385, 457, 456, -1,
      385, 386, 458, 457, -1,
      386, 387, 459, 458, -1,
      387, 388, 460, 459, -1,
      388, 389, 461, 460, -1,
      389, 390, 462, 461, -1,
      390, 391, 463, 462, -1,
      391, 392, 464, 463, -1,
      392, 393, 465, 464, -1,
      393, 394, 466, 465, -1,
      394, 395, 467, 466, -1,
      395, 396, 468, 467, -1,
      396, 397, 469, 468, -1,
      397, 398, 470, 469, -1,
      398, 399, 471, 470, -1,
      399, 400, 472, 471, -1,
      400, 401, 473, 472, -1,
      401, 402, 474, 473, -1,
      402, 403, 475, 474, -1,
      403, 404, 476, 475, -1,
      404, 405, 477, 476, -1,
      405, 406, 478, 477, -1,
      406, 407, 479, 478, -1,
      407, 408, 480, 479, -1,
      408, 409, 481, 480, -1,
      409, 410, 482, 481, -1,
      410, 411, 483, 482, -1,
      411, 412, 484, 483, -1,
      412, 413, 485, 484, -1,
      413, 414, 486, 485, -1,
      414, 415, 487, 486, -1,
      415, 416, 488, 487, -1,
      416, 417, 489, 488, -1,
      417, 418, 490, 489, -1,
      418, 419, 491, 490, -1,
      419, 420, 492, 491, -1,
      420, 421, 493, 492, -1,
      421, 422, 494, 493, -1,
      422, 423, 495, 494, -1,
      423, 424, 496, 495, -1,
      424, 425, 497, 496, -1,
      425, 426, 498, 497, -1,
      426, 427, 499, 498, -1,
      427, 428, 500, 499, -1,
      428, 429, 501, 500, -1,
      429, 430, 502, 501, -1,
      430, 431, 503, 502, -1,
      431, 360, 432, 503, -1,
      432, 433, 505, 504, -1,
      433, 434, 506, 505, -1,
      434, 435, 507, 506, -1,
      435, 436, 508, 507, -1,
      436, 437, 509, 508, -1,
      437, 438, 510, 509, -1,
      438, 439, 511, 510, -1,
      439, 440, 512, 511, -1,
      440, 441, 513, 512, -1,
      441, 442, 514, 513, -1,
      442, 443, 515, 514, -1,
      443, 444, 516, 515, -1,
      444, 445, 517, 516, -1,
      445, 446, 518, 517, -1,
      446, 447, 519, 518, -1,
      447, 448, 520, 519, -1,
      448, 449, 521, 520, -1,
      449, 450, 522, 521, -1,
      450, 451, 523, 522, -1,
      451, 452, 524, 523, -1,
      452, 453, 525, 524, -1,
      453, 454, 526, 525, -1,
      454, 455, 527, 526, -1,
      455, 456, 528, 527, -1,
      456, 457, 529, 528, -1,
      457, 458, 530, 529, -1,
      458, 459, 531, 530, -1,
      459, 460, 532, 531, -1,
      460, 461, 533, 532, -1,
      461, 462, 534, 533, -1,
      462, 463, 535, 534, -1,
      463, 464, 536, 535, -1,
      464, 465, 537, 536, -1,
      465, 466, 538, 537, -1,
      466, 467, 539, 538, -1,
      467, 468, 540, 539, -1,
      468, 469, 541, 540, -1,
      469, 470, 542, 541, -1,
      470, 471, 543, 542, -1,
      471, 472, 544, 543, -1,
      472, 473, 545, 544, -1,
      473, 474, 546, 545, -1,
      474, 475, 547, 546, -1,
      475, 476, 548, 547, -1,
      476, 477, 549, 548, -1,
      477, 478, 550, 549, -1,
      478, 479, 551, 550, -1,
      479, 480, 552, 551, -1,
      480, 481, 553, 552, -1,
      481, 482, 554, 553, -1,
      482, 483, 555, 554, -1,
      483, 484, 556, 555, -1,
      484, 485, 557, 556, -1,
      485, 486, 558, 557, -1,
      486, 487, 559, 558, -1,
      487, 488, 560, 559, -1,
      488, 489, 561, 560, -1,
      489, 490, 562, 561, -1,
      490, 491, 563, 562, -1,
      491, 492, 564, 563, -1,
      492, 493, 565, 564, -1,
      493, 494, 566, 565, -1,
      494, 495, 567, 566, -1,
      495, 496, 568, 567, -1,
      496, 497, 569, 568, -1,
      497, 498, 570, 569, -1,
      498, 499, 571, 570, -1,
      499, 500, 572, 571, -1,
      500, 501, 573, 572, -1,
      501, 502, 574, 573, -1,
      502, 503, 575, 574, -1,
      503, 432, 504, 575, -1,
      504, 505, 577, 576, -1,
      505, 506, 578, 577, -1,
      506, 507, 579, 578, -1,
      507, 508, 580, 579, -1,
      508, 509, 581, 580, -1,
      509, 510, 582, 581, -1,
      510, 511, 583, 582, -1,
      511, 512, 584, 583, -1,
      512, 513, 585, 584, -1,
      513, 514, 586, 585, -1,
      514, 515, 587, 586, -1,
      515, 516, 588, 587, -1,
      516, 517, 589, 588, -1,
      517, 518, 590, 589, -1,
      518, 519, 591, 590, -1,
      519, 520, 592, 591, -1,
      520, 521, 593, 592, -1,
      521, 522, 594, 593, -1,
      522, 523, 595, 594, -1,
      523, 524, 596, 595, -1,
      524, 525, 597, 596, -1,
      525, 526, 598, 597, -1,
      526, 527, 599, 598, -1,
      527, 528, 600, 599, -1,
      528, 529, 601, 600, -1,
      529, 530, 602, 601, -1,
      530, 531, 603, 602, -1,
      531, 532, 604, 603, -1,
      532, 533, 605, 604, -1,
      533, 534, 606, 605, -1,
      534, 535, 607, 606, -1,
      535, 536, 608, 607, -1,
      536, 537, 609, 608, -1,
      537, 538, 610, 609, -1,
      538, 539, 611, 610, -1,
      539, 540, 612, 611, -1,
      540, 541, 613, 612, -1,
      541, 542, 614, 613, -1,
      542, 543, 615, 614, -1,
      543, 544, 616, 615, -1,
      544, 545, 617, 616, -1,
      545, 546, 618, 617, -1,
      546, 547, 619, 618, -1,
      547, 548, 620, 619, -1,
      548, 549, 621, 620, -1,
      549, 550, 622, 621, -1,
      550, 551, 623, 622, -1,
      551, 552, 624, 623, -1,
      552, 553, 625, 624, -1,
      553, 554, 626, 625, -1,
      554, 555, 627, 626, -1,
      555, 556, 628, 627, -1,
      556, 557, 629, 628, -1,
      557, 558, 630, 629, -1,
      558, 559, 631, 630, -1,
      559, 560, 632, 631, -1,
      560, 561, 633, 632, -1,
      561, 562, 634, 633, -1,
      562, 563, 635, 634, -1,
      563, 564, 636, 635, -1,
      564, 565, 637, 636, -1,
      565, 566, 638, 637, -1,
      566, 567, 639, 638, -1,
      567, 568, 640, 639, -1,
      568, 569, 641, 640, -1,
      569, 570, 642, 641, -1,
      570, 571, 643, 642, -1,
      571, 572, 644, 643, -1,
      572, 573, 645, 644, -1,
      573, 574, 646, 645, -1,
      574, 575, 647, 646, -1,
      575, 504, 576, 647, -1,
      576, 577, 649, 648, -1,
      577, 578, 650, 649, -1,
      578, 579, 651, 650, -1,
      579, 580, 652, 651, -1,
      580, 581, 653, 652, -1,
      581, 582, 654, 653, -1,
      582, 583, 655, 654, -1,
      583, 584, 656, 655, -1,
      584, 585, 657, 656, -1,
      585, 586, 658, 657, -1,
      586, 587, 659, 658, -1,
      587, 588, 660, 659, -1,
      588, 589, 661, 660, -1,
      589, 590, 662, 661, -1,
      590, 591, 663, 662, -1,
      591, 592, 664, 663, -1,
      592, 593, 665, 664, -1,
      593, 594, 666, 665, -1,
      594, 595, 667, 666, -1,
      595, 596, 668, 667, -1,
      596, 597, 669, 668, -1,
      597, 598, 670, 669, -1,
      598, 599, 671, 670, -1,
      599, 600, 672, 671, -1,
      600, 601, 673, 672, -1,
      601, 602, 674, 673, -1,
      602, 603, 675, 674, -1,
      603, 604, 676, 675, -1,
      604, 605, 677, 676, -1,
      605, 606, 678, 677, -1,
      606, 607, 679, 678, -1,
      607, 608, 680, 679, -1,
      608, 609, 681, 680, -1,
      609, 610, 682, 681, -1,
      610, 611, 683, 682, -1,
      611, 612, 684, 683, -1,
      612, 613, 685, 684, -1,
      613, 614, 686, 685, -1,
      614, 615, 687, 686, -1,
      615, 616, 688, 687, -1,
      616, 617, 689, 688, -1,
      617, 618, 690, 689, -1,
      618, 619, 691, 690, -1,
      619, 620, 692, 691, -1,
      620, 621, 693, 692, -1,
      621, 622, 694, 693, -1,
      622, 623, 695, 694, -1,
      623, 624, 696, 695, -1,
      624, 625, 697, 696, -1,
      625, 626, 698, 697, -1,
      626, 627, 699, 698, -1,
      627, 628, 700, 699, -1,
      628, 629, 701, 700, -1,
      629, 630, 702, 701, -1,
      630, 631, 703, 702, -1,
      631, 632, 704, 703, -1,
      632, 633, 705, 704, -1,
      633, 634, 706, 705, -1,
      634, 635, 707, 706, -1,
      635, 636, 708, 707, -1,
      636, 637, 709, 708, -1,
      637, 638, 710, 709, -1,
      638, 639, 711, 710, -1,
      639, 640, 712, 711, -1,
      640, 641, 713, 712, -1,
      641, 642, 714, 713, -1,
      642, 643, 715, 714, -1,
      643, 644, 716, 715, -1,
      644, 645, 717, 716, -1,
      645, 646, 718, 717, -1,
      646, 647, 719, 718, -1,
      647, 576, 648, 719, -1,
      648, 649, 721, 720, -1,
      649, 650, 722, 721, -1,
      650, 651, 723, 722, -1,
      651, 652, 724, 723, -1,
      652, 653, 725, 724, -1,
      653, 654, 726, 725, -1,
      654, 655, 727, 726, -1,
      655, 656, 728, 727, -1,
      656, 657, 729, 728, -1,
      657, 658, 730, 729, -1,
      658, 659, 731, 730, -1,
      659, 660, 732, 731, -1,
      660, 661, 733, 732, -1,
      661, 662, 734, 733, -1,
      662, 663, 735, 734, -1,
      663, 664, 736, 735, -1,
      664, 665, 737, 736, -1,
      665, 666, 738, 737, -1,
      666, 667, 739, 738, -1,
      667, 668, 740, 739, -1,
      668, 669, 741, 740, -1,
      669, 670, 742, 741, -1,
      670, 671, 743, 742, -1,
      671, 672, 744, 743, -1,
      672, 673, 745, 744, -1,
      673, 674, 746, 745, -1,
      674, 675, 747, 746, -1,
      675, 676, 748, 747, -1,
      676, 677, 749, 748, -1,
      677, 678, 750, 749, -1,
      678, 679, 751, 750, -1,
      679, 680, 752, 751, -1,
      680, 681, 753, 752, -1,
      681, 682, 754, 753, -1,
      682, 683, 755, 754, -1,
      683, 684, 756, 755, -1,
      684, 685, 757, 756, -1,
      685, 686, 758, 757, -1,
      686, 687, 759, 758, -1,
      687, 688, 760, 759, -1,
      688, 689, 761, 760, -1,
      689, 690, 762, 761, -1,
      690, 691, 763, 762, -1,
      691, 692, 764, 763, -1,
      692, 693, 765, 764, -1,
      693, 694, 766, 765, -1,
      694, 695, 767, 766, -1,
      695, 696, 768, 767, -1,
      696, 697, 769, 768, -1,
      697, 698, 770, 769, -1,
      698, 699, 771, 770, -1,
      699, 700, 772, 771, -1,
      700, 701, 773, 772, -1,
      701, 702, 774, 773, -1,
      702, 703, 775, 774, -1,
      703, 704, 776, 775, -1,
      704, 705, 777, 776, -1,
      705, 706, 778, 777, -1,
      706, 707, 779, 778, -1,
      707, 708, 780, 779, -1,
      708, 709, 781, 780, -1,
      709, 710, 782, 781, -1,
      710, 711, 783, 782, -1,
      711, 712, 784, 783, -1,
      712, 713, 785, 784, -1,
      713, 714, 786, 785, -1,
      714, 715, 787, 786, -1,
      715, 716, 788, 787, -1,
      716, 717, 789, 788, -1,
      717, 718, 790, 789, -1,
      718, 719, 791, 790, -1,
      719, 648, 720, 791, -1,
      720, 721, 793, 792, -1,
      721, 722, 794, 793, -1,
      722, 723, 795, 794, -1,
      723, 724, 796, 795, -1,
      724, 725, 797, 796, -1,
      725, 726, 798, 797, -1,
      726, 727, 799, 798, -1,
      727, 728, 800, 799, -1,
      728, 729, 801, 800, -1,
      729, 730, 802, 801, -1,
      730, 731, 803, 802, -1,
      731, 732, 804, 803, -1,
      732, 733, 805, 804, -1,
      733, 734, 806, 805, -1,
      734, 735, 807, 806, -1,
      735, 736, 808, 807, -1,
      736, 737, 809, 808, -1,
      737, 738, 810, 809, -1,
      738, 739, 811, 810, -1,
      739, 740, 812, 811, -1,
      740, 741, 813, 812, -1,
      741, 742, 814, 813, -1,
      742, 743, 815, 814, -1,
      743, 744, 816, 815, -1,
      744, 745, 817, 816, -1,
      745, 746, 818, 817, -1,
      746, 747, 819, 818, -1,
      747, 748, 820, 819, -1,
      748, 749, 821, 820, -1,
      749, 750, 822, 821, -1,
      750, 751, 823, 822, -1,
      751, 752, 824, 823, -1,
      752, 753, 825, 824, -1,
      753, 754, 826, 825, -1,
      754, 755, 827, 826, -1,
      755, 756, 828, 827, -1,
      756, 757, 829, 828, -1,
      757, 758, 830, 829, -1,
      758, 759, 831, 830, -1,
      759, 760, 832, 831, -1,
      760, 761, 833, 832, -1,
      761, 762, 834, 833, -1,
      762, 763, 835, 834, -1,
      763, 764, 836, 835, -1,
      764, 765, 837, 836, -1,
      765, 766, 838, 837, -1,
      766, 767, 839, 838, -1,
      767, 768, 840, 839, -1,
      768, 769, 841, 840, -1,
      769, 770, 842, 841, -1,
      770, 771, 843, 842, -1,
      771, 772, 844, 843, -1,
      772, 773, 845, 844, -1,
      773, 774, 846, 845, -1,
      774, 775, 847, 846, -1,
      775, 776, 848, 847, -1,
      776, 777, 849, 848, -1,
      777, 778, 850, 849, -1,
      778, 779, 851, 850, -1,
      779, 780, 852, 851, -1,
      780, 781, 853, 852, -1,
      781, 782, 854, 853, -1,
      782, 783, 855, 854, -1,
      783, 784, 856, 855, -1,
      784, 785, 857, 856, -1,
      785, 786, 858, 857, -1,
      786, 787, 859, 858, -1,
      787, 788, 860, 859, -1,
      788, 789, 861, 860, -1,
      789, 790, 862, 861, -1,
      790, 791, 863, 862, -1,
      791, 720, 792, 863, -1,
      792, 793, 865, 864, -1,
      793, 794, 866, 865, -1,
      794, 795, 867, 866, -1,
      795, 796, 868, 867, -1,
      796, 797, 869, 868, -1,
      797, 798, 870, 869, -1,
      798, 799, 871, 870, -1,
      799, 800, 872, 871, -1,
      800, 801, 873, 872, -1,
      801, 802, 874, 873, -1,
      802, 803, 875, 874, -1,
      803, 804, 876, 875, -1,
      804, 805, 877, 876, -1,
      805, 806, 878, 877, -1,
      806, 807, 879, 878, -1,
      807, 808, 880, 879, -1,
      808, 809, 881, 880, -1,
      809, 810, 882, 881, -1,
      810, 811, 883, 882, -1,
      811, 812, 884, 883, -1,
      812, 813, 885, 884, -1,
      813, 814, 886, 885, -1,
      814, 815, 887, 886, -1,
      815, 816, 888, 887, -1,
      816, 817, 889, 888, -1,
      817, 818, 890, 889, -1,
      818, 819, 891, 890, -1,
      819, 820, 892, 891, -1,
      820, 821, 893, 892, -1,
      821, 822, 894, 893, -1,
      822, 823, 895, 894, -1,
      823, 824, 896, 895, -1,
      824, 825, 897, 896, -1,
      825, 826, 898, 897, -1,
      826, 827, 899, 898, -1,
      827, 828, 900, 899, -1,
      828, 829, 901, 900, -1,
      829, 830, 902, 901, -1,
      830, 831, 903, 902, -1,
      831, 832, 904, 903, -1,
      832, 833, 905, 904, -1,
      833, 834, 906, 905, -1,
      834, 835, 907, 906, -1,
      835, 836, 908, 907, -1,
      836, 837, 909, 908, -1,
      837, 838, 910, 909, -1,
      838, 839, 911, 910, -1,
      839, 840, 912, 911, -1,
      840, 841, 913, 912, -1,
      841, 842, 914, 913, -1,
      842, 843, 915, 914, -1,
      843, 844, 916, 915, -1,
      844, 845, 917, 916, -1,
      845, 846, 918, 917, -1,
      846, 847, 919, 918, -1,
      847, 848, 920, 919, -1,
      848, 849, 921, 920, -1,
      849, 850, 922, 921, -1,
      850, 851, 923, 922, -1,
      851, 852, 924, 923, -1,
      852, 853, 925, 924, -1,
      853, 854, 926, 925, -1,
      854, 855, 927, 926, -1,
      855, 856, 928, 927, -1,
      856, 857, 929, 928, -1,
      857, 858, 930, 929, -1,
      858, 859, 931, 930, -1,
      859, 860, 932, 931, -1,
      860, 861, 933, 932, -1,
      861, 862, 934, 933, -1,
      862, 863, 935, 934, -1,
      863, 792, 864, 935, -1,
      936, 1, 0, -1,
      937, 864, 865, -1,
      936, 2, 1, -1,
      937, 865, 866, -1,
      936, 3, 2, -1,
      937, 866, 867, -1,
      936, 4, 3, -1,
      937, 867, 868, -1,
      936, 5, 4, -1,
      937, 868, 869, -1,
      936, 6, 5, -1,
      937, 869, 870, -1,
      936, 7, 6, -1,
      937, 870, 871, -1,
      936, 8, 7, -1,
      937, 871, 872, -1,
      936, 9, 8, -1,
      937, 872, 873, -1,
      936, 10, 9, -1,
      937, 873, 874, -1,
      936, 11, 10, -1,
      937, 874, 875, -1,
      936, 12, 11, -1,
      937, 875, 876, -1,
      936, 13, 12, -1,
      937, 876, 877, -1,
      936, 14, 13, -1,
      937, 877, 878, -1,
      936, 15, 14, -1,
      937, 878, 879, -1,
      936, 16, 15, -1,
      937, 879, 880, -1,
      936, 17, 16, -1,
      937, 880, 881, -1,
      936, 18, 17, -1,
      937, 881, 882, -1,
      936, 19, 18, -1,
      937, 882, 883, -1,
      936, 20, 19, -1,
      937, 883, 884, -1,
      936, 21, 20, -1,
      937, 884, 885, -1,
      936, 22, 21, -1,
      937, 885, 886, -1,
      936, 23, 22, -1,
      937, 886, 887, -1,
      936, 24, 23, -1,
      937, 887, 888, -1,
      936, 25, 24, -1,
      937, 888, 889, -1,
      936, 26, 25, -1,
      937, 889, 890, -1,
      936, 27, 26, -1,
      937, 890, 891, -1,
      936, 28, 27, -1,
      937, 891, 892, -1,
      936, 29, 28, -1,
      937, 892, 893, -1,
      936, 30, 29, -1,
      937, 893, 894, -1,
      936, 31, 30, -1,
      937, 894, 895, -1,
      936, 32, 31, -1,
      937, 895, 896, -1,
      936, 33, 32, -1,
      937, 896, 897, -1,
      936, 34, 33, -1,
      937, 897, 898, -1,
      936, 35, 34, -1,
      937, 898, 899, -1,
      936, 36, 35, -1,
      937, 899, 900, -1,
      936, 37, 36, -1,
      937, 900, 901, -1,
      936, 38, 37, -1,
      937, 901, 902, -1,
      936, 39, 38, -1,
      937, 902, 903, -1,
      936, 40, 39, -1,
      937, 903, 904, -1,
      936, 41, 40, -1,
      937, 904, 905, -1,
      936, 42, 41, -1,
      937, 905, 906, -1,
      936, 43, 42, -1,
      937, 906, 907, -1,
      936, 44, 43, -1,
      937, 907, 908, -1,
      936, 45, 44, -1,
      937, 908, 909, -1,
      936, 46, 45, -1,
      937, 909, 910, -1,
      936, 47, 46, -1,
      937, 910, 911, -1,
      936, 48, 47, -1,
      937, 911, 912, -1,
      936, 49, 48, -1,
      937, 912, 913, -1,
      936, 50, 49, -1,
      937, 913, 914, -1,
      936, 51, 50, -1,
      937, 914, 915, -1,
      936, 52, 51, -1,
      937, 915, 916, -1,
      936, 53, 52, -1,
      937, 916, 917, -1,
      936, 54, 53, -1,
      937, 917, 918, -1,
      936, 55, 54, -1,
      937, 918, 919, -1,
      936, 56, 55, -1,
      937, 919, 920, -1,
      936, 57, 56, -1,
      937, 920, 921, -1,
      936, 58, 57, -1,
      937, 921, 922, -1,
      936, 59, 58, -1,
      937, 922, 923, -1,
      936, 60, 59, -1,
      937, 923, 924, -1,
      936, 61, 60, -1,
      937, 924, 925, -1,
      936, 62, 61, -1,
      937, 925, 926, -1,
      936, 63, 62, -1,
      937, 926, 927, -1,
      936, 64, 63, -1,
      937, 927, 928, -1,
      936, 65, 64, -1,
      937, 928, 929, -1,
      936, 66, 65, -1,
      937, 929, 930, -1,
      936, 67, 66, -1,
      937, 930, 931, -1,
      936, 68, 67, -1,
      937, 931, 932, -1,
      936, 69, 68, -1,
      937, 932, 933, -1,
      936, 70, 69, -1,
      937, 933, 934, -1,
      936, 71, 70, -1,
      937, 934, 935, -1,
      936, 0, 71, -1,
      937, 935, 864, -1
  ]
  creaseAngle 1.15
  solid TRUE
} }
# Curved negative polarity band
Shape { appearance USE POLARITY_STRIPE geometry IndexedFaceSet {
  coord Coordinate { point [
      2.9863 -0.9703 0.2323,
      3.0221 -0.8523 0.2323,
      3.0532 -0.7330 0.2323,
      3.0797 -0.6126 0.2323,
      3.1013 -0.4912 0.2323,
      3.1182 -0.3691 0.2323,
      3.1303 -0.2464 0.2323,
      3.1376 -0.1233 0.2323,
      3.1400 0.0000 0.2323,
      3.1376 0.1233 0.2323,
      3.1303 0.2464 0.2323,
      3.1182 0.3691 0.2323,
      3.1013 0.4912 0.2323,
      3.0797 0.6126 0.2323,
      3.0532 0.7330 0.2323,
      3.0221 0.8523 0.2323,
      2.9863 0.9703 0.2323,
      2.9932 -0.9726 0.2677,
      3.0291 -0.8543 0.2677,
      3.0603 -0.7347 0.2677,
      3.0868 -0.6140 0.2677,
      3.1085 -0.4923 0.2677,
      3.1254 -0.3699 0.2677,
      3.1375 -0.2469 0.2677,
      3.1448 -0.1236 0.2677,
      3.1472 0.0000 0.2677,
      3.1448 0.1236 0.2677,
      3.1375 0.2469 0.2677,
      3.1254 0.3699 0.2677,
      3.1085 0.4923 0.2677,
      3.0868 0.6140 0.2677,
      3.0603 0.7347 0.2677,
      3.0291 0.8543 0.2677,
      2.9932 0.9726 0.2677,
      2.9932 -0.9726 10.1417,
      3.0291 -0.8543 10.1417,
      3.0603 -0.7347 10.1417,
      3.0868 -0.6140 10.1417,
      3.1085 -0.4923 10.1417,
      3.1254 -0.3699 10.1417,
      3.1375 -0.2469 10.1417,
      3.1448 -0.1236 10.1417,
      3.1472 0.0000 10.1417,
      3.1448 0.1236 10.1417,
      3.1375 0.2469 10.1417,
      3.1254 0.3699 10.1417,
      3.1085 0.4923 10.1417,
      3.0868 0.6140 10.1417,
      3.0603 0.7347 10.1417,
      3.0291 0.8543 10.1417,
      2.9932 0.9726 10.1417,
      2.9865 -0.9704 10.2165,
      3.0223 -0.8524 10.2165,
      3.0534 -0.7331 10.2165,
      3.0798 -0.6126 10.2165,
      3.1015 -0.4912 10.2165,
      3.1184 -0.3691 10.2165,
      3.1305 -0.2464 10.2165,
      3.1377 -0.1233 10.2165,
      3.1402 0.0000 10.2165,
      3.1377 0.1233 10.2165,
      3.1305 0.2464 10.2165,
      3.1184 0.3691 10.2165,
      3.1015 0.4912 10.2165,
      3.0798 0.6126 10.2165,
      3.0534 0.7331 10.2165,
      3.0223 0.8524 10.2165,
      2.9865 0.9704 10.2165,
      2.9595 -0.9616 10.2835,
      2.9950 -0.8447 10.2835,
      3.0258 -0.7264 10.2835,
      3.0520 -0.6071 10.2835,
      3.0735 -0.4868 10.2835,
      3.0902 -0.3658 10.2835,
      3.1022 -0.2441 10.2835,
      3.1094 -0.1222 10.2835,
      3.1118 0.0000 10.2835,
      3.1094 0.1222 10.2835,
      3.1022 0.2441 10.2835,
      3.0902 0.3658 10.2835,
      3.0735 0.4868 10.2835,
      3.0520 0.6071 10.2835,
      3.0258 0.7264 10.2835,
      2.9950 0.8447 10.2835,
      2.9595 0.9616 10.2835,
      2.9292 -0.9517 10.3268,
      2.9643 -0.8360 10.3268,
      2.9948 -0.7190 10.3268,
      3.0207 -0.6009 10.3268,
      3.0420 -0.4818 10.3268,
      3.0586 -0.3620 10.3268,
      3.0704 -0.2416 10.3268,
      3.0775 -0.1209 10.3268,
      3.0799 0.0000 10.3268,
      3.0775 0.1209 10.3268,
      3.0704 0.2416 10.3268,
      3.0586 0.3620 10.3268,
      3.0420 0.4818 10.3268,
      3.0207 0.6009 10.3268,
      2.9948 0.7190 10.3268,
      2.9643 0.8360 10.3268,
      2.9292 0.9517 10.3268
  ] }
  coordIndex [
      0, 1, 18, 17, -1,
      1, 2, 19, 18, -1,
      2, 3, 20, 19, -1,
      3, 4, 21, 20, -1,
      4, 5, 22, 21, -1,
      5, 6, 23, 22, -1,
      6, 7, 24, 23, -1,
      7, 8, 25, 24, -1,
      8, 9, 26, 25, -1,
      9, 10, 27, 26, -1,
      10, 11, 28, 27, -1,
      11, 12, 29, 28, -1,
      12, 13, 30, 29, -1,
      13, 14, 31, 30, -1,
      14, 15, 32, 31, -1,
      15, 16, 33, 32, -1,
      17, 18, 35, 34, -1,
      18, 19, 36, 35, -1,
      19, 20, 37, 36, -1,
      20, 21, 38, 37, -1,
      21, 22, 39, 38, -1,
      22, 23, 40, 39, -1,
      23, 24, 41, 40, -1,
      24, 25, 42, 41, -1,
      25, 26, 43, 42, -1,
      26, 27, 44, 43, -1,
      27, 28, 45, 44, -1,
      28, 29, 46, 45, -1,
      29, 30, 47, 46, -1,
      30, 31, 48, 47, -1,
      31, 32, 49, 48, -1,
      32, 33, 50, 49, -1,
      34, 35, 52, 51, -1,
      35, 36, 53, 52, -1,
      36, 37, 54, 53, -1,
      37, 38, 55, 54, -1,
      38, 39, 56, 55, -1,
      39, 40, 57, 56, -1,
      40, 41, 58, 57, -1,
      41, 42, 59, 58, -1,
      42, 43, 60, 59, -1,
      43, 44, 61, 60, -1,
      44, 45, 62, 61, -1,
      45, 46, 63, 62, -1,
      46, 47, 64, 63, -1,
      47, 48, 65, 64, -1,
      48, 49, 66, 65, -1,
      49, 50, 67, 66, -1,
      51, 52, 69, 68, -1,
      52, 53, 70, 69, -1,
      53, 54, 71, 70, -1,
      54, 55, 72, 71, -1,
      55, 56, 73, 72, -1,
      56, 57, 74, 73, -1,
      57, 58, 75, 74, -1,
      58, 59, 76, 75, -1,
      59, 60, 77, 76, -1,
      60, 61, 78, 77, -1,
      61, 62, 79, 78, -1,
      62, 63, 80, 79, -1,
      63, 64, 81, 80, -1,
      64, 65, 82, 81, -1,
      65, 66, 83, 82, -1,
      66, 67, 84, 83, -1,
      68, 69, 86, 85, -1,
      69, 70, 87, 86, -1,
      70, 71, 88, 87, -1,
      71, 72, 89, 88, -1,
      72, 73, 90, 89, -1,
      73, 74, 91, 90, -1,
      74, 75, 92, 91, -1,
      75, 76, 93, 92, -1,
      76, 77, 94, 93, -1,
      77, 78, 95, 94, -1,
      78, 79, 96, 95, -1,
      79, 80, 97, 96, -1,
      80, 81, 98, 97, -1,
      81, 82, 99, 98, -1,
      82, 83, 100, 99, -1,
      83, 84, 101, 100, -1
  ]
  creaseAngle 1.15
  solid FALSE
} }
# Polarity band minus marking 1
Shape { appearance USE MARKING geometry IndexedFaceSet {
  coord Coordinate { point [
      3.0979 -0.5708 2.1168,
      3.1138 -0.4765 2.1168,
      3.1268 -0.3817 2.1168,
      3.1369 -0.2866 2.1168,
      3.1442 -0.1912 2.1168,
      3.1485 -0.0956 2.1168,
      3.1500 0.0000 2.1168,
      3.1485 0.0956 2.1168,
      3.1442 0.1912 2.1168,
      3.1369 0.2866 2.1168,
      3.1268 0.3817 2.1168,
      3.1138 0.4765 2.1168,
      3.0979 0.5708 2.1168,
      3.0979 -0.5708 2.1837,
      3.1138 -0.4765 2.1837,
      3.1268 -0.3817 2.1837,
      3.1369 -0.2866 2.1837,
      3.1442 -0.1912 2.1837,
      3.1485 -0.0956 2.1837,
      3.1500 0.0000 2.1837,
      3.1485 0.0956 2.1837,
      3.1442 0.1912 2.1837,
      3.1369 0.2866 2.1837,
      3.1268 0.3817 2.1837,
      3.1138 0.4765 2.1837,
      3.0979 0.5708 2.1837
  ] }
  coordIndex [
      0, 1, 14, 13, -1,
      1, 2, 15, 14, -1,
      2, 3, 16, 15, -1,
      3, 4, 17, 16, -1,
      4, 5, 18, 17, -1,
      5, 6, 19, 18, -1,
      6, 7, 20, 19, -1,
      7, 8, 21, 20, -1,
      8, 9, 22, 21, -1,
      9, 10, 23, 22, -1,
      10, 11, 24, 23, -1,
      11, 12, 25, 24, -1
  ]
  creaseAngle 1.15
  solid FALSE
} }
# Polarity band minus marking 2
Shape { appearance USE MARKING geometry IndexedFaceSet {
  coord Coordinate { point [
      3.0979 -0.5708 4.9432,
      3.1138 -0.4765 4.9432,
      3.1268 -0.3817 4.9432,
      3.1369 -0.2866 4.9432,
      3.1442 -0.1912 4.9432,
      3.1485 -0.0956 4.9432,
      3.1500 0.0000 4.9432,
      3.1485 0.0956 4.9432,
      3.1442 0.1912 4.9432,
      3.1369 0.2866 4.9432,
      3.1268 0.3817 4.9432,
      3.1138 0.4765 4.9432,
      3.0979 0.5708 4.9432,
      3.0979 -0.5708 5.0102,
      3.1138 -0.4765 5.0102,
      3.1268 -0.3817 5.0102,
      3.1369 -0.2866 5.0102,
      3.1442 -0.1912 5.0102,
      3.1485 -0.0956 5.0102,
      3.1500 0.0000 5.0102,
      3.1485 0.0956 5.0102,
      3.1442 0.1912 5.0102,
      3.1369 0.2866 5.0102,
      3.1268 0.3817 5.0102,
      3.1138 0.4765 5.0102,
      3.0979 0.5708 5.0102
  ] }
  coordIndex [
      0, 1, 14, 13, -1,
      1, 2, 15, 14, -1,
      2, 3, 16, 15, -1,
      3, 4, 17, 16, -1,
      4, 5, 18, 17, -1,
      5, 6, 19, 18, -1,
      6, 7, 20, 19, -1,
      7, 8, 21, 20, -1,
      8, 9, 22, 21, -1,
      9, 10, 23, 22, -1,
      10, 11, 24, 23, -1,
      11, 12, 25, 24, -1
  ]
  creaseAngle 1.15
  solid FALSE
} }
# Polarity band minus marking 3
Shape { appearance USE MARKING geometry IndexedFaceSet {
  coord Coordinate { point [
      3.0979 -0.5708 7.7697,
      3.1138 -0.4765 7.7697,
      3.1268 -0.3817 7.7697,
      3.1369 -0.2866 7.7697,
      3.1442 -0.1912 7.7697,
      3.1485 -0.0956 7.7697,
      3.1500 0.0000 7.7697,
      3.1485 0.0956 7.7697,
      3.1442 0.1912 7.7697,
      3.1369 0.2866 7.7697,
      3.1268 0.3817 7.7697,
      3.1138 0.4765 7.7697,
      3.0979 0.5708 7.7697,
      3.0979 -0.5708 7.8366,
      3.1138 -0.4765 7.8366,
      3.1268 -0.3817 7.8366,
      3.1369 -0.2866 7.8366,
      3.1442 -0.1912 7.8366,
      3.1485 -0.0956 7.8366,
      3.1500 0.0000 7.8366,
      3.1485 0.0956 7.8366,
      3.1442 0.1912 7.8366,
      3.1369 0.2866 7.8366,
      3.1268 0.3817 7.8366,
      3.1138 0.4765 7.8366,
      3.0979 0.5708 7.8366
  ] }
  coordIndex [
      0, 1, 14, 13, -1,
      1, 2, 15, 14, -1,
      2, 3, 16, 15, -1,
      3, 4, 17, 16, -1,
      4, 5, 18, 17, -1,
      5, 6, 19, 18, -1,
      6, 7, 20, 19, -1,
      7, 8, 21, 20, -1,
      8, 9, 22, 21, -1,
      9, 10, 23, 22, -1,
      10, 11, 24, 23, -1,
      11, 12, 25, 24, -1
  ]
  creaseAngle 1.15
  solid FALSE
} }
# Polarity band chevron 1
Shape { appearance USE MARKING geometry IndexedFaceSet {
  coord Coordinate { point [
      3.0510 -0.7834 3.6068,
      3.0510 -0.7834 3.6540,
      3.0741 -0.6872 3.5900,
      3.0741 -0.6872 3.6373,
      3.0942 -0.5903 3.5733,
      3.0942 -0.5903 3.6206,
      3.1112 -0.4928 3.5566,
      3.1112 -0.4928 3.6038,
      3.1252 -0.3948 3.5398,
      3.1252 -0.3948 3.5871,
      3.1360 -0.2964 3.5231,
      3.1360 -0.2964 3.5704,
      3.1438 -0.1978 3.5064,
      3.1438 -0.1978 3.5536,
      3.1484 -0.0989 3.4896,
      3.1484 -0.0989 3.5369,
      3.1500 0.0000 3.4729,
      3.1500 0.0000 3.5202,
      3.1500 0.0000 3.4729,
      3.1500 0.0000 3.5202,
      3.1484 0.0989 3.4896,
      3.1484 0.0989 3.5369,
      3.1438 0.1978 3.5064,
      3.1438 0.1978 3.5536,
      3.1360 0.2964 3.5231,
      3.1360 0.2964 3.5704,
      3.1252 0.3948 3.5398,
      3.1252 0.3948 3.5871,
      3.1112 0.4928 3.5566,
      3.1112 0.4928 3.6038,
      3.0942 0.5903 3.5733,
      3.0942 0.5903 3.6206,
      3.0741 0.6872 3.5900,
      3.0741 0.6872 3.6373,
      3.0510 0.7834 3.6068,
      3.0510 0.7834 3.6540
  ] }
  coordIndex [
      0, 2, 3, 1, -1,
      2, 4, 5, 3, -1,
      4, 6, 7, 5, -1,
      6, 8, 9, 7, -1,
      8, 10, 11, 9, -1,
      10, 12, 13, 11, -1,
      12, 14, 15, 13, -1,
      14, 16, 17, 15, -1,
      18, 20, 21, 19, -1,
      20, 22, 23, 21, -1,
      22, 24, 25, 23, -1,
      24, 26, 27, 25, -1,
      26, 28, 29, 27, -1,
      28, 30, 31, 29, -1,
      30, 32, 33, 31, -1,
      32, 34, 35, 33, -1
  ]
  creaseAngle 1.15
  solid FALSE
} }
# Polarity band chevron 2
Shape { appearance USE MARKING geometry IndexedFaceSet {
  coord Coordinate { point [
      3.0510 -0.7834 6.4332,
      3.0510 -0.7834 6.4805,
      3.0741 -0.6872 6.4165,
      3.0741 -0.6872 6.4637,
      3.0942 -0.5903 6.3998,
      3.0942 -0.5903 6.4470,
      3.1112 -0.4928 6.3830,
      3.1112 -0.4928 6.4303,
      3.1252 -0.3948 6.3663,
      3.1252 -0.3948 6.4135,
      3.1360 -0.2964 6.3496,
      3.1360 -0.2964 6.3968,
      3.1438 -0.1978 6.3328,
      3.1438 -0.1978 6.3801,
      3.1484 -0.0989 6.3161,
      3.1484 -0.0989 6.3633,
      3.1500 0.0000 6.2994,
      3.1500 0.0000 6.3466,
      3.1500 0.0000 6.2994,
      3.1500 0.0000 6.3466,
      3.1484 0.0989 6.3161,
      3.1484 0.0989 6.3633,
      3.1438 0.1978 6.3328,
      3.1438 0.1978 6.3801,
      3.1360 0.2964 6.3496,
      3.1360 0.2964 6.3968,
      3.1252 0.3948 6.3663,
      3.1252 0.3948 6.4135,
      3.1112 0.4928 6.3830,
      3.1112 0.4928 6.4303,
      3.0942 0.5903 6.3998,
      3.0942 0.5903 6.4470,
      3.0741 0.6872 6.4165,
      3.0741 0.6872 6.4637,
      3.0510 0.7834 6.4332,
      3.0510 0.7834 6.4805
  ] }
  coordIndex [
      0, 2, 3, 1, -1,
      2, 4, 5, 3, -1,
      4, 6, 7, 5, -1,
      6, 8, 9, 7, -1,
      8, 10, 11, 9, -1,
      10, 12, 13, 11, -1,
      12, 14, 15, 13, -1,
      14, 16, 17, 15, -1,
      18, 20, 21, 19, -1,
      20, 22, 23, 21, -1,
      22, 24, 25, 23, -1,
      24, 26, 27, 25, -1,
      26, 28, 29, 27, -1,
      28, 30, 31, 29, -1,
      30, 32, 33, 31, -1,
      32, 34, 35, 33, -1
  ]
  creaseAngle 1.15
  solid FALSE
} }
# Polarity band chevron 3
Shape { appearance USE MARKING geometry IndexedFaceSet {
  coord Coordinate { point [
      3.0510 -0.7834 9.2597,
      3.0510 -0.7834 9.3069,
      3.0741 -0.6872 9.2430,
      3.0741 -0.6872 9.2902,
      3.0942 -0.5903 9.2262,
      3.0942 -0.5903 9.2735,
      3.1112 -0.4928 9.2095,
      3.1112 -0.4928 9.2567,
      3.1252 -0.3948 9.1928,
      3.1252 -0.3948 9.2400,
      3.1360 -0.2964 9.1760,
      3.1360 -0.2964 9.2233,
      3.1438 -0.1978 9.1593,
      3.1438 -0.1978 9.2065,
      3.1484 -0.0989 9.1426,
      3.1484 -0.0989 9.1898,
      3.1500 0.0000 9.1258,
      3.1500 0.0000 9.1731,
      3.1500 0.0000 9.1258,
      3.1500 0.0000 9.1731,
      3.1484 0.0989 9.1426,
      3.1484 0.0989 9.1898,
      3.1438 0.1978 9.1593,
      3.1438 0.1978 9.2065,
      3.1360 0.2964 9.1760,
      3.1360 0.2964 9.2233,
      3.1252 0.3948 9.1928,
      3.1252 0.3948 9.2400,
      3.1112 0.4928 9.2095,
      3.1112 0.4928 9.2567,
      3.0942 0.5903 9.2262,
      3.0942 0.5903 9.2735,
      3.0741 0.6872 9.2430,
      3.0741 0.6872 9.2902,
      3.0510 0.7834 9.2597,
      3.0510 0.7834 9.3069
  ] }
  coordIndex [
      0, 2, 3, 1, -1,
      2, 4, 5, 3, -1,
      4, 6, 7, 5, -1,
      6, 8, 9, 7, -1,
      8, 10, 11, 9, -1,
      10, 12, 13, 11, -1,
      12, 14, 15, 13, -1,
      14, 16, 17, 15, -1,
      18, 20, 21, 19, -1,
      20, 22, 23, 21, -1,
      22, 24, 25, 23, -1,
      24, 26, 27, 25, -1,
      26, 28, 29, 27, -1,
      28, 30, 31, 29, -1,
      30, 32, 33, 31, -1,
      32, 34, 35, 33, -1
  ]
  creaseAngle 1.15
  solid FALSE
} }
# Recessed top aluminium cap
Transform { translation 0.0000 0.0000 10.3406 children [
  Shape { appearance USE ALUMINIUM geometry IndexedFaceSet {
    coord Coordinate { point [
        2.8512 0.0000 -0.0138,
        2.8268 0.3722 -0.0138,
        2.7540 0.7379 -0.0138,
        2.6341 1.0911 -0.0138,
        2.4692 1.4256 -0.0138,
        2.2620 1.7357 -0.0138,
        2.0161 2.0161 -0.0138,
        1.7357 2.2620 -0.0138,
        1.4256 2.4692 -0.0138,
        1.0911 2.6341 -0.0138,
        0.7379 2.7540 -0.0138,
        0.3722 2.8268 -0.0138,
        0.0000 2.8512 -0.0138,
        -0.3722 2.8268 -0.0138,
        -0.7379 2.7540 -0.0138,
        -1.0911 2.6341 -0.0138,
        -1.4256 2.4692 -0.0138,
        -1.7357 2.2620 -0.0138,
        -2.0161 2.0161 -0.0138,
        -2.2620 1.7357 -0.0138,
        -2.4692 1.4256 -0.0138,
        -2.6341 1.0911 -0.0138,
        -2.7540 0.7379 -0.0138,
        -2.8268 0.3722 -0.0138,
        -2.8512 0.0000 -0.0138,
        -2.8268 -0.3722 -0.0138,
        -2.7540 -0.7379 -0.0138,
        -2.6341 -1.0911 -0.0138,
        -2.4692 -1.4256 -0.0138,
        -2.2620 -1.7357 -0.0138,
        -2.0161 -2.0161 -0.0138,
        -1.7357 -2.2620 -0.0138,
        -1.4256 -2.4692 -0.0138,
        -1.0911 -2.6341 -0.0138,
        -0.7379 -2.7540 -0.0138,
        -0.3722 -2.8268 -0.0138,
        -0.0000 -2.8512 -0.0138,
        0.3722 -2.8268 -0.0138,
        0.7379 -2.7540 -0.0138,
        1.0911 -2.6341 -0.0138,
        1.4256 -2.4692 -0.0138,
        1.7357 -2.2620 -0.0138,
        2.0161 -2.0161 -0.0138,
        2.2620 -1.7357 -0.0138,
        2.4692 -1.4256 -0.0138,
        2.6341 -1.0911 -0.0138,
        2.7540 -0.7379 -0.0138,
        2.8268 -0.3722 -0.0138,
        2.8520 0.0000 -0.0137,
        2.8276 0.3723 -0.0137,
        2.7548 0.7382 -0.0137,
        2.6349 1.0914 -0.0137,
        2.4699 1.4260 -0.0137,
        2.2626 1.7362 -0.0137,
        2.0167 2.0167 -0.0137,
        1.7362 2.2626 -0.0137,
        1.4260 2.4699 -0.0137,
        1.0914 2.6349 -0.0137,
        0.7382 2.7548 -0.0137,
        0.3723 2.8276 -0.0137,
        0.0000 2.8520 -0.0137,
        -0.3723 2.8276 -0.0137,
        -0.7382 2.7548 -0.0137,
        -1.0914 2.6349 -0.0137,
        -1.4260 2.4699 -0.0137,
        -1.7362 2.2626 -0.0137,
        -2.0167 2.0167 -0.0137,
        -2.2626 1.7362 -0.0137,
        -2.4699 1.4260 -0.0137,
        -2.6349 1.0914 -0.0137,
        -2.7548 0.7382 -0.0137,
        -2.8276 0.3723 -0.0137,
        -2.8520 0.0000 -0.0137,
        -2.8276 -0.3723 -0.0137,
        -2.7548 -0.7382 -0.0137,
        -2.6349 -1.0914 -0.0137,
        -2.4699 -1.4260 -0.0137,
        -2.2626 -1.7362 -0.0137,
        -2.0167 -2.0167 -0.0137,
        -1.7362 -2.2626 -0.0137,
        -1.4260 -2.4699 -0.0137,
        -1.0914 -2.6349 -0.0137,
        -0.7382 -2.7548 -0.0137,
        -0.3723 -2.8276 -0.0137,
        -0.0000 -2.8520 -0.0137,
        0.3723 -2.8276 -0.0137,
        0.7382 -2.7548 -0.0137,
        1.0914 -2.6349 -0.0137,
        1.4260 -2.4699 -0.0137,
        1.7362 -2.2626 -0.0137,
        2.0167 -2.0167 -0.0137,
        2.2626 -1.7362 -0.0137,
        2.4699 -1.4260 -0.0137,
        2.6349 -1.0914 -0.0137,
        2.7548 -0.7382 -0.0137,
        2.8276 -0.3723 -0.0137,
        2.8528 0.0000 -0.0134,
        2.8284 0.3724 -0.0134,
        2.7556 0.7383 -0.0134,
        2.6356 1.0917 -0.0134,
        2.4706 1.4264 -0.0134,
        2.2632 1.7366 -0.0134,
        2.0172 2.0172 -0.0134,
        1.7366 2.2632 -0.0134,
        1.4264 2.4706 -0.0134,
        1.0917 2.6356 -0.0134,
        0.7383 2.7556 -0.0134,
        0.3724 2.8284 -0.0134,
        0.0000 2.8528 -0.0134,
        -0.3724 2.8284 -0.0134,
        -0.7383 2.7556 -0.0134,
        -1.0917 2.6356 -0.0134,
        -1.4264 2.4706 -0.0134,
        -1.7366 2.2632 -0.0134,
        -2.0172 2.0172 -0.0134,
        -2.2632 1.7366 -0.0134,
        -2.4706 1.4264 -0.0134,
        -2.6356 1.0917 -0.0134,
        -2.7556 0.7383 -0.0134,
        -2.8284 0.3724 -0.0134,
        -2.8528 0.0000 -0.0134,
        -2.8284 -0.3724 -0.0134,
        -2.7556 -0.7383 -0.0134,
        -2.6356 -1.0917 -0.0134,
        -2.4706 -1.4264 -0.0134,
        -2.2632 -1.7366 -0.0134,
        -2.0172 -2.0172 -0.0134,
        -1.7366 -2.2632 -0.0134,
        -1.4264 -2.4706 -0.0134,
        -1.0917 -2.6356 -0.0134,
        -0.7383 -2.7556 -0.0134,
        -0.3724 -2.8284 -0.0134,
        -0.0000 -2.8528 -0.0134,
        0.3724 -2.8284 -0.0134,
        0.7383 -2.7556 -0.0134,
        1.0917 -2.6356 -0.0134,
        1.4264 -2.4706 -0.0134,
        1.7366 -2.2632 -0.0134,
        2.0172 -2.0172 -0.0134,
        2.2632 -1.7366 -0.0134,
        2.4706 -1.4264 -0.0134,
        2.6356 -1.0917 -0.0134,
        2.7556 -0.7383 -0.0134,
        2.8284 -0.3724 -0.0134,
        2.8534 0.0000 -0.0129,
        2.8290 0.3724 -0.0129,
        2.7562 0.7385 -0.0129,
        2.6362 1.0920 -0.0129,
        2.4711 1.4267 -0.0129,
        2.2638 1.7370 -0.0129,
        2.0177 2.0177 -0.0129,
        1.7370 2.2638 -0.0129,
        1.4267 2.4711 -0.0129,
        1.0920 2.6362 -0.0129,
        0.7385 2.7562 -0.0129,
        0.3724 2.8290 -0.0129,
        0.0000 2.8534 -0.0129,
        -0.3724 2.8290 -0.0129,
        -0.7385 2.7562 -0.0129,
        -1.0920 2.6362 -0.0129,
        -1.4267 2.4711 -0.0129,
        -1.7370 2.2638 -0.0129,
        -2.0177 2.0177 -0.0129,
        -2.2638 1.7370 -0.0129,
        -2.4711 1.4267 -0.0129,
        -2.6362 1.0920 -0.0129,
        -2.7562 0.7385 -0.0129,
        -2.8290 0.3724 -0.0129,
        -2.8534 0.0000 -0.0129,
        -2.8290 -0.3724 -0.0129,
        -2.7562 -0.7385 -0.0129,
        -2.6362 -1.0920 -0.0129,
        -2.4711 -1.4267 -0.0129,
        -2.2638 -1.7370 -0.0129,
        -2.0177 -2.0177 -0.0129,
        -1.7370 -2.2638 -0.0129,
        -1.4267 -2.4711 -0.0129,
        -1.0920 -2.6362 -0.0129,
        -0.7385 -2.7562 -0.0129,
        -0.3724 -2.8290 -0.0129,
        -0.0000 -2.8534 -0.0129,
        0.3724 -2.8290 -0.0129,
        0.7385 -2.7562 -0.0129,
        1.0920 -2.6362 -0.0129,
        1.4267 -2.4711 -0.0129,
        1.7370 -2.2638 -0.0129,
        2.0177 -2.0177 -0.0129,
        2.2638 -1.7370 -0.0129,
        2.4711 -1.4267 -0.0129,
        2.6362 -1.0920 -0.0129,
        2.7562 -0.7385 -0.0129,
        2.8290 -0.3724 -0.0129,
        2.8539 0.0000 -0.0122,
        2.8295 0.3725 -0.0122,
        2.7567 0.7386 -0.0122,
        2.6367 1.0921 -0.0122,
        2.4716 1.4270 -0.0122,
        2.2642 1.7373 -0.0122,
        2.0180 2.0180 -0.0122,
        1.7373 2.2642 -0.0122,
        1.4270 2.4716 -0.0122,
        1.0921 2.6367 -0.0122,
        0.7386 2.7567 -0.0122,
        0.3725 2.8295 -0.0122,
        0.0000 2.8539 -0.0122,
        -0.3725 2.8295 -0.0122,
        -0.7386 2.7567 -0.0122,
        -1.0921 2.6367 -0.0122,
        -1.4270 2.4716 -0.0122,
        -1.7373 2.2642 -0.0122,
        -2.0180 2.0180 -0.0122,
        -2.2642 1.7373 -0.0122,
        -2.4716 1.4270 -0.0122,
        -2.6367 1.0921 -0.0122,
        -2.7567 0.7386 -0.0122,
        -2.8295 0.3725 -0.0122,
        -2.8539 0.0000 -0.0122,
        -2.8295 -0.3725 -0.0122,
        -2.7567 -0.7386 -0.0122,
        -2.6367 -1.0921 -0.0122,
        -2.4716 -1.4270 -0.0122,
        -2.2642 -1.7373 -0.0122,
        -2.0180 -2.0180 -0.0122,
        -1.7373 -2.2642 -0.0122,
        -1.4270 -2.4716 -0.0122,
        -1.0921 -2.6367 -0.0122,
        -0.7386 -2.7567 -0.0122,
        -0.3725 -2.8295 -0.0122,
        -0.0000 -2.8539 -0.0122,
        0.3725 -2.8295 -0.0122,
        0.7386 -2.7567 -0.0122,
        1.0921 -2.6367 -0.0122,
        1.4270 -2.4716 -0.0122,
        1.7373 -2.2642 -0.0122,
        2.0180 -2.0180 -0.0122,
        2.2642 -1.7373 -0.0122,
        2.4716 -1.4270 -0.0122,
        2.6367 -1.0921 -0.0122,
        2.7567 -0.7386 -0.0122,
        2.8295 -0.3725 -0.0122,
        2.8542 0.0000 -0.0114,
        2.8298 0.3726 -0.0114,
        2.7570 0.7387 -0.0114,
        2.6370 1.0923 -0.0114,
        2.4718 1.4271 -0.0114,
        2.2644 1.7375 -0.0114,
        2.0182 2.0182 -0.0114,
        1.7375 2.2644 -0.0114,
        1.4271 2.4718 -0.0114,
        1.0923 2.6370 -0.0114,
        0.7387 2.7570 -0.0114,
        0.3726 2.8298 -0.0114,
        0.0000 2.8542 -0.0114,
        -0.3726 2.8298 -0.0114,
        -0.7387 2.7570 -0.0114,
        -1.0923 2.6370 -0.0114,
        -1.4271 2.4718 -0.0114,
        -1.7375 2.2644 -0.0114,
        -2.0182 2.0182 -0.0114,
        -2.2644 1.7375 -0.0114,
        -2.4718 1.4271 -0.0114,
        -2.6370 1.0923 -0.0114,
        -2.7570 0.7387 -0.0114,
        -2.8298 0.3726 -0.0114,
        -2.8542 0.0000 -0.0114,
        -2.8298 -0.3726 -0.0114,
        -2.7570 -0.7387 -0.0114,
        -2.6370 -1.0923 -0.0114,
        -2.4718 -1.4271 -0.0114,
        -2.2644 -1.7375 -0.0114,
        -2.0182 -2.0182 -0.0114,
        -1.7375 -2.2644 -0.0114,
        -1.4271 -2.4718 -0.0114,
        -1.0923 -2.6370 -0.0114,
        -0.7387 -2.7570 -0.0114,
        -0.3726 -2.8298 -0.0114,
        -0.0000 -2.8542 -0.0114,
        0.3726 -2.8298 -0.0114,
        0.7387 -2.7570 -0.0114,
        1.0923 -2.6370 -0.0114,
        1.4271 -2.4718 -0.0114,
        1.7375 -2.2644 -0.0114,
        2.0182 -2.0182 -0.0114,
        2.2644 -1.7375 -0.0114,
        2.4718 -1.4271 -0.0114,
        2.6370 -1.0923 -0.0114,
        2.7570 -0.7387 -0.0114,
        2.8298 -0.3726 -0.0114,
        2.8543 0.0000 -0.0106,
        2.8299 0.3726 -0.0106,
        2.7571 0.7388 -0.0106,
        2.6371 1.0923 -0.0106,
        2.4719 1.4272 -0.0106,
        2.2645 1.7376 -0.0106,
        2.0183 2.0183 -0.0106,
        1.7376 2.2645 -0.0106,
        1.4272 2.4719 -0.0106,
        1.0923 2.6371 -0.0106,
        0.7388 2.7571 -0.0106,
        0.3726 2.8299 -0.0106,
        0.0000 2.8543 -0.0106,
        -0.3726 2.8299 -0.0106,
        -0.7388 2.7571 -0.0106,
        -1.0923 2.6371 -0.0106,
        -1.4272 2.4719 -0.0106,
        -1.7376 2.2645 -0.0106,
        -2.0183 2.0183 -0.0106,
        -2.2645 1.7376 -0.0106,
        -2.4719 1.4272 -0.0106,
        -2.6371 1.0923 -0.0106,
        -2.7571 0.7388 -0.0106,
        -2.8299 0.3726 -0.0106,
        -2.8543 0.0000 -0.0106,
        -2.8299 -0.3726 -0.0106,
        -2.7571 -0.7388 -0.0106,
        -2.6371 -1.0923 -0.0106,
        -2.4719 -1.4272 -0.0106,
        -2.2645 -1.7376 -0.0106,
        -2.0183 -2.0183 -0.0106,
        -1.7376 -2.2645 -0.0106,
        -1.4272 -2.4719 -0.0106,
        -1.0923 -2.6371 -0.0106,
        -0.7388 -2.7571 -0.0106,
        -0.3726 -2.8299 -0.0106,
        -0.0000 -2.8543 -0.0106,
        0.3726 -2.8299 -0.0106,
        0.7388 -2.7571 -0.0106,
        1.0923 -2.6371 -0.0106,
        1.4272 -2.4719 -0.0106,
        1.7376 -2.2645 -0.0106,
        2.0183 -2.0183 -0.0106,
        2.2645 -1.7376 -0.0106,
        2.4719 -1.4272 -0.0106,
        2.6371 -1.0923 -0.0106,
        2.7571 -0.7388 -0.0106,
        2.8299 -0.3726 -0.0106,
        2.8543 0.0000 0.0106,
        2.8299 0.3726 0.0106,
        2.7571 0.7388 0.0106,
        2.6371 1.0923 0.0106,
        2.4719 1.4272 0.0106,
        2.2645 1.7376 0.0106,
        2.0183 2.0183 0.0106,
        1.7376 2.2645 0.0106,
        1.4272 2.4719 0.0106,
        1.0923 2.6371 0.0106,
        0.7388 2.7571 0.0106,
        0.3726 2.8299 0.0106,
        0.0000 2.8543 0.0106,
        -0.3726 2.8299 0.0106,
        -0.7388 2.7571 0.0106,
        -1.0923 2.6371 0.0106,
        -1.4272 2.4719 0.0106,
        -1.7376 2.2645 0.0106,
        -2.0183 2.0183 0.0106,
        -2.2645 1.7376 0.0106,
        -2.4719 1.4272 0.0106,
        -2.6371 1.0923 0.0106,
        -2.7571 0.7388 0.0106,
        -2.8299 0.3726 0.0106,
        -2.8543 0.0000 0.0106,
        -2.8299 -0.3726 0.0106,
        -2.7571 -0.7388 0.0106,
        -2.6371 -1.0923 0.0106,
        -2.4719 -1.4272 0.0106,
        -2.2645 -1.7376 0.0106,
        -2.0183 -2.0183 0.0106,
        -1.7376 -2.2645 0.0106,
        -1.4272 -2.4719 0.0106,
        -1.0923 -2.6371 0.0106,
        -0.7388 -2.7571 0.0106,
        -0.3726 -2.8299 0.0106,
        -0.0000 -2.8543 0.0106,
        0.3726 -2.8299 0.0106,
        0.7388 -2.7571 0.0106,
        1.0923 -2.6371 0.0106,
        1.4272 -2.4719 0.0106,
        1.7376 -2.2645 0.0106,
        2.0183 -2.0183 0.0106,
        2.2645 -1.7376 0.0106,
        2.4719 -1.4272 0.0106,
        2.6371 -1.0923 0.0106,
        2.7571 -0.7388 0.0106,
        2.8299 -0.3726 0.0106,
        2.8542 0.0000 0.0114,
        2.8298 0.3726 0.0114,
        2.7570 0.7387 0.0114,
        2.6370 1.0923 0.0114,
        2.4718 1.4271 0.0114,
        2.2644 1.7375 0.0114,
        2.0182 2.0182 0.0114,
        1.7375 2.2644 0.0114,
        1.4271 2.4718 0.0114,
        1.0923 2.6370 0.0114,
        0.7387 2.7570 0.0114,
        0.3726 2.8298 0.0114,
        0.0000 2.8542 0.0114,
        -0.3726 2.8298 0.0114,
        -0.7387 2.7570 0.0114,
        -1.0923 2.6370 0.0114,
        -1.4271 2.4718 0.0114,
        -1.7375 2.2644 0.0114,
        -2.0182 2.0182 0.0114,
        -2.2644 1.7375 0.0114,
        -2.4718 1.4271 0.0114,
        -2.6370 1.0923 0.0114,
        -2.7570 0.7387 0.0114,
        -2.8298 0.3726 0.0114,
        -2.8542 0.0000 0.0114,
        -2.8298 -0.3726 0.0114,
        -2.7570 -0.7387 0.0114,
        -2.6370 -1.0923 0.0114,
        -2.4718 -1.4271 0.0114,
        -2.2644 -1.7375 0.0114,
        -2.0182 -2.0182 0.0114,
        -1.7375 -2.2644 0.0114,
        -1.4271 -2.4718 0.0114,
        -1.0923 -2.6370 0.0114,
        -0.7387 -2.7570 0.0114,
        -0.3726 -2.8298 0.0114,
        -0.0000 -2.8542 0.0114,
        0.3726 -2.8298 0.0114,
        0.7387 -2.7570 0.0114,
        1.0923 -2.6370 0.0114,
        1.4271 -2.4718 0.0114,
        1.7375 -2.2644 0.0114,
        2.0182 -2.0182 0.0114,
        2.2644 -1.7375 0.0114,
        2.4718 -1.4271 0.0114,
        2.6370 -1.0923 0.0114,
        2.7570 -0.7387 0.0114,
        2.8298 -0.3726 0.0114,
        2.8539 0.0000 0.0122,
        2.8295 0.3725 0.0122,
        2.7567 0.7386 0.0122,
        2.6367 1.0921 0.0122,
        2.4716 1.4270 0.0122,
        2.2642 1.7373 0.0122,
        2.0180 2.0180 0.0122,
        1.7373 2.2642 0.0122,
        1.4270 2.4716 0.0122,
        1.0921 2.6367 0.0122,
        0.7386 2.7567 0.0122,
        0.3725 2.8295 0.0122,
        0.0000 2.8539 0.0122,
        -0.3725 2.8295 0.0122,
        -0.7386 2.7567 0.0122,
        -1.0921 2.6367 0.0122,
        -1.4270 2.4716 0.0122,
        -1.7373 2.2642 0.0122,
        -2.0180 2.0180 0.0122,
        -2.2642 1.7373 0.0122,
        -2.4716 1.4270 0.0122,
        -2.6367 1.0921 0.0122,
        -2.7567 0.7386 0.0122,
        -2.8295 0.3725 0.0122,
        -2.8539 0.0000 0.0122,
        -2.8295 -0.3725 0.0122,
        -2.7567 -0.7386 0.0122,
        -2.6367 -1.0921 0.0122,
        -2.4716 -1.4270 0.0122,
        -2.2642 -1.7373 0.0122,
        -2.0180 -2.0180 0.0122,
        -1.7373 -2.2642 0.0122,
        -1.4270 -2.4716 0.0122,
        -1.0921 -2.6367 0.0122,
        -0.7386 -2.7567 0.0122,
        -0.3725 -2.8295 0.0122,
        -0.0000 -2.8539 0.0122,
        0.3725 -2.8295 0.0122,
        0.7386 -2.7567 0.0122,
        1.0921 -2.6367 0.0122,
        1.4270 -2.4716 0.0122,
        1.7373 -2.2642 0.0122,
        2.0180 -2.0180 0.0122,
        2.2642 -1.7373 0.0122,
        2.4716 -1.4270 0.0122,
        2.6367 -1.0921 0.0122,
        2.7567 -0.7386 0.0122,
        2.8295 -0.3725 0.0122,
        2.8534 0.0000 0.0129,
        2.8290 0.3724 0.0129,
        2.7562 0.7385 0.0129,
        2.6362 1.0920 0.0129,
        2.4711 1.4267 0.0129,
        2.2638 1.7370 0.0129,
        2.0177 2.0177 0.0129,
        1.7370 2.2638 0.0129,
        1.4267 2.4711 0.0129,
        1.0920 2.6362 0.0129,
        0.7385 2.7562 0.0129,
        0.3724 2.8290 0.0129,
        0.0000 2.8534 0.0129,
        -0.3724 2.8290 0.0129,
        -0.7385 2.7562 0.0129,
        -1.0920 2.6362 0.0129,
        -1.4267 2.4711 0.0129,
        -1.7370 2.2638 0.0129,
        -2.0177 2.0177 0.0129,
        -2.2638 1.7370 0.0129,
        -2.4711 1.4267 0.0129,
        -2.6362 1.0920 0.0129,
        -2.7562 0.7385 0.0129,
        -2.8290 0.3724 0.0129,
        -2.8534 0.0000 0.0129,
        -2.8290 -0.3724 0.0129,
        -2.7562 -0.7385 0.0129,
        -2.6362 -1.0920 0.0129,
        -2.4711 -1.4267 0.0129,
        -2.2638 -1.7370 0.0129,
        -2.0177 -2.0177 0.0129,
        -1.7370 -2.2638 0.0129,
        -1.4267 -2.4711 0.0129,
        -1.0920 -2.6362 0.0129,
        -0.7385 -2.7562 0.0129,
        -0.3724 -2.8290 0.0129,
        -0.0000 -2.8534 0.0129,
        0.3724 -2.8290 0.0129,
        0.7385 -2.7562 0.0129,
        1.0920 -2.6362 0.0129,
        1.4267 -2.4711 0.0129,
        1.7370 -2.2638 0.0129,
        2.0177 -2.0177 0.0129,
        2.2638 -1.7370 0.0129,
        2.4711 -1.4267 0.0129,
        2.6362 -1.0920 0.0129,
        2.7562 -0.7385 0.0129,
        2.8290 -0.3724 0.0129,
        2.8528 0.0000 0.0134,
        2.8284 0.3724 0.0134,
        2.7556 0.7383 0.0134,
        2.6356 1.0917 0.0134,
        2.4706 1.4264 0.0134,
        2.2632 1.7366 0.0134,
        2.0172 2.0172 0.0134,
        1.7366 2.2632 0.0134,
        1.4264 2.4706 0.0134,
        1.0917 2.6356 0.0134,
        0.7383 2.7556 0.0134,
        0.3724 2.8284 0.0134,
        0.0000 2.8528 0.0134,
        -0.3724 2.8284 0.0134,
        -0.7383 2.7556 0.0134,
        -1.0917 2.6356 0.0134,
        -1.4264 2.4706 0.0134,
        -1.7366 2.2632 0.0134,
        -2.0172 2.0172 0.0134,
        -2.2632 1.7366 0.0134,
        -2.4706 1.4264 0.0134,
        -2.6356 1.0917 0.0134,
        -2.7556 0.7383 0.0134,
        -2.8284 0.3724 0.0134,
        -2.8528 0.0000 0.0134,
        -2.8284 -0.3724 0.0134,
        -2.7556 -0.7383 0.0134,
        -2.6356 -1.0917 0.0134,
        -2.4706 -1.4264 0.0134,
        -2.2632 -1.7366 0.0134,
        -2.0172 -2.0172 0.0134,
        -1.7366 -2.2632 0.0134,
        -1.4264 -2.4706 0.0134,
        -1.0917 -2.6356 0.0134,
        -0.7383 -2.7556 0.0134,
        -0.3724 -2.8284 0.0134,
        -0.0000 -2.8528 0.0134,
        0.3724 -2.8284 0.0134,
        0.7383 -2.7556 0.0134,
        1.0917 -2.6356 0.0134,
        1.4264 -2.4706 0.0134,
        1.7366 -2.2632 0.0134,
        2.0172 -2.0172 0.0134,
        2.2632 -1.7366 0.0134,
        2.4706 -1.4264 0.0134,
        2.6356 -1.0917 0.0134,
        2.7556 -0.7383 0.0134,
        2.8284 -0.3724 0.0134,
        2.8520 0.0000 0.0137,
        2.8276 0.3723 0.0137,
        2.7548 0.7382 0.0137,
        2.6349 1.0914 0.0137,
        2.4699 1.4260 0.0137,
        2.2626 1.7362 0.0137,
        2.0167 2.0167 0.0137,
        1.7362 2.2626 0.0137,
        1.4260 2.4699 0.0137,
        1.0914 2.6349 0.0137,
        0.7382 2.7548 0.0137,
        0.3723 2.8276 0.0137,
        0.0000 2.8520 0.0137,
        -0.3723 2.8276 0.0137,
        -0.7382 2.7548 0.0137,
        -1.0914 2.6349 0.0137,
        -1.4260 2.4699 0.0137,
        -1.7362 2.2626 0.0137,
        -2.0167 2.0167 0.0137,
        -2.2626 1.7362 0.0137,
        -2.4699 1.4260 0.0137,
        -2.6349 1.0914 0.0137,
        -2.7548 0.7382 0.0137,
        -2.8276 0.3723 0.0137,
        -2.8520 0.0000 0.0137,
        -2.8276 -0.3723 0.0137,
        -2.7548 -0.7382 0.0137,
        -2.6349 -1.0914 0.0137,
        -2.4699 -1.4260 0.0137,
        -2.2626 -1.7362 0.0137,
        -2.0167 -2.0167 0.0137,
        -1.7362 -2.2626 0.0137,
        -1.4260 -2.4699 0.0137,
        -1.0914 -2.6349 0.0137,
        -0.7382 -2.7548 0.0137,
        -0.3723 -2.8276 0.0137,
        -0.0000 -2.8520 0.0137,
        0.3723 -2.8276 0.0137,
        0.7382 -2.7548 0.0137,
        1.0914 -2.6349 0.0137,
        1.4260 -2.4699 0.0137,
        1.7362 -2.2626 0.0137,
        2.0167 -2.0167 0.0137,
        2.2626 -1.7362 0.0137,
        2.4699 -1.4260 0.0137,
        2.6349 -1.0914 0.0137,
        2.7548 -0.7382 0.0137,
        2.8276 -0.3723 0.0137,
        2.8512 0.0000 0.0138,
        2.8268 0.3722 0.0138,
        2.7540 0.7379 0.0138,
        2.6341 1.0911 0.0138,
        2.4692 1.4256 0.0138,
        2.2620 1.7357 0.0138,
        2.0161 2.0161 0.0138,
        1.7357 2.2620 0.0138,
        1.4256 2.4692 0.0138,
        1.0911 2.6341 0.0138,
        0.7379 2.7540 0.0138,
        0.3722 2.8268 0.0138,
        0.0000 2.8512 0.0138,
        -0.3722 2.8268 0.0138,
        -0.7379 2.7540 0.0138,
        -1.0911 2.6341 0.0138,
        -1.4256 2.4692 0.0138,
        -1.7357 2.2620 0.0138,
        -2.0161 2.0161 0.0138,
        -2.2620 1.7357 0.0138,
        -2.4692 1.4256 0.0138,
        -2.6341 1.0911 0.0138,
        -2.7540 0.7379 0.0138,
        -2.8268 0.3722 0.0138,
        -2.8512 0.0000 0.0138,
        -2.8268 -0.3722 0.0138,
        -2.7540 -0.7379 0.0138,
        -2.6341 -1.0911 0.0138,
        -2.4692 -1.4256 0.0138,
        -2.2620 -1.7357 0.0138,
        -2.0161 -2.0161 0.0138,
        -1.7357 -2.2620 0.0138,
        -1.4256 -2.4692 0.0138,
        -1.0911 -2.6341 0.0138,
        -0.7379 -2.7540 0.0138,
        -0.3722 -2.8268 0.0138,
        -0.0000 -2.8512 0.0138,
        0.3722 -2.8268 0.0138,
        0.7379 -2.7540 0.0138,
        1.0911 -2.6341 0.0138,
        1.4256 -2.4692 0.0138,
        1.7357 -2.2620 0.0138,
        2.0161 -2.0161 0.0138,
        2.2620 -1.7357 0.0138,
        2.4692 -1.4256 0.0138,
        2.6341 -1.0911 0.0138,
        2.7540 -0.7379 0.0138,
        2.8268 -0.3722 0.0138,
        0.0000 0.0000 -0.0138,
        0.0000 0.0000 0.0138
    ] }
    coordIndex [
        0, 1, 49, 48, -1,
        1, 2, 50, 49, -1,
        2, 3, 51, 50, -1,
        3, 4, 52, 51, -1,
        4, 5, 53, 52, -1,
        5, 6, 54, 53, -1,
        6, 7, 55, 54, -1,
        7, 8, 56, 55, -1,
        8, 9, 57, 56, -1,
        9, 10, 58, 57, -1,
        10, 11, 59, 58, -1,
        11, 12, 60, 59, -1,
        12, 13, 61, 60, -1,
        13, 14, 62, 61, -1,
        14, 15, 63, 62, -1,
        15, 16, 64, 63, -1,
        16, 17, 65, 64, -1,
        17, 18, 66, 65, -1,
        18, 19, 67, 66, -1,
        19, 20, 68, 67, -1,
        20, 21, 69, 68, -1,
        21, 22, 70, 69, -1,
        22, 23, 71, 70, -1,
        23, 24, 72, 71, -1,
        24, 25, 73, 72, -1,
        25, 26, 74, 73, -1,
        26, 27, 75, 74, -1,
        27, 28, 76, 75, -1,
        28, 29, 77, 76, -1,
        29, 30, 78, 77, -1,
        30, 31, 79, 78, -1,
        31, 32, 80, 79, -1,
        32, 33, 81, 80, -1,
        33, 34, 82, 81, -1,
        34, 35, 83, 82, -1,
        35, 36, 84, 83, -1,
        36, 37, 85, 84, -1,
        37, 38, 86, 85, -1,
        38, 39, 87, 86, -1,
        39, 40, 88, 87, -1,
        40, 41, 89, 88, -1,
        41, 42, 90, 89, -1,
        42, 43, 91, 90, -1,
        43, 44, 92, 91, -1,
        44, 45, 93, 92, -1,
        45, 46, 94, 93, -1,
        46, 47, 95, 94, -1,
        47, 0, 48, 95, -1,
        48, 49, 97, 96, -1,
        49, 50, 98, 97, -1,
        50, 51, 99, 98, -1,
        51, 52, 100, 99, -1,
        52, 53, 101, 100, -1,
        53, 54, 102, 101, -1,
        54, 55, 103, 102, -1,
        55, 56, 104, 103, -1,
        56, 57, 105, 104, -1,
        57, 58, 106, 105, -1,
        58, 59, 107, 106, -1,
        59, 60, 108, 107, -1,
        60, 61, 109, 108, -1,
        61, 62, 110, 109, -1,
        62, 63, 111, 110, -1,
        63, 64, 112, 111, -1,
        64, 65, 113, 112, -1,
        65, 66, 114, 113, -1,
        66, 67, 115, 114, -1,
        67, 68, 116, 115, -1,
        68, 69, 117, 116, -1,
        69, 70, 118, 117, -1,
        70, 71, 119, 118, -1,
        71, 72, 120, 119, -1,
        72, 73, 121, 120, -1,
        73, 74, 122, 121, -1,
        74, 75, 123, 122, -1,
        75, 76, 124, 123, -1,
        76, 77, 125, 124, -1,
        77, 78, 126, 125, -1,
        78, 79, 127, 126, -1,
        79, 80, 128, 127, -1,
        80, 81, 129, 128, -1,
        81, 82, 130, 129, -1,
        82, 83, 131, 130, -1,
        83, 84, 132, 131, -1,
        84, 85, 133, 132, -1,
        85, 86, 134, 133, -1,
        86, 87, 135, 134, -1,
        87, 88, 136, 135, -1,
        88, 89, 137, 136, -1,
        89, 90, 138, 137, -1,
        90, 91, 139, 138, -1,
        91, 92, 140, 139, -1,
        92, 93, 141, 140, -1,
        93, 94, 142, 141, -1,
        94, 95, 143, 142, -1,
        95, 48, 96, 143, -1,
        96, 97, 145, 144, -1,
        97, 98, 146, 145, -1,
        98, 99, 147, 146, -1,
        99, 100, 148, 147, -1,
        100, 101, 149, 148, -1,
        101, 102, 150, 149, -1,
        102, 103, 151, 150, -1,
        103, 104, 152, 151, -1,
        104, 105, 153, 152, -1,
        105, 106, 154, 153, -1,
        106, 107, 155, 154, -1,
        107, 108, 156, 155, -1,
        108, 109, 157, 156, -1,
        109, 110, 158, 157, -1,
        110, 111, 159, 158, -1,
        111, 112, 160, 159, -1,
        112, 113, 161, 160, -1,
        113, 114, 162, 161, -1,
        114, 115, 163, 162, -1,
        115, 116, 164, 163, -1,
        116, 117, 165, 164, -1,
        117, 118, 166, 165, -1,
        118, 119, 167, 166, -1,
        119, 120, 168, 167, -1,
        120, 121, 169, 168, -1,
        121, 122, 170, 169, -1,
        122, 123, 171, 170, -1,
        123, 124, 172, 171, -1,
        124, 125, 173, 172, -1,
        125, 126, 174, 173, -1,
        126, 127, 175, 174, -1,
        127, 128, 176, 175, -1,
        128, 129, 177, 176, -1,
        129, 130, 178, 177, -1,
        130, 131, 179, 178, -1,
        131, 132, 180, 179, -1,
        132, 133, 181, 180, -1,
        133, 134, 182, 181, -1,
        134, 135, 183, 182, -1,
        135, 136, 184, 183, -1,
        136, 137, 185, 184, -1,
        137, 138, 186, 185, -1,
        138, 139, 187, 186, -1,
        139, 140, 188, 187, -1,
        140, 141, 189, 188, -1,
        141, 142, 190, 189, -1,
        142, 143, 191, 190, -1,
        143, 96, 144, 191, -1,
        144, 145, 193, 192, -1,
        145, 146, 194, 193, -1,
        146, 147, 195, 194, -1,
        147, 148, 196, 195, -1,
        148, 149, 197, 196, -1,
        149, 150, 198, 197, -1,
        150, 151, 199, 198, -1,
        151, 152, 200, 199, -1,
        152, 153, 201, 200, -1,
        153, 154, 202, 201, -1,
        154, 155, 203, 202, -1,
        155, 156, 204, 203, -1,
        156, 157, 205, 204, -1,
        157, 158, 206, 205, -1,
        158, 159, 207, 206, -1,
        159, 160, 208, 207, -1,
        160, 161, 209, 208, -1,
        161, 162, 210, 209, -1,
        162, 163, 211, 210, -1,
        163, 164, 212, 211, -1,
        164, 165, 213, 212, -1,
        165, 166, 214, 213, -1,
        166, 167, 215, 214, -1,
        167, 168, 216, 215, -1,
        168, 169, 217, 216, -1,
        169, 170, 218, 217, -1,
        170, 171, 219, 218, -1,
        171, 172, 220, 219, -1,
        172, 173, 221, 220, -1,
        173, 174, 222, 221, -1,
        174, 175, 223, 222, -1,
        175, 176, 224, 223, -1,
        176, 177, 225, 224, -1,
        177, 178, 226, 225, -1,
        178, 179, 227, 226, -1,
        179, 180, 228, 227, -1,
        180, 181, 229, 228, -1,
        181, 182, 230, 229, -1,
        182, 183, 231, 230, -1,
        183, 184, 232, 231, -1,
        184, 185, 233, 232, -1,
        185, 186, 234, 233, -1,
        186, 187, 235, 234, -1,
        187, 188, 236, 235, -1,
        188, 189, 237, 236, -1,
        189, 190, 238, 237, -1,
        190, 191, 239, 238, -1,
        191, 144, 192, 239, -1,
        192, 193, 241, 240, -1,
        193, 194, 242, 241, -1,
        194, 195, 243, 242, -1,
        195, 196, 244, 243, -1,
        196, 197, 245, 244, -1,
        197, 198, 246, 245, -1,
        198, 199, 247, 246, -1,
        199, 200, 248, 247, -1,
        200, 201, 249, 248, -1,
        201, 202, 250, 249, -1,
        202, 203, 251, 250, -1,
        203, 204, 252, 251, -1,
        204, 205, 253, 252, -1,
        205, 206, 254, 253, -1,
        206, 207, 255, 254, -1,
        207, 208, 256, 255, -1,
        208, 209, 257, 256, -1,
        209, 210, 258, 257, -1,
        210, 211, 259, 258, -1,
        211, 212, 260, 259, -1,
        212, 213, 261, 260, -1,
        213, 214, 262, 261, -1,
        214, 215, 263, 262, -1,
        215, 216, 264, 263, -1,
        216, 217, 265, 264, -1,
        217, 218, 266, 265, -1,
        218, 219, 267, 266, -1,
        219, 220, 268, 267, -1,
        220, 221, 269, 268, -1,
        221, 222, 270, 269, -1,
        222, 223, 271, 270, -1,
        223, 224, 272, 271, -1,
        224, 225, 273, 272, -1,
        225, 226, 274, 273, -1,
        226, 227, 275, 274, -1,
        227, 228, 276, 275, -1,
        228, 229, 277, 276, -1,
        229, 230, 278, 277, -1,
        230, 231, 279, 278, -1,
        231, 232, 280, 279, -1,
        232, 233, 281, 280, -1,
        233, 234, 282, 281, -1,
        234, 235, 283, 282, -1,
        235, 236, 284, 283, -1,
        236, 237, 285, 284, -1,
        237, 238, 286, 285, -1,
        238, 239, 287, 286, -1,
        239, 192, 240, 287, -1,
        240, 241, 289, 288, -1,
        241, 242, 290, 289, -1,
        242, 243, 291, 290, -1,
        243, 244, 292, 291, -1,
        244, 245, 293, 292, -1,
        245, 246, 294, 293, -1,
        246, 247, 295, 294, -1,
        247, 248, 296, 295, -1,
        248, 249, 297, 296, -1,
        249, 250, 298, 297, -1,
        250, 251, 299, 298, -1,
        251, 252, 300, 299, -1,
        252, 253, 301, 300, -1,
        253, 254, 302, 301, -1,
        254, 255, 303, 302, -1,
        255, 256, 304, 303, -1,
        256, 257, 305, 304, -1,
        257, 258, 306, 305, -1,
        258, 259, 307, 306, -1,
        259, 260, 308, 307, -1,
        260, 261, 309, 308, -1,
        261, 262, 310, 309, -1,
        262, 263, 311, 310, -1,
        263, 264, 312, 311, -1,
        264, 265, 313, 312, -1,
        265, 266, 314, 313, -1,
        266, 267, 315, 314, -1,
        267, 268, 316, 315, -1,
        268, 269, 317, 316, -1,
        269, 270, 318, 317, -1,
        270, 271, 319, 318, -1,
        271, 272, 320, 319, -1,
        272, 273, 321, 320, -1,
        273, 274, 322, 321, -1,
        274, 275, 323, 322, -1,
        275, 276, 324, 323, -1,
        276, 277, 325, 324, -1,
        277, 278, 326, 325, -1,
        278, 279, 327, 326, -1,
        279, 280, 328, 327, -1,
        280, 281, 329, 328, -1,
        281, 282, 330, 329, -1,
        282, 283, 331, 330, -1,
        283, 284, 332, 331, -1,
        284, 285, 333, 332, -1,
        285, 286, 334, 333, -1,
        286, 287, 335, 334, -1,
        287, 240, 288, 335, -1,
        288, 289, 337, 336, -1,
        289, 290, 338, 337, -1,
        290, 291, 339, 338, -1,
        291, 292, 340, 339, -1,
        292, 293, 341, 340, -1,
        293, 294, 342, 341, -1,
        294, 295, 343, 342, -1,
        295, 296, 344, 343, -1,
        296, 297, 345, 344, -1,
        297, 298, 346, 345, -1,
        298, 299, 347, 346, -1,
        299, 300, 348, 347, -1,
        300, 301, 349, 348, -1,
        301, 302, 350, 349, -1,
        302, 303, 351, 350, -1,
        303, 304, 352, 351, -1,
        304, 305, 353, 352, -1,
        305, 306, 354, 353, -1,
        306, 307, 355, 354, -1,
        307, 308, 356, 355, -1,
        308, 309, 357, 356, -1,
        309, 310, 358, 357, -1,
        310, 311, 359, 358, -1,
        311, 312, 360, 359, -1,
        312, 313, 361, 360, -1,
        313, 314, 362, 361, -1,
        314, 315, 363, 362, -1,
        315, 316, 364, 363, -1,
        316, 317, 365, 364, -1,
        317, 318, 366, 365, -1,
        318, 319, 367, 366, -1,
        319, 320, 368, 367, -1,
        320, 321, 369, 368, -1,
        321, 322, 370, 369, -1,
        322, 323, 371, 370, -1,
        323, 324, 372, 371, -1,
        324, 325, 373, 372, -1,
        325, 326, 374, 373, -1,
        326, 327, 375, 374, -1,
        327, 328, 376, 375, -1,
        328, 329, 377, 376, -1,
        329, 330, 378, 377, -1,
        330, 331, 379, 378, -1,
        331, 332, 380, 379, -1,
        332, 333, 381, 380, -1,
        333, 334, 382, 381, -1,
        334, 335, 383, 382, -1,
        335, 288, 336, 383, -1,
        336, 337, 385, 384, -1,
        337, 338, 386, 385, -1,
        338, 339, 387, 386, -1,
        339, 340, 388, 387, -1,
        340, 341, 389, 388, -1,
        341, 342, 390, 389, -1,
        342, 343, 391, 390, -1,
        343, 344, 392, 391, -1,
        344, 345, 393, 392, -1,
        345, 346, 394, 393, -1,
        346, 347, 395, 394, -1,
        347, 348, 396, 395, -1,
        348, 349, 397, 396, -1,
        349, 350, 398, 397, -1,
        350, 351, 399, 398, -1,
        351, 352, 400, 399, -1,
        352, 353, 401, 400, -1,
        353, 354, 402, 401, -1,
        354, 355, 403, 402, -1,
        355, 356, 404, 403, -1,
        356, 357, 405, 404, -1,
        357, 358, 406, 405, -1,
        358, 359, 407, 406, -1,
        359, 360, 408, 407, -1,
        360, 361, 409, 408, -1,
        361, 362, 410, 409, -1,
        362, 363, 411, 410, -1,
        363, 364, 412, 411, -1,
        364, 365, 413, 412, -1,
        365, 366, 414, 413, -1,
        366, 367, 415, 414, -1,
        367, 368, 416, 415, -1,
        368, 369, 417, 416, -1,
        369, 370, 418, 417, -1,
        370, 371, 419, 418, -1,
        371, 372, 420, 419, -1,
        372, 373, 421, 420, -1,
        373, 374, 422, 421, -1,
        374, 375, 423, 422, -1,
        375, 376, 424, 423, -1,
        376, 377, 425, 424, -1,
        377, 378, 426, 425, -1,
        378, 379, 427, 426, -1,
        379, 380, 428, 427, -1,
        380, 381, 429, 428, -1,
        381, 382, 430, 429, -1,
        382, 383, 431, 430, -1,
        383, 336, 384, 431, -1,
        384, 385, 433, 432, -1,
        385, 386, 434, 433, -1,
        386, 387, 435, 434, -1,
        387, 388, 436, 435, -1,
        388, 389, 437, 436, -1,
        389, 390, 438, 437, -1,
        390, 391, 439, 438, -1,
        391, 392, 440, 439, -1,
        392, 393, 441, 440, -1,
        393, 394, 442, 441, -1,
        394, 395, 443, 442, -1,
        395, 396, 444, 443, -1,
        396, 397, 445, 444, -1,
        397, 398, 446, 445, -1,
        398, 399, 447, 446, -1,
        399, 400, 448, 447, -1,
        400, 401, 449, 448, -1,
        401, 402, 450, 449, -1,
        402, 403, 451, 450, -1,
        403, 404, 452, 451, -1,
        404, 405, 453, 452, -1,
        405, 406, 454, 453, -1,
        406, 407, 455, 454, -1,
        407, 408, 456, 455, -1,
        408, 409, 457, 456, -1,
        409, 410, 458, 457, -1,
        410, 411, 459, 458, -1,
        411, 412, 460, 459, -1,
        412, 413, 461, 460, -1,
        413, 414, 462, 461, -1,
        414, 415, 463, 462, -1,
        415, 416, 464, 463, -1,
        416, 417, 465, 464, -1,
        417, 418, 466, 465, -1,
        418, 419, 467, 466, -1,
        419, 420, 468, 467, -1,
        420, 421, 469, 468, -1,
        421, 422, 470, 469, -1,
        422, 423, 471, 470, -1,
        423, 424, 472, 471, -1,
        424, 425, 473, 472, -1,
        425, 426, 474, 473, -1,
        426, 427, 475, 474, -1,
        427, 428, 476, 475, -1,
        428, 429, 477, 476, -1,
        429, 430, 478, 477, -1,
        430, 431, 479, 478, -1,
        431, 384, 432, 479, -1,
        432, 433, 481, 480, -1,
        433, 434, 482, 481, -1,
        434, 435, 483, 482, -1,
        435, 436, 484, 483, -1,
        436, 437, 485, 484, -1,
        437, 438, 486, 485, -1,
        438, 439, 487, 486, -1,
        439, 440, 488, 487, -1,
        440, 441, 489, 488, -1,
        441, 442, 490, 489, -1,
        442, 443, 491, 490, -1,
        443, 444, 492, 491, -1,
        444, 445, 493, 492, -1,
        445, 446, 494, 493, -1,
        446, 447, 495, 494, -1,
        447, 448, 496, 495, -1,
        448, 449, 497, 496, -1,
        449, 450, 498, 497, -1,
        450, 451, 499, 498, -1,
        451, 452, 500, 499, -1,
        452, 453, 501, 500, -1,
        453, 454, 502, 501, -1,
        454, 455, 503, 502, -1,
        455, 456, 504, 503, -1,
        456, 457, 505, 504, -1,
        457, 458, 506, 505, -1,
        458, 459, 507, 506, -1,
        459, 460, 508, 507, -1,
        460, 461, 509, 508, -1,
        461, 462, 510, 509, -1,
        462, 463, 511, 510, -1,
        463, 464, 512, 511, -1,
        464, 465, 513, 512, -1,
        465, 466, 514, 513, -1,
        466, 467, 515, 514, -1,
        467, 468, 516, 515, -1,
        468, 469, 517, 516, -1,
        469, 470, 518, 517, -1,
        470, 471, 519, 518, -1,
        471, 472, 520, 519, -1,
        472, 473, 521, 520, -1,
        473, 474, 522, 521, -1,
        474, 475, 523, 522, -1,
        475, 476, 524, 523, -1,
        476, 477, 525, 524, -1,
        477, 478, 526, 525, -1,
        478, 479, 527, 526, -1,
        479, 432, 480, 527, -1,
        480, 481, 529, 528, -1,
        481, 482, 530, 529, -1,
        482, 483, 531, 530, -1,
        483, 484, 532, 531, -1,
        484, 485, 533, 532, -1,
        485, 486, 534, 533, -1,
        486, 487, 535, 534, -1,
        487, 488, 536, 535, -1,
        488, 489, 537, 536, -1,
        489, 490, 538, 537, -1,
        490, 491, 539, 538, -1,
        491, 492, 540, 539, -1,
        492, 493, 541, 540, -1,
        493, 494, 542, 541, -1,
        494, 495, 543, 542, -1,
        495, 496, 544, 543, -1,
        496, 497, 545, 544, -1,
        497, 498, 546, 545, -1,
        498, 499, 547, 546, -1,
        499, 500, 548, 547, -1,
        500, 501, 549, 548, -1,
        501, 502, 550, 549, -1,
        502, 503, 551, 550, -1,
        503, 504, 552, 551, -1,
        504, 505, 553, 552, -1,
        505, 506, 554, 553, -1,
        506, 507, 555, 554, -1,
        507, 508, 556, 555, -1,
        508, 509, 557, 556, -1,
        509, 510, 558, 557, -1,
        510, 511, 559, 558, -1,
        511, 512, 560, 559, -1,
        512, 513, 561, 560, -1,
        513, 514, 562, 561, -1,
        514, 515, 563, 562, -1,
        515, 516, 564, 563, -1,
        516, 517, 565, 564, -1,
        517, 518, 566, 565, -1,
        518, 519, 567, 566, -1,
        519, 520, 568, 567, -1,
        520, 521, 569, 568, -1,
        521, 522, 570, 569, -1,
        522, 523, 571, 570, -1,
        523, 524, 572, 571, -1,
        524, 525, 573, 572, -1,
        525, 526, 574, 573, -1,
        526, 527, 575, 574, -1,
        527, 480, 528, 575, -1,
        528, 529, 577, 576, -1,
        529, 530, 578, 577, -1,
        530, 531, 579, 578, -1,
        531, 532, 580, 579, -1,
        532, 533, 581, 580, -1,
        533, 534, 582, 581, -1,
        534, 535, 583, 582, -1,
        535, 536, 584, 583, -1,
        536, 537, 585, 584, -1,
        537, 538, 586, 585, -1,
        538, 539, 587, 586, -1,
        539, 540, 588, 587, -1,
        540, 541, 589, 588, -1,
        541, 542, 590, 589, -1,
        542, 543, 591, 590, -1,
        543, 544, 592, 591, -1,
        544, 545, 593, 592, -1,
        545, 546, 594, 593, -1,
        546, 547, 595, 594, -1,
        547, 548, 596, 595, -1,
        548, 549, 597, 596, -1,
        549, 550, 598, 597, -1,
        550, 551, 599, 598, -1,
        551, 552, 600, 599, -1,
        552, 553, 601, 600, -1,
        553, 554, 602, 601, -1,
        554, 555, 603, 602, -1,
        555, 556, 604, 603, -1,
        556, 557, 605, 604, -1,
        557, 558, 606, 605, -1,
        558, 559, 607, 606, -1,
        559, 560, 608, 607, -1,
        560, 561, 609, 608, -1,
        561, 562, 610, 609, -1,
        562, 563, 611, 610, -1,
        563, 564, 612, 611, -1,
        564, 565, 613, 612, -1,
        565, 566, 614, 613, -1,
        566, 567, 615, 614, -1,
        567, 568, 616, 615, -1,
        568, 569, 617, 616, -1,
        569, 570, 618, 617, -1,
        570, 571, 619, 618, -1,
        571, 572, 620, 619, -1,
        572, 573, 621, 620, -1,
        573, 574, 622, 621, -1,
        574, 575, 623, 622, -1,
        575, 528, 576, 623, -1,
        576, 577, 625, 624, -1,
        577, 578, 626, 625, -1,
        578, 579, 627, 626, -1,
        579, 580, 628, 627, -1,
        580, 581, 629, 628, -1,
        581, 582, 630, 629, -1,
        582, 583, 631, 630, -1,
        583, 584, 632, 631, -1,
        584, 585, 633, 632, -1,
        585, 586, 634, 633, -1,
        586, 587, 635, 634, -1,
        587, 588, 636, 635, -1,
        588, 589, 637, 636, -1,
        589, 590, 638, 637, -1,
        590, 591, 639, 638, -1,
        591, 592, 640, 639, -1,
        592, 593, 641, 640, -1,
        593, 594, 642, 641, -1,
        594, 595, 643, 642, -1,
        595, 596, 644, 643, -1,
        596, 597, 645, 644, -1,
        597, 598, 646, 645, -1,
        598, 599, 647, 646, -1,
        599, 600, 648, 647, -1,
        600, 601, 649, 648, -1,
        601, 602, 650, 649, -1,
        602, 603, 651, 650, -1,
        603, 604, 652, 651, -1,
        604, 605, 653, 652, -1,
        605, 606, 654, 653, -1,
        606, 607, 655, 654, -1,
        607, 608, 656, 655, -1,
        608, 609, 657, 656, -1,
        609, 610, 658, 657, -1,
        610, 611, 659, 658, -1,
        611, 612, 660, 659, -1,
        612, 613, 661, 660, -1,
        613, 614, 662, 661, -1,
        614, 615, 663, 662, -1,
        615, 616, 664, 663, -1,
        616, 617, 665, 664, -1,
        617, 618, 666, 665, -1,
        618, 619, 667, 666, -1,
        619, 620, 668, 667, -1,
        620, 621, 669, 668, -1,
        621, 622, 670, 669, -1,
        622, 623, 671, 670, -1,
        623, 576, 624, 671, -1,
        672, 1, 0, -1,
        673, 624, 625, -1,
        672, 2, 1, -1,
        673, 625, 626, -1,
        672, 3, 2, -1,
        673, 626, 627, -1,
        672, 4, 3, -1,
        673, 627, 628, -1,
        672, 5, 4, -1,
        673, 628, 629, -1,
        672, 6, 5, -1,
        673, 629, 630, -1,
        672, 7, 6, -1,
        673, 630, 631, -1,
        672, 8, 7, -1,
        673, 631, 632, -1,
        672, 9, 8, -1,
        673, 632, 633, -1,
        672, 10, 9, -1,
        673, 633, 634, -1,
        672, 11, 10, -1,
        673, 634, 635, -1,
        672, 12, 11, -1,
        673, 635, 636, -1,
        672, 13, 12, -1,
        673, 636, 637, -1,
        672, 14, 13, -1,
        673, 637, 638, -1,
        672, 15, 14, -1,
        673, 638, 639, -1,
        672, 16, 15, -1,
        673, 639, 640, -1,
        672, 17, 16, -1,
        673, 640, 641, -1,
        672, 18, 17, -1,
        673, 641, 642, -1,
        672, 19, 18, -1,
        673, 642, 643, -1,
        672, 20, 19, -1,
        673, 643, 644, -1,
        672, 21, 20, -1,
        673, 644, 645, -1,
        672, 22, 21, -1,
        673, 645, 646, -1,
        672, 23, 22, -1,
        673, 646, 647, -1,
        672, 24, 23, -1,
        673, 647, 648, -1,
        672, 25, 24, -1,
        673, 648, 649, -1,
        672, 26, 25, -1,
        673, 649, 650, -1,
        672, 27, 26, -1,
        673, 650, 651, -1,
        672, 28, 27, -1,
        673, 651, 652, -1,
        672, 29, 28, -1,
        673, 652, 653, -1,
        672, 30, 29, -1,
        673, 653, 654, -1,
        672, 31, 30, -1,
        673, 654, 655, -1,
        672, 32, 31, -1,
        673, 655, 656, -1,
        672, 33, 32, -1,
        673, 656, 657, -1,
        672, 34, 33, -1,
        673, 657, 658, -1,
        672, 35, 34, -1,
        673, 658, 659, -1,
        672, 36, 35, -1,
        673, 659, 660, -1,
        672, 37, 36, -1,
        673, 660, 661, -1,
        672, 38, 37, -1,
        673, 661, 662, -1,
        672, 39, 38, -1,
        673, 662, 663, -1,
        672, 40, 39, -1,
        673, 663, 664, -1,
        672, 41, 40, -1,
        673, 664, 665, -1,
        672, 42, 41, -1,
        673, 665, 666, -1,
        672, 43, 42, -1,
        673, 666, 667, -1,
        672, 44, 43, -1,
        673, 667, 668, -1,
        672, 45, 44, -1,
        673, 668, 669, -1,
        672, 46, 45, -1,
        673, 669, 670, -1,
        672, 47, 46, -1,
        673, 670, 671, -1,
        672, 0, 47, -1,
        673, 671, 624, -1
    ]
    creaseAngle 0.80
    solid TRUE
  } }
] }
# Stamped X vent groove 1
Transform { translation 0.0000 0.0000 10.3559 rotation 0 0 1 0.785398 children [
  Shape { appearance USE VENT geometry Box { size 5.3937 0.0256 0.0031 } }
] }
# Stamped X vent groove 2
Transform { translation 0.0000 0.0000 10.3559 rotation 0 0 1 -0.785398 children [
  Shape { appearance USE VENT geometry Box { size 5.3937 0.0256 0.0031 } }
] }
# Positive lead
Transform { translation -1.4764 0.0000 -0.5669 children [
  Shape { appearance USE LEAD geometry IndexedFaceSet {
    coord Coordinate { point [
        0.1417 0.0000 -0.6299,
        0.1405 0.0185 -0.6299,
        0.1369 0.0367 -0.6299,
        0.1309 0.0542 -0.6299,
        0.1227 0.0709 -0.6299,
        0.1124 0.0863 -0.6299,
        0.1002 0.1002 -0.6299,
        0.0863 0.1124 -0.6299,
        0.0709 0.1227 -0.6299,
        0.0542 0.1309 -0.6299,
        0.0367 0.1369 -0.6299,
        0.0185 0.1405 -0.6299,
        0.0000 0.1417 -0.6299,
        -0.0185 0.1405 -0.6299,
        -0.0367 0.1369 -0.6299,
        -0.0542 0.1309 -0.6299,
        -0.0709 0.1227 -0.6299,
        -0.0863 0.1124 -0.6299,
        -0.1002 0.1002 -0.6299,
        -0.1124 0.0863 -0.6299,
        -0.1227 0.0709 -0.6299,
        -0.1309 0.0542 -0.6299,
        -0.1369 0.0367 -0.6299,
        -0.1405 0.0185 -0.6299,
        -0.1417 0.0000 -0.6299,
        -0.1405 -0.0185 -0.6299,
        -0.1369 -0.0367 -0.6299,
        -0.1309 -0.0542 -0.6299,
        -0.1227 -0.0709 -0.6299,
        -0.1124 -0.0863 -0.6299,
        -0.1002 -0.1002 -0.6299,
        -0.0863 -0.1124 -0.6299,
        -0.0709 -0.1227 -0.6299,
        -0.0542 -0.1309 -0.6299,
        -0.0367 -0.1369 -0.6299,
        -0.0185 -0.1405 -0.6299,
        -0.0000 -0.1417 -0.6299,
        0.0185 -0.1405 -0.6299,
        0.0367 -0.1369 -0.6299,
        0.0542 -0.1309 -0.6299,
        0.0709 -0.1227 -0.6299,
        0.0863 -0.1124 -0.6299,
        0.1002 -0.1002 -0.6299,
        0.1124 -0.0863 -0.6299,
        0.1227 -0.0709 -0.6299,
        0.1309 -0.0542 -0.6299,
        0.1369 -0.0367 -0.6299,
        0.1405 -0.0185 -0.6299,
        0.1458 0.0000 -0.6294,
        0.1446 0.0190 -0.6294,
        0.1408 0.0377 -0.6294,
        0.1347 0.0558 -0.6294,
        0.1263 0.0729 -0.6294,
        0.1157 0.0888 -0.6294,
        0.1031 0.1031 -0.6294,
        0.0888 0.1157 -0.6294,
        0.0729 0.1263 -0.6294,
        0.0558 0.1347 -0.6294,
        0.0377 0.1408 -0.6294,
        0.0190 0.1446 -0.6294,
        0.0000 0.1458 -0.6294,
        -0.0190 0.1446 -0.6294,
        -0.0377 0.1408 -0.6294,
        -0.0558 0.1347 -0.6294,
        -0.0729 0.1263 -0.6294,
        -0.0888 0.1157 -0.6294,
        -0.1031 0.1031 -0.6294,
        -0.1157 0.0888 -0.6294,
        -0.1263 0.0729 -0.6294,
        -0.1347 0.0558 -0.6294,
        -0.1408 0.0377 -0.6294,
        -0.1446 0.0190 -0.6294,
        -0.1458 0.0000 -0.6294,
        -0.1446 -0.0190 -0.6294,
        -0.1408 -0.0377 -0.6294,
        -0.1347 -0.0558 -0.6294,
        -0.1263 -0.0729 -0.6294,
        -0.1157 -0.0888 -0.6294,
        -0.1031 -0.1031 -0.6294,
        -0.0888 -0.1157 -0.6294,
        -0.0729 -0.1263 -0.6294,
        -0.0558 -0.1347 -0.6294,
        -0.0377 -0.1408 -0.6294,
        -0.0190 -0.1446 -0.6294,
        -0.0000 -0.1458 -0.6294,
        0.0190 -0.1446 -0.6294,
        0.0377 -0.1408 -0.6294,
        0.0558 -0.1347 -0.6294,
        0.0729 -0.1263 -0.6294,
        0.0888 -0.1157 -0.6294,
        0.1031 -0.1031 -0.6294,
        0.1157 -0.0888 -0.6294,
        0.1263 -0.0729 -0.6294,
        0.1347 -0.0558 -0.6294,
        0.1408 -0.0377 -0.6294,
        0.1446 -0.0190 -0.6294,
        0.1496 0.0000 -0.6278,
        0.1483 0.0195 -0.6278,
        0.1445 0.0387 -0.6278,
        0.1382 0.0573 -0.6278,
        0.1296 0.0748 -0.6278,
        0.1187 0.0911 -0.6278,
        0.1058 0.1058 -0.6278,
        0.0911 0.1187 -0.6278,
        0.0748 0.1296 -0.6278,
        0.0573 0.1382 -0.6278,
        0.0387 0.1445 -0.6278,
        0.0195 0.1483 -0.6278,
        0.0000 0.1496 -0.6278,
        -0.0195 0.1483 -0.6278,
        -0.0387 0.1445 -0.6278,
        -0.0573 0.1382 -0.6278,
        -0.0748 0.1296 -0.6278,
        -0.0911 0.1187 -0.6278,
        -0.1058 0.1058 -0.6278,
        -0.1187 0.0911 -0.6278,
        -0.1296 0.0748 -0.6278,
        -0.1382 0.0573 -0.6278,
        -0.1445 0.0387 -0.6278,
        -0.1483 0.0195 -0.6278,
        -0.1496 0.0000 -0.6278,
        -0.1483 -0.0195 -0.6278,
        -0.1445 -0.0387 -0.6278,
        -0.1382 -0.0573 -0.6278,
        -0.1296 -0.0748 -0.6278,
        -0.1187 -0.0911 -0.6278,
        -0.1058 -0.1058 -0.6278,
        -0.0911 -0.1187 -0.6278,
        -0.0748 -0.1296 -0.6278,
        -0.0573 -0.1382 -0.6278,
        -0.0387 -0.1445 -0.6278,
        -0.0195 -0.1483 -0.6278,
        -0.0000 -0.1496 -0.6278,
        0.0195 -0.1483 -0.6278,
        0.0387 -0.1445 -0.6278,
        0.0573 -0.1382 -0.6278,
        0.0748 -0.1296 -0.6278,
        0.0911 -0.1187 -0.6278,
        0.1058 -0.1058 -0.6278,
        0.1187 -0.0911 -0.6278,
        0.1296 -0.0748 -0.6278,
        0.1382 -0.0573 -0.6278,
        0.1445 -0.0387 -0.6278,
        0.1483 -0.0195 -0.6278,
        0.1529 0.0000 -0.6253,
        0.1516 0.0200 -0.6253,
        0.1477 0.0396 -0.6253,
        0.1412 0.0585 -0.6253,
        0.1324 0.0764 -0.6253,
        0.1213 0.0931 -0.6253,
        0.1081 0.1081 -0.6253,
        0.0931 0.1213 -0.6253,
        0.0764 0.1324 -0.6253,
        0.0585 0.1412 -0.6253,
        0.0396 0.1477 -0.6253,
        0.0200 0.1516 -0.6253,
        0.0000 0.1529 -0.6253,
        -0.0200 0.1516 -0.6253,
        -0.0396 0.1477 -0.6253,
        -0.0585 0.1412 -0.6253,
        -0.0764 0.1324 -0.6253,
        -0.0931 0.1213 -0.6253,
        -0.1081 0.1081 -0.6253,
        -0.1213 0.0931 -0.6253,
        -0.1324 0.0764 -0.6253,
        -0.1412 0.0585 -0.6253,
        -0.1477 0.0396 -0.6253,
        -0.1516 0.0200 -0.6253,
        -0.1529 0.0000 -0.6253,
        -0.1516 -0.0200 -0.6253,
        -0.1477 -0.0396 -0.6253,
        -0.1412 -0.0585 -0.6253,
        -0.1324 -0.0764 -0.6253,
        -0.1213 -0.0931 -0.6253,
        -0.1081 -0.1081 -0.6253,
        -0.0931 -0.1213 -0.6253,
        -0.0764 -0.1324 -0.6253,
        -0.0585 -0.1412 -0.6253,
        -0.0396 -0.1477 -0.6253,
        -0.0200 -0.1516 -0.6253,
        -0.0000 -0.1529 -0.6253,
        0.0200 -0.1516 -0.6253,
        0.0396 -0.1477 -0.6253,
        0.0585 -0.1412 -0.6253,
        0.0764 -0.1324 -0.6253,
        0.0931 -0.1213 -0.6253,
        0.1081 -0.1081 -0.6253,
        0.1213 -0.0931 -0.6253,
        0.1324 -0.0764 -0.6253,
        0.1412 -0.0585 -0.6253,
        0.1477 -0.0396 -0.6253,
        0.1516 -0.0200 -0.6253,
        0.1554 0.0000 -0.6220,
        0.1540 0.0203 -0.6220,
        0.1501 0.0402 -0.6220,
        0.1435 0.0595 -0.6220,
        0.1346 0.0777 -0.6220,
        0.1233 0.0946 -0.6220,
        0.1099 0.1099 -0.6220,
        0.0946 0.1233 -0.6220,
        0.0777 0.1346 -0.6220,
        0.0595 0.1435 -0.6220,
        0.0402 0.1501 -0.6220,
        0.0203 0.1540 -0.6220,
        0.0000 0.1554 -0.6220,
        -0.0203 0.1540 -0.6220,
        -0.0402 0.1501 -0.6220,
        -0.0595 0.1435 -0.6220,
        -0.0777 0.1346 -0.6220,
        -0.0946 0.1233 -0.6220,
        -0.1099 0.1099 -0.6220,
        -0.1233 0.0946 -0.6220,
        -0.1346 0.0777 -0.6220,
        -0.1435 0.0595 -0.6220,
        -0.1501 0.0402 -0.6220,
        -0.1540 0.0203 -0.6220,
        -0.1554 0.0000 -0.6220,
        -0.1540 -0.0203 -0.6220,
        -0.1501 -0.0402 -0.6220,
        -0.1435 -0.0595 -0.6220,
        -0.1346 -0.0777 -0.6220,
        -0.1233 -0.0946 -0.6220,
        -0.1099 -0.1099 -0.6220,
        -0.0946 -0.1233 -0.6220,
        -0.0777 -0.1346 -0.6220,
        -0.0595 -0.1435 -0.6220,
        -0.0402 -0.1501 -0.6220,
        -0.0203 -0.1540 -0.6220,
        -0.0000 -0.1554 -0.6220,
        0.0203 -0.1540 -0.6220,
        0.0402 -0.1501 -0.6220,
        0.0595 -0.1435 -0.6220,
        0.0777 -0.1346 -0.6220,
        0.0946 -0.1233 -0.6220,
        0.1099 -0.1099 -0.6220,
        0.1233 -0.0946 -0.6220,
        0.1346 -0.0777 -0.6220,
        0.1435 -0.0595 -0.6220,
        0.1501 -0.0402 -0.6220,
        0.1540 -0.0203 -0.6220,
        0.1569 0.0000 -0.6182,
        0.1556 0.0205 -0.6182,
        0.1516 0.0406 -0.6182,
        0.1450 0.0601 -0.6182,
        0.1359 0.0785 -0.6182,
        0.1245 0.0955 -0.6182,
        0.1110 0.1110 -0.6182,
        0.0955 0.1245 -0.6182,
        0.0785 0.1359 -0.6182,
        0.0601 0.1450 -0.6182,
        0.0406 0.1516 -0.6182,
        0.0205 0.1556 -0.6182,
        0.0000 0.1569 -0.6182,
        -0.0205 0.1556 -0.6182,
        -0.0406 0.1516 -0.6182,
        -0.0601 0.1450 -0.6182,
        -0.0785 0.1359 -0.6182,
        -0.0955 0.1245 -0.6182,
        -0.1110 0.1110 -0.6182,
        -0.1245 0.0955 -0.6182,
        -0.1359 0.0785 -0.6182,
        -0.1450 0.0601 -0.6182,
        -0.1516 0.0406 -0.6182,
        -0.1556 0.0205 -0.6182,
        -0.1569 0.0000 -0.6182,
        -0.1556 -0.0205 -0.6182,
        -0.1516 -0.0406 -0.6182,
        -0.1450 -0.0601 -0.6182,
        -0.1359 -0.0785 -0.6182,
        -0.1245 -0.0955 -0.6182,
        -0.1110 -0.1110 -0.6182,
        -0.0955 -0.1245 -0.6182,
        -0.0785 -0.1359 -0.6182,
        -0.0601 -0.1450 -0.6182,
        -0.0406 -0.1516 -0.6182,
        -0.0205 -0.1556 -0.6182,
        -0.0000 -0.1569 -0.6182,
        0.0205 -0.1556 -0.6182,
        0.0406 -0.1516 -0.6182,
        0.0601 -0.1450 -0.6182,
        0.0785 -0.1359 -0.6182,
        0.0955 -0.1245 -0.6182,
        0.1110 -0.1110 -0.6182,
        0.1245 -0.0955 -0.6182,
        0.1359 -0.0785 -0.6182,
        0.1450 -0.0601 -0.6182,
        0.1516 -0.0406 -0.6182,
        0.1556 -0.0205 -0.6182,
        0.1575 0.0000 -0.6142,
        0.1561 0.0206 -0.6142,
        0.1521 0.0408 -0.6142,
        0.1455 0.0603 -0.6142,
        0.1364 0.0787 -0.6142,
        0.1249 0.0959 -0.6142,
        0.1114 0.1114 -0.6142,
        0.0959 0.1249 -0.6142,
        0.0787 0.1364 -0.6142,
        0.0603 0.1455 -0.6142,
        0.0408 0.1521 -0.6142,
        0.0206 0.1561 -0.6142,
        0.0000 0.1575 -0.6142,
        -0.0206 0.1561 -0.6142,
        -0.0408 0.1521 -0.6142,
        -0.0603 0.1455 -0.6142,
        -0.0787 0.1364 -0.6142,
        -0.0959 0.1249 -0.6142,
        -0.1114 0.1114 -0.6142,
        -0.1249 0.0959 -0.6142,
        -0.1364 0.0787 -0.6142,
        -0.1455 0.0603 -0.6142,
        -0.1521 0.0408 -0.6142,
        -0.1561 0.0206 -0.6142,
        -0.1575 0.0000 -0.6142,
        -0.1561 -0.0206 -0.6142,
        -0.1521 -0.0408 -0.6142,
        -0.1455 -0.0603 -0.6142,
        -0.1364 -0.0787 -0.6142,
        -0.1249 -0.0959 -0.6142,
        -0.1114 -0.1114 -0.6142,
        -0.0959 -0.1249 -0.6142,
        -0.0787 -0.1364 -0.6142,
        -0.0603 -0.1455 -0.6142,
        -0.0408 -0.1521 -0.6142,
        -0.0206 -0.1561 -0.6142,
        -0.0000 -0.1575 -0.6142,
        0.0206 -0.1561 -0.6142,
        0.0408 -0.1521 -0.6142,
        0.0603 -0.1455 -0.6142,
        0.0787 -0.1364 -0.6142,
        0.0959 -0.1249 -0.6142,
        0.1114 -0.1114 -0.6142,
        0.1249 -0.0959 -0.6142,
        0.1364 -0.0787 -0.6142,
        0.1455 -0.0603 -0.6142,
        0.1521 -0.0408 -0.6142,
        0.1561 -0.0206 -0.6142,
        0.1575 0.0000 0.6142,
        0.1561 0.0206 0.6142,
        0.1521 0.0408 0.6142,
        0.1455 0.0603 0.6142,
        0.1364 0.0787 0.6142,
        0.1249 0.0959 0.6142,
        0.1114 0.1114 0.6142,
        0.0959 0.1249 0.6142,
        0.0787 0.1364 0.6142,
        0.0603 0.1455 0.6142,
        0.0408 0.1521 0.6142,
        0.0206 0.1561 0.6142,
        0.0000 0.1575 0.6142,
        -0.0206 0.1561 0.6142,
        -0.0408 0.1521 0.6142,
        -0.0603 0.1455 0.6142,
        -0.0787 0.1364 0.6142,
        -0.0959 0.1249 0.6142,
        -0.1114 0.1114 0.6142,
        -0.1249 0.0959 0.6142,
        -0.1364 0.0787 0.6142,
        -0.1455 0.0603 0.6142,
        -0.1521 0.0408 0.6142,
        -0.1561 0.0206 0.6142,
        -0.1575 0.0000 0.6142,
        -0.1561 -0.0206 0.6142,
        -0.1521 -0.0408 0.6142,
        -0.1455 -0.0603 0.6142,
        -0.1364 -0.0787 0.6142,
        -0.1249 -0.0959 0.6142,
        -0.1114 -0.1114 0.6142,
        -0.0959 -0.1249 0.6142,
        -0.0787 -0.1364 0.6142,
        -0.0603 -0.1455 0.6142,
        -0.0408 -0.1521 0.6142,
        -0.0206 -0.1561 0.6142,
        -0.0000 -0.1575 0.6142,
        0.0206 -0.1561 0.6142,
        0.0408 -0.1521 0.6142,
        0.0603 -0.1455 0.6142,
        0.0787 -0.1364 0.6142,
        0.0959 -0.1249 0.6142,
        0.1114 -0.1114 0.6142,
        0.1249 -0.0959 0.6142,
        0.1364 -0.0787 0.6142,
        0.1455 -0.0603 0.6142,
        0.1521 -0.0408 0.6142,
        0.1561 -0.0206 0.6142,
        0.1569 0.0000 0.6182,
        0.1556 0.0205 0.6182,
        0.1516 0.0406 0.6182,
        0.1450 0.0601 0.6182,
        0.1359 0.0785 0.6182,
        0.1245 0.0955 0.6182,
        0.1110 0.1110 0.6182,
        0.0955 0.1245 0.6182,
        0.0785 0.1359 0.6182,
        0.0601 0.1450 0.6182,
        0.0406 0.1516 0.6182,
        0.0205 0.1556 0.6182,
        0.0000 0.1569 0.6182,
        -0.0205 0.1556 0.6182,
        -0.0406 0.1516 0.6182,
        -0.0601 0.1450 0.6182,
        -0.0785 0.1359 0.6182,
        -0.0955 0.1245 0.6182,
        -0.1110 0.1110 0.6182,
        -0.1245 0.0955 0.6182,
        -0.1359 0.0785 0.6182,
        -0.1450 0.0601 0.6182,
        -0.1516 0.0406 0.6182,
        -0.1556 0.0205 0.6182,
        -0.1569 0.0000 0.6182,
        -0.1556 -0.0205 0.6182,
        -0.1516 -0.0406 0.6182,
        -0.1450 -0.0601 0.6182,
        -0.1359 -0.0785 0.6182,
        -0.1245 -0.0955 0.6182,
        -0.1110 -0.1110 0.6182,
        -0.0955 -0.1245 0.6182,
        -0.0785 -0.1359 0.6182,
        -0.0601 -0.1450 0.6182,
        -0.0406 -0.1516 0.6182,
        -0.0205 -0.1556 0.6182,
        -0.0000 -0.1569 0.6182,
        0.0205 -0.1556 0.6182,
        0.0406 -0.1516 0.6182,
        0.0601 -0.1450 0.6182,
        0.0785 -0.1359 0.6182,
        0.0955 -0.1245 0.6182,
        0.1110 -0.1110 0.6182,
        0.1245 -0.0955 0.6182,
        0.1359 -0.0785 0.6182,
        0.1450 -0.0601 0.6182,
        0.1516 -0.0406 0.6182,
        0.1556 -0.0205 0.6182,
        0.1554 0.0000 0.6220,
        0.1540 0.0203 0.6220,
        0.1501 0.0402 0.6220,
        0.1435 0.0595 0.6220,
        0.1346 0.0777 0.6220,
        0.1233 0.0946 0.6220,
        0.1099 0.1099 0.6220,
        0.0946 0.1233 0.6220,
        0.0777 0.1346 0.6220,
        0.0595 0.1435 0.6220,
        0.0402 0.1501 0.6220,
        0.0203 0.1540 0.6220,
        0.0000 0.1554 0.6220,
        -0.0203 0.1540 0.6220,
        -0.0402 0.1501 0.6220,
        -0.0595 0.1435 0.6220,
        -0.0777 0.1346 0.6220,
        -0.0946 0.1233 0.6220,
        -0.1099 0.1099 0.6220,
        -0.1233 0.0946 0.6220,
        -0.1346 0.0777 0.6220,
        -0.1435 0.0595 0.6220,
        -0.1501 0.0402 0.6220,
        -0.1540 0.0203 0.6220,
        -0.1554 0.0000 0.6220,
        -0.1540 -0.0203 0.6220,
        -0.1501 -0.0402 0.6220,
        -0.1435 -0.0595 0.6220,
        -0.1346 -0.0777 0.6220,
        -0.1233 -0.0946 0.6220,
        -0.1099 -0.1099 0.6220,
        -0.0946 -0.1233 0.6220,
        -0.0777 -0.1346 0.6220,
        -0.0595 -0.1435 0.6220,
        -0.0402 -0.1501 0.6220,
        -0.0203 -0.1540 0.6220,
        -0.0000 -0.1554 0.6220,
        0.0203 -0.1540 0.6220,
        0.0402 -0.1501 0.6220,
        0.0595 -0.1435 0.6220,
        0.0777 -0.1346 0.6220,
        0.0946 -0.1233 0.6220,
        0.1099 -0.1099 0.6220,
        0.1233 -0.0946 0.6220,
        0.1346 -0.0777 0.6220,
        0.1435 -0.0595 0.6220,
        0.1501 -0.0402 0.6220,
        0.1540 -0.0203 0.6220,
        0.1529 0.0000 0.6253,
        0.1516 0.0200 0.6253,
        0.1477 0.0396 0.6253,
        0.1412 0.0585 0.6253,
        0.1324 0.0764 0.6253,
        0.1213 0.0931 0.6253,
        0.1081 0.1081 0.6253,
        0.0931 0.1213 0.6253,
        0.0764 0.1324 0.6253,
        0.0585 0.1412 0.6253,
        0.0396 0.1477 0.6253,
        0.0200 0.1516 0.6253,
        0.0000 0.1529 0.6253,
        -0.0200 0.1516 0.6253,
        -0.0396 0.1477 0.6253,
        -0.0585 0.1412 0.6253,
        -0.0764 0.1324 0.6253,
        -0.0931 0.1213 0.6253,
        -0.1081 0.1081 0.6253,
        -0.1213 0.0931 0.6253,
        -0.1324 0.0764 0.6253,
        -0.1412 0.0585 0.6253,
        -0.1477 0.0396 0.6253,
        -0.1516 0.0200 0.6253,
        -0.1529 0.0000 0.6253,
        -0.1516 -0.0200 0.6253,
        -0.1477 -0.0396 0.6253,
        -0.1412 -0.0585 0.6253,
        -0.1324 -0.0764 0.6253,
        -0.1213 -0.0931 0.6253,
        -0.1081 -0.1081 0.6253,
        -0.0931 -0.1213 0.6253,
        -0.0764 -0.1324 0.6253,
        -0.0585 -0.1412 0.6253,
        -0.0396 -0.1477 0.6253,
        -0.0200 -0.1516 0.6253,
        -0.0000 -0.1529 0.6253,
        0.0200 -0.1516 0.6253,
        0.0396 -0.1477 0.6253,
        0.0585 -0.1412 0.6253,
        0.0764 -0.1324 0.6253,
        0.0931 -0.1213 0.6253,
        0.1081 -0.1081 0.6253,
        0.1213 -0.0931 0.6253,
        0.1324 -0.0764 0.6253,
        0.1412 -0.0585 0.6253,
        0.1477 -0.0396 0.6253,
        0.1516 -0.0200 0.6253,
        0.1496 0.0000 0.6278,
        0.1483 0.0195 0.6278,
        0.1445 0.0387 0.6278,
        0.1382 0.0573 0.6278,
        0.1296 0.0748 0.6278,
        0.1187 0.0911 0.6278,
        0.1058 0.1058 0.6278,
        0.0911 0.1187 0.6278,
        0.0748 0.1296 0.6278,
        0.0573 0.1382 0.6278,
        0.0387 0.1445 0.6278,
        0.0195 0.1483 0.6278,
        0.0000 0.1496 0.6278,
        -0.0195 0.1483 0.6278,
        -0.0387 0.1445 0.6278,
        -0.0573 0.1382 0.6278,
        -0.0748 0.1296 0.6278,
        -0.0911 0.1187 0.6278,
        -0.1058 0.1058 0.6278,
        -0.1187 0.0911 0.6278,
        -0.1296 0.0748 0.6278,
        -0.1382 0.0573 0.6278,
        -0.1445 0.0387 0.6278,
        -0.1483 0.0195 0.6278,
        -0.1496 0.0000 0.6278,
        -0.1483 -0.0195 0.6278,
        -0.1445 -0.0387 0.6278,
        -0.1382 -0.0573 0.6278,
        -0.1296 -0.0748 0.6278,
        -0.1187 -0.0911 0.6278,
        -0.1058 -0.1058 0.6278,
        -0.0911 -0.1187 0.6278,
        -0.0748 -0.1296 0.6278,
        -0.0573 -0.1382 0.6278,
        -0.0387 -0.1445 0.6278,
        -0.0195 -0.1483 0.6278,
        -0.0000 -0.1496 0.6278,
        0.0195 -0.1483 0.6278,
        0.0387 -0.1445 0.6278,
        0.0573 -0.1382 0.6278,
        0.0748 -0.1296 0.6278,
        0.0911 -0.1187 0.6278,
        0.1058 -0.1058 0.6278,
        0.1187 -0.0911 0.6278,
        0.1296 -0.0748 0.6278,
        0.1382 -0.0573 0.6278,
        0.1445 -0.0387 0.6278,
        0.1483 -0.0195 0.6278,
        0.1458 0.0000 0.6294,
        0.1446 0.0190 0.6294,
        0.1408 0.0377 0.6294,
        0.1347 0.0558 0.6294,
        0.1263 0.0729 0.6294,
        0.1157 0.0888 0.6294,
        0.1031 0.1031 0.6294,
        0.0888 0.1157 0.6294,
        0.0729 0.1263 0.6294,
        0.0558 0.1347 0.6294,
        0.0377 0.1408 0.6294,
        0.0190 0.1446 0.6294,
        0.0000 0.1458 0.6294,
        -0.0190 0.1446 0.6294,
        -0.0377 0.1408 0.6294,
        -0.0558 0.1347 0.6294,
        -0.0729 0.1263 0.6294,
        -0.0888 0.1157 0.6294,
        -0.1031 0.1031 0.6294,
        -0.1157 0.0888 0.6294,
        -0.1263 0.0729 0.6294,
        -0.1347 0.0558 0.6294,
        -0.1408 0.0377 0.6294,
        -0.1446 0.0190 0.6294,
        -0.1458 0.0000 0.6294,
        -0.1446 -0.0190 0.6294,
        -0.1408 -0.0377 0.6294,
        -0.1347 -0.0558 0.6294,
        -0.1263 -0.0729 0.6294,
        -0.1157 -0.0888 0.6294,
        -0.1031 -0.1031 0.6294,
        -0.0888 -0.1157 0.6294,
        -0.0729 -0.1263 0.6294,
        -0.0558 -0.1347 0.6294,
        -0.0377 -0.1408 0.6294,
        -0.0190 -0.1446 0.6294,
        -0.0000 -0.1458 0.6294,
        0.0190 -0.1446 0.6294,
        0.0377 -0.1408 0.6294,
        0.0558 -0.1347 0.6294,
        0.0729 -0.1263 0.6294,
        0.0888 -0.1157 0.6294,
        0.1031 -0.1031 0.6294,
        0.1157 -0.0888 0.6294,
        0.1263 -0.0729 0.6294,
        0.1347 -0.0558 0.6294,
        0.1408 -0.0377 0.6294,
        0.1446 -0.0190 0.6294,
        0.1417 0.0000 0.6299,
        0.1405 0.0185 0.6299,
        0.1369 0.0367 0.6299,
        0.1309 0.0542 0.6299,
        0.1227 0.0709 0.6299,
        0.1124 0.0863 0.6299,
        0.1002 0.1002 0.6299,
        0.0863 0.1124 0.6299,
        0.0709 0.1227 0.6299,
        0.0542 0.1309 0.6299,
        0.0367 0.1369 0.6299,
        0.0185 0.1405 0.6299,
        0.0000 0.1417 0.6299,
        -0.0185 0.1405 0.6299,
        -0.0367 0.1369 0.6299,
        -0.0542 0.1309 0.6299,
        -0.0709 0.1227 0.6299,
        -0.0863 0.1124 0.6299,
        -0.1002 0.1002 0.6299,
        -0.1124 0.0863 0.6299,
        -0.1227 0.0709 0.6299,
        -0.1309 0.0542 0.6299,
        -0.1369 0.0367 0.6299,
        -0.1405 0.0185 0.6299,
        -0.1417 0.0000 0.6299,
        -0.1405 -0.0185 0.6299,
        -0.1369 -0.0367 0.6299,
        -0.1309 -0.0542 0.6299,
        -0.1227 -0.0709 0.6299,
        -0.1124 -0.0863 0.6299,
        -0.1002 -0.1002 0.6299,
        -0.0863 -0.1124 0.6299,
        -0.0709 -0.1227 0.6299,
        -0.0542 -0.1309 0.6299,
        -0.0367 -0.1369 0.6299,
        -0.0185 -0.1405 0.6299,
        -0.0000 -0.1417 0.6299,
        0.0185 -0.1405 0.6299,
        0.0367 -0.1369 0.6299,
        0.0542 -0.1309 0.6299,
        0.0709 -0.1227 0.6299,
        0.0863 -0.1124 0.6299,
        0.1002 -0.1002 0.6299,
        0.1124 -0.0863 0.6299,
        0.1227 -0.0709 0.6299,
        0.1309 -0.0542 0.6299,
        0.1369 -0.0367 0.6299,
        0.1405 -0.0185 0.6299,
        0.0000 0.0000 -0.6299,
        0.0000 0.0000 0.6299
    ] }
    coordIndex [
        0, 1, 49, 48, -1,
        1, 2, 50, 49, -1,
        2, 3, 51, 50, -1,
        3, 4, 52, 51, -1,
        4, 5, 53, 52, -1,
        5, 6, 54, 53, -1,
        6, 7, 55, 54, -1,
        7, 8, 56, 55, -1,
        8, 9, 57, 56, -1,
        9, 10, 58, 57, -1,
        10, 11, 59, 58, -1,
        11, 12, 60, 59, -1,
        12, 13, 61, 60, -1,
        13, 14, 62, 61, -1,
        14, 15, 63, 62, -1,
        15, 16, 64, 63, -1,
        16, 17, 65, 64, -1,
        17, 18, 66, 65, -1,
        18, 19, 67, 66, -1,
        19, 20, 68, 67, -1,
        20, 21, 69, 68, -1,
        21, 22, 70, 69, -1,
        22, 23, 71, 70, -1,
        23, 24, 72, 71, -1,
        24, 25, 73, 72, -1,
        25, 26, 74, 73, -1,
        26, 27, 75, 74, -1,
        27, 28, 76, 75, -1,
        28, 29, 77, 76, -1,
        29, 30, 78, 77, -1,
        30, 31, 79, 78, -1,
        31, 32, 80, 79, -1,
        32, 33, 81, 80, -1,
        33, 34, 82, 81, -1,
        34, 35, 83, 82, -1,
        35, 36, 84, 83, -1,
        36, 37, 85, 84, -1,
        37, 38, 86, 85, -1,
        38, 39, 87, 86, -1,
        39, 40, 88, 87, -1,
        40, 41, 89, 88, -1,
        41, 42, 90, 89, -1,
        42, 43, 91, 90, -1,
        43, 44, 92, 91, -1,
        44, 45, 93, 92, -1,
        45, 46, 94, 93, -1,
        46, 47, 95, 94, -1,
        47, 0, 48, 95, -1,
        48, 49, 97, 96, -1,
        49, 50, 98, 97, -1,
        50, 51, 99, 98, -1,
        51, 52, 100, 99, -1,
        52, 53, 101, 100, -1,
        53, 54, 102, 101, -1,
        54, 55, 103, 102, -1,
        55, 56, 104, 103, -1,
        56, 57, 105, 104, -1,
        57, 58, 106, 105, -1,
        58, 59, 107, 106, -1,
        59, 60, 108, 107, -1,
        60, 61, 109, 108, -1,
        61, 62, 110, 109, -1,
        62, 63, 111, 110, -1,
        63, 64, 112, 111, -1,
        64, 65, 113, 112, -1,
        65, 66, 114, 113, -1,
        66, 67, 115, 114, -1,
        67, 68, 116, 115, -1,
        68, 69, 117, 116, -1,
        69, 70, 118, 117, -1,
        70, 71, 119, 118, -1,
        71, 72, 120, 119, -1,
        72, 73, 121, 120, -1,
        73, 74, 122, 121, -1,
        74, 75, 123, 122, -1,
        75, 76, 124, 123, -1,
        76, 77, 125, 124, -1,
        77, 78, 126, 125, -1,
        78, 79, 127, 126, -1,
        79, 80, 128, 127, -1,
        80, 81, 129, 128, -1,
        81, 82, 130, 129, -1,
        82, 83, 131, 130, -1,
        83, 84, 132, 131, -1,
        84, 85, 133, 132, -1,
        85, 86, 134, 133, -1,
        86, 87, 135, 134, -1,
        87, 88, 136, 135, -1,
        88, 89, 137, 136, -1,
        89, 90, 138, 137, -1,
        90, 91, 139, 138, -1,
        91, 92, 140, 139, -1,
        92, 93, 141, 140, -1,
        93, 94, 142, 141, -1,
        94, 95, 143, 142, -1,
        95, 48, 96, 143, -1,
        96, 97, 145, 144, -1,
        97, 98, 146, 145, -1,
        98, 99, 147, 146, -1,
        99, 100, 148, 147, -1,
        100, 101, 149, 148, -1,
        101, 102, 150, 149, -1,
        102, 103, 151, 150, -1,
        103, 104, 152, 151, -1,
        104, 105, 153, 152, -1,
        105, 106, 154, 153, -1,
        106, 107, 155, 154, -1,
        107, 108, 156, 155, -1,
        108, 109, 157, 156, -1,
        109, 110, 158, 157, -1,
        110, 111, 159, 158, -1,
        111, 112, 160, 159, -1,
        112, 113, 161, 160, -1,
        113, 114, 162, 161, -1,
        114, 115, 163, 162, -1,
        115, 116, 164, 163, -1,
        116, 117, 165, 164, -1,
        117, 118, 166, 165, -1,
        118, 119, 167, 166, -1,
        119, 120, 168, 167, -1,
        120, 121, 169, 168, -1,
        121, 122, 170, 169, -1,
        122, 123, 171, 170, -1,
        123, 124, 172, 171, -1,
        124, 125, 173, 172, -1,
        125, 126, 174, 173, -1,
        126, 127, 175, 174, -1,
        127, 128, 176, 175, -1,
        128, 129, 177, 176, -1,
        129, 130, 178, 177, -1,
        130, 131, 179, 178, -1,
        131, 132, 180, 179, -1,
        132, 133, 181, 180, -1,
        133, 134, 182, 181, -1,
        134, 135, 183, 182, -1,
        135, 136, 184, 183, -1,
        136, 137, 185, 184, -1,
        137, 138, 186, 185, -1,
        138, 139, 187, 186, -1,
        139, 140, 188, 187, -1,
        140, 141, 189, 188, -1,
        141, 142, 190, 189, -1,
        142, 143, 191, 190, -1,
        143, 96, 144, 191, -1,
        144, 145, 193, 192, -1,
        145, 146, 194, 193, -1,
        146, 147, 195, 194, -1,
        147, 148, 196, 195, -1,
        148, 149, 197, 196, -1,
        149, 150, 198, 197, -1,
        150, 151, 199, 198, -1,
        151, 152, 200, 199, -1,
        152, 153, 201, 200, -1,
        153, 154, 202, 201, -1,
        154, 155, 203, 202, -1,
        155, 156, 204, 203, -1,
        156, 157, 205, 204, -1,
        157, 158, 206, 205, -1,
        158, 159, 207, 206, -1,
        159, 160, 208, 207, -1,
        160, 161, 209, 208, -1,
        161, 162, 210, 209, -1,
        162, 163, 211, 210, -1,
        163, 164, 212, 211, -1,
        164, 165, 213, 212, -1,
        165, 166, 214, 213, -1,
        166, 167, 215, 214, -1,
        167, 168, 216, 215, -1,
        168, 169, 217, 216, -1,
        169, 170, 218, 217, -1,
        170, 171, 219, 218, -1,
        171, 172, 220, 219, -1,
        172, 173, 221, 220, -1,
        173, 174, 222, 221, -1,
        174, 175, 223, 222, -1,
        175, 176, 224, 223, -1,
        176, 177, 225, 224, -1,
        177, 178, 226, 225, -1,
        178, 179, 227, 226, -1,
        179, 180, 228, 227, -1,
        180, 181, 229, 228, -1,
        181, 182, 230, 229, -1,
        182, 183, 231, 230, -1,
        183, 184, 232, 231, -1,
        184, 185, 233, 232, -1,
        185, 186, 234, 233, -1,
        186, 187, 235, 234, -1,
        187, 188, 236, 235, -1,
        188, 189, 237, 236, -1,
        189, 190, 238, 237, -1,
        190, 191, 239, 238, -1,
        191, 144, 192, 239, -1,
        192, 193, 241, 240, -1,
        193, 194, 242, 241, -1,
        194, 195, 243, 242, -1,
        195, 196, 244, 243, -1,
        196, 197, 245, 244, -1,
        197, 198, 246, 245, -1,
        198, 199, 247, 246, -1,
        199, 200, 248, 247, -1,
        200, 201, 249, 248, -1,
        201, 202, 250, 249, -1,
        202, 203, 251, 250, -1,
        203, 204, 252, 251, -1,
        204, 205, 253, 252, -1,
        205, 206, 254, 253, -1,
        206, 207, 255, 254, -1,
        207, 208, 256, 255, -1,
        208, 209, 257, 256, -1,
        209, 210, 258, 257, -1,
        210, 211, 259, 258, -1,
        211, 212, 260, 259, -1,
        212, 213, 261, 260, -1,
        213, 214, 262, 261, -1,
        214, 215, 263, 262, -1,
        215, 216, 264, 263, -1,
        216, 217, 265, 264, -1,
        217, 218, 266, 265, -1,
        218, 219, 267, 266, -1,
        219, 220, 268, 267, -1,
        220, 221, 269, 268, -1,
        221, 222, 270, 269, -1,
        222, 223, 271, 270, -1,
        223, 224, 272, 271, -1,
        224, 225, 273, 272, -1,
        225, 226, 274, 273, -1,
        226, 227, 275, 274, -1,
        227, 228, 276, 275, -1,
        228, 229, 277, 276, -1,
        229, 230, 278, 277, -1,
        230, 231, 279, 278, -1,
        231, 232, 280, 279, -1,
        232, 233, 281, 280, -1,
        233, 234, 282, 281, -1,
        234, 235, 283, 282, -1,
        235, 236, 284, 283, -1,
        236, 237, 285, 284, -1,
        237, 238, 286, 285, -1,
        238, 239, 287, 286, -1,
        239, 192, 240, 287, -1,
        240, 241, 289, 288, -1,
        241, 242, 290, 289, -1,
        242, 243, 291, 290, -1,
        243, 244, 292, 291, -1,
        244, 245, 293, 292, -1,
        245, 246, 294, 293, -1,
        246, 247, 295, 294, -1,
        247, 248, 296, 295, -1,
        248, 249, 297, 296, -1,
        249, 250, 298, 297, -1,
        250, 251, 299, 298, -1,
        251, 252, 300, 299, -1,
        252, 253, 301, 300, -1,
        253, 254, 302, 301, -1,
        254, 255, 303, 302, -1,
        255, 256, 304, 303, -1,
        256, 257, 305, 304, -1,
        257, 258, 306, 305, -1,
        258, 259, 307, 306, -1,
        259, 260, 308, 307, -1,
        260, 261, 309, 308, -1,
        261, 262, 310, 309, -1,
        262, 263, 311, 310, -1,
        263, 264, 312, 311, -1,
        264, 265, 313, 312, -1,
        265, 266, 314, 313, -1,
        266, 267, 315, 314, -1,
        267, 268, 316, 315, -1,
        268, 269, 317, 316, -1,
        269, 270, 318, 317, -1,
        270, 271, 319, 318, -1,
        271, 272, 320, 319, -1,
        272, 273, 321, 320, -1,
        273, 274, 322, 321, -1,
        274, 275, 323, 322, -1,
        275, 276, 324, 323, -1,
        276, 277, 325, 324, -1,
        277, 278, 326, 325, -1,
        278, 279, 327, 326, -1,
        279, 280, 328, 327, -1,
        280, 281, 329, 328, -1,
        281, 282, 330, 329, -1,
        282, 283, 331, 330, -1,
        283, 284, 332, 331, -1,
        284, 285, 333, 332, -1,
        285, 286, 334, 333, -1,
        286, 287, 335, 334, -1,
        287, 240, 288, 335, -1,
        288, 289, 337, 336, -1,
        289, 290, 338, 337, -1,
        290, 291, 339, 338, -1,
        291, 292, 340, 339, -1,
        292, 293, 341, 340, -1,
        293, 294, 342, 341, -1,
        294, 295, 343, 342, -1,
        295, 296, 344, 343, -1,
        296, 297, 345, 344, -1,
        297, 298, 346, 345, -1,
        298, 299, 347, 346, -1,
        299, 300, 348, 347, -1,
        300, 301, 349, 348, -1,
        301, 302, 350, 349, -1,
        302, 303, 351, 350, -1,
        303, 304, 352, 351, -1,
        304, 305, 353, 352, -1,
        305, 306, 354, 353, -1,
        306, 307, 355, 354, -1,
        307, 308, 356, 355, -1,
        308, 309, 357, 356, -1,
        309, 310, 358, 357, -1,
        310, 311, 359, 358, -1,
        311, 312, 360, 359, -1,
        312, 313, 361, 360, -1,
        313, 314, 362, 361, -1,
        314, 315, 363, 362, -1,
        315, 316, 364, 363, -1,
        316, 317, 365, 364, -1,
        317, 318, 366, 365, -1,
        318, 319, 367, 366, -1,
        319, 320, 368, 367, -1,
        320, 321, 369, 368, -1,
        321, 322, 370, 369, -1,
        322, 323, 371, 370, -1,
        323, 324, 372, 371, -1,
        324, 325, 373, 372, -1,
        325, 326, 374, 373, -1,
        326, 327, 375, 374, -1,
        327, 328, 376, 375, -1,
        328, 329, 377, 376, -1,
        329, 330, 378, 377, -1,
        330, 331, 379, 378, -1,
        331, 332, 380, 379, -1,
        332, 333, 381, 380, -1,
        333, 334, 382, 381, -1,
        334, 335, 383, 382, -1,
        335, 288, 336, 383, -1,
        336, 337, 385, 384, -1,
        337, 338, 386, 385, -1,
        338, 339, 387, 386, -1,
        339, 340, 388, 387, -1,
        340, 341, 389, 388, -1,
        341, 342, 390, 389, -1,
        342, 343, 391, 390, -1,
        343, 344, 392, 391, -1,
        344, 345, 393, 392, -1,
        345, 346, 394, 393, -1,
        346, 347, 395, 394, -1,
        347, 348, 396, 395, -1,
        348, 349, 397, 396, -1,
        349, 350, 398, 397, -1,
        350, 351, 399, 398, -1,
        351, 352, 400, 399, -1,
        352, 353, 401, 400, -1,
        353, 354, 402, 401, -1,
        354, 355, 403, 402, -1,
        355, 356, 404, 403, -1,
        356, 357, 405, 404, -1,
        357, 358, 406, 405, -1,
        358, 359, 407, 406, -1,
        359, 360, 408, 407, -1,
        360, 361, 409, 408, -1,
        361, 362, 410, 409, -1,
        362, 363, 411, 410, -1,
        363, 364, 412, 411, -1,
        364, 365, 413, 412, -1,
        365, 366, 414, 413, -1,
        366, 367, 415, 414, -1,
        367, 368, 416, 415, -1,
        368, 369, 417, 416, -1,
        369, 370, 418, 417, -1,
        370, 371, 419, 418, -1,
        371, 372, 420, 419, -1,
        372, 373, 421, 420, -1,
        373, 374, 422, 421, -1,
        374, 375, 423, 422, -1,
        375, 376, 424, 423, -1,
        376, 377, 425, 424, -1,
        377, 378, 426, 425, -1,
        378, 379, 427, 426, -1,
        379, 380, 428, 427, -1,
        380, 381, 429, 428, -1,
        381, 382, 430, 429, -1,
        382, 383, 431, 430, -1,
        383, 336, 384, 431, -1,
        384, 385, 433, 432, -1,
        385, 386, 434, 433, -1,
        386, 387, 435, 434, -1,
        387, 388, 436, 435, -1,
        388, 389, 437, 436, -1,
        389, 390, 438, 437, -1,
        390, 391, 439, 438, -1,
        391, 392, 440, 439, -1,
        392, 393, 441, 440, -1,
        393, 394, 442, 441, -1,
        394, 395, 443, 442, -1,
        395, 396, 444, 443, -1,
        396, 397, 445, 444, -1,
        397, 398, 446, 445, -1,
        398, 399, 447, 446, -1,
        399, 400, 448, 447, -1,
        400, 401, 449, 448, -1,
        401, 402, 450, 449, -1,
        402, 403, 451, 450, -1,
        403, 404, 452, 451, -1,
        404, 405, 453, 452, -1,
        405, 406, 454, 453, -1,
        406, 407, 455, 454, -1,
        407, 408, 456, 455, -1,
        408, 409, 457, 456, -1,
        409, 410, 458, 457, -1,
        410, 411, 459, 458, -1,
        411, 412, 460, 459, -1,
        412, 413, 461, 460, -1,
        413, 414, 462, 461, -1,
        414, 415, 463, 462, -1,
        415, 416, 464, 463, -1,
        416, 417, 465, 464, -1,
        417, 418, 466, 465, -1,
        418, 419, 467, 466, -1,
        419, 420, 468, 467, -1,
        420, 421, 469, 468, -1,
        421, 422, 470, 469, -1,
        422, 423, 471, 470, -1,
        423, 424, 472, 471, -1,
        424, 425, 473, 472, -1,
        425, 426, 474, 473, -1,
        426, 427, 475, 474, -1,
        427, 428, 476, 475, -1,
        428, 429, 477, 476, -1,
        429, 430, 478, 477, -1,
        430, 431, 479, 478, -1,
        431, 384, 432, 479, -1,
        432, 433, 481, 480, -1,
        433, 434, 482, 481, -1,
        434, 435, 483, 482, -1,
        435, 436, 484, 483, -1,
        436, 437, 485, 484, -1,
        437, 438, 486, 485, -1,
        438, 439, 487, 486, -1,
        439, 440, 488, 487, -1,
        440, 441, 489, 488, -1,
        441, 442, 490, 489, -1,
        442, 443, 491, 490, -1,
        443, 444, 492, 491, -1,
        444, 445, 493, 492, -1,
        445, 446, 494, 493, -1,
        446, 447, 495, 494, -1,
        447, 448, 496, 495, -1,
        448, 449, 497, 496, -1,
        449, 450, 498, 497, -1,
        450, 451, 499, 498, -1,
        451, 452, 500, 499, -1,
        452, 453, 501, 500, -1,
        453, 454, 502, 501, -1,
        454, 455, 503, 502, -1,
        455, 456, 504, 503, -1,
        456, 457, 505, 504, -1,
        457, 458, 506, 505, -1,
        458, 459, 507, 506, -1,
        459, 460, 508, 507, -1,
        460, 461, 509, 508, -1,
        461, 462, 510, 509, -1,
        462, 463, 511, 510, -1,
        463, 464, 512, 511, -1,
        464, 465, 513, 512, -1,
        465, 466, 514, 513, -1,
        466, 467, 515, 514, -1,
        467, 468, 516, 515, -1,
        468, 469, 517, 516, -1,
        469, 470, 518, 517, -1,
        470, 471, 519, 518, -1,
        471, 472, 520, 519, -1,
        472, 473, 521, 520, -1,
        473, 474, 522, 521, -1,
        474, 475, 523, 522, -1,
        475, 476, 524, 523, -1,
        476, 477, 525, 524, -1,
        477, 478, 526, 525, -1,
        478, 479, 527, 526, -1,
        479, 432, 480, 527, -1,
        480, 481, 529, 528, -1,
        481, 482, 530, 529, -1,
        482, 483, 531, 530, -1,
        483, 484, 532, 531, -1,
        484, 485, 533, 532, -1,
        485, 486, 534, 533, -1,
        486, 487, 535, 534, -1,
        487, 488, 536, 535, -1,
        488, 489, 537, 536, -1,
        489, 490, 538, 537, -1,
        490, 491, 539, 538, -1,
        491, 492, 540, 539, -1,
        492, 493, 541, 540, -1,
        493, 494, 542, 541, -1,
        494, 495, 543, 542, -1,
        495, 496, 544, 543, -1,
        496, 497, 545, 544, -1,
        497, 498, 546, 545, -1,
        498, 499, 547, 546, -1,
        499, 500, 548, 547, -1,
        500, 501, 549, 548, -1,
        501, 502, 550, 549, -1,
        502, 503, 551, 550, -1,
        503, 504, 552, 551, -1,
        504, 505, 553, 552, -1,
        505, 506, 554, 553, -1,
        506, 507, 555, 554, -1,
        507, 508, 556, 555, -1,
        508, 509, 557, 556, -1,
        509, 510, 558, 557, -1,
        510, 511, 559, 558, -1,
        511, 512, 560, 559, -1,
        512, 513, 561, 560, -1,
        513, 514, 562, 561, -1,
        514, 515, 563, 562, -1,
        515, 516, 564, 563, -1,
        516, 517, 565, 564, -1,
        517, 518, 566, 565, -1,
        518, 519, 567, 566, -1,
        519, 520, 568, 567, -1,
        520, 521, 569, 568, -1,
        521, 522, 570, 569, -1,
        522, 523, 571, 570, -1,
        523, 524, 572, 571, -1,
        524, 525, 573, 572, -1,
        525, 526, 574, 573, -1,
        526, 527, 575, 574, -1,
        527, 480, 528, 575, -1,
        528, 529, 577, 576, -1,
        529, 530, 578, 577, -1,
        530, 531, 579, 578, -1,
        531, 532, 580, 579, -1,
        532, 533, 581, 580, -1,
        533, 534, 582, 581, -1,
        534, 535, 583, 582, -1,
        535, 536, 584, 583, -1,
        536, 537, 585, 584, -1,
        537, 538, 586, 585, -1,
        538, 539, 587, 586, -1,
        539, 540, 588, 587, -1,
        540, 541, 589, 588, -1,
        541, 542, 590, 589, -1,
        542, 543, 591, 590, -1,
        543, 544, 592, 591, -1,
        544, 545, 593, 592, -1,
        545, 546, 594, 593, -1,
        546, 547, 595, 594, -1,
        547, 548, 596, 595, -1,
        548, 549, 597, 596, -1,
        549, 550, 598, 597, -1,
        550, 551, 599, 598, -1,
        551, 552, 600, 599, -1,
        552, 553, 601, 600, -1,
        553, 554, 602, 601, -1,
        554, 555, 603, 602, -1,
        555, 556, 604, 603, -1,
        556, 557, 605, 604, -1,
        557, 558, 606, 605, -1,
        558, 559, 607, 606, -1,
        559, 560, 608, 607, -1,
        560, 561, 609, 608, -1,
        561, 562, 610, 609, -1,
        562, 563, 611, 610, -1,
        563, 564, 612, 611, -1,
        564, 565, 613, 612, -1,
        565, 566, 614, 613, -1,
        566, 567, 615, 614, -1,
        567, 568, 616, 615, -1,
        568, 569, 617, 616, -1,
        569, 570, 618, 617, -1,
        570, 571, 619, 618, -1,
        571, 572, 620, 619, -1,
        572, 573, 621, 620, -1,
        573, 574, 622, 621, -1,
        574, 575, 623, 622, -1,
        575, 528, 576, 623, -1,
        576, 577, 625, 624, -1,
        577, 578, 626, 625, -1,
        578, 579, 627, 626, -1,
        579, 580, 628, 627, -1,
        580, 581, 629, 628, -1,
        581, 582, 630, 629, -1,
        582, 583, 631, 630, -1,
        583, 584, 632, 631, -1,
        584, 585, 633, 632, -1,
        585, 586, 634, 633, -1,
        586, 587, 635, 634, -1,
        587, 588, 636, 635, -1,
        588, 589, 637, 636, -1,
        589, 590, 638, 637, -1,
        590, 591, 639, 638, -1,
        591, 592, 640, 639, -1,
        592, 593, 641, 640, -1,
        593, 594, 642, 641, -1,
        594, 595, 643, 642, -1,
        595, 596, 644, 643, -1,
        596, 597, 645, 644, -1,
        597, 598, 646, 645, -1,
        598, 599, 647, 646, -1,
        599, 600, 648, 647, -1,
        600, 601, 649, 648, -1,
        601, 602, 650, 649, -1,
        602, 603, 651, 650, -1,
        603, 604, 652, 651, -1,
        604, 605, 653, 652, -1,
        605, 606, 654, 653, -1,
        606, 607, 655, 654, -1,
        607, 608, 656, 655, -1,
        608, 609, 657, 656, -1,
        609, 610, 658, 657, -1,
        610, 611, 659, 658, -1,
        611, 612, 660, 659, -1,
        612, 613, 661, 660, -1,
        613, 614, 662, 661, -1,
        614, 615, 663, 662, -1,
        615, 616, 664, 663, -1,
        616, 617, 665, 664, -1,
        617, 618, 666, 665, -1,
        618, 619, 667, 666, -1,
        619, 620, 668, 667, -1,
        620, 621, 669, 668, -1,
        621, 622, 670, 669, -1,
        622, 623, 671, 670, -1,
        623, 576, 624, 671, -1,
        672, 1, 0, -1,
        673, 624, 625, -1,
        672, 2, 1, -1,
        673, 625, 626, -1,
        672, 3, 2, -1,
        673, 626, 627, -1,
        672, 4, 3, -1,
        673, 627, 628, -1,
        672, 5, 4, -1,
        673, 628, 629, -1,
        672, 6, 5, -1,
        673, 629, 630, -1,
        672, 7, 6, -1,
        673, 630, 631, -1,
        672, 8, 7, -1,
        673, 631, 632, -1,
        672, 9, 8, -1,
        673, 632, 633, -1,
        672, 10, 9, -1,
        673, 633, 634, -1,
        672, 11, 10, -1,
        673, 634, 635, -1,
        672, 12, 11, -1,
        673, 635, 636, -1,
        672, 13, 12, -1,
        673, 636, 637, -1,
        672, 14, 13, -1,
        673, 637, 638, -1,
        672, 15, 14, -1,
        673, 638, 639, -1,
        672, 16, 15, -1,
        673, 639, 640, -1,
        672, 17, 16, -1,
        673, 640, 641, -1,
        672, 18, 17, -1,
        673, 641, 642, -1,
        672, 19, 18, -1,
        673, 642, 643, -1,
        672, 20, 19, -1,
        673, 643, 644, -1,
        672, 21, 20, -1,
        673, 644, 645, -1,
        672, 22, 21, -1,
        673, 645, 646, -1,
        672, 23, 22, -1,
        673, 646, 647, -1,
        672, 24, 23, -1,
        673, 647, 648, -1,
        672, 25, 24, -1,
        673, 648, 649, -1,
        672, 26, 25, -1,
        673, 649, 650, -1,
        672, 27, 26, -1,
        673, 650, 651, -1,
        672, 28, 27, -1,
        673, 651, 652, -1,
        672, 29, 28, -1,
        673, 652, 653, -1,
        672, 30, 29, -1,
        673, 653, 654, -1,
        672, 31, 30, -1,
        673, 654, 655, -1,
        672, 32, 31, -1,
        673, 655, 656, -1,
        672, 33, 32, -1,
        673, 656, 657, -1,
        672, 34, 33, -1,
        673, 657, 658, -1,
        672, 35, 34, -1,
        673, 658, 659, -1,
        672, 36, 35, -1,
        673, 659, 660, -1,
        672, 37, 36, -1,
        673, 660, 661, -1,
        672, 38, 37, -1,
        673, 661, 662, -1,
        672, 39, 38, -1,
        673, 662, 663, -1,
        672, 40, 39, -1,
        673, 663, 664, -1,
        672, 41, 40, -1,
        673, 664, 665, -1,
        672, 42, 41, -1,
        673, 665, 666, -1,
        672, 43, 42, -1,
        673, 666, 667, -1,
        672, 44, 43, -1,
        673, 667, 668, -1,
        672, 45, 44, -1,
        673, 668, 669, -1,
        672, 46, 45, -1,
        673, 669, 670, -1,
        672, 47, 46, -1,
        673, 670, 671, -1,
        672, 0, 47, -1,
        673, 671, 624, -1
    ]
    creaseAngle 0.80
    solid TRUE
  } }
] }
# Negative lead
Transform { translation 1.4764 0.0000 -0.5669 children [
  Shape { appearance USE LEAD geometry IndexedFaceSet {
    coord Coordinate { point [
        0.1417 0.0000 -0.6299,
        0.1405 0.0185 -0.6299,
        0.1369 0.0367 -0.6299,
        0.1309 0.0542 -0.6299,
        0.1227 0.0709 -0.6299,
        0.1124 0.0863 -0.6299,
        0.1002 0.1002 -0.6299,
        0.0863 0.1124 -0.6299,
        0.0709 0.1227 -0.6299,
        0.0542 0.1309 -0.6299,
        0.0367 0.1369 -0.6299,
        0.0185 0.1405 -0.6299,
        0.0000 0.1417 -0.6299,
        -0.0185 0.1405 -0.6299,
        -0.0367 0.1369 -0.6299,
        -0.0542 0.1309 -0.6299,
        -0.0709 0.1227 -0.6299,
        -0.0863 0.1124 -0.6299,
        -0.1002 0.1002 -0.6299,
        -0.1124 0.0863 -0.6299,
        -0.1227 0.0709 -0.6299,
        -0.1309 0.0542 -0.6299,
        -0.1369 0.0367 -0.6299,
        -0.1405 0.0185 -0.6299,
        -0.1417 0.0000 -0.6299,
        -0.1405 -0.0185 -0.6299,
        -0.1369 -0.0367 -0.6299,
        -0.1309 -0.0542 -0.6299,
        -0.1227 -0.0709 -0.6299,
        -0.1124 -0.0863 -0.6299,
        -0.1002 -0.1002 -0.6299,
        -0.0863 -0.1124 -0.6299,
        -0.0709 -0.1227 -0.6299,
        -0.0542 -0.1309 -0.6299,
        -0.0367 -0.1369 -0.6299,
        -0.0185 -0.1405 -0.6299,
        -0.0000 -0.1417 -0.6299,
        0.0185 -0.1405 -0.6299,
        0.0367 -0.1369 -0.6299,
        0.0542 -0.1309 -0.6299,
        0.0709 -0.1227 -0.6299,
        0.0863 -0.1124 -0.6299,
        0.1002 -0.1002 -0.6299,
        0.1124 -0.0863 -0.6299,
        0.1227 -0.0709 -0.6299,
        0.1309 -0.0542 -0.6299,
        0.1369 -0.0367 -0.6299,
        0.1405 -0.0185 -0.6299,
        0.1458 0.0000 -0.6294,
        0.1446 0.0190 -0.6294,
        0.1408 0.0377 -0.6294,
        0.1347 0.0558 -0.6294,
        0.1263 0.0729 -0.6294,
        0.1157 0.0888 -0.6294,
        0.1031 0.1031 -0.6294,
        0.0888 0.1157 -0.6294,
        0.0729 0.1263 -0.6294,
        0.0558 0.1347 -0.6294,
        0.0377 0.1408 -0.6294,
        0.0190 0.1446 -0.6294,
        0.0000 0.1458 -0.6294,
        -0.0190 0.1446 -0.6294,
        -0.0377 0.1408 -0.6294,
        -0.0558 0.1347 -0.6294,
        -0.0729 0.1263 -0.6294,
        -0.0888 0.1157 -0.6294,
        -0.1031 0.1031 -0.6294,
        -0.1157 0.0888 -0.6294,
        -0.1263 0.0729 -0.6294,
        -0.1347 0.0558 -0.6294,
        -0.1408 0.0377 -0.6294,
        -0.1446 0.0190 -0.6294,
        -0.1458 0.0000 -0.6294,
        -0.1446 -0.0190 -0.6294,
        -0.1408 -0.0377 -0.6294,
        -0.1347 -0.0558 -0.6294,
        -0.1263 -0.0729 -0.6294,
        -0.1157 -0.0888 -0.6294,
        -0.1031 -0.1031 -0.6294,
        -0.0888 -0.1157 -0.6294,
        -0.0729 -0.1263 -0.6294,
        -0.0558 -0.1347 -0.6294,
        -0.0377 -0.1408 -0.6294,
        -0.0190 -0.1446 -0.6294,
        -0.0000 -0.1458 -0.6294,
        0.0190 -0.1446 -0.6294,
        0.0377 -0.1408 -0.6294,
        0.0558 -0.1347 -0.6294,
        0.0729 -0.1263 -0.6294,
        0.0888 -0.1157 -0.6294,
        0.1031 -0.1031 -0.6294,
        0.1157 -0.0888 -0.6294,
        0.1263 -0.0729 -0.6294,
        0.1347 -0.0558 -0.6294,
        0.1408 -0.0377 -0.6294,
        0.1446 -0.0190 -0.6294,
        0.1496 0.0000 -0.6278,
        0.1483 0.0195 -0.6278,
        0.1445 0.0387 -0.6278,
        0.1382 0.0573 -0.6278,
        0.1296 0.0748 -0.6278,
        0.1187 0.0911 -0.6278,
        0.1058 0.1058 -0.6278,
        0.0911 0.1187 -0.6278,
        0.0748 0.1296 -0.6278,
        0.0573 0.1382 -0.6278,
        0.0387 0.1445 -0.6278,
        0.0195 0.1483 -0.6278,
        0.0000 0.1496 -0.6278,
        -0.0195 0.1483 -0.6278,
        -0.0387 0.1445 -0.6278,
        -0.0573 0.1382 -0.6278,
        -0.0748 0.1296 -0.6278,
        -0.0911 0.1187 -0.6278,
        -0.1058 0.1058 -0.6278,
        -0.1187 0.0911 -0.6278,
        -0.1296 0.0748 -0.6278,
        -0.1382 0.0573 -0.6278,
        -0.1445 0.0387 -0.6278,
        -0.1483 0.0195 -0.6278,
        -0.1496 0.0000 -0.6278,
        -0.1483 -0.0195 -0.6278,
        -0.1445 -0.0387 -0.6278,
        -0.1382 -0.0573 -0.6278,
        -0.1296 -0.0748 -0.6278,
        -0.1187 -0.0911 -0.6278,
        -0.1058 -0.1058 -0.6278,
        -0.0911 -0.1187 -0.6278,
        -0.0748 -0.1296 -0.6278,
        -0.0573 -0.1382 -0.6278,
        -0.0387 -0.1445 -0.6278,
        -0.0195 -0.1483 -0.6278,
        -0.0000 -0.1496 -0.6278,
        0.0195 -0.1483 -0.6278,
        0.0387 -0.1445 -0.6278,
        0.0573 -0.1382 -0.6278,
        0.0748 -0.1296 -0.6278,
        0.0911 -0.1187 -0.6278,
        0.1058 -0.1058 -0.6278,
        0.1187 -0.0911 -0.6278,
        0.1296 -0.0748 -0.6278,
        0.1382 -0.0573 -0.6278,
        0.1445 -0.0387 -0.6278,
        0.1483 -0.0195 -0.6278,
        0.1529 0.0000 -0.6253,
        0.1516 0.0200 -0.6253,
        0.1477 0.0396 -0.6253,
        0.1412 0.0585 -0.6253,
        0.1324 0.0764 -0.6253,
        0.1213 0.0931 -0.6253,
        0.1081 0.1081 -0.6253,
        0.0931 0.1213 -0.6253,
        0.0764 0.1324 -0.6253,
        0.0585 0.1412 -0.6253,
        0.0396 0.1477 -0.6253,
        0.0200 0.1516 -0.6253,
        0.0000 0.1529 -0.6253,
        -0.0200 0.1516 -0.6253,
        -0.0396 0.1477 -0.6253,
        -0.0585 0.1412 -0.6253,
        -0.0764 0.1324 -0.6253,
        -0.0931 0.1213 -0.6253,
        -0.1081 0.1081 -0.6253,
        -0.1213 0.0931 -0.6253,
        -0.1324 0.0764 -0.6253,
        -0.1412 0.0585 -0.6253,
        -0.1477 0.0396 -0.6253,
        -0.1516 0.0200 -0.6253,
        -0.1529 0.0000 -0.6253,
        -0.1516 -0.0200 -0.6253,
        -0.1477 -0.0396 -0.6253,
        -0.1412 -0.0585 -0.6253,
        -0.1324 -0.0764 -0.6253,
        -0.1213 -0.0931 -0.6253,
        -0.1081 -0.1081 -0.6253,
        -0.0931 -0.1213 -0.6253,
        -0.0764 -0.1324 -0.6253,
        -0.0585 -0.1412 -0.6253,
        -0.0396 -0.1477 -0.6253,
        -0.0200 -0.1516 -0.6253,
        -0.0000 -0.1529 -0.6253,
        0.0200 -0.1516 -0.6253,
        0.0396 -0.1477 -0.6253,
        0.0585 -0.1412 -0.6253,
        0.0764 -0.1324 -0.6253,
        0.0931 -0.1213 -0.6253,
        0.1081 -0.1081 -0.6253,
        0.1213 -0.0931 -0.6253,
        0.1324 -0.0764 -0.6253,
        0.1412 -0.0585 -0.6253,
        0.1477 -0.0396 -0.6253,
        0.1516 -0.0200 -0.6253,
        0.1554 0.0000 -0.6220,
        0.1540 0.0203 -0.6220,
        0.1501 0.0402 -0.6220,
        0.1435 0.0595 -0.6220,
        0.1346 0.0777 -0.6220,
        0.1233 0.0946 -0.6220,
        0.1099 0.1099 -0.6220,
        0.0946 0.1233 -0.6220,
        0.0777 0.1346 -0.6220,
        0.0595 0.1435 -0.6220,
        0.0402 0.1501 -0.6220,
        0.0203 0.1540 -0.6220,
        0.0000 0.1554 -0.6220,
        -0.0203 0.1540 -0.6220,
        -0.0402 0.1501 -0.6220,
        -0.0595 0.1435 -0.6220,
        -0.0777 0.1346 -0.6220,
        -0.0946 0.1233 -0.6220,
        -0.1099 0.1099 -0.6220,
        -0.1233 0.0946 -0.6220,
        -0.1346 0.0777 -0.6220,
        -0.1435 0.0595 -0.6220,
        -0.1501 0.0402 -0.6220,
        -0.1540 0.0203 -0.6220,
        -0.1554 0.0000 -0.6220,
        -0.1540 -0.0203 -0.6220,
        -0.1501 -0.0402 -0.6220,
        -0.1435 -0.0595 -0.6220,
        -0.1346 -0.0777 -0.6220,
        -0.1233 -0.0946 -0.6220,
        -0.1099 -0.1099 -0.6220,
        -0.0946 -0.1233 -0.6220,
        -0.0777 -0.1346 -0.6220,
        -0.0595 -0.1435 -0.6220,
        -0.0402 -0.1501 -0.6220,
        -0.0203 -0.1540 -0.6220,
        -0.0000 -0.1554 -0.6220,
        0.0203 -0.1540 -0.6220,
        0.0402 -0.1501 -0.6220,
        0.0595 -0.1435 -0.6220,
        0.0777 -0.1346 -0.6220,
        0.0946 -0.1233 -0.6220,
        0.1099 -0.1099 -0.6220,
        0.1233 -0.0946 -0.6220,
        0.1346 -0.0777 -0.6220,
        0.1435 -0.0595 -0.6220,
        0.1501 -0.0402 -0.6220,
        0.1540 -0.0203 -0.6220,
        0.1569 0.0000 -0.6182,
        0.1556 0.0205 -0.6182,
        0.1516 0.0406 -0.6182,
        0.1450 0.0601 -0.6182,
        0.1359 0.0785 -0.6182,
        0.1245 0.0955 -0.6182,
        0.1110 0.1110 -0.6182,
        0.0955 0.1245 -0.6182,
        0.0785 0.1359 -0.6182,
        0.0601 0.1450 -0.6182,
        0.0406 0.1516 -0.6182,
        0.0205 0.1556 -0.6182,
        0.0000 0.1569 -0.6182,
        -0.0205 0.1556 -0.6182,
        -0.0406 0.1516 -0.6182,
        -0.0601 0.1450 -0.6182,
        -0.0785 0.1359 -0.6182,
        -0.0955 0.1245 -0.6182,
        -0.1110 0.1110 -0.6182,
        -0.1245 0.0955 -0.6182,
        -0.1359 0.0785 -0.6182,
        -0.1450 0.0601 -0.6182,
        -0.1516 0.0406 -0.6182,
        -0.1556 0.0205 -0.6182,
        -0.1569 0.0000 -0.6182,
        -0.1556 -0.0205 -0.6182,
        -0.1516 -0.0406 -0.6182,
        -0.1450 -0.0601 -0.6182,
        -0.1359 -0.0785 -0.6182,
        -0.1245 -0.0955 -0.6182,
        -0.1110 -0.1110 -0.6182,
        -0.0955 -0.1245 -0.6182,
        -0.0785 -0.1359 -0.6182,
        -0.0601 -0.1450 -0.6182,
        -0.0406 -0.1516 -0.6182,
        -0.0205 -0.1556 -0.6182,
        -0.0000 -0.1569 -0.6182,
        0.0205 -0.1556 -0.6182,
        0.0406 -0.1516 -0.6182,
        0.0601 -0.1450 -0.6182,
        0.0785 -0.1359 -0.6182,
        0.0955 -0.1245 -0.6182,
        0.1110 -0.1110 -0.6182,
        0.1245 -0.0955 -0.6182,
        0.1359 -0.0785 -0.6182,
        0.1450 -0.0601 -0.6182,
        0.1516 -0.0406 -0.6182,
        0.1556 -0.0205 -0.6182,
        0.1575 0.0000 -0.6142,
        0.1561 0.0206 -0.6142,
        0.1521 0.0408 -0.6142,
        0.1455 0.0603 -0.6142,
        0.1364 0.0787 -0.6142,
        0.1249 0.0959 -0.6142,
        0.1114 0.1114 -0.6142,
        0.0959 0.1249 -0.6142,
        0.0787 0.1364 -0.6142,
        0.0603 0.1455 -0.6142,
        0.0408 0.1521 -0.6142,
        0.0206 0.1561 -0.6142,
        0.0000 0.1575 -0.6142,
        -0.0206 0.1561 -0.6142,
        -0.0408 0.1521 -0.6142,
        -0.0603 0.1455 -0.6142,
        -0.0787 0.1364 -0.6142,
        -0.0959 0.1249 -0.6142,
        -0.1114 0.1114 -0.6142,
        -0.1249 0.0959 -0.6142,
        -0.1364 0.0787 -0.6142,
        -0.1455 0.0603 -0.6142,
        -0.1521 0.0408 -0.6142,
        -0.1561 0.0206 -0.6142,
        -0.1575 0.0000 -0.6142,
        -0.1561 -0.0206 -0.6142,
        -0.1521 -0.0408 -0.6142,
        -0.1455 -0.0603 -0.6142,
        -0.1364 -0.0787 -0.6142,
        -0.1249 -0.0959 -0.6142,
        -0.1114 -0.1114 -0.6142,
        -0.0959 -0.1249 -0.6142,
        -0.0787 -0.1364 -0.6142,
        -0.0603 -0.1455 -0.6142,
        -0.0408 -0.1521 -0.6142,
        -0.0206 -0.1561 -0.6142,
        -0.0000 -0.1575 -0.6142,
        0.0206 -0.1561 -0.6142,
        0.0408 -0.1521 -0.6142,
        0.0603 -0.1455 -0.6142,
        0.0787 -0.1364 -0.6142,
        0.0959 -0.1249 -0.6142,
        0.1114 -0.1114 -0.6142,
        0.1249 -0.0959 -0.6142,
        0.1364 -0.0787 -0.6142,
        0.1455 -0.0603 -0.6142,
        0.1521 -0.0408 -0.6142,
        0.1561 -0.0206 -0.6142,
        0.1575 0.0000 0.6142,
        0.1561 0.0206 0.6142,
        0.1521 0.0408 0.6142,
        0.1455 0.0603 0.6142,
        0.1364 0.0787 0.6142,
        0.1249 0.0959 0.6142,
        0.1114 0.1114 0.6142,
        0.0959 0.1249 0.6142,
        0.0787 0.1364 0.6142,
        0.0603 0.1455 0.6142,
        0.0408 0.1521 0.6142,
        0.0206 0.1561 0.6142,
        0.0000 0.1575 0.6142,
        -0.0206 0.1561 0.6142,
        -0.0408 0.1521 0.6142,
        -0.0603 0.1455 0.6142,
        -0.0787 0.1364 0.6142,
        -0.0959 0.1249 0.6142,
        -0.1114 0.1114 0.6142,
        -0.1249 0.0959 0.6142,
        -0.1364 0.0787 0.6142,
        -0.1455 0.0603 0.6142,
        -0.1521 0.0408 0.6142,
        -0.1561 0.0206 0.6142,
        -0.1575 0.0000 0.6142,
        -0.1561 -0.0206 0.6142,
        -0.1521 -0.0408 0.6142,
        -0.1455 -0.0603 0.6142,
        -0.1364 -0.0787 0.6142,
        -0.1249 -0.0959 0.6142,
        -0.1114 -0.1114 0.6142,
        -0.0959 -0.1249 0.6142,
        -0.0787 -0.1364 0.6142,
        -0.0603 -0.1455 0.6142,
        -0.0408 -0.1521 0.6142,
        -0.0206 -0.1561 0.6142,
        -0.0000 -0.1575 0.6142,
        0.0206 -0.1561 0.6142,
        0.0408 -0.1521 0.6142,
        0.0603 -0.1455 0.6142,
        0.0787 -0.1364 0.6142,
        0.0959 -0.1249 0.6142,
        0.1114 -0.1114 0.6142,
        0.1249 -0.0959 0.6142,
        0.1364 -0.0787 0.6142,
        0.1455 -0.0603 0.6142,
        0.1521 -0.0408 0.6142,
        0.1561 -0.0206 0.6142,
        0.1569 0.0000 0.6182,
        0.1556 0.0205 0.6182,
        0.1516 0.0406 0.6182,
        0.1450 0.0601 0.6182,
        0.1359 0.0785 0.6182,
        0.1245 0.0955 0.6182,
        0.1110 0.1110 0.6182,
        0.0955 0.1245 0.6182,
        0.0785 0.1359 0.6182,
        0.0601 0.1450 0.6182,
        0.0406 0.1516 0.6182,
        0.0205 0.1556 0.6182,
        0.0000 0.1569 0.6182,
        -0.0205 0.1556 0.6182,
        -0.0406 0.1516 0.6182,
        -0.0601 0.1450 0.6182,
        -0.0785 0.1359 0.6182,
        -0.0955 0.1245 0.6182,
        -0.1110 0.1110 0.6182,
        -0.1245 0.0955 0.6182,
        -0.1359 0.0785 0.6182,
        -0.1450 0.0601 0.6182,
        -0.1516 0.0406 0.6182,
        -0.1556 0.0205 0.6182,
        -0.1569 0.0000 0.6182,
        -0.1556 -0.0205 0.6182,
        -0.1516 -0.0406 0.6182,
        -0.1450 -0.0601 0.6182,
        -0.1359 -0.0785 0.6182,
        -0.1245 -0.0955 0.6182,
        -0.1110 -0.1110 0.6182,
        -0.0955 -0.1245 0.6182,
        -0.0785 -0.1359 0.6182,
        -0.0601 -0.1450 0.6182,
        -0.0406 -0.1516 0.6182,
        -0.0205 -0.1556 0.6182,
        -0.0000 -0.1569 0.6182,
        0.0205 -0.1556 0.6182,
        0.0406 -0.1516 0.6182,
        0.0601 -0.1450 0.6182,
        0.0785 -0.1359 0.6182,
        0.0955 -0.1245 0.6182,
        0.1110 -0.1110 0.6182,
        0.1245 -0.0955 0.6182,
        0.1359 -0.0785 0.6182,
        0.1450 -0.0601 0.6182,
        0.1516 -0.0406 0.6182,
        0.1556 -0.0205 0.6182,
        0.1554 0.0000 0.6220,
        0.1540 0.0203 0.6220,
        0.1501 0.0402 0.6220,
        0.1435 0.0595 0.6220,
        0.1346 0.0777 0.6220,
        0.1233 0.0946 0.6220,
        0.1099 0.1099 0.6220,
        0.0946 0.1233 0.6220,
        0.0777 0.1346 0.6220,
        0.0595 0.1435 0.6220,
        0.0402 0.1501 0.6220,
        0.0203 0.1540 0.6220,
        0.0000 0.1554 0.6220,
        -0.0203 0.1540 0.6220,
        -0.0402 0.1501 0.6220,
        -0.0595 0.1435 0.6220,
        -0.0777 0.1346 0.6220,
        -0.0946 0.1233 0.6220,
        -0.1099 0.1099 0.6220,
        -0.1233 0.0946 0.6220,
        -0.1346 0.0777 0.6220,
        -0.1435 0.0595 0.6220,
        -0.1501 0.0402 0.6220,
        -0.1540 0.0203 0.6220,
        -0.1554 0.0000 0.6220,
        -0.1540 -0.0203 0.6220,
        -0.1501 -0.0402 0.6220,
        -0.1435 -0.0595 0.6220,
        -0.1346 -0.0777 0.6220,
        -0.1233 -0.0946 0.6220,
        -0.1099 -0.1099 0.6220,
        -0.0946 -0.1233 0.6220,
        -0.0777 -0.1346 0.6220,
        -0.0595 -0.1435 0.6220,
        -0.0402 -0.1501 0.6220,
        -0.0203 -0.1540 0.6220,
        -0.0000 -0.1554 0.6220,
        0.0203 -0.1540 0.6220,
        0.0402 -0.1501 0.6220,
        0.0595 -0.1435 0.6220,
        0.0777 -0.1346 0.6220,
        0.0946 -0.1233 0.6220,
        0.1099 -0.1099 0.6220,
        0.1233 -0.0946 0.6220,
        0.1346 -0.0777 0.6220,
        0.1435 -0.0595 0.6220,
        0.1501 -0.0402 0.6220,
        0.1540 -0.0203 0.6220,
        0.1529 0.0000 0.6253,
        0.1516 0.0200 0.6253,
        0.1477 0.0396 0.6253,
        0.1412 0.0585 0.6253,
        0.1324 0.0764 0.6253,
        0.1213 0.0931 0.6253,
        0.1081 0.1081 0.6253,
        0.0931 0.1213 0.6253,
        0.0764 0.1324 0.6253,
        0.0585 0.1412 0.6253,
        0.0396 0.1477 0.6253,
        0.0200 0.1516 0.6253,
        0.0000 0.1529 0.6253,
        -0.0200 0.1516 0.6253,
        -0.0396 0.1477 0.6253,
        -0.0585 0.1412 0.6253,
        -0.0764 0.1324 0.6253,
        -0.0931 0.1213 0.6253,
        -0.1081 0.1081 0.6253,
        -0.1213 0.0931 0.6253,
        -0.1324 0.0764 0.6253,
        -0.1412 0.0585 0.6253,
        -0.1477 0.0396 0.6253,
        -0.1516 0.0200 0.6253,
        -0.1529 0.0000 0.6253,
        -0.1516 -0.0200 0.6253,
        -0.1477 -0.0396 0.6253,
        -0.1412 -0.0585 0.6253,
        -0.1324 -0.0764 0.6253,
        -0.1213 -0.0931 0.6253,
        -0.1081 -0.1081 0.6253,
        -0.0931 -0.1213 0.6253,
        -0.0764 -0.1324 0.6253,
        -0.0585 -0.1412 0.6253,
        -0.0396 -0.1477 0.6253,
        -0.0200 -0.1516 0.6253,
        -0.0000 -0.1529 0.6253,
        0.0200 -0.1516 0.6253,
        0.0396 -0.1477 0.6253,
        0.0585 -0.1412 0.6253,
        0.0764 -0.1324 0.6253,
        0.0931 -0.1213 0.6253,
        0.1081 -0.1081 0.6253,
        0.1213 -0.0931 0.6253,
        0.1324 -0.0764 0.6253,
        0.1412 -0.0585 0.6253,
        0.1477 -0.0396 0.6253,
        0.1516 -0.0200 0.6253,
        0.1496 0.0000 0.6278,
        0.1483 0.0195 0.6278,
        0.1445 0.0387 0.6278,
        0.1382 0.0573 0.6278,
        0.1296 0.0748 0.6278,
        0.1187 0.0911 0.6278,
        0.1058 0.1058 0.6278,
        0.0911 0.1187 0.6278,
        0.0748 0.1296 0.6278,
        0.0573 0.1382 0.6278,
        0.0387 0.1445 0.6278,
        0.0195 0.1483 0.6278,
        0.0000 0.1496 0.6278,
        -0.0195 0.1483 0.6278,
        -0.0387 0.1445 0.6278,
        -0.0573 0.1382 0.6278,
        -0.0748 0.1296 0.6278,
        -0.0911 0.1187 0.6278,
        -0.1058 0.1058 0.6278,
        -0.1187 0.0911 0.6278,
        -0.1296 0.0748 0.6278,
        -0.1382 0.0573 0.6278,
        -0.1445 0.0387 0.6278,
        -0.1483 0.0195 0.6278,
        -0.1496 0.0000 0.6278,
        -0.1483 -0.0195 0.6278,
        -0.1445 -0.0387 0.6278,
        -0.1382 -0.0573 0.6278,
        -0.1296 -0.0748 0.6278,
        -0.1187 -0.0911 0.6278,
        -0.1058 -0.1058 0.6278,
        -0.0911 -0.1187 0.6278,
        -0.0748 -0.1296 0.6278,
        -0.0573 -0.1382 0.6278,
        -0.0387 -0.1445 0.6278,
        -0.0195 -0.1483 0.6278,
        -0.0000 -0.1496 0.6278,
        0.0195 -0.1483 0.6278,
        0.0387 -0.1445 0.6278,
        0.0573 -0.1382 0.6278,
        0.0748 -0.1296 0.6278,
        0.0911 -0.1187 0.6278,
        0.1058 -0.1058 0.6278,
        0.1187 -0.0911 0.6278,
        0.1296 -0.0748 0.6278,
        0.1382 -0.0573 0.6278,
        0.1445 -0.0387 0.6278,
        0.1483 -0.0195 0.6278,
        0.1458 0.0000 0.6294,
        0.1446 0.0190 0.6294,
        0.1408 0.0377 0.6294,
        0.1347 0.0558 0.6294,
        0.1263 0.0729 0.6294,
        0.1157 0.0888 0.6294,
        0.1031 0.1031 0.6294,
        0.0888 0.1157 0.6294,
        0.0729 0.1263 0.6294,
        0.0558 0.1347 0.6294,
        0.0377 0.1408 0.6294,
        0.0190 0.1446 0.6294,
        0.0000 0.1458 0.6294,
        -0.0190 0.1446 0.6294,
        -0.0377 0.1408 0.6294,
        -0.0558 0.1347 0.6294,
        -0.0729 0.1263 0.6294,
        -0.0888 0.1157 0.6294,
        -0.1031 0.1031 0.6294,
        -0.1157 0.0888 0.6294,
        -0.1263 0.0729 0.6294,
        -0.1347 0.0558 0.6294,
        -0.1408 0.0377 0.6294,
        -0.1446 0.0190 0.6294,
        -0.1458 0.0000 0.6294,
        -0.1446 -0.0190 0.6294,
        -0.1408 -0.0377 0.6294,
        -0.1347 -0.0558 0.6294,
        -0.1263 -0.0729 0.6294,
        -0.1157 -0.0888 0.6294,
        -0.1031 -0.1031 0.6294,
        -0.0888 -0.1157 0.6294,
        -0.0729 -0.1263 0.6294,
        -0.0558 -0.1347 0.6294,
        -0.0377 -0.1408 0.6294,
        -0.0190 -0.1446 0.6294,
        -0.0000 -0.1458 0.6294,
        0.0190 -0.1446 0.6294,
        0.0377 -0.1408 0.6294,
        0.0558 -0.1347 0.6294,
        0.0729 -0.1263 0.6294,
        0.0888 -0.1157 0.6294,
        0.1031 -0.1031 0.6294,
        0.1157 -0.0888 0.6294,
        0.1263 -0.0729 0.6294,
        0.1347 -0.0558 0.6294,
        0.1408 -0.0377 0.6294,
        0.1446 -0.0190 0.6294,
        0.1417 0.0000 0.6299,
        0.1405 0.0185 0.6299,
        0.1369 0.0367 0.6299,
        0.1309 0.0542 0.6299,
        0.1227 0.0709 0.6299,
        0.1124 0.0863 0.6299,
        0.1002 0.1002 0.6299,
        0.0863 0.1124 0.6299,
        0.0709 0.1227 0.6299,
        0.0542 0.1309 0.6299,
        0.0367 0.1369 0.6299,
        0.0185 0.1405 0.6299,
        0.0000 0.1417 0.6299,
        -0.0185 0.1405 0.6299,
        -0.0367 0.1369 0.6299,
        -0.0542 0.1309 0.6299,
        -0.0709 0.1227 0.6299,
        -0.0863 0.1124 0.6299,
        -0.1002 0.1002 0.6299,
        -0.1124 0.0863 0.6299,
        -0.1227 0.0709 0.6299,
        -0.1309 0.0542 0.6299,
        -0.1369 0.0367 0.6299,
        -0.1405 0.0185 0.6299,
        -0.1417 0.0000 0.6299,
        -0.1405 -0.0185 0.6299,
        -0.1369 -0.0367 0.6299,
        -0.1309 -0.0542 0.6299,
        -0.1227 -0.0709 0.6299,
        -0.1124 -0.0863 0.6299,
        -0.1002 -0.1002 0.6299,
        -0.0863 -0.1124 0.6299,
        -0.0709 -0.1227 0.6299,
        -0.0542 -0.1309 0.6299,
        -0.0367 -0.1369 0.6299,
        -0.0185 -0.1405 0.6299,
        -0.0000 -0.1417 0.6299,
        0.0185 -0.1405 0.6299,
        0.0367 -0.1369 0.6299,
        0.0542 -0.1309 0.6299,
        0.0709 -0.1227 0.6299,
        0.0863 -0.1124 0.6299,
        0.1002 -0.1002 0.6299,
        0.1124 -0.0863 0.6299,
        0.1227 -0.0709 0.6299,
        0.1309 -0.0542 0.6299,
        0.1369 -0.0367 0.6299,
        0.1405 -0.0185 0.6299,
        0.0000 0.0000 -0.6299,
        0.0000 0.0000 0.6299
    ] }
    coordIndex [
        0, 1, 49, 48, -1,
        1, 2, 50, 49, -1,
        2, 3, 51, 50, -1,
        3, 4, 52, 51, -1,
        4, 5, 53, 52, -1,
        5, 6, 54, 53, -1,
        6, 7, 55, 54, -1,
        7, 8, 56, 55, -1,
        8, 9, 57, 56, -1,
        9, 10, 58, 57, -1,
        10, 11, 59, 58, -1,
        11, 12, 60, 59, -1,
        12, 13, 61, 60, -1,
        13, 14, 62, 61, -1,
        14, 15, 63, 62, -1,
        15, 16, 64, 63, -1,
        16, 17, 65, 64, -1,
        17, 18, 66, 65, -1,
        18, 19, 67, 66, -1,
        19, 20, 68, 67, -1,
        20, 21, 69, 68, -1,
        21, 22, 70, 69, -1,
        22, 23, 71, 70, -1,
        23, 24, 72, 71, -1,
        24, 25, 73, 72, -1,
        25, 26, 74, 73, -1,
        26, 27, 75, 74, -1,
        27, 28, 76, 75, -1,
        28, 29, 77, 76, -1,
        29, 30, 78, 77, -1,
        30, 31, 79, 78, -1,
        31, 32, 80, 79, -1,
        32, 33, 81, 80, -1,
        33, 34, 82, 81, -1,
        34, 35, 83, 82, -1,
        35, 36, 84, 83, -1,
        36, 37, 85, 84, -1,
        37, 38, 86, 85, -1,
        38, 39, 87, 86, -1,
        39, 40, 88, 87, -1,
        40, 41, 89, 88, -1,
        41, 42, 90, 89, -1,
        42, 43, 91, 90, -1,
        43, 44, 92, 91, -1,
        44, 45, 93, 92, -1,
        45, 46, 94, 93, -1,
        46, 47, 95, 94, -1,
        47, 0, 48, 95, -1,
        48, 49, 97, 96, -1,
        49, 50, 98, 97, -1,
        50, 51, 99, 98, -1,
        51, 52, 100, 99, -1,
        52, 53, 101, 100, -1,
        53, 54, 102, 101, -1,
        54, 55, 103, 102, -1,
        55, 56, 104, 103, -1,
        56, 57, 105, 104, -1,
        57, 58, 106, 105, -1,
        58, 59, 107, 106, -1,
        59, 60, 108, 107, -1,
        60, 61, 109, 108, -1,
        61, 62, 110, 109, -1,
        62, 63, 111, 110, -1,
        63, 64, 112, 111, -1,
        64, 65, 113, 112, -1,
        65, 66, 114, 113, -1,
        66, 67, 115, 114, -1,
        67, 68, 116, 115, -1,
        68, 69, 117, 116, -1,
        69, 70, 118, 117, -1,
        70, 71, 119, 118, -1,
        71, 72, 120, 119, -1,
        72, 73, 121, 120, -1,
        73, 74, 122, 121, -1,
        74, 75, 123, 122, -1,
        75, 76, 124, 123, -1,
        76, 77, 125, 124, -1,
        77, 78, 126, 125, -1,
        78, 79, 127, 126, -1,
        79, 80, 128, 127, -1,
        80, 81, 129, 128, -1,
        81, 82, 130, 129, -1,
        82, 83, 131, 130, -1,
        83, 84, 132, 131, -1,
        84, 85, 133, 132, -1,
        85, 86, 134, 133, -1,
        86, 87, 135, 134, -1,
        87, 88, 136, 135, -1,
        88, 89, 137, 136, -1,
        89, 90, 138, 137, -1,
        90, 91, 139, 138, -1,
        91, 92, 140, 139, -1,
        92, 93, 141, 140, -1,
        93, 94, 142, 141, -1,
        94, 95, 143, 142, -1,
        95, 48, 96, 143, -1,
        96, 97, 145, 144, -1,
        97, 98, 146, 145, -1,
        98, 99, 147, 146, -1,
        99, 100, 148, 147, -1,
        100, 101, 149, 148, -1,
        101, 102, 150, 149, -1,
        102, 103, 151, 150, -1,
        103, 104, 152, 151, -1,
        104, 105, 153, 152, -1,
        105, 106, 154, 153, -1,
        106, 107, 155, 154, -1,
        107, 108, 156, 155, -1,
        108, 109, 157, 156, -1,
        109, 110, 158, 157, -1,
        110, 111, 159, 158, -1,
        111, 112, 160, 159, -1,
        112, 113, 161, 160, -1,
        113, 114, 162, 161, -1,
        114, 115, 163, 162, -1,
        115, 116, 164, 163, -1,
        116, 117, 165, 164, -1,
        117, 118, 166, 165, -1,
        118, 119, 167, 166, -1,
        119, 120, 168, 167, -1,
        120, 121, 169, 168, -1,
        121, 122, 170, 169, -1,
        122, 123, 171, 170, -1,
        123, 124, 172, 171, -1,
        124, 125, 173, 172, -1,
        125, 126, 174, 173, -1,
        126, 127, 175, 174, -1,
        127, 128, 176, 175, -1,
        128, 129, 177, 176, -1,
        129, 130, 178, 177, -1,
        130, 131, 179, 178, -1,
        131, 132, 180, 179, -1,
        132, 133, 181, 180, -1,
        133, 134, 182, 181, -1,
        134, 135, 183, 182, -1,
        135, 136, 184, 183, -1,
        136, 137, 185, 184, -1,
        137, 138, 186, 185, -1,
        138, 139, 187, 186, -1,
        139, 140, 188, 187, -1,
        140, 141, 189, 188, -1,
        141, 142, 190, 189, -1,
        142, 143, 191, 190, -1,
        143, 96, 144, 191, -1,
        144, 145, 193, 192, -1,
        145, 146, 194, 193, -1,
        146, 147, 195, 194, -1,
        147, 148, 196, 195, -1,
        148, 149, 197, 196, -1,
        149, 150, 198, 197, -1,
        150, 151, 199, 198, -1,
        151, 152, 200, 199, -1,
        152, 153, 201, 200, -1,
        153, 154, 202, 201, -1,
        154, 155, 203, 202, -1,
        155, 156, 204, 203, -1,
        156, 157, 205, 204, -1,
        157, 158, 206, 205, -1,
        158, 159, 207, 206, -1,
        159, 160, 208, 207, -1,
        160, 161, 209, 208, -1,
        161, 162, 210, 209, -1,
        162, 163, 211, 210, -1,
        163, 164, 212, 211, -1,
        164, 165, 213, 212, -1,
        165, 166, 214, 213, -1,
        166, 167, 215, 214, -1,
        167, 168, 216, 215, -1,
        168, 169, 217, 216, -1,
        169, 170, 218, 217, -1,
        170, 171, 219, 218, -1,
        171, 172, 220, 219, -1,
        172, 173, 221, 220, -1,
        173, 174, 222, 221, -1,
        174, 175, 223, 222, -1,
        175, 176, 224, 223, -1,
        176, 177, 225, 224, -1,
        177, 178, 226, 225, -1,
        178, 179, 227, 226, -1,
        179, 180, 228, 227, -1,
        180, 181, 229, 228, -1,
        181, 182, 230, 229, -1,
        182, 183, 231, 230, -1,
        183, 184, 232, 231, -1,
        184, 185, 233, 232, -1,
        185, 186, 234, 233, -1,
        186, 187, 235, 234, -1,
        187, 188, 236, 235, -1,
        188, 189, 237, 236, -1,
        189, 190, 238, 237, -1,
        190, 191, 239, 238, -1,
        191, 144, 192, 239, -1,
        192, 193, 241, 240, -1,
        193, 194, 242, 241, -1,
        194, 195, 243, 242, -1,
        195, 196, 244, 243, -1,
        196, 197, 245, 244, -1,
        197, 198, 246, 245, -1,
        198, 199, 247, 246, -1,
        199, 200, 248, 247, -1,
        200, 201, 249, 248, -1,
        201, 202, 250, 249, -1,
        202, 203, 251, 250, -1,
        203, 204, 252, 251, -1,
        204, 205, 253, 252, -1,
        205, 206, 254, 253, -1,
        206, 207, 255, 254, -1,
        207, 208, 256, 255, -1,
        208, 209, 257, 256, -1,
        209, 210, 258, 257, -1,
        210, 211, 259, 258, -1,
        211, 212, 260, 259, -1,
        212, 213, 261, 260, -1,
        213, 214, 262, 261, -1,
        214, 215, 263, 262, -1,
        215, 216, 264, 263, -1,
        216, 217, 265, 264, -1,
        217, 218, 266, 265, -1,
        218, 219, 267, 266, -1,
        219, 220, 268, 267, -1,
        220, 221, 269, 268, -1,
        221, 222, 270, 269, -1,
        222, 223, 271, 270, -1,
        223, 224, 272, 271, -1,
        224, 225, 273, 272, -1,
        225, 226, 274, 273, -1,
        226, 227, 275, 274, -1,
        227, 228, 276, 275, -1,
        228, 229, 277, 276, -1,
        229, 230, 278, 277, -1,
        230, 231, 279, 278, -1,
        231, 232, 280, 279, -1,
        232, 233, 281, 280, -1,
        233, 234, 282, 281, -1,
        234, 235, 283, 282, -1,
        235, 236, 284, 283, -1,
        236, 237, 285, 284, -1,
        237, 238, 286, 285, -1,
        238, 239, 287, 286, -1,
        239, 192, 240, 287, -1,
        240, 241, 289, 288, -1,
        241, 242, 290, 289, -1,
        242, 243, 291, 290, -1,
        243, 244, 292, 291, -1,
        244, 245, 293, 292, -1,
        245, 246, 294, 293, -1,
        246, 247, 295, 294, -1,
        247, 248, 296, 295, -1,
        248, 249, 297, 296, -1,
        249, 250, 298, 297, -1,
        250, 251, 299, 298, -1,
        251, 252, 300, 299, -1,
        252, 253, 301, 300, -1,
        253, 254, 302, 301, -1,
        254, 255, 303, 302, -1,
        255, 256, 304, 303, -1,
        256, 257, 305, 304, -1,
        257, 258, 306, 305, -1,
        258, 259, 307, 306, -1,
        259, 260, 308, 307, -1,
        260, 261, 309, 308, -1,
        261, 262, 310, 309, -1,
        262, 263, 311, 310, -1,
        263, 264, 312, 311, -1,
        264, 265, 313, 312, -1,
        265, 266, 314, 313, -1,
        266, 267, 315, 314, -1,
        267, 268, 316, 315, -1,
        268, 269, 317, 316, -1,
        269, 270, 318, 317, -1,
        270, 271, 319, 318, -1,
        271, 272, 320, 319, -1,
        272, 273, 321, 320, -1,
        273, 274, 322, 321, -1,
        274, 275, 323, 322, -1,
        275, 276, 324, 323, -1,
        276, 277, 325, 324, -1,
        277, 278, 326, 325, -1,
        278, 279, 327, 326, -1,
        279, 280, 328, 327, -1,
        280, 281, 329, 328, -1,
        281, 282, 330, 329, -1,
        282, 283, 331, 330, -1,
        283, 284, 332, 331, -1,
        284, 285, 333, 332, -1,
        285, 286, 334, 333, -1,
        286, 287, 335, 334, -1,
        287, 240, 288, 335, -1,
        288, 289, 337, 336, -1,
        289, 290, 338, 337, -1,
        290, 291, 339, 338, -1,
        291, 292, 340, 339, -1,
        292, 293, 341, 340, -1,
        293, 294, 342, 341, -1,
        294, 295, 343, 342, -1,
        295, 296, 344, 343, -1,
        296, 297, 345, 344, -1,
        297, 298, 346, 345, -1,
        298, 299, 347, 346, -1,
        299, 300, 348, 347, -1,
        300, 301, 349, 348, -1,
        301, 302, 350, 349, -1,
        302, 303, 351, 350, -1,
        303, 304, 352, 351, -1,
        304, 305, 353, 352, -1,
        305, 306, 354, 353, -1,
        306, 307, 355, 354, -1,
        307, 308, 356, 355, -1,
        308, 309, 357, 356, -1,
        309, 310, 358, 357, -1,
        310, 311, 359, 358, -1,
        311, 312, 360, 359, -1,
        312, 313, 361, 360, -1,
        313, 314, 362, 361, -1,
        314, 315, 363, 362, -1,
        315, 316, 364, 363, -1,
        316, 317, 365, 364, -1,
        317, 318, 366, 365, -1,
        318, 319, 367, 366, -1,
        319, 320, 368, 367, -1,
        320, 321, 369, 368, -1,
        321, 322, 370, 369, -1,
        322, 323, 371, 370, -1,
        323, 324, 372, 371, -1,
        324, 325, 373, 372, -1,
        325, 326, 374, 373, -1,
        326, 327, 375, 374, -1,
        327, 328, 376, 375, -1,
        328, 329, 377, 376, -1,
        329, 330, 378, 377, -1,
        330, 331, 379, 378, -1,
        331, 332, 380, 379, -1,
        332, 333, 381, 380, -1,
        333, 334, 382, 381, -1,
        334, 335, 383, 382, -1,
        335, 288, 336, 383, -1,
        336, 337, 385, 384, -1,
        337, 338, 386, 385, -1,
        338, 339, 387, 386, -1,
        339, 340, 388, 387, -1,
        340, 341, 389, 388, -1,
        341, 342, 390, 389, -1,
        342, 343, 391, 390, -1,
        343, 344, 392, 391, -1,
        344, 345, 393, 392, -1,
        345, 346, 394, 393, -1,
        346, 347, 395, 394, -1,
        347, 348, 396, 395, -1,
        348, 349, 397, 396, -1,
        349, 350, 398, 397, -1,
        350, 351, 399, 398, -1,
        351, 352, 400, 399, -1,
        352, 353, 401, 400, -1,
        353, 354, 402, 401, -1,
        354, 355, 403, 402, -1,
        355, 356, 404, 403, -1,
        356, 357, 405, 404, -1,
        357, 358, 406, 405, -1,
        358, 359, 407, 406, -1,
        359, 360, 408, 407, -1,
        360, 361, 409, 408, -1,
        361, 362, 410, 409, -1,
        362, 363, 411, 410, -1,
        363, 364, 412, 411, -1,
        364, 365, 413, 412, -1,
        365, 366, 414, 413, -1,
        366, 367, 415, 414, -1,
        367, 368, 416, 415, -1,
        368, 369, 417, 416, -1,
        369, 370, 418, 417, -1,
        370, 371, 419, 418, -1,
        371, 372, 420, 419, -1,
        372, 373, 421, 420, -1,
        373, 374, 422, 421, -1,
        374, 375, 423, 422, -1,
        375, 376, 424, 423, -1,
        376, 377, 425, 424, -1,
        377, 378, 426, 425, -1,
        378, 379, 427, 426, -1,
        379, 380, 428, 427, -1,
        380, 381, 429, 428, -1,
        381, 382, 430, 429, -1,
        382, 383, 431, 430, -1,
        383, 336, 384, 431, -1,
        384, 385, 433, 432, -1,
        385, 386, 434, 433, -1,
        386, 387, 435, 434, -1,
        387, 388, 436, 435, -1,
        388, 389, 437, 436, -1,
        389, 390, 438, 437, -1,
        390, 391, 439, 438, -1,
        391, 392, 440, 439, -1,
        392, 393, 441, 440, -1,
        393, 394, 442, 441, -1,
        394, 395, 443, 442, -1,
        395, 396, 444, 443, -1,
        396, 397, 445, 444, -1,
        397, 398, 446, 445, -1,
        398, 399, 447, 446, -1,
        399, 400, 448, 447, -1,
        400, 401, 449, 448, -1,
        401, 402, 450, 449, -1,
        402, 403, 451, 450, -1,
        403, 404, 452, 451, -1,
        404, 405, 453, 452, -1,
        405, 406, 454, 453, -1,
        406, 407, 455, 454, -1,
        407, 408, 456, 455, -1,
        408, 409, 457, 456, -1,
        409, 410, 458, 457, -1,
        410, 411, 459, 458, -1,
        411, 412, 460, 459, -1,
        412, 413, 461, 460, -1,
        413, 414, 462, 461, -1,
        414, 415, 463, 462, -1,
        415, 416, 464, 463, -1,
        416, 417, 465, 464, -1,
        417, 418, 466, 465, -1,
        418, 419, 467, 466, -1,
        419, 420, 468, 467, -1,
        420, 421, 469, 468, -1,
        421, 422, 470, 469, -1,
        422, 423, 471, 470, -1,
        423, 424, 472, 471, -1,
        424, 425, 473, 472, -1,
        425, 426, 474, 473, -1,
        426, 427, 475, 474, -1,
        427, 428, 476, 475, -1,
        428, 429, 477, 476, -1,
        429, 430, 478, 477, -1,
        430, 431, 479, 478, -1,
        431, 384, 432, 479, -1,
        432, 433, 481, 480, -1,
        433, 434, 482, 481, -1,
        434, 435, 483, 482, -1,
        435, 436, 484, 483, -1,
        436, 437, 485, 484, -1,
        437, 438, 486, 485, -1,
        438, 439, 487, 486, -1,
        439, 440, 488, 487, -1,
        440, 441, 489, 488, -1,
        441, 442, 490, 489, -1,
        442, 443, 491, 490, -1,
        443, 444, 492, 491, -1,
        444, 445, 493, 492, -1,
        445, 446, 494, 493, -1,
        446, 447, 495, 494, -1,
        447, 448, 496, 495, -1,
        448, 449, 497, 496, -1,
        449, 450, 498, 497, -1,
        450, 451, 499, 498, -1,
        451, 452, 500, 499, -1,
        452, 453, 501, 500, -1,
        453, 454, 502, 501, -1,
        454, 455, 503, 502, -1,
        455, 456, 504, 503, -1,
        456, 457, 505, 504, -1,
        457, 458, 506, 505, -1,
        458, 459, 507, 506, -1,
        459, 460, 508, 507, -1,
        460, 461, 509, 508, -1,
        461, 462, 510, 509, -1,
        462, 463, 511, 510, -1,
        463, 464, 512, 511, -1,
        464, 465, 513, 512, -1,
        465, 466, 514, 513, -1,
        466, 467, 515, 514, -1,
        467, 468, 516, 515, -1,
        468, 469, 517, 516, -1,
        469, 470, 518, 517, -1,
        470, 471, 519, 518, -1,
        471, 472, 520, 519, -1,
        472, 473, 521, 520, -1,
        473, 474, 522, 521, -1,
        474, 475, 523, 522, -1,
        475, 476, 524, 523, -1,
        476, 477, 525, 524, -1,
        477, 478, 526, 525, -1,
        478, 479, 527, 526, -1,
        479, 432, 480, 527, -1,
        480, 481, 529, 528, -1,
        481, 482, 530, 529, -1,
        482, 483, 531, 530, -1,
        483, 484, 532, 531, -1,
        484, 485, 533, 532, -1,
        485, 486, 534, 533, -1,
        486, 487, 535, 534, -1,
        487, 488, 536, 535, -1,
        488, 489, 537, 536, -1,
        489, 490, 538, 537, -1,
        490, 491, 539, 538, -1,
        491, 492, 540, 539, -1,
        492, 493, 541, 540, -1,
        493, 494, 542, 541, -1,
        494, 495, 543, 542, -1,
        495, 496, 544, 543, -1,
        496, 497, 545, 544, -1,
        497, 498, 546, 545, -1,
        498, 499, 547, 546, -1,
        499, 500, 548, 547, -1,
        500, 501, 549, 548, -1,
        501, 502, 550, 549, -1,
        502, 503, 551, 550, -1,
        503, 504, 552, 551, -1,
        504, 505, 553, 552, -1,
        505, 506, 554, 553, -1,
        506, 507, 555, 554, -1,
        507, 508, 556, 555, -1,
        508, 509, 557, 556, -1,
        509, 510, 558, 557, -1,
        510, 511, 559, 558, -1,
        511, 512, 560, 559, -1,
        512, 513, 561, 560, -1,
        513, 514, 562, 561, -1,
        514, 515, 563, 562, -1,
        515, 516, 564, 563, -1,
        516, 517, 565, 564, -1,
        517, 518, 566, 565, -1,
        518, 519, 567, 566, -1,
        519, 520, 568, 567, -1,
        520, 521, 569, 568, -1,
        521, 522, 570, 569, -1,
        522, 523, 571, 570, -1,
        523, 524, 572, 571, -1,
        524, 525, 573, 572, -1,
        525, 526, 574, 573, -1,
        526, 527, 575, 574, -1,
        527, 480, 528, 575, -1,
        528, 529, 577, 576, -1,
        529, 530, 578, 577, -1,
        530, 531, 579, 578, -1,
        531, 532, 580, 579, -1,
        532, 533, 581, 580, -1,
        533, 534, 582, 581, -1,
        534, 535, 583, 582, -1,
        535, 536, 584, 583, -1,
        536, 537, 585, 584, -1,
        537, 538, 586, 585, -1,
        538, 539, 587, 586, -1,
        539, 540, 588, 587, -1,
        540, 541, 589, 588, -1,
        541, 542, 590, 589, -1,
        542, 543, 591, 590, -1,
        543, 544, 592, 591, -1,
        544, 545, 593, 592, -1,
        545, 546, 594, 593, -1,
        546, 547, 595, 594, -1,
        547, 548, 596, 595, -1,
        548, 549, 597, 596, -1,
        549, 550, 598, 597, -1,
        550, 551, 599, 598, -1,
        551, 552, 600, 599, -1,
        552, 553, 601, 600, -1,
        553, 554, 602, 601, -1,
        554, 555, 603, 602, -1,
        555, 556, 604, 603, -1,
        556, 557, 605, 604, -1,
        557, 558, 606, 605, -1,
        558, 559, 607, 606, -1,
        559, 560, 608, 607, -1,
        560, 561, 609, 608, -1,
        561, 562, 610, 609, -1,
        562, 563, 611, 610, -1,
        563, 564, 612, 611, -1,
        564, 565, 613, 612, -1,
        565, 566, 614, 613, -1,
        566, 567, 615, 614, -1,
        567, 568, 616, 615, -1,
        568, 569, 617, 616, -1,
        569, 570, 618, 617, -1,
        570, 571, 619, 618, -1,
        571, 572, 620, 619, -1,
        572, 573, 621, 620, -1,
        573, 574, 622, 621, -1,
        574, 575, 623, 622, -1,
        575, 528, 576, 623, -1,
        576, 577, 625, 624, -1,
        577, 578, 626, 625, -1,
        578, 579, 627, 626, -1,
        579, 580, 628, 627, -1,
        580, 581, 629, 628, -1,
        581, 582, 630, 629, -1,
        582, 583, 631, 630, -1,
        583, 584, 632, 631, -1,
        584, 585, 633, 632, -1,
        585, 586, 634, 633, -1,
        586, 587, 635, 634, -1,
        587, 588, 636, 635, -1,
        588, 589, 637, 636, -1,
        589, 590, 638, 637, -1,
        590, 591, 639, 638, -1,
        591, 592, 640, 639, -1,
        592, 593, 641, 640, -1,
        593, 594, 642, 641, -1,
        594, 595, 643, 642, -1,
        595, 596, 644, 643, -1,
        596, 597, 645, 644, -1,
        597, 598, 646, 645, -1,
        598, 599, 647, 646, -1,
        599, 600, 648, 647, -1,
        600, 601, 649, 648, -1,
        601, 602, 650, 649, -1,
        602, 603, 651, 650, -1,
        603, 604, 652, 651, -1,
        604, 605, 653, 652, -1,
        605, 606, 654, 653, -1,
        606, 607, 655, 654, -1,
        607, 608, 656, 655, -1,
        608, 609, 657, 656, -1,
        609, 610, 658, 657, -1,
        610, 611, 659, 658, -1,
        611, 612, 660, 659, -1,
        612, 613, 661, 660, -1,
        613, 614, 662, 661, -1,
        614, 615, 663, 662, -1,
        615, 616, 664, 663, -1,
        616, 617, 665, 664, -1,
        617, 618, 666, 665, -1,
        618, 619, 667, 666, -1,
        619, 620, 668, 667, -1,
        620, 621, 669, 668, -1,
        621, 622, 670, 669, -1,
        622, 623, 671, 670, -1,
        623, 576, 624, 671, -1,
        672, 1, 0, -1,
        673, 624, 625, -1,
        672, 2, 1, -1,
        673, 625, 626, -1,
        672, 3, 2, -1,
        673, 626, 627, -1,
        672, 4, 3, -1,
        673, 627, 628, -1,
        672, 5, 4, -1,
        673, 628, 629, -1,
        672, 6, 5, -1,
        673, 629, 630, -1,
        672, 7, 6, -1,
        673, 630, 631, -1,
        672, 8, 7, -1,
        673, 631, 632, -1,
        672, 9, 8, -1,
        673, 632, 633, -1,
        672, 10, 9, -1,
        673, 633, 634, -1,
        672, 11, 10, -1,
        673, 634, 635, -1,
        672, 12, 11, -1,
        673, 635, 636, -1,
        672, 13, 12, -1,
        673, 636, 637, -1,
        672, 14, 13, -1,
        673, 637, 638, -1,
        672, 15, 14, -1,
        673, 638, 639, -1,
        672, 16, 15, -1,
        673, 639, 640, -1,
        672, 17, 16, -1,
        673, 640, 641, -1,
        672, 18, 17, -1,
        673, 641, 642, -1,
        672, 19, 18, -1,
        673, 642, 643, -1,
        672, 20, 19, -1,
        673, 643, 644, -1,
        672, 21, 20, -1,
        673, 644, 645, -1,
        672, 22, 21, -1,
        673, 645, 646, -1,
        672, 23, 22, -1,
        673, 646, 647, -1,
        672, 24, 23, -1,
        673, 647, 648, -1,
        672, 25, 24, -1,
        673, 648, 649, -1,
        672, 26, 25, -1,
        673, 649, 650, -1,
        672, 27, 26, -1,
        673, 650, 651, -1,
        672, 28, 27, -1,
        673, 651, 652, -1,
        672, 29, 28, -1,
        673, 652, 653, -1,
        672, 30, 29, -1,
        673, 653, 654, -1,
        672, 31, 30, -1,
        673, 654, 655, -1,
        672, 32, 31, -1,
        673, 655, 656, -1,
        672, 33, 32, -1,
        673, 656, 657, -1,
        672, 34, 33, -1,
        673, 657, 658, -1,
        672, 35, 34, -1,
        673, 658, 659, -1,
        672, 36, 35, -1,
        673, 659, 660, -1,
        672, 37, 36, -1,
        673, 660, 661, -1,
        672, 38, 37, -1,
        673, 661, 662, -1,
        672, 39, 38, -1,
        673, 662, 663, -1,
        672, 40, 39, -1,
        673, 663, 664, -1,
        672, 41, 40, -1,
        673, 664, 665, -1,
        672, 42, 41, -1,
        673, 665, 666, -1,
        672, 43, 42, -1,
        673, 666, 667, -1,
        672, 44, 43, -1,
        673, 667, 668, -1,
        672, 45, 44, -1,
        673, 668, 669, -1,
        672, 46, 45, -1,
        673, 669, 670, -1,
        672, 47, 46, -1,
        673, 670, 671, -1,
        672, 0, 47, -1,
        673, 671, 624, -1
    ]
    creaseAngle 0.80
    solid TRUE
  } }
] }
  ]
}
